Id,ProductoBase__c,Estatus__c,antes_ProductCode,antes_Family,antes_Subfamilia__c,antes_Clase__c,nuevo_ProductCode,nuevo_Family,nuevo_Subfamilia__c,nuevo_Clase__c
01t4w00000NulciAAB,01t4w00000NulchAAB,Primary,,G-!DEA Garden,4-Camping & Beach,04-Beach Chairs & Umbrellas,G201017H,G-!DEA Garden,4-Camping & Beach,04-Beach Chairs & Umbrellas
01t4w00000Nuld0AAB,01t4w00000NulczAAB,Primary,,,,,G107007A,P-!DEA Kids,2-Outdoor Toys,01-Outdoor Playsets
01t4w00000NuldBAAR,01t4w00000NuldAAAR,Primary,,,,,G107008A,P-!DEA Kids,2-Outdoor Toys,01-Outdoor Playsets
01t4w00000NuldDAAR,01t4w00000NuldCAAR,Primary,,,,,G107009A,P-!DEA Kids,2-Outdoor Toys,01-Outdoor Playsets
01t4w00000NuldFAAR,01t4w00000NuldEAAR,Primary,,,,,G107010A,P-!DEA Kids,2-Outdoor Toys,01-Outdoor Playsets
01t4w00000Nule2AAB,01t4w00000NulomAAB,Alternative,,,,,H206026F,H-!DEA Home,2-Kitchen & Dining Furniture,04-Bar Stools
01t4w00000NulfqAAB,01t4w00000NulfpAAB,Alternative,,G-!DEA Garden,4-Camping & Beach,04-Beach Chairs & Umbrellas,G201017T,G-!DEA Garden,4-Camping & Beach,04-Beach Chairs & Umbrellas
01t4w00000NulgkAAB,01t4w00000NulgjAAB,Primary,,,,,G107007H,P-!DEA Kids,2-Outdoor Toys,01-Outdoor Playsets
01t4w00000NulgmAAB,01t4w00000NulglAAB,Primary,,,,,G107009H,P-!DEA Kids,2-Outdoor Toys,01-Outdoor Playsets
01t4w00000NulhxAAB,01t4w00000NulhwAAB,Primary,,G-!DEA Garden,5-Folding Furniture,01-Utility Folding Tables (HDPE),G102022J,G-!DEA Garden,5-Folding Furniture,01-Utility Folding Tables (HDPE)
01t4w00000NulipAAB,01t4w00000NulioAAB,Alternative,,,,,G102022S,G-!DEA Garden,5-Folding Furniture,01-Utility Folding Tables (HDPE)
01t4w00000Nulj4AAB,01t4w00000NulomAAB,Primary,,,,,H206026F,H-!DEA Home,2-Kitchen & Dining Furniture,04-Bar Stools
01t4w00000Null1AAB,01t4w00000NuljXAAR,Alternative,,G-!DEA Garden,5-Folding Furniture,01-Utility Folding Tables (HDPE),G101008A,G-!DEA Garden,5-Folding Furniture,01-Utility Folding Tables (HDPE)
01t4w00000NulnXAAR,01t4w00000NulnUAAR,Primary,,,,,H206006B,H-!DEA Home,2-Kitchen & Dining Furniture,04-Bar Stools
01t4w00000NulnaAAB,01t4w00000NulmCAAR,Primary,,,,,H206002B,H-!DEA Home,2-Kitchen & Dining Furniture,04-Bar Stools
01t4w00000NuloDAAR,01t4w00000NulmPAAR,Primary,,,,,G104035H,G-!DEA Garden,1-Outdoor Furniture,02-Outdoor Seating Sets
01t4w00000NulofAAB,01t4w00000NulnRAAR,Primary,,,,,G101007E,G-!DEA Garden,5-Folding Furniture,01-Utility Folding Tables (HDPE)
01t4w00000NulohAAB,01t4w00000NulogAAB,Primary,,,,,G102022A,G-!DEA Garden,5-Folding Furniture,01-Utility Folding Tables (HDPE)
01t4w00000NulqZAAR,01t4w00000NulppAAB,Primary,,,,,H206041B,H-!DEA Home,2-Kitchen & Dining Furniture,04-Bar Stools
01t4w00000NulqbAAB,01t4w00000NulpgAAB,Primary,,,,,H206032B,H-!DEA Home,2-Kitchen & Dining Furniture,04-Bar Stools
01t4w00000NulqiAAB,01t4w00000NulprAAB,Primary,,,,,H206043B,H-!DEA Home,2-Kitchen & Dining Furniture,04-Bar Stools
01t4w00000NulqlAAB,01t4w00000NulpuAAB,Primary,,,,,H206046B,H-!DEA Home,2-Kitchen & Dining Furniture,04-Bar Stools
01t4w00000NulrSAAR,01t4w00000NuljUAAR,Alternative,,,,,G101006A,G-!DEA Garden,5-Folding Furniture,01-Utility Folding Tables (HDPE)
01t4w00000Nuls0AAB,01t4w00000NulrVAAR,Alternative,,,,,G102022H,G-!DEA Garden,5-Folding Furniture,01-Utility Folding Tables (HDPE)
01t4w00000NulzSAAR,01t4w00000NulzUAAR,Primary,,,,,P702002W,P-!DEA Kids,2-Outdoor Toys,01-Outdoor Playsets
01t4w00000Num4AAAR,01t4w00000Num2RAAR,Primary,,,,,P702077W,P-!DEA Kids,2-Outdoor Toys,01-Outdoor Playsets
01t4w00000Num6kAAB,01t4w00000Num59AAB,Primary,,,,,H102026B,H-!DEA Home,3-Office Furniture,02-Desks
01t4w00000Num8gAAB,01t4w00000Num5ZAAR,Primary,,,,,H314010B,H-!DEA Home,1-Living Room Furniture,11-Storage Furniture
01t4w00000NumDEAAZ,01t4w00000Num95AAB,Primary,,,,,P101006W,P-!DEA Kids,2-Outdoor Toys,01-Outdoor Playsets
01t4w00000NumDFAAZ,01t4w00000Num94AAB,Primary,,,,,P101005W,P-!DEA Kids,2-Outdoor Toys,01-Outdoor Playsets
01t4w00000NumDIAAZ,01t4w00000Num9BAAR,Primary,,,,,P101009W,P-!DEA Kids,2-Outdoor Toys,01-Outdoor Playsets
01t4w00000NumDJAAZ,01t4w00000Num93AAB,Primary,,,,,P101004W,P-!DEA Kids,2-Outdoor Toys,01-Outdoor Playsets
01t4w00000NumDKAAZ,01t4w00000Num91AAB,Primary,,,,,P101002W,P-!DEA Kids,2-Outdoor Toys,01-Outdoor Playsets
01t4w00000NumDLAAZ,01t4w00000Num9NAAR,Primary,,,,,P101017W,P-!DEA Kids,2-Outdoor Toys,01-Outdoor Playsets
01t4w00000NumDOAAZ,01t4w00000Num9AAAR,Primary,,,,,P101008W,P-!DEA Kids,2-Outdoor Toys,01-Outdoor Playsets
01t4w00000NumDPAAZ,01t4w00000Num9EAAR,Primary,,,,,P101011W,P-!DEA Kids,2-Outdoor Toys,01-Outdoor Playsets
01t4w00000NumDQAAZ,01t4w00000Num9CAAR,Primary,,,,,P101014W,P-!DEA Kids,2-Outdoor Toys,01-Outdoor Playsets
01t4w00000NumDRAAZ,01t4w00000Num96AAB,Primary,,,,,P101007W,P-!DEA Kids,2-Outdoor Toys,01-Outdoor Playsets
01t4w00000NumDSAAZ,01t4w00000Num92AAB,Primary,,,,,P101003W,P-!DEA Kids,2-Outdoor Toys,01-Outdoor Playsets
01t4w00000NumDTAAZ,01t4w00000Num99AAB,Primary,,,,,P101013W,P-!DEA Kids,2-Outdoor Toys,01-Outdoor Playsets
01t4w00000NumDUAAZ,01t4w00000Num9gAAB,Primary,,,,,P101020W,P-!DEA Kids,2-Outdoor Toys,01-Outdoor Playsets
01t4w00000NumDXAAZ,01t4w00000Num8yAAB,Primary,,,,,P101001W,P-!DEA Kids,2-Outdoor Toys,01-Outdoor Playsets
01t4w00000NumDYAAZ,01t4w00000Num97AAB,Primary,,,,,P101010W,P-!DEA Kids,2-Outdoor Toys,01-Outdoor Playsets
01t4w00000NumDZAAZ,01t4w00000Num9hAAB,Primary,,,,,P101021W,P-!DEA Kids,2-Outdoor Toys,01-Outdoor Playsets
01t4w00000NumDaAAJ,01t4w00000Num98AAB,Primary,,,,,P101012W,P-!DEA Kids,2-Outdoor Toys,01-Outdoor Playsets
01t4w00000NumDbAAJ,01t4w00000Num9IAAR,Primary,,,,,P101015W,P-!DEA Kids,2-Outdoor Toys,01-Outdoor Playsets
01t4w00000NumDcAAJ,01t4w00000Num9JAAR,Primary,,,,,P101016W,P-!DEA Kids,2-Outdoor Toys,01-Outdoor Playsets
01t4w00000NumDdAAJ,01t4w00000Num9OAAR,Primary,,,,,P101018W,P-!DEA Kids,2-Outdoor Toys,01-Outdoor Playsets
01t4w00000NumDeAAJ,01t4w00000Num9WAAR,Primary,,,,,P101019W,P-!DEA Kids,2-Outdoor Toys,01-Outdoor Playsets
01t4w00000NumDyAAJ,01t4w00000Num2sAAB,Primary,,,,,P702097W,P-!DEA Kids,2-Outdoor Toys,01-Outdoor Playsets
01t4w00000NumE2AAJ,01t4w00000Num2rAAB,Primary,,,,,P702096W,P-!DEA Kids,2-Outdoor Toys,01-Outdoor Playsets
01t4w00000NumE3AAJ,01t4w00000Num2tAAB,Primary,,,,,P702098W,P-!DEA Kids,2-Outdoor Toys,01-Outdoor Playsets
01t4w00000NumIgAAJ,01t4w00000NumIfAAJ,Alternative,,,,,G101008T,G-!DEA Garden,5-Folding Furniture,01-Utility Folding Tables (HDPE)
01t4w00000NumLEAAZ,01t4w00000NumIfAAJ,Primary,,,,,G101008T,G-!DEA Garden,5-Folding Furniture,01-Utility Folding Tables (HDPE)
01t4w00000NumQIAAZ,01t4w00000NumQHAAZ,Primary,,,,,H311051B,P-!DEA Kids,1-Kids' furniture,01-Kids' Chairs & tables
01t4w00000NumQKAAZ,01t4w00000NumQJAAZ,Primary,,,,,H311052B,P-!DEA Kids,1-Kids' furniture,01-Kids' Chairs & tables
01t4w00000NumVIAAZ,01t4w00000NumVHAAZ,Primary,,,,,H206026B,H-!DEA Home,2-Kitchen & Dining Furniture,04-Bar Stools
01t4w00000NumVNAAZ,01t4w00000NumVHAAZ,Alternative,,,,,H206026B,H-!DEA Home,2-Kitchen & Dining Furniture,04-Bar Stools
01t4w00000NumVPAAZ,01t4w00000NulpuAAB,Alternative,,,,,H206046B,H-!DEA Home,2-Kitchen & Dining Furniture,04-Bar Stools
01t4w00000NumVYAAZ,01t4w00000NulmCAAR,Alternative,,,,,H206002B,H-!DEA Home,2-Kitchen & Dining Furniture,04-Bar Stools
01t4w00000NumWKAAZ,01t4w00000NumWJAAZ,Alternative,,,,,G102022Z,G-!DEA Garden,5-Folding Furniture,01-Utility Folding Tables (HDPE)
01t4w00000NumdNAAR,01t4w00000NumGQAAZ,Primary,,,,,B301006C,B-!DEA Heating & Fan,1-Fans,02-Desk & Floor Fans
01t4w00000NumdOAAR,01t4w00000NumGPAAZ,Primary,,,,,B301005C,B-!DEA Heating & Fan,1-Fans,02-Desk & Floor Fans
01t4w00000NumdXAAR,01t4w00000NumbRAAR,Primary,,,,,B301044C,B-!DEA Heating & Fan,1-Fans,02-Desk & Floor Fans
01t4w00000NumdxAAB,01t4w00000NumbHAAR,Alternative,,B-!DEA Heating & Fan,1-Fans,02-Desk & Floor Fans,B301033C,B-!DEA Heating & Fan,1-Fans,02-Desk & Floor Fans
01t4w00000NumebAAB,01t4w00000NumbcAAB,Primary,,,,,B301041C,B-!DEA Heating & Fan,1-Fans,01-Stand & Tower Fans
01t4w00000NumgsAAB,01t4w00000NumaoAAB,Primary,,,,,P101022W,P-!DEA Kids,2-Outdoor Toys,01-Outdoor Playsets
01t4w00000NumgtAAB,01t4w00000Numb5AAB,Primary,,,,,P101027W,P-!DEA Kids,2-Outdoor Toys,01-Outdoor Playsets
01t4w00000Numh1AAB,01t4w00000NumaqAAB,Primary,,,,,P101023W,P-!DEA Kids,2-Outdoor Toys,01-Outdoor Playsets
01t4w00000Numh9AAB,01t4w00000Numb0AAB,Primary,,,,,P101024W,P-!DEA Kids,2-Outdoor Toys,01-Outdoor Playsets
01t4w00000NumhAAAR,01t4w00000Numb1AAB,Primary,,,,,P101025W,P-!DEA Kids,2-Outdoor Toys,01-Outdoor Playsets
01t4w00000NumhBAAR,01t4w00000Numb4AAB,Alternative,,,,,P101026W,P-!DEA Kids,2-Outdoor Toys,01-Outdoor Playsets
01t4w00000NumhFAAR,01t4w00000NumeSAAR,Primary,,,,,P101041W,P-!DEA Kids,2-Outdoor Toys,01-Outdoor Playsets
01t4w00000NumhOAAR,01t4w00000NumdyAAB,Primary,,,,,P101030W,P-!DEA Kids,2-Outdoor Toys,01-Outdoor Playsets
01t4w00000NumhQAAR,01t4w00000NumdmAAB,Primary,,,,,P101028W,P-!DEA Kids,2-Outdoor Toys,01-Outdoor Playsets
01t4w00000NumhRAAR,01t4w00000NumdoAAB,Primary,,,,,P101029W,P-!DEA Kids,2-Outdoor Toys,01-Outdoor Playsets
01t4w00000NumhSAAR,01t4w00000NumeDAAR,Primary,,,,,P101033W,P-!DEA Kids,2-Outdoor Toys,01-Outdoor Playsets
01t4w00000NumhTAAR,01t4w00000NumeAAAR,Primary,,,,,P101035W,P-!DEA Kids,2-Outdoor Toys,01-Outdoor Playsets
01t4w00000NumhUAAR,01t4w00000Nume5AAB,Primary,,,,,P101031W,P-!DEA Kids,2-Outdoor Toys,01-Outdoor Playsets
01t4w00000NumhbAAB,01t4w00000Nume9AAB,Primary,,,,,P101032W,P-!DEA Kids,2-Outdoor Toys,01-Outdoor Playsets
01t4w00000NumhcAAB,01t4w00000NumdZAAR,Primary,,,,,P101036W,P-!DEA Kids,2-Outdoor Toys,01-Outdoor Playsets
01t4w00000NumheAAB,01t4w00000Nume6AAB,Primary,,,,,P101034W,P-!DEA Kids,2-Outdoor Toys,01-Outdoor Playsets
01t4w00000NumhtAAB,01t4w00000NumePAAR,Primary,,,,,P101037W,P-!DEA Kids,2-Outdoor Toys,01-Outdoor Playsets
01t4w00000NumhzAAB,01t4w00000NumeWAAR,Primary,,,,,P101043W,P-!DEA Kids,2-Outdoor Toys,01-Outdoor Playsets
01t4w00000Numi0AAB,01t4w00000NumeQAAR,Primary,,,,,P101038W,P-!DEA Kids,2-Outdoor Toys,01-Outdoor Playsets
01t4w00000Numi1AAB,01t4w00000NumeTAAR,Primary,,,,,P101040W,P-!DEA Kids,2-Outdoor Toys,01-Outdoor Playsets
01t4w00000Numi3AAB,01t4w00000NumeRAAR,Primary,,,,,P101039W,P-!DEA Kids,2-Outdoor Toys,01-Outdoor Playsets
01t4w00000NumiKAAR,01t4w00000NumeUAAR,Primary,,,,,P101042W,P-!DEA Kids,2-Outdoor Toys,01-Outdoor Playsets
01t4w00000NumigAAB,01t4w00000NumecAAB,Primary,,,,,P101044W,P-!DEA Kids,2-Outdoor Toys,01-Outdoor Playsets
01t4w00000NumihAAB,01t4w00000NumedAAB,Primary,,,,,P101045W,P-!DEA Kids,2-Outdoor Toys,01-Outdoor Playsets
01t4w00000NumpcAAB,01t4w00000Numm4AAB,Primary,,,,,P101046W,P-!DEA Kids,2-Outdoor Toys,01-Outdoor Playsets
01t4w00000NumpeAAB,01t4w00000NummEAAR,Primary,,,,,P101054W,P-!DEA Kids,2-Outdoor Toys,01-Outdoor Playsets
01t4w00000NumphAAB,01t4w00000Numm9AAB,Primary,,,,,P101047W,P-!DEA Kids,2-Outdoor Toys,01-Outdoor Playsets
01t4w00000NumpqAAB,01t4w00000NummAAAR,Primary,,,,,P101048W,P-!DEA Kids,2-Outdoor Toys,01-Outdoor Playsets
01t4w00000NumqAAAR,01t4w00000Numm1AAB,Primary,,,,,P101049W,P-!DEA Kids,2-Outdoor Toys,01-Outdoor Playsets
01t4w00000NumqJAAR,01t4w00000NummJAAR,Primary,,,,,P101050W,P-!DEA Kids,2-Outdoor Toys,01-Outdoor Playsets
01t4w00000NumqNAAR,01t4w00000NummHAAR,Primary,,,,,P101051W,P-!DEA Kids,2-Outdoor Toys,01-Outdoor Playsets
01t4w00000NumqQAAR,01t4w00000NummBAAR,Primary,,,,,P101052W,P-!DEA Kids,2-Outdoor Toys,01-Outdoor Playsets
01t4w00000NumqXAAR,01t4w00000NummCAAR,Primary,,,,,P101053W,P-!DEA Kids,2-Outdoor Toys,01-Outdoor Playsets
01t4w00000Nun74AAB,01t4w00000Nun36AAB,Primary,,,,,G301008A,G-!DEA Garden,3-Outdoor Cooking,01-Charcoal Grills
01t4w00000Nun7NAAR,01t4w00000Nun3MAAR,Primary,,,,,G301013A,G-!DEA Garden,3-Outdoor Cooking,02-Gas Grills
01t4w00000Nun8dAAB,01t4w00000Num8kAAB,Alternative,,,,,G101008S-21,G-!DEA Garden,5-Folding Furniture,01-Utility Folding Tables (HDPE)
01t4w00000Nun8iAAB,01t4w00000NulnRAAR,Alternative,,,,,G101007E,G-!DEA Garden,5-Folding Furniture,01-Utility Folding Tables (HDPE)
01t4w00000Nun8mAAB,01t4w00000NuljXAAR,Primary,,G-!DEA Garden,5-Folding Furniture,01-Utility Folding Tables (HDPE),G101008A,G-!DEA Garden,5-Folding Furniture,01-Utility Folding Tables (HDPE)
01t4w00000Nun8xAAB,01t4w00000NulehAAB,Primary,,,,,G101018T,G-!DEA Garden,5-Folding Furniture,01-Utility Folding Tables (HDPE)
01t4w00000NunBDAAZ,01t4w00000NunBCAAZ,Primary,,,,,G101008Q,G-!DEA Garden,5-Folding Furniture,01-Utility Folding Tables (HDPE)
01t4w00000NunCqAAJ,01t4w00000NunCpAAJ,Primary,,,,,B301026C,B-!DEA Heating & Fan,1-Fans,01-Stand & Tower Fans
01t4w00000NunE0AAJ,01t4w00000NunDzAAJ,Alternative,,,,,G101008H,G-!DEA Garden,5-Folding Furniture,01-Utility Folding Tables (HDPE)
01t4w00000NunIOAAZ,01t4w00000NunINAAZ,Primary,,,,,G102022F,G-!DEA Garden,5-Folding Furniture,01-Utility Folding Tables (HDPE)
01t4w00000NunIuAAJ,01t4w00000NunItAAJ,Primary,,G-!DEA Garden,5-Folding Furniture,02-Folding Chairs,G101031A,G-!DEA Garden,5-Folding Furniture,02-Folding Chairs
01t4w00000NunIwAAJ,01t4w00000NunIvAAJ,Alternative,,G-!DEA Garden,5-Folding Furniture,01-Utility Folding Tables (HDPE),G101032A,G-!DEA Garden,5-Folding Furniture,01-Utility Folding Tables (HDPE)
01t4w00000NunJ4AAJ,01t4w00000NunJ3AAJ,Primary,,,,,H406038B,H-!DEA Home,4-Storage & Organization,05-Shelving Units
01t4w00000NunJEAAZ,01t4w00000NunJDAAZ,Primary,,,,,H406043B,H-!DEA Home,4-Storage & Organization,05-Shelving Units
01t4w00000NunMjAAJ,01t4w00000NumtUAAR,Primary,,,,,P101056W,P-!DEA Kids,2-Outdoor Toys,01-Outdoor Playsets
01t4w00000NunMkAAJ,01t4w00000NumtTAAR,Primary,,,,,P101055W,P-!DEA Kids,2-Outdoor Toys,01-Outdoor Playsets
01t4w00000NunMlAAJ,01t4w00000NumtVAAR,Primary,,,,,P101057W,P-!DEA Kids,2-Outdoor Toys,01-Outdoor Playsets
01t4w00000NunMmAAJ,01t4w00000NumtYAAR,Primary,,,,,P101059W,P-!DEA Kids,2-Outdoor Toys,01-Outdoor Playsets
01t4w00000NunMnAAJ,01t4w00000NumtnAAB,Primary,,,,,P101068W,P-!DEA Kids,2-Outdoor Toys,01-Outdoor Playsets
01t4w00000NunMoAAJ,01t4w00000NumtXAAR,Primary,,,,,P101058W,P-!DEA Kids,2-Outdoor Toys,01-Outdoor Playsets
01t4w00000NunMpAAJ,01t4w00000NumtZAAR,Primary,,,,,P101060W,P-!DEA Kids,2-Outdoor Toys,01-Outdoor Playsets
01t4w00000NunMqAAJ,01t4w00000NumtaAAB,Primary,,,,,P101061W,P-!DEA Kids,2-Outdoor Toys,01-Outdoor Playsets
01t4w00000NunMrAAJ,01t4w00000NumtbAAB,Primary,,,,,P101062W,P-!DEA Kids,2-Outdoor Toys,01-Outdoor Playsets
01t4w00000NunMsAAJ,01t4w00000NumtcAAB,Primary,,,,,P101063W,P-!DEA Kids,2-Outdoor Toys,01-Outdoor Playsets
01t4w00000NunMtAAJ,01t4w00000NumtdAAB,Primary,,,,,P101064W,P-!DEA Kids,2-Outdoor Toys,01-Outdoor Playsets
01t4w00000NunMuAAJ,01t4w00000NumteAAB,Primary,,,,,P101065W,P-!DEA Kids,2-Outdoor Toys,01-Outdoor Playsets
01t4w00000NunMvAAJ,01t4w00000NumtfAAB,Primary,,,,,P101066W,P-!DEA Kids,2-Outdoor Toys,01-Outdoor Playsets
01t4w00000NunMwAAJ,01t4w00000NumtqAAB,Primary,,,,,P101070W,P-!DEA Kids,2-Outdoor Toys,01-Outdoor Playsets
01t4w00000NunMxAAJ,01t4w00000NumtrAAB,Primary,,,,,P101071W,P-!DEA Kids,2-Outdoor Toys,01-Outdoor Playsets
01t4w00000NunMyAAJ,01t4w00000NumtjAAB,Primary,,,,,P101067W,P-!DEA Kids,2-Outdoor Toys,01-Outdoor Playsets
01t4w00000NunMzAAJ,01t4w00000NumtoAAB,Primary,,,,,P101069W,P-!DEA Kids,2-Outdoor Toys,01-Outdoor Playsets
01t4w00000NunReAAJ,01t4w00000NumWJAAZ,Primary,,,,,G102022Z,G-!DEA Garden,5-Folding Furniture,01-Utility Folding Tables (HDPE)
01t4w00000NunSsAAJ,01t4w00000Numb4AAB,Primary,,,,,P101026W,P-!DEA Kids,2-Outdoor Toys,01-Outdoor Playsets
01t4w00000NunTeAAJ,01t4w00000NunTdAAJ,Primary,,,,,G102022E,G-!DEA Garden,5-Folding Furniture,01-Utility Folding Tables (HDPE)
01t4w00000NunWAAAZ,01t4w00000NunDzAAJ,Primary,,,,,G101008H,G-!DEA Garden,5-Folding Furniture,01-Utility Folding Tables (HDPE)
01t4w00000NunWBAAZ,01t4w00000NulrVAAR,Primary,,,,,G102022H,G-!DEA Garden,5-Folding Furniture,01-Utility Folding Tables (HDPE)
01t4w00000NunWpAAJ,01t4w00000NulmPAAR,Alternative,,,,,G104035H,G-!DEA Garden,1-Outdoor Furniture,02-Outdoor Seating Sets
01t4w00000NunfyAAB,01t4w00000Nung9AAB,Primary,,,,,P101074W,P-!DEA Kids,2-Outdoor Toys,01-Outdoor Playsets
01t4w00000Nung8AAB,01t4w00000Nung6AAB,Primary,,,,,P101072W,P-!DEA Kids,2-Outdoor Toys,01-Outdoor Playsets
01t4w00000NungBAAR,01t4w00000NungAAAR,Primary,,,,,P101073W,P-!DEA Kids,2-Outdoor Toys,01-Outdoor Playsets
01t4w00000Nuo4YAAR,01t4w00000Nuo4XAAR,Primary,,,,,H102088B,H-!DEA Home,3-Office Furniture,02-Desks
01t4w00000Nuo4yAAB,01t4w00000Nuo53AAB,Primary,,,,,H102096B,H-!DEA Home,3-Office Furniture,02-Desks
01t4w00000Nuo5AAAR,01t4w00000Nuo59AAB,Primary,,,,,H102100B,H-!DEA Home,3-Office Furniture,02-Desks
01t4w00000Nuo5OAAR,01t4w00000Nuo5NAAR,Primary,,,,,H102107B,H-!DEA Home,3-Office Furniture,02-Desks
01t4w00000Nuo84AAB,01t4w00000Nuo83AAB,Primary,,,,,H206070B,H-!DEA Home,2-Kitchen & Dining Furniture,04-Bar Stools
01t4w00000Nuo88AAB,01t4w00000Nuo87AAB,Primary,,,,,H206072B,H-!DEA Home,2-Kitchen & Dining Furniture,04-Bar Stools
01t4w00000Nuo8CAAR,01t4w00000Nuo8BAAR,Primary,,,,,H206074B,H-!DEA Home,2-Kitchen & Dining Furniture,04-Bar Stools
01t4w00000Nuo8EAAR,01t4w00000Nuo8DAAR,Primary,,,,,H206075B,H-!DEA Home,2-Kitchen & Dining Furniture,04-Bar Stools
01t4w00000Nuo8KAAR,01t4w00000Nuo8JAAR,Primary,,,,,H206078B,H-!DEA Home,2-Kitchen & Dining Furniture,04-Bar Stools
01t4w00000Nuo8MAAR,01t4w00000Nuo8LAAR,Primary,,,,,H206079B,H-!DEA Home,2-Kitchen & Dining Furniture,04-Bar Stools
01t4w00000Nuo8SAAR,01t4w00000Nuo8RAAR,Primary,,,,,H206080B,H-!DEA Home,2-Kitchen & Dining Furniture,04-Bar Stools
01t4w00000Nuo9MAAR,01t4w00000Nuo9KAAR,Alternative,,,,,G108153A,G-!DEA Garden,1-Outdoor Furniture,02-Outdoor Seating Sets
01t4w00000NuoA1AAJ,01t4w00000NuoA0AAJ,Primary,,,,,G101008E,G-!DEA Garden,5-Folding Furniture,01-Utility Folding Tables (HDPE)
01t4w00000NuoBlAAJ,01t4w00000NuoBjAAJ,Primary,,,,,H102131B,H-!DEA Home,3-Office Furniture,02-Desks
01t4w00000NuoDSAAZ,01t4w00000NuoDQAAZ,Alternative,,,,,H309074B,H-!DEA Home,1-Living Room Furniture,06-Sofa Beds
01t4w00000NuoEFAAZ,01t4w00000NunIvAAJ,Alternative,,G-!DEA Garden,5-Folding Furniture,01-Utility Folding Tables (HDPE),G101032A,G-!DEA Garden,5-Folding Furniture,01-Utility Folding Tables (HDPE)
01t4w00000NuoEVAAZ,01t4w00000NuoEUAAZ,Alternative,,,,,G102022Y,G-!DEA Garden,5-Folding Furniture,01-Utility Folding Tables (HDPE)
01t4w00000NuoEXAAZ,01t4w00000NuoEWAAZ,Primary,,,,,G101008Y,G-!DEA Garden,5-Folding Furniture,01-Utility Folding Tables (HDPE)
01t4w00000NuoHxAAJ,01t4w00000NuoEUAAZ,Primary,,,,,G102022Y,G-!DEA Garden,5-Folding Furniture,01-Utility Folding Tables (HDPE)
01t4w00000NuoLOAAZ,01t4w00000NuoLNAAZ,Primary,,,,,B301100C,B-!DEA Heating & Fan,1-Fans,01-Stand & Tower Fans
01t4w00000NuoLWAAZ,01t4w00000NuoLUAAZ,Primary,,,,,B301103C,B-!DEA Heating & Fan,1-Fans,02-Desk & Floor Fans
01t4w00000NuoLwAAJ,01t4w00000NuoLvAAJ,Alternative,,,,,G102022T,G-!DEA Garden,5-Folding Furniture,01-Utility Folding Tables (HDPE)
01t4w00000NuyWxAAJ,01t4w00000NuyWjAAJ,Alternative,,,,,H314153B,H-!DEA Home,1-Living Room Furniture,11-Storage Furniture
01t4w00000NvEkfAAF,01t4w00000NvEkaAAF,Primary,,,,,G101069A,G-!DEA Garden,5-Folding Furniture,01-Utility Folding Tables (HDPE)
01t4w00000NvLfNAAV,01t4w00000Nuo9KAAR,Alternative,,,,,G108153A,G-!DEA Garden,1-Outdoor Furniture,02-Outdoor Seating Sets
01t4w00000NvMEoAAN,01t4w00000NvMEnAAN,Primary,,,,,G110112A,G-!DEA Garden,1-Outdoor Furniture,03-Outdoor Chairs & Loungers
01t4w00000NvMPMAA3,01t4w00000NvMPVAA3,Primary,,,,,G301083A,G-!DEA Garden,3-Outdoor Cooking,06-Kamado Grills
01t4w00000NvMPUAA3,01t4w00000NvMPLAA3,Primary,,,,,G301082A,G-!DEA Garden,3-Outdoor Cooking,06-Kamado Grills
01t4w00000NvMPfAAN,01t4w00000NvMPeAAN,Primary,,,,,G301085A,G-!DEA Garden,3-Outdoor Cooking,06-Kamado Grills
01t4w00000NvMPqAAN,01t4w00000NvMPyAAN,Primary,,,,,G301090A,G-!DEA Garden,3-Outdoor Cooking,06-Kamado Grills
01t4w00000NvMPrAAN,01t4w00000NvMQ3AAN,Primary,,,,,G301091A,G-!DEA Garden,3-Outdoor Cooking,06-Kamado Grills
01t4w00000NvMPvAAN,01t4w00000NvMPuAAN,Primary,,,,,G301088A,G-!DEA Garden,3-Outdoor Cooking,06-Kamado Grills
01t4w00000NvMQBAA3,01t4w00000NvMQAAA3,Primary,,,,,G301094A,G-!DEA Garden,3-Outdoor Cooking,06-Kamado Grills
01t4w00000NvMaKAAV,01t4w00000NvMaFAAV,Primary,,,,,G301099A,G-!DEA Garden,3-Outdoor Cooking,07-Portable & Camping Grills
01t4w00000NvMbrAAF,01t4w00000NvMbmAAF,Primary,,,,,G301115A,G-!DEA Garden,3-Outdoor Cooking,01-Charcoal Grills
01t4w00000NvMcLAAV,01t4w00000NvMamAAF,Primary,,,,,G301120A,G-!DEA Garden,3-Outdoor Cooking,01-Charcoal Grills
01t4w00000NvMg0AAF,01t4w00000NvMhEAAV,Primary,,,,,G301142A,G-!DEA Garden,3-Outdoor Cooking,04-Fire Pits & Fire Tables
01t4w00000NvMg8AAF,01t4w00000NvMh2AAF,Primary,,,,,G301145A,G-!DEA Garden,3-Outdoor Cooking,01-Charcoal Grills
01t4w00000NvMgGAAV,01t4w00000NvMfxAAF,Primary,,,,,G301129A,G-!DEA Garden,3-Outdoor Cooking,01-Charcoal Grills
01t4w00000NvMgMAAV,01t4w00000NvMhJAAV,Primary,,,,,G301143A,G-!DEA Garden,3-Outdoor Cooking,04-Fire Pits & Fire Tables
01t4w00000NvMgaAAF,01t4w00000NvMgQAAV,Primary,,,,,G301131A,G-!DEA Garden,3-Outdoor Cooking,07-Portable & Camping Grills
01t4w00000NvMh1AAF,01t4w00000NvMh0AAF,Primary,,,,,G301139A,G-!DEA Garden,3-Outdoor Cooking,07-Portable & Camping Grills
01t4w00000NvMh4AAF,01t4w00000NvMgRAAV,Primary,,,,,G301140A,G-!DEA Garden,3-Outdoor Cooking,01-Charcoal Grills
01t4w00000NvMhPAAV,01t4w00000NvMhOAAV,Primary,,,,,G301144A,G-!DEA Garden,3-Outdoor Cooking,04-Fire Pits & Fire Tables
01t4w00000NvMhdAAF,01t4w00000NvMhTAAV,Primary,,,,,G301149A,G-!DEA Garden,3-Outdoor Cooking,01-Charcoal Grills
01t4w00000NvN9OAAV,01t4w00000NuoLvAAJ,Primary,,,,,G102022T,G-!DEA Garden,5-Folding Furniture,01-Utility Folding Tables (HDPE)
01t4w00000NvQbRAAV,01t4w00000NvQbaAAF,Primary,,G-!DEA Garden,5-Folding Furniture,01-Utility Folding Tables (HDPE),G101082A,G-!DEA Garden,5-Folding Furniture,01-Utility Folding Tables (HDPE)
01t4w00000PX1kgAAD,01t4w00000NunIvAAJ,Primary,,G-!DEA Garden,5-Folding Furniture,01-Utility Folding Tables (HDPE),G101032A,G-!DEA Garden,5-Folding Furniture,01-Utility Folding Tables (HDPE)
01t4w00000PX1mKAAT,01t4w00000PX1mAAAT,Primary,,G-!DEA Garden,5-Folding Furniture,02-Folding Chairs,G101088A,G-!DEA Garden,5-Folding Furniture,02-Folding Chairs
01t4w00000PX2H3AAL,01t4w00000PX2H2AAL,Primary,,G-!DEA Garden,5-Folding Furniture,04-Folding  Sets (Tables+ Chairs),G101098A,G-!DEA Garden,5-Folding Furniture,04-Folding  Sets (Tables+ Chairs)
01t4w00000PX2HmAAL,01t4w00000PX2HqAAL,Alternative,,G-!DEA Garden,1-Outdoor Furniture,01-Outdoor Dining Sets,G101103A,G-!DEA Garden,1-Outdoor Furniture,01-Outdoor Dining Sets
01tVT000000UFJNYA4,01tVT000000UFG9YAO,Primary,,,,,G502033Y,G-!DEA Garden,2-Outdoor Shades & Structures,02-Pergolas & Gazebos
01tVT000000UFhZYAW,01tVT000000UFZVYA4,Primary,,,,,G106224Y,G-!DEA Garden,2-Outdoor Shades & Structures,04-Umbrellas Accessories
01tVT000000UKUMYA4,01tVT000000UNNNYA4,Primary,,,,,G106228Y,G-!DEA Garden,2-Outdoor Shades & Structures,01-Umbrellas
01tVT000000UM4kYAG,01tVT000000UMcbYAG,Primary,,,,,G106227Y,G-!DEA Garden,2-Outdoor Shades & Structures,01-Umbrellas
01tVT000000UMO5YAO,01tVT000000UMJFYA4,Primary,,,,,G106226Y,G-!DEA Garden,2-Outdoor Shades & Structures,01-Umbrellas
01tVT000000UNP1YAO,01tVT000000UORVYA4,Primary,,,,,G106229Y,G-!DEA Garden,2-Outdoor Shades & Structures,01-Umbrellas
01tVT000000WsZzYAK,01tVT000000WxxpYAC,Primary,,,,,H102152B,H-!DEA Home,3-Office Furniture,02-Desks
01tVT000000WxwDYAS,01tVT000000Wxo9YAC,Primary,,,,,H206098B,H-!DEA Home,2-Kitchen & Dining Furniture,04-Bar Stools
01tVT000000eFegYAE,01tVT000000eJyPYAU,Alternative,,,,,H201167B,H-!DEA Home,2-Kitchen & Dining Furniture,01-Dining Chairs
01tVT0000018MHKYA2,01tVT0000018KgxYAE,Primary,,,,,H101124Y,H-!DEA Home,3-Office Furniture,01-Office Chairs
01tVT000001bG0PYAU,01tVT000001bFE2YAM,Primary,,,,,H102161Y,H-!DEA Home,3-Office Furniture,02-Desks
01tVT000001meQpYAI,01tVT000001mfMsYAI,Primary,,G-!DEA Garden,5-Folding Furniture,01-Utility Folding Tables (HDPE),G101105Y,G-!DEA Garden,5-Folding Furniture,01-Utility Folding Tables (HDPE)
01tVT0000020NebYAE,01t4w00000PX2HqAAL,Primary,,G-!DEA Garden,1-Outdoor Furniture,01-Outdoor Dining Sets,G101103A,G-!DEA Garden,1-Outdoor Furniture,01-Outdoor Dining Sets
01tVT000002Go4XYAS,01tVT000002Go2vYAC,Primary,,,,,H206115B,H-!DEA Home,2-Kitchen & Dining Furniture,04-Bar Stools
01tVT000002wDgVYAU,01tVT000002wHqXYAU,Primary,,,,,G106238A,G-!DEA Garden,2-Outdoor Shades & Structures,01-Umbrellas
01tVT000002wI0DYAU,01tVT000002wDH1YAM,Primary,,,,,G106239A,G-!DEA Garden,2-Outdoor Shades & Structures,04-Umbrellas Accessories
01tVT000002wIEjYAM,01tVT000002wI9tYAE,Primary,,,,,G106240A,G-!DEA Garden,2-Outdoor Shades & Structures,04-Umbrellas Accessories
01tVT000002yo8rYAA,01tVT000002ymewYAA,Alternative,,,,,G108319A,G-!DEA Garden,1-Outdoor Furniture,01-Outdoor Dining Sets
01tVT000002yoQbYAI,01tVT000002yoLlYAI,Primary,,,,,G106245A,G-!DEA Garden,2-Outdoor Shades & Structures,01-Umbrellas
01tVT000002ypBNYAY,01tVT000002yp9lYAA,Primary,,,,,G301154A,G-!DEA Garden,3-Outdoor Cooking,07-Portable & Camping Grills
01tVT0000033kCfYAI,01tVT0000033kB3YAI,Primary,,,,,G108339A,G-!DEA Garden,1-Outdoor Furniture,01-Outdoor Dining Sets
01tVT0000034Wh7YAE,01tVT0000034WdtYAE,Primary,,,,,G106254A,G-!DEA Garden,2-Outdoor Shades & Structures,01-Umbrellas
01tVT0000035HjFYAU,01tVT0000035HePYAU,Primary,,,,,G106256A,G-!DEA Garden,2-Outdoor Shades & Structures,01-Umbrellas
01tVT0000035IiXYAU,01tVT0000035IgvYAE,Primary,,,,,G106261A,G-!DEA Garden,2-Outdoor Shades & Structures,01-Umbrellas
01tVT0000035OO9YAM,01tVT0000035OMXYA2,Primary,,,,,G106263A,G-!DEA Garden,2-Outdoor Shades & Structures,01-Umbrellas
01tVT0000035OuQYAU,01tVT0000035RIoYAM,Primary,,,,,G106266A,G-!DEA Garden,2-Outdoor Shades & Structures,01-Umbrellas
01tVT0000035RM1YAM,01tVT0000035RKPYA2,Primary,,,,,G106265A,G-!DEA Garden,2-Outdoor Shades & Structures,01-Umbrellas
01tVT0000035RfNYAU,01tVT0000035RdlYAE,Primary,,,,,G106267A,G-!DEA Garden,2-Outdoor Shades & Structures,01-Umbrellas
01tVT0000035Rp3YAE,01tVT0000035RnRYAU,Primary,,,,,G106268A,G-!DEA Garden,2-Outdoor Shades & Structures,01-Umbrellas
01tVT0000035Tm1YAE,01tVT0000035SwQYAU,Primary,,,,,G106275A,G-!DEA Garden,2-Outdoor Shades & Structures,04-Umbrellas Accessories
01tVT000003ExPuYAK,01tVT000003F21NYAS,Primary,,,,,G301159A,G-!DEA Garden,3-Outdoor Cooking,01-Charcoal Grills
01tVT000003F6OLYA0,01tVT000003F6JVYA0,Primary,,,,,G301162A,G-!DEA Garden,3-Outdoor Cooking,01-Charcoal Grills
01tVT000003HQijYAG,01tVT000003HOdiYAG,Primary,,,,,G301168A,G-!DEA Garden,3-Outdoor Cooking,04-Fire Pits & Fire Tables
01tVT000003M32LYAS,01tVT000003M2sfYAC,Primary,,,,,B301109C,B-!DEA Heating & Fan,1-Fans,02-Desk & Floor Fans
01tVT000003M3wnYAC,01tVT000003M3qLYAS,Primary,,,,,B301110C,B-!DEA Heating & Fan,1-Fans,01-Stand & Tower Fans
01tVT000003M5CDYA0,01tVT000003M549YAC,Primary,,,,,B301111C,B-!DEA Heating & Fan,1-Fans,02-Desk & Floor Fans
01tVT000003M5fFYAS,01tVT000003M54AYAS,Primary,,,,,B301113C,B-!DEA Heating & Fan,1-Fans,02-Desk & Floor Fans
01tVT000003MBmHYAW,01tVT000003MBeDYAW,Primary,,,,,P101075W,P-!DEA Kids,2-Outdoor Toys,01-Outdoor Playsets
01tVT000003MCNOYA4,01tVT000003M5IhYAK,Primary,,,,,P101078W,P-!DEA Kids,2-Outdoor Toys,01-Outdoor Playsets
01tVT000003MConYAG,01tVT000003MCnBYAW,Primary,,,,,P101076W,P-!DEA Kids,2-Outdoor Toys,01-Outdoor Playsets
01tVT000003MDBNYA4,01tVT000003MB38YAG,Primary,,,,,P101077W,P-!DEA Kids,2-Outdoor Toys,01-Outdoor Playsets
01tVT000003MECHYA4,01tVT000003MEAfYAO,Primary,,,,,P101079W,P-!DEA Kids,2-Outdoor Toys,01-Outdoor Playsets
01tVT000003MkYkYAK,01tVT000003MkYjYAK,Primary,,,,,G301083M,G-!DEA Garden,3-Outdoor Cooking,06-Kamado Grills
01tVT000003MvXPYA0,01tVT000003Mz7yYAC,Alternative,,,,,P101083W,P-!DEA Kids,2-Outdoor Toys,01-Outdoor Playsets
01tVT000003MxqvYAC,01tVT000003MxpJYAS,Primary,,,,,P101080W,P-!DEA Kids,2-Outdoor Toys,01-Outdoor Playsets
01tVT000003My8fYAC,01tVT000003My3pYAC,Primary,,,,,P101081W,P-!DEA Kids,2-Outdoor Toys,01-Outdoor Playsets
01tVT000003Mz37YAC,01tVT000003MyyHYAS,Alternative,,,,,P101082W,P-!DEA Kids,2-Outdoor Toys,01-Outdoor Playsets
01tVT000003N7iEYAS,01tVT000003N8eHYAS,Primary,,,,,P101084W,P-!DEA Kids,2-Outdoor Toys,01-Outdoor Playsets
01tVT000003N945YAC,01tVT000003N8zFYAS,Primary,,,,,P101085W,P-!DEA Kids,2-Outdoor Toys,01-Outdoor Playsets
01tVT000003N9yXYAS,01tVT000003N7WyYAK,Primary,,,,,P101086W,P-!DEA Kids,2-Outdoor Toys,01-Outdoor Playsets
01tVT000003UvYcYAK,01tVT000003Uvf4YAC,Primary,,,,,H206117B,H-!DEA Home,2-Kitchen & Dining Furniture,04-Bar Stools
01tVT000003Ykt8YAC,01tVT000003YmzlYAC,Primary,,,,,H316023B,H-!DEA Home,1-Living Room Furniture,10-Tv Stands & Entertainment
01tVT000003hqjCYAQ,01tVT000003iGaQYAU,Primary,,,,,H105111B,P-!DEA Kids,1-Kids' furniture,01-Kids' Chairs & tables
01tVT000003iIM6YAM,01tVT000003iIvZYAU,Primary,,,,,H105112B,P-!DEA Kids,1-Kids' furniture,03-Kids' Storage
01tVT000003iKPWYA2,01tVT000003iMBBYA2,Alternative,,,,,H105116B,P-!DEA Kids,1-Kids' furniture,03-Kids' Storage
01tVT000003iKe1YAE,01tVT000003iKcPYAU,Primary,,,,,H105113B,P-!DEA Kids,1-Kids' furniture,01-Kids' Chairs & tables
01tVT000003iMntYAE,01tVT000003iMmHYAU,Primary,,,,,H105117B,P-!DEA Kids,1-Kids' furniture,03-Kids' Storage
01tVT000003iMzBYAU,01tVT000003iKSkYAM,Primary,,,,,H105118B,P-!DEA Kids,1-Kids' furniture,03-Kids' Storage
01tVT000003iNK9YAM,01tVT000003iNGvYAM,Primary,,,,,H105119B,P-!DEA Kids,1-Kids' furniture,01-Kids' Chairs & tables
01tVT000003iOjFYAU,01tVT000003iOePYAU,Primary,,,,,H105120B,P-!DEA Kids,1-Kids' furniture,01-Kids' Chairs & tables
01tVT000003iThJYAU,01tVT000003iTB4YAM,Primary,,,,,H105121B,P-!DEA Kids,1-Kids' furniture,01-Kids' Chairs & tables
01tVT000003iU2HYAU,01tVT000003iTz3YAE,Primary,,,,,H105122B,P-!DEA Kids,1-Kids' furniture,03-Kids' Storage
01tVT000003jHJ7YAM,01tVT000003jHHVYA2,Primary,,,,,H311087B,H-!DEA Home,1-Living Room Furniture,08-Recliners
01tVT000003kA7WYAU,01tVT000003kBgHYAU,Primary,,,,,B301128C,B-!DEA Heating & Fan,5-Air Conditioner,02-Air Cooler
01tVT000003kACLYA2,01tVT000003kAAjYAM,Primary,,,,,B301120C,B-!DEA Heating & Fan,1-Fans,02-Desk & Floor Fans
01tVT000003kC4UYAU,01tVT000003kC4TYAU,Primary,,,,,B301131C,B-!DEA Heating & Fan,1-Fans,01-Stand & Tower Fans
01tVT000004Ynf8YAC,01tVT000004YnvFYAS,Primary,,,,,G108405A,G-!DEA Garden,1-Outdoor Furniture,07-Outdoor Benches
01tVT000004jsA1YAI,01tVT000004js8PYAQ,Alternative,,,,,G301170A,G-!DEA Garden,3-Outdoor Cooking,03-Grill Accessories
01tVT000004jsYDYAY,01tVT000004joklYAA,Alternative,,,,,G301173A,G-!DEA Garden,3-Outdoor Cooking,03-Grill Accessories
01tVT000004jsoMYAQ,01tVT000004jstBYAQ,Primary,,,,,G301175A,G-!DEA Garden,3-Outdoor Cooking,03-Grill Accessories
01tVT000005879VYAQ,01tVT000005877tYAA,Primary,,,,,B301147C,B-!DEA Heating & Fan,1-Fans,01-Stand & Tower Fans
01tVT000005SWOfYAO,01tVT000005SWIDYA4,Primary,,,,,G301184A,G-!DEA Garden,3-Outdoor Cooking,01-Charcoal Grills
01tVT000005ckF3YAI,01t4w00000NulnUAAR,Alternative,,,,,H206006B,H-!DEA Home,2-Kitchen & Dining Furniture,04-Bar Stools
01tVT000005cqIrYAI,01t4w00000NulnUAAR,Alternative,,,,,H206006B,H-!DEA Home,2-Kitchen & Dining Furniture,04-Bar Stools
01tVT000005hrRBYAY,01tVT000005hrFuYAI,Primary,,,,,G111110A,G-!DEA Garden,1-Outdoor Furniture,03-Outdoor Chairs & Loungers
01tVT000005hypFYAQ,01tVT000005hyndYAA,Primary,,,,,G110179A,G-!DEA Garden,1-Outdoor Furniture,03-Outdoor Chairs & Loungers
01tVT000005luDZYAY,01tVT000005lu8jYAA,Primary,,,,,G109063A,G-!DEA Garden,3-Outdoor Cooking,04-Fire Pits & Fire Tables
01tVT000005m09JYAQ,01tVT000005m07hYAA,Primary,,,,,G109064A,G-!DEA Garden,3-Outdoor Cooking,04-Fire Pits & Fire Tables
01tVT000005umyLYAQ,01tVT000005umv7YAA,Primary,,,,,G301208A,G-!DEA Garden,3-Outdoor Cooking,01-Charcoal Grills
01tVT000005vPGXYA2,01tVT000005vPEvYAM,Alternative,,,,,G101119S,G-!DEA Garden,5-Folding Furniture,01-Utility Folding Tables (HDPE)
01tVT000005ziPSYAY,01tVT000005zjOkYAI,Primary,,,,,H102186B,H-!DEA Home,3-Office Furniture,02-Desks
01tVT000005zkO1YAI,01tVT000005zkJBYAY,Primary,,,,,H314165B,H-!DEA Home,1-Living Room Furniture,11-Storage Furniture
01tVT00000667RZYAY,01tVT00000667PxYAI,Primary,,,,,G301216A,G-!DEA Garden,3-Outdoor Cooking,01-Charcoal Grills
01tVT0000066BQLYA2,01tVT0000066BLVYA2,Primary,,,,,G301217A,G-!DEA Garden,3-Outdoor Cooking,07-Portable & Camping Grills
01tVT0000066bKpYAI,01tVT0000066gsLYAQ,Primary,,,,,G301222A,G-!DEA Garden,3-Outdoor Cooking,01-Charcoal Grills
01tVT0000066fmbYAA,01tVT0000066fhlYAA,Primary,,,,,G301218A,G-!DEA Garden,3-Outdoor Cooking,07-Portable & Camping Grills
01tVT0000066g5xYAA,01tVT0000066g17YAA,Primary,,,,,G301219A,G-!DEA Garden,3-Outdoor Cooking,07-Portable & Camping Grills
01tVT0000066gCQYAY,01tVT0000066hq1YAA,Primary,,,,,G301227A,G-!DEA Garden,3-Outdoor Cooking,01-Charcoal Grills
01tVT0000066gM5YAI,01tVT0000066gKTYAY,Primary,,,,,G301220A,G-!DEA Garden,3-Outdoor Cooking,01-Charcoal Grills
01tVT0000066gh3YAA,01tVT0000066gcDYAQ,Primary,,,,,G301221A,G-!DEA Garden,3-Outdoor Cooking,07-Portable & Camping Grills
01tVT0000066h6rYAA,01tVT0000066h5FYAQ,Primary,,,,,G301223A,G-!DEA Garden,3-Outdoor Cooking,01-Charcoal Grills
01tVT0000066hJlYAI,01tVT0000066hEvYAI,Primary,,,,,G301224A,G-!DEA Garden,3-Outdoor Cooking,01-Charcoal Grills
01tVT0000066hWfYAI,01tVT0000066hRpYAI,Primary,,,,,G301225A,G-!DEA Garden,3-Outdoor Cooking,01-Charcoal Grills
01tVT0000066hjZYAQ,01tVT0000066hgLYAQ,Primary,,,,,G301226A,G-!DEA Garden,3-Outdoor Cooking,01-Charcoal Grills
01tVT0000066i2vYAA,01tVT0000066i1JYAQ,Primary,,,,,G301228A,G-!DEA Garden,3-Outdoor Cooking,01-Charcoal Grills
01tVT0000069yJFYAY,01tVT0000069xbiYAA,Primary,,,,,H312323B,H-!DEA Home,1-Living Room Furniture,09-Console Tables & Sideboards
01tVT0000069ycbYAA,01tVT0000069yazYAA,Primary,,,,,H314167B,H-!DEA Home,1-Living Room Furniture,11-Storage Furniture
01tVT0000069yj3YAA,01t4w00000NuyWjAAJ,Primary,,,,,H314153B,H-!DEA Home,1-Living Room Furniture,11-Storage Furniture
01tVT0000069yvxYAA,01tVT0000069yuLYAQ,Primary,,,,,H314168B,H-!DEA Home,1-Living Room Furniture,11-Storage Furniture
01tVT0000069zOzYAI,01tVT0000069zNNYAY,Primary,,,,,H314169B,H-!DEA Home,1-Living Room Furniture,11-Storage Furniture
01tVT000006A0JSYA0,01tVT000006A0jFYAS,Primary,,,,,H314170B,H-!DEA Home,1-Living Room Furniture,11-Storage Furniture
01tVT000006A0uXYAS,01tVT0000069uadYAA,Primary,,,,,H314171B,H-!DEA Home,1-Living Room Furniture,11-Storage Furniture
01tVT000006BcmTYAS,01tVT000006BbTuYAK,Primary,,,,,H406106B,H-!DEA Home,4-Storage & Organization,01-Closet Storage
01tVT000006DZpJYAW,01tVT000006DZnhYAG,Primary,,,,,H406107B,H-!DEA Home,4-Storage & Organization,02-Shoe Storage
01tVT000006EFqAYAW,01tVT000006EJXBYA4,Primary,,,,,H312327T,H-!DEA Home,1-Living Room Furniture,02-Coffee & Side & End Tables
01tVT000006EIhZYAW,01tVT000006EFdGYAW,Primary,,,,,H314172T,H-!DEA Home,1-Living Room Furniture,11-Storage Furniture
01tVT000006EJCDYA4,01tVT000006EJAbYAO,Primary,,,,,H313096T,H-!DEA Home,1-Living Room Furniture,11-Storage Furniture
01tVT000006EJLtYAO,01tVT000006EJIfYAO,Primary,,,,,H312326T,H-!DEA Home,1-Living Room Furniture,02-Coffee & Side & End Tables
01tVT000006EK0DYAW,01tVT000006EJvNYAW,Primary,,,,,H210157T,H-!DEA Home,2-Kitchen & Dining Furniture,03-Dining Sets
01tVT000006EKHxYAO,01tVT000006EKD7YAO,Primary,,,,,H210159T,H-!DEA Home,2-Kitchen & Dining Furniture,03-Dining Sets
01tVT000006EKTGYA4,01tVT000006ERcnYAG,Primary,,,,,H406113B,H-!DEA Home,4-Storage & Organization,05-Shelving Units
01tVT000006EKbJYAW,01tVT000006EKY5YAO,Primary,,,,,H101161T,H-!DEA Home,3-Office Furniture,01-Office Chairs
01tVT000006EKufYAG,01tVT000006EGvuYAG,Primary,,,,,H314173T,H-!DEA Home,4-Storage & Organization,05-Shelving Units
01tVT000006EL9BYAW,01tVT000006EL7ZYAW,Primary,,,,,H406108T,H-!DEA Home,4-Storage & Organization,05-Shelving Units
01tVT000006ELIrYAO,01tVT000006ELE1YAO,Primary,,,,,H406109T,H-!DEA Home,4-Storage & Organization,05-Shelving Units
01tVT000006ELifYAG,01tVT000006ELdpYAG,Primary,,,,,H311102T,H-!DEA Home,1-Living Room Furniture,01-Accent Chairs
01tVT000006EQK9YAO,01tVT000006EPkgYAG,Primary,,,,,H406110B,H-!DEA Home,4-Storage & Organization,01-Closet Storage
01tVT000006EQX3YAO,01tVT000006EQVRYA4,Primary,,,,,H406111B,H-!DEA Home,4-Storage & Organization,02-Shoe Storage
01tVT000006ERHpYAO,01tVT000006ERGDYA4,Primary,,,,,H406112B,H-!DEA Home,4-Storage & Organization,05-Shelving Units
01tVT000006ERkrYAG,01tVT000006ERjFYAW,Primary,,,,,H406114B,H-!DEA Home,4-Storage & Organization,05-Shelving Units
01tVT000006F0M1YAK,01tVT000006F0KPYA0,Alternative,,,,,H309167B,H-!DEA Home,1-Living Room Furniture,12-Compressed Sofas
01tVT000006FtSAYA0,01tVT000006Fxp7YAC,Primary,,,,,H212033B,H-!DEA Home,2-Kitchen & Dining Furniture,05-Kitchen Carts & Islands
01tVT000006FtSBYA0,01tVT000006FytFYAS,Primary,,,,,H212035B,H-!DEA Home,2-Kitchen & Dining Furniture,05-Kitchen Carts & Islands
01tVT000006FwUrYAK,01tVT000006FwOPYA0,Primary,,,,,H212028B,H-!DEA Home,2-Kitchen & Dining Furniture,05-Kitchen Carts & Islands
01tVT000006FwhlYAC,01tVT000006Fwg9YAC,Primary,,,,,H212029B,H-!DEA Home,2-Kitchen & Dining Furniture,05-Kitchen Carts & Islands
01tVT000006FwwHYAS,01tVT000006FwufYAC,Primary,,,,,H212030B,H-!DEA Home,2-Kitchen & Dining Furniture,05-Kitchen Carts & Islands
01tVT000006Fx4MYAS,01tVT000006FxPJYA0,Primary,,,,,H212031B,H-!DEA Home,2-Kitchen & Dining Furniture,05-Kitchen Carts & Islands
01tVT000006FxXNYA0,01tVT000006FxVlYAK,Primary,,,,,H212032B,H-!DEA Home,2-Kitchen & Dining Furniture,05-Kitchen Carts & Islands
01tVT000006FymnYAC,01tVT000006FyTRYA0,Primary,,,,,H212034B,H-!DEA Home,2-Kitchen & Dining Furniture,05-Kitchen Carts & Islands
01tVT000006Fz2vYAC,01tVT000006Fz1JYAS,Primary,,,,,H212036B,H-!DEA Home,2-Kitchen & Dining Furniture,05-Kitchen Carts & Islands
01tVT000006FzEDYA0,01tVT000006FzAzYAK,Primary,,,,,H212037B,H-!DEA Home,2-Kitchen & Dining Furniture,05-Kitchen Carts & Islands
01tVT000006FzHSYA0,01tVT000006FzULYA0,Primary,,,,,H212039B,H-!DEA Home,2-Kitchen & Dining Furniture,05-Kitchen Carts & Islands
01tVT000006FzJ3YAK,01tVT000006FzHRYA0,Primary,,,,,H212038B,H-!DEA Home,2-Kitchen & Dining Furniture,05-Kitchen Carts & Islands
01tVT000006GY8jYAG,01tVT000006GY3tYAG,Primary,,,,,H212040B,H-!DEA Home,2-Kitchen & Dining Furniture,05-Kitchen Carts & Islands
01tVT000006GadZYAS,01tVT000006GabxYAC,Primary,,,,,H309168B,H-!DEA Home,1-Living Room Furniture,03-Sofas & Couches
01tVT000006GathYAC,01tVT000006Gas5YAC,Primary,,,,,H309169B,H-!DEA Home,1-Living Room Furniture,06-Sofa Beds
01tVT000006Gb3NYAS,01tVT000006Gb09YAC,Primary,,,,,H309170B,H-!DEA Home,1-Living Room Furniture,06-Sofa Beds
01tVT000006GbBRYA0,01tVT000006Gb9pYAC,Primary,,,,,H311105B,H-!DEA Home,1-Living Room Furniture,01-Accent Chairs
01tVT000006GbJVYA0,01tVT000006GaosYAC,Primary,,,,,H309171B,H-!DEA Home,1-Living Room Furniture,03-Sofas & Couches
01tVT000006GbRZYA0,01tVT000006GbOLYA0,Primary,,,,,H311106B,H-!DEA Home,1-Living Room Furniture,01-Accent Chairs
01tVT000006Gc2fYAC,01tVT000006Gc13YAC,Primary,,,,,H102189B,H-!DEA Home,3-Office Furniture,02-Desks
01tVT000006GcCLYA0,01tVT000006GcAjYAK,Primary,,,,,H101162B,H-!DEA Home,3-Office Furniture,01-Office Chairs
01tVT000006Ge4UYAS,01tVT000006GfIHYA0,Primary,,,,,H102195B,H-!DEA Home,3-Office Furniture,02-Desks
01tVT000006Ge7hYAC,01tVT000006Ge2rYAC,Primary,,,,,H102190B,H-!DEA Home,3-Office Furniture,02-Desks
01tVT000006GeCXYA0,01tVT000006GeAvYAK,Primary,,,,,H102191B,H-!DEA Home,3-Office Furniture,02-Desks
01tVT000006GeMDYA0,01tVT000006GeKbYAK,Primary,,,,,H102192B,H-!DEA Home,3-Office Furniture,02-Desks
01tVT000006GefZYAS,01tVT000006GedxYAC,Primary,,,,,H314174B,H-!DEA Home,1-Living Room Furniture,11-Storage Furniture
01tVT000006GeyvYAC,01tVT000006GexJYAS,Primary,,,,,H102193B,H-!DEA Home,3-Office Furniture,02-Desks
01tVT000006GfBpYAK,01tVT000006Gf8bYAC,Primary,,,,,H102194B,H-!DEA Home,3-Office Furniture,02-Desks
01tVT000006IkDpYAK,01tVT000006Ik7NYAS,Primary,,,,,G501123A,G-!DEA Garden,4-Camping & Beach,04-Beach Chairs & Umbrellas
01tVT000006ImnWYAS,01tVT000006IoJ3YAK,Primary,,,,,H212042B,H-!DEA Home,2-Kitchen & Dining Furniture,05-Kitchen Carts & Islands
01tVT000006Ind7YAC,01tVT000006InZtYAK,Primary,,,,,H212041B,H-!DEA Home,2-Kitchen & Dining Furniture,05-Kitchen Carts & Islands
01tVT000006IoULYA0,01tVT000006IoSjYAK,Primary,,,,,H212043B,H-!DEA Home,2-Kitchen & Dining Furniture,05-Kitchen Carts & Islands
01tVT000006IoyzYAC,01tVT000006Iou9YAC,Primary,,,,,H212044B,H-!DEA Home,2-Kitchen & Dining Furniture,05-Kitchen Carts & Islands
01tVT000006IpWsYAK,01tVT000006IrTpYAK,Primary,,,,,H212047B,H-!DEA Home,2-Kitchen & Dining Furniture,05-Kitchen Carts & Islands
01tVT000006IqcbYAC,01tVT000006IqXlYAK,Primary,,,,,H212045B,H-!DEA Home,2-Kitchen & Dining Furniture,05-Kitchen Carts & Islands
01tVT000006IqpVYAS,01tVT000006IqkfYAC,Primary,,,,,H212046B,H-!DEA Home,2-Kitchen & Dining Furniture,05-Kitchen Carts & Islands
01tVT000006IrdVYAS,01tVT000006IrYfYAK,Primary,,,,,H212048B,H-!DEA Home,2-Kitchen & Dining Furniture,05-Kitchen Carts & Islands
01tVT000006Is05YAC,01tVT000006IrwrYAC,Primary,,,,,H212049B,H-!DEA Home,2-Kitchen & Dining Furniture,05-Kitchen Carts & Islands
01tVT000006IsBNYA0,01tVT000006Is6XYAS,Primary,,,,,H212050B,H-!DEA Home,2-Kitchen & Dining Furniture,05-Kitchen Carts & Islands
01tVT000006IsmTYAS,01tVT000006IskrYAC,Primary,,,,,H212051B,H-!DEA Home,2-Kitchen & Dining Furniture,05-Kitchen Carts & Islands
01tVT000006JNjqYAG,01tVT000006JOPlYAO,Primary,,,,,H309175B,H-!DEA Home,1-Living Room Furniture,12-Compressed Sofas
01tVT000006JOCrYAO,01tVT000006JOBFYA4,Primary,,,,,H309174B,H-!DEA Home,1-Living Room Furniture,12-Compressed Sofas
01tVT000006JOb3YAG,01tVT000006JOZRYA4,Primary,,,,,H309176B,H-!DEA Home,1-Living Room Furniture,12-Compressed Sofas
01tVT000006JOpZYAW,01tVT000006JOmLYAW,Primary,,,,,H309177B,H-!DEA Home,1-Living Room Furniture,12-Compressed Sofas
01tVT000006JP2TYAW,01tVT000006JOzFYAW,Alternative,,,,,H311111B,H-!DEA Home,1-Living Room Furniture,12-Compressed Sofas
01tVT000006JRVhYAO,01tVT000006JRU5YAO,Primary,,,,,H311112B,H-!DEA Home,1-Living Room Furniture,12-Compressed Sofas
01tVT000006L3lpYAC,01tVT000006L3kDYAS,Primary,,,,,H211026B,H-!DEA Home,2-Kitchen & Dining Furniture,02-Dining Tables
01tVT000006L6erYAC,01tVT000006L6dFYAS,Primary,,,,,H309189B,H-!DEA Home,1-Living Room Furniture,12-Compressed Sofas
01tVT000006L6zpYAC,01tVT000006L6yDYAS,Primary,,,,,H309190B,H-!DEA Home,1-Living Room Furniture,12-Compressed Sofas
01tVT000006VIhxYAG,01tVT000006VIbVYAW,Primary,,,,,H105125B,P-!DEA Kids,1-Kids' furniture,01-Kids' Chairs & tables
01tVT000006VJSjYAO,01tVT000006VJNtYAO,Primary,,,,,G106305A,G-!DEA Garden,2-Outdoor Shades & Structures,01-Umbrellas
01tVT000006VM5dYAG,01tVT000006VM0nYAG,Primary,,,,,H105128B,P-!DEA Kids,1-Kids' furniture,03-Kids' Storage
01tVT000006VyajYAC,01tVT000006VyZ7YAK,Alternative,,,,,H105129B,P-!DEA Kids,1-Kids' furniture,03-Kids' Storage
01tVT000006VyxJYAS,01tVT000006VysTYAS,Primary,,,,,H105130B,P-!DEA Kids,1-Kids' furniture,01-Kids' Chairs & tables
01tVT000006VzIHYA0,01tVT000006VzGfYAK,Primary,,,,,H105131B,P-!DEA Kids,1-Kids' furniture,03-Kids' Storage
01tVT000006VzVCYA0,01tVT000006VzbdYAC,Primary,,,,,H105132B,P-!DEA Kids,1-Kids' furniture,01-Kids' Chairs & tables
01tVT000006VzrlYAC,01tVT000006Vzq9YAC,Primary,,,,,H105133B,P-!DEA Kids,1-Kids' furniture,01-Kids' Chairs & tables
01tVT000006Yo3lYAC,01tVT000006Yo0XYAS,Primary,,,,,H105134B,P-!DEA Kids,1-Kids' furniture,01-Kids' Chairs & tables
01tVT000006YqlVYAS,01tVT000006YqjtYAC,Primary,,,,,H105136B,P-!DEA Kids,1-Kids' furniture,01-Kids' Chairs & tables
01tVT000006YrODYA0,01tVT000006YqYcYAK,Primary,,,,,H105137B,P-!DEA Kids,1-Kids' furniture,01-Kids' Chairs & tables
01tVT000006YtUrYAK,01tVT000006YtTFYA0,Primary,,,,,H105139B,P-!DEA Kids,1-Kids' furniture,03-Kids' Storage
01tVT000006YtppYAC,01tVT000006YtmbYAC,Primary,,,,,H105140B,P-!DEA Kids,1-Kids' furniture,03-Kids' Storage
01tVT000006YvTRYA0,01tVT000006YoN8YAK,Primary,,,,,P101087W,P-!DEA Kids,2-Outdoor Toys,01-Outdoor Playsets
01tVT000006YwSjYAK,01tVT000006YwR7YAK,Primary,,,,,P101088W,P-!DEA Kids,2-Outdoor Toys,01-Outdoor Playsets
01tVT000006YxS1YAK,01tVT000006YxNBYA0,Primary,,,,,P101089W,P-!DEA Kids,2-Outdoor Toys,01-Outdoor Playsets
01tVT000006YxevYAC,01tVT000006YxdJYAS,Primary,,,,,P101090W,P-!DEA Kids,2-Outdoor Toys,01-Outdoor Playsets
01tVT000006Z15pYAC,01tVT000006Z14DYAS,Primary,,,,,H105141B,P-!DEA Kids,1-Kids' furniture,03-Kids' Storage
01tVT000006ZWw1YAG,01tVT000006ZWuPYAW,Primary,,,,,H105142B,P-!DEA Kids,1-Kids' furniture,01-Kids' Chairs & tables
01tVT000006ZixBYAS,01tVT000006ZeLiYAK,Primary,,,,,G109072A,G-!DEA Garden,1-Outdoor Furniture,04-Outdoor Tables
01tVT000006ZkAzYAK,01tVT000006Zk69YAC,Primary,,,,,G110200A,G-!DEA Garden,1-Outdoor Furniture,01-Outdoor Dining Sets
01tVT000006ZmfpYAC,01tVT000006ZmazYAC,Primary,,,,,G109075A,G-!DEA Garden,1-Outdoor Furniture,04-Outdoor Tables
01tVT000006ZnC5YAK,01tVT000006ZnATYA0,Primary,,,,,G108508A,G-!DEA Garden,1-Outdoor Furniture,02-Outdoor Seating Sets
01tVT000006aGqoYAE,01tVT000006aINxYAM,Primary,,,,,G109077A,G-!DEA Garden,1-Outdoor Furniture,04-Outdoor Tables
01tVT000006aH5JYAU,01tVT000006aH3hYAE,Primary,,,,,G109076A,G-!DEA Garden,1-Outdoor Furniture,04-Outdoor Tables
01tVT000006aIe6YAE,01tVT000006aIqzYAE,Primary,,,,,G110203A,G-!DEA Garden,1-Outdoor Furniture,03-Outdoor Chairs & Loungers
01tVT000006aVD7YAM,01tVT000006aV8HYAU,Primary,,,,,G401118A,G-!DEA Garden,6-Outdoor Gardening,02-Watering & Irrigation
01tVT000006aVbJYAU,01tVT000006aVY5YAM,Primary,,,,,G401119A,G-!DEA Garden,6-Outdoor Gardening,02-Watering & Irrigation
01tVT000006aVwHYAU,01tVT000006aTGAYA2,Primary,,,,,G401120A,G-!DEA Garden,6-Outdoor Gardening,02-Watering & Irrigation
01tVT000006b2LxYAI,01tVT000006b2KLYAY,Primary,,,,,G109083A,G-!DEA Garden,1-Outdoor Furniture,04-Outdoor Tables
01tVT000006dofpYAA,01tVT000006doeDYAQ,Primary,,,,,G301229A,G-!DEA Garden,3-Outdoor Cooking,07-Portable & Camping Grills
01tVT000006doxZYAQ,01tVT000006douLYAQ,Primary,,,,,G301230A,G-!DEA Garden,3-Outdoor Cooking,01-Charcoal Grills
01tVT000006iEtRYAU,01tVT000006iEobYAE,Primary,,,,,H210184B,H-!DEA Home,2-Kitchen & Dining Furniture,03-Dining Sets
01tVT000006iH3JYAU,01tVT000006iGqPYAU,Primary,,,,,H210185B,H-!DEA Home,2-Kitchen & Dining Furniture,03-Dining Sets
01tVT000006iHMfYAM,01tVT000006iHL3YAM,Primary,,,,,H210186B,H-!DEA Home,2-Kitchen & Dining Furniture,03-Dining Sets
01tVT000006iHhdYAE,01tVT000006iHcnYAE,Primary,,,,,H210187B,H-!DEA Home,2-Kitchen & Dining Furniture,03-Dining Sets
01tVT000006iI7RYAU,01tVT000006iI5pYAE,Primary,,,,,H210188B,H-!DEA Home,2-Kitchen & Dining Furniture,03-Dining Sets
01tVT000006iIKLYA2,01tVT000006iIIjYAM,Primary,,,,,H210189B,H-!DEA Home,2-Kitchen & Dining Furniture,03-Dining Sets
01tVT000006iIXFYA2,01tVT000006iIVdYAM,Primary,,,,,H210190B,H-!DEA Home,2-Kitchen & Dining Furniture,03-Dining Sets
01tVT000006iIozYAE,01tVT000006iHHqYAM,Primary,,,,,H210191B,H-!DEA Home,2-Kitchen & Dining Furniture,03-Dining Sets
01tVT000006iIqcYAE,01tVT000006iJ9xYAE,Primary,,,,,H210192B,H-!DEA Home,2-Kitchen & Dining Furniture,03-Dining Sets
01tVT000006iJl3YAE,01tVT000006iJhpYAE,Primary,,,,,H210193B,H-!DEA Home,2-Kitchen & Dining Furniture,03-Dining Sets
01tVT000006iJwLYAU,01tVT000006iJujYAE,Primary,,,,,H210194B,H-!DEA Home,2-Kitchen & Dining Furniture,03-Dining Sets
01tVT000006jqjlYAA,01tVT000006jqevYAA,Primary,,,,,G101128A,G-!DEA Garden,5-Folding Furniture,01-Utility Folding Tables (HDPE)
01tVT000006oBxhYAE,01tVT000006oBsrYAE,Primary,,,,,G101129A,G-!DEA Garden,5-Folding Furniture,02-Folding Chairs
01tVT000006oFtFYAU,01tVT000006oFrdYAE,Primary,,,,,H311123B,H-!DEA Home,1-Living Room Furniture,01-Accent Chairs
01tVT000006onRuYAI,01tVT000006oriPYAQ,Primary,,,,,H309196B,H-!DEA Home,1-Living Room Furniture,03-Sofas & Couches
01tVT000006oqETYAY,01tVT000006opNFYAY,Primary,,,,,H311124B,H-!DEA Home,1-Living Room Furniture,01-Accent Chairs
01tVT000006oqPlYAI,01tVT000006oqO9YAI,Primary,,,,,H311125B,H-!DEA Home,1-Living Room Furniture,01-Accent Chairs
01tVT000006oqXqYAI,01tVT000006oqZRYAY,Primary,,,,,H311126B,H-!DEA Home,1-Living Room Furniture,01-Accent Chairs
01tVT000006oqmLYAQ,01tVT000006oqkjYAA,Primary,,,,,H311127B,H-!DEA Home,1-Living Room Furniture,01-Accent Chairs
01tVT000006oqzFYAQ,01tVT000006oquPYAQ,Primary,,,,,H311128B,H-!DEA Home,1-Living Room Furniture,01-Accent Chairs
01tVT000006orTtYAI,01tVT000006orSHYAY,Primary,,,,,H309195B,H-!DEA Home,1-Living Room Furniture,03-Sofas & Couches
01tVT000006ouLJYAY,01tVT000006ouGTYAY,Primary,,,,,H309197B,H-!DEA Home,1-Living Room Furniture,03-Sofas & Couches
01tVT000006ouwQYAQ,01tVT000006owerYAA,Primary,,,,,H309201B,H-!DEA Home,1-Living Room Furniture,03-Sofas & Couches
01tVT000006ovpFYAQ,01tVT000006ovm1YAA,Primary,,,,,H309198B,H-!DEA Home,1-Living Room Furniture,03-Sofas & Couches
01tVT000006ovviYAA,01tVT000006ow29YAA,Primary,,,,,H309199B,H-!DEA Home,1-Living Room Furniture,03-Sofas & Couches
01tVT000006owJtYAI,01tVT000006owF3YAI,Primary,,,,,H309200B,H-!DEA Home,1-Living Room Furniture,03-Sofas & Couches
01tVT000006owq9YAA,01tVT000006ovHOYAY,Primary,,,,,H309202B,H-!DEA Home,1-Living Room Furniture,03-Sofas & Couches
01tVT000006p0c1YAA,01tVT000006p0aPYAQ,Primary,,,,,H102198B,H-!DEA Home,3-Office Furniture,02-Desks
01tVT000006qLUjYAM,01tVT000006qLT7YAM,Primary,,,,,G301233A,G-!DEA Garden,3-Outdoor Cooking,01-Charcoal Grills
01tVT000006qLo5YAE,01tVT000006qLmTYAU,Primary,,,,,G301234A,G-!DEA Garden,3-Outdoor Cooking,01-Charcoal Grills
01tVT000006sOxxYAE,01tVT000006sOwLYAU,Primary,,,,,H309209B,H-!DEA Home,1-Living Room Furniture,04-Sectional Sofas
01tVT000006sU7JYAU,01tVT000006sU5hYAE,Primary,,,,,H309210B,H-!DEA Home,1-Living Room Furniture,04-Sectional Sofas
01tVT000006sUaLYAU,01tVT000006sUYjYAM,Primary,,,,,H309211B,H-!DEA Home,1-Living Room Furniture,04-Sectional Sofas
01tVT000006sUwvYAE,01tVT000006sUvJYAU,Primary,,,,,H309212B,H-!DEA Home,1-Living Room Furniture,04-Sectional Sofas
01tVT0000077TR4YAM,01tVT0000077TR3YAM,Primary,,,,,G101103E,G-!DEA Garden,1-Outdoor Furniture,01-Outdoor Dining Sets
01tVT0000079xKzYAI,01tVT0000079xHlYAI,Primary,,,,,G110214A,G-!DEA Garden,1-Outdoor Furniture,03-Outdoor Chairs & Loungers
01tVT0000079xfxYAA,01tVT0000079xb7YAA,Primary,,,,,G110215A,G-!DEA Garden,1-Outdoor Furniture,03-Outdoor Chairs & Loungers
01tVT0000079xsrYAA,01tVT0000079xpdYAA,Primary,,,,,G110216A,G-!DEA Garden,1-Outdoor Furniture,03-Outdoor Chairs & Loungers
01tVT000007Bc5zYAC,01tVT000007BdwTYAS,Primary,,,,,H105146B,P-!DEA Kids,1-Kids' furniture,03-Kids' Storage
01tVT000007BcXOYA0,01tVT000007BdEvYAK,Alternative,,,,,H105143B,P-!DEA Kids,1-Kids' furniture,03-Kids' Storage
01tVT000007BdGYYA0,01tVT000007BdhxYAC,Primary,,,,,H105145B,P-!DEA Kids,1-Kids' furniture,03-Kids' Storage
01tVT000007BdLOYA0,01tVT000007BdRpYAK,Primary,,,,,H105144B,P-!DEA Kids,1-Kids' furniture,03-Kids' Storage
01tVT000007FrRNYA0,01tVT000007FrMXYA0,Primary,,,,,B301161C,B-!DEA Heating & Fan,1-Fans,01-Stand & Tower Fans
01tVT000007LRcJYAW,01tVT000007LUK1YAO,Primary,,,,,H101172B,H-!DEA Home,3-Office Furniture,01-Office Chairs
01tVT000007LUALYA4,01tVT000007LU5VYAW,Primary,,,,,H101171B,H-!DEA Home,3-Office Furniture,01-Office Chairs
01tVT000007LUS5YAO,01tVT000007LUQTYA4,Primary,,,,,H101173B,H-!DEA Home,3-Office Furniture,01-Office Chairs
01tVT000007LUblYAG,01tVT000007LUa9YAG,Primary,,,,,H101174B,H-!DEA Home,3-Office Furniture,01-Office Chairs
01tVT000007LUn3YAG,01tVT000007LUjpYAG,Primary,,,,,H101175B,H-!DEA Home,3-Office Furniture,01-Office Chairs
01tVT000007LZunYAG,01tVT000007LZtBYAW,Primary,,,,,H309216B,H-!DEA Home,1-Living Room Furniture,03-Sofas & Couches
01tVT000007La65YAC,01tVT000007La4TYAS,Primary,,,,,H309217B,H-!DEA Home,1-Living Room Furniture,03-Sofas & Couches
01tVT000007Nz6oYAC,01tVT000007O1q9YAC,Primary,,,,,B302180C,B-!DEA Heating & Fan,3-Outdoor Heaters,01-Gas Heaters
01tVT000007NzGVYA0,01tVT000007Ny5uYAC,Primary,,,,,H311131B,H-!DEA Home,1-Living Room Furniture,08-Recliners
01tVT000007NzJiYAK,01tVT000007Nz5DYAS,Primary,,,,,B302177C,B-!DEA Heating & Fan,3-Outdoor Heaters,01-Gas Heaters
01tVT000007NzgIYAS,01tVT000007O37BYAS,Primary,,,,,H311136B,H-!DEA Home,1-Living Room Furniture,08-Recliners
01tVT000007O0CYYA0,01tVT000007Nz8QYAS,Primary,,,,,B302175C,B-!DEA Heating & Fan,3-Outdoor Heaters,01-Gas Heaters
01tVT000007O0yvYAC,01tVT000007O0u5YAC,Primary,,,,,B302176C,B-!DEA Heating & Fan,3-Outdoor Heaters,01-Gas Heaters
01tVT000007O16zYAC,01tVT000007O13lYAC,Primary,,,,,H311130B,H-!DEA Home,1-Living Room Furniture,08-Recliners
01tVT000007O1VBYA0,01tVT000007O1GgYAK,Primary,,,,,B302178C,B-!DEA Heating & Fan,3-Outdoor Heaters,01-Gas Heaters
01tVT000007O1jhYAC,01tVT000007O1erYAC,Primary,,,,,B302179C,B-!DEA Heating & Fan,3-Outdoor Heaters,01-Gas Heaters
01tVT000007O2e9YAC,01tVT000007O1beYAC,Primary,,,,,H311132B,H-!DEA Home,1-Living Room Furniture,08-Recliners
01tVT000007O2kbYAC,01tVT000007O2izYAC,Primary,,,,,H311133B,H-!DEA Home,1-Living Room Furniture,08-Recliners
01tVT000007O2sfYAC,01tVT000007O2r3YAC,Primary,,,,,H311134B,H-!DEA Home,1-Living Room Furniture,08-Recliners
01tVT000007Ou6fYAC,01tVT000007OryQYAS,Primary,,,,,G108515A,G-!DEA Garden,1-Outdoor Furniture,01-Outdoor Dining Sets
01tVT000007OuQ1YAK,01tVT000007OuOPYA0,Primary,,,,,G108516A,G-!DEA Garden,1-Outdoor Furniture,01-Outdoor Dining Sets
01tVT000007OucvYAC,01tVT000007OubJYAS,Primary,,,,,G108517A,G-!DEA Garden,1-Outdoor Furniture,01-Outdoor Dining Sets
01tVT000007RoWAYA0,01tVT000007Rs9xYAC,Primary,,,,,H311139B,H-!DEA Home,1-Living Room Furniture,12-Compressed Sofas
01tVT000007RpgkYAC,01tVT000007RrCHYA0,Primary,,,,,H311137B,H-!DEA Home,1-Living Room Furniture,12-Compressed Sofas
01tVT000007RraTYAS,01tVT000007Ric2YAC,Primary,,,,,H311138B,H-!DEA Home,1-Living Room Furniture,12-Compressed Sofas
01tVT000007SSRyYAO,01tVT000007SVHlYAO,Primary,,,,,H311140B,H-!DEA Home,1-Living Room Furniture,12-Compressed Sofas
01tVT000007STKpYAO,01tVT000007SWNVYA4,Primary,,,,,H311144B,H-!DEA Home,1-Living Room Furniture,12-Compressed Sofas
01tVT000007SVT3YAO,01tVT000007SVRRYA4,Primary,,,,,H311141B,H-!DEA Home,1-Living Room Furniture,07-Benches & Ottomans
01tVT000007SVw5YAG,01tVT000007SVrFYAW,Primary,,,,,H311142B,H-!DEA Home,1-Living Room Furniture,12-Compressed Sofas
01tVT000007SWCDYA4,01tVT000007SWAbYAO,Primary,,,,,H311143B,H-!DEA Home,1-Living Room Furniture,12-Compressed Sofas
01tVT000007SX3RYAW,01tVT000007SWybYAG,Primary,,,,,H309220B,H-!DEA Home,1-Living Room Furniture,06-Sofa Beds
01tVT000007SfQnYAK,01tVT000007SaqwYAC,Primary,,,,,B301163C,B-!DEA Heating & Fan,4-Air Treatment,02-Humidifiers & Dehumidifiers
01tVT000007SfvRYAS,01tVT000007SfqbYAC,Primary,,,,,B301164C,B-!DEA Heating & Fan,4-Air Treatment,02-Humidifiers & Dehumidifiers
01tVT000007SgEnYAK,01tVT000007SgDBYA0,Primary,,,,,H311147B,H-!DEA Home,1-Living Room Furniture,06-Sofa Beds
01tVT000007SgOTYA0,01tVT000007SgMrYAK,Primary,,,,,B301165C,B-!DEA Heating & Fan,4-Air Treatment,02-Humidifiers & Dehumidifiers
01tVT000007Sh2nYAC,01tVT000007SgxxYAC,Primary,,,,,B301166C,B-!DEA Heating & Fan,4-Air Treatment,02-Humidifiers & Dehumidifiers
01tVT000007ShMAYA0,01tVT000007Si0TYAS,Primary,,,,,B301168C,B-!DEA Heating & Fan,4-Air Treatment,02-Humidifiers & Dehumidifiers
01tVT000007ShVpYAK,01tVT000007ShM9YAK,Primary,,,,,B301167C,B-!DEA Heating & Fan,4-Air Treatment,02-Humidifiers & Dehumidifiers
01tVT000007SiLTYA0,01tVT000007SitJYAS,Primary,,,,,B301171C,B-!DEA Heating & Fan,4-Air Treatment,01-Air Purifiers
01tVT000007SiN3YAK,01tVT000007SiLRYA0,Primary,,,,,B301169C,B-!DEA Heating & Fan,4-Air Treatment,02-Humidifiers & Dehumidifiers
01tVT000007SidBYAS,01tVT000007SibZYAS,Primary,,,,,B301170C,B-!DEA Heating & Fan,4-Air Treatment,02-Humidifiers & Dehumidifiers
01tVT000007SjB4YAK,01tVT000007SbS2YAK,Primary,,,,,B301173C,B-!DEA Heating & Fan,4-Air Treatment,01-Air Purifiers
01tVT000007SjFtYAK,01tVT000007SiYMYA0,Primary,,,,,B301172C,B-!DEA Heating & Fan,4-Air Treatment,01-Air Purifiers
01tVT000007SjivYAC,01tVT000007SitKYAS,Primary,,,,,B301174C,B-!DEA Heating & Fan,4-Air Treatment,01-Air Purifiers
01tVT000007TLmbYAG,01tVT000007TLkzYAG,Primary,,,,,H311148B,H-!DEA Home,1-Living Room Furniture,06-Sofa Beds
01tVT000007TMAnYAO,01tVT000007TKYoYAO,Primary,,,,,H311149B,H-!DEA Home,1-Living Room Furniture,03-Sofas & Couches
01tVT000007TMKTYA4,01tVT000007TMIrYAO,Primary,,,,,H311150B,H-!DEA Home,1-Living Room Furniture,07-Benches & Ottomans
01tVT000007TMU9YAO,01tVT000007TMQvYAO,Primary,,,,,H311151B,H-!DEA Home,1-Living Room Furniture,12-Compressed Sofas
01tVT000007TTsDYAW,01tVT000007TTqbYAG,Primary,,,,,B301175C,B-!DEA Heating & Fan,1-Fans,02-Desk & Floor Fans
01tVT000007TXEHYA4,01tVT000007TXB3YAO,Primary,,,,,B301176C,B-!DEA Heating & Fan,1-Fans,01-Stand & Tower Fans
01tVT000007TXSnYAO,01tVT000007TXPZYA4,Primary,,,,,B301177C,B-!DEA Heating & Fan,5-Air Conditioner,02-Air Cooler
01tVT000007TY77YAG,01tVT000007TY2HYAW,Primary,,,,,B301178C,B-!DEA Heating & Fan,1-Fans,01-Stand & Tower Fans
01tVT000007WSBdYAO,01tVT000007WSA1YAO,Primary,,,,,B301180C,B-!DEA Heating & Fan,4-Air Treatment,02-Humidifiers & Dehumidifiers
01tVT000007Y4BdYAK,01tVT000007Y0zGYAS,Primary,,,,,G302054A,G-!DEA Garden,3-Outdoor Cooking,03-Grill Accessories
01tVT000007Y4efYAC,01tVT000007Y4d3YAC,Primary,,,,,G302055A,G-!DEA Garden,3-Outdoor Cooking,03-Grill Accessories
01tVT000007cl9zYAA,01tVT000007cl9yYAA,Primary,,,,,G101032S,G-!DEA Garden,5-Folding Furniture,01-Utility Folding Tables (HDPE)
01tVT000007clUwYAI,01tVT000007clUvYAI,Primary,,,,,G101082S,G-!DEA Garden,5-Folding Furniture,01-Utility Folding Tables (HDPE)
01tVT000007clgDYAQ,01t4w00000NulioAAB,Alternative,,,,,G102022S,G-!DEA Garden,5-Folding Furniture,01-Utility Folding Tables (HDPE)
01tVT000007eV7VYAU,01tVT000007eV2fYAE,Primary,,,,,B301181C,B-!DEA Heating & Fan,4-Air Treatment,02-Humidifiers & Dehumidifiers
01tVT000007eVM1YAM,01tVT000007eVKPYA2,Primary,,,,,B301183C,B-!DEA Heating & Fan,4-Air Treatment,02-Humidifiers & Dehumidifiers
01tVT000007eVYvYAM,01tVT000007eVVhYAM,Primary,,,,,B301184C,B-!DEA Heating & Fan,4-Air Treatment,02-Humidifiers & Dehumidifiers
01tVT000007eVibYAE,01tVT000007eVfNYAU,Primary,,,,,B301187C,B-!DEA Heating & Fan,4-Air Treatment,02-Humidifiers & Dehumidifiers
01tVT000007eWGVYA2,01tVT000007eXyvYAE,Primary,,,,,B301201C,B-!DEA Heating & Fan,4-Air Treatment,02-Humidifiers & Dehumidifiers
01tVT000007eWI5YAM,01tVT000007eWGUYA2,Primary,,,,,B301191C,B-!DEA Heating & Fan,4-Air Treatment,02-Humidifiers & Dehumidifiers
01tVT000007eWgHYAU,01tVT000007eWbRYAU,Primary,,,,,B301194C,B-!DEA Heating & Fan,4-Air Treatment,02-Humidifiers & Dehumidifiers
01tVT000007eWy1YAE,01tVT000007eWtBYAU,Primary,,,,,B301196C,B-!DEA Heating & Fan,4-Air Treatment,02-Humidifiers & Dehumidifiers
01tVT000007eXCXYA2,01tVT000007eXAvYAM,Primary,,,,,B301197C,B-!DEA Heating & Fan,4-Air Treatment,02-Humidifiers & Dehumidifiers
01tVT000007eXinYAE,01tVT000007eXhBYAU,Primary,,,,,B301200C,B-!DEA Heating & Fan,4-Air Treatment,02-Humidifiers & Dehumidifiers
01tVT000007eY5NYAU,01tVT000007eQJ8YAM,Primary,,,,,B301202C,B-!DEA Heating & Fan,4-Air Treatment,02-Humidifiers & Dehumidifiers
01tVT000007fcwXYAQ,01tVT000007fbkMYAQ,Primary,,,,,B301203C,B-!DEA Heating & Fan,1-Fans,02-Desk & Floor Fans
01tVT000007fdB3YAI,01tVT000007fd9RYAQ,Primary,,,,,B301204C,B-!DEA Heating & Fan,1-Fans,02-Desk & Floor Fans
01tVT000007fdivYAA,01tVT000007fdhJYAQ,Primary,,,,,B301205C,B-!DEA Heating & Fan,1-Fans,05-Wall Fans
01tVT000007feDZYAY,01tVT000007fe5VYAQ,Primary,,,,,B301206C,B-!DEA Heating & Fan,1-Fans,05-Wall Fans
01tVT000007ffxeYAA,01tVT000007fhJVYAY,Primary,,,,,G301235A,G-!DEA Garden,3-Outdoor Cooking,01-Charcoal Grills
01tVT000007hZwAYAU,01tVT000007heRBYAY,Primary,,,,,B301239C,B-!DEA Heating & Fan,1-Fans,04-Ceiling Fans
01tVT000007hc2nYAA,01tVT000007hbzZYAQ,Primary,,,,,B301227C,B-!DEA Heating & Fan,1-Fans,04-Ceiling Fans
01tVT000007hcpBYAQ,01tVT000007hcnZYAQ,Primary,,,,,B301228C,B-!DEA Heating & Fan,1-Fans,04-Ceiling Fans
01tVT000007hcu1YAA,01tVT000007hcsPYAQ,Primary,,,,,B301229C,B-!DEA Heating & Fan,1-Fans,04-Ceiling Fans
01tVT000007hd6vYAA,01tVT000007hd0TYAQ,Primary,,,,,B301230C,B-!DEA Heating & Fan,1-Fans,04-Ceiling Fans
01tVT000007hd8XYAQ,01tVT000007hd5JYAQ,Primary,,,,,B301231C,B-!DEA Heating & Fan,1-Fans,04-Ceiling Fans
01tVT000007hdTVYAY,01tVT000007hdLRYAY,Primary,,,,,B301232C,B-!DEA Heating & Fan,1-Fans,04-Ceiling Fans
01tVT000007hddBYAQ,01tVT000007hdbZYAQ,Primary,,,,,B301233C,B-!DEA Heating & Fan,1-Fans,04-Ceiling Fans
01tVT000007hdq5YAA,01tVT000007hdlFYAQ,Primary,,,,,B301234C,B-!DEA Heating & Fan,1-Fans,04-Ceiling Fans
01tVT000007hdzlYAA,01tVT000007hdwXYAQ,Primary,,,,,B301235C,B-!DEA Heating & Fan,1-Fans,04-Ceiling Fans
01tVT000007he2zYAA,01tVT000007hdy9YAA,Primary,,,,,B301236C,B-!DEA Heating & Fan,1-Fans,04-Ceiling Fans
01tVT000007heHVYAY,01tVT000007heFtYAI,Primary,,,,,B301237C,B-!DEA Heating & Fan,1-Fans,04-Ceiling Fans
01tVT000007hoK5YAI,01tVT000007hoITYAY,Primary,,,,,B301240C,B-!DEA Heating & Fan,1-Fans,03-Rechargeable Fans
01tVT000007hoaDYAQ,01tVT000007hoYbYAI,Primary,,,,,B301241C,B-!DEA Heating & Fan,1-Fans,01-Stand & Tower Fans
01tVT000007hownYAA,01tVT000007hotZYAQ,Primary,,,,,B301242C,B-!DEA Heating & Fan,1-Fans,01-Stand & Tower Fans
01tVT000007hp85YAA,01tVT000007hi9qYAA,Primary,,,,,B301243C,B-!DEA Heating & Fan,1-Fans,01-Stand & Tower Fans
01tVT000007hpMbYAI,01tVT000007hlUIYAY,Primary,,,,,B301244C,B-!DEA Heating & Fan,1-Fans,01-Stand & Tower Fans
01tVT000007hpT3YAI,01tVT000007hpRRYAY,Primary,,,,,B301245C,B-!DEA Heating & Fan,1-Fans,01-Stand & Tower Fans
01tVT000007mv9eYAA,01tVT000007mrIwYAI,Primary,,,,,G108518A,G-!DEA Garden,1-Outdoor Furniture,02-Outdoor Seating Sets
01tVT000007n8TRYAY,01tVT000007n8RpYAI,Primary,,,,,G108519A,G-!DEA Garden,1-Outdoor Furniture,02-Outdoor Seating Sets
01tVT000007n8gLYAQ,01tVT000007n8ejYAA,Primary,,,,,G108520A,G-!DEA Garden,1-Outdoor Furniture,02-Outdoor Seating Sets
01tVT000007n9EDYAY,01tVT000007n9CbYAI,Primary,,,,,G108521A,G-!DEA Garden,1-Outdoor Furniture,02-Outdoor Seating Sets
01tVT000007n9fdYAA,01tVT000007n9e1YAA,Primary,,,,,G108522A,G-!DEA Garden,1-Outdoor Furniture,02-Outdoor Seating Sets
01tVT000007nx2vYAA,01tVT000007nwy5YAA,Primary,,,,,G108523A,G-!DEA Garden,1-Outdoor Furniture,02-Outdoor Seating Sets
01tVT000007nxEDYAY,01tVT000007nxAzYAI,Primary,,,,,G108524A,G-!DEA Garden,1-Outdoor Furniture,02-Outdoor Seating Sets
01tVT000007nyqDYAQ,01tVT000007nxm7YAA,Primary,,,,,G108525A,G-!DEA Garden,1-Outdoor Furniture,02-Outdoor Seating Sets
01tVT000007nzhRYAQ,01tVT000007nzcbYAA,Alternative,,,,,G108526A,G-!DEA Garden,1-Outdoor Furniture,02-Outdoor Seating Sets
01tVT000007nzr7YAA,01tVT000007nzntYAA,Primary,,,,,G108527A,G-!DEA Garden,1-Outdoor Furniture,02-Outdoor Seating Sets
01tVT000007o0DhYAI,01tVT000007o0C5YAI,Primary,,,,,G108528A,G-!DEA Garden,1-Outdoor Furniture,02-Outdoor Seating Sets
01tVT000007o0OzYAI,01tVT000007o0NNYAY,Primary,,,,,G108529A,G-!DEA Garden,1-Outdoor Furniture,02-Outdoor Seating Sets
01tVT000007o4lxYAA,01tVT000007o4kLYAQ,Primary,,,,,G108530A,G-!DEA Garden,1-Outdoor Furniture,02-Outdoor Seating Sets
01tVT000007oe6HYAQ,01tVT000007oe4fYAA,Primary,,,,,G108531A,G-!DEA Garden,1-Outdoor Furniture,02-Outdoor Seating Sets
01tVT000007oeXhYAI,01tVT000007oeW5YAI,Primary,,,,,G108532A,G-!DEA Garden,1-Outdoor Furniture,02-Outdoor Seating Sets
01tVT000007of5ZYAQ,01tVT000007of3xYAA,Primary,,,,,G108533A,G-!DEA Garden,1-Outdoor Furniture,02-Outdoor Seating Sets
01tVT000007ofS9YAI,01tVT000007ofNJYAY,Primary,,,,,G108534A,G-!DEA Garden,1-Outdoor Furniture,02-Outdoor Seating Sets
01tVT000007ofgfYAA,01tVT000007ocqtYAA,Primary,,,,,G108535A,G-!DEA Garden,1-Outdoor Furniture,02-Outdoor Seating Sets
01tVT000007ogRRYAY,01tVT000007ogPpYAI,Primary,,,,,G108536A,G-!DEA Garden,1-Outdoor Furniture,02-Outdoor Seating Sets
01tVT000007ojNhYAI,01tVT000007ojM5YAI,Primary,,,,,G108537A,G-!DEA Garden,1-Outdoor Furniture,02-Outdoor Seating Sets
01tVT000007ok0PYAQ,01tVT000007ojxBYAQ,Primary,,,,,G108538A,G-!DEA Garden,1-Outdoor Furniture,01-Outdoor Dining Sets
01tVT000007okLNYAY,01tVT000007okJlYAI,Primary,,,,,G108539A,G-!DEA Garden,1-Outdoor Furniture,01-Outdoor Dining Sets
01tVT000007okgLYAQ,01tVT000007ojSYYAY,Primary,,,,,G108540A,G-!DEA Garden,1-Outdoor Furniture,01-Outdoor Dining Sets
01tVT000007okwTYAQ,01tVT000007okurYAA,Primary,,,,,G108541A,G-!DEA Garden,1-Outdoor Furniture,02-Outdoor Seating Sets
01tVT000007olcPYAQ,01tVT000007olXZYAY,Primary,,,,,G108542A,G-!DEA Garden,1-Outdoor Furniture,01-Outdoor Dining Sets
01tVT000007opsvYAA,01tVT000007opmTYAQ,Primary,,,,,G108543A,G-!DEA Garden,1-Outdoor Furniture,02-Outdoor Seating Sets
01tVT000007oqAfYAI,01tVT000007oq93YAA,Primary,,,,,G108544A,G-!DEA Garden,1-Outdoor Furniture,02-Outdoor Seating Sets
01tVT000007or6jYAA,01tVT000007or57YAA,Primary,,,,,G108545A,G-!DEA Garden,1-Outdoor Furniture,02-Outdoor Seating Sets
01tVT000007orGPYAY,01tVT000007olapYAA,Primary,,,,,G108546A,G-!DEA Garden,1-Outdoor Furniture,02-Outdoor Seating Sets
01tVT000007orptYAA,01tVT000007oroHYAQ,Primary,,,,,G108547A,G-!DEA Garden,1-Outdoor Furniture,01-Outdoor Dining Sets
01tVT000007os61YAA,01tVT000007orYAYAY,Primary,,,,,G108548A,G-!DEA Garden,1-Outdoor Furniture,02-Outdoor Seating Sets
01tVT000007osArYAI,01tVT000007os7dYAA,Primary,,,,,G108549A,G-!DEA Garden,1-Outdoor Furniture,02-Outdoor Seating Sets
01tVT000007osM9YAI,01tVT000007osKXYAY,Primary,,,,,G108550A,G-!DEA Garden,1-Outdoor Furniture,02-Outdoor Seating Sets
01tVT000007osdtYAA,01tVT000007osafYAA,Primary,,,,,G108551A,G-!DEA Garden,1-Outdoor Furniture,02-Outdoor Seating Sets
01tVT000007oslxYAA,01tVT000007ort8YAA,Primary,,,,,G108552A,G-!DEA Garden,1-Outdoor Furniture,02-Outdoor Seating Sets
01tVT000007ospBYAQ,01tVT000007osagYAA,Primary,,,,,G108553A,G-!DEA Garden,1-Outdoor Furniture,02-Outdoor Seating Sets
01tVT000007ot6vYAA,01tVT000007ot5JYAQ,Primary,,,,,G108554A,G-!DEA Garden,1-Outdoor Furniture,02-Outdoor Seating Sets
01tVT000007ot8YYAQ,01tVT000007otzlYAA,Primary,,,,,G113020A,G-!DEA Garden,1-Outdoor Furniture,05-Outdoor Storage
01tVT000007oti1YAA,01tVT000007otdBYAQ,Primary,,,,,G108555A,G-!DEA Garden,1-Outdoor Furniture,01-Outdoor Dining Sets
01tVT000007pVqYYAU,01tVT000007pVycYAE,Primary,,,,,G111114A,G-!DEA Garden,1-Outdoor Furniture,02-Outdoor Seating Sets
01tVT000007pYJlYAM,01tVT000007pYEvYAM,Alternative,,,,,G108556A,G-!DEA Garden,1-Outdoor Furniture,02-Outdoor Seating Sets
01tVT000007pYV3YAM,01tVT000007pYQDYA2,Primary,,,,,G108557A,G-!DEA Garden,1-Outdoor Furniture,02-Outdoor Seating Sets
01tVT000007paVHYAY,01tVT000007pdhdYAA,Primary,,,,,G108562A,G-!DEA Garden,1-Outdoor Furniture,01-Outdoor Dining Sets
01tVT000007pd05YAA,01tVT000007pcgkYAA,Primary,,,,,G108558A,G-!DEA Garden,1-Outdoor Furniture,02-Outdoor Seating Sets
01tVT000007pdEbYAI,01tVT000007pdBNYAY,Primary,,,,,G108559A,G-!DEA Garden,1-Outdoor Furniture,02-Outdoor Seating Sets
01tVT000007pdPtYAI,01tVT000007pdOHYAY,Primary,,,,,G108560A,G-!DEA Garden,1-Outdoor Furniture,02-Outdoor Seating Sets
01tVT000007pdXxYAI,01tVT000007pdWLYAY,Primary,,,,,G108561A,G-!DEA Garden,1-Outdoor Furniture,01-Outdoor Dining Sets
01tVT000007pdxlYAA,01tVT000007pdw9YAA,Primary,,,,,G108563A,G-!DEA Garden,1-Outdoor Furniture,01-Outdoor Dining Sets
01tVT000007pgPNYAY,01tVT000007pgNlYAI,Primary,,,,,G108564A,G-!DEA Garden,1-Outdoor Furniture,01-Outdoor Dining Sets
01tVT000007phJqYAI,01tVT000007piKjYAI,Primary,,,,,G108567A,G-!DEA Garden,1-Outdoor Furniture,02-Outdoor Seating Sets
01tVT000007phgPYAQ,01tVT000007phenYAA,Primary,,,,,G108565A,G-!DEA Garden,1-Outdoor Furniture,02-Outdoor Seating Sets
01tVT000007phlGYAQ,01tVT000007pjQUYAY,Primary,,,,,G108570A,G-!DEA Garden,1-Outdoor Furniture,02-Outdoor Seating Sets
01tVT000007pi9RYAQ,01tVT000007pi4bYAA,Primary,,,,,G108566A,G-!DEA Garden,1-Outdoor Furniture,02-Outdoor Seating Sets
01tVT000007pj5VYAQ,01tVT000007pj3tYAA,Primary,,,,,G108569A,G-!DEA Garden,1-Outdoor Furniture,02-Outdoor Seating Sets
01tVT000007pjzxYAA,01tVT000007pjyLYAQ,Primary,,,,,G109086A,G-!DEA Garden,1-Outdoor Furniture,04-Outdoor Tables
01tVT000007sqdWYAQ,01tVT000007sr3JYAQ,Primary,,,,,G603039A,G-!DEA Garden,4-Camping & Beach,03-Coolers & Thermal Bags
01tVT000007sw7pYAA,01tVT000007sw2zYAA,Primary,,,,,G111115A,G-!DEA Garden,1-Outdoor Furniture,06-Hammocks & Swings
01tVT000007swivYAA,01tVT000007swhJYAQ,Primary,,,,,G108571A,G-!DEA Garden,1-Outdoor Furniture,02-Outdoor Seating Sets
01tVT000007syUbYAI,01tVT000007sySzYAI,Primary,,,,,G501127A,G-!DEA Garden,4-Camping & Beach,04-Beach Chairs & Umbrellas
01tVT000007symLYAQ,01tVT000007sykjYAA,Primary,,,,,G501128A,G-!DEA Garden,4-Camping & Beach,04-Beach Chairs & Umbrellas
01tVT000007szaLYAQ,01tVT000007szX7YAI,Primary,,,,,G501129A,G-!DEA Garden,4-Camping & Beach,04-Beach Chairs & Umbrellas
01tVT000007szvJYAQ,01tVT000007szqTYAQ,Primary,,,,,G501130A,G-!DEA Garden,4-Camping & Beach,04-Beach Chairs & Umbrellas
01tVT000007t3VtYAI,01tVT000007t3UHYAY,Primary,,,,,G501131A,G-!DEA Garden,4-Camping & Beach,04-Beach Chairs & Umbrellas
01tVT000007t4i5YAA,01tVT000007t4dFYAQ,Primary,,,,,G108572A,G-!DEA Garden,1-Outdoor Furniture,02-Outdoor Seating Sets
01tVT000007t5XhYAI,01tVT000007t5SrYAI,Primary,,,,,G108573A,G-!DEA Garden,1-Outdoor Furniture,02-Outdoor Seating Sets
01tVT000007t67BYAQ,01tVT000007t65ZYAQ,Primary,,,,,G108574A,G-!DEA Garden,1-Outdoor Furniture,02-Outdoor Seating Sets
01tVT000007teC5YAI,01tVT000007teATYAY,Primary,,,,,G108575A,G-!DEA Garden,1-Outdoor Furniture,02-Outdoor Seating Sets
01tVT000007teNOYAY,01tVT000007ti2nYAA,Primary,,,,,G602074A,G-!DEA Garden,4-Camping & Beach,02-Camping Chairs & Tables
01tVT000007tf1hYAA,01tVT000007tf05YAA,Primary,,,,,G108576A,G-!DEA Garden,1-Outdoor Furniture,02-Outdoor Seating Sets
01tVT000007tfT7YAI,01tVT000007tfOHYAY,Primary,,,,,G108577A,G-!DEA Garden,1-Outdoor Furniture,02-Outdoor Seating Sets
01tVT000007tgLxYAI,01tVT000007tgKLYAY,Primary,,,,,G602070A,G-!DEA Garden,4-Camping & Beach,02-Camping Chairs & Tables
01tVT000007tgtpYAA,01tVT000007tgsDYAQ,Primary,,,,,G602072A,G-!DEA Garden,4-Camping & Beach,02-Camping Chairs & Tables
01tVT000007th9xYAA,01tVT000007th8LYAQ,Primary,,,,,G108578A,G-!DEA Garden,1-Outdoor Furniture,02-Outdoor Seating Sets
01tVT000007tiIvYAI,01tVT000007tiHJYAY,Primary,,,,,G602075A,G-!DEA Garden,4-Camping & Beach,02-Camping Chairs & Tables
01tVT000007tiafYAA,01tVT000007tiVpYAI,Primary,,,,,G602076A,G-!DEA Garden,4-Camping & Beach,02-Camping Chairs & Tables
01tVT000007tkuDYAQ,01tVT000007tksbYAA,Primary,,,,,G501132A,G-!DEA Garden,4-Camping & Beach,04-Beach Chairs & Umbrellas
01tVT000007tlDZYAY,01tVT000007tl8jYAA,Primary,,,,,G602077A,G-!DEA Garden,4-Camping & Beach,02-Camping Chairs & Tables
01tVT000007tlWvYAI,01tVT000007tlS5YAI,Primary,,,,,G602078A,G-!DEA Garden,4-Camping & Beach,02-Camping Chairs & Tables
01tVT000007tpVhYAI,01tVT000007tpU5YAI,Primary,,,,,G501133A,G-!DEA Garden,4-Camping & Beach,04-Beach Chairs & Umbrellas
01tVT000007tqRlYAI,01tVT000007tqQ9YAI,Primary,,,,,G302056A,G-!DEA Garden,3-Outdoor Cooking,03-Grill Accessories
01tVT000007tql7YAA,01tVT000007tqgHYAQ,Primary,,,,,G302057A,G-!DEA Garden,3-Outdoor Cooking,03-Grill Accessories
01tVT000007tr4TYAQ,01tVT000007tr2rYAA,Primary,,,,,G302058A,G-!DEA Garden,3-Outdoor Cooking,03-Grill Accessories
01tVT000007trVtYAI,01tVT000007trUHYAY,Primary,,,,,G501135A,G-!DEA Garden,4-Camping & Beach,04-Beach Chairs & Umbrellas
01tVT000007tsJtYAI,01tVT000007trm1YAA,Primary,,,,,G302059A,G-!DEA Garden,3-Outdoor Cooking,03-Grill Accessories
01tVT000007tsbeYAA,01tVT000007tvRRYAY,Primary,,,,,G302061A,G-!DEA Garden,3-Outdoor Cooking,03-Grill Accessories
01tVT000007tsuzYAA,01tVT000007tnnGYAQ,Primary,,,,,G501137A,G-!DEA Garden,4-Camping & Beach,04-Beach Chairs & Umbrellas
01tVT000007tv4rYAA,01tVT000007tv1dYAA,Primary,,,,,G302060A,G-!DEA Garden,3-Outdoor Cooking,03-Grill Accessories
01tVT000007tvhZYAQ,01tVT000007tvfxYAA,Primary,,,,,G302062A,G-!DEA Garden,3-Outdoor Cooking,03-Grill Accessories
01tVT000007tvxhYAA,01tVT000007tvpdYAA,Primary,,,,,G302063A,G-!DEA Garden,3-Outdoor Cooking,03-Grill Accessories
01tVT000007tySXYAY,01tVT000007tyQvYAI,Primary,,,,,G302064A,G-!DEA Garden,3-Outdoor Cooking,03-Grill Accessories
01tVT000007u0ZCYAY,01tVT000007u15RYAQ,Primary,,,,,G302065A,G-!DEA Garden,3-Outdoor Cooking,03-Grill Accessories
01tVT000007uYXdYAM,01tVT000007uYW1YAM,Primary,,,,,G302066A,G-!DEA Garden,3-Outdoor Cooking,03-Grill Accessories
01tVT000007uYiwYAE,01tVT000007ubTtYAI,Primary,,,,,G302072A,G-!DEA Garden,3-Outdoor Cooking,03-Grill Accessories
01tVT000007uYqzYAE,01tVT000007uYm9YAE,Primary,,,,,G302067A,G-!DEA Garden,3-Outdoor Cooking,03-Grill Accessories
01tVT000007uZ0fYAE,01tVT000007uYz3YAE,Primary,,,,,G302068A,G-!DEA Garden,3-Outdoor Cooking,03-Grill Accessories
01tVT000007uZn3YAE,01tVT000007uZlRYAU,Primary,,,,,G302069A,G-!DEA Garden,3-Outdoor Cooking,03-Grill Accessories
01tVT000007uaBFYAY,01tVT000007ua9dYAA,Primary,,,,,G302070A,G-!DEA Garden,3-Outdoor Cooking,03-Grill Accessories
01tVT000007uaSzYAI,01tVT000007uaRNYAY,Primary,,,,,G302071A,G-!DEA Garden,3-Outdoor Cooking,03-Grill Accessories
01tVT000007uc8DYAQ,01tVT000007uc6bYAA,Primary,,,,,G302073A,G-!DEA Garden,3-Outdoor Cooking,03-Grill Accessories
01tVT000007uh7tYAA,01tVT000007uh6HYAQ,Primary,,,,,G501139A,G-!DEA Garden,4-Camping & Beach,04-Beach Chairs & Umbrellas
01tVT000007uiAPYAY,01tVT000007ui8nYAA,Primary,,,,,G108579A,G-!DEA Garden,1-Outdoor Furniture,02-Outdoor Seating Sets
01tVT000007uiWzYAI,01tVT000007uiS9YAI,Primary,,,,,G108580A,G-!DEA Garden,1-Outdoor Furniture,02-Outdoor Seating Sets
01tVT000007ukAcYAI,01tVT000007umHFYAY,Primary,,,,,G602083A,G-!DEA Garden,4-Camping & Beach,02-Camping Chairs & Tables
01tVT000007uks9YAA,01tVT000007uknJYAQ,Primary,,,,,G108581A,G-!DEA Garden,1-Outdoor Furniture,02-Outdoor Seating Sets
01tVT000007ulkzYAA,01tVT000007ulg9YAA,Primary,,,,,G602081A,G-!DEA Garden,4-Camping & Beach,02-Camping Chairs & Tables
01tVT000007umXNYAY,01tVT000007umVlYAI,Primary,,,,,G602084A,G-!DEA Garden,4-Camping & Beach,02-Camping Chairs & Tables
01tVT000007umqjYAA,01tVT000007umltYAA,Primary,,,,,G108582A,G-!DEA Garden,1-Outdoor Furniture,02-Outdoor Seating Sets
01tVT000007uoKfYAI,01tVT000007uoJ3YAI,Primary,,,,,G602085A,G-!DEA Garden,4-Camping & Beach,02-Camping Chairs & Tables
01tVT000007uohFYAQ,01tVT000007uocPYAQ,Primary,,,,,G602086A,G-!DEA Garden,4-Camping & Beach,02-Camping Chairs & Tables
01tVT000007uopKYAQ,01tVT000007upTdYAI,Primary,,,,,G108584A,G-!DEA Garden,1-Outdoor Furniture,02-Outdoor Seating Sets
01tVT000007uoyzYAA,01tVT000007uoxNYAQ,Primary,,,,,G602087A,G-!DEA Garden,4-Camping & Beach,02-Camping Chairs & Tables
01tVT000007up8fYAA,01tVT000007up3pYAA,Primary,,,,,G108583A,G-!DEA Garden,1-Outdoor Furniture,02-Outdoor Seating Sets
01tVT000007upILYAY,01tVT000007upF7YAI,Primary,,,,,G602088A,G-!DEA Garden,4-Camping & Beach,02-Camping Chairs & Tables
01tVT000007uqskYAA,01tVT000007urnBYAQ,Primary,,,,,G602090A,G-!DEA Garden,4-Camping & Beach,02-Camping Chairs & Tables
01tVT000007urdVYAQ,01tVT000007urbtYAA,Primary,,,,,G602089A,G-!DEA Garden,4-Camping & Beach,02-Camping Chairs & Tables
01tVT000007vMkYYAU,01tVT000007vP7JYAU,Primary,,,,,G109087A,G-!DEA Garden,1-Outdoor Furniture,04-Outdoor Tables
01tVT000007vPbxYAE,01tVT000007vPaLYAU,Primary,,,,,G113021A,G-!DEA Garden,1-Outdoor Furniture,05-Outdoor Storage
01tVT000007vPthYAE,01tVT000007vPP4YAM,Primary,,,,,G110217A,G-!DEA Garden,1-Outdoor Furniture,07-Outdoor Benches
01tVT000007vT7hYAE,01tVT000007vT65YAE,Primary,,,,,G113022A,G-!DEA Garden,1-Outdoor Furniture,07-Outdoor Benches
01tVT000007vTPRYA2,01tVT000007vTKbYAM,Primary,,,,,G113023A,G-!DEA Garden,1-Outdoor Furniture,05-Outdoor Storage
01tVT000007vTfZYAU,01tVT000007vTdxYAE,Primary,,,,,G113024A,G-!DEA Garden,1-Outdoor Furniture,05-Outdoor Storage
01tVT000007vTqrYAE,01tVT000007vTpFYAU,Primary,,,,,G113025A,G-!DEA Garden,1-Outdoor Furniture,05-Outdoor Storage
01tVT000007vUJtYAM,01tVT000007vUGfYAM,Primary,,,,,G108585A,G-!DEA Garden,1-Outdoor Furniture,07-Outdoor Benches
01tVT000007vUbdYAE,01tVT000007vUa1YAE,Primary,,,,,G111116A,G-!DEA Garden,1-Outdoor Furniture,03-Outdoor Chairs & Loungers
01tVT000007vUyDYAU,01tVT000007vUwbYAE,Primary,,,,,G108586A,G-!DEA Garden,1-Outdoor Furniture,02-Outdoor Seating Sets
01tVT000007vVFxYAM,01tVT000007vVELYA2,Primary,,,,,G108587A,G-!DEA Garden,1-Outdoor Furniture,02-Outdoor Seating Sets
01tVT000007vW3xYAE,01tVT000007vW2LYAU,Primary,,,,,G602091A,G-!DEA Garden,4-Camping & Beach,02-Camping Chairs & Tables
01tVT000007vYQjYAM,01tVT000007vYLtYAM,Primary,,,,,G602092A,G-!DEA Garden,4-Camping & Beach,02-Camping Chairs & Tables
01tVT000007vYdeYAE,01tVT000007vYddYAE,Primary,,,,,G602093A,G-!DEA Garden,4-Camping & Beach,02-Camping Chairs & Tables
01tVT000007wPq1YAE,01tVT000007wPoPYAU,Primary,,,,,G106307A,G-!DEA Garden,2-Outdoor Shades & Structures,02-Pergolas & Gazebos
01tVT000007wQ1JYAU,01tVT000007wOXOYA2,Primary,,,,,G106308A,G-!DEA Garden,2-Outdoor Shades & Structures,02-Pergolas & Gazebos
01tVT000007wQCbYAM,01tVT000007wQ9NYAU,Primary,,,,,G106309A,G-!DEA Garden,2-Outdoor Shades & Structures,02-Pergolas & Gazebos
01tVT000007wQR7YAM,01tVT000007wQPVYA2,Primary,,,,,G106310A,G-!DEA Garden,2-Outdoor Shades & Structures,02-Pergolas & Gazebos
01tVT000007wUuXYAU,01tVT000007wUsvYAE,Primary,,,,,G106311A,G-!DEA Garden,2-Outdoor Shades & Structures,02-Pergolas & Gazebos
01tVT000007zGLaYAM,01tVT000007zHkfYAE,Primary,,,,,G106312A,G-!DEA Garden,2-Outdoor Shades & Structures,02-Pergolas & Gazebos
01tVT000007zI0nYAE,01tVT000007zHvxYAE,Primary,,,,,G106313A,G-!DEA Garden,2-Outdoor Shades & Structures,02-Pergolas & Gazebos
01tVT000007zI8sYAE,01tVT000007zJcnYAE,Primary,,,,,G106318A,G-!DEA Garden,2-Outdoor Shades & Structures,02-Pergolas & Gazebos
01tVT000007zIATYA2,01tVT000007zI8rYAE,Primary,,,,,G106314A,G-!DEA Garden,2-Outdoor Shades & Structures,02-Pergolas & Gazebos
01tVT000007zIX3YAM,01tVT000007zITpYAM,Primary,,,,,G106315A,G-!DEA Garden,2-Outdoor Shades & Structures,02-Pergolas & Gazebos
01tVT000007zIs1YAE,01tVT000007zIqPYAU,Primary,,,,,G106316A,G-!DEA Garden,2-Outdoor Shades & Structures,02-Pergolas & Gazebos
01tVT000007zJ89YAE,01tVT000007zJ6XYAU,Primary,,,,,G106317A,G-!DEA Garden,2-Outdoor Shades & Structures,02-Pergolas & Gazebos
01tVT000007zOB3YAM,01tVT000007zO9RYAU,Primary,,,,,G106319A,G-!DEA Garden,2-Outdoor Shades & Structures,02-Pergolas & Gazebos
01tVT0000080BmrYAE,01tVT0000080Au1YAE,Primary,,,,,G106320A,G-!DEA Garden,2-Outdoor Shades & Structures,02-Pergolas & Gazebos
01tVT0000080EXpYAM,01tVT0000080EUbYAM,Primary,,,,,G106321A,G-!DEA Garden,2-Outdoor Shades & Structures,02-Pergolas & Gazebos
01tVT0000080HvVYAU,01tVT0000080HXJYA2,Primary,,,,,G106322A,G-!DEA Garden,2-Outdoor Shades & Structures,02-Pergolas & Gazebos
01tVT0000080IUzYAM,01tVT0000080ITNYA2,Primary,,,,,G106323A,G-!DEA Garden,2-Outdoor Shades & Structures,02-Pergolas & Gazebos
01tVT0000080Iy1YAE,01tVT0000080IunYAE,Primary,,,,,G106324A,G-!DEA Garden,2-Outdoor Shades & Structures,02-Pergolas & Gazebos
01tVT0000080JcLYAU,01tVT0000080JXVYA2,Primary,,,,,G106325A,G-!DEA Garden,2-Outdoor Shades & Structures,02-Pergolas & Gazebos
01tVT0000080tkgYAA,01tVT0000080unBYAQ,Primary,,,,,H210197B,H-!DEA Home,2-Kitchen & Dining Furniture,03-Dining Sets
01tVT0000080tzBYAQ,01tVT0000080tuLYAQ,Primary,,,,,H210195B,H-!DEA Home,2-Kitchen & Dining Furniture,03-Dining Sets
01tVT0000080v9lYAA,01tVT0000080v89YAA,Primary,,,,,H210198B,H-!DEA Home,2-Kitchen & Dining Furniture,03-Dining Sets
01tVT0000080vZZYAY,01tVT0000080vUjYAI,Primary,,,,,H210199B,H-!DEA Home,2-Kitchen & Dining Furniture,03-Dining Sets
01tVT0000080wCHYAY,01tVT0000080w4DYAQ,Primary,,,,,H309221B,H-!DEA Home,1-Living Room Furniture,06-Sofa Beds
01tVT0000080wNZYAY,01tVT0000080wKLYAY,Primary,,,,,H309222B,H-!DEA Home,1-Living Room Furniture,06-Sofa Beds
01tVT0000080wfJYAQ,01tVT0000080wc5YAA,Primary,,,,,H309223B,H-!DEA Home,1-Living Room Furniture,06-Sofa Beds
01tVT0000080wvRYAQ,01tVT0000080wtpYAA,Primary,,,,,H309224B,H-!DEA Home,1-Living Room Furniture,06-Sofa Beds
01tVT0000080xJdYAI,01tVT0000080xGPYAY,Primary,,,,,H309225B,H-!DEA Home,1-Living Room Furniture,06-Sofa Beds
01tVT0000080xwLYAQ,01tVT0000080uKAYAY,Primary,,,,,H211038B,H-!DEA Home,2-Kitchen & Dining Furniture,02-Dining Tables
01tVT0000080yIvYAI,01tVT0000080yHJYAY,Primary,,,,,H211039B,H-!DEA Home,2-Kitchen & Dining Furniture,02-Dining Tables
01tVT0000081rqTYAQ,01tVT0000081rorYAA,Primary,,,,,G106326A,G-!DEA Garden,2-Outdoor Shades & Structures,02-Pergolas & Gazebos
01tVT0000081s1lYAA,01tVT0000081s09YAA,Primary,,,,,G106327A,G-!DEA Garden,2-Outdoor Shades & Structures,02-Pergolas & Gazebos
01tVT0000081sGHYAY,01tVT0000081sEfYAI,Primary,,,,,G106328A,G-!DEA Garden,2-Outdoor Shades & Structures,02-Pergolas & Gazebos
01tVT0000081sxpYAA,01tVT0000081subYAA,Primary,,,,,G402023A,G-!DEA Garden,6-Outdoor Gardening,03-Garden Tool & Equipment
01tVT0000081tAjYAI,01tVT0000081pQVYAY,Primary,,,,,G402024A,G-!DEA Garden,6-Outdoor Gardening,03-Garden Tool & Equipment
01tVT00000851AAYAY,01tVT00000854hVYAQ,Primary,,,,,G603080A,G-!DEA Garden,4-Camping & Beach,03-Coolers & Thermal Bags
01tVT00000854ZRYAY,01tVT00000853WwYAI,Primary,,,,,G603079A,G-!DEA Garden,4-Camping & Beach,03-Coolers & Thermal Bags
01tVT00000854rBYAQ,01tVT00000854mLYAQ,Primary,,,,,G603081A,G-!DEA Garden,4-Camping & Beach,03-Coolers & Thermal Bags
01tVT00000855C9YAI,01tVT00000855AXYAY,Primary,,,,,G603082A,G-!DEA Garden,4-Camping & Beach,03-Coolers & Thermal Bags
01tVT00000855QgYAI,01tVT00000855SHYAY,Primary,,,,,G603083A,G-!DEA Garden,4-Camping & Beach,03-Coolers & Thermal Bags
01tVT0000086cnaYAA,01tVT0000086mQLYAY,Primary,,,,,H316045B,H-!DEA Home,1-Living Room Furniture,10-Tv Stands & Entertainment
01tVT0000086fTiYAI,01tVT0000086iszYAA,Primary,,,,,H316039B,H-!DEA Home,1-Living Room Furniture,10-Tv Stands & Entertainment
01tVT0000086g6PYAQ,01tVT0000086g4nYAA,Primary,,,,,G602095A,G-!DEA Garden,4-Camping & Beach,02-Camping Chairs & Tables
01tVT0000086gJJYAY,01tVT0000086gHhYAI,Primary,,,,,G602096A,G-!DEA Garden,4-Camping & Beach,02-Camping Chairs & Tables
01tVT0000086gWDYAY,01tVT0000086gUbYAI,Primary,,,,,G602097A,G-!DEA Garden,4-Camping & Beach,06-Beach Carts & Wagons
01tVT0000086gj7YAA,01tVT0000086ghVYAQ,Primary,,,,,G602098A,G-!DEA Garden,4-Camping & Beach,06-Beach Carts & Wagons
01tVT0000086guPYAQ,01tVT0000086gpZYAQ,Primary,,,,,G602099A,G-!DEA Garden,4-Camping & Beach,06-Beach Carts & Wagons
01tVT0000086h45YAA,01tVT0000086h2TYAQ,Primary,,,,,G501142A,G-!DEA Garden,4-Camping & Beach,04-Beach Chairs & Umbrellas
01tVT0000086hDlYAI,01tVT0000086fOsYAI,Primary,,,,,G501143A,G-!DEA Garden,4-Camping & Beach,04-Beach Chairs & Umbrellas
01tVT0000086haLYAQ,01tVT0000086efiYAA,Primary,,,,,G501145A,G-!DEA Garden,4-Camping & Beach,04-Beach Chairs & Umbrellas
01tVT0000086iL7YAI,01tVT0000086iJVYAY,Primary,,,,,H316037B,H-!DEA Home,1-Living Room Furniture,10-Tv Stands & Entertainment
01tVT0000086ibFYAQ,01tVT0000086iWPYAY,Primary,,,,,H316038B,H-!DEA Home,1-Living Room Furniture,10-Tv Stands & Entertainment
01tVT0000086jInYAI,01tVT0000086jHBYAY,Primary,,,,,H316040B,H-!DEA Home,1-Living Room Furniture,10-Tv Stands & Entertainment
01tVT0000086jYvYAI,01tVT0000086jU5YAI,Primary,,,,,H316041B,H-!DEA Home,1-Living Room Furniture,10-Tv Stands & Entertainment
01tVT0000086k8QYAQ,01tVT0000086n6HYAQ,Primary,,,,,H316048B,H-!DEA Home,1-Living Room Furniture,10-Tv Stands & Entertainment
01tVT0000086mgTYAQ,01tVT0000086mdFYAQ,Primary,,,,,H316046B,H-!DEA Home,1-Living Room Furniture,10-Tv Stands & Entertainment
01tVT0000086myDYAQ,01tVT0000086mwbYAA,Primary,,,,,H316047B,H-!DEA Home,1-Living Room Furniture,10-Tv Stands & Entertainment
01tVT0000086nHZYAY,01tVT0000086nFxYAI,Primary,,,,,H316049B,H-!DEA Home,1-Living Room Furniture,10-Tv Stands & Entertainment
01tVT0000087OIkYAM,01tVT0000087TdNYAU,Primary,,,,,G601008A,G-!DEA Garden,4-Camping & Beach,01-Camping Tents
01tVT0000087SnlYAE,01tVT0000087PRiYAM,Primary,,,,,G601005A,G-!DEA Garden,4-Camping & Beach,01-Camping Tents
01tVT0000087T0fYAE,01tVT0000087MzTYAU,Primary,,,,,G601006A,G-!DEA Garden,4-Camping & Beach,01-Camping Tents
01tVT0000087UWDYA2,01tVT0000087UUbYAM,Primary,,,,,G601009A,G-!DEA Garden,4-Camping & Beach,01-Camping Tents
01tVT0000087UpZYAU,01tVT0000087UmLYAU,Primary,,,,,G601010A,G-!DEA Garden,4-Camping & Beach,01-Camping Tents
01tVT0000087ZPRYA2,01tVT0000087ZE9YAM,Primary,,,,,G111117A,G-!DEA Garden,1-Outdoor Furniture,06-Hammocks & Swings
01tVT0000089cnpYAA,01tVT0000089cizYAA,Primary,,,,,G111118A,G-!DEA Garden,1-Outdoor Furniture,06-Hammocks & Swings
01tVT0000089d2LYAQ,01tVT0000089d0jYAA,Primary,,,,,G111119A,G-!DEA Garden,1-Outdoor Furniture,06-Hammocks & Swings
01tVT0000089dFFYAY,01tVT0000089dDdYAI,Primary,,,,,G111120A,G-!DEA Garden,1-Outdoor Furniture,06-Hammocks & Swings
01tVT0000089dQXYAY,01tVT0000089bGgYAI,Primary,,,,,G111121A,G-!DEA Garden,1-Outdoor Furniture,06-Hammocks & Swings
01tVT0000089dwnYAA,01tVT0000089VG6YAM,Primary,,,,,G111123A,G-!DEA Garden,1-Outdoor Furniture,06-Hammocks & Swings
01tVT0000089e85YAA,01tVT0000089e6TYAQ,Primary,,,,,G111124A,G-!DEA Garden,1-Outdoor Furniture,06-Hammocks & Swings
01tVT0000089fAbYAI,01tVT0000089b0YYAQ,Primary,,,,,G111125A,G-!DEA Garden,1-Outdoor Furniture,06-Hammocks & Swings
01tVT0000089gUsYAI,01tVT0000089i5FYAQ,Primary,,,,,G603084A,G-!DEA Garden,4-Camping & Beach,05-Camping Accessories
01tVT0000089gmbYAA,01tVT0000089gkzYAA,Primary,,,,,G602102A,G-!DEA Garden,4-Camping & Beach,05-Camping Accessories
01tVT0000089iEvYAI,01tVT0000089iDJYAY,Primary,,,,,G603085A,G-!DEA Garden,4-Camping & Beach,05-Camping Accessories
01tVT000008BQaTYAW,01tVT000008BQVdYAO,Primary,,,,,G111126A,G-!DEA Garden,1-Outdoor Furniture,06-Hammocks & Swings
01tVT000008BQsDYAW,01tVT000008BPXyYAO,Primary,,,,,G111127A,G-!DEA Garden,1-Outdoor Furniture,06-Hammocks & Swings
01tVT000008BRhpYAG,01tVT000008BRczYAG,Primary,,,,,G111128A,G-!DEA Garden,1-Outdoor Furniture,06-Hammocks & Swings
01tVT000008BRt7YAG,01tVT000008BRptYAG,Primary,,,,,G111129A,G-!DEA Garden,1-Outdoor Furniture,06-Hammocks & Swings
01tVT000008CLvJYAW,01tVT000008CLqTYAW,Primary,,,,,G602104A,G-!DEA Garden,4-Camping & Beach,05-Camping Accessories
01tVT000008CMeTYAW,01tVT000008CMGHYA4,Primary,,,,,H316050B,H-!DEA Home,1-Living Room Furniture,10-Tv Stands & Entertainment
01tVT000008CQDRYA4,01tVT000008CQADYA4,Primary,,,,,G502062A,G-!DEA Garden,4-Camping & Beach,04-Beach Chairs & Umbrellas
01tVT000008CQjhYAG,01tVT000008CQerYAG,Primary,,,,,G502064A,G-!DEA Garden,4-Camping & Beach,04-Beach Chairs & Umbrellas
01tVT000008DEyDYAW,01tVT000008DEwbYAG,Primary,,,,,G302077A,G-!DEA Garden,3-Outdoor Cooking,03-Grill Accessories
01tVT000008DFB7YAO,01tVT000008DF9VYAW,Primary,,,,,G302078A,G-!DEA Garden,3-Outdoor Cooking,03-Grill Accessories
01tVT000008DFKnYAO,01tVT000008DDPSYA4,Primary,,,,,G302079A,G-!DEA Garden,3-Outdoor Cooking,03-Grill Accessories
01tVT000008DFRFYA4,01tVT000008DFO1YAO,Primary,,,,,G302080A,G-!DEA Garden,3-Outdoor Cooking,03-Grill Accessories
01tVT000008DFZJYA4,01tVT000008DFXhYAO,Primary,,,,,G302081A,G-!DEA Garden,3-Outdoor Cooking,03-Grill Accessories
01tVT000008H6HKYA0,01tVT000008H9ezYAC,Primary,,,,,G302090A,G-!DEA Garden,3-Outdoor Cooking,03-Grill Accessories
01tVT000008H6h7YAC,01tVT000008H6fVYAS,Primary,,,,,G302082A,G-!DEA Garden,3-Outdoor Cooking,03-Grill Accessories
01tVT000008H7DNYA0,01tVT000008H78XYAS,Primary,,,,,G302083A,G-!DEA Garden,3-Outdoor Cooking,03-Grill Accessories
01tVT000008H7QIYA0,01tVT000008H8SnYAK,Primary,,,,,G302086A,G-!DEA Garden,3-Outdoor Cooking,03-Grill Accessories
01tVT000008H82zYAC,01tVT000008H81NYAS,Primary,,,,,G302084A,G-!DEA Garden,3-Outdoor Cooking,03-Grill Accessories
01tVT000008H8KjYAK,01tVT000008H8FtYAK,Primary,,,,,G302085A,G-!DEA Garden,3-Outdoor Cooking,03-Grill Accessories
01tVT000008H8ivYAC,01tVT000008H8e5YAC,Primary,,,,,G302087A,G-!DEA Garden,3-Outdoor Cooking,03-Grill Accessories
01tVT000008H9GnYAK,01tVT000008H9FBYA0,Primary,,,,,G302088A,G-!DEA Garden,3-Outdoor Cooking,03-Grill Accessories
01tVT000008H9VJYA0,01tVT000008H9ThYAK,Primary,,,,,G302089A,G-!DEA Garden,3-Outdoor Cooking,03-Grill Accessories
01tVT000008H9tVYAS,01tVT000008H9qHYAS,Primary,,,,,G302091A,G-!DEA Garden,3-Outdoor Cooking,03-Grill Accessories
01tVT000008IDobYAG,01tVT000008IDi9YAG,Primary,,,,,G106329A,G-!DEA Garden,2-Outdoor Shades & Structures,02-Pergolas & Gazebos
01tVT000008IE4kYAG,01tVT000008IGcnYAG,Primary,,,,,G110225A,G-!DEA Garden,1-Outdoor Furniture,03-Outdoor Chairs & Loungers
01tVT000008IEKrYAO,01tVT000008IEJFYA4,Primary,,,,,G302092A,G-!DEA Garden,3-Outdoor Cooking,03-Grill Accessories
01tVT000008IGkrYAG,01tVT000008IGjFYAW,Primary,,,,,G110226A,G-!DEA Garden,1-Outdoor Furniture,03-Outdoor Chairs & Loungers
01tVT000008IsTZYA0,01tVT000008IsOjYAK,Primary,,,,,G302093A,G-!DEA Garden,3-Outdoor Cooking,03-Grill Accessories
01tVT000008IsuzYAC,01tVT000008IstNYAS,Primary,,,,,G302094A,G-!DEA Garden,3-Outdoor Cooking,03-Grill Accessories
01tVT000008LI3lYAG,01tVT000008LI29YAG,Primary,,,,,G301237A,G-!DEA Garden,3-Outdoor Cooking,01-Charcoal Grills
01tVT000008LtD0YAK,01tVT000008M9hZYAS,Primary,,,,,G301242A,G-!DEA Garden,3-Outdoor Cooking,02-Gas Grills
01tVT000008M21mYAC,01tVT000008LwUEYA0,Primary,,,,,G301239A,G-!DEA Garden,3-Outdoor Cooking,01-Charcoal Grills
01tVT000008M7XhYAK,01tVT000008M7ELYA0,Primary,,,,,G301240A,G-!DEA Garden,3-Outdoor Cooking,03-Grill Accessories
01tVT000008M88nYAC,01tVT000008M87BYAS,Primary,,,,,G301241A,G-!DEA Garden,3-Outdoor Cooking,03-Grill Accessories
01tVT000008MA0vYAG,01tVT000008M9zJYAS,Primary,,,,,G301243A,G-!DEA Garden,3-Outdoor Cooking,02-Gas Grills
01tVT000008MAKHYA4,01tVT000008MAFRYA4,Primary,,,,,G301244A,G-!DEA Garden,3-Outdoor Cooking,02-Gas Grills
01tVT000008MAaPYAW,01tVT000008MAVZYA4,Primary,,,,,G301245A,G-!DEA Garden,3-Outdoor Cooking,02-Gas Grills
01tVT000008OGoeYAG,01tVT000008OIgjYAG,Primary,,,,,G301247A,G-!DEA Garden,3-Outdoor Cooking,02-Gas Grills
01tVT000008OI7FYAW,01tVT000008OI5dYAG,Primary,,,,,G301246A,G-!DEA Garden,3-Outdoor Cooking,02-Gas Grills
01tVT000008OJ3JYAW,01tVT000008NczJYAS,Primary,,,,,G301248A,G-!DEA Garden,3-Outdoor Cooking,02-Gas Grills
01tVT000008OJT7YAO,01tVT000008OJRVYA4,Alternative,,,,,G301249A,G-!DEA Garden,3-Outdoor Cooking,01-Charcoal Grills
01tVT000008OJjFYAW,01tVT000008OJcnYAG,Primary,,,,,G301250A,G-!DEA Garden,3-Outdoor Cooking,01-Charcoal Grills
01tVT000008OJuXYAW,01tVT000008OJsvYAG,Primary,,,,,G301251A,G-!DEA Garden,3-Outdoor Cooking,01-Charcoal Grills
01tVT000008PQKTYA4,01tVT000008PQHFYA4,Primary,,,,,G111130A,G-!DEA Garden,1-Outdoor Furniture,06-Hammocks & Swings
01tVT000008PQYzYAO,01tVT000008PQXNYA4,Primary,,,,,G111131A,G-!DEA Garden,1-Outdoor Furniture,06-Hammocks & Swings
01tVT000008QWinYAG,01tVT000008QWfZYAW,Primary,,,,,G108591A,G-!DEA Garden,1-Outdoor Furniture,01-Outdoor Dining Sets
01tVT000008QWndYAG,01tVT000008QWhBYAW,Primary,,,,,G106330A,G-!DEA Garden,2-Outdoor Shades & Structures,04-Umbrellas Accessories
01tVT000008QWyvYAG,01tVT000008QWxJYAW,Primary,,,,,G108592A,G-!DEA Garden,1-Outdoor Furniture,01-Outdoor Dining Sets
01tVT000008QXRxYAO,01tVT000008QXN7YAO,Primary,,,,,G108593A,G-!DEA Garden,1-Outdoor Furniture,02-Outdoor Seating Sets
01tVT000008QXi5YAG,01tVT000008QXdFYAW,Primary,,,,,G108594A,G-!DEA Garden,1-Outdoor Furniture,02-Outdoor Seating Sets
01tVT000008QXwbYAG,01tVT000008QXuzYAG,Primary,,,,,G108595A,G-!DEA Garden,1-Outdoor Furniture,01-Outdoor Dining Sets
01tVT000008QYB7YAO,01tVT000008QY9VYAW,Primary,,,,,G108596A,G-!DEA Garden,1-Outdoor Furniture,02-Outdoor Seating Sets
01tVT000008QYavYAG,01tVT000008QYZJYA4,Primary,,,,,G108597A,G-!DEA Garden,1-Outdoor Furniture,01-Outdoor Dining Sets
01tVT000008QYkcYAG,01tVT000008QdPJYA0,Primary,,,,,G108605A,G-!DEA Garden,1-Outdoor Furniture,02-Outdoor Seating Sets
01tVT000008QYnpYAG,01tVT000008QYmDYAW,Primary,,,,,G108598A,G-!DEA Garden,1-Outdoor Furniture,02-Outdoor Seating Sets
01tVT000008QZ3xYAG,01tVT000008QZ2LYAW,Primary,,,,,G108599A,G-!DEA Garden,1-Outdoor Furniture,02-Outdoor Seating Sets
01tVT000008QZITYA4,01tVT000008QZAQYA4,Primary,,,,,G108600A,G-!DEA Garden,1-Outdoor Furniture,01-Outdoor Dining Sets
01tVT000008QZWzYAO,01tVT000008QYcYYAW,Primary,,,,,G108601A,G-!DEA Garden,1-Outdoor Furniture,01-Outdoor Dining Sets
01tVT000008Qa3FYAS,01tVT000008QZwnYAG,Primary,,,,,G108602A,G-!DEA Garden,1-Outdoor Furniture,02-Outdoor Seating Sets
01tVT000008QaBKYA0,01tVT000008Qd7ZYAS,Primary,,,,,G108604A,G-!DEA Garden,1-Outdoor Furniture,02-Outdoor Seating Sets
01tVT000008Qc1qYAC,01tVT000008QdVlYAK,Primary,,,,,G108606A,G-!DEA Garden,1-Outdoor Furniture,02-Outdoor Seating Sets
01tVT000008Qc8HYAS,01tVT000008Qc6fYAC,Primary,,,,,G111132A,G-!DEA Garden,1-Outdoor Furniture,03-Outdoor Chairs & Loungers
01tVT000008QcLBYA0,01tVT000008QcJZYA0,Primary,,,,,H212052B,H-!DEA Home,2-Kitchen & Dining Furniture,05-Kitchen Carts & Islands
01tVT000008QchlYAC,01tVT000008Qcg9YAC,Primary,,,,,G108603A,G-!DEA Garden,1-Outdoor Furniture,01-Outdoor Dining Sets
01tVT000008QdqjYAC,01tVT000008Qdp7YAC,Primary,,,,,G108607A,G-!DEA Garden,1-Outdoor Furniture,01-Outdoor Dining Sets
01tVT000008Qe6rYAC,01tVT000008Qe3dYAC,Primary,,,,,G108608A,G-!DEA Garden,1-Outdoor Furniture,01-Outdoor Dining Sets
01tVT000008QeJlYAK,01tVT000008QeEvYAK,Primary,,,,,G108609A,G-!DEA Garden,1-Outdoor Furniture,01-Outdoor Dining Sets
01tVT000008Qg8fYAC,01tVT000008Qg3pYAC,Primary,,,,,G108610A,G-!DEA Garden,1-Outdoor Furniture,02-Outdoor Seating Sets
01tVT000008QgF8YAK,01tVT000008Qi7FYAS,Primary,,,,,G112176A,G-!DEA Garden,6-Outdoor Gardening,04-Garden Decoration
01tVT000008QgmzYAC,01tVT000008QggXYAS,Primary,,,,,G108611A,G-!DEA Garden,1-Outdoor Furniture,02-Outdoor Seating Sets
01tVT000008Qh1VYAS,01tVT000008QgztYAC,Primary,,,,,G108612A,G-!DEA Garden,1-Outdoor Furniture,02-Outdoor Seating Sets
01tVT000008QhO5YAK,01tVT000008QhMTYA0,Primary,,,,,G108613A,G-!DEA Garden,1-Outdoor Furniture,02-Outdoor Seating Sets
01tVT000008QhvxYAC,01tVT000008QggYYAS,Primary,,,,,G112175A,G-!DEA Garden,6-Outdoor Gardening,04-Garden Decoration
01tVT000008Qj6XYAS,01tVT000008Qj4vYAC,Primary,,,,,G112177A,G-!DEA Garden,6-Outdoor Gardening,04-Garden Decoration
01tVT000008QjMfYAK,01tVT000008QjHpYAK,Primary,,,,,G112178A,G-!DEA Garden,6-Outdoor Gardening,04-Garden Decoration
01tVT000008QjePYAS,01tVT000008QjZaYAK,Primary,,,,,G112180A,G-!DEA Garden,6-Outdoor Gardening,04-Garden Decoration
01tVT000008QjmTYAS,01tVT000008Qhj4YAC,Primary,,,,,G112181A,G-!DEA Garden,6-Outdoor Gardening,04-Garden Decoration
01tVT000008Qjw9YAC,01tVT000008QjuXYAS,Primary,,,,,G112182A,G-!DEA Garden,6-Outdoor Gardening,04-Garden Decoration
01tVT000008Sb6TYAS,01tVT000008Sb1dYAC,Primary,,,,,G108614A,G-!DEA Garden,1-Outdoor Furniture,02-Outdoor Seating Sets
01tVT000008SbKzYAK,01tVT000008SbG9YAK,Primary,,,,,G108615A,G-!DEA Garden,1-Outdoor Furniture,02-Outdoor Seating Sets
01tVT000008SbT3YAK,01tVT000008SWBeYAO,Primary,,,,,G109094A,G-!DEA Garden,1-Outdoor Furniture,04-Outdoor Tables
01tVT000008VDqnYAG,01tVT000008VDpBYAW,Primary,,,,,G108617A,G-!DEA Garden,1-Outdoor Furniture,02-Outdoor Seating Sets
01tVT000008VEA9YAO,01tVT000008VE8XYAW,Primary,,,,,G108618A,G-!DEA Garden,1-Outdoor Furniture,02-Outdoor Seating Sets
01tVT000008VEYLYA4,01tVT000008VEV7YAO,Primary,,,,,G108619A,G-!DEA Garden,1-Outdoor Furniture,02-Outdoor Seating Sets
01tVT000008Z1ZLYA0,01tVT000008Z40vYAC,Primary,,,,,G108621A,G-!DEA Garden,1-Outdoor Furniture,01-Outdoor Dining Sets
01tVT000008Z3KzYAK,01tVT000008Z3HlYAK,Primary,,,,,G108620A,G-!DEA Garden,1-Outdoor Furniture,01-Outdoor Dining Sets
01tVT000008Z4NVYA0,01tVT000008Z4IfYAK,Primary,,,,,G108622A,G-!DEA Garden,1-Outdoor Furniture,01-Outdoor Dining Sets
01tVT000008Z4fFYAS,01tVT000008Z4XBYA0,Primary,,,,,G108623A,G-!DEA Garden,1-Outdoor Furniture,01-Outdoor Dining Sets
01tVT000008Z5g9YAC,01tVT000008Z5cvYAC,Primary,,,,,G108624A,G-!DEA Garden,1-Outdoor Furniture,02-Outdoor Seating Sets
01tVT000008Zy6LYAS,01tVT000008Zy1VYAS,Alternative,,,,,G301253A,G-!DEA Garden,3-Outdoor Cooking,07-Portable & Camping Grills
01tVT000008apiXYAQ,01tVT000008apfJYAQ,Alternative,,,,,G301254A,G-!DEA Garden,3-Outdoor Cooking,07-Portable & Camping Grills
01tVT000008dlGzYAI,01tVT000008Zy1VYAS,Alternative,,,,,G301253A,G-!DEA Garden,3-Outdoor Cooking,07-Portable & Camping Grills
01tVT000008dlKDYAY,01tVT000008apfJYAQ,Primary,,,,,G301254A,G-!DEA Garden,3-Outdoor Cooking,07-Portable & Camping Grills
01tVT000008gAj7YAE,01tVT000008gAftYAE,Primary,,,,,G301256A,G-!DEA Garden,3-Outdoor Cooking,02-Gas Grills
01tVT000008gP5RYAU,01tVT000008gP2DYAU,Alternative,,,,,G101130A,G-!DEA Garden,5-Folding Furniture,02-Folding Chairs
01tVT000008gcykYAA,01tVT000008gcyjYAA,Primary,,G-!DEA Garden,5-Folding Furniture,01-Utility Folding Tables (HDPE),G102022M,G-!DEA Garden,5-Folding Furniture,01-Utility Folding Tables (HDPE)
01tVT000008h0plYAA,01tVT000008h0o9YAA,Alternative,,,,,G101131A,G-!DEA Garden,5-Folding Furniture,01-Utility Folding Tables (HDPE)
01tVT000008hRWbYAM,01tVT000008hRUzYAM,Primary,,,,,G108626A,G-!DEA Garden,1-Outdoor Furniture,02-Outdoor Seating Sets
01tVT000008sjwPYAQ,01tVT000008sjpxYAA,Primary,,,,,G301257A,G-!DEA Garden,3-Outdoor Cooking,07-Portable & Camping Grills
01tVT000008skm1YAA,01tVT000008Zy1VYAS,Primary,,,,,G301253A,G-!DEA Garden,3-Outdoor Cooking,07-Portable & Camping Grills
01tVT000008vkpVYAQ,01tVT000008vkkfYAA,Primary,,,,,G108627A,G-!DEA Garden,1-Outdoor Furniture,01-Outdoor Dining Sets
01tVT000008vl7FYAQ,01tVT000008vl2PYAQ,Primary,,,,,G108628A,G-!DEA Garden,1-Outdoor Furniture,01-Outdoor Dining Sets
01tVT000008vlYfYAI,01tVT000008vlX3YAI,Primary,,,,,G108629A,G-!DEA Garden,1-Outdoor Furniture,02-Outdoor Seating Sets
01tVT000008weq5YAA,01tVT000008welFYAQ,Primary,,,,,G108630A,G-!DEA Garden,1-Outdoor Furniture,01-Outdoor Dining Sets
01tVT000008wf1NYAQ,01tVT000008wey9YAA,Primary,,,,,G108631A,G-!DEA Garden,1-Outdoor Furniture,01-Outdoor Dining Sets
01tVT000008xigMYAQ,01tVT000008xigLYAQ,Primary,,,,,G101105HL,G-!DEA Garden,5-Folding Furniture,01-Utility Folding Tables (HDPE)
01tVT000008xilCYAQ,01tVT000008xilBYAQ,Primary,,,,,G101008HL,G-!DEA Garden,5-Folding Furniture,01-Utility Folding Tables (HDPE)
01tVT000008xj1KYAQ,01tVT000008xj1JYAQ,Primary,,,,,H309175M,H-!DEA Home,1-Living Room Furniture,12-Compressed Sofas
01tVT0000090zEQYAY,01tVT0000090zEPYAY,Primary,,,,,H311112M,H-!DEA Home,1-Living Room Furniture,12-Compressed Sofas
01tVT00000914lyYAA,01tVT00000918rBYAQ,Primary,,,,,G110228A,G-!DEA Garden,1-Outdoor Furniture,03-Outdoor Chairs & Loungers
01tVT00000918KvYAI,01tVT00000918G5YAI,Primary,,,,,G110227A,G-!DEA Garden,1-Outdoor Furniture,03-Outdoor Chairs & Loungers
01tVT0000091LzhYAE,01tVT0000091LurYAE,Primary,,,,,G110229A,G-!DEA Garden,1-Outdoor Furniture,03-Outdoor Chairs & Loungers
01tVT0000091MNtYAM,01tVT0000091MMHYA2,Primary,,,,,G110230A,G-!DEA Garden,1-Outdoor Furniture,03-Outdoor Chairs & Loungers
01tVT0000092334YAA,01tVT00000926nJYAQ,Primary,,,,,G109103A,G-!DEA Garden,1-Outdoor Furniture,04-Outdoor Tables
01tVT00000926CDYAY,01tVT00000926AbYAI,Primary,,,,,G110231A,G-!DEA Garden,1-Outdoor Furniture,03-Outdoor Chairs & Loungers
01tVT00000927xtYAA,01tVT00000927t3YAA,Primary,,,,,G109104A,G-!DEA Garden,1-Outdoor Furniture,04-Outdoor Tables
01tVT0000092DQbYAM,01tVT0000092DOzYAM,Primary,,,,,G108632A,G-!DEA Garden,1-Outdoor Furniture,02-Outdoor Seating Sets
01tVT0000092DlZYAU,01tVT0000092DjxYAE,Primary,,,,,G108633A,G-!DEA Garden,1-Outdoor Furniture,01-Outdoor Dining Sets
01tVT0000093iDpYAI,01tVT0000093iAbYAI,Primary,,,,,G101135A,G-!DEA Garden,5-Folding Furniture,01-Utility Folding Tables (HDPE)
01tVT0000093igrYAA,01tVT0000093iddYAA,Primary,,,,,G101136A,G-!DEA Garden,5-Folding Furniture,01-Utility Folding Tables (HDPE)
01tVT0000097n5FYAQ,01tVT0000097mxBYAQ,Primary,,,,,H311152B,H-!DEA Home,1-Living Room Furniture,12-Compressed Sofas
01tVT000009JboHYAS,01tVT000009JavRYAS,Primary,,,,,G302098A,G-!DEA Garden,3-Outdoor Cooking,03-Grill Accessories
01tVT000009NW5FYAW,01tVT000009NW0PYAW,Primary,,,,,G302099A,G-!DEA Garden,3-Outdoor Cooking,03-Grill Accessories
01tVT000009NX4XYAW,01tVT000009NWzhYAG,Primary,,,,,G302100A,G-!DEA Garden,3-Outdoor Cooking,03-Grill Accessories
01tVT000009SDMvYAO,01tVT000009SDJhYAO,Primary,,,,,G302101A,G-!DEA Garden,3-Outdoor Cooking,03-Grill Accessories
01tVT000009WWCTYA4,01tVT000009WW9FYAW,Primary,,,,,H406115B,H-!DEA Home,4-Storage & Organization,05-Shelving Units
01tVT000009WWdtYAG,01tVT000009WWXRYA4,Primary,,,,,H406116B,H-!DEA Home,4-Storage & Organization,05-Shelving Units
01tVT000009WWqnYAG,01tVT000009WWijYAG,Primary,,,,,H406117B,H-!DEA Home,4-Storage & Organization,05-Shelving Units
01tVT000009Xn81YAC,01tVT000009Xn3BYAS,Primary,,,,,G602106A,G-!DEA Garden,4-Camping & Beach,06-Beach Carts & Wagons
01tVT000009XnpZYAS,01tVT000009Xnj7YAC,Primary,,,,,H406118B,H-!DEA Home,4-Storage & Organization,05-Shelving Units
01tVT000009XognYAC,01tVT000009XoTtYAK,Primary,,,,,H406120B,H-!DEA Home,4-Storage & Organization,05-Shelving Units
01tVT000009Xp09YAC,01tVT000009XowvYAC,Primary,,,,,H406121B,H-!DEA Home,4-Storage & Organization,05-Shelving Units
01tVT000009rjTFYAY,01tVT000009riSMYAY,Primary,,,,,B302181C,B-!DEA Heating & Fan,3-Outdoor Heaters,01-Gas Heaters
01tVT000009rnJxYAI,01tVT000009rlgMYAQ,Primary,,,,,H101176B,H-!DEA Home,3-Office Furniture,01-Office Chairs
01tVT000009rrozYAA,01tVT000009rrnNYAQ,Primary,,,,,G301258A,G-!DEA Garden,3-Outdoor Cooking,04-Fire Pits & Fire Tables
01tVT000009rsBZYAY,01tVT000009rs9xYAA,Primary,,,,,B302182C,B-!DEA Heating & Fan,3-Outdoor Heaters,01-Gas Heaters
01tVT000009u7JNYAY,01tVT000009u7EXYAY,Primary,,,,,G501149A,G-!DEA Garden,4-Camping & Beach,04-Beach Chairs & Umbrellas
01tVT000009u9JZYAY,01tVT000009u9EjYAI,Primary,,,,,G501150A,G-!DEA Garden,4-Camping & Beach,04-Beach Chairs & Umbrellas
01tVT000009u9eXYAQ,01tVT000009u8P8YAI,Primary,,,,,G111133A,G-!DEA Garden,1-Outdoor Furniture,06-Hammocks & Swings
01tVT000009u9jOYAQ,01tVT000009uASXYA2,Primary,,,,,G108634A,G-!DEA Garden,1-Outdoor Furniture,02-Outdoor Seating Sets
01tVT000009uDS1YAM,01tVT000009uDQPYA2,Primary,,,,,H101177B,H-!DEA Home,3-Office Furniture,01-Office Chairs
01tVT000009uDjlYAE,01tVT000009uDi9YAE,Primary,,,,,H102200B,H-!DEA Home,3-Office Furniture,02-Desks
01tVT000009uESwYAM,01tVT000009uFLlYAM,Primary,,,,,H210202B,H-!DEA Home,2-Kitchen & Dining Furniture,03-Dining Sets
01tVT000009uEW9YAM,01tVT000009uEUXYA2,Primary,,,,,H210200B,H-!DEA Home,2-Kitchen & Dining Furniture,03-Dining Sets
01tVT000009uF7FYAU,01tVT000009uF41YAE,Primary,,,,,H210201B,H-!DEA Home,2-Kitchen & Dining Furniture,03-Dining Sets
01tVT000009uFdVYAU,01tVT000009uFbtYAE,Primary,,,,,H210203B,H-!DEA Home,2-Kitchen & Dining Furniture,03-Dining Sets
01tVT000009uGGDYA2,01tVT000009uG89YAE,Primary,,,,,H309230B,H-!DEA Home,1-Living Room Furniture,06-Sofa Beds
01tVT000009uGjFYAU,01tVT000009uGePYAU,Primary,,,,,H309231B,H-!DEA Home,1-Living Room Furniture,06-Sofa Beds
01tVT000009uH93YAE,01tVT000009uH4DYAU,Primary,,,,,H313100B,H-!DEA Home,1-Living Room Furniture,09-Console Tables & Sideboards
01tVT000009uHtpYAE,01tVT000009uHozYAE,Primary,,,,,G301259A,G-!DEA Garden,3-Outdoor Cooking,01-Charcoal Grills
01tVT000009uoubYAA,01tVT000009uorNYAQ,Primary,,,,,G110232A,G-!DEA Garden,1-Outdoor Furniture,03-Outdoor Chairs & Loungers
01tVT000009upibYAA,01tVT000009upgzYAA,Primary,,,,,G110233A,G-!DEA Garden,1-Outdoor Furniture,03-Outdoor Chairs & Loungers
01tVT000009v5CHYAY,01tVT000009v54DYAQ,Alternative,,,,,G101138A,G-!DEA Garden,5-Folding Furniture,02-Folding Chairs
01tVT000009vzw2YAA,01tVT000009w25tYAA,Primary,,,,,G301263A,G-!DEA Garden,3-Outdoor Cooking,01-Charcoal Grills
01tVT000009w11lYAA,01tVT000009vxZGYAY,Primary,,,,,G301260A,G-!DEA Garden,3-Outdoor Cooking,01-Charcoal Grills
01tVT000009w1eTYAQ,01tVT000009w0iQYAQ,Primary,,,,,G301261A,G-!DEA Garden,3-Outdoor Cooking,01-Charcoal Grills
01tVT000009w1plYAA,01tVT000009w0fCYAQ,Primary,,,,,G301262A,G-!DEA Garden,3-Outdoor Cooking,01-Charcoal Grills
01tVT000009w2M3YAI,01tVT000009w5BpYAI,Primary,,,,,B301250C,B-!DEA Heating & Fan,4-Air Treatment,02-Humidifiers & Dehumidifiers
01tVT000009w3zdYAA,01tVT000009w3wPYAQ,Primary,,,,,H309232B,H-!DEA Home,1-Living Room Furniture,06-Sofa Beds
01tVT000009w4cLYAQ,01tVT000009w4ajYAA,Primary,,,,,B301248C,B-!DEA Heating & Fan,5-Air Conditioner,01-Air Conditioner
01tVT000009w4sTYAQ,01tVT000009w4pFYAQ,Primary,,,,,B301249C,B-!DEA Heating & Fan,5-Air Conditioner,01-Air Conditioner
01tVT000009w5YPYAY,01tVT000009w5VBYAY,Primary,,,,,B301251C,B-!DEA Heating & Fan,5-Air Conditioner,02-Air Cooler
01tVT000009w5i5YAA,01tVT000009w5dFYAQ,Primary,,,,,B301252C,B-!DEA Heating & Fan,5-Air Conditioner,02-Air Cooler
01tVT000009w5tNYAQ,01tVT000009w5rlYAA,Primary,,,,,B301253C,B-!DEA Heating & Fan,5-Air Conditioner,02-Air Cooler
01tVT000009w633YAA,01tVT000009w61RYAQ,Primary,,,,,B301254C,B-!DEA Heating & Fan,5-Air Conditioner,02-Air Cooler
01tVT000009w6JBYAY,01tVT000009w6HZYAY,Primary,,,,,B301255C,B-!DEA Heating & Fan,4-Air Treatment,02-Humidifiers & Dehumidifiers
01tVT00000A0XfnYAF,01tVT00000A0b1pYAB,Primary,,,,,G112184A,G-!DEA Garden,6-Outdoor Gardening,04-Garden Decoration
01tVT00000A0bMnYAJ,01tVT00000A0bHxYAJ,Primary,,,,,G112185A,G-!DEA Garden,6-Outdoor Gardening,04-Garden Decoration
01tVT00000A1FLqYAN,01tVT00000A1I1xYAF,Primary,,,,,G401121A,G-!DEA Garden,6-Outdoor Gardening,02-Watering & Irrigation
01tVT00000A1FtiYAF,01tVT00000A1GkvYAF,Primary,,,,,G112186A,G-!DEA Garden,6-Outdoor Gardening,04-Garden Decoration
01tVT00000A1GxpYAF,01tVT00000A1GwDYAV,Primary,,,,,G112187A,G-!DEA Garden,6-Outdoor Gardening,04-Garden Decoration
01tVT00000A2BmPYAV,01tVT00000A2BknYAF,Primary,,,,,G401122A,G-!DEA Garden,6-Outdoor Gardening,02-Watering & Irrigation
01tVT00000A2Dt4YAF,01tVT00000A2JQbYAN,Primary,,,,,G302110A,G-!DEA Garden,3-Outdoor Cooking,03-Grill Accessories
01tVT00000A2Fy5YAF,01tVT00000A2FwTYAV,Primary,,,,,G401123A,G-!DEA Garden,6-Outdoor Gardening,02-Watering & Irrigation
01tVT00000A2GcQYAV,01tVT00000A2HYTYA3,Primary,,,,,G403027A,G-!DEA Garden,6-Outdoor Gardening,03-Garden Tool & Equipment
01tVT00000A2Gm5YAF,01tVT00000A2GkTYAV,Primary,,,,,G401124A,G-!DEA Garden,6-Outdoor Gardening,02-Watering & Irrigation
01tVT00000A2HGjYAN,01tVT00000A2HBtYAN,Primary,,,,,G301264A,G-!DEA Garden,3-Outdoor Cooking,01-Charcoal Grills
01tVT00000A2Hv5YAF,01tVT00000A2I1VYAV,Primary,,,,,G302106A,G-!DEA Garden,3-Outdoor Cooking,03-Grill Accessories
01tVT00000A2IPhYAN,01tVT00000A2F8UYAV,Primary,,,,,G403028A,G-!DEA Garden,6-Outdoor Gardening,03-Garden Tool & Equipment
01tVT00000A2IUXYA3,01tVT00000A2IJFYA3,Primary,,,,,G302107A,G-!DEA Garden,3-Outdoor Cooking,03-Grill Accessories
01tVT00000A2Ij3YAF,01tVT00000A2IfpYAF,Primary,,,,,G301265A,G-!DEA Garden,3-Outdoor Cooking,01-Charcoal Grills
01tVT00000A2IkfYAF,01tVT00000A2IhRYAV,Primary,,,,,G302108A,G-!DEA Garden,3-Outdoor Cooking,03-Grill Accessories
01tVT00000A2IxZYAV,01tVT00000A2IsjYAF,Primary,,,,,G301266A,G-!DEA Garden,3-Outdoor Cooking,01-Charcoal Grills
01tVT00000A2JC5YAN,01tVT00000A2IKsYAN,Primary,,,,,G302109A,G-!DEA Garden,3-Outdoor Cooking,03-Grill Accessories
01tVT00000A2JFJYA3,01tVT00000A2JAUYA3,Primary,,,,,G301267A,G-!DEA Garden,3-Outdoor Cooking,01-Charcoal Grills
01tVT00000A2JwrYAF,01tVT00000A2JvFYAV,Primary,,,,,G302111A,G-!DEA Garden,3-Outdoor Cooking,03-Grill Accessories
01tVT00000A2KEbYAN,01tVT00000A2KCzYAN,Primary,,,,,G302112A,G-!DEA Garden,3-Outdoor Cooking,03-Grill Accessories
01tVT00000A2KT7YAN,01tVT00000A2KRVYA3,Primary,,,,,G302113A,G-!DEA Garden,3-Outdoor Cooking,03-Grill Accessories
01tVT00000A2KsvYAF,01tVT00000A2KrJYAV,Primary,,,,,G302114A,G-!DEA Garden,3-Outdoor Cooking,03-Grill Accessories
01tVT00000A2yn7YAB,01tVT00000A2yiIYAR,Primary,,,,,G602107A,G-!DEA Garden,4-Camping & Beach,02-Camping Chairs & Tables
01tVT00000A2zrFYAR,01tVT00000A2zpdYAB,Primary,,,,,G602108A,G-!DEA Garden,4-Camping & Beach,02-Camping Chairs & Tables
01tVT00000A30s9YAB,01tVT00000A30qXYAR,Primary,,,,,B302183C,B-!DEA Heating & Fan,2-Indoor Heaters,02-Quartz & Carbon Heaters
01tVT00000A344XYAR,01tVT00000A33zhYAB,Primary,,,,,B302184C,B-!DEA Heating & Fan,2-Indoor Heaters,02-Quartz & Carbon Heaters
01tVT00000A34m5YAB,01tVT00000A32IsYAJ,Primary,,,,,B302185C,B-!DEA Heating & Fan,2-Indoor Heaters,02-Quartz & Carbon Heaters
01tVT00000A5FwjYAF,01tVT00000A5FqHYAV,Primary,,,,,B302190C,B-!DEA Heating & Fan,2-Indoor Heaters,02-Quartz & Carbon Heaters
01tVT00000A5GftYAF,01tVT00000A5GeHYAV,Primary,,,,,B302191C,B-!DEA Heating & Fan,2-Indoor Heaters,02-Quartz & Carbon Heaters
01tVT00000A5GzFYAV,01tVT00000A5GuPYAV,Primary,,,,,B302192C,B-!DEA Heating & Fan,2-Indoor Heaters,02-Quartz & Carbon Heaters
01tVT00000A5H8vYAF,01tVT00000A5H7JYAV,Primary,,,,,B302193C,B-!DEA Heating & Fan,2-Indoor Heaters,02-Quartz & Carbon Heaters
01tVT00000A5z3WYAR,01tVT00000A5zTJYAZ,Primary,,,,,B302198C,B-!DEA Heating & Fan,2-Indoor Heaters,04-Electric Heaters & Convectors
01tVT00000A5zI1YAJ,01tVT00000A5zEnYAJ,Primary,,,,,B302197C,B-!DEA Heating & Fan,2-Indoor Heaters,04-Electric Heaters & Convectors
01tVT00000A60HJYAZ,01tVT00000A60CTYAZ,Primary,,,,,B302200C,B-!DEA Heating & Fan,2-Indoor Heaters,01-Ceramic & Fan Heaters
01tVT00000A60cHYAR,01tVT00000A60afYAB,Primary,,,,,B302201C,B-!DEA Heating & Fan,2-Indoor Heaters,01-Ceramic & Fan Heaters
01tVT00000A60vdYAB,01tVT00000A60sPYAR,Primary,,,,,B302202C,B-!DEA Heating & Fan,2-Indoor Heaters,01-Ceramic & Fan Heaters
01tVT00000A61ZxYAJ,01tVT00000A61YLYAZ,Primary,,,,,B302203C,B-!DEA Heating & Fan,2-Indoor Heaters,01-Ceramic & Fan Heaters
01tVT00000A61rhYAB,01tVT00000A61q5YAB,Primary,,,,,B302204C,B-!DEA Heating & Fan,2-Indoor Heaters,01-Ceramic & Fan Heaters
01tVT00000A62CfYAJ,01tVT00000A627pYAB,Primary,,,,,B302205C,B-!DEA Heating & Fan,2-Indoor Heaters,01-Ceramic & Fan Heaters
01tVT00000A630fYAB,01tVT00000A62xRYAR,Primary,,,,,B302207C,B-!DEA Heating & Fan,2-Indoor Heaters,01-Ceramic & Fan Heaters
01tVT00000A6rDZYAZ,01tVT00000A6r8jYAB,Primary,,,,,B302210C,B-!DEA Heating & Fan,2-Indoor Heaters,01-Ceramic & Fan Heaters
01tVT00000A6rofYAB,01tVT00000A6rgbYAB,Primary,,,,,B302211C,B-!DEA Heating & Fan,2-Indoor Heaters,04-Electric Heaters & Convectors
01tVT00000A7depYAB,01tVT00000A7gPlYAJ,Primary,,,,,B302220C,B-!DEA Heating & Fan,2-Indoor Heaters,01-Ceramic & Fan Heaters
01tVT00000A7fAMYAZ,01tVT00000A7g1ZYAR,Primary,,,,,B302218C,B-!DEA Heating & Fan,2-Indoor Heaters,01-Ceramic & Fan Heaters
01tVT00000A7gO9YAJ,01tVT00000A7gMXYAZ,Primary,,,,,B302219C,B-!DEA Heating & Fan,2-Indoor Heaters,01-Ceramic & Fan Heaters
01tVT00000A7gfuYAB,01tVT00000A7iBRYAZ,Primary,,,,,B302228C,B-!DEA Heating & Fan,2-Indoor Heaters,01-Ceramic & Fan Heaters
01tVT00000A7grCYAR,01tVT00000A7gw1YAB,Primary,,,,,B302221C,B-!DEA Heating & Fan,2-Indoor Heaters,01-Ceramic & Fan Heaters
01tVT00000A7gxeYAB,01tVT00000A7gzFYAR,Primary,,,,,B302222C,B-!DEA Heating & Fan,2-Indoor Heaters,01-Ceramic & Fan Heaters
01tVT00000A7h8vYAB,01tVT00000A7h7JYAR,Primary,,,,,B302223C,B-!DEA Heating & Fan,2-Indoor Heaters,01-Ceramic & Fan Heaters
01tVT00000A7hLpYAJ,01tVT00000A7hGzYAJ,Primary,,,,,B302224C,B-!DEA Heating & Fan,2-Indoor Heaters,01-Ceramic & Fan Heaters
01tVT00000A7hSHYAZ,01tVT00000A7hNRYAZ,Primary,,,,,B302225C,B-!DEA Heating & Fan,2-Indoor Heaters,01-Ceramic & Fan Heaters
01tVT00000A7hSIYAZ,01tVT00000A7horYAB,Primary,,,,,B302226C,B-!DEA Heating & Fan,2-Indoor Heaters,01-Ceramic & Fan Heaters
01tVT00000A7iEfYAJ,01tVT00000A7b3ZYAR,Primary,,,,,B302227C,B-!DEA Heating & Fan,2-Indoor Heaters,01-Ceramic & Fan Heaters
01tVT00000A7ijJYAR,01tVT00000A7ieTYAR,Primary,,,,,B302230C,B-!DEA Heating & Fan,2-Indoor Heaters,02-Quartz & Carbon Heaters
01tVT00000A7imXYAR,01tVT00000A7ikvYAB,Primary,,,,,B302231C,B-!DEA Heating & Fan,2-Indoor Heaters,02-Quartz & Carbon Heaters
01tVT00000A7irOYAR,01tVT00000A7iszYAB,Primary,,,,,B302232C,B-!DEA Heating & Fan,2-Indoor Heaters,02-Quartz & Carbon Heaters
01tVT00000A7jCLYAZ,01tVT00000A7j97YAB,Primary,,,,,B302233C,B-!DEA Heating & Fan,2-Indoor Heaters,02-Quartz & Carbon Heaters
01tVT00000A7oiHYAR,01tVT00000A7oVNYAZ,Primary,,,,,B302234C,B-!DEA Heating & Fan,2-Indoor Heaters,01-Ceramic & Fan Heaters
01tVT00000A7p3FYAR,01tVT00000A7ovBYAR,Primary,,,,,B302235C,B-!DEA Heating & Fan,2-Indoor Heaters,01-Ceramic & Fan Heaters
01tVT00000A7pG9YAJ,01tVT00000A7pBJYAZ,Primary,,,,,B302236C,B-!DEA Heating & Fan,2-Indoor Heaters,01-Ceramic & Fan Heaters
01tVT00000A7pPpYAJ,01tVT00000A7pODYAZ,Primary,,,,,B302237C,B-!DEA Heating & Fan,2-Indoor Heaters,01-Ceramic & Fan Heaters
01tVT00000A7pb7YAB,01tVT00000A7pWHYAZ,Primary,,,,,B302238C,B-!DEA Heating & Fan,2-Indoor Heaters,01-Ceramic & Fan Heaters
01tVT00000A7r6fYAB,01tVT00000A7pknYAB,Primary,,,,,B302239C,B-!DEA Heating & Fan,2-Indoor Heaters,01-Ceramic & Fan Heaters
01tVT00000A7rRdYAJ,01tVT00000A7mVCYAZ,Primary,,,,,B302240C,B-!DEA Heating & Fan,2-Indoor Heaters,04-Electric Heaters & Convectors
01tVT00000A7sM5YAJ,01tVT00000A7sHFYAZ,Primary,,,,,B302241C,B-!DEA Heating & Fan,2-Indoor Heaters,04-Electric Heaters & Convectors
01tVT00000A7sXNYAZ,01tVT00000A7sSXYAZ,Primary,,,,,B302242C,B-!DEA Heating & Fan,2-Indoor Heaters,04-Electric Heaters & Convectors
01tVT00000A7sh3YAB,01tVT00000A7scDYAR,Primary,,,,,B302243C,B-!DEA Heating & Fan,2-Indoor Heaters,04-Electric Heaters & Convectors
01tVT00000A7sqjYAB,01tVT00000A7skHYAR,Primary,,,,,B302244C,B-!DEA Heating & Fan,2-Indoor Heaters,04-Electric Heaters & Convectors
01tVT00000A7t3dYAB,01tVT00000A7t0PYAR,Primary,,,,,B302245C,B-!DEA Heating & Fan,2-Indoor Heaters,01-Ceramic & Fan Heaters
01tVT00000A7tBhYAJ,01tVT00000A7t8TYAR,Primary,,,,,B302246C,B-!DEA Heating & Fan,2-Indoor Heaters,01-Ceramic & Fan Heaters
01tVT00000A7tObYAJ,01tVT00000A7o8oYAB,Primary,,,,,B302247C,B-!DEA Heating & Fan,2-Indoor Heaters,01-Ceramic & Fan Heaters
01tVT00000A7tbVYAR,01tVT00000A7tWfYAJ,Primary,,,,,B302248C,B-!DEA Heating & Fan,2-Indoor Heaters,01-Ceramic & Fan Heaters
01tVT00000A7tq1YAB,01tVT00000A7tlBYAR,Primary,,,,,B302249C,B-!DEA Heating & Fan,2-Indoor Heaters,01-Ceramic & Fan Heaters
01tVT00000A7uCbYAJ,01tVT00000A7u4XYAR,Primary,,,,,B302250C,B-!DEA Heating & Fan,2-Indoor Heaters,01-Ceramic & Fan Heaters
01tVT00000A7uPVYAZ,01tVT00000A7uKfYAJ,Primary,,,,,B302251C,B-!DEA Heating & Fan,2-Indoor Heaters,04-Electric Heaters & Convectors
01tVT00000A7uZBYAZ,01tVT00000A7uULYAZ,Primary,,,,,B302252C,B-!DEA Heating & Fan,2-Indoor Heaters,04-Electric Heaters & Convectors
01tVT00000A8TaAYAV,01tVT00000A8WY1YAN,Primary,,,,,B302257C,B-!DEA Heating & Fan,2-Indoor Heaters,02-Quartz & Carbon Heaters
01tVT00000A8VorYAF,01tVT00000A8Vk1YAF,Primary,,,,,B302253C,B-!DEA Heating & Fan,2-Indoor Heaters,02-Quartz & Carbon Heaters
01tVT00000A8WD3YAN,01tVT00000A8WBRYA3,Primary,,,,,B302255C,B-!DEA Heating & Fan,2-Indoor Heaters,02-Quartz & Carbon Heaters
01tVT00000A8WTBYA3,01tVT00000A8WRZYA3,Primary,,,,,B302256C,B-!DEA Heating & Fan,2-Indoor Heaters,02-Quartz & Carbon Heaters
01tVT00000AAbbdYAD,01tVT00000AAZy2YAH,Primary,,,,,G106336A,G-!DEA Garden,2-Outdoor Shades & Structures,02-Pergolas & Gazebos
01tVT00000AAblJYAT,01tVT00000AAbjhYAD,Primary,,,,,G106337A,G-!DEA Garden,2-Outdoor Shades & Structures,02-Pergolas & Gazebos
01tVT00000ABDKLYA5,01tVT00000ABDCHYA5,Primary,,,,,B302258C,B-!DEA Heating & Fan,2-Indoor Heaters,03-Oil Filled Radiators
01tVT00000ABDU1YAP,01tVT00000ABDPBYA5,Primary,,,,,B302259C,B-!DEA Heating & Fan,2-Indoor Heaters,03-Oil Filled Radiators
01tVT00000ABDaTYAX,01tVT00000ABCheYAH,Primary,,,,,B302260C,B-!DEA Heating & Fan,2-Indoor Heaters,03-Oil Filled Radiators
01tVT00000ABDozYAH,01tVT00000ABDnNYAX,Primary,,,,,B302261C,B-!DEA Heating & Fan,2-Indoor Heaters,03-Oil Filled Radiators
01tVT00000ABEI1YAP,01tVT00000ABCWMYA5,Primary,,,,,B302263C,B-!DEA Heating & Fan,2-Indoor Heaters,03-Oil Filled Radiators
01tVT00000ABEZlYAP,01tVT00000ABERhYAP,Primary,,,,,B302264C,B-!DEA Heating & Fan,2-Indoor Heaters,03-Oil Filled Radiators
01tVT00000ABF2nYAH,01tVT00000ABExxYAH,Primary,,,,,B302265C,B-!DEA Heating & Fan,2-Indoor Heaters,03-Oil Filled Radiators
01tVT00000ABFIvYAP,01tVT00000ABFFhYAP,Primary,,,,,B302266C,B-!DEA Heating & Fan,2-Indoor Heaters,03-Oil Filled Radiators
01tVT00000ABFagYAH,01tVT00000ABFUDYA5,Primary,,,,,B302267C,B-!DEA Heating & Fan,2-Indoor Heaters,03-Oil Filled Radiators
01tVT00000ABFlxYAH,01tVT00000ABFkLYAX,Primary,,,,,B302268C,B-!DEA Heating & Fan,2-Indoor Heaters,03-Oil Filled Radiators
01tVT00000ABG5JYAX,01tVT00000ABFyrYAH,Primary,,,,,B302269C,B-!DEA Heating & Fan,2-Indoor Heaters,03-Oil Filled Radiators
01tVT00000ABGEzYAP,01tVT00000ABGA9YAP,Primary,,,,,B302270C,B-!DEA Heating & Fan,2-Indoor Heaters,03-Oil Filled Radiators
01tVT00000ABnxKYAT,01tVT00000ABnxJYAT,Primary,,,,,G101103ST,G-!DEA Garden,1-Outdoor Furniture,01-Outdoor Dining Sets
01tVT00000AC3FhYAL,01tVT00000AC3CTYA1,Primary,,,,,B302271C,B-!DEA Heating & Fan,2-Indoor Heaters,04-Electric Heaters & Convectors
01tVT00000AC3NmYAL,01tVT00000AC3dtYAD,Primary,,,,,B302272C,B-!DEA Heating & Fan,2-Indoor Heaters,04-Electric Heaters & Convectors
01tVT00000AC4ZxYAL,01tVT00000AC4V7YAL,Primary,,,,,B302273C,B-!DEA Heating & Fan,2-Indoor Heaters,04-Electric Heaters & Convectors
01tVT00000ACHH3YAP,01tVT00000ACHCDYA5,Primary,,,,,B302274C,B-!DEA Heating & Fan,2-Indoor Heaters,04-Electric Heaters & Convectors
01tVT00000ACtSnYAL,01tVT00000ACtNxYAL,Alternative,,,,,G301268A,G-!DEA Garden,3-Outdoor Cooking,07-Portable & Camping Grills
01tVT00000ADmp3YAD,01tVT00000ADmkDYAT,Primary,,,,,B302275C,B-!DEA Heating & Fan,3-Outdoor Heaters,01-Gas Heaters
01tVT00000ADnRlYAL,01tVT00000ADnQ9YAL,Primary,,,,,B302276C,B-!DEA Heating & Fan,3-Outdoor Heaters,01-Gas Heaters
01tVT00000ADnpxYAD,01tVT00000ADhMMYA1,Primary,,,,,B302277C,B-!DEA Heating & Fan,3-Outdoor Heaters,01-Gas Heaters
01tVT00000ADnuoYAD,01tVT00000ADoSfYAL,Primary,,,,,B302279C,B-!DEA Heating & Fan,3-Outdoor Heaters,01-Gas Heaters
01tVT00000ADoVtYAL,01tVT00000ADm5uYAD,Primary,,,,,B302280C,B-!DEA Heating & Fan,2-Indoor Heaters,04-Electric Heaters & Convectors
01tVT00000ADom1YAD,01tVT00000ADokPYAT,Primary,,,,,B302281C,B-!DEA Heating & Fan,2-Indoor Heaters,04-Electric Heaters & Convectors
01tVT00000ADom2YAD,01tVT00000ADoqrYAD,Primary,,,,,B302282C,B-!DEA Heating & Fan,3-Outdoor Heaters,01-Gas Heaters
01tVT00000ADpADYA1,01tVT00000ADp5NYAT,Primary,,,,,B302283C,B-!DEA Heating & Fan,2-Indoor Heaters,04-Electric Heaters & Convectors
01tVT00000ADr8nYAD,01tVT00000ACtNxYAL,Primary,,,,,G301268A,G-!DEA Garden,3-Outdoor Cooking,07-Portable & Camping Grills
01tVT00000ANmJ7YAL,01tVT00000ANmCfYAL,Primary,,,,,H404116B,H-!DEA Home,4-Storage & Organization,04-Storage Bins & Boxes
01tVT00000ANn8jYAD,01tVT00000ANn5VYAT,Primary,,,,,H404122B,H-!DEA Home,4-Storage & Organization,04-Storage Bins & Boxes
01tVT00000ANpDlYAL,01tVT00000ANpAXYA1,Primary,,,,,H404124B,H-!DEA Home,4-Storage & Organization,04-Storage Bins & Boxes
01tVT00000ANpQfYAL,01tVT00000ANpP3YAL,Primary,,,,,H404125B,H-!DEA Home,4-Storage & Organization,04-Storage Bins & Boxes
01tVT00000ANpwvYAD,01tVT00000ANoUcYAL,Primary,,,,,H404127B,H-!DEA Home,4-Storage & Organization,04-Storage Bins & Boxes
01tVT00000ANqEfYAL,01tVT00000ANq8DYAT,Primary,,,,,H404128B,H-!DEA Home,4-Storage & Organization,04-Storage Bins & Boxes
01tVT00000ANqhhYAD,01tVT00000ANqZdYAL,Primary,,,,,H404130B,H-!DEA Home,4-Storage & Organization,04-Storage Bins & Boxes
01tVT00000ARMZmYAP,01tVT00000ARMZlYAP,Primary,,G-!DEA Garden,5-Folding Furniture,01-Utility Folding Tables (HDPE),G101007KE,G-!DEA Garden,5-Folding Furniture,01-Utility Folding Tables (HDPE)
01tVT00000ARMbOYAX,01tVT00000ARMbNYAX,Primary,,G-!DEA Garden,5-Folding Furniture,02-Folding Chairs,G101003KE,G-!DEA Garden,5-Folding Furniture,02-Folding Chairs
01tVT00000Akju2YAB,01tVT00000Akju1YAB,Primary,,,,,G430001OS,G-!DEA Garden,4-Camping & Beach,03-Coolers & Thermal Bags
01tVT00000AlX2nYAF,01tVT00000AlWzZYAV,Primary,,,,,G403029OS,G-!DEA Garden,4-Camping & Beach,03-Coolers & Thermal Bags
01tVT00000AmHgjYAF,01tVT00000AmHbtYAF,Primary,,,,,H302054T,H-!DEA Home,3-Office Furniture,02-Desks
01tVT00000AmHvFYAV,01tVT00000AmHonYAF,Primary,,,,,H205010B,H-!DEA Home,2-Kitchen & Dining Furniture,05-Kitchen Carts & Islands
01tVT00000AmIEcYAN,01tVT00000AmIEbYAN,Primary,,,,,H102201B,H-!DEA Home,1-Living Room Furniture,02-Coffee & Side & End Tables
01tVT00000AmIg1YAF,01tVT00000AmIePYAV,Primary,,,,,H304044B,H-!DEA Home,3-Office Furniture,04-Office Storage
01tVT00000AmIphYAF,01tVT00000AmIkrYAF,Primary,,,,,H405149T,H-!DEA Home,4-Storage & Organization,05-Shelving Units
01tVT00000AmJFVYA3,01tVT00000AmJDtYAN,Primary,,,,,H203007T,H-!DEA Home,2-Kitchen & Dining Furniture,03-Dining Sets
01tVT00000AmJFWYA3,01tVT00000AmMGbYAN,Primary,,,,,H102205B,H-!DEA Home,1-Living Room Furniture,02-Coffee & Side & End Tables
01tVT00000AmJPBYA3,01tVT00000AmJKLYA3,Primary,,,,,H106078B,H-!DEA Home,1-Living Room Furniture,12-Compressed Sofas
01tVT00000AmK57YAF,01tVT00000AmK0HYAV,Primary,,,,,H102203T,H-!DEA Home,1-Living Room Furniture,02-Coffee & Side & End Tables
01tVT00000AmKbNYAV,01tVT00000AmKWXYA3,Primary,,,,,H102204T,H-!DEA Home,1-Living Room Furniture,02-Coffee & Side & End Tables
01tVT00000AmLvdYAF,01tVT00000AmJsDYAV,Primary,,,,,H102202B,H-!DEA Home,1-Living Room Furniture,02-Coffee & Side & End Tables
01tVT00000AmMgPYAV,01tVT00000AmMdBYAV,Primary,,,,,H102206B,H-!DEA Home,1-Living Room Furniture,02-Coffee & Side & End Tables
01tVT00000AmMq7YAF,01tVT00000AmMq6YAF,Primary,,,,,H102205T,H-!DEA Home,1-Living Room Furniture,02-Coffee & Side & End Tables
01tVT00000AmO2HYAV,01tVT00000AmNxRYAV,Primary,,,,,H301047T,H-!DEA Home,3-Office Furniture,01-Office Chairs
01tVT00000AmOVLYA3,01tVT00000AmOVKYA3,Primary,,,,,H205010T,H-!DEA Home,2-Kitchen & Dining Furniture,05-Kitchen Carts & Islands
01tVT00000AmOiFYAV,01tVT00000AmOiEYAV,Primary,,,,,H102206T,H-!DEA Home,1-Living Room Furniture,02-Coffee & Side & End Tables
01tVT00000AmPHiYAN,01tVT00000AmPHhYAN,Primary,,,,,H107001T,H-!DEA Home,1-Living Room Furniture,07-Benches & Ottomans
01tVT00000AmPJKYA3,01tVT00000AmPJJYA3,Primary,,,,,H102201T,H-!DEA Home,1-Living Room Furniture,02-Coffee & Side & End Tables
01tVT00000AmPPmYAN,01tVT00000AmPPlYAN,Primary,,,,,H304044T,H-!DEA Home,3-Office Furniture,04-Office Storage
01tVT00000AmPROYA3,01tVT00000AmPRNYA3,Primary,,,,,H106078T,H-!DEA Home,1-Living Room Furniture,06-Sofa Beds
01tVT00000AmPSzYAN,01tVT00000AmPO9YAN,Primary,,,,,H202035T,H-!DEA Home,2-Kitchen & Dining Furniture,02-Dining Tables
01tVT00000AmPUcYAN,01tVT00000AmPUbYAN,Primary,,,,,H102202T,H-!DEA Home,1-Living Room Furniture,02-Coffee & Side & End Tables
01tVT00000ApJyvYAF,01tVT000008h0o9YAA,Primary,,,,,G101131A,G-!DEA Garden,5-Folding Furniture,01-Utility Folding Tables (HDPE)
01tVT00000Aqv1HYAR,01tVT00000AqwdFYAR,Primary,,,,,H108001B,H-!DEA Home,1-Living Room Furniture,08-Recliners
01tVT00000AqvxKYAR,01tVT00000AqwzpYAB,Primary,,,,,H108002B,H-!DEA Home,1-Living Room Furniture,08-Recliners
01tVT00000AqxRFYAZ,01tVT00000AqxPdYAJ,Primary,,,,,H108003B,H-!DEA Home,1-Living Room Furniture,08-Recliners
01tVT00000AqxhNYAR,01tVT00000Aqxe9YAB,Primary,,,,,H108004B,H-!DEA Home,1-Living Room Furniture,08-Recliners
01tVT00000ArfQfYAJ,01tVT00000ArfNRYAZ,Primary,,,,,H304045T,H-!DEA Home,3-Office Furniture,02-Desks
01tVT00000ArfYjYAJ,01tVT00000ArfX7YAJ,Primary,,,,,H304046T,H-!DEA Home,3-Office Furniture,02-Desks
01tVT00000ArfthYAB,01tVT00000Arfs5YAB,Primary,,,,,H304047T,H-!DEA Home,3-Office Furniture,02-Desks
01tVT00000ArgjJYAR,01tVT00000ArghhYAB,Primary,,,,,G405003A,G-!DEA Garden,4-Camping & Beach,05-Camping Accessories
01tVT00000AtdxSYAR,01tVT00000Atdr2YAB,Primary,,,,,H404131B,H-!DEA Home,4-Storage & Organization,04-Storage Bins & Boxes
01tVT00000Atf9dYAB,01tVT00000Atev8YAB,Primary,,,,,H110001S,H-!DEA Home,1-Living Room Furniture,10-Tv Stands & Entertainment
01tVT00000AtfCrYAJ,01tVT00000AtfBFYAZ,Primary,,,,,H102210B,H-!DEA Home,1-Living Room Furniture,02-Coffee & Side & End Tables
01tVT00000AtfPlYAJ,01tVT00000AtfKvYAJ,Primary,,,,,H110002S,H-!DEA Home,1-Living Room Furniture,10-Tv Stands & Entertainment
01tVT00000Atfw1YAB,01tVT00000AtZkAYAV,Primary,,,,,H301048ST,H-!DEA Home,3-Office Furniture,01-Office Chairs
01tVT00000Atg8vYAB,01tVT00000Atg45YAB,Primary,,,,,H301049ST,H-!DEA Home,3-Office Furniture,01-Office Chairs
01tVT00000Ath6cYAB,01tVT00000AtheTYAR,Primary,,,,,H304050ST,H-!DEA Home,3-Office Furniture,02-Desks
01tVT00000AthHtYAJ,01tVT00000AthGHYAZ,Primary,,,,,H304048ST,H-!DEA Home,3-Office Furniture,02-Desks
01tVT00000AthUnYAJ,01tVT00000AthTBYAZ,Primary,,,,,H304049ST,H-!DEA Home,3-Office Furniture,02-Desks
01tVT00000AthxpYAB,01tVT00000AthszYAB,Primary,,,,,H304051ST,H-!DEA Home,3-Office Furniture,02-Desks
01tVT00000AtiHBYAZ,01tVT00000AtiCLYAZ,Primary,,,,,H304052ST,H-!DEA Home,3-Office Furniture,02-Desks
01tVT00000Atic9YAB,01tVT00000AtiVhYAJ,Primary,,,,,H304053ST,H-!DEA Home,3-Office Furniture,02-Desks
01tVT00000AuLf9YAF,01tVT00000AuQOfYAN,Primary,,,,,H111002B,H-!DEA Home,1-Living Room Furniture,11-Storage Furniture
01tVT00000AuOQ6YAN,01tVT00000AuQ6vYAF,Primary,,,,,H111001B,H-!DEA Home,1-Living Room Furniture,11-Storage Furniture
01tVT00000AuPXRYA3,01tVT00000AuPVpYAN,Primary,,,,,H102211B,H-!DEA Home,1-Living Room Furniture,02-Coffee & Side & End Tables
01tVT00000AuPnZYAV,01tVT00000AuPlxYAF,Primary,,,,,H109001B,H-!DEA Home,1-Living Room Furniture,09-Console Tables & Sideboards
01tVT00000AuPsPYAV,01tVT00000AuNNaYAN,Primary,,,,,H102212B,H-!DEA Home,1-Living Room Furniture,02-Coffee & Side & End Tables
01tVT00000AuQBlYAN,01tVT00000AuQA9YAN,Primary,,,,,H102213B,H-!DEA Home,1-Living Room Furniture,02-Coffee & Side & End Tables
01tVT00000AuQN3YAN,01tVT00000AuQJpYAN,Primary,,,,,H102214B,H-!DEA Home,1-Living Room Furniture,02-Coffee & Side & End Tables
01tVT00000AuQjdYAF,01tVT00000AuQi1YAF,Primary,,,,,H102216B,H-!DEA Home,1-Living Room Furniture,02-Coffee & Side & End Tables
01tVT00000AuR4bYAF,01tVT00000AuQzlYAF,Primary,,,,,H102217B,H-!DEA Home,1-Living Room Furniture,02-Coffee & Side & End Tables
01tVT00000AuRB4YAN,01tVT00000AuRvpYAF,Primary,,,,,H111005B,H-!DEA Home,1-Living Room Furniture,11-Storage Furniture
01tVT00000AuRW1YAN,01tVT00000AuRUPYA3,Primary,,,,,H111003B,H-!DEA Home,1-Living Room Furniture,11-Storage Furniture
01tVT00000AuRm9YAF,01tVT00000AuRhJYAV,Primary,,,,,H111004B,H-!DEA Home,1-Living Room Furniture,11-Storage Furniture
01tVT00000AuS77YAF,01tVT00000AuS5VYAV,Primary,,,,,H111006B,H-!DEA Home,1-Living Room Furniture,11-Storage Furniture
01tVT00000AxVWfYAN,01t4w00000Nulk7AAB,Alternative,,,,,H202001I,H-!DEA Home,2-Kitchen & Dining Furniture,01-Dining Chairs
01tVT00000AyupaYAB,01tVT00000AzDc5YAF,Primary,,,,,H110006S,H-!DEA Home,1-Living Room Furniture,10-Tv Stands & Entertainment
01tVT00000AzBDhYAN,01tVT00000AzB8rYAF,Primary,,,,,H304054B,H-!DEA Home,3-Office Furniture,04-Office Storage
01tVT00000AzBVRYA3,01tVT00000AzBQbYAN,Primary,,,,,H304055B,H-!DEA Home,3-Office Furniture,04-Office Storage
01tVT00000AzC1hYAF,01tVT00000AzBQbYAN,Alternative,,,,,H304055B,H-!DEA Home,3-Office Furniture,04-Office Storage
01tVT00000AzC89YAF,01tVT00000AzB8rYAF,Alternative,,,,,H304054B,H-!DEA Home,3-Office Furniture,04-Office Storage
01tVT00000AzC9lYAF,01tVT00000AzC3JYAV,Primary,,,,,H107004B,H-!DEA Home,1-Living Room Furniture,07-Benches & Ottomans
01tVT00000AzCuXYAV,01tVT00000AzAb0YAF,Primary,,,,,H110003S,H-!DEA Home,1-Living Room Furniture,10-Tv Stands & Entertainment
01tVT00000AzDH7YAN,01tVT00000AzDFVYA3,Primary,,,,,H110004S,H-!DEA Home,1-Living Room Furniture,10-Tv Stands & Entertainment
01tVT00000AzDQnYAN,01tVT00000AzDPBYA3,Primary,,,,,H110005S,H-!DEA Home,1-Living Room Furniture,10-Tv Stands & Entertainment
01tVT00000AzDtpYAF,01tVT00000AzC06YAF,Primary,,,,,H110007S,H-!DEA Home,1-Living Room Furniture,10-Tv Stands & Entertainment
01tVT00000Azw4XYAR,01tVT00000AzukIYAR,Primary,,,,,H107007B,H-!DEA Home,1-Living Room Furniture,07-Benches & Ottomans
01tVT00000AzwnhYAB,01tVT00000Azwm5YAB,Primary,,,,,H107009B,H-!DEA Home,1-Living Room Furniture,07-Benches & Ottomans
01tVT00000Azx5RYAR,01tVT00000Azx0bYAB,Primary,,,,,H107010B,H-!DEA Home,1-Living Room Furniture,07-Benches & Ottomans
01tVT00000AzxtRYAR,01tVT00000AzxobYAB,Primary,,,,,H107013B,H-!DEA Home,1-Living Room Furniture,07-Benches & Ottomans
01tVT00000AzyBBYAZ,01tVT00000Azy7xYAB,Primary,,,,,H107014B,H-!DEA Home,1-Living Room Furniture,07-Benches & Ottomans
01tVT00000AzyvxYAB,01tVT00000AzyuLYAR,Primary,,,,,H201204B,H-!DEA Home,2-Kitchen & Dining Furniture,01-Dining Chairs
01tVT00000AzznBYAR,01tVT00000AzxwgYAB,Primary,,,,,H201205B,H-!DEA Home,2-Kitchen & Dining Furniture,01-Dining Chairs
01tVT00000B001hYAB,01tVT00000B0005YAB,Primary,,,,,H201206B,H-!DEA Home,2-Kitchen & Dining Furniture,01-Dining Chairs
01tVT00000B00PtYAJ,01tVT00000B00MfYAJ,Primary,,,,,H201207B,H-!DEA Home,2-Kitchen & Dining Furniture,01-Dining Chairs
01tVT00000B02xyYAB,01tVT00000B05m9YAB,Primary,,,,,H201212B,H-!DEA Home,2-Kitchen & Dining Furniture,01-Dining Chairs
01tVT00000B040TYAR,01tVT00000B03kLYAR,Primary,,,,,H202036T,H-!DEA Home,2-Kitchen & Dining Furniture,02-Dining Tables
01tVT00000B04GbYAJ,01tVT00000B01H8YAJ,Primary,,,,,H201208B,H-!DEA Home,2-Kitchen & Dining Furniture,01-Dining Chairs
01tVT00000B04N3YAJ,01tVT00000B04IDYAZ,Primary,,,,,H202037T,H-!DEA Home,2-Kitchen & Dining Furniture,02-Dining Tables
01tVT00000B04ZxYAJ,01tVT00000B04YLYAZ,Primary,,,,,H201209T,H-!DEA Home,2-Kitchen & Dining Furniture,01-Dining Chairs
01tVT00000B04baYAB,01tVT00000B031CYAR,Primary,,,,,H201214B,H-!DEA Home,2-Kitchen & Dining Furniture,01-Dining Chairs
01tVT00000B04gPYAR,01tVT00000B04enYAB,Primary,,,,,H201210B,H-!DEA Home,2-Kitchen & Dining Furniture,01-Dining Chairs
01tVT00000B05e5YAB,01tVT00000B03FiYAJ,Primary,,,,,H201211B,H-!DEA Home,2-Kitchen & Dining Furniture,01-Dining Chairs
01tVT00000B05uDYAR,01tVT00000B05sbYAB,Primary,,,,,H201213B,H-!DEA Home,2-Kitchen & Dining Furniture,01-Dining Chairs
01tVT00000B06K1YAJ,01tVT00000B06IPYAZ,Primary,,,,,H204002B,H-!DEA Home,2-Kitchen & Dining Furniture,04-Bar Stools
01tVT00000B0jLPYAZ,01tVT00000B0kMHYAZ,Primary,,,,,H102220B,H-!DEA Home,1-Living Room Furniture,02-Coffee & Side & End Tables
01tVT00000B0jq1YAB,01tVT00000B0jlBYAR,Primary,,,,,H202038B,H-!DEA Home,2-Kitchen & Dining Furniture,02-Dining Tables
01tVT00000B0kFpYAJ,01tVT00000B0kCbYAJ,Primary,,,,,H102219B,H-!DEA Home,1-Living Room Furniture,02-Coffee & Side & End Tables
01tVT00000B0ke2YAB,01tVT00000B0ow9YAB,Primary,,,,,H201217T,H-!DEA Home,2-Kitchen & Dining Furniture,01-Dining Chairs
01tVT00000B0kffYAB,01tVT00000B0mCnYAJ,Primary,,,,,H301050B,H-!DEA Home,3-Office Furniture,01-Office Chairs
01tVT00000B0km5YAB,01tVT00000B0kkTYAR,Primary,,,,,H202039B,H-!DEA Home,2-Kitchen & Dining Furniture,02-Dining Tables
01tVT00000B0kxOYAR,01tVT00000B0lgXYAR,Primary,,,,,H202041B,H-!DEA Home,2-Kitchen & Dining Furniture,02-Dining Tables
01tVT00000B0lTdYAJ,01tVT00000B0lS1YAJ,Primary,,,,,H202040B,H-!DEA Home,2-Kitchen & Dining Furniture,02-Dining Tables
01tVT00000B0mMTYAZ,01tVT00000B0mHdYAJ,Primary,,,,,H301051B,H-!DEA Home,3-Office Furniture,01-Office Chairs
01tVT00000B0mZNYAZ,01tVT00000B0mW9YAJ,Primary,,,,,H301052B,H-!DEA Home,3-Office Furniture,01-Office Chairs
01tVT00000B0mhRYAR,01tVT00000B0mfpYAB,Primary,,,,,H301053B,H-!DEA Home,3-Office Furniture,01-Office Chairs
01tVT00000B0msjYAB,01tVT00000B0mr7YAB,Primary,,,,,H301054B,H-!DEA Home,3-Office Furniture,01-Office Chairs
01tVT00000B0n2PYAR,01tVT00000B0n0nYAB,Primary,,,,,H301055B,H-!DEA Home,3-Office Furniture,01-Office Chairs
01tVT00000B0o89YAB,01tVT00000B0o6XYAR,Primary,,,,,H201215T,H-!DEA Home,2-Kitchen & Dining Furniture,01-Dining Chairs
01tVT00000B0oZZYAZ,01tVT00000B0oXxYAJ,Primary,,,,,H201216T,H-!DEA Home,2-Kitchen & Dining Furniture,01-Dining Chairs
01tVT00000B0pAfYAJ,01tVT00000B0p7RYAR,Primary,,,,,H201218T,H-!DEA Home,2-Kitchen & Dining Furniture,01-Dining Chairs
01tVT00000B0pIjYAJ,01tVT00000B0oGEYAZ,Primary,,,,,H201219T,H-!DEA Home,2-Kitchen & Dining Furniture,01-Dining Chairs
01tVT00000B0pVdYAJ,01tVT00000B0pU1YAJ,Primary,,,,,H201220T,H-!DEA Home,2-Kitchen & Dining Furniture,01-Dining Chairs
01tVT00000B0piXYAR,01tVT00000B0pdhYAB,Primary,,,,,H201221T,H-!DEA Home,2-Kitchen & Dining Furniture,01-Dining Chairs
01tVT00000B0pyfYAB,01tVT00000B0ptpYAB,Primary,,,,,H201222T,H-!DEA Home,2-Kitchen & Dining Furniture,01-Dining Chairs
01tVT00000B0thKYAR,01tVT00000B0wbxYAB,Primary,,,,,H201227T,H-!DEA Home,2-Kitchen & Dining Furniture,01-Dining Chairs
01tVT00000B0vUbYAJ,01tVT00000B0vSzYAJ,Primary,,,,,H201223T,H-!DEA Home,2-Kitchen & Dining Furniture,01-Dining Chairs
01tVT00000B0veHYAR,01tVT00000B0vcfYAB,Primary,,,,,H201224T,H-!DEA Home,2-Kitchen & Dining Furniture,01-Dining Chairs
01tVT00000B0vxdYAB,01tVT00000B0vw1YAB,Primary,,,,,H201225T,H-!DEA Home,2-Kitchen & Dining Furniture,01-Dining Chairs
01tVT00000B0wKDYAZ,01tVT00000B0uByYAJ,Primary,,,,,H201226T,H-!DEA Home,2-Kitchen & Dining Furniture,01-Dining Chairs
01tVT00000B0xplYAB,01tVT00000B0xo9YAB,Primary,,,,,H201228T,H-!DEA Home,2-Kitchen & Dining Furniture,01-Dining Chairs
01tVT00000B0y13YAB,01tVT00000B0xzRYAR,Primary,,,,,H201229T,H-!DEA Home,2-Kitchen & Dining Furniture,01-Dining Chairs
01tVT00000B2iWUYAZ,01tVT00000B2iWTYAZ,Primary,,,,,G101007ST,G-!DEA Garden,5-Folding Furniture,01-Utility Folding Tables (HDPE)
01tVT00000B4rKLYAZ,01tVT00000B4rIjYAJ,Primary,,,,,G301269A,G-!DEA Garden,3-Outdoor Cooking,07-Portable & Camping Grills
01tVT00000B4rXFYAZ,01tVT00000B4rSPYAZ,Primary,,,,,G301270A,G-!DEA Garden,3-Outdoor Cooking,07-Portable & Camping Grills
01tVT00000B4rgvYAB,01tVT00000B4rfJYAR,Primary,,,,,G301271A,G-!DEA Garden,3-Outdoor Cooking,07-Portable & Camping Grills
01tVT00000B4uOfYAJ,01tVT00000B4uF0YAJ,Primary,,,,,H111007B,H-!DEA Home,1-Living Room Furniture,11-Storage Furniture
01tVT00000B5n09YAB,01tVT00000B5myXYAR,Primary,,,,,G301272A,G-!DEA Garden,3-Outdoor Cooking,07-Portable & Camping Grills
01tVT00000BBMjdYAH,01tVT00000BBLScYAP,Primary,,,,,G102026A,G-!DEA Garden,1-Outdoor Furniture,02-Outdoor Seating Sets
01tVT00000BBNUQYA5,01tVT00000BBPO9YAP,Primary,,,,,H404133B,H-!DEA Home,4-Storage & Organization,04-Storage Bins & Boxes
01tVT00000BBOqIYAX,01tVT00000BBPeHYAX,Primary,,,,,H404134B,H-!DEA Home,4-Storage & Organization,04-Storage Bins & Boxes
01tVT00000BG8RWYA1,01t4w00000NulioAAB,Primary,,,,,G102022S,G-!DEA Garden,5-Folding Furniture,01-Utility Folding Tables (HDPE)
01tVT00000BG9VdYAL,01tVT000005vPEvYAM,Primary,,,,,G101119S,G-!DEA Garden,5-Folding Furniture,01-Utility Folding Tables (HDPE)
01tVT00000BIjbSYAT,01tVT00000BIjbRYAT,Alternative,,,,,G101119A,G-!DEA Garden,5-Folding Furniture,01-Utility Folding Tables (HDPE)
01tVT00000BIjgHYAT,01tVT00000BIjbRYAT,Alternative,,,,,G101119A,G-!DEA Garden,5-Folding Furniture,01-Utility Folding Tables (HDPE)
01tVT00000BIjzdYAD,01tVT000008gP2DYAU,Primary,,,,,G101130A,G-!DEA Garden,5-Folding Furniture,02-Folding Chairs
01tVT00000BO2iIYAT,01tVT00000BO973YAD,Primary,,,,,G104155HL,G-!DEA Garden,5-Folding Furniture,01-Utility Folding Tables (HDPE)
01tVT00000BO5JaYAL,01tVT00000BO9i9YAD,Primary,,,,,G103017HL,G-!DEA Garden,5-Folding Furniture,02-Folding Chairs
01tVT00000BO9OnYAL,01tVT00000BO9JxYAL,Primary,,,,,G501008KE,G-!DEA Garden,5-Folding Furniture,02-Folding Chairs
01tVT00000BO9WrYAL,01tVT00000BO9TdYAL,Primary,,,,,G104156HL,G-!DEA Garden,5-Folding Furniture,01-Utility Folding Tables (HDPE)
01tVT00000BOWA6YAP,01tVT00000BOWA5YAP,Primary,,,,,G101018HL,G-!DEA Garden,5-Folding Furniture,01-Utility Folding Tables (HDPE)
01tVT00000BOWwTYAX,01t4w00000NuljUAAR,Primary,,,,,G101006A,G-!DEA Garden,5-Folding Furniture,01-Utility Folding Tables (HDPE)
01tVT00000BOX4YYAX,01tVT00000BOX4XYAX,Alternative,,,,,G101119HL,G-!DEA Garden,5-Folding Furniture,01-Utility Folding Tables (HDPE)
01tVT00000BOXNtYAP,01tVT00000BOXJ3YAP,Primary,,,,,G501008HL,G-!DEA Garden,5-Folding Furniture,01-Utility Folding Tables (HDPE)
01tVT00000BS8dpYAD,01tVT00000BS8NmYAL,Primary,,,,,H301056B,H-!DEA Home,3-Office Furniture,01-Office Chairs
01tVT00000BUDhSYAX,01tVT00000BUDhRYAX,Primary,,,,,H301056ST,H-!DEA Home,3-Office Furniture,01-Office Chairs
01tVT00000BUkiFYAT,01tVT00000BUqXVYA1,Primary,,,,,G403030A,G-!DEA Garden,4-Camping & Beach,03-Coolers & Thermal Bags
01tVT00000BUqinYAD,01tVT00000BUqhBYAT,Primary,,,,,G403031A,G-!DEA Garden,4-Camping & Beach,03-Coolers & Thermal Bags
01tVT00000BVVyrYAH,01tVT00000BVVkMYAX,Primary,,,,,G102027A,G-!DEA Garden,1-Outdoor Furniture,01-Outdoor Dining Sets
01tVT00000BXfsTYAT,01tVT00000BXfqrYAD,Primary,,,,,H301057B,H-!DEA Home,3-Office Furniture,01-Office Chairs
01tVT00000BXrjxYAD,01tVT00000BXriLYAT,Primary,,,,,B301256A,B-!DEA Heating & Fan,3-Outdoor Heaters,01-Gas Heaters
01tVT00000BY9SMYA1,01tVT00000BY9SLYA1,Primary,,,,,H301057ST,H-!DEA Home,3-Office Furniture,01-Office Chairs
01tVT00000BYjIwYAL,01tVT00000BYneHYAT,Primary,,,,,H102221B,H-!DEA Home,1-Living Room Furniture,02-Coffee & Side & End Tables
01tVT00000BYk3hYAD,01tVT00000BYk25YAD,Primary,,,,,B301257C,B-!DEA Heating & Fan,3-Outdoor Heaters,01-Gas Heaters
01tVT00000BYlarYAD,01tVT00000BYlW1YAL,Primary,,,,,H405150B,H-!DEA Home,1-Living Room Furniture,11-Storage Furniture
01tVT00000BYlkXYAT,01tVT00000BYlivYAD,Primary,,,,,H405151B,H-!DEA Home,4-Storage & Organization,05-Shelving Units
01tVT00000BYmWvYAL,01tVT00000BYmVJYA1,Primary,,,,,H405152B,H-!DEA Home,4-Storage & Organization,05-Shelving Units
01tVT00000BYmofYAD,01tVT00000BYmn3YAD,Primary,,,,,H405153B,H-!DEA Home,4-Storage & Organization,05-Shelving Units
01tVT00000BYnSzYAL,01tVT00000BYnRNYA1,Primary,,,,,H110008B,H-!DEA Home,1-Living Room Furniture,10-Tv Stands & Entertainment
01tVT00000BZgE9YAL,01tVT00000BZg7hYAD,Alternative,,,,,G501008A,G-!DEA Garden,5-Folding Furniture,01-Utility Folding Tables (HDPE)
01tVT00000BaN6DYAV,01tVT00000BaN1NYAV,Primary,,,,,G103017A,G-!DEA Garden,1-Outdoor Furniture,03-Outdoor Chairs & Loungers
01tVT00000BaUFmYAN,01tVT00000BaZCDYA3,Primary,,,,,G106338A,G-!DEA Garden,1-Outdoor Furniture,06-Hammocks & Swings
01tVT00000BaVJtYAN,01tVT00000BaVIHYA3,Primary,,,,,G103018A,G-!DEA Garden,1-Outdoor Furniture,03-Outdoor Chairs & Loungers
01tVT00000BaVgTYAV,01tVT00000BaVdFYAV,Primary,,,,,G102028A,G-!DEA Garden,1-Outdoor Furniture,02-Outdoor Seating Sets
01tVT00000BaWXhYAN,01tVT00000BaTBeYAN,Primary,,,,,G202013A,G-!DEA Garden,2-Outdoor Shades & Structures,02-Pergolas & Gazebos
01tVT00000BbEVVYA3,01tVT00000BbETtYAN,Primary,,,,,G102029A,G-!DEA Garden,1-Outdoor Furniture,02-Outdoor Seating Sets
01tVT00000BbEiPYAV,01tVT00000BbEgnYAF,Primary,,,,,G102030A,G-!DEA Garden,1-Outdoor Furniture,02-Outdoor Seating Sets
01tVT00000BbEs5YAF,01tVT00000BbCiEYAV,Primary,,,,,G102031A,G-!DEA Garden,1-Outdoor Furniture,02-Outdoor Seating Sets
01tVT00000BbF8DYAV,01tVT00000BbF3NYAV,Primary,,,,,G102032A,G-!DEA Garden,1-Outdoor Furniture,02-Outdoor Seating Sets
01tVT00000BeAYbYAN,01tVT00000BeAQXYA3,Primary,,,,,H202042B,H-!DEA Home,2-Kitchen & Dining Furniture,02-Dining Tables
01tVT00000BeAiHYAV,01tVT00000BeAgfYAF,Primary,,,,,H203008B,H-!DEA Home,2-Kitchen & Dining Furniture,03-Dining Sets
01tVT00000BeBCvYAN,01tVT00000BeB9hYAF,Primary,,,,,H202043B,H-!DEA Home,2-Kitchen & Dining Furniture,02-Dining Tables
01tVT00000BeBo1YAF,01tVT00000BeBJXYA3,Primary,,,,,H202044B,H-!DEA Home,2-Kitchen & Dining Furniture,02-Dining Tables
01tVT00000BeDJZYA3,01tVT00000BeDGLYA3,Primary,,,,,H203009B,H-!DEA Home,2-Kitchen & Dining Furniture,03-Dining Sets
01tVT00000BeDZhYAN,01tVT00000BeDUrYAN,Primary,,,,,H101178B,H-!DEA Home,2-Kitchen & Dining Furniture,01-Dining Chairs
01tVT00000BeDkzYAF,01tVT00000BeBfyYAF,Primary,,,,,H101179B,H-!DEA Home,2-Kitchen & Dining Furniture,01-Dining Chairs
01tVT00000BeEPJYA3,01tVT00000BeEKTYA3,Primary,,,,,H203010B,H-!DEA Home,2-Kitchen & Dining Furniture,03-Dining Sets
01tVT00000BeEcDYAV,01tVT00000BeEYzYAN,Primary,,,,,H101180B,H-!DEA Home,2-Kitchen & Dining Furniture,01-Dining Chairs
01tVT00000BeFJlYAN,01tVT00000BeFI9YAN,Primary,,,,,H101181B,H-!DEA Home,2-Kitchen & Dining Furniture,01-Dining Chairs
01tVT00000BeFRpYAN,01tVT00000BeBUgYAN,Primary,,,,,H101182B,H-!DEA Home,2-Kitchen & Dining Furniture,01-Dining Chairs
01tVT00000BeFmnYAF,01tVT00000BeFhxYAF,Primary,,,,,H101183B,H-!DEA Home,2-Kitchen & Dining Furniture,01-Dining Chairs
01tVT00000BeFtFYAV,01tVT00000BeFrdYAF,Primary,,,,,H101184B,H-!DEA Home,2-Kitchen & Dining Furniture,01-Dining Chairs
01tVT00000BeFy5YAF,01tVT00000BeFwTYAV,Primary,,,,,H203011B,H-!DEA Home,2-Kitchen & Dining Furniture,03-Dining Sets
01tVT00000BeG9NYAV,01tVT00000BeG7lYAF,Primary,,,,,H204003B,H-!DEA Home,2-Kitchen & Dining Furniture,04-Bar Stools
01tVT00000BeGirYAF,01tVT00000BeGe1YAF,Primary,,,,,H203012B,H-!DEA Home,2-Kitchen & Dining Furniture,03-Dining Sets
01tVT00000BeGu9YAF,01tVT00000BeGsXYAV,Primary,,,,,H203013B,H-!DEA Home,2-Kitchen & Dining Furniture,03-Dining Sets
01tVT00000BeKg1YAF,01tVT00000BeKbBYAV,Primary,,,,,H204004B,H-!DEA Home,2-Kitchen & Dining Furniture,04-Bar Stools
01tVT00000BeKsvYAF,01tVT00000BeKo5YAF,Primary,,,,,H204005B,H-!DEA Home,2-Kitchen & Dining Furniture,04-Bar Stools
01tVT00000BeL7RYAV,01tVT00000BeL2bYAF,Primary,,,,,H204006B,H-!DEA Home,2-Kitchen & Dining Furniture,04-Bar Stools
01tVT00000BeLH7YAN,01tVT00000BeLFVYA3,Primary,,,,,H204007B,H-!DEA Home,2-Kitchen & Dining Furniture,04-Bar Stools
01tVT00000BeLU1YAN,01tVT00000BeLQnYAN,Primary,,,,,H204008B,H-!DEA Home,2-Kitchen & Dining Furniture,04-Bar Stools
01tVT00000BeNNlYAN,01tVT00000BeNIvYAN,Primary,,,,,H202045B,H-!DEA Home,2-Kitchen & Dining Furniture,02-Dining Tables
01tVT00000BeNkLYAV,01tVT00000BeMbOYAV,Primary,,,,,H202046B,H-!DEA Home,2-Kitchen & Dining Furniture,02-Dining Tables
01tVT00000Bf6EPYAZ,01tVT00000Bf6CnYAJ,Primary,,,,,H203014B,H-!DEA Home,2-Kitchen & Dining Furniture,03-Dining Sets
01tVT00000Bf6pVYAR,01tVT00000Bf6ntYAB,Primary,,,,,H203015B,H-!DEA Home,2-Kitchen & Dining Furniture,03-Dining Sets
01tVT00000Bf7IYYAZ,01tVT00000Bf7qPYAR,Primary,,,,,H203017B,H-!DEA Home,2-Kitchen & Dining Furniture,03-Dining Sets
01tVT00000Bf7NNYAZ,01tVT00000Bf7LlYAJ,Primary,,,,,H203016B,H-!DEA Home,2-Kitchen & Dining Furniture,03-Dining Sets
01tVT00000Bf7gjYAB,01tVT00000Bf7VRYAZ,Alternative,,,,,G504001A,G-!DEA Garden,5-Folding Furniture,04-Folding  Sets (Tables+ Chairs)
01tVT00000BfA3VYAV,01tVT00000BfA1tYAF,Primary,,,,,H108005B,H-!DEA Home,1-Living Room Furniture,08-Recliners
01tVT00000BfCq5YAF,01tVT00000BfCmrYAF,Primary,,,,,H108006B,H-!DEA Home,1-Living Room Furniture,08-Recliners
01tVT00000BfD7pYAF,01tVT00000BfD6DYAV,Primary,,,,,H103014B,H-!DEA Home,1-Living Room Furniture,03-Sofas & Couches
01tVT00000BfDXdYAN,01tVT00000BfDUPYA3,Primary,,,,,H103015B,H-!DEA Home,1-Living Room Furniture,03-Sofas & Couches
01tVT00000BfDxRYAV,01tVT00000BfDvpYAF,Primary,,,,,H103016B,H-!DEA Home,1-Living Room Furniture,12-Compressed Sofas
01tVT00000BfE3tYAF,01tVT00000BfE2HYAV,Primary,,,,,H103017B,H-!DEA Home,1-Living Room Furniture,03-Sofas & Couches
01tVT00000BfEBxYAN,01tVT00000BfEALYA3,Primary,,,,,H103018B,H-!DEA Home,1-Living Room Furniture,12-Compressed Sofas
01tVT00000BfEThYAN,01tVT00000BfEQTYA3,Primary,,,,,H103019B,H-!DEA Home,1-Living Room Furniture,12-Compressed Sofas
01tVT00000BfErtYAF,01tVT00000BfEqHYAV,Primary,,,,,H108007B,H-!DEA Home,1-Living Room Furniture,08-Recliners
01tVT00000BfFHhYAN,01tVT00000BfA8MYAV,Primary,,,,,H108008B,H-!DEA Home,1-Living Room Furniture,08-Recliners
01tVT00000BfHUnYAN,01tVT00000BfHTBYA3,Primary,,,,,H108009B,H-!DEA Home,1-Living Room Furniture,08-Recliners
01tVT00000BfI5tYAF,01tVT00000BfI4HYAV,Primary,,,,,H103020B,H-!DEA Home,1-Living Room Furniture,03-Sofas & Couches
01tVT00000BfwJRYAZ,01tVT00000BfscQYAR,Primary,,,,,H103021B,H-!DEA Home,1-Living Room Furniture,12-Compressed Sofas
01tVT00000BfwRVYAZ,01tVT00000BfwPtYAJ,Primary,,,,,H103022B,H-!DEA Home,1-Living Room Furniture,12-Compressed Sofas
01tVT00000BfwXxYAJ,01tVT00000BftzuYAB,Primary,,,,,H103023B,H-!DEA Home,1-Living Room Furniture,12-Compressed Sofas
01tVT00000BfwcnYAB,01tVT00000BfueEYAR,Primary,,,,,H103024B,H-!DEA Home,1-Living Room Furniture,12-Compressed Sofas
01tVT00000BfxU1YAJ,01tVT00000BfxPBYAZ,Primary,,,,,H103025B,H-!DEA Home,1-Living Room Furniture,03-Sofas & Couches
01tVT00000BfxsDYAR,01tVT00000BfxqbYAB,Primary,,,,,H103026B,H-!DEA Home,1-Living Room Furniture,03-Sofas & Couches
01tVT00000Bfz7dYAB,01tVT00000Bfz61YAB,Primary,,,,,H103027B,H-!DEA Home,1-Living Room Furniture,03-Sofas & Couches
01tVT00000Bg0A9YAJ,01tVT00000Bg06vYAB,Primary,,,,,H103028B,H-!DEA Home,1-Living Room Furniture,03-Sofas & Couches
01tVT00000Bg0gPYAR,01tVT00000Bg0enYAB,Primary,,,,,H108010B,H-!DEA Home,1-Living Room Furniture,08-Recliners
01tVT00000Bg3G5YAJ,01tVT00000Bg2VKYAZ,Primary,,,,,H108011B,H-!DEA Home,1-Living Room Furniture,08-Recliners
01tVT00000Bg3w1YAB,01tVT00000Bg2YYYAZ,Primary,,,,,H108012B,H-!DEA Home,1-Living Room Furniture,01-Accent Chairs
01tVT00000Bg4FNYAZ,01tVT00000Bg4DlYAJ,Primary,,,,,H108013B,H-!DEA Home,1-Living Room Furniture,01-Accent Chairs
01tVT00000Bg53NYAR,01tVT00000Bg509YAB,Primary,,,,,H108014B,H-!DEA Home,1-Living Room Furniture,01-Accent Chairs
01tVT00000Bg5g5YAB,01tVT00000Bg5bFYAR,Primary,,,,,H108015B,H-!DEA Home,1-Living Room Furniture,01-Accent Chairs
01tVT00000Bg5pmYAB,01tVT00000Bg70LYAR,Primary,,,,,H108016B,H-!DEA Home,1-Living Room Furniture,01-Accent Chairs
01tVT00000Bg7UzYAJ,01tVT00000Bg7OXYAZ,Primary,,,,,H108017B,H-!DEA Home,1-Living Room Furniture,01-Accent Chairs
01tVT00000Bg7rZYAR,01tVT00000Bg7mjYAB,Primary,,,,,H108018B,H-!DEA Home,1-Living Room Furniture,01-Accent Chairs
01tVT00000Bg84TYAR,01tVT00000Bg81FYAR,Primary,,,,,H108019B,H-!DEA Home,1-Living Room Furniture,01-Accent Chairs
01tVT00000Bg8IzYAJ,01tVT00000Bg8HNYAZ,Primary,,,,,H108020B,H-!DEA Home,1-Living Room Furniture,01-Accent Chairs
01tVT00000Bg9GfYAJ,01tVT00000Bg9F3YAJ,Primary,,,,,H108021B,H-!DEA Home,1-Living Room Furniture,01-Accent Chairs
01tVT00000BgA7uYAF,01tVT00000BgAUTYA3,Primary,,,,,H108023B,H-!DEA Home,1-Living Room Furniture,01-Accent Chairs
01tVT00000BgAJBYA3,01tVT00000BgAELYA3,Alternative,,,,,H108022B,H-!DEA Home,1-Living Room Furniture,01-Accent Chairs
01tVT00000BgAflYAF,01tVT00000BgAcXYAV,Primary,,,,,H108024B,H-!DEA Home,1-Living Room Furniture,01-Accent Chairs
01tVT00000BgAsfYAF,01tVT00000BgAr3YAF,Primary,,,,,H108025B,H-!DEA Home,1-Living Room Furniture,08-Recliners
01tVT00000BgITdYAN,01tVT00000BgI5RYAV,Primary,,,,,H108026B,H-!DEA Home,1-Living Room Furniture,08-Recliners
01tVT00000BgIrpYAF,01tVT00000BgImzYAF,Primary,,,,,H108027B,H-!DEA Home,1-Living Room Furniture,08-Recliners
01tVT00000BgJMTYA3,01tVT00000BgJHdYAN,Primary,,,,,H108028B,H-!DEA Home,1-Living Room Furniture,08-Recliners
01tVT00000BgtWPYAZ,01tVT00000Bgsk2YAB,Primary,,,,,H108029B,H-!DEA Home,1-Living Room Furniture,08-Recliners
01tVT00000BgunRYAR,01tVT00000BguibYAB,Primary,,,,,H108030B,H-!DEA Home,1-Living Room Furniture,08-Recliners
01tVT00000Bgup3YAB,01tVT00000BgulpYAB,Primary,,,,,H202047B,H-!DEA Home,2-Kitchen & Dining Furniture,02-Dining Tables
01tVT00000Bgv5BYAR,01tVT00000Bgv0LYAR,Primary,,,,,H108031B,H-!DEA Home,1-Living Room Furniture,08-Recliners
01tVT00000BgvDFYAZ,01tVT00000BgvA1YAJ,Primary,,,,,H202048B,H-!DEA Home,2-Kitchen & Dining Furniture,02-Dining Tables
01tVT00000BgvbRYAR,01tVT00000BgvZpYAJ,Primary,,,,,H202049B,H-!DEA Home,2-Kitchen & Dining Furniture,02-Dining Tables
01tVT00000BgvunYAB,01tVT00000BgvtBYAR,Primary,,,,,H202050B,H-!DEA Home,2-Kitchen & Dining Furniture,02-Dining Tables
01tVT00000BgwyvYAB,01tVT00000Bgwu5YAB,Primary,,,,,H108032B,H-!DEA Home,1-Living Room Furniture,08-Recliners
01tVT00000Bj1o1YAB,01tVT00000Bj1jBYAR,Primary,,,,,G403032A,G-!DEA Garden,4-Camping & Beach,03-Coolers & Thermal Bags
01tVT00000Bj2AbYAJ,01tVT00000Bj25lYAB,Primary,,,,,G403033A,G-!DEA Garden,4-Camping & Beach,03-Coolers & Thermal Bags
01tVT00000Bj2nJYAR,01tVT00000Biy5OYAR,Primary,,,,,G403034A,G-!DEA Garden,4-Camping & Beach,03-Coolers & Thermal Bags
01tVT00000Bj6xNYAR,01tVT00000Bj5ekYAB,Primary,,,,,H404135B,H-!DEA Home,4-Storage & Organization,04-Storage Bins & Boxes
01tVT00000Bj7JxYAJ,01tVT00000Bj7ILYAZ,Primary,,,,,H404136B,H-!DEA Home,4-Storage & Organization,04-Storage Bins & Boxes
01tVT00000Bj7TdYAJ,01tVT00000Bj7OnYAJ,Primary,,,,,H404137B,H-!DEA Home,4-Storage & Organization,04-Storage Bins & Boxes
01tVT00000Bj7rpYAB,01tVT00000Bj7mzYAB,Primary,,,,,H404138B,H-!DEA Home,4-Storage & Organization,04-Storage Bins & Boxes
01tVT00000Bj837YAB,01tVT00000Bj7ztYAB,Primary,,,,,H404139B,H-!DEA Home,4-Storage & Organization,04-Storage Bins & Boxes
01tVT00000BjoLhYAJ,01tVT00000BjoITYAZ,Primary,,,,,H102222B,H-!DEA Home,1-Living Room Furniture,02-Coffee & Side & End Tables
01tVT00000BjrY5YAJ,01tVT00000BjrWTYAZ,Primary,,,,,H102223B,H-!DEA Home,1-Living Room Furniture,02-Coffee & Side & End Tables
01tVT00000BjtzhYAB,01tVT00000BjttFYAR,Primary,,,,,H102224B,H-!DEA Home,1-Living Room Furniture,02-Coffee & Side & End Tables
01tVT00000BjvNBYAZ,01tVT00000Bjv5SYAR,Primary,,,,,H102225B,H-!DEA Home,1-Living Room Furniture,02-Coffee & Side & End Tables
01tVT00000BjyheYAB,01tVT00000BjzdhYAB,Primary,,,,,H102226B,H-!DEA Home,1-Living Room Furniture,02-Coffee & Side & End Tables
01tVT00000BjzyfYAB,01tVT00000Bjzx3YAB,Primary,,,,,H102227B,H-!DEA Home,1-Living Room Furniture,02-Coffee & Side & End Tables
01tVT00000Bk0t7YAB,01tVT00000Bk0oHYAR,Primary,,,,,H102228B,H-!DEA Home,1-Living Room Furniture,02-Coffee & Side & End Tables
01tVT00000Bk1KXYAZ,01tVT00000Bk1HJYAZ,Primary,,,,,H102229B,H-!DEA Home,1-Living Room Furniture,02-Coffee & Side & End Tables
01tVT00000BkaoXYAR,01tVT00000BkamvYAB,Primary,,,,,H108033B,H-!DEA Home,1-Living Room Furniture,08-Recliners
01tVT00000BkbUUYAZ,01tVT00000BkbpRYAR,Primary,,,,,H404140B,H-!DEA Home,4-Storage & Organization,04-Storage Bins & Boxes
01tVT00000BkdZWYAZ,01tVT00000BkeLtYAJ,Alternative,,,,,G402025A,G-!DEA Garden,4-Camping & Beach,02-Camping Chairs & Tables
01tVT00000BkdssYAB,01tVT00000BkgdpYAB,Primary,,,,,H108034B,H-!DEA Home,1-Living Room Furniture,08-Recliners
01tVT00000Bkek5YAB,01tVT00000BkeTxYAJ,Primary,,,,,H102230B,H-!DEA Home,1-Living Room Furniture,02-Coffee & Side & End Tables
01tVT00000BkgCPYAZ,01tVT00000BkgAnYAJ,Primary,,,,,H107016B,H-!DEA Home,1-Living Room Furniture,07-Benches & Ottomans
01tVT00000BkiMIYAZ,01tVT00000Bkim6YAB,Primary,,,,,H102234B,H-!DEA Home,1-Living Room Furniture,02-Coffee & Side & End Tables
01tVT00000BkiXaYAJ,01tVT00000BknKLYAZ,Primary,,,,,H107018B,H-!DEA Home,1-Living Room Furniture,07-Benches & Ottomans
01tVT00000Bkk9ZYAR,01tVT00000Bkk37YAB,Primary,,,,,H109002B,H-!DEA Home,1-Living Room Furniture,09-Console Tables & Sideboards
01tVT00000BkkUXYAZ,01tVT00000BkkRJYAZ,Primary,,,,,H102231B,H-!DEA Home,1-Living Room Furniture,02-Coffee & Side & End Tables
01tVT00000BkkntYAB,01tVT00000BkkmHYAR,Primary,,,,,H102232B,H-!DEA Home,1-Living Room Furniture,02-Coffee & Side & End Tables
01tVT00000BklC5YAJ,01tVT00000Bkl8rYAB,Primary,,,,,H109003B,H-!DEA Home,1-Living Room Furniture,09-Console Tables & Sideboards
01tVT00000BklFKYAZ,01tVT00000Bkm1hYAB,Primary,,,,,H102235B,H-!DEA Home,1-Living Room Furniture,02-Coffee & Side & End Tables
01tVT00000BklVRYAZ,01tVT00000BklTpYAJ,Primary,,,,,H102233B,H-!DEA Home,1-Living Room Furniture,02-Coffee & Side & End Tables
01tVT00000BkmT7YAJ,01tVT00000BkmRVYAZ,Primary,,,,,H108035B,H-!DEA Home,1-Living Room Furniture,08-Recliners
01tVT00000BkmXxYAJ,01tVT00000Bkkr8YAB,Primary,,,,,H102236B,H-!DEA Home,1-Living Room Furniture,02-Coffee & Side & End Tables
01tVT00000BkmrJYAR,01tVT00000BkmphYAB,Primary,,,,,H108036B,H-!DEA Home,1-Living Room Furniture,08-Recliners
01tVT00000BkmxlYAB,01tVT00000BklAUYAZ,Primary,,,,,H102237B,H-!DEA Home,1-Living Room Furniture,02-Coffee & Side & End Tables
01tVT00000BknDtYAJ,01tVT00000BknAfYAJ,Primary,,,,,H107017B,H-!DEA Home,1-Living Room Furniture,07-Benches & Ottomans
01tVT00000BmMhRYAV,01tVT00000BmMcbYAF,Primary,,,,,G104155A,G-!DEA Garden,1-Outdoor Furniture,04-Outdoor Tables
01tVT00000BmOrKYAV,01tVT00000BkeLtYAJ,Primary,,,,,G402025A,G-!DEA Garden,4-Camping & Beach,02-Camping Chairs & Tables
01tVT00000BohxtYAB,01tVT00000Boh8HYAR,Primary,,,,,H108037B,H-!DEA Home,1-Living Room Furniture,01-Accent Chairs
01tVT00000BoiE1YAJ,01tVT00000Boi9BYAR,Primary,,,,,H106079B,H-!DEA Home,1-Living Room Furniture,06-Sofa Beds
01tVT00000BoiQvYAJ,01tVT00000BoiM5YAJ,Primary,,,,,H106080B,H-!DEA Home,1-Living Room Furniture,06-Sofa Beds
01tVT00000Boj5FYAR,01tVT00000Boj0PYAR,Primary,,,,,H106081B,H-!DEA Home,1-Living Room Furniture,06-Sofa Beds
01tVT00000BpzccYAB,01tVT00000BpzcbYAB,Primary,,,,,G603080AR,G-!DEA Garden,4-Camping & Beach,03-Coolers & Thermal Bags
01tVT00000BpzeEYAR,01tVT00000BpzeDYAR,Primary,,,,,G602102AR,G-!DEA Garden,4-Camping & Beach,05-Camping Accessories
01tVT00000BpzmIYAR,01tVT00000BpzmHYAR,Primary,,,,,G603079AR,G-!DEA Garden,4-Camping & Beach,03-Coolers & Thermal Bags
01tVT00000BpzskYAB,01tVT00000BpzsjYAB,Primary,,,,,G602106AR,G-!DEA Garden,4-Camping & Beach,06-Beach Carts & Wagons
01tVT00000Br62YYAR,01tVT00000BrBgXYAV,Primary,,,,,G303001A,G-!DEA Garden,3-Outdoor Cooking,03-Grill Accessories
01tVT00000BrAhFYAV,01tVT00000BrAfdYAF,Primary,,,,,H404141B,H-!DEA Home,4-Storage & Organization,04-Storage Bins & Boxes
01tVT00000BrAyzYAF,01tVT00000BrAu9YAF,Primary,,,,,G102033A,G-!DEA Garden,1-Outdoor Furniture,02-Outdoor Seating Sets
01tVT00000BrBOnYAN,01tVT00000BrBGjYAN,Primary,,,,,G301273A,G-!DEA Garden,3-Outdoor Cooking,01-Charcoal Grills
01tVT00000BrBVFYA3,01tVT00000BrBTdYAN,Primary,,,,,G101008A,G-!DEA Garden,5-Folding Furniture,01-Utility Folding Tables (HDPE)
01tVT00000BrBv3YAF,01tVT00000BrBtRYAV,Primary,,,,,G303002A,G-!DEA Garden,3-Outdoor Cooking,03-Grill Accessories
01tVT00000BrC37YAF,01tVT00000BrC1VYAV,Primary,,,,,G303003A,G-!DEA Garden,3-Outdoor Cooking,03-Grill Accessories
01tVT00000BrCXlYAN,01tVT00000BrCSvYAN,Primary,,,,,G102034A,G-!DEA Garden,1-Outdoor Furniture,02-Outdoor Seating Sets
01tVT00000BrCZOYA3,01tVT00000BrD42YAF,Primary,,,,,H405154B,H-!DEA Home,4-Storage & Organization,05-Shelving Units
01tVT00000BrDgjYAF,01tVT00000BrDf7YAF,Primary,,,,,G102035A,G-!DEA Garden,1-Outdoor Furniture,02-Outdoor Seating Sets
01tVT00000BrEbBYAV,01tVT00000BrEZZYA3,Primary,,,,,G102036A,G-!DEA Garden,1-Outdoor Furniture,02-Outdoor Seating Sets
01tVT00000BrF2bYAF,01tVT00000BrF0zYAF,Primary,,,,,G102037A,G-!DEA Garden,1-Outdoor Furniture,02-Outdoor Seating Sets
01tVT00000BrH9FYAV,01tVT00000BrH4PYAV,Primary,,,,,G102038A,G-!DEA Garden,1-Outdoor Furniture,02-Outdoor Seating Sets
01tVT00000BrHUDYA3,01tVT00000BrHPNYA3,Primary,,,,,G102039A,G-!DEA Garden,1-Outdoor Furniture,02-Outdoor Seating Sets
01tVT00000BrHnZYAV,01tVT00000BrHijYAF,Primary,,,,,G102040A,G-!DEA Garden,1-Outdoor Furniture,02-Outdoor Seating Sets
01tVT00000BrvoEYAR,01tVT00000BrwqjYAB,Primary,,,,,G102041A,G-!DEA Garden,1-Outdoor Furniture,02-Outdoor Seating Sets
01tVT00000Brwp8YAB,01tVT00000BrsrzYAB,Primary,,,,,G404137A,G-!DEA Garden,4-Camping & Beach,04-Beach Chairs & Umbrellas
01tVT00000Bry4XYAR,01tVT00000BrxzhYAB,Primary,,,,,G102042A,G-!DEA Garden,1-Outdoor Furniture,02-Outdoor Seating Sets
01tVT00000Bs2D2YAJ,01tVT00000Bs5E5YAJ,Primary,,,,,G107013A,G-!DEA Garden,1-Outdoor Furniture,07-Outdoor Benches
01tVT00000Bs3gwYAB,01tVT00000Bry7nYAB,Primary,,,,,G107012A,G-!DEA Garden,1-Outdoor Furniture,07-Outdoor Benches
01tVT00000Bs5VpYAJ,01tVT00000Bs5SbYAJ,Primary,,,,,G103018A,G-!DEA Garden,1-Outdoor Furniture,03-Outdoor Chairs & Loungers
01tVT00000Bs5fbYAB,01tVT00000Bs5kLYAR,Primary,,,,,G105019A,G-!DEA Garden,1-Outdoor Furniture,05-Outdoor Storage
01tVT00000Bs6DNYAZ,01tVT00000BruaSYAR,Primary,,,,,G107014A,G-!DEA Garden,1-Outdoor Furniture,07-Outdoor Benches
01tVT00000Bs6tJYAR,01tVT00000Bs6oTYAR,Primary,,,,,G102043A,G-!DEA Garden,1-Outdoor Furniture,02-Outdoor Seating Sets
01tVT00000BunVyYAJ,01tVT00000Bunz0YAB,Primary,,,,,G102044A,G-!DEA Garden,1-Outdoor Furniture,02-Outdoor Seating Sets
01tVT00000BunuBYAR,01tVT00000Bus0zYAB,Primary,,,,,G103019A,G-!DEA Garden,1-Outdoor Furniture,03-Outdoor Chairs & Loungers
01tVT00000BuqK9YAJ,01tVT00000BuqIXYAZ,Primary,,,,,G102045A,G-!DEA Garden,1-Outdoor Furniture,02-Outdoor Seating Sets
01tVT00000BuqteYAB,01tVT00000BuuUDYAZ,Primary,,,,,G102047A,G-!DEA Garden,1-Outdoor Furniture,02-Outdoor Seating Sets
01tVT00000BuqvFYAR,01tVT00000Buqs1YAB,Primary,,,,,G105020A,G-!DEA Garden,1-Outdoor Furniture,05-Outdoor Storage
01tVT00000Bur4vYAB,01tVT00000Bur3JYAR,Primary,,,,,G105021A,G-!DEA Garden,1-Outdoor Furniture,05-Outdoor Storage
01tVT00000BurCzYAJ,01tVT00000Bur89YAB,Primary,,,,,G105022A,G-!DEA Garden,1-Outdoor Furniture,05-Outdoor Storage
01tVT00000BurL3YAJ,01tVT00000BunCcYAJ,Primary,,,,,G105023A,G-!DEA Garden,1-Outdoor Furniture,05-Outdoor Storage
01tVT00000BurWMYAZ,01tVT00000Buvq5YAB,Primary,,,,,G603091A,G-!DEA Garden,6-Outdoor Gardening,03-Garden Tool & Equipment
01tVT00000BurZZYAZ,01tVT00000BurWLYAZ,Primary,,,,,G105024A,G-!DEA Garden,1-Outdoor Furniture,05-Outdoor Storage
01tVT00000Burg1YAB,01tVT00000BurbBYAR,Primary,,,,,G102046A,G-!DEA Garden,1-Outdoor Furniture,02-Outdoor Seating Sets
01tVT00000BursvYAB,01tVT00000BurrJYAR,Primary,,,,,G105025A,G-!DEA Garden,1-Outdoor Furniture,05-Outdoor Storage
01tVT00000BusU1YAJ,01tVT00000BusQnYAJ,Primary,,,,,G105026A,G-!DEA Garden,1-Outdoor Furniture,05-Outdoor Storage
01tVT00000ButTNYAZ,01tVT00000BuvN3YAJ,Primary,,,,,G105028A,G-!DEA Garden,1-Outdoor Furniture,05-Outdoor Storage
01tVT00000BuuilYAB,01tVT00000BumDLYAZ,Primary,,,,,G102049A,G-!DEA Garden,1-Outdoor Furniture,02-Outdoor Seating Sets
01tVT00000BuulxYAB,01tVT00000Buuh7YAB,Primary,,,,,G102048A,G-!DEA Garden,1-Outdoor Furniture,02-Outdoor Seating Sets
01tVT00000BuvDNYAZ,01tVT00000Buv5PYAR,Primary,,,,,G105027A,G-!DEA Garden,1-Outdoor Furniture,05-Outdoor Storage
01tVT00000BuwnlYAB,01tVT00000Buwm9YAB,Primary,,,,,G101139A,G-!DEA Garden,1-Outdoor Furniture,01-Outdoor Dining Sets
01tVT00000Bux77YAB,01tVT00000Bux2HYAR,Primary,,,,,G101140A,G-!DEA Garden,1-Outdoor Furniture,01-Outdoor Dining Sets
01tVT00000BvZacYAF,01t4w00000NvMgQAAV,Alternative,,,,,G301131A,G-!DEA Garden,3-Outdoor Cooking,07-Portable & Camping Grills
01tVT00000BvbnhYAB,01tVT00000Bvbm5YAB,Primary,,,,,G101141A,G-!DEA Garden,1-Outdoor Furniture,01-Outdoor Dining Sets
01tVT00000BvcAHYAZ,01tVT00000Bvc5RYAR,Primary,,,,,G101142A,G-!DEA Garden,1-Outdoor Furniture,01-Outdoor Dining Sets
01tVT00000BvcTdYAJ,01tVT00000BvcS1YAJ,Primary,,,,,G101143A,G-!DEA Garden,1-Outdoor Furniture,01-Outdoor Dining Sets
01tVT00000BvclNYAR,01tVT00000Bvci9YAB,Primary,,,,,G101144A,G-!DEA Garden,1-Outdoor Furniture,01-Outdoor Dining Sets
01tVT00000BvclOYAR,01tVT00000BvinZYAR,Primary,,,,,H205011B,H-!DEA Home,2-Kitchen & Dining Furniture,05-Kitchen Carts & Islands
01tVT00000BvdHdYAJ,01tVT00000BvdG1YAJ,Primary,,,,,G101145A,G-!DEA Garden,1-Outdoor Furniture,01-Outdoor Dining Sets
01tVT00000Bvdr7YAB,01tVT00000BvdpVYAR,Primary,,,,,G102050A,G-!DEA Garden,1-Outdoor Furniture,02-Outdoor Seating Sets
01tVT00000BveGvYAJ,01tVT00000BveFJYAZ,Primary,,,,,G101146A,G-!DEA Garden,1-Outdoor Furniture,01-Outdoor Dining Sets
01tVT00000Bvef7YAB,01tVT00000BvedVYAR,Primary,,,,,G106339A,G-!DEA Garden,1-Outdoor Furniture,06-Hammocks & Swings
01tVT00000BvfOHYAZ,01tVT00000BvfJRYAZ,Primary,,,,,G404138A,G-!DEA Garden,4-Camping & Beach,04-Beach Chairs & Umbrellas
01tVT00000BvhrVYAR,01tVT00000BvhptYAB,Primary,,,,,H402001B,H-!DEA Home,4-Storage & Organization,02-Shoe Storage
01tVT00000Bvi4PYAR,01tVT00000Bvi2nYAB,Primary,,,,,H402002B,H-!DEA Home,4-Storage & Organization,02-Shoe Storage
01tVT00000BviE5YAJ,01tVT00000BviCTYAZ,Primary,,,,,H403012B,H-!DEA Home,4-Storage & Organization,03-Storage Carts & Drawers
01tVT00000BviHJYAZ,01tVT00000BviFhYAJ,Primary,,,,,G103020A,G-!DEA Garden,1-Outdoor Furniture,01-Outdoor Dining Sets
01tVT00000BviKXYAZ,01tVT00000BviIvYAJ,Primary,,,,,H403013B,H-!DEA Home,4-Storage & Organization,03-Storage Carts & Drawers
01tVT00000BviVpYAJ,01tVT00000BviUDYAZ,Primary,,,,,H302107B,H-!DEA Home,3-Office Furniture,02-Desks
01tVT00000BvifVYAR,01tVT00000BviafYAB,Primary,,,,,G103021A,G-!DEA Garden,1-Outdoor Furniture,01-Outdoor Dining Sets
01tVT00000BviyrYAB,01tVT00000BvivdYAB,Primary,,,,,H205012B,H-!DEA Home,2-Kitchen & Dining Furniture,05-Kitchen Carts & Islands
01tVT00000BvjRtYAJ,01tVT00000BvjOfYAJ,Primary,,,,,G101147A,G-!DEA Garden,1-Outdoor Furniture,01-Outdoor Dining Sets
01tVT00000BvpQrYAJ,01tVT00000BvpKPYAZ,Primary,,,,,G501151A,G-!DEA Garden,5-Folding Furniture,01-Utility Folding Tables (HDPE)
01tVT00000BvpdlYAB,01tVT00000BvpYvYAJ,Primary,,,,,G101148A,G-!DEA Garden,1-Outdoor Furniture,01-Outdoor Dining Sets
01tVT00000Bvq1xYAB,01tVT00000Bvq0LYAR,Primary,,,,,G101149A,G-!DEA Garden,1-Outdoor Furniture,01-Outdoor Dining Sets
01tVT00000BvqoLYAR,01tVT00000BvqjVYAR,Primary,,,,,G501152A,G-!DEA Garden,5-Folding Furniture,01-Utility Folding Tables (HDPE)
01tVT00000BvqpxYAB,01tVT00000BvqhtYAB,Primary,,,,,G101150A,G-!DEA Garden,1-Outdoor Furniture,01-Outdoor Dining Sets
01tVT00000BvqrZYAR,01tVT00000BvqjVYAR,Alternative,,,,,G501152A,G-!DEA Garden,5-Folding Furniture,01-Utility Folding Tables (HDPE)
01tVT00000BvqtBYAR,01tVT00000BvqjVYAR,Alternative,,,,,G501152A,G-!DEA Garden,5-Folding Furniture,01-Utility Folding Tables (HDPE)
01tVT00000BwjcjYAB,01tVT00000BwjWHYAZ,Primary,,,,,G102051A,G-!DEA Garden,1-Outdoor Furniture,02-Outdoor Seating Sets
01tVT00000BwkTxYAJ,01tVT00000BwkSLYAZ,Primary,,,,,G301274A,G-!DEA Garden,3-Outdoor Cooking,01-Charcoal Grills
01tVT00000BwkqXYAR,01tVT00000BwkovYAB,Primary,,,,,B401001C,B-!DEA Heating & Fan,4-Air Treatment,01-Air Purifiers
01tVT00000BxOj7YAF,01tVT00000BxOeHYAV,Primary,,,,,G101151A,G-!DEA Garden,1-Outdoor Furniture,01-Outdoor Dining Sets
01tVT00000BxP0sYAF,01tVT00000BxLdCYAV,Primary,,,,,G201021A,G-!DEA Garden,2-Outdoor Shades & Structures,01-Umbrellas
01tVT00000BxPKDYA3,01tVT00000BxPGzYAN,Primary,,,,,G202014A,G-!DEA Garden,2-Outdoor Shades & Structures,02-Pergolas & Gazebos
01tVT00000BxPgnYAF,01tVT00000BxPfBYAV,Primary,,,,,G201020A,G-!DEA Garden,2-Outdoor Shades & Structures,01-Umbrellas
01tVT00000C1o77YAB,01tVT00000BZg7hYAD,Alternative,,,,,G501008A,G-!DEA Garden,5-Folding Furniture,01-Utility Folding Tables (HDPE)
01tVT00000C1s2fYAB,01tVT00000C1rwDYAR,Primary,,,,,G502065A,G-!DEA Garden,5-Folding Furniture,02-Folding Chairs
01tVT00000C5xrnYAB,01tVT00000C60G9YAJ,Primary,,,,,G101152A,G-!DEA Garden,1-Outdoor Furniture,01-Outdoor Dining Sets
01tVT00000C63ifYAB,01tVT00000C63VlYAJ,Primary,,,,,G403035A,G-!DEA Garden,4-Camping & Beach,03-Coolers & Thermal Bags
01tVT00000C6uDVYAZ,01tVT00000C6tpJYAR,Primary,,,,,G102052A,G-!DEA Garden,1-Outdoor Furniture,01-Outdoor Dining Sets
01tVT00000C6uTdYAJ,01tVT00000C6rQwYAJ,Primary,,,,,G102053A,G-!DEA Garden,1-Outdoor Furniture,07-Outdoor Benches
01tVT00000C6ujlYAB,01tVT00000C6ubhYAB,Primary,,,,,G107015A,G-!DEA Garden,1-Outdoor Furniture,07-Outdoor Benches
01tVT00000C6utRYAR,01tVT00000C6uobYAB,Primary,,,,,G107016A,G-!DEA Garden,1-Outdoor Furniture,05-Outdoor Storage
01tVT00000C6v6LYAR,01tVT00000C6r5yYAB,Primary,,,,,G107017A,G-!DEA Garden,1-Outdoor Furniture,05-Outdoor Storage
01tVT00000C6vHfYAJ,01tVT00000C73a9YAB,Primary,,,,,G102055A,G-!DEA Garden,1-Outdoor Furniture,02-Outdoor Seating Sets
01tVT00000C6vKrYAJ,01tVT00000C6vJFYAZ,Primary,,,,,G101153A,G-!DEA Garden,1-Outdoor Furniture,01-Outdoor Dining Sets
01tVT00000C6vUXYAZ,01tVT00000C6vSvYAJ,Primary,,,,,G101154A,G-!DEA Garden,1-Outdoor Furniture,01-Outdoor Dining Sets
01tVT00000C6vj3YAB,01tVT00000C6vhRYAR,Primary,,,,,G103022A,G-!DEA Garden,1-Outdoor Furniture,03-Outdoor Chairs & Loungers
01tVT00000C6vvxYAB,01tVT00000C6vntYAB,Primary,,,,,G101155A,G-!DEA Garden,1-Outdoor Furniture,01-Outdoor Dining Sets
01tVT00000C6wATYAZ,01tVT00000C6w5dYAB,Primary,,,,,G102054A,G-!DEA Garden,1-Outdoor Furniture,02-Outdoor Seating Sets
01tVT00000C6waHYAR,01tVT00000C6wVRYAZ,Primary,,,,,G101156A,G-!DEA Garden,1-Outdoor Furniture,01-Outdoor Dining Sets
01tVT00000C6yvSYAR,01tVT00000C75C9YAJ,Primary,,,,,G101159A,G-!DEA Garden,1-Outdoor Furniture,01-Outdoor Dining Sets
01tVT00000C74j7YAB,01tVT00000C74eHYAR,Primary,,,,,G101157A,G-!DEA Garden,1-Outdoor Furniture,01-Outdoor Dining Sets
01tVT00000C7545YAB,01tVT00000C74snYAB,Primary,,,,,G101158A,G-!DEA Garden,1-Outdoor Furniture,01-Outdoor Dining Sets
01tVT00000C7qe5YAB,01tVT00000C7nujYAB,Primary,,,,,H301058B,H-!DEA Home,3-Office Furniture,01-Office Chairs
01tVT00000C7qpNYAR,01tVT00000C7qm9YAB,Primary,,,,,H302108B,H-!DEA Home,3-Office Furniture,02-Desks
01tVT00000C7wzdYAB,01tVT00000C7sHiYAJ,Primary,,,,,G103023A,G-!DEA Garden,1-Outdoor Furniture,03-Outdoor Chairs & Loungers
01tVT00000C7x66YAB,01tVT00000C7xajYAB,Primary,,,,,G104158A,G-!DEA Garden,1-Outdoor Furniture,04-Outdoor Tables
01tVT00000C7xE9YAJ,01tVT00000C7vPGYAZ,Primary,,,,,G103024A,G-!DEA Garden,1-Outdoor Furniture,03-Outdoor Chairs & Loungers
01tVT00000C7xXVYAZ,01tVT00000C7xNpYAJ,Primary,,,,,G104157A,G-!DEA Garden,1-Outdoor Furniture,04-Outdoor Tables
01tVT00000C805ZYAR,01tVT00000C7zxVYAR,Primary,,,,,G102056A,G-!DEA Garden,1-Outdoor Furniture,02-Outdoor Seating Sets
01tVT00000C80gfYAB,01tVT00000C80aDYAR,Primary,,,,,G102057A,G-!DEA Garden,1-Outdoor Furniture,02-Outdoor Seating Sets
01tVT00000C8EmsYAF,01tVT00000C8EmrYAF,Primary,,,,,B302234VI,B-!DEA Heating & Fan,2-Indoor Heaters,01-Ceramic & Fan Heaters
01tVT00000C8ccHYAR,01tVT00000C8Z0WYAV,Primary,,,,,G104159A,G-!DEA Garden,1-Outdoor Furniture,04-Outdoor Tables
01tVT00000C8csPYAR,01tVT00000C8cnZYAR,Primary,,,,,G102058A,G-!DEA Garden,1-Outdoor Furniture,01-Outdoor Dining Sets
01tVT00000C8dIDYAZ,01tVT00000C8dGbYAJ,Primary,,,,,G103025A,G-!DEA Garden,1-Outdoor Furniture,03-Outdoor Chairs & Loungers
01tVT00000C8ee5YAB,01tVT00000C8eNxYAJ,Primary,,,,,G103026A,G-!DEA Garden,1-Outdoor Furniture,03-Outdoor Chairs & Loungers
01tVT00000C8eqzYAB,01tVT00000C8em9YAB,Primary,,,,,G104160A,G-!DEA Garden,1-Outdoor Furniture,04-Outdoor Tables
01tVT00000CHYftYAH,01tVT00000CHYUbYAP,Primary,,,,,G402026A,G-!DEA Garden,4-Camping & Beach,02-Camping Chairs & Tables
01tVT00000CHYrBYAX,01tVT00000CHYmLYAX,Primary,,,,,G402027A,G-!DEA Garden,4-Camping & Beach,02-Camping Chairs & Tables
01tVT00000CJOZBYA5,01tVT00000CJOR7YAP,Primary,,,,,B103001C,B-!DEA Heating & Fan,1-Fans,03-Rechargeable Fans
01tVT00000CJQCnYAP,01tVT00000CJQ4jYAH,Primary,,,,,G102059A,G-!DEA Garden,1-Outdoor Furniture,02-Outdoor Seating Sets
01tVT00000CJQeDYAX,01tVT00000CJQXlYAP,Primary,,,,,G102060A,G-!DEA Garden,1-Outdoor Furniture,02-Outdoor Seating Sets
01tVT00000CJR5dYAH,01tVT00000CJR0nYAH,Primary,,,,,G102061A,G-!DEA Garden,1-Outdoor Furniture,02-Outdoor Seating Sets
01tVT00000CJRATYA5,01tVT00000CJQcbYAH,Primary,,,,,B103002C,B-!DEA Heating & Fan,1-Fans,03-Rechargeable Fans
01tVT00000CKulVYAT,01tVT00000CKubpYAD,Primary,,,,,B103004C,B-!DEA Heating & Fan,1-Fans,03-Rechargeable Fans
01tVT00000CKv4sYAD,01tVT00000CKt4gYAD,Primary,,,,,B103007C,B-!DEA Heating & Fan,1-Fans,03-Rechargeable Fans
01tVT00000CKvJNYA1,01tVT00000CKv01YAD,Primary,,,,,B103005C,B-!DEA Heating & Fan,1-Fans,03-Rechargeable Fans
01tVT00000CKvcjYAD,01tVT00000CKswcYAD,Primary,,,,,B103006C,B-!DEA Heating & Fan,1-Fans,03-Rechargeable Fans
01tVT00000CKwFRYA1,01tVT00000CKwAbYAL,Primary,,,,,B103008C,B-!DEA Heating & Fan,1-Fans,03-Rechargeable Fans
01tVT00000CKwXBYA1,01tVT00000CKwP7YAL,Primary,,,,,B103009C,B-!DEA Heating & Fan,1-Fans,03-Rechargeable Fans
01tVT00000CKwwzYAD,01tVT00000CKwnJYAT,Primary,,,,,B103010C,B-!DEA Heating & Fan,1-Fans,03-Rechargeable Fans
01tVT00000CKxD7YAL,01tVT00000CKvuUYAT,Primary,,,,,B103011C,B-!DEA Heating & Fan,1-Fans,03-Rechargeable Fans
01tVT00000CKxOPYA1,01tVT00000CKxJZYA1,Primary,,,,,B103012C,B-!DEA Heating & Fan,1-Fans,03-Rechargeable Fans
01tVT00000CKxeXYAT,01tVT00000CKxZhYAL,Primary,,,,,B103013C,B-!DEA Heating & Fan,1-Fans,03-Rechargeable Fans
01tVT00000CKyCRYA1,01tVT00000CL35dYAD,Primary,,,,,B103015C,B-!DEA Heating & Fan,1-Fans,03-Rechargeable Fans
01tVT00000CKzN0YAL,01tVT00000CL2RJYA1,Primary,,,,,B103014C,B-!DEA Heating & Fan,1-Fans,03-Rechargeable Fans
01tVT00000CKzOcYAL,01tVT00000CL1gXYAT,Primary,,,,,G102062A,G-!DEA Garden,1-Outdoor Furniture,02-Outdoor Seating Sets
01tVT00000CL0vlYAD,01tVT00000CKqMvYAL,Primary,,,,,B103003C,B-!DEA Heating & Fan,1-Fans,03-Rechargeable Fans
01tVT00000CL3wsYAD,01tVT00000CL657YAD,Primary,,,,,B103016C,B-!DEA Heating & Fan,1-Fans,03-Rechargeable Fans
01tVT00000CL5sDYAT,01tVT00000CL5CHYA1,Primary,,,,,B101043C,B-!DEA Heating & Fan,1-Fans,01-Stand & Tower Fans
01tVT00000CN22EYAT,01tVT00000CN3eDYAT,Primary,,,,,B104001C,B-!DEA Heating & Fan,1-Fans,04-Ceiling Fans
01tVT00000CN7Q5YAL,01tVT00000CN7LFYA1,Primary,,,,,G405004A,G-!DEA Garden,4-Camping & Beach,05-Camping Accessories
01tVT00000CN8M9YAL,01tVT00000CN8ArYAL,Primary,,,,,B101044C,B-!DEA Heating & Fan,1-Fans,01-Stand & Tower Fans
01tVT00000CN9ZxYAL,01tVT00000CN9GbYAL,Primary,,,,,B101045C,B-!DEA Heating & Fan,1-Fans,01-Stand & Tower Fans
01tVT00000CN9eoYAD,01tVT00000CNBdNYAX,Primary,,,,,B101048C,B-!DEA Heating & Fan,1-Fans,01-Stand & Tower Fans
01tVT00000CN9y9YAD,01tVT00000CN9oTYAT,Primary,,,,,B101046C,B-!DEA Heating & Fan,1-Fans,01-Stand & Tower Fans
01tVT00000CNASnYAP,01tVT00000CNAHVYA5,Primary,,,,,B101047C,B-!DEA Heating & Fan,1-Fans,01-Stand & Tower Fans
01tVT00000CNAasYAH,01tVT00000CND0rYAH,Primary,,,,,B105001C,B-!DEA Heating & Fan,1-Fans,05-Wall Fans
01tVT00000CNDYjYAP,01tVT00000CNDGzYAP,Primary,,,,,B105002C,B-!DEA Heating & Fan,1-Fans,05-Wall Fans
01tVT00000CNG1yYAH,01tVT00000CNI3lYAH,Primary,,,,,B104004C,B-!DEA Heating & Fan,1-Fans,04-Ceiling Fans
01tVT00000CNH4TYAX,01tVT00000CNGwPYAX,Primary,,,,,B104002C,B-!DEA Heating & Fan,1-Fans,04-Ceiling Fans
01tVT00000CNHinYAH,01tVT00000CNHNpYAP,Primary,,,,,B104003C,B-!DEA Heating & Fan,1-Fans,04-Ceiling Fans
01tVT00000CNJ33YAH,01tVT00000CNIwbYAH,Primary,,,,,B104005C,B-!DEA Heating & Fan,1-Fans,04-Ceiling Fans
01tVT00000CNJW5YAP,01tVT00000CNJPdYAP,Primary,,,,,B104006C,B-!DEA Heating & Fan,1-Fans,04-Ceiling Fans
01tVT00000CNJpRYAX,01tVT00000CNJkbYAH,Primary,,,,,B104007C,B-!DEA Heating & Fan,1-Fans,04-Ceiling Fans
01tVT00000CNTf8YAH,01tVT00000CNTf7YAH,Primary,,,,,G405004AR,G-!DEA Garden,4-Camping & Beach,05-Camping Accessories
01tVT00000CNrZNYA1,01tVT00000CNrRJYA1,Primary,,,,,B104008C,B-!DEA Heating & Fan,1-Fans,04-Ceiling Fans
01tVT00000CNsIXYA1,01tVT00000CNrzBYAT,Primary,,,,,B104009C,B-!DEA Heating & Fan,1-Fans,04-Ceiling Fans
01tVT00000CNuSQYA1,01tVT00000CNz2HYAT,Primary,,,,,B105007C,B-!DEA Heating & Fan,1-Fans,05-Wall Fans
01tVT00000CNuU1YAL,01tVT00000CNuPBYA1,Primary,,,,,B101050C,B-!DEA Heating & Fan,1-Fans,01-Stand & Tower Fans
01tVT00000CNuXFYA1,01tVT00000CNtGEYA1,Primary,,,,,B101049C,B-!DEA Heating & Fan,1-Fans,01-Stand & Tower Fans
01tVT00000CNw9FYAT,01tVT00000CNw1BYAT,Primary,,,,,B101051C,B-!DEA Heating & Fan,1-Fans,01-Stand & Tower Fans
01tVT00000CNwikYAD,01tVT00000CNxIDYA1,Primary,,,,,B101052C,B-!DEA Heating & Fan,1-Fans,01-Stand & Tower Fans
01tVT00000CNxN3YAL,01tVT00000CNxDNYA1,Primary,,,,,B105003C,B-!DEA Heating & Fan,1-Fans,05-Wall Fans
01tVT00000CNxjdYAD,01tVT00000CNxenYAD,Primary,,,,,B101053C,B-!DEA Heating & Fan,1-Fans,01-Stand & Tower Fans
01tVT00000CNxtJYAT,01tVT00000CNxq5YAD,Primary,,,,,B101054C,B-!DEA Heating & Fan,1-Fans,01-Stand & Tower Fans
01tVT00000CNy9RYAT,01tVT00000CNxYMYA1,Primary,,,,,B101055C,B-!DEA Heating & Fan,1-Fans,01-Stand & Tower Fans
01tVT00000CNyKjYAL,01tVT00000CNtRWYA1,Primary,,,,,B105004C,B-!DEA Heating & Fan,1-Fans,05-Wall Fans
01tVT00000CNyZFYA1,01tVT00000CNyCgYAL,Primary,,,,,B105005C,B-!DEA Heating & Fan,1-Fans,05-Wall Fans
01tVT00000CNye5YAD,01tVT00000CNyW1YAL,Primary,,,,,B101056C,B-!DEA Heating & Fan,1-Fans,01-Stand & Tower Fans
01tVT00000CNyivYAD,01tVT00000CNyfhYAD,Primary,,,,,B105006C,B-!DEA Heating & Fan,1-Fans,05-Wall Fans
01tVT00000CNyxRYAT,01tVT00000CNynlYAD,Primary,,,,,B101057C,B-!DEA Heating & Fan,1-Fans,01-Stand & Tower Fans
01tVT00000CNzByYAL,01tVT00000CO2MjYAL,Primary,,,,,B502004C,B-!DEA Heating & Fan,5-Air Conditioner,02-Air Cooler
01tVT00000CO0JJYA1,01tVT00000CNyZGYA1,Primary,,,,,B101058C,B-!DEA Heating & Fan,1-Fans,01-Stand & Tower Fans
01tVT00000CO1SHYA1,01tVT00000CO1FNYA1,Primary,,,,,B502001C,B-!DEA Heating & Fan,5-Air Conditioner,02-Air Cooler
01tVT00000CO1X8YAL,01tVT00000CO901YAD,Primary,,,,,B101062C,B-!DEA Heating & Fan,1-Fans,01-Stand & Tower Fans
01tVT00000CO1s5YAD,01tVT00000CO1iPYAT,Primary,,,,,B502002C,B-!DEA Heating & Fan,5-Air Conditioner,02-Air Cooler
01tVT00000CO2HtYAL,01tVT00000CO29pYAD,Primary,,,,,B502003C,B-!DEA Heating & Fan,5-Air Conditioner,02-Air Cooler
01tVT00000CO3VhYAL,01tVT00000CO3QrYAL,Primary,,,,,B502005C,B-!DEA Heating & Fan,5-Air Conditioner,02-Air Cooler
01tVT00000CO3ibYAD,01tVT00000CO3gzYAD,Primary,,,,,B502006C,B-!DEA Heating & Fan,5-Air Conditioner,02-Air Cooler
01tVT00000CO4OXYA1,01tVT00000CO4ErYAL,Primary,,,,,B502007C,B-!DEA Heating & Fan,5-Air Conditioner,02-Air Cooler
01tVT00000CO4zdYAD,01tVT00000CO4rZYAT,Primary,,,,,B101059C,B-!DEA Heating & Fan,1-Fans,01-Stand & Tower Fans
01tVT00000CO6i5YAD,01tVT00000CO6erYAD,Primary,,,,,B103017C,B-!DEA Heating & Fan,1-Fans,03-Rechargeable Fans
01tVT00000CO9RRYA1,01tVT00000CO4WcYAL,Primary,,,,,B102001C,B-!DEA Heating & Fan,1-Fans,02-Desk & Floor Fans
01tVT00000COiIjYAL,01tVT00000COhphYAD,Primary,,,,,B102002C,B-!DEA Heating & Fan,1-Fans,02-Desk & Floor Fans
01tVT00000CP0IrYAL,01tVT00000CO5IzYAL,Primary,,,,,B101060C,B-!DEA Heating & Fan,1-Fans,01-Stand & Tower Fans
01tVT00000CP0NhYAL,01tVT00000CO5hBYAT,Primary,,,,,B101061C,B-!DEA Heating & Fan,1-Fans,01-Stand & Tower Fans
01tVT00000CPv0zYAD,01tVT00000CPuuXYAT,Primary,,,,,H302109B,H-!DEA Home,3-Office Furniture,02-Desks
01tVT00000CQWJuYAP,01tVT00000CQWGfYAP,Primary,,,,,H111008B,H-!DEA Home,1-Living Room Furniture,11-Storage Furniture
01tVT00000CQWq9YAH,01tVT00000CQWlJYAX,Primary,,,,,H111009B,H-!DEA Home,1-Living Room Furniture,11-Storage Furniture
01tVT00000CQXizYAH,01tVT00000CQXSrYAP,Primary,,,,,H111010B,H-!DEA Home,1-Living Room Furniture,11-Storage Furniture
01tVT00000CQXuHYAX,01tVT00000CQXpRYAX,Primary,,,,,H111011B,H-!DEA Home,1-Living Room Furniture,11-Storage Furniture
01tVT00000CQYAPYA5,01tVT00000CQY5ZYAX,Primary,,,,,H110011B,H-!DEA Home,1-Living Room Furniture,10-Tv Stands & Entertainment
01tVT00000CQYS9YAP,01tVT00000CQYLhYAP,Primary,,,,,H111012B,H-!DEA Home,1-Living Room Furniture,11-Storage Furniture
01tVT00000CQYdRYAX,01tVT00000CQYTlYAP,Primary,,,,,B101063C,B-!DEA Heating & Fan,1-Fans,01-Stand & Tower Fans
01tVT00000CQYjtYAH,01tVT00000CQYf3YAH,Primary,,,,,H102238B,H-!DEA Home,1-Living Room Furniture,02-Coffee & Side & End Tables
01tVT00000CQZBJYA5,01tVT00000CQZ85YAH,Primary,,,,,H102239B,H-!DEA Home,1-Living Room Furniture,02-Coffee & Side & End Tables
01tVT00000CQZMbYAP,01tVT00000CQZHlYAP,Primary,,,,,H102240B,H-!DEA Home,1-Living Room Furniture,02-Coffee & Side & End Tables
01tVT00000CQZZVYA5,01tVT00000CQZXtYAP,Primary,,,,,H102241B,H-!DEA Home,1-Living Room Furniture,02-Coffee & Side & End Tables
01tVT00000CQZrFYAX,01tVT00000CQZknYAH,Primary,,,,,H102242B,H-!DEA Home,1-Living Room Furniture,02-Coffee & Side & End Tables
01tVT00000CQZsrYAH,01tVT00000CQZmPYAX,Primary,,,,,B104010C,B-!DEA Heating & Fan,1-Fans,04-Ceiling Fans
01tVT00000CQa7NYAT,01tVT00000CQa2XYAT,Primary,,,,,H110012B,H-!DEA Home,1-Living Room Furniture,10-Tv Stands & Entertainment
01tVT00000CQaH3YAL,01tVT00000CQaFRYA1,Primary,,,,,H110013A,H-!DEA Home,1-Living Room Furniture,10-Tv Stands & Entertainment
01tVT00000CQb8HYAT,01tVT00000CQaybYAD,Primary,,,,,H110014B,H-!DEA Home,1-Living Room Furniture,10-Tv Stands & Entertainment
01tVT00000CQdV3YAL,01tVT00000CQbD7YAL,Primary,,,,,B104011C,B-!DEA Heating & Fan,1-Fans,04-Ceiling Fans
01tVT00000CQdurYAD,01tVT00000CQdlBYAT,Primary,,,,,B104012C,B-!DEA Heating & Fan,1-Fans,04-Ceiling Fans
01tVT00000CQdwTYAT,01tVT00000CQdq1YAD,Primary,,,,,H110015B,H-!DEA Home,1-Living Room Furniture,10-Tv Stands & Entertainment
01tVT00000CQfF7YAL,01tVT00000CQfAHYA1,Primary,,,,,H110016B,H-!DEA Home,1-Living Room Furniture,10-Tv Stands & Entertainment
01tVT00000CQfLZYA1,01tVT00000CQfGjYAL,Primary,,,,,B104013C,B-!DEA Heating & Fan,1-Fans,04-Ceiling Fans
01tVT00000CQhIXYA1,01tVT00000CQgkfYAD,Primary,,,,,B104014C,B-!DEA Heating & Fan,1-Fans,04-Ceiling Fans
01tVT00000CSqmLYAT,01tVT00000CSqhVYAT,Primary,,,,,B204001C,B-!DEA Heating & Fan,2-Indoor Heaters,04-Electric Heaters & Convectors
01tVT00000CSrFNYA1,01tVT00000CSr7JYAT,Primary,,,,,B204002C,B-!DEA Heating & Fan,2-Indoor Heaters,04-Electric Heaters & Convectors
01tVT00000CSrfBYAT,01tVT00000CSrTtYAL,Primary,,,,,B204003C,B-!DEA Heating & Fan,2-Indoor Heaters,04-Electric Heaters & Convectors
01tVT00000CSxXiYAL,01tVT000009v54DYAQ,Primary,,,,,G101138A,G-!DEA Garden,5-Folding Furniture,02-Folding Chairs
01tVT00000CSxnpYAD,01tVT00000Bf7VRYAZ,Primary,,,,,G504001A,G-!DEA Garden,5-Folding Furniture,04-Folding  Sets (Tables+ Chairs)
01tVT00000CSxr3YAD,01tVT00000BZg7hYAD,Primary,,,,,G501008A,G-!DEA Garden,5-Folding Furniture,01-Utility Folding Tables (HDPE)
01tVT00000CUf0PYAT,01tVT00000CUadRYAT,Primary,,,,,G403036A,G-!DEA Garden,4-Camping & Beach,03-Coolers & Thermal Bags
01tVT00000CUoOgYAL,01tVT00000CUoOfYAL,Primary,,,,,H102216S,H-!DEA Home,1-Living Room Furniture,02-Coffee & Side & End Tables
01tVT00000CUoTWYA1,01tVT00000CUoTVYA1,Primary,,,,,H110014S,H-!DEA Home,1-Living Room Furniture,10-Tv Stands & Entertainment
01tVT00000CYR25YAH,01tVT00000CYQsPYAX,Primary,,,,,B102004C,B-!DEA Heating & Fan,1-Fans,02-Desk & Floor Fans
01tVT00000CYREzYAP,01tVT00000CYRA9YAP,Primary,,,,,B101064C,B-!DEA Heating & Fan,1-Fans,01-Stand & Tower Fans
01tVT00000CYRoTYAX,01tVT00000CYRjdYAH,Primary,,,,,B101065C,B-!DEA Heating & Fan,1-Fans,01-Stand & Tower Fans
01tVT00000CYSHWYA5,01tVT00000CYSEHYA5,Primary,,,,,B101066C,B-!DEA Heating & Fan,1-Fans,01-Stand & Tower Fans
01tVT00000CYSW1YAP,01tVT00000CYSNxYAP,Primary,,,,,B101067C,B-!DEA Heating & Fan,1-Fans,01-Stand & Tower Fans
01tVT00000CYSe5YAH,01tVT00000CYSarYAH,Primary,,,,,B101068C,B-!DEA Heating & Fan,1-Fans,01-Stand & Tower Fans
01tVT00000CYSpNYAX,01tVT00000CYSm9YAH,Primary,,,,,B101069C,B-!DEA Heating & Fan,1-Fans,01-Stand & Tower Fans
01tVT00000CYT3tYAH,01tVT00000CYSxRYAX,Primary,,,,,B101070C,B-!DEA Heating & Fan,1-Fans,01-Stand & Tower Fans
01tVT00000CYTIPYA5,01tVT00000CYTDZYA5,Primary,,,,,B102005C,B-!DEA Heating & Fan,1-Fans,02-Desk & Floor Fans
01tVT00000CYTa9YAH,01tVT00000CYTVJYA5,Primary,,,,,B101071C,B-!DEA Heating & Fan,1-Fans,01-Stand & Tower Fans
01tVT00000CYwlpYAD,01tVT00000CYwgzYAD,Primary,,,,,B101072C,B-!DEA Heating & Fan,1-Fans,01-Stand & Tower Fans
01tVT00000CYx6nYAD,01tVT00000CYx0LYAT,Primary,,,,,B101073C,B-!DEA Heating & Fan,1-Fans,01-Stand & Tower Fans
01tVT00000CYxTNYA1,01tVT00000CYxOXYA1,Primary,,,,,B101074C,B-!DEA Heating & Fan,1-Fans,01-Stand & Tower Fans
01tVT00000CZ7CcYAL,01tVT00000CZ8evYAD,Primary,,,,,G102063A,G-!DEA Garden,1-Outdoor Furniture,02-Outdoor Seating Sets
01tVT00000CZ9sjYAD,01tVT00000CZ9mHYAT,Primary,,,,,G102064A,G-!DEA Garden,1-Outdoor Furniture,02-Outdoor Seating Sets
01tVT00000CZB05YAH,01tVT00000CZAwrYAH,Primary,,,,,G102065A,G-!DEA Garden,1-Outdoor Furniture,02-Outdoor Seating Sets
01tVT00000Cah17YAB,01tVT00000CagufYAB,Primary,,,,,G102066A,G-!DEA Garden,1-Outdoor Furniture,02-Outdoor Seating Sets
01tVT00000CahabYAB,01tVT00000Cah9CYAR,Primary,,,,,G105029A,G-!DEA Garden,1-Outdoor Furniture,05-Outdoor Storage
01tVT00000CajMHYAZ,01tVT00000CajJ3YAJ,Primary,,,,,G104161A,G-!DEA Garden,1-Outdoor Furniture,04-Outdoor Tables
01tVT00000CajNuYAJ,01tVT00000CapI1YAJ,Primary,,,,,G103029A,G-!DEA Garden,1-Outdoor Furniture,03-Outdoor Chairs & Loungers
01tVT00000CakLZYAZ,01tVT00000CakBtYAJ,Primary,,,,,G103027A,G-!DEA Garden,1-Outdoor Furniture,03-Outdoor Chairs & Loungers
01tVT00000Cal1VYAR,01tVT00000Cakv3YAB,Primary,,,,,G102067A,G-!DEA Garden,1-Outdoor Furniture,01-Outdoor Dining Sets
01tVT00000CanmTYAR,01tVT00000CanRVYAZ,Primary,,,,,G103028A,G-!DEA Garden,1-Outdoor Furniture,03-Outdoor Chairs & Loungers
01tVT00000CaoLxYAJ,01tVT000000eJyPYAU,Primary,,,,,H201167B,H-!DEA Home,2-Kitchen & Dining Furniture,01-Dining Chairs
01tVT00000CapptYAB,01tVT00000CamnCYAR,Primary,,,,,G103030A,G-!DEA Garden,1-Outdoor Furniture,03-Outdoor Chairs & Loungers
01tVT00000Capt7YAB,01tVT00000CaprVYAR,Primary,,,,,H102243B,H-!DEA Home,1-Living Room Furniture,02-Coffee & Side & End Tables
01tVT00000CaqSbYAJ,01tVT00000CaqNlYAJ,Primary,,,,,G102068A,G-!DEA Garden,1-Outdoor Furniture,02-Outdoor Seating Sets
01tVT00000Car25YAB,01tVT00000Car0TYAR,Primary,,,,,H301059B,H-!DEA Home,3-Office Furniture,01-Office Chairs
01tVT00000Catv7YAB,01tVT00000CaqvdYAB,Primary,,,,,G102069A,G-!DEA Garden,1-Outdoor Furniture,01-Outdoor Dining Sets
01tVT00000Cau4nYAB,01tVT00000CatyLYAR,Primary,,,,,H204009B,H-!DEA Home,2-Kitchen & Dining Furniture,04-Bar Stools
01tVT00000CauKvYAJ,01tVT00000Cau9dYAB,Primary,,,,,G102070C,G-!DEA Garden,1-Outdoor Furniture,02-Outdoor Seating Sets
01tVT00000CbUeYYAV,01tVT00000CbXNtYAN,Primary,,,,,G104162A,G-!DEA Garden,1-Outdoor Furniture,04-Outdoor Tables
01tVT00000CbWGXYA3,01tVT00000CbW8TYAV,Primary,,,,,G102071A,G-!DEA Garden,1-Outdoor Furniture,02-Outdoor Seating Sets
01tVT00000CbX4XYAV,01tVT00000CbWq1YAF,Primary,,,,,G107018A,G-!DEA Garden,1-Outdoor Furniture,07-Outdoor Benches
01tVT00000CbXu9YAF,01tVT00000CbXpJYAV,Primary,,,,,G104163A,G-!DEA Garden,1-Outdoor Furniture,04-Outdoor Tables
01tVT00000CbYobYAF,01tVT00000CbYjlYAF,Primary,,,,,G102072A,G-!DEA Garden,1-Outdoor Furniture,02-Outdoor Seating Sets
01tVT00000CbZEPYA3,01tVT00000CbZ7xYAF,Primary,,,,,G102073A,G-!DEA Garden,1-Outdoor Furniture,02-Outdoor Seating Sets
01tVT00000CbZRJYA3,01tVT00000CbZPhYAN,Primary,,,,,G102074A,G-!DEA Garden,1-Outdoor Furniture,02-Outdoor Seating Sets
01tVT00000CbZr7YAF,01tVT00000CbZmHYAV,Primary,,,,,G107019A,G-!DEA Garden,1-Outdoor Furniture,07-Outdoor Benches
01tVT00000CbaQbYAJ,01tVT00000CbaFJYAZ,Primary,,,,,G101161A,G-!DEA Garden,1-Outdoor Furniture,01-Outdoor Dining Sets
01tVT00000CbajxYAB,01tVT00000CbaX4YAJ,Primary,,,,,G101162A,G-!DEA Garden,1-Outdoor Furniture,01-Outdoor Dining Sets
01tVT00000Cbb4vYAB,01tVT00000Cbb05YAB,Primary,,,,,G101163A,G-!DEA Garden,1-Outdoor Furniture,01-Outdoor Dining Sets
01tVT00000CbbUjYAJ,01tVT00000CbbMfYAJ,Primary,,,,,G101164A,G-!DEA Garden,1-Outdoor Furniture,01-Outdoor Dining Sets
01tVT00000CbbZZYAZ,01tVT00000CbbL3YAJ,Primary,,,,,G102075A,G-!DEA Garden,1-Outdoor Furniture,01-Outdoor Dining Sets
01tVT00000CbcdhYAB,01tVT00000CbcVdYAJ,Primary,,,,,G101165A,G-!DEA Garden,1-Outdoor Furniture,01-Outdoor Dining Sets
01tVT00000Cbd57YAB,01tVT00000CbcyfYAB,Primary,,,,,G101166A,G-!DEA Garden,1-Outdoor Furniture,01-Outdoor Dining Sets
01tVT00000CbdJdYAJ,01tVT00000Cbd1tYAB,Primary,,,,,G102076A,G-!DEA Garden,1-Outdoor Furniture,01-Outdoor Dining Sets
01tVT00000CbeNlYAJ,01tVT00000Cbe61YAB,Primary,,,,,G102079A,G-!DEA Garden,1-Outdoor Furniture,02-Outdoor Seating Sets
01tVT00000CbeUDYAZ,01tVT00000CbeSbYAJ,Primary,,,,,G102080A,G-!DEA Garden,1-Outdoor Furniture,02-Outdoor Seating Sets
01tVT00000Cbf5JYAR,01tVT00000Cbf0TYAR,Primary,,,,,G102081A,G-!DEA Garden,1-Outdoor Furniture,02-Outdoor Seating Sets
01tVT00000CbfEzYAJ,01tVT00000CbbL4YAJ,Primary,,,,,G102082A,G-!DEA Garden,1-Outdoor Furniture,02-Outdoor Seating Sets
01tVT00000CbfrhYAB,01tVT00000CbfgPYAR,Primary,,,,,G102083A,G-!DEA Garden,1-Outdoor Furniture,01-Outdoor Dining Sets
01tVT00000CbgSnYAJ,01tVT00000CbepCYAR,Primary,,,,,G101167A,G-!DEA Garden,1-Outdoor Furniture,01-Outdoor Dining Sets
01tVT00000CbhzxYAB,01tVT00000CbhyLYAR,Primary,,,,,G101168A,G-!DEA Garden,1-Outdoor Furniture,01-Outdoor Dining Sets
01tVT00000Cbi81YAB,01tVT000007nzcbYAA,Primary,,,,,G108526A,G-!DEA Garden,1-Outdoor Furniture,02-Outdoor Seating Sets
01tVT00000CbisnYAB,01tVT00000CbihVYAR,Primary,,,,,G102084A,G-!DEA Garden,1-Outdoor Furniture,02-Outdoor Seating Sets
01tVT00000CbjgnYAB,01tVT00000CbjbxYAB,Primary,,,,,G102086A,G-!DEA Garden,1-Outdoor Furniture,02-Outdoor Seating Sets
01tVT00000CbkTBYAZ,01tVT00000CbkHtYAJ,Primary,,,,,G102087A,G-!DEA Garden,1-Outdoor Furniture,02-Outdoor Seating Sets
01tVT00000CbmA1YAJ,01tVT00000Cbm5BYAR,Primary,,,,,G101170A,G-!DEA Garden,1-Outdoor Furniture,01-Outdoor Dining Sets
01tVT00000CbmMwYAJ,01t4w00000Nuo9KAAR,Primary,,,,,G108153A,G-!DEA Garden,1-Outdoor Furniture,02-Outdoor Seating Sets
01tVT00000CbmrZYAR,01tVT00000CbmgHYAR,Primary,,,,,G102088A,G-!DEA Garden,1-Outdoor Furniture,02-Outdoor Seating Sets
01tVT00000CbnIzYAJ,01tVT00000CbnCXYAZ,Primary,,,,,G102089A,G-!DEA Garden,1-Outdoor Furniture,02-Outdoor Seating Sets
01tVT00000CbnfZYAR,01tVT00000CbnXVYAZ,Primary,,,,,G102090A,G-!DEA Garden,1-Outdoor Furniture,01-Outdoor Dining Sets
01tVT00000CbnxJYAR,01tVT00000Cbnm1YAB,Primary,,,,,G102091A,G-!DEA Garden,1-Outdoor Furniture,01-Outdoor Dining Sets
01tVT00000CboGfYAJ,01tVT00000CboADYAZ,Primary,,,,,G102092A,G-!DEA Garden,1-Outdoor Furniture,01-Outdoor Dining Sets
01tVT00000Cboa1YAB,01tVT00000CboTZYAZ,Primary,,,,,G102093A,G-!DEA Garden,1-Outdoor Furniture,02-Outdoor Seating Sets
01tVT00000CbrxhYAB,01tVT00000CbrpeYAB,Primary,,,,,G103031A,G-!DEA Garden,1-Outdoor Furniture,03-Outdoor Chairs & Loungers
01tVT00000CbsIgYAJ,01tVT00000CbsnJYAR,Primary,,,,,G103033A,G-!DEA Garden,1-Outdoor Furniture,03-Outdoor Chairs & Loungers
01tVT00000CbsTxYAJ,01tVT00000CbsP7YAJ,Primary,,,,,G103032A,G-!DEA Garden,1-Outdoor Furniture,01-Outdoor Dining Sets
01tVT00000CbthlYAB,01tVT00000CbtcvYAB,Primary,,,,,G103034A,G-!DEA Garden,1-Outdoor Furniture,03-Outdoor Chairs & Loungers
01tVT00000CbtxuYAB,01tVT00000CbuIrYAJ,Primary,,,,,G103035A,G-!DEA Garden,1-Outdoor Furniture,03-Outdoor Chairs & Loungers
01tVT00000Cbu4LYAR,01tVT00000CbtzVYAR,Primary,,,,,G101171A,G-!DEA Garden,1-Outdoor Furniture,01-Outdoor Dining Sets
01tVT00000CbvI9YAJ,01tVT00000CbvEvYAJ,Primary,,,,,G101172A,G-!DEA Garden,1-Outdoor Furniture,01-Outdoor Dining Sets
01tVT00000CbvV3YAJ,01tVT00000CbvMzYAJ,Primary,,,,,G101173A,G-!DEA Garden,1-Outdoor Furniture,01-Outdoor Dining Sets
01tVT00000CdebOYAR,01tVT00000CdlGHYAZ,Primary,,,,,G102101A,G-!DEA Garden,1-Outdoor Furniture,02-Outdoor Seating Sets
01tVT00000Cdel4YAB,01tVT00000CdkLpYAJ,Primary,,,,,G107020A,G-!DEA Garden,1-Outdoor Furniture,07-Outdoor Benches
01tVT00000CdemgYAB,01tVT00000CdjkjYAB,Primary,,,,,G102097A,G-!DEA Garden,1-Outdoor Furniture,02-Outdoor Seating Sets
01tVT00000CdhSoYAJ,01tVT00000CdlWPYAZ,Primary,,,,,G103038A,G-!DEA Garden,1-Outdoor Furniture,03-Outdoor Chairs & Loungers
01tVT00000CdhpNYAR,01tVT00000CdhkXYAR,Primary,,,,,G102094A,G-!DEA Garden,1-Outdoor Furniture,01-Outdoor Dining Sets
01tVT00000CdhpOYAR,01tVT00000CdjcfYAB,Primary,,,,,G102096A,G-!DEA Garden,1-Outdoor Furniture,02-Outdoor Seating Sets
01tVT00000Cdi3tYAB,01tVT00000CdhxRYAR,Primary,,,,,G101174A,G-!DEA Garden,1-Outdoor Furniture,01-Outdoor Dining Sets
01tVT00000CdiDZYAZ,01tVT00000Cdi5VYAR,Primary,,,,,G103036A,G-!DEA Garden,1-Outdoor Furniture,01-Outdoor Dining Sets
01tVT00000CdiGnYAJ,01tVT00000CdiBxYAJ,Primary,,,,,G101175A,G-!DEA Garden,1-Outdoor Furniture,01-Outdoor Dining Sets
01tVT00000CdilRYAR,01tVT00000CdiezYAB,Primary,,,,,G101176A,G-!DEA Garden,1-Outdoor Furniture,01-Outdoor Dining Sets
01tVT00000CdiyLYAR,01tVT00000CditVYAR,Primary,,,,,G101177A,G-!DEA Garden,1-Outdoor Furniture,01-Outdoor Dining Sets
01tVT00000CdiyMYAR,01tVT00000CdnErYAJ,Primary,,,,,G102104A,G-!DEA Garden,1-Outdoor Furniture,02-Outdoor Seating Sets
01tVT00000CdjETYAZ,01tVT00000Cdj81YAB,Primary,,,,,G102095A,G-!DEA Garden,1-Outdoor Furniture,02-Outdoor Seating Sets
01tVT00000CdjJJYAZ,01tVT00000Cdj9dYAB,Primary,,,,,G101178A,G-!DEA Garden,1-Outdoor Furniture,01-Outdoor Dining Sets
01tVT00000Cdk2TYAR,01tVT00000Cdjw1YAB,Primary,,,,,G102098A,G-!DEA Garden,1-Outdoor Furniture,02-Outdoor Seating Sets
01tVT00000CdkQfYAJ,01tVT00000CdkDlYAJ,Primary,,,,,G102099A,G-!DEA Garden,1-Outdoor Furniture,02-Outdoor Seating Sets
01tVT00000CdkgnYAB,01tVT00000CdkbxYAB,Primary,,,,,G102100A,G-!DEA Garden,1-Outdoor Furniture,02-Outdoor Seating Sets
01tVT00000Cdl1lYAB,01tVT00000Cdl09YAB,Primary,,,,,G103037A,G-!DEA Garden,1-Outdoor Furniture,03-Outdoor Chairs & Loungers
01tVT00000CdlkvYAB,01tVT00000Cdlg5YAB,Primary,,,,,G103039A,G-!DEA Garden,1-Outdoor Furniture,03-Outdoor Chairs & Loungers
01tVT00000Cdm13YAB,01tVT00000CdlubYAB,Primary,,,,,G107021A,G-!DEA Garden,1-Outdoor Furniture,07-Outdoor Benches
01tVT00000CdmDxYAJ,01tVT00000Cdm7VYAR,Primary,,,,,G107022A,G-!DEA Garden,1-Outdoor Furniture,07-Outdoor Benches
01tVT00000CdmU5YAJ,01tVT00000CdmPFYAZ,Primary,,,,,G107023A,G-!DEA Garden,1-Outdoor Furniture,07-Outdoor Benches
01tVT00000CdmdlYAB,01tVT00000CdmXJYAZ,Primary,,,,,G107024A,G-!DEA Garden,1-Outdoor Furniture,05-Outdoor Storage
01tVT00000CdmdmYAB,01tVT00000CdngHYAR,Primary,,,,,G102106A,G-!DEA Garden,1-Outdoor Furniture,02-Outdoor Seating Sets
01tVT00000CdmkDYAR,01tVT00000CdmfNYAR,Primary,,,,,G102102A,G-!DEA Garden,1-Outdoor Furniture,02-Outdoor Seating Sets
01tVT00000Cdmx7YAB,01tVT00000CdmsHYAR,Primary,,,,,G102103A,G-!DEA Garden,1-Outdoor Furniture,02-Outdoor Seating Sets
01tVT00000Cdn6nYAB,01tVT00000CdmaYYAR,Primary,,,,,G107025A,G-!DEA Garden,1-Outdoor Furniture,05-Outdoor Storage
01tVT00000Cdn8QYAR,01tVT00000CdnJhYAJ,Primary,,,,,G103040A,G-!DEA Garden,1-Outdoor Furniture,03-Outdoor Chairs & Loungers
01tVT00000CdnTNYAZ,01tVT00000CdnOXYAZ,Primary,,,,,G102105A,G-!DEA Garden,1-Outdoor Furniture,02-Outdoor Seating Sets
01tVT00000Cdnd3YAB,01tVT00000CdnYDYAZ,Primary,,,,,G103041A,G-!DEA Garden,1-Outdoor Furniture,03-Outdoor Chairs & Loungers
01tVT00000CdnwPYAR,01tVT00000CdnoLYAR,Primary,,,,,G103042A,G-!DEA Garden,1-Outdoor Furniture,03-Outdoor Chairs & Loungers
01tVT00000Cdo7hYAB,01tVT00000Cdo1FYAR,Primary,,,,,G102107A,G-!DEA Garden,1-Outdoor Furniture,02-Outdoor Seating Sets
01tVT00000CdoCXYAZ,01tVT00000Cdo65YAB,Primary,,,,,G103043A,G-!DEA Garden,1-Outdoor Furniture,03-Outdoor Chairs & Loungers
01tVT00000CdoMDYAZ,01tVT00000CdoKbYAJ,Primary,,,,,G102108A,G-!DEA Garden,1-Outdoor Furniture,02-Outdoor Seating Sets
01tVT00000CdoXVYAZ,01tVT00000CdoSfYAJ,Primary,,,,,G103044A,G-!DEA Garden,1-Outdoor Furniture,03-Outdoor Chairs & Loungers
01tVT00000CdokPYAR,01tVT00000CdoinYAB,Primary,,,,,G102109A,G-!DEA Garden,1-Outdoor Furniture,02-Outdoor Seating Sets
01tVT00000CdpdGYAR,01tVT00000CdqmDYAR,Primary,,,,,G103046A,G-!DEA Garden,1-Outdoor Furniture,01-Outdoor Dining Sets
01tVT00000Cdq6HYAR,01tVT00000Cdq1RYAR,Primary,,,,,G102110A,G-!DEA Garden,1-Outdoor Furniture,01-Outdoor Dining Sets
01tVT00000CdqZLYAZ,01tVT00000CdtXBYAZ,Primary,,,,,G102118A,G-!DEA Garden,1-Outdoor Furniture,02-Outdoor Seating Sets
01tVT00000CdqavYAB,01tVT00000CdqHaYAJ,Primary,,,,,G102112A,G-!DEA Garden,1-Outdoor Furniture,01-Outdoor Dining Sets
01tVT00000Cdqe9YAB,01tVT00000CdqZJYAZ,Primary,,,,,G103045A,G-!DEA Garden,1-Outdoor Furniture,01-Outdoor Dining Sets
01tVT00000Cdr3xYAB,01tVT00000Cdr2LYAR,Primary,,,,,G103047A,G-!DEA Garden,1-Outdoor Furniture,01-Outdoor Dining Sets
01tVT00000Cdr3zYAB,01tVT00000Cdw5FYAR,Alternative,,,,,G102123A,G-!DEA Garden,1-Outdoor Furniture,01-Outdoor Dining Sets
01tVT00000CdrC1YAJ,01tVT00000CdplKYAR,Primary,,,,,G102113A,G-!DEA Garden,1-Outdoor Furniture,02-Outdoor Seating Sets
01tVT00000CdrQXYAZ,01tVT00000CdrNJYAZ,Primary,,,,,G102114A,G-!DEA Garden,1-Outdoor Furniture,02-Outdoor Seating Sets
01tVT00000CdrgfYAB,01tVT00000CdrTlYAJ,Primary,,,,,G103048A,G-!DEA Garden,1-Outdoor Furniture,03-Outdoor Chairs & Loungers
01tVT00000Cds1dYAB,01tVT00000Cds01YAB,Primary,,,,,G102115A,G-!DEA Garden,1-Outdoor Furniture,02-Outdoor Seating Sets
01tVT00000CdsXtYAJ,01tVT00000CdsT3YAJ,Primary,,,,,G102116A,G-!DEA Garden,1-Outdoor Furniture,02-Outdoor Seating Sets
01tVT00000Cdt0vYAB,01tVT00000Cdsw5YAB,Primary,,,,,G102117A,G-!DEA Garden,1-Outdoor Furniture,02-Outdoor Seating Sets
01tVT00000Cdts9YAB,01tVT00000CdtAcYAJ,Primary,,,,,G103049A,G-!DEA Garden,1-Outdoor Furniture,01-Outdoor Dining Sets
01tVT00000Cdu6fYAB,01tVT00000Cdu53YAB,Primary,,,,,G103050A,G-!DEA Garden,1-Outdoor Furniture,01-Outdoor Dining Sets
01tVT00000CduMnYAJ,01tVT00000CdprmYAB,Primary,,,,,G103051A,G-!DEA Garden,1-Outdoor Furniture,01-Outdoor Dining Sets
01tVT00000CdueXYAR,01tVT00000CducvYAB,Primary,,,,,G102119A,G-!DEA Garden,1-Outdoor Furniture,02-Outdoor Seating Sets
01tVT00000Cdv9BYAR,01tVT00000Cdv17YAB,Primary,,,,,G101180A,G-!DEA Garden,1-Outdoor Furniture,01-Outdoor Dining Sets
01tVT00000CdvHFYAZ,01tVT00000CdpN8YAJ,Primary,,,,,G102120A,G-!DEA Garden,1-Outdoor Furniture,02-Outdoor Seating Sets
01tVT00000CdvNhYAJ,01tVT00000CdvM5YAJ,Primary,,,,,G101181A,G-!DEA Garden,1-Outdoor Furniture,01-Outdoor Dining Sets
01tVT00000CdvfRYAR,01tVT00000CdvdpYAB,Primary,,,,,G102121A,G-!DEA Garden,1-Outdoor Furniture,02-Outdoor Seating Sets
01tVT00000CdvsLYAR,01tVT00000CdvqjYAB,Primary,,,,,G102122A,G-!DEA Garden,1-Outdoor Furniture,02-Outdoor Seating Sets
01tVT00000Cdw6rYAB,01tVT00000Cdw5FYAR,Primary,,,,,G102123A,G-!DEA Garden,1-Outdoor Furniture,01-Outdoor Dining Sets
01tVT00000CdwMzYAJ,01tVT00000CdwLNYAZ,Primary,,,,,G102124A,G-!DEA Garden,1-Outdoor Furniture,01-Outdoor Dining Sets
01tVT00000CdwZtYAJ,01tVT00000CdwV3YAJ,Primary,,,,,G102125A,G-!DEA Garden,1-Outdoor Furniture,02-Outdoor Seating Sets
01tVT00000CdwjZYAR,01tVT00000CdwejYAB,Primary,,,,,G102126A,G-!DEA Garden,1-Outdoor Furniture,01-Outdoor Dining Sets
01tVT00000CdxirYAB,01tVT00000CdxanYAB,Primary,,,,,G101182A,G-!DEA Garden,1-Outdoor Furniture,01-Outdoor Dining Sets
01tVT00000CdybiYAB,01tVT00000Cbdl3YAB,Primary,,,,,G102078A,G-!DEA Garden,1-Outdoor Furniture,02-Outdoor Seating Sets
01tVT00000CdzmIYAR,01tVT00000CdzsjYAB,Primary,,,,,H106082B,H-!DEA Home,1-Living Room Furniture,06-Sofa Beds
01tVT00000CdzuMYAR,01tVT00000Ce0dVYAR,Primary,,,,,G103052A,G-!DEA Garden,1-Outdoor Furniture,03-Outdoor Chairs & Loungers
01tVT00000Ce041YAB,01tVT00000CdzuLYAR,Primary,,,,,G107026A,G-!DEA Garden,1-Outdoor Furniture,07-Outdoor Benches
01tVT00000Ce05dYAB,01tVT00000CdzzBYAR,Primary,,,,,H106083B,H-!DEA Home,1-Living Room Furniture,06-Sofa Beds
01tVT00000Ce0NNYAZ,01tVT00000Ce0DhYAJ,Primary,,,,,G107027A,G-!DEA Garden,1-Outdoor Furniture,07-Outdoor Benches
01tVT00000Ce0OzYAJ,01tVT00000CdznuYAB,Primary,,,,,H106084B,H-!DEA Home,1-Living Room Furniture,06-Sofa Beds
01tVT00000Ce0lZYAR,01tVT00000Ce0jxYAB,Primary,,,,,H106085B,H-!DEA Home,1-Living Room Furniture,06-Sofa Beds
01tVT00000CeDZ7YAN,01tVT00000CeD7hYAF,Primary,,,,,H106086B,H-!DEA Home,1-Living Room Furniture,06-Sofa Beds
01tVT00000CebtBYAR,01tVT00000CebmjYAB,Primary,,,,,G101183A,G-!DEA Garden,1-Outdoor Furniture,01-Outdoor Dining Sets
01tVT00000CerrVYAR,01tVT00000CermfYAB,Primary,,,,,G102127A,G-!DEA Garden,1-Outdoor Furniture,02-Outdoor Seating Sets
01tVT00000CfXqjYAF,01tVT00000CfXnVYAV,Primary,,,,,G107028A,G-!DEA Garden,1-Outdoor Furniture,07-Outdoor Benches
01tVT00000CfY3dYAF,01tVT00000CfVDqYAN,Primary,,,,,G107029A,G-!DEA Garden,1-Outdoor Furniture,07-Outdoor Benches
01tVT00000CfYMzYAN,01tVT00000CfY8TYAV,Primary,,,,,G101184A,G-!DEA Garden,1-Outdoor Furniture,01-Outdoor Dining Sets
01tVT00000CfYd7YAF,01tVT00000CfYYHYA3,Primary,,,,,G107030A,G-!DEA Garden,1-Outdoor Furniture,07-Outdoor Benches
01tVT00000CfYtFYAV,01tVT00000CfXE2YAN,Primary,,,,,G107031A,G-!DEA Garden,1-Outdoor Furniture,07-Outdoor Benches
01tVT00000CfZEDYA3,01tVT00000CfZ9NYAV,Primary,,,,,G101185A,G-!DEA Garden,1-Outdoor Furniture,02-Outdoor Seating Sets
01tVT00000CfZNtYAN,01tVT00000CfZJ3YAN,Primary,,,,,G107032A,G-!DEA Garden,1-Outdoor Furniture,07-Outdoor Benches
01tVT00000CfZfdYAF,01tVT00000CfZanYAF,Primary,,,,,G107033A,G-!DEA Garden,1-Outdoor Furniture,07-Outdoor Benches
01tVT00000CfZhFYAV,01tVT00000CfZVxYAN,Primary,,,,,G101186A,G-!DEA Garden,1-Outdoor Furniture,02-Outdoor Seating Sets
01tVT00000Cfa2DYAR,01tVT00000CfVH4YAN,Primary,,,,,G101187A,G-!DEA Garden,1-Outdoor Furniture,02-Outdoor Seating Sets
01tVT00000CfaGjYAJ,01tVT00000CfVx0YAF,Primary,,,,,G101188A,G-!DEA Garden,1-Outdoor Furniture,01-Outdoor Dining Sets
01tVT00000CfaNBYAZ,01tVT00000CfaLZYAZ,Primary,,,,,G107034A,G-!DEA Garden,1-Outdoor Furniture,07-Outdoor Benches
01tVT00000CfaevYAB,01tVT00000CfabhYAB,Primary,,G-!DEA Garden,1-Outdoor Furniture,03-Outdoor Chairs & Loungers,G107035A,G-!DEA Garden,1-Outdoor Furniture,03-Outdoor Chairs & Loungers
01tVT00000Cfai9YAB,01tVT00000Cfaa5YAB,Primary,,,,,G101189A,G-!DEA Garden,1-Outdoor Furniture,02-Outdoor Seating Sets
01tVT00000CfbcbYAB,01tVT00000CfbXlYAJ,Primary,,,,,G107036A,G-!DEA Garden,1-Outdoor Furniture,07-Outdoor Benches
01tVT00000CfcLlYAJ,01tVT00000CfWwIYAV,Primary,,,,,G102128A,G-!DEA Garden,1-Outdoor Furniture,02-Outdoor Seating Sets
01tVT00000CfkWDYAZ,01tVT00000CfkPlYAJ,Primary,,,,,G106224A,G-!DEA Garden,2-Outdoor Shades & Structures,04-Umbrellas Accessories
01tVT00000CgN7lYAF,01tVT00000CgN2vYAF,Primary,,,,,G106227A,G-!DEA Garden,2-Outdoor Shades & Structures,01-Umbrellas
01tVT00000CgPW9YAN,01tVT00000CgPRJYA3,Primary,,,,,G106226A,G-!DEA Garden,2-Outdoor Shades & Structures,01-Umbrellas
01tVT00000CgPcbYAF,01tVT00000CfiarYAB,Primary,,,,,G106229A,G-!DEA Garden,2-Outdoor Shades & Structures,01-Umbrellas
01tVT00000CgPfpYAF,01tVT00000CgPeDYAV,Primary,,,,,G106228A,G-!DEA Garden,2-Outdoor Shades & Structures,01-Umbrellas
01tVT00000CgRhdYAF,01tVT00000CgRcnYAF,Primary,,,,,G201022A,G-!DEA Garden,2-Outdoor Shades & Structures,01-Umbrellas
01tVT00000CgRrJYAV,01tVT00000CgRkrYAF,Primary,,,,,G101190A,G-!DEA Garden,1-Outdoor Furniture,01-Outdoor Dining Sets
01tVT00000CgTDBYA3,01tVT00000CgT6jYAF,Primary,,,,,G106340A,G-!DEA Garden,1-Outdoor Furniture,06-Hammocks & Swings
01tVT00000CgTZlYAN,01tVT00000CgTUvYAN,Primary,,,,,G101191A,G-!DEA Garden,1-Outdoor Furniture,01-Outdoor Dining Sets
01tVT00000CgUSbYAN,01tVT00000CgUNlYAN,Primary,,,,,G106341A,G-!DEA Garden,1-Outdoor Furniture,06-Hammocks & Swings
01tVT00000CgUfVYAV,01tVT00000CgUafYAF,Primary,,,,,G106342A,G-!DEA Garden,1-Outdoor Furniture,06-Hammocks & Swings
01tVT00000CgUpBYAV,01tVT00000CgUlxYAF,Primary,,,,,G106343A,G-!DEA Garden,1-Outdoor Furniture,06-Hammocks & Swings
01tVT00000CgV3hYAF,01tVT00000CgUyrYAF,Primary,,,,,G101192A,G-!DEA Garden,1-Outdoor Furniture,01-Outdoor Dining Sets
01tVT00000CgV6vYAF,01tVT00000CgV5JYAV,Primary,,,,,G106345A,G-!DEA Garden,1-Outdoor Furniture,06-Hammocks & Swings
01tVT00000CgVTVYA3,01tVT00000CgVN3YAN,Primary,,,,,G101193A,G-!DEA Garden,1-Outdoor Furniture,01-Outdoor Dining Sets
01tVT00000CgVlFYAV,01tVT00000CgVgPYAV,Primary,,,,,G106346A,G-!DEA Garden,1-Outdoor Furniture,06-Hammocks & Swings
01tVT00000CgVzlYAF,01tVT00000CgVy9YAF,Primary,,,,,G101194A,G-!DEA Garden,1-Outdoor Furniture,01-Outdoor Dining Sets
01tVT00000CgaxpYAB,01tVT00000Cgao9YAB,Primary,,,,,G107037A,G-!DEA Garden,1-Outdoor Furniture,07-Outdoor Benches
01tVT00000CgbVhYAJ,01tVT00000CgbQrYAJ,Primary,,,,,G107038A,G-!DEA Garden,1-Outdoor Furniture,07-Outdoor Benches
01tVT00000CgcErYAJ,01tVT00000Cgc0LYAR,Primary,,,,,G103053A,G-!DEA Garden,1-Outdoor Furniture,03-Outdoor Chairs & Loungers
01tVT00000CgctBYAR,01tVT00000CgbXKYAZ,Primary,,,,,G103054A,G-!DEA Garden,1-Outdoor Furniture,03-Outdoor Chairs & Loungers
01tVT00000CgdR4YAJ,01tVT00000Cgf33YAB,Primary,,,,,G202018A,G-!DEA Garden,2-Outdoor Shades & Structures,02-Pergolas & Gazebos
01tVT00000CgeWnYAJ,01tVT00000CgeTZYAZ,Primary,,,,,G202015A,G-!DEA Garden,2-Outdoor Shades & Structures,02-Pergolas & Gazebos
01tVT00000CgelJYAR,01tVT00000Cgei5YAB,Primary,,,,,G202016A,G-!DEA Garden,2-Outdoor Shades & Structures,02-Pergolas & Gazebos
01tVT00000CgeuzYAB,01tVT00000CgetNYAR,Primary,,,,,G202017A,G-!DEA Garden,2-Outdoor Shades & Structures,02-Pergolas & Gazebos
01tVT00000ChBitYAF,01tVT00000ChEYfYAN,Primary,,,,,G202026A,G-!DEA Garden,2-Outdoor Shades & Structures,02-Pergolas & Gazebos
01tVT00000ChBm7YAF,01tVT00000ChDj3YAF,Primary,,,,,G202022A,G-!DEA Garden,2-Outdoor Shades & Structures,02-Pergolas & Gazebos
01tVT00000ChDEPYA3,01tVT00000ChD7xYAF,Primary,,,,,G202019A,G-!DEA Garden,2-Outdoor Shades & Structures,02-Pergolas & Gazebos
01tVT00000ChDW9YAN,01tVT00000Ch9h4YAB,Primary,,,,,G202020A,G-!DEA Garden,2-Outdoor Shades & Structures,02-Pergolas & Gazebos
01tVT00000ChDhRYAV,01tVT00000ChDUXYA3,Primary,,,,,G103055A,G-!DEA Garden,1-Outdoor Furniture,01-Outdoor Dining Sets
01tVT00000ChDuLYAV,01tVT00000ChDpVYAV,Primary,,,,,G101195A,G-!DEA Garden,1-Outdoor Furniture,01-Outdoor Dining Sets
01tVT00000ChDxZYAV,01tVT00000ChDvxYAF,Primary,,,,,G202023A,G-!DEA Garden,2-Outdoor Shades & Structures,02-Pergolas & Gazebos
01tVT00000ChE7FYAV,01tVT00000ChE5dYAF,Primary,,,,,G202024A,G-!DEA Garden,2-Outdoor Shades & Structures,02-Pergolas & Gazebos
01tVT00000ChEFJYA3,01tVT00000ChEATYA3,Primary,,,,,G101196A,G-!DEA Garden,1-Outdoor Furniture,01-Outdoor Dining Sets
01tVT00000ChEVRYA3,01tVT00000ChEOzYAN,Primary,,,,,G101197A,G-!DEA Garden,1-Outdoor Furniture,01-Outdoor Dining Sets
01tVT00000ChKr0YAF,01tVT00000ChTuHYAV,Primary,,,,,G101205A,G-!DEA Garden,1-Outdoor Furniture,01-Outdoor Dining Sets
01tVT00000ChLYYYA3,01tVT00000Ch9M8YAJ,Primary,,,,,G101202A,G-!DEA Garden,1-Outdoor Furniture,01-Outdoor Dining Sets
01tVT00000ChMOAYA3,01tVT00000ChMXrYAN,Primary,,,,,G101203A,G-!DEA Garden,1-Outdoor Furniture,01-Outdoor Dining Sets
01tVT00000ChMnyYAF,01tVT00000ChNSIYA3,Primary,,,,,G101199A,G-!DEA Garden,1-Outdoor Furniture,02-Outdoor Seating Sets
01tVT00000ChNAZYA3,01tVT00000ChH6jYAF,Primary,,,,,G101198A,G-!DEA Garden,1-Outdoor Furniture,01-Outdoor Dining Sets
01tVT00000ChPCNYA3,01tVT00000ChVsrYAF,Primary,,,,,G103061A,G-!DEA Garden,1-Outdoor Furniture,01-Outdoor Dining Sets
01tVT00000ChPdmYAF,01tVT00000ChTO1YAN,Primary,,,,,G106347A,G-!DEA Garden,1-Outdoor Furniture,06-Hammocks & Swings
01tVT00000ChRHOYA3,01tVT00000ChOTDYA3,Primary,,,,,G101200A,G-!DEA Garden,1-Outdoor Furniture,01-Outdoor Dining Sets
01tVT00000ChSmvYAF,01tVT00000ChNwxYAF,Primary,,,,,G101201A,G-!DEA Garden,1-Outdoor Furniture,01-Outdoor Dining Sets
01tVT00000ChTCjYAN,01tVT00000ChT7tYAF,Primary,,,,,G103057A,G-!DEA Garden,1-Outdoor Furniture,03-Outdoor Chairs & Loungers
01tVT00000ChTUTYA3,01tVT00000ChNKEYA3,Primary,,,,,G106348A,G-!DEA Garden,1-Outdoor Furniture,06-Hammocks & Swings
01tVT00000ChTe9YAF,01tVT00000ChTavYAF,Primary,,,,,G106349A,G-!DEA Garden,1-Outdoor Furniture,06-Hammocks & Swings
01tVT00000ChTflYAF,01tVT00000ChTZJYA3,Primary,,,,,G101204A,G-!DEA Garden,1-Outdoor Furniture,01-Outdoor Dining Sets
01tVT00000ChTvtYAF,01tVT00000ChRdyYAF,Primary,,,,,G106350A,G-!DEA Garden,1-Outdoor Furniture,06-Hammocks & Swings
01tVT00000ChU3xYAF,01tVT00000ChTz7YAF,Primary,,,,,G106351A,G-!DEA Garden,1-Outdoor Furniture,06-Hammocks & Swings
01tVT00000CiXr0YAF,01tVT00000CibrNYAR,Primary,,,,,G104165A,G-!DEA Garden,1-Outdoor Furniture,04-Outdoor Tables
01tVT00000CiY8jYAF,01tVT00000CiY5VYAV,Primary,,,,,G101206A,G-!DEA Garden,1-Outdoor Furniture,01-Outdoor Dining Sets
01tVT00000CiYLdYAN,01tVT00000ChQegYAF,Primary,,,,,G107039A,G-!DEA Garden,1-Outdoor Furniture,07-Outdoor Benches
01tVT00000CiYThYAN,01tVT00000ChFL6YAN,Primary,,,,,G101207A,G-!DEA Garden,1-Outdoor Furniture,01-Outdoor Dining Sets
01tVT00000CiaorYAB,01tVT00000CialdYAB,Primary,,,,,H110017B,H-!DEA Home,1-Living Room Furniture,10-Tv Stands & Entertainment
01tVT00000Cib1lYAB,01tVT00000CiathYAB,Primary,,,,,H111013B,H-!DEA Home,1-Living Room Furniture,11-Storage Furniture
01tVT00000CibBRYAZ,01tVT00000Cib9pYAB,Primary,,,,,G105030A,G-!DEA Garden,1-Outdoor Furniture,05-Outdoor Storage
01tVT00000CibL7YAJ,01tVT00000ChAZvYAN,Primary,,,,,H111014B,H-!DEA Home,1-Living Room Furniture,11-Storage Furniture
01tVT00000CibZdYAJ,01tVT00000CibUnYAJ,Primary,,,,,G104164A,G-!DEA Garden,1-Outdoor Furniture,04-Outdoor Tables
01tVT00000CieAvYAJ,01tVT00000Cie7hYAB,Primary,,,,,G101208A,G-!DEA Garden,1-Outdoor Furniture,01-Outdoor Dining Sets
01tVT00000CigB7YAJ,01tVT00000Cig6HYAR,Primary,,,,,G101209A,G-!DEA Garden,1-Outdoor Furniture,01-Outdoor Dining Sets
01tVT00000CihojYAB,01tVT00000CihjtYAB,Primary,,,,,B103018C,B-!DEA Heating & Fan,1-Fans,03-Rechargeable Fans
01tVT00000CiizKYAR,01tVT00000CiizJYAR,Primary,,,,,G502033A,G-!DEA Garden,2-Outdoor Shades & Structures,02-Pergolas & Gazebos
01tVT00000CijTxYAJ,01tVT00000CijP7YAJ,Primary,,,,,G105031A,G-!DEA Garden,1-Outdoor Furniture,05-Outdoor Storage
01tVT00000CikTFYAZ,01tVT00000Cih2MYAR,Primary,,,,,G101210A,G-!DEA Garden,1-Outdoor Furniture,01-Outdoor Dining Sets
01tVT00000CikoDYAR,01tVT00000CikmbYAB,Primary,,,,,G107040A,G-!DEA Garden,1-Outdoor Furniture,07-Outdoor Benches
01tVT00000CkVJgYAN,01tVT00000CkcbGYAR,Primary,,,,,G101211A,G-!DEA Garden,1-Outdoor Furniture,07-Outdoor Benches
01tVT00000Cke1xYAB,01tVT00000Cke0LYAR,Primary,,,,,G101212A,G-!DEA Garden,1-Outdoor Furniture,01-Outdoor Dining Sets
01tVT00000CkeI5YAJ,01tVT00000CkeGTYAZ,Primary,,,,,G101213A,G-!DEA Garden,1-Outdoor Furniture,01-Outdoor Dining Sets
01tVT00000CkfxJYAR,01tVT00000Ckfu5YAB,Primary,,,,,G202028A,G-!DEA Garden,2-Outdoor Shades & Structures,02-Pergolas & Gazebos
01tVT00000CkgmvYAB,01tVT00000ChEK9YAN,Primary,,,,,G202025A,G-!DEA Garden,2-Outdoor Shades & Structures,02-Pergolas & Gazebos
01tVT00000Ckj1dYAB,01t4w00000NuoDQAAZ,Primary,,,,,H309074B,H-!DEA Home,1-Living Room Furniture,06-Sofa Beds
01tVT00000CkjfxYAB,01tVT00000CkjEXYAZ,Primary,,,,,H106087B,H-!DEA Home,1-Living Room Furniture,06-Sofa Beds
01tVT00000CknoPYAR,01tVT00000CknjZYAR,Primary,,,,,G107041A,G-!DEA Garden,1-Outdoor Furniture,07-Outdoor Benches
01tVT00000Ckp0bYAB,01tVT00000CkoxNYAR,Primary,,,,,G101214A,G-!DEA Garden,1-Outdoor Furniture,01-Outdoor Dining Sets
01tVT00000CkpS1YAJ,01tVT00000CkpNBYAZ,Primary,,,,,G101215A,G-!DEA Garden,1-Outdoor Furniture,01-Outdoor Dining Sets
01tVT00000CkpgXYAR,01tVT00000CkpdJYAR,Primary,,,,,G103062A,G-!DEA Garden,1-Outdoor Furniture,03-Outdoor Chairs & Loungers
01tVT00000CktyfYAB,01tVT00000CktsDYAR,Primary,,,,,G103063A,G-!DEA Garden,1-Outdoor Furniture,03-Outdoor Chairs & Loungers
01tVT00000CkuBZYAZ,01tVT00000CkprqYAB,Primary,,,,,G103064A,G-!DEA Garden,1-Outdoor Furniture,03-Outdoor Chairs & Loungers
01tVT00000CkuEnYAJ,01tVT00000CkuDBYAZ,Primary,,,,,G101216A,G-!DEA Garden,1-Outdoor Furniture,01-Outdoor Dining Sets
01tVT00000CkuMsYAJ,01tVT00000CkuQ5YAJ,Primary,,,,,G105034A,G-!DEA Garden,1-Outdoor Furniture,05-Outdoor Storage
01tVT00000CkuczYAB,01tVT00000CkuWXYAZ,Primary,,,,,G103065A,G-!DEA Garden,1-Outdoor Furniture,03-Outdoor Chairs & Loungers
01tVT00000CkumfYAB,01tVT00000CkujRYAR,Primary,,,,,G105036A,G-!DEA Garden,1-Outdoor Furniture,05-Outdoor Storage
01tVT00000Ckv1BYAR,01tVT00000CkuujYAB,Primary,,,,,G105037A,G-!DEA Garden,1-Outdoor Furniture,05-Outdoor Storage
01tVT00000Ckv61YAB,01tVT00000CkuwLYAR,Primary,,,,,G103066A,G-!DEA Garden,1-Outdoor Furniture,03-Outdoor Chairs & Loungers
01tVT00000CkvKXYAZ,01tVT00000CkvIvYAJ,Primary,,,,,G103067A,G-!DEA Garden,1-Outdoor Furniture,01-Outdoor Dining Sets
01tVT00000CkvPNYAZ,01tVT00000CkvE5YAJ,Primary,,,,,G105038A,G-!DEA Garden,1-Outdoor Furniture,05-Outdoor Storage
01tVT00000CkvcHYAR,01tVT00000CkvZ3YAJ,Primary,,,,,G105039A,G-!DEA Garden,1-Outdoor Furniture,05-Outdoor Storage
01tVT00000CkvfVYAR,01tVT00000CkvdtYAB,Primary,,,,,G104166A,G-!DEA Garden,1-Outdoor Furniture,01-Outdoor Dining Sets
01tVT00000CkvnZYAR,01tVT00000CksPuYAJ,Primary,,,,,G107042A,G-!DEA Garden,1-Outdoor Furniture,07-Outdoor Benches
01tVT00000ClXG9YAN,01tVT00000ClXBJYA3,Primary,,,,,G201024A,G-!DEA Garden,2-Outdoor Shades & Structures,01-Umbrellas
01tVT00000ClXZVYA3,01tVT00000ClXUfYAN,Primary,,,,,G201025A,G-!DEA Garden,2-Outdoor Shades & Structures,01-Umbrellas
01tVT00000ClXmPYAV,01tVT00000ClXhZYAV,Primary,,,,,G201026A,G-!DEA Garden,2-Outdoor Shades & Structures,01-Umbrellas
01tVT00000ClXxhYAF,01tVT00000ClXsrYAF,Primary,,,,,G201027A,G-!DEA Garden,2-Outdoor Shades & Structures,01-Umbrellas
01tVT00000ClY8zYAF,01tVT00000ClY49YAF,Primary,,,,,G201028A,G-!DEA Garden,2-Outdoor Shades & Structures,01-Umbrellas
01tVT00000CldjlYAB,01tVT00000CldevYAB,Primary,,,,,G204001A,G-!DEA Garden,2-Outdoor Shades & Structures,04-Umbrellas Accessories
01tVT00000CldyHYAR,01tVT00000CldtRYAR,Primary,,,,,G204002A,G-!DEA Garden,2-Outdoor Shades & Structures,04-Umbrellas Accessories
01tVT00000CleEPYAZ,01tVT00000Cle9ZYAR,Primary,,,,,G204003A,G-!DEA Garden,2-Outdoor Shades & Structures,04-Umbrellas Accessories
01tVT00000CleeEYAR,01tVT00000ClnWDYAZ,Primary,,,,,G204014A,G-!DEA Garden,2-Outdoor Shades & Structures,04-Umbrellas Accessories
01tVT00000ClezBYAR,01tVT00000ClentYAB,Primary,,,,,G204004A,G-!DEA Garden,2-Outdoor Shades & Structures,04-Umbrellas Accessories
01tVT00000ClfX3YAJ,01tVT00000ClfVRYAZ,Primary,,,,,G204005A,G-!DEA Garden,2-Outdoor Shades & Structures,04-Umbrellas Accessories
01tVT00000ClfonYAB,01tVT00000ClfjxYAB,Primary,,,,,G204006A,G-!DEA Garden,2-Outdoor Shades & Structures,04-Umbrellas Accessories
01tVT00000Clg4vYAB,01tVT00000Clg05YAB,Primary,,,,,G204007A,G-!DEA Garden,2-Outdoor Shades & Structures,04-Umbrellas Accessories
01tVT00000ClgJRYAZ,01tVT00000ClgGDYAZ,Primary,,,,,G204008A,G-!DEA Garden,2-Outdoor Shades & Structures,04-Umbrellas Accessories
01tVT00000ClizZYAR,01tVT00000CliujYAB,Primary,,,,,G204009A,G-!DEA Garden,2-Outdoor Shades & Structures,04-Umbrellas Accessories
01tVT00000CljVpYAJ,01tVT00000CljUDYAZ,Primary,,,,,G204011A,G-!DEA Garden,2-Outdoor Shades & Structures,04-Umbrellas Accessories
01tVT00000ClkEzYAJ,01tVT00000ClkA9YAJ,Primary,,,,,G204012A,G-!DEA Garden,2-Outdoor Shades & Structures,04-Umbrellas Accessories
01tVT00000ClnRNYAZ,01tVT00000ClnMXYAZ,Primary,,,,,G204013A,G-!DEA Garden,2-Outdoor Shades & Structures,04-Umbrellas Accessories
01tVT00000CmZcTYAV,01tVT00000CmVkAYAV,Primary,,,,,G105040A,G-!DEA Garden,4-Camping & Beach,03-Coolers & Thermal Bags
01tVT00000CmZpNYAV,01tVT00000CmZnlYAF,Primary,,G-!DEA Garden,4-Camping & Beach,03-Coolers & Thermal Bags,G105041A,G-!DEA Garden,4-Camping & Beach,03-Coolers & Thermal Bags
01tVT00000CmZz3YAF,01tVT00000CmZuDYAV,Primary,,,,,G105042A,G-!DEA Garden,4-Camping & Beach,03-Coolers & Thermal Bags
01tVT00000CmbftYAB,01tVT00000CmbUbYAJ,Primary,,,,,H201231B,H-!DEA Home,2-Kitchen & Dining Furniture,01-Dining Chairs
01tVT00000CmcNRYAZ,01tVT00000CmcC9YAJ,Primary,,,,,G301275A,G-!DEA Garden,3-Outdoor Cooking,02-Gas Grills
01tVT00000Cmck1YAB,01tVT00000CmcfBYAR,Primary,,,,,G301276A,G-!DEA Garden,3-Outdoor Cooking,08-Multifunction Grills
01tVT00000CmcvJYAR,01tVT00000Cmcs5YAB,Primary,,,,,G301277A,G-!DEA Garden,3-Outdoor Cooking,02-Gas Grills
01tVT00000Cmd4zYAB,01tVT00000Cmd3NYAR,Primary,,,,,G301278A,G-!DEA Garden,3-Outdoor Cooking,02-Gas Grills
01tVT00000CmdBRYAZ,01tVT00000Cmd9pYAB,Primary,,,,,G301279A,G-!DEA Garden,3-Outdoor Cooking,02-Gas Grills
01tVT00000CmdY1YAJ,01tVT00000CmdTBYAZ,Primary,,,,,G301280A,G-!DEA Garden,3-Outdoor Cooking,01-Charcoal Grills
01tVT00000CmdeTYAR,01tVT00000CmdcrYAB,Primary,,,,,G301281A,G-!DEA Garden,3-Outdoor Cooking,01-Charcoal Grills
01tVT00000Cmdo9YAB,01tVT00000CmdjJYAR,Primary,,,,,G301282A,G-!DEA Garden,3-Outdoor Cooking,01-Charcoal Grills
01tVT00000CmdubYAB,01tVT00000CmdszYAB,Primary,,,,,G301283A,G-!DEA Garden,3-Outdoor Cooking,01-Charcoal Grills
01tVT00000CmgCXYAZ,01tVT00000CmgAvYAJ,Primary,,,,,G604001A,G-!DEA Garden,6-Outdoor Gardening,04-Garden Decoration
01tVT00000CmgndYAB,01tVT00000CmWwMYAV,Primary,,,,,G604004A,G-!DEA Garden,6-Outdoor Gardening,04-Garden Decoration
01tVT00000Cmh3lYAB,01tVT00000Cmh29YAB,Primary,,,,,G604007A,G-!DEA Garden,6-Outdoor Gardening,04-Garden Decoration
01tVT00000CnDoQYAV,01tVT00000CnHLlYAN,Primary,,,,,G604009A,G-!DEA Garden,6-Outdoor Gardening,04-Garden Decoration
01tVT00000CnGsjYAF,01tVT00000CnGntYAF,Primary,,,,,H201232B,H-!DEA Home,2-Kitchen & Dining Furniture,01-Dining Chairs
01tVT00000CnHDhYAN,01tVT00000CnH8rYAF,Primary,,,,,G604008A,G-!DEA Garden,6-Outdoor Gardening,04-Garden Decoration
01tVT00000CnHaHYAV,01tVT00000CnHX3YAN,Primary,,,,,G604011A,G-!DEA Garden,6-Outdoor Gardening,04-Garden Decoration
01tVT00000CnHf7YAF,01tVT00000CnHdVYAV,Primary,,,,,G604012A,G-!DEA Garden,6-Outdoor Gardening,04-Garden Decoration
01tVT00000CnHs1YAF,01tVT00000CnHonYAF,Primary,,,,,G604014A,G-!DEA Garden,6-Outdoor Gardening,04-Garden Decoration
01tVT00000CnIEbYAN,01tVT00000CnIBNYA3,Primary,,,,,G604017A,G-!DEA Garden,6-Outdoor Gardening,04-Garden Decoration
01tVT00000CnIMfYAN,01tVT00000CnIJRYA3,Primary,,,,,G604018A,G-!DEA Garden,6-Outdoor Gardening,04-Garden Decoration
01tVT00000CnIWLYA3,01tVT00000CnIUjYAN,Primary,,,,,G604019A,G-!DEA Garden,6-Outdoor Gardening,04-Garden Decoration
01tVT00000CnIbBYAV,01tVT00000CnIZZYA3,Primary,,,,,G604020A,G-!DEA Garden,6-Outdoor Gardening,04-Garden Decoration
01tVT00000CnJ5pYAF,01tVT00000CnJ0zYAF,Primary,,,,,G604023A,G-!DEA Garden,6-Outdoor Gardening,04-Garden Decoration
01tVT00000CnJKLYA3,01tVT00000CnJH7YAN,Primary,,,,,G604025A,G-!DEA Garden,6-Outdoor Gardening,04-Garden Decoration
01tVT00000CnJsDYAV,01tVT00000CnJozYAF,Primary,,,,,G604026A,G-!DEA Garden,6-Outdoor Gardening,04-Garden Decoration
01tVT00000CnK1tYAF,01tVT00000CnJx3YAF,Primary,,,,,G604027A,G-!DEA Garden,6-Outdoor Gardening,04-Garden Decoration
01tVT00000CnK8LYAV,01tVT00000CnK6jYAF,Primary,,,,,G604028A,G-!DEA Garden,6-Outdoor Gardening,04-Garden Decoration
01tVT00000CnKEnYAN,01tVT00000CnKDBYA3,Primary,,,,,G604029A,G-!DEA Garden,6-Outdoor Gardening,04-Garden Decoration
01tVT00000CnN6DYAV,01tVT00000CnMy9YAF,Primary,,,,,G604033A,G-!DEA Garden,6-Outdoor Gardening,04-Garden Decoration
01tVT00000CoE8wYAF,01tVT00000CoE5hYAF,Primary,,,,,H301060B,H-!DEA Home,3-Office Furniture,01-Office Chairs
01tVT00000CoEDlYAN,01tVT00000CoE0rYAF,Primary,,,,,B204004C,B-!DEA Heating & Fan,2-Indoor Heaters,04-Electric Heaters & Convectors
01tVT00000CoEbxYAF,01tVT00000CoEX7YAN,Primary,,,,,B204005C,B-!DEA Heating & Fan,2-Indoor Heaters,04-Electric Heaters & Convectors
01tVT00000CoF4zYAF,01tVT00000CoBPaYAN,Primary,,,,,B204006C,B-!DEA Heating & Fan,2-Indoor Heaters,04-Electric Heaters & Convectors
01tVT00000CoF9pYAF,01tVT00000CoF3NYAV,Primary,,,,,G105043A,G-!DEA Garden,4-Camping & Beach,03-Coolers & Thermal Bags
01tVT00000CoFJVYA3,01tVT00000CoFEfYAN,Primary,,,,,B204007C,B-!DEA Heating & Fan,2-Indoor Heaters,04-Electric Heaters & Convectors
01tVT00000CoFPxYAN,01tVT00000CoFOLYA3,Primary,,,,,G105044A,G-!DEA Garden,4-Camping & Beach,03-Coolers & Thermal Bags
01tVT00000CoFZdYAN,01tVT00000CoFY1YAN,Primary,,,,,G105045A,G-!DEA Garden,4-Camping & Beach,03-Coolers & Thermal Bags
01tVT00000CoFhhYAF,01tVT00000CoFg5YAF,Primary,,,,,G105046A,G-!DEA Garden,4-Camping & Beach,03-Coolers & Thermal Bags
01tVT00000CoFrNYAV,01tVT00000CoFmXYAV,Primary,,,,,G105047A,G-!DEA Garden,4-Camping & Beach,03-Coolers & Thermal Bags
01tVT00000CqKDSYA3,01tVT00000CqMrxYAF,Primary,,,,,P103056W,P-!DEA Kids,1-Kids' furniture,03-Kids' Storage
01tVT00000CqKyDYAV,01tVT00000CqKuzYAF,Primary,,,,,P103048A,P-!DEA Kids,1-Kids' furniture,03-Kids' Storage
01tVT00000CqKzpYAF,01tVT00000CqKbdYAF,Primary,,,,,P103047A,P-!DEA Kids,1-Kids' furniture,03-Kids' Storage
01tVT00000CqKzqYAF,01tVT00000CqLHZYA3,Primary,,,,,P103049A,P-!DEA Kids,1-Kids' furniture,03-Kids' Storage
01tVT00000CqKzrYAF,01tVT00000CqNBJYA3,Primary,,,,,P101098W,P-!DEA Kids,1-Kids' furniture,01-Kids' Chairs & tables
01tVT00000CqL9VYAV,01tVT00000CqL7tYAF,Primary,,,,,P101091A,P-!DEA Kids,1-Kids' furniture,01-Kids' Chairs & tables
01tVT00000CqLJDYA3,01tVT00000CqMjtYAF,Primary,,,,,P103055W,P-!DEA Kids,1-Kids' furniture,03-Kids' Storage
01tVT00000CqLO2YAN,01tVT00000CqNo1YAF,Primary,,,,,P103061W,P-!DEA Kids,1-Kids' furniture,03-Kids' Storage
01tVT00000CqLPdYAN,01tVT00000CqLFyYAN,Primary,,,,,P103050A,P-!DEA Kids,1-Kids' furniture,03-Kids' Storage
01tVT00000CqLavYAF,01tVT00000CqLZJYA3,Primary,,,,,P103051W,P-!DEA Kids,1-Kids' furniture,03-Kids' Storage
01tVT00000CqLuHYAV,01tVT00000CqLfmYAF,Primary,,,,,P103052W,P-!DEA Kids,1-Kids' furniture,03-Kids' Storage
01tVT00000CqM3xYAF,01tVT00000CqLz7YAF,Primary,,,,,P103053W,P-!DEA Kids,1-Kids' furniture,03-Kids' Storage
01tVT00000CqMFFYA3,01tVT00000CqMDdYAN,Primary,,,,,P101092W,P-!DEA Kids,1-Kids' furniture,01-Kids' Chairs & tables
01tVT00000CqMLjYAN,01tVT00000CqJneYAF,Primary,,,,,P103060W,P-!DEA Kids,1-Kids' furniture,03-Kids' Storage
01tVT00000CqMS9YAN,01tVT00000CqMNJYA3,Primary,,,,,P101093W,P-!DEA Kids,1-Kids' furniture,01-Kids' Chairs & tables
01tVT00000CqMYbYAN,01tVT00000CqMWzYAN,Primary,,,,,P101094W,P-!DEA Kids,1-Kids' furniture,01-Kids' Chairs & tables
01tVT00000CqMdRYAV,01tVT00000CqHp4YAF,Primary,,,,,P103054A,P-!DEA Kids,1-Kids' furniture,03-Kids' Storage
01tVT00000CqMiHYAV,01tVT00000CqMf3YAF,Primary,,,,,P101095W,P-!DEA Kids,1-Kids' furniture,01-Kids' Chairs & tables
01tVT00000CqMyPYAV,01tVT00000CqMwnYAF,Primary,,,,,P101096W,P-!DEA Kids,1-Kids' furniture,01-Kids' Chairs & tables
01tVT00000CqN4rYAF,01tVT00000CqN1dYAF,Primary,,,,,P103057W,P-!DEA Kids,1-Kids' furniture,03-Kids' Storage
01tVT00000CqN9hYAF,01tVT00000CqN3FYAV,Primary,,,,,P101097A,P-!DEA Kids,1-Kids' furniture,01-Kids' Chairs & tables
01tVT00000CqNKzYAN,01tVT00000CqNJNYA3,Primary,,,,,P101099W,P-!DEA Kids,1-Kids' furniture,01-Kids' Chairs & tables
01tVT00000CqNT3YAN,01tVT00000CqNPpYAN,Primary,,,,,P103058W,P-!DEA Kids,1-Kids' furniture,03-Kids' Storage
01tVT00000CqNcjYAF,01tVT00000CqNZVYA3,Primary,,,,,P103059W,P-!DEA Kids,1-Kids' furniture,03-Kids' Storage
01tVT00000CqNeLYAV,01tVT00000CqNb7YAF,Primary,,,,,P101100A,P-!DEA Kids,1-Kids' furniture,01-Kids' Chairs & tables
01tVT00000CqNuTYAV,01tVT00000CqNpdYAF,Primary,,,,,P101101A,P-!DEA Kids,1-Kids' furniture,01-Kids' Chairs & tables
01tVT00000CqO5lYAF,01tVT00000CqO49YAF,Primary,,,,,P101103W,P-!DEA Kids,1-Kids' furniture,03-Kids' Storage
01tVT00000CqQigYAF,01tVT00000CqUcbYAF,Primary,,,,,P102018W,P-!DEA Kids,1-Kids' furniture,02-Kids' Beds & Bunk Beds
01tVT00000CqRtGYAV,01tVT00000CqXk9YAF,Primary,,,,,P102027W,P-!DEA Kids,1-Kids' furniture,02-Kids' Beds & Bunk Beds
01tVT00000CqRtHYAV,01tVT00000CqYQ5YAN,Primary,,,,,P101105W,P-!DEA Kids,1-Kids' furniture,01-Kids' Chairs & tables
01tVT00000CqSR9YAN,01tVT00000CqVX3YAN,Primary,,,,,P102021W,P-!DEA Kids,1-Kids' furniture,02-Kids' Beds & Bunk Beds
01tVT00000CqTobYAF,01tVT00000CqTjlYAF,Primary,,,,,P102016W,P-!DEA Kids,1-Kids' furniture,02-Kids' Beds & Bunk Beds
01tVT00000CqUMTYA3,01tVT00000CqS2wYAF,Primary,,,,,P102017W,P-!DEA Kids,1-Kids' furniture,02-Kids' Beds & Bunk Beds
01tVT00000CqV5dYAF,01tVT00000CqV0nYAF,Primary,,,,,P102019W,P-!DEA Kids,1-Kids' furniture,02-Kids' Beds & Bunk Beds
01tVT00000CqVLlYAN,01tVT00000CqScQYAV,Primary,,,,,P102020W,P-!DEA Kids,1-Kids' furniture,02-Kids' Beds & Bunk Beds
01tVT00000CqVonYAF,01tVT00000CqVjxYAF,Primary,,,,,P102022W,P-!DEA Kids,1-Kids' furniture,02-Kids' Beds & Bunk Beds
01tVT00000CqVwrYAF,01tVT00000CqVKAYA3,Primary,,,,,P102023W,P-!DEA Kids,1-Kids' furniture,02-Kids' Beds & Bunk Beds
01tVT00000CqW3JYAV,01tVT00000CqW1hYAF,Primary,,,,,P102024W,P-!DEA Kids,1-Kids' furniture,02-Kids' Beds & Bunk Beds
01tVT00000CqWWLYA3,01tVT00000CqWT7YAN,Primary,,,,,P103062W,P-!DEA Kids,1-Kids' furniture,03-Kids' Storage
01tVT00000CqWkuYAF,01tVT00000CqZKXYA3,Primary,,,,,P101109W,P-!DEA Kids,1-Kids' furniture,01-Kids' Chairs & tables
01tVT00000CqWphYAF,01tVT00000CqWHpYAN,Primary,,,,,P102025W,P-!DEA Kids,1-Kids' furniture,02-Kids' Beds & Bunk Beds
01tVT00000CqWrJYAV,01tVT00000CqWkrYAF,Primary,,,,,P101104W,P-!DEA Kids,1-Kids' furniture,01-Kids' Chairs & tables
01tVT00000CqX7RYAV,01tVT00000CqX4DYAV,Primary,,,,,P103063W,P-!DEA Kids,1-Kids' furniture,03-Kids' Storage
01tVT00000CqXDtYAN,01tVT00000CqXCHYA3,Primary,,,,,P102026W,P-!DEA Kids,1-Kids' furniture,02-Kids' Beds & Bunk Beds
01tVT00000CqXyfYAF,01tVT00000CqXtpYAF,Primary,,,,,P102028W,P-!DEA Kids,1-Kids' furniture,02-Kids' Beds & Bunk Beds
01tVT00000CqYEnYAN,01tVT00000CqY9xYAF,Primary,,,,,P103064W,P-!DEA Kids,1-Kids' furniture,03-Kids' Storage
01tVT00000CqYt7YAF,01tVT00000CqYoHYAV,Primary,,,,,P101106W,P-!DEA Kids,1-Kids' furniture,01-Kids' Chairs & tables
01tVT00000CqZ1BYAV,01tVT00000CqYujYAF,Primary,,,,,P101107W,P-!DEA Kids,1-Kids' furniture,01-Kids' Chairs & tables
01tVT00000CqZ61YAF,01tVT00000CqYMrYAN,Primary,,,,,P103065W,P-!DEA Kids,1-Kids' furniture,01-Kids' Chairs & tables
01tVT00000CqZCTYA3,01tVT00000CqZArYAN,Primary,,,,,P101108W,P-!DEA Kids,1-Kids' furniture,01-Kids' Chairs & tables
01tVT00000CqZUDYA3,01tVT00000CqZQzYAN,Primary,,,,,P101110W,P-!DEA Kids,1-Kids' furniture,01-Kids' Chairs & tables
01tVT00000CqZcHYAV,01tVT00000CqZafYAF,Primary,,,,,P101111W,P-!DEA Kids,1-Kids' furniture,01-Kids' Chairs & tables
01tVT00000CqZijYAF,01tVT00000CqZdtYAF,Primary,,,,,P103066W,P-!DEA Kids,1-Kids' furniture,03-Kids' Storage
01tVT00000CqZsPYAV,01tVT00000CqZqnYAF,Primary,,,,,P101112W,P-!DEA Kids,1-Kids' furniture,01-Kids' Chairs & tables
01tVT00000Cqa5JYAR,01tVT00000Cqa0TYAR,Primary,,,,,P101113W,P-!DEA Kids,1-Kids' furniture,01-Kids' Chairs & tables
01tVT00000CqaEzYAJ,01tVT00000Cqa6vYAB,Primary,,,,,P103067W,P-!DEA Kids,1-Kids' furniture,03-Kids' Storage
01tVT00000Cqay9YAB,01tVT00000CqarhYAB,Primary,,,,,P101114A,P-!DEA Kids,1-Kids' furniture,01-Kids' Chairs & tables
01tVT00000CqbXdYAJ,01tVT00000CqbNxYAJ,Primary,,,,,P103069W,P-!DEA Kids,1-Kids' furniture,03-Kids' Storage
01tVT00000Cr8zrYAB,01tVT00000CrD9tYAF,Primary,,,,,P101120W,P-!DEA Kids,1-Kids' furniture,01-Kids' Chairs & tables
01tVT00000CrASAYA3,01tVT00000CrDEjYAN,Primary,,,,,P103072W,P-!DEA Kids,1-Kids' furniture,03-Kids' Storage
01tVT00000CrC7NYAV,01tVT00000CrC5lYAF,Primary,,,,,P101115W,P-!DEA Kids,1-Kids' furniture,01-Kids' Chairs & tables
01tVT00000CrCIfYAN,01tVT00000CrCDpYAN,Primary,,,,,P103070W,P-!DEA Kids,1-Kids' furniture,03-Kids' Storage
01tVT00000CrCddYAF,01tVT00000CrCYnYAN,Primary,,,,,P101116W,P-!DEA Kids,1-Kids' furniture,01-Kids' Chairs & tables
01tVT00000CrCqXYAV,01tVT00000CrCovYAF,Primary,,,,,P103071W,P-!DEA Kids,1-Kids' furniture,03-Kids' Storage
01tVT00000CrCwzYAF,01tVT00000CrCk5YAF,Primary,,,,,P101117W,P-!DEA Kids,1-Kids' furniture,01-Kids' Chairs & tables
01tVT00000CrD0DYAV,01tVT00000CrCybYAF,Primary,,,,,P101118W,P-!DEA Kids,1-Kids' furniture,01-Kids' Chairs & tables
01tVT00000CrD6fYAF,01tVT00000Cr8beYAB,Primary,,,,,P101119W,P-!DEA Kids,1-Kids' furniture,01-Kids' Chairs & tables
01tVT00000CrDLBYA3,01tVT00000CrDJZYA3,Primary,,,,,P102029W,P-!DEA Kids,1-Kids' furniture,02-Kids' Beds & Bunk Beds
01tVT00000CrDg9YAF,01tVT00000CrDeXYAV,Primary,,,,,P101121W,P-!DEA Kids,1-Kids' furniture,01-Kids' Chairs & tables
01tVT00000CrDrRYAV,01tVT00000CrDmbYAF,Primary,,,,,P101122W,P-!DEA Kids,1-Kids' furniture,01-Kids' Chairs & tables
01tVT00000CrDzVYAV,01tVT00000CrDWUYA3,Primary,,,,,P101123W,P-!DEA Kids,1-Kids' furniture,01-Kids' Chairs & tables
01tVT00000CrE7ZYAV,01tVT00000CrE5xYAF,Primary,,,,,P101124W,P-!DEA Kids,1-Kids' furniture,01-Kids' Chairs & tables
01tVT00000CrEHFYA3,01tVT00000CrEFdYAN,Primary,,,,,P101125W,P-!DEA Kids,1-Kids' furniture,01-Kids' Chairs & tables
01tVT00000CrK1iYAF,01tVT00000CrNNlYAN,Primary,,,,,P102031W,P-!DEA Kids,1-Kids' furniture,02-Kids' Beds & Bunk Beds
01tVT00000CrL94YAF,01tVT00000CrO6vYAF,Primary,,,,,H301061B,H-!DEA Home,3-Office Furniture,01-Office Chairs
01tVT00000CrLAgYAN,01tVT00000CrNSbYAN,Primary,,,,,P101127W,P-!DEA Kids,1-Kids' furniture,01-Kids' Chairs & tables
01tVT00000CrLk9YAF,01tVT00000CqMDeYAN,Primary,,,,,P101102W,P-!DEA Kids,1-Kids' furniture,01-Kids' Chairs & tables
01tVT00000CrNArYAN,01tVT00000CrN7dYAF,Primary,,,,,P102030W,P-!DEA Kids,1-Kids' furniture,02-Kids' Beds & Bunk Beds
01tVT00000CrNHJYA3,01tVT00000CrNCTYA3,Primary,,,,,P101126W,P-!DEA Kids,1-Kids' furniture,01-Kids' Chairs & tables
01tVT00000CrNdtYAF,01tVT00000CrNcHYAV,Primary,,,,,P101128W,P-!DEA Kids,1-Kids' furniture,01-Kids' Chairs & tables
01tVT00000CrNlxYAF,01tVT00000CrNh7YAF,Primary,,,,,P101129W,P-!DEA Kids,1-Kids' furniture,01-Kids' Chairs & tables
01tVT00000CrNqnYAF,01tVT00000CrNpBYAV,Primary,,,,,P101130W,P-!DEA Kids,1-Kids' furniture,01-Kids' Chairs & tables
01tVT00000CrNyrYAF,01tVT00000CrNxFYAV,Primary,,,,,P101131W,P-!DEA Kids,1-Kids' furniture,01-Kids' Chairs & tables
01tVT00000CrON3YAN,01tVT00000CrOLRYA3,Primary,,,,,H301062B,H-!DEA Home,3-Office Furniture,01-Office Chairs
01tVT00000CrOtJYAV,01tVT00000CrOmrYAF,Primary,,,,,H301063B,H-!DEA Home,3-Office Furniture,01-Office Chairs
01tVT00000CrOzlYAF,01tVT00000CrLIkYAN,Primary,,,,,H301064B,H-!DEA Home,3-Office Furniture,01-Office Chairs
01tVT00000CrPEHYA3,01tVT00000CrNHKYA3,Primary,,,,,H301066B,H-!DEA Home,3-Office Furniture,01-Office Chairs
01tVT00000CrPHVYA3,01tVT00000CrPCfYAN,Primary,,,,,H301067B,H-!DEA Home,3-Office Furniture,01-Office Chairs
01tVT00000CrPZFYA3,01tVT00000CrPSnYAN,Primary,,,,,H301069B,H-!DEA Home,3-Office Furniture,01-Office Chairs
01tVT00000CrParYAF,01tVT00000CrPXdYAN,Primary,,,,,H301070B,H-!DEA Home,3-Office Furniture,01-Office Chairs
01tVT00000CrPuDYAV,01tVT00000CrPpNYAV,Primary,,,,,H301072B,H-!DEA Home,3-Office Furniture,01-Office Chairs
01tVT00000CylJiYAJ,01tVT00000CymfZYAR,Primary,,,,,P103073W,P-!DEA Kids,1-Kids' furniture,03-Kids' Storage
01tVT00000CyvNtYAJ,01tVT00000CyvEDYAZ,Primary,,,,,G104168A,G-!DEA Garden,1-Outdoor Furniture,04-Outdoor Tables
01tVT00000CyvSjYAJ,01tVT000007BdEvYAK,Primary,,,,,H105143B,P-!DEA Kids,1-Kids' furniture,03-Kids' Storage
01tVT00000CyvULYAZ,01tVT000003iMBBYA2,Primary,,,,,H105116B,P-!DEA Kids,1-Kids' furniture,03-Kids' Storage
01tVT00000CyvirYAB,01tVT00000CyqL0YAJ,Primary,,,,,G107044A,G-!DEA Garden,1-Outdoor Furniture,07-Outdoor Benches
01tVT00000D08z0YAB,01tVT00000D08yzYAB,Primary,,,,,P103060T,P-!DEA Kids,1-Kids' furniture,03-Kids' Storage
01tVT00000D0974YAB,01tVT00000D0973YAB,Primary,,,,,P101093T,P-!DEA Kids,1-Kids' furniture,01-Kids' Chairs & tables
01tVT00000D09F8YAJ,01tVT00000D09F7YAJ,Primary,,,,,H105116T,P-!DEA Kids,1-Kids' furniture,03-Kids' Storage
01tVT00000D09JyYAJ,01tVT00000D09JxYAJ,Primary,,,,,H105143T,P-!DEA Kids,1-Kids' furniture,03-Kids' Storage
01tVT00000D09OoYAJ,01tVT00000D09OnYAJ,Primary,,,,,P103073T,P-!DEA Kids,1-Kids' furniture,03-Kids' Storage
01tVT00000D1uVLYAZ,01tVT00000D1zOXYAZ,Primary,,,,,G102129A,G-!DEA Garden,1-Outdoor Furniture,02-Outdoor Seating Sets
01tVT00000D1wDmYAJ,01tVT00000CyocXYAR,Primary,,,,,G107043A,G-!DEA Garden,1-Outdoor Furniture,07-Outdoor Benches
01tVT00000D1wfBYAR,01tVT00000CyoPdYAJ,Primary,,,,,G104167A,G-!DEA Garden,1-Outdoor Furniture,04-Outdoor Tables
01tVT00000D1wgnYAB,01tVT00000CyokbYAB,Primary,,,,,G103068A,G-!DEA Garden,1-Outdoor Furniture,03-Outdoor Chairs & Loungers
01tVT00000D1xZdYAJ,01tVT00000CyvZBYAZ,Primary,,,,,G103069A,G-!DEA Garden,1-Outdoor Furniture,03-Outdoor Chairs & Loungers
01tVT00000D24JNYAZ,01tVT00000D24EXYAZ,Primary,,,,,H106088B,H-!DEA Home,1-Living Room Furniture,06-Sofa Beds
01tVT00000D2Ep0YAF,01tVT00000D2EozYAF,Primary,,,,,H111014T,H-!DEA Home,1-Living Room Furniture,11-Storage Furniture
01tVT00000D2Gu3YAF,01tVT00000D2Gu2YAF,Primary,,,,,G102027T,G-!DEA Garden,1-Outdoor Furniture,01-Outdoor Dining Sets
01tVT00000D2Hi2YAF,01tVT00000D2Hi1YAF,Primary,,,,,G102124T,G-!DEA Garden,1-Outdoor Furniture,01-Outdoor Dining Sets
01tVT00000D2HlGYAV,01tVT00000D2HlFYAV,Primary,,,,,G105030T,G-!DEA Garden,1-Outdoor Furniture,05-Outdoor Storage
01tVT00000D2Hq6YAF,01tVT00000D2Hq5YAF,Primary,,,,,G102103T,G-!DEA Garden,1-Outdoor Furniture,02-Outdoor Seating Sets
01tVT00000D2HtKYAV,01tVT00000D2HtJYAV,Primary,,,,,G102066T,G-!DEA Garden,1-Outdoor Furniture,02-Outdoor Seating Sets
01tVT00000D2I4eYAF,01tVT00000D2I4dYAF,Primary,,,,,G106254T,G-!DEA Garden,2-Outdoor Shades & Structures,01-Umbrellas
01tVT00000D2IW2YAN,01tVT00000D2IW1YAN,Primary,,,,,G102057T,G-!DEA Garden,1-Outdoor Furniture,02-Outdoor Seating Sets
01tVT00000D2IasYAF,01tVT00000D2IarYAF,Primary,,,,,G102060T,G-!DEA Garden,1-Outdoor Furniture,02-Outdoor Seating Sets
01tVT00000D2Kw3YAF,01tVT00000D2Kw2YAF,Primary,,,,,G201022T,G-!DEA Garden,2-Outdoor Shades & Structures,01-Umbrellas
01tVT00000D2LbyYAF,01tVT00000D2LbxYAF,Primary,,,,,G102107T,G-!DEA Garden,1-Outdoor Furniture,02-Outdoor Seating Sets
01tVT00000D2LdaYAF,01tVT00000D2LdZYAV,Primary,,,,,G103034T,G-!DEA Garden,1-Outdoor Furniture,03-Outdoor Chairs & Loungers
01tVT00000D2LfCYAV,01tVT00000D2LfBYAV,Primary,,,,,G101186T,G-!DEA Garden,1-Outdoor Furniture,02-Outdoor Seating Sets
01tVT00000D2LgoYAF,01tVT00000D2LgnYAF,Primary,,,,,G105036T,G-!DEA Garden,1-Outdoor Furniture,05-Outdoor Storage
01tVT00000D2LleYAF,01tVT00000D2LldYAF,Primary,,,,,G105039T,G-!DEA Garden,1-Outdoor Furniture,05-Outdoor Storage
01tVT00000D2LqUYAV,01tVT00000D2LqTYAV,Alternative,,,,,G202025T,G-!DEA Garden,2-Outdoor Shades & Structures,02-Pergolas & Gazebos
01tVT00000D2LtiYAF,01tVT00000D2LthYAF,Primary,,,,,G106348T,G-!DEA Garden,1-Outdoor Furniture,06-Hammocks & Swings
01tVT00000D2M1mYAF,01tVT00000D2M1lYAF,Primary,,,,,G201022AR,G-!DEA Garden,2-Outdoor Shades & Structures,01-Umbrellas
01tVT00000D2M50YAF,01tVT00000D2M4zYAF,Primary,,,,,G102059T,G-!DEA Garden,1-Outdoor Furniture,02-Outdoor Seating Sets
01tVT00000D2MBSYA3,01tVT00000D2MBRYA3,Primary,,,,,G501123T,G-!DEA Garden,4-Camping & Beach,04-Beach Chairs & Umbrellas
01tVT00000D2YJ4YAN,01tVT00000D2YJ3YAN,Primary,,,,,P101103T,P-!DEA Kids,1-Kids' furniture,03-Kids' Storage
01tVT00000D2dYrYAJ,01tVT00000D2dXFYAZ,Primary,,,,,H106089B,H-!DEA Home,1-Living Room Furniture,06-Sofa Beds
01tVT00000D2e0HYAR,01tVT00000D2dvRYAR,Primary,,,,,H106090B,H-!DEA Home,1-Living Room Furniture,08-Recliners
01tVT00000D2eI1YAJ,01tVT00000D2eGPYAZ,Primary,,,,,H103029B,H-!DEA Home,1-Living Room Furniture,03-Sofas & Couches
01tVT00000D2fZ3YAJ,01tVT00000D2ebNYAR,Primary,,,,,H106091B,H-!DEA Home,1-Living Room Furniture,06-Sofa Beds
01tVT00000D2g5JYAR,01tVT00000D2fqnYAB,Primary,,,,,H106092B,H-!DEA Home,1-Living Room Furniture,06-Sofa Beds
01tVT00000D2gV7YAJ,01tVT00000D2gOfYAJ,Primary,,,,,H106093B,H-!DEA Home,1-Living Room Furniture,06-Sofa Beds
01tVT00000D2gi1YAB,01tVT00000D2gZxYAJ,Primary,,,,,H106094B,H-!DEA Home,1-Living Room Furniture,06-Sofa Beds
01tVT00000D2gwXYAR,01tVT00000D2grhYAB,Primary,,,,,H106095B,H-!DEA Home,1-Living Room Furniture,06-Sofa Beds
01tVT00000D2hCfYAJ,01tVT00000D2hB3YAJ,Primary,,,,,H106096B,H-!DEA Home,1-Living Room Furniture,06-Sofa Beds
01tVT00000D2hPZYAZ,01tVT00000D2hNxYAJ,Primary,,,,,H106097B,H-!DEA Home,1-Living Room Furniture,06-Sofa Beds
01tVT00000D2he5YAB,01tVT00000D2hcTYAR,Primary,,,,,H106098B,H-!DEA Home,1-Living Room Furniture,06-Sofa Beds
01tVT00000D3YCAYA3,01tVT00000D3XuQYAV,Primary,,,,,H111015B,H-!DEA Home,1-Living Room Furniture,11-Storage Furniture
01tVT00000D3ZmXYAV,01tVT00000D3ZhhYAF,Primary,,,,,H102244B,H-!DEA Home,1-Living Room Furniture,02-Coffee & Side & End Tables
01tVT00000D3a5tYAB,01tVT00000D3a4HYAR,Primary,,,,,H111016B,H-!DEA Home,1-Living Room Furniture,11-Storage Furniture
01tVT00000D3aKPYAZ,01tVT00000D3aInYAJ,Primary,,,,,H111017B,H-!DEA Home,1-Living Room Furniture,11-Storage Furniture
01tVT00000D3aVhYAJ,01tVT00000D3aU5YAJ,Primary,,,,,H111018B,H-!DEA Home,1-Living Room Furniture,11-Storage Furniture
01tVT00000D3afNYAR,01tVT00000D3adlYAB,Primary,,,,,H111019B,H-!DEA Home,1-Living Room Furniture,11-Storage Furniture
01tVT00000D3ap3YAB,01tVT00000D3akDYAR,Primary,,,,,H111020B,H-!DEA Home,1-Living Room Furniture,11-Storage Furniture
01tVT00000D3b5BYAR,01tVT00000D3b0LYAR,Primary,,,,,H203018B,H-!DEA Home,2-Kitchen & Dining Furniture,03-Dining Sets
01tVT00000D3bDFYAZ,01tVT00000D3a2gYAB,Primary,,,,,H203019B,H-!DEA Home,2-Kitchen & Dining Furniture,03-Dining Sets
01tVT00000D3bI5YAJ,01tVT00000D3Y2VYAV,Primary,,,,,H203020B,H-!DEA Home,2-Kitchen & Dining Furniture,03-Dining Sets
01tVT00000D3bOXYAZ,01tVT00000D3bMvYAJ,Alternative,,,,,H203021B,H-!DEA Home,2-Kitchen & Dining Furniture,03-Dining Sets
01tVT00000D3bbRYAR,01tVT00000D3bZpYAJ,Primary,,,,,H203022B,H-!DEA Home,2-Kitchen & Dining Furniture,03-Dining Sets
01tVT00000D3bhtYAB,01tVT00000D3bgHYAR,Primary,,,,,H203023B,H-!DEA Home,2-Kitchen & Dining Furniture,03-Dining Sets
01tVT00000D3bpxYAB,01tVT00000D3bl7YAB,Primary,,,,,H203024B,H-!DEA Home,2-Kitchen & Dining Furniture,03-Dining Sets
01tVT00000D3bwPYAR,01tVT00000D3bunYAB,Primary,,,,,H203025B,H-!DEA Home,2-Kitchen & Dining Furniture,03-Dining Sets
01tVT00000D3c7hYAB,01tVT00000D3c2rYAB,Primary,,,,,H203026B,H-!DEA Home,2-Kitchen & Dining Furniture,03-Dining Sets
01tVT00000D3cNpYAJ,01tVT00000D3cIzYAJ,Primary,,,,,H203028B,H-!DEA Home,2-Kitchen & Dining Furniture,03-Dining Sets
01tVT00000D3cUHYAZ,01tVT00000D3cSfYAJ,Primary,,,,,H203029B,H-!DEA Home,2-Kitchen & Dining Furniture,03-Dining Sets
01tVT00000D3cXXYAZ,01tVT00000D3fGrYAJ,Primary,,,,,H111023B,H-!DEA Home,1-Living Room Furniture,11-Storage Furniture
01tVT00000D3ckPYAR,01tVT00000D3cinYAB,Primary,,,,,H203031B,H-!DEA Home,2-Kitchen & Dining Furniture,03-Dining Sets
01tVT00000D3cu5YAB,01tVT00000D3cpFYAR,Primary,,,,,H203032B,H-!DEA Home,2-Kitchen & Dining Furniture,03-Dining Sets
01tVT00000D3d5OYAR,01tVT00000D3gMbYAJ,Primary,,,,,H405156B,H-!DEA Home,1-Living Room Furniture,11-Storage Furniture
01tVT00000D3d8bYAB,01tVT00000D3d6zYAB,Primary,,,,,H203033B,H-!DEA Home,2-Kitchen & Dining Furniture,03-Dining Sets
01tVT00000D3dVCYAZ,01tVT00000D3gRRYAZ,Primary,,,,,H405157B,H-!DEA Home,1-Living Room Furniture,11-Storage Furniture
01tVT00000D3eB7YAJ,01tVT00000D3e9VYAR,Primary,,,,,H102245B,H-!DEA Home,1-Living Room Furniture,02-Coffee & Side & End Tables
01tVT00000D3eHZYAZ,01tVT00000D3eCjYAJ,Primary,,,,,H102246B,H-!DEA Home,1-Living Room Furniture,02-Coffee & Side & End Tables
01tVT00000D3eKoYAJ,01tVT00000D3fLhYAJ,Primary,,,,,H102251B,H-!DEA Home,1-Living Room Furniture,02-Coffee & Side & End Tables
01tVT00000D3ePdYAJ,01tVT00000D3eO1YAJ,Primary,,,,,H102247B,H-!DEA Home,1-Living Room Furniture,02-Coffee & Side & End Tables
01tVT00000D3eZJYAZ,01tVT00000D3eUTYAZ,Primary,,,,,H102248B,H-!DEA Home,1-Living Room Furniture,11-Storage Furniture
01tVT00000D3eizYAB,01tVT00000D3eflYAB,Primary,,,,,H111021B,H-!DEA Home,1-Living Room Furniture,11-Storage Furniture
01tVT00000D3euIYAR,01tVT00000D3g9hYAB,Primary,,,,,H111025B,H-!DEA Home,1-Living Room Furniture,11-Storage Furniture
01tVT00000D3exVYAR,01tVT00000D3epRYAR,Primary,,,,,H102249B,H-!DEA Home,1-Living Room Furniture,02-Coffee & Side & End Tables
01tVT00000D3f7BYAR,01tVT00000D3f2LYAR,Primary,,,,,H102250B,H-!DEA Home,1-Living Room Furniture,02-Coffee & Side & End Tables
01tVT00000D3fFFYAZ,01tVT00000D3f8nYAB,Primary,,,,,H111022B,H-!DEA Home,1-Living Room Furniture,11-Storage Furniture
01tVT00000D3fOwYAJ,01tVT00000D3l69YAB,Primary,,,,,H205021B,H-!DEA Home,2-Kitchen & Dining Furniture,05-Kitchen Carts & Islands
01tVT00000D3fVNYAZ,01tVT00000D3fS9YAJ,Primary,,,,,H110018B,H-!DEA Home,1-Living Room Furniture,10-Tv Stands & Entertainment
01tVT00000D3faDYAR,01tVT00000D3cxKYAR,Primary,,,,,H110019B,H-!DEA Home,1-Living Room Furniture,10-Tv Stands & Entertainment
01tVT00000D3ff3YAB,01tVT00000D3dJuYAJ,Primary,,,,,H110020B,H-!DEA Home,4-Storage & Organization,05-Shelving Units
01tVT00000D3fiIYAR,01tVT00000D3hTxYAJ,Primary,,,,,H102257B,H-!DEA Home,1-Living Room Furniture,02-Coffee & Side & End Tables
01tVT00000D3fjtYAB,01tVT00000D3bzeYAB,Primary,,,,,H110021B,H-!DEA Home,4-Storage & Organization,05-Shelving Units
01tVT00000D3fwnYAB,01tVT00000D3fvBYAR,Primary,,,,,H102252B,H-!DEA Home,1-Living Room Furniture,02-Coffee & Side & End Tables
01tVT00000D3g1eYAB,01tVT00000D3gmPYAR,Primary,,,,,H405159B,H-!DEA Home,4-Storage & Organization,05-Shelving Units
01tVT00000D3g4rYAB,01tVT00000D3g01YAB,Primary,,,,,H102253B,H-!DEA Home,1-Living Room Furniture,02-Coffee & Side & End Tables
01tVT00000D3gGBYAZ,01tVT00000D3h49YAB,Primary,,,,,H205015B,H-!DEA Home,2-Kitchen & Dining Furniture,05-Kitchen Carts & Islands
01tVT00000D3gHlYAJ,01tVT00000D3gG9YAJ,Primary,,,,,H405155B,H-!DEA Home,1-Living Room Furniture,11-Storage Furniture
01tVT00000D3gb7YAB,01tVT00000D3gZVYAZ,Primary,,,,,H405158B,H-!DEA Home,1-Living Room Furniture,11-Storage Furniture
01tVT00000D3ghZYAR,01tVT00000D3gfxYAB,Primary,,,,,H110022B,H-!DEA Home,1-Living Room Furniture,10-Tv Stands & Entertainment
01tVT00000D3gsrYAB,01tVT00000D3grFYAR,Primary,,,,,H205013B,H-!DEA Home,2-Kitchen & Dining Furniture,05-Kitchen Carts & Islands
01tVT00000D3gzJYAR,01tVT00000D3gxhYAB,Primary,,,,,H205014B,H-!DEA Home,2-Kitchen & Dining Furniture,05-Kitchen Carts & Islands
01tVT00000D3hCDYAZ,01tVT00000D3h7NYAR,Primary,,,,,H205016B,H-!DEA Home,2-Kitchen & Dining Furniture,05-Kitchen Carts & Islands
01tVT00000D3hIfYAJ,01tVT00000D3fqMYAR,Primary,,,,,H102255B,H-!DEA Home,1-Living Room Furniture,02-Coffee & Side & End Tables
01tVT00000D3hP7YAJ,01tVT00000D3doYYAR,Primary,,,,,H102256B,H-!DEA Home,1-Living Room Furniture,02-Coffee & Side & End Tables
01tVT00000D3hddYAB,01tVT00000D3hYnYAJ,Primary,,,,,H110023B,H-!DEA Home,1-Living Room Furniture,10-Tv Stands & Entertainment
01tVT00000D3i3RYAR,01tVT00000D3i1pYAB,Primary,,,,,H405160B,H-!DEA Home,1-Living Room Furniture,11-Storage Furniture
01tVT00000D3jIsYAJ,01tVT00000D3l6AYAR,Primary,,,,,H102258B,H-!DEA Home,1-Living Room Furniture,02-Coffee & Side & End Tables
01tVT00000D3kejYAB,01tVT00000D3kbVYAR,Primary,,,,,H205017B,H-!DEA Home,2-Kitchen & Dining Furniture,05-Kitchen Carts & Islands
01tVT00000D3kurYAB,01tVT00000D3ktFYAR,Primary,,,,,H205019B,H-!DEA Home,2-Kitchen & Dining Furniture,05-Kitchen Carts & Islands
01tVT00000D3l1JYAR,01tVT00000D3kzhYAB,Primary,,,,,H205020B,H-!DEA Home,2-Kitchen & Dining Furniture,05-Kitchen Carts & Islands
01tVT00000D3lJ3YAJ,01tVT00000D3lFpYAJ,Primary,,,,,H102259B,H-!DEA Home,1-Living Room Furniture,02-Coffee & Side & End Tables
01tVT00000D3lNtYAJ,01tVT00000D3lMHYAZ,Primary,,,,,H102260B,H-!DEA Home,1-Living Room Furniture,02-Coffee & Side & End Tables
01tVT00000D3lVxYAJ,01tVT00000D3lSjYAJ,Primary,,,,,H102261B,H-!DEA Home,1-Living Room Furniture,02-Coffee & Side & End Tables
01tVT00000D3lanYAB,01tVT00000D3lZBYAZ,Primary,,,,,H110024B,H-!DEA Home,1-Living Room Furniture,10-Tv Stands & Entertainment
01tVT00000D3nRJYAZ,01tVT00000D3nCnYAJ,Primary,,,,,H204010B,H-!DEA Home,2-Kitchen & Dining Furniture,04-Bar Stools
01tVT00000D3nntYAB,01tVT00000D3nj3YAB,Primary,,,,,H204011B,H-!DEA Home,2-Kitchen & Dining Furniture,04-Bar Stools
01tVT00000D3o7FYAR,01tVT00000D3o5dYAB,Primary,,,,,H204012B,H-!DEA Home,2-Kitchen & Dining Furniture,04-Bar Stools
01tVT00000D3qaTYAR,01tVT00000D3p3KYAR,Primary,,,,,H110025B,H-!DEA Home,1-Living Room Furniture,10-Tv Stands & Entertainment
01tVT00000D3qvRYAR,01tVT00000D3qqbYAB,Primary,,,,,H110026B,H-!DEA Home,1-Living Room Furniture,10-Tv Stands & Entertainment
01tVT00000D3rQ5YAJ,01tVT00000D3rI1YAJ,Primary,,,,,H110027B,H-!DEA Home,1-Living Room Furniture,10-Tv Stands & Entertainment
01tVT00000D4S1SYAV,01tVT00000D4UG9YAN,Primary,,,,,H102263B,H-!DEA Home,1-Living Room Furniture,02-Coffee & Side & End Tables
01tVT00000D4SvtYAF,01tVT00000D4SmDYAV,Primary,,,,,H203034B,H-!DEA Home,2-Kitchen & Dining Furniture,03-Dining Sets
01tVT00000D4T8nYAF,01tVT00000D4T3xYAF,Primary,,,,,H203035B,H-!DEA Home,2-Kitchen & Dining Furniture,03-Dining Sets
01tVT00000D4Tn7YAF,01tVT00000D4TiHYAV,Primary,,,,,H203036B,H-!DEA Home,2-Kitchen & Dining Furniture,03-Dining Sets
01tVT00000D4UBJYA3,01tVT00000D4U6TYAV,Primary,,,,,H102262B,H-!DEA Home,1-Living Room Furniture,02-Coffee & Side & End Tables
01tVT00000D4UfxYAF,01tVT00000D4UUfYAN,Primary,,,,,H102264B,H-!DEA Home,1-Living Room Furniture,02-Coffee & Side & End Tables
01tVT00000D4UrFYAV,01tVT00000D4UpdYAF,Primary,,,,,H102265B,H-!DEA Home,1-Living Room Furniture,02-Coffee & Side & End Tables
01tVT00000D4V2XYAV,01tVT00000D4UxhYAF,Primary,,,,,H102266B,H-!DEA Home,1-Living Room Furniture,02-Coffee & Side & End Tables
01tVT00000D4VDpYAN,01tVT00000D4VCDYA3,Primary,,,,,H102267B,H-!DEA Home,1-Living Room Furniture,02-Coffee & Side & End Tables
01tVT00000D4VLtYAN,01tVT00000D4VKHYA3,Primary,,,,,H102268B,H-!DEA Home,1-Living Room Furniture,02-Coffee & Side & End Tables
01tVT00000D4VQkYAN,01tVT00000D4X17YAF,Primary,,,,,H201236B,H-!DEA Home,2-Kitchen & Dining Furniture,01-Dining Chairs
01tVT00000D4VYoYAN,01tVT00000D4aYUYAZ,Primary,,,,,H203049B,H-!DEA Home,2-Kitchen & Dining Furniture,03-Dining Sets
01tVT00000D4VlhYAF,01tVT00000D4VgrYAF,Primary,,,,,H109004B,H-!DEA Home,1-Living Room Furniture,09-Console Tables & Sideboards
01tVT00000D4W1pYAF,01tVT00000D4VwzYAF,Primary,,,,,H111026B,H-!DEA Home,1-Living Room Furniture,11-Storage Furniture
01tVT00000D4WOPYA3,01tVT00000D4WJZYA3,Primary,,,,,H201233B,H-!DEA Home,2-Kitchen & Dining Furniture,01-Dining Chairs
01tVT00000D4WeYYAV,01tVT00000D4WTFYA3,Primary,,,,,H201234B,H-!DEA Home,2-Kitchen & Dining Furniture,01-Dining Chairs
01tVT00000D4WrRYAV,01tVT00000D4NxqYAF,Primary,,,,,H201235B,H-!DEA Home,2-Kitchen & Dining Furniture,01-Dining Chairs
01tVT00000D4X7aYAF,01tVT00000D4RjiYAF,Primary,,,,,H201238B,H-!DEA Home,2-Kitchen & Dining Furniture,01-Dining Chairs
01tVT00000D4XAnYAN,01tVT00000D4RLWYA3,Primary,,,,,H201237B,H-!DEA Home,2-Kitchen & Dining Furniture,01-Dining Chairs
01tVT00000D4XXNYA3,01tVT00000D4XQvYAN,Primary,,,,,H203037B,H-!DEA Home,2-Kitchen & Dining Furniture,03-Dining Sets
01tVT00000D4XifYAF,01tVT00000D4Xh3YAF,Primary,,,,,H203038B,H-!DEA Home,2-Kitchen & Dining Furniture,03-Dining Sets
01tVT00000D4XvZYAV,01tVT00000D4XqjYAF,Primary,,,,,H203039B,H-!DEA Home,2-Kitchen & Dining Furniture,03-Dining Sets
01tVT00000D4ZNuYAN,01tVT00000D4dg1YAB,Primary,,,,,H203051B,H-!DEA Home,2-Kitchen & Dining Furniture,03-Dining Sets
01tVT00000D4ZNvYAN,01tVT00000D4dphYAB,Primary,,,,,H203052B,H-!DEA Home,2-Kitchen & Dining Furniture,03-Dining Sets
01tVT00000D4Zu9YAF,01tVT00000D4ZXaYAN,Primary,,,,,H203040B,H-!DEA Home,2-Kitchen & Dining Furniture,03-Dining Sets
01tVT00000D4a5RYAR,01tVT00000D4a3pYAB,Primary,,,,,H203041B,H-!DEA Home,2-Kitchen & Dining Furniture,03-Dining Sets
01tVT00000D4a8fYAB,01tVT00000BgAELYA3,Primary,,,,,H108022B,H-!DEA Home,1-Living Room Furniture,01-Accent Chairs
01tVT00000D4aILYAZ,01tVT00000D4aGjYAJ,Primary,,,,,H203042B,H-!DEA Home,2-Kitchen & Dining Furniture,03-Dining Sets
01tVT00000D4aYTYAZ,01tVT00000D4aTdYAJ,Primary,,,,,H203043B,H-!DEA Home,2-Kitchen & Dining Furniture,03-Dining Sets
01tVT00000D4aobYAB,01tVT00000D4agXYAR,Primary,,,,,H203044B,H-!DEA Home,2-Kitchen & Dining Furniture,03-Dining Sets
01tVT00000D4awfYAB,01tVT00000D4atRYAR,Primary,,,,,H203045B,H-!DEA Home,2-Kitchen & Dining Furniture,03-Dining Sets
01tVT00000D4cFKYAZ,01tVT00000D4cOzYAJ,Primary,,,,,H203046B,H-!DEA Home,2-Kitchen & Dining Furniture,03-Dining Sets
01tVT00000D4cbtYAB,01tVT00000D4YreYAF,Primary,,,,,H203047B,H-!DEA Home,2-Kitchen & Dining Furniture,03-Dining Sets
01tVT00000D4cwrYAB,01tVT00000D4cs1YAB,Primary,,,,,H203048B,H-!DEA Home,2-Kitchen & Dining Furniture,03-Dining Sets
01tVT00000D4dUjYAJ,01tVT00000D4dRVYAZ,Primary,,,,,H203050B,H-!DEA Home,2-Kitchen & Dining Furniture,03-Dining Sets
01tVT00000D4gfWYAR,01tVT00000D4gVqYAJ,Primary,,,,,H111033B,H-!DEA Home,1-Living Room Furniture,11-Storage Furniture
01tVT00000D4gijYAB,01tVT00000D4gZ3YAJ,Primary,,,,,H104088B,H-!DEA Home,1-Living Room Furniture,03-Sofas & Couches
01tVT00000D4i6DYAR,01tVT00000D4i1NYAR,Primary,,,,,H111027B,H-!DEA Home,1-Living Room Furniture,11-Storage Furniture
01tVT00000D4iHVYAZ,01tVT00000D4iEHYAZ,Primary,,,,,H111028B,H-!DEA Home,1-Living Room Furniture,11-Storage Furniture
01tVT00000D4iUPYAZ,01tVT00000D4iPZYAZ,Primary,,,,,H111029B,H-!DEA Home,1-Living Room Furniture,11-Storage Furniture
01tVT00000D4iivYAB,01tVT00000D4ie5YAB,Primary,,,,,H111030B,H-!DEA Home,1-Living Room Furniture,11-Storage Furniture
01tVT00000D4isbYAB,01tVT00000D4iqzYAB,Primary,,,,,H111031B,H-!DEA Home,1-Living Room Furniture,11-Storage Furniture
01tVT00000D4j5VYAR,01tVT00000D4j3tYAB,Primary,,,,,H111032B,H-!DEA Home,1-Living Room Furniture,11-Storage Furniture
01tVT00000D4jlRYAR,01tVT00000D4jezYAB,Primary,,,,,H111034B,H-!DEA Home,1-Living Room Furniture,11-Storage Furniture
01tVT00000D4ksnYAB,01tVT00000D4krBYAR,Primary,,,,,H104089B,H-!DEA Home,1-Living Room Furniture,03-Sofas & Couches
01tVT00000D4l8vYAB,01tVT00000D4l7JYAR,Primary,,,,,H104090B,H-!DEA Home,1-Living Room Furniture,03-Sofas & Couches
01tVT00000D4lTtYAJ,01tVT00000D4ipOYAR,Primary,,,,,H103030B,H-!DEA Home,1-Living Room Furniture,03-Sofas & Couches
01tVT00000D4lnFYAR,01tVT00000D4lldYAB,Primary,,,,,H103031B,H-!DEA Home,1-Living Room Furniture,04-Sectional Sofas
01tVT00000D4m1lYAB,01tVT00000D4lTuYAJ,Primary,,,,,H106099B,H-!DEA Home,1-Living Room Furniture,06-Sofa Beds
01tVT00000D4mGHYAZ,01tVT00000D4mD3YAJ,Primary,,,,,H106100B,H-!DEA Home,1-Living Room Furniture,06-Sofa Beds
01tVT00000D4mRZYAZ,01tVT00000D4mMjYAJ,Primary,,,,,H103032B,H-!DEA Home,1-Living Room Furniture,12-Compressed Sofas
01tVT00000D4mhhYAB,01tVT00000D4meTYAR,Primary,,,,,H103033B,H-!DEA Home,1-Living Room Furniture,12-Compressed Sofas
01tVT00000D4mszYAB,01tVT00000D4mrNYAR,Primary,,,,,H103034B,H-!DEA Home,1-Living Room Furniture,12-Compressed Sofas
01tVT00000D4n4HYAR,01tVT00000D4n2fYAB,Primary,,,,,H103035B,H-!DEA Home,1-Living Room Furniture,12-Compressed Sofas
01tVT00000D5DzeYAF,01tVT00000D5DzdYAF,Primary,,,,,H105131T,P-!DEA Kids,1-Kids' furniture,03-Kids' Storage
01tVT00000D5H2NYAV,01tVT00000D5KzVYAV,Primary,,,,,H103038B,H-!DEA Home,1-Living Room Furniture,12-Compressed Sofas
01tVT00000D5KbJYAV,01tVT00000D5KWTYA3,Primary,,,,,H103036B,H-!DEA Home,1-Living Room Furniture,12-Compressed Sofas
01tVT00000D5Kt3YAF,01tVT00000D5KoDYAV,Primary,,,,,H103037B,H-!DEA Home,1-Living Room Furniture,12-Compressed Sofas
01tVT00000D5LVlYAN,01tVT00000D5LSXYA3,Primary,,,,,H203053B,H-!DEA Home,2-Kitchen & Dining Furniture,03-Dining Sets
01tVT00000D5Lh3YAF,01tVT00000D5LPJYA3,Primary,,,,,H103039B,H-!DEA Home,1-Living Room Furniture,12-Compressed Sofas
01tVT00000D5Lp7YAF,01tVT00000D5LifYAF,Primary,,,,,H203054B,H-!DEA Home,2-Kitchen & Dining Furniture,03-Dining Sets
01tVT00000D5M21YAF,01tVT00000D5LxBYAV,Primary,,,,,H203055B,H-!DEA Home,2-Kitchen & Dining Furniture,03-Dining Sets
01tVT00000D5MDJYA3,01tVT00000D5M8TYAV,Primary,,,,,H203056B,H-!DEA Home,2-Kitchen & Dining Furniture,03-Dining Sets
01tVT00000D5MMzYAN,01tVT00000D5MI9YAN,Primary,,,,,H203057B,H-!DEA Home,2-Kitchen & Dining Furniture,03-Dining Sets
01tVT00000D5MTRYA3,01tVT00000D5MObYAN,Primary,,,,,H103040B,H-!DEA Home,1-Living Room Furniture,12-Compressed Sofas
01tVT00000D5MYHYA3,01tVT00000D5MWfYAN,Primary,,,,,H203058B,H-!DEA Home,2-Kitchen & Dining Furniture,03-Dining Sets
01tVT00000D5MhxYAF,01tVT00000D5Md7YAF,Primary,,,,,H103041B,H-!DEA Home,1-Living Room Furniture,12-Compressed Sofas
01tVT00000D5P1VYAV,01tVT00000D5OwfYAF,Primary,,,,,H203059B,H-!DEA Home,2-Kitchen & Dining Furniture,03-Dining Sets
01tVT00000D5PEPYA3,01tVT00000D5P9ZYAV,Primary,,,,,H203060B,H-!DEA Home,2-Kitchen & Dining Furniture,03-Dining Sets
01tVT00000D5SozYAF,01tVT00000D5SgvYAF,Primary,,,,,H201239B,H-!DEA Home,2-Kitchen & Dining Furniture,01-Dining Chairs
01tVT00000D5T1tYAF,01tVT00000D5RJSYA3,Primary,,,,,H201240B,H-!DEA Home,2-Kitchen & Dining Furniture,01-Dining Chairs
01tVT00000D5TLFYA3,01tVT00000D5On0YAF,Primary,,,,,H201241B,H-!DEA Home,2-Kitchen & Dining Furniture,01-Dining Chairs
01tVT00000D5TY9YAN,01tVT00000D5TWXYA3,Primary,,,,,H201242B,H-!DEA Home,2-Kitchen & Dining Furniture,01-Dining Chairs
01tVT00000D5XqHYAV,01tVT00000D5XjpYAF,Alternative,,,,,H103042B,H-!DEA Home,1-Living Room Furniture,12-Compressed Sofas
01tVT00000D5Y3BYAV,01tVT00000D5Y1ZYAV,Primary,,,,,H103043B,H-!DEA Home,1-Living Room Furniture,12-Compressed Sofas
01tVT00000D5YkjYAF,01tVT00000D5Yj7YAF,Primary,,,,,H103045B,H-!DEA Home,1-Living Room Furniture,03-Sofas & Couches
01tVT00000D5ZqUYAV,01tVT00000D5aEfYAJ,Primary,,,,,H402003B,H-!DEA Home,4-Storage & Organization,02-Shoe Storage
01tVT00000D5ZyXYAV,01tVT00000D5ZorYAF,Primary,,,,,H405161B,H-!DEA Home,4-Storage & Organization,05-Shelving Units
01tVT00000D5a9pYAB,01tVT00000D5a4zYAB,Primary,,,,,H405162B,H-!DEA Home,4-Storage & Organization,05-Shelving Units
01tVT00000D5aWPYAZ,01tVT00000D5aRZYAZ,Primary,,,,,H402004B,H-!DEA Home,4-Storage & Organization,02-Shoe Storage
01tVT00000D5ajJYAR,01tVT00000D5abFYAR,Primary,,,,,H402005B,H-!DEA Home,4-Storage & Organization,02-Shoe Storage
01tVT00000D5b13YAB,01tVT00000D5awDYAR,Primary,,,,,H103046B,H-!DEA Home,1-Living Room Furniture,03-Sofas & Couches
01tVT00000D5b2fYAB,01tVT00000D5aubYAB,Primary,,,,,H202051B,H-!DEA Home,2-Kitchen & Dining Furniture,02-Dining Tables
01tVT00000D5bFZYAZ,01tVT00000D5bAjYAJ,Primary,,,,,H202052B,H-!DEA Home,2-Kitchen & Dining Furniture,02-Dining Tables
01tVT00000D5bXJYAZ,01tVT00000D5bU5YAJ,Primary,,,,,H203061B,H-!DEA Home,2-Kitchen & Dining Furniture,03-Dining Sets
01tVT00000D5bttYAB,01tVT00000D5bkDYAR,Primary,,,,,H203062B,H-!DEA Home,2-Kitchen & Dining Furniture,03-Dining Sets
01tVT00000D5cGTYAZ,01tVT00000D5c8PYAR,Primary,,,,,H203063B,H-!DEA Home,2-Kitchen & Dining Furniture,03-Dining Sets
01tVT00000D5cTNYAZ,01tVT00000D5cOXYAZ,Primary,,,,,H202053B,H-!DEA Home,2-Kitchen & Dining Furniture,02-Dining Tables
01tVT00000D5mz0YAB,01tVT00000D5myzYAB,Primary,,,,,G404137M,G-!DEA Garden,4-Camping & Beach,04-Beach Chairs & Umbrellas
01tVT00000D5rPCYAZ,01tVT00000D5rPBYAZ,Primary,,,,,H204007M,H-!DEA Home,2-Kitchen & Dining Furniture,04-Bar Stools
01tVT00000D5rQoYAJ,01tVT00000D5rQnYAJ,Primary,,,,,H108020M,H-!DEA Home,1-Living Room Furniture,08-Recliners
01tVT00000D5rVeYAJ,01tVT00000D5rVdYAJ,Primary,,,,,H201213M,H-!DEA Home,2-Kitchen & Dining Furniture,01-Dining Chairs
01tVT00000D5rXGYAZ,01tVT00000D5rXFYAZ,Primary,,,,,H108023M,H-!DEA Home,1-Living Room Furniture,08-Recliners
01tVT00000D5rYsYAJ,01tVT00000D5rYrYAJ,Primary,,,,,H108036M,H-!DEA Home,1-Living Room Furniture,08-Recliners
01tVT00000D5raUYAR,01tVT00000D5raTYAR,Primary,,,,,H108022M,H-!DEA Home,1-Living Room Furniture,08-Recliners
01tVT00000D99J7YAJ,01tVT00000D99B3YAJ,Primary,,,,,H202054B,H-!DEA Home,2-Kitchen & Dining Furniture,02-Dining Tables
01tVT00000D99W1YAJ,01tVT00000D99RBYAZ,Primary,,,,,H202055B,H-!DEA Home,2-Kitchen & Dining Furniture,02-Dining Tables
01tVT00000D9A5VYAV,01tVT00000D99hJYAR,Primary,,,,,H203064B,H-!DEA Home,2-Kitchen & Dining Furniture,03-Dining Sets
01tVT00000D9AYXYA3,01tVT00000D9AThYAN,Primary,,,,,H203066B,H-!DEA Home,2-Kitchen & Dining Furniture,03-Dining Sets
01tVT00000D9BO9YAN,01tVT00000D9AiEYAV,Primary,,,,,H111035B,H-!DEA Home,1-Living Room Furniture,11-Storage Furniture
01tVT00000D9BnxYAF,01tVT00000D9BftYAF,Primary,,,,,H111036B,H-!DEA Home,1-Living Room Furniture,11-Storage Furniture
01tVT00000D9C45YAF,01tVT00000D9BxdYAF,Primary,,,,,H111037B,H-!DEA Home,1-Living Room Furniture,11-Storage Furniture
01tVT00000D9CLpYAN,01tVT00000D9CAXYA3,Primary,,,,,H110028B,H-!DEA Home,1-Living Room Furniture,10-Tv Stands & Entertainment
01tVT00000D9CaLYAV,01tVT00000D9CVVYA3,Primary,,,,,H110029B,H-!DEA Home,1-Living Room Furniture,10-Tv Stands & Entertainment
01tVT00000D9CqTYAV,01tVT00000D9CorYAF,Primary,,,,,H110030B,H-!DEA Home,1-Living Room Furniture,10-Tv Stands & Entertainment
01tVT00000D9D8DYAV,01tVT00000D9CwvYAF,Primary,,,,,H110031B,H-!DEA Home,1-Living Room Furniture,10-Tv Stands & Entertainment
01tVT00000D9FQ9YAN,01tVT00000D9FLJYA3,Primary,,,,,H110032B,H-!DEA Home,1-Living Room Furniture,10-Tv Stands & Entertainment
01tVT00000D9FZpYAN,01tVT00000D9FYDYA3,Primary,,,,,H110033B,H-!DEA Home,1-Living Room Furniture,10-Tv Stands & Entertainment
01tVT00000D9GHNYA3,01tVT00000D9FrZYAV,Primary,,,,,H110034B,H-!DEA Home,1-Living Room Furniture,10-Tv Stands & Entertainment
01tVT00000D9GZ7YAN,01tVT00000D9GXVYA3,Primary,,,,,H102269B,H-!DEA Home,1-Living Room Furniture,02-Coffee & Side & End Tables
01tVT00000D9Gm1YAF,01tVT00000D9FpyYAF,Primary,,,,,H102270B,H-!DEA Home,1-Living Room Furniture,02-Coffee & Side & End Tables
01tVT00000D9H0XYAV,01tVT00000D9GvhYAF,Primary,,,,,H402006B,H-!DEA Home,4-Storage & Organization,02-Shoe Storage
01tVT00000D9HADYA3,01tVT00000D9H8bYAF,Primary,,,,,H402007B,H-!DEA Home,4-Storage & Organization,02-Shoe Storage
01tVT00000D9HIHYA3,01tVT00000D9HDRYA3,Primary,,,,,H109005B,H-!DEA Home,1-Living Room Furniture,09-Console Tables & Sideboards
01tVT00000D9I4fYAF,01tVT00000D5XjpYAF,Primary,,,,,H103042B,H-!DEA Home,1-Living Room Furniture,12-Compressed Sofas
01tVT00000D9LFRYA3,01tVT00000D9LAbYAN,Primary,,,,,H302110B,H-!DEA Home,3-Office Furniture,02-Desks
01tVT00000D9LaPYAV,01tVT00000D9LTxYAN,Primary,,,,,H302111B,H-!DEA Home,3-Office Furniture,02-Desks
01tVT00000D9Ls9YAF,01tVT00000D9LnJYAV,Primary,,,,,H111038B,H-!DEA Home,1-Living Room Furniture,11-Storage Furniture
01tVT00000D9M53YAF,01tVT00000D9M0DYAV,Primary,,,,,H111039B,H-!DEA Home,1-Living Room Furniture,11-Storage Furniture
01tVT00000D9MQ1YAN,01tVT00000D9MLBYA3,Primary,,,,,H206128B,H-!DEA Home,2-Kitchen & Dining Furniture,06-Dining Storage
01tVT00000D9MeXYAV,01tVT00000D9MbJYAV,Primary,,,,,H109006B,H-!DEA Home,1-Living Room Furniture,09-Console Tables & Sideboards
01tVT00000D9NnVYAV,01tVT00000D9K6UYAV,Primary,,,,,G306001A,G-!DEA Garden,3-Outdoor Cooking,01-Charcoal Grills
01tVT00000D9NvaYAF,01tVT00000D9OI9YAN,Primary,,,,,G301284A,G-!DEA Garden,3-Outdoor Cooking,01-Charcoal Grills
01tVT00000D9Oq1YAF,01tVT00000D9OjZYAV,Primary,,,,,H102271B,H-!DEA Home,1-Living Room Furniture,02-Coffee & Side & End Tables
01tVT00000D9SaHYAV,01tVT000006JOzFYAW,Primary,,,,,H311111B,H-!DEA Home,1-Living Room Furniture,12-Compressed Sofas
01tVT00000D9SteYAF,01tVT00000D9T05YAF,Primary,,,,,H103047B,H-!DEA Home,1-Living Room Furniture,12-Compressed Sofas
01tVT00000DA2HCYA1,01tVT00000DA2HBYA1,Primary,,,,,G102129KE,G-!DEA Garden,1-Outdoor Furniture,02-Outdoor Seating Sets
01tVT00000DA6cYYAT,01tVT00000DA8BJYA1,Primary,,,,,H103048B,H-!DEA Home,1-Living Room Furniture,12-Compressed Sofas
01tVT00000DA9IfYAL,01tVT00000DA9DpYAL,Primary,,,,,H103049B,H-!DEA Home,1-Living Room Furniture,12-Compressed Sofas
01tVT00000DA9VZYA1,01tVT00000DA9TxYAL,Primary,,,,,H103050B,H-!DEA Home,1-Living Room Furniture,12-Compressed Sofas
01tVT00000DA9grYAD,01tVT00000DA9fFYAT,Primary,,,,,H103051B,H-!DEA Home,1-Living Room Furniture,12-Compressed Sofas
01tVT00000DAGLlYAP,01tVT00000DAGIXYA5,Primary,,,,,H302112B,H-!DEA Home,3-Office Furniture,02-Desks
01tVT00000DAGX3YAP,01tVT00000DAGTpYAP,Primary,,,,,H302113B,H-!DEA Home,3-Office Furniture,02-Desks
01tVT00000DAGnBYAX,01tVT00000DAGgjYAH,Primary,,,,,H302114B,H-!DEA Home,3-Office Furniture,02-Desks
01tVT00000DAH3JYAX,01tVT00000DAGyTYAX,Primary,,,,,H302115B,H-!DEA Home,3-Office Furniture,02-Desks
01tVT00000DAHJRYA5,01tVT00000DAHCzYAP,Primary,,,,,H302116B,H-!DEA Home,3-Office Furniture,02-Desks
01tVT00000DAHePYAX,01tVT00000DAHUjYAP,Primary,,,,,H302117B,H-!DEA Home,3-Office Furniture,02-Desks
01tVT00000DD2aoYAD,01tVT00000D3bMvYAJ,Primary,,,,,H203021B,H-!DEA Home,2-Kitchen & Dining Furniture,03-Dining Sets
01tVT00000DDAeoYAH,01t4w00000NumbHAAR,Primary,,B-!DEA Heating & Fan,1-Fans,02-Desk & Floor Fans,B301033C,B-!DEA Heating & Fan,1-Fans,02-Desk & Floor Fans
01tVT00000DDEqTYAX,01tVT00000DDEDmYAP,Primary,,,,,G202029A,G-!DEA Garden,2-Outdoor Shades & Structures,02-Pergolas & Gazebos
01tVT00000DDFZdYAP,01tVT00000DDFUnYAP,Alternative,,,,,G401125A,G-!DEA Garden,4-Camping & Beach,01-Camping Tents
01tVT00000DDQbVYAX,01tVT00000DDQLNYA5,Primary,,,,,G501153A,G-!DEA Garden,5-Folding Furniture,01-Utility Folding Tables (HDPE)
01tVT00000DDquAYAT,01tVT00000DDvc5YAD,Primary,,,,,H104092B,H-!DEA Home,1-Living Room Furniture,12-Compressed Sofas
01tVT00000DDr73YAD,01tVT00000DDr5RYAT,Primary,,,,,B102006C,B-!DEA Heating & Fan,1-Fans,02-Desk & Floor Fans
01tVT00000DDvSPYA1,01tVT00000DDukrYAD,Primary,,,,,H104091B,H-!DEA Home,1-Living Room Furniture,12-Compressed Sofas
01tVT00000DDvsDYAT,01tVT00000DDvllYAD,Primary,,,,,H103052B,H-!DEA Home,1-Living Room Furniture,12-Compressed Sofas
01tVT00000DDwDBYA1,01tVT00000DDw9xYAD,Primary,,,,,H103054B,H-!DEA Home,1-Living Room Furniture,12-Compressed Sofas
01tVT00000DDwMrYAL,01tVT00000DDwLFYA1,Primary,,,,,H103055B,H-!DEA Home,1-Living Room Furniture,12-Compressed Sofas
01tVT00000DDyy9YAD,01tVT00000DDyrhYAD,Primary,,,,,B402001C,B-!DEA Heating & Fan,4-Air Treatment,02-Humidifiers & Dehumidifiers
01tVT00000DDzB3YAL,01tVT00000DDz4bYAD,Primary,,,,,B402002C,B-!DEA Heating & Fan,4-Air Treatment,02-Humidifiers & Dehumidifiers
01tVT00000DDzMLYA1,01tVT00000DDzFtYAL,Primary,,,,,B402003C,B-!DEA Heating & Fan,4-Air Treatment,02-Humidifiers & Dehumidifiers
01tVT00000DDzuDYAT,01tVT00000DDzqzYAD,Primary,,,,,B402004C,B-!DEA Heating & Fan,4-Air Treatment,02-Humidifiers & Dehumidifiers
01tVT00000DE03tYAD,01tVT00000DDzz3YAD,Primary,,,,,B402005C,B-!DEA Heating & Fan,4-Air Treatment,02-Humidifiers & Dehumidifiers
01tVT00000DE0DZYA1,01tVT00000DDwukYAD,Primary,,,,,B402006C,B-!DEA Heating & Fan,4-Air Treatment,02-Humidifiers & Dehumidifiers
01tVT00000DE4lpYAD,01tVT00000DE4kDYAT,Primary,,,,,H201243B,H-!DEA Home,2-Kitchen & Dining Furniture,01-Dining Chairs
01tVT00000DE4x7YAD,01tVT00000DE3csYAD,Primary,,,,,H201244B,H-!DEA Home,2-Kitchen & Dining Furniture,01-Dining Chairs
01tVT00000DE5GTYA1,01tVT00000DE5DFYA1,Primary,,,,,H201245B,H-!DEA Home,2-Kitchen & Dining Furniture,01-Dining Chairs
01tVT00000DEl4PYAT,01tVT00000DDocDYAT,Primary,,,,,H102272B,H-!DEA Home,1-Living Room Furniture,02-Coffee & Side & End Tables
01tVT00000DEoyLYAT,01tVT00000D2LqTYAV,Primary,,,,,G202025T,G-!DEA Garden,2-Outdoor Shades & Structures,02-Pergolas & Gazebos
01tVT00000DEsibYAD,01tVT00000DEsfNYAT,Primary,,,,,H203067B,H-!DEA Home,2-Kitchen & Dining Furniture,03-Dining Sets
01tVT00000DEtBdYAL,01tVT00000DEt6nYAD,Primary,,,,,H102273B,H-!DEA Home,1-Living Room Furniture,02-Coffee & Side & End Tables
01tVT00000DFlGrYAL,01tVT00000DFjJuYAL,Primary,,,,,G402028A,G-!DEA Garden,4-Camping & Beach,04-Beach Chairs & Umbrellas
01tVT00000DFldRYAT,01tVT00000DFlYbYAL,Primary,,,,,G402029A,G-!DEA Garden,4-Camping & Beach,04-Beach Chairs & Umbrellas
01tVT00000DFmJNYA1,01tVT00000DFmEXYA1,Primary,,,,,G404139A,G-!DEA Garden,4-Camping & Beach,04-Beach Chairs & Umbrellas
01tVT00000DGRMXYA5,01tVT00000DGNXSYA5,Primary,,,,,G404140T,G-!DEA Garden,4-Camping & Beach,04-Beach Chairs & Umbrellas
01tVT00000DPIn3YAH,01tVT00000DPIiDYAX,Primary,,,,,G203069B,G-!DEA Garden,1-Outdoor Furniture,01-Outdoor Dining Sets
01tVT00000DPNZpYAP,01tVT00000DPLEgYAP,Alternative,,,,,G405006A,G-!DEA Garden,4-Camping & Beach,05-Camping Accessories
01tVT00000DPOndYAH,01tVT00000DPOfZYAX,Primary,,,,,G402030A,G-!DEA Garden,4-Camping & Beach,02-Camping Chairs & Tables
01tVT00000DPOu5YAH,01tVT00000DPOsTYAX,Primary,,,,,G402031A,G-!DEA Garden,4-Camping & Beach,02-Camping Chairs & Tables
01tVT00000DPPADYA5,01tVT00000DPP8bYAH,Primary,,,,,G402032A,G-!DEA Garden,4-Camping & Beach,02-Camping Chairs & Tables
01tVT00000DPPYPYA5,01tVT00000DPPWnYAP,Primary,,,,,G405007A,G-!DEA Garden,4-Camping & Beach,05-Camping Accessories
01tVT00000DPPq9YAH,01tVT00000DPNEsYAP,Primary,,,,,G405008A,G-!DEA Garden,4-Camping & Beach,05-Camping Accessories
01tVT00000DPQKnYAP,01tVT00000DPQ1RYAX,Primary,,,,,G405009A,G-!DEA Garden,4-Camping & Beach,05-Camping Accessories
01tVT00000DPRC1YAP,01tVT00000DPR7BYAX,Primary,,,,,G405011A,G-!DEA Garden,4-Camping & Beach,05-Camping Accessories
01tVT00000DPRQXYA5,01tVT00000DPROvYAP,Primary,,,,,G103070A,G-!DEA Garden,1-Outdoor Furniture,03-Outdoor Chairs & Loungers
01tVT00000DQ5ivYAD,01tVT00000DQ5arYAD,Primary,,,,,H404143B,H-!DEA Home,4-Storage & Organization,04-Storage Bins & Boxes
01tVT00000DQ6BxYAL,01tVT00000DQ677YAD,Primary,,,,,H404144B,H-!DEA Home,4-Storage & Organization,04-Storage Bins & Boxes
01tVT00000DQ7UbYAL,01tVT00000DQ6IPYA1,Primary,,,,,H404145B,H-!DEA Home,4-Storage & Organization,04-Storage Bins & Boxes
01tVT00000DQ7cfYAD,01tVT00000DQ7XqYAL,Primary,,,,,H404146B,H-!DEA Home,4-Storage & Organization,04-Storage Bins & Boxes
01tVT00000DQ7kjYAD,01tVT00000DQ7j7YAD,Primary,,,,,H404147B,H-!DEA Home,4-Storage & Organization,04-Storage Bins & Boxes
01tVT00000DQ7rBYAT,01tVT00000DQ7pZYAT,Primary,,,,,H404148B,H-!DEA Home,4-Storage & Organization,04-Storage Bins & Boxes
01tVT00000DQ82TYAT,01tVT00000DQ7xdYAD,Primary,,,,,H404149B,H-!DEA Home,4-Storage & Organization,04-Storage Bins & Boxes
01tVT00000DQ9BRYA1,01tVT00000DQ7uQYAT,Primary,,,,,H404150B,H-!DEA Home,4-Storage & Organization,04-Storage Bins & Boxes
01tVT00000DQ9L7YAL,01tVT00000DQ9GHYA1,Primary,,,,,H404151B,H-!DEA Home,4-Storage & Organization,04-Storage Bins & Boxes
01tVT00000DQ9PxYAL,01tVT00000DQ5KkYAL,Primary,,,,,H404152B,H-!DEA Home,4-Storage & Organization,04-Storage Bins & Boxes
01tVT00000DQ9eTYAT,01tVT00000DQ9crYAD,Primary,,,,,H404153B,H-!DEA Home,4-Storage & Organization,04-Storage Bins & Boxes
01tVT00000DQ9o9YAD,01tVT00000DQ9jJYAT,Primary,,,,,H404154B,H-!DEA Home,4-Storage & Organization,04-Storage Bins & Boxes
01tVT00000DQ9ubYAD,01tVT00000DQ9szYAD,Primary,,,,,H404155B,H-!DEA Home,4-Storage & Organization,04-Storage Bins & Boxes
01tVT00000DQBI5YAP,01tVT00000DQBErYAP,Primary,,,,,H404156B,H-!DEA Home,4-Storage & Organization,04-Storage Bins & Boxes
01tVT00000DQBOXYA5,01tVT00000DQBMvYAP,Primary,,,,,H404157B,H-!DEA Home,4-Storage & Organization,04-Storage Bins & Boxes
01tVT00000DQCinYAH,01tVT00000DQBbRYAX,Primary,,,,,H404158B,H-!DEA Home,4-Storage & Organization,04-Storage Bins & Boxes
01tVT00000DQCvhYAH,01tVT00000DQCqrYAH,Primary,,,,,H404159B,H-!DEA Home,4-Storage & Organization,04-Storage Bins & Boxes
01tVT00000DQD5NYAX,01tVT00000DQD0XYAX,Primary,,,,,H404160B,H-!DEA Home,4-Storage & Organization,04-Storage Bins & Boxes
01tVT00000DQDDRYA5,01tVT00000DQD8bYAH,Primary,,,,,H404161B,H-!DEA Home,4-Storage & Organization,04-Storage Bins & Boxes
01tVT00000DQDN7YAP,01tVT00000DQDIHYA5,Primary,,,,,H404162B,H-!DEA Home,4-Storage & Organization,04-Storage Bins & Boxes
01tVT00000DQDTZYA5,01tVT00000DQDOjYAP,Primary,,,,,H404163B,H-!DEA Home,4-Storage & Organization,04-Storage Bins & Boxes
01tVT00000DQIBVYA5,01tVT00000DQHqXYAX,Primary,,,,,G405012A,G-!DEA Garden,4-Camping & Beach,05-Camping Accessories
01tVT00000DQfrGYAT,01tVT00000DQfrFYAT,Primary,,,,,B204002BO,B-!DEA Heating & Fan,2-Indoor Heaters,04-Electric Heaters & Convectors
01tVT00000DRA2DYAX,01tVT00000DRA0bYAH,Primary,,,,,G402033A,G-!DEA Garden,4-Camping & Beach,02-Camping Chairs & Tables
01tVT00000DRAJyYAP,01tVT00000DRBJFYA5,Primary,,,,,G402038A,G-!DEA Garden,4-Camping & Beach,02-Camping Chairs & Tables
01tVT00000DRALZYA5,01tVT00000DR8mpYAD,Primary,,,,,G402034A,G-!DEA Garden,4-Camping & Beach,02-Camping Chairs & Tables
01tVT00000DRAgYYAX,01tVT00000DRBW9YAP,Primary,,,,,G402039A,G-!DEA Garden,4-Camping & Beach,02-Camping Chairs & Tables
01tVT00000DRAqDYAX,01tVT00000DRATdYAP,Primary,,,,,G402035A,G-!DEA Garden,4-Camping & Beach,02-Camping Chairs & Tables
01tVT00000DRB1VYAX,01tVT00000DRAyHYAX,Primary,,,,,G402036A,G-!DEA Garden,4-Camping & Beach,02-Camping Chairs & Tables
01tVT00000DRBEPYA5,01tVT00000DRB6LYAX,Primary,,,,,G402037A,G-!DEA Garden,4-Camping & Beach,02-Camping Chairs & Tables
01tVT00000DRBkfYAH,01tVT00000DRBfpYAH,Primary,,,,,G402040A,G-!DEA Garden,4-Camping & Beach,02-Camping Chairs & Tables
01tVT00000DRBuLYAX,01tVT00000DRBpVYAX,Primary,,,,,G402041A,G-!DEA Garden,4-Camping & Beach,02-Camping Chairs & Tables
01tVT00000DRCC5YAP,01tVT00000DRBzBYAX,Primary,,,,,G402042A,G-!DEA Garden,4-Camping & Beach,02-Camping Chairs & Tables
01tVT00000DRDRVYA5,01tVT00000DRDJRYA5,Primary,,,,,H404164B,H-!DEA Home,4-Storage & Organization,04-Storage Bins & Boxes
01tVT00000DRDhdYAH,01tVT00000DR8tHYAT,Primary,,,,,H404165B,H-!DEA Home,4-Storage & Organization,04-Storage Bins & Boxes
01tVT00000DRDxlYAH,01tVT00000DRDsvYAH,Primary,,,,,H404166B,H-!DEA Home,4-Storage & Organization,04-Storage Bins & Boxes
01tVT00000DREH7YAP,01tVT00000DRE93YAH,Primary,,,,,H404167B,H-!DEA Home,4-Storage & Organization,04-Storage Bins & Boxes
01tVT00000DREgwYAH,01tVT00000DRFxxYAH,Primary,,,,,H404174B,H-!DEA Home,4-Storage & Organization,08-Garment Clothes Storage
01tVT00000DREk9YAH,01tVT00000DREiXYAX,Primary,,,,,H404168B,H-!DEA Home,4-Storage & Organization,04-Storage Bins & Boxes
01tVT00000DRF0HYAX,01tVT00000DREvRYAX,Primary,,,,,H404169B,H-!DEA Home,4-Storage & Organization,04-Storage Bins & Boxes
01tVT00000DRFDBYA5,01tVT00000DRFBZYA5,Primary,,,,,H404170B,H-!DEA Home,4-Storage & Organization,04-Storage Bins & Boxes
01tVT00000DRFY9YAP,01tVT00000DRFRhYAP,Primary,,,,,H404171B,H-!DEA Home,4-Storage & Organization,04-Storage Bins & Boxes
01tVT00000DRFjRYAX,01tVT00000DRFczYAH,Primary,,,,,H404172B,H-!DEA Home,4-Storage & Organization,04-Storage Bins & Boxes
01tVT00000DRFt7YAH,01tVT00000DRFrVYAX,Primary,,,,,H404173B,H-!DEA Home,4-Storage & Organization,04-Storage Bins & Boxes
01tVT00000DRIfhYAH,01tVT00000DPLEgYAP,Primary,,,,,G405006A,G-!DEA Garden,4-Camping & Beach,05-Camping Accessories
01tVT00000DRJOrYAP,01tVT00000DRJNFYA5,Primary,,,,,G405013A,G-!DEA Garden,4-Camping & Beach,05-Camping Accessories
01tVT00000DRJofYAH,01tVT00000DRJn3YAH,Primary,,,,,G405014A,G-!DEA Garden,4-Camping & Beach,05-Camping Accessories
01tVT00000DRJyLYAX,01tVT00000DRJwjYAH,Primary,,,,,G405015A,G-!DEA Garden,4-Camping & Beach,05-Camping Accessories
01tVT00000DRK81YAH,01tVT00000DRHwYYAX,Primary,,,,,G405016A,G-!DEA Garden,4-Camping & Beach,05-Camping Accessories
01tVT00000DRKBFYA5,01tVT00000DRK6QYAX,Primary,,,,,G405017A,G-!DEA Garden,4-Camping & Beach,05-Camping Accessories
01tVT00000DRKWDYA5,01tVT00000DRKMYYA5,Primary,,,,,G402043A,G-!DEA Garden,4-Camping & Beach,02-Camping Chairs & Tables
01tVT00000DRKkjYAH,01tVT00000DRKj7YAH,Primary,,,,,G405018A,G-!DEA Garden,4-Camping & Beach,02-Camping Chairs & Tables
01tVT00000DRLIbYAP,01tVT00000DRLGzYAP,Primary,,,,,G402044A,G-!DEA Garden,4-Camping & Beach,02-Camping Chairs & Tables
01tVT00000DRLVVYA5,01tVT00000DRLQfYAP,Primary,,,,,G402045A,G-!DEA Garden,4-Camping & Beach,02-Camping Chairs & Tables
01tVT00000DRLiPYAX,01tVT00000DRLgnYAH,Primary,,,,,G402046A,G-!DEA Garden,4-Camping & Beach,02-Camping Chairs & Tables
01tVT00000DRLs5YAH,01tVT00000DRLqTYAX,Primary,,,,,G402047A,G-!DEA Garden,4-Camping & Beach,02-Camping Chairs & Tables
01tVT00000DRML7YAP,01tVT00000DRMGHYA5,Primary,,,,,G405019A,G-!DEA Garden,4-Camping & Beach,05-Camping Accessories
01tVT00000DROWbYAP,01tVT00000DROTNYA5,Primary,,,,,G405020A,G-!DEA Garden,4-Camping & Beach,05-Camping Accessories
01tVT00000DROunYAH,01tVT00000DROpxYAH,Primary,,,,,G405021A,G-!DEA Garden,4-Camping & Beach,05-Camping Accessories
01tVT00000DRPCXYA5,01tVT00000DRP9JYAX,Primary,,,,,G405022A,G-!DEA Garden,4-Camping & Beach,05-Camping Accessories
01tVT00000DRQ6zYAH,01tVT00000DRP7iYAH,Primary,,,,,G405023A,G-!DEA Garden,4-Camping & Beach,05-Camping Accessories
01tVT00000DRQQLYA5,01tVT00000DRQOjYAP,Primary,,,,,G402048A,G-!DEA Garden,4-Camping & Beach,05-Camping Accessories
01tVT00000DRQlJYAX,01tVT00000DRQjhYAH,Primary,,,,,G402049A,G-!DEA Garden,4-Camping & Beach,05-Camping Accessories
01tVT00000DRR9VYAX,01tVT00000DRR6HYAX,Primary,,,,,G405024A,G-!DEA Garden,4-Camping & Beach,05-Camping Accessories
01tVT00000DRRpSYAX,01tVT00000DRSVNYA5,Primary,,,,,G405027A,G-!DEA Garden,4-Camping & Beach,05-Camping Accessories
01tVT00000DRSDdYAP,01tVT00000DRS7BYAX,Primary,,,,,G405026A,G-!DEA Garden,4-Camping & Beach,05-Camping Accessories
01tVT00000DRSIVYA5,01tVT00000DRUybYAH,Primary,,,,,G405030A,G-!DEA Garden,4-Camping & Beach,05-Camping Accessories
01tVT00000DRT3FYAX,01tVT00000DRT01YAH,Primary,,,,,G405028A,G-!DEA Garden,4-Camping & Beach,05-Camping Accessories
01tVT00000DRUaPYAX,01tVT00000DRQN8YAP,Primary,,,,,G405029A,G-!DEA Garden,4-Camping & Beach,05-Camping Accessories
01tVT00000DRVTGYA5,01tVT00000DRVTFYA5,Primary,,,,,G102129OS,G-!DEA Garden,1-Outdoor Furniture,02-Outdoor Seating Sets
01tVT00000DRVg9YAH,01tVT00000DRVbJYAX,Primary,,,,,G405031A,G-!DEA Garden,4-Camping & Beach,05-Camping Accessories
01tVT00000DRW9BYAX,01tVT00000DRW7ZYAX,Primary,,,,,G405032A,G-!DEA Garden,4-Camping & Beach,05-Camping Accessories
01tVT00000DRWNhYAP,01tVT00000DRWM5YAP,Primary,,,,,G405033A,G-!DEA Garden,4-Camping & Beach,05-Camping Accessories
01tVT00000DRWkHYAX,01tVT00000DRWdpYAH,Primary,,,,,G405034A,G-!DEA Garden,4-Camping & Beach,05-Camping Accessories
01tVT00000DRX5FYAX,01tVT00000DRX3dYAH,Primary,,,,,G405035A,G-!DEA Garden,4-Camping & Beach,05-Camping Accessories
01tVT00000DRXbVYAX,01tVT00000DRXYHYA5,Primary,,,,,G405036A,G-!DEA Garden,4-Camping & Beach,05-Camping Accessories
01tVT00000DRnjWYAT,01tVT00000DRnjVYAT,Primary,,,,,H203069OS,G-!DEA Garden,1-Outdoor Furniture,01-Outdoor Dining Sets
01tVT00000DS7DZYA1,01tVT00000DS78jYAD,Primary,,,,,G403037A,G-!DEA Garden,4-Camping & Beach,03-Coolers & Thermal Bags
01tVT00000DS7dNYAT,01tVT00000DS7YXYA1,Primary,,,,,G403038A,G-!DEA Garden,4-Camping & Beach,03-Coolers & Thermal Bags
01tVT00000DUCAjYAP,01tVT00000DRRFxYAP,Primary,,,,,G405025A,G-!DEA Garden,4-Camping & Beach,05-Camping Accessories
01tVT00000DUV26YAH,01tVT00000DUV25YAH,Primary,,,,,G203069OS,G-!DEA Garden,1-Outdoor Furniture,01-Outdoor Dining Sets
01tVT00000DV5f3YAD,01tVT00000DV0nSYAT,Primary,,,,,G105048A,G-!DEA Garden,1-Outdoor Furniture,05-Outdoor Storage
01tVT00000DV5n7YAD,01tVT00000DV0nTYAT,Primary,,,,,G105049A,G-!DEA Garden,1-Outdoor Furniture,05-Outdoor Storage
01tVT00000DV6WHYA1,01tVT00000DV6G9YAL,Primary,,,,,B103019C,B-!DEA Heating & Fan,1-Fans,03-Rechargeable Fans
01tVT00000DV7FRYA1,01tVT00000DV77NYAT,Primary,,,,,G105050A,G-!DEA Garden,1-Outdoor Furniture,05-Outdoor Storage
01tVT00000DVqCXYA1,01tVT00000DVq1FYAT,Primary,,,,,H404175B,H-!DEA Home,4-Storage & Organization,04-Storage Bins & Boxes
01tVT00000DVqVtYAL,01tVT00000DVqKbYAL,Primary,,,,,H404176B,H-!DEA Home,4-Storage & Organization,04-Storage Bins & Boxes
01tVT00000DVqinYAD,01tVT00000DVqdxYAD,Primary,,,,,H404177B,H-!DEA Home,4-Storage & Organization,04-Storage Bins & Boxes
01tVT00000DVqvhYAD,01tVT00000DVqpFYAT,Primary,,,,,H404178B,H-!DEA Home,4-Storage & Organization,04-Storage Bins & Boxes
01tVT00000DVrADYA1,01tVT00000DVr8bYAD,Primary,,,,,H404180B,H-!DEA Home,4-Storage & Organization,04-Storage Bins & Boxes
01tVT00000DVrF3YAL,01tVT00000DVr0XYAT,Primary,,,,,H404179B,H-!DEA Home,4-Storage & Organization,04-Storage Bins & Boxes
01tVT00000DVrgTYAT,01tVT00000DVra1YAD,Primary,,,,,H404181B,H-!DEA Home,4-Storage & Organization,04-Storage Bins & Boxes
01tVT00000DVrtNYAT,01tVT00000DVrrlYAD,Primary,,,,,H404182B,H-!DEA Home,4-Storage & Organization,04-Storage Bins & Boxes
01tVT00000DVsB8YAL,01tVT00000DVsflYAD,Primary,,,,,H404185B,H-!DEA Home,4-Storage & Organization,04-Storage Bins & Boxes
01tVT00000DVsMPYA1,01tVT00000DVsHZYA1,Primary,,,,,H404183B,H-!DEA Home,4-Storage & Organization,04-Storage Bins & Boxes
01tVT00000DVsnqYAD,01tVT00000DVtWzYAL,Primary,,,,,H404189B,H-!DEA Home,4-Storage & Organization,04-Storage Bins & Boxes
01tVT00000DVsxVYAT,01tVT00000DVssfYAD,Primary,,,,,H404186B,H-!DEA Home,4-Storage & Organization,04-Storage Bins & Boxes
01tVT00000DVt8nYAD,01tVT00000DVrwcYAD,Primary,,,,,H404187B,H-!DEA Home,4-Storage & Organization,04-Storage Bins & Boxes
01tVT00000DVtFFYA1,01tVT00000DVtDdYAL,Primary,,,,,H404188B,H-!DEA Home,4-Storage & Organization,04-Storage Bins & Boxes
01tVT00000DVweXYAT,01tVT00000DVwY5YAL,Primary,,,,,H404190B,H-!DEA Home,4-Storage & Organization,04-Storage Bins & Boxes
01tVT00000DVwppYAD,01tVT00000DVwkzYAD,Primary,,,,,H404191B,H-!DEA Home,4-Storage & Organization,04-Storage Bins & Boxes
01tVT00000DVwwHYAT,01tVT00000DVwufYAD,Primary,,,,,H404192B,H-!DEA Home,4-Storage & Organization,04-Storage Bins & Boxes
01tVT00000DVyjZYAT,01tVT00000DVyd7YAD,Primary,,,,,H404193B,H-!DEA Home,4-Storage & Organization,04-Storage Bins & Boxes
01tVT00000DVywUYAT,01tVT00000DVyoPYAT,Primary,,,,,H404194B,H-!DEA Home,4-Storage & Organization,04-Storage Bins & Boxes
01tVT00000DVz7lYAD,01tVT00000DVz69YAD,Primary,,,,,H404195B,H-!DEA Home,4-Storage & Organization,04-Storage Bins & Boxes
01tVT00000DVzFpYAL,01tVT00000DVzEDYA1,Primary,,,,,H404196B,H-!DEA Home,4-Storage & Organization,04-Storage Bins & Boxes
01tVT00000DVzXZYA1,01tVT00000DVzSjYAL,Primary,,,,,H404197B,H-!DEA Home,4-Storage & Organization,04-Storage Bins & Boxes
01tVT00000DVznhYAD,01tVT00000DVzfdYAD,Primary,,,,,H404198B,H-!DEA Home,4-Storage & Organization,04-Storage Bins & Boxes
01tVT00000DW073YAD,01tVT00000DW02DYAT,Primary,,,,,H404200B,H-!DEA Home,4-Storage & Organization,04-Storage Bins & Boxes
01tVT00000DW0F7YAL,01tVT00000DW0BtYAL,Primary,,,,,H404201B,H-!DEA Home,4-Storage & Organization,04-Storage Bins & Boxes
01tVT00000DW0YTYA1,01tVT00000DW0TdYAL,Primary,,,,,H404202B,H-!DEA Home,4-Storage & Organization,04-Storage Bins & Boxes
01tVT00000DW0jlYAD,01tVT00000DW0dJYAT,Primary,,,,,H404203B,H-!DEA Home,4-Storage & Organization,04-Storage Bins & Boxes
01tVT00000DW0rpYAD,01tVT00000DW0mzYAD,Primary,,,,,H404204B,H-!DEA Home,4-Storage & Organization,04-Storage Bins & Boxes
01tVT00000DW0ztYAD,01tVT00000DW0iAYAT,Primary,,,,,H404205B,H-!DEA Home,4-Storage & Organization,04-Storage Bins & Boxes
01tVT00000DW19ZYAT,01tVT00000DW14jYAD,Primary,,,,,H404206B,H-!DEA Home,4-Storage & Organization,04-Storage Bins & Boxes
01tVT00000DW1HdYAL,01tVT00000DW1G1YAL,Primary,,,,,H404207B,H-!DEA Home,4-Storage & Organization,04-Storage Bins & Boxes
01tVT00000DW2FJYA1,01tVT00000DW0yIYAT,Primary,,,,,H408033B,H-!DEA Home,4-Storage & Organization,08-Garment Clothes Storage
01tVT00000DW2aHYAT,01tVT00000DW2VRYA1,Primary,,,,,H408034B,H-!DEA Home,4-Storage & Organization,08-Garment Clothes Storage
01tVT00000DW2f7YAD,01tVT00000DW2dVYAT,Primary,,,,,H408035B,H-!DEA Home,4-Storage & Organization,08-Garment Clothes Storage
01tVT00000DW2s1YAD,01tVT00000DW2iMYAT,Primary,,,,,H408036B,H-!DEA Home,4-Storage & Organization,08-Garment Clothes Storage
01tVT00000DW305YAD,01tVT00000DW2yTYAT,Primary,,,,,H408037B,H-!DEA Home,4-Storage & Organization,08-Garment Clothes Storage
01tVT00000DW3BNYA1,01tVT00000DW389YAD,Primary,,,,,H408038B,H-!DEA Home,4-Storage & Organization,08-Garment Clothes Storage
01tVT00000DWoBtYAL,01tVT00000DWlE1YAL,Primary,,,,,H403014B,H-!DEA Home,4-Storage & Organization,03-Storage Carts & Drawers
01tVT00000DWoJzYAL,01tVT00000DWlE2YAL,Primary,,,,,H403015B,H-!DEA Home,4-Storage & Organization,03-Storage Carts & Drawers
01tVT00000DWp9aYAD,01tVT00000DWp6DYAT,Primary,,,,,H406126B,H-!DEA Home,4-Storage & Organization,06-Sink Storage & Organizers
01tVT00000DWpO5YAL,01tVT00000DWltzYAD,Primary,,,,,H406124B,H-!DEA Home,4-Storage & Organization,06-Sink Storage & Organizers
01tVT00000DWpazYAD,01tVT00000DWltyYAD,Primary,,,,,H406123B,H-!DEA Home,4-Storage & Organization,06-Sink Storage & Organizers
01tVT00000DWpfpYAD,01tVT00000DWltxYAD,Primary,,,,,H406122B,H-!DEA Home,4-Storage & Organization,06-Sink Storage & Organizers
01tVT00000DWpmHYAT,01tVT00000DWp5CYAT,Primary,,,,,H403016B,H-!DEA Home,4-Storage & Organization,03-Storage Carts & Drawers
01tVT00000DWqf7YAD,01tVT00000DWp6yYAD,Primary,,,,,H409032B,H-!DEA Home,4-Storage & Organization,09-Hanging & Drying
01tVT00000DWqnCYAT,01tVT00000DWp5bYAD,Primary,,,,,H405172B,H-!DEA Home,4-Storage & Organization,05-Shelving Units
01tVT00000DWqonYAD,01tVT00000DWp6zYAD,Primary,,,,,H409033B,H-!DEA Home,4-Storage & Organization,09-Hanging & Drying
01tVT00000DWqyTYAT,01tVT00000DWp70YAD,Primary,,,,,H409034B,H-!DEA Home,4-Storage & Organization,09-Hanging & Drying
01tVT00000DWr3JYAT,01tVT00000DWp71YAD,Primary,,,,,H409035B,H-!DEA Home,4-Storage & Organization,09-Hanging & Drying
01tVT00000DWrCzYAL,01tVT00000DWp5SYAT,Primary,,,,,H405163B,H-!DEA Home,4-Storage & Organization,05-Shelving Units
01tVT00000DWrL3YAL,01tVT00000DWp5TYAT,Primary,,,,,H405164B,H-!DEA Home,4-Storage & Organization,05-Shelving Units
01tVT00000DWrPtYAL,01tVT00000DWp5UYAT,Primary,,,,,H405165B,H-!DEA Home,4-Storage & Organization,05-Shelving Units
01tVT00000DWrWLYA1,01tVT00000DWp4jYAD,Primary,,,,,H401001B,H-!DEA Home,4-Storage & Organization,01-Closet Storage
01tVT00000DWrhdYAD,01tVT00000DWp4kYAD,Primary,,,,,H401002B,H-!DEA Home,4-Storage & Organization,01-Closet Storage
01tVT00000DWrsvYAD,01tVT00000DWp5VYAT,Primary,,,,,H405166B,H-!DEA Home,4-Storage & Organization,05-Shelving Units
01tVT00000DWs4DYAT,01tVT00000DWp5WYAT,Primary,,,,,H405167B,H-!DEA Home,4-Storage & Organization,05-Shelving Units
01tVT00000DWsDuYAL,01tVT00000DWp5YYAT,Primary,,,,,H405169B,H-!DEA Home,4-Storage & Organization,05-Shelving Units
01tVT00000DWsdhYAD,01tVT00000DWp6EYAT,Primary,,,,,H406127B,H-!DEA Home,4-Storage & Organization,06-Sink Storage & Organizers
01tVT00000DWsgvYAD,01tVT00000DWp5DYAT,Primary,,,,,H403017B,H-!DEA Home,4-Storage & Organization,03-Storage Carts & Drawers
01tVT00000DWsvRYAT,01tVT00000DWp5XYAT,Primary,,,,,H405168B,H-!DEA Home,4-Storage & Organization,05-Shelving Units
01tVT00000DWt57YAD,01tVT00000DWp5ZYAT,Primary,,,,,H405170B,H-!DEA Home,4-Storage & Organization,05-Shelving Units
01tVT00000DWt59YAD,01tVT00000DWp5fYAD,Primary,,,,,H405176B,H-!DEA Home,4-Storage & Organization,05-Shelving Units
01tVT00000DWt8LYAT,01tVT00000DWp5aYAD,Primary,,,,,H405171B,H-!DEA Home,4-Storage & Organization,05-Shelving Units
01tVT00000DWtEnYAL,01tVT00000DWp72YAD,Primary,,,,,H409036B,H-!DEA Home,4-Storage & Organization,01-Closet Storage
01tVT00000DWtOTYA1,01tVT00000DWp6pYAD,Primary,,,,,H408039B,H-!DEA Home,4-Storage & Organization,08-Garment Clothes Storage
01tVT00000DWtWXYA1,01tVT00000DWp6qYAD,Primary,,,,,H408040B,H-!DEA Home,4-Storage & Organization,08-Garment Clothes Storage
01tVT00000DWtebYAD,01tVT00000DWp6rYAD,Primary,,,,,H408041B,H-!DEA Home,4-Storage & Organization,08-Garment Clothes Storage
01tVT00000DWu2nYAD,01tVT00000DWp5cYAD,Primary,,,,,H405173B,H-!DEA Home,4-Storage & Organization,05-Shelving Units
01tVT00000DWu7dYAD,01tVT00000DWp6hYAD,Primary,,,,,H407009B,H-!DEA Home,4-Storage & Organization,07-Stationery Storage
01tVT00000DWuCTYA1,01tVT00000DWp6iYAD,Primary,,,,,H407010B,H-!DEA Home,4-Storage & Organization,07-Stationery Storage
01tVT00000DWuPNYA1,01tVT00000DWp6jYAD,Primary,,,,,H407011B,H-!DEA Home,4-Storage & Organization,07-Stationery Storage
01tVT00000DWuZ3YAL,01tVT00000DWp6kYAD,Primary,,,,,H407012B,H-!DEA Home,4-Storage & Organization,07-Stationery Storage
01tVT00000DWufVYAT,01tVT00000DWp5dYAD,Primary,,,,,H405174B,H-!DEA Home,4-Storage & Organization,05-Shelving Units
01tVT00000DWvOfYAL,01tVT00000DWp5eYAD,Primary,,,,,H405175B,H-!DEA Home,4-Storage & Organization,05-Shelving Units
01tVT00000DWvy9YAD,01tVT00000DWp5gYAD,Primary,,,,,H405177B,H-!DEA Home,4-Storage & Organization,05-Shelving Units
01tVT00000DWwMLYA1,01tVT00000DWp54YAD,Primary,,,,,H402008B,H-!DEA Home,4-Storage & Organization,02-Shoe Storage
01tVT00000DXVjuYAH,01tVT00000DWp6IYAT,Primary,,,,,H406131B,H-!DEA Home,4-Storage & Organization,06-Sink Storage & Organizers
01tVT00000DXWhaYAH,01tVT00000DWp6HYAT,Primary,,,,,H406130B,H-!DEA Home,4-Storage & Organization,06-Sink Storage & Organizers
01tVT00000DXX0vYAH,01tVT00000DWp55YAD,Primary,,,,,H402009B,H-!DEA Home,4-Storage & Organization,02-Shoe Storage
01tVT00000DXXH4YAP,01tVT00000DWp74YAD,Primary,,,,,H409038B,H-!DEA Home,4-Storage & Organization,09-Hanging & Drying
01tVT00000DXXLtYAP,01tVT00000DWp5hYAD,Primary,,,,,H405178B,H-!DEA Home,4-Storage & Organization,01-Closet Storage
01tVT00000DXXYnYAP,01tVT00000DWp5iYAD,Primary,,,,,H405179B,H-!DEA Home,4-Storage & Organization,05-Shelving Units
01tVT00000DXXiUYAX,01tVT00000DWp6MYAT,Primary,,,,,H406135B,H-!DEA Home,4-Storage & Organization,06-Sink Storage & Organizers
01tVT00000DXXovYAH,01tVT00000DWp5EYAT,Primary,,,,,H403018B,H-!DEA Home,4-Storage & Organization,03-Storage Carts & Drawers
01tVT00000DXY8HYAX,01tVT00000DWp6FYAT,Primary,,,,,H406128B,H-!DEA Home,4-Storage & Organization,06-Sink Storage & Organizers
01tVT00000DXYD7YAP,01tVT00000DWp5FYAT,Primary,,,,,H403019B,H-!DEA Home,4-Storage & Organization,03-Storage Carts & Drawers
01tVT00000DXYJZYA5,01tVT00000DWp5GYAT,Primary,,,,,H403020B,H-!DEA Home,4-Storage & Organization,03-Storage Carts & Drawers
01tVT00000DXYQ1YAP,01tVT00000DWp6GYAT,Primary,,,,,H406129B,H-!DEA Home,4-Storage & Organization,06-Sink Storage & Organizers
01tVT00000DXYTGYA5,01tVT00000DWp7BYAT,Primary,,,,,H409045B,H-!DEA Home,4-Storage & Organization,09-Hanging & Drying
01tVT00000DXYTHYA5,01tVT00000DWp7CYAT,Primary,,,,,H409046B,H-!DEA Home,4-Storage & Organization,09-Hanging & Drying
01tVT00000DXYZhYAP,01tVT00000DWp73YAD,Primary,,,,,H409037B,H-!DEA Home,4-Storage & Organization,09-Hanging & Drying
01tVT00000DXYg9YAH,01tVT00000DWp75YAD,Primary,,,,,H409039B,H-!DEA Home,4-Storage & Organization,09-Hanging & Drying
01tVT00000DXYppYAH,01tVT00000DWp76YAD,Primary,,,,,H409040B,H-!DEA Home,4-Storage & Organization,09-Hanging & Drying
01tVT00000DXYufYAH,01tVT00000DWp77YAD,Primary,,,,,H409041B,H-!DEA Home,4-Storage & Organization,09-Hanging & Drying
01tVT00000DXYxuYAH,01tVT00000DWp6NYAT,Primary,,,,,H406136B,H-!DEA Home,4-Storage & Organization,06-Sink Storage & Organizers
01tVT00000DXYzVYAX,01tVT00000DWp78YAD,Primary,,,,,H409042B,H-!DEA Home,4-Storage & Organization,09-Hanging & Drying
01tVT00000DXZ4LYAX,01tVT00000DWp79YAD,Primary,,,,,H409043B,H-!DEA Home,4-Storage & Organization,09-Hanging & Drying
01tVT00000DXZAnYAP,01tVT00000DWp7AYAT,Primary,,,,,H409044B,H-!DEA Home,4-Storage & Organization,09-Hanging & Drying
01tVT00000DXZSXYA5,01tVT00000DWp7DYAT,Primary,,,,,H409047B,H-!DEA Home,4-Storage & Organization,09-Hanging & Drying
01tVT00000DXZXNYA5,01tVT00000DWp7EYAT,Primary,,,,,H409048B,H-!DEA Home,4-Storage & Organization,09-Hanging & Drying
01tVT00000DXZcDYAX,01tVT00000DWp7FYAT,Primary,,,,,H409049B,H-!DEA Home,4-Storage & Organization,09-Hanging & Drying
01tVT00000DXZh3YAH,01tVT00000DWp7GYAT,Primary,,,,,H409050B,H-!DEA Home,4-Storage & Organization,09-Hanging & Drying
01tVT00000DXZp7YAH,01tVT00000DWp6JYAT,Primary,,,,,H406132B,H-!DEA Home,4-Storage & Organization,06-Sink Storage & Organizers
01tVT00000DXZtxYAH,01tVT00000DWp6KYAT,Primary,,,,,H406133B,H-!DEA Home,4-Storage & Organization,06-Sink Storage & Organizers
01tVT00000DXa0PYAT,01tVT00000DWp6LYAT,Primary,,,,,H406134B,H-!DEA Home,4-Storage & Organization,06-Sink Storage & Organizers
01tVT00000DXa8TYAT,01tVT00000DWp6OYAT,Primary,,,,,H406137B,H-!DEA Home,4-Storage & Organization,06-Sink Storage & Organizers
01tVT00000DXaDJYA1,01tVT00000DWp6PYAT,Primary,,,,,H406138B,H-!DEA Home,4-Storage & Organization,06-Sink Storage & Organizers
01tVT00000DXaGXYA1,01tVT00000DWp7HYAT,Primary,,,,,H409051B,H-!DEA Home,4-Storage & Organization,09-Hanging & Drying
01tVT00000DXaI9YAL,01tVT00000DWp7IYAT,Primary,,,,,H409052B,H-!DEA Home,4-Storage & Organization,09-Hanging & Drying
01tVT00000DXaObYAL,01tVT00000DWp6QYAT,Primary,,,,,H406139B,H-!DEA Home,4-Storage & Organization,06-Sink Storage & Organizers
01tVT00000DXabVYAT,01tVT00000DWp6RYAT,Primary,,,,,H406140B,H-!DEA Home,4-Storage & Organization,06-Sink Storage & Organizers
01tVT00000DXb1JYAT,01tVT00000DWp6SYAT,Primary,,,,,H406141B,H-!DEA Home,4-Storage & Organization,06-Sink Storage & Organizers
01tVT00000DXb7lYAD,01tVT00000DWp6XYAT,Primary,,,,,H406146B,H-!DEA Home,4-Storage & Organization,06-Sink Storage & Organizers
01tVT00000DXbFpYAL,01tVT00000DWp6YYAT,Primary,,,,,H406147B,H-!DEA Home,4-Storage & Organization,06-Sink Storage & Organizers
01tVT00000DXbJ3YAL,01tVT00000DWp6ZYAT,Primary,,,,,H406148B,H-!DEA Home,4-Storage & Organization,06-Sink Storage & Organizers
01tVT00000DXbNtYAL,01tVT00000DWp6aYAD,Primary,,,,,H406149B,H-!DEA Home,4-Storage & Organization,06-Sink Storage & Organizers
01tVT00000DXbR7YAL,01tVT00000DWp6bYAD,Primary,,,,,H406150B,H-!DEA Home,4-Storage & Organization,06-Sink Storage & Organizers
01tVT00000DXbULYA1,01tVT00000DWp6cYAD,Primary,,,,,H406151B,H-!DEA Home,4-Storage & Organization,06-Sink Storage & Organizers
01tVT00000DXbZBYA1,01tVT00000DWp6dYAD,Primary,,,,,H406152B,H-!DEA Home,4-Storage & Organization,06-Sink Storage & Organizers
01tVT00000DXbe1YAD,01tVT00000DWp6eYAD,Primary,,,,,H406153B,H-!DEA Home,4-Storage & Organization,06-Sink Storage & Organizers
01tVT00000DXbm5YAD,01tVT00000DWp6fYAD,Primary,,,,,H406154B,H-!DEA Home,4-Storage & Organization,06-Sink Storage & Organizers
01tVT00000DXbqvYAD,01tVT00000DWp6lYAD,Primary,,,,,H407013B,H-!DEA Home,4-Storage & Organization,07-Stationery Storage
01tVT00000DXbu9YAD,01tVT00000DWp6mYAD,Primary,,,,,H407014B,H-!DEA Home,4-Storage & Organization,07-Stationery Storage
01tVT00000DXc2DYAT,01tVT00000DWp6oYAD,Primary,,,,,H407016B,H-!DEA Home,4-Storage & Organization,07-Stationery Storage
01tVT00000DXc73YAD,01tVT00000DWp5pYAD,Primary,,,,,H405186B,H-!DEA Home,4-Storage & Organization,05-Shelving Units
01tVT00000DXcBtYAL,01tVT00000DWp5qYAD,Primary,,,,,H405187B,H-!DEA Home,4-Storage & Organization,05-Shelving Units
01tVT00000DXcYTYA1,01tVT00000DWp6gYAD,Primary,,,,,H406155B,H-!DEA Home,4-Storage & Organization,06-Sink Storage & Organizers
01tVT00000DXcgYYAT,01tVT00000DWp5OYAT,Primary,,,,,H403028B,H-!DEA Home,4-Storage & Organization,03-Storage Carts & Drawers
01tVT00000DXclNYAT,01tVT00000DWp5HYAT,Primary,,,,,H403021B,H-!DEA Home,4-Storage & Organization,03-Storage Carts & Drawers
01tVT00000DXcyHYAT,01tVT00000DWp5IYAT,Primary,,,,,H403022B,H-!DEA Home,4-Storage & Organization,03-Storage Carts & Drawers
01tVT00000DXd37YAD,01tVT00000DWp5JYAT,Primary,,,,,H403023B,H-!DEA Home,4-Storage & Organization,03-Storage Carts & Drawers
01tVT00000DXdJFYA1,01tVT00000DWp5KYAT,Primary,,,,,H403024B,H-!DEA Home,4-Storage & Organization,03-Storage Carts & Drawers
01tVT00000DXdSvYAL,01tVT00000DWp5LYAT,Primary,,,,,H403025B,H-!DEA Home,4-Storage & Organization,03-Storage Carts & Drawers
01tVT00000DXdfpYAD,01tVT00000DWp5MYAT,Primary,,,,,H403026B,H-!DEA Home,4-Storage & Organization,03-Storage Carts & Drawers
01tVT00000DXdmHYAT,01tVT00000DWp5NYAT,Primary,,,,,H403027B,H-!DEA Home,4-Storage & Organization,03-Storage Carts & Drawers
01tVT00000DXduLYAT,01tVT00000DWp5rYAD,Primary,,,,,H405188B,H-!DEA Home,4-Storage & Organization,05-Shelving Units
01tVT00000DXe2PYAT,01tVT00000DWp5PYAT,Primary,,,,,H403029B,H-!DEA Home,4-Storage & Organization,03-Storage Carts & Drawers
01tVT00000DXe7FYAT,01tVT00000DWp5sYAD,Primary,,,,,H405189B,H-!DEA Home,4-Storage & Organization,05-Shelving Units
01tVT00000DXeC5YAL,01tVT00000DWp5tYAD,Primary,,,,,H405190B,H-!DEA Home,4-Storage & Organization,05-Shelving Units
01tVT00000DXeLlYAL,01tVT00000DWp5uYAD,Primary,,,,,H405191B,H-!DEA Home,4-Storage & Organization,05-Shelving Units
01tVT00000DXeQbYAL,01tVT00000DWp5vYAD,Primary,,,,,H405192B,H-!DEA Home,4-Storage & Organization,05-Shelving Units
01tVT00000DXf3JYAT,01tVT00000DWp5wYAD,Primary,,,,,H405193B,H-!DEA Home,4-Storage & Organization,05-Shelving Units
01tVT00000DXf89YAD,01tVT00000DWp5xYAD,Primary,,,,,H405194B,H-!DEA Home,4-Storage & Organization,05-Shelving Units
01tVT00000DXfCzYAL,01tVT00000DWp5yYAD,Primary,,,,,H405195B,H-!DEA Home,4-Storage & Organization,05-Shelving Units
01tVT00000DXfPtYAL,01tVT00000DWp4lYAD,Primary,,,,,H401003B,H-!DEA Home,4-Storage & Organization,01-Closet Storage
01tVT00000DXfZZYA1,01tVT00000DWp4mYAD,Primary,,,,,H401004B,H-!DEA Home,4-Storage & Organization,01-Closet Storage
01tVT00000DXfhdYAD,01tVT00000DWp4nYAD,Primary,,,,,H401005B,H-!DEA Home,4-Storage & Organization,01-Closet Storage
01tVT00000DXfmTYAT,01tVT00000DWp4oYAD,Primary,,,,,H401006B,H-!DEA Home,4-Storage & Organization,01-Closet Storage
01tVT00000DXfrJYAT,01tVT00000DWp4pYAD,Primary,,,,,H401007B,H-!DEA Home,4-Storage & Organization,01-Closet Storage
01tVT00000DXgPBYA1,01tVT00000DWp58YAD,Primary,,,,,H402012B,H-!DEA Home,4-Storage & Organization,02-Shoe Storage
01tVT00000DXgYrYAL,01tVT00000DWp60YAD,Primary,,,,,H405197B,H-!DEA Home,4-Storage & Organization,05-Shelving Units
01tVT00000DXgfJYAT,01tVT00000DWp59YAD,Primary,,,,,H402013B,H-!DEA Home,4-Storage & Organization,02-Shoe Storage
01tVT00000DXgvRYAT,01tVT00000DWp5AYAT,Primary,,,,,H402014B,H-!DEA Home,4-Storage & Organization,02-Shoe Storage
01tVT00000DY30oYAD,01tVT00000DWp4sYAD,Primary,,,,,H401010B,H-!DEA Home,4-Storage & Organization,01-Closet Storage
01tVT00000DY3SDYA1,01tVT00000DWp5BYAT,Primary,,,,,H402015B,H-!DEA Home,4-Storage & Organization,02-Shoe Storage
01tVT00000DY3aHYAT,01tVT00000DWp4qYAD,Primary,,,,,H401008B,H-!DEA Home,4-Storage & Organization,01-Closet Storage
01tVT00000DY3f7YAD,01tVT00000DWp6sYAD,Primary,,,,,H408042B,H-!DEA Home,4-Storage & Organization,09-Hanging & Drying
01tVT00000DY3lZYAT,01tVT00000DWp4rYAD,Primary,,,,,H401009B,H-!DEA Home,4-Storage & Organization,01-Closet Storage
01tVT00000DY43JYAT,01tVT00000DWp7JYAT,Primary,,,,,H409053B,H-!DEA Home,4-Storage & Organization,09-Hanging & Drying
01tVT00000DY489YAD,01tVT00000DWp7KYAT,Primary,,,,,H409054B,H-!DEA Home,4-Storage & Organization,09-Hanging & Drying
01tVT00000DY4CzYAL,01tVT00000DWp6tYAD,Primary,,,,,H408043B,H-!DEA Home,4-Storage & Organization,08-Garment Clothes Storage
01tVT00000DY4L3YAL,01tVT00000DWp4tYAD,Primary,,,,,H401011B,H-!DEA Home,4-Storage & Organization,01-Closet Storage
01tVT00000DY4PtYAL,01tVT00000DWp4uYAD,Primary,,,,,H401012B,H-!DEA Home,4-Storage & Organization,01-Closet Storage
01tVT00000DY60HYAT,01tVT00000DWp61YAD,Primary,,,,,H405198B,H-!DEA Home,4-Storage & Organization,05-Shelving Units
01tVT00000DY657YAD,01tVT00000DWp62YAD,Primary,,,,,H405199B,H-!DEA Home,4-Storage & Organization,01-Closet Storage
01tVT00000DY69xYAD,01tVT00000DWp63YAD,Primary,,,,,H405200B,H-!DEA Home,4-Storage & Organization,05-Shelving Units
01tVT00000DY6EnYAL,01tVT00000DWp64YAD,Primary,,,,,H405201B,H-!DEA Home,4-Storage & Organization,01-Closet Storage
01tVT00000DY6JdYAL,01tVT00000DWp65YAD,Primary,,,,,H405202B,H-!DEA Home,4-Storage & Organization,05-Shelving Units
01tVT00000DY6UvYAL,01tVT00000DWp66YAD,Primary,,,,,H405203B,H-!DEA Home,4-Storage & Organization,05-Shelving Units
01tVT00000DY6czYAD,01tVT00000DWp7LYAT,Primary,,,,,H409055B,H-!DEA Home,4-Storage & Organization,09-Hanging & Drying
01tVT00000DY6gEYAT,01tVT00000DWp5kYAD,Primary,,,,,H405181B,H-!DEA Home,4-Storage & Organization,05-Shelving Units
01tVT00000DY6jRYAT,01tVT00000DWp7MYAT,Primary,,,,,H409056B,H-!DEA Home,4-Storage & Organization,09-Hanging & Drying
01tVT00000DY6rWYAT,01tVT00000DWp6wYAD,Primary,,,,,H408046B,H-!DEA Home,4-Storage & Organization,01-Closet Storage
01tVT00000DY71BYAT,01tVT00000DWp7NYAT,Primary,,,,,H409057B,H-!DEA Home,4-Storage & Organization,09-Hanging & Drying
01tVT00000DY77dYAD,01tVT00000DWp7OYAT,Primary,,,,,H409058B,H-!DEA Home,4-Storage & Organization,09-Hanging & Drying
01tVT00000DY7CTYA1,01tVT00000DWp7PYAT,Primary,,,,,H409059B,H-!DEA Home,4-Storage & Organization,09-Hanging & Drying
01tVT00000DY7HJYA1,01tVT00000DWp7QYAT,Primary,,,,,H409060B,H-!DEA Home,4-Storage & Organization,09-Hanging & Drying
01tVT00000DY7M9YAL,01tVT00000DWp7RYAT,Primary,,,,,H409061B,H-!DEA Home,4-Storage & Organization,09-Hanging & Drying
01tVT00000DY7PNYA1,01tVT00000DWp7SYAT,Primary,,,,,H409062B,H-!DEA Home,4-Storage & Organization,09-Hanging & Drying
01tVT00000DY7Z4YAL,01tVT00000DWp69YAD,Primary,,,,,H405206B,H-!DEA Home,4-Storage & Organization,05-Shelving Units
01tVT00000DY7ijYAD,01tVT00000DWp7TYAT,Primary,,,,,H409063B,H-!DEA Home,4-Storage & Organization,09-Hanging & Drying
01tVT00000DY7nZYAT,01tVT00000DWp7UYAT,Primary,,,,,H409064B,H-!DEA Home,4-Storage & Organization,09-Hanging & Drying
01tVT00000DY7sPYAT,01tVT00000DWp7VYAT,Primary,,,,,H409065B,H-!DEA Home,4-Storage & Organization,09-Hanging & Drying
01tVT00000DY7xFYAT,01tVT00000DWp7WYAT,Primary,,,,,H409066B,H-!DEA Home,4-Storage & Organization,09-Hanging & Drying
01tVT00000DY83hYAD,01tVT00000DWp7XYAT,Primary,,,,,H409067B,H-!DEA Home,4-Storage & Organization,09-Hanging & Drying
01tVT00000DY86wYAD,01tVT00000DWp6vYAD,Primary,,,,,H408045B,H-!DEA Home,4-Storage & Organization,01-Closet Storage
01tVT00000DY88XYAT,01tVT00000DWp7YYAT,Primary,,,,,H409068B,H-!DEA Home,4-Storage & Organization,09-Hanging & Drying
01tVT00000DY8GbYAL,01tVT00000DWp5QYAT,Primary,,,,,H403030B,H-!DEA Home,4-Storage & Organization,03-Storage Carts & Drawers
01tVT00000DY8N3YAL,01tVT00000DWp5RYAT,Primary,,,,,H403031B,H-!DEA Home,4-Storage & Organization,03-Storage Carts & Drawers
01tVT00000DY8TVYA1,01tVT00000DWp4vYAD,Primary,,,,,H401013B,H-!DEA Home,4-Storage & Organization,01-Closet Storage
01tVT00000DY8ZxYAL,01tVT00000DWp4wYAD,Primary,,,,,H401014B,H-!DEA Home,4-Storage & Organization,01-Closet Storage
01tVT00000DY8enYAD,01tVT00000DWp4xYAD,Primary,,,,,H401015B,H-!DEA Home,4-Storage & Organization,01-Closet Storage
01tVT00000DY8lFYAT,01tVT00000DWp4yYAD,Primary,,,,,H401016B,H-!DEA Home,4-Storage & Organization,01-Closet Storage
01tVT00000DY8mrYAD,01tVT00000DWp4zYAD,Primary,,,,,H401017B,H-!DEA Home,4-Storage & Organization,01-Closet Storage
01tVT00000DY8rhYAD,01tVT00000DWp50YAD,Primary,,,,,H401018B,H-!DEA Home,4-Storage & Organization,01-Closet Storage
01tVT00000DY8wXYAT,01tVT00000DWp51YAD,Primary,,,,,H401019B,H-!DEA Home,4-Storage & Organization,01-Closet Storage
01tVT00000DY94bYAD,01tVT00000DWp52YAD,Primary,,,,,H401020B,H-!DEA Home,4-Storage & Organization,01-Closet Storage
01tVT00000DY99RYAT,01tVT00000DWp53YAD,Primary,,,,,H401021B,H-!DEA Home,4-Storage & Organization,01-Closet Storage
01tVT00000DY9EHYA1,01tVT00000DWp6uYAD,Primary,,,,,H408044B,H-!DEA Home,4-Storage & Organization,01-Closet Storage
01tVT00000DY9XdYAL,01tVT00000DWp6xYAD,Primary,,,,,H408047B,H-!DEA Home,4-Storage & Organization,01-Closet Storage
01tVT00000DY9arYAD,01tVT00000DWp67YAD,Primary,,,,,H405204B,H-!DEA Home,4-Storage & Organization,05-Shelving Units
01tVT00000DY9hJYAT,01tVT00000DWp68YAD,Primary,,,,,H405205B,H-!DEA Home,4-Storage & Organization,05-Shelving Units
01tVT00000DY9sbYAD,01tVT00000DWp6AYAT,Primary,,,,,H405207B,H-!DEA Home,4-Storage & Organization,05-Shelving Units
01tVT00000DY9z3YAD,01tVT00000DWp6BYAT,Primary,,,,,H405208B,H-!DEA Home,4-Storage & Organization,05-Shelving Units
01tVT00000DYAblYAH,01tVT00000DWp6TYAT,Primary,,,,,H406142B,H-!DEA Home,4-Storage & Organization,06-Sink Storage & Organizers
01tVT00000DYAezYAH,01tVT00000DWp6UYAT,Primary,,,,,H406143B,H-!DEA Home,4-Storage & Organization,06-Sink Storage & Organizers
01tVT00000DYAlRYAX,01tVT00000DWp6VYAT,Primary,,,,,H406144B,H-!DEA Home,4-Storage & Organization,06-Sink Storage & Organizers
01tVT00000DYAtVYAX,01tVT00000DWp5jYAD,Primary,,,,,H405180B,H-!DEA Home,4-Storage & Organization,05-Shelving Units
01tVT00000DYAzxYAH,01tVT00000DWp5lYAD,Primary,,,,,H405182B,H-!DEA Home,4-Storage & Organization,05-Shelving Units
01tVT00000DYB4nYAH,01tVT00000DWp5mYAD,Primary,,,,,H405183B,H-!DEA Home,4-Storage & Organization,05-Shelving Units
01tVT00000DYB9dYAH,01tVT00000DWp5nYAD,Primary,,,,,H405184B,H-!DEA Home,4-Storage & Organization,05-Shelving Units
01tVT00000DYBHhYAP,01tVT00000DWp5oYAD,Primary,,,,,H405185B,H-!DEA Home,4-Storage & Organization,05-Shelving Units
01tVT00000DbxrFYAR,01tVT00000DbxpdYAB,Primary,,,,,H103056B,H-!DEA Home,1-Living Room Furniture,03-Sofas & Couches
01tVT00000Dc4j3YAB,01tVT00000Dc4eDYAR,Primary,,,,,H103057B,H-!DEA Home,1-Living Room Furniture,03-Sofas & Couches
01tVT00000Dc52PYAR,01tVT00000Dc4vxYAB,Primary,,,,,H108038B,H-!DEA Home,1-Living Room Furniture,01-Accent Chairs
01tVT00000Dc5LlYAJ,01tVT00000Dc5GvYAJ,Primary,,,,,H103058B,H-!DEA Home,1-Living Room Furniture,01-Accent Chairs
01tVT00000Dc5VRYAZ,01tVT00000Dc5TpYAJ,Primary,,,,,H108039B,H-!DEA Home,1-Living Room Furniture,01-Accent Chairs
01tVT00000Dc5gjYAB,01tVT00000Dc122YAB,Primary,,,,,H108040B,H-!DEA Home,1-Living Room Furniture,01-Accent Chairs
01tVT00000Dc5nBYAR,01tVT00000Dc15GYAR,Primary,,,,,H108041B,H-!DEA Home,1-Living Room Furniture,01-Accent Chairs
01tVT00000Dc6CzYAJ,01tVT00000Dc6BNYAZ,Primary,,,,,H108042B,H-!DEA Home,1-Living Room Furniture,01-Accent Chairs
01tVT00000Dcl9hYAB,01tVT00000Dcl3FYAR,Alternative,,,,,H202001B,G-!DEA Garden,1-Outdoor Furniture,03-Outdoor Chairs & Loungers
01tVT00000DdaiTYAR,01tVT00000DdaddYAB,Primary,,,,,H102282B,H-!DEA Home,1-Living Room Furniture,02-Coffee & Side & End Tables
01tVT00000Ddb3RYAR,01tVT00000DdawzYAB,Primary,,,,,H102283B,H-!DEA Home,1-Living Room Furniture,02-Coffee & Side & End Tables
01tVT00000Dde2vYAB,01tVT00000Dddy5YAB,Primary,,,,,H104093B,H-!DEA Home,1-Living Room Furniture,04-Sectional Sofas
01tVT00000DdeNtYAJ,01tVT00000DdeMHYAZ,Primary,,,,,H104094B,H-!DEA Home,1-Living Room Furniture,04-Sectional Sofas
01tVT00000Ddee1YAB,01tVT00000DdeZBYAZ,Primary,,,,,H106101B,H-!DEA Home,1-Living Room Furniture,06-Sofa Beds
01tVT00000DdepJYAR,01tVT00000DdenhYAB,Primary,,,,,H106102B,H-!DEA Home,1-Living Room Furniture,06-Sofa Beds
01tVT00000DdeyzYAB,01tVT00000DddYIYAZ,Primary,,,,,H106103B,H-!DEA Home,1-Living Room Furniture,06-Sofa Beds
01tVT00000DdhbtYAB,01tVT00000DdhTpYAJ,Primary,,,,,H204031B,H-!DEA Home,2-Kitchen & Dining Furniture,04-Bar Stools
01tVT00000DdjKNYAZ,01tVT00000DdjNaYAJ,Primary,,,,,H302128B,H-!DEA Home,3-Office Furniture,02-Desks
01tVT00000DdmlFYAR,01tVT00000Ddj7SYAR,Primary,,,,,G402050A,G-!DEA Garden,4-Camping & Beach,02-Camping Chairs & Tables
01tVT00000DdnPZYAZ,01tVT00000DdnNxYAJ,Primary,,,,,G402051A,G-!DEA Garden,4-Camping & Beach,02-Camping Chairs & Tables
01tVT00000Ddne5YAB,01tVT00000DdixmYAB,Primary,,,,,G402052A,G-!DEA Garden,4-Camping & Beach,02-Camping Chairs & Tables
01tVT00000DdortYAB,01tVT00000DdoblYAB,Primary,,,,,G402053A,G-!DEA Garden,4-Camping & Beach,02-Camping Chairs & Tables
01tVT00000DdozyYAB,01tVT00000DdpBFYAZ,Primary,,,,,G402054A,G-!DEA Garden,4-Camping & Beach,02-Camping Chairs & Tables
01tVT00000DdpeHYAR,01tVT00000DdjAgYAJ,Primary,,,,,G402055A,G-!DEA Garden,4-Camping & Beach,06-Beach Carts & Wagons
01tVT00000DdqC9YAJ,01tVT00000DcwdNYAR,Primary,,,,,G301302A,G-!DEA Garden,3-Outdoor Cooking,07-Portable & Camping Grills
01tVT00000DdqQfYAJ,01tVT00000DcwdOYAR,Primary,,,,,G301303A,G-!DEA Garden,3-Outdoor Cooking,07-Portable & Camping Grills
01tVT00000DdqvJYAR,01tVT00000DcwdPYAR,Primary,,,,,G302121A,G-!DEA Garden,3-Outdoor Cooking,02-Gas Grills
01tVT00000Ddr9pYAB,01tVT00000DcwdTYAR,Primary,,,,,G304001A,G-!DEA Garden,3-Outdoor Cooking,04-Fire Pits & Fire Tables
01tVT00000DdrMjYAJ,01tVT00000DcwdUYAR,Primary,,,,,G304002A,G-!DEA Garden,3-Outdoor Cooking,04-Fire Pits & Fire Tables
01tVT00000DfloIYAR,01tVT00000Dcr4rYAB,Primary,,,,,H204026B,H-!DEA Home,2-Kitchen & Dining Furniture,04-Bar Stools
01tVT00000Dfn3jYAB,01tVT00000Dcr4iYAB,Primary,,,,,H204017B,H-!DEA Home,2-Kitchen & Dining Furniture,04-Bar Stools
01tVT00000DfnYNYAZ,01tVT00000Dcs9dYAB,Primary,,,,,H110035B,H-!DEA Home,1-Living Room Furniture,10-Tv Stands & Entertainment
01tVT00000DfokYYAR,01tVT00000Dcr4wYAB,Primary,,,,,H302118B,H-!DEA Home,3-Office Furniture,02-Desks
01tVT00000Dfoz3YAB,01tVT00000Dcr4eYAB,Primary,,,,,H204013B,H-!DEA Home,2-Kitchen & Dining Furniture,04-Bar Stools
01tVT00000Dfp3tYAB,01tVT00000Dcr4fYAB,Primary,,,,,H204014B,H-!DEA Home,2-Kitchen & Dining Furniture,04-Bar Stools
01tVT00000Dfp77YAB,01tVT00000Dcr4gYAB,Primary,,,,,H204015B,H-!DEA Home,2-Kitchen & Dining Furniture,04-Bar Stools
01tVT00000DfpFBYAZ,01tVT00000Dcr4hYAB,Primary,,,,,H204016B,H-!DEA Home,2-Kitchen & Dining Furniture,04-Bar Stools
01tVT00000DfpGnYAJ,01tVT00000Dcr4jYAB,Primary,,,,,H204018B,H-!DEA Home,2-Kitchen & Dining Furniture,04-Bar Stools
01tVT00000DfpK2YAJ,01tVT00000Dcs9aYAB,Primary,,,,,H102274B,H-!DEA Home,1-Living Room Furniture,02-Coffee & Side & End Tables
01tVT00000DfpLdYAJ,01tVT00000Dcr4kYAB,Primary,,,,,H204019B,H-!DEA Home,2-Kitchen & Dining Furniture,04-Bar Stools
01tVT00000DfpQTYAZ,01tVT00000Dcr4lYAB,Primary,,,,,H204020B,H-!DEA Home,2-Kitchen & Dining Furniture,04-Bar Stools
01tVT00000DfpThYAJ,01tVT00000Dcr4mYAB,Primary,,,,,H204021B,H-!DEA Home,2-Kitchen & Dining Furniture,04-Bar Stools
01tVT00000DfpWvYAJ,01tVT00000Dcr4nYAB,Primary,,,,,H204022B,H-!DEA Home,2-Kitchen & Dining Furniture,04-Bar Stools
01tVT00000DfpblYAB,01tVT00000Dcr4oYAB,Primary,,,,,H204023B,H-!DEA Home,2-Kitchen & Dining Furniture,04-Bar Stools
01tVT00000DfpgbYAB,01tVT00000Dcr4pYAB,Primary,,,,,H204024B,H-!DEA Home,2-Kitchen & Dining Furniture,04-Bar Stools
01tVT00000DfpiDYAR,01tVT00000Dcr4qYAB,Primary,,,,,H204025B,H-!DEA Home,2-Kitchen & Dining Furniture,04-Bar Stools
01tVT00000DfpqHYAR,01tVT00000Dcr4sYAB,Primary,,,,,H204027B,H-!DEA Home,2-Kitchen & Dining Furniture,04-Bar Stools
01tVT00000Dfpv8YAB,01tVT00000Dcr51YAB,Primary,,,,,H111041B,H-!DEA Home,1-Living Room Furniture,11-Storage Furniture
01tVT00000DfpzxYAB,01tVT00000Dcr4uYAB,Primary,,,,,H204029B,H-!DEA Home,2-Kitchen & Dining Furniture,04-Bar Stools
01tVT00000Dfq4nYAB,01tVT00000Dcr4vYAB,Primary,,,,,H204030B,H-!DEA Home,2-Kitchen & Dining Furniture,04-Bar Stools
01tVT00000DfqHhYAJ,01tVT00000Dcr4xYAB,Primary,,,,,H302119B,H-!DEA Home,3-Office Furniture,02-Desks
01tVT00000DfqPlYAJ,01tVT00000Dcr4yYAB,Primary,,,,,H302120B,H-!DEA Home,3-Office Furniture,02-Desks
01tVT00000DfqUbYAJ,01tVT00000Dcs9ZYAR,Primary,,,,,H111043B,H-!DEA Home,1-Living Room Furniture,11-Storage Furniture
01tVT00000DfqkjYAB,01tVT00000Dcs9bYAB,Primary,,,,,H102275B,H-!DEA Home,1-Living Room Furniture,02-Coffee & Side & End Tables
01tVT00000DfqmLYAR,01tVT00000Dcs9cYAB,Primary,,,,,H102276B,H-!DEA Home,1-Living Room Furniture,02-Coffee & Side & End Tables
01tVT00000Dfqw1YAB,01tVT00000Dcr4zYAB,Primary,,,,,H302121B,H-!DEA Home,3-Office Furniture,02-Desks
01tVT00000Dfr0rYAB,01tVT00000Dcr50YAB,Primary,,,,,H111040B,H-!DEA Home,1-Living Room Furniture,11-Storage Furniture
01tVT00000Dfr5hYAB,01tVT00000Dcr52YAB,Primary,,,,,H111042B,H-!DEA Home,1-Living Room Furniture,11-Storage Furniture
01tVT00000DfrDlYAJ,01tVT00000Dcs9eYAB,Primary,,,,,H110036B,H-!DEA Home,1-Living Room Furniture,10-Tv Stands & Entertainment
01tVT00000DfrKDYAZ,01tVT00000Dcr53YAB,Primary,,,,,H302122B,H-!DEA Home,3-Office Furniture,02-Desks
01tVT00000DfrP3YAJ,01tVT00000Dcr54YAB,Primary,,,,,H302123B,H-!DEA Home,3-Office Furniture,02-Desks
01tVT00000DfrbxYAB,01tVT00000Dcr55YAB,Primary,,,,,H302124B,H-!DEA Home,3-Office Furniture,02-Desks
01tVT00000DfrldYAB,01tVT00000Dcs9fYAB,Primary,,,,,H110037B,H-!DEA Home,1-Living Room Furniture,10-Tv Stands & Entertainment
01tVT00000DfrorYAB,01tVT00000Dcs9gYAB,Primary,,,,,H102277B,H-!DEA Home,1-Living Room Furniture,02-Coffee & Side & End Tables
01tVT00000DfrqTYAR,01tVT00000Dcs9hYAB,Primary,,,,,H102278B,H-!DEA Home,1-Living Room Furniture,02-Coffee & Side & End Tables
01tVT00000DfsPyYAJ,01tVT00000Dcr5FYAR,Primary,,,,,H201253B,H-!DEA Home,2-Kitchen & Dining Furniture,01-Dining Chairs
01tVT00000DfsY3YAJ,01tVT00000Dcr5BYAR,Primary,,,,,H201249B,H-!DEA Home,2-Kitchen & Dining Furniture,01-Dining Chairs
01tVT00000DftXKYAZ,01tVT00000Dcs9kYAB,Primary,,,,,H102281B,H-!DEA Home,1-Living Room Furniture,02-Coffee & Side & End Tables
01tVT00000Dfuy1YAB,01tVT00000Dcs9iYAB,Primary,,,,,H102279B,H-!DEA Home,1-Living Room Furniture,02-Coffee & Side & End Tables
01tVT00000Dfv65YAB,01tVT00000Dcr56YAB,Primary,,,,,H302125B,H-!DEA Home,3-Office Furniture,02-Desks
01tVT00000DfvE9YAJ,01tVT00000Dcs9jYAB,Primary,,,,,H102280B,H-!DEA Home,1-Living Room Furniture,02-Coffee & Side & End Tables
01tVT00000DfvPRYAZ,01tVT00000Dcr57YAB,Primary,,,,,H302126B,H-!DEA Home,3-Office Furniture,02-Desks
01tVT00000DfvUHYAZ,01tVT00000Dcr58YAB,Primary,,,,,H201246B,H-!DEA Home,2-Kitchen & Dining Furniture,01-Dining Chairs
01tVT00000DfvajYAB,01tVT00000Dcr59YAB,Primary,,,,,H201247B,H-!DEA Home,2-Kitchen & Dining Furniture,01-Dining Chairs
01tVT00000DfvkPYAR,01tVT00000Dcr5AYAR,Primary,,,,,H201248B,H-!DEA Home,2-Kitchen & Dining Furniture,01-Dining Chairs
01tVT00000DfvsTYAR,01tVT00000Dcr5CYAR,Primary,,,,,H201250B,H-!DEA Home,2-Kitchen & Dining Furniture,01-Dining Chairs
01tVT00000Dfw29YAB,01tVT00000Dcr5DYAR,Primary,,,,,H201251B,H-!DEA Home,2-Kitchen & Dining Furniture,01-Dining Chairs
01tVT00000Dfw6zYAB,01tVT00000Dcr5EYAR,Primary,,,,,H201252B,H-!DEA Home,2-Kitchen & Dining Furniture,01-Dining Chairs
01tVT00000DfwLVYAZ,01tVT00000Dcr5GYAR,Primary,,,,,H201254B,H-!DEA Home,2-Kitchen & Dining Furniture,01-Dining Chairs
01tVT00000DfwN7YAJ,01tVT00000DftgzYAB,Primary,,,,,G302133A,G-!DEA Garden,3-Outdoor Cooking,02-Gas Grills
01tVT00000DfwVBYAZ,01tVT00000Dcr5HYAR,Primary,,,,,H201255B,H-!DEA Home,2-Kitchen & Dining Furniture,01-Dining Chairs
01tVT00000DfwgTYAR,01tVT00000Dcr5IYAR,Primary,,,,,H205022B,H-!DEA Home,2-Kitchen & Dining Furniture,05-Kitchen Carts & Islands
01tVT00000DfwmvYAB,01tVT00000Dcr5JYAR,Primary,,,,,H205023B,H-!DEA Home,2-Kitchen & Dining Furniture,05-Kitchen Carts & Islands
01tVT00000DfwuzYAB,01tVT00000Dcr5KYAR,Primary,,,,,H205024B,H-!DEA Home,2-Kitchen & Dining Furniture,05-Kitchen Carts & Islands
01tVT00000DfwwbYAB,01tVT00000DfwlJYAR,Primary,,,,,G302134A,G-!DEA Garden,3-Outdoor Cooking,02-Gas Grills
01tVT00000Dfx1RYAR,01tVT00000Dcr5LYAR,Primary,,,,,H205025B,H-!DEA Home,2-Kitchen & Dining Furniture,05-Kitchen Carts & Islands
01tVT00000DfzRSYAZ,01tVT00000DcvU1YAJ,Primary,,,,,H110038B,H-!DEA Home,1-Living Room Furniture,10-Tv Stands & Entertainment
01tVT00000Dg153YAB,01tVT00000DcwdLYAR,Primary,,,,,G301300A,G-!DEA Garden,3-Outdoor Cooking,06-Kamado Grills
01tVT00000Dg1cvYAB,01tVT00000DcwdCYAR,Primary,,,,,G301291A,G-!DEA Garden,3-Outdoor Cooking,06-Kamado Grills
01tVT00000Dg1t3YAB,01tVT00000DcwdGYAR,Primary,,,,,G301295A,G-!DEA Garden,3-Outdoor Cooking,06-Kamado Grills
01tVT00000Dg22jYAB,01tVT00000DcwdHYAR,Primary,,,,,G301296A,G-!DEA Garden,3-Outdoor Cooking,06-Kamado Grills
01tVT00000Dg2PJYAZ,01tVT00000DcwdIYAR,Primary,,,,,G301297A,G-!DEA Garden,3-Outdoor Cooking,06-Kamado Grills
01tVT00000Dg2SXYAZ,01tVT00000DcwdJYAR,Primary,,,,,G301298A,G-!DEA Garden,3-Outdoor Cooking,06-Kamado Grills
01tVT00000Dg2XNYAZ,01tVT00000DcwdKYAR,Primary,,,,,G301299A,G-!DEA Garden,3-Outdoor Cooking,06-Kamado Grills
01tVT00000Dg3DJYAZ,01tVT00000DcwdMYAR,Primary,,,,,G301301A,G-!DEA Garden,3-Outdoor Cooking,06-Kamado Grills
01tVT00000Dg3YIYAZ,01tVT00000DcwddYAB,Primary,,,,,G302129A,G-!DEA Garden,3-Outdoor Cooking,02-Gas Grills
01tVT00000Dg3bVYAR,01tVT00000DcwdZYAR,Primary,,,,,G302125A,G-!DEA Garden,3-Outdoor Cooking,02-Gas Grills
01tVT00000Dg3q1YAB,01tVT00000Dcr5MYAR,Primary,,,,,H201256B,H-!DEA Home,2-Kitchen & Dining Furniture,01-Dining Chairs
01tVT00000Dg3wTYAR,01tVT00000DcwdYYAR,Primary,,,,,G301304A,G-!DEA Garden,3-Outdoor Cooking,07-Portable & Camping Grills
01tVT00000Dg41JYAR,01tVT00000DcwdaYAB,Primary,,,,,G302126A,G-!DEA Garden,3-Outdoor Cooking,02-Gas Grills
01tVT00000Dg469YAB,01tVT00000DcwdbYAB,Primary,,,,,G302127A,G-!DEA Garden,3-Outdoor Cooking,02-Gas Grills
01tVT00000Dg4EDYAZ,01tVT00000DcwdcYAB,Primary,,,,,G302128A,G-!DEA Garden,3-Outdoor Cooking,02-Gas Grills
01tVT00000Dg4SjYAJ,01tVT00000Dcr5NYAR,Primary,,,,,H201257B,H-!DEA Home,2-Kitchen & Dining Furniture,01-Dining Chairs
01tVT00000Dg4e1YAB,01tVT00000Dcr5OYAR,Primary,,,,,H201258B,H-!DEA Home,2-Kitchen & Dining Furniture,01-Dining Chairs
01tVT00000Dg4hFYAR,01tVT00000Dcr5PYAR,Primary,,,,,H201259B,H-!DEA Home,2-Kitchen & Dining Furniture,01-Dining Chairs
01tVT00000Dg4m5YAB,01tVT00000Dcr5QYAR,Primary,,,,,H201260B,H-!DEA Home,2-Kitchen & Dining Furniture,01-Dining Chairs
01tVT00000Dg4qvYAB,01tVT00000Dcr5RYAR,Primary,,,,,H201261B,H-!DEA Home,2-Kitchen & Dining Furniture,01-Dining Chairs
01tVT00000Dg4xNYAR,01tVT00000Dcr5SYAR,Primary,,,,,H201262B,H-!DEA Home,2-Kitchen & Dining Furniture,01-Dining Chairs
01tVT00000Dg58fYAB,01tVT00000DcvU2YAJ,Primary,,,,,H111044B,H-!DEA Home,1-Living Room Furniture,11-Storage Furniture
01tVT00000Dg5AHYAZ,01tVT00000DcwdeYAB,Primary,,,,,G302130A,G-!DEA Garden,3-Outdoor Cooking,02-Gas Grills
01tVT00000Dg5F7YAJ,01tVT00000DcvU3YAJ,Primary,,,,,H302127B,H-!DEA Home,3-Office Furniture,02-Desks
01tVT00000Dg5YTYAZ,01tVT00000DcvU4YAJ,Primary,,,,,H111045B,H-!DEA Home,1-Living Room Furniture,11-Storage Furniture
01tVT00000Dg5a5YAB,01tVT00000DcwdfYAB,Primary,,,,,G302131A,G-!DEA Garden,3-Outdoor Cooking,02-Gas Grills
01tVT00000Dg5evYAB,01tVT00000DcvU5YAJ,Primary,,,,,H111046B,H-!DEA Home,1-Living Room Furniture,11-Storage Furniture
01tVT00000DgdWwYAJ,01tVT00000DcwdiYAB,Primary,,,,,G301306A,G-!DEA Garden,3-Outdoor Cooking,01-Charcoal Grills
01tVT00000DggeTYAR,01tVT00000DcwdgYAB,Primary,,,,,G302132A,G-!DEA Garden,3-Outdoor Cooking,02-Gas Grills
01tVT00000DggjJYAR,01tVT00000DcwdhYAB,Primary,,,,,G301305A,G-!DEA Garden,3-Outdoor Cooking,01-Charcoal Grills
01tVT00000DggpmYAB,01tVT00000DcwdkYAB,Primary,,,,,G301307A,G-!DEA Garden,3-Outdoor Cooking,01-Charcoal Grills
01tVT00000DggszYAB,01tVT00000DczkXYAR,Primary,,,,,G303004A,G-!DEA Garden,3-Outdoor Cooking,03-Grill Accessories
01tVT00000DggxpYAB,01tVT00000DcwdjYAB,Primary,,,,,G304003A,G-!DEA Garden,3-Outdoor Cooking,04-Fire Pits & Fire Tables
01tVT00000DghlpYAB,01tVT00000DcwdpYAB,Primary,,,,,G304004A,G-!DEA Garden,3-Outdoor Cooking,04-Fire Pits & Fire Tables
01tVT00000DghsHYAR,01tVT00000DcwdqYAB,Primary,,,,,G304005A,G-!DEA Garden,3-Outdoor Cooking,04-Fire Pits & Fire Tables
01tVT00000Dgi6nYAB,01tVT00000DcwdsYAB,Primary,,,,,G304007A,G-!DEA Garden,3-Outdoor Cooking,04-Fire Pits & Fire Tables
01tVT00000DgiGTYAZ,01tVT00000DcwdrYAB,Primary,,,,,G304006A,G-!DEA Garden,3-Outdoor Cooking,04-Fire Pits & Fire Tables
01tVT00000DgiunYAB,01tVT00000DczkrYAB,Primary,,,,,G303024A,G-!DEA Garden,3-Outdoor Cooking,03-Grill Accessories
01tVT00000DgizdYAB,01tVT00000DczksYAB,Primary,,,,,G303025A,G-!DEA Garden,3-Outdoor Cooking,03-Grill Accessories
01tVT00000Dgj7hYAB,01tVT00000DczktYAB,Primary,,,,,G303026A,G-!DEA Garden,3-Outdoor Cooking,03-Grill Accessories
01tVT00000DgjVtYAJ,01tVT00000DcvU6YAJ,Primary,,,,,H109007B,H-!DEA Home,1-Living Room Furniture,09-Console Tables & Sideboards
01tVT00000DgjZ7YAJ,01tVT00000DcvU7YAJ,Primary,,,,,H402016B,H-!DEA Home,4-Storage & Organization,02-Shoe Storage
01tVT00000DgjcLYAR,01tVT00000Dcwd6YAB,Primary,,,,,G302115A,G-!DEA Garden,3-Outdoor Cooking,02-Gas Grills
01tVT00000DgjdxYAB,01tVT00000DcvU8YAJ,Primary,,,,,H402017B,H-!DEA Home,4-Storage & Organization,02-Shoe Storage
01tVT00000DgjhBYAR,01tVT00000Dcwd7YAB,Primary,,,,,G302116A,G-!DEA Garden,3-Outdoor Cooking,02-Gas Grills
01tVT00000DgjxJYAR,01tVT00000Dcwd8YAB,Primary,,,,,G302117A,G-!DEA Garden,3-Outdoor Cooking,02-Gas Grills
01tVT00000DgkLWYAZ,01tVT00000DcwdtYAB,Primary,,,,,G305004A,G-!DEA Garden,3-Outdoor Cooking,05-Electric Grills
01tVT00000DgkWpYAJ,01tVT00000DcwdvYAB,Primary,,,,,G305006A,G-!DEA Garden,3-Outdoor Cooking,05-Electric Grills
01tVT00000DglMQYAZ,01tVT00000DcwdlYAB,Primary,,,,,G301308A,G-!DEA Garden,3-Outdoor Cooking,01-Charcoal Grills
01tVT00000DglflYAB,01tVT00000DWp6CYAT,Primary,,,,,H406125B,H-!DEA Home,4-Storage & Organization,06-Sink Storage & Organizers
01tVT00000Dglr3YAB,01tVT00000Dcwd9YAB,Primary,,,,,G302118A,G-!DEA Garden,3-Outdoor Cooking,02-Gas Grills
01tVT00000DglvtYAB,01tVT00000DcwdAYAR,Primary,,,,,G302119A,G-!DEA Garden,3-Outdoor Cooking,02-Gas Grills
01tVT00000Dgm3xYAB,01tVT00000DcwdBYAR,Primary,,,,,G302120A,G-!DEA Garden,3-Outdoor Cooking,02-Gas Grills
01tVT00000Dgm8nYAB,01tVT00000DcwdQYAR,Primary,,,,,G302122A,G-!DEA Garden,3-Outdoor Cooking,08-Multifunction Grills
01tVT00000DgmC1YAJ,01tVT00000DcwdRYAR,Primary,,,,,G302123A,G-!DEA Garden,3-Outdoor Cooking,08-Multifunction Grills
01tVT00000DgmGrYAJ,01tVT00000DcwdSYAR,Primary,,,,,G302124A,G-!DEA Garden,3-Outdoor Cooking,08-Multifunction Grills
01tVT00000DgmNJYAZ,01tVT00000DcwdVYAR,Primary,,,,,G305001A,G-!DEA Garden,3-Outdoor Cooking,05-Electric Grills
01tVT00000DgmWzYAJ,01tVT00000DcwdWYAR,Primary,,,,,G305002A,G-!DEA Garden,3-Outdoor Cooking,05-Electric Grills
01tVT00000DgmjtYAB,01tVT00000DcwdXYAR,Primary,,,,,G305003A,G-!DEA Garden,3-Outdoor Cooking,05-Electric Grills
01tVT00000DgmtZYAR,01tVT00000DczkdYAB,Primary,,,,,G303010A,G-!DEA Garden,3-Outdoor Cooking,03-Grill Accessories
01tVT00000DgmvBYAR,01tVT00000DczkeYAB,Primary,,,,,G303011A,G-!DEA Garden,3-Outdoor Cooking,03-Grill Accessories
01tVT00000DgmyPYAR,01tVT00000DczkfYAB,Primary,,,,,G303012A,G-!DEA Garden,3-Outdoor Cooking,03-Grill Accessories
01tVT00000Dgn3FYAR,01tVT00000DczkgYAB,Primary,,,,,G303013A,G-!DEA Garden,3-Outdoor Cooking,03-Grill Accessories
01tVT00000DgnCvYAJ,01tVT00000DczkhYAB,Primary,,,,,G303014A,G-!DEA Garden,3-Outdoor Cooking,03-Grill Accessories
01tVT00000DgnHlYAJ,01tVT00000DczkiYAB,Primary,,,,,G303015A,G-!DEA Garden,3-Outdoor Cooking,03-Grill Accessories
01tVT00000DgnWHYAZ,01tVT00000DczkjYAB,Primary,,,,,G303016A,G-!DEA Garden,3-Outdoor Cooking,03-Grill Accessories
01tVT00000DgnXtYAJ,01tVT00000DczkkYAB,Primary,,,,,G303017A,G-!DEA Garden,3-Outdoor Cooking,03-Grill Accessories
01tVT00000DgncjYAB,01tVT00000Dcwd0YAB,Primary,,,,,G301285A,G-!DEA Garden,3-Outdoor Cooking,07-Portable & Camping Grills
01tVT00000DgnknYAB,01tVT00000Dcwd1YAB,Primary,,,,,G301286A,G-!DEA Garden,3-Outdoor Cooking,01-Charcoal Grills
01tVT00000DgnpdYAB,01tVT00000Dcwd2YAB,Primary,,,,,G301287A,G-!DEA Garden,3-Outdoor Cooking,01-Charcoal Grills
01tVT00000DgnzJYAR,01tVT00000Dcwd3YAB,Primary,,,,,G301288A,G-!DEA Garden,3-Outdoor Cooking,01-Charcoal Grills
01tVT00000Dgo2XYAR,01tVT00000Dcwd4YAB,Primary,,,,,G301289A,G-!DEA Garden,3-Outdoor Cooking,01-Charcoal Grills
01tVT00000Dgo49YAB,01tVT00000Dcwd5YAB,Primary,,,,,G301290A,G-!DEA Garden,3-Outdoor Cooking,07-Portable & Camping Grills
01tVT00000DgoAbYAJ,01tVT00000DczkYYAR,Primary,,,,,G303005A,G-!DEA Garden,3-Outdoor Cooking,03-Grill Accessories
01tVT00000DgoDpYAJ,01tVT00000DczkZYAR,Primary,,,,,G303006A,G-!DEA Garden,3-Outdoor Cooking,03-Grill Accessories
01tVT00000DgoH3YAJ,01tVT00000DcwdnYAB,Primary,,,,,G301310A,G-!DEA Garden,3-Outdoor Cooking,07-Portable & Camping Grills
01tVT00000DgoP7YAJ,01tVT00000DcwdoYAB,Primary,,,,,G301311A,G-!DEA Garden,3-Outdoor Cooking,07-Portable & Camping Grills
01tVT00000DgoXBYAZ,01tVT00000DcwduYAB,Primary,,,,,G305005A,G-!DEA Garden,3-Outdoor Cooking,05-Electric Grills
01tVT00000DgoybYAB,01tVT00000DcwdwYAB,Primary,,,,,G305007A,G-!DEA Garden,3-Outdoor Cooking,05-Electric Grills
01tVT00000Dgp3RYAR,01tVT00000DcwdxYAB,Primary,,,,,G305008A,G-!DEA Garden,3-Outdoor Cooking,05-Electric Grills
01tVT00000DgpEjYAJ,01tVT00000DcwdyYAB,Primary,,,,,G305009A,G-!DEA Garden,3-Outdoor Cooking,05-Electric Grills
01tVT00000DgpHxYAJ,01tVT00000DcwdzYAB,Primary,,,,,G305010A,G-!DEA Garden,3-Outdoor Cooking,05-Electric Grills
01tVT00000DgpOPYAZ,01tVT00000Dcwe0YAB,Primary,,,,,G305011A,G-!DEA Garden,3-Outdoor Cooking,05-Electric Grills
01tVT00000DgpUsYAJ,01tVT00000DczkpYAB,Primary,,,,,G303022A,G-!DEA Garden,3-Outdoor Cooking,03-Grill Accessories
01tVT00000DgpbJYAR,01tVT00000Dcwe1YAB,Primary,,,,,G305012A,G-!DEA Garden,3-Outdoor Cooking,05-Electric Grills
01tVT00000DgpoDYAR,01tVT00000Dcwe2YAB,Primary,,,,,G305013A,G-!DEA Garden,3-Outdoor Cooking,05-Electric Grills
01tVT00000Dgpt3YAB,01tVT00000Dcwe3YAB,Primary,,,,,G305014A,G-!DEA Garden,3-Outdoor Cooking,05-Electric Grills
01tVT00000DgpzVYAR,01tVT00000Dcwe4YAB,Primary,,,,,G305015A,G-!DEA Garden,3-Outdoor Cooking,05-Electric Grills
01tVT00000Dgq4LYAR,01tVT00000Dcwe5YAB,Primary,,,,,G305016A,G-!DEA Garden,3-Outdoor Cooking,05-Electric Grills
01tVT00000Dgq5xYAB,01tVT00000Dcwe6YAB,Primary,,,,,G305017A,G-!DEA Garden,3-Outdoor Cooking,05-Electric Grills
01tVT00000DgqM5YAJ,01tVT00000DczkaYAB,Primary,,,,,G303007A,G-!DEA Garden,3-Outdoor Cooking,03-Grill Accessories
01tVT00000DgqQvYAJ,01tVT00000DczkbYAB,Primary,,,,,G303008A,G-!DEA Garden,3-Outdoor Cooking,03-Grill Accessories
01tVT00000DgqU9YAJ,01tVT00000DczkcYAB,Primary,,,,,G303009A,G-!DEA Garden,3-Outdoor Cooking,03-Grill Accessories
01tVT00000DgqdpYAB,01tVT00000DcwdmYAB,Primary,,,,,G301309A,G-!DEA Garden,3-Outdoor Cooking,07-Portable & Camping Grills
01tVT00000DgrWfYAJ,01tVT00000DczklYAB,Primary,,,,,G303018A,G-!DEA Garden,3-Outdoor Cooking,03-Grill Accessories
01tVT00000Dgrd7YAB,01tVT00000DczkmYAB,Primary,,,,,G303019A,G-!DEA Garden,3-Outdoor Cooking,03-Grill Accessories
01tVT00000DgrlBYAR,01tVT00000DczknYAB,Primary,,,,,G303020A,G-!DEA Garden,3-Outdoor Cooking,03-Grill Accessories
01tVT00000Dgrq1YAB,01tVT00000DczkoYAB,Primary,,,,,G303021A,G-!DEA Garden,3-Outdoor Cooking,03-Grill Accessories
01tVT00000DgssXYAR,01tVT00000DcwdDYAR,Primary,,,,,G301292A,G-!DEA Garden,3-Outdoor Cooking,08-Multifunction Grills
01tVT00000DgtobYAB,01tVT000004joklYAA,Primary,,,,,G301173A,G-!DEA Garden,3-Outdoor Cooking,03-Grill Accessories
01tVT00000DguJFYAZ,01tVT000004js8PYAQ,Primary,,,,,G301170A,G-!DEA Garden,3-Outdoor Cooking,03-Grill Accessories
01tVT00000DgumHYAR,01tVT00000DcwdEYAR,Primary,,,,,G301293A,G-!DEA Garden,3-Outdoor Cooking,04-Fire Pits & Fire Tables
01tVT00000Dgwg1YAB,01tVT000008OJRVYA4,Primary,,,,,G301249A,G-!DEA Garden,3-Outdoor Cooking,01-Charcoal Grills
01tVT00000DgxFVYAZ,01tVT00000DdprBYAR,Primary,,,,,H203070B,H-!DEA Home,2-Kitchen & Dining Furniture,03-Dining Sets
01tVT00000DhZMPYA3,01tVT00000DhZFxYAN,Primary,,,,,H201263A,G-!DEA Garden,1-Outdoor Furniture,03-Outdoor Chairs & Loungers
01tVT00000DhZUUYA3,01tVT00000DhZcXYAV,Primary,,,,,H201264A,G-!DEA Garden,1-Outdoor Furniture,03-Outdoor Chairs & Loungers
01tVT00000Dha7BYAR,01tVT00000DhZuHYAV,Primary,,,,,H201265A,G-!DEA Garden,1-Outdoor Furniture,03-Outdoor Chairs & Loungers
01tVT00000DhaFFYAZ,01tVT00000Dha2MYAR,Alternative,,,,,H201266A,G-!DEA Garden,1-Outdoor Furniture,03-Outdoor Chairs & Loungers
01tVT00000Dhe9CYAR,01tVT00000DhjLlYAJ,Primary,,,,,G304013A,G-!DEA Garden,3-Outdoor Cooking,04-Fire Pits & Fire Tables
01tVT00000DhfgLYAR,01tVT00000DhfbVYAR,Primary,,,,,G304009A,G-!DEA Garden,3-Outdoor Cooking,04-Fire Pits & Fire Tables
01tVT00000DhfwTYAR,01tVT00000Dhd9tYAB,Primary,,,,,G304008A,G-!DEA Garden,3-Outdoor Cooking,04-Fire Pits & Fire Tables
01tVT00000Dhg9NYAR,01tVT00000Dhg69YAB,Primary,,,,,G304010A,G-!DEA Garden,3-Outdoor Cooking,04-Fire Pits & Fire Tables
01tVT00000DhgKfYAJ,01tVT00000DhgJ3YAJ,Primary,,,,,G304011A,G-!DEA Garden,3-Outdoor Cooking,04-Fire Pits & Fire Tables
01tVT00000DhgqvYAB,01tVT00000Dhd8HYAR,Primary,,,,,H403032B,H-!DEA Home,4-Storage & Organization,03-Storage Carts & Drawers
01tVT00000DhgqwYAB,01tVT00000Dhd8IYAR,Primary,,,,,H404208B,H-!DEA Home,4-Storage & Organization,04-Storage Bins & Boxes
01tVT00000DhgqxYAB,01tVT00000Dhd8JYAR,Primary,,,,,H404209B,H-!DEA Home,4-Storage & Organization,04-Storage Bins & Boxes
01tVT00000DhgqyYAB,01tVT00000Dhd8KYAR,Primary,,,,,H404210B,H-!DEA Home,4-Storage & Organization,04-Storage Bins & Boxes
01tVT00000DhgqzYAB,01tVT00000Dhd8LYAR,Primary,,,,,H404211B,H-!DEA Home,4-Storage & Organization,04-Storage Bins & Boxes
01tVT00000Dhgr0YAB,01tVT00000Dhd8MYAR,Primary,,,,,H404212B,H-!DEA Home,4-Storage & Organization,04-Storage Bins & Boxes
01tVT00000Dhgr1YAB,01tVT00000Dhd8NYAR,Primary,,,,,H404213B,H-!DEA Home,4-Storage & Organization,04-Storage Bins & Boxes
01tVT00000Dhgr2YAB,01tVT00000Dhd8OYAR,Primary,,,,,H404214B,H-!DEA Home,4-Storage & Organization,04-Storage Bins & Boxes
01tVT00000Dhgr3YAB,01tVT00000Dhd8PYAR,Primary,,,,,H404215B,H-!DEA Home,4-Storage & Organization,04-Storage Bins & Boxes
01tVT00000Dhgr4YAB,01tVT00000Dhd8QYAR,Primary,,,,,H404216B,H-!DEA Home,4-Storage & Organization,04-Storage Bins & Boxes
01tVT00000Dhgr5YAB,01tVT00000Dhd8RYAR,Primary,,,,,H404217B,H-!DEA Home,4-Storage & Organization,04-Storage Bins & Boxes
01tVT00000Dhgr6YAB,01tVT00000Dhd8SYAR,Primary,,,,,H404218B,H-!DEA Home,4-Storage & Organization,04-Storage Bins & Boxes
01tVT00000Dhgr7YAB,01tVT00000Dhd8TYAR,Primary,,,,,H404219B,H-!DEA Home,4-Storage & Organization,04-Storage Bins & Boxes
01tVT00000Dhgr8YAB,01tVT00000Dhd8UYAR,Primary,,,,,H404220B,H-!DEA Home,4-Storage & Organization,04-Storage Bins & Boxes
01tVT00000Dhgr9YAB,01tVT00000Dhd8VYAR,Primary,,,,,H404221B,H-!DEA Home,4-Storage & Organization,08-Garment Clothes Storage
01tVT00000DhgrAYAR,01tVT00000Dhd8WYAR,Primary,,,,,H404222B,H-!DEA Home,4-Storage & Organization,08-Garment Clothes Storage
01tVT00000DhgrBYAR,01tVT00000Dhd8XYAR,Primary,,,,,H404223B,H-!DEA Home,4-Storage & Organization,08-Garment Clothes Storage
01tVT00000DhgrCYAR,01tVT00000Dhd8YYAR,Primary,,,,,H404224B,H-!DEA Home,4-Storage & Organization,08-Garment Clothes Storage
01tVT00000DhgrDYAR,01tVT00000Dhd8ZYAR,Primary,,,,,H404225B,H-!DEA Home,4-Storage & Organization,04-Storage Bins & Boxes
01tVT00000DhgrEYAR,01tVT00000Dhd8aYAB,Primary,,,,,H404226B,H-!DEA Home,4-Storage & Organization,08-Garment Clothes Storage
01tVT00000DhgrFYAR,01tVT00000Dhd8bYAB,Primary,,,,,H404227B,H-!DEA Home,4-Storage & Organization,08-Garment Clothes Storage
01tVT00000DhgrGYAR,01tVT00000Dhd8cYAB,Primary,,,,,H404228B,H-!DEA Home,4-Storage & Organization,08-Garment Clothes Storage
01tVT00000DhgrHYAR,01tVT00000Dhd8dYAB,Primary,,,,,H404229B,H-!DEA Home,4-Storage & Organization,08-Garment Clothes Storage
01tVT00000DhikgYAB,01tVT00000DhjYfYAJ,Primary,,,,,G304014A,G-!DEA Garden,3-Outdoor Cooking,04-Fire Pits & Fire Tables
01tVT00000Dhj2PYAR,01tVT00000DhixZYAR,Primary,,,,,G304012A,G-!DEA Garden,3-Outdoor Cooking,04-Fire Pits & Fire Tables
01tVT00000DjIkUYAV,01tVT00000DjJevYAF,Primary,,,,,H203071B,H-!DEA Home,2-Kitchen & Dining Furniture,03-Dining Sets
01tVT00000DjJAHYA3,01tVT00000DWp5zYAD,Primary,,,,,H405196B,H-!DEA Home,2-Kitchen & Dining Furniture,03-Dining Sets
01tVT00000DjJVFYA3,01tVT00000DWp57YAD,Primary,,,,,H402011B,H-!DEA Home,2-Kitchen & Dining Furniture,03-Dining Sets
01tVT00000DjJv3YAF,01tVT00000DjJtRYAV,Primary,,,,,H203072B,H-!DEA Home,2-Kitchen & Dining Furniture,03-Dining Sets
01tVT00000DjOgDYAV,01tVT00000DjOTJYA3,Primary,,,,,H401023B,H-!DEA Home,4-Storage & Organization,01-Closet Storage
01tVT00000DjOgEYAV,01tVT00000DjOTKYA3,Primary,,,,,H401024B,H-!DEA Home,4-Storage & Organization,01-Closet Storage
01tVT00000DjOgFYAV,01tVT00000DjOTLYA3,Primary,,,,,H401025B,H-!DEA Home,4-Storage & Organization,01-Closet Storage
01tVT00000DjOgGYAV,01tVT00000DjOTMYA3,Primary,,,,,H401026B,H-!DEA Home,4-Storage & Organization,01-Closet Storage
01tVT00000DjOgHYAV,01tVT00000DjOTNYA3,Primary,,,,,H401027B,H-!DEA Home,4-Storage & Organization,01-Closet Storage
01tVT00000DjOgIYAV,01tVT00000DjODBYA3,Primary,,,,,H401022B,H-!DEA Home,4-Storage & Organization,01-Closet Storage
01tVT00000DjSofYAF,01tVT00000DhZcXYAV,Alternative,,,,,H201264A,G-!DEA Garden,1-Outdoor Furniture,03-Outdoor Chairs & Loungers
01tVT00000DjSv7YAF,01tVT00000DhZuHYAV,Alternative,,,,,H201265A,G-!DEA Garden,1-Outdoor Furniture,03-Outdoor Chairs & Loungers
01tVT00000DjSzxYAF,01tVT00000DhZFxYAN,Alternative,,,,,H201263A,G-!DEA Garden,1-Outdoor Furniture,03-Outdoor Chairs & Loungers
01tVT00000DjT1ZYAV,01tVT00000Dha2MYAR,Alternative,,,,,H201266A,G-!DEA Garden,1-Outdoor Furniture,03-Outdoor Chairs & Loungers
01tVT00000DjVPxYAN,01tVT00000DjVEfYAN,Primary,,,,,G102130A,G-!DEA Garden,1-Outdoor Furniture,02-Outdoor Seating Sets
01tVT00000DjVPyYAN,01tVT00000DjVEgYAN,Primary,,,,,G102131A,G-!DEA Garden,1-Outdoor Furniture,02-Outdoor Seating Sets
01tVT00000DjVPzYAN,01tVT00000DjVEhYAN,Primary,,,,,G102132A,G-!DEA Garden,1-Outdoor Furniture,02-Outdoor Seating Sets
01tVT00000DjVQ0YAN,01tVT00000DjVEiYAN,Primary,,,,,G102133A,G-!DEA Garden,1-Outdoor Furniture,02-Outdoor Seating Sets
01tVT00000DjVQ1YAN,01tVT00000DjVEjYAN,Primary,,,,,G102134A,G-!DEA Garden,1-Outdoor Furniture,02-Outdoor Seating Sets
01tVT00000DjVQ2YAN,01tVT00000DjVEkYAN,Primary,,,,,G102135A,G-!DEA Garden,1-Outdoor Furniture,02-Outdoor Seating Sets
01tVT00000DjVQ3YAN,01tVT00000DjVElYAN,Primary,,,,,G102136A,G-!DEA Garden,1-Outdoor Furniture,02-Outdoor Seating Sets
01tVT00000DjVQ4YAN,01tVT00000DjVEmYAN,Primary,,,,,G102137A,G-!DEA Garden,1-Outdoor Furniture,02-Outdoor Seating Sets
01tVT00000DlYl8YAF,01tVT00000DlYrZYAV,Primary,,,,,G102138A,G-!DEA Garden,1-Outdoor Furniture,02-Outdoor Seating Sets
01tVT00000DlYl9YAF,01tVT00000DlYraYAF,Primary,,,,,G102139A,G-!DEA Garden,1-Outdoor Furniture,02-Outdoor Seating Sets
01tVT00000DlYlAYAV,01tVT00000DlYrbYAF,Primary,,,,,G102140A,G-!DEA Garden,1-Outdoor Furniture,02-Outdoor Seating Sets
01tVT00000DlYlBYAV,01tVT00000DlYrcYAF,Primary,,,,,G101217A,G-!DEA Garden,1-Outdoor Furniture,01-Outdoor Dining Sets
01tVT00000DlYlCYAV,01tVT00000DlYrdYAF,Primary,,,,,G101218A,G-!DEA Garden,1-Outdoor Furniture,01-Outdoor Dining Sets
01tVT00000DlfhlYAB,01tVT00000DlfcvYAB,Primary,,,,,G501154A,G-!DEA Garden,5-Folding Furniture,01-Utility Folding Tables (HDPE)
01tVT00000DlfjNYAR,01tVT00000DlfcvYAB,Alternative,,,,,G501154A,G-!DEA Garden,5-Folding Furniture,01-Utility Folding Tables (HDPE)
01tVT00000Dm6reYAB,01tVT00000Dm6rdYAB,Primary,,,,,G501154KE,G-!DEA Garden,5-Folding Furniture,01-Utility Folding Tables (HDPE)
01tVT00000DmXevYAF,01tVT00000DmXVFYA3,Primary,,,,,H406156B,H-!DEA Home,4-Storage & Organization,06-Sink Storage & Organizers
01tVT00000DnLGkYAN,01tVT00000DnQhpYAF,Primary,,,,,G103071A,G-!DEA Garden,1-Outdoor Furniture,03-Outdoor Chairs & Loungers
01tVT00000DnOCzYAN,01tVT000002ymewYAA,Primary,,,,,G108319A,G-!DEA Garden,1-Outdoor Furniture,01-Outdoor Dining Sets
01tVT00000DnPvRYAV,01tVT00000DnPqbYAF,Primary,,,,,G104169A,G-!DEA Garden,1-Outdoor Furniture,04-Outdoor Tables
01tVT00000DnRUDYA3,01tVT00000DnRPNYA3,Primary,,,,,P201039A,P-!DEA Kids,2-Outdoor Toys,01-Outdoor Playsets
01tVT00000DnRUEYA3,01tVT00000DnRPOYA3,Primary,,,,,P201040A,P-!DEA Kids,2-Outdoor Toys,01-Outdoor Playsets
01tVT00000Do1z8YAB,01tVT00000Do7wTYAR,Alternative,,,,,H101185B,H-!DEA Home,1-Living Room Furniture,01-Accent Chairs
01tVT00000Do1z9YAB,01tVT00000Do7wUYAR,Primary,,,,,H101186B,H-!DEA Home,1-Living Room Furniture,01-Accent Chairs
01tVT00000Do7hxYAB,01tVT00000Do7ZtYAJ,Primary,,,,,P201041W,P-!DEA Kids,2-Outdoor Toys,01-Outdoor Playsets
01tVT00000Do7hyYAB,01tVT00000Do7ZuYAJ,Primary,,,,,P201042W,P-!DEA Kids,2-Outdoor Toys,01-Outdoor Playsets
01tVT00000Do7hzYAB,01tVT00000Do7ZvYAJ,Primary,,,,,P201043W,P-!DEA Kids,2-Outdoor Toys,01-Outdoor Playsets
01tVT00000Do7i0YAB,01tVT00000Do7ZwYAJ,Primary,,,,,P102032W,P-!DEA Kids,1-Kids' furniture,02-Kids' Beds & Bunk Beds
01tVT00000Do7i1YAB,01tVT00000Do7ZxYAJ,Primary,,,,,P102033W,P-!DEA Kids,1-Kids' furniture,02-Kids' Beds & Bunk Beds
01tVT00000Do7i2YAB,01tVT00000Do7ZyYAJ,Primary,,,,,P102034W,P-!DEA Kids,1-Kids' furniture,02-Kids' Beds & Bunk Beds
01tVT00000Do7i3YAB,01tVT00000Do7ZzYAJ,Primary,,,,,P102035W,P-!DEA Kids,1-Kids' furniture,02-Kids' Beds & Bunk Beds
01tVT00000Do7i4YAB,01tVT00000Do7a0YAB,Primary,,,,,P102036W,P-!DEA Kids,1-Kids' furniture,02-Kids' Beds & Bunk Beds
01tVT00000Do7i5YAB,01tVT00000Do7a1YAB,Primary,,,,,P102037W,P-!DEA Kids,1-Kids' furniture,02-Kids' Beds & Bunk Beds
01tVT00000Do7i6YAB,01tVT00000Do7a2YAB,Primary,,,,,G405037A,G-!DEA Garden,4-Camping & Beach,05-Camping Accessories
01tVT00000Do7i7YAB,01tVT00000Do7a3YAB,Primary,,,,,G405038A,G-!DEA Garden,4-Camping & Beach,05-Camping Accessories
01tVT00000Do7i8YAB,01tVT00000Do7a4YAB,Primary,,,,,G405039A,G-!DEA Garden,4-Camping & Beach,05-Camping Accessories
01tVT00000Do7i9YAB,01tVT00000Do7a5YAB,Primary,,,,,G405040A,G-!DEA Garden,4-Camping & Beach,05-Camping Accessories
01tVT00000Do7iAYAR,01tVT00000Do7a6YAB,Primary,,,,,G405041A,G-!DEA Garden,4-Camping & Beach,05-Camping Accessories
01tVT00000Do7iBYAR,01tVT00000Do7a7YAB,Primary,,,,,G405042A,G-!DEA Garden,4-Camping & Beach,05-Camping Accessories
01tVT00000Do7iCYAR,01tVT00000Do7a8YAB,Primary,,,,,G405043A,G-!DEA Garden,4-Camping & Beach,05-Camping Accessories
01tVT00000Do7iDYAR,01tVT00000Do7a9YAB,Primary,,,,,G405044A,G-!DEA Garden,4-Camping & Beach,05-Camping Accessories
01tVT00000Do7iEYAR,01tVT00000Do7aAYAR,Primary,,,,,G405045A,G-!DEA Garden,4-Camping & Beach,05-Camping Accessories
01tVT00000Do7iFYAR,01tVT00000Do7aBYAR,Primary,,,,,G405046A,G-!DEA Garden,4-Camping & Beach,05-Camping Accessories
01tVT00000Do7iGYAR,01tVT00000Do7aCYAR,Alternative,,,,,G405047A,G-!DEA Garden,4-Camping & Beach,05-Camping Accessories
01tVT00000Do7iHYAR,01tVT00000Do7aDYAR,Primary,,,,,P102038W,P-!DEA Kids,1-Kids' furniture,02-Kids' Beds & Bunk Beds
01tVT00000Do7iIYAR,01tVT00000Do7aEYAR,Primary,,,,,P102039W,P-!DEA Kids,1-Kids' furniture,02-Kids' Beds & Bunk Beds
01tVT00000Do7iJYAR,01tVT00000Do7aFYAR,Primary,,,,,P102040W,P-!DEA Kids,1-Kids' furniture,02-Kids' Beds & Bunk Beds
01tVT00000Do7iKYAR,01tVT00000Do7aGYAR,Primary,,,,,P102041W,P-!DEA Kids,1-Kids' furniture,02-Kids' Beds & Bunk Beds
01tVT00000Do7iLYAR,01tVT00000Do7aHYAR,Primary,,,,,P102042W,P-!DEA Kids,1-Kids' furniture,02-Kids' Beds & Bunk Beds
01tVT00000Do7iMYAR,01tVT00000Do7aIYAR,Primary,,,,,P102043W,P-!DEA Kids,1-Kids' furniture,02-Kids' Beds & Bunk Beds
01tVT00000Do7iOYAR,01tVT00000Do7aKYAR,Primary,,,,,P101133W,P-!DEA Kids,1-Kids' furniture,01-Kids' Chairs & tables
01tVT00000Do7iPYAR,01tVT00000Do7aLYAR,Primary,,,,,P101134W,P-!DEA Kids,1-Kids' furniture,01-Kids' Chairs & tables
01tVT00000Do7iQYAR,01tVT00000Do7aMYAR,Primary,,,,,P101135W,P-!DEA Kids,1-Kids' furniture,01-Kids' Chairs & tables
01tVT00000Do7iRYAR,01tVT00000Do7aNYAR,Primary,,,,,P101136W,P-!DEA Kids,1-Kids' furniture,01-Kids' Chairs & tables
01tVT00000Do7iSYAR,01tVT00000Do7aOYAR,Primary,,,,,P101137W,P-!DEA Kids,1-Kids' furniture,01-Kids' Chairs & tables
01tVT00000Do7iTYAR,01tVT00000Do7aPYAR,Primary,,,,,P101138W,P-!DEA Kids,1-Kids' furniture,01-Kids' Chairs & tables
01tVT00000Do7iUYAR,01tVT00000Do7aQYAR,Primary,,,,,P101139W,P-!DEA Kids,1-Kids' furniture,01-Kids' Chairs & tables
01tVT00000Do7iVYAR,01tVT00000Do7aRYAR,Primary,,,,,P101140W,P-!DEA Kids,1-Kids' furniture,01-Kids' Chairs & tables
01tVT00000Do7iWYAR,01tVT00000Do7aSYAR,Primary,,,,,P101141W,P-!DEA Kids,1-Kids' furniture,01-Kids' Chairs & tables
01tVT00000Do7iXYAR,01tVT00000Do7aTYAR,Primary,,,,,P101142W,P-!DEA Kids,1-Kids' furniture,01-Kids' Chairs & tables
01tVT00000Do7iYYAR,01tVT00000Do7aUYAR,Primary,,,,,P101143W,P-!DEA Kids,1-Kids' furniture,01-Kids' Chairs & tables
01tVT00000Do7iZYAR,01tVT00000Do7aVYAR,Primary,,,,,P101144W,P-!DEA Kids,1-Kids' furniture,01-Kids' Chairs & tables
01tVT00000Do7iaYAB,01tVT00000Do7aWYAR,Primary,,,,,P101145W,P-!DEA Kids,1-Kids' furniture,01-Kids' Chairs & tables
01tVT00000Do7ibYAB,01tVT00000Do7aXYAR,Primary,,,,,P101146W,P-!DEA Kids,1-Kids' furniture,01-Kids' Chairs & tables
01tVT00000Do7icYAB,01tVT00000Do7aYYAR,Primary,,,,,P101147W,P-!DEA Kids,1-Kids' furniture,01-Kids' Chairs & tables
01tVT00000Do7idYAB,01tVT00000Do7aZYAR,Primary,,,,,P101148W,P-!DEA Kids,1-Kids' furniture,01-Kids' Chairs & tables
01tVT00000Do7ieYAB,01tVT00000Do7aaYAB,Primary,,,,,P101149W,P-!DEA Kids,1-Kids' furniture,01-Kids' Chairs & tables
01tVT00000Do7ifYAB,01tVT00000Do7abYAB,Primary,,,,,P101150W,P-!DEA Kids,1-Kids' furniture,01-Kids' Chairs & tables
01tVT00000Do7igYAB,01tVT00000Do7acYAB,Primary,,,,,P102044W,P-!DEA Kids,1-Kids' furniture,02-Kids' Beds & Bunk Beds
01tVT00000Do7ihYAB,01tVT00000Do7adYAB,Primary,,,,,P102045W,P-!DEA Kids,1-Kids' furniture,02-Kids' Beds & Bunk Beds
01tVT00000Do7iiYAB,01tVT00000Do7aeYAB,Primary,,,,,P102046W,P-!DEA Kids,1-Kids' furniture,02-Kids' Beds & Bunk Beds
01tVT00000Do7ijYAB,01tVT00000Do7afYAB,Primary,,,,,P102047W,P-!DEA Kids,1-Kids' furniture,02-Kids' Beds & Bunk Beds
01tVT00000Do7ikYAB,01tVT00000Do7agYAB,Primary,,,,,P201044W,P-!DEA Kids,2-Outdoor Toys,01-Outdoor Playsets
01tVT00000Do7ilYAB,01tVT00000Do7ahYAB,Primary,,,,,P102048W,P-!DEA Kids,1-Kids' furniture,02-Kids' Beds & Bunk Beds
01tVT00000Do7imYAB,01tVT00000Do7aiYAB,Primary,,,,,P102049W,P-!DEA Kids,1-Kids' furniture,02-Kids' Beds & Bunk Beds
01tVT00000Do9i9YAB,01tVT00000Do9dJYAR,Primary,,,,,P102050W,P-!DEA Kids,1-Kids' furniture,02-Kids' Beds & Bunk Beds
01tVT00000Do9iAYAR,01tVT00000Do9dKYAR,Primary,,,,,P102051W,P-!DEA Kids,1-Kids' furniture,02-Kids' Beds & Bunk Beds
01tVT00000DoBVRYA3,01tVT00000DoBQbYAN,Primary,,,,,G401126A,G-!DEA Garden,4-Camping & Beach,01-Camping Tents
01tVT00000DoBgjYAF,01tVT00000DDFUnYAP,Primary,,,,,G401125A,G-!DEA Garden,4-Camping & Beach,01-Camping Tents
01tVT00000DoMM1YAN,01tVT00000Dcl3FYAR,Primary,,,,,H202001B,G-!DEA Garden,1-Outdoor Furniture,03-Outdoor Chairs & Loungers
01tVT00000Dp5UPYAZ,01tVT00000Dp5PZYAZ,Primary,,,,,G301312A,G-!DEA Garden,3-Outdoor Cooking,01-Charcoal Grills
01tVT00000Dp9ZdYAJ,01tVT00000Dp9RZYAZ,Primary,,,,,G103072A,G-!DEA Garden,1-Outdoor Furniture,03-Outdoor Chairs & Loungers
01tVT00000Dp9ubYAB,01tVT00000Dp9mXYAR,Primary,,,,,G103073A,G-!DEA Garden,1-Outdoor Furniture,03-Outdoor Chairs & Loungers
01tVT00000DpKd7YAF,01tVT00000Do7wTYAR,Primary,,,,,H101185B,H-!DEA Home,1-Living Room Furniture,01-Accent Chairs
01tVT00000DpMgXYAV,01tVT00000DpL2vYAF,Primary,,,,,H101187B,H-!DEA Home,1-Living Room Furniture,01-Accent Chairs
01tVT00000DsCW9YAN,01tVT00000DsCEPYA3,Primary,,,,,G501155HL,G-!DEA Garden,5-Folding Furniture,01-Utility Folding Tables (HDPE)
01tVT00000DsiHXYAZ,01tVT00000DsiHWYAZ,Primary,,,,,H301061ST,H-!DEA Home,3-Office Furniture,01-Office Chairs
