Color__c,Color2__c,Id
BLANCO + MADERA,BLANCO + MADERA,01t4w00000NO0PuAAL
,BLANCO + MADERA,01t4w00000NO0PvAAL
MADERA + GRIS,MADERA + GRIS,01t4w00000NO0PwAAL
,MADERA + GRIS,01t4w00000NO0PxAAL
,MADERA + GRIS,01t4w00000NO0PzAAL
MADERA + GRIS,MADERA + GRIS,01t4w00000NO0Q0AAL
MADERA + GRIS,MADERA + GRIS,01t4w00000NO0Q4AAL
,MADERA + GRIS,01t4w00000NO0Q9AAL
MADERA + GRIS,MADERA + GRIS,01t4w00000NO0QEAA1
,BLANCO + NEGRO,01t4w00000NO0QFAA1
,MADERA + GRIS,01t4w00000NO0QJAA1
BLANCO + NEGRO,BLANCO + NEGRO,01t4w00000NO0QOAA1
MADERA + NEGRO,MADERA + NEGRO,01t4w00000NO0QTAA1
,MADERA + NEGRO,01t4w00000NO0QYAA1
,MADERA,01t4w00000NO0QZAA1
BLANCO,BLANCO,01t4w00000NO0QaAAL
AZUL + MADERA,AZUL + MADERA,01t4w00000NO0QdAAL
,AZUL + MADERA,01t4w00000NO0QeAAL
VARIOS,VARIOS,01t4w00000NO0QiAAL
,VARIOS,01t4w00000NO0QnAAL
MADERA,MADERA,01t4w00000NO0QsAAL
,BLANCO,01t4w00000NO0QxAAL
BLANCO,BLANCO,01t4w00000NO0UQAA1
,BLANCO,01t4w00000NO0UVAA1
AZUL,AZUL,01t4w00000NhOlcAAF
,AZUL,01t4w00000NhOlhAAF
BLANCO,BLANCO,01t4w00000NhOlmAAF
,BLANCO,01t4w00000NhOlnAAF
,NEGRO,01t4w00000NhOloAAF
BLANCO,BLANCO,01t4w00000NhOlpAAF
,BLANCO,01t4w00000NhOlqAAF
AZUL,AZUL,01t4w00000NhOlrAAF
,AZUL,01t4w00000NhOlsAAF
AZUL,AZUL,01t4w00000NhOlwAAF
,AZUL,01t4w00000NhOlxAAF
NEGRO,NEGRO,01t4w00000NhOlyAAF
AZUL,AZUL,01t4w00000NhOm1AAF
,AZUL,01t4w00000NhOm6AAF
AZUL,AZUL,01t4w00000NhOmBAAV
BLANCA,,01t4w00000NulalAAB
,MADERA,01t4w00000Nulb1AAB
DORADO,DORADO,01t4w00000Nulb5AAB
,DORADO,01t4w00000Nulb6AAB
,AZUL,01t4w00000Nulb7AAB
NEGRO,NEGRO,01t4w00000NulbsAAB
,NEGRO,01t4w00000NulbtAAB
MADERA,MADERA,01t4w00000NulbuAAB
,MADERA,01t4w00000NulbvAAB
BLANCO,BLANCO,01t4w00000NulbwAAB
BLANCO,BLANCO,01t4w00000NulbxAAB
NEGRO+CAFÉ,NEGRO+CAFÉ,01t4w00000NulbyAAB
,NEGRO+CAFÉ,01t4w00000NulbzAAB
BEIGE+AMARILLA+CAFÉ,BEIGE+AMARILLA+CAFÉ,01t4w00000Nulc0AAB
,BEIGE+AMARILLA+CAFÉ,01t4w00000Nulc1AAB
NEGRO+CAFÉ,NEGRO+CAFÉ,01t4w00000Nulc2AAB
BEIGE+AMARILLA+CAFÉ,BEIGE+AMARILLA+CAFÉ,01t4w00000Nulc3AAB
,NEGRO+CAFÉ,01t4w00000Nulc4AAB
,BEIGE+AMARILLA+CAFÉ,01t4w00000Nulc5AAB
GRIS,GRIS,01t4w00000Nulc7AAB
WARM GREY,WARM GREY,01t4w00000Nulc8AAB
BLANCO,BLANCO,01t4w00000Nulc9AAB
,BLANCO,01t4w00000NulcAAAR
,GRIS,01t4w00000NulcCAAR
,WARM GREY,01t4w00000NulcDAAR
,BLANCO,01t4w00000NulcEAAR
,BLANCO,01t4w00000NulcFAAR
BLANCO,BLANCO,01t4w00000NulcGAAR
,BLANCO,01t4w00000NulcHAAR
,BLANCO,01t4w00000NulcIAAR
BLANCO,BLANCO,01t4w00000NulcJAAR
VERDE,VERDE,01t4w00000NulcKAAR
,VERDE,01t4w00000NulcLAAR
"ROSA, AZUL o VERDE","ROSA, AZUL o VERDE",01t4w00000NulcMAAR
,"ROSA, AZUL o VERDE",01t4w00000NulcNAAR
AZUL+BLANCO,AZUL+BLANCO,01t4w00000NulcOAAR
,AZUL+BLANCO,01t4w00000NulcPAAR
NATURAL+VARIOS,NATURAL+VARIOS,01t4w00000NulcQAAR
,AZUL,01t4w00000NulcRAAR
,NATURAL+VARIOS,01t4w00000NulcSAAR
AZUL,AZUL,01t4w00000NulcTAAR
BLANCO,BLANCO,01t4w00000NulcUAAR
,BLANCO,01t4w00000NulcVAAR
BLANCO,BLANCO,01t4w00000NulcWAAR
,BLANCO,01t4w00000NulcXAAR
NATURAL,NATURAL,01t4w00000NulcYAAR
BLANCO,BLANCO,01t4w00000NulcZAAR
,NATURAL,01t4w00000NulcaAAB
BLANCO,BLANCO,01t4w00000NulcbAAB
,BLANCO,01t4w00000NulccAAB
SANDIA,SANDIA,01t4w00000NulcdAAB
,SANDIA,01t4w00000NulceAAB
STRIPE,STRIPE,01t4w00000NulchAAB
,STRIPE,01t4w00000NulciAAB
,BLANCO,01t4w00000NulcjAAB
BLANCO,BLANCO,01t4w00000NulckAAB
,BLANCO,01t4w00000NulclAAB
BLANCO,BLANCO,01t4w00000NulcmAAB
,BLANCO,01t4w00000NulcnAAB
NEGRO,NEGRO,01t4w00000NulcoAAB
,NEGRO,01t4w00000NulcpAAB
NATURAL,NATURAL,01t4w00000NulcqAAB
,NATURAL,01t4w00000NulcrAAB
NEGRO+MADERA OSCURA,NEGRO+MADERA OSCURA,01t4w00000NulcsAAB
,NEGRO+MADERA OSCURA,01t4w00000NulctAAB
NATURAL,NATURAL,01t4w00000NulcvAAB
,NATURAL,01t4w00000NulcwAAB
BLANCO,BLANCO,01t4w00000NulcxAAB
AMARILLO,BLANCO,01t4w00000NulcyAAB
MORADO,MORADO,01t4w00000NulczAAB
,MORADO,01t4w00000Nuld0AAB
NEGRO,NEGRO,01t4w00000Nuld1AAB
NEGRO,NEGRO,01t4w00000Nuld2AAB
GRIS,GRIS,01t4w00000Nuld3AAB
,GRIS,01t4w00000Nuld4AAB
NEGRO,NEGRO,01t4w00000Nuld5AAB
,NEGRO,01t4w00000Nuld6AAB
AZUL,AZUL,01t4w00000Nuld7AAB
BLANCO,BLANCO,01t4w00000Nuld8AAB
,BLANCO,01t4w00000Nuld9AAB
AZUL,AZUL,01t4w00000NuldAAAR
,AZUL,01t4w00000NuldBAAR
NARANJA,NARANJA,01t4w00000NuldCAAR
,NARANJA,01t4w00000NuldDAAR
AMARILLO,AMARILLO,01t4w00000NuldEAAR
,AMARILLO,01t4w00000NuldFAAR
NIÑA,NIÑA,01t4w00000NuldGAAR
,NIÑA,01t4w00000NuldHAAR
NATURAL+BLANCO,NATURAL+BLANCO,01t4w00000NuldIAAR
,NATURAL+BLANCO,01t4w00000NuldJAAR
,NATURAL+GRIS,01t4w00000NuldKAAR
NATURAL+GRIS,NATURAL+GRIS,01t4w00000NuldLAAR
NEGRO,NEGRO,01t4w00000NuldMAAR
,NEGRO,01t4w00000NuldNAAR
NEGRO,NEGRO,01t4w00000NuldOAAR
,NEGRO,01t4w00000NuldPAAR
BLANCO,BLANCO,01t4w00000NuldQAAR
,BLANCO,01t4w00000NuldRAAR
GRIS,GRIS,01t4w00000NuldSAAR
,GRIS,01t4w00000NuldTAAR
NATURAL,NATURAL,01t4w00000NuldUAAR
,NATURAL,01t4w00000NuldVAAR
BLANCO,BLANCO,01t4w00000NuldWAAR
GRIS+NATURAL,GRIS+NATURAL,01t4w00000NuldXAAR
,BLANCO,01t4w00000NuldYAAR
,GRIS+NATURAL,01t4w00000NuldZAAR
BLANCO+NATURAL,BLANCO+NATURAL,01t4w00000NuldaAAB
,BLANCO+NATURAL,01t4w00000NuldbAAB
NATURAL+BLANCO,NATURAL+BLANCO,01t4w00000NuldcAAB
,NATURAL+BLANCO,01t4w00000NulddAAB
BLANCO+MADERA,BLANCO+MADERA,01t4w00000NuldeAAB
,BLANCO+MADERA,01t4w00000NuldfAAB
BLANCO+MADERA,BLANCO+MADERA,01t4w00000NuldgAAB
,BLANCO+MADERA,01t4w00000NuldhAAB
,BLANCO,01t4w00000NuldiAAB
BLANCO,BLANCO,01t4w00000NuldjAAB
NEGRO,NEGRO,01t4w00000NuldkAAB
,NEGRO,01t4w00000NuldlAAB
BLANCO+NATURAL,BLANCO+NATURAL,01t4w00000NuldmAAB
,BLANCO+NATURAL,01t4w00000NuldnAAB
BLANCO+NEGRO,BLANCO+NEGRO,01t4w00000NuldoAAB
,BLANCO+NEGRO,01t4w00000NuldpAAB
BLANCO+NATURAL,BLANCO+NATURAL,01t4w00000NuldqAAB
,BLANCO+NATURAL,01t4w00000NuldrAAB
NARANJA,NARANJA,01t4w00000NuldsAAB
,NARANJA,01t4w00000NuldtAAB
GRIS,GRIS,01t4w00000NulduAAB
,GRIS,01t4w00000NuldvAAB
BEIGE+AMARILLA+CAFÉ,BEIGE+AMARILLA+CAFÉ,01t4w00000NuldyAAB
,BEIGE+AMARILLA+CAFÉ,01t4w00000NuldzAAB
NEGRO+CAFÉ,NEGRO+CAFÉ,01t4w00000Nule0AAB
,NEGRO+CAFÉ,01t4w00000Nule1AAB
,NEGRO,01t4w00000Nule2AAB
NEGRO,NEGRO,01t4w00000Nule3AAB
GRIS + NEGRO,GRIS + NEGRO,01t4w00000Nule4AAB
,GRIS + NEGRO,01t4w00000Nule5AAB
BLACK,BLACK,01t4w00000Nule6AAB
,BLACK,01t4w00000Nule7AAB
,NEGRO,01t4w00000Nule8AAB
BLACK,BLACK,01t4w00000Nule9AAB
,BLACK,01t4w00000NuleAAAR
CROMADO+MARRON,CROMADO+MARRON,01t4w00000NuleBAAR
,CROMADO+MARRON,01t4w00000NuleCAAR
NATURAL,NATURAL,01t4w00000NuleDAAR
,NATURAL,01t4w00000NuleEAAR
NATURAL,NATURAL,01t4w00000NuleFAAR
,NATURAL,01t4w00000NuleGAAR
,NATURAL,01t4w00000NuleHAAR
NATURAL,NATURAL,01t4w00000NuleIAAR
ACACIA,ACACIA,01t4w00000NuleJAAR
,ACACIA,01t4w00000NuleKAAR
NATURAL,NATURAL,01t4w00000NuleLAAR
NATURAL,NATURAL,01t4w00000NuleMAAR
NATURAL,NATURAL,01t4w00000NuleNAAR
,NATURAL,01t4w00000NuleOAAR
NATURAL,NATURAL,01t4w00000NulePAAR
,NATURAL,01t4w00000NuleQAAR
NATURAL,NATURAL,01t4w00000NuleRAAR
,NATURAL,01t4w00000NuleSAAR
NATURAL,NATURAL,01t4w00000NuleTAAR
,NATURAL,01t4w00000NuleUAAR
NATURAL,NATURAL,01t4w00000NuleVAAR
,NATURAL,01t4w00000NuleWAAR
NATURAL,NATURAL,01t4w00000NuleXAAR
,NATURAL,01t4w00000NuleYAAR
GRIS,GRIS,01t4w00000NuledAAB
,GRIS,01t4w00000NuleeAAB
BLANCO,BLANCO,01t4w00000NulefAAB
,BLANCO,01t4w00000NulegAAB
WARM GREY,WARM GREY,01t4w00000NulehAAB
BLANCO,WARM GREY,01t4w00000NuleiAAB
BLANCO,BLANCO,01t4w00000NulejAAB
,BLANCO,01t4w00000NulekAAB
NEGRO,NEGRO,01t4w00000NulelAAB
,NEGRO,01t4w00000NulemAAB
GRIS,GRIS,01t4w00000NulenAAB
,GRIS,01t4w00000NuleoAAB
,NATURAL,01t4w00000NulepAAB
,NATURAL,01t4w00000NuleqAAB
NEGRO,NEGRO,01t4w00000NulerAAB
,NEGRO,01t4w00000NulesAAB
BLANCO,BLANCO,01t4w00000NuletAAB
BLANCO,BLANCO,01t4w00000NuleuAAB
BLANCO,BLANCO,01t4w00000NulevAAB
BLANCO,BLANCO,01t4w00000NulewAAB
NEGRO+MOCA,NEGRO+MOCA,01t4w00000NulexAAB
,NEGRO+MOCA,01t4w00000NuleyAAB
NEGRO+MOCA,NEGRO+MOCA,01t4w00000NulezAAB
,NEGRO+MOCA,01t4w00000Nulf0AAB
GREY,GREY,01t4w00000Nulf1AAB
,GREY,01t4w00000Nulf2AAB
NATURAL CEMENT,NATURAL CEMENT,01t4w00000Nulf3AAB
,NATURAL CEMENT,01t4w00000Nulf4AAB
GRIS,GRIS,01t4w00000Nulf5AAB
,GRIS,01t4w00000Nulf6AAB
GRIS,GRIS,01t4w00000Nulf7AAB
,GRIS,01t4w00000Nulf8AAB
ROJO+AZUL+AMARILLO,ROJO+AZUL+AMARILLO,01t4w00000Nulf9AAB
,ROJO+AZUL+AMARILLO,01t4w00000NulfAAAR
NATURAL,NATURAL,01t4w00000NulfBAAR
,NATURAL,01t4w00000NulfCAAR
NATURAL,NATURAL,01t4w00000NulfDAAR
,NATURAL,01t4w00000NulfEAAR
NATURAL,NATURAL,01t4w00000NulfFAAR
,NATURAL,01t4w00000NulfGAAR
NATURAL+AZUL,NATURAL+AZUL,01t4w00000NulfHAAR
,NATURAL+AZUL,01t4w00000NulfIAAR
NATURAL,NATURAL,01t4w00000NulfJAAR
,NATURAL,01t4w00000NulfKAAR
MARRON+BLANCO,MARRON+BLANCO,01t4w00000NulfLAAR
,MARRON+BLANCO,01t4w00000NulfMAAR
GRIS + NEGRO,GRIS + NEGRO,01t4w00000NulfNAAR
,GRIS + NEGRO,01t4w00000NulfOAAR
NEGRO+MOCA,NEGRO+MOCA,01t4w00000NulfPAAR
,NEGRO+MOCA,01t4w00000NulfQAAR
BLACK,BLACK,01t4w00000NulfRAAR
,BLACK,01t4w00000NulfSAAR
GRIS+BEIGE,GRIS+BEIGE,01t4w00000NulfTAAR
,GRIS+BEIGE,01t4w00000NulfUAAR
MARRON+MOCA,MARRON+MOCA,01t4w00000NulfVAAR
,MARRON+MOCA,01t4w00000NulfWAAR
MULTICOLOR,MULTICOLOR,01t4w00000NulfXAAR
,MULTICOLOR,01t4w00000NulfYAAR
MULTICOLOR,MULTICOLOR,01t4w00000NulfZAAR
,MULTICOLOR,01t4w00000NulfaAAB
NEGRO+MULTICOLOR,NEGRO+MULTICOLOR,01t4w00000NulfbAAB
,NEGRO+MULTICOLOR,01t4w00000NulfcAAB
NATURAL+NEGRO,NATURAL+NEGRO,01t4w00000NulfdAAB
,NATURAL+NEGRO,01t4w00000NulfeAAB
NATURAL+NEGRO,NATURAL+NEGRO,01t4w00000NulffAAB
,NATURAL+NEGRO,01t4w00000NulfgAAB
NEGRO+BLANCO,NEGRO+BLANCO,01t4w00000NulfhAAB
,NEGRO+BLANCO,01t4w00000NulfiAAB
CROMADO+NATURAL,CROMADO+NATURAL,01t4w00000NulflAAB
,CROMADO+NATURAL,01t4w00000NulfmAAB
NEGRO,NEGRO,01t4w00000NulfnAAB
,NEGRO,01t4w00000NulfoAAB
STRIPE,STRIPE,01t4w00000NulfpAAB
,STRIPE,01t4w00000NulfqAAB
SANDIA,SANDIA,01t4w00000NulftAAB
,SANDIA,01t4w00000NulfuAAB
BLUE,BLUE,01t4w00000NulfvAAB
,BLUE,01t4w00000NulfwAAB
MOCA,MOCA,01t4w00000NulfxAAB
,MOCA,01t4w00000NulfyAAB
BLANCO+NEGRO,BLANCO+NEGRO,01t4w00000NulfzAAB
,BLANCO+NEGRO,01t4w00000Nulg0AAB
BLUE,BLUE,01t4w00000Nulg1AAB
,BLUE,01t4w00000Nulg2AAB
BEIGE,BEIGE,01t4w00000Nulg3AAB
,BEIGE,01t4w00000Nulg4AAB
MADERA,MADERA,01t4w00000Nulg5AAB
,MADERA,01t4w00000Nulg6AAB
AZUL,AZUL,01t4w00000Nulg7AAB
,AZUL,01t4w00000Nulg8AAB
ROJO,ROJO,01t4w00000Nulg9AAB
,ROJO,01t4w00000NulgAAAR
NEGRO+NATURAL+BLANCO,NEGRO+NATURAL+BLANCO,01t4w00000NulgBAAR
,NEGRO+NATURAL+BLANCO,01t4w00000NulgCAAR
"ROSA, AZUL o VERDE","ROSA, AZUL o VERDE",01t4w00000NulgDAAR
,"ROSA, AZUL o VERDE",01t4w00000NulgEAAR
BLANCO,BLANCO,01t4w00000NulgFAAR
,BLANCO,01t4w00000NulgGAAR
BLUE,BLUE,01t4w00000NulgHAAR
,BLUE,01t4w00000NulgIAAR
"VERDE, NATURAL Y ROSA","VERDE, NATURAL Y ROSA",01t4w00000NulgNAAR
,"VERDE, NATURAL Y ROSA",01t4w00000NulgOAAR
NEGRO+BLANCO,NEGRO+BLANCO,01t4w00000NulgPAAR
,NEGRO+BLANCO,01t4w00000NulgQAAR
GRIS,GRIS,01t4w00000NulgRAAR
,GRIS,01t4w00000NulgSAAR
BLUE,BLUE,01t4w00000NulgTAAR
,BLUE,01t4w00000NulgUAAR
BROWN,BROWN,01t4w00000NulgVAAR
,BROWN,01t4w00000NulgWAAR
BLACK,BLACK,01t4w00000NulgXAAR
,BLACK,01t4w00000NulgYAAR
BLACK,BLACK,01t4w00000NulgZAAR
,BLACK,01t4w00000NulgaAAB
AZUL,AZUL,01t4w00000NulgbAAB
,AZUL,01t4w00000NulgcAAB
ROJO,ROJO,01t4w00000NulgdAAB
,ROJO,01t4w00000NulgeAAB
MULTICOLOR,MULTICOLOR,01t4w00000NulgfAAB
,MULTICOLOR,01t4w00000NulggAAB
ROSA+BLANCO,ROSA+BLANCO,01t4w00000NulghAAB
,ROSA+BLANCO,01t4w00000NulgiAAB
MORADO,MORADO,01t4w00000NulgjAAB
,MORADO,01t4w00000NulgkAAB
NARANJA,NARANJA,01t4w00000NulglAAB
,NARANJA,01t4w00000NulgmAAB
NEGRO+VERDE,NEGRO+VERDE,01t4w00000NulgnAAB
,NEGRO+VERDE,01t4w00000NulgoAAB
GRIS + NATURAL,GRIS + NATURAL,01t4w00000NulgpAAB
,GRIS + NATURAL,01t4w00000NulgqAAB
NATURAL,NATURAL,01t4w00000NulgrAAB
,NATURAL,01t4w00000NulgsAAB
GRIS,GRIS,01t4w00000NulgtAAB
,GRIS,01t4w00000NulguAAB
GRIS+VERDE,GRIS+VERDE,01t4w00000NulgvAAB
,GRIS+VERDE,01t4w00000NulgwAAB
ORO+NEGRO,ORO+NEGRO,01t4w00000NulgxAAB
,ORO+NEGRO,01t4w00000NulgyAAB
ORO+NEGRO,ORO+NEGRO,01t4w00000NulgzAAB
,ORO+NEGRO,01t4w00000Nulh0AAB
ORO+NEGRO,ORO+NEGRO,01t4w00000Nulh1AAB
,ORO+NEGRO,01t4w00000Nulh2AAB
GRIS+VERDE,GRIS+VERDE,01t4w00000Nulh3AAB
,GRIS+VERDE,01t4w00000Nulh4AAB
GRIS+VERDE,GRIS+VERDE,01t4w00000Nulh5AAB
,GRIS+VERDE,01t4w00000Nulh6AAB
NARANJA+NEGRO,NARANJA+NEGRO,01t4w00000Nulh7AAB
,NARANJA+NEGRO,01t4w00000Nulh8AAB
VARIOS,VARIOS,01t4w00000NulhAAAR
,VARIOS,01t4w00000NulhBAAR
,NEGRO,01t4w00000NulhEAAR
,CROMADO+NATURAL,01t4w00000NulhHAAR
GRIS,GRIS,01t4w00000NulhIAAR
,GRIS,01t4w00000NulhJAAR
AZUL,AZUL,01t4w00000NulhKAAR
,AZUL,01t4w00000NulhLAAR
ROJO,ROJO,01t4w00000NulhMAAR
,ROJO,01t4w00000NulhNAAR
BLUE,BLUE,01t4w00000NulhOAAR
,BLUE,01t4w00000NulhPAAR
BLACK,BLACK,01t4w00000NulhQAAR
,BLACK,01t4w00000NulhRAAR
BLACK,BLACK,01t4w00000NulhSAAR
,BLACK,01t4w00000NulhTAAR
BROWN,BROWN,01t4w00000NulhUAAR
,BROWN,01t4w00000NulhVAAR
BLACK,BLACK,01t4w00000NulhWAAR
,BLACK,01t4w00000NulhXAAR
BLACK,BLACK,01t4w00000NulhYAAR
,BLACK,01t4w00000NulhZAAR
CROMADO+MARRON,CROMADO+MARRON,01t4w00000NulhaAAB
,CROMADO+MARRON,01t4w00000NulhbAAB
NEGRO+BEIGE,NEGRO+BEIGE,01t4w00000NulhcAAB
,NEGRO+BEIGE,01t4w00000NulhdAAB
ROSA+BLANCO,ROSA+BLANCO,01t4w00000NulheAAB
,ROSA+BLANCO,01t4w00000NulhfAAB
NEGRO+CAFÉ,NEGRO+CAFÉ,01t4w00000NulhgAAB
,NEGRO+CAFÉ,01t4w00000NulhhAAB
MULTICOLOR,MULTICOLOR,01t4w00000NulhiAAB
,MULTICOLOR,01t4w00000NulhjAAB
MULTICOLOR,MULTICOLOR,01t4w00000NulhkAAB
MULTICOLOR,MULTICOLOR,01t4w00000NulhlAAB
,MULTICOLOR,01t4w00000NulhmAAB
,MULTICOLOR,01t4w00000NulhnAAB
VERDE,VERDE,01t4w00000NulhoAAB
,VERDE,01t4w00000NulhpAAB
,MENTA+PURPURA,01t4w00000NulhqAAB
MENTA+PURPURA,MENTA+PURPURA,01t4w00000NulhrAAB
AZUL,AZUL,01t4w00000NulhsAAB
,AZUL,01t4w00000NulhtAAB
ROSA,ROSA,01t4w00000NulhuAAB
,ROSA,01t4w00000NulhvAAB
MADERA,MADERA,01t4w00000NulhwAAB
,MADERA,01t4w00000NulhxAAB
NEGRO,NEGRO,01t4w00000NulhyAAB
,NEGRO,01t4w00000NulhzAAB
BLANCO,BLANCO,01t4w00000Nuli0AAB
,BLANCO,01t4w00000Nuli1AAB
ROJO,ROJO,01t4w00000Nuli2AAB
AZUL,AZUL,01t4w00000Nuli3AAB
NEGRO,NEGRO,01t4w00000Nuli4AAB
ROJO,ROJO,01t4w00000Nuli5AAB
AZUL,AZUL,01t4w00000Nuli6AAB
NEGRO,NEGRO,01t4w00000Nuli7AAB
ROJO,ROJO,01t4w00000Nuli8AAB
AZUL,AZUL,01t4w00000Nuli9AAB
NEGRO,NEGRO,01t4w00000NuliAAAR
AZUL NAVY,AZUL NAVY,01t4w00000NuliBAAR
,AZUL NAVY,01t4w00000NuliCAAR
,NEGRO,01t4w00000NuliDAAR
,AZUL,01t4w00000NuliEAAR
,NEGRO,01t4w00000NuliFAAR
,ROJO,01t4w00000NuliGAAR
,ROJO,01t4w00000NuliHAAR
,AZUL,01t4w00000NuliIAAR
,NEGRO,01t4w00000NuliJAAR
,AZUL,01t4w00000NuliKAAR
,ROJO,01t4w00000NuliLAAR
BLANCO,BLANCO,01t4w00000NuliMAAR
,BLANCO,01t4w00000NuliNAAR
VERDE,VERDE,01t4w00000NuliOAAR
,VERDE,01t4w00000NuliPAAR
NEGRA,NEGRA,01t4w00000NuliQAAR
,NEGRA,01t4w00000NuliRAAR
NEGRO,NEGRO,01t4w00000NuliSAAR
,NEGRO,01t4w00000NuliTAAR
AZUL,AZUL,01t4w00000NuliUAAR
,AZUL,01t4w00000NuliVAAR
VERDE,VERDE,01t4w00000NuliWAAR
,VERDE,01t4w00000NuliXAAR
NEGRO,NEGRO,01t4w00000NuliYAAR
,NEGRO,01t4w00000NuliZAAR
AZUL,AZUL,01t4w00000NuliaAAB
,AZUL,01t4w00000NulibAAB
VERDE,VERDE,01t4w00000NulicAAB
,VERDE,01t4w00000NulidAAB
NEGRO,NEGRO,01t4w00000NulieAAB
,NEGRO,01t4w00000NulifAAB
AZUL,AZUL,01t4w00000NuligAAB
,AZUL,01t4w00000NulihAAB
NEGRO+BEIGE,NEGRO+BEIGE,01t4w00000NuliiAAB
,NEGRO+BEIGE,01t4w00000NulijAAB
GRIS,GRIS,01t4w00000NulikAAB
,GRIS,01t4w00000NulilAAB
BLANCO+AZUL,BLANCO+AZUL,01t4w00000NulimAAB
,BLANCO+AZUL,01t4w00000NulinAAB
MADERA,MADERA,01t4w00000NulioAAB
,MADERA,01t4w00000NulipAAB
MARRON,MARRON,01t4w00000NuliqAAB
,MARRON,01t4w00000NulirAAB
CAMEL,CAMEL,01t4w00000NulisAAB
,CAMEL,01t4w00000NulitAAB
VARIOS,VARIOS,01t4w00000NuliuAAB
,VARIOS,01t4w00000NulivAAB
NATURAL+GRIS,NATURAL+GRIS,01t4w00000NuliwAAB
,GOLD,01t4w00000NulixAAB
,NATURAL+GRIS,01t4w00000NuliyAAB
GOLD,GOLD,01t4w00000NulizAAB
,GOLD,01t4w00000Nulj0AAB
GOLD,GOLD,01t4w00000Nulj1AAB
,GOLD,01t4w00000Nulj2AAB
GOLD,GOLD,01t4w00000Nulj3AAB
,NEGRO,01t4w00000Nulj4AAB
AZUL,AZUL,01t4w00000Nulj5AAB
,AZUL,01t4w00000Nulj6AAB
LIMA,LIMA,01t4w00000Nulj7AAB
,LIMA,01t4w00000Nulj8AAB
NARANJA,NARANJA,01t4w00000Nulj9AAB
,NARANJA,01t4w00000NuljAAAR
WARM GREY,WARM GREY,01t4w00000NuljBAAR
BLANCO,BLANCO,01t4w00000NuljCAAR
NATURAL + BLANCO,NATURAL + BLANCO,01t4w00000NuljDAAR
DORADO + BLANCO,DORADO + BLANCO,01t4w00000NuljEAAR
MADERA + NEGRO,MADERA + NEGRO,01t4w00000NuljFAAR
NATURAL+NEGRO,NATURAL+NEGRO,01t4w00000NuljGAAR
BLANCO + NEGRO,BLANCO + NEGRO,01t4w00000NuljHAAR
BEIGE,BEIGE,01t4w00000NuljIAAR
NEGRO,NEGRO,01t4w00000NuljJAAR
NEGRO,NEGRO,01t4w00000NuljKAAR
NEGRO,NEGRO,01t4w00000NuljLAAR
NEGRO,NEGRO,01t4w00000NuljMAAR
NEGRO,NEGRO,01t4w00000NuljNAAR
NEGRO,NEGRO,01t4w00000NuljOAAR
NEGRO,NEGRO,01t4w00000NuljPAAR
NEGRO,NEGRO,01t4w00000NuljQAAR
BLANCO,BLANCO,01t4w00000NuljRAAR
BLANCO,BLANCO,01t4w00000NuljSAAR
BLANCO,BLANCO,01t4w00000NuljTAAR
BLANCO,BLANCO,01t4w00000NuljUAAR
NEGRO,NEGRO,01t4w00000NuljVAAR
BLANCO,BLANCO,01t4w00000NuljWAAR
BLACK,BLACK,01t4w00000NuljXAAR
BLANCO,BLANCO,01t4w00000NuljYAAR
BLANCO,BLANCO,01t4w00000NuljZAAR
BLANCO,BLANCO,01t4w00000NuljaAAB
WARM GREY,WARM GREY,01t4w00000NuljbAAB
BLANCO,BLANCO,01t4w00000NuljcAAB
ROJO+AMARILLO,ROJO+AMARILLO,01t4w00000NuljdAAB
VERDE,VERDE,01t4w00000NuljeAAB
NEGRO,NEGRO,01t4w00000NuljfAAB
NEGRO,NEGRO,01t4w00000NuljgAAB
NEGRO,NEGRO,01t4w00000NuljhAAB
VERDE + BLANCO,VERDE + BLANCO,01t4w00000NuljiAAB
PLATA,PLATA,01t4w00000NuljjAAB
AZUL,AZUL,01t4w00000NuljkAAB
NIÑA,NIÑA,01t4w00000NuljlAAB
NIÑO,NIÑO,01t4w00000NuljmAAB
BLANCO+NEGRO,BLANCO+NEGRO,01t4w00000NuljnAAB
NIÑA,NIÑA,01t4w00000NuljoAAB
NIÑO,NIÑO,01t4w00000NuljpAAB
NATURAL,NATURAL,01t4w00000NuljqAAB
NATURAL,NATURAL,01t4w00000NuljrAAB
NATURAL,NATURAL,01t4w00000NuljsAAB
ROSA,ROSA,01t4w00000NuljtAAB
ROJO,ROJO,01t4w00000NuljuAAB
RED/ YELLOW/ BLUE/ GREEN/ PINK,RED/ YELLOW/ BLUE/ GREEN/ PINK,01t4w00000NuljvAAB
VERDE,VERDE,01t4w00000NuljwAAB
NIÑA,NIÑA,01t4w00000NuljxAAB
NIÑO,NIÑO,01t4w00000NuljyAAB
ROJO+AZUL+VERDE+AMARILLO,ROJO+AZUL+VERDE+AMARILLO,01t4w00000NuljzAAB
"RED ,BULE ,GREEN","RED ,BULE ,GREEN",01t4w00000Nulk0AAB
VERDE,VERDE,01t4w00000Nulk1AAB
NEGRO,NEGRO,01t4w00000Nulk2AAB
VARIOS,VARIOS,01t4w00000Nulk3AAB
BLANCO,BLANCO,01t4w00000Nulk4AAB
VARIOS COLORES,VARIOS COLORES,01t4w00000Nulk5AAB
BLANCO,BLANCO,01t4w00000Nulk6AAB
WHITE/BLACK/GOLD/SILVER,WHITE/BLACK/GOLD/SILVER,01t4w00000Nulk7AAB
NEGRO,NEGRO,01t4w00000Nulk8AAB
NEGRO,NEGRO,01t4w00000Nulk9AAB
BLANCO,BLANCO,01t4w00000NulkAAAR
GRIS,GRIS,01t4w00000NulkBAAR
BLANCO + NEGRO,BLANCO + NEGRO,01t4w00000NulkCAAR
BLANCO+NATURAL,BLANCO+NATURAL,01t4w00000NulkDAAR
NEGRO,NEGRO,01t4w00000NulkEAAR
BLANCO,BLANCO,01t4w00000NulkFAAR
BLANCO,BLANCO,01t4w00000NulkGAAR
BLANCO,BLANCO,01t4w00000NulkHAAR
NEGRO,NEGRO,01t4w00000NulkIAAR
NEGRO,NEGRO,01t4w00000NulkJAAR
NATURAL+NEGRO,NATURAL+NEGRO,01t4w00000NulkKAAR
NATURAL+AMARILLO+ACQUA+ROJO,NATURAL+AMARILLO+ACQUA+ROJO,01t4w00000NulkLAAR
BLANCO+DORADO,BLANCO+DORADO,01t4w00000NulkMAAR
BLANCO,BLANCO,01t4w00000NulkNAAR
NEGRO,NEGRO,01t4w00000NulkOAAR
BLANCO + NEGRO,BLANCO + NEGRO,01t4w00000NulkPAAR
NATURAL + NEGRO,NATURAL + NEGRO,01t4w00000NulkQAAR
NATURAL + NEGRO,NATURAL + NEGRO,01t4w00000NulkRAAR
NATURAL + NEGRO,NATURAL + NEGRO,01t4w00000NulkSAAR
NATURAL,NATURAL,01t4w00000NulkTAAR
NEGRO,NEGRO,01t4w00000NulkUAAR
NEGRO,NEGRO,01t4w00000NulkVAAR
NEGRO,NEGRO,01t4w00000NulkWAAR
NEGRO + MADERA,NEGRO + MADERA,01t4w00000NulkXAAR
NATURAL + BLANCO,NATURAL + BLANCO,01t4w00000NulkYAAR
NATURAL + BLANCO,NATURAL + BLANCO,01t4w00000NulkZAAR
NATURAL + BLANCO,NATURAL + BLANCO,01t4w00000NulkaAAB
NATURAL + BLANCO,NATURAL + BLANCO,01t4w00000NulkbAAB
NATURAL,NATURAL,01t4w00000NulkcAAB
NEGRO,NEGRO,01t4w00000NulkdAAB
NEGRO,NEGRO,01t4w00000NulkeAAB
BLANCO,WARM GREY,01t4w00000NulkfAAB
BLANCO,BLANCO,01t4w00000NulkgAAB
NATURAL + BLANCO,NATURAL + BLANCO,01t4w00000NulkhAAB
DORADO + BLANCO,DORADO + BLANCO,01t4w00000NulkiAAB
MADERA + NEGRO,MADERA + NEGRO,01t4w00000NulkjAAB
MADERA + NEGRO,NATURAL+NEGRO,01t4w00000NulkkAAB
BLANCO + NEGRO,BLANCO + NEGRO,01t4w00000NulklAAB
MARRON,BEIGE,01t4w00000NulkmAAB
NEGRO,NEGRO,01t4w00000NulknAAB
NEGRO,NEGRO,01t4w00000NulkoAAB
NEGRO,NEGRO,01t4w00000NulkpAAB
NEGRO,NEGRO,01t4w00000NulkqAAB
NEGRO,NEGRO,01t4w00000NulkrAAB
NEGRO,NEGRO,01t4w00000NulksAAB
NEGRO,NEGRO,01t4w00000NulktAAB
NEGRO,NEGRO,01t4w00000NulkuAAB
BLANCO,BLANCO,01t4w00000NulkvAAB
BLANCO,BLANCO,01t4w00000NulkwAAB
BLANCO,BLANCO,01t4w00000NulkxAAB
BLANCO,BLANCO,01t4w00000NulkyAAB
NEGRO,NEGRO,01t4w00000NulkzAAB
BLANCO,BLANCO,01t4w00000Null0AAB
NEGRO,BLACK,01t4w00000Null1AAB
BLANCO,BLANCO,01t4w00000Null2AAB
BLANCO,BLANCO,01t4w00000Null3AAB
BLANCO,BLANCO,01t4w00000Null4AAB
BLANCO,WARM GREY,01t4w00000Null5AAB
BLANCO,BLANCO,01t4w00000Null6AAB
VERDE,ROJO+AMARILLO,01t4w00000Null7AAB
AMARILLO + ROJO,VERDE,01t4w00000Null8AAB
NEGRO,NEGRO,01t4w00000Null9AAB
NEGRO,NEGRO,01t4w00000NullAAAR
NEGRO,NEGRO,01t4w00000NullBAAR
VERDE + BLANCO,VERDE + BLANCO,01t4w00000NullCAAR
PLATA,PLATA,01t4w00000NullDAAR
AZUL,AZUL,01t4w00000NullEAAR
ROSA,NIÑA,01t4w00000NullFAAR
AZUL,NIÑO,01t4w00000NullGAAR
BLANCO + NEGRO,BLANCO+NEGRO,01t4w00000NullHAAR
ROSA,NIÑA,01t4w00000NullIAAR
AZUL,NIÑO,01t4w00000NullJAAR
NATURAL,NATURAL,01t4w00000NullKAAR
NATURAL,NATURAL,01t4w00000NullLAAR
NATURAL,NATURAL,01t4w00000NullMAAR
ROSA,ROSA,01t4w00000NullNAAR
ROJO,ROJO,01t4w00000NullOAAR
AZUL,AZUL,01t4w00000NullPAAR
AMARILLO,RED/ YELLOW/ BLUE/ GREEN/ PINK,01t4w00000NullQAAR
VERDE,VERDE,01t4w00000NullRAAR
ROSA,NIÑA,01t4w00000NullSAAR
AZUL,NIÑO,01t4w00000NullTAAR
"ROJO, AZUL, VERDE y AMARILLO + NEGRO y BLANCO",ROJO+AZUL+VERDE+AMARILLO,01t4w00000NullUAAR
"RED ,BULE ,GREEN","RED ,BULE ,GREEN",01t4w00000NullVAAR
VERDE,VERDE,01t4w00000NullWAAR
NEGRO,NEGRO,01t4w00000NullXAAR
AZUL,VARIOS,01t4w00000NullYAAR
BLANCO,BLANCO,01t4w00000NullZAAR
ROJO,VARIOS COLORES,01t4w00000NullaAAB
BLANCO,BLANCO,01t4w00000NullbAAB
BLANCO,WHITE/BLACK/GOLD/SILVER,01t4w00000NullcAAB
NEGRO,NEGRO,01t4w00000NulldAAB
NEGRO,NEGRO,01t4w00000NulleAAB
BLANCO,BLANCO,01t4w00000NullfAAB
GRIS,GRIS,01t4w00000NullgAAB
BLANCO + NEGRO,BLANCO + NEGRO,01t4w00000NullhAAB
BLANCO + MADERA,BLANCO+NATURAL,01t4w00000NulliAAB
NEGRO,NEGRO,01t4w00000NulljAAB
BLANCO,BLANCO,01t4w00000NullkAAB
BLANCO,BLANCO,01t4w00000NulllAAB
BLANCO,BLANCO,01t4w00000NullmAAB
NEGRO,NEGRO,01t4w00000NullnAAB
NEGRO,NEGRO,01t4w00000NulloAAB
NATURAL + NEGRO,NATURAL+NEGRO,01t4w00000NullpAAB
NATURAL + AMARILLO + ACQUA + ROJO,NATURAL+AMARILLO+ACQUA+ROJO,01t4w00000NullqAAB
BLANCO + DORADO,BLANCO+DORADO,01t4w00000NullrAAB
BLANCO,BLANCO,01t4w00000NullsAAB
NEGRO,NEGRO,01t4w00000NulltAAB
BLANCO + NEGRO,BLANCO + NEGRO,01t4w00000NulluAAB
NATURAL + NEGRO,NATURAL + NEGRO,01t4w00000NullvAAB
NATURAL + NEGRO,NATURAL + NEGRO,01t4w00000NullwAAB
NATURAL + NEGRO,NATURAL + NEGRO,01t4w00000NullxAAB
NATURAL,NATURAL,01t4w00000NullyAAB
NEGRO,NEGRO,01t4w00000NullzAAB
NEGRO,NEGRO,01t4w00000Nulm0AAB
NEGRO,NEGRO,01t4w00000Nulm1AAB
NEGRO + MADERA,NEGRO + MADERA,01t4w00000Nulm2AAB
NATURAL + BLANCO,NATURAL + BLANCO,01t4w00000Nulm3AAB
NATURAL + BLANCO,NATURAL + BLANCO,01t4w00000Nulm4AAB
NATURAL + BLANCO,NATURAL + BLANCO,01t4w00000Nulm5AAB
NATURAL + BLANCO,NATURAL + BLANCO,01t4w00000Nulm6AAB
NATURAL,NATURAL,01t4w00000Nulm7AAB
NEGRO,NEGRO,01t4w00000Nulm8AAB
NEGRO,NEGRO,01t4w00000Nulm9AAB
MADERA,MADERA,01t4w00000NulmAAAR
,MADERA,01t4w00000NulmBAAR
VARIOS,VARIOS,01t4w00000NulmCAAR
NEGRO,NEGRO,01t4w00000NulmDAAR
NEGRO Y ROJO,NEGRO Y ROJO,01t4w00000NulmEAAR
,NEGRO Y ROJO,01t4w00000NulmFAAR
NEGRO,NEGRO,01t4w00000NulmGAAR
BLANCO,BLANCO,01t4w00000NulmHAAR
NEGRO,NEGRO,01t4w00000NulmIAAR
,NEGRO,01t4w00000NulmJAAR
NEGRO,NEGRO,01t4w00000NulmKAAR
NEGRO,NEGRO,01t4w00000NulmLAAR
MARRÓN,MARRÓN,01t4w00000NulmMAAR
MARRÓN,MARRÓN,01t4w00000NulmNAAR
NEGRO,NEGRO,01t4w00000NulmOAAR
MARRON,MARRON,01t4w00000NulmPAAR
NEGRO+BLANCO,NEGRO+BLANCO,01t4w00000NulmQAAR
AZUL NAVY+ROJO,AZUL NAVY+ROJO,01t4w00000NulmRAAR
NEGRA + METAL,NEGRA + METAL,01t4w00000NulmSAAR
CROMADO+NATURAL,CROMADO+NATURAL,01t4w00000NulmTAAR
METAL,METAL,01t4w00000NulmUAAR
CROMADO,CROMADO,01t4w00000NulmWAAR
NEGRO,NEGRO,01t4w00000NulmXAAR
NEGRO,NEGRO,01t4w00000NulmZAAR
NEGRO,NEGRO,01t4w00000NulmaAAB
NEGRO,NEGRO,01t4w00000NulmbAAB
MULTICOLOR,MULTICOLOR,01t4w00000NulmcAAB
NEGRO,NEGRO,01t4w00000NulmdAAB
VERDE MENTA,VERDE MENTA,01t4w00000NulmeAAB
VARIOS,VARIOS,01t4w00000NulmfAAB
"ROSA, AZUL o VERDE","ROSA, AZUL o VERDE",01t4w00000NulmhAAB
NATURAL,NATURAL,01t4w00000NulmkAAB
GRIS,GRIS,01t4w00000NulmlAAB
BLANCO,BLANCO,01t4w00000NulmmAAB
NEGRO,NEGRO,01t4w00000NulmnAAB
NEGRO+MOCA,NEGRO+MOCA,01t4w00000NulmoAAB
NEGRO+MOCA,NEGRO+MOCA,01t4w00000NulmpAAB
MARRON+MOCA,MARRON+MOCA,01t4w00000NulmqAAB
AZUL,AZUL,01t4w00000NulmrAAB
FLOR,FLOR,01t4w00000NulmtAAB
TERRACOTA+OCRE,TERRACOTA+OCRE,01t4w00000NulmuAAB
GRIS,GRIS,01t4w00000NulmxAAB
NEGRO,NEGRO,01t4w00000NulmyAAB
NEGRO+MULTICOLOR,NEGRO+MULTICOLOR,01t4w00000NulmzAAB
BLANCO+NEGRO,BLANCO+NEGRO,01t4w00000Nuln0AAB
BLANCO+NEGRO,BLANCO+NEGRO,01t4w00000Nuln1AAB
BLANCO,BLANCO,01t4w00000Nuln2AAB
,BLANCO,01t4w00000Nuln3AAB
BLANCO,BLANCO,01t4w00000Nuln4AAB
,BLANCO,01t4w00000Nuln5AAB
BLANCO,BLANCO,01t4w00000Nuln6AAB
,BLANCO,01t4w00000Nuln7AAB
NEGRO,NEGRO,01t4w00000Nuln8AAB
NEGRO+NATURAL,NEGRO+NATURAL,01t4w00000NulnAAAR
,NEGRO+NATURAL,01t4w00000NulnBAAR
OCRE,OCRE,01t4w00000NulnCAAR
NEGRO+PLATA,NEGRO+PLATA,01t4w00000NulnDAAR
,NEGRO+PLATA,01t4w00000NulnEAAR
PLATA,PLATA,01t4w00000NulnFAAR
,PLATA,01t4w00000NulnGAAR
CHOCOLATE,CHOCOLATE,01t4w00000NulnHAAR
NATURAL,NATURAL,01t4w00000NulnIAAR
CHOCOLATE,CHOCOLATE,01t4w00000NulnJAAR
NATURAL,NATURAL,01t4w00000NulnKAAR
BLANCO + NEGRO,BLANCO + NEGRO,01t4w00000NulnLAAR
,BLANCO + NEGRO,01t4w00000NulnMAAR
BLANCO,BLANCO,01t4w00000NulnNAAR
,BLANCO,01t4w00000NulnOAAR
BLANCO,BLANCO,01t4w00000NulnPAAR
,BLANCO,01t4w00000NulnQAAR
BLANCO,BLANCO,01t4w00000NulnRAAR
GRIS,GRIS,01t4w00000NulnSAAR
NEGRO,NEGRO,01t4w00000NulnTAAR
NEGRO,NEGRO,01t4w00000NulnUAAR
,GRIS,01t4w00000NulnVAAR
,NEGRO,01t4w00000NulnWAAR
,NEGRO,01t4w00000NulnXAAR
,NEGRO,01t4w00000NulnYAAR
,BLANCO,01t4w00000NulnZAAR
,VARIOS,01t4w00000NulnaAAB
,NEGRO,01t4w00000NulnbAAB
,NEGRO,01t4w00000NulncAAB
NEGRO,NEGRO,01t4w00000NulndAAB
,NEGRO,01t4w00000NulneAAB
NEGRO + PLATA,NEGRO + PLATA,01t4w00000NulnfAAB
,NEGRO + PLATA,01t4w00000NulngAAB
BLANCO+MADERA,BLANCO+MADERA,01t4w00000NulnhAAB
,BLANCO+MADERA,01t4w00000NulniAAB
BLANCO+MADERA,BLANCO+MADERA,01t4w00000NulnjAAB
,BLANCO+MADERA,01t4w00000NulnkAAB
VERDE,VERDE,01t4w00000NulnlAAB
,VERDE,01t4w00000NulnmAAB
NATURAL,NATURAL,01t4w00000NulnpAAB
,NATURAL,01t4w00000NulnqAAB
NATURAL,NATURAL,01t4w00000NulnrAAB
,NATURAL,01t4w00000NulnsAAB
,MARRÓN,01t4w00000NulntAAB
,MARRÓN,01t4w00000NulnuAAB
,NEGRO,01t4w00000NulnvAAB
,NEGRO,01t4w00000NulnwAAB
,PLATA,01t4w00000NulnxAAB
,AZUL NAVY+ROJO,01t4w00000NulnyAAB
,CROMADO+NATURAL,01t4w00000NulnzAAB
,CROMADO,01t4w00000Nulo1AAB
,NEGRO,01t4w00000Nulo3AAB
,NEGRO,01t4w00000Nulo4AAB
,"ROSA, AZUL o VERDE",01t4w00000Nulo5AAB
,VERDE MENTA,01t4w00000Nulo6AAB
,VARIOS,01t4w00000Nulo7AAB
,NEGRO+MOCA,01t4w00000Nulo9AAB
,MARRON+MOCA,01t4w00000NuloAAAR
,MULTICOLOR,01t4w00000NuloBAAR
,NEGRO,01t4w00000NuloCAAR
,MARRON,01t4w00000NuloDAAR
,NEGRO+BLANCO,01t4w00000NuloEAAR
,NEGRO+MULTICOLOR,01t4w00000NuloFAAR
,NATURAL,01t4w00000NuloHAAR
,NEGRO,01t4w00000NuloIAAR
,NEGRO,01t4w00000NuloJAAR
,BLANCO+NEGRO,01t4w00000NuloKAAR
,BLANCO+NEGRO,01t4w00000NuloLAAR
,OCRE,01t4w00000NuloMAAR
BLANCO + GRIS,BLANCO + GRIS,01t4w00000NuloNAAR
,BLANCO + GRIS,01t4w00000NuloOAAR
NEGRO,NEGRO,01t4w00000NuloPAAR
,NEGRO,01t4w00000NuloQAAR
NATURAL,NATURAL,01t4w00000NuloTAAR
,NATURAL,01t4w00000NuloUAAR
NATURAL+VERDE,NATURAL+VERDE,01t4w00000NuloVAAR
,NATURAL+VERDE,01t4w00000NuloWAAR
NATURAL,NATURAL,01t4w00000NuloXAAR
,NATURAL,01t4w00000NuloYAAR
NEGRO+MULTICOLOR,NEGRO+MULTICOLOR,01t4w00000NuloZAAR
,NEGRO+MULTICOLOR,01t4w00000NuloaAAB
NATURAL,NATURAL,01t4w00000NulobAAB
,NATURAL,01t4w00000NulocAAB
,BLANCO,01t4w00000NulofAAB
MADERA,MADERA,01t4w00000NulogAAB
,MADERA,01t4w00000NulohAAB
NEGRO,NEGRO,01t4w00000NuloiAAB
,NEGRO,01t4w00000NulojAAB
NEGRO,NEGRO,01t4w00000NulomAAB
GRIS,GRIS,01t4w00000NulopAAB
BLANCO,BLANCO,01t4w00000NuloqAAB
WARM GREY,WARM GREY,01t4w00000NulorAAB
NEGRO,NEGRO,01t4w00000NulosAAB
BLANCO,BLANCO,01t4w00000NulotAAB
NEGRO,NEGRO,01t4w00000NulouAAB
,GRIS,01t4w00000NuloxAAB
,BLANCO,01t4w00000NuloyAAB
,WARM GREY,01t4w00000NulozAAB
,NEGRO,01t4w00000Nulp0AAB
,BLANCO,01t4w00000Nulp1AAB
,NEGRO,01t4w00000Nulp2AAB
,GRIS,01t4w00000Nulp3AAB
VERDE,VERDE,01t4w00000Nulp4AAB
WARM GREY,WARM GREY,01t4w00000Nulp9AAB
BLANCO,BLANCO,01t4w00000NulpAAAR
,BLANCO,01t4w00000NulpBAAR
,WARM GREY,01t4w00000NulpCAAR
,BLANCO,01t4w00000NulpDAAR
BLANCO,BLANCO,01t4w00000NulpEAAR
VERDE,VERDE,01t4w00000NulpFAAR
,BLANCO,01t4w00000NulpGAAR
,VERDE,01t4w00000NulpHAAR
NEGRO,NEGRO,01t4w00000NulpIAAR
,NEGRO,01t4w00000NulpJAAR
NEGRO+NATURAL,NEGRO+NATURAL,01t4w00000NulpMAAR
SAND COLOR,SAND COLOR,01t4w00000NulpNAAR
VERDE,VERDE,01t4w00000NulpOAAR
GRIS+BEIGE,GRIS+BEIGE,01t4w00000NulpPAAR
,NEGRO+NATURAL,01t4w00000NulpQAAR
,SAND COLOR,01t4w00000NulpRAAR
,VERDE,01t4w00000NulpSAAR
,GRIS+BEIGE,01t4w00000NulpTAAR
ROJO,ROJO,01t4w00000NulpUAAR
,ROJO,01t4w00000NulpVAAR
BLANCO+NEGRO,BLANCO+NEGRO,01t4w00000NulpYAAR
,BLANCO+NEGRO,01t4w00000NulpZAAR
NEGRO,NEGRO,01t4w00000NulpaAAB
,NEGRO,01t4w00000NulpbAAB
ECRU,ECRU,01t4w00000NulpcAAB
,ECRU,01t4w00000NulpdAAB
NEGRO,NEGRO,01t4w00000NulpeAAB
,NEGRO,01t4w00000NulpfAAB
BLANCO,BLANCO,01t4w00000NulpgAAB
GRIS,GRIS,01t4w00000NulphAAB
NEGRO,NEGRO,01t4w00000NulpiAAB
VERDE y BLANCO,VERDE y BLANCO,01t4w00000NulpjAAB
BLANCO,BLANCO,01t4w00000NulpkAAB
GRIS,GRIS,01t4w00000NulplAAB
GRIS,GRIS,01t4w00000NulpmAAB
CHOCOLATE,CHOCOLATE,01t4w00000NulpnAAB
GRIS,GRIS,01t4w00000NulpoAAB
NEGRO,NEGRO,01t4w00000NulppAAB
PLATA,PLATA,01t4w00000NulpqAAB
AZUL,AZUL,01t4w00000NulprAAB
GRIS,GRIS,01t4w00000NulpsAAB
BLANCO,BLANCO,01t4w00000NulptAAB
BLANCO,BLANCO,01t4w00000NulpuAAB
PLATA,PLATA,01t4w00000NulpvAAB
NEGRO,NEGRO,01t4w00000NulpwAAB
BLANCO,BLANCO,01t4w00000NulpxAAB
NEGRO,NEGRO,01t4w00000NulpyAAB
BLANCO,BLANCO,01t4w00000NulpzAAB
GRIS,GRIS,01t4w00000Nulq0AAB
CAFE,CAFE,01t4w00000Nulq1AAB
CHOCOLATE,CHOCOLATE,01t4w00000Nulq2AAB
NEGRO,NEGRO,01t4w00000Nulq3AAB
NOGAL,NOGAL,01t4w00000Nulq4AAB
VARIOS,VARIOS,01t4w00000Nulq5AAB
VARIOS,VARIOS,01t4w00000Nulq6AAB
CHOCOLATE,CHOCOLATE,01t4w00000Nulq7AAB
GRIS,GRIS,01t4w00000Nulq8AAB
NEGRO,NEGRO,01t4w00000Nulq9AAB
NOGAL,NOGAL,01t4w00000NulqAAAR
NOGAL URBANO,NOGAL URBANO,01t4w00000NulqBAAR
VARIOS,VARIOS,01t4w00000NulqCAAR
NEGRO,NEGRO,01t4w00000NulqDAAR
CHOCOLATE,CHOCOLATE,01t4w00000NulqEAAR
GRIS,GRIS,01t4w00000NulqFAAR
NOGAL,NOGAL,01t4w00000NulqGAAR
NOGAL URBANO,NOGAL URBANO,01t4w00000NulqHAAR
NATURAL,NATURAL,01t4w00000NulqIAAR
NATURAL+GRIS,NATURAL+GRIS,01t4w00000NulqJAAR
BLANCO,BLANCO,01t4w00000NulqKAAR
BLANCO,BLANCO,01t4w00000NulqLAAR
VERDE,VERDE,01t4w00000NulqMAAR
AZUL,AZUL,01t4w00000NulqNAAR
AZUL,AZUL,01t4w00000NulqOAAR
VERDE,VERDE,01t4w00000NulqPAAR
,BLANCO,01t4w00000NulqQAAR
,BLANCO,01t4w00000NulqRAAR
,VERDE,01t4w00000NulqSAAR
,AZUL,01t4w00000NulqTAAR
,AZUL,01t4w00000NulqUAAR
,VERDE,01t4w00000NulqVAAR
,NEGRO,01t4w00000NulqWAAR
,GRIS,01t4w00000NulqXAAR
,NEGRO,01t4w00000NulqYAAR
,NEGRO,01t4w00000NulqZAAR
,NEGRA,01t4w00000NulqaAAB
,BLANCO,01t4w00000NulqbAAB
,GRIS,01t4w00000NulqcAAB
,VERDE y BLANCO,01t4w00000NulqdAAB
,BLANCO,01t4w00000NulqeAAB
,GRIS,01t4w00000NulqfAAB
,GRIS,01t4w00000NulqgAAB
,PLATA,01t4w00000NulqhAAB
,AZUL,01t4w00000NulqiAAB
,GRIS,01t4w00000NulqjAAB
,BLANCO,01t4w00000NulqkAAB
,BLANCO,01t4w00000NulqlAAB
,PLATA,01t4w00000NulqmAAB
,BLANCO,01t4w00000NulqnAAB
,NEGRO,01t4w00000NulqoAAB
,BLANCO,01t4w00000NulqpAAB
,GRIS,01t4w00000NulqqAAB
,CAFE,01t4w00000NulqrAAB
,CHOCOLATE,01t4w00000NulqsAAB
,NEGRO,01t4w00000NulqtAAB
,NOGAL,01t4w00000NulquAAB
,VARIOS,01t4w00000NulqvAAB
,VARIOS,01t4w00000NulqwAAB
,CHOCOLATE,01t4w00000NulqxAAB
,GRIS,01t4w00000NulqyAAB
,NEGRO,01t4w00000NulqzAAB
,NOGAL URBANO,01t4w00000Nulr0AAB
,VARIOS,01t4w00000Nulr1AAB
,CHOCOLATE,01t4w00000Nulr2AAB
,GRIS,01t4w00000Nulr3AAB
,NEGRO,01t4w00000Nulr4AAB
,NOGAL,01t4w00000Nulr5AAB
,NOGAL URBANO,01t4w00000Nulr6AAB
,NATURAL,01t4w00000Nulr7AAB
,NATURAL+GRIS,01t4w00000Nulr8AAB
,NOGAL,01t4w00000Nulr9AAB
,CHOCOLATE,01t4w00000NulrAAAR
NEGRO,NEGRO,01t4w00000NulrBAAR
BLANCO,BLANCO,01t4w00000NulrCAAR
NEGRO,NEGRO,01t4w00000NulrDAAR
BLANCO,BLANCO,01t4w00000NulrEAAR
NEGRO,NEGRO,01t4w00000NulrFAAR
MADERA,MADERA,01t4w00000NulrGAAR
VERDE,VERDE,01t4w00000NulrHAAR
,BLANCO,01t4w00000NulrIAAR
,NEGRO,01t4w00000NulrJAAR
,BLANCO,01t4w00000NulrKAAR
,NEGRO,01t4w00000NulrLAAR
,MADERA,01t4w00000NulrMAAR
,VERDE,01t4w00000NulrNAAR
,VERDE,01t4w00000NulrOAAR
,NEGRO,01t4w00000NulrPAAR
VERDE,VERDE,01t4w00000NulrQAAR
,VERDE,01t4w00000NulrRAAR
,BLANCO,01t4w00000NulrSAAR
NEGRO,NEGRO,01t4w00000NulrTAAR
,NEGRO,01t4w00000NulrUAAR
MADERA,MADERA,01t4w00000NulrVAAR
VERDE,VERDE,01t4w00000NulrWAAR
,VERDE,01t4w00000NulrXAAR
AZUL,AZUL,01t4w00000NulrYAAR
,AZUL,01t4w00000NulrZAAR
VERDE,VERDE,01t4w00000NulraAAB
,VERDE,01t4w00000NulrbAAB
AZUL,AZUL,01t4w00000NulrcAAB
,AZUL,01t4w00000NulrdAAB
NEGRO+MOCA,NEGRO+MOCA,01t4w00000NulreAAB
GRIS,GRIS,01t4w00000NulrfAAB
GRIS,GRIS,01t4w00000NulrgAAB
SURTIDO COLORES,SURTIDO COLORES,01t4w00000NulrhAAB
,SURTIDO COLORES,01t4w00000NulriAAB
MULTICOLOR,MULTICOLOR,01t4w00000NulrjAAB
,MULTICOLOR,01t4w00000NulrkAAB
MULTICOLOR,MULTICOLOR,01t4w00000NulrlAAB
MULTICOLOR,MULTICOLOR,01t4w00000NulrmAAB
AZUL+PLATA,AZUL+PLATA,01t4w00000NulrnAAB
,FLOR,01t4w00000NulroAAB
,TERRACOTA+OCRE,01t4w00000NulrpAAB
,GRIS,01t4w00000NulrqAAB
,CHOCOLATE,01t4w00000NulrrAAB
,CHOCOLATE,01t4w00000NulrsAAB
,NATURAL,01t4w00000NulrtAAB
,NATURAL,01t4w00000NulruAAB
VARIOS COLORES,VARIOS COLORES,01t4w00000NulrvAAB
,VARIOS COLORES,01t4w00000NulrwAAB
,NEGRO,01t4w00000NulrxAAB
,NEGRO,01t4w00000NulrzAAB
,MADERA,01t4w00000Nuls0AAB
,MULTICOLOR,01t4w00000Nuls1AAB
,MULTICOLOR,01t4w00000Nuls2AAB
,AZUL+PLATA,01t4w00000Nuls3AAB
,GRIS,01t4w00000Nuls4AAB
,GRIS,01t4w00000Nuls5AAB
,NEGRO+MOCA,01t4w00000Nuls6AAB
,NEGRO+MOCA,01t4w00000Nuls7AAB
,NEGRO,01t4w00000Nuls8AAB
,NEGRA + METAL,01t4w00000Nuls9AAB
NEGRO,NEGRO,01t4w00000NulsAAAR
,NEGRO,01t4w00000NulsBAAR
NEGRA,NEGRA,01t4w00000NulsCAAR
NEGRA,NEGRA,01t4w00000NulsDAAR
NEGRA,NEGRA,01t4w00000NulsEAAR
NEGRA,NEGRA,01t4w00000NulsFAAR
NEGRA,NEGRA,01t4w00000NulsGAAR
NEGRA,NEGRA,01t4w00000NulsHAAR
NEGRA,NEGRA,01t4w00000NulsIAAR
NEGRA,NEGRA,01t4w00000NulsJAAR
NEGRA,NEGRA,01t4w00000NulsKAAR
NEGRA,NEGRA,01t4w00000NulsLAAR
NEGRA,NEGRA,01t4w00000NulsMAAR
NEGRA,NEGRA,01t4w00000NulsNAAR
NEGRA,NEGRA,01t4w00000NulsOAAR
,NEGRA,01t4w00000NulsPAAR
,NEGRA,01t4w00000NulsQAAR
,NEGRA,01t4w00000NulsRAAR
,NEGRA,01t4w00000NulsSAAR
,NEGRA,01t4w00000NulsTAAR
,NEGRA,01t4w00000NulsUAAR
,NEGRA,01t4w00000NulsVAAR
,NEGRA,01t4w00000NulsWAAR
,NEGRA,01t4w00000NulsXAAR
,NEGRA,01t4w00000NulsYAAR
,NEGRA,01t4w00000NulsZAAR
,NEGRA,01t4w00000NulsaAAB
,NEGRA,01t4w00000NulsbAAB
GRIS+NATURAL,GRIS+NATURAL,01t4w00000NulsgAAB
,GRIS+NATURAL,01t4w00000NulshAAB
NATURAL+NEGRO,NATURAL+NEGRO,01t4w00000NulsiAAB
,NATURAL+NEGRO,01t4w00000NulsjAAB
BLANCO+NATURAL,BLANCO+NATURAL,01t4w00000NulskAAB
,BLANCO+NATURAL,01t4w00000NulslAAB
NATURAL,NATURAL,01t4w00000NulsmAAB
,NATURAL,01t4w00000NulsnAAB
BLANCO,BLANCO,01t4w00000NulsoAAB
,BLANCO,01t4w00000NulspAAB
COLOR NATURAL,COLOR NATURAL,01t4w00000NulsqAAB
,COLOR NATURAL,01t4w00000NulsrAAB
BLANCO+MADERA,BLANCO+MADERA,01t4w00000NulssAAB
,BLANCO+MADERA,01t4w00000NulstAAB
NATURAL+BLANCO,NATURAL+BLANCO,01t4w00000NulsuAAB
,NATURAL+BLANCO,01t4w00000NulsvAAB
NATURAL,NATURAL,01t4w00000NulswAAB
,NATURAL,01t4w00000NulsxAAB
NEGRO,NEGRO,01t4w00000NulsyAAB
,NEGRO,01t4w00000NulszAAB
NATURAL+NEGRO,NATURAL+NEGRO,01t4w00000Nult0AAB
,NATURAL+NEGRO,01t4w00000Nult1AAB
BLANCO+NEGRO,BLANCO+NEGRO,01t4w00000Nult2AAB
,BLANCO+NEGRO,01t4w00000Nult3AAB
NEGRO,NEGRO,01t4w00000Nult4AAB
,NEGRO,01t4w00000Nult5AAB
BLANCO+NATURAL,BLANCO+NATURAL,01t4w00000Nult6AAB
,BLANCO+NATURAL,01t4w00000Nult7AAB
NATURAL+NEGRO,NATURAL+NEGRO,01t4w00000Nult8AAB
,NATURAL+NEGRO,01t4w00000Nult9AAB
NATURAL,NATURAL,01t4w00000NultAAAR
,NATURAL,01t4w00000NultBAAR
NEGRO,NEGRO,01t4w00000NultCAAR
,NEGRO,01t4w00000NultDAAR
NEGRO,NEGRO,01t4w00000NultGAAR
,NEGRO,01t4w00000NultHAAR
NEGRO+PLATA,NEGRO+PLATA,01t4w00000NultIAAR
,NEGRO+PLATA,01t4w00000NultJAAR
NEGRO,NEGRO,01t4w00000NultKAAR
,NEGRO,01t4w00000NultLAAR
NIÑO,NIÑO,01t4w00000NultMAAR
,NIÑO,01t4w00000NultNAAR
NIÑO,NIÑO,01t4w00000NultOAAR
,NIÑO,01t4w00000NultPAAR
NIÑO,NIÑO,01t4w00000NultQAAR
,NIÑO,01t4w00000NultRAAR
VARIOS,VARIOS,01t4w00000NultSAAR
,VARIOS,01t4w00000NultTAAR
VARIOS,VARIOS,01t4w00000NultUAAR
,VARIOS,01t4w00000NultVAAR
NATURAL+NEGRO,NATURAL+NEGRO,01t4w00000NultWAAR
,NATURAL+NEGRO,01t4w00000NultXAAR
NATURAL,NATURAL,01t4w00000NultYAAR
,NATURAL,01t4w00000NultZAAR
NATURAL,NATURAL,01t4w00000NultaAAB
,NATURAL,01t4w00000NultbAAB
BLANCO+NATURAL,BLANCO+NATURAL,01t4w00000NultcAAB
CREMA,CREMA,01t4w00000NultdAAB
,CREMA,01t4w00000NulteAAB
NEGRO+BEIGE,NEGRO+BEIGE,01t4w00000NultfAAB
,NEGRO+BEIGE,01t4w00000NultgAAB
NEGRO,NEGRO,01t4w00000NulthAAB
,NEGRO,01t4w00000NultiAAB
AQUA,AQUA,01t4w00000NultjAAB
,AQUA,01t4w00000NultkAAB
GRIS OSCURO,GRIS OSCURO,01t4w00000NultlAAB
,GRIS OSCURO,01t4w00000NultmAAB
NIÑA,NIÑA,01t4w00000NultnAAB
NIÑA,NIÑA,01t4w00000NultoAAB
NIÑA,NIÑA,01t4w00000NultpAAB
,NIÑA,01t4w00000NultqAAB
,NIÑA,01t4w00000NultrAAB
,BLANCO+NATURAL,01t4w00000NultsAAB
,NIÑA,01t4w00000NulttAAB
,NEGRO,01t4w00000Nulu0AAB
,VARIOS,01t4w00000Nulu1AAB
MADERA,MADERA,01t4w00000Nulu2AAB
,MADERA,01t4w00000Nulu3AAB
,MADERA,01t4w00000Nulu4AAB
NEGRO,NEGRO,01t4w00000Nulu5AAB
,NEGRO,01t4w00000Nulu6AAB
BLANCO,BLANCO,01t4w00000Nulu7AAB
,BLANCO,01t4w00000Nulu8AAB
NEGRO,NEGRO,01t4w00000Nulu9AAB
,NEGRO,01t4w00000NuluAAAR
NEGRO,NEGRO,01t4w00000NuluBAAR
,NEGRO,01t4w00000NuluCAAR
ROJO,ROJO,01t4w00000NuluDAAR
,ROJO,01t4w00000NuluEAAR
BLANCO,BLANCO,01t4w00000NuluFAAR
,BLANCO,01t4w00000NuluGAAR
GRIS,GRIS,01t4w00000NuluHAAR
,GRIS,01t4w00000NuluIAAR
,AZUL+NATURAL,01t4w00000NuluJAAR
,VARIOS,01t4w00000NuluRAAR
,GRIS+NEGRO,01t4w00000NuluSAAR
,VARIOS,01t4w00000NuluUAAR
,NATURAL+NEGRO,01t4w00000NuluVAAR
,VARIOS,01t4w00000NuluXAAR
,NEGRO+GRIS,01t4w00000NuluYAAR
,AZUL+NEGRO,01t4w00000NuluaAAB
,VARIOS,01t4w00000NulubAAB
,GRIS,01t4w00000NulucAAB
,VARIOS,01t4w00000NuludAAB
,GRIS,01t4w00000NulueAAB
,VARIOS,01t4w00000NulufAAB
,VARIOS,01t4w00000NulugAAB
,NATURAL+BLANCO,01t4w00000NuluhAAB
,NATURAL+NEGRO,01t4w00000NuluiAAB
,VARIOS,01t4w00000NulujAAB
,VARIOS,01t4w00000NulukAAB
,NATURAL+BLANCO,01t4w00000NululAAB
,NATURAL+BLANCO,01t4w00000NulumAAB
,GRIS+NEGRO,01t4w00000NulunAAB
,VARIOS,01t4w00000NuluoAAB
,NATURAL+BLANCO,01t4w00000NulupAAB
,BLANCO+NATURAL,01t4w00000NuluqAAB
,NATURAL+NEGRO,01t4w00000NulurAAB
,BLANCO+GRIS,01t4w00000NulusAAB
,GRIS,01t4w00000NulutAAB
,NEGRO,01t4w00000NuluuAAB
,NUEZ+NEGRO,01t4w00000NuluvAAB
,PISTACHO+NEGRO,01t4w00000NuluwAAB
,NATURAL+BLANCO,01t4w00000NuluxAAB
,NATURAL+NEGRO,01t4w00000NuluyAAB
,BLANCO,01t4w00000NuluzAAB
,NATURAL+NEGRO,01t4w00000Nulv0AAB
,NEGRO+NATURAL,01t4w00000Nulv1AAB
,NUEZ+NEGRO,01t4w00000Nulv2AAB
,GRIS+NATURAL,01t4w00000Nulv3AAB
,NARANJA+NEGRO+GRIS,01t4w00000Nulv4AAB
,NATURAL+NEGRO,01t4w00000Nulv5AAB
,NATURAL+PLATA,01t4w00000Nulv6AAB
,NEGRO+NUEZ,01t4w00000Nulv7AAB
,NATURAL+GRIS,01t4w00000Nulv8AAB
,NEGRO,01t4w00000NulvBAAR
,BLANCO+AZUL+ROJO,01t4w00000NulvEAAR
,GRIS,01t4w00000NulvGAAR
,AZUL+ROJO+AMARILLO,01t4w00000NulvHAAR
,BLANCA,01t4w00000NulvMAAR
AZUL,AZUL,01t4w00000NulvNAAR
GRIS,GRIS,01t4w00000NulvOAAR
,AZUL,01t4w00000NulvPAAR
,GRIS,01t4w00000NulvQAAR
GRIS,GRIS,01t4w00000NulvRAAR
,GRIS,01t4w00000NulvSAAR
GREY,GREY,01t4w00000NulvTAAR
,GRIS,01t4w00000NulvUAAR
GRIS,GRIS,01t4w00000NulvVAAR
,GREY,01t4w00000NulvWAAR
GRIS,GRIS,01t4w00000NulvXAAR
,GRIS,01t4w00000NulvYAAR
,GREY,01t4w00000NulvZAAR
GREY,GREY,01t4w00000NulvaAAB
NEGRO,NEGRO,01t4w00000NulvbAAB
,NEGRO,01t4w00000NulvcAAB
NEGRO+MULTICOLOR,NEGRO+MULTICOLOR,01t4w00000NulvfAAB
,NEGRO+MULTICOLOR,01t4w00000NulvgAAB
,NATURAL+NEGRO,01t4w00000NulvmAAB
NATURAL+NEGRO,NATURAL+NEGRO,01t4w00000NulvpAAB
NEGRO,NEGRO,01t4w00000NulvtAAB
,MARRON+BEIGE,01t4w00000NulvuAAB
,NEGRO,01t4w00000NulvvAAB
,MARRON,01t4w00000NulvwAAB
MARRON,MARRON,01t4w00000NulvxAAB
MARRON+BEIGE,MARRON+BEIGE,01t4w00000NulvyAAB
MARRON+BEIGE,MARRON+BEIGE,01t4w00000NulvzAAB
,MARRON+BEIGE,01t4w00000Nulw0AAB
MARRON+BEIGE,MARRON+BEIGE,01t4w00000Nulw1AAB
GREY,GREY,01t4w00000Nulw2AAB
,MARRON+BEIGE,01t4w00000Nulw3AAB
,BROWN,01t4w00000Nulw4AAB
BROWN,BROWN,01t4w00000Nulw5AAB
,GREY,01t4w00000Nulw8AAB
,GRIS+NATURAL,01t4w00000Nulw9AAB
NATURAL+BEIGE,NATURAL+BEIGE,01t4w00000NulwAAAR
GRIS+NATURAL,GRIS+NATURAL,01t4w00000NulwBAAR
,NATURAL+BEIGE,01t4w00000NulwCAAR
NEGRO,NEGRO,01t4w00000NulwDAAR
,NEGRO,01t4w00000NulwEAAR
NATURAL,NATURAL,01t4w00000NulwGAAR
,NATURAL,01t4w00000NulwHAAR
GRIS,GRIS,01t4w00000NulwIAAR
,GRIS,01t4w00000NulwJAAR
OSCURO+NEGRO,OSCURO+NEGRO,01t4w00000NulwMAAR
,OSCURO+NEGRO,01t4w00000NulwNAAR
,GRIS + NEGRO,01t4w00000NulwOAAR
GRIS + NEGRO,GRIS + NEGRO,01t4w00000NulwPAAR
NUEZ+NEGRO,NUEZ+NEGRO,01t4w00000NulwQAAR
,NUEZ+NEGRO,01t4w00000NulwRAAR
GRIS+NEGRO,GRIS+NEGRO,01t4w00000NulwSAAR
,GRIS+NEGRO,01t4w00000NulwTAAR
MADERA CLARA + NEGRO,MADERA CLARA + NEGRO,01t4w00000NulwUAAR
,MADERA CLARA + NEGRO,01t4w00000NulwVAAR
NATURAL,NATURAL,01t4w00000NulwWAAR
,NEGRO+MADERA,01t4w00000NulwXAAR
,BLANCO+NATURAL,01t4w00000NulwYAAR
,MADERA,01t4w00000NulwZAAR
NATURAL,NATURAL,01t4w00000NulwaAAB
,NATURAL,01t4w00000NulwbAAB
BLANCO+MADERA,BLANCO+MADERA,01t4w00000NulwcAAB
,BLANCO+MADERA,01t4w00000NulwdAAB
NEGRO+MADERA,NEGRO+MADERA,01t4w00000NulweAAB
,NEGRO+MADERA,01t4w00000NulwfAAB
BLANCO,BLANCO,01t4w00000NulwgAAB
BLANCO+NEGRO,BLANCO+NEGRO,01t4w00000NulwhAAB
,BLANCO,01t4w00000NulwiAAB
,BLANCO+NEGRO,01t4w00000NulwjAAB
NEGRO+MADERA,NEGRO+MADERA,01t4w00000NulwkAAB
BLANCO+NATURAL,BLANCO+NATURAL,01t4w00000NulwlAAB
BLANCO+NATURAL,BLANCO+NATURAL,01t4w00000NulwmAAB
,BLANCO+NATURAL,01t4w00000NulwnAAB
BLANCO+NATURAL,BLANCO+NATURAL,01t4w00000NulwoAAB
,BLANCO+NATURAL,01t4w00000NulwpAAB
MADERA,MADERA,01t4w00000NulwqAAB
BLANCO+NATURAL,BLANCO+NATURAL,01t4w00000NulwrAAB
,NATURAL,01t4w00000NulwsAAB
BLANCO+NATURAL,BLANCO+NATURAL,01t4w00000NulwtAAB
,BLANCO+NATURAL,01t4w00000NulwuAAB
,BLANCO+NATURAL,01t4w00000NulwvAAB
BLANCO+MADERA,BLANCO+MADERA,01t4w00000NulwwAAB
,BLANCO+MADERA,01t4w00000NulwxAAB
,BLANCO+NATURAL,01t4w00000NulwyAAB
,NATURAL,01t4w00000NulwzAAB
NATURAL,NATURAL,01t4w00000Nulx0AAB
,NATURAL,01t4w00000Nulx1AAB
NATURAL,NATURAL,01t4w00000Nulx2AAB
,NATURAL,01t4w00000Nulx3AAB
BLANCO+NATURAL,BLANCO+NATURAL,01t4w00000Nulx4AAB
NATURAL,NATURAL,01t4w00000Nulx5AAB
NATURAL+BLANCO,NATURAL+BLANCO,01t4w00000Nulx6AAB
,NATURAL+BLANCO,01t4w00000Nulx7AAB
,NEGRO+CAFÉ,01t4w00000Nulx8AAB
,BEIGE+AMARILLA+CAFÉ,01t4w00000Nulx9AAB
MADERA + NEGRO,MADERA + NEGRO,01t4w00000NulxAAAR
,MADERA + NEGRO,01t4w00000NulxBAAR
BLANCO,BLANCO,01t4w00000NulxCAAR
,BLANCO,01t4w00000NulxDAAR
,BLANCO,01t4w00000NulxEAAR
GRIS,GRIS,01t4w00000NulxFAAR
,GRIS,01t4w00000NulxGAAR
GRIS,GRIS,01t4w00000NulxHAAR
,GRIS,01t4w00000NulxIAAR
,GRIS,01t4w00000NulxJAAR
NUEZ+NEGRO,NUEZ+NEGRO,01t4w00000NulxKAAR
,NUEZ+NEGRO,01t4w00000NulxLAAR
MADERA + NEGRO,MADERA + NEGRO,01t4w00000NulxMAAR
,MADERA + NEGRO,01t4w00000NulxNAAR
BLANCO+NEGRO,BLANCO+NEGRO,01t4w00000NulxOAAR
,BLANCO+NEGRO,01t4w00000NulxPAAR
BLANCO + NEGRO,BLANCO + NEGRO,01t4w00000NulxQAAR
,BLANCO + NEGRO,01t4w00000NulxRAAR
MARRON+NARANJA,MARRON+NARANJA,01t4w00000NulxSAAR
,MARRON+NARANJA,01t4w00000NulxTAAR
NEGRO,NEGRO,01t4w00000NulxUAAR
,NEGRO,01t4w00000NulxVAAR
,NEGRO,01t4w00000NulxWAAR
NEGRO,NEGRO,01t4w00000NulxXAAR
BLANCO,BLANCO,01t4w00000NulxYAAR
,BLANCO,01t4w00000NulxZAAR
GRIS+NATURAL,GRIS+NATURAL,01t4w00000NulxaAAB
,GRIS+NATURAL,01t4w00000NulxbAAB
GRIS+NATURAL,GRIS+NATURAL,01t4w00000NulxcAAB
GRIS+NATURAL,GRIS+NATURAL,01t4w00000NulxdAAB
,GRIS+NATURAL,01t4w00000NulxeAAB
,GRIS+NATURAL,01t4w00000NulxfAAB
BLANCO+MADERA,BLANCO+MADERA,01t4w00000NulxgAAB
,BLANCO+MADERA,01t4w00000NulxhAAB
BLANCO+MADERA,BLANCO+MADERA,01t4w00000NulxiAAB
,BLANCO+MADERA,01t4w00000NulxjAAB
BLANCO+NATURAL,BLANCO+NATURAL,01t4w00000NulxkAAB
,BLANCO+NATURAL,01t4w00000NulxlAAB
BLANCO+MADERA,BLANCO+MADERA,01t4w00000NulxmAAB
,BLANCO+MADERA,01t4w00000NulxnAAB
,NEGRO,01t4w00000NulxoAAB
NEGRO,NEGRO,01t4w00000NulxpAAB
BLANCO+NATURAL,BLANCO+NATURAL,01t4w00000NulxqAAB
,BLANCO+NATURAL,01t4w00000NulxrAAB
BLANCO+NATURAL,BLANCO+NATURAL,01t4w00000NulxsAAB
,BLANCO+NATURAL,01t4w00000NulxtAAB
NIÑO,NIÑO,01t4w00000NulxuAAB
,NIÑO,01t4w00000NulxvAAB
NIÑA,NIÑA,01t4w00000NulxwAAB
,NIÑA,01t4w00000NulxxAAB
NIÑO,NIÑO,01t4w00000NulxyAAB
,NIÑO,01t4w00000NulxzAAB
NIÑA,NIÑA,01t4w00000Nuly0AAB
,NIÑA,01t4w00000Nuly1AAB
NIÑO,NIÑO,01t4w00000Nuly2AAB
NIÑO,NIÑO,01t4w00000Nuly3AAB
,NIÑO,01t4w00000Nuly4AAB
NIÑA,NIÑA,01t4w00000Nuly5AAB
,NIÑA,01t4w00000Nuly6AAB
,NIÑO,01t4w00000Nuly7AAB
NIÑA,NIÑA,01t4w00000Nuly8AAB
,NIÑA,01t4w00000Nuly9AAB
BLANCO+NATURAL,BLANCO+NATURAL,01t4w00000NulyAAAR
,BLANCO+NATURAL,01t4w00000NulyBAAR
BLANCO+NATURAL,BLANCO+NATURAL,01t4w00000NulyCAAR
,BLANCO+NATURAL,01t4w00000NulyDAAR
,BLANCO+NATURAL,01t4w00000NulyEAAR
BLANCO+NATURAL,BLANCO+NATURAL,01t4w00000NulyFAAR
,BLANCO+NATURAL,01t4w00000NulyGAAR
BLANCO+NATURAL,BLANCO+NATURAL,01t4w00000NulyHAAR
NATURAL,NATURAL,01t4w00000NulyIAAR
,NATURAL,01t4w00000NulyJAAR
BLANCO+MADERA,BLANCO+MADERA,01t4w00000NulyKAAR
BLANCO,BLANCO,01t4w00000NulyLAAR
,BLANCO+MADERA,01t4w00000NulyMAAR
BLANCO+NATURAL,BLANCO+NATURAL,01t4w00000NulyNAAR
,BLANCO,01t4w00000NulyPAAR
,BLANCO+NATURAL,01t4w00000NulyQAAR
NATURAL,NATURAL,01t4w00000NulyRAAR
GRIS+NEGRO,GRIS+NEGRO,01t4w00000NulySAAR
,NATURAL,01t4w00000NulyTAAR
NATURAL+BLANCO,NATURAL+BLANCO,01t4w00000NulyUAAR
,NEGRO+NATURAL,01t4w00000NulyVAAR
,NATURAL,01t4w00000NulyWAAR
,NATURAL+BLANCO,01t4w00000NulyXAAR
,GRIS+NEGRO,01t4w00000NulyYAAR
PIEDRA,PIEDRA,01t4w00000NulyZAAR
NEGRO+NATURAL,NEGRO+NATURAL,01t4w00000NulyaAAB
,PIEDRA,01t4w00000NulybAAB
NATURAL,NATURAL,01t4w00000NulycAAB
NATURAL+NEGRO,NATURAL+NEGRO,01t4w00000NulydAAB
,NATURAL+NEGRO,01t4w00000NulyeAAB
MADERA OSCURA,MADERA OSCURA,01t4w00000NulyfAAB
,MADERA OSCURA,01t4w00000NulygAAB
VARIOS,VARIOS,01t4w00000NulyhAAB
,VARIOS,01t4w00000NulyiAAB
NATURAL,NATURAL,01t4w00000NulyjAAB
,NATURAL,01t4w00000NulykAAB
NATURAL,NATURAL,01t4w00000NulylAAB
,NATURAL,01t4w00000NulymAAB
BLANCO,BLANCO,01t4w00000NulynAAB
,BLANCO,01t4w00000NulyoAAB
GRIS,GRIS,01t4w00000NulypAAB
,GRIS,01t4w00000NulyqAAB
BLANCO,BLANCO,01t4w00000NulyrAAB
,BLANCO,01t4w00000NulysAAB
VARIOS,VARIOS,01t4w00000NulytAAB
,VARIOS,01t4w00000NulyuAAB
,VARIOS,01t4w00000NulyvAAB
VARIOS,VARIOS,01t4w00000NulywAAB
,VARIOS,01t4w00000NulyxAAB
VARIOS,VARIOS,01t4w00000NulyyAAB
VARIOS,VARIOS,01t4w00000NulyzAAB
VARIOS,VARIOS,01t4w00000Nulz0AAB
,VARIOS,01t4w00000Nulz1AAB
,VARIOS,01t4w00000Nulz2AAB
,VARIOS,01t4w00000Nulz3AAB
VARIOS,VARIOS,01t4w00000Nulz4AAB
,VARIOS,01t4w00000Nulz5AAB
,VARIOS,01t4w00000Nulz6AAB
,VARIOS,01t4w00000Nulz7AAB
VARIOS,VARIOS,01t4w00000Nulz8AAB
VARIOS,VARIOS,01t4w00000Nulz9AAB
,VARIOS,01t4w00000NulzAAAR
VARIOS,VARIOS,01t4w00000NulzBAAR
VARIOS,VARIOS,01t4w00000NulzCAAR
VARIOS,VARIOS,01t4w00000NulzDAAR
,VARIOS,01t4w00000NulzEAAR
,VARIOS,01t4w00000NulzFAAR
VARIOS,VARIOS,01t4w00000NulzGAAR
VARIOS,VARIOS,01t4w00000NulzHAAR
,VARIOS,01t4w00000NulzIAAR
,VARIOS,01t4w00000NulzJAAR
VARIOS,VARIOS,01t4w00000NulzKAAR
,VARIOS,01t4w00000NulzLAAR
VARIOS,VARIOS,01t4w00000NulzMAAR
VARIOS,VARIOS,01t4w00000NulzNAAR
,VARIOS,01t4w00000NulzOAAR
ROSA,ROSA,01t4w00000NulzPAAR
VARIOS,VARIOS,01t4w00000NulzQAAR
,ROSA,01t4w00000NulzRAAR
,AMARILLO,01t4w00000NulzSAAR
,VARIOS,01t4w00000NulzTAAR
AMARILLO,AMARILLO,01t4w00000NulzUAAR
BLANCO,BLANCO,01t4w00000NulzVAAR
BLANCO,BLANCO,01t4w00000NulzWAAR
,BLANCO,01t4w00000NulzXAAR
BLANCO,BLANCO,01t4w00000NulzYAAR
,BLANCO,01t4w00000NulzZAAR
BLANCO,BLANCO,01t4w00000NulzaAAB
BLANCO,BLANCO,01t4w00000NulzbAAB
,BLANCO,01t4w00000NulzcAAB
,BLANCO,01t4w00000NulzdAAB
,BLANCO,01t4w00000NulzeAAB
BLANCO,BLANCO,01t4w00000NulzfAAB
,BLANCO,01t4w00000NulzgAAB
AZUL,AZUL,01t4w00000NulzhAAB
,AZUL,01t4w00000NulziAAB
,AZUL,01t4w00000NulzjAAB
AZUL,AZUL,01t4w00000NulzkAAB
,AZUL,01t4w00000NulzlAAB
,VARIOS,01t4w00000NulzmAAB
AZUL,AZUL,01t4w00000NulznAAB
AZUL,AZUL,01t4w00000NulzoAAB
,AZUL,01t4w00000NulzpAAB
AZUL,AZUL,01t4w00000NulzqAAB
,AZUL,01t4w00000NulzrAAB
N/A,N/A,01t4w00000NulzsAAB
,N/A,01t4w00000NulztAAB
VARIOS,VARIOS,01t4w00000NulzuAAB
VARIOS,VARIOS,01t4w00000NulzvAAB
,VARIOS,01t4w00000NulzwAAB
VARIOS,VARIOS,01t4w00000NulzxAAB
,VARIOS,01t4w00000NulzyAAB
GRIS,GRIS,01t4w00000NulzzAAB
NEGRO,GRIS,01t4w00000Num00AAB
VARIOS,VARIOS,01t4w00000Num01AAB
VARIOS,VARIOS,01t4w00000Num02AAB
VARIOS,VARIOS,01t4w00000Num03AAB
VARIOS,VARIOS,01t4w00000Num04AAB
VARIOS,VARIOS,01t4w00000Num05AAB
VARIOS,VARIOS,01t4w00000Num06AAB
VARIOS,VARIOS,01t4w00000Num07AAB
VARIOS,VARIOS,01t4w00000Num08AAB
VARIOS,VARIOS,01t4w00000Num09AAB
VARIOS,VARIOS,01t4w00000Num0AAAR
VARIOS,VARIOS,01t4w00000Num0BAAR
VARIOS,VARIOS,01t4w00000Num0CAAR
VARIOS,VARIOS,01t4w00000Num0DAAR
VARIOS,VARIOS,01t4w00000Num0EAAR
VARIOS,VARIOS,01t4w00000Num0FAAR
VARIOS,VARIOS,01t4w00000Num0GAAR
VARIOS,VARIOS,01t4w00000Num0HAAR
VARIOS,VARIOS,01t4w00000Num0IAAR
VARIOS,VARIOS,01t4w00000Num0JAAR
VARIO,VARIO,01t4w00000Num0KAAR
VARIOS,VARIOS,01t4w00000Num0LAAR
VARIOS,VARIOS,01t4w00000Num0MAAR
VARIOS,VARIOS,01t4w00000Num0NAAR
VARIOS,VARIOS,01t4w00000Num0OAAR
VARIOS,VARIOS,01t4w00000Num0PAAR
VARIOS,VARIOS,01t4w00000Num0QAAR
VARIOS,VARIOS,01t4w00000Num0RAAR
VARIOS,VARIOS,01t4w00000Num0SAAR
VARIOS,VARIOS,01t4w00000Num0TAAR
VARIOS,VARIOS,01t4w00000Num0UAAR
VARIOS,VARIOS,01t4w00000Num0VAAR
VARIOS,VARIOS,01t4w00000Num0WAAR
VARIOS,VARIOS,01t4w00000Num0XAAR
VARIOS,VARIOS,01t4w00000Num0YAAR
VARIOS,VARIOS,01t4w00000Num0ZAAR
VARIOS,VARIOS,01t4w00000Num0aAAB
VARIOS,VARIOS,01t4w00000Num0bAAB
VARIOS,VARIOS,01t4w00000Num0cAAB
VARIOS,VARIOS,01t4w00000Num0dAAB
VARIOS,VARIOS,01t4w00000Num0eAAB
VARIOS,VARIOS,01t4w00000Num0fAAB
VARIOS,VARIOS,01t4w00000Num0gAAB
VARIOS,VARIOS,01t4w00000Num0hAAB
VARIOS,VARIOS,01t4w00000Num0iAAB
VARIOS,VARIOS,01t4w00000Num0jAAB
VARIOS,VARIOS,01t4w00000Num0kAAB
VARIOS,VARIOS,01t4w00000Num0lAAB
VARIOS,VARIOS,01t4w00000Num0mAAB
VARIOS,VARIOS,01t4w00000Num0nAAB
VARIOS,VARIOS,01t4w00000Num0oAAB
VARIOS,VARIOS,01t4w00000Num0pAAB
VARIOS,VARIOS,01t4w00000Num0qAAB
VARIOS,VARIOS,01t4w00000Num0rAAB
VARIOS,VARIOS,01t4w00000Num0sAAB
VARIOS,VARIOS,01t4w00000Num0tAAB
VARIOS,VARIOS,01t4w00000Num0uAAB
VARIOS,VARIOS,01t4w00000Num0vAAB
VARIOS,VARIOS,01t4w00000Num0wAAB
VARIOS,VARIOS,01t4w00000Num0xAAB
VARIOS,VARIOS,01t4w00000Num0yAAB
VARIOS,VARIOS,01t4w00000Num0zAAB
VARIOS,VARIOS,01t4w00000Num10AAB
VARIOS,VARIOS,01t4w00000Num11AAB
COLOR,COLOR,01t4w00000Num12AAB
VARIOS,VARIOS,01t4w00000Num13AAB
VARIOS,VARIOS,01t4w00000Num14AAB
VARIOS,VARIOS,01t4w00000Num15AAB
VARIOS,VARIOS,01t4w00000Num16AAB
VARIOS,VARIOS,01t4w00000Num17AAB
VARIOS,VARIOS,01t4w00000Num18AAB
VARIOS,VARIOS,01t4w00000Num19AAB
VARIOS,VARIOS,01t4w00000Num1AAAR
VARIOS,VARIOS,01t4w00000Num1BAAR
,VARIOS,01t4w00000Num1CAAR
,VARIOS,01t4w00000Num1DAAR
,VARIOS,01t4w00000Num1EAAR
,VARIOS,01t4w00000Num1FAAR
,VARIOS,01t4w00000Num1GAAR
,VARIOS,01t4w00000Num1HAAR
,VARIOS,01t4w00000Num1IAAR
,VARIOS,01t4w00000Num1JAAR
,VARIOS,01t4w00000Num1KAAR
,VARIOS,01t4w00000Num1LAAR
,VARIOS,01t4w00000Num1MAAR
,VARIOS,01t4w00000Num1NAAR
,VARIOS,01t4w00000Num1OAAR
,VARIOS,01t4w00000Num1PAAR
,VARIOS,01t4w00000Num1QAAR
,VARIOS,01t4w00000Num1RAAR
,VARIOS,01t4w00000Num1SAAR
VARIOS,VARIOS,01t4w00000Num1TAAR
VARIOS,VARIOS,01t4w00000Num1UAAR
VARIOS,VARIOS,01t4w00000Num1VAAR
VARIOS,VARIOS,01t4w00000Num1WAAR
VARIOS,VARIOS,01t4w00000Num1XAAR
VARIOS,VARIOS,01t4w00000Num1YAAR
VARIOS,VARIOS,01t4w00000Num1ZAAR
VARIOS,VARIOS,01t4w00000Num1aAAB
VARIOS,VARIOS,01t4w00000Num1bAAB
VARIOS,VARIOS,01t4w00000Num1cAAB
VARIOS,VARIOS,01t4w00000Num1dAAB
VARIOS,VARIOS,01t4w00000Num1eAAB
VARIOS,VARIOS,01t4w00000Num1fAAB
VARIOS,VARIOS,01t4w00000Num1gAAB
VARIOS,VARIOS,01t4w00000Num1hAAB
VARIOS,VARIOS,01t4w00000Num1iAAB
VARIOS,VARIOS,01t4w00000Num1jAAB
VARIOS,VARIOS,01t4w00000Num1kAAB
VARIOS,VARIOS,01t4w00000Num1lAAB
VARIOS,VARIOS,01t4w00000Num1mAAB
VARIOS,VARIOS,01t4w00000Num1nAAB
VARIOS,VARIOS,01t4w00000Num1oAAB
VARIOS,VARIOS,01t4w00000Num1pAAB
VARIOS,VARIOS,01t4w00000Num1qAAB
VARIOS,VARIOS,01t4w00000Num1rAAB
VARIOS,VARIOS,01t4w00000Num1sAAB
VARIOS,VARIOS,01t4w00000Num1tAAB
VARIOS,VARIOS,01t4w00000Num1uAAB
VARIOS,VARIOS,01t4w00000Num1vAAB
VARIOS,VARIOS,01t4w00000Num1wAAB
VARIOS,VARIOS,01t4w00000Num1xAAB
VARIOS,VARIOS,01t4w00000Num1yAAB
VARIOS,VARIOS,01t4w00000Num1zAAB
VARIOS,VARIOS,01t4w00000Num20AAB
VARIOS,VARIOS,01t4w00000Num21AAB
VARIOS,VARIOS,01t4w00000Num22AAB
VARIOS,VARIOS,01t4w00000Num23AAB
VARIOS,VARIOS,01t4w00000Num24AAB
VARIOS,VARIOS,01t4w00000Num25AAB
VARIOS,VARIOS,01t4w00000Num26AAB
VARIOS,VARIOS,01t4w00000Num27AAB
VARIOS,VARIOS,01t4w00000Num28AAB
VARIOS,VARIOS,01t4w00000Num29AAB
VARIOS,VARIOS,01t4w00000Num2AAAR
VARIOS,VARIOS,01t4w00000Num2BAAR
VARIOS,VARIOS,01t4w00000Num2CAAR
VARIOS,VARIOS,01t4w00000Num2DAAR
VARIOS,VARIOS,01t4w00000Num2EAAR
VARIOS,VARIOS,01t4w00000Num2FAAR
VARIOS,VARIOS,01t4w00000Num2GAAR
VARIOS,VARIOS,01t4w00000Num2HAAR
VARIOS,VARIOS,01t4w00000Num2IAAR
VARIOS,VARIOS,01t4w00000Num2JAAR
VARIOS,VARIOS,01t4w00000Num2KAAR
VARIOS,VARIOS,01t4w00000Num2LAAR
VARIOS,VARIOS,01t4w00000Num2MAAR
VARIOS,VARIOS,01t4w00000Num2NAAR
VARIOS,VARIOS,01t4w00000Num2OAAR
VARIOS,VARIOS,01t4w00000Num2PAAR
VARIOS,VARIOS,01t4w00000Num2QAAR
VARIOS,VARIOS,01t4w00000Num2RAAR
VARIOS,VARIOS,01t4w00000Num2SAAR
VARIOS,VARIOS,01t4w00000Num2TAAR
GREEN/YELLOW/PINK,GREEN/YELLOW/PINK,01t4w00000Num2UAAR
VARIOS,VARIOS,01t4w00000Num2VAAR
VARIOS,VARIOS,01t4w00000Num2WAAR
VARIOS,VARIOS,01t4w00000Num2XAAR
VARIOS,VARIOS,01t4w00000Num2YAAR
VARIOS,VARIOS,01t4w00000Num2ZAAR
VARIOS,VARIOS,01t4w00000Num2aAAB
ROJO+NEGRO,ROJO+NEGRO,01t4w00000Num2bAAB
VARIOS,VARIOS,01t4w00000Num2cAAB
ROJO+NEGRO,ROJO+NEGRO,01t4w00000Num2dAAB
VARIOS,VARIOS,01t4w00000Num2eAAB
NEGRO,NEGRO,01t4w00000Num2fAAB
NARANJA+BLANCO,NARANJA+BLANCO,01t4w00000Num2gAAB
MARRON,MARRON,01t4w00000Num2hAAB
VARIOS,VARIOS,01t4w00000Num2iAAB
VARIOS,VARIOS,01t4w00000Num2jAAB
VARIOS,VARIOS,01t4w00000Num2kAAB
,MARRON,01t4w00000Num2lAAB
VARIOS,VARIOS,01t4w00000Num2mAAB
VARIOS,VARIOS,01t4w00000Num2nAAB
VARIOS,VARIOS,01t4w00000Num2oAAB
VARIOS,VARIOS,01t4w00000Num2pAAB
VARIOS,VARIOS,01t4w00000Num2qAAB
VARIOS,VARIOS,01t4w00000Num2rAAB
VARIOS,VARIOS,01t4w00000Num2sAAB
VARIOS,VARIOS,01t4w00000Num2tAAB
MARRON,MARRON,01t4w00000Num2uAAB
VARIOS,VARIOS,01t4w00000Num2vAAB
MARRON,MARRON,01t4w00000Num2wAAB
MARRON,MARRON,01t4w00000Num2xAAB
MARRON,MARRON,01t4w00000Num2yAAB
MARRON,MARRON,01t4w00000Num2zAAB
MARRON,MARRON,01t4w00000Num30AAB
MARRON,MARRON,01t4w00000Num31AAB
MARRON,MARRON,01t4w00000Num32AAB
MARRON,MARRON,01t4w00000Num33AAB
MARRON,MARRON,01t4w00000Num34AAB
,VARIOS,01t4w00000Num35AAB
,VARIOS,01t4w00000Num36AAB
,VARIO,01t4w00000Num37AAB
,VARIOS,01t4w00000Num38AAB
,VARIOS,01t4w00000Num39AAB
,VARIOS,01t4w00000Num3AAAR
,VARIOS,01t4w00000Num3BAAR
,VARIOS,01t4w00000Num3CAAR
,VARIOS,01t4w00000Num3DAAR
,VARIOS,01t4w00000Num3EAAR
,VARIOS,01t4w00000Num3FAAR
,VARIOS,01t4w00000Num3GAAR
,VARIOS,01t4w00000Num3HAAR
,VARIOS,01t4w00000Num3IAAR
,VARIOS,01t4w00000Num3JAAR
,VARIOS,01t4w00000Num3KAAR
,VARIOS,01t4w00000Num3LAAR
,VARIOS,01t4w00000Num3MAAR
,VARIOS,01t4w00000Num3NAAR
,VARIOS,01t4w00000Num3OAAR
,VARIOS,01t4w00000Num3PAAR
,VARIOS,01t4w00000Num3QAAR
,VARIOS,01t4w00000Num3RAAR
,VARIOS,01t4w00000Num3SAAR
,VARIOS,01t4w00000Num3TAAR
,VARIOS,01t4w00000Num3UAAR
,VARIOS,01t4w00000Num3VAAR
,VARIOS,01t4w00000Num3WAAR
,VARIOS,01t4w00000Num3XAAR
,VARIOS,01t4w00000Num3YAAR
,VARIOS,01t4w00000Num3ZAAR
,VARIOS,01t4w00000Num3aAAB
,VARIOS,01t4w00000Num3bAAB
,VARIOS,01t4w00000Num3cAAB
,VARIOS,01t4w00000Num3dAAB
,VARIOS,01t4w00000Num3eAAB
,VARIOS,01t4w00000Num3fAAB
,VARIOS,01t4w00000Num3gAAB
,VARIOS,01t4w00000Num3hAAB
,VARIOS,01t4w00000Num3iAAB
,VARIOS,01t4w00000Num3jAAB
,VARIOS,01t4w00000Num3kAAB
,VARIOS,01t4w00000Num3lAAB
,VARIOS,01t4w00000Num3mAAB
,VARIOS,01t4w00000Num3nAAB
,VARIOS,01t4w00000Num3oAAB
,VARIOS,01t4w00000Num3pAAB
,VARIOS,01t4w00000Num3qAAB
,VARIOS,01t4w00000Num3rAAB
,VARIOS,01t4w00000Num3sAAB
,VARIOS,01t4w00000Num3tAAB
,VARIOS,01t4w00000Num3uAAB
,VARIOS,01t4w00000Num3vAAB
,VARIOS,01t4w00000Num3wAAB
,VARIOS,01t4w00000Num3xAAB
,VARIOS,01t4w00000Num3yAAB
,VARIOS,01t4w00000Num3zAAB
,VARIOS,01t4w00000Num40AAB
,VARIOS,01t4w00000Num41AAB
,VARIOS,01t4w00000Num42AAB
,VARIOS,01t4w00000Num43AAB
,VARIOS,01t4w00000Num44AAB
,VARIOS,01t4w00000Num45AAB
,VARIOS,01t4w00000Num46AAB
,VARIOS,01t4w00000Num47AAB
,VARIOS,01t4w00000Num48AAB
,VARIOS,01t4w00000Num49AAB
,VARIOS,01t4w00000Num4AAAR
,VARIOS,01t4w00000Num4BAAR
,VARIOS,01t4w00000Num4CAAR
,VARIOS,01t4w00000Num4DAAR
,VARIOS,01t4w00000Num4EAAR
,VARIOS,01t4w00000Num4FAAR
,VARIOS,01t4w00000Num4GAAR
VARIOS,VARIOS,01t4w00000Num4HAAR
VARIOS,VARIOS,01t4w00000Num4IAAR
NEGRO,NEGRO,01t4w00000Num4JAAR
NEGRO+NARANJA,NEGRO+NARANJA,01t4w00000Num4KAAR
VARIOS,VARIOS,01t4w00000Num4LAAR
NEGRO,NEGRO,01t4w00000Num4MAAR
VARIOS,VARIOS,01t4w00000Num4NAAR
NEGRO,NEGRO,01t4w00000Num4OAAR
VARIOS,VARIOS,01t4w00000Num4PAAR
GRIS,GRIS,01t4w00000Num4QAAR
VARIOS,VARIOS,01t4w00000Num4RAAR
NEGRO,NEGRO,01t4w00000Num4SAAR
NEGRO+AMARILLO,NEGRO+AMARILLO,01t4w00000Num4TAAR
VARIOS,VARIOS,01t4w00000Num4UAAR
VARIOS,VARIOS,01t4w00000Num4VAAR
NEGRO+GRIS,NEGRO+GRIS,01t4w00000Num4WAAR
NEGRO+NARANJA,NEGRO+NARANJA,01t4w00000Num4XAAR
NEGRO+BLANCO,NEGRO+BLANCO,01t4w00000Num4YAAR
VARIOS,VARIOS,01t4w00000Num4ZAAR
VARIOS,VARIOS,01t4w00000Num4aAAB
VARIOS,VARIOS,01t4w00000Num4bAAB
VARIOS,VARIOS,01t4w00000Num4cAAB
VARIOS,VARIOS,01t4w00000Num4dAAB
VARIOS - TRANSPARENTE,VARIOS - TRANSPARENTE,01t4w00000Num4eAAB
NEGRO,NEGRO,01t4w00000Num4fAAB
VARIOS - TRANSPARENTE,VARIOS - TRANSPARENTE,01t4w00000Num4gAAB
VARIOS,VARIOS,01t4w00000Num4hAAB
VARIOS,VARIOS,01t4w00000Num4iAAB
NATURAL WOOD LOOKS,NATURAL WOOD LOOKS,01t4w00000Num4jAAB
NATURAL WOOD LOOKS,NATURAL WOOD LOOKS,01t4w00000Num4kAAB
VARIOS,VARIOS,01t4w00000Num4lAAB
VARIOS,VARIOS,01t4w00000Num4mAAB
VARIOS,VARIOS,01t4w00000Num4nAAB
VARIOS,VARIOS,01t4w00000Num4oAAB
VARIOS,VARIOS,01t4w00000Num4pAAB
VARIOS,VARIOS,01t4w00000Num4qAAB
VARIOS,VARIOS,01t4w00000Num4rAAB
VARIOS,VARIOS,01t4w00000Num4sAAB
VARIOS,VARIOS,01t4w00000Num4tAAB
VARIOS,VARIOS,01t4w00000Num4uAAB
VARIOS,VARIOS,01t4w00000Num4vAAB
VARIOS,VARIOS,01t4w00000Num4wAAB
VARIOS,VARIOS,01t4w00000Num4xAAB
VARIOS,VARIOS,01t4w00000Num4yAAB
VARIOS,VARIOS,01t4w00000Num4zAAB
ROJO+NEGRO,ROJO+NEGRO,01t4w00000Num50AAB
VARIOS,VARIOS,01t4w00000Num51AAB
OSCURO+NEGRO,OSCURO+NEGRO,01t4w00000Num52AAB
NATURAL+ROSA+AZUL,NATURAL+ROSA+AZUL,01t4w00000Num53AAB
NATURAL+NEGRO,NATURAL+NEGRO,01t4w00000Num54AAB
NATURAL+BLANCO,NATURAL+BLANCO,01t4w00000Num55AAB
NATURAL+BLANCO,NATURAL+BLANCO,01t4w00000Num56AAB
NATURAL+BLANCO,NATURAL+BLANCO,01t4w00000Num57AAB
NATURAL+BLANCO,NATURAL+BLANCO,01t4w00000Num58AAB
NATURAL+NEGRO,NATURAL+NEGRO,01t4w00000Num59AAB
NATURAL+BLANCO,NATURAL+BLANCO,01t4w00000Num5AAAR
NATURAL+NEGRO,NATURAL+NEGRO,01t4w00000Num5BAAR
NATURAL+NEGRO,NATURAL+NEGRO,01t4w00000Num5CAAR
NEGRO,NEGRO,01t4w00000Num5DAAR
NATURAL+NEGRO,NATURAL+NEGRO,01t4w00000Num5EAAR
NEGRO+GRIS,NEGRO+GRIS,01t4w00000Num5FAAR
VARIOS,VARIOS,01t4w00000Num5GAAR
NATURAL+NEGRO,NATURAL+NEGRO,01t4w00000Num5HAAR
NATURAL+BLANCO,NATURAL+BLANCO,01t4w00000Num5IAAR
NATURAL+BLANCO,NATURAL+BLANCO,01t4w00000Num5JAAR
VARIOS,VARIOS,01t4w00000Num5KAAR
VARIOS,VARIOS,01t4w00000Num5LAAR
NATURAL+NEGRO,NATURAL+NEGRO,01t4w00000Num5MAAR
NATURAL+NEGRO,NATURAL+NEGRO,01t4w00000Num5NAAR
OSCURO,OSCURO,01t4w00000Num5OAAR
NATURAL+BLANCO,NATURAL+BLANCO,01t4w00000Num5PAAR
VARIOS,VARIOS,01t4w00000Num5QAAR
VARIOS,VARIOS,01t4w00000Num5RAAR
NATURAL+BLANCO,NATURAL+BLANCO,01t4w00000Num5SAAR
NATURAL+NEGRO,NATURAL+NEGRO,01t4w00000Num5TAAR
VARIOS,VARIOS,01t4w00000Num5UAAR
NATURAL+BLANCO,NATURAL+BLANCO,01t4w00000Num5VAAR
GRIS+ROSA,GRIS+ROSA,01t4w00000Num5WAAR
NEGRO,NEGRO,01t4w00000Num5XAAR
GRIS+NEGRO,GRIS+NEGRO,01t4w00000Num5YAAR
GRIS+NEGRO,GRIS+NEGRO,01t4w00000Num5ZAAR
VARIOS,VARIOS,01t4w00000Num5aAAB
MADERA + GRIS,MADERA + GRIS,01t4w00000Num5bAAB
,MADERA + GRIS,01t4w00000Num5cAAB
VARIOS,VARIOS,01t4w00000Num5dAAB
MADERA + GRIS,MADERA + GRIS,01t4w00000Num5eAAB
,MADERA + GRIS,01t4w00000Num5fAAB
NATURAL+BLANCO,NATURAL+BLANCO,01t4w00000Num5gAAB
BLANCO,BLANCO,01t4w00000Num5hAAB
VARIOS,VARIOS,01t4w00000Num5iAAB
OSCURO,OSCURO,01t4w00000Num5jAAB
VARIOS,VARIOS,01t4w00000Num5kAAB
VARIOS,VARIOS,01t4w00000Num5lAAB
VARIOS,VARIOS,01t4w00000Num5mAAB
VARIOS,VARIOS,01t4w00000Num5nAAB
VALORES,VALORES,01t4w00000Num5oAAB
VARIOS,VARIOS,01t4w00000Num5pAAB
VARIOS,VARIOS,01t4w00000Num5qAAB
VARIOS,VARIOS,01t4w00000Num5rAAB
VARIOS,VARIOS,01t4w00000Num5sAAB
VARIOS,VARIOS,01t4w00000Num5tAAB
VARIOS,VARIOS,01t4w00000Num5uAAB
VARIOS,VARIOS,01t4w00000Num5vAAB
VARIOS,VARIOS,01t4w00000Num5wAAB
VARIOS,VARIOS,01t4w00000Num5xAAB
COLOR,COLOR,01t4w00000Num5yAAB
VARIOS,VARIOS,01t4w00000Num5zAAB
VARIOS,VARIOS,01t4w00000Num60AAB
VARIOS,VARIOS,01t4w00000Num61AAB
VARIOS,VARIOS,01t4w00000Num62AAB
VARIOS,VARIOS,01t4w00000Num63AAB
,GREEN/YELLOW/PINK,01t4w00000Num64AAB
VARIOS,VARIOS,01t4w00000Num65AAB
,ROJO+NEGRO,01t4w00000Num66AAB
VARIOS,VARIOS,01t4w00000Num67AAB
VARIOS,VARIOS,01t4w00000Num68AAB
,ROJO+NEGRO,01t4w00000Num69AAB
,ROJO+NEGRO,01t4w00000Num6AAAR
,NEGRO+BLANCO,01t4w00000Num6BAAR
,NEGRO,01t4w00000Num6CAAR
,NARANJA+BLANCO,01t4w00000Num6DAAR
,NEGRO+NARANJA,01t4w00000Num6EAAR
,NEGRO+NARANJA,01t4w00000Num6FAAR
,OSCURO+NEGRO,01t4w00000Num6GAAR
,NEGRO,01t4w00000Num6HAAR
,NEGRO,01t4w00000Num6IAAR
,NEGRO+GRIS,01t4w00000Num6JAAR
,NATURAL+BLANCO,01t4w00000Num6KAAR
,NATURAL+NEGRO,01t4w00000Num6LAAR
,GRIS,01t4w00000Num6MAAR
,NEGRO,01t4w00000Num6NAAR
,NATURAL+ROSA+AZUL,01t4w00000Num6OAAR
,NEGRO+AMARILLO,01t4w00000Num6PAAR
VARIOS,VARIOS,01t4w00000Num6QAAR
VARIOS,VARIOS,01t4w00000Num6RAAR
VARIOS,VARIOS,01t4w00000Num6SAAR
VARIOS,VARIOS,01t4w00000Num6TAAR
,NATURAL+BLANCO,01t4w00000Num6UAAR
VARIOS,VARIOS,01t4w00000Num6VAAR
VARIOS,VARIOS,01t4w00000Num6WAAR
VARIOS,VARIOS,01t4w00000Num6XAAR
VARIOS,VARIOS,01t4w00000Num6YAAR
VARIOS,VARIOS,01t4w00000Num6ZAAR
VARIOS,VARIOS,01t4w00000Num6aAAB
VARIOS,VARIOS,01t4w00000Num6bAAB
VARIOS,VARIOS,01t4w00000Num6cAAB
VARIOS,VARIOS,01t4w00000Num6dAAB
VARIOS,VARIOS,01t4w00000Num6eAAB
VARIOS,VARIOS,01t4w00000Num6fAAB
VARIOS,VARIOS,01t4w00000Num6gAAB
,NATURAL+BLANCO,01t4w00000Num6hAAB
,NATURAL+BLANCO,01t4w00000Num6iAAB
,NATURAL+BLANCO,01t4w00000Num6jAAB
,NATURAL+NEGRO,01t4w00000Num6kAAB
,NATURAL+NEGRO,01t4w00000Num6lAAB
,NATURAL+NEGRO,01t4w00000Num6mAAB
,NEGRO,01t4w00000Num6nAAB
,NATURAL+NEGRO,01t4w00000Num6oAAB
,NATURAL+BLANCO,01t4w00000Num6pAAB
,NEGRO+GRIS,01t4w00000Num6qAAB
,NATURAL+NEGRO,01t4w00000Num6rAAB
,NATURAL+BLANCO,01t4w00000Num6sAAB
VERDE+NEGRO,VERDE+NEGRO,01t4w00000Num6tAAB
,NATURAL+NEGRO,01t4w00000Num6uAAB
NEGRO+VERDE,NEGRO+VERDE,01t4w00000Num6vAAB
NEGRO+VERDE,NEGRO+VERDE,01t4w00000Num6wAAB
NEGRO+VERDE,NEGRO+VERDE,01t4w00000Num6xAAB
NEGRO+VERDE,NEGRO+VERDE,01t4w00000Num6yAAB
NEGRO+VERDE,NEGRO+VERDE,01t4w00000Num6zAAB
VERDE CLARO+VERDE OSCURO,VERDE CLARO+VERDE OSCURO,01t4w00000Num70AAB
VERDE CLARO+VERDE OSCURO,VERDE CLARO+VERDE OSCURO,01t4w00000Num71AAB
VERDE CLARO+VERDE OSCURO,VERDE CLARO+VERDE OSCURO,01t4w00000Num72AAB
VERDE CLARO+VERDE OSCURO,VERDE CLARO+VERDE OSCURO,01t4w00000Num73AAB
VERDE CLARO+VERDE OSCURO,VERDE CLARO+VERDE OSCURO,01t4w00000Num74AAB
VERDE CLARO+VERDE OSCURO,VERDE CLARO+VERDE OSCURO,01t4w00000Num75AAB
VERDE CLARO+ VERDE OSCURO,VERDE CLARO+ VERDE OSCURO,01t4w00000Num76AAB
VERDE CLARO+ VERDE OSCURO,VERDE CLARO+ VERDE OSCURO,01t4w00000Num77AAB
VERDE CLARO+ VERDE OSCURO,VERDE CLARO+ VERDE OSCURO,01t4w00000Num78AAB
VARIOS,VARIOS,01t4w00000Num79AAB
VARIOS,VARIOS,01t4w00000Num7AAAR
VARIOS,VARIOS,01t4w00000Num7BAAR
BLANCO+NATURAL,BLANCO+NATURAL,01t4w00000Num7CAAR
VARIOS,VARIOS,01t4w00000Num7DAAR
NEGRO+VERDE,NEGRO+VERDE,01t4w00000Num7EAAR
VARIOS,VARIOS,01t4w00000Num7FAAR
VARIOS,VARIOS,01t4w00000Num7GAAR
VERDE,VERDE,01t4w00000Num7HAAR
NEGRO+VERDE,NEGRO+VERDE,01t4w00000Num7IAAR
BLANCO+NATURAL,BLANCO+NATURAL,01t4w00000Num7JAAR
NEGRO+VERDE,NEGRO+VERDE,01t4w00000Num7KAAR
BLANCO+NATURAL,BLANCO+NATURAL,01t4w00000Num7LAAR
NEGRO+VERDE,NEGRO+VERDE,01t4w00000Num7MAAR
VARIOS,VARIOS,01t4w00000Num7NAAR
VERDE CLARO+VERDE OSCURO,VERDE CLARO+VERDE OSCURO,01t4w00000Num7OAAR
VERDE+NEGRO,VERDE+NEGRO,01t4w00000Num7PAAR
VERDE CLARO+VERDE OSCURO,VERDE CLARO+VERDE OSCURO,01t4w00000Num7QAAR
VERDE CLARO+VERDE OSCURO,VERDE CLARO+VERDE OSCURO,01t4w00000Num7RAAR
VERDE CLARO+VERDE OSCURO,VERDE CLARO+VERDE OSCURO,01t4w00000Num7SAAR
GRIS,GRIS,01t4w00000Num7TAAR
GRIS,GRIS,01t4w00000Num7UAAR
VERDE,VERDE,01t4w00000Num7VAAR
GRIS+ROJO,GRIS+ROJO,01t4w00000Num7WAAR
NEGRO,NEGRO,01t4w00000Num7XAAR
VARIOS COLORES,VARIOS COLORES,01t4w00000Num7YAAR
BLANCO,BLANCO,01t4w00000Num7ZAAR
BLANCO,BLANCO,01t4w00000Num7aAAB
BLANCO,BLANCO,01t4w00000Num7bAAB
GRIS OBSCURO & NATURAL,GRIS OBSCURO & NATURAL,01t4w00000Num7dAAB
BLANCO,BLANCO,01t4w00000Num7eAAB
BLANCO,BLANCO,01t4w00000Num7fAAB
VARIOS,VARIOS,01t4w00000Num7gAAB
VARIOS,VARIOS,01t4w00000Num7hAAB
VARIOS,VARIOS,01t4w00000Num7iAAB
NEGRO,NEGRO,01t4w00000Num7jAAB
VARIOS,VARIOS,01t4w00000Num7kAAB
VARIOS,VARIOS,01t4w00000Num7lAAB
VARIOS,VARIOS,01t4w00000Num7mAAB
BLANCO,BLANCO,01t4w00000Num7nAAB
VARIOS,VARIOS,01t4w00000Num7oAAB
NEGRO,NEGRO,01t4w00000Num7qAAB
VARIOS,VARIOS,01t4w00000Num7rAAB
VARIOS,VARIOS,01t4w00000Num7sAAB
VARIOS,VARIOS,01t4w00000Num7tAAB
VARIOS,VARIOS,01t4w00000Num7vAAB
NATURAL,NATURAL,01t4w00000Num7wAAB
NATURAL,NATURAL,01t4w00000Num7xAAB
VARIOS,VARIOS,01t4w00000Num7yAAB
VARIOS,VARIOS,01t4w00000Num7zAAB
VARIOS,VARIOS,01t4w00000Num80AAB
NATURAL,NATURAL,01t4w00000Num81AAB
NEGRO,NEGRO,01t4w00000Num82AAB
GRIS,GRIS,01t4w00000Num83AAB
NEGRO,NEGRO,01t4w00000Num84AAB
NATURAL,NATURAL,01t4w00000Num85AAB
NEGRO,NEGRO,01t4w00000Num86AAB
NEGRO,NEGRO,01t4w00000Num87AAB
NEGRO,NEGRO,01t4w00000Num88AAB
VARIOS,VARIOS,01t4w00000Num89AAB
GOLD,GOLD,01t4w00000Num8AAAR
NEGRO,NEGRO,01t4w00000Num8BAAR
NEGRO,NEGRO,01t4w00000Num8CAAR
GRIS,GRIS,01t4w00000Num8DAAR
GRIS,GRIS,01t4w00000Num8EAAR
ROJO,ROJO,01t4w00000Num8FAAR
CAFE+NEGRO,CAFE+NEGRO,01t4w00000Num8GAAR
GRIS,GRIS,01t4w00000Num8HAAR
NEGRO+AZUL,NEGRO+AZUL,01t4w00000Num8IAAR
GRIS,GRIS,01t4w00000Num8JAAR
NEGRO,NEGRO,01t4w00000Num8KAAR
NEGRO,NEGRO,01t4w00000Num8LAAR
NEGRO,NEGRO,01t4w00000Num8MAAR
NEGRO,NEGRO,01t4w00000Num8NAAR
BLANCO,BLANCO,01t4w00000Num8OAAR
CHOCOLATE,CHOCOLATE,01t4w00000Num8PAAR
NEGRO,NEGRO,01t4w00000Num8QAAR
NEGRO,NEGRO,01t4w00000Num8RAAR
,MARRON,01t4w00000Num8SAAR
,VARIOS,01t4w00000Num8TAAR
,VARIOS,01t4w00000Num8UAAR
,VARIOS,01t4w00000Num8VAAR
,NATURAL+NEGRO,01t4w00000Num8WAAR
,NEGRO,01t4w00000Num8XAAR
,NATURAL+BLANCO,01t4w00000Num8YAAR
,NATURAL+BLANCO,01t4w00000Num8ZAAR
,OSCURO,01t4w00000Num8aAAB
GRIS,GRIS,01t4w00000Num8bAAB
NEGRO,GRIS,01t4w00000Num8cAAB
,NATURAL+NEGRO,01t4w00000Num8dAAB
,NATURAL+BLANCO,01t4w00000Num8eAAB
,GRIS+ROSA,01t4w00000Num8fAAB
,GRIS+NEGRO,01t4w00000Num8gAAB
,VARIOS,01t4w00000Num8hAAB
,NEGRO,01t4w00000Num8iAAB
,BLANCO,01t4w00000Num8jAAB
BLACK,BLACK,01t4w00000Num8kAAB
NEGRO,BLACK,01t4w00000Num8lAAB
,GRIS+NEGRO,01t4w00000Num8mAAB
,NATURAL+BLANCO,01t4w00000Num8nAAB
,MARRON,01t4w00000Num8oAAB
,MARRON,01t4w00000Num8pAAB
,OSCURO,01t4w00000Num8qAAB
,MARRON,01t4w00000Num8rAAB
,MARRON,01t4w00000Num8sAAB
,MARRON,01t4w00000Num8tAAB
,MARRON,01t4w00000Num8uAAB
,MARRON,01t4w00000Num8vAAB
,MARRON,01t4w00000Num8wAAB
,MARRON,01t4w00000Num8xAAB
VARIOS,VARIOS,01t4w00000Num8yAAB
VARIOS,VARIOS,01t4w00000Num8zAAB
VARIOS,VARIOS,01t4w00000Num90AAB
VARIOS,VARIOS,01t4w00000Num91AAB
VARIOS,VARIOS,01t4w00000Num92AAB
VARIOS,VARIOS,01t4w00000Num93AAB
VARIOS,VARIOS,01t4w00000Num94AAB
VARIOS,VARIOS,01t4w00000Num95AAB
VARIOS,VARIOS,01t4w00000Num96AAB
VARIOS,VARIOS,01t4w00000Num97AAB
VARIOS,VARIOS,01t4w00000Num98AAB
VARIOS,VARIOS,01t4w00000Num99AAB
VARIOS,VARIOS,01t4w00000Num9AAAR
VARIOS,VARIOS,01t4w00000Num9BAAR
VARIOS,VARIOS,01t4w00000Num9CAAR
,VARIOS,01t4w00000Num9DAAR
VARIOS,VARIOS,01t4w00000Num9EAAR
,NEGRO,01t4w00000Num9FAAR
,NEGRO,01t4w00000Num9GAAR
,GRIS,01t4w00000Num9HAAR
VARIOS,VARIOS,01t4w00000Num9IAAR
VARIOS,VARIOS,01t4w00000Num9JAAR
,VARIOS,01t4w00000Num9KAAR
,VARIOS,01t4w00000Num9LAAR
,VARIOS,01t4w00000Num9MAAR
VARIOS,VARIOS,01t4w00000Num9NAAR
VARIOS,VARIOS,01t4w00000Num9OAAR
,VARIOS,01t4w00000Num9PAAR
,NEGRO,01t4w00000Num9QAAR
,GRIS,01t4w00000Num9RAAR
,NEGRO,01t4w00000Num9SAAR
,VARIOS,01t4w00000Num9TAAR
,VARIOS,01t4w00000Num9UAAR
,VARIOS,01t4w00000Num9VAAR
VARIOS,VARIOS,01t4w00000Num9WAAR
,VARIOS,01t4w00000Num9XAAR
,VARIOS,01t4w00000Num9YAAR
,VARIOS,01t4w00000Num9ZAAR
,VARIOS,01t4w00000Num9aAAB
,VARIOS,01t4w00000Num9bAAB
,ROJO,01t4w00000Num9cAAB
,GRIS,01t4w00000Num9dAAB
,VARIOS,01t4w00000Num9eAAB
,VARIOS,01t4w00000Num9fAAB
VARIOS,VARIOS,01t4w00000Num9gAAB
VARIOS,VARIOS,01t4w00000Num9hAAB
,CAFE+NEGRO,01t4w00000Num9iAAB
,GRIS,01t4w00000Num9jAAB
,VARIOS,01t4w00000Num9kAAB
,VARIOS,01t4w00000Num9lAAB
,VARIOS,01t4w00000Num9mAAB
,VARIOS,01t4w00000Num9nAAB
,VARIOS,01t4w00000Num9oAAB
,NEGRO,01t4w00000Num9pAAB
,NEGRO,01t4w00000Num9qAAB
,NEGRO,01t4w00000Num9rAAB
,GRIS,01t4w00000Num9sAAB
,NEGRO+AZUL,01t4w00000Num9tAAB
,NEGRO+VERDE,01t4w00000Num9uAAB
,NEGRO+VERDE,01t4w00000Num9vAAB
,VERDE CLARO+VERDE OSCURO,01t4w00000Num9wAAB
,VARIOS,01t4w00000Num9xAAB
,VARIOS,01t4w00000Num9yAAB
,VARIOS,01t4w00000Num9zAAB
,VARIOS,01t4w00000NumA0AAJ
,VARIOS,01t4w00000NumA1AAJ
,VARIOS,01t4w00000NumA2AAJ
,COLOR,01t4w00000NumA3AAJ
,VARIOS,01t4w00000NumA4AAJ
,VARIOS,01t4w00000NumA5AAJ
,VARIOS,01t4w00000NumA6AAJ
,VARIOS,01t4w00000NumA7AAJ
,VARIOS,01t4w00000NumA8AAJ
,VARIOS,01t4w00000NumA9AAJ
,VALORES,01t4w00000NumAAAAZ
,VARIOS,01t4w00000NumABAAZ
,VARIOS,01t4w00000NumACAAZ
,VARIOS,01t4w00000NumADAAZ
,COLOR,01t4w00000NumAEAAZ
,VARIOS,01t4w00000NumAFAAZ
,VARIOS,01t4w00000NumAGAAZ
,VARIOS,01t4w00000NumAHAAZ
,VARIOS,01t4w00000NumAIAAZ
,VARIOS,01t4w00000NumAJAAZ
,VARIOS,01t4w00000NumAKAAZ
,VARIOS,01t4w00000NumALAAZ
,NEGRO,01t4w00000NumAMAAZ
,BLANCO,01t4w00000NumANAAZ
,NEGRO+VERDE,01t4w00000NumAOAAZ
,VERDE CLARO+VERDE OSCURO,01t4w00000NumAPAAZ
,VARIOS,01t4w00000NumAQAAZ
,VARIOS,01t4w00000NumARAAZ
,VARIOS,01t4w00000NumASAAZ
,VARIOS,01t4w00000NumATAAZ
,VARIOS,01t4w00000NumAUAAZ
,CHOCOLATE,01t4w00000NumAVAAZ
,VARIOS,01t4w00000NumAWAAZ
,VARIOS,01t4w00000NumAXAAZ
,VARIOS,01t4w00000NumAYAAZ
,VARIOS,01t4w00000NumAZAAZ
,VARIOS,01t4w00000NumAaAAJ
,VARIOS,01t4w00000NumAbAAJ
,VARIOS,01t4w00000NumAcAAJ
,NEGRO,01t4w00000NumAdAAJ
,NEGRO,01t4w00000NumAeAAJ
,VARIOS,01t4w00000NumAfAAJ
VERDE CLARO+VERDE OSCURO,VERDE CLARO+VERDE OSCURO,01t4w00000NumAgAAJ
,VARIOS,01t4w00000NumAhAAJ
,VARIOS,01t4w00000NumAiAAJ
,VARIOS,01t4w00000NumAjAAJ
,VARIOS,01t4w00000NumAkAAJ
,VARIOS,01t4w00000NumAlAAJ
,VARIOS,01t4w00000NumAmAAJ
,VARIOS,01t4w00000NumAnAAJ
,VARIOS,01t4w00000NumAoAAJ
,VARIOS,01t4w00000NumApAAJ
,VARIOS,01t4w00000NumAqAAJ
,VARIOS,01t4w00000NumArAAJ
,VARIOS,01t4w00000NumAsAAJ
,VARIOS,01t4w00000NumAtAAJ
,VARIOS,01t4w00000NumAuAAJ
,VARIOS,01t4w00000NumAvAAJ
,VARIOS,01t4w00000NumAwAAJ
,VARIOS,01t4w00000NumAxAAJ
,VARIOS,01t4w00000NumAyAAJ
,VARIOS,01t4w00000NumAzAAJ
,VARIOS,01t4w00000NumB0AAJ
,VARIOS,01t4w00000NumB1AAJ
,VARIOS,01t4w00000NumB2AAJ
,VARIOS,01t4w00000NumB3AAJ
,VARIOS,01t4w00000NumB4AAJ
,VARIOS,01t4w00000NumB5AAJ
,VARIOS,01t4w00000NumB6AAJ
,VARIOS,01t4w00000NumB7AAJ
,VARIOS,01t4w00000NumB8AAJ
,VARIOS,01t4w00000NumB9AAJ
,VARIOS,01t4w00000NumBAAAZ
,VARIOS,01t4w00000NumBBAAZ
,VARIOS,01t4w00000NumBCAAZ
,VERDE+NEGRO,01t4w00000NumBDAAZ
,VARIOS,01t4w00000NumBEAAZ
NEGRO,NEGRO,01t4w00000NumBFAAZ
,VARIOS,01t4w00000NumBGAAZ
,NEGRO+VERDE,01t4w00000NumBHAAZ
,NEGRO+VERDE,01t4w00000NumBIAAZ
,VERDE CLARO+VERDE OSCURO,01t4w00000NumBJAAZ
,VERDE CLARO+VERDE OSCURO,01t4w00000NumBKAAZ
,VERDE CLARO+ VERDE OSCURO,01t4w00000NumBLAAZ
NEGRO+VERDE,NEGRO+VERDE,01t4w00000NumBMAAZ
NEGRO+VERDE,NEGRO+VERDE,01t4w00000NumBNAAZ
VERDE CLARO+VERDE OSCURO,VERDE CLARO+VERDE OSCURO,01t4w00000NumBOAAZ
NEGRO+MADERA,NEGRO+MADERA,01t4w00000NumBPAAZ
NEGRO+MADERA,NEGRO+MADERA,01t4w00000NumBQAAZ
NEGRO,NEGRO,01t4w00000NumBRAAZ
NEGRO,NEGRO,01t4w00000NumBSAAZ
NEGRO,NEGRO,01t4w00000NumBTAAZ
NEGRO+MADERA,NEGRO+MADERA,01t4w00000NumBUAAZ
NEGRO+MADERA,NEGRO+MADERA,01t4w00000NumBVAAZ
NEGRO+MADERA,NEGRO+MADERA,01t4w00000NumBWAAZ
NEGRO,NEGRO,01t4w00000NumBXAAZ
NEGRO,NEGRO,01t4w00000NumBYAAZ
NEGRO,NEGRO,01t4w00000NumBZAAZ
NEGRO,NEGRO,01t4w00000NumBaAAJ
NEGRO,NEGRO,01t4w00000NumBbAAJ
NEGRO,NEGRO,01t4w00000NumBcAAJ
NEGRO,NEGRO,01t4w00000NumBdAAJ
NEGRO+MADERA,NEGRO+MADERA,01t4w00000NumBeAAJ
NEGRO,NEGRO,01t4w00000NumBfAAJ
NEGRO,NEGRO,01t4w00000NumBgAAJ
NEGRO,NEGRO,01t4w00000NumBhAAJ
NEGRO+MADERA,NEGRO+MADERA,01t4w00000NumBiAAJ
NEGRO+MADERA,NEGRO+MADERA,01t4w00000NumBjAAJ
NEGRO+MADERA,NEGRO+MADERA,01t4w00000NumBkAAJ
BLACK,BLACK,01t4w00000NumBlAAJ
NEGRO,NEGRO,01t4w00000NumBmAAJ
NEGRO,NEGRO,01t4w00000NumBnAAJ
VERDE+NEGRO,VERDE+NEGRO,01t4w00000NumBoAAJ
VERDE+DORADO,VERDE+DORADO,01t4w00000NumBwAAJ
BLANCO,BLANCO,01t4w00000NumBxAAJ
BLANCO+DORADO,BLANCO+DORADO,01t4w00000NumByAAJ
GRIS,GRIS,01t4w00000NumBzAAJ
VERDE+DORADO,VERDE+DORADO,01t4w00000NumC0AAJ
NEGRO,NEGRO,01t4w00000NumC1AAJ
VARIOS,VARIOS,01t4w00000NumC2AAJ
VARIOS,VARIOS,01t4w00000NumC3AAJ
NEGRO,NEGRO,01t4w00000NumC4AAJ
VARIOS,VARIOS,01t4w00000NumC5AAJ
VARIOS,VARIOS,01t4w00000NumC6AAJ
NEGRO,NEGRO,01t4w00000NumC7AAJ
VARIOS,VARIOS,01t4w00000NumC8AAJ
VARIOS,VARIOS,01t4w00000NumC9AAJ
VARIOS,VARIOS,01t4w00000NumCAAAZ
VARIOS,VARIOS,01t4w00000NumCBAAZ
NEGRO,NEGRO,01t4w00000NumCCAAZ
VARIOS,VARIOS,01t4w00000NumCDAAZ
VARIOS,VARIOS,01t4w00000NumCEAAZ
VARIOS,VARIOS,01t4w00000NumCFAAZ
NEGRO,NEGRO,01t4w00000NumCGAAZ
VARIOS,VARIOS,01t4w00000NumCHAAZ
NEGRO,NEGRO,01t4w00000NumCIAAZ
VARIOS,VARIOS,01t4w00000NumCJAAZ
VARIOS,VARIOS,01t4w00000NumCKAAZ
NEGRO,NEGRO,01t4w00000NumCLAAZ
VARIOS,VARIOS,01t4w00000NumCMAAZ
NEGRO,NEGRO,01t4w00000NumCNAAZ
VARIOS,VARIOS,01t4w00000NumCOAAZ
BLANCO,BLANCO,01t4w00000NumCPAAZ
VARIOS,VARIOS,01t4w00000NumCQAAZ
BLACK or WHITE,BLACK or WHITE,01t4w00000NumCRAAZ
VARIOS,VARIOS,01t4w00000NumCSAAZ
BLANCO,BLANCO,01t4w00000NumCTAAZ
BLANCO,BLANCO,01t4w00000NumCUAAZ
BLANCO,BLANCO,01t4w00000NumCVAAZ
BLANCO,BLANCO,01t4w00000NumCWAAZ
BLANCO,BLANCO,01t4w00000NumCXAAZ
BLANCO,BLANCO,01t4w00000NumCYAAZ
NEGRO,NEGRO,01t4w00000NumCZAAZ
BLANCO,BLANCO,01t4w00000NumCaAAJ
VARIOS,VARIOS,01t4w00000NumCbAAJ
NEGRO,NEGRO,01t4w00000NumCcAAJ
NEGRO,NEGRO,01t4w00000NumCdAAJ
NEGRO,NEGRO,01t4w00000NumCeAAJ
NEGRO,NEGRO,01t4w00000NumCfAAJ
NEGRO,NEGRO,01t4w00000NumCgAAJ
MORADO,MORADO,01t4w00000NumChAAJ
MORADO,MORADO,01t4w00000NumCiAAJ
NEGRO,NEGRO,01t4w00000NumCjAAJ
GRIS,GRIS,01t4w00000NumCkAAJ
PLATA,PLATA,01t4w00000NumClAAJ
NEGRO,NEGRO,01t4w00000NumCmAAJ
NEGRO,NEGRO,01t4w00000NumCnAAJ
BLANCO,BLANCO,01t4w00000NumCoAAJ
BLANCO,BLANCO,01t4w00000NumCpAAJ
GRIS,GRIS,01t4w00000NumCqAAJ
NEGRO,NEGRO,01t4w00000NumCrAAJ
BLANCO,BLANCO,01t4w00000NumCsAAJ
BLANCO+NEGRO,BLANCO+NEGRO,01t4w00000NumCtAAJ
GRIS+ROJO,GRIS+ROJO,01t4w00000NumCuAAJ
GRIS+NATURAL,GRIS+NATURAL,01t4w00000NumCvAAJ
NEGRO,NEGRO,01t4w00000NumCwAAJ
NEGRO,NEGRO,01t4w00000NumCxAAJ
NEGRO,NEGRO,01t4w00000NumCyAAJ
GRIS,GRIS,01t4w00000NumCzAAJ
ROJO,ROJO,01t4w00000NumD0AAJ
GRIS,GRIS,01t4w00000NumD1AAJ
NEGRO,NEGRO,01t4w00000NumD2AAJ
BEIGE O GRIS,BEIGE O GRIS,01t4w00000NumD3AAJ
GRIS,GRIS,01t4w00000NumD4AAJ
MARRON,MARRON,01t4w00000NumD5AAJ
GRIS+NEGRO,GRIS+NEGRO,01t4w00000NumD6AAJ
GRIS,GRIS,01t4w00000NumD7AAJ
CAFE,CAFE,01t4w00000NumD8AAJ
GRIS,GRIS,01t4w00000NumD9AAJ
GRIS OXFORD,GRIS OXFORD,01t4w00000NumDAAAZ
AZUL,AZUL,01t4w00000NumDBAAZ
GRIS,GRIS,01t4w00000NumDCAAZ
NEGRO,NEGRO,01t4w00000NumDDAAZ
,VARIOS,01t4w00000NumDEAAZ
,VARIOS,01t4w00000NumDFAAZ
,VERDE CLARO+VERDE OSCURO,01t4w00000NumDGAAZ
,VERDE CLARO+VERDE OSCURO,01t4w00000NumDHAAZ
,VARIOS,01t4w00000NumDIAAZ
,VARIOS,01t4w00000NumDJAAZ
,VARIOS,01t4w00000NumDKAAZ
,VARIOS,01t4w00000NumDLAAZ
,VERDE CLARO+ VERDE OSCURO,01t4w00000NumDMAAZ
,VERDE CLARO+ VERDE OSCURO,01t4w00000NumDNAAZ
,VARIOS,01t4w00000NumDOAAZ
,VARIOS,01t4w00000NumDPAAZ
,VARIOS,01t4w00000NumDQAAZ
,VARIOS,01t4w00000NumDRAAZ
,VARIOS,01t4w00000NumDSAAZ
,VARIOS,01t4w00000NumDTAAZ
,VARIOS,01t4w00000NumDUAAZ
,VARIOS,01t4w00000NumDVAAZ
,VARIOS,01t4w00000NumDWAAZ
,VARIOS,01t4w00000NumDXAAZ
,VARIOS,01t4w00000NumDYAAZ
,VARIOS,01t4w00000NumDZAAZ
,VARIOS,01t4w00000NumDaAAJ
,VARIOS,01t4w00000NumDbAAJ
,VARIOS,01t4w00000NumDcAAJ
,VARIOS,01t4w00000NumDdAAJ
,VARIOS,01t4w00000NumDeAAJ
,NEGRO+VERDE,01t4w00000NumDfAAJ
,NEGRO+VERDE,01t4w00000NumDgAAJ
,VERDE CLARO+VERDE OSCURO,01t4w00000NumDhAAJ
,GRIS,01t4w00000NumDiAAJ
,VERDE,01t4w00000NumDjAAJ
,NEGRO+VERDE,01t4w00000NumDkAAJ
,VERDE CLARO+VERDE OSCURO,01t4w00000NumDlAAJ
,NEGRO+VERDE,01t4w00000NumDmAAJ
,VERDE CLARO+VERDE OSCURO,01t4w00000NumDoAAJ
,NEGRO+VERDE,01t4w00000NumDpAAJ
,NEGRO+VERDE,01t4w00000NumDqAAJ
,VERDE+NEGRO,01t4w00000NumDrAAJ
,VERDE CLARO+VERDE OSCURO,01t4w00000NumDsAAJ
,VERDE,01t4w00000NumDtAAJ
,VERDE+NEGRO,01t4w00000NumDuAAJ
,VERDE CLARO+VERDE OSCURO,01t4w00000NumDvAAJ
,VARIOS,01t4w00000NumDwAAJ
,VARIOS,01t4w00000NumDxAAJ
,VARIOS,01t4w00000NumDyAAJ
,VERDE CLARO+VERDE OSCURO,01t4w00000NumDzAAJ
,GRIS,01t4w00000NumE0AAJ
,VARIOS,01t4w00000NumE1AAJ
,VARIOS,01t4w00000NumE2AAJ
,VARIOS,01t4w00000NumE3AAJ
,VARIOS,01t4w00000NumE4AAJ
,VARIOS,01t4w00000NumE5AAJ
,VARIOS,01t4w00000NumE6AAJ
,GRIS+ROJO,01t4w00000NumE8AAJ
,VARIOS,01t4w00000NumEBAAZ
,VARIOS,01t4w00000NumEFAAZ
,VARIOS,01t4w00000NumEGAAZ
,VARIOS,01t4w00000NumEHAAZ
,VARIOS,01t4w00000NumEIAAZ
,VARIOS,01t4w00000NumEJAAZ
,VARIOS,01t4w00000NumEKAAZ
,VARIOS,01t4w00000NumELAAZ
,NEGRO,01t4w00000NumEMAAZ
,VARIOS,01t4w00000NumENAAZ
,VARIOS,01t4w00000NumEOAAZ
,VARIOS,01t4w00000NumEPAAZ
,VARIOS,01t4w00000NumEQAAZ
,VARIOS,01t4w00000NumERAAZ
,VARIOS,01t4w00000NumESAAZ
,VARIOS,01t4w00000NumETAAZ
,NEGRO+MADERA,01t4w00000NumEUAAZ
,NEGRO,01t4w00000NumEVAAZ
,NEGRO,01t4w00000NumEWAAZ
,NEGRO+MADERA,01t4w00000NumEXAAZ
,NEGRO,01t4w00000NumEYAAZ
,NEGRO+MADERA,01t4w00000NumEZAAZ
,NEGRO+MADERA,01t4w00000NumEaAAJ
,NEGRO,01t4w00000NumEbAAJ
,NEGRO+MADERA,01t4w00000NumEcAAJ
,NEGRO,01t4w00000NumEdAAJ
,NEGRO,01t4w00000NumEeAAJ
,NEGRO,01t4w00000NumEfAAJ
,NEGRO,01t4w00000NumEgAAJ
,NEGRO,01t4w00000NumEhAAJ
,NEGRO,01t4w00000NumEiAAJ
,NEGRO,01t4w00000NumEjAAJ
,NEGRO,01t4w00000NumEkAAJ
,NEGRO+MADERA,01t4w00000NumElAAJ
,VARIOS,01t4w00000NumEmAAJ
,VARIOS,01t4w00000NumEnAAJ
,NEGRO+MADERA,01t4w00000NumEoAAJ
,NEGRO+MADERA,01t4w00000NumEpAAJ
,NEGRO,01t4w00000NumEqAAJ
,NEGRO+MADERA,01t4w00000NumErAAJ
,VARIOS,01t4w00000NumEsAAJ
,VARIOS,01t4w00000NumEtAAJ
,BLACK or WHITE,01t4w00000NumEuAAJ
,VARIOS,01t4w00000NumEvAAJ
,VARIOS,01t4w00000NumEwAAJ
,VARIOS,01t4w00000NumExAAJ
,VARIOS,01t4w00000NumEyAAJ
,VARIOS,01t4w00000NumEzAAJ
,VARIOS,01t4w00000NumF0AAJ
,VARIOS,01t4w00000NumF1AAJ
,VARIOS,01t4w00000NumF2AAJ
,VARIOS,01t4w00000NumF3AAJ
,VARIOS,01t4w00000NumF4AAJ
,VARIOS,01t4w00000NumF5AAJ
,VARIOS,01t4w00000NumF6AAJ
,VERDE+DORADO,01t4w00000NumF7AAJ
,BLANCO+NEGRO,01t4w00000NumF8AAJ
,GRIS+NATURAL,01t4w00000NumF9AAJ
,GRIS,01t4w00000NumFAAAZ
,GRIS,01t4w00000NumFBAAZ
,BLANCO,01t4w00000NumFCAAZ
,VARIOS,01t4w00000NumFDAAZ
,BLANCO+DORADO,01t4w00000NumFEAAZ
,GRIS,01t4w00000NumFFAAZ
,ROJO,01t4w00000NumFGAAZ
,BEIGE O GRIS,01t4w00000NumFHAAZ
,GRIS,01t4w00000NumFIAAZ
,VERDE+DORADO,01t4w00000NumFJAAZ
,GRIS+NEGRO,01t4w00000NumFKAAZ
,GRIS,01t4w00000NumFLAAZ
,GRIS+ROJO,01t4w00000NumFMAAZ
,NEGRO,01t4w00000NumFNAAZ
,MARRON,01t4w00000NumFOAAZ
,NEGRO,01t4w00000NumFPAAZ
,CAFE,01t4w00000NumFQAAZ
,GRIS OXFORD,01t4w00000NumFRAAZ
VARIOS,VARIOS,01t4w00000NumFSAAZ
VARIOS,VARIOS,01t4w00000NumFTAAZ
VARIOS,VARIOS,01t4w00000NumFUAAZ
VARIOS,VARIOS,01t4w00000NumFVAAZ
VARIOS,VARIOS,01t4w00000NumFWAAZ
VARIOS,VARIOS,01t4w00000NumFXAAZ
VARIOS,VARIOS,01t4w00000NumFYAAZ
VARIOS,VARIOS,01t4w00000NumFZAAZ
VARIOS,VARIOS,01t4w00000NumFaAAJ
VARIOS,VARIOS,01t4w00000NumFbAAJ
VARIOS,VARIOS,01t4w00000NumFcAAJ
VARIOS,VARIOS,01t4w00000NumFdAAJ
VARIOS,VARIOS,01t4w00000NumFeAAJ
VARIOS,VARIOS,01t4w00000NumFfAAJ
VARIOS,VARIOS,01t4w00000NumFgAAJ
VARIOS,VARIOS,01t4w00000NumFhAAJ
VARIOS,VARIOS,01t4w00000NumFiAAJ
VARIOS,VARIOS,01t4w00000NumFjAAJ
VARIOS,VARIOS,01t4w00000NumFkAAJ
CHOCOLATE,CHOCOLATE,01t4w00000NumFlAAJ
NEGRO+CLARO,NEGRO+CLARO,01t4w00000NumFmAAJ
VARIOS,VARIOS,01t4w00000NumFnAAJ
VARIOS,VARIOS,01t4w00000NumFoAAJ
VARIOS,VARIOS,01t4w00000NumFpAAJ
VARIOS,VARIOS,01t4w00000NumFqAAJ
VARIOR,VARIOR,01t4w00000NumFrAAJ
VARIOS,VARIOS,01t4w00000NumFsAAJ
VARIOS,VARIOS,01t4w00000NumFtAAJ
VARIOS,VARIOS,01t4w00000NumFuAAJ
VARIOS,VARIOS,01t4w00000NumFvAAJ
VARIOS,VARIOS,01t4w00000NumFwAAJ
VARIOS,VARIOS,01t4w00000NumFxAAJ
BLANCO,BLANCO,01t4w00000NumFyAAJ
GRIS,GRIS,01t4w00000NumFzAAJ
GRIS,GRIS,01t4w00000NumG0AAJ
GRIS,GRIS,01t4w00000NumG1AAJ
GRIS,GRIS,01t4w00000NumG2AAJ
ANIMAL PRINT,ANIMAL PRINT,01t4w00000NumG3AAJ
TRANSPARENTE,TRANSPARENTE,01t4w00000NumG4AAJ
BLACK,BLACK,01t4w00000NumG5AAJ
VERIOS,VERIOS,01t4w00000NumG6AAJ
BLACK,BLACK,01t4w00000NumG7AAJ
VARIOS,VARIOS,01t4w00000NumG8AAJ
VARIOS,VARIOS,01t4w00000NumG9AAJ
VARIOS,VARIOS,01t4w00000NumGAAAZ
NUDE,NUDE,01t4w00000NumGBAAZ
BLANCO,BLANCO,01t4w00000NumGCAAZ
VARIOS,VARIOS,01t4w00000NumGDAAZ
NEGRO,NEGRO,01t4w00000NumGEAAZ
BLACK,BLACK,01t4w00000NumGFAAZ
BLACK,BLACK,01t4w00000NumGGAAZ
BLACK,BLACK,01t4w00000NumGHAAZ
CHERRY,CHERRY,01t4w00000NumGIAAZ
CHERRY,CHERRY,01t4w00000NumGJAAZ
BLACK,BLACK,01t4w00000NumGKAAZ
BLACK,BLACK,01t4w00000NumGLAAZ
BLACK,BLACK,01t4w00000NumGMAAZ
MARMOL EFFECT,MARMOL EFFECT,01t4w00000NumGNAAZ
BLANCO,BLANCO,01t4w00000NumGOAAZ
VARIOS,VARIOS,01t4w00000NumGPAAZ
BLANCO+MENTA,BLANCO+MENTA,01t4w00000NumGQAAZ
NARANJA,NARANJA,01t4w00000NumGRAAZ
BLANCO+NEGRO,BLANCO+NEGRO,01t4w00000NumGSAAZ
BLANCO,BLANCO,01t4w00000NumGTAAZ
BLANCO,BLANCO,01t4w00000NumGUAAZ
GRIS,GRIS,01t4w00000NumGVAAZ
NATURAL,NATURAL,01t4w00000NumGWAAZ
NATURAL,NATURAL,01t4w00000NumGXAAZ
NATURAL,NATURAL,01t4w00000NumGYAAZ
GRIS+BLANCO,GRIS+BLANCO,01t4w00000NumGZAAZ
GRIS,GRIS,01t4w00000NumGaAAJ
GRIS,GRIS,01t4w00000NumGbAAJ
GRIS,GRIS,01t4w00000NumGcAAJ
VARIOS,VARIOS,01t4w00000NumGdAAJ
NUDE,NUDE,01t4w00000NumGeAAJ
GRIS,GRIS,01t4w00000NumGfAAJ
VARIOS,VARIOS,01t4w00000NumGgAAJ
BLUE AND WHITE,BLUE AND WHITE,01t4w00000NumGhAAJ
GRIS,GRIS,01t4w00000NumGiAAJ
GRIS,GRIS,01t4w00000NumGjAAJ
BLANCO,BLANCO,01t4w00000NumGkAAJ
GRIS,GRIS,01t4w00000NumGlAAJ
GRIS,GRIS,01t4w00000NumGmAAJ
GRIS,GRIS,01t4w00000NumGnAAJ
GRIS,GRIS,01t4w00000NumGoAAJ
GRIS,GRIS,01t4w00000NumGpAAJ
BLANCO,BLANCO,01t4w00000NumGqAAJ
GRIS,GRIS,01t4w00000NumGrAAJ
GRIS,GRIS,01t4w00000NumGsAAJ
GRIS,GRIS,01t4w00000NumGtAAJ
GRIS,GRIS,01t4w00000NumGuAAJ
VARIOS,VARIOS,01t4w00000NumGvAAJ
VARIOS,VARIOS,01t4w00000NumGwAAJ
VARIOS,VARIOS,01t4w00000NumGxAAJ
VARIOS,VARIOS,01t4w00000NumGyAAJ
VARIOS,VARIOS,01t4w00000NumGzAAJ
VARIOS,VARIOS,01t4w00000NumH0AAJ
VARIOS,VARIOS,01t4w00000NumH1AAJ
VARIOS,VARIOS,01t4w00000NumH2AAJ
VARIOS,VARIOS,01t4w00000NumH3AAJ
VARIOS,VARIOS,01t4w00000NumH4AAJ
VARIOS,VARIOS,01t4w00000NumH5AAJ
VARIOS,VARIOS,01t4w00000NumH6AAJ
VARIOS,VARIOS,01t4w00000NumH7AAJ
VARIOS,VARIOS,01t4w00000NumH8AAJ
VARIOS,VARIOS,01t4w00000NumH9AAJ
VARIOS,VARIOS,01t4w00000NumHAAAZ
VARIOS,VARIOS,01t4w00000NumHBAAZ
VARIOS,VARIOS,01t4w00000NumHCAAZ
,NATURAL,01t4w00000NumHDAAZ
,VARIOS,01t4w00000NumHGAAZ
,VARIOS,01t4w00000NumHHAAZ
,VARIOS,01t4w00000NumHIAAZ
,VARIOS,01t4w00000NumHJAAZ
,VARIOS,01t4w00000NumHKAAZ
,VARIOS,01t4w00000NumHLAAZ
,BLANCO,01t4w00000NumHQAAZ
,NEGRO,01t4w00000NumHRAAZ
,VARIOS,01t4w00000NumHWAAZ
,MARRON,01t4w00000NumHXAAZ
,VARIOS,01t4w00000NumHbAAJ
,BLANCO,01t4w00000NumHdAAJ
,MARRON,01t4w00000NumHeAAJ
,VARIOS,01t4w00000NumHfAAJ
,VARIOS,01t4w00000NumHgAAJ
,VARIOS,01t4w00000NumHhAAJ
,VARIOS,01t4w00000NumHiAAJ
,VARIOS,01t4w00000NumHjAAJ
,VARIOS,01t4w00000NumHkAAJ
,VARIOS,01t4w00000NumHlAAJ
,GRIS,01t4w00000NumHmAAJ
,VARIOS,01t4w00000NumHnAAJ
,VARIOS,01t4w00000NumHoAAJ
,BLANCO,01t4w00000NumHpAAJ
,MARRON,01t4w00000NumHqAAJ
,NEGRO,01t4w00000NumHrAAJ
,VARIOS,01t4w00000NumHsAAJ
,MARRON,01t4w00000NumHtAAJ
,VARIOS,01t4w00000NumHuAAJ
,VERDE,01t4w00000NumHvAAJ
,VARIOS,01t4w00000NumHwAAJ
,GRIS,01t4w00000NumHxAAJ
,VARIOS,01t4w00000NumHyAAJ
,MARRON,01t4w00000NumHzAAJ
,VARIOS,01t4w00000NumI0AAJ
AZUL,AZUL,01t4w00000NumI1AAJ
,AZUL,01t4w00000NumI2AAJ
AZUL,AZUL,01t4w00000NumI3AAJ
,AZUL,01t4w00000NumI4AAJ
,AZUL,01t4w00000NumI5AAJ
AZUL,AZUL,01t4w00000NumI6AAJ
AZUL,AZUL,01t4w00000NumI7AAJ
BLANCO,BLANCO,01t4w00000NumI8AAJ
AZUL,AZUL,01t4w00000NumI9AAJ
,AZUL,01t4w00000NumIAAAZ
,AZUL,01t4w00000NumIBAAZ
AZUL,AZUL,01t4w00000NumICAAZ
AZUL,AZUL,01t4w00000NumIDAAZ
,AZUL,01t4w00000NumIEAAZ
,AZUL,01t4w00000NumIFAAZ
,AZUL,01t4w00000NumIGAAZ
,BLANCO,01t4w00000NumIHAAZ
AZUL,AZUL,01t4w00000NumIIAAZ
NEGRO,NEGRO,01t4w00000NumIJAAZ
,NEGRO,01t4w00000NumIKAAZ
BLACK,BLACK,01t4w00000NumILAAZ
,BLACK,01t4w00000NumIMAAZ
VARIOS,VARIOS,01t4w00000NumINAAZ
,VARIOS,01t4w00000NumIOAAZ
VARIOS,VARIOS,01t4w00000NumIPAAZ
,VARIOS,01t4w00000NumIQAAZ
VARIOS COLORES,VARIOS COLORES,01t4w00000NumIRAAZ
,VARIOS COLORES,01t4w00000NumISAAZ
NEGRO+PLATA,NEGRO+PLATA,01t4w00000NumITAAZ
,NEGRO+PLATA,01t4w00000NumIUAAZ
MARRON+BEIGE,MARRON+BEIGE,01t4w00000NumIVAAZ
,MARRON+BEIGE,01t4w00000NumIWAAZ
VARIOS,VARIOS,01t4w00000NumIXAAZ
,VARIOS,01t4w00000NumIYAAZ
VARIOS,VARIOS,01t4w00000NumIZAAZ
,VARIOS,01t4w00000NumIaAAJ
GRIS,GRIS,01t4w00000NumIbAAJ
,GRIS,01t4w00000NumIcAAJ
BLANCO,BLANCO,01t4w00000NumIdAAJ
,BLANCO,01t4w00000NumIeAAJ
BLACK,BLACK,01t4w00000NumIfAAJ
,BLACK,01t4w00000NumIgAAJ
NEGRO,NEGRO,01t4w00000NumIhAAJ
,NEGRO,01t4w00000NumIiAAJ
NEGRO,NEGRO,01t4w00000NumIjAAJ
,NEGRO,01t4w00000NumIkAAJ
NATURAL+NEGRO,NATURAL+NEGRO,01t4w00000NumIlAAJ
,NATURAL+NEGRO,01t4w00000NumImAAJ
MARRON,MARRON,01t4w00000NumInAAJ
,MARRON,01t4w00000NumIoAAJ
GRIS + NATURAL,GRIS + NATURAL,01t4w00000NumIpAAJ
,GRIS + NATURAL,01t4w00000NumIqAAJ
VARIOS,VARIOS,01t4w00000NumIsAAJ
VARIOS,VARIOS,01t4w00000NumItAAJ
VARIOS,VARIOS,01t4w00000NumIuAAJ
VARIOS,VARIOS,01t4w00000NumIvAAJ
VARIOS,VARIOS,01t4w00000NumIwAAJ
VARIOS,VARIOS,01t4w00000NumIxAAJ
VARIOS,VARIOS,01t4w00000NumIyAAJ
VARIOS,VARIOS,01t4w00000NumIzAAJ
VARIOS,VARIOS,01t4w00000NumJ0AAJ
VARIOS,VARIOS,01t4w00000NumJ1AAJ
VARIOS,VARIOS,01t4w00000NumJ2AAJ
VARIOS,VARIOS,01t4w00000NumJ3AAJ
VARIOS,VARIOS,01t4w00000NumJ4AAJ
VARIOS,VARIOS,01t4w00000NumJ5AAJ
VARIOS,VARIOS,01t4w00000NumJ6AAJ
VARIOS,VARIOS,01t4w00000NumJ7AAJ
VARIOS,VARIOS,01t4w00000NumJ8AAJ
VARIOS,VARIOS,01t4w00000NumJ9AAJ
VARIOS,VARIOS,01t4w00000NumJAAAZ
VARIOS,VARIOS,01t4w00000NumJBAAZ
VARIOS,VARIOS,01t4w00000NumJCAAZ
VARIOS,VARIOS,01t4w00000NumJDAAZ
,NEGRO,01t4w00000NumJEAAZ
VARIOS,VARIOS,01t4w00000NumJFAAZ
VARIOS,VARIOS,01t4w00000NumJGAAZ
VARIOS,VARIOS,01t4w00000NumJHAAZ
VARIOS,VARIOS,01t4w00000NumJIAAZ
VARIOS,VARIOS,01t4w00000NumJJAAZ
VARIOS,VARIOS,01t4w00000NumJKAAZ
VARIOS,VARIOS,01t4w00000NumJLAAZ
VARIOS,VARIOS,01t4w00000NumJMAAZ
VARIOS,VARIOS,01t4w00000NumJNAAZ
VARIOS,VARIOS,01t4w00000NumJOAAZ
VARIOS,VARIOS,01t4w00000NumJPAAZ
VARIOS,VARIOS,01t4w00000NumJQAAZ
VARIOS,VARIOS,01t4w00000NumJRAAZ
VARIOS,VARIOS,01t4w00000NumJSAAZ
VARIOS,VARIOS,01t4w00000NumJTAAZ
VARIOS,VARIOS,01t4w00000NumJUAAZ
VARIOS,VARIOS,01t4w00000NumJVAAZ
VARIOS,VARIOS,01t4w00000NumJWAAZ
VARIOS,VARIOS,01t4w00000NumJXAAZ
VARIOS,VARIOS,01t4w00000NumJYAAZ
VARIOS,VARIOS,01t4w00000NumJZAAZ
VARIOS,VARIOS,01t4w00000NumJaAAJ
VARIOS,VARIOS,01t4w00000NumJbAAJ
VARIOS,VARIOS,01t4w00000NumJcAAJ
VARIOS,VARIOS,01t4w00000NumJdAAJ
VARIOS,VARIOS,01t4w00000NumJeAAJ
VARIOS,VARIOS,01t4w00000NumJfAAJ
VARIOS,VARIOS,01t4w00000NumJgAAJ
VARIOS,VARIOS,01t4w00000NumJhAAJ
VARIOS,VARIOS,01t4w00000NumJiAAJ
VARIOS,VARIOS,01t4w00000NumJjAAJ
VARIOS,VARIOS,01t4w00000NumJkAAJ
VARIOS,VARIOS,01t4w00000NumJlAAJ
VARIOS,VARIOS,01t4w00000NumJmAAJ
VARIOS,VARIOS,01t4w00000NumJnAAJ
VARIOS,VARIOS,01t4w00000NumJoAAJ
VARIOS,VARIOS,01t4w00000NumJpAAJ
BLANCO,BLANCO,01t4w00000NumJqAAJ
,VARIOS,01t4w00000NumJrAAJ
,VARIOS,01t4w00000NumJsAAJ
,VARIOS,01t4w00000NumJtAAJ
,VARIOS,01t4w00000NumJvAAJ
,VARIOS,01t4w00000NumJwAAJ
,VARIOS,01t4w00000NumJxAAJ
,VARIOS,01t4w00000NumJyAAJ
,VARIOS,01t4w00000NumJzAAJ
,VARIOS,01t4w00000NumK0AAJ
,VARIOS,01t4w00000NumK1AAJ
,VARIOS,01t4w00000NumK2AAJ
,VARIOS,01t4w00000NumK3AAJ
,VARIOS,01t4w00000NumK4AAJ
,VARIOS,01t4w00000NumK5AAJ
,VARIOS,01t4w00000NumK6AAJ
,VARIOS,01t4w00000NumK7AAJ
,VARIOS,01t4w00000NumK8AAJ
,VARIOS,01t4w00000NumK9AAJ
,VARIOS,01t4w00000NumKAAAZ
,VARIOS,01t4w00000NumKBAAZ
,VARIOS,01t4w00000NumKCAAZ
,VARIOS,01t4w00000NumKDAAZ
,VARIOS,01t4w00000NumKEAAZ
,VARIOS,01t4w00000NumKFAAZ
,VARIOS,01t4w00000NumKGAAZ
,VARIOS,01t4w00000NumKHAAZ
,VARIOS,01t4w00000NumKIAAZ
,VARIOS,01t4w00000NumKJAAZ
,VARIOS,01t4w00000NumKKAAZ
,VARIOS,01t4w00000NumKLAAZ
,VARIOS,01t4w00000NumKMAAZ
,VARIOS,01t4w00000NumKNAAZ
,VARIOS,01t4w00000NumKOAAZ
,VARIOS,01t4w00000NumKPAAZ
,VARIOS,01t4w00000NumKQAAZ
,VARIOS,01t4w00000NumKRAAZ
,VARIOS,01t4w00000NumKSAAZ
,VARIOS,01t4w00000NumKTAAZ
,VARIOS,01t4w00000NumKUAAZ
,VARIOS,01t4w00000NumKVAAZ
,VARIOS,01t4w00000NumKWAAZ
,VARIOS,01t4w00000NumKXAAZ
,VARIOS,01t4w00000NumKYAAZ
,VARIOS,01t4w00000NumKZAAZ
,VARIOS,01t4w00000NumKaAAJ
,VARIOS,01t4w00000NumKbAAJ
,VARIOS,01t4w00000NumKcAAJ
,VARIOS,01t4w00000NumKdAAJ
,VARIOS,01t4w00000NumKeAAJ
,VARIOS,01t4w00000NumKfAAJ
,VARIOS,01t4w00000NumKgAAJ
,VARIOS,01t4w00000NumKhAAJ
,VARIOS,01t4w00000NumKiAAJ
,VARIOS,01t4w00000NumKjAAJ
,VARIOS,01t4w00000NumKkAAJ
,VARIOS,01t4w00000NumKlAAJ
,VARIOS,01t4w00000NumKmAAJ
,VARIOS,01t4w00000NumKnAAJ
,VARIOS,01t4w00000NumKoAAJ
,BLANCO,01t4w00000NumKpAAJ
VARIOS,VARIOS,01t4w00000NumKqAAJ
VARIOS,VARIOS,01t4w00000NumKrAAJ
VARIOS,VARIOS,01t4w00000NumKsAAJ
VARIOS,VARIOS,01t4w00000NumKtAAJ
VARIOS,VARIOS,01t4w00000NumKuAAJ
VARIOS,VARIOS,01t4w00000NumKvAAJ
VARIOS,VARIOS,01t4w00000NumKwAAJ
VARIOS,VARIOS,01t4w00000NumKxAAJ
VARIOS,VARIOS,01t4w00000NumKyAAJ
VARIOS,VARIOS,01t4w00000NumKzAAJ
VARIOS,VARIOS,01t4w00000NumL0AAJ
VARIOS,VARIOS,01t4w00000NumL1AAJ
VARIOS,VARIOS,01t4w00000NumL2AAJ
VARIOS,VARIOS,01t4w00000NumL3AAJ
VARIOS,VARIOS,01t4w00000NumL4AAJ
VARIOS,VARIOS,01t4w00000NumL5AAJ
VARIOS,VARIOS,01t4w00000NumL6AAJ
VARIOS,VARIOS,01t4w00000NumL7AAJ
VARIOS,VARIOS,01t4w00000NumL8AAJ
VARIOS,VARIOS,01t4w00000NumL9AAJ
VARIOS,VARIOS,01t4w00000NumLAAAZ
VARIOS,VARIOS,01t4w00000NumLBAAZ
,NEGRO,01t4w00000NumLCAAZ
,BLANCO,01t4w00000NumLDAAZ
,BLACK,01t4w00000NumLEAAZ
,GRIS,01t4w00000NumLFAAZ
VARIOS,VARIOS,01t4w00000NumLGAAZ
VARIOS,VARIOS,01t4w00000NumLHAAZ
VARIOS,VARIOS,01t4w00000NumLIAAZ
VARIOS,VARIOS,01t4w00000NumLJAAZ
VARIOS,VARIOS,01t4w00000NumLKAAZ
VARIOS,VARIOS,01t4w00000NumLVAAZ
VARIOS,VARIOS,01t4w00000NumLWAAZ
VARIOS,VARIOS,01t4w00000NumLXAAZ
VARIOS,VARIOS,01t4w00000NumLYAAZ
VARIOS,VARIOS,01t4w00000NumLZAAZ
VARIOS,VARIOS,01t4w00000NumLaAAJ
VARIOS,VARIOS,01t4w00000NumLbAAJ
VARIOS,VARIOS,01t4w00000NumLcAAJ
VARIOS,VARIOS,01t4w00000NumLdAAJ
VARIOS,VARIOS,01t4w00000NumLeAAJ
VARIOS,VARIOS,01t4w00000NumLfAAJ
VARIOS,VARIOS,01t4w00000NumLgAAJ
VARIOS,VARIOS,01t4w00000NumLhAAJ
VARIOS,VARIOS,01t4w00000NumLiAAJ
,VARIOS,01t4w00000NumLjAAJ
,VARIOS,01t4w00000NumLkAAJ
,VARIOS,01t4w00000NumLlAAJ
,VARIOS,01t4w00000NumLmAAJ
,VARIOS,01t4w00000NumLnAAJ
,VARIOS,01t4w00000NumLoAAJ
,VARIOS,01t4w00000NumLpAAJ
,VARIOS,01t4w00000NumLqAAJ
,VARIOS,01t4w00000NumLrAAJ
,VARIOS,01t4w00000NumLsAAJ
,VARIOS,01t4w00000NumLtAAJ
,VARIOS,01t4w00000NumLuAAJ
,VARIOS,01t4w00000NumLvAAJ
,VARIOS,01t4w00000NumLwAAJ
,VARIOS,01t4w00000NumLxAAJ
,VARIOS,01t4w00000NumLyAAJ
,VARIOS,01t4w00000NumLzAAJ
,VARIOS,01t4w00000NumM0AAJ
,VARIOS,01t4w00000NumM1AAJ
,VARIOS,01t4w00000NumM2AAJ
,VARIOS,01t4w00000NumM3AAJ
,VARIOS,01t4w00000NumM4AAJ
,VARIOS,01t4w00000NumM5AAJ
,VARIOS,01t4w00000NumM6AAJ
,VARIOS,01t4w00000NumM7AAJ
,VARIOS,01t4w00000NumM8AAJ
,VARIOS,01t4w00000NumM9AAJ
,VARIOS,01t4w00000NumMAAAZ
,VARIOS,01t4w00000NumMBAAZ
,VARIOS,01t4w00000NumMCAAZ
,VARIOS,01t4w00000NumMDAAZ
,VARIOS,01t4w00000NumMEAAZ
,VARIOS,01t4w00000NumMFAAZ
,VARIOS,01t4w00000NumMGAAZ
,VARIOS,01t4w00000NumMHAAZ
,VARIOS,01t4w00000NumMIAAZ
,VARIOS,01t4w00000NumMJAAZ
,VARIOS,01t4w00000NumMKAAZ
,VARIOS,01t4w00000NumMLAAZ
,VARIOS,01t4w00000NumMMAAZ
,VARIOS,01t4w00000NumMNAAZ
VARIOS,VARIOS,01t4w00000NumMTAAZ
VARIOS,VARIOS,01t4w00000NumMUAAZ
VARIOS,VARIOS,01t4w00000NumMVAAZ
VARIOS,VARIOS,01t4w00000NumMWAAZ
VARIOS,VARIOS,01t4w00000NumMXAAZ
VARIOS,VARIOS,01t4w00000NumMYAAZ
VARIOS,VARIOS,01t4w00000NumMZAAZ
VARIOS,VARIOS,01t4w00000NumMaAAJ
VARIOS,VARIOS,01t4w00000NumMbAAJ
VARIOS,VARIOS,01t4w00000NumMcAAJ
VARIOS,VARIOS,01t4w00000NumMdAAJ
VARIOS,VARIOS,01t4w00000NumMeAAJ
VARIOS,VARIOS,01t4w00000NumMfAAJ
VARIOS,VARIOS,01t4w00000NumMgAAJ
VARIOS,VARIOS,01t4w00000NumMhAAJ
VARIOS,VARIOS,01t4w00000NumMiAAJ
VARIOS,VARIOS,01t4w00000NumMjAAJ
VARIOS,VARIOS,01t4w00000NumMkAAJ
VARIOS,VARIOS,01t4w00000NumMlAAJ
VARIOS,VARIOS,01t4w00000NumMmAAJ
VARIOS,VARIOS,01t4w00000NumMnAAJ
VARIOS,VARIOS,01t4w00000NumMoAAJ
VARIOS,VARIOS,01t4w00000NumMpAAJ
VARIOS,VARIOS,01t4w00000NumMqAAJ
VARIOS,VARIOS,01t4w00000NumMrAAJ
VARIOS,VARIOS,01t4w00000NumMsAAJ
VARIOS,VARIOS,01t4w00000NumMtAAJ
VARIOS,VARIOS,01t4w00000NumMuAAJ
VARIOS,VARIOS,01t4w00000NumMvAAJ
VARIOS,VARIOS,01t4w00000NumMwAAJ
VARIOS,VARIOS,01t4w00000NumMxAAJ
VARIOS,VARIOS,01t4w00000NumMyAAJ
VARIOS,VARIOS,01t4w00000NumMzAAJ
VARIOS,VARIOS,01t4w00000NumN0AAJ
VARIOS,VARIOS,01t4w00000NumN1AAJ
VARIOS,VARIOS,01t4w00000NumN2AAJ
VARIOS,VARIOS,01t4w00000NumN3AAJ
VARIOS,VARIOS,01t4w00000NumN4AAJ
VARIOS,VARIOS,01t4w00000NumN5AAJ
VARIOS,VARIOS,01t4w00000NumN6AAJ
VARIOS,VARIOS,01t4w00000NumN7AAJ
VARIOS,VARIOS,01t4w00000NumN8AAJ
VARIOS,VARIOS,01t4w00000NumN9AAJ
VARIOS,VARIOS,01t4w00000NumNAAAZ
VARIOS,VARIOS,01t4w00000NumNBAAZ
VARIOS,VARIOS,01t4w00000NumNCAAZ
VARIOS,VARIOS,01t4w00000NumNDAAZ
VARIOS,VARIOS,01t4w00000NumNEAAZ
VARIOS,VARIOS,01t4w00000NumNFAAZ
VARIOS,VARIOS,01t4w00000NumNGAAZ
VARIOS,VARIOS,01t4w00000NumNHAAZ
VARIOS,VARIOS,01t4w00000NumNIAAZ
VARIOS,VARIOS,01t4w00000NumNJAAZ
VARIOS,VARIOS,01t4w00000NumNKAAZ
VARIOS,VARIOS,01t4w00000NumNLAAZ
VARIOS,VARIOS,01t4w00000NumNMAAZ
,VARIOS,01t4w00000NumNNAAZ
,VARIOS,01t4w00000NumNOAAZ
,VARIOS,01t4w00000NumNPAAZ
,VARIOS,01t4w00000NumNQAAZ
,VARIOS,01t4w00000NumNRAAZ
,VARIOS,01t4w00000NumNSAAZ
,VARIOS,01t4w00000NumNTAAZ
,VARIOS,01t4w00000NumNUAAZ
,VARIOS,01t4w00000NumNVAAZ
,VARIOS,01t4w00000NumNWAAZ
,VARIOS,01t4w00000NumNXAAZ
,VARIOS,01t4w00000NumNYAAZ
,VARIOS,01t4w00000NumNZAAZ
,VARIOS,01t4w00000NumNaAAJ
,VARIOS,01t4w00000NumNbAAJ
,VARIOS,01t4w00000NumNcAAJ
,VARIOS,01t4w00000NumNdAAJ
,VARIOS,01t4w00000NumNeAAJ
,VARIOS,01t4w00000NumNfAAJ
,VARIOS,01t4w00000NumNgAAJ
,VARIOS,01t4w00000NumNhAAJ
,VARIOS,01t4w00000NumNiAAJ
,VARIOS,01t4w00000NumNjAAJ
,VARIOS,01t4w00000NumNkAAJ
,VARIOS,01t4w00000NumNlAAJ
,VARIOS,01t4w00000NumNmAAJ
,VARIOS,01t4w00000NumNnAAJ
,VARIOS,01t4w00000NumNoAAJ
,VARIOS,01t4w00000NumNpAAJ
,VARIOS,01t4w00000NumNqAAJ
,VARIOS,01t4w00000NumNrAAJ
,VARIOS,01t4w00000NumNsAAJ
,VARIOS,01t4w00000NumNtAAJ
,VARIOS,01t4w00000NumNuAAJ
,VARIOS,01t4w00000NumNvAAJ
,VARIOS,01t4w00000NumNwAAJ
,VARIOS,01t4w00000NumNxAAJ
,VARIOS,01t4w00000NumNyAAJ
,VARIOS,01t4w00000NumNzAAJ
,VARIOS,01t4w00000NumO0AAJ
,VARIOS,01t4w00000NumO1AAJ
,VARIOS,01t4w00000NumO2AAJ
,VARIOS,01t4w00000NumO3AAJ
,VARIOS,01t4w00000NumO4AAJ
,VARIOS,01t4w00000NumO5AAJ
,VARIOS,01t4w00000NumO6AAJ
,VARIOS,01t4w00000NumO7AAJ
,VARIOS,01t4w00000NumO8AAJ
,VARIOS,01t4w00000NumO9AAJ
,VARIOS,01t4w00000NumOAAAZ
,VARIOS,01t4w00000NumOBAAZ
,VARIOS,01t4w00000NumOCAAZ
,VARIOS,01t4w00000NumODAAZ
,VARIOS,01t4w00000NumOEAAZ
,VARIOS,01t4w00000NumOFAAZ
,VARIOS,01t4w00000NumOGAAZ
VARIOS,VARIOS,01t4w00000NumOHAAZ
VARIOS,VARIOS,01t4w00000NumOIAAZ
VARIOS,VARIOS,01t4w00000NumOJAAZ
VARIOS,VARIOS,01t4w00000NumOKAAZ
VARIOS,VARIOS,01t4w00000NumOLAAZ
VARIOS,VARIOS,01t4w00000NumOMAAZ
VARIOS,VARIOS,01t4w00000NumONAAZ
VARIOS,VARIOS,01t4w00000NumOOAAZ
VARIOS,VARIOS,01t4w00000NumOPAAZ
VARIOS,VARIOS,01t4w00000NumOQAAZ
VARIOS,VARIOS,01t4w00000NumORAAZ
VARIOS,VARIOS,01t4w00000NumOSAAZ
VARIOS,VARIOS,01t4w00000NumOTAAZ
VARIOS,VARIOS,01t4w00000NumOUAAZ
VARIOS,VARIOS,01t4w00000NumOVAAZ
VARIOS,VARIOS,01t4w00000NumOWAAZ
VARIOS,VARIOS,01t4w00000NumOXAAZ
VARIOS,VARIOS,01t4w00000NumOYAAZ
VARIOS,VARIOS,01t4w00000NumOZAAZ
VARIOS,VARIOS,01t4w00000NumOaAAJ
VARIOS,VARIOS,01t4w00000NumObAAJ
VARIOS,VARIOS,01t4w00000NumOcAAJ
VARIOS,VARIOS,01t4w00000NumOdAAJ
VARIOS,VARIOS,01t4w00000NumOeAAJ
VARIOS,VARIOS,01t4w00000NumOfAAJ
VARIOS,VARIOS,01t4w00000NumOgAAJ
VARIOS,VARIOS,01t4w00000NumOhAAJ
VARIOS,VARIOS,01t4w00000NumOiAAJ
VARIOS,VARIOS,01t4w00000NumOjAAJ
VARIOS,VARIOS,01t4w00000NumOkAAJ
VARIOS,VARIOS,01t4w00000NumOlAAJ
VARIOS,VARIOS,01t4w00000NumOmAAJ
VARIOS,VARIOS,01t4w00000NumOnAAJ
BLACK,BLACK,01t4w00000NumOoAAJ
,BLACK,01t4w00000NumOpAAJ
VARIOS,VARIOS,01t4w00000NumOqAAJ
VARIOS,VARIOS,01t4w00000NumOrAAJ
VARIOS,VARIOS,01t4w00000NumOsAAJ
VARIOS,VARIOS,01t4w00000NumOtAAJ
VARIOS,VARIOS,01t4w00000NumOuAAJ
VARIOS,VARIOS,01t4w00000NumOvAAJ
VARIOS,VARIOS,01t4w00000NumOwAAJ
VARIOS,VARIOS,01t4w00000NumOxAAJ
VARIOS,VARIOS,01t4w00000NumOyAAJ
VARIOS,VARIOS,01t4w00000NumOzAAJ
VARIOS,VARIOS,01t4w00000NumP0AAJ
VARIOS,VARIOS,01t4w00000NumP1AAJ
VARIOS,VARIOS,01t4w00000NumP2AAJ
VARIOS,VARIOS,01t4w00000NumP3AAJ
VARIOS,VARIOS,01t4w00000NumP4AAJ
VARIOS,VARIOS,01t4w00000NumP5AAJ
VARIOS,VARIOS,01t4w00000NumP6AAJ
VARIOS,VARIOS,01t4w00000NumP7AAJ
,VARIOS,01t4w00000NumP8AAJ
,VARIOS,01t4w00000NumP9AAJ
,VARIOS,01t4w00000NumPAAAZ
,VARIOS,01t4w00000NumPBAAZ
,VARIOS,01t4w00000NumPCAAZ
,VARIOS,01t4w00000NumPDAAZ
,VARIOS,01t4w00000NumPEAAZ
,VARIOS,01t4w00000NumPFAAZ
,VARIOS,01t4w00000NumPGAAZ
,VARIOS,01t4w00000NumPHAAZ
,VARIOS,01t4w00000NumPIAAZ
,VARIOS,01t4w00000NumPJAAZ
,VARIOS,01t4w00000NumPKAAZ
,VARIOS,01t4w00000NumPLAAZ
,VARIOS,01t4w00000NumPMAAZ
,VARIOS,01t4w00000NumPNAAZ
,VARIOS,01t4w00000NumPOAAZ
,VARIOS,01t4w00000NumPPAAZ
,VARIOS,01t4w00000NumPQAAZ
,VARIOS,01t4w00000NumPRAAZ
,VARIOS,01t4w00000NumPSAAZ
,VARIOS,01t4w00000NumPTAAZ
,VARIOS,01t4w00000NumPUAAZ
,VARIOS,01t4w00000NumPVAAZ
,VARIOS,01t4w00000NumPWAAZ
,VARIOS,01t4w00000NumPXAAZ
,VARIOS,01t4w00000NumPYAAZ
,VARIOS,01t4w00000NumPZAAZ
,VARIOS,01t4w00000NumPaAAJ
,VARIOS,01t4w00000NumPbAAJ
,VARIOS,01t4w00000NumPcAAJ
,VARIOS,01t4w00000NumPdAAJ
,VARIOS,01t4w00000NumPeAAJ
,VARIOS,01t4w00000NumPfAAJ
,VARIOS,01t4w00000NumPgAAJ
,VARIOS,01t4w00000NumPhAAJ
,VARIOS,01t4w00000NumPiAAJ
,VARIOS,01t4w00000NumPjAAJ
,VARIOS,01t4w00000NumPkAAJ
,VARIOS,01t4w00000NumPlAAJ
,VARIOS,01t4w00000NumPmAAJ
,VARIOS,01t4w00000NumPnAAJ
,VARIOS,01t4w00000NumPoAAJ
VARIOS,VARIOS,01t4w00000NumPpAAJ
,VARIOS,01t4w00000NumPqAAJ
VARIOS,VARIOS,01t4w00000NumPrAAJ
,VARIOS,01t4w00000NumPsAAJ
VARIOS,VARIOS,01t4w00000NumPtAAJ
,VARIOS,01t4w00000NumPuAAJ
NIÑO,NIÑO,01t4w00000NumQ1AAJ
,NIÑO,01t4w00000NumQ2AAJ
NIÑA,NIÑA,01t4w00000NumQ3AAJ
,NIÑA,01t4w00000NumQ4AAJ
,VARIOS,01t4w00000NumQ7AAJ
,VARIOS,01t4w00000NumQ8AAJ
,VARIOS,01t4w00000NumQ9AAJ
,VARIOS,01t4w00000NumQAAAZ
,VARIOS,01t4w00000NumQBAAZ
,VARIOS,01t4w00000NumQCAAZ
,VARIOS,01t4w00000NumQDAAZ
,VARIOS,01t4w00000NumQEAAZ
VARIOS,VARIOS,01t4w00000NumQFAAZ
,VARIOS,01t4w00000NumQGAAZ
BEIGE,BEIGE,01t4w00000NumQHAAZ
,BEIGE,01t4w00000NumQIAAZ
BEIGE,BEIGE,01t4w00000NumQJAAZ
,BEIGE,01t4w00000NumQKAAZ
AZUL,AZUL,01t4w00000NumQLAAZ
,AZUL,01t4w00000NumQMAAZ
MADERA,MADERA,01t4w00000NumQNAAZ
,MADERA,01t4w00000NumQOAAZ
MADERA,MADERA,01t4w00000NumQPAAZ
MADERA,MADERA,01t4w00000NumQQAAZ
,MADERA,01t4w00000NumQRAAZ
,MADERA,01t4w00000NumQSAAZ
MADERA,MADERA,01t4w00000NumQTAAZ
,MADERA,01t4w00000NumQUAAZ
,BLANCO,01t4w00000NumQVAAZ
BLANCO,BLANCO,01t4w00000NumQWAAZ
,BLANCO,01t4w00000NumQXAAZ
BLANCO,BLANCO,01t4w00000NumQYAAZ
NEGRO,NEGRO,01t4w00000NumQZAAZ
,NEGRO,01t4w00000NumQaAAJ
,MADERA,01t4w00000NumQbAAJ
MADERA,MADERA,01t4w00000NumQcAAJ
,MADERA,01t4w00000NumQdAAJ
MADERA,MADERA,01t4w00000NumQeAAJ
VARIOS,VARIOS,01t4w00000NumQfAAJ
VARIOS,VARIOS,01t4w00000NumQgAAJ
VARIOS,VARIOS,01t4w00000NumQhAAJ
GRIS,GRIS,01t4w00000NumQiAAJ
,GRIS,01t4w00000NumQjAAJ
GRIS,GRIS,01t4w00000NumQkAAJ
,GRIS,01t4w00000NumQlAAJ
GRIS,GRIS,01t4w00000NumQmAAJ
,GRIS,01t4w00000NumQnAAJ
BLANCO,BLANCO,01t4w00000NumQoAAJ
,BLANCO,01t4w00000NumQpAAJ
GRIS,GRIS,01t4w00000NumQqAAJ
,GRIS,01t4w00000NumQrAAJ
VARIOS,VARIOS,01t4w00000NumQsAAJ
VARIOS,VARIOS,01t4w00000NumQtAAJ
VARIOS,VARIOS,01t4w00000NumQuAAJ
VARIOS,VARIOS,01t4w00000NumQvAAJ
VARIOS,VARIOS,01t4w00000NumQwAAJ
VARIOS,VARIOS,01t4w00000NumQxAAJ
VARIOS,VARIOS,01t4w00000NumQyAAJ
VARIOS,VARIOS,01t4w00000NumQzAAJ
VARIOS,VARIOS,01t4w00000NumR0AAJ
NIÑA,NIÑA,01t4w00000NumR1AAJ
,NIÑA,01t4w00000NumR2AAJ
NIÑO,NIÑO,01t4w00000NumR3AAJ
,NIÑO,01t4w00000NumR4AAJ
NIÑO,NIÑO,01t4w00000NumR5AAJ
,NIÑO,01t4w00000NumR6AAJ
VARIOS,VARIOS,01t4w00000NumR7AAJ
,GRIS,01t4w00000NumR8AAJ
VARIOS,VARIOS,01t4w00000NumR9AAJ
VARIOS,VARIOS,01t4w00000NumRAAAZ
VARIOS,VARIOS,01t4w00000NumRBAAZ
VARIOS,VARIOS,01t4w00000NumRCAAZ
VARIOS,VARIOS,01t4w00000NumRDAAZ
VARIOS,VARIOS,01t4w00000NumREAAZ
VARIOS,VARIOS,01t4w00000NumRFAAZ
VARIOS,VARIOS,01t4w00000NumRGAAZ
VARIOS,VARIOS,01t4w00000NumRHAAZ
VARIOS,VARIOS,01t4w00000NumRIAAZ
VARIOS,VARIOS,01t4w00000NumRJAAZ
VARIOS,VARIOS,01t4w00000NumRKAAZ
VARIOS,VARIOS,01t4w00000NumRLAAZ
VARIOS,VARIOS,01t4w00000NumRMAAZ
VARIOS,VARIOS,01t4w00000NumRNAAZ
VARIOS,VARIOS,01t4w00000NumROAAZ
VARIOS,VARIOS,01t4w00000NumRPAAZ
VARIOS,VARIOS,01t4w00000NumRQAAZ
VARIOS,VARIOS,01t4w00000NumRRAAZ
VARIOS,VARIOS,01t4w00000NumRSAAZ
VARIOS,VARIOS,01t4w00000NumRTAAZ
VARIOS,VARIOS,01t4w00000NumRUAAZ
VARIOS,VARIOS,01t4w00000NumRVAAZ
VARIOS,VARIOS,01t4w00000NumRWAAZ
VARIOS,VARIOS,01t4w00000NumRXAAZ
,VARIOS,01t4w00000NumRYAAZ
,VARIOS,01t4w00000NumRZAAZ
,VARIOS,01t4w00000NumRaAAJ
,VARIOS,01t4w00000NumRbAAJ
,VARIOS,01t4w00000NumRcAAJ
,VARIOS,01t4w00000NumRdAAJ
,VARIOS,01t4w00000NumReAAJ
,VARIOS,01t4w00000NumRfAAJ
,VARIOS,01t4w00000NumRgAAJ
,VARIOS,01t4w00000NumRhAAJ
,VARIOS,01t4w00000NumRiAAJ
,VARIOS,01t4w00000NumRjAAJ
,VARIOS,01t4w00000NumRkAAJ
,VARIOS,01t4w00000NumRlAAJ
,VARIOS,01t4w00000NumRmAAJ
,VARIOS,01t4w00000NumRnAAJ
,VARIOS,01t4w00000NumRoAAJ
,VARIOS,01t4w00000NumRpAAJ
,VARIOS,01t4w00000NumRqAAJ
,VARIOS,01t4w00000NumRrAAJ
,VARIOS,01t4w00000NumRsAAJ
,VARIOS,01t4w00000NumRtAAJ
,VARIOS,01t4w00000NumRuAAJ
,VARIOS,01t4w00000NumRvAAJ
,VARIOS,01t4w00000NumRwAAJ
,VARIOS,01t4w00000NumRxAAJ
,VARIOS,01t4w00000NumRyAAJ
,VARIOS,01t4w00000NumRzAAJ
,VARIOS,01t4w00000NumS0AAJ
,VARIOS,01t4w00000NumS1AAJ
,VARIOS,01t4w00000NumS2AAJ
,VARIOS,01t4w00000NumS3AAJ
,VARIOS,01t4w00000NumS4AAJ
,VARIOS,01t4w00000NumS5AAJ
,VARIOS,01t4w00000NumS6AAJ
,VARIOS,01t4w00000NumS7AAJ
,VARIOS,01t4w00000NumS8AAJ
,VARIOS,01t4w00000NumS9AAJ
NEGRO,NEGRO,01t4w00000NumSWAAZ
NEGRO,NEGRO,01t4w00000NumSXAAZ
NEGRO,NEGRO,01t4w00000NumSYAAZ
NEGRO,NEGRO,01t4w00000NumSZAAZ
NEGRO,NEGRO,01t4w00000NumSaAAJ
NEGRO,NEGRO,01t4w00000NumSbAAJ
,NEGRO,01t4w00000NumScAAJ
,NEGRO,01t4w00000NumSdAAJ
,NEGRO,01t4w00000NumSeAAJ
,NEGRO,01t4w00000NumSfAAJ
,NEGRO,01t4w00000NumSgAAJ
,NEGRO,01t4w00000NumShAAJ
BLANCO,BLANCO,01t4w00000NumSiAAJ
BLANCO,BLANCO,01t4w00000NumSjAAJ
BLANCO,BLANCO,01t4w00000NumSkAAJ
,BLANCO,01t4w00000NumSlAAJ
BEIGE,BEIGE,01t4w00000NumSoAAJ
,BEIGE,01t4w00000NumSpAAJ
AZUL N.3 CON RIBETES NEGROS,AZUL N.3 CON RIBETES NEGROS,01t4w00000NumSsAAJ
,AZUL N.3 CON RIBETES NEGROS,01t4w00000NumStAAJ
BLANCO,BLANCO,01t4w00000NumSuAAJ
NEGRO,NEGRO,01t4w00000NumSvAAJ
,NEGRO,01t4w00000NumSwAAJ
NEGRO,NEGRO,01t4w00000NumSxAAJ
,NEGRO,01t4w00000NumSyAAJ
NEGRO,NEGRO,01t4w00000NumSzAAJ
,NEGRO,01t4w00000NumT0AAJ
BEIGE MATE,BEIGE MATE,01t4w00000NumT1AAJ
,BEIGE MATE,01t4w00000NumT2AAJ
,BLANCO,01t4w00000NumT3AAJ
AZUL,AZUL,01t4w00000NumT4AAJ
AZUL,AZUL,01t4w00000NumT5AAJ
,AZUL,01t4w00000NumT6AAJ
,AZUL,01t4w00000NumT7AAJ
GRIS,GRIS,01t4w00000NumT8AAJ
,GRIS,01t4w00000NumT9AAJ
MADERA,MADERA,01t4w00000NumTAAAZ
,MADERA,01t4w00000NumTBAAZ
NEGRO / GRIS,NEGRO / GRIS,01t4w00000NumTCAAZ
NEGRO / GRIS,NEGRO / GRIS,01t4w00000NumTDAAZ
,NEGRO / GRIS,01t4w00000NumTEAAZ
,NEGRO / GRIS,01t4w00000NumTFAAZ
NEGRO / GRIS,NEGRO / GRIS,01t4w00000NumTGAAZ
,NEGRO / GRIS,01t4w00000NumTHAAZ
GRIS,GRIS,01t4w00000NumTIAAZ
,GRIS,01t4w00000NumTJAAZ
GRIS,GRIS,01t4w00000NumTKAAZ
BLANCO,BLANCO,01t4w00000NumTLAAZ
,GRIS,01t4w00000NumTMAAZ
,BLANCO,01t4w00000NumTNAAZ
NEGRO,NEGRO,01t4w00000NumTOAAZ
,NEGRO,01t4w00000NumTPAAZ
,VARIOS,01t4w00000NumTQAAZ
NIÑO,NIÑO,01t4w00000NumTRAAZ
,NIÑO,01t4w00000NumTSAAZ
NIÑA,NIÑA,01t4w00000NumTTAAZ
,NIÑA,01t4w00000NumTUAAZ
NIÑO,NIÑO,01t4w00000NumTVAAZ
,NIÑO,01t4w00000NumTWAAZ
NIÑA,NIÑA,01t4w00000NumTXAAZ
,NIÑA,01t4w00000NumTYAAZ
VERDE,VERDE,01t4w00000NumTZAAZ
,VERDE,01t4w00000NumTaAAJ
AZUL,AZUL,01t4w00000NumTbAAJ
,NEGRO+GRIS,01t4w00000NumTcAAJ
,AZUL,01t4w00000NumTdAAJ
FW-70,FW-70,01t4w00000NumTeAAJ
,FW-70,01t4w00000NumTfAAJ
NEGRO+GRIS,NEGRO+GRIS,01t4w00000NumTgAAJ
NEGRO+GRIS,NEGRO+GRIS,01t4w00000NumThAAJ
,NEGRO+GRIS,01t4w00000NumTiAAJ
NEGRO,NEGRO,01t4w00000NumTjAAJ
,NEGRO,01t4w00000NumTkAAJ
NEGRO+GRIS,NEGRO+GRIS,01t4w00000NumTlAAJ
,NEGRO+GRIS,01t4w00000NumTmAAJ
NEGRO+GRIS,NEGRO+GRIS,01t4w00000NumTnAAJ
,NEGRO+GRIS,01t4w00000NumToAAJ
NEGRO+GRIS,NEGRO+GRIS,01t4w00000NumTpAAJ
,NEGRO+GRIS,01t4w00000NumTqAAJ
GRIS,GRIS,01t4w00000NumTrAAJ
,GRIS,01t4w00000NumTsAAJ
ROJO,ROJO,01t4w00000NumTtAAJ
,ROJO,01t4w00000NumTuAAJ
NEGRO+GRIS,NEGRO+GRIS,01t4w00000NumTzAAJ
,NEGRO+GRIS,01t4w00000NumU0AAJ
NEGRO+GRIS,NEGRO+GRIS,01t4w00000NumU1AAJ
,NEGRO+GRIS,01t4w00000NumU2AAJ
GRIS,GRIS,01t4w00000NumU3AAJ
,GRIS,01t4w00000NumU4AAJ
,GRIS,01t4w00000NumU5AAJ
GRIS,GRIS,01t4w00000NumU6AAJ
,GRIS,01t4w00000NumU7AAJ
GRIS,GRIS,01t4w00000NumU8AAJ
NEGRO+ROJO,NEGRO+ROJO,01t4w00000NumU9AAJ
GRIS,GRIS,01t4w00000NumUAAAZ
,NEGRO+ROJO,01t4w00000NumUBAAZ
GRIS,GRIS,01t4w00000NumUCAAZ
,GRIS,01t4w00000NumUDAAZ
,GRIS,01t4w00000NumUEAAZ
GRIS,GRIS,01t4w00000NumUFAAZ
,GRIS,01t4w00000NumUGAAZ
NEGRO+GRIS,NEGRO+GRIS,01t4w00000NumUHAAZ
,NEGRO+GRIS,01t4w00000NumUIAAZ
GRIS,GRIS,01t4w00000NumUJAAZ
,GRIS,01t4w00000NumUKAAZ
BLANCO,BLANCO,01t4w00000NumULAAZ
,BLANCO,01t4w00000NumUMAAZ
NEGRO,NEGRO,01t4w00000NumUNAAZ
NEGRO+MADERA,NEGRO+MADERA,01t4w00000NumUOAAZ
,NEGRO,01t4w00000NumUPAAZ
,NEGRO+MADERA,01t4w00000NumUQAAZ
NEGRO+MADERA,NEGRO+MADERA,01t4w00000NumURAAZ
,NEGRO+MADERA,01t4w00000NumUSAAZ
ROSA,ROSA,01t4w00000NumUTAAZ
VERDE,VERDE,01t4w00000NumUUAAZ
NEGRO+ROJO,NEGRO+ROJO,01t4w00000NumUVAAZ
,NEGRO+ AZUL,01t4w00000NumUWAAZ
NEGRO+ AZUL,NEGRO+ AZUL,01t4w00000NumUXAAZ
,NEGRO+ROJO,01t4w00000NumUYAAZ
NEGRO+BLANCO,NEGRO+BLANCO,01t4w00000NumUZAAZ
,NEGRO+BLANCO,01t4w00000NumUaAAJ
GRIS,GRIS,01t4w00000NumUbAAJ
NEGRO+ AZUL,NEGRO+ AZUL,01t4w00000NumUcAAJ
,BEIGE,01t4w00000NumUdAAJ
,NEGRO+ AZUL,01t4w00000NumUeAAJ
BEIGE,BEIGE,01t4w00000NumUfAAJ
BEIGE,BEIGE,01t4w00000NumUgAAJ
,GRIS,01t4w00000NumUhAAJ
,BEIGE,01t4w00000NumUiAAJ
AQUA,AQUA,01t4w00000NumUjAAJ
,AQUA,01t4w00000NumUkAAJ
BLANCO,BLANCO,01t4w00000NumUlAAJ
,BLANCO,01t4w00000NumUmAAJ
ROSA,ROSA,01t4w00000NumUnAAJ
,ROSA,01t4w00000NumUoAAJ
,ROSA,01t4w00000NumUpAAJ
,VERDE,01t4w00000NumUqAAJ
AZUL,AZUL,01t4w00000NumUrAAJ
GRIS,GRIS,01t4w00000NumUsAAJ
,AZUL,01t4w00000NumUtAAJ
,GRIS,01t4w00000NumUuAAJ
NEGRO,NEGRO,01t4w00000NumUvAAJ
,NEGRO,01t4w00000NumUwAAJ
,NARANJA,01t4w00000NumUxAAJ
,MARRON,01t4w00000NumUyAAJ
NARANJA,NARANJA,01t4w00000NumUzAAJ
MARRON,MARRON,01t4w00000NumV0AAJ
GRIS,GRIS,01t4w00000NumV1AAJ
,GRIS,01t4w00000NumV2AAJ
BLANCO,BLANCO,01t4w00000NumV3AAJ
,BLANCO,01t4w00000NumV4AAJ
NEGRO,NEGRO,01t4w00000NumV5AAJ
,NEGRO,01t4w00000NumV6AAJ
GRIS,GRIS,01t4w00000NumV7AAJ
,GRIS,01t4w00000NumV8AAJ
BLANCO,BLANCO,01t4w00000NumV9AAJ
,BLANCO,01t4w00000NumVAAAZ
NEGRO,NEGRO,01t4w00000NumVBAAZ
,NEGRO,01t4w00000NumVCAAZ
GRIS,GRIS,01t4w00000NumVDAAZ
,GRIS,01t4w00000NumVEAAZ
NEGRO,NEGRO,01t4w00000NumVFAAZ
,NEGRO,01t4w00000NumVGAAZ
NEGRO,NEGRO,01t4w00000NumVHAAZ
,NEGRO,01t4w00000NumVIAAZ
GRIS,GRIS,01t4w00000NumVJAAZ
,GRIS,01t4w00000NumVKAAZ
BLANCO,BLANCO,01t4w00000NumVLAAZ
,BLANCO,01t4w00000NumVMAAZ
,NEGRO,01t4w00000NumVNAAZ
,GRIS,01t4w00000NumVOAAZ
,BLANCO,01t4w00000NumVPAAZ
,GRIS,01t4w00000NumVQAAZ
,BLANCO,01t4w00000NumVRAAZ
,BLANCO,01t4w00000NumVSAAZ
,NEGRO,01t4w00000NumVTAAZ
,GRIS,01t4w00000NumVUAAZ
,NEGRO,01t4w00000NumVVAAZ
,GRIS,01t4w00000NumVWAAZ
,NEGRO,01t4w00000NumVXAAZ
,VARIOS,01t4w00000NumVYAAZ
BLANCO,BLANCO,01t4w00000NumVZAAZ
,BLANCO,01t4w00000NumVaAAJ
BLANCO,BLANCO,01t4w00000NumVbAAJ
,BLANCO,01t4w00000NumVcAAJ
WARM GREY,WARM GREY,01t4w00000NumVdAAJ
BLANCO,WARM GREY,01t4w00000NumVeAAJ
BLANCO,BLANCO,01t4w00000NumVfAAJ
,BLANCO,01t4w00000NumVgAAJ
BLANCO,BLANCO,01t4w00000NumVhAAJ
,BLANCO,01t4w00000NumViAAJ
BLANCO,BLANCO,01t4w00000NumVjAAJ
,BLANCO,01t4w00000NumVkAAJ
BLANCO,BLANCO,01t4w00000NumVlAAJ
,BLANCO,01t4w00000NumVmAAJ
BLANCO,BLANCO,01t4w00000NumVnAAJ
,BLANCO,01t4w00000NumVoAAJ
,WARM GREY,01t4w00000NumVqAAJ
NEGRO,NEGRO,01t4w00000NumVrAAJ
,NEGRO,01t4w00000NumVsAAJ
GRIS,GRIS,01t4w00000NumVtAAJ
,GRIS,01t4w00000NumVuAAJ
BLANCO,BLANCO,01t4w00000NumVvAAJ
,BLANCO,01t4w00000NumVwAAJ
BLANCO,BLANCO,01t4w00000NumVxAAJ
,BLANCO,01t4w00000NumVyAAJ
NEGRO,NEGRO,01t4w00000NumVzAAJ
,NEGRO,01t4w00000NumW0AAJ
GRIS,GRIS,01t4w00000NumW1AAJ
,GRIS,01t4w00000NumW2AAJ
BLANCO,BLANCO,01t4w00000NumW3AAJ
,BLANCO,01t4w00000NumW4AAJ
GRIS,GRIS,01t4w00000NumW5AAJ
,GRIS,01t4w00000NumW6AAJ
NEGRO,NEGRO,01t4w00000NumW7AAJ
,NEGRO,01t4w00000NumW8AAJ
VARIOS,VARIOS,01t4w00000NumW9AAJ
,VARIOS,01t4w00000NumWAAAZ
GRIS,GRIS,01t4w00000NumWBAAZ
,GRIS,01t4w00000NumWCAAZ
NEGRO,NEGRO,01t4w00000NumWDAAZ
,NEGRO,01t4w00000NumWEAAZ
BLANCO,BLANCO,01t4w00000NumWFAAZ
,BLANCO,01t4w00000NumWGAAZ
BLANCO,BLANCO,01t4w00000NumWHAAZ
BLANCO,BLANCO,01t4w00000NumWIAAZ
MADERA,MADERA,01t4w00000NumWJAAZ
,MADERA,01t4w00000NumWKAAZ
NEGRO,NEGRO,01t4w00000NumWLAAZ
,NEGRO,01t4w00000NumWMAAZ
NEGRO,NEGRO,01t4w00000NumWNAAZ
,NEGRO,01t4w00000NumWOAAZ
NEGRO,NEGRO,01t4w00000NumWPAAZ
,NEGRO,01t4w00000NumWQAAZ
AZUL + NEGRO,AZUL + NEGRO,01t4w00000NumWRAAZ
BLACK,BLACK,01t4w00000NumWSAAZ
,AZUL + NEGRO,01t4w00000NumWTAAZ
,BLACK,01t4w00000NumWUAAZ
BLANCO + NEGRO,BLANCO + NEGRO,01t4w00000NumWVAAZ
,BLANCO + NEGRO,01t4w00000NumWWAAZ
NEGRO,NEGRO,01t4w00000NumWXAAZ
,NEGRO,01t4w00000NumWYAAZ
BLANCO + GRIS,BLANCO + GRIS,01t4w00000NumWZAAZ
NEGRO,NEGRO,01t4w00000NumWaAAJ
,BLANCO + GRIS,01t4w00000NumWbAAJ
NEGRO + DORADO,NEGRO + DORADO,01t4w00000NumWcAAJ
,NEGRO + DORADO,01t4w00000NumWdAAJ
,NEGRO,01t4w00000NumWeAAJ
NEGRO,NEGRO,01t4w00000NumWfAAJ
,NEGRO,01t4w00000NumWgAAJ
NEGRO,NEGRO,01t4w00000NumWhAAJ
,NEGRO,01t4w00000NumWiAAJ
OSCURO+NEGRO,OSCURO+NEGRO,01t4w00000NumWjAAJ
,OSCURO+NEGRO,01t4w00000NumWkAAJ
GRIS OSCURO,GRIS OSCURO,01t4w00000NumWlAAJ
,GRIS OSCURO,01t4w00000NumWmAAJ
MARRON,MARRON,01t4w00000NumWnAAJ
,MARRON,01t4w00000NumWoAAJ
BLANCO+NEGRO,BLANCO+NEGRO,01t4w00000NumWpAAJ
,BLANCO+NEGRO,01t4w00000NumWqAAJ
BLANCO+AZUL,BLANCO+AZUL,01t4w00000NumWrAAJ
,BLANCO+AZUL,01t4w00000NumWsAAJ
NEGRO+MADERA,NEGRO+MADERA,01t4w00000NumWtAAJ
,NEGRO+MADERA,01t4w00000NumWuAAJ
NEGRO+MADERA,NEGRO+MADERA,01t4w00000NumWvAAJ
,NEGRO+MADERA,01t4w00000NumWwAAJ
NEGRO+ ROJO,NEGRO+ ROJO,01t4w00000NumWzAAJ
,NEGRO+ ROJO,01t4w00000NumX0AAJ
NEGRO+ GRIS,NEGRO+ GRIS,01t4w00000NumX1AAJ
,NEGRO+ GRIS,01t4w00000NumX2AAJ
,NEGRO+ ROJO,01t4w00000NumX3AAJ
NEGRO+ ROJO,NEGRO+ ROJO,01t4w00000NumX4AAJ
NEGRO+ ROJO,NEGRO+ ROJO,01t4w00000NumX5AAJ
,NEGRO+ ROJO,01t4w00000NumX6AAJ
BLANCO,BLANCO,01t4w00000NumX7AAJ
,BLANCO,01t4w00000NumX8AAJ
BLANCO,BLANCO,01t4w00000NumXBAAZ
,BLANCO,01t4w00000NumXCAAZ
BLANCO,BLANCO,01t4w00000NumXFAAZ
,BLANCO,01t4w00000NumXGAAZ
MARRON,MARRON,01t4w00000NumXLAAZ
NEGRO+NATURAL,NEGRO+NATURAL,01t4w00000NumXMAAZ
NEGRO+BLANCO,NEGRO+BLANCO,01t4w00000NumXNAAZ
varios,varios,01t4w00000NumXOAAZ
VARIOS,VARIOS,01t4w00000NumXPAAZ
NEGRO+BLANCO,NEGRO+BLANCO,01t4w00000NumXQAAZ
NATURAL+BLANCO,NATURAL+BLANCO,01t4w00000NumXRAAZ
NEGRO+NATURAL+BLANCO,NEGRO+NATURAL+BLANCO,01t4w00000NumXSAAZ
VARIOS,VARIOS,01t4w00000NumXTAAZ
VARIOS,VARIOS,01t4w00000NumXUAAZ
VARIOS,VARIOS,01t4w00000NumXVAAZ
VARIOS,VARIOS,01t4w00000NumXWAAZ
VARIOS,VARIOS,01t4w00000NumXXAAZ
GRIS+NEGRO+BLANCO,GRIS+NEGRO+BLANCO,01t4w00000NumXYAAZ
NATURAL+NEGRO,NATURAL+NEGRO,01t4w00000NumXZAAZ
GRIS+NEGRO,GRIS+NEGRO,01t4w00000NumXaAAJ
NEGRO+BLANCO,NEGRO+BLANCO,01t4w00000NumXbAAJ
NEGRO+CREMA,NEGRO+CREMA,01t4w00000NumXcAAJ
NATURAL+NEGRO,NATURAL+NEGRO,01t4w00000NumXdAAJ
NEGRO+NATURAL,NEGRO+NATURAL,01t4w00000NumXeAAJ
NEGRO,NEGRO,01t4w00000NumXfAAJ
VARIOS,VARIOS,01t4w00000NumXgAAJ
VARIOS,VARIOS,01t4w00000NumXhAAJ
VARIOS,VARIOS,01t4w00000NumXjAAJ
VARIOS,VARIOS,01t4w00000NumXkAAJ
VARIOS,VARIOS,01t4w00000NumXlAAJ
VARIOS,VARIOS,01t4w00000NumXmAAJ
VARIOS,VARIOS,01t4w00000NumXnAAJ
VARIOS,VARIOS,01t4w00000NumXoAAJ
VARIOS,VARIOS,01t4w00000NumXpAAJ
VARIOS,VARIOS,01t4w00000NumXqAAJ
VARIOS,VARIOS,01t4w00000NumXrAAJ
NEGRO,NEGRO,01t4w00000NumXsAAJ
NEGRO,NEGRO,01t4w00000NumXtAAJ
,NEGRO,01t4w00000NumXuAAJ
,BLANCO,01t4w00000NumXvAAJ
,BLANCO,01t4w00000NumXwAAJ
,BLANCO,01t4w00000NumXxAAJ
,VARIOS,01t4w00000NumXyAAJ
,NEGRO,01t4w00000NumXzAAJ
,BLANCO,01t4w00000NumY0AAJ
,BLANCO,01t4w00000NumY1AAJ
,GOLD,01t4w00000NumY2AAJ
,NEGRO,01t4w00000NumY3AAJ
,VARIOS,01t4w00000NumY4AAJ
,GRIS,01t4w00000NumY5AAJ
,NEGRO,01t4w00000NumY6AAJ
,BLANCO,01t4w00000NumY7AAJ
,BLANCO,01t4w00000NumY8AAJ
,NEGRO,01t4w00000NumY9AAJ
,NEGRO,01t4w00000NumYAAAZ
,BLANCO,01t4w00000NumYBAAZ
,NEGRO,01t4w00000NumYCAAZ
,NEGRO,01t4w00000NumYDAAZ
,NEGRO,01t4w00000NumYEAAZ
,NEGRO,01t4w00000NumYFAAZ
,NEGRO,01t4w00000NumYGAAZ
,NEGRO,01t4w00000NumYHAAZ
,NEGRO,01t4w00000NumYIAAZ
,BLANCO,01t4w00000NumYJAAZ
,NEGRO,01t4w00000NumYKAAZ
,NEGRO,01t4w00000NumYLAAZ
,NEGRO,01t4w00000NumYMAAZ
,NEGRO,01t4w00000NumYNAAZ
,PLATA,01t4w00000NumYOAAZ
,BLACK,01t4w00000NumYPAAZ
,VARIOR,01t4w00000NumYQAAZ
,VARIOS,01t4w00000NumYRAAZ
,GRIS,01t4w00000NumYSAAZ
,ANIMAL PRINT,01t4w00000NumYTAAZ
,NEGRO,01t4w00000NumYUAAZ
,BLANCO,01t4w00000NumYVAAZ
,BLANCO,01t4w00000NumYWAAZ
,BLANCO,01t4w00000NumYXAAZ
,VARIOS,01t4w00000NumYYAAZ
,NEGRO,01t4w00000NumYZAAZ
,NEGRO,01t4w00000NumYaAAJ
,NEGRO,01t4w00000NumYbAAJ
,BLANCO,01t4w00000NumYcAAJ
,BLANCO,01t4w00000NumYdAAJ
,GRIS,01t4w00000NumYeAAJ
,NEGRO,01t4w00000NumYfAAJ
,NEGRO,01t4w00000NumYgAAJ
,GRIS,01t4w00000NumYhAAJ
,GRIS,01t4w00000NumYiAAJ
,BLANCO,01t4w00000NumYjAAJ
,NEGRO,01t4w00000NumYkAAJ
,NEGRO,01t4w00000NumYlAAJ
,BLANCO,01t4w00000NumYmAAJ
,GRIS,01t4w00000NumYnAAJ
,NEGRO,01t4w00000NumYoAAJ
,MORADO,01t4w00000NumYpAAJ
,MORADO,01t4w00000NumYqAAJ
,GRIS,01t4w00000NumYrAAJ
VARIOS,VARIOS,01t4w00000NumYsAAJ
,NEGRO,01t4w00000NumYtAAJ
,NEGRO,01t4w00000NumYuAAJ
,BLANCO,01t4w00000NumYvAAJ
,GRIS,01t4w00000NumYwAAJ
,GRIS,01t4w00000NumYxAAJ
,GRIS,01t4w00000NumYyAAJ
VARIOS,VARIOS,01t4w00000NumYzAAJ
NEGRO,NEGRO,01t4w00000NumZ0AAJ
GRIS+NATURAL,GRIS+NATURAL,01t4w00000NumZ1AAJ
NATURAL+GRIS,NATURAL+GRIS,01t4w00000NumZ2AAJ
NATURAL+BLANCO,NATURAL+BLANCO,01t4w00000NumZ3AAJ
NEGRO+MADERA,NEGRO+MADERA,01t4w00000NumZ4AAJ
NATURAL+BLANCO,NATURAL+BLANCO,01t4w00000NumZ5AAJ
BLANCO,BLANCO,01t4w00000NumZ6AAJ
GRIS+BLANCO,GRIS+BLANCO,01t4w00000NumZ7AAJ
BLANCO+NATURAL,BLANCO+NATURAL,01t4w00000NumZ8AAJ
BLANCO,BLANCO,01t4w00000NumZ9AAJ
NEGRO+MADERA,NEGRO+MADERA,01t4w00000NumZAAAZ
,GRIS,01t4w00000NumZBAAZ
,VARIOS,01t4w00000NumZCAAZ
,GRIS,01t4w00000NumZDAAZ
,GRIS,01t4w00000NumZEAAZ
,VARIOS,01t4w00000NumZFAAZ
,NUDE,01t4w00000NumZGAAZ
,GRIS,01t4w00000NumZHAAZ
,BLANCO,01t4w00000NumZIAAZ
,VARIOS,01t4w00000NumZJAAZ
,VARIOS,01t4w00000NumZKAAZ
,BLANCO,01t4w00000NumZLAAZ
,GRIS,01t4w00000NumZMAAZ
,GRIS,01t4w00000NumZNAAZ
BLANCO+NATURAL,BLANCO+NATURAL,01t4w00000NumZOAAZ
BLANCO+GRIS,BLANCO+GRIS,01t4w00000NumZPAAZ
BLANCO+GRIS,BLANCO+GRIS,01t4w00000NumZQAAZ
,GRIS,01t4w00000NumZRAAZ
,VARIOS,01t4w00000NumZSAAZ
,VARIOS,01t4w00000NumZTAAZ
,VARIOS,01t4w00000NumZUAAZ
,VARIOS,01t4w00000NumZVAAZ
,VARIOS,01t4w00000NumZWAAZ
,VARIOS,01t4w00000NumZXAAZ
NEGRO+BLANCO,NEGRO+BLANCO,01t4w00000NumZYAAZ
NEGRO+BLANCO,NEGRO+BLANCO,01t4w00000NumZZAAZ
,VARIOS,01t4w00000NumZaAAJ
,VARIOS,01t4w00000NumZbAAJ
BLANCO,BLANCO,01t4w00000NumZcAAJ
BLACK+GREY,BLACK+GREY,01t4w00000NumZdAAJ
,VARIOS,01t4w00000NumZeAAJ
,VARIOS,01t4w00000NumZfAAJ
,VARIOS,01t4w00000NumZgAAJ
,VARIOS,01t4w00000NumZhAAJ
,VARIOS,01t4w00000NumZiAAJ
,VARIOS,01t4w00000NumZjAAJ
,VARIOS,01t4w00000NumZkAAJ
,VARIOS,01t4w00000NumZlAAJ
,VARIOS,01t4w00000NumZmAAJ
,GRIS,01t4w00000NumZnAAJ
,VARIOS,01t4w00000NumZoAAJ
,VARIOS,01t4w00000NumZpAAJ
,VARIOS,01t4w00000NumZqAAJ
VARIOS,VARIOS,01t4w00000NumZrAAJ
,VARIOS,01t4w00000NumZsAAJ
,VARIOS,01t4w00000NumZtAAJ
,VARIOS,01t4w00000NumZuAAJ
,VARIOS,01t4w00000NumZvAAJ
,GRIS,01t4w00000NumZwAAJ
,TRANSPARENTE,01t4w00000NumZxAAJ
,BLACK,01t4w00000NumZyAAJ
,VERIOS,01t4w00000NumZzAAJ
,BLACK,01t4w00000Numa0AAB
,VARIOS,01t4w00000Numa1AAB
,VARIOS,01t4w00000Numa2AAB
,VARIOS,01t4w00000Numa3AAB
,VARIOS,01t4w00000Numa4AAB
,NUDE,01t4w00000Numa5AAB
,BLACK,01t4w00000Numa6AAB
,BLACK,01t4w00000Numa7AAB
,BLACK,01t4w00000Numa8AAB
,BLACK,01t4w00000Numa9AAB
,BLACK,01t4w00000NumaAAAR
,CHERRY,01t4w00000NumaBAAR
,CHERRY,01t4w00000NumaCAAR
,BLACK,01t4w00000NumaDAAR
,MARMOL EFFECT,01t4w00000NumaEAAR
BLANCO,BLANCO,01t4w00000NumaFAAR
GRIS,GRIS,01t4w00000NumaGAAR
GRIS,GRIS,01t4w00000NumaHAAR
BLANCO,BLANCO,01t4w00000NumaIAAR
BLANCO,BLANCO,01t4w00000NumaJAAR
GRIS,GRIS,01t4w00000NumaKAAR
BLANCO,BLANCO,01t4w00000NumaLAAR
GRIS,GRIS,01t4w00000NumaMAAR
BLANCO,BLANCO,01t4w00000NumaNAAR
BLANCO,BLANCO,01t4w00000NumaOAAR
BLANCA,BLANCA,01t4w00000NumaPAAR
BLANCO,BLANCO,01t4w00000NumaQAAR
NEGRO,NEGRO,01t4w00000NumaRAAR
BLANCO,BLANCO,01t4w00000NumaSAAR
VARIOS,VARIOS,01t4w00000NumaTAAR
GRIS,GRIS,01t4w00000NumaUAAR
GRIS,GRIS,01t4w00000NumaVAAR
VARIOS,VARIOS,01t4w00000NumaWAAR
VARIOS,VARIOS,01t4w00000NumaXAAR
VARIOS,VARIOS,01t4w00000NumaYAAR
VARIOS,VARIOS,01t4w00000NumaZAAR
VARIOS,VARIOS,01t4w00000NumaaAAB
VARIOS,VARIOS,01t4w00000NumabAAB
VARIOS,VARIOS,01t4w00000NumacAAB
VARIOS,VARIOS,01t4w00000NumadAAB
VARIOS,VARIOS,01t4w00000NumaeAAB
VARIOS,VARIOS,01t4w00000NumafAAB
VARIOS,VARIOS,01t4w00000NumagAAB
VARIOS,VARIOS,01t4w00000NumahAAB
VARIOS,VARIOS,01t4w00000NumaiAAB
VARIOS,VARIOS,01t4w00000NumajAAB
VARIOS,VARIOS,01t4w00000NumakAAB
VARIOS,VARIOS,01t4w00000NumalAAB
VARIOS,VARIOS,01t4w00000NumamAAB
VARIOS,VARIOS,01t4w00000NumanAAB
VARIOS,VARIOS,01t4w00000NumaoAAB
VARIOS,VARIOS,01t4w00000NumapAAB
VARIOS,VARIOS,01t4w00000NumaqAAB
BLANCO,BLANCO,01t4w00000NumarAAB
BLANCO,BLANCO,01t4w00000NumasAAB
BLANCO,BLANCO,01t4w00000NumatAAB
BLANCO,BLANCO,01t4w00000NumauAAB
NEGRO,NEGRO,01t4w00000NumavAAB
PLATA,PLATA,01t4w00000NumawAAB
NEGRO,NEGRO,01t4w00000NumaxAAB
BLANCO,BLANCO,01t4w00000NumayAAB
BLANCO,BLANCO,01t4w00000NumazAAB
VARIOS,VARIOS,01t4w00000Numb0AAB
VARIOS,VARIOS,01t4w00000Numb1AAB
VARIOS,VARIOS,01t4w00000Numb2AAB
VARIOS,VARIOS,01t4w00000Numb3AAB
VARIOS,VARIOS,01t4w00000Numb4AAB
VARIOS,VARIOS,01t4w00000Numb5AAB
VARIOS,VARIOS,01t4w00000Numb6AAB
NEGRO,NEGRO,01t4w00000Numb7AAB
VARIOS,VARIOS,01t4w00000Numb8AAB
COBRE,COBRE,01t4w00000Numb9AAB
DORADO,DORADO,01t4w00000NumbAAAR
PLATEADO,PLATEADO,01t4w00000NumbBAAR
VARIOS,VARIOS,01t4w00000NumbCAAR
VARIOS,VARIOS,01t4w00000NumbDAAR
VARIOS,VARIOS,01t4w00000NumbEAAR
PLATEADO,PLATEADO,01t4w00000NumbFAAR
PLATEADO,PLATEADO,01t4w00000NumbGAAR
VARIOS COLORES,VARIOS COLORES,01t4w00000NumbHAAR
PLATEADO,PLATEADO,01t4w00000NumbIAAR
VARIOS,VARIOS,01t4w00000NumbJAAR
VARIOS,VARIOS,01t4w00000NumbKAAR
CAFE,CAFE,01t4w00000NumbLAAR
AZUL,AZUL,01t4w00000NumbMAAR
NEGRO,NEGRO,01t4w00000NumbNAAR
AZUL+BLANCO,AZUL+BLANCO,01t4w00000NumbOAAR
NEGRO,NEGRO,01t4w00000NumbPAAR
BLANCO,BLANCO,01t4w00000NumbQAAR
BLANCO,BLANCO,01t4w00000NumbRAAR
AZUL,AZUL,01t4w00000NumbSAAR
PLATEADO+NEGRO,PLATEADO+NEGRO,01t4w00000NumbTAAR
NEGRO+GRIS,NEGRO+GRIS,01t4w00000NumbUAAR
AZUL+VARIOS,AZUL+VARIOS,01t4w00000NumbWAAR
BLANCO,BLANCO,01t4w00000NumbXAAR
GRIS+NEGRO,GRIS+NEGRO,01t4w00000NumbYAAR
BLANCO,BLANCO,01t4w00000NumbZAAR
AZUL+GRIS,AZUL+GRIS,01t4w00000NumbaAAB
ROJO,ROJO,01t4w00000NumbbAAB
NEGRO,NEGRO,01t4w00000NumbcAAB
NEGRO,NEGRO,01t4w00000NumbdAAB
,CHOCOLATE,01t4w00000NumbeAAB
,NATURAL,01t4w00000NumbfAAB
,NEGRO+CLARO,01t4w00000NumbgAAB
,GRIS,01t4w00000NumbhAAB
,NEGRO+BLANCO,01t4w00000NumbiAAB
,NATURAL+NEGRO,01t4w00000NumbjAAB
BLANCO,BLANCO,01t4w00000NumbkAAB
,NATURAL,01t4w00000NumblAAB
,NEGRO+NATURAL,01t4w00000NumbmAAB
,NATURAL+NEGRO,01t4w00000NumbnAAB
GRIS+AMARILLO,GRIS+AMARILLO,01t4w00000NumboAAB
,GRIS+BLANCO,01t4w00000NumbpAAB
,MARRON,01t4w00000NumbqAAB
NEGRO,NEGRO,01t4w00000NumbrAAB
ROJO+AMARILLO+AZUL,ROJO+AMARILLO+AZUL,01t4w00000NumbsAAB
,NEGRO+BLANCO,01t4w00000NumbtAAB
,NEGRO+NATURAL+BLANCO,01t4w00000NumbuAAB
,NATURAL+BLANCO,01t4w00000NumbvAAB
,NEGRO+BLANCO,01t4w00000NumbwAAB
NEGRO,NEGRO,01t4w00000NumbxAAB
BLANCO,BLANCO,01t4w00000NumbyAAB
,GRIS+NEGRO+BLANCO,01t4w00000NumbzAAB
FLORES,FLORES,01t4w00000Numc0AAB
ROJO,ROJO,01t4w00000Numc1AAB
AZUL,AZUL,01t4w00000Numc2AAB
,GRIS+NEGRO,01t4w00000Numc3AAB
,NEGRO+CREMA,01t4w00000Numc4AAB
NEGRO+BLANCO,NEGRO+BLANCO,01t4w00000Numc5AAB
AZUL+BLANCO,AZUL+BLANCO,01t4w00000Numc6AAB
AZUL,AZUL,01t4w00000Numc7AAB
ACQUA,ACQUA,01t4w00000Numc8AAB
AZUL,AZUL,01t4w00000Numc9AAB
CREMA,CREMA,01t4w00000NumcAAAR
BLANCO+AZUL,BLANCO+AZUL,01t4w00000NumcBAAR
CREMA,CREMA,01t4w00000NumcCAAR
VERDE+ROSA,VERDE+ROSA,01t4w00000NumcDAAR
CREMA,CREMA,01t4w00000NumcEAAR
ROSA,ROSA,01t4w00000NumcFAAR
NEGRO,NEGRO,01t4w00000NumcGAAR
NARANJA,NARANJA,01t4w00000NumcHAAR
VERDE,VERDE,01t4w00000NumcIAAR
NEGRO,NEGRO,01t4w00000NumcJAAR
AZUL,AZUL,01t4w00000NumcKAAR
VERDE+BLANCO,VERDE+BLANCO,01t4w00000NumcLAAR
VERDE+BLANCO,VERDE+BLANCO,01t4w00000NumcMAAR
AMARILLO,AMARILLO,01t4w00000NumcNAAR
VERDE,VERDE,01t4w00000NumcOAAR
VERDE+ROJO+ROSA+AZUL,VERDE+ROJO+ROSA+AZUL,01t4w00000NumcPAAR
,VARIOS,01t4w00000NumcQAAR
,VARIOS - TRANSPARENTE,01t4w00000NumcRAAR
,NATURAL WOOD LOOKS,01t4w00000NumcSAAR
,NEGRO,01t4w00000NumcTAAR
,VARIOS,01t4w00000NumcUAAR
,VARIOS,01t4w00000NumcVAAR
,VARIOS,01t4w00000NumcWAAR
,VARIOS - TRANSPARENTE,01t4w00000NumcXAAR
,VARIOS,01t4w00000NumcYAAR
,VARIOS,01t4w00000NumcZAAR
VERDE+AZUL,VERDE+AZUL,01t4w00000NumcaAAB
,NATURAL WOOD LOOKS,01t4w00000NumcbAAB
,VARIOS,01t4w00000NumccAAB
,VARIOS,01t4w00000NumcdAAB
,VARIOS,01t4w00000NumceAAB
,VARIOS,01t4w00000NumcfAAB
,GRIS,01t4w00000NumcgAAB
,GRIS,01t4w00000NumchAAB
,BLUE AND WHITE,01t4w00000NumciAAB
,VARIOS,01t4w00000NumcjAAB
,VARIOS,01t4w00000NumckAAB
,VARIOS,01t4w00000NumclAAB
,VARIOS,01t4w00000NumcmAAB
,VARIOS,01t4w00000NumcnAAB
,GRIS,01t4w00000NumcoAAB
,GRIS,01t4w00000NumcpAAB
,GRIS,01t4w00000NumcqAAB
,VARIOS,01t4w00000NumcrAAB
,VARIOS,01t4w00000NumcsAAB
,GRIS,01t4w00000NumctAAB
,GRIS,01t4w00000NumcuAAB
,VARIOS,01t4w00000NumcvAAB
,VARIOS,01t4w00000NumcwAAB
,VARIOS,01t4w00000NumcxAAB
,VARIOS,01t4w00000NumcyAAB
,VARIOS,01t4w00000NumczAAB
,VARIOS,01t4w00000Numd0AAB
,VARIOS,01t4w00000Numd1AAB
,BLANCO,01t4w00000Numd2AAB
,VARIOS,01t4w00000Numd3AAB
,BLANCO+NATURAL,01t4w00000Numd4AAB
,BLANCO,01t4w00000Numd5AAB
,BLANCO,01t4w00000Numd6AAB
,VARIOS,01t4w00000Numd7AAB
,VARIOS,01t4w00000Numd8AAB
,BLANCO+NATURAL,01t4w00000Numd9AAB
,BLANCO+NATURAL,01t4w00000NumdAAAR
,BLANCO,01t4w00000NumdBAAR
,BLANCO,01t4w00000NumdCAAR
,GRIS,01t4w00000NumdDAAR
,NEGRO,01t4w00000NumdEAAR
,BLANCO,01t4w00000NumdFAAR
,VARIOS,01t4w00000NumdGAAR
,BLANCO,01t4w00000NumdHAAR
,VARIOS,01t4w00000NumdIAAR
VARIOS,VARIOS,01t4w00000NumdJAAR
VARIOS,VARIOS,01t4w00000NumdKAAR
,BLANCO,01t4w00000NumdLAAR
,BLANCO,01t4w00000NumdMAAR
,BLANCO+MENTA,01t4w00000NumdNAAR
,VARIOS,01t4w00000NumdOAAR
,NARANJA,01t4w00000NumdPAAR
VARIOS,VARIOS,01t4w00000NumdQAAR
,BLANCO+NEGRO,01t4w00000NumdRAAR
,BLANCO,01t4w00000NumdSAAR
VARIOS,VARIOS,01t4w00000NumdTAAR
VARIOS,VARIOS,01t4w00000NumdUAAR
,BLANCO,01t4w00000NumdVAAR
,BLANCO,01t4w00000NumdWAAR
,BLANCO,01t4w00000NumdXAAR
VARIOS,VARIOS,01t4w00000NumdYAAR
VARIOS,VARIOS,01t4w00000NumdZAAR
,NEGRO,01t4w00000NumdaAAB
,BLANCO,01t4w00000NumdbAAB
,NEGRO,01t4w00000NumdcAAB
,NEGRO,01t4w00000NumddAAB
,BLANCO,01t4w00000NumdeAAB
VARIOS,VARIOS,01t4w00000NumdfAAB
,BLANCO,01t4w00000NumdgAAB
,NEGRO,01t4w00000NumdhAAB
,NEGRO,01t4w00000NumdiAAB
,BLANCA,01t4w00000NumdjAAB
,BLANCO,01t4w00000NumdkAAB
,BLANCO,01t4w00000NumdlAAB
VARIOS,VARIOS,01t4w00000NumdmAAB
,BLANCO,01t4w00000NumdnAAB
VARIOS,VARIOS,01t4w00000NumdoAAB
,BLANCO,01t4w00000NumdpAAB
,BLANCO,01t4w00000NumdqAAB
,PLATEADO,01t4w00000NumdrAAB
,CAFE,01t4w00000NumdsAAB
,NEGRO,01t4w00000NumdtAAB
,NEGRO,01t4w00000NumduAAB
,COBRE,01t4w00000NumdvAAB
,DORADO,01t4w00000NumdwAAB
,VARIOS COLORES,01t4w00000NumdxAAB
VARIOS,VARIOS,01t4w00000NumdyAAB
,PLATA,01t4w00000NumdzAAB
,BLANCO,01t4w00000Nume0AAB
,BLANCO,01t4w00000Nume1AAB
,PLATEADO,01t4w00000Nume2AAB
,PLATEADO,01t4w00000Nume3AAB
,PLATEADO,01t4w00000Nume4AAB
VARIOS,VARIOS,01t4w00000Nume5AAB
VARIOS,VARIOS,01t4w00000Nume6AAB
VARIOS,VARIOS,01t4w00000Nume7AAB
,NEGRO,01t4w00000Nume8AAB
VARIOS,VARIOS,01t4w00000Nume9AAB
VARIOS,VARIOS,01t4w00000NumeAAAR
,NEGRO,01t4w00000NumeBAAR
,PLATEADO+NEGRO,01t4w00000NumeCAAR
VARIOS,VARIOS,01t4w00000NumeDAAR
,BLANCO,01t4w00000NumeEAAR
,BLANCO,01t4w00000NumeFAAR
VARIOS,VARIOS,01t4w00000NumeGAAR
VARIOS,VARIOS,01t4w00000NumeHAAR
VARIOS,VARIOS,01t4w00000NumeIAAR
CAFE,CAFE,01t4w00000NumeJAAR
VARIOS,VARIOS,01t4w00000NumeKAAR
VARIOS,VARIOS,01t4w00000NumeLAAR
VARIOS,VARIOS,01t4w00000NumeMAAR
VARIOS,VARIOS,01t4w00000NumeNAAR
VARIOS,VARIOS,01t4w00000NumeOAAR
VARIOS,VARIOS,01t4w00000NumePAAR
VARIOS,VARIOS,01t4w00000NumeQAAR
VARIOS,VARIOS,01t4w00000NumeRAAR
VARIOS,VARIOS,01t4w00000NumeSAAR
VARIOS,VARIOS,01t4w00000NumeTAAR
VARIOS,VARIOS,01t4w00000NumeUAAR
VARIOS,VARIOS,01t4w00000NumeVAAR
VARIOS,VARIOS,01t4w00000NumeWAAR
VARIOS,VARIOS,01t4w00000NumeXAAR
VARIOS,VARIOS,01t4w00000NumeYAAR
VARIOS,VARIOS,01t4w00000NumeZAAR
VARIOS,VARIOS,01t4w00000NumeaAAB
,NEGRO,01t4w00000NumebAAB
VARIOS,VARIOS,01t4w00000NumecAAB
VARIOS,VARIOS,01t4w00000NumedAAB
,VARIOS,01t4w00000NumeeAAB
,NEGRO+MADERA,01t4w00000NumefAAB
,GRIS+BLANCO,01t4w00000NumegAAB
,BLANCO+GRIS,01t4w00000NumehAAB
,VARIOS,01t4w00000NumeiAAB
,BLANCO+NATURAL,01t4w00000NumejAAB
,BLANCO+GRIS,01t4w00000NumekAAB
,NEGRO+BLANCO,01t4w00000NumelAAB
,BLACK+GREY,01t4w00000NumemAAB
,NEGRO,01t4w00000NumenAAB
,NATURAL+BLANCO,01t4w00000NumeoAAB
,GRIS+NATURAL,01t4w00000NumepAAB
,NATURAL+GRIS,01t4w00000NumeqAAB
,NEGRO+BLANCO,01t4w00000NumerAAB
,NATURAL+BLANCO,01t4w00000NumesAAB
,BLANCO,01t4w00000NumetAAB
,NEGRO+MADERA,01t4w00000NumeuAAB
,BLANCO+NATURAL,01t4w00000NumevAAB
,BLANCO,01t4w00000NumewAAB
,BLANCO,01t4w00000NumexAAB
,VARIOS,01t4w00000NumeyAAB
,AZUL,01t4w00000NumezAAB
,AZUL+VARIOS,01t4w00000Numf0AAB
,ROJO+AMARILLO+AZUL,01t4w00000Numf2AAB
,AZUL+BLANCO,01t4w00000Numf3AAB
,GRIS+NEGRO,01t4w00000Numf4AAB
,AZUL+BLANCO,01t4w00000Numf5AAB
,AZUL,01t4w00000Numf6AAB
,NEGRO,01t4w00000Numf7AAB
,NEGRO+GRIS,01t4w00000Numf8AAB
,AZUL,01t4w00000Numf9AAB
,AZUL+GRIS,01t4w00000NumfAAAR
,ROJO,01t4w00000NumfBAAR
,GRIS+AMARILLO,01t4w00000NumfCAAR
,VARIOS,01t4w00000NumfDAAR
,VARIOS,01t4w00000NumfEAAR
,VARIOS,01t4w00000NumfFAAR
VARIOS COLORES,VARIOS COLORES,01t4w00000NumfGAAR
,AZUL,01t4w00000NumfHAAR
,ACQUA,01t4w00000NumfIAAR
,CREMA,01t4w00000NumfJAAR
,NEGRO,01t4w00000NumfKAAR
,ROJO,01t4w00000NumfLAAR
,NEGRO,01t4w00000NumfMAAR
,NARANJA,01t4w00000NumfNAAR
,FLORES,01t4w00000NumfOAAR
,AZUL,01t4w00000NumfPAAR
,NEGRO+BLANCO,01t4w00000NumfQAAR
NATURAL &BEIGE,NATURAL &BEIGE,01t4w00000NumfRAAR
,CREMA,01t4w00000NumfSAAR
,VARIOS,01t4w00000NumfTAAR
,BLANCO+AZUL,01t4w00000NumfUAAR
,VERDE+BLANCO,01t4w00000NumfVAAR
BLANCA & NATURAL,BLANCA & NATURAL,01t4w00000NumfWAAR
NEGRO+NATURAL,NEGRO+NATURAL,01t4w00000NumfXAAR
NEGRO,NEGRO,01t4w00000NumfYAAR
,CREMA,01t4w00000NumfZAAR
,ROSA,01t4w00000NumfaAAB
,VERDE,01t4w00000NumfbAAB
,VERDE,01t4w00000NumfcAAB
,AZUL,01t4w00000NumfdAAB
,AMARILLO,01t4w00000NumfeAAB
CAFE,CAFE,01t4w00000NumffAAB
,VERDE+BLANCO,01t4w00000NumfgAAB
,VERDE+ROSA,01t4w00000NumfhAAB
,VERDE+ROJO+ROSA+AZUL,01t4w00000NumfiAAB
,VARIOS,01t4w00000NumfjAAB
NEGRO Y MADERA NATURAL,NEGRO Y MADERA NATURAL,01t4w00000NumfkAAB
,VERDE+AZUL,01t4w00000NumflAAB
NEGRO Y MADERA NATURAL,NEGRO Y MADERA NATURAL,01t4w00000NumfmAAB
NEGRO+NATURAL,NEGRO+NATURAL,01t4w00000NumfnAAB
NEGRO Y MADERA NATURAL,NEGRO Y MADERA NATURAL,01t4w00000NumfoAAB
NEGRO Y MADERA NATURAL,NEGRO Y MADERA NATURAL,01t4w00000NumfpAAB
NEGRO+NATURAL,NEGRO+NATURAL,01t4w00000NumfqAAB
NEGRO Y MADERA NATURAL,NEGRO Y MADERA NATURAL,01t4w00000NumfrAAB
,VARIOS,01t4w00000NumfsAAB
,VARIOS,01t4w00000NumftAAB
,VARIOS,01t4w00000NumfuAAB
,VARIOS,01t4w00000NumfvAAB
NEGRO Y MADERA NATURAL,NEGRO Y MADERA NATURAL,01t4w00000NumfwAAB
NEGRO Y MADERA NATURAL,NEGRO Y MADERA NATURAL,01t4w00000NumfxAAB
NEGRO+NATURAL,NEGRO+NATURAL,01t4w00000NumfyAAB
GRIS Y MADERA,GRIS Y MADERA,01t4w00000NumfzAAB
NEGRO Y MADERA NATURAL,NEGRO Y MADERA NATURAL,01t4w00000Numg0AAB
NEGRO Y MADERA NATURAL,NEGRO Y MADERA NATURAL,01t4w00000Numg1AAB
NEGRO Y MADERA NATURAL,NEGRO Y MADERA NATURAL,01t4w00000Numg2AAB
NEGRO Y MADERA,NEGRO Y MADERA,01t4w00000Numg3AAB
GRIS Y MADERA,GRIS Y MADERA,01t4w00000Numg4AAB
GRIS Y MADERA,GRIS Y MADERA,01t4w00000Numg5AAB
NEGRO Y MADERA,NEGRO Y MADERA,01t4w00000Numg6AAB
BLANCO Y MARRON,BLANCO Y MARRON,01t4w00000Numg7AAB
BLANCO Y MARRON,BLANCO Y MARRON,01t4w00000Numg8AAB
BLANCO Y MARRON,BLANCO Y MARRON,01t4w00000Numg9AAB
NEGRO,NEGRO,01t4w00000NumgAAAR
NEGRO,NEGRO,01t4w00000NumgBAAR
GRIS,GRIS,01t4w00000NumgCAAR
NEGRO,NEGRO,01t4w00000NumgDAAR
NEGRO,NEGRO,01t4w00000NumgEAAR
MARRON,MARRON,01t4w00000NumgFAAR
MARRON,MARRON,01t4w00000NumgGAAR
MARRON,MARRON,01t4w00000NumgIAAR
VARIOS,VARIOS,01t4w00000NumgJAAR
VARIOS,VARIOS,01t4w00000NumgKAAR
GRIS+BLANCO,GRIS+BLANCO,01t4w00000NumgLAAR
GRIS+BLANCO,GRIS+BLANCO,01t4w00000NumgMAAR
GRIS,GRIS,01t4w00000NumgNAAR
VARIOS,VARIOS,01t4w00000NumgOAAR
VARIOS,VARIOS,01t4w00000NumgPAAR
VARIOS,VARIOS,01t4w00000NumgQAAR
VARIOS,VARIOS,01t4w00000NumgRAAR
VARIOS,VARIOS,01t4w00000NumgSAAR
VARIOS,VARIOS,01t4w00000NumgTAAR
VARIOS,VARIOS,01t4w00000NumgUAAR
VARIOS,VARIOS,01t4w00000NumgVAAR
VARIOS,VARIOS,01t4w00000NumgWAAR
VARIOS,VARIOS,01t4w00000NumgXAAR
VARIOS,VARIOS,01t4w00000NumgYAAR
VARIOS,VARIOS,01t4w00000NumgZAAR
,VARIOS,01t4w00000NumgaAAB
,VARIOS,01t4w00000NumgbAAB
,VARIOS,01t4w00000NumgcAAB
,VARIOS,01t4w00000NumgdAAB
,VARIOS,01t4w00000NumgeAAB
,VARIOS,01t4w00000NumgfAAB
,VARIOS,01t4w00000NumggAAB
,VARIOS,01t4w00000NumghAAB
,VARIOS,01t4w00000NumgiAAB
,VARIOS,01t4w00000NumgjAAB
,VARIOS,01t4w00000NumgkAAB
,VARIOS,01t4w00000NumglAAB
,VARIOS,01t4w00000NumgmAAB
,VARIOS,01t4w00000NumgnAAB
,VARIOS,01t4w00000NumgoAAB
,VARIOS,01t4w00000NumgpAAB
,VARIOS,01t4w00000NumgqAAB
,VARIOS,01t4w00000NumgrAAB
,VARIOS,01t4w00000NumgsAAB
,VARIOS,01t4w00000NumgtAAB
,VARIOS,01t4w00000NumguAAB
,VARIOS,01t4w00000NumgvAAB
,VARIOS,01t4w00000NumgwAAB
,VARIOS,01t4w00000NumgxAAB
,VARIOS,01t4w00000NumgyAAB
,VARIOS,01t4w00000NumgzAAB
,VARIOS,01t4w00000Numh0AAB
,VARIOS,01t4w00000Numh1AAB
VARIOS,VARIOS,01t4w00000Numh2AAB
,VARIOS,01t4w00000Numh3AAB
,VARIOS,01t4w00000Numh4AAB
,VARIOS,01t4w00000Numh5AAB
,VARIOS,01t4w00000Numh6AAB
,VARIOS,01t4w00000Numh7AAB
,VARIOS,01t4w00000Numh8AAB
,VARIOS,01t4w00000Numh9AAB
,VARIOS,01t4w00000NumhAAAR
,VARIOS,01t4w00000NumhBAAR
,VARIOS,01t4w00000NumhCAAR
,VARIOS,01t4w00000NumhDAAR
,VARIOS,01t4w00000NumhEAAR
,VARIOS,01t4w00000NumhFAAR
,VARIOS,01t4w00000NumhGAAR
,VARIOS,01t4w00000NumhHAAR
,VARIOS,01t4w00000NumhIAAR
,VARIOS,01t4w00000NumhJAAR
,VARIOS,01t4w00000NumhKAAR
,VARIOS,01t4w00000NumhLAAR
,VARIOS,01t4w00000NumhMAAR
,VARIOS,01t4w00000NumhNAAR
,VARIOS,01t4w00000NumhOAAR
,VARIOS,01t4w00000NumhPAAR
,VARIOS,01t4w00000NumhQAAR
,VARIOS,01t4w00000NumhRAAR
,VARIOS,01t4w00000NumhSAAR
,VARIOS,01t4w00000NumhTAAR
,VARIOS,01t4w00000NumhUAAR
,VARIOS,01t4w00000NumhVAAR
,NEGRO+NATURAL,01t4w00000NumhWAAR
,NEGRO Y MADERA NATURAL,01t4w00000NumhXAAR
,NEGRO Y MADERA NATURAL,01t4w00000NumhYAAR
,VARIOS,01t4w00000NumhZAAR
,VARIOS,01t4w00000NumhaAAB
,VARIOS,01t4w00000NumhbAAB
,VARIOS,01t4w00000NumhcAAB
,VARIOS,01t4w00000NumhdAAB
,VARIOS,01t4w00000NumheAAB
,VARIOS,01t4w00000NumhfAAB
,VARIOS,01t4w00000NumhgAAB
,NEGRO+NATURAL,01t4w00000NumhhAAB
,VARIOS,01t4w00000NumhiAAB
,VARIOS,01t4w00000NumhjAAB
,NEGRO Y MADERA NATURAL,01t4w00000NumhkAAB
,NEGRO Y MADERA NATURAL,01t4w00000NumhlAAB
,NEGRO Y MADERA NATURAL,01t4w00000NumhmAAB
,NEGRO Y MADERA NATURAL,01t4w00000NumhnAAB
,NEGRO Y MADERA,01t4w00000NumhoAAB
,NEGRO+NATURAL,01t4w00000NumhpAAB
,NEGRO,01t4w00000NumhqAAB
,VARIOS,01t4w00000NumhrAAB
,VARIOS,01t4w00000NumhsAAB
,VARIOS,01t4w00000NumhtAAB
,NEGRO+NATURAL,01t4w00000NumhuAAB
,NEGRO Y MADERA NATURAL,01t4w00000NumhvAAB
,NEGRO Y MADERA NATURAL,01t4w00000NumhwAAB
,NEGRO Y MADERA NATURAL,01t4w00000NumhxAAB
,VARIOS,01t4w00000NumhyAAB
,VARIOS,01t4w00000NumhzAAB
,VARIOS,01t4w00000Numi0AAB
,VARIOS,01t4w00000Numi1AAB
VARIOS,VARIOS,01t4w00000Numi2AAB
,VARIOS,01t4w00000Numi3AAB
,VARIOS,01t4w00000Numi4AAB
,VARIOS,01t4w00000Numi5AAB
VARIOS,VARIOS,01t4w00000Numi6AAB
,NEGRO Y MADERA NATURAL,01t4w00000Numi7AAB
,GRIS Y MADERA,01t4w00000Numi8AAB
,BLANCO Y MARRON,01t4w00000Numi9AAB
,VARIOS,01t4w00000NumiBAAR
,NEGRO Y MADERA,01t4w00000NumiCAAR
,NEGRO,01t4w00000NumiDAAR
,MARRON,01t4w00000NumiEAAR
,GRIS,01t4w00000NumiFAAR
,GRIS Y MADERA,01t4w00000NumiGAAR
,GRIS Y MADERA,01t4w00000NumiHAAR
,NEGRO,01t4w00000NumiIAAR
,VARIOS,01t4w00000NumiJAAR
,VARIOS,01t4w00000NumiKAAR
,VARIOS,01t4w00000NumiLAAR
,VARIOS,01t4w00000NumiMAAR
,BLANCO Y MARRON,01t4w00000NumiNAAR
,BLANCO Y MARRON,01t4w00000NumiOAAR
VARIOS,VARIOS,01t4w00000NumiPAAR
VARIOS,VARIOS,01t4w00000NumiQAAR
,VARIOS,01t4w00000NumiRAAR
,GRIS,01t4w00000NumiSAAR
,NEGRO,01t4w00000NumiTAAR
,VARIOS,01t4w00000NumiUAAR
,VARIOS,01t4w00000NumiVAAR
,MARRON,01t4w00000NumiWAAR
,VARIOS,01t4w00000NumiXAAR
,VARIOS,01t4w00000NumiYAAR
VARIOS,VARIOS,01t4w00000NumiZAAR
VARIOS,VARIOS,01t4w00000NumiaAAB
,GRIS+BLANCO,01t4w00000NumibAAB
,GRIS+BLANCO,01t4w00000NumicAAB
,varios,01t4w00000NumidAAB
,VARIOS,01t4w00000NumieAAB
,VARIOS,01t4w00000NumifAAB
,VARIOS,01t4w00000NumigAAB
,VARIOS,01t4w00000NumihAAB
VARIOS,VARIOS,01t4w00000NumiiAAB
,VARIOS,01t4w00000NumijAAB
VARIOS,VARIOS,01t4w00000NumikAAB
VARIOS,VARIOS,01t4w00000NumilAAB
,VARIOS,01t4w00000NumimAAB
,VARIOS,01t4w00000NuminAAB
,VARIOS,01t4w00000NumioAAB
,NEGRO,01t4w00000NumipAAB
,VARIOS,01t4w00000NumiqAAB
,VARIOS,01t4w00000NumirAAB
,VARIOS,01t4w00000NumisAAB
,VARIOS,01t4w00000NumitAAB
,VARIOS,01t4w00000NumivAAB
,VARIOS,01t4w00000NumiwAAB
,VARIOS,01t4w00000NumixAAB
,VARIOS,01t4w00000NumiyAAB
,MARRON,01t4w00000NumizAAB
,VARIOS,01t4w00000Numj0AAB
,VARIOS,01t4w00000Numj1AAB
,VARIOS,01t4w00000Numj2AAB
,VARIOS,01t4w00000Numj3AAB
,VARIOS,01t4w00000Numj4AAB
,BLANCA & NATURAL,01t4w00000Numj5AAB
,NATURAL &BEIGE,01t4w00000Numj6AAB
,VARIOS COLORES,01t4w00000Numj7AAB
,NATURAL,01t4w00000NumjAAAR
,VARIOS COLORES,01t4w00000NumjBAAR
,NEGRO,01t4w00000NumjCAAR
,GRIS OBSCURO & NATURAL,01t4w00000NumjDAAR
,NATURAL,01t4w00000NumjFAAR
,NATURAL,01t4w00000NumjGAAR
,NATURAL,01t4w00000NumjHAAR
,CAFE,01t4w00000NumjIAAR
VARIOS,VARIOS,01t4w00000NumjJAAR
VARIOS,VARIOS,01t4w00000NumjKAAR
VARIOS,VARIOS,01t4w00000NumjLAAR
VARIOS,VARIOS,01t4w00000NumjMAAR
VARIOS,VARIOS,01t4w00000NumjNAAR
VARIOS,VARIOS,01t4w00000NumjOAAR
VARIOS,VARIOS,01t4w00000NumjPAAR
VARIOS,VARIOS,01t4w00000NumjQAAR
VARIOS,VARIOS,01t4w00000NumjRAAR
VARIOS,VARIOS,01t4w00000NumjSAAR
BEIGE,BEIGE,01t4w00000NumjTAAR
BLANCO+NEGRO,BLANCO+NEGRO,01t4w00000NumjUAAR
BLANCO+NATURAL,BLANCO+NATURAL,01t4w00000NumjVAAR
BEIGE+NATURAL,BEIGE+NATURAL,01t4w00000NumjWAAR
NEGRO+NATURAL,NEGRO+NATURAL,01t4w00000NumjXAAR
VERDE+NATURAL,VERDE+NATURAL,01t4w00000NumjYAAR
GRIS+MARRON,GRIS+MARRON,01t4w00000NumjZAAR
GRIS,GRIS,01t4w00000NumjaAAB
GRIS,GRIS,01t4w00000NumjbAAB
VARIOS,VARIOS,01t4w00000NumjcAAB
GRIS,GRIS,01t4w00000NumjdAAB
BLANCO,BLANCO,01t4w00000NumjeAAB
BLANCO,BLANCO,01t4w00000NumjfAAB
NATURAL,NATURAL,01t4w00000NumjgAAB
NEGRO,NEGRO,01t4w00000NumjhAAB
NEGRO,NEGRO,01t4w00000NumjiAAB
BLANCO,BLANCO,01t4w00000NumjjAAB
GRIS,GRIS,01t4w00000NumjlAAB
GRIS,GRIS,01t4w00000NumjmAAB
NEGRO,NEGRO,01t4w00000NumjnAAB
NEGRO,NEGRO,01t4w00000NumjoAAB
BLANCO,BLANCO,01t4w00000NumjpAAB
BLANCO,BLANCO,01t4w00000NumjqAAB
NEGRO,NEGRO,01t4w00000NumjrAAB
NEGRO,NEGRO,01t4w00000NumjsAAB
BLANCO,BLANCO,01t4w00000NumjtAAB
BLANCO,BLANCO,01t4w00000NumjuAAB
NEGRO,NEGRO,01t4w00000NumjvAAB
NEGRO+ROJO,NEGRO+ROJO,01t4w00000NumjwAAB
NEGRO,NEGRO,01t4w00000NumjxAAB
NEGRO,NEGRO,01t4w00000NumjyAAB
BLANCO,BLANCO,01t4w00000NumjzAAB
NEGRO,NEGRO,01t4w00000Numk0AAB
NATURAL,NATURAL,01t4w00000Numk1AAB
NATURAL,NATURAL,01t4w00000Numk2AAB
NATURAL,NATURAL,01t4w00000Numk3AAB
NATURAL,NATURAL,01t4w00000Numk4AAB
NATURAL,NATURAL,01t4w00000Numk5AAB
NATURAL,NATURAL,01t4w00000Numk6AAB
CHOCOLATE,CHOCOLATE,01t4w00000Numk7AAB
CHOCOLATE,CHOCOLATE,01t4w00000Numk8AAB
CHOCOLATE,CHOCOLATE,01t4w00000Numk9AAB
CHOCOLATE,CHOCOLATE,01t4w00000NumkAAAR
CHOCOLATE,CHOCOLATE,01t4w00000NumkBAAR
NATURAL+GRIS,NATURAL+GRIS,01t4w00000NumkCAAR
NATURAL + GRIS,NATURAL + GRIS,01t4w00000NumkDAAR
MORADO,MORADO,01t4w00000NumkEAAR
NATURAL+GRIS,NATURAL+GRIS,01t4w00000NumkFAAR
BLANCO+NATURAL,BLANCO+NATURAL,01t4w00000NumkGAAR
BLANCO,BLANCO,01t4w00000NumkHAAR
NATURAL + GRIS,NATURAL + GRIS,01t4w00000NumkIAAR
NATURAL + GRIS,NATURAL + GRIS,01t4w00000NumkJAAR
BLANCO,BLANCO,01t4w00000NumkKAAR
ROSA,ROSA,01t4w00000NumkLAAR
BLANCO,BLANCO,01t4w00000NumkMAAR
GRIS,GRIS,01t4w00000NumkNAAR
BLANCO,BLANCO,01t4w00000NumkPAAR
NATURAL+GRIS,NATURAL+GRIS,01t4w00000NumkQAAR
ROSA,ROSA,01t4w00000NumkRAAR
BLANCO,BLANCO,01t4w00000NumkSAAR
GRIS,GRIS,01t4w00000NumkTAAR
ROSA,ROSA,01t4w00000NumkUAAR
AZUL,AZUL,01t4w00000NumkVAAR
ROSA,ROSA,01t4w00000NumkWAAR
ROSA,ROSA,01t4w00000NumkXAAR
,GRIS,01t4w00000NumkYAAR
,GRIS,01t4w00000NumkZAAR
,BLANCO,01t4w00000NumkaAAB
,GRIS,01t4w00000NumkbAAB
,BLANCO,01t4w00000NumkcAAB
,NEGRO,01t4w00000NumkdAAB
,NEGRO+ROJO,01t4w00000NumkeAAB
,BLANCO,01t4w00000NumkfAAB
,NEGRO,01t4w00000NumkgAAB
,BLANCO,01t4w00000NumkhAAB
,BEIGE,01t4w00000NumkiAAB
,BLANCO+NEGRO,01t4w00000NumkjAAB
,BLANCO+NATURAL,01t4w00000NumkkAAB
,GRIS,01t4w00000NumklAAB
,NEGRO,01t4w00000NumkmAAB
,NEGRO,01t4w00000NumknAAB
,NEGRO,01t4w00000NumkoAAB
,BLANCO,01t4w00000NumkpAAB
,BEIGE+NATURAL,01t4w00000NumkqAAB
,VARIOS,01t4w00000NumkrAAB
,BLANCO,01t4w00000NumksAAB
VARIOS,VARIOS,01t4w00000NumktAAB
VARIOS,VARIOS,01t4w00000NumkuAAB
,BLANCO,01t4w00000NumkvAAB
VARIOS,VARIOS,01t4w00000NumkwAAB
,NEGRO,01t4w00000NumkxAAB
,NEGRO+NATURAL,01t4w00000NumkyAAB
,NEGRO,01t4w00000NumkzAAB
,NEGRO,01t4w00000Numl0AAB
,NEGRO,01t4w00000Numl1AAB
,NEGRO,01t4w00000Numl2AAB
,VERDE+NATURAL,01t4w00000Numl3AAB
,GRIS,01t4w00000Numl4AAB
VARIOS,VARIOS,01t4w00000Numl5AAB
VARIOS,VARIOS,01t4w00000Numl6AAB
,GRIS+MARRON,01t4w00000Numl7AAB
,BLANCO,01t4w00000Numl8AAB
VARIOS,VARIOS,01t4w00000Numl9AAB
VARIOS,VARIOS,01t4w00000NumlAAAR
VARIOS,VARIOS,01t4w00000NumlBAAR
VARIOS,VARIOS,01t4w00000NumlCAAR
VARIOS,VARIOS,01t4w00000NumlDAAR
VARIOS,VARIOS,01t4w00000NumlEAAR
VARIOS,VARIOS,01t4w00000NumlFAAR
VARIOS,VARIOS,01t4w00000NumlGAAR
PVC& ABS,PVC& ABS,01t4w00000NumlHAAR
VARIOS,VARIOS,01t4w00000NumlIAAR
VARIOS,VARIOS,01t4w00000NumlJAAR
VARIOS,VARIOS,01t4w00000NumlKAAR
VARIOS,VARIOS,01t4w00000NumlLAAR
,NATURAL,01t4w00000NumlMAAR
,NATURAL,01t4w00000NumlNAAR
,NATURAL,01t4w00000NumlOAAR
,NATURAL,01t4w00000NumlPAAR
VARIOS,VARIOS,01t4w00000NumlQAAR
VARIOS,VARIOS,01t4w00000NumlRAAR
,NATURAL,01t4w00000NumlSAAR
VARIOS,VARIOS,01t4w00000NumlTAAR
,CHOCOLATE,01t4w00000NumlUAAR
,CHOCOLATE,01t4w00000NumlVAAR
,BLANCO,01t4w00000NumlWAAR
,CHOCOLATE,01t4w00000NumlXAAR
,NATURAL + GRIS,01t4w00000NumlYAAR
,CHOCOLATE,01t4w00000NumlZAAR
,CHOCOLATE,01t4w00000NumlaAAB
,NATURAL + GRIS,01t4w00000NumlbAAB
,NATURAL+GRIS,01t4w00000NumlcAAB
,NATURAL+GRIS,01t4w00000NumldAAB
,NATURAL + GRIS,01t4w00000NumleAAB
,BLANCO+NATURAL,01t4w00000NumlfAAB
,BLANCO,01t4w00000NumlgAAB
,BLANCO,01t4w00000NumlhAAB
BLANCA,BLANCA,01t4w00000NumliAAB
VARIOS,VARIOS,01t4w00000NumljAAB
VARIOS,VARIOS,01t4w00000NumlkAAB
VARIOS,VARIOS,01t4w00000NumllAAB
VARIOS,VARIOS,01t4w00000NumlmAAB
VARIOS,VARIOS,01t4w00000NumlnAAB
VARIOS,VARIOS,01t4w00000NumloAAB
VARIOS,VARIOS,01t4w00000NumlpAAB
VARIOS,VARIOS,01t4w00000NumlqAAB
VARIOS,VARIOS,01t4w00000NumlrAAB
VARIOS,VARIOS,01t4w00000NumlsAAB
VARIOS,VARIOS,01t4w00000NumltAAB
VARIOS,VARIOS,01t4w00000NumluAAB
VARIOS,VARIOS,01t4w00000NumlvAAB
VARIOS,VARIOS,01t4w00000NumlwAAB
VARIOS,VARIOS,01t4w00000NumlxAAB
VARIOS,VARIOS,01t4w00000NumlyAAB
VARIOS,VARIOS,01t4w00000NumlzAAB
VARIOS,VARIOS,01t4w00000Numm0AAB
VARIOS,VARIOS,01t4w00000Numm1AAB
VARIOS,VARIOS,01t4w00000Numm2AAB
VARIOS,VARIOS,01t4w00000Numm3AAB
VARIOS,VARIOS,01t4w00000Numm4AAB
VARIOS,VARIOS,01t4w00000Numm5AAB
VARIOS,VARIOS,01t4w00000Numm6AAB
VARIOS,VARIOS,01t4w00000Numm7AAB
VARIOS,VARIOS,01t4w00000Numm8AAB
VARIOS,VARIOS,01t4w00000Numm9AAB
VARIOS,VARIOS,01t4w00000NummAAAR
VARIOS,VARIOS,01t4w00000NummBAAR
VARIOS,VARIOS,01t4w00000NummCAAR
VARIOS,VARIOS,01t4w00000NummDAAR
VARIOS,VARIOS,01t4w00000NummEAAR
VARIOS,VARIOS,01t4w00000NummFAAR
VARIOS,VARIOS,01t4w00000NummGAAR
VARIOS,VARIOS,01t4w00000NummHAAR
VARIOS,VARIOS,01t4w00000NummIAAR
VARIOS,VARIOS,01t4w00000NummJAAR
,VARIOS,01t4w00000NummKAAR
,VARIOS,01t4w00000NummLAAR
,VARIOS,01t4w00000NummMAAR
,VARIOS,01t4w00000NummNAAR
,VARIOS,01t4w00000NummOAAR
,VARIOS,01t4w00000NummPAAR
,VARIOS,01t4w00000NummQAAR
,VARIOS,01t4w00000NummRAAR
,VARIOS,01t4w00000NummSAAR
,VARIOS,01t4w00000NummTAAR
,VARIOS,01t4w00000NummUAAR
,VARIOS,01t4w00000NummVAAR
,VARIOS,01t4w00000NummWAAR
,VARIOS,01t4w00000NummXAAR
,VARIOS,01t4w00000NummYAAR
,VARIOS,01t4w00000NummZAAR
,VARIOS,01t4w00000NummaAAB
,VARIOS,01t4w00000NummbAAB
,VARIOS,01t4w00000NummcAAB
,VARIOS,01t4w00000NummdAAB
,VARIOS,01t4w00000NummeAAB
,VARIOS,01t4w00000NummfAAB
MADERA,MADERA,01t4w00000NummgAAB
MADERA,MADERA,01t4w00000NummhAAB
MADERA,MADERA,01t4w00000NummiAAB
MADERA,MADERA,01t4w00000NummjAAB
MADERA,MADERA,01t4w00000NummkAAB
MADERA,MADERA,01t4w00000NummlAAB
MADERA,MADERA,01t4w00000NummmAAB
MADERA,MADERA,01t4w00000NummnAAB
MADERA,MADERA,01t4w00000NummoAAB
MADERA,MADERA,01t4w00000NummpAAB
MADERA,MADERA,01t4w00000NummqAAB
MADERA,MADERA,01t4w00000NummrAAB
VARIOS,VARIOS,01t4w00000NummsAAB
VARIOS,VARIOS,01t4w00000NummtAAB
VARIOS,VARIOS,01t4w00000NummuAAB
VARIOS,VARIOS,01t4w00000NummvAAB
VARIOS,VARIOS,01t4w00000NummwAAB
VARIOS,VARIOS,01t4w00000NummxAAB
VARIOS,VARIOS,01t4w00000NummyAAB
VARIOS,VARIOS,01t4w00000NummzAAB
BLANCO,BLANCO,01t4w00000Numn0AAB
VARIOS,VARIOS,01t4w00000Numn1AAB
VARIOS,VARIOS,01t4w00000Numn2AAB
VARIOS,VARIOS,01t4w00000Numn3AAB
VARIOS,VARIOS,01t4w00000Numn4AAB
BLANCO,BLANCO,01t4w00000Numn5AAB
BLANCO,BLANCO,01t4w00000Numn6AAB
VARIOS,VARIOS,01t4w00000Numn7AAB
CHOCOLATE + IMITACIÓN MARMOL,CHOCOLATE + IMITACIÓN MARMOL,01t4w00000Numn8AAB
CHOCOLATE + IMITACIÓN MARMOL,CHOCOLATE + IMITACIÓN MARMOL,01t4w00000Numn9AAB
NATURAL+BLANCO,NATURAL+BLANCO,01t4w00000NumnAAAR
NATURAL+BLANCO,NATURAL+BLANCO,01t4w00000NumnBAAR
VARIOS,VARIOS,01t4w00000NumnCAAR
VARIOS,VARIOS,01t4w00000NumnDAAR
VARIOS,VARIOS,01t4w00000NumnEAAR
VARIOS,VARIOS,01t4w00000NumnFAAR
NATURAL+GRIS,NATURAL+GRIS,01t4w00000NumnGAAR
VARIOS,VARIOS,01t4w00000NumnHAAR
VARIOS,VARIOS,01t4w00000NumnIAAR
NATURAL + GRIS,NATURAL + GRIS,01t4w00000NumnKAAR
VARIOS,VARIOS,01t4w00000NumnLAAR
NATURAL + GRIS,NATURAL + GRIS,01t4w00000NumnMAAR
NATURAL+NEGRO,NATURAL+NEGRO,01t4w00000NumnNAAR
VARIOS,VARIOS,01t4w00000NumnOAAR
VARIOS,VARIOS,01t4w00000NumnPAAR
NATURAL + GRIS,NATURAL + GRIS,01t4w00000NumnQAAR
VARIOS,VARIOS,01t4w00000NumnRAAR
VARIOS,VARIOS,01t4w00000NumnSAAR
VARIOS,VARIOS,01t4w00000NumnTAAR
VARIOS,VARIOS,01t4w00000NumnUAAR
VARIOS,VARIOS,01t4w00000NumnWAAR
VARIOS,VARIOS,01t4w00000NumnXAAR
VARIOS,VARIOS,01t4w00000NumnYAAR
VARIOS,VARIOS,01t4w00000NumnZAAR
VARIOS,VARIOS,01t4w00000NumnaAAB
NATURAL + GRIS,NATURAL + GRIS,01t4w00000NumnbAAB
NATURAL,NATURAL,01t4w00000NumncAAB
NATURAL,NATURAL,01t4w00000NumndAAB
NATURAL,NATURAL,01t4w00000NumneAAB
NATURAL,NATURAL,01t4w00000NumnfAAB
NATURAL,NATURAL,01t4w00000NumngAAB
NATURAL,NATURAL,01t4w00000NumnhAAB
NATURAL,NATURAL,01t4w00000NumniAAB
NATURAL,NATURAL,01t4w00000NumnjAAB
NATURAL,NATURAL,01t4w00000NumnkAAB
NATURAL,NATURAL,01t4w00000NumnlAAB
NEGRO,NEGRO,01t4w00000NumnmAAB
NATURAL,NATURAL,01t4w00000NumnnAAB
NEGRO,NEGRO,01t4w00000NumnoAAB
NATURAL,NATURAL,01t4w00000NumnpAAB
NATURAL,NATURAL,01t4w00000NumnqAAB
NEGRO,NEGRO,01t4w00000NumnrAAB
NATURAL,NATURAL,01t4w00000NumnsAAB
NATURAL,NATURAL,01t4w00000NumntAAB
NEGRO,NEGRO,01t4w00000NumnuAAB
NATURAL,NATURAL,01t4w00000NumnvAAB
NATURAL,NATURAL,01t4w00000NumnwAAB
VARIOS COLORES,VARIOS COLORES,01t4w00000NumnxAAB
NATURAL,NATURAL,01t4w00000NumnyAAB
CHOCOLATE,CHOCOLATE,01t4w00000NumnzAAB
VARIOS,VARIOS,01t4w00000Numo0AAB
VARIOS COLORES,VARIOS COLORES,01t4w00000Numo1AAB
VARIOS COLORES,VARIOS COLORES,01t4w00000Numo2AAB
VARIOS,VARIOS,01t4w00000Numo3AAB
VARIOS,VARIOS,01t4w00000Numo4AAB
VARIOS COLORES,VARIOS COLORES,01t4w00000Numo5AAB
VARIOS,VARIOS,01t4w00000Numo6AAB
VARIOS,VARIOS,01t4w00000Numo7AAB
VARIOS,VARIOS,01t4w00000Numo8AAB
VARIOS,VARIOS,01t4w00000Numo9AAB
VARIOS,VARIOS,01t4w00000NumoAAAR
VARIOS,VARIOS,01t4w00000NumoBAAR
VARIOS,VARIOS,01t4w00000NumoCAAR
,VARIOS,01t4w00000NumoDAAR
,VARIOS,01t4w00000NumoEAAR
,VARIOS,01t4w00000NumoFAAR
PLATA,PLATA,01t4w00000NumoGAAR
,VARIOS,01t4w00000NumoHAAR
,VARIOS,01t4w00000NumoIAAR
,VARIOS,01t4w00000NumoJAAR
,VARIOS,01t4w00000NumoKAAR
,VARIOS,01t4w00000NumoLAAR
VARIOS COLORES,VARIOS COLORES,01t4w00000NumoMAAR
,VARIOS,01t4w00000NumoNAAR
,VARIOS,01t4w00000NumoOAAR
,PVC& ABS,01t4w00000NumoPAAR
NEGRO+PLATA,NEGRO+PLATA,01t4w00000NumoQAAR
,VARIOS,01t4w00000NumoRAAR
,VARIOS,01t4w00000NumoSAAR
,VARIOS,01t4w00000NumoTAAR
,VARIOS,01t4w00000NumoUAAR
,VARIOS,01t4w00000NumoVAAR
,VARIOS,01t4w00000NumoWAAR
,VARIOS,01t4w00000NumoXAAR
,VARIOS,01t4w00000NumoYAAR
VARIOS,VARIOS,01t4w00000NumoZAAR
VARIOS COLORES,VARIOS COLORES,01t4w00000NumoaAAB
VARIOS COLORES,VARIOS COLORES,01t4w00000NumobAAB
VARIOS,VARIOS,01t4w00000NumocAAB
,BLANCO,01t4w00000NumodAAB
,BLANCO,01t4w00000NumoeAAB
VARIOS,VARIOS,01t4w00000NumofAAB
,BLANCO,01t4w00000NumogAAB
,CHOCOLATE + IMITACIÓN MARMOL,01t4w00000NumohAAB
,CHOCOLATE + IMITACIÓN MARMOL,01t4w00000NumoiAAB
,NATURAL + GRIS,01t4w00000NumojAAB
,VARIOS,01t4w00000NumokAAB
,VARIOS,01t4w00000NumolAAB
,NATURAL+BLANCO,01t4w00000NumomAAB
,NATURAL+BLANCO,01t4w00000NumonAAB
,NATURAL+GRIS,01t4w00000NumooAAB
,NATURAL,01t4w00000NumopAAB
,NATURAL,01t4w00000NumoqAAB
,NATURAL,01t4w00000NumorAAB
,VARIOS,01t4w00000NumosAAB
,NATURAL + GRIS,01t4w00000NumotAAB
,NATURAL+NEGRO,01t4w00000NumouAAB
,NATURAL + GRIS,01t4w00000NumovAAB
,VARIOS,01t4w00000NumowAAB
,VARIOS,01t4w00000NumoxAAB
VARIOS,VARIOS,01t4w00000NumoyAAB
,VARIOS,01t4w00000NumozAAB
,VARIOS,01t4w00000Nump0AAB
,VARIOS,01t4w00000Nump1AAB
,VARIOS,01t4w00000Nump2AAB
,VARIOS,01t4w00000Nump3AAB
,NATURAL,01t4w00000Nump4AAB
,NATURAL,01t4w00000Nump5AAB
,NATURAL,01t4w00000Nump6AAB
,VARIOS,01t4w00000Nump7AAB
,VARIOS,01t4w00000Nump8AAB
,VARIOS,01t4w00000Nump9AAB
,NATURAL,01t4w00000NumpAAAR
,NATURAL,01t4w00000NumpBAAR
,NATURAL,01t4w00000NumpCAAR
,NATURAL,01t4w00000NumpDAAR
,NATURAL,01t4w00000NumpEAAR
,NATURAL,01t4w00000NumpFAAR
,VARIOS,01t4w00000NumpGAAR
,VARIOS,01t4w00000NumpHAAR
,VARIOS,01t4w00000NumpIAAR
,VARIOS,01t4w00000NumpJAAR
,VARIOS,01t4w00000NumpKAAR
,VARIOS,01t4w00000NumpLAAR
VARIOS,VARIOS,01t4w00000NumpMAAR
,NATURAL,01t4w00000NumpNAAR
,NATURAL,01t4w00000NumpOAAR
,VARIOS,01t4w00000NumpPAAR
,NATURAL,01t4w00000NumpQAAR
,VARIOS,01t4w00000NumpRAAR
VARIOS,VARIOS,01t4w00000NumpSAAR
VARIOS,VARIOS,01t4w00000NumpTAAR
VARIOS,VARIOS,01t4w00000NumpUAAR
VARIOS,VARIOS,01t4w00000NumpVAAR
VARIOS,VARIOS,01t4w00000NumpWAAR
,NEGRO,01t4w00000NumpXAAR
,VARIOS,01t4w00000NumpYAAR
VARIOS,VARIOS,01t4w00000NumpZAAR
VARIOS,VARIOS,01t4w00000NumpaAAB
VARIOS,VARIOS,01t4w00000NumpbAAB
,VARIOS,01t4w00000NumpcAAB
VARIOS,VARIOS,01t4w00000NumpdAAB
,VARIOS,01t4w00000NumpeAAB
VARIOS,VARIOS,01t4w00000NumpfAAB
,VARIOS,01t4w00000NumpgAAB
,VARIOS,01t4w00000NumphAAB
VARIOS,VARIOS,01t4w00000NumpiAAB
,NATURAL,01t4w00000NumpjAAB
,NATURAL,01t4w00000NumpkAAB
,NATURAL,01t4w00000NumplAAB
VARIOS,VARIOS,01t4w00000NumpmAAB
,VARIOS,01t4w00000NumpnAAB
,VARIOS,01t4w00000NumpoAAB
VARIOS,VARIOS,01t4w00000NumppAAB
,VARIOS,01t4w00000NumpqAAB
,VARIOS,01t4w00000NumprAAB
VARIOS,VARIOS,01t4w00000NumpsAAB
,VARIOS,01t4w00000NumptAAB
,CHOCOLATE,01t4w00000NumpuAAB
VARIOS,VARIOS,01t4w00000NumpvAAB
,VARIOS,01t4w00000NumpwAAB
,VARIOS,01t4w00000NumpxAAB
,VARIOS,01t4w00000NumpyAAB
VARIOS,VARIOS,01t4w00000NumpzAAB
VARIOS,VARIOS,01t4w00000Numq0AAB
VARIOS,VARIOS,01t4w00000Numq1AAB
,VARIOS,01t4w00000Numq2AAB
VARIOS,VARIOS,01t4w00000Numq3AAB
VARIOS,VARIOS,01t4w00000Numq4AAB
VARIOS,VARIOS,01t4w00000Numq5AAB
VARIOS,VARIOS,01t4w00000Numq6AAB
VARIOS,VARIOS,01t4w00000Numq7AAB
VARIOS,VARIOS,01t4w00000Numq8AAB
,NATURAL + GRIS,01t4w00000Numq9AAB
,VARIOS,01t4w00000NumqAAAR
,VARIOS,01t4w00000NumqBAAR
VARIOS,VARIOS,01t4w00000NumqCAAR
,VARIOS,01t4w00000NumqDAAR
VARIOS,VARIOS,01t4w00000NumqEAAR
VARIOS,VARIOS,01t4w00000NumqFAAR
,VARIOS,01t4w00000NumqGAAR
,VARIOS,01t4w00000NumqHAAR
,VARIOS,01t4w00000NumqIAAR
,VARIOS,01t4w00000NumqJAAR
VARIOS,VARIOS,01t4w00000NumqKAAR
VARIOS,VARIOS,01t4w00000NumqLAAR
VARIOS,VARIOS,01t4w00000NumqMAAR
,VARIOS,01t4w00000NumqNAAR
VARIOS,VARIOS,01t4w00000NumqOAAR
VARIOS,VARIOS,01t4w00000NumqPAAR
,VARIOS,01t4w00000NumqQAAR
,VARIOS,01t4w00000NumqRAAR
,VARIOS,01t4w00000NumqSAAR
,VARIOS,01t4w00000NumqTAAR
,VARIOS,01t4w00000NumqUAAR
VARIOS,VARIOS,01t4w00000NumqVAAR
,VARIOS,01t4w00000NumqWAAR
,VARIOS,01t4w00000NumqXAAR
,VARIOS,01t4w00000NumqYAAR
,VARIOS,01t4w00000NumqZAAR
,VARIOS,01t4w00000NumqaAAB
,VARIOS,01t4w00000NumqbAAB
VARIOS,VARIOS,01t4w00000NumqcAAB
,VARIOS,01t4w00000NumqdAAB
,VARIOS,01t4w00000NumqeAAB
VARIOS,VARIOS,01t4w00000NumqfAAB
VARIOS,VARIOS,01t4w00000NumqgAAB
VARIOS,VARIOS,01t4w00000NumqhAAB
,VARIOS,01t4w00000NumqiAAB
,VARIOS,01t4w00000NumqjAAB
,VARIOS,01t4w00000NumqkAAB
,VARIOS,01t4w00000NumqlAAB
,VARIOS,01t4w00000NumqmAAB
,VARIOS,01t4w00000NumqnAAB
,VARIOS,01t4w00000NumqoAAB
,VARIOS,01t4w00000NumqpAAB
,VARIOS,01t4w00000NumqqAAB
,VARIOS,01t4w00000NumqrAAB
,VARIOS,01t4w00000NumqsAAB
,VARIOS,01t4w00000NumqtAAB
,VARIOS,01t4w00000NumquAAB
,VARIOS,01t4w00000NumqvAAB
,VARIOS,01t4w00000NumqwAAB
VARIOS,VARIOS,01t4w00000NumqxAAB
VARIOS,VARIOS,01t4w00000NumqyAAB
,VARIOS,01t4w00000NumqzAAB
,VARIOS,01t4w00000Numr0AAB
,VARIOS,01t4w00000Numr1AAB
,VARIOS,01t4w00000Numr2AAB
,VARIOS,01t4w00000Numr3AAB
,VARIOS,01t4w00000Numr4AAB
,VARIOS,01t4w00000Numr5AAB
,VARIOS,01t4w00000Numr6AAB
,VARIOS,01t4w00000Numr7AAB
,VARIOS,01t4w00000Numr8AAB
,VARIOS,01t4w00000Numr9AAB
,VARIOS,01t4w00000NumrAAAR
,VARIOS,01t4w00000NumrBAAR
,VARIOS,01t4w00000NumrCAAR
,VARIOS,01t4w00000NumrDAAR
,VARIOS,01t4w00000NumrEAAR
,VARIOS,01t4w00000NumrFAAR
,VARIOS,01t4w00000NumrGAAR
,VARIOS,01t4w00000NumrHAAR
,VARIOS,01t4w00000NumrIAAR
,VARIOS,01t4w00000NumrJAAR
,VARIOS,01t4w00000NumrKAAR
,VARIOS,01t4w00000NumrLAAR
,VARIOS,01t4w00000NumrMAAR
,MADERA,01t4w00000NumrNAAR
,VARIOS,01t4w00000NumrOAAR
,VARIOS,01t4w00000NumrPAAR
,VARIOS,01t4w00000NumrQAAR
,VARIOS,01t4w00000NumrRAAR
,VARIOS,01t4w00000NumrSAAR
,VARIOS,01t4w00000NumrTAAR
,VARIOS,01t4w00000NumrUAAR
,VARIOS,01t4w00000NumrVAAR
,VARIOS,01t4w00000NumrWAAR
,VARIOS,01t4w00000NumrXAAR
,VARIOS,01t4w00000NumrYAAR
,VARIOS,01t4w00000NumrZAAR
,VARIOS,01t4w00000NumraAAB
,VARIOS,01t4w00000NumrbAAB
,VARIOS,01t4w00000NumrcAAB
,VARIOS,01t4w00000NumrdAAB
,VARIOS,01t4w00000NumreAAB
,VARIOS,01t4w00000NumrfAAB
,VARIOS,01t4w00000NumrgAAB
,VARIOS,01t4w00000NumrhAAB
,VARIOS,01t4w00000NumriAAB
,VARIOS,01t4w00000NumrjAAB
,VARIOS,01t4w00000NumrkAAB
,VARIOS,01t4w00000NumrlAAB
,VARIOS,01t4w00000NumrmAAB
,VARIOS,01t4w00000NumrnAAB
,VARIOS,01t4w00000NumroAAB
,PLATA,01t4w00000NumrpAAB
,VARIOS COLORES,01t4w00000NumrqAAB
,NEGRO+PLATA,01t4w00000NumrrAAB
,VARIOS COLORES,01t4w00000NumrsAAB
,VARIOS COLORES,01t4w00000NumrtAAB
,NEGRO,01t4w00000NumruAAB
,NEGRO,01t4w00000NumrvAAB
,NEGRO,01t4w00000NumrwAAB
,VARIOS COLORES,01t4w00000NumrxAAB
,VARIOS COLORES,01t4w00000NumryAAB
,VARIOS COLORES,01t4w00000NumrzAAB
,VARIOS COLORES,01t4w00000Nums0AAB
,MORADO,01t4w00000Nums1AAB
,GRIS,01t4w00000Nums2AAB
,VARIOS,01t4w00000Nums3AAB
NATURAL,NATURAL,01t4w00000NumsEAAR
NEGRO+NATURAL,NEGRO+NATURAL,01t4w00000NumsGAAR
GRIS+NATURAL,GRIS+NATURAL,01t4w00000NumsPAAR
BEIGE+NATURAL,BEIGE+NATURAL,01t4w00000NumsQAAR
CHOCOLATE,CHOCOLATE,01t4w00000NumsVAAR
NATURAL,NATURAL,01t4w00000NumsWAAR
BLANCO+NATURAL,BLANCO+NATURAL,01t4w00000NumsXAAR
BLANCO,BLANCO,01t4w00000NumsmAAB
BLANCO,BLANCO,01t4w00000NumsnAAB
VARIOS COLORES,VARIOS COLORES,01t4w00000NumswAAB
PLATEADO,PLATEADO,01t4w00000Numt3AAB
BLANCO,BLANCO,01t4w00000NumtFAAR
NARANJA,NARANJA,01t4w00000NumtGAAR
VARIOS,VARIOS,01t4w00000NumtTAAR
VARIOS,VARIOS,01t4w00000NumtUAAR
VARIOS,VARIOS,01t4w00000NumtVAAR
VARIOS,VARIOS,01t4w00000NumtXAAR
VARIOS,VARIOS,01t4w00000NumtYAAR
VARIOS,VARIOS,01t4w00000NumtZAAR
VARIOS,VARIOS,01t4w00000NumtaAAB
VARIOS,VARIOS,01t4w00000NumtbAAB
VARIOS,VARIOS,01t4w00000NumtcAAB
VARIOS,VARIOS,01t4w00000NumtdAAB
VARIOS,VARIOS,01t4w00000NumteAAB
VARIOS,VARIOS,01t4w00000NumtfAAB
NATURAL,NATURAL,01t4w00000NumtgAAB
NATURAL+BLANCO,NATURAL+BLANCO,01t4w00000NumthAAB
NATURAL+BLANCO,NATURAL+BLANCO,01t4w00000NumtiAAB
VARIOS,VARIOS,01t4w00000NumtjAAB
NATURAL+BLANCO,NATURAL+BLANCO,01t4w00000NumtkAAB
NATURAL+BLANCO,NATURAL+BLANCO,01t4w00000NumtlAAB
NATURAL+BLANCO,NATURAL+BLANCO,01t4w00000NumtmAAB
VARIOS,VARIOS,01t4w00000NumtnAAB
VARIOS,VARIOS,01t4w00000NumtoAAB
NATURAL+BLANCO,NATURAL+BLANCO,01t4w00000NumtpAAB
VARIOS,VARIOS,01t4w00000NumtqAAB
VARIOS,VARIOS,01t4w00000NumtrAAB
NATURAL+BLANCO,NATURAL+BLANCO,01t4w00000NumtsAAB
NATURAL+BLANCO,NATURAL+BLANCO,01t4w00000NumttAAB
NATURAL+BLANCO,NATURAL+BLANCO,01t4w00000NumtuAAB
NARANJA,NARANJA,01t4w00000NumtvAAB
NARANJA,NARANJA,01t4w00000NumtwAAB
NATURAL+GRIS,NATURAL+GRIS,01t4w00000NumtxAAB
NATURAL,NATURAL,01t4w00000NumtyAAB
NATURAL,NATURAL,01t4w00000NumtzAAB
BLANCO+NEGRO,BLANCO+NEGRO,01t4w00000Numu0AAB
CHOCOLATE,CHOCOLATE,01t4w00000Numu1AAB
NATURAL,NATURAL,01t4w00000Numu2AAB
CHOCOLATE,CHOCOLATE,01t4w00000Numu3AAB
CHOCOLATE,CHOCOLATE,01t4w00000Numu4AAB
IMITACION MARMOL,IMITACION MARMOL,01t4w00000Numu5AAB
IMITACION CEMENTO,IMITACION CEMENTO,01t4w00000Numu6AAB
IMITACION CEMENTO,IMITACION CEMENTO,01t4w00000Numu7AAB
BLANCO / GRIS,BLANCO / GRIS,01t4w00000Numu8AAB
VARIOS,VARIOS,01t4w00000Numu9AAB
IMITACION MARMOL,IMITACION MARMOL,01t4w00000NumuAAAR
BLANCO+GRIS,BLANCO+GRIS,01t4w00000NumuBAAR
GRIS,GRIS,01t4w00000NumuCAAR
VARIOS,VARIOS,01t4w00000NumuDAAR
AMARILLO,AMARILLO,01t4w00000NumuEAAR
VARIOS,VARIOS,01t4w00000NumuFAAR
VARIOS,VARIOS,01t4w00000NumuGAAR
NARANJA,NARANJA,01t4w00000NumuHAAR
NARANJA,NARANJA,01t4w00000NumuIAAR
NARANJA,NARANJA,01t4w00000NumuJAAR
NARANJA,NARANJA,01t4w00000NumuKAAR
CHOCOLATE,CHOCOLATE,01t4w00000NumuLAAR
AZUL,AZUL,01t4w00000NumuMAAR
VARIOS COLORES,VARIOS COLORES,01t4w00000NumuNAAR
BLANCO,BLANCO,01t4w00000NumuOAAR
NATURAL,NATURAL,01t4w00000NumuPAAR
AZUL,AZUL,01t4w00000NumuQAAR
VARIOS COLORES,VARIOS COLORES,01t4w00000NumuRAAR
CHOCOLATE,CHOCOLATE,01t4w00000NumuSAAR
BLANCO,BLANCO,01t4w00000NumuTAAR
NEGRO,NEGRO,01t4w00000NumuUAAR
CHOCOLATE,CHOCOLATE,01t4w00000NumuVAAR
BLANCO+GRIS,BLANCO+GRIS,01t4w00000NumuWAAR
NATURAL,NATURAL,01t4w00000NumuXAAR
NATURAL,NATURAL,01t4w00000NumuYAAR
VARIOS,VARIOS,01t4w00000NumuZAAR
BLANCO,BLANCO,01t4w00000NumuaAAB
IMITACION MARMOL,IMITACION MARMOL,01t4w00000NumubAAB
NATURAL+NEGRO,NATURAL+NEGRO,01t4w00000NumucAAB
CAFÉ,CAFÉ,01t4w00000NumudAAB
CAFÉ,CAFÉ,01t4w00000NumueAAB
BLANCO+NATURAL,BLANCO+NATURAL,01t4w00000NumufAAB
NATURAL,NATURAL,01t4w00000NumugAAB
BLANCO + NEGRO,BLANCO + NEGRO,01t4w00000NumuhAAB
NATURAL,NATURAL,01t4w00000NumuiAAB
NATURAL,NATURAL,01t4w00000NumujAAB
NATURAL+NEGRO,NATURAL+NEGRO,01t4w00000NumukAAB
NATURAL+NEGRO,NATURAL+NEGRO,01t4w00000NumulAAB
NEGRO + NATURAL,NEGRO + NATURAL,01t4w00000NumumAAB
NATURAL+NEGRO,NATURAL+NEGRO,01t4w00000NumunAAB
NATURAL+NEGRO,NATURAL+NEGRO,01t4w00000NumuoAAB
NATURAL+NEGRO,NATURAL+NEGRO,01t4w00000NumupAAB
VARIOS,VARIOS,01t4w00000NumuqAAB
NATURAL+NEGRO,NATURAL+NEGRO,01t4w00000NumurAAB
NATURAL+NEGRO,NATURAL+NEGRO,01t4w00000NumusAAB
BLANCO,BLANCO,01t4w00000NumutAAB
NATURAL + NEGRO,NATURAL + NEGRO,01t4w00000NumuwAAB
,BLANCO,01t4w00000NumuxAAB
,NARANJA,01t4w00000Numv7AAB
,NARANJA,01t4w00000Numv8AAB
,AZUL,01t4w00000Numv9AAB
VARIOS,VARIOS,01t4w00000NumvAAAR
AMARILLO+BLANCO,AMARILLO+BLANCO,01t4w00000NumvBAAR
,NARANJA,01t4w00000NumvCAAR
,NARANJA,01t4w00000NumvDAAR
,NARANJA,01t4w00000NumvFAAR
,AZUL,01t4w00000NumvGAAR
NATURAL+NEGRO,NATURAL+NEGRO,01t4w00000NumvHAAR
,NARANJA,01t4w00000NumvIAAR
,NARANJA,01t4w00000NumvLAAR
NATURAL + BLANCO,NATURAL + BLANCO,01t4w00000NumvPAAR
VARIOS,VARIOS,01t4w00000NumvQAAR
VARIOS,VARIOS,01t4w00000NumvRAAR
AZUL+NEGRO,AZUL+NEGRO,01t4w00000NumvSAAR
VARIOS,VARIOS,01t4w00000NumvTAAR
VARIOS,VARIOS,01t4w00000NumvUAAR
VARIOS,VARIOS,01t4w00000NumvVAAR
GRIS,GRIS,01t4w00000NumvWAAR
AZUL+GRIS,AZUL+GRIS,01t4w00000NumvXAAR
NEGRO,NEGRO,01t4w00000NumvZAAR
,NEGRO,01t4w00000NumvaAAB
VARIOS,VARIOS,01t4w00000NumvbAAB
VARIOS,VARIOS,01t4w00000NumvcAAB
VARIOS,VARIOS,01t4w00000NumvdAAB
VARIOS,VARIOS,01t4w00000NumveAAB
,VARIOS,01t4w00000NumvfAAB
ROJO+GRIS,ROJO+GRIS,01t4w00000NumvgAAB
NEGRO,NEGRO,01t4w00000NumvhAAB
GRIS,GRIS,01t4w00000NumviAAB
VARIOS,VARIOS,01t4w00000NumvjAAB
BEIGE,BEIGE,01t4w00000NumvkAAB
,BEIGE,01t4w00000NumvlAAB
,NATURAL,01t4w00000NumvmAAB
,CHOCOLATE,01t4w00000NumvnAAB
,NATURAL+BLANCO,01t4w00000NumvoAAB
,NEGRO+NATURAL,01t4w00000NumvpAAB
NEGRO,NEGRO,01t4w00000NumvqAAB
ROJO+NEGRO,ROJO+NEGRO,01t4w00000NumvrAAB
,GRIS+NATURAL,01t4w00000NumvsAAB
,BLANCO+NATURAL,01t4w00000NumvtAAB
,NATURAL+BLANCO,01t4w00000NumvuAAB
,BEIGE+NATURAL,01t4w00000NumvvAAB
,NATURAL,01t4w00000NumvwAAB
,IMITACION CEMENTO,01t4w00000NumvxAAB
,VARIOS,01t4w00000NumvyAAB
VARIOS,VARIOS,01t4w00000NumvzAAB
VARIOS,VARIOS,01t4w00000Numw0AAB
,NATURAL,01t4w00000Numw1AAB
,NATURAL+BLANCO,01t4w00000Numw2AAB
,NATURAL+BLANCO,01t4w00000Numw3AAB
,NATURAL+GRIS,01t4w00000Numw4AAB
,BLANCO+NEGRO,01t4w00000Numw5AAB
NEGRO+NARANJA,NEGRO+NARANJA,01t4w00000Numw7AAB
,NATURAL+GRIS,01t4w00000Numw8AAB
,ROSA,01t4w00000Numw9AAB
,NATURAL,01t4w00000NumwAAAR
,NATURAL+BLANCO,01t4w00000NumwBAAR
,BLANCO,01t4w00000NumwCAAR
,BLANCO,01t4w00000NumwDAAR
,NATURAL+BLANCO,01t4w00000NumwEAAR
,CHOCOLATE,01t4w00000NumwFAAR
GRIS,GRIS,01t4w00000NumwGAAR
,ROSA,01t4w00000NumwHAAR
,AZUL,01t4w00000NumwIAAR
,ROSA,01t4w00000NumwJAAR
,ROSA,01t4w00000NumwKAAR
,NATURAL+BLANCO,01t4w00000NumwLAAR
,CHOCOLATE,01t4w00000NumwMAAR
,CHOCOLATE,01t4w00000NumwNAAR
,IMITACION MARMOL,01t4w00000NumwOAAR
VARIOS,VARIOS,01t4w00000NumwPAAR
VARIOS,VARIOS,01t4w00000NumwQAAR
VARIOS,VARIOS,01t4w00000NumwRAAR
VARIOS,VARIOS,01t4w00000NumwSAAR
NEGRO,NEGRO,01t4w00000NumwTAAR
,NATURAL,01t4w00000NumwUAAR
,NATURAL,01t4w00000NumwVAAR
,IMITACION CEMENTO,01t4w00000NumwWAAR
,BLANCO / GRIS,01t4w00000NumwXAAR
,VARIOS,01t4w00000NumwYAAR
,VARIOS COLORES,01t4w00000NumwZAAR
,PLATEADO,01t4w00000NumwaAAB
VARIOS,VARIOS,01t4w00000NumwbAAB
VARIOS,VARIOS,01t4w00000NumwcAAB
ROSA+GRIS,ROSA+GRIS,01t4w00000NumwdAAB
,CAFÉ,01t4w00000NumweAAB
,NEGRO + NATURAL,01t4w00000NumwfAAB
,CAFÉ,01t4w00000NumwgAAB
,BLANCO + NEGRO,01t4w00000NumwhAAB
,NATURAL,01t4w00000NumwiAAB
,NATURAL+NEGRO,01t4w00000NumwjAAB
VARIOS,VARIOS,01t4w00000NumwkAAB
,IMITACION MARMOL,01t4w00000NumwlAAB
,BLANCO+GRIS,01t4w00000NumwmAAB
,VARIOS,01t4w00000NumwnAAB
,NATURAL+NEGRO,01t4w00000NumwoAAB
,NATURAL + NEGRO,01t4w00000NumwpAAB
,NATURAL + BLANCO,01t4w00000NumwqAAB
,AMARILLO,01t4w00000NumwrAAB
,GRIS,01t4w00000NumwsAAB
,VARIOS,01t4w00000NumwtAAB
VARIOS,VARIOS,01t4w00000NumwuAAB
,CHOCOLATE,01t4w00000NumwvAAB
,NATURAL,01t4w00000NumwwAAB
,BLANCO,01t4w00000NumwxAAB
VARIOS,VARIOS,01t4w00000NumwyAAB
,CHOCOLATE,01t4w00000NumwzAAB
,CHOCOLATE,01t4w00000Numx0AAB
,NATURAL,01t4w00000Numx1AAB
,MADERA,01t4w00000Numx2AAB
,BLANCO+GRIS,01t4w00000Numx3AAB
VARIOS COLORES,VARIOS COLORES,01t4w00000Numx4AAB
,MADERA,01t4w00000Numx5AAB
,NATURAL,01t4w00000Numx6AAB
,MADERA,01t4w00000Numx7AAB
,NEGRO,01t4w00000Numx8AAB
,MADERA,01t4w00000Numx9AAB
,BLANCO,01t4w00000NumxAAAR
,BLANCO+NATURAL,01t4w00000NumxBAAR
,IMITACION MARMOL,01t4w00000NumxCAAR
,VARIOS,01t4w00000NumxDAAR
,NATURAL,01t4w00000NumxEAAR
,NATURAL+NEGRO,01t4w00000NumxFAAR
,NATURAL,01t4w00000NumxGAAR
,NATURAL+NEGRO,01t4w00000NumxHAAR
,NATURAL+NEGRO,01t4w00000NumxIAAR
,NATURAL+NEGRO,01t4w00000NumxJAAR
,NATURAL+NEGRO,01t4w00000NumxKAAR
,BLANCO,01t4w00000NumxLAAR
VARIOS,VARIOS,01t4w00000NumxMAAR
,VARIOS,01t4w00000NumxNAAR
,AMARILLO+BLANCO,01t4w00000NumxOAAR
,MADERA,01t4w00000NumxPAAR
,MADERA,01t4w00000NumxQAAR
,MADERA,01t4w00000NumxRAAR
,MADERA,01t4w00000NumxSAAR
,MADERA,01t4w00000NumxTAAR
,MADERA,01t4w00000NumxUAAR
,BLANCO,01t4w00000NumxVAAR
,MADERA,01t4w00000NumxWAAR
VARIOS,VARIOS,01t4w00000NumxXAAR
VARIOS,VARIOS,01t4w00000NumxYAAR
VARIOS,VARIOS,01t4w00000NumxZAAR
VARIOS,VARIOS,01t4w00000NumxaAAB
VARIOS,VARIOS,01t4w00000NumxbAAB
VARIOS,VARIOS,01t4w00000NumxcAAB
VARIOS,VARIOS,01t4w00000NumxdAAB
VARIOS,VARIOS,01t4w00000NumxeAAB
VARIOS,VARIOS,01t4w00000NumxfAAB
VARIOS,VARIOS,01t4w00000NumxgAAB
VARIOS,VARIOS,01t4w00000NumxhAAB
VARIOS,VARIOS,01t4w00000NumxiAAB
VARIOS,VARIOS,01t4w00000NumxjAAB
VARIOS,VARIOS,01t4w00000NumxkAAB
VARIOS,VARIOS,01t4w00000NumxlAAB
VARIOS,VARIOS,01t4w00000NumxmAAB
VARIOS,VARIOS,01t4w00000NumxnAAB
VARIOS,VARIOS,01t4w00000NumxoAAB
VARIOS,VARIOS,01t4w00000NumxpAAB
VARIOS,VARIOS,01t4w00000NumxqAAB
VARIOS COLORES,VARIOS COLORES,01t4w00000NumxrAAB
VARIOS COLORES,VARIOS COLORES,01t4w00000NumxsAAB
VARIOS COLORES,VARIOS COLORES,01t4w00000NumxtAAB
VARIOS COLORES,VARIOS COLORES,01t4w00000NumxuAAB
VARIOS,VARIOS,01t4w00000NumxvAAB
VARIOS,VARIOS,01t4w00000NumxwAAB
VARIOS,VARIOS,01t4w00000NumxxAAB
VARIOS,VARIOS,01t4w00000NumxyAAB
VARIOS COLORES,VARIOS COLORES,01t4w00000NumxzAAB
VARIOS,VARIOS,01t4w00000Numy0AAB
VARIOS,VARIOS,01t4w00000Numy1AAB
VARIOS,VARIOS,01t4w00000Numy2AAB
VARIOS,VARIOS,01t4w00000Numy3AAB
VARIOS,VARIOS,01t4w00000Numy4AAB
NATURAL+NEGRO,NATURAL+NEGRO,01t4w00000Numy5AAB
NATURAL+NEGRO,NATURAL+NEGRO,01t4w00000Numy6AAB
NATURAL,NATURAL,01t4w00000Numy7AAB
NATURAL+NEGRO,NATURAL+NEGRO,01t4w00000Numy8AAB
NATURAL+NEGRO,NATURAL+NEGRO,01t4w00000Numy9AAB
NATURAL+NEGRO,NATURAL+NEGRO,01t4w00000NumyAAAR
NATURAL,NATURAL,01t4w00000NumyBAAR
NATURAL,NATURAL,01t4w00000NumyCAAR
NATURAL,NATURAL,01t4w00000NumyDAAR
NATURAL,NATURAL,01t4w00000NumyEAAR
NATURAL,NATURAL,01t4w00000NumyFAAR
NEGRO,NEGRO,01t4w00000NumyGAAR
NEGRO,NEGRO,01t4w00000NumyHAAR
NATURAL,NATURAL,01t4w00000NumyIAAR
NEGRO,NEGRO,01t4w00000NumyJAAR
NEGRO,NEGRO,01t4w00000NumyKAAR
NATURAL+NEGRO,NATURAL+NEGRO,01t4w00000NumyLAAR
NATURAL,NATURAL,01t4w00000NumyMAAR
NATURAL+NEGRO,NATURAL+NEGRO,01t4w00000NumyNAAR
NATURAL,NATURAL,01t4w00000NumyOAAR
NATURAL+NEGRO,NATURAL+NEGRO,01t4w00000NumyPAAR
NATURAL + BLANCO,NATURAL + BLANCO,01t4w00000NumyQAAR
NATURAL + BLANCO,NATURAL + BLANCO,01t4w00000NumyRAAR
NATURAL,NATURAL,01t4w00000NumySAAR
NATURAL,NATURAL,01t4w00000NumyTAAR
NATURAL+NEGRO,NATURAL+NEGRO,01t4w00000NumyUAAR
NATURAL+NEGRO,NATURAL+NEGRO,01t4w00000NumyVAAR
NATURAL,NATURAL,01t4w00000NumyWAAR
CAFE+NEGRO,CAFE+NEGRO,01t4w00000NumyXAAR
CAFE+NEGRO,CAFE+NEGRO,01t4w00000NumyYAAR
CAFE+NEGRO,CAFE+NEGRO,01t4w00000NumyZAAR
CAFE+NEGRO,CAFE+NEGRO,01t4w00000NumyaAAB
CAFE+NEGRO,CAFE+NEGRO,01t4w00000NumybAAB
GRIS+NEGRO,GRIS+NEGRO,01t4w00000NumycAAB
CAFE+NEGRO,CAFE+NEGRO,01t4w00000NumydAAB
NATURAL+NEGRO,NATURAL+NEGRO,01t4w00000NumyeAAB
NATURAL+NEGRO,NATURAL+NEGRO,01t4w00000NumyfAAB
NATURAL+NEGRO,NATURAL+NEGRO,01t4w00000NumygAAB
GRIS+NEGRO,GRIS+NEGRO,01t4w00000NumyhAAB
NATURAL+NEGRO,NATURAL+NEGRO,01t4w00000NumyiAAB
IMITACION CEMENTO,IMITACION CEMENTO,01t4w00000NumyjAAB
IMITACIÓN CEMENTO,IMITACIÓN CEMENTO,01t4w00000NumykAAB
CAFE+NEGRO,CAFE+NEGRO,01t4w00000NumylAAB
NATURAL+NEGRO,NATURAL+NEGRO,01t4w00000NumymAAB
GRIS+NEGRO,GRIS+NEGRO,01t4w00000NumynAAB
GRIS+NEGRO,GRIS+NEGRO,01t4w00000NumyoAAB
CAFE+NEGRO,CAFE+NEGRO,01t4w00000NumypAAB
CAFE+NEGRO,CAFE+NEGRO,01t4w00000NumyqAAB
NATURAL+NEGRO,NATURAL+NEGRO,01t4w00000NumyrAAB
NATURAL+NEGRO,NATURAL+NEGRO,01t4w00000NumysAAB
CAFE+NEGRO,CAFE+NEGRO,01t4w00000NumytAAB
GOLD,GOLD,01t4w00000NumyuAAB
BLANCO+NEGRO,BLANCO+NEGRO,01t4w00000NumyvAAB
NATURAL+NEGRO,NATURAL+NEGRO,01t4w00000NumywAAB
BLANCO+NEGRO,BLANCO+NEGRO,01t4w00000NumyxAAB
BLANCO+NEGRO,BLANCO+NEGRO,01t4w00000NumyyAAB
BLANCO+NEGRO,BLANCO+NEGRO,01t4w00000NumyzAAB
BLANCO,BLANCO,01t4w00000Numz0AAB
BLANCO+NEGRO,BLANCO+NEGRO,01t4w00000Numz1AAB
IMITACION MARMOL,IMITACION MARMOL,01t4w00000Numz2AAB
BLANCO,BLANCO,01t4w00000Numz3AAB
BLANCO,BLANCO,01t4w00000Numz4AAB
CHOCOLATE,CHOCOLATE,01t4w00000Numz5AAB
VARIOS,VARIOS,01t4w00000Numz6AAB
GRIS,GRIS,01t4w00000Numz7AAB
BLANCO,BLANCO,01t4w00000Numz8AAB
VARIOS,VARIOS,01t4w00000Numz9AAB
VARIOS,VARIOS,01t4w00000NumzAAAR
MARRON,MARRON,01t4w00000NumzBAAR
NATURAL,NATURAL,01t4w00000NumzCAAR
NATURAL+NEGRO,NATURAL+NEGRO,01t4w00000NumzDAAR
NATURAL+NEGRO,NATURAL+NEGRO,01t4w00000NumzEAAR
NATURAL+NEGRO,NATURAL+NEGRO,01t4w00000NumzFAAR
NATURAL+NEGRO,NATURAL+NEGRO,01t4w00000NumzGAAR
NATURAL+NEGRO,NATURAL+NEGRO,01t4w00000NumzHAAR
BLANCO,BLANCO,01t4w00000NumzIAAR
VARIOS,VARIOS,01t4w00000NumzJAAR
VARIOS,VARIOS,01t4w00000NumzKAAR
VARIOS,VARIOS,01t4w00000NumzLAAR
VARIOS,VARIOS,01t4w00000NumzMAAR
VARIOS,VARIOS,01t4w00000NumzNAAR
VARIOS,VARIOS,01t4w00000NumzOAAR
VARIOS,VARIOS,01t4w00000NumzPAAR
VARIOS,VARIOS,01t4w00000NumzQAAR
VARIOS,VARIOS,01t4w00000NumzRAAR
BLANCO,BLANCO,01t4w00000NumzSAAR
VARIOS,VARIOS,01t4w00000NumzTAAR
VARIOS,VARIOS,01t4w00000NumzUAAR
NATURAL,NATURAL,01t4w00000NumzVAAR
NATURAL,NATURAL,01t4w00000NumzWAAR
VARIOS,VARIOS,01t4w00000NumzXAAR
VARIOS,VARIOS,01t4w00000NumzYAAR
VARIOS,VARIOS,01t4w00000NumzZAAR
VARIOS,VARIOS,01t4w00000NumzaAAB
VARIOS,VARIOS,01t4w00000NumzbAAB
VARIOS,VARIOS,01t4w00000NumzcAAB
VARIOS,VARIOS,01t4w00000NumzdAAB
VARIOS,VARIOS,01t4w00000NumzeAAB
VARIOS,VARIOS,01t4w00000NumzfAAB
VARIOS,VARIOS,01t4w00000NumzgAAB
ROSA,ROSA,01t4w00000NumzhAAB
CHOCOLATE,CHOCOLATE,01t4w00000NumziAAB
VARIOS,VARIOS,01t4w00000NumzjAAB
CHOCOLATE,CHOCOLATE,01t4w00000NumzkAAB
VARIOS,VARIOS,01t4w00000NumzlAAB
VARIOS,VARIOS,01t4w00000NumzmAAB
NATURAL,NATURAL,01t4w00000NumznAAB
NATURAL,NATURAL,01t4w00000NumzoAAB
CHOCOLATE,CHOCOLATE,01t4w00000NumzpAAB
VARIOS,VARIOS,01t4w00000NumzqAAB
VARIOS,VARIOS,01t4w00000NumzrAAB
VARIOS,VARIOS,01t4w00000NumzsAAB
BLANCO,BLANCO,01t4w00000NumztAAB
BLANCO,BLANCO,01t4w00000NumzuAAB
NATURAL,NATURAL,01t4w00000NumzvAAB
VARIOS,VARIOS,01t4w00000NumzwAAB
CHOCOLATE,CHOCOLATE,01t4w00000NumzxAAB
VARIOS,VARIOS,01t4w00000NumzyAAB
VARIOS,VARIOS,01t4w00000NumzzAAB
BLANCO,BLANCO,01t4w00000Nun00AAB
NATURAL,NATURAL,01t4w00000Nun01AAB
NATURAL,NATURAL,01t4w00000Nun02AAB
BLANCO,BLANCO,01t4w00000Nun03AAB
VARIOS,VARIOS,01t4w00000Nun04AAB
VARIOS,VARIOS,01t4w00000Nun05AAB
VARIOS,VARIOS,01t4w00000Nun06AAB
VARIOS,VARIOS,01t4w00000Nun07AAB
CHOCOLATE,CHOCOLATE,01t4w00000Nun08AAB
CHOCOLATE,CHOCOLATE,01t4w00000Nun09AAB
CHOCOLATE,CHOCOLATE,01t4w00000Nun0AAAR
PLATEADO,PLATEADO,01t4w00000Nun0BAAR
,GRIS,01t4w00000Nun0CAAR
,ROSA+GRIS,01t4w00000Nun0DAAR
,NEGRO,01t4w00000Nun0EAAR
,ROJO+GRIS,01t4w00000Nun0FAAR
,AZUL+GRIS,01t4w00000Nun0GAAR
,ROJO+NEGRO,01t4w00000Nun0HAAR
,GRIS,01t4w00000Nun0IAAR
,GRIS,01t4w00000Nun0JAAR
,NEGRO+NARANJA,01t4w00000Nun0KAAR
,NEGRO,01t4w00000Nun0LAAR
,AZUL+NEGRO,01t4w00000Nun0MAAR
,BLANCO,01t4w00000Nun0NAAR
CHOCOLATE,CHOCOLATE,01t4w00000Nun0OAAR
,VARIOS COLORES,01t4w00000Nun0PAAR
,VARIOS COLORES,01t4w00000Nun0QAAR
BLANCO,BLANCO,01t4w00000Nun0RAAR
,VARIOS COLORES,01t4w00000Nun0SAAR
,VARIOS COLORES,01t4w00000Nun0TAAR
,VARIOS COLORES,01t4w00000Nun0UAAR
,VARIOS,01t4w00000Nun0VAAR
,VARIOS,01t4w00000Nun0WAAR
BLANCO,BLANCO,01t4w00000Nun0XAAR
,VARIOS,01t4w00000Nun0YAAR
,VARIOS,01t4w00000Nun0ZAAR
,VARIOS,01t4w00000Nun0aAAB
,VARIOS,01t4w00000Nun0bAAB
,VARIOS,01t4w00000Nun0cAAB
,VARIOS,01t4w00000Nun0dAAB
,VARIOS,01t4w00000Nun0eAAB
,VARIOS,01t4w00000Nun0fAAB
,VARIOS,01t4w00000Nun0gAAB
,VARIOS COLORES,01t4w00000Nun0hAAB
,VARIOS COLORES,01t4w00000Nun0iAAB
,VARIOS,01t4w00000Nun0jAAB
,VARIOS,01t4w00000Nun0kAAB
BLANCO,BLANCO,01t4w00000Nun0lAAB
,VARIOS,01t4w00000Nun0mAAB
,VARIOS,01t4w00000Nun0nAAB
,VARIOS,01t4w00000Nun0oAAB
BLANCO,BLANCO,01t4w00000Nun0pAAB
BLANCO + NATURAL,BLANCO + NATURAL,01t4w00000Nun0qAAB
,VARIOS,01t4w00000Nun0rAAB
,VARIOS,01t4w00000Nun0sAAB
,VARIOS,01t4w00000Nun0tAAB
,VARIOS,01t4w00000Nun0uAAB
,VARIOS,01t4w00000Nun0vAAB
,VARIOS,01t4w00000Nun0wAAB
,VARIOS,01t4w00000Nun0xAAB
,VARIOS,01t4w00000Nun0yAAB
,VARIOS,01t4w00000Nun0zAAB
BLANCO + AZUL + NATURAL,BLANCO + AZUL + NATURAL,01t4w00000Nun10AAB
,VARIOS,01t4w00000Nun11AAB
,VARIOS,01t4w00000Nun12AAB
,VARIOS,01t4w00000Nun13AAB
,VARIOS,01t4w00000Nun14AAB
,VARIOS,01t4w00000Nun15AAB
BLANCO + NATURAL,BLANCO + NATURAL,01t4w00000Nun16AAB
BLANCO + CHOCOLATE + NATURAL,BLANCO + CHOCOLATE + NATURAL,01t4w00000Nun17AAB
,VARIOS,01t4w00000Nun18AAB
,VARIOS,01t4w00000Nun19AAB
,VARIOS,01t4w00000Nun1AAAR
,VARIOS,01t4w00000Nun1BAAR
BLANCO + NATURAL,BLANCO + NATURAL,01t4w00000Nun1CAAR
TURQUESA,TURQUESA,01t4w00000Nun1DAAR
BLANCO + NATURAL,BLANCO + NATURAL,01t4w00000Nun1EAAR
,VARIOS,01t4w00000Nun1FAAR
,VARIOS,01t4w00000Nun1GAAR
,VARIOS,01t4w00000Nun1HAAR
,VARIOS,01t4w00000Nun1IAAR
,VARIOS,01t4w00000Nun1JAAR
,VARIOS,01t4w00000Nun1KAAR
,VARIOS,01t4w00000Nun1LAAR
NEGRO + BLANCO,NEGRO + BLANCO,01t4w00000Nun1MAAR
BLANCO,BLANCO,01t4w00000Nun1NAAR
NATURAL & GRIS,NATURAL & GRIS,01t4w00000Nun1OAAR
,VARIOS,01t4w00000Nun1PAAR
,VARIOS,01t4w00000Nun1QAAR
,VARIOS,01t4w00000Nun1RAAR
,VARIOS,01t4w00000Nun1SAAR
,VARIOS,01t4w00000Nun1TAAR
,VARIOS,01t4w00000Nun1UAAR
,VARIOS,01t4w00000Nun1VAAR
VARIOS COLORES + NATURAL,VARIOS COLORES + NATURAL,01t4w00000Nun1WAAR
,VARIOS,01t4w00000Nun1XAAR
BLANCO + CAFE + NATURAL,BLANCO + CAFE + NATURAL,01t4w00000Nun1YAAR
BLANCO + NEGRO,BLANCO + NEGRO,01t4w00000Nun1ZAAR
,VARIOS,01t4w00000Nun1aAAB
,VARIOS,01t4w00000Nun1bAAB
BLANCO + NATURAL,BLANCO + NATURAL,01t4w00000Nun1cAAB
BLANCO + NATURAL,BLANCO + NATURAL,01t4w00000Nun1dAAB
BLANCO + NATURAL,BLANCO + NATURAL,01t4w00000Nun1eAAB
BLANCO + NATURAL,BLANCO + NATURAL,01t4w00000Nun1fAAB
BLANCO + NATURAL,BLANCO + NATURAL,01t4w00000Nun1gAAB
BLANCO + NATURAL,BLANCO + NATURAL,01t4w00000Nun1hAAB
NATURAL + BLANCO,NATURAL + BLANCO,01t4w00000Nun1iAAB
NATURAL,NATURAL,01t4w00000Nun1jAAB
METAL,METAL,01t4w00000Nun1kAAB
BLANCO + NATURAL,BLANCO + NATURAL,01t4w00000Nun1lAAB
NATURAL + BLANCO,NATURAL + BLANCO,01t4w00000Nun1mAAB
BLANCO + NATURAL,BLANCO + NATURAL,01t4w00000Nun1nAAB
BLANCO + NATURAL,BLANCO + NATURAL,01t4w00000Nun1oAAB
METAL,METAL,01t4w00000Nun1pAAB
METAL,METAL,01t4w00000Nun1qAAB
METAL,METAL,01t4w00000Nun1rAAB
NATURAL,NATURAL,01t4w00000Nun1sAAB
BLANCO + NATURAL,BLANCO + NATURAL,01t4w00000Nun1tAAB
NATURAL,NATURAL,01t4w00000Nun1uAAB
MULTICOLOR,MULTICOLOR,01t4w00000Nun1vAAB
NATURAL,NATURAL,01t4w00000Nun1wAAB
METAL,METAL,01t4w00000Nun1xAAB
METAL,METAL,01t4w00000Nun1yAAB
,MARRON,01t4w00000Nun1zAAB
,NATURAL,01t4w00000Nun20AAB
NATURAL + NEGRO,NATURAL + NEGRO,01t4w00000Nun21AAB
,NATURAL+NEGRO,01t4w00000Nun22AAB
METAL,METAL,01t4w00000Nun23AAB
NATURAL + NEGRO,NATURAL + NEGRO,01t4w00000Nun24AAB
NATURAL + BLANCO,NATURAL + BLANCO,01t4w00000Nun25AAB
BLANCO+NATURAL,BLANCO+NATURAL,01t4w00000Nun26AAB
NATURAL + NEGRO,NATURAL + NEGRO,01t4w00000Nun27AAB
NATURAL + BLANCA,NATURAL + BLANCA,01t4w00000Nun28AAB
NATURAL,NATURAL,01t4w00000Nun29AAB
NATURAL,NATURAL,01t4w00000Nun2AAAR
NATURAL,NATURAL,01t4w00000Nun2BAAR
NATURAL + BLANCO,NATURAL + BLANCO,01t4w00000Nun2CAAR
NATURAL + CAFÉ,NATURAL + CAFÉ,01t4w00000Nun2DAAR
CHOCOLATE,CHOCOLATE,01t4w00000Nun2EAAR
NEGRO+NATURAL,NEGRO+NATURAL,01t4w00000Nun2FAAR
NATURAL+NEGRO,NATURAL+NEGRO,01t4w00000Nun2GAAR
GRIS,GRIS,01t4w00000Nun2HAAR
,NATURAL+NEGRO,01t4w00000Nun2IAAR
,VARIOS,01t4w00000Nun2JAAR
,NATURAL+NEGRO,01t4w00000Nun2KAAR
GRIS,GRIS,01t4w00000Nun2LAAR
,NATURAL+NEGRO,01t4w00000Nun2MAAR
,NATURAL+NEGRO,01t4w00000Nun2NAAR
,BLANCO,01t4w00000Nun2OAAR
,VARIOS,01t4w00000Nun2PAAR
NEGRO,NEGRO,01t4w00000Nun2QAAR
,VARIOS,01t4w00000Nun2RAAR
,VARIOS,01t4w00000Nun2SAAR
,VARIOS,01t4w00000Nun2TAAR
,VARIOS,01t4w00000Nun2UAAR
,VARIOS,01t4w00000Nun2VAAR
,VARIOS,01t4w00000Nun2WAAR
CAFE,CAFE,01t4w00000Nun2XAAR
,VARIOS,01t4w00000Nun2YAAR
,VARIOS,01t4w00000Nun2ZAAR
,VARIOS,01t4w00000Nun2aAAB
,VARIOS,01t4w00000Nun2bAAB
,NATURAL,01t4w00000Nun2cAAB
,VARIOS,01t4w00000Nun2dAAB
,BLANCO,01t4w00000Nun2eAAB
,NATURAL,01t4w00000Nun2fAAB
,BLANCO,01t4w00000Nun2gAAB
,NATURAL,01t4w00000Nun2hAAB
,ROSA,01t4w00000Nun2iAAB
,VARIOS,01t4w00000Nun2jAAB
,BLANCO,01t4w00000Nun2kAAB
,NATURAL,01t4w00000Nun2lAAB
,VARIOS,01t4w00000Nun2mAAB
,CHOCOLATE,01t4w00000Nun2nAAB
,CHOCOLATE,01t4w00000Nun2oAAB
,NATURAL,01t4w00000Nun2pAAB
,CHOCOLATE,01t4w00000Nun2qAAB
,VARIOS,01t4w00000Nun2rAAB
,NATURAL,01t4w00000Nun2sAAB
,VARIOS,01t4w00000Nun2tAAB
,CHOCOLATE,01t4w00000Nun2uAAB
,VARIOS,01t4w00000Nun2vAAB
,BLANCO,01t4w00000Nun2wAAB
,NATURAL,01t4w00000Nun2xAAB
,VARIOS,01t4w00000Nun2yAAB
,BLANCO,01t4w00000Nun2zAAB
NEGRO,NEGRO,01t4w00000Nun30AAB
NEGRO+ROJO,NEGRO+ROJO,01t4w00000Nun31AAB
VARIOS,VARIOS,01t4w00000Nun32AAB
VARIOS,VARIOS,01t4w00000Nun33AAB
NEGRO Y ROJO,NEGRO Y ROJO,01t4w00000Nun34AAB
NEGRO,NEGRO,01t4w00000Nun35AAB
NEGRO,NEGRO,01t4w00000Nun36AAB
,VARIOS,01t4w00000Nun37AAB
,VARIOS,01t4w00000Nun38AAB
,VARIOS,01t4w00000Nun39AAB
NEGRO,NEGRO,01t4w00000Nun3AAAR
,METAL,01t4w00000Nun3BAAR
,METAL,01t4w00000Nun3CAAR
,METAL,01t4w00000Nun3DAAR
GRIS,GRIS,01t4w00000Nun3EAAR
,VARIOS,01t4w00000Nun3FAAR
NEGRO,NEGRO,01t4w00000Nun3GAAR
NEGRO,NEGRO,01t4w00000Nun3HAAR
,NATURAL+NEGRO,01t4w00000Nun3IAAR
"NEGRO, NATURAL","NEGRO, NATURAL",01t4w00000Nun3JAAR
,MULTICOLOR,01t4w00000Nun3KAAR
,NATURAL+NEGRO,01t4w00000Nun3LAAR
NEGRO,NEGRO,01t4w00000Nun3MAAR
,METAL,01t4w00000Nun3NAAR
,METAL,01t4w00000Nun3OAAR
,METAL,01t4w00000Nun3PAAR
"NEGRO, GRIS","NEGRO, GRIS",01t4w00000Nun3QAAR
"NEGRO, GRIS","NEGRO, GRIS",01t4w00000Nun3RAAR
,METAL,01t4w00000Nun3SAAR
NEGRO,NEGRO,01t4w00000Nun3TAAR
NEGRO,NEGRO,01t4w00000Nun3UAAR
NEGRO,NEGRO,01t4w00000Nun3VAAR
MARRON,MARRON,01t4w00000Nun3WAAR
NEGRO,NEGRO,01t4w00000Nun3XAAR
NEGRO,NEGRO,01t4w00000Nun3YAAR
GRIS,GRIS,01t4w00000Nun3ZAAR
AMARILLO,AMARILLO,01t4w00000Nun3aAAB
,NATURAL+NEGRO,01t4w00000Nun3cAAB
,NATURAL+NEGRO,01t4w00000Nun3dAAB
,NEGRO,01t4w00000Nun3eAAB
GRIS,GRIS,01t4w00000Nun3fAAB
NEGRO,NEGRO,01t4w00000Nun3gAAB
NEGRO,NEGRO,01t4w00000Nun3hAAB
,NATURAL+NEGRO,01t4w00000Nun3iAAB
,GRIS,01t4w00000Nun3jAAB
,NATURAL,01t4w00000Nun3kAAB
,NEGRO,01t4w00000Nun3lAAB
,NATURAL,01t4w00000Nun3mAAB
,NATURAL,01t4w00000Nun3nAAB
PLATA,PLATA,01t4w00000Nun3oAAB
,NATURAL,01t4w00000Nun3pAAB
,NEGRO,01t4w00000Nun3qAAB
,NATURAL+NEGRO,01t4w00000Nun3rAAB
,NATURAL,01t4w00000Nun3sAAB
,NATURAL,01t4w00000Nun3tAAB
,CAFE,01t4w00000Nun3uAAB
PLATA+NEGRO,PLATA+NEGRO,01t4w00000Nun3vAAB
CROMADO+NEGRO,CROMADO+NEGRO,01t4w00000Nun3wAAB
,NATURAL,01t4w00000Nun3xAAB
,NEGRO,01t4w00000Nun3yAAB
MARRON,MARRON,01t4w00000Nun3zAAB
NATURAL,NATURAL,01t4w00000Nun41AAB
,NEGRO,01t4w00000Nun43AAB
,NATURAL,01t4w00000Nun44AAB
,NATURAL,01t4w00000Nun45AAB
,NATURAL + BLANCO,01t4w00000Nun46AAB
,NATURAL + BLANCO,01t4w00000Nun47AAB
,NATURAL+NEGRO,01t4w00000Nun48AAB
NATURAL,NATURAL,01t4w00000Nun4AAAR
NATURAL,NATURAL,01t4w00000Nun4BAAR
,NATURAL,01t4w00000Nun4CAAR
NATURAL,NATURAL,01t4w00000Nun4DAAR
NATURAL,NATURAL,01t4w00000Nun4EAAR
,NATURAL,01t4w00000Nun4FAAR
,NATURAL+NEGRO,01t4w00000Nun4GAAR
,NATURAL+NEGRO,01t4w00000Nun4HAAR
,NATURAL+NEGRO,01t4w00000Nun4IAAR
,NATURAL,01t4w00000Nun4JAAR
AZUL+NATURAL,AZUL+NATURAL,01t4w00000Nun4KAAR
,CAFE+NEGRO,01t4w00000Nun4LAAR
,CAFE+NEGRO,01t4w00000Nun4MAAR
,CAFE+NEGRO,01t4w00000Nun4NAAR
GRIS+NEGRO,GRIS+NEGRO,01t4w00000Nun4OAAR
NATURAL+NEGRO,NATURAL+NEGRO,01t4w00000Nun4PAAR
NEGRO+GRIS,NEGRO+GRIS,01t4w00000Nun4QAAR
AZUL+NEGRO,AZUL+NEGRO,01t4w00000Nun4RAAR
,CAFE+NEGRO,01t4w00000Nun4SAAR
,CAFE+NEGRO,01t4w00000Nun4TAAR
,IMITACION CEMENTO,01t4w00000Nun4UAAR
,BLANCO + NATURAL,01t4w00000Nun4VAAR
,CAFE+NEGRO,01t4w00000Nun4WAAR
,NATURAL+NEGRO,01t4w00000Nun4XAAR
,NATURAL+NEGRO,01t4w00000Nun4YAAR
,GRIS+NEGRO,01t4w00000Nun4ZAAR
,IMITACIÓN CEMENTO,01t4w00000Nun4aAAB
,CAFE+NEGRO,01t4w00000Nun4bAAB
,CAFE+NEGRO,01t4w00000Nun4cAAB
,GRIS+NEGRO,01t4w00000Nun4dAAB
,CAFE+NEGRO,01t4w00000Nun4eAAB
,BLANCO+NEGRO,01t4w00000Nun4fAAB
,NATURAL+NEGRO,01t4w00000Nun4gAAB
,GRIS+NEGRO,01t4w00000Nun4hAAB
,NATURAL+NEGRO,01t4w00000Nun4iAAB
,GOLD,01t4w00000Nun4jAAB
,GRIS+NEGRO,01t4w00000Nun4kAAB
,CAFE+NEGRO,01t4w00000Nun4lAAB
,NATURAL+NEGRO,01t4w00000Nun4mAAB
,NATURAL+NEGRO,01t4w00000Nun4nAAB
,IMITACION MARMOL,01t4w00000Nun4oAAB
,BLANCO,01t4w00000Nun4pAAB
,NATURAL+NEGRO,01t4w00000Nun4qAAB
,NATURAL+NEGRO,01t4w00000Nun4rAAB
,CHOCOLATE,01t4w00000Nun4sAAB
,BLANCO + NATURAL,01t4w00000Nun4tAAB
,BLANCO + NATURAL,01t4w00000Nun4uAAB
,BLANCO+NEGRO,01t4w00000Nun4vAAB
,BLANCO+NEGRO,01t4w00000Nun4wAAB
,CHOCOLATE,01t4w00000Nun4xAAB
,BLANCO,01t4w00000Nun4yAAB
,TURQUESA,01t4w00000Nun4zAAB
NATURAL+BLANCO,NATURAL+BLANCO,01t4w00000Nun50AAB
NATURAL+BLANCO,NATURAL+BLANCO,01t4w00000Nun51AAB
NATURAL+BLANCO,NATURAL+BLANCO,01t4w00000Nun52AAB
,BLANCO+NEGRO,01t4w00000Nun53AAB
,BLANCO,01t4w00000Nun54AAB
,CHOCOLATE,01t4w00000Nun55AAB
,BLANCO + AZUL + NATURAL,01t4w00000Nun56AAB
,BLANCO+NEGRO,01t4w00000Nun57AAB
,BLANCO,01t4w00000Nun58AAB
,BLANCO + NATURAL,01t4w00000Nun59AAB
NATURAL+NEGRO,NATURAL+NEGRO,01t4w00000Nun5AAAR
NATURAL+BLANCO,NATURAL+BLANCO,01t4w00000Nun5BAAR
,BLANCO,01t4w00000Nun5CAAR
,BLANCO + CHOCOLATE + NATURAL,01t4w00000Nun5DAAR
,NATURAL & GRIS,01t4w00000Nun5EAAR
,BLANCO + NATURAL,01t4w00000Nun5FAAR
,BLANCO + NATURAL,01t4w00000Nun5GAAR
,CHOCOLATE,01t4w00000Nun5HAAR
,CHOCOLATE,01t4w00000Nun5IAAR
BLANCO+NATURAL,BLANCO+NATURAL,01t4w00000Nun5JAAR
NATURAL+BLANCO,NATURAL+BLANCO,01t4w00000Nun5KAAR
,BLANCO,01t4w00000Nun5LAAR
NEGRO,NEGRO,01t4w00000Nun5MAAR
,BLANCO,01t4w00000Nun5NAAR
,BLANCO + NATURAL,01t4w00000Nun5OAAR
,BLANCO + NEGRO,01t4w00000Nun5PAAR
,NATURAL,01t4w00000Nun5QAAR
NUEZ+NEGRO,NUEZ+NEGRO,01t4w00000Nun5RAAR
GRIS+NEGRO,GRIS+NEGRO,01t4w00000Nun5SAAR
NATURAL+NEGRO,NATURAL+NEGRO,01t4w00000Nun5TAAR
PISTACHO+NEGRO,PISTACHO+NEGRO,01t4w00000Nun5UAAR
,BLANCO + NATURAL,01t4w00000Nun5VAAR
,NEGRO + BLANCO,01t4w00000Nun5WAAR
,BLANCO,01t4w00000Nun5XAAR
NEGRO+NATURAL,NEGRO+NATURAL,01t4w00000Nun5YAAR
NUEZ+NEGRO,NUEZ+NEGRO,01t4w00000Nun5ZAAR
,VARIOS COLORES + NATURAL,01t4w00000Nun5aAAB
,BLANCO + CAFE + NATURAL,01t4w00000Nun5bAAB
,BLANCO + NATURAL,01t4w00000Nun5cAAB
,BLANCO + NATURAL,01t4w00000Nun5dAAB
,BLANCO + NATURAL,01t4w00000Nun5eAAB
,BLANCO + NATURAL,01t4w00000Nun5fAAB
BLANCO,BLANCO,01t4w00000Nun5gAAB
,BLANCO + NATURAL,01t4w00000Nun5hAAB
,NATURAL,01t4w00000Nun5iAAB
,BLANCO + NATURAL,01t4w00000Nun5jAAB
,NATURAL + BLANCO,01t4w00000Nun5kAAB
NATURAL+NEGRO,NATURAL+NEGRO,01t4w00000Nun5lAAB
,NATURAL + BLANCO,01t4w00000Nun5mAAB
,NATURAL,01t4w00000Nun5nAAB
,NATURAL + NEGRO,01t4w00000Nun5oAAB
,NATURAL,01t4w00000Nun5pAAB
,NATURAL,01t4w00000Nun5qAAB
,NATURAL,01t4w00000Nun5rAAB
,NATURAL + NEGRO,01t4w00000Nun5sAAB
,NATURAL + BLANCO,01t4w00000Nun5tAAB
BLANCO+GRIS,BLANCO+GRIS,01t4w00000Nun5uAAB
NATURAL+NEGRO,NATURAL+NEGRO,01t4w00000Nun5vAAB
GRIS+NATURAL,GRIS+NATURAL,01t4w00000Nun5wAAB
NATURAL+PLATA,NATURAL+PLATA,01t4w00000Nun5xAAB
,NATURAL + NEGRO,01t4w00000Nun5yAAB
,NATURAL + CAFÉ,01t4w00000Nun5zAAB
,NATURAL + BLANCA,01t4w00000Nun60AAB
NEGRO,NEGRO,01t4w00000Nun61AAB
NEGRO+NUEZ,NEGRO+NUEZ,01t4w00000Nun62AAB
,NATURAL,01t4w00000Nun63AAB
,NATURAL + BLANCO,01t4w00000Nun64AAB
,CHOCOLATE,01t4w00000Nun65AAB
,BLANCO+NATURAL,01t4w00000Nun66AAB
,NEGRO+NATURAL,01t4w00000Nun67AAB
,NATURAL+NEGRO,01t4w00000Nun68AAB
NARANJA+NEGRO+GRIS,NARANJA+NEGRO+GRIS,01t4w00000Nun6AAAR
BLANCO+AZUL+ROJO,BLANCO+AZUL+ROJO,01t4w00000Nun6BAAR
NATURAL+GRIS,NATURAL+GRIS,01t4w00000Nun6DAAR
NATURAL+NEGRO,NATURAL+NEGRO,01t4w00000Nun6EAAR
GRIS,GRIS,01t4w00000Nun6MAAR
AZUL+ROJO+AMARILLO,AZUL+ROJO+AMARILLO,01t4w00000Nun6NAAR
VARIOS,VARIOS,01t4w00000Nun6PAAR
VARIOS,VARIOS,01t4w00000Nun6QAAR
VARIOS,VARIOS,01t4w00000Nun6RAAR
VARIOS,VARIOS,01t4w00000Nun6SAAR
VARIOS,VARIOS,01t4w00000Nun6TAAR
VARIOS,VARIOS,01t4w00000Nun6UAAR
VARIOS,VARIOS,01t4w00000Nun6VAAR
NARANJA+NEGRO,NARANJA+NEGRO,01t4w00000Nun6WAAR
VARIOS,VARIOS,01t4w00000Nun6XAAR
VARIOS,VARIOS,01t4w00000Nun6YAAR
NEGRO + GRIS,NEGRO + GRIS,01t4w00000Nun6ZAAR
VARIOS,VARIOS,01t4w00000Nun6aAAB
NEGRO+ROJO,NEGRO+ROJO,01t4w00000Nun6bAAB
VARIOS,VARIOS,01t4w00000Nun6cAAB
VARIOS,VARIOS,01t4w00000Nun6dAAB
NEGRO + ROJO,NEGRO + ROJO,01t4w00000Nun6eAAB
VARIOS,VARIOS,01t4w00000Nun6fAAB
VARIOS,VARIOS,01t4w00000Nun6gAAB
GRIS,GRIS,01t4w00000Nun6hAAB
VARIOS,VARIOS,01t4w00000Nun6iAAB
NEGRO + VARIOS COLORES,NEGRO + VARIOS COLORES,01t4w00000Nun6jAAB
NEGRO+GRIS,NEGRO+GRIS,01t4w00000Nun6kAAB
VARIOS,VARIOS,01t4w00000Nun6lAAB
NEGRO + ROJO,NEGRO + ROJO,01t4w00000Nun6mAAB
VARIOS,VARIOS,01t4w00000Nun6nAAB
NEGRO,NEGRO,01t4w00000Nun6oAAB
NEGRO+ROJO,NEGRO+ROJO,01t4w00000Nun6pAAB
NEGRO + ROJO,NEGRO + ROJO,01t4w00000Nun6qAAB
NEGRO+ROJO,NEGRO+ROJO,01t4w00000Nun6rAAB
NEGRO,NEGRO,01t4w00000Nun6sAAB
NEGRO,NEGRO,01t4w00000Nun6tAAB
NEGRO,NEGRO,01t4w00000Nun6uAAB
GRIS,GRIS,01t4w00000Nun6vAAB
,NEGRO,01t4w00000Nun6wAAB
AZUL,AZUL,01t4w00000Nun6xAAB
AZUL,AZUL,01t4w00000Nun6yAAB
NEGRO,NEGRO,01t4w00000Nun6zAAB
,PLATEADO,01t4w00000Nun70AAB
,NEGRO,01t4w00000Nun71AAB
GRIS,GRIS,01t4w00000Nun72AAB
,NEGRO Y ROJO,01t4w00000Nun73AAB
,NEGRO,01t4w00000Nun74AAB
,NEGRO+ROJO,01t4w00000Nun75AAB
,VARIOS,01t4w00000Nun76AAB
,VARIOS,01t4w00000Nun77AAB
VARIOS,VARIOS,01t4w00000Nun78AAB
GRIS,GRIS,01t4w00000Nun79AAB
GRIS,GRIS,01t4w00000Nun7AAAR
GRIS,GRIS,01t4w00000Nun7BAAR
VARIOS,VARIOS,01t4w00000Nun7CAAR
VARIOS,VARIOS,01t4w00000Nun7DAAR
VARIOS,VARIOS,01t4w00000Nun7EAAR
CAFÉ,CAFÉ,01t4w00000Nun7FAAR
NEGRO,NEGRO,01t4w00000Nun7GAAR
,NEGRO,01t4w00000Nun7HAAR
NEGRO,NEGRO,01t4w00000Nun7IAAR
NEGRO,NEGRO,01t4w00000Nun7JAAR
,NEGRO,01t4w00000Nun7KAAR
,"NEGRO, NATURAL",01t4w00000Nun7LAAR
,NEGRO,01t4w00000Nun7MAAR
,NEGRO,01t4w00000Nun7NAAR
,NEGRO,01t4w00000Nun7OAAR
,GRIS,01t4w00000Nun7PAAR
,PLATA,01t4w00000Nun7QAAR
,AMARILLO,01t4w00000Nun7RAAR
,"NEGRO, GRIS",01t4w00000Nun7SAAR
,"NEGRO, GRIS",01t4w00000Nun7TAAR
,NEGRO,01t4w00000Nun7UAAR
,NEGRO,01t4w00000Nun7VAAR
,NEGRO,01t4w00000Nun7WAAR
,NEGRO,01t4w00000Nun7XAAR
,MARRON,01t4w00000Nun7YAAR
,GRIS,01t4w00000Nun7ZAAR
,GRIS,01t4w00000Nun7bAAB
,NEGRO,01t4w00000Nun7eAAB
,GRIS,01t4w00000Nun7fAAB
NEGRO,NEGRO,01t4w00000Nun7hAAB
NEGRO,NEGRO,01t4w00000Nun7iAAB
,NATURAL,01t4w00000Nun7mAAB
NEGRO,NEGRO,01t4w00000Nun7pAAB
NEGRO + ROJO,NEGRO + ROJO,01t4w00000Nun7rAAB
,NEGRO,01t4w00000Nun7sAAB
,PLATA+NEGRO,01t4w00000Nun7tAAB
,NATURAL,01t4w00000Nun7uAAB
,MARRON,01t4w00000Nun7vAAB
VARIOS,VARIOS,01t4w00000Nun7xAAB
,CROMADO+NEGRO,01t4w00000Nun80AAB
,NATURAL,01t4w00000Nun81AAB
,NATURAL,01t4w00000Nun83AAB
,NATURAL,01t4w00000Nun84AAB
,BLANCO,01t4w00000Nun85AAB
,BLANCO,01t4w00000Nun86AAB
,BLANCO,01t4w00000Nun87AAB
,BLANCO,01t4w00000Nun88AAB
,BLANCO,01t4w00000Nun89AAB
,BLANCO,01t4w00000Nun8AAAR
,BLANCO,01t4w00000Nun8CAAR
,BLANCO,01t4w00000Nun8RAAR
,BLANCO,01t4w00000Nun8SAAR
,BLANCO,01t4w00000Nun8TAAR
,GRIS,01t4w00000Nun8UAAR
,BLANCO,01t4w00000Nun8VAAR
,BLANCO,01t4w00000Nun8WAAR
,BLANCO,01t4w00000Nun8XAAR
,BLANCO,01t4w00000Nun8YAAR
,GRIS,01t4w00000Nun8ZAAR
,GRIS,01t4w00000Nun8aAAB
,GRIS,01t4w00000Nun8bAAB
,GRIS,01t4w00000Nun8cAAB
,BLACK,01t4w00000Nun8dAAB
,GRIS,01t4w00000Nun8eAAB
,BLANCO,01t4w00000Nun8gAAB
,BLANCO,01t4w00000Nun8iAAB
,BLANCO,01t4w00000Nun8jAAB
,BLANCO,01t4w00000Nun8lAAB
,BLACK,01t4w00000Nun8mAAB
,BLANCO,01t4w00000Nun8pAAB
,BLANCO,01t4w00000Nun8qAAB
,BLANCO,01t4w00000Nun8rAAB
,BLANCO,01t4w00000Nun8sAAB
,BLANCO,01t4w00000Nun8tAAB
,BLANCO,01t4w00000Nun8uAAB
,BLANCO,01t4w00000Nun8vAAB
,WARM GREY,01t4w00000Nun8wAAB
,WARM GREY,01t4w00000Nun8xAAB
,WARM GREY,01t4w00000Nun8yAAB
,WARM GREY,01t4w00000Nun8zAAB
,WARM GREY,01t4w00000Nun90AAB
,WARM GREY,01t4w00000Nun91AAB
,WARM GREY,01t4w00000Nun92AAB
,WARM GREY,01t4w00000Nun93AAB
,WARM GREY,01t4w00000Nun94AAB
,WARM GREY,01t4w00000Nun95AAB
,WARM GREY,01t4w00000Nun96AAB
,WARM GREY,01t4w00000Nun97AAB
,WARM GREY,01t4w00000Nun98AAB
,WARM GREY,01t4w00000Nun99AAB
,WARM GREY,01t4w00000Nun9AAAR
,WARM GREY,01t4w00000Nun9BAAR
,BLANCO,01t4w00000Nun9CAAR
,BLANCO,01t4w00000Nun9DAAR
,BLANCO,01t4w00000Nun9EAAR
,BLANCO,01t4w00000Nun9FAAR
,NEGRO,01t4w00000Nun9GAAR
,NEGRO,01t4w00000Nun9HAAR
,NEGRO,01t4w00000Nun9IAAR
,GRIS,01t4w00000Nun9JAAR
,NEGRO,01t4w00000Nun9KAAR
,NEGRO,01t4w00000Nun9LAAR
,NEGRO,01t4w00000Nun9MAAR
,NEGRO,01t4w00000Nun9NAAR
,NEGRO,01t4w00000Nun9OAAR
,NEGRO,01t4w00000Nun9PAAR
,NEGRO,01t4w00000Nun9QAAR
,NEGRO,01t4w00000Nun9RAAR
,NEGRO,01t4w00000Nun9SAAR
,GRIS,01t4w00000Nun9TAAR
NEGRO,NEGRO,01t4w00000Nun9UAAR
,NEGRO,01t4w00000Nun9VAAR
BLANCO+MADERA,BLANCO+MADERA,01t4w00000Nun9WAAR
,BLANCO+MADERA,01t4w00000Nun9XAAR
NATURAL,NATURAL,01t4w00000Nun9cAAB
,NATURAL,01t4w00000Nun9dAAB
VARIOS,VARIOS,01t4w00000Nun9iAAB
,VARIOS,01t4w00000Nun9jAAB
GRIS+NATURAL,GRIS+NATURAL,01t4w00000Nun9kAAB
,GRIS+NATURAL,01t4w00000Nun9lAAB
VARIOS,VARIOS,01t4w00000Nun9mAAB
,VARIOS,01t4w00000Nun9nAAB
NATURAL+NEGRO,NATURAL+NEGRO,01t4w00000Nun9oAAB
,NATURAL+NEGRO,01t4w00000Nun9pAAB
VARIOS,VARIOS,01t4w00000Nun9qAAB
,VARIOS,01t4w00000Nun9rAAB
VARIOS COLORES,VARIOS COLORES,01t4w00000Nun9sAAB
,VARIOS COLORES,01t4w00000Nun9tAAB
VARIOS COLORES,VARIOS COLORES,01t4w00000Nun9uAAB
,VARIOS COLORES,01t4w00000Nun9vAAB
VARIOS,VARIOS,01t4w00000Nun9wAAB
,VARIOS,01t4w00000Nun9xAAB
VARIOS,VARIOS,01t4w00000Nun9yAAB
,VARIOS,01t4w00000Nun9zAAB
VARIOS,VARIOS,01t4w00000NunA0AAJ
,VARIOS,01t4w00000NunA1AAJ
VARIOS,VARIOS,01t4w00000NunA2AAJ
,VARIOS,01t4w00000NunA3AAJ
BEIGE,BEIGE,01t4w00000NunB2AAJ
MARRON,BEIGE,01t4w00000NunB3AAJ
BLANCO,BLANCO,01t4w00000NunB4AAJ
BLANCO,BLANCO,01t4w00000NunB5AAJ
GRIS,GRIS,01t4w00000NunB6AAJ
,GRIS,01t4w00000NunB7AAJ
BLANCO,BLANCO,01t4w00000NunB8AAJ
,BLANCO,01t4w00000NunB9AAJ
WARM GREY,WARM GREY,01t4w00000NunBAAAZ
,WARM GREY,01t4w00000NunBBAAZ
BLACK,BLACK,01t4w00000NunBCAAZ
,BLACK,01t4w00000NunBDAAZ
BLANCO,BLANCO,01t4w00000NunBEAAZ
,BLANCO,01t4w00000NunBFAAZ
BLANCO,BLANCO,01t4w00000NunBxAAJ
BLANCO,BLANCO,01t4w00000NunByAAJ
BLANCO + NEGRO,BLANCO + NEGRO,01t4w00000NunBzAAJ
BLANCO + NEGRO,BLANCO + NEGRO,01t4w00000NunC0AAJ
NEGRO,NEGRO,01t4w00000NunC1AAJ
NEGRO,NEGRO,01t4w00000NunC2AAJ
NATURAL+AMARILLO+ACQUA+ROJO,NATURAL+AMARILLO+ACQUA+ROJO,01t4w00000NunC3AAJ
NATURAL + AMARILLO + ACQUA + ROJO,NATURAL+AMARILLO+ACQUA+ROJO,01t4w00000NunC4AAJ
BLANCO,BLANCO,01t4w00000NunC5AAJ
BLANCO,BLANCO,01t4w00000NunC6AAJ
NEGRO,NEGRO,01t4w00000NunCpAAJ
,NEGRO,01t4w00000NunCqAAJ
VARIOS,VARIOS,01t4w00000NunCtAAJ
,VARIOS,01t4w00000NunCuAAJ
VARIOS,VARIOS,01t4w00000NunCvAAJ
VARIOS,VARIOS,01t4w00000NunCwAAJ
,VARIOS,01t4w00000NunCxAAJ
,VARIOS,01t4w00000NunCyAAJ
VARIOS,VARIOS,01t4w00000NunCzAAJ
,VARIOS,01t4w00000NunD0AAJ
VARIOS,VARIOS,01t4w00000NunD1AAJ
,VARIOS,01t4w00000NunD2AAJ
VARIOS,VARIOS,01t4w00000NunD3AAJ
,VARIOS,01t4w00000NunD4AAJ
VARIOS,VARIOS,01t4w00000NunD5AAJ
VARIOS,VARIOS,01t4w00000NunD6AAJ
VARIOS,VARIOS,01t4w00000NunD7AAJ
,VARIOS,01t4w00000NunD8AAJ
,VARIOS,01t4w00000NunD9AAJ
,VARIOS,01t4w00000NunDAAAZ
VARIOS,VARIOS,01t4w00000NunDBAAZ
VARIOS,VARIOS,01t4w00000NunDCAAZ
,VARIOS,01t4w00000NunDDAAZ
,VARIOS,01t4w00000NunDEAAZ
,VARIOS,01t4w00000NunDFAAZ
VARIOS,VARIOS,01t4w00000NunDGAAZ
VARIOS,VARIOS,01t4w00000NunDHAAZ
,VARIOS,01t4w00000NunDIAAZ
VARIOS,VARIOS,01t4w00000NunDMAAZ
VARIOS,VARIOS,01t4w00000NunDOAAZ
VARIOS,VARIOS,01t4w00000NunDPAAZ
,VARIOS,01t4w00000NunDQAAZ
,VARIOS,01t4w00000NunDRAAZ
VARIOS,VARIOS,01t4w00000NunDSAAZ
VARIOS,VARIOS,01t4w00000NunDTAAZ
,VARIOS,01t4w00000NunDUAAZ
VARIOS,VARIOS,01t4w00000NunDVAAZ
,VARIOS,01t4w00000NunDWAAZ
VARIOS,VARIOS,01t4w00000NunDXAAZ
,VARIOS,01t4w00000NunDYAAZ
VARIOS,VARIOS,01t4w00000NunDZAAZ
,VARIOS,01t4w00000NunDaAAJ
,VARIOS,01t4w00000NunDbAAJ
VARIOS,VARIOS,01t4w00000NunDcAAJ
,VARIOS,01t4w00000NunDdAAJ
VARIOS,VARIOS,01t4w00000NunDeAAJ
,VARIOS,01t4w00000NunDfAAJ
VARIOS,VARIOS,01t4w00000NunDgAAJ
VARIOS,VARIOS,01t4w00000NunDhAAJ
,VARIOS,01t4w00000NunDiAAJ
,VARIOS,01t4w00000NunDjAAJ
,VARIOS,01t4w00000NunDkAAJ
VARIOS,VARIOS,01t4w00000NunDlAAJ
VARIOS,VARIOS,01t4w00000NunDmAAJ
,VARIOS,01t4w00000NunDnAAJ
VARIOS,VARIOS,01t4w00000NunDoAAJ
,VARIOS,01t4w00000NunDpAAJ
BLANCO,BLANCO,01t4w00000NunDqAAJ
BLANCO,BLANCO,01t4w00000NunDrAAJ
BLANCO,BLANCO,01t4w00000NunDsAAJ
BLANCO,BLANCO,01t4w00000NunDtAAJ
BLANCO,BLANCO,01t4w00000NunDuAAJ
NARANJA,NARANJA,01t4w00000NunDvAAJ
,NARANJA,01t4w00000NunDwAAJ
BLANCO,BLANCO,01t4w00000NunDxAAJ
,BLANCO,01t4w00000NunDyAAJ
BLACK,BLACK,01t4w00000NunDzAAJ
,BLACK,01t4w00000NunE0AAJ
GRIS,GRIS,01t4w00000NunE1AAJ
,GRIS,01t4w00000NunE2AAJ
BLANCO,BLANCO,01t4w00000NunE3AAJ
BLANCO,BLANCO,01t4w00000NunE4AAJ
BLANCO,BLANCO,01t4w00000NunE5AAJ
NEGRO,NEGRO,01t4w00000NunE6AAJ
NEGRO + NATURAL,NEGRO + NATURAL,01t4w00000NunE7AAJ
NEGRO + NATURAL,NEGRO + NATURAL,01t4w00000NunE8AAJ
NEGRO,NEGRO,01t4w00000NunE9AAJ
BLANCO+MADERA,BLANCO+MADERA,01t4w00000NunEAAAZ
BLANCO+MADERA,BLANCO+MADERA,01t4w00000NunEBAAZ
BLANCO+MADERA,BLANCO+MADERA,01t4w00000NunECAAZ
GRIS,GRIS,01t4w00000NunEDAAZ
GRIS,GRIS,01t4w00000NunEEAAZ
BLANCO,BLANCO,01t4w00000NunEFAAZ
GRIS,GRIS,01t4w00000NunEGAAZ
BLANCO,BLANCO,01t4w00000NunEHAAZ
GRIS,GRIS,01t4w00000NunEIAAZ
GRIS,GRIS,01t4w00000NunEJAAZ
GRIS,GRIS,01t4w00000NunEKAAZ
NEGRO,NEGRO,01t4w00000NunELAAZ
AZUL,AZUL,01t4w00000NunEMAAZ
VARIOS,VARIOS,01t4w00000NunENAAZ
,VARIOS,01t4w00000NunEOAAZ
BLANCO,BLANCO,01t4w00000NunEPAAZ
,BLANCO,01t4w00000NunEQAAZ
BLANCO,BLANCO,01t4w00000NunERAAZ
,BLANCO,01t4w00000NunESAAZ
BLANCO,BLANCO,01t4w00000NunETAAZ
GRIS,GRIS,01t4w00000NunEUAAZ
BLANCO+NEGRO,BLANCO+NEGRO,01t4w00000NunEVAAZ
BLANCO,BLANCO,01t4w00000NunEWAAZ
GRIS + ROJO,GRIS + ROJO,01t4w00000NunEXAAZ
BLANCO,BLANCO,01t4w00000NunEYAAZ
BLANCO,BLANCO,01t4w00000NunEZAAZ
GRIS,GRIS,01t4w00000NunEaAAJ
GRIS,GRIS,01t4w00000NunEbAAJ
NEGRO,NEGRO,01t4w00000NunEcAAJ
BLANCO,BLANCO,01t4w00000NunEdAAJ
BLANCO,BLANCO,01t4w00000NunEeAAJ
GRIS,GRIS,01t4w00000NunEfAAJ
BLANCO,BLANCO,01t4w00000NunEgAAJ
GRIS+MADERA,GRIS+MADERA,01t4w00000NunEhAAJ
GRIS+MADERA,GRIS+MADERA,01t4w00000NunEiAAJ
GRIS+MADERA,GRIS+MADERA,01t4w00000NunEjAAJ
GRIS+MADERA,GRIS+MADERA,01t4w00000NunEkAAJ
GRIS+MADERA,GRIS+MADERA,01t4w00000NunElAAJ
BLANCO + MADERA,BLANCO + MADERA,01t4w00000NunEmAAJ
BLANCO,BLANCO,01t4w00000NunEnAAJ
BLANCO + GRIS,BLANCO + GRIS,01t4w00000NunEoAAJ
GRIS + BLANCO,GRIS + BLANCO,01t4w00000NunEpAAJ
GRIS+AZUL,GRIS+AZUL,01t4w00000NunEqAAJ
BLANCO+AZUL,BLANCO+AZUL,01t4w00000NunErAAJ
BLANCO,BLANCO,01t4w00000NunEsAAJ
GRIS,GRIS,01t4w00000NunEtAAJ
BLANCO,BLANCO,01t4w00000NunEuAAJ
BLANCO+NEGRO,BLANCO+NEGRO,01t4w00000NunEvAAJ
BLANCO,BLANCO,01t4w00000NunEwAAJ
BLANCO,BLANCO,01t4w00000NunExAAJ
BLANCO,BLANCO,01t4w00000NunEyAAJ
GRIS + BLANCO,GRIS + BLANCO,01t4w00000NunEzAAJ
BLANCO + MADERA,BLANCO + MADERA,01t4w00000NunF0AAJ
NEGRO+MADERA,NEGRO+MADERA,01t4w00000NunF1AAJ
NEGRO,NEGRO,01t4w00000NunF2AAJ
GRIS,GRIS,01t4w00000NunF3AAJ
,BLANCO,01t4w00000NunF4AAJ
GRIS+BLANCO,GRIS+BLANCO,01t4w00000NunF5AAJ
NEGRO+BLANCO,NEGRO+BLANCO,01t4w00000NunF6AAJ
,BLANCO,01t4w00000NunF7AAJ
,BLANCO,01t4w00000NunF8AAJ
,BLANCO+MADERA,01t4w00000NunF9AAJ
,BLANCO,01t4w00000NunFAAAZ
,NEGRO,01t4w00000NunFBAAZ
,BLANCO,01t4w00000NunFCAAZ
,NEGRO + NATURAL,01t4w00000NunFDAAZ
,GRIS,01t4w00000NunFEAAZ
,BLANCO,01t4w00000NunFFAAZ
,BLANCO,01t4w00000NunFGAAZ
,BLANCO+MADERA,01t4w00000NunFHAAZ
,BLANCO,01t4w00000NunFIAAZ
,BLANCO+MADERA,01t4w00000NunFJAAZ
,GRIS,01t4w00000NunFKAAZ
,GRIS,01t4w00000NunFLAAZ
,NEGRO,01t4w00000NunFMAAZ
,NEGRO,01t4w00000NunFNAAZ
,BLANCO,01t4w00000NunFOAAZ
,GRIS,01t4w00000NunFPAAZ
,BLANCO,01t4w00000NunFQAAZ
,GRIS,01t4w00000NunFRAAZ
,GRIS,01t4w00000NunFSAAZ
,BLANCO,01t4w00000NunFTAAZ
,GRIS,01t4w00000NunFUAAZ
,AZUL,01t4w00000NunFVAAZ
,GRIS + ROJO,01t4w00000NunFWAAZ
,BLANCO+NEGRO,01t4w00000NunFXAAZ
,BLANCO,01t4w00000NunFYAAZ
,BLANCO,01t4w00000NunFZAAZ
,GRIS,01t4w00000NunFaAAJ
,BLANCO,01t4w00000NunFbAAJ
,BLANCO + MADERA,01t4w00000NunFcAAJ
,BLANCO,01t4w00000NunFdAAJ
,GRIS,01t4w00000NunFeAAJ
,NEGRO,01t4w00000NunFfAAJ
,BLANCO,01t4w00000NunFgAAJ
,GRIS,01t4w00000NunFhAAJ
,BLANCO,01t4w00000NunFiAAJ
,BLANCO,01t4w00000NunFjAAJ
,GRIS+MADERA,01t4w00000NunFkAAJ
,GRIS+MADERA,01t4w00000NunFlAAJ
,GRIS+MADERA,01t4w00000NunFmAAJ
,GRIS+MADERA,01t4w00000NunFnAAJ
,BLANCO + GRIS,01t4w00000NunFoAAJ
,BLANCO,01t4w00000NunFpAAJ
,GRIS+MADERA,01t4w00000NunFqAAJ
,BLANCO + MADERA,01t4w00000NunFrAAJ
,GRIS,01t4w00000NunFsAAJ
,GRIS + BLANCO,01t4w00000NunFtAAJ
,GRIS+AZUL,01t4w00000NunFuAAJ
,BLANCO+AZUL,01t4w00000NunFvAAJ
,BLANCO,01t4w00000NunFwAAJ
,BLANCO,01t4w00000NunFxAAJ
,BLANCO+NEGRO,01t4w00000NunFyAAJ
,BLANCO,01t4w00000NunFzAAJ
,GRIS + BLANCO,01t4w00000NunG0AAJ
,NEGRO+MADERA,01t4w00000NunG1AAJ
,NEGRO,01t4w00000NunG2AAJ
,GRIS,01t4w00000NunG3AAJ
,GRIS+BLANCO,01t4w00000NunG4AAJ
,NEGRO+BLANCO,01t4w00000NunG5AAJ
,NEGRO + NATURAL,01t4w00000NunG6AAJ
,BLANCO,01t4w00000NunG7AAJ
,VARIOS,01t4w00000NunG8AAJ
VARIOS,VARIOS,01t4w00000NunGAAAZ
,VARIOS,01t4w00000NunGBAAZ
VARIOS,VARIOS,01t4w00000NunGCAAZ
,VARIOS,01t4w00000NunGDAAZ
VARIOS,VARIOS,01t4w00000NunGEAAZ
,VARIOS,01t4w00000NunGFAAZ
VARIOS,VARIOS,01t4w00000NunGHAAZ
,VARIOS,01t4w00000NunGIAAZ
VARIOS,VARIOS,01t4w00000NunGJAAZ
,VARIOS,01t4w00000NunGKAAZ
VARIOS,VARIOS,01t4w00000NunGNAAZ
,VARIOS,01t4w00000NunGOAAZ
VARIOS,VARIOS,01t4w00000NunGPAAZ
,VARIOS,01t4w00000NunGQAAZ
NEGRO,NEGRO,01t4w00000NunGRAAZ
,BLANCO,01t4w00000NunGSAAZ
,NEGRO,01t4w00000NunGTAAZ
NEGRO,NEGRO,01t4w00000NunGUAAZ
,NEGRO,01t4w00000NunGVAAZ
BLANCO,BLANCO,01t4w00000NunGWAAZ
NEGRO,NEGRO,01t4w00000NunGXAAZ
,NEGRO,01t4w00000NunGYAAZ
ANTRACITA,ANTRACITA,01t4w00000NunGZAAZ
,ANTRACITA,01t4w00000NunGaAAJ
NATURAL+COJIN BEIGE,NATURAL+COJIN BEIGE,01t4w00000NunGbAAJ
,NATURAL+COJIN BEIGE,01t4w00000NunGcAAJ
GRIS+COJIN BLANCO,GRIS+COJIN BLANCO,01t4w00000NunGdAAJ
,GRIS+COJIN BLANCO,01t4w00000NunGeAAJ
GRIS+COJIN TURQUESA,GRIS+COJIN TURQUESA,01t4w00000NunGfAAJ
,GRIS+COJIN TURQUESA,01t4w00000NunGgAAJ
BLANCO+COJIN GRIS OSCURO,BLANCO+COJIN GRIS OSCURO,01t4w00000NunGhAAJ
BLANCO,BLANCO,01t4w00000NunGiAAJ
,BLANCO,01t4w00000NunGjAAJ
,BLANCO+COJIN GRIS OSCURO,01t4w00000NunGkAAJ
BLANCO,BLANCO,01t4w00000NunGlAAJ
,BLANCO,01t4w00000NunGmAAJ
BLANCO,BLANCO,01t4w00000NunGnAAJ
,BLANCO,01t4w00000NunGoAAJ
BLANCO,BLANCO,01t4w00000NunGpAAJ
,BLANCO,01t4w00000NunGqAAJ
BLANCO,BLANCO,01t4w00000NunGrAAJ
,BLANCO,01t4w00000NunGsAAJ
BLANCO,BLANCO,01t4w00000NunGtAAJ
,BLANCO,01t4w00000NunGuAAJ
NEGRO,NEGRO,01t4w00000NunGvAAJ
,NEGRO,01t4w00000NunGwAAJ
BLANCO,BLANCO,01t4w00000NunGxAAJ
,BLANCO,01t4w00000NunGyAAJ
BLANCO,BLANCO,01t4w00000NunGzAAJ
,BLANCO,01t4w00000NunH0AAJ
NEGRO+BLANCO,NEGRO+BLANCO,01t4w00000NunH1AAJ
,NEGRO+BLANCO,01t4w00000NunH2AAJ
NATURAL,NATURAL,01t4w00000NunH3AAJ
,NATURAL,01t4w00000NunH4AAJ
NATURAL,NATURAL,01t4w00000NunH5AAJ
,NATURAL,01t4w00000NunH6AAJ
NATURAL+AZUL,NATURAL+AZUL,01t4w00000NunH7AAJ
,NATURAL+AZUL,01t4w00000NunH8AAJ
NATURAL,NATURAL,01t4w00000NunH9AAJ
,NATURAL,01t4w00000NunHAAAZ
NATURAL,NATURAL,01t4w00000NunHBAAZ
,NATURAL,01t4w00000NunHCAAZ
MARRON+MOCA,MARRON+MOCA,01t4w00000NunHDAAZ
,MARRON+MOCA,01t4w00000NunHEAAZ
NATURAL+NEGRO,NATURAL+NEGRO,01t4w00000NunHFAAZ
,NATURAL+NEGRO,01t4w00000NunHGAAZ
GRIS + NATURAL,GRIS + NATURAL,01t4w00000NunHHAAZ
,GRIS + NATURAL,01t4w00000NunHIAAZ
BLUE,BLUE,01t4w00000NunHJAAZ
,BLUE,01t4w00000NunHKAAZ
VARIOS,VARIOS,01t4w00000NunHLAAZ
VARIOS,VARIOS,01t4w00000NunHMAAZ
VARIOS,VARIOS,01t4w00000NunHNAAZ
VARIOS,VARIOS,01t4w00000NunHOAAZ
VARIOS,VARIOS,01t4w00000NunHPAAZ
VARIOS,VARIOS,01t4w00000NunHQAAZ
VARIOS,VARIOS,01t4w00000NunHRAAZ
VARIOS,VARIOS,01t4w00000NunHSAAZ
VARIOS,VARIOS,01t4w00000NunHTAAZ
VARIOS,VARIOS,01t4w00000NunHUAAZ
VARIOS,VARIOS,01t4w00000NunHVAAZ
AZUL,AZUL,01t4w00000NunHWAAZ
VARIOS,VARIOS,01t4w00000NunHXAAZ
VARIOS,VARIOS,01t4w00000NunHYAAZ
VARIOS,VARIOS,01t4w00000NunHZAAZ
VARIOS,VARIOS,01t4w00000NunHaAAJ
VARIOS,VARIOS,01t4w00000NunHbAAJ
VARIOS,VARIOS,01t4w00000NunHcAAJ
VARIOS,VARIOS,01t4w00000NunHdAAJ
VARIOS,VARIOS,01t4w00000NunHeAAJ
VARIOS,VARIOS,01t4w00000NunHfAAJ
VARIOS,VARIOS,01t4w00000NunHgAAJ
VARIOS,VARIOS,01t4w00000NunHhAAJ
VARIOS,VARIOS,01t4w00000NunHiAAJ
VARIOS,VARIOS,01t4w00000NunHjAAJ
VARIOS,VARIOS,01t4w00000NunHkAAJ
VARIOS,VARIOS,01t4w00000NunHlAAJ
VARIOS,VARIOS,01t4w00000NunHmAAJ
VARIOS,VARIOS,01t4w00000NunHnAAJ
GRIS,GRIS,01t4w00000NunHoAAJ
GRIS,GRIS,01t4w00000NunHpAAJ
GRIS,GRIS,01t4w00000NunHqAAJ
GRIS,GRIS,01t4w00000NunHrAAJ
GRIS,GRIS,01t4w00000NunHsAAJ
,VARIOS,01t4w00000NunHtAAJ
,VARIOS,01t4w00000NunHuAAJ
,VARIOS,01t4w00000NunHvAAJ
,VARIOS,01t4w00000NunHwAAJ
,VARIOS,01t4w00000NunHxAAJ
,VARIOS,01t4w00000NunHyAAJ
,VARIOS,01t4w00000NunHzAAJ
,VARIOS,01t4w00000NunI0AAJ
,VARIOS,01t4w00000NunI1AAJ
,VARIOS,01t4w00000NunI2AAJ
,VARIOS,01t4w00000NunI3AAJ
,VARIOS,01t4w00000NunI4AAJ
,AZUL,01t4w00000NunI5AAJ
,VARIOS,01t4w00000NunI6AAJ
,VARIOS,01t4w00000NunI7AAJ
,VARIOS,01t4w00000NunI8AAJ
BLANCO + NEGRO,BLANCO + NEGRO,01t4w00000NunI9AAJ
,BLANCO + NEGRO,01t4w00000NunIAAAZ
BLANCO + NEGRO,BLANCO + NEGRO,01t4w00000NunIBAAZ
,BLANCO + NEGRO,01t4w00000NunICAAZ
GOLD,GOLD,01t4w00000NunIDAAZ
,GOLD,01t4w00000NunIEAAZ
NEGRO,NEGRO,01t4w00000NunIFAAZ
,NEGRO,01t4w00000NunIGAAZ
NEGRO+MADERA,NEGRO+MADERA,01t4w00000NunIHAAZ
,NEGRO+MADERA,01t4w00000NunIIAAZ
NEGRO,NEGRO,01t4w00000NunIJAAZ
,NEGRO,01t4w00000NunIKAAZ
BEIGE + NEGRO,BEIGE + NEGRO,01t4w00000NunILAAZ
,BEIGE + NEGRO,01t4w00000NunIMAAZ
MADERA,MADERA,01t4w00000NunINAAZ
,MADERA,01t4w00000NunIOAAZ
NEGRO,NEGRO,01t4w00000NunIPAAZ
,NEGRO,01t4w00000NunIQAAZ
NEGRO,NEGRO,01t4w00000NunIRAAZ
,NEGRO,01t4w00000NunISAAZ
NEGRO+ROJO,NEGRO+ROJO,01t4w00000NunITAAZ
,NEGRO+ROJO,01t4w00000NunIUAAZ
NEGRO,NEGRO,01t4w00000NunIVAAZ
,NEGRO,01t4w00000NunIWAAZ
,NEGRO,01t4w00000NunIXAAZ
NEGRO,NEGRO,01t4w00000NunIYAAZ
,VARIOS,01t4w00000NunIZAAZ
,VARIOS,01t4w00000NunIaAAJ
,VARIOS,01t4w00000NunIbAAJ
,VARIOS,01t4w00000NunIcAAJ
,VARIOS,01t4w00000NunIdAAJ
,VARIOS,01t4w00000NunIeAAJ
,VARIOS,01t4w00000NunIfAAJ
,VARIOS,01t4w00000NunIgAAJ
,VARIOS,01t4w00000NunIhAAJ
,VARIOS,01t4w00000NunIiAAJ
,GRIS,01t4w00000NunIjAAJ
,VARIOS,01t4w00000NunIkAAJ
,VARIOS,01t4w00000NunIlAAJ
,GRIS,01t4w00000NunImAAJ
,GRIS,01t4w00000NunInAAJ
,GRIS,01t4w00000NunIoAAJ
,GRIS,01t4w00000NunIpAAJ
,VARIOS,01t4w00000NunIqAAJ
NEGRO,NEGRO,01t4w00000NunIrAAJ
,NEGRO,01t4w00000NunIsAAJ
MARRON,MARRON,01t4w00000NunIvAAJ
,MARRON,01t4w00000NunIwAAJ
BLANCO,BLANCO,01t4w00000NunIzAAJ
,BLANCO,01t4w00000NunJ0AAJ
BLANCO,BLANCO,01t4w00000NunJ1AAJ
,BLANCO,01t4w00000NunJ2AAJ
CHROME PLATED,CHROME PLATED,01t4w00000NunJ3AAJ
,CHROME PLATED,01t4w00000NunJ4AAJ
BLACK,BLACK,01t4w00000NunJ7AAJ
,BLACK,01t4w00000NunJ8AAJ
BLACK,BLACK,01t4w00000NunJBAAZ
,BLACK,01t4w00000NunJCAAZ
SILVER,SILVER,01t4w00000NunJDAAZ
,SILVER,01t4w00000NunJEAAZ
SILVER,SILVER,01t4w00000NunJLAAZ
,SILVER,01t4w00000NunJMAAZ
GRIS,GRIS,01t4w00000NunJVAAZ
,GRIS,01t4w00000NunJWAAZ
VERDE,VERDE,01t4w00000NunJXAAZ
,VERDE,01t4w00000NunJYAAZ
VERDE,VERDE,01t4w00000NunJZAAZ
,VERDE,01t4w00000NunJaAAJ
,VERDE,01t4w00000NunJbAAJ
VERDE,VERDE,01t4w00000NunJcAAJ
VERDE,VERDE,01t4w00000NunJdAAJ
VERDE,VERDE,01t4w00000NunJeAAJ
VERDE,VERDE,01t4w00000NunJfAAJ
,VERDE,01t4w00000NunJgAAJ
,VERDE,01t4w00000NunJhAAJ
,VERDE,01t4w00000NunJiAAJ
,VERDE,01t4w00000NunJjAAJ
VERDE,VERDE,01t4w00000NunJkAAJ
GRIS,GRIS,01t4w00000NunJlAAJ
,GRIS,01t4w00000NunJmAAJ
GRIS,GRIS,01t4w00000NunJnAAJ
,GRIS,01t4w00000NunJoAAJ
GRIS,GRIS,01t4w00000NunJpAAJ
,GRIS,01t4w00000NunJqAAJ
GRIS,GRIS,01t4w00000NunJrAAJ
,GRIS,01t4w00000NunJsAAJ
,GRIS,01t4w00000NunJtAAJ
GRIS,GRIS,01t4w00000NunJuAAJ
,GRIS,01t4w00000NunJvAAJ
BLANCO,BLANCO,01t4w00000NunJwAAJ
MARRON,MARRON,01t4w00000NunJxAAJ
MARRON,MARRON,01t4w00000NunJyAAJ
GRIS,GRIS,01t4w00000NunJzAAJ
,GRIS,01t4w00000NunK0AAJ
GRIS,GRIS,01t4w00000NunK1AAJ
MARRON,MARRON,01t4w00000NunK2AAJ
GRIS,GRIS,01t4w00000NunK3AAJ
GRIS,GRIS,01t4w00000NunK4AAJ
,GRIS,01t4w00000NunK5AAJ
GRIS,GRIS,01t4w00000NunK6AAJ
ROSA,ROSA,01t4w00000NunK7AAJ
VARIOS,VARIOS,01t4w00000NunK8AAJ
VARIOS,VARIOS,01t4w00000NunK9AAJ
VARIOS,VARIOS,01t4w00000NunKAAAZ
VARIOS,VARIOS,01t4w00000NunKBAAZ
VARIOS,VARIOS,01t4w00000NunKCAAZ
VARIOS,VARIOS,01t4w00000NunKDAAZ
VARIOS,VARIOS,01t4w00000NunKEAAZ
VARIOS,VARIOS,01t4w00000NunKFAAZ
VARIOS,VARIOS,01t4w00000NunKGAAZ
VARIOS,VARIOS,01t4w00000NunKHAAZ
VARIOS,VARIOS,01t4w00000NunKIAAZ
VARIOS,VARIOS,01t4w00000NunKJAAZ
VARIOS,VARIOS,01t4w00000NunKKAAZ
VARIOS,VARIOS,01t4w00000NunKLAAZ
GRIS,GRIS,01t4w00000NunKMAAZ
BLANCO,BLANCO,01t4w00000NunKNAAZ
VARIOS,VARIOS,01t4w00000NunKOAAZ
VARIOS,VARIOS,01t4w00000NunKPAAZ
VARIOS,VARIOS,01t4w00000NunKQAAZ
VARIOS,VARIOS,01t4w00000NunKRAAZ
VARIOS,VARIOS,01t4w00000NunKSAAZ
VARIOS,VARIOS,01t4w00000NunKTAAZ
VARIOS,VARIOS,01t4w00000NunKUAAZ
VARIOS,VARIOS,01t4w00000NunKVAAZ
,VARIOS,01t4w00000NunKWAAZ
,VARIOS,01t4w00000NunKXAAZ
VARIOS,VARIOS,01t4w00000NunKYAAZ
VARIOS,VARIOS,01t4w00000NunKZAAZ
VARIOS,VARIOS,01t4w00000NunKaAAJ
,VARIOS,01t4w00000NunKbAAJ
,VARIOS,01t4w00000NunKcAAJ
,VARIOS,01t4w00000NunKdAAJ
,VARIOS,01t4w00000NunKeAAJ
,VARIOS,01t4w00000NunKfAAJ
,VARIOS,01t4w00000NunKgAAJ
,VARIOS,01t4w00000NunKhAAJ
VARIOS,VARIOS,01t4w00000NunKiAAJ
VARIOS,VARIOS,01t4w00000NunKjAAJ
VARIOS,VARIOS,01t4w00000NunKkAAJ
,VARIOS,01t4w00000NunKlAAJ
,VARIOS,01t4w00000NunKmAAJ
,VARIOS,01t4w00000NunKnAAJ
,VARIOS,01t4w00000NunKoAAJ
,VARIOS,01t4w00000NunKpAAJ
,VARIOS,01t4w00000NunKqAAJ
,VARIOS,01t4w00000NunKrAAJ
,VARIOS,01t4w00000NunKsAAJ
,VARIOS,01t4w00000NunKtAAJ
,VARIOS,01t4w00000NunKuAAJ
VARIOS,VARIOS,01t4w00000NunKvAAJ
VARIOS,VARIOS,01t4w00000NunKwAAJ
VARIOS,VARIOS,01t4w00000NunKxAAJ
VARIOS,VARIOS,01t4w00000NunKyAAJ
VARIOS,VARIOS,01t4w00000NunKzAAJ
VARIOS,VARIOS,01t4w00000NunL0AAJ
,VARIOS,01t4w00000NunL1AAJ
,VARIOS,01t4w00000NunL2AAJ
,VARIOS,01t4w00000NunL3AAJ
,VARIOS,01t4w00000NunL4AAJ
,VARIOS,01t4w00000NunL5AAJ
VARIOS,VARIOS,01t4w00000NunL6AAJ
VARIOS,VARIOS,01t4w00000NunL7AAJ
,VARIOS,01t4w00000NunL8AAJ
VARIOS,VARIOS,01t4w00000NunL9AAJ
,VARIOS,01t4w00000NunLAAAZ
,VARIOS,01t4w00000NunLBAAZ
,VARIOS,01t4w00000NunLCAAZ
,VARIOS,01t4w00000NunLDAAZ
,VARIOS,01t4w00000NunLEAAZ
,VARIOS,01t4w00000NunLFAAZ
VARIOS,VARIOS,01t4w00000NunLGAAZ
VARIOS,VARIOS,01t4w00000NunLHAAZ
VARIOS,VARIOS,01t4w00000NunLIAAZ
VARIOS,VARIOS,01t4w00000NunLJAAZ
VARIOS,VARIOS,01t4w00000NunLKAAZ
VARIOS,VARIOS,01t4w00000NunLLAAZ
VARIOS,VARIOS,01t4w00000NunLMAAZ
VARIOS,VARIOS,01t4w00000NunLNAAZ
VARIOS,VARIOS,01t4w00000NunLOAAZ
VARIOS,VARIOS,01t4w00000NunLPAAZ
VARIOS,VARIOS,01t4w00000NunLQAAZ
,VARIOS,01t4w00000NunLRAAZ
VERDE,VERDE,01t4w00000NunLSAAZ
VERDE,VERDE,01t4w00000NunLTAAZ
ROSA,ROSA,01t4w00000NunLUAAZ
VARIOS,VARIOS,01t4w00000NunLVAAZ
VARIOS,VARIOS,01t4w00000NunLWAAZ
VARIOS,VARIOS,01t4w00000NunLXAAZ
VARIOS,VARIOS,01t4w00000NunLYAAZ
VARIOS,VARIOS,01t4w00000NunLZAAZ
VARIOS,VARIOS,01t4w00000NunLaAAJ
VARIOS,VARIOS,01t4w00000NunLbAAJ
VARIOS,VARIOS,01t4w00000NunLcAAJ
VARIOS,VARIOS,01t4w00000NunLdAAJ
VARIOS,VARIOS,01t4w00000NunLeAAJ
VARIOS,VARIOS,01t4w00000NunLfAAJ
VARIOS,VARIOS,01t4w00000NunLgAAJ
VARIOS,VARIOS,01t4w00000NunLhAAJ
NEGRO+BLANCO,NEGRO+BLANCO,01t4w00000NunLiAAJ
AZUL,AZUL,01t4w00000NunLjAAJ
VARIOS,VARIOS,01t4w00000NunLkAAJ
VARIOS,VARIOS,01t4w00000NunLlAAJ
MARRON,MARRON,01t4w00000NunLmAAJ
BLANCO+ROSA,BLANCO+ROSA,01t4w00000NunLnAAJ
VARIOS,VARIOS,01t4w00000NunLoAAJ
GRIS,GRIS,01t4w00000NunLpAAJ
VARIOS,VARIOS,01t4w00000NunLqAAJ
VARIOS,VARIOS,01t4w00000NunLrAAJ
VARIOS,VARIOS,01t4w00000NunLsAAJ
VARIOS,VARIOS,01t4w00000NunLtAAJ
VARIOS,VARIOS,01t4w00000NunLuAAJ
VARIOS,VARIOS,01t4w00000NunLvAAJ
VARIOS,VARIOS,01t4w00000NunLwAAJ
VARIOS,VARIOS,01t4w00000NunLxAAJ
VARIOS,VARIOS,01t4w00000NunLyAAJ
VARIOS,VARIOS,01t4w00000NunLzAAJ
NEGRO+BLANCO,NEGRO+BLANCO,01t4w00000NunM0AAJ
VARIOS,VARIOS,01t4w00000NunM1AAJ
VARIOS,VARIOS,01t4w00000NunM2AAJ
VARIOS,VARIOS,01t4w00000NunM3AAJ
VARIOS,VARIOS,01t4w00000NunM4AAJ
VARIOS,VARIOS,01t4w00000NunM5AAJ
VARIOS,VARIOS,01t4w00000NunM6AAJ
VARIOS,VARIOS,01t4w00000NunM7AAJ
,VARIOS,01t4w00000NunM8AAJ
,VARIOS,01t4w00000NunM9AAJ
,VARIOS,01t4w00000NunMAAAZ
,VARIOS,01t4w00000NunMBAAZ
,VARIOS,01t4w00000NunMCAAZ
,VARIOS,01t4w00000NunMDAAZ
,VARIOS,01t4w00000NunMEAAZ
,VARIOS,01t4w00000NunMFAAZ
,VARIOS,01t4w00000NunMGAAZ
,VARIOS,01t4w00000NunMHAAZ
,VARIOS,01t4w00000NunMIAAZ
,VARIOS,01t4w00000NunMJAAZ
,VARIOS,01t4w00000NunMKAAZ
,VARIOS,01t4w00000NunMLAAZ
,VARIOS,01t4w00000NunMMAAZ
,VARIOS,01t4w00000NunMNAAZ
,VARIOS,01t4w00000NunMOAAZ
,VARIOS,01t4w00000NunMPAAZ
,VARIOS,01t4w00000NunMQAAZ
,VARIOS,01t4w00000NunMRAAZ
VARIOS,VARIOS,01t4w00000NunMSAAZ
,VARIOS,01t4w00000NunMTAAZ
,VARIOS,01t4w00000NunMUAAZ
,VARIOS,01t4w00000NunMVAAZ
VARIOS,VARIOS,01t4w00000NunMWAAZ
,VARIOS,01t4w00000NunMXAAZ
,VARIOS,01t4w00000NunMYAAZ
,VARIOS,01t4w00000NunMZAAZ
,VARIOS,01t4w00000NunMaAAJ
VARIOS,VARIOS,01t4w00000NunMbAAJ
VARIOS,VARIOS,01t4w00000NunMcAAJ
VARIOS,VARIOS,01t4w00000NunMdAAJ
VARIOS,VARIOS,01t4w00000NunMeAAJ
VARIOS,VARIOS,01t4w00000NunMfAAJ
VARIOS,VARIOS,01t4w00000NunMgAAJ
,VARIOS,01t4w00000NunMhAAJ
VARIOS,VARIOS,01t4w00000NunMiAAJ
,VARIOS,01t4w00000NunMjAAJ
,VARIOS,01t4w00000NunMkAAJ
,VARIOS,01t4w00000NunMlAAJ
,VARIOS,01t4w00000NunMmAAJ
,VARIOS,01t4w00000NunMnAAJ
,VARIOS,01t4w00000NunMoAAJ
,VARIOS,01t4w00000NunMpAAJ
,VARIOS,01t4w00000NunMqAAJ
,VARIOS,01t4w00000NunMrAAJ
,VARIOS,01t4w00000NunMsAAJ
,VARIOS,01t4w00000NunMtAAJ
,VARIOS,01t4w00000NunMuAAJ
,VARIOS,01t4w00000NunMvAAJ
,VARIOS,01t4w00000NunMwAAJ
,VARIOS,01t4w00000NunMxAAJ
,VARIOS,01t4w00000NunMyAAJ
,VARIOS,01t4w00000NunMzAAJ
VARIOS,VARIOS,01t4w00000NunN0AAJ
VARIOS,VARIOS,01t4w00000NunN1AAJ
VARIOS,VARIOS,01t4w00000NunN2AAJ
VARIOS,VARIOS,01t4w00000NunN3AAJ
VARIOS,VARIOS,01t4w00000NunN4AAJ
VARIOS,VARIOS,01t4w00000NunN5AAJ
VARIOS,VARIOS,01t4w00000NunN6AAJ
VARIOS,VARIOS,01t4w00000NunN7AAJ
VARIOS,VARIOS,01t4w00000NunN8AAJ
VARIOS,VARIOS,01t4w00000NunN9AAJ
VARIOS,VARIOS,01t4w00000NunNAAAZ
VARIOS,VARIOS,01t4w00000NunNBAAZ
VARIOS,VARIOS,01t4w00000NunNCAAZ
VARIOS,VARIOS,01t4w00000NunNDAAZ
VARIOS,VARIOS,01t4w00000NunNEAAZ
VARIOS,VARIOS,01t4w00000NunNFAAZ
VARIOS,VARIOS,01t4w00000NunNGAAZ
,VARIOS,01t4w00000NunNHAAZ
VARIOS,VARIOS,01t4w00000NunNIAAZ
,VARIOS,01t4w00000NunNJAAZ
,VARIOS,01t4w00000NunNKAAZ
,VARIOS,01t4w00000NunNLAAZ
,VARIOS,01t4w00000NunNMAAZ
VARIOS,VARIOS,01t4w00000NunNNAAZ
VARIOS,VARIOS,01t4w00000NunNOAAZ
VARIOS,VARIOS,01t4w00000NunNPAAZ
VARIOS,VARIOS,01t4w00000NunNQAAZ
VARIOS,VARIOS,01t4w00000NunNRAAZ
VARIOS,VARIOS,01t4w00000NunNSAAZ
VARIOS,VARIOS,01t4w00000NunNTAAZ
VARIOS,VARIOS,01t4w00000NunNUAAZ
VARIOS,VARIOS,01t4w00000NunNVAAZ
VARIOS,VARIOS,01t4w00000NunNWAAZ
VARIOS,VARIOS,01t4w00000NunNXAAZ
VARIOS,VARIOS,01t4w00000NunNYAAZ
VARIOS,VARIOS,01t4w00000NunNaAAJ
VARIOS,VARIOS,01t4w00000NunNbAAJ
VARIOS,VARIOS,01t4w00000NunNcAAJ
VARIOS,VARIOS,01t4w00000NunNdAAJ
VARIOS,VARIOS,01t4w00000NunNeAAJ
VARIOS,VARIOS,01t4w00000NunNfAAJ
VARIOS,VARIOS,01t4w00000NunNgAAJ
VARIOS,VARIOS,01t4w00000NunNhAAJ
VARIOS,VARIOS,01t4w00000NunNiAAJ
VARIOS,VARIOS,01t4w00000NunNjAAJ
VARIOS,VARIOS,01t4w00000NunNkAAJ
VARIOS,VARIOS,01t4w00000NunNlAAJ
VARIOS,VARIOS,01t4w00000NunNmAAJ
VARIOS,VARIOS,01t4w00000NunNnAAJ
VARIOS,VARIOS,01t4w00000NunNoAAJ
VARIOS,VARIOS,01t4w00000NunNpAAJ
VARIOS,VARIOS,01t4w00000NunNqAAJ
VARIOS,VARIOS,01t4w00000NunNrAAJ
VARIOS,VARIOS,01t4w00000NunNsAAJ
VARIOS,VARIOS,01t4w00000NunNtAAJ
VARIOS,VARIOS,01t4w00000NunNuAAJ
VARIOS,VARIOS,01t4w00000NunNvAAJ
VARIOS,VARIOS,01t4w00000NunNwAAJ
VARIOS,VARIOS,01t4w00000NunNxAAJ
VARIOS,VARIOS,01t4w00000NunNyAAJ
VARIOS,VARIOS,01t4w00000NunNzAAJ
VARIOS,VARIOS,01t4w00000NunO0AAJ
VARIOS,VARIOS,01t4w00000NunO1AAJ
VARIOS,VARIOS,01t4w00000NunO2AAJ
VARIOS,VARIOS,01t4w00000NunO3AAJ
VARIOS,VARIOS,01t4w00000NunO4AAJ
VARIOS,VARIOS,01t4w00000NunO5AAJ
VARIOS,VARIOS,01t4w00000NunO6AAJ
VARIOS,VARIOS,01t4w00000NunO7AAJ
VARIOS,VARIOS,01t4w00000NunO8AAJ
VARIOS,VARIOS,01t4w00000NunO9AAJ
VARIOS,VARIOS,01t4w00000NunOAAAZ
VARIOS,VARIOS,01t4w00000NunOBAAZ
VARIOS,VARIOS,01t4w00000NunOCAAZ
VARIOS,VARIOS,01t4w00000NunODAAZ
VARIOS,VARIOS,01t4w00000NunOEAAZ
VARIOS,VARIOS,01t4w00000NunOFAAZ
VARIOS,VARIOS,01t4w00000NunOGAAZ
VARIOS,VARIOS,01t4w00000NunOHAAZ
VARIOS,VARIOS,01t4w00000NunOIAAZ
VARIOS,VARIOS,01t4w00000NunOJAAZ
VARIOS,VARIOS,01t4w00000NunOKAAZ
VARIOS,VARIOS,01t4w00000NunOLAAZ
VARIOS,VARIOS,01t4w00000NunOMAAZ
VARIOS,VARIOS,01t4w00000NunONAAZ
,VARIOS,01t4w00000NunOOAAZ
VARIOS,VARIOS,01t4w00000NunOPAAZ
VARIOS,VARIOS,01t4w00000NunOQAAZ
VARIOS,VARIOS,01t4w00000NunORAAZ
VARIOS,VARIOS,01t4w00000NunOSAAZ
NEGRO+BLANCO,NEGRO+BLANCO,01t4w00000NunOTAAZ
VARIOS,VARIOS,01t4w00000NunOUAAZ
VARIOS,VARIOS,01t4w00000NunOVAAZ
VARIOS,VARIOS,01t4w00000NunOWAAZ
VARIOS,VARIOS,01t4w00000NunOXAAZ
,VARIOS,01t4w00000NunOYAAZ
,VARIOS,01t4w00000NunOZAAZ
,VARIOS,01t4w00000NunOaAAJ
,VARIOS,01t4w00000NunObAAJ
,VARIOS,01t4w00000NunOcAAJ
,VARIOS,01t4w00000NunOdAAJ
,VARIOS,01t4w00000NunOeAAJ
,VARIOS,01t4w00000NunOfAAJ
,VARIOS,01t4w00000NunOgAAJ
,VARIOS,01t4w00000NunOhAAJ
,VARIOS,01t4w00000NunOiAAJ
,VARIOS,01t4w00000NunOjAAJ
,VARIOS,01t4w00000NunOkAAJ
VARIOS,VARIOS,01t4w00000NunOlAAJ
,VARIOS,01t4w00000NunOmAAJ
,VARIOS,01t4w00000NunOnAAJ
VARIOS,VARIOS,01t4w00000NunOoAAJ
,VARIOS,01t4w00000NunOpAAJ
VARIOS,VARIOS,01t4w00000NunOqAAJ
VARIOS,VARIOS,01t4w00000NunOrAAJ
VARIOS,VARIOS,01t4w00000NunOsAAJ
,VARIOS,01t4w00000NunOtAAJ
,VARIOS,01t4w00000NunOuAAJ
,VARIOS,01t4w00000NunOvAAJ
,VARIOS,01t4w00000NunOwAAJ
,VARIOS,01t4w00000NunOxAAJ
,VARIOS,01t4w00000NunOyAAJ
VARIOS,VARIOS,01t4w00000NunOzAAJ
VARIOS,VARIOS,01t4w00000NunP0AAJ
,VARIOS,01t4w00000NunP1AAJ
,VARIOS,01t4w00000NunP2AAJ
,VARIOS,01t4w00000NunP3AAJ
,VARIOS,01t4w00000NunP4AAJ
,VARIOS,01t4w00000NunP5AAJ
,VARIOS,01t4w00000NunP6AAJ
,VARIOS,01t4w00000NunP7AAJ
,VARIOS,01t4w00000NunP8AAJ
,VARIOS,01t4w00000NunP9AAJ
,VARIOS,01t4w00000NunPAAAZ
,VARIOS,01t4w00000NunPBAAZ
,VARIOS,01t4w00000NunPCAAZ
,VARIOS,01t4w00000NunPDAAZ
,VARIOS,01t4w00000NunPEAAZ
,VARIOS,01t4w00000NunPFAAZ
,VARIOS,01t4w00000NunPGAAZ
,VARIOS,01t4w00000NunPHAAZ
VARIOS,VARIOS,01t4w00000NunPIAAZ
,VARIOS,01t4w00000NunPJAAZ
,VARIOS,01t4w00000NunPKAAZ
,VARIOS,01t4w00000NunPLAAZ
,VARIOS,01t4w00000NunPMAAZ
VARIOS,VARIOS,01t4w00000NunPNAAZ
,VARIOS,01t4w00000NunPOAAZ
,VARIOS,01t4w00000NunPPAAZ
,VARIOS,01t4w00000NunPQAAZ
,VARIOS,01t4w00000NunPRAAZ
,VARIOS,01t4w00000NunPSAAZ
BLANCO,BLANCO,01t4w00000NunPTAAZ
NEGRO,NEGRO,01t4w00000NunPUAAZ
VARIOS,VARIOS,01t4w00000NunPVAAZ
,VARIOS,01t4w00000NunPWAAZ
,VARIOS,01t4w00000NunPXAAZ
MARRON,MARRON,01t4w00000NunPYAAZ
BLANCO,BLANCO,01t4w00000NunPZAAZ
GREEN,GREEN,01t4w00000NunPaAAJ
,VARIOS,01t4w00000NunPbAAJ
,GREEN,01t4w00000NunPcAAJ
,VARIOS,01t4w00000NunPdAAJ
,VARIOS,01t4w00000NunPeAAJ
,VARIOS,01t4w00000NunPfAAJ
,VARIOS,01t4w00000NunPgAAJ
VARIOS,VARIOS,01t4w00000NunPhAAJ
VARIOS,VARIOS,01t4w00000NunPiAAJ
VARIOS,VARIOS,01t4w00000NunPjAAJ
MARRON,MARRON,01t4w00000NunPkAAJ
VARIOS,VARIOS,01t4w00000NunPlAAJ
VARIOS,VARIOS,01t4w00000NunPmAAJ
VARIOS,VARIOS,01t4w00000NunPnAAJ
VARIOS,VARIOS,01t4w00000NunPoAAJ
VARIOS,VARIOS,01t4w00000NunPpAAJ
NEGRO,NEGRO,01t4w00000NunPqAAJ
VARIOS,VARIOS,01t4w00000NunPrAAJ
GRIS,GRIS,01t4w00000NunPsAAJ
VARIOS,VARIOS,01t4w00000NunPtAAJ
VARIOS,VARIOS,01t4w00000NunPuAAJ
MARRON,MARRON,01t4w00000NunPvAAJ
BLANCO,BLANCO,01t4w00000NunPwAAJ
MARRON,MARRON,01t4w00000NunPxAAJ
VARIOS,VARIOS,01t4w00000NunPyAAJ
VARIOS,VARIOS,01t4w00000NunPzAAJ
VERDE,VERDE,01t4w00000NunQ0AAJ
GRIS,GRIS,01t4w00000NunQ1AAJ
VARIOS,VARIOS,01t4w00000NunQ2AAJ
VARIOS,VARIOS,01t4w00000NunQ3AAJ
MARRON,MARRON,01t4w00000NunQ4AAJ
,BLANCO,01t4w00000NunQ5AAJ
,MARRON,01t4w00000NunQ6AAJ
,MARRON,01t4w00000NunQ7AAJ
,MARRON,01t4w00000NunQ8AAJ
,GRIS,01t4w00000NunQ9AAJ
,GRIS,01t4w00000NunQAAAZ
,ROSA,01t4w00000NunQBAAZ
,VARIOS,01t4w00000NunQCAAZ
,VERDE,01t4w00000NunQDAAZ
,BLANCO,01t4w00000NunQEAAZ
,VERDE,01t4w00000NunQFAAZ
,ROSA,01t4w00000NunQGAAZ
,NEGRO+BLANCO,01t4w00000NunQHAAZ
,AZUL,01t4w00000NunQIAAZ
,MARRON,01t4w00000NunQJAAZ
,BLANCO+ROSA,01t4w00000NunQKAAZ
,VARIOS,01t4w00000NunQLAAZ
,VARIOS,01t4w00000NunQMAAZ
,GRIS,01t4w00000NunQNAAZ
,VARIOS,01t4w00000NunQOAAZ
,VARIOS,01t4w00000NunQPAAZ
,VARIOS,01t4w00000NunQQAAZ
,VARIOS,01t4w00000NunQRAAZ
,VARIOS,01t4w00000NunQSAAZ
,VARIOS,01t4w00000NunQTAAZ
,VARIOS,01t4w00000NunQUAAZ
,VARIOS,01t4w00000NunQVAAZ
,VARIOS,01t4w00000NunQWAAZ
,VARIOS,01t4w00000NunQXAAZ
,VARIOS,01t4w00000NunQYAAZ
,GRIS,01t4w00000NunQZAAZ
,VARIOS,01t4w00000NunQaAAJ
,VARIOS,01t4w00000NunQbAAJ
,NEGRO+BLANCO,01t4w00000NunQcAAJ
,VARIOS,01t4w00000NunQdAAJ
,VARIOS,01t4w00000NunQeAAJ
,VARIOS,01t4w00000NunQfAAJ
,VARIOS,01t4w00000NunQgAAJ
,VARIOS,01t4w00000NunQhAAJ
,VARIOS,01t4w00000NunQiAAJ
,VARIOS,01t4w00000NunQjAAJ
,VARIOS,01t4w00000NunQkAAJ
,VARIOS,01t4w00000NunQlAAJ
,VARIOS,01t4w00000NunQmAAJ
,VARIOS,01t4w00000NunQnAAJ
,VARIOS,01t4w00000NunQoAAJ
,VARIOS,01t4w00000NunQpAAJ
,VARIOS,01t4w00000NunQqAAJ
,VARIOS,01t4w00000NunQrAAJ
,VARIOS,01t4w00000NunQsAAJ
,VARIOS,01t4w00000NunQtAAJ
,VARIOS,01t4w00000NunQuAAJ
,VARIOS,01t4w00000NunQwAAJ
,VARIOS,01t4w00000NunQxAAJ
,VARIOS,01t4w00000NunQyAAJ
,VARIOS,01t4w00000NunQzAAJ
,VARIOS,01t4w00000NunR0AAJ
,VARIOS,01t4w00000NunR1AAJ
,VARIOS,01t4w00000NunR2AAJ
,VARIOS,01t4w00000NunR3AAJ
,VARIOS,01t4w00000NunR4AAJ
,VARIOS,01t4w00000NunR5AAJ
,VARIOS,01t4w00000NunR6AAJ
,VARIOS,01t4w00000NunR7AAJ
,VARIOS,01t4w00000NunR8AAJ
,VARIOS,01t4w00000NunR9AAJ
,VARIOS,01t4w00000NunRBAAZ
,VARIOS,01t4w00000NunRCAAZ
,VARIOS,01t4w00000NunRDAAZ
,VARIOS,01t4w00000NunREAAZ
,VARIOS,01t4w00000NunRFAAZ
,VARIOS,01t4w00000NunRGAAZ
,VARIOS,01t4w00000NunRHAAZ
,VARIOS,01t4w00000NunRJAAZ
,VARIOS,01t4w00000NunRKAAZ
,NEGRO+BLANCO,01t4w00000NunRNAAZ
,VARIOS,01t4w00000NunROAAZ
,VARIOS,01t4w00000NunRPAAZ
,VARIOS,01t4w00000NunRQAAZ
,VARIOS,01t4w00000NunRRAAZ
,VARIOS,01t4w00000NunRSAAZ
,VARIOS,01t4w00000NunRTAAZ
,VARIOS,01t4w00000NunRUAAZ
,VARIOS,01t4w00000NunRVAAZ
,MARRON,01t4w00000NunRWAAZ
,GRIS,01t4w00000NunRXAAZ
MARRON,MARRON,01t4w00000NunRaAAJ
,MARRON,01t4w00000NunRbAAJ
MARRON,MARRON,01t4w00000NunRcAAJ
,MARRON,01t4w00000NunRdAAJ
,MADERA,01t4w00000NunReAAJ
,NEGRO,01t4w00000NunRfAAJ
NEGRO+MADERA,NEGRO+MADERA,01t4w00000NunRgAAJ
,NEGRO+MADERA,01t4w00000NunRhAAJ
NEGRO,NEGRO,01t4w00000NunRiAAJ
,NEGRO,01t4w00000NunRjAAJ
MARRON,MARRON,01t4w00000NunRkAAJ
,MARRON,01t4w00000NunRlAAJ
AZUL,AZUL,01t4w00000NunRmAAJ
,AZUL,01t4w00000NunRnAAJ
GRIS,GRIS,01t4w00000NunRoAAJ
,GRIS,01t4w00000NunRpAAJ
MARRON,MARRON,01t4w00000NunRqAAJ
,MARRON,01t4w00000NunRrAAJ
NARANJA,NARANJA,01t4w00000NunRsAAJ
,NARANJA,01t4w00000NunRtAAJ
NEGRO,NEGRO,01t4w00000NunRuAAJ
,NEGRO,01t4w00000NunRvAAJ
ROSA,ROSA,01t4w00000NunRwAAJ
,ROSA,01t4w00000NunRxAAJ
VERDE,VERDE,01t4w00000NunRyAAJ
,VERDE,01t4w00000NunRzAAJ
BEIGE,BEIGE,01t4w00000NunS0AAJ
,BEIGE,01t4w00000NunS1AAJ
NEGRO+ AZUL,NEGRO+ AZUL,01t4w00000NunS2AAJ
,NEGRO+ AZUL,01t4w00000NunS3AAJ
NEGRO+ROJO,NEGRO+ROJO,01t4w00000NunS4AAJ
,NEGRO+ROJO,01t4w00000NunS5AAJ
GRIS,GRIS,01t4w00000NunS6AAJ
,GRIS,01t4w00000NunS7AAJ
AQUA,AQUA,01t4w00000NunS8AAJ
,AQUA,01t4w00000NunS9AAJ
BLANCO,BLANCO,01t4w00000NunSAAAZ
,BLANCO,01t4w00000NunSBAAZ
ROSA,ROSA,01t4w00000NunSCAAZ
,ROSA,01t4w00000NunSDAAZ
BEIGE,BEIGE,01t4w00000NunSEAAZ
,BEIGE,01t4w00000NunSFAAZ
NEGRO,NEGRO,01t4w00000NunSGAAZ
NEGRO,NEGRO,01t4w00000NunSHAAZ
BLANCO,BLANCO,01t4w00000NunSIAAZ
,NEGRO,01t4w00000NunSJAAZ
,NEGRO,01t4w00000NunSKAAZ
,BLANCO,01t4w00000NunSLAAZ
MARRON,MARRON,01t4w00000NunSMAAZ
,MARRON,01t4w00000NunSNAAZ
GRIS,GRIS,01t4w00000NunSOAAZ
,GRIS,01t4w00000NunSPAAZ
MARRON,MARRON,01t4w00000NunSQAAZ
,MARRON,01t4w00000NunSRAAZ
MARRON,MARRON,01t4w00000NunSSAAZ
,MARRON,01t4w00000NunSTAAZ
ROSA,ROSA,01t4w00000NunSUAAZ
,ROSA,01t4w00000NunSVAAZ
ROSA,ROSA,01t4w00000NunSWAAZ
,ROSA,01t4w00000NunSXAAZ
MARRON,MARRON,01t4w00000NunSYAAZ
,MARRON,01t4w00000NunSZAAZ
BLANCO,BLANCO,01t4w00000NunSaAAJ
,BLANCO,01t4w00000NunSbAAJ
NEGRO O BLANCO,NEGRO O BLANCO,01t4w00000NunSeAAJ
,NEGRO O BLANCO,01t4w00000NunSiAAJ
BEIGE,BEIGE,01t4w00000NunSkAAJ
,BEIGE,01t4w00000NunSlAAJ
BEIGE,BEIGE,01t4w00000NunSmAAJ
,BEIGE,01t4w00000NunSnAAJ
NEGRO,NEGRO,01t4w00000NunSoAAJ
,NEGRO,01t4w00000NunSpAAJ
GRIS,GRIS,01t4w00000NunSqAAJ
,GRIS,01t4w00000NunSrAAJ
,VARIOS,01t4w00000NunSsAAJ
,VARIOS,01t4w00000NunStAAJ
,VARIOS,01t4w00000NunSuAAJ
,VARIOS,01t4w00000NunSvAAJ
,VARIOS,01t4w00000NunSwAAJ
,VARIOS,01t4w00000NunSxAAJ
,VARIOS,01t4w00000NunSyAAJ
,VARIOS,01t4w00000NunSzAAJ
,VARIOS,01t4w00000NunT0AAJ
,VARIOS,01t4w00000NunT1AAJ
,NEGRO,01t4w00000NunT2AAJ
120V,120V,01t4w00000NunT3AAJ
,120V,01t4w00000NunT4AAJ
120V,120V,01t4w00000NunT5AAJ
,120V,01t4w00000NunT6AAJ
MARRON,MARRON,01t4w00000NunT7AAJ
,MARRON,01t4w00000NunT8AAJ
MARRON,MARRON,01t4w00000NunT9AAJ
,MARRON,01t4w00000NunTAAAZ
BLANCO+NEGRO,BLANCO+NEGRO,01t4w00000NunTBAAZ
,BLANCO+NEGRO,01t4w00000NunTCAAZ
BLANCO+NEGRO,BLANCO+NEGRO,01t4w00000NunTFAAZ
,BLANCO+NEGRO,01t4w00000NunTGAAZ
BLANCO,BLANCO,01t4w00000NunTHAAZ
,BLANCO,01t4w00000NunTIAAZ
BLANCO,BLANCO,01t4w00000NunTJAAZ
,BLANCO,01t4w00000NunTKAAZ
120V,120V,01t4w00000NunTLAAZ
,120V,01t4w00000NunTMAAZ
120V,120V,01t4w00000NunTNAAZ
,120V,01t4w00000NunTOAAZ
NATURAL+BLANCO,NATURAL+BLANCO,01t4w00000NunTRAAZ
,NATURAL+BLANCO,01t4w00000NunTSAAZ
,BEIGE,01t4w00000NunTTAAZ
BEIGE,BEIGE,01t4w00000NunTUAAZ
,BEIGE,01t4w00000NunTVAAZ
,BLANCO,01t4w00000NunTWAAZ
BLANCO,BLANCO,01t4w00000NunTXAAZ
,BLANCO,01t4w00000NunTYAAZ
BLANCO,BLANCO,01t4w00000NunTZAAZ
,BLANCO,01t4w00000NunTaAAJ
,BLANCO,01t4w00000NunTbAAJ
,BLANCO,01t4w00000NunTcAAJ
MADERA,MADERA,01t4w00000NunTdAAJ
,MADERA,01t4w00000NunTeAAJ
NEGRO,NEGRO,01t4w00000NunTfAAJ
,NEGRO,01t4w00000NunTgAAJ
METAL,METAL,01t4w00000NunThAAJ
,METAL,01t4w00000NunTiAAJ
METAL MADERA,METAL MADERA,01t4w00000NunTjAAJ
,METAL MADERA,01t4w00000NunTkAAJ
VARIOS COLORES,VARIOS COLORES,01t4w00000NunTlAAJ
,VARIOS COLORES,01t4w00000NunTmAAJ
,120V,01t4w00000NunTpAAJ
,120V,01t4w00000NunTqAAJ
NEGRO,NEGRO,01t4w00000NunTrAAJ
,NEGRO,01t4w00000NunTsAAJ
,NEGRO,01t4w00000NunTtAAJ
VERDE,VERDE,01t4w00000NunTuAAJ
NEGRO,VERDE,01t4w00000NunTvAAJ
AZUL,AZUL,01t4w00000NunTwAAJ
,AZUL,01t4w00000NunTxAAJ
GRIS,GRIS,01t4w00000NunTyAAJ
,GRIS,01t4w00000NunTzAAJ
AMARILLO,AMARILLO,01t4w00000NunU0AAJ
,AMARILLO,01t4w00000NunU1AAJ
MARRON,MARRON,01t4w00000NunU2AAJ
NEGRO,NEGRO,01t4w00000NunU3AAJ
MARRÓN,MARRÓN,01t4w00000NunU4AAJ
MARRÓN,MARRÓN,01t4w00000NunU5AAJ
BLANCO,BLANCO,01t4w00000NunU6AAJ
,BLANCO,01t4w00000NunU7AAJ
,NEGRO,01t4w00000NunU8AAJ
,MARRON,01t4w00000NunU9AAJ
,MARRÓN,01t4w00000NunUAAAZ
,MARRÓN,01t4w00000NunUBAAZ
VERDE,VERDE,01t4w00000NunUCAAZ
,VERDE,01t4w00000NunUDAAZ
VERDE,VERDE,01t4w00000NunUEAAZ
,VERDE,01t4w00000NunUFAAZ
NEGRO,NEGRO,01t4w00000NunUGAAZ
NEGRO,NEGRO,01t4w00000NunUHAAZ
BLANCO,BLANCO,01t4w00000NunUIAAZ
BLANCO,BLANCO,01t4w00000NunUJAAZ
CREMA,CREMA,01t4w00000NunUKAAZ
,CREMA,01t4w00000NunULAAZ
GRIS,GRIS,01t4w00000NunUMAAZ
,GRIS,01t4w00000NunUNAAZ
OSCURO,OSCURO,01t4w00000NunUOAAZ
,OSCURO,01t4w00000NunUPAAZ
CHOCOLATE,CHOCOLATE,01t4w00000NunUQAAZ
,CHOCOLATE,01t4w00000NunURAAZ
CHOCOLATE,CHOCOLATE,01t4w00000NunUSAAZ
,CHOCOLATE,01t4w00000NunUTAAZ
BLANCO,BLANCO,01t4w00000NunUUAAZ
,BLANCO,01t4w00000NunUVAAZ
NATURAL+NEGRO,NATURAL+NEGRO,01t4w00000NunUWAAZ
,NATURAL+NEGRO,01t4w00000NunUXAAZ
IMITACION MARMOL,IMITACION MARMOL,01t4w00000NunUYAAZ
,IMITACION MARMOL,01t4w00000NunUZAAZ
NATURAL+NEGRO,NATURAL+NEGRO,01t4w00000NunUaAAJ
,NATURAL+NEGRO,01t4w00000NunUbAAJ
BLANCO+NATURAL,BLANCO+NATURAL,01t4w00000NunUcAAJ
,BLANCO+NATURAL,01t4w00000NunUdAAJ
NEGRO,NEGRO,01t4w00000NunUeAAJ
,NEGRO,01t4w00000NunUfAAJ
NEGRO+NUEZ,NEGRO+NUEZ,01t4w00000NunUgAAJ
,NEGRO+NUEZ,01t4w00000NunUhAAJ
AZUL+NEGRO,AZUL+NEGRO,01t4w00000NunUkAAJ
,AZUL+NEGRO,01t4w00000NunUlAAJ
NATURAL+BLANCO,NATURAL+BLANCO,01t4w00000NunUmAAJ
,NATURAL+BLANCO,01t4w00000NunUnAAJ
NATURAL,NATURAL,01t4w00000NunUoAAJ
,NATURAL,01t4w00000NunUpAAJ
NATURAL,NATURAL,01t4w00000NunUqAAJ
,NATURAL,01t4w00000NunUrAAJ
NATURAL,NATURAL,01t4w00000NunUsAAJ
,NATURAL,01t4w00000NunUtAAJ
VERDE,VERDE,01t4w00000NunUuAAJ
,VERDE,01t4w00000NunUvAAJ
VERDE,VERDE,01t4w00000NunUwAAJ
,VERDE,01t4w00000NunUxAAJ
VERDE,VERDE,01t4w00000NunUyAAJ
VERDE,VERDE,01t4w00000NunUzAAJ
,VERDE,01t4w00000NunV0AAJ
,VERDE,01t4w00000NunV1AAJ
VERDE,VERDE,01t4w00000NunV2AAJ
,VERDE,01t4w00000NunV3AAJ
VERDE,VERDE,01t4w00000NunV4AAJ
,VERDE,01t4w00000NunV5AAJ
VERDE,VERDE,01t4w00000NunV6AAJ
,VERDE,01t4w00000NunV7AAJ
VERDE,VERDE,01t4w00000NunV8AAJ
,VERDE,01t4w00000NunV9AAJ
VERDE,VERDE,01t4w00000NunVAAAZ
,VERDE,01t4w00000NunVBAAZ
VERDE,VERDE,01t4w00000NunVCAAZ
,VERDE,01t4w00000NunVDAAZ
VERDE,VERDE,01t4w00000NunVEAAZ
,VERDE,01t4w00000NunVFAAZ
VERDE,VERDE,01t4w00000NunVGAAZ
,VERDE,01t4w00000NunVHAAZ
VERDE,VERDE,01t4w00000NunVIAAZ
,VERDE,01t4w00000NunVJAAZ
VERDE,VERDE,01t4w00000NunVKAAZ
,VERDE,01t4w00000NunVLAAZ
VERDE,VERDE,01t4w00000NunVMAAZ
,VERDE,01t4w00000NunVNAAZ
VERDE,VERDE,01t4w00000NunVOAAZ
,VERDE,01t4w00000NunVPAAZ
VERDE,VERDE,01t4w00000NunVQAAZ
,VERDE,01t4w00000NunVRAAZ
VERDE,VERDE,01t4w00000NunVSAAZ
,VERDE,01t4w00000NunVTAAZ
VERDE,VERDE,01t4w00000NunVUAAZ
,VERDE,01t4w00000NunVVAAZ
VERDE,VERDE,01t4w00000NunVWAAZ
,VERDE,01t4w00000NunVXAAZ
VERDE,VERDE,01t4w00000NunVYAAZ
,VERDE,01t4w00000NunVZAAZ
VERDE,VERDE,01t4w00000NunVaAAJ
,VERDE,01t4w00000NunVbAAJ
VERDE,VERDE,01t4w00000NunVcAAJ
,VERDE,01t4w00000NunVdAAJ
VERDE,VERDE,01t4w00000NunVeAAJ
,VERDE,01t4w00000NunVfAAJ
VERDE,VERDE,01t4w00000NunVgAAJ
,VERDE,01t4w00000NunVhAAJ
VERDE,VERDE,01t4w00000NunViAAJ
,VERDE,01t4w00000NunVjAAJ
VERDE,VERDE,01t4w00000NunVkAAJ
,VERDE,01t4w00000NunVlAAJ
VERDE,VERDE,01t4w00000NunVmAAJ
,VERDE,01t4w00000NunVnAAJ
VERDE,VERDE,01t4w00000NunVoAAJ
,VERDE,01t4w00000NunVpAAJ
BLANCO,BLANCO,01t4w00000NunVqAAJ
,BLANCO,01t4w00000NunVrAAJ
VARIOS,VARIOS,01t4w00000NunVsAAJ
,VARIOS,01t4w00000NunVtAAJ
MARRON,MARRON,01t4w00000NunVuAAJ
,MARRON,01t4w00000NunVvAAJ
MARRON,MARRON,01t4w00000NunVwAAJ
,MARRON,01t4w00000NunVxAAJ
NEGRO,NEGRO,01t4w00000NunVyAAJ
,NEGRO,01t4w00000NunVzAAJ
NIÑA,NIÑA,01t4w00000NunW0AAJ
,NIÑA,01t4w00000NunW1AAJ
NIÑO,NIÑO,01t4w00000NunW2AAJ
,NIÑO,01t4w00000NunW3AAJ
NIÑA,NIÑA,01t4w00000NunW4AAJ
,NIÑA,01t4w00000NunW5AAJ
NIÑO,NIÑO,01t4w00000NunW6AAJ
,NIÑO,01t4w00000NunW7AAJ
BLANCO,BLANCO,01t4w00000NunW8AAJ
,BLANCO,01t4w00000NunW9AAJ
,BLACK,01t4w00000NunWAAAZ
,MADERA,01t4w00000NunWBAAZ
BLANCO,BLANCO,01t4w00000NunWCAAZ
BLANCO,BLANCO,01t4w00000NunWDAAZ
BLANCO,BLANCO,01t4w00000NunWEAAZ
,BLANCO,01t4w00000NunWFAAZ
,BLANCO,01t4w00000NunWGAAZ
BLANCO,BLANCO,01t4w00000NunWHAAZ
,BLANCO,01t4w00000NunWIAAZ
VARIOS,VARIOS,01t4w00000NunWJAAZ
,VARIOS,01t4w00000NunWKAAZ
"BLANCO (3,5cm)","BLANCO (3,5cm)",01t4w00000NunWLAAZ
BLANCO,"BLANCO (3,5cm)",01t4w00000NunWMAAZ
BLACK,BLACK,01t4w00000NunWNAAZ
,BLACK,01t4w00000NunWOAAZ
NEGRO,NEGRO,01t4w00000NunWPAAZ
,NEGRO,01t4w00000NunWQAAZ
,NEGRO,01t4w00000NunWRAAZ
,BLANCO,01t4w00000NunWSAAZ
VARIOS,VARIOS,01t4w00000NunWTAAZ
,VARIOS,01t4w00000NunWUAAZ
NEGRO,NEGRO,01t4w00000NunWVAAZ
,NEGRO,01t4w00000NunWWAAZ
NEGRO,NEGRO,01t4w00000NunWXAAZ
,NEGRO,01t4w00000NunWYAAZ
VERDE,VERDE,01t4w00000NunWZAAZ
,VERDE,01t4w00000NunWaAAJ
BEIGE,BEIGE,01t4w00000NunWbAAJ
,BEIGE,01t4w00000NunWcAAJ
NEGRO,NEGRO,01t4w00000NunWdAAJ
,NEGRO,01t4w00000NunWeAAJ
GRIS,GRIS,01t4w00000NunWfAAJ
,GRIS,01t4w00000NunWgAAJ
GRIS - NEGRO,GRIS - NEGRO,01t4w00000NunWhAAJ
,GRIS - NEGRO,01t4w00000NunWiAAJ
NEGRO,NEGRO,01t4w00000NunWjAAJ
,NEGRO,01t4w00000NunWkAAJ
NEGRO,NEGRO,01t4w00000NunWlAAJ
MARRON,MARRON,01t4w00000NunWmAAJ
,MARRON,01t4w00000NunWnAAJ
NEGRO,NEGRO,01t4w00000NunWoAAJ
,MARRON,01t4w00000NunWpAAJ
GRIS,GRIS,01t4w00000NunWqAAJ
,GRIS,01t4w00000NunWrAAJ
MARRON,MARRON,01t4w00000NunWsAAJ
,MARRON,01t4w00000NunWtAAJ
GRIS,GRIS,01t4w00000NunWuAAJ
,GRIS,01t4w00000NunWvAAJ
GRIS,GRIS,01t4w00000NunWwAAJ
NEGRO,NEGRO,01t4w00000NunWxAAJ
,NEGRO,01t4w00000NunWyAAJ
MARRON,MARRON,01t4w00000NunWzAAJ
,MARRON,01t4w00000NunX0AAJ
GRIS,GRIS,01t4w00000NunX1AAJ
NEGRO,NEGRO,01t4w00000NunX2AAJ
BRONCE,BRONCE,01t4w00000NunX3AAJ
,BRONCE,01t4w00000NunX4AAJ
NEGRO,NEGRO,01t4w00000NunX5AAJ
,NEGRO,01t4w00000NunX6AAJ
AZUL,AZUL,01t4w00000NunX7AAJ
,AZUL,01t4w00000NunX8AAJ
NEGRO,NEGRO,01t4w00000NunX9AAJ
,NEGRO,01t4w00000NunXAAAZ
NEGRO,NEGRO,01t4w00000NunXBAAZ
,NEGRO,01t4w00000NunXCAAZ
,GRIS,01t4w00000NunXDAAZ
,NEGRO,01t4w00000NunXEAAZ
,GRIS,01t4w00000NunXFAAZ
,NEGRO,01t4w00000NunXGAAZ
,NEGRO,01t4w00000NunXHAAZ
MARRON,MARRON,01t4w00000NunXIAAZ
,MARRON,01t4w00000NunXJAAZ
ORO,ORO,01t4w00000NunXKAAZ
,ORO,01t4w00000NunXLAAZ
GRIS,GRIS,01t4w00000NunXMAAZ
,GRIS,01t4w00000NunXNAAZ
,NEGRO,01t4w00000NunXOAAZ
BRONCE,BRONCE,01t4w00000NunXPAAZ
,BRONCE,01t4w00000NunXQAAZ
GRIS,GRIS,01t4w00000NunXRAAZ
,VERDE,01t4w00000NunXSAAZ
NEGRO,NEGRO,01t4w00000NunXTAAZ
,GRIS,01t4w00000NunXUAAZ
BRONCE,BRONCE,01t4w00000NunXVAAZ
,BRONCE,01t4w00000NunXWAAZ
NEGRO,NEGRO,01t4w00000NunXXAAZ
VERDE,VERDE,01t4w00000NunXYAAZ
MARRON,MARRON,01t4w00000NunXZAAZ
,MARRON,01t4w00000NunXaAAJ
BRONCE,BRONCE,01t4w00000NunXbAAJ
,BRONCE,01t4w00000NunXcAAJ
NARANJA,NARANJA,01t4w00000NunXdAAJ
,NARANJA,01t4w00000NunXeAAJ
,NEGRO,01t4w00000NunXfAAJ
NEGRO,NEGRO,01t4w00000NunXgAAJ
,NEGRO,01t4w00000NunXhAAJ
NEGRO,NEGRO,01t4w00000NunXiAAJ
,NEGRO,01t4w00000NunXjAAJ
BLANCO,BLANCO,01t4w00000NunXkAAJ
,BLANCO,01t4w00000NunXlAAJ
NEGRO,NEGRO,01t4w00000NunXmAAJ
,NEGRO,01t4w00000NunXnAAJ
NEGRO + MARRON,NEGRO + MARRON,01t4w00000NunXoAAJ
,NEGRO + MARRON,01t4w00000NunXpAAJ
,NEGRO + MARRON,01t4w00000NunXqAAJ
NEGRO + MARRON,NEGRO + MARRON,01t4w00000NunXrAAJ
NEGRO + MARRON,NEGRO + MARRON,01t4w00000NunXsAAJ
,NEGRO + MARRON,01t4w00000NunXtAAJ
NEGRO,NEGRO,01t4w00000NunXuAAJ
,NEGRO,01t4w00000NunXvAAJ
BLANCO + NEGRO,BLANCO + NEGRO,01t4w00000NunXwAAJ
,BLANCO + NEGRO,01t4w00000NunXxAAJ
GRIS,GRIS,01t4w00000NunXyAAJ
,GRIS,01t4w00000NunXzAAJ
NEGRO,NEGRO,01t4w00000NunY0AAJ
,NEGRO,01t4w00000NunY1AAJ
BLANCO,BLANCO,01t4w00000NunY2AAJ
,BLANCO,01t4w00000NunY3AAJ
NEGRO,NEGRO,01t4w00000NunY4AAJ
,NEGRO,01t4w00000NunY5AAJ
COLORES,COLORES,01t4w00000NunY6AAJ
,COLORES,01t4w00000NunY7AAJ
GRIS,GRIS,01t4w00000NunY8AAJ
,GRIS,01t4w00000NunY9AAJ
NEGRO,NEGRO,01t4w00000NunYAAAZ
GRIS,GRIS,01t4w00000NunYBAAZ
,GRIS,01t4w00000NunYCAAZ
GRIS,GRIS,01t4w00000NunYDAAZ
,GRIS,01t4w00000NunYEAAZ
GRIS,GRIS,01t4w00000NunYFAAZ
,GRIS,01t4w00000NunYGAAZ
MARRON,MARRON,01t4w00000NunYHAAZ
GRIS + AZUL,GRIS + AZUL,01t4w00000NunYIAAZ
PINO,PINO,01t4w00000NunYJAAZ
,PINO,01t4w00000NunYKAAZ
MARRON + NEGRO,MARRON + NEGRO,01t4w00000NunYLAAZ
MARRON,MARRON,01t4w00000NunYMAAZ
,MARRON,01t4w00000NunYNAAZ
GRIS,GRIS,01t4w00000NunYOAAZ
NEGRO + AZUL,NEGRO + AZUL,01t4w00000NunYPAAZ
,NEGRO,01t4w00000NunYQAAZ
,MARRON,01t4w00000NunYRAAZ
,NEGRO + AZUL,01t4w00000NunYSAAZ
,GRIS + AZUL,01t4w00000NunYTAAZ
,GRIS,01t4w00000NunYUAAZ
,MARRON + NEGRO,01t4w00000NunYVAAZ
NEGRO,NEGRO,01t4w00000NunYWAAZ
,NEGRO,01t4w00000NunYXAAZ
MARRON + NEGRO + TRANSPARENTE,MARRON + NEGRO + TRANSPARENTE,01t4w00000NunYYAAZ
NEGRO,NEGRO,01t4w00000NunYZAAZ
,NEGRO,01t4w00000NunYaAAJ
,MARRON + NEGRO + TRANSPARENTE,01t4w00000NunYbAAJ
MARRON,MARRON,01t4w00000NunYcAAJ
,MARRON,01t4w00000NunYdAAJ
VERDE + TRANSPARENTE,VERDE + TRANSPARENTE,01t4w00000NunYeAAJ
,VERDE + TRANSPARENTE,01t4w00000NunYfAAJ
MARRON,MARRON,01t4w00000NunYgAAJ
,MARRON,01t4w00000NunYhAAJ
NEGRO,NEGRO,01t4w00000NunYiAAJ
,NEGRO,01t4w00000NunYjAAJ
NEGRO,NEGRO,01t4w00000NunYkAAJ
,NEGRO,01t4w00000NunYlAAJ
,NEGRO + ROJO,01t4w00000NunYmAAJ
,NEGRO + ROJO,01t4w00000NunYnAAJ
,NEGRO + VARIOS COLORES,01t4w00000NunYoAAJ
,NEGRO + GRIS,01t4w00000NunYqAAJ
NEGRO,NEGRO,01t4w00000NunYrAAJ
,NEGRO,01t4w00000NunYsAAJ
NEGRO,NEGRO,01t4w00000NunYtAAJ
,NEGRO,01t4w00000NunYuAAJ
NEGRO,NEGRO,01t4w00000NunYvAAJ
,NEGRO,01t4w00000NunYwAAJ
NEGRO,NEGRO,01t4w00000NunYxAAJ
,NEGRO,01t4w00000NunYyAAJ
MARRON,MARRON,01t4w00000NunYzAAJ
,MARRON,01t4w00000NunZ0AAJ
NEGRO + TRANSPARENTE,NEGRO + TRANSPARENTE,01t4w00000NunZ1AAJ
,NEGRO + TRANSPARENTE,01t4w00000NunZ2AAJ
NEGRO,NEGRO,01t4w00000NunZ3AAJ
,NEGRO,01t4w00000NunZ4AAJ
,NEGRO,01t4w00000NunZ5AAJ
NEGRO,NEGRO,01t4w00000NunZ6AAJ
,NEGRO,01t4w00000NunZ7AAJ
NEGRO,NEGRO,01t4w00000NunZ8AAJ
,NEGRO,01t4w00000NunZ9AAJ
NEGRO,NEGRO,01t4w00000NunZAAAZ
NEGRO,NEGRO,01t4w00000NunZBAAZ
,NEGRO,01t4w00000NunZCAAZ
NEGRO,NEGRO,01t4w00000NunZDAAZ
,NEGRO,01t4w00000NunZEAAZ
AMARILLO + NEGRO,AMARILLO + NEGRO,01t4w00000NunZFAAZ
,AMARILLO + NEGRO,01t4w00000NunZGAAZ
NEGRO + TRANSPARENT,NEGRO + TRANSPARENT,01t4w00000NunZHAAZ
,NEGRO + TRANSPARENT,01t4w00000NunZIAAZ
AMARILLO,AMARILLO,01t4w00000NunZJAAZ
,AMARILLO,01t4w00000NunZKAAZ
NEGRO,NEGRO,01t4w00000NunZLAAZ
,NEGRO,01t4w00000NunZMAAZ
NEGRO,NEGRO,01t4w00000NunZNAAZ
,NEGRO,01t4w00000NunZOAAZ
NEGRO,NEGRO,01t4w00000NunZPAAZ
,NEGRO,01t4w00000NunZQAAZ
MARRON,MARRON,01t4w00000NunZRAAZ
,MARRON,01t4w00000NunZSAAZ
NEGRO + MARRON,NEGRO + MARRON,01t4w00000NunZTAAZ
,NEGRO + MARRON,01t4w00000NunZUAAZ
NEGRO + TRANSPARENTE,NEGRO + TRANSPARENTE,01t4w00000NunZVAAZ
,NEGRO + TRANSPARENTE,01t4w00000NunZWAAZ
MARRON + NEGRO,MARRON + NEGRO,01t4w00000NunZXAAZ
,MARRON + NEGRO,01t4w00000NunZYAAZ
,CAMEL VINTAGE,01t4w00000NunZZAAZ
NEGRO + TRANSPARENTE,NEGRO + TRANSPARENTE,01t4w00000NunZaAAJ
,NEGRO + TRANSPARENTE,01t4w00000NunZbAAJ
MARRON,MARRON,01t4w00000NunZcAAJ
,MARRON,01t4w00000NunZdAAJ
MARRON + TRANSPARENTE,MARRON + TRANSPARENTE,01t4w00000NunZeAAJ
,MARRON + TRANSPARENTE,01t4w00000NunZfAAJ
MARRON + NEGRO,MARRON + NEGRO,01t4w00000NunZgAAJ
,MARRON + NEGRO,01t4w00000NunZhAAJ
MARRON,MARRON,01t4w00000NunZiAAJ
,MARRON,01t4w00000NunZjAAJ
White /Black /Silver,White /Black /Silver,01t4w00000NunZkAAJ
,White /Black /Silver,01t4w00000NunZlAAJ
White /Black /Silver,White /Black /Silver,01t4w00000NunZmAAJ
,White /Black /Silver,01t4w00000NunZnAAJ
NEGRO,NEGRO,01t4w00000NunZoAAJ
,NEGRO,01t4w00000NunZpAAJ
BLANCO/NEGRO,BLANCO/NEGRO,01t4w00000NunZqAAJ
,BLANCO/NEGRO,01t4w00000NunZrAAJ
BLANCO/NEGRO,BLANCO/NEGRO,01t4w00000NunZsAAJ
,BLANCO/NEGRO,01t4w00000NunZtAAJ
White /Black /Silver,White /Black /Silver,01t4w00000NunZuAAJ
,White /Black /Silver,01t4w00000NunZvAAJ
White /Black /Silver,White /Black /Silver,01t4w00000NunZwAAJ
,White /Black /Silver,01t4w00000NunZxAAJ
,GRIS,01t4w00000NunZyAAJ
Sliver/ Black,Sliver/ Black,01t4w00000NunZzAAJ
,Sliver/ Black,01t4w00000Nuna0AAB
,BLANCO+NATURAL,01t4w00000Nuna1AAB
BLANCO/NEGRO,BLANCO/NEGRO,01t4w00000Nuna2AAB
,BLANCO/NEGRO,01t4w00000Nuna3AAB
,NEGRO+ROJO,01t4w00000Nuna4AAB
VARIOS,VARIOS,01t4w00000Nuna5AAB
,VARIOS,01t4w00000Nuna6AAB
AZUL,AZUL,01t4w00000Nuna7AAB
,AZUL,01t4w00000Nuna8AAB
ECRU,ECRU,01t4w00000Nuna9AAB
,ECRU,01t4w00000NunaAAAR
AZUL,AZUL,01t4w00000NunaBAAR
,AZUL,01t4w00000NunaCAAR
VARIOS,VARIOS,01t4w00000NunaDAAR
,VARIOS,01t4w00000NunaEAAR
NATURAL+AZUL,NATURAL+AZUL,01t4w00000NunaFAAR
,NATURAL+AZUL,01t4w00000NunaGAAR
NEGRO,NEGRO,01t4w00000NunaHAAR
,NEGRO,01t4w00000NunaIAAR
VARIOS,VARIOS,01t4w00000NunaJAAR
,VARIOS,01t4w00000NunaKAAR
VARIOS,VARIOS,01t4w00000NunaLAAR
,VARIOS,01t4w00000NunaMAAR
GRIS,GRIS,01t4w00000NunaNAAR
,GRIS,01t4w00000NunaOAAR
GREY,GREY,01t4w00000NunaPAAR
,GREY,01t4w00000NunaQAAR
BLANCO,BLANCO,01t4w00000NunaRAAR
,BLANCO,01t4w00000NunaSAAR
,BLANCO,01t4w00000NunaTAAR
NEGRO,NEGRO,01t4w00000NunaUAAR
,NEGRO,01t4w00000NunaVAAR
,MARRON + NEGRO,01t4w00000NunaWAAR
MARRON + NEGRO,MARRON + NEGRO,01t4w00000NunaXAAR
MARRON,MARRON,01t4w00000NunaYAAR
,MARRON,01t4w00000NunaZAAR
,MARRON + NEGRO,01t4w00000NunaaAAB
MARRON + NEGRO,MARRON + NEGRO,01t4w00000NunabAAB
NEGRO,NEGRO,01t4w00000NunacAAB
,NEGRO,01t4w00000NunadAAB
GRIS,GRIS,01t4w00000NunaeAAB
,GRIS,01t4w00000NunafAAB
,MARRON,01t4w00000NunagAAB
MARRON,MARRON,01t4w00000NunahAAB
MARRON,MARRON,01t4w00000NunaiAAB
MARRON,MARRON,01t4w00000NunajAAB
,MARRON,01t4w00000NunakAAB
,MARRON,01t4w00000NunalAAB
GRIS,GRIS,01t4w00000NunamAAB
,GRIS,01t4w00000NunanAAB
Blanco + Gris,Blanco + Gris,01t4w00000NunaoAAB
,Blanco + Gris,01t4w00000NunapAAB
GRIS + NEGRO,GRIS + NEGRO,01t4w00000NunaqAAB
,GRIS + NEGRO,01t4w00000NunarAAB
AMARILLO + NEGRO,AMARILLO + NEGRO,01t4w00000NunasAAB
,AMARILLO + NEGRO,01t4w00000NunatAAB
NATURAL,NATURAL,01t4w00000NunauAAB
NATURAL,NATURAL,01t4w00000NunavAAB
NATURAL,NATURAL,01t4w00000NunawAAB
NATURAL,NATURAL,01t4w00000NunaxAAB
NATURAL,NATURAL,01t4w00000NunayAAB
CHOCOLATE,CHOCOLATE,01t4w00000NunazAAB
CHOCOLATE,CHOCOLATE,01t4w00000Nunb0AAB
VERDE,VERDE,01t4w00000Nunb1AAB
VERDE,VERDE,01t4w00000Nunb2AAB
VERDE,VERDE,01t4w00000Nunb3AAB
VERDE,VERDE,01t4w00000Nunb4AAB
VERDE,VERDE,01t4w00000Nunb5AAB
NATURAL,NATURAL,01t4w00000Nunb6AAB
NATURAL,NATURAL,01t4w00000Nunb7AAB
NATURAL + NEGRO,NATURAL + NEGRO,01t4w00000Nunb8AAB
NATURAL,NATURAL,01t4w00000Nunb9AAB
NATURAL + NEGRO,NATURAL + NEGRO,01t4w00000NunbAAAR
NATURAL + NEGRO,NATURAL + NEGRO,01t4w00000NunbBAAR
NATURAL + NEGRO,NATURAL + NEGRO,01t4w00000NunbCAAR
NATURAL + NEGRO,NATURAL + NEGRO,01t4w00000NunbDAAR
NATURAL + NEGRO,NATURAL + NEGRO,01t4w00000NunbEAAR
NATURAL + NEGRO,NATURAL + NEGRO,01t4w00000NunbFAAR
NATURAL + NEGRO,NATURAL + NEGRO,01t4w00000NunbGAAR
NATURAL + NEGRO,NATURAL + NEGRO,01t4w00000NunbHAAR
NATURAL + NEGRO,NATURAL + NEGRO,01t4w00000NunbIAAR
NATURAL + NEGRO,NATURAL + NEGRO,01t4w00000NunbJAAR
NATURAL + NEGRO,NATURAL + NEGRO,01t4w00000NunbKAAR
NATURAL + NEGRO,NATURAL + NEGRO,01t4w00000NunbLAAR
NATURAL + NEGRO,NATURAL + NEGRO,01t4w00000NunbMAAR
NATURAL + NEGRO,NATURAL + NEGRO,01t4w00000NunbNAAR
NATURAL + NEGRO,NATURAL + NEGRO,01t4w00000NunbOAAR
BEIGE + DORADO,BEIGE + DORADO,01t4w00000NunbPAAR
VARIOS,VARIOS,01t4w00000NunbQAAR
VARIOS,VARIOS,01t4w00000NunbRAAR
VARIOS,VARIOS,01t4w00000NunbSAAR
VARIOS,VARIOS,01t4w00000NunbTAAR
VARIOS,VARIOS,01t4w00000NunbUAAR
VARIOS,VARIOS,01t4w00000NunbVAAR
VARIOS,VARIOS,01t4w00000NunbWAAR
IMITACION DENIM,IMITACION DENIM,01t4w00000NunbXAAR
VARIOS,VARIOS,01t4w00000NunbYAAR
VARIOS,VARIOS,01t4w00000NunbZAAR
BEIGE + NEGRO,BEIGE + NEGRO,01t4w00000NunbaAAB
BEIGE + NEGRO,BEIGE + NEGRO,01t4w00000NunbbAAB
BEIGE+ NEGRO,BEIGE+ NEGRO,01t4w00000NunbcAAB
BLANCO + NEGRO,BLANCO + NEGRO,01t4w00000NunbdAAB
GRIS,GRIS,01t4w00000NunbeAAB
NEGRO,NEGRO,01t4w00000NunbfAAB
BEIGE + NEGRO,BEIGE + NEGRO,01t4w00000NunbgAAB
BEIGE + NEGRO,BEIGE + NEGRO,01t4w00000NunbhAAB
BEIGE + NATURAL,BEIGE + NATURAL,01t4w00000NunbiAAB
BEIGE + NEGRO,BEIGE + NEGRO,01t4w00000NunbjAAB
BEIGE + NEGRO,BEIGE + NEGRO,01t4w00000NunbkAAB
BEIGE + NEGRO,BEIGE + NEGRO,01t4w00000NunblAAB
NATURAL + BEIGE,NATURAL + BEIGE,01t4w00000NunbmAAB
NEGRO + NATURAL,NEGRO + NATURAL,01t4w00000NunbnAAB
NATURAL + BEIGE,NATURAL + BEIGE,01t4w00000NunboAAB
NEGRO + NATURAL,NEGRO + NATURAL,01t4w00000NunbpAAB
BEIGE + NEGRO,BEIGE + NEGRO,01t4w00000NunbqAAB
NEGRO + NATURAL,NEGRO + NATURAL,01t4w00000NunbrAAB
NEGRO + NATURAL,NEGRO + NATURAL,01t4w00000NunbsAAB
NEGRO + NATURAL,NEGRO + NATURAL,01t4w00000NunbtAAB
NATURAL + NEGRO,NATURAL + NEGRO,01t4w00000NunbuAAB
NEGRO + NATURAL,NEGRO + NATURAL,01t4w00000NunbvAAB
NATURAL + MADERA,NATURAL + MADERA,01t4w00000NunbwAAB
NEGRO + MADERA,NEGRO + MADERA,01t4w00000NunbxAAB
NEGRO + NATURAL,NEGRO + NATURAL,01t4w00000NunbyAAB
NATURAL + NEGRO,NATURAL + NEGRO,01t4w00000NunbzAAB
NEGRO + NATURAL,NEGRO + NATURAL,01t4w00000Nunc0AAB
NEGRO + NATURAL,NEGRO + NATURAL,01t4w00000Nunc1AAB
NEGRO + NATURAL,NEGRO + NATURAL,01t4w00000Nunc2AAB
NATURAL + NEGRO,NATURAL + NEGRO,01t4w00000Nunc3AAB
NEGRO + NATURAL,NEGRO + NATURAL,01t4w00000Nunc4AAB
NATURAL + NEGRO,NATURAL + NEGRO,01t4w00000Nunc5AAB
NEGRO + NATURAL,NEGRO + NATURAL,01t4w00000Nunc6AAB
NATURAL + NEGRO,NATURAL + NEGRO,01t4w00000Nunc7AAB
NEGRO + NATURAL,NEGRO + NATURAL,01t4w00000Nunc8AAB
NEGRO + NATURAL,NEGRO + NATURAL,01t4w00000Nunc9AAB
NEGRO + NATURAL,NEGRO + NATURAL,01t4w00000NuncAAAR
NATURAL + NEGRO,NATURAL + NEGRO,01t4w00000NuncBAAR
NATURAL + NEGRO,NATURAL + NEGRO,01t4w00000NuncCAAR
NATURAL+NEGRO,NATURAL+NEGRO,01t4w00000NuncDAAR
NATURAL+NEGRO,NATURAL+NEGRO,01t4w00000NuncEAAR
NATURAL+NEGRO,NATURAL+NEGRO,01t4w00000NuncFAAR
CHOCOLATE+BLANCO,CHOCOLATE+BLANCO,01t4w00000NuncGAAR
NATURAL+NEGRO,NATURAL+NEGRO,01t4w00000NuncHAAR
NATURAL+NEGRO,NATURAL+NEGRO,01t4w00000NuncIAAR
IMITACION CEMENTO,IMITACION CEMENTO,01t4w00000NuncJAAR
IMITACION CEMENTO,IMITACION CEMENTO,01t4w00000NuncKAAR
NATURAL+NEGRO,NATURAL+NEGRO,01t4w00000NuncLAAR
GRIS+BLANCO,GRIS+BLANCO,01t4w00000NuncMAAR
CAFÉ,CAFÉ,01t4w00000NuncNAAR
BLANCO,BLANCO,01t4w00000NuncOAAR
CAFÉ,CAFÉ,01t4w00000NuncPAAR
NATURAL+BLANCO,NATURAL+BLANCO,01t4w00000NuncQAAR
CAFÉ + BLANCO,CAFÉ + BLANCO,01t4w00000NuncRAAR
CAMEL VINTAGE,CAMEL VINTAGE,01t4w00000NuncSAAR
CAMEL VINTAGE,CAMEL VINTAGE,01t4w00000NuncTAAR
CAMEL VINTAGE,CAMEL VINTAGE,01t4w00000NuncUAAR
CAMEL VINTAGE,CAMEL VINTAGE,01t4w00000NuncVAAR
CHOCOLATE VINTAGE,CHOCOLATE VINTAGE,01t4w00000NuncWAAR
CAMEL VINTAGE,CAMEL VINTAGE,01t4w00000NuncXAAR
AZUL VINTAGE,AZUL VINTAGE,01t4w00000NuncYAAR
BLANCO + CAFÉ,BLANCO + CAFÉ,01t4w00000NuncZAAR
CAMEL VINTAGE,CAMEL VINTAGE,01t4w00000NuncaAAB
GRIS,GRIS,01t4w00000NuncbAAB
GRIS OSCURO,GRIS OSCURO,01t4w00000NunccAAB
VERDE,VERDE,01t4w00000NuncdAAB
GRIS,GRIS,01t4w00000NunceAAB
GRIS OSCURO,GRIS OSCURO,01t4w00000NuncfAAB
NARANJA,NARANJA,01t4w00000NuncgAAB
GRIS OSCURO,GRIS OSCURO,01t4w00000NunchAAB
ROJO,ROJO,01t4w00000NunciAAB
BLANCO + ROJO,BLANCO + ROJO,01t4w00000NuncjAAB
GRIS OSCURO,GRIS OSCURO,01t4w00000NunckAAB
CAFÉ,CAFÉ,01t4w00000NunclAAB
BEIGE,BEIGE,01t4w00000NuncmAAB
GRIS,GRIS,01t4w00000NuncnAAB
GRIS,GRIS,01t4w00000NuncoAAB
AZUL,AZUL,01t4w00000NuncpAAB
GRIS,GRIS,01t4w00000NuncqAAB
GRIS OSCURO,GRIS OSCURO,01t4w00000NuncrAAB
,NARANJA+NEGRO,01t4w00000NuncsAAB
,NEGRO + ROJO,01t4w00000NunctAAB
,NEGRO + GRIS,01t4w00000NuncuAAB
,NEGRO + ROJO,01t4w00000NuncvAAB
,NEGRO+ROJO,01t4w00000NuncwAAB
,NEGRO,01t4w00000NuncxAAB
,NEGRO,01t4w00000NuncyAAB
,NEGRO+ROJO,01t4w00000NunczAAB
,NEGRO+ROJO,01t4w00000Nund0AAB
,NEGRO + VARIOS COLORES,01t4w00000Nund1AAB
,NEGRO+GRIS,01t4w00000Nund2AAB
,AZUL,01t4w00000Nund3AAB
,AZUL,01t4w00000Nund4AAB
,CAFÉ,01t4w00000Nund5AAB
,NEGRO + ROJO,01t4w00000Nund6AAB
,NEGRO,01t4w00000Nund7AAB
,GRIS,01t4w00000Nund8AAB
,NEGRO,01t4w00000Nund9AAB
,GRIS,01t4w00000NundAAAR
,NEGRO,01t4w00000NundBAAR
,NEGRO,01t4w00000NundCAAR
,NEGRO,01t4w00000NundDAAR
,GRIS,01t4w00000NundEAAR
,NEGRO,01t4w00000NundFAAR
,NEGRO,01t4w00000NundGAAR
,NEGRO,01t4w00000NundHAAR
,NEGRO + ROJO,01t4w00000NundIAAR
,NEGRO,01t4w00000NundJAAR
,NATURAL,01t4w00000NundKAAR
,NATURAL,01t4w00000NundLAAR
,NATURAL,01t4w00000NundMAAR
,NATURAL,01t4w00000NundNAAR
,NATURAL,01t4w00000NundOAAR
,VERDE,01t4w00000NundPAAR
,VERDE,01t4w00000NundQAAR
,CHOCOLATE,01t4w00000NundRAAR
,CHOCOLATE,01t4w00000NundSAAR
,NATURAL + NEGRO,01t4w00000NundTAAR
,VERDE,01t4w00000NundUAAR
,VERDE,01t4w00000NundVAAR
,NATURAL + NEGRO,01t4w00000NundWAAR
,VERDE,01t4w00000NundXAAR
,NATURAL,01t4w00000NundYAAR
,NATURAL,01t4w00000NundZAAR
,NATURAL,01t4w00000NundaAAB
,NATURAL + NEGRO,01t4w00000NundbAAB
,NATURAL + NEGRO,01t4w00000NundcAAB
,NATURAL + NEGRO,01t4w00000NunddAAB
,NATURAL + NEGRO,01t4w00000NundeAAB
,NATURAL + NEGRO,01t4w00000NundfAAB
,NATURAL + NEGRO,01t4w00000NundgAAB
,VARIOS,01t4w00000NundhAAB
,VARIOS,01t4w00000NundiAAB
,NATURAL + NEGRO,01t4w00000NundjAAB
,NATURAL + NEGRO,01t4w00000NundkAAB
,NATURAL + NEGRO,01t4w00000NundlAAB
,VARIOS,01t4w00000NundmAAB
,NATURAL + NEGRO,01t4w00000NundnAAB
,VARIOS,01t4w00000NundoAAB
,NATURAL + NEGRO,01t4w00000NundpAAB
,NATURAL + NEGRO,01t4w00000NundqAAB
,NATURAL + NEGRO,01t4w00000NundrAAB
,IMITACION DENIM,01t4w00000NundsAAB
,VARIOS,01t4w00000NundtAAB
,VARIOS,01t4w00000NunduAAB
,VARIOS,01t4w00000NundvAAB
,VARIOS,01t4w00000NundwAAB
VERDE,VERDE,01t4w00000NundxAAB
AZUL+BLANCO+NATURAL,AZUL+BLANCO+NATURAL,01t4w00000NundyAAB
ROSA+NATURAL,ROSA+NATURAL,01t4w00000NundzAAB
GRIS+NATURAL,GRIS+NATURAL,01t4w00000Nune0AAB
BLANCO + ROJO,BLANCO + ROJO,01t4w00000Nune1AAB
BLANCO+NEGRO,BLANCO+NEGRO,01t4w00000Nune2AAB
BLANCO+NEGRO,BLANCO+NEGRO,01t4w00000Nune3AAB
VARIOS COLORES,VARIOS COLORES,01t4w00000Nune4AAB
NIÑA,NIÑA,01t4w00000Nune5AAB
NIÑA,NIÑA,01t4w00000Nune6AAB
NIÑO,NIÑO,01t4w00000Nune7AAB
NIÑA,NIÑA,01t4w00000Nune8AAB
NIÑA,NIÑA,01t4w00000Nune9AAB
NIÑO,NIÑO,01t4w00000NuneAAAR
NIÑO,NIÑO,01t4w00000NuneBAAR
NIÑO,NIÑO,01t4w00000NuneCAAR
NIÑO,NIÑO,01t4w00000NuneDAAR
NIÑO,NIÑO,01t4w00000NuneEAAR
NIÑO,NIÑO,01t4w00000NuneFAAR
NIÑO,NIÑO,01t4w00000NuneGAAR
NIÑO,NIÑO,01t4w00000NuneHAAR
NIÑO,NIÑO,01t4w00000NuneIAAR
NATURAL + AZUL,NATURAL + AZUL,01t4w00000NuneJAAR
NIÑO,NIÑO,01t4w00000NuneKAAR
NATURAL + BEIGE,NATURAL + BEIGE,01t4w00000NuneLAAR
NATURAL,NATURAL,01t4w00000NuneMAAR
NATURAL,NATURAL,01t4w00000NuneNAAR
NATURAL + ROSA,NATURAL + ROSA,01t4w00000NuneOAAR
NATURAL,NATURAL,01t4w00000NunePAAR
VARIOS COLORES,VARIOS COLORES,01t4w00000NuneQAAR
AZUL,AZUL,01t4w00000NuneRAAR
NATURAL+ROSA,NATURAL+ROSA,01t4w00000NuneSAAR
BLANCO+NATURAL,BLANCO+NATURAL,01t4w00000NuneTAAR
NATURAL+GRIS,NATURAL+GRIS,01t4w00000NuneUAAR
NATURAL + AZUL,NATURAL + AZUL,01t4w00000NuneVAAR
BLANCO+NATURAL,BLANCO+NATURAL,01t4w00000NuneWAAR
BLANCO+NATURAL,BLANCO+NATURAL,01t4w00000NuneXAAR
NATURAL + GRIS,NATURAL + GRIS,01t4w00000NuneYAAR
NATURAL,NATURAL,01t4w00000NuneZAAR
NEGRO+BLANCO,NEGRO+BLANCO,01t4w00000NuneaAAB
MARRON+NATURAL,MARRON+NATURAL,01t4w00000NunebAAB
VARIOS,VARIOS,01t4w00000NunecAAB
NATURAL + BLANCO,NATURAL + BLANCO,01t4w00000NunedAAB
NATURAL,NATURAL,01t4w00000NuneeAAB
NATURAL,NATURAL,01t4w00000NunefAAB
NATURAL + BLANCO,NATURAL + BLANCO,01t4w00000NunegAAB
NATURAL + GRIS,NATURAL + GRIS,01t4w00000NunehAAB
NATURAL + GRIS,NATURAL + GRIS,01t4w00000NuneiAAB
NATURAL,NATURAL,01t4w00000NunejAAB
NATURAL + BLANCO,NATURAL + BLANCO,01t4w00000NunekAAB
NATURAL + NEGRO,NATURAL + NEGRO,01t4w00000NunelAAB
NATURAL + NEGRO,NATURAL + NEGRO,01t4w00000NunemAAB
NATURAL + BLANCO,NATURAL + BLANCO,01t4w00000NunenAAB
,BLANCO+NATURAL,01t4w00000NuneoAAB
,NEGRO+BLANCO,01t4w00000NunepAAB
,BLANCO+NATURAL,01t4w00000NuneqAAB
,BLANCO+NATURAL,01t4w00000NunerAAB
,MARRON+NATURAL,01t4w00000NunesAAB
,NEGRO + NATURAL,01t4w00000NunetAAB
,AZUL+BLANCO+NATURAL,01t4w00000NuneuAAB
,ROSA+NATURAL,01t4w00000NunevAAB
,BLANCO + ROJO,01t4w00000NunewAAB
,BLANCO+NEGRO,01t4w00000NunexAAB
,BLANCO+NEGRO,01t4w00000NuneyAAB
,GRIS+NATURAL,01t4w00000NunezAAB
,NEGRO + NATURAL,01t4w00000Nunf0AAB
VARIOS,VARIOS,01t4w00000Nunf1AAB
VARIOS,VARIOS,01t4w00000Nunf2AAB
VARIOS,VARIOS,01t4w00000Nunf3AAB
AZUL,AZUL,01t4w00000Nunf4AAB
NEGRO+ ROJO,NEGRO+ ROJO,01t4w00000Nunf5AAB
NEGRO + VERDE,NEGRO + VERDE,01t4w00000Nunf6AAB
VARIOS,VARIOS,01t4w00000Nunf7AAB
NEGRO + GRIS,NEGRO + GRIS,01t4w00000Nunf8AAB
VARIOS,VARIOS,01t4w00000Nunf9AAB
VARIOS,VARIOS,01t4w00000NunfAAAR
NEGRA,NEGRA,01t4w00000NunfBAAR
VARIOS,VARIOS,01t4w00000NunfCAAR
VARIOS,VARIOS,01t4w00000NunfDAAR
VARIOS,VARIOS,01t4w00000NunfEAAR
GRIS + VERDE,GRIS + VERDE,01t4w00000NunfFAAR
,NEGRO + NATURAL,01t4w00000NunfGAAR
,NEGRO + NATURAL,01t4w00000NunfHAAR
,NEGRO + NATURAL,01t4w00000NunfIAAR
,NEGRO + NATURAL,01t4w00000NunfJAAR
,NATURAL + NEGRO,01t4w00000NunfKAAR
,NATURAL + NEGRO,01t4w00000NunfLAAR
,NEGRO + NATURAL,01t4w00000NunfMAAR
,NEGRO + MADERA,01t4w00000NunfNAAR
,NEGRO + NATURAL,01t4w00000NunfOAAR
,NEGRO + NATURAL,01t4w00000NunfPAAR
,NATURAL + MADERA,01t4w00000NunfQAAR
,NEGRO + NATURAL,01t4w00000NunfRAAR
,NEGRO + NATURAL,01t4w00000NunfSAAR
,NATURAL + NEGRO,01t4w00000NunfTAAR
,NEGRO + NATURAL,01t4w00000NunfUAAR
,NATURAL + NEGRO,01t4w00000NunfVAAR
,NATURAL + NEGRO,01t4w00000NunfWAAR
,NEGRO + NATURAL,01t4w00000NunfXAAR
,NEGRO + NATURAL,01t4w00000NunfYAAR
,NEGRO + NATURAL,01t4w00000NunfZAAR
,NIÑA,01t4w00000NunfaAAB
,NIÑA,01t4w00000NunfbAAB
,NIÑO,01t4w00000NunfcAAB
,NATURAL + NEGRO,01t4w00000NunfdAAB
ROSA,ROSA,01t4w00000NunfeAAB
,NATURAL + NEGRO,01t4w00000NunffAAB
,NATURAL+ROSA,01t4w00000NunfgAAB
,ROSA,01t4w00000NunfhAAB
,NATURAL+GRIS,01t4w00000NunfiAAB
,NIÑO,01t4w00000NunfjAAB
,NIÑA,01t4w00000NunfkAAB
ROJO+AZUL,ROJO+AZUL,01t4w00000NunflAAB
,ROJO+AZUL,01t4w00000NunfmAAB
,VERDE,01t4w00000NunfnAAB
,AZUL+VERDE+ROJO,01t4w00000NunfoAAB
VERDE,VERDE,01t4w00000NunfpAAB
,NIÑA,01t4w00000NunfqAAB
,NIÑO,01t4w00000NunfrAAB
,NIÑO,01t4w00000NunfsAAB
,NIÑO,01t4w00000NunftAAB
,VARIOS COLORES,01t4w00000NunfuAAB
VERDE,VERDE,01t4w00000NunfvAAB
AZUL+VERDE+ROJO,AZUL+VERDE+ROJO,01t4w00000NunfwAAB
,VERDE,01t4w00000NunfxAAB
,VARIOS,01t4w00000NunfyAAB
,NIÑO,01t4w00000NunfzAAB
,NIÑO,01t4w00000Nung0AAB
AZUL+ROJO,AZUL+ROJO,01t4w00000Nung1AAB
,AZUL+ROJO,01t4w00000Nung2AAB
,NIÑO,01t4w00000Nung3AAB
,NIÑO,01t4w00000Nung4AAB
,NIÑO,01t4w00000Nung5AAB
VARIOS,VARIOS,01t4w00000Nung6AAB
,NIÑO,01t4w00000Nung7AAB
,VARIOS,01t4w00000Nung8AAB
VARIOS,VARIOS,01t4w00000Nung9AAB
VARIOS,VARIOS,01t4w00000NungAAAR
,VARIOS,01t4w00000NungBAAR
NATURAL+NEGRO,NATURAL+NEGRO,01t4w00000NungCAAR
NATURAL+NEGRO,NATURAL+NEGRO,01t4w00000NungDAAR
NATURAL+NEGRO,NATURAL+NEGRO,01t4w00000NungEAAR
NATURAL+NEGRO,NATURAL+NEGRO,01t4w00000NungFAAR
NATURAL+NEGRO,NATURAL+NEGRO,01t4w00000NungGAAR
NATURAL+NEGRO,NATURAL+NEGRO,01t4w00000NungHAAR
NATURAL,NATURAL,01t4w00000NungIAAR
NATURAL+BLANCO,NATURAL+BLANCO,01t4w00000NungJAAR
NATURAL,NATURAL,01t4w00000NungKAAR
NEGRO+MARRON,NEGRO+MARRON,01t4w00000NungLAAR
NATURAL+BLANCO,NATURAL+BLANCO,01t4w00000NungMAAR
BLANCO,BLANCO,01t4w00000NungNAAR
NATURAL,NATURAL,01t4w00000NungOAAR
NATURAL+NEGRO,NATURAL+NEGRO,01t4w00000NungPAAR
NEGRO,NEGRO,01t4w00000NungQAAR
NATURAL,NATURAL,01t4w00000NungRAAR
VARIOS,VARIOS,01t4w00000NungVAAR
VARIOS,VARIOS,01t4w00000NungWAAR
VARIOS,VARIOS,01t4w00000NungXAAR
VARIOS,VARIOS,01t4w00000NungYAAR
VARIOS,VARIOS,01t4w00000NungZAAR
VARIOS,VARIOS,01t4w00000NungaAAB
VARIOS,VARIOS,01t4w00000NungbAAB
VARIOS,VARIOS,01t4w00000NungcAAB
VARIOS,VARIOS,01t4w00000NungdAAB
VARIOS,VARIOS,01t4w00000NungeAAB
VARIOS,VARIOS,01t4w00000NungfAAB
VARIOS,VARIOS,01t4w00000NunggAAB
VARIOS,VARIOS,01t4w00000NunghAAB
VARIOS,VARIOS,01t4w00000NungiAAB
VARIOS,VARIOS,01t4w00000NungjAAB
VARIOS,VARIOS,01t4w00000NungkAAB
VARIOS,VARIOS,01t4w00000NunglAAB
VARIOS,VARIOS,01t4w00000NungmAAB
VARIOS,VARIOS,01t4w00000NungnAAB
VARIOS,VARIOS,01t4w00000NungoAAB
VARIOS,VARIOS,01t4w00000NungpAAB
VARIOS,VARIOS,01t4w00000NungqAAB
NEGRO,NEGRO,01t4w00000NungrAAB
NEGRO,NEGRO,01t4w00000NungsAAB
VARIOS,VARIOS,01t4w00000NungtAAB
CEMENTO,CEMENTO,01t4w00000NunguAAB
NEGRO,NEGRO,01t4w00000NungvAAB
PLATEADO,PLATEADO,01t4w00000NungwAAB
NEGRO,NEGRO,01t4w00000NungxAAB
NEGRO,NEGRO,01t4w00000NungyAAB
NEGRO,NEGRO,01t4w00000NungzAAB
NEGRO,NEGRO,01t4w00000Nunh0AAB
NEGRO,NEGRO,01t4w00000Nunh1AAB
VARIOS COLORES,VARIOS COLORES,01t4w00000Nunh2AAB
NEGRO,NEGRO,01t4w00000Nunh3AAB
NEGRO,NEGRO,01t4w00000Nunh4AAB
VARIOS COLORES,VARIOS COLORES,01t4w00000Nunh5AAB
NEGRO,NEGRO,01t4w00000Nunh6AAB
VARIOS COLORES,VARIOS COLORES,01t4w00000Nunh7AAB
VARIOS COLORES,VARIOS COLORES,01t4w00000Nunh8AAB
NEGRO,NEGRO,01t4w00000Nunh9AAB
CAFÉ,CAFÉ,01t4w00000NunhAAAR
NEGRO,NEGRO,01t4w00000NunhBAAR
NEGRO,NEGRO,01t4w00000NunhCAAR
GRIS OSCURO,GRIS OSCURO,01t4w00000NunhDAAR
VARIOS COLORES,VARIOS COLORES,01t4w00000NunhEAAR
AMARILLO + VERDE,AMARILLO + VERDE,01t4w00000NunhFAAR
BLANCO,BLANCO,01t4w00000NunhGAAR
NEGRO,NEGRO,01t4w00000NunhHAAR
CAFÉ,CAFÉ,01t4w00000NunhIAAR
CAFÉ,CAFÉ,01t4w00000NunhJAAR
NEGRO,NEGRO,01t4w00000NunhKAAR
NEGRO,NEGRO,01t4w00000NunhLAAR
NEGRO,NEGRO,01t4w00000NunhMAAR
NEGRO,NEGRO,01t4w00000NunhNAAR
PLATEADO,PLATEADO,01t4w00000NunhOAAR
VARIOS,VARIOS,01t4w00000NunhPAAR
VARIOS,VARIOS,01t4w00000NunhQAAR
,BEIGE + DORADO,01t4w00000NunhRAAR
,NEGRO,01t4w00000NunhSAAR
,BEIGE + NEGRO,01t4w00000NunhTAAR
,NATURAL,01t4w00000NunhUAAR
,BEIGE + NEGRO,01t4w00000NunhVAAR
,GRIS,01t4w00000NunhWAAR
,NEGRO,01t4w00000NunhXAAR
,BLANCO + NEGRO,01t4w00000NunhYAAR
,BEIGE + NATURAL,01t4w00000NunhZAAR
,BEIGE + NEGRO,01t4w00000NunhaAAB
AMARILLO Y VERDE,AMARILLO Y VERDE,01t4w00000NunhbAAB
,BEIGE + NEGRO,01t4w00000NunhcAAB
,BEIGE+ NEGRO,01t4w00000NunhdAAB
VARIOS,VARIOS,01t4w00000NunheAAB
VERDE,VERDE,01t4w00000NunhfAAB
,BEIGE + NEGRO,01t4w00000NunhgAAB
,NATURAL + BEIGE,01t4w00000NunhhAAB
,BLANCO,01t4w00000NunhiAAB
VARIOS,VARIOS,01t4w00000NunhjAAB
,BEIGE + NEGRO,01t4w00000NunhkAAB
,BEIGE + NEGRO,01t4w00000NunhlAAB
,BEIGE + NEGRO,01t4w00000NunhmAAB
,NATURAL + BEIGE,01t4w00000NunhnAAB
,NATURAL,01t4w00000NunhoAAB
,NATURAL+NEGRO,01t4w00000NunhpAAB
,NATURAL+BLANCO,01t4w00000NunhqAAB
,NEGRO+MARRON,01t4w00000NunhrAAB
,NATURAL+BLANCO,01t4w00000NunhsAAB
,NATURAL,01t4w00000NunhtAAB
,NATURAL+NEGRO,01t4w00000NunhuAAB
,NATURAL+NEGRO,01t4w00000NunhvAAB
,NATURAL,01t4w00000NunhwAAB
,NATURAL+NEGRO,01t4w00000NunhxAAB
,NATURAL+NEGRO,01t4w00000NunhyAAB
,NATURAL+NEGRO,01t4w00000NunhzAAB
VARIOS,VARIOS,01t4w00000Nuni0AAB
VARIOS,VARIOS,01t4w00000Nuni1AAB
,NATURAL+NEGRO,01t4w00000Nuni2AAB
VARIOS,VARIOS,01t4w00000Nuni3AAB
VARIOS,VARIOS,01t4w00000Nuni4AAB
VARIOS,VARIOS,01t4w00000Nuni5AAB
VARIOS,VARIOS,01t4w00000Nuni6AAB
VARIOS,VARIOS,01t4w00000Nuni7AAB
VARIOS,VARIOS,01t4w00000Nuni8AAB
VARIOS,VARIOS,01t4w00000Nuni9AAB
VARIOS,VARIOS,01t4w00000NuniAAAR
VARIOS,VARIOS,01t4w00000NuniBAAR
VARIOS,VARIOS,01t4w00000NuniCAAR
VARIOS,VARIOS,01t4w00000NuniDAAR
VARIOS,VARIOS,01t4w00000NuniEAAR
VARIOS,VARIOS,01t4w00000NuniFAAR
VARIOS,VARIOS,01t4w00000NuniGAAR
VARIOS,VARIOS,01t4w00000NuniHAAR
VARIOS,VARIOS,01t4w00000NuniIAAR
VARIOS,VARIOS,01t4w00000NuniJAAR
VARIOS,VARIOS,01t4w00000NuniKAAR
,VARIOS,01t4w00000NuniLAAR
,VARIOS,01t4w00000NuniMAAR
,NEGRO + VERDE,01t4w00000NuniNAAR
VARIOS,VARIOS,01t4w00000NuniOAAR
,VARIOS,01t4w00000NuniPAAR
,NEGRA,01t4w00000NuniQAAR
,VARIOS,01t4w00000NuniRAAR
,AZUL,01t4w00000NuniSAAR
VARIOS,VARIOS,01t4w00000NuniTAAR
VARIOS,VARIOS,01t4w00000NuniUAAR
,VARIOS,01t4w00000NuniVAAR
,VARIOS,01t4w00000NuniWAAR
,GRIS + VERDE,01t4w00000NuniXAAR
,NEGRO + GRIS,01t4w00000NuniYAAR
,NEGRO+ ROJO,01t4w00000NuniZAAR
,VARIOS,01t4w00000NuniaAAB
,VARIOS,01t4w00000NunibAAB
VARIOS,VARIOS,01t4w00000NunicAAB
,VARIOS,01t4w00000NunidAAB
VARIOS,VARIOS,01t4w00000NunieAAB
VARIOS,VARIOS,01t4w00000NunifAAB
VARIOS,VARIOS,01t4w00000NunigAAB
VARIOS,VARIOS,01t4w00000NunihAAB
VARIOS,VARIOS,01t4w00000NuniiAAB
,PLATEADO,01t4w00000NunijAAB
,NEGRO,01t4w00000NunikAAB
,NEGRO,01t4w00000NunilAAB
,NEGRO,01t4w00000NunimAAB
,NEGRO,01t4w00000NuninAAB
VARIOS,VARIOS,01t4w00000NunioAAB
,NEGRO,01t4w00000NunipAAB
,NEGRO,01t4w00000NuniqAAB
,VARIOS COLORES,01t4w00000NunirAAB
,NEGRO,01t4w00000NunisAAB
VARIOS,VARIOS,01t4w00000NunitAAB
,NEGRO,01t4w00000NuniuAAB
VARIOS,VARIOS,01t4w00000NunivAAB
,NEGRO,01t4w00000NuniwAAB
,VARIOS COLORES,01t4w00000NunixAAB
,VARIOS COLORES,01t4w00000NuniyAAB
,VARIOS COLORES,01t4w00000NunizAAB
,CAFÉ,01t4w00000Nunj0AAB
,NEGRO,01t4w00000Nunj1AAB
,GRIS OSCURO,01t4w00000Nunj2AAB
,VARIOS COLORES,01t4w00000Nunj3AAB
,BLANCO,01t4w00000Nunj4AAB
,AMARILLO + VERDE,01t4w00000Nunj5AAB
,NEGRO,01t4w00000Nunj6AAB
,NEGRO,01t4w00000Nunj7AAB
,AMARILLO Y VERDE,01t4w00000Nunj8AAB
,CAFÉ,01t4w00000Nunj9AAB
,CAFÉ,01t4w00000NunjAAAR
,NEGRO,01t4w00000NunjBAAR
,NEGRO,01t4w00000NunjCAAR
,VARIOS,01t4w00000NunjDAAR
,VARIOS,01t4w00000NunjEAAR
,VARIOS,01t4w00000NunjFAAR
,VARIOS,01t4w00000NunjGAAR
,VARIOS,01t4w00000NunjHAAR
,VARIOS,01t4w00000NunjIAAR
,VARIOS,01t4w00000NunjJAAR
,VARIOS,01t4w00000NunjKAAR
,VARIOS,01t4w00000NunjLAAR
,VARIOS,01t4w00000NunjMAAR
,VARIOS,01t4w00000NunjNAAR
,NEGRO,01t4w00000NunjOAAR
,VARIOS,01t4w00000NunjPAAR
,CEMENTO,01t4w00000NunjQAAR
,NEGRO,01t4w00000NunjRAAR
,NEGRO,01t4w00000NunjSAAR
,VARIOS,01t4w00000NunjTAAR
,NATURAL+NEGRO,01t4w00000NunjUAAR
,NATURAL+NEGRO,01t4w00000NunjVAAR
,NATURAL+NEGRO,01t4w00000NunjWAAR
,NATURAL+NEGRO,01t4w00000NunjXAAR
,IMITACION CEMENTO,01t4w00000NunjYAAR
,IMITACION CEMENTO,01t4w00000NunjZAAR
,VARIOS,01t4w00000Nunk5AAB
,VARIOS,01t4w00000NunkNAAR
,VARIOS,01t4w00000NunkYAAR
,VARIOS,01t4w00000NunkZAAR
,VARIOS,01t4w00000NunkaAAB
,VARIOS,01t4w00000NunkbAAB
,VARIOS,01t4w00000NunkcAAB
,VARIOS,01t4w00000NunkdAAB
,VARIOS,01t4w00000NunkeAAB
,VARIOS,01t4w00000NunkfAAB
,VARIOS,01t4w00000NunkgAAB
,VARIOS,01t4w00000NunkhAAB
,VARIOS,01t4w00000NunkiAAB
,VARIOS,01t4w00000NunkjAAB
,VARIOS,01t4w00000NunkkAAB
,VARIOS,01t4w00000NunklAAB
,VARIOS,01t4w00000NunkmAAB
,VARIOS,01t4w00000NunknAAB
,VARIOS,01t4w00000NunkoAAB
,VARIOS,01t4w00000NunkpAAB
,VARIOS,01t4w00000NunkqAAB
,VARIOS,01t4w00000NunkrAAB
,VARIOS,01t4w00000NunksAAB
,VARIOS,01t4w00000NunktAAB
,VARIOS,01t4w00000NunkuAAB
,VARIOS,01t4w00000NunkvAAB
,VARIOS,01t4w00000NunkwAAB
,VARIOS,01t4w00000NunkxAAB
,VARIOS,01t4w00000NunkyAAB
,VARIOS,01t4w00000NunkzAAB
,VARIOS,01t4w00000Nunl0AAB
,VARIOS,01t4w00000Nunl1AAB
,VARIOS,01t4w00000Nunl2AAB
,VARIOS,01t4w00000Nunl3AAB
,VARIOS,01t4w00000Nunl4AAB
,VARIOS,01t4w00000Nunl5AAB
,VARIOS,01t4w00000Nunl6AAB
,VARIOS,01t4w00000Nunl7AAB
,VARIOS,01t4w00000Nunl8AAB
,VARIOS,01t4w00000Nunl9AAB
,VARIOS,01t4w00000NunlAAAR
,VARIOS,01t4w00000NunlBAAR
,VARIOS,01t4w00000NunlCAAR
,VARIOS,01t4w00000NunlDAAR
,VARIOS,01t4w00000NunlEAAR
,VARIOS,01t4w00000NunlFAAR
VARIOS,VARIOS,01t4w00000NunlGAAR
VARIOS,VARIOS,01t4w00000NunlHAAR
VARIOS,VARIOS,01t4w00000NunlIAAR
VARIOS,VARIOS,01t4w00000NunlJAAR
VARIOS,VARIOS,01t4w00000NunlKAAR
VARIOS,VARIOS,01t4w00000NunlLAAR
VARIOS,VARIOS,01t4w00000NunlMAAR
VARIOS,VARIOS,01t4w00000NunlNAAR
VARIOS,VARIOS,01t4w00000NunlOAAR
VARIOS,VARIOS,01t4w00000NunlPAAR
VARIOS,VARIOS,01t4w00000NunlQAAR
VARIOS,VARIOS,01t4w00000NunlRAAR
VARIOS,VARIOS,01t4w00000NunlSAAR
VARIOS,VARIOS,01t4w00000NunlTAAR
VARIOS,VARIOS,01t4w00000NunlUAAR
VARIOS,VARIOS,01t4w00000NunlVAAR
VARIOS,VARIOS,01t4w00000NunlWAAR
VARIOS,VARIOS,01t4w00000NunlXAAR
VARIOS,VARIOS,01t4w00000NunlYAAR
VARIOS,VARIOS,01t4w00000NunlZAAR
VARIOS,VARIOS,01t4w00000NunlaAAB
VARIOS,VARIOS,01t4w00000NunlbAAB
VARIOS,VARIOS,01t4w00000NunlcAAB
VARIOS,VARIOS,01t4w00000NunldAAB
VARIOS,VARIOS,01t4w00000NunleAAB
VARIOS,VARIOS,01t4w00000NunlfAAB
VARIOS,VARIOS,01t4w00000NunlgAAB
VARIOS,VARIOS,01t4w00000NunlhAAB
VARIOS,VARIOS,01t4w00000NunliAAB
VARIOS,VARIOS,01t4w00000NunljAAB
VARIOS,VARIOS,01t4w00000NunlkAAB
VARIOS,VARIOS,01t4w00000NunllAAB
VARIOS,VARIOS,01t4w00000NunlmAAB
VARIOS,VARIOS,01t4w00000NunlnAAB
VARIOS,VARIOS,01t4w00000NunloAAB
VARIOS,VARIOS,01t4w00000NunlpAAB
NEGRO,NEGRO,01t4w00000NunlqAAB
NEGRO,NEGRO,01t4w00000NunlrAAB
,NEGRO,01t4w00000NunlsAAB
NEGRO,NEGRO,01t4w00000NunltAAB
,NEGRO,01t4w00000NunluAAB
,NEGRO,01t4w00000NunlvAAB
,GRIS,01t4w00000NunlwAAB
,GRIS OSCURO,01t4w00000NunlxAAB
NEGRO,NEGRO,01t4w00000NunlyAAB
,NEGRO,01t4w00000NunlzAAB
NEGRO,NEGRO,01t4w00000Nunm0AAB
,NEGRO,01t4w00000Nunm1AAB
NEGRO,NEGRO,01t4w00000Nunm2AAB
,NEGRO,01t4w00000Nunm3AAB
NEGRO,NEGRO,01t4w00000Nunm4AAB
,NEGRO,01t4w00000Nunm5AAB
NEGRO,NEGRO,01t4w00000Nunm6AAB
,NEGRO,01t4w00000Nunm7AAB
NEGRO,NEGRO,01t4w00000Nunm8AAB
NEGRO,NEGRO,01t4w00000Nunm9AAB
NEGRO,NEGRO,01t4w00000NunmAAAR
,NEGRO,01t4w00000NunmBAAR
,NEGRO,01t4w00000NunmCAAR
,NEGRO,01t4w00000NunmDAAR
,GRIS,01t4w00000NunmEAAR
NEGRO,NEGRO,01t4w00000NunmFAAR
,NEGRO,01t4w00000NunmGAAR
NEGRO,NEGRO,01t4w00000NunmHAAR
,NEGRO,01t4w00000NunmIAAR
,NEGRO,01t4w00000NunmJAAR
NEGRO,NEGRO,01t4w00000NunmKAAR
,NEGRO,01t4w00000NunmLAAR
,GRIS,01t4w00000NunmMAAR
,GRIS OSCURO,01t4w00000NunmNAAR
,NARANJA,01t4w00000NunmOAAR
,ROJO,01t4w00000NunmPAAR
NEGRO,NEGRO,01t4w00000NunmQAAR
,GRIS OSCURO,01t4w00000NunmRAAR
,GRIS OSCURO,01t4w00000NunmSAAR
,CAFÉ,01t4w00000NunmTAAR
,GRIS,01t4w00000NunmUAAR
,GRIS,01t4w00000NunmVAAR
,AZUL,01t4w00000NunmWAAR
NEGRO,NEGRO,01t4w00000NunmXAAR
,BEIGE,01t4w00000NunmYAAR
,NEGRO,01t4w00000NunmZAAR
NEGRO,NEGRO,01t4w00000NunmaAAB
,BLANCO + ROJO,01t4w00000NunmbAAB
,GRIS OSCURO,01t4w00000NunmcAAB
,NEGRO,01t4w00000NunmdAAB
NEGRO,NEGRO,01t4w00000NunmeAAB
,NEGRO,01t4w00000NunmfAAB
,NEGRO,01t4w00000NunmgAAB
NEGRO,NEGRO,01t4w00000NunmhAAB
,NEGRO,01t4w00000NunmiAAB
NEGRO,NEGRO,01t4w00000NunmjAAB
NEGRO,NEGRO,01t4w00000NunmkAAB
,NEGRO,01t4w00000NunmlAAB
NEGRO,NEGRO,01t4w00000NunmmAAB
,NEGRO,01t4w00000NunmnAAB
NEGRO + GRIS,NEGRO + GRIS,01t4w00000NunmoAAB
VARIOS,VARIOS,01t4w00000NunmrAAB
,VARIOS,01t4w00000NunmsAAB
VARIOS,VARIOS,01t4w00000NunmtAAB
,VARIOS,01t4w00000NunmuAAB
VARIOS,VARIOS,01t4w00000NunmvAAB
,VARIOS,01t4w00000NunmwAAB
VARIOS,VARIOS,01t4w00000NunmxAAB
,NATURAL + AZUL,01t4w00000NunmyAAB
VARIOS,VARIOS,01t4w00000NunmzAAB
,VARIOS,01t4w00000Nunn1AAB
VARIOS,VARIOS,01t4w00000Nunn2AAB
,VARIOS,01t4w00000Nunn4AAB
BLANCO,BLANCO,01t4w00000Nunn5AAB
ROJO,ROJO,01t4w00000NunnCAAR
,ROJO,01t4w00000NunnDAAR
BLANCO+NEGRO,BLANCO+NEGRO,01t4w00000NunnEAAR
GRIS,GRIS,01t4w00000NunnHAAR
,GRIS,01t4w00000NunnIAAR
NATURAL,NATURAL,01t4w00000NunnJAAR
ROJO,ROJO,01t4w00000NunnKAAR
,ROJO,01t4w00000NunnLAAR
VARIOS,VARIOS,01t4w00000NunnPAAR
,VARIOS,01t4w00000NunnQAAR
GRIS + MADERA,GRIS + MADERA,01t4w00000NunnRAAR
VARIOS,VARIOS,01t4w00000NunnSAAR
,VARIOS,01t4w00000NunnTAAR
VARIOS,VARIOS,01t4w00000NunnUAAR
,VARIOS,01t4w00000NunnVAAR
NEGRO,NEGRO,01t4w00000NunnWAAR
,NATURAL + BEIGE,01t4w00000NunnXAAR
,NATURAL,01t4w00000NunnYAAR
,NATURAL + ROSA,01t4w00000NunnZAAR
NEGRO,NEGRO,01t4w00000NunnbAAB
,NATURAL,01t4w00000NunncAAB
,NATURAL,01t4w00000NunndAAB
,NEGRO,01t4w00000NunneAAB
MORADO,MORADO,01t4w00000NunnfAAB
,MORADO,01t4w00000NunnhAAB
BLANCO,BLANCO,01t4w00000NunniAAB
,NEGRO,01t4w00000NunnkAAB
,BLANCO,01t4w00000NunnlAAB
VARIOS,VARIOS,01t4w00000NunnmAAB
GRIS,GRIS,01t4w00000NunnnAAB
VARIOS,VARIOS,01t4w00000NunnpAAB
,VARIOS,01t4w00000NunnqAAB
,VARIOS,01t4w00000NunntAAB
VARIOS,VARIOS,01t4w00000NunnuAAB
,VARIOS,01t4w00000NunnvAAB
VARIOS,VARIOS,01t4w00000NunnwAAB
,VARIOS,01t4w00000NunnxAAB
VARIOS,VARIOS,01t4w00000NunnyAAB
,VARIOS,01t4w00000NunnzAAB
NEGRO,NEGRO,01t4w00000Nuno1AAB
,NEGRO,01t4w00000Nuno2AAB
VERDE,VERDE,01t4w00000Nuno5AAB
,VARIOS,01t4w00000Nuno6AAB
,VARIOS,01t4w00000Nuno7AAB
,VERDE,01t4w00000Nuno8AAB
,VARIOS,01t4w00000Nuno9AAB
,VARIOS,01t4w00000NunoAAAR
VARIOS,VARIOS,01t4w00000NunoBAAR
VARIOS,VARIOS,01t4w00000NunoCAAR
,VARIOS,01t4w00000NunoDAAR
,VARIOS,01t4w00000NunoEAAR
,VARIOS,01t4w00000NunoFAAR
,VARIOS,01t4w00000NunoGAAR
,VARIOS,01t4w00000NunoHAAR
BEIGE,BEIGE,01t4w00000NunoIAAR
VARIOS,VARIOS,01t4w00000NunoJAAR
,BEIGE,01t4w00000NunoKAAR
,VARIOS,01t4w00000NunoLAAR
,VARIOS,01t4w00000NunoMAAR
,VARIOS,01t4w00000NunoNAAR
,VARIOS,01t4w00000NunoOAAR
,VARIOS,01t4w00000NunoPAAR
,VARIOS,01t4w00000NunoQAAR
WHITE,WHITE,01t4w00000NunoRAAR
,WHITE,01t4w00000NunoSAAR
,VARIOS,01t4w00000NunoTAAR
VARIOS,VARIOS,01t4w00000NunoUAAR
,VARIOS,01t4w00000NunoVAAR
,VARIOS,01t4w00000NunoWAAR
,VARIOS,01t4w00000NunoXAAR
,VARIOS,01t4w00000NunoYAAR
,VARIOS,01t4w00000NunoZAAR
,VARIOS,01t4w00000NunoaAAB
,VARIOS,01t4w00000NunobAAB
,VARIOS,01t4w00000NunocAAB
,VARIOS,01t4w00000NunodAAB
,VARIOS,01t4w00000NunoeAAB
,VARIOS,01t4w00000NunofAAB
VARIOS,VARIOS,01t4w00000NunogAAB
,VARIOS,01t4w00000NunohAAB
,VARIOS,01t4w00000NunoiAAB
,VARIOS,01t4w00000NunojAAB
,VARIOS,01t4w00000NunokAAB
,VARIOS,01t4w00000NunolAAB
VARIOS,VARIOS,01t4w00000NunomAAB
,VARIOS,01t4w00000NunonAAB
,VARIOS,01t4w00000NunooAAB
,VARIOS,01t4w00000NunopAAB
,VARIOS,01t4w00000NunoqAAB
,VARIOS,01t4w00000NunorAAB
,VARIOS,01t4w00000NunosAAB
,VARIOS,01t4w00000NunotAAB
,VARIOS,01t4w00000NunouAAB
,VARIOS,01t4w00000NunovAAB
,VARIOS,01t4w00000NunowAAB
NEGRO,NEGRO,01t4w00000NunoxAAB
,NEGRO,01t4w00000NunoyAAB
NEGRO,NEGRO,01t4w00000NunozAAB
,NEGRO,01t4w00000Nunp0AAB
ROJO,ROJO,01t4w00000Nunp1AAB
ROJO,ROJO,01t4w00000Nunp2AAB
NEGRO,NEGRO,01t4w00000Nunp3AAB
,NEGRO,01t4w00000Nunp4AAB
,ROJO,01t4w00000Nunp5AAB
,ROJO,01t4w00000Nunp6AAB
NEGRO,NEGRO,01t4w00000Nunp7AAB
,NEGRO,01t4w00000Nunp8AAB
NEGRO,NEGRO,01t4w00000Nunp9AAB
,NEGRO,01t4w00000NunpAAAR
ROJO,ROJO,01t4w00000NunpBAAR
NEGRO,NEGRO,01t4w00000NunpCAAR
,NEGRO,01t4w00000NunpDAAR
ROJO,ROJO,01t4w00000NunpEAAR
,ROJO,01t4w00000NunpFAAR
MARRON,MARRON,01t4w00000NunpGAAR
,MARRON,01t4w00000NunpHAAR
BLANCO,BLANCO,01t4w00000NunpIAAR
NEGRO,NEGRO,01t4w00000NunpJAAR
BLANCO + NEGRO,BLANCO + NEGRO,01t4w00000NunpKAAR
,NEGRO,01t4w00000NunpLAAR
,PLATA,01t4w00000NunpMAAR
,BLANCO + NEGRO,01t4w00000NunpNAAR
,BLANCO,01t4w00000NunpOAAR
,NEGRO,01t4w00000NunpPAAR
NEGRO,NEGRO,01t4w00000NunpQAAR
,ROJO,01t4w00000NunpRAAR
NEGRO,NEGRO,01t4w00000NunpSAAR
PLATA,PLATA,01t4w00000NunpTAAR
,NEGRO,01t4w00000NunpUAAR
PLATA,PLATA,01t4w00000NunpVAAR
,PLATA,01t4w00000NunpWAAR
PLATA,PLATA,01t4w00000NunpXAAR
,PLATA,01t4w00000NunpYAAR
NEGRO,NEGRO,01t4w00000NunpZAAR
,MARRON,01t4w00000NunpaAAB
MARRON,MARRON,01t4w00000NunpbAAB
,NEGRO,01t4w00000NunpcAAB
NEGRO,NEGRO,01t4w00000NunpdAAB
NEGRO,NEGRO,01t4w00000NunpeAAB
,NEGRO,01t4w00000NunpgAAB
NEGRO,NEGRO,01t4w00000NunphAAB
,MARRON,01t4w00000NunpiAAB
,NEGRO,01t4w00000NunpjAAB
MARRON,MARRON,01t4w00000NunpkAAB
NEGRO,NEGRO,01t4w00000NunplAAB
NEGRO,NEGRO,01t4w00000NunpmAAB
,NEGRO,01t4w00000NunpnAAB
,NEGRO,01t4w00000NunpoAAB
,NEGRO,01t4w00000NunpqAAB
,CAFÉ,01t4w00000NunpvAAB
,CAFÉ,01t4w00000Nunq9AAB
,CAFÉ + BLANCO,01t4w00000NunqAAAR
,BLANCO + CAFÉ,01t4w00000NunqBAAR
,CHOCOLATE+BLANCO,01t4w00000NunqCAAR
,BLANCO,01t4w00000NunqDAAR
,GRIS+BLANCO,01t4w00000NunqEAAR
,NATURAL+BLANCO,01t4w00000NunqFAAR
,NEGRO + GRIS,01t4w00000NunqYAAR
,VARIOS,01t4w00000NunqbAAB
,BLANCO,01t4w00000NunqfAAB
,BLANCO+NEGRO,01t4w00000NunqlAAB
,NATURAL,01t4w00000NunqnAAB
,VERDE,01t4w00000NunqqAAB
GRIS,GRIS,01t4w00000NunqrAAB
,GRIS,01t4w00000NunqsAAB
BLANCO,BLANCO,01t4w00000NunqtAAB
,BLANCO,01t4w00000NunquAAB
CHOCOLATE,CHOCOLATE,01t4w00000NunqvAAB
,CHOCOLATE,01t4w00000NunqxAAB
,GRIS + MADERA,01t4w00000NunqzAAB
,GRIS,01t4w00000Nunr4AAB
,CAMEL VINTAGE,01t4w00000NunrBAAR
,CAMEL VINTAGE,01t4w00000NunrCAAR
,CAMEL VINTAGE,01t4w00000NunrDAAR
,CAMEL VINTAGE,01t4w00000NunrEAAR
,CHOCOLATE VINTAGE,01t4w00000NunrFAAR
,AZUL VINTAGE,01t4w00000NunrGAAR
,CAMEL VINTAGE,01t4w00000NunrHAAR
,CAMEL VINTAGE,01t4w00000NunrIAAR
MARRON,MARRON,01t4w00000NunrlAAB
,MARRON,01t4w00000NunroAAB
NEGRO,NEGRO,01t4w00000Nuns7AAB
,NEGRO,01t4w00000Nuns8AAB
VARIOS,VARIOS,01t4w00000Nuns9AAB
,VARIOS,01t4w00000NunsAAAR
VARIOS,VARIOS,01t4w00000NunsBAAR
,VARIOS,01t4w00000NunsCAAR
VARIOS,VARIOS,01t4w00000NunsDAAR
,VARIOS,01t4w00000NunsEAAR
VARIOS,VARIOS,01t4w00000NunsFAAR
,VARIOS,01t4w00000NunsGAAR
MADERA,MADERA,01t4w00000NunsHAAR
,MADERA,01t4w00000NunsIAAR
VARIOS,VARIOS,01t4w00000NunsJAAR
,VARIOS,01t4w00000NunsKAAR
BLANCO+NATURAL,BLANCO+NATURAL,01t4w00000NunsLAAR
,BLANCO+NATURAL,01t4w00000NunsMAAR
VARIOS,VARIOS,01t4w00000NunsNAAR
,VARIOS,01t4w00000NunsOAAR
VARIOS,VARIOS,01t4w00000NunsPAAR
,VARIOS,01t4w00000NunsQAAR
GRIS+NEGRO,GRIS+NEGRO,01t4w00000NunsRAAR
,GRIS+NEGRO,01t4w00000NunsSAAR
NEGRO,NEGRO,01t4w00000NunsTAAR
,NEGRO,01t4w00000NunsUAAR
VARIOS,VARIOS,01t4w00000NunsVAAR
,VARIOS,01t4w00000NunsWAAR
VARIOS,VARIOS,01t4w00000NunsXAAR
,VARIOS,01t4w00000NunsYAAR
CHOCOLATE,CHOCOLATE,01t4w00000NunsZAAR
,CHOCOLATE,01t4w00000NunsaAAB
VARIOS,VARIOS,01t4w00000NunsbAAB
,VARIOS,01t4w00000NunscAAB
VARIOS,VARIOS,01t4w00000NunsdAAB
,VARIOS,01t4w00000NunseAAB
NIÑA,NIÑA,01t4w00000NunsfAAB
,NIÑA,01t4w00000NunsgAAB
NIÑO,NIÑO,01t4w00000NunshAAB
,NIÑO,01t4w00000NunsiAAB
VARIOS,VARIOS,01t4w00000NunsjAAB
,VARIOS,01t4w00000NunskAAB
VARIOS,VARIOS,01t4w00000NunslAAB
,VARIOS,01t4w00000NunsmAAB
NEGRO+NATURAL,NEGRO+NATURAL,01t4w00000NunsnAAB
,NEGRO+NATURAL,01t4w00000NunsoAAB
BEIGE,BEIGE,01t4w00000NunspAAB
,BEIGE,01t4w00000NunsqAAB
AZUL+BLANCO+NATURAL,AZUL+BLANCO+NATURAL,01t4w00000NunsrAAB
,AZUL+BLANCO+NATURAL,01t4w00000NunssAAB
NATURAL+NEGRO,NATURAL+NEGRO,01t4w00000NunstAAB
,NATURAL+NEGRO,01t4w00000NunsuAAB
NATURAL,NATURAL,01t4w00000NunsvAAB
,NATURAL,01t4w00000NunswAAB
NATURAL,NATURAL,01t4w00000NunsxAAB
,NATURAL,01t4w00000NunsyAAB
GRIS,GRIS,01t4w00000NunszAAB
,GRIS,01t4w00000Nunt0AAB
NEGRO+NATURAL+BLANCO,NEGRO+NATURAL+BLANCO,01t4w00000Nunt1AAB
,NEGRO+NATURAL+BLANCO,01t4w00000Nunt2AAB
NEGRO+BLANCO,NEGRO+BLANCO,01t4w00000Nunt3AAB
,NEGRO+BLANCO,01t4w00000Nunt4AAB
BLUE AND WHITE,BLUE AND WHITE,01t4w00000Nunt5AAB
,BLUE AND WHITE,01t4w00000Nunt6AAB
NATURAL+NEGRO,NATURAL+NEGRO,01t4w00000Nunt7AAB
,NATURAL+NEGRO,01t4w00000Nunt8AAB
MARRON,MARRON,01t4w00000Nunt9AAB
,MARRON,01t4w00000NuntAAAR
MARRON,MARRON,01t4w00000NuntBAAR
,MARRON,01t4w00000NuntCAAR
MARRON,MARRON,01t4w00000NuntDAAR
,MARRON,01t4w00000NuntEAAR
VERDE+ROJO+ROSA+AZUL,VERDE+ROJO+ROSA+AZUL,01t4w00000NuntFAAR
,VERDE+ROJO+ROSA+AZUL,01t4w00000NuntGAAR
GRIS+NEGRO+BLANCO,GRIS+NEGRO+BLANCO,01t4w00000NuntHAAR
,GRIS+NEGRO+BLANCO,01t4w00000NuntIAAR
GREY,GREY,01t4w00000NuntJAAR
,GREY,01t4w00000NuntKAAR
AMARILLO Y VERDE,AMARILLO Y VERDE,01t4w00000NuntLAAR
,AMARILLO Y VERDE,01t4w00000NuntMAAR
IMITACION MARMOL,IMITACION MARMOL,01t4w00000NuntNAAR
,IMITACION MARMOL,01t4w00000NuntOAAR
NEGRO+BLANCO,NEGRO+BLANCO,01t4w00000NuntPAAR
,NEGRO+BLANCO,01t4w00000NuntQAAR
CHOCOLATE,CHOCOLATE,01t4w00000NuntRAAR
,CHOCOLATE,01t4w00000NuntSAAR
VARIOS,VARIOS,01t4w00000NuntTAAR
,VARIOS,01t4w00000NuntUAAR
MARRON,MARRON,01t4w00000NuntVAAR
,MARRON,01t4w00000NuntWAAR
GREY,GREY,01t4w00000NuntZAAR
,GREY,01t4w00000NuntaAAB
NATURAL+BLANCO,NATURAL+BLANCO,01t4w00000NuntbAAB
,NATURAL+BLANCO,01t4w00000NuntcAAB
NEGRO+NATURAL+BLANCO,NEGRO+NATURAL+BLANCO,01t4w00000NuntdAAB
,NEGRO+NATURAL+BLANCO,01t4w00000NunteAAB
NATURAL,NATURAL,01t4w00000NunthAAB
,NATURAL,01t4w00000NuntiAAB
GRIS,GRIS,01t4w00000NuntjAAB
,GRIS,01t4w00000NuntkAAB
NATURAL,NATURAL,01t4w00000NuntlAAB
,NATURAL,01t4w00000NuntmAAB
MARRON+BEIGE,MARRON+BEIGE,01t4w00000NuntnAAB
,MARRON+BEIGE,01t4w00000NuntoAAB
CAFE,CAFE,01t4w00000NuntpAAB
,CAFE,01t4w00000NuntqAAB
VERDE,VERDE,01t4w00000NuntrAAB
,VERDE,01t4w00000NuntsAAB
VARIOS,VARIOS,01t4w00000NunttAAB
,VARIOS,01t4w00000NuntuAAB
VARIOS,VARIOS,01t4w00000NuntvAAB
,VARIOS,01t4w00000NuntwAAB
AZUL,AZUL,01t4w00000NuntxAAB
,AZUL,01t4w00000NuntyAAB
NATURAL &BEIGE,NATURAL &BEIGE,01t4w00000NuntzAAB
,NATURAL &BEIGE,01t4w00000Nunu0AAB
NATURAL,NATURAL,01t4w00000Nunu1AAB
,NATURAL,01t4w00000Nunu2AAB
NEGRO,NEGRO,01t4w00000Nunu3AAB
,NEGRO,01t4w00000Nunu4AAB
BLANCA & NATURAL,BLANCA & NATURAL,01t4w00000Nunu5AAB
,BLANCA & NATURAL,01t4w00000Nunu6AAB
VARIOS,VARIOS,01t4w00000Nunu9AAB
,VARIOS,01t4w00000NunuAAAR
VARIOS,VARIOS,01t4w00000NunuBAAR
,VARIOS,01t4w00000NunuCAAR
VARIOS COLORES,VARIOS COLORES,01t4w00000NunuDAAR
,VARIOS COLORES,01t4w00000NunuEAAR
VARIOS,VARIOS,01t4w00000NunuFAAR
,VARIOS,01t4w00000NunuGAAR
NATURAL,NATURAL,01t4w00000NunuHAAR
,NATURAL,01t4w00000NunuIAAR
MARRON,MARRON,01t4w00000NunuJAAR
,MARRON,01t4w00000NunuKAAR
NEGRO,NEGRO,01t4w00000NunuLAAR
,NEGRO,01t4w00000NunuMAAR
NATURAL+BLANCO,NATURAL+BLANCO,01t4w00000NunuNAAR
,NATURAL+BLANCO,01t4w00000NunuOAAR
GRIS OBSCURO & NATURAL,GRIS OBSCURO & NATURAL,01t4w00000NunuPAAR
,GRIS OBSCURO & NATURAL,01t4w00000NunuQAAR
VARIOS,VARIOS,01t4w00000NunuRAAR
,VARIOS,01t4w00000NunuSAAR
NATURAL,NATURAL,01t4w00000NunuTAAR
,NATURAL,01t4w00000NunuUAAR
NEGRO+BLANCO,NEGRO+BLANCO,01t4w00000NunuVAAR
,NEGRO+BLANCO,01t4w00000NunuWAAR
NATURAL,NATURAL,01t4w00000NunuXAAR
,NATURAL,01t4w00000NunuYAAR
VARIOS,VARIOS,01t4w00000NunuZAAR
,VARIOS,01t4w00000NunuaAAB
MARRON,MARRON,01t4w00000NunubAAB
,MARRON,01t4w00000NunucAAB
ROJO+NEGRO,ROJO+NEGRO,01t4w00000NunudAAB
,ROJO+NEGRO,01t4w00000NunueAAB
NATURAL,NATURAL,01t4w00000NunufAAB
,NATURAL,01t4w00000NunugAAB
MARRON,MARRON,01t4w00000NunuhAAB
,MARRON,01t4w00000NunuiAAB
GRIS + NATURAL,GRIS + NATURAL,01t4w00000NunujAAB
,GRIS + NATURAL,01t4w00000NunukAAB
VARIOS,VARIOS,01t4w00000NunulAAB
,VARIOS,01t4w00000NunumAAB
AZUL,AZUL,01t4w00000NununAAB
,AZUL,01t4w00000NunuoAAB
VARIOS,VARIOS,01t4w00000NunupAAB
,VARIOS,01t4w00000NunuqAAB
VARIOS,VARIOS,01t4w00000NunurAAB
,VARIOS,01t4w00000NunusAAB
NEGRO,NEGRO,01t4w00000NunutAAB
,NEGRO,01t4w00000NunuuAAB
VERDE+DORADO,VERDE+DORADO,01t4w00000NunuvAAB
,VERDE+DORADO,01t4w00000NunuwAAB
VARIOS,VARIOS,01t4w00000NunuxAAB
,VARIOS,01t4w00000NunuyAAB
VARIOS,VARIOS,01t4w00000NunuzAAB
,VARIOS,01t4w00000Nunv0AAB
VARIOS,VARIOS,01t4w00000Nunv1AAB
,VARIOS,01t4w00000Nunv2AAB
NATURAL WOOD LOOKS,NATURAL WOOD LOOKS,01t4w00000Nunv3AAB
,NATURAL WOOD LOOKS,01t4w00000Nunv4AAB
BLANCO + NEGRO,BLANCO + NEGRO,01t4w00000Nunv5AAB
,BLANCO + NEGRO,01t4w00000Nunv6AAB
GRIS,GRIS,01t4w00000Nunv7AAB
,GRIS,01t4w00000Nunv8AAB
MARMOL EFFECT,MARMOL EFFECT,01t4w00000Nunv9AAB
,MARMOL EFFECT,01t4w00000NunvAAAR
VARIOS,VARIOS,01t4w00000NunvBAAR
,VARIOS,01t4w00000NunvCAAR
varios,varios,01t4w00000NunvDAAR
,varios,01t4w00000NunvEAAR
VARIOS,VARIOS,01t4w00000NunvFAAR
,VARIOS,01t4w00000NunvGAAR
VARIOS,VARIOS,01t4w00000NunvHAAR
,VARIOS,01t4w00000NunvIAAR
VARIOS,VARIOS,01t4w00000NunvLAAR
,VARIOS,01t4w00000NunvMAAR
VARIOS,VARIOS,01t4w00000NunvNAAR
,VARIOS,01t4w00000NunvOAAR
NEGRO,NEGRO,01t4w00000NunvPAAR
,NEGRO,01t4w00000NunvQAAR
NEGRO,NEGRO,01t4w00000NunvRAAR
,NEGRO,01t4w00000NunvSAAR
VARIOS,VARIOS,01t4w00000Nunw1AAB
,VARIOS,01t4w00000Nunw2AAB
VARIOS,VARIOS,01t4w00000Nunw3AAB
,VARIOS,01t4w00000Nunw4AAB
VARIOS,VARIOS,01t4w00000Nunw5AAB
,VARIOS,01t4w00000Nunw6AAB
VARIOS,VARIOS,01t4w00000Nunw7AAB
,VARIOS,01t4w00000Nunw8AAB
NEGRO,NEGRO,01t4w00000NunwBAAR
,NEGRO,01t4w00000NunwCAAR
AMARILLO + VERDE,AMARILLO + VERDE,01t4w00000NunwDAAR
,AMARILLO + VERDE,01t4w00000NunwEAAR
GRIS,GRIS,01t4w00000NunwFAAR
,GRIS,01t4w00000NunwGAAR
GRIS,GRIS,01t4w00000NunwHAAR
,GRIS,01t4w00000NunwIAAR
NATURAL+BLANCO,NATURAL+BLANCO,01t4w00000NunwJAAR
,NATURAL+BLANCO,01t4w00000NunwKAAR
GREY,GREY,01t4w00000NunwLAAR
,GREY,01t4w00000NunwMAAR
NATURAL+ROSA+AZUL,NATURAL+ROSA+AZUL,01t4w00000NunwNAAR
,NATURAL+ROSA+AZUL,01t4w00000NunwOAAR
NEGRO,NEGRO,01t4w00000NunwPAAR
,NEGRO,01t4w00000NunwQAAR
GRIS,GRIS,01t4w00000NunwRAAR
,GRIS,01t4w00000NunwSAAR
NEGRO,NEGRO,01t4w00000NunwTAAR
,NEGRO,01t4w00000NunwUAAR
NEGRO,NEGRO,01t4w00000NunwVAAR
,NEGRO,01t4w00000NunwWAAR
NATURAL+BLANCO,NATURAL+BLANCO,01t4w00000NunwXAAR
,NATURAL+BLANCO,01t4w00000NunwYAAR
GREEN/YELLOW/PINK,GREEN/YELLOW/PINK,01t4w00000NunwZAAR
,GREEN/YELLOW/PINK,01t4w00000NunwaAAB
GRIS,GRIS,01t4w00000NunwbAAB
,GRIS,01t4w00000NunwcAAB
NEGRO + ROJO,NEGRO + ROJO,01t4w00000NunwdAAB
,NEGRO + ROJO,01t4w00000NunweAAB
NEGRO + ROJO,NEGRO + ROJO,01t4w00000NunwfAAB
,NEGRO + ROJO,01t4w00000NunwgAAB
NEGRO+NATURAL,NEGRO+NATURAL,01t4w00000NunwhAAB
,NEGRO+NATURAL,01t4w00000NunwiAAB
NEGRO+ROJO,NEGRO+ROJO,01t4w00000NunwjAAB
,NEGRO+ROJO,01t4w00000NunwkAAB
GRIS,GRIS,01t4w00000NunwlAAB
,GRIS,01t4w00000NunwmAAB
GRIS,GRIS,01t4w00000NunwnAAB
,GRIS,01t4w00000NunwoAAB
NARANJA+BLANCO,NARANJA+BLANCO,01t4w00000NunwpAAB
,NARANJA+BLANCO,01t4w00000NunwqAAB
NEGRO+NARANJA,NEGRO+NARANJA,01t4w00000NunwrAAB
,NEGRO+NARANJA,01t4w00000NunwsAAB
NEGRO,NEGRO,01t4w00000NunwtAAB
,NEGRO,01t4w00000NunwuAAB
NEGRO,NEGRO,01t4w00000NunwvAAB
,NEGRO,01t4w00000NunwwAAB
NEGRO,NEGRO,01t4w00000NunwxAAB
,NEGRO,01t4w00000NunwyAAB
NEGRO,NEGRO,01t4w00000NunwzAAB
,NEGRO,01t4w00000Nunx0AAB
BLANCO+NATURAL,BLANCO+NATURAL,01t4w00000Nunx3AAB
,BLANCO+NATURAL,01t4w00000Nunx4AAB
NEGRO,NEGRO,01t4w00000Nunx5AAB
,NEGRO,01t4w00000Nunx6AAB
NEGRO,NEGRO,01t4w00000Nunx7AAB
,NEGRO,01t4w00000Nunx8AAB
NEGRO,NEGRO,01t4w00000Nunx9AAB
,NEGRO,01t4w00000NunxAAAR
NEGRO,NEGRO,01t4w00000NunxBAAR
,NEGRO,01t4w00000NunxCAAR
NEGRO+AMARILLO,NEGRO+AMARILLO,01t4w00000NunxDAAR
,NEGRO+AMARILLO,01t4w00000NunxEAAR
NEGRO+NARANJA,NEGRO+NARANJA,01t4w00000NunxFAAR
,NEGRO+NARANJA,01t4w00000NunxGAAR
NATURAL+NEGRO,NATURAL+NEGRO,01t4w00000NunxHAAR
,NATURAL+NEGRO,01t4w00000NunxIAAR
NATURAL+NEGRO,NATURAL+NEGRO,01t4w00000NunxJAAR
,NATURAL+NEGRO,01t4w00000NunxKAAR
VARIOS,VARIOS,01t4w00000NunxLAAR
,VARIOS,01t4w00000NunxMAAR
BEIGE,BEIGE,01t4w00000NunxNAAR
,BEIGE,01t4w00000NunxOAAR
BLANCO,BLANCO,01t4w00000NunxPAAR
,BLANCO,01t4w00000NunxQAAR
NEGRO+MADERA OSCURA,NEGRO+MADERA OSCURA,01t4w00000NunxRAAR
,NEGRO+MADERA OSCURA,01t4w00000NunxSAAR
NEGRO+MARRON,NEGRO+MARRON,01t4w00000NunxTAAR
,NEGRO+MARRON,01t4w00000NunxUAAR
NATURAL+BLANCO,NATURAL+BLANCO,01t4w00000NunxVAAR
,NATURAL+BLANCO,01t4w00000NunxWAAR
BLANCO + NATURAL,BLANCO + NATURAL,01t4w00000NunxXAAR
,BLANCO + NATURAL,01t4w00000NunxYAAR
NEGRO,NEGRO,01t4w00000NunxZAAR
,NEGRO,01t4w00000NunxaAAB
GRIS OXFORD,GRIS OXFORD,01t4w00000NunxbAAB
,GRIS OXFORD,01t4w00000NunxcAAB
NATURAL+BLANCO,NATURAL+BLANCO,01t4w00000NunxdAAB
,NATURAL+BLANCO,01t4w00000NunxeAAB
NEGRO,NEGRO,01t4w00000NunxfAAB
,NEGRO,01t4w00000NunxgAAB
BLANCO,BLANCO,01t4w00000NunxhAAB
,BLANCO,01t4w00000NunxiAAB
NATURAL + BLANCO,NATURAL + BLANCO,01t4w00000NunxjAAB
,NATURAL + BLANCO,01t4w00000NunxkAAB
BLANCO,BLANCO,01t4w00000NunxlAAB
,BLANCO,01t4w00000NunxmAAB
NATURAL+BLANCO,NATURAL+BLANCO,01t4w00000NunxnAAB
,NATURAL+BLANCO,01t4w00000NunxoAAB
NATURAL + GRIS,NATURAL + GRIS,01t4w00000NunxpAAB
,NATURAL + GRIS,01t4w00000NunxqAAB
NATURAL+GRIS,NATURAL+GRIS,01t4w00000NunxrAAB
,NATURAL+GRIS,01t4w00000NunxsAAB
NATURAL+GRIS,NATURAL+GRIS,01t4w00000NunxtAAB
,NATURAL+GRIS,01t4w00000NunxuAAB
NEGRO Y MADERA NATURAL,NEGRO Y MADERA NATURAL,01t4w00000NunxvAAB
,NEGRO Y MADERA NATURAL,01t4w00000NunxwAAB
NATURAL+BLANCO,NATURAL+BLANCO,01t4w00000NunxxAAB
,NATURAL+BLANCO,01t4w00000NunxyAAB
NEGRO Y MADERA NATURAL,NEGRO Y MADERA NATURAL,01t4w00000NunxzAAB
,NEGRO Y MADERA NATURAL,01t4w00000Nuny0AAB
MADERA,MADERA,01t4w00000Nuny1AAB
,MADERA,01t4w00000Nuny2AAB
MADERA,MADERA,01t4w00000Nuny3AAB
,MADERA,01t4w00000Nuny4AAB
NEGRO,NEGRO,01t4w00000Nuny5AAB
,NEGRO,01t4w00000Nuny6AAB
MADERA,MADERA,01t4w00000Nuny7AAB
,MADERA,01t4w00000Nuny8AAB
VARIOS,VARIOS,01t4w00000Nuny9AAB
,VARIOS,01t4w00000NunyAAAR
MADERA,MADERA,01t4w00000NunyBAAR
,MADERA,01t4w00000NunyCAAR
NATURAL,NATURAL,01t4w00000NunyDAAR
,NATURAL,01t4w00000NunyEAAR
MADERA,MADERA,01t4w00000NunyFAAR
,MADERA,01t4w00000NunyGAAR
VARIOS,VARIOS,01t4w00000NunyHAAR
,VARIOS,01t4w00000NunyIAAR
GRIS OSCURO,GRIS OSCURO,01t4w00000NunyJAAR
,GRIS OSCURO,01t4w00000NunyKAAR
VARIOS,VARIOS,01t4w00000NunyLAAR
,VARIOS,01t4w00000NunyMAAR
BLANCO+NATURAL,BLANCO+NATURAL,01t4w00000NunyPAAR
,BLANCO+NATURAL,01t4w00000NunyQAAR
VARIOS,VARIOS,01t4w00000NunyRAAR
,VARIOS,01t4w00000NunySAAR
VARIOS,VARIOS,01t4w00000NunyVAAR
,VARIOS,01t4w00000NunyWAAR
NEGRO + PLATA,NEGRO + PLATA,01t4w00000NunyXAAR
,NEGRO + PLATA,01t4w00000NunyYAAR
VARIOS,VARIOS,01t4w00000NunyZAAR
,VARIOS,01t4w00000NunyaAAB
VARIOS,VARIOS,01t4w00000NunybAAB
,VARIOS,01t4w00000NunycAAB
VARIOS,VARIOS,01t4w00000NunydAAB
,VARIOS,01t4w00000NunyeAAB
GRIS+NATURAL,GRIS+NATURAL,01t4w00000NunyfAAB
,GRIS+NATURAL,01t4w00000NunygAAB
GRIS,GRIS,01t4w00000NunyhAAB
VARIOS,VARIOS,01t4w00000NunyiAAB
,VARIOS,01t4w00000NunyjAAB
VARIOS,VARIOS,01t4w00000NunykAAB
,VARIOS,01t4w00000NunylAAB
VARIOS,VARIOS,01t4w00000NunymAAB
,VARIOS,01t4w00000NunynAAB
VARIOS,VARIOS,01t4w00000NunyoAAB
,VARIOS,01t4w00000NunypAAB
,GRIS,01t4w00000NunyqAAB
GRIS,GRIS,01t4w00000NunyrAAB
,GRIS,01t4w00000NunysAAB
IMITACION CEMENTO,IMITACION CEMENTO,01t4w00000NunytAAB
,IMITACION CEMENTO,01t4w00000NunyuAAB
BLANCO+NATURAL,BLANCO+NATURAL,01t4w00000NunyvAAB
,BLANCO+NATURAL,01t4w00000NunywAAB
GRIS,GRIS,01t4w00000NunyxAAB
,GRIS,01t4w00000NunyyAAB
NEGRO,NEGRO,01t4w00000NunyzAAB
,NEGRO,01t4w00000Nunz0AAB
VARIOS,VARIOS,01t4w00000Nunz1AAB
,VARIOS,01t4w00000Nunz2AAB
BLANCO,BLANCO,01t4w00000Nunz3AAB
,BLANCO,01t4w00000Nunz4AAB
GRIS,GRIS,01t4w00000Nunz5AAB
,GRIS,01t4w00000Nunz6AAB
NATURAL,NATURAL,01t4w00000Nunz7AAB
,NATURAL,01t4w00000Nunz8AAB
BEIGE O GRIS,BEIGE O GRIS,01t4w00000Nunz9AAB
,BEIGE O GRIS,01t4w00000NunzAAAR
VARIOS,VARIOS,01t4w00000NunzBAAR
,VARIOS,01t4w00000NunzCAAR
GRIS,GRIS,01t4w00000NunzDAAR
,GRIS,01t4w00000NunzEAAR
GRIS+NEGRO,GRIS+NEGRO,01t4w00000NunzFAAR
,GRIS+NEGRO,01t4w00000NunzGAAR
BLANCO,BLANCO,01t4w00000NunzHAAR
,BLANCO,01t4w00000NunzIAAR
GRIS,GRIS,01t4w00000NunzJAAR
,GRIS,01t4w00000NunzKAAR
BLANCO + NATURAL,BLANCO + NATURAL,01t4w00000NunzLAAR
,BLANCO + NATURAL,01t4w00000NunzMAAR
NEGRO,NEGRO,01t4w00000NunzNAAR
,NEGRO,01t4w00000NunzOAAR
GRIS,GRIS,01t4w00000NunzPAAR
,GRIS,01t4w00000NunzQAAR
NEGRO,NEGRO,01t4w00000NunzRAAR
,NEGRO,01t4w00000NunzSAAR
BLANCO+NATURAL,BLANCO+NATURAL,01t4w00000NunzTAAR
,BLANCO+NATURAL,01t4w00000NunzUAAR
BLANCO+NEGRO,BLANCO+NEGRO,01t4w00000NunzVAAR
BLANCO,BLANCO,01t4w00000NunzWAAR
,BLANCO,01t4w00000NunzXAAR
NEGRO,NEGRO,01t4w00000NunzYAAR
,NEGRO,01t4w00000NunzZAAR
VARIOS,VARIOS,01t4w00000NunzaAAB
,VARIOS,01t4w00000NunzbAAB
VARIOS COLORES + NATURAL,VARIOS COLORES + NATURAL,01t4w00000NunzcAAB
,VARIOS COLORES + NATURAL,01t4w00000NunzdAAB
,BLANCO+NEGRO,01t4w00000NunzeAAB
BLANCO+GRIS,BLANCO+GRIS,01t4w00000NunzfAAB
,BLANCO+GRIS,01t4w00000NunzgAAB
BLANCO+NATURAL,BLANCO+NATURAL,01t4w00000NunzhAAB
,BLANCO+NATURAL,01t4w00000NunziAAB
NEGRO+NATURAL,NEGRO+NATURAL,01t4w00000NunzjAAB
,NEGRO+NATURAL,01t4w00000NunzkAAB
AZUL+NATURAL,AZUL+NATURAL,01t4w00000NunzlAAB
,AZUL+NATURAL,01t4w00000NunzmAAB
AZUL+NEGRO,AZUL+NEGRO,01t4w00000NunznAAB
,AZUL+NEGRO,01t4w00000NunzoAAB
NEGRO+MADERA,NEGRO+MADERA,01t4w00000NunzpAAB
,NEGRO+MADERA,01t4w00000NunzqAAB
NATURAL,NATURAL,01t4w00000NunzrAAB
,NATURAL,01t4w00000NunzsAAB
BLANCO+NATURAL,BLANCO+NATURAL,01t4w00000NunztAAB
,BLANCO+NATURAL,01t4w00000NunzuAAB
BLANCO+NATURAL,BLANCO+NATURAL,01t4w00000NunzvAAB
,BLANCO+NATURAL,01t4w00000NunzwAAB
MARRON+NATURAL,MARRON+NATURAL,01t4w00000NunzxAAB
,MARRON+NATURAL,01t4w00000NunzyAAB
NATURAL + NEGRO,NATURAL + NEGRO,01t4w00000NunzzAAB
,NATURAL + NEGRO,01t4w00000Nuo00AAB
BLANCO+GRIS,BLANCO+GRIS,01t4w00000Nuo01AAB
,BLANCO+GRIS,01t4w00000Nuo02AAB
BLANCO+MADERA,BLANCO+MADERA,01t4w00000Nuo03AAB
,BLANCO+MADERA,01t4w00000Nuo04AAB
MADERA,MADERA,01t4w00000Nuo05AAB
,MADERA,01t4w00000Nuo06AAB
GRIS+ROJO,GRIS+ROJO,01t4w00000Nuo07AAB
,GRIS+ROJO,01t4w00000Nuo08AAB
CHOCOLATE,CHOCOLATE,01t4w00000Nuo09AAB
,CHOCOLATE,01t4w00000Nuo0AAAR
BLANCO,BLANCO,01t4w00000Nuo0BAAR
,BLANCO,01t4w00000Nuo0CAAR
GRIS,GRIS,01t4w00000Nuo0DAAR
,GRIS,01t4w00000Nuo0EAAR
GRIS+NATURAL,GRIS+NATURAL,01t4w00000Nuo0FAAR
,GRIS+NATURAL,01t4w00000Nuo0GAAR
GRIS,GRIS,01t4w00000Nuo0HAAR
,GRIS,01t4w00000Nuo0IAAR
NATURAL+GRIS,NATURAL+GRIS,01t4w00000Nuo0JAAR
,NATURAL+GRIS,01t4w00000Nuo0KAAR
NATURAL + BLANCO,NATURAL + BLANCO,01t4w00000Nuo0LAAR
,NATURAL + BLANCO,01t4w00000Nuo0MAAR
GRIS+MARRON,GRIS+MARRON,01t4w00000Nuo0NAAR
,GRIS+MARRON,01t4w00000Nuo0OAAR
NATURAL+ROSA,NATURAL+ROSA,01t4w00000Nuo0PAAR
,NATURAL+ROSA,01t4w00000Nuo0QAAR
VERDE+NATURAL,VERDE+NATURAL,01t4w00000Nuo0RAAR
,VERDE+NATURAL,01t4w00000Nuo0SAAR
BEIGE+NATURAL,BEIGE+NATURAL,01t4w00000Nuo0TAAR
,BEIGE+NATURAL,01t4w00000Nuo0UAAR
GRIS+NATURAL,GRIS+NATURAL,01t4w00000Nuo0VAAR
,GRIS+NATURAL,01t4w00000Nuo0WAAR
BLANCO Y MARRON,BLANCO Y MARRON,01t4w00000Nuo0ZAAR
,BLANCO Y MARRON,01t4w00000Nuo0aAAB
VARIOS,VARIOS,01t4w00000Nuo0bAAB
,VARIOS,01t4w00000Nuo0cAAB
VARIOS,VARIOS,01t4w00000Nuo0dAAB
,VARIOS,01t4w00000Nuo0eAAB
NATURAL+NEGRO,NATURAL+NEGRO,01t4w00000Nuo0fAAB
,NATURAL+NEGRO,01t4w00000Nuo0gAAB
BLANCO+NATURAL,BLANCO+NATURAL,01t4w00000Nuo0hAAB
,BLANCO+NATURAL,01t4w00000Nuo0iAAB
GRIS+NATURAL,GRIS+NATURAL,01t4w00000Nuo0jAAB
,GRIS+NATURAL,01t4w00000Nuo0kAAB
NATURAL+NEGRO,NATURAL+NEGRO,01t4w00000Nuo0lAAB
,NATURAL+NEGRO,01t4w00000Nuo0mAAB
NATURAL+GRIS,NATURAL+GRIS,01t4w00000Nuo0nAAB
,NATURAL+GRIS,01t4w00000Nuo0oAAB
BLANCO,BLANCO,01t4w00000Nuo0pAAB
,BLANCO,01t4w00000Nuo0qAAB
BLANCO Y MARRON,BLANCO Y MARRON,01t4w00000Nuo0rAAB
,BLANCO Y MARRON,01t4w00000Nuo0sAAB
BLANCO,BLANCO,01t4w00000Nuo0tAAB
,BLANCO,01t4w00000Nuo0uAAB
NATURAL,NATURAL,01t4w00000Nuo0vAAB
,NATURAL,01t4w00000Nuo0wAAB
BLANCO Y MARRON,BLANCO Y MARRON,01t4w00000Nuo0xAAB
,BLANCO Y MARRON,01t4w00000Nuo0yAAB
BLANCO + NATURAL,BLANCO + NATURAL,01t4w00000Nuo0zAAB
,BLANCO + NATURAL,01t4w00000Nuo10AAB
BLANCO,BLANCO,01t4w00000Nuo11AAB
,BLANCO,01t4w00000Nuo12AAB
BLANCO,BLANCO,01t4w00000Nuo13AAB
,BLANCO,01t4w00000Nuo14AAB
NATURAL+GRIS,NATURAL+GRIS,01t4w00000Nuo15AAB
,NATURAL+GRIS,01t4w00000Nuo16AAB
GRIS,GRIS,01t4w00000Nuo17AAB
,GRIS,01t4w00000Nuo18AAB
NATURAL,NATURAL,01t4w00000Nuo19AAB
,NATURAL,01t4w00000Nuo1AAAR
GRIS,GRIS,01t4w00000Nuo1BAAR
,GRIS,01t4w00000Nuo1CAAR
BLANCO + NATURAL,BLANCO + NATURAL,01t4w00000Nuo1DAAR
,BLANCO + NATURAL,01t4w00000Nuo1EAAR
ROSA,ROSA,01t4w00000Nuo1FAAR
,ROSA,01t4w00000Nuo1GAAR
NATURAL,NATURAL,01t4w00000Nuo1HAAR
,NATURAL,01t4w00000Nuo1IAAR
NATURAL+BLANCO,NATURAL+BLANCO,01t4w00000Nuo1JAAR
,NATURAL+BLANCO,01t4w00000Nuo1KAAR
NATURAL+GRIS,NATURAL+GRIS,01t4w00000Nuo1LAAR
,NATURAL+GRIS,01t4w00000Nuo1MAAR
BLANCO + NATURAL,BLANCO + NATURAL,01t4w00000Nuo1NAAR
,BLANCO + NATURAL,01t4w00000Nuo1OAAR
BLANCO,BLANCO,01t4w00000Nuo1PAAR
,BLANCO,01t4w00000Nuo1QAAR
CHOCOLATE + IMITACIÓN MARMOL,CHOCOLATE + IMITACIÓN MARMOL,01t4w00000Nuo1RAAR
,CHOCOLATE + IMITACIÓN MARMOL,01t4w00000Nuo1SAAR
IMITACION MARMOL,IMITACION MARMOL,01t4w00000Nuo1TAAR
,IMITACION MARMOL,01t4w00000Nuo1UAAR
CHOCOLATE + IMITACIÓN MARMOL,CHOCOLATE + IMITACIÓN MARMOL,01t4w00000Nuo1VAAR
,CHOCOLATE + IMITACIÓN MARMOL,01t4w00000Nuo1WAAR
IMITACION MARMOL,IMITACION MARMOL,01t4w00000Nuo1XAAR
,IMITACION MARMOL,01t4w00000Nuo1YAAR
VARIOS,VARIOS,01t4w00000Nuo1ZAAR
,VARIOS,01t4w00000Nuo1aAAB
CAFÉ,CAFÉ,01t4w00000Nuo1bAAB
,CAFÉ,01t4w00000Nuo1cAAB
CAFÉ,CAFÉ,01t4w00000Nuo1dAAB
,CAFÉ,01t4w00000Nuo1eAAB
BLANCO+NEGRO,BLANCO+NEGRO,01t4w00000Nuo1fAAB
,BLANCO+NEGRO,01t4w00000Nuo1gAAB
VARIOS,VARIOS,01t4w00000Nuo1hAAB
,VARIOS,01t4w00000Nuo1iAAB
BLANCO + NATURAL,BLANCO + NATURAL,01t4w00000Nuo1jAAB
,BLANCO + NATURAL,01t4w00000Nuo1kAAB
NATURAL & GRIS,NATURAL & GRIS,01t4w00000Nuo1lAAB
,NATURAL & GRIS,01t4w00000Nuo1mAAB
NEGRO,NEGRO,01t4w00000Nuo1nAAB
,NEGRO,01t4w00000Nuo1oAAB
NATURAL+BLANCO,NATURAL+BLANCO,01t4w00000Nuo1pAAB
,NATURAL+BLANCO,01t4w00000Nuo1qAAB
BLANCO + NATURAL,BLANCO + NATURAL,01t4w00000Nuo1rAAB
,BLANCO + NATURAL,01t4w00000Nuo1sAAB
NATURAL,NATURAL,01t4w00000Nuo1tAAB
,NATURAL,01t4w00000Nuo1uAAB
NATURAL+NEGRO,NATURAL+NEGRO,01t4w00000Nuo1vAAB
,NATURAL+NEGRO,01t4w00000Nuo1wAAB
PLATA,PLATA,01t4w00000Nuo1xAAB
,PLATA,01t4w00000Nuo1yAAB
BLACK,BLACK,01t4w00000Nuo1zAAB
,BLACK,01t4w00000Nuo20AAB
BLACK,BLACK,01t4w00000Nuo21AAB
,BLACK,01t4w00000Nuo22AAB
NEGRO+MADERA,NEGRO+MADERA,01t4w00000Nuo23AAB
,NEGRO+MADERA,01t4w00000Nuo24AAB
NEGRO+MADERA,NEGRO+MADERA,01t4w00000Nuo25AAB
,NEGRO+MADERA,01t4w00000Nuo26AAB
NEGRO+MADERA,NEGRO+MADERA,01t4w00000Nuo27AAB
,NEGRO+MADERA,01t4w00000Nuo28AAB
MARRON,MARRON,01t4w00000Nuo29AAB
,MARRON,01t4w00000Nuo2AAAR
NEGRO+MADERA,NEGRO+MADERA,01t4w00000Nuo2BAAR
,NEGRO+MADERA,01t4w00000Nuo2CAAR
CHERRY,CHERRY,01t4w00000Nuo2DAAR
,CHERRY,01t4w00000Nuo2EAAR
NEGRO,NEGRO,01t4w00000Nuo2FAAR
,NEGRO,01t4w00000Nuo2GAAR
BLANCO,BLANCO,01t4w00000Nuo2HAAR
,BLANCO,01t4w00000Nuo2IAAR
BLANCO,BLANCO,01t4w00000Nuo2JAAR
,BLANCO,01t4w00000Nuo2KAAR
NATURAL + GRIS,NATURAL + GRIS,01t4w00000Nuo2LAAR
,NATURAL + GRIS,01t4w00000Nuo2MAAR
VARIOS,VARIOS,01t4w00000Nuo2NAAR
,VARIOS,01t4w00000Nuo2OAAR
VARIOS,VARIOS,01t4w00000Nuo2PAAR
,VARIOS,01t4w00000Nuo2QAAR
VARIOS,VARIOS,01t4w00000Nuo2RAAR
,VARIOS,01t4w00000Nuo2SAAR
NATURAL,NATURAL,01t4w00000Nuo2TAAR
,NATURAL,01t4w00000Nuo2UAAR
GRIS,GRIS,01t4w00000Nuo2VAAR
,GRIS,01t4w00000Nuo2WAAR
BLANCO,BLANCO,01t4w00000Nuo2XAAR
,BLANCO,01t4w00000Nuo2YAAR
VARIOS,VARIOS,01t4w00000Nuo2ZAAR
,VARIOS,01t4w00000Nuo2aAAB
VARIOS,VARIOS,01t4w00000Nuo2bAAB
,VARIOS,01t4w00000Nuo2cAAB
NATURAL + NEGRO,NATURAL + NEGRO,01t4w00000Nuo2dAAB
,NATURAL + NEGRO,01t4w00000Nuo2eAAB
VARIOS,VARIOS,01t4w00000Nuo2fAAB
,VARIOS,01t4w00000Nuo2gAAB
BLACK,BLACK,01t4w00000Nuo2hAAB
,BLACK,01t4w00000Nuo2iAAB
NATURAL+BLANCO,NATURAL+BLANCO,01t4w00000Nuo2jAAB
,NATURAL+BLANCO,01t4w00000Nuo2kAAB
NATURAL+GRIS,NATURAL+GRIS,01t4w00000Nuo2lAAB
,NATURAL+GRIS,01t4w00000Nuo2mAAB
NEGRO+NATURAL,NEGRO+NATURAL,01t4w00000Nuo2nAAB
,NEGRO+NATURAL,01t4w00000Nuo2oAAB
NATURAL+BLANCO,NATURAL+BLANCO,01t4w00000Nuo2pAAB
,NATURAL+BLANCO,01t4w00000Nuo2qAAB
NATURAL,NATURAL,01t4w00000Nuo2rAAB
,NATURAL,01t4w00000Nuo2sAAB
NATURAL + NEGRO,NATURAL + NEGRO,01t4w00000Nuo2tAAB
,NATURAL + NEGRO,01t4w00000Nuo2uAAB
NATURAL + BLANCO,NATURAL + BLANCO,01t4w00000Nuo2vAAB
,NATURAL + BLANCO,01t4w00000Nuo2wAAB
NATURAL + BLANCO,NATURAL + BLANCO,01t4w00000Nuo2xAAB
,NATURAL + BLANCO,01t4w00000Nuo2yAAB
NATURAL + NEGRO,NATURAL + NEGRO,01t4w00000Nuo2zAAB
,NATURAL + NEGRO,01t4w00000Nuo30AAB
NEGRO+MADERA,NEGRO+MADERA,01t4w00000Nuo31AAB
,NEGRO+MADERA,01t4w00000Nuo32AAB
NEGRO+MADERA,NEGRO+MADERA,01t4w00000Nuo33AAB
,NEGRO+MADERA,01t4w00000Nuo34AAB
NATURAL + NEGRO,NATURAL + NEGRO,01t4w00000Nuo35AAB
,NATURAL + NEGRO,01t4w00000Nuo36AAB
NUDE,NUDE,01t4w00000Nuo37AAB
,NUDE,01t4w00000Nuo38AAB
MORADO,MORADO,01t4w00000Nuo39AAB
,MORADO,01t4w00000Nuo3AAAR
VARIOS,VARIOS,01t4w00000Nuo3BAAR
,VARIOS,01t4w00000Nuo3CAAR
BLANCO,BLANCO,01t4w00000Nuo3DAAR
,BLANCO,01t4w00000Nuo3EAAR
BLANCO,BLANCO,01t4w00000Nuo3FAAR
,BLANCO,01t4w00000Nuo3GAAR
TRANSPARENTE,TRANSPARENTE,01t4w00000Nuo3HAAR
,TRANSPARENTE,01t4w00000Nuo3IAAR
CHERRY,CHERRY,01t4w00000Nuo3JAAR
,CHERRY,01t4w00000Nuo3KAAR
BLACK,BLACK,01t4w00000Nuo3LAAR
,BLACK,01t4w00000Nuo3MAAR
VARIOS,VARIOS,01t4w00000Nuo3NAAR
,VARIOS,01t4w00000Nuo3OAAR
BLACK,BLACK,01t4w00000Nuo3PAAR
,BLACK,01t4w00000Nuo3QAAR
GRIS,GRIS,01t4w00000Nuo3RAAR
,GRIS,01t4w00000Nuo3SAAR
PLATEADO,PLATEADO,01t4w00000Nuo3TAAR
,PLATEADO,01t4w00000Nuo3UAAR
VERDE CLARO+VERDE OSCURO,VERDE CLARO+VERDE OSCURO,01t4w00000Nuo3VAAR
,VERDE CLARO+VERDE OSCURO,01t4w00000Nuo3WAAR
VERDE CLARO+VERDE OSCURO,VERDE CLARO+VERDE OSCURO,01t4w00000Nuo3XAAR
,VERDE CLARO+VERDE OSCURO,01t4w00000Nuo3YAAR
VARIOS,VARIOS,01t4w00000Nuo3ZAAR
,VARIOS,01t4w00000Nuo3aAAB
VARIOS COLORES,VARIOS COLORES,01t4w00000Nuo3bAAB
,VARIOS COLORES,01t4w00000Nuo3cAAB
VARIOS COLORES,VARIOS COLORES,01t4w00000Nuo3dAAB
,VARIOS COLORES,01t4w00000Nuo3eAAB
NEGRO+VERDE,NEGRO+VERDE,01t4w00000Nuo3fAAB
,NEGRO+VERDE,01t4w00000Nuo3gAAB
NEGRO+VERDE,NEGRO+VERDE,01t4w00000Nuo3hAAB
,NEGRO+VERDE,01t4w00000Nuo3iAAB
NEGRO+VERDE,NEGRO+VERDE,01t4w00000Nuo3jAAB
,NEGRO+VERDE,01t4w00000Nuo3kAAB
VARIOS,VARIOS,01t4w00000Nuo3nAAB
,VARIOS,01t4w00000Nuo3oAAB
BEIGE,BEIGE,01t4w00000Nuo3pAAB
,BEIGE,01t4w00000Nuo3qAAB
VERDE+AZUL,VERDE+AZUL,01t4w00000Nuo3rAAB
,VERDE+AZUL,01t4w00000Nuo3sAAB
VERDE+ROSA,VERDE+ROSA,01t4w00000Nuo3tAAB
,VERDE+ROSA,01t4w00000Nuo3uAAB
NEGRO,NEGRO,01t4w00000Nuo3vAAB
,NEGRO,01t4w00000Nuo3wAAB
NEGRO,NEGRO,01t4w00000Nuo3xAAB
,NEGRO,01t4w00000Nuo3yAAB
NEGRO + MARRON,NEGRO + MARRON,01t4w00000Nuo3zAAB
,NEGRO + MARRON,01t4w00000Nuo40AAB
BLANCO + NEGRO,BLANCO + NEGRO,01t4w00000Nuo41AAB
,BLANCO + NEGRO,01t4w00000Nuo42AAB
NEGRO,NEGRO,01t4w00000Nuo43AAB
,NEGRO,01t4w00000Nuo44AAB
AMARILLO,AMARILLO,01t4w00000Nuo45AAB
,VARIOS,01t4w00000Nuo46AAB
,AMARILLO,01t4w00000Nuo47AAB
VARIOS,VARIOS,01t4w00000Nuo48AAB
Marrón+transparente,Marrón+transparente,01t4w00000Nuo49AAB
,Marrón+transparente,01t4w00000Nuo4AAAR
NEGRO+GRIS,NEGRO+GRIS,01t4w00000Nuo4BAAR
,NEGRO+GRIS,01t4w00000Nuo4CAAR
NEGRO+AZUL OSCURO,NEGRO+AZUL OSCURO,01t4w00000Nuo4DAAR
NEGRO/BLANCO,NEGRO/BLANCO,01t4w00000Nuo4EAAR
,NEGRO/BLANCO,01t4w00000Nuo4FAAR
,NEGRO+AZUL OSCURO,01t4w00000Nuo4GAAR
NEGRO/BLANCO,NEGRO/BLANCO,01t4w00000Nuo4HAAR
,NEGRO/BLANCO,01t4w00000Nuo4IAAR
NEGRO/BLANCO,NEGRO/BLANCO,01t4w00000Nuo4JAAR
,NEGRO/BLANCO,01t4w00000Nuo4KAAR
NEGRO,NEGRO,01t4w00000Nuo4LAAR
,NEGRO,01t4w00000Nuo4MAAR
GRIS/NEGRO,GRIS/NEGRO,01t4w00000Nuo4NAAR
,GRIS/NEGRO,01t4w00000Nuo4OAAR
NEGRO,NEGRO,01t4w00000Nuo4PAAR
,NEGRO,01t4w00000Nuo4QAAR
,VARIOS,01t4w00000Nuo4RAAR
NATURAL,NATURAL,01t4w00000Nuo4SAAR
,NATURAL,01t4w00000Nuo4TAAR
NATURAL+GRIS,NATURAL+GRIS,01t4w00000Nuo4UAAR
,NATURAL+GRIS,01t4w00000Nuo4VAAR
,NEGRO,01t4w00000Nuo4WAAR
VARIOS,VARIOS,01t4w00000Nuo4XAAR
,VARIOS,01t4w00000Nuo4YAAR
NATURAL + NEGRO,NATURAL + NEGRO,01t4w00000Nuo4ZAAR
,NATURAL + NEGRO,01t4w00000Nuo4aAAB
NATURAL + NEGRO,NATURAL + NEGRO,01t4w00000Nuo4bAAB
,NATURAL + NEGRO,01t4w00000Nuo4cAAB
MARRÓN + NEGRO,MARRÓN + NEGRO,01t4w00000Nuo4dAAB
,MARRÓN + NEGRO,01t4w00000Nuo4eAAB
GRIS + NEGRO,GRIS + NEGRO,01t4w00000Nuo4fAAB
,GRIS + NEGRO,01t4w00000Nuo4gAAB
BLANCO,BLANCO,01t4w00000Nuo4hAAB
,BLANCO,01t4w00000Nuo4iAAB
BLANCO,BLANCO,01t4w00000Nuo4jAAB
,BLANCO,01t4w00000Nuo4kAAB
NATURAL + NEGRO,NATURAL + NEGRO,01t4w00000Nuo4lAAB
,NATURAL + NEGRO,01t4w00000Nuo4mAAB
,NATURAL + NEGRO,01t4w00000Nuo4nAAB
NATURAL + GRIS,NATURAL + GRIS,01t4w00000Nuo4oAAB
NATURAL + NEGRO,NATURAL + NEGRO,01t4w00000Nuo4pAAB
NATURAL + NEGRO,NATURAL + NEGRO,01t4w00000Nuo4qAAB
,NATURAL + NEGRO,01t4w00000Nuo4rAAB
NATURAL + NEGRO,NATURAL + NEGRO,01t4w00000Nuo4sAAB
,NATURAL + NEGRO,01t4w00000Nuo4tAAB
,NATURAL + GRIS,01t4w00000Nuo4uAAB
NATURAL + GRIS,NATURAL + GRIS,01t4w00000Nuo4vAAB
,NATURAL + GRIS,01t4w00000Nuo4wAAB
NATURAL + BLANCO,NATURAL + BLANCO,01t4w00000Nuo4xAAB
,MADERA + NEGRO,01t4w00000Nuo4yAAB
,NATURAL + BLANCO,01t4w00000Nuo4zAAB
NATURAL + BLANCO,NATURAL + BLANCO,01t4w00000Nuo50AAB
CAFE,CAFE,01t4w00000Nuo51AAB
,NATURAL + BLANCO,01t4w00000Nuo52AAB
MADERA + NEGRO,MADERA + NEGRO,01t4w00000Nuo53AAB
,CAFE,01t4w00000Nuo54AAB
,NATURAL + NEGRO,01t4w00000Nuo55AAB
NATURAL + NEGRO,NATURAL + NEGRO,01t4w00000Nuo56AAB
NATURAL + NEGRO,NATURAL + NEGRO,01t4w00000Nuo57AAB
,NATURAL + NEGRO,01t4w00000Nuo58AAB
NATURAL + NEGRO,NATURAL + NEGRO,01t4w00000Nuo59AAB
,NATURAL + NEGRO,01t4w00000Nuo5AAAR
ROSA + BLANCO,ROSA + BLANCO,01t4w00000Nuo5BAAR
,ROSA + BLANCO,01t4w00000Nuo5CAAR
NATURAL + NEGRO,NATURAL + NEGRO,01t4w00000Nuo5DAAR
,NATURAL + NEGRO,01t4w00000Nuo5EAAR
NEGRO,NEGRO,01t4w00000Nuo5FAAR
,NEGRO,01t4w00000Nuo5GAAR
NEGRO,NEGRO,01t4w00000Nuo5HAAR
,NEGRO,01t4w00000Nuo5IAAR
NATURAL + NEGRO,NATURAL + NEGRO,01t4w00000Nuo5JAAR
,NATURAL + NEGRO,01t4w00000Nuo5KAAR
MADERA + NEGRO,MADERA + NEGRO,01t4w00000Nuo5LAAR
,MADERA + NEGRO,01t4w00000Nuo5MAAR
NEGRO,NEGRO,01t4w00000Nuo5NAAR
,NEGRO,01t4w00000Nuo5OAAR
NATURAL + NEGRO,NATURAL + NEGRO,01t4w00000Nuo5PAAR
,NATURAL + NEGRO,01t4w00000Nuo5QAAR
BLANCO,BLANCO,01t4w00000Nuo5RAAR
,BLANCO,01t4w00000Nuo5SAAR
,NATURAL + BLANCO,01t4w00000Nuo5TAAR
NATURAL + BLANCO,NATURAL + BLANCO,01t4w00000Nuo5UAAR
,NATURAL + GRIS,01t4w00000Nuo5VAAR
NATURAL + NEGRO,NATURAL + NEGRO,01t4w00000Nuo5WAAR
,NATURAL + NEGRO,01t4w00000Nuo5XAAR
NATURAL + GRIS,NATURAL + GRIS,01t4w00000Nuo5YAAR
NATURAL + TURQUESA,NATURAL + TURQUESA,01t4w00000Nuo5ZAAR
,NATURAL + TURQUESA,01t4w00000Nuo5aAAB
NATURAL + NEGRO,NATURAL + NEGRO,01t4w00000Nuo5bAAB
,NATURAL + NEGRO,01t4w00000Nuo5cAAB
NATURAL + NEGRO,NATURAL + NEGRO,01t4w00000Nuo5dAAB
,NATURAL + NEGRO,01t4w00000Nuo5eAAB
,NATURAL + NEGRO,01t4w00000Nuo5fAAB
NATURAL + NEGRO,NATURAL + NEGRO,01t4w00000Nuo5gAAB
NEGRO + BLANCO + NATURAL,NEGRO + BLANCO + NATURAL,01t4w00000Nuo5hAAB
,NEGRO + BLANCO + NATURAL,01t4w00000Nuo5iAAB
GRIS + NATURAL,GRIS + NATURAL,01t4w00000Nuo5jAAB
,GRIS + NATURAL,01t4w00000Nuo5kAAB
GRIS + NATURAL,GRIS + NATURAL,01t4w00000Nuo5lAAB
,GRIS + NATURAL,01t4w00000Nuo5mAAB
BLANCO + GRIS,BLANCO + GRIS,01t4w00000Nuo5nAAB
,BLANCO + GRIS,01t4w00000Nuo5oAAB
BLANCO + GRIS,BLANCO + GRIS,01t4w00000Nuo5pAAB
,BLANCO + GRIS,01t4w00000Nuo5qAAB
BLANCO + NATURAL,BLANCO + NATURAL,01t4w00000Nuo5rAAB
,BLANCO + NATURAL,01t4w00000Nuo5sAAB
BLANCO + NATURAL,BLANCO + NATURAL,01t4w00000Nuo5tAAB
BLANCO + NEGRO + NATURAL,BLANCO + NEGRO + NATURAL,01t4w00000Nuo5uAAB
,BLANCO + NATURAL,01t4w00000Nuo5vAAB
,BLANCO + NEGRO + NATURAL,01t4w00000Nuo5wAAB
AZUL GRISÁCEO,AZUL GRISÁCEO,01t4w00000Nuo5xAAB
,AZUL GRISÁCEO,01t4w00000Nuo5yAAB
BLANCO + MARRÓN,BLANCO + MARRÓN,01t4w00000Nuo5zAAB
,NATURAL + NEGRO,01t4w00000Nuo60AAB
,BLANCO + MARRÓN,01t4w00000Nuo61AAB
,NATURAL + NEGRO,01t4w00000Nuo62AAB
NATURAL + NEGRO,NATURAL + NEGRO,01t4w00000Nuo63AAB
NEGRO,NEGRO,01t4w00000Nuo64AAB
NATURAL + NEGRO,NATURAL + NEGRO,01t4w00000Nuo65AAB
,NEGRO,01t4w00000Nuo66AAB
AZUL,AZUL,01t4w00000Nuo67AAB
,AZUL,01t4w00000Nuo68AAB
GRIS + NEGRO,GRIS + NEGRO,01t4w00000Nuo69AAB
,GRIS + NEGRO,01t4w00000Nuo6AAAR
VARIOS,VARIOS,01t4w00000Nuo6BAAR
,VARIOS,01t4w00000Nuo6CAAR
VARIOS,VARIOS,01t4w00000Nuo6DAAR
,VARIOS,01t4w00000Nuo6EAAR
VARIOS,VARIOS,01t4w00000Nuo6FAAR
,VARIOS,01t4w00000Nuo6GAAR
VARIOS,VARIOS,01t4w00000Nuo6HAAR
,VARIOS,01t4w00000Nuo6IAAR
NATURAL + NEGRO,NATURAL + NEGRO,01t4w00000Nuo6JAAR
,NATURAL + NEGRO,01t4w00000Nuo6KAAR
NATURAL + NEGRO,NATURAL + NEGRO,01t4w00000Nuo6LAAR
,NATURAL + NEGRO,01t4w00000Nuo6MAAR
,NATURAL + NEGRO,01t4w00000Nuo6NAAR
NATURAL + NEGRO,NATURAL + NEGRO,01t4w00000Nuo6OAAR
NATURAL + NEGRO,NATURAL + NEGRO,01t4w00000Nuo6PAAR
,NATURAL + NEGRO,01t4w00000Nuo6QAAR
NATURAL + NEGRO,NATURAL + NEGRO,01t4w00000Nuo6RAAR
,NATURAL + NEGRO,01t4w00000Nuo6SAAR
COBRE,COBRE,01t4w00000Nuo6TAAR
ROSA + PLATA,ROSA + PLATA,01t4w00000Nuo6UAAR
,ROSA + PLATA,01t4w00000Nuo6VAAR
PLATA,PLATA,01t4w00000Nuo6WAAR
,PLATA,01t4w00000Nuo6XAAR
PLATA,PLATA,01t4w00000Nuo6YAAR
,PLATA,01t4w00000Nuo6ZAAR
,COBRE,01t4w00000Nuo6aAAB
NEGRO + ORO,NEGRO + ORO,01t4w00000Nuo6bAAB
,NEGRO + ORO,01t4w00000Nuo6cAAB
NEGRO + ORO,NEGRO + ORO,01t4w00000Nuo6dAAB
,NEGRO + ORO,01t4w00000Nuo6eAAB
NEGRO + ORO,NEGRO + ORO,01t4w00000Nuo6fAAB
,NEGRO + ORO,01t4w00000Nuo6gAAB
,NEGRO,01t4w00000Nuo6hAAB
NEGRO,NEGRO,01t4w00000Nuo6iAAB
,NEGRO,01t4w00000Nuo6jAAB
NEGRO,NEGRO,01t4w00000Nuo6kAAB
,NEGRO,01t4w00000Nuo6lAAB
NEGRO,NEGRO,01t4w00000Nuo6mAAB
NEGRO,NEGRO,01t4w00000Nuo6nAAB
,NEGRO,01t4w00000Nuo6oAAB
NEGRO + ORO,NEGRO + ORO,01t4w00000Nuo6pAAB
,NEGRO + ORO,01t4w00000Nuo6qAAB
NEGRO + ORO,NEGRO + ORO,01t4w00000Nuo6rAAB
,NEGRO + ORO,01t4w00000Nuo6sAAB
NEGRO + ORO,NEGRO + ORO,01t4w00000Nuo6tAAB
,NEGRO + ORO,01t4w00000Nuo6uAAB
NEGRO + ORO,NEGRO + ORO,01t4w00000Nuo6vAAB
NEGRO + ORO,NEGRO + ORO,01t4w00000Nuo6wAAB
NEGRO + ORO,NEGRO + ORO,01t4w00000Nuo6xAAB
,NEGRO + ORO,01t4w00000Nuo6yAAB
,NEGRO + ORO,01t4w00000Nuo6zAAB
,NEGRO + ORO,01t4w00000Nuo70AAB
NEGRO + ORO,NEGRO + ORO,01t4w00000Nuo71AAB
,NEGRO + ORO,01t4w00000Nuo72AAB
NEGRO + ORO,NEGRO + ORO,01t4w00000Nuo73AAB
,NEGRO + ORO,01t4w00000Nuo74AAB
NEGRO + ORO,NEGRO + ORO,01t4w00000Nuo75AAB
,NEGRO + ORO,01t4w00000Nuo76AAB
,NEGRO + ORO,01t4w00000Nuo77AAB
NEGRO + ORO,NEGRO + ORO,01t4w00000Nuo78AAB
MARRÓN,MARRÓN,01t4w00000Nuo79AAB
,GRIS,01t4w00000Nuo7AAAR
,MARRÓN,01t4w00000Nuo7BAAR
GRIS,GRIS,01t4w00000Nuo7CAAR
MARRON CLARO,MARRON CLARO,01t4w00000Nuo7DAAR
BLANCO,BLANCO,01t4w00000Nuo7EAAR
,BLANCO,01t4w00000Nuo7FAAR
,MARRON CLARO,01t4w00000Nuo7GAAR
BLANCO,BLANCO,01t4w00000Nuo7HAAR
,BLANCO,01t4w00000Nuo7IAAR
NEGRO,NEGRO,01t4w00000Nuo7JAAR
,NEGRO,01t4w00000Nuo7KAAR
NEGRO,NEGRO,01t4w00000Nuo7LAAR
,NEGRO,01t4w00000Nuo7MAAR
MARRON CLARO,MARRON CLARO,01t4w00000Nuo7NAAR
,MARRON CLARO,01t4w00000Nuo7OAAR
NATURAL,NATURAL,01t4w00000Nuo7PAAR
,NATURAL,01t4w00000Nuo7QAAR
GRIS,GRIS,01t4w00000Nuo7RAAR
,GRIS,01t4w00000Nuo7SAAR
MARRON CLARO,MARRON CLARO,01t4w00000Nuo7TAAR
,MARRON CLARO,01t4w00000Nuo7UAAR
GRIS,GRIS,01t4w00000Nuo7VAAR
,GRIS,01t4w00000Nuo7WAAR
NARANJA,NARANJA,01t4w00000Nuo7XAAR
,NARANJA,01t4w00000Nuo7YAAR
CELESTE + GRIS,CELESTE + GRIS,01t4w00000Nuo7ZAAR
NEGRO + BLANCO,NEGRO + BLANCO,01t4w00000Nuo7aAAB
,CELESTE + GRIS,01t4w00000Nuo7bAAB
,NEGRO + BLANCO,01t4w00000Nuo7cAAB
NEGRO,NEGRO,01t4w00000Nuo7dAAB
,NEGRO,01t4w00000Nuo7eAAB
BLACK+CREAM,BLACK+CREAM,01t4w00000Nuo7fAAB
,BLACK+CREAM,01t4w00000Nuo7gAAB
BLANCO,BLANCO,01t4w00000Nuo7hAAB
,BLANCO,01t4w00000Nuo7iAAB
GRIS,GRIS,01t4w00000Nuo7jAAB
,GRIS,01t4w00000Nuo7kAAB
GRIS,GRIS,01t4w00000Nuo7lAAB
,GRIS,01t4w00000Nuo7mAAB
GRIS,GRIS,01t4w00000Nuo7nAAB
,GRIS,01t4w00000Nuo7oAAB
VERDE BEIGE,VERDE BEIGE,01t4w00000Nuo7pAAB
,VERDE BEIGE,01t4w00000Nuo7qAAB
CAFE + NEGRO,CAFE + NEGRO,01t4w00000Nuo7rAAB
,CAFE + NEGRO,01t4w00000Nuo7sAAB
NEGRO,NEGRO,01t4w00000Nuo7tAAB
,NEGRO,01t4w00000Nuo7uAAB
VERDE OSCURO,VERDE OSCURO,01t4w00000Nuo7vAAB
,VERDE OSCURO,01t4w00000Nuo7wAAB
MARRON,MARRON,01t4w00000Nuo7xAAB
,MARRON,01t4w00000Nuo7yAAB
GRIS + NATURAL,GRIS + NATURAL,01t4w00000Nuo7zAAB
,GRIS + NATURAL,01t4w00000Nuo80AAB
GRIS + NATURAL,GRIS + NATURAL,01t4w00000Nuo81AAB
,GRIS + NATURAL,01t4w00000Nuo82AAB
GRIS + NATURAL,GRIS + NATURAL,01t4w00000Nuo83AAB
,GRIS + NATURAL,01t4w00000Nuo84AAB
CAFE,CAFE,01t4w00000Nuo85AAB
,CAFE,01t4w00000Nuo86AAB
GRIS + NEGRO,GRIS + NEGRO,01t4w00000Nuo87AAB
,GRIS + NEGRO,01t4w00000Nuo88AAB
,BLANCO + NATURAL,01t4w00000Nuo89AAB
BLANCO + NATURAL,BLANCO + NATURAL,01t4w00000Nuo8AAAR
NEGRO + NATURAL,NEGRO + NATURAL,01t4w00000Nuo8BAAR
,NEGRO + NATURAL,01t4w00000Nuo8CAAR
NEGRO + ORO,NEGRO + ORO,01t4w00000Nuo8DAAR
,NEGRO + ORO,01t4w00000Nuo8EAAR
NEGRO + PLATA,NEGRO + PLATA,01t4w00000Nuo8FAAR
,NEGRO + PLATA,01t4w00000Nuo8GAAR
NEGRO + PLATA,NEGRO + PLATA,01t4w00000Nuo8HAAR
,NEGRO + PLATA,01t4w00000Nuo8IAAR
GRIS + PLATA,GRIS + PLATA,01t4w00000Nuo8JAAR
,GRIS + PLATA,01t4w00000Nuo8KAAR
GRIS + PLATA,GRIS + PLATA,01t4w00000Nuo8LAAR
,GRIS + PLATA,01t4w00000Nuo8MAAR
VARIOS,VARIOS,01t4w00000Nuo8NAAR
,VARIOS,01t4w00000Nuo8OAAR
NEGRO,NEGRO,01t4w00000Nuo8PAAR
,NEGRO,01t4w00000Nuo8QAAR
NEGRO + PLATA,NEGRO + PLATA,01t4w00000Nuo8RAAR
,NEGRO + PLATA,01t4w00000Nuo8SAAR
GRIS,GRIS,01t4w00000Nuo8TAAR
,GRIS,01t4w00000Nuo8UAAR
VERDE,VERDE,01t4w00000Nuo8VAAR
,VERDE,01t4w00000Nuo8WAAR
GRIS + NATURAL,GRIS + NATURAL,01t4w00000Nuo8XAAR
,GRIS + NATURAL,01t4w00000Nuo8YAAR
NEGRO,NEGRO,01t4w00000Nuo8ZAAR
GRIS,GRIS,01t4w00000Nuo8aAAB
,NEGRO,01t4w00000Nuo8bAAB
,GRIS,01t4w00000Nuo8cAAB
MARRON + NEGRO,MARRON + NEGRO,01t4w00000Nuo8dAAB
,MARRON + NEGRO,01t4w00000Nuo8eAAB
GRIS + NEGRO,GRIS + NEGRO,01t4w00000Nuo8fAAB
,GRIS + NEGRO,01t4w00000Nuo8gAAB
GRIS + NEGRO,GRIS + NEGRO,01t4w00000Nuo8hAAB
,GRIS + NEGRO,01t4w00000Nuo8iAAB
VERDE + NEGRO,VERDE + NEGRO,01t4w00000Nuo8jAAB
,VERDE + NEGRO,01t4w00000Nuo8kAAB
VERDE + NEGRO,VERDE + NEGRO,01t4w00000Nuo8lAAB
,VERDE + NEGRO,01t4w00000Nuo8mAAB
BLANCO + NEGRO,BLANCO + NEGRO,01t4w00000Nuo8nAAB
,BLANCO + NEGRO,01t4w00000Nuo8oAAB
NEGRO+BEIGE,NEGRO+BEIGE,01t4w00000Nuo8pAAB
,NEGRO+BEIGE,01t4w00000Nuo8qAAB
GRIS,GRIS,01t4w00000Nuo8rAAB
,GRIS,01t4w00000Nuo8sAAB
GRIS,GRIS,01t4w00000Nuo8tAAB
,GRIS,01t4w00000Nuo8uAAB
VERDE,VERDE,01t4w00000Nuo8vAAB
,VERDE,01t4w00000Nuo8wAAB
AZUL CLARO,AZUL CLARO,01t4w00000Nuo8xAAB
,AZUL CLARO,01t4w00000Nuo8yAAB
NEGRO,NEGRO,01t4w00000Nuo8zAAB
,NEGRO,01t4w00000Nuo90AAB
ROJO,ROJO,01t4w00000Nuo91AAB
,ROJO,01t4w00000Nuo92AAB
,MARRON+MOCA,01t4w00000Nuo93AAB
BLANCO,BLANCO,01t4w00000Nuo94AAB
,BLANCO,01t4w00000Nuo95AAB
VERDE MACARRON CLARO,VERDE MACARRON CLARO,01t4w00000Nuo96AAB
BLANCO,BLANCO,01t4w00000Nuo97AAB
,VERDE MACARRON CLARO,01t4w00000Nuo98AAB
BLANCO,BLANCO,01t4w00000Nuo99AAB
,BLANCO,01t4w00000Nuo9AAAR
,BLANCO,01t4w00000Nuo9BAAR
BLANCO,BLANCO,01t4w00000Nuo9CAAR
BLANCO + AGUAMARINA,BLANCO + AGUAMARINA,01t4w00000Nuo9DAAR
,BLANCO,01t4w00000Nuo9EAAR
,BLANCO + AGUAMARINA,01t4w00000Nuo9FAAR
,GRIS,01t4w00000Nuo9GAAR
,ROJO+AZUL+AMARILLO,01t4w00000Nuo9HAAR
,VERDE,01t4w00000Nuo9IAAR
,GRIS,01t4w00000Nuo9JAAR
MARRON,MARRON,01t4w00000Nuo9KAAR
GRIS + NEGRO,GRIS + NEGRO,01t4w00000Nuo9LAAR
,MARRON,01t4w00000Nuo9MAAR
,GRIS + NEGRO,01t4w00000Nuo9NAAR
NEGRO + BLANCO,NEGRO + BLANCO,01t4w00000Nuo9OAAR
,NEGRO + BLANCO,01t4w00000Nuo9PAAR
NEGRO,NEGRO,01t4w00000Nuo9QAAR
,NEGRO,01t4w00000Nuo9RAAR
NEGRO + BLANCO,NEGRO + BLANCO,01t4w00000Nuo9SAAR
,NEGRO + BLANCO,01t4w00000Nuo9TAAR
VERDE,VERDE,01t4w00000Nuo9UAAR
,VERDE,01t4w00000Nuo9VAAR
NEGRO + MARRON + BEIGE,NEGRO + MARRON + BEIGE,01t4w00000Nuo9WAAR
,NEGRO + MARRON + BEIGE,01t4w00000Nuo9XAAR
VERDE,VERDE,01t4w00000Nuo9YAAR
,VERDE,01t4w00000Nuo9ZAAR
MARRON OSCURO,MARRON OSCURO,01t4w00000Nuo9aAAB
,MARRON OSCURO,01t4w00000Nuo9bAAB
MARRON OSCURO,MARRON OSCURO,01t4w00000Nuo9cAAB
,MARRON OSCURO,01t4w00000Nuo9dAAB
VERDE,VERDE,01t4w00000Nuo9eAAB
,VERDE,01t4w00000Nuo9fAAB
VERDE,VERDE,01t4w00000Nuo9gAAB
VERDE,VERDE,01t4w00000Nuo9hAAB
,VERDE,01t4w00000Nuo9iAAB
,VERDE,01t4w00000Nuo9jAAB
NEGRO / MARRON,NEGRO / MARRON,01t4w00000Nuo9kAAB
,NEGRO / MARRON,01t4w00000Nuo9lAAB
NEGRO,NEGRO,01t4w00000Nuo9mAAB
,NEGRO,01t4w00000Nuo9nAAB
NEGRO,NEGRO,01t4w00000Nuo9oAAB
,NEGRO,01t4w00000Nuo9pAAB
NEGRO,NEGRO,01t4w00000Nuo9qAAB
,NEGRO,01t4w00000Nuo9rAAB
NEGRO + GRIS,NEGRO + GRIS,01t4w00000Nuo9sAAB
,NEGRO + GRIS,01t4w00000Nuo9tAAB
NEGRO + ORO,NEGRO + ORO,01t4w00000Nuo9uAAB
,NEGRO + ORO,01t4w00000Nuo9vAAB
BLANCO,BLANCO,01t4w00000Nuo9wAAB
BLANCO,BLANCO,01t4w00000Nuo9xAAB
NEGRO,NEGRO,01t4w00000Nuo9yAAB
,NEGRO,01t4w00000Nuo9zAAB
BLACK,BLACK,01t4w00000NuoA0AAJ
,BLACK,01t4w00000NuoA1AAJ
NEGRO,NEGRO,01t4w00000NuoA2AAJ
,NEGRO,01t4w00000NuoA3AAJ
GRIS,GRIS,01t4w00000NuoA4AAJ
,GRIS,01t4w00000NuoA5AAJ
AZUL,AZUL,01t4w00000NuoA6AAJ
,AZUL,01t4w00000NuoA7AAJ
ROJO + NEGRO,ROJO + NEGRO,01t4w00000NuoA8AAJ
,ROJO + NEGRO,01t4w00000NuoA9AAJ
NEGRO,NEGRO,01t4w00000NuoAAAAZ
,NEGRO,01t4w00000NuoABAAZ
,NEGRO,01t4w00000NuoACAAZ
NEGRO,NEGRO,01t4w00000NuoADAAZ
,NEGRO,01t4w00000NuoAEAAZ
,NEGRO,01t4w00000NuoAFAAZ
NEGRO,NEGRO,01t4w00000NuoAGAAZ
,NEGRO,01t4w00000NuoAHAAZ
NEGRO,NEGRO,01t4w00000NuoAIAAZ
NEGRO,NEGRO,01t4w00000NuoAJAAZ
NEGRO,NEGRO,01t4w00000NuoAKAAZ
,NEGRO,01t4w00000NuoALAAZ
BLANCO + GRIS,BLANCO + GRIS,01t4w00000NuoAMAAZ
,BLANCO + GRIS,01t4w00000NuoANAAZ
BLANCO + GRIS,BLANCO + GRIS,01t4w00000NuoAOAAZ
,BLANCO + GRIS,01t4w00000NuoAPAAZ
NEGRO,NEGRO,01t4w00000NuoAQAAZ
,NEGRO,01t4w00000NuoARAAZ
MADERA,MADERA,01t4w00000NuoASAAZ
,MADERA,01t4w00000NuoATAAZ
,NEGRO,01t4w00000NuoAUAAZ
MADERA,MADERA,01t4w00000NuoAVAAZ
,MADERA,01t4w00000NuoAWAAZ
BLANCO,BLANCO,01t4w00000NuoAXAAZ
BLANCO,BLANCO,01t4w00000NuoAYAAZ
VARIOS,VARIOS,01t4w00000NuoAeAAJ
,VARIOS,01t4w00000NuoAfAAJ
VARIOS,VARIOS,01t4w00000NuoAgAAJ
,VARIOS,01t4w00000NuoAhAAJ
VARIOS,VARIOS,01t4w00000NuoAiAAJ
,VARIOS,01t4w00000NuoAjAAJ
VARIOS,VARIOS,01t4w00000NuoAkAAJ
,VARIOS,01t4w00000NuoAlAAJ
VARIOS,VARIOS,01t4w00000NuoAmAAJ
,VARIOS,01t4w00000NuoAnAAJ
NEGRO,NEGRO,01t4w00000NuoAoAAJ
,NEGRO,01t4w00000NuoApAAJ
BLANCO + MARRÓN,BLANCO + MARRÓN,01t4w00000NuoAqAAJ
,BLANCO + MARRÓN,01t4w00000NuoArAAJ
BLANCO + MARRÓN,BLANCO + MARRÓN,01t4w00000NuoAsAAJ
,BLANCO + MARRÓN,01t4w00000NuoAtAAJ
VARIOS,VARIOS,01t4w00000NuoAuAAJ
,VARIOS,01t4w00000NuoAvAAJ
MARRÓN + FLORAL,MARRÓN + FLORAL,01t4w00000NuoAwAAJ
,MARRÓN + FLORAL,01t4w00000NuoAxAAJ
MARRÓN + FLORAL,MARRÓN + FLORAL,01t4w00000NuoAyAAJ
,MARRÓN + FLORAL,01t4w00000NuoAzAAJ
BLANCO,BLANCO,01t4w00000NuoB0AAJ
,BLANCO,01t4w00000NuoB1AAJ
BLANCO + AMARILLO,BLANCO + AMARILLO,01t4w00000NuoB2AAJ
,BLANCO + AMARILLO,01t4w00000NuoB3AAJ
BLANCO,BLANCO,01t4w00000NuoB4AAJ
,BLANCO,01t4w00000NuoB5AAJ
NATURAL,NATURAL,01t4w00000NuoB6AAJ
,NATURAL,01t4w00000NuoB7AAJ
NEGRO + NATURAL,NEGRO + NATURAL,01t4w00000NuoB8AAJ
,NEGRO + NATURAL,01t4w00000NuoB9AAJ
NATURAL,NATURAL,01t4w00000NuoBAAAZ
,NATURAL,01t4w00000NuoBBAAZ
NATURAL + NEGRO,NATURAL + NEGRO,01t4w00000NuoBCAAZ
,NATURAL + NEGRO,01t4w00000NuoBDAAZ
BLANCO,BLANCO,01t4w00000NuoBEAAZ
,BLANCO,01t4w00000NuoBFAAZ
BLANCO + ORO,BLANCO + ORO,01t4w00000NuoBGAAZ
,BLANCO + ORO,01t4w00000NuoBHAAZ
,NEGRO + NATURAL,01t4w00000NuoBIAAZ
NEGRO + NATURAL,NEGRO + NATURAL,01t4w00000NuoBJAAZ
GRIS + NEGRO,GRIS + NEGRO,01t4w00000NuoBKAAZ
,GRIS + NEGRO,01t4w00000NuoBLAAZ
GRIS + NATURAL,GRIS + NATURAL,01t4w00000NuoBMAAZ
,GRIS + NATURAL,01t4w00000NuoBNAAZ
NEGRO + NATURAL,NEGRO + NATURAL,01t4w00000NuoBOAAZ
,NEGRO + NATURAL,01t4w00000NuoBPAAZ
GRIS,GRIS,01t4w00000NuoBQAAZ
,GRIS,01t4w00000NuoBRAAZ
NEGRO,NEGRO,01t4w00000NuoBSAAZ
,NEGRO,01t4w00000NuoBTAAZ
VARIOS,VARIOS,01t4w00000NuoBUAAZ
,VARIOS,01t4w00000NuoBVAAZ
NEGRO + NATURAL,NEGRO + NATURAL,01t4w00000NuoBWAAZ
,NEGRO + NATURAL,01t4w00000NuoBXAAZ
,NEGRO,01t4w00000NuoBYAAZ
NEGRO,NEGRO,01t4w00000NuoBZAAZ
VARIOS,VARIOS,01t4w00000NuoBaAAJ
,VARIOS,01t4w00000NuoBbAAJ
VARIOS,VARIOS,01t4w00000NuoBcAAJ
BLANCO + ORO,BLANCO + ORO,01t4w00000NuoBdAAJ
,BLANCO + ORO,01t4w00000NuoBeAAJ
,VARIOS,01t4w00000NuoBfAAJ
NEGRO + NATURAL,NEGRO + NATURAL,01t4w00000NuoBgAAJ
,NEGRO + NATURAL,01t4w00000NuoBhAAJ
NEGRO + NATURAL,NEGRO + NATURAL,01t4w00000NuoBiAAJ
NATURAL + AZUL,NATURAL + AZUL,01t4w00000NuoBjAAJ
,NEGRO + NATURAL,01t4w00000NuoBkAAJ
,NATURAL + AZUL,01t4w00000NuoBlAAJ
NEGRO + NATURAL,NEGRO + NATURAL,01t4w00000NuoBmAAJ
,NEGRO + NATURAL,01t4w00000NuoBnAAJ
NEGRO + NATURAL,NEGRO + NATURAL,01t4w00000NuoBoAAJ
,NEGRO + NATURAL,01t4w00000NuoBpAAJ
BLANCO + NATURAL,BLANCO + NATURAL,01t4w00000NuoBqAAJ
,BLANCO + NATURAL,01t4w00000NuoBrAAJ
NATURAL + GRIS,NATURAL + GRIS,01t4w00000NuoBsAAJ
,NATURAL + GRIS,01t4w00000NuoBtAAJ
NEGRO,NEGRO,01t4w00000NuoBuAAJ
,NEGRO,01t4w00000NuoBvAAJ
NEGRO + NATURAL,NEGRO + NATURAL,01t4w00000NuoBwAAJ
NEGRO + NATURAL,NEGRO + NATURAL,01t4w00000NuoBxAAJ
,NEGRO + NATURAL,01t4w00000NuoByAAJ
,NEGRO + NATURAL,01t4w00000NuoBzAAJ
NEGRO + NATURAL,NEGRO + NATURAL,01t4w00000NuoC0AAJ
,NEGRO + NATURAL,01t4w00000NuoC1AAJ
NEGRO,NEGRO,01t4w00000NuoC2AAJ
,NEGRO,01t4w00000NuoC3AAJ
BLANCO + NATURAL,BLANCO + NATURAL,01t4w00000NuoC4AAJ
,BLANCO + NATURAL,01t4w00000NuoC5AAJ
,NEGRO + NATURAL,01t4w00000NuoC6AAJ
NEGRO + NATURAL,NEGRO + NATURAL,01t4w00000NuoC7AAJ
VARIOS,VARIOS,01t4w00000NuoC8AAJ
,VARIOS,01t4w00000NuoC9AAJ
VARIOS,VARIOS,01t4w00000NuoCAAAZ
,VARIOS,01t4w00000NuoCBAAZ
VARIOS,VARIOS,01t4w00000NuoCCAAZ
,VARIOS,01t4w00000NuoCDAAZ
VARIOS,VARIOS,01t4w00000NuoCEAAZ
,VARIOS,01t4w00000NuoCFAAZ
BLANCO,BLANCO,01t4w00000NuoCGAAZ
BLANCO,BLANCO,01t4w00000NuoCHAAZ
,BLANCO,01t4w00000NuoCIAAZ
BLANCO,BLANCO,01t4w00000NuoCJAAZ
,BLANCO,01t4w00000NuoCKAAZ
,BLANCO,01t4w00000NuoCLAAZ
BLANCO,BLANCO,01t4w00000NuoCMAAZ
,BLANCO,01t4w00000NuoCNAAZ
BLANCO,BLANCO,01t4w00000NuoCOAAZ
,BLANCO,01t4w00000NuoCPAAZ
BLANCO,BLANCO,01t4w00000NuoCQAAZ
,BLANCO,01t4w00000NuoCRAAZ
NATURAL,NATURAL,01t4w00000NuoCSAAZ
,NATURAL,01t4w00000NuoCTAAZ
NATURAL,NATURAL,01t4w00000NuoCUAAZ
,NATURAL,01t4w00000NuoCVAAZ
NATURAL,NATURAL,01t4w00000NuoCWAAZ
,NATURAL,01t4w00000NuoCXAAZ
NATURAL,NATURAL,01t4w00000NuoCYAAZ
,NATURAL,01t4w00000NuoCZAAZ
NATURAL,NATURAL,01t4w00000NuoCaAAJ
,NATURAL,01t4w00000NuoCbAAJ
NEGRO,NEGRO,01t4w00000NuoCcAAJ
,NEGRO,01t4w00000NuoCdAAJ
MARRON,MARRON,01t4w00000NuoCeAAJ
,MARRON,01t4w00000NuoCfAAJ
MARRON,MARRON,01t4w00000NuoCgAAJ
,MARRON,01t4w00000NuoChAAJ
NEGRO,NEGRO,01t4w00000NuoCiAAJ
,NEGRO,01t4w00000NuoCjAAJ
NEGRO,NEGRO,01t4w00000NuoCkAAJ
NATURAL,NATURAL,01t4w00000NuoClAAJ
,NATURAL,01t4w00000NuoCmAAJ
,NATURAL,01t4w00000NuoCnAAJ
NATURAL,NATURAL,01t4w00000NuoCoAAJ
,NEGRO,01t4w00000NuoCpAAJ
NEGRO,NEGRO,01t4w00000NuoCqAAJ
,NEGRO,01t4w00000NuoCrAAJ
NATURAL,NATURAL,01t4w00000NuoCsAAJ
,NATURAL,01t4w00000NuoCtAAJ
NATURAL,NATURAL,01t4w00000NuoCuAAJ
,NATURAL,01t4w00000NuoCvAAJ
NATURAL,NATURAL,01t4w00000NuoCwAAJ
,NATURAL,01t4w00000NuoCxAAJ
,NATURAL,01t4w00000NuoCyAAJ
NATURAL,NATURAL,01t4w00000NuoCzAAJ
NEGRO,NEGRO,01t4w00000NuoD0AAJ
BLANCO,BLANCO,01t4w00000NuoD1AAJ
,BLANCO,01t4w00000NuoD2AAJ
NATURAL,NATURAL,01t4w00000NuoD3AAJ
,NATURAL,01t4w00000NuoD4AAJ
NEGRO + NATURAL,NEGRO + NATURAL,01t4w00000NuoD5AAJ
,NEGRO + NATURAL,01t4w00000NuoD6AAJ
,NEGRO,01t4w00000NuoD7AAJ
NEGRO,NEGRO,01t4w00000NuoD8AAJ
,NEGRO,01t4w00000NuoD9AAJ
BLANCO,BLANCO,01t4w00000NuoDAAAZ
,BLANCO,01t4w00000NuoDBAAZ
NEGRO + NATURAL,NEGRO + NATURAL,01t4w00000NuoDCAAZ
,NATURAL,01t4w00000NuoDDAAZ
,NEGRO + NATURAL,01t4w00000NuoDEAAZ
NEGRO + NATURAL,NEGRO + NATURAL,01t4w00000NuoDFAAZ
,NEGRO + NATURAL,01t4w00000NuoDGAAZ
NATURAL,NATURAL,01t4w00000NuoDHAAZ
,NATURAL,01t4w00000NuoDIAAZ
NATURAL,NATURAL,01t4w00000NuoDJAAZ
GRIS,GRIS,01t4w00000NuoDKAAZ
,GRIS,01t4w00000NuoDLAAZ
GRIS OSCURO,GRIS OSCURO,01t4w00000NuoDMAAZ
,GRIS OSCURO,01t4w00000NuoDNAAZ
MARBLE,MARBLE,01t4w00000NuoDOAAZ
,NEGRO AZULADO,01t4w00000NuoDPAAZ
BROWN,BROWN,01t4w00000NuoDQAAZ
,MARBLE,01t4w00000NuoDRAAZ
,BROWN,01t4w00000NuoDSAAZ
NEGRO AZULADO,NEGRO AZULADO,01t4w00000NuoDTAAZ
VARIOS,VARIOS,01t4w00000NuoDUAAZ
,VARIOS,01t4w00000NuoDVAAZ
VARIOS,VARIOS,01t4w00000NuoDWAAZ
,VARIOS,01t4w00000NuoDXAAZ
,VARIOS,01t4w00000NuoDYAAZ
VARIOS,VARIOS,01t4w00000NuoDZAAZ
VARIOS,VARIOS,01t4w00000NuoDaAAJ
,VARIOS,01t4w00000NuoDbAAJ
VARIOS,VARIOS,01t4w00000NuoDcAAJ
,VARIOS,01t4w00000NuoDdAAJ
VARIOS,VARIOS,01t4w00000NuoDeAAJ
,VARIOS,01t4w00000NuoDfAAJ
VARIOS,VARIOS,01t4w00000NuoDgAAJ
,VARIOS,01t4w00000NuoDhAAJ
VARIOS,VARIOS,01t4w00000NuoDiAAJ
,VARIOS,01t4w00000NuoDjAAJ
GRIS,GRIS,01t4w00000NuoDkAAJ
,GRIS,01t4w00000NuoDlAAJ
,NEGRO,01t4w00000NuoDmAAJ
GRIS,GRIS,01t4w00000NuoDnAAJ
NEGRO,NEGRO,01t4w00000NuoDoAAJ
,NEGRO,01t4w00000NuoDpAAJ
,GRIS,01t4w00000NuoDqAAJ
NEGRO,NEGRO,01t4w00000NuoDrAAJ
VARIOS,VARIOS,01t4w00000NuoDsAAJ
,VARIOS,01t4w00000NuoDtAAJ
VARIOS,VARIOS,01t4w00000NuoDuAAJ
,VARIOS,01t4w00000NuoDvAAJ
,VARIOS,01t4w00000NuoDwAAJ
VARIOS,VARIOS,01t4w00000NuoDxAAJ
,NEGRO + BLANCO,01t4w00000NuoDyAAJ
169-42 GRIS,169-42 GRIS,01t4w00000NuoDzAAJ
,169-42 GRIS,01t4w00000NuoE0AAJ
NEGRO + BLANCO,NEGRO + BLANCO,01t4w00000NuoE1AAJ
VARIOS,VARIOS,01t4w00000NuoE2AAJ
,VARIOS,01t4w00000NuoE3AAJ
ROJO,ROJO,01t4w00000NuoE4AAJ
,ROJO,01t4w00000NuoE5AAJ
MARRON,MARRON,01t4w00000NuoE6AAJ
NEGRO,NEGRO,01t4w00000NuoE7AAJ
,MARRON,01t4w00000NuoE8AAJ
AMARILLO,AMARILLO,01t4w00000NuoE9AAJ
,NEGRO,01t4w00000NuoEAAAZ
,AMARILLO,01t4w00000NuoEBAAZ
AZUL,AZUL,01t4w00000NuoECAAZ
,AZUL,01t4w00000NuoEDAAZ
,NEGRO,01t4w00000NuoEEAAZ
,MARRON,01t4w00000NuoEFAAZ
BLUE AND WHITE,BLUE AND WHITE,01t4w00000NuoEGAAZ
,BLUE AND WHITE,01t4w00000NuoEHAAZ
NATURAL,NATURAL,01t4w00000NuoEIAAZ
,NATURAL,01t4w00000NuoEJAAZ
GRIS,GRIS,01t4w00000NuoEKAAZ
,GRIS,01t4w00000NuoELAAZ
BLANCO,BLANCO,01t4w00000NuoEMAAZ
,BLANCO,01t4w00000NuoENAAZ
BLANCO,BLANCO,01t4w00000NuoEOAAZ
,BLANCO,01t4w00000NuoEPAAZ
BLANCO,BLANCO,01t4w00000NuoEQAAZ
,BLANCO,01t4w00000NuoERAAZ
WARM GREY,WARM GREY,01t4w00000NuoESAAZ
,WARM GREY,01t4w00000NuoETAAZ
MADERA,MADERA,01t4w00000NuoEUAAZ
,MADERA,01t4w00000NuoEVAAZ
BLACK,BLACK,01t4w00000NuoEWAAZ
,BLACK,01t4w00000NuoEXAAZ
NEGRO,NEGRO,01t4w00000NuoEYAAZ
,NEGRO,01t4w00000NuoEZAAZ
NEGRO,NEGRO,01t4w00000NuoEaAAJ
,NEGRO,01t4w00000NuoEbAAJ
NEGRO,NEGRO,01t4w00000NuoEcAAJ
,NEGRO,01t4w00000NuoEdAAJ
,NEGRO,01t4w00000NuoEeAAJ
NEGRO,NEGRO,01t4w00000NuoEfAAJ
,NEGRO,01t4w00000NuoEgAAJ
NATURAL,NATURAL,01t4w00000NuoEhAAJ
,NATURAL,01t4w00000NuoEiAAJ
NIÑA,NIÑA,01t4w00000NuoEjAAJ
,NIÑA,01t4w00000NuoEkAAJ
NIÑO,NIÑO,01t4w00000NuoElAAJ
,NIÑO,01t4w00000NuoEmAAJ
MADERA,MADERA,01t4w00000NuoEnAAJ
,MADERA,01t4w00000NuoEoAAJ
NATURAL + GRIS,NATURAL + GRIS,01t4w00000NuoEpAAJ
,NATURAL + GRIS,01t4w00000NuoEqAAJ
VARIOS,VARIOS,01t4w00000NuoErAAJ
,VARIOS,01t4w00000NuoEsAAJ
BLANCO+MADERA,BLANCO+MADERA,01t4w00000NuoEtAAJ
,BLANCO+MADERA,01t4w00000NuoEuAAJ
GRIS,GRIS,01t4w00000NuoEvAAJ
,GRIS,01t4w00000NuoEwAAJ
CHROME PLATED,CHROME PLATED,01t4w00000NuoExAAJ
,CHROME PLATED,01t4w00000NuoEyAAJ
CHROME PLATED,CHROME PLATED,01t4w00000NuoEzAAJ
,CHROME PLATED,01t4w00000NuoF0AAJ
VARIOS,VARIOS,01t4w00000NuoF1AAJ
,VARIOS,01t4w00000NuoF2AAJ
GRIS,GRIS,01t4w00000NuoF3AAJ
,GRIS,01t4w00000NuoF4AAJ
NIÑA,NIÑA,01t4w00000NuoF5AAJ
,NIÑA,01t4w00000NuoF6AAJ
NIÑO,NIÑO,01t4w00000NuoF7AAJ
,NIÑO,01t4w00000NuoF8AAJ
MARRON + NEGRO,MARRON + NEGRO,01t4w00000NuoF9AAJ
,MARRON + NEGRO,01t4w00000NuoFAAAZ
GRIS + NATURAL,GRIS + NATURAL,01t4w00000NuoFBAAZ
,GRIS + NATURAL,01t4w00000NuoFCAAZ
GRIS + NATURAL,GRIS + NATURAL,01t4w00000NuoFDAAZ
,GRIS + NATURAL,01t4w00000NuoFEAAZ
NEGRO+GRIS,NEGRO+GRIS,01t4w00000NuoFFAAZ
,NEGRO+GRIS,01t4w00000NuoFGAAZ
GRIS + NATURAL,GRIS + NATURAL,01t4w00000NuoFHAAZ
,GRIS + NATURAL,01t4w00000NuoFIAAZ
NATURAL+NEGRO,NATURAL+NEGRO,01t4w00000NuoFJAAZ
,NATURAL+NEGRO,01t4w00000NuoFKAAZ
NATURAL+BLANCO,NATURAL+BLANCO,01t4w00000NuoFLAAZ
,NATURAL+BLANCO,01t4w00000NuoFMAAZ
AZUL,AZUL,01t4w00000NuoFPAAZ
,AZUL,01t4w00000NuoFQAAZ
GRIS OSCURO,GRIS OSCURO,01t4w00000NuoFRAAZ
,GRIS OSCURO,01t4w00000NuoFSAAZ
NATURAL+BLANCO,NATURAL+BLANCO,01t4w00000NuoFTAAZ
,NATURAL+BLANCO,01t4w00000NuoFUAAZ
GRIS,GRIS,01t4w00000NuoFVAAZ
,GRIS,01t4w00000NuoFWAAZ
BLANCO+NEGRO,BLANCO+NEGRO,01t4w00000NuoFXAAZ
,BLANCO+NEGRO,01t4w00000NuoFYAAZ
BEIGE O GRIS,BEIGE O GRIS,01t4w00000NuoFZAAZ
,BEIGE O GRIS,01t4w00000NuoFaAAJ
BLANCO,BLANCO,01t4w00000NuoFbAAJ
,BLANCO,01t4w00000NuoFcAAJ
,AZUL,01t4w00000NuoFdAAJ
NEGRO,NEGRO,01t4w00000NuoFeAAJ
,NEGRO,01t4w00000NuoFfAAJ
GRIS,GRIS,01t4w00000NuoFgAAJ
,GRIS,01t4w00000NuoFhAAJ
BLANCO,BLANCO,01t4w00000NuoFiAAJ
,BLANCO,01t4w00000NuoFjAAJ
NEGRO / BLANCO,NEGRO / BLANCO,01t4w00000NuoFkAAJ
,NEGRO / BLANCO,01t4w00000NuoFlAAJ
AMARILLO,AMARILLO,01t4w00000NuoFmAAJ
,AMARILLO,01t4w00000NuoFnAAJ
NEGRO,NEGRO,01t4w00000NuoFoAAJ
,NEGRO,01t4w00000NuoFpAAJ
,NEGRO,01t4w00000NuoFqAAJ
NEGRO,NEGRO,01t4w00000NuoFrAAJ
,NEGRO,01t4w00000NuoFsAAJ
NEGRO,NEGRO,01t4w00000NuoFtAAJ
,NEGRO,01t4w00000NuoFuAAJ
NEGRO + MADERA,NEGRO + MADERA,01t4w00000NuoFvAAJ
,NEGRO + MADERA,01t4w00000NuoFwAAJ
BLANCO + NEGRO,BLANCO + NEGRO,01t4w00000NuoFxAAJ
,BLANCO + NEGRO,01t4w00000NuoFyAAJ
VARIOS,VARIOS,01t4w00000NuoFzAAJ
,VARIOS,01t4w00000NuoG0AAJ
NEGRO,NEGRO,01t4w00000NuoG1AAJ
,NEGRO,01t4w00000NuoG2AAJ
BLANCO,BLANCO,01t4w00000NuoG3AAJ
,BLANCO + MADERA,01t4w00000NuoG4AAJ
,BLANCO,01t4w00000NuoG5AAJ
,BLANCO + MADERA,01t4w00000NuoG6AAJ
MADERA,MADERA,01t4w00000NuoG7AAJ
,MADERA,01t4w00000NuoG8AAJ
BLANCO + MADERA,BLANCO + MADERA,01t4w00000NuoG9AAJ
,BLANCO + MADERA,01t4w00000NuoGAAAZ
BLANCO + MADERA,BLANCO + MADERA,01t4w00000NuoGBAAZ
BLANCO,BLANCO,01t4w00000NuoGCAAZ
,BLANCO,01t4w00000NuoGDAAZ
VARIOS,VARIOS,01t4w00000NuoGEAAZ
BLANCO + MADERA,BLANCO + MADERA,01t4w00000NuoGFAAZ
,VARIOS,01t4w00000NuoGGAAZ
VARIOS,VARIOS,01t4w00000NuoGHAAZ
,VARIOS,01t4w00000NuoGIAAZ
,BLANCO,01t4w00000NuoGJAAZ
,BLANCO+MADERA,01t4w00000NuoGKAAZ
,NATURAL,01t4w00000NuoGLAAZ
,GRIS OSCURO,01t4w00000NuoGMAAZ
,GRIS,01t4w00000NuoGNAAZ
AZUL,AZUL,01t4w00000NuoGOAAZ
,AZUL,01t4w00000NuoGPAAZ
NEGRO,NEGRO,01t4w00000NuoGQAAZ
,NEGRO,01t4w00000NuoGRAAZ
NEGRO,NEGRO,01t4w00000NuoGSAAZ
,NEGRO,01t4w00000NuoGTAAZ
NEGRO,NEGRO,01t4w00000NuoGUAAZ
,NEGRO,01t4w00000NuoGVAAZ
ROJO + NEGRO,ROJO + NEGRO,01t4w00000NuoGWAAZ
,ROJO + NEGRO,01t4w00000NuoGXAAZ
ROJO + NEGRO,ROJO + NEGRO,01t4w00000NuoGYAAZ
,ROJO + NEGRO,01t4w00000NuoGZAAZ
,NATURAL,01t4w00000NuoGaAAJ
,BLANCO+MADERA,01t4w00000NuoGbAAJ
,NATURAL + GRIS,01t4w00000NuoGcAAJ
,BLANCO,01t4w00000NuoGdAAJ
,NATURAL,01t4w00000NuoGeAAJ
,CHROME PLATED,01t4w00000NuoGfAAJ
,NEGRO,01t4w00000NuoGgAAJ
,NEGRO,01t4w00000NuoGhAAJ
,BLANCO,01t4w00000NuoGiAAJ
,MADERA,01t4w00000NuoGjAAJ
,GRIS,01t4w00000NuoGkAAJ
MULTICOLOR,MULTICOLOR,01t4w00000NuoGlAAJ
,MULTICOLOR,01t4w00000NuoGmAAJ
GRIS,GRIS,01t4w00000NuoGnAAJ
,GRIS,01t4w00000NuoGoAAJ
GRIS / NEGRO,GRIS / NEGRO,01t4w00000NuoGpAAJ
,GRIS / NEGRO,01t4w00000NuoGqAAJ
GRIS,GRIS,01t4w00000NuoGrAAJ
,GRIS,01t4w00000NuoGsAAJ
BLANCO / NEGRO,BLANCO / NEGRO,01t4w00000NuoGtAAJ
,BLANCO / NEGRO,01t4w00000NuoGuAAJ
GRIS,GRIS,01t4w00000NuoGvAAJ
,GRIS,01t4w00000NuoGwAAJ
GRIS / NEGRO,GRIS / NEGRO,01t4w00000NuoGxAAJ
,GRIS / NEGRO,01t4w00000NuoGyAAJ
GRIS / NEGRO,GRIS / NEGRO,01t4w00000NuoGzAAJ
,GRIS / NEGRO,01t4w00000NuoH0AAJ
GREY,GREY,01t4w00000NuoH1AAJ
,GREY,01t4w00000NuoH2AAJ
BEIGE,BEIGE,01t4w00000NuoH3AAJ
,BEIGE,01t4w00000NuoH4AAJ
ROJO+AZUL+VERDE+AMARILLO,ROJO+AZUL+VERDE+AMARILLO,01t4w00000NuoH5AAJ
"ROJO, AZUL, VERDE y AMARILLO + NEGRO y BLANCO",ROJO+AZUL+VERDE+AMARILLO,01t4w00000NuoH6AAJ
NIÑO,NIÑO,01t4w00000NuoH7AAJ
,NIÑO,01t4w00000NuoH8AAJ
NIÑA,NIÑA,01t4w00000NuoH9AAJ
,NIÑA,01t4w00000NuoHAAAZ
NIÑA,NIÑA,01t4w00000NuoHBAAZ
,NIÑA,01t4w00000NuoHCAAZ
PASTEL,PASTEL,01t4w00000NuoHDAAZ
"ROJO, AZUL, VERDE y AMARILLO + NEGRO y BLANCO",PASTEL,01t4w00000NuoHEAAZ
GRIS OSCURO,GRIS OSCURO,01t4w00000NuoHFAAZ
,GRIS OSCURO,01t4w00000NuoHGAAZ
VARIOS,VARIOS,01t4w00000NuoHHAAZ
,VARIOS,01t4w00000NuoHIAAZ
VARIOS,VARIOS,01t4w00000NuoHJAAZ
,VARIOS,01t4w00000NuoHKAAZ
GRIS+NEGRO,GRIS+NEGRO,01t4w00000NuoHLAAZ
,GRIS+NEGRO,01t4w00000NuoHMAAZ
NEGRO,NEGRO,01t4w00000NuoHNAAZ
,NEGRO,01t4w00000NuoHOAAZ
GRIS+NATURAL,GRIS+NATURAL,01t4w00000NuoHPAAZ
,GRIS+NATURAL,01t4w00000NuoHQAAZ
NEGRO+BLANCO,NEGRO+BLANCO,01t4w00000NuoHRAAZ
,NEGRO+BLANCO,01t4w00000NuoHSAAZ
NEGRO,NEGRO,01t4w00000NuoHTAAZ
,NEGRO,01t4w00000NuoHUAAZ
GRIS,GRIS,01t4w00000NuoHVAAZ
,GRIS,01t4w00000NuoHWAAZ
GRIS,GRIS,01t4w00000NuoHXAAZ
,GRIS,01t4w00000NuoHYAAZ
NEGRO + BLANCO + NATURAL,NEGRO + BLANCO + NATURAL,01t4w00000NuoHZAAZ
,NEGRO + BLANCO + NATURAL,01t4w00000NuoHaAAJ
NATURAL,NATURAL,01t4w00000NuoHbAAJ
,NATURAL,01t4w00000NuoHcAAJ
NATURAL,NATURAL,01t4w00000NuoHdAAJ
,NATURAL,01t4w00000NuoHeAAJ
NEGRO,NEGRO,01t4w00000NuoHfAAJ
,NEGRO,01t4w00000NuoHgAAJ
NEGRO,NEGRO,01t4w00000NuoHhAAJ
,NEGRO,01t4w00000NuoHiAAJ
NATURAL+NEGRO,NATURAL+NEGRO,01t4w00000NuoHjAAJ
,NATURAL+NEGRO,01t4w00000NuoHkAAJ
NATURAL + BEIGE,NATURAL + BEIGE,01t4w00000NuoHlAAJ
,NATURAL + BEIGE,01t4w00000NuoHmAAJ
NEGRO + GRIS,NEGRO + GRIS,01t4w00000NuoHnAAJ
,NEGRO + GRIS,01t4w00000NuoHoAAJ
NEGRO + MARRON,NEGRO + MARRON,01t4w00000NuoHpAAJ
,NEGRO + MARRON,01t4w00000NuoHqAAJ
CAFÉ,CAFÉ,01t4w00000NuoHrAAJ
,CAFÉ,01t4w00000NuoHsAAJ
VARIOS,VARIOS,01t4w00000NuoHtAAJ
,VARIOS,01t4w00000NuoHuAAJ
NATURAL,NATURAL,01t4w00000NuoHvAAJ
,NATURAL,01t4w00000NuoHwAAJ
,MADERA,01t4w00000NuoHxAAJ
ROJO+AZUL+AMARILLO,ROJO+AZUL+AMARILLO,01t4w00000NuoHyAAJ
,ROJO+AZUL+AMARILLO,01t4w00000NuoHzAAJ
VERDE,VERDE,01t4w00000NuoI0AAJ
,VERDE,01t4w00000NuoI1AAJ
NEGRO,NEGRO,01t4w00000NuoI2AAJ
,NEGRO,01t4w00000NuoI3AAJ
VERDE,VERDE,01t4w00000NuoI4AAJ
VERDE,VERDE,01t4w00000NuoI5AAJ
AZUL,AZUL,01t4w00000NuoI6AAJ
,AZUL,01t4w00000NuoI7AAJ
NEGRO,NEGRO,01t4w00000NuoI8AAJ
,NEGRO,01t4w00000NuoI9AAJ
NEGRO,NEGRO,01t4w00000NuoIAAAZ
,NEGRO,01t4w00000NuoIBAAZ
NEGRO,NEGRO,01t4w00000NuoICAAZ
,NEGRO,01t4w00000NuoIDAAZ
VARIOS,VARIOS,01t4w00000NuoIEAAZ
,VARIOS,01t4w00000NuoIFAAZ
ROSA,ROSA,01t4w00000NuoIGAAZ
ROSA,ROSA,01t4w00000NuoIHAAZ
ROJO,ROJO,01t4w00000NuoIIAAZ
ROJO,ROJO,01t4w00000NuoIJAAZ
AZUL,AZUL,01t4w00000NuoIKAAZ
AZUL,AZUL,01t4w00000NuoILAAZ
RED/ YELLOW/ BLUE/ GREEN/ PINK,RED/ YELLOW/ BLUE/ GREEN/ PINK,01t4w00000NuoIMAAZ
AMARILLO,RED/ YELLOW/ BLUE/ GREEN/ PINK,01t4w00000NuoINAAZ
NIÑA,NIÑA,01t4w00000NuoIOAAZ
ROSA,NIÑA,01t4w00000NuoIPAAZ
NIÑO,NIÑO,01t4w00000NuoIQAAZ
AZUL,NIÑO,01t4w00000NuoIRAAZ
ROJO+AZUL+VERDE+AMARILLO,ROJO+AZUL+VERDE+AMARILLO,01t4w00000NuoISAAZ
"ROJO, AZUL, VERDE y AMARILLO + NEGRO y BLANCO",ROJO+AZUL+VERDE+AMARILLO,01t4w00000NuoITAAZ
NIÑO,NIÑO,01t4w00000NuoIUAAZ
,NIÑO,01t4w00000NuoIVAAZ
NIÑA,NIÑA,01t4w00000NuoIWAAZ
,NIÑA,01t4w00000NuoIXAAZ
BLANCO+NATURAL,BLANCO+NATURAL,01t4w00000NuoIYAAZ
,BLANCO+NATURAL,01t4w00000NuoIZAAZ
AZUL,AZUL,01t4w00000NuoIaAAJ
NATURAL + GRIS,NATURAL + GRIS,01t4w00000NuoIbAAJ
,NATURAL + GRIS,01t4w00000NuoIcAAJ
NEGRO + NATURAL,NEGRO + NATURAL,01t4w00000NuoIdAAJ
,NEGRO + NATURAL,01t4w00000NuoIeAAJ
NATURAL + NEGRO,NATURAL + NEGRO,01t4w00000NuoIfAAJ
,NATURAL + NEGRO,01t4w00000NuoIgAAJ
NEGRO / GRIS,NEGRO / GRIS,01t4w00000NuoIhAAJ
,NEGRO / GRIS,01t4w00000NuoIiAAJ
NEGRO / GRIS,NEGRO / GRIS,01t4w00000NuoIjAAJ
,NEGRO / GRIS,01t4w00000NuoIkAAJ
NEGRO / BLANCO,NEGRO / BLANCO,01t4w00000NuoIlAAJ
,NEGRO / BLANCO,01t4w00000NuoImAAJ
VARIOS,VARIOS,01t4w00000NuoInAAJ
,VARIOS,01t4w00000NuoIoAAJ
CAFÉ,CAFÉ,01t4w00000NuoIpAAJ
,CAFÉ,01t4w00000NuoIqAAJ
NEGRO,NEGRO,01t4w00000NuoIrAAJ
,NEGRO,01t4w00000NuoIsAAJ
GRIS,GRIS,01t4w00000NuoItAAJ
,GRIS,01t4w00000NuoIuAAJ
BLANCO,BLANCO,01t4w00000NuoIvAAJ
,BLANCO,01t4w00000NuoIwAAJ
GRIS,GRIS,01t4w00000NuoIxAAJ
,GRIS,01t4w00000NuoIyAAJ
NEGRO,NEGRO,01t4w00000NuoIzAAJ
,NEGRO,01t4w00000NuoJ0AAJ
,BLANCO + NEGRO,01t4w00000NuoJ1AAJ
,NEGRO,01t4w00000NuoJ2AAJ
NEGRO,NEGRO,01t4w00000NuoJ3AAJ
NEGRO,NEGRO,01t4w00000NuoJ4AAJ
,NEGRO,01t4w00000NuoJ5AAJ
BLANCO + NEGRO,BLANCO + NEGRO,01t4w00000NuoJ6AAJ
NEGRO,NEGRO,01t4w00000NuoJ7AAJ
,NEGRO,01t4w00000NuoJ8AAJ
NEGRO+NATURAL+BLANCO,NEGRO+NATURAL+BLANCO,01t4w00000NuoJ9AAJ
,NEGRO+NATURAL+BLANCO,01t4w00000NuoJAAAZ
NATURAL,NATURAL,01t4w00000NuoJBAAZ
,NATURAL,01t4w00000NuoJCAAZ
NEGRO,NEGRO,01t4w00000NuoJDAAZ
,NEGRO,01t4w00000NuoJEAAZ
CAMEL VINTAGE,CAMEL VINTAGE,01t4w00000NuoJFAAZ
,CAMEL VINTAGE,01t4w00000NuoJGAAZ
BLANCO,BLANCO,01t4w00000NuoJHAAZ
PLATA + NEGRO,PLATA + NEGRO,01t4w00000NuoJIAAZ
,PLATA + NEGRO,01t4w00000NuoJJAAZ
PLATA + NEGRO,PLATA + NEGRO,01t4w00000NuoJKAAZ
,PLATA + NEGRO,01t4w00000NuoJLAAZ
PDQ,PDQ,01t4w00000NuoJMAAZ
ROJO,ROJO,01t4w00000NuoJNAAZ
ROJO,ROJO,01t4w00000NuoJOAAZ
ROJO,ROJO,01t4w00000NuoJPAAZ
VARIOS,VARIOS,01t4w00000NuoJQAAZ
,VARIOS,01t4w00000NuoJRAAZ
CAFÉ,CAFÉ,01t4w00000NuoJSAAZ
,CAFÉ,01t4w00000NuoJTAAZ
BLANCO,BLANCO,01t4w00000NuoJUAAZ
CAFÉ,CAFÉ,01t4w00000NuoJVAAZ
CAFÉ,CAFÉ,01t4w00000NuoJWAAZ
,BLANCO,01t4w00000NuoJXAAZ
,CAFÉ,01t4w00000NuoJYAAZ
BLANCO,BLANCO,01t4w00000NuoJZAAZ
,CAFÉ,01t4w00000NuoJaAAJ
,BLANCO,01t4w00000NuoJbAAJ
CAFÉ,CAFÉ,01t4w00000NuoJcAAJ
ROSA,ROSA,01t4w00000NuoJdAAJ
,ROSA,01t4w00000NuoJeAAJ
CAFÉ,CAFÉ,01t4w00000NuoJfAAJ
,CAFÉ,01t4w00000NuoJgAAJ
,CAFÉ,01t4w00000NuoJhAAJ
BLANCO,BLANCO,01t4w00000NuoJiAAJ
,BLANCO,01t4w00000NuoJjAAJ
BLANCO,BLANCO,01t4w00000NuoJkAAJ
,BLANCO,01t4w00000NuoJlAAJ
NEGRO / GRIS,NEGRO / GRIS,01t4w00000NuoJmAAJ
,NEGRO / GRIS,01t4w00000NuoJnAAJ
NEGRO / GRIS,NEGRO / GRIS,01t4w00000NuoJoAAJ
,NEGRO / GRIS,01t4w00000NuoJpAAJ
CELESTE,CELESTE,01t4w00000NuoJqAAJ
,CELESTE,01t4w00000NuoJrAAJ
,BLANCO,01t4w00000NuoJsAAJ
GRIS,GRIS,01t4w00000NuoJtAAJ
,GRIS,01t4w00000NuoJuAAJ
GRIS,GRIS,01t4w00000NuoJvAAJ
,GRIS,01t4w00000NuoJwAAJ
BLANCO,BLANCO,01t4w00000NuoJxAAJ
,AZUL,01t4w00000NuoJyAAJ
GRIS,GRIS,01t4w00000NuoJzAAJ
,GRIS + CAFE,01t4w00000NuoK0AAJ
,GRIS + NEGRO + CAFE,01t4w00000NuoK1AAJ
,GRIS,01t4w00000NuoK2AAJ
AZUL,AZUL,01t4w00000NuoK3AAJ
GRIS,GRIS,01t4w00000NuoK4AAJ
,GRIS,01t4w00000NuoK5AAJ
,AZUL,01t4w00000NuoK6AAJ
GRIS + CAFE,GRIS + CAFE,01t4w00000NuoK7AAJ
GRIS + NEGRO + CAFE,GRIS + NEGRO + CAFE,01t4w00000NuoK8AAJ
AZUL,AZUL,01t4w00000NuoK9AAJ
VISTOSO,VISTOSO,01t4w00000NuoKAAAZ
,VISTOSO,01t4w00000NuoKBAAZ
NEGRO,NEGRO,01t4w00000NuoKCAAZ
,NEGRO,01t4w00000NuoKDAAZ
GRIS,GRIS,01t4w00000NuoKEAAZ
ROSA,ROSA,01t4w00000NuoKFAAZ
,ROSA,01t4w00000NuoKGAAZ
,GRIS,01t4w00000NuoKHAAZ
NEGRO,NEGRO,01t4w00000NuoKIAAZ
,NEGRO,01t4w00000NuoKJAAZ
NEGRO,NEGRO,01t4w00000NuoKKAAZ
NEGRO + CAFE,NEGRO + CAFE,01t4w00000NuoKLAAZ
,NEGRO + CAFE,01t4w00000NuoKMAAZ
,NEGRO,01t4w00000NuoKNAAZ
,NEGRO,01t4w00000NuoKOAAZ
NEGRO,NEGRO,01t4w00000NuoKPAAZ
BLANCO,BLANCO,01t4w00000NuoKQAAZ
,BLANCO,01t4w00000NuoKRAAZ
NEGRO + CAFE,NEGRO + CAFE,01t4w00000NuoKSAAZ
,NEGRO + CAFE,01t4w00000NuoKTAAZ
NEGRO + CAFE,NEGRO + CAFE,01t4w00000NuoKUAAZ
,NEGRO + CAFE,01t4w00000NuoKVAAZ
NEGRO + CAFE,NEGRO + CAFE,01t4w00000NuoKWAAZ
NEGRO +. CAFE,NEGRO +. CAFE,01t4w00000NuoKXAAZ
,NEGRO +. CAFE,01t4w00000NuoKYAAZ
,NEGRO + CAFE,01t4w00000NuoKZAAZ
NEGRO,NEGRO,01t4w00000NuoKaAAJ
,NEGRO,01t4w00000NuoKbAAJ
NEGRO + CAFE,NEGRO + CAFE,01t4w00000NuoKcAAJ
,NEGRO + CAFE,01t4w00000NuoKdAAJ
NEGRO + CAFE,NEGRO + CAFE,01t4w00000NuoKeAAJ
,NEGRO + CAFE,01t4w00000NuoKfAAJ
NEGRO,NEGRO,01t4w00000NuoKgAAJ
,NEGRO,01t4w00000NuoKhAAJ
VARIOS,VARIOS,01t4w00000NuoKiAAJ
,VARIOS,01t4w00000NuoKjAAJ
CAFE,CAFE,01t4w00000NuoKkAAJ
,CAFE,01t4w00000NuoKlAAJ
NEGRO,NEGRO,01t4w00000NuoKmAAJ
,NEGRO,01t4w00000NuoKnAAJ
GRIS+ROJO,GRIS+ROJO,01t4w00000NuoKoAAJ
,GRIS+ROJO,01t4w00000NuoKpAAJ
AZUL OSCURO,AZUL OSCURO,01t4w00000NuoKqAAJ
,AZUL OSCURO,01t4w00000NuoKrAAJ
BLANCO,BLANCO,01t4w00000NuoKsAAJ
,BLANCO,01t4w00000NuoKtAAJ
NEGRO,NEGRO,01t4w00000NuoKuAAJ
,NEGRO,01t4w00000NuoKvAAJ
VARIOS,VARIOS,01t4w00000NuoKwAAJ
,VARIOS,01t4w00000NuoKxAAJ
GRIS,GRIS,01t4w00000NuoKyAAJ
,GRIS,01t4w00000NuoKzAAJ
GRIS,GRIS,01t4w00000NuoL0AAJ
,GRIS,01t4w00000NuoL1AAJ
,VARIOS,01t4w00000NuoL2AAJ
VARIOS,VARIOS,01t4w00000NuoL3AAJ
,VARIOS,01t4w00000NuoL4AAJ
BLANCO,BLANCO,01t4w00000NuoL5AAJ
,BLANCO,01t4w00000NuoL6AAJ
GRIS + NEGRO,GRIS + NEGRO,01t4w00000NuoL7AAJ
,GRIS + NEGRO,01t4w00000NuoL8AAJ
VARIOS,VARIOS,01t4w00000NuoL9AAJ
,VARIOS,01t4w00000NuoLAAAZ
NEGRO,NEGRO,01t4w00000NuoLBAAZ
,NEGRO,01t4w00000NuoLCAAZ
BLANCO + NEGRO,BLANCO + NEGRO,01t4w00000NuoLDAAZ
,BLANCO + NEGRO,01t4w00000NuoLEAAZ
BLANCO,BLANCO,01t4w00000NuoLFAAZ
,BLANCO,01t4w00000NuoLGAAZ
BLANCO,BLANCO,01t4w00000NuoLHAAZ
,BLANCO,01t4w00000NuoLIAAZ
GRIS,GRIS,01t4w00000NuoLJAAZ
,GRIS,01t4w00000NuoLKAAZ
NEGRO,NEGRO,01t4w00000NuoLLAAZ
,NEGRO,01t4w00000NuoLMAAZ
BLANCO / NEGRO / PLATA,BLANCO / NEGRO / PLATA,01t4w00000NuoLNAAZ
,BLANCO / NEGRO / PLATA,01t4w00000NuoLOAAZ
BLANCO / NEGRO,BLANCO / NEGRO,01t4w00000NuoLPAAZ
,BLANCO / NEGRO,01t4w00000NuoLQAAZ
BLANCO / NEGRO,BLANCO / NEGRO,01t4w00000NuoLRAAZ
,BLANCO / NEGRO,01t4w00000NuoLSAAZ
,CROMO,01t4w00000NuoLTAAZ
BLANCO / NEGRO / VERDE/ AZUL,BLANCO / NEGRO / VERDE/ AZUL,01t4w00000NuoLUAAZ
CROMO,CROMO,01t4w00000NuoLVAAZ
,BLANCO / NEGRO / VERDE/ AZUL,01t4w00000NuoLWAAZ
NEGRO,NEGRO,01t4w00000NuoLXAAZ
,NEGRO,01t4w00000NuoLYAAZ
MARRON,MARRON,01t4w00000NuoLZAAZ
,MARRON,01t4w00000NuoLaAAJ
NEGRO + CAFE,NEGRO + CAFE,01t4w00000NuoLbAAJ
,NEGRO + CAFE,01t4w00000NuoLcAAJ
GRIS+BLANCO,GRIS+BLANCO,01t4w00000NuoLfAAJ
,GRIS+BLANCO,01t4w00000NuoLgAAJ
GRIS+NATURAL,GRIS+NATURAL,01t4w00000NuoLhAAJ
,GRIS+NATURAL,01t4w00000NuoLiAAJ
GRIS,GRIS,01t4w00000NuoLjAAJ
,GRIS,01t4w00000NuoLkAAJ
MARRON,MARRON,01t4w00000NuoLlAAJ
,MARRON,01t4w00000NuoLmAAJ
GRIS,GRIS,01t4w00000NuoLnAAJ
,GRIS,01t4w00000NuoLoAAJ
MARRON,MARRON,01t4w00000NuoLpAAJ
,MARRON,01t4w00000NuoLqAAJ
NEGRO,NEGRO,01t4w00000NuoLrAAJ
,NEGRO,01t4w00000NuoLsAAJ
BLANCO + NEGRO,BLANCO + NEGRO,01t4w00000NuoLtAAJ
,BLANCO + NEGRO,01t4w00000NuoLuAAJ
MADERA,MADERA,01t4w00000NuoLvAAJ
,MADERA,01t4w00000NuoLwAAJ
VERDE,VERDE,01t4w00000NuoLyAAJ
,VERDE,01t4w00000NuoLzAAJ
NEGRO,NEGRO,01t4w00000NuoM0AAJ
,NEGRO,01t4w00000NuoM1AAJ
NEGRO,NEGRO,01t4w00000NuoM2AAJ
,NEGRO,01t4w00000NuoM3AAJ
BLANCO,BLANCO,01t4w00000NuoM4AAJ
,BLANCO,01t4w00000NuoM5AAJ
MADERA + CAFÉ CLARO,MADERA + CAFÉ CLARO,01t4w00000NuoM6AAJ
,MADERA + CAFÉ CLARO,01t4w00000NuoM7AAJ
MADERA + CAFÉ CLARO,MADERA + CAFÉ CLARO,01t4w00000NuoM8AAJ
,MADERA + CAFÉ CLARO,01t4w00000NuoM9AAJ
NATURAL,NATURAL,01t4w00000NuoMAAAZ
,NATURAL,01t4w00000NuoMBAAZ
NATURAL,NATURAL,01t4w00000NuoMCAAZ
,NATURAL,01t4w00000NuoMDAAZ
,VARIOS,01t4w00000NuoMEAAZ
VARIOS,VARIOS,01t4w00000NuoMFAAZ
BLANCO,BLANCO,01t4w00000NuoMGAAZ
,BLANCO,01t4w00000NuoMHAAZ
,BLANCO,01t4w00000NuoMIAAZ
GRIS,GRIS,01t4w00000NuoMJAAZ
,GRIS,01t4w00000NuoMKAAZ
AZUL,AZUL,01t4w00000NuoMLAAZ
,AZUL,01t4w00000NuoMMAAZ
BLANCO,BLANCO,01t4w00000NuoMNAAZ
,BLANCO,01t4w00000NuoMOAAZ
CLARO,CLARO,01t4w00000NuoMPAAZ
,BLANCO,01t4w00000NuoMQAAZ
,CLARO,01t4w00000NuoMRAAZ
BLANCO,BLANCO,01t4w00000NuoMSAAZ
BLANCO,BLANCO,01t4w00000NuoMTAAZ
,BLANCO,01t4w00000NuoMUAAZ
BLANCO,BLANCO,01t4w00000NuoMVAAZ
BLANCO,BLANCO,01t4w00000NuoMWAAZ
,BLANCO,01t4w00000NuoMXAAZ
,BLANCO,01t4w00000NuoMYAAZ
BLANCO,BLANCO,01t4w00000NuoMZAAZ
,BLANCO,01t4w00000NuoMaAAJ
BLANCO,BLANCO,01t4w00000NuoMbAAJ
,BLANCO,01t4w00000NuoMcAAJ
BLANCO,BLANCO,01t4w00000NuoMdAAJ
BLANCO,BLANCO,01t4w00000NuoMeAAJ
NEGRO,NEGRO,01t4w00000NuoMfAAJ
,NEGRO,01t4w00000NuoMgAAJ
BLANCO+NEGRO,BLANCO+NEGRO,01t4w00000NuoMhAAJ
,BLANCO+NEGRO,01t4w00000NuoMiAAJ
NATURAL,NATURAL,01t4w00000NuoMjAAJ
,NATURAL,01t4w00000NuoMkAAJ
VARIOS,VARIOS,01t4w00000NuoMlAAJ
,VARIOS,01t4w00000NuoMmAAJ
BLUE AND WHITE,BLUE AND WHITE,01t4w00000NuoMnAAJ
,BLUE AND WHITE,01t4w00000NuoMoAAJ
VARIOS,VARIOS,01t4w00000NuoMpAAJ
,VARIOS,01t4w00000NuoMqAAJ
MULTICOLOR,MULTICOLOR,01t4w00000NuoMrAAJ
,MULTICOLOR,01t4w00000NuoMsAAJ
ROJO,ROJO,01t4w00000NuoMtAAJ
,ROJO,01t4w00000NuoMuAAJ
NATURAL,NATURAL,01t4w00000NuoMvAAJ
,NATURAL,01t4w00000NuoMwAAJ
VARIOS,VARIOS,01t4w00000NuoMxAAJ
,VARIOS,01t4w00000NuoMyAAJ
BLANCO,BLANCO,01t4w00000NuoMzAAJ
,BLANCO,01t4w00000NuoN0AAJ
VARIOS,VARIOS,01t4w00000NuoN1AAJ
,VARIOS,01t4w00000NuoN2AAJ
GRIS,GRIS,01t4w00000NuoN3AAJ
,GRIS,01t4w00000NuoN4AAJ
NEGRO,NEGRO,01t4w00000NuoN5AAJ
,NEGRO,01t4w00000NuoN6AAJ
,GRIS,01t4w00000NuoN7AAJ
VARIOS,VARIOS,01t4w00000NuoN8AAJ
,VARIOS,01t4w00000NuoN9AAJ
VARIOS,VARIOS,01t4w00000NuoNAAAZ
,VARIOS,01t4w00000NuoNBAAZ
SIN,SIN,01t4w00000NuoNCAAZ
,SIN,01t4w00000NuoNDAAZ
,VARIOS,01t4w00000NuoNEAAZ
,MULTICOLOR,01t4w00000NuoNFAAZ
,VARIOS,01t4w00000NuoNGAAZ
,VARIOS,01t4w00000NuoNHAAZ
,VARIOS,01t4w00000NuoNIAAZ
NEGRO,NEGRO,01t4w00000NuoNJAAZ
,NEGRO,01t4w00000NuoNKAAZ
VARIOS,VARIOS,01t4w00000NuoNLAAZ
VARIOS,VARIOS,01t4w00000NuoNMAAZ
,VARIOS,01t4w00000NuoNNAAZ
,VARIOS,01t4w00000NuoNOAAZ
,VARIOS,01t4w00000NuoNPAAZ
,VARIOS,01t4w00000NuoNQAAZ
VARIOS,VARIOS,01t4w00000NuoNRAAZ
VARIOS,VARIOS,01t4w00000NuoNSAAZ
,VARIOS,01t4w00000NuoNTAAZ
VARIOS,VARIOS,01t4w00000NuoNUAAZ
VARIOS,VARIOS,01t4w00000NuoNVAAZ
,VARIOS,01t4w00000NuoNWAAZ
BLANCO,BLANCO,01t4w00000NuoNXAAZ
,VARIOS,01t4w00000NuoNYAAZ
VARIOS,VARIOS,01t4w00000NuoNZAAZ
,BLANCO,01t4w00000NuoNaAAJ
BLANCO / NEGRO,BLANCO / NEGRO,01t4w00000NuoNbAAJ
,BLANCO / NEGRO,01t4w00000NuoNcAAJ
VARIOS,VARIOS,01t4w00000NuoNdAAJ
,VARIOS,01t4w00000NuoNeAAJ
,VARIOS,01t4w00000NuoNfAAJ
VARIOS,VARIOS,01t4w00000NuoNgAAJ
,VARIOS,01t4w00000NuoNhAAJ
,VARIOS,01t4w00000NuoNiAAJ
,VARIOS,01t4w00000NuoNjAAJ
VARIOS,VARIOS,01t4w00000NuoNkAAJ
VARIOS,VARIOS,01t4w00000NuoNlAAJ
VARIOS,VARIOS,01t4w00000NuoNmAAJ
VARIOS,VARIOS,01t4w00000NuoNnAAJ
,VARIOS,01t4w00000NuoNoAAJ
VARIOS,VARIOS,01t4w00000NuoNpAAJ
,VARIOS,01t4w00000NuoNqAAJ
MADERA,MADERA,01t4w00000NuoNrAAJ
,MADERA,01t4w00000NuoNsAAJ
MADERA,MADERA,01t4w00000NuoNtAAJ
,MADERA,01t4w00000NuoNuAAJ
NATURAL,NATURAL,01t4w00000NuoNvAAJ
,NATURAL,01t4w00000NuoNwAAJ
MARRON,MARRON,01t4w00000NuoNxAAJ
GRIS,GRIS,01t4w00000NuoNyAAJ
NEGRA,NEGRA,01t4w00000NuoNzAAJ
VARIOS,VARIOS,01t4w00000NuoO0AAJ
BLANCO + MADERA,BLANCO + MADERA,01t4w00000NurTBAAZ
BLANCO + MADERA,BLANCO + MADERA,01t4w00000NurTCAAZ
BLANCO + MADERA,BLANCO + MADERA,01t4w00000NurTDAAZ
BLANCO,BLANCO,01t4w00000NurTEAAZ
BLANCO + NATURAL,BLANCO + NATURAL,01t4w00000NurTFAAZ
BLANCO + GRIS + MULTICOLOR,BLANCO + GRIS + MULTICOLOR,01t4w00000NurTGAAZ
BLANCO,BLANCO,01t4w00000NurTHAAZ
BLANCO,BLANCO,01t4w00000NurTIAAZ
BLANCO + GRIS,BLANCO + GRIS,01t4w00000NurTJAAZ
BLANCO + GRIS,BLANCO + GRIS,01t4w00000NurTKAAZ
BLANCO,BLANCO,01t4w00000NurTLAAZ
BLANCO,BLANCO,01t4w00000NurTMAAZ
BLANCO,BLANCO,01t4w00000NurTNAAZ
BLANCO,BLANCO,01t4w00000NurTOAAZ
BLANCO + MULTICOLOR,BLANCO + MULTICOLOR,01t4w00000NurWFAAZ
,BLANCO + MULTICOLOR,01t4w00000NurWKAAZ
MULTICOLOR,MULTICOLOR,01t4w00000NurWPAAZ
,MULTICOLOR,01t4w00000NurWUAAZ
BLANCO + AGUA,BLANCO + AGUA,01t4w00000NurWZAAZ
,BLANCO + AGUA,01t4w00000NurWeAAJ
ROSA,ROSA,01t4w00000NurWjAAJ
,NEGRO + BLANCO + VERDE,01t4w00000NurWkAAJ
,ROSA,01t4w00000NurWoAAJ
BLANCO + VERDE,BLANCO + VERDE,01t4w00000NurWpAAJ
,BLANCO + VERDE,01t4w00000NurWqAAJ
NEGRO + BLANCO + VERDE,NEGRO + BLANCO + VERDE,01t4w00000NurWrAAJ
ROSA + BLANCO,ROSA + BLANCO,01t4w00000NurWtAAJ
,ROSA + BLANCO,01t4w00000NurWuAAJ
ROSA,ROSA,01t4w00000NurWvAAJ
,BLANCO + VERDE,01t4w00000NurWwAAJ
,ROSA,01t4w00000NurWyAAJ
BLANCO + VERDE,BLANCO + VERDE,01t4w00000NurX3AAJ
BLANCO + ROSA,BLANCO + ROSA,01t4w00000NurX4AAJ
,BLANCO + ROSA,01t4w00000NurX8AAJ
,BLANCO,01t4w00000Nura8AAB
BLANCO + AZUL,BLANCO + AZUL,01t4w00000Nus5fAAB
,BLANCO + AZUL,01t4w00000Nus5gAAB
,BLANCO + AZUL,01t4w00000Nus5kAAB
BLANCO + AZUL,BLANCO + AZUL,01t4w00000Nus5lAAB
,BLANCO + ROSA,01t4w00000Nus5mAAB
BLANCO + ROSA,BLANCO + ROSA,01t4w00000Nus5pAAB
BLANCO + AZUL,BLANCO + AZUL,01t4w00000Nus5uAAB
BLANCO + ROSA,BLANCO + ROSA,01t4w00000Nus5vAAB
,BLANCO + AZUL,01t4w00000Nus5zAAB
,BLANCO + ROSA,01t4w00000Nus60AAB
BLANCO + AZUL,BLANCO + AZUL,01t4w00000Nus64AAB
BLANCO + ROSA,BLANCO + ROSA,01t4w00000Nus65AAB
ROSA + MULTICOLOR,ROSA + MULTICOLOR,01t4w00000Nus66AAB
,ROSA + MULTICOLOR,01t4w00000Nus67AAB
VARIOS,VARIOS,01t4w00000Nus68AAB
,BLANCO + AZUL,01t4w00000Nus69AAB
BLANCO + AZUL,BLANCO + AZUL,01t4w00000Nus6AAAR
ROJO + MULTICOLOR,ROJO + MULTICOLOR,01t4w00000Nus6BAAR
,ROJO + MULTICOLOR,01t4w00000Nus6CAAR
,BLANCO + ROSA,01t4w00000Nus6EAAR
,VARIOS,01t4w00000Nus6FAAR
,BLANCO + AZUL,01t4w00000Nus6JAAR
NEGRO,NEGRO,01t4w00000Nus9OAAR
,NEGRO,01t4w00000Nus9PAAR
NEGRO,NEGRO,01t4w00000NutVtAAJ
NEGRO,NEGRO,01t4w00000NutVzAAJ
NEGRO,NEGRO,01t4w00000NutW8AAJ
NEGRO,NEGRO,01t4w00000NutW9AAJ
NEGRO,NEGRO,01t4w00000NutWDAAZ
NEGRO,NEGRO,01t4w00000NutWFAAZ
NEGRO,NEGRO,01t4w00000NutrjAAB
WHITE,WHITE,01t4w00000Nuu4AAAR
,WHITE,01t4w00000Nuu4FAAR
WHITE,WHITE,01t4w00000Nuu4KAAR
,WHITE,01t4w00000Nuu4LAAR
GOLDEN,GOLDEN,01t4w00000NuuV7AAJ
,GOLDEN,01t4w00000NuuVCAAZ
VARIOS,VARIOS,01t4w00000NuuVHAAZ
VARIOS,VARIOS,01t4w00000NuuVMAAZ
OFFICE CHAIR WITH STORAGE,OFFICE CHAIR WITH STORAGE,01t4w00000NuuVOAAZ
VARIOS,VARIOS,01t4w00000NuuVRAAZ
,VARIOS,01t4w00000NuuVSAAZ
,VARIOS,01t4w00000NuuVTAAZ
,OFFICE CHAIR WITH STORAGE,01t4w00000NuuVUAAZ
VARIOS,VARIOS,01t4w00000NuuVVAAZ
VARIOS,VARIOS,01t4w00000NuuVWAAZ
,VARIOS,01t4w00000NuuVXAAZ
,VARIOS,01t4w00000NuuVYAAZ
,VARIOS,01t4w00000NuuVbAAJ
VARIOS,VARIOS,01t4w00000NuuVgAAJ
,VARIOS,01t4w00000NuuVlAAJ
NEGRO,NEGRO,01t4w00000NuvOcAAJ
VARIOS,VARIOS,01t4w00000NuxduAAB
,VARIOS,01t4w00000NuxdzAAB
VARIOS,VARIOS,01t4w00000Nuxe9AAB
VARIOS,VARIOS,01t4w00000NuxeAAAR
,VARIOS,01t4w00000NuxeeAAB
,VARIOS,01t4w00000NuxeyAAB
VARIOS,VARIOS,01t4w00000NuxfmAAB
,VARIOS,01t4w00000Nuxg6AAB
NEGRO,NEGRO,01t4w00000NuxgVAAR
,GRIS / NEGRO,01t4w00000NuxgWAAR
,NEGRO,01t4w00000NuxgaAAB
GRIS / NEGRO,GRIS / NEGRO,01t4w00000NuxgfAAB
NEGRO / GRIS,NEGRO / GRIS,01t4w00000NuxgkAAB
VARIOS,VARIOS,01t4w00000NuxglAAB
,NEGRO / GRIS,01t4w00000NuxgpAAB
,VARIOS,01t4w00000NuxguAAB
,ZAFIRO + BLANCO,01t4w00000NuxgvAAB
NARANJA + NEGRO + BLANCO,NARANJA + NEGRO + BLANCO,01t4w00000NuxgwAAB
VARIOS,VARIOS,01t4w00000NuxgzAAB
,VARIOS,01t4w00000Nuxh4AAB
NEGRO,NEGRO,01t4w00000Nuxh5AAB
VARIOS,VARIOS,01t4w00000Nuxh9AAB
,VARIOS,01t4w00000NuxhAAAR
ZAFIRO / ROSA,ZAFIRO / ROSA,01t4w00000NuxhEAAR
,ZAFIRO / ROSA,01t4w00000NuxhFAAR
,NEGRO,01t4w00000NuxhGAAR
,NEGRO,01t4w00000NuxhJAAR
,VARIOS,01t4w00000NuxhKAAR
MERMELADA + NEGRO,MERMELADA + NEGRO,01t4w00000NuxhLAAR
ZAFIRO + BLANCO,ZAFIRO + BLANCO,01t4w00000NuxhMAAR
VARIOS,VARIOS,01t4w00000NuxhOAAR
,MERMELADA + NEGRO,01t4w00000NuxhPAAR
NEGRO,NEGRO,01t4w00000NuxhTAAR
GRIS + NEGRO,GRIS + NEGRO,01t4w00000NuxhYAAR
,GRIS + NEGRO,01t4w00000NuxhZAAR
GRIS + BLANCO,GRIS + BLANCO,01t4w00000NuxhdAAB
VARIOS,VARIOS,01t4w00000NuxheAAB
,VARIOS,01t4w00000NuxhfAAB
GRIS + LIMÓN,GRIS + LIMÓN,01t4w00000NuxhgAAB
,GRIS + BLANCO,01t4w00000NuxhiAAB
,GRIS + LIMÓN,01t4w00000NuxhnAAB
,NARANJA + NEGRO + BLANCO,01t4w00000NuxhsAAB
NEGRO + GRIS,NEGRO + GRIS,01t4w00000NuxhtAAB
,NEGRO + GRIS,01t4w00000NuxhxAAB
BROWN,BROWN,01t4w00000Nuxi2AAB
BROWN,BROWN,01t4w00000Nuxi3AAB
,BLANCO,01t4w00000Nuxi4AAB
,BROWN,01t4w00000Nuxi7AAB
,BROWN,01t4w00000Nuxi8AAB
VARIOS,VARIOS,01t4w00000Nuxi9AAB
VARIOS,VARIOS,01t4w00000NuxiAAAR
BLANCO,BLANCO,01t4w00000NuxiCAAR
VARIOS,VARIOS,01t4w00000NuxiDAAR
,VARIOS,01t4w00000NuxiEAAR
,VARIOS,01t4w00000NuxiHAAR
,VARIOS,01t4w00000NuxiMAAR
VARIOS,VARIOS,01t4w00000NuxiRAAR
,VARIOS,01t4w00000NuxiWAAR
,VARIOS,01t4w00000NuxiXAAR
VARIOS,VARIOS,01t4w00000NuxibAAB
NEGRO,NEGRO,01t4w00000NuySqAAJ
NEGRO,NEGRO,01t4w00000NuySrAAJ
,NEGRO,01t4w00000NuySvAAJ
VARIOS,VARIOS,01t4w00000NuySwAAJ
,NEGRO,01t4w00000NuyT0AAJ
,VARIOS,01t4w00000NuyT1AAJ
BLANCO / NEGRO,BLANCO / NEGRO,01t4w00000NuyT5AAJ
ROJO + NEGRO,ROJO + NEGRO,01t4w00000NuyT6AAJ
,BLANCO / NEGRO,01t4w00000NuyTAAAZ
,ROJO + NEGRO,01t4w00000NuyTBAAZ
ROJO + NEGRO,ROJO + NEGRO,01t4w00000NuyTFAAZ
,ROJO + NEGRO,01t4w00000NuyTGAAZ
NEGRO,NEGRO,01t4w00000NuyTKAAZ
,NEGRO,01t4w00000NuyTPAAZ
NEGRO,NEGRO,01t4w00000NuyTUAAZ
,NEGRO,01t4w00000NuyTZAAZ
AZUL + NEGRO,AZUL + NEGRO,01t4w00000NuyTeAAJ
,AZUL + NEGRO,01t4w00000NuyTjAAJ
MADERA,MADERA,01t4w00000NuyTyAAJ
,MADERA,01t4w00000NuyU3AAJ
BLANCO,BLANCO,01t4w00000NuyUDAAZ
,BLANCO,01t4w00000NuyUIAAZ
VARIOS,VARIOS,01t4w00000NuyUNAAZ
,VARIOS,01t4w00000NuyUSAAZ
VARIOS,VARIOS,01t4w00000NuyUXAAZ
NEGRO,NEGRO,01t4w00000NuyUYAAZ
,VARIOS,01t4w00000NuyUcAAJ
NEGRO,NEGRO,01t4w00000NuyUdAAJ
,NEGRO,01t4w00000NuyUeAAJ
,NEGRO,01t4w00000NuyUhAAJ
NEGRO,NEGRO,01t4w00000NuyUmAAJ
,NEGRO,01t4w00000NuyUnAAJ
,NEGRO,01t4w00000NuyUrAAJ
NEGRO,NEGRO,01t4w00000NuyUwAAJ
,BLANCO,01t4w00000NuyUxAAJ
MADERA,MADERA,01t4w00000NuyV1AAJ
,MADERA,01t4w00000NuyV6AAJ
NEGRO,NEGRO,01t4w00000NuyVBAAZ
,NEGRO,01t4w00000NuyVCAAZ
MADERA,MADERA,01t4w00000NuyVGAAZ
,MADERA,01t4w00000NuyVHAAZ
BLANCO,BLANCO,01t4w00000NuyVLAAZ
BLANCO + ORO,BLANCO + ORO,01t4w00000NuyVQAAZ
,BLANCO + ORO,01t4w00000NuyVVAAZ
VARIOS,VARIOS,01t4w00000NuyVaAAJ
,VARIOS,01t4w00000NuyVbAAJ
BLANCO,BLANCO,01t4w00000NuyVfAAJ
MADERA + NEGRO,MADERA + NEGRO,01t4w00000NuyVgAAJ
,VARIOS,01t4w00000NuyVhAAJ
,BLANCO,01t4w00000NuyVkAAJ
,VARIOS,01t4w00000NuyVlAAJ
,BEIGE,01t4w00000NuyVuAAJ
,MADERA + NEGRO,01t4w00000NuyVzAAJ
VARIOS,VARIOS,01t4w00000NuyW0AAJ
GRIS,GRIS,01t4w00000NuyW4AAJ
,GRIS,01t4w00000NuyW9AAJ
VARIOS,VARIOS,01t4w00000NuyWAAAZ
VARIOS,VARIOS,01t4w00000NuyWEAAZ
,VARIOS,01t4w00000NuyWJAAZ
VARIOS,VARIOS,01t4w00000NuyWOAAZ
,VARIOS,01t4w00000NuyWTAAZ
,VARIOS,01t4w00000NuyWYAAZ
VARIOS,VARIOS,01t4w00000NuyWdAAJ
VARIOS,VARIOS,01t4w00000NuyWiAAJ
MADERA / BLANCO,MADERA / BLANCO,01t4w00000NuyWjAAJ
,VARIOS,01t4w00000NuyWnAAJ
VARIOS,VARIOS,01t4w00000NuyWsAAJ
,VARIOS,01t4w00000NuyWtAAJ
,MADERA / BLANCO,01t4w00000NuyWxAAJ
MADERA / BLANCO,MADERA / BLANCO,01t4w00000NuyX2AAJ
,MADERA,01t4w00000NuyX3AAJ
,MADERA / BLANCO,01t4w00000NuyX7AAJ
,MADERA,01t4w00000NuyX8AAJ
MADERA,MADERA,01t4w00000NuyXCAAZ
MADERA,MADERA,01t4w00000NuyXDAAZ
ROSA,ROSA,01t4w00000Nuyb0AAB
,ROSA,01t4w00000Nuyb1AAB
ROSA / NEGRO,ROSA / NEGRO,01t4w00000Nuyb2AAB
,BLANCO,01t4w00000Nuyb3AAB
VARIOS,VARIOS,01t4w00000Nuyb4AAB
,ROSA / NEGRO,01t4w00000Nuyb5AAB
BLANCO,BLANCO,01t4w00000NuybAAAR
,VARIOS,01t4w00000NuybFAAR
BLANCO,BLANCO,01t4w00000NuybKAAR
NEGRO + MADERA,NEGRO + MADERA,01t4w00000NuybLAAR
,BLANCO,01t4w00000NuybPAAR
,VARIOS,01t4w00000NuybQAAR
VARIOS,VARIOS,01t4w00000NuybUAAR
,NEGRO + MADERA,01t4w00000NuybZAAR
,VARIOS,01t4w00000NuybaAAB
VARIOS,VARIOS,01t4w00000NuybeAAB
ROSA,ROSA,01t4w00000NuybfAAB
MADERA + NEGRO,MADERA + NEGRO,01t4w00000NuybjAAB
MADERA / NEGRO,MADERA / NEGRO,01t4w00000NuybkAAB
,MADERA / NEGRO,01t4w00000NuyblAAB
,VARIOS,01t4w00000NuybmAAB
VARIOS,VARIOS,01t4w00000NuybnAAB
,MADERA + NEGRO,01t4w00000NuyboAAB
,ROSA,01t4w00000NuybtAAB
BLANCO + VERDE,BLANCO + VERDE,01t4w00000NuybyAAB
,BLANCO + VERDE,01t4w00000Nuyc3AAB
VARIOS,VARIOS,01t4w00000Nuyc4AAB
,PLATA,01t4w00000Nuyc5AAB
,NEGRO + MULTICOLOR,01t4w00000Nuyc6AAB
PLATA,PLATA,01t4w00000Nuyc8AAB
NEGRO + MULTICOLOR,NEGRO + MULTICOLOR,01t4w00000Nuyc9AAB
,VARIOS,01t4w00000NuycAAAR
VARIOS,VARIOS,01t4w00000NuycDAAR
,VARIOS,01t4w00000NuycIAAR
VARIOS,VARIOS,01t4w00000NuycJAAR
VARIOS,VARIOS,01t4w00000NuycNAAR
,VARIOS,01t4w00000NuycSAAR
,VARIOS,01t4w00000NuycTAAR
VARIOS,VARIOS,01t4w00000NuycXAAR
,VARIOS,01t4w00000NuycYAAR
MORADO,MORADO,01t4w00000Nv2nNAAR
,MORADO,01t4w00000Nv2nSAAR
,VARIOS,01t4w00000Nv2nTAAR
,VARIOS,01t4w00000Nv2nUAAR
MARRÓN,MARRÓN,01t4w00000Nv2nVAAR
,MARRÓN,01t4w00000Nv2nWAAR
BLANCO + NARANJA,BLANCO + NARANJA,01t4w00000Nv2nXAAR
,BLANCO + NARANJA,01t4w00000Nv2nYAAR
VARIOS,VARIOS,01t4w00000Nv2nZAAR
VARIOS,VARIOS,01t4w00000Nv2ncAAB
,VARIOS,01t4w00000Nv2ndAAB
VARIOS,VARIOS,01t4w00000Nv2nhAAB
VARIOS,VARIOS,01t4w00000Nv2niAAB
,VARIOS,01t4w00000Nv2nmAAB
VARIOS,VARIOS,01t4w00000Nv2nrAAB
,VARIOS,01t4w00000Nv2nwAAB
VARIOS,VARIOS,01t4w00000Nv2o1AAB
,VARIOS,01t4w00000Nv2o6AAB
MARRÓN,MARRÓN,01t4w00000Nv2vBAAR
,MARRÓN,01t4w00000Nv2vGAAR
GRIS CLARO,GRIS CLARO,01t4w00000Nv2vLAAR
,BLANCO + MARRÓN,01t4w00000Nv2vMAAR
CIELO,CIELO,01t4w00000Nv2vNAAR
VARIOS,VARIOS,01t4w00000Nv2vOAAR
,GRIS CLARO,01t4w00000Nv2vQAAR
BLANCO + MARRÓN,BLANCO + MARRÓN,01t4w00000Nv2vVAAR
,CIELO,01t4w00000Nv2vWAAR
VARIOS,VARIOS,01t4w00000Nv2vaAAB
,VARIOS,01t4w00000Nv2vbAAB
AZUL,AZUL,01t4w00000Nv2vfAAB
,AZUL,01t4w00000Nv2vgAAB
GRIS,GRIS,01t4w00000Nv2vkAAB
,VARIOS,01t4w00000Nv2vpAAB
BLANCO,BLANCO,01t4w00000Nv2vqAAB
,BLANCO,01t4w00000Nv2vrAAB
VARIOS,VARIOS,01t4w00000Nv2vzAAB
,VARIOS,01t4w00000Nv2w4AAB
,GRIS,01t4w00000Nv2w5AAB
GRIS,GRIS,01t4w00000Nv2w9AAB
,VARIOS,01t4w00000Nv2wAAAR
,GRIS,01t4w00000Nv2wEAAR
,MARRÓN,01t4w00000Nv2wFAAR
,MARRÓN,01t4w00000Nv2wGAAR
VARIOS,VARIOS,01t4w00000Nv2wJAAR
GRIS,GRIS,01t4w00000Nv2wOAAR
,AZUL,01t4w00000Nv2wPAAR
AZUL,AZUL,01t4w00000Nv2wTAAR
ROJO,ROJO,01t4w00000Nv2wYAAR
ROJO,ROJO,01t4w00000Nv2wZAAR
,ROJO,01t4w00000Nv2waAAB
,ROJO,01t4w00000Nv2wdAAB
MARRÓN,MARRÓN,01t4w00000Nv2weAAB
MARRÓN,MARRÓN,01t4w00000Nv2wiAAB
AZUL,AZUL,01t4w00000Nv2wnAAB
,AZUL,01t4w00000Nv2woAAB
GRIS,GRIS,01t4w00000Nv2wsAAB
,GRIS,01t4w00000Nv2wtAAB
,GRIS,01t4w00000Nv2wxAAB
GRIS,GRIS,01t4w00000Nv2x2AAB
NATURAL,NATURAL,01t4w00000Nv33ZAAR
,NATURAL,01t4w00000Nv33eAAB
BLANCO / NEGRO / AZUL / VERDE,BLANCO / NEGRO / AZUL / VERDE,01t4w00000Nv33fAAB
,BLANCO / NEGRO / AZUL / VERDE,01t4w00000Nv33jAAB
VARIOS,VARIOS,01t4w00000Nv33oAAB
,VARIOS,01t4w00000Nv33tAAB
NEGRO,NEGRO,01t4w00000Nv33yAAB
NEGRO / BLANCO,NEGRO / BLANCO,01t4w00000Nv33zAAB
,NEGRO + MARRÓN,01t4w00000Nv340AAB
,NEGRO,01t4w00000Nv343AAB
,NEGRO / BLANCO,01t4w00000Nv344AAB
BLANCO,BLANCO,01t4w00000Nv345AAB
NEGRO / BLANCO,NEGRO / BLANCO,01t4w00000Nv346AAB
,BLANCO,01t4w00000Nv348AAB
,NEGRO / BLANCO,01t4w00000Nv349AAB
NEGRO + MARRÓN,NEGRO + MARRÓN,01t4w00000Nv34DAAR
,NEGRO,01t4w00000Nv34EAAR
BLANCO,BLANCO,01t4w00000Nv34IAAR
NEGRO,NEGRO,01t4w00000Nv34JAAR
NEGRO,NEGRO,01t4w00000Nv34KAAR
,BLANCO,01t4w00000Nv34NAAR
,NEGRO,01t4w00000Nv35lAAB
GRIS,GRIS,01t4w00000Nv37hAAB
AZUL,AZUL,01t4w00000Nv37iAAB
,ROSA,01t4w00000Nv37jAAB
,GRIS,01t4w00000Nv37mAAB
,AZUL,01t4w00000Nv38BAAR
ROSA,ROSA,01t4w00000Nv39FAAR
VARIOS,VARIOS,01t4w00000Nv3ElAAJ
,BLANCO + NEGRO,01t4w00000Nv3EmAAJ
,MADERA,01t4w00000Nv3EnAAJ
,VARIOS,01t4w00000Nv3EqAAJ
,ROSA,01t4w00000Nv3ErAAJ
ROSA,ROSA,01t4w00000Nv3EvAAJ
GRIS,GRIS,01t4w00000Nv3EwAAJ
MADERA,MADERA,01t4w00000Nv3ExAAJ
,GRIS,01t4w00000Nv3F0AAJ
BLANCO + NEGRO,BLANCO + NEGRO,01t4w00000Nv3F5AAJ
NEGRO,NEGRO,01t4w00000Nv3taAAB
,NEGRO,01t4w00000Nv3tfAAB
VARIOS,VARIOS,01t4w00000Nv6h8AAB
,VARIOS,01t4w00000Nv6hDAAR
AZUL + NATURAL,AZUL + NATURAL,01t4w00000Nv6hIAAR
,AZUL + NATURAL,01t4w00000Nv6hJAAR
VARIOS,VARIOS,01t4w00000Nv6lfAAB
,VARIOS,01t4w00000Nv6lgAAB
NARANJA / AZUL,NARANJA / AZUL,01t4w00000Nv6lkAAB
ROSA,ROSA,01t4w00000Nv6llAAB
,NARANJA / AZUL,01t4w00000Nv6lpAAB
,ROSA,01t4w00000Nv6lzAAB
VARIOS,VARIOS,01t4w00000Nv6m4AAB
,VARIOS,01t4w00000Nv6m5AAB
ROSA,ROSA,01t4w00000Nv6m9AAB
,ROSA,01t4w00000Nv6mAAAR
BLANCO,BLANCO,01t4w00000Nv6mEAAR
,BLANCO,01t4w00000Nv6mJAAR
,ROJO + AZUL + AMARILLO,01t4w00000Nv6mKAAR
ROJO + AZUL + AMARILLO,ROJO + AZUL + AMARILLO,01t4w00000Nv6mOAAR
,BLANCO,01t4w00000Nv74TAAR
,BLANCO,01t4w00000Nv74YAAR
,BLANCO + GRIS,01t4w00000Nv74ZAAR
,BLANCO + MADERA,01t4w00000Nv74dAAB
,BLANCO,01t4w00000Nv74iAAB
,BLANCO,01t4w00000Nv74jAAB
,BLANCO + GRIS + MULTICOLOR,01t4w00000Nv74nAAB
,BLANCO + NATURAL,01t4w00000Nv74sAAB
,BLANCO,01t4w00000Nv74xAAB
BLACK,BLACK,01t4w00000NvAE2AAN
,BLACK,01t4w00000NvAE7AAN
WHITE,WHITE,01t4w00000NvAECAA3
,WHITE,01t4w00000NvAEHAA3
NEGRO,NEGRO,01t4w00000NvAH7AAN
,NEGRO,01t4w00000NvAH8AAN
NEGRO / VERDE,NEGRO / VERDE,01t4w00000NvEk1AAF
,NEGRO / VERDE,01t4w00000NvEk2AAF
WHITE,WHITE,01t4w00000NvEkaAAF
,WHITE,01t4w00000NvEkfAAF
NATURAL,NATURAL,01t4w00000NvEy9AAF
,NATURAL,01t4w00000NvEyAAAV
GRIS,GRIS,01t4w00000NvF7oAAF
,GRIS,01t4w00000NvF7pAAF
NATURAL,NATURAL,01t4w00000NvF83AAF
,NATURAL,01t4w00000NvF84AAF
VIOLETA + MADERA,VIOLETA + MADERA,01t4w00000NvGfZAAV
CAFÉ + MADERA,CAFÉ + MADERA,01t4w00000NvGfeAAF
,CAFÉ + MADERA,01t4w00000NvGfjAAF
MADERA,MADERA,01t4w00000NvGftAAF
GRIS + MADERA,GRIS + MADERA,01t4w00000NvGfuAAF
VARIOS,VARIOS,01t4w00000NvGfyAAF
VARIOS,VARIOS,01t4w00000NvGg3AAF
CAFÉ,CAFÉ,01t4w00000NvGg8AAF
,MARRON,01t4w00000NvHFOAA3
,CAFÉ,01t4w00000NvHFTAA3
,VIOLETA + MADERA,01t4w00000NvHFYAA3
BLANCO,BLANCO,01t4w00000NvHFdAAN
,BLANCO,01t4w00000NvHFeAAN
AZUL,AZUL,01t4w00000NvHFfAAN
,AZUL,01t4w00000NvHFgAAN
AZUL + BLANCO,AZUL + BLANCO,01t4w00000NvHFiAAN
,AZUL + BLANCO,01t4w00000NvHFjAAN
,CACAO,01t4w00000NvHFkAAN
BEIGE + NEGRO,BEIGE + NEGRO,01t4w00000NvHFlAAN
,AZUL + BLANCO,01t4w00000NvHFnAAN
VERDE,VERDE,01t4w00000NvHFsAAN
BEIGE + NEGRO,BEIGE + NEGRO,01t4w00000NvHFtAAN
CACAO,CACAO,01t4w00000NvHFuAAN
,VERDE,01t4w00000NvHFxAAN
,BEIGE + NEGRO,01t4w00000NvHFyAAN
AZUL + BLANCO,AZUL + BLANCO,01t4w00000NvHG2AAN
,BEIGE + NEGRO,01t4w00000NvHG3AAN
AZUL,AZUL,01t4w00000NvHG7AAN
,AZUL,01t4w00000NvHG8AAN
AZUL,AZUL,01t4w00000NvHGCAA3
,AZUL,01t4w00000NvHGDAA3
,MADERA,01t4w00000NvHGHAA3
,GRIS + MADERA,01t4w00000NvHGIAA3
,VARIOS,01t4w00000NvHGMAA3
,VARIOS,01t4w00000NvHGRAA3
VERDE,VERDE,01t4w00000NvHLSAA3
,VERDE,01t4w00000NvHLXAA3
ROSA,ROSA,01t4w00000NvHLhAAN
,ROSA,01t4w00000NvHLmAAN
VERDE + BLANCO,VERDE + BLANCO,01t4w00000NvHLrAAN
,CAQUI,01t4w00000NvHLsAAN
BEIGE + NEGRO,BEIGE + NEGRO,01t4w00000NvHLtAAN
,VERDE + BLANCO,01t4w00000NvHLwAAN
BEIGE + NEGRO,BEIGE + NEGRO,01t4w00000NvHLxAAN
,BEIGE + NEGRO,01t4w00000NvHLyAAN
CAQUI,CAQUI,01t4w00000NvHM1AAN
,BEIGE + NEGRO,01t4w00000NvHM6AAN
GRIS + NEGRO,GRIS + NEGRO,01t4w00000NvHMBAA3
AZUL + NEGRO,AZUL + NEGRO,01t4w00000NvHMGAA3
,GRIS + NEGRO,01t4w00000NvHRHAA3
,AZUL + NEGRO,01t4w00000NvHRMAA3
NEGRO,NEGRO,01t4w00000NvHaLAAV
,NEGRO,01t4w00000NvHaMAAV
NEGRO+AZUL,NEGRO+AZUL,01t4w00000NvHaQAAV
,NEGRO+AZUL,01t4w00000NvHaRAAV
NEGRO,NEGRO,01t4w00000NvKVWAA3
,NEGRO,01t4w00000NvKVbAAN
NEGRO,NEGRO,01t4w00000NvKv4AAF
,NEGRO,01t4w00000NvKv5AAF
BLANCO,BLANCO,01t4w00000NvKvOAAV
NEGRO,NEGRO,01t4w00000NvKyYAAV
,NEGRO,01t4w00000NvKyZAAV
NEGRO,NEGRO,01t4w00000NvKydAAF
,NEGRO,01t4w00000NvKyeAAF
NEGRO,NEGRO,01t4w00000NvKyiAAF
,NEGRO,01t4w00000NvKyjAAF
NEGRO,NEGRO,01t4w00000NvKynAAF
,NEGRO,01t4w00000NvKyoAAF
WHITE,WHITE,01t4w00000NvKysAAF
,WHITE,01t4w00000NvKyxAAF
BLANCO,BLANCO,01t4w00000NvKz2AAF
,BLANCO,01t4w00000NvKz7AAF
NEGRO,NEGRO,01t4w00000NvKzCAAV
,MADERA + BLANCO,01t4w00000NvKzDAAV
MARRÓN + NEGRO,MARRÓN + NEGRO,01t4w00000NvKzEAAV
NEGRO,NEGRO,01t4w00000NvKzHAAV
,NEGRO,01t4w00000NvKzMAAV
,VARIOS,01t4w00000NvKzNAAV
,NEGRO,01t4w00000NvKzRAAV
MADERA + BLANCO,MADERA + BLANCO,01t4w00000NvKzSAAV
VARIOS,VARIOS,01t4w00000NvKzWAAV
,VARIOS,01t4w00000NvKzXAAV
,GRIS,01t4w00000NvKzYAAV
NEGRO,NEGRO,01t4w00000NvKzbAAF
,NEGRO,01t4w00000NvKzgAAF
,MARRÓN + NEGRO,01t4w00000NvKzhAAF
GRIS,GRIS,01t4w00000NvKzlAAF
VARIOS,VARIOS,01t4w00000NvKzqAAF
NEGRO,NEGRO,01t4w00000NvKzvAAF
VARIOS,VARIOS,01t4w00000NvKzwAAF
,OSCURO,01t4w00000NvKzxAAF
,NEGRO,01t4w00000NvL00AAF
MADERA,MADERA,01t4w00000NvL01AAF
,MADERA,01t4w00000NvL05AAF
CAQUI,CAQUI,01t4w00000NvL0UAAV
,CAQUI,01t4w00000NvL0VAAV
OSCURO,OSCURO,01t4w00000NvL0WAAV
CEREZA,CEREZA,01t4w00000NvL0ZAAV
,CEREZA,01t4w00000NvL0aAAF
,VARIOS,01t4w00000NvL0bAAF
NEGRO,NEGRO,01t4w00000NvL0cAAF
,NEGRO,01t4w00000NvL0dAAF
AZUL,AZUL,01t4w00000NvL0eAAF
,AZUL,01t4w00000NvL0fAAF
MADERA,MADERA,01t4w00000NvL0gAAF
,MADERA,01t4w00000NvL0hAAF
BROWN,BROWN,01t4w00000NvLIGAA3
,BROWN,01t4w00000NvLILAA3
AZUL+BEIGE,AZUL+BEIGE,01t4w00000NvLQhAAN
,AZUL+BEIGE,01t4w00000NvLQiAAN
NEGRO,NEGRO,01t4w00000NvLTXAA3
,NEGRO,01t4w00000NvLTYAA3
BLANCO,BLANCO,01t4w00000NvLTcAAN
BLANCO,BLANCO,01t4w00000NvLTdAAN
VARIOS,VARIOS,01t4w00000NvLU1AAN
,VARIOS,01t4w00000NvLU2AAN
VARIOS,VARIOS,01t4w00000NvLUBAA3
,VARIOS,01t4w00000NvLUGAA3
VARIOS,VARIOS,01t4w00000NvLULAA3
VARIOS,VARIOS,01t4w00000NvLUMAA3
,VARIOS,01t4w00000NvLUNAA3
,VARIOS,01t4w00000NvLUQAA3
VARIOS,VARIOS,01t4w00000NvLURAA3
,VARIOS,01t4w00000NvLUSAA3
VARIOS,VARIOS,01t4w00000NvLUVAA3
VARIOS,VARIOS,01t4w00000NvLUWAA3
,VARIOS,01t4w00000NvLUXAA3
,VARIOS,01t4w00000NvLUaAAN
NEGRO,NEGRO,01t4w00000NvLUfAAN
NEGRO,NEGRO,01t4w00000NvLUgAAN
,NEGRO,01t4w00000NvLUkAAN
,NEGRO,01t4w00000NvLUpAAN
NEGRO / MARRÓN,NEGRO / MARRÓN,01t4w00000NvLUuAAN
,NEGRO / MARRÓN,01t4w00000NvLUvAAN
NEGRO,NEGRO,01t4w00000NvLUzAAN
,NEGRO,01t4w00000NvLV0AAN
NEGRO,NEGRO,01t4w00000NvLV4AAN
,NEGRO,01t4w00000NvLV9AAN
NEGRO,NEGRO,01t4w00000NvLVEAA3
,NEGRO,01t4w00000NvLVFAA3
NEGRO,NEGRO,01t4w00000NvLVGAA3
,NEGRO,01t4w00000NvLVHAA3
BLANCO Y NEGRO +BEIGE,BLANCO Y NEGRO +BEIGE,01t4w00000NvLYKAA3
NEGRO + BEIGE,NEGRO + BEIGE,01t4w00000NvLYLAA3
,BLANCO Y NEGRO +BEIGE,01t4w00000NvLYPAA3
,NEGRO + BEIGE,01t4w00000NvLYUAA3
BEIGE + MARRON,BEIGE + MARRON,01t4w00000NvLYZAA3
,BEIGE + MARRON,01t4w00000NvLYeAAN
BLANCO Y VERDE + BEIGE,BLANCO Y VERDE + BEIGE,01t4w00000NvLYjAAN
,BLANCO Y VERDE + BEIGE,01t4w00000NvLYoAAN
VARIOS,VARIOS,01t4w00000NvLYpAAN
,VARIOS,01t4w00000NvLYqAAN
AZUL/NEGRO,AZUL/NEGRO,01t4w00000NvLYtAAN
,AZUL/NEGRO,01t4w00000NvLYuAAN
BEIGE/GRIS,BEIGE/GRIS,01t4w00000NvLZSAA3
,VARIOS,01t4w00000NvLZTAA3
,BEIGE/GRIS,01t4w00000NvLZXAA3
VARIOS,VARIOS,01t4w00000NvLZcAAN
VARIOS,VARIOS,01t4w00000NvLZdAAN
,VARIOS,01t4w00000NvLZeAAN
MARRON/BLANCO,MARRON/BLANCO,01t4w00000NvLZhAAN
,MARRON/BLANCO,01t4w00000NvLZmAAN
,VARIOS,01t4w00000NvLZnAAN
NEGRO+MARRON,NEGRO+MARRON,01t4w00000NvLZrAAN
,NEGRO+MARRON,01t4w00000NvLZwAAN
VARIOS,VARIOS,01t4w00000NvLa1AAF
NEGRO,NEGRO,01t4w00000NvLa6AAF
,NEGRO,01t4w00000NvLa7AAF
WHITE,WHITE,01t4w00000NvLaBAAV
,WHITE,01t4w00000NvLaGAAV
NEGRO + GRIS,NEGRO + GRIS,01t4w00000NvLaLAAV
NEGRO+ GRIS,NEGRO+ GRIS,01t4w00000NvLaMAAV
,NEGRO+ GRIS,01t4w00000NvLaNAAV
BLACK + GREY,BLACK + GREY,01t4w00000NvLaOAAV
,NEGRO + GRIS,01t4w00000NvLaQAAV
BLACK+GREY,BLACK+GREY,01t4w00000NvLaVAAV
,BLACK+GREY,01t4w00000NvLaaAAF
BLACK+GREY,BLACK+GREY,01t4w00000NvLafAAF
,BLACK+GREY,01t4w00000NvLakAAF
YELLOW + CREMA,YELLOW + CREMA,01t4w00000NvLalAAF
,BLACK + GREY,01t4w00000NvLapAAF
,YELLOW + CREMA,01t4w00000NvLaqAAF
NATURAL,NATURAL,01t4w00000NvLePAAV
,NATURAL,01t4w00000NvLeQAAV
,NATURAL,01t4w00000NvLeRAAV
NATURAL,NATURAL,01t4w00000NvLeUAAV
,NATURAL,01t4w00000NvLeYAAV
NATURAL,NATURAL,01t4w00000NvLedAAF
ROJO+MARRON,ROJO+MARRON,01t4w00000NvLexAAF
,ROJO+MARRON,01t4w00000NvLf2AAF
BLACK,BLACK,01t4w00000NvLfCAAV
,BLACK,01t4w00000NvLfIAAV
,BLACK+CREAM,01t4w00000NvLfMAAV
,MARRON,01t4w00000NvLfNAAV
,MARRON OSCURO,01t4w00000NvLfRAAV
NATURAL,NATURAL,01t4w00000NvLfWAAV
,NATURAL,01t4w00000NvLfbAAF
,GRIS,01t4w00000NvLfgAAF
BLANCO + NEGRO,BLANCO + NEGRO,01t4w00000NvLj0AAF
,BLANCO + NEGRO,01t4w00000NvLj5AAF
,NEGRO+NATURAL+BLANCO,01t4w00000NvLkTAAV
VARIOS,VARIOS,01t4w00000NvLvaAAF
,VARIOS,01t4w00000NvLvfAAF
GRIS,GRIS,01t4w00000NvLvlAAF
,GRIS,01t4w00000NvLvmAAF
MARRON,MARRON,01t4w00000NvLvuAAF
,MARRON,01t4w00000NvLvzAAF
GRIS,GRIS,01t4w00000NvLw4AAF
,GRIS,01t4w00000NvLw5AAF
NEGRO,NEGRO,01t4w00000NvLw9AAF
,NEGRO,01t4w00000NvLwAAAV
NEGRO,NEGRO,01t4w00000NvLyGAAV
,NEGRO,01t4w00000NvLyHAAV
NEGRO,NEGRO,01t4w00000NvM1BAAV
,NEGRO,01t4w00000NvM1CAAV
,VARIOS,01t4w00000NvM1DAAV
NEGRO,NEGRO,01t4w00000NvM1GAAV
BLANCO,BLANCO,01t4w00000NvM1HAAV
,BLANCO,01t4w00000NvM1IAAV
,NEGRO,01t4w00000NvM1LAAV
MARRON + NEGRO,MARRON + NEGRO,01t4w00000NvM1MAAV
,MARRON + NEGRO,01t4w00000NvM1QAAV
PLATA,PLATA,01t4w00000NvM1VAAV
,BLANCO,01t4w00000NvM1WAAV
,PLATA,01t4w00000NvM1aAAF
VARIOS,VARIOS,01t4w00000NvM1fAAF
NATURAL,NATURAL,01t4w00000NvM1gAAF
BLANCO,BLANCO,01t4w00000NvM1kAAF
NATURAL,NATURAL,01t4w00000NvM1lAAF
,NATURAL,01t4w00000NvM1pAAF
,NATURAL,01t4w00000NvM1uAAF
BLANCO + NEGRO,BLANCO + NEGRO,01t4w00000NvM1zAAF
MADERA,MADERA,01t4w00000NvM20AAF
,MADERA,01t4w00000NvM21AAF
,BLANCO + NEGRO,01t4w00000NvM24AAF
TRANSPARENTE,TRANSPARENTE,01t4w00000NvM29AAF
,TRANSPARENTE,01t4w00000NvM2AAAV
BLANCO,BLANCO,01t4w00000NvM62AAF
VARIOS,VARIOS,01t4w00000NvM63AAF
NATURAL + NEGRO,NATURAL + NEGRO,01t4w00000NvM64AAF
NEGRO,NEGRO,01t4w00000NvM65AAF
,NEGRO,01t4w00000NvM66AAF
,BLANCO,01t4w00000NvM67AAF
,VARIOS,01t4w00000NvM6CAAV
,NATURAL + NEGRO,01t4w00000NvM6HAAV
NATURAL + NEGRO,NATURAL + NEGRO,01t4w00000NvM6IAAV
,NATURAL + NEGRO,01t4w00000NvM6JAAV
BLANCO + NEGRO,BLANCO + NEGRO,01t4w00000NvM6MAAV
AZUL + NEGRO,AZUL + NEGRO,01t4w00000NvM6NAAV
,BLANCO + NEGRO,01t4w00000NvM6RAAV
,AZUL + NEGRO,01t4w00000NvM6WAAV
VARIOS,VARIOS,01t4w00000NvM6XAAV
,VARIOS,01t4w00000NvM6YAAV
VARIOS,VARIOS,01t4w00000NvM6bAAF
,VARIOS,01t4w00000NvM6cAAF
VARIOS,VARIOS,01t4w00000NvM6dAAF
,VARIOS,01t4w00000NvM6eAAF
BLANCO + NEGRO,BLANCO + NEGRO,01t4w00000NvM6gAAF
,BLANCO + NEGRO,01t4w00000NvM6lAAF
VARIOS,VARIOS,01t4w00000NvM6qAAF
,VARIOS,01t4w00000NvM6rAAF
VARIOS,VARIOS,01t4w00000NvM6vAAF
,VARIOS,01t4w00000NvM6wAAF
BEIGE,BEIGE,01t4w00000NvM70AAF
,GRIS,01t4w00000NvM71AAF
,BEIGE,01t4w00000NvM75AAF
VARIOS,VARIOS,01t4w00000NvM76AAF
GRIS,GRIS,01t4w00000NvM7AAAV
VARIOS,VARIOS,01t4w00000NvM7FAAV
,VARIOS,01t4w00000NvM7KAAV
VARIOS,VARIOS,01t4w00000NvM7PAAV
,VARIOS,01t4w00000NvM7QAAV
,VARIOS,01t4w00000NvM7RAAV
VARIOS,VARIOS,01t4w00000NvM7SAAV
AZUL O AMARILLO,AZUL O AMARILLO,01t4w00000NvM7UAAV
,AZUL O AMARILLO,01t4w00000NvM7ZAAV
,VARIOS,01t4w00000NvM7aAAF
VARIOS,VARIOS,01t4w00000NvM7eAAF
VARIOS,VARIOS,01t4w00000NvM7fAAF
,BLANCO,01t4w00000NvM7gAAF
VARIOS,VARIOS,01t4w00000NvM7jAAF
,VARIOS,01t4w00000NvM7oAAF
,VARIOS,01t4w00000NvM7pAAF
,VARIOS,01t4w00000NvM7qAAF
BLANCO,BLANCO,01t4w00000NvM7tAAF
,BLANCO,01t4w00000NvM7uAAF
BLANCO,BLANCO,01t4w00000NvM7vAAF
AZUL O ROJO,AZUL O ROJO,01t4w00000NvM7yAAF
,AZUL O ROJO,01t4w00000NvM83AAF
MARRON,MARRON,01t4w00000NvM9BAAV
,MARRON,01t4w00000NvM9CAAV
AZUL,AZUL,01t4w00000NvMAeAAN
,AZUL,01t4w00000NvMAjAAN
ACACIA,ACACIA,01t4w00000NvMAoAAN
,ACACIA,01t4w00000NvMApAAN
MARRON,MARRON,01t4w00000NvMAtAAN
,MARRON,01t4w00000NvMAuAAN
,ACACIA,01t4w00000NvMAyAAN
ACACIA,ACACIA,01t4w00000NvMAzAAN
ACACIA,ACACIA,01t4w00000NvMB0AAN
,ACACIA,01t4w00000NvMB1AAN
ACACIA,ACACIA,01t4w00000NvMB3AAN
,ACACIA,01t4w00000NvMB8AAN
ACACIA,ACACIA,01t4w00000NvMB9AAN
ACACIA,ACACIA,01t4w00000NvMBDAA3
,ACACIA,01t4w00000NvMBEAA3
ACACIA,ACACIA,01t4w00000NvMBFAA3
,ACACIA,01t4w00000NvMBGAA3
,ACACIA,01t4w00000NvMBHAA3
ACACIA,ACACIA,01t4w00000NvMBIAA3
,ACACIA,01t4w00000NvMBJAA3
BLANCO + NEGRO,BLANCO + NEGRO,01t4w00000NvMBNAA3
,BLANCO + NEGRO,01t4w00000NvMBSAA3
VARIOS,VARIOS,01t4w00000NvMBTAA3
VARIOS,VARIOS,01t4w00000NvMBUAA3
VARIOS,VARIOS,01t4w00000NvMBVAA3
,VARIOS,01t4w00000NvMBWAA3
VARIOS,VARIOS,01t4w00000NvMBXAA3
,VARIOS,01t4w00000NvMBYAA3
,VARIOS,01t4w00000NvMBZAA3
,ACACIA,01t4w00000NvMBcAAN
ACACIA,ACACIA,01t4w00000NvMBhAAN
,ACACIA,01t4w00000NvMBiAAN
,ACACIA,01t4w00000NvMBjAAN
ACACIA,ACACIA,01t4w00000NvMBkAAN
ACACIA,ACACIA,01t4w00000NvMBmAAN
,VARIOS,01t4w00000NvMBrAAN
,VARIOS,01t4w00000NvMBsAAN
ACACIA,ACACIA,01t4w00000NvMBwAAN
,ACACIA,01t4w00000NvMBxAAN
ACACIA,ACACIA,01t4w00000NvMByAAN
,ACACIA,01t4w00000NvMC1AAN
NEGRO+MULTICOLOR,NEGRO+MULTICOLOR,01t4w00000NvMC6AAN
NATURAL,NATURAL,01t4w00000NvMCBAA3
BLANCO,BLANCO,01t4w00000NvMCCAA3
,BLANCO,01t4w00000NvMCDAA3
GRIS,GRIS,01t4w00000NvMCEAA3
,GRIS,01t4w00000NvMCFAA3
,NEGRO+MULTICOLOR,01t4w00000NvMCGAA3
,NATURAL,01t4w00000NvMCLAA3
,MARRON,01t4w00000NvMCMAA3
MARRON,MARRON,01t4w00000NvMCQAA3
NEGRO+MULTICOLOR,NEGRO+MULTICOLOR,01t4w00000NvMCVAA3
,NEGRO+MULTICOLOR,01t4w00000NvMCaAAN
,NEGRO+MULTICOLOR,01t4w00000NvMCbAAN
VARIOS,VARIOS,01t4w00000NvMCfAAN
NEGRO,NEGRO,01t4w00000NvMCgAAN
ACACIA,ACACIA,01t4w00000NvMCkAAN
,NEGRO,01t4w00000NvMCpAAN
,VARIOS,01t4w00000NvMCqAAN
VARIOS,VARIOS,01t4w00000NvMCuAAN
,ACACIA,01t4w00000NvMCzAAN
ACACIA,ACACIA,01t4w00000NvMD0AAN
ACACIA,ACACIA,01t4w00000NvMD1AAN
ACACIA,ACACIA,01t4w00000NvMD4AAN
,ACACIA,01t4w00000NvMD5AAN
NEGRO,NEGRO,01t4w00000NvMD9AAN
,NEGRO,01t4w00000NvMDAAA3
ACACIA,ACACIA,01t4w00000NvMDEAA3
,ACACIA,01t4w00000NvMDJAA3
,ACACIA,01t4w00000NvMDKAA3
NEGRO+MULTICOLOR,NEGRO+MULTICOLOR,01t4w00000NvMDOAA3
,NEGRO+MULTICOLOR,01t4w00000NvMDPAA3
NEGRO+MULTICOLOR,NEGRO+MULTICOLOR,01t4w00000NvMDTAA3
,NEGRO+MULTICOLOR,01t4w00000NvMDUAA3
AZUL + BLANCO,AZUL + BLANCO,01t4w00000NvMDYAA3
,AZUL + BLANCO,01t4w00000NvMDZAA3
,VARIOS,01t4w00000NvMDaAAN
,ACACIA,01t4w00000NvMDdAAN
NEGRO+MULTICOLOR,NEGRO+MULTICOLOR,01t4w00000NvMDiAAN
ACACIA,ACACIA,01t4w00000NvMDnAAN
,ACACIA,01t4w00000NvMDoAAN
,ACACIA,01t4w00000NvMDsAAN
ACACIA,ACACIA,01t4w00000NvMDtAAN
ACACIA,ACACIA,01t4w00000NvMDxAAN
NEGRO,NEGRO,01t4w00000NvME2AAN
,NEGRO,01t4w00000NvME7AAN
,ACACIA,01t4w00000NvMECAA3
,ACACIA,01t4w00000NvMEDAA3
,ACACIA,01t4w00000NvMEEAA3
VARIOS,VARIOS,01t4w00000NvMEHAA3
NEGRO,NEGRO,01t4w00000NvMEIAA3
,NEGRO,01t4w00000NvMEJAA3
ACACIA,ACACIA,01t4w00000NvMEMAA3
,ACACIA,01t4w00000NvMENAA3
,ACACIA,01t4w00000NvMEOAA3
,EUCALYPTUS,01t4w00000NvMEPAA3
ACACIA,ACACIA,01t4w00000NvMERAA3
,ACACIA,01t4w00000NvMESAA3
ACACIA,ACACIA,01t4w00000NvMEWAA3
ACACIA,ACACIA,01t4w00000NvMEbAAN
,ACACIA,01t4w00000NvMEcAAN
ACACIA,ACACIA,01t4w00000NvMEgAAN
,ACACIA,01t4w00000NvMElAAN
ACACIA,ACACIA,01t4w00000NvMEmAAN
ACACIA,ACACIA,01t4w00000NvMEnAAN
,ACACIA,01t4w00000NvMEoAAN
ACACIA,ACACIA,01t4w00000NvMEqAAN
ACACIA + ROPE,ACACIA + ROPE,01t4w00000NvMErAAN
,ACACIA + ROPE,01t4w00000NvMEsAAN
,ACACIA,01t4w00000NvMEvAAN
ACACIA,ACACIA,01t4w00000NvMEwAAN
,ACACIA,01t4w00000NvMF0AAN
EUCALYPTUS,EUCALYPTUS,01t4w00000NvMF1AAN
BEIGE,BEIGE,01t4w00000NvMI0AAN
,BEIGE,01t4w00000NvMI1AAN
MADERA,MADERA,01t4w00000NvMI5AAN
,MADERA,01t4w00000NvMI6AAN
MADERA,MADERA,01t4w00000NvMIAAA3
,MADERA,01t4w00000NvMIFAA3
ACACIA,ACACIA,01t4w00000NvMIKAA3
GREY,GREY,01t4w00000NvMIPAA3
,GREY,01t4w00000NvMIQAA3
,ACACIA,01t4w00000NvMIUAA3
NEGRO,NEGRO,01t4w00000NvMPKAA3
NEGRO,NEGRO,01t4w00000NvMPLAA3
,NEGRO,01t4w00000NvMPMAA3
,NEGRO,01t4w00000NvMPNAA3
,NEGRO,01t4w00000NvMPPAA3
,NEGRO,01t4w00000NvMPUAA3
NEGRO,NEGRO,01t4w00000NvMPVAA3
NEGRO,NEGRO,01t4w00000NvMPZAA3
,NEGRO,01t4w00000NvMPaAAN
ROJO,ROJO,01t4w00000NvMPeAAN
,ROJO,01t4w00000NvMPfAAN
NEGRO,NEGRO,01t4w00000NvMPjAAN
NEGRO,NEGRO,01t4w00000NvMPoAAN
NEGRO,NEGRO,01t4w00000NvMPpAAN
,NEGRO,01t4w00000NvMPqAAN
,NEGRO,01t4w00000NvMPrAAN
,NEGRO,01t4w00000NvMPtAAN
NEGRO,NEGRO,01t4w00000NvMPuAAN
,NEGRO,01t4w00000NvMPvAAN
,NEGRO,01t4w00000NvMPwAAN
NEGRO,NEGRO,01t4w00000NvMPyAAN
,NEGRO,01t4w00000NvMPzAAN
NEGRO,NEGRO,01t4w00000NvMQ3AAN
NEGRO,NEGRO,01t4w00000NvMQ4AAN
,NEGRO,01t4w00000NvMQ8AAN
NEGRO,NEGRO,01t4w00000NvMQ9AAN
NEGRO,NEGRO,01t4w00000NvMQAAA3
,NEGRO,01t4w00000NvMQBAA3
BLANCO / GRIS / VERDE,BLANCO / GRIS / VERDE,01t4w00000NvMTSAA3
,BLANCO / GRIS / VERDE,01t4w00000NvMTXAA3
NEGRO,NEGRO,01t4w00000NvMTcAAN
,NEGRO,01t4w00000NvMThAAN
NEGRO,NEGRO,01t4w00000NvMTmAAN
,NEGRO,01t4w00000NvMTrAAN
NEGRO,NEGRO,01t4w00000NvMTsAAN
,NEGRO,01t4w00000NvMTtAAN
,NEGRO,01t4w00000NvMTuAAN
NEGRO,NEGRO,01t4w00000NvMTwAAN
NEGRO,NEGRO,01t4w00000NvMTxAAN
,NEGRO,01t4w00000NvMU1AAN
,NEGRO,01t4w00000NvMU2AAN
,NEGRO,01t4w00000NvMU3AAN
NEGRO,NEGRO,01t4w00000NvMU6AAN
NEGRO,NEGRO,01t4w00000NvMU7AAN
NEGRO,NEGRO,01t4w00000NvMUBAA3
,NEGRO,01t4w00000NvMUGAA3
,NEGRO,01t4w00000NvMULAA3
NEGRO,NEGRO,01t4w00000NvMUQAA3
NEGRO,NEGRO,01t4w00000NvMURAA3
,NEGRO,01t4w00000NvMUVAA3
NEGRO,NEGRO,01t4w00000NvMUWAA3
,NEGRO,01t4w00000NvMUaAAN
NEGRO,NEGRO,01t4w00000NvMUbAAN
NEGRO,NEGRO,01t4w00000NvMUcAAN
,NEGRO,01t4w00000NvMUfAAN
NEGRO,NEGRO,01t4w00000NvMUgAAN
,NEGRO,01t4w00000NvMUkAAN
,NEGRO,01t4w00000NvMUpAAN
VARIOS,VARIOS,01t4w00000NvMUqAAN
,BLANCO,01t4w00000NvMUrAAN
,VARIOS,01t4w00000NvMUuAAN
BLANCO,BLANCO,01t4w00000NvMUvAAN
NEGRO,NEGRO,01t4w00000NvMaFAAV
NEGRO,NEGRO,01t4w00000NvMaGAAV
,NEGRO,01t4w00000NvMaKAAV
NEGRO,NEGRO,01t4w00000NvMaLAAV
,NEGRO,01t4w00000NvMaMAAV
,NEGRO,01t4w00000NvMaPAAV
,NEGRO,01t4w00000NvMaQAAV
NEGRO,NEGRO,01t4w00000NvMaUAAV
,NEGRO,01t4w00000NvMaVAAV
NEGRO,NEGRO,01t4w00000NvMaZAAV
VARIOS,VARIOS,01t4w00000NvMajAAF
,VARIOS,01t4w00000NvMakAAF
,NEGRO,01t4w00000NvMalAAF
NEGRO,NEGRO,01t4w00000NvMamAAF
NEGRO + ROJO,NEGRO + ROJO,01t4w00000NvMaoAAF
,NEGRO + ROJO,01t4w00000NvMatAAF
NEGRO / NEGRO + ROJO,NEGRO / NEGRO + ROJO,01t4w00000NvMayAAF
,NEGRO / NEGRO + ROJO,01t4w00000NvMazAAF
,NEGRO,01t4w00000NvMb0AAF
NEGRO,NEGRO,01t4w00000NvMb3AAF
,NEGRO,01t4w00000NvMb4AAF
,NEGRO,01t4w00000NvMb8AAF
NEGRO,NEGRO,01t4w00000NvMbDAAV
NEGRO,NEGRO,01t4w00000NvMbEAAV
NEGRO,NEGRO,01t4w00000NvMbFAAV
,NEGRO,01t4w00000NvMbIAAV
NEGRO,NEGRO,01t4w00000NvMbNAAV
NEGRO,NEGRO,01t4w00000NvMbOAAV
,NEGRO,01t4w00000NvMbSAAV
,NEGRO,01t4w00000NvMbTAAV
,NEGRO,01t4w00000NvMbUAAV
NEGRO / ROJO,NEGRO / ROJO,01t4w00000NvMbXAAV
,NEGRO / ROJO,01t4w00000NvMbcAAF
NEGRO,NEGRO,01t4w00000NvMbhAAF
PLATA,PLATA,01t4w00000NvMbmAAF
,NEGRO,01t4w00000NvMbnAAF
,PLATA,01t4w00000NvMbrAAF
,NEGRO,01t4w00000NvMbsAAF
,NEGRO,01t4w00000NvMbtAAF
NEGRO,NEGRO,01t4w00000NvMbwAAF
NEGRO,NEGRO,01t4w00000NvMc1AAF
,NEGRO,01t4w00000NvMc6AAF
NEGRO,NEGRO,01t4w00000NvMcBAAV
NEGRO,NEGRO,01t4w00000NvMcGAAV
,NEGRO,01t4w00000NvMcLAAV
NEGRO,NEGRO,01t4w00000NvMcQAAV
,NEGRO,01t4w00000NvMcRAAV
NEGRO,NEGRO,01t4w00000NvMcVAAV
NEGRO,NEGRO,01t4w00000NvMcaAAF
,NEGRO,01t4w00000NvMcbAAF
VARIOS,VARIOS,01t4w00000NvMffAAF
,VARIOS,01t4w00000NvMfgAAF
NEGRO,NEGRO,01t4w00000NvMfkAAF
,NEGRO,01t4w00000NvMflAAF
NEGRO,NEGRO,01t4w00000NvMfmAAF
,NEGRO,01t4w00000NvMfnAAF
,NEGRO,01t4w00000NvMfwAAF
NEGRO,NEGRO,01t4w00000NvMfxAAF
NEGRO,NEGRO,01t4w00000NvMfyAAF
,NEGRO,01t4w00000NvMfzAAF
,NEGRO,01t4w00000NvMg0AAF
NEGRO,NEGRO,01t4w00000NvMg1AAF
,NEGRO,01t4w00000NvMg6AAF
,NEGRO,01t4w00000NvMg7AAF
,NEGRO,01t4w00000NvMg8AAF
NEGRO,NEGRO,01t4w00000NvMgBAAV
,NEGRO,01t4w00000NvMgCAAV
,NEGRO,01t4w00000NvMgGAAV
NEGRO,NEGRO,01t4w00000NvMgLAAV
,NEGRO,01t4w00000NvMgMAAV
NEGRO O ROJO,NEGRO O ROJO,01t4w00000NvMgNAAV
,NEGRO O ROJO,01t4w00000NvMgOAAV
ROJO O VERDE,ROJO O VERDE,01t4w00000NvMgPAAV
NEGRO,NEGRO,01t4w00000NvMgQAAV
NEGRO + NATURAL,NEGRO + NATURAL,01t4w00000NvMgRAAV
,NEGRO,01t4w00000NvMgVAAV
NEGRO,NEGRO,01t4w00000NvMgWAAV
,NEGRO,01t4w00000NvMgXAAV
,NEGRO,01t4w00000NvMgaAAF
NEGRO,NEGRO,01t4w00000NvMgbAAF
VARIOS,VARIOS,01t4w00000NvMgcAAF
NEGRO,NEGRO,01t4w00000NvMgfAAF
,NEGRO,01t4w00000NvMgkAAF
NEGRO,NEGRO,01t4w00000NvMgpAAF
,NEGRO,01t4w00000NvMgqAAF
NEGRO,NEGRO,01t4w00000NvMguAAF
,VARIOS,01t4w00000NvMgzAAF
NEGRO,NEGRO,01t4w00000NvMh0AAF
,NEGRO,01t4w00000NvMh1AAF
NEGRO,NEGRO,01t4w00000NvMh2AAF
,NEGRO + NATURAL,01t4w00000NvMh4AAF
NEGRO,NEGRO,01t4w00000NvMh9AAF
,NEGRO,01t4w00000NvMhAAAV
NEGRO,NEGRO,01t4w00000NvMhEAAV
NEGRO,NEGRO,01t4w00000NvMhJAAV
NEGRO+ROJO,NEGRO+ROJO,01t4w00000NvMhKAAV
NEGRO,NEGRO,01t4w00000NvMhOAAV
,NEGRO,01t4w00000NvMhPAAV
,ROJO O VERDE,01t4w00000NvMhQAAV
NEGRO,NEGRO,01t4w00000NvMhTAAV
NEGRO + ROJO,NEGRO + ROJO,01t4w00000NvMhUAAV
,NEGRO + ROJO,01t4w00000NvMhVAAV
,NEGRO+ROJO,01t4w00000NvMhYAAV
,NEGRO,01t4w00000NvMhdAAF
,NEGRO,01t4w00000NvMheAAF
NEGRO,NEGRO,01t4w00000NvMhiAAF
,MADERA CLARA + NEGRO,01t4w00000NvMi2AAF
VARIOS,VARIOS,01t4w00000NvMiCAAV
BLANCO,BLANCO,01t4w00000NvMrWAAV
,BLANCO,01t4w00000NvMrXAAV
AZUL,AZUL,01t4w00000NvMrbAAF
,AZUL,01t4w00000NvMrcAAF
BLACK,BLACK,01t4w00000NvMrgAAF
,BLACK,01t4w00000NvMrhAAF
NATURAL,NATURAL,01t4w00000NvMrlAAF
,NATURAL,01t4w00000NvMrmAAF
VARIOS,VARIOS,01t4w00000NvMrqAAF
,VARIOS,01t4w00000NvMrrAAF
BROWN,BROWN,01t4w00000NvMrvAAF
,BROWN,01t4w00000NvMrwAAF
GRIS,GRIS,01t4w00000NvMs0AAF
,GRIS,01t4w00000NvMs1AAF
GRIS OXFORD,GRIS OXFORD,01t4w00000NvMs5AAF
,GRIS OXFORD,01t4w00000NvMs6AAF
MARRON,MARRON,01t4w00000NvMsAAAV
,MARRON,01t4w00000NvMsBAAV
NATURAL + NEGRO,NATURAL + NEGRO,01t4w00000NvMsFAAV
,NATURAL + NEGRO,01t4w00000NvMsGAAV
NATURAL + NEGRO,NATURAL + NEGRO,01t4w00000NvMsKAAV
,NATURAL + NEGRO,01t4w00000NvMsLAAV
NATURAL + BLANCO,NATURAL + BLANCO,01t4w00000NvMsPAAV
NATURAL + BLANCO,NATURAL + BLANCO,01t4w00000NvMsUAAV
BLANCO + NATURAL,BLANCO + NATURAL,01t4w00000NvMsZAAV
,BLANCO + NATURAL,01t4w00000NvMsaAAF
NATURAL,NATURAL,01t4w00000NvMseAAF
,NATURAL,01t4w00000NvMsfAAF
CAFE+NEGRO,CAFE+NEGRO,01t4w00000NvMsjAAF
,CAFE+NEGRO,01t4w00000NvMskAAF
SILVER,SILVER,01t4w00000NvMstAAF
,SILVER,01t4w00000NvMsuAAF
GRIS Y MADERA,GRIS Y MADERA,01t4w00000NvMsyAAF
,GRIS Y MADERA,01t4w00000NvMszAAF
GRIS + NEGRO,GRIS + NEGRO,01t4w00000NvMt3AAF
,GRIS + NEGRO,01t4w00000NvMt4AAF
GRIS,GRIS,01t4w00000NvMt8AAF
,GRIS,01t4w00000NvMt9AAF
VARIOS,VARIOS,01t4w00000NvMtDAAV
,VARIOS,01t4w00000NvMtEAAV
BLANCO+NATURAL,BLANCO+NATURAL,01t4w00000NvMtIAAV
,BLANCO+NATURAL,01t4w00000NvMtJAAV
NEGRO Y MADERA NATURAL,NEGRO Y MADERA NATURAL,01t4w00000NvMtNAAV
,NEGRO Y MADERA NATURAL,01t4w00000NvMtOAAV
NEGRO,NEGRO,01t4w00000NvMtSAAV
,NEGRO,01t4w00000NvMtTAAV
NATURAL+NEGRO,NATURAL+NEGRO,01t4w00000NvMtXAAV
,NATURAL+NEGRO,01t4w00000NvMtYAAV
NEGRO,NEGRO,01t4w00000NvMtcAAF
,NEGRO,01t4w00000NvMtdAAF
VARIOS,VARIOS,01t4w00000NvMthAAF
,VARIOS,01t4w00000NvMtiAAF
GRIS,GRIS,01t4w00000NvMtmAAF
,GRIS,01t4w00000NvMtnAAF
NATURAL+NEGRO,NATURAL+NEGRO,01t4w00000NvMtrAAF
,NATURAL+NEGRO,01t4w00000NvMtsAAF
MADERA + NEGRO,MADERA + NEGRO,01t4w00000NvMtwAAF
,MADERA + NEGRO,01t4w00000NvMtxAAF
BEIGE,BEIGE,01t4w00000NvMu1AAF
MARRON,BEIGE,01t4w00000NvMu2AAF
BLANCO + NATURAL,BLANCO + NATURAL,01t4w00000NvMu6AAF
,BLANCO + NATURAL,01t4w00000NvMu7AAF
NEGRO,NEGRO,01t4w00000NvMuBAAV
,NEGRO,01t4w00000NvMuCAAV
,NATURAL + BLANCO,01t4w00000NvMuGAAV
,NATURAL + BLANCO,01t4w00000NvMuLAAV
ROSA,ROSA,01t4w00000NvMuVAAV
,VARIOS,01t4w00000NvMuWAAV
GRIS,GRIS,01t4w00000NvMuXAAV
,ROSA,01t4w00000NvMuaAAF
VARIOS,VARIOS,01t4w00000NvMufAAF
BLANCO + NATURAL,BLANCO + NATURAL,01t4w00000NvMugAAF
,BLANCO + NATURAL,01t4w00000NvMuhAAF
,GRIS,01t4w00000NvMukAAF
GRIS,GRIS,01t4w00000NvMupAAF
,GRIS,01t4w00000NvMuuAAF
,GRIS,01t4w00000NvMuvAAF
GRIS,GRIS,01t4w00000NvMuzAAF
GRIS,GRIS,01t4w00000NvMv0AAF
GRIS,GRIS,01t4w00000NvMv4AAF
,GRIS,01t4w00000NvMv5AAF
GRIS,GRIS,01t4w00000NvMv6AAF
,GRIS,01t4w00000NvMv7AAF
GRIS,GRIS,01t4w00000NvMv9AAF
,GRIS,01t4w00000NvMvEAAV
,GRIS,01t4w00000NvMvKAAV
GRIS,GRIS,01t4w00000NvMvOAAV
MADERA,MADERA,01t4w00000NvMvTAAV
,MADERA,01t4w00000NvMvYAAV
MARRON,MARRON,01t4w00000NvMvZAAV
,MARRON,01t4w00000NvMvaAAF
,GRIS,01t4w00000NvMvdAAF
MARRON,MARRON,01t4w00000NvMviAAF
NEGRO,NEGRO,01t4w00000NvMvjAAF
,NEGRO,01t4w00000NvMvkAAF
,MARRON,01t4w00000NvMvnAAF
BLANCO + NATURAL,BLANCO + NATURAL,01t4w00000NvMvsAAF
,NATURAL + NEGRO,01t4w00000NvMvtAAF
,BLANCO + NATURAL,01t4w00000NvMvxAAF
NATURAL + NEGRO,NATURAL + NEGRO,01t4w00000NvMw2AAF
,VARIOS,01t4w00000NvMw7AAF
BEIGE,BEIGE,01t4w00000NvMwCAAV
,BEIGE,01t4w00000NvMwHAAV
GREY,GREY,01t4w00000NvMwMAAV
,GREY,01t4w00000NvMwRAAV
NEGRO + MADERA,NEGRO + MADERA,01t4w00000NvN05AAF
,NEGRO + MADERA,01t4w00000NvN06AAF
,MARRON,01t4w00000NvN07AAF
MARRON,MARRON,01t4w00000NvN08AAF
MARRON,MARRON,01t4w00000NvN0AAAV
NEGRO,NEGRO,01t4w00000NvN0BAAV
GRIS,GRIS,01t4w00000NvN0CAAV
,GRIS,01t4w00000NvN0DAAV
NEGRO,NEGRO,01t4w00000NvN0FAAV
,NEGRO,01t4w00000NvN0GAAV
,MARRON,01t4w00000NvN0KAAV
,NEGRO,01t4w00000NvN0PAAV
BLACK,BLACK,01t4w00000NvN0UAAV
,BLACK,01t4w00000NvN0ZAAV
NEGRO,NEGRO,01t4w00000NvN0aAAF
,NEGRO,01t4w00000NvN0bAAF
BLACK,BLACK,01t4w00000NvN0eAAF
,BLACK,01t4w00000NvN0jAAF
BLACK,BLACK,01t4w00000NvN0oAAF
,BLACK,01t4w00000NvN0pAAF
GREY,GREY,01t4w00000NvN0tAAF
,GREY,01t4w00000NvN0yAAF
NEGRO,NEGRO,01t4w00000NvN3yAAF
,NEGRO,01t4w00000NvN3zAAF
NEGRO+BEIGE,NEGRO+BEIGE,01t4w00000NvN43AAF
,NEGRO+BEIGE,01t4w00000NvN48AAF
,VARIOS,01t4w00000NvN4cAAF
,BLANCO + NATURAL,01t4w00000NvN4hAAF
,NATURAL+NEGRO,01t4w00000NvN4iAAF
,GRIS+NATURAL,01t4w00000NvN4jAAF
,BLANCO + NATURAL,01t4w00000NvN4mAAF
,BLANCO + NATURAL,01t4w00000NvN4rAAF
,BLANCO + NATURAL,01t4w00000NvN4sAAF
,VARIOS,01t4w00000NvN4wAAF
,NATURAL + NEGRO,01t4w00000NvN51AAF
,BLANCO+NATURAL,01t4w00000NvN52AAF
,NEGRO Y MADERA NATURAL,01t4w00000NvN53AAF
,MADERA + NEGRO,01t4w00000NvN54AAF
,NATURAL + NEGRO,01t4w00000NvN56AAF
,NATURAL,01t4w00000NvN57AAF
,GRIS + NEGRO,01t4w00000NvN58AAF
,GRIS,01t4w00000NvN5BAAV
,BEIGE,01t4w00000NvN5CAAV
,MADERA + GRIS,01t4w00000NvN5EAAV
,GRIS Y MADERA,01t4w00000NvN5RAAV
,CAFE+NEGRO,01t4w00000NvN5WAAV
,GRIS OXFORD,01t4w00000NvN5XAAV
,MARRON,01t4w00000NvN5bAAF
,BLACK,01t4w00000NvN5gAAF
,SILVER,01t4w00000NvN5lAAF
ACACIA,ACACIA,01t4w00000NvN68AAF
,ACACIA,01t4w00000NvN69AAF
NEGRO,NEGRO,01t4w00000NvN9EAAV
,NEGRO,01t4w00000NvN9JAAV
,MADERA,01t4w00000NvN9OAAV
NEGRO,NEGRO,01t4w00000NvN9TAAV
,NEGRO,01t4w00000NvN9YAAV
,BEIGE,01t4w00000NvNCYAA3
,BLANCO,01t4w00000NvNCdAAN
,NEGRO,01t4w00000NvNCiAAN
,NEGRO,01t4w00000NvNCnAAN
,AZUL,01t4w00000NvNCxAAN
NEGRO,NEGRO,01t4w00000NvND2AAN
,NEGRO,01t4w00000NvND7AAN
,NEGRO,01t4w00000NvND8AAN
NEGRO,NEGRO,01t4w00000NvNDCAA3
,NEGRO,01t4w00000NvNDDAA3
NEGRO,NEGRO,01t4w00000NvNDHAA3
NEGRO,NEGRO,01t4w00000NvNDIAA3
,NEGRO,01t4w00000NvNDMAA3
NEGRO,NEGRO,01t4w00000NvNOgAAN
,NEGRO,01t4w00000NvNOhAAN
AZUL,AZUL,01t4w00000NvNOlAAN
WHITE,WHITE,01t4w00000NvNOqAAN
,WHITE,01t4w00000NvNOrAAN
WHITE,WHITE,01t4w00000NvNOvAAN
,WHITE,01t4w00000NvNOwAAN
,AZUL,01t4w00000NvNTIAA3
,NEGRO,01t4w00000NvNXRAA3
,BLACK,01t4w00000NvNXWAA3
VARIOS,VARIOS,01t4w00000NvNaWAAV
,VARIOS,01t4w00000NvNabAAF
,NEGRO,01t4w00000NvQ57AAF
,VARIOS,01t4w00000NvQb6AAF
BLANCO / CAFE OSCURO / NEGRO,BLANCO / CAFE OSCURO / NEGRO,01t4w00000NvQbBAAV
,BLANCO / CAFE OSCURO / NEGRO,01t4w00000NvQbCAAV
,NEGRO,01t4w00000NvQbGAAV
MARRON,MARRON,01t4w00000NvQbLAAV
,MARRON,01t4w00000NvQbMAAV
,MARRON,01t4w00000NvQbNAAV
MARRON,MARRON,01t4w00000NvQbOAAV
,MARRON,01t4w00000NvQbPAAV
MARRON,MARRON,01t4w00000NvQbQAAV
,MARRON,01t4w00000NvQbRAAV
MARRON,MARRON,01t4w00000NvQbSAAV
MARRON,MARRON,01t4w00000NvQbVAAV
,MARRON,01t4w00000NvQbWAAV
MARRON,MARRON,01t4w00000NvQbXAAV
,MARRON,01t4w00000NvQbYAAV
MARRON,MARRON,01t4w00000NvQbaAAF
,MARRON,01t4w00000NvQbbAAF
NEGRO,NEGRO,01t4w00000NvQbcAAF
,NEGRO,01t4w00000NvQbdAAF
,MARRON,01t4w00000NvQbeAAF
MARRON,MARRON,01t4w00000NvQbfAAF
VARIOS,VARIOS,01t4w00000NvQc9AAF
,VARIOS,01t4w00000NvQcEAAV
VARIOS,VARIOS,01t4w00000NvQcJAAV
,VARIOS,01t4w00000NvQcKAAV
VARIOS,VARIOS,01t4w00000NvQcOAAV
,VARIOS,01t4w00000NvQcTAAV
NEGRO+BEIGE,NEGRO+BEIGE,01t4w00000PWtrOAAT
,NEGRO+BEIGE,01t4w00000PWtrPAAT
ACACIA,ACACIA,01t4w00000PWtrTAAT
,ACACIA,01t4w00000PWtrUAAT
BLACK+GREY,BLACK+GREY,01t4w00000PWtrdAAD
,BLACK+GREY,01t4w00000PWtreAAD
NEGRO + MARRON,NEGRO + MARRON,01t4w00000PWtriAAD
,NEGRO + MARRON,01t4w00000PWtrjAAD
NEGRO,NEGRO,01t4w00000PWts6AAD
,NEGRO,01t4w00000PWts7AAD
VERDE,VERDE,01t4w00000PWtsUAAT
,VERDE,01t4w00000PWtsVAAT
ACACIA,ACACIA,01t4w00000PWtsqAAD
,ACACIA,01t4w00000PWtsrAAD
ACACIA,ACACIA,01t4w00000PWtt0AAD
,ACACIA,01t4w00000PWtt1AAD
ACACIA,ACACIA,01t4w00000PWttAAAT
,ACACIA,01t4w00000PWttBAAT
WHITE,WHITE,01t4w00000PWttFAAT
,WHITE,01t4w00000PWttGAAT
NEGRO + MARRON,NEGRO + MARRON,01t4w00000PWttdAAD
,NEGRO + MARRON,01t4w00000PWtteAAD
CAFÉ,CAFÉ,01t4w00000PWy39AAD
,CAFÉ,01t4w00000PWy3AAAT
CAFÉ + MADERA,CAFÉ + MADERA,01t4w00000PWy3EAAT
,CAFÉ + MADERA,01t4w00000PWy3FAAT
MADERA,MADERA,01t4w00000PWy3JAAT
,MADERA,01t4w00000PWy3KAAT
GREEN,GREEN,01t4w00000PX0woAAD
,GREEN,01t4w00000PX0wtAAD
NEGRO+BEIGE,NEGRO+BEIGE,01t4w00000PX0wyAAD
,NEGRO+BEIGE,01t4w00000PX0wzAAD
GRIS,GRIS,01t4w00000PX0x3AAD
,GRIS,01t4w00000PX0x4AAD
GRIS,GRIS,01t4w00000PX0x8AAD
,GRIS,01t4w00000PX0x9AAD
NEGRO+BEIGE,NEGRO+BEIGE,01t4w00000PX0xDAAT
,NEGRO+BEIGE,01t4w00000PX0xEAAT
VARIOS,VARIOS,01t4w00000PX1j8AAD
,VARIOS,01t4w00000PX1jDAAT
,BLANCO,01t4w00000PX1jIAAT
,MARRON,01t4w00000PX1kgAAD
MARRON,MARRON,01t4w00000PX1kqAAD
,MARRON,01t4w00000PX1kvAAD
MARRON,MARRON,01t4w00000PX1l0AAD
,MARRON,01t4w00000PX1l1AAD
MARRON,MARRON,01t4w00000PX1m0AAD
,MARRON,01t4w00000PX1m5AAD
MARRON,MARRON,01t4w00000PX1mAAAT
,MARRON,01t4w00000PX1mKAAT
MARRON,MARRON,01t4w00000PX1mLAAT
,MARRON,01t4w00000PX1mMAAT
MARRON,MARRON,01t4w00000PX1mNAAT
,MARRON,01t4w00000PX1mOAAT
,MARRON,01t4w00000PX1mPAAT
MARRON,MARRON,01t4w00000PX1mUAAT
MARRON,MARRON,01t4w00000PX1mVAAT
,MARRON,01t4w00000PX1mWAAT
,MARRON,01t4w00000PX1mXAAT
,MARRON,01t4w00000PX1mYAAT
MARRON,MARRON,01t4w00000PX1mZAAT
VERDE,VERDE,01t4w00000PX1maAAD
MARRON,MARRON,01t4w00000PX1meAAD
,VERDE,01t4w00000PX1mfAAD
BLANCO,BLANCO,01t4w00000PX1mgAAD
,MARRON,01t4w00000PX1mjAAD
MARRON,MARRON,01t4w00000PX1mkAAD
VERDE,VERDE,01t4w00000PX1mlAAD
VARIOS,VARIOS,01t4w00000PX1mmAAD
BLANCO,BLANCO,01t4w00000PX1mnAAD
,VERDE,01t4w00000PX1moAAD
,BLANCO,01t4w00000PX1mpAAD
,BLANCO,01t4w00000PX1mqAAD
BLANCO,BLANCO,01t4w00000PX1mtAAD
,VARIOS,01t4w00000PX1muAAD
,BLANCO,01t4w00000PX1myAAD
BLANCO,BLANCO,01t4w00000PX2DnAAL
MARRON O BLANCO,MARRON O BLANCO,01t4w00000PX2DoAAL
,BLANCO,01t4w00000PX2EGAA1
,MARRON O BLANCO,01t4w00000PX2GnAAL
MARRON,MARRON,01t4w00000PX2GsAAL
,MARRON,01t4w00000PX2GxAAL
BLANCO,BLANCO,01t4w00000PX2H2AAL
,BLANCO,01t4w00000PX2H3AAL
MARRON,MARRON,01t4w00000PX2HCAA1
,BLANCO,01t4w00000PX2HDAA1
,MARRON,01t4w00000PX2HHAA1
BLANCO,BLANCO,01t4w00000PX2HMAA1
BLANCA,BLANCA,01t4w00000PX2HRAA1
,BLANCA,01t4w00000PX2HWAA1
,BLANCO,01t4w00000PX2HbAAL
BLANCO O NEGRO,BLANCO O NEGRO,01t4w00000PX2HgAAL
,BLANCO O NEGRO,01t4w00000PX2HlAAL
,BLANCO,01t4w00000PX2HmAAL
BLANCO,BLANCO,01t4w00000PX2HqAAL
WARM GREY,WARM GREY,01t4w00000PX2yjAAD
BLANCO,WARM GREY,01t4w00000PX2ykAAD
BLANCO,BLANCO,01t4w00000PX2yoAAD
,BLANCO,01t4w00000PX2ypAAD
BLANCO,BLANCO,01t4w00000PX2ytAAD
BLANCO,BLANCO,01t4w00000PX2yuAAD
BLANCO,BLANCO,01t4w00000PX2yyAAD
BLANCO,BLANCO,01t4w00000PX2yzAAD
,NEGRO,01t4w00000PX4QHAA1
,VARIOS,01t4w00000PX4QIAA1
AZUL,AZUL,01t4w00000PX4QMAA1
,AZUL,01t4w00000PX4QNAA1
VARIOS,VARIOS,01t4w00000PX4QRAA1
,VARIOS,01t4w00000PX4QSAA1
BLANCO+NATURAL,BLANCO+NATURAL,01t4w00000PX4uaAAD
,BLANCO+NATURAL,01t4w00000PX4ubAAD
NEGRO Y MADERA NATURAL,NEGRO Y MADERA NATURAL,01t4w00000PX4ufAAD
,NEGRO Y MADERA NATURAL,01t4w00000PX4ugAAD
GRIS+NEGRO,GRIS+NEGRO,01t4w00000PX4ukAAD
,GRIS+NEGRO,01t4w00000PX4ulAAD
GRIS,GRIS,01t4w00000PX4upAAD
,GRIS,01t4w00000PX4uqAAD
MARRON,MARRON,01t4w00000PX4uuAAD
,MARRON,01t4w00000PX4uvAAD
MARRON,MARRON,01t4w00000PX4uzAAD
,MARRON,01t4w00000PX4v0AAD
VARIOS,VARIOS,01t4w00000PX4v4AAD
,VARIOS,01t4w00000PX4v5AAD
VARIOS,VARIOS,01t4w00000PX4v9AAD
,VARIOS,01t4w00000PX4vAAAT
GRIS,GRIS,01t4w00000PX4vEAAT
,GRIS,01t4w00000PX4vFAAT
BLACK,BLACK,01t4w00000PX4vJAAT
,BLACK,01t4w00000PX4vKAAT
,BLANCO,01t4w00000PX5PmAAL
,BLANCO,01t4w00000PX5PnAAL
,BLANCO,01t4w00000PX5PrAAL
,WARM GREY,01t4w00000PX5PwAAL
,BLANCO,01t4w00000PX5PxAAL
,BLANCO,01t4w00000PX5Q1AAL
,BLANCO,01t4w00000PX5Q2AAL
,GRIS,01t4w00000PX5rDAAT
,BLANCO+NATURAL,01t4w00000PX5rEAAT
,GRIS+NEGRO,01t4w00000PX5rGAAT
,GRIS,01t4w00000PX5rLAAT
BLUE,BLUE,01tVT000000KbeXYAS
,BLUE,01tVT000000Kc5xYAC
,AZUL,01tVT000000Pz1xYAC
AZUL,AZUL,01tVT000000Q2REYA0
,AZUL,01tVT000000Q3GoYAK
AZUL,AZUL,01tVT000000Q3S5YAK
,BLANCO + NEGRO + MADERA,01tVT000000Q3VLYA0
ROJO,ROJO,01tVT000000Q3rtYAC
,ROJO,01tVT000000Q3v7YAC
BLANCO + NEGRO + MADERA,BLANCO + NEGRO + MADERA,01tVT000000Q4WDYA0
NARANJA,NARANJA,01tVT000000Q5AYYA0
,NARANJA,01tVT000000Q5LpYAK
,BEIGE,01tVT000000Q5NTYA0
NEGRO + BEIGE,NEGRO + BEIGE,01tVT000000Q5X8YAK
GRIS,GRIS,01tVT000000Q5YjYAK
,GRIS,01tVT000000Q5aLYAS
BEIGE,BEIGE,01tVT000000Q63NYAS
,NEGRO + BEIGE,01tVT000000Q6MjYAK
,MULTIPLE COLORS,01tVT000000UBXWYA4
MULTIPLE COLORS,MULTIPLE COLORS,01tVT000000UBxKYAW
MULTIPLE COLORS,MULTIPLE COLORS,01tVT000000UCerYAG
,MULTIPLE COLORS,01tVT000000UCq9YAG
VARIOS,VARIOS,01tVT000000UCtOYAW
MULTIPLE COLORS,MULTIPLE COLORS,01tVT000000UD6IYAW
VARIOS,VARIOS,01tVT000000UDJCYA4
,MULTIPLE COLORS,01tVT000000UDuHYAW
,VARIOS,01tVT000000UE8nYAG
,VARIOS,01tVT000000UEITYA4
VARIOS,VARIOS,01tVT000000UES9YAO
,VARIOS,01tVT000000UETlYAO
MULTIPLE COLORS,MULTIPLE COLORS,01tVT000000UEgfYAG
,MULTIPLE COLORS,01tVT000000UErxYAG
AZUL,AZUL,01tVT000000UFG9YAO
,AZUL,01tVT000000UFJNYA4
BLACK,BLACK,01tVT000000UFZVYA4
,BLACK,01tVT000000UFhZYAW
,BLANCO,01tVT000000UKUMYA4
,VARIOS,01tVT000000ULLaYAO
VARIOS,VARIOS,01tVT000000ULmzYAG
,VARIOS,01tVT000000UM4kYAG
VARIOS,VARIOS,01tVT000000UMJFYA4
,VARIOS,01tVT000000UMO5YAO
VARIOS,VARIOS,01tVT000000UMcbYAG
VARIOS,VARIOS,01tVT000000UNFKYA4
BLANCO,BLANCO,01tVT000000UNNNYA4
,MULTIPLE COLORS,01tVT000000UNP1YAO
MULTIPLE COLORS,MULTIPLE COLORS,01tVT000000UORVYA4
,VARIOS,01tVT000000UQ1tYAG
AZUL,AZUL,01tVT000000UQjSYAW
,MULTICOLOR,01tVT000000UQzbYAG
MULTIPLE COLORS,MULTIPLE COLORS,01tVT000000UR7dYAG
,AZUL,01tVT000000URE6YAO
,MULTIPLE COLORS,01tVT000000URnZYAW
MULTIPE COLORS,MULTIPE COLORS,01tVT000000URyrYAG
,MULTIPE COLORS,01tVT000000US25YAG
,AZUL,01tVT000000USDNYA4
,SEVERAL,01tVT000000USF0YAO
ROJO + BLANCO,ROJO + BLANCO,01tVT000000USWjYAO
,ROJO + BLANCO,01tVT000000USYLYA4
,WHITE OR BLACK,01tVT000000USZyYAO
GRIS,GRIS,01tVT000000USmrYAG
,GRIS,01tVT000000USoTYAW
SEVERAL,SEVERAL,01tVT000000USwXYAW
,SEVERAL,01tVT000000UTB3YAO
AZUL,AZUL,01tVT000000UTJ7YAO
BEIGE,BEIGE,01tVT000000UTKjYAO
,AZUL,01tVT000000UTMLYA4
SEVERAL,SEVERAL,01tVT000000UTPZYA4
,BEIGE,01tVT000000UTW1YAO
,SEVERAL,01tVT000000UTZFYA4
AZUL,AZUL,01tVT000000UTfhYAG
GREEN,GREEN,01tVT000000UThJYAW
,SEVERAL,01tVT000000UTiyYAG
SEVERAL,SEVERAL,01tVT000000UTkXYAW
,SEVERAL,01tVT000000UTnlYAG
SEVERAL,SEVERAL,01tVT000000UTuDYAW
MULTICOLOR,MULTICOLOR,01tVT000000UTvpYAG
WHITE,WHITE,01tVT000000UU3tYAG
,WHITE,01tVT000000UU77YAG
SEVERAL,SEVERAL,01tVT000000UU8jYAG
CREAM,CREAM,01tVT000000UUFCYA4
,GREEN,01tVT000000UUIPYA4
BLACK,BLACK,01tVT000000UUIQYA4
BEIGE,BEIGE,01tVT000000UUK1YAO
,BEIGE,01tVT000000UULdYAO
WHITE OR BLACK,WHITE OR BLACK,01tVT000000UUWvYAO
AZUL,AZUL,01tVT000000UUYXYA4
,AZUL,01tVT000000UUdNYAW
,BLACK,01tVT000000UUjpYAG
,CREAM,01tVT000000UUruYAG
CREAM,CREAM,01tVT000000UVKvYAO
,CREAM,01tVT000000UVZRYA4
MULTIPLES COLOR,MULTIPLES COLOR,01tVT000000UVpZYAW
,MULTIPLES COLOR,01tVT000000UVrBYAW
BLUE,BLUE,01tVT000000VFahYAG
WHITE,WHITE,01tVT000000VHvpYAG
,WHITE,01tVT000000VILeYAO
,BLUE,01tVT000000VIdOYAW
BLUE,BLUE,01tVT000000VJBFYA4
,BLUE,01tVT000000VJHhYAO
BLUE,BLUE,01tVT000000VJsnYAG
,BLUE,01tVT000000VK0rYAG
MULTITPLE COLORS,MULTITPLE COLORS,01tVT000000WniMYAS
NEGRO,NEGRO,01tVT000000WqEoYAK
,NEGRO,01tVT000000WqEpYAK
NEGRO,NEGRO,01tVT000000WqZmYAK
,NEGRO,01tVT000000WqZnYAK
NEGRO,NEGRO,01tVT000000WsJrYAK
,NEGRO,01tVT000000WsJsYAK
NEGRO,NEGRO,01tVT000000WsN5YAK
,NEGRO,01tVT000000WsZzYAK
BLACK,BLACK,01tVT000000WszlYAC
,BLACK,01tVT000000WtCfYAK
,BLANCO + NEGRO,01tVT000000WthLYAS
NEGRO,NEGRO,01tVT000000WtkXYAS
,NEGRO,01tVT000000WtkYYAS
GREY,GREY,01tVT000000WuS7YAK
,BLANCO + ORO,01tVT000000WvZSYA0
BLANCO + ORO,BLANCO + ORO,01tVT000000WvcfYAC
,MULTITPLE COLORS,01tVT000000WvrBYAS
BLANCO + NEGRO,BLANCO + NEGRO,01tVT000000Wvw1YAC
,TRANSPARENT,01tVT000000WwKEYA0
BLANCO + ORO,BLANCO + ORO,01tVT000000WwNRYA0
,BLANCO + ORO,01tVT000000WwTtYAK
,NEGRO,01tVT000000WwnFYAS
,TRANSPARENT,01tVT000000WxD5YAK
MADERA,MADERA,01tVT000000WxY1YAK
,MADERA,01tVT000000WxZdYAK
MULTIPLE COLORS,MULTIPLE COLORS,01tVT000000WxeUYAS
TRANSPARENT,TRANSPARENT,01tVT000000WxkyYAC
MULTIPLE COLORS,MULTIPLE COLORS,01tVT000000Wxo9YAC
,MULTIPLE COLORS,01tVT000000WxwDYAS
NEGRO,NEGRO,01tVT000000WxxpYAC
TRANSPARENT,TRANSPARENT,01tVT000000WydlYAC
WHITE,WHITE,01tVT000000WzRlYAK
,AZUL,01tVT000000XArqYAG
,MULTICOLOR,01tVT000000XEkAYAW
,MULTIPLE COLORS,01tVT000000Ye1RYAS
,WHITE,01tVT000000Ye9VYAS
MULTIPLES COLORS,MULTIPLES COLORS,01tVT000000dr7lYAA
,NEGRO + GRIS,01tVT000000dw4AYAQ
,NEGRO + ROJO,01tVT000000dwPAYAY
,NEGRO + ROJO,01tVT000000dy7ZYAQ
,MULTIPLES COLORS,01tVT000000dyKUYAY
,MULTIPLES COLORS,01tVT000000dySaYAI
,MULTIPLES COLORS,01tVT000000dzI9YAI
MULTIPLES COLORS,MULTIPLES COLORS,01tVT000000dzelYAA
MULTIPLES COLORS,MULTIPLES COLORS,01tVT000000dzy7YAA
MULTIPLES COLORS,MULTIPLES COLORS,01tVT000000e0qwYAA
MULTIPLES COLORS,MULTIPLES COLORS,01tVT000000e1LZYAY
,MULTIPLES COLORS,01tVT000000e1VFYAY
MULTIPLES COLORS,MULTIPLES COLORS,01tVT000000e2G2YAI
,MULTIPLES COLORS,01tVT000000e2MTYAY
,MULTIPLES COLORS,01tVT000000e2mHYAQ
GRAY,GRAY,01tVT000000e3P0YAI
MULTIPLES COLORS,MULTIPLES COLORS,01tVT000000e3dVYAQ
,MULTIPLES COLORS,01tVT000000e3jxYAA
,GRAY,01tVT000000e5H8YAI
,AZUL,01tVT000000e5sFYAQ
GRAY,GRAY,01tVT000000e6gEYAQ
GROWN+BURLYWOOD,GROWN+BURLYWOOD,01tVT000000e79GYAQ
CAFÉ,CAFÉ,01tVT000000e7xHYAQ
GRAY MARBLE,GRAY MARBLE,01tVT000000e83kYAA
,GROWN+BURLYWOOD,01tVT000000e8GbYAI
,GRAY,01tVT000000e9qzYAA
,CAFÉ,01tVT000000e9scYAA
,GRAY MARBLE,01tVT000000eA77YAE
GREEN,GREEN,01tVT000000eABzYAM
,BLUE,01tVT000000eAGqYAM
MULTIPLE,MULTIPLE,01tVT000000eAyMYAU
,MADERA + NEGRO,01tVT000000eBUcYAM
BROWN,BROWN,01tVT000000eBWEYA2
,MULTIPLE,01tVT000000eBZRYA2
VERDE,VERDE,01tVT000000eBchYAE
,GRAY,01tVT000000eCP5YAM
,VERDE,01tVT000000eCiRYAU
GRAY,GRAY,01tVT000000eCnHYAU
,BROWN,01tVT000000eCs5YAE
MADERA + GRIS,MADERA + GRIS,01tVT000000eD8GYAU
SEVERAL,SEVERAL,01tVT000000eDEiYAM
AZUL,AZUL,01tVT000000eDHtYAM
DARK BLUE,DARK BLUE,01tVT000000eDhiYAE
MADERA + GRIS,MADERA + GRIS,01tVT000000eDkxYAE
,BLACK,01tVT000000eDufYAE
AZUL,AZUL,01tVT000000eDzRYAU
,AZUL,01tVT000000eE4HYAU
MADERA + NEGRO,MADERA + NEGRO,01tVT000000eECNYA2
BLUE,BLUE,01tVT000000eEDxYAM
,GREEN,01tVT000000eESTYA2
,DARK BLUE,01tVT000000eEdlYAE
MADERA + NEGRO,MADERA + NEGRO,01tVT000000eEfNYAU
DARK GREEN,DARK GREEN,01tVT000000eEp4YAE
,DARK GREEN,01tVT000000eEttYAE
MADERA,MADERA,01tVT000000eF0NYAU
,MADERA,01tVT000000eF0OYAU
,MADERA + NEGRO,01tVT000000eF0PYAU
,MADERA + GRIS,01tVT000000eF1xYAE
PINK,PINK,01tVT000000eFBdYAM
,MADERA + GRIS,01tVT000000eFGTYA2
,PINK,01tVT000000eFLJYA2
,NAVY BLUE,01tVT000000eFRmYAM
,BLACK,01tVT000000eFegYAE
NAVY BLUE,NAVY BLUE,01tVT000000eFl7YAE
,BLANCO,01tVT000000eGhCYAU
,WOOD,01tVT000000eIXiYAM
WOOD,WOOD,01tVT000000eIvtYAE
,SEVERAL,01tVT000000eJQZYA2
SEVERAL,SEVERAL,01tVT000000eJbrYAE
,NEGRO,01tVT000000eJiHYAU
BLACK,BLACK,01tVT000000eJyPYAU
BLACK,BLACK,01tVT000000eKEXYA2
,SEVERAL,01tVT000000eKWHYA2
NATURAL+BLACK,NATURAL+BLACK,01tVT0000014xnKYAQ
,NATURAL+BLACK,01tVT00000151J3YAI
GRAY + WOOD,GRAY + WOOD,01tVT00000152exYAA
,GRAY + WOOD,01tVT00000153PhYAI
GRAY+WOOD,GRAY+WOOD,01tVT00000153WAYAY
GRAY+WOOD,GRAY+WOOD,01tVT00000154DhYAI
,GRAY+WOOD,01tVT00000154QbYAI
,GRAY+WOOD,01tVT00000155zNYAQ
MULTIPLE COLOR,MULTIPLE COLOR,01tVT000001593iYAA
,MULTIPLE,01tVT0000015ANyYAM
MADERA + NEGRO,MADERA + NEGRO,01tVT0000015ARCYA2
BROWN,BROWN,01tVT0000015ASpYAM
BLANCO + NEGRO,BLANCO + NEGRO,01tVT0000015Ae6YAE
,NEGRO,01tVT0000015Ar2YAE
BROWN+WOOD,BROWN+WOOD,01tVT0000015BAMYA2
,BLANCO + NEGRO,01tVT0000015BDaYAM
WHITE,WHITE,01tVT0000015BNGYA2
,WHITE,01tVT0000015BVJYA2
BLACK+WOOD,BLACK+WOOD,01tVT0000015BbnYAE
,MADERA + NEGRO,01tVT0000015Bn4YAE
,BROWN+WOOD,01tVT0000015C3BYAU
NEGRO,NEGRO,01tVT0000015CBGYA2
,MULTIPLE COLOR,01tVT0000015CKvYAM
,BLANCO + MADERA,01tVT0000015CPmYAM
WOOD+BLACK,WOOD+BLACK,01tVT0000015D2UYAU
BROWN,BROWN,01tVT0000015DSHYA2
BLANCO + MADERA,BLANCO + MADERA,01tVT0000015DTtYAM
,BROWN,01tVT0000015DX7YAM
,MULTIPLE COLOR,01tVT0000015DgoYAE
BLANCO / NEGRO,BLANCO / NEGRO,01tVT0000015DiQYAU
,MULTIPLE,01tVT0000015DnGYAU
MULTIPLE COLOR,MULTIPLE COLOR,01tVT0000015DorYAE
,MADERA + NEGRO,01tVT0000015DosYAE
MADERA + NEGRO,MADERA + NEGRO,01tVT0000015DwxYAE
,BLANCO / NEGRO,01tVT0000015E3NYAU
BROWN,BROWN,01tVT0000015E6cYAE
MULTIPLE,MULTIPLE,01tVT0000015EBSYA2
,GRIS,01tVT0000015EBTYA2
,BROWN,01tVT0000015EOLYA2
,MADERA + BLANCO,01tVT0000015EOMYA2
,MULTIPLE,01tVT0000015ETBYA2
BLANCO,BLANCO,01tVT0000015ETCYA2
,MADERA + NEGRO,01tVT0000015EWPYA2
MADERA + NEGRO,MADERA + NEGRO,01tVT0000015EhkYAE
MULTIPLE,MULTIPLE,01tVT0000015EjJYAU
MADERA + GRIS,MADERA + GRIS,01tVT0000015EjLYAU
,MULTIPLE,01tVT0000015EjMYAU
BROWN,BROWN,01tVT0000015EmXYAU
,BROWN,01tVT0000015EszYAE
MADERA + NEGRO,MADERA + NEGRO,01tVT0000015F5tYAE
,BROWN,01tVT0000015F5uYAE
WOOD,WOOD,01tVT0000015FFZYA2
,WOOD,01tVT0000015FHBYA2
,BROWN,01tVT0000015FSTYA2
MADERA + BLANCO,MADERA + BLANCO,01tVT0000015FXJYA2
BROWN,BROWN,01tVT0000015FfNYAU
MADERA + NEGRO,MADERA + NEGRO,01tVT0000015FfOYAU
GRIS,GRIS,01tVT0000015FttYAE
,GRIS,01tVT0000015FvVYAU
,MULTIPLE,01tVT0000015FvXYAU
,MADERA + NEGRO,01tVT0000015G5CYAU
OSCURO,OSCURO,01tVT0000015GI6YAM
MADERA + NEGRO,MADERA + NEGRO,01tVT0000015GJhYAM
CREAM,CREAM,01tVT0000015GegYAE
MADERA + NEGRO,MADERA + NEGRO,01tVT0000015GhtYAE
,MADERA + NEGRO,01tVT0000015Gl7YAE
,WHITE+WOOD,01tVT0000015GuoYAE
,BROWN + GREY,01tVT0000015Gy2YAE
GREY + BLACK,GREY + BLACK,01tVT0000015GzfYAE
,BLANCO,01tVT0000015H2rYAE
,WOOD+BLACK,01tVT0000015H4TYAU
,MADERA + GRIS,01tVT0000015HNqYAM
,BLACK,01tVT0000015HSiYAM
MULTIPLE,MULTIPLE,01tVT0000015HZ7YAM
,MULTIPLE,01tVT0000015HdxYAE
WHITE+WOOD,WHITE+WOOD,01tVT0000015HfaYAE
,BLACK+WOOD,01tVT0000015HhBYAU
GRIS,GRIS,01tVT0000015Hm1YAE
BLACK,BLACK,01tVT0000015HpFYAU
,BLACK,01tVT0000015HqrYAE
WOOD,WOOD,01tVT0000015HviYAE
METAL,METAL,01tVT0000015I5NYAU
WOOD+BLACK,WOOD+BLACK,01tVT0000015I5OYAU
,CREAM,01tVT0000015I8bYAE
,METAL,01tVT0000015IDRYA2
,WOOD+BLACK,01tVT0000015IGfYAM
NEGRO + MADERA,NEGRO + MADERA,01tVT0000015IQMYA2
GREEN,GREEN,01tVT0000015ITZYA2
,GREEN,01tVT0000015IWnYAM
BLACK,BLACK,01tVT0000015ImvYAE
,MULTIPLE,01tVT0000015ImwYAE
NEGRO,NEGRO,01tVT0000015J33YAE
,WHITE+WOOD,01tVT0000015J7uYAE
,NEGRO,01tVT0000015JB7YAM
MULTIPLE,MULTIPLE,01tVT0000015JEMYA2
MULTIPLE,MULTIPLE,01tVT0000015JSrYAM
MULTIPLE,MULTIPLE,01tVT0000015JayYAE
,MADERA + NEGRO,01tVT0000015Jj0YAE
MULTIPLE,MULTIPLE,01tVT0000015JkbYAE
,MADERA + NEGRO,01tVT0000015JmEYAU
WHITE+WOOD,WHITE+WOOD,01tVT0000015JuIYAU
MULTIPLE,MULTIPLE,01tVT0000015K8nYAE
,NEGRO + MADERA,01tVT0000015KYbYAM
,OSCURO,01tVT0000015KdSYAU
MULTIPLE,MULTIPLE,01tVT0000015KgfYAE
,MULTIPLE,01tVT0000015KjtYAE
MARRON,MARRON,01tVT0000015Kn7YAE
,MARRON,01tVT0000015KrxYAE
,GREY + BLACK,01tVT0000015L1dYAE
BROWN + BLACK,BROWN + BLACK,01tVT0000015LMbYAM
,BROWN + BLACK,01tVT0000015LODYA2
,GREY,01tVT0000015LT4YAM
MADERA,MADERA,01tVT0000015Lb7YAE
GREY,GREY,01tVT0000015LeLYAU
,MADERA,01tVT0000015LfxYAE
BLANCO,BLANCO,01tVT0000015LrFYAU
,BLANCO,01tVT0000015LuTYAU
BROWN + GREY,BROWN + GREY,01tVT0000015LzJYAU
BLACK OR WOOD,BLACK OR WOOD,01tVT0000015LzKYAU
OSCURO,OSCURO,01tVT0000015MDpYAM
,OSCURO,01tVT0000015MH3YAM
VARIOS,VARIOS,01tVT0000015MNXYA2
VARIOS,VARIOS,01tVT0000015MYnYAM
,MULTIPLE,01tVT0000015MaQYAU
,VARIOS,01tVT0000015MfFYAU
,BLACK OR WOOD,01tVT0000015MgrYAE
GRIS,GRIS,01tVT0000015MvNYAU
,GRIS,01tVT0000015N0DYAU
,VARIOS,01tVT0000015NEjYAM
VARIOS,VARIOS,01tVT0000015NWTYA2
,VARIOS,01tVT0000015NbJYAU
BLANCO,BLANCO,01tVT0000015NjNYAU
,BLANCO,01tVT0000015NkzYAE
,WOOD,01tVT0000015O2jYAE
,BLACK+WOOD,01tVT0000016GskYAE
WOOD+BLACK,WOOD+BLACK,01tVT0000016Hs2YAE
BLACK+WOOD,BLACK+WOOD,01tVT0000016KDBYA2
,BLACK,01tVT0000016KMsYAM
BLACK,BLACK,01tVT0000016KUwYAM
,WOOD+BLACK,01tVT0000016Kt7YAE
WOOD COLOR,WOOD COLOR,01tVT0000016UJ0YAM
,WOOD COLOR,01tVT0000016Y1eYAE
TEAK COLOR,TEAK COLOR,01tVT0000016ZQjYAM
,TEAK COLOR,01tVT0000016ZTxYAM
,MADERA + NEGRO,01tVT0000016eeyYAA
,MADERA + NEGRO,01tVT0000016k7eYAA
MADERA + NEGRO,MADERA + NEGRO,01tVT0000016kh7YAA
MADERA + NEGRO,MADERA + NEGRO,01tVT0000016lGbYAI
BLACK,BLACK,01tVT0000017zscYAA
ROSE RED / BLACK / BLUE,ROSE RED / BLACK / BLUE,01tVT000001808lYAA
KHAKI,KHAKI,01tVT00000180VKYAY
NEGRO,NEGRO,01tVT000001816QYAQ
,GREEN/YELLOW/PINK,01tVT00000181ftYAA
,BLACK,01tVT00000181paYAA
,ROSE RED / BLACK / BLUE,01tVT00000182QgYAI
,NEGRO,01tVT00000183BSYAY
VARIOS,VARIOS,01tVT00000183mXYAQ
,VARIOS,01tVT00000183plYAA
,KHAKI,01tVT000001842gYAA
BLACK,BLACK,01tVT000001845tYAA
,BLACK,01tVT000001847VYAQ
VARIOS,VARIOS,01tVT00000184HBYAY
,VARIOS,01tVT00000184KPYAY
WHITE + WOOD,WHITE + WOOD,01tVT0000018JjGYAU
BLACK OR WHITE + WOOD,BLACK OR WHITE + WOOD,01tVT0000018KaUYAU
GREY,GREY,01tVT0000018KgxYAE
,BLACK OR WHITE + WOOD,01tVT0000018LgDYAU
,WHITE + WOOD,01tVT0000018M9FYAU
,GREY,01tVT0000018MHKYA2
,NEGRO + PLATA,01tVT000001B8xnYAC
,RED,01tVT000001B9fKYAS
,RED,01tVT000001BA3XYAW
,NEGRO + PLATA,01tVT000001BALJYA4
RED,RED,01tVT000001BBsQYAW
BLACK,BLACK,01tVT000001BCyAYAW
NEGRO + PLATA,NEGRO + PLATA,01tVT000001BDnmYAG
RED,RED,01tVT000001BE0fYAG
NEGRO + PLATA,NEGRO + PLATA,01tVT000001BEbmYAG
BLACK,BLACK,01tVT000001BFROYA4
,NEGRO + PLATA,01tVT000001BG5iYAG
NEGRO + PLATA,NEGRO + PLATA,01tVT000001BGLpYAO
,BLACK,01tVT000001BGNRYA4
NEGRO + PLATA,NEGRO + PLATA,01tVT000001BH3NYAW
,NEGRO + PLATA,01tVT000001BH8DYAW
,BLACK,01tVT000001BI7VYAW
MADERA + NEGRO,MADERA + NEGRO,01tVT000001Hc6kYAC
,MADERA + NEGRO,01tVT000001HcrWYAS
GREY+WOOD+BLACK,GREY+WOOD+BLACK,01tVT000001HfHVYA0
,GREY+WOOD+BLACK,01tVT000001HfW1YAK
WHITE+GREEN,WHITE+GREEN,01tVT000001HgdNYAS
,WHITE+GREEN,01tVT000001HgjpYAC
BROWN+WOOD+BLACK,BROWN+WOOD+BLACK,01tVT000001HjzRYAS
,BROWN+WOOD+BLACK,01tVT000001HkHBYA0
MADERA,MADERA,01tVT000001Hl5DYAS
,BLACK,01tVT000001HmMFYA0
BLACK,BLACK,01tVT000001HmVtYAK
GRIS + MADERA,GRIS + MADERA,01tVT000001Hmm2YAC
MADERA,MADERA,01tVT000001HnBpYAK
,MADERA,01tVT000001HnF3YAK
LIGHT COFFEE,LIGHT COFFEE,01tVT000001HnLXYA0
BLACK + GREY,BLACK + GREY,01tVT000001HnN7YAK
,BLACK + GREY,01tVT000001HnRxYAK
,GRIS + MADERA,01tVT000001HoB7YAK
,LIGHT COFFEE,01tVT000001HoXhYAK
,MADERA,01tVT000001HoxWYAS
,MADERA,01tVT000001HpK5YAK
MADERA,MADERA,01tVT000001HqG9YAK
,MADERA,01tVT000001HqKzYAK
MADERA,MADERA,01tVT000001HqfxYAC
,MADERA,01tVT000001HqmPYAS
MADERA,MADERA,01tVT000001HrVaYAK
MADERA,MADERA,01tVT000001HrXBYA0
,MADERA,01tVT000001HrwzYAC
MADERA,MADERA,01tVT000001HsJaYAK
,MADERA,01tVT000001HsUrYAK
NATURAL+BLACK,NATURAL+BLACK,01tVT000001JDH8YAO
MADERA,MADERA,01tVT000001JEmgYAG
,NATURAL+BLACK,01tVT000001JFu1YAG
PINK,PINK,01tVT000001JG26YAG
,PINK,01tVT000001JGQKYA4
MADERA,MADERA,01tVT000001JI2HYAW
,MADERA,01tVT000001JI8jYAG
MADERA + GRIS,MADERA + GRIS,01tVT000001JILeYAO
,MADERA,01tVT000001JINFYA4
,MADERA + GRIS,01tVT000001JJ1ZYAW
GREEN,GREEN,01tVT000001JJKwYAO
PINK,PINK,01tVT000001JJWDYA4
,PINK,01tVT000001JJb3YAG
,GREEN,01tVT000001JJpZYAW
BLACK,BLACK,01tVT000001JMkDYAW
,BLACK,01tVT000001JMx7YAG
,MADERA,01tVT000001KicEYAS
,MADERA,01tVT000001KjBjYAK
MADERA,MADERA,01tVT000001KkuAYAS
MADERA,MADERA,01tVT000001KkxNYAS
,MADERA,01tVT000001Kl2DYAS
MADERA,MADERA,01tVT000001KlGjYAK
MADERA,MADERA,01tVT000001KlVFYA0
,MADERA,01tVT000001Kla5YAC
,MADERA + BLANCO,01tVT000001KmJGYA0
MADERA + BLANCO,MADERA + BLANCO,01tVT000001KmPhYAK
PINK,PINK,01tVT000001POJVYA4
,PINK,01tVT000001POOLYA4
,WOOD,01tVT000001QxOsYAK
WOOD,WOOD,01tVT000001R1M3YAK
WOOD,WOOD,01tVT000001R3CXYA0
,WOOD,01tVT000001R4a1YAC
GRAY,GRAY,01tVT000001TULWYA4
,BROWN,01tVT000001TkN4YAK
MADERA,MADERA,01tVT000001TkQIYA0
MADERA,MADERA,01tVT000001TkTVYA0
,MADERA,01tVT000001TkYLYA0
BROWN,BROWN,01tVT000001TkgPYAS
,MADERA,01tVT000001TkrhYAC
,GRAY,01tVT000001TlMLYA0
,NEGRO,01tVT000001bF4LYAU
WOOD+WHITE,WOOD+WHITE,01tVT000001bFE2YAM
BLACK,BLACK,01tVT000001bFYzYAM
,BLACK,01tVT000001bFcDYAU
,WOOD+WHITE,01tVT000001bG0PYAU
,BLACK+ORANGE,01tVT000001bG0QYAU
BLACK+RED,BLACK+RED,01tVT000001bGJlYAM
,BLACK+RED,01tVT000001bGLNYA2
,BLACK+GRAY,01tVT000001bGd8YAE
BLACK+GRAY,BLACK+GRAY,01tVT000001bGlBYAU
BLACK+ORANGE,BLACK+ORANGE,01tVT000001bHAzYAM
GRIS + MADERA,GRIS + MADERA,01tVT000001bZ9VYAU
,GRIS + MADERA,01tVT000001bZELYA2
BEIGE,BEIGE,01tVT000001ceVLYAY
,CAFÉ + NEGRO,01tVT000001ciYxYAI
,BEIGE,01tVT000001cjQ9YAI
,VERDE,01tVT000001cjzgYAA
BLANCO,BLANCO,01tVT000001ckCXYAY
,BLANCO,01tVT000001ckFlYAI
CAFÉ + NEGRO,CAFÉ + NEGRO,01tVT000001ckhBYAQ
,VARIOS,01tVT000001cl0ZYAQ
MADERA,MADERA,01tVT000001cxZZYAY
,MADERA,01tVT000001cxg1YAA
MADERA,MADERA,01tVT000001cxw9YAA
,MADERA,01tVT000001cxzNYAQ
NATURAL+BLACK,NATURAL+BLACK,01tVT000001kiiEYAQ
,NATURAL+BLACK,01tVT000001kiiFYAQ
WOOD,WOOD,01tVT000001kjkjYAA
,WOOD,01tVT000001kjkkYAA
PINK,PINK,01tVT000001kjnxYAA
,PINK,01tVT000001kjnyYAA
GREEN,GREEN,01tVT000001kjrBYAQ
,GREEN,01tVT000001kjrCYAQ
MADERA,MADERA,01tVT000001kjw1YAA
,MADERA,01tVT000001kjw2YAA
,NEGRO,01tVT000001meQpYAI
NEGRO,NEGRO,01tVT000001mfMsYAI
GREY+WOOD+BLACK,GREY+WOOD+BLACK,01tVT000001qX2YYAU
,GREY+WOOD+BLACK,01tVT000001qX2ZYAU
BROWN+WOOD+BLACK,BROWN+WOOD+BLACK,01tVT000001qYTFYA2
,BROWN+WOOD+BLACK,01tVT000001qYTGYA2
BLACK + GREY,BLACK + GREY,01tVT000001qYY5YAM
,BLACK + GREY,01tVT000001qYY6YAM
LIGHT COFFEE,LIGHT COFFEE,01tVT000001qYZhYAM
,LIGHT COFFEE,01tVT000001qYZiYAM
MADERA,MADERA,01tVT000001qYbJYAU
,MADERA,01tVT000001qYbKYAU
MADERA,MADERA,01tVT000001qYeXYAU
,MADERA,01tVT000001qYeYYAU
GREY,GREY,01tVT000001qYg9YAE
,GREY,01tVT000001qYgAYAU
MADERA,MADERA,01tVT000001qr65YAA
,MADERA,01tVT000001qr66YAA
BEIGE + MADERA,BEIGE + MADERA,01tVT000001sRM1YAM
,BEIGE + MADERA,01tVT000001sRQrYAM
NEGRO / BLANCO,NEGRO / BLANCO,01tVT000001sRViYAM
WHITE+ORANGE,WHITE+ORANGE,01tVT000001sRYwYAM
VARIOS,VARIOS,01tVT000001sRgzYAE
,VARIOS,01tVT000001sRibYAE
,WHITE+ORANGE,01tVT000001sRqgYAE
BROWN,BROWN,01tVT000001sS5DYAU
GRIS,GRIS,01tVT000001sSOXYA2
,NEGRO / BLANCO,01tVT000001sSTOYA2
,GRIS,01tVT000001sSWbYAM
,BROWN,01tVT000001sT7hYAE
NEGRO + MADERA,NEGRO + MADERA,01tVT000001sTfaYAE
,NEGRO + MADERA,01tVT000001sUADYA2
,MADERA,01tVT000001sUVCYA2
WHITE+GRAY,WHITE+GRAY,01tVT000001sUwcYAE
,WHITE+GRAY,01tVT000001sUwdYAE
WHITE+YELLOW+GRAY,WHITE+YELLOW+GRAY,01tVT000001sVKnYAM
,WHITE+YELLOW+GRAY,01tVT000001sVMPYA2
MADERA,MADERA,01tVT000001sVr3YAE
NEGRO + ROJO,NEGRO + ROJO,01tVT000001svK6YAI
,NEGRO + ROJO,01tVT000001svK7YAI
BLANCO + NATURAL,BLANCO + NATURAL,01tVT000001t1kVYAQ
,BLANCO + NATURAL,01tVT000001t1kWYAQ
MADERA,MADERA,01tVT000001t2VGYAY
,MADERA,01tVT000001t2VHYAY
NATURAL + NEGRO,NATURAL + NEGRO,01tVT000001t2YUYAY
,NATURAL + NEGRO,01tVT000001t2YVYAY
NEGRO Y MADERA NATURAL,NEGRO Y MADERA NATURAL,01tVT000001t3EQYAY
,NEGRO Y MADERA NATURAL,01tVT000001t3ERYAY
BLANCO,BLANCO,01tVT000001t3MUYAY
,BLANCO,01tVT000001t3MVYAY
NATURAL + NEGRO,NATURAL + NEGRO,01tVT000001t3W9YAI
,NATURAL + NEGRO,01tVT000001t3WAYAY
BLANCO,BLANCO,01tVT000001t3XlYAI
,BLANCO,01tVT000001t3XmYAI
NEGRO,NEGRO,01tVT000001t3ZNYAY
,NEGRO,01tVT000001t3ZOYAY
NEGRO Y MADERA NATURAL,NEGRO Y MADERA NATURAL,01tVT000001t3cbYAA
,NEGRO Y MADERA NATURAL,01tVT000001t3ccYAA
NEGRO Y MADERA NATURAL,NEGRO Y MADERA NATURAL,01tVT000001t3eDYAQ
,NEGRO Y MADERA NATURAL,01tVT000001t3eEYAQ
MADERA + NEGRO,MADERA + NEGRO,01tVT000001t3fpYAA
,MADERA + NEGRO,01tVT000001t3fqYAA
NEGRO,NEGRO,01tVT000001t3hRYAQ
,NEGRO,01tVT000001t3hSYAQ
AZUL,AZUL,01tVT000001t3mHYAQ
AZUL,AZUL,01tVT000001t3mIYAQ
AZUL O AMARILLO,AZUL O AMARILLO,01tVT000001t3pVYAQ
,AZUL O AMARILLO,01tVT000001t3pWYAQ
BROWN,BROWN,01tVT000001t3r7YAA
,BROWN,01tVT000001t3r8YAA
NEGRO,NEGRO,01tVT000001t3vxYAA
,NEGRO,01tVT000001t3vyYAA
NEGRO Y MADERA NATURAL,NEGRO Y MADERA NATURAL,01tVT000001t40nYAA
,NEGRO Y MADERA NATURAL,01tVT000001t40oYAA
BEIGE + MADERA,BEIGE + MADERA,01tVT000001vPkHYAU
,BEIGE + MADERA,01tVT000001vPkIYAU
VARIOS,VARIOS,01tVT000001vPqjYAE
,VARIOS,01tVT000001vPqkYAE
WHITE+ORANGE,WHITE+ORANGE,01tVT000001vPtxYAE
,WHITE+ORANGE,01tVT000001vPtyYAE
NEGRO,NEGRO,01tVT000001vUnBYAU
,NEGRO,01tVT000001vUnCYAU
GRAY+WOOD,GRAY+WOOD,01tVT000001wGzuYAE
,GRAY+WOOD,01tVT000001wGzvYAE
GRAY,GRAY,01tVT000001wHxZYAU
,GRAY,01tVT000001wHxaYAE
,MULTICOLOUR,01tVT000001wnXeYAI
AZUL / ROSA + BLANCO,AZUL / ROSA + BLANCO,01tVT000001wov8YAA
MULTICOLOUR,MULTICOLOUR,01tVT000001woyLYAQ
,MULTICOLOUR,01tVT000001wp3BYAQ
,CREAM,01tVT000001wpMZYAY
MULTICOLOR,MULTICOLOR,01tVT000001wpb3YAA
MULTICOLOUR,MULTICOLOUR,01tVT000001wpcgYAA
ROSA + BLANCO,ROSA + BLANCO,01tVT000001wpj7YAA
,MULTICOLOR,01tVT000001wpkjYAA
,ROSA + BLANCO,01tVT000001wpmLYAQ
CREAM,CREAM,01tVT000001wppaYAA
CREMA,CREMA,01tVT000001wpxdYAA
CREAM,CREAM,01tVT000001wpzFYAQ
,CREMA,01tVT000001wq45YAA
,CREAM,01tVT000001wq5hYAA
,AZUL / ROSA + BLANCO,01tVT000001wqVVYAY
MULTICOLOUR,MULTICOLOUR,01tVT000001wqX8YAI
VARIOS,VARIOS,01tVT000001wqgnYAA
,VARIOS,01tVT000001wqiPYAQ
VARIOS,VARIOS,01tVT000001wqs5YAA
,VARIOS,01tVT000001wqyXYAQ
MULTICOLOUR,MULTICOLOUR,01tVT000001wr09YAA
VARIOS,VARIOS,01tVT000001wr9pYAA
,VARIOS,01tVT000001wrBRYAY
MULTICOLOUR,MULTICOLOUR,01tVT000001wrGHYAY
,MULTICOLOUR,01tVT000001wrL7YAI
VARIOS,VARIOS,01tVT000001wrMjYAI
,VARIOS,01tVT000001wrPxYAI
CREAM/BLUE,CREAM/BLUE,01tVT000001wrY1YAI
,CREAM/BLUE,01tVT000001wrZdYAI
,MULTICOLOUR,01tVT000001wrZeYAI
VARIOS,VARIOS,01tVT000001wrg5YAA
,VARIOS,01tVT000001wrhhYAA
,MULTICOLOUR,01tVT000001wrrNYAQ
MULTICOLOR,MULTICOLOR,01tVT000001xHicYAE
MULTICOLOUR,MULTICOLOUR,01tVT000001xIGTYA2
,MULTICOLOUR,01tVT000001xII5YAM
MULTICOLOUR,MULTICOLOUR,01tVT000001xIUzYAM
,MULTICOLOUR,01tVT000001xIWbYAM
MULTICOLOR,MULTICOLOR,01tVT000001xIjVYAU
,MULTICOLOR,01tVT000001xIl7YAE
MULTICOLOR,MULTICOLOR,01tVT000001xIwQYAU
,MULTICOLOR,01tVT000001xIy1YAE
,MULTICOLOR,01tVT000001xJ9JYAU
BLACK,BLACK,01tVT000001xJHNYA2
,BLACK,01tVT000001xJIzYAM
,MULTICOLOUR,01tVT000001xMLiYAM
MULTICOLOUR,MULTICOLOUR,01tVT000001xMYbYAM
BLACK,BLACK,01tVT000001xNT3YAM
,BLACK,01tVT000001xNXtYAM
,BLANCO O NEGRO,01tVT000001xaDNYAY
,WHITE,01tVT000001xeNSYAY
,NEGRO Y MADERA NATURAL,01tVT000001xeQfYAI
WHITE,WHITE,01tVT000001xgKRYAY
,WHITE,01tVT000001xhbRYAQ
WHITE,WHITE,01tVT000001xiUHYAY
,AZUL O AMARILLO,01tVT000001yVhtYAE
,BLANCO,01tVT000001yVmjYAE
,NEGRO,01tVT000001ykfKYAQ
,NATURAL + NEGRO,01tVT000001ymZ3YAI
BLACK,BLACK,01tVT000001ynN3YAI
,BLACK,01tVT000001ynRtYAI
,BLANCO,01tVT0000020NebYAE
NEGRO + MADERA,NEGRO + MADERA,01tVT00000258S1YAI
,NEGRO + MADERA,01tVT00000258S2YAI
GRIS + MADERA,GRIS + MADERA,01tVT0000028RzZYAU
,GRIS + MADERA,01tVT0000028RzaYAE
MADERA,MADERA,01tVT0000028S1BYAU
,MADERA,01tVT0000028S1CYAU
BLACK,BLACK,01tVT0000028S61YAE
,BLACK,01tVT0000028S62YAE
WHITE+GREEN,WHITE+GREEN,01tVT0000028S7dYAE
,WHITE+GREEN,01tVT0000028S7eYAE
GRIS + NEGRO,GRIS + NEGRO,01tVT000002Gmh3YAC
,GRIS + NEGRO,01tVT000002GmltYAC
AZUL + MADERA,AZUL + MADERA,01tVT000002Gn3dYAC
,AZUL + MADERA,01tVT000002Gn5FYAS
CREAM,CREAM,01tVT000002GnGYYA0
GRIS,GRIS,01tVT000002GnRpYAK
,GRIS,01tVT000002GnTRYA0
GREY,GREY,01tVT000002Go1KYAS
GRIS,GRIS,01tVT000002Go2vYAC
,GRIS,01tVT000002Go4XYAS
CAFÉ + NEGRO,CAFÉ + NEGRO,01tVT000002GoHRYA0
,CAFÉ + NEGRO,01tVT000002GoJ3YAK
GRAY,GRAY,01tVT000002GohFYAS
,GRAY,01tVT000002Gom5YAC
PINK,PINK,01tVT000002GovlYAC
,PINK,01tVT000002Gp0bYAC
,CREAM,01tVT000002GpF7YAK
,GREY,01tVT000002GpNBYA0
DARK GREY,DARK GREY,01tVT000002Gpa5YAC
,DARK GREY,01tVT000002GpbhYAC
,GRIS,01tVT000002IHFlYAO
NATURAL+BLACK,NATURAL+BLACK,01tVT000002JLR0YAO
,NATURAL+BLACK,01tVT000002JLR1YAO
MADERA + NEGRO,MADERA + NEGRO,01tVT000002JLu2YAG
,MADERA + NEGRO,01tVT000002JLu3YAG
GRAY+WOOD,GRAY+WOOD,01tVT000002JMJpYAO
,GRAY+WOOD,01tVT000002JMJqYAO
BLACK+WOOD,BLACK+WOOD,01tVT000002JMLRYA4
,BLACK+WOOD,01tVT000002JMLSYA4
BLACK+WOOD,BLACK+WOOD,01tVT000002JMN3YAO
,BLACK+WOOD,01tVT000002JMN4YAO
WOOD+BLACK,WOOD+BLACK,01tVT000002JMRtYAO
,WOOD+BLACK,01tVT000002JMRuYAO
GRAY + WOOD,GRAY + WOOD,01tVT000002JMWjYAO
,GRAY + WOOD,01tVT000002JMWkYAO
WOOD+BLACK,WOOD+BLACK,01tVT000002JMbZYAW
,WOOD+BLACK,01tVT000002JMbaYAG
MULTIPLE,MULTIPLE,01tVT000002JMgPYAW
,MULTIPLE,01tVT000002JMgQYAW
MADERA + BLANCO,MADERA + BLANCO,01tVT000002JMi1YAG
,MADERA + BLANCO,01tVT000002JMi2YAG
GRIS,GRIS,01tVT000002JMmrYAG
,GRIS,01tVT000002JMmsYAG
BLANCO + NEGRO,BLANCO + NEGRO,01tVT000002JMoTYAW
,BLANCO + NEGRO,01tVT000002JMoUYAW
MARRÓN + NEGRO,MARRÓN + NEGRO,01tVT000002JMq5YAG
,MARRÓN + NEGRO,01tVT000002JMq6YAG
NEGRO,NEGRO,01tVT000002JMtJYAW
,NEGRO,01tVT000002JMtKYAW
AZUL,AZUL,01tVT000002JN6DYAW
,AZUL,01tVT000002JN6EYAW
VARIOS,VARIOS,01tVT000002JN7pYAG
,VARIOS,01tVT000002JN7qYAG
GRIS,GRIS,01tVT000002JN9RYAW
,GRIS,01tVT000002JN9SYAW
CREAM,CREAM,01tVT000002JNZFYA4
,CREAM,01tVT000002JNZGYA4
MADERA + GRIS,MADERA + GRIS,01tVT000002RhxNYAS
,MADERA + GRIS,01tVT000002Rl89YAC
BLACK,BLACK,01tVT000002RlGDYA0
,BLACK,01tVT000002RlL3YAK
NEGRO,NEGRO,01tVT000002RlkrYAC
,NEGRO,01tVT000002RlphYAC
NEGRO,NEGRO,01tVT000002Rm93YAC
,NEGRO,01tVT000002RmDtYAK
NEGRO + GRIS,NEGRO + GRIS,01tVT000002RmKMYA0
MADERA + GRIS,MADERA + GRIS,01tVT000002RmfJYAS
,MADERA + GRIS,01tVT000002Rmk9YAC
,NEGRO + GRIS,01tVT000002RnBZYA0
BLANCO + GRIS + CAFÉ,BLANCO + GRIS + CAFÉ,01tVT000002RnWYYA0
,BLANCO + GRIS + CAFÉ,01tVT000002RnhpYAC
,BLANCO + GRIS + CAFÉ,01tVT000002RnwMYAS
GRIS,GRIS,01tVT000002Ro1BYAS
,MADERA + GRIS,01tVT000002Ro1CYAS
,GRIS,01tVT000002Ro4PYAS
BLANCO + GRIS + CAFÉ,BLANCO + GRIS + CAFÉ,01tVT000002RoPNYA0
MADERA + GRIS,MADERA + GRIS,01tVT000002RocHYAS
,MADERA + GRIS,01tVT000002RodtYAC
MADERA + GRIS,MADERA + GRIS,01tVT000002Rp0TYAS
MULTIPLE,MULTIPLE,01tVT000002SvVFYA0
,MULTIPLE,01tVT000002SvdJYAS
,MULTIPLE,01tVT000002Svn0YAC
MULTIPLE,MULTIPLE,01tVT000002Svv3YAC
,MULTIPLE,01tVT000002Sw37YAC
MULTIPLE,MULTIPLE,01tVT000002SwG1YAK
,MULTIPLE,01tVT000002SwXmYAK
MULTIPLE,MULTIPLE,01tVT000002SwfpYAC
GRIS,GRIS,01tVT000002UMEsYAO
,GRIS,01tVT000002UNneYAG
,GRIS,01tVT000002UNpGYAW
GRIS,GRIS,01tVT000002UNpHYAW
,ROSA + NEGRO,01tVT000002UOOkYAO
,BLANCO,01tVT000002UOlKYAW
GRIS + MADERA,GRIS + MADERA,01tVT000002UOtOYAW
GRIS,GRIS,01tVT000002UOv0YAG
BLANCO,BLANCO,01tVT000002UP4gYAG
ROSA + NEGRO,ROSA + NEGRO,01tVT000002UP9VYAW
,AZUL,01tVT000002UPEMYA4
ORANGE,ORANGE,01tVT000002UPMPYA4
,ORANGE,01tVT000002UPPdYAO
AZUL,AZUL,01tVT000002UPSrYAO
COLOR OPTIONS,COLOR OPTIONS,01tVT000002UPsfYAG
,COLOR OPTIONS,01tVT000002UPuHYAW
BLANCO,BLANCO,01tVT000002UPz7YAG
,BLANCO,01tVT000002UQ3xYAG
GRIS,GRIS,01tVT000002UQ7BYAW
,GRIS,01tVT000002UQDdYAO
,GRIS + MADERA,01tVT000002UQITYA4
GRIS,GRIS,01tVT000002UQOvYAO
,GRIS,01tVT000002UQQXYA4
,GRIS,01tVT000002UQYbYAO
,WHITE,01tVT000002V4mBYAS
WHITE,WHITE,01tVT000002V5v7YAC
WHITE,WHITE,01tVT000002V6O9YAK
,WHITE,01tVT000002V6SzYAK
,WHITE,01tVT000002V6XqYAK
WHITE,WHITE,01tVT000002V6rBYAS
WHITE,WHITE,01tVT000002V78vYAC
,WHITE,01tVT000002V7AXYA0
VARIOS,VARIOS,01tVT000002WxyHYAS
,VARIOS,01tVT000002Wy1VYAS
GREEN,GREEN,01tVT000002X20HYAS
,GREEN,01tVT000002X21tYAC
,VARIOS,01tVT000002X2mgYAC
VARIOS,VARIOS,01tVT000002X3xFYAS
,VARIOS,01tVT000002X425YAC
VARIOS,VARIOS,01tVT000002X4EzYAK
,VARIOS,01tVT000002X4LSYA0
VARIOS,VARIOS,01tVT000002X4OfYAK
GREEN,GREEN,01tVT000002YNInYAO
,GREEN,01tVT000002YNKPYA4
GREEN,GREEN,01tVT000002Z2CHYA0
,GREEN,01tVT000002Z2CIYA0
PINK,PINK,01tVT000002ZVfiYAG
,PINK,01tVT000002ZXeHYAW
GREEN,GREEN,01tVT000002exBVYAY
,GREEN,01tVT000002exBWYAY
PINK,PINK,01tVT000002exGLYAY
,PINK,01tVT000002exGMYAY
BLACK+GREY,BLACK+GREY,01tVT000002nijeYAA
BLACK+CREAM,BLACK+CREAM,01tVT000002njVzYAI
CREAM,CREAM,01tVT000002njmAYAQ
,BLACK+CREAM,01tVT000002nklTYAQ
BLACK,BLACK,01tVT000002nkyHYAQ
,BLACK,01tVT000002nnzLYAQ
,BLACK+GREY,01tVT000002npcwYAA
,CREAM,01tVT000002nq4LYAQ
,BLACK,01tVT000002oKwsYAE
,BLACK,01tVT000002oMLyYAM
WHITE+BLACK,WHITE+BLACK,01tVT000002oMQnYAM
,WHITE+BLACK,01tVT000002oMVdYAM
,BLACK,01tVT000002oMfKYAU
SILVER,SILVER,01tVT000002oMqbYAE
,SILVER,01tVT000002oMsDYAU
BLACK,BLACK,01tVT000002oN0HYAU
BLACK,BLACK,01tVT000002oN8LYAU
,BLACK,01tVT000002oNDBYA2
BLACK,BLACK,01tVT000002oNI1YAM
,BLACK,01tVT000002oNLFYA2
BLACK,BLACK,01tVT000002oNWXYA2
BLACK,BLACK,01tVT000002oNgDYAU
,BLACK,01tVT000002oNl3YAE
,GOLD,01tVT000002oNulYAE
BLACK,BLACK,01tVT000002oO7dYAE
,BLACK,01tVT000002oO9FYAU
BLACK,BLACK,01tVT000002oOIvYAM
BLACK,BLACK,01tVT000002oOXRYA2
,BLACK,01tVT000002oOZ3YAM
BLACK,BLACK,01tVT000002oPRtYAM
,BLACK,01tVT000002oPenYAE
BLACK,BLACK,01tVT000002oQ9RYAU
GOLD,GOLD,01tVT000002oQCgYAM
,BLACK,01tVT000002oQEHYA2
BLACK,BLACK,01tVT000002oQXdYAM
,BLACK,01tVT000002oQcTYAU
BLACK,BLACK,01tVT000002oQkXYAU
,BLACK,01tVT000002oQm9YAE
BLACK,BLACK,01tVT000002oQsbYAE
,BLACK,01tVT000002oQxRYAU
BLACK+GOLD,BLACK+GOLD,01tVT000002oR3tYAE
,BLACK+GOLD,01tVT000002oR5VYAU
BLACK+GOLD,BLACK+GOLD,01tVT000002oRBxYAM
,BLACK+GOLD,01tVT000002oRGnYAM
,WHITE+BLACK,01tVT000002oUJWYA2
GOLD+BLACK,GOLD+BLACK,01tVT000002oUL9YAM
BROWN,BROWN,01tVT000002oUeTYAU
,BROWN,01tVT000002oUg5YAE
BLACK,BLACK,01tVT000002oUplYAE
,WHITE+GOLD,01tVT000002oUpmYAE
,BLACK,01tVT000002oUrNYAU
BLACK,BLACK,01tVT000002oUzRYAU
,BLACK,01tVT000002oV13YAE
SLIVER,SLIVER,01tVT000002oVCLYA2
,SLIVER,01tVT000002oVDxYAM
,SLIVER,01tVT000002oVInYAM
,GOLD+BLACK,01tVT000002oVXJYA2
BLACK,BLACK,01tVT000002oVc9YAE
,BLACK,01tVT000002oVfNYAU
,BLACK,01tVT000002oVgzYAE
BLACK,BLACK,01tVT000002oW0LYAU
,BLACK,01tVT000002oW5BYAU
WHITE,WHITE,01tVT000002oWDFYA2
GLASS+BLACK,GLASS+BLACK,01tVT000002oWDGYA2
,WHITE,01tVT000002oWErYAM
WHITE+GOLD,WHITE+GOLD,01tVT000002oWQAYA2
STONE+BROWN,STONE+BROWN,01tVT000002oWTNYA2
,STONE+BROWN,01tVT000002oWUzYAM
GLASS,GLASS,01tVT000002oWefYAE
,GLASS,01tVT000002oWgHYAU
,GLASS+BLACK,01tVT000002oX1FYAU
YELLOW,YELLOW,01tVT000002oXPRYA2
,YELLOW,01tVT000002oXUHYA2
MULTICOLOR,MULTICOLOR,01tVT000002oXhBYAU
,MULTICOLOR,01tVT000002oXinYAE
BLACK+SLIVER+WHITE,BLACK+SLIVER+WHITE,01tVT000002oXqrYAE
,BLACK+SLIVER+WHITE,01tVT000002oXu5YAE
WHITE+BLACK,WHITE+BLACK,01tVT000002oY0XYAU
,BROWN,01tVT000002pEuEYAU
,NATURAL+NEGRO,01tVT000002pGO9YAM
NEGRO,NEGRO,01tVT000002vXXaYAM
VARIOS,VARIOS,01tVT000002vXvlYAE
,VARIOS,01tVT000002vY0bYAE
,NEGRO,01tVT000002vYDVYA2
NEGRO,NEGRO,01tVT000002vYrpYAE
,NEGRO,01tVT000002vYtRYAU
,BLANCO,01tVT000002w8NSYAY
NEGRO,NEGRO,01tVT000002w9GHYAY
,NEGRO,01tVT000002w9L7YAI
CAFE + NEGRO,CAFE + NEGRO,01tVT000002wAx8YAE
NEGRO,NEGRO,01tVT000002wBMvYAM
,NEGRO,01tVT000002wBOXYA2
NEGRO,NEGRO,01tVT000002wBZpYAM
,NEGRO,01tVT000002wBbRYAU
NEGRO,NEGRO,01tVT000002wBoLYAU
,NEGRO,01tVT000002wBpxYAE
NEGRO,NEGRO,01tVT000002wBzdYAE
BLANCO / GRIS,BLANCO / GRIS,01tVT000002wC1GYAU
,NEGRO,01tVT000002wC4TYAU
NEGRO,NEGRO,01tVT000002wC7hYAE
,NEGRO,01tVT000002wCCXYA2
,CAFE + NEGRO,01tVT000002wCIzYAM
,BLANCO / GRIS,01tVT000002wCinYAE
BLANCO,BLANCO,01tVT000002wCsTYAU
BLANCO,BLANCO,01tVT000002wDF3YAM
NEGRO,NEGRO,01tVT000002wDH1YAM
,BLANCO,01tVT000002wDLVYA2
BLANCO,BLANCO,01tVT000002wDTZYA2
WHITE+GRAY+WOOD,WHITE+GRAY+WOOD,01tVT000002wDTbYAM
,BLACK+YELLOW,01tVT000002wDWoYAM
,BLANCO,01tVT000002wDYPYA2
CAFE + NEGRO,CAFE + NEGRO,01tVT000002wDerYAE
,CAFE + NEGRO,01tVT000002wDgTYAU
,VARIOS,01tVT000002wDgVYAU
,WHITE+GRAY+WOOD,01tVT000002wESsYAM
,MADERA + GRIS,01tVT000002wFQYYA2
MADERA + NEGRO,MADERA + NEGRO,01tVT000002wFf4YAE
BLACK+YELLOW,BLACK+YELLOW,01tVT000002wFvBYAU
,MADERA + NEGRO,01tVT000002wGT3YAM
MADERA + GRIS,MADERA + GRIS,01tVT000002wGknYAE
BLANCO + GRIS,BLANCO + GRIS,01tVT000002wH5mYAE
,BLANCO + GRIS,01tVT000002wH7NYAU
NEGRO + GRIS,NEGRO + GRIS,01tVT000002wHQjYAM
,NEGRO + GRIS,01tVT000002wHVZYA2
VARIOS,VARIOS,01tVT000002wHqXYAU
,NEGRO,01tVT000002wI0DYAU
NEGRO,NEGRO,01tVT000002wI9tYAE
,NEGRO,01tVT000002wIEjYAM
GOLD+GRAY+BLACK,GOLD+GRAY+BLACK,01tVT000002wIJZYA2
,GOLD+GRAY+BLACK,01tVT000002wIOPYA2
NEGRO,NEGRO,01tVT000002wIWTYA2
,NEGRO,01tVT000002wIY5YAM
AZUL + BLANCO,AZUL + BLANCO,01tVT000002wIhlYAE
,AZUL + BLANCO,01tVT000002wIoDYAU
BLACK,BLACK,01tVT000002wJ2jYAE
,BLACK,01tVT000002wJ4LYAU
BLACK,BLACK,01tVT000002wJIrYAM
,BLACK,01tVT000002wJKTYA2
BROWN,BROWN,01tVT000002wJigYAE
BLACK+WOOD+GRAY,BLACK+WOOD+GRAY,01tVT000002wJsLYAU
,BLACK+WOOD+GRAY,01tVT000002wJtxYAE
GOLD+BLACK,GOLD+BLACK,01tVT000002wK6sYAE
GOLD,GOLD,01tVT000002wMNBYA2
,GOLD,01tVT000002wMOnYAM
,GOLD+BLACK,01tVT000002wMVGYA2
,BROWN,01tVT000002wMv3YAE
,VARIOS,01tVT000002y7jqYAA
VARIOS,VARIOS,01tVT000002y8uPYAQ
RED-BROWN+BLACK,RED-BROWN+BLACK,01tVT000002yCZpYAM
,RED-BROWN+BLACK,01tVT000002yCefYAE
REDD-BROWN,REDD-BROWN,01tVT000002yEBpYAM
,REDD-BROWN,01tVT000002yEDRYA2
AZUL + BLANCO,AZUL + BLANCO,01tVT000002yG2LYAU
,WOOD,01tVT000002ymVGYAY
WOOD,WOOD,01tVT000002ymewYAA
WOOD,WOOD,01tVT000002yn4jYAA
,WOOD,01tVT000002yn7xYAA
WOOD,WOOD,01tVT000002ynSvYAI
STONE+WHITE,STONE+WHITE,01tVT000002ynkfYAA
,STONE+WHITE,01tVT000002ynmHYAQ
VARIOS,VARIOS,01tVT000002ynmIYAQ
,WOOD,01tVT000002yo8rYAA
,VARIOS,01tVT000002yoC5YAI
WOOD,WOOD,01tVT000002yoIXYAY
,WOOD,01tVT000002yoK9YAI
VARIOS,VARIOS,01tVT000002yoLlYAI
,VARIOS,01tVT000002yoQbYAI
VARIOS,VARIOS,01tVT000002yof7YAA
,VARIOS,01tVT000002yoiLYAQ
NEGRO,NEGRO,01tVT000002yotdYAA
,NEGRO,01tVT000002yoyTYAQ
WOOD,WOOD,01tVT000002yp05YAA
,WOOD,01tVT000002yp1hYAA
NEGRO,NEGRO,01tVT000002yp9lYAA
,NEGRO,01tVT000002ypBNYAY
WOOD,WOOD,01tVT000002ypOHYAY
,WOOD,01tVT000002ypPtYAI
WOOD,WOOD,01tVT000002ypZZYAY
,WOOD,01tVT000002ypcnYAA
,GRIS,01tVT000002yxC9YAI
GRIS CLARO,GRIS CLARO,01tVT000002zSSrYAM
,GRIS CLARO,01tVT000002zSW5YAM
GRIS,GRIS,01tVT000002zaOoYAI
,MADERA + NEGRO,01tVT000002zav5YAA
MADERA + NEGRO,MADERA + NEGRO,01tVT000002zcyTYAQ
,GRIS,01tVT000002zd06YAA
,GRIS,01tVT000002zdJRYAY
NEGRO + GRIS,NEGRO + GRIS,01tVT000002zdePYAQ
,NEGRO + GRIS,01tVT000002zdg1YAA
,GRIS,01tVT000002zdksYAA
MADERA + BEIGE,MADERA + BEIGE,01tVT000002zdo5YAA
,MADERA + BEIGE,01tVT000002zdrJYAQ
GRIS,GRIS,01tVT000002ze0zYAA
GRIS,GRIS,01tVT000002ze2bYAA
,GRIS,01tVT000002ze5pYAA
GRIS,GRIS,01tVT000002zeH7YAI
GRIS,GRIS,01tVT000002zeSPYAY
,GRIS,01tVT000002zeXFYAY
VARIOS,VARIOS,01tVT000002zeaTYAQ
,VARIOS,01tVT000002zec5YAA
,CAFE + MARRON,01tVT000002zec6YAA
CAQUI,CAQUI,01tVT000002zegvYAA
,CAQUI,01tVT000002zellYAA
,AZUL,01tVT000002zenOYAQ
CAFE + MARRON,CAFE + MARRON,01tVT000002zex3YAA
WOOD,WOOD,01tVT000002zf58YAA
MARRON,MARRON,01tVT000002zfDBYAY
,MARRON,01tVT000002zfEnYAI
AZUL,AZUL,01tVT000002zfWXYAY
BLANCO,BLANCO,01tVT000002zfjRYAQ
,BLANCO,01tVT000002zfl3YAA
BLANCO,BLANCO,01tVT000002zfrVYAQ
,WOOD,01tVT000002zhV7YAI
GRIS,GRIS,01tVT000002zt01YAA
,GRIS,01tVT000002zt02YAA
MADERA + GRIS,MADERA + GRIS,01tVT0000030C97YAE
,MADERA + GRIS,01tVT0000030CAjYAM
NEGRO,NEGRO,01tVT0000030CaXYAU
,NEGRO,01tVT0000030CfNYAU
,MADERA,01tVT0000030DA2YAM
MADERA,MADERA,01tVT0000030F0YYAU
NEGRO,NEGRO,01tVT0000030JwzYAE
,NEGRO,01tVT0000030JybYAE
NEGRO,NEGRO,01tVT0000030LIsYAM
,AZUL + BLANCO,01tVT0000030LYzYAM
NEGRO,NEGRO,01tVT0000030LdpYAE
,NEGRO,01tVT0000030LfRYAU
,NEGRO,01tVT0000030LvZYAU
BLACK,BLACK,01tVT0000030vhJYAQ
,BLACK,01tVT0000030vpNYAQ
BLACK,BLACK,01tVT0000030w5VYAQ
,BLACK,01tVT0000030wALYAY
BLACK,BLACK,01tVT0000030wIQYAY
,BLACK,01tVT0000030wQTYAY
BLACK,BLACK,01tVT0000030wlRYAQ
,BLACK,01tVT0000030wn3YAA
BLACK,BLACK,01tVT0000030xftYAA
,BLACK,01tVT0000030xkjYAA
BLACK,BLACK,01tVT0000030y45YAA
,BLACK,01tVT0000030y7JYAQ
,NEGRO,01tVT00000314r4YAA
VARIOS,VARIOS,01tVT00000315NJYAY
VARIOS,VARIOS,01tVT00000315OvYAI
,VARIOS,01tVT00000315QXYAY
VARIOS,VARIOS,01tVT00000315jtYAA
,VARIOS,01tVT00000315lVYAQ
,VARIOS,01tVT00000315qLYAQ
VARIOS,VARIOS,01tVT00000315yPYAQ
,VARIOS,01tVT0000031601YAA
NEGRO,NEGRO,01tVT000003164rYAA
VARIOS,VARIOS,01tVT00000316RRYAY
,VARIOS,01tVT00000316T3YAI
VARIOS,VARIOS,01tVT00000316UfYAI
,VARIOS,01tVT00000316WHYAY
VARIOS,VARIOS,01tVT00000316pdYAA
,VARIOS,01tVT00000316rFYAQ
,VARIOS,01tVT000003174AYAQ
VARIOS,VARIOS,01tVT00000317KHYAY
,VARIOS,01tVT000003334UYAQ
VARIOS,VARIOS,01tVT00000335e9YAA
,VARIOS,01tVT00000335izYAA
VARIOS,VARIOS,01tVT00000335sfYAA
BLACK,BLACK,01tVT0000033dHdYAI
,BLACK,01tVT0000033dMTYAY
WHITE,WHITE,01tVT0000033dZNYAY
,WHITE,01tVT0000033dazYAA
BLACK,BLACK,01tVT0000033dkfYAA
,BLACK,01tVT0000033dntYAA
BLACK,BLACK,01tVT0000033e5dYAA
,BLACK,01tVT0000033eATYAY
,MADERA + BLANCO,01tVT0000033ewsYAA
,MADERA + GRIS,01tVT0000033fwAYAQ
MADERA + BLANCO,MADERA + BLANCO,01tVT0000033gtpYAA
ROJO + MADERA,ROJO + MADERA,01tVT0000033h57YAA
,ROJO + MADERA,01tVT0000033h6jYAA
,MADERA + GRIS,01tVT0000033hgEYAQ
,NARANJA + BLANCO,01tVT0000033iNmYAI
MADERA + AZUL,MADERA + AZUL,01tVT0000033iikYAA
MADERA + GRIS,MADERA + GRIS,01tVT0000033iqoYAA
,MADERA + AZUL,01tVT0000033jy9YAA
MADERA + GRIS,MADERA + GRIS,01tVT0000033kB3YAI
,MADERA + GRIS,01tVT0000033kCfYAI
GRAY,GRAY,01tVT0000033kEHYAY
GRAY,GRAY,01tVT0000033kFuYAI
,GRAY,01tVT0000033kJ7YAI
MADERA + GRIS,MADERA + GRIS,01tVT0000033kcTYAQ
NEGRO,NEGRO,01tVT0000033kuDYAQ
,NEGRO,01tVT0000033kvpYAA
GOLD,GOLD,01tVT0000033kz3YAA
,GOLD,01tVT0000033l0fYAA
NARANJA + NEGRO,NARANJA + NEGRO,01tVT0000033lBxYAI
,NARANJA + NEGRO,01tVT0000033lDZYAY
NARANJA + NEGRO,NARANJA + NEGRO,01tVT0000033lQTYAY
,NARANJA + NEGRO,01tVT0000033lS5YAI
,VARIOS,01tVT0000033lWwYAI
VERDE + BLANCO,VERDE + BLANCO,01tVT0000033lezYAA
,VERDE + BLANCO,01tVT0000033ljpYAA
NARANJA + BLANCO,NARANJA + BLANCO,01tVT0000033ljqYAA
AMARILLO,AMARILLO,01tVT0000033lruYAA
BLACK,BLACK,01tVT0000033lzxYAA
,BLACK,01tVT0000033m4nYAA
VARIOS,VARIOS,01tVT0000033m9dYAA
,VARIOS,01tVT0000033mBFYAY
GRAY,GRAY,01tVT0000033mSzYAI
,GRAY,01tVT0000033mXpYAI
VARIOS,VARIOS,01tVT0000033mb3YAA
GRIS,GRIS,01tVT0000033mhVYAQ
,GRIS,01tVT0000033mj7YAA
ROSA + BLANCO,ROSA + BLANCO,01tVT0000033n2TYAQ
,AZUL,01tVT0000033n2UYAQ
,ROSA + BLANCO,01tVT0000033n45YAA
,GRAY,01tVT0000033nDlYAI
VARIOS,VARIOS,01tVT0000033nFNYAY
,VARIOS,01tVT0000033nIbYAI
GRAY,GRAY,01tVT0000033nSHYAY
,GRAY,01tVT0000033nVVYAY
AZUL,AZUL,01tVT0000033nYjYAI
,AMARILLO,01tVT0000033nvJYAQ
BLANCO,BLANCO,01tVT0000033o9pYAA
,BLANCO,01tVT0000033oBRYAY
AZUL,AZUL,01tVT0000033orNYAQ
,AZUL,01tVT0000033oszYAA
,NEGRO,01tVT0000033pAkYAI
NEGRO,NEGRO,01tVT0000033plpYAA
,GRIS CLARO,01tVT0000034JjxYAE
,GRAY,01tVT0000034KL0YAM
GRAY,GRAY,01tVT0000034KzJYAU
BLANCO,BLANCO,01tVT0000034MTFYA2
,BLANCO,01tVT0000034MWTYA2
,DORADO,01tVT0000034McwYAE
VARIOS,VARIOS,01tVT0000034Mg9YAE
,VARIOS,01tVT0000034MhlYAE
GRAY,GRAY,01tVT0000034MjOYAU
,BLANCO,01tVT0000034Ml0YAE
VERDE,VERDE,01tVT0000034MwHYAU
,VERDE,01tVT0000034MxtYAE
DORADO,DORADO,01tVT0000034N7bYAE
,GRAY,01tVT0000034N9BYAU
GRAY,GRAY,01tVT0000034NNhYAM
NEGRO,NEGRO,01tVT0000034NPJYA2
,GRAY,01tVT0000034NQvYAM
,NEGRO,01tVT0000034NSXYA2
DORADO,DORADO,01tVT0000034NacYAE
,VARIOS,01tVT0000034NaeYAE
BLACK,BLACK,01tVT0000034NdpYAE
,BLACK,01tVT0000034Nh3YAE
BLANCO,BLANCO,01tVT0000034NkHYAU
,DORADO,01tVT0000034NtyYAE
BROWN,BROWN,01tVT0000034OA5YAM
,BROWN,01tVT0000034OEvYAM
VARIOS,VARIOS,01tVT0000034OObYAM
,VARIOS,01tVT0000034OQDYA2
BLACK,BLACK,01tVT0000034OYHYA2
,DORADO,01tVT0000034OZtYAM
,BLACK,01tVT0000034ObVYAU
VARIOS,VARIOS,01tVT0000034OhxYAE
,VARIOS,01tVT0000034OwUYAU
,BROWN,01tVT0000034P2wYAE
VARIOS,VARIOS,01tVT0000034PhFYAU
DORADO,DORADO,01tVT0000034PkTYAU
GOLD,GOLD,01tVT0000034PsXYAU
,GOLD,01tVT0000034Pu9YAE
DORADO,DORADO,01tVT0000034PxNYAU
,DORADO,01tVT0000034PyzYAE
GRIS CLARO,GRIS CLARO,01tVT0000034QDVYA2
BROWN,BROWN,01tVT0000034QF7YAM
BROWN,BROWN,01tVT0000034QdJYAU
,BROWN,01tVT0000034QevYAE
VARIOS,VARIOS,01tVT0000034QocYAE
BROWN/GRAY,BROWN/GRAY,01tVT0000034R7xYAE
,BROWN/GRAY,01tVT0000034RBBYA2
BROWN,BROWN,01tVT0000034RJFYA2
,BROWN,01tVT0000034RMTYA2
VARIOS,VARIOS,01tVT0000034SNPYA2
,VARIOS,01tVT0000034UQnYAM
VARIOS,VARIOS,01tVT0000034Uc5YAE
,VARIOS,01tVT0000034UgvYAE
DORADO,DORADO,01tVT0000034UllYAE
,DORADO,01tVT0000034UnNYAU
,DORADO,01tVT0000034V0IYAU
DORADO,DORADO,01tVT0000034V57YAE
VARIOS,VARIOS,01tVT0000034V9xYAE
,VARIOS,01tVT0000034VEnYAM
,VARIOS,01tVT0000034VTJYA2
MULTICOLOR,MULTICOLOR,01tVT0000034VxxYAE
,MULTICOLOR,01tVT0000034VzZYAU
MULTICOLOR,MULTICOLOR,01tVT0000034W7dYAE
,MULTICOLOR,01tVT0000034W9FYAU
VARIOS,VARIOS,01tVT0000034WdtYAE
,VARIOS,01tVT0000034Wh7YAE
BLACK+WOOD,BLACK+WOOD,01tVT0000034WqnYAE
,BLACK+WOOD,01tVT0000034WyrYAE
CAFE,CAFE,01tVT0000034X5JYAU
,CAFE,01tVT0000034X5KYAU
,CAFE,01tVT0000034X6vYAE
GRAY,GRAY,01tVT0000034XJpYAM
,GRAY,01tVT0000034XOfYAM
CAFE,CAFE,01tVT0000034XwXYAU
GOLD,GOLD,01tVT0000034Xy9YAE
,GOLD,01tVT0000034Y2zYAE
VARIOS,VARIOS,01tVT0000034Z0mYAE
,VARIOS,01tVT0000034bXHYAY
VARIOS,VARIOS,01tVT0000034ed7YAA
,VARIOS,01tVT0000034f4XYAQ
BLACK/GREY+WHITE,BLACK/GREY+WHITE,01tVT0000035DVxYAM
BEIGE,BEIGE,01tVT0000035DVzYAM
,BLACK/GREY+WHITE,01tVT0000035DanYAE
VARIOS,VARIOS,01tVT0000035De2YAE
BROWN,BROWN,01tVT0000035DnhYAE
,BROWN,01tVT0000035DsXYAU
,GRAY,01tVT0000035E5SYAU
,BLACK + CREMA,01tVT0000035EIMYA2
,VARIOS,01tVT0000035EOoYAM
GRAY,GRAY,01tVT0000035EQPYA2
,GRAY,01tVT0000035ES1YAM
GRAY,GRAY,01tVT0000035EVGYA2
GRAY,GRAY,01tVT0000035EmzYAE
VARIOS,VARIOS,01tVT0000035EztYAE
,VARIOS,01tVT0000035F37YAE
,GRAY,01tVT0000035F4jYAE
VARIOS,VARIOS,01tVT0000035FCnYAM
,VARIOS,01tVT0000035FKrYAM
ROSA + BLANCO,ROSA + BLANCO,01tVT0000035FSwYAM
BROWN,BROWN,01tVT0000035FntYAE
,BLANCO,01tVT0000035FpWYAU
,BROWN,01tVT0000035FsjYAE
AZUL,AZUL,01tVT0000035GLlYAM
,AZUL,01tVT0000035GQbYAM
BLACK + CREMA,BLACK + CREMA,01tVT0000035GbtYAE
AZUL / BLANCO,AZUL / BLANCO,01tVT0000035GnBYAU
,AZUL / BLANCO,01tVT0000035GqPYAU
BLACK + CREMA,BLACK + CREMA,01tVT0000035Gs1YAE
,BLACK + CREMA,01tVT0000035GtdYAE
VARIOS,VARIOS,01tVT0000035GteYAE
VARIOS,VARIOS,01tVT0000035H1hYAE
,VARIOS,01tVT0000035H3JYAU
BLANCO,BLANCO,01tVT0000035HBNYA2
GRAY+WOOD,GRAY+WOOD,01tVT0000035HHpYAM
,GRAY+WOOD,01tVT0000035HJRYA2
,BEIGE,01tVT0000035HUjYAM
VARIOS,VARIOS,01tVT0000035HePYAU
,VARIOS,01tVT0000035HjFYAU
,VARIOS,01tVT0000035Hw9YAE
,BROWN,01tVT0000035HxoYAE
VARIOS,VARIOS,01tVT0000035I4DYAU
,VARIOS,01tVT0000035I93YAE
,ROSA + BLANCO,01tVT0000035IPBYA2
BEIGE,BEIGE,01tVT0000035IaTYAU
,BEIGE,01tVT0000035Ic5YAE
MADERA,MADERA,01tVT0000035IgvYAE
,MADERA,01tVT0000035IiXYAU
,BLACK,01tVT0000035J8MYAU
BLACK,BLACK,01tVT0000035KIvYAM
BROWN,BROWN,01tVT0000035KPNYA2
VARIOS,VARIOS,01tVT0000035KafYAE
,VARIOS,01tVT0000035KcHYAU
GRAY,GRAY,01tVT0000035KkLYAU
,GRAY,01tVT0000035KpBYAU
BLACK + GRIS,BLACK + GRIS,01tVT0000035L5JYAU
,BLACK + GRIS,01tVT0000035LA9YAM
CAFE,CAFE,01tVT0000035OMXYA2
,CAFE,01tVT0000035OO9YAM
,VARIOS,01tVT0000035OnyYAE
,CAFE,01tVT0000035OuQYAU
YELLOW + BLACK + CREMA,YELLOW + BLACK + CREMA,01tVT0000035Qo9YAE
,YELLOW + BLACK + CREMA,01tVT0000035QplYAE
BEIGE,BEIGE,01tVT0000035QubYAE
,BEIGE,01tVT0000035QzRYAU
CAFE,CAFE,01tVT0000035RIoYAM
ROJO,ROJO,01tVT0000035RKPYA2
,ROJO,01tVT0000035RM1YAM
VARIOS,VARIOS,01tVT0000035RdlYAE
,VARIOS,01tVT0000035RfNYAU
VARIOS,VARIOS,01tVT0000035RnRYAU
,VARIOS,01tVT0000035Rp3YAE
VARIOS,VARIOS,01tVT0000035S8PYAU
NEGRO,NEGRO,01tVT0000035SJhYAM
,NEGRO,01tVT0000035SOXYA2
NEGRO,NEGRO,01tVT0000035SmjYAE
,NEGRO,01tVT0000035SoLYAU
BLANCO,BLANCO,01tVT0000035StCYAU
NEGRO,NEGRO,01tVT0000035SwQYAU
NEGRO,NEGRO,01tVT0000035Sy2YAE
BLANCO,BLANCO,01tVT0000035T1FYAU
,BLANCO,01tVT0000035T65YAE
,BLANCO,01tVT0000035TFlYAM
,NEGRO,01tVT0000035TFnYAM
NEGRO,NEGRO,01tVT0000035TR3YAM
,NEGRO,01tVT0000035TSfYAM
,NEGRO,01tVT0000035TZ8YAM
,NEGRO,01tVT0000035Tm1YAE
NEGRO,NEGRO,01tVT0000035TxJYAU
,NEGRO,01tVT0000035U0XYAU
NEGRO,NEGRO,01tVT0000035UF3YAM
,NEGRO,01tVT0000035UGfYAM
NEGRO,NEGRO,01tVT0000035UQLYA2
BLANCO,BLANCO,01tVT0000035Uq9YAE
,BLANCO,01tVT0000035UrlYAE
NEGRO,NEGRO,01tVT0000035V6HYAU
,NEGRO,01tVT0000035V7tYAE
,VARIOS,01tVT00000360N1YAI
AZUL + NEGRO,AZUL + NEGRO,01tVT00000361ULYAY
,AZUL + NEGRO,01tVT00000361VxYAI
VARIOS,VARIOS,01tVT00000361m5YAA
,VARIOS,01tVT00000361m6YAA
,VARIOS,01tVT00000361qvYAA
VARIOS,VARIOS,01tVT00000361xNYAQ
,CLARO,01tVT0000036274YAA
VARIOS,VARIOS,01tVT00000362AHYAY
,AZUL,01tVT00000362DWYAY
AZUL + NEGRO,AZUL + NEGRO,01tVT00000362S1YAI
MULTICOLOR,MULTICOLOR,01tVT00000362YUYAY
,AZUL + NEGRO,01tVT00000362a5YAA
AZUL,AZUL,01tVT00000362dKYAQ
VARIOS,VARIOS,01tVT00000363JFYAY
,VARIOS,01tVT00000363KrYAI
VARIOS,VARIOS,01tVT00000363azYAA
,VARIOS,01tVT00000363eDYAQ
CLARO,CLARO,01tVT00000363kfYAA
CLARO,CLARO,01tVT00000363r7YAA
,CLARO,01tVT00000363sjYAA
MULTICOLOR,MULTICOLOR,01tVT00000363xZYAQ
,MULTICOLOR,01tVT000003642PYAQ
,MULTICOLOR,01tVT000003648rYAA
,BLANCO,01tVT00000364qPYAQ
GOLD,GOLD,01tVT00000365eQYAQ
BLACK + GRAY,BLACK + GRAY,01tVT00000365o6YAA
,BLACK + GRAY,01tVT00000366AfYAI
,GOLD,01tVT00000366sDYAQ
,BLUE+WOOD,01tVT00000367JfYAI
BROWN+BLACK,BROWN+BLACK,01tVT00000369enYAA
,BROWN+BLACK,01tVT00000369mrYAA
GOLD+BLACK+WHITE,GOLD+BLACK+WHITE,01tVT00000369oUYAQ
,GOLD+BLACK+WHITE,01tVT0000036ANxYAM
BLUE+WOOD,BLUE+WOOD,01tVT0000036AarYAE
,MADERA,01tVT0000036BX0YAM
,GRAY + NEGRO,01tVT0000036CHjYAM
GRAY + NEGRO,GRAY + NEGRO,01tVT0000036FFdYAM
,SILVER,01tVT0000036FU8YAM
MADERA,MADERA,01tVT0000036KwrYAE
,BLACK+GRAY,01tVT0000036LJPYA2
SILVER,SILVER,01tVT0000036OFeYAM
BLACK+GRAY,BLACK+GRAY,01tVT0000036PhxYAE
,MADERA,01tVT0000036SKsYAM
MADERA,MADERA,01tVT0000036TDhYAM
BLACK+GRAY,BLACK+GRAY,01tVT0000038XrVYAU
,BLACK+GRAY,01tVT0000038Xt7YAE
,BROWN+CREAM,01tVT0000038aW2YAI
BROWN+CREAM,BROWN+CREAM,01tVT0000038bTiYAI
BLACK + CREMA,BLACK + CREMA,01tVT0000038chVYAQ
,BLACK + CREMA,01tVT0000038cj7YAA
,BLACK+CREAM,01tVT0000038dNSYAY
BLACK+CREAM,BLACK+CREAM,01tVT0000038eRgYAI
,NEGRO,01tVT0000038fdmYAA
,WOOD+BLACK,01tVT0000038g6oYAA
BLACK+CREAM,BLACK+CREAM,01tVT0000038gGTYAY
,BLACK+CREAM,01tVT0000038gLJYAY
WOOD+BLACK,WOOD+BLACK,01tVT0000038gy3YAA
BLACK,BLACK,01tVT0000038gzdYAA
,BLACK,01tVT0000038h1FYAQ
,BROWN,01tVT0000038hR4YAI
BROWN,BROWN,01tVT0000038hZ7YAI
NEGRO + BLANCO,NEGRO + BLANCO,01tVT0000038i71YAA
GRAY,GRAY,01tVT0000038iRxYAI
,GRAY,01tVT0000038iTZYAY
BLACK+WOOD,BLACK+WOOD,01tVT0000038irlYAA
,BLACK+WOOD,01tVT0000038itNYAQ
,BLANCO + NEGRO,01tVT0000038itPYAQ
NEGRO,NEGRO,01tVT0000038j6HYAQ
NEGRO / BLANCO,NEGRO / BLANCO,01tVT0000038jXhYAI
,NEGRO / BLANCO,01tVT0000038jZJYAY
BLANCO + NEGRO,BLANCO + NEGRO,01tVT0000038jhOYAQ
WOOD,WOOD,01tVT0000038jr3YAA
,WOOD,01tVT0000038jsfYAA
,NEGRO + BLANCO,01tVT0000038k7BYAQ
BLANCO,BLANCO,01tVT0000038kNJYAY
,BLANCO,01tVT0000038kS9YAI
BLANCO,BLANCO,01tVT0000038kf3YAA
,BLANCO,01tVT0000038kgfYAA
BLANCO,BLANCO,01tVT0000038lPpYAI
,BLANCO,01tVT0000038lZVYAY
BLANCO,BLANCO,01tVT0000038lpdYAA
,BLANCO,01tVT0000038lsrYAA
,NEGRO,01tVT0000039cE3YAI
BLANCO + NEGRO,BLANCO + NEGRO,01tVT0000039efdYAA
,BLANCO + NEGRO,01tVT0000039eirYAA
NEGRO,NEGRO,01tVT0000039evlYAA
,BLANCO O NEGRO,01tVT0000039fBvYAI
BLANCO,BLANCO,01tVT0000039gO6YAI
BLANCO,BLANCO,01tVT0000039iCzYAI
,BLANCO,01tVT0000039iEbYAI
,BLANCO,01tVT0000039iZZYAY
BLANCO,BLANCO,01tVT0000039ijFYAQ
,BLANCO,01tVT0000039io5YAA
BLANCO O NEGRO,BLANCO O NEGRO,01tVT0000039iphYAA
BLANCO,BLANCO,01tVT0000039iw9YAA
,BLANCO,01tVT0000039ixlYAA
BLANCO O NEGRO,BLANCO O NEGRO,01tVT0000039j4DYAQ
,BLANCO O NEGRO,01tVT0000039j5pYAA
GRIS,GRIS,01tVT0000039jXFYAY
,GRIS,01tVT0000039jYrYAI
NEGRO,NEGRO,01tVT0000039l2oYAA
ROJO,ROJO,01tVT0000039lXRYAY
,ROJO,01tVT0000039lZ3YAI
,NEGRO,01tVT0000039lkLYAQ
NEGRO,NEGRO,01tVT0000039lsPYAQ
,NEGRO,01tVT0000039lu1YAA
GRIS OSCURO,GRIS OSCURO,01tVT0000039m0TYAQ
,GRIS OSCURO,01tVT0000039m25YAA
VERDE,VERDE,01tVT000003ECagYAG
CAFE,CAFE,01tVT000003EDQIYA4
NEGRO,NEGRO,01tVT000003EF2HYAW
,NEGRO,01tVT000003EF77YAG
,VERDE,01tVT000003EFGnYAO
,CAFE,01tVT000003EFNFYA4
AZUL,AZUL,01tVT000003EFblYAG
,AZUL,01tVT000003EFgbYAG
NARANJA,NARANJA,01tVT000003EI8DYAW
,NARANJA,01tVT000003EI9pYAG
BLANCO O NEGRO,BLANCO O NEGRO,01tVT000003EIg6YAG
VARIOS,VARIOS,01tVT000003EIpmYAG
,VARIOS,01tVT000003EJ2fYAG
AZUL,AZUL,01tVT000003EJ97YAG
,BLANCO O NEGRO,01tVT000003EJNeYAO
,AZUL,01tVT000003EJsHYAW
GRIS,GRIS,01tVT000003EKgHYAW
,GRIS,01tVT000003EKl7YAG
GRIS,GRIS,01tVT000003EKunYAG
,GRIS,01tVT000003EKwPYAW
MULTICOLOR,MULTICOLOR,01tVT000003EL2rYAG
,MULTICOLOR,01tVT000003ELAvYAO
AZUL,AZUL,01tVT000003ELPRYA4
,AZUL,01tVT000003ELR3YAO
ROSA,ROSA,01tVT000003ENFxYAO
,ROSA,01tVT000003ENSrYAO
,NEGRO,01tVT000003ExPuYAK
ROSA,ROSA,01tVT000003EyVeYAK
,ROSA,01tVT000003EygvYAC
MULTICOLOR,MULTICOLOR,01tVT000003EyozYAC
,MULTICOLOR,01tVT000003EyqbYAC
AZUL,AZUL,01tVT000003Ez0HYAS
,AZUL,01tVT000003Ez1tYAC
VERDE + NEGRO,VERDE + NEGRO,01tVT000003Ez1uYAC
,AZUL,01tVT000003Ez3WYAS
ROSA RAYADO,ROSA RAYADO,01tVT000003Ez58YAC
,ROSA RAYADO,01tVT000003EzBZYA0
MULTICOLOR,MULTICOLOR,01tVT000003EzDBYA0
,MULTICOLOR,01tVT000003EzEnYAK
AZUL,AZUL,01tVT000003EzOTYA0
,AZUL,01tVT000003EzukYAC
CLARO,CLARO,01tVT000003F126YAC
,VERDE + NEGRO,01tVT000003F18YYAS
ROJO + NEGRO,ROJO + NEGRO,01tVT000003F1TVYA0
,ROJO + NEGRO,01tVT000003F1YLYA0
VERDE,VERDE,01tVT000003F1i1YAC
,VERDE,01tVT000003F1jdYAC
SILVER,SILVER,01tVT000003F1mrYAC
,SILVER,01tVT000003F1oTYAS
GRIS,GRIS,01tVT000003F1tJYAS
,GRIS,01tVT000003F1y9YAC
NEGRO,NEGRO,01tVT000003F21NYAS
AZUL,AZUL,01tVT000003F26DYAS
,CLARO,01tVT000003F2HVYA0
SILVER,SILVER,01tVT000003F5gnYAC
,SILVER,01tVT000003F5ldYAC
VERDE,VERDE,01tVT000003F63NYAS
,VERDE,01tVT000003F64zYAC
NEGRO,NEGRO,01tVT000003F6JVYA0
,NEGRO,01tVT000003F6OLYA0
BLANCO + NEGRO,BLANCO + NEGRO,01tVT000003F6TDYA0
AZUL,AZUL,01tVT000003F6oAYAS
,AZUL,01tVT000003F6q3YAC
VARIOS,VARIOS,01tVT000003F75uYAC
,NEGRO,01tVT000003F799YAC
GRIS,GRIS,01tVT000003F7AjYAK
,GRIS,01tVT000003F7DxYAK
,BLANCO + NEGRO,01tVT000003F7HBYA0
NEGRO,NEGRO,01tVT000003F7PFYA0
,NEGRO,01tVT000003F7STYA0
NEGRO,NEGRO,01tVT000003F7XJYA0
AZUL,AZUL,01tVT000003F7c9YAC
,AZUL,01tVT000003F7dlYAC
,VARIOS,01tVT000003F7tuYAC
NEGRO,NEGRO,01tVT000003F8bRYAS
,NEGRO,01tVT000003F8d3YAC
AZUL,AZUL,01tVT000003F8oLYAS
,AZUL,01tVT000003F8pxYAC
BLANCO + NEGRO,BLANCO + NEGRO,01tVT000003F8zdYAC
,BLANCO + NEGRO,01tVT000003F91FYAS
AZUL,AZUL,01tVT000003F92rYAC
,AZUL,01tVT000003F97hYAC
MULTICOLOR,MULTICOLOR,01tVT000003F9hBYAS
,MULTICOLOR,01tVT000003F9inYAC
VARIOS,VARIOS,01tVT000003F9qrYAC
,VARIOS,01tVT000003F9sTYAS
CAQUI,CAQUI,01tVT000003FA5NYAW
,CAQUI,01tVT000003FAADYA4
,GRAY+BLACK,01tVT000003FAAEYA4
CAQUI,CAQUI,01tVT000003FAJtYAO
,CAQUI,01tVT000003FALVYA4
VARIOS,VARIOS,01tVT000003FAoXYAW
,VARIOS,01tVT000003FAq9YAG
AZUL,AZUL,01tVT000003FAqBYAW
MULTICOLOR,MULTICOLOR,01tVT000003FAyDYAW
,MULTICOLOR,01tVT000003FAzpYAG
GRAY+BLACK,GRAY+BLACK,01tVT000003FB6HYAW
VERDE,VERDE,01tVT000003FBB7YAO
,VERDE,01tVT000003FBEMYA4
GRAY,GRAY,01tVT000003FBFxYAO
,GRAY,01tVT000003FBHZYA4
AZUL,AZUL,01tVT000003FBO2YAO
,AZUL,01tVT000003FBcXYAW
BROWN+GRAY,BROWN+GRAY,01tVT000003FBizYAG
,BROWN+GRAY,01tVT000003FBmDYAW
AZUL,AZUL,01tVT000003FBpRYAW
,AZUL,01tVT000003FBr3YAG
AZUL,AZUL,01tVT000003FBxVYAW
,AZUL,01tVT000003FBz7YAG
,AZUL,01tVT000003FCAPYA4
VARIOS,VARIOS,01tVT000003FCK5YAO
,VARIOS,01tVT000003FCLhYAO
,MARRON,01tVT000003G1HnYAK
,VARIOS,01tVT000003G290YAC
BLANCO,BLANCO,01tVT000003G2k6YAC
VARIOS,VARIOS,01tVT000003G39vYAC
,VARIOS,01tVT000003G3GNYA0
VARIOS,VARIOS,01tVT000003G3OPYA0
VARIOS,VARIOS,01tVT000003G3cvYAC
,VARIOS,01tVT000003G3eXYAS
,VARIOS,01tVT000003G3gAYAS
VARIOS,VARIOS,01tVT000003G3oDYAS
,VARIOS,01tVT000003G3ppYAC
AZUL,AZUL,01tVT000003G3wHYAS
GRIS CLARO + NEGRO,GRIS CLARO + NEGRO,01tVT000003G42kYAC
VARIOS,VARIOS,01tVT000003G4U9YAK
,AZUL,01tVT000003G4YzYAK
,GRIS CLARO + NEGRO,01tVT000003G4ltYAC
,VARIOS,01tVT000003G521YAC
,AZUL CLARO,01tVT000003G5N0YAK
AZUL CLARO + BLANCO,AZUL CLARO + BLANCO,01tVT000003G5V4YAK
NEGRO,NEGRO,01tVT000003G5bVYAS
MARRON,MARRON,01tVT000003G5ejYAC
,NEGRO,01tVT000003G5gLYAS
GRIS + NEGRO,GRIS + NEGRO,01tVT000003G5hyYAC
AZUL CLARO + BLANCO,AZUL CLARO + BLANCO,01tVT000003G5tGYAS
VARIOS,VARIOS,01tVT000003G5wTYAS
AZUL CLARO + BLANCO,AZUL CLARO + BLANCO,01tVT000003G5y7YAC
AZUL,AZUL,01tVT000003G6SkYAK
,AZUL CLARO + BLANCO,01tVT000003G6cQYAS
,AZUL CLARO + BLANCO,01tVT000003G6kTYAS
BEIGE,BEIGE,01tVT000003G6xNYAS
,BEIGE,01tVT000003G70bYAC
,AZUL CLARO + BLANCO,01tVT000003G773YAC
VERDE,VERDE,01tVT000003G7BtYAK
,VERDE,01tVT000003G7F7YAK
AZUL CLARO,AZUL CLARO,01tVT000003G7OoYAK
,BLANCO,01tVT000003G7TdYAK
NEGRO,NEGRO,01tVT000003G7VFYA0
,NEGRO,01tVT000003G7WrYAK
,GRIS + NEGRO,01tVT000003G7dKYAS
GRIS OSCURO,GRIS OSCURO,01tVT000003G8sjYAC
,GRIS OSCURO,01tVT000003G8vxYAC
GRIS OSCURO,GRIS OSCURO,01tVT000003G9DhYAK
,GRIS OSCURO,01tVT000003G9GvYAK
,AZUL,01tVT000003G9jxYAC
BEIGE,BEIGE,01tVT000003GA3JYAW
,BEIGE,01tVT000003GA4vYAG
,AZUL,01tVT000003GICAYA4
BEIGE,BEIGE,01tVT000003GJo9YAG
,BEIGE,01tVT000003GJplYAG
AZUL,AZUL,01tVT000003GKInYAO
,AZUL,01tVT000003GKKPYA4
AZUL,AZUL,01tVT000003GLTNYA4
,AZUL,01tVT000003GLUzYAO
AZUL,AZUL,01tVT000003GLgHYAW
,AZUL,01tVT000003GLl7YAG
OSCURO,OSCURO,01tVT000003GMhBYAW
,OSCURO,01tVT000003GMkPYAW
AZUL,AZUL,01tVT000003GOcXYAW
,VARIOS,01tVT000003HGhmYAG
,LIGHT BROWN,01tVT000003HH5zYAG
LIGHT BROWN,LIGHT BROWN,01tVT000003HL37YAG
BLACK+GRAY,BLACK+GRAY,01tVT000003HLj3YAG
,BLACK+GRAY,01tVT000003HLkfYAG
VARIOS,VARIOS,01tVT000003HLpVYAW
NEGRO,NEGRO,01tVT000003HMNNYA4
BLACK+ORANGE+WHITE,BLACK+ORANGE+WHITE,01tVT000003HMNOYA4
,NEGRO,01tVT000003HMOzYAO
,BLACK+ORANGE+WHITE,01tVT000003HMYfYAO
CAFE,CAFE,01tVT000003HMbtYAG
,CAFE,01tVT000003HMdVYAW
BLANCO + NEGRO,BLANCO + NEGRO,01tVT000003HOdiYAG
BLANCO + NEGRO,BLANCO + NEGRO,01tVT000003HOdjYAG
CAFE,CAFE,01tVT000003HP57YAG
,CAFE,01tVT000003HP6jYAG
LIGHT BROWN+ORANGE,LIGHT BROWN+ORANGE,01tVT000003HP8LYAW
VARIOS,VARIOS,01tVT000003HPMrYAO
,VARIOS,01tVT000003HPUvYAO
,GRAY,01tVT000003HPd0YAG
VARIOS,VARIOS,01tVT000003HPjRYAW
,VARIOS,01tVT000003HPl3YAG
AZUL + NEGRO,AZUL + NEGRO,01tVT000003HQ2nYAG
,AZUL + NEGRO,01tVT000003HQ4PYAW
,BLANCO + NEGRO,01tVT000003HQijYAG
GRAY,GRAY,01tVT000003HQpBYAW
,BLANCO + NEGRO,01tVT000003HQvdYAG
BLACK+GRAY,BLACK+GRAY,01tVT000003HRDOYA4
BLACK+WHITE,BLACK+WHITE,01tVT000003HRLRYA4
,BLACK+WHITE,01tVT000003HRN3YAO
,BLACK+GRAY,01tVT000003HRZyYAO
BLACK,BLACK,01tVT000003HRgPYAW
,BLACK,01tVT000003HRi1YAG
,BLACK+WHITE,01tVT000003HRlGYAW
,BLACK+WHITE,01tVT000003HRriYAG
BLACK+WHITE,BLACK+WHITE,01tVT000003HSe5YAG
BLACK+WHITE,BLACK+WHITE,01tVT000003HTFBYA4
GREY+WHITE,GREY+WHITE,01tVT000003HTQTYA4
,GREY+WHITE,01tVT000003HTWvYAO
,GLASS + BLACK,01tVT000003Ieq6YAC
GLASS + BLACK,GLASS + BLACK,01tVT000003IhnyYAC
GLASS + BLACK,GLASS + BLACK,01tVT000003IiIbYAK
,GLASS + BLACK,01tVT000003IiKDYA0
NEGRO,NEGRO,01tVT000003LwQfYAK
,NEGRO,01tVT000003LwX7YAK
NEGRO,NEGRO,01tVT000003M2sfYAC
,NEGRO,01tVT000003M32LYAS
VARIOS,VARIOS,01tVT000003M3f4YAC
NEGRO,NEGRO,01tVT000003M3qLYAS
,NEGRO,01tVT000003M3wnYAC
NEGRO,NEGRO,01tVT000003M4ZWYA0
MULTICOLOR,MULTICOLOR,01tVT000003M549YAC
BLANCO,BLANCO,01tVT000003M54AYAS
,MULTICOLOR,01tVT000003M5CDYA0
MULTICOLOR,MULTICOLOR,01tVT000003M5IhYAK
NEGRO,NEGRO,01tVT000003M5NVYA0
,NEGRO,01tVT000003M5P7YAK
,BLANCO,01tVT000003M5fFYAS
BLANCO,BLANCO,01tVT000003M5tlYAC
,BLANCO,01tVT000003M5vNYAS
BLANCO,BLANCO,01tVT000003M6LBYA0
,BLANCO,01tVT000003M6Q1YAK
,NEGRO,01tVT000003M6mbYAC
NEGRO,NEGRO,01tVT000003M72jYAC
,NEGRO,01tVT000003M74LYAS
,VARIOS,01tVT000003M7VlYAK
VARIOS,VARIOS,01tVT000003M7sLYAS
,VARIOS,01tVT000003M7txYAC
,MADERA + GRIS,01tVT000003M96BYAS
MULTICOLOR,MULTICOLOR,01tVT000003MB38YAG
MULTICOLOR,MULTICOLOR,01tVT000003MBeDYAW
,MULTICOLOR,01tVT000003MBmHYAW
BLANCO + MADERA,BLANCO + MADERA,01tVT000003MC2QYAW
,MULTICOLOR,01tVT000003MCNOYA4
MARRON + GRIS,MARRON + GRIS,01tVT000003MCf7YAG
,MARRON + GRIS,01tVT000003MCgjYAG
MULTICOLOR,MULTICOLOR,01tVT000003MCnBYAW
,MULTICOLOR,01tVT000003MConYAG
,MULTICOLOR,01tVT000003MDBNYA4
,BLANCO + MADERA,01tVT000003MDCzYAO
MADERA + GRIS,MADERA + GRIS,01tVT000003MDT7YAO
MULTICOLOR,MULTICOLOR,01tVT000003MEAfYAO
,MULTICOLOR,01tVT000003MECHYA4
NEGRO,NEGRO,01tVT000003MhCgYAK
,NEGRO,01tVT000003MhChYAK
MADERA,MADERA,01tVT000003MkNRYA0
,MADERA,01tVT000003MkNSYA0
NEGRO,NEGRO,01tVT000003MkYjYAK
,NEGRO,01tVT000003MkYkYAK
MADERA,MADERA,01tVT000003MnQAYA0
,MADERA,01tVT000003MnQBYA0
GREY+WOOD+BLACK,GREY+WOOD+BLACK,01tVT000003MoioYAC
,GREY+WOOD+BLACK,01tVT000003MoipYAC
MADERA,MADERA,01tVT000003MovhYAC
,MADERA,01tVT000003MoviYAC
WHITE+ORANGE,WHITE+ORANGE,01tVT000003Mp3lYAC
,WHITE+ORANGE,01tVT000003Mp3mYAC
,MULTICOLOR,01tVT000003MvXPYA0
MULTICOLOR,MULTICOLOR,01tVT000003MxpJYAS
,MULTICOLOR,01tVT000003MxqvYAC
MULTICOLOR,MULTICOLOR,01tVT000003My3pYAC
,MULTICOLOR,01tVT000003My8fYAC
MULTICOLOR,MULTICOLOR,01tVT000003MyyHYAS
,MULTICOLOR,01tVT000003Mz37YAC
MULTICOLOR,MULTICOLOR,01tVT000003Mz7yYAC
MULTICOLOR,MULTICOLOR,01tVT000003N7WyYAK
,MULTICOLOR,01tVT000003N7iEYAS
MULTICOLOR,MULTICOLOR,01tVT000003N8eHYAS
MULTICOLOR,MULTICOLOR,01tVT000003N8zFYAS
,MULTICOLOR,01tVT000003N945YAC
,MULTICOLOR,01tVT000003N9yXYAS
GRIS O CHOCOLATE,GRIS O CHOCOLATE,01tVT000003Qt7BYAS
,GRIS O CHOCOLATE,01tVT000003QtS9YAK
,CAFE,01tVT000003UtbfYAC
BLANCO + NEGRO,BLANCO + NEGRO,01tVT000003Utv1YAC
AZUL + NEGRO,AZUL + NEGRO,01tVT000003UuHZYA0
,AZUL + NEGRO,01tVT000003UuJBYA0
CAFE,CAFE,01tVT000003UunpYAC
NEGRO,NEGRO,01tVT000003UvOwYAK
,GRIS,01tVT000003UvYcYAK
GRIS,GRIS,01tVT000003Uvf4YAC
,NEGRO,01tVT000003UwcjYAC
GRIS,GRIS,01tVT000003UwjBYAS
,GRIS,01tVT000003UwknYAC
CAFE,CAFE,01tVT000003Uwo2YAC
NEGRO + MADERA,NEGRO + MADERA,01tVT000003UwzJYAS
,NEGRO + MADERA,01tVT000003Ux0vYAC
,CAFE,01tVT000003UxAbYAK
,BLANCO + NEGRO,01tVT000003UxNVYA0
GRIS OSCURO,GRIS OSCURO,01tVT000003UxddYAC
,GRIS OSCURO,01tVT000003UxfFYAS
GRIS,GRIS,01tVT000003Uy8HYAS
,GRIS,01tVT000003Uy9tYAC
,AZUL + NEGRO,01tVT000003V1NuYAK
NEGRO + MADERA,NEGRO + MADERA,01tVT000003V2VGYA0
,NEGRO + MADERA,01tVT000003V3G1YAK
,VARIOS,01tVT000003V3PiYAK
AZUL + NEGRO,AZUL + NEGRO,01tVT000003V3RJYA0
,VARIOS,01tVT000003V3XmYAK
,NEGRO,01tVT000003V3XnYAK
VARIOS,VARIOS,01tVT000003V3cbYAC
NEGRO,NEGRO,01tVT000003V3mIYAS
VARIOS,VARIOS,01tVT000003V4DhYAK
VARIOS,VARIOS,01tVT000003V4OzYAK
,VARIOS,01tVT000003V4QbYAK
NEGRO,NEGRO,01tVT000003V4VRYA0
,NEGRO,01tVT000003V4YgYAK
,NEGRO,01tVT000003V5CzYAK
NEGRO,NEGRO,01tVT000003V5T7YAK
NEGRO,NEGRO,01tVT000003V6FWYA0
NEGRO + MADERA,NEGRO + MADERA,01tVT000003V6dhYAC
,NEGRO + MADERA,01tVT000003V6iXYAS
,NEGRO,01tVT000003V6qbYAC
,NEGRO,01tVT000003V7JeYAK
NEGRO,NEGRO,01tVT000003V7rVYAS
NEGRO,NEGRO,01tVT000003V8fVYAS
,NEGRO,01tVT000003V8h7YAC
NEGRO O MARRON,NEGRO O MARRON,01tVT000003V95JYAS
,NEGRO O MARRON,01tVT000003V9BlYAK
NEGRO,NEGRO,01tVT000003V9RuYAK
,NEGRO + BLANCO,01tVT000003V9TWYA0
NEGRO,NEGRO,01tVT000003V9YMYA0
,NEGRO,01tVT000003V9dBYAS
MADERA + GRIS,MADERA + GRIS,01tVT000003V9gPYAS
,MADERA + GRIS,01tVT000003V9mrYAC
,NEGRO,01tVT000003V9rhYAC
GRIS,GRIS,01tVT000003VAHVYA4
,GRIS,01tVT000003VAJ7YAO
GRIS,GRIS,01tVT000003VAUPYA4
,GRIS,01tVT000003VAarYAG
GRIS,GRIS,01tVT000003VAivYAG
,GRIS,01tVT000003VAnlYAG
BLANCO,BLANCO,01tVT000003VB0fYAG
,BLANCO,01tVT000003VB2HYAW
NEGRO + BLANCO,NEGRO + BLANCO,01tVT000003VBIPYA4
,NEGRO + BLANCO,01tVT000003VBQTYA4
NEGRO + BLANCO,NEGRO + BLANCO,01tVT000003VBgbYAG
,MADERA + BLANCO,01tVT000003W3sIYAS
MADERA,MADERA,01tVT000003W4tCYAS
MADERA + GRIS,MADERA + GRIS,01tVT000003W6TaYAK
MADERA + BLANCO,MADERA + BLANCO,01tVT000003W6q9YAC
,MADERA + GRIS,01tVT000003W7PdYAK
,MADERA,01tVT000003W7npYAC
MADERA + GRIS,MADERA + GRIS,01tVT000003W7z7YAC
,MADERA + GRIS,01tVT000003W85ZYAS
MADERA + GRIS,MADERA + GRIS,01tVT000003W8TlYAK
,MADERA + GRIS,01tVT000003W8VNYA0
MARRON,MARRON,01tVT000003W8n7YAC
,MARRON,01tVT000003W8tZYAS
MADERA + NEFRO + BLANCO,MADERA + NEFRO + BLANCO,01tVT000003W9BJYA0
,MADERA + NEFRO + BLANCO,01tVT000003W9CvYAK
MADERA + GRIS,MADERA + GRIS,01tVT000003W9WIYA0
,MADERA + GRIS,01tVT000003W9uTYAS
GRIS + OSCURO,GRIS + OSCURO,01tVT000003WH2PYAW
,GRIS + OSCURO,01tVT000003WHATYA4
MADERA + GRIS,MADERA + GRIS,01tVT000003WIJRYA4
,MADERA + GRIS,01tVT000003WIRVYA4
NEGRO + BLANCO,NEGRO + BLANCO,01tVT000003XGCLYA4
,NEGRO + BLANCO,01tVT000003XGDxYAO
NEGRO + BLANCO,NEGRO + BLANCO,01tVT000003XGnRYAW
MADERA + GRIS,MADERA + GRIS,01tVT000003XGnSYAW
,NEGRO + BLANCO,01tVT000003XGvVYAW
,MARRON,01tVT000003XH3aYAG
MARRON,MARRON,01tVT000003XHErYAO
MADERA + GRIS,MADERA + GRIS,01tVT000003XHI6YAO
MADERA + GRIS,MADERA + GRIS,01tVT000003XHTNYA4
,MADERA + GRIS,01tVT000003XHYDYA4
,MADERA,01tVT000003XI7iYAG
,MADERA + GRIS,01tVT000003XIEAYA4
MADERA,MADERA,01tVT000003XIXVYA4
,MADERA + GRIS,01tVT000003XIndYAG
,NEGRO,01tVT000003XW7SYAW
NEGRO,NEGRO,01tVT000003XYQzYAO
,NEGRO,01tVT000003XYSbYAO
NEGRO,NEGRO,01tVT000003XYlxYAG
BLANCO+GRIS,BLANCO+GRIS,01tVT000003XaNxYAK
,BLANCO+GRIS,01tVT000003XaPZYA0
NEGRO,NEGRO,01tVT000003XavpYAC
,NEGRO,01tVT000003XaxRYAS
,GRAY+WOOD,01tVT000003YLI2YAO
GRAY+WOOD,GRAY+WOOD,01tVT000003YO7pYAG
,BLANCO,01tVT000003YV66YAG
,NEGRO,01tVT000003YVCZYA4
,DORADO,01tVT000003YWgUYAW
BLANCO,BLANCO,01tVT000003YXavYAG
DORADO,DORADO,01tVT000003YYrxYAG
NEGRO,NEGRO,01tVT000003YZ9hYAG
BROWN+BLACK,BROWN+BLACK,01tVT000003YaYnYAK
,BROWN+BLACK,01tVT000003YagrYAC
BROWN,BROWN,01tVT000003Yb53YAC
DORADO,DORADO,01tVT000003YbbKYAS
,NEGRO,01tVT000003Yd8UYAS
,BROWN,01tVT000003YevnYAC
AZUL,AZUL,01tVT000003YfBuYAK
NEGRO,NEGRO,01tVT000003Yfa5YAC
,NEGRO,01tVT000003YfevYAC
NEGRO,NEGRO,01tVT000003Yg4jYAC
DORADO,DORADO,01tVT000003YgHdYAK
,DORADO,01tVT000003YgKrYAK
,DORADO,01tVT000003YgZNYA0
,MADERA,01tVT000003Ygv6YAC
,AZUL,01tVT000003YgxZYAS
MADERA,MADERA,01tVT000003YhIXYA0
,MADERA,01tVT000003YhLlYAK
MADERA,MADERA,01tVT000003YhYfYAK
CREAM+WOOD+BLACK,CREAM+WOOD+BLACK,01tVT000003YjLyYAK
,CREAM+WOOD+BLACK,01tVT000003YkOTYA0
,BLACK+WOOD,01tVT000003Ykt8YAC
BLACK+WOOD,BLACK+WOOD,01tVT000003YmzlYAC
BLANCO + GRIS,BLANCO + GRIS,01tVT000003YppZYAS
,BLANCO + GRIS,01tVT000003YpsoYAC
,BLACK,01tVT000003boKIYAY
BLACK+WOOD,BLACK+WOOD,01tVT000003bok5YAA
,BLACK+WOOD,01tVT000003bonJYAQ
BLACK,BLACK,01tVT000003bpJZYAY
BLACK+GRAY,BLACK+GRAY,01tVT000003bpcvYAA
,BLACK+GRAY,01tVT000003bpeXYAQ
BLACK+GOLEDN,BLACK+GOLEDN,01tVT000003bqfRYAQ
,BLACK+GOLEDN,01tVT000003bqkHYAQ
,BLANCO,01tVT000003c1uHYAQ
,BLANCO,01tVT000003c47LYAQ
,BLANCO,01tVT000003c48wYAA
BLANCO,BLANCO,01tVT000003c4LqYAI
BLANCO,BLANCO,01tVT000003c4gpYAA
BLANCO,BLANCO,01tVT000003c4thYAA
,BLANCO,01tVT000003c4wvYAA
BLANCO,BLANCO,01tVT000003c51lYAA
BLANCO,BLANCO,01tVT000003c5JVYAY
BLANCO,BLANCO,01tVT000003c5Y1YAI
,BLANCO,01tVT000003c5bGYAQ
,BLANCO,01tVT000003c5crYAA
BLANCO,BLANCO,01tVT000003c5rNYAQ
,BLANCO,01tVT000003c5wDYAQ
BLANCO,BLANCO,01tVT000003c6InYAI
,BLANCO,01tVT000003c6KPYAY
BLANCO,BLANCO,01tVT000003c6ttYAA
,BLANCO,01tVT000003c6yjYAA
,BROWN,01tVT000003cpscYAA
BROWN,BROWN,01tVT000003cs2VYAQ
BROWN,BROWN,01tVT000003csX7YAI
,BROWN,01tVT000003csdZYAQ
BROWN+BLACK,BROWN+BLACK,01tVT000003eDuVYAU
,BROWN+BLACK,01tVT000003eNAiYAM
BROWN+BLACK,BROWN+BLACK,01tVT000003eQi1YAE
,BROWN+BLACK,01tVT000003eQmrYAE
,BROWN+BLACK,01tVT000003eR6DYAU
BROWN+BLACK,BROWN+BLACK,01tVT000003eRHVYA2
WOOD+BLACK,WOOD+BLACK,01tVT000003eRhJYAU
,WOOD+BLACK,01tVT000003eRm9YAE
,NEGRO,01tVT000003eTuQYAU
,WOOD+BLACK,01tVT000003eV9uYAE
MARRON,MARRON,01tVT000003eWyjYAE
,MARRON,01tVT000003eX1xYAE
NEGRO,NEGRO,01tVT000003eXErYAM
,NEGRO,01tVT000003eYPSYA2
NEGRO,NEGRO,01tVT000003eZLXYA2
NEGRO + BLANCO,NEGRO + BLANCO,01tVT000003eZjhYAE
,NEGRO + BLANCO,01tVT000003eZoXYAU
WOOD+BLACK,WOOD+BLACK,01tVT000003eaEMYAY
VERDE + NEGRO,VERDE + NEGRO,01tVT000003eaFxYAI
,VERDE + NEGRO,01tVT000003eaJBYAY
NEGRO + BLANCO,NEGRO + BLANCO,01tVT000003eaavYAA
,NEGRO + BLANCO,01tVT000003eaj0YAA
WOOD+BLACK,WOOD+BLACK,01tVT000003efvaYAA
,VARIOS,01tVT000003efyoYAA
VARIOS,VARIOS,01tVT000003eg6sYAA
WOOD+BLACK,WOOD+BLACK,01tVT000003egObYAI
,WOOD+BLACK,01tVT000003egWfYAI
WOOD+BLACK,WOOD+BLACK,01tVT000003eggLYAQ
,WOOD+BLACK,01tVT000003eghxYAA
BROWN+BLACK,BROWN+BLACK,01tVT000003ehXZYAY
,BROWN+BLACK,01tVT000003ehZBYAY
NEGRO,NEGRO,01tVT000003elPtYAI
,NEGRO,01tVT000003elWLYAY
NEGRO + ROJO,NEGRO + ROJO,01tVT000003elWMYAY
,NEGRO + ROJO,01tVT000003eluXYAQ
NEGRO,NEGRO,01tVT000003emCHYAY
,NEGRO,01tVT000003emDtYAI
NEGRO + ROJO,NEGRO + ROJO,01tVT000003emk9YAA
,NEGRO + ROJO,01tVT000003emnNYAQ
NEGRO + ROJO,NEGRO + ROJO,01tVT000003emqbYAA
,NEGRO + ROJO,01tVT000003emvRYAQ
WHITE,WHITE,01tVT000003fKSTYA2
,WHITE,01tVT000003fKXJYA2
GRAY,GRAY,01tVT000003fL0LYAU
,GRAY,01tVT000003fL5BYAU
BLANCO + MADERA,BLANCO + MADERA,01tVT000003fMsUYAU
,BLANCO + MADERA,01tVT000003fNmvYAE
WOOD+MULTICOLOR,WOOD+MULTICOLOR,01tVT000003fOB7YAM
,WOOD+MULTICOLOR,01tVT000003fOFxYAM
GRIS + MADERA,GRIS + MADERA,01tVT000003fW8fYAE
,GRIS + MADERA,01tVT000003fWAHYA2
,GREEN + WHITE,01tVT000003gFiUYAU
GREEN + WHITE,GREEN + WHITE,01tVT000003gHXNYA2
GREEN,GREEN,01tVT000003gIBhYAM
,GREEN,01tVT000003gIDJYA2
GREEN+WHITE,GREEN+WHITE,01tVT000003gMbtYAE
,GREEN+WHITE,01tVT000003gMdVYAU
GREEN+WHITE,GREEN+WHITE,01tVT000003gMonYAE
,GREEN+WHITE,01tVT000003gMqPYAU
NEGRO,NEGRO,01tVT000003gOVdYAM
,NEGRO,01tVT000003gOaTYAU
NEGRO + GRIS,NEGRO + GRIS,01tVT000003gOnNYAU
,NEGRO + GRIS,01tVT000003gOozYAE
NEGRO + BLANCO,NEGRO + BLANCO,01tVT000003gOvSYAU
,NEGRO,01tVT000003gOx4YAE
NEGRO,NEGRO,01tVT000003gOyfYAE
,NEGRO,01tVT000003gP0HYAU
,NEGRO + BLANCO,01tVT000003gP9xYAE
NEGRO + GRIS,NEGRO + GRIS,01tVT000003gPI1YAM
,NEGRO + GRIS,01tVT000003gPJdYAM
NEGRO,NEGRO,01tVT000003gPMsYAM
NEGRO,NEGRO,01tVT000003gPRhYAM
,NEGRO,01tVT000003gPUvYAM
NEGRO,NEGRO,01tVT000003gPjRYAU
,NEGRO,01tVT000003gPoIYAU
NEGRO,NEGRO,01tVT000003gPxxYAE
,NEGRO,01tVT000003gQ7dYAE
NEGRO,NEGRO,01tVT000003gQE5YAM
,NEGRO,01tVT000003gQFhYAM
,BLUE+GREEN+WHITE,01tVT000003hqjCYAQ
BLUE+GREEN+WHITE,BLUE+GREEN+WHITE,01tVT000003iGaQYAU
GREEN,GREEN,01tVT000003iICPYA2
,GREEN,01tVT000003iIHFYA2
,MULTICOLOR,01tVT000003iIM6YAM
MULTICOLOR,MULTICOLOR,01tVT000003iIvZYAU
,BLANCO,01tVT000003iKKgYAM
,MULTICOLOR,01tVT000003iKPWYA2
MULTICOLOR,MULTICOLOR,01tVT000003iKSkYAM
GRAY+BLUE,GRAY+BLUE,01tVT000003iKcPYAU
,GRAY+BLUE,01tVT000003iKe1YAE
PINK,PINK,01tVT000003iKu9YAE
,PINK,01tVT000003iKvlYAE
MADERA + BLANCO,MADERA + BLANCO,01tVT000003iKxNYAU
,MADERA + BLANCO,01tVT000003iL2DYAU
PINK,PINK,01tVT000003iLBtYAM
,PINK,01tVT000003iLDVYA2
VARIOS,VARIOS,01tVT000003iLGjYAM
,VARIOS,01tVT000003iLILYA2
BLANCO,BLANCO,01tVT000003iLWrYAM
,BLANCO,01tVT000003iLYTYA2
,MADERA + NEGRO,01tVT000003iLocYAE
PINK,PINK,01tVT000003iLqDYAU
,PINK,01tVT000003iLv3YAE
BLANCO,BLANCO,01tVT000003iM7xYAE
MULTICOLOR,MULTICOLOR,01tVT000003iMBBYA2
MADERA + BLANCO,MADERA + BLANCO,01tVT000003iMKrYAM
,MADERA + BLANCO,01tVT000003iMMTYA2
MARRON + GRIS,MARRON + GRIS,01tVT000003iMUXYA2
,MARRON + GRIS,01tVT000003iMW9YAM
MADERA + NEGRO,MADERA + NEGRO,01tVT000003iMhRYAU
MULTICOLOR,MULTICOLOR,01tVT000003iMmHYAU
,MULTICOLOR,01tVT000003iMntYAE
,MULTICOLOR,01tVT000003iMzBYAU
WHITE+WOOD+GRAY,WHITE+WOOD+GRAY,01tVT000003iNGvYAM
,WHITE+WOOD+GRAY,01tVT000003iNK9YAM
MULTICOLOR,MULTICOLOR,01tVT000003iOePYAU
,MULTICOLOR,01tVT000003iOjFYAU
,WOOD,01tVT000003iT1OYAU
WHITE+WOODEN,WHITE+WOODEN,01tVT000003iTB4YAM
,WHITE+WOODEN,01tVT000003iThJYAU
WHITE/PINK/BLUE + WOODEN,WHITE/PINK/BLUE + WOODEN,01tVT000003iTz3YAE
,WHITE/PINK/BLUE + WOODEN,01tVT000003iU2HYAU
WOOD+PINK,WOOD+PINK,01tVT000003iUdNYAU
,WOOD+PINK,01tVT000003iUezYAE
WOOD,WOOD,01tVT000003iVXpYAM
MULTICOLOR,MULTICOLOR,01tVT000003iVnxYAE
,MULTICOLOR,01tVT000003iVpZYAU
,WHITE,01tVT000003j3McYAI
,BLACK,01tVT000003j4P8YAI
BLACK,BLACK,01tVT000003j5EjYAI
BLUE+WOOD,BLUE+WOOD,01tVT000003j5cvYAA
,BLUE+WOOD,01tVT000003j5eXYAQ
WHITE,WHITE,01tVT000003j62jYAA
GRAY+ORANGE+WHITE,GRAY+ORANGE+WHITE,01tVT000003j6CPYAY
,GRAY+ORANGE+WHITE,01tVT000003j6E1YAI
BROWN,BROWN,01tVT000003j7YHYAY
,BROWN,01tVT000003j7zhYAA
MULTICOLOR,MULTICOLOR,01tVT000003j8ZCYAY
,MULTICOLOR,01tVT000003j9evYAA
MULTICOLOR,MULTICOLOR,01tVT000003j9tRYAQ
,MULTICOLOR,01tVT000003j9yHYAQ
BROWN+BLACK,BROWN+BLACK,01tVT000003jA9ZYAU
,BROWN+BLACK,01tVT000003jAEPYA2
,KHAKI,01tVT000003jD2cYAE
KHAKI,KHAKI,01tVT000003jD5pYAE
,KHAKI,01tVT000003jD93YAE
KHAKI,KHAKI,01tVT000003jDk9YAE
GRAY,GRAY,01tVT000003jE0HYAU
,GRAY,01tVT000003jE1tYAE
GRAY,GRAY,01tVT000003jEEnYAM
,GRAY,01tVT000003jEI1YAM
GREEN,GREEN,01tVT000003jFkLYAU
,GREEN,01tVT000003jFpBYAU
GREEN,GREEN,01tVT000003jG0TYAU
,GREEN,01tVT000003jG5JYAU
GRAY,GRAY,01tVT000003jH9RYAU
,GRAY,01tVT000003jHB3YAM
CREAM,CREAM,01tVT000003jHHVYA2
,CREAM,01tVT000003jHJ7YAM
WOOD+GRAY,WOOD+GRAY,01tVT000003jtUrYAI
,WOOD+GRAY,01tVT000003jtUsYAI
ORANGE,ORANGE,01tVT000003juE1YAI
,WHITE,01tVT000003juHGYAY
,ORANGE,01tVT000003juU9YAI
CREAM,CREAM,01tVT000003judpYAA
,GRAY,01tVT000003judrYAA
,CREAM,01tVT000003jufRYAQ
WHITE,WHITE,01tVT000003jv5FYAQ
GRAY,GRAY,01tVT000003jv8UYAQ
GREEN,GREEN,01tVT000003jvGXYAY
,GREEN,01tVT000003jvI9YAI
CREAM+BROWN,CREAM+BROWN,01tVT000003jvurYAA
,CREAM+BROWN,01tVT000003jvy5YAA
GRAY,GRAY,01tVT000003jwhFYAQ
,GRAY,01tVT000003jwm5YAA
CREAM,CREAM,01tVT000003jx2DYAQ
,CREAM,01tVT000003jx73YAA
CREAM,CREAM,01tVT000003jxDVYAY
,CREAM,01tVT000003jxF7YAI
CREAM,CREAM,01tVT000003jxLZYAY
,CREAM,01tVT000003jxOnYAI
BLACK,BLACK,01tVT000003jzDhYAI
,BLACK,01tVT000003jzGvYAI
CREAM+WOOD,CREAM+WOOD,01tVT000003jzYfYAI
,CREAM+WOOD,01tVT000003jzdVYAQ
CREAM+WOOD,CREAM+WOOD,01tVT000003jzonYAA
,CREAM+WOOD,01tVT000003jzqPYAQ
WHITE+BLACK,WHITE+BLACK,01tVT000003k0WLYAY
,WHITE+BLACK,01tVT000003k0bBYAQ
BLACK,BLACK,01tVT000003k0heYAA
BLACK,BLACK,01tVT000003k1SRYAY
,BLACK,01tVT000003k2TJYAY
,BLACK,01tVT000003k2bOYAQ
,BLANCO,01tVT000003k9oAYAQ
,BLANCO + NEGRO,01tVT000003kA7WYAU
VARIOS,VARIOS,01tVT000003kAAjYAM
,VARIOS,01tVT000003kACLYA2
NEGRO O BLANCO,NEGRO O BLANCO,01tVT000003kAQrYAM
,NEGRO O BLANCO,01tVT000003kAXJYA2
Spray silver,Spray silver,01tVT000003kAXLYA2
BLANCO / NEGRO,BLANCO / NEGRO,01tVT000003kAYvYAM
,BLANCO / NEGRO,01tVT000003kAc9YAE
NEGRO O BLANCO,NEGRO O BLANCO,01tVT000003kAttYAE
,NEGRO O BLANCO,01tVT000003kAvVYAU
BLANCO + NEGRO,BLANCO + NEGRO,01tVT000003kBA1YAM
,BLANCO + NEGRO,01tVT000003kBBdYAM
NEGRO O DOLADO,NEGRO O DOLADO,01tVT000003kBDFYA2
,NEGRO O DOLADO,01tVT000003kBErYAM
NEGRO + BLANCO,NEGRO + BLANCO,01tVT000003kBOXYA2
,NEGRO + BLANCO,01tVT000003kBQ9YAM
BLANCO,BLANCO,01tVT000003kBRlYAM
,BLANCO,01tVT000003kBYDYA2
BLANCO + NEGRO,BLANCO + NEGRO,01tVT000003kBgHYAU
BLANCO,BLANCO,01tVT000003kBhtYAE
,BLANCO,01tVT000003kBjVYAU
BLANCO,BLANCO,01tVT000003kBrbYAE
,Spray silver,01tVT000003kBwPYAU
BLANCO,BLANCO,01tVT000003kC4TYAU
,BLANCO,01tVT000003kC4UYAU
BLANCO,BLANCO,01tVT000003kC9JYAU
BLANCO,BLANCO,01tVT000003kCCXYA2
,BLANCO,01tVT000003kCHNYA2
WHITE,WHITE,01tVT000003kCKbYAM
BLANCO,BLANCO,01tVT000003kCNpYAM
,BLANCO,01tVT000003kCR3YAM
,WHITE,01tVT000003kCSfYAM
WHITE,WHITE,01tVT000003kCZ7YAM
WHITE,WHITE,01tVT000003kCajYAE
,BLANCO,01tVT000003kCfZYAU
,WHITE,01tVT000003kChBYAU
,WHITE,01tVT000003kCinYAE
WHITE,WHITE,01tVT000003kCu5YAE
,WHITE,01tVT000003kCvhYAE
GRAY,GRAY,01tVT000003pJzlYAE
,GRAY,01tVT000003pK7pYAE
GRIS,GRIS,01tVT000003q0WrYAI
,GRIS,01tVT000003q0YTYAY
ROSADO O NARANJA,ROSADO O NARANJA,01tVT000003q0gXYAQ
,ROSADO O NARANJA,01tVT000003q0i9YAA
BLANCO,BLANCO,01tVT000003sfsUYAQ
,GRIS + BLANCO,01tVT000003sjT4YAI
BLANCO + NEGRO,BLANCO + NEGRO,01tVT000003sjZXYAY
BLANCO + NEGRO,BLANCO + NEGRO,01tVT000003sjhZYAQ
,BLANCO + NEGRO,01tVT000003sjknYAA
,BLANCO,01tVT000003sk8zYAA
BALNCO + NEGRO,BALNCO + NEGRO,01tVT000003skP7YAI
,BALNCO + NEGRO,01tVT000003skSLYAY
GRIS + BLANCO,GRIS + BLANCO,01tVT000003skfFYAQ
,BLANCO + NEGRO,01tVT000003skqXYAQ
BLANCO + NEGRO,BLANCO + NEGRO,01tVT000003skwzYAA
,BLANCO + NEGRO,01tVT000003sl1pYAA
ROJO,ROJO,01tVT000003uS4kYAE
,ROJO,01tVT000003uS4lYAE
MARRON + GRIS,MARRON + GRIS,01tVT000003uS6LYAU
,MARRON + GRIS,01tVT000003uS6MYAU
CAFÉ + NEGRO,CAFÉ + NEGRO,01tVT000003uS7xYAE
,CAFÉ + NEGRO,01tVT000003uS7yYAE
GRIS + NEGRO,GRIS + NEGRO,01tVT000003uS9ZYAU
,GRIS + NEGRO,01tVT000003uS9aYAE
,GRIS OSCURO,01tVT000003uv1uYAA
MARRON,MARRON,01tVT000003uvBZYAY
,MARRON,01tVT000003uvDBYAY
GRIS OSCURO,GRIS OSCURO,01tVT000003uvLFYAY
,VARIOS,01tVT000003xjc5YAA
,GRIS,01tVT000003yqV4YAI
,BLANCO + NEGRO,01tVT000003yrpJYAQ
,BLANCO + NEGRO,01tVT000003ysBtYAI
,GRIS,01tVT000003ysGjYAI
NEGRO,NEGRO,01tVT000003zTJVYA2
,NEGRO,01tVT000003zTJWYA2
NEGRO,NEGRO,01tVT000003zTL7YAM
,NEGRO,01tVT000003zTL8YAM
NEGRO,NEGRO,01tVT000003zTOLYA2
,NEGRO,01tVT000003zTOMYA2
NEGRO,NEGRO,01tVT000003zTPxYAM
,NEGRO,01tVT000003zTPyYAM
BLANCO,BLANCO,01tVT000003zTUnYAM
,BLANCO,01tVT000003zTUoYAM
GRIS,GRIS,01tVT000003zTWPYA2
,GRIS,01tVT000003zTWQYA2
MARRON,MARRON,01tVT000003zTY1YAM
,MARRON,01tVT000003zTY2YAM
NEGRO,NEGRO,01tVT000003zTg5YAE
,NEGRO,01tVT000003zTg6YAE
MARRON,MARRON,01tVT000003zThhYAE
,MARRON,01tVT000003zThiYAE
MARRON,MARRON,01tVT000003zTmXYAU
,MARRON,01tVT000003zTmYYAU
BLANCO,BLANCO,01tVT000003zTo9YAE
,BLANCO,01tVT000003zToAYAU
,BLANCO,01tVT000003zeTRYAY
,BEIGE,01tVT000003zeejYAA
VARIOS,VARIOS,01tVT000003zfAzYAI
,VARIOS,01tVT000003zfFpYAI
GRIS,GRIS,01tVT0000043CSAYA2
,GRIS,01tVT0000043D1dYAE
NEGRO + PLATA,NEGRO + PLATA,01tVT0000043zawYAA
,NEGRO + PLATA,01tVT0000043zizYAA
NEGRO,NEGRO,01tVT00000440vBYAQ
,NEGRO,01tVT00000440yPYAQ
NEGRO,NEGRO,01tVT0000044PjuYAE
,NEGRO,01tVT0000044PjvYAE
NEGRO + BLANCO,NEGRO + BLANCO,01tVT0000044QmRYAU
,NEGRO + BLANCO,01tVT0000044QmSYAU
NEGRO,NEGRO,01tVT0000044RKIYA2
,NEGRO,01tVT0000044RKJYA2
GRIS,GRIS,01tVT0000044RwzYAE
,GRIS,01tVT0000044Rx0YAE
BLANCO,BLANCO,01tVT0000044S0DYAU
,BLANCO,01tVT0000044S0EYAU
GRIS,GRIS,01tVT0000044S1pYAE
,GRIS,01tVT0000044S1qYAE
GRIS,GRIS,01tVT0000044S3RYAU
,GRIS,01tVT0000044S3SYAU
NEGRO,NEGRO,01tVT0000044S53YAE
,NEGRO,01tVT0000044S54YAE
GRIS+BLANCO,GRIS+BLANCO,01tVT0000044S9tYAE
,GRIS+BLANCO,01tVT0000044S9uYAE
NEGRO O MARRON,NEGRO O MARRON,01tVT0000044SBVYA2
,NEGRO O MARRON,01tVT0000044SBWYA2
NEGRO,NEGRO,01tVT0000044SD7YAM
,NEGRO,01tVT0000044SD8YAM
NEGRO,NEGRO,01tVT0000044SHxYAM
,NEGRO,01tVT0000044SHyYAM
WHITE,WHITE,01tVT0000048iJKYAY
,WHITE,01tVT0000048j46YAA
WOOD,WOOD,01tVT0000048jyXYAQ
,WOOD,01tVT0000048k4zYAA
VARIOS,VARIOS,01tVT000004Ap2AYAS
VERDE,VERDE,01tVT000004AqSrYAK
,VERDE,01tVT000004AqUTYA0
AZUL + BLANCO + MADERA,AZUL + BLANCO + MADERA,01tVT000004AqkbYAC
,AZUL + BLANCO + MADERA,01tVT000004AqpRYAS
VARIOS,VARIOS,01tVT000004Ar3xYAC
,VARIOS,01tVT000004Ar7BYAS
,VARIOS,01tVT000004ArITYA0
ROJO,ROJO,01tVT000004ArVNYA0
,ROJO,01tVT000004ArWzYAK
AZUL,AZUL,01tVT000004ArdRYAS
,AZUL,01tVT000004ArgfYAC
VARIOS,VARIOS,01tVT000004ArrxYAC
,VARIOS,01tVT000004ArwnYAC
VARIOS,VARIOS,01tVT000004As3FYAS
,VARIOS,01tVT000004As4rYAC
VARIOS,VARIOS,01tVT000004CaF7YAK
,VARIOS,01tVT000004CaGjYAK
MULTICOLOR,MULTICOLOR,01tVT000004EAzhYAG
,MULTICOLOR,01tVT000004EB4XYAW
,MARRON + CAFE,01tVT000004FfN8YAK
MARRON + CAFE,MARRON + CAFE,01tVT000004FhAPYA0
MARRON,MARRON,01tVT000004FhQXYA0
,MARRON,01tVT000004FhTlYAK
VARIOS,VARIOS,01tVT000004FlPJYA0
,VARIOS,01tVT000004FlQvYAK
CAFE + BLANCO,CAFE + BLANCO,01tVT000004IxSMYA0
,BLANCO,01tVT000004IxnKYAS
,CAFE + BLANCO,01tVT000004IyJZYA0
NEGRO + BEIGE,NEGRO + BEIGE,01tVT000004Iyg9YAC
,NEGRO + BEIGE,01tVT000004IyhlYAC
MARRON + BLANCO,MARRON + BLANCO,01tVT000004IyufYAC
,MARRON + BLANCO,01tVT000004IyzVYAS
BROWN,BROWN,01tVT000004JdWPYA0
,BROWN,01tVT000004JdY1YAK
VARIOS,VARIOS,01tVT000004KYUfYAO
,VARIOS,01tVT000004KYWHYA4
BROWN,BROWN,01tVT000004MNDNYA4
,BROWN,01tVT000004MNLRYA4
BROWN,BROWN,01tVT000004MNq5YAG
,BROWN,01tVT000004MNrhYAG
NEGRO,NEGRO,01tVT000004McAnYAK
,NEGRO,01tVT000004McAoYAK
BLACK + GREY,BLACK + GREY,01tVT000004McE1YAK
,BLACK + GREY,01tVT000004McE2YAK
MADERA + NEGRO,MADERA + NEGRO,01tVT000004McHFYA0
,MADERA + NEGRO,01tVT000004McHGYA0
BLACK+WOOD+GRAY,BLACK+WOOD+GRAY,01tVT000004McIrYAK
,BLACK+WOOD+GRAY,01tVT000004McIsYAK
MADERA + BLANCO,MADERA + BLANCO,01tVT000004McM5YAK
,MADERA + BLANCO,01tVT000004McM6YAK
BLANCO,BLANCO,01tVT000004McNhYAK
,BLANCO,01tVT000004McNiYAK
NEGRO + GRIS,NEGRO + GRIS,01tVT000004McSXYA0
,NEGRO + GRIS,01tVT000004McSYYA0
SEVERAL,SEVERAL,01tVT000004McU9YAK
,SEVERAL,01tVT000004McUAYA0
MARRON CLARO,MARRON CLARO,01tVT000004McYzYAK
,MARRON CLARO,01tVT000004McZ0YAK
GRIS,GRIS,01tVT000004McqjYAC
,GRIS,01tVT000004McqkYAC
BLANCO,BLANCO,01tVT000004McsLYAS
,BLANCO,01tVT000004McsMYAS
BLACK,BLACK,01tVT000004MtuoYAC
,BLACK,01tVT000004Mv5NYAS
MULTICOLOR,MULTICOLOR,01tVT000004MvGfYAK
,MULTICOLOR,01tVT000004MvIHYA0
MULTICOLOR,MULTICOLOR,01tVT000004MvTZYA0
,MULTICOLOR,01tVT000004MvWnYAK
WOOD,WOOD,01tVT000004N59aYAC
,WOOD,01tVT000004N5kfYAC
GREEN,GREEN,01tVT000004N7phYAC
,GREEN,01tVT000004N7svYAC
GREEN,GREEN,01tVT000004N7zNYAS
,GREEN,01tVT000004N80zYAC
LIGHT TEAK,LIGHT TEAK,01tVT000004NYQ6YAO
LIGHT TEAK,LIGHT TEAK,01tVT000004NYgEYAW
,LIGHT TEAK,01tVT000004NZFiYAO
,LIGHT TEAK,01tVT000004NaWjYAK
LIGHT TEAK,LIGHT TEAK,01tVT000004Nbe6YAC
,LIGHT TEAK,01tVT000004NcezYAC
ROSE GREY,ROSE GREY,01tVT000004NdCrYAK
,ROSE GREY,01tVT000004NdETYA0
OIL FINISHING,OIL FINISHING,01tVT000004NeC9YAK
,OIL FINISHING,01tVT000004NeDlYAK
,GAB NATUAL OIL,01tVT000004NeqUYAS
NATURAL 01K,NATURAL 01K,01tVT000004NfL7YAK
,NATURAL 01K,01tVT000004NfPxYAK
GAB NATUAL OIL,GAB NATUAL OIL,01tVT000004NixJYAS
WOOD,WOOD,01tVT000004NxMtYAK
,WOOD,01tVT000004NxMuYAK
GRIS / NEGRO,GRIS / NEGRO,01tVT000004NzdBYAS
,GRIS / NEGRO,01tVT000004Of4XYAS
,WOOD,01tVT000004RAU2YAO
WOOD,WOOD,01tVT000004RF0gYAG
WOOD,WOOD,01tVT000004RHaLYAW
,WOOD,01tVT000004RHbxYAG
WOOD,WOOD,01tVT000004RHk1YAG
,WOOD,01tVT000004RHorYAG
WOOD,WOOD,01tVT000004RHthYAG
,WOOD,01tVT000004RHwvYAG
,VARIOS,01tVT000004RZ10YAG
,AZUL+BLANCO,01tVT000004RcJpYAK
,AZUL,01tVT000004RcbZYAS
,NEGRO,01tVT000004RdJ7YAK
BLUE,BLUE,01tVT000004RdivYAC
,BLUE,01tVT000004RdkXYAS
BLUE,BLUE,01tVT000004ReLdYAK
,BLUE,01tVT000004ReQTYA0
NEGRO + MADERA,NEGRO + MADERA,01tVT000004SlL3YAK
,NEGRO + MADERA,01tVT000004SlL4YAK
MARRON + NEGRO,MARRON + NEGRO,01tVT000004SlMfYAK
,MARRON + NEGRO,01tVT000004SlMgYAK
NEGRO,NEGRO,01tVT000004SlOHYA0
,NEGRO,01tVT000004SlOIYA0
VARIOS,VARIOS,01tVT000004SlzNYAS
,VARIOS,01tVT000004SlzOYAS
SILVER,SILVER,01tVT000004SvnSYAS
,SILVER,01tVT000004SwErYAK
NEGRO,NEGRO,01tVT000004SwMvYAK
,NEGRO,01tVT000004SwOXYA0
SILVER,SILVER,01tVT000004SwmjYAC
WOOD,WOOD,01tVT000004SwoLYAS
,SILVER,01tVT000004SwoMYAS
,WOOD,01tVT000004SwpxYAC
SILVER+BROWN,SILVER+BROWN,01tVT000004SxE9YAK
,SILVER+BROWN,01tVT000004SxFlYAK
SILVER+BROWN,SILVER+BROWN,01tVT000004TQJOYA4
SILVER+WOOD,SILVER+WOOD,01tVT000004TR2YYAW
,SILVER+WOOD,01tVT000004TRTxYAO
SILVER,SILVER,01tVT000004TRovYAG
,SILVER,01tVT000004TRqXYAW
NEGRO,NEGRO,01tVT000004TRs9YAG
,NEGRO,01tVT000004TRsAYAW
VARIOS,VARIOS,01tVT000004TRwzYAG
,VARIOS,01tVT000004TRx0YAG
,SILVER+BROWN,01tVT000004TSJZYA4
,NEGRO,01tVT000004XKYjYAO
NEGRO,NEGRO,01tVT000004XcdhYAC
,NEGRO,01tVT000004XcdiYAC
BLANCO / NEGRO / PLATA,BLANCO / NEGRO / PLATA,01tVT000004XcyfYAC
,BLANCO / NEGRO / PLATA,01tVT000004XcygYAC
NEGRO,NEGRO,01tVT000004Xd0HYAS
,NEGRO,01tVT000004Xd0IYAS
GREY,GREY,01tVT000004YnNOYA0
,WOOD,01tVT000004Ynf8YAC
WOOD,WOOD,01tVT000004YnvFYAS
BEIGE,BEIGE,01tVT000004Yp94YAC
,GREY,01tVT000004YpDtYAK
,BEIGE,01tVT000004YpfJYAS
SILVER+WOOD,SILVER+WOOD,01tVT000004aWjqYAE
BLACK+WOOD,BLACK+WOOD,01tVT000004aWrvYAE
,SILVER+WOOD,01tVT000004aYiPYAU
,BLACK+WOOD,01tVT000004aZ1lYAE
MULTICOLOR,MULTICOLOR,01tVT000004fw7NYAQ
,MULTICOLOR,01tVT000004fw8zYAA
ACACIA,ACACIA,01tVT000004fwYnYAI
,ACACIA,01tVT000004fwddYAA
MADERA + NEGRO,MADERA + NEGRO,01tVT000004hFMTYA2
,MADERA + NEGRO,01tVT000004hFO5YAM
MADERA + NEGRO,MADERA + NEGRO,01tVT000004hKE5YAM
,MADERA + NEGRO,01tVT000004hKIvYAM
MADERA + NEGRO,MADERA + NEGRO,01tVT000004hLBlYAM
,MADERA + NEGRO,01tVT000004hLDNYA2
MADERA + GRIS,MADERA + GRIS,01tVT000004hOzFYAU
,MADERA + GRIS,01tVT000004hP45YAE
NEGRO,NEGRO,01tVT000004joklYAA
,NEGRO,01tVT000004jpnGYAQ
,NEGRO,01tVT000004jrHDYAY
,NEGRO,01tVT000004jrh0YAA
NATURAL,NATURAL,01tVT000004jrsIYAQ
,NEGRO,01tVT000004js0MYAQ
NEGRO,NEGRO,01tVT000004js8PYAQ
,NEGRO,01tVT000004jsA1YAI
NEGRO,NEGRO,01tVT000004jsErYAI
,NEGRO,01tVT000004jsGTYAY
NEGRO,NEGRO,01tVT000004jsRlYAI
,NEGRO,01tVT000004jsYDYAY
SILVER,SILVER,01tVT000004jsl7YAA
,SILVER,01tVT000004jsmjYAA
NEGRO,NEGRO,01tVT000004jsmkYAA
,NEGRO,01tVT000004jsoMYAQ
NEGRO,NEGRO,01tVT000004jstBYAQ
,NATURAL,01tVT000004jsy2YAA
NEGRO,NEGRO,01tVT000004jszdYAA
,NEGRO,01tVT000004jt2rYAA
,NEGRO,01tVT000004jtAxYAI
,NEGRO+ROJO,01tVT000004jtFmYAI
NEGRO,NEGRO,01tVT000004jtPRYAY
NEGRO,NEGRO,01tVT000004jtndYAA
,NEGRO,01tVT000004jtqrYAA
NEGRO O GRIS,NEGRO O GRIS,01tVT000004jtxJYAQ
,NEGRO O GRIS,01tVT000004jtyvYAA
NEGRO+ROJO,NEGRO+ROJO,01tVT000004ju8cYAA
NEGRO,NEGRO,01tVT000004juDRYAY
,NEGRO,01tVT000004juF3YAI
NEGRO,NEGRO,01tVT000004jugTYAQ
NEGRO,NEGRO,01tVT000004juyDYAQ
MARRON,MARRON,01tVT000004kzvqYAA
,MARRON,01tVT000004l077YAA
WOOD,WOOD,01tVT000004rFReYAM
,WOOD,01tVT000004rFRfYAM
MADERA,MADERA,01tVT000004rG5yYAE
,MADERA,01tVT000004rG5zYAE
VERDE,VERDE,01tVT000004vCQMYA2
CAQUI,CAQUI,01tVT000004vDUTYA2
,CAQUI,01tVT000004vDcXYAU
,VERDE,01tVT000004vDkbYAE
CAQUI,CAQUI,01tVT000004vE0jYAE
,CAQUI,01tVT000004vE5ZYAU
VERDE,VERDE,01tVT000004vE7BYAU
,VERDE,01tVT000004vEC1YAM
,BLACK,01tVT000004zVCgYAM
BLANCO,BLANCO,01tVT000004zVJ9YAM
,BLANCO,01tVT000004zVJAYA2
BLACK,BLACK,01tVT000004zWlRYAU
BLANCO,BLANCO,01tVT000004zWtVYAU
,BLANCO,01tVT000004zWtWYAU
,MADERA + NEGRO,01tVT00000526WHYAY
,MADERA + NEGRO,01tVT00000526fxYAA
,MADERA + NEGRO,01tVT00000526o1YAA
BLANCO,BLANCO,01tVT0000054eNNYAY
,BLANCO,01tVT0000054eNOYAY
NEGRO,NEGRO,01tVT00000584y2YAA
NEGRO,NEGRO,01tVT00000586GgYAI
NEGRO,NEGRO,01tVT00000586wcYAA
,NEGRO,01tVT00000586zpYAA
NEGRO,NEGRO,01tVT000005877tYAA
,NEGRO,01tVT000005879VYAQ
BLANCO,BLANCO,01tVT00000587hNYAQ
,NEGRO,01tVT00000587j0YAA
,BLANCO,01tVT00000587kbYAA
NEGRO,NEGRO,01tVT00000587pRYAQ
,NEGRO,01tVT00000587r3YAA
NEGRO,NEGRO,01tVT00000587uHYAQ
NEGRO,NEGRO,01tVT000005882LYAQ
,NEGRO,01tVT000005887BYAQ
NEGRO,NEGRO,01tVT00000588C1YAI
,NEGRO,01tVT00000588FFYAY
NEGRO,NEGRO,01tVT00000588QXYAY
,NEGRO,01tVT00000588S9YAI
,NEGRO,01tVT00000588ojYAA
NEGRO,NEGRO,01tVT00000588wnYAA
,NEGRO,01tVT00000588yPYAQ
,BLANCO + NEGRO,01tVT00000589GAYAY
BLANCO + NEGRO,BLANCO + NEGRO,01tVT00000589ODYAY
VARIOS,VARIOS,01tVT00000589OEYAY
,BLANCO + NEGRO,01tVT00000589PpYAI
BLANCO + NEGRO,BLANCO + NEGRO,01tVT00000589XtYAI
BLANCO + NEGRO,BLANCO + NEGRO,01tVT00000589cjYAA
,BLANCO + NEGRO,01tVT00000589eLYAQ
,VARIOS,01tVT00000589jBYAQ
,NEGRO,01tVT00000589rFYAQ
,NEGRO + MADERA,01tVT000005SQb0YAG
NEGRO,NEGRO,01tVT000005SSUkYAO
NEGRO,NEGRO,01tVT000005SUl3YAG
,NEGRO,01tVT000005SUmfYAG
NEGRO + MADERA,NEGRO + MADERA,01tVT000005SUxxYAG
NEGRO + MADERA,NEGRO + MADERA,01tVT000005SV61YAG
,NEGRO + MADERA,01tVT000005SVArYAO
,NEGRO,01tVT000005SVdtYAG
NEGRO,NEGRO,01tVT000005SWIDYA4
,NEGRO,01tVT000005SWOfYAO
NEGRO,NEGRO,01tVT000005SWdBYAW
,NEGRO,01tVT000005SWenYAG
NEGRO,NEGRO,01tVT000005SWtJYAW
,NEGRO,01tVT000005SWuvYAG
NEGRO,NEGRO,01tVT000005SXCfYAO
,NEGRO,01tVT000005SXEHYA4
BLACK,BLACK,01tVT000005XQTuYAO
BLACK,BLACK,01tVT000005XQthYAG
,BLACK,01tVT000005XR8DYAW
,BLACK,01tVT000005XRJVYA4
BLACK+WOOD+CREAM,BLACK+WOOD+CREAM,01tVT000005aWL4YAM
LIGHT BROWN+GREY,LIGHT BROWN+GREY,01tVT000005aXnOYAU
,BLACK+WOOD+CREAM,01tVT000005aXyfYAE
,NEGRO + MADERA,01tVT000005aY58YAE
,LIGHT BROWN+GREY,01tVT000005aYWXYA2
GREEN,GREEN,01tVT000005aYl3YAE
,GREEN,01tVT000005aYmfYAE
CAQUI + MADERA,CAQUI + MADERA,01tVT000005aZQzYAM
,CAQUI + MADERA,01tVT000005aZSbYAM
WHITE+WOOD+CREAM,WHITE+WOOD+CREAM,01tVT000005aZijYAE
,WHITE+WOOD+CREAM,01tVT000005aZkLYAU
,GRIS + BLANCO,01tVT000005aZysYAE
,BEIGE + MADERA + NEGRO,01tVT000005aa0VYAQ
WHITE+WOOD+CREAM,WHITE+WOOD+CREAM,01tVT000005aaIDYAY
,WHITE+WOOD+CREAM,01tVT000005aaJpYAI
,CAQUI + BEIGE,01tVT000005aaoUYAQ
BEIGE + MADERA + NEGRO,BEIGE + MADERA + NEGRO,01tVT000005acBxYAI
,WHITE+WOOD+CREAM,01tVT000005acFCYAY
GRIS + BLANCO,GRIS + BLANCO,01tVT000005acS5YAI
NEGRO + MADERA,NEGRO + MADERA,01tVT000005actVYAQ
GRIS + NEGRO,GRIS + NEGRO,01tVT000005aczyYAA
,GRIS + NEGRO,01tVT000005adhVYAQ
GRIS,GRIS,01tVT000005adrBYAQ
,GRIS,01tVT000005adsnYAA
NEGRO,NEGRO,01tVT000005ae0rYAA
,NEGRO,01tVT000005ae5hYAA
CAQUI + BEIGE,CAQUI + BEIGE,01tVT000005aeQfYAI
WHITE+WOOD+CREAM,WHITE+WOOD+CREAM,01tVT000005af3NYAQ
GRIS,GRIS,01tVT000005af8DYAQ
,GRIS,01tVT000005af9pYAA
NEGRO + MADERA,NEGRO + MADERA,01tVT000005afWPYAY
,NEGRO + MADERA,01tVT000005afY1YAI
CREAM+WOOD+GREY,CREAM+WOOD+GREY,01tVT000005afwDYAQ
,CREAM+WOOD+GREY,01tVT000005afxpYAA
BLACK+LIGHT GREY,BLACK+LIGHT GREY,01tVT000005agFZYAY
,BLACK+LIGHT GREY,01tVT000005agHBYAY
GREY+WOOD+CREAM,GREY+WOOD+CREAM,01tVT000005ahpxYAA
,GREY+WOOD+CREAM,01tVT000005ahy1YAA
VERDE + MARRON,VERDE + MARRON,01tVT000005ai4UYAQ
CAQUI + BEIGE,CAQUI + BEIGE,01tVT000005aiE9YAI
,CAQUI + BEIGE,01tVT000005aiHNYAY
,VERDE + MARRON,01tVT000005aiVtYAI
BROWN+CREAM,BROWN+CREAM,01tVT000005aidxYAA
,BROWN+CREAM,01tVT000005aifZYAQ
GREY,GREY,01tVT000005ak33YAA
,GREY,01tVT000005ak4fYAA
GREY+BLACK,GREY+BLACK,01tVT000005akSrYAI
,GREY+BLACK,01tVT000005akUTYAY
GREEN+WOOD+GREY+BLACK,GREEN+WOOD+GREY+BLACK,01tVT000005akvtYAA
,GREEN+WOOD+GREY+BLACK,01tVT000005akxVYAQ
WHITE+GREY,WHITE+GREY,01tVT000005amMcYAI
YELLOW/GREY,YELLOW/GREY,01tVT000005amcjYAA
,YELLOW/GREY,01tVT000005ameLYAQ
,WHITE+GREY,01tVT000005amsrYAA
BEIGE + MADERA,BEIGE + MADERA,01tVT000005bDReYAM
,WHITE+WOOD+CREAM,01tVT000005bE5yYAE
,BEIGE + MADERA,01tVT000005bEKUYA2
,NEGRO + BLANCO,01tVT000005bEacYAE
BEIGE,BEIGE,01tVT000005bEtyYAE
,BEIGE,01tVT000005bFTRYA2
GRIS,GRIS,01tVT000005bFjZYAU
,GRIS,01tVT000005bFoPYAU
BLANCO + MADERA,BLANCO + MADERA,01tVT000005bFtFYAU
,BLANCO + MADERA,01tVT000005bFy5YAE
NEGRO + BLANCO,NEGRO + BLANCO,01tVT000005bG2vYAE
WHITE+WOOD+GREY,WHITE+WOOD+GREY,01tVT000005bG9NYAU
,WHITE+WOOD+GREY,01tVT000005bGAzYAM
CAQUI,CAQUI,01tVT000005bGCbYAM
,CAQUI,01tVT000005bGHRYA2
WHITE+WOOD+CREAM,WHITE+WOOD+CREAM,01tVT000005bGSjYAM
BLACK+WOOD,BLACK+WOOD,01tVT000005bH3pYAE
,BLACK+WOOD,01tVT000005bH8fYAE
GREY,GREY,01tVT000005bJ41YAE
,GREY,01tVT000005bJ5dYAE
PLATA,PLATA,01tVT000005bOJpYAM
,PLATA,01tVT000005bOLRYA2
PLATA,PLATA,01tVT000005bOYLYA2
,PLATA,01tVT000005bObZYAU
NEGRO,NEGRO,01tVT000005bOi2YAE
NEGRO + PLATA,NEGRO + PLATA,01tVT000005bOjdYAE
,NEGRO + PLATA,01tVT000005bOlFYAU
MARRÓN,MARRÓN,01tVT000005bOy9YAE
,MARRÓN,01tVT000005bOzlYAE
PLATA,PLATA,01tVT000005bP7pYAE
,PLATA,01tVT000005bPCfYAM
,NEGRO,01tVT000005bPJ7YAM
NEGRO,NEGRO,01tVT000005bT8DYAU
,NEGRO,01tVT000005bTD3YAM
BROWN+WHITE,BROWN+WHITE,01tVT000005c9AfYAI
,BROWN+WHITE,01tVT000005c9DtYAI
BROWN+WHITE,BROWN+WHITE,01tVT000005c9iXYAQ
,BROWN+WHITE,01tVT000005c9k9YAA
GREY+WHITE,GREY+WHITE,01tVT000005cAbNYAU
,GREY+WHITE,01tVT000005cAhpYAE
BLACK+WHITE,BLACK+WHITE,01tVT000005cB1BYAU
,BLACK+WHITE,01tVT000005cB2oYAE
BLACK+WOOD+WHITE,BLACK+WOOD+WHITE,01tVT000005cBijYAE
,BLACK+WOOD+WHITE,01tVT000005cBkLYAU
BLACK+WOOD+WHITE,BLACK+WOOD+WHITE,01tVT000005cC5JYAU
,BLACK+WOOD+WHITE,01tVT000005cCA9YAM
BLACK+WOOD+WHITE,BLACK+WOOD+WHITE,01tVT000005cClFYAU
,BLACK+WOOD+WHITE,01tVT000005cCmrYAE
GREY,GREY,01tVT000005cDZFYA2
,GREY,01tVT000005cDivYAE
SILVER+BROWN,SILVER+BROWN,01tVT000005cOODYA2
,SILVER+BROWN,01tVT000005cOOEYA2
CROMADO+NEGRO,CROMADO+NEGRO,01tVT000005cOPpYAM
,CROMADO+NEGRO,01tVT000005cOPqYAM
,NEGRO,01tVT000005ckF3YAI
,NEGRO,01tVT000005cqIrYAI
GREY+WHITE+WOOD,GREY+WHITE+WOOD,01tVT000005cuSvYAI
,GREY+WHITE+WOOD,01tVT000005cuXlYAI
NEGRO,NEGRO,01tVT000005cvFJYAY
,NEGRO,01tVT000005cvK9YAI
BLACK+GREY,BLACK+GREY,01tVT000005cvSDYAY
,BLACK+GREY,01tVT000005cvTpYAI
NEGRO + CAFÉ,NEGRO + CAFÉ,01tVT000005cvdVYAQ
,NEGRO + CAFÉ,01tVT000005cviLYAQ
NEGRO,NEGRO,01tVT000005cvtdYAA
GREY,GREY,01tVT000005cw3JYAQ
,NEGRO,01tVT000005cw4vYAA
,GREY,01tVT000005cw89YAA
BLACK+WHITE,BLACK+WHITE,01tVT000005cwT7YAI
,BLACK+WHITE,01tVT000005cwUjYAI
NEGRO,NEGRO,01tVT000005cwZZYAY
,NEGRO,01tVT000005cwbBYAQ
GREEN+WOOD+WHITE,GREEN+WOOD+WHITE,01tVT000005cz2nYAA
,GREEN+WOOD+WHITE,01tVT000005cz4PYAQ
BLACK+WOOD+CREAM,BLACK+WOOD+CREAM,01tVT000005czfVYAQ
,BLACK+WOOD+CREAM,01tVT000005czlxYAA
GRAY,GRAY,01tVT000005d0TVYAY
,GRAY,01tVT000005d0WjYAI
BLANCO,BLANCO,01tVT000005d9IHYAY
,BLANCO,01tVT000005d9IIYAY
BLACK+ROSE RED,BLACK+ROSE RED,01tVT000005dcDpYAI
,BLACK+ROSE RED,01tVT000005dcFRYAY
GREY+WHITE,GREY+WHITE,01tVT000005dfJlYAI
,GREY+WHITE,01tVT000005dfLNYAY
BLACK+STAINLESS STEEL,BLACK+STAINLESS STEEL,01tVT000005gUEvYAM
,BLACK+STAINLESS STEEL,01tVT000005gUMzYAM
STAINLESS STEEL,STAINLESS STEEL,01tVT000005gUrdYAE
,STAINLESS STEEL,01tVT000005gUwTYAU
WOOD+GREY,WOOD+GREY,01tVT000005hFAcYAM
WOOD+BROWN,WOOD+BROWN,01tVT000005hGrRYAU
,WOOD+BROWN,01tVT000005hGxtYAE
WOOD+CREAM,WOOD+CREAM,01tVT000005hI8TYAU
,WOOD+CREAM,01tVT000005hIA5YAM
,WOOD+GREY,01tVT000005hL37YAE
,WOOD+CREAM,01tVT000005hj2EYAQ
,MADERA,01tVT000005hmrKYAQ
MADERA + GRIS,MADERA + GRIS,01tVT000005hn4EYAQ
BEIGE + MADERA,BEIGE + MADERA,01tVT000005hpkMYAQ
MADERA,MADERA,01tVT000005hqGbYAI
,MADERA,01tVT000005hqLRYAY
VARIOS,VARIOS,01tVT000005hqdBYAQ
,VARIOS,01tVT000005hqgPYAQ
,BEIGE + MADERA,01tVT000005hqwXYAQ
VARIOS,VARIOS,01tVT000005hr7pYAA
,VARIOS,01tVT000005hr9RYAQ
MADERA + GRIS,MADERA + GRIS,01tVT000005hrFuYAI
,MADERA + GRIS,01tVT000005hrRBYAY
MADERA,MADERA,01tVT000005hrkXYAQ
,MADERA + GRIS,01tVT000005hrvpYAA
MADERA + GRIS,MADERA + GRIS,01tVT000005ht4nYAA
,MADERA + GRIS,01tVT000005ht6PYAQ
,MADERA + GRIS,01tVT000005htHiYAI
MADERA,MADERA,01tVT000005htKvYAI
,MADERA,01tVT000005htPlYAI
MADERA + GRIS,MADERA + GRIS,01tVT000005htUbYAI
,GRIS + ORO,01tVT000005hwNeYAI
WOOD+GREY,WOOD+GREY,01tVT000005hxEsYAI
MADERA + BLANCO,MADERA + BLANCO,01tVT000005hxuoYAA
MADERA + GRIS,MADERA + GRIS,01tVT000005hxy1YAA
,MADERA + GRIS,01tVT000005hxzdYAA
MADERA + GRIS,MADERA + GRIS,01tVT000005hy7hYAA
,MADERA + GRIS,01tVT000005hyCXYAY
MADERA + BEIGE,MADERA + BEIGE,01tVT000005hyMDYAY
,MADERA + BEIGE,01tVT000005hyPRYAY
GRIS + ORO,GRIS + ORO,01tVT000005hyZ7YAI
MADERA + BLANCO,MADERA + BLANCO,01tVT000005hyfaYAA
VARIOS,VARIOS,01tVT000005hyndYAA
,VARIOS,01tVT000005hypFYAQ
,WOOD+GREY,01tVT000005hz3lYAA
MADERA + BLANCO,MADERA + BLANCO,01tVT000005hz8bYAA
,MADERA + BLANCO,01tVT000005hzADYAY
WOOD+CREAM,WOOD+CREAM,01tVT000005hzOjYAI
,WOOD+CREAM,01tVT000005hzTZYAY
,MADERA + BLANCO,01tVT000005i0JBYAY
,MADERA + BLANCO,01tVT000005i0UTYAY
,WOOD+WHITE,01tVT000005i4zWYAQ
WOOD+GREY,WOOD+GREY,01tVT000005i6A6YAI
WOOD+GREY,WOOD+GREY,01tVT000005i6lBYAQ
,WOOD+GREY,01tVT000005i6q1YAA
WOOD,WOOD,01tVT000005i7HRYAY
WOOD,WOOD,01tVT000005i7anYAA
,WOOD,01tVT000005i7cPYAQ
,WOOD+GREY,01tVT000005i8AHYAY
WOOD+WHITE,WOOD+WHITE,01tVT000005i8YTYAY
WOOD+POLYESTER,WOOD+POLYESTER,01tVT000005i8v3YAA
,WOOD+POLYESTER,01tVT000005i8wfYAA
WOOD+CREAM,WOOD+CREAM,01tVT000005i9SvYAI
,WOOD+CREAM,01tVT000005i9XlYAI
WOOD+CREAM,WOOD+CREAM,01tVT000005i9uLYAQ
WOOD+GREY,WOOD+GREY,01tVT000005iANNYA2
,WOOD+GREY,01tVT000005iAOzYAM
WOOD+GTEY,WOOD+GTEY,01tVT000005iYW9YAM
,WOOD+GTEY,01tVT000005iYXlYAM
WHITE+GREY+BROWN,WHITE+GREY+BROWN,01tVT000005kVVlYAM
MADERA + BLANCO,MADERA + BLANCO,01tVT000005kVabYAE
,MADERA + BLANCO,01tVT000005kVcDYAU
,WHITE+GREY+BROWN,01tVT000005kVh3YAE
ORANGE,ORANGE,01tVT000005kVigYAE
BLACK,BLACK,01tVT000005kW5FYAU
,BLACK,01tVT000005kWA5YAM
,MARRON + GRIS,01tVT000005kWWgYAM
WOOD+GREY,WOOD+GREY,01tVT000005kYBtYAM
,WOOD+GREY,01tVT000005kYGjYAM
,WHITE+BLUE,01tVT000005kbbDYAQ
CREAM+BROWN,CREAM+BROWN,01tVT000005kbo5YAA
,CREAM+BROWN,01tVT000005kbuXYAQ
YELLOW+WHITE,YELLOW+WHITE,01tVT000005kcPBYAY
,YELLOW+WHITE,01tVT000005kcQnYAI
BLACK,BLACK,01tVT000005kcdhYAA
,BLACK,01tVT000005kcfJYAQ
,ORANGE,01tVT000005kd6jYAA
WHITE+DARK GREY,WHITE+DARK GREY,01tVT000005kfA9YAI
,WHITE+DARK GREY,01tVT000005kfDNYAY
WHITE+BLUE,WHITE+BLUE,01tVT000005kfQHYAY
BROWN+BLACK,BROWN+BLACK,01tVT000005l3FhYAI
,BROWN+BLACK,01tVT000005l3IvYAI
VARIOS,VARIOS,01tVT000005lu8jYAA
,VARIOS,01tVT000005luDZYAY
NEGRO,NEGRO,01tVT000005lzI6YAI
NEGRO,NEGRO,01tVT000005m07hYAA
,NEGRO,01tVT000005m09JYAQ
BLACK,BLACK,01tVT000005m0VtYAI
,BLACK,01tVT000005m0ajYAA
,NEGRO,01tVT000005m0fZYAQ
BLACK,BLACK,01tVT000005m0yvYAA
,BLACK,01tVT000005m10XYAQ
BLANCO + MADERA,BLANCO + MADERA,01tVT000005m15NYAQ
,BLANCO + MADERA,01tVT000005m18bYAA
BLUE,BLUE,01tVT000005m1gTYAQ
,BLUE,01tVT000005m1i5YAA
CAFÉ,CAFÉ,01tVT000005m1zpYAA
,CAFÉ,01tVT000005m24fYAA
GRIS + MADERA,GRIS + MADERA,01tVT000005m2RFYAY
,GRIS + MADERA,01tVT000005m2XhYAI
BLUE,BLUE,01tVT000005m2ZJYAY
,BLUE,01tVT000005m2avYAA
GRIS,GRIS,01tVT000005m2uHYAQ
WOOD,WOOD,01tVT000005m2vtYAA
,GRIS,01tVT000005m2xVYAQ
,WOOD,01tVT000005m2z7YAA
WOOD+WHITE,WOOD+WHITE,01tVT000005m3OwYAI
WOOD,WOOD,01tVT000005m3iHYAQ
,WOOD,01tVT000005m3jtYAA
GREY,GREY,01tVT000005m4ZVYAY
,GREY,01tVT000005m4ckYAA
,WOOD+WHITE,01tVT000005m57NYAQ
WOOD,WOOD,01tVT000005mY9NYAU
,WOOD,01tVT000005mYCbYAM
WOOD,WOOD,01tVT000005mYVxYAM
,WOOD,01tVT000005mYanYAE
GRIS,GRIS,01tVT000005mYu9YAE
,GRIS,01tVT000005mYvlYAE
,GRIS,01tVT000005mZF8YAM
GRIS,GRIS,01tVT000005mZVFYA2
GRIS + AZUL,GRIS + AZUL,01tVT000005mZjlYAE
,GRIS + AZUL,01tVT000005mZlNYAU
GRIS + NEGRO,GRIS + NEGRO,01tVT000005maSvYAI
,GRIS + NEGRO,01tVT000005maUXYAY
GRIS + BLANCO,GRIS + BLANCO,01tVT000005mapVYAQ
,GRIS + BLANCO,01tVT000005mar7YAA
GRIS,GRIS,01tVT000005mb2PYAQ
,GRIS,01tVT000005mb7FYAQ
CAFÉ + BLANCO,CAFÉ + BLANCO,01tVT000005mbFJYAY
,CAFÉ + BLANCO,01tVT000005mbGvYAI
WOOD+BLACK,WOOD+BLACK,01tVT000005mbyUYAQ
BROWN,BROWN,01tVT000005mc9lYAA
,BROWN,01tVT000005mcL3YAI
VARIOS,VARIOS,01tVT000005mcWLYAY
,VARIOS,01tVT000005mcZZYAY
BLACK,BLACK,01tVT000005mdH7YAI
,BLACK,01tVT000005mdLxYAI
,NEGRO + MADERA,01tVT000005meEoYAI
NEGRO,NEGRO,01tVT000005meUvYAI
,NEGRO,01tVT000005meWXYAY
WOOD,WOOD,01tVT000005meptYAA
,WOOD,01tVT000005meujYAA
BLANCO + MADERA,BLANCO + MADERA,01tVT000005mfE5YAI
,BLANCO + MADERA,01tVT000005mfFhYAI
WOOD+BLACK,WOOD+BLACK,01tVT000005mfcHYAQ
,WOOD+BLACK,01tVT000005mfh7YAA
CAFÉ,CAFÉ,01tVT000005mg0YYAQ
,BLANCO + NEGRO,01tVT000005mgRuYAI
VARIOS,VARIOS,01tVT000005mhxRYAQ
NEGRO + MADERA,NEGRO + MADERA,01tVT000005mi2IYAQ
,VARIOS,01tVT000005miLdYAI
,CAFÉ,01tVT000005mirtYAA
BLANCO + NEGRO,BLANCO + NEGRO,01tVT000005mj3BYAQ
NEGRO,NEGRO,01tVT000005mjsnYAA
,NEGRO,01tVT000005mjw1YAA
NEGRO,NEGRO,01tVT000005mk2TYAQ
,NEGRO,01tVT000005mk7JYAQ
NEGRO,NEGRO,01tVT000005mkQfYAI
,NEGRO,01tVT000005mkVVYAY
NEGRO,NEGRO,01tVT000005mkthYAA
,NEGRO,01tVT000005mkvJYAQ
WHITE+WOOD,WHITE+WOOD,01tVT000005mlD3YAI
,WHITE+WOOD,01tVT000005mlEfYAI
NEGRO,NEGRO,01tVT000005mlrNYAQ
,NEGRO,01tVT000005mlszYAA
,WOOD+BLACK,01tVT000005mlxpYAA
NEGRO,NEGRO,01tVT000005mm5tYAA
,NEGRO,01tVT000005mm7VYAQ
NEGRO,NEGRO,01tVT000005mmNdYAI
,NEGRO,01tVT000005mmPFYAY
NEGRO,NEGRO,01tVT000005mmfNYAQ
,NEGRO,01tVT000005mmgzYAA
RED,RED,01tVT000005mmp3YAA
PLATA,PLATA,01tVT000005mmvVYAQ
,PLATA,01tVT000005mmx7YAA
,RED,01tVT000005mn1xYAA
,BLACK+GREY,01tVT000005mn3aYAA
MULTICOLOR,MULTICOLOR,01tVT000005mnrZYAQ
,MULTICOLOR,01tVT000005mnwPYAQ
RED+BLACK,RED+BLACK,01tVT000005moqrYAA
,RED+BLACK,01tVT000005mosTYAQ
BLACK+GREY,BLACK+GREY,01tVT000005mpADYAY
BLACK,BLACK,01tVT000005mpTZYAY
,BLACK,01tVT000005mpVBYAY
BLACK,BLACK,01tVT000005mptNYAQ
,BLACK,01tVT000005mpuzYAA
BLACK,BLACK,01tVT000005mq6HYAQ
,BLACK,01tVT000005mqB7YAI
BLACK,BLACK,01tVT000005mqW5YAI
,BLACK,01tVT000005mqavYAA
NEGRO / BLANCO,NEGRO / BLANCO,01tVT000005nV1NYAU
,NEGRO / BLANCO,01tVT000005nV7pYAE
CAFÉ + BEIGE,CAFÉ + BEIGE,01tVT000005pfZKYAY
,CAFÉ + BEIGE,01tVT000005pfflYAA
AZUL,AZUL,01tVT000005pfr3YAA
,AZUL,01tVT000005pfsfYAA
NEGRO,NEGRO,01tVT000005pg5ZYAQ
,NEGRO,01tVT000005pg7BYAQ
,WOOD+WHITE,01tVT000005s5ZKYAY
WOOD+WHITE,WOOD+WHITE,01tVT000005s5flYAA
,WOOD+GRAY,01tVT000005sgkBYAQ
,WOOD+GRAY,01tVT000005sjBmYAI
WOOD+GRAY,WOOD+GRAY,01tVT000005sjenYAA
WOOD+GRAY,WOOD+GRAY,01tVT000005sk6DYAQ
WHITE,WHITE,01tVT000005svmPYAQ
,WHITE,01tVT000005svrFYAQ
NEGRO / ROJO,NEGRO / ROJO,01tVT000005ukzlYAA
,NEGRO / ROJO,01tVT000005ul1NYAQ
NEGRO,NEGRO,01tVT000005ulm9YAA
,NEGRO,01tVT000005ulnlYAA
NEGRO,NEGRO,01tVT000005ulz3YAA
,NEGRO,01tVT000005um0fYAA
NEGRO,NEGRO,01tVT000005umFBYAY
,NEGRO,01tVT000005umWvYAI
NEGRO,NEGRO,01tVT000005umdNYAQ
,NEGRO,01tVT000005umezYAA
,NEGRO / ROJO,01tVT000005umjqYAA
NEGRO,NEGRO,01tVT000005umv7YAA
,NEGRO,01tVT000005umyLYAQ
NEGRO / ROJO,NEGRO / ROJO,01tVT000005un9dYAA
NEGRO,NEGRO,01tVT000005unHhYAI
,NEGRO,01tVT000005unKvYAI
NEGRO,NEGRO,01tVT000005unOAYAY
NEGRO + ROJO,NEGRO + ROJO,01tVT000005unSzYAI
,NEGRO + ROJO,01tVT000005unUbYAI
NEGRO + ROJO,NEGRO + ROJO,01tVT000005unb3YAA
,NEGRO + ROJO,01tVT000005uneHYAQ
NEGRO,NEGRO,01tVT000005unnxYAA
,NEGRO,01tVT000005unsnYAA
NEGRO,NEGRO,01tVT000005uo2TYAQ
,NEGRO,01tVT000005uo45YAA
,NEGRO,01tVT000005uoC9YAI
BLACK+CREAM,BLACK+CREAM,01tVT000005upg5YAA
,BLACK+CREAM,01tVT000005uphhYAA
BLACK,BLACK,01tVT000005uqKPYAY
,BLACK,01tVT000005uqM1YAI
BLACK+CREAM,BLACK+CREAM,01tVT000005uqkDYAQ
,BLACK+CREAM,01tVT000005uqp3YAA
BROWN,BROWN,01tVT000005urDFYAY
,BROWN,01tVT000005urGTYAY
WHITE,WHITE,01tVT000005vPEvYAM
,WHITE,01tVT000005vPGXYA2
BLACK,BLACK,01tVT000005wwojYAA
,BLACK,01tVT000005wwqLYAQ
GREY,GREY,01tVT000005wxODYAY
,WOOD+WHITE,01tVT000005wxUgYAI
BROWN,BROWN,01tVT000005wxrFYAQ
,BROWN,01tVT000005wxsrYAA
WOOD+WHITE,WOOD+WHITE,01tVT000005wyKHYAY
WHITE,WHITE,01tVT000005x75pYAA
,WHITE,01tVT000005x7CHYAY
,BLANCO,01tVT000005x7c6YAA
BLANCO,BLANCO,01tVT000005x8I1YAI
NEGRO + BEIGE,NEGRO + BEIGE,01tVT000005xet0YAA
MADERA + NEGRO,MADERA + NEGRO,01tVT000005xf5uYAA
,OSCURO,01tVT000005xfU6YAI
NEGRO + MADERA,NEGRO + MADERA,01tVT000005xgd3YAA
,NEGRO + MADERA,01tVT000005xgefYAA
,MADERA + NEGRO,01tVT000005xgpxYAA
MADERA + NEGRO,MADERA + NEGRO,01tVT000005xh1FYAQ
,MADERA + NEGRO,01tVT000005xh2rYAA
OSCURO,OSCURO,01tVT000005xhE9YAI
,NEGRO + BEIGE,01tVT000005xhKbYAI
WHITE,WHITE,01tVT000005xr5SYAQ
MADERA + NEGRO,MADERA + NEGRO,01tVT000005xrF7YAI
,MADERA + NEGRO,01tVT000005xrLZYAY
,WHITE,01tVT000005xrNBYAY
WHITE,WHITE,01tVT000005xrevYAA
,WHITE,01tVT000005xrjlYAA
CAFÉ,CAFÉ,01tVT000005xrobYAA
,CAFÉ,01tVT000005xrqDYAQ
WHITE,WHITE,01tVT000005xs9ZYAQ
,WHITE,01tVT000005xsEPYAY
,MADERA + NEGRO,01tVT000005zHYwYAM
VARIOS,VARIOS,01tVT000005zbB4YAI
WOOD+BLACK,WOOD+BLACK,01tVT000005zbXeYAI
WOOD+BLACK,WOOD+BLACK,01tVT000005zbXfYAI
WOOD+BLACK,WOOD+BLACK,01tVT000005zbsbYAA
,WOOD+BLACK,01tVT000005zc0fYAA
,WOOD+BLACK,01tVT000005zcK2YAI
MADERA + NEGRO,MADERA + NEGRO,01tVT000005zcruYAA
BLANCO + NEGRO,BLANCO + NEGRO,01tVT000005zdBFYAY
,BLANCO + NEGRO,01tVT000005zdG5YAI
WOOD+BLACK,WOOD+BLACK,01tVT000005zdWEYAY
WOOD+BLACK,WOOD+BLACK,01tVT000005zdj7YAA
,WOOD+BLACK,01tVT000005zdkjYAA
,MADERA + NEGRO,01tVT000005zdxdYAA
,WOOD+BLACK,01tVT000005zdzFYAQ
VARIOS,VARIOS,01tVT000005ze7JYAQ
,VARIOS,01tVT000005zeAXYAY
WOOD+BLACK,WOOD+BLACK,01tVT000005zeDlYAI
,WOOD+BLACK,01tVT000005zeIbYAI
MADERA + NEGRO,MADERA + NEGRO,01tVT000005zeKDYAY
,MADERA + NEGRO,01tVT000005zeLpYAI
BLANCO,BLANCO,01tVT000005zeQfYAI
WOOD+BLACK,WOOD+BLACK,01tVT000005zeVVYAY
,BLANCO,01tVT000005zeX7YAI
,WOOD+BLACK,01tVT000005zeYjYAI
MADERA + NEGRO,MADERA + NEGRO,01tVT000005zebxYAA
,MADERA + NEGRO,01tVT000005zegnYAA
WOOD+BLACK,WOOD+BLACK,01tVT000005zeorYAA
,WOOD+BLACK,01tVT000005zeqTYAQ
NEGRO,NEGRO,01tVT000005zevJYAQ
,NEGRO,01tVT000005zewvYAA
,WOOD+BLACK,01tVT000005zf8DYAQ
NEGRO + MADERA,NEGRO + MADERA,01tVT000005zfD3YAI
MADERA + NEGRO,MADERA + NEGRO,01tVT000005zfEgYAI
,NEGRO + MADERA,01tVT000005zfGHYAY
VARIOS,VARIOS,01tVT000005zfUnYAI
,VARIOS,01tVT000005zfWPYAY
MADERA,MADERA,01tVT000005zfWQYAY
VARIOS,VARIOS,01tVT000005zfeTYAQ
,VARIOS,01tVT000005zfjJYAQ
WOOD+BLACK,WOOD+BLACK,01tVT000005zfkvYAA
,WOOD+BLACK,01tVT000005zfmXYAQ
,MADERA,01tVT000005zfszYAA
MADERA,MADERA,01tVT000005zg13YAA
,MADERA,01tVT000005zg5tYAA
MADERA + NEGRO,MADERA + NEGRO,01tVT000005zgHBYAY
,MADERA + NEGRO,01tVT000005zgM1YAI
WOOD+BLACK,WOOD+BLACK,01tVT000005zgNdYAI
,WOOD+BLACK,01tVT000005zgSTYAY
VARIOS,VARIOS,01tVT000005zgXJYAY
,VARIOS,01tVT000005zgYvYAI
,WOOD+BLACK,01tVT000005zgicYAA
,VARIOS,01tVT000005zgnRYAQ
BLACK,BLACK,01tVT000005zgsHYAQ
,BLACK,01tVT000005zgvVYAQ
CAFÉ,CAFÉ,01tVT000005zh1xYAA
,BLACK,01tVT000005zh3nYAA
,MADERA + NEGRO,01tVT000005zh3oYAA
,CAFÉ,01tVT000005zh5BYAQ
BLACK,BLACK,01tVT000005zh6nYAA
MADERA + BLANCO,MADERA + BLANCO,01tVT000005zhA1YAI
,MADERA + BLANCO,01tVT000005zhBdYAI
WOOD+BLACK,WOOD+BLACK,01tVT000005zhJhYAI
MADERA + NEGRO,MADERA + NEGRO,01tVT000005zhLJYAY
,MADERA + NEGRO,01tVT000005ziPSYAY
,MADERA + NEGRO,01tVT000005ziZ8YAI
MADERA + NEGRO,MADERA + NEGRO,01tVT000005zjOkYAI
MADERA + NEGRO,MADERA + NEGRO,01tVT000005zk33YAA
,MADERA + NEGRO,01tVT000005zk7tYAA
MADERA + NEGRO,MADERA + NEGRO,01tVT000005zkJBYAY
GRIS + ORO,GRIS + ORO,01tVT000005zkMQYAY
,MADERA + NEGRO,01tVT000005zkO1YAI
,GRIS + ORO,01tVT000005zkeAYAQ
MADERA + NEGRO,MADERA + NEGRO,01tVT000005zkhNYAQ
,MADERA + NEGRO,01tVT000005zkizYAA
MADERA + NEGRO,MADERA + NEGRO,01tVT000005zkr3YAA
,MADERA + NEGRO,01tVT000005zksfYAA
MADERA + NEGRO,MADERA + NEGRO,01tVT000005zl2LYAQ
,MADERA + NEGRO,01tVT000005zl3xYAA
,GRIS + NEGRO,01tVT000005zlAQYAY
MADERA + BLANCO,MADERA + BLANCO,01tVT000005zlC1YAI
,MADERA + BLANCO,01tVT000005zlDdYAI
,MADERA + NEGRO,01tVT000005zlFGYAY
MADERA + NEGRO,MADERA + NEGRO,01tVT000005zlNJYAY
,MADERA + NEGRO,01tVT000005zlNKYAY
MADERA + NEGRO,MADERA + NEGRO,01tVT000005zlvBYAQ
ROJO + NEGRO,ROJO + NEGRO,01tVT000005zm6TYAQ
,ROJO + NEGRO,01tVT000005zmBJYAY
MADERA + NEGRO,MADERA + NEGRO,01tVT000005zmODYAY
GRIS + NEGRO,GRIS + NEGRO,01tVT000005zmZVYAY
BEIGE + PLATA,BEIGE + PLATA,01tVT000005zmhZYAQ
,BEIGE + PLATA,01tVT000005zmo1YAA
NEGRO,NEGRO,01tVT0000062ITdYAM
,NEGRO,01tVT0000062IVFYA2
NEGRO + PLATA,NEGRO + PLATA,01tVT0000062LcnYAE
,NEGRO + PLATA,01tVT0000062LhdYAE
,GRIS,01tVT00000647FZYAY
,NEGRO,01tVT00000647U5YAI
,MADERA + NEGRO,01tVT0000064ia6YAA
,VARIOS,01tVT0000064kdVYAQ
,ROSA / NEGRO,01tVT0000064kyTYAQ
NEGRO,NEGRO,01tVT0000064pV8YAI
NEGRO,NEGRO,01tVT0000064uOLYAY
,NEGRO,01tVT0000064uTBYAY
NEGRO,NEGRO,01tVT0000064umXYAQ
,NEGRO,01tVT0000064uo9YAA
,NEGRO,01tVT0000064wl7YAA
NEGRO,NEGRO,01tVT0000064wrZYAQ
,NEGRO,01tVT0000064wunYAA
BLACK + RED,BLACK + RED,01tVT00000667PxYAI
,BLACK + RED,01tVT00000667RZYAY
BLACK + RED,BLACK + RED,01tVT0000066BLVYA2
,BLACK + RED,01tVT0000066BQLYA2
,BLACK,01tVT0000066bKpYAI
BLACK,BLACK,01tVT0000066fhlYAA
,BLACK,01tVT0000066fmbYAA
BLACK + RED,BLACK + RED,01tVT0000066g17YAA
,BLACK + RED,01tVT0000066g5xYAA
,NARANJA,01tVT0000066gAnYAI
,BLACK,01tVT0000066gCQYAY
,GRIS,01tVT0000066gFdYAI
BLACK + RED,BLACK + RED,01tVT0000066gKTYAY
,BLACK + RED,01tVT0000066gM5YAI
BLACK,BLACK,01tVT0000066gcDYAQ
,BLACK,01tVT0000066gh3YAA
BLACK,BLACK,01tVT0000066gsLYAQ
BLACK,BLACK,01tVT0000066h5FYAQ
,BLACK,01tVT0000066h6rYAA
BLACK,BLACK,01tVT0000066hEvYAI
,BLACK,01tVT0000066hJlYAI
BLACK,BLACK,01tVT0000066hRpYAI
,BLACK,01tVT0000066hWfYAI
BLACK,BLACK,01tVT0000066hgLYAQ
,BLACK,01tVT0000066hjZYAQ
BLACK,BLACK,01tVT0000066hq1YAA
BLACK,BLACK,01tVT0000066i1JYAQ
,BLACK,01tVT0000066i2vYAA
,VARIOS,01tVT0000068SDPYA2
,AZUL VINTAGE,01tVT0000068VKwYAM
,VARIOS,01tVT0000068WldYAE
,VARIOS,01tVT0000068WqTYAU
,CAMEL VINTAGE,01tVT0000068WwvYAE
,CAFE,01tVT0000068XD3YAM
,VARIOS,01tVT0000068XEfYAM
,VARIOS,01tVT0000068XHtYAM
BLACK,BLACK,01tVT00000698FqYAI
BLACK,BLACK,01tVT0000069EujYAE
,BLACK,01tVT0000069FHJYA2
WHITE,WHITE,01tVT0000069FSbYAM
,WHITE,01tVT0000069FUDYA2
BLACK,BLACK,01tVT0000069HNxYAM
,BLACK,01tVT0000069HPZYA2
,BLACK,01tVT0000069HURYA2
BLACK,BLACK,01tVT0000069IjpYAE
BLACK,BLACK,01tVT0000069JG5YAM
,BLACK,01tVT0000069JJJYA2
,NEGRO,01tVT0000069NEsYAM
NEGRO / BLANCO,NEGRO / BLANCO,01tVT0000069NbRYAU
,NEGRO,01tVT0000069Nl8YAE
,NEGRO / BLANCO,01tVT0000069NmjYAE
NEGRO,NEGRO,01tVT0000069NwPYAU
NEGRO,NEGRO,01tVT0000069OHNYA2
,NEGRO,01tVT0000069OIzYAM
NEGRO,NEGRO,01tVT0000069ONpYAM
NEGRO / BLANCO,NEGRO / BLANCO,01tVT0000069OcLYAU
,NEGRO / BLANCO,01tVT0000069OdxYAE
VARIOS,VARIOS,01tVT0000069Om1YAE
,VARIOS,01tVT0000069OndYAE
VARIOS,VARIOS,01tVT0000069OvhYAE
,VARIOS,01tVT0000069P0XYAU
GREY+BLACK,GREY+BLACK,01tVT0000069QvtYAE
,GREY+BLACK,01tVT0000069QxVYAU
,BLACK,01tVT0000069RrxYAE
BLACK,BLACK,01tVT0000069SMbYAM
,BLACK,01tVT0000069SODYA2
WOOD + BLACK,WOOD + BLACK,01tVT0000069uadYAA
WOOD,WOOD,01tVT0000069xbiYAA
,WOOD,01tVT0000069yJFYAY
,MADERA / BLANCO,01tVT0000069yRJYAY
WOOD,WOOD,01tVT0000069yazYAA
,WOOD,01tVT0000069ycbYAA
,MADERA / BLANCO,01tVT0000069yj3YAA
WHITE,WHITE,01tVT0000069yuLYAQ
,WHITE,01tVT0000069yvxYAA
WOOD,WOOD,01tVT0000069zNNYAY
,WOOD,01tVT0000069zOzYAI
,WOOD + BLACK,01tVT000006A0JSYA0
WOOD + BLACK,WOOD + BLACK,01tVT000006A0jFYAS
,WOOD + BLACK,01tVT000006A0uXYAS
,NATURAL,01tVT000006Apc6YAC
,MADERA OSCURA,01tVT000006ApqcYAC
,CAFE+NEGRO,01tVT000006Aq6kYAC
,CAFE+NEGRO,01tVT000006Ar1BYAS
,CHOCOLATE,01tVT000006ArM9YAK
,NATURAL,01tVT000006ArSbYAK
,NATURAL,01tVT000006As25YAC
,NATURAL,01tVT000006AsV7YAK
,CAFE+NEGRO,01tVT000006AsenYAC
BLACK + GRAY,BLACK + GRAY,01tVT000006BbTuYAK
,BLANCO+NATURAL,01tVT000006BcJRYA0
,BLACK + GRAY,01tVT000006BcmTYAS
NEGRO,NEGRO,01tVT000006Bf64YAC
,NEGRO,01tVT000006BhRCYA0
WHITE,WHITE,01tVT000006Biv7YAC
,WHITE,01tVT000006Biv8YAC
BLACK,BLACK,01tVT000006BiyLYAS
,BLACK,01tVT000006BizxYAC
NEGRO,NEGRO,01tVT000006BjKvYAK
,NEGRO,01tVT000006BjMXYA0
,BLANCO+NEGRO,01tVT000006DXh3YAG
WOOD + WHITE,WOOD + WHITE,01tVT000006DZnhYAG
,WOOD + WHITE,01tVT000006DZpJYAW
BEIGE,BEIGE,01tVT000006DdPuYAK
,AZUL,01tVT000006DdxmYAC
MADERA,MADERA,01tVT000006DhdBYAS
,MADERA,01tVT000006Dhi1YAC
,BEIGE,01tVT000006DhlFYAS
,MADERA + GRIS,01tVT000006Di4cYAC
MADERA,MADERA,01tVT000006DiFtYAK
,MADERA,01tVT000006DiHVYA0
BROWN,BROWN,01tVT000006DiNxYAK
,BROWN,01tVT000006DiPZYA0
AZUL,AZUL,01tVT000006DicTYAS
GRIS CLARO,GRIS CLARO,01tVT000006DipNYAS
MADERA + GRIS,MADERA + GRIS,01tVT000006DiqzYAC
,GRIS CLARO,01tVT000006DiuDYAS
BEIGE,BEIGE,01tVT000006DjgbYAC
,BEIGE,01tVT000006DjlRYAS
GRIS OSCURO,GRIS OSCURO,01tVT000006Djv7YAC
,GRIS OSCURO,01tVT000006DjzxYAC
MARRON + BLANCO,MARRON + BLANCO,01tVT000006EEqrYAG
,MARRON + BLANCO,01tVT000006EEu5YAG
CAFÉ + GRIS,CAFÉ + GRIS,01tVT000006EEu6YAG
,CAFÉ + GRIS,01tVT000006EFDRYA4
CAFÉ + CREMA,CAFÉ + CREMA,01tVT000006EFRxYAO
,CAFÉ + CREMA,01tVT000006EFTZYA4
WOOD+LIGHT BROWN,WOOD+LIGHT BROWN,01tVT000006EFTaYAO
BROWN + DARK GRAY,BROWN + DARK GRAY,01tVT000006EFdGYAW
CAFÉ + NEGRO + GRIS,CAFÉ + NEGRO + GRIS,01tVT000006EFjhYAG
,CAFÉ + NEGRO + GRIS,01tVT000006EFoXYAW
,GRAY,01tVT000006EFqAYAW
WOOD,WOOD,01tVT000006EGSrYAO
,WOOD,01tVT000006EGW5YAO
WOOD+WHITE,WOOD+WHITE,01tVT000006EGkbYAG
,WOOD+WHITE,01tVT000006EGmDYAW
WOOD + WHITE,WOOD + WHITE,01tVT000006EGvuYAG
WOOD+GREY+WHITE,WOOD+GREY+WHITE,01tVT000006EH2LYAW
,WOOD+GREY+WHITE,01tVT000006EH3xYAG
,WOOD+BROWN,01tVT000006EH8oYAG
,WOOD+LIGHT BROWN,01tVT000006EHdRYAW
WOOD+BLUE,WOOD+BLUE,01tVT000006EIEXYA4
,WOOD+BLUE,01tVT000006EIG9YAO
,WOOD,01tVT000006EIGAYA4
,BROWN + DARK GRAY,01tVT000006EIhZYAW
CREAM,CREAM,01tVT000006EIzKYAW
BROWN + DARK GRAY,BROWN + DARK GRAY,01tVT000006EJAbYAO
,BROWN + DARK GRAY,01tVT000006EJCDYA4
BROWN,BROWN,01tVT000006EJIfYAO
,BROWN,01tVT000006EJLtYAO
GRAY,GRAY,01tVT000006EJXBYA4
,CREAM,01tVT000006EJddYAG
WOOD + BLACK,WOOD + BLACK,01tVT000006EJvNYAW
,WOOD + BLACK,01tVT000006EK0DYAW
WOOD,WOOD,01tVT000006EK1pYAG
WHITE MARBLE + GRAY,WHITE MARBLE + GRAY,01tVT000006EKD7YAO
,WHITE MARBLE + GRAY,01tVT000006EKHxYAO
WOOD+BROWN,WOOD+BROWN,01tVT000006EKJZYA4
,BLACK + SILVER,01tVT000006EKTGYA4
BLACK,BLACK,01tVT000006EKY5YAO
,BLACK,01tVT000006EKbJYAW
WOOD+GREY,WOOD+GREY,01tVT000006EKcvYAG
,WOOD+GREY,01tVT000006EKeXYAW
,WOOD + WHITE,01tVT000006EKufYAG
WOOD + WHITE,WOOD + WHITE,01tVT000006EL7ZYAW
,WOOD + WHITE,01tVT000006EL9BYAW
WOOD + WHITE,WOOD + WHITE,01tVT000006ELE1YAO
,WOOD + WHITE,01tVT000006ELIrYAO
WHITE,WHITE,01tVT000006ELdpYAG
,WHITE,01tVT000006ELifYAG
,VARIOS,01tVT000006EM6sYAG
,BEIGE,01tVT000006EMlCYAW
AZUL,AZUL,01tVT000006EOTeYAO
,AZUL,01tVT000006EOi9YAG
AZUL,AZUL,01tVT000006EOwfYAG
,AZUL,01tVT000006EOyHYAW
BEIGE,BEIGE,01tVT000006EPRJYA4
VARIOS,VARIOS,01tVT000006EPcbYAG
,VARIOS,01tVT000006EPhRYAW
BLACK + SILVER,BLACK + SILVER,01tVT000006EPkgYAG
VARIOS,VARIOS,01tVT000006EQ2PYAW
,VARIOS,01tVT000006EQ41YAG
VARIOS,VARIOS,01tVT000006EQDhYAO
,VARIOS,01tVT000006EQFJYA4
,BLACK + SILVER,01tVT000006EQK9YAO
VARIOS,VARIOS,01tVT000006EQOzYAO
BLACK,BLACK,01tVT000006EQVRYA4
,BLACK,01tVT000006EQX3YAO
BLACK + SILVER,BLACK + SILVER,01tVT000006ERGDYA4
,BLACK + SILVER,01tVT000006ERHpYAO
BLACK + SILVER,BLACK + SILVER,01tVT000006ERcnYAG
BLACK + SILVER,BLACK + SILVER,01tVT000006ERjFYAW
,BLACK + SILVER,01tVT000006ERkrYAG
BEIGE + BLANCO,BEIGE + BLANCO,01tVT000006ExxdYAC
,BEIGE + BLANCO,01tVT000006Ey0rYAC
GRIS OSCURO,GRIS OSCURO,01tVT000006EzhhYAC
,GRIS OSCURO,01tVT000006EzubYAC
BEIGE,BEIGE,01tVT000006F097YAC
,BEIGE,01tVT000006F0AjYAK
VERDE,VERDE,01tVT000006F0KPYA0
,VERDE,01tVT000006F0M1YAK
VARIOS,VARIOS,01tVT000006F2UHYA0
,VARIOS,01tVT000006F2VtYAK
CAFÉ,CAFÉ,01tVT000006F2yvYAC
,CAFÉ,01tVT000006F329YAC
MADERA + TURQUESA + NEGRO,MADERA + TURQUESA + NEGRO,01tVT000006F3N7YAK
,MADERA + TURQUESA + NEGRO,01tVT000006F3RxYAK
ORO + NEGRO,ORO + NEGRO,01tVT000006F3beYAC
,ORO + NEGRO,01tVT000006F3lJYAS
MADERA,MADERA,01tVT000006F7k5YAC
,MADERA,01tVT000006F7nJYAS
NEGRO,NEGRO,01tVT000006F7wzYAC
,NEGRO,01tVT000006F81pYAC
ORO,ORO,01tVT000006F8D7YAK
,ORO,01tVT000006F8HxYAK
PLATA,PLATA,01tVT000006F8WTYA0
,PLATA,01tVT000006F8bJYAS
PLATA,PLATA,01tVT000006F8hlYAC
,PLATA,01tVT000006F8jNYAS
MARRON + NEGRO,MARRON + NEGRO,01tVT000006FBfdYAG
,MARRON + NEGRO,01tVT000006FBhFYAW
,VARIOS,01tVT000006FCF7YAO
MADERA + NEGRO,MADERA + NEGRO,01tVT000006FZwUYAW
,MADERA + NEGRO,01tVT000006FZwVYAW
MADERA + NEGRO,MADERA + NEGRO,01tVT000006FasXYAS
,MADERA + NEGRO,01tVT000006FasYYAS
MADERA + NEGRO,MADERA + NEGRO,01tVT000006Fau9YAC
,MADERA + NEGRO,01tVT000006FauAYAS
WHITE,WHITE,01tVT000006FkofYAC
,WHITE,01tVT000006FkrtYAC
BROWN,BROWN,01tVT000006FlcfYAC
,BROWN,01tVT000006FleHYAS
LIGNHT BROWN,LIGNHT BROWN,01tVT000006FlnxYAC
,LIGNHT BROWN,01tVT000006FlsnYAC
WOOD,WOOD,01tVT000006FmX7YAK
,WOOD,01tVT000006FmYjYAK
WOOD+BLACK,WOOD+BLACK,01tVT000006FmldYAC
,WOOD+BLACK,01tVT000006FmnFYAS
BLACK,BLACK,01tVT000006FnBRYA0
,BLACK,01tVT000006FnGHYA0
MARRÓN,MARRÓN,01tVT000006FrRxYAK
,MARRÓN,01tVT000006FrTZYA0
MARRÓN,MARRÓN,01tVT000006FruzYAC
,MARRÓN,01tVT000006FryDYAS
VARIOS,VARIOS,01tVT000006FsELYA0
,VARIOS,01tVT000006FsFxYAK
BLANCO + ORO,BLANCO + ORO,01tVT000006FsRFYA0
,BLANCO + ORO,01tVT000006FsW5YAK
,VARIOS,01tVT000006FsW6YAK
BLANCO + DORADO,BLANCO + DORADO,01tVT000006FssgYAC
GRIS OSCURO,GRIS OSCURO,01tVT000006FtLiYAK
,WHITE,01tVT000006FtSAYA0
,WHITE + WOOD,01tVT000006FtSBYA0
,BLANCO + DORADO,01tVT000006Fw0DYAS
WHITE + WOOD,WHITE + WOOD,01tVT000006FwOPYA0
,GRIS OSCURO,01tVT000006FwQ1YAK
,WHITE + WOOD,01tVT000006FwUrYAK
WHITE + WOOD,WHITE + WOOD,01tVT000006Fwg9YAC
,WHITE + WOOD,01tVT000006FwhlYAC
,GRIS,01tVT000006FwmbYAC
,GRIS,01tVT000006FwoDYAS
,VARIOS,01tVT000006FwppYAC
,VARIOS,01tVT000006FwrRYAS
WHITE + WOOD,WHITE + WOOD,01tVT000006FwufYAC
,WHITE + WOOD,01tVT000006FwwHYAS
,WHITE + NATURAL,01tVT000006Fx4MYAS
WHITE + NATURAL,WHITE + NATURAL,01tVT000006FxPJYA0
WHITE + NATURAL,WHITE + NATURAL,01tVT000006FxVlYAK
,WHITE + NATURAL,01tVT000006FxXNYA0
WHITE,WHITE,01tVT000006Fxp7YAC
WHITE + WOOD,WHITE + WOOD,01tVT000006FyTRYA0
,WHITE + WOOD,01tVT000006FymnYAC
WHITE + WOOD,WHITE + WOOD,01tVT000006FytFYAS
NATURAL,NATURAL,01tVT000006Fz1JYAS
,NATURAL,01tVT000006Fz2vYAC
GRAY + WOOD,GRAY + WOOD,01tVT000006FzAzYAK
,GRAY + WOOD,01tVT000006FzEDYA0
GRAY + WOOD,GRAY + WOOD,01tVT000006FzHRYA0
,WOOD,01tVT000006FzHSYA0
,GRAY + WOOD,01tVT000006FzJ3YAK
WOOD,WOOD,01tVT000006FzULYA0
BROWN,BROWN,01tVT000006GTx3YAG
,BROWN,01tVT000006GU8LYAW
BROWN+CREAM,BROWN+CREAM,01tVT000006GUZlYAO
,BROWN+CREAM,01tVT000006GUoHYAW
BLACK,BLACK,01tVT000006GY3tYAG
,BLACK,01tVT000006GY8jYAG
,MARRON + NEGRO,01tVT000006GaKEYA0
BEIGE,BEIGE,01tVT000006GabxYAC
,BEIGE,01tVT000006GadZYAS
GRAY,GRAY,01tVT000006GaosYAC
BEIGE,BEIGE,01tVT000006Gas5YAC
,BEIGE,01tVT000006GathYAC
BEIGE,BEIGE,01tVT000006Gb09YAC
,BEIGE,01tVT000006Gb3NYAS
YELLOW,YELLOW,01tVT000006Gb9pYAC
,YELLOW,01tVT000006GbBRYA0
,GRAY,01tVT000006GbJVYA0
WHITE + BLACK,WHITE + BLACK,01tVT000006GbOLYA0
,WHITE + BLACK,01tVT000006GbRZYA0
MARRON + NEGRO,MARRON + NEGRO,01tVT000006GbcrYAC
,MARRON + NEGRO,01tVT000006GbeTYAS
MARRON + NEGRO,MARRON + NEGRO,01tVT000006GbmXYAS
BROWN + BLACK,BROWN + BLACK,01tVT000006Gc13YAC
,BROWN + BLACK,01tVT000006Gc2fYAC
RED + BLACK,RED + BLACK,01tVT000006GcAjYAK
,RED + BLACK,01tVT000006GcCLYA0
LIGHT GRAY,LIGHT GRAY,01tVT000006Ge2rYAC
,BLACK,01tVT000006Ge4UYAS
,LIGHT GRAY,01tVT000006Ge7hYAC
BROWN + GRAY,BROWN + GRAY,01tVT000006GeAvYAK
,BROWN + GRAY,01tVT000006GeCXYA0
BROWN + BLACK,BROWN + BLACK,01tVT000006GeKbYAK
,BROWN + BLACK,01tVT000006GeMDYA0
BROWN + BLACK,BROWN + BLACK,01tVT000006GedxYAC
,BROWN + BLACK,01tVT000006GefZYAS
WHITE+ORANGE,WHITE+ORANGE,01tVT000006GehBYAS
,WHITE+ORANGE,01tVT000006Gem1YAC
BROWN + BLACK,BROWN + BLACK,01tVT000006GexJYAS
,BROWN + BLACK,01tVT000006GeyvYAC
BLACK+GREEN+YELLOW,BLACK+GREEN+YELLOW,01tVT000006Gf3lYAC
BROWN + BLACK,BROWN + BLACK,01tVT000006Gf8bYAC
,BLACK+GREEN+YELLOW,01tVT000006GfADYA0
,BROWN + BLACK,01tVT000006GfBpYAK
BLACK,BLACK,01tVT000006GfIHYA0
,WHITE,01tVT000006IfdyYAC
WHITE+BLACK,WHITE+BLACK,01tVT000006IfkPYAS
,WHITE+BLACK,01tVT000006IfpFYAS
WHITE,WHITE,01tVT000006Ig0XYAS
BLACK+WHITE,BLACK+WHITE,01tVT000006IgBpYAK
,BLACK+WHITE,01tVT000006IgDRYA0
BROWN,BROWN,01tVT000006IgOkYAK
BLACK+GREY,BLACK+GREY,01tVT000006IgQLYA0
,BLACK+GREY,01tVT000006IgRxYAK
BLACK+WHITE,BLACK+WHITE,01tVT000006IgWoYAK
RED+GREY,RED+GREY,01tVT000006Iga1YAC
,RED+GREY,01tVT000006IgbdYAC
BLACK,BLACK,01tVT000006IgmvYAC
,BLACK,01tVT000006IgoXYAS
,BROWN,01tVT000006IgwbYAC
,BLACK+WHITE,01tVT000006Ih6HYAS
BLUE + BLACK,BLUE + BLACK,01tVT000006Ik7NYAS
,BLUE + BLACK,01tVT000006IkDpYAK
GREY,GREY,01tVT000006IkqXYAS
,GREY,01tVT000006IkvNYAS
WOOD+CREAM,WOOD+CREAM,01tVT000006Im9DYAS
,GREY,01tVT000006Imh4YAC
,BROWN,01tVT000006Imh5YAC
,WHITE + WOOD,01tVT000006ImnWYAS
WHITE,WHITE,01tVT000006InZtYAK
GREY,GREY,01tVT000006InbVYAS
,WHITE,01tVT000006Ind7YAC
GREEN,GREEN,01tVT000006Iny6YAC
GREY,GREY,01tVT000006Io7lYAC
,GREY,01tVT000006IoCbYAK
WHITE + WOOD,WHITE + WOOD,01tVT000006IoJ3YAK
WHITE + WOOD,WHITE + WOOD,01tVT000006IoSjYAK
,WHITE + WOOD,01tVT000006IoULYA0
GREY,GREY,01tVT000006IoanYAC
,GREY,01tVT000006IocPYAS
WOOD + BLACK,WOOD + BLACK,01tVT000006Iou9YAC
,WOOD + BLACK,01tVT000006IoyzYAC
BROWN,BROWN,01tVT000006Ip3pYAC
WOOD+GREY,WOOD+GREY,01tVT000006Ip8fYAC
,WOOD+GREY,01tVT000006IpDVYA0
,GREEN,01tVT000006IpS1YAK
,WOOD+CREAM,01tVT000006IpWrYAK
,WHITE + WOOD,01tVT000006IpWsYAK
WOOD+GREY,WOOD+GREY,01tVT000006IpgXYAS
,WOOD+GREY,01tVT000006IplNYAS
BLACK,BLACK,01tVT000006IqXlYAK
,BLACK,01tVT000006IqcbYAC
BLACK,BLACK,01tVT000006IqkfYAC
,BLACK,01tVT000006IqpVYAS
WHITE + WOOD,WHITE + WOOD,01tVT000006IrTpYAK
WHITE,WHITE,01tVT000006IrYfYAK
,WHITE,01tVT000006IrdVYAS
WHITE + WOOD,WHITE + WOOD,01tVT000006IrwrYAC
,WHITE + WOOD,01tVT000006Is05YAC
BLACK + WHITE,BLACK + WHITE,01tVT000006Is6XYAS
,BLACK + WHITE,01tVT000006IsBNYA0
CREAM,CREAM,01tVT000006IskrYAC
,CREAM,01tVT000006IsmTYAS
,WOOD,01tVT000006ItiXYAS
,WOOD,01tVT000006ItozYAC
,WOOD,01tVT000006Iu3VYAS
,GRIS,01tVT000006JNjqYAG
CAFÉ,CAFÉ,01tVT000006JOBFYA4
,CAFÉ,01tVT000006JOCrYAO
GRIS,GRIS,01tVT000006JOPlYAO
CREMA,CREMA,01tVT000006JOZRYA4
,CREMA,01tVT000006JOb3YAG
GRIS,GRIS,01tVT000006JOmLYAW
,GRIS,01tVT000006JOpZYAW
VARIOS,VARIOS,01tVT000006JOzFYAW
,VARIOS,01tVT000006JP2TYAW
GRIS,GRIS,01tVT000006JRU5YAO
,GRIS,01tVT000006JRVhYAO
GRIS,GRIS,01tVT000006JSmjYAG
,GRIS,01tVT000006JSoLYAW
,GREY+BLACK,01tVT000006JThCYAW
NARANJA,NARANJA,01tVT000006JUIIYA4
GREY+BLACK,GREY+BLACK,01tVT000006JUOkYAO
,BEIGE,01tVT000006JUerYAG
,BLUE+GREY,01tVT000006JUzsYAG
CAFÉ,CAFÉ,01tVT000006JVe9YAG
,CAFÉ,01tVT000006JVflYAG
BLANCO,BLANCO,01tVT000006JVsfYAG
,BLANCO,01tVT000006JVuHYAW
CLARO,CLARO,01tVT000006JW7BYAW
,CLARO,01tVT000006JWC1YAO
GRIS,GRIS,01tVT000006JWLiYAO
,GRIS,01tVT000006JWYbYAO
,NARANJA,01tVT000006JWyPYAW
CAFÉ,CAFÉ,01tVT000006JXG9YAO
,CAFÉ,01tVT000006JXHlYAO
GRIS,GRIS,01tVT000006JXw5YAG
,GRIS,01tVT000006JXxhYAG
BLACK,BLACK,01tVT000006JYKHYA4
,BLACK,01tVT000006JYNVYA4
BLUE+GREY,BLUE+GREY,01tVT000006JYaPYAW
,BLUE+GREY,01tVT000006JYfFYAW
BLACK,BLACK,01tVT000006JYtlYAG
,BLACK,01tVT000006JYvNYAW
BROWN+BLACK,BROWN+BLACK,01tVT000006JZ6fYAG
,BROWN+BLACK,01tVT000006JZ9tYAG
BLACK,BLACK,01tVT000006JZJZYA4
,BLACK,01tVT000006JZQ1YAO
BLACK,BLACK,01tVT000006JZY5YAO
,BLACK,01tVT000006JZZhYAO
BLUE+GREY,BLUE+GREY,01tVT000006JZt3YAG
NEGRO + AMARILLO,NEGRO + AMARILLO,01tVT000006K58BYAS
GRIS,GRIS,01tVT000006K7OTYA0
,GRIS,01tVT000006K7Q5YAK
GRIS,GRIS,01tVT000006K7gDYAS
,GRIS,01tVT000006K7hpYAC
NEGRO,NEGRO,01tVT000006K7oHYAS
,NEGRO,01tVT000006K7rVYAS
GRIS,GRIS,01tVT000006K8HJYA0
,GRIS,01tVT000006K8IvYAK
NEGRO,NEGRO,01tVT000006K8UDYA0
,NEGRO,01tVT000006K8VpYAK
,NEGRO + AMARILLO,01tVT000006K8qnYAC
VARIOS,VARIOS,01tVT000006K8xGYAS
,VARIOS,01tVT000006K93hYAC
GRIS + ROJO,GRIS + ROJO,01tVT000006K9A9YAK
,GRIS + ROJO,01tVT000006K9BlYAK
WOOD+YELLOW+CREAM,WOOD+YELLOW+CREAM,01tVT000006KLBJYA4
,WOOD+YELLOW+CREAM,01tVT000006KLG9YAO
,MADERA + NEGRO,01tVT000006KpB0YAK
MADERA + NEGRO,MADERA + NEGRO,01tVT000006KuPCYA0
MADERA + NEGRO,MADERA + NEGRO,01tVT000006Kuc5YAC
,MADERA + NEGRO,01tVT000006KudhYAC
MADERA + NEGRO,MADERA + NEGRO,01tVT000006Kv6jYAC
,MADERA + NEGRO,01tVT000006KvEnYAK
MADERA + NEGRO,MADERA + NEGRO,01tVT000006KvTJYA0
,MADERA + NEGRO,01tVT000006KvUvYAK
MADERA + NEGRO,MADERA + NEGRO,01tVT000006KvoHYAS
,MADERA + NEGRO,01tVT000006KyUPYA0
VARIOS,VARIOS,01tVT000006L0xeYAC
,VARIOS,01tVT000006L1NRYA0
VARIOS,VARIOS,01tVT000006L1qTYAS
,VARIOS,01tVT000006L1vJYAS
VARIOS,VARIOS,01tVT000006L2RZYA0
,VARIOS,01tVT000006L2TBYA0
,BLANCO,01tVT000006L2ZeYAK
,NEGRO,01tVT000006L2mYYAS
BLANCO,BLANCO,01tVT000006L2szYAC
MADERA + NEGRO,MADERA + NEGRO,01tVT000006L3PGYA0
NEGRO,NEGRO,01tVT000006L3YvYAK
MADERA + NEGRO,MADERA + NEGRO,01tVT000006L3kDYAS
,MADERA + NEGRO,01tVT000006L3lpYAC
,MADERA + NEGRO,01tVT000006L4A1YAK
GRIS,GRIS,01tVT000006L4gIYAS
,GRIS,01tVT000006L51GYAS
,GRIS,01tVT000006L5CXYA0
,BLANCO,01tVT000006L5FmYAK
BLANCO,BLANCO,01tVT000006L5NpYAK
GRIS,GRIS,01tVT000006L5pFYAS
,GRIS,01tVT000006L5u5YAC
NEGRO,NEGRO,01tVT000006L5u6YAC
GRIS,GRIS,01tVT000006L65NYAS
ROSA,ROSA,01tVT000006L6dFYAS
,ROSA,01tVT000006L6erYAC
GRAY,GRAY,01tVT000006L6yDYAS
,GRAY,01tVT000006L6zpYAC
GRIS,GRIS,01tVT000006L7ZJYA0
,GRIS,01tVT000006L7cXYAS
,NEGRO,01tVT000006L7npYAC
,GRIS,01tVT000006L7sgYAC
GRIS,GRIS,01tVT000006L7z7YAC
WOOD+BROWN,WOOD+BROWN,01tVT000006LGfpYAG
,WOOD+BROWN,01tVT000006LGmHYAW
WOOD+LIGHT BROWN,WOOD+LIGHT BROWN,01tVT000006LHC5YAO
,WOOD+LIGHT BROWN,01tVT000006LHGvYAO
WOOD+CREAM,WOOD+CREAM,01tVT000006LHonYAG
,WOOD+CREAM,01tVT000006LHtdYAG
WOOD+GREY,WOOD+GREY,01tVT000006LIL3YAO
,WOOD+GREY,01tVT000006LIPtYAO
WOOD+CREAM,WOOD+CREAM,01tVT000006LIjFYAW
,WOOD+CREAM,01tVT000006LIo5YAG
WOOD+BLACK+BLUE,WOOD+BLACK+BLUE,01tVT000006LJ93YAG
,WOOD+BLACK+BLUE,01tVT000006LJDtYAO
GREY+BROWN,GREY+BROWN,01tVT000006LJdhYAG
,GREY+BROWN,01tVT000006LJgvYAG
LIGHT GREEN+WHITE,LIGHT GREEN+WHITE,01tVT000006LK9xYAG
,LIGHT GREEN+WHITE,01tVT000006LKBZYA4
GREY,GREY,01tVT000006LLlxYAG
,GREY,01tVT000006LLsPYAW
WOOD+BLACK,WOOD+BLACK,01tVT000006LMJpYAO
,WOOD+BLACK,01tVT000006LMOfYAO
BLACK,BLACK,01tVT000006LMdBYAW
,BLACK,01tVT000006LMlFYAW
WOOD,WOOD,01tVT000006LN6DYAW
,WOOD,01tVT000006LNB3YAO
BLACK+ORANGE,BLACK+ORANGE,01tVT000006LNUPYA4
,BLACK+ORANGE,01tVT000006LNarYAG
WOOD+WHITE,WOOD+WHITE,01tVT000006LNnlYAG
,WOOD+WHITE,01tVT000006LNsbYAG
MADERA + NEGRO,MADERA + NEGRO,01tVT000006Lj9xYAC
,MADERA + NEGRO,01tVT000006LjBZYA0
MADERA + NEGRO,MADERA + NEGRO,01tVT000006LjMrYAK
,MADERA + NEGRO,01tVT000006LjQ5YAK
BLANCO + MADERA,BLANCO + MADERA,01tVT000006LkKYYA0
BLANCO + ORO,BLANCO + ORO,01tVT000006LlBlYAK
,BLANCO + ORO,01tVT000006LlDNYA0
,MADERA + NEGRO,01tVT000006LlF1YAK
NEGRO,NEGRO,01tVT000006LlOfYAK
,NEGRO,01tVT000006LlQHYA0
BLANCO + CAFÉ,BLANCO + CAFÉ,01tVT000006LlZxYAK
,BLANCO + CAFÉ,01tVT000006LlenYAC
FLOR + NEGRO,FLOR + NEGRO,01tVT000006LllFYAS
,FLOR + NEGRO,01tVT000006LloTYAS
,BLANCO + MADERA,01tVT000006Lly9YAC
MADERA + NEGRO,MADERA + NEGRO,01tVT000006Lm4bYAC
BLANCO,BLANCO,01tVT000006LmCfYAK
,BLANCO,01tVT000006LmHVYA0
TURQUESA + NEGRO,TURQUESA + NEGRO,01tVT000006LmXdYAK
,TURQUESA + NEGRO,01tVT000006LmZFYA0
ROJO + NEGRO,ROJO + NEGRO,01tVT000006LmhLYAS
BLACK+ORANGE,BLACK+ORANGE,01tVT000006LmhMYAS
,NEGRO + PLATA,01tVT000006Ln8kYAC
GRIS + NEGRO,GRIS + NEGRO,01tVT000006LnWvYAK
,GRIS + NEGRO,01tVT000006LnblYAC
BLANCO + NEGRO,BLANCO + NEGRO,01tVT000006LngbYAC
,BLANCO + NEGRO,01tVT000006LnjpYAC
GRIS + NEGRO,GRIS + NEGRO,01tVT000006Lnv7YAC
,GRIS + NEGRO,01tVT000006LnwjYAC
,ROJO + NEGRO,01tVT000006Lo81YAC
,BLANCO + ORO,01tVT000006LoWEYA0
BLANCO + NEGRO,BLANCO + NEGRO,01tVT000006Lob3YAC
,BLANCO + NEGRO,01tVT000006LoftYAC
BLANCO + ORO,BLANCO + ORO,01tVT000006Loj8YAC
VERDE + NEGRO,VERDE + NEGRO,01tVT000006LonxYAC
,VERDE + NEGRO,01tVT000006LopZYAS
,GRIS + PLATA,01tVT000006Lp0sYAC
,BLANCO + ORO,01tVT000006Lp8vYAC
BLANCO + ORO,BLANCO + ORO,01tVT000006LpLpYAK
GRIS + PLATA,GRIS + PLATA,01tVT000006LpQfYAK
NEGRO + PLATA,NEGRO + PLATA,01tVT000006LpaLYAS
GRIS,GRIS,01tVT000006Lpk1YAC
,GRIS,01tVT000006LpnFYAS
BLACK+ORANGE,BLACK+ORANGE,01tVT000006LribYAC
,BLACK+ORANGE,01tVT000006LrkDYAS
BLACK+ORANGE,BLACK+ORANGE,01tVT000006LrsHYAS
,BLACK+ORANGE,01tVT000006LrttYAC
,BLACK+ORANGE,01tVT000006Ls1xYAC
BLANCO + NEGRO,BLANCO + NEGRO,01tVT000006PRzFYAW
,BLANCO + NEGRO,01tVT000006PRzGYAW
NATURAL + TURQUESA,NATURAL + TURQUESA,01tVT000006PS2TYAW
,NATURAL + TURQUESA,01tVT000006PS2UYAW
,MADERA + GRIS,01tVT000006V4S6YAK
MADERA + GRIS,MADERA + GRIS,01tVT000006V4rtYAC
NEGRO + MADERA,NEGRO + MADERA,01tVT000006V54nYAC
,NEGRO + MADERA,01tVT000006V56PYAS
NEGRO + MADERA,NEGRO + MADERA,01tVT000006V5KvYAK
,NEGRO + MADERA,01tVT000006V5PlYAK
NEGRO + MADERA,NEGRO + MADERA,01tVT000006V5cfYAC
,NEGRO + MADERA,01tVT000006V5eHYAS
NEGRO + MADERA,NEGRO + MADERA,01tVT000006V62TYAS
,NEGRO + MADERA,01tVT000006V645YAC
NEGRO + MADERA,NEGRO + MADERA,01tVT000006V709YAC
,NEGRO + MADERA,01tVT000006V71lYAC
MADERA + GRIS,MADERA + GRIS,01tVT000006V7D3YAK
,MADERA + GRIS,01tVT000006V7HtYAK
MADERA + GRIS,MADERA + GRIS,01tVT000006V7TBYA0
,MADERA + GRIS,01tVT000006V7UnYAK
GREY,GREY,01tVT000006VBBpYAO
,GREY,01tVT000006VBDRYA4
GREY,GREY,01tVT000006VBerYAG
,GREY,01tVT000006VBgTYAW
GREY,GREY,01tVT000006VBuzYAG
,GREY,01tVT000006VByDYAW
NEGRO + MADERA,NEGRO + MADERA,01tVT000006VCnpYAG
,NEGRO + MADERA,01tVT000006VCpRYAW
WOOD+WHITE,WOOD+WHITE,01tVT000006VD0jYAG
,WOOD+WHITE,01tVT000006VD3xYAG
WOOD+WHITE,WOOD+WHITE,01tVT000006VDAPYA4
,WOOD+WHITE,01tVT000006VDC1YAO
MADERA + NEGRO,MADERA + NEGRO,01tVT000006VFAbYAO
,MADERA + NEGRO,01tVT000006VFFRYA4
MADERA + NEGRO,MADERA + NEGRO,01tVT000006VFXBYA4
,MADERA + NEGRO,01tVT000006VFYnYAO
MADERA + NEGRO,MADERA + NEGRO,01tVT000006VFovYAG
,MADERA + NEGRO,01tVT000006VFvNYAW
MADERA + NEGRO,MADERA + NEGRO,01tVT000006VG53YAG
,MADERA + NEGRO,01tVT000006VG6fYAG
WOOD,WOOD,01tVT000006VGBVYA4
,WOOD,01tVT000006VGGLYA4
MADERA + NEGRO,MADERA + NEGRO,01tVT000006VGLBYA4
,MADERA + NEGRO,01tVT000006VGQ1YAO
BLACK,BLACK,01tVT000006VGg9YAG
,BLACK,01tVT000006VGhlYAG
VERDE + MADERA,VERDE + MADERA,01tVT000006VHPJYA4
,VERDE + MADERA,01tVT000006VHU9YAO
CREMA + VERDE,CREMA + VERDE,01tVT000006VHifYAG
,CREMA + VERDE,01tVT000006VHnVYAW
CREMA + VERDE,CREMA + VERDE,01tVT000006VIbVYAW
,CREMA + VERDE,01tVT000006VIhxYAG
CREMA + VERDE,CREMA + VERDE,01tVT000006VIy5YAG
,CREMA + VERDE,01tVT000006VJ2vYAG
MADERA + VERDE,MADERA + VERDE,01tVT000006VJEDYA4
,MADERA + VERDE,01tVT000006VJJ3YAO
BROWN,BROWN,01tVT000006VJNtYAO
,BROWN,01tVT000006VJSjYAO
MADERA + VERDE,MADERA + VERDE,01tVT000006VL37YAG
,MADERA + VERDE,01tVT000006VL4jYAG
WOOD+BLACK,WOOD+BLACK,01tVT000006VL9ZYAW
,WOOD+BLACK,01tVT000006VLEPYA4
VERDE + MADERA,VERDE + MADERA,01tVT000006VLO5YAO
,VERDE + MADERA,01tVT000006VLPhYAO
WOOD+BLACK,WOOD+BLACK,01tVT000006VLUXYA4
,WOOD+BLACK,01tVT000006VLW9YAO
WOOD+BLACK,WOOD+BLACK,01tVT000006VLmHYAW
,WOOD+BLACK,01tVT000006VLntYAG
BLANCO,BLANCO,01tVT000006VM0nYAG
,BLANCO,01tVT000006VM5dYAG
BLANCO,BLANCO,01tVT000006VyZ7YAK
,BLANCO,01tVT000006VyajYAC
MADERA,MADERA,01tVT000006VysTYAS
,MADERA,01tVT000006VyxJYAS
BLANCO + MADERA + NEGRO,BLANCO + MADERA + NEGRO,01tVT000006VzGfYAK
,BLANCO + MADERA + NEGRO,01tVT000006VzIHYA0
,BLANCO + MADERA,01tVT000006VzVCYA0
BLANCO + MADERA,BLANCO + MADERA,01tVT000006VzbdYAC
MADERA + BLANCO,MADERA + BLANCO,01tVT000006Vzq9YAC
,MADERA + BLANCO,01tVT000006VzrlYAC
GRIS + MADERA,GRIS + MADERA,01tVT000006W3QjYAK
,GRIS + MADERA,01tVT000006W3TxYAK
GRIS + MADERA,GRIS + MADERA,01tVT000006W3tlYAC
,GRIS + MADERA,01tVT000006W3vNYAS
MADERA,MADERA,01tVT000006W4HxYAK
,MADERA,01tVT000006W4LBYA0
BLANCO + MADERA,BLANCO + MADERA,01tVT000006W4ZhYAK
,BLANCO + MADERA,01tVT000006W4bJYAS
MADERA + BLANCO,MADERA + BLANCO,01tVT000006W4mbYAC
,MADERA + BLANCO,01tVT000006W4oDYAS
MADERA,MADERA,01tVT000006W4wHYAS
,MADERA,01tVT000006W4zVYAS
,BLANCO + MADERA,01tVT000006YkhiYAC
BLANCO + MADERA,BLANCO + MADERA,01tVT000006YkjJYAS
,BLANCO + MADERA,01tVT000006Yko9YAC
BLANCO + MADERA,BLANCO + MADERA,01tVT000006Yl2fYAC
MADERA,MADERA,01tVT000006YlAjYAK
,MADERA,01tVT000006YlCLYA0
MADERA,MADERA,01tVT000006YlNdYAK
,MADERA,01tVT000006YlPFYA0
NEGRO + BLANCO,NEGRO + BLANCO,01tVT000006YlaXYAS
,NEGRO + BLANCO,01tVT000006YlfNYAS
NEGRO + BLANCO,NEGRO + BLANCO,01tVT000006YllpYAC
,NEGRO + BLANCO,01tVT000006YlnRYAS
BLANCO + NEGRO,BLANCO + NEGRO,01tVT000006YlttYAC
,BLANCO + NEGRO,01tVT000006YlvVYAS
BLANCO + NEGRO,BLANCO + NEGRO,01tVT000006Ym3ZYAS
,BLANCO + NEGRO,01tVT000006Ym5BYAS
CAFÉ,CAFÉ,01tVT000006YmDFYA0
,CAFÉ,01tVT000006YmErYAK
MADERA + NEGRO,MADERA + NEGRO,01tVT000006YmLJYA0
,MADERA + NEGRO,01tVT000006YmOXYA0
BLUE/WHITE/PINK,BLUE/WHITE/PINK,01tVT000006Yo0XYAS
,BLUE/WHITE/PINK,01tVT000006Yo3lYAC
WOOD+WHITE,WOOD+WHITE,01tVT000006YoN8YAK
WOOD+WHITE,WOOD+WHITE,01tVT000006Yp7tYAC
,WOOD+WHITE,01tVT000006YpJBYA0
WOOD+GREY,WOOD+GREY,01tVT000006YqYcYAK
BLUE/WHITE/PINK+GREY+WOODEN,BLUE/WHITE/PINK+GREY+WOODEN,01tVT000006YqjtYAC
,BLUE/WHITE/PINK+GREY+WOODEN,01tVT000006YqlVYAS
,WOOD+GREY,01tVT000006YrODYA0
MULTICOLOUR,MULTICOLOUR,01tVT000006YrhZYAS
,MULTICOLOUR,01tVT000006YrjBYAS
WHITE+WOOD,WHITE+WOOD,01tVT000006YtTFYA0
,WHITE+WOOD,01tVT000006YtUrYAK
WHITE+WOOD,WHITE+WOOD,01tVT000006YtmbYAC
,WHITE+WOOD,01tVT000006YtppYAC
,WOOD+WHITE,01tVT000006YvTRYA0
BLUE/WHITE,BLUE/WHITE,01tVT000006YwR7YAK
,BLUE/WHITE,01tVT000006YwSjYAK
BLUE,BLUE,01tVT000006YxNBYA0
,BLUE,01tVT000006YxS1YAK
PINK,PINK,01tVT000006YxdJYAS
,PINK,01tVT000006YxevYAC
WHITE+BLACK,WHITE+BLACK,01tVT000006YxztYAC
,WHITE+BLACK,01tVT000006Yy1VYAS
WOOD+CREAM,WOOD+CREAM,01tVT000006Yzs1YAC
,WOOD+CREAM,01tVT000006YztdYAC
WHITE+WOOD,WHITE+WOOD,01tVT000006Z14DYAS
,WHITE+WOOD,01tVT000006Z15pYAC
WHITE+WOOD,WHITE+WOOD,01tVT000006Z1fJYAS
,WHITE+WOOD,01tVT000006Z1iXYAS
WOOD+WHITE,WOOD+WHITE,01tVT000006Z2rVYAS
,WOOD+WHITE,01tVT000006Z2t7YAC
WOOD+WHITE,WOOD+WHITE,01tVT000006ZWuPYAW
,WOOD+WHITE,01tVT000006ZWw1YAG
WHITE,WHITE,01tVT000006ZeLiYAK
,WHITE,01tVT000006ZixBYAS
COLOR OPTIONS,COLOR OPTIONS,01tVT000006Zk69YAC
,COLOR OPTIONS,01tVT000006ZkAzYAK
WHITE + BLACK,WHITE + BLACK,01tVT000006ZmazYAC
,WHITE + BLACK,01tVT000006ZmfpYAC
COLOR OPTIONS,COLOR OPTIONS,01tVT000006ZnATYA0
,COLOR OPTIONS,01tVT000006ZnC5YAK
,CREAM,01tVT000006aGqoYAE
BLACK,BLACK,01tVT000006aH3hYAE
,BLACK,01tVT000006aH5JYAU
CREAM,CREAM,01tVT000006aINxYAM
,WHITE + BROWN,01tVT000006aIe6YAE
WHITE + BROWN,WHITE + BROWN,01tVT000006aIqzYAE
BLANCO + MADERA,BLANCO + MADERA,01tVT000006aJv7YAE
,BLANCO + MADERA,01tVT000006aJwjYAE
BLANCO + MADERA,BLANCO + MADERA,01tVT000006aM3NYAU
,BLANCO + MADERA,01tVT000006aM4zYAE
MADERA,MADERA,01tVT000006aM6cYAE
BLANCO + MADERA,BLANCO + MADERA,01tVT000006aO5BYAU
,BLANCO + MADERA,01tVT000006aO8PYAU
GRIS + MADERA,GRIS + MADERA,01tVT000006aOMvYAM
,GRIS + MADERA,01tVT000006aOOXYA2
,BLANCO + MADERA,01tVT000006aOd6YAE
,MADERA,01tVT000006aOl7YAE
BLANCO + MADERA,BLANCO + MADERA,01tVT000006aOy1YAE
,BLANCO + MADERA,01tVT000006aP1FYAU
BLANCO + MADERA,BLANCO + MADERA,01tVT000006aPFlYAM
,BLANCO + MADERA,01tVT000006aPHNYA2
BLANCO + MADERA,BLANCO + MADERA,01tVT000006aPMEYA2
BLANCO + MADERA,BLANCO + MADERA,01tVT000006aPVtYAM
,BLANCO + MADERA,01tVT000006aPZ7YAM
GRIS + MADERA,GRIS + MADERA,01tVT000006aPfZYAU
,GRIS + MADERA,01tVT000006aPhBYAU
BLANCO + MADERA,BLANCO + MADERA,01tVT000006aQIHYA2
,BLANCO + MADERA,01tVT000006aQLVYA2
BLANCO + MADERA,BLANCO + MADERA,01tVT000006aQRxYAM
,BLANCO + MADERA,01tVT000006aQWnYAM
GRIS + MADERA,GRIS + MADERA,01tVT000006aQdFYAU
,GRIS + MADERA,01tVT000006aQerYAE
MADERA,MADERA,01tVT000006aQq9YAE
,MADERA,01tVT000006aQrlYAE
MADERA,MADERA,01tVT000006aR4fYAE
,MADERA,01tVT000006aR6HYAU
MADERA,MADERA,01tVT000006aRXhYAM
,MADERA,01tVT000006aRavYAE
MADERA,MADERA,01tVT000006aRizYAE
,MADERA,01tVT000006aRkbYAE
MADERA,MADERA,01tVT000006aRuHYAU
,MADERA,01tVT000006aRz7YAE
ORANGE + BLACK,ORANGE + BLACK,01tVT000006aTGAYA2
ORANGE + BLACK,ORANGE + BLACK,01tVT000006aV8HYAU
,ORANGE + BLACK,01tVT000006aVD7YAM
ORANGE + BLACK,ORANGE + BLACK,01tVT000006aVY5YAM
,ORANGE + BLACK,01tVT000006aVbJYAU
,ORANGE + BLACK,01tVT000006aVwHYAU
BLACK,BLACK,01tVT000006b2KLYAY
,BLACK,01tVT000006b2LxYAI
VARIOS,VARIOS,01tVT000006bCBdYAM
,VARIOS,01tVT000006bCErYAM
,BEIGE,01tVT000006dAiPYAU
NEGRO,NEGRO,01tVT000006dHrxYAE
,NEGRO,01tVT000006dHryYAE
NEGRO,NEGRO,01tVT000006dHtZYAU
,NEGRO,01tVT000006dHtaYAE
GREEN,GREEN,01tVT000006djOPYAY
,GREEN,01tVT000006djTFYAY
MULTICOLOR,MULTICOLOR,01tVT000006djmbYAA
,MULTICOLOR,01tVT000006djrRYAQ
RED + BLACK,RED + BLACK,01tVT000006doeDYAQ
,RED + BLACK,01tVT000006dofpYAA
BLACK,BLACK,01tVT000006douLYAQ
,BLACK,01tVT000006doxZYAQ
WOOD + BLACK,WOOD + BLACK,01tVT000006iEobYAE
,WOOD + BLACK,01tVT000006iEtRYAU
GRAY,GRAY,01tVT000006iGqPYAU
,GRAY,01tVT000006iH3JYAU
WOOD + BLACK,WOOD + BLACK,01tVT000006iHHqYAM
WOOD + BLACK,WOOD + BLACK,01tVT000006iHL3YAM
,WOOD + BLACK,01tVT000006iHMfYAM
WOOD + BLACK,WOOD + BLACK,01tVT000006iHcnYAE
,WOOD + BLACK,01tVT000006iHhdYAE
BLACK,BLACK,01tVT000006iI5pYAE
,BLACK,01tVT000006iI7RYAU
WOOD + BLACK,WOOD + BLACK,01tVT000006iIIjYAM
,WOOD + BLACK,01tVT000006iIKLYA2
STONE + BLACK,STONE + BLACK,01tVT000006iIVdYAM
,STONE + BLACK,01tVT000006iIXFYA2
,WOOD + BLACK,01tVT000006iIozYAE
,BLACK,01tVT000006iIqcYAE
BLACK,BLACK,01tVT000006iJ9xYAE
WOOD + BLACK,WOOD + BLACK,01tVT000006iJhpYAE
,WOOD + BLACK,01tVT000006iJl3YAE
WOOD + BLACK,WOOD + BLACK,01tVT000006iJujYAE
,WOOD + BLACK,01tVT000006iJwLYAU
,GRIS CLARO,01tVT000006j3BBYAY
,VARIOS,01tVT000006j3G1YAI
,CIELO,01tVT000006j3fpYAA
,VARIOS,01tVT000006j3j3YAA
,BLANCO,01tVT000006j3mHYAQ
,GRIS,01tVT000006j3ntYAA
BLANCO,BLANCO,01tVT000006jq2DYAQ
,BLANCO,01tVT000006jq73YAA
WHITE,WHITE,01tVT000006jqevYAA
,WHITE,01tVT000006jqjlYAA
BLANCO + NOGAL,BLANCO + NOGAL,01tVT000006lG98YAE
VARIOS,VARIOS,01tVT000006lGgzYAE
,VARIOS,01tVT000006lGibYAE
,BLANCO + NOGAL,01tVT000006lH0LYAU
CREMA + NOGAL,CREMA + NOGAL,01tVT000006lH8PYAU
,CREMA + NOGAL,01tVT000006lHA1YAM
WHITE,WHITE,01tVT000006oBsrYAE
,WHITE,01tVT000006oBxhYAE
YELLOW,YELLOW,01tVT000006oFrdYAE
,YELLOW,01tVT000006oFtFYAU
NEGRO,NEGRO,01tVT000006oPUPYA2
,NEGRO,01tVT000006oPW1YAM
,YELLOW,01tVT000006onRuYAI
GRAY,GRAY,01tVT000006opNFYAY
,GRAY,01tVT000006oqETYAY
GRAY,GRAY,01tVT000006oqO9YAI
,GRAY,01tVT000006oqPlYAI
,GRAY,01tVT000006oqXqYAI
GRAY,GRAY,01tVT000006oqZRYAY
LIGHT,LIGHT,01tVT000006oqkjYAA
,LIGHT,01tVT000006oqmLYAQ
ORANGE,ORANGE,01tVT000006oquPYAQ
,ORANGE,01tVT000006oqzFYAQ
YELLOW,YELLOW,01tVT000006orSHYAY
,YELLOW,01tVT000006orTtYAI
YELLOW,YELLOW,01tVT000006oriPYAQ
GRAY,GRAY,01tVT000006ouGTYAY
,GRAY,01tVT000006ouLJYAY
,GRAY,01tVT000006ouwQYAQ
GRAY,GRAY,01tVT000006ovHOYAY
GRAY,GRAY,01tVT000006ovm1YAA
,GRAY,01tVT000006ovpFYAQ
,GRAY,01tVT000006ovviYAA
GRAY,GRAY,01tVT000006ow29YAA
GRAY,GRAY,01tVT000006owF3YAI
,GRAY,01tVT000006owJtYAI
GRAY,GRAY,01tVT000006owerYAA
,GRAY,01tVT000006owq9YAA
,NEGRO+ ROJO,01tVT000006ozG9YAI
BLACK + BLUE,BLACK + BLUE,01tVT000006p0aPYAQ
,BLACK + BLUE,01tVT000006p0c1YAA
NEGRO,NEGRO,01tVT000006p0lhYAA
,NEGRO,01tVT000006p0nJYAQ
NEGRO,NEGRO,01tVT000006qI0bYAE
,NEGRO,01tVT000006qI5RYAU
WOOD,WOOD,01tVT000006qKbtYAE
,WOOD,01tVT000006qKgjYAE
BLACK,BLACK,01tVT000006qLT7YAM
,BLACK,01tVT000006qLUjYAM
BLACK,BLACK,01tVT000006qLmTYAU
,BLACK,01tVT000006qLo5YAE
,MADERA + GRIS,01tVT000006sML3YAM
YELLOW,YELLOW,01tVT000006sOwLYAU
,YELLOW,01tVT000006sOxxYAE
GRAY,GRAY,01tVT000006sU5hYAE
,GRAY,01tVT000006sU7JYAU
GRAY,GRAY,01tVT000006sUYjYAM
,GRAY,01tVT000006sUaLYAU
GRAY,GRAY,01tVT000006sUvJYAU
,GRAY,01tVT000006sUwvYAE
BLANCO,BLANCO,01tVT0000077TR3YAM
,BLANCO,01tVT0000077TR4YAM
,BLANCO,01tVT0000079wYbYAI
GRAY,GRAY,01tVT0000079xHlYAI
,GRAY,01tVT0000079xKzYAI
BROWN,BROWN,01tVT0000079xb7YAA
,BROWN,01tVT0000079xfxYAA
BLUE,BLUE,01tVT0000079xpdYAA
,BLUE,01tVT0000079xsrYAA
,WHITE + WOOD,01tVT000007Bc5zYAC
,WHITE + GRAY,01tVT000007BcXOYA0
WHITE + GRAY,WHITE + GRAY,01tVT000007BdEvYAK
,WHITE + WOOD,01tVT000007BdGYYA0
,WHITE + WOOD,01tVT000007BdLOYA0
WHITE + WOOD,WHITE + WOOD,01tVT000007BdRpYAK
WHITE + WOOD,WHITE + WOOD,01tVT000007BdhxYAC
WHITE + WOOD,WHITE + WOOD,01tVT000007BdwTYAS
BLACK + WHITE + GRAY,BLACK + WHITE + GRAY,01tVT000007FrMXYA0
,BLACK + WHITE + GRAY,01tVT000007FrRNYA0
BLACK/WHITE/GREY,BLACK/WHITE/GREY,01tVT000007FrxdYAC
,BLACK/WHITE/GREY,01tVT000007FrzFYAS
,VARIOS COLORES,01tVT000007GnwnYAC
,VARIOS,01tVT000007HZJtYAO
,BLACK,01tVT000007LRcJYAW
BROWN + BLACK,BROWN + BLACK,01tVT000007LU5VYAW
,BROWN + BLACK,01tVT000007LUALYA4
BLACK,BLACK,01tVT000007LUK1YAO
BLACK,BLACK,01tVT000007LUQTYA4
,BLACK,01tVT000007LUS5YAO
BLACK,BLACK,01tVT000007LUa9YAG
,BLACK,01tVT000007LUblYAG
BLACK,BLACK,01tVT000007LUjpYAG
,BLACK,01tVT000007LUn3YAG
BLUE,BLUE,01tVT000007LZtBYAW
,BLUE,01tVT000007LZunYAG
LIGHT GRAY,LIGHT GRAY,01tVT000007La4TYAS
,LIGHT GRAY,01tVT000007La65YAC
BLACK,BLACK,01tVT000007Ny5uYAC
BLACK,BLACK,01tVT000007Nz5DYAS
,SILVER,01tVT000007Nz6oYAC
BRONZE,BRONZE,01tVT000007Nz8QYAS
,BLACK,01tVT000007NzGVYA0
,BLACK,01tVT000007NzJiYAK
,BLUE,01tVT000007NzgIYAS
,BRONZE,01tVT000007O0CYYA0
SILVER,SILVER,01tVT000007O0u5YAC
,SILVER,01tVT000007O0yvYAC
GRAY,GRAY,01tVT000007O13lYAC
,GRAY,01tVT000007O16zYAC
SILVER,SILVER,01tVT000007O1GgYAK
,SILVER,01tVT000007O1VBYA0
BLACK,BLACK,01tVT000007O1beYAC
BRONZE,BRONZE,01tVT000007O1erYAC
,BRONZE,01tVT000007O1jhYAC
SILVER,SILVER,01tVT000007O1q9YAC
,BLACK,01tVT000007O2e9YAC
GRAY,GRAY,01tVT000007O2izYAC
,GRAY,01tVT000007O2kbYAC
ORANGE,ORANGE,01tVT000007O2r3YAC
,ORANGE,01tVT000007O2sfYAC
BROWN,BROWN,01tVT000007O2z7YAC
BLUE,BLUE,01tVT000007O37BYAS
BLACK,BLACK,01tVT000007OryQYAS
,BLACK,01tVT000007Ou6fYAC
BROWN,BROWN,01tVT000007OuOPYA0
,BROWN,01tVT000007OuQ1YAK
BLACK,BLACK,01tVT000007OubJYAS
,BLACK,01tVT000007OucvYAC
GREEN,GREEN,01tVT000007Ri8zYAC
,GREEN,01tVT000007RiH3YAK
GREY,GREY,01tVT000007Ric1YAC
WHITE,WHITE,01tVT000007Ric2YAC
,GREY,01tVT000007RigrYAC
,WHITE,01tVT000007RoWAYA0
,WHITE,01tVT000007RpgkYAC
WHITE,WHITE,01tVT000007RrCHYA0
,WHITE,01tVT000007RraTYAS
WHITE,WHITE,01tVT000007Rs9xYAC
,GOLD,01tVT000007SSRyYAO
,CREAM,01tVT000007STKpYAO
GOLD,GOLD,01tVT000007SVHlYAO
BLACK,BLACK,01tVT000007SVRRYA4
,BLACK,01tVT000007SVT3YAO
BLACK,BLACK,01tVT000007SVrFYAW
,BLACK,01tVT000007SVw5YAG
BLACK,BLACK,01tVT000007SWAbYAO
,BLACK,01tVT000007SWCDYA4
CREAM,CREAM,01tVT000007SWNVYA4
TURQUOISE,TURQUOISE,01tVT000007SWybYAG
,TURQUOISE,01tVT000007SX3RYAW
BLACK,BLACK,01tVT000007SaqwYAC
WHITE,WHITE,01tVT000007SbS2YAK
,BLACK,01tVT000007SfQnYAK
WHITE,WHITE,01tVT000007SfqbYAC
,WHITE,01tVT000007SfvRYAS
BLACK,BLACK,01tVT000007SgDBYA0
,BLACK,01tVT000007SgEnYAK
WHITE + BLACK,WHITE + BLACK,01tVT000007SgMrYAK
,WHITE + BLACK,01tVT000007SgOTYA0
WHITE + BLACK,WHITE + BLACK,01tVT000007SgxxYAC
,WHITE + BLACK,01tVT000007Sh2nYAC
WHITE + BLACK,WHITE + BLACK,01tVT000007ShM9YAK
,WHITE + BLACK,01tVT000007ShMAYA0
,WHITE + BLACK,01tVT000007ShVpYAK
WHITE + BLACK,WHITE + BLACK,01tVT000007Si0TYAS
WHITE,WHITE,01tVT000007SiLRYA0
,WHITE + BLACK,01tVT000007SiLTYA0
,WHITE,01tVT000007SiN3YAK
WHITE + BLACK,WHITE + BLACK,01tVT000007SiYMYA0
WHITE,WHITE,01tVT000007SibZYAS
,WHITE,01tVT000007SidBYAS
WHITE + BLACK,WHITE + BLACK,01tVT000007SitJYAS
BLACK,BLACK,01tVT000007SitKYAS
,WHITE,01tVT000007SjB4YAK
,WHITE + BLACK,01tVT000007SjFtYAK
,BLACK,01tVT000007SjivYAC
BLACK,BLACK,01tVT000007TKYoYAO
BLACK,BLACK,01tVT000007TLkzYAG
,BLACK,01tVT000007TLmbYAG
,BLACK,01tVT000007TMAnYAO
BLACK,BLACK,01tVT000007TMIrYAO
,BLACK,01tVT000007TMKTYA4
COLOR OPTIONS,COLOR OPTIONS,01tVT000007TMQvYAO
,COLOR OPTIONS,01tVT000007TMU9YAO
BLUE + WHITE,BLUE + WHITE,01tVT000007TTqbYAG
,BLUE + WHITE,01tVT000007TTsDYAW
BLACK + WHITE,BLACK + WHITE,01tVT000007TXB3YAO
,BLACK + WHITE,01tVT000007TXEHYA4
WHITE + BLACK,WHITE + BLACK,01tVT000007TXPZYA4
,WHITE + BLACK,01tVT000007TXSnYAO
,BLANCO,01tVT000007TXhJYAW
WHITE + GRAY,WHITE + GRAY,01tVT000007TY2HYAW
,WHITE + GRAY,01tVT000007TY77YAG
WHITE,WHITE,01tVT000007WSA1YAO
,WHITE,01tVT000007WSBdYAO
BLACK,BLACK,01tVT000007Y0zGYAS
,BLACK,01tVT000007Y4BdYAK
BLUE,BLUE,01tVT000007Y4d3YAC
,BLUE,01tVT000007Y4efYAC
MARRON,MARRON,01tVT000007cl9yYAA
,MARRON,01tVT000007cl9zYAA
MARRON,MARRON,01tVT000007clUvYAI
,MARRON,01tVT000007clUwYAI
,MADERA,01tVT000007clgDYAQ
BLANCO,BLANCO,01tVT000007dSMzYAM
,BLANCO,01tVT000007dSN0YAM
BLANCO,BLANCO,01tVT000007dTe1YAE
,BLANCO,01tVT000007dTe2YAE
WHITE + BLACK,WHITE + BLACK,01tVT000007eQJ8YAM
WHITE,WHITE,01tVT000007eV2fYAE
,WHITE,01tVT000007eV7VYAU
WHITE,WHITE,01tVT000007eVKPYA2
,WHITE,01tVT000007eVM1YAM
WHITE,WHITE,01tVT000007eVVhYAM
,WHITE,01tVT000007eVYvYAM
WHITE + BLACK,WHITE + BLACK,01tVT000007eVfNYAU
,WHITE + BLACK,01tVT000007eVibYAE
WHITE,WHITE,01tVT000007eWGUYA2
,BLACK,01tVT000007eWGVYA2
,WHITE,01tVT000007eWI5YAM
WHITE + BLACK,WHITE + BLACK,01tVT000007eWbRYAU
,WHITE + BLACK,01tVT000007eWgHYAU
WHITE,WHITE,01tVT000007eWtBYAU
,WHITE,01tVT000007eWy1YAE
WHITE,WHITE,01tVT000007eXAvYAM
,WHITE,01tVT000007eXCXYA2
WHITE,WHITE,01tVT000007eXhBYAU
,WHITE,01tVT000007eXinYAE
BLACK,BLACK,01tVT000007eXyvYAE
,WHITE + BLACK,01tVT000007eY5NYAU
WHITE,WHITE,01tVT000007fbkMYAQ
,WHITE,01tVT000007fcwXYAQ
WHITE,WHITE,01tVT000007fd9RYAQ
,WHITE,01tVT000007fdB3YAI
WHITE,WHITE,01tVT000007fdhJYAQ
,WHITE,01tVT000007fdivYAA
WHITE,WHITE,01tVT000007fe5VYAQ
,WHITE,01tVT000007feDZYAY
,BROWN,01tVT000007ffxeYAA
BROWN,BROWN,01tVT000007fhJVYAY
,BLACK + GOLD,01tVT000007hZwAYAU
WOOD,WOOD,01tVT000007hbzZYAQ
,WOOD,01tVT000007hc2nYAA
WOOD,WOOD,01tVT000007hcnZYAQ
,WOOD,01tVT000007hcpBYAQ
BLACK,BLACK,01tVT000007hcsPYAQ
,BLACK,01tVT000007hcu1YAA
BLACK + WOOD,BLACK + WOOD,01tVT000007hd0TYAQ
BLACK,BLACK,01tVT000007hd5JYAQ
,BLACK + WOOD,01tVT000007hd6vYAA
,BLACK,01tVT000007hd8XYAQ
SILVER,SILVER,01tVT000007hdLRYAY
,SILVER,01tVT000007hdTVYAY
WHITE + BLUE,WHITE + BLUE,01tVT000007hdbZYAQ
,WHITE + BLUE,01tVT000007hddBYAQ
WHITE,WHITE,01tVT000007hdlFYAQ
,WHITE,01tVT000007hdq5YAA
BLACK,BLACK,01tVT000007hdwXYAQ
BLACK,BLACK,01tVT000007hdy9YAA
,BLACK,01tVT000007hdzlYAA
,BLACK,01tVT000007he2zYAA
BLACK,BLACK,01tVT000007heFtYAI
,BLACK,01tVT000007heHVYAY
BLACK + GOLD,BLACK + GOLD,01tVT000007heRBYAY
BLACK,BLACK,01tVT000007hi9qYAA
BLACK + WHITE,BLACK + WHITE,01tVT000007hlUIYAY
WHITE + BLACK,WHITE + BLACK,01tVT000007hoITYAY
,WHITE + BLACK,01tVT000007hoK5YAI
BLACK,BLACK,01tVT000007hoYbYAI
,BLACK,01tVT000007hoaDYAQ
BLUE + WHITE,BLUE + WHITE,01tVT000007hotZYAQ
,BLUE + WHITE,01tVT000007hownYAA
,BLACK,01tVT000007hp85YAA
,BLACK + WHITE,01tVT000007hpMbYAI
WHITE + BLACK,WHITE + BLACK,01tVT000007hpRRYAY
,WHITE + BLACK,01tVT000007hpT3YAI
NEGRO,NEGRO,01tVT000007jkVhYAI
,NEGRO,01tVT000007jkViYAI
BLACK,BLACK,01tVT000007mrIwYAI
,BLACK,01tVT000007mv9eYAA
BROWN,BROWN,01tVT000007n8RpYAI
,BROWN,01tVT000007n8TRYAY
BROWN,BROWN,01tVT000007n8ejYAA
,BROWN,01tVT000007n8gLYAQ
BROWN,BROWN,01tVT000007n9CbYAI
,BROWN,01tVT000007n9EDYAY
BLACK,BLACK,01tVT000007n9e1YAA
,BLACK,01tVT000007n9fdYAA
GRAY + BLACK,GRAY + BLACK,01tVT000007nwy5YAA
,GRAY + BLACK,01tVT000007nx2vYAA
GRAY + BLACK,GRAY + BLACK,01tVT000007nxAzYAI
,GRAY + BLACK,01tVT000007nxEDYAY
GRAY,GRAY,01tVT000007nxm7YAA
,GRAY,01tVT000007nyqDYAQ
BLACK,BLACK,01tVT000007nzcbYAA
,BLACK,01tVT000007nzhRYAQ
BLACK,BLACK,01tVT000007nzntYAA
,BLACK,01tVT000007nzr7YAA
WHITE,WHITE,01tVT000007o0C5YAI
,WHITE,01tVT000007o0DhYAI
BLACK,BLACK,01tVT000007o0NNYAY
,BLACK,01tVT000007o0OzYAI
BLACK,BLACK,01tVT000007o4kLYAQ
,BLACK,01tVT000007o4lxYAA
BLACK,BLACK,01tVT000007ocqtYAA
BROWN,BROWN,01tVT000007oe4fYAA
,BROWN,01tVT000007oe6HYAQ
BLACK,BLACK,01tVT000007oeW5YAI
,BLACK,01tVT000007oeXhYAI
BLACK,BLACK,01tVT000007of3xYAA
,BLACK,01tVT000007of5ZYAQ
BROWN,BROWN,01tVT000007ofNJYAY
,BROWN,01tVT000007ofS9YAI
,BLACK,01tVT000007ofgfYAA
SILVER,SILVER,01tVT000007ogPpYAI
,SILVER,01tVT000007ogRRYAY
BLACK,BLACK,01tVT000007ojM5YAI
,BLACK,01tVT000007ojNhYAI
BROWN,BROWN,01tVT000007ojSYYAY
GRAY,GRAY,01tVT000007ojxBYAQ
,GRAY,01tVT000007ok0PYAQ
CREAM,CREAM,01tVT000007okJlYAI
,CREAM,01tVT000007okLNYAY
,BROWN,01tVT000007okgLYAQ
GRAY,GRAY,01tVT000007okurYAA
,GRAY,01tVT000007okwTYAQ
GOLD + BLACK,GOLD + BLACK,01tVT000007olXZYAY
LIGHT,LIGHT,01tVT000007olapYAA
,GOLD + BLACK,01tVT000007olcPYAQ
BLUE + WHITE,BLUE + WHITE,01tVT000007opmTYAQ
,BLUE + WHITE,01tVT000007opsvYAA
BROWN,BROWN,01tVT000007oq93YAA
,BROWN,01tVT000007oqAfYAI
BLACK + WHITE,BLACK + WHITE,01tVT000007or57YAA
,BLACK + WHITE,01tVT000007or6jYAA
,LIGHT,01tVT000007orGPYAY
GRAY + WHITE,GRAY + WHITE,01tVT000007orYAYAY
BLACK,BLACK,01tVT000007oroHYAQ
,BLACK,01tVT000007orptYAA
BROWN + BLACK,BROWN + BLACK,01tVT000007ort8YAA
,GRAY + WHITE,01tVT000007os61YAA
BLACK + LIGHT BROWN,BLACK + LIGHT BROWN,01tVT000007os7dYAA
,BLACK + LIGHT BROWN,01tVT000007osArYAI
BLACK + BEIGE,BLACK + BEIGE,01tVT000007osKXYAY
,BLACK + BEIGE,01tVT000007osM9YAI
BLACK + WOOD,BLACK + WOOD,01tVT000007osafYAA
CREAM + WHITE,CREAM + WHITE,01tVT000007osagYAA
,BLACK + WOOD,01tVT000007osdtYAA
,BROWN + BLACK,01tVT000007oslxYAA
,CREAM + WHITE,01tVT000007ospBYAQ
BLUE,BLUE,01tVT000007ot5JYAQ
,BLUE,01tVT000007ot6vYAA
,GREEN,01tVT000007ot8YYAQ
BLUE,BLUE,01tVT000007otdBYAQ
,BLUE,01tVT000007oti1YAA
GREEN,GREEN,01tVT000007otzlYAA
,GRAY,01tVT000007pVqYYAU
GRAY,GRAY,01tVT000007pVycYAE
BLACK,BLACK,01tVT000007pYEvYAM
,BLACK,01tVT000007pYJlYAM
BLACK + BROWN,BLACK + BROWN,01tVT000007pYQDYA2
,BLACK + BROWN,01tVT000007pYV3YAM
,BLACK,01tVT000007paVHYAY
BROWN + BLACK,BROWN + BLACK,01tVT000007pcgkYAA
,BROWN + BLACK,01tVT000007pd05YAA
BLACK,BLACK,01tVT000007pdBNYAY
,BLACK,01tVT000007pdEbYAI
GREEN + WHITE,GREEN + WHITE,01tVT000007pdOHYAY
,GREEN + WHITE,01tVT000007pdPtYAI
GRAY + BLACK,GRAY + BLACK,01tVT000007pdWLYAY
,GRAY + BLACK,01tVT000007pdXxYAI
BLACK,BLACK,01tVT000007pdhdYAA
BLACK,BLACK,01tVT000007pdw9YAA
,BLACK,01tVT000007pdxlYAA
BLACK + RICE + BLUE,BLACK + RICE + BLUE,01tVT000007pgNlYAI
,BLACK + RICE + BLUE,01tVT000007pgPNYAY
,BLACK + WHITE,01tVT000007phJqYAI
LIGHT BROWN + WHITE,LIGHT BROWN + WHITE,01tVT000007phenYAA
,LIGHT BROWN + WHITE,01tVT000007phgPYAQ
,BLACK,01tVT000007phlGYAQ
CREAM + WHITE,CREAM + WHITE,01tVT000007pi4bYAA
,CREAM + WHITE,01tVT000007pi9RYAQ
BLACK + WHITE,BLACK + WHITE,01tVT000007piKjYAI
BROWN + BLUE,BROWN + BLUE,01tVT000007pj3tYAA
,BROWN + BLUE,01tVT000007pj5VYAQ
BLACK,BLACK,01tVT000007pjQUYAY
BLACK + WOOD,BLACK + WOOD,01tVT000007pjyLYAQ
,BLACK + WOOD,01tVT000007pjzxYAA
,LIGHT GRAY,01tVT000007sqdWYAQ
LIGHT GRAY,LIGHT GRAY,01tVT000007sr3JYAQ
BROWN + CREAM,BROWN + CREAM,01tVT000007sw2zYAA
,BROWN + CREAM,01tVT000007sw7pYAA
GRAY,GRAY,01tVT000007swhJYAQ
,GRAY,01tVT000007swivYAA
VARIOS,VARIOS,01tVT000007sx77YAA
,VARIOS,01tVT000007sxALYAY
WOOD + WHITE,WOOD + WHITE,01tVT000007sySzYAI
,WOOD + WHITE,01tVT000007syUbYAI
BLACK,BLACK,01tVT000007sykjYAA
,BLACK,01tVT000007symLYAQ
BROWN,BROWN,01tVT000007szX7YAI
,BROWN,01tVT000007szaLYAQ
BROWN,BROWN,01tVT000007szqTYAQ
,BROWN,01tVT000007szvJYAQ
WHITE,WHITE,01tVT000007t3UHYAY
,WHITE,01tVT000007t3VtYAI
BLACK,BLACK,01tVT000007t4dFYAQ
,BLACK,01tVT000007t4i5YAA
CREAM + WHITE,CREAM + WHITE,01tVT000007t5SrYAI
,CREAM + WHITE,01tVT000007t5XhYAI
CREAM + WHITE,CREAM + WHITE,01tVT000007t65ZYAQ
,CREAM + WHITE,01tVT000007t67BYAQ
WOOD + CREAM + GRAY,WOOD + CREAM + GRAY,01tVT000007teATYAY
,WOOD + CREAM + GRAY,01tVT000007teC5YAI
,ORANGE,01tVT000007teNOYAY
LIGHT BROWN,LIGHT BROWN,01tVT000007tf05YAA
,LIGHT BROWN,01tVT000007tf1hYAA
GOLD + BLACK,GOLD + BLACK,01tVT000007tfOHYAY
,GOLD + BLACK,01tVT000007tfT7YAI
BLACK + YELLOW,BLACK + YELLOW,01tVT000007tgKLYAY
,BLACK + YELLOW,01tVT000007tgLxYAI
CREAM + BLACK,CREAM + BLACK,01tVT000007tgsDYAQ
,CREAM + BLACK,01tVT000007tgtpYAA
BLACK,BLACK,01tVT000007th8LYAQ
,BLACK,01tVT000007th9xYAA
ORANGE,ORANGE,01tVT000007ti2nYAA
BEIGE + GRAY,BEIGE + GRAY,01tVT000007tiHJYAY
,BEIGE + GRAY,01tVT000007tiIvYAI
GRAY + ORANGE,GRAY + ORANGE,01tVT000007tiVpYAI
,GRAY + ORANGE,01tVT000007tiafYAA
BLACK + SILVER,BLACK + SILVER,01tVT000007tksbYAA
,BLACK + SILVER,01tVT000007tkuDYAQ
BLUE + GRAY,BLUE + GRAY,01tVT000007tl8jYAA
,BLUE + GRAY,01tVT000007tlDZYAY
DARK,DARK,01tVT000007tlS5YAI
,DARK,01tVT000007tlWvYAI
BLUE,BLUE,01tVT000007tnnGYAQ
BLUE,BLUE,01tVT000007tpU5YAI
,BLUE,01tVT000007tpVhYAI
BLACK + SILVER,BLACK + SILVER,01tVT000007tqQ9YAI
,BLACK + SILVER,01tVT000007tqRlYAI
BLACK + SILVER,BLACK + SILVER,01tVT000007tqgHYAQ
,BLACK + SILVER,01tVT000007tql7YAA
BLACK + SILVER,BLACK + SILVER,01tVT000007tr2rYAA
,BLACK + SILVER,01tVT000007tr4TYAQ
BLUE,BLUE,01tVT000007trUHYAY
,BLUE,01tVT000007trVtYAI
BLACK + SILVER,BLACK + SILVER,01tVT000007trm1YAA
,BLACK + SILVER,01tVT000007tsJtYAI
,SILVER,01tVT000007tsbeYAA
,BLUE,01tVT000007tsuzYAA
SILVER,SILVER,01tVT000007tv1dYAA
,SILVER,01tVT000007tv4rYAA
SILVER,SILVER,01tVT000007tvRRYAY
SILVER,SILVER,01tVT000007tvfxYAA
,SILVER,01tVT000007tvhZYAQ
SILVER,SILVER,01tVT000007tvpdYAA
,SILVER,01tVT000007tvxhYAA
SILVER,SILVER,01tVT000007tyQvYAI
,SILVER,01tVT000007tySXYAY
,BLACK + SILVER,01tVT000007u0ZCYAY
BLACK + SILVER,BLACK + SILVER,01tVT000007u15RYAQ
BLACK + SILVER,BLACK + SILVER,01tVT000007uYW1YAM
,BLACK + SILVER,01tVT000007uYXdYAM
,SILVER,01tVT000007uYiwYAE
RED + BLACK,RED + BLACK,01tVT000007uYm9YAE
,RED + BLACK,01tVT000007uYqzYAE
BLACK,BLACK,01tVT000007uYz3YAE
,BLACK,01tVT000007uZ0fYAE
BLACK + SILVER,BLACK + SILVER,01tVT000007uZlRYAU
,BLACK + SILVER,01tVT000007uZn3YAE
BLACK + SILVER,BLACK + SILVER,01tVT000007ua9dYAA
,BLACK + SILVER,01tVT000007uaBFYAY
SILVER,SILVER,01tVT000007uaRNYAY
,SILVER,01tVT000007uaSzYAI
SILVER,SILVER,01tVT000007ubTtYAI
BLACK + SILVER,BLACK + SILVER,01tVT000007uc6bYAA
,BLACK + SILVER,01tVT000007uc8DYAQ
BLACK + GRAY,BLACK + GRAY,01tVT000007uh6HYAQ
,BLACK + GRAY,01tVT000007uh7tYAA
BLACK + LIGHT BROWN,BLACK + LIGHT BROWN,01tVT000007ui8nYAA
,BLACK + LIGHT BROWN,01tVT000007uiAPYAY
GRAY + LIGHT BROWN,GRAY + LIGHT BROWN,01tVT000007uiS9YAI
,GRAY + LIGHT BROWN,01tVT000007uiWzYAI
,BEIGE + WOOD,01tVT000007ukAcYAI
WHITE + GRAY + WOOD,WHITE + GRAY + WOOD,01tVT000007uknJYAQ
,WHITE + GRAY + WOOD,01tVT000007uks9YAA
BROWN,BROWN,01tVT000007ulg9YAA
,BROWN,01tVT000007ulkzYAA
BEIGE + WOOD,BEIGE + WOOD,01tVT000007umHFYAY
WHITE + WOOD,WHITE + WOOD,01tVT000007umVlYAI
,WHITE + WOOD,01tVT000007umXNYAY
GREEN + WHITE,GREEN + WHITE,01tVT000007umltYAA
,GREEN + WHITE,01tVT000007umqjYAA
WOOD,WOOD,01tVT000007uoJ3YAI
,WOOD,01tVT000007uoKfYAI
WOOD + BLACK,WOOD + BLACK,01tVT000007uocPYAQ
,WOOD + BLACK,01tVT000007uohFYAQ
,WOOD + WHITE + GRAY,01tVT000007uopKYAQ
PINK,PINK,01tVT000007uoxNYAQ
,PINK,01tVT000007uoyzYAA
BLACK + GRAY,BLACK + GRAY,01tVT000007up3pYAA
,BLACK + GRAY,01tVT000007up8fYAA
PINK,PINK,01tVT000007upF7YAI
,PINK,01tVT000007upILYAY
WOOD + WHITE + GRAY,WOOD + WHITE + GRAY,01tVT000007upTdYAI
,PINK,01tVT000007uqskYAA
PINK,PINK,01tVT000007urbtYAA
,PINK,01tVT000007urdVYAQ
PINK,PINK,01tVT000007urnBYAQ
,BLACK,01tVT000007vMkYYAU
BLACK,BLACK,01tVT000007vP7JYAU
BROWN,BROWN,01tVT000007vPP4YAM
LIGHT BROWN,LIGHT BROWN,01tVT000007vPaLYAU
,LIGHT BROWN,01tVT000007vPbxYAE
,BROWN,01tVT000007vPthYAE
LIGHT BROWN,LIGHT BROWN,01tVT000007vT65YAE
,LIGHT BROWN,01tVT000007vT7hYAE
LIGHT BROWN,LIGHT BROWN,01tVT000007vTKbYAM
,LIGHT BROWN,01tVT000007vTPRYA2
BROWN,BROWN,01tVT000007vTdxYAE
,BROWN,01tVT000007vTfZYAU
BROWN,BROWN,01tVT000007vTpFYAU
,BROWN,01tVT000007vTqrYAE
BLACK + GRAY,BLACK + GRAY,01tVT000007vUGfYAM
,BLACK + GRAY,01tVT000007vUJtYAM
GOLD,GOLD,01tVT000007vUa1YAE
,GOLD,01tVT000007vUbdYAE
GOLD,GOLD,01tVT000007vUwbYAE
,GOLD,01tVT000007vUyDYAU
GREEN + GRAY,GREEN + GRAY,01tVT000007vVELYA2
,GREEN + GRAY,01tVT000007vVFxYAM
BROWN,BROWN,01tVT000007vW2LYAU
,BROWN,01tVT000007vW3xYAE
WOOD + BLACK,WOOD + BLACK,01tVT000007vYLtYAM
,WOOD + BLACK,01tVT000007vYQjYAM
BROWN,BROWN,01tVT000007vYddYAE
,BROWN,01tVT000007vYdeYAE
WHITE + BLACK,WHITE + BLACK,01tVT000007wOXOYA2
WHITE + BLACK,WHITE + BLACK,01tVT000007wPoPYAU
,WHITE + BLACK,01tVT000007wPq1YAE
,WHITE + BLACK,01tVT000007wQ1JYAU
WHITE,WHITE,01tVT000007wQ9NYAU
,WHITE,01tVT000007wQCbYAM
WHITE + BLACK,WHITE + BLACK,01tVT000007wQPVYA2
,WHITE + BLACK,01tVT000007wQR7YAM
BLACK,BLACK,01tVT000007wUsvYAE
,BLACK,01tVT000007wUuXYAU
,BLACK,01tVT000007zGLaYAM
BLACK,BLACK,01tVT000007zHkfYAE
BLACK + BEIGE,BLACK + BEIGE,01tVT000007zHvxYAE
,BLACK + BEIGE,01tVT000007zI0nYAE
RED + BEIGE,RED + BEIGE,01tVT000007zI8rYAE
,BLACK + BEIGE,01tVT000007zI8sYAE
,RED + BEIGE,01tVT000007zIATYA2
BROWN,BROWN,01tVT000007zITpYAM
,BROWN,01tVT000007zIX3YAM
BLACK,BLACK,01tVT000007zIqPYAU
,BLACK,01tVT000007zIs1YAE
BLACK + BEIGE,BLACK + BEIGE,01tVT000007zJ6XYAU
,BLACK + BEIGE,01tVT000007zJ89YAE
BLACK + BEIGE,BLACK + BEIGE,01tVT000007zJcnYAE
WHITE,WHITE,01tVT000007zO9RYAU
,WHITE,01tVT000007zOB3YAM
BLACK,BLACK,01tVT0000080Au1YAE
,BLACK,01tVT0000080BmrYAE
BEIGE,BEIGE,01tVT0000080EUbYAM
,BEIGE,01tVT0000080EXpYAM
BEIGE,BEIGE,01tVT0000080HXJYA2
,BEIGE,01tVT0000080HvVYAU
BLUE,BLUE,01tVT0000080ITNYA2
,BLUE,01tVT0000080IUzYAM
CREAM,CREAM,01tVT0000080IunYAE
,CREAM,01tVT0000080Iy1YAE
LIGHT,LIGHT,01tVT0000080JXVYA2
,LIGHT,01tVT0000080JcLYAU
,WOOD + GRAY,01tVT0000080tkgYAA
WOOD + BLACK,WOOD + BLACK,01tVT0000080tuLYAQ
,WOOD + BLACK,01tVT0000080tzBYAQ
NATURAL,NATURAL,01tVT0000080uKAYAY
WOOD + GRAY,WOOD + GRAY,01tVT0000080unBYAQ
WOOD + WHITE,WOOD + WHITE,01tVT0000080v89YAA
,WOOD + WHITE,01tVT0000080v9lYAA
WOOD + STAINLESS STEEL,WOOD + STAINLESS STEEL,01tVT0000080vUjYAI
,WOOD + STAINLESS STEEL,01tVT0000080vZZYAY
LIGHT BROWN,LIGHT BROWN,01tVT0000080w4DYAQ
,LIGHT BROWN,01tVT0000080wCHYAY
GRAY,GRAY,01tVT0000080wKLYAY
,GRAY,01tVT0000080wNZYAY
WHITE,WHITE,01tVT0000080wc5YAA
,WHITE,01tVT0000080wfJYAQ
YELLOW,YELLOW,01tVT0000080wtpYAA
,YELLOW,01tVT0000080wvRYAQ
BLACK,BLACK,01tVT0000080xGPYAY
,BLACK,01tVT0000080xJdYAI
,NATURAL,01tVT0000080xwLYAQ
NATURAL,NATURAL,01tVT0000080yHJYAY
,NATURAL,01tVT0000080yIvYAI
BLACK,BLACK,01tVT0000081pQVYAY
CREAM,CREAM,01tVT0000081rorYAA
,CREAM,01tVT0000081rqTYAQ
BLACK,BLACK,01tVT0000081s09YAA
,BLACK,01tVT0000081s1lYAA
BLACK,BLACK,01tVT0000081sEfYAI
,BLACK,01tVT0000081sGHYAY
BLACK,BLACK,01tVT0000081subYAA
,BLACK,01tVT0000081sxpYAA
,BLACK,01tVT0000081tAjYAI
BROWN,BROWN,01tVT0000084lJtYAI
,BROWN,01tVT0000084lOjYAI
BROWN,BROWN,01tVT0000084ldFYAQ
,BROWN,01tVT0000084lerYAA
BROWN,BROWN,01tVT0000084loXYAQ
,BROWN,01tVT0000084lrlYAA
,BLACK,01tVT00000851AAYAY
BLACK,BLACK,01tVT00000853WwYAI
,BLACK,01tVT00000854ZRYAY
BLACK,BLACK,01tVT00000854hVYAQ
BLACK,BLACK,01tVT00000854mLYAQ
,BLACK,01tVT00000854rBYAQ
BLACK,BLACK,01tVT00000855AXYAY
,BLACK,01tVT00000855C9YAI
,BLACK,01tVT00000855QgYAI
BLACK,BLACK,01tVT00000855SHYAY
BROWN,BROWN,01tVT0000085Ja5YAE
,BROWN,01tVT0000085Ja6YAE
,WOOD,01tVT0000086cnaYAA
BLUE,BLUE,01tVT0000086efiYAA
GRAY + ORANGE,GRAY + ORANGE,01tVT0000086fOsYAI
,WOOD + BLACK,01tVT0000086fTiYAI
WHITE,WHITE,01tVT0000086g4nYAA
,WHITE,01tVT0000086g6PYAQ
GRAY,GRAY,01tVT0000086gHhYAI
,GRAY,01tVT0000086gJJYAY
BLUE,BLUE,01tVT0000086gUbYAI
,BLUE,01tVT0000086gWDYAY
BLUE,BLUE,01tVT0000086ghVYAQ
,BLUE,01tVT0000086gj7YAA
BLUE,BLUE,01tVT0000086gpZYAQ
,BLUE,01tVT0000086guPYAQ
BLACK,BLACK,01tVT0000086h2TYAQ
,BLACK,01tVT0000086h45YAA
,GRAY + ORANGE,01tVT0000086hDlYAI
,BLUE,01tVT0000086haLYAQ
WOOD,WOOD,01tVT0000086iJVYAY
,WOOD,01tVT0000086iL7YAI
WOOD,WOOD,01tVT0000086iWPYAY
,WOOD,01tVT0000086ibFYAQ
WOOD + BLACK,WOOD + BLACK,01tVT0000086iszYAA
MADERA,MADERA,01tVT0000086iwFYAQ
WOOD,WOOD,01tVT0000086jHBYAY
,WOOD,01tVT0000086jInYAI
MADERA,MADERA,01tVT0000086jU5YAI
,MADERA,01tVT0000086jYvYAI
MADERA,MADERA,01tVT0000086jlpYAA
,MADERA,01tVT0000086jqfYAA
,MADERA,01tVT0000086jvVYAQ
MADERA,MADERA,01tVT0000086k5BYAQ
,MADERA,01tVT0000086k6nYAA
,BROWN + BLACK,01tVT0000086k8QYAQ
WOOD,WOOD,01tVT0000086mQLYAY
WOOD,WOOD,01tVT0000086mdFYAQ
,WOOD,01tVT0000086mgTYAQ
WOOD,WOOD,01tVT0000086mwbYAA
,WOOD,01tVT0000086myDYAQ
BROWN + BLACK,BROWN + BLACK,01tVT0000086n6HYAQ
WOOD,WOOD,01tVT0000086nFxYAI
,WOOD,01tVT0000086nHZYAY
GREEN,GREEN,01tVT0000087MzTYAU
,ORANGE,01tVT0000087OIkYAM
BLUE,BLUE,01tVT0000087PRiYAM
,BLUE,01tVT0000087SnlYAE
,GREEN,01tVT0000087T0fYAE
ORANGE,ORANGE,01tVT0000087TdNYAU
BLUE,BLUE,01tVT0000087UUbYAM
,BLUE,01tVT0000087UWDYA2
BLUE,BLUE,01tVT0000087UmLYAU
,BLUE,01tVT0000087UpZYAU
BLUE,BLUE,01tVT0000087ZE9YAM
,BLUE,01tVT0000087ZPRYA2
WHITE,WHITE,01tVT0000089VG6YAM
BLACK,BLACK,01tVT0000089b0YYAQ
GREEN,GREEN,01tVT0000089bGgYAI
BLACK,BLACK,01tVT0000089cizYAA
,BLACK,01tVT0000089cnpYAA
GREEN,GREEN,01tVT0000089d0jYAA
,GREEN,01tVT0000089d2LYAQ
GREEN,GREEN,01tVT0000089dDdYAI
,GREEN,01tVT0000089dFFYAY
,GREEN,01tVT0000089dQXYAY
,WHITE,01tVT0000089dwnYAA
BLUE,BLUE,01tVT0000089e6TYAQ
,BLUE,01tVT0000089e85YAA
,BLACK,01tVT0000089fAbYAI
,BLACK,01tVT0000089gUsYAI
GREEN,GREEN,01tVT0000089gkzYAA
,GREEN,01tVT0000089gmbYAA
BLACK,BLACK,01tVT0000089i5FYAQ
BLACK,BLACK,01tVT0000089iDJYAY
,BLACK,01tVT0000089iEvYAI
BLACK,BLACK,01tVT000008BPXyYAO
RICE,RICE,01tVT000008BQVdYAO
,RICE,01tVT000008BQaTYAW
,BLACK,01tVT000008BQsDYAW
WHITE,WHITE,01tVT000008BRczYAG
,WHITE,01tVT000008BRhpYAG
BLACK,BLACK,01tVT000008BRptYAG
,BLACK,01tVT000008BRt7YAG
NEGRO,NEGRO,01tVT000008CFGPYA4
,NEGRO,01tVT000008CFLFYA4
GRAY + BLACK,GRAY + BLACK,01tVT000008CLqTYAW
,GRAY + BLACK,01tVT000008CLvJYAW
BLACK,BLACK,01tVT000008CMGHYA4
,BLACK,01tVT000008CMeTYAW
BLACK+SILVER,BLACK+SILVER,01tVT000008COZpYAO
,BLACK+SILVER,01tVT000008CObRYAW
BLACK+SILVER,BLACK+SILVER,01tVT000008COoLYAW
,BLACK+SILVER,01tVT000008COrZYAW
BLACK+SILVER,BLACK+SILVER,01tVT000008CP1FYAW
,BLACK+SILVER,01tVT000008CPAvYAO
PINK + WHITE,PINK + WHITE,01tVT000008CQADYA4
,PINK + WHITE,01tVT000008CQDRYA4
BLUE,BLUE,01tVT000008CQerYAG
,BLUE,01tVT000008CQjhYAG
SILVER + BLACK,SILVER + BLACK,01tVT000008DDPSYA4
SILVER,SILVER,01tVT000008DEwbYAG
,SILVER,01tVT000008DEyDYAW
SILVER + BLACK,SILVER + BLACK,01tVT000008DF9VYAW
,SILVER + BLACK,01tVT000008DFB7YAO
,SILVER + BLACK,01tVT000008DFKnYAO
SILVER + BLACK,SILVER + BLACK,01tVT000008DFO1YAO
,SILVER + BLACK,01tVT000008DFRFYA4
SILVER + BLACK,SILVER + BLACK,01tVT000008DFXhYAO
,SILVER + BLACK,01tVT000008DFZJYA4
NEGRO,NEGRO,01tVT000008GRVtYAO
,NEGRO,01tVT000008GRZ7YAO
,WOOD + SILVER,01tVT000008H6HKYA0
WOOD + SILVER,WOOD + SILVER,01tVT000008H6fVYAS
,WOOD + SILVER,01tVT000008H6h7YAC
SILVER,SILVER,01tVT000008H78XYAS
,SILVER,01tVT000008H7DNYA0
,SILVER,01tVT000008H7QIYA0
SILVER,SILVER,01tVT000008H81NYAS
,SILVER,01tVT000008H82zYAC
BLACK + SILVER,BLACK + SILVER,01tVT000008H8FtYAK
,BLACK + SILVER,01tVT000008H8KjYAK
SILVER,SILVER,01tVT000008H8SnYAK
BLACK + SILVER,BLACK + SILVER,01tVT000008H8e5YAC
,BLACK + SILVER,01tVT000008H8ivYAC
BLACK,BLACK,01tVT000008H9FBYA0
,BLACK,01tVT000008H9GnYAK
ORANGE + SILVER,ORANGE + SILVER,01tVT000008H9ThYAK
,ORANGE + SILVER,01tVT000008H9VJYA0
WOOD + SILVER,WOOD + SILVER,01tVT000008H9ezYAC
BLACK + SILVER,BLACK + SILVER,01tVT000008H9qHYAS
,BLACK + SILVER,01tVT000008H9tVYAS
BROWN,BROWN,01tVT000008IDi9YAG
,BROWN,01tVT000008IDobYAG
,BLACK,01tVT000008IE4kYAG
BLACK + SILVER,BLACK + SILVER,01tVT000008IEJFYA4
,BLACK + SILVER,01tVT000008IEKrYAO
BLACK,BLACK,01tVT000008IGcnYAG
BLACK,BLACK,01tVT000008IGjFYAW
,BLACK,01tVT000008IGkrYAG
SILVER,SILVER,01tVT000008IsOjYAK
,SILVER,01tVT000008IsTZYA0
SILVER,SILVER,01tVT000008IstNYAS
,SILVER,01tVT000008IsuzYAC
BLACK,BLACK,01tVT000008LI29YAG
,BLACK,01tVT000008LI3lYAG
,BLACK,01tVT000008LtD0YAK
BLACK,BLACK,01tVT000008LwUEYA0
,BLACK,01tVT000008M21mYAC
NEGRO / ROJO,NEGRO / ROJO,01tVT000008M6GfYAK
,NEGRO / ROJO,01tVT000008M6IHYA0
BLACK + GREEN,BLACK + GREEN,01tVT000008M7ELYA0
,BLACK + GREEN,01tVT000008M7XhYAK
BLACK,BLACK,01tVT000008M87BYAS
,BLACK,01tVT000008M88nYAC
BLACK,BLACK,01tVT000008M9hZYAS
BLACK,BLACK,01tVT000008M9zJYAS
,BLACK,01tVT000008MA0vYAG
BLACK,BLACK,01tVT000008MAFRYA4
,BLACK,01tVT000008MAKHYA4
BLACK,BLACK,01tVT000008MAVZYA4
,BLACK,01tVT000008MAaPYAW
BLACK,BLACK,01tVT000008NczJYAS
,MADERA,01tVT000008NhXaYAK
,MADERA,01tVT000008NtFKYA0
MADERA,MADERA,01tVT000008O45vYAC
,MADERA,01tVT000008O67iYAC
MADERA,MADERA,01tVT000008O8PdYAK
MADERA,MADERA,01tVT000008O8XhYAK
,BLACK + WHITE,01tVT000008OGoeYAG
BLACK,BLACK,01tVT000008OI5dYAG
,BLACK,01tVT000008OI7FYAW
BLACK + WHITE,BLACK + WHITE,01tVT000008OIgjYAG
,BLACK,01tVT000008OJ3JYAW
BLACK,BLACK,01tVT000008OJRVYA4
,BLACK,01tVT000008OJT7YAO
BLACK,BLACK,01tVT000008OJcnYAG
,BLACK,01tVT000008OJjFYAW
BLACK,BLACK,01tVT000008OJsvYAG
,BLACK,01tVT000008OJuXYAW
WOOD,WOOD,01tVT000008PQHFYA4
,WOOD,01tVT000008PQKTYA4
BLACK,BLACK,01tVT000008PQXNYA4
,BLACK,01tVT000008PQYzYAO
MARRON,MARRON,01tVT000008PhMvYAK
,MARRON,01tVT000008PhMwYAK
WHITE + BLACK,WHITE + BLACK,01tVT000008QWfZYAW
BLACK,BLACK,01tVT000008QWhBYAW
,WHITE + BLACK,01tVT000008QWinYAG
,BLACK,01tVT000008QWndYAG
WHITE + BROWN,WHITE + BROWN,01tVT000008QWxJYAW
,WHITE + BROWN,01tVT000008QWyvYAG
BLACK,BLACK,01tVT000008QXN7YAO
,BLACK,01tVT000008QXRxYAO
BLACK,BLACK,01tVT000008QXdFYAW
,BLACK,01tVT000008QXi5YAG
YELLOW,YELLOW,01tVT000008QXuzYAG
,YELLOW,01tVT000008QXwbYAG
WHITE,WHITE,01tVT000008QY9VYAW
,WHITE,01tVT000008QYB7YAO
WOOD,WOOD,01tVT000008QYZJYA4
,WOOD,01tVT000008QYavYAG
WOOD,WOOD,01tVT000008QYcYYAW
,BLACK + LIGHT,01tVT000008QYkcYAG
WOOD + GRAY,WOOD + GRAY,01tVT000008QYmDYAW
,WOOD + GRAY,01tVT000008QYnpYAG
WOOD,WOOD,01tVT000008QZ2LYAW
,WOOD,01tVT000008QZ3xYAG
WOOD,WOOD,01tVT000008QZAQYA4
,WOOD,01tVT000008QZITYA4
,WOOD,01tVT000008QZWzYAO
WOOD,WOOD,01tVT000008QZwnYAG
,WOOD,01tVT000008Qa3FYAS
,BLACK,01tVT000008QaBKYA0
,LIGHT,01tVT000008Qc1qYAC
WOOD + GRAY,WOOD + GRAY,01tVT000008Qc6fYAC
,WOOD + GRAY,01tVT000008Qc8HYAS
WOOD,WOOD,01tVT000008QcJZYA0
,WOOD,01tVT000008QcLBYA0
BLACK,BLACK,01tVT000008Qcg9YAC
,BLACK,01tVT000008QchlYAC
BLACK,BLACK,01tVT000008Qd7ZYAS
BLACK + LIGHT,BLACK + LIGHT,01tVT000008QdPJYA0
LIGHT,LIGHT,01tVT000008QdVlYAK
BLACK,BLACK,01tVT000008Qdp7YAC
,BLACK,01tVT000008QdqjYAC
BLACK,BLACK,01tVT000008Qe3dYAC
,BLACK,01tVT000008Qe6rYAC
RICE + BLACK,RICE + BLACK,01tVT000008QeEvYAK
,RICE + BLACK,01tVT000008QeJlYAK
BLACK + WOOD,BLACK + WOOD,01tVT000008Qg3pYAC
,BLACK + WOOD,01tVT000008Qg8fYAC
,STONE,01tVT000008QgF8YAK
BLACK,BLACK,01tVT000008QggXYAS
STONE,STONE,01tVT000008QggYYAS
,BLACK,01tVT000008QgmzYAC
GREEN,GREEN,01tVT000008QgztYAC
,GREEN,01tVT000008Qh1VYAS
PINK,PINK,01tVT000008QhMTYA0
,PINK,01tVT000008QhO5YAK
BLACK,BLACK,01tVT000008Qhj4YAC
,STONE,01tVT000008QhvxYAC
STONE,STONE,01tVT000008Qi7FYAS
,MARRON,01tVT000008Qi8rYAC
BLACK,BLACK,01tVT000008Qj4vYAC
,BLACK,01tVT000008Qj6XYAS
WHITE,WHITE,01tVT000008QjHpYAK
,WHITE,01tVT000008QjMfYAK
BLACK,BLACK,01tVT000008QjZaYAK
,BLACK,01tVT000008QjePYAS
,BLACK,01tVT000008QjmTYAS
BLACK,BLACK,01tVT000008QjuXYAS
,BLACK,01tVT000008Qjw9YAC
BLACK,BLACK,01tVT000008SWBeYAO
BLACK,BLACK,01tVT000008Sb1dYAC
,BLACK,01tVT000008Sb6TYAS
BLACK,BLACK,01tVT000008SbG9YAK
,BLACK,01tVT000008SbKzYAK
,BLACK,01tVT000008SbT3YAK
VARIOS,VARIOS,01tVT000008TWXlYAO
,VARIOS,01tVT000008TWazYAG
NEGRO,NEGRO,01tVT000008TXiMYAW
,NEGRO,01tVT000008TY4vYAG
GRIS,GRIS,01tVT000008TYhdYAG
,GRIS,01tVT000008TYkrYAG
NEGRO,NEGRO,01tVT000008UeGLYA0
,NEGRO,01tVT000008UeGMYA0
NEGRO,NEGRO,01tVT000008UeeXYAS
,NEGRO,01tVT000008UeeYYAS
GRIS,GRIS,01tVT000008VCMrYAO
,GRIS,01tVT000008VCRhYAO
BLACK,BLACK,01tVT000008VDpBYAW
,BLACK,01tVT000008VDqnYAG
BEIGE + BLUE,BEIGE + BLUE,01tVT000008VE8XYAW
,BEIGE + BLUE,01tVT000008VEA9YAO
YELLOW,YELLOW,01tVT000008VEV7YAO
,YELLOW,01tVT000008VEYLYA4
,CAQUI,01tVT000008W71mYAC
VERDE,VERDE,01tVT000008W76bYAC
,VERDE,01tVT000008W7BRYA0
CAQUI,CAQUI,01tVT000008W7WPYA0
,CAQUI,01tVT000008W7szYAC
,NEGRO,01tVT000008W84HYAS
,VERDE,01tVT000008W85tYAC
BLACK,BLACK,01tVT000008WFowYAG
,BLACK,01tVT000008WFoxYAG
NEGRO,NEGRO,01tVT000008WH5yYAG
,NEGRO,01tVT000008WH5zYAG
VARIOS,VARIOS,01tVT000008WHU9YAO
,VARIOS,01tVT000008WHUAYA4
NEGRO,NEGRO,01tVT000008WHqjYAG
,NEGRO,01tVT000008WHqkYAG
ACACIA,ACACIA,01tVT000008WHxBYAW
,ACACIA,01tVT000008WHxCYAW
BLACK,BLACK,01tVT000008WHynYAG
,BLACK,01tVT000008WHyoYAG
,GRAY,01tVT000008Z1ZLYA0
LIGHT GRAY,LIGHT GRAY,01tVT000008Z3HlYAK
,LIGHT GRAY,01tVT000008Z3KzYAK
GRAY,GRAY,01tVT000008Z40vYAC
GRAY,GRAY,01tVT000008Z4IfYAK
,GRAY,01tVT000008Z4NVYA0
BROWN,BROWN,01tVT000008Z4XBYA0
,BROWN,01tVT000008Z4fFYAS
,MULTICOLOR,01tVT000008Z4vOYAS
LIGHT BROWN,LIGHT BROWN,01tVT000008Z5cvYAC
,LIGHT BROWN,01tVT000008Z5g9YAC
MULTICOLOR,MULTICOLOR,01tVT000008Z5prYAC
MULTICOLOR,MULTICOLOR,01tVT000008Z7GXYA0
,MULTICOLOR,01tVT000008Z7JlYAK
MULTICOLOR,MULTICOLOR,01tVT000008Z7WfYAK
,MULTICOLOR,01tVT000008Z7wTYAS
NEGRO + GRIS,NEGRO + GRIS,01tVT000008ZnCXYA0
,NEGRO + GRIS,01tVT000008ZnE9YAK
BLACK + GREEN,BLACK + GREEN,01tVT000008Zy1VYAS
,BLACK + GREEN,01tVT000008Zy6LYAS
BLACK + SILVER,BLACK + SILVER,01tVT000008apfJYAQ
,BLACK + SILVER,01tVT000008apiXYAQ
NEGRO + PLATA,NEGRO + PLATA,01tVT000008apyfYAA
,NEGRO + PLATA,01tVT000008aq1uYAA
NEGRO,NEGRO,01tVT000008bttmYAA
,NEGRO,01tVT000008bttnYAA
,BLACK + GREEN,01tVT000008dlGzYAI
,BLACK + SILVER,01tVT000008dlKDYAY
,NEGRO + PLATA,01tVT000008dlSHYAY
SILVER,SILVER,01tVT000008gAftYAE
,SILVER,01tVT000008gAj7YAE
BLANCO,BLANCO,01tVT000008gP2DYAU
,BLANCO,01tVT000008gP5RYAU
LIGHT GRAY,LIGHT GRAY,01tVT000008gcx7YAA
,LIGHT GRAY,01tVT000008gcx8YAA
MADERA,MADERA,01tVT000008gcyjYAA
,MADERA,01tVT000008gcykYAA
MARRON,MARRON,01tVT000008gd0LYAQ
,MARRON,01tVT000008gd0MYAQ
MARRON,MARRON,01tVT000008gd1xYAA
,MARRON,01tVT000008gd1yYAA
BROWN,BROWN,01tVT000008gd3ZYAQ
,BROWN,01tVT000008gd3aYAA
WOOD,WOOD,01tVT000008gd8PYAQ
,WOOD,01tVT000008gd8QYAQ
MADERA,MADERA,01tVT000008gdBdYAI
,MADERA,01tVT000008gdBeYAI
MADERA + GRIS,MADERA + GRIS,01tVT000008gdErYAI
,MADERA + GRIS,01tVT000008gdEsYAI
WOOD+CREAM,WOOD+CREAM,01tVT000008gdI5YAI
,WOOD+CREAM,01tVT000008gdI6YAI
BLACK+WOOD+GRAY,BLACK+WOOD+GRAY,01tVT000008gdLJYAY
,BLACK+WOOD+GRAY,01tVT000008gdLKYAY
GRAY,GRAY,01tVT000008gdQ9YAI
,GRAY,01tVT000008gdQAYAY
BROWN,BROWN,01tVT000008gdRlYAI
,BROWN,01tVT000008gdRmYAI
WHITE,WHITE,01tVT000008h0o9YAA
,WHITE,01tVT000008h0plYAA
BLACK,BLACK,01tVT000008hRUzYAM
,BLACK,01tVT000008hRWbYAM
NEGRO,NEGRO,01tVT000008k54wYAA
,NEGRO,01tVT000008k54xYAA
NATURE,NATURE,01tVT000008k6IjYAI
,NATURE,01tVT000008k6IkYAI
WHITE+NATURE,WHITE+NATURE,01tVT000008k6PBYAY
,WHITE+NATURE,01tVT000008k6PCYAY
BLACK,BLACK,01tVT000008k6QnYAI
,BLACK,01tVT000008k6QoYAI
BLACK,BLACK,01tVT000008k6SPYAY
,BLACK,01tVT000008k6SQYAY
SILVER,SILVER,01tVT000008k6U1YAI
,SILVER,01tVT000008k6U2YAI
BLACK+GREY,BLACK+GREY,01tVT000008k6XFYAY
,BLACK+GREY,01tVT000008k6XGYAY
VERDE,VERDE,01tVT000008k6c5YAA
,VERDE,01tVT000008k6c6YAA
VERDE,VERDE,01tVT000008k6gvYAA
,VERDE,01tVT000008k6gwYAA
NEGRO+VERDE,NEGRO+VERDE,01tVT000008k6iXYAQ
,NEGRO+VERDE,01tVT000008k6iYYAQ
AZUL CLARO + BLANCO,AZUL CLARO + BLANCO,01tVT000008k6ozYAA
,AZUL CLARO + BLANCO,01tVT000008k6p0YAA
AZUL CLARO + BLANCO,AZUL CLARO + BLANCO,01tVT000008k73VYAQ
,AZUL CLARO + BLANCO,01tVT000008k73WYAQ
BLANCO,BLANCO,01tVT000008l2GHYAY
WOOD+POLYESTER,WOOD+POLYESTER,01tVT000008lCabYAE
,WOOD+POLYESTER,01tVT000008lCacYAE
WOOD+POLYESTER,WOOD+POLYESTER,01tVT000008lCdpYAE
,WOOD+POLYESTER,01tVT000008lCdqYAE
WOOD,WOOD,01tVT000008pKZZYA2
,WOOD,01tVT000008pKbBYAU
WOOD+CREAM,WOOD+CREAM,01tVT000008pxPdYAI
,WOOD+CREAM,01tVT000008pxPeYAI
,BLACK,01tVT000008qFxdYAE
,NEGRO,01tVT000008qIU5YAM
BLACK,BLACK,01tVT000008qV9aYAE
,BLACK,01tVT000008qV9bYAE
BEIGE,BEIGE,01tVT000008qVxZYAU
,BEIGE,01tVT000008qVxaYAE
PINK,PINK,01tVT000008qW0nYAE
,PINK,01tVT000008qW0oYAE
BLACK,BLACK,01tVT000008qW8rYAE
,BLACK,01tVT000008qW8sYAE
NEGRO,NEGRO,01tVT000008qWIXYA2
,NEGRO,01tVT000008qWIYYA2
VARIOS,VARIOS,01tVT000008qWOzYAM
,VARIOS,01tVT000008qWP0YAM
NEGRO,NEGRO,01tVT000008qWSDYA2
,NEGRO,01tVT000008qWSEYA2
ROSA,ROSA,01tVT000008qda9YAA
,BEIGE,01tVT000008qdgbYAA
,ROSA,01tVT000008qdiDYAQ
DARK GRAY,DARK GRAY,01tVT000008qdwjYAA
,DARK GRAY,01tVT000008qe6PYAQ
,NEGRO,01tVT000008r0q5YAA
,VARIOS,01tVT000008r6InYAI
,NEGRO,01tVT000008r6KPYAY
,NEGRO,01tVT000008r6PFYAY
BLACK,BLACK,01tVT000008sjpxYAA
,BLACK,01tVT000008sjwPYAQ
,BLACK + GREEN,01tVT000008skm1YAA
WOOD + WHITE,WOOD + WHITE,01tVT000008vkkfYAA
,WOOD + WHITE,01tVT000008vkpVYAQ
GRAY,GRAY,01tVT000008vl2PYAQ
,GRAY,01tVT000008vl7FYAQ
BROWN + WHITE,BROWN + WHITE,01tVT000008vlX3YAI
,BROWN + WHITE,01tVT000008vlYfYAI
BROWN,BROWN,01tVT000008welFYAQ
,BROWN,01tVT000008weq5YAA
GRAY,GRAY,01tVT000008wey9YAA
,GRAY,01tVT000008wf1NYAQ
BLANCO,BLANCO,01tVT000008xiJmYAI
BLANCO,BLANCO,01tVT000008xiJnYAI
BLANCO,BLANCO,01tVT000008xiYHYAY
,BLANCO,01tVT000008xiYIYAY
BLANCO,BLANCO,01tVT000008xiZtYAI
,BLANCO,01tVT000008xiZuYAI
NEGRO,NEGRO,01tVT000008xigLYAQ
,NEGRO,01tVT000008xigMYAQ
BLACK,BLACK,01tVT000008xilBYAQ
,BLACK,01tVT000008xilCYAQ
GRIS,GRIS,01tVT000008xj1JYAQ
,GRIS,01tVT000008xj1KYAQ
BLANCO,BLANCO,01tVT0000090kyZYAQ
BLANCO,BLANCO,01tVT0000090mgzYAA
BLANCO,BLANCO,01tVT0000090mibYAA
GRIS,GRIS,01tVT0000090zEPYAY
,GRIS,01tVT0000090zEQYAY
,GRAY,01tVT00000914lyYAA
BLACK,BLACK,01tVT00000918G5YAI
,BLACK,01tVT00000918KvYAI
GRAY,GRAY,01tVT00000918rBYAQ
WHITE + BLACK + WOOD,WHITE + BLACK + WOOD,01tVT0000091LurYAE
,WHITE + BLACK + WOOD,01tVT0000091LzhYAE
WHITE + GRAY,WHITE + GRAY,01tVT0000091MMHYA2
,WHITE + GRAY,01tVT0000091MNtYAM
BLACK,BLACK,01tVT0000091cCXYAY
,BLACK,01tVT0000091cCYYAY
WHITE,WHITE,01tVT0000091cIzYAI
,WHITE,01tVT0000091cJ0YAI
BLANCO + NEGRO,BLANCO + NEGRO,01tVT0000091cNpYAI
,BLANCO + NEGRO,01tVT0000091cNqYAI
,WOOD,01tVT0000092334YAA
BEIGE + BLACK,BEIGE + BLACK,01tVT00000926AbYAI
,BEIGE + BLACK,01tVT00000926CDYAY
WOOD,WOOD,01tVT00000926nJYAQ
BROWN,BROWN,01tVT00000927t3YAA
,BROWN,01tVT00000927xtYAA
WOOD,WOOD,01tVT0000092DOzYAM
,WOOD,01tVT0000092DQbYAM
NATURAL,NATURAL,01tVT0000092DjxYAE
,NATURAL,01tVT0000092DlZYAU
WHITE,WHITE,01tVT0000093iAbYAI
,WHITE,01tVT0000093iDpYAI
WHITE,WHITE,01tVT0000093iddYAA
,WHITE,01tVT0000093igrYAA
BLANCO,BLANCO,01tVT00000955BZYAY
BLANCO,BLANCO,01tVT00000955BaYAI
GRIS,GRIS,01tVT0000097mxBYAQ
,GRIS,01tVT0000097n5FYAQ
,VARIOS,01tVT000009EvKbYAK
SILVER,SILVER,01tVT000009JavRYAS
,SILVER,01tVT000009JboHYAS
,GRIS,01tVT000009JpT4YAK
SILVER,SILVER,01tVT000009NW0PYAW
,SILVER,01tVT000009NW5FYAW
SILVER,SILVER,01tVT000009NWzhYAG
,SILVER,01tVT000009NX4XYAW
,WOOD+CREAM,01tVT000009OBYDYA4
BROWN,BROWN,01tVT000009PtwzYAC
,BROWN,01tVT000009Ptx0YAC
,NEGRO,01tVT000009RyhFYAS
SILVER,SILVER,01tVT000009SDJhYAO
,SILVER,01tVT000009SDMvYAO
WHITE MARBLE + GRAY,WHITE MARBLE + GRAY,01tVT000009SO73YAG
,WHITE MARBLE + GRAY,01tVT000009SO74YAG
NEGRO,NEGRO,01tVT000009SO8fYAG
,NEGRO,01tVT000009SO8gYAG
BLACK,BLACK,01tVT000009U0YUYA0
,BLACK,01tVT000009U1ZNYA0
,MADERA,01tVT000009WVwLYAW
BLACK,BLACK,01tVT000009WW9FYAW
,BLACK,01tVT000009WWCTYA4
BLACK,BLACK,01tVT000009WWXRYA4
,BLACK,01tVT000009WWdtYAG
BLACK,BLACK,01tVT000009WWijYAG
,BLACK,01tVT000009WWqnYAG
BLACK,BLACK,01tVT000009Xn3BYAS
,BLACK,01tVT000009Xn81YAC
BLACK,BLACK,01tVT000009Xnj7YAC
,BLACK,01tVT000009XnpZYAS
BLACK,BLACK,01tVT000009XoTtYAK
,BLACK,01tVT000009XognYAC
BLACK,BLACK,01tVT000009XowvYAC
,BLACK,01tVT000009Xp09YAC
GRIS OSCURO,GRIS OSCURO,01tVT000009Xy6fYAC
,GRIS OSCURO,01tVT000009Xy8HYAS
MADERA,MADERA,01tVT000009ZDtFYAW
,MADERA,01tVT000009ZDtGYAW
MADERA,MADERA,01tVT000009ZDurYAG
,MADERA,01tVT000009ZDusYAG
MADERA,MADERA,01tVT000009ZDzhYAG
,MADERA,01tVT000009ZDziYAG
NEGRO,NEGRO,01tVT000009arWrYAI
,NEGRO,01tVT000009arWsYAI
,NATURAL+GRIS,01tVT000009gsgLYAQ
,NATURAL+PLATA,01tVT000009gslBYAQ
VARIOS,VARIOS,01tVT000009kuoQYAQ
,VARIOS,01tVT000009kuoRYAQ
BLACK + BROWN,BLACK + BROWN,01tVT000009r0cdYAA
BLACK + BROWN,BLACK + BROWN,01tVT000009r2phYAA
,BLACK + BROWN,01tVT000009r2rJYAQ
,BLACK + BROWN,01tVT000009r30zYAA
BROWN,BROWN,01tVT000009riSMYAY
,BROWN,01tVT000009rjTFYAY
BLACK,BLACK,01tVT000009rlgMYAQ
,BLACK,01tVT000009rnJxYAI
BLACK,BLACK,01tVT000009rrnNYAQ
,BLACK,01tVT000009rrozYAA
BLACK,BLACK,01tVT000009rs9xYAA
,BLACK,01tVT000009rsBZYAY
ORO,ORO,01tVT000009txlSYAQ
,ORO,01tVT000009u1p3YAA
NEGRO,NEGRO,01tVT000009u26nYAA
,NEGRO,01tVT000009u28PYAQ
NEGRO,NEGRO,01tVT000009u4YPYAY
,NEGRO,01tVT000009u4a1YAA
MADERA,MADERA,01tVT000009u4rlYAA
,MADERA,01tVT000009u4tNYAQ
GRIS,GRIS,01tVT000009u54fYAA
,GRIS,01tVT000009u56HYAQ
MADERA,MADERA,01tVT000009u5JBYAY
,MADERA,01tVT000009u5MPYAY
KHAKI,KHAKI,01tVT000009u7EXYAY
,KHAKI,01tVT000009u7JNYAY
BLUE,BLUE,01tVT000009u8P8YAI
BROWN,BROWN,01tVT000009u9EjYAI
,BROWN,01tVT000009u9JZYAY
,BLUE,01tVT000009u9eXYAQ
,COLOR OPTIONS,01tVT000009u9jOYAQ
COLOR OPTIONS,COLOR OPTIONS,01tVT000009uASXYA2
GRAY,GRAY,01tVT000009uDQPYA2
,GRAY,01tVT000009uDS1YAM
WHITE,WHITE,01tVT000009uDi9YAE
,WHITE,01tVT000009uDjlYAE
,GRAY + GLASS + BLACK,01tVT000009uESwYAM
PINK + GLASS + NATURAL + BLACK,PINK + GLASS + NATURAL + BLACK,01tVT000009uEUXYA2
,PINK + GLASS + NATURAL + BLACK,01tVT000009uEW9YAM
STONE + BLACK + GRAY,STONE + BLACK + GRAY,01tVT000009uF41YAE
,STONE + BLACK + GRAY,01tVT000009uF7FYAU
GRAY + GLASS + BLACK,GRAY + GLASS + BLACK,01tVT000009uFLlYAM
WHITE,WHITE,01tVT000009uFbtYAE
,WHITE,01tVT000009uFdVYAU
GRAY,GRAY,01tVT000009uG89YAE
,GRAY,01tVT000009uGGDYA2
GRAY,GRAY,01tVT000009uGePYAU
,GRAY,01tVT000009uGjFYAU
LIGHT GRAY,LIGHT GRAY,01tVT000009uH4DYAU
,LIGHT GRAY,01tVT000009uH93YAE
RED,RED,01tVT000009uHozYAE
,RED,01tVT000009uHtpYAE
PINK + WHITE,PINK + WHITE,01tVT000009uorNYAQ
,PINK + WHITE,01tVT000009uoubYAA
GRAY + BLUE,GRAY + BLUE,01tVT000009upgzYAA
,GRAY + BLUE,01tVT000009upibYAA
WHITE + BLACK,WHITE + BLACK,01tVT000009v54DYAQ
,WHITE + BLACK,01tVT000009v5CHYAY
BLACK,BLACK,01tVT000009vxZGYAY
,RED,01tVT000009vzw2YAA
RED,RED,01tVT000009w0fCYAQ
BLACK,BLACK,01tVT000009w0iQYAQ
,BLACK,01tVT000009w11lYAA
,BLACK,01tVT000009w1eTYAQ
,RED,01tVT000009w1plYAA
RED,RED,01tVT000009w25tYAA
,WHITE,01tVT000009w2M3YAI
CREAM + BLACK,CREAM + BLACK,01tVT000009w3wPYAQ
,CREAM + BLACK,01tVT000009w3zdYAA
WHITE,WHITE,01tVT000009w4ajYAA
,WHITE,01tVT000009w4cLYAQ
CROMADO+NEGRO,CROMADO+NEGRO,01tVT000009w4ndYAA
WHITE,WHITE,01tVT000009w4pFYAQ
,WHITE,01tVT000009w4sTYAQ
,CROMADO+NEGRO,01tVT000009w4xJYAQ
CROMADO+NEGRO,CROMADO+NEGRO,01tVT000009w55NYAQ
,CROMADO+NEGRO,01tVT000009w56zYAA
WHITE,WHITE,01tVT000009w5BpYAI
WHITE + BLACK,WHITE + BLACK,01tVT000009w5VBYAY
,WHITE + BLACK,01tVT000009w5YPYAY
BLUE + WHITE,BLUE + WHITE,01tVT000009w5dFYAQ
,BLUE + WHITE,01tVT000009w5i5YAA
GRAY + WHITE,GRAY + WHITE,01tVT000009w5rlYAA
,GRAY + WHITE,01tVT000009w5tNYAQ
BLUE + WHITE,BLUE + WHITE,01tVT000009w61RYAQ
,BLUE + WHITE,01tVT000009w633YAA
WHITE,WHITE,01tVT000009w6HZYAY
,WHITE,01tVT000009w6JBYAY
BLANCO+NATURAL,BLANCO+NATURAL,01tVT000009whQnYAI
,BLANCO+NATURAL,01tVT000009whQoYAI
WHITE,WHITE,01tVT000009xMDpYAM
,WHITE,01tVT000009xMDqYAM
,BLACK,01tVT00000A0XfnYAF
BLACK,BLACK,01tVT00000A0b1pYAB
BLACK,BLACK,01tVT00000A0bHxYAJ
,BLACK,01tVT00000A0bMnYAJ
,GREEN,01tVT00000A1FLqYAN
,YELLOW,01tVT00000A1FtiYAF
YELLOW,YELLOW,01tVT00000A1GkvYAF
BLACK,BLACK,01tVT00000A1GwDYAV
,BLACK,01tVT00000A1GxpYAF
GREEN,GREEN,01tVT00000A1I1xYAF
GREEN,GREEN,01tVT00000A2BknYAF
,GREEN,01tVT00000A2BmPYAV
,STAINLESS STEEL,01tVT00000A2Dt4YAF
GREEN,GREEN,01tVT00000A2F8UYAV
BLACK,BLACK,01tVT00000A2FwTYAV
,BLACK,01tVT00000A2Fy5YAF
,GREEN + BROWN,01tVT00000A2GcQYAV
GREEN,GREEN,01tVT00000A2GkTYAV
,GREEN,01tVT00000A2Gm5YAF
BLACK,BLACK,01tVT00000A2HBtYAN
,BLACK,01tVT00000A2HGjYAN
GREEN + BROWN,GREEN + BROWN,01tVT00000A2HYTYA3
,BLACK,01tVT00000A2Hv5YAF
BLACK,BLACK,01tVT00000A2I1VYAV
BLACK,BLACK,01tVT00000A2IJFYA3
STAINLESS STEEL,STAINLESS STEEL,01tVT00000A2IKsYAN
,GREEN,01tVT00000A2IPhYAN
,BLACK,01tVT00000A2IUXYA3
BLACK,BLACK,01tVT00000A2IfpYAF
STEEL + BLACK + RED,STEEL + BLACK + RED,01tVT00000A2IhRYAV
,BLACK,01tVT00000A2Ij3YAF
,STEEL + BLACK + RED,01tVT00000A2IkfYAF
BLACK + WOOD,BLACK + WOOD,01tVT00000A2IsjYAF
,BLACK + WOOD,01tVT00000A2IxZYAV
BLACK + WOOD,BLACK + WOOD,01tVT00000A2JAUYA3
,STAINLESS STEEL,01tVT00000A2JC5YAN
,BLACK + WOOD,01tVT00000A2JFJYA3
STAINLESS STEEL,STAINLESS STEEL,01tVT00000A2JQbYAN
STAINLESS STEEL,STAINLESS STEEL,01tVT00000A2JvFYAV
,STAINLESS STEEL,01tVT00000A2JwrYAF
STAINLESS STEEL,STAINLESS STEEL,01tVT00000A2KCzYAN
,STAINLESS STEEL,01tVT00000A2KEbYAN
WOOD + STAINLESS STEEL,WOOD + STAINLESS STEEL,01tVT00000A2KRVYA3
,WOOD + STAINLESS STEEL,01tVT00000A2KT7YAN
BLACK + STAINLESS STEEL,BLACK + STAINLESS STEEL,01tVT00000A2KrJYAV
,BLACK + STAINLESS STEEL,01tVT00000A2KsvYAF
,GRIS OSCURO,01tVT00000A2xELYAZ
,BROWN,01tVT00000A2xFxYAJ
BLACK,BLACK,01tVT00000A2yiIYAR
,BLACK,01tVT00000A2yn7YAB
BLACK,BLACK,01tVT00000A2zpdYAB
,BLACK,01tVT00000A2zrFYAR
SILVER,SILVER,01tVT00000A30qXYAR
,SILVER,01tVT00000A30s9YAB
GRAY,GRAY,01tVT00000A32IsYAJ
GRAY,GRAY,01tVT00000A33zhYAB
,GRAY,01tVT00000A344XYAR
,GRAY,01tVT00000A34m5YAB
WHITE,WHITE,01tVT00000A5FqHYAV
,WHITE,01tVT00000A5FwjYAF
WHITE,WHITE,01tVT00000A5GeHYAV
,WHITE,01tVT00000A5GftYAF
WHITE,WHITE,01tVT00000A5GuPYAV
,WHITE,01tVT00000A5GzFYAV
WHITE,WHITE,01tVT00000A5H7JYAV
,WHITE,01tVT00000A5H8vYAF
,WHITE,01tVT00000A5z3WYAR
WHITE,WHITE,01tVT00000A5zEnYAJ
,WHITE,01tVT00000A5zI1YAJ
WHITE,WHITE,01tVT00000A5zTJYAZ
BLACK,BLACK,01tVT00000A60CTYAZ
,BLACK,01tVT00000A60HJYAZ
WHITE,WHITE,01tVT00000A60afYAB
,WHITE,01tVT00000A60cHYAR
CREAM,CREAM,01tVT00000A60sPYAR
,CREAM,01tVT00000A60vdYAB
BLACK,BLACK,01tVT00000A61YLYAZ
,BLACK,01tVT00000A61ZxYAJ
BLACK,BLACK,01tVT00000A61q5YAB
,BLACK,01tVT00000A61rhYAB
BLACK,BLACK,01tVT00000A627pYAB
,BLACK,01tVT00000A62CfYAJ
WHITE,WHITE,01tVT00000A62xRYAR
,WHITE,01tVT00000A630fYAB
WHITE,WHITE,01tVT00000A6r8jYAB
,WHITE,01tVT00000A6rDZYAZ
WHITE,WHITE,01tVT00000A6rgbYAB
,WHITE,01tVT00000A6rofYAB
VARIOS,VARIOS,01tVT00000A6ssoYAB
,VARIOS,01tVT00000A6tqTYAR
MARRON,MARRON,01tVT00000A7LQAYA3
,MARRON,01tVT00000A7LQBYA3
BLACK,BLACK,01tVT00000A7MSfYAN
,BLACK,01tVT00000A7MSgYAN
BLANCO+NATURAL,BLANCO+NATURAL,01tVT00000A7MajYAF
,BLANCO+NATURAL,01tVT00000A7MakYAF
BLANCO,BLANCO,01tVT00000A7MfZYAV
,BLANCO,01tVT00000A7MfaYAF
WHITE,WHITE,01tVT00000A7MhBYAV
,WHITE,01tVT00000A7MhCYAV
BLACK,BLACK,01tVT00000A7b3ZYAR
,BLACK,01tVT00000A7depYAB
,BLACK + WHITE,01tVT00000A7fAMYAZ
BLACK + WHITE,BLACK + WHITE,01tVT00000A7g1ZYAR
BLACK,BLACK,01tVT00000A7gMXYAZ
,BLACK,01tVT00000A7gO9YAJ
BLACK,BLACK,01tVT00000A7gPlYAJ
,BLACK,01tVT00000A7gfuYAB
,BLACK,01tVT00000A7grCYAR
BLACK,BLACK,01tVT00000A7gw1YAB
,BLACK,01tVT00000A7gxeYAB
BLACK,BLACK,01tVT00000A7gzFYAR
BLACK,BLACK,01tVT00000A7h7JYAR
,BLACK,01tVT00000A7h8vYAB
BLACK,BLACK,01tVT00000A7hGzYAJ
,BLACK,01tVT00000A7hLpYAJ
WHITE,WHITE,01tVT00000A7hNRYAZ
,WHITE,01tVT00000A7hSHYAZ
,BLACK,01tVT00000A7hSIYAZ
BLACK,BLACK,01tVT00000A7horYAB
BLACK,BLACK,01tVT00000A7iBRYAZ
,BLACK,01tVT00000A7iEfYAJ
BLACK,BLACK,01tVT00000A7ieTYAR
,BLACK,01tVT00000A7ijJYAR
BLACK,BLACK,01tVT00000A7ikvYAB
,BLACK,01tVT00000A7imXYAR
,BLACK,01tVT00000A7irOYAR
BLACK,BLACK,01tVT00000A7iszYAB
BLACK,BLACK,01tVT00000A7j97YAB
,BLACK,01tVT00000A7jCLYAZ
BLACK,BLACK,01tVT00000A7mVCYAZ
WHITE + BLACK,WHITE + BLACK,01tVT00000A7o8oYAB
BLACK,BLACK,01tVT00000A7oVNYAZ
,BLACK,01tVT00000A7oiHYAR
WHITE,WHITE,01tVT00000A7ovBYAR
,WHITE,01tVT00000A7p3FYAR
WHITE,WHITE,01tVT00000A7pBJYAZ
,WHITE,01tVT00000A7pG9YAJ
WHITE,WHITE,01tVT00000A7pODYAZ
,WHITE,01tVT00000A7pPpYAJ
BLACK,BLACK,01tVT00000A7pWHYAZ
,BLACK,01tVT00000A7pb7YAB
BLACK,BLACK,01tVT00000A7pknYAB
,BLACK,01tVT00000A7r6fYAB
,BLACK,01tVT00000A7rRdYAJ
BLACK,BLACK,01tVT00000A7sHFYAZ
,BLACK,01tVT00000A7sM5YAJ
BLACK,BLACK,01tVT00000A7sSXYAZ
,BLACK,01tVT00000A7sXNYAZ
BLACK,BLACK,01tVT00000A7scDYAR
,BLACK,01tVT00000A7sh3YAB
BLACK,BLACK,01tVT00000A7skHYAR
,BLACK,01tVT00000A7sqjYAB
BLACK + WHITE,BLACK + WHITE,01tVT00000A7t0PYAR
,BLACK + WHITE,01tVT00000A7t3dYAB
BLACK,BLACK,01tVT00000A7t8TYAR
,BLACK,01tVT00000A7tBhYAJ
,WHITE + BLACK,01tVT00000A7tObYAJ
BLACK,BLACK,01tVT00000A7tWfYAJ
,BLACK,01tVT00000A7tbVYAR
BLACK,BLACK,01tVT00000A7tlBYAR
,BLACK,01tVT00000A7tq1YAB
METAL,METAL,01tVT00000A7u4XYAR
,METAL,01tVT00000A7uCbYAJ
WHITE,WHITE,01tVT00000A7uKfYAJ
,WHITE,01tVT00000A7uPVYAZ
WHITE,WHITE,01tVT00000A7uULYAZ
,WHITE,01tVT00000A7uZBYAZ
,WHITE,01tVT00000A8TaAYAV
WHITE,WHITE,01tVT00000A8Vk1YAF
,WHITE,01tVT00000A8VorYAF
BLACK,BLACK,01tVT00000A8WBRYA3
,BLACK,01tVT00000A8WD3YAN
BLACK,BLACK,01tVT00000A8WRZYA3
,BLACK,01tVT00000A8WTBYA3
WHITE,WHITE,01tVT00000A8WY1YAN
BLUE,BLUE,01tVT00000AAZy2YAH
,BLUE,01tVT00000AAbbdYAD
WHITE,WHITE,01tVT00000AAbjhYAD
,WHITE,01tVT00000AAblJYAT
BLACK,BLACK,01tVT00000ABCWMYA5
WHITE,WHITE,01tVT00000ABCheYAH
WHITE,WHITE,01tVT00000ABDCHYA5
,WHITE,01tVT00000ABDKLYA5
WHITE,WHITE,01tVT00000ABDPBYA5
,WHITE,01tVT00000ABDU1YAP
,WHITE,01tVT00000ABDaTYAX
WHITE,WHITE,01tVT00000ABDnNYAX
,WHITE,01tVT00000ABDozYAH
WHITE,WHITE,01tVT00000ABE0HYAX
,BLACK,01tVT00000ABEI1YAP
WHITE,WHITE,01tVT00000ABERhYAP
,WHITE,01tVT00000ABEZlYAP
WHITE,WHITE,01tVT00000ABExxYAH
,WHITE,01tVT00000ABF2nYAH
WHITE,WHITE,01tVT00000ABFFhYAP
,WHITE,01tVT00000ABFIvYAP
WHITE,WHITE,01tVT00000ABFUDYA5
,WHITE,01tVT00000ABFagYAH
BLACK,BLACK,01tVT00000ABFkLYAX
,BLACK,01tVT00000ABFlxYAH
WHITE,WHITE,01tVT00000ABFyrYAH
,WHITE,01tVT00000ABG5JYAX
WHITE,WHITE,01tVT00000ABGA9YAP
,WHITE,01tVT00000ABGEzYAP
BLANCO,BLANCO,01tVT00000ABnxJYAT
,BLANCO,01tVT00000ABnxKYAT
BLACK,BLACK,01tVT00000AC3CTYA1
,BLACK,01tVT00000AC3FhYAL
,WHITE,01tVT00000AC3NmYAL
WHITE,WHITE,01tVT00000AC3dtYAD
WHITE,WHITE,01tVT00000AC4V7YAL
,WHITE,01tVT00000AC4ZxYAL
WHITE,WHITE,01tVT00000ACHCDYA5
,WHITE,01tVT00000ACHH3YAP
BLACK,BLACK,01tVT00000ACtNxYAL
,BLACK,01tVT00000ACtSnYAL
BLANCO,BLANCO,01tVT00000ADGHJYA5
,BLANCO,01tVT00000ADGHKYA5
GRIS,GRIS,01tVT00000ADGM9YAP
,GRIS,01tVT00000ADGMAYA5
WOOD+CREAM,WOOD+CREAM,01tVT00000ADGNlYAP
,WOOD+CREAM,01tVT00000ADGNmYAP
BLACK + RED,BLACK + RED,01tVT00000ADhMMYA1
BLACK,BLACK,01tVT00000ADm5uYAD
BLACK,BLACK,01tVT00000ADmkDYAT
,BLACK,01tVT00000ADmp3YAD
BLACK,BLACK,01tVT00000ADnQ9YAL
,BLACK,01tVT00000ADnRlYAL
,BLACK + RED,01tVT00000ADnpxYAD
,WHITE + RED,01tVT00000ADnuoYAD
WHITE + RED,WHITE + RED,01tVT00000ADoSfYAL
,BLACK,01tVT00000ADoVtYAL
WHITE,WHITE,01tVT00000ADokPYAT
,WHITE,01tVT00000ADom1YAD
,BLACK,01tVT00000ADom2YAD
BLACK,BLACK,01tVT00000ADoqrYAD
WHITE + BLACK,WHITE + BLACK,01tVT00000ADp5NYAT
,WHITE + BLACK,01tVT00000ADpADYA1
VARIOS,VARIOS,01tVT00000ADqr3YAD
,VARIOS,01tVT00000ADqsfYAD
,BLACK,01tVT00000ADr8nYAD
,VARIOS,01tVT00000AFoMwYAL
VARIOS,VARIOS,01tVT00000AFqyDYAT
,VARIOS,01tVT00000AFr1RYAT
VARIOS,VARIOS,01tVT00000AFrB7YAL
STAINLESS STEEL,STAINLESS STEEL,01tVT00000ANmCfYAL
,STAINLESS STEEL,01tVT00000ANmJ7YAL
STAINLESS STEEL,STAINLESS STEEL,01tVT00000ANn5VYAT
,STAINLESS STEEL,01tVT00000ANn8jYAD
GRAY,GRAY,01tVT00000ANoUcYAL
GRAY,GRAY,01tVT00000ANpAXYA1
,GRAY,01tVT00000ANpDlYAL
PINK,PINK,01tVT00000ANpP3YAL
,PINK,01tVT00000ANpQfYAL
,GRAY,01tVT00000ANpwvYAD
BLACK,BLACK,01tVT00000ANq8DYAT
,BLACK,01tVT00000ANqEfYAL
WHITE,WHITE,01tVT00000ANqZdYAL
,WHITE,01tVT00000ANqhhYAD
,BROWN/GRAY,01tVT00000ANstBYAT
,BLANCO,01tVT00000APlFhYAL
BLANCO,BLANCO,01tVT00000ARMZlYAP
BLANCO,BLANCO,01tVT00000ARMZmYAP
WHITE,WHITE,01tVT00000ARMbNYAX
,WHITE,01tVT00000ARMbOYAX
VARIOS,VARIOS,01tVT00000ARgv3YAD
,VARIOS,01tVT00000ARgv4YAD
,GRIS,01tVT00000AkbgLYAR
VARIOS,VARIOS,01tVT00000Akju1YAB
,VARIOS,01tVT00000Akju2YAB
BEIGE,BEIGE,01tVT00000AlWzZYAV
,BEIGE,01tVT00000AlX2nYAF
WOOD+BLACK,WOOD+BLACK,01tVT00000AmHbtYAF
,WOOD+BLACK,01tVT00000AmHgjYAF
BLACK + WOOD,BLACK + WOOD,01tVT00000AmHonYAF
,BLACK + WOOD,01tVT00000AmHvFYAV
WOOD,WOOD,01tVT00000AmIEbYAN
,WOOD,01tVT00000AmIEcYAN
WOOD,WOOD,01tVT00000AmIePYAV
,WOOD,01tVT00000AmIg1YAF
WOOD+BLACK,WOOD+BLACK,01tVT00000AmIkrYAF
,WOOD+BLACK,01tVT00000AmIphYAF
WHITE+BLACK,WHITE+BLACK,01tVT00000AmJDtYAN
,WHITE+BLACK,01tVT00000AmJFVYA3
,MADERA + NEGRO,01tVT00000AmJFWYA3
WHITE,WHITE,01tVT00000AmJKLYA3
,WHITE,01tVT00000AmJPBYA3
MADERA + NEGRO,MADERA + NEGRO,01tVT00000AmJsDYAV
WOOD,WOOD,01tVT00000AmK0HYAV
,WOOD,01tVT00000AmK57YAF
WOOD+BLACK,WOOD+BLACK,01tVT00000AmKWXYA3
,WOOD+BLACK,01tVT00000AmKbNYAV
,MADERA + NEGRO,01tVT00000AmLvdYAF
MADERA + NEGRO,MADERA + NEGRO,01tVT00000AmMGbYAN
MADERA + NEGRO,MADERA + NEGRO,01tVT00000AmMdBYAV
,MADERA + NEGRO,01tVT00000AmMgPYAV
MADERA + NEGRO,MADERA + NEGRO,01tVT00000AmMq6YAF
,MADERA + NEGRO,01tVT00000AmMq7YAF
BLACK,BLACK,01tVT00000AmNxRYAV
,BLACK,01tVT00000AmO2HYAV
NEGRO + MADERA,NEGRO + MADERA,01tVT00000AmOVKYA3
,NEGRO + MADERA,01tVT00000AmOVLYA3
MADERA + NEGRO,MADERA + NEGRO,01tVT00000AmOiEYAV
,MADERA + NEGRO,01tVT00000AmOiFYAV
VARIOS,VARIOS,01tVT00000AmPHhYAN
,VARIOS,01tVT00000AmPHiYAN
MADERA,MADERA,01tVT00000AmPJJYA3
,MADERA,01tVT00000AmPJKYA3
MARRON,MARRON,01tVT00000AmPO9YAN
MADERA,MADERA,01tVT00000AmPPlYAN
,MADERA,01tVT00000AmPPmYAN
BLANCO,BLANCO,01tVT00000AmPRNYA3
,BLANCO,01tVT00000AmPROYA3
,MARRON,01tVT00000AmPSzYAN
MADERA + NEGRO,MADERA + NEGRO,01tVT00000AmPUbYAN
,MADERA + NEGRO,01tVT00000AmPUcYAN
,WHITE,01tVT00000ApJyvYAF
,NATURAL+NEGRO,01tVT00000Aq65BYAR
,NATURAL,01tVT00000Aq66nYAB
,CHOCOLATE,01tVT00000Aq6BdYAJ
,GREY,01tVT00000Aqv1HYAR
,GREY,01tVT00000AqvxKYAR
GREY,GREY,01tVT00000AqwdFYAR
GREY,GREY,01tVT00000AqwzpYAB
GREY,GREY,01tVT00000AqxPdYAJ
,GREY,01tVT00000AqxRFYAZ
BLACK,BLACK,01tVT00000Aqxe9YAB
,BLACK,01tVT00000AqxhNYAR
WOOD+BLACK,WOOD+BLACK,01tVT00000ArfNRYAZ
,WOOD+BLACK,01tVT00000ArfQfYAJ
WOOD+BLACK,WOOD+BLACK,01tVT00000ArfX7YAJ
,WOOD+BLACK,01tVT00000ArfYjYAJ
WOOD+BLACK,WOOD+BLACK,01tVT00000Arfs5YAB
,WOOD+BLACK,01tVT00000ArfthYAB
BLACK,BLACK,01tVT00000ArghhYAB
,BLACK,01tVT00000ArgjJYAR
,AZUL O AMARILLO,01tVT00000AtX8rYAF
BLACK,BLACK,01tVT00000AtZkAYAV
WHITE + WOOD,WHITE + WOOD,01tVT00000Atdr2YAB
,WHITE + WOOD,01tVT00000AtdxSYAR
WOOD+BLACK,WOOD+BLACK,01tVT00000Atev8YAB
,WOOD+BLACK,01tVT00000Atf9dYAB
WOOD,WOOD,01tVT00000AtfBFYAZ
,WOOD,01tVT00000AtfCrYAJ
GREY,GREY,01tVT00000AtfKvYAJ
,GREY,01tVT00000AtfPlYAJ
,BLACK,01tVT00000Atfw1YAB
GREY,GREY,01tVT00000Atg45YAB
,GREY,01tVT00000Atg8vYAB
,BROWN+GREY+BLACK,01tVT00000Ath6cYAB
WHITE,WHITE,01tVT00000AthGHYAZ
,WHITE,01tVT00000AthHtYAJ
RED+WHITE+STAINLESS STEEL,RED+WHITE+STAINLESS STEEL,01tVT00000AthTBYAZ
,RED+WHITE+STAINLESS STEEL,01tVT00000AthUnYAJ
BROWN+GREY+BLACK,BROWN+GREY+BLACK,01tVT00000AtheTYAR
BLACK+WOOD,BLACK+WOOD,01tVT00000AthszYAB
,BLACK+WOOD,01tVT00000AthxpYAB
WHITE+GREEN,WHITE+GREEN,01tVT00000AtiCLYAZ
,WHITE+GREEN,01tVT00000AtiHBYAZ
BROWN,BROWN,01tVT00000AtiVhYAJ
,BROWN,01tVT00000Atic9YAB
,WOOD + BLACK,01tVT00000AuLf9YAF
WHITE+BLACK,WHITE+BLACK,01tVT00000AuNNaYAN
,WOOD + BLACK,01tVT00000AuOQ6YAN
WOOD,WOOD,01tVT00000AuPVpYAN
,WOOD,01tVT00000AuPXRYA3
WOOD + BLACK,WOOD + BLACK,01tVT00000AuPlxYAF
,WOOD + BLACK,01tVT00000AuPnZYAV
,WHITE+BLACK,01tVT00000AuPsPYAV
WOOD + BLACK,WOOD + BLACK,01tVT00000AuQ6vYAF
CREAM+BROWN,CREAM+BROWN,01tVT00000AuQA9YAN
,CREAM+BROWN,01tVT00000AuQBlYAN
WHITE,WHITE,01tVT00000AuQJpYAN
,WHITE,01tVT00000AuQN3YAN
WOOD + BLACK,WOOD + BLACK,01tVT00000AuQOfYAN
BROWN+BLACK,BROWN+BLACK,01tVT00000AuQWjYAN
BROWN+BLACK,BROWN+BLACK,01tVT00000AuQi1YAF
,BROWN+BLACK,01tVT00000AuQjdYAF
BROWN+BLACK,BROWN+BLACK,01tVT00000AuQzlYAF
,BROWN+BLACK,01tVT00000AuR4bYAF
,WOOD+WHITE,01tVT00000AuRB4YAN
WOOD,WOOD,01tVT00000AuRUPYA3
,WOOD,01tVT00000AuRW1YAN
CREAM+BLACK,CREAM+BLACK,01tVT00000AuRhJYAV
,CREAM+BLACK,01tVT00000AuRm9YAF
WOOD+WHITE,WOOD+WHITE,01tVT00000AuRvpYAF
BLACK+WOOD,BLACK+WOOD,01tVT00000AuS5VYAV
,BLACK+WOOD,01tVT00000AuS77YAF
,WHITE/BLACK/GOLD/SILVER,01tVT00000AxVWfYAN
,NEGRO,01tVT00000AyupaYAB
NEGRO+MARRON,NEGRO+MARRON,01tVT00000AzAb0YAF
BLACK,BLACK,01tVT00000AzB8rYAF
,BLACK,01tVT00000AzBDhYAN
BLACK,BLACK,01tVT00000AzBQbYAN
,BLACK,01tVT00000AzBVRYA3
BLANCO,BLANCO,01tVT00000AzC06YAF
,BLACK,01tVT00000AzC1hYAF
PINK,PINK,01tVT00000AzC3JYAV
,BLACK,01tVT00000AzC89YAF
,PINK,01tVT00000AzC9lYAF
,NEGRO+MARRON,01tVT00000AzCuXYAV
NEGRO+MARRON,NEGRO+MARRON,01tVT00000AzDFVYA3
,NEGRO+MARRON,01tVT00000AzDH7YAN
NEGRO+MARRON,NEGRO+MARRON,01tVT00000AzDPBYA3
,NEGRO+MARRON,01tVT00000AzDQnYAN
NEGRO,NEGRO,01tVT00000AzDc5YAF
,BLANCO,01tVT00000AzDtpYAF
GRAY,GRAY,01tVT00000AzukIYAR
,GRAY,01tVT00000Azw4XYAR
BLACK + WHITE,BLACK + WHITE,01tVT00000Azwm5YAB
,BLACK + WHITE,01tVT00000AzwnhYAB
WHITE,WHITE,01tVT00000Azx0bYAB
,WHITE,01tVT00000Azx5RYAR
BLUE,BLUE,01tVT00000AzxobYAB
,BLUE,01tVT00000AzxtRYAR
WOOD + GRAY,WOOD + GRAY,01tVT00000AzxwgYAB
WHITE + BLUE,WHITE + BLUE,01tVT00000Azy7xYAB
,WHITE + BLUE,01tVT00000AzyBBYAZ
WOOD + GRAY,WOOD + GRAY,01tVT00000AzyuLYAR
,WOOD + GRAY,01tVT00000AzyvxYAB
,WOOD + GRAY,01tVT00000AzznBYAR
WOOD + GRAY,WOOD + GRAY,01tVT00000B0005YAB
,WOOD + GRAY,01tVT00000B001hYAB
WOOD,WOOD,01tVT00000B00MfYAJ
,WOOD,01tVT00000B00PtYAJ
WOOD,WOOD,01tVT00000B01H8YAJ
,WOOD,01tVT00000B02xyYAB
WOOD,WOOD,01tVT00000B031CYAR
WOOD,WOOD,01tVT00000B03FiYAJ
WOOD+WHITE,WOOD+WHITE,01tVT00000B03kLYAR
,WOOD+WHITE,01tVT00000B040TYAR
,WOOD,01tVT00000B04GbYAJ
WOOD+WHITE,WOOD+WHITE,01tVT00000B04IDYAZ
,WOOD+WHITE,01tVT00000B04N3YAJ
GREY,GREY,01tVT00000B04YLYAZ
,GREY,01tVT00000B04ZxYAJ
,WOOD,01tVT00000B04baYAB
WOOD,WOOD,01tVT00000B04enYAB
,WOOD,01tVT00000B04gPYAR
,WOOD,01tVT00000B05e5YAB
WOOD,WOOD,01tVT00000B05m9YAB
WOOD,WOOD,01tVT00000B05sbYAB
,WOOD,01tVT00000B05uDYAR
WOOD + WHITE,WOOD + WHITE,01tVT00000B06IPYAZ
,WOOD + WHITE,01tVT00000B06K1YAJ
,WOOD,01tVT00000B0jLPYAZ
WOOD,WOOD,01tVT00000B0jlBYAR
,WOOD,01tVT00000B0jq1YAB
WOOD,WOOD,01tVT00000B0kCbYAJ
,WOOD,01tVT00000B0kFpYAJ
WOOD,WOOD,01tVT00000B0kMHYAZ
,BROWN,01tVT00000B0ke2YAB
,BLACK,01tVT00000B0kffYAB
WOOD,WOOD,01tVT00000B0kkTYAR
,WOOD,01tVT00000B0km5YAB
,WOOD,01tVT00000B0kxOYAR
WOOD,WOOD,01tVT00000B0lS1YAJ
,WOOD,01tVT00000B0lTdYAJ
WOOD,WOOD,01tVT00000B0lgXYAR
BLACK,BLACK,01tVT00000B0mCnYAJ
BLACK,BLACK,01tVT00000B0mHdYAJ
,BLACK,01tVT00000B0mMTYAZ
BLACK,BLACK,01tVT00000B0mW9YAJ
,BLACK,01tVT00000B0mZNYAZ
BLACK,BLACK,01tVT00000B0mfpYAB
,BLACK,01tVT00000B0mhRYAR
BLACK,BLACK,01tVT00000B0mr7YAB
,BLACK,01tVT00000B0msjYAB
BLACK,BLACK,01tVT00000B0n0nYAB
,BLACK,01tVT00000B0n2PYAR
GREY,GREY,01tVT00000B0o6XYAR
,GREY,01tVT00000B0o89YAB
CREAM,CREAM,01tVT00000B0oGEYAZ
LIGHT GREY,LIGHT GREY,01tVT00000B0oXxYAJ
,LIGHT GREY,01tVT00000B0oZZYAZ
BROWN,BROWN,01tVT00000B0ow9YAB
BLACK,BLACK,01tVT00000B0p7RYAR
,BLACK,01tVT00000B0pAfYAJ
,CREAM,01tVT00000B0pIjYAJ
LIGHT BROWN,LIGHT BROWN,01tVT00000B0pU1YAJ
,LIGHT BROWN,01tVT00000B0pVdYAJ
GREY,GREY,01tVT00000B0pdhYAB
,GREY,01tVT00000B0piXYAR
CREAM,CREAM,01tVT00000B0ptpYAB
,CREAM,01tVT00000B0pyfYAB
,DARK BLUE,01tVT00000B0thKYAR
BROWN,BROWN,01tVT00000B0uByYAJ
WHITE,WHITE,01tVT00000B0vSzYAJ
,WHITE,01tVT00000B0vUbYAJ
WHITE,WHITE,01tVT00000B0vcfYAB
,WHITE,01tVT00000B0veHYAR
BROWN,BROWN,01tVT00000B0vw1YAB
,BROWN,01tVT00000B0vxdYAB
,BROWN,01tVT00000B0wKDYAZ
DARK BLUE,DARK BLUE,01tVT00000B0wbxYAB
DARK GREY,DARK GREY,01tVT00000B0xo9YAB
,DARK GREY,01tVT00000B0xplYAB
DARK GREY,DARK GREY,01tVT00000B0xzRYAR
,DARK GREY,01tVT00000B0y13YAB
BLANCO,BLANCO,01tVT00000B2iWTYAZ
,BLANCO,01tVT00000B2iWUYAZ
BLACK,BLACK,01tVT00000B4rIjYAJ
,BLACK,01tVT00000B4rKLYAZ
BLACK,BLACK,01tVT00000B4rSPYAZ
,BLACK,01tVT00000B4rXFYAZ
BLACK,BLACK,01tVT00000B4rfJYAR
,BLACK,01tVT00000B4rgvYAB
MARRON,MARRON,01tVT00000B4uF0YAJ
,MARRON,01tVT00000B4uOfYAJ
BLACK,BLACK,01tVT00000B5myXYAR
,BLACK,01tVT00000B5n09YAB
BEIGE O NEGRO,BEIGE O NEGRO,01tVT00000BBLScYAP
,BEIGE O NEGRO,01tVT00000BBMjdYAH
,NEGRO + AMARILLO O ROJO,01tVT00000BBNUQYA5
,NEGRO + AMARILLO O ROJO,01tVT00000BBOqIYAX
NEGRO + AMARILLO O ROJO,NEGRO + AMARILLO O ROJO,01tVT00000BBPO9YAP
NEGRO + AMARILLO O ROJO,NEGRO + AMARILLO O ROJO,01tVT00000BBPeHYAX
,MADERA,01tVT00000BG8RWYA1
,WHITE,01tVT00000BG9VdYAL
,WHITE,01tVT00000BIjMvYAL
WHITE,WHITE,01tVT00000BIjbRYAT
,WHITE,01tVT00000BIjbSYAT
,WHITE,01tVT00000BIjgHYAT
,BLANCO,01tVT00000BIjzdYAD
,WHITE,01tVT00000BO2iIYAT
,NATURAL,01tVT00000BO5JaYAL
BLACK,BLACK,01tVT00000BO8R7YAL
,BLACK,01tVT00000BO8R8YAL
WHITE,WHITE,01tVT00000BO973YAD
BLACK,BLACK,01tVT00000BO9JxYAL
,BLACK,01tVT00000BO9OnYAL
WARM GREY,WARM GREY,01tVT00000BO9TdYAL
,WARM GREY,01tVT00000BO9WrYAL
NATURAL,NATURAL,01tVT00000BO9i9YAD
WARM GREY,WARM GREY,01tVT00000BOWA5YAP
,WARM GREY,01tVT00000BOWA6YAP
,BLANCO,01tVT00000BOWwTYAX
WHITE,WHITE,01tVT00000BOX4XYAX
,WHITE,01tVT00000BOX4YYAX
WHITE,WHITE,01tVT00000BOXJ3YAP
,WHITE,01tVT00000BOXNtYAP
BLACK,BLACK,01tVT00000BS8NmYAL
,BLACK,01tVT00000BS8dpYAD
BLACK,BLACK,01tVT00000BUDhRYAX
,BLACK,01tVT00000BUDhSYAX
,RED/BLUE,01tVT00000BUkiFYAT
RED/BLUE,RED/BLUE,01tVT00000BUqXVYA1
RED/BLUE,RED/BLUE,01tVT00000BUqhBYAT
,RED/BLUE,01tVT00000BUqinYAD
VARIOS,VARIOS,01tVT00000BVVkMYAX
,VARIOS,01tVT00000BVVyrYAH
BLACK,BLACK,01tVT00000BXfqrYAD
,BLACK,01tVT00000BXfsTYAT
BLACK,BLACK,01tVT00000BXriLYAT
,BLACK,01tVT00000BXrjxYAD
BLACK,BLACK,01tVT00000BY9SLYA1
,BLACK,01tVT00000BY9SMYA1
,VARIOS,01tVT00000BYjIwYAL
BROWN,BROWN,01tVT00000BYk25YAD
,BROWN,01tVT00000BYk3hYAD
VARIOS,VARIOS,01tVT00000BYlW1YAL
,VARIOS,01tVT00000BYlarYAD
NEGRO,NEGRO,01tVT00000BYlivYAD
,NEGRO,01tVT00000BYlkXYAT
VARIOS,VARIOS,01tVT00000BYmVJYA1
,VARIOS,01tVT00000BYmWvYAL
VARIOS,VARIOS,01tVT00000BYmn3YAD
,VARIOS,01tVT00000BYmofYAD
VARIOS,VARIOS,01tVT00000BYnRNYA1
,VARIOS,01tVT00000BYnSzYAL
VARIOS,VARIOS,01tVT00000BYneHYAT
WHITE,WHITE,01tVT00000BZg7hYAD
,WHITE,01tVT00000BZgE9YAL
,BLUE,01tVT00000BaM5JYAV
NATURAL,NATURAL,01tVT00000BaN1NYAV
,NATURAL,01tVT00000BaN6DYAV
NEGRO,NEGRO,01tVT00000BaTBeYAN
,BLANCO,01tVT00000BaUFmYAN
VARIOS,VARIOS,01tVT00000BaVIHYA3
,VARIOS,01tVT00000BaVJtYAN
VARIOS,VARIOS,01tVT00000BaVdFYAV
,VARIOS,01tVT00000BaVgTYAV
,NEGRO,01tVT00000BaWXhYAN
BLANCO,BLANCO,01tVT00000BaZCDYA3
NATURAL,NATURAL,01tVT00000BbCiEYAV
NATURAL,NATURAL,01tVT00000BbETtYAN
,NATURAL,01tVT00000BbEVVYA3
GRIS,GRIS,01tVT00000BbEgnYAF
,GRIS,01tVT00000BbEiPYAV
,NATURAL,01tVT00000BbEs5YAF
NATURAL,NATURAL,01tVT00000BbF3NYAV
,NATURAL,01tVT00000BbF8DYAV
WOOD+BLACK,WOOD+BLACK,01tVT00000BeAQXYA3
,WOOD+BLACK,01tVT00000BeAYbYAN
BLACK + GREY,BLACK + GREY,01tVT00000BeAgfYAF
,BLACK + GREY,01tVT00000BeAiHYAV
BLACK,BLACK,01tVT00000BeB9hYAF
,BLACK,01tVT00000BeBCvYAN
WOOD,WOOD,01tVT00000BeBJXYA3
VARIOS,VARIOS,01tVT00000BeBUgYAN
VARIOS,VARIOS,01tVT00000BeBfyYAF
,WOOD,01tVT00000BeBo1YAF
MADERA,MADERA,01tVT00000BeDGLYA3
,MADERA,01tVT00000BeDJZYA3
VARIOS,VARIOS,01tVT00000BeDUrYAN
,VARIOS,01tVT00000BeDZhYAN
,VARIOS,01tVT00000BeDkzYAF
BLANCO,BLANCO,01tVT00000BeEKTYA3
,BLANCO,01tVT00000BeEPJYA3
VARIOS,VARIOS,01tVT00000BeEYzYAN
,VARIOS,01tVT00000BeEcDYAV
VARIOS,VARIOS,01tVT00000BeFI9YAN
,VARIOS,01tVT00000BeFJlYAN
,VARIOS,01tVT00000BeFRpYAN
VARIOS,VARIOS,01tVT00000BeFhxYAF
,VARIOS,01tVT00000BeFmnYAF
VARIOS,VARIOS,01tVT00000BeFrdYAF
,VARIOS,01tVT00000BeFtFYAV
VARIOS,VARIOS,01tVT00000BeFwTYAV
,VARIOS,01tVT00000BeFy5YAF
VARIOS,VARIOS,01tVT00000BeG7lYAF
,VARIOS,01tVT00000BeG9NYAV
VARIOS,VARIOS,01tVT00000BeGe1YAF
,VARIOS,01tVT00000BeGirYAF
VARIOS,VARIOS,01tVT00000BeGsXYAV
,VARIOS,01tVT00000BeGu9YAF
BLACK + BROWN,BLACK + BROWN,01tVT00000BeKbBYAV
,BLACK + BROWN,01tVT00000BeKg1YAF
BLACK + BROWN,BLACK + BROWN,01tVT00000BeKo5YAF
,BLACK + BROWN,01tVT00000BeKsvYAF
BLACK,BLACK,01tVT00000BeL2bYAF
,BLACK,01tVT00000BeL7RYAV
BLACK,BLACK,01tVT00000BeLFVYA3
,BLACK,01tVT00000BeLH7YAN
BLACK,BLACK,01tVT00000BeLQnYAN
,BLACK,01tVT00000BeLU1YAN
WOOD,WOOD,01tVT00000BeMbOYAV
WOOD,WOOD,01tVT00000BeNIvYAN
,WOOD,01tVT00000BeNNlYAN
,WOOD,01tVT00000BeNkLYAV
VARIOS,VARIOS,01tVT00000Bf6CnYAJ
,VARIOS,01tVT00000Bf6EPYAZ
MADERA + BLANCO,MADERA + BLANCO,01tVT00000Bf6ntYAB
,MADERA + BLANCO,01tVT00000Bf6pVYAR
,MADERA + BLANCO,01tVT00000Bf7IYYAZ
MADERA + NARANJA,MADERA + NARANJA,01tVT00000Bf7LlYAJ
,MADERA + NARANJA,01tVT00000Bf7NNYAZ
BLACK or WHITE,BLACK or WHITE,01tVT00000Bf7VRYAZ
,BLACK or WHITE,01tVT00000Bf7gjYAB
MADERA + BLANCO,MADERA + BLANCO,01tVT00000Bf7qPYAR
VERDE,VERDE,01tVT00000BfA1tYAF
,VERDE,01tVT00000BfA3VYAV
VARIOS,VARIOS,01tVT00000BfA8MYAV
VARIOS,VARIOS,01tVT00000BfCmrYAF
,VARIOS,01tVT00000BfCq5YAF
VARIOS,VARIOS,01tVT00000BfD6DYAV
,VARIOS,01tVT00000BfD7pYAF
NEGRO,NEGRO,01tVT00000BfDUPYA3
,NEGRO,01tVT00000BfDXdYAN
VARIOS,VARIOS,01tVT00000BfDvpYAF
,VARIOS,01tVT00000BfDxRYAV
NEGRO,NEGRO,01tVT00000BfE2HYAV
,NEGRO,01tVT00000BfE3tYAF
VARIOS,VARIOS,01tVT00000BfEALYA3
,VARIOS,01tVT00000BfEBxYAN
VARIOS,VARIOS,01tVT00000BfEQTYA3
,VARIOS,01tVT00000BfEThYAN
VERDE,VERDE,01tVT00000BfEqHYAV
,VERDE,01tVT00000BfErtYAF
,VARIOS,01tVT00000BfFHhYAN
NEGRO,NEGRO,01tVT00000BfHTBYA3
,NEGRO,01tVT00000BfHUnYAN
NEGRO,NEGRO,01tVT00000BfI4HYAV
,NEGRO,01tVT00000BfI5tYAF
VARIOS,VARIOS,01tVT00000BfscQYAR
VARIOS,VARIOS,01tVT00000BftzuYAB
VARIOS,VARIOS,01tVT00000BfueEYAR
,VARIOS,01tVT00000BfwJRYAZ
VARIOS,VARIOS,01tVT00000BfwPtYAJ
,VARIOS,01tVT00000BfwRVYAZ
,VARIOS,01tVT00000BfwXxYAJ
,VARIOS,01tVT00000BfwcnYAB
NEGRO,NEGRO,01tVT00000BfxPBYAZ
,NEGRO,01tVT00000BfxU1YAJ
MARRÓN,MARRÓN,01tVT00000BfxqbYAB
,MARRÓN,01tVT00000BfxsDYAR
GRIS,GRIS,01tVT00000Bfz61YAB
,GRIS,01tVT00000Bfz7dYAB
GRIS,GRIS,01tVT00000Bg06vYAB
,GRIS,01tVT00000Bg0A9YAJ
VARIOS,VARIOS,01tVT00000Bg0enYAB
,VARIOS,01tVT00000Bg0gPYAR
VARIOS,VARIOS,01tVT00000Bg2VKYAZ
CREAM+BLACK,CREAM+BLACK,01tVT00000Bg2YYYAZ
,VARIOS,01tVT00000Bg3G5YAJ
,CREAM+BLACK,01tVT00000Bg3w1YAB
CREAM+BLACK,CREAM+BLACK,01tVT00000Bg4DlYAJ
,CREAM+BLACK,01tVT00000Bg4FNYAZ
BROWN,BROWN,01tVT00000Bg509YAB
,BROWN,01tVT00000Bg53NYAR
WHITE+WOOD,WHITE+WOOD,01tVT00000Bg5bFYAR
,WHITE+WOOD,01tVT00000Bg5g5YAB
,BLACK+WOOD,01tVT00000Bg5pmYAB
BLACK+WOOD,BLACK+WOOD,01tVT00000Bg70LYAR
CREAM+WOOD,CREAM+WOOD,01tVT00000Bg7OXYAZ
,CREAM+WOOD,01tVT00000Bg7UzYAJ
GRAY+WOOD,GRAY+WOOD,01tVT00000Bg7mjYAB
,GRAY+WOOD,01tVT00000Bg7rZYAR
BLACK,BLACK,01tVT00000Bg81FYAR
,BLACK,01tVT00000Bg84TYAR
BROWN+WOOD,BROWN+WOOD,01tVT00000Bg8HNYAZ
,BROWN+WOOD,01tVT00000Bg8IzYAJ
CREAM,CREAM,01tVT00000Bg9F3YAJ
,CREAM,01tVT00000Bg9GfYAJ
,CREAM,01tVT00000BgA7uYAF
CREAM,CREAM,01tVT00000BgAELYA3
,CREAM,01tVT00000BgAJBYA3
CREAM,CREAM,01tVT00000BgAUTYA3
CREAM,CREAM,01tVT00000BgAcXYAV
,CREAM,01tVT00000BgAflYAF
GREY,GREY,01tVT00000BgAr3YAF
,GREY,01tVT00000BgAsfYAF
COLOR OPTIONS,COLOR OPTIONS,01tVT00000BgI5RYAV
,COLOR OPTIONS,01tVT00000BgITdYAN
COLOR OPTIONS,COLOR OPTIONS,01tVT00000BgImzYAF
,COLOR OPTIONS,01tVT00000BgIrpYAF
COLOR OPTIONS,COLOR OPTIONS,01tVT00000BgJHdYAN
,COLOR OPTIONS,01tVT00000BgJMTYA3
COLOR OPTIONS,COLOR OPTIONS,01tVT00000Bgsk2YAB
,COLOR OPTIONS,01tVT00000BgtWPYAZ
COLOR OPTIONS,COLOR OPTIONS,01tVT00000BguibYAB
WOOD+DARK GREY,WOOD+DARK GREY,01tVT00000BgulpYAB
,COLOR OPTIONS,01tVT00000BgunRYAR
,WOOD+DARK GREY,01tVT00000Bgup3YAB
COLOR OPTIONS,COLOR OPTIONS,01tVT00000Bgv0LYAR
,COLOR OPTIONS,01tVT00000Bgv5BYAR
BLACK+BROWN,BLACK+BROWN,01tVT00000BgvA1YAJ
,BLACK+BROWN,01tVT00000BgvDFYAZ
WOOD+WHITE,WOOD+WHITE,01tVT00000BgvZpYAJ
,WOOD+WHITE,01tVT00000BgvbRYAR
GREY,GREY,01tVT00000BgvtBYAR
,GREY,01tVT00000BgvunYAB
COLOR OPTIONS,COLOR OPTIONS,01tVT00000Bgwu5YAB
,COLOR OPTIONS,01tVT00000BgwyvYAB
VARIOS,VARIOS,01tVT00000Biy5OYAR
VARIOS,VARIOS,01tVT00000Bj1jBYAR
,VARIOS,01tVT00000Bj1o1YAB
VARIOS,VARIOS,01tVT00000Bj25lYAB
,VARIOS,01tVT00000Bj2AbYAJ
,VARIOS,01tVT00000Bj2nJYAR
WHITE,WHITE,01tVT00000Bj5ekYAB
,WHITE,01tVT00000Bj6xNYAR
WHITE,WHITE,01tVT00000Bj7ILYAZ
,WHITE,01tVT00000Bj7JxYAJ
BROWN,BROWN,01tVT00000Bj7OnYAJ
,BROWN,01tVT00000Bj7TdYAJ
WHITE+BROWN,WHITE+BROWN,01tVT00000Bj7mzYAB
,WHITE+BROWN,01tVT00000Bj7rpYAB
WHITE,WHITE,01tVT00000Bj7ztYAB
,WHITE,01tVT00000Bj837YAB
BLANCO + MADERA,BLANCO + MADERA,01tVT00000BjoITYAZ
,BLANCO + MADERA,01tVT00000BjoLhYAJ
VARIOS,VARIOS,01tVT00000BjrWTYAZ
,VARIOS,01tVT00000BjrY5YAJ
BLANCO + MADERA,BLANCO + MADERA,01tVT00000BjttFYAR
,BLANCO + MADERA,01tVT00000BjtzhYAB
MADERA,MADERA,01tVT00000Bjv5SYAR
,MADERA,01tVT00000BjvNBYAZ
,NEGRO + BLANCO,01tVT00000BjyheYAB
NEGRO + BLANCO,NEGRO + BLANCO,01tVT00000BjzdhYAB
VARIOS,VARIOS,01tVT00000Bjzx3YAB
,VARIOS,01tVT00000BjzyfYAB
MADERA,MADERA,01tVT00000Bk0oHYAR
,MADERA,01tVT00000Bk0t7YAB
MADERA,MADERA,01tVT00000Bk1HJYAZ
,MADERA,01tVT00000Bk1KXYAZ
VARIOS,VARIOS,01tVT00000BkamvYAB
,VARIOS,01tVT00000BkaoXYAR
,SILVER,01tVT00000BkbUUYAZ
SILVER,SILVER,01tVT00000BkbpRYAR
,VARIOS,01tVT00000BkdZWYAZ
,COLOR OPTIONS,01tVT00000BkdssYAB
VARIOS,VARIOS,01tVT00000BkeLtYAJ
COLOR OPTIONS,COLOR OPTIONS,01tVT00000BkeTxYAJ
,COLOR OPTIONS,01tVT00000Bkek5YAB
COLOR OPTIONS,COLOR OPTIONS,01tVT00000BkgAnYAJ
,COLOR OPTIONS,01tVT00000BkgCPYAZ
COLOR OPTIONS,COLOR OPTIONS,01tVT00000BkgdpYAB
,NEGRO,01tVT00000BkiMIYAZ
,COLOR OPTIONS,01tVT00000BkiXaYAJ
NEGRO,NEGRO,01tVT00000Bkim6YAB
MADERA,MADERA,01tVT00000Bkk37YAB
,MADERA,01tVT00000Bkk9ZYAR
NEGRO + MADERA,NEGRO + MADERA,01tVT00000BkkRJYAZ
,NEGRO + MADERA,01tVT00000BkkUXYAZ
NEGRO + MADERA,NEGRO + MADERA,01tVT00000BkkmHYAR
,NEGRO + MADERA,01tVT00000BkkntYAB
BLANCO,BLANCO,01tVT00000Bkkr8YAB
MADERA,MADERA,01tVT00000Bkl8rYAB
NEGRO,NEGRO,01tVT00000BklAUYAZ
,MADERA,01tVT00000BklC5YAJ
,MADERA,01tVT00000BklFKYAZ
NEGRO,NEGRO,01tVT00000BklTpYAJ
,NEGRO,01tVT00000BklVRYAZ
MADERA,MADERA,01tVT00000Bkm1hYAB
COLOR OPTIONS,COLOR OPTIONS,01tVT00000BkmRVYAZ
,COLOR OPTIONS,01tVT00000BkmT7YAJ
,BLANCO,01tVT00000BkmXxYAJ
COLOR OPTIONS,COLOR OPTIONS,01tVT00000BkmphYAB
,COLOR OPTIONS,01tVT00000BkmrJYAR
,NEGRO,01tVT00000BkmxlYAB
COLOR OPTIONS,COLOR OPTIONS,01tVT00000BknAfYAJ
,COLOR OPTIONS,01tVT00000BknDtYAJ
COLOR OPTIONS,COLOR OPTIONS,01tVT00000BknKLYAZ
WHITE,WHITE,01tVT00000BmMcbYAF
,WHITE,01tVT00000BmMhRYAV
,VARIOS,01tVT00000BmOrKYAV
COLOR OPTIONS,COLOR OPTIONS,01tVT00000Boh8HYAR
,COLOR OPTIONS,01tVT00000BohxtYAB
COLOR OPTIONS,COLOR OPTIONS,01tVT00000Boi9BYAR
,COLOR OPTIONS,01tVT00000BoiE1YAJ
COLOR OPTIONS,COLOR OPTIONS,01tVT00000BoiM5YAJ
,COLOR OPTIONS,01tVT00000BoiQvYAJ
COLOR OPTIONS,COLOR OPTIONS,01tVT00000Boj0PYAR
,COLOR OPTIONS,01tVT00000Boj5FYAR
BLACK,BLACK,01tVT00000BpzcbYAB
,BLACK,01tVT00000BpzccYAB
GREEN,GREEN,01tVT00000BpzeDYAR
,GREEN,01tVT00000BpzeEYAR
BLACK,BLACK,01tVT00000BpzmHYAR
,BLACK,01tVT00000BpzmIYAR
BLACK,BLACK,01tVT00000BpzsjYAB
,BLACK,01tVT00000BpzskYAB
,BLACK + WOOD,01tVT00000Br62YYAR
WHITE,WHITE,01tVT00000BrAfdYAF
,WHITE,01tVT00000BrAhFYAV
WHITE,WHITE,01tVT00000BrAsXYAV
VARIOS,VARIOS,01tVT00000BrAu9YAF
,VARIOS,01tVT00000BrAyzYAF
BLACK,BLACK,01tVT00000BrBGjYAN
,BLACK,01tVT00000BrBOnYAN
BLACK,BLACK,01tVT00000BrBTdYAN
,BLACK,01tVT00000BrBVFYA3
BLACK + WOOD,BLACK + WOOD,01tVT00000BrBgXYAV
BLACK + RED,BLACK + RED,01tVT00000BrBtRYAV
,BLACK + RED,01tVT00000BrBv3YAF
BLACK + RED,BLACK + RED,01tVT00000BrC1VYAV
,BLACK + RED,01tVT00000BrC37YAF
NEGRO + BLANCO,NEGRO + BLANCO,01tVT00000BrCSvYAN
,NEGRO + BLANCO,01tVT00000BrCXlYAN
,BROWN,01tVT00000BrCZOYA3
BROWN,BROWN,01tVT00000BrD42YAF
GRIS + NEGRO,GRIS + NEGRO,01tVT00000BrDf7YAF
,GRIS + NEGRO,01tVT00000BrDgjYAF
GRIS,GRIS,01tVT00000BrEZZYA3
,GRIS,01tVT00000BrEbBYAV
VARIOS,VARIOS,01tVT00000BrF0zYAF
,VARIOS,01tVT00000BrF2bYAF
MADERA + BLANCO,MADERA + BLANCO,01tVT00000BrH4PYAV
,MADERA + BLANCO,01tVT00000BrH9FYAV
VARIOS,VARIOS,01tVT00000BrHPNYA3
,VARIOS,01tVT00000BrHUDYA3
BLANCO + MADERA,BLANCO + MADERA,01tVT00000BrHijYAF
,BLANCO + MADERA,01tVT00000BrHnZYAV
BLACK,BLACK,01tVT00000BrI8XYAV
MADERA,MADERA,01tVT00000BrsrzYAB
MADERA,MADERA,01tVT00000BruaSYAR
,NEGRO,01tVT00000BrvoEYAR
BLACK,BLACK,01tVT00000BrwE1YAJ
,MADERA,01tVT00000Brwp8YAB
NEGRO,NEGRO,01tVT00000BrwqjYAB
MADERA,MADERA,01tVT00000BrxzhYAB
,MADERA,01tVT00000Bry4XYAR
MADERA,MADERA,01tVT00000Bry7nYAB
,BLANCO,01tVT00000Bs2D2YAJ
,MADERA,01tVT00000Bs3gwYAB
BLANCO,BLANCO,01tVT00000Bs5E5YAJ
VARIOS,VARIOS,01tVT00000Bs5SbYAJ
,VARIOS,01tVT00000Bs5VpYAJ
,MADERA,01tVT00000Bs5fbYAB
MADERA,MADERA,01tVT00000Bs5kLYAR
,MADERA,01tVT00000Bs6DNYAZ
BLANCO + MADERA,BLANCO + MADERA,01tVT00000Bs6oTYAR
,BLANCO + MADERA,01tVT00000Bs6tJYAR
GRIS + MADERA,GRIS + MADERA,01tVT00000BumDLYAZ
GREY,GREY,01tVT00000BunCcYAJ
,GRIS + MADERA,01tVT00000BunVyYAJ
,VARIOS,01tVT00000BunuBYAR
GRIS + MADERA,GRIS + MADERA,01tVT00000Bunz0YAB
BLANCO + MADERA + NEGRO,BLANCO + MADERA + NEGRO,01tVT00000BuqIXYAZ
,BLANCO + MADERA + NEGRO,01tVT00000BuqK9YAJ
GREY,GREY,01tVT00000Buqs1YAB
,BLANCO + MADERA,01tVT00000BuqteYAB
,GREY,01tVT00000BuqvFYAR
GREY,GREY,01tVT00000Bur3JYAR
,GREY,01tVT00000Bur4vYAB
BLACK,BLACK,01tVT00000Bur89YAB
,BLACK,01tVT00000BurCzYAJ
,GREY,01tVT00000BurL3YAJ
BROWN,BROWN,01tVT00000BurWLYAZ
,GREY,01tVT00000BurWMYAZ
,BROWN,01tVT00000BurZZYAZ
VARIOS,VARIOS,01tVT00000BurbBYAR
,VARIOS,01tVT00000Burg1YAB
BLACK,BLACK,01tVT00000BurrJYAR
,BLACK,01tVT00000BursvYAB
VARIOS,VARIOS,01tVT00000Bus0zYAB
MADERA,MADERA,01tVT00000BusQnYAJ
,MADERA,01tVT00000BusU1YAJ
,GREY,01tVT00000ButTNYAZ
BLANCO + MADERA,BLANCO + MADERA,01tVT00000BuuUDYAZ
MADERA,MADERA,01tVT00000Buuh7YAB
,GRIS + MADERA,01tVT00000BuuilYAB
,MADERA,01tVT00000BuulxYAB
GREY,GREY,01tVT00000Buv5PYAR
,GREY,01tVT00000BuvDNYAZ
GREY,GREY,01tVT00000BuvN3YAJ
GREY,GREY,01tVT00000Buvq5YAB
MADERA + NEGRO,MADERA + NEGRO,01tVT00000Buwm9YAB
,MADERA + NEGRO,01tVT00000BuwnlYAB
MADERA + NEGRO,MADERA + NEGRO,01tVT00000Bux2HYAR
,MADERA + NEGRO,01tVT00000Bux77YAB
,NEGRO,01tVT00000BvZacYAF
MADERA,MADERA,01tVT00000Bvbm5YAB
,MADERA,01tVT00000BvbnhYAB
MADERA,MADERA,01tVT00000Bvc5RYAR
,MADERA,01tVT00000BvcAHYAZ
MADERA,MADERA,01tVT00000BvcS1YAJ
,MADERA,01tVT00000BvcTdYAJ
MADERA,MADERA,01tVT00000Bvci9YAB
,MADERA,01tVT00000BvclNYAR
,WOOD,01tVT00000BvclOYAR
AZUL,AZUL,01tVT00000BvdG1YAJ
,AZUL,01tVT00000BvdHdYAJ
NATURAL,NATURAL,01tVT00000BvdpVYAR
,NATURAL,01tVT00000Bvdr7YAB
AZUL,AZUL,01tVT00000BveFJYAZ
,AZUL,01tVT00000BveGvYAJ
NATURAL,NATURAL,01tVT00000BvedVYAR
,NATURAL,01tVT00000Bvef7YAB
AZUL,AZUL,01tVT00000BvfJRYAZ
,AZUL,01tVT00000BvfOHYAZ
BLACK,BLACK,01tVT00000BvhptYAB
,BLACK,01tVT00000BvhrVYAR
BLACK,BLACK,01tVT00000Bvi2nYAB
,BLACK,01tVT00000Bvi4PYAR
BEIGE,BEIGE,01tVT00000BviCTYAZ
,BEIGE,01tVT00000BviE5YAJ
VARIOS,VARIOS,01tVT00000BviFhYAJ
,VARIOS,01tVT00000BviHJYAZ
BEIGE,BEIGE,01tVT00000BviIvYAJ
,BEIGE,01tVT00000BviKXYAZ
WOOD + WHITE,WOOD + WHITE,01tVT00000BviUDYAZ
,WOOD + WHITE,01tVT00000BviVpYAJ
VARIOS,VARIOS,01tVT00000BviafYAB
,VARIOS,01tVT00000BvifVYAR
WOOD,WOOD,01tVT00000BvinZYAR
WOOD,WOOD,01tVT00000BvivdYAB
,WOOD,01tVT00000BviyrYAB
VARIOS,VARIOS,01tVT00000BvjOfYAJ
,VARIOS,01tVT00000BvjRtYAJ
WHITE,WHITE,01tVT00000BvpKPYAZ
,WHITE,01tVT00000BvpQrYAJ
AZUL,AZUL,01tVT00000BvpYvYAJ
,AZUL,01tVT00000BvpdlYAB
VARIOS,VARIOS,01tVT00000Bvq0LYAR
,VARIOS,01tVT00000Bvq1xYAB
VARIOS,VARIOS,01tVT00000BvqhtYAB
WHITE,WHITE,01tVT00000BvqjVYAR
,WHITE,01tVT00000BvqoLYAR
,VARIOS,01tVT00000BvqpxYAB
,WHITE,01tVT00000BvqrZYAR
,WHITE,01tVT00000BvqtBYAR
BEIGE,BEIGE,01tVT00000BwjWHYAZ
,BEIGE,01tVT00000BwjcjYAB
BLACK + RED,BLACK + RED,01tVT00000BwkSLYAZ
,BLACK + RED,01tVT00000BwkTxYAJ
WHITE,WHITE,01tVT00000BwkovYAB
,WHITE,01tVT00000BwkqXYAR
VARIOS,VARIOS,01tVT00000BxLdCYAV
VARIOS,VARIOS,01tVT00000BxOeHYAV
,VARIOS,01tVT00000BxOj7YAF
,VARIOS,01tVT00000BxP0sYAF
NATURAL,NATURAL,01tVT00000BxPGzYAN
,NATURAL,01tVT00000BxPKDYA3
VARIOS,VARIOS,01tVT00000BxPfBYAV
,VARIOS,01tVT00000BxPgnYAF
,WHITE,01tVT00000C1o77YAB
WHITE,WHITE,01tVT00000C1rwDYAR
,WHITE,01tVT00000C1s2fYAB
,WOOD,01tVT00000C5xrnYAB
WOOD,WOOD,01tVT00000C60G9YAJ
COLOR OPTIONS,COLOR OPTIONS,01tVT00000C63VlYAJ
,COLOR OPTIONS,01tVT00000C63ifYAB
WOOD,WOOD,01tVT00000C6r5yYAB
WOOD,WOOD,01tVT00000C6rQwYAJ
WOOD,WOOD,01tVT00000C6tpJYAR
,WOOD,01tVT00000C6uDVYAZ
,WOOD,01tVT00000C6uTdYAJ
WOOD,WOOD,01tVT00000C6ubhYAB
,WOOD,01tVT00000C6ujlYAB
WOOD,WOOD,01tVT00000C6uobYAB
,WOOD,01tVT00000C6utRYAR
,WOOD,01tVT00000C6v6LYAR
,COLOR OPTIONS,01tVT00000C6vHfYAJ
WOOD,WOOD,01tVT00000C6vJFYAZ
,WOOD,01tVT00000C6vKrYAJ
WOOD,WOOD,01tVT00000C6vSvYAJ
,WOOD,01tVT00000C6vUXYAZ
GREY,GREY,01tVT00000C6vhRYAR
,GREY,01tVT00000C6vj3YAB
BLACK,BLACK,01tVT00000C6vntYAB
,BLACK,01tVT00000C6vvxYAB
BLACK,BLACK,01tVT00000C6w5dYAB
,BLACK,01tVT00000C6wATYAZ
WOOD,WOOD,01tVT00000C6wVRYAZ
,WOOD,01tVT00000C6waHYAR
,GREY,01tVT00000C6yvSYAR
COLOR OPTIONS,COLOR OPTIONS,01tVT00000C73a9YAB
GREY,GREY,01tVT00000C74eHYAR
,GREY,01tVT00000C74j7YAB
GREY,GREY,01tVT00000C74snYAB
,GREY,01tVT00000C7545YAB
GREY,GREY,01tVT00000C75C9YAJ
GREY,GREY,01tVT00000C75QfYAJ
COLOR OPTIONS,COLOR OPTIONS,01tVT00000C7nujYAB
,COLOR OPTIONS,01tVT00000C7qe5YAB
WHITE,WHITE,01tVT00000C7qm9YAB
,WHITE,01tVT00000C7qpNYAR
COLOR OPTIONS,COLOR OPTIONS,01tVT00000C7sHiYAJ
COLOR OPTIONS,COLOR OPTIONS,01tVT00000C7vPGYAZ
,COLOR OPTIONS,01tVT00000C7wzdYAB
,BROWN,01tVT00000C7x66YAB
,COLOR OPTIONS,01tVT00000C7xE9YAJ
BROWN,BROWN,01tVT00000C7xNpYAJ
,BROWN,01tVT00000C7xXVYAZ
BROWN,BROWN,01tVT00000C7xajYAB
COLOR OPTIONS,COLOR OPTIONS,01tVT00000C7zxVYAR
,COLOR OPTIONS,01tVT00000C805ZYAR
COLOR OPTIONS,COLOR OPTIONS,01tVT00000C80aDYAR
,COLOR OPTIONS,01tVT00000C80gfYAB
BLACK,BLACK,01tVT00000C8EmrYAF
,BLACK,01tVT00000C8EmsYAF
BLACK,BLACK,01tVT00000C8Z0WYAV
,BLACK,01tVT00000C8ccHYAR
BLACK,BLACK,01tVT00000C8cnZYAR
,BLACK,01tVT00000C8csPYAR
GRIS,GRIS,01tVT00000C8dGbYAJ
,GRIS,01tVT00000C8dIDYAZ
BLACK,BLACK,01tVT00000C8eNxYAJ
,BLACK,01tVT00000C8ee5YAB
BLACK,BLACK,01tVT00000C8em9YAB
,BLACK,01tVT00000C8eqzYAB
COLOR OPTIONS,COLOR OPTIONS,01tVT00000CHYUbYAP
,COLOR OPTIONS,01tVT00000CHYftYAH
COLOR OPTIONS,COLOR OPTIONS,01tVT00000CHYmLYAX
,COLOR OPTIONS,01tVT00000CHYrBYAX
"PINK, WHITE, GREEN","PINK, WHITE, GREEN",01tVT00000CJOR7YAP
,"PINK, WHITE, GREEN",01tVT00000CJOZBYA5
COLOR OPTIONS,COLOR OPTIONS,01tVT00000CJQ4jYAH
,COLOR OPTIONS,01tVT00000CJQCnYAP
COLOR OPTIONS,COLOR OPTIONS,01tVT00000CJQXlYAP
OBSIDIAN BLACK,OBSIDIAN BLACK,01tVT00000CJQcbYAH
,COLOR OPTIONS,01tVT00000CJQeDYAX
COLOR OPTIONS,COLOR OPTIONS,01tVT00000CJR0nYAH
,COLOR OPTIONS,01tVT00000CJR5dYAH
,OBSIDIAN BLACK,01tVT00000CJRATYA5
"LIGHT ICE BLUE, WATER PINK, ARMY GREEN, LILAC BROWN","LIGHT ICE BLUE, WATER PINK, ARMY GREEN, LILAC BROWN",01tVT00000CKqMvYAL
"WHITE, BLACK","WHITE, BLACK",01tVT00000CKswcYAD
"BEIGE, GREEN, GRAY, WHITE","BEIGE, GREEN, GRAY, WHITE",01tVT00000CKt4gYAD
"WHITE, PINK, BLACK","WHITE, PINK, BLACK",01tVT00000CKubpYAD
,"WHITE, PINK, BLACK",01tVT00000CKulVYAT
"WHITE, PINK, BLUE","WHITE, PINK, BLUE",01tVT00000CKv01YAD
,"BEIGE, GREEN, GRAY, WHITE",01tVT00000CKv4sYAD
,"WHITE, PINK, BLUE",01tVT00000CKvJNYA1
,"WHITE, BLACK",01tVT00000CKvcjYAD
"WHITE, PINK BLUE","WHITE, PINK BLUE",01tVT00000CKvuUYAT
"WHITE, GREEN, YELLOW, PURPLE","WHITE, GREEN, YELLOW, PURPLE",01tVT00000CKwAbYAL
,"WHITE, GREEN, YELLOW, PURPLE",01tVT00000CKwFRYA1
"WHITE, PINK, BLUE, PURPLE","WHITE, PINK, BLUE, PURPLE",01tVT00000CKwP7YAL
,"WHITE, PINK, BLUE, PURPLE",01tVT00000CKwXBYA1
"BEIGE, LIGHT BLUE, LIGHT PURPLE, GRAY","BEIGE, LIGHT BLUE, LIGHT PURPLE, GRAY",01tVT00000CKwnJYAT
,"BEIGE, LIGHT BLUE, LIGHT PURPLE, GRAY",01tVT00000CKwwzYAD
,"WHITE, PINK BLUE",01tVT00000CKxD7YAL
"BLACK, WHITE, PINK","BLACK, WHITE, PINK",01tVT00000CKxJZYA1
,"BLACK, WHITE, PINK",01tVT00000CKxOPYA1
"GREY, GREEN, PINK","GREY, GREEN, PINK",01tVT00000CKxZhYAL
,"GREY, GREEN, PINK",01tVT00000CKxeXYAT
,"WHITE, PINK, BLUE",01tVT00000CKyCRYA1
,"WHITE, PINK, BLACK, PURPLE",01tVT00000CKzN0YAL
,BROWN,01tVT00000CKzOcYAL
,"LIGHT ICE BLUE, WATER PINK, ARMY GREEN, LILAC BROWN",01tVT00000CL0vlYAD
BROWN,BROWN,01tVT00000CL1gXYAT
"WHITE, PINK, BLACK, PURPLE","WHITE, PINK, BLACK, PURPLE",01tVT00000CL2RJYA1
"WHITE, PINK, BLUE","WHITE, PINK, BLUE",01tVT00000CL35dYAD
,"IVORY, WHITE, GREY",01tVT00000CL3wsYAD
"IVORY WHITE, OBSIDIAN BLACK, MINT GREEN, WINDSOR TAN, BARBIE PINK, TURQUOISE BLUE","IVORY WHITE, OBSIDIAN BLACK, MINT GREEN, WINDSOR TAN, BARBIE PINK, TURQUOISE BLUE",01tVT00000CL5CHYA1
,"IVORY WHITE, OBSIDIAN BLACK, MINT GREEN, WINDSOR TAN, BARBIE PINK, TURQUOISE BLUE",01tVT00000CL5sDYAT
"IVORY, WHITE, GREY","IVORY, WHITE, GREY",01tVT00000CL657YAD
,WHITE,01tVT00000CN22EYAT
WHITE,WHITE,01tVT00000CN3eDYAT
BLUE,BLUE,01tVT00000CN7LFYA1
,BLUE,01tVT00000CN7Q5YAL
"WHITE, GOLD","WHITE, GOLD",01tVT00000CN8ArYAL
,"WHITE, GOLD",01tVT00000CN8M9YAL
WHITE,WHITE,01tVT00000CN9GbYAL
,WHITE,01tVT00000CN9ZxYAL
,"WHITE, GREY",01tVT00000CN9eoYAD
BEIGE,BEIGE,01tVT00000CN9oTYAT
,BEIGE,01tVT00000CN9y9YAD
"WHITE, GREY","WHITE, GREY",01tVT00000CNAHVYA5
,"WHITE, GREY",01tVT00000CNASnYAP
,BLACK,01tVT00000CNAasYAH
"WHITE, GREY","WHITE, GREY",01tVT00000CNBdNYAX
BLACK,BLACK,01tVT00000CND0rYAH
BLACK,BLACK,01tVT00000CNDGzYAP
,BLACK,01tVT00000CNDYjYAP
,WHITE,01tVT00000CNG1yYAH
WHITE,WHITE,01tVT00000CNGwPYAX
,WHITE,01tVT00000CNH4TYAX
"BLACK, WOODEN","BLACK, WOODEN",01tVT00000CNHNpYAP
,"BLACK, WOODEN",01tVT00000CNHinYAH
WHITE,WHITE,01tVT00000CNI3lYAH
"WHITE, BLACK, SILVER","WHITE, BLACK, SILVER",01tVT00000CNIwbYAH
,"WHITE, BLACK, SILVER",01tVT00000CNJ33YAH
"BLACK, WHITE, SILVER, GOLD","BLACK, WHITE, SILVER, GOLD",01tVT00000CNJPdYAP
,"BLACK, WHITE, SILVER, GOLD",01tVT00000CNJW5YAP
"WHITE, BLACK, SILVER, GOLD, WOODEN","WHITE, BLACK, SILVER, GOLD, WOODEN",01tVT00000CNJkbYAH
,"WHITE, BLACK, SILVER, GOLD, WOODEN",01tVT00000CNJpRYAX
BLUE,BLUE,01tVT00000CNTf7YAH
,BLUE,01tVT00000CNTf8YAH
WHITE,WHITE,01tVT00000CNrRJYA1
,WHITE,01tVT00000CNrZNYA1
"BLACK, WHITE","BLACK, WHITE",01tVT00000CNrzBYAT
,"BLACK, WHITE",01tVT00000CNsIXYA1
WHITE,WHITE,01tVT00000CNtGEYA1
WHITE,WHITE,01tVT00000CNtRWYA1
BLACK,BLACK,01tVT00000CNuPBYA1
,BLACK,01tVT00000CNuSQYA1
,BLACK,01tVT00000CNuU1YAL
,WHITE,01tVT00000CNuXFYA1
BLACK,BLACK,01tVT00000CNw1BYAT
,BLACK,01tVT00000CNw9FYAT
,WHITE,01tVT00000CNwikYAD
WHITE,WHITE,01tVT00000CNxDNYA1
WHITE,WHITE,01tVT00000CNxIDYA1
,WHITE,01tVT00000CNxN3YAL
BLACK,BLACK,01tVT00000CNxYMYA1
WHITE,WHITE,01tVT00000CNxenYAD
,WHITE,01tVT00000CNxjdYAD
BLACK,BLACK,01tVT00000CNxq5YAD
,BLACK,01tVT00000CNxtJYAT
,BLACK,01tVT00000CNy9RYAT
WHITE,WHITE,01tVT00000CNyCgYAL
,WHITE,01tVT00000CNyKjYAL
WHITE,WHITE,01tVT00000CNyW1YAL
,WHITE,01tVT00000CNyZFYA1
WHITE,WHITE,01tVT00000CNyZGYA1
,WHITE,01tVT00000CNye5YAD
WHITE,WHITE,01tVT00000CNyfhYAD
,WHITE,01tVT00000CNyivYAD
WHITE,WHITE,01tVT00000CNynlYAD
,WHITE,01tVT00000CNyxRYAT
BLACK,BLACK,01tVT00000CNz2HYAT
,WHITE,01tVT00000CNzByYAL
,WHITE,01tVT00000CO0JJYA1
WHITE,WHITE,01tVT00000CO1FNYA1
,WHITE,01tVT00000CO1SHYA1
,"BLACK, WHITE",01tVT00000CO1X8YAL
WHITE,WHITE,01tVT00000CO1iPYAT
,WHITE,01tVT00000CO1s5YAD
WHITE,WHITE,01tVT00000CO29pYAD
,WHITE,01tVT00000CO2HtYAL
WHITE,WHITE,01tVT00000CO2MjYAL
GREY,GREY,01tVT00000CO3QrYAL
,GREY,01tVT00000CO3VhYAL
GREY,GREY,01tVT00000CO3gzYAD
,GREY,01tVT00000CO3ibYAD
WHITE,WHITE,01tVT00000CO4ErYAL
,WHITE,01tVT00000CO4OXYA1
NATURE COLOR,NATURE COLOR,01tVT00000CO4WcYAL
"WHITE, GREY","WHITE, GREY",01tVT00000CO4rZYAT
,"WHITE, GREY",01tVT00000CO4zdYAD
WHITE,WHITE,01tVT00000CO5IzYAL
BLACK,BLACK,01tVT00000CO5hBYAT
WHITE,WHITE,01tVT00000CO6erYAD
,WHITE,01tVT00000CO6i5YAD
"BLACK, WHITE","BLACK, WHITE",01tVT00000CO901YAD
,NATURE COLOR,01tVT00000CO9RRYA1
BLACK,BLACK,01tVT00000COhphYAD
,BLACK,01tVT00000COiIjYAL
,WHITE,01tVT00000CP0IrYAL
,BLACK,01tVT00000CP0NhYAL
WHITE,WHITE,01tVT00000CPuuXYAT
,WHITE,01tVT00000CPv0zYAD
BROWN + BLACK,BROWN + BLACK,01tVT00000CQWGfYAP
,BROWN + BLACK,01tVT00000CQWJuYAP
BROWN + BLACK,BROWN + BLACK,01tVT00000CQWlJYAX
,BROWN + BLACK,01tVT00000CQWq9YAH
WHITE,WHITE,01tVT00000CQXSrYAP
,WHITE,01tVT00000CQXizYAH
WHITE,WHITE,01tVT00000CQXpRYAX
,WHITE,01tVT00000CQXuHYAX
BROWN + BLACK,BROWN + BLACK,01tVT00000CQY5ZYAX
,BROWN + BLACK,01tVT00000CQYAPYA5
BROWN + BLACK,BROWN + BLACK,01tVT00000CQYLhYAP
,BROWN + BLACK,01tVT00000CQYS9YAP
"GRAY SILVER, GRAY BLUE","GRAY SILVER, GRAY BLUE",01tVT00000CQYTlYAP
,"GRAY SILVER, GRAY BLUE",01tVT00000CQYdRYAX
BROWN + BLACK,BROWN + BLACK,01tVT00000CQYf3YAH
,BROWN + BLACK,01tVT00000CQYjtYAH
BROWN + BLACK,BROWN + BLACK,01tVT00000CQZ85YAH
,BROWN + BLACK,01tVT00000CQZBJYA5
GREY + BLACK,GREY + BLACK,01tVT00000CQZHlYAP
,GREY + BLACK,01tVT00000CQZMbYAP
WHITE + BLACK,WHITE + BLACK,01tVT00000CQZXtYAP
,WHITE + BLACK,01tVT00000CQZZVYA5
WHITE,WHITE,01tVT00000CQZknYAH
GOLDEN,GOLDEN,01tVT00000CQZmPYAX
,WHITE,01tVT00000CQZrFYAX
,GOLDEN,01tVT00000CQZsrYAH
WHITE,WHITE,01tVT00000CQa2XYAT
,WHITE,01tVT00000CQa7NYAT
WHITE,WHITE,01tVT00000CQaFRYA1
,WHITE,01tVT00000CQaH3YAL
BROWN,BROWN,01tVT00000CQaybYAD
,BROWN,01tVT00000CQb8HYAT
WOODEN,WOODEN,01tVT00000CQbD7YAL
,WOODEN,01tVT00000CQdV3YAL
WOODEN,WOODEN,01tVT00000CQdlBYAT
WHITE,WHITE,01tVT00000CQdq1YAD
,WOODEN,01tVT00000CQdurYAD
,WHITE,01tVT00000CQdwTYAT
BROWN,BROWN,01tVT00000CQfAHYA1
,BROWN,01tVT00000CQfF7YAL
WOODEN,WOODEN,01tVT00000CQfGjYAL
,WOODEN,01tVT00000CQfLZYA1
BROWN,BROWN,01tVT00000CQgkfYAD
,BROWN,01tVT00000CQhIXYA1
BLACK,BLACK,01tVT00000CSqhVYAT
,BLACK,01tVT00000CSqmLYAT
BLACK,BLACK,01tVT00000CSr7JYAT
,BLACK,01tVT00000CSrFNYA1
BLACK,BLACK,01tVT00000CSrTtYAL
,BLACK,01tVT00000CSrfBYAT
,WHITE + BLACK,01tVT00000CSxXiYAL
,BLACK or WHITE,01tVT00000CSxnpYAD
,WHITE,01tVT00000CSxr3YAD
COLOR OPTIONS,COLOR OPTIONS,01tVT00000CUadRYAT
,COLOR OPTIONS,01tVT00000CUf0PYAT
BROWN+BLACK,BROWN+BLACK,01tVT00000CUoOfYAL
,BROWN+BLACK,01tVT00000CUoOgYAL
BROWN,BROWN,01tVT00000CUoTVYA1
,BROWN,01tVT00000CUoTWYA1
BLACK,BLACK,01tVT00000CYQsPYAX
,BLACK,01tVT00000CYR25YAH
BLUE,BLUE,01tVT00000CYRA9YAP
,BLUE,01tVT00000CYREzYAP
BLACK,BLACK,01tVT00000CYRjdYAH
,BLACK,01tVT00000CYRoTYAX
BROWN,BROWN,01tVT00000CYSEHYA5
,BROWN,01tVT00000CYSHWYA5
GREEN,GREEN,01tVT00000CYSNxYAP
,GREEN,01tVT00000CYSW1YAP
GREY,GREY,01tVT00000CYSarYAH
,GREY,01tVT00000CYSe5YAH
BLUE,BLUE,01tVT00000CYSm9YAH
,BLUE,01tVT00000CYSpNYAX
GREEN,GREEN,01tVT00000CYSxRYAX
,GREEN,01tVT00000CYT3tYAH
GREEN,GREEN,01tVT00000CYTDZYA5
,GREEN,01tVT00000CYTIPYA5
BLACK,BLACK,01tVT00000CYTVJYA5
,BLACK,01tVT00000CYTa9YAH
"BLACK, WHITE","BLACK, WHITE",01tVT00000CYwgzYAD
,"BLACK, WHITE",01tVT00000CYwlpYAD
"BLACK, WHITE","BLACK, WHITE",01tVT00000CYx0LYAT
,"BLACK, WHITE",01tVT00000CYx6nYAD
BLACK,BLACK,01tVT00000CYxOXYA1
,BLACK,01tVT00000CYxTNYA1
,BLACK,01tVT00000CZ7CcYAL
BLACK,BLACK,01tVT00000CZ8evYAD
BLACK,BLACK,01tVT00000CZ9mHYAT
,BLACK,01tVT00000CZ9sjYAD
BROWN,BROWN,01tVT00000CZAwrYAH
,BROWN,01tVT00000CZB05YAH
"GREEN, YELLOW, ORANGE","GREEN, YELLOW, ORANGE",01tVT00000CagufYAB
,"GREEN, YELLOW, ORANGE",01tVT00000Cah17YAB
COLORS OPTION,COLORS OPTION,01tVT00000Cah9CYAR
,COLORS OPTION,01tVT00000CahabYAB
COLORS OPTION,COLORS OPTION,01tVT00000CajJ3YAJ
,COLORS OPTION,01tVT00000CajMHYAZ
,COLORS OPTION,01tVT00000CajNuYAJ
"WHITE, YELLOW, BROWN","WHITE, YELLOW, BROWN",01tVT00000CakBtYAJ
,"WHITE, YELLOW, BROWN",01tVT00000CakLZYAZ
COLORS OPTION,COLORS OPTION,01tVT00000Cakv3YAB
,COLORS OPTION,01tVT00000Cal1VYAR
COLORS OPTION,COLORS OPTION,01tVT00000CamnCYAR
COLORS OPTION,COLORS OPTION,01tVT00000CanRVYAZ
,COLORS OPTION,01tVT00000CanmTYAR
,BLACK,01tVT00000CaoLxYAJ
COLORS OPTION,COLORS OPTION,01tVT00000CapI1YAJ
,COLORS OPTION,01tVT00000CapptYAB
BROWN,BROWN,01tVT00000CaprVYAR
,BROWN,01tVT00000Capt7YAB
COLORS OPTION,COLORS OPTION,01tVT00000CaqNlYAJ
,COLORS OPTION,01tVT00000CaqSbYAJ
NATURAL WOODEN,NATURAL WOODEN,01tVT00000CaqvdYAB
BLACK,BLACK,01tVT00000Car0TYAR
,BLACK,01tVT00000Car25YAB
,NATURAL WOODEN,01tVT00000Catv7YAB
WHITE,WHITE,01tVT00000CatyLYAR
,WHITE,01tVT00000Cau4nYAB
NATURAL WOODEN,NATURAL WOODEN,01tVT00000Cau9dYAB
,NATURAL WOODEN,01tVT00000CauKvYAJ
,NATURAL WOODEN,01tVT00000CbUeYYAV
NATURAL WOODEN,NATURAL WOODEN,01tVT00000CbW8TYAV
,NATURAL WOODEN,01tVT00000CbWGXYA3
NATURAL WOODEN,NATURAL WOODEN,01tVT00000CbWq1YAF
,NATURAL WOODEN,01tVT00000CbX4XYAV
NATURAL WOODEN,NATURAL WOODEN,01tVT00000CbXNtYAN
"NATURAL WOODEN, BLACK, DARK BROWN","NATURAL WOODEN, BLACK, DARK BROWN",01tVT00000CbXpJYAV
,"NATURAL WOODEN, BLACK, DARK BROWN",01tVT00000CbXu9YAF
BLACK & WOODEN,BLACK & WOODEN,01tVT00000CbYjlYAF
,BLACK & WOODEN,01tVT00000CbYobYAF
WOODEN + BLACK,WOODEN + BLACK,01tVT00000CbZ7xYAF
,WOODEN + BLACK,01tVT00000CbZEPYA3
WOODEN + BEIGE,WOODEN + BEIGE,01tVT00000CbZPhYAN
,WOODEN + BEIGE,01tVT00000CbZRJYA3
NATURAL WOODEN,NATURAL WOODEN,01tVT00000CbZmHYAV
,NATURAL WOODEN,01tVT00000CbZr7YAF
WOODEN + BLACK,WOODEN + BLACK,01tVT00000CbaFJYAZ
,WOODEN + BLACK,01tVT00000CbaQbYAJ
NATURAL WOODEN + BROWN,NATURAL WOODEN + BROWN,01tVT00000CbaX4YAJ
,NATURAL WOODEN + BROWN,01tVT00000CbajxYAB
NATURAL WOODEN,NATURAL WOODEN,01tVT00000Cbb05YAB
,NATURAL WOODEN,01tVT00000Cbb4vYAB
COLOR OPTIONS,COLOR OPTIONS,01tVT00000CbbL3YAJ
NATURAL WOODEN,NATURAL WOODEN,01tVT00000CbbL4YAJ
NATURAL WOODEN,NATURAL WOODEN,01tVT00000CbbMfYAJ
,NATURAL WOODEN,01tVT00000CbbUjYAJ
,COLOR OPTIONS,01tVT00000CbbZZYAZ
NATURAL WOODEN + BLACK,NATURAL WOODEN + BLACK,01tVT00000CbcVdYAJ
,NATURAL WOODEN + BLACK,01tVT00000CbcdhYAB
NATURAL WOODEN,NATURAL WOODEN,01tVT00000CbcyfYAB
COLOR OPTIONS,COLOR OPTIONS,01tVT00000Cbd1tYAB
,NATURAL WOODEN,01tVT00000Cbd57YAB
,COLOR OPTIONS,01tVT00000CbdJdYAJ
WHITE,WHITE,01tVT00000CbdgDYAR
NATURAL WOODEN,NATURAL WOODEN,01tVT00000Cbdl3YAB
NATURAL WOODEN,NATURAL WOODEN,01tVT00000Cbe61YAB
,NATURAL WOODEN,01tVT00000CbeNlYAJ
WHITE,WHITE,01tVT00000CbeSbYAJ
,WHITE,01tVT00000CbeUDYAZ
WHITE,WHITE,01tVT00000CbepCYAR
COLOR OPTIONS,COLOR OPTIONS,01tVT00000Cbf0TYAR
,COLOR OPTIONS,01tVT00000Cbf5JYAR
,NATURAL WOODEN,01tVT00000CbfEzYAJ
WHITE,WHITE,01tVT00000CbfgPYAR
,WHITE,01tVT00000CbfrhYAB
,WHITE,01tVT00000CbgSnYAJ
COLOR OPTIONS,COLOR OPTIONS,01tVT00000CbhyLYAR
,COLOR OPTIONS,01tVT00000CbhzxYAB
,BLACK,01tVT00000Cbi81YAB
BLACK & BROWN,BLACK & BROWN,01tVT00000CbihVYAR
,BLACK & BROWN,01tVT00000CbisnYAB
GREY,GREY,01tVT00000CbjC9YAJ
BLACK,BLACK,01tVT00000CbjbxYAB
,BLACK,01tVT00000CbjgnYAB
BROWN,BROWN,01tVT00000CbkHtYAJ
,BROWN,01tVT00000CbkTBYAZ
BLACK,BLACK,01tVT00000CblFZYAZ
BLACK + WOODEN,BLACK + WOODEN,01tVT00000Cbm5BYAR
,BLACK + WOODEN,01tVT00000CbmA1YAJ
,MARRON,01tVT00000CbmMwYAJ
BLACK,BLACK,01tVT00000CbmgHYAR
,BLACK,01tVT00000CbmrZYAR
BLACK,BLACK,01tVT00000CbnCXYAZ
,BLACK,01tVT00000CbnIzYAJ
GREY + WOODEN,GREY + WOODEN,01tVT00000CbnXVYAZ
,GREY + WOODEN,01tVT00000CbnfZYAR
BROWN,BROWN,01tVT00000Cbnm1YAB
,BROWN,01tVT00000CbnxJYAR
BLACK,BLACK,01tVT00000CboADYAZ
,BLACK,01tVT00000CboGfYAJ
GREY,GREY,01tVT00000CboTZYAZ
,GREY,01tVT00000Cboa1YAB
COLOR OPTIONS,COLOR OPTIONS,01tVT00000CbrpeYAB
,COLOR OPTIONS,01tVT00000CbrxhYAB
,ORANGE,01tVT00000CbsIgYAJ
COLOR OPTIONS,COLOR OPTIONS,01tVT00000CbsP7YAJ
,COLOR OPTIONS,01tVT00000CbsTxYAJ
ORANGE,ORANGE,01tVT00000CbsnJYAR
COLOR OPTIONS,COLOR OPTIONS,01tVT00000CbtcvYAB
,COLOR OPTIONS,01tVT00000CbthlYAB
,COLOR OPTIONS,01tVT00000CbtxuYAB
COLOR OPTIONS,COLOR OPTIONS,01tVT00000CbtzVYAR
,COLOR OPTIONS,01tVT00000Cbu4LYAR
COLOR OPTIONS,COLOR OPTIONS,01tVT00000CbuIrYAJ
COLOR OPTIONS,COLOR OPTIONS,01tVT00000CbvEvYAJ
,COLOR OPTIONS,01tVT00000CbvI9YAJ
COLOR OPTIONS,COLOR OPTIONS,01tVT00000CbvMzYAJ
,COLOR OPTIONS,01tVT00000CbvV3YAJ
,COLOR OPTIONS,01tVT00000CdebOYAR
,COLOR OPTIONS,01tVT00000Cdel4YAB
,BLACK,01tVT00000CdemgYAB
,GREY,01tVT00000CdhSoYAJ
COLOR OPTIONS,COLOR OPTIONS,01tVT00000CdhkXYAR
,COLOR OPTIONS,01tVT00000CdhpNYAR
,GREY+BROWN,01tVT00000CdhpOYAR
BEIGE,BEIGE,01tVT00000CdhxRYAR
,BEIGE,01tVT00000Cdi3tYAB
COLOR OPTIONS,COLOR OPTIONS,01tVT00000Cdi5VYAR
BLACK,BLACK,01tVT00000CdiBxYAJ
,COLOR OPTIONS,01tVT00000CdiDZYAZ
,BLACK,01tVT00000CdiGnYAJ
BROWN,BROWN,01tVT00000CdiezYAB
,BROWN,01tVT00000CdilRYAR
BROWN + WOODEN,BROWN + WOODEN,01tVT00000CditVYAR
,BROWN + WOODEN,01tVT00000CdiyLYAR
,BLACK+WHITE,01tVT00000CdiyMYAR
GREY,GREY,01tVT00000Cdj81YAB
BEIGE,BEIGE,01tVT00000Cdj9dYAB
,GREY,01tVT00000CdjETYAZ
,BEIGE,01tVT00000CdjJJYAZ
GREY+BROWN,GREY+BROWN,01tVT00000CdjcfYAB
BLACK,BLACK,01tVT00000CdjkjYAB
BROWN,BROWN,01tVT00000Cdjw1YAB
,BROWN,01tVT00000Cdk2TYAR
BEIGE,BEIGE,01tVT00000CdkDlYAJ
COLOR OPTIONS,COLOR OPTIONS,01tVT00000CdkLpYAJ
,BEIGE,01tVT00000CdkQfYAJ
BEIGE,BEIGE,01tVT00000CdkbxYAB
,BEIGE,01tVT00000CdkgnYAB
COLOR OPTIONS,COLOR OPTIONS,01tVT00000Cdl09YAB
,COLOR OPTIONS,01tVT00000Cdl1lYAB
COLOR OPTIONS,COLOR OPTIONS,01tVT00000CdlGHYAZ
GREY,GREY,01tVT00000CdlWPYAZ
BLACK+ BROWN,BLACK+ BROWN,01tVT00000Cdlg5YAB
,BLACK+ BROWN,01tVT00000CdlkvYAB
BLACK,BLACK,01tVT00000CdlubYAB
,BLACK,01tVT00000Cdm13YAB
BLACK,BLACK,01tVT00000Cdm7VYAR
,BLACK,01tVT00000CdmDxYAJ
BLACK,BLACK,01tVT00000CdmPFYAZ
,BLACK,01tVT00000CdmU5YAJ
BLACK,BLACK,01tVT00000CdmXJYAZ
GREY + WOODEN,GREY + WOODEN,01tVT00000CdmaYYAR
,BLACK,01tVT00000CdmdlYAB
,GOLD+WHITE,01tVT00000CdmdmYAB
GREEN+ GRAY,GREEN+ GRAY,01tVT00000CdmfNYAR
,GREEN+ GRAY,01tVT00000CdmkDYAR
GREEN,GREEN,01tVT00000CdmsHYAR
,GREEN,01tVT00000Cdmx7YAB
,GREY + WOODEN,01tVT00000Cdn6nYAB
,BROWN,01tVT00000Cdn8QYAR
BLACK+WHITE,BLACK+WHITE,01tVT00000CdnErYAJ
BROWN,BROWN,01tVT00000CdnJhYAJ
BLACK,BLACK,01tVT00000CdnOXYAZ
,BLACK,01tVT00000CdnTNYAZ
BLACK,BLACK,01tVT00000CdnYDYAZ
,BLACK,01tVT00000Cdnd3YAB
GOLD+WHITE,GOLD+WHITE,01tVT00000CdngHYAR
DARK BROWN,DARK BROWN,01tVT00000CdnoLYAR
,DARK BROWN,01tVT00000CdnwPYAR
BLACK+ GRAY,BLACK+ GRAY,01tVT00000Cdo1FYAR
BLACK,BLACK,01tVT00000Cdo65YAB
,BLACK+ GRAY,01tVT00000Cdo7hYAB
,BLACK,01tVT00000CdoCXYAZ
WHITE,WHITE,01tVT00000CdoKbYAJ
,WHITE,01tVT00000CdoMDYAZ
LIGHT BROWN,LIGHT BROWN,01tVT00000CdoSfYAJ
,LIGHT BROWN,01tVT00000CdoXVYAZ
COLOR OPTIONS,COLOR OPTIONS,01tVT00000CdoinYAB
,COLOR OPTIONS,01tVT00000CdokPYAR
NATURAL + BLACK,NATURAL + BLACK,01tVT00000CdpN8YAJ
,COLOR OPTIONS,01tVT00000CdpdGYAR
BROWN + WOODEN,BROWN + WOODEN,01tVT00000CdplKYAR
COLOR OPTIONS,COLOR OPTIONS,01tVT00000CdprmYAB
GREEN/WHITE + WOODEN,GREEN/WHITE + WOODEN,01tVT00000Cdq1RYAR
,GREEN/WHITE + WOODEN,01tVT00000Cdq6HYAR
GREEN,GREEN,01tVT00000CdqHaYAJ
COLOR OPTIONS,COLOR OPTIONS,01tVT00000CdqZJYAZ
,WOODEN,01tVT00000CdqZLYAZ
,GREEN,01tVT00000CdqavYAB
,COLOR OPTIONS,01tVT00000Cdqe9YAB
COLOR OPTIONS,COLOR OPTIONS,01tVT00000CdqmDYAR
COLOR OPTIONS,COLOR OPTIONS,01tVT00000Cdr2LYAR
,COLOR OPTIONS,01tVT00000Cdr3xYAB
,BLACK+ YELLOW,01tVT00000Cdr3zYAB
,BROWN + WOODEN,01tVT00000CdrC1YAJ
COLOR OPTIONS,COLOR OPTIONS,01tVT00000CdrNJYAZ
,COLOR OPTIONS,01tVT00000CdrQXYAZ
WOODEN + BEIGE,WOODEN + BEIGE,01tVT00000CdrTlYAJ
,WOODEN + BEIGE,01tVT00000CdrgfYAB
COLOR OPTIONS,COLOR OPTIONS,01tVT00000Cds01YAB
,COLOR OPTIONS,01tVT00000Cds1dYAB
COLOR OPTIONS,COLOR OPTIONS,01tVT00000CdsT3YAJ
,COLOR OPTIONS,01tVT00000CdsXtYAJ
BROWN + WOODEN,BROWN + WOODEN,01tVT00000Cdsw5YAB
,BROWN + WOODEN,01tVT00000Cdt0vYAB
COLOR OPTIONS,COLOR OPTIONS,01tVT00000CdtAcYAJ
WOODEN,WOODEN,01tVT00000CdtXBYAZ
,COLOR OPTIONS,01tVT00000Cdts9YAB
COLOR OPTIONS,COLOR OPTIONS,01tVT00000Cdu53YAB
,COLOR OPTIONS,01tVT00000Cdu6fYAB
,COLOR OPTIONS,01tVT00000CduMnYAJ
WHITE,WHITE,01tVT00000CducvYAB
,WHITE,01tVT00000CdueXYAR
BLACK,BLACK,01tVT00000Cdv17YAB
,BLACK,01tVT00000Cdv9BYAR
,NATURAL + BLACK,01tVT00000CdvHFYAZ
BLACK,BLACK,01tVT00000CdvM5YAJ
,BLACK,01tVT00000CdvNhYAJ
BLACK,BLACK,01tVT00000CdvdpYAB
,BLACK,01tVT00000CdvfRYAR
BLACK,BLACK,01tVT00000CdvqjYAB
,BLACK,01tVT00000CdvsLYAR
BLACK+ YELLOW,BLACK+ YELLOW,01tVT00000Cdw5FYAR
,BLACK+ YELLOW,01tVT00000Cdw6rYAB
BLACK,BLACK,01tVT00000CdwLNYAZ
,BLACK,01tVT00000CdwMzYAJ
COLOR OPTIONS,COLOR OPTIONS,01tVT00000CdwV3YAJ
,COLOR OPTIONS,01tVT00000CdwZtYAJ
BLACK,BLACK,01tVT00000CdwejYAB
,BLACK,01tVT00000CdwjZYAR
BLACK,BLACK,01tVT00000CdxanYAB
,BLACK,01tVT00000CdxirYAB
,NATURAL WOODEN,01tVT00000CdybiYAB
COLOR OPTIONS,COLOR OPTIONS,01tVT00000CdzhRYAR
,COLOR OPTIONS,01tVT00000CdzmIYAR
COLOR OPTIONS,COLOR OPTIONS,01tVT00000CdznuYAB
COLOR OPTIONS,COLOR OPTIONS,01tVT00000CdzsjYAB
WOODEN,WOODEN,01tVT00000CdzuLYAR
,WOODEN,01tVT00000CdzuMYAR
COLOR OPTIONS,COLOR OPTIONS,01tVT00000CdzzBYAR
,WOODEN,01tVT00000Ce041YAB
,COLOR OPTIONS,01tVT00000Ce05dYAB
WOODEN,WOODEN,01tVT00000Ce0DhYAJ
,WOODEN,01tVT00000Ce0NNYAZ
,COLOR OPTIONS,01tVT00000Ce0OzYAJ
WOODEN,WOODEN,01tVT00000Ce0dVYAR
COLOR OPTIONS,COLOR OPTIONS,01tVT00000Ce0jxYAB
,COLOR OPTIONS,01tVT00000Ce0lZYAR
COLOR OPTIONS,COLOR OPTIONS,01tVT00000CeD7hYAF
,COLOR OPTIONS,01tVT00000CeDZ7YAN
NATURAL,NATURAL,01tVT00000CebmjYAB
,NATURAL,01tVT00000CebtBYAR
NATURAL,NATURAL,01tVT00000CermfYAB
,NATURAL,01tVT00000CerrVYAR
BLACK FRAME + HONEY BROWN WOOD,BLACK FRAME + HONEY BROWN WOOD,01tVT00000CfVDqYAN
NATURAL + CUSHION WITH COLOR OPTIONS,NATURAL + CUSHION WITH COLOR OPTIONS,01tVT00000CfVH4YAN
NATURAL,NATURAL,01tVT00000CfVx0YAF
NATURAL+ GREEN,NATURAL+ GREEN,01tVT00000CfWwIYAV
BLACK,BLACK,01tVT00000CfXE2YAN
BLACK FRAME + HONEY BROWN WOOD,BLACK FRAME + HONEY BROWN WOOD,01tVT00000CfXnVYAV
,BLACK FRAME + HONEY BROWN WOOD,01tVT00000CfXqjYAF
,BLACK FRAME + HONEY BROWN WOOD,01tVT00000CfY3dYAF
NATURAL + BEIGE,NATURAL + BEIGE,01tVT00000CfY8TYAV
,NATURAL + BEIGE,01tVT00000CfYMzYAN
BLACK FRAME + HONEY BROWN WOOD,BLACK FRAME + HONEY BROWN WOOD,01tVT00000CfYYHYA3
,BLACK FRAME + HONEY BROWN WOOD,01tVT00000CfYd7YAF
,BLACK,01tVT00000CfYtFYAV
BROWN,BROWN,01tVT00000CfZ9NYAV
,BROWN,01tVT00000CfZEDYA3
BLACK,BLACK,01tVT00000CfZJ3YAN
,BLACK,01tVT00000CfZNtYAN
NATURAL + GREEN,NATURAL + GREEN,01tVT00000CfZVxYAN
BLACK,BLACK,01tVT00000CfZanYAF
,BLACK,01tVT00000CfZfdYAF
,NATURAL + GREEN,01tVT00000CfZhFYAV
,NATURAL + CUSHION WITH COLOR OPTIONS,01tVT00000Cfa2DYAR
,NATURAL,01tVT00000CfaGjYAJ
BLACK,BLACK,01tVT00000CfaLZYAZ
,BLACK,01tVT00000CfaNBYAZ
BROWN,BROWN,01tVT00000Cfaa5YAB
BLACK,BLACK,01tVT00000CfabhYAB
,BLACK,01tVT00000CfaevYAB
,BROWN,01tVT00000Cfai9YAB
BROWN,BROWN,01tVT00000CfbXlYAJ
,BROWN,01tVT00000CfbcbYAB
,NATURAL+ GREEN,01tVT00000CfcLlYAJ
MULTIPLE COLORS,MULTIPLE COLORS,01tVT00000CfiarYAB
BLACK,BLACK,01tVT00000CfkPlYAJ
,BLACK,01tVT00000CfkWDYAZ
VARIOS,VARIOS,01tVT00000CgN2vYAF
,VARIOS,01tVT00000CgN7lYAF
VARIOS,VARIOS,01tVT00000CgPRJYA3
,VARIOS,01tVT00000CgPW9YAN
,MULTIPLE COLORS,01tVT00000CgPcbYAF
BLANCO,BLANCO,01tVT00000CgPeDYAV
,BLANCO,01tVT00000CgPfpYAF
COLOR OPTIONS,COLOR OPTIONS,01tVT00000CgRcnYAF
,COLOR OPTIONS,01tVT00000CgRhdYAF
COLOR OPTIONS,COLOR OPTIONS,01tVT00000CgRkrYAF
,COLOR OPTIONS,01tVT00000CgRrJYAV
BEIGE,BEIGE,01tVT00000CgT6jYAF
,BEIGE,01tVT00000CgTDBYA3
COLOR OPTIONS,COLOR OPTIONS,01tVT00000CgTUvYAN
,COLOR OPTIONS,01tVT00000CgTZlYAN
Brown,Brown,01tVT00000CgUNlYAN
,Brown,01tVT00000CgUSbYAN
BLACK,BLACK,01tVT00000CgUafYAF
,BLACK,01tVT00000CgUfVYAV
BLACK,BLACK,01tVT00000CgUlxYAF
,BLACK,01tVT00000CgUpBYAV
BEIGE,BEIGE,01tVT00000CgUu1YAF
COLOR OPTIONS,COLOR OPTIONS,01tVT00000CgUyrYAF
,COLOR OPTIONS,01tVT00000CgV3hYAF
RED,RED,01tVT00000CgV5JYAV
,RED,01tVT00000CgV6vYAF
COLOR OPTIONS,COLOR OPTIONS,01tVT00000CgVN3YAN
,COLOR OPTIONS,01tVT00000CgVTVYA3
BLACK,BLACK,01tVT00000CgVgPYAV
,BLACK,01tVT00000CgVlFYAV
ANTIQUE CREAM,ANTIQUE CREAM,01tVT00000CgVy9YAF
,ANTIQUE CREAM,01tVT00000CgVzlYAF
COLOR OPTIONS,COLOR OPTIONS,01tVT00000Cgao9YAB
,COLOR OPTIONS,01tVT00000CgaxpYAB
COLOR OPTIONS,COLOR OPTIONS,01tVT00000CgbQrYAJ
,COLOR OPTIONS,01tVT00000CgbVhYAJ
NATURAL,NATURAL,01tVT00000CgbXKYAZ
NATURAL,NATURAL,01tVT00000Cgc0LYAR
,NATURAL,01tVT00000CgcErYAJ
,NATURAL,01tVT00000CgctBYAR
,BEIGE + RED,01tVT00000CgdR4YAJ
BLACK + BEIGE,BLACK + BEIGE,01tVT00000Cge0XYAR
BLACK,BLACK,01tVT00000CgeTZYAZ
,BLACK,01tVT00000CgeWnYAJ
WHITE,WHITE,01tVT00000Cgei5YAB
,WHITE,01tVT00000CgelJYAR
BROWN,BROWN,01tVT00000CgetNYAR
,BROWN,01tVT00000CgeuzYAB
BEIGE + RED,BEIGE + RED,01tVT00000Cgf33YAB
COLOR OPTIONS,COLOR OPTIONS,01tVT00000Ch9M8YAJ
BEIGE,BEIGE,01tVT00000Ch9h4YAB
COLOR OPTIONS,COLOR OPTIONS,01tVT00000ChAZvYAN
,BLACK,01tVT00000ChBitYAF
,WHITE,01tVT00000ChBm7YAF
GREY,GREY,01tVT00000ChD7xYAF
,GREY,01tVT00000ChDEPYA3
COLOR OPTIONS,COLOR OPTIONS,01tVT00000ChDUXYA3
,BEIGE,01tVT00000ChDW9YAN
,COLOR OPTIONS,01tVT00000ChDhRYAV
WHITE,WHITE,01tVT00000ChDj3YAF
BLACK,BLACK,01tVT00000ChDpVYAV
,BLACK,01tVT00000ChDuLYAV
GREY,GREY,01tVT00000ChDvxYAF
,GREY,01tVT00000ChDxZYAV
GREY,GREY,01tVT00000ChE5dYAF
,GREY,01tVT00000ChE7FYAV
BLACK,BLACK,01tVT00000ChEATYA3
,BLACK,01tVT00000ChEFJYA3
BLACK,BLACK,01tVT00000ChEK9YAN
COLOR OPTIONS,COLOR OPTIONS,01tVT00000ChEOzYAN
,COLOR OPTIONS,01tVT00000ChEVRYA3
BLACK,BLACK,01tVT00000ChEYfYAN
COLOR OPTIONS,COLOR OPTIONS,01tVT00000ChFL6YAN
BLACK,BLACK,01tVT00000ChH6jYAF
,BLACK,01tVT00000ChKr0YAF
,COLOR OPTIONS,01tVT00000ChLYYYA3
,COLOR OPTIONS,01tVT00000ChMOAYA3
COLOR OPTIONS,COLOR OPTIONS,01tVT00000ChMXrYAN
,COLOR OPTIONS,01tVT00000ChMnyYAF
,BLACK,01tVT00000ChNAZYA3
BLACK,BLACK,01tVT00000ChNKEYA3
COLOR OPTIONS,COLOR OPTIONS,01tVT00000ChNSIYA3
BLACK,BLACK,01tVT00000ChNwxYAF
COLOR OPTIONS,COLOR OPTIONS,01tVT00000ChOTDYA3
,COLOR OPTIONS,01tVT00000ChPCNYA3
,WHITE,01tVT00000ChPdmYAF
COLOR OPTIONS,COLOR OPTIONS,01tVT00000ChQegYAF
,COLOR OPTIONS,01tVT00000ChRHOYA3
BLACK,BLACK,01tVT00000ChRdyYAF
,BLACK,01tVT00000ChSmvYAF
BLACK,BLACK,01tVT00000ChT7tYAF
,BLACK,01tVT00000ChTCjYAN
WHITE,WHITE,01tVT00000ChTO1YAN
,BLACK,01tVT00000ChTUTYA3
BLACK,BLACK,01tVT00000ChTZJYA3
GREY,GREY,01tVT00000ChTavYAF
,GREY,01tVT00000ChTe9YAF
,BLACK,01tVT00000ChTflYAF
BLACK,BLACK,01tVT00000ChTuHYAV
,BLACK,01tVT00000ChTvtYAF
BEIGE,BEIGE,01tVT00000ChTz7YAF
,BEIGE,01tVT00000ChU3xYAF
COLOR OPTIONS,COLOR OPTIONS,01tVT00000ChVsrYAF
,COLOR OPTIONS,01tVT00000CiXr0YAF
COLOR OPTIONS,COLOR OPTIONS,01tVT00000CiY5VYAV
,COLOR OPTIONS,01tVT00000CiY8jYAF
,COLOR OPTIONS,01tVT00000CiYLdYAN
,COLOR OPTIONS,01tVT00000CiYThYAN
COLOR OPTIONS,COLOR OPTIONS,01tVT00000CialdYAB
,COLOR OPTIONS,01tVT00000CiaorYAB
COLOR OPTIONS,COLOR OPTIONS,01tVT00000CiathYAB
,COLOR OPTIONS,01tVT00000Cib1lYAB
COLOR OPTIONS,COLOR OPTIONS,01tVT00000Cib9pYAB
,COLOR OPTIONS,01tVT00000CibBRYAZ
,COLOR OPTIONS,01tVT00000CibL7YAJ
COLOR OPTIONS,COLOR OPTIONS,01tVT00000CibUnYAJ
,COLOR OPTIONS,01tVT00000CibZdYAJ
COLOR OPTIONS,COLOR OPTIONS,01tVT00000CibrNYAR
BLACK,BLACK,01tVT00000Cie7hYAB
,BLACK,01tVT00000CieAvYAJ
COLOR OPTIONS,COLOR OPTIONS,01tVT00000Cig6HYAR
,COLOR OPTIONS,01tVT00000CigB7YAJ
COLOR OPTIONS,COLOR OPTIONS,01tVT00000Cih2MYAR
"PINK, BLUE, WHITE","PINK, BLUE, WHITE",01tVT00000CihjtYAB
,"PINK, BLUE, WHITE",01tVT00000CihojYAB
AZUL,AZUL,01tVT00000CiizJYAR
,AZUL,01tVT00000CiizKYAR
COLOR OPTIONS,COLOR OPTIONS,01tVT00000CijP7YAJ
,COLOR OPTIONS,01tVT00000CijTxYAJ
,COLOR OPTIONS,01tVT00000CikTFYAZ
COLOR OPTIONS,COLOR OPTIONS,01tVT00000CikmbYAB
,COLOR OPTIONS,01tVT00000CikoDYAR
,BLACK,01tVT00000CkVJgYAN
BLACK,BLACK,01tVT00000CkcbGYAR
BLACK,BLACK,01tVT00000Cke0LYAR
,BLACK,01tVT00000Cke1xYAB
BLACK,BLACK,01tVT00000CkeGTYAZ
,BLACK,01tVT00000CkeI5YAJ
BEIGE,BEIGE,01tVT00000Ckfu5YAB
,BEIGE,01tVT00000CkfxJYAR
,CLARO,01tVT00000CkgJtYAJ
,BLACK,01tVT00000CkgmvYAB
,BROWN,01tVT00000Ckj1dYAB
GREY,GREY,01tVT00000CkjEXYAZ
,GREY,01tVT00000CkjfxYAB
COLOR OPTIONS,COLOR OPTIONS,01tVT00000CknjZYAR
,COLOR OPTIONS,01tVT00000CknoPYAR
BLACK+ GRAY,BLACK+ GRAY,01tVT00000CkoxNYAR
,BLACK+ GRAY,01tVT00000Ckp0bYAB
WHITE+ GRAY,WHITE+ GRAY,01tVT00000CkpNBYAZ
,WHITE+ GRAY,01tVT00000CkpS1YAJ
WHITE+ GRAY,WHITE+ GRAY,01tVT00000CkpdJYAR
,WHITE+ GRAY,01tVT00000CkpgXYAR
COLOR OPTIONS,COLOR OPTIONS,01tVT00000CkprqYAB
COLOR OPTIONS,COLOR OPTIONS,01tVT00000CksPuYAJ
COLOR OPTIONS,COLOR OPTIONS,01tVT00000CktsDYAR
,COLOR OPTIONS,01tVT00000CktyfYAB
,COLOR OPTIONS,01tVT00000CkuBZYAZ
LIGHT WOOD + SILVER,LIGHT WOOD + SILVER,01tVT00000CkuDBYAZ
,LIGHT WOOD + SILVER,01tVT00000CkuEnYAJ
,White+Black;White+Grey,01tVT00000CkuMsYAJ
White+Black;White+Grey,White+Black;White+Grey,01tVT00000CkuQ5YAJ
COLOR OPTIONS,COLOR OPTIONS,01tVT00000CkuWXYAZ
,VARIOS,01tVT00000CkuZmYAJ
,COLOR OPTIONS,01tVT00000CkuczYAB
White+Black;White+Grey,White+Black;White+Grey,01tVT00000CkujRYAR
,White+Black;White+Grey,01tVT00000CkumfYAB
Black;Grey,Black;Grey,01tVT00000CkuujYAB
COLOR OPTIONS,COLOR OPTIONS,01tVT00000CkuwLYAR
,Black;Grey,01tVT00000Ckv1BYAR
,COLOR OPTIONS,01tVT00000Ckv61YAB
Black;Grey,Black;Grey,01tVT00000CkvE5YAJ
,VARIOS,01tVT00000CkvHJYAZ
COLOR OPTIONS,COLOR OPTIONS,01tVT00000CkvIvYAJ
,COLOR OPTIONS,01tVT00000CkvKXYAZ
,Black;Grey,01tVT00000CkvPNYAZ
Black;Grey,Black;Grey,01tVT00000CkvZ3YAJ
,Black;Grey,01tVT00000CkvcHYAR
COLOR OPTIONS,COLOR OPTIONS,01tVT00000CkvdtYAB
,COLOR OPTIONS,01tVT00000CkvfVYAR
,COLOR OPTIONS,01tVT00000CkvnZYAR
COLOR OPTIONS,COLOR OPTIONS,01tVT00000ClXBJYA3
,COLOR OPTIONS,01tVT00000ClXG9YAN
COLOR OPTIONS,COLOR OPTIONS,01tVT00000ClXUfYAN
,COLOR OPTIONS,01tVT00000ClXZVYA3
COLOR OPTIONS,COLOR OPTIONS,01tVT00000ClXhZYAV
,COLOR OPTIONS,01tVT00000ClXmPYAV
COLOR OPTIONS,COLOR OPTIONS,01tVT00000ClXsrYAF
,COLOR OPTIONS,01tVT00000ClXxhYAF
COLOR OPTIONS,COLOR OPTIONS,01tVT00000ClY49YAF
,COLOR OPTIONS,01tVT00000ClY8zYAF
BLACK,BLACK,01tVT00000CldevYAB
,BLACK,01tVT00000CldjlYAB
BLACK,BLACK,01tVT00000CldtRYAR
,BLACK,01tVT00000CldyHYAR
BLACK,BLACK,01tVT00000Cle9ZYAR
,BLACK,01tVT00000CleEPYAZ
,BLACK,01tVT00000CleeEYAR
GRANITE GREY,GRANITE GREY,01tVT00000ClentYAB
,GRANITE GREY,01tVT00000ClezBYAR
GRANITE GREY,GRANITE GREY,01tVT00000ClfVRYAZ
,GRANITE GREY,01tVT00000ClfX3YAJ
BLACK,BLACK,01tVT00000ClfjxYAB
,BLACK,01tVT00000ClfonYAB
BLACK,BLACK,01tVT00000Clg05YAB
,BLACK,01tVT00000Clg4vYAB
ANTIQUE BRONZE,ANTIQUE BRONZE,01tVT00000ClgGDYAZ
,ANTIQUE BRONZE,01tVT00000ClgJRYAZ
ANTIQUE BRONZE,ANTIQUE BRONZE,01tVT00000CliujYAB
,ANTIQUE BRONZE,01tVT00000ClizZYAR
BLACK,BLACK,01tVT00000CljIvYAJ
BLACK,BLACK,01tVT00000CljUDYAZ
,BLACK,01tVT00000CljVpYAJ
BLACK,BLACK,01tVT00000ClkA9YAJ
,BLACK,01tVT00000ClkEzYAJ
BLACK,BLACK,01tVT00000ClnMXYAZ
,BLACK,01tVT00000ClnRNYAZ
BLACK,BLACK,01tVT00000ClnWDYAZ
White & Grey,White & Grey,01tVT00000CmVkAYAV
AS PICTURE,AS PICTURE,01tVT00000CmWwMYAV
,White & Grey,01tVT00000CmZcTYAV
Red & White; Black & White,Red & White; Black & White,01tVT00000CmZnlYAF
,Red & White; Black & White,01tVT00000CmZpNYAV
Green & Grey; Black & Grey; White & Grey,Green & Grey; Black & Grey; White & Grey,01tVT00000CmZuDYAV
,Green & Grey; Black & Grey; White & Grey,01tVT00000CmZz3YAF
ESPRESSO,ESPRESSO,01tVT00000CmbUbYAJ
,ESPRESSO,01tVT00000CmbftYAB
BLACK,BLACK,01tVT00000CmcC9YAJ
,BLACK,01tVT00000CmcNRYAZ
BLACK,BLACK,01tVT00000CmcfBYAR
,BLACK,01tVT00000Cmck1YAB
BLACK,BLACK,01tVT00000Cmcs5YAB
,BLACK,01tVT00000CmcvJYAR
BLACK,BLACK,01tVT00000Cmd3NYAR
,BLACK,01tVT00000Cmd4zYAB
BLACK,BLACK,01tVT00000Cmd9pYAB
,BLACK,01tVT00000CmdBRYAZ
BLACK,BLACK,01tVT00000CmdTBYAZ
,BLACK,01tVT00000CmdY1YAJ
BLACK,BLACK,01tVT00000CmdcrYAB
,BLACK,01tVT00000CmdeTYAR
BLACK,BLACK,01tVT00000CmdjJYAR
,BLACK,01tVT00000Cmdo9YAB
BLACK,BLACK,01tVT00000CmdszYAB
,BLACK,01tVT00000CmdubYAB
BLACK,BLACK,01tVT00000CmgAvYAJ
,BLACK,01tVT00000CmgCXYAZ
,AS PICTURE,01tVT00000CmgndYAB
Black+Milky,Black+Milky,01tVT00000Cmh29YAB
,Black+Milky,01tVT00000Cmh3lYAB
,BLACK,01tVT00000CnDoQYAV
ESPRESSO,ESPRESSO,01tVT00000CnGntYAF
,ESPRESSO,01tVT00000CnGsjYAF
Black+Milky,Black+Milky,01tVT00000CnH8rYAF
,Black+Milky,01tVT00000CnHDhYAN
BLACK,BLACK,01tVT00000CnHLlYAN
BLACK,BLACK,01tVT00000CnHX3YAN
,BLACK,01tVT00000CnHaHYAV
AS PICTURE,AS PICTURE,01tVT00000CnHdVYAV
,AS PICTURE,01tVT00000CnHf7YAF
Grey,Grey,01tVT00000CnHonYAF
,Grey,01tVT00000CnHs1YAF
RED+Beige,RED+Beige,01tVT00000CnIBNYA3
,RED+Beige,01tVT00000CnIEbYAN
SILVER,SILVER,01tVT00000CnIJRYA3
,SILVER,01tVT00000CnIMfYAN
BLACK,BLACK,01tVT00000CnIUjYAN
,BLACK,01tVT00000CnIWLYA3
BLACK,BLACK,01tVT00000CnIZZYA3
,BLACK,01tVT00000CnIbBYAV
BLACK,BLACK,01tVT00000CnJ0zYAF
,BLACK,01tVT00000CnJ5pYAF
as picture,as picture,01tVT00000CnJH7YAN
,as picture,01tVT00000CnJKLYA3
BLACK,BLACK,01tVT00000CnJozYAF
,BLACK,01tVT00000CnJsDYAV
SLIVER,SLIVER,01tVT00000CnJx3YAF
,SLIVER,01tVT00000CnK1tYAF
SLIVER,SLIVER,01tVT00000CnK6jYAF
,SLIVER,01tVT00000CnK8LYAV
BROWN,BROWN,01tVT00000CnKDBYA3
,BROWN,01tVT00000CnKEnYAN
BLUE/PINK/ORANGE,BLUE/PINK/ORANGE,01tVT00000CnMy9YAF
,BLUE/PINK/ORANGE,01tVT00000CnN6DYAV
BLACK/WHITE,BLACK/WHITE,01tVT00000CoBPaYAN
BLACK/WHITE,BLACK/WHITE,01tVT00000CoE0rYAF
GREY,GREY,01tVT00000CoE5hYAF
,GREY,01tVT00000CoE8wYAF
,BLACK/WHITE,01tVT00000CoEDlYAN
BLACK/WHITE,BLACK/WHITE,01tVT00000CoEX7YAN
,BLACK/WHITE,01tVT00000CoEbxYAF
BLUE + RED,BLUE + RED,01tVT00000CoF3NYAV
,BLACK/WHITE,01tVT00000CoF4zYAF
,BLUE + RED,01tVT00000CoF9pYAF
BLACK/WHITE,BLACK/WHITE,01tVT00000CoFEfYAN
,BLACK/WHITE,01tVT00000CoFJVYA3
BLUE  RED,BLUE  RED,01tVT00000CoFOLYA3
,BLUE  RED,01tVT00000CoFPxYAN
BLUE + RED,BLUE + RED,01tVT00000CoFY1YAN
,BLUE + RED,01tVT00000CoFZdYAN
BLUE + RED,BLUE + RED,01tVT00000CoFg5YAF
,BLUE + RED,01tVT00000CoFhhYAF
BLUE + RED,BLUE + RED,01tVT00000CoFmXYAV
,BLUE + RED,01tVT00000CoFrNYAV
natural,natural,01tVT00000CqHp4YAF
WHITE,WHITE,01tVT00000CqJneYAF
,BLUE,01tVT00000CqKDSYA3
BLUE,BLUE,01tVT00000CqKbdYAF
BLUE,BLUE,01tVT00000CqKuzYAF
,BLUE,01tVT00000CqKyDYAV
,BLUE,01tVT00000CqKzpYAF
,NATURAL + WHITE,01tVT00000CqKzqYAF
,PINK,01tVT00000CqKzrYAF
BLUE,BLUE,01tVT00000CqL7tYAF
,BLUE,01tVT00000CqL9VYAV
NATURAL + WHITE,NATURAL + WHITE,01tVT00000CqLFyYAN
NATURAL + WHITE,NATURAL + WHITE,01tVT00000CqLHZYA3
,BLUE,01tVT00000CqLJDYA3
,WHITE,01tVT00000CqLO2YAN
,NATURAL + WHITE,01tVT00000CqLPdYAN
WHITE,WHITE,01tVT00000CqLZJYA3
,WHITE,01tVT00000CqLavYAF
WHITE,WHITE,01tVT00000CqLfmYAF
,WHITE,01tVT00000CqLuHYAV
WHITE,WHITE,01tVT00000CqLz7YAF
,WHITE,01tVT00000CqM3xYAF
NATURAL + WHITE,NATURAL + WHITE,01tVT00000CqMDdYAN
NATURAL,NATURAL,01tVT00000CqMDeYAN
,NATURAL + WHITE,01tVT00000CqMFFYA3
,WHITE,01tVT00000CqMLjYAN
NATURAL + WHITE,NATURAL + WHITE,01tVT00000CqMNJYA3
,NATURAL + WHITE,01tVT00000CqMS9YAN
NATURAL,NATURAL,01tVT00000CqMWzYAN
,NATURAL,01tVT00000CqMYbYAN
,natural,01tVT00000CqMdRYAV
NATURAL,NATURAL,01tVT00000CqMf3YAF
,NATURAL,01tVT00000CqMiHYAV
BLUE,BLUE,01tVT00000CqMjtYAF
BLUE,BLUE,01tVT00000CqMrxYAF
PINK,PINK,01tVT00000CqMwnYAF
,PINK,01tVT00000CqMyPYAV
PINK,PINK,01tVT00000CqN1dYAF
"natural, white","natural, white",01tVT00000CqN3FYAV
,PINK,01tVT00000CqN4rYAF
,"natural, white",01tVT00000CqN9hYAF
PINK,PINK,01tVT00000CqNBJYA3
PINK,PINK,01tVT00000CqNJNYA3
,PINK,01tVT00000CqNKzYAN
PINK,PINK,01tVT00000CqNPpYAN
,PINK,01tVT00000CqNT3YAN
PINK,PINK,01tVT00000CqNZVYA3
natural     white,natural     white,01tVT00000CqNb7YAF
,PINK,01tVT00000CqNcjYAF
,natural     white,01tVT00000CqNeLYAV
WHITE,WHITE,01tVT00000CqNo1YAF
natural     white,natural     white,01tVT00000CqNpdYAF
,natural     white,01tVT00000CqNuTYAV
natural,natural,01tVT00000CqO49YAF
,natural,01tVT00000CqO5lYAF
,WHITE,01tVT00000CqQigYAF
,WHITE,01tVT00000CqRtGYAV
,WHITE & GREY,01tVT00000CqRtHYAV
WHITE,WHITE,01tVT00000CqS2wYAF
,WHITE,01tVT00000CqSR9YAN
WHITE,WHITE,01tVT00000CqScQYAV
WHITE,WHITE,01tVT00000CqTjlYAF
,WHITE,01tVT00000CqTobYAF
,WHITE,01tVT00000CqUMTYA3
WHITE,WHITE,01tVT00000CqUcbYAF
WHITE,WHITE,01tVT00000CqV0nYAF
,WHITE,01tVT00000CqV5dYAF
white/natural,white/natural,01tVT00000CqVKAYA3
,WHITE,01tVT00000CqVLlYAN
WHITE,WHITE,01tVT00000CqVX3YAN
natural and white,natural and white,01tVT00000CqVjxYAF
,natural and white,01tVT00000CqVonYAF
,white/natural,01tVT00000CqVwrYAF
WHITE,WHITE,01tVT00000CqW1hYAF
,WHITE,01tVT00000CqW3JYAV
WHITE,WHITE,01tVT00000CqWHpYAN
WHITE + GREY,WHITE + GREY,01tVT00000CqWT7YAN
,WHITE + GREY,01tVT00000CqWWLYA3
WHITE & GREY,WHITE & GREY,01tVT00000CqWkrYAF
,brown & white,01tVT00000CqWkuYAF
,WHITE,01tVT00000CqWphYAF
,WHITE & GREY,01tVT00000CqWrJYAV
WHITE & GREEN,WHITE & GREEN,01tVT00000CqX4DYAV
,WHITE & GREEN,01tVT00000CqX7RYAV
WHITE,WHITE,01tVT00000CqXCHYA3
,WHITE,01tVT00000CqXDtYAN
WHITE,WHITE,01tVT00000CqXk9YAF
WHITE,WHITE,01tVT00000CqXtpYAF
,WHITE,01tVT00000CqXyfYAF
WHITE & WOODEN,WHITE & WOODEN,01tVT00000CqY9xYAF
,WHITE & WOODEN,01tVT00000CqYEnYAN
WHITE,WHITE,01tVT00000CqYMrYAN
WHITE & GREY,WHITE & GREY,01tVT00000CqYQ5YAN
WHITE & WOODEN,WHITE & WOODEN,01tVT00000CqYoHYAV
,WHITE & WOODEN,01tVT00000CqYt7YAF
WHITE,WHITE,01tVT00000CqYujYAF
,WHITE,01tVT00000CqZ1BYAV
,WHITE,01tVT00000CqZ61YAF
WHITE & GREEN,WHITE & GREEN,01tVT00000CqZArYAN
,WHITE & GREEN,01tVT00000CqZCTYA3
brown & white,brown & white,01tVT00000CqZKXYA3
WHITE & WOODEN,WHITE & WOODEN,01tVT00000CqZQzYAN
,WHITE & WOODEN,01tVT00000CqZUDYA3
brown & white,brown & white,01tVT00000CqZafYAF
,brown & white,01tVT00000CqZcHYAV
GREY,GREY,01tVT00000CqZdtYAF
,GREY,01tVT00000CqZijYAF
Grey & WHITE,Grey & WHITE,01tVT00000CqZqnYAF
,Grey & WHITE,01tVT00000CqZsPYAV
grey,grey,01tVT00000Cqa0TYAR
,grey,01tVT00000Cqa5JYAR
WHITE,WHITE,01tVT00000Cqa6vYAB
,WHITE,01tVT00000CqaEzYAJ
WHITE,WHITE,01tVT00000CqarhYAB
,WHITE,01tVT00000Cqay9YAB
white/black /dark wooden/light wooden/customization,white/black /dark wooden/light wooden/customization,01tVT00000CqbNxYAJ
,white/black /dark wooden/light wooden/customization,01tVT00000CqbXdYAJ
CLEAR,CLEAR,01tVT00000Cr8beYAB
,CLEAR,01tVT00000Cr8zrYAB
,white+Pine wood,01tVT00000CrASAYA3
WHITE+BROWN,WHITE+BROWN,01tVT00000CrC5lYAF
,WHITE+BROWN,01tVT00000CrC7NYAV
"Black,White,Gray","Black,White,Gray",01tVT00000CrCDpYAN
,"Black,White,Gray",01tVT00000CrCIfYAN
CLEAR,CLEAR,01tVT00000CrCYnYAN
,CLEAR,01tVT00000CrCddYAF
CLEAR,CLEAR,01tVT00000CrCk5YAF
explosive paint/white/black,explosive paint/white/black,01tVT00000CrCovYAF
,explosive paint/white/black,01tVT00000CrCqXYAV
,CLEAR,01tVT00000CrCwzYAF
CLEAR,CLEAR,01tVT00000CrCybYAF
,CLEAR,01tVT00000CrD0DYAV
,CLEAR,01tVT00000CrD6fYAF
CLEAR,CLEAR,01tVT00000CrD9tYAF
white+Pine wood,white+Pine wood,01tVT00000CrDEjYAN
WHITE,WHITE,01tVT00000CrDJZYA3
,WHITE,01tVT00000CrDLBYA3
yellow,yellow,01tVT00000CrDWUYA3
pink,pink,01tVT00000CrDeXYAV
,pink,01tVT00000CrDg9YAF
Light beige.,Light beige.,01tVT00000CrDmbYAF
,Light beige.,01tVT00000CrDrRYAV
,yellow,01tVT00000CrDzVYAV
beige,beige,01tVT00000CrE5xYAF
,beige,01tVT00000CrE7ZYAV
beige,beige,01tVT00000CrEFdYAN
,beige,01tVT00000CrEHFYA3
,"WHITE, NATURAL COLOR",01tVT00000CrK1iYAF
,BLACK,01tVT00000CrL94YAF
,NATURAL COLOR,01tVT00000CrLAgYAN
BLACK,BLACK,01tVT00000CrLIkYAN
,NATURAL,01tVT00000CrLk9YAF
"WHITE, NATURAL COLOR, BLACK","WHITE, NATURAL COLOR, BLACK",01tVT00000CrN7dYAF
,"WHITE, NATURAL COLOR, BLACK",01tVT00000CrNArYAN
NATURAL COLOR,NATURAL COLOR,01tVT00000CrNCTYA3
,NATURAL COLOR,01tVT00000CrNHJYA3
BLACK + GREY,BLACK + GREY,01tVT00000CrNHKYA3
"WHITE, NATURAL COLOR","WHITE, NATURAL COLOR",01tVT00000CrNNlYAN
NATURAL COLOR,NATURAL COLOR,01tVT00000CrNSbYAN
NATURAL COLOR,NATURAL COLOR,01tVT00000CrNcHYAV
,NATURAL COLOR,01tVT00000CrNdtYAF
NATURAL COLOR,NATURAL COLOR,01tVT00000CrNh7YAF
,NATURAL COLOR,01tVT00000CrNlxYAF
NATURAL COLOR,NATURAL COLOR,01tVT00000CrNpBYAV
,NATURAL COLOR,01tVT00000CrNqnYAF
NATURAL COLOR,NATURAL COLOR,01tVT00000CrNxFYAV
,NATURAL COLOR,01tVT00000CrNyrYAF
BLACK,BLACK,01tVT00000CrO6vYAF
BLACK,BLACK,01tVT00000CrOLRYA3
,BLACK,01tVT00000CrON3YAN
BLACK,BLACK,01tVT00000CrOmrYAF
,BLACK,01tVT00000CrOtJYAV
,BLACK,01tVT00000CrOzlYAF
BEIGE,BEIGE,01tVT00000CrPCfYAN
,BLACK + GREY,01tVT00000CrPEHYA3
,BEIGE,01tVT00000CrPHVYA3
BLACK,BLACK,01tVT00000CrPSnYAN
GREY,GREY,01tVT00000CrPXdYAN
,BLACK,01tVT00000CrPZFYA3
,GREY,01tVT00000CrParYAF
GREY,GREY,01tVT00000CrPpNYAV
,GREY,01tVT00000CrPuDYAV
,WHITE,01tVT00000CylJiYAJ
WHITE,WHITE,01tVT00000CymfZYAR
NATURAL,NATURAL,01tVT00000CyoPdYAJ
NATURAL,NATURAL,01tVT00000CyocXYAR
NATURAL,NATURAL,01tVT00000CyokbYAB
NATURAL,NATURAL,01tVT00000CyqL0YAJ
NATURAL,NATURAL,01tVT00000CyvEDYAZ
,NATURAL,01tVT00000CyvNtYAJ
,WHITE + GRAY,01tVT00000CyvSjYAJ
,MULTICOLOR,01tVT00000CyvULYAZ
NATURAL,NATURAL,01tVT00000CyvZBYAZ
,NATURAL,01tVT00000CyvirYAB
WHITE,WHITE,01tVT00000D08yzYAB
,WHITE,01tVT00000D08z0YAB
NATURAL + WHITE,NATURAL + WHITE,01tVT00000D0973YAB
,NATURAL + WHITE,01tVT00000D0974YAB
MULTICOLOR,MULTICOLOR,01tVT00000D09F7YAJ
,MULTICOLOR,01tVT00000D09F8YAJ
WHITE + GRAY,WHITE + GRAY,01tVT00000D09JxYAJ
,WHITE + GRAY,01tVT00000D09JyYAJ
WHITE,WHITE,01tVT00000D09OnYAJ
,WHITE,01tVT00000D09OoYAJ
,BEIGE,01tVT00000D1uVLYAZ
,NATURAL,01tVT00000D1wDmYAJ
,NATURAL,01tVT00000D1wfBYAR
,NATURAL,01tVT00000D1wgnYAB
,NATURAL,01tVT00000D1xZdYAJ
BEIGE,BEIGE,01tVT00000D1zOXYAZ
WHITE,WHITE,01tVT00000D24EXYAZ
,WHITE,01tVT00000D24JNYAZ
COLOR OPTIONS,COLOR OPTIONS,01tVT00000D2EozYAF
,COLOR OPTIONS,01tVT00000D2Ep0YAF
VARIOS,VARIOS,01tVT00000D2Gu2YAF
,VARIOS,01tVT00000D2Gu3YAF
BLACK,BLACK,01tVT00000D2Hi1YAF
,BLACK,01tVT00000D2Hi2YAF
COLOR OPTIONS,COLOR OPTIONS,01tVT00000D2HlFYAV
,COLOR OPTIONS,01tVT00000D2HlGYAV
GREEN,GREEN,01tVT00000D2Hq5YAF
,GREEN,01tVT00000D2Hq6YAF
"GREEN, YELLOW, ORANGE","GREEN, YELLOW, ORANGE",01tVT00000D2HtJYAV
,"GREEN, YELLOW, ORANGE",01tVT00000D2HtKYAV
VARIOS,VARIOS,01tVT00000D2I4dYAF
,VARIOS,01tVT00000D2I4eYAF
COLOR OPTIONS,COLOR OPTIONS,01tVT00000D2IW1YAN
,COLOR OPTIONS,01tVT00000D2IW2YAN
COLOR OPTIONS,COLOR OPTIONS,01tVT00000D2IarYAF
,COLOR OPTIONS,01tVT00000D2IasYAF
COLOR OPTIONS,COLOR OPTIONS,01tVT00000D2Kw2YAF
,COLOR OPTIONS,01tVT00000D2Kw3YAF
BLACK+ GRAY,BLACK+ GRAY,01tVT00000D2LbxYAF
,BLACK+ GRAY,01tVT00000D2LbyYAF
COLOR OPTIONS,COLOR OPTIONS,01tVT00000D2LdZYAV
,COLOR OPTIONS,01tVT00000D2LdaYAF
NATURAL + GREEN,NATURAL + GREEN,01tVT00000D2LfBYAV
,NATURAL + GREEN,01tVT00000D2LfCYAV
White+Black;White+Grey,White+Black;White+Grey,01tVT00000D2LgnYAF
,White+Black;White+Grey,01tVT00000D2LgoYAF
Black;Grey,Black;Grey,01tVT00000D2LldYAF
,Black;Grey,01tVT00000D2LleYAF
BLACK,BLACK,01tVT00000D2LqTYAV
,BLACK,01tVT00000D2LqUYAV
BLACK,BLACK,01tVT00000D2LthYAF
,BLACK,01tVT00000D2LtiYAF
COLOR OPTIONS,COLOR OPTIONS,01tVT00000D2M1lYAF
,COLOR OPTIONS,01tVT00000D2M1mYAF
COLOR OPTIONS,COLOR OPTIONS,01tVT00000D2M4zYAF
,COLOR OPTIONS,01tVT00000D2M50YAF
BLUE + BLACK,BLUE + BLACK,01tVT00000D2MBRYA3
,BLUE + BLACK,01tVT00000D2MBSYA3
natural,natural,01tVT00000D2YJ3YAN
,natural,01tVT00000D2YJ4YAN
GREY,GREY,01tVT00000D2dXFYAZ
,GREY,01tVT00000D2dYrYAJ
BROWN,BROWN,01tVT00000D2dvRYAR
,BROWN,01tVT00000D2e0HYAR
BROWN,BROWN,01tVT00000D2eGPYAZ
,BROWN,01tVT00000D2eI1YAJ
GREY,GREY,01tVT00000D2ebNYAR
,GREY,01tVT00000D2fZ3YAJ
COLOR OPTIONS,COLOR OPTIONS,01tVT00000D2fqnYAB
,COLOR OPTIONS,01tVT00000D2g5JYAR
GREEN,GREEN,01tVT00000D2gOfYAJ
,GREEN,01tVT00000D2gV7YAJ
GREY,GREY,01tVT00000D2gZxYAJ
,GREY,01tVT00000D2gi1YAB
GREEN,GREEN,01tVT00000D2grhYAB
,GREEN,01tVT00000D2gwXYAR
COLOR OPTIONS,COLOR OPTIONS,01tVT00000D2hB3YAJ
,COLOR OPTIONS,01tVT00000D2hCfYAJ
BEIGE,BEIGE,01tVT00000D2hNxYAJ
,BEIGE,01tVT00000D2hPZYAZ
LIGHT PURPLE,LIGHT PURPLE,01tVT00000D2hcTYAR
,LIGHT PURPLE,01tVT00000D2he5YAB
OAK,OAK,01tVT00000D3XuQYAV
AS PICTURE,AS PICTURE,01tVT00000D3Y2VYAV
,OAK,01tVT00000D3YCAYA3
RUST BROWN,RUST BROWN,01tVT00000D3ZhhYAF
,RUST BROWN,01tVT00000D3ZmXYAV
AS PICTURE,AS PICTURE,01tVT00000D3a2gYAB
LIGHT GREY,LIGHT GREY,01tVT00000D3a4HYAR
,LIGHT GREY,01tVT00000D3a5tYAB
WALNUT,WALNUT,01tVT00000D3aInYAJ
,WALNUT,01tVT00000D3aKPYAZ
WALNUT,WALNUT,01tVT00000D3aU5YAJ
,WALNUT,01tVT00000D3aVhYAJ
WALNUT,WALNUT,01tVT00000D3adlYAB
,WALNUT,01tVT00000D3afNYAR
WALNUT,WALNUT,01tVT00000D3akDYAR
,WALNUT,01tVT00000D3ap3YAB
AS PICTURE,AS PICTURE,01tVT00000D3b0LYAR
,AS PICTURE,01tVT00000D3b5BYAR
,AS PICTURE,01tVT00000D3bDFYAZ
,AS PICTURE,01tVT00000D3bI5YAJ
AS PICTURE,AS PICTURE,01tVT00000D3bMvYAJ
,AS PICTURE,01tVT00000D3bOXYAZ
AS PICTURE,AS PICTURE,01tVT00000D3bZpYAJ
,AS PICTURE,01tVT00000D3bbRYAR
AS PICTURE,AS PICTURE,01tVT00000D3bgHYAR
,AS PICTURE,01tVT00000D3bhtYAB
AS PICTURE,AS PICTURE,01tVT00000D3bl7YAB
,AS PICTURE,01tVT00000D3bpxYAB
AS PICTURE,AS PICTURE,01tVT00000D3bunYAB
,AS PICTURE,01tVT00000D3bwPYAR
WOODEN + WHITE,WOODEN + WHITE,01tVT00000D3bzeYAB
AS PICTURE,AS PICTURE,01tVT00000D3c2rYAB
,AS PICTURE,01tVT00000D3c7hYAB
AS PICTURE,AS PICTURE,01tVT00000D3cIzYAJ
,AS PICTURE,01tVT00000D3cNpYAJ
AS PICTURE,AS PICTURE,01tVT00000D3cSfYAJ
,AS PICTURE,01tVT00000D3cUHYAZ
,Optional,01tVT00000D3cXXYAZ
as picture,as picture,01tVT00000D3cinYAB
,as picture,01tVT00000D3ckPYAR
AS PICTURE,AS PICTURE,01tVT00000D3cpFYAR
,AS PICTURE,01tVT00000D3cu5YAB
Optional,Optional,01tVT00000D3cxKYAR
,Optional,01tVT00000D3d5OYAR
AS PICTURE,AS PICTURE,01tVT00000D3d6zYAB
,AS PICTURE,01tVT00000D3d8bYAB
WOODEN + WHITE,WOODEN + WHITE,01tVT00000D3dJuYAJ
,Optional,01tVT00000D3dVCYAZ
Optional,Optional,01tVT00000D3doYYAR
OPTIONAL,OPTIONAL,01tVT00000D3e9VYAR
,OPTIONAL,01tVT00000D3eB7YAJ
Optional,Optional,01tVT00000D3eCjYAJ
,Optional,01tVT00000D3eHZYAZ
,Optional,01tVT00000D3eKoYAJ
Optional,Optional,01tVT00000D3eO1YAJ
,Optional,01tVT00000D3ePdYAJ
Optional,Optional,01tVT00000D3eUTYAZ
,Optional,01tVT00000D3eZJYAZ
Optional,Optional,01tVT00000D3eflYAB
,Optional,01tVT00000D3eizYAB
Optional,Optional,01tVT00000D3epRYAR
,Optional,01tVT00000D3euIYAR
,Optional,01tVT00000D3exVYAR
Optional,Optional,01tVT00000D3f2LYAR
,Optional,01tVT00000D3f7BYAR
WHITE + WOODEN,WHITE + WOODEN,01tVT00000D3f8nYAB
,WHITE + WOODEN,01tVT00000D3fFFYAZ
Optional,Optional,01tVT00000D3fGrYAJ
Optional,Optional,01tVT00000D3fLhYAJ
,WOODEN + BLACK,01tVT00000D3fOwYAJ
Optional,Optional,01tVT00000D3fS9YAJ
,Optional,01tVT00000D3fVNYAZ
,Optional,01tVT00000D3faDYAR
,WOODEN + WHITE,01tVT00000D3ff3YAB
,Optional,01tVT00000D3fiIYAR
,WOODEN + WHITE,01tVT00000D3fjtYAB
Optional,Optional,01tVT00000D3fqMYAR
Optional,Optional,01tVT00000D3fvBYAR
,Optional,01tVT00000D3fwnYAB
Optional,Optional,01tVT00000D3g01YAB
,Optional,01tVT00000D3g1eYAB
,Optional,01tVT00000D3g4rYAB
Optional,Optional,01tVT00000D3g9hYAB
Optional,Optional,01tVT00000D3gG9YAJ
,Optional,01tVT00000D3gGBYAZ
,Optional,01tVT00000D3gHlYAJ
Optional,Optional,01tVT00000D3gMbYAJ
Optional,Optional,01tVT00000D3gRRYAZ
Optional,Optional,01tVT00000D3gZVYAZ
,Optional,01tVT00000D3gb7YAB
Optional,Optional,01tVT00000D3gfxYAB
,Optional,01tVT00000D3ghZYAR
Optional,Optional,01tVT00000D3gmPYAR
Optional,Optional,01tVT00000D3grFYAR
,Optional,01tVT00000D3gsrYAB
Optional,Optional,01tVT00000D3gxhYAB
,Optional,01tVT00000D3gzJYAR
Optional,Optional,01tVT00000D3h49YAB
Black,Black,01tVT00000D3h7NYAR
,Black,01tVT00000D3hCDYAZ
,Optional,01tVT00000D3hIfYAJ
,Optional,01tVT00000D3hP7YAJ
Optional,Optional,01tVT00000D3hTxYAJ
same as photo,same as photo,01tVT00000D3hYnYAJ
,same as photo,01tVT00000D3hddYAB
same as photo,same as photo,01tVT00000D3i1pYAB
,same as photo,01tVT00000D3i3RYAR
,same as photo,01tVT00000D3jCQYAZ
,same as photo,01tVT00000D3jIsYAJ
same as photo,same as photo,01tVT00000D3kbVYAR
,same as photo,01tVT00000D3kejYAB
same as photo,same as photo,01tVT00000D3kjZYAR
,same as photo,01tVT00000D3klBYAR
same as photo,same as photo,01tVT00000D3ktFYAR
,same as photo,01tVT00000D3kurYAB
same as photo,same as photo,01tVT00000D3kzhYAB
,same as photo,01tVT00000D3l1JYAR
WOODEN + BLACK,WOODEN + BLACK,01tVT00000D3l69YAB
same as photo,same as photo,01tVT00000D3l6AYAR
same as photo,same as photo,01tVT00000D3lFpYAJ
,same as photo,01tVT00000D3lJ3YAJ
same as photo,same as photo,01tVT00000D3lMHYAZ
,same as photo,01tVT00000D3lNtYAJ
same as photo,same as photo,01tVT00000D3lSjYAJ
,same as photo,01tVT00000D3lVxYAJ
same as photo,same as photo,01tVT00000D3lZBYAZ
,same as photo,01tVT00000D3lanYAB
COLOR OPTIONS,COLOR OPTIONS,01tVT00000D3nCnYAJ
,COLOR OPTIONS,01tVT00000D3nRJYAZ
COLOR OPTIONS,COLOR OPTIONS,01tVT00000D3nj3YAB
,COLOR OPTIONS,01tVT00000D3nntYAB
COLOR OPTIONS,COLOR OPTIONS,01tVT00000D3o5dYAB
,COLOR OPTIONS,01tVT00000D3o7FYAR
BLACK,BLACK,01tVT00000D3p3KYAR
,BLACK,01tVT00000D3qaTYAR
WOODEN + BLACK,WOODEN + BLACK,01tVT00000D3qqbYAB
,WOODEN + BLACK,01tVT00000D3qvRYAR
BLACK + WOODEN,BLACK + WOODEN,01tVT00000D3rI1YAJ
,BLACK + WOODEN,01tVT00000D3rQ5YAJ
COLOR OPTIONS,COLOR OPTIONS,01tVT00000D4NxqYAF
COLOR OPTIONS,COLOR OPTIONS,01tVT00000D4RLWYA3
COLOR OPTIONS,COLOR OPTIONS,01tVT00000D4RjiYAF
,WHITE + BROWN,01tVT00000D4S1SYAV
BLACK,BLACK,01tVT00000D4SmDYAV
,BLACK,01tVT00000D4SvtYAF
GREY + WHITE + BLACK,GREY + WHITE + BLACK,01tVT00000D4T3xYAF
,GREY + WHITE + BLACK,01tVT00000D4T8nYAF
WHITE + WOODEN,WHITE + WOODEN,01tVT00000D4TiHYAV
,WHITE + WOODEN,01tVT00000D4Tn7YAF
WHITE + BROWN,WHITE + BROWN,01tVT00000D4U6TYAV
,WHITE + BROWN,01tVT00000D4UBJYA3
WHITE + BROWN,WHITE + BROWN,01tVT00000D4UG9YAN
WOODEN + BLACK,WOODEN + BLACK,01tVT00000D4UUfYAN
,WOODEN + BLACK,01tVT00000D4UfxYAF
WOODEN + BLACK,WOODEN + BLACK,01tVT00000D4UpdYAF
,WOODEN + BLACK,01tVT00000D4UrFYAV
WHITE + BROWN,WHITE + BROWN,01tVT00000D4UxhYAF
,WHITE + BROWN,01tVT00000D4V2XYAV
WOODEN + BLACK,WOODEN + BLACK,01tVT00000D4VCDYA3
,WOODEN + BLACK,01tVT00000D4VDpYAN
BLACK,BLACK,01tVT00000D4VKHYA3
,BLACK,01tVT00000D4VLtYAN
,COLOR OPTIONS,01tVT00000D4VQkYAN
,WOODEN,01tVT00000D4VYoYAN
BLACK + WOODEN,BLACK + WOODEN,01tVT00000D4VgrYAF
,BLACK + WOODEN,01tVT00000D4VlhYAF
WOODEN + BLACK,WOODEN + BLACK,01tVT00000D4VwzYAF
,WOODEN + BLACK,01tVT00000D4W1pYAF
COLOR OPTIONS,COLOR OPTIONS,01tVT00000D4WJZYA3
,COLOR OPTIONS,01tVT00000D4WOPYA3
COLOR OPTIONS,COLOR OPTIONS,01tVT00000D4WTFYA3
,COLOR OPTIONS,01tVT00000D4WeYYAV
,COLOR OPTIONS,01tVT00000D4WrRYAV
COLOR OPTIONS,COLOR OPTIONS,01tVT00000D4X17YAF
,COLOR OPTIONS,01tVT00000D4X7aYAF
,COLOR OPTIONS,01tVT00000D4XAnYAN
WOODEN,WOODEN,01tVT00000D4XQvYAN
,WOODEN,01tVT00000D4XXNYA3
WOODEN,WOODEN,01tVT00000D4Xh3YAF
,WOODEN,01tVT00000D4XifYAF
WOODEN,WOODEN,01tVT00000D4XqjYAF
,WOODEN,01tVT00000D4XvZYAV
BLACK,BLACK,01tVT00000D4YreYAF
,WOODEN,01tVT00000D4ZNuYAN
,WOODEN,01tVT00000D4ZNvYAN
WOODEN,WOODEN,01tVT00000D4ZXaYAN
,WOODEN,01tVT00000D4Zu9YAF
WOODEN,WOODEN,01tVT00000D4a3pYAB
,WOODEN,01tVT00000D4a5RYAR
,CREAM,01tVT00000D4a8fYAB
WOODEN,WOODEN,01tVT00000D4aGjYAJ
,WOODEN,01tVT00000D4aILYAZ
WOODEN,WOODEN,01tVT00000D4aTdYAJ
,WOODEN,01tVT00000D4aYTYAZ
WOODEN,WOODEN,01tVT00000D4aYUYAZ
WOODEN,WOODEN,01tVT00000D4agXYAR
,WOODEN,01tVT00000D4aobYAB
WOODEN,WOODEN,01tVT00000D4atRYAR
,WOODEN,01tVT00000D4awfYAB
,WOODEN,01tVT00000D4cFKYAZ
WOODEN,WOODEN,01tVT00000D4cOzYAJ
,BLACK,01tVT00000D4cbtYAB
WOODEN,WOODEN,01tVT00000D4cs1YAB
,WOODEN,01tVT00000D4cwrYAB
WOODEN + COLOR OPTIONS,WOODEN + COLOR OPTIONS,01tVT00000D4dRVYAZ
,WOODEN + COLOR OPTIONS,01tVT00000D4dUjYAJ
WOODEN,WOODEN,01tVT00000D4dg1YAB
WOODEN,WOODEN,01tVT00000D4dphYAB
BLACK,BLACK,01tVT00000D4gVqYAJ
YELLOW,YELLOW,01tVT00000D4gZ3YAJ
,BLACK,01tVT00000D4gfWYAR
,YELLOW,01tVT00000D4gijYAB
WHITE,WHITE,01tVT00000D4i1NYAR
,WHITE,01tVT00000D4i6DYAR
WOODEN,WOODEN,01tVT00000D4iEHYAZ
,WOODEN,01tVT00000D4iHVYAZ
WHITE,WHITE,01tVT00000D4iPZYAZ
,WHITE,01tVT00000D4iUPYAZ
WHITE,WHITE,01tVT00000D4ie5YAB
,WHITE,01tVT00000D4iivYAB
MINT GREEN,MINT GREEN,01tVT00000D4ipOYAR
WHITE,WHITE,01tVT00000D4iqzYAB
,WHITE,01tVT00000D4isbYAB
WHITE,WHITE,01tVT00000D4j3tYAB
,WHITE,01tVT00000D4j5VYAR
WOODEN,WOODEN,01tVT00000D4jezYAB
,WOODEN,01tVT00000D4jlRYAR
BEIGE,BEIGE,01tVT00000D4krBYAR
,BEIGE,01tVT00000D4ksnYAB
BEIGE,BEIGE,01tVT00000D4l7JYAR
,BEIGE,01tVT00000D4l8vYAB
,MINT GREEN,01tVT00000D4lTtYAJ
GREEN,GREEN,01tVT00000D4lTuYAJ
GREY,GREY,01tVT00000D4lldYAB
,GREY,01tVT00000D4lnFYAR
,GREEN,01tVT00000D4m1lYAB
MUSTARD,MUSTARD,01tVT00000D4mD3YAJ
,MUSTARD,01tVT00000D4mGHYAZ
COFFEE,COFFEE,01tVT00000D4mMjYAJ
,COFFEE,01tVT00000D4mRZYAZ
ORANGE,ORANGE,01tVT00000D4meTYAR
,ORANGE,01tVT00000D4mhhYAB
YELLOW,YELLOW,01tVT00000D4mrNYAR
,YELLOW,01tVT00000D4mszYAB
BLUE,BLUE,01tVT00000D4n2fYAB
,BLUE,01tVT00000D4n4HYAR
BLANCO + MADERA + NEGRO,BLANCO + MADERA + NEGRO,01tVT00000D5DzdYAF
,BLANCO + MADERA + NEGRO,01tVT00000D5DzeYAF
,CARAMEL BROWN,01tVT00000D5H2NYAV
ARMY GREEN,ARMY GREEN,01tVT00000D5KWTYA3
,ARMY GREEN,01tVT00000D5KbJYAV
COLOR OPTIONS,COLOR OPTIONS,01tVT00000D5KoDYAV
,COLOR OPTIONS,01tVT00000D5Kt3YAF
CARAMEL BROWN,CARAMEL BROWN,01tVT00000D5KzVYAV
COLOR OPTIONS,COLOR OPTIONS,01tVT00000D5LPJYA3
BLACK/WHITE,BLACK/WHITE,01tVT00000D5LSXYA3
,BLACK/WHITE,01tVT00000D5LVlYAN
,COLOR OPTIONS,01tVT00000D5Lh3YAF
WOODEN  + BLACK,WOODEN  + BLACK,01tVT00000D5LifYAF
,WOODEN  + BLACK,01tVT00000D5Lp7YAF
WOODEN + BLACK,WOODEN + BLACK,01tVT00000D5LxBYAV
,WOODEN + BLACK,01tVT00000D5M21YAF
WOODEN,WOODEN,01tVT00000D5M8TYAV
,WOODEN,01tVT00000D5MDJYA3
WOODEN,WOODEN,01tVT00000D5MI9YAN
,WOODEN,01tVT00000D5MMzYAN
COLOR OPTIONS,COLOR OPTIONS,01tVT00000D5MObYAN
,COLOR OPTIONS,01tVT00000D5MTRYA3
WOODEN,WOODEN,01tVT00000D5MWfYAN
,WOODEN,01tVT00000D5MYHYA3
COLOR OPTIONS,COLOR OPTIONS,01tVT00000D5Md7YAF
,COLOR OPTIONS,01tVT00000D5MhxYAF
OPTIONAL,OPTIONAL,01tVT00000D5On0YAF
OPTIONAL,OPTIONAL,01tVT00000D5OwfYAF
,OPTIONAL,01tVT00000D5P1VYAV
WOODEN,WOODEN,01tVT00000D5P9ZYAV
,WOODEN,01tVT00000D5PEPYA3
OPTIONAL,OPTIONAL,01tVT00000D5RJSYA3
OPTIONAL,OPTIONAL,01tVT00000D5SgvYAF
,OPTIONAL,01tVT00000D5SozYAF
,OPTIONAL,01tVT00000D5T1tYAF
,OPTIONAL,01tVT00000D5TLFYA3
OPTIONAL,OPTIONAL,01tVT00000D5TWXYA3
,OPTIONAL,01tVT00000D5TY9YAN
COLOR OPTIONS,COLOR OPTIONS,01tVT00000D5XjpYAF
,COLOR OPTIONS,01tVT00000D5XqHYAV
COLOR OPTIONS,COLOR OPTIONS,01tVT00000D5Y1ZYAV
,COLOR OPTIONS,01tVT00000D5Y3BYAV
WHITE,WHITE,01tVT00000D5Yj7YAF
,WHITE,01tVT00000D5YkjYAF
WOODEN,WOODEN,01tVT00000D5ZorYAF
,WOODEN,01tVT00000D5ZqUYAV
,WOODEN,01tVT00000D5ZyXYAV
WOODEN,WOODEN,01tVT00000D5a4zYAB
,WOODEN,01tVT00000D5a9pYAB
WOODEN,WOODEN,01tVT00000D5aEfYAJ
WOODEN,WOODEN,01tVT00000D5aRZYAZ
,WOODEN,01tVT00000D5aWPYAZ
WOODEN,WOODEN,01tVT00000D5abFYAR
,WOODEN,01tVT00000D5ajJYAR
WOODEN + BLACK,WOODEN + BLACK,01tVT00000D5aubYAB
VARIOS,VARIOS,01tVT00000D5awDYAR
,VARIOS,01tVT00000D5b13YAB
,WOODEN + BLACK,01tVT00000D5b2fYAB
WOODEN,WOODEN,01tVT00000D5bAjYAJ
,WOODEN,01tVT00000D5bFZYAZ
GREY + BLACK,GREY + BLACK,01tVT00000D5bU5YAJ
,GREY + BLACK,01tVT00000D5bXJYAZ
GREY + WHITE,GREY + WHITE,01tVT00000D5bkDYAR
,GREY + WHITE,01tVT00000D5bttYAB
GREY + WHITE + BLACK,GREY + WHITE + BLACK,01tVT00000D5c8PYAR
,GREY + WHITE + BLACK,01tVT00000D5cGTYAZ
WHITE,WHITE,01tVT00000D5cOXYAZ
,WHITE,01tVT00000D5cTNYAZ
MADERA,MADERA,01tVT00000D5myzYAB
,MADERA,01tVT00000D5mz0YAB
BLACK,BLACK,01tVT00000D5rPBYAZ
,BLACK,01tVT00000D5rPCYAZ
BROWN+WOOD,BROWN+WOOD,01tVT00000D5rQnYAJ
,BROWN+WOOD,01tVT00000D5rQoYAJ
WOOD,WOOD,01tVT00000D5rVdYAJ
,WOOD,01tVT00000D5rVeYAJ
CREAM,CREAM,01tVT00000D5rXFYAZ
,CREAM,01tVT00000D5rXGYAZ
COLOR OPTIONS,COLOR OPTIONS,01tVT00000D5rYrYAJ
,COLOR OPTIONS,01tVT00000D5rYsYAJ
CREAM,CREAM,01tVT00000D5raTYAR
,CREAM,01tVT00000D5raUYAR
BLACK,BLACK,01tVT00000D99B3YAJ
,BLACK,01tVT00000D99J7YAJ
black,black,01tVT00000D99RBYAZ
,black,01tVT00000D99W1YAJ
WOODEN + BEIGE,WOODEN + BEIGE,01tVT00000D99hJYAR
,WOODEN + BEIGE,01tVT00000D9A5VYAV
GREEN + BLUE + GREY + BLACK,GREEN + BLUE + GREY + BLACK,01tVT00000D9AThYAN
,GREEN + BLUE + GREY + BLACK,01tVT00000D9AYXYA3
BLACK (Y7510),BLACK (Y7510),01tVT00000D9AiEYAV
,BLACK (Y7510),01tVT00000D9BO9YAN
BLACK/WHITE,BLACK/WHITE,01tVT00000D9BftYAF
,BLACK/WHITE,01tVT00000D9BnxYAF
WHITE,WHITE,01tVT00000D9BxdYAF
,WHITE,01tVT00000D9C45YAF
WHITE,WHITE,01tVT00000D9CAXYA3
,WHITE,01tVT00000D9CLpYAN
WHITE,WHITE,01tVT00000D9CVVYA3
,WHITE,01tVT00000D9CaLYAV
WHITE,WHITE,01tVT00000D9CorYAF
,WHITE,01tVT00000D9CqTYAV
WHITE,WHITE,01tVT00000D9CwvYAF
,WHITE,01tVT00000D9D8DYAV
WOODEN,WOODEN,01tVT00000D9FLJYA3
,WOODEN,01tVT00000D9FQ9YAN
WHITE,WHITE,01tVT00000D9FYDYA3
,WHITE,01tVT00000D9FZpYAN
WHITE,WHITE,01tVT00000D9FpyYAF
BLACK,BLACK,01tVT00000D9FrZYAV
,BLACK,01tVT00000D9GHNYA3
WHITE + WOODEN,WHITE + WOODEN,01tVT00000D9GXVYA3
,WHITE + WOODEN,01tVT00000D9GZ7YAN
,WHITE,01tVT00000D9Gm1YAF
WHITE,WHITE,01tVT00000D9GvhYAF
,WHITE,01tVT00000D9H0XYAV
WHITE,WHITE,01tVT00000D9H8bYAF
,WHITE,01tVT00000D9HADYA3
WHITE,WHITE,01tVT00000D9HDRYA3
,WHITE,01tVT00000D9HIHYA3
,COLOR OPTIONS,01tVT00000D9I4fYAF
BLACK,BLACK,01tVT00000D9K6UYAV
WOODEN,WOODEN,01tVT00000D9LAbYAN
,WOODEN,01tVT00000D9LFRYA3
WOODEN,WOODEN,01tVT00000D9LTxYAN
,WOODEN,01tVT00000D9LaPYAV
WOODEN,WOODEN,01tVT00000D9LnJYAV
,WOODEN,01tVT00000D9Ls9YAF
WOODEN,WOODEN,01tVT00000D9M0DYAV
,WOODEN,01tVT00000D9M53YAF
WHITE,WHITE,01tVT00000D9MLBYA3
,WHITE,01tVT00000D9MQ1YAN
BLACK +DOOR YZ6630,BLACK +DOOR YZ6630,01tVT00000D9MbJYAV
,BLACK +DOOR YZ6630,01tVT00000D9MeXYAV
,BLACK,01tVT00000D9NnVYAV
,BLACK,01tVT00000D9NvaYAF
BLACK,BLACK,01tVT00000D9OI9YAN
WOODEN,WOODEN,01tVT00000D9OjZYAV
,WOODEN,01tVT00000D9Oq1YAF
,VARIOS,01tVT00000D9SaHYAV
,COLOR OPTIONS,01tVT00000D9SteYAF
COLOR OPTIONS,COLOR OPTIONS,01tVT00000D9T05YAF
BEIGE,BEIGE,01tVT00000DA2HBYA1
,BEIGE,01tVT00000DA2HCYA1
,COLOR OPTIONS,01tVT00000DA6cYYAT
COLOR OPTIONS,COLOR OPTIONS,01tVT00000DA8BJYA1
COLOR OPTIONS,COLOR OPTIONS,01tVT00000DA9DpYAL
,COLOR OPTIONS,01tVT00000DA9IfYAL
COLOR OPTIONS,COLOR OPTIONS,01tVT00000DA9TxYAL
,COLOR OPTIONS,01tVT00000DA9VZYA1
COLOR OPTIONS,COLOR OPTIONS,01tVT00000DA9fFYAT
,COLOR OPTIONS,01tVT00000DA9grYAD
OPTIONAL,OPTIONAL,01tVT00000DAGIXYA5
,OPTIONAL,01tVT00000DAGLlYAP
OPTIONAL,OPTIONAL,01tVT00000DAGTpYAP
,OPTIONAL,01tVT00000DAGX3YAP
OPTIONAL,OPTIONAL,01tVT00000DAGgjYAH
,OPTIONAL,01tVT00000DAGnBYAX
OPTIONAL,OPTIONAL,01tVT00000DAGyTYAX
,OPTIONAL,01tVT00000DAH3JYAX
OPTIONAL,OPTIONAL,01tVT00000DAHCzYAP
,OPTIONAL,01tVT00000DAHJRYA5
OPTIONAL,OPTIONAL,01tVT00000DAHUjYAP
,OPTIONAL,01tVT00000DAHePYAX
,AS PICTURE,01tVT00000DD2aoYAD
,VARIOS COLORES,01tVT00000DDAeoYAH
COLOR OPTIONS,COLOR OPTIONS,01tVT00000DDEDmYAP
,COLOR OPTIONS,01tVT00000DDEqTYAX
COLOR OPTIONS,COLOR OPTIONS,01tVT00000DDFUnYAP
,COLOR OPTIONS,01tVT00000DDFZdYAP
WHITE,WHITE,01tVT00000DDQLNYA5
,WHITE,01tVT00000DDQbVYAX
NATURAL,NATURAL,01tVT00000DDocDYAT
,COLOR OPTIONS,01tVT00000DDquAYAT
BLACK/PINK/BLUE/WHITE,BLACK/PINK/BLUE/WHITE,01tVT00000DDr5RYAT
,BLACK/PINK/BLUE/WHITE,01tVT00000DDr73YAD
COLOR OPTIONS,COLOR OPTIONS,01tVT00000DDukrYAD
,COLOR OPTIONS,01tVT00000DDvSPYA1
COLOR OPTIONS,COLOR OPTIONS,01tVT00000DDvc5YAD
COLOR OPTIONS,COLOR OPTIONS,01tVT00000DDvllYAD
,COLOR OPTIONS,01tVT00000DDvsDYAT
COLOR OPTIONS,COLOR OPTIONS,01tVT00000DDw9xYAD
,COLOR OPTIONS,01tVT00000DDwDBYA1
COLOR OPTIONS,COLOR OPTIONS,01tVT00000DDwLFYA1
,COLOR OPTIONS,01tVT00000DDwMrYAL
WHITE+BLACK,WHITE+BLACK,01tVT00000DDwukYAD
BLUE+WHITE/WHITE,BLUE+WHITE/WHITE,01tVT00000DDyrhYAD
,BLUE+WHITE/WHITE,01tVT00000DDyy9YAD
WHITE,WHITE,01tVT00000DDz4bYAD
,WHITE,01tVT00000DDzB3YAL
WHITE,WHITE,01tVT00000DDzFtYAL
,WHITE,01tVT00000DDzMLYA1
WHITE,WHITE,01tVT00000DDzqzYAD
,WHITE,01tVT00000DDzuDYAT
WHITE,WHITE,01tVT00000DDzz3YAD
,WHITE,01tVT00000DE03tYAD
,WHITE+BLACK,01tVT00000DE0DZYA1
OPTIONAL,OPTIONAL,01tVT00000DE3csYAD
OPTIONAL,OPTIONAL,01tVT00000DE4kDYAT
,OPTIONAL,01tVT00000DE4lpYAD
,OPTIONAL,01tVT00000DE4x7YAD
OPTIONAL,OPTIONAL,01tVT00000DE5DFYA1
,OPTIONAL,01tVT00000DE5GTYA1
,NATURAL,01tVT00000DEl4PYAT
,BLACK,01tVT00000DEoyLYAT
Black Frame + Natural Wood,Black Frame + Natural Wood,01tVT00000DEsfNYAT
,Black Frame + Natural Wood,01tVT00000DEsibYAD
NATURAL,NATURAL,01tVT00000DEt6nYAD
,NATURAL,01tVT00000DEtBdYAL
WHITE + NATURAL,WHITE + NATURAL,01tVT00000DEtLJYA1
,WHITE + NATURAL,01tVT00000DEtQ9YAL
,WHITE + NATURAL,01tVT00000DEtjVYAT
OPTIONAL,OPTIONAL,01tVT00000DFjJuYAL
,OPTIONAL,01tVT00000DFlGrYAL
OPTIONAL,OPTIONAL,01tVT00000DFlYbYAL
,OPTIONAL,01tVT00000DFldRYAT
OPTIONAL,OPTIONAL,01tVT00000DFmEXYA1
,OPTIONAL,01tVT00000DFmJNYA1
Black,Black,01tVT00000DGNXSYA5
,Black,01tVT00000DGRMXYA5
SET COMEDOR + 6 SILLAS Black Frame + Natural Wood 180x90x74 CM,SET COMEDOR + 6 SILLAS Black Frame + Natural Wood 180x90x74 CM,01tVT00000DPIiDYAX
,SET COMEDOR + 6 SILLAS Black Frame + Natural Wood 180x90x74 CM,01tVT00000DPIn3YAH
BLACK& WHITE,BLACK& WHITE,01tVT00000DPLEgYAP
DARK GREY,DARK GREY,01tVT00000DPNEsYAP
,BLACK& WHITE,01tVT00000DPNZpYAP
COLOR OPTIONS,COLOR OPTIONS,01tVT00000DPOfZYAX
,COLOR OPTIONS,01tVT00000DPOndYAH
COLOR OPTIONS,COLOR OPTIONS,01tVT00000DPOsTYAX
,COLOR OPTIONS,01tVT00000DPOu5YAH
COLOR OPTIONS,COLOR OPTIONS,01tVT00000DPP8bYAH
,COLOR OPTIONS,01tVT00000DPPADYA5
BLACK+GREEN,BLACK+GREEN,01tVT00000DPPWnYAP
,BLACK+GREEN,01tVT00000DPPYPYA5
,DARK GREY,01tVT00000DPPq9YAH
BLACK+GREEN,BLACK+GREEN,01tVT00000DPQ1RYAX
,BLACK+GREEN,01tVT00000DPQKnYAP
BLACK,BLACK,01tVT00000DPR7BYAX
,BLACK,01tVT00000DPRC1YAP
WHITE,WHITE,01tVT00000DPROvYAP
,WHITE,01tVT00000DPRQXYA5
WHITE,WHITE,01tVT00000DQ5KkYAL
TRANSPARENT/CUSTOMIZED,TRANSPARENT/CUSTOMIZED,01tVT00000DQ5arYAD
,TRANSPARENT/CUSTOMIZED,01tVT00000DQ5ivYAD
TRANSPARENT/CUSTOMIZED,TRANSPARENT/CUSTOMIZED,01tVT00000DQ677YAD
,TRANSPARENT/CUSTOMIZED,01tVT00000DQ6BxYAL
TRANSPARENT/CUSTOMIZED,TRANSPARENT/CUSTOMIZED,01tVT00000DQ6IPYA1
,TRANSPARENT/CUSTOMIZED,01tVT00000DQ7UbYAL
TRANSPARENT/CUSTOMIZED,TRANSPARENT/CUSTOMIZED,01tVT00000DQ7XqYAL
,TRANSPARENT/CUSTOMIZED,01tVT00000DQ7cfYAD
TRANSPARENT/CUSTOMIZED,TRANSPARENT/CUSTOMIZED,01tVT00000DQ7j7YAD
,TRANSPARENT/CUSTOMIZED,01tVT00000DQ7kjYAD
PP,PP,01tVT00000DQ7pZYAT
,PP,01tVT00000DQ7rBYAT
TRANSPARENT/CUSTOMIZED,TRANSPARENT/CUSTOMIZED,01tVT00000DQ7uQYAT
TRANSPARENT/CUSTOMIZED,TRANSPARENT/CUSTOMIZED,01tVT00000DQ7xdYAD
,TRANSPARENT/CUSTOMIZED,01tVT00000DQ82TYAT
,TRANSPARENT/CUSTOMIZED,01tVT00000DQ9BRYA1
WHITE,WHITE,01tVT00000DQ9GHYA1
,WHITE,01tVT00000DQ9L7YAL
,WHITE,01tVT00000DQ9PxYAL
WHITE,WHITE,01tVT00000DQ9crYAD
,WHITE,01tVT00000DQ9eTYAT
WHITE,WHITE,01tVT00000DQ9jJYAT
,WHITE,01tVT00000DQ9o9YAD
WHITE,WHITE,01tVT00000DQ9szYAD
,WHITE,01tVT00000DQ9ubYAD
WHITE,WHITE,01tVT00000DQBErYAP
,WHITE,01tVT00000DQBI5YAP
WHITE,WHITE,01tVT00000DQBMvYAP
,WHITE,01tVT00000DQBOXYA5
BLUE/GREEN/PINK/OFF WHITE/CUSTOMIZED,BLUE/GREEN/PINK/OFF WHITE/CUSTOMIZED,01tVT00000DQBbRYAX
,BLUE/GREEN/PINK/OFF WHITE/CUSTOMIZED,01tVT00000DQCinYAH
BLUE/GREEN/PINK/OFF WHITE/CUSTOMIZED,BLUE/GREEN/PINK/OFF WHITE/CUSTOMIZED,01tVT00000DQCqrYAH
,BLUE/GREEN/PINK/OFF WHITE/CUSTOMIZED,01tVT00000DQCvhYAH
PP,PP,01tVT00000DQD0XYAX
,PP,01tVT00000DQD5NYAX
BLUE/GREEN/PINK/OFF WHITE/CUSTOMIZED,BLUE/GREEN/PINK/OFF WHITE/CUSTOMIZED,01tVT00000DQD8bYAH
,BLUE/GREEN/PINK/OFF WHITE/CUSTOMIZED,01tVT00000DQDDRYA5
PP,PP,01tVT00000DQDIHYA5
,PP,01tVT00000DQDN7YAP
BLUE/GREEN/PINK/OFF WHITE/ CUSTOMIZED,BLUE/GREEN/PINK/OFF WHITE/ CUSTOMIZED,01tVT00000DQDOjYAP
,BLUE/GREEN/PINK/OFF WHITE/ CUSTOMIZED,01tVT00000DQDTZYA5
BLACK+RED,BLACK+RED,01tVT00000DQHqXYAX
,BLACK+RED,01tVT00000DQIBVYA5
BLACK,BLACK,01tVT00000DQfrFYAT
,BLACK,01tVT00000DQfrGYAT
AS PICTURE,AS PICTURE,01tVT00000DR8mpYAD
TRANSPARENT/ TRANSPARENT GREY,TRANSPARENT/ TRANSPARENT GREY,01tVT00000DR8tHYAT
AS PICTURE,AS PICTURE,01tVT00000DRA0bYAH
,AS PICTURE,01tVT00000DRA2DYAX
,AS PICTURE,01tVT00000DRAJyYAP
,AS PICTURE,01tVT00000DRALZYA5
AS PICTURE,AS PICTURE,01tVT00000DRATdYAP
,AS PICTURE,01tVT00000DRAgYYAX
,AS PICTURE,01tVT00000DRAqDYAX
AS PICTURE,AS PICTURE,01tVT00000DRAyHYAX
,AS PICTURE,01tVT00000DRB1VYAX
AS PICTURE,AS PICTURE,01tVT00000DRB6LYAX
,AS PICTURE,01tVT00000DRBEPYA5
AS PICTURE,AS PICTURE,01tVT00000DRBJFYA5
AS PICTURE,AS PICTURE,01tVT00000DRBW9YAP
AS PICTURE,AS PICTURE,01tVT00000DRBfpYAH
,AS PICTURE,01tVT00000DRBkfYAH
AS PICTURE,AS PICTURE,01tVT00000DRBpVYAX
,AS PICTURE,01tVT00000DRBuLYAX
AS PICTURE,AS PICTURE,01tVT00000DRBzBYAX
,AS PICTURE,01tVT00000DRCC5YAP
TRANSPARENT,TRANSPARENT,01tVT00000DRDJRYA5
,TRANSPARENT,01tVT00000DRDRVYA5
,TRANSPARENT/ TRANSPARENT GREY,01tVT00000DRDhdYAH
TRANSPARENT/ TRANSPARENT GREY,TRANSPARENT/ TRANSPARENT GREY,01tVT00000DRDsvYAH
,TRANSPARENT/ TRANSPARENT GREY,01tVT00000DRDxlYAH
TRANSPARENT GREY,TRANSPARENT GREY,01tVT00000DRE93YAH
,TRANSPARENT GREY,01tVT00000DREH7YAP
,WHITE + BLUE/BEIGE/GREEN,01tVT00000DREgwYAH
TRANSPARENT,TRANSPARENT,01tVT00000DREiXYAX
,TRANSPARENT,01tVT00000DREk9YAH
TRANSPARENT,TRANSPARENT,01tVT00000DREvRYAX
,TRANSPARENT,01tVT00000DRF0HYAX
WHITE,WHITE,01tVT00000DRFBZYA5
,WHITE,01tVT00000DRFDBYA5
WHITE,WHITE,01tVT00000DRFRhYAP
,WHITE,01tVT00000DRFY9YAP
WHITE,WHITE,01tVT00000DRFczYAH
,WHITE,01tVT00000DRFjRYAX
WHITE,WHITE,01tVT00000DRFrVYAX
,WHITE,01tVT00000DRFt7YAH
WHITE + BLUE/BEIGE/GREEN,WHITE + BLUE/BEIGE/GREEN,01tVT00000DRFxxYAH
BLACK+SILVER,BLACK+SILVER,01tVT00000DRHwYYAX
,BLACK& WHITE,01tVT00000DRIfhYAH
BLACK& SILVER,BLACK& SILVER,01tVT00000DRJNFYA5
,BLACK& SILVER,01tVT00000DRJOrYAP
BLACK+WHITE+SILVER,BLACK+WHITE+SILVER,01tVT00000DRJn3YAH
,BLACK+WHITE+SILVER,01tVT00000DRJofYAH
BLACK+WHITE+SILVER,BLACK+WHITE+SILVER,01tVT00000DRJwjYAH
,BLACK+WHITE+SILVER,01tVT00000DRJyLYAX
BLACK+SILVER+WOODEN,BLACK+SILVER+WOODEN,01tVT00000DRK6QYAX
,BLACK+SILVER,01tVT00000DRK81YAH
,BLACK+SILVER+WOODEN,01tVT00000DRKBFYA5
COLOR OPTIONS,COLOR OPTIONS,01tVT00000DRKMYYA5
,COLOR OPTIONS,01tVT00000DRKWDYA5
COLOR OPTIONS,COLOR OPTIONS,01tVT00000DRKj7YAH
,COLOR OPTIONS,01tVT00000DRKkjYAH
COLOR OPTIONS,COLOR OPTIONS,01tVT00000DRLGzYAP
,COLOR OPTIONS,01tVT00000DRLIbYAP
COLOR OPTIONS,COLOR OPTIONS,01tVT00000DRLQfYAP
,COLOR OPTIONS,01tVT00000DRLVVYA5
COLOR OPTIONS,COLOR OPTIONS,01tVT00000DRLgnYAH
,COLOR OPTIONS,01tVT00000DRLiPYAX
COLOR OPTIONS,COLOR OPTIONS,01tVT00000DRLqTYAX
,COLOR OPTIONS,01tVT00000DRLs5YAH
BLACK,BLACK,01tVT00000DRMGHYA5
,BLACK,01tVT00000DRML7YAP
WHITE+ GREEN+ BLACK,WHITE+ GREEN+ BLACK,01tVT00000DROTNYA5
,WHITE+ GREEN+ BLACK,01tVT00000DROWbYAP
BEIGE+WHITE,BEIGE+WHITE,01tVT00000DROpxYAH
,BEIGE+WHITE,01tVT00000DROunYAH
BEIGE+WHITE,BEIGE+WHITE,01tVT00000DRP7iYAH
BEIGE+WHITE,BEIGE+WHITE,01tVT00000DRP9JYAX
,BEIGE+WHITE,01tVT00000DRPCXYA5
,BEIGE+WHITE,01tVT00000DRQ6zYAH
YELLOW+BLACK,YELLOW+BLACK,01tVT00000DRQN8YAP
BEIGE +WHITE,BEIGE +WHITE,01tVT00000DRQOjYAP
,BEIGE +WHITE,01tVT00000DRQQLYA5
GREY,GREY,01tVT00000DRQjhYAH
,GREY,01tVT00000DRQlJYAX
BLACK+WHITE,BLACK+WHITE,01tVT00000DRR6HYAX
,BLACK+WHITE,01tVT00000DRR9VYAX
BLACK+WHITE,BLACK+WHITE,01tVT00000DRRFxYAP
,YELLOW+BLACK,01tVT00000DRRpSYAX
ORANGE+BLACK,ORANGE+BLACK,01tVT00000DRS7BYAX
,ORANGE+BLACK,01tVT00000DRSDdYAP
,YELLOW+BLACK,01tVT00000DRSIVYA5
YELLOW+BLACK,YELLOW+BLACK,01tVT00000DRSVNYA5
GRAY+BLACK,GRAY+BLACK,01tVT00000DRT01YAH
,GRAY+BLACK,01tVT00000DRT3FYAX
,YELLOW+BLACK,01tVT00000DRUaPYAX
YELLOW+BLACK,YELLOW+BLACK,01tVT00000DRUybYAH
BEIGE,BEIGE,01tVT00000DRVTFYA5
,BEIGE,01tVT00000DRVTGYA5
YELLOW+BLACK,YELLOW+BLACK,01tVT00000DRVbJYAX
,YELLOW+BLACK,01tVT00000DRVg9YAH
YELLOW+BLACK,YELLOW+BLACK,01tVT00000DRW7ZYAX
,YELLOW+BLACK,01tVT00000DRW9BYAX
YELLOW+BLACK,YELLOW+BLACK,01tVT00000DRWM5YAP
,YELLOW+BLACK,01tVT00000DRWNhYAP
YELLOW+BLACK,YELLOW+BLACK,01tVT00000DRWdpYAH
,YELLOW+BLACK,01tVT00000DRWkHYAX
YELLOW+BLACK,YELLOW+BLACK,01tVT00000DRX3dYAH
,YELLOW+BLACK,01tVT00000DRX5FYAX
YELLOW+BLACK,YELLOW+BLACK,01tVT00000DRXYHYA5
,YELLOW+BLACK,01tVT00000DRXbVYAX
SET COMEDOR + 6 SILLAS Black Frame + Natural Wood 180x90x74 CM,SET COMEDOR + 6 SILLAS Black Frame + Natural Wood 180x90x74 CM,01tVT00000DRnjVYAT
,SET COMEDOR + 6 SILLAS Black Frame + Natural Wood 180x90x74 CM,01tVT00000DRnjWYAT
VARIOS,VARIOS,01tVT00000DS78jYAD
,VARIOS,01tVT00000DS7DZYA1
VARIOS,VARIOS,01tVT00000DS7YXYA1
,VARIOS,01tVT00000DS7dNYAT
,BLACK+WHITE,01tVT00000DUCAjYAP
SET COMEDOR + 6 SILLAS Black Frame + Natural Wood 180x90x74 CM,SET COMEDOR + 6 SILLAS Black Frame + Natural Wood 180x90x74 CM,01tVT00000DUV25YAH
,SET COMEDOR + 6 SILLAS Black Frame + Natural Wood 180x90x74 CM,01tVT00000DUV26YAH
Optional,Optional,01tVT00000DV0nSYAT
OPTIONAL,OPTIONAL,01tVT00000DV0nTYAT
,Optional,01tVT00000DV5f3YAD
,OPTIONAL,01tVT00000DV5n7YAD
BLACK,BLACK,01tVT00000DV6G9YAL
,BLACK,01tVT00000DV6WHYA1
OPTIONAL,OPTIONAL,01tVT00000DV77NYAT
,OPTIONAL,01tVT00000DV7FRYA1
WHITE/BLACK,WHITE/BLACK,01tVT00000DVq1FYAT
,WHITE/BLACK,01tVT00000DVqCXYA1
OPTIONAL,OPTIONAL,01tVT00000DVqKbYAL
,OPTIONAL,01tVT00000DVqVtYAL
OPTIONAL,OPTIONAL,01tVT00000DVqdxYAD
,OPTIONAL,01tVT00000DVqinYAD
OPTIONAL,OPTIONAL,01tVT00000DVqpFYAT
,OPTIONAL,01tVT00000DVqvhYAD
OPTIONAL,OPTIONAL,01tVT00000DVr0XYAT
OPTIONAL,OPTIONAL,01tVT00000DVr8bYAD
,OPTIONAL,01tVT00000DVrADYA1
,OPTIONAL,01tVT00000DVrF3YAL
WHITE,WHITE,01tVT00000DVra1YAD
,WHITE,01tVT00000DVrgTYAT
WHITE,WHITE,01tVT00000DVrrlYAD
,WHITE,01tVT00000DVrtNYAT
OPTIONAL,OPTIONAL,01tVT00000DVrwcYAD
,WHITE,01tVT00000DVsB8YAL
WHITE,WHITE,01tVT00000DVsHZYA1
,WHITE,01tVT00000DVsMPYA1
OPTIONAL,OPTIONAL,01tVT00000DVsUTYA1
WHITE,WHITE,01tVT00000DVsflYAD
,METAL,01tVT00000DVsnqYAD
BLACK/WHITE,BLACK/WHITE,01tVT00000DVssfYAD
,BLACK/WHITE,01tVT00000DVsxVYAT
,OPTIONAL,01tVT00000DVt8nYAD
OPTIONAL,OPTIONAL,01tVT00000DVtDdYAL
,OPTIONAL,01tVT00000DVtFFYA1
METAL,METAL,01tVT00000DVtWzYAL
METAL,METAL,01tVT00000DVwY5YAL
,METAL,01tVT00000DVweXYAT
OPTIONAL,OPTIONAL,01tVT00000DVwkzYAD
,OPTIONAL,01tVT00000DVwppYAD
OPTIONAL,OPTIONAL,01tVT00000DVwufYAD
,OPTIONAL,01tVT00000DVwwHYAT
STRIPE,STRIPE,01tVT00000DVyd7YAD
,STRIPE,01tVT00000DVyjZYAT
GREY,GREY,01tVT00000DVyoPYAT
,GREY,01tVT00000DVywUYAT
OPTIONAL,OPTIONAL,01tVT00000DVz69YAD
,OPTIONAL,01tVT00000DVz7lYAD
OPTIONAL,OPTIONAL,01tVT00000DVzEDYA1
,OPTIONAL,01tVT00000DVzFpYAL
OPTIONAL,OPTIONAL,01tVT00000DVzSjYAL
,OPTIONAL,01tVT00000DVzXZYA1
OPTIONAL,OPTIONAL,01tVT00000DVzfdYAD
,OPTIONAL,01tVT00000DVznhYAD
OPTIONAL,OPTIONAL,01tVT00000DVzvlYAD
OPTIONAL,OPTIONAL,01tVT00000DW02DYAT
,OPTIONAL,01tVT00000DW073YAD
OPTIONAL,OPTIONAL,01tVT00000DW0BtYAL
,OPTIONAL,01tVT00000DW0F7YAL
OPTIONAL,OPTIONAL,01tVT00000DW0TdYAL
,OPTIONAL,01tVT00000DW0YTYA1
OPTIONAL,OPTIONAL,01tVT00000DW0dJYAT
OPTIONAL,OPTIONAL,01tVT00000DW0iAYAT
,OPTIONAL,01tVT00000DW0jlYAD
OPTIONAL,OPTIONAL,01tVT00000DW0mzYAD
,OPTIONAL,01tVT00000DW0rpYAD
OPTIONAL,OPTIONAL,01tVT00000DW0yIYAT
,OPTIONAL,01tVT00000DW0ztYAD
OPTIONAL,OPTIONAL,01tVT00000DW14jYAD
,OPTIONAL,01tVT00000DW19ZYAT
OPTIONAL,OPTIONAL,01tVT00000DW1G1YAL
,OPTIONAL,01tVT00000DW1HdYAL
,OPTIONAL,01tVT00000DW2FJYA1
OPTIONAL,OPTIONAL,01tVT00000DW2VRYA1
,OPTIONAL,01tVT00000DW2aHYAT
OPTIONAL,OPTIONAL,01tVT00000DW2dVYAT
,OPTIONAL,01tVT00000DW2f7YAD
OPTIONAL,OPTIONAL,01tVT00000DW2iMYAT
,OPTIONAL,01tVT00000DW2s1YAD
OPTIONAL,OPTIONAL,01tVT00000DW2yTYAT
,OPTIONAL,01tVT00000DW305YAD
OPTIONAL,OPTIONAL,01tVT00000DW389YAD
,OPTIONAL,01tVT00000DW3BNYA1
WHITE,WHITE,01tVT00000DWlE1YAL
WHITE,WHITE,01tVT00000DWlE2YAL
BLACK,BLACK,01tVT00000DWltxYAD
WHITE,WHITE,01tVT00000DWltyYAD
WHITE,WHITE,01tVT00000DWltzYAD
,WHITE,01tVT00000DWoBtYAL
,WHITE,01tVT00000DWoJzYAL
BLACK,BLACK,01tVT00000DWp4jYAD
BROWN,BROWN,01tVT00000DWp4kYAD
CHROME PLATED,CHROME PLATED,01tVT00000DWp4lYAD
BLACK,BLACK,01tVT00000DWp4mYAD
BLACK,BLACK,01tVT00000DWp4nYAD
BLACK,BLACK,01tVT00000DWp4oYAD
WHITE,WHITE,01tVT00000DWp4pYAD
WHITE,WHITE,01tVT00000DWp4qYAD
BLACK,BLACK,01tVT00000DWp4rYAD
BLACK,BLACK,01tVT00000DWp4sYAD
WHITE,WHITE,01tVT00000DWp4tYAD
BLACK,BLACK,01tVT00000DWp4uYAD
BLACK,BLACK,01tVT00000DWp4vYAD
BLACK,BLACK,01tVT00000DWp4wYAD
BLACK,BLACK,01tVT00000DWp4xYAD
GREY,GREY,01tVT00000DWp4yYAD
GREY,GREY,01tVT00000DWp4zYAD
BROWN + WHITE,BROWN + WHITE,01tVT00000DWp50YAD
BROWN + WHITE,BROWN + WHITE,01tVT00000DWp51YAD
BEIGE,BEIGE,01tVT00000DWp52YAD
BEIGE,BEIGE,01tVT00000DWp53YAD
BEIGE + WOODEN,BEIGE + WOODEN,01tVT00000DWp54YAD
BEIGE + WOODEN,BEIGE + WOODEN,01tVT00000DWp55YAD
BEIGE + WOODEN,BEIGE + WOODEN,01tVT00000DWp56YAD
WHITE,WHITE,01tVT00000DWp57YAD
BLACK,BLACK,01tVT00000DWp58YAD
WHITE,WHITE,01tVT00000DWp59YAD
BLACK,BLACK,01tVT00000DWp5AYAT
BLACK,BLACK,01tVT00000DWp5BYAT
WHITE,WHITE,01tVT00000DWp5CYAT
BLACK,BLACK,01tVT00000DWp5DYAT
OPTIONAL,OPTIONAL,01tVT00000DWp5EYAT
BLACK,BLACK,01tVT00000DWp5FYAT
BLACK,BLACK,01tVT00000DWp5GYAT
CHROME PLATED,CHROME PLATED,01tVT00000DWp5HYAT
CHROME PLATED,CHROME PLATED,01tVT00000DWp5IYAT
CHROME PLATED,CHROME PLATED,01tVT00000DWp5JYAT
CHROME PLATED,CHROME PLATED,01tVT00000DWp5KYAT
CHROME PLATED,CHROME PLATED,01tVT00000DWp5LYAT
CHROME PLATED,CHROME PLATED,01tVT00000DWp5MYAT
CHROME PLATED,CHROME PLATED,01tVT00000DWp5NYAT
CHROME PLATED,CHROME PLATED,01tVT00000DWp5OYAT
CHROME PLATED,CHROME PLATED,01tVT00000DWp5PYAT
BLACK,BLACK,01tVT00000DWp5QYAT
OPTIONAL,OPTIONAL,01tVT00000DWp5RYAT
WHITE,WHITE,01tVT00000DWp5SYAT
WHITE,WHITE,01tVT00000DWp5TYAT
WHITE,WHITE,01tVT00000DWp5UYAT
BLACK,BLACK,01tVT00000DWp5VYAT
BLACK,BLACK,01tVT00000DWp5WYAT
WHITE,WHITE,01tVT00000DWp5XYAT
WHITE,WHITE,01tVT00000DWp5YYAT
WHITE,WHITE,01tVT00000DWp5ZYAT
BLACK,BLACK,01tVT00000DWp5aYAD
BLACK,BLACK,01tVT00000DWp5bYAD
BLACK,BLACK,01tVT00000DWp5cYAD
WHITE/BLACK,WHITE/BLACK,01tVT00000DWp5dYAD
WHITE/BLACK,WHITE/BLACK,01tVT00000DWp5eYAD
WHITE/BLACK,WHITE/BLACK,01tVT00000DWp5fYAD
WHITE/BLACK,WHITE/BLACK,01tVT00000DWp5gYAD
WHITE,WHITE,01tVT00000DWp5hYAD
OPTIONAL,OPTIONAL,01tVT00000DWp5iYAD
OPTIONAL,OPTIONAL,01tVT00000DWp5jYAD
BLACK,BLACK,01tVT00000DWp5kYAD
BLACK,BLACK,01tVT00000DWp5lYAD
BLACK,BLACK,01tVT00000DWp5mYAD
BLACK,BLACK,01tVT00000DWp5nYAD
BLACK,BLACK,01tVT00000DWp5oYAD
NATURAL,NATURAL,01tVT00000DWp5pYAD
NATURAL,NATURAL,01tVT00000DWp5qYAD
BLACK,BLACK,01tVT00000DWp5rYAD
CHROME PLATED,CHROME PLATED,01tVT00000DWp5sYAD
CHROME PLATED,CHROME PLATED,01tVT00000DWp5tYAD
WHITE,WHITE,01tVT00000DWp5uYAD
CHROME PLATED,CHROME PLATED,01tVT00000DWp5vYAD
BLACK,BLACK,01tVT00000DWp5wYAD
BLACK,BLACK,01tVT00000DWp5xYAD
CHROME PLATED,CHROME PLATED,01tVT00000DWp5yYAD
BROWN,BROWN,01tVT00000DWp5zYAD
BLACK,BLACK,01tVT00000DWp60YAD
BLACK,BLACK,01tVT00000DWp61YAD
OPTIONAL,OPTIONAL,01tVT00000DWp62YAD
OPTIONAL,OPTIONAL,01tVT00000DWp63YAD
OPTIONAL,OPTIONAL,01tVT00000DWp64YAD
OPTIONAL,OPTIONAL,01tVT00000DWp65YAD
OPTIONAL,OPTIONAL,01tVT00000DWp66YAD
BLACK,BLACK,01tVT00000DWp67YAD
BLACK,BLACK,01tVT00000DWp68YAD
BLACK,BLACK,01tVT00000DWp69YAD
BLACK,BLACK,01tVT00000DWp6AYAT
BLACK,BLACK,01tVT00000DWp6BYAT
BLACK,BLACK,01tVT00000DWp6CYAT
BLACK,BLACK,01tVT00000DWp6DYAT
BLACK,BLACK,01tVT00000DWp6EYAT
WHITE,WHITE,01tVT00000DWp6FYAT
BLACK,BLACK,01tVT00000DWp6GYAT
BLACK,BLACK,01tVT00000DWp6HYAT
BLACK,BLACK,01tVT00000DWp6IYAT
BLACK,BLACK,01tVT00000DWp6JYAT
BLACK,BLACK,01tVT00000DWp6KYAT
BLACK,BLACK,01tVT00000DWp6LYAT
BLACK,BLACK,01tVT00000DWp6MYAT
BLACK,BLACK,01tVT00000DWp6NYAT
WHITE,WHITE,01tVT00000DWp6OYAT
BLACK,BLACK,01tVT00000DWp6PYAT
BLACK,BLACK,01tVT00000DWp6QYAT
BLACK,BLACK,01tVT00000DWp6RYAT
BLACK,BLACK,01tVT00000DWp6SYAT
BLACK,BLACK,01tVT00000DWp6TYAT
WHITE,WHITE,01tVT00000DWp6UYAT
BLACK,BLACK,01tVT00000DWp6VYAT
NATURAL,NATURAL,01tVT00000DWp6WYAT
NATURAL,NATURAL,01tVT00000DWp6XYAT
NATURAL,NATURAL,01tVT00000DWp6YYAT
NATURAL,NATURAL,01tVT00000DWp6ZYAT
NATURAL,NATURAL,01tVT00000DWp6aYAD
NATURAL,NATURAL,01tVT00000DWp6bYAD
NATURAL,NATURAL,01tVT00000DWp6cYAD
NATURAL,NATURAL,01tVT00000DWp6dYAD
NATURAL,NATURAL,01tVT00000DWp6eYAD
NATURAL,NATURAL,01tVT00000DWp6fYAD
CHROME PLATED,CHROME PLATED,01tVT00000DWp6gYAD
BLACK,BLACK,01tVT00000DWp6hYAD
WHITE/BLACK,WHITE/BLACK,01tVT00000DWp6iYAD
WHITE/BLACK,WHITE/BLACK,01tVT00000DWp6jYAD
WHITE/BLACK,WHITE/BLACK,01tVT00000DWp6kYAD
NATURAL,NATURAL,01tVT00000DWp6lYAD
NATURAL,NATURAL,01tVT00000DWp6mYAD
NATURAL,NATURAL,01tVT00000DWp6nYAD
NATURAL,NATURAL,01tVT00000DWp6oYAD
BLACK,BLACK,01tVT00000DWp6pYAD
BLACK,BLACK,01tVT00000DWp6qYAD
BLACK,BLACK,01tVT00000DWp6rYAD
BLACK,BLACK,01tVT00000DWp6sYAD
BLACK,BLACK,01tVT00000DWp6tYAD
WHITE,WHITE,01tVT00000DWp6uYAD
BLACK + WHITE,BLACK + WHITE,01tVT00000DWp6vYAD
BEIGE,BEIGE,01tVT00000DWp6wYAD
TRANSPARENT + BROWN,TRANSPARENT + BROWN,01tVT00000DWp6xYAD
"WHITE,BLACK","WHITE,BLACK",01tVT00000DWp6yYAD
"WHITE,BLACK","WHITE,BLACK",01tVT00000DWp6zYAD
BLACK,BLACK,01tVT00000DWp70YAD
"WHITE,BLACK","WHITE,BLACK",01tVT00000DWp71YAD
BLACK,BLACK,01tVT00000DWp72YAD
BLACK,BLACK,01tVT00000DWp73YAD
WHITE,WHITE,01tVT00000DWp74YAD
OPTIONAL,OPTIONAL,01tVT00000DWp75YAD
BLACK/WHITE,BLACK/WHITE,01tVT00000DWp76YAD
BLACK,BLACK,01tVT00000DWp77YAD
BLACK,BLACK,01tVT00000DWp78YAD
WHITE,WHITE,01tVT00000DWp79YAD
OPTIONAL,OPTIONAL,01tVT00000DWp7AYAT
WHITE,WHITE,01tVT00000DWp7BYAT
WHITE,WHITE,01tVT00000DWp7CYAT
NATURAL,NATURAL,01tVT00000DWp7DYAT
OPTIONAL,OPTIONAL,01tVT00000DWp7EYAT
OPTIONAL,OPTIONAL,01tVT00000DWp7FYAT
WHITE,WHITE,01tVT00000DWp7GYAT
WHITE,WHITE,01tVT00000DWp7HYAT
OPTIONAL,OPTIONAL,01tVT00000DWp7IYAT
WHITE,WHITE,01tVT00000DWp7JYAT
WHITE,WHITE,01tVT00000DWp7KYAT
WHITE,WHITE,01tVT00000DWp7LYAT
BLACK,BLACK,01tVT00000DWp7MYAT
BLACK,BLACK,01tVT00000DWp7NYAT
BLACK,BLACK,01tVT00000DWp7OYAT
WHITE,WHITE,01tVT00000DWp7PYAT
BLACK,BLACK,01tVT00000DWp7QYAT
WHITE,WHITE,01tVT00000DWp7RYAT
BLACK,BLACK,01tVT00000DWp7SYAT
BLACK,BLACK,01tVT00000DWp7TYAT
BLACK,BLACK,01tVT00000DWp7UYAT
BLACK,BLACK,01tVT00000DWp7VYAT
BLACK,BLACK,01tVT00000DWp7WYAT
WHITE,WHITE,01tVT00000DWp7XYAT
WHITE,WHITE,01tVT00000DWp7YYAT
,BLACK,01tVT00000DWp9aYAD
,WHITE,01tVT00000DWpO5YAL
,WHITE,01tVT00000DWpazYAD
,BLACK,01tVT00000DWpfpYAD
,WHITE,01tVT00000DWpmHYAT
,"WHITE,BLACK",01tVT00000DWqf7YAD
,BLACK,01tVT00000DWqnCYAT
,"WHITE,BLACK",01tVT00000DWqonYAD
,BLACK,01tVT00000DWqyTYAT
,"WHITE,BLACK",01tVT00000DWr3JYAT
,WHITE,01tVT00000DWrCzYAL
,WHITE,01tVT00000DWrL3YAL
,WHITE,01tVT00000DWrPtYAL
,BLACK,01tVT00000DWrWLYA1
,BROWN,01tVT00000DWrhdYAD
,BLACK,01tVT00000DWrsvYAD
,BLACK,01tVT00000DWs4DYAT
,WHITE,01tVT00000DWsDuYAL
,BLACK,01tVT00000DWsdhYAD
,BLACK,01tVT00000DWsgvYAD
,WHITE,01tVT00000DWsvRYAT
,WHITE,01tVT00000DWt57YAD
,WHITE/BLACK,01tVT00000DWt59YAD
,BLACK,01tVT00000DWt8LYAT
,BLACK,01tVT00000DWtEnYAL
,BLACK,01tVT00000DWtOTYA1
,BLACK,01tVT00000DWtWXYA1
,BLACK,01tVT00000DWtebYAD
,BLACK,01tVT00000DWu2nYAD
,BLACK,01tVT00000DWu7dYAD
,WHITE/BLACK,01tVT00000DWuCTYA1
,WHITE/BLACK,01tVT00000DWuPNYA1
,WHITE/BLACK,01tVT00000DWuZ3YAL
,WHITE/BLACK,01tVT00000DWufVYAT
,WHITE/BLACK,01tVT00000DWvOfYAL
,WHITE/BLACK,01tVT00000DWvy9YAD
,BEIGE + WOODEN,01tVT00000DWwMLYA1
,BLACK,01tVT00000DXVjuYAH
,BLACK,01tVT00000DXWhaYAH
,BEIGE + WOODEN,01tVT00000DXX0vYAH
,WHITE,01tVT00000DXXH4YAP
,WHITE,01tVT00000DXXLtYAP
,OPTIONAL,01tVT00000DXXYnYAP
,BLACK,01tVT00000DXXiUYAX
,OPTIONAL,01tVT00000DXXovYAH
,WHITE,01tVT00000DXY8HYAX
,BLACK,01tVT00000DXYD7YAP
,BLACK,01tVT00000DXYJZYA5
,BLACK,01tVT00000DXYQ1YAP
,WHITE,01tVT00000DXYTGYA5
,WHITE,01tVT00000DXYTHYA5
,BLACK,01tVT00000DXYZhYAP
,OPTIONAL,01tVT00000DXYg9YAH
,BLACK/WHITE,01tVT00000DXYppYAH
,BLACK,01tVT00000DXYufYAH
,BLACK,01tVT00000DXYxuYAH
,BLACK,01tVT00000DXYzVYAX
,WHITE,01tVT00000DXZ4LYAX
,OPTIONAL,01tVT00000DXZAnYAP
,NATURAL,01tVT00000DXZSXYA5
,OPTIONAL,01tVT00000DXZXNYA5
,OPTIONAL,01tVT00000DXZcDYAX
,WHITE,01tVT00000DXZh3YAH
,BLACK,01tVT00000DXZp7YAH
,BLACK,01tVT00000DXZtxYAH
,BLACK,01tVT00000DXa0PYAT
,WHITE,01tVT00000DXa8TYAT
,BLACK,01tVT00000DXaDJYA1
,WHITE,01tVT00000DXaGXYA1
,OPTIONAL,01tVT00000DXaI9YAL
,BLACK,01tVT00000DXaObYAL
,BLACK,01tVT00000DXabVYAT
,BLACK,01tVT00000DXb1JYAT
,NATURAL,01tVT00000DXb7lYAD
,NATURAL,01tVT00000DXbFpYAL
,NATURAL,01tVT00000DXbJ3YAL
,NATURAL,01tVT00000DXbNtYAL
,NATURAL,01tVT00000DXbR7YAL
,NATURAL,01tVT00000DXbULYA1
,NATURAL,01tVT00000DXbZBYA1
,NATURAL,01tVT00000DXbe1YAD
,NATURAL,01tVT00000DXbm5YAD
,NATURAL,01tVT00000DXbqvYAD
,NATURAL,01tVT00000DXbu9YAD
,NATURAL,01tVT00000DXbyzYAD
,NATURAL,01tVT00000DXc2DYAT
,NATURAL,01tVT00000DXc73YAD
,NATURAL,01tVT00000DXcBtYAL
,CHROME PLATED,01tVT00000DXcYTYA1
,CHROME PLATED,01tVT00000DXcgYYAT
,CHROME PLATED,01tVT00000DXclNYAT
,CHROME PLATED,01tVT00000DXcyHYAT
,CHROME PLATED,01tVT00000DXd37YAD
,CHROME PLATED,01tVT00000DXdJFYA1
,CHROME PLATED,01tVT00000DXdSvYAL
,CHROME PLATED,01tVT00000DXdfpYAD
,CHROME PLATED,01tVT00000DXdmHYAT
,BLACK,01tVT00000DXduLYAT
,CHROME PLATED,01tVT00000DXe2PYAT
,CHROME PLATED,01tVT00000DXe7FYAT
,CHROME PLATED,01tVT00000DXeC5YAL
,WHITE,01tVT00000DXeLlYAL
,CHROME PLATED,01tVT00000DXeQbYAL
,BLACK,01tVT00000DXf3JYAT
,BLACK,01tVT00000DXf89YAD
,CHROME PLATED,01tVT00000DXfCzYAL
,CHROME PLATED,01tVT00000DXfPtYAL
,BLACK,01tVT00000DXfZZYA1
,BLACK,01tVT00000DXfhdYAD
,BLACK,01tVT00000DXfmTYAT
,WHITE,01tVT00000DXfrJYAT
,BLACK,01tVT00000DXgPBYA1
,BLACK,01tVT00000DXgYrYAL
,WHITE,01tVT00000DXgfJYAT
,BLACK,01tVT00000DXgvRYAT
,BLACK,01tVT00000DY30oYAD
,BLACK,01tVT00000DY3SDYA1
,WHITE,01tVT00000DY3aHYAT
,BLACK,01tVT00000DY3f7YAD
,BLACK,01tVT00000DY3lZYAT
,WHITE,01tVT00000DY43JYAT
,WHITE,01tVT00000DY489YAD
,BLACK,01tVT00000DY4CzYAL
,WHITE,01tVT00000DY4L3YAL
,BLACK,01tVT00000DY4PtYAL
,BLACK,01tVT00000DY60HYAT
,OPTIONAL,01tVT00000DY657YAD
,OPTIONAL,01tVT00000DY69xYAD
,OPTIONAL,01tVT00000DY6EnYAL
,OPTIONAL,01tVT00000DY6JdYAL
,OPTIONAL,01tVT00000DY6UvYAL
,WHITE,01tVT00000DY6czYAD
,BLACK,01tVT00000DY6gEYAT
,BLACK,01tVT00000DY6jRYAT
,BEIGE,01tVT00000DY6rWYAT
,BLACK,01tVT00000DY71BYAT
,BLACK,01tVT00000DY77dYAD
,WHITE,01tVT00000DY7CTYA1
,BLACK,01tVT00000DY7HJYA1
,WHITE,01tVT00000DY7M9YAL
,BLACK,01tVT00000DY7PNYA1
,BLACK,01tVT00000DY7Z4YAL
,BLACK,01tVT00000DY7ijYAD
,BLACK,01tVT00000DY7nZYAT
,BLACK,01tVT00000DY7sPYAT
,BLACK,01tVT00000DY7xFYAT
,WHITE,01tVT00000DY83hYAD
,BLACK + WHITE,01tVT00000DY86wYAD
,WHITE,01tVT00000DY88XYAT
,BLACK,01tVT00000DY8GbYAL
,OPTIONAL,01tVT00000DY8N3YAL
,BLACK,01tVT00000DY8TVYA1
,BLACK,01tVT00000DY8ZxYAL
,BLACK,01tVT00000DY8enYAD
,GREY,01tVT00000DY8lFYAT
,GREY,01tVT00000DY8mrYAD
,BROWN + WHITE,01tVT00000DY8rhYAD
,BROWN + WHITE,01tVT00000DY8wXYAT
,BEIGE,01tVT00000DY94bYAD
,BEIGE,01tVT00000DY99RYAT
,WHITE,01tVT00000DY9EHYA1
,TRANSPARENT + BROWN,01tVT00000DY9XdYAL
,BLACK,01tVT00000DY9arYAD
,BLACK,01tVT00000DY9hJYAT
,BLACK,01tVT00000DY9sbYAD
,BLACK,01tVT00000DY9z3YAD
,BLACK,01tVT00000DYAblYAH
,WHITE,01tVT00000DYAezYAH
,BLACK,01tVT00000DYAlRYAX
,OPTIONAL,01tVT00000DYAtVYAX
,BLACK,01tVT00000DYAzxYAH
,BLACK,01tVT00000DYB4nYAH
,BLACK,01tVT00000DYB9dYAH
,BLACK,01tVT00000DYBHhYAP
YELLOW,YELLOW,01tVT00000DbxpdYAB
,YELLOW,01tVT00000DbxrFYAR
RED,RED,01tVT00000Dc122YAB
ORANGE,ORANGE,01tVT00000Dc15GYAR
BLUE+WHITE,BLUE+WHITE,01tVT00000Dc4eDYAR
,BLUE+WHITE,01tVT00000Dc4j3YAB
DARK RED,DARK RED,01tVT00000Dc4vxYAB
,DARK RED,01tVT00000Dc52PYAR
RED,RED,01tVT00000Dc5GvYAJ
,RED,01tVT00000Dc5LlYAJ
COGNAC BROWN,COGNAC BROWN,01tVT00000Dc5TpYAJ
,COGNAC BROWN,01tVT00000Dc5VRYAZ
,RED,01tVT00000Dc5gjYAB
,ORANGE,01tVT00000Dc5nBYAR
WHITE,WHITE,01tVT00000Dc6BNYAZ
,WHITE,01tVT00000Dc6CzYAJ
WHITE/BLACK/GOLD/SILVER,WHITE/BLACK/GOLD/SILVER,01tVT00000Dcl3FYAR
,WHITE/BLACK/GOLD/SILVER,01tVT00000Dcl9hYAB
OPTIONAL,OPTIONAL,01tVT00000Dcr4eYAB
OPTIONAL,OPTIONAL,01tVT00000Dcr4fYAB
OPTIONAL,OPTIONAL,01tVT00000Dcr4gYAB
OPTIONAL,OPTIONAL,01tVT00000Dcr4hYAB
OPTIONAL,OPTIONAL,01tVT00000Dcr4iYAB
OPTIONAL,OPTIONAL,01tVT00000Dcr4jYAB
OPTIONAL,OPTIONAL,01tVT00000Dcr4kYAB
OPTIONAL,OPTIONAL,01tVT00000Dcr4lYAB
OPTIONAL,OPTIONAL,01tVT00000Dcr4mYAB
OPTIONAL,OPTIONAL,01tVT00000Dcr4nYAB
OPTIONAL,OPTIONAL,01tVT00000Dcr4oYAB
OPTIONAL,OPTIONAL,01tVT00000Dcr4pYAB
OPTIONAL,OPTIONAL,01tVT00000Dcr4qYAB
OPTIONAL,OPTIONAL,01tVT00000Dcr4rYAB
OPTIONAL,OPTIONAL,01tVT00000Dcr4sYAB
OPTIONAL,OPTIONAL,01tVT00000Dcr4tYAB
OPTIONAL,OPTIONAL,01tVT00000Dcr4uYAB
OPTIONAL,OPTIONAL,01tVT00000Dcr4vYAB
OPTIONAL,OPTIONAL,01tVT00000Dcr4wYAB
WOODEN + BLACK,WOODEN + BLACK,01tVT00000Dcr4xYAB
OPTIONAL,OPTIONAL,01tVT00000Dcr4yYAB
WOODEN,WOODEN,01tVT00000Dcr4zYAB
WOODEN,WOODEN,01tVT00000Dcr50YAB
WOODEN,WOODEN,01tVT00000Dcr51YAB
WOODEN,WOODEN,01tVT00000Dcr52YAB
BLACK + NATURAL,BLACK + NATURAL,01tVT00000Dcr53YAB
BLACK + NATURAL,BLACK + NATURAL,01tVT00000Dcr54YAB
BLACK + NATURAL,BLACK + NATURAL,01tVT00000Dcr55YAB
BLACK,BLACK,01tVT00000Dcr56YAB
OPTIONAL,OPTIONAL,01tVT00000Dcr57YAB
OPTIONAL,OPTIONAL,01tVT00000Dcr58YAB
OPTIONAL,OPTIONAL,01tVT00000Dcr59YAB
OPTIONAL,OPTIONAL,01tVT00000Dcr5AYAR
OPTIONAL,OPTIONAL,01tVT00000Dcr5BYAR
OPTIONAL,OPTIONAL,01tVT00000Dcr5CYAR
OPTIONAL,OPTIONAL,01tVT00000Dcr5DYAR
OPTIONAL,OPTIONAL,01tVT00000Dcr5EYAR
OPTIONAL,OPTIONAL,01tVT00000Dcr5FYAR
OPTIONAL,OPTIONAL,01tVT00000Dcr5GYAR
OPTIONAL,OPTIONAL,01tVT00000Dcr5HYAR
GREY,GREY,01tVT00000Dcr5IYAR
WHITE,WHITE,01tVT00000Dcr5JYAR
WHITE,WHITE,01tVT00000Dcr5KYAR
BLACK,BLACK,01tVT00000Dcr5LYAR
OPTIONAL,OPTIONAL,01tVT00000Dcr5MYAR
OPTIONAL,OPTIONAL,01tVT00000Dcr5NYAR
OPTIONAL,OPTIONAL,01tVT00000Dcr5OYAR
OPTIONAL,OPTIONAL,01tVT00000Dcr5PYAR
OPTIONAL,OPTIONAL,01tVT00000Dcr5QYAR
OPTIONAL,OPTIONAL,01tVT00000Dcr5RYAR
OPTIONAL,OPTIONAL,01tVT00000Dcr5SYAR
OPTIONAL,OPTIONAL,01tVT00000Dcs9ZYAR
WOODEN,WOODEN,01tVT00000Dcs9aYAB
WOODEN,WOODEN,01tVT00000Dcs9bYAB
WOODEN,WOODEN,01tVT00000Dcs9cYAB
WOODEN,WOODEN,01tVT00000Dcs9dYAB
WOODEN,WOODEN,01tVT00000Dcs9eYAB
BLACK + NATURAL,BLACK + NATURAL,01tVT00000Dcs9fYAB
OPTIONAL,OPTIONAL,01tVT00000Dcs9gYAB
OPTIONAL,OPTIONAL,01tVT00000Dcs9hYAB
OPTIONAL,OPTIONAL,01tVT00000Dcs9iYAB
OPTIONAL,OPTIONAL,01tVT00000Dcs9jYAB
OPTIONAL,OPTIONAL,01tVT00000Dcs9kYAB
WOODEN + GREY,WOODEN + GREY,01tVT00000DcvU1YAJ
WOODEN + GREY,WOODEN + GREY,01tVT00000DcvU2YAJ
WOODEN + GREY,WOODEN + GREY,01tVT00000DcvU3YAJ
WOODEN + BLACK,WOODEN + BLACK,01tVT00000DcvU4YAJ
WOODEN + BLACK,WOODEN + BLACK,01tVT00000DcvU5YAJ
WOODEN + BLACK,WOODEN + BLACK,01tVT00000DcvU6YAJ
WOODEN + BLACK,WOODEN + BLACK,01tVT00000DcvU7YAJ
WOODEN + BLACK,WOODEN + BLACK,01tVT00000DcvU8YAJ
WOODEN + BLACK,WOODEN + BLACK,01tVT00000DcvU9YAJ
BLACK,BLACK,01tVT00000Dcwd0YAB
BLACK,BLACK,01tVT00000Dcwd1YAB
BLACK,BLACK,01tVT00000Dcwd2YAB
BLACK,BLACK,01tVT00000Dcwd3YAB
BLACK,BLACK,01tVT00000Dcwd4YAB
COLOR OPTIONS,COLOR OPTIONS,01tVT00000Dcwd5YAB
BLACK,BLACK,01tVT00000Dcwd6YAB
BLACK,BLACK,01tVT00000Dcwd7YAB
GREY,GREY,01tVT00000Dcwd8YAB
GREY,GREY,01tVT00000Dcwd9YAB
BLACK,BLACK,01tVT00000DcwdAYAR
BLACK,BLACK,01tVT00000DcwdBYAR
BLACK,BLACK,01tVT00000DcwdCYAR
BLACK,BLACK,01tVT00000DcwdDYAR
BLACK,BLACK,01tVT00000DcwdEYAR
BLACK,BLACK,01tVT00000DcwdFYAR
RED+BLACK,RED+BLACK,01tVT00000DcwdGYAR
GREEN+BLACK,GREEN+BLACK,01tVT00000DcwdHYAR
BLACK,BLACK,01tVT00000DcwdIYAR
BLACK,BLACK,01tVT00000DcwdJYAR
GREEN+BLACK,GREEN+BLACK,01tVT00000DcwdKYAR
BLACK,BLACK,01tVT00000DcwdLYAR
BLACK,BLACK,01tVT00000DcwdMYAR
BLACK,BLACK,01tVT00000DcwdNYAR
COLOR OPTIONS,COLOR OPTIONS,01tVT00000DcwdOYAR
BLACK,BLACK,01tVT00000DcwdPYAR
BLACK,BLACK,01tVT00000DcwdQYAR
BLACK,BLACK,01tVT00000DcwdRYAR
BLACK,BLACK,01tVT00000DcwdSYAR
BLACK,BLACK,01tVT00000DcwdTYAR
BLACK,BLACK,01tVT00000DcwdUYAR
BLACK,BLACK,01tVT00000DcwdVYAR
BLACK,BLACK,01tVT00000DcwdWYAR
BLACK,BLACK,01tVT00000DcwdXYAR
BLACK,BLACK,01tVT00000DcwdYYAR
BLACK+WHITE,BLACK+WHITE,01tVT00000DcwdZYAR
BLACK+WHITE,BLACK+WHITE,01tVT00000DcwdaYAB
BLACK+WHITE,BLACK+WHITE,01tVT00000DcwdbYAB
BLACK+WHITE,BLACK+WHITE,01tVT00000DcwdcYAB
BLACK,BLACK,01tVT00000DcwddYAB
BLACK,BLACK,01tVT00000DcwdeYAB
BLACK,BLACK,01tVT00000DcwdfYAB
BLACK,BLACK,01tVT00000DcwdgYAB
BLACK,BLACK,01tVT00000DcwdhYAB
BLACK,BLACK,01tVT00000DcwdiYAB
BLACK,BLACK,01tVT00000DcwdjYAB
BLACK,BLACK,01tVT00000DcwdkYAB
BLACK,BLACK,01tVT00000DcwdlYAB
BLACK,BLACK,01tVT00000DcwdmYAB
BLACK,BLACK,01tVT00000DcwdnYAB
BLACK,BLACK,01tVT00000DcwdoYAB
BLACK,BLACK,01tVT00000DcwdpYAB
BLACK,BLACK,01tVT00000DcwdqYAB
BLACK,BLACK,01tVT00000DcwdrYAB
BLACK,BLACK,01tVT00000DcwdsYAB
BLACK,BLACK,01tVT00000DcwdtYAB
BLACK,BLACK,01tVT00000DcwduYAB
BLACK,BLACK,01tVT00000DcwdvYAB
BLACK,BLACK,01tVT00000DcwdwYAB
BLACK,BLACK,01tVT00000DcwdxYAB
BLACK,BLACK,01tVT00000DcwdyYAB
BLACK,BLACK,01tVT00000DcwdzYAB
COLOR OPTIONS,COLOR OPTIONS,01tVT00000Dcwe0YAB
BLACK,BLACK,01tVT00000Dcwe1YAB
BLACK,BLACK,01tVT00000Dcwe2YAB
BLACK,BLACK,01tVT00000Dcwe3YAB
BLACK,BLACK,01tVT00000Dcwe4YAB
BLACK,BLACK,01tVT00000Dcwe5YAB
BLACK,BLACK,01tVT00000Dcwe6YAB
BLACK,BLACK,01tVT00000DczkXYAR
BLACK,BLACK,01tVT00000DczkYYAR
BLACK,BLACK,01tVT00000DczkZYAR
BLACK,BLACK,01tVT00000DczkaYAB
BLACK,BLACK,01tVT00000DczkbYAB
BLACK,BLACK,01tVT00000DczkcYAB
WHITE,WHITE,01tVT00000DczkdYAB
BLACK+WHITE,BLACK+WHITE,01tVT00000DczkeYAB
BLACK,BLACK,01tVT00000DczkfYAB
BLACK+WHITE,BLACK+WHITE,01tVT00000DczkgYAB
BLACK+WHITE,BLACK+WHITE,01tVT00000DczkhYAB
BLACK+WHITE,BLACK+WHITE,01tVT00000DczkiYAB
BLACK+WHITE,BLACK+WHITE,01tVT00000DczkjYAB
RED+WHITE,RED+WHITE,01tVT00000DczkkYAB
GRAY,GRAY,01tVT00000DczklYAB
BLACK,BLACK,01tVT00000DczkmYAB
BLACK,BLACK,01tVT00000DczknYAB
BLACK,BLACK,01tVT00000DczkoYAB
BLACK,BLACK,01tVT00000DczkpYAB
IRON,IRON,01tVT00000DczkqYAB
WOODEN+IRON,WOODEN+IRON,01tVT00000DczkrYAB
WOODEN+IRON,WOODEN+IRON,01tVT00000DczksYAB
IRON,IRON,01tVT00000DczktYAB
WOOD+BLACK,WOOD+BLACK,01tVT00000Dd1XpYAJ
WOOD+WHITE,WOOD+WHITE,01tVT00000Dd1eHYAR
WOODEN + GREY,WOODEN + GREY,01tVT00000DdaddYAB
,WOODEN + GREY,01tVT00000DdaiTYAR
WOODEN + GREY,WOODEN + GREY,01tVT00000DdawzYAB
,WOODEN + GREY,01tVT00000Ddb3RYAR
BARREL-74,BARREL-74,01tVT00000DddYIYAZ
COLOR OPTIONS,COLOR OPTIONS,01tVT00000Dddy5YAB
,COLOR OPTIONS,01tVT00000Dde2vYAB
COLOR OPTIONS,COLOR OPTIONS,01tVT00000DdeMHYAZ
,COLOR OPTIONS,01tVT00000DdeNtYAJ
PC15-08,PC15-08,01tVT00000DdeZBYAZ
,PC15-08,01tVT00000Ddee1YAB
COLOR OPTIONS,COLOR OPTIONS,01tVT00000DdenhYAB
,COLOR OPTIONS,01tVT00000DdepJYAR
,BARREL-74,01tVT00000DdeyzYAB
OPTIONAL,OPTIONAL,01tVT00000DdhTpYAJ
,OPTIONAL,01tVT00000DdhbtYAB
COLOR OPTIONS,COLOR OPTIONS,01tVT00000DdixmYAB
COLOR OPTIONS,COLOR OPTIONS,01tVT00000Ddj7SYAR
COLOR OPTIONS,COLOR OPTIONS,01tVT00000DdjAgYAJ
,NATURAL,01tVT00000DdjKNYAZ
NATURAL,NATURAL,01tVT00000DdjNaYAJ
,COLOR OPTIONS,01tVT00000DdmlFYAR
COLOR OPTIONS,COLOR OPTIONS,01tVT00000DdnNxYAJ
,COLOR OPTIONS,01tVT00000DdnPZYAZ
,COLOR OPTIONS,01tVT00000Ddne5YAB
COLOR OPTIONS,COLOR OPTIONS,01tVT00000DdoblYAB
,COLOR OPTIONS,01tVT00000DdortYAB
,COLOR OPTIONS,01tVT00000DdozyYAB
COLOR OPTIONS,COLOR OPTIONS,01tVT00000DdpBFYAZ
,COLOR OPTIONS,01tVT00000DdpeHYAR
OPTIONAL,OPTIONAL,01tVT00000DdprBYAR
,BLACK,01tVT00000DdqC9YAJ
,COLOR OPTIONS,01tVT00000DdqQfYAJ
,BLACK,01tVT00000DdqvJYAR
,BLACK,01tVT00000Ddr9pYAB
,BLACK,01tVT00000DdrMjYAJ
,OPTIONAL,01tVT00000DfloIYAR
,OPTIONAL,01tVT00000Dfn3jYAB
,WOODEN,01tVT00000DfnYNYAZ
,OPTIONAL,01tVT00000DfokYYAR
,OPTIONAL,01tVT00000Dfoz3YAB
,OPTIONAL,01tVT00000Dfp3tYAB
,OPTIONAL,01tVT00000Dfp77YAB
,OPTIONAL,01tVT00000DfpFBYAZ
,OPTIONAL,01tVT00000DfpGnYAJ
,WOODEN,01tVT00000DfpK2YAJ
,OPTIONAL,01tVT00000DfpLdYAJ
,OPTIONAL,01tVT00000DfpQTYAZ
,OPTIONAL,01tVT00000DfpThYAJ
,OPTIONAL,01tVT00000DfpWvYAJ
,OPTIONAL,01tVT00000DfpblYAB
,OPTIONAL,01tVT00000DfpgbYAB
,OPTIONAL,01tVT00000DfpiDYAR
,OPTIONAL,01tVT00000DfpqHYAR
,WOODEN,01tVT00000Dfpv8YAB
,OPTIONAL,01tVT00000DfpzxYAB
,OPTIONAL,01tVT00000Dfq4nYAB
,WOODEN + BLACK,01tVT00000DfqHhYAJ
,OPTIONAL,01tVT00000DfqPlYAJ
,OPTIONAL,01tVT00000DfqUbYAJ
,WOODEN,01tVT00000DfqkjYAB
,WOODEN,01tVT00000DfqmLYAR
,WOODEN,01tVT00000Dfqw1YAB
,WOODEN,01tVT00000Dfr0rYAB
,WOODEN,01tVT00000Dfr5hYAB
,WOODEN,01tVT00000DfrDlYAJ
,BLACK + NATURAL,01tVT00000DfrKDYAZ
,BLACK + NATURAL,01tVT00000DfrP3YAJ
,BLACK + NATURAL,01tVT00000DfrbxYAB
,BLACK + NATURAL,01tVT00000DfrldYAB
,OPTIONAL,01tVT00000DfrorYAB
,OPTIONAL,01tVT00000DfrqTYAR
,OPTIONAL,01tVT00000DfsPyYAJ
,OPTIONAL,01tVT00000DfsY3YAJ
,OPTIONAL,01tVT00000DftXKYAZ
BLACK,BLACK,01tVT00000DftgzYAB
,OPTIONAL,01tVT00000Dfuy1YAB
,BLACK,01tVT00000Dfv65YAB
,OPTIONAL,01tVT00000DfvE9YAJ
,OPTIONAL,01tVT00000DfvPRYAZ
,OPTIONAL,01tVT00000DfvUHYAZ
,OPTIONAL,01tVT00000DfvajYAB
,OPTIONAL,01tVT00000DfvkPYAR
,OPTIONAL,01tVT00000DfvsTYAR
,OPTIONAL,01tVT00000Dfw29YAB
,OPTIONAL,01tVT00000Dfw6zYAB
,OPTIONAL,01tVT00000DfwLVYAZ
,BLACK,01tVT00000DfwN7YAJ
,OPTIONAL,01tVT00000DfwVBYAZ
,GREY,01tVT00000DfwgTYAR
BLACK,BLACK,01tVT00000DfwlJYAR
,WHITE,01tVT00000DfwmvYAB
,WHITE,01tVT00000DfwuzYAB
,BLACK,01tVT00000DfwwbYAB
,BLACK,01tVT00000Dfx1RYAR
,WOODEN + GREY,01tVT00000DfzRSYAZ
,BLACK,01tVT00000Dg153YAB
,BLACK,01tVT00000Dg1cvYAB
,RED+BLACK,01tVT00000Dg1t3YAB
,GREEN+BLACK,01tVT00000Dg22jYAB
,BLACK,01tVT00000Dg2PJYAZ
,BLACK,01tVT00000Dg2SXYAZ
,GREEN+BLACK,01tVT00000Dg2XNYAZ
,BLACK,01tVT00000Dg3DJYAZ
,BLACK,01tVT00000Dg3YIYAZ
,BLACK+WHITE,01tVT00000Dg3bVYAR
,OPTIONAL,01tVT00000Dg3q1YAB
,BLACK,01tVT00000Dg3wTYAR
,BLACK+WHITE,01tVT00000Dg41JYAR
,BLACK+WHITE,01tVT00000Dg469YAB
,BLACK+WHITE,01tVT00000Dg4EDYAZ
,OPTIONAL,01tVT00000Dg4SjYAJ
,OPTIONAL,01tVT00000Dg4e1YAB
,OPTIONAL,01tVT00000Dg4hFYAR
,OPTIONAL,01tVT00000Dg4m5YAB
,OPTIONAL,01tVT00000Dg4qvYAB
,OPTIONAL,01tVT00000Dg4xNYAR
,WOODEN + GREY,01tVT00000Dg58fYAB
,BLACK,01tVT00000Dg5AHYAZ
,WOODEN + GREY,01tVT00000Dg5F7YAJ
,WOODEN + BLACK,01tVT00000Dg5YTYAZ
,BLACK,01tVT00000Dg5a5YAB
,WOODEN + BLACK,01tVT00000Dg5evYAB
,BLACK,01tVT00000DgdWwYAJ
,BLACK,01tVT00000DggeTYAR
,BLACK,01tVT00000DggjJYAR
,BLACK,01tVT00000DggpmYAB
,BLACK,01tVT00000DggszYAB
,BLACK,01tVT00000DggxpYAB
,BLACK,01tVT00000DghlpYAB
,BLACK,01tVT00000DghsHYAR
,BLACK,01tVT00000Dgi6nYAB
,BLACK,01tVT00000DgiGTYAZ
,WOODEN+IRON,01tVT00000DgiunYAB
,WOODEN+IRON,01tVT00000DgizdYAB
,IRON,01tVT00000Dgj7hYAB
,WOODEN + BLACK,01tVT00000DgjVtYAJ
,WOODEN + BLACK,01tVT00000DgjZ7YAJ
,BLACK,01tVT00000DgjcLYAR
,WOODEN + BLACK,01tVT00000DgjdxYAB
,BLACK,01tVT00000DgjhBYAR
,GREY,01tVT00000DgjxJYAR
,BLACK,01tVT00000DgkLWYAZ
,BLACK,01tVT00000DgkWpYAJ
,BLACK,01tVT00000DglMQYAZ
,BLACK,01tVT00000DglflYAB
,GREY,01tVT00000Dglr3YAB
,BLACK,01tVT00000DglvtYAB
,BLACK,01tVT00000Dgm3xYAB
,BLACK,01tVT00000Dgm8nYAB
,BLACK,01tVT00000DgmC1YAJ
,BLACK,01tVT00000DgmGrYAJ
,BLACK,01tVT00000DgmNJYAZ
,BLACK,01tVT00000DgmWzYAJ
,BLACK,01tVT00000DgmjtYAB
,WHITE,01tVT00000DgmtZYAR
,BLACK+WHITE,01tVT00000DgmvBYAR
,BLACK,01tVT00000DgmyPYAR
,BLACK+WHITE,01tVT00000Dgn3FYAR
,BLACK+WHITE,01tVT00000DgnCvYAJ
,BLACK+WHITE,01tVT00000DgnHlYAJ
,BLACK+WHITE,01tVT00000DgnWHYAZ
,RED+WHITE,01tVT00000DgnXtYAJ
,BLACK,01tVT00000DgncjYAB
,BLACK,01tVT00000DgnknYAB
,BLACK,01tVT00000DgnpdYAB
,BLACK,01tVT00000DgnzJYAR
,BLACK,01tVT00000Dgo2XYAR
,COLOR OPTIONS,01tVT00000Dgo49YAB
,BLACK,01tVT00000DgoAbYAJ
,BLACK,01tVT00000DgoDpYAJ
,BLACK,01tVT00000DgoH3YAJ
,BLACK,01tVT00000DgoP7YAJ
,BLACK,01tVT00000DgoXBYAZ
,BLACK,01tVT00000DgoybYAB
,BLACK,01tVT00000Dgp3RYAR
,BLACK,01tVT00000DgpEjYAJ
,BLACK,01tVT00000DgpHxYAJ
,COLOR OPTIONS,01tVT00000DgpOPYAZ
,BLACK,01tVT00000DgpUsYAJ
,BLACK,01tVT00000DgpbJYAR
,BLACK,01tVT00000DgpoDYAR
,BLACK,01tVT00000Dgpt3YAB
,BLACK,01tVT00000DgpzVYAR
,BLACK,01tVT00000Dgq4LYAR
,BLACK,01tVT00000Dgq5xYAB
,BLACK,01tVT00000DgqM5YAJ
,BLACK,01tVT00000DgqQvYAJ
,BLACK,01tVT00000DgqU9YAJ
,BLACK,01tVT00000DgqdpYAB
,GRAY,01tVT00000DgrWfYAJ
,BLACK,01tVT00000Dgrd7YAB
,BLACK,01tVT00000DgrlBYAR
,BLACK,01tVT00000Dgrq1YAB
,BLACK,01tVT00000DgssXYAR
,NEGRO,01tVT00000DgtobYAB
,NEGRO,01tVT00000DguJFYAZ
,BLACK,01tVT00000DgumHYAR
,BLACK,01tVT00000Dgwg1YAB
,OPTIONAL,01tVT00000DgxFVYAZ
WHITE,WHITE,01tVT00000DhZFxYAN
,WHITE,01tVT00000DhZMPYA3
,BLACK/ SILVER/ GOLD,01tVT00000DhZUUYA3
BLACK/ SILVER/ GOLD,BLACK/ SILVER/ GOLD,01tVT00000DhZcXYAV
WHITE,WHITE,01tVT00000DhZuHYAV
KHAKHI,KHAKHI,01tVT00000Dha2MYAR
,WHITE,01tVT00000Dha7BYAR
,KHAKHI,01tVT00000DhaFFYAZ
,BROWN,01tVT00000DhawnYAB
BLACK,BLACK,01tVT00000Dhd8HYAR
OPTIONAL,OPTIONAL,01tVT00000Dhd8IYAR
OPTIONAL,OPTIONAL,01tVT00000Dhd8JYAR
OPTIONAL,OPTIONAL,01tVT00000Dhd8KYAR
OPTIONAL,OPTIONAL,01tVT00000Dhd8LYAR
OPTIONAL,OPTIONAL,01tVT00000Dhd8MYAR
OPTIONAL,OPTIONAL,01tVT00000Dhd8NYAR
OPTIONAL,OPTIONAL,01tVT00000Dhd8OYAR
OPTIONAL,OPTIONAL,01tVT00000Dhd8PYAR
OPTIONAL,OPTIONAL,01tVT00000Dhd8QYAR
OPTIONAL,OPTIONAL,01tVT00000Dhd8RYAR
OPTIONAL,OPTIONAL,01tVT00000Dhd8SYAR
OPTIONAL,OPTIONAL,01tVT00000Dhd8TYAR
OPTIONAL,OPTIONAL,01tVT00000Dhd8UYAR
OPTIONAL,OPTIONAL,01tVT00000Dhd8VYAR
OPTIONAL,OPTIONAL,01tVT00000Dhd8WYAR
OPTIONAL,OPTIONAL,01tVT00000Dhd8XYAR
OPTIONAL,OPTIONAL,01tVT00000Dhd8YYAR
GREY,GREY,01tVT00000Dhd8ZYAR
GREY,GREY,01tVT00000Dhd8aYAB
NATURAL,NATURAL,01tVT00000Dhd8bYAB
OPTIONAL,OPTIONAL,01tVT00000Dhd8cYAB
OPTIONAL,OPTIONAL,01tVT00000Dhd8dYAB
COLOR OPTIONS,COLOR OPTIONS,01tVT00000Dhd9tYAB
COLOR OPTIONS,COLOR OPTIONS,01tVT00000DhfbVYAR
,COLOR OPTIONS,01tVT00000DhfgLYAR
,COLOR OPTIONS,01tVT00000DhfwTYAR
COLOR OPTIONS,COLOR OPTIONS,01tVT00000Dhg69YAB
,COLOR OPTIONS,01tVT00000Dhg9NYAR
COLOR OPTIONS,COLOR OPTIONS,01tVT00000DhgJ3YAJ
,COLOR OPTIONS,01tVT00000DhgKfYAJ
,BLACK,01tVT00000DhgqvYAB
,OPTIONAL,01tVT00000DhgqwYAB
,OPTIONAL,01tVT00000DhgqxYAB
,OPTIONAL,01tVT00000DhgqyYAB
,OPTIONAL,01tVT00000DhgqzYAB
,OPTIONAL,01tVT00000Dhgr0YAB
,OPTIONAL,01tVT00000Dhgr1YAB
,OPTIONAL,01tVT00000Dhgr2YAB
,OPTIONAL,01tVT00000Dhgr3YAB
,OPTIONAL,01tVT00000Dhgr4YAB
,OPTIONAL,01tVT00000Dhgr5YAB
,OPTIONAL,01tVT00000Dhgr6YAB
,OPTIONAL,01tVT00000Dhgr7YAB
,OPTIONAL,01tVT00000Dhgr8YAB
,OPTIONAL,01tVT00000Dhgr9YAB
,OPTIONAL,01tVT00000DhgrAYAR
,OPTIONAL,01tVT00000DhgrBYAR
,OPTIONAL,01tVT00000DhgrCYAR
,GREY,01tVT00000DhgrDYAR
,GREY,01tVT00000DhgrEYAR
,NATURAL,01tVT00000DhgrFYAR
,OPTIONAL,01tVT00000DhgrGYAR
,OPTIONAL,01tVT00000DhgrHYAR
,COLOR OPTIONS,01tVT00000DhikgYAB
COLOR OPTIONS,COLOR OPTIONS,01tVT00000DhixZYAR
,COLOR OPTIONS,01tVT00000Dhj2PYAR
COLOR OPTIONS,COLOR OPTIONS,01tVT00000DhjYfYAJ
,WHITE + NATURAL,01tVT00000DjIkUYAV
,BROWN,01tVT00000DjJAHYA3
,WHITE,01tVT00000DjJVFYA3
WHITE + NATURAL,WHITE + NATURAL,01tVT00000DjJevYAF
BROWN,BROWN,01tVT00000DjJtRYAV
,BROWN,01tVT00000DjJv3YAF
OPTIONAL,OPTIONAL,01tVT00000DjODBYA3
OPTIONAL,OPTIONAL,01tVT00000DjOTJYA3
OPTIONAL,OPTIONAL,01tVT00000DjOTKYA3
OPTIONAL,OPTIONAL,01tVT00000DjOTLYA3
OPTIONAL,OPTIONAL,01tVT00000DjOTMYA3
OPTIONAL,OPTIONAL,01tVT00000DjOTNYA3
,OPTIONAL,01tVT00000DjOgDYAV
,OPTIONAL,01tVT00000DjOgEYAV
,OPTIONAL,01tVT00000DjOgFYAV
,OPTIONAL,01tVT00000DjOgGYAV
,OPTIONAL,01tVT00000DjOgHYAV
,OPTIONAL,01tVT00000DjOgIYAV
,BLACK/ SILVER/ GOLD,01tVT00000DjSofYAF
,WHITE,01tVT00000DjSv7YAF
,WHITE,01tVT00000DjSzxYAF
,KHAKHI,01tVT00000DjT1ZYAV
COLOR OPTIONS,COLOR OPTIONS,01tVT00000DjVEfYAN
COLOR OPTIONS,COLOR OPTIONS,01tVT00000DjVEgYAN
COLOR OPTIONS,COLOR OPTIONS,01tVT00000DjVEhYAN
COLOR OPTIONS,COLOR OPTIONS,01tVT00000DjVEiYAN
OIL FINISH,OIL FINISH,01tVT00000DjVEjYAN
OIL FINISH,OIL FINISH,01tVT00000DjVEkYAN
OIL FINISH,OIL FINISH,01tVT00000DjVElYAN
OIL FINISH,OIL FINISH,01tVT00000DjVEmYAN
,COLOR OPTIONS,01tVT00000DjVPxYAN
,COLOR OPTIONS,01tVT00000DjVPyYAN
,COLOR OPTIONS,01tVT00000DjVPzYAN
,COLOR OPTIONS,01tVT00000DjVQ0YAN
,OIL FINISH,01tVT00000DjVQ1YAN
,OIL FINISH,01tVT00000DjVQ2YAN
,OIL FINISH,01tVT00000DjVQ3YAN
,OIL FINISH,01tVT00000DjVQ4YAN
,NATURAL WOODEN,01tVT00000DlYl8YAF
,NATURAL WOODEN,01tVT00000DlYl9YAF
,NATURAL WOODEN,01tVT00000DlYlAYAV
,WHITE,01tVT00000DlYlBYAV
,WHITE,01tVT00000DlYlCYAV
NATURAL WOODEN,NATURAL WOODEN,01tVT00000DlYrZYAV
NATURAL WOODEN,NATURAL WOODEN,01tVT00000DlYraYAF
NATURAL WOODEN,NATURAL WOODEN,01tVT00000DlYrbYAF
WHITE,WHITE,01tVT00000DlYrcYAF
WHITE,WHITE,01tVT00000DlYrdYAF
WHITE,WHITE,01tVT00000DlfcvYAB
,WHITE,01tVT00000DlfhlYAB
,WHITE,01tVT00000DlfjNYAR
WHITE,WHITE,01tVT00000Dm6rdYAB
,WHITE,01tVT00000Dm6reYAB
OPTIONAL,OPTIONAL,01tVT00000DmXVFYA3
,OPTIONAL,01tVT00000DmXevYAF
,NATURAL,01tVT00000DnLGkYAN
,WOOD,01tVT00000DnOCzYAN
NATURAL,NATURAL,01tVT00000DnPqbYAF
,NATURAL,01tVT00000DnPvRYAV
NATURAL,NATURAL,01tVT00000DnQhpYAF
COLOR OPTIONS,COLOR OPTIONS,01tVT00000DnRPNYA3
COLOR OPTIONS,COLOR OPTIONS,01tVT00000DnRPOYA3
,COLOR OPTIONS,01tVT00000DnRUDYA3
,COLOR OPTIONS,01tVT00000DnRUEYA3
,GREY,01tVT00000Do1z8YAB
,GREEN,01tVT00000Do1z9YAB
COLOR OPTIONS,COLOR OPTIONS,01tVT00000Do7ZtYAJ
COLOR OPTIONS,COLOR OPTIONS,01tVT00000Do7ZuYAJ
COLOR OPTIONS,COLOR OPTIONS,01tVT00000Do7ZvYAJ
COLOR OPTIONS,COLOR OPTIONS,01tVT00000Do7ZwYAJ
COLOR OPTIONS,COLOR OPTIONS,01tVT00000Do7ZxYAJ
COLOR OPTIONS,COLOR OPTIONS,01tVT00000Do7ZyYAJ
COLOR OPTIONS,COLOR OPTIONS,01tVT00000Do7ZzYAJ
COLOR OPTIONS,COLOR OPTIONS,01tVT00000Do7a0YAB
COLOR OPTIONS,COLOR OPTIONS,01tVT00000Do7a1YAB
COLOR OPTIONS,COLOR OPTIONS,01tVT00000Do7a2YAB
COLOR OPTIONS,COLOR OPTIONS,01tVT00000Do7a3YAB
COLOR OPTIONS,COLOR OPTIONS,01tVT00000Do7a4YAB
COLOR OPTIONS,COLOR OPTIONS,01tVT00000Do7a5YAB
COLOR OPTIONS,COLOR OPTIONS,01tVT00000Do7a6YAB
BLACK,BLACK,01tVT00000Do7a7YAB
BLACK,BLACK,01tVT00000Do7a8YAB
BLACK,BLACK,01tVT00000Do7a9YAB
BLACK,BLACK,01tVT00000Do7aAYAR
COLOR OPTIONS,COLOR OPTIONS,01tVT00000Do7aBYAR
COLOR OPTIONS,COLOR OPTIONS,01tVT00000Do7aCYAR
COLOR OPTIONS,COLOR OPTIONS,01tVT00000Do7aDYAR
COLOR OPTIONS,COLOR OPTIONS,01tVT00000Do7aEYAR
COLOR OPTIONS,COLOR OPTIONS,01tVT00000Do7aFYAR
COLOR OPTIONS,COLOR OPTIONS,01tVT00000Do7aGYAR
COLOR OPTIONS,COLOR OPTIONS,01tVT00000Do7aHYAR
COLOR OPTIONS,COLOR OPTIONS,01tVT00000Do7aIYAR
COLOR OPTIONS,COLOR OPTIONS,01tVT00000Do7aKYAR
COLOR OPTIONS,COLOR OPTIONS,01tVT00000Do7aLYAR
COLOR OPTIONS,COLOR OPTIONS,01tVT00000Do7aMYAR
COLOR OPTIONS,COLOR OPTIONS,01tVT00000Do7aNYAR
COLOR OPTIONS,COLOR OPTIONS,01tVT00000Do7aOYAR
COLOR OPTIONS,COLOR OPTIONS,01tVT00000Do7aPYAR
COLOR OPTIONS,COLOR OPTIONS,01tVT00000Do7aQYAR
COLOR OPTIONS,COLOR OPTIONS,01tVT00000Do7aRYAR
COLOR OPTIONS,COLOR OPTIONS,01tVT00000Do7aSYAR
COLOR OPTIONS,COLOR OPTIONS,01tVT00000Do7aTYAR
COLOR OPTIONS,COLOR OPTIONS,01tVT00000Do7aUYAR
COLOR OPTIONS,COLOR OPTIONS,01tVT00000Do7aVYAR
COLOR OPTIONS,COLOR OPTIONS,01tVT00000Do7aWYAR
COLOR OPTIONS,COLOR OPTIONS,01tVT00000Do7aXYAR
COLOR OPTIONS,COLOR OPTIONS,01tVT00000Do7aYYAR
COLOR OPTIONS,COLOR OPTIONS,01tVT00000Do7aZYAR
COLOR OPTIONS,COLOR OPTIONS,01tVT00000Do7aaYAB
COLOR OPTIONS,COLOR OPTIONS,01tVT00000Do7abYAB
COLOR OPTIONS,COLOR OPTIONS,01tVT00000Do7acYAB
COLOR OPTIONS,COLOR OPTIONS,01tVT00000Do7adYAB
COLOR OPTIONS,COLOR OPTIONS,01tVT00000Do7aeYAB
COLOR OPTIONS,COLOR OPTIONS,01tVT00000Do7afYAB
COLOR OPTIONS,COLOR OPTIONS,01tVT00000Do7agYAB
COLOR OPTIONS,COLOR OPTIONS,01tVT00000Do7ahYAB
COLOR OPTIONS,COLOR OPTIONS,01tVT00000Do7aiYAB
,COLOR OPTIONS,01tVT00000Do7hxYAB
,COLOR OPTIONS,01tVT00000Do7hyYAB
,COLOR OPTIONS,01tVT00000Do7hzYAB
,COLOR OPTIONS,01tVT00000Do7i0YAB
,COLOR OPTIONS,01tVT00000Do7i1YAB
,COLOR OPTIONS,01tVT00000Do7i2YAB
,COLOR OPTIONS,01tVT00000Do7i3YAB
,COLOR OPTIONS,01tVT00000Do7i4YAB
,COLOR OPTIONS,01tVT00000Do7i5YAB
,COLOR OPTIONS,01tVT00000Do7i6YAB
,COLOR OPTIONS,01tVT00000Do7i7YAB
,COLOR OPTIONS,01tVT00000Do7i8YAB
,COLOR OPTIONS,01tVT00000Do7i9YAB
,COLOR OPTIONS,01tVT00000Do7iAYAR
,BLACK,01tVT00000Do7iBYAR
,BLACK,01tVT00000Do7iCYAR
,BLACK,01tVT00000Do7iDYAR
,BLACK,01tVT00000Do7iEYAR
,COLOR OPTIONS,01tVT00000Do7iFYAR
,COLOR OPTIONS,01tVT00000Do7iGYAR
,COLOR OPTIONS,01tVT00000Do7iHYAR
,COLOR OPTIONS,01tVT00000Do7iIYAR
,COLOR OPTIONS,01tVT00000Do7iJYAR
,COLOR OPTIONS,01tVT00000Do7iKYAR
,COLOR OPTIONS,01tVT00000Do7iLYAR
,COLOR OPTIONS,01tVT00000Do7iMYAR
,COLOR OPTIONS,01tVT00000Do7iOYAR
,COLOR OPTIONS,01tVT00000Do7iPYAR
,COLOR OPTIONS,01tVT00000Do7iQYAR
,COLOR OPTIONS,01tVT00000Do7iRYAR
,COLOR OPTIONS,01tVT00000Do7iSYAR
,COLOR OPTIONS,01tVT00000Do7iTYAR
,COLOR OPTIONS,01tVT00000Do7iUYAR
,COLOR OPTIONS,01tVT00000Do7iVYAR
,COLOR OPTIONS,01tVT00000Do7iWYAR
,COLOR OPTIONS,01tVT00000Do7iXYAR
,COLOR OPTIONS,01tVT00000Do7iYYAR
,COLOR OPTIONS,01tVT00000Do7iZYAR
,COLOR OPTIONS,01tVT00000Do7iaYAB
,COLOR OPTIONS,01tVT00000Do7ibYAB
,COLOR OPTIONS,01tVT00000Do7icYAB
,COLOR OPTIONS,01tVT00000Do7idYAB
,COLOR OPTIONS,01tVT00000Do7ieYAB
,COLOR OPTIONS,01tVT00000Do7ifYAB
,COLOR OPTIONS,01tVT00000Do7igYAB
,COLOR OPTIONS,01tVT00000Do7ihYAB
,COLOR OPTIONS,01tVT00000Do7iiYAB
,COLOR OPTIONS,01tVT00000Do7ijYAB
,COLOR OPTIONS,01tVT00000Do7ikYAB
,COLOR OPTIONS,01tVT00000Do7ilYAB
,COLOR OPTIONS,01tVT00000Do7imYAB
GREY,GREY,01tVT00000Do7wTYAR
GREEN,GREEN,01tVT00000Do7wUYAR
COLOR OPTIONS,COLOR OPTIONS,01tVT00000Do9dJYAR
COLOR OPTIONS,COLOR OPTIONS,01tVT00000Do9dKYAR
,COLOR OPTIONS,01tVT00000Do9i9YAB
,COLOR OPTIONS,01tVT00000Do9iAYAR
COLOR OPTIONS,COLOR OPTIONS,01tVT00000DoBQbYAN
,COLOR OPTIONS,01tVT00000DoBVRYA3
,COLOR OPTIONS,01tVT00000DoBgjYAF
,WHITE/BLACK/GOLD/SILVER,01tVT00000DoMM1YAN
BLACK,BLACK,01tVT00000Dp5PZYAZ
,BLACK,01tVT00000Dp5UPYAZ
WHITE,WHITE,01tVT00000Dp9RZYAZ
,WHITE,01tVT00000Dp9ZdYAJ
BLACK/SILVER/GOLD,BLACK/SILVER/GOLD,01tVT00000Dp9mXYAR
,BLACK/SILVER/GOLD,01tVT00000Dp9ubYAB
,GREY,01tVT00000DpKd7YAF
COLOR OPTIONS,COLOR OPTIONS,01tVT00000DpL2vYAF
,COLOR OPTIONS,01tVT00000DpMgXYAV
WHITE,WHITE,01tVT00000DsCEPYA3
,WHITE,01tVT00000DsCW9YAN
BLACK,BLACK,01tVT00000DsiHWYAZ
,BLACK,01tVT00000DsiHXYAZ
GREY,GREY,01tVT00000Du5qLYAR
,GREY,01tVT00000Du5vBYAR
BLACK,BLACK,01tVT00000Du8kzYAB
,BLACK,01tVT00000Du8ppYAB
BLACK,BLACK,01tVT00000Du8wHYAR
,BLACK,01tVT00000Du917YAB
BLACK,BLACK,01tVT00000Du9xBYAR
BLACK,BLACK,01tVT00000DuAEvYAN
,BLACK,01tVT00000DuBCbYAN
,BLACK,01tVT00000DuBNtYAN
STRIPE,STRIPE,01tVT00000DuBkTYAV
,STRIPE,01tVT00000DuBqvYAF
STRIPE,STRIPE,01tVT00000DuBxNYAV
,STRIPE,01tVT00000DuByzYAF
,BLACK,01tVT00000DumfDYAR
,BLACK,01tVT00000DumfEYAR
,BLACK,01tVT00000DumfFYAR
,BLACK,01tVT00000DumfGYAR
,BLACK,01tVT00000DumfHYAR
,BLACK,01tVT00000DumfIYAR
,BLACK,01tVT00000DumfJYAR
,BLACK,01tVT00000DumfKYAR
,BLACK,01tVT00000DumfLYAR
,WOODEN&SILVER,01tVT00000DumfMYAR
BLACK,BLACK,01tVT00000DunGHYAZ
BLACK,BLACK,01tVT00000DunGIYAZ
BLACK,BLACK,01tVT00000DunGJYAZ
BLACK,BLACK,01tVT00000DunGKYAZ
BLACK,BLACK,01tVT00000DunGLYAZ
BLACK,BLACK,01tVT00000DunGMYAZ
BLACK,BLACK,01tVT00000DunGNYAZ
BLACK,BLACK,01tVT00000DunGOYAZ
BLACK,BLACK,01tVT00000DunGPYAZ
WOODEN&SILVER,WOODEN&SILVER,01tVT00000DunGQYAZ
WOODEN,WOODEN,01tVT00000DunGRYAZ
WOODEN,WOODEN,01tVT00000DunZeYAJ
,WOODEN,01tVT00000Dung5YAB
,NATURAL,01tVT00000DxdvVYAR
NEGRO,NEGRO,01tVT00000E0EKfYAN
