Color__c,Color2__c,Id
WHITE + WOOD,WHITE + WOOD,01t4w00000NO0PuAAL
,WHITE + WOOD,01t4w00000NO0PvAAL
WOOD + GREY,WOOD + GREY,01t4w00000NO0PwAAL
,WOOD + GREY,01t4w00000NO0PxAAL
,WOOD + GREY,01t4w00000NO0PzAAL
WOOD + GREY,WOOD + GREY,01t4w00000NO0Q0AAL
WOOD + GREY,WOOD + GREY,01t4w00000NO0Q4AAL
,WOOD + GREY,01t4w00000NO0Q9AAL
WOOD + GREY,WOOD + GREY,01t4w00000NO0QEAA1
,WHITE + BLACK,01t4w00000NO0QFAA1
,WOOD + GREY,01t4w00000NO0QJAA1
WHITE + BLACK,WHITE + BLACK,01t4w00000NO0QOAA1
WOOD + BLACK,WOOD + BLACK,01t4w00000NO0QTAA1
,WOOD + BLACK,01t4w00000NO0QYAA1
,WOOD,01t4w00000NO0QZAA1
WHITE,WHITE,01t4w00000NO0QaAAL
BLUE + WOOD,BLUE + WOOD,01t4w00000NO0QdAAL
,BLUE + WOOD,01t4w00000NO0QeAAL
MULTIPLE,MULTIPLE,01t4w00000NO0QiAAL
,MULTIPLE,01t4w00000NO0QnAAL
WOOD,WOOD,01t4w00000NO0QsAAL
,WHITE,01t4w00000NO0QxAAL
WHITE,WHITE,01t4w00000NO0UQAA1
,WHITE,01t4w00000NO0UVAA1
BLUE,BLUE,01t4w00000NhOlcAAF
,BLUE,01t4w00000NhOlhAAF
WHITE,WHITE,01t4w00000NhOlmAAF
,WHITE,01t4w00000NhOlnAAF
,BLACK,01t4w00000NhOloAAF
WHITE,WHITE,01t4w00000NhOlpAAF
,WHITE,01t4w00000NhOlqAAF
BLUE,BLUE,01t4w00000NhOlrAAF
,BLUE,01t4w00000NhOlsAAF
BLUE,BLUE,01t4w00000NhOlwAAF
,BLUE,01t4w00000NhOlxAAF
BLACK,BLACK,01t4w00000NhOlyAAF
BLUE,BLUE,01t4w00000NhOm1AAF
,BLUE,01t4w00000NhOm6AAF
BLUE,BLUE,01t4w00000NhOmBAAV
WHITE,,01t4w00000NulalAAB
,WOOD,01t4w00000Nulb1AAB
GOLD,GOLD,01t4w00000Nulb5AAB
,GOLD,01t4w00000Nulb6AAB
,BLUE,01t4w00000Nulb7AAB
BLACK,BLACK,01t4w00000NulbsAAB
,BLACK,01t4w00000NulbtAAB
WOOD,WOOD,01t4w00000NulbuAAB
,WOOD,01t4w00000NulbvAAB
WHITE,WHITE,01t4w00000NulbwAAB
WHITE,WHITE,01t4w00000NulbxAAB
BLACK+BROWN,BLACK+BROWN,01t4w00000NulbyAAB
,BLACK+BROWN,01t4w00000NulbzAAB
BEIGE+YELLOW+BROWN,BEIGE+YELLOW+BROWN,01t4w00000Nulc0AAB
,BEIGE+YELLOW+BROWN,01t4w00000Nulc1AAB
BLACK+BROWN,BLACK+BROWN,01t4w00000Nulc2AAB
BEIGE+YELLOW+BROWN,BEIGE+YELLOW+BROWN,01t4w00000Nulc3AAB
,BLACK+BROWN,01t4w00000Nulc4AAB
,BEIGE+YELLOW+BROWN,01t4w00000Nulc5AAB
GREY,GREY,01t4w00000Nulc7AAB
WARM GREY,WARM GREY,01t4w00000Nulc8AAB
WHITE,WHITE,01t4w00000Nulc9AAB
,WHITE,01t4w00000NulcAAAR
,GREY,01t4w00000NulcCAAR
,WARM GREY,01t4w00000NulcDAAR
,WHITE,01t4w00000NulcEAAR
,WHITE,01t4w00000NulcFAAR
WHITE,WHITE,01t4w00000NulcGAAR
,WHITE,01t4w00000NulcHAAR
,WHITE,01t4w00000NulcIAAR
WHITE,WHITE,01t4w00000NulcJAAR
GREEN,GREEN,01t4w00000NulcKAAR
,GREEN,01t4w00000NulcLAAR
"PINK, BLUE OR GREEN","PINK, BLUE OR GREEN",01t4w00000NulcMAAR
,"PINK, BLUE OR GREEN",01t4w00000NulcNAAR
BLUE+WHITE,BLUE+WHITE,01t4w00000NulcOAAR
,BLUE+WHITE,01t4w00000NulcPAAR
NATURAL+MULTIPLE,NATURAL+MULTIPLE,01t4w00000NulcQAAR
,BLUE,01t4w00000NulcRAAR
,NATURAL+MULTIPLE,01t4w00000NulcSAAR
BLUE,BLUE,01t4w00000NulcTAAR
WHITE,WHITE,01t4w00000NulcUAAR
,WHITE,01t4w00000NulcVAAR
WHITE,WHITE,01t4w00000NulcWAAR
,WHITE,01t4w00000NulcXAAR
NATURAL,NATURAL,01t4w00000NulcYAAR
WHITE,WHITE,01t4w00000NulcZAAR
,NATURAL,01t4w00000NulcaAAB
WHITE,WHITE,01t4w00000NulcbAAB
,WHITE,01t4w00000NulccAAB
SANDIA,SANDIA,01t4w00000NulcdAAB
,SANDIA,01t4w00000NulceAAB
STRIPE,STRIPE,01t4w00000NulchAAB
,STRIPE,01t4w00000NulciAAB
,WHITE,01t4w00000NulcjAAB
WHITE,WHITE,01t4w00000NulckAAB
,WHITE,01t4w00000NulclAAB
WHITE,WHITE,01t4w00000NulcmAAB
,WHITE,01t4w00000NulcnAAB
BLACK,BLACK,01t4w00000NulcoAAB
,BLACK,01t4w00000NulcpAAB
NATURAL,NATURAL,01t4w00000NulcqAAB
,NATURAL,01t4w00000NulcrAAB
BLACK+WOOD DARK,BLACK+WOOD DARK,01t4w00000NulcsAAB
,BLACK+WOOD DARK,01t4w00000NulctAAB
NATURAL,NATURAL,01t4w00000NulcvAAB
,NATURAL,01t4w00000NulcwAAB
WHITE,WHITE,01t4w00000NulcxAAB
YELLOW,WHITE,01t4w00000NulcyAAB
PURPLE,PURPLE,01t4w00000NulczAAB
,PURPLE,01t4w00000Nuld0AAB
BLACK,BLACK,01t4w00000Nuld1AAB
BLACK,BLACK,01t4w00000Nuld2AAB
GREY,GREY,01t4w00000Nuld3AAB
,GREY,01t4w00000Nuld4AAB
BLACK,BLACK,01t4w00000Nuld5AAB
,BLACK,01t4w00000Nuld6AAB
BLUE,BLUE,01t4w00000Nuld7AAB
WHITE,WHITE,01t4w00000Nuld8AAB
,WHITE,01t4w00000Nuld9AAB
BLUE,BLUE,01t4w00000NuldAAAR
,BLUE,01t4w00000NuldBAAR
ORANGE,ORANGE,01t4w00000NuldCAAR
,ORANGE,01t4w00000NuldDAAR
YELLOW,YELLOW,01t4w00000NuldEAAR
,YELLOW,01t4w00000NuldFAAR
GIRL,GIRL,01t4w00000NuldGAAR
,GIRL,01t4w00000NuldHAAR
NATURAL+WHITE,NATURAL+WHITE,01t4w00000NuldIAAR
,NATURAL+WHITE,01t4w00000NuldJAAR
,NATURAL+GREY,01t4w00000NuldKAAR
NATURAL+GREY,NATURAL+GREY,01t4w00000NuldLAAR
BLACK,BLACK,01t4w00000NuldMAAR
,BLACK,01t4w00000NuldNAAR
BLACK,BLACK,01t4w00000NuldOAAR
,BLACK,01t4w00000NuldPAAR
WHITE,WHITE,01t4w00000NuldQAAR
,WHITE,01t4w00000NuldRAAR
GREY,GREY,01t4w00000NuldSAAR
,GREY,01t4w00000NuldTAAR
NATURAL,NATURAL,01t4w00000NuldUAAR
,NATURAL,01t4w00000NuldVAAR
WHITE,WHITE,01t4w00000NuldWAAR
GREY+NATURAL,GREY+NATURAL,01t4w00000NuldXAAR
,WHITE,01t4w00000NuldYAAR
,GREY+NATURAL,01t4w00000NuldZAAR
WHITE+NATURAL,WHITE+NATURAL,01t4w00000NuldaAAB
,WHITE+NATURAL,01t4w00000NuldbAAB
NATURAL+WHITE,NATURAL+WHITE,01t4w00000NuldcAAB
,NATURAL+WHITE,01t4w00000NulddAAB
WHITE+WOOD,WHITE+WOOD,01t4w00000NuldeAAB
,WHITE+WOOD,01t4w00000NuldfAAB
WHITE+WOOD,WHITE+WOOD,01t4w00000NuldgAAB
,WHITE+WOOD,01t4w00000NuldhAAB
,WHITE,01t4w00000NuldiAAB
WHITE,WHITE,01t4w00000NuldjAAB
BLACK,BLACK,01t4w00000NuldkAAB
,BLACK,01t4w00000NuldlAAB
WHITE+NATURAL,WHITE+NATURAL,01t4w00000NuldmAAB
,WHITE+NATURAL,01t4w00000NuldnAAB
WHITE+BLACK,WHITE+BLACK,01t4w00000NuldoAAB
,WHITE+BLACK,01t4w00000NuldpAAB
WHITE+NATURAL,WHITE+NATURAL,01t4w00000NuldqAAB
,WHITE+NATURAL,01t4w00000NuldrAAB
ORANGE,ORANGE,01t4w00000NuldsAAB
,ORANGE,01t4w00000NuldtAAB
GREY,GREY,01t4w00000NulduAAB
,GREY,01t4w00000NuldvAAB
BEIGE+YELLOW+BROWN,BEIGE+YELLOW+BROWN,01t4w00000NuldyAAB
,BEIGE+YELLOW+BROWN,01t4w00000NuldzAAB
BLACK+BROWN,BLACK+BROWN,01t4w00000Nule0AAB
,BLACK+BROWN,01t4w00000Nule1AAB
,BLACK,01t4w00000Nule2AAB
BLACK,BLACK,01t4w00000Nule3AAB
GREY + BLACK,GREY + BLACK,01t4w00000Nule4AAB
,GREY + BLACK,01t4w00000Nule5AAB
BLACK,BLACK,01t4w00000Nule6AAB
,BLACK,01t4w00000Nule7AAB
,BLACK,01t4w00000Nule8AAB
BLACK,BLACK,01t4w00000Nule9AAB
,BLACK,01t4w00000NuleAAAR
CROMADO+BROWN,CROMADO+BROWN,01t4w00000NuleBAAR
,CROMADO+BROWN,01t4w00000NuleCAAR
NATURAL,NATURAL,01t4w00000NuleDAAR
,NATURAL,01t4w00000NuleEAAR
NATURAL,NATURAL,01t4w00000NuleFAAR
,NATURAL,01t4w00000NuleGAAR
,NATURAL,01t4w00000NuleHAAR
NATURAL,NATURAL,01t4w00000NuleIAAR
ACACIA,ACACIA,01t4w00000NuleJAAR
,ACACIA,01t4w00000NuleKAAR
NATURAL,NATURAL,01t4w00000NuleLAAR
NATURAL,NATURAL,01t4w00000NuleMAAR
NATURAL,NATURAL,01t4w00000NuleNAAR
,NATURAL,01t4w00000NuleOAAR
NATURAL,NATURAL,01t4w00000NulePAAR
,NATURAL,01t4w00000NuleQAAR
NATURAL,NATURAL,01t4w00000NuleRAAR
,NATURAL,01t4w00000NuleSAAR
NATURAL,NATURAL,01t4w00000NuleTAAR
,NATURAL,01t4w00000NuleUAAR
NATURAL,NATURAL,01t4w00000NuleVAAR
,NATURAL,01t4w00000NuleWAAR
NATURAL,NATURAL,01t4w00000NuleXAAR
,NATURAL,01t4w00000NuleYAAR
GREY,GREY,01t4w00000NuledAAB
,GREY,01t4w00000NuleeAAB
WHITE,WHITE,01t4w00000NulefAAB
,WHITE,01t4w00000NulegAAB
WARM GREY,WARM GREY,01t4w00000NulehAAB
WHITE,WARM GREY,01t4w00000NuleiAAB
WHITE,WHITE,01t4w00000NulejAAB
,WHITE,01t4w00000NulekAAB
BLACK,BLACK,01t4w00000NulelAAB
,BLACK,01t4w00000NulemAAB
GREY,GREY,01t4w00000NulenAAB
,GREY,01t4w00000NuleoAAB
,NATURAL,01t4w00000NulepAAB
,NATURAL,01t4w00000NuleqAAB
BLACK,BLACK,01t4w00000NulerAAB
,BLACK,01t4w00000NulesAAB
WHITE,WHITE,01t4w00000NuletAAB
WHITE,WHITE,01t4w00000NuleuAAB
WHITE,WHITE,01t4w00000NulevAAB
WHITE,WHITE,01t4w00000NulewAAB
BLACK+MOCA,BLACK+MOCA,01t4w00000NulexAAB
,BLACK+MOCA,01t4w00000NuleyAAB
BLACK+MOCA,BLACK+MOCA,01t4w00000NulezAAB
,BLACK+MOCA,01t4w00000Nulf0AAB
GREY,GREY,01t4w00000Nulf1AAB
,GREY,01t4w00000Nulf2AAB
NATURAL CEMENT,NATURAL CEMENT,01t4w00000Nulf3AAB
,NATURAL CEMENT,01t4w00000Nulf4AAB
GREY,GREY,01t4w00000Nulf5AAB
,GREY,01t4w00000Nulf6AAB
GREY,GREY,01t4w00000Nulf7AAB
,GREY,01t4w00000Nulf8AAB
RED+BLUE+YELLOW,RED+BLUE+YELLOW,01t4w00000Nulf9AAB
,RED+BLUE+YELLOW,01t4w00000NulfAAAR
NATURAL,NATURAL,01t4w00000NulfBAAR
,NATURAL,01t4w00000NulfCAAR
NATURAL,NATURAL,01t4w00000NulfDAAR
,NATURAL,01t4w00000NulfEAAR
NATURAL,NATURAL,01t4w00000NulfFAAR
,NATURAL,01t4w00000NulfGAAR
NATURAL+BLUE,NATURAL+BLUE,01t4w00000NulfHAAR
,NATURAL+BLUE,01t4w00000NulfIAAR
NATURAL,NATURAL,01t4w00000NulfJAAR
,NATURAL,01t4w00000NulfKAAR
BROWN+WHITE,BROWN+WHITE,01t4w00000NulfLAAR
,BROWN+WHITE,01t4w00000NulfMAAR
GREY + BLACK,GREY + BLACK,01t4w00000NulfNAAR
,GREY + BLACK,01t4w00000NulfOAAR
BLACK+MOCA,BLACK+MOCA,01t4w00000NulfPAAR
,BLACK+MOCA,01t4w00000NulfQAAR
BLACK,BLACK,01t4w00000NulfRAAR
,BLACK,01t4w00000NulfSAAR
GREY+BEIGE,GREY+BEIGE,01t4w00000NulfTAAR
,GREY+BEIGE,01t4w00000NulfUAAR
BROWN+MOCA,BROWN+MOCA,01t4w00000NulfVAAR
,BROWN+MOCA,01t4w00000NulfWAAR
MULTICOLOR,MULTICOLOR,01t4w00000NulfXAAR
,MULTICOLOR,01t4w00000NulfYAAR
MULTICOLOR,MULTICOLOR,01t4w00000NulfZAAR
,MULTICOLOR,01t4w00000NulfaAAB
BLACK+MULTICOLOR,BLACK+MULTICOLOR,01t4w00000NulfbAAB
,BLACK+MULTICOLOR,01t4w00000NulfcAAB
NATURAL+BLACK,NATURAL+BLACK,01t4w00000NulfdAAB
,NATURAL+BLACK,01t4w00000NulfeAAB
NATURAL+BLACK,NATURAL+BLACK,01t4w00000NulffAAB
,NATURAL+BLACK,01t4w00000NulfgAAB
BLACK+WHITE,BLACK+WHITE,01t4w00000NulfhAAB
,BLACK+WHITE,01t4w00000NulfiAAB
CROMADO+NATURAL,CROMADO+NATURAL,01t4w00000NulflAAB
,CROMADO+NATURAL,01t4w00000NulfmAAB
BLACK,BLACK,01t4w00000NulfnAAB
,BLACK,01t4w00000NulfoAAB
STRIPE,STRIPE,01t4w00000NulfpAAB
,STRIPE,01t4w00000NulfqAAB
SANDIA,SANDIA,01t4w00000NulftAAB
,SANDIA,01t4w00000NulfuAAB
BLUE,BLUE,01t4w00000NulfvAAB
,BLUE,01t4w00000NulfwAAB
MOCA,MOCA,01t4w00000NulfxAAB
,MOCA,01t4w00000NulfyAAB
WHITE+BLACK,WHITE+BLACK,01t4w00000NulfzAAB
,WHITE+BLACK,01t4w00000Nulg0AAB
BLUE,BLUE,01t4w00000Nulg1AAB
,BLUE,01t4w00000Nulg2AAB
BEIGE,BEIGE,01t4w00000Nulg3AAB
,BEIGE,01t4w00000Nulg4AAB
WOOD,WOOD,01t4w00000Nulg5AAB
,WOOD,01t4w00000Nulg6AAB
BLUE,BLUE,01t4w00000Nulg7AAB
,BLUE,01t4w00000Nulg8AAB
RED,RED,01t4w00000Nulg9AAB
,RED,01t4w00000NulgAAAR
BLACK+NATURAL+WHITE,BLACK+NATURAL+WHITE,01t4w00000NulgBAAR
,BLACK+NATURAL+WHITE,01t4w00000NulgCAAR
"PINK, BLUE OR GREEN","PINK, BLUE OR GREEN",01t4w00000NulgDAAR
,"PINK, BLUE OR GREEN",01t4w00000NulgEAAR
WHITE,WHITE,01t4w00000NulgFAAR
,WHITE,01t4w00000NulgGAAR
BLUE,BLUE,01t4w00000NulgHAAR
,BLUE,01t4w00000NulgIAAR
"GREEN, NATURAL AND PINK","GREEN, NATURAL AND PINK",01t4w00000NulgNAAR
,"GREEN, NATURAL AND PINK",01t4w00000NulgOAAR
BLACK+WHITE,BLACK+WHITE,01t4w00000NulgPAAR
,BLACK+WHITE,01t4w00000NulgQAAR
GREY,GREY,01t4w00000NulgRAAR
,GREY,01t4w00000NulgSAAR
BLUE,BLUE,01t4w00000NulgTAAR
,BLUE,01t4w00000NulgUAAR
BROWN,BROWN,01t4w00000NulgVAAR
,BROWN,01t4w00000NulgWAAR
BLACK,BLACK,01t4w00000NulgXAAR
,BLACK,01t4w00000NulgYAAR
BLACK,BLACK,01t4w00000NulgZAAR
,BLACK,01t4w00000NulgaAAB
BLUE,BLUE,01t4w00000NulgbAAB
,BLUE,01t4w00000NulgcAAB
RED,RED,01t4w00000NulgdAAB
,RED,01t4w00000NulgeAAB
MULTICOLOR,MULTICOLOR,01t4w00000NulgfAAB
,MULTICOLOR,01t4w00000NulggAAB
PINK+WHITE,PINK+WHITE,01t4w00000NulghAAB
,PINK+WHITE,01t4w00000NulgiAAB
PURPLE,PURPLE,01t4w00000NulgjAAB
,PURPLE,01t4w00000NulgkAAB
ORANGE,ORANGE,01t4w00000NulglAAB
,ORANGE,01t4w00000NulgmAAB
BLACK+GREEN,BLACK+GREEN,01t4w00000NulgnAAB
,BLACK+GREEN,01t4w00000NulgoAAB
GREY + NATURAL,GREY + NATURAL,01t4w00000NulgpAAB
,GREY + NATURAL,01t4w00000NulgqAAB
NATURAL,NATURAL,01t4w00000NulgrAAB
,NATURAL,01t4w00000NulgsAAB
GREY,GREY,01t4w00000NulgtAAB
,GREY,01t4w00000NulguAAB
GREY+GREEN,GREY+GREEN,01t4w00000NulgvAAB
,GREY+GREEN,01t4w00000NulgwAAB
GOLD+BLACK,GOLD+BLACK,01t4w00000NulgxAAB
,GOLD+BLACK,01t4w00000NulgyAAB
GOLD+BLACK,GOLD+BLACK,01t4w00000NulgzAAB
,GOLD+BLACK,01t4w00000Nulh0AAB
GOLD+BLACK,GOLD+BLACK,01t4w00000Nulh1AAB
,GOLD+BLACK,01t4w00000Nulh2AAB
GREY+GREEN,GREY+GREEN,01t4w00000Nulh3AAB
,GREY+GREEN,01t4w00000Nulh4AAB
GREY+GREEN,GREY+GREEN,01t4w00000Nulh5AAB
,GREY+GREEN,01t4w00000Nulh6AAB
ORANGE+BLACK,ORANGE+BLACK,01t4w00000Nulh7AAB
,ORANGE+BLACK,01t4w00000Nulh8AAB
MULTIPLE,MULTIPLE,01t4w00000NulhAAAR
,MULTIPLE,01t4w00000NulhBAAR
,BLACK,01t4w00000NulhEAAR
,CROMADO+NATURAL,01t4w00000NulhHAAR
GREY,GREY,01t4w00000NulhIAAR
,GREY,01t4w00000NulhJAAR
BLUE,BLUE,01t4w00000NulhKAAR
,BLUE,01t4w00000NulhLAAR
RED,RED,01t4w00000NulhMAAR
,RED,01t4w00000NulhNAAR
BLUE,BLUE,01t4w00000NulhOAAR
,BLUE,01t4w00000NulhPAAR
BLACK,BLACK,01t4w00000NulhQAAR
,BLACK,01t4w00000NulhRAAR
BLACK,BLACK,01t4w00000NulhSAAR
,BLACK,01t4w00000NulhTAAR
BROWN,BROWN,01t4w00000NulhUAAR
,BROWN,01t4w00000NulhVAAR
BLACK,BLACK,01t4w00000NulhWAAR
,BLACK,01t4w00000NulhXAAR
BLACK,BLACK,01t4w00000NulhYAAR
,BLACK,01t4w00000NulhZAAR
CROMADO+BROWN,CROMADO+BROWN,01t4w00000NulhaAAB
,CROMADO+BROWN,01t4w00000NulhbAAB
BLACK+BEIGE,BLACK+BEIGE,01t4w00000NulhcAAB
,BLACK+BEIGE,01t4w00000NulhdAAB
PINK+WHITE,PINK+WHITE,01t4w00000NulheAAB
,PINK+WHITE,01t4w00000NulhfAAB
BLACK+BROWN,BLACK+BROWN,01t4w00000NulhgAAB
,BLACK+BROWN,01t4w00000NulhhAAB
MULTICOLOR,MULTICOLOR,01t4w00000NulhiAAB
,MULTICOLOR,01t4w00000NulhjAAB
MULTICOLOR,MULTICOLOR,01t4w00000NulhkAAB
MULTICOLOR,MULTICOLOR,01t4w00000NulhlAAB
,MULTICOLOR,01t4w00000NulhmAAB
,MULTICOLOR,01t4w00000NulhnAAB
GREEN,GREEN,01t4w00000NulhoAAB
,GREEN,01t4w00000NulhpAAB
,MENTA+PURPLE,01t4w00000NulhqAAB
MENTA+PURPLE,MENTA+PURPLE,01t4w00000NulhrAAB
BLUE,BLUE,01t4w00000NulhsAAB
,BLUE,01t4w00000NulhtAAB
PINK,PINK,01t4w00000NulhuAAB
,PINK,01t4w00000NulhvAAB
WOOD,WOOD,01t4w00000NulhwAAB
,WOOD,01t4w00000NulhxAAB
BLACK,BLACK,01t4w00000NulhyAAB
,BLACK,01t4w00000NulhzAAB
WHITE,WHITE,01t4w00000Nuli0AAB
,WHITE,01t4w00000Nuli1AAB
RED,RED,01t4w00000Nuli2AAB
BLUE,BLUE,01t4w00000Nuli3AAB
BLACK,BLACK,01t4w00000Nuli4AAB
RED,RED,01t4w00000Nuli5AAB
BLUE,BLUE,01t4w00000Nuli6AAB
BLACK,BLACK,01t4w00000Nuli7AAB
RED,RED,01t4w00000Nuli8AAB
BLUE,BLUE,01t4w00000Nuli9AAB
BLACK,BLACK,01t4w00000NuliAAAR
BLUE NAVY,BLUE NAVY,01t4w00000NuliBAAR
,BLUE NAVY,01t4w00000NuliCAAR
,BLACK,01t4w00000NuliDAAR
,BLUE,01t4w00000NuliEAAR
,BLACK,01t4w00000NuliFAAR
,RED,01t4w00000NuliGAAR
,RED,01t4w00000NuliHAAR
,BLUE,01t4w00000NuliIAAR
,BLACK,01t4w00000NuliJAAR
,BLUE,01t4w00000NuliKAAR
,RED,01t4w00000NuliLAAR
WHITE,WHITE,01t4w00000NuliMAAR
,WHITE,01t4w00000NuliNAAR
GREEN,GREEN,01t4w00000NuliOAAR
,GREEN,01t4w00000NuliPAAR
BLACK,BLACK,01t4w00000NuliQAAR
,BLACK,01t4w00000NuliRAAR
BLACK,BLACK,01t4w00000NuliSAAR
,BLACK,01t4w00000NuliTAAR
BLUE,BLUE,01t4w00000NuliUAAR
,BLUE,01t4w00000NuliVAAR
GREEN,GREEN,01t4w00000NuliWAAR
,GREEN,01t4w00000NuliXAAR
BLACK,BLACK,01t4w00000NuliYAAR
,BLACK,01t4w00000NuliZAAR
BLUE,BLUE,01t4w00000NuliaAAB
,BLUE,01t4w00000NulibAAB
GREEN,GREEN,01t4w00000NulicAAB
,GREEN,01t4w00000NulidAAB
BLACK,BLACK,01t4w00000NulieAAB
,BLACK,01t4w00000NulifAAB
BLUE,BLUE,01t4w00000NuligAAB
,BLUE,01t4w00000NulihAAB
BLACK+BEIGE,BLACK+BEIGE,01t4w00000NuliiAAB
,BLACK+BEIGE,01t4w00000NulijAAB
GREY,GREY,01t4w00000NulikAAB
,GREY,01t4w00000NulilAAB
WHITE+BLUE,WHITE+BLUE,01t4w00000NulimAAB
,WHITE+BLUE,01t4w00000NulinAAB
WOOD,WOOD,01t4w00000NulioAAB
,WOOD,01t4w00000NulipAAB
BROWN,BROWN,01t4w00000NuliqAAB
,BROWN,01t4w00000NulirAAB
CAMEL,CAMEL,01t4w00000NulisAAB
,CAMEL,01t4w00000NulitAAB
MULTIPLE,MULTIPLE,01t4w00000NuliuAAB
,MULTIPLE,01t4w00000NulivAAB
NATURAL+GREY,NATURAL+GREY,01t4w00000NuliwAAB
,GOLD,01t4w00000NulixAAB
,NATURAL+GREY,01t4w00000NuliyAAB
GOLD,GOLD,01t4w00000NulizAAB
,GOLD,01t4w00000Nulj0AAB
GOLD,GOLD,01t4w00000Nulj1AAB
,GOLD,01t4w00000Nulj2AAB
GOLD,GOLD,01t4w00000Nulj3AAB
,BLACK,01t4w00000Nulj4AAB
BLUE,BLUE,01t4w00000Nulj5AAB
,BLUE,01t4w00000Nulj6AAB
LIME,LIME,01t4w00000Nulj7AAB
,LIME,01t4w00000Nulj8AAB
ORANGE,ORANGE,01t4w00000Nulj9AAB
,ORANGE,01t4w00000NuljAAAR
WARM GREY,WARM GREY,01t4w00000NuljBAAR
WHITE,WHITE,01t4w00000NuljCAAR
NATURAL + WHITE,NATURAL + WHITE,01t4w00000NuljDAAR
GOLD + WHITE,GOLD + WHITE,01t4w00000NuljEAAR
WOOD + BLACK,WOOD + BLACK,01t4w00000NuljFAAR
NATURAL+BLACK,NATURAL+BLACK,01t4w00000NuljGAAR
WHITE + BLACK,WHITE + BLACK,01t4w00000NuljHAAR
BEIGE,BEIGE,01t4w00000NuljIAAR
BLACK,BLACK,01t4w00000NuljJAAR
BLACK,BLACK,01t4w00000NuljKAAR
BLACK,BLACK,01t4w00000NuljLAAR
BLACK,BLACK,01t4w00000NuljMAAR
BLACK,BLACK,01t4w00000NuljNAAR
BLACK,BLACK,01t4w00000NuljOAAR
BLACK,BLACK,01t4w00000NuljPAAR
BLACK,BLACK,01t4w00000NuljQAAR
WHITE,WHITE,01t4w00000NuljRAAR
WHITE,WHITE,01t4w00000NuljSAAR
WHITE,WHITE,01t4w00000NuljTAAR
WHITE,WHITE,01t4w00000NuljUAAR
BLACK,BLACK,01t4w00000NuljVAAR
WHITE,WHITE,01t4w00000NuljWAAR
BLACK,BLACK,01t4w00000NuljXAAR
WHITE,WHITE,01t4w00000NuljYAAR
WHITE,WHITE,01t4w00000NuljZAAR
WHITE,WHITE,01t4w00000NuljaAAB
WARM GREY,WARM GREY,01t4w00000NuljbAAB
WHITE,WHITE,01t4w00000NuljcAAB
RED+YELLOW,RED+YELLOW,01t4w00000NuljdAAB
GREEN,GREEN,01t4w00000NuljeAAB
BLACK,BLACK,01t4w00000NuljfAAB
BLACK,BLACK,01t4w00000NuljgAAB
BLACK,BLACK,01t4w00000NuljhAAB
GREEN + WHITE,GREEN + WHITE,01t4w00000NuljiAAB
SILVER,SILVER,01t4w00000NuljjAAB
BLUE,BLUE,01t4w00000NuljkAAB
GIRL,GIRL,01t4w00000NuljlAAB
BOY,BOY,01t4w00000NuljmAAB
WHITE+BLACK,WHITE+BLACK,01t4w00000NuljnAAB
GIRL,GIRL,01t4w00000NuljoAAB
BOY,BOY,01t4w00000NuljpAAB
NATURAL,NATURAL,01t4w00000NuljqAAB
NATURAL,NATURAL,01t4w00000NuljrAAB
NATURAL,NATURAL,01t4w00000NuljsAAB
PINK,PINK,01t4w00000NuljtAAB
RED,RED,01t4w00000NuljuAAB
RED/ YELLOW/ BLUE/ GREEN/ PINK,RED/ YELLOW/ BLUE/ GREEN/ PINK,01t4w00000NuljvAAB
GREEN,GREEN,01t4w00000NuljwAAB
GIRL,GIRL,01t4w00000NuljxAAB
BOY,BOY,01t4w00000NuljyAAB
RED+BLUE+GREEN+YELLOW,RED+BLUE+GREEN+YELLOW,01t4w00000NuljzAAB
"RED ,BULE ,GREEN","RED ,BULE ,GREEN",01t4w00000Nulk0AAB
GREEN,GREEN,01t4w00000Nulk1AAB
BLACK,BLACK,01t4w00000Nulk2AAB
MULTIPLE,MULTIPLE,01t4w00000Nulk3AAB
WHITE,WHITE,01t4w00000Nulk4AAB
MULTIPLE COLORES,MULTIPLE COLORES,01t4w00000Nulk5AAB
WHITE,WHITE,01t4w00000Nulk6AAB
WHITE/BLACK/GOLD/SILVER,WHITE/BLACK/GOLD/SILVER,01t4w00000Nulk7AAB
BLACK,BLACK,01t4w00000Nulk8AAB
BLACK,BLACK,01t4w00000Nulk9AAB
WHITE,WHITE,01t4w00000NulkAAAR
GREY,GREY,01t4w00000NulkBAAR
WHITE + BLACK,WHITE + BLACK,01t4w00000NulkCAAR
WHITE+NATURAL,WHITE+NATURAL,01t4w00000NulkDAAR
BLACK,BLACK,01t4w00000NulkEAAR
WHITE,WHITE,01t4w00000NulkFAAR
WHITE,WHITE,01t4w00000NulkGAAR
WHITE,WHITE,01t4w00000NulkHAAR
BLACK,BLACK,01t4w00000NulkIAAR
BLACK,BLACK,01t4w00000NulkJAAR
NATURAL+BLACK,NATURAL+BLACK,01t4w00000NulkKAAR
NATURAL+YELLOW+AQUA+RED,NATURAL+YELLOW+AQUA+RED,01t4w00000NulkLAAR
WHITE+GOLD,WHITE+GOLD,01t4w00000NulkMAAR
WHITE,WHITE,01t4w00000NulkNAAR
BLACK,BLACK,01t4w00000NulkOAAR
WHITE + BLACK,WHITE + BLACK,01t4w00000NulkPAAR
NATURAL + BLACK,NATURAL + BLACK,01t4w00000NulkQAAR
NATURAL + BLACK,NATURAL + BLACK,01t4w00000NulkRAAR
NATURAL + BLACK,NATURAL + BLACK,01t4w00000NulkSAAR
NATURAL,NATURAL,01t4w00000NulkTAAR
BLACK,BLACK,01t4w00000NulkUAAR
BLACK,BLACK,01t4w00000NulkVAAR
BLACK,BLACK,01t4w00000NulkWAAR
BLACK + WOOD,BLACK + WOOD,01t4w00000NulkXAAR
NATURAL + WHITE,NATURAL + WHITE,01t4w00000NulkYAAR
NATURAL + WHITE,NATURAL + WHITE,01t4w00000NulkZAAR
NATURAL + WHITE,NATURAL + WHITE,01t4w00000NulkaAAB
NATURAL + WHITE,NATURAL + WHITE,01t4w00000NulkbAAB
NATURAL,NATURAL,01t4w00000NulkcAAB
BLACK,BLACK,01t4w00000NulkdAAB
BLACK,BLACK,01t4w00000NulkeAAB
WHITE,WARM GREY,01t4w00000NulkfAAB
WHITE,WHITE,01t4w00000NulkgAAB
NATURAL + WHITE,NATURAL + WHITE,01t4w00000NulkhAAB
GOLD + WHITE,GOLD + WHITE,01t4w00000NulkiAAB
WOOD + BLACK,WOOD + BLACK,01t4w00000NulkjAAB
WOOD + BLACK,NATURAL+BLACK,01t4w00000NulkkAAB
WHITE + BLACK,WHITE + BLACK,01t4w00000NulklAAB
BROWN,BEIGE,01t4w00000NulkmAAB
BLACK,BLACK,01t4w00000NulknAAB
BLACK,BLACK,01t4w00000NulkoAAB
BLACK,BLACK,01t4w00000NulkpAAB
BLACK,BLACK,01t4w00000NulkqAAB
BLACK,BLACK,01t4w00000NulkrAAB
BLACK,BLACK,01t4w00000NulksAAB
BLACK,BLACK,01t4w00000NulktAAB
BLACK,BLACK,01t4w00000NulkuAAB
WHITE,WHITE,01t4w00000NulkvAAB
WHITE,WHITE,01t4w00000NulkwAAB
WHITE,WHITE,01t4w00000NulkxAAB
WHITE,WHITE,01t4w00000NulkyAAB
BLACK,BLACK,01t4w00000NulkzAAB
WHITE,WHITE,01t4w00000Null0AAB
BLACK,BLACK,01t4w00000Null1AAB
WHITE,WHITE,01t4w00000Null2AAB
WHITE,WHITE,01t4w00000Null3AAB
WHITE,WHITE,01t4w00000Null4AAB
WHITE,WARM GREY,01t4w00000Null5AAB
WHITE,WHITE,01t4w00000Null6AAB
GREEN,RED+YELLOW,01t4w00000Null7AAB
YELLOW + RED,GREEN,01t4w00000Null8AAB
BLACK,BLACK,01t4w00000Null9AAB
BLACK,BLACK,01t4w00000NullAAAR
BLACK,BLACK,01t4w00000NullBAAR
GREEN + WHITE,GREEN + WHITE,01t4w00000NullCAAR
SILVER,SILVER,01t4w00000NullDAAR
BLUE,BLUE,01t4w00000NullEAAR
PINK,GIRL,01t4w00000NullFAAR
BLUE,BOY,01t4w00000NullGAAR
WHITE + BLACK,WHITE+BLACK,01t4w00000NullHAAR
PINK,GIRL,01t4w00000NullIAAR
BLUE,BOY,01t4w00000NullJAAR
NATURAL,NATURAL,01t4w00000NullKAAR
NATURAL,NATURAL,01t4w00000NullLAAR
NATURAL,NATURAL,01t4w00000NullMAAR
PINK,PINK,01t4w00000NullNAAR
RED,RED,01t4w00000NullOAAR
BLUE,BLUE,01t4w00000NullPAAR
YELLOW,RED/ YELLOW/ BLUE/ GREEN/ PINK,01t4w00000NullQAAR
GREEN,GREEN,01t4w00000NullRAAR
PINK,GIRL,01t4w00000NullSAAR
BLUE,BOY,01t4w00000NullTAAR
"RED, BLUE, GREEN AND YELLOW + BLACK AND WHITE",RED+BLUE+GREEN+YELLOW,01t4w00000NullUAAR
"RED ,BULE ,GREEN","RED ,BULE ,GREEN",01t4w00000NullVAAR
GREEN,GREEN,01t4w00000NullWAAR
BLACK,BLACK,01t4w00000NullXAAR
BLUE,MULTIPLE,01t4w00000NullYAAR
WHITE,WHITE,01t4w00000NullZAAR
RED,MULTIPLE COLORES,01t4w00000NullaAAB
WHITE,WHITE,01t4w00000NullbAAB
WHITE,WHITE/BLACK/GOLD/SILVER,01t4w00000NullcAAB
BLACK,BLACK,01t4w00000NulldAAB
BLACK,BLACK,01t4w00000NulleAAB
WHITE,WHITE,01t4w00000NullfAAB
GREY,GREY,01t4w00000NullgAAB
WHITE + BLACK,WHITE + BLACK,01t4w00000NullhAAB
WHITE + WOOD,WHITE+NATURAL,01t4w00000NulliAAB
BLACK,BLACK,01t4w00000NulljAAB
WHITE,WHITE,01t4w00000NullkAAB
WHITE,WHITE,01t4w00000NulllAAB
WHITE,WHITE,01t4w00000NullmAAB
BLACK,BLACK,01t4w00000NullnAAB
BLACK,BLACK,01t4w00000NulloAAB
NATURAL + BLACK,NATURAL+BLACK,01t4w00000NullpAAB
NATURAL + YELLOW + AQUA + RED,NATURAL+YELLOW+AQUA+RED,01t4w00000NullqAAB
WHITE + GOLD,WHITE+GOLD,01t4w00000NullrAAB
WHITE,WHITE,01t4w00000NullsAAB
BLACK,BLACK,01t4w00000NulltAAB
WHITE + BLACK,WHITE + BLACK,01t4w00000NulluAAB
NATURAL + BLACK,NATURAL + BLACK,01t4w00000NullvAAB
NATURAL + BLACK,NATURAL + BLACK,01t4w00000NullwAAB
NATURAL + BLACK,NATURAL + BLACK,01t4w00000NullxAAB
NATURAL,NATURAL,01t4w00000NullyAAB
BLACK,BLACK,01t4w00000NullzAAB
BLACK,BLACK,01t4w00000Nulm0AAB
BLACK,BLACK,01t4w00000Nulm1AAB
BLACK + WOOD,BLACK + WOOD,01t4w00000Nulm2AAB
NATURAL + WHITE,NATURAL + WHITE,01t4w00000Nulm3AAB
NATURAL + WHITE,NATURAL + WHITE,01t4w00000Nulm4AAB
NATURAL + WHITE,NATURAL + WHITE,01t4w00000Nulm5AAB
NATURAL + WHITE,NATURAL + WHITE,01t4w00000Nulm6AAB
NATURAL,NATURAL,01t4w00000Nulm7AAB
BLACK,BLACK,01t4w00000Nulm8AAB
BLACK,BLACK,01t4w00000Nulm9AAB
WOOD,WOOD,01t4w00000NulmAAAR
,WOOD,01t4w00000NulmBAAR
MULTIPLE,MULTIPLE,01t4w00000NulmCAAR
BLACK,BLACK,01t4w00000NulmDAAR
BLACK AND RED,BLACK AND RED,01t4w00000NulmEAAR
,BLACK AND RED,01t4w00000NulmFAAR
BLACK,BLACK,01t4w00000NulmGAAR
WHITE,WHITE,01t4w00000NulmHAAR
BLACK,BLACK,01t4w00000NulmIAAR
,BLACK,01t4w00000NulmJAAR
BLACK,BLACK,01t4w00000NulmKAAR
BLACK,BLACK,01t4w00000NulmLAAR
BROWN,BROWN,01t4w00000NulmMAAR
BROWN,BROWN,01t4w00000NulmNAAR
BLACK,BLACK,01t4w00000NulmOAAR
BROWN,BROWN,01t4w00000NulmPAAR
BLACK+WHITE,BLACK+WHITE,01t4w00000NulmQAAR
BLUE NAVY+RED,BLUE NAVY+RED,01t4w00000NulmRAAR
BLACK + METAL,BLACK + METAL,01t4w00000NulmSAAR
CROMADO+NATURAL,CROMADO+NATURAL,01t4w00000NulmTAAR
METAL,METAL,01t4w00000NulmUAAR
CROMADO,CROMADO,01t4w00000NulmWAAR
BLACK,BLACK,01t4w00000NulmXAAR
BLACK,BLACK,01t4w00000NulmZAAR
BLACK,BLACK,01t4w00000NulmaAAB
BLACK,BLACK,01t4w00000NulmbAAB
MULTICOLOR,MULTICOLOR,01t4w00000NulmcAAB
BLACK,BLACK,01t4w00000NulmdAAB
GREEN MENTA,GREEN MENTA,01t4w00000NulmeAAB
MULTIPLE,MULTIPLE,01t4w00000NulmfAAB
"PINK, BLUE OR GREEN","PINK, BLUE OR GREEN",01t4w00000NulmhAAB
NATURAL,NATURAL,01t4w00000NulmkAAB
GREY,GREY,01t4w00000NulmlAAB
WHITE,WHITE,01t4w00000NulmmAAB
BLACK,BLACK,01t4w00000NulmnAAB
BLACK+MOCA,BLACK+MOCA,01t4w00000NulmoAAB
BLACK+MOCA,BLACK+MOCA,01t4w00000NulmpAAB
BROWN+MOCA,BROWN+MOCA,01t4w00000NulmqAAB
BLUE,BLUE,01t4w00000NulmrAAB
FLOR,FLOR,01t4w00000NulmtAAB
TERRACOTA+OCRE,TERRACOTA+OCRE,01t4w00000NulmuAAB
GREY,GREY,01t4w00000NulmxAAB
BLACK,BLACK,01t4w00000NulmyAAB
BLACK+MULTICOLOR,BLACK+MULTICOLOR,01t4w00000NulmzAAB
WHITE+BLACK,WHITE+BLACK,01t4w00000Nuln0AAB
WHITE+BLACK,WHITE+BLACK,01t4w00000Nuln1AAB
WHITE,WHITE,01t4w00000Nuln2AAB
,WHITE,01t4w00000Nuln3AAB
WHITE,WHITE,01t4w00000Nuln4AAB
,WHITE,01t4w00000Nuln5AAB
WHITE,WHITE,01t4w00000Nuln6AAB
,WHITE,01t4w00000Nuln7AAB
BLACK,BLACK,01t4w00000Nuln8AAB
BLACK+NATURAL,BLACK+NATURAL,01t4w00000NulnAAAR
,BLACK+NATURAL,01t4w00000NulnBAAR
OCRE,OCRE,01t4w00000NulnCAAR
BLACK+SILVER,BLACK+SILVER,01t4w00000NulnDAAR
,BLACK+SILVER,01t4w00000NulnEAAR
SILVER,SILVER,01t4w00000NulnFAAR
,SILVER,01t4w00000NulnGAAR
CHOCOLATE,CHOCOLATE,01t4w00000NulnHAAR
NATURAL,NATURAL,01t4w00000NulnIAAR
CHOCOLATE,CHOCOLATE,01t4w00000NulnJAAR
NATURAL,NATURAL,01t4w00000NulnKAAR
WHITE + BLACK,WHITE + BLACK,01t4w00000NulnLAAR
,WHITE + BLACK,01t4w00000NulnMAAR
WHITE,WHITE,01t4w00000NulnNAAR
,WHITE,01t4w00000NulnOAAR
WHITE,WHITE,01t4w00000NulnPAAR
,WHITE,01t4w00000NulnQAAR
WHITE,WHITE,01t4w00000NulnRAAR
GREY,GREY,01t4w00000NulnSAAR
BLACK,BLACK,01t4w00000NulnTAAR
BLACK,BLACK,01t4w00000NulnUAAR
,GREY,01t4w00000NulnVAAR
,BLACK,01t4w00000NulnWAAR
,BLACK,01t4w00000NulnXAAR
,BLACK,01t4w00000NulnYAAR
,WHITE,01t4w00000NulnZAAR
,MULTIPLE,01t4w00000NulnaAAB
,BLACK,01t4w00000NulnbAAB
,BLACK,01t4w00000NulncAAB
BLACK,BLACK,01t4w00000NulndAAB
,BLACK,01t4w00000NulneAAB
BLACK + SILVER,BLACK + SILVER,01t4w00000NulnfAAB
,BLACK + SILVER,01t4w00000NulngAAB
WHITE+WOOD,WHITE+WOOD,01t4w00000NulnhAAB
,WHITE+WOOD,01t4w00000NulniAAB
WHITE+WOOD,WHITE+WOOD,01t4w00000NulnjAAB
,WHITE+WOOD,01t4w00000NulnkAAB
GREEN,GREEN,01t4w00000NulnlAAB
,GREEN,01t4w00000NulnmAAB
NATURAL,NATURAL,01t4w00000NulnpAAB
,NATURAL,01t4w00000NulnqAAB
NATURAL,NATURAL,01t4w00000NulnrAAB
,NATURAL,01t4w00000NulnsAAB
,BROWN,01t4w00000NulntAAB
,BROWN,01t4w00000NulnuAAB
,BLACK,01t4w00000NulnvAAB
,BLACK,01t4w00000NulnwAAB
,SILVER,01t4w00000NulnxAAB
,BLUE NAVY+RED,01t4w00000NulnyAAB
,CROMADO+NATURAL,01t4w00000NulnzAAB
,CROMADO,01t4w00000Nulo1AAB
,BLACK,01t4w00000Nulo3AAB
,BLACK,01t4w00000Nulo4AAB
,"PINK, BLUE OR GREEN",01t4w00000Nulo5AAB
,GREEN MENTA,01t4w00000Nulo6AAB
,MULTIPLE,01t4w00000Nulo7AAB
,BLACK+MOCA,01t4w00000Nulo9AAB
,BROWN+MOCA,01t4w00000NuloAAAR
,MULTICOLOR,01t4w00000NuloBAAR
,BLACK,01t4w00000NuloCAAR
,BROWN,01t4w00000NuloDAAR
,BLACK+WHITE,01t4w00000NuloEAAR
,BLACK+MULTICOLOR,01t4w00000NuloFAAR
,NATURAL,01t4w00000NuloHAAR
,BLACK,01t4w00000NuloIAAR
,BLACK,01t4w00000NuloJAAR
,WHITE+BLACK,01t4w00000NuloKAAR
,WHITE+BLACK,01t4w00000NuloLAAR
,OCRE,01t4w00000NuloMAAR
WHITE + GREY,WHITE + GREY,01t4w00000NuloNAAR
,WHITE + GREY,01t4w00000NuloOAAR
BLACK,BLACK,01t4w00000NuloPAAR
,BLACK,01t4w00000NuloQAAR
NATURAL,NATURAL,01t4w00000NuloTAAR
,NATURAL,01t4w00000NuloUAAR
NATURAL+GREEN,NATURAL+GREEN,01t4w00000NuloVAAR
,NATURAL+GREEN,01t4w00000NuloWAAR
NATURAL,NATURAL,01t4w00000NuloXAAR
,NATURAL,01t4w00000NuloYAAR
BLACK+MULTICOLOR,BLACK+MULTICOLOR,01t4w00000NuloZAAR
,BLACK+MULTICOLOR,01t4w00000NuloaAAB
NATURAL,NATURAL,01t4w00000NulobAAB
,NATURAL,01t4w00000NulocAAB
,WHITE,01t4w00000NulofAAB
WOOD,WOOD,01t4w00000NulogAAB
,WOOD,01t4w00000NulohAAB
BLACK,BLACK,01t4w00000NuloiAAB
,BLACK,01t4w00000NulojAAB
BLACK,BLACK,01t4w00000NulomAAB
GREY,GREY,01t4w00000NulopAAB
WHITE,WHITE,01t4w00000NuloqAAB
WARM GREY,WARM GREY,01t4w00000NulorAAB
BLACK,BLACK,01t4w00000NulosAAB
WHITE,WHITE,01t4w00000NulotAAB
BLACK,BLACK,01t4w00000NulouAAB
,GREY,01t4w00000NuloxAAB
,WHITE,01t4w00000NuloyAAB
,WARM GREY,01t4w00000NulozAAB
,BLACK,01t4w00000Nulp0AAB
,WHITE,01t4w00000Nulp1AAB
,BLACK,01t4w00000Nulp2AAB
,GREY,01t4w00000Nulp3AAB
GREEN,GREEN,01t4w00000Nulp4AAB
WARM GREY,WARM GREY,01t4w00000Nulp9AAB
WHITE,WHITE,01t4w00000NulpAAAR
,WHITE,01t4w00000NulpBAAR
,WARM GREY,01t4w00000NulpCAAR
,WHITE,01t4w00000NulpDAAR
WHITE,WHITE,01t4w00000NulpEAAR
GREEN,GREEN,01t4w00000NulpFAAR
,WHITE,01t4w00000NulpGAAR
,GREEN,01t4w00000NulpHAAR
BLACK,BLACK,01t4w00000NulpIAAR
,BLACK,01t4w00000NulpJAAR
BLACK+NATURAL,BLACK+NATURAL,01t4w00000NulpMAAR
SAND COLOR,SAND COLOR,01t4w00000NulpNAAR
GREEN,GREEN,01t4w00000NulpOAAR
GREY+BEIGE,GREY+BEIGE,01t4w00000NulpPAAR
,BLACK+NATURAL,01t4w00000NulpQAAR
,SAND COLOR,01t4w00000NulpRAAR
,GREEN,01t4w00000NulpSAAR
,GREY+BEIGE,01t4w00000NulpTAAR
RED,RED,01t4w00000NulpUAAR
,RED,01t4w00000NulpVAAR
WHITE+BLACK,WHITE+BLACK,01t4w00000NulpYAAR
,WHITE+BLACK,01t4w00000NulpZAAR
BLACK,BLACK,01t4w00000NulpaAAB
,BLACK,01t4w00000NulpbAAB
ECRU,ECRU,01t4w00000NulpcAAB
,ECRU,01t4w00000NulpdAAB
BLACK,BLACK,01t4w00000NulpeAAB
,BLACK,01t4w00000NulpfAAB
WHITE,WHITE,01t4w00000NulpgAAB
GREY,GREY,01t4w00000NulphAAB
BLACK,BLACK,01t4w00000NulpiAAB
GREEN AND WHITE,GREEN AND WHITE,01t4w00000NulpjAAB
WHITE,WHITE,01t4w00000NulpkAAB
GREY,GREY,01t4w00000NulplAAB
GREY,GREY,01t4w00000NulpmAAB
CHOCOLATE,CHOCOLATE,01t4w00000NulpnAAB
GREY,GREY,01t4w00000NulpoAAB
BLACK,BLACK,01t4w00000NulppAAB
SILVER,SILVER,01t4w00000NulpqAAB
BLUE,BLUE,01t4w00000NulprAAB
GREY,GREY,01t4w00000NulpsAAB
WHITE,WHITE,01t4w00000NulptAAB
WHITE,WHITE,01t4w00000NulpuAAB
SILVER,SILVER,01t4w00000NulpvAAB
BLACK,BLACK,01t4w00000NulpwAAB
WHITE,WHITE,01t4w00000NulpxAAB
BLACK,BLACK,01t4w00000NulpyAAB
WHITE,WHITE,01t4w00000NulpzAAB
GREY,GREY,01t4w00000Nulq0AAB
BROWN,BROWN,01t4w00000Nulq1AAB
CHOCOLATE,CHOCOLATE,01t4w00000Nulq2AAB
BLACK,BLACK,01t4w00000Nulq3AAB
WALNUT,WALNUT,01t4w00000Nulq4AAB
MULTIPLE,MULTIPLE,01t4w00000Nulq5AAB
MULTIPLE,MULTIPLE,01t4w00000Nulq6AAB
CHOCOLATE,CHOCOLATE,01t4w00000Nulq7AAB
GREY,GREY,01t4w00000Nulq8AAB
BLACK,BLACK,01t4w00000Nulq9AAB
WALNUT,WALNUT,01t4w00000NulqAAAR
WALNUT URBANO,WALNUT URBANO,01t4w00000NulqBAAR
MULTIPLE,MULTIPLE,01t4w00000NulqCAAR
BLACK,BLACK,01t4w00000NulqDAAR
CHOCOLATE,CHOCOLATE,01t4w00000NulqEAAR
GREY,GREY,01t4w00000NulqFAAR
WALNUT,WALNUT,01t4w00000NulqGAAR
WALNUT URBANO,WALNUT URBANO,01t4w00000NulqHAAR
NATURAL,NATURAL,01t4w00000NulqIAAR
NATURAL+GREY,NATURAL+GREY,01t4w00000NulqJAAR
WHITE,WHITE,01t4w00000NulqKAAR
WHITE,WHITE,01t4w00000NulqLAAR
GREEN,GREEN,01t4w00000NulqMAAR
BLUE,BLUE,01t4w00000NulqNAAR
BLUE,BLUE,01t4w00000NulqOAAR
GREEN,GREEN,01t4w00000NulqPAAR
,WHITE,01t4w00000NulqQAAR
,WHITE,01t4w00000NulqRAAR
,GREEN,01t4w00000NulqSAAR
,BLUE,01t4w00000NulqTAAR
,BLUE,01t4w00000NulqUAAR
,GREEN,01t4w00000NulqVAAR
,BLACK,01t4w00000NulqWAAR
,GREY,01t4w00000NulqXAAR
,BLACK,01t4w00000NulqYAAR
,BLACK,01t4w00000NulqZAAR
,BLACK,01t4w00000NulqaAAB
,WHITE,01t4w00000NulqbAAB
,GREY,01t4w00000NulqcAAB
,GREEN AND WHITE,01t4w00000NulqdAAB
,WHITE,01t4w00000NulqeAAB
,GREY,01t4w00000NulqfAAB
,GREY,01t4w00000NulqgAAB
,SILVER,01t4w00000NulqhAAB
,BLUE,01t4w00000NulqiAAB
,GREY,01t4w00000NulqjAAB
,WHITE,01t4w00000NulqkAAB
,WHITE,01t4w00000NulqlAAB
,SILVER,01t4w00000NulqmAAB
,WHITE,01t4w00000NulqnAAB
,BLACK,01t4w00000NulqoAAB
,WHITE,01t4w00000NulqpAAB
,GREY,01t4w00000NulqqAAB
,BROWN,01t4w00000NulqrAAB
,CHOCOLATE,01t4w00000NulqsAAB
,BLACK,01t4w00000NulqtAAB
,WALNUT,01t4w00000NulquAAB
,MULTIPLE,01t4w00000NulqvAAB
,MULTIPLE,01t4w00000NulqwAAB
,CHOCOLATE,01t4w00000NulqxAAB
,GREY,01t4w00000NulqyAAB
,BLACK,01t4w00000NulqzAAB
,WALNUT URBANO,01t4w00000Nulr0AAB
,MULTIPLE,01t4w00000Nulr1AAB
,CHOCOLATE,01t4w00000Nulr2AAB
,GREY,01t4w00000Nulr3AAB
,BLACK,01t4w00000Nulr4AAB
,WALNUT,01t4w00000Nulr5AAB
,WALNUT URBANO,01t4w00000Nulr6AAB
,NATURAL,01t4w00000Nulr7AAB
,NATURAL+GREY,01t4w00000Nulr8AAB
,WALNUT,01t4w00000Nulr9AAB
,CHOCOLATE,01t4w00000NulrAAAR
BLACK,BLACK,01t4w00000NulrBAAR
WHITE,WHITE,01t4w00000NulrCAAR
BLACK,BLACK,01t4w00000NulrDAAR
WHITE,WHITE,01t4w00000NulrEAAR
BLACK,BLACK,01t4w00000NulrFAAR
WOOD,WOOD,01t4w00000NulrGAAR
GREEN,GREEN,01t4w00000NulrHAAR
,WHITE,01t4w00000NulrIAAR
,BLACK,01t4w00000NulrJAAR
,WHITE,01t4w00000NulrKAAR
,BLACK,01t4w00000NulrLAAR
,WOOD,01t4w00000NulrMAAR
,GREEN,01t4w00000NulrNAAR
,GREEN,01t4w00000NulrOAAR
,BLACK,01t4w00000NulrPAAR
GREEN,GREEN,01t4w00000NulrQAAR
,GREEN,01t4w00000NulrRAAR
,WHITE,01t4w00000NulrSAAR
BLACK,BLACK,01t4w00000NulrTAAR
,BLACK,01t4w00000NulrUAAR
WOOD,WOOD,01t4w00000NulrVAAR
GREEN,GREEN,01t4w00000NulrWAAR
,GREEN,01t4w00000NulrXAAR
BLUE,BLUE,01t4w00000NulrYAAR
,BLUE,01t4w00000NulrZAAR
GREEN,GREEN,01t4w00000NulraAAB
,GREEN,01t4w00000NulrbAAB
BLUE,BLUE,01t4w00000NulrcAAB
,BLUE,01t4w00000NulrdAAB
BLACK+MOCA,BLACK+MOCA,01t4w00000NulreAAB
GREY,GREY,01t4w00000NulrfAAB
GREY,GREY,01t4w00000NulrgAAB
SURTIDO COLORES,SURTIDO COLORES,01t4w00000NulrhAAB
,SURTIDO COLORES,01t4w00000NulriAAB
MULTICOLOR,MULTICOLOR,01t4w00000NulrjAAB
,MULTICOLOR,01t4w00000NulrkAAB
MULTICOLOR,MULTICOLOR,01t4w00000NulrlAAB
MULTICOLOR,MULTICOLOR,01t4w00000NulrmAAB
BLUE+SILVER,BLUE+SILVER,01t4w00000NulrnAAB
,FLOR,01t4w00000NulroAAB
,TERRACOTA+OCRE,01t4w00000NulrpAAB
,GREY,01t4w00000NulrqAAB
,CHOCOLATE,01t4w00000NulrrAAB
,CHOCOLATE,01t4w00000NulrsAAB
,NATURAL,01t4w00000NulrtAAB
,NATURAL,01t4w00000NulruAAB
MULTIPLE COLORES,MULTIPLE COLORES,01t4w00000NulrvAAB
,MULTIPLE COLORES,01t4w00000NulrwAAB
,BLACK,01t4w00000NulrxAAB
,BLACK,01t4w00000NulrzAAB
,WOOD,01t4w00000Nuls0AAB
,MULTICOLOR,01t4w00000Nuls1AAB
,MULTICOLOR,01t4w00000Nuls2AAB
,BLUE+SILVER,01t4w00000Nuls3AAB
,GREY,01t4w00000Nuls4AAB
,GREY,01t4w00000Nuls5AAB
,BLACK+MOCA,01t4w00000Nuls6AAB
,BLACK+MOCA,01t4w00000Nuls7AAB
,BLACK,01t4w00000Nuls8AAB
,BLACK + METAL,01t4w00000Nuls9AAB
BLACK,BLACK,01t4w00000NulsAAAR
,BLACK,01t4w00000NulsBAAR
BLACK,BLACK,01t4w00000NulsCAAR
BLACK,BLACK,01t4w00000NulsDAAR
BLACK,BLACK,01t4w00000NulsEAAR
BLACK,BLACK,01t4w00000NulsFAAR
BLACK,BLACK,01t4w00000NulsGAAR
BLACK,BLACK,01t4w00000NulsHAAR
BLACK,BLACK,01t4w00000NulsIAAR
BLACK,BLACK,01t4w00000NulsJAAR
BLACK,BLACK,01t4w00000NulsKAAR
BLACK,BLACK,01t4w00000NulsLAAR
BLACK,BLACK,01t4w00000NulsMAAR
BLACK,BLACK,01t4w00000NulsNAAR
BLACK,BLACK,01t4w00000NulsOAAR
,BLACK,01t4w00000NulsPAAR
,BLACK,01t4w00000NulsQAAR
,BLACK,01t4w00000NulsRAAR
,BLACK,01t4w00000NulsSAAR
,BLACK,01t4w00000NulsTAAR
,BLACK,01t4w00000NulsUAAR
,BLACK,01t4w00000NulsVAAR
,BLACK,01t4w00000NulsWAAR
,BLACK,01t4w00000NulsXAAR
,BLACK,01t4w00000NulsYAAR
,BLACK,01t4w00000NulsZAAR
,BLACK,01t4w00000NulsaAAB
,BLACK,01t4w00000NulsbAAB
GREY+NATURAL,GREY+NATURAL,01t4w00000NulsgAAB
,GREY+NATURAL,01t4w00000NulshAAB
NATURAL+BLACK,NATURAL+BLACK,01t4w00000NulsiAAB
,NATURAL+BLACK,01t4w00000NulsjAAB
WHITE+NATURAL,WHITE+NATURAL,01t4w00000NulskAAB
,WHITE+NATURAL,01t4w00000NulslAAB
NATURAL,NATURAL,01t4w00000NulsmAAB
,NATURAL,01t4w00000NulsnAAB
WHITE,WHITE,01t4w00000NulsoAAB
,WHITE,01t4w00000NulspAAB
COLOR NATURAL,COLOR NATURAL,01t4w00000NulsqAAB
,COLOR NATURAL,01t4w00000NulsrAAB
WHITE+WOOD,WHITE+WOOD,01t4w00000NulssAAB
,WHITE+WOOD,01t4w00000NulstAAB
NATURAL+WHITE,NATURAL+WHITE,01t4w00000NulsuAAB
,NATURAL+WHITE,01t4w00000NulsvAAB
NATURAL,NATURAL,01t4w00000NulswAAB
,NATURAL,01t4w00000NulsxAAB
BLACK,BLACK,01t4w00000NulsyAAB
,BLACK,01t4w00000NulszAAB
NATURAL+BLACK,NATURAL+BLACK,01t4w00000Nult0AAB
,NATURAL+BLACK,01t4w00000Nult1AAB
WHITE+BLACK,WHITE+BLACK,01t4w00000Nult2AAB
,WHITE+BLACK,01t4w00000Nult3AAB
BLACK,BLACK,01t4w00000Nult4AAB
,BLACK,01t4w00000Nult5AAB
WHITE+NATURAL,WHITE+NATURAL,01t4w00000Nult6AAB
,WHITE+NATURAL,01t4w00000Nult7AAB
NATURAL+BLACK,NATURAL+BLACK,01t4w00000Nult8AAB
,NATURAL+BLACK,01t4w00000Nult9AAB
NATURAL,NATURAL,01t4w00000NultAAAR
,NATURAL,01t4w00000NultBAAR
BLACK,BLACK,01t4w00000NultCAAR
,BLACK,01t4w00000NultDAAR
BLACK,BLACK,01t4w00000NultGAAR
,BLACK,01t4w00000NultHAAR
BLACK+SILVER,BLACK+SILVER,01t4w00000NultIAAR
,BLACK+SILVER,01t4w00000NultJAAR
BLACK,BLACK,01t4w00000NultKAAR
,BLACK,01t4w00000NultLAAR
BOY,BOY,01t4w00000NultMAAR
,BOY,01t4w00000NultNAAR
BOY,BOY,01t4w00000NultOAAR
,BOY,01t4w00000NultPAAR
BOY,BOY,01t4w00000NultQAAR
,BOY,01t4w00000NultRAAR
MULTIPLE,MULTIPLE,01t4w00000NultSAAR
,MULTIPLE,01t4w00000NultTAAR
MULTIPLE,MULTIPLE,01t4w00000NultUAAR
,MULTIPLE,01t4w00000NultVAAR
NATURAL+BLACK,NATURAL+BLACK,01t4w00000NultWAAR
,NATURAL+BLACK,01t4w00000NultXAAR
NATURAL,NATURAL,01t4w00000NultYAAR
,NATURAL,01t4w00000NultZAAR
NATURAL,NATURAL,01t4w00000NultaAAB
,NATURAL,01t4w00000NultbAAB
WHITE+NATURAL,WHITE+NATURAL,01t4w00000NultcAAB
CREAM,CREAM,01t4w00000NultdAAB
,CREAM,01t4w00000NulteAAB
BLACK+BEIGE,BLACK+BEIGE,01t4w00000NultfAAB
,BLACK+BEIGE,01t4w00000NultgAAB
BLACK,BLACK,01t4w00000NulthAAB
,BLACK,01t4w00000NultiAAB
AQUA,AQUA,01t4w00000NultjAAB
,AQUA,01t4w00000NultkAAB
GREY DARK,GREY DARK,01t4w00000NultlAAB
,GREY DARK,01t4w00000NultmAAB
GIRL,GIRL,01t4w00000NultnAAB
GIRL,GIRL,01t4w00000NultoAAB
GIRL,GIRL,01t4w00000NultpAAB
,GIRL,01t4w00000NultqAAB
,GIRL,01t4w00000NultrAAB
,WHITE+NATURAL,01t4w00000NultsAAB
,GIRL,01t4w00000NulttAAB
,BLACK,01t4w00000Nulu0AAB
,MULTIPLE,01t4w00000Nulu1AAB
WOOD,WOOD,01t4w00000Nulu2AAB
,WOOD,01t4w00000Nulu3AAB
,WOOD,01t4w00000Nulu4AAB
BLACK,BLACK,01t4w00000Nulu5AAB
,BLACK,01t4w00000Nulu6AAB
WHITE,WHITE,01t4w00000Nulu7AAB
,WHITE,01t4w00000Nulu8AAB
BLACK,BLACK,01t4w00000Nulu9AAB
,BLACK,01t4w00000NuluAAAR
BLACK,BLACK,01t4w00000NuluBAAR
,BLACK,01t4w00000NuluCAAR
RED,RED,01t4w00000NuluDAAR
,RED,01t4w00000NuluEAAR
WHITE,WHITE,01t4w00000NuluFAAR
,WHITE,01t4w00000NuluGAAR
GREY,GREY,01t4w00000NuluHAAR
,GREY,01t4w00000NuluIAAR
,BLUE+NATURAL,01t4w00000NuluJAAR
,MULTIPLE,01t4w00000NuluRAAR
,GREY+BLACK,01t4w00000NuluSAAR
,MULTIPLE,01t4w00000NuluUAAR
,NATURAL+BLACK,01t4w00000NuluVAAR
,MULTIPLE,01t4w00000NuluXAAR
,BLACK+GREY,01t4w00000NuluYAAR
,BLUE+BLACK,01t4w00000NuluaAAB
,MULTIPLE,01t4w00000NulubAAB
,GREY,01t4w00000NulucAAB
,MULTIPLE,01t4w00000NuludAAB
,GREY,01t4w00000NulueAAB
,MULTIPLE,01t4w00000NulufAAB
,MULTIPLE,01t4w00000NulugAAB
,NATURAL+WHITE,01t4w00000NuluhAAB
,NATURAL+BLACK,01t4w00000NuluiAAB
,MULTIPLE,01t4w00000NulujAAB
,MULTIPLE,01t4w00000NulukAAB
,NATURAL+WHITE,01t4w00000NululAAB
,NATURAL+WHITE,01t4w00000NulumAAB
,GREY+BLACK,01t4w00000NulunAAB
,MULTIPLE,01t4w00000NuluoAAB
,NATURAL+WHITE,01t4w00000NulupAAB
,WHITE+NATURAL,01t4w00000NuluqAAB
,NATURAL+BLACK,01t4w00000NulurAAB
,WHITE+GREY,01t4w00000NulusAAB
,GREY,01t4w00000NulutAAB
,BLACK,01t4w00000NuluuAAB
,WALNUT+BLACK,01t4w00000NuluvAAB
,PISTACHO+BLACK,01t4w00000NuluwAAB
,NATURAL+WHITE,01t4w00000NuluxAAB
,NATURAL+BLACK,01t4w00000NuluyAAB
,WHITE,01t4w00000NuluzAAB
,NATURAL+BLACK,01t4w00000Nulv0AAB
,BLACK+NATURAL,01t4w00000Nulv1AAB
,WALNUT+BLACK,01t4w00000Nulv2AAB
,GREY+NATURAL,01t4w00000Nulv3AAB
,ORANGE+BLACK+GREY,01t4w00000Nulv4AAB
,NATURAL+BLACK,01t4w00000Nulv5AAB
,NATURAL+SILVER,01t4w00000Nulv6AAB
,BLACK+WALNUT,01t4w00000Nulv7AAB
,NATURAL+GREY,01t4w00000Nulv8AAB
,BLACK,01t4w00000NulvBAAR
,WHITE+BLUE+RED,01t4w00000NulvEAAR
,GREY,01t4w00000NulvGAAR
,BLUE+RED+YELLOW,01t4w00000NulvHAAR
,WHITE,01t4w00000NulvMAAR
BLUE,BLUE,01t4w00000NulvNAAR
GREY,GREY,01t4w00000NulvOAAR
,BLUE,01t4w00000NulvPAAR
,GREY,01t4w00000NulvQAAR
GREY,GREY,01t4w00000NulvRAAR
,GREY,01t4w00000NulvSAAR
GREY,GREY,01t4w00000NulvTAAR
,GREY,01t4w00000NulvUAAR
GREY,GREY,01t4w00000NulvVAAR
,GREY,01t4w00000NulvWAAR
GREY,GREY,01t4w00000NulvXAAR
,GREY,01t4w00000NulvYAAR
,GREY,01t4w00000NulvZAAR
GREY,GREY,01t4w00000NulvaAAB
BLACK,BLACK,01t4w00000NulvbAAB
,BLACK,01t4w00000NulvcAAB
BLACK+MULTICOLOR,BLACK+MULTICOLOR,01t4w00000NulvfAAB
,BLACK+MULTICOLOR,01t4w00000NulvgAAB
,NATURAL+BLACK,01t4w00000NulvmAAB
NATURAL+BLACK,NATURAL+BLACK,01t4w00000NulvpAAB
BLACK,BLACK,01t4w00000NulvtAAB
,BROWN+BEIGE,01t4w00000NulvuAAB
,BLACK,01t4w00000NulvvAAB
,BROWN,01t4w00000NulvwAAB
BROWN,BROWN,01t4w00000NulvxAAB
BROWN+BEIGE,BROWN+BEIGE,01t4w00000NulvyAAB
BROWN+BEIGE,BROWN+BEIGE,01t4w00000NulvzAAB
,BROWN+BEIGE,01t4w00000Nulw0AAB
BROWN+BEIGE,BROWN+BEIGE,01t4w00000Nulw1AAB
GREY,GREY,01t4w00000Nulw2AAB
,BROWN+BEIGE,01t4w00000Nulw3AAB
,BROWN,01t4w00000Nulw4AAB
BROWN,BROWN,01t4w00000Nulw5AAB
,GREY,01t4w00000Nulw8AAB
,GREY+NATURAL,01t4w00000Nulw9AAB
NATURAL+BEIGE,NATURAL+BEIGE,01t4w00000NulwAAAR
GREY+NATURAL,GREY+NATURAL,01t4w00000NulwBAAR
,NATURAL+BEIGE,01t4w00000NulwCAAR
BLACK,BLACK,01t4w00000NulwDAAR
,BLACK,01t4w00000NulwEAAR
NATURAL,NATURAL,01t4w00000NulwGAAR
,NATURAL,01t4w00000NulwHAAR
GREY,GREY,01t4w00000NulwIAAR
,GREY,01t4w00000NulwJAAR
DARK+BLACK,DARK+BLACK,01t4w00000NulwMAAR
,DARK+BLACK,01t4w00000NulwNAAR
,GREY + BLACK,01t4w00000NulwOAAR
GREY + BLACK,GREY + BLACK,01t4w00000NulwPAAR
WALNUT+BLACK,WALNUT+BLACK,01t4w00000NulwQAAR
,WALNUT+BLACK,01t4w00000NulwRAAR
GREY+BLACK,GREY+BLACK,01t4w00000NulwSAAR
,GREY+BLACK,01t4w00000NulwTAAR
WOOD LIGHT + BLACK,WOOD LIGHT + BLACK,01t4w00000NulwUAAR
,WOOD LIGHT + BLACK,01t4w00000NulwVAAR
NATURAL,NATURAL,01t4w00000NulwWAAR
,BLACK+WOOD,01t4w00000NulwXAAR
,WHITE+NATURAL,01t4w00000NulwYAAR
,WOOD,01t4w00000NulwZAAR
NATURAL,NATURAL,01t4w00000NulwaAAB
,NATURAL,01t4w00000NulwbAAB
WHITE+WOOD,WHITE+WOOD,01t4w00000NulwcAAB
,WHITE+WOOD,01t4w00000NulwdAAB
BLACK+WOOD,BLACK+WOOD,01t4w00000NulweAAB
,BLACK+WOOD,01t4w00000NulwfAAB
WHITE,WHITE,01t4w00000NulwgAAB
WHITE+BLACK,WHITE+BLACK,01t4w00000NulwhAAB
,WHITE,01t4w00000NulwiAAB
,WHITE+BLACK,01t4w00000NulwjAAB
BLACK+WOOD,BLACK+WOOD,01t4w00000NulwkAAB
WHITE+NATURAL,WHITE+NATURAL,01t4w00000NulwlAAB
WHITE+NATURAL,WHITE+NATURAL,01t4w00000NulwmAAB
,WHITE+NATURAL,01t4w00000NulwnAAB
WHITE+NATURAL,WHITE+NATURAL,01t4w00000NulwoAAB
,WHITE+NATURAL,01t4w00000NulwpAAB
WOOD,WOOD,01t4w00000NulwqAAB
WHITE+NATURAL,WHITE+NATURAL,01t4w00000NulwrAAB
,NATURAL,01t4w00000NulwsAAB
WHITE+NATURAL,WHITE+NATURAL,01t4w00000NulwtAAB
,WHITE+NATURAL,01t4w00000NulwuAAB
,WHITE+NATURAL,01t4w00000NulwvAAB
WHITE+WOOD,WHITE+WOOD,01t4w00000NulwwAAB
,WHITE+WOOD,01t4w00000NulwxAAB
,WHITE+NATURAL,01t4w00000NulwyAAB
,NATURAL,01t4w00000NulwzAAB
NATURAL,NATURAL,01t4w00000Nulx0AAB
,NATURAL,01t4w00000Nulx1AAB
NATURAL,NATURAL,01t4w00000Nulx2AAB
,NATURAL,01t4w00000Nulx3AAB
WHITE+NATURAL,WHITE+NATURAL,01t4w00000Nulx4AAB
NATURAL,NATURAL,01t4w00000Nulx5AAB
NATURAL+WHITE,NATURAL+WHITE,01t4w00000Nulx6AAB
,NATURAL+WHITE,01t4w00000Nulx7AAB
,BLACK+BROWN,01t4w00000Nulx8AAB
,BEIGE+YELLOW+BROWN,01t4w00000Nulx9AAB
WOOD + BLACK,WOOD + BLACK,01t4w00000NulxAAAR
,WOOD + BLACK,01t4w00000NulxBAAR
WHITE,WHITE,01t4w00000NulxCAAR
,WHITE,01t4w00000NulxDAAR
,WHITE,01t4w00000NulxEAAR
GREY,GREY,01t4w00000NulxFAAR
,GREY,01t4w00000NulxGAAR
GREY,GREY,01t4w00000NulxHAAR
,GREY,01t4w00000NulxIAAR
,GREY,01t4w00000NulxJAAR
WALNUT+BLACK,WALNUT+BLACK,01t4w00000NulxKAAR
,WALNUT+BLACK,01t4w00000NulxLAAR
WOOD + BLACK,WOOD + BLACK,01t4w00000NulxMAAR
,WOOD + BLACK,01t4w00000NulxNAAR
WHITE+BLACK,WHITE+BLACK,01t4w00000NulxOAAR
,WHITE+BLACK,01t4w00000NulxPAAR
WHITE + BLACK,WHITE + BLACK,01t4w00000NulxQAAR
,WHITE + BLACK,01t4w00000NulxRAAR
BROWN+ORANGE,BROWN+ORANGE,01t4w00000NulxSAAR
,BROWN+ORANGE,01t4w00000NulxTAAR
BLACK,BLACK,01t4w00000NulxUAAR
,BLACK,01t4w00000NulxVAAR
,BLACK,01t4w00000NulxWAAR
BLACK,BLACK,01t4w00000NulxXAAR
WHITE,WHITE,01t4w00000NulxYAAR
,WHITE,01t4w00000NulxZAAR
GREY+NATURAL,GREY+NATURAL,01t4w00000NulxaAAB
,GREY+NATURAL,01t4w00000NulxbAAB
GREY+NATURAL,GREY+NATURAL,01t4w00000NulxcAAB
GREY+NATURAL,GREY+NATURAL,01t4w00000NulxdAAB
,GREY+NATURAL,01t4w00000NulxeAAB
,GREY+NATURAL,01t4w00000NulxfAAB
WHITE+WOOD,WHITE+WOOD,01t4w00000NulxgAAB
,WHITE+WOOD,01t4w00000NulxhAAB
WHITE+WOOD,WHITE+WOOD,01t4w00000NulxiAAB
,WHITE+WOOD,01t4w00000NulxjAAB
WHITE+NATURAL,WHITE+NATURAL,01t4w00000NulxkAAB
,WHITE+NATURAL,01t4w00000NulxlAAB
WHITE+WOOD,WHITE+WOOD,01t4w00000NulxmAAB
,WHITE+WOOD,01t4w00000NulxnAAB
,BLACK,01t4w00000NulxoAAB
BLACK,BLACK,01t4w00000NulxpAAB
WHITE+NATURAL,WHITE+NATURAL,01t4w00000NulxqAAB
,WHITE+NATURAL,01t4w00000NulxrAAB
WHITE+NATURAL,WHITE+NATURAL,01t4w00000NulxsAAB
,WHITE+NATURAL,01t4w00000NulxtAAB
BOY,BOY,01t4w00000NulxuAAB
,BOY,01t4w00000NulxvAAB
GIRL,GIRL,01t4w00000NulxwAAB
,GIRL,01t4w00000NulxxAAB
BOY,BOY,01t4w00000NulxyAAB
,BOY,01t4w00000NulxzAAB
GIRL,GIRL,01t4w00000Nuly0AAB
,GIRL,01t4w00000Nuly1AAB
BOY,BOY,01t4w00000Nuly2AAB
BOY,BOY,01t4w00000Nuly3AAB
,BOY,01t4w00000Nuly4AAB
GIRL,GIRL,01t4w00000Nuly5AAB
,GIRL,01t4w00000Nuly6AAB
,BOY,01t4w00000Nuly7AAB
GIRL,GIRL,01t4w00000Nuly8AAB
,GIRL,01t4w00000Nuly9AAB
WHITE+NATURAL,WHITE+NATURAL,01t4w00000NulyAAAR
,WHITE+NATURAL,01t4w00000NulyBAAR
WHITE+NATURAL,WHITE+NATURAL,01t4w00000NulyCAAR
,WHITE+NATURAL,01t4w00000NulyDAAR
,WHITE+NATURAL,01t4w00000NulyEAAR
WHITE+NATURAL,WHITE+NATURAL,01t4w00000NulyFAAR
,WHITE+NATURAL,01t4w00000NulyGAAR
WHITE+NATURAL,WHITE+NATURAL,01t4w00000NulyHAAR
NATURAL,NATURAL,01t4w00000NulyIAAR
,NATURAL,01t4w00000NulyJAAR
WHITE+WOOD,WHITE+WOOD,01t4w00000NulyKAAR
WHITE,WHITE,01t4w00000NulyLAAR
,WHITE+WOOD,01t4w00000NulyMAAR
WHITE+NATURAL,WHITE+NATURAL,01t4w00000NulyNAAR
,WHITE,01t4w00000NulyPAAR
,WHITE+NATURAL,01t4w00000NulyQAAR
NATURAL,NATURAL,01t4w00000NulyRAAR
GREY+BLACK,GREY+BLACK,01t4w00000NulySAAR
,NATURAL,01t4w00000NulyTAAR
NATURAL+WHITE,NATURAL+WHITE,01t4w00000NulyUAAR
,BLACK+NATURAL,01t4w00000NulyVAAR
,NATURAL,01t4w00000NulyWAAR
,NATURAL+WHITE,01t4w00000NulyXAAR
,GREY+BLACK,01t4w00000NulyYAAR
STONE,STONE,01t4w00000NulyZAAR
BLACK+NATURAL,BLACK+NATURAL,01t4w00000NulyaAAB
,STONE,01t4w00000NulybAAB
NATURAL,NATURAL,01t4w00000NulycAAB
NATURAL+BLACK,NATURAL+BLACK,01t4w00000NulydAAB
,NATURAL+BLACK,01t4w00000NulyeAAB
WOOD DARK,WOOD DARK,01t4w00000NulyfAAB
,WOOD DARK,01t4w00000NulygAAB
MULTIPLE,MULTIPLE,01t4w00000NulyhAAB
,MULTIPLE,01t4w00000NulyiAAB
NATURAL,NATURAL,01t4w00000NulyjAAB
,NATURAL,01t4w00000NulykAAB
NATURAL,NATURAL,01t4w00000NulylAAB
,NATURAL,01t4w00000NulymAAB
WHITE,WHITE,01t4w00000NulynAAB
,WHITE,01t4w00000NulyoAAB
GREY,GREY,01t4w00000NulypAAB
,GREY,01t4w00000NulyqAAB
WHITE,WHITE,01t4w00000NulyrAAB
,WHITE,01t4w00000NulysAAB
MULTIPLE,MULTIPLE,01t4w00000NulytAAB
,MULTIPLE,01t4w00000NulyuAAB
,MULTIPLE,01t4w00000NulyvAAB
MULTIPLE,MULTIPLE,01t4w00000NulywAAB
,MULTIPLE,01t4w00000NulyxAAB
MULTIPLE,MULTIPLE,01t4w00000NulyyAAB
MULTIPLE,MULTIPLE,01t4w00000NulyzAAB
MULTIPLE,MULTIPLE,01t4w00000Nulz0AAB
,MULTIPLE,01t4w00000Nulz1AAB
,MULTIPLE,01t4w00000Nulz2AAB
,MULTIPLE,01t4w00000Nulz3AAB
MULTIPLE,MULTIPLE,01t4w00000Nulz4AAB
,MULTIPLE,01t4w00000Nulz5AAB
,MULTIPLE,01t4w00000Nulz6AAB
,MULTIPLE,01t4w00000Nulz7AAB
MULTIPLE,MULTIPLE,01t4w00000Nulz8AAB
MULTIPLE,MULTIPLE,01t4w00000Nulz9AAB
,MULTIPLE,01t4w00000NulzAAAR
MULTIPLE,MULTIPLE,01t4w00000NulzBAAR
MULTIPLE,MULTIPLE,01t4w00000NulzCAAR
MULTIPLE,MULTIPLE,01t4w00000NulzDAAR
,MULTIPLE,01t4w00000NulzEAAR
,MULTIPLE,01t4w00000NulzFAAR
MULTIPLE,MULTIPLE,01t4w00000NulzGAAR
MULTIPLE,MULTIPLE,01t4w00000NulzHAAR
,MULTIPLE,01t4w00000NulzIAAR
,MULTIPLE,01t4w00000NulzJAAR
MULTIPLE,MULTIPLE,01t4w00000NulzKAAR
,MULTIPLE,01t4w00000NulzLAAR
MULTIPLE,MULTIPLE,01t4w00000NulzMAAR
MULTIPLE,MULTIPLE,01t4w00000NulzNAAR
,MULTIPLE,01t4w00000NulzOAAR
PINK,PINK,01t4w00000NulzPAAR
MULTIPLE,MULTIPLE,01t4w00000NulzQAAR
,PINK,01t4w00000NulzRAAR
,YELLOW,01t4w00000NulzSAAR
,MULTIPLE,01t4w00000NulzTAAR
YELLOW,YELLOW,01t4w00000NulzUAAR
WHITE,WHITE,01t4w00000NulzVAAR
WHITE,WHITE,01t4w00000NulzWAAR
,WHITE,01t4w00000NulzXAAR
WHITE,WHITE,01t4w00000NulzYAAR
,WHITE,01t4w00000NulzZAAR
WHITE,WHITE,01t4w00000NulzaAAB
WHITE,WHITE,01t4w00000NulzbAAB
,WHITE,01t4w00000NulzcAAB
,WHITE,01t4w00000NulzdAAB
,WHITE,01t4w00000NulzeAAB
WHITE,WHITE,01t4w00000NulzfAAB
,WHITE,01t4w00000NulzgAAB
BLUE,BLUE,01t4w00000NulzhAAB
,BLUE,01t4w00000NulziAAB
,BLUE,01t4w00000NulzjAAB
BLUE,BLUE,01t4w00000NulzkAAB
,BLUE,01t4w00000NulzlAAB
,MULTIPLE,01t4w00000NulzmAAB
BLUE,BLUE,01t4w00000NulznAAB
BLUE,BLUE,01t4w00000NulzoAAB
,BLUE,01t4w00000NulzpAAB
BLUE,BLUE,01t4w00000NulzqAAB
,BLUE,01t4w00000NulzrAAB
N/A,N/A,01t4w00000NulzsAAB
,N/A,01t4w00000NulztAAB
MULTIPLE,MULTIPLE,01t4w00000NulzuAAB
MULTIPLE,MULTIPLE,01t4w00000NulzvAAB
,MULTIPLE,01t4w00000NulzwAAB
MULTIPLE,MULTIPLE,01t4w00000NulzxAAB
,MULTIPLE,01t4w00000NulzyAAB
GREY,GREY,01t4w00000NulzzAAB
BLACK,GREY,01t4w00000Num00AAB
MULTIPLE,MULTIPLE,01t4w00000Num01AAB
MULTIPLE,MULTIPLE,01t4w00000Num02AAB
MULTIPLE,MULTIPLE,01t4w00000Num03AAB
MULTIPLE,MULTIPLE,01t4w00000Num04AAB
MULTIPLE,MULTIPLE,01t4w00000Num05AAB
MULTIPLE,MULTIPLE,01t4w00000Num06AAB
MULTIPLE,MULTIPLE,01t4w00000Num07AAB
MULTIPLE,MULTIPLE,01t4w00000Num08AAB
MULTIPLE,MULTIPLE,01t4w00000Num09AAB
MULTIPLE,MULTIPLE,01t4w00000Num0AAAR
MULTIPLE,MULTIPLE,01t4w00000Num0BAAR
MULTIPLE,MULTIPLE,01t4w00000Num0CAAR
MULTIPLE,MULTIPLE,01t4w00000Num0DAAR
MULTIPLE,MULTIPLE,01t4w00000Num0EAAR
MULTIPLE,MULTIPLE,01t4w00000Num0FAAR
MULTIPLE,MULTIPLE,01t4w00000Num0GAAR
MULTIPLE,MULTIPLE,01t4w00000Num0HAAR
MULTIPLE,MULTIPLE,01t4w00000Num0IAAR
MULTIPLE,MULTIPLE,01t4w00000Num0JAAR
MULTIPLE,MULTIPLE,01t4w00000Num0KAAR
MULTIPLE,MULTIPLE,01t4w00000Num0LAAR
MULTIPLE,MULTIPLE,01t4w00000Num0MAAR
MULTIPLE,MULTIPLE,01t4w00000Num0NAAR
MULTIPLE,MULTIPLE,01t4w00000Num0OAAR
MULTIPLE,MULTIPLE,01t4w00000Num0PAAR
MULTIPLE,MULTIPLE,01t4w00000Num0QAAR
MULTIPLE,MULTIPLE,01t4w00000Num0RAAR
MULTIPLE,MULTIPLE,01t4w00000Num0SAAR
MULTIPLE,MULTIPLE,01t4w00000Num0TAAR
MULTIPLE,MULTIPLE,01t4w00000Num0UAAR
MULTIPLE,MULTIPLE,01t4w00000Num0VAAR
MULTIPLE,MULTIPLE,01t4w00000Num0WAAR
MULTIPLE,MULTIPLE,01t4w00000Num0XAAR
MULTIPLE,MULTIPLE,01t4w00000Num0YAAR
MULTIPLE,MULTIPLE,01t4w00000Num0ZAAR
MULTIPLE,MULTIPLE,01t4w00000Num0aAAB
MULTIPLE,MULTIPLE,01t4w00000Num0bAAB
MULTIPLE,MULTIPLE,01t4w00000Num0cAAB
MULTIPLE,MULTIPLE,01t4w00000Num0dAAB
MULTIPLE,MULTIPLE,01t4w00000Num0eAAB
MULTIPLE,MULTIPLE,01t4w00000Num0fAAB
MULTIPLE,MULTIPLE,01t4w00000Num0gAAB
MULTIPLE,MULTIPLE,01t4w00000Num0hAAB
MULTIPLE,MULTIPLE,01t4w00000Num0iAAB
MULTIPLE,MULTIPLE,01t4w00000Num0jAAB
MULTIPLE,MULTIPLE,01t4w00000Num0kAAB
MULTIPLE,MULTIPLE,01t4w00000Num0lAAB
MULTIPLE,MULTIPLE,01t4w00000Num0mAAB
MULTIPLE,MULTIPLE,01t4w00000Num0nAAB
MULTIPLE,MULTIPLE,01t4w00000Num0oAAB
MULTIPLE,MULTIPLE,01t4w00000Num0pAAB
MULTIPLE,MULTIPLE,01t4w00000Num0qAAB
MULTIPLE,MULTIPLE,01t4w00000Num0rAAB
MULTIPLE,MULTIPLE,01t4w00000Num0sAAB
MULTIPLE,MULTIPLE,01t4w00000Num0tAAB
MULTIPLE,MULTIPLE,01t4w00000Num0uAAB
MULTIPLE,MULTIPLE,01t4w00000Num0vAAB
MULTIPLE,MULTIPLE,01t4w00000Num0wAAB
MULTIPLE,MULTIPLE,01t4w00000Num0xAAB
MULTIPLE,MULTIPLE,01t4w00000Num0yAAB
MULTIPLE,MULTIPLE,01t4w00000Num0zAAB
MULTIPLE,MULTIPLE,01t4w00000Num10AAB
MULTIPLE,MULTIPLE,01t4w00000Num11AAB
COLOR,COLOR,01t4w00000Num12AAB
MULTIPLE,MULTIPLE,01t4w00000Num13AAB
MULTIPLE,MULTIPLE,01t4w00000Num14AAB
MULTIPLE,MULTIPLE,01t4w00000Num15AAB
MULTIPLE,MULTIPLE,01t4w00000Num16AAB
MULTIPLE,MULTIPLE,01t4w00000Num17AAB
MULTIPLE,MULTIPLE,01t4w00000Num18AAB
MULTIPLE,MULTIPLE,01t4w00000Num19AAB
MULTIPLE,MULTIPLE,01t4w00000Num1AAAR
MULTIPLE,MULTIPLE,01t4w00000Num1BAAR
,MULTIPLE,01t4w00000Num1CAAR
,MULTIPLE,01t4w00000Num1DAAR
,MULTIPLE,01t4w00000Num1EAAR
,MULTIPLE,01t4w00000Num1FAAR
,MULTIPLE,01t4w00000Num1GAAR
,MULTIPLE,01t4w00000Num1HAAR
,MULTIPLE,01t4w00000Num1IAAR
,MULTIPLE,01t4w00000Num1JAAR
,MULTIPLE,01t4w00000Num1KAAR
,MULTIPLE,01t4w00000Num1LAAR
,MULTIPLE,01t4w00000Num1MAAR
,MULTIPLE,01t4w00000Num1NAAR
,MULTIPLE,01t4w00000Num1OAAR
,MULTIPLE,01t4w00000Num1PAAR
,MULTIPLE,01t4w00000Num1QAAR
,MULTIPLE,01t4w00000Num1RAAR
,MULTIPLE,01t4w00000Num1SAAR
MULTIPLE,MULTIPLE,01t4w00000Num1TAAR
MULTIPLE,MULTIPLE,01t4w00000Num1UAAR
MULTIPLE,MULTIPLE,01t4w00000Num1VAAR
MULTIPLE,MULTIPLE,01t4w00000Num1WAAR
MULTIPLE,MULTIPLE,01t4w00000Num1XAAR
MULTIPLE,MULTIPLE,01t4w00000Num1YAAR
MULTIPLE,MULTIPLE,01t4w00000Num1ZAAR
MULTIPLE,MULTIPLE,01t4w00000Num1aAAB
MULTIPLE,MULTIPLE,01t4w00000Num1bAAB
MULTIPLE,MULTIPLE,01t4w00000Num1cAAB
MULTIPLE,MULTIPLE,01t4w00000Num1dAAB
MULTIPLE,MULTIPLE,01t4w00000Num1eAAB
MULTIPLE,MULTIPLE,01t4w00000Num1fAAB
MULTIPLE,MULTIPLE,01t4w00000Num1gAAB
MULTIPLE,MULTIPLE,01t4w00000Num1hAAB
MULTIPLE,MULTIPLE,01t4w00000Num1iAAB
MULTIPLE,MULTIPLE,01t4w00000Num1jAAB
MULTIPLE,MULTIPLE,01t4w00000Num1kAAB
MULTIPLE,MULTIPLE,01t4w00000Num1lAAB
MULTIPLE,MULTIPLE,01t4w00000Num1mAAB
MULTIPLE,MULTIPLE,01t4w00000Num1nAAB
MULTIPLE,MULTIPLE,01t4w00000Num1oAAB
MULTIPLE,MULTIPLE,01t4w00000Num1pAAB
MULTIPLE,MULTIPLE,01t4w00000Num1qAAB
MULTIPLE,MULTIPLE,01t4w00000Num1rAAB
MULTIPLE,MULTIPLE,01t4w00000Num1sAAB
MULTIPLE,MULTIPLE,01t4w00000Num1tAAB
MULTIPLE,MULTIPLE,01t4w00000Num1uAAB
MULTIPLE,MULTIPLE,01t4w00000Num1vAAB
MULTIPLE,MULTIPLE,01t4w00000Num1wAAB
MULTIPLE,MULTIPLE,01t4w00000Num1xAAB
MULTIPLE,MULTIPLE,01t4w00000Num1yAAB
MULTIPLE,MULTIPLE,01t4w00000Num1zAAB
MULTIPLE,MULTIPLE,01t4w00000Num20AAB
MULTIPLE,MULTIPLE,01t4w00000Num21AAB
MULTIPLE,MULTIPLE,01t4w00000Num22AAB
MULTIPLE,MULTIPLE,01t4w00000Num23AAB
MULTIPLE,MULTIPLE,01t4w00000Num24AAB
MULTIPLE,MULTIPLE,01t4w00000Num25AAB
MULTIPLE,MULTIPLE,01t4w00000Num26AAB
MULTIPLE,MULTIPLE,01t4w00000Num27AAB
MULTIPLE,MULTIPLE,01t4w00000Num28AAB
MULTIPLE,MULTIPLE,01t4w00000Num29AAB
MULTIPLE,MULTIPLE,01t4w00000Num2AAAR
MULTIPLE,MULTIPLE,01t4w00000Num2BAAR
MULTIPLE,MULTIPLE,01t4w00000Num2CAAR
MULTIPLE,MULTIPLE,01t4w00000Num2DAAR
MULTIPLE,MULTIPLE,01t4w00000Num2EAAR
MULTIPLE,MULTIPLE,01t4w00000Num2FAAR
MULTIPLE,MULTIPLE,01t4w00000Num2GAAR
MULTIPLE,MULTIPLE,01t4w00000Num2HAAR
MULTIPLE,MULTIPLE,01t4w00000Num2IAAR
MULTIPLE,MULTIPLE,01t4w00000Num2JAAR
MULTIPLE,MULTIPLE,01t4w00000Num2KAAR
MULTIPLE,MULTIPLE,01t4w00000Num2LAAR
MULTIPLE,MULTIPLE,01t4w00000Num2MAAR
MULTIPLE,MULTIPLE,01t4w00000Num2NAAR
MULTIPLE,MULTIPLE,01t4w00000Num2OAAR
MULTIPLE,MULTIPLE,01t4w00000Num2PAAR
MULTIPLE,MULTIPLE,01t4w00000Num2QAAR
MULTIPLE,MULTIPLE,01t4w00000Num2RAAR
MULTIPLE,MULTIPLE,01t4w00000Num2SAAR
MULTIPLE,MULTIPLE,01t4w00000Num2TAAR
GREEN/YELLOW/PINK,GREEN/YELLOW/PINK,01t4w00000Num2UAAR
MULTIPLE,MULTIPLE,01t4w00000Num2VAAR
MULTIPLE,MULTIPLE,01t4w00000Num2WAAR
MULTIPLE,MULTIPLE,01t4w00000Num2XAAR
MULTIPLE,MULTIPLE,01t4w00000Num2YAAR
MULTIPLE,MULTIPLE,01t4w00000Num2ZAAR
MULTIPLE,MULTIPLE,01t4w00000Num2aAAB
RED+BLACK,RED+BLACK,01t4w00000Num2bAAB
MULTIPLE,MULTIPLE,01t4w00000Num2cAAB
RED+BLACK,RED+BLACK,01t4w00000Num2dAAB
MULTIPLE,MULTIPLE,01t4w00000Num2eAAB
BLACK,BLACK,01t4w00000Num2fAAB
ORANGE+WHITE,ORANGE+WHITE,01t4w00000Num2gAAB
BROWN,BROWN,01t4w00000Num2hAAB
MULTIPLE,MULTIPLE,01t4w00000Num2iAAB
MULTIPLE,MULTIPLE,01t4w00000Num2jAAB
MULTIPLE,MULTIPLE,01t4w00000Num2kAAB
,BROWN,01t4w00000Num2lAAB
MULTIPLE,MULTIPLE,01t4w00000Num2mAAB
MULTIPLE,MULTIPLE,01t4w00000Num2nAAB
MULTIPLE,MULTIPLE,01t4w00000Num2oAAB
MULTIPLE,MULTIPLE,01t4w00000Num2pAAB
MULTIPLE,MULTIPLE,01t4w00000Num2qAAB
MULTIPLE,MULTIPLE,01t4w00000Num2rAAB
MULTIPLE,MULTIPLE,01t4w00000Num2sAAB
MULTIPLE,MULTIPLE,01t4w00000Num2tAAB
BROWN,BROWN,01t4w00000Num2uAAB
MULTIPLE,MULTIPLE,01t4w00000Num2vAAB
BROWN,BROWN,01t4w00000Num2wAAB
BROWN,BROWN,01t4w00000Num2xAAB
BROWN,BROWN,01t4w00000Num2yAAB
BROWN,BROWN,01t4w00000Num2zAAB
BROWN,BROWN,01t4w00000Num30AAB
BROWN,BROWN,01t4w00000Num31AAB
BROWN,BROWN,01t4w00000Num32AAB
BROWN,BROWN,01t4w00000Num33AAB
BROWN,BROWN,01t4w00000Num34AAB
,MULTIPLE,01t4w00000Num35AAB
,MULTIPLE,01t4w00000Num36AAB
,MULTIPLE,01t4w00000Num37AAB
,MULTIPLE,01t4w00000Num38AAB
,MULTIPLE,01t4w00000Num39AAB
,MULTIPLE,01t4w00000Num3AAAR
,MULTIPLE,01t4w00000Num3BAAR
,MULTIPLE,01t4w00000Num3CAAR
,MULTIPLE,01t4w00000Num3DAAR
,MULTIPLE,01t4w00000Num3EAAR
,MULTIPLE,01t4w00000Num3FAAR
,MULTIPLE,01t4w00000Num3GAAR
,MULTIPLE,01t4w00000Num3HAAR
,MULTIPLE,01t4w00000Num3IAAR
,MULTIPLE,01t4w00000Num3JAAR
,MULTIPLE,01t4w00000Num3KAAR
,MULTIPLE,01t4w00000Num3LAAR
,MULTIPLE,01t4w00000Num3MAAR
,MULTIPLE,01t4w00000Num3NAAR
,MULTIPLE,01t4w00000Num3OAAR
,MULTIPLE,01t4w00000Num3PAAR
,MULTIPLE,01t4w00000Num3QAAR
,MULTIPLE,01t4w00000Num3RAAR
,MULTIPLE,01t4w00000Num3SAAR
,MULTIPLE,01t4w00000Num3TAAR
,MULTIPLE,01t4w00000Num3UAAR
,MULTIPLE,01t4w00000Num3VAAR
,MULTIPLE,01t4w00000Num3WAAR
,MULTIPLE,01t4w00000Num3XAAR
,MULTIPLE,01t4w00000Num3YAAR
,MULTIPLE,01t4w00000Num3ZAAR
,MULTIPLE,01t4w00000Num3aAAB
,MULTIPLE,01t4w00000Num3bAAB
,MULTIPLE,01t4w00000Num3cAAB
,MULTIPLE,01t4w00000Num3dAAB
,MULTIPLE,01t4w00000Num3eAAB
,MULTIPLE,01t4w00000Num3fAAB
,MULTIPLE,01t4w00000Num3gAAB
,MULTIPLE,01t4w00000Num3hAAB
,MULTIPLE,01t4w00000Num3iAAB
,MULTIPLE,01t4w00000Num3jAAB
,MULTIPLE,01t4w00000Num3kAAB
,MULTIPLE,01t4w00000Num3lAAB
,MULTIPLE,01t4w00000Num3mAAB
,MULTIPLE,01t4w00000Num3nAAB
,MULTIPLE,01t4w00000Num3oAAB
,MULTIPLE,01t4w00000Num3pAAB
,MULTIPLE,01t4w00000Num3qAAB
,MULTIPLE,01t4w00000Num3rAAB
,MULTIPLE,01t4w00000Num3sAAB
,MULTIPLE,01t4w00000Num3tAAB
,MULTIPLE,01t4w00000Num3uAAB
,MULTIPLE,01t4w00000Num3vAAB
,MULTIPLE,01t4w00000Num3wAAB
,MULTIPLE,01t4w00000Num3xAAB
,MULTIPLE,01t4w00000Num3yAAB
,MULTIPLE,01t4w00000Num3zAAB
,MULTIPLE,01t4w00000Num40AAB
,MULTIPLE,01t4w00000Num41AAB
,MULTIPLE,01t4w00000Num42AAB
,MULTIPLE,01t4w00000Num43AAB
,MULTIPLE,01t4w00000Num44AAB
,MULTIPLE,01t4w00000Num45AAB
,MULTIPLE,01t4w00000Num46AAB
,MULTIPLE,01t4w00000Num47AAB
,MULTIPLE,01t4w00000Num48AAB
,MULTIPLE,01t4w00000Num49AAB
,MULTIPLE,01t4w00000Num4AAAR
,MULTIPLE,01t4w00000Num4BAAR
,MULTIPLE,01t4w00000Num4CAAR
,MULTIPLE,01t4w00000Num4DAAR
,MULTIPLE,01t4w00000Num4EAAR
,MULTIPLE,01t4w00000Num4FAAR
,MULTIPLE,01t4w00000Num4GAAR
MULTIPLE,MULTIPLE,01t4w00000Num4HAAR
MULTIPLE,MULTIPLE,01t4w00000Num4IAAR
BLACK,BLACK,01t4w00000Num4JAAR
BLACK+ORANGE,BLACK+ORANGE,01t4w00000Num4KAAR
MULTIPLE,MULTIPLE,01t4w00000Num4LAAR
BLACK,BLACK,01t4w00000Num4MAAR
MULTIPLE,MULTIPLE,01t4w00000Num4NAAR
BLACK,BLACK,01t4w00000Num4OAAR
MULTIPLE,MULTIPLE,01t4w00000Num4PAAR
GREY,GREY,01t4w00000Num4QAAR
MULTIPLE,MULTIPLE,01t4w00000Num4RAAR
BLACK,BLACK,01t4w00000Num4SAAR
BLACK+YELLOW,BLACK+YELLOW,01t4w00000Num4TAAR
MULTIPLE,MULTIPLE,01t4w00000Num4UAAR
MULTIPLE,MULTIPLE,01t4w00000Num4VAAR
BLACK+GREY,BLACK+GREY,01t4w00000Num4WAAR
BLACK+ORANGE,BLACK+ORANGE,01t4w00000Num4XAAR
BLACK+WHITE,BLACK+WHITE,01t4w00000Num4YAAR
MULTIPLE,MULTIPLE,01t4w00000Num4ZAAR
MULTIPLE,MULTIPLE,01t4w00000Num4aAAB
MULTIPLE,MULTIPLE,01t4w00000Num4bAAB
MULTIPLE,MULTIPLE,01t4w00000Num4cAAB
MULTIPLE,MULTIPLE,01t4w00000Num4dAAB
MULTIPLE - TRANSPARENT,MULTIPLE - TRANSPARENT,01t4w00000Num4eAAB
BLACK,BLACK,01t4w00000Num4fAAB
MULTIPLE - TRANSPARENT,MULTIPLE - TRANSPARENT,01t4w00000Num4gAAB
MULTIPLE,MULTIPLE,01t4w00000Num4hAAB
MULTIPLE,MULTIPLE,01t4w00000Num4iAAB
NATURAL WOOD LOOKS,NATURAL WOOD LOOKS,01t4w00000Num4jAAB
NATURAL WOOD LOOKS,NATURAL WOOD LOOKS,01t4w00000Num4kAAB
MULTIPLE,MULTIPLE,01t4w00000Num4lAAB
MULTIPLE,MULTIPLE,01t4w00000Num4mAAB
MULTIPLE,MULTIPLE,01t4w00000Num4nAAB
MULTIPLE,MULTIPLE,01t4w00000Num4oAAB
MULTIPLE,MULTIPLE,01t4w00000Num4pAAB
MULTIPLE,MULTIPLE,01t4w00000Num4qAAB
MULTIPLE,MULTIPLE,01t4w00000Num4rAAB
MULTIPLE,MULTIPLE,01t4w00000Num4sAAB
MULTIPLE,MULTIPLE,01t4w00000Num4tAAB
MULTIPLE,MULTIPLE,01t4w00000Num4uAAB
MULTIPLE,MULTIPLE,01t4w00000Num4vAAB
MULTIPLE,MULTIPLE,01t4w00000Num4wAAB
MULTIPLE,MULTIPLE,01t4w00000Num4xAAB
MULTIPLE,MULTIPLE,01t4w00000Num4yAAB
MULTIPLE,MULTIPLE,01t4w00000Num4zAAB
RED+BLACK,RED+BLACK,01t4w00000Num50AAB
MULTIPLE,MULTIPLE,01t4w00000Num51AAB
DARK+BLACK,DARK+BLACK,01t4w00000Num52AAB
NATURAL+PINK+BLUE,NATURAL+PINK+BLUE,01t4w00000Num53AAB
NATURAL+BLACK,NATURAL+BLACK,01t4w00000Num54AAB
NATURAL+WHITE,NATURAL+WHITE,01t4w00000Num55AAB
NATURAL+WHITE,NATURAL+WHITE,01t4w00000Num56AAB
NATURAL+WHITE,NATURAL+WHITE,01t4w00000Num57AAB
NATURAL+WHITE,NATURAL+WHITE,01t4w00000Num58AAB
NATURAL+BLACK,NATURAL+BLACK,01t4w00000Num59AAB
NATURAL+WHITE,NATURAL+WHITE,01t4w00000Num5AAAR
NATURAL+BLACK,NATURAL+BLACK,01t4w00000Num5BAAR
NATURAL+BLACK,NATURAL+BLACK,01t4w00000Num5CAAR
BLACK,BLACK,01t4w00000Num5DAAR
NATURAL+BLACK,NATURAL+BLACK,01t4w00000Num5EAAR
BLACK+GREY,BLACK+GREY,01t4w00000Num5FAAR
MULTIPLE,MULTIPLE,01t4w00000Num5GAAR
NATURAL+BLACK,NATURAL+BLACK,01t4w00000Num5HAAR
NATURAL+WHITE,NATURAL+WHITE,01t4w00000Num5IAAR
NATURAL+WHITE,NATURAL+WHITE,01t4w00000Num5JAAR
MULTIPLE,MULTIPLE,01t4w00000Num5KAAR
MULTIPLE,MULTIPLE,01t4w00000Num5LAAR
NATURAL+BLACK,NATURAL+BLACK,01t4w00000Num5MAAR
NATURAL+BLACK,NATURAL+BLACK,01t4w00000Num5NAAR
DARK,DARK,01t4w00000Num5OAAR
NATURAL+WHITE,NATURAL+WHITE,01t4w00000Num5PAAR
MULTIPLE,MULTIPLE,01t4w00000Num5QAAR
MULTIPLE,MULTIPLE,01t4w00000Num5RAAR
NATURAL+WHITE,NATURAL+WHITE,01t4w00000Num5SAAR
NATURAL+BLACK,NATURAL+BLACK,01t4w00000Num5TAAR
MULTIPLE,MULTIPLE,01t4w00000Num5UAAR
NATURAL+WHITE,NATURAL+WHITE,01t4w00000Num5VAAR
GREY+PINK,GREY+PINK,01t4w00000Num5WAAR
BLACK,BLACK,01t4w00000Num5XAAR
GREY+BLACK,GREY+BLACK,01t4w00000Num5YAAR
GREY+BLACK,GREY+BLACK,01t4w00000Num5ZAAR
MULTIPLE,MULTIPLE,01t4w00000Num5aAAB
WOOD + GREY,WOOD + GREY,01t4w00000Num5bAAB
,WOOD + GREY,01t4w00000Num5cAAB
MULTIPLE,MULTIPLE,01t4w00000Num5dAAB
WOOD + GREY,WOOD + GREY,01t4w00000Num5eAAB
,WOOD + GREY,01t4w00000Num5fAAB
NATURAL+WHITE,NATURAL+WHITE,01t4w00000Num5gAAB
WHITE,WHITE,01t4w00000Num5hAAB
MULTIPLE,MULTIPLE,01t4w00000Num5iAAB
DARK,DARK,01t4w00000Num5jAAB
MULTIPLE,MULTIPLE,01t4w00000Num5kAAB
MULTIPLE,MULTIPLE,01t4w00000Num5lAAB
MULTIPLE,MULTIPLE,01t4w00000Num5mAAB
MULTIPLE,MULTIPLE,01t4w00000Num5nAAB
VALORES,VALORES,01t4w00000Num5oAAB
MULTIPLE,MULTIPLE,01t4w00000Num5pAAB
MULTIPLE,MULTIPLE,01t4w00000Num5qAAB
MULTIPLE,MULTIPLE,01t4w00000Num5rAAB
MULTIPLE,MULTIPLE,01t4w00000Num5sAAB
MULTIPLE,MULTIPLE,01t4w00000Num5tAAB
MULTIPLE,MULTIPLE,01t4w00000Num5uAAB
MULTIPLE,MULTIPLE,01t4w00000Num5vAAB
MULTIPLE,MULTIPLE,01t4w00000Num5wAAB
MULTIPLE,MULTIPLE,01t4w00000Num5xAAB
COLOR,COLOR,01t4w00000Num5yAAB
MULTIPLE,MULTIPLE,01t4w00000Num5zAAB
MULTIPLE,MULTIPLE,01t4w00000Num60AAB
MULTIPLE,MULTIPLE,01t4w00000Num61AAB
MULTIPLE,MULTIPLE,01t4w00000Num62AAB
MULTIPLE,MULTIPLE,01t4w00000Num63AAB
,GREEN/YELLOW/PINK,01t4w00000Num64AAB
MULTIPLE,MULTIPLE,01t4w00000Num65AAB
,RED+BLACK,01t4w00000Num66AAB
MULTIPLE,MULTIPLE,01t4w00000Num67AAB
MULTIPLE,MULTIPLE,01t4w00000Num68AAB
,RED+BLACK,01t4w00000Num69AAB
,RED+BLACK,01t4w00000Num6AAAR
,BLACK+WHITE,01t4w00000Num6BAAR
,BLACK,01t4w00000Num6CAAR
,ORANGE+WHITE,01t4w00000Num6DAAR
,BLACK+ORANGE,01t4w00000Num6EAAR
,BLACK+ORANGE,01t4w00000Num6FAAR
,DARK+BLACK,01t4w00000Num6GAAR
,BLACK,01t4w00000Num6HAAR
,BLACK,01t4w00000Num6IAAR
,BLACK+GREY,01t4w00000Num6JAAR
,NATURAL+WHITE,01t4w00000Num6KAAR
,NATURAL+BLACK,01t4w00000Num6LAAR
,GREY,01t4w00000Num6MAAR
,BLACK,01t4w00000Num6NAAR
,NATURAL+PINK+BLUE,01t4w00000Num6OAAR
,BLACK+YELLOW,01t4w00000Num6PAAR
MULTIPLE,MULTIPLE,01t4w00000Num6QAAR
MULTIPLE,MULTIPLE,01t4w00000Num6RAAR
MULTIPLE,MULTIPLE,01t4w00000Num6SAAR
MULTIPLE,MULTIPLE,01t4w00000Num6TAAR
,NATURAL+WHITE,01t4w00000Num6UAAR
MULTIPLE,MULTIPLE,01t4w00000Num6VAAR
MULTIPLE,MULTIPLE,01t4w00000Num6WAAR
MULTIPLE,MULTIPLE,01t4w00000Num6XAAR
MULTIPLE,MULTIPLE,01t4w00000Num6YAAR
MULTIPLE,MULTIPLE,01t4w00000Num6ZAAR
MULTIPLE,MULTIPLE,01t4w00000Num6aAAB
MULTIPLE,MULTIPLE,01t4w00000Num6bAAB
MULTIPLE,MULTIPLE,01t4w00000Num6cAAB
MULTIPLE,MULTIPLE,01t4w00000Num6dAAB
MULTIPLE,MULTIPLE,01t4w00000Num6eAAB
MULTIPLE,MULTIPLE,01t4w00000Num6fAAB
MULTIPLE,MULTIPLE,01t4w00000Num6gAAB
,NATURAL+WHITE,01t4w00000Num6hAAB
,NATURAL+WHITE,01t4w00000Num6iAAB
,NATURAL+WHITE,01t4w00000Num6jAAB
,NATURAL+BLACK,01t4w00000Num6kAAB
,NATURAL+BLACK,01t4w00000Num6lAAB
,NATURAL+BLACK,01t4w00000Num6mAAB
,BLACK,01t4w00000Num6nAAB
,NATURAL+BLACK,01t4w00000Num6oAAB
,NATURAL+WHITE,01t4w00000Num6pAAB
,BLACK+GREY,01t4w00000Num6qAAB
,NATURAL+BLACK,01t4w00000Num6rAAB
,NATURAL+WHITE,01t4w00000Num6sAAB
GREEN+BLACK,GREEN+BLACK,01t4w00000Num6tAAB
,NATURAL+BLACK,01t4w00000Num6uAAB
BLACK+GREEN,BLACK+GREEN,01t4w00000Num6vAAB
BLACK+GREEN,BLACK+GREEN,01t4w00000Num6wAAB
BLACK+GREEN,BLACK+GREEN,01t4w00000Num6xAAB
BLACK+GREEN,BLACK+GREEN,01t4w00000Num6yAAB
BLACK+GREEN,BLACK+GREEN,01t4w00000Num6zAAB
GREEN LIGHT+GREEN DARK,GREEN LIGHT+GREEN DARK,01t4w00000Num70AAB
GREEN LIGHT+GREEN DARK,GREEN LIGHT+GREEN DARK,01t4w00000Num71AAB
GREEN LIGHT+GREEN DARK,GREEN LIGHT+GREEN DARK,01t4w00000Num72AAB
GREEN LIGHT+GREEN DARK,GREEN LIGHT+GREEN DARK,01t4w00000Num73AAB
GREEN LIGHT+GREEN DARK,GREEN LIGHT+GREEN DARK,01t4w00000Num74AAB
GREEN LIGHT+GREEN DARK,GREEN LIGHT+GREEN DARK,01t4w00000Num75AAB
GREEN LIGHT+ GREEN DARK,GREEN LIGHT+ GREEN DARK,01t4w00000Num76AAB
GREEN LIGHT+ GREEN DARK,GREEN LIGHT+ GREEN DARK,01t4w00000Num77AAB
GREEN LIGHT+ GREEN DARK,GREEN LIGHT+ GREEN DARK,01t4w00000Num78AAB
MULTIPLE,MULTIPLE,01t4w00000Num79AAB
MULTIPLE,MULTIPLE,01t4w00000Num7AAAR
MULTIPLE,MULTIPLE,01t4w00000Num7BAAR
WHITE+NATURAL,WHITE+NATURAL,01t4w00000Num7CAAR
MULTIPLE,MULTIPLE,01t4w00000Num7DAAR
BLACK+GREEN,BLACK+GREEN,01t4w00000Num7EAAR
MULTIPLE,MULTIPLE,01t4w00000Num7FAAR
MULTIPLE,MULTIPLE,01t4w00000Num7GAAR
GREEN,GREEN,01t4w00000Num7HAAR
BLACK+GREEN,BLACK+GREEN,01t4w00000Num7IAAR
WHITE+NATURAL,WHITE+NATURAL,01t4w00000Num7JAAR
BLACK+GREEN,BLACK+GREEN,01t4w00000Num7KAAR
WHITE+NATURAL,WHITE+NATURAL,01t4w00000Num7LAAR
BLACK+GREEN,BLACK+GREEN,01t4w00000Num7MAAR
MULTIPLE,MULTIPLE,01t4w00000Num7NAAR
GREEN LIGHT+GREEN DARK,GREEN LIGHT+GREEN DARK,01t4w00000Num7OAAR
GREEN+BLACK,GREEN+BLACK,01t4w00000Num7PAAR
GREEN LIGHT+GREEN DARK,GREEN LIGHT+GREEN DARK,01t4w00000Num7QAAR
GREEN LIGHT+GREEN DARK,GREEN LIGHT+GREEN DARK,01t4w00000Num7RAAR
GREEN LIGHT+GREEN DARK,GREEN LIGHT+GREEN DARK,01t4w00000Num7SAAR
GREY,GREY,01t4w00000Num7TAAR
GREY,GREY,01t4w00000Num7UAAR
GREEN,GREEN,01t4w00000Num7VAAR
GREY+RED,GREY+RED,01t4w00000Num7WAAR
BLACK,BLACK,01t4w00000Num7XAAR
MULTIPLE COLORES,MULTIPLE COLORES,01t4w00000Num7YAAR
WHITE,WHITE,01t4w00000Num7ZAAR
WHITE,WHITE,01t4w00000Num7aAAB
WHITE,WHITE,01t4w00000Num7bAAB
GREY DARK & NATURAL,GREY DARK & NATURAL,01t4w00000Num7dAAB
WHITE,WHITE,01t4w00000Num7eAAB
WHITE,WHITE,01t4w00000Num7fAAB
MULTIPLE,MULTIPLE,01t4w00000Num7gAAB
MULTIPLE,MULTIPLE,01t4w00000Num7hAAB
MULTIPLE,MULTIPLE,01t4w00000Num7iAAB
BLACK,BLACK,01t4w00000Num7jAAB
MULTIPLE,MULTIPLE,01t4w00000Num7kAAB
MULTIPLE,MULTIPLE,01t4w00000Num7lAAB
MULTIPLE,MULTIPLE,01t4w00000Num7mAAB
WHITE,WHITE,01t4w00000Num7nAAB
MULTIPLE,MULTIPLE,01t4w00000Num7oAAB
BLACK,BLACK,01t4w00000Num7qAAB
MULTIPLE,MULTIPLE,01t4w00000Num7rAAB
MULTIPLE,MULTIPLE,01t4w00000Num7sAAB
MULTIPLE,MULTIPLE,01t4w00000Num7tAAB
MULTIPLE,MULTIPLE,01t4w00000Num7vAAB
NATURAL,NATURAL,01t4w00000Num7wAAB
NATURAL,NATURAL,01t4w00000Num7xAAB
MULTIPLE,MULTIPLE,01t4w00000Num7yAAB
MULTIPLE,MULTIPLE,01t4w00000Num7zAAB
MULTIPLE,MULTIPLE,01t4w00000Num80AAB
NATURAL,NATURAL,01t4w00000Num81AAB
BLACK,BLACK,01t4w00000Num82AAB
GREY,GREY,01t4w00000Num83AAB
BLACK,BLACK,01t4w00000Num84AAB
NATURAL,NATURAL,01t4w00000Num85AAB
BLACK,BLACK,01t4w00000Num86AAB
BLACK,BLACK,01t4w00000Num87AAB
BLACK,BLACK,01t4w00000Num88AAB
MULTIPLE,MULTIPLE,01t4w00000Num89AAB
GOLD,GOLD,01t4w00000Num8AAAR
BLACK,BLACK,01t4w00000Num8BAAR
BLACK,BLACK,01t4w00000Num8CAAR
GREY,GREY,01t4w00000Num8DAAR
GREY,GREY,01t4w00000Num8EAAR
RED,RED,01t4w00000Num8FAAR
BROWN+BLACK,BROWN+BLACK,01t4w00000Num8GAAR
GREY,GREY,01t4w00000Num8HAAR
BLACK+BLUE,BLACK+BLUE,01t4w00000Num8IAAR
GREY,GREY,01t4w00000Num8JAAR
BLACK,BLACK,01t4w00000Num8KAAR
BLACK,BLACK,01t4w00000Num8LAAR
BLACK,BLACK,01t4w00000Num8MAAR
BLACK,BLACK,01t4w00000Num8NAAR
WHITE,WHITE,01t4w00000Num8OAAR
CHOCOLATE,CHOCOLATE,01t4w00000Num8PAAR
BLACK,BLACK,01t4w00000Num8QAAR
BLACK,BLACK,01t4w00000Num8RAAR
,BROWN,01t4w00000Num8SAAR
,MULTIPLE,01t4w00000Num8TAAR
,MULTIPLE,01t4w00000Num8UAAR
,MULTIPLE,01t4w00000Num8VAAR
,NATURAL+BLACK,01t4w00000Num8WAAR
,BLACK,01t4w00000Num8XAAR
,NATURAL+WHITE,01t4w00000Num8YAAR
,NATURAL+WHITE,01t4w00000Num8ZAAR
,DARK,01t4w00000Num8aAAB
GREY,GREY,01t4w00000Num8bAAB
BLACK,GREY,01t4w00000Num8cAAB
,NATURAL+BLACK,01t4w00000Num8dAAB
,NATURAL+WHITE,01t4w00000Num8eAAB
,GREY+PINK,01t4w00000Num8fAAB
,GREY+BLACK,01t4w00000Num8gAAB
,MULTIPLE,01t4w00000Num8hAAB
,BLACK,01t4w00000Num8iAAB
,WHITE,01t4w00000Num8jAAB
BLACK,BLACK,01t4w00000Num8kAAB
BLACK,BLACK,01t4w00000Num8lAAB
,GREY+BLACK,01t4w00000Num8mAAB
,NATURAL+WHITE,01t4w00000Num8nAAB
,BROWN,01t4w00000Num8oAAB
,BROWN,01t4w00000Num8pAAB
,DARK,01t4w00000Num8qAAB
,BROWN,01t4w00000Num8rAAB
,BROWN,01t4w00000Num8sAAB
,BROWN,01t4w00000Num8tAAB
,BROWN,01t4w00000Num8uAAB
,BROWN,01t4w00000Num8vAAB
,BROWN,01t4w00000Num8wAAB
,BROWN,01t4w00000Num8xAAB
MULTIPLE,MULTIPLE,01t4w00000Num8yAAB
MULTIPLE,MULTIPLE,01t4w00000Num8zAAB
MULTIPLE,MULTIPLE,01t4w00000Num90AAB
MULTIPLE,MULTIPLE,01t4w00000Num91AAB
MULTIPLE,MULTIPLE,01t4w00000Num92AAB
MULTIPLE,MULTIPLE,01t4w00000Num93AAB
MULTIPLE,MULTIPLE,01t4w00000Num94AAB
MULTIPLE,MULTIPLE,01t4w00000Num95AAB
MULTIPLE,MULTIPLE,01t4w00000Num96AAB
MULTIPLE,MULTIPLE,01t4w00000Num97AAB
MULTIPLE,MULTIPLE,01t4w00000Num98AAB
MULTIPLE,MULTIPLE,01t4w00000Num99AAB
MULTIPLE,MULTIPLE,01t4w00000Num9AAAR
MULTIPLE,MULTIPLE,01t4w00000Num9BAAR
MULTIPLE,MULTIPLE,01t4w00000Num9CAAR
,MULTIPLE,01t4w00000Num9DAAR
MULTIPLE,MULTIPLE,01t4w00000Num9EAAR
,BLACK,01t4w00000Num9FAAR
,BLACK,01t4w00000Num9GAAR
,GREY,01t4w00000Num9HAAR
MULTIPLE,MULTIPLE,01t4w00000Num9IAAR
MULTIPLE,MULTIPLE,01t4w00000Num9JAAR
,MULTIPLE,01t4w00000Num9KAAR
,MULTIPLE,01t4w00000Num9LAAR
,MULTIPLE,01t4w00000Num9MAAR
MULTIPLE,MULTIPLE,01t4w00000Num9NAAR
MULTIPLE,MULTIPLE,01t4w00000Num9OAAR
,MULTIPLE,01t4w00000Num9PAAR
,BLACK,01t4w00000Num9QAAR
,GREY,01t4w00000Num9RAAR
,BLACK,01t4w00000Num9SAAR
,MULTIPLE,01t4w00000Num9TAAR
,MULTIPLE,01t4w00000Num9UAAR
,MULTIPLE,01t4w00000Num9VAAR
MULTIPLE,MULTIPLE,01t4w00000Num9WAAR
,MULTIPLE,01t4w00000Num9XAAR
,MULTIPLE,01t4w00000Num9YAAR
,MULTIPLE,01t4w00000Num9ZAAR
,MULTIPLE,01t4w00000Num9aAAB
,MULTIPLE,01t4w00000Num9bAAB
,RED,01t4w00000Num9cAAB
,GREY,01t4w00000Num9dAAB
,MULTIPLE,01t4w00000Num9eAAB
,MULTIPLE,01t4w00000Num9fAAB
MULTIPLE,MULTIPLE,01t4w00000Num9gAAB
MULTIPLE,MULTIPLE,01t4w00000Num9hAAB
,BROWN+BLACK,01t4w00000Num9iAAB
,GREY,01t4w00000Num9jAAB
,MULTIPLE,01t4w00000Num9kAAB
,MULTIPLE,01t4w00000Num9lAAB
,MULTIPLE,01t4w00000Num9mAAB
,MULTIPLE,01t4w00000Num9nAAB
,MULTIPLE,01t4w00000Num9oAAB
,BLACK,01t4w00000Num9pAAB
,BLACK,01t4w00000Num9qAAB
,BLACK,01t4w00000Num9rAAB
,GREY,01t4w00000Num9sAAB
,BLACK+BLUE,01t4w00000Num9tAAB
,BLACK+GREEN,01t4w00000Num9uAAB
,BLACK+GREEN,01t4w00000Num9vAAB
,GREEN LIGHT+GREEN DARK,01t4w00000Num9wAAB
,MULTIPLE,01t4w00000Num9xAAB
,MULTIPLE,01t4w00000Num9yAAB
,MULTIPLE,01t4w00000Num9zAAB
,MULTIPLE,01t4w00000NumA0AAJ
,MULTIPLE,01t4w00000NumA1AAJ
,MULTIPLE,01t4w00000NumA2AAJ
,COLOR,01t4w00000NumA3AAJ
,MULTIPLE,01t4w00000NumA4AAJ
,MULTIPLE,01t4w00000NumA5AAJ
,MULTIPLE,01t4w00000NumA6AAJ
,MULTIPLE,01t4w00000NumA7AAJ
,MULTIPLE,01t4w00000NumA8AAJ
,MULTIPLE,01t4w00000NumA9AAJ
,VALORES,01t4w00000NumAAAAZ
,MULTIPLE,01t4w00000NumABAAZ
,MULTIPLE,01t4w00000NumACAAZ
,MULTIPLE,01t4w00000NumADAAZ
,COLOR,01t4w00000NumAEAAZ
,MULTIPLE,01t4w00000NumAFAAZ
,MULTIPLE,01t4w00000NumAGAAZ
,MULTIPLE,01t4w00000NumAHAAZ
,MULTIPLE,01t4w00000NumAIAAZ
,MULTIPLE,01t4w00000NumAJAAZ
,MULTIPLE,01t4w00000NumAKAAZ
,MULTIPLE,01t4w00000NumALAAZ
,BLACK,01t4w00000NumAMAAZ
,WHITE,01t4w00000NumANAAZ
,BLACK+GREEN,01t4w00000NumAOAAZ
,GREEN LIGHT+GREEN DARK,01t4w00000NumAPAAZ
,MULTIPLE,01t4w00000NumAQAAZ
,MULTIPLE,01t4w00000NumARAAZ
,MULTIPLE,01t4w00000NumASAAZ
,MULTIPLE,01t4w00000NumATAAZ
,MULTIPLE,01t4w00000NumAUAAZ
,CHOCOLATE,01t4w00000NumAVAAZ
,MULTIPLE,01t4w00000NumAWAAZ
,MULTIPLE,01t4w00000NumAXAAZ
,MULTIPLE,01t4w00000NumAYAAZ
,MULTIPLE,01t4w00000NumAZAAZ
,MULTIPLE,01t4w00000NumAaAAJ
,MULTIPLE,01t4w00000NumAbAAJ
,MULTIPLE,01t4w00000NumAcAAJ
,BLACK,01t4w00000NumAdAAJ
,BLACK,01t4w00000NumAeAAJ
,MULTIPLE,01t4w00000NumAfAAJ
GREEN LIGHT+GREEN DARK,GREEN LIGHT+GREEN DARK,01t4w00000NumAgAAJ
,MULTIPLE,01t4w00000NumAhAAJ
,MULTIPLE,01t4w00000NumAiAAJ
,MULTIPLE,01t4w00000NumAjAAJ
,MULTIPLE,01t4w00000NumAkAAJ
,MULTIPLE,01t4w00000NumAlAAJ
,MULTIPLE,01t4w00000NumAmAAJ
,MULTIPLE,01t4w00000NumAnAAJ
,MULTIPLE,01t4w00000NumAoAAJ
,MULTIPLE,01t4w00000NumApAAJ
,MULTIPLE,01t4w00000NumAqAAJ
,MULTIPLE,01t4w00000NumArAAJ
,MULTIPLE,01t4w00000NumAsAAJ
,MULTIPLE,01t4w00000NumAtAAJ
,MULTIPLE,01t4w00000NumAuAAJ
,MULTIPLE,01t4w00000NumAvAAJ
,MULTIPLE,01t4w00000NumAwAAJ
,MULTIPLE,01t4w00000NumAxAAJ
,MULTIPLE,01t4w00000NumAyAAJ
,MULTIPLE,01t4w00000NumAzAAJ
,MULTIPLE,01t4w00000NumB0AAJ
,MULTIPLE,01t4w00000NumB1AAJ
,MULTIPLE,01t4w00000NumB2AAJ
,MULTIPLE,01t4w00000NumB3AAJ
,MULTIPLE,01t4w00000NumB4AAJ
,MULTIPLE,01t4w00000NumB5AAJ
,MULTIPLE,01t4w00000NumB6AAJ
,MULTIPLE,01t4w00000NumB7AAJ
,MULTIPLE,01t4w00000NumB8AAJ
,MULTIPLE,01t4w00000NumB9AAJ
,MULTIPLE,01t4w00000NumBAAAZ
,MULTIPLE,01t4w00000NumBBAAZ
,MULTIPLE,01t4w00000NumBCAAZ
,GREEN+BLACK,01t4w00000NumBDAAZ
,MULTIPLE,01t4w00000NumBEAAZ
BLACK,BLACK,01t4w00000NumBFAAZ
,MULTIPLE,01t4w00000NumBGAAZ
,BLACK+GREEN,01t4w00000NumBHAAZ
,BLACK+GREEN,01t4w00000NumBIAAZ
,GREEN LIGHT+GREEN DARK,01t4w00000NumBJAAZ
,GREEN LIGHT+GREEN DARK,01t4w00000NumBKAAZ
,GREEN LIGHT+ GREEN DARK,01t4w00000NumBLAAZ
BLACK+GREEN,BLACK+GREEN,01t4w00000NumBMAAZ
BLACK+GREEN,BLACK+GREEN,01t4w00000NumBNAAZ
GREEN LIGHT+GREEN DARK,GREEN LIGHT+GREEN DARK,01t4w00000NumBOAAZ
BLACK+WOOD,BLACK+WOOD,01t4w00000NumBPAAZ
BLACK+WOOD,BLACK+WOOD,01t4w00000NumBQAAZ
BLACK,BLACK,01t4w00000NumBRAAZ
BLACK,BLACK,01t4w00000NumBSAAZ
BLACK,BLACK,01t4w00000NumBTAAZ
BLACK+WOOD,BLACK+WOOD,01t4w00000NumBUAAZ
BLACK+WOOD,BLACK+WOOD,01t4w00000NumBVAAZ
BLACK+WOOD,BLACK+WOOD,01t4w00000NumBWAAZ
BLACK,BLACK,01t4w00000NumBXAAZ
BLACK,BLACK,01t4w00000NumBYAAZ
BLACK,BLACK,01t4w00000NumBZAAZ
BLACK,BLACK,01t4w00000NumBaAAJ
BLACK,BLACK,01t4w00000NumBbAAJ
BLACK,BLACK,01t4w00000NumBcAAJ
BLACK,BLACK,01t4w00000NumBdAAJ
BLACK+WOOD,BLACK+WOOD,01t4w00000NumBeAAJ
BLACK,BLACK,01t4w00000NumBfAAJ
BLACK,BLACK,01t4w00000NumBgAAJ
BLACK,BLACK,01t4w00000NumBhAAJ
BLACK+WOOD,BLACK+WOOD,01t4w00000NumBiAAJ
BLACK+WOOD,BLACK+WOOD,01t4w00000NumBjAAJ
BLACK+WOOD,BLACK+WOOD,01t4w00000NumBkAAJ
BLACK,BLACK,01t4w00000NumBlAAJ
BLACK,BLACK,01t4w00000NumBmAAJ
BLACK,BLACK,01t4w00000NumBnAAJ
GREEN+BLACK,GREEN+BLACK,01t4w00000NumBoAAJ
GREEN+GOLD,GREEN+GOLD,01t4w00000NumBwAAJ
WHITE,WHITE,01t4w00000NumBxAAJ
WHITE+GOLD,WHITE+GOLD,01t4w00000NumByAAJ
GREY,GREY,01t4w00000NumBzAAJ
GREEN+GOLD,GREEN+GOLD,01t4w00000NumC0AAJ
BLACK,BLACK,01t4w00000NumC1AAJ
MULTIPLE,MULTIPLE,01t4w00000NumC2AAJ
MULTIPLE,MULTIPLE,01t4w00000NumC3AAJ
BLACK,BLACK,01t4w00000NumC4AAJ
MULTIPLE,MULTIPLE,01t4w00000NumC5AAJ
MULTIPLE,MULTIPLE,01t4w00000NumC6AAJ
BLACK,BLACK,01t4w00000NumC7AAJ
MULTIPLE,MULTIPLE,01t4w00000NumC8AAJ
MULTIPLE,MULTIPLE,01t4w00000NumC9AAJ
MULTIPLE,MULTIPLE,01t4w00000NumCAAAZ
MULTIPLE,MULTIPLE,01t4w00000NumCBAAZ
BLACK,BLACK,01t4w00000NumCCAAZ
MULTIPLE,MULTIPLE,01t4w00000NumCDAAZ
MULTIPLE,MULTIPLE,01t4w00000NumCEAAZ
MULTIPLE,MULTIPLE,01t4w00000NumCFAAZ
BLACK,BLACK,01t4w00000NumCGAAZ
MULTIPLE,MULTIPLE,01t4w00000NumCHAAZ
BLACK,BLACK,01t4w00000NumCIAAZ
MULTIPLE,MULTIPLE,01t4w00000NumCJAAZ
MULTIPLE,MULTIPLE,01t4w00000NumCKAAZ
BLACK,BLACK,01t4w00000NumCLAAZ
MULTIPLE,MULTIPLE,01t4w00000NumCMAAZ
BLACK,BLACK,01t4w00000NumCNAAZ
MULTIPLE,MULTIPLE,01t4w00000NumCOAAZ
WHITE,WHITE,01t4w00000NumCPAAZ
MULTIPLE,MULTIPLE,01t4w00000NumCQAAZ
BLACK OR WHITE,BLACK OR WHITE,01t4w00000NumCRAAZ
MULTIPLE,MULTIPLE,01t4w00000NumCSAAZ
WHITE,WHITE,01t4w00000NumCTAAZ
WHITE,WHITE,01t4w00000NumCUAAZ
WHITE,WHITE,01t4w00000NumCVAAZ
WHITE,WHITE,01t4w00000NumCWAAZ
WHITE,WHITE,01t4w00000NumCXAAZ
WHITE,WHITE,01t4w00000NumCYAAZ
BLACK,BLACK,01t4w00000NumCZAAZ
WHITE,WHITE,01t4w00000NumCaAAJ
MULTIPLE,MULTIPLE,01t4w00000NumCbAAJ
BLACK,BLACK,01t4w00000NumCcAAJ
BLACK,BLACK,01t4w00000NumCdAAJ
BLACK,BLACK,01t4w00000NumCeAAJ
BLACK,BLACK,01t4w00000NumCfAAJ
BLACK,BLACK,01t4w00000NumCgAAJ
PURPLE,PURPLE,01t4w00000NumChAAJ
PURPLE,PURPLE,01t4w00000NumCiAAJ
BLACK,BLACK,01t4w00000NumCjAAJ
GREY,GREY,01t4w00000NumCkAAJ
SILVER,SILVER,01t4w00000NumClAAJ
BLACK,BLACK,01t4w00000NumCmAAJ
BLACK,BLACK,01t4w00000NumCnAAJ
WHITE,WHITE,01t4w00000NumCoAAJ
WHITE,WHITE,01t4w00000NumCpAAJ
GREY,GREY,01t4w00000NumCqAAJ
BLACK,BLACK,01t4w00000NumCrAAJ
WHITE,WHITE,01t4w00000NumCsAAJ
WHITE+BLACK,WHITE+BLACK,01t4w00000NumCtAAJ
GREY+RED,GREY+RED,01t4w00000NumCuAAJ
GREY+NATURAL,GREY+NATURAL,01t4w00000NumCvAAJ
BLACK,BLACK,01t4w00000NumCwAAJ
BLACK,BLACK,01t4w00000NumCxAAJ
BLACK,BLACK,01t4w00000NumCyAAJ
GREY,GREY,01t4w00000NumCzAAJ
RED,RED,01t4w00000NumD0AAJ
GREY,GREY,01t4w00000NumD1AAJ
BLACK,BLACK,01t4w00000NumD2AAJ
BEIGE OR GREY,BEIGE OR GREY,01t4w00000NumD3AAJ
GREY,GREY,01t4w00000NumD4AAJ
BROWN,BROWN,01t4w00000NumD5AAJ
GREY+BLACK,GREY+BLACK,01t4w00000NumD6AAJ
GREY,GREY,01t4w00000NumD7AAJ
BROWN,BROWN,01t4w00000NumD8AAJ
GREY,GREY,01t4w00000NumD9AAJ
GREY OXFORD,GREY OXFORD,01t4w00000NumDAAAZ
BLUE,BLUE,01t4w00000NumDBAAZ
GREY,GREY,01t4w00000NumDCAAZ
BLACK,BLACK,01t4w00000NumDDAAZ
,MULTIPLE,01t4w00000NumDEAAZ
,MULTIPLE,01t4w00000NumDFAAZ
,GREEN LIGHT+GREEN DARK,01t4w00000NumDGAAZ
,GREEN LIGHT+GREEN DARK,01t4w00000NumDHAAZ
,MULTIPLE,01t4w00000NumDIAAZ
,MULTIPLE,01t4w00000NumDJAAZ
,MULTIPLE,01t4w00000NumDKAAZ
,MULTIPLE,01t4w00000NumDLAAZ
,GREEN LIGHT+ GREEN DARK,01t4w00000NumDMAAZ
,GREEN LIGHT+ GREEN DARK,01t4w00000NumDNAAZ
,MULTIPLE,01t4w00000NumDOAAZ
,MULTIPLE,01t4w00000NumDPAAZ
,MULTIPLE,01t4w00000NumDQAAZ
,MULTIPLE,01t4w00000NumDRAAZ
,MULTIPLE,01t4w00000NumDSAAZ
,MULTIPLE,01t4w00000NumDTAAZ
,MULTIPLE,01t4w00000NumDUAAZ
,MULTIPLE,01t4w00000NumDVAAZ
,MULTIPLE,01t4w00000NumDWAAZ
,MULTIPLE,01t4w00000NumDXAAZ
,MULTIPLE,01t4w00000NumDYAAZ
,MULTIPLE,01t4w00000NumDZAAZ
,MULTIPLE,01t4w00000NumDaAAJ
,MULTIPLE,01t4w00000NumDbAAJ
,MULTIPLE,01t4w00000NumDcAAJ
,MULTIPLE,01t4w00000NumDdAAJ
,MULTIPLE,01t4w00000NumDeAAJ
,BLACK+GREEN,01t4w00000NumDfAAJ
,BLACK+GREEN,01t4w00000NumDgAAJ
,GREEN LIGHT+GREEN DARK,01t4w00000NumDhAAJ
,GREY,01t4w00000NumDiAAJ
,GREEN,01t4w00000NumDjAAJ
,BLACK+GREEN,01t4w00000NumDkAAJ
,GREEN LIGHT+GREEN DARK,01t4w00000NumDlAAJ
,BLACK+GREEN,01t4w00000NumDmAAJ
,GREEN LIGHT+GREEN DARK,01t4w00000NumDoAAJ
,BLACK+GREEN,01t4w00000NumDpAAJ
,BLACK+GREEN,01t4w00000NumDqAAJ
,GREEN+BLACK,01t4w00000NumDrAAJ
,GREEN LIGHT+GREEN DARK,01t4w00000NumDsAAJ
,GREEN,01t4w00000NumDtAAJ
,GREEN+BLACK,01t4w00000NumDuAAJ
,GREEN LIGHT+GREEN DARK,01t4w00000NumDvAAJ
,MULTIPLE,01t4w00000NumDwAAJ
,MULTIPLE,01t4w00000NumDxAAJ
,MULTIPLE,01t4w00000NumDyAAJ
,GREEN LIGHT+GREEN DARK,01t4w00000NumDzAAJ
,GREY,01t4w00000NumE0AAJ
,MULTIPLE,01t4w00000NumE1AAJ
,MULTIPLE,01t4w00000NumE2AAJ
,MULTIPLE,01t4w00000NumE3AAJ
,MULTIPLE,01t4w00000NumE4AAJ
,MULTIPLE,01t4w00000NumE5AAJ
,MULTIPLE,01t4w00000NumE6AAJ
,GREY+RED,01t4w00000NumE8AAJ
,MULTIPLE,01t4w00000NumEBAAZ
,MULTIPLE,01t4w00000NumEFAAZ
,MULTIPLE,01t4w00000NumEGAAZ
,MULTIPLE,01t4w00000NumEHAAZ
,MULTIPLE,01t4w00000NumEIAAZ
,MULTIPLE,01t4w00000NumEJAAZ
,MULTIPLE,01t4w00000NumEKAAZ
,MULTIPLE,01t4w00000NumELAAZ
,BLACK,01t4w00000NumEMAAZ
,MULTIPLE,01t4w00000NumENAAZ
,MULTIPLE,01t4w00000NumEOAAZ
,MULTIPLE,01t4w00000NumEPAAZ
,MULTIPLE,01t4w00000NumEQAAZ
,MULTIPLE,01t4w00000NumERAAZ
,MULTIPLE,01t4w00000NumESAAZ
,MULTIPLE,01t4w00000NumETAAZ
,BLACK+WOOD,01t4w00000NumEUAAZ
,BLACK,01t4w00000NumEVAAZ
,BLACK,01t4w00000NumEWAAZ
,BLACK+WOOD,01t4w00000NumEXAAZ
,BLACK,01t4w00000NumEYAAZ
,BLACK+WOOD,01t4w00000NumEZAAZ
,BLACK+WOOD,01t4w00000NumEaAAJ
,BLACK,01t4w00000NumEbAAJ
,BLACK+WOOD,01t4w00000NumEcAAJ
,BLACK,01t4w00000NumEdAAJ
,BLACK,01t4w00000NumEeAAJ
,BLACK,01t4w00000NumEfAAJ
,BLACK,01t4w00000NumEgAAJ
,BLACK,01t4w00000NumEhAAJ
,BLACK,01t4w00000NumEiAAJ
,BLACK,01t4w00000NumEjAAJ
,BLACK,01t4w00000NumEkAAJ
,BLACK+WOOD,01t4w00000NumElAAJ
,MULTIPLE,01t4w00000NumEmAAJ
,MULTIPLE,01t4w00000NumEnAAJ
,BLACK+WOOD,01t4w00000NumEoAAJ
,BLACK+WOOD,01t4w00000NumEpAAJ
,BLACK,01t4w00000NumEqAAJ
,BLACK+WOOD,01t4w00000NumErAAJ
,MULTIPLE,01t4w00000NumEsAAJ
,MULTIPLE,01t4w00000NumEtAAJ
,BLACK OR WHITE,01t4w00000NumEuAAJ
,MULTIPLE,01t4w00000NumEvAAJ
,MULTIPLE,01t4w00000NumEwAAJ
,MULTIPLE,01t4w00000NumExAAJ
,MULTIPLE,01t4w00000NumEyAAJ
,MULTIPLE,01t4w00000NumEzAAJ
,MULTIPLE,01t4w00000NumF0AAJ
,MULTIPLE,01t4w00000NumF1AAJ
,MULTIPLE,01t4w00000NumF2AAJ
,MULTIPLE,01t4w00000NumF3AAJ
,MULTIPLE,01t4w00000NumF4AAJ
,MULTIPLE,01t4w00000NumF5AAJ
,MULTIPLE,01t4w00000NumF6AAJ
,GREEN+GOLD,01t4w00000NumF7AAJ
,WHITE+BLACK,01t4w00000NumF8AAJ
,GREY+NATURAL,01t4w00000NumF9AAJ
,GREY,01t4w00000NumFAAAZ
,GREY,01t4w00000NumFBAAZ
,WHITE,01t4w00000NumFCAAZ
,MULTIPLE,01t4w00000NumFDAAZ
,WHITE+GOLD,01t4w00000NumFEAAZ
,GREY,01t4w00000NumFFAAZ
,RED,01t4w00000NumFGAAZ
,BEIGE OR GREY,01t4w00000NumFHAAZ
,GREY,01t4w00000NumFIAAZ
,GREEN+GOLD,01t4w00000NumFJAAZ
,GREY+BLACK,01t4w00000NumFKAAZ
,GREY,01t4w00000NumFLAAZ
,GREY+RED,01t4w00000NumFMAAZ
,BLACK,01t4w00000NumFNAAZ
,BROWN,01t4w00000NumFOAAZ
,BLACK,01t4w00000NumFPAAZ
,BROWN,01t4w00000NumFQAAZ
,GREY OXFORD,01t4w00000NumFRAAZ
MULTIPLE,MULTIPLE,01t4w00000NumFSAAZ
MULTIPLE,MULTIPLE,01t4w00000NumFTAAZ
MULTIPLE,MULTIPLE,01t4w00000NumFUAAZ
MULTIPLE,MULTIPLE,01t4w00000NumFVAAZ
MULTIPLE,MULTIPLE,01t4w00000NumFWAAZ
MULTIPLE,MULTIPLE,01t4w00000NumFXAAZ
MULTIPLE,MULTIPLE,01t4w00000NumFYAAZ
MULTIPLE,MULTIPLE,01t4w00000NumFZAAZ
MULTIPLE,MULTIPLE,01t4w00000NumFaAAJ
MULTIPLE,MULTIPLE,01t4w00000NumFbAAJ
MULTIPLE,MULTIPLE,01t4w00000NumFcAAJ
MULTIPLE,MULTIPLE,01t4w00000NumFdAAJ
MULTIPLE,MULTIPLE,01t4w00000NumFeAAJ
MULTIPLE,MULTIPLE,01t4w00000NumFfAAJ
MULTIPLE,MULTIPLE,01t4w00000NumFgAAJ
MULTIPLE,MULTIPLE,01t4w00000NumFhAAJ
MULTIPLE,MULTIPLE,01t4w00000NumFiAAJ
MULTIPLE,MULTIPLE,01t4w00000NumFjAAJ
MULTIPLE,MULTIPLE,01t4w00000NumFkAAJ
CHOCOLATE,CHOCOLATE,01t4w00000NumFlAAJ
BLACK+LIGHT,BLACK+LIGHT,01t4w00000NumFmAAJ
MULTIPLE,MULTIPLE,01t4w00000NumFnAAJ
MULTIPLE,MULTIPLE,01t4w00000NumFoAAJ
MULTIPLE,MULTIPLE,01t4w00000NumFpAAJ
MULTIPLE,MULTIPLE,01t4w00000NumFqAAJ
MULTIPLE,MULTIPLE,01t4w00000NumFrAAJ
MULTIPLE,MULTIPLE,01t4w00000NumFsAAJ
MULTIPLE,MULTIPLE,01t4w00000NumFtAAJ
MULTIPLE,MULTIPLE,01t4w00000NumFuAAJ
MULTIPLE,MULTIPLE,01t4w00000NumFvAAJ
MULTIPLE,MULTIPLE,01t4w00000NumFwAAJ
MULTIPLE,MULTIPLE,01t4w00000NumFxAAJ
WHITE,WHITE,01t4w00000NumFyAAJ
GREY,GREY,01t4w00000NumFzAAJ
GREY,GREY,01t4w00000NumG0AAJ
GREY,GREY,01t4w00000NumG1AAJ
GREY,GREY,01t4w00000NumG2AAJ
ANIMAL PRINT,ANIMAL PRINT,01t4w00000NumG3AAJ
TRANSPARENT,TRANSPARENT,01t4w00000NumG4AAJ
BLACK,BLACK,01t4w00000NumG5AAJ
VERIOS,VERIOS,01t4w00000NumG6AAJ
BLACK,BLACK,01t4w00000NumG7AAJ
MULTIPLE,MULTIPLE,01t4w00000NumG8AAJ
MULTIPLE,MULTIPLE,01t4w00000NumG9AAJ
MULTIPLE,MULTIPLE,01t4w00000NumGAAAZ
NUDE,NUDE,01t4w00000NumGBAAZ
WHITE,WHITE,01t4w00000NumGCAAZ
MULTIPLE,MULTIPLE,01t4w00000NumGDAAZ
BLACK,BLACK,01t4w00000NumGEAAZ
BLACK,BLACK,01t4w00000NumGFAAZ
BLACK,BLACK,01t4w00000NumGGAAZ
BLACK,BLACK,01t4w00000NumGHAAZ
CHERRY,CHERRY,01t4w00000NumGIAAZ
CHERRY,CHERRY,01t4w00000NumGJAAZ
BLACK,BLACK,01t4w00000NumGKAAZ
BLACK,BLACK,01t4w00000NumGLAAZ
BLACK,BLACK,01t4w00000NumGMAAZ
MARBLE EFFECT,MARBLE EFFECT,01t4w00000NumGNAAZ
WHITE,WHITE,01t4w00000NumGOAAZ
MULTIPLE,MULTIPLE,01t4w00000NumGPAAZ
WHITE+MENTA,WHITE+MENTA,01t4w00000NumGQAAZ
ORANGE,ORANGE,01t4w00000NumGRAAZ
WHITE+BLACK,WHITE+BLACK,01t4w00000NumGSAAZ
WHITE,WHITE,01t4w00000NumGTAAZ
WHITE,WHITE,01t4w00000NumGUAAZ
GREY,GREY,01t4w00000NumGVAAZ
NATURAL,NATURAL,01t4w00000NumGWAAZ
NATURAL,NATURAL,01t4w00000NumGXAAZ
NATURAL,NATURAL,01t4w00000NumGYAAZ
GREY+WHITE,GREY+WHITE,01t4w00000NumGZAAZ
GREY,GREY,01t4w00000NumGaAAJ
GREY,GREY,01t4w00000NumGbAAJ
GREY,GREY,01t4w00000NumGcAAJ
MULTIPLE,MULTIPLE,01t4w00000NumGdAAJ
NUDE,NUDE,01t4w00000NumGeAAJ
GREY,GREY,01t4w00000NumGfAAJ
MULTIPLE,MULTIPLE,01t4w00000NumGgAAJ
BLUE AND WHITE,BLUE AND WHITE,01t4w00000NumGhAAJ
GREY,GREY,01t4w00000NumGiAAJ
GREY,GREY,01t4w00000NumGjAAJ
WHITE,WHITE,01t4w00000NumGkAAJ
GREY,GREY,01t4w00000NumGlAAJ
GREY,GREY,01t4w00000NumGmAAJ
GREY,GREY,01t4w00000NumGnAAJ
GREY,GREY,01t4w00000NumGoAAJ
GREY,GREY,01t4w00000NumGpAAJ
WHITE,WHITE,01t4w00000NumGqAAJ
GREY,GREY,01t4w00000NumGrAAJ
GREY,GREY,01t4w00000NumGsAAJ
GREY,GREY,01t4w00000NumGtAAJ
GREY,GREY,01t4w00000NumGuAAJ
MULTIPLE,MULTIPLE,01t4w00000NumGvAAJ
MULTIPLE,MULTIPLE,01t4w00000NumGwAAJ
MULTIPLE,MULTIPLE,01t4w00000NumGxAAJ
MULTIPLE,MULTIPLE,01t4w00000NumGyAAJ
MULTIPLE,MULTIPLE,01t4w00000NumGzAAJ
MULTIPLE,MULTIPLE,01t4w00000NumH0AAJ
MULTIPLE,MULTIPLE,01t4w00000NumH1AAJ
MULTIPLE,MULTIPLE,01t4w00000NumH2AAJ
MULTIPLE,MULTIPLE,01t4w00000NumH3AAJ
MULTIPLE,MULTIPLE,01t4w00000NumH4AAJ
MULTIPLE,MULTIPLE,01t4w00000NumH5AAJ
MULTIPLE,MULTIPLE,01t4w00000NumH6AAJ
MULTIPLE,MULTIPLE,01t4w00000NumH7AAJ
MULTIPLE,MULTIPLE,01t4w00000NumH8AAJ
MULTIPLE,MULTIPLE,01t4w00000NumH9AAJ
MULTIPLE,MULTIPLE,01t4w00000NumHAAAZ
MULTIPLE,MULTIPLE,01t4w00000NumHBAAZ
MULTIPLE,MULTIPLE,01t4w00000NumHCAAZ
,NATURAL,01t4w00000NumHDAAZ
,MULTIPLE,01t4w00000NumHGAAZ
,MULTIPLE,01t4w00000NumHHAAZ
,MULTIPLE,01t4w00000NumHIAAZ
,MULTIPLE,01t4w00000NumHJAAZ
,MULTIPLE,01t4w00000NumHKAAZ
,MULTIPLE,01t4w00000NumHLAAZ
,WHITE,01t4w00000NumHQAAZ
,BLACK,01t4w00000NumHRAAZ
,MULTIPLE,01t4w00000NumHWAAZ
,BROWN,01t4w00000NumHXAAZ
,MULTIPLE,01t4w00000NumHbAAJ
,WHITE,01t4w00000NumHdAAJ
,BROWN,01t4w00000NumHeAAJ
,MULTIPLE,01t4w00000NumHfAAJ
,MULTIPLE,01t4w00000NumHgAAJ
,MULTIPLE,01t4w00000NumHhAAJ
,MULTIPLE,01t4w00000NumHiAAJ
,MULTIPLE,01t4w00000NumHjAAJ
,MULTIPLE,01t4w00000NumHkAAJ
,MULTIPLE,01t4w00000NumHlAAJ
,GREY,01t4w00000NumHmAAJ
,MULTIPLE,01t4w00000NumHnAAJ
,MULTIPLE,01t4w00000NumHoAAJ
,WHITE,01t4w00000NumHpAAJ
,BROWN,01t4w00000NumHqAAJ
,BLACK,01t4w00000NumHrAAJ
,MULTIPLE,01t4w00000NumHsAAJ
,BROWN,01t4w00000NumHtAAJ
,MULTIPLE,01t4w00000NumHuAAJ
,GREEN,01t4w00000NumHvAAJ
,MULTIPLE,01t4w00000NumHwAAJ
,GREY,01t4w00000NumHxAAJ
,MULTIPLE,01t4w00000NumHyAAJ
,BROWN,01t4w00000NumHzAAJ
,MULTIPLE,01t4w00000NumI0AAJ
BLUE,BLUE,01t4w00000NumI1AAJ
,BLUE,01t4w00000NumI2AAJ
BLUE,BLUE,01t4w00000NumI3AAJ
,BLUE,01t4w00000NumI4AAJ
,BLUE,01t4w00000NumI5AAJ
BLUE,BLUE,01t4w00000NumI6AAJ
BLUE,BLUE,01t4w00000NumI7AAJ
WHITE,WHITE,01t4w00000NumI8AAJ
BLUE,BLUE,01t4w00000NumI9AAJ
,BLUE,01t4w00000NumIAAAZ
,BLUE,01t4w00000NumIBAAZ
BLUE,BLUE,01t4w00000NumICAAZ
BLUE,BLUE,01t4w00000NumIDAAZ
,BLUE,01t4w00000NumIEAAZ
,BLUE,01t4w00000NumIFAAZ
,BLUE,01t4w00000NumIGAAZ
,WHITE,01t4w00000NumIHAAZ
BLUE,BLUE,01t4w00000NumIIAAZ
BLACK,BLACK,01t4w00000NumIJAAZ
,BLACK,01t4w00000NumIKAAZ
BLACK,BLACK,01t4w00000NumILAAZ
,BLACK,01t4w00000NumIMAAZ
MULTIPLE,MULTIPLE,01t4w00000NumINAAZ
,MULTIPLE,01t4w00000NumIOAAZ
MULTIPLE,MULTIPLE,01t4w00000NumIPAAZ
,MULTIPLE,01t4w00000NumIQAAZ
MULTIPLE COLORES,MULTIPLE COLORES,01t4w00000NumIRAAZ
,MULTIPLE COLORES,01t4w00000NumISAAZ
BLACK+SILVER,BLACK+SILVER,01t4w00000NumITAAZ
,BLACK+SILVER,01t4w00000NumIUAAZ
BROWN+BEIGE,BROWN+BEIGE,01t4w00000NumIVAAZ
,BROWN+BEIGE,01t4w00000NumIWAAZ
MULTIPLE,MULTIPLE,01t4w00000NumIXAAZ
,MULTIPLE,01t4w00000NumIYAAZ
MULTIPLE,MULTIPLE,01t4w00000NumIZAAZ
,MULTIPLE,01t4w00000NumIaAAJ
GREY,GREY,01t4w00000NumIbAAJ
,GREY,01t4w00000NumIcAAJ
WHITE,WHITE,01t4w00000NumIdAAJ
,WHITE,01t4w00000NumIeAAJ
BLACK,BLACK,01t4w00000NumIfAAJ
,BLACK,01t4w00000NumIgAAJ
BLACK,BLACK,01t4w00000NumIhAAJ
,BLACK,01t4w00000NumIiAAJ
BLACK,BLACK,01t4w00000NumIjAAJ
,BLACK,01t4w00000NumIkAAJ
NATURAL+BLACK,NATURAL+BLACK,01t4w00000NumIlAAJ
,NATURAL+BLACK,01t4w00000NumImAAJ
BROWN,BROWN,01t4w00000NumInAAJ
,BROWN,01t4w00000NumIoAAJ
GREY + NATURAL,GREY + NATURAL,01t4w00000NumIpAAJ
,GREY + NATURAL,01t4w00000NumIqAAJ
MULTIPLE,MULTIPLE,01t4w00000NumIsAAJ
MULTIPLE,MULTIPLE,01t4w00000NumItAAJ
MULTIPLE,MULTIPLE,01t4w00000NumIuAAJ
MULTIPLE,MULTIPLE,01t4w00000NumIvAAJ
MULTIPLE,MULTIPLE,01t4w00000NumIwAAJ
MULTIPLE,MULTIPLE,01t4w00000NumIxAAJ
MULTIPLE,MULTIPLE,01t4w00000NumIyAAJ
MULTIPLE,MULTIPLE,01t4w00000NumIzAAJ
MULTIPLE,MULTIPLE,01t4w00000NumJ0AAJ
MULTIPLE,MULTIPLE,01t4w00000NumJ1AAJ
MULTIPLE,MULTIPLE,01t4w00000NumJ2AAJ
MULTIPLE,MULTIPLE,01t4w00000NumJ3AAJ
MULTIPLE,MULTIPLE,01t4w00000NumJ4AAJ
MULTIPLE,MULTIPLE,01t4w00000NumJ5AAJ
MULTIPLE,MULTIPLE,01t4w00000NumJ6AAJ
MULTIPLE,MULTIPLE,01t4w00000NumJ7AAJ
MULTIPLE,MULTIPLE,01t4w00000NumJ8AAJ
MULTIPLE,MULTIPLE,01t4w00000NumJ9AAJ
MULTIPLE,MULTIPLE,01t4w00000NumJAAAZ
MULTIPLE,MULTIPLE,01t4w00000NumJBAAZ
MULTIPLE,MULTIPLE,01t4w00000NumJCAAZ
MULTIPLE,MULTIPLE,01t4w00000NumJDAAZ
,BLACK,01t4w00000NumJEAAZ
MULTIPLE,MULTIPLE,01t4w00000NumJFAAZ
MULTIPLE,MULTIPLE,01t4w00000NumJGAAZ
MULTIPLE,MULTIPLE,01t4w00000NumJHAAZ
MULTIPLE,MULTIPLE,01t4w00000NumJIAAZ
MULTIPLE,MULTIPLE,01t4w00000NumJJAAZ
MULTIPLE,MULTIPLE,01t4w00000NumJKAAZ
MULTIPLE,MULTIPLE,01t4w00000NumJLAAZ
MULTIPLE,MULTIPLE,01t4w00000NumJMAAZ
MULTIPLE,MULTIPLE,01t4w00000NumJNAAZ
MULTIPLE,MULTIPLE,01t4w00000NumJOAAZ
MULTIPLE,MULTIPLE,01t4w00000NumJPAAZ
MULTIPLE,MULTIPLE,01t4w00000NumJQAAZ
MULTIPLE,MULTIPLE,01t4w00000NumJRAAZ
MULTIPLE,MULTIPLE,01t4w00000NumJSAAZ
MULTIPLE,MULTIPLE,01t4w00000NumJTAAZ
MULTIPLE,MULTIPLE,01t4w00000NumJUAAZ
MULTIPLE,MULTIPLE,01t4w00000NumJVAAZ
MULTIPLE,MULTIPLE,01t4w00000NumJWAAZ
MULTIPLE,MULTIPLE,01t4w00000NumJXAAZ
MULTIPLE,MULTIPLE,01t4w00000NumJYAAZ
MULTIPLE,MULTIPLE,01t4w00000NumJZAAZ
MULTIPLE,MULTIPLE,01t4w00000NumJaAAJ
MULTIPLE,MULTIPLE,01t4w00000NumJbAAJ
MULTIPLE,MULTIPLE,01t4w00000NumJcAAJ
MULTIPLE,MULTIPLE,01t4w00000NumJdAAJ
MULTIPLE,MULTIPLE,01t4w00000NumJeAAJ
MULTIPLE,MULTIPLE,01t4w00000NumJfAAJ
MULTIPLE,MULTIPLE,01t4w00000NumJgAAJ
MULTIPLE,MULTIPLE,01t4w00000NumJhAAJ
MULTIPLE,MULTIPLE,01t4w00000NumJiAAJ
MULTIPLE,MULTIPLE,01t4w00000NumJjAAJ
MULTIPLE,MULTIPLE,01t4w00000NumJkAAJ
MULTIPLE,MULTIPLE,01t4w00000NumJlAAJ
MULTIPLE,MULTIPLE,01t4w00000NumJmAAJ
MULTIPLE,MULTIPLE,01t4w00000NumJnAAJ
MULTIPLE,MULTIPLE,01t4w00000NumJoAAJ
MULTIPLE,MULTIPLE,01t4w00000NumJpAAJ
WHITE,WHITE,01t4w00000NumJqAAJ
,MULTIPLE,01t4w00000NumJrAAJ
,MULTIPLE,01t4w00000NumJsAAJ
,MULTIPLE,01t4w00000NumJtAAJ
,MULTIPLE,01t4w00000NumJvAAJ
,MULTIPLE,01t4w00000NumJwAAJ
,MULTIPLE,01t4w00000NumJxAAJ
,MULTIPLE,01t4w00000NumJyAAJ
,MULTIPLE,01t4w00000NumJzAAJ
,MULTIPLE,01t4w00000NumK0AAJ
,MULTIPLE,01t4w00000NumK1AAJ
,MULTIPLE,01t4w00000NumK2AAJ
,MULTIPLE,01t4w00000NumK3AAJ
,MULTIPLE,01t4w00000NumK4AAJ
,MULTIPLE,01t4w00000NumK5AAJ
,MULTIPLE,01t4w00000NumK6AAJ
,MULTIPLE,01t4w00000NumK7AAJ
,MULTIPLE,01t4w00000NumK8AAJ
,MULTIPLE,01t4w00000NumK9AAJ
,MULTIPLE,01t4w00000NumKAAAZ
,MULTIPLE,01t4w00000NumKBAAZ
,MULTIPLE,01t4w00000NumKCAAZ
,MULTIPLE,01t4w00000NumKDAAZ
,MULTIPLE,01t4w00000NumKEAAZ
,MULTIPLE,01t4w00000NumKFAAZ
,MULTIPLE,01t4w00000NumKGAAZ
,MULTIPLE,01t4w00000NumKHAAZ
,MULTIPLE,01t4w00000NumKIAAZ
,MULTIPLE,01t4w00000NumKJAAZ
,MULTIPLE,01t4w00000NumKKAAZ
,MULTIPLE,01t4w00000NumKLAAZ
,MULTIPLE,01t4w00000NumKMAAZ
,MULTIPLE,01t4w00000NumKNAAZ
,MULTIPLE,01t4w00000NumKOAAZ
,MULTIPLE,01t4w00000NumKPAAZ
,MULTIPLE,01t4w00000NumKQAAZ
,MULTIPLE,01t4w00000NumKRAAZ
,MULTIPLE,01t4w00000NumKSAAZ
,MULTIPLE,01t4w00000NumKTAAZ
,MULTIPLE,01t4w00000NumKUAAZ
,MULTIPLE,01t4w00000NumKVAAZ
,MULTIPLE,01t4w00000NumKWAAZ
,MULTIPLE,01t4w00000NumKXAAZ
,MULTIPLE,01t4w00000NumKYAAZ
,MULTIPLE,01t4w00000NumKZAAZ
,MULTIPLE,01t4w00000NumKaAAJ
,MULTIPLE,01t4w00000NumKbAAJ
,MULTIPLE,01t4w00000NumKcAAJ
,MULTIPLE,01t4w00000NumKdAAJ
,MULTIPLE,01t4w00000NumKeAAJ
,MULTIPLE,01t4w00000NumKfAAJ
,MULTIPLE,01t4w00000NumKgAAJ
,MULTIPLE,01t4w00000NumKhAAJ
,MULTIPLE,01t4w00000NumKiAAJ
,MULTIPLE,01t4w00000NumKjAAJ
,MULTIPLE,01t4w00000NumKkAAJ
,MULTIPLE,01t4w00000NumKlAAJ
,MULTIPLE,01t4w00000NumKmAAJ
,MULTIPLE,01t4w00000NumKnAAJ
,MULTIPLE,01t4w00000NumKoAAJ
,WHITE,01t4w00000NumKpAAJ
MULTIPLE,MULTIPLE,01t4w00000NumKqAAJ
MULTIPLE,MULTIPLE,01t4w00000NumKrAAJ
MULTIPLE,MULTIPLE,01t4w00000NumKsAAJ
MULTIPLE,MULTIPLE,01t4w00000NumKtAAJ
MULTIPLE,MULTIPLE,01t4w00000NumKuAAJ
MULTIPLE,MULTIPLE,01t4w00000NumKvAAJ
MULTIPLE,MULTIPLE,01t4w00000NumKwAAJ
MULTIPLE,MULTIPLE,01t4w00000NumKxAAJ
MULTIPLE,MULTIPLE,01t4w00000NumKyAAJ
MULTIPLE,MULTIPLE,01t4w00000NumKzAAJ
MULTIPLE,MULTIPLE,01t4w00000NumL0AAJ
MULTIPLE,MULTIPLE,01t4w00000NumL1AAJ
MULTIPLE,MULTIPLE,01t4w00000NumL2AAJ
MULTIPLE,MULTIPLE,01t4w00000NumL3AAJ
MULTIPLE,MULTIPLE,01t4w00000NumL4AAJ
MULTIPLE,MULTIPLE,01t4w00000NumL5AAJ
MULTIPLE,MULTIPLE,01t4w00000NumL6AAJ
MULTIPLE,MULTIPLE,01t4w00000NumL7AAJ
MULTIPLE,MULTIPLE,01t4w00000NumL8AAJ
MULTIPLE,MULTIPLE,01t4w00000NumL9AAJ
MULTIPLE,MULTIPLE,01t4w00000NumLAAAZ
MULTIPLE,MULTIPLE,01t4w00000NumLBAAZ
,BLACK,01t4w00000NumLCAAZ
,WHITE,01t4w00000NumLDAAZ
,BLACK,01t4w00000NumLEAAZ
,GREY,01t4w00000NumLFAAZ
MULTIPLE,MULTIPLE,01t4w00000NumLGAAZ
MULTIPLE,MULTIPLE,01t4w00000NumLHAAZ
MULTIPLE,MULTIPLE,01t4w00000NumLIAAZ
MULTIPLE,MULTIPLE,01t4w00000NumLJAAZ
MULTIPLE,MULTIPLE,01t4w00000NumLKAAZ
MULTIPLE,MULTIPLE,01t4w00000NumLVAAZ
MULTIPLE,MULTIPLE,01t4w00000NumLWAAZ
MULTIPLE,MULTIPLE,01t4w00000NumLXAAZ
MULTIPLE,MULTIPLE,01t4w00000NumLYAAZ
MULTIPLE,MULTIPLE,01t4w00000NumLZAAZ
MULTIPLE,MULTIPLE,01t4w00000NumLaAAJ
MULTIPLE,MULTIPLE,01t4w00000NumLbAAJ
MULTIPLE,MULTIPLE,01t4w00000NumLcAAJ
MULTIPLE,MULTIPLE,01t4w00000NumLdAAJ
MULTIPLE,MULTIPLE,01t4w00000NumLeAAJ
MULTIPLE,MULTIPLE,01t4w00000NumLfAAJ
MULTIPLE,MULTIPLE,01t4w00000NumLgAAJ
MULTIPLE,MULTIPLE,01t4w00000NumLhAAJ
MULTIPLE,MULTIPLE,01t4w00000NumLiAAJ
,MULTIPLE,01t4w00000NumLjAAJ
,MULTIPLE,01t4w00000NumLkAAJ
,MULTIPLE,01t4w00000NumLlAAJ
,MULTIPLE,01t4w00000NumLmAAJ
,MULTIPLE,01t4w00000NumLnAAJ
,MULTIPLE,01t4w00000NumLoAAJ
,MULTIPLE,01t4w00000NumLpAAJ
,MULTIPLE,01t4w00000NumLqAAJ
,MULTIPLE,01t4w00000NumLrAAJ
,MULTIPLE,01t4w00000NumLsAAJ
,MULTIPLE,01t4w00000NumLtAAJ
,MULTIPLE,01t4w00000NumLuAAJ
,MULTIPLE,01t4w00000NumLvAAJ
,MULTIPLE,01t4w00000NumLwAAJ
,MULTIPLE,01t4w00000NumLxAAJ
,MULTIPLE,01t4w00000NumLyAAJ
,MULTIPLE,01t4w00000NumLzAAJ
,MULTIPLE,01t4w00000NumM0AAJ
,MULTIPLE,01t4w00000NumM1AAJ
,MULTIPLE,01t4w00000NumM2AAJ
,MULTIPLE,01t4w00000NumM3AAJ
,MULTIPLE,01t4w00000NumM4AAJ
,MULTIPLE,01t4w00000NumM5AAJ
,MULTIPLE,01t4w00000NumM6AAJ
,MULTIPLE,01t4w00000NumM7AAJ
,MULTIPLE,01t4w00000NumM8AAJ
,MULTIPLE,01t4w00000NumM9AAJ
,MULTIPLE,01t4w00000NumMAAAZ
,MULTIPLE,01t4w00000NumMBAAZ
,MULTIPLE,01t4w00000NumMCAAZ
,MULTIPLE,01t4w00000NumMDAAZ
,MULTIPLE,01t4w00000NumMEAAZ
,MULTIPLE,01t4w00000NumMFAAZ
,MULTIPLE,01t4w00000NumMGAAZ
,MULTIPLE,01t4w00000NumMHAAZ
,MULTIPLE,01t4w00000NumMIAAZ
,MULTIPLE,01t4w00000NumMJAAZ
,MULTIPLE,01t4w00000NumMKAAZ
,MULTIPLE,01t4w00000NumMLAAZ
,MULTIPLE,01t4w00000NumMMAAZ
,MULTIPLE,01t4w00000NumMNAAZ
MULTIPLE,MULTIPLE,01t4w00000NumMTAAZ
MULTIPLE,MULTIPLE,01t4w00000NumMUAAZ
MULTIPLE,MULTIPLE,01t4w00000NumMVAAZ
MULTIPLE,MULTIPLE,01t4w00000NumMWAAZ
MULTIPLE,MULTIPLE,01t4w00000NumMXAAZ
MULTIPLE,MULTIPLE,01t4w00000NumMYAAZ
MULTIPLE,MULTIPLE,01t4w00000NumMZAAZ
MULTIPLE,MULTIPLE,01t4w00000NumMaAAJ
MULTIPLE,MULTIPLE,01t4w00000NumMbAAJ
MULTIPLE,MULTIPLE,01t4w00000NumMcAAJ
MULTIPLE,MULTIPLE,01t4w00000NumMdAAJ
MULTIPLE,MULTIPLE,01t4w00000NumMeAAJ
MULTIPLE,MULTIPLE,01t4w00000NumMfAAJ
MULTIPLE,MULTIPLE,01t4w00000NumMgAAJ
MULTIPLE,MULTIPLE,01t4w00000NumMhAAJ
MULTIPLE,MULTIPLE,01t4w00000NumMiAAJ
MULTIPLE,MULTIPLE,01t4w00000NumMjAAJ
MULTIPLE,MULTIPLE,01t4w00000NumMkAAJ
MULTIPLE,MULTIPLE,01t4w00000NumMlAAJ
MULTIPLE,MULTIPLE,01t4w00000NumMmAAJ
MULTIPLE,MULTIPLE,01t4w00000NumMnAAJ
MULTIPLE,MULTIPLE,01t4w00000NumMoAAJ
MULTIPLE,MULTIPLE,01t4w00000NumMpAAJ
MULTIPLE,MULTIPLE,01t4w00000NumMqAAJ
MULTIPLE,MULTIPLE,01t4w00000NumMrAAJ
MULTIPLE,MULTIPLE,01t4w00000NumMsAAJ
MULTIPLE,MULTIPLE,01t4w00000NumMtAAJ
MULTIPLE,MULTIPLE,01t4w00000NumMuAAJ
MULTIPLE,MULTIPLE,01t4w00000NumMvAAJ
MULTIPLE,MULTIPLE,01t4w00000NumMwAAJ
MULTIPLE,MULTIPLE,01t4w00000NumMxAAJ
MULTIPLE,MULTIPLE,01t4w00000NumMyAAJ
MULTIPLE,MULTIPLE,01t4w00000NumMzAAJ
MULTIPLE,MULTIPLE,01t4w00000NumN0AAJ
MULTIPLE,MULTIPLE,01t4w00000NumN1AAJ
MULTIPLE,MULTIPLE,01t4w00000NumN2AAJ
MULTIPLE,MULTIPLE,01t4w00000NumN3AAJ
MULTIPLE,MULTIPLE,01t4w00000NumN4AAJ
MULTIPLE,MULTIPLE,01t4w00000NumN5AAJ
MULTIPLE,MULTIPLE,01t4w00000NumN6AAJ
MULTIPLE,MULTIPLE,01t4w00000NumN7AAJ
MULTIPLE,MULTIPLE,01t4w00000NumN8AAJ
MULTIPLE,MULTIPLE,01t4w00000NumN9AAJ
MULTIPLE,MULTIPLE,01t4w00000NumNAAAZ
MULTIPLE,MULTIPLE,01t4w00000NumNBAAZ
MULTIPLE,MULTIPLE,01t4w00000NumNCAAZ
MULTIPLE,MULTIPLE,01t4w00000NumNDAAZ
MULTIPLE,MULTIPLE,01t4w00000NumNEAAZ
MULTIPLE,MULTIPLE,01t4w00000NumNFAAZ
MULTIPLE,MULTIPLE,01t4w00000NumNGAAZ
MULTIPLE,MULTIPLE,01t4w00000NumNHAAZ
MULTIPLE,MULTIPLE,01t4w00000NumNIAAZ
MULTIPLE,MULTIPLE,01t4w00000NumNJAAZ
MULTIPLE,MULTIPLE,01t4w00000NumNKAAZ
MULTIPLE,MULTIPLE,01t4w00000NumNLAAZ
MULTIPLE,MULTIPLE,01t4w00000NumNMAAZ
,MULTIPLE,01t4w00000NumNNAAZ
,MULTIPLE,01t4w00000NumNOAAZ
,MULTIPLE,01t4w00000NumNPAAZ
,MULTIPLE,01t4w00000NumNQAAZ
,MULTIPLE,01t4w00000NumNRAAZ
,MULTIPLE,01t4w00000NumNSAAZ
,MULTIPLE,01t4w00000NumNTAAZ
,MULTIPLE,01t4w00000NumNUAAZ
,MULTIPLE,01t4w00000NumNVAAZ
,MULTIPLE,01t4w00000NumNWAAZ
,MULTIPLE,01t4w00000NumNXAAZ
,MULTIPLE,01t4w00000NumNYAAZ
,MULTIPLE,01t4w00000NumNZAAZ
,MULTIPLE,01t4w00000NumNaAAJ
,MULTIPLE,01t4w00000NumNbAAJ
,MULTIPLE,01t4w00000NumNcAAJ
,MULTIPLE,01t4w00000NumNdAAJ
,MULTIPLE,01t4w00000NumNeAAJ
,MULTIPLE,01t4w00000NumNfAAJ
,MULTIPLE,01t4w00000NumNgAAJ
,MULTIPLE,01t4w00000NumNhAAJ
,MULTIPLE,01t4w00000NumNiAAJ
,MULTIPLE,01t4w00000NumNjAAJ
,MULTIPLE,01t4w00000NumNkAAJ
,MULTIPLE,01t4w00000NumNlAAJ
,MULTIPLE,01t4w00000NumNmAAJ
,MULTIPLE,01t4w00000NumNnAAJ
,MULTIPLE,01t4w00000NumNoAAJ
,MULTIPLE,01t4w00000NumNpAAJ
,MULTIPLE,01t4w00000NumNqAAJ
,MULTIPLE,01t4w00000NumNrAAJ
,MULTIPLE,01t4w00000NumNsAAJ
,MULTIPLE,01t4w00000NumNtAAJ
,MULTIPLE,01t4w00000NumNuAAJ
,MULTIPLE,01t4w00000NumNvAAJ
,MULTIPLE,01t4w00000NumNwAAJ
,MULTIPLE,01t4w00000NumNxAAJ
,MULTIPLE,01t4w00000NumNyAAJ
,MULTIPLE,01t4w00000NumNzAAJ
,MULTIPLE,01t4w00000NumO0AAJ
,MULTIPLE,01t4w00000NumO1AAJ
,MULTIPLE,01t4w00000NumO2AAJ
,MULTIPLE,01t4w00000NumO3AAJ
,MULTIPLE,01t4w00000NumO4AAJ
,MULTIPLE,01t4w00000NumO5AAJ
,MULTIPLE,01t4w00000NumO6AAJ
,MULTIPLE,01t4w00000NumO7AAJ
,MULTIPLE,01t4w00000NumO8AAJ
,MULTIPLE,01t4w00000NumO9AAJ
,MULTIPLE,01t4w00000NumOAAAZ
,MULTIPLE,01t4w00000NumOBAAZ
,MULTIPLE,01t4w00000NumOCAAZ
,MULTIPLE,01t4w00000NumODAAZ
,MULTIPLE,01t4w00000NumOEAAZ
,MULTIPLE,01t4w00000NumOFAAZ
,MULTIPLE,01t4w00000NumOGAAZ
MULTIPLE,MULTIPLE,01t4w00000NumOHAAZ
MULTIPLE,MULTIPLE,01t4w00000NumOIAAZ
MULTIPLE,MULTIPLE,01t4w00000NumOJAAZ
MULTIPLE,MULTIPLE,01t4w00000NumOKAAZ
MULTIPLE,MULTIPLE,01t4w00000NumOLAAZ
MULTIPLE,MULTIPLE,01t4w00000NumOMAAZ
MULTIPLE,MULTIPLE,01t4w00000NumONAAZ
MULTIPLE,MULTIPLE,01t4w00000NumOOAAZ
MULTIPLE,MULTIPLE,01t4w00000NumOPAAZ
MULTIPLE,MULTIPLE,01t4w00000NumOQAAZ
MULTIPLE,MULTIPLE,01t4w00000NumORAAZ
MULTIPLE,MULTIPLE,01t4w00000NumOSAAZ
MULTIPLE,MULTIPLE,01t4w00000NumOTAAZ
MULTIPLE,MULTIPLE,01t4w00000NumOUAAZ
MULTIPLE,MULTIPLE,01t4w00000NumOVAAZ
MULTIPLE,MULTIPLE,01t4w00000NumOWAAZ
MULTIPLE,MULTIPLE,01t4w00000NumOXAAZ
MULTIPLE,MULTIPLE,01t4w00000NumOYAAZ
MULTIPLE,MULTIPLE,01t4w00000NumOZAAZ
MULTIPLE,MULTIPLE,01t4w00000NumOaAAJ
MULTIPLE,MULTIPLE,01t4w00000NumObAAJ
MULTIPLE,MULTIPLE,01t4w00000NumOcAAJ
MULTIPLE,MULTIPLE,01t4w00000NumOdAAJ
MULTIPLE,MULTIPLE,01t4w00000NumOeAAJ
MULTIPLE,MULTIPLE,01t4w00000NumOfAAJ
MULTIPLE,MULTIPLE,01t4w00000NumOgAAJ
MULTIPLE,MULTIPLE,01t4w00000NumOhAAJ
MULTIPLE,MULTIPLE,01t4w00000NumOiAAJ
MULTIPLE,MULTIPLE,01t4w00000NumOjAAJ
MULTIPLE,MULTIPLE,01t4w00000NumOkAAJ
MULTIPLE,MULTIPLE,01t4w00000NumOlAAJ
MULTIPLE,MULTIPLE,01t4w00000NumOmAAJ
MULTIPLE,MULTIPLE,01t4w00000NumOnAAJ
BLACK,BLACK,01t4w00000NumOoAAJ
,BLACK,01t4w00000NumOpAAJ
MULTIPLE,MULTIPLE,01t4w00000NumOqAAJ
MULTIPLE,MULTIPLE,01t4w00000NumOrAAJ
MULTIPLE,MULTIPLE,01t4w00000NumOsAAJ
MULTIPLE,MULTIPLE,01t4w00000NumOtAAJ
MULTIPLE,MULTIPLE,01t4w00000NumOuAAJ
MULTIPLE,MULTIPLE,01t4w00000NumOvAAJ
MULTIPLE,MULTIPLE,01t4w00000NumOwAAJ
MULTIPLE,MULTIPLE,01t4w00000NumOxAAJ
MULTIPLE,MULTIPLE,01t4w00000NumOyAAJ
MULTIPLE,MULTIPLE,01t4w00000NumOzAAJ
MULTIPLE,MULTIPLE,01t4w00000NumP0AAJ
MULTIPLE,MULTIPLE,01t4w00000NumP1AAJ
MULTIPLE,MULTIPLE,01t4w00000NumP2AAJ
MULTIPLE,MULTIPLE,01t4w00000NumP3AAJ
MULTIPLE,MULTIPLE,01t4w00000NumP4AAJ
MULTIPLE,MULTIPLE,01t4w00000NumP5AAJ
MULTIPLE,MULTIPLE,01t4w00000NumP6AAJ
MULTIPLE,MULTIPLE,01t4w00000NumP7AAJ
,MULTIPLE,01t4w00000NumP8AAJ
,MULTIPLE,01t4w00000NumP9AAJ
,MULTIPLE,01t4w00000NumPAAAZ
,MULTIPLE,01t4w00000NumPBAAZ
,MULTIPLE,01t4w00000NumPCAAZ
,MULTIPLE,01t4w00000NumPDAAZ
,MULTIPLE,01t4w00000NumPEAAZ
,MULTIPLE,01t4w00000NumPFAAZ
,MULTIPLE,01t4w00000NumPGAAZ
,MULTIPLE,01t4w00000NumPHAAZ
,MULTIPLE,01t4w00000NumPIAAZ
,MULTIPLE,01t4w00000NumPJAAZ
,MULTIPLE,01t4w00000NumPKAAZ
,MULTIPLE,01t4w00000NumPLAAZ
,MULTIPLE,01t4w00000NumPMAAZ
,MULTIPLE,01t4w00000NumPNAAZ
,MULTIPLE,01t4w00000NumPOAAZ
,MULTIPLE,01t4w00000NumPPAAZ
,MULTIPLE,01t4w00000NumPQAAZ
,MULTIPLE,01t4w00000NumPRAAZ
,MULTIPLE,01t4w00000NumPSAAZ
,MULTIPLE,01t4w00000NumPTAAZ
,MULTIPLE,01t4w00000NumPUAAZ
,MULTIPLE,01t4w00000NumPVAAZ
,MULTIPLE,01t4w00000NumPWAAZ
,MULTIPLE,01t4w00000NumPXAAZ
,MULTIPLE,01t4w00000NumPYAAZ
,MULTIPLE,01t4w00000NumPZAAZ
,MULTIPLE,01t4w00000NumPaAAJ
,MULTIPLE,01t4w00000NumPbAAJ
,MULTIPLE,01t4w00000NumPcAAJ
,MULTIPLE,01t4w00000NumPdAAJ
,MULTIPLE,01t4w00000NumPeAAJ
,MULTIPLE,01t4w00000NumPfAAJ
,MULTIPLE,01t4w00000NumPgAAJ
,MULTIPLE,01t4w00000NumPhAAJ
,MULTIPLE,01t4w00000NumPiAAJ
,MULTIPLE,01t4w00000NumPjAAJ
,MULTIPLE,01t4w00000NumPkAAJ
,MULTIPLE,01t4w00000NumPlAAJ
,MULTIPLE,01t4w00000NumPmAAJ
,MULTIPLE,01t4w00000NumPnAAJ
,MULTIPLE,01t4w00000NumPoAAJ
MULTIPLE,MULTIPLE,01t4w00000NumPpAAJ
,MULTIPLE,01t4w00000NumPqAAJ
MULTIPLE,MULTIPLE,01t4w00000NumPrAAJ
,MULTIPLE,01t4w00000NumPsAAJ
MULTIPLE,MULTIPLE,01t4w00000NumPtAAJ
,MULTIPLE,01t4w00000NumPuAAJ
BOY,BOY,01t4w00000NumQ1AAJ
,BOY,01t4w00000NumQ2AAJ
GIRL,GIRL,01t4w00000NumQ3AAJ
,GIRL,01t4w00000NumQ4AAJ
,MULTIPLE,01t4w00000NumQ7AAJ
,MULTIPLE,01t4w00000NumQ8AAJ
,MULTIPLE,01t4w00000NumQ9AAJ
,MULTIPLE,01t4w00000NumQAAAZ
,MULTIPLE,01t4w00000NumQBAAZ
,MULTIPLE,01t4w00000NumQCAAZ
,MULTIPLE,01t4w00000NumQDAAZ
,MULTIPLE,01t4w00000NumQEAAZ
MULTIPLE,MULTIPLE,01t4w00000NumQFAAZ
,MULTIPLE,01t4w00000NumQGAAZ
BEIGE,BEIGE,01t4w00000NumQHAAZ
,BEIGE,01t4w00000NumQIAAZ
BEIGE,BEIGE,01t4w00000NumQJAAZ
,BEIGE,01t4w00000NumQKAAZ
BLUE,BLUE,01t4w00000NumQLAAZ
,BLUE,01t4w00000NumQMAAZ
WOOD,WOOD,01t4w00000NumQNAAZ
,WOOD,01t4w00000NumQOAAZ
WOOD,WOOD,01t4w00000NumQPAAZ
WOOD,WOOD,01t4w00000NumQQAAZ
,WOOD,01t4w00000NumQRAAZ
,WOOD,01t4w00000NumQSAAZ
WOOD,WOOD,01t4w00000NumQTAAZ
,WOOD,01t4w00000NumQUAAZ
,WHITE,01t4w00000NumQVAAZ
WHITE,WHITE,01t4w00000NumQWAAZ
,WHITE,01t4w00000NumQXAAZ
WHITE,WHITE,01t4w00000NumQYAAZ
BLACK,BLACK,01t4w00000NumQZAAZ
,BLACK,01t4w00000NumQaAAJ
,WOOD,01t4w00000NumQbAAJ
WOOD,WOOD,01t4w00000NumQcAAJ
,WOOD,01t4w00000NumQdAAJ
WOOD,WOOD,01t4w00000NumQeAAJ
MULTIPLE,MULTIPLE,01t4w00000NumQfAAJ
MULTIPLE,MULTIPLE,01t4w00000NumQgAAJ
MULTIPLE,MULTIPLE,01t4w00000NumQhAAJ
GREY,GREY,01t4w00000NumQiAAJ
,GREY,01t4w00000NumQjAAJ
GREY,GREY,01t4w00000NumQkAAJ
,GREY,01t4w00000NumQlAAJ
GREY,GREY,01t4w00000NumQmAAJ
,GREY,01t4w00000NumQnAAJ
WHITE,WHITE,01t4w00000NumQoAAJ
,WHITE,01t4w00000NumQpAAJ
GREY,GREY,01t4w00000NumQqAAJ
,GREY,01t4w00000NumQrAAJ
MULTIPLE,MULTIPLE,01t4w00000NumQsAAJ
MULTIPLE,MULTIPLE,01t4w00000NumQtAAJ
MULTIPLE,MULTIPLE,01t4w00000NumQuAAJ
MULTIPLE,MULTIPLE,01t4w00000NumQvAAJ
MULTIPLE,MULTIPLE,01t4w00000NumQwAAJ
MULTIPLE,MULTIPLE,01t4w00000NumQxAAJ
MULTIPLE,MULTIPLE,01t4w00000NumQyAAJ
MULTIPLE,MULTIPLE,01t4w00000NumQzAAJ
MULTIPLE,MULTIPLE,01t4w00000NumR0AAJ
GIRL,GIRL,01t4w00000NumR1AAJ
,GIRL,01t4w00000NumR2AAJ
BOY,BOY,01t4w00000NumR3AAJ
,BOY,01t4w00000NumR4AAJ
BOY,BOY,01t4w00000NumR5AAJ
,BOY,01t4w00000NumR6AAJ
MULTIPLE,MULTIPLE,01t4w00000NumR7AAJ
,GREY,01t4w00000NumR8AAJ
MULTIPLE,MULTIPLE,01t4w00000NumR9AAJ
MULTIPLE,MULTIPLE,01t4w00000NumRAAAZ
MULTIPLE,MULTIPLE,01t4w00000NumRBAAZ
MULTIPLE,MULTIPLE,01t4w00000NumRCAAZ
MULTIPLE,MULTIPLE,01t4w00000NumRDAAZ
MULTIPLE,MULTIPLE,01t4w00000NumREAAZ
MULTIPLE,MULTIPLE,01t4w00000NumRFAAZ
MULTIPLE,MULTIPLE,01t4w00000NumRGAAZ
MULTIPLE,MULTIPLE,01t4w00000NumRHAAZ
MULTIPLE,MULTIPLE,01t4w00000NumRIAAZ
MULTIPLE,MULTIPLE,01t4w00000NumRJAAZ
MULTIPLE,MULTIPLE,01t4w00000NumRKAAZ
MULTIPLE,MULTIPLE,01t4w00000NumRLAAZ
MULTIPLE,MULTIPLE,01t4w00000NumRMAAZ
MULTIPLE,MULTIPLE,01t4w00000NumRNAAZ
MULTIPLE,MULTIPLE,01t4w00000NumROAAZ
MULTIPLE,MULTIPLE,01t4w00000NumRPAAZ
MULTIPLE,MULTIPLE,01t4w00000NumRQAAZ
MULTIPLE,MULTIPLE,01t4w00000NumRRAAZ
MULTIPLE,MULTIPLE,01t4w00000NumRSAAZ
MULTIPLE,MULTIPLE,01t4w00000NumRTAAZ
MULTIPLE,MULTIPLE,01t4w00000NumRUAAZ
MULTIPLE,MULTIPLE,01t4w00000NumRVAAZ
MULTIPLE,MULTIPLE,01t4w00000NumRWAAZ
MULTIPLE,MULTIPLE,01t4w00000NumRXAAZ
,MULTIPLE,01t4w00000NumRYAAZ
,MULTIPLE,01t4w00000NumRZAAZ
,MULTIPLE,01t4w00000NumRaAAJ
,MULTIPLE,01t4w00000NumRbAAJ
,MULTIPLE,01t4w00000NumRcAAJ
,MULTIPLE,01t4w00000NumRdAAJ
,MULTIPLE,01t4w00000NumReAAJ
,MULTIPLE,01t4w00000NumRfAAJ
,MULTIPLE,01t4w00000NumRgAAJ
,MULTIPLE,01t4w00000NumRhAAJ
,MULTIPLE,01t4w00000NumRiAAJ
,MULTIPLE,01t4w00000NumRjAAJ
,MULTIPLE,01t4w00000NumRkAAJ
,MULTIPLE,01t4w00000NumRlAAJ
,MULTIPLE,01t4w00000NumRmAAJ
,MULTIPLE,01t4w00000NumRnAAJ
,MULTIPLE,01t4w00000NumRoAAJ
,MULTIPLE,01t4w00000NumRpAAJ
,MULTIPLE,01t4w00000NumRqAAJ
,MULTIPLE,01t4w00000NumRrAAJ
,MULTIPLE,01t4w00000NumRsAAJ
,MULTIPLE,01t4w00000NumRtAAJ
,MULTIPLE,01t4w00000NumRuAAJ
,MULTIPLE,01t4w00000NumRvAAJ
,MULTIPLE,01t4w00000NumRwAAJ
,MULTIPLE,01t4w00000NumRxAAJ
,MULTIPLE,01t4w00000NumRyAAJ
,MULTIPLE,01t4w00000NumRzAAJ
,MULTIPLE,01t4w00000NumS0AAJ
,MULTIPLE,01t4w00000NumS1AAJ
,MULTIPLE,01t4w00000NumS2AAJ
,MULTIPLE,01t4w00000NumS3AAJ
,MULTIPLE,01t4w00000NumS4AAJ
,MULTIPLE,01t4w00000NumS5AAJ
,MULTIPLE,01t4w00000NumS6AAJ
,MULTIPLE,01t4w00000NumS7AAJ
,MULTIPLE,01t4w00000NumS8AAJ
,MULTIPLE,01t4w00000NumS9AAJ
BLACK,BLACK,01t4w00000NumSWAAZ
BLACK,BLACK,01t4w00000NumSXAAZ
BLACK,BLACK,01t4w00000NumSYAAZ
BLACK,BLACK,01t4w00000NumSZAAZ
BLACK,BLACK,01t4w00000NumSaAAJ
BLACK,BLACK,01t4w00000NumSbAAJ
,BLACK,01t4w00000NumScAAJ
,BLACK,01t4w00000NumSdAAJ
,BLACK,01t4w00000NumSeAAJ
,BLACK,01t4w00000NumSfAAJ
,BLACK,01t4w00000NumSgAAJ
,BLACK,01t4w00000NumShAAJ
WHITE,WHITE,01t4w00000NumSiAAJ
WHITE,WHITE,01t4w00000NumSjAAJ
WHITE,WHITE,01t4w00000NumSkAAJ
,WHITE,01t4w00000NumSlAAJ
BEIGE,BEIGE,01t4w00000NumSoAAJ
,BEIGE,01t4w00000NumSpAAJ
BLUE N.3 CON RIBETES NEGROS,BLUE N.3 CON RIBETES NEGROS,01t4w00000NumSsAAJ
,BLUE N.3 CON RIBETES NEGROS,01t4w00000NumStAAJ
WHITE,WHITE,01t4w00000NumSuAAJ
BLACK,BLACK,01t4w00000NumSvAAJ
,BLACK,01t4w00000NumSwAAJ
BLACK,BLACK,01t4w00000NumSxAAJ
,BLACK,01t4w00000NumSyAAJ
BLACK,BLACK,01t4w00000NumSzAAJ
,BLACK,01t4w00000NumT0AAJ
BEIGE MATE,BEIGE MATE,01t4w00000NumT1AAJ
,BEIGE MATE,01t4w00000NumT2AAJ
,WHITE,01t4w00000NumT3AAJ
BLUE,BLUE,01t4w00000NumT4AAJ
BLUE,BLUE,01t4w00000NumT5AAJ
,BLUE,01t4w00000NumT6AAJ
,BLUE,01t4w00000NumT7AAJ
GREY,GREY,01t4w00000NumT8AAJ
,GREY,01t4w00000NumT9AAJ
WOOD,WOOD,01t4w00000NumTAAAZ
,WOOD,01t4w00000NumTBAAZ
BLACK / GREY,BLACK / GREY,01t4w00000NumTCAAZ
BLACK / GREY,BLACK / GREY,01t4w00000NumTDAAZ
,BLACK / GREY,01t4w00000NumTEAAZ
,BLACK / GREY,01t4w00000NumTFAAZ
BLACK / GREY,BLACK / GREY,01t4w00000NumTGAAZ
,BLACK / GREY,01t4w00000NumTHAAZ
GREY,GREY,01t4w00000NumTIAAZ
,GREY,01t4w00000NumTJAAZ
GREY,GREY,01t4w00000NumTKAAZ
WHITE,WHITE,01t4w00000NumTLAAZ
,GREY,01t4w00000NumTMAAZ
,WHITE,01t4w00000NumTNAAZ
BLACK,BLACK,01t4w00000NumTOAAZ
,BLACK,01t4w00000NumTPAAZ
,MULTIPLE,01t4w00000NumTQAAZ
BOY,BOY,01t4w00000NumTRAAZ
,BOY,01t4w00000NumTSAAZ
GIRL,GIRL,01t4w00000NumTTAAZ
,GIRL,01t4w00000NumTUAAZ
BOY,BOY,01t4w00000NumTVAAZ
,BOY,01t4w00000NumTWAAZ
GIRL,GIRL,01t4w00000NumTXAAZ
,GIRL,01t4w00000NumTYAAZ
GREEN,GREEN,01t4w00000NumTZAAZ
,GREEN,01t4w00000NumTaAAJ
BLUE,BLUE,01t4w00000NumTbAAJ
,BLACK+GREY,01t4w00000NumTcAAJ
,BLUE,01t4w00000NumTdAAJ
FW-70,FW-70,01t4w00000NumTeAAJ
,FW-70,01t4w00000NumTfAAJ
BLACK+GREY,BLACK+GREY,01t4w00000NumTgAAJ
BLACK+GREY,BLACK+GREY,01t4w00000NumThAAJ
,BLACK+GREY,01t4w00000NumTiAAJ
BLACK,BLACK,01t4w00000NumTjAAJ
,BLACK,01t4w00000NumTkAAJ
BLACK+GREY,BLACK+GREY,01t4w00000NumTlAAJ
,BLACK+GREY,01t4w00000NumTmAAJ
BLACK+GREY,BLACK+GREY,01t4w00000NumTnAAJ
,BLACK+GREY,01t4w00000NumToAAJ
BLACK+GREY,BLACK+GREY,01t4w00000NumTpAAJ
,BLACK+GREY,01t4w00000NumTqAAJ
GREY,GREY,01t4w00000NumTrAAJ
,GREY,01t4w00000NumTsAAJ
RED,RED,01t4w00000NumTtAAJ
,RED,01t4w00000NumTuAAJ
BLACK+GREY,BLACK+GREY,01t4w00000NumTzAAJ
,BLACK+GREY,01t4w00000NumU0AAJ
BLACK+GREY,BLACK+GREY,01t4w00000NumU1AAJ
,BLACK+GREY,01t4w00000NumU2AAJ
GREY,GREY,01t4w00000NumU3AAJ
,GREY,01t4w00000NumU4AAJ
,GREY,01t4w00000NumU5AAJ
GREY,GREY,01t4w00000NumU6AAJ
,GREY,01t4w00000NumU7AAJ
GREY,GREY,01t4w00000NumU8AAJ
BLACK+RED,BLACK+RED,01t4w00000NumU9AAJ
GREY,GREY,01t4w00000NumUAAAZ
,BLACK+RED,01t4w00000NumUBAAZ
GREY,GREY,01t4w00000NumUCAAZ
,GREY,01t4w00000NumUDAAZ
,GREY,01t4w00000NumUEAAZ
GREY,GREY,01t4w00000NumUFAAZ
,GREY,01t4w00000NumUGAAZ
BLACK+GREY,BLACK+GREY,01t4w00000NumUHAAZ
,BLACK+GREY,01t4w00000NumUIAAZ
GREY,GREY,01t4w00000NumUJAAZ
,GREY,01t4w00000NumUKAAZ
WHITE,WHITE,01t4w00000NumULAAZ
,WHITE,01t4w00000NumUMAAZ
BLACK,BLACK,01t4w00000NumUNAAZ
BLACK+WOOD,BLACK+WOOD,01t4w00000NumUOAAZ
,BLACK,01t4w00000NumUPAAZ
,BLACK+WOOD,01t4w00000NumUQAAZ
BLACK+WOOD,BLACK+WOOD,01t4w00000NumURAAZ
,BLACK+WOOD,01t4w00000NumUSAAZ
PINK,PINK,01t4w00000NumUTAAZ
GREEN,GREEN,01t4w00000NumUUAAZ
BLACK+RED,BLACK+RED,01t4w00000NumUVAAZ
,BLACK+ BLUE,01t4w00000NumUWAAZ
BLACK+ BLUE,BLACK+ BLUE,01t4w00000NumUXAAZ
,BLACK+RED,01t4w00000NumUYAAZ
BLACK+WHITE,BLACK+WHITE,01t4w00000NumUZAAZ
,BLACK+WHITE,01t4w00000NumUaAAJ
GREY,GREY,01t4w00000NumUbAAJ
BLACK+ BLUE,BLACK+ BLUE,01t4w00000NumUcAAJ
,BEIGE,01t4w00000NumUdAAJ
,BLACK+ BLUE,01t4w00000NumUeAAJ
BEIGE,BEIGE,01t4w00000NumUfAAJ
BEIGE,BEIGE,01t4w00000NumUgAAJ
,GREY,01t4w00000NumUhAAJ
,BEIGE,01t4w00000NumUiAAJ
AQUA,AQUA,01t4w00000NumUjAAJ
,AQUA,01t4w00000NumUkAAJ
WHITE,WHITE,01t4w00000NumUlAAJ
,WHITE,01t4w00000NumUmAAJ
PINK,PINK,01t4w00000NumUnAAJ
,PINK,01t4w00000NumUoAAJ
,PINK,01t4w00000NumUpAAJ
,GREEN,01t4w00000NumUqAAJ
BLUE,BLUE,01t4w00000NumUrAAJ
GREY,GREY,01t4w00000NumUsAAJ
,BLUE,01t4w00000NumUtAAJ
,GREY,01t4w00000NumUuAAJ
BLACK,BLACK,01t4w00000NumUvAAJ
,BLACK,01t4w00000NumUwAAJ
,ORANGE,01t4w00000NumUxAAJ
,BROWN,01t4w00000NumUyAAJ
ORANGE,ORANGE,01t4w00000NumUzAAJ
BROWN,BROWN,01t4w00000NumV0AAJ
GREY,GREY,01t4w00000NumV1AAJ
,GREY,01t4w00000NumV2AAJ
WHITE,WHITE,01t4w00000NumV3AAJ
,WHITE,01t4w00000NumV4AAJ
BLACK,BLACK,01t4w00000NumV5AAJ
,BLACK,01t4w00000NumV6AAJ
GREY,GREY,01t4w00000NumV7AAJ
,GREY,01t4w00000NumV8AAJ
WHITE,WHITE,01t4w00000NumV9AAJ
,WHITE,01t4w00000NumVAAAZ
BLACK,BLACK,01t4w00000NumVBAAZ
,BLACK,01t4w00000NumVCAAZ
GREY,GREY,01t4w00000NumVDAAZ
,GREY,01t4w00000NumVEAAZ
BLACK,BLACK,01t4w00000NumVFAAZ
,BLACK,01t4w00000NumVGAAZ
BLACK,BLACK,01t4w00000NumVHAAZ
,BLACK,01t4w00000NumVIAAZ
GREY,GREY,01t4w00000NumVJAAZ
,GREY,01t4w00000NumVKAAZ
WHITE,WHITE,01t4w00000NumVLAAZ
,WHITE,01t4w00000NumVMAAZ
,BLACK,01t4w00000NumVNAAZ
,GREY,01t4w00000NumVOAAZ
,WHITE,01t4w00000NumVPAAZ
,GREY,01t4w00000NumVQAAZ
,WHITE,01t4w00000NumVRAAZ
,WHITE,01t4w00000NumVSAAZ
,BLACK,01t4w00000NumVTAAZ
,GREY,01t4w00000NumVUAAZ
,BLACK,01t4w00000NumVVAAZ
,GREY,01t4w00000NumVWAAZ
,BLACK,01t4w00000NumVXAAZ
,MULTIPLE,01t4w00000NumVYAAZ
WHITE,WHITE,01t4w00000NumVZAAZ
,WHITE,01t4w00000NumVaAAJ
WHITE,WHITE,01t4w00000NumVbAAJ
,WHITE,01t4w00000NumVcAAJ
WARM GREY,WARM GREY,01t4w00000NumVdAAJ
WHITE,WARM GREY,01t4w00000NumVeAAJ
WHITE,WHITE,01t4w00000NumVfAAJ
,WHITE,01t4w00000NumVgAAJ
WHITE,WHITE,01t4w00000NumVhAAJ
,WHITE,01t4w00000NumViAAJ
WHITE,WHITE,01t4w00000NumVjAAJ
,WHITE,01t4w00000NumVkAAJ
WHITE,WHITE,01t4w00000NumVlAAJ
,WHITE,01t4w00000NumVmAAJ
WHITE,WHITE,01t4w00000NumVnAAJ
,WHITE,01t4w00000NumVoAAJ
,WARM GREY,01t4w00000NumVqAAJ
BLACK,BLACK,01t4w00000NumVrAAJ
,BLACK,01t4w00000NumVsAAJ
GREY,GREY,01t4w00000NumVtAAJ
,GREY,01t4w00000NumVuAAJ
WHITE,WHITE,01t4w00000NumVvAAJ
,WHITE,01t4w00000NumVwAAJ
WHITE,WHITE,01t4w00000NumVxAAJ
,WHITE,01t4w00000NumVyAAJ
BLACK,BLACK,01t4w00000NumVzAAJ
,BLACK,01t4w00000NumW0AAJ
GREY,GREY,01t4w00000NumW1AAJ
,GREY,01t4w00000NumW2AAJ
WHITE,WHITE,01t4w00000NumW3AAJ
,WHITE,01t4w00000NumW4AAJ
GREY,GREY,01t4w00000NumW5AAJ
,GREY,01t4w00000NumW6AAJ
BLACK,BLACK,01t4w00000NumW7AAJ
,BLACK,01t4w00000NumW8AAJ
MULTIPLE,MULTIPLE,01t4w00000NumW9AAJ
,MULTIPLE,01t4w00000NumWAAAZ
GREY,GREY,01t4w00000NumWBAAZ
,GREY,01t4w00000NumWCAAZ
BLACK,BLACK,01t4w00000NumWDAAZ
,BLACK,01t4w00000NumWEAAZ
WHITE,WHITE,01t4w00000NumWFAAZ
,WHITE,01t4w00000NumWGAAZ
WHITE,WHITE,01t4w00000NumWHAAZ
WHITE,WHITE,01t4w00000NumWIAAZ
WOOD,WOOD,01t4w00000NumWJAAZ
,WOOD,01t4w00000NumWKAAZ
BLACK,BLACK,01t4w00000NumWLAAZ
,BLACK,01t4w00000NumWMAAZ
BLACK,BLACK,01t4w00000NumWNAAZ
,BLACK,01t4w00000NumWOAAZ
BLACK,BLACK,01t4w00000NumWPAAZ
,BLACK,01t4w00000NumWQAAZ
BLUE + BLACK,BLUE + BLACK,01t4w00000NumWRAAZ
BLACK,BLACK,01t4w00000NumWSAAZ
,BLUE + BLACK,01t4w00000NumWTAAZ
,BLACK,01t4w00000NumWUAAZ
WHITE + BLACK,WHITE + BLACK,01t4w00000NumWVAAZ
,WHITE + BLACK,01t4w00000NumWWAAZ
BLACK,BLACK,01t4w00000NumWXAAZ
,BLACK,01t4w00000NumWYAAZ
WHITE + GREY,WHITE + GREY,01t4w00000NumWZAAZ
BLACK,BLACK,01t4w00000NumWaAAJ
,WHITE + GREY,01t4w00000NumWbAAJ
BLACK + GOLD,BLACK + GOLD,01t4w00000NumWcAAJ
,BLACK + GOLD,01t4w00000NumWdAAJ
,BLACK,01t4w00000NumWeAAJ
BLACK,BLACK,01t4w00000NumWfAAJ
,BLACK,01t4w00000NumWgAAJ
BLACK,BLACK,01t4w00000NumWhAAJ
,BLACK,01t4w00000NumWiAAJ
DARK+BLACK,DARK+BLACK,01t4w00000NumWjAAJ
,DARK+BLACK,01t4w00000NumWkAAJ
GREY DARK,GREY DARK,01t4w00000NumWlAAJ
,GREY DARK,01t4w00000NumWmAAJ
BROWN,BROWN,01t4w00000NumWnAAJ
,BROWN,01t4w00000NumWoAAJ
WHITE+BLACK,WHITE+BLACK,01t4w00000NumWpAAJ
,WHITE+BLACK,01t4w00000NumWqAAJ
WHITE+BLUE,WHITE+BLUE,01t4w00000NumWrAAJ
,WHITE+BLUE,01t4w00000NumWsAAJ
BLACK+WOOD,BLACK+WOOD,01t4w00000NumWtAAJ
,BLACK+WOOD,01t4w00000NumWuAAJ
BLACK+WOOD,BLACK+WOOD,01t4w00000NumWvAAJ
,BLACK+WOOD,01t4w00000NumWwAAJ
BLACK+ RED,BLACK+ RED,01t4w00000NumWzAAJ
,BLACK+ RED,01t4w00000NumX0AAJ
BLACK+ GREY,BLACK+ GREY,01t4w00000NumX1AAJ
,BLACK+ GREY,01t4w00000NumX2AAJ
,BLACK+ RED,01t4w00000NumX3AAJ
BLACK+ RED,BLACK+ RED,01t4w00000NumX4AAJ
BLACK+ RED,BLACK+ RED,01t4w00000NumX5AAJ
,BLACK+ RED,01t4w00000NumX6AAJ
WHITE,WHITE,01t4w00000NumX7AAJ
,WHITE,01t4w00000NumX8AAJ
WHITE,WHITE,01t4w00000NumXBAAZ
,WHITE,01t4w00000NumXCAAZ
WHITE,WHITE,01t4w00000NumXFAAZ
,WHITE,01t4w00000NumXGAAZ
BROWN,BROWN,01t4w00000NumXLAAZ
BLACK+NATURAL,BLACK+NATURAL,01t4w00000NumXMAAZ
BLACK+WHITE,BLACK+WHITE,01t4w00000NumXNAAZ
MULTIPLE,MULTIPLE,01t4w00000NumXOAAZ
MULTIPLE,MULTIPLE,01t4w00000NumXPAAZ
BLACK+WHITE,BLACK+WHITE,01t4w00000NumXQAAZ
NATURAL+WHITE,NATURAL+WHITE,01t4w00000NumXRAAZ
BLACK+NATURAL+WHITE,BLACK+NATURAL+WHITE,01t4w00000NumXSAAZ
MULTIPLE,MULTIPLE,01t4w00000NumXTAAZ
MULTIPLE,MULTIPLE,01t4w00000NumXUAAZ
MULTIPLE,MULTIPLE,01t4w00000NumXVAAZ
MULTIPLE,MULTIPLE,01t4w00000NumXWAAZ
MULTIPLE,MULTIPLE,01t4w00000NumXXAAZ
GREY+BLACK+WHITE,GREY+BLACK+WHITE,01t4w00000NumXYAAZ
NATURAL+BLACK,NATURAL+BLACK,01t4w00000NumXZAAZ
GREY+BLACK,GREY+BLACK,01t4w00000NumXaAAJ
BLACK+WHITE,BLACK+WHITE,01t4w00000NumXbAAJ
BLACK+CREAM,BLACK+CREAM,01t4w00000NumXcAAJ
NATURAL+BLACK,NATURAL+BLACK,01t4w00000NumXdAAJ
BLACK+NATURAL,BLACK+NATURAL,01t4w00000NumXeAAJ
BLACK,BLACK,01t4w00000NumXfAAJ
MULTIPLE,MULTIPLE,01t4w00000NumXgAAJ
MULTIPLE,MULTIPLE,01t4w00000NumXhAAJ
MULTIPLE,MULTIPLE,01t4w00000NumXjAAJ
MULTIPLE,MULTIPLE,01t4w00000NumXkAAJ
MULTIPLE,MULTIPLE,01t4w00000NumXlAAJ
MULTIPLE,MULTIPLE,01t4w00000NumXmAAJ
MULTIPLE,MULTIPLE,01t4w00000NumXnAAJ
MULTIPLE,MULTIPLE,01t4w00000NumXoAAJ
MULTIPLE,MULTIPLE,01t4w00000NumXpAAJ
MULTIPLE,MULTIPLE,01t4w00000NumXqAAJ
MULTIPLE,MULTIPLE,01t4w00000NumXrAAJ
BLACK,BLACK,01t4w00000NumXsAAJ
BLACK,BLACK,01t4w00000NumXtAAJ
,BLACK,01t4w00000NumXuAAJ
,WHITE,01t4w00000NumXvAAJ
,WHITE,01t4w00000NumXwAAJ
,WHITE,01t4w00000NumXxAAJ
,MULTIPLE,01t4w00000NumXyAAJ
,BLACK,01t4w00000NumXzAAJ
,WHITE,01t4w00000NumY0AAJ
,WHITE,01t4w00000NumY1AAJ
,GOLD,01t4w00000NumY2AAJ
,BLACK,01t4w00000NumY3AAJ
,MULTIPLE,01t4w00000NumY4AAJ
,GREY,01t4w00000NumY5AAJ
,BLACK,01t4w00000NumY6AAJ
,WHITE,01t4w00000NumY7AAJ
,WHITE,01t4w00000NumY8AAJ
,BLACK,01t4w00000NumY9AAJ
,BLACK,01t4w00000NumYAAAZ
,WHITE,01t4w00000NumYBAAZ
,BLACK,01t4w00000NumYCAAZ
,BLACK,01t4w00000NumYDAAZ
,BLACK,01t4w00000NumYEAAZ
,BLACK,01t4w00000NumYFAAZ
,BLACK,01t4w00000NumYGAAZ
,BLACK,01t4w00000NumYHAAZ
,BLACK,01t4w00000NumYIAAZ
,WHITE,01t4w00000NumYJAAZ
,BLACK,01t4w00000NumYKAAZ
,BLACK,01t4w00000NumYLAAZ
,BLACK,01t4w00000NumYMAAZ
,BLACK,01t4w00000NumYNAAZ
,SILVER,01t4w00000NumYOAAZ
,BLACK,01t4w00000NumYPAAZ
,MULTIPLE,01t4w00000NumYQAAZ
,MULTIPLE,01t4w00000NumYRAAZ
,GREY,01t4w00000NumYSAAZ
,ANIMAL PRINT,01t4w00000NumYTAAZ
,BLACK,01t4w00000NumYUAAZ
,WHITE,01t4w00000NumYVAAZ
,WHITE,01t4w00000NumYWAAZ
,WHITE,01t4w00000NumYXAAZ
,MULTIPLE,01t4w00000NumYYAAZ
,BLACK,01t4w00000NumYZAAZ
,BLACK,01t4w00000NumYaAAJ
,BLACK,01t4w00000NumYbAAJ
,WHITE,01t4w00000NumYcAAJ
,WHITE,01t4w00000NumYdAAJ
,GREY,01t4w00000NumYeAAJ
,BLACK,01t4w00000NumYfAAJ
,BLACK,01t4w00000NumYgAAJ
,GREY,01t4w00000NumYhAAJ
,GREY,01t4w00000NumYiAAJ
,WHITE,01t4w00000NumYjAAJ
,BLACK,01t4w00000NumYkAAJ
,BLACK,01t4w00000NumYlAAJ
,WHITE,01t4w00000NumYmAAJ
,GREY,01t4w00000NumYnAAJ
,BLACK,01t4w00000NumYoAAJ
,PURPLE,01t4w00000NumYpAAJ
,PURPLE,01t4w00000NumYqAAJ
,GREY,01t4w00000NumYrAAJ
MULTIPLE,MULTIPLE,01t4w00000NumYsAAJ
,BLACK,01t4w00000NumYtAAJ
,BLACK,01t4w00000NumYuAAJ
,WHITE,01t4w00000NumYvAAJ
,GREY,01t4w00000NumYwAAJ
,GREY,01t4w00000NumYxAAJ
,GREY,01t4w00000NumYyAAJ
MULTIPLE,MULTIPLE,01t4w00000NumYzAAJ
BLACK,BLACK,01t4w00000NumZ0AAJ
GREY+NATURAL,GREY+NATURAL,01t4w00000NumZ1AAJ
NATURAL+GREY,NATURAL+GREY,01t4w00000NumZ2AAJ
NATURAL+WHITE,NATURAL+WHITE,01t4w00000NumZ3AAJ
BLACK+WOOD,BLACK+WOOD,01t4w00000NumZ4AAJ
NATURAL+WHITE,NATURAL+WHITE,01t4w00000NumZ5AAJ
WHITE,WHITE,01t4w00000NumZ6AAJ
GREY+WHITE,GREY+WHITE,01t4w00000NumZ7AAJ
WHITE+NATURAL,WHITE+NATURAL,01t4w00000NumZ8AAJ
WHITE,WHITE,01t4w00000NumZ9AAJ
BLACK+WOOD,BLACK+WOOD,01t4w00000NumZAAAZ
,GREY,01t4w00000NumZBAAZ
,MULTIPLE,01t4w00000NumZCAAZ
,GREY,01t4w00000NumZDAAZ
,GREY,01t4w00000NumZEAAZ
,MULTIPLE,01t4w00000NumZFAAZ
,NUDE,01t4w00000NumZGAAZ
,GREY,01t4w00000NumZHAAZ
,WHITE,01t4w00000NumZIAAZ
,MULTIPLE,01t4w00000NumZJAAZ
,MULTIPLE,01t4w00000NumZKAAZ
,WHITE,01t4w00000NumZLAAZ
,GREY,01t4w00000NumZMAAZ
,GREY,01t4w00000NumZNAAZ
WHITE+NATURAL,WHITE+NATURAL,01t4w00000NumZOAAZ
WHITE+GREY,WHITE+GREY,01t4w00000NumZPAAZ
WHITE+GREY,WHITE+GREY,01t4w00000NumZQAAZ
,GREY,01t4w00000NumZRAAZ
,MULTIPLE,01t4w00000NumZSAAZ
,MULTIPLE,01t4w00000NumZTAAZ
,MULTIPLE,01t4w00000NumZUAAZ
,MULTIPLE,01t4w00000NumZVAAZ
,MULTIPLE,01t4w00000NumZWAAZ
,MULTIPLE,01t4w00000NumZXAAZ
BLACK+WHITE,BLACK+WHITE,01t4w00000NumZYAAZ
BLACK+WHITE,BLACK+WHITE,01t4w00000NumZZAAZ
,MULTIPLE,01t4w00000NumZaAAJ
,MULTIPLE,01t4w00000NumZbAAJ
WHITE,WHITE,01t4w00000NumZcAAJ
BLACK+GREY,BLACK+GREY,01t4w00000NumZdAAJ
,MULTIPLE,01t4w00000NumZeAAJ
,MULTIPLE,01t4w00000NumZfAAJ
,MULTIPLE,01t4w00000NumZgAAJ
,MULTIPLE,01t4w00000NumZhAAJ
,MULTIPLE,01t4w00000NumZiAAJ
,MULTIPLE,01t4w00000NumZjAAJ
,MULTIPLE,01t4w00000NumZkAAJ
,MULTIPLE,01t4w00000NumZlAAJ
,MULTIPLE,01t4w00000NumZmAAJ
,GREY,01t4w00000NumZnAAJ
,MULTIPLE,01t4w00000NumZoAAJ
,MULTIPLE,01t4w00000NumZpAAJ
,MULTIPLE,01t4w00000NumZqAAJ
MULTIPLE,MULTIPLE,01t4w00000NumZrAAJ
,MULTIPLE,01t4w00000NumZsAAJ
,MULTIPLE,01t4w00000NumZtAAJ
,MULTIPLE,01t4w00000NumZuAAJ
,MULTIPLE,01t4w00000NumZvAAJ
,GREY,01t4w00000NumZwAAJ
,TRANSPARENT,01t4w00000NumZxAAJ
,BLACK,01t4w00000NumZyAAJ
,VERIOS,01t4w00000NumZzAAJ
,BLACK,01t4w00000Numa0AAB
,MULTIPLE,01t4w00000Numa1AAB
,MULTIPLE,01t4w00000Numa2AAB
,MULTIPLE,01t4w00000Numa3AAB
,MULTIPLE,01t4w00000Numa4AAB
,NUDE,01t4w00000Numa5AAB
,BLACK,01t4w00000Numa6AAB
,BLACK,01t4w00000Numa7AAB
,BLACK,01t4w00000Numa8AAB
,BLACK,01t4w00000Numa9AAB
,BLACK,01t4w00000NumaAAAR
,CHERRY,01t4w00000NumaBAAR
,CHERRY,01t4w00000NumaCAAR
,BLACK,01t4w00000NumaDAAR
,MARBLE EFFECT,01t4w00000NumaEAAR
WHITE,WHITE,01t4w00000NumaFAAR
GREY,GREY,01t4w00000NumaGAAR
GREY,GREY,01t4w00000NumaHAAR
WHITE,WHITE,01t4w00000NumaIAAR
WHITE,WHITE,01t4w00000NumaJAAR
GREY,GREY,01t4w00000NumaKAAR
WHITE,WHITE,01t4w00000NumaLAAR
GREY,GREY,01t4w00000NumaMAAR
WHITE,WHITE,01t4w00000NumaNAAR
WHITE,WHITE,01t4w00000NumaOAAR
WHITE,WHITE,01t4w00000NumaPAAR
WHITE,WHITE,01t4w00000NumaQAAR
BLACK,BLACK,01t4w00000NumaRAAR
WHITE,WHITE,01t4w00000NumaSAAR
MULTIPLE,MULTIPLE,01t4w00000NumaTAAR
GREY,GREY,01t4w00000NumaUAAR
GREY,GREY,01t4w00000NumaVAAR
MULTIPLE,MULTIPLE,01t4w00000NumaWAAR
MULTIPLE,MULTIPLE,01t4w00000NumaXAAR
MULTIPLE,MULTIPLE,01t4w00000NumaYAAR
MULTIPLE,MULTIPLE,01t4w00000NumaZAAR
MULTIPLE,MULTIPLE,01t4w00000NumaaAAB
MULTIPLE,MULTIPLE,01t4w00000NumabAAB
MULTIPLE,MULTIPLE,01t4w00000NumacAAB
MULTIPLE,MULTIPLE,01t4w00000NumadAAB
MULTIPLE,MULTIPLE,01t4w00000NumaeAAB
MULTIPLE,MULTIPLE,01t4w00000NumafAAB
MULTIPLE,MULTIPLE,01t4w00000NumagAAB
MULTIPLE,MULTIPLE,01t4w00000NumahAAB
MULTIPLE,MULTIPLE,01t4w00000NumaiAAB
MULTIPLE,MULTIPLE,01t4w00000NumajAAB
MULTIPLE,MULTIPLE,01t4w00000NumakAAB
MULTIPLE,MULTIPLE,01t4w00000NumalAAB
MULTIPLE,MULTIPLE,01t4w00000NumamAAB
MULTIPLE,MULTIPLE,01t4w00000NumanAAB
MULTIPLE,MULTIPLE,01t4w00000NumaoAAB
MULTIPLE,MULTIPLE,01t4w00000NumapAAB
MULTIPLE,MULTIPLE,01t4w00000NumaqAAB
WHITE,WHITE,01t4w00000NumarAAB
WHITE,WHITE,01t4w00000NumasAAB
WHITE,WHITE,01t4w00000NumatAAB
WHITE,WHITE,01t4w00000NumauAAB
BLACK,BLACK,01t4w00000NumavAAB
SILVER,SILVER,01t4w00000NumawAAB
BLACK,BLACK,01t4w00000NumaxAAB
WHITE,WHITE,01t4w00000NumayAAB
WHITE,WHITE,01t4w00000NumazAAB
MULTIPLE,MULTIPLE,01t4w00000Numb0AAB
MULTIPLE,MULTIPLE,01t4w00000Numb1AAB
MULTIPLE,MULTIPLE,01t4w00000Numb2AAB
MULTIPLE,MULTIPLE,01t4w00000Numb3AAB
MULTIPLE,MULTIPLE,01t4w00000Numb4AAB
MULTIPLE,MULTIPLE,01t4w00000Numb5AAB
MULTIPLE,MULTIPLE,01t4w00000Numb6AAB
BLACK,BLACK,01t4w00000Numb7AAB
MULTIPLE,MULTIPLE,01t4w00000Numb8AAB
COBRE,COBRE,01t4w00000Numb9AAB
GOLD,GOLD,01t4w00000NumbAAAR
SILVER,SILVER,01t4w00000NumbBAAR
MULTIPLE,MULTIPLE,01t4w00000NumbCAAR
MULTIPLE,MULTIPLE,01t4w00000NumbDAAR
MULTIPLE,MULTIPLE,01t4w00000NumbEAAR
SILVER,SILVER,01t4w00000NumbFAAR
SILVER,SILVER,01t4w00000NumbGAAR
MULTIPLE COLORES,MULTIPLE COLORES,01t4w00000NumbHAAR
SILVER,SILVER,01t4w00000NumbIAAR
MULTIPLE,MULTIPLE,01t4w00000NumbJAAR
MULTIPLE,MULTIPLE,01t4w00000NumbKAAR
BROWN,BROWN,01t4w00000NumbLAAR
BLUE,BLUE,01t4w00000NumbMAAR
BLACK,BLACK,01t4w00000NumbNAAR
BLUE+WHITE,BLUE+WHITE,01t4w00000NumbOAAR
BLACK,BLACK,01t4w00000NumbPAAR
WHITE,WHITE,01t4w00000NumbQAAR
WHITE,WHITE,01t4w00000NumbRAAR
BLUE,BLUE,01t4w00000NumbSAAR
SILVER+BLACK,SILVER+BLACK,01t4w00000NumbTAAR
BLACK+GREY,BLACK+GREY,01t4w00000NumbUAAR
BLUE+MULTIPLE,BLUE+MULTIPLE,01t4w00000NumbWAAR
WHITE,WHITE,01t4w00000NumbXAAR
GREY+BLACK,GREY+BLACK,01t4w00000NumbYAAR
WHITE,WHITE,01t4w00000NumbZAAR
BLUE+GREY,BLUE+GREY,01t4w00000NumbaAAB
RED,RED,01t4w00000NumbbAAB
BLACK,BLACK,01t4w00000NumbcAAB
BLACK,BLACK,01t4w00000NumbdAAB
,CHOCOLATE,01t4w00000NumbeAAB
,NATURAL,01t4w00000NumbfAAB
,BLACK+LIGHT,01t4w00000NumbgAAB
,GREY,01t4w00000NumbhAAB
,BLACK+WHITE,01t4w00000NumbiAAB
,NATURAL+BLACK,01t4w00000NumbjAAB
WHITE,WHITE,01t4w00000NumbkAAB
,NATURAL,01t4w00000NumblAAB
,BLACK+NATURAL,01t4w00000NumbmAAB
,NATURAL+BLACK,01t4w00000NumbnAAB
GREY+YELLOW,GREY+YELLOW,01t4w00000NumboAAB
,GREY+WHITE,01t4w00000NumbpAAB
,BROWN,01t4w00000NumbqAAB
BLACK,BLACK,01t4w00000NumbrAAB
RED+YELLOW+BLUE,RED+YELLOW+BLUE,01t4w00000NumbsAAB
,BLACK+WHITE,01t4w00000NumbtAAB
,BLACK+NATURAL+WHITE,01t4w00000NumbuAAB
,NATURAL+WHITE,01t4w00000NumbvAAB
,BLACK+WHITE,01t4w00000NumbwAAB
BLACK,BLACK,01t4w00000NumbxAAB
WHITE,WHITE,01t4w00000NumbyAAB
,GREY+BLACK+WHITE,01t4w00000NumbzAAB
FLORES,FLORES,01t4w00000Numc0AAB
RED,RED,01t4w00000Numc1AAB
BLUE,BLUE,01t4w00000Numc2AAB
,GREY+BLACK,01t4w00000Numc3AAB
,BLACK+CREAM,01t4w00000Numc4AAB
BLACK+WHITE,BLACK+WHITE,01t4w00000Numc5AAB
BLUE+WHITE,BLUE+WHITE,01t4w00000Numc6AAB
BLUE,BLUE,01t4w00000Numc7AAB
AQUA,AQUA,01t4w00000Numc8AAB
BLUE,BLUE,01t4w00000Numc9AAB
CREAM,CREAM,01t4w00000NumcAAAR
WHITE+BLUE,WHITE+BLUE,01t4w00000NumcBAAR
CREAM,CREAM,01t4w00000NumcCAAR
GREEN+PINK,GREEN+PINK,01t4w00000NumcDAAR
CREAM,CREAM,01t4w00000NumcEAAR
PINK,PINK,01t4w00000NumcFAAR
BLACK,BLACK,01t4w00000NumcGAAR
ORANGE,ORANGE,01t4w00000NumcHAAR
GREEN,GREEN,01t4w00000NumcIAAR
BLACK,BLACK,01t4w00000NumcJAAR
BLUE,BLUE,01t4w00000NumcKAAR
GREEN+WHITE,GREEN+WHITE,01t4w00000NumcLAAR
GREEN+WHITE,GREEN+WHITE,01t4w00000NumcMAAR
YELLOW,YELLOW,01t4w00000NumcNAAR
GREEN,GREEN,01t4w00000NumcOAAR
GREEN+RED+PINK+BLUE,GREEN+RED+PINK+BLUE,01t4w00000NumcPAAR
,MULTIPLE,01t4w00000NumcQAAR
,MULTIPLE - TRANSPARENT,01t4w00000NumcRAAR
,NATURAL WOOD LOOKS,01t4w00000NumcSAAR
,BLACK,01t4w00000NumcTAAR
,MULTIPLE,01t4w00000NumcUAAR
,MULTIPLE,01t4w00000NumcVAAR
,MULTIPLE,01t4w00000NumcWAAR
,MULTIPLE - TRANSPARENT,01t4w00000NumcXAAR
,MULTIPLE,01t4w00000NumcYAAR
,MULTIPLE,01t4w00000NumcZAAR
GREEN+BLUE,GREEN+BLUE,01t4w00000NumcaAAB
,NATURAL WOOD LOOKS,01t4w00000NumcbAAB
,MULTIPLE,01t4w00000NumccAAB
,MULTIPLE,01t4w00000NumcdAAB
,MULTIPLE,01t4w00000NumceAAB
,MULTIPLE,01t4w00000NumcfAAB
,GREY,01t4w00000NumcgAAB
,GREY,01t4w00000NumchAAB
,BLUE AND WHITE,01t4w00000NumciAAB
,MULTIPLE,01t4w00000NumcjAAB
,MULTIPLE,01t4w00000NumckAAB
,MULTIPLE,01t4w00000NumclAAB
,MULTIPLE,01t4w00000NumcmAAB
,MULTIPLE,01t4w00000NumcnAAB
,GREY,01t4w00000NumcoAAB
,GREY,01t4w00000NumcpAAB
,GREY,01t4w00000NumcqAAB
,MULTIPLE,01t4w00000NumcrAAB
,MULTIPLE,01t4w00000NumcsAAB
,GREY,01t4w00000NumctAAB
,GREY,01t4w00000NumcuAAB
,MULTIPLE,01t4w00000NumcvAAB
,MULTIPLE,01t4w00000NumcwAAB
,MULTIPLE,01t4w00000NumcxAAB
,MULTIPLE,01t4w00000NumcyAAB
,MULTIPLE,01t4w00000NumczAAB
,MULTIPLE,01t4w00000Numd0AAB
,MULTIPLE,01t4w00000Numd1AAB
,WHITE,01t4w00000Numd2AAB
,MULTIPLE,01t4w00000Numd3AAB
,WHITE+NATURAL,01t4w00000Numd4AAB
,WHITE,01t4w00000Numd5AAB
,WHITE,01t4w00000Numd6AAB
,MULTIPLE,01t4w00000Numd7AAB
,MULTIPLE,01t4w00000Numd8AAB
,WHITE+NATURAL,01t4w00000Numd9AAB
,WHITE+NATURAL,01t4w00000NumdAAAR
,WHITE,01t4w00000NumdBAAR
,WHITE,01t4w00000NumdCAAR
,GREY,01t4w00000NumdDAAR
,BLACK,01t4w00000NumdEAAR
,WHITE,01t4w00000NumdFAAR
,MULTIPLE,01t4w00000NumdGAAR
,WHITE,01t4w00000NumdHAAR
,MULTIPLE,01t4w00000NumdIAAR
MULTIPLE,MULTIPLE,01t4w00000NumdJAAR
MULTIPLE,MULTIPLE,01t4w00000NumdKAAR
,WHITE,01t4w00000NumdLAAR
,WHITE,01t4w00000NumdMAAR
,WHITE+MENTA,01t4w00000NumdNAAR
,MULTIPLE,01t4w00000NumdOAAR
,ORANGE,01t4w00000NumdPAAR
MULTIPLE,MULTIPLE,01t4w00000NumdQAAR
,WHITE+BLACK,01t4w00000NumdRAAR
,WHITE,01t4w00000NumdSAAR
MULTIPLE,MULTIPLE,01t4w00000NumdTAAR
MULTIPLE,MULTIPLE,01t4w00000NumdUAAR
,WHITE,01t4w00000NumdVAAR
,WHITE,01t4w00000NumdWAAR
,WHITE,01t4w00000NumdXAAR
MULTIPLE,MULTIPLE,01t4w00000NumdYAAR
MULTIPLE,MULTIPLE,01t4w00000NumdZAAR
,BLACK,01t4w00000NumdaAAB
,WHITE,01t4w00000NumdbAAB
,BLACK,01t4w00000NumdcAAB
,BLACK,01t4w00000NumddAAB
,WHITE,01t4w00000NumdeAAB
MULTIPLE,MULTIPLE,01t4w00000NumdfAAB
,WHITE,01t4w00000NumdgAAB
,BLACK,01t4w00000NumdhAAB
,BLACK,01t4w00000NumdiAAB
,WHITE,01t4w00000NumdjAAB
,WHITE,01t4w00000NumdkAAB
,WHITE,01t4w00000NumdlAAB
MULTIPLE,MULTIPLE,01t4w00000NumdmAAB
,WHITE,01t4w00000NumdnAAB
MULTIPLE,MULTIPLE,01t4w00000NumdoAAB
,WHITE,01t4w00000NumdpAAB
,WHITE,01t4w00000NumdqAAB
,SILVER,01t4w00000NumdrAAB
,BROWN,01t4w00000NumdsAAB
,BLACK,01t4w00000NumdtAAB
,BLACK,01t4w00000NumduAAB
,COBRE,01t4w00000NumdvAAB
,GOLD,01t4w00000NumdwAAB
,MULTIPLE COLORES,01t4w00000NumdxAAB
MULTIPLE,MULTIPLE,01t4w00000NumdyAAB
,SILVER,01t4w00000NumdzAAB
,WHITE,01t4w00000Nume0AAB
,WHITE,01t4w00000Nume1AAB
,SILVER,01t4w00000Nume2AAB
,SILVER,01t4w00000Nume3AAB
,SILVER,01t4w00000Nume4AAB
MULTIPLE,MULTIPLE,01t4w00000Nume5AAB
MULTIPLE,MULTIPLE,01t4w00000Nume6AAB
MULTIPLE,MULTIPLE,01t4w00000Nume7AAB
,BLACK,01t4w00000Nume8AAB
MULTIPLE,MULTIPLE,01t4w00000Nume9AAB
MULTIPLE,MULTIPLE,01t4w00000NumeAAAR
,BLACK,01t4w00000NumeBAAR
,SILVER+BLACK,01t4w00000NumeCAAR
MULTIPLE,MULTIPLE,01t4w00000NumeDAAR
,WHITE,01t4w00000NumeEAAR
,WHITE,01t4w00000NumeFAAR
MULTIPLE,MULTIPLE,01t4w00000NumeGAAR
MULTIPLE,MULTIPLE,01t4w00000NumeHAAR
MULTIPLE,MULTIPLE,01t4w00000NumeIAAR
BROWN,BROWN,01t4w00000NumeJAAR
MULTIPLE,MULTIPLE,01t4w00000NumeKAAR
MULTIPLE,MULTIPLE,01t4w00000NumeLAAR
MULTIPLE,MULTIPLE,01t4w00000NumeMAAR
MULTIPLE,MULTIPLE,01t4w00000NumeNAAR
MULTIPLE,MULTIPLE,01t4w00000NumeOAAR
MULTIPLE,MULTIPLE,01t4w00000NumePAAR
MULTIPLE,MULTIPLE,01t4w00000NumeQAAR
MULTIPLE,MULTIPLE,01t4w00000NumeRAAR
MULTIPLE,MULTIPLE,01t4w00000NumeSAAR
MULTIPLE,MULTIPLE,01t4w00000NumeTAAR
MULTIPLE,MULTIPLE,01t4w00000NumeUAAR
MULTIPLE,MULTIPLE,01t4w00000NumeVAAR
MULTIPLE,MULTIPLE,01t4w00000NumeWAAR
MULTIPLE,MULTIPLE,01t4w00000NumeXAAR
MULTIPLE,MULTIPLE,01t4w00000NumeYAAR
MULTIPLE,MULTIPLE,01t4w00000NumeZAAR
MULTIPLE,MULTIPLE,01t4w00000NumeaAAB
,BLACK,01t4w00000NumebAAB
MULTIPLE,MULTIPLE,01t4w00000NumecAAB
MULTIPLE,MULTIPLE,01t4w00000NumedAAB
,MULTIPLE,01t4w00000NumeeAAB
,BLACK+WOOD,01t4w00000NumefAAB
,GREY+WHITE,01t4w00000NumegAAB
,WHITE+GREY,01t4w00000NumehAAB
,MULTIPLE,01t4w00000NumeiAAB
,WHITE+NATURAL,01t4w00000NumejAAB
,WHITE+GREY,01t4w00000NumekAAB
,BLACK+WHITE,01t4w00000NumelAAB
,BLACK+GREY,01t4w00000NumemAAB
,BLACK,01t4w00000NumenAAB
,NATURAL+WHITE,01t4w00000NumeoAAB
,GREY+NATURAL,01t4w00000NumepAAB
,NATURAL+GREY,01t4w00000NumeqAAB
,BLACK+WHITE,01t4w00000NumerAAB
,NATURAL+WHITE,01t4w00000NumesAAB
,WHITE,01t4w00000NumetAAB
,BLACK+WOOD,01t4w00000NumeuAAB
,WHITE+NATURAL,01t4w00000NumevAAB
,WHITE,01t4w00000NumewAAB
,WHITE,01t4w00000NumexAAB
,MULTIPLE,01t4w00000NumeyAAB
,BLUE,01t4w00000NumezAAB
,BLUE+MULTIPLE,01t4w00000Numf0AAB
,RED+YELLOW+BLUE,01t4w00000Numf2AAB
,BLUE+WHITE,01t4w00000Numf3AAB
,GREY+BLACK,01t4w00000Numf4AAB
,BLUE+WHITE,01t4w00000Numf5AAB
,BLUE,01t4w00000Numf6AAB
,BLACK,01t4w00000Numf7AAB
,BLACK+GREY,01t4w00000Numf8AAB
,BLUE,01t4w00000Numf9AAB
,BLUE+GREY,01t4w00000NumfAAAR
,RED,01t4w00000NumfBAAR
,GREY+YELLOW,01t4w00000NumfCAAR
,MULTIPLE,01t4w00000NumfDAAR
,MULTIPLE,01t4w00000NumfEAAR
,MULTIPLE,01t4w00000NumfFAAR
MULTIPLE COLORES,MULTIPLE COLORES,01t4w00000NumfGAAR
,BLUE,01t4w00000NumfHAAR
,AQUA,01t4w00000NumfIAAR
,CREAM,01t4w00000NumfJAAR
,BLACK,01t4w00000NumfKAAR
,RED,01t4w00000NumfLAAR
,BLACK,01t4w00000NumfMAAR
,ORANGE,01t4w00000NumfNAAR
,FLORES,01t4w00000NumfOAAR
,BLUE,01t4w00000NumfPAAR
,BLACK+WHITE,01t4w00000NumfQAAR
NATURAL &BEIGE,NATURAL &BEIGE,01t4w00000NumfRAAR
,CREAM,01t4w00000NumfSAAR
,MULTIPLE,01t4w00000NumfTAAR
,WHITE+BLUE,01t4w00000NumfUAAR
,GREEN+WHITE,01t4w00000NumfVAAR
WHITE & NATURAL,WHITE & NATURAL,01t4w00000NumfWAAR
BLACK+NATURAL,BLACK+NATURAL,01t4w00000NumfXAAR
BLACK,BLACK,01t4w00000NumfYAAR
,CREAM,01t4w00000NumfZAAR
,PINK,01t4w00000NumfaAAB
,GREEN,01t4w00000NumfbAAB
,GREEN,01t4w00000NumfcAAB
,BLUE,01t4w00000NumfdAAB
,YELLOW,01t4w00000NumfeAAB
BROWN,BROWN,01t4w00000NumffAAB
,GREEN+WHITE,01t4w00000NumfgAAB
,GREEN+PINK,01t4w00000NumfhAAB
,GREEN+RED+PINK+BLUE,01t4w00000NumfiAAB
,MULTIPLE,01t4w00000NumfjAAB
BLACK AND WOOD NATURAL,BLACK AND WOOD NATURAL,01t4w00000NumfkAAB
,GREEN+BLUE,01t4w00000NumflAAB
BLACK AND WOOD NATURAL,BLACK AND WOOD NATURAL,01t4w00000NumfmAAB
BLACK+NATURAL,BLACK+NATURAL,01t4w00000NumfnAAB
BLACK AND WOOD NATURAL,BLACK AND WOOD NATURAL,01t4w00000NumfoAAB
BLACK AND WOOD NATURAL,BLACK AND WOOD NATURAL,01t4w00000NumfpAAB
BLACK+NATURAL,BLACK+NATURAL,01t4w00000NumfqAAB
BLACK AND WOOD NATURAL,BLACK AND WOOD NATURAL,01t4w00000NumfrAAB
,MULTIPLE,01t4w00000NumfsAAB
,MULTIPLE,01t4w00000NumftAAB
,MULTIPLE,01t4w00000NumfuAAB
,MULTIPLE,01t4w00000NumfvAAB
BLACK AND WOOD NATURAL,BLACK AND WOOD NATURAL,01t4w00000NumfwAAB
BLACK AND WOOD NATURAL,BLACK AND WOOD NATURAL,01t4w00000NumfxAAB
BLACK+NATURAL,BLACK+NATURAL,01t4w00000NumfyAAB
GREY AND WOOD,GREY AND WOOD,01t4w00000NumfzAAB
BLACK AND WOOD NATURAL,BLACK AND WOOD NATURAL,01t4w00000Numg0AAB
BLACK AND WOOD NATURAL,BLACK AND WOOD NATURAL,01t4w00000Numg1AAB
BLACK AND WOOD NATURAL,BLACK AND WOOD NATURAL,01t4w00000Numg2AAB
BLACK AND WOOD,BLACK AND WOOD,01t4w00000Numg3AAB
GREY AND WOOD,GREY AND WOOD,01t4w00000Numg4AAB
GREY AND WOOD,GREY AND WOOD,01t4w00000Numg5AAB
BLACK AND WOOD,BLACK AND WOOD,01t4w00000Numg6AAB
WHITE AND BROWN,WHITE AND BROWN,01t4w00000Numg7AAB
WHITE AND BROWN,WHITE AND BROWN,01t4w00000Numg8AAB
WHITE AND BROWN,WHITE AND BROWN,01t4w00000Numg9AAB
BLACK,BLACK,01t4w00000NumgAAAR
BLACK,BLACK,01t4w00000NumgBAAR
GREY,GREY,01t4w00000NumgCAAR
BLACK,BLACK,01t4w00000NumgDAAR
BLACK,BLACK,01t4w00000NumgEAAR
BROWN,BROWN,01t4w00000NumgFAAR
BROWN,BROWN,01t4w00000NumgGAAR
BROWN,BROWN,01t4w00000NumgIAAR
MULTIPLE,MULTIPLE,01t4w00000NumgJAAR
MULTIPLE,MULTIPLE,01t4w00000NumgKAAR
GREY+WHITE,GREY+WHITE,01t4w00000NumgLAAR
GREY+WHITE,GREY+WHITE,01t4w00000NumgMAAR
GREY,GREY,01t4w00000NumgNAAR
MULTIPLE,MULTIPLE,01t4w00000NumgOAAR
MULTIPLE,MULTIPLE,01t4w00000NumgPAAR
MULTIPLE,MULTIPLE,01t4w00000NumgQAAR
MULTIPLE,MULTIPLE,01t4w00000NumgRAAR
MULTIPLE,MULTIPLE,01t4w00000NumgSAAR
MULTIPLE,MULTIPLE,01t4w00000NumgTAAR
MULTIPLE,MULTIPLE,01t4w00000NumgUAAR
MULTIPLE,MULTIPLE,01t4w00000NumgVAAR
MULTIPLE,MULTIPLE,01t4w00000NumgWAAR
MULTIPLE,MULTIPLE,01t4w00000NumgXAAR
MULTIPLE,MULTIPLE,01t4w00000NumgYAAR
MULTIPLE,MULTIPLE,01t4w00000NumgZAAR
,MULTIPLE,01t4w00000NumgaAAB
,MULTIPLE,01t4w00000NumgbAAB
,MULTIPLE,01t4w00000NumgcAAB
,MULTIPLE,01t4w00000NumgdAAB
,MULTIPLE,01t4w00000NumgeAAB
,MULTIPLE,01t4w00000NumgfAAB
,MULTIPLE,01t4w00000NumggAAB
,MULTIPLE,01t4w00000NumghAAB
,MULTIPLE,01t4w00000NumgiAAB
,MULTIPLE,01t4w00000NumgjAAB
,MULTIPLE,01t4w00000NumgkAAB
,MULTIPLE,01t4w00000NumglAAB
,MULTIPLE,01t4w00000NumgmAAB
,MULTIPLE,01t4w00000NumgnAAB
,MULTIPLE,01t4w00000NumgoAAB
,MULTIPLE,01t4w00000NumgpAAB
,MULTIPLE,01t4w00000NumgqAAB
,MULTIPLE,01t4w00000NumgrAAB
,MULTIPLE,01t4w00000NumgsAAB
,MULTIPLE,01t4w00000NumgtAAB
,MULTIPLE,01t4w00000NumguAAB
,MULTIPLE,01t4w00000NumgvAAB
,MULTIPLE,01t4w00000NumgwAAB
,MULTIPLE,01t4w00000NumgxAAB
,MULTIPLE,01t4w00000NumgyAAB
,MULTIPLE,01t4w00000NumgzAAB
,MULTIPLE,01t4w00000Numh0AAB
,MULTIPLE,01t4w00000Numh1AAB
MULTIPLE,MULTIPLE,01t4w00000Numh2AAB
,MULTIPLE,01t4w00000Numh3AAB
,MULTIPLE,01t4w00000Numh4AAB
,MULTIPLE,01t4w00000Numh5AAB
,MULTIPLE,01t4w00000Numh6AAB
,MULTIPLE,01t4w00000Numh7AAB
,MULTIPLE,01t4w00000Numh8AAB
,MULTIPLE,01t4w00000Numh9AAB
,MULTIPLE,01t4w00000NumhAAAR
,MULTIPLE,01t4w00000NumhBAAR
,MULTIPLE,01t4w00000NumhCAAR
,MULTIPLE,01t4w00000NumhDAAR
,MULTIPLE,01t4w00000NumhEAAR
,MULTIPLE,01t4w00000NumhFAAR
,MULTIPLE,01t4w00000NumhGAAR
,MULTIPLE,01t4w00000NumhHAAR
,MULTIPLE,01t4w00000NumhIAAR
,MULTIPLE,01t4w00000NumhJAAR
,MULTIPLE,01t4w00000NumhKAAR
,MULTIPLE,01t4w00000NumhLAAR
,MULTIPLE,01t4w00000NumhMAAR
,MULTIPLE,01t4w00000NumhNAAR
,MULTIPLE,01t4w00000NumhOAAR
,MULTIPLE,01t4w00000NumhPAAR
,MULTIPLE,01t4w00000NumhQAAR
,MULTIPLE,01t4w00000NumhRAAR
,MULTIPLE,01t4w00000NumhSAAR
,MULTIPLE,01t4w00000NumhTAAR
,MULTIPLE,01t4w00000NumhUAAR
,MULTIPLE,01t4w00000NumhVAAR
,BLACK+NATURAL,01t4w00000NumhWAAR
,BLACK AND WOOD NATURAL,01t4w00000NumhXAAR
,BLACK AND WOOD NATURAL,01t4w00000NumhYAAR
,MULTIPLE,01t4w00000NumhZAAR
,MULTIPLE,01t4w00000NumhaAAB
,MULTIPLE,01t4w00000NumhbAAB
,MULTIPLE,01t4w00000NumhcAAB
,MULTIPLE,01t4w00000NumhdAAB
,MULTIPLE,01t4w00000NumheAAB
,MULTIPLE,01t4w00000NumhfAAB
,MULTIPLE,01t4w00000NumhgAAB
,BLACK+NATURAL,01t4w00000NumhhAAB
,MULTIPLE,01t4w00000NumhiAAB
,MULTIPLE,01t4w00000NumhjAAB
,BLACK AND WOOD NATURAL,01t4w00000NumhkAAB
,BLACK AND WOOD NATURAL,01t4w00000NumhlAAB
,BLACK AND WOOD NATURAL,01t4w00000NumhmAAB
,BLACK AND WOOD NATURAL,01t4w00000NumhnAAB
,BLACK AND WOOD,01t4w00000NumhoAAB
,BLACK+NATURAL,01t4w00000NumhpAAB
,BLACK,01t4w00000NumhqAAB
,MULTIPLE,01t4w00000NumhrAAB
,MULTIPLE,01t4w00000NumhsAAB
,MULTIPLE,01t4w00000NumhtAAB
,BLACK+NATURAL,01t4w00000NumhuAAB
,BLACK AND WOOD NATURAL,01t4w00000NumhvAAB
,BLACK AND WOOD NATURAL,01t4w00000NumhwAAB
,BLACK AND WOOD NATURAL,01t4w00000NumhxAAB
,MULTIPLE,01t4w00000NumhyAAB
,MULTIPLE,01t4w00000NumhzAAB
,MULTIPLE,01t4w00000Numi0AAB
,MULTIPLE,01t4w00000Numi1AAB
MULTIPLE,MULTIPLE,01t4w00000Numi2AAB
,MULTIPLE,01t4w00000Numi3AAB
,MULTIPLE,01t4w00000Numi4AAB
,MULTIPLE,01t4w00000Numi5AAB
MULTIPLE,MULTIPLE,01t4w00000Numi6AAB
,BLACK AND WOOD NATURAL,01t4w00000Numi7AAB
,GREY AND WOOD,01t4w00000Numi8AAB
,WHITE AND BROWN,01t4w00000Numi9AAB
,MULTIPLE,01t4w00000NumiBAAR
,BLACK AND WOOD,01t4w00000NumiCAAR
,BLACK,01t4w00000NumiDAAR
,BROWN,01t4w00000NumiEAAR
,GREY,01t4w00000NumiFAAR
,GREY AND WOOD,01t4w00000NumiGAAR
,GREY AND WOOD,01t4w00000NumiHAAR
,BLACK,01t4w00000NumiIAAR
,MULTIPLE,01t4w00000NumiJAAR
,MULTIPLE,01t4w00000NumiKAAR
,MULTIPLE,01t4w00000NumiLAAR
,MULTIPLE,01t4w00000NumiMAAR
,WHITE AND BROWN,01t4w00000NumiNAAR
,WHITE AND BROWN,01t4w00000NumiOAAR
MULTIPLE,MULTIPLE,01t4w00000NumiPAAR
MULTIPLE,MULTIPLE,01t4w00000NumiQAAR
,MULTIPLE,01t4w00000NumiRAAR
,GREY,01t4w00000NumiSAAR
,BLACK,01t4w00000NumiTAAR
,MULTIPLE,01t4w00000NumiUAAR
,MULTIPLE,01t4w00000NumiVAAR
,BROWN,01t4w00000NumiWAAR
,MULTIPLE,01t4w00000NumiXAAR
,MULTIPLE,01t4w00000NumiYAAR
MULTIPLE,MULTIPLE,01t4w00000NumiZAAR
MULTIPLE,MULTIPLE,01t4w00000NumiaAAB
,GREY+WHITE,01t4w00000NumibAAB
,GREY+WHITE,01t4w00000NumicAAB
,MULTIPLE,01t4w00000NumidAAB
,MULTIPLE,01t4w00000NumieAAB
,MULTIPLE,01t4w00000NumifAAB
,MULTIPLE,01t4w00000NumigAAB
,MULTIPLE,01t4w00000NumihAAB
MULTIPLE,MULTIPLE,01t4w00000NumiiAAB
,MULTIPLE,01t4w00000NumijAAB
MULTIPLE,MULTIPLE,01t4w00000NumikAAB
MULTIPLE,MULTIPLE,01t4w00000NumilAAB
,MULTIPLE,01t4w00000NumimAAB
,MULTIPLE,01t4w00000NuminAAB
,MULTIPLE,01t4w00000NumioAAB
,BLACK,01t4w00000NumipAAB
,MULTIPLE,01t4w00000NumiqAAB
,MULTIPLE,01t4w00000NumirAAB
,MULTIPLE,01t4w00000NumisAAB
,MULTIPLE,01t4w00000NumitAAB
,MULTIPLE,01t4w00000NumivAAB
,MULTIPLE,01t4w00000NumiwAAB
,MULTIPLE,01t4w00000NumixAAB
,MULTIPLE,01t4w00000NumiyAAB
,BROWN,01t4w00000NumizAAB
,MULTIPLE,01t4w00000Numj0AAB
,MULTIPLE,01t4w00000Numj1AAB
,MULTIPLE,01t4w00000Numj2AAB
,MULTIPLE,01t4w00000Numj3AAB
,MULTIPLE,01t4w00000Numj4AAB
,WHITE & NATURAL,01t4w00000Numj5AAB
,NATURAL &BEIGE,01t4w00000Numj6AAB
,MULTIPLE COLORES,01t4w00000Numj7AAB
,NATURAL,01t4w00000NumjAAAR
,MULTIPLE COLORES,01t4w00000NumjBAAR
,BLACK,01t4w00000NumjCAAR
,GREY DARK & NATURAL,01t4w00000NumjDAAR
,NATURAL,01t4w00000NumjFAAR
,NATURAL,01t4w00000NumjGAAR
,NATURAL,01t4w00000NumjHAAR
,BROWN,01t4w00000NumjIAAR
MULTIPLE,MULTIPLE,01t4w00000NumjJAAR
MULTIPLE,MULTIPLE,01t4w00000NumjKAAR
MULTIPLE,MULTIPLE,01t4w00000NumjLAAR
MULTIPLE,MULTIPLE,01t4w00000NumjMAAR
MULTIPLE,MULTIPLE,01t4w00000NumjNAAR
MULTIPLE,MULTIPLE,01t4w00000NumjOAAR
MULTIPLE,MULTIPLE,01t4w00000NumjPAAR
MULTIPLE,MULTIPLE,01t4w00000NumjQAAR
MULTIPLE,MULTIPLE,01t4w00000NumjRAAR
MULTIPLE,MULTIPLE,01t4w00000NumjSAAR
BEIGE,BEIGE,01t4w00000NumjTAAR
WHITE+BLACK,WHITE+BLACK,01t4w00000NumjUAAR
WHITE+NATURAL,WHITE+NATURAL,01t4w00000NumjVAAR
BEIGE+NATURAL,BEIGE+NATURAL,01t4w00000NumjWAAR
BLACK+NATURAL,BLACK+NATURAL,01t4w00000NumjXAAR
GREEN+NATURAL,GREEN+NATURAL,01t4w00000NumjYAAR
GREY+BROWN,GREY+BROWN,01t4w00000NumjZAAR
GREY,GREY,01t4w00000NumjaAAB
GREY,GREY,01t4w00000NumjbAAB
MULTIPLE,MULTIPLE,01t4w00000NumjcAAB
GREY,GREY,01t4w00000NumjdAAB
WHITE,WHITE,01t4w00000NumjeAAB
WHITE,WHITE,01t4w00000NumjfAAB
NATURAL,NATURAL,01t4w00000NumjgAAB
BLACK,BLACK,01t4w00000NumjhAAB
BLACK,BLACK,01t4w00000NumjiAAB
WHITE,WHITE,01t4w00000NumjjAAB
GREY,GREY,01t4w00000NumjlAAB
GREY,GREY,01t4w00000NumjmAAB
BLACK,BLACK,01t4w00000NumjnAAB
BLACK,BLACK,01t4w00000NumjoAAB
WHITE,WHITE,01t4w00000NumjpAAB
WHITE,WHITE,01t4w00000NumjqAAB
BLACK,BLACK,01t4w00000NumjrAAB
BLACK,BLACK,01t4w00000NumjsAAB
WHITE,WHITE,01t4w00000NumjtAAB
WHITE,WHITE,01t4w00000NumjuAAB
BLACK,BLACK,01t4w00000NumjvAAB
BLACK+RED,BLACK+RED,01t4w00000NumjwAAB
BLACK,BLACK,01t4w00000NumjxAAB
BLACK,BLACK,01t4w00000NumjyAAB
WHITE,WHITE,01t4w00000NumjzAAB
BLACK,BLACK,01t4w00000Numk0AAB
NATURAL,NATURAL,01t4w00000Numk1AAB
NATURAL,NATURAL,01t4w00000Numk2AAB
NATURAL,NATURAL,01t4w00000Numk3AAB
NATURAL,NATURAL,01t4w00000Numk4AAB
NATURAL,NATURAL,01t4w00000Numk5AAB
NATURAL,NATURAL,01t4w00000Numk6AAB
CHOCOLATE,CHOCOLATE,01t4w00000Numk7AAB
CHOCOLATE,CHOCOLATE,01t4w00000Numk8AAB
CHOCOLATE,CHOCOLATE,01t4w00000Numk9AAB
CHOCOLATE,CHOCOLATE,01t4w00000NumkAAAR
CHOCOLATE,CHOCOLATE,01t4w00000NumkBAAR
NATURAL+GREY,NATURAL+GREY,01t4w00000NumkCAAR
NATURAL + GREY,NATURAL + GREY,01t4w00000NumkDAAR
PURPLE,PURPLE,01t4w00000NumkEAAR
NATURAL+GREY,NATURAL+GREY,01t4w00000NumkFAAR
WHITE+NATURAL,WHITE+NATURAL,01t4w00000NumkGAAR
WHITE,WHITE,01t4w00000NumkHAAR
NATURAL + GREY,NATURAL + GREY,01t4w00000NumkIAAR
NATURAL + GREY,NATURAL + GREY,01t4w00000NumkJAAR
WHITE,WHITE,01t4w00000NumkKAAR
PINK,PINK,01t4w00000NumkLAAR
WHITE,WHITE,01t4w00000NumkMAAR
GREY,GREY,01t4w00000NumkNAAR
WHITE,WHITE,01t4w00000NumkPAAR
NATURAL+GREY,NATURAL+GREY,01t4w00000NumkQAAR
PINK,PINK,01t4w00000NumkRAAR
WHITE,WHITE,01t4w00000NumkSAAR
GREY,GREY,01t4w00000NumkTAAR
PINK,PINK,01t4w00000NumkUAAR
BLUE,BLUE,01t4w00000NumkVAAR
PINK,PINK,01t4w00000NumkWAAR
PINK,PINK,01t4w00000NumkXAAR
,GREY,01t4w00000NumkYAAR
,GREY,01t4w00000NumkZAAR
,WHITE,01t4w00000NumkaAAB
,GREY,01t4w00000NumkbAAB
,WHITE,01t4w00000NumkcAAB
,BLACK,01t4w00000NumkdAAB
,BLACK+RED,01t4w00000NumkeAAB
,WHITE,01t4w00000NumkfAAB
,BLACK,01t4w00000NumkgAAB
,WHITE,01t4w00000NumkhAAB
,BEIGE,01t4w00000NumkiAAB
,WHITE+BLACK,01t4w00000NumkjAAB
,WHITE+NATURAL,01t4w00000NumkkAAB
,GREY,01t4w00000NumklAAB
,BLACK,01t4w00000NumkmAAB
,BLACK,01t4w00000NumknAAB
,BLACK,01t4w00000NumkoAAB
,WHITE,01t4w00000NumkpAAB
,BEIGE+NATURAL,01t4w00000NumkqAAB
,MULTIPLE,01t4w00000NumkrAAB
,WHITE,01t4w00000NumksAAB
MULTIPLE,MULTIPLE,01t4w00000NumktAAB
MULTIPLE,MULTIPLE,01t4w00000NumkuAAB
,WHITE,01t4w00000NumkvAAB
MULTIPLE,MULTIPLE,01t4w00000NumkwAAB
,BLACK,01t4w00000NumkxAAB
,BLACK+NATURAL,01t4w00000NumkyAAB
,BLACK,01t4w00000NumkzAAB
,BLACK,01t4w00000Numl0AAB
,BLACK,01t4w00000Numl1AAB
,BLACK,01t4w00000Numl2AAB
,GREEN+NATURAL,01t4w00000Numl3AAB
,GREY,01t4w00000Numl4AAB
MULTIPLE,MULTIPLE,01t4w00000Numl5AAB
MULTIPLE,MULTIPLE,01t4w00000Numl6AAB
,GREY+BROWN,01t4w00000Numl7AAB
,WHITE,01t4w00000Numl8AAB
MULTIPLE,MULTIPLE,01t4w00000Numl9AAB
MULTIPLE,MULTIPLE,01t4w00000NumlAAAR
MULTIPLE,MULTIPLE,01t4w00000NumlBAAR
MULTIPLE,MULTIPLE,01t4w00000NumlCAAR
MULTIPLE,MULTIPLE,01t4w00000NumlDAAR
MULTIPLE,MULTIPLE,01t4w00000NumlEAAR
MULTIPLE,MULTIPLE,01t4w00000NumlFAAR
MULTIPLE,MULTIPLE,01t4w00000NumlGAAR
PVC& ABS,PVC& ABS,01t4w00000NumlHAAR
MULTIPLE,MULTIPLE,01t4w00000NumlIAAR
MULTIPLE,MULTIPLE,01t4w00000NumlJAAR
MULTIPLE,MULTIPLE,01t4w00000NumlKAAR
MULTIPLE,MULTIPLE,01t4w00000NumlLAAR
,NATURAL,01t4w00000NumlMAAR
,NATURAL,01t4w00000NumlNAAR
,NATURAL,01t4w00000NumlOAAR
,NATURAL,01t4w00000NumlPAAR
MULTIPLE,MULTIPLE,01t4w00000NumlQAAR
MULTIPLE,MULTIPLE,01t4w00000NumlRAAR
,NATURAL,01t4w00000NumlSAAR
MULTIPLE,MULTIPLE,01t4w00000NumlTAAR
,CHOCOLATE,01t4w00000NumlUAAR
,CHOCOLATE,01t4w00000NumlVAAR
,WHITE,01t4w00000NumlWAAR
,CHOCOLATE,01t4w00000NumlXAAR
,NATURAL + GREY,01t4w00000NumlYAAR
,CHOCOLATE,01t4w00000NumlZAAR
,CHOCOLATE,01t4w00000NumlaAAB
,NATURAL + GREY,01t4w00000NumlbAAB
,NATURAL+GREY,01t4w00000NumlcAAB
,NATURAL+GREY,01t4w00000NumldAAB
,NATURAL + GREY,01t4w00000NumleAAB
,WHITE+NATURAL,01t4w00000NumlfAAB
,WHITE,01t4w00000NumlgAAB
,WHITE,01t4w00000NumlhAAB
WHITE,WHITE,01t4w00000NumliAAB
MULTIPLE,MULTIPLE,01t4w00000NumljAAB
MULTIPLE,MULTIPLE,01t4w00000NumlkAAB
MULTIPLE,MULTIPLE,01t4w00000NumllAAB
MULTIPLE,MULTIPLE,01t4w00000NumlmAAB
MULTIPLE,MULTIPLE,01t4w00000NumlnAAB
MULTIPLE,MULTIPLE,01t4w00000NumloAAB
MULTIPLE,MULTIPLE,01t4w00000NumlpAAB
MULTIPLE,MULTIPLE,01t4w00000NumlqAAB
MULTIPLE,MULTIPLE,01t4w00000NumlrAAB
MULTIPLE,MULTIPLE,01t4w00000NumlsAAB
MULTIPLE,MULTIPLE,01t4w00000NumltAAB
MULTIPLE,MULTIPLE,01t4w00000NumluAAB
MULTIPLE,MULTIPLE,01t4w00000NumlvAAB
MULTIPLE,MULTIPLE,01t4w00000NumlwAAB
MULTIPLE,MULTIPLE,01t4w00000NumlxAAB
MULTIPLE,MULTIPLE,01t4w00000NumlyAAB
MULTIPLE,MULTIPLE,01t4w00000NumlzAAB
MULTIPLE,MULTIPLE,01t4w00000Numm0AAB
MULTIPLE,MULTIPLE,01t4w00000Numm1AAB
MULTIPLE,MULTIPLE,01t4w00000Numm2AAB
MULTIPLE,MULTIPLE,01t4w00000Numm3AAB
MULTIPLE,MULTIPLE,01t4w00000Numm4AAB
MULTIPLE,MULTIPLE,01t4w00000Numm5AAB
MULTIPLE,MULTIPLE,01t4w00000Numm6AAB
MULTIPLE,MULTIPLE,01t4w00000Numm7AAB
MULTIPLE,MULTIPLE,01t4w00000Numm8AAB
MULTIPLE,MULTIPLE,01t4w00000Numm9AAB
MULTIPLE,MULTIPLE,01t4w00000NummAAAR
MULTIPLE,MULTIPLE,01t4w00000NummBAAR
MULTIPLE,MULTIPLE,01t4w00000NummCAAR
MULTIPLE,MULTIPLE,01t4w00000NummDAAR
MULTIPLE,MULTIPLE,01t4w00000NummEAAR
MULTIPLE,MULTIPLE,01t4w00000NummFAAR
MULTIPLE,MULTIPLE,01t4w00000NummGAAR
MULTIPLE,MULTIPLE,01t4w00000NummHAAR
MULTIPLE,MULTIPLE,01t4w00000NummIAAR
MULTIPLE,MULTIPLE,01t4w00000NummJAAR
,MULTIPLE,01t4w00000NummKAAR
,MULTIPLE,01t4w00000NummLAAR
,MULTIPLE,01t4w00000NummMAAR
,MULTIPLE,01t4w00000NummNAAR
,MULTIPLE,01t4w00000NummOAAR
,MULTIPLE,01t4w00000NummPAAR
,MULTIPLE,01t4w00000NummQAAR
,MULTIPLE,01t4w00000NummRAAR
,MULTIPLE,01t4w00000NummSAAR
,MULTIPLE,01t4w00000NummTAAR
,MULTIPLE,01t4w00000NummUAAR
,MULTIPLE,01t4w00000NummVAAR
,MULTIPLE,01t4w00000NummWAAR
,MULTIPLE,01t4w00000NummXAAR
,MULTIPLE,01t4w00000NummYAAR
,MULTIPLE,01t4w00000NummZAAR
,MULTIPLE,01t4w00000NummaAAB
,MULTIPLE,01t4w00000NummbAAB
,MULTIPLE,01t4w00000NummcAAB
,MULTIPLE,01t4w00000NummdAAB
,MULTIPLE,01t4w00000NummeAAB
,MULTIPLE,01t4w00000NummfAAB
WOOD,WOOD,01t4w00000NummgAAB
WOOD,WOOD,01t4w00000NummhAAB
WOOD,WOOD,01t4w00000NummiAAB
WOOD,WOOD,01t4w00000NummjAAB
WOOD,WOOD,01t4w00000NummkAAB
WOOD,WOOD,01t4w00000NummlAAB
WOOD,WOOD,01t4w00000NummmAAB
WOOD,WOOD,01t4w00000NummnAAB
WOOD,WOOD,01t4w00000NummoAAB
WOOD,WOOD,01t4w00000NummpAAB
WOOD,WOOD,01t4w00000NummqAAB
WOOD,WOOD,01t4w00000NummrAAB
MULTIPLE,MULTIPLE,01t4w00000NummsAAB
MULTIPLE,MULTIPLE,01t4w00000NummtAAB
MULTIPLE,MULTIPLE,01t4w00000NummuAAB
MULTIPLE,MULTIPLE,01t4w00000NummvAAB
MULTIPLE,MULTIPLE,01t4w00000NummwAAB
MULTIPLE,MULTIPLE,01t4w00000NummxAAB
MULTIPLE,MULTIPLE,01t4w00000NummyAAB
MULTIPLE,MULTIPLE,01t4w00000NummzAAB
WHITE,WHITE,01t4w00000Numn0AAB
MULTIPLE,MULTIPLE,01t4w00000Numn1AAB
MULTIPLE,MULTIPLE,01t4w00000Numn2AAB
MULTIPLE,MULTIPLE,01t4w00000Numn3AAB
MULTIPLE,MULTIPLE,01t4w00000Numn4AAB
WHITE,WHITE,01t4w00000Numn5AAB
WHITE,WHITE,01t4w00000Numn6AAB
MULTIPLE,MULTIPLE,01t4w00000Numn7AAB
CHOCOLATE + FAUX MARBLE,CHOCOLATE + FAUX MARBLE,01t4w00000Numn8AAB
CHOCOLATE + FAUX MARBLE,CHOCOLATE + FAUX MARBLE,01t4w00000Numn9AAB
NATURAL+WHITE,NATURAL+WHITE,01t4w00000NumnAAAR
NATURAL+WHITE,NATURAL+WHITE,01t4w00000NumnBAAR
MULTIPLE,MULTIPLE,01t4w00000NumnCAAR
MULTIPLE,MULTIPLE,01t4w00000NumnDAAR
MULTIPLE,MULTIPLE,01t4w00000NumnEAAR
MULTIPLE,MULTIPLE,01t4w00000NumnFAAR
NATURAL+GREY,NATURAL+GREY,01t4w00000NumnGAAR
MULTIPLE,MULTIPLE,01t4w00000NumnHAAR
MULTIPLE,MULTIPLE,01t4w00000NumnIAAR
NATURAL + GREY,NATURAL + GREY,01t4w00000NumnKAAR
MULTIPLE,MULTIPLE,01t4w00000NumnLAAR
NATURAL + GREY,NATURAL + GREY,01t4w00000NumnMAAR
NATURAL+BLACK,NATURAL+BLACK,01t4w00000NumnNAAR
MULTIPLE,MULTIPLE,01t4w00000NumnOAAR
MULTIPLE,MULTIPLE,01t4w00000NumnPAAR
NATURAL + GREY,NATURAL + GREY,01t4w00000NumnQAAR
MULTIPLE,MULTIPLE,01t4w00000NumnRAAR
MULTIPLE,MULTIPLE,01t4w00000NumnSAAR
MULTIPLE,MULTIPLE,01t4w00000NumnTAAR
MULTIPLE,MULTIPLE,01t4w00000NumnUAAR
MULTIPLE,MULTIPLE,01t4w00000NumnWAAR
MULTIPLE,MULTIPLE,01t4w00000NumnXAAR
MULTIPLE,MULTIPLE,01t4w00000NumnYAAR
MULTIPLE,MULTIPLE,01t4w00000NumnZAAR
MULTIPLE,MULTIPLE,01t4w00000NumnaAAB
NATURAL + GREY,NATURAL + GREY,01t4w00000NumnbAAB
NATURAL,NATURAL,01t4w00000NumncAAB
NATURAL,NATURAL,01t4w00000NumndAAB
NATURAL,NATURAL,01t4w00000NumneAAB
NATURAL,NATURAL,01t4w00000NumnfAAB
NATURAL,NATURAL,01t4w00000NumngAAB
NATURAL,NATURAL,01t4w00000NumnhAAB
NATURAL,NATURAL,01t4w00000NumniAAB
NATURAL,NATURAL,01t4w00000NumnjAAB
NATURAL,NATURAL,01t4w00000NumnkAAB
NATURAL,NATURAL,01t4w00000NumnlAAB
BLACK,BLACK,01t4w00000NumnmAAB
NATURAL,NATURAL,01t4w00000NumnnAAB
BLACK,BLACK,01t4w00000NumnoAAB
NATURAL,NATURAL,01t4w00000NumnpAAB
NATURAL,NATURAL,01t4w00000NumnqAAB
BLACK,BLACK,01t4w00000NumnrAAB
NATURAL,NATURAL,01t4w00000NumnsAAB
NATURAL,NATURAL,01t4w00000NumntAAB
BLACK,BLACK,01t4w00000NumnuAAB
NATURAL,NATURAL,01t4w00000NumnvAAB
NATURAL,NATURAL,01t4w00000NumnwAAB
MULTIPLE COLORES,MULTIPLE COLORES,01t4w00000NumnxAAB
NATURAL,NATURAL,01t4w00000NumnyAAB
CHOCOLATE,CHOCOLATE,01t4w00000NumnzAAB
MULTIPLE,MULTIPLE,01t4w00000Numo0AAB
MULTIPLE COLORES,MULTIPLE COLORES,01t4w00000Numo1AAB
MULTIPLE COLORES,MULTIPLE COLORES,01t4w00000Numo2AAB
MULTIPLE,MULTIPLE,01t4w00000Numo3AAB
MULTIPLE,MULTIPLE,01t4w00000Numo4AAB
MULTIPLE COLORES,MULTIPLE COLORES,01t4w00000Numo5AAB
MULTIPLE,MULTIPLE,01t4w00000Numo6AAB
MULTIPLE,MULTIPLE,01t4w00000Numo7AAB
MULTIPLE,MULTIPLE,01t4w00000Numo8AAB
MULTIPLE,MULTIPLE,01t4w00000Numo9AAB
MULTIPLE,MULTIPLE,01t4w00000NumoAAAR
MULTIPLE,MULTIPLE,01t4w00000NumoBAAR
MULTIPLE,MULTIPLE,01t4w00000NumoCAAR
,MULTIPLE,01t4w00000NumoDAAR
,MULTIPLE,01t4w00000NumoEAAR
,MULTIPLE,01t4w00000NumoFAAR
SILVER,SILVER,01t4w00000NumoGAAR
,MULTIPLE,01t4w00000NumoHAAR
,MULTIPLE,01t4w00000NumoIAAR
,MULTIPLE,01t4w00000NumoJAAR
,MULTIPLE,01t4w00000NumoKAAR
,MULTIPLE,01t4w00000NumoLAAR
MULTIPLE COLORES,MULTIPLE COLORES,01t4w00000NumoMAAR
,MULTIPLE,01t4w00000NumoNAAR
,MULTIPLE,01t4w00000NumoOAAR
,PVC& ABS,01t4w00000NumoPAAR
BLACK+SILVER,BLACK+SILVER,01t4w00000NumoQAAR
,MULTIPLE,01t4w00000NumoRAAR
,MULTIPLE,01t4w00000NumoSAAR
,MULTIPLE,01t4w00000NumoTAAR
,MULTIPLE,01t4w00000NumoUAAR
,MULTIPLE,01t4w00000NumoVAAR
,MULTIPLE,01t4w00000NumoWAAR
,MULTIPLE,01t4w00000NumoXAAR
,MULTIPLE,01t4w00000NumoYAAR
MULTIPLE,MULTIPLE,01t4w00000NumoZAAR
MULTIPLE COLORES,MULTIPLE COLORES,01t4w00000NumoaAAB
MULTIPLE COLORES,MULTIPLE COLORES,01t4w00000NumobAAB
MULTIPLE,MULTIPLE,01t4w00000NumocAAB
,WHITE,01t4w00000NumodAAB
,WHITE,01t4w00000NumoeAAB
MULTIPLE,MULTIPLE,01t4w00000NumofAAB
,WHITE,01t4w00000NumogAAB
,CHOCOLATE + FAUX MARBLE,01t4w00000NumohAAB
,CHOCOLATE + FAUX MARBLE,01t4w00000NumoiAAB
,NATURAL + GREY,01t4w00000NumojAAB
,MULTIPLE,01t4w00000NumokAAB
,MULTIPLE,01t4w00000NumolAAB
,NATURAL+WHITE,01t4w00000NumomAAB
,NATURAL+WHITE,01t4w00000NumonAAB
,NATURAL+GREY,01t4w00000NumooAAB
,NATURAL,01t4w00000NumopAAB
,NATURAL,01t4w00000NumoqAAB
,NATURAL,01t4w00000NumorAAB
,MULTIPLE,01t4w00000NumosAAB
,NATURAL + GREY,01t4w00000NumotAAB
,NATURAL+BLACK,01t4w00000NumouAAB
,NATURAL + GREY,01t4w00000NumovAAB
,MULTIPLE,01t4w00000NumowAAB
,MULTIPLE,01t4w00000NumoxAAB
MULTIPLE,MULTIPLE,01t4w00000NumoyAAB
,MULTIPLE,01t4w00000NumozAAB
,MULTIPLE,01t4w00000Nump0AAB
,MULTIPLE,01t4w00000Nump1AAB
,MULTIPLE,01t4w00000Nump2AAB
,MULTIPLE,01t4w00000Nump3AAB
,NATURAL,01t4w00000Nump4AAB
,NATURAL,01t4w00000Nump5AAB
,NATURAL,01t4w00000Nump6AAB
,MULTIPLE,01t4w00000Nump7AAB
,MULTIPLE,01t4w00000Nump8AAB
,MULTIPLE,01t4w00000Nump9AAB
,NATURAL,01t4w00000NumpAAAR
,NATURAL,01t4w00000NumpBAAR
,NATURAL,01t4w00000NumpCAAR
,NATURAL,01t4w00000NumpDAAR
,NATURAL,01t4w00000NumpEAAR
,NATURAL,01t4w00000NumpFAAR
,MULTIPLE,01t4w00000NumpGAAR
,MULTIPLE,01t4w00000NumpHAAR
,MULTIPLE,01t4w00000NumpIAAR
,MULTIPLE,01t4w00000NumpJAAR
,MULTIPLE,01t4w00000NumpKAAR
,MULTIPLE,01t4w00000NumpLAAR
MULTIPLE,MULTIPLE,01t4w00000NumpMAAR
,NATURAL,01t4w00000NumpNAAR
,NATURAL,01t4w00000NumpOAAR
,MULTIPLE,01t4w00000NumpPAAR
,NATURAL,01t4w00000NumpQAAR
,MULTIPLE,01t4w00000NumpRAAR
MULTIPLE,MULTIPLE,01t4w00000NumpSAAR
MULTIPLE,MULTIPLE,01t4w00000NumpTAAR
MULTIPLE,MULTIPLE,01t4w00000NumpUAAR
MULTIPLE,MULTIPLE,01t4w00000NumpVAAR
MULTIPLE,MULTIPLE,01t4w00000NumpWAAR
,BLACK,01t4w00000NumpXAAR
,MULTIPLE,01t4w00000NumpYAAR
MULTIPLE,MULTIPLE,01t4w00000NumpZAAR
MULTIPLE,MULTIPLE,01t4w00000NumpaAAB
MULTIPLE,MULTIPLE,01t4w00000NumpbAAB
,MULTIPLE,01t4w00000NumpcAAB
MULTIPLE,MULTIPLE,01t4w00000NumpdAAB
,MULTIPLE,01t4w00000NumpeAAB
MULTIPLE,MULTIPLE,01t4w00000NumpfAAB
,MULTIPLE,01t4w00000NumpgAAB
,MULTIPLE,01t4w00000NumphAAB
MULTIPLE,MULTIPLE,01t4w00000NumpiAAB
,NATURAL,01t4w00000NumpjAAB
,NATURAL,01t4w00000NumpkAAB
,NATURAL,01t4w00000NumplAAB
MULTIPLE,MULTIPLE,01t4w00000NumpmAAB
,MULTIPLE,01t4w00000NumpnAAB
,MULTIPLE,01t4w00000NumpoAAB
MULTIPLE,MULTIPLE,01t4w00000NumppAAB
,MULTIPLE,01t4w00000NumpqAAB
,MULTIPLE,01t4w00000NumprAAB
MULTIPLE,MULTIPLE,01t4w00000NumpsAAB
,MULTIPLE,01t4w00000NumptAAB
,CHOCOLATE,01t4w00000NumpuAAB
MULTIPLE,MULTIPLE,01t4w00000NumpvAAB
,MULTIPLE,01t4w00000NumpwAAB
,MULTIPLE,01t4w00000NumpxAAB
,MULTIPLE,01t4w00000NumpyAAB
MULTIPLE,MULTIPLE,01t4w00000NumpzAAB
MULTIPLE,MULTIPLE,01t4w00000Numq0AAB
MULTIPLE,MULTIPLE,01t4w00000Numq1AAB
,MULTIPLE,01t4w00000Numq2AAB
MULTIPLE,MULTIPLE,01t4w00000Numq3AAB
MULTIPLE,MULTIPLE,01t4w00000Numq4AAB
MULTIPLE,MULTIPLE,01t4w00000Numq5AAB
MULTIPLE,MULTIPLE,01t4w00000Numq6AAB
MULTIPLE,MULTIPLE,01t4w00000Numq7AAB
MULTIPLE,MULTIPLE,01t4w00000Numq8AAB
,NATURAL + GREY,01t4w00000Numq9AAB
,MULTIPLE,01t4w00000NumqAAAR
,MULTIPLE,01t4w00000NumqBAAR
MULTIPLE,MULTIPLE,01t4w00000NumqCAAR
,MULTIPLE,01t4w00000NumqDAAR
MULTIPLE,MULTIPLE,01t4w00000NumqEAAR
MULTIPLE,MULTIPLE,01t4w00000NumqFAAR
,MULTIPLE,01t4w00000NumqGAAR
,MULTIPLE,01t4w00000NumqHAAR
,MULTIPLE,01t4w00000NumqIAAR
,MULTIPLE,01t4w00000NumqJAAR
MULTIPLE,MULTIPLE,01t4w00000NumqKAAR
MULTIPLE,MULTIPLE,01t4w00000NumqLAAR
MULTIPLE,MULTIPLE,01t4w00000NumqMAAR
,MULTIPLE,01t4w00000NumqNAAR
MULTIPLE,MULTIPLE,01t4w00000NumqOAAR
MULTIPLE,MULTIPLE,01t4w00000NumqPAAR
,MULTIPLE,01t4w00000NumqQAAR
,MULTIPLE,01t4w00000NumqRAAR
,MULTIPLE,01t4w00000NumqSAAR
,MULTIPLE,01t4w00000NumqTAAR
,MULTIPLE,01t4w00000NumqUAAR
MULTIPLE,MULTIPLE,01t4w00000NumqVAAR
,MULTIPLE,01t4w00000NumqWAAR
,MULTIPLE,01t4w00000NumqXAAR
,MULTIPLE,01t4w00000NumqYAAR
,MULTIPLE,01t4w00000NumqZAAR
,MULTIPLE,01t4w00000NumqaAAB
,MULTIPLE,01t4w00000NumqbAAB
MULTIPLE,MULTIPLE,01t4w00000NumqcAAB
,MULTIPLE,01t4w00000NumqdAAB
,MULTIPLE,01t4w00000NumqeAAB
MULTIPLE,MULTIPLE,01t4w00000NumqfAAB
MULTIPLE,MULTIPLE,01t4w00000NumqgAAB
MULTIPLE,MULTIPLE,01t4w00000NumqhAAB
,MULTIPLE,01t4w00000NumqiAAB
,MULTIPLE,01t4w00000NumqjAAB
,MULTIPLE,01t4w00000NumqkAAB
,MULTIPLE,01t4w00000NumqlAAB
,MULTIPLE,01t4w00000NumqmAAB
,MULTIPLE,01t4w00000NumqnAAB
,MULTIPLE,01t4w00000NumqoAAB
,MULTIPLE,01t4w00000NumqpAAB
,MULTIPLE,01t4w00000NumqqAAB
,MULTIPLE,01t4w00000NumqrAAB
,MULTIPLE,01t4w00000NumqsAAB
,MULTIPLE,01t4w00000NumqtAAB
,MULTIPLE,01t4w00000NumquAAB
,MULTIPLE,01t4w00000NumqvAAB
,MULTIPLE,01t4w00000NumqwAAB
MULTIPLE,MULTIPLE,01t4w00000NumqxAAB
MULTIPLE,MULTIPLE,01t4w00000NumqyAAB
,MULTIPLE,01t4w00000NumqzAAB
,MULTIPLE,01t4w00000Numr0AAB
,MULTIPLE,01t4w00000Numr1AAB
,MULTIPLE,01t4w00000Numr2AAB
,MULTIPLE,01t4w00000Numr3AAB
,MULTIPLE,01t4w00000Numr4AAB
,MULTIPLE,01t4w00000Numr5AAB
,MULTIPLE,01t4w00000Numr6AAB
,MULTIPLE,01t4w00000Numr7AAB
,MULTIPLE,01t4w00000Numr8AAB
,MULTIPLE,01t4w00000Numr9AAB
,MULTIPLE,01t4w00000NumrAAAR
,MULTIPLE,01t4w00000NumrBAAR
,MULTIPLE,01t4w00000NumrCAAR
,MULTIPLE,01t4w00000NumrDAAR
,MULTIPLE,01t4w00000NumrEAAR
,MULTIPLE,01t4w00000NumrFAAR
,MULTIPLE,01t4w00000NumrGAAR
,MULTIPLE,01t4w00000NumrHAAR
,MULTIPLE,01t4w00000NumrIAAR
,MULTIPLE,01t4w00000NumrJAAR
,MULTIPLE,01t4w00000NumrKAAR
,MULTIPLE,01t4w00000NumrLAAR
,MULTIPLE,01t4w00000NumrMAAR
,WOOD,01t4w00000NumrNAAR
,MULTIPLE,01t4w00000NumrOAAR
,MULTIPLE,01t4w00000NumrPAAR
,MULTIPLE,01t4w00000NumrQAAR
,MULTIPLE,01t4w00000NumrRAAR
,MULTIPLE,01t4w00000NumrSAAR
,MULTIPLE,01t4w00000NumrTAAR
,MULTIPLE,01t4w00000NumrUAAR
,MULTIPLE,01t4w00000NumrVAAR
,MULTIPLE,01t4w00000NumrWAAR
,MULTIPLE,01t4w00000NumrXAAR
,MULTIPLE,01t4w00000NumrYAAR
,MULTIPLE,01t4w00000NumrZAAR
,MULTIPLE,01t4w00000NumraAAB
,MULTIPLE,01t4w00000NumrbAAB
,MULTIPLE,01t4w00000NumrcAAB
,MULTIPLE,01t4w00000NumrdAAB
,MULTIPLE,01t4w00000NumreAAB
,MULTIPLE,01t4w00000NumrfAAB
,MULTIPLE,01t4w00000NumrgAAB
,MULTIPLE,01t4w00000NumrhAAB
,MULTIPLE,01t4w00000NumriAAB
,MULTIPLE,01t4w00000NumrjAAB
,MULTIPLE,01t4w00000NumrkAAB
,MULTIPLE,01t4w00000NumrlAAB
,MULTIPLE,01t4w00000NumrmAAB
,MULTIPLE,01t4w00000NumrnAAB
,MULTIPLE,01t4w00000NumroAAB
,SILVER,01t4w00000NumrpAAB
,MULTIPLE COLORES,01t4w00000NumrqAAB
,BLACK+SILVER,01t4w00000NumrrAAB
,MULTIPLE COLORES,01t4w00000NumrsAAB
,MULTIPLE COLORES,01t4w00000NumrtAAB
,BLACK,01t4w00000NumruAAB
,BLACK,01t4w00000NumrvAAB
,BLACK,01t4w00000NumrwAAB
,MULTIPLE COLORES,01t4w00000NumrxAAB
,MULTIPLE COLORES,01t4w00000NumryAAB
,MULTIPLE COLORES,01t4w00000NumrzAAB
,MULTIPLE COLORES,01t4w00000Nums0AAB
,PURPLE,01t4w00000Nums1AAB
,GREY,01t4w00000Nums2AAB
,MULTIPLE,01t4w00000Nums3AAB
NATURAL,NATURAL,01t4w00000NumsEAAR
BLACK+NATURAL,BLACK+NATURAL,01t4w00000NumsGAAR
GREY+NATURAL,GREY+NATURAL,01t4w00000NumsPAAR
BEIGE+NATURAL,BEIGE+NATURAL,01t4w00000NumsQAAR
CHOCOLATE,CHOCOLATE,01t4w00000NumsVAAR
NATURAL,NATURAL,01t4w00000NumsWAAR
WHITE+NATURAL,WHITE+NATURAL,01t4w00000NumsXAAR
WHITE,WHITE,01t4w00000NumsmAAB
WHITE,WHITE,01t4w00000NumsnAAB
MULTIPLE COLORES,MULTIPLE COLORES,01t4w00000NumswAAB
SILVER,SILVER,01t4w00000Numt3AAB
WHITE,WHITE,01t4w00000NumtFAAR
ORANGE,ORANGE,01t4w00000NumtGAAR
MULTIPLE,MULTIPLE,01t4w00000NumtTAAR
MULTIPLE,MULTIPLE,01t4w00000NumtUAAR
MULTIPLE,MULTIPLE,01t4w00000NumtVAAR
MULTIPLE,MULTIPLE,01t4w00000NumtXAAR
MULTIPLE,MULTIPLE,01t4w00000NumtYAAR
MULTIPLE,MULTIPLE,01t4w00000NumtZAAR
MULTIPLE,MULTIPLE,01t4w00000NumtaAAB
MULTIPLE,MULTIPLE,01t4w00000NumtbAAB
MULTIPLE,MULTIPLE,01t4w00000NumtcAAB
MULTIPLE,MULTIPLE,01t4w00000NumtdAAB
MULTIPLE,MULTIPLE,01t4w00000NumteAAB
MULTIPLE,MULTIPLE,01t4w00000NumtfAAB
NATURAL,NATURAL,01t4w00000NumtgAAB
NATURAL+WHITE,NATURAL+WHITE,01t4w00000NumthAAB
NATURAL+WHITE,NATURAL+WHITE,01t4w00000NumtiAAB
MULTIPLE,MULTIPLE,01t4w00000NumtjAAB
NATURAL+WHITE,NATURAL+WHITE,01t4w00000NumtkAAB
NATURAL+WHITE,NATURAL+WHITE,01t4w00000NumtlAAB
NATURAL+WHITE,NATURAL+WHITE,01t4w00000NumtmAAB
MULTIPLE,MULTIPLE,01t4w00000NumtnAAB
MULTIPLE,MULTIPLE,01t4w00000NumtoAAB
NATURAL+WHITE,NATURAL+WHITE,01t4w00000NumtpAAB
MULTIPLE,MULTIPLE,01t4w00000NumtqAAB
MULTIPLE,MULTIPLE,01t4w00000NumtrAAB
NATURAL+WHITE,NATURAL+WHITE,01t4w00000NumtsAAB
NATURAL+WHITE,NATURAL+WHITE,01t4w00000NumttAAB
NATURAL+WHITE,NATURAL+WHITE,01t4w00000NumtuAAB
ORANGE,ORANGE,01t4w00000NumtvAAB
ORANGE,ORANGE,01t4w00000NumtwAAB
NATURAL+GREY,NATURAL+GREY,01t4w00000NumtxAAB
NATURAL,NATURAL,01t4w00000NumtyAAB
NATURAL,NATURAL,01t4w00000NumtzAAB
WHITE+BLACK,WHITE+BLACK,01t4w00000Numu0AAB
CHOCOLATE,CHOCOLATE,01t4w00000Numu1AAB
NATURAL,NATURAL,01t4w00000Numu2AAB
CHOCOLATE,CHOCOLATE,01t4w00000Numu3AAB
CHOCOLATE,CHOCOLATE,01t4w00000Numu4AAB
FAUX MARBLE,FAUX MARBLE,01t4w00000Numu5AAB
FAUX CEMENT,FAUX CEMENT,01t4w00000Numu6AAB
FAUX CEMENT,FAUX CEMENT,01t4w00000Numu7AAB
WHITE / GREY,WHITE / GREY,01t4w00000Numu8AAB
MULTIPLE,MULTIPLE,01t4w00000Numu9AAB
FAUX MARBLE,FAUX MARBLE,01t4w00000NumuAAAR
WHITE+GREY,WHITE+GREY,01t4w00000NumuBAAR
GREY,GREY,01t4w00000NumuCAAR
MULTIPLE,MULTIPLE,01t4w00000NumuDAAR
YELLOW,YELLOW,01t4w00000NumuEAAR
MULTIPLE,MULTIPLE,01t4w00000NumuFAAR
MULTIPLE,MULTIPLE,01t4w00000NumuGAAR
ORANGE,ORANGE,01t4w00000NumuHAAR
ORANGE,ORANGE,01t4w00000NumuIAAR
ORANGE,ORANGE,01t4w00000NumuJAAR
ORANGE,ORANGE,01t4w00000NumuKAAR
CHOCOLATE,CHOCOLATE,01t4w00000NumuLAAR
BLUE,BLUE,01t4w00000NumuMAAR
MULTIPLE COLORES,MULTIPLE COLORES,01t4w00000NumuNAAR
WHITE,WHITE,01t4w00000NumuOAAR
NATURAL,NATURAL,01t4w00000NumuPAAR
BLUE,BLUE,01t4w00000NumuQAAR
MULTIPLE COLORES,MULTIPLE COLORES,01t4w00000NumuRAAR
CHOCOLATE,CHOCOLATE,01t4w00000NumuSAAR
WHITE,WHITE,01t4w00000NumuTAAR
BLACK,BLACK,01t4w00000NumuUAAR
CHOCOLATE,CHOCOLATE,01t4w00000NumuVAAR
WHITE+GREY,WHITE+GREY,01t4w00000NumuWAAR
NATURAL,NATURAL,01t4w00000NumuXAAR
NATURAL,NATURAL,01t4w00000NumuYAAR
MULTIPLE,MULTIPLE,01t4w00000NumuZAAR
WHITE,WHITE,01t4w00000NumuaAAB
FAUX MARBLE,FAUX MARBLE,01t4w00000NumubAAB
NATURAL+BLACK,NATURAL+BLACK,01t4w00000NumucAAB
BROWN,BROWN,01t4w00000NumudAAB
BROWN,BROWN,01t4w00000NumueAAB
WHITE+NATURAL,WHITE+NATURAL,01t4w00000NumufAAB
NATURAL,NATURAL,01t4w00000NumugAAB
WHITE + BLACK,WHITE + BLACK,01t4w00000NumuhAAB
NATURAL,NATURAL,01t4w00000NumuiAAB
NATURAL,NATURAL,01t4w00000NumujAAB
NATURAL+BLACK,NATURAL+BLACK,01t4w00000NumukAAB
NATURAL+BLACK,NATURAL+BLACK,01t4w00000NumulAAB
BLACK + NATURAL,BLACK + NATURAL,01t4w00000NumumAAB
NATURAL+BLACK,NATURAL+BLACK,01t4w00000NumunAAB
NATURAL+BLACK,NATURAL+BLACK,01t4w00000NumuoAAB
NATURAL+BLACK,NATURAL+BLACK,01t4w00000NumupAAB
MULTIPLE,MULTIPLE,01t4w00000NumuqAAB
NATURAL+BLACK,NATURAL+BLACK,01t4w00000NumurAAB
NATURAL+BLACK,NATURAL+BLACK,01t4w00000NumusAAB
WHITE,WHITE,01t4w00000NumutAAB
NATURAL + BLACK,NATURAL + BLACK,01t4w00000NumuwAAB
,WHITE,01t4w00000NumuxAAB
,ORANGE,01t4w00000Numv7AAB
,ORANGE,01t4w00000Numv8AAB
,BLUE,01t4w00000Numv9AAB
MULTIPLE,MULTIPLE,01t4w00000NumvAAAR
YELLOW+WHITE,YELLOW+WHITE,01t4w00000NumvBAAR
,ORANGE,01t4w00000NumvCAAR
,ORANGE,01t4w00000NumvDAAR
,ORANGE,01t4w00000NumvFAAR
,BLUE,01t4w00000NumvGAAR
NATURAL+BLACK,NATURAL+BLACK,01t4w00000NumvHAAR
,ORANGE,01t4w00000NumvIAAR
,ORANGE,01t4w00000NumvLAAR
NATURAL + WHITE,NATURAL + WHITE,01t4w00000NumvPAAR
MULTIPLE,MULTIPLE,01t4w00000NumvQAAR
MULTIPLE,MULTIPLE,01t4w00000NumvRAAR
BLUE+BLACK,BLUE+BLACK,01t4w00000NumvSAAR
MULTIPLE,MULTIPLE,01t4w00000NumvTAAR
MULTIPLE,MULTIPLE,01t4w00000NumvUAAR
MULTIPLE,MULTIPLE,01t4w00000NumvVAAR
GREY,GREY,01t4w00000NumvWAAR
BLUE+GREY,BLUE+GREY,01t4w00000NumvXAAR
BLACK,BLACK,01t4w00000NumvZAAR
,BLACK,01t4w00000NumvaAAB
MULTIPLE,MULTIPLE,01t4w00000NumvbAAB
MULTIPLE,MULTIPLE,01t4w00000NumvcAAB
MULTIPLE,MULTIPLE,01t4w00000NumvdAAB
MULTIPLE,MULTIPLE,01t4w00000NumveAAB
,MULTIPLE,01t4w00000NumvfAAB
RED+GREY,RED+GREY,01t4w00000NumvgAAB
BLACK,BLACK,01t4w00000NumvhAAB
GREY,GREY,01t4w00000NumviAAB
MULTIPLE,MULTIPLE,01t4w00000NumvjAAB
BEIGE,BEIGE,01t4w00000NumvkAAB
,BEIGE,01t4w00000NumvlAAB
,NATURAL,01t4w00000NumvmAAB
,CHOCOLATE,01t4w00000NumvnAAB
,NATURAL+WHITE,01t4w00000NumvoAAB
,BLACK+NATURAL,01t4w00000NumvpAAB
BLACK,BLACK,01t4w00000NumvqAAB
RED+BLACK,RED+BLACK,01t4w00000NumvrAAB
,GREY+NATURAL,01t4w00000NumvsAAB
,WHITE+NATURAL,01t4w00000NumvtAAB
,NATURAL+WHITE,01t4w00000NumvuAAB
,BEIGE+NATURAL,01t4w00000NumvvAAB
,NATURAL,01t4w00000NumvwAAB
,FAUX CEMENT,01t4w00000NumvxAAB
,MULTIPLE,01t4w00000NumvyAAB
MULTIPLE,MULTIPLE,01t4w00000NumvzAAB
MULTIPLE,MULTIPLE,01t4w00000Numw0AAB
,NATURAL,01t4w00000Numw1AAB
,NATURAL+WHITE,01t4w00000Numw2AAB
,NATURAL+WHITE,01t4w00000Numw3AAB
,NATURAL+GREY,01t4w00000Numw4AAB
,WHITE+BLACK,01t4w00000Numw5AAB
BLACK+ORANGE,BLACK+ORANGE,01t4w00000Numw7AAB
,NATURAL+GREY,01t4w00000Numw8AAB
,PINK,01t4w00000Numw9AAB
,NATURAL,01t4w00000NumwAAAR
,NATURAL+WHITE,01t4w00000NumwBAAR
,WHITE,01t4w00000NumwCAAR
,WHITE,01t4w00000NumwDAAR
,NATURAL+WHITE,01t4w00000NumwEAAR
,CHOCOLATE,01t4w00000NumwFAAR
GREY,GREY,01t4w00000NumwGAAR
,PINK,01t4w00000NumwHAAR
,BLUE,01t4w00000NumwIAAR
,PINK,01t4w00000NumwJAAR
,PINK,01t4w00000NumwKAAR
,NATURAL+WHITE,01t4w00000NumwLAAR
,CHOCOLATE,01t4w00000NumwMAAR
,CHOCOLATE,01t4w00000NumwNAAR
,FAUX MARBLE,01t4w00000NumwOAAR
MULTIPLE,MULTIPLE,01t4w00000NumwPAAR
MULTIPLE,MULTIPLE,01t4w00000NumwQAAR
MULTIPLE,MULTIPLE,01t4w00000NumwRAAR
MULTIPLE,MULTIPLE,01t4w00000NumwSAAR
BLACK,BLACK,01t4w00000NumwTAAR
,NATURAL,01t4w00000NumwUAAR
,NATURAL,01t4w00000NumwVAAR
,FAUX CEMENT,01t4w00000NumwWAAR
,WHITE / GREY,01t4w00000NumwXAAR
,MULTIPLE,01t4w00000NumwYAAR
,MULTIPLE COLORES,01t4w00000NumwZAAR
,SILVER,01t4w00000NumwaAAB
MULTIPLE,MULTIPLE,01t4w00000NumwbAAB
MULTIPLE,MULTIPLE,01t4w00000NumwcAAB
PINK+GREY,PINK+GREY,01t4w00000NumwdAAB
,BROWN,01t4w00000NumweAAB
,BLACK + NATURAL,01t4w00000NumwfAAB
,BROWN,01t4w00000NumwgAAB
,WHITE + BLACK,01t4w00000NumwhAAB
,NATURAL,01t4w00000NumwiAAB
,NATURAL+BLACK,01t4w00000NumwjAAB
MULTIPLE,MULTIPLE,01t4w00000NumwkAAB
,FAUX MARBLE,01t4w00000NumwlAAB
,WHITE+GREY,01t4w00000NumwmAAB
,MULTIPLE,01t4w00000NumwnAAB
,NATURAL+BLACK,01t4w00000NumwoAAB
,NATURAL + BLACK,01t4w00000NumwpAAB
,NATURAL + WHITE,01t4w00000NumwqAAB
,YELLOW,01t4w00000NumwrAAB
,GREY,01t4w00000NumwsAAB
,MULTIPLE,01t4w00000NumwtAAB
MULTIPLE,MULTIPLE,01t4w00000NumwuAAB
,CHOCOLATE,01t4w00000NumwvAAB
,NATURAL,01t4w00000NumwwAAB
,WHITE,01t4w00000NumwxAAB
MULTIPLE,MULTIPLE,01t4w00000NumwyAAB
,CHOCOLATE,01t4w00000NumwzAAB
,CHOCOLATE,01t4w00000Numx0AAB
,NATURAL,01t4w00000Numx1AAB
,WOOD,01t4w00000Numx2AAB
,WHITE+GREY,01t4w00000Numx3AAB
MULTIPLE COLORES,MULTIPLE COLORES,01t4w00000Numx4AAB
,WOOD,01t4w00000Numx5AAB
,NATURAL,01t4w00000Numx6AAB
,WOOD,01t4w00000Numx7AAB
,BLACK,01t4w00000Numx8AAB
,WOOD,01t4w00000Numx9AAB
,WHITE,01t4w00000NumxAAAR
,WHITE+NATURAL,01t4w00000NumxBAAR
,FAUX MARBLE,01t4w00000NumxCAAR
,MULTIPLE,01t4w00000NumxDAAR
,NATURAL,01t4w00000NumxEAAR
,NATURAL+BLACK,01t4w00000NumxFAAR
,NATURAL,01t4w00000NumxGAAR
,NATURAL+BLACK,01t4w00000NumxHAAR
,NATURAL+BLACK,01t4w00000NumxIAAR
,NATURAL+BLACK,01t4w00000NumxJAAR
,NATURAL+BLACK,01t4w00000NumxKAAR
,WHITE,01t4w00000NumxLAAR
MULTIPLE,MULTIPLE,01t4w00000NumxMAAR
,MULTIPLE,01t4w00000NumxNAAR
,YELLOW+WHITE,01t4w00000NumxOAAR
,WOOD,01t4w00000NumxPAAR
,WOOD,01t4w00000NumxQAAR
,WOOD,01t4w00000NumxRAAR
,WOOD,01t4w00000NumxSAAR
,WOOD,01t4w00000NumxTAAR
,WOOD,01t4w00000NumxUAAR
,WHITE,01t4w00000NumxVAAR
,WOOD,01t4w00000NumxWAAR
MULTIPLE,MULTIPLE,01t4w00000NumxXAAR
MULTIPLE,MULTIPLE,01t4w00000NumxYAAR
MULTIPLE,MULTIPLE,01t4w00000NumxZAAR
MULTIPLE,MULTIPLE,01t4w00000NumxaAAB
MULTIPLE,MULTIPLE,01t4w00000NumxbAAB
MULTIPLE,MULTIPLE,01t4w00000NumxcAAB
MULTIPLE,MULTIPLE,01t4w00000NumxdAAB
MULTIPLE,MULTIPLE,01t4w00000NumxeAAB
MULTIPLE,MULTIPLE,01t4w00000NumxfAAB
MULTIPLE,MULTIPLE,01t4w00000NumxgAAB
MULTIPLE,MULTIPLE,01t4w00000NumxhAAB
MULTIPLE,MULTIPLE,01t4w00000NumxiAAB
MULTIPLE,MULTIPLE,01t4w00000NumxjAAB
MULTIPLE,MULTIPLE,01t4w00000NumxkAAB
MULTIPLE,MULTIPLE,01t4w00000NumxlAAB
MULTIPLE,MULTIPLE,01t4w00000NumxmAAB
MULTIPLE,MULTIPLE,01t4w00000NumxnAAB
MULTIPLE,MULTIPLE,01t4w00000NumxoAAB
MULTIPLE,MULTIPLE,01t4w00000NumxpAAB
MULTIPLE,MULTIPLE,01t4w00000NumxqAAB
MULTIPLE COLORES,MULTIPLE COLORES,01t4w00000NumxrAAB
MULTIPLE COLORES,MULTIPLE COLORES,01t4w00000NumxsAAB
MULTIPLE COLORES,MULTIPLE COLORES,01t4w00000NumxtAAB
MULTIPLE COLORES,MULTIPLE COLORES,01t4w00000NumxuAAB
MULTIPLE,MULTIPLE,01t4w00000NumxvAAB
MULTIPLE,MULTIPLE,01t4w00000NumxwAAB
MULTIPLE,MULTIPLE,01t4w00000NumxxAAB
MULTIPLE,MULTIPLE,01t4w00000NumxyAAB
MULTIPLE COLORES,MULTIPLE COLORES,01t4w00000NumxzAAB
MULTIPLE,MULTIPLE,01t4w00000Numy0AAB
MULTIPLE,MULTIPLE,01t4w00000Numy1AAB
MULTIPLE,MULTIPLE,01t4w00000Numy2AAB
MULTIPLE,MULTIPLE,01t4w00000Numy3AAB
MULTIPLE,MULTIPLE,01t4w00000Numy4AAB
NATURAL+BLACK,NATURAL+BLACK,01t4w00000Numy5AAB
NATURAL+BLACK,NATURAL+BLACK,01t4w00000Numy6AAB
NATURAL,NATURAL,01t4w00000Numy7AAB
NATURAL+BLACK,NATURAL+BLACK,01t4w00000Numy8AAB
NATURAL+BLACK,NATURAL+BLACK,01t4w00000Numy9AAB
NATURAL+BLACK,NATURAL+BLACK,01t4w00000NumyAAAR
NATURAL,NATURAL,01t4w00000NumyBAAR
NATURAL,NATURAL,01t4w00000NumyCAAR
NATURAL,NATURAL,01t4w00000NumyDAAR
NATURAL,NATURAL,01t4w00000NumyEAAR
NATURAL,NATURAL,01t4w00000NumyFAAR
BLACK,BLACK,01t4w00000NumyGAAR
BLACK,BLACK,01t4w00000NumyHAAR
NATURAL,NATURAL,01t4w00000NumyIAAR
BLACK,BLACK,01t4w00000NumyJAAR
BLACK,BLACK,01t4w00000NumyKAAR
NATURAL+BLACK,NATURAL+BLACK,01t4w00000NumyLAAR
NATURAL,NATURAL,01t4w00000NumyMAAR
NATURAL+BLACK,NATURAL+BLACK,01t4w00000NumyNAAR
NATURAL,NATURAL,01t4w00000NumyOAAR
NATURAL+BLACK,NATURAL+BLACK,01t4w00000NumyPAAR
NATURAL + WHITE,NATURAL + WHITE,01t4w00000NumyQAAR
NATURAL + WHITE,NATURAL + WHITE,01t4w00000NumyRAAR
NATURAL,NATURAL,01t4w00000NumySAAR
NATURAL,NATURAL,01t4w00000NumyTAAR
NATURAL+BLACK,NATURAL+BLACK,01t4w00000NumyUAAR
NATURAL+BLACK,NATURAL+BLACK,01t4w00000NumyVAAR
NATURAL,NATURAL,01t4w00000NumyWAAR
BROWN+BLACK,BROWN+BLACK,01t4w00000NumyXAAR
BROWN+BLACK,BROWN+BLACK,01t4w00000NumyYAAR
BROWN+BLACK,BROWN+BLACK,01t4w00000NumyZAAR
BROWN+BLACK,BROWN+BLACK,01t4w00000NumyaAAB
BROWN+BLACK,BROWN+BLACK,01t4w00000NumybAAB
GREY+BLACK,GREY+BLACK,01t4w00000NumycAAB
BROWN+BLACK,BROWN+BLACK,01t4w00000NumydAAB
NATURAL+BLACK,NATURAL+BLACK,01t4w00000NumyeAAB
NATURAL+BLACK,NATURAL+BLACK,01t4w00000NumyfAAB
NATURAL+BLACK,NATURAL+BLACK,01t4w00000NumygAAB
GREY+BLACK,GREY+BLACK,01t4w00000NumyhAAB
NATURAL+BLACK,NATURAL+BLACK,01t4w00000NumyiAAB
FAUX CEMENT,FAUX CEMENT,01t4w00000NumyjAAB
FAUX CEMENT,FAUX CEMENT,01t4w00000NumykAAB
BROWN+BLACK,BROWN+BLACK,01t4w00000NumylAAB
NATURAL+BLACK,NATURAL+BLACK,01t4w00000NumymAAB
GREY+BLACK,GREY+BLACK,01t4w00000NumynAAB
GREY+BLACK,GREY+BLACK,01t4w00000NumyoAAB
BROWN+BLACK,BROWN+BLACK,01t4w00000NumypAAB
BROWN+BLACK,BROWN+BLACK,01t4w00000NumyqAAB
NATURAL+BLACK,NATURAL+BLACK,01t4w00000NumyrAAB
NATURAL+BLACK,NATURAL+BLACK,01t4w00000NumysAAB
BROWN+BLACK,BROWN+BLACK,01t4w00000NumytAAB
GOLD,GOLD,01t4w00000NumyuAAB
WHITE+BLACK,WHITE+BLACK,01t4w00000NumyvAAB
NATURAL+BLACK,NATURAL+BLACK,01t4w00000NumywAAB
WHITE+BLACK,WHITE+BLACK,01t4w00000NumyxAAB
WHITE+BLACK,WHITE+BLACK,01t4w00000NumyyAAB
WHITE+BLACK,WHITE+BLACK,01t4w00000NumyzAAB
WHITE,WHITE,01t4w00000Numz0AAB
WHITE+BLACK,WHITE+BLACK,01t4w00000Numz1AAB
FAUX MARBLE,FAUX MARBLE,01t4w00000Numz2AAB
WHITE,WHITE,01t4w00000Numz3AAB
WHITE,WHITE,01t4w00000Numz4AAB
CHOCOLATE,CHOCOLATE,01t4w00000Numz5AAB
MULTIPLE,MULTIPLE,01t4w00000Numz6AAB
GREY,GREY,01t4w00000Numz7AAB
WHITE,WHITE,01t4w00000Numz8AAB
MULTIPLE,MULTIPLE,01t4w00000Numz9AAB
MULTIPLE,MULTIPLE,01t4w00000NumzAAAR
BROWN,BROWN,01t4w00000NumzBAAR
NATURAL,NATURAL,01t4w00000NumzCAAR
NATURAL+BLACK,NATURAL+BLACK,01t4w00000NumzDAAR
NATURAL+BLACK,NATURAL+BLACK,01t4w00000NumzEAAR
NATURAL+BLACK,NATURAL+BLACK,01t4w00000NumzFAAR
NATURAL+BLACK,NATURAL+BLACK,01t4w00000NumzGAAR
NATURAL+BLACK,NATURAL+BLACK,01t4w00000NumzHAAR
WHITE,WHITE,01t4w00000NumzIAAR
MULTIPLE,MULTIPLE,01t4w00000NumzJAAR
MULTIPLE,MULTIPLE,01t4w00000NumzKAAR
MULTIPLE,MULTIPLE,01t4w00000NumzLAAR
MULTIPLE,MULTIPLE,01t4w00000NumzMAAR
MULTIPLE,MULTIPLE,01t4w00000NumzNAAR
MULTIPLE,MULTIPLE,01t4w00000NumzOAAR
MULTIPLE,MULTIPLE,01t4w00000NumzPAAR
MULTIPLE,MULTIPLE,01t4w00000NumzQAAR
MULTIPLE,MULTIPLE,01t4w00000NumzRAAR
WHITE,WHITE,01t4w00000NumzSAAR
MULTIPLE,MULTIPLE,01t4w00000NumzTAAR
MULTIPLE,MULTIPLE,01t4w00000NumzUAAR
NATURAL,NATURAL,01t4w00000NumzVAAR
NATURAL,NATURAL,01t4w00000NumzWAAR
MULTIPLE,MULTIPLE,01t4w00000NumzXAAR
MULTIPLE,MULTIPLE,01t4w00000NumzYAAR
MULTIPLE,MULTIPLE,01t4w00000NumzZAAR
MULTIPLE,MULTIPLE,01t4w00000NumzaAAB
MULTIPLE,MULTIPLE,01t4w00000NumzbAAB
MULTIPLE,MULTIPLE,01t4w00000NumzcAAB
MULTIPLE,MULTIPLE,01t4w00000NumzdAAB
MULTIPLE,MULTIPLE,01t4w00000NumzeAAB
MULTIPLE,MULTIPLE,01t4w00000NumzfAAB
MULTIPLE,MULTIPLE,01t4w00000NumzgAAB
PINK,PINK,01t4w00000NumzhAAB
CHOCOLATE,CHOCOLATE,01t4w00000NumziAAB
MULTIPLE,MULTIPLE,01t4w00000NumzjAAB
CHOCOLATE,CHOCOLATE,01t4w00000NumzkAAB
MULTIPLE,MULTIPLE,01t4w00000NumzlAAB
MULTIPLE,MULTIPLE,01t4w00000NumzmAAB
NATURAL,NATURAL,01t4w00000NumznAAB
NATURAL,NATURAL,01t4w00000NumzoAAB
CHOCOLATE,CHOCOLATE,01t4w00000NumzpAAB
MULTIPLE,MULTIPLE,01t4w00000NumzqAAB
MULTIPLE,MULTIPLE,01t4w00000NumzrAAB
MULTIPLE,MULTIPLE,01t4w00000NumzsAAB
WHITE,WHITE,01t4w00000NumztAAB
WHITE,WHITE,01t4w00000NumzuAAB
NATURAL,NATURAL,01t4w00000NumzvAAB
MULTIPLE,MULTIPLE,01t4w00000NumzwAAB
CHOCOLATE,CHOCOLATE,01t4w00000NumzxAAB
MULTIPLE,MULTIPLE,01t4w00000NumzyAAB
MULTIPLE,MULTIPLE,01t4w00000NumzzAAB
WHITE,WHITE,01t4w00000Nun00AAB
NATURAL,NATURAL,01t4w00000Nun01AAB
NATURAL,NATURAL,01t4w00000Nun02AAB
WHITE,WHITE,01t4w00000Nun03AAB
MULTIPLE,MULTIPLE,01t4w00000Nun04AAB
MULTIPLE,MULTIPLE,01t4w00000Nun05AAB
MULTIPLE,MULTIPLE,01t4w00000Nun06AAB
MULTIPLE,MULTIPLE,01t4w00000Nun07AAB
CHOCOLATE,CHOCOLATE,01t4w00000Nun08AAB
CHOCOLATE,CHOCOLATE,01t4w00000Nun09AAB
CHOCOLATE,CHOCOLATE,01t4w00000Nun0AAAR
SILVER,SILVER,01t4w00000Nun0BAAR
,GREY,01t4w00000Nun0CAAR
,PINK+GREY,01t4w00000Nun0DAAR
,BLACK,01t4w00000Nun0EAAR
,RED+GREY,01t4w00000Nun0FAAR
,BLUE+GREY,01t4w00000Nun0GAAR
,RED+BLACK,01t4w00000Nun0HAAR
,GREY,01t4w00000Nun0IAAR
,GREY,01t4w00000Nun0JAAR
,BLACK+ORANGE,01t4w00000Nun0KAAR
,BLACK,01t4w00000Nun0LAAR
,BLUE+BLACK,01t4w00000Nun0MAAR
,WHITE,01t4w00000Nun0NAAR
CHOCOLATE,CHOCOLATE,01t4w00000Nun0OAAR
,MULTIPLE COLORES,01t4w00000Nun0PAAR
,MULTIPLE COLORES,01t4w00000Nun0QAAR
WHITE,WHITE,01t4w00000Nun0RAAR
,MULTIPLE COLORES,01t4w00000Nun0SAAR
,MULTIPLE COLORES,01t4w00000Nun0TAAR
,MULTIPLE COLORES,01t4w00000Nun0UAAR
,MULTIPLE,01t4w00000Nun0VAAR
,MULTIPLE,01t4w00000Nun0WAAR
WHITE,WHITE,01t4w00000Nun0XAAR
,MULTIPLE,01t4w00000Nun0YAAR
,MULTIPLE,01t4w00000Nun0ZAAR
,MULTIPLE,01t4w00000Nun0aAAB
,MULTIPLE,01t4w00000Nun0bAAB
,MULTIPLE,01t4w00000Nun0cAAB
,MULTIPLE,01t4w00000Nun0dAAB
,MULTIPLE,01t4w00000Nun0eAAB
,MULTIPLE,01t4w00000Nun0fAAB
,MULTIPLE,01t4w00000Nun0gAAB
,MULTIPLE COLORES,01t4w00000Nun0hAAB
,MULTIPLE COLORES,01t4w00000Nun0iAAB
,MULTIPLE,01t4w00000Nun0jAAB
,MULTIPLE,01t4w00000Nun0kAAB
WHITE,WHITE,01t4w00000Nun0lAAB
,MULTIPLE,01t4w00000Nun0mAAB
,MULTIPLE,01t4w00000Nun0nAAB
,MULTIPLE,01t4w00000Nun0oAAB
WHITE,WHITE,01t4w00000Nun0pAAB
WHITE + NATURAL,WHITE + NATURAL,01t4w00000Nun0qAAB
,MULTIPLE,01t4w00000Nun0rAAB
,MULTIPLE,01t4w00000Nun0sAAB
,MULTIPLE,01t4w00000Nun0tAAB
,MULTIPLE,01t4w00000Nun0uAAB
,MULTIPLE,01t4w00000Nun0vAAB
,MULTIPLE,01t4w00000Nun0wAAB
,MULTIPLE,01t4w00000Nun0xAAB
,MULTIPLE,01t4w00000Nun0yAAB
,MULTIPLE,01t4w00000Nun0zAAB
WHITE + BLUE + NATURAL,WHITE + BLUE + NATURAL,01t4w00000Nun10AAB
,MULTIPLE,01t4w00000Nun11AAB
,MULTIPLE,01t4w00000Nun12AAB
,MULTIPLE,01t4w00000Nun13AAB
,MULTIPLE,01t4w00000Nun14AAB
,MULTIPLE,01t4w00000Nun15AAB
WHITE + NATURAL,WHITE + NATURAL,01t4w00000Nun16AAB
WHITE + CHOCOLATE + NATURAL,WHITE + CHOCOLATE + NATURAL,01t4w00000Nun17AAB
,MULTIPLE,01t4w00000Nun18AAB
,MULTIPLE,01t4w00000Nun19AAB
,MULTIPLE,01t4w00000Nun1AAAR
,MULTIPLE,01t4w00000Nun1BAAR
WHITE + NATURAL,WHITE + NATURAL,01t4w00000Nun1CAAR
TURQUOISE,TURQUOISE,01t4w00000Nun1DAAR
WHITE + NATURAL,WHITE + NATURAL,01t4w00000Nun1EAAR
,MULTIPLE,01t4w00000Nun1FAAR
,MULTIPLE,01t4w00000Nun1GAAR
,MULTIPLE,01t4w00000Nun1HAAR
,MULTIPLE,01t4w00000Nun1IAAR
,MULTIPLE,01t4w00000Nun1JAAR
,MULTIPLE,01t4w00000Nun1KAAR
,MULTIPLE,01t4w00000Nun1LAAR
BLACK + WHITE,BLACK + WHITE,01t4w00000Nun1MAAR
WHITE,WHITE,01t4w00000Nun1NAAR
NATURAL & GREY,NATURAL & GREY,01t4w00000Nun1OAAR
,MULTIPLE,01t4w00000Nun1PAAR
,MULTIPLE,01t4w00000Nun1QAAR
,MULTIPLE,01t4w00000Nun1RAAR
,MULTIPLE,01t4w00000Nun1SAAR
,MULTIPLE,01t4w00000Nun1TAAR
,MULTIPLE,01t4w00000Nun1UAAR
,MULTIPLE,01t4w00000Nun1VAAR
MULTIPLE COLORES + NATURAL,MULTIPLE COLORES + NATURAL,01t4w00000Nun1WAAR
,MULTIPLE,01t4w00000Nun1XAAR
WHITE + BROWN + NATURAL,WHITE + BROWN + NATURAL,01t4w00000Nun1YAAR
WHITE + BLACK,WHITE + BLACK,01t4w00000Nun1ZAAR
,MULTIPLE,01t4w00000Nun1aAAB
,MULTIPLE,01t4w00000Nun1bAAB
WHITE + NATURAL,WHITE + NATURAL,01t4w00000Nun1cAAB
WHITE + NATURAL,WHITE + NATURAL,01t4w00000Nun1dAAB
WHITE + NATURAL,WHITE + NATURAL,01t4w00000Nun1eAAB
WHITE + NATURAL,WHITE + NATURAL,01t4w00000Nun1fAAB
WHITE + NATURAL,WHITE + NATURAL,01t4w00000Nun1gAAB
WHITE + NATURAL,WHITE + NATURAL,01t4w00000Nun1hAAB
NATURAL + WHITE,NATURAL + WHITE,01t4w00000Nun1iAAB
NATURAL,NATURAL,01t4w00000Nun1jAAB
METAL,METAL,01t4w00000Nun1kAAB
WHITE + NATURAL,WHITE + NATURAL,01t4w00000Nun1lAAB
NATURAL + WHITE,NATURAL + WHITE,01t4w00000Nun1mAAB
WHITE + NATURAL,WHITE + NATURAL,01t4w00000Nun1nAAB
WHITE + NATURAL,WHITE + NATURAL,01t4w00000Nun1oAAB
METAL,METAL,01t4w00000Nun1pAAB
METAL,METAL,01t4w00000Nun1qAAB
METAL,METAL,01t4w00000Nun1rAAB
NATURAL,NATURAL,01t4w00000Nun1sAAB
WHITE + NATURAL,WHITE + NATURAL,01t4w00000Nun1tAAB
NATURAL,NATURAL,01t4w00000Nun1uAAB
MULTICOLOR,MULTICOLOR,01t4w00000Nun1vAAB
NATURAL,NATURAL,01t4w00000Nun1wAAB
METAL,METAL,01t4w00000Nun1xAAB
METAL,METAL,01t4w00000Nun1yAAB
,BROWN,01t4w00000Nun1zAAB
,NATURAL,01t4w00000Nun20AAB
NATURAL + BLACK,NATURAL + BLACK,01t4w00000Nun21AAB
,NATURAL+BLACK,01t4w00000Nun22AAB
METAL,METAL,01t4w00000Nun23AAB
NATURAL + BLACK,NATURAL + BLACK,01t4w00000Nun24AAB
NATURAL + WHITE,NATURAL + WHITE,01t4w00000Nun25AAB
WHITE+NATURAL,WHITE+NATURAL,01t4w00000Nun26AAB
NATURAL + BLACK,NATURAL + BLACK,01t4w00000Nun27AAB
NATURAL + WHITE,NATURAL + WHITE,01t4w00000Nun28AAB
NATURAL,NATURAL,01t4w00000Nun29AAB
NATURAL,NATURAL,01t4w00000Nun2AAAR
NATURAL,NATURAL,01t4w00000Nun2BAAR
NATURAL + WHITE,NATURAL + WHITE,01t4w00000Nun2CAAR
NATURAL + BROWN,NATURAL + BROWN,01t4w00000Nun2DAAR
CHOCOLATE,CHOCOLATE,01t4w00000Nun2EAAR
BLACK+NATURAL,BLACK+NATURAL,01t4w00000Nun2FAAR
NATURAL+BLACK,NATURAL+BLACK,01t4w00000Nun2GAAR
GREY,GREY,01t4w00000Nun2HAAR
,NATURAL+BLACK,01t4w00000Nun2IAAR
,MULTIPLE,01t4w00000Nun2JAAR
,NATURAL+BLACK,01t4w00000Nun2KAAR
GREY,GREY,01t4w00000Nun2LAAR
,NATURAL+BLACK,01t4w00000Nun2MAAR
,NATURAL+BLACK,01t4w00000Nun2NAAR
,WHITE,01t4w00000Nun2OAAR
,MULTIPLE,01t4w00000Nun2PAAR
BLACK,BLACK,01t4w00000Nun2QAAR
,MULTIPLE,01t4w00000Nun2RAAR
,MULTIPLE,01t4w00000Nun2SAAR
,MULTIPLE,01t4w00000Nun2TAAR
,MULTIPLE,01t4w00000Nun2UAAR
,MULTIPLE,01t4w00000Nun2VAAR
,MULTIPLE,01t4w00000Nun2WAAR
BROWN,BROWN,01t4w00000Nun2XAAR
,MULTIPLE,01t4w00000Nun2YAAR
,MULTIPLE,01t4w00000Nun2ZAAR
,MULTIPLE,01t4w00000Nun2aAAB
,MULTIPLE,01t4w00000Nun2bAAB
,NATURAL,01t4w00000Nun2cAAB
,MULTIPLE,01t4w00000Nun2dAAB
,WHITE,01t4w00000Nun2eAAB
,NATURAL,01t4w00000Nun2fAAB
,WHITE,01t4w00000Nun2gAAB
,NATURAL,01t4w00000Nun2hAAB
,PINK,01t4w00000Nun2iAAB
,MULTIPLE,01t4w00000Nun2jAAB
,WHITE,01t4w00000Nun2kAAB
,NATURAL,01t4w00000Nun2lAAB
,MULTIPLE,01t4w00000Nun2mAAB
,CHOCOLATE,01t4w00000Nun2nAAB
,CHOCOLATE,01t4w00000Nun2oAAB
,NATURAL,01t4w00000Nun2pAAB
,CHOCOLATE,01t4w00000Nun2qAAB
,MULTIPLE,01t4w00000Nun2rAAB
,NATURAL,01t4w00000Nun2sAAB
,MULTIPLE,01t4w00000Nun2tAAB
,CHOCOLATE,01t4w00000Nun2uAAB
,MULTIPLE,01t4w00000Nun2vAAB
,WHITE,01t4w00000Nun2wAAB
,NATURAL,01t4w00000Nun2xAAB
,MULTIPLE,01t4w00000Nun2yAAB
,WHITE,01t4w00000Nun2zAAB
BLACK,BLACK,01t4w00000Nun30AAB
BLACK+RED,BLACK+RED,01t4w00000Nun31AAB
MULTIPLE,MULTIPLE,01t4w00000Nun32AAB
MULTIPLE,MULTIPLE,01t4w00000Nun33AAB
BLACK AND RED,BLACK AND RED,01t4w00000Nun34AAB
BLACK,BLACK,01t4w00000Nun35AAB
BLACK,BLACK,01t4w00000Nun36AAB
,MULTIPLE,01t4w00000Nun37AAB
,MULTIPLE,01t4w00000Nun38AAB
,MULTIPLE,01t4w00000Nun39AAB
BLACK,BLACK,01t4w00000Nun3AAAR
,METAL,01t4w00000Nun3BAAR
,METAL,01t4w00000Nun3CAAR
,METAL,01t4w00000Nun3DAAR
GREY,GREY,01t4w00000Nun3EAAR
,MULTIPLE,01t4w00000Nun3FAAR
BLACK,BLACK,01t4w00000Nun3GAAR
BLACK,BLACK,01t4w00000Nun3HAAR
,NATURAL+BLACK,01t4w00000Nun3IAAR
"BLACK, NATURAL","BLACK, NATURAL",01t4w00000Nun3JAAR
,MULTICOLOR,01t4w00000Nun3KAAR
,NATURAL+BLACK,01t4w00000Nun3LAAR
BLACK,BLACK,01t4w00000Nun3MAAR
,METAL,01t4w00000Nun3NAAR
,METAL,01t4w00000Nun3OAAR
,METAL,01t4w00000Nun3PAAR
"BLACK, GREY","BLACK, GREY",01t4w00000Nun3QAAR
"BLACK, GREY","BLACK, GREY",01t4w00000Nun3RAAR
,METAL,01t4w00000Nun3SAAR
BLACK,BLACK,01t4w00000Nun3TAAR
BLACK,BLACK,01t4w00000Nun3UAAR
BLACK,BLACK,01t4w00000Nun3VAAR
BROWN,BROWN,01t4w00000Nun3WAAR
BLACK,BLACK,01t4w00000Nun3XAAR
BLACK,BLACK,01t4w00000Nun3YAAR
GREY,GREY,01t4w00000Nun3ZAAR
YELLOW,YELLOW,01t4w00000Nun3aAAB
,NATURAL+BLACK,01t4w00000Nun3cAAB
,NATURAL+BLACK,01t4w00000Nun3dAAB
,BLACK,01t4w00000Nun3eAAB
GREY,GREY,01t4w00000Nun3fAAB
BLACK,BLACK,01t4w00000Nun3gAAB
BLACK,BLACK,01t4w00000Nun3hAAB
,NATURAL+BLACK,01t4w00000Nun3iAAB
,GREY,01t4w00000Nun3jAAB
,NATURAL,01t4w00000Nun3kAAB
,BLACK,01t4w00000Nun3lAAB
,NATURAL,01t4w00000Nun3mAAB
,NATURAL,01t4w00000Nun3nAAB
SILVER,SILVER,01t4w00000Nun3oAAB
,NATURAL,01t4w00000Nun3pAAB
,BLACK,01t4w00000Nun3qAAB
,NATURAL+BLACK,01t4w00000Nun3rAAB
,NATURAL,01t4w00000Nun3sAAB
,NATURAL,01t4w00000Nun3tAAB
,BROWN,01t4w00000Nun3uAAB
SILVER+BLACK,SILVER+BLACK,01t4w00000Nun3vAAB
CROMADO+BLACK,CROMADO+BLACK,01t4w00000Nun3wAAB
,NATURAL,01t4w00000Nun3xAAB
,BLACK,01t4w00000Nun3yAAB
BROWN,BROWN,01t4w00000Nun3zAAB
NATURAL,NATURAL,01t4w00000Nun41AAB
,BLACK,01t4w00000Nun43AAB
,NATURAL,01t4w00000Nun44AAB
,NATURAL,01t4w00000Nun45AAB
,NATURAL + WHITE,01t4w00000Nun46AAB
,NATURAL + WHITE,01t4w00000Nun47AAB
,NATURAL+BLACK,01t4w00000Nun48AAB
NATURAL,NATURAL,01t4w00000Nun4AAAR
NATURAL,NATURAL,01t4w00000Nun4BAAR
,NATURAL,01t4w00000Nun4CAAR
NATURAL,NATURAL,01t4w00000Nun4DAAR
NATURAL,NATURAL,01t4w00000Nun4EAAR
,NATURAL,01t4w00000Nun4FAAR
,NATURAL+BLACK,01t4w00000Nun4GAAR
,NATURAL+BLACK,01t4w00000Nun4HAAR
,NATURAL+BLACK,01t4w00000Nun4IAAR
,NATURAL,01t4w00000Nun4JAAR
BLUE+NATURAL,BLUE+NATURAL,01t4w00000Nun4KAAR
,BROWN+BLACK,01t4w00000Nun4LAAR
,BROWN+BLACK,01t4w00000Nun4MAAR
,BROWN+BLACK,01t4w00000Nun4NAAR
GREY+BLACK,GREY+BLACK,01t4w00000Nun4OAAR
NATURAL+BLACK,NATURAL+BLACK,01t4w00000Nun4PAAR
BLACK+GREY,BLACK+GREY,01t4w00000Nun4QAAR
BLUE+BLACK,BLUE+BLACK,01t4w00000Nun4RAAR
,BROWN+BLACK,01t4w00000Nun4SAAR
,BROWN+BLACK,01t4w00000Nun4TAAR
,FAUX CEMENT,01t4w00000Nun4UAAR
,WHITE + NATURAL,01t4w00000Nun4VAAR
,BROWN+BLACK,01t4w00000Nun4WAAR
,NATURAL+BLACK,01t4w00000Nun4XAAR
,NATURAL+BLACK,01t4w00000Nun4YAAR
,GREY+BLACK,01t4w00000Nun4ZAAR
,FAUX CEMENT,01t4w00000Nun4aAAB
,BROWN+BLACK,01t4w00000Nun4bAAB
,BROWN+BLACK,01t4w00000Nun4cAAB
,GREY+BLACK,01t4w00000Nun4dAAB
,BROWN+BLACK,01t4w00000Nun4eAAB
,WHITE+BLACK,01t4w00000Nun4fAAB
,NATURAL+BLACK,01t4w00000Nun4gAAB
,GREY+BLACK,01t4w00000Nun4hAAB
,NATURAL+BLACK,01t4w00000Nun4iAAB
,GOLD,01t4w00000Nun4jAAB
,GREY+BLACK,01t4w00000Nun4kAAB
,BROWN+BLACK,01t4w00000Nun4lAAB
,NATURAL+BLACK,01t4w00000Nun4mAAB
,NATURAL+BLACK,01t4w00000Nun4nAAB
,FAUX MARBLE,01t4w00000Nun4oAAB
,WHITE,01t4w00000Nun4pAAB
,NATURAL+BLACK,01t4w00000Nun4qAAB
,NATURAL+BLACK,01t4w00000Nun4rAAB
,CHOCOLATE,01t4w00000Nun4sAAB
,WHITE + NATURAL,01t4w00000Nun4tAAB
,WHITE + NATURAL,01t4w00000Nun4uAAB
,WHITE+BLACK,01t4w00000Nun4vAAB
,WHITE+BLACK,01t4w00000Nun4wAAB
,CHOCOLATE,01t4w00000Nun4xAAB
,WHITE,01t4w00000Nun4yAAB
,TURQUOISE,01t4w00000Nun4zAAB
NATURAL+WHITE,NATURAL+WHITE,01t4w00000Nun50AAB
NATURAL+WHITE,NATURAL+WHITE,01t4w00000Nun51AAB
NATURAL+WHITE,NATURAL+WHITE,01t4w00000Nun52AAB
,WHITE+BLACK,01t4w00000Nun53AAB
,WHITE,01t4w00000Nun54AAB
,CHOCOLATE,01t4w00000Nun55AAB
,WHITE + BLUE + NATURAL,01t4w00000Nun56AAB
,WHITE+BLACK,01t4w00000Nun57AAB
,WHITE,01t4w00000Nun58AAB
,WHITE + NATURAL,01t4w00000Nun59AAB
NATURAL+BLACK,NATURAL+BLACK,01t4w00000Nun5AAAR
NATURAL+WHITE,NATURAL+WHITE,01t4w00000Nun5BAAR
,WHITE,01t4w00000Nun5CAAR
,WHITE + CHOCOLATE + NATURAL,01t4w00000Nun5DAAR
,NATURAL & GREY,01t4w00000Nun5EAAR
,WHITE + NATURAL,01t4w00000Nun5FAAR
,WHITE + NATURAL,01t4w00000Nun5GAAR
,CHOCOLATE,01t4w00000Nun5HAAR
,CHOCOLATE,01t4w00000Nun5IAAR
WHITE+NATURAL,WHITE+NATURAL,01t4w00000Nun5JAAR
NATURAL+WHITE,NATURAL+WHITE,01t4w00000Nun5KAAR
,WHITE,01t4w00000Nun5LAAR
BLACK,BLACK,01t4w00000Nun5MAAR
,WHITE,01t4w00000Nun5NAAR
,WHITE + NATURAL,01t4w00000Nun5OAAR
,WHITE + BLACK,01t4w00000Nun5PAAR
,NATURAL,01t4w00000Nun5QAAR
WALNUT+BLACK,WALNUT+BLACK,01t4w00000Nun5RAAR
GREY+BLACK,GREY+BLACK,01t4w00000Nun5SAAR
NATURAL+BLACK,NATURAL+BLACK,01t4w00000Nun5TAAR
PISTACHO+BLACK,PISTACHO+BLACK,01t4w00000Nun5UAAR
,WHITE + NATURAL,01t4w00000Nun5VAAR
,BLACK + WHITE,01t4w00000Nun5WAAR
,WHITE,01t4w00000Nun5XAAR
BLACK+NATURAL,BLACK+NATURAL,01t4w00000Nun5YAAR
WALNUT+BLACK,WALNUT+BLACK,01t4w00000Nun5ZAAR
,MULTIPLE COLORES + NATURAL,01t4w00000Nun5aAAB
,WHITE + BROWN + NATURAL,01t4w00000Nun5bAAB
,WHITE + NATURAL,01t4w00000Nun5cAAB
,WHITE + NATURAL,01t4w00000Nun5dAAB
,WHITE + NATURAL,01t4w00000Nun5eAAB
,WHITE + NATURAL,01t4w00000Nun5fAAB
WHITE,WHITE,01t4w00000Nun5gAAB
,WHITE + NATURAL,01t4w00000Nun5hAAB
,NATURAL,01t4w00000Nun5iAAB
,WHITE + NATURAL,01t4w00000Nun5jAAB
,NATURAL + WHITE,01t4w00000Nun5kAAB
NATURAL+BLACK,NATURAL+BLACK,01t4w00000Nun5lAAB
,NATURAL + WHITE,01t4w00000Nun5mAAB
,NATURAL,01t4w00000Nun5nAAB
,NATURAL + BLACK,01t4w00000Nun5oAAB
,NATURAL,01t4w00000Nun5pAAB
,NATURAL,01t4w00000Nun5qAAB
,NATURAL,01t4w00000Nun5rAAB
,NATURAL + BLACK,01t4w00000Nun5sAAB
,NATURAL + WHITE,01t4w00000Nun5tAAB
WHITE+GREY,WHITE+GREY,01t4w00000Nun5uAAB
NATURAL+BLACK,NATURAL+BLACK,01t4w00000Nun5vAAB
GREY+NATURAL,GREY+NATURAL,01t4w00000Nun5wAAB
NATURAL+SILVER,NATURAL+SILVER,01t4w00000Nun5xAAB
,NATURAL + BLACK,01t4w00000Nun5yAAB
,NATURAL + BROWN,01t4w00000Nun5zAAB
,NATURAL + WHITE,01t4w00000Nun60AAB
BLACK,BLACK,01t4w00000Nun61AAB
BLACK+WALNUT,BLACK+WALNUT,01t4w00000Nun62AAB
,NATURAL,01t4w00000Nun63AAB
,NATURAL + WHITE,01t4w00000Nun64AAB
,CHOCOLATE,01t4w00000Nun65AAB
,WHITE+NATURAL,01t4w00000Nun66AAB
,BLACK+NATURAL,01t4w00000Nun67AAB
,NATURAL+BLACK,01t4w00000Nun68AAB
ORANGE+BLACK+GREY,ORANGE+BLACK+GREY,01t4w00000Nun6AAAR
WHITE+BLUE+RED,WHITE+BLUE+RED,01t4w00000Nun6BAAR
NATURAL+GREY,NATURAL+GREY,01t4w00000Nun6DAAR
NATURAL+BLACK,NATURAL+BLACK,01t4w00000Nun6EAAR
GREY,GREY,01t4w00000Nun6MAAR
BLUE+RED+YELLOW,BLUE+RED+YELLOW,01t4w00000Nun6NAAR
MULTIPLE,MULTIPLE,01t4w00000Nun6PAAR
MULTIPLE,MULTIPLE,01t4w00000Nun6QAAR
MULTIPLE,MULTIPLE,01t4w00000Nun6RAAR
MULTIPLE,MULTIPLE,01t4w00000Nun6SAAR
MULTIPLE,MULTIPLE,01t4w00000Nun6TAAR
MULTIPLE,MULTIPLE,01t4w00000Nun6UAAR
MULTIPLE,MULTIPLE,01t4w00000Nun6VAAR
ORANGE+BLACK,ORANGE+BLACK,01t4w00000Nun6WAAR
MULTIPLE,MULTIPLE,01t4w00000Nun6XAAR
MULTIPLE,MULTIPLE,01t4w00000Nun6YAAR
BLACK + GREY,BLACK + GREY,01t4w00000Nun6ZAAR
MULTIPLE,MULTIPLE,01t4w00000Nun6aAAB
BLACK+RED,BLACK+RED,01t4w00000Nun6bAAB
MULTIPLE,MULTIPLE,01t4w00000Nun6cAAB
MULTIPLE,MULTIPLE,01t4w00000Nun6dAAB
BLACK + RED,BLACK + RED,01t4w00000Nun6eAAB
MULTIPLE,MULTIPLE,01t4w00000Nun6fAAB
MULTIPLE,MULTIPLE,01t4w00000Nun6gAAB
GREY,GREY,01t4w00000Nun6hAAB
MULTIPLE,MULTIPLE,01t4w00000Nun6iAAB
BLACK + MULTIPLE COLORES,BLACK + MULTIPLE COLORES,01t4w00000Nun6jAAB
BLACK+GREY,BLACK+GREY,01t4w00000Nun6kAAB
MULTIPLE,MULTIPLE,01t4w00000Nun6lAAB
BLACK + RED,BLACK + RED,01t4w00000Nun6mAAB
MULTIPLE,MULTIPLE,01t4w00000Nun6nAAB
BLACK,BLACK,01t4w00000Nun6oAAB
BLACK+RED,BLACK+RED,01t4w00000Nun6pAAB
BLACK + RED,BLACK + RED,01t4w00000Nun6qAAB
BLACK+RED,BLACK+RED,01t4w00000Nun6rAAB
BLACK,BLACK,01t4w00000Nun6sAAB
BLACK,BLACK,01t4w00000Nun6tAAB
BLACK,BLACK,01t4w00000Nun6uAAB
GREY,GREY,01t4w00000Nun6vAAB
,BLACK,01t4w00000Nun6wAAB
BLUE,BLUE,01t4w00000Nun6xAAB
BLUE,BLUE,01t4w00000Nun6yAAB
BLACK,BLACK,01t4w00000Nun6zAAB
,SILVER,01t4w00000Nun70AAB
,BLACK,01t4w00000Nun71AAB
GREY,GREY,01t4w00000Nun72AAB
,BLACK AND RED,01t4w00000Nun73AAB
,BLACK,01t4w00000Nun74AAB
,BLACK+RED,01t4w00000Nun75AAB
,MULTIPLE,01t4w00000Nun76AAB
,MULTIPLE,01t4w00000Nun77AAB
MULTIPLE,MULTIPLE,01t4w00000Nun78AAB
GREY,GREY,01t4w00000Nun79AAB
GREY,GREY,01t4w00000Nun7AAAR
GREY,GREY,01t4w00000Nun7BAAR
MULTIPLE,MULTIPLE,01t4w00000Nun7CAAR
MULTIPLE,MULTIPLE,01t4w00000Nun7DAAR
MULTIPLE,MULTIPLE,01t4w00000Nun7EAAR
BROWN,BROWN,01t4w00000Nun7FAAR
BLACK,BLACK,01t4w00000Nun7GAAR
,BLACK,01t4w00000Nun7HAAR
BLACK,BLACK,01t4w00000Nun7IAAR
BLACK,BLACK,01t4w00000Nun7JAAR
,BLACK,01t4w00000Nun7KAAR
,"BLACK, NATURAL",01t4w00000Nun7LAAR
,BLACK,01t4w00000Nun7MAAR
,BLACK,01t4w00000Nun7NAAR
,BLACK,01t4w00000Nun7OAAR
,GREY,01t4w00000Nun7PAAR
,SILVER,01t4w00000Nun7QAAR
,YELLOW,01t4w00000Nun7RAAR
,"BLACK, GREY",01t4w00000Nun7SAAR
,"BLACK, GREY",01t4w00000Nun7TAAR
,BLACK,01t4w00000Nun7UAAR
,BLACK,01t4w00000Nun7VAAR
,BLACK,01t4w00000Nun7WAAR
,BLACK,01t4w00000Nun7XAAR
,BROWN,01t4w00000Nun7YAAR
,GREY,01t4w00000Nun7ZAAR
,GREY,01t4w00000Nun7bAAB
,BLACK,01t4w00000Nun7eAAB
,GREY,01t4w00000Nun7fAAB
BLACK,BLACK,01t4w00000Nun7hAAB
BLACK,BLACK,01t4w00000Nun7iAAB
,NATURAL,01t4w00000Nun7mAAB
BLACK,BLACK,01t4w00000Nun7pAAB
BLACK + RED,BLACK + RED,01t4w00000Nun7rAAB
,BLACK,01t4w00000Nun7sAAB
,SILVER+BLACK,01t4w00000Nun7tAAB
,NATURAL,01t4w00000Nun7uAAB
,BROWN,01t4w00000Nun7vAAB
MULTIPLE,MULTIPLE,01t4w00000Nun7xAAB
,CROMADO+BLACK,01t4w00000Nun80AAB
,NATURAL,01t4w00000Nun81AAB
,NATURAL,01t4w00000Nun83AAB
,NATURAL,01t4w00000Nun84AAB
,WHITE,01t4w00000Nun85AAB
,WHITE,01t4w00000Nun86AAB
,WHITE,01t4w00000Nun87AAB
,WHITE,01t4w00000Nun88AAB
,WHITE,01t4w00000Nun89AAB
,WHITE,01t4w00000Nun8AAAR
,WHITE,01t4w00000Nun8CAAR
,WHITE,01t4w00000Nun8RAAR
,WHITE,01t4w00000Nun8SAAR
,WHITE,01t4w00000Nun8TAAR
,GREY,01t4w00000Nun8UAAR
,WHITE,01t4w00000Nun8VAAR
,WHITE,01t4w00000Nun8WAAR
,WHITE,01t4w00000Nun8XAAR
,WHITE,01t4w00000Nun8YAAR
,GREY,01t4w00000Nun8ZAAR
,GREY,01t4w00000Nun8aAAB
,GREY,01t4w00000Nun8bAAB
,GREY,01t4w00000Nun8cAAB
,BLACK,01t4w00000Nun8dAAB
,GREY,01t4w00000Nun8eAAB
,WHITE,01t4w00000Nun8gAAB
,WHITE,01t4w00000Nun8iAAB
,WHITE,01t4w00000Nun8jAAB
,WHITE,01t4w00000Nun8lAAB
,BLACK,01t4w00000Nun8mAAB
,WHITE,01t4w00000Nun8pAAB
,WHITE,01t4w00000Nun8qAAB
,WHITE,01t4w00000Nun8rAAB
,WHITE,01t4w00000Nun8sAAB
,WHITE,01t4w00000Nun8tAAB
,WHITE,01t4w00000Nun8uAAB
,WHITE,01t4w00000Nun8vAAB
,WARM GREY,01t4w00000Nun8wAAB
,WARM GREY,01t4w00000Nun8xAAB
,WARM GREY,01t4w00000Nun8yAAB
,WARM GREY,01t4w00000Nun8zAAB
,WARM GREY,01t4w00000Nun90AAB
,WARM GREY,01t4w00000Nun91AAB
,WARM GREY,01t4w00000Nun92AAB
,WARM GREY,01t4w00000Nun93AAB
,WARM GREY,01t4w00000Nun94AAB
,WARM GREY,01t4w00000Nun95AAB
,WARM GREY,01t4w00000Nun96AAB
,WARM GREY,01t4w00000Nun97AAB
,WARM GREY,01t4w00000Nun98AAB
,WARM GREY,01t4w00000Nun99AAB
,WARM GREY,01t4w00000Nun9AAAR
,WARM GREY,01t4w00000Nun9BAAR
,WHITE,01t4w00000Nun9CAAR
,WHITE,01t4w00000Nun9DAAR
,WHITE,01t4w00000Nun9EAAR
,WHITE,01t4w00000Nun9FAAR
,BLACK,01t4w00000Nun9GAAR
,BLACK,01t4w00000Nun9HAAR
,BLACK,01t4w00000Nun9IAAR
,GREY,01t4w00000Nun9JAAR
,BLACK,01t4w00000Nun9KAAR
,BLACK,01t4w00000Nun9LAAR
,BLACK,01t4w00000Nun9MAAR
,BLACK,01t4w00000Nun9NAAR
,BLACK,01t4w00000Nun9OAAR
,BLACK,01t4w00000Nun9PAAR
,BLACK,01t4w00000Nun9QAAR
,BLACK,01t4w00000Nun9RAAR
,BLACK,01t4w00000Nun9SAAR
,GREY,01t4w00000Nun9TAAR
BLACK,BLACK,01t4w00000Nun9UAAR
,BLACK,01t4w00000Nun9VAAR
WHITE+WOOD,WHITE+WOOD,01t4w00000Nun9WAAR
,WHITE+WOOD,01t4w00000Nun9XAAR
NATURAL,NATURAL,01t4w00000Nun9cAAB
,NATURAL,01t4w00000Nun9dAAB
MULTIPLE,MULTIPLE,01t4w00000Nun9iAAB
,MULTIPLE,01t4w00000Nun9jAAB
GREY+NATURAL,GREY+NATURAL,01t4w00000Nun9kAAB
,GREY+NATURAL,01t4w00000Nun9lAAB
MULTIPLE,MULTIPLE,01t4w00000Nun9mAAB
,MULTIPLE,01t4w00000Nun9nAAB
NATURAL+BLACK,NATURAL+BLACK,01t4w00000Nun9oAAB
,NATURAL+BLACK,01t4w00000Nun9pAAB
MULTIPLE,MULTIPLE,01t4w00000Nun9qAAB
,MULTIPLE,01t4w00000Nun9rAAB
MULTIPLE COLORES,MULTIPLE COLORES,01t4w00000Nun9sAAB
,MULTIPLE COLORES,01t4w00000Nun9tAAB
MULTIPLE COLORES,MULTIPLE COLORES,01t4w00000Nun9uAAB
,MULTIPLE COLORES,01t4w00000Nun9vAAB
MULTIPLE,MULTIPLE,01t4w00000Nun9wAAB
,MULTIPLE,01t4w00000Nun9xAAB
MULTIPLE,MULTIPLE,01t4w00000Nun9yAAB
,MULTIPLE,01t4w00000Nun9zAAB
MULTIPLE,MULTIPLE,01t4w00000NunA0AAJ
,MULTIPLE,01t4w00000NunA1AAJ
MULTIPLE,MULTIPLE,01t4w00000NunA2AAJ
,MULTIPLE,01t4w00000NunA3AAJ
BEIGE,BEIGE,01t4w00000NunB2AAJ
BROWN,BEIGE,01t4w00000NunB3AAJ
WHITE,WHITE,01t4w00000NunB4AAJ
WHITE,WHITE,01t4w00000NunB5AAJ
GREY,GREY,01t4w00000NunB6AAJ
,GREY,01t4w00000NunB7AAJ
WHITE,WHITE,01t4w00000NunB8AAJ
,WHITE,01t4w00000NunB9AAJ
WARM GREY,WARM GREY,01t4w00000NunBAAAZ
,WARM GREY,01t4w00000NunBBAAZ
BLACK,BLACK,01t4w00000NunBCAAZ
,BLACK,01t4w00000NunBDAAZ
WHITE,WHITE,01t4w00000NunBEAAZ
,WHITE,01t4w00000NunBFAAZ
WHITE,WHITE,01t4w00000NunBxAAJ
WHITE,WHITE,01t4w00000NunByAAJ
WHITE + BLACK,WHITE + BLACK,01t4w00000NunBzAAJ
WHITE + BLACK,WHITE + BLACK,01t4w00000NunC0AAJ
BLACK,BLACK,01t4w00000NunC1AAJ
BLACK,BLACK,01t4w00000NunC2AAJ
NATURAL+YELLOW+AQUA+RED,NATURAL+YELLOW+AQUA+RED,01t4w00000NunC3AAJ
NATURAL + YELLOW + AQUA + RED,NATURAL+YELLOW+AQUA+RED,01t4w00000NunC4AAJ
WHITE,WHITE,01t4w00000NunC5AAJ
WHITE,WHITE,01t4w00000NunC6AAJ
BLACK,BLACK,01t4w00000NunCpAAJ
,BLACK,01t4w00000NunCqAAJ
MULTIPLE,MULTIPLE,01t4w00000NunCtAAJ
,MULTIPLE,01t4w00000NunCuAAJ
MULTIPLE,MULTIPLE,01t4w00000NunCvAAJ
MULTIPLE,MULTIPLE,01t4w00000NunCwAAJ
,MULTIPLE,01t4w00000NunCxAAJ
,MULTIPLE,01t4w00000NunCyAAJ
MULTIPLE,MULTIPLE,01t4w00000NunCzAAJ
,MULTIPLE,01t4w00000NunD0AAJ
MULTIPLE,MULTIPLE,01t4w00000NunD1AAJ
,MULTIPLE,01t4w00000NunD2AAJ
MULTIPLE,MULTIPLE,01t4w00000NunD3AAJ
,MULTIPLE,01t4w00000NunD4AAJ
MULTIPLE,MULTIPLE,01t4w00000NunD5AAJ
MULTIPLE,MULTIPLE,01t4w00000NunD6AAJ
MULTIPLE,MULTIPLE,01t4w00000NunD7AAJ
,MULTIPLE,01t4w00000NunD8AAJ
,MULTIPLE,01t4w00000NunD9AAJ
,MULTIPLE,01t4w00000NunDAAAZ
MULTIPLE,MULTIPLE,01t4w00000NunDBAAZ
MULTIPLE,MULTIPLE,01t4w00000NunDCAAZ
,MULTIPLE,01t4w00000NunDDAAZ
,MULTIPLE,01t4w00000NunDEAAZ
,MULTIPLE,01t4w00000NunDFAAZ
MULTIPLE,MULTIPLE,01t4w00000NunDGAAZ
MULTIPLE,MULTIPLE,01t4w00000NunDHAAZ
,MULTIPLE,01t4w00000NunDIAAZ
MULTIPLE,MULTIPLE,01t4w00000NunDMAAZ
MULTIPLE,MULTIPLE,01t4w00000NunDOAAZ
MULTIPLE,MULTIPLE,01t4w00000NunDPAAZ
,MULTIPLE,01t4w00000NunDQAAZ
,MULTIPLE,01t4w00000NunDRAAZ
MULTIPLE,MULTIPLE,01t4w00000NunDSAAZ
MULTIPLE,MULTIPLE,01t4w00000NunDTAAZ
,MULTIPLE,01t4w00000NunDUAAZ
MULTIPLE,MULTIPLE,01t4w00000NunDVAAZ
,MULTIPLE,01t4w00000NunDWAAZ
MULTIPLE,MULTIPLE,01t4w00000NunDXAAZ
,MULTIPLE,01t4w00000NunDYAAZ
MULTIPLE,MULTIPLE,01t4w00000NunDZAAZ
,MULTIPLE,01t4w00000NunDaAAJ
,MULTIPLE,01t4w00000NunDbAAJ
MULTIPLE,MULTIPLE,01t4w00000NunDcAAJ
,MULTIPLE,01t4w00000NunDdAAJ
MULTIPLE,MULTIPLE,01t4w00000NunDeAAJ
,MULTIPLE,01t4w00000NunDfAAJ
MULTIPLE,MULTIPLE,01t4w00000NunDgAAJ
MULTIPLE,MULTIPLE,01t4w00000NunDhAAJ
,MULTIPLE,01t4w00000NunDiAAJ
,MULTIPLE,01t4w00000NunDjAAJ
,MULTIPLE,01t4w00000NunDkAAJ
MULTIPLE,MULTIPLE,01t4w00000NunDlAAJ
MULTIPLE,MULTIPLE,01t4w00000NunDmAAJ
,MULTIPLE,01t4w00000NunDnAAJ
MULTIPLE,MULTIPLE,01t4w00000NunDoAAJ
,MULTIPLE,01t4w00000NunDpAAJ
WHITE,WHITE,01t4w00000NunDqAAJ
WHITE,WHITE,01t4w00000NunDrAAJ
WHITE,WHITE,01t4w00000NunDsAAJ
WHITE,WHITE,01t4w00000NunDtAAJ
WHITE,WHITE,01t4w00000NunDuAAJ
ORANGE,ORANGE,01t4w00000NunDvAAJ
,ORANGE,01t4w00000NunDwAAJ
WHITE,WHITE,01t4w00000NunDxAAJ
,WHITE,01t4w00000NunDyAAJ
BLACK,BLACK,01t4w00000NunDzAAJ
,BLACK,01t4w00000NunE0AAJ
GREY,GREY,01t4w00000NunE1AAJ
,GREY,01t4w00000NunE2AAJ
WHITE,WHITE,01t4w00000NunE3AAJ
WHITE,WHITE,01t4w00000NunE4AAJ
WHITE,WHITE,01t4w00000NunE5AAJ
BLACK,BLACK,01t4w00000NunE6AAJ
BLACK + NATURAL,BLACK + NATURAL,01t4w00000NunE7AAJ
BLACK + NATURAL,BLACK + NATURAL,01t4w00000NunE8AAJ
BLACK,BLACK,01t4w00000NunE9AAJ
WHITE+WOOD,WHITE+WOOD,01t4w00000NunEAAAZ
WHITE+WOOD,WHITE+WOOD,01t4w00000NunEBAAZ
WHITE+WOOD,WHITE+WOOD,01t4w00000NunECAAZ
GREY,GREY,01t4w00000NunEDAAZ
GREY,GREY,01t4w00000NunEEAAZ
WHITE,WHITE,01t4w00000NunEFAAZ
GREY,GREY,01t4w00000NunEGAAZ
WHITE,WHITE,01t4w00000NunEHAAZ
GREY,GREY,01t4w00000NunEIAAZ
GREY,GREY,01t4w00000NunEJAAZ
GREY,GREY,01t4w00000NunEKAAZ
BLACK,BLACK,01t4w00000NunELAAZ
BLUE,BLUE,01t4w00000NunEMAAZ
MULTIPLE,MULTIPLE,01t4w00000NunENAAZ
,MULTIPLE,01t4w00000NunEOAAZ
WHITE,WHITE,01t4w00000NunEPAAZ
,WHITE,01t4w00000NunEQAAZ
WHITE,WHITE,01t4w00000NunERAAZ
,WHITE,01t4w00000NunESAAZ
WHITE,WHITE,01t4w00000NunETAAZ
GREY,GREY,01t4w00000NunEUAAZ
WHITE+BLACK,WHITE+BLACK,01t4w00000NunEVAAZ
WHITE,WHITE,01t4w00000NunEWAAZ
GREY + RED,GREY + RED,01t4w00000NunEXAAZ
WHITE,WHITE,01t4w00000NunEYAAZ
WHITE,WHITE,01t4w00000NunEZAAZ
GREY,GREY,01t4w00000NunEaAAJ
GREY,GREY,01t4w00000NunEbAAJ
BLACK,BLACK,01t4w00000NunEcAAJ
WHITE,WHITE,01t4w00000NunEdAAJ
WHITE,WHITE,01t4w00000NunEeAAJ
GREY,GREY,01t4w00000NunEfAAJ
WHITE,WHITE,01t4w00000NunEgAAJ
GREY+WOOD,GREY+WOOD,01t4w00000NunEhAAJ
GREY+WOOD,GREY+WOOD,01t4w00000NunEiAAJ
GREY+WOOD,GREY+WOOD,01t4w00000NunEjAAJ
GREY+WOOD,GREY+WOOD,01t4w00000NunEkAAJ
GREY+WOOD,GREY+WOOD,01t4w00000NunElAAJ
WHITE + WOOD,WHITE + WOOD,01t4w00000NunEmAAJ
WHITE,WHITE,01t4w00000NunEnAAJ
WHITE + GREY,WHITE + GREY,01t4w00000NunEoAAJ
GREY + WHITE,GREY + WHITE,01t4w00000NunEpAAJ
GREY+BLUE,GREY+BLUE,01t4w00000NunEqAAJ
WHITE+BLUE,WHITE+BLUE,01t4w00000NunErAAJ
WHITE,WHITE,01t4w00000NunEsAAJ
GREY,GREY,01t4w00000NunEtAAJ
WHITE,WHITE,01t4w00000NunEuAAJ
WHITE+BLACK,WHITE+BLACK,01t4w00000NunEvAAJ
WHITE,WHITE,01t4w00000NunEwAAJ
WHITE,WHITE,01t4w00000NunExAAJ
WHITE,WHITE,01t4w00000NunEyAAJ
GREY + WHITE,GREY + WHITE,01t4w00000NunEzAAJ
WHITE + WOOD,WHITE + WOOD,01t4w00000NunF0AAJ
BLACK+WOOD,BLACK+WOOD,01t4w00000NunF1AAJ
BLACK,BLACK,01t4w00000NunF2AAJ
GREY,GREY,01t4w00000NunF3AAJ
,WHITE,01t4w00000NunF4AAJ
GREY+WHITE,GREY+WHITE,01t4w00000NunF5AAJ
BLACK+WHITE,BLACK+WHITE,01t4w00000NunF6AAJ
,WHITE,01t4w00000NunF7AAJ
,WHITE,01t4w00000NunF8AAJ
,WHITE+WOOD,01t4w00000NunF9AAJ
,WHITE,01t4w00000NunFAAAZ
,BLACK,01t4w00000NunFBAAZ
,WHITE,01t4w00000NunFCAAZ
,BLACK + NATURAL,01t4w00000NunFDAAZ
,GREY,01t4w00000NunFEAAZ
,WHITE,01t4w00000NunFFAAZ
,WHITE,01t4w00000NunFGAAZ
,WHITE+WOOD,01t4w00000NunFHAAZ
,WHITE,01t4w00000NunFIAAZ
,WHITE+WOOD,01t4w00000NunFJAAZ
,GREY,01t4w00000NunFKAAZ
,GREY,01t4w00000NunFLAAZ
,BLACK,01t4w00000NunFMAAZ
,BLACK,01t4w00000NunFNAAZ
,WHITE,01t4w00000NunFOAAZ
,GREY,01t4w00000NunFPAAZ
,WHITE,01t4w00000NunFQAAZ
,GREY,01t4w00000NunFRAAZ
,GREY,01t4w00000NunFSAAZ
,WHITE,01t4w00000NunFTAAZ
,GREY,01t4w00000NunFUAAZ
,BLUE,01t4w00000NunFVAAZ
,GREY + RED,01t4w00000NunFWAAZ
,WHITE+BLACK,01t4w00000NunFXAAZ
,WHITE,01t4w00000NunFYAAZ
,WHITE,01t4w00000NunFZAAZ
,GREY,01t4w00000NunFaAAJ
,WHITE,01t4w00000NunFbAAJ
,WHITE + WOOD,01t4w00000NunFcAAJ
,WHITE,01t4w00000NunFdAAJ
,GREY,01t4w00000NunFeAAJ
,BLACK,01t4w00000NunFfAAJ
,WHITE,01t4w00000NunFgAAJ
,GREY,01t4w00000NunFhAAJ
,WHITE,01t4w00000NunFiAAJ
,WHITE,01t4w00000NunFjAAJ
,GREY+WOOD,01t4w00000NunFkAAJ
,GREY+WOOD,01t4w00000NunFlAAJ
,GREY+WOOD,01t4w00000NunFmAAJ
,GREY+WOOD,01t4w00000NunFnAAJ
,WHITE + GREY,01t4w00000NunFoAAJ
,WHITE,01t4w00000NunFpAAJ
,GREY+WOOD,01t4w00000NunFqAAJ
,WHITE + WOOD,01t4w00000NunFrAAJ
,GREY,01t4w00000NunFsAAJ
,GREY + WHITE,01t4w00000NunFtAAJ
,GREY+BLUE,01t4w00000NunFuAAJ
,WHITE+BLUE,01t4w00000NunFvAAJ
,WHITE,01t4w00000NunFwAAJ
,WHITE,01t4w00000NunFxAAJ
,WHITE+BLACK,01t4w00000NunFyAAJ
,WHITE,01t4w00000NunFzAAJ
,GREY + WHITE,01t4w00000NunG0AAJ
,BLACK+WOOD,01t4w00000NunG1AAJ
,BLACK,01t4w00000NunG2AAJ
,GREY,01t4w00000NunG3AAJ
,GREY+WHITE,01t4w00000NunG4AAJ
,BLACK+WHITE,01t4w00000NunG5AAJ
,BLACK + NATURAL,01t4w00000NunG6AAJ
,WHITE,01t4w00000NunG7AAJ
,MULTIPLE,01t4w00000NunG8AAJ
MULTIPLE,MULTIPLE,01t4w00000NunGAAAZ
,MULTIPLE,01t4w00000NunGBAAZ
MULTIPLE,MULTIPLE,01t4w00000NunGCAAZ
,MULTIPLE,01t4w00000NunGDAAZ
MULTIPLE,MULTIPLE,01t4w00000NunGEAAZ
,MULTIPLE,01t4w00000NunGFAAZ
MULTIPLE,MULTIPLE,01t4w00000NunGHAAZ
,MULTIPLE,01t4w00000NunGIAAZ
MULTIPLE,MULTIPLE,01t4w00000NunGJAAZ
,MULTIPLE,01t4w00000NunGKAAZ
MULTIPLE,MULTIPLE,01t4w00000NunGNAAZ
,MULTIPLE,01t4w00000NunGOAAZ
MULTIPLE,MULTIPLE,01t4w00000NunGPAAZ
,MULTIPLE,01t4w00000NunGQAAZ
BLACK,BLACK,01t4w00000NunGRAAZ
,WHITE,01t4w00000NunGSAAZ
,BLACK,01t4w00000NunGTAAZ
BLACK,BLACK,01t4w00000NunGUAAZ
,BLACK,01t4w00000NunGVAAZ
WHITE,WHITE,01t4w00000NunGWAAZ
BLACK,BLACK,01t4w00000NunGXAAZ
,BLACK,01t4w00000NunGYAAZ
ANTRACITA,ANTRACITA,01t4w00000NunGZAAZ
,ANTRACITA,01t4w00000NunGaAAJ
NATURAL+CUSHION BEIGE,NATURAL+CUSHION BEIGE,01t4w00000NunGbAAJ
,NATURAL+CUSHION BEIGE,01t4w00000NunGcAAJ
GREY+CUSHION WHITE,GREY+CUSHION WHITE,01t4w00000NunGdAAJ
,GREY+CUSHION WHITE,01t4w00000NunGeAAJ
GREY+CUSHION TURQUOISE,GREY+CUSHION TURQUOISE,01t4w00000NunGfAAJ
,GREY+CUSHION TURQUOISE,01t4w00000NunGgAAJ
WHITE+CUSHION GREY DARK,WHITE+CUSHION GREY DARK,01t4w00000NunGhAAJ
WHITE,WHITE,01t4w00000NunGiAAJ
,WHITE,01t4w00000NunGjAAJ
,WHITE+CUSHION GREY DARK,01t4w00000NunGkAAJ
WHITE,WHITE,01t4w00000NunGlAAJ
,WHITE,01t4w00000NunGmAAJ
WHITE,WHITE,01t4w00000NunGnAAJ
,WHITE,01t4w00000NunGoAAJ
WHITE,WHITE,01t4w00000NunGpAAJ
,WHITE,01t4w00000NunGqAAJ
WHITE,WHITE,01t4w00000NunGrAAJ
,WHITE,01t4w00000NunGsAAJ
WHITE,WHITE,01t4w00000NunGtAAJ
,WHITE,01t4w00000NunGuAAJ
BLACK,BLACK,01t4w00000NunGvAAJ
,BLACK,01t4w00000NunGwAAJ
WHITE,WHITE,01t4w00000NunGxAAJ
,WHITE,01t4w00000NunGyAAJ
WHITE,WHITE,01t4w00000NunGzAAJ
,WHITE,01t4w00000NunH0AAJ
BLACK+WHITE,BLACK+WHITE,01t4w00000NunH1AAJ
,BLACK+WHITE,01t4w00000NunH2AAJ
NATURAL,NATURAL,01t4w00000NunH3AAJ
,NATURAL,01t4w00000NunH4AAJ
NATURAL,NATURAL,01t4w00000NunH5AAJ
,NATURAL,01t4w00000NunH6AAJ
NATURAL+BLUE,NATURAL+BLUE,01t4w00000NunH7AAJ
,NATURAL+BLUE,01t4w00000NunH8AAJ
NATURAL,NATURAL,01t4w00000NunH9AAJ
,NATURAL,01t4w00000NunHAAAZ
NATURAL,NATURAL,01t4w00000NunHBAAZ
,NATURAL,01t4w00000NunHCAAZ
BROWN+MOCA,BROWN+MOCA,01t4w00000NunHDAAZ
,BROWN+MOCA,01t4w00000NunHEAAZ
NATURAL+BLACK,NATURAL+BLACK,01t4w00000NunHFAAZ
,NATURAL+BLACK,01t4w00000NunHGAAZ
GREY + NATURAL,GREY + NATURAL,01t4w00000NunHHAAZ
,GREY + NATURAL,01t4w00000NunHIAAZ
BLUE,BLUE,01t4w00000NunHJAAZ
,BLUE,01t4w00000NunHKAAZ
MULTIPLE,MULTIPLE,01t4w00000NunHLAAZ
MULTIPLE,MULTIPLE,01t4w00000NunHMAAZ
MULTIPLE,MULTIPLE,01t4w00000NunHNAAZ
MULTIPLE,MULTIPLE,01t4w00000NunHOAAZ
MULTIPLE,MULTIPLE,01t4w00000NunHPAAZ
MULTIPLE,MULTIPLE,01t4w00000NunHQAAZ
MULTIPLE,MULTIPLE,01t4w00000NunHRAAZ
MULTIPLE,MULTIPLE,01t4w00000NunHSAAZ
MULTIPLE,MULTIPLE,01t4w00000NunHTAAZ
MULTIPLE,MULTIPLE,01t4w00000NunHUAAZ
MULTIPLE,MULTIPLE,01t4w00000NunHVAAZ
BLUE,BLUE,01t4w00000NunHWAAZ
MULTIPLE,MULTIPLE,01t4w00000NunHXAAZ
MULTIPLE,MULTIPLE,01t4w00000NunHYAAZ
MULTIPLE,MULTIPLE,01t4w00000NunHZAAZ
MULTIPLE,MULTIPLE,01t4w00000NunHaAAJ
MULTIPLE,MULTIPLE,01t4w00000NunHbAAJ
MULTIPLE,MULTIPLE,01t4w00000NunHcAAJ
MULTIPLE,MULTIPLE,01t4w00000NunHdAAJ
MULTIPLE,MULTIPLE,01t4w00000NunHeAAJ
MULTIPLE,MULTIPLE,01t4w00000NunHfAAJ
MULTIPLE,MULTIPLE,01t4w00000NunHgAAJ
MULTIPLE,MULTIPLE,01t4w00000NunHhAAJ
MULTIPLE,MULTIPLE,01t4w00000NunHiAAJ
MULTIPLE,MULTIPLE,01t4w00000NunHjAAJ
MULTIPLE,MULTIPLE,01t4w00000NunHkAAJ
MULTIPLE,MULTIPLE,01t4w00000NunHlAAJ
MULTIPLE,MULTIPLE,01t4w00000NunHmAAJ
MULTIPLE,MULTIPLE,01t4w00000NunHnAAJ
GREY,GREY,01t4w00000NunHoAAJ
GREY,GREY,01t4w00000NunHpAAJ
GREY,GREY,01t4w00000NunHqAAJ
GREY,GREY,01t4w00000NunHrAAJ
GREY,GREY,01t4w00000NunHsAAJ
,MULTIPLE,01t4w00000NunHtAAJ
,MULTIPLE,01t4w00000NunHuAAJ
,MULTIPLE,01t4w00000NunHvAAJ
,MULTIPLE,01t4w00000NunHwAAJ
,MULTIPLE,01t4w00000NunHxAAJ
,MULTIPLE,01t4w00000NunHyAAJ
,MULTIPLE,01t4w00000NunHzAAJ
,MULTIPLE,01t4w00000NunI0AAJ
,MULTIPLE,01t4w00000NunI1AAJ
,MULTIPLE,01t4w00000NunI2AAJ
,MULTIPLE,01t4w00000NunI3AAJ
,MULTIPLE,01t4w00000NunI4AAJ
,BLUE,01t4w00000NunI5AAJ
,MULTIPLE,01t4w00000NunI6AAJ
,MULTIPLE,01t4w00000NunI7AAJ
,MULTIPLE,01t4w00000NunI8AAJ
WHITE + BLACK,WHITE + BLACK,01t4w00000NunI9AAJ
,WHITE + BLACK,01t4w00000NunIAAAZ
WHITE + BLACK,WHITE + BLACK,01t4w00000NunIBAAZ
,WHITE + BLACK,01t4w00000NunICAAZ
GOLD,GOLD,01t4w00000NunIDAAZ
,GOLD,01t4w00000NunIEAAZ
BLACK,BLACK,01t4w00000NunIFAAZ
,BLACK,01t4w00000NunIGAAZ
BLACK+WOOD,BLACK+WOOD,01t4w00000NunIHAAZ
,BLACK+WOOD,01t4w00000NunIIAAZ
BLACK,BLACK,01t4w00000NunIJAAZ
,BLACK,01t4w00000NunIKAAZ
BEIGE + BLACK,BEIGE + BLACK,01t4w00000NunILAAZ
,BEIGE + BLACK,01t4w00000NunIMAAZ
WOOD,WOOD,01t4w00000NunINAAZ
,WOOD,01t4w00000NunIOAAZ
BLACK,BLACK,01t4w00000NunIPAAZ
,BLACK,01t4w00000NunIQAAZ
BLACK,BLACK,01t4w00000NunIRAAZ
,BLACK,01t4w00000NunISAAZ
BLACK+RED,BLACK+RED,01t4w00000NunITAAZ
,BLACK+RED,01t4w00000NunIUAAZ
BLACK,BLACK,01t4w00000NunIVAAZ
,BLACK,01t4w00000NunIWAAZ
,BLACK,01t4w00000NunIXAAZ
BLACK,BLACK,01t4w00000NunIYAAZ
,MULTIPLE,01t4w00000NunIZAAZ
,MULTIPLE,01t4w00000NunIaAAJ
,MULTIPLE,01t4w00000NunIbAAJ
,MULTIPLE,01t4w00000NunIcAAJ
,MULTIPLE,01t4w00000NunIdAAJ
,MULTIPLE,01t4w00000NunIeAAJ
,MULTIPLE,01t4w00000NunIfAAJ
,MULTIPLE,01t4w00000NunIgAAJ
,MULTIPLE,01t4w00000NunIhAAJ
,MULTIPLE,01t4w00000NunIiAAJ
,GREY,01t4w00000NunIjAAJ
,MULTIPLE,01t4w00000NunIkAAJ
,MULTIPLE,01t4w00000NunIlAAJ
,GREY,01t4w00000NunImAAJ
,GREY,01t4w00000NunInAAJ
,GREY,01t4w00000NunIoAAJ
,GREY,01t4w00000NunIpAAJ
,MULTIPLE,01t4w00000NunIqAAJ
BLACK,BLACK,01t4w00000NunIrAAJ
,BLACK,01t4w00000NunIsAAJ
BROWN,BROWN,01t4w00000NunIvAAJ
,BROWN,01t4w00000NunIwAAJ
WHITE,WHITE,01t4w00000NunIzAAJ
,WHITE,01t4w00000NunJ0AAJ
WHITE,WHITE,01t4w00000NunJ1AAJ
,WHITE,01t4w00000NunJ2AAJ
CHROME PLATED,CHROME PLATED,01t4w00000NunJ3AAJ
,CHROME PLATED,01t4w00000NunJ4AAJ
BLACK,BLACK,01t4w00000NunJ7AAJ
,BLACK,01t4w00000NunJ8AAJ
BLACK,BLACK,01t4w00000NunJBAAZ
,BLACK,01t4w00000NunJCAAZ
SILVER,SILVER,01t4w00000NunJDAAZ
,SILVER,01t4w00000NunJEAAZ
SILVER,SILVER,01t4w00000NunJLAAZ
,SILVER,01t4w00000NunJMAAZ
GREY,GREY,01t4w00000NunJVAAZ
,GREY,01t4w00000NunJWAAZ
GREEN,GREEN,01t4w00000NunJXAAZ
,GREEN,01t4w00000NunJYAAZ
GREEN,GREEN,01t4w00000NunJZAAZ
,GREEN,01t4w00000NunJaAAJ
,GREEN,01t4w00000NunJbAAJ
GREEN,GREEN,01t4w00000NunJcAAJ
GREEN,GREEN,01t4w00000NunJdAAJ
GREEN,GREEN,01t4w00000NunJeAAJ
GREEN,GREEN,01t4w00000NunJfAAJ
,GREEN,01t4w00000NunJgAAJ
,GREEN,01t4w00000NunJhAAJ
,GREEN,01t4w00000NunJiAAJ
,GREEN,01t4w00000NunJjAAJ
GREEN,GREEN,01t4w00000NunJkAAJ
GREY,GREY,01t4w00000NunJlAAJ
,GREY,01t4w00000NunJmAAJ
GREY,GREY,01t4w00000NunJnAAJ
,GREY,01t4w00000NunJoAAJ
GREY,GREY,01t4w00000NunJpAAJ
,GREY,01t4w00000NunJqAAJ
GREY,GREY,01t4w00000NunJrAAJ
,GREY,01t4w00000NunJsAAJ
,GREY,01t4w00000NunJtAAJ
GREY,GREY,01t4w00000NunJuAAJ
,GREY,01t4w00000NunJvAAJ
WHITE,WHITE,01t4w00000NunJwAAJ
BROWN,BROWN,01t4w00000NunJxAAJ
BROWN,BROWN,01t4w00000NunJyAAJ
GREY,GREY,01t4w00000NunJzAAJ
,GREY,01t4w00000NunK0AAJ
GREY,GREY,01t4w00000NunK1AAJ
BROWN,BROWN,01t4w00000NunK2AAJ
GREY,GREY,01t4w00000NunK3AAJ
GREY,GREY,01t4w00000NunK4AAJ
,GREY,01t4w00000NunK5AAJ
GREY,GREY,01t4w00000NunK6AAJ
PINK,PINK,01t4w00000NunK7AAJ
MULTIPLE,MULTIPLE,01t4w00000NunK8AAJ
MULTIPLE,MULTIPLE,01t4w00000NunK9AAJ
MULTIPLE,MULTIPLE,01t4w00000NunKAAAZ
MULTIPLE,MULTIPLE,01t4w00000NunKBAAZ
MULTIPLE,MULTIPLE,01t4w00000NunKCAAZ
MULTIPLE,MULTIPLE,01t4w00000NunKDAAZ
MULTIPLE,MULTIPLE,01t4w00000NunKEAAZ
MULTIPLE,MULTIPLE,01t4w00000NunKFAAZ
MULTIPLE,MULTIPLE,01t4w00000NunKGAAZ
MULTIPLE,MULTIPLE,01t4w00000NunKHAAZ
MULTIPLE,MULTIPLE,01t4w00000NunKIAAZ
MULTIPLE,MULTIPLE,01t4w00000NunKJAAZ
MULTIPLE,MULTIPLE,01t4w00000NunKKAAZ
MULTIPLE,MULTIPLE,01t4w00000NunKLAAZ
GREY,GREY,01t4w00000NunKMAAZ
WHITE,WHITE,01t4w00000NunKNAAZ
MULTIPLE,MULTIPLE,01t4w00000NunKOAAZ
MULTIPLE,MULTIPLE,01t4w00000NunKPAAZ
MULTIPLE,MULTIPLE,01t4w00000NunKQAAZ
MULTIPLE,MULTIPLE,01t4w00000NunKRAAZ
MULTIPLE,MULTIPLE,01t4w00000NunKSAAZ
MULTIPLE,MULTIPLE,01t4w00000NunKTAAZ
MULTIPLE,MULTIPLE,01t4w00000NunKUAAZ
MULTIPLE,MULTIPLE,01t4w00000NunKVAAZ
,MULTIPLE,01t4w00000NunKWAAZ
,MULTIPLE,01t4w00000NunKXAAZ
MULTIPLE,MULTIPLE,01t4w00000NunKYAAZ
MULTIPLE,MULTIPLE,01t4w00000NunKZAAZ
MULTIPLE,MULTIPLE,01t4w00000NunKaAAJ
,MULTIPLE,01t4w00000NunKbAAJ
,MULTIPLE,01t4w00000NunKcAAJ
,MULTIPLE,01t4w00000NunKdAAJ
,MULTIPLE,01t4w00000NunKeAAJ
,MULTIPLE,01t4w00000NunKfAAJ
,MULTIPLE,01t4w00000NunKgAAJ
,MULTIPLE,01t4w00000NunKhAAJ
MULTIPLE,MULTIPLE,01t4w00000NunKiAAJ
MULTIPLE,MULTIPLE,01t4w00000NunKjAAJ
MULTIPLE,MULTIPLE,01t4w00000NunKkAAJ
,MULTIPLE,01t4w00000NunKlAAJ
,MULTIPLE,01t4w00000NunKmAAJ
,MULTIPLE,01t4w00000NunKnAAJ
,MULTIPLE,01t4w00000NunKoAAJ
,MULTIPLE,01t4w00000NunKpAAJ
,MULTIPLE,01t4w00000NunKqAAJ
,MULTIPLE,01t4w00000NunKrAAJ
,MULTIPLE,01t4w00000NunKsAAJ
,MULTIPLE,01t4w00000NunKtAAJ
,MULTIPLE,01t4w00000NunKuAAJ
MULTIPLE,MULTIPLE,01t4w00000NunKvAAJ
MULTIPLE,MULTIPLE,01t4w00000NunKwAAJ
MULTIPLE,MULTIPLE,01t4w00000NunKxAAJ
MULTIPLE,MULTIPLE,01t4w00000NunKyAAJ
MULTIPLE,MULTIPLE,01t4w00000NunKzAAJ
MULTIPLE,MULTIPLE,01t4w00000NunL0AAJ
,MULTIPLE,01t4w00000NunL1AAJ
,MULTIPLE,01t4w00000NunL2AAJ
,MULTIPLE,01t4w00000NunL3AAJ
,MULTIPLE,01t4w00000NunL4AAJ
,MULTIPLE,01t4w00000NunL5AAJ
MULTIPLE,MULTIPLE,01t4w00000NunL6AAJ
MULTIPLE,MULTIPLE,01t4w00000NunL7AAJ
,MULTIPLE,01t4w00000NunL8AAJ
MULTIPLE,MULTIPLE,01t4w00000NunL9AAJ
,MULTIPLE,01t4w00000NunLAAAZ
,MULTIPLE,01t4w00000NunLBAAZ
,MULTIPLE,01t4w00000NunLCAAZ
,MULTIPLE,01t4w00000NunLDAAZ
,MULTIPLE,01t4w00000NunLEAAZ
,MULTIPLE,01t4w00000NunLFAAZ
MULTIPLE,MULTIPLE,01t4w00000NunLGAAZ
MULTIPLE,MULTIPLE,01t4w00000NunLHAAZ
MULTIPLE,MULTIPLE,01t4w00000NunLIAAZ
MULTIPLE,MULTIPLE,01t4w00000NunLJAAZ
MULTIPLE,MULTIPLE,01t4w00000NunLKAAZ
MULTIPLE,MULTIPLE,01t4w00000NunLLAAZ
MULTIPLE,MULTIPLE,01t4w00000NunLMAAZ
MULTIPLE,MULTIPLE,01t4w00000NunLNAAZ
MULTIPLE,MULTIPLE,01t4w00000NunLOAAZ
MULTIPLE,MULTIPLE,01t4w00000NunLPAAZ
MULTIPLE,MULTIPLE,01t4w00000NunLQAAZ
,MULTIPLE,01t4w00000NunLRAAZ
GREEN,GREEN,01t4w00000NunLSAAZ
GREEN,GREEN,01t4w00000NunLTAAZ
PINK,PINK,01t4w00000NunLUAAZ
MULTIPLE,MULTIPLE,01t4w00000NunLVAAZ
MULTIPLE,MULTIPLE,01t4w00000NunLWAAZ
MULTIPLE,MULTIPLE,01t4w00000NunLXAAZ
MULTIPLE,MULTIPLE,01t4w00000NunLYAAZ
MULTIPLE,MULTIPLE,01t4w00000NunLZAAZ
MULTIPLE,MULTIPLE,01t4w00000NunLaAAJ
MULTIPLE,MULTIPLE,01t4w00000NunLbAAJ
MULTIPLE,MULTIPLE,01t4w00000NunLcAAJ
MULTIPLE,MULTIPLE,01t4w00000NunLdAAJ
MULTIPLE,MULTIPLE,01t4w00000NunLeAAJ
MULTIPLE,MULTIPLE,01t4w00000NunLfAAJ
MULTIPLE,MULTIPLE,01t4w00000NunLgAAJ
MULTIPLE,MULTIPLE,01t4w00000NunLhAAJ
BLACK+WHITE,BLACK+WHITE,01t4w00000NunLiAAJ
BLUE,BLUE,01t4w00000NunLjAAJ
MULTIPLE,MULTIPLE,01t4w00000NunLkAAJ
MULTIPLE,MULTIPLE,01t4w00000NunLlAAJ
BROWN,BROWN,01t4w00000NunLmAAJ
WHITE+PINK,WHITE+PINK,01t4w00000NunLnAAJ
MULTIPLE,MULTIPLE,01t4w00000NunLoAAJ
GREY,GREY,01t4w00000NunLpAAJ
MULTIPLE,MULTIPLE,01t4w00000NunLqAAJ
MULTIPLE,MULTIPLE,01t4w00000NunLrAAJ
MULTIPLE,MULTIPLE,01t4w00000NunLsAAJ
MULTIPLE,MULTIPLE,01t4w00000NunLtAAJ
MULTIPLE,MULTIPLE,01t4w00000NunLuAAJ
MULTIPLE,MULTIPLE,01t4w00000NunLvAAJ
MULTIPLE,MULTIPLE,01t4w00000NunLwAAJ
MULTIPLE,MULTIPLE,01t4w00000NunLxAAJ
MULTIPLE,MULTIPLE,01t4w00000NunLyAAJ
MULTIPLE,MULTIPLE,01t4w00000NunLzAAJ
BLACK+WHITE,BLACK+WHITE,01t4w00000NunM0AAJ
MULTIPLE,MULTIPLE,01t4w00000NunM1AAJ
MULTIPLE,MULTIPLE,01t4w00000NunM2AAJ
MULTIPLE,MULTIPLE,01t4w00000NunM3AAJ
MULTIPLE,MULTIPLE,01t4w00000NunM4AAJ
MULTIPLE,MULTIPLE,01t4w00000NunM5AAJ
MULTIPLE,MULTIPLE,01t4w00000NunM6AAJ
MULTIPLE,MULTIPLE,01t4w00000NunM7AAJ
,MULTIPLE,01t4w00000NunM8AAJ
,MULTIPLE,01t4w00000NunM9AAJ
,MULTIPLE,01t4w00000NunMAAAZ
,MULTIPLE,01t4w00000NunMBAAZ
,MULTIPLE,01t4w00000NunMCAAZ
,MULTIPLE,01t4w00000NunMDAAZ
,MULTIPLE,01t4w00000NunMEAAZ
,MULTIPLE,01t4w00000NunMFAAZ
,MULTIPLE,01t4w00000NunMGAAZ
,MULTIPLE,01t4w00000NunMHAAZ
,MULTIPLE,01t4w00000NunMIAAZ
,MULTIPLE,01t4w00000NunMJAAZ
,MULTIPLE,01t4w00000NunMKAAZ
,MULTIPLE,01t4w00000NunMLAAZ
,MULTIPLE,01t4w00000NunMMAAZ
,MULTIPLE,01t4w00000NunMNAAZ
,MULTIPLE,01t4w00000NunMOAAZ
,MULTIPLE,01t4w00000NunMPAAZ
,MULTIPLE,01t4w00000NunMQAAZ
,MULTIPLE,01t4w00000NunMRAAZ
MULTIPLE,MULTIPLE,01t4w00000NunMSAAZ
,MULTIPLE,01t4w00000NunMTAAZ
,MULTIPLE,01t4w00000NunMUAAZ
,MULTIPLE,01t4w00000NunMVAAZ
MULTIPLE,MULTIPLE,01t4w00000NunMWAAZ
,MULTIPLE,01t4w00000NunMXAAZ
,MULTIPLE,01t4w00000NunMYAAZ
,MULTIPLE,01t4w00000NunMZAAZ
,MULTIPLE,01t4w00000NunMaAAJ
MULTIPLE,MULTIPLE,01t4w00000NunMbAAJ
MULTIPLE,MULTIPLE,01t4w00000NunMcAAJ
MULTIPLE,MULTIPLE,01t4w00000NunMdAAJ
MULTIPLE,MULTIPLE,01t4w00000NunMeAAJ
MULTIPLE,MULTIPLE,01t4w00000NunMfAAJ
MULTIPLE,MULTIPLE,01t4w00000NunMgAAJ
,MULTIPLE,01t4w00000NunMhAAJ
MULTIPLE,MULTIPLE,01t4w00000NunMiAAJ
,MULTIPLE,01t4w00000NunMjAAJ
,MULTIPLE,01t4w00000NunMkAAJ
,MULTIPLE,01t4w00000NunMlAAJ
,MULTIPLE,01t4w00000NunMmAAJ
,MULTIPLE,01t4w00000NunMnAAJ
,MULTIPLE,01t4w00000NunMoAAJ
,MULTIPLE,01t4w00000NunMpAAJ
,MULTIPLE,01t4w00000NunMqAAJ
,MULTIPLE,01t4w00000NunMrAAJ
,MULTIPLE,01t4w00000NunMsAAJ
,MULTIPLE,01t4w00000NunMtAAJ
,MULTIPLE,01t4w00000NunMuAAJ
,MULTIPLE,01t4w00000NunMvAAJ
,MULTIPLE,01t4w00000NunMwAAJ
,MULTIPLE,01t4w00000NunMxAAJ
,MULTIPLE,01t4w00000NunMyAAJ
,MULTIPLE,01t4w00000NunMzAAJ
MULTIPLE,MULTIPLE,01t4w00000NunN0AAJ
MULTIPLE,MULTIPLE,01t4w00000NunN1AAJ
MULTIPLE,MULTIPLE,01t4w00000NunN2AAJ
MULTIPLE,MULTIPLE,01t4w00000NunN3AAJ
MULTIPLE,MULTIPLE,01t4w00000NunN4AAJ
MULTIPLE,MULTIPLE,01t4w00000NunN5AAJ
MULTIPLE,MULTIPLE,01t4w00000NunN6AAJ
MULTIPLE,MULTIPLE,01t4w00000NunN7AAJ
MULTIPLE,MULTIPLE,01t4w00000NunN8AAJ
MULTIPLE,MULTIPLE,01t4w00000NunN9AAJ
MULTIPLE,MULTIPLE,01t4w00000NunNAAAZ
MULTIPLE,MULTIPLE,01t4w00000NunNBAAZ
MULTIPLE,MULTIPLE,01t4w00000NunNCAAZ
MULTIPLE,MULTIPLE,01t4w00000NunNDAAZ
MULTIPLE,MULTIPLE,01t4w00000NunNEAAZ
MULTIPLE,MULTIPLE,01t4w00000NunNFAAZ
MULTIPLE,MULTIPLE,01t4w00000NunNGAAZ
,MULTIPLE,01t4w00000NunNHAAZ
MULTIPLE,MULTIPLE,01t4w00000NunNIAAZ
,MULTIPLE,01t4w00000NunNJAAZ
,MULTIPLE,01t4w00000NunNKAAZ
,MULTIPLE,01t4w00000NunNLAAZ
,MULTIPLE,01t4w00000NunNMAAZ
MULTIPLE,MULTIPLE,01t4w00000NunNNAAZ
MULTIPLE,MULTIPLE,01t4w00000NunNOAAZ
MULTIPLE,MULTIPLE,01t4w00000NunNPAAZ
MULTIPLE,MULTIPLE,01t4w00000NunNQAAZ
MULTIPLE,MULTIPLE,01t4w00000NunNRAAZ
MULTIPLE,MULTIPLE,01t4w00000NunNSAAZ
MULTIPLE,MULTIPLE,01t4w00000NunNTAAZ
MULTIPLE,MULTIPLE,01t4w00000NunNUAAZ
MULTIPLE,MULTIPLE,01t4w00000NunNVAAZ
MULTIPLE,MULTIPLE,01t4w00000NunNWAAZ
MULTIPLE,MULTIPLE,01t4w00000NunNXAAZ
MULTIPLE,MULTIPLE,01t4w00000NunNYAAZ
MULTIPLE,MULTIPLE,01t4w00000NunNaAAJ
MULTIPLE,MULTIPLE,01t4w00000NunNbAAJ
MULTIPLE,MULTIPLE,01t4w00000NunNcAAJ
MULTIPLE,MULTIPLE,01t4w00000NunNdAAJ
MULTIPLE,MULTIPLE,01t4w00000NunNeAAJ
MULTIPLE,MULTIPLE,01t4w00000NunNfAAJ
MULTIPLE,MULTIPLE,01t4w00000NunNgAAJ
MULTIPLE,MULTIPLE,01t4w00000NunNhAAJ
MULTIPLE,MULTIPLE,01t4w00000NunNiAAJ
MULTIPLE,MULTIPLE,01t4w00000NunNjAAJ
MULTIPLE,MULTIPLE,01t4w00000NunNkAAJ
MULTIPLE,MULTIPLE,01t4w00000NunNlAAJ
MULTIPLE,MULTIPLE,01t4w00000NunNmAAJ
MULTIPLE,MULTIPLE,01t4w00000NunNnAAJ
MULTIPLE,MULTIPLE,01t4w00000NunNoAAJ
MULTIPLE,MULTIPLE,01t4w00000NunNpAAJ
MULTIPLE,MULTIPLE,01t4w00000NunNqAAJ
MULTIPLE,MULTIPLE,01t4w00000NunNrAAJ
MULTIPLE,MULTIPLE,01t4w00000NunNsAAJ
MULTIPLE,MULTIPLE,01t4w00000NunNtAAJ
MULTIPLE,MULTIPLE,01t4w00000NunNuAAJ
MULTIPLE,MULTIPLE,01t4w00000NunNvAAJ
MULTIPLE,MULTIPLE,01t4w00000NunNwAAJ
MULTIPLE,MULTIPLE,01t4w00000NunNxAAJ
MULTIPLE,MULTIPLE,01t4w00000NunNyAAJ
MULTIPLE,MULTIPLE,01t4w00000NunNzAAJ
MULTIPLE,MULTIPLE,01t4w00000NunO0AAJ
MULTIPLE,MULTIPLE,01t4w00000NunO1AAJ
MULTIPLE,MULTIPLE,01t4w00000NunO2AAJ
MULTIPLE,MULTIPLE,01t4w00000NunO3AAJ
MULTIPLE,MULTIPLE,01t4w00000NunO4AAJ
MULTIPLE,MULTIPLE,01t4w00000NunO5AAJ
MULTIPLE,MULTIPLE,01t4w00000NunO6AAJ
MULTIPLE,MULTIPLE,01t4w00000NunO7AAJ
MULTIPLE,MULTIPLE,01t4w00000NunO8AAJ
MULTIPLE,MULTIPLE,01t4w00000NunO9AAJ
MULTIPLE,MULTIPLE,01t4w00000NunOAAAZ
MULTIPLE,MULTIPLE,01t4w00000NunOBAAZ
MULTIPLE,MULTIPLE,01t4w00000NunOCAAZ
MULTIPLE,MULTIPLE,01t4w00000NunODAAZ
MULTIPLE,MULTIPLE,01t4w00000NunOEAAZ
MULTIPLE,MULTIPLE,01t4w00000NunOFAAZ
MULTIPLE,MULTIPLE,01t4w00000NunOGAAZ
MULTIPLE,MULTIPLE,01t4w00000NunOHAAZ
MULTIPLE,MULTIPLE,01t4w00000NunOIAAZ
MULTIPLE,MULTIPLE,01t4w00000NunOJAAZ
MULTIPLE,MULTIPLE,01t4w00000NunOKAAZ
MULTIPLE,MULTIPLE,01t4w00000NunOLAAZ
MULTIPLE,MULTIPLE,01t4w00000NunOMAAZ
MULTIPLE,MULTIPLE,01t4w00000NunONAAZ
,MULTIPLE,01t4w00000NunOOAAZ
MULTIPLE,MULTIPLE,01t4w00000NunOPAAZ
MULTIPLE,MULTIPLE,01t4w00000NunOQAAZ
MULTIPLE,MULTIPLE,01t4w00000NunORAAZ
MULTIPLE,MULTIPLE,01t4w00000NunOSAAZ
BLACK+WHITE,BLACK+WHITE,01t4w00000NunOTAAZ
MULTIPLE,MULTIPLE,01t4w00000NunOUAAZ
MULTIPLE,MULTIPLE,01t4w00000NunOVAAZ
MULTIPLE,MULTIPLE,01t4w00000NunOWAAZ
MULTIPLE,MULTIPLE,01t4w00000NunOXAAZ
,MULTIPLE,01t4w00000NunOYAAZ
,MULTIPLE,01t4w00000NunOZAAZ
,MULTIPLE,01t4w00000NunOaAAJ
,MULTIPLE,01t4w00000NunObAAJ
,MULTIPLE,01t4w00000NunOcAAJ
,MULTIPLE,01t4w00000NunOdAAJ
,MULTIPLE,01t4w00000NunOeAAJ
,MULTIPLE,01t4w00000NunOfAAJ
,MULTIPLE,01t4w00000NunOgAAJ
,MULTIPLE,01t4w00000NunOhAAJ
,MULTIPLE,01t4w00000NunOiAAJ
,MULTIPLE,01t4w00000NunOjAAJ
,MULTIPLE,01t4w00000NunOkAAJ
MULTIPLE,MULTIPLE,01t4w00000NunOlAAJ
,MULTIPLE,01t4w00000NunOmAAJ
,MULTIPLE,01t4w00000NunOnAAJ
MULTIPLE,MULTIPLE,01t4w00000NunOoAAJ
,MULTIPLE,01t4w00000NunOpAAJ
MULTIPLE,MULTIPLE,01t4w00000NunOqAAJ
MULTIPLE,MULTIPLE,01t4w00000NunOrAAJ
MULTIPLE,MULTIPLE,01t4w00000NunOsAAJ
,MULTIPLE,01t4w00000NunOtAAJ
,MULTIPLE,01t4w00000NunOuAAJ
,MULTIPLE,01t4w00000NunOvAAJ
,MULTIPLE,01t4w00000NunOwAAJ
,MULTIPLE,01t4w00000NunOxAAJ
,MULTIPLE,01t4w00000NunOyAAJ
MULTIPLE,MULTIPLE,01t4w00000NunOzAAJ
MULTIPLE,MULTIPLE,01t4w00000NunP0AAJ
,MULTIPLE,01t4w00000NunP1AAJ
,MULTIPLE,01t4w00000NunP2AAJ
,MULTIPLE,01t4w00000NunP3AAJ
,MULTIPLE,01t4w00000NunP4AAJ
,MULTIPLE,01t4w00000NunP5AAJ
,MULTIPLE,01t4w00000NunP6AAJ
,MULTIPLE,01t4w00000NunP7AAJ
,MULTIPLE,01t4w00000NunP8AAJ
,MULTIPLE,01t4w00000NunP9AAJ
,MULTIPLE,01t4w00000NunPAAAZ
,MULTIPLE,01t4w00000NunPBAAZ
,MULTIPLE,01t4w00000NunPCAAZ
,MULTIPLE,01t4w00000NunPDAAZ
,MULTIPLE,01t4w00000NunPEAAZ
,MULTIPLE,01t4w00000NunPFAAZ
,MULTIPLE,01t4w00000NunPGAAZ
,MULTIPLE,01t4w00000NunPHAAZ
MULTIPLE,MULTIPLE,01t4w00000NunPIAAZ
,MULTIPLE,01t4w00000NunPJAAZ
,MULTIPLE,01t4w00000NunPKAAZ
,MULTIPLE,01t4w00000NunPLAAZ
,MULTIPLE,01t4w00000NunPMAAZ
MULTIPLE,MULTIPLE,01t4w00000NunPNAAZ
,MULTIPLE,01t4w00000NunPOAAZ
,MULTIPLE,01t4w00000NunPPAAZ
,MULTIPLE,01t4w00000NunPQAAZ
,MULTIPLE,01t4w00000NunPRAAZ
,MULTIPLE,01t4w00000NunPSAAZ
WHITE,WHITE,01t4w00000NunPTAAZ
BLACK,BLACK,01t4w00000NunPUAAZ
MULTIPLE,MULTIPLE,01t4w00000NunPVAAZ
,MULTIPLE,01t4w00000NunPWAAZ
,MULTIPLE,01t4w00000NunPXAAZ
BROWN,BROWN,01t4w00000NunPYAAZ
WHITE,WHITE,01t4w00000NunPZAAZ
GREEN,GREEN,01t4w00000NunPaAAJ
,MULTIPLE,01t4w00000NunPbAAJ
,GREEN,01t4w00000NunPcAAJ
,MULTIPLE,01t4w00000NunPdAAJ
,MULTIPLE,01t4w00000NunPeAAJ
,MULTIPLE,01t4w00000NunPfAAJ
,MULTIPLE,01t4w00000NunPgAAJ
MULTIPLE,MULTIPLE,01t4w00000NunPhAAJ
MULTIPLE,MULTIPLE,01t4w00000NunPiAAJ
MULTIPLE,MULTIPLE,01t4w00000NunPjAAJ
BROWN,BROWN,01t4w00000NunPkAAJ
MULTIPLE,MULTIPLE,01t4w00000NunPlAAJ
MULTIPLE,MULTIPLE,01t4w00000NunPmAAJ
MULTIPLE,MULTIPLE,01t4w00000NunPnAAJ
MULTIPLE,MULTIPLE,01t4w00000NunPoAAJ
MULTIPLE,MULTIPLE,01t4w00000NunPpAAJ
BLACK,BLACK,01t4w00000NunPqAAJ
MULTIPLE,MULTIPLE,01t4w00000NunPrAAJ
GREY,GREY,01t4w00000NunPsAAJ
MULTIPLE,MULTIPLE,01t4w00000NunPtAAJ
MULTIPLE,MULTIPLE,01t4w00000NunPuAAJ
BROWN,BROWN,01t4w00000NunPvAAJ
WHITE,WHITE,01t4w00000NunPwAAJ
BROWN,BROWN,01t4w00000NunPxAAJ
MULTIPLE,MULTIPLE,01t4w00000NunPyAAJ
MULTIPLE,MULTIPLE,01t4w00000NunPzAAJ
GREEN,GREEN,01t4w00000NunQ0AAJ
GREY,GREY,01t4w00000NunQ1AAJ
MULTIPLE,MULTIPLE,01t4w00000NunQ2AAJ
MULTIPLE,MULTIPLE,01t4w00000NunQ3AAJ
BROWN,BROWN,01t4w00000NunQ4AAJ
,WHITE,01t4w00000NunQ5AAJ
,BROWN,01t4w00000NunQ6AAJ
,BROWN,01t4w00000NunQ7AAJ
,BROWN,01t4w00000NunQ8AAJ
,GREY,01t4w00000NunQ9AAJ
,GREY,01t4w00000NunQAAAZ
,PINK,01t4w00000NunQBAAZ
,MULTIPLE,01t4w00000NunQCAAZ
,GREEN,01t4w00000NunQDAAZ
,WHITE,01t4w00000NunQEAAZ
,GREEN,01t4w00000NunQFAAZ
,PINK,01t4w00000NunQGAAZ
,BLACK+WHITE,01t4w00000NunQHAAZ
,BLUE,01t4w00000NunQIAAZ
,BROWN,01t4w00000NunQJAAZ
,WHITE+PINK,01t4w00000NunQKAAZ
,MULTIPLE,01t4w00000NunQLAAZ
,MULTIPLE,01t4w00000NunQMAAZ
,GREY,01t4w00000NunQNAAZ
,MULTIPLE,01t4w00000NunQOAAZ
,MULTIPLE,01t4w00000NunQPAAZ
,MULTIPLE,01t4w00000NunQQAAZ
,MULTIPLE,01t4w00000NunQRAAZ
,MULTIPLE,01t4w00000NunQSAAZ
,MULTIPLE,01t4w00000NunQTAAZ
,MULTIPLE,01t4w00000NunQUAAZ
,MULTIPLE,01t4w00000NunQVAAZ
,MULTIPLE,01t4w00000NunQWAAZ
,MULTIPLE,01t4w00000NunQXAAZ
,MULTIPLE,01t4w00000NunQYAAZ
,GREY,01t4w00000NunQZAAZ
,MULTIPLE,01t4w00000NunQaAAJ
,MULTIPLE,01t4w00000NunQbAAJ
,BLACK+WHITE,01t4w00000NunQcAAJ
,MULTIPLE,01t4w00000NunQdAAJ
,MULTIPLE,01t4w00000NunQeAAJ
,MULTIPLE,01t4w00000NunQfAAJ
,MULTIPLE,01t4w00000NunQgAAJ
,MULTIPLE,01t4w00000NunQhAAJ
,MULTIPLE,01t4w00000NunQiAAJ
,MULTIPLE,01t4w00000NunQjAAJ
,MULTIPLE,01t4w00000NunQkAAJ
,MULTIPLE,01t4w00000NunQlAAJ
,MULTIPLE,01t4w00000NunQmAAJ
,MULTIPLE,01t4w00000NunQnAAJ
,MULTIPLE,01t4w00000NunQoAAJ
,MULTIPLE,01t4w00000NunQpAAJ
,MULTIPLE,01t4w00000NunQqAAJ
,MULTIPLE,01t4w00000NunQrAAJ
,MULTIPLE,01t4w00000NunQsAAJ
,MULTIPLE,01t4w00000NunQtAAJ
,MULTIPLE,01t4w00000NunQuAAJ
,MULTIPLE,01t4w00000NunQwAAJ
,MULTIPLE,01t4w00000NunQxAAJ
,MULTIPLE,01t4w00000NunQyAAJ
,MULTIPLE,01t4w00000NunQzAAJ
,MULTIPLE,01t4w00000NunR0AAJ
,MULTIPLE,01t4w00000NunR1AAJ
,MULTIPLE,01t4w00000NunR2AAJ
,MULTIPLE,01t4w00000NunR3AAJ
,MULTIPLE,01t4w00000NunR4AAJ
,MULTIPLE,01t4w00000NunR5AAJ
,MULTIPLE,01t4w00000NunR6AAJ
,MULTIPLE,01t4w00000NunR7AAJ
,MULTIPLE,01t4w00000NunR8AAJ
,MULTIPLE,01t4w00000NunR9AAJ
,MULTIPLE,01t4w00000NunRBAAZ
,MULTIPLE,01t4w00000NunRCAAZ
,MULTIPLE,01t4w00000NunRDAAZ
,MULTIPLE,01t4w00000NunREAAZ
,MULTIPLE,01t4w00000NunRFAAZ
,MULTIPLE,01t4w00000NunRGAAZ
,MULTIPLE,01t4w00000NunRHAAZ
,MULTIPLE,01t4w00000NunRJAAZ
,MULTIPLE,01t4w00000NunRKAAZ
,BLACK+WHITE,01t4w00000NunRNAAZ
,MULTIPLE,01t4w00000NunROAAZ
,MULTIPLE,01t4w00000NunRPAAZ
,MULTIPLE,01t4w00000NunRQAAZ
,MULTIPLE,01t4w00000NunRRAAZ
,MULTIPLE,01t4w00000NunRSAAZ
,MULTIPLE,01t4w00000NunRTAAZ
,MULTIPLE,01t4w00000NunRUAAZ
,MULTIPLE,01t4w00000NunRVAAZ
,BROWN,01t4w00000NunRWAAZ
,GREY,01t4w00000NunRXAAZ
BROWN,BROWN,01t4w00000NunRaAAJ
,BROWN,01t4w00000NunRbAAJ
BROWN,BROWN,01t4w00000NunRcAAJ
,BROWN,01t4w00000NunRdAAJ
,WOOD,01t4w00000NunReAAJ
,BLACK,01t4w00000NunRfAAJ
BLACK+WOOD,BLACK+WOOD,01t4w00000NunRgAAJ
,BLACK+WOOD,01t4w00000NunRhAAJ
BLACK,BLACK,01t4w00000NunRiAAJ
,BLACK,01t4w00000NunRjAAJ
BROWN,BROWN,01t4w00000NunRkAAJ
,BROWN,01t4w00000NunRlAAJ
BLUE,BLUE,01t4w00000NunRmAAJ
,BLUE,01t4w00000NunRnAAJ
GREY,GREY,01t4w00000NunRoAAJ
,GREY,01t4w00000NunRpAAJ
BROWN,BROWN,01t4w00000NunRqAAJ
,BROWN,01t4w00000NunRrAAJ
ORANGE,ORANGE,01t4w00000NunRsAAJ
,ORANGE,01t4w00000NunRtAAJ
BLACK,BLACK,01t4w00000NunRuAAJ
,BLACK,01t4w00000NunRvAAJ
PINK,PINK,01t4w00000NunRwAAJ
,PINK,01t4w00000NunRxAAJ
GREEN,GREEN,01t4w00000NunRyAAJ
,GREEN,01t4w00000NunRzAAJ
BEIGE,BEIGE,01t4w00000NunS0AAJ
,BEIGE,01t4w00000NunS1AAJ
BLACK+ BLUE,BLACK+ BLUE,01t4w00000NunS2AAJ
,BLACK+ BLUE,01t4w00000NunS3AAJ
BLACK+RED,BLACK+RED,01t4w00000NunS4AAJ
,BLACK+RED,01t4w00000NunS5AAJ
GREY,GREY,01t4w00000NunS6AAJ
,GREY,01t4w00000NunS7AAJ
AQUA,AQUA,01t4w00000NunS8AAJ
,AQUA,01t4w00000NunS9AAJ
WHITE,WHITE,01t4w00000NunSAAAZ
,WHITE,01t4w00000NunSBAAZ
PINK,PINK,01t4w00000NunSCAAZ
,PINK,01t4w00000NunSDAAZ
BEIGE,BEIGE,01t4w00000NunSEAAZ
,BEIGE,01t4w00000NunSFAAZ
BLACK,BLACK,01t4w00000NunSGAAZ
BLACK,BLACK,01t4w00000NunSHAAZ
WHITE,WHITE,01t4w00000NunSIAAZ
,BLACK,01t4w00000NunSJAAZ
,BLACK,01t4w00000NunSKAAZ
,WHITE,01t4w00000NunSLAAZ
BROWN,BROWN,01t4w00000NunSMAAZ
,BROWN,01t4w00000NunSNAAZ
GREY,GREY,01t4w00000NunSOAAZ
,GREY,01t4w00000NunSPAAZ
BROWN,BROWN,01t4w00000NunSQAAZ
,BROWN,01t4w00000NunSRAAZ
BROWN,BROWN,01t4w00000NunSSAAZ
,BROWN,01t4w00000NunSTAAZ
PINK,PINK,01t4w00000NunSUAAZ
,PINK,01t4w00000NunSVAAZ
PINK,PINK,01t4w00000NunSWAAZ
,PINK,01t4w00000NunSXAAZ
BROWN,BROWN,01t4w00000NunSYAAZ
,BROWN,01t4w00000NunSZAAZ
WHITE,WHITE,01t4w00000NunSaAAJ
,WHITE,01t4w00000NunSbAAJ
BLACK OR WHITE,BLACK OR WHITE,01t4w00000NunSeAAJ
,BLACK OR WHITE,01t4w00000NunSiAAJ
BEIGE,BEIGE,01t4w00000NunSkAAJ
,BEIGE,01t4w00000NunSlAAJ
BEIGE,BEIGE,01t4w00000NunSmAAJ
,BEIGE,01t4w00000NunSnAAJ
BLACK,BLACK,01t4w00000NunSoAAJ
,BLACK,01t4w00000NunSpAAJ
GREY,GREY,01t4w00000NunSqAAJ
,GREY,01t4w00000NunSrAAJ
,MULTIPLE,01t4w00000NunSsAAJ
,MULTIPLE,01t4w00000NunStAAJ
,MULTIPLE,01t4w00000NunSuAAJ
,MULTIPLE,01t4w00000NunSvAAJ
,MULTIPLE,01t4w00000NunSwAAJ
,MULTIPLE,01t4w00000NunSxAAJ
,MULTIPLE,01t4w00000NunSyAAJ
,MULTIPLE,01t4w00000NunSzAAJ
,MULTIPLE,01t4w00000NunT0AAJ
,MULTIPLE,01t4w00000NunT1AAJ
,BLACK,01t4w00000NunT2AAJ
120V,120V,01t4w00000NunT3AAJ
,120V,01t4w00000NunT4AAJ
120V,120V,01t4w00000NunT5AAJ
,120V,01t4w00000NunT6AAJ
BROWN,BROWN,01t4w00000NunT7AAJ
,BROWN,01t4w00000NunT8AAJ
BROWN,BROWN,01t4w00000NunT9AAJ
,BROWN,01t4w00000NunTAAAZ
WHITE+BLACK,WHITE+BLACK,01t4w00000NunTBAAZ
,WHITE+BLACK,01t4w00000NunTCAAZ
WHITE+BLACK,WHITE+BLACK,01t4w00000NunTFAAZ
,WHITE+BLACK,01t4w00000NunTGAAZ
WHITE,WHITE,01t4w00000NunTHAAZ
,WHITE,01t4w00000NunTIAAZ
WHITE,WHITE,01t4w00000NunTJAAZ
,WHITE,01t4w00000NunTKAAZ
120V,120V,01t4w00000NunTLAAZ
,120V,01t4w00000NunTMAAZ
120V,120V,01t4w00000NunTNAAZ
,120V,01t4w00000NunTOAAZ
NATURAL+WHITE,NATURAL+WHITE,01t4w00000NunTRAAZ
,NATURAL+WHITE,01t4w00000NunTSAAZ
,BEIGE,01t4w00000NunTTAAZ
BEIGE,BEIGE,01t4w00000NunTUAAZ
,BEIGE,01t4w00000NunTVAAZ
,WHITE,01t4w00000NunTWAAZ
WHITE,WHITE,01t4w00000NunTXAAZ
,WHITE,01t4w00000NunTYAAZ
WHITE,WHITE,01t4w00000NunTZAAZ
,WHITE,01t4w00000NunTaAAJ
,WHITE,01t4w00000NunTbAAJ
,WHITE,01t4w00000NunTcAAJ
WOOD,WOOD,01t4w00000NunTdAAJ
,WOOD,01t4w00000NunTeAAJ
BLACK,BLACK,01t4w00000NunTfAAJ
,BLACK,01t4w00000NunTgAAJ
METAL,METAL,01t4w00000NunThAAJ
,METAL,01t4w00000NunTiAAJ
METAL WOOD,METAL WOOD,01t4w00000NunTjAAJ
,METAL WOOD,01t4w00000NunTkAAJ
MULTIPLE COLORES,MULTIPLE COLORES,01t4w00000NunTlAAJ
,MULTIPLE COLORES,01t4w00000NunTmAAJ
,120V,01t4w00000NunTpAAJ
,120V,01t4w00000NunTqAAJ
BLACK,BLACK,01t4w00000NunTrAAJ
,BLACK,01t4w00000NunTsAAJ
,BLACK,01t4w00000NunTtAAJ
GREEN,GREEN,01t4w00000NunTuAAJ
BLACK,GREEN,01t4w00000NunTvAAJ
BLUE,BLUE,01t4w00000NunTwAAJ
,BLUE,01t4w00000NunTxAAJ
GREY,GREY,01t4w00000NunTyAAJ
,GREY,01t4w00000NunTzAAJ
YELLOW,YELLOW,01t4w00000NunU0AAJ
,YELLOW,01t4w00000NunU1AAJ
BROWN,BROWN,01t4w00000NunU2AAJ
BLACK,BLACK,01t4w00000NunU3AAJ
BROWN,BROWN,01t4w00000NunU4AAJ
BROWN,BROWN,01t4w00000NunU5AAJ
WHITE,WHITE,01t4w00000NunU6AAJ
,WHITE,01t4w00000NunU7AAJ
,BLACK,01t4w00000NunU8AAJ
,BROWN,01t4w00000NunU9AAJ
,BROWN,01t4w00000NunUAAAZ
,BROWN,01t4w00000NunUBAAZ
GREEN,GREEN,01t4w00000NunUCAAZ
,GREEN,01t4w00000NunUDAAZ
GREEN,GREEN,01t4w00000NunUEAAZ
,GREEN,01t4w00000NunUFAAZ
BLACK,BLACK,01t4w00000NunUGAAZ
BLACK,BLACK,01t4w00000NunUHAAZ
WHITE,WHITE,01t4w00000NunUIAAZ
WHITE,WHITE,01t4w00000NunUJAAZ
CREAM,CREAM,01t4w00000NunUKAAZ
,CREAM,01t4w00000NunULAAZ
GREY,GREY,01t4w00000NunUMAAZ
,GREY,01t4w00000NunUNAAZ
DARK,DARK,01t4w00000NunUOAAZ
,DARK,01t4w00000NunUPAAZ
CHOCOLATE,CHOCOLATE,01t4w00000NunUQAAZ
,CHOCOLATE,01t4w00000NunURAAZ
CHOCOLATE,CHOCOLATE,01t4w00000NunUSAAZ
,CHOCOLATE,01t4w00000NunUTAAZ
WHITE,WHITE,01t4w00000NunUUAAZ
,WHITE,01t4w00000NunUVAAZ
NATURAL+BLACK,NATURAL+BLACK,01t4w00000NunUWAAZ
,NATURAL+BLACK,01t4w00000NunUXAAZ
FAUX MARBLE,FAUX MARBLE,01t4w00000NunUYAAZ
,FAUX MARBLE,01t4w00000NunUZAAZ
NATURAL+BLACK,NATURAL+BLACK,01t4w00000NunUaAAJ
,NATURAL+BLACK,01t4w00000NunUbAAJ
WHITE+NATURAL,WHITE+NATURAL,01t4w00000NunUcAAJ
,WHITE+NATURAL,01t4w00000NunUdAAJ
BLACK,BLACK,01t4w00000NunUeAAJ
,BLACK,01t4w00000NunUfAAJ
BLACK+WALNUT,BLACK+WALNUT,01t4w00000NunUgAAJ
,BLACK+WALNUT,01t4w00000NunUhAAJ
BLUE+BLACK,BLUE+BLACK,01t4w00000NunUkAAJ
,BLUE+BLACK,01t4w00000NunUlAAJ
NATURAL+WHITE,NATURAL+WHITE,01t4w00000NunUmAAJ
,NATURAL+WHITE,01t4w00000NunUnAAJ
NATURAL,NATURAL,01t4w00000NunUoAAJ
,NATURAL,01t4w00000NunUpAAJ
NATURAL,NATURAL,01t4w00000NunUqAAJ
,NATURAL,01t4w00000NunUrAAJ
NATURAL,NATURAL,01t4w00000NunUsAAJ
,NATURAL,01t4w00000NunUtAAJ
GREEN,GREEN,01t4w00000NunUuAAJ
,GREEN,01t4w00000NunUvAAJ
GREEN,GREEN,01t4w00000NunUwAAJ
,GREEN,01t4w00000NunUxAAJ
GREEN,GREEN,01t4w00000NunUyAAJ
GREEN,GREEN,01t4w00000NunUzAAJ
,GREEN,01t4w00000NunV0AAJ
,GREEN,01t4w00000NunV1AAJ
GREEN,GREEN,01t4w00000NunV2AAJ
,GREEN,01t4w00000NunV3AAJ
GREEN,GREEN,01t4w00000NunV4AAJ
,GREEN,01t4w00000NunV5AAJ
GREEN,GREEN,01t4w00000NunV6AAJ
,GREEN,01t4w00000NunV7AAJ
GREEN,GREEN,01t4w00000NunV8AAJ
,GREEN,01t4w00000NunV9AAJ
GREEN,GREEN,01t4w00000NunVAAAZ
,GREEN,01t4w00000NunVBAAZ
GREEN,GREEN,01t4w00000NunVCAAZ
,GREEN,01t4w00000NunVDAAZ
GREEN,GREEN,01t4w00000NunVEAAZ
,GREEN,01t4w00000NunVFAAZ
GREEN,GREEN,01t4w00000NunVGAAZ
,GREEN,01t4w00000NunVHAAZ
GREEN,GREEN,01t4w00000NunVIAAZ
,GREEN,01t4w00000NunVJAAZ
GREEN,GREEN,01t4w00000NunVKAAZ
,GREEN,01t4w00000NunVLAAZ
GREEN,GREEN,01t4w00000NunVMAAZ
,GREEN,01t4w00000NunVNAAZ
GREEN,GREEN,01t4w00000NunVOAAZ
,GREEN,01t4w00000NunVPAAZ
GREEN,GREEN,01t4w00000NunVQAAZ
,GREEN,01t4w00000NunVRAAZ
GREEN,GREEN,01t4w00000NunVSAAZ
,GREEN,01t4w00000NunVTAAZ
GREEN,GREEN,01t4w00000NunVUAAZ
,GREEN,01t4w00000NunVVAAZ
GREEN,GREEN,01t4w00000NunVWAAZ
,GREEN,01t4w00000NunVXAAZ
GREEN,GREEN,01t4w00000NunVYAAZ
,GREEN,01t4w00000NunVZAAZ
GREEN,GREEN,01t4w00000NunVaAAJ
,GREEN,01t4w00000NunVbAAJ
GREEN,GREEN,01t4w00000NunVcAAJ
,GREEN,01t4w00000NunVdAAJ
GREEN,GREEN,01t4w00000NunVeAAJ
,GREEN,01t4w00000NunVfAAJ
GREEN,GREEN,01t4w00000NunVgAAJ
,GREEN,01t4w00000NunVhAAJ
GREEN,GREEN,01t4w00000NunViAAJ
,GREEN,01t4w00000NunVjAAJ
GREEN,GREEN,01t4w00000NunVkAAJ
,GREEN,01t4w00000NunVlAAJ
GREEN,GREEN,01t4w00000NunVmAAJ
,GREEN,01t4w00000NunVnAAJ
GREEN,GREEN,01t4w00000NunVoAAJ
,GREEN,01t4w00000NunVpAAJ
WHITE,WHITE,01t4w00000NunVqAAJ
,WHITE,01t4w00000NunVrAAJ
MULTIPLE,MULTIPLE,01t4w00000NunVsAAJ
,MULTIPLE,01t4w00000NunVtAAJ
BROWN,BROWN,01t4w00000NunVuAAJ
,BROWN,01t4w00000NunVvAAJ
BROWN,BROWN,01t4w00000NunVwAAJ
,BROWN,01t4w00000NunVxAAJ
BLACK,BLACK,01t4w00000NunVyAAJ
,BLACK,01t4w00000NunVzAAJ
GIRL,GIRL,01t4w00000NunW0AAJ
,GIRL,01t4w00000NunW1AAJ
BOY,BOY,01t4w00000NunW2AAJ
,BOY,01t4w00000NunW3AAJ
GIRL,GIRL,01t4w00000NunW4AAJ
,GIRL,01t4w00000NunW5AAJ
BOY,BOY,01t4w00000NunW6AAJ
,BOY,01t4w00000NunW7AAJ
WHITE,WHITE,01t4w00000NunW8AAJ
,WHITE,01t4w00000NunW9AAJ
,BLACK,01t4w00000NunWAAAZ
,WOOD,01t4w00000NunWBAAZ
WHITE,WHITE,01t4w00000NunWCAAZ
WHITE,WHITE,01t4w00000NunWDAAZ
WHITE,WHITE,01t4w00000NunWEAAZ
,WHITE,01t4w00000NunWFAAZ
,WHITE,01t4w00000NunWGAAZ
WHITE,WHITE,01t4w00000NunWHAAZ
,WHITE,01t4w00000NunWIAAZ
MULTIPLE,MULTIPLE,01t4w00000NunWJAAZ
,MULTIPLE,01t4w00000NunWKAAZ
"WHITE (3,5CM)","WHITE (3,5CM)",01t4w00000NunWLAAZ
WHITE,"WHITE (3,5CM)",01t4w00000NunWMAAZ
BLACK,BLACK,01t4w00000NunWNAAZ
,BLACK,01t4w00000NunWOAAZ
BLACK,BLACK,01t4w00000NunWPAAZ
,BLACK,01t4w00000NunWQAAZ
,BLACK,01t4w00000NunWRAAZ
,WHITE,01t4w00000NunWSAAZ
MULTIPLE,MULTIPLE,01t4w00000NunWTAAZ
,MULTIPLE,01t4w00000NunWUAAZ
BLACK,BLACK,01t4w00000NunWVAAZ
,BLACK,01t4w00000NunWWAAZ
BLACK,BLACK,01t4w00000NunWXAAZ
,BLACK,01t4w00000NunWYAAZ
GREEN,GREEN,01t4w00000NunWZAAZ
,GREEN,01t4w00000NunWaAAJ
BEIGE,BEIGE,01t4w00000NunWbAAJ
,BEIGE,01t4w00000NunWcAAJ
BLACK,BLACK,01t4w00000NunWdAAJ
,BLACK,01t4w00000NunWeAAJ
GREY,GREY,01t4w00000NunWfAAJ
,GREY,01t4w00000NunWgAAJ
GREY - BLACK,GREY - BLACK,01t4w00000NunWhAAJ
,GREY - BLACK,01t4w00000NunWiAAJ
BLACK,BLACK,01t4w00000NunWjAAJ
,BLACK,01t4w00000NunWkAAJ
BLACK,BLACK,01t4w00000NunWlAAJ
BROWN,BROWN,01t4w00000NunWmAAJ
,BROWN,01t4w00000NunWnAAJ
BLACK,BLACK,01t4w00000NunWoAAJ
,BROWN,01t4w00000NunWpAAJ
GREY,GREY,01t4w00000NunWqAAJ
,GREY,01t4w00000NunWrAAJ
BROWN,BROWN,01t4w00000NunWsAAJ
,BROWN,01t4w00000NunWtAAJ
GREY,GREY,01t4w00000NunWuAAJ
,GREY,01t4w00000NunWvAAJ
GREY,GREY,01t4w00000NunWwAAJ
BLACK,BLACK,01t4w00000NunWxAAJ
,BLACK,01t4w00000NunWyAAJ
BROWN,BROWN,01t4w00000NunWzAAJ
,BROWN,01t4w00000NunX0AAJ
GREY,GREY,01t4w00000NunX1AAJ
BLACK,BLACK,01t4w00000NunX2AAJ
BRONZE,BRONZE,01t4w00000NunX3AAJ
,BRONZE,01t4w00000NunX4AAJ
BLACK,BLACK,01t4w00000NunX5AAJ
,BLACK,01t4w00000NunX6AAJ
BLUE,BLUE,01t4w00000NunX7AAJ
,BLUE,01t4w00000NunX8AAJ
BLACK,BLACK,01t4w00000NunX9AAJ
,BLACK,01t4w00000NunXAAAZ
BLACK,BLACK,01t4w00000NunXBAAZ
,BLACK,01t4w00000NunXCAAZ
,GREY,01t4w00000NunXDAAZ
,BLACK,01t4w00000NunXEAAZ
,GREY,01t4w00000NunXFAAZ
,BLACK,01t4w00000NunXGAAZ
,BLACK,01t4w00000NunXHAAZ
BROWN,BROWN,01t4w00000NunXIAAZ
,BROWN,01t4w00000NunXJAAZ
GOLD,GOLD,01t4w00000NunXKAAZ
,GOLD,01t4w00000NunXLAAZ
GREY,GREY,01t4w00000NunXMAAZ
,GREY,01t4w00000NunXNAAZ
,BLACK,01t4w00000NunXOAAZ
BRONZE,BRONZE,01t4w00000NunXPAAZ
,BRONZE,01t4w00000NunXQAAZ
GREY,GREY,01t4w00000NunXRAAZ
,GREEN,01t4w00000NunXSAAZ
BLACK,BLACK,01t4w00000NunXTAAZ
,GREY,01t4w00000NunXUAAZ
BRONZE,BRONZE,01t4w00000NunXVAAZ
,BRONZE,01t4w00000NunXWAAZ
BLACK,BLACK,01t4w00000NunXXAAZ
GREEN,GREEN,01t4w00000NunXYAAZ
BROWN,BROWN,01t4w00000NunXZAAZ
,BROWN,01t4w00000NunXaAAJ
BRONZE,BRONZE,01t4w00000NunXbAAJ
,BRONZE,01t4w00000NunXcAAJ
ORANGE,ORANGE,01t4w00000NunXdAAJ
,ORANGE,01t4w00000NunXeAAJ
,BLACK,01t4w00000NunXfAAJ
BLACK,BLACK,01t4w00000NunXgAAJ
,BLACK,01t4w00000NunXhAAJ
BLACK,BLACK,01t4w00000NunXiAAJ
,BLACK,01t4w00000NunXjAAJ
WHITE,WHITE,01t4w00000NunXkAAJ
,WHITE,01t4w00000NunXlAAJ
BLACK,BLACK,01t4w00000NunXmAAJ
,BLACK,01t4w00000NunXnAAJ
BLACK + BROWN,BLACK + BROWN,01t4w00000NunXoAAJ
,BLACK + BROWN,01t4w00000NunXpAAJ
,BLACK + BROWN,01t4w00000NunXqAAJ
BLACK + BROWN,BLACK + BROWN,01t4w00000NunXrAAJ
BLACK + BROWN,BLACK + BROWN,01t4w00000NunXsAAJ
,BLACK + BROWN,01t4w00000NunXtAAJ
BLACK,BLACK,01t4w00000NunXuAAJ
,BLACK,01t4w00000NunXvAAJ
WHITE + BLACK,WHITE + BLACK,01t4w00000NunXwAAJ
,WHITE + BLACK,01t4w00000NunXxAAJ
GREY,GREY,01t4w00000NunXyAAJ
,GREY,01t4w00000NunXzAAJ
BLACK,BLACK,01t4w00000NunY0AAJ
,BLACK,01t4w00000NunY1AAJ
WHITE,WHITE,01t4w00000NunY2AAJ
,WHITE,01t4w00000NunY3AAJ
BLACK,BLACK,01t4w00000NunY4AAJ
,BLACK,01t4w00000NunY5AAJ
COLORES,COLORES,01t4w00000NunY6AAJ
,COLORES,01t4w00000NunY7AAJ
GREY,GREY,01t4w00000NunY8AAJ
,GREY,01t4w00000NunY9AAJ
BLACK,BLACK,01t4w00000NunYAAAZ
GREY,GREY,01t4w00000NunYBAAZ
,GREY,01t4w00000NunYCAAZ
GREY,GREY,01t4w00000NunYDAAZ
,GREY,01t4w00000NunYEAAZ
GREY,GREY,01t4w00000NunYFAAZ
,GREY,01t4w00000NunYGAAZ
BROWN,BROWN,01t4w00000NunYHAAZ
GREY + BLUE,GREY + BLUE,01t4w00000NunYIAAZ
PINE,PINE,01t4w00000NunYJAAZ
,PINE,01t4w00000NunYKAAZ
BROWN + BLACK,BROWN + BLACK,01t4w00000NunYLAAZ
BROWN,BROWN,01t4w00000NunYMAAZ
,BROWN,01t4w00000NunYNAAZ
GREY,GREY,01t4w00000NunYOAAZ
BLACK + BLUE,BLACK + BLUE,01t4w00000NunYPAAZ
,BLACK,01t4w00000NunYQAAZ
,BROWN,01t4w00000NunYRAAZ
,BLACK + BLUE,01t4w00000NunYSAAZ
,GREY + BLUE,01t4w00000NunYTAAZ
,GREY,01t4w00000NunYUAAZ
,BROWN + BLACK,01t4w00000NunYVAAZ
BLACK,BLACK,01t4w00000NunYWAAZ
,BLACK,01t4w00000NunYXAAZ
BROWN + BLACK + TRANSPARENT,BROWN + BLACK + TRANSPARENT,01t4w00000NunYYAAZ
BLACK,BLACK,01t4w00000NunYZAAZ
,BLACK,01t4w00000NunYaAAJ
,BROWN + BLACK + TRANSPARENT,01t4w00000NunYbAAJ
BROWN,BROWN,01t4w00000NunYcAAJ
,BROWN,01t4w00000NunYdAAJ
GREEN + TRANSPARENT,GREEN + TRANSPARENT,01t4w00000NunYeAAJ
,GREEN + TRANSPARENT,01t4w00000NunYfAAJ
BROWN,BROWN,01t4w00000NunYgAAJ
,BROWN,01t4w00000NunYhAAJ
BLACK,BLACK,01t4w00000NunYiAAJ
,BLACK,01t4w00000NunYjAAJ
BLACK,BLACK,01t4w00000NunYkAAJ
,BLACK,01t4w00000NunYlAAJ
,BLACK + RED,01t4w00000NunYmAAJ
,BLACK + RED,01t4w00000NunYnAAJ
,BLACK + MULTIPLE COLORES,01t4w00000NunYoAAJ
,BLACK + GREY,01t4w00000NunYqAAJ
BLACK,BLACK,01t4w00000NunYrAAJ
,BLACK,01t4w00000NunYsAAJ
BLACK,BLACK,01t4w00000NunYtAAJ
,BLACK,01t4w00000NunYuAAJ
BLACK,BLACK,01t4w00000NunYvAAJ
,BLACK,01t4w00000NunYwAAJ
BLACK,BLACK,01t4w00000NunYxAAJ
,BLACK,01t4w00000NunYyAAJ
BROWN,BROWN,01t4w00000NunYzAAJ
,BROWN,01t4w00000NunZ0AAJ
BLACK + TRANSPARENT,BLACK + TRANSPARENT,01t4w00000NunZ1AAJ
,BLACK + TRANSPARENT,01t4w00000NunZ2AAJ
BLACK,BLACK,01t4w00000NunZ3AAJ
,BLACK,01t4w00000NunZ4AAJ
,BLACK,01t4w00000NunZ5AAJ
BLACK,BLACK,01t4w00000NunZ6AAJ
,BLACK,01t4w00000NunZ7AAJ
BLACK,BLACK,01t4w00000NunZ8AAJ
,BLACK,01t4w00000NunZ9AAJ
BLACK,BLACK,01t4w00000NunZAAAZ
BLACK,BLACK,01t4w00000NunZBAAZ
,BLACK,01t4w00000NunZCAAZ
BLACK,BLACK,01t4w00000NunZDAAZ
,BLACK,01t4w00000NunZEAAZ
YELLOW + BLACK,YELLOW + BLACK,01t4w00000NunZFAAZ
,YELLOW + BLACK,01t4w00000NunZGAAZ
BLACK + TRANSPARENT,BLACK + TRANSPARENT,01t4w00000NunZHAAZ
,BLACK + TRANSPARENT,01t4w00000NunZIAAZ
YELLOW,YELLOW,01t4w00000NunZJAAZ
,YELLOW,01t4w00000NunZKAAZ
BLACK,BLACK,01t4w00000NunZLAAZ
,BLACK,01t4w00000NunZMAAZ
BLACK,BLACK,01t4w00000NunZNAAZ
,BLACK,01t4w00000NunZOAAZ
BLACK,BLACK,01t4w00000NunZPAAZ
,BLACK,01t4w00000NunZQAAZ
BROWN,BROWN,01t4w00000NunZRAAZ
,BROWN,01t4w00000NunZSAAZ
BLACK + BROWN,BLACK + BROWN,01t4w00000NunZTAAZ
,BLACK + BROWN,01t4w00000NunZUAAZ
BLACK + TRANSPARENT,BLACK + TRANSPARENT,01t4w00000NunZVAAZ
,BLACK + TRANSPARENT,01t4w00000NunZWAAZ
BROWN + BLACK,BROWN + BLACK,01t4w00000NunZXAAZ
,BROWN + BLACK,01t4w00000NunZYAAZ
,CAMEL VINTAGE,01t4w00000NunZZAAZ
BLACK + TRANSPARENT,BLACK + TRANSPARENT,01t4w00000NunZaAAJ
,BLACK + TRANSPARENT,01t4w00000NunZbAAJ
BROWN,BROWN,01t4w00000NunZcAAJ
,BROWN,01t4w00000NunZdAAJ
BROWN + TRANSPARENT,BROWN + TRANSPARENT,01t4w00000NunZeAAJ
,BROWN + TRANSPARENT,01t4w00000NunZfAAJ
BROWN + BLACK,BROWN + BLACK,01t4w00000NunZgAAJ
,BROWN + BLACK,01t4w00000NunZhAAJ
BROWN,BROWN,01t4w00000NunZiAAJ
,BROWN,01t4w00000NunZjAAJ
WHITE /BLACK /SILVER,WHITE /BLACK /SILVER,01t4w00000NunZkAAJ
,WHITE /BLACK /SILVER,01t4w00000NunZlAAJ
WHITE /BLACK /SILVER,WHITE /BLACK /SILVER,01t4w00000NunZmAAJ
,WHITE /BLACK /SILVER,01t4w00000NunZnAAJ
BLACK,BLACK,01t4w00000NunZoAAJ
,BLACK,01t4w00000NunZpAAJ
WHITE/BLACK,WHITE/BLACK,01t4w00000NunZqAAJ
,WHITE/BLACK,01t4w00000NunZrAAJ
WHITE/BLACK,WHITE/BLACK,01t4w00000NunZsAAJ
,WHITE/BLACK,01t4w00000NunZtAAJ
WHITE /BLACK /SILVER,WHITE /BLACK /SILVER,01t4w00000NunZuAAJ
,WHITE /BLACK /SILVER,01t4w00000NunZvAAJ
WHITE /BLACK /SILVER,WHITE /BLACK /SILVER,01t4w00000NunZwAAJ
,WHITE /BLACK /SILVER,01t4w00000NunZxAAJ
,GREY,01t4w00000NunZyAAJ
SLIVER/ BLACK,SLIVER/ BLACK,01t4w00000NunZzAAJ
,SLIVER/ BLACK,01t4w00000Nuna0AAB
,WHITE+NATURAL,01t4w00000Nuna1AAB
WHITE/BLACK,WHITE/BLACK,01t4w00000Nuna2AAB
,WHITE/BLACK,01t4w00000Nuna3AAB
,BLACK+RED,01t4w00000Nuna4AAB
MULTIPLE,MULTIPLE,01t4w00000Nuna5AAB
,MULTIPLE,01t4w00000Nuna6AAB
BLUE,BLUE,01t4w00000Nuna7AAB
,BLUE,01t4w00000Nuna8AAB
ECRU,ECRU,01t4w00000Nuna9AAB
,ECRU,01t4w00000NunaAAAR
BLUE,BLUE,01t4w00000NunaBAAR
,BLUE,01t4w00000NunaCAAR
MULTIPLE,MULTIPLE,01t4w00000NunaDAAR
,MULTIPLE,01t4w00000NunaEAAR
NATURAL+BLUE,NATURAL+BLUE,01t4w00000NunaFAAR
,NATURAL+BLUE,01t4w00000NunaGAAR
BLACK,BLACK,01t4w00000NunaHAAR
,BLACK,01t4w00000NunaIAAR
MULTIPLE,MULTIPLE,01t4w00000NunaJAAR
,MULTIPLE,01t4w00000NunaKAAR
MULTIPLE,MULTIPLE,01t4w00000NunaLAAR
,MULTIPLE,01t4w00000NunaMAAR
GREY,GREY,01t4w00000NunaNAAR
,GREY,01t4w00000NunaOAAR
GREY,GREY,01t4w00000NunaPAAR
,GREY,01t4w00000NunaQAAR
WHITE,WHITE,01t4w00000NunaRAAR
,WHITE,01t4w00000NunaSAAR
,WHITE,01t4w00000NunaTAAR
BLACK,BLACK,01t4w00000NunaUAAR
,BLACK,01t4w00000NunaVAAR
,BROWN + BLACK,01t4w00000NunaWAAR
BROWN + BLACK,BROWN + BLACK,01t4w00000NunaXAAR
BROWN,BROWN,01t4w00000NunaYAAR
,BROWN,01t4w00000NunaZAAR
,BROWN + BLACK,01t4w00000NunaaAAB
BROWN + BLACK,BROWN + BLACK,01t4w00000NunabAAB
BLACK,BLACK,01t4w00000NunacAAB
,BLACK,01t4w00000NunadAAB
GREY,GREY,01t4w00000NunaeAAB
,GREY,01t4w00000NunafAAB
,BROWN,01t4w00000NunagAAB
BROWN,BROWN,01t4w00000NunahAAB
BROWN,BROWN,01t4w00000NunaiAAB
BROWN,BROWN,01t4w00000NunajAAB
,BROWN,01t4w00000NunakAAB
,BROWN,01t4w00000NunalAAB
GREY,GREY,01t4w00000NunamAAB
,GREY,01t4w00000NunanAAB
WHITE + GREY,WHITE + GREY,01t4w00000NunaoAAB
,WHITE + GREY,01t4w00000NunapAAB
GREY + BLACK,GREY + BLACK,01t4w00000NunaqAAB
,GREY + BLACK,01t4w00000NunarAAB
YELLOW + BLACK,YELLOW + BLACK,01t4w00000NunasAAB
,YELLOW + BLACK,01t4w00000NunatAAB
NATURAL,NATURAL,01t4w00000NunauAAB
NATURAL,NATURAL,01t4w00000NunavAAB
NATURAL,NATURAL,01t4w00000NunawAAB
NATURAL,NATURAL,01t4w00000NunaxAAB
NATURAL,NATURAL,01t4w00000NunayAAB
CHOCOLATE,CHOCOLATE,01t4w00000NunazAAB
CHOCOLATE,CHOCOLATE,01t4w00000Nunb0AAB
GREEN,GREEN,01t4w00000Nunb1AAB
GREEN,GREEN,01t4w00000Nunb2AAB
GREEN,GREEN,01t4w00000Nunb3AAB
GREEN,GREEN,01t4w00000Nunb4AAB
GREEN,GREEN,01t4w00000Nunb5AAB
NATURAL,NATURAL,01t4w00000Nunb6AAB
NATURAL,NATURAL,01t4w00000Nunb7AAB
NATURAL + BLACK,NATURAL + BLACK,01t4w00000Nunb8AAB
NATURAL,NATURAL,01t4w00000Nunb9AAB
NATURAL + BLACK,NATURAL + BLACK,01t4w00000NunbAAAR
NATURAL + BLACK,NATURAL + BLACK,01t4w00000NunbBAAR
NATURAL + BLACK,NATURAL + BLACK,01t4w00000NunbCAAR
NATURAL + BLACK,NATURAL + BLACK,01t4w00000NunbDAAR
NATURAL + BLACK,NATURAL + BLACK,01t4w00000NunbEAAR
NATURAL + BLACK,NATURAL + BLACK,01t4w00000NunbFAAR
NATURAL + BLACK,NATURAL + BLACK,01t4w00000NunbGAAR
NATURAL + BLACK,NATURAL + BLACK,01t4w00000NunbHAAR
NATURAL + BLACK,NATURAL + BLACK,01t4w00000NunbIAAR
NATURAL + BLACK,NATURAL + BLACK,01t4w00000NunbJAAR
NATURAL + BLACK,NATURAL + BLACK,01t4w00000NunbKAAR
NATURAL + BLACK,NATURAL + BLACK,01t4w00000NunbLAAR
NATURAL + BLACK,NATURAL + BLACK,01t4w00000NunbMAAR
NATURAL + BLACK,NATURAL + BLACK,01t4w00000NunbNAAR
NATURAL + BLACK,NATURAL + BLACK,01t4w00000NunbOAAR
BEIGE + GOLD,BEIGE + GOLD,01t4w00000NunbPAAR
MULTIPLE,MULTIPLE,01t4w00000NunbQAAR
MULTIPLE,MULTIPLE,01t4w00000NunbRAAR
MULTIPLE,MULTIPLE,01t4w00000NunbSAAR
MULTIPLE,MULTIPLE,01t4w00000NunbTAAR
MULTIPLE,MULTIPLE,01t4w00000NunbUAAR
MULTIPLE,MULTIPLE,01t4w00000NunbVAAR
MULTIPLE,MULTIPLE,01t4w00000NunbWAAR
FAUX DENIM,FAUX DENIM,01t4w00000NunbXAAR
MULTIPLE,MULTIPLE,01t4w00000NunbYAAR
MULTIPLE,MULTIPLE,01t4w00000NunbZAAR
BEIGE + BLACK,BEIGE + BLACK,01t4w00000NunbaAAB
BEIGE + BLACK,BEIGE + BLACK,01t4w00000NunbbAAB
BEIGE+ BLACK,BEIGE+ BLACK,01t4w00000NunbcAAB
WHITE + BLACK,WHITE + BLACK,01t4w00000NunbdAAB
GREY,GREY,01t4w00000NunbeAAB
BLACK,BLACK,01t4w00000NunbfAAB
BEIGE + BLACK,BEIGE + BLACK,01t4w00000NunbgAAB
BEIGE + BLACK,BEIGE + BLACK,01t4w00000NunbhAAB
BEIGE + NATURAL,BEIGE + NATURAL,01t4w00000NunbiAAB
BEIGE + BLACK,BEIGE + BLACK,01t4w00000NunbjAAB
BEIGE + BLACK,BEIGE + BLACK,01t4w00000NunbkAAB
BEIGE + BLACK,BEIGE + BLACK,01t4w00000NunblAAB
NATURAL + BEIGE,NATURAL + BEIGE,01t4w00000NunbmAAB
BLACK + NATURAL,BLACK + NATURAL,01t4w00000NunbnAAB
NATURAL + BEIGE,NATURAL + BEIGE,01t4w00000NunboAAB
BLACK + NATURAL,BLACK + NATURAL,01t4w00000NunbpAAB
BEIGE + BLACK,BEIGE + BLACK,01t4w00000NunbqAAB
BLACK + NATURAL,BLACK + NATURAL,01t4w00000NunbrAAB
BLACK + NATURAL,BLACK + NATURAL,01t4w00000NunbsAAB
BLACK + NATURAL,BLACK + NATURAL,01t4w00000NunbtAAB
NATURAL + BLACK,NATURAL + BLACK,01t4w00000NunbuAAB
BLACK + NATURAL,BLACK + NATURAL,01t4w00000NunbvAAB
NATURAL + WOOD,NATURAL + WOOD,01t4w00000NunbwAAB
BLACK + WOOD,BLACK + WOOD,01t4w00000NunbxAAB
BLACK + NATURAL,BLACK + NATURAL,01t4w00000NunbyAAB
NATURAL + BLACK,NATURAL + BLACK,01t4w00000NunbzAAB
BLACK + NATURAL,BLACK + NATURAL,01t4w00000Nunc0AAB
BLACK + NATURAL,BLACK + NATURAL,01t4w00000Nunc1AAB
BLACK + NATURAL,BLACK + NATURAL,01t4w00000Nunc2AAB
NATURAL + BLACK,NATURAL + BLACK,01t4w00000Nunc3AAB
BLACK + NATURAL,BLACK + NATURAL,01t4w00000Nunc4AAB
NATURAL + BLACK,NATURAL + BLACK,01t4w00000Nunc5AAB
BLACK + NATURAL,BLACK + NATURAL,01t4w00000Nunc6AAB
NATURAL + BLACK,NATURAL + BLACK,01t4w00000Nunc7AAB
BLACK + NATURAL,BLACK + NATURAL,01t4w00000Nunc8AAB
BLACK + NATURAL,BLACK + NATURAL,01t4w00000Nunc9AAB
BLACK + NATURAL,BLACK + NATURAL,01t4w00000NuncAAAR
NATURAL + BLACK,NATURAL + BLACK,01t4w00000NuncBAAR
NATURAL + BLACK,NATURAL + BLACK,01t4w00000NuncCAAR
NATURAL+BLACK,NATURAL+BLACK,01t4w00000NuncDAAR
NATURAL+BLACK,NATURAL+BLACK,01t4w00000NuncEAAR
NATURAL+BLACK,NATURAL+BLACK,01t4w00000NuncFAAR
CHOCOLATE+WHITE,CHOCOLATE+WHITE,01t4w00000NuncGAAR
NATURAL+BLACK,NATURAL+BLACK,01t4w00000NuncHAAR
NATURAL+BLACK,NATURAL+BLACK,01t4w00000NuncIAAR
FAUX CEMENT,FAUX CEMENT,01t4w00000NuncJAAR
FAUX CEMENT,FAUX CEMENT,01t4w00000NuncKAAR
NATURAL+BLACK,NATURAL+BLACK,01t4w00000NuncLAAR
GREY+WHITE,GREY+WHITE,01t4w00000NuncMAAR
BROWN,BROWN,01t4w00000NuncNAAR
WHITE,WHITE,01t4w00000NuncOAAR
BROWN,BROWN,01t4w00000NuncPAAR
NATURAL+WHITE,NATURAL+WHITE,01t4w00000NuncQAAR
BROWN + WHITE,BROWN + WHITE,01t4w00000NuncRAAR
CAMEL VINTAGE,CAMEL VINTAGE,01t4w00000NuncSAAR
CAMEL VINTAGE,CAMEL VINTAGE,01t4w00000NuncTAAR
CAMEL VINTAGE,CAMEL VINTAGE,01t4w00000NuncUAAR
CAMEL VINTAGE,CAMEL VINTAGE,01t4w00000NuncVAAR
CHOCOLATE VINTAGE,CHOCOLATE VINTAGE,01t4w00000NuncWAAR
CAMEL VINTAGE,CAMEL VINTAGE,01t4w00000NuncXAAR
BLUE VINTAGE,BLUE VINTAGE,01t4w00000NuncYAAR
WHITE + BROWN,WHITE + BROWN,01t4w00000NuncZAAR
CAMEL VINTAGE,CAMEL VINTAGE,01t4w00000NuncaAAB
GREY,GREY,01t4w00000NuncbAAB
GREY DARK,GREY DARK,01t4w00000NunccAAB
GREEN,GREEN,01t4w00000NuncdAAB
GREY,GREY,01t4w00000NunceAAB
GREY DARK,GREY DARK,01t4w00000NuncfAAB
ORANGE,ORANGE,01t4w00000NuncgAAB
GREY DARK,GREY DARK,01t4w00000NunchAAB
RED,RED,01t4w00000NunciAAB
WHITE + RED,WHITE + RED,01t4w00000NuncjAAB
GREY DARK,GREY DARK,01t4w00000NunckAAB
BROWN,BROWN,01t4w00000NunclAAB
BEIGE,BEIGE,01t4w00000NuncmAAB
GREY,GREY,01t4w00000NuncnAAB
GREY,GREY,01t4w00000NuncoAAB
BLUE,BLUE,01t4w00000NuncpAAB
GREY,GREY,01t4w00000NuncqAAB
GREY DARK,GREY DARK,01t4w00000NuncrAAB
,ORANGE+BLACK,01t4w00000NuncsAAB
,BLACK + RED,01t4w00000NunctAAB
,BLACK + GREY,01t4w00000NuncuAAB
,BLACK + RED,01t4w00000NuncvAAB
,BLACK+RED,01t4w00000NuncwAAB
,BLACK,01t4w00000NuncxAAB
,BLACK,01t4w00000NuncyAAB
,BLACK+RED,01t4w00000NunczAAB
,BLACK+RED,01t4w00000Nund0AAB
,BLACK + MULTIPLE COLORES,01t4w00000Nund1AAB
,BLACK+GREY,01t4w00000Nund2AAB
,BLUE,01t4w00000Nund3AAB
,BLUE,01t4w00000Nund4AAB
,BROWN,01t4w00000Nund5AAB
,BLACK + RED,01t4w00000Nund6AAB
,BLACK,01t4w00000Nund7AAB
,GREY,01t4w00000Nund8AAB
,BLACK,01t4w00000Nund9AAB
,GREY,01t4w00000NundAAAR
,BLACK,01t4w00000NundBAAR
,BLACK,01t4w00000NundCAAR
,BLACK,01t4w00000NundDAAR
,GREY,01t4w00000NundEAAR
,BLACK,01t4w00000NundFAAR
,BLACK,01t4w00000NundGAAR
,BLACK,01t4w00000NundHAAR
,BLACK + RED,01t4w00000NundIAAR
,BLACK,01t4w00000NundJAAR
,NATURAL,01t4w00000NundKAAR
,NATURAL,01t4w00000NundLAAR
,NATURAL,01t4w00000NundMAAR
,NATURAL,01t4w00000NundNAAR
,NATURAL,01t4w00000NundOAAR
,GREEN,01t4w00000NundPAAR
,GREEN,01t4w00000NundQAAR
,CHOCOLATE,01t4w00000NundRAAR
,CHOCOLATE,01t4w00000NundSAAR
,NATURAL + BLACK,01t4w00000NundTAAR
,GREEN,01t4w00000NundUAAR
,GREEN,01t4w00000NundVAAR
,NATURAL + BLACK,01t4w00000NundWAAR
,GREEN,01t4w00000NundXAAR
,NATURAL,01t4w00000NundYAAR
,NATURAL,01t4w00000NundZAAR
,NATURAL,01t4w00000NundaAAB
,NATURAL + BLACK,01t4w00000NundbAAB
,NATURAL + BLACK,01t4w00000NundcAAB
,NATURAL + BLACK,01t4w00000NunddAAB
,NATURAL + BLACK,01t4w00000NundeAAB
,NATURAL + BLACK,01t4w00000NundfAAB
,NATURAL + BLACK,01t4w00000NundgAAB
,MULTIPLE,01t4w00000NundhAAB
,MULTIPLE,01t4w00000NundiAAB
,NATURAL + BLACK,01t4w00000NundjAAB
,NATURAL + BLACK,01t4w00000NundkAAB
,NATURAL + BLACK,01t4w00000NundlAAB
,MULTIPLE,01t4w00000NundmAAB
,NATURAL + BLACK,01t4w00000NundnAAB
,MULTIPLE,01t4w00000NundoAAB
,NATURAL + BLACK,01t4w00000NundpAAB
,NATURAL + BLACK,01t4w00000NundqAAB
,NATURAL + BLACK,01t4w00000NundrAAB
,FAUX DENIM,01t4w00000NundsAAB
,MULTIPLE,01t4w00000NundtAAB
,MULTIPLE,01t4w00000NunduAAB
,MULTIPLE,01t4w00000NundvAAB
,MULTIPLE,01t4w00000NundwAAB
GREEN,GREEN,01t4w00000NundxAAB
BLUE+WHITE+NATURAL,BLUE+WHITE+NATURAL,01t4w00000NundyAAB
PINK+NATURAL,PINK+NATURAL,01t4w00000NundzAAB
GREY+NATURAL,GREY+NATURAL,01t4w00000Nune0AAB
WHITE + RED,WHITE + RED,01t4w00000Nune1AAB
WHITE+BLACK,WHITE+BLACK,01t4w00000Nune2AAB
WHITE+BLACK,WHITE+BLACK,01t4w00000Nune3AAB
MULTIPLE COLORES,MULTIPLE COLORES,01t4w00000Nune4AAB
GIRL,GIRL,01t4w00000Nune5AAB
GIRL,GIRL,01t4w00000Nune6AAB
BOY,BOY,01t4w00000Nune7AAB
GIRL,GIRL,01t4w00000Nune8AAB
GIRL,GIRL,01t4w00000Nune9AAB
BOY,BOY,01t4w00000NuneAAAR
BOY,BOY,01t4w00000NuneBAAR
BOY,BOY,01t4w00000NuneCAAR
BOY,BOY,01t4w00000NuneDAAR
BOY,BOY,01t4w00000NuneEAAR
BOY,BOY,01t4w00000NuneFAAR
BOY,BOY,01t4w00000NuneGAAR
BOY,BOY,01t4w00000NuneHAAR
BOY,BOY,01t4w00000NuneIAAR
NATURAL + BLUE,NATURAL + BLUE,01t4w00000NuneJAAR
BOY,BOY,01t4w00000NuneKAAR
NATURAL + BEIGE,NATURAL + BEIGE,01t4w00000NuneLAAR
NATURAL,NATURAL,01t4w00000NuneMAAR
NATURAL,NATURAL,01t4w00000NuneNAAR
NATURAL + PINK,NATURAL + PINK,01t4w00000NuneOAAR
NATURAL,NATURAL,01t4w00000NunePAAR
MULTIPLE COLORES,MULTIPLE COLORES,01t4w00000NuneQAAR
BLUE,BLUE,01t4w00000NuneRAAR
NATURAL+PINK,NATURAL+PINK,01t4w00000NuneSAAR
WHITE+NATURAL,WHITE+NATURAL,01t4w00000NuneTAAR
NATURAL+GREY,NATURAL+GREY,01t4w00000NuneUAAR
NATURAL + BLUE,NATURAL + BLUE,01t4w00000NuneVAAR
WHITE+NATURAL,WHITE+NATURAL,01t4w00000NuneWAAR
WHITE+NATURAL,WHITE+NATURAL,01t4w00000NuneXAAR
NATURAL + GREY,NATURAL + GREY,01t4w00000NuneYAAR
NATURAL,NATURAL,01t4w00000NuneZAAR
BLACK+WHITE,BLACK+WHITE,01t4w00000NuneaAAB
BROWN+NATURAL,BROWN+NATURAL,01t4w00000NunebAAB
MULTIPLE,MULTIPLE,01t4w00000NunecAAB
NATURAL + WHITE,NATURAL + WHITE,01t4w00000NunedAAB
NATURAL,NATURAL,01t4w00000NuneeAAB
NATURAL,NATURAL,01t4w00000NunefAAB
NATURAL + WHITE,NATURAL + WHITE,01t4w00000NunegAAB
NATURAL + GREY,NATURAL + GREY,01t4w00000NunehAAB
NATURAL + GREY,NATURAL + GREY,01t4w00000NuneiAAB
NATURAL,NATURAL,01t4w00000NunejAAB
NATURAL + WHITE,NATURAL + WHITE,01t4w00000NunekAAB
NATURAL + BLACK,NATURAL + BLACK,01t4w00000NunelAAB
NATURAL + BLACK,NATURAL + BLACK,01t4w00000NunemAAB
NATURAL + WHITE,NATURAL + WHITE,01t4w00000NunenAAB
,WHITE+NATURAL,01t4w00000NuneoAAB
,BLACK+WHITE,01t4w00000NunepAAB
,WHITE+NATURAL,01t4w00000NuneqAAB
,WHITE+NATURAL,01t4w00000NunerAAB
,BROWN+NATURAL,01t4w00000NunesAAB
,BLACK + NATURAL,01t4w00000NunetAAB
,BLUE+WHITE+NATURAL,01t4w00000NuneuAAB
,PINK+NATURAL,01t4w00000NunevAAB
,WHITE + RED,01t4w00000NunewAAB
,WHITE+BLACK,01t4w00000NunexAAB
,WHITE+BLACK,01t4w00000NuneyAAB
,GREY+NATURAL,01t4w00000NunezAAB
,BLACK + NATURAL,01t4w00000Nunf0AAB
MULTIPLE,MULTIPLE,01t4w00000Nunf1AAB
MULTIPLE,MULTIPLE,01t4w00000Nunf2AAB
MULTIPLE,MULTIPLE,01t4w00000Nunf3AAB
BLUE,BLUE,01t4w00000Nunf4AAB
BLACK+ RED,BLACK+ RED,01t4w00000Nunf5AAB
BLACK + GREEN,BLACK + GREEN,01t4w00000Nunf6AAB
MULTIPLE,MULTIPLE,01t4w00000Nunf7AAB
BLACK + GREY,BLACK + GREY,01t4w00000Nunf8AAB
MULTIPLE,MULTIPLE,01t4w00000Nunf9AAB
MULTIPLE,MULTIPLE,01t4w00000NunfAAAR
BLACK,BLACK,01t4w00000NunfBAAR
MULTIPLE,MULTIPLE,01t4w00000NunfCAAR
MULTIPLE,MULTIPLE,01t4w00000NunfDAAR
MULTIPLE,MULTIPLE,01t4w00000NunfEAAR
GREY + GREEN,GREY + GREEN,01t4w00000NunfFAAR
,BLACK + NATURAL,01t4w00000NunfGAAR
,BLACK + NATURAL,01t4w00000NunfHAAR
,BLACK + NATURAL,01t4w00000NunfIAAR
,BLACK + NATURAL,01t4w00000NunfJAAR
,NATURAL + BLACK,01t4w00000NunfKAAR
,NATURAL + BLACK,01t4w00000NunfLAAR
,BLACK + NATURAL,01t4w00000NunfMAAR
,BLACK + WOOD,01t4w00000NunfNAAR
,BLACK + NATURAL,01t4w00000NunfOAAR
,BLACK + NATURAL,01t4w00000NunfPAAR
,NATURAL + WOOD,01t4w00000NunfQAAR
,BLACK + NATURAL,01t4w00000NunfRAAR
,BLACK + NATURAL,01t4w00000NunfSAAR
,NATURAL + BLACK,01t4w00000NunfTAAR
,BLACK + NATURAL,01t4w00000NunfUAAR
,NATURAL + BLACK,01t4w00000NunfVAAR
,NATURAL + BLACK,01t4w00000NunfWAAR
,BLACK + NATURAL,01t4w00000NunfXAAR
,BLACK + NATURAL,01t4w00000NunfYAAR
,BLACK + NATURAL,01t4w00000NunfZAAR
,GIRL,01t4w00000NunfaAAB
,GIRL,01t4w00000NunfbAAB
,BOY,01t4w00000NunfcAAB
,NATURAL + BLACK,01t4w00000NunfdAAB
PINK,PINK,01t4w00000NunfeAAB
,NATURAL + BLACK,01t4w00000NunffAAB
,NATURAL+PINK,01t4w00000NunfgAAB
,PINK,01t4w00000NunfhAAB
,NATURAL+GREY,01t4w00000NunfiAAB
,BOY,01t4w00000NunfjAAB
,GIRL,01t4w00000NunfkAAB
RED+BLUE,RED+BLUE,01t4w00000NunflAAB
,RED+BLUE,01t4w00000NunfmAAB
,GREEN,01t4w00000NunfnAAB
,BLUE+GREEN+RED,01t4w00000NunfoAAB
GREEN,GREEN,01t4w00000NunfpAAB
,GIRL,01t4w00000NunfqAAB
,BOY,01t4w00000NunfrAAB
,BOY,01t4w00000NunfsAAB
,BOY,01t4w00000NunftAAB
,MULTIPLE COLORES,01t4w00000NunfuAAB
GREEN,GREEN,01t4w00000NunfvAAB
BLUE+GREEN+RED,BLUE+GREEN+RED,01t4w00000NunfwAAB
,GREEN,01t4w00000NunfxAAB
,MULTIPLE,01t4w00000NunfyAAB
,BOY,01t4w00000NunfzAAB
,BOY,01t4w00000Nung0AAB
BLUE+RED,BLUE+RED,01t4w00000Nung1AAB
,BLUE+RED,01t4w00000Nung2AAB
,BOY,01t4w00000Nung3AAB
,BOY,01t4w00000Nung4AAB
,BOY,01t4w00000Nung5AAB
MULTIPLE,MULTIPLE,01t4w00000Nung6AAB
,BOY,01t4w00000Nung7AAB
,MULTIPLE,01t4w00000Nung8AAB
MULTIPLE,MULTIPLE,01t4w00000Nung9AAB
MULTIPLE,MULTIPLE,01t4w00000NungAAAR
,MULTIPLE,01t4w00000NungBAAR
NATURAL+BLACK,NATURAL+BLACK,01t4w00000NungCAAR
NATURAL+BLACK,NATURAL+BLACK,01t4w00000NungDAAR
NATURAL+BLACK,NATURAL+BLACK,01t4w00000NungEAAR
NATURAL+BLACK,NATURAL+BLACK,01t4w00000NungFAAR
NATURAL+BLACK,NATURAL+BLACK,01t4w00000NungGAAR
NATURAL+BLACK,NATURAL+BLACK,01t4w00000NungHAAR
NATURAL,NATURAL,01t4w00000NungIAAR
NATURAL+WHITE,NATURAL+WHITE,01t4w00000NungJAAR
NATURAL,NATURAL,01t4w00000NungKAAR
BLACK+BROWN,BLACK+BROWN,01t4w00000NungLAAR
NATURAL+WHITE,NATURAL+WHITE,01t4w00000NungMAAR
WHITE,WHITE,01t4w00000NungNAAR
NATURAL,NATURAL,01t4w00000NungOAAR
NATURAL+BLACK,NATURAL+BLACK,01t4w00000NungPAAR
BLACK,BLACK,01t4w00000NungQAAR
NATURAL,NATURAL,01t4w00000NungRAAR
MULTIPLE,MULTIPLE,01t4w00000NungVAAR
MULTIPLE,MULTIPLE,01t4w00000NungWAAR
MULTIPLE,MULTIPLE,01t4w00000NungXAAR
MULTIPLE,MULTIPLE,01t4w00000NungYAAR
MULTIPLE,MULTIPLE,01t4w00000NungZAAR
MULTIPLE,MULTIPLE,01t4w00000NungaAAB
MULTIPLE,MULTIPLE,01t4w00000NungbAAB
MULTIPLE,MULTIPLE,01t4w00000NungcAAB
MULTIPLE,MULTIPLE,01t4w00000NungdAAB
MULTIPLE,MULTIPLE,01t4w00000NungeAAB
MULTIPLE,MULTIPLE,01t4w00000NungfAAB
MULTIPLE,MULTIPLE,01t4w00000NunggAAB
MULTIPLE,MULTIPLE,01t4w00000NunghAAB
MULTIPLE,MULTIPLE,01t4w00000NungiAAB
MULTIPLE,MULTIPLE,01t4w00000NungjAAB
MULTIPLE,MULTIPLE,01t4w00000NungkAAB
MULTIPLE,MULTIPLE,01t4w00000NunglAAB
MULTIPLE,MULTIPLE,01t4w00000NungmAAB
MULTIPLE,MULTIPLE,01t4w00000NungnAAB
MULTIPLE,MULTIPLE,01t4w00000NungoAAB
MULTIPLE,MULTIPLE,01t4w00000NungpAAB
MULTIPLE,MULTIPLE,01t4w00000NungqAAB
BLACK,BLACK,01t4w00000NungrAAB
BLACK,BLACK,01t4w00000NungsAAB
MULTIPLE,MULTIPLE,01t4w00000NungtAAB
CEMENT,CEMENT,01t4w00000NunguAAB
BLACK,BLACK,01t4w00000NungvAAB
SILVER,SILVER,01t4w00000NungwAAB
BLACK,BLACK,01t4w00000NungxAAB
BLACK,BLACK,01t4w00000NungyAAB
BLACK,BLACK,01t4w00000NungzAAB
BLACK,BLACK,01t4w00000Nunh0AAB
BLACK,BLACK,01t4w00000Nunh1AAB
MULTIPLE COLORES,MULTIPLE COLORES,01t4w00000Nunh2AAB
BLACK,BLACK,01t4w00000Nunh3AAB
BLACK,BLACK,01t4w00000Nunh4AAB
MULTIPLE COLORES,MULTIPLE COLORES,01t4w00000Nunh5AAB
BLACK,BLACK,01t4w00000Nunh6AAB
MULTIPLE COLORES,MULTIPLE COLORES,01t4w00000Nunh7AAB
MULTIPLE COLORES,MULTIPLE COLORES,01t4w00000Nunh8AAB
BLACK,BLACK,01t4w00000Nunh9AAB
BROWN,BROWN,01t4w00000NunhAAAR
BLACK,BLACK,01t4w00000NunhBAAR
BLACK,BLACK,01t4w00000NunhCAAR
GREY DARK,GREY DARK,01t4w00000NunhDAAR
MULTIPLE COLORES,MULTIPLE COLORES,01t4w00000NunhEAAR
YELLOW + GREEN,YELLOW + GREEN,01t4w00000NunhFAAR
WHITE,WHITE,01t4w00000NunhGAAR
BLACK,BLACK,01t4w00000NunhHAAR
BROWN,BROWN,01t4w00000NunhIAAR
BROWN,BROWN,01t4w00000NunhJAAR
BLACK,BLACK,01t4w00000NunhKAAR
BLACK,BLACK,01t4w00000NunhLAAR
BLACK,BLACK,01t4w00000NunhMAAR
BLACK,BLACK,01t4w00000NunhNAAR
SILVER,SILVER,01t4w00000NunhOAAR
MULTIPLE,MULTIPLE,01t4w00000NunhPAAR
MULTIPLE,MULTIPLE,01t4w00000NunhQAAR
,BEIGE + GOLD,01t4w00000NunhRAAR
,BLACK,01t4w00000NunhSAAR
,BEIGE + BLACK,01t4w00000NunhTAAR
,NATURAL,01t4w00000NunhUAAR
,BEIGE + BLACK,01t4w00000NunhVAAR
,GREY,01t4w00000NunhWAAR
,BLACK,01t4w00000NunhXAAR
,WHITE + BLACK,01t4w00000NunhYAAR
,BEIGE + NATURAL,01t4w00000NunhZAAR
,BEIGE + BLACK,01t4w00000NunhaAAB
YELLOW AND GREEN,YELLOW AND GREEN,01t4w00000NunhbAAB
,BEIGE + BLACK,01t4w00000NunhcAAB
,BEIGE+ BLACK,01t4w00000NunhdAAB
MULTIPLE,MULTIPLE,01t4w00000NunheAAB
GREEN,GREEN,01t4w00000NunhfAAB
,BEIGE + BLACK,01t4w00000NunhgAAB
,NATURAL + BEIGE,01t4w00000NunhhAAB
,WHITE,01t4w00000NunhiAAB
MULTIPLE,MULTIPLE,01t4w00000NunhjAAB
,BEIGE + BLACK,01t4w00000NunhkAAB
,BEIGE + BLACK,01t4w00000NunhlAAB
,BEIGE + BLACK,01t4w00000NunhmAAB
,NATURAL + BEIGE,01t4w00000NunhnAAB
,NATURAL,01t4w00000NunhoAAB
,NATURAL+BLACK,01t4w00000NunhpAAB
,NATURAL+WHITE,01t4w00000NunhqAAB
,BLACK+BROWN,01t4w00000NunhrAAB
,NATURAL+WHITE,01t4w00000NunhsAAB
,NATURAL,01t4w00000NunhtAAB
,NATURAL+BLACK,01t4w00000NunhuAAB
,NATURAL+BLACK,01t4w00000NunhvAAB
,NATURAL,01t4w00000NunhwAAB
,NATURAL+BLACK,01t4w00000NunhxAAB
,NATURAL+BLACK,01t4w00000NunhyAAB
,NATURAL+BLACK,01t4w00000NunhzAAB
MULTIPLE,MULTIPLE,01t4w00000Nuni0AAB
MULTIPLE,MULTIPLE,01t4w00000Nuni1AAB
,NATURAL+BLACK,01t4w00000Nuni2AAB
MULTIPLE,MULTIPLE,01t4w00000Nuni3AAB
MULTIPLE,MULTIPLE,01t4w00000Nuni4AAB
MULTIPLE,MULTIPLE,01t4w00000Nuni5AAB
MULTIPLE,MULTIPLE,01t4w00000Nuni6AAB
MULTIPLE,MULTIPLE,01t4w00000Nuni7AAB
MULTIPLE,MULTIPLE,01t4w00000Nuni8AAB
MULTIPLE,MULTIPLE,01t4w00000Nuni9AAB
MULTIPLE,MULTIPLE,01t4w00000NuniAAAR
MULTIPLE,MULTIPLE,01t4w00000NuniBAAR
MULTIPLE,MULTIPLE,01t4w00000NuniCAAR
MULTIPLE,MULTIPLE,01t4w00000NuniDAAR
MULTIPLE,MULTIPLE,01t4w00000NuniEAAR
MULTIPLE,MULTIPLE,01t4w00000NuniFAAR
MULTIPLE,MULTIPLE,01t4w00000NuniGAAR
MULTIPLE,MULTIPLE,01t4w00000NuniHAAR
MULTIPLE,MULTIPLE,01t4w00000NuniIAAR
MULTIPLE,MULTIPLE,01t4w00000NuniJAAR
MULTIPLE,MULTIPLE,01t4w00000NuniKAAR
,MULTIPLE,01t4w00000NuniLAAR
,MULTIPLE,01t4w00000NuniMAAR
,BLACK + GREEN,01t4w00000NuniNAAR
MULTIPLE,MULTIPLE,01t4w00000NuniOAAR
,MULTIPLE,01t4w00000NuniPAAR
,BLACK,01t4w00000NuniQAAR
,MULTIPLE,01t4w00000NuniRAAR
,BLUE,01t4w00000NuniSAAR
MULTIPLE,MULTIPLE,01t4w00000NuniTAAR
MULTIPLE,MULTIPLE,01t4w00000NuniUAAR
,MULTIPLE,01t4w00000NuniVAAR
,MULTIPLE,01t4w00000NuniWAAR
,GREY + GREEN,01t4w00000NuniXAAR
,BLACK + GREY,01t4w00000NuniYAAR
,BLACK+ RED,01t4w00000NuniZAAR
,MULTIPLE,01t4w00000NuniaAAB
,MULTIPLE,01t4w00000NunibAAB
MULTIPLE,MULTIPLE,01t4w00000NunicAAB
,MULTIPLE,01t4w00000NunidAAB
MULTIPLE,MULTIPLE,01t4w00000NunieAAB
MULTIPLE,MULTIPLE,01t4w00000NunifAAB
MULTIPLE,MULTIPLE,01t4w00000NunigAAB
MULTIPLE,MULTIPLE,01t4w00000NunihAAB
MULTIPLE,MULTIPLE,01t4w00000NuniiAAB
,SILVER,01t4w00000NunijAAB
,BLACK,01t4w00000NunikAAB
,BLACK,01t4w00000NunilAAB
,BLACK,01t4w00000NunimAAB
,BLACK,01t4w00000NuninAAB
MULTIPLE,MULTIPLE,01t4w00000NunioAAB
,BLACK,01t4w00000NunipAAB
,BLACK,01t4w00000NuniqAAB
,MULTIPLE COLORES,01t4w00000NunirAAB
,BLACK,01t4w00000NunisAAB
MULTIPLE,MULTIPLE,01t4w00000NunitAAB
,BLACK,01t4w00000NuniuAAB
MULTIPLE,MULTIPLE,01t4w00000NunivAAB
,BLACK,01t4w00000NuniwAAB
,MULTIPLE COLORES,01t4w00000NunixAAB
,MULTIPLE COLORES,01t4w00000NuniyAAB
,MULTIPLE COLORES,01t4w00000NunizAAB
,BROWN,01t4w00000Nunj0AAB
,BLACK,01t4w00000Nunj1AAB
,GREY DARK,01t4w00000Nunj2AAB
,MULTIPLE COLORES,01t4w00000Nunj3AAB
,WHITE,01t4w00000Nunj4AAB
,YELLOW + GREEN,01t4w00000Nunj5AAB
,BLACK,01t4w00000Nunj6AAB
,BLACK,01t4w00000Nunj7AAB
,YELLOW AND GREEN,01t4w00000Nunj8AAB
,BROWN,01t4w00000Nunj9AAB
,BROWN,01t4w00000NunjAAAR
,BLACK,01t4w00000NunjBAAR
,BLACK,01t4w00000NunjCAAR
,MULTIPLE,01t4w00000NunjDAAR
,MULTIPLE,01t4w00000NunjEAAR
,MULTIPLE,01t4w00000NunjFAAR
,MULTIPLE,01t4w00000NunjGAAR
,MULTIPLE,01t4w00000NunjHAAR
,MULTIPLE,01t4w00000NunjIAAR
,MULTIPLE,01t4w00000NunjJAAR
,MULTIPLE,01t4w00000NunjKAAR
,MULTIPLE,01t4w00000NunjLAAR
,MULTIPLE,01t4w00000NunjMAAR
,MULTIPLE,01t4w00000NunjNAAR
,BLACK,01t4w00000NunjOAAR
,MULTIPLE,01t4w00000NunjPAAR
,CEMENT,01t4w00000NunjQAAR
,BLACK,01t4w00000NunjRAAR
,BLACK,01t4w00000NunjSAAR
,MULTIPLE,01t4w00000NunjTAAR
,NATURAL+BLACK,01t4w00000NunjUAAR
,NATURAL+BLACK,01t4w00000NunjVAAR
,NATURAL+BLACK,01t4w00000NunjWAAR
,NATURAL+BLACK,01t4w00000NunjXAAR
,FAUX CEMENT,01t4w00000NunjYAAR
,FAUX CEMENT,01t4w00000NunjZAAR
,MULTIPLE,01t4w00000Nunk5AAB
,MULTIPLE,01t4w00000NunkNAAR
,MULTIPLE,01t4w00000NunkYAAR
,MULTIPLE,01t4w00000NunkZAAR
,MULTIPLE,01t4w00000NunkaAAB
,MULTIPLE,01t4w00000NunkbAAB
,MULTIPLE,01t4w00000NunkcAAB
,MULTIPLE,01t4w00000NunkdAAB
,MULTIPLE,01t4w00000NunkeAAB
,MULTIPLE,01t4w00000NunkfAAB
,MULTIPLE,01t4w00000NunkgAAB
,MULTIPLE,01t4w00000NunkhAAB
,MULTIPLE,01t4w00000NunkiAAB
,MULTIPLE,01t4w00000NunkjAAB
,MULTIPLE,01t4w00000NunkkAAB
,MULTIPLE,01t4w00000NunklAAB
,MULTIPLE,01t4w00000NunkmAAB
,MULTIPLE,01t4w00000NunknAAB
,MULTIPLE,01t4w00000NunkoAAB
,MULTIPLE,01t4w00000NunkpAAB
,MULTIPLE,01t4w00000NunkqAAB
,MULTIPLE,01t4w00000NunkrAAB
,MULTIPLE,01t4w00000NunksAAB
,MULTIPLE,01t4w00000NunktAAB
,MULTIPLE,01t4w00000NunkuAAB
,MULTIPLE,01t4w00000NunkvAAB
,MULTIPLE,01t4w00000NunkwAAB
,MULTIPLE,01t4w00000NunkxAAB
,MULTIPLE,01t4w00000NunkyAAB
,MULTIPLE,01t4w00000NunkzAAB
,MULTIPLE,01t4w00000Nunl0AAB
,MULTIPLE,01t4w00000Nunl1AAB
,MULTIPLE,01t4w00000Nunl2AAB
,MULTIPLE,01t4w00000Nunl3AAB
,MULTIPLE,01t4w00000Nunl4AAB
,MULTIPLE,01t4w00000Nunl5AAB
,MULTIPLE,01t4w00000Nunl6AAB
,MULTIPLE,01t4w00000Nunl7AAB
,MULTIPLE,01t4w00000Nunl8AAB
,MULTIPLE,01t4w00000Nunl9AAB
,MULTIPLE,01t4w00000NunlAAAR
,MULTIPLE,01t4w00000NunlBAAR
,MULTIPLE,01t4w00000NunlCAAR
,MULTIPLE,01t4w00000NunlDAAR
,MULTIPLE,01t4w00000NunlEAAR
,MULTIPLE,01t4w00000NunlFAAR
MULTIPLE,MULTIPLE,01t4w00000NunlGAAR
MULTIPLE,MULTIPLE,01t4w00000NunlHAAR
MULTIPLE,MULTIPLE,01t4w00000NunlIAAR
MULTIPLE,MULTIPLE,01t4w00000NunlJAAR
MULTIPLE,MULTIPLE,01t4w00000NunlKAAR
MULTIPLE,MULTIPLE,01t4w00000NunlLAAR
MULTIPLE,MULTIPLE,01t4w00000NunlMAAR
MULTIPLE,MULTIPLE,01t4w00000NunlNAAR
MULTIPLE,MULTIPLE,01t4w00000NunlOAAR
MULTIPLE,MULTIPLE,01t4w00000NunlPAAR
MULTIPLE,MULTIPLE,01t4w00000NunlQAAR
MULTIPLE,MULTIPLE,01t4w00000NunlRAAR
MULTIPLE,MULTIPLE,01t4w00000NunlSAAR
MULTIPLE,MULTIPLE,01t4w00000NunlTAAR
MULTIPLE,MULTIPLE,01t4w00000NunlUAAR
MULTIPLE,MULTIPLE,01t4w00000NunlVAAR
MULTIPLE,MULTIPLE,01t4w00000NunlWAAR
MULTIPLE,MULTIPLE,01t4w00000NunlXAAR
MULTIPLE,MULTIPLE,01t4w00000NunlYAAR
MULTIPLE,MULTIPLE,01t4w00000NunlZAAR
MULTIPLE,MULTIPLE,01t4w00000NunlaAAB
MULTIPLE,MULTIPLE,01t4w00000NunlbAAB
MULTIPLE,MULTIPLE,01t4w00000NunlcAAB
MULTIPLE,MULTIPLE,01t4w00000NunldAAB
MULTIPLE,MULTIPLE,01t4w00000NunleAAB
MULTIPLE,MULTIPLE,01t4w00000NunlfAAB
MULTIPLE,MULTIPLE,01t4w00000NunlgAAB
MULTIPLE,MULTIPLE,01t4w00000NunlhAAB
MULTIPLE,MULTIPLE,01t4w00000NunliAAB
MULTIPLE,MULTIPLE,01t4w00000NunljAAB
MULTIPLE,MULTIPLE,01t4w00000NunlkAAB
MULTIPLE,MULTIPLE,01t4w00000NunllAAB
MULTIPLE,MULTIPLE,01t4w00000NunlmAAB
MULTIPLE,MULTIPLE,01t4w00000NunlnAAB
MULTIPLE,MULTIPLE,01t4w00000NunloAAB
MULTIPLE,MULTIPLE,01t4w00000NunlpAAB
BLACK,BLACK,01t4w00000NunlqAAB
BLACK,BLACK,01t4w00000NunlrAAB
,BLACK,01t4w00000NunlsAAB
BLACK,BLACK,01t4w00000NunltAAB
,BLACK,01t4w00000NunluAAB
,BLACK,01t4w00000NunlvAAB
,GREY,01t4w00000NunlwAAB
,GREY DARK,01t4w00000NunlxAAB
BLACK,BLACK,01t4w00000NunlyAAB
,BLACK,01t4w00000NunlzAAB
BLACK,BLACK,01t4w00000Nunm0AAB
,BLACK,01t4w00000Nunm1AAB
BLACK,BLACK,01t4w00000Nunm2AAB
,BLACK,01t4w00000Nunm3AAB
BLACK,BLACK,01t4w00000Nunm4AAB
,BLACK,01t4w00000Nunm5AAB
BLACK,BLACK,01t4w00000Nunm6AAB
,BLACK,01t4w00000Nunm7AAB
BLACK,BLACK,01t4w00000Nunm8AAB
BLACK,BLACK,01t4w00000Nunm9AAB
BLACK,BLACK,01t4w00000NunmAAAR
,BLACK,01t4w00000NunmBAAR
,BLACK,01t4w00000NunmCAAR
,BLACK,01t4w00000NunmDAAR
,GREY,01t4w00000NunmEAAR
BLACK,BLACK,01t4w00000NunmFAAR
,BLACK,01t4w00000NunmGAAR
BLACK,BLACK,01t4w00000NunmHAAR
,BLACK,01t4w00000NunmIAAR
,BLACK,01t4w00000NunmJAAR
BLACK,BLACK,01t4w00000NunmKAAR
,BLACK,01t4w00000NunmLAAR
,GREY,01t4w00000NunmMAAR
,GREY DARK,01t4w00000NunmNAAR
,ORANGE,01t4w00000NunmOAAR
,RED,01t4w00000NunmPAAR
BLACK,BLACK,01t4w00000NunmQAAR
,GREY DARK,01t4w00000NunmRAAR
,GREY DARK,01t4w00000NunmSAAR
,BROWN,01t4w00000NunmTAAR
,GREY,01t4w00000NunmUAAR
,GREY,01t4w00000NunmVAAR
,BLUE,01t4w00000NunmWAAR
BLACK,BLACK,01t4w00000NunmXAAR
,BEIGE,01t4w00000NunmYAAR
,BLACK,01t4w00000NunmZAAR
BLACK,BLACK,01t4w00000NunmaAAB
,WHITE + RED,01t4w00000NunmbAAB
,GREY DARK,01t4w00000NunmcAAB
,BLACK,01t4w00000NunmdAAB
BLACK,BLACK,01t4w00000NunmeAAB
,BLACK,01t4w00000NunmfAAB
,BLACK,01t4w00000NunmgAAB
BLACK,BLACK,01t4w00000NunmhAAB
,BLACK,01t4w00000NunmiAAB
BLACK,BLACK,01t4w00000NunmjAAB
BLACK,BLACK,01t4w00000NunmkAAB
,BLACK,01t4w00000NunmlAAB
BLACK,BLACK,01t4w00000NunmmAAB
,BLACK,01t4w00000NunmnAAB
BLACK + GREY,BLACK + GREY,01t4w00000NunmoAAB
MULTIPLE,MULTIPLE,01t4w00000NunmrAAB
,MULTIPLE,01t4w00000NunmsAAB
MULTIPLE,MULTIPLE,01t4w00000NunmtAAB
,MULTIPLE,01t4w00000NunmuAAB
MULTIPLE,MULTIPLE,01t4w00000NunmvAAB
,MULTIPLE,01t4w00000NunmwAAB
MULTIPLE,MULTIPLE,01t4w00000NunmxAAB
,NATURAL + BLUE,01t4w00000NunmyAAB
MULTIPLE,MULTIPLE,01t4w00000NunmzAAB
,MULTIPLE,01t4w00000Nunn1AAB
MULTIPLE,MULTIPLE,01t4w00000Nunn2AAB
,MULTIPLE,01t4w00000Nunn4AAB
WHITE,WHITE,01t4w00000Nunn5AAB
RED,RED,01t4w00000NunnCAAR
,RED,01t4w00000NunnDAAR
WHITE+BLACK,WHITE+BLACK,01t4w00000NunnEAAR
GREY,GREY,01t4w00000NunnHAAR
,GREY,01t4w00000NunnIAAR
NATURAL,NATURAL,01t4w00000NunnJAAR
RED,RED,01t4w00000NunnKAAR
,RED,01t4w00000NunnLAAR
MULTIPLE,MULTIPLE,01t4w00000NunnPAAR
,MULTIPLE,01t4w00000NunnQAAR
GREY + WOOD,GREY + WOOD,01t4w00000NunnRAAR
MULTIPLE,MULTIPLE,01t4w00000NunnSAAR
,MULTIPLE,01t4w00000NunnTAAR
MULTIPLE,MULTIPLE,01t4w00000NunnUAAR
,MULTIPLE,01t4w00000NunnVAAR
BLACK,BLACK,01t4w00000NunnWAAR
,NATURAL + BEIGE,01t4w00000NunnXAAR
,NATURAL,01t4w00000NunnYAAR
,NATURAL + PINK,01t4w00000NunnZAAR
BLACK,BLACK,01t4w00000NunnbAAB
,NATURAL,01t4w00000NunncAAB
,NATURAL,01t4w00000NunndAAB
,BLACK,01t4w00000NunneAAB
PURPLE,PURPLE,01t4w00000NunnfAAB
,PURPLE,01t4w00000NunnhAAB
WHITE,WHITE,01t4w00000NunniAAB
,BLACK,01t4w00000NunnkAAB
,WHITE,01t4w00000NunnlAAB
MULTIPLE,MULTIPLE,01t4w00000NunnmAAB
GREY,GREY,01t4w00000NunnnAAB
MULTIPLE,MULTIPLE,01t4w00000NunnpAAB
,MULTIPLE,01t4w00000NunnqAAB
,MULTIPLE,01t4w00000NunntAAB
MULTIPLE,MULTIPLE,01t4w00000NunnuAAB
,MULTIPLE,01t4w00000NunnvAAB
MULTIPLE,MULTIPLE,01t4w00000NunnwAAB
,MULTIPLE,01t4w00000NunnxAAB
MULTIPLE,MULTIPLE,01t4w00000NunnyAAB
,MULTIPLE,01t4w00000NunnzAAB
BLACK,BLACK,01t4w00000Nuno1AAB
,BLACK,01t4w00000Nuno2AAB
GREEN,GREEN,01t4w00000Nuno5AAB
,MULTIPLE,01t4w00000Nuno6AAB
,MULTIPLE,01t4w00000Nuno7AAB
,GREEN,01t4w00000Nuno8AAB
,MULTIPLE,01t4w00000Nuno9AAB
,MULTIPLE,01t4w00000NunoAAAR
MULTIPLE,MULTIPLE,01t4w00000NunoBAAR
MULTIPLE,MULTIPLE,01t4w00000NunoCAAR
,MULTIPLE,01t4w00000NunoDAAR
,MULTIPLE,01t4w00000NunoEAAR
,MULTIPLE,01t4w00000NunoFAAR
,MULTIPLE,01t4w00000NunoGAAR
,MULTIPLE,01t4w00000NunoHAAR
BEIGE,BEIGE,01t4w00000NunoIAAR
MULTIPLE,MULTIPLE,01t4w00000NunoJAAR
,BEIGE,01t4w00000NunoKAAR
,MULTIPLE,01t4w00000NunoLAAR
,MULTIPLE,01t4w00000NunoMAAR
,MULTIPLE,01t4w00000NunoNAAR
,MULTIPLE,01t4w00000NunoOAAR
,MULTIPLE,01t4w00000NunoPAAR
,MULTIPLE,01t4w00000NunoQAAR
WHITE,WHITE,01t4w00000NunoRAAR
,WHITE,01t4w00000NunoSAAR
,MULTIPLE,01t4w00000NunoTAAR
MULTIPLE,MULTIPLE,01t4w00000NunoUAAR
,MULTIPLE,01t4w00000NunoVAAR
,MULTIPLE,01t4w00000NunoWAAR
,MULTIPLE,01t4w00000NunoXAAR
,MULTIPLE,01t4w00000NunoYAAR
,MULTIPLE,01t4w00000NunoZAAR
,MULTIPLE,01t4w00000NunoaAAB
,MULTIPLE,01t4w00000NunobAAB
,MULTIPLE,01t4w00000NunocAAB
,MULTIPLE,01t4w00000NunodAAB
,MULTIPLE,01t4w00000NunoeAAB
,MULTIPLE,01t4w00000NunofAAB
MULTIPLE,MULTIPLE,01t4w00000NunogAAB
,MULTIPLE,01t4w00000NunohAAB
,MULTIPLE,01t4w00000NunoiAAB
,MULTIPLE,01t4w00000NunojAAB
,MULTIPLE,01t4w00000NunokAAB
,MULTIPLE,01t4w00000NunolAAB
MULTIPLE,MULTIPLE,01t4w00000NunomAAB
,MULTIPLE,01t4w00000NunonAAB
,MULTIPLE,01t4w00000NunooAAB
,MULTIPLE,01t4w00000NunopAAB
,MULTIPLE,01t4w00000NunoqAAB
,MULTIPLE,01t4w00000NunorAAB
,MULTIPLE,01t4w00000NunosAAB
,MULTIPLE,01t4w00000NunotAAB
,MULTIPLE,01t4w00000NunouAAB
,MULTIPLE,01t4w00000NunovAAB
,MULTIPLE,01t4w00000NunowAAB
BLACK,BLACK,01t4w00000NunoxAAB
,BLACK,01t4w00000NunoyAAB
BLACK,BLACK,01t4w00000NunozAAB
,BLACK,01t4w00000Nunp0AAB
RED,RED,01t4w00000Nunp1AAB
RED,RED,01t4w00000Nunp2AAB
BLACK,BLACK,01t4w00000Nunp3AAB
,BLACK,01t4w00000Nunp4AAB
,RED,01t4w00000Nunp5AAB
,RED,01t4w00000Nunp6AAB
BLACK,BLACK,01t4w00000Nunp7AAB
,BLACK,01t4w00000Nunp8AAB
BLACK,BLACK,01t4w00000Nunp9AAB
,BLACK,01t4w00000NunpAAAR
RED,RED,01t4w00000NunpBAAR
BLACK,BLACK,01t4w00000NunpCAAR
,BLACK,01t4w00000NunpDAAR
RED,RED,01t4w00000NunpEAAR
,RED,01t4w00000NunpFAAR
BROWN,BROWN,01t4w00000NunpGAAR
,BROWN,01t4w00000NunpHAAR
WHITE,WHITE,01t4w00000NunpIAAR
BLACK,BLACK,01t4w00000NunpJAAR
WHITE + BLACK,WHITE + BLACK,01t4w00000NunpKAAR
,BLACK,01t4w00000NunpLAAR
,SILVER,01t4w00000NunpMAAR
,WHITE + BLACK,01t4w00000NunpNAAR
,WHITE,01t4w00000NunpOAAR
,BLACK,01t4w00000NunpPAAR
BLACK,BLACK,01t4w00000NunpQAAR
,RED,01t4w00000NunpRAAR
BLACK,BLACK,01t4w00000NunpSAAR
SILVER,SILVER,01t4w00000NunpTAAR
,BLACK,01t4w00000NunpUAAR
SILVER,SILVER,01t4w00000NunpVAAR
,SILVER,01t4w00000NunpWAAR
SILVER,SILVER,01t4w00000NunpXAAR
,SILVER,01t4w00000NunpYAAR
BLACK,BLACK,01t4w00000NunpZAAR
,BROWN,01t4w00000NunpaAAB
BROWN,BROWN,01t4w00000NunpbAAB
,BLACK,01t4w00000NunpcAAB
BLACK,BLACK,01t4w00000NunpdAAB
BLACK,BLACK,01t4w00000NunpeAAB
,BLACK,01t4w00000NunpgAAB
BLACK,BLACK,01t4w00000NunphAAB
,BROWN,01t4w00000NunpiAAB
,BLACK,01t4w00000NunpjAAB
BROWN,BROWN,01t4w00000NunpkAAB
BLACK,BLACK,01t4w00000NunplAAB
BLACK,BLACK,01t4w00000NunpmAAB
,BLACK,01t4w00000NunpnAAB
,BLACK,01t4w00000NunpoAAB
,BLACK,01t4w00000NunpqAAB
,BROWN,01t4w00000NunpvAAB
,BROWN,01t4w00000Nunq9AAB
,BROWN + WHITE,01t4w00000NunqAAAR
,WHITE + BROWN,01t4w00000NunqBAAR
,CHOCOLATE+WHITE,01t4w00000NunqCAAR
,WHITE,01t4w00000NunqDAAR
,GREY+WHITE,01t4w00000NunqEAAR
,NATURAL+WHITE,01t4w00000NunqFAAR
,BLACK + GREY,01t4w00000NunqYAAR
,MULTIPLE,01t4w00000NunqbAAB
,WHITE,01t4w00000NunqfAAB
,WHITE+BLACK,01t4w00000NunqlAAB
,NATURAL,01t4w00000NunqnAAB
,GREEN,01t4w00000NunqqAAB
GREY,GREY,01t4w00000NunqrAAB
,GREY,01t4w00000NunqsAAB
WHITE,WHITE,01t4w00000NunqtAAB
,WHITE,01t4w00000NunquAAB
CHOCOLATE,CHOCOLATE,01t4w00000NunqvAAB
,CHOCOLATE,01t4w00000NunqxAAB
,GREY + WOOD,01t4w00000NunqzAAB
,GREY,01t4w00000Nunr4AAB
,CAMEL VINTAGE,01t4w00000NunrBAAR
,CAMEL VINTAGE,01t4w00000NunrCAAR
,CAMEL VINTAGE,01t4w00000NunrDAAR
,CAMEL VINTAGE,01t4w00000NunrEAAR
,CHOCOLATE VINTAGE,01t4w00000NunrFAAR
,BLUE VINTAGE,01t4w00000NunrGAAR
,CAMEL VINTAGE,01t4w00000NunrHAAR
,CAMEL VINTAGE,01t4w00000NunrIAAR
BROWN,BROWN,01t4w00000NunrlAAB
,BROWN,01t4w00000NunroAAB
BLACK,BLACK,01t4w00000Nuns7AAB
,BLACK,01t4w00000Nuns8AAB
MULTIPLE,MULTIPLE,01t4w00000Nuns9AAB
,MULTIPLE,01t4w00000NunsAAAR
MULTIPLE,MULTIPLE,01t4w00000NunsBAAR
,MULTIPLE,01t4w00000NunsCAAR
MULTIPLE,MULTIPLE,01t4w00000NunsDAAR
,MULTIPLE,01t4w00000NunsEAAR
MULTIPLE,MULTIPLE,01t4w00000NunsFAAR
,MULTIPLE,01t4w00000NunsGAAR
WOOD,WOOD,01t4w00000NunsHAAR
,WOOD,01t4w00000NunsIAAR
MULTIPLE,MULTIPLE,01t4w00000NunsJAAR
,MULTIPLE,01t4w00000NunsKAAR
WHITE+NATURAL,WHITE+NATURAL,01t4w00000NunsLAAR
,WHITE+NATURAL,01t4w00000NunsMAAR
MULTIPLE,MULTIPLE,01t4w00000NunsNAAR
,MULTIPLE,01t4w00000NunsOAAR
MULTIPLE,MULTIPLE,01t4w00000NunsPAAR
,MULTIPLE,01t4w00000NunsQAAR
GREY+BLACK,GREY+BLACK,01t4w00000NunsRAAR
,GREY+BLACK,01t4w00000NunsSAAR
BLACK,BLACK,01t4w00000NunsTAAR
,BLACK,01t4w00000NunsUAAR
MULTIPLE,MULTIPLE,01t4w00000NunsVAAR
,MULTIPLE,01t4w00000NunsWAAR
MULTIPLE,MULTIPLE,01t4w00000NunsXAAR
,MULTIPLE,01t4w00000NunsYAAR
CHOCOLATE,CHOCOLATE,01t4w00000NunsZAAR
,CHOCOLATE,01t4w00000NunsaAAB
MULTIPLE,MULTIPLE,01t4w00000NunsbAAB
,MULTIPLE,01t4w00000NunscAAB
MULTIPLE,MULTIPLE,01t4w00000NunsdAAB
,MULTIPLE,01t4w00000NunseAAB
GIRL,GIRL,01t4w00000NunsfAAB
,GIRL,01t4w00000NunsgAAB
BOY,BOY,01t4w00000NunshAAB
,BOY,01t4w00000NunsiAAB
MULTIPLE,MULTIPLE,01t4w00000NunsjAAB
,MULTIPLE,01t4w00000NunskAAB
MULTIPLE,MULTIPLE,01t4w00000NunslAAB
,MULTIPLE,01t4w00000NunsmAAB
BLACK+NATURAL,BLACK+NATURAL,01t4w00000NunsnAAB
,BLACK+NATURAL,01t4w00000NunsoAAB
BEIGE,BEIGE,01t4w00000NunspAAB
,BEIGE,01t4w00000NunsqAAB
BLUE+WHITE+NATURAL,BLUE+WHITE+NATURAL,01t4w00000NunsrAAB
,BLUE+WHITE+NATURAL,01t4w00000NunssAAB
NATURAL+BLACK,NATURAL+BLACK,01t4w00000NunstAAB
,NATURAL+BLACK,01t4w00000NunsuAAB
NATURAL,NATURAL,01t4w00000NunsvAAB
,NATURAL,01t4w00000NunswAAB
NATURAL,NATURAL,01t4w00000NunsxAAB
,NATURAL,01t4w00000NunsyAAB
GREY,GREY,01t4w00000NunszAAB
,GREY,01t4w00000Nunt0AAB
BLACK+NATURAL+WHITE,BLACK+NATURAL+WHITE,01t4w00000Nunt1AAB
,BLACK+NATURAL+WHITE,01t4w00000Nunt2AAB
BLACK+WHITE,BLACK+WHITE,01t4w00000Nunt3AAB
,BLACK+WHITE,01t4w00000Nunt4AAB
BLUE AND WHITE,BLUE AND WHITE,01t4w00000Nunt5AAB
,BLUE AND WHITE,01t4w00000Nunt6AAB
NATURAL+BLACK,NATURAL+BLACK,01t4w00000Nunt7AAB
,NATURAL+BLACK,01t4w00000Nunt8AAB
BROWN,BROWN,01t4w00000Nunt9AAB
,BROWN,01t4w00000NuntAAAR
BROWN,BROWN,01t4w00000NuntBAAR
,BROWN,01t4w00000NuntCAAR
BROWN,BROWN,01t4w00000NuntDAAR
,BROWN,01t4w00000NuntEAAR
GREEN+RED+PINK+BLUE,GREEN+RED+PINK+BLUE,01t4w00000NuntFAAR
,GREEN+RED+PINK+BLUE,01t4w00000NuntGAAR
GREY+BLACK+WHITE,GREY+BLACK+WHITE,01t4w00000NuntHAAR
,GREY+BLACK+WHITE,01t4w00000NuntIAAR
GREY,GREY,01t4w00000NuntJAAR
,GREY,01t4w00000NuntKAAR
YELLOW AND GREEN,YELLOW AND GREEN,01t4w00000NuntLAAR
,YELLOW AND GREEN,01t4w00000NuntMAAR
FAUX MARBLE,FAUX MARBLE,01t4w00000NuntNAAR
,FAUX MARBLE,01t4w00000NuntOAAR
BLACK+WHITE,BLACK+WHITE,01t4w00000NuntPAAR
,BLACK+WHITE,01t4w00000NuntQAAR
CHOCOLATE,CHOCOLATE,01t4w00000NuntRAAR
,CHOCOLATE,01t4w00000NuntSAAR
MULTIPLE,MULTIPLE,01t4w00000NuntTAAR
,MULTIPLE,01t4w00000NuntUAAR
BROWN,BROWN,01t4w00000NuntVAAR
,BROWN,01t4w00000NuntWAAR
GREY,GREY,01t4w00000NuntZAAR
,GREY,01t4w00000NuntaAAB
NATURAL+WHITE,NATURAL+WHITE,01t4w00000NuntbAAB
,NATURAL+WHITE,01t4w00000NuntcAAB
BLACK+NATURAL+WHITE,BLACK+NATURAL+WHITE,01t4w00000NuntdAAB
,BLACK+NATURAL+WHITE,01t4w00000NunteAAB
NATURAL,NATURAL,01t4w00000NunthAAB
,NATURAL,01t4w00000NuntiAAB
GREY,GREY,01t4w00000NuntjAAB
,GREY,01t4w00000NuntkAAB
NATURAL,NATURAL,01t4w00000NuntlAAB
,NATURAL,01t4w00000NuntmAAB
BROWN+BEIGE,BROWN+BEIGE,01t4w00000NuntnAAB
,BROWN+BEIGE,01t4w00000NuntoAAB
BROWN,BROWN,01t4w00000NuntpAAB
,BROWN,01t4w00000NuntqAAB
GREEN,GREEN,01t4w00000NuntrAAB
,GREEN,01t4w00000NuntsAAB
MULTIPLE,MULTIPLE,01t4w00000NunttAAB
,MULTIPLE,01t4w00000NuntuAAB
MULTIPLE,MULTIPLE,01t4w00000NuntvAAB
,MULTIPLE,01t4w00000NuntwAAB
BLUE,BLUE,01t4w00000NuntxAAB
,BLUE,01t4w00000NuntyAAB
NATURAL &BEIGE,NATURAL &BEIGE,01t4w00000NuntzAAB
,NATURAL &BEIGE,01t4w00000Nunu0AAB
NATURAL,NATURAL,01t4w00000Nunu1AAB
,NATURAL,01t4w00000Nunu2AAB
BLACK,BLACK,01t4w00000Nunu3AAB
,BLACK,01t4w00000Nunu4AAB
WHITE & NATURAL,WHITE & NATURAL,01t4w00000Nunu5AAB
,WHITE & NATURAL,01t4w00000Nunu6AAB
MULTIPLE,MULTIPLE,01t4w00000Nunu9AAB
,MULTIPLE,01t4w00000NunuAAAR
MULTIPLE,MULTIPLE,01t4w00000NunuBAAR
,MULTIPLE,01t4w00000NunuCAAR
MULTIPLE COLORES,MULTIPLE COLORES,01t4w00000NunuDAAR
,MULTIPLE COLORES,01t4w00000NunuEAAR
MULTIPLE,MULTIPLE,01t4w00000NunuFAAR
,MULTIPLE,01t4w00000NunuGAAR
NATURAL,NATURAL,01t4w00000NunuHAAR
,NATURAL,01t4w00000NunuIAAR
BROWN,BROWN,01t4w00000NunuJAAR
,BROWN,01t4w00000NunuKAAR
BLACK,BLACK,01t4w00000NunuLAAR
,BLACK,01t4w00000NunuMAAR
NATURAL+WHITE,NATURAL+WHITE,01t4w00000NunuNAAR
,NATURAL+WHITE,01t4w00000NunuOAAR
GREY DARK & NATURAL,GREY DARK & NATURAL,01t4w00000NunuPAAR
,GREY DARK & NATURAL,01t4w00000NunuQAAR
MULTIPLE,MULTIPLE,01t4w00000NunuRAAR
,MULTIPLE,01t4w00000NunuSAAR
NATURAL,NATURAL,01t4w00000NunuTAAR
,NATURAL,01t4w00000NunuUAAR
BLACK+WHITE,BLACK+WHITE,01t4w00000NunuVAAR
,BLACK+WHITE,01t4w00000NunuWAAR
NATURAL,NATURAL,01t4w00000NunuXAAR
,NATURAL,01t4w00000NunuYAAR
MULTIPLE,MULTIPLE,01t4w00000NunuZAAR
,MULTIPLE,01t4w00000NunuaAAB
BROWN,BROWN,01t4w00000NunubAAB
,BROWN,01t4w00000NunucAAB
RED+BLACK,RED+BLACK,01t4w00000NunudAAB
,RED+BLACK,01t4w00000NunueAAB
NATURAL,NATURAL,01t4w00000NunufAAB
,NATURAL,01t4w00000NunugAAB
BROWN,BROWN,01t4w00000NunuhAAB
,BROWN,01t4w00000NunuiAAB
GREY + NATURAL,GREY + NATURAL,01t4w00000NunujAAB
,GREY + NATURAL,01t4w00000NunukAAB
MULTIPLE,MULTIPLE,01t4w00000NunulAAB
,MULTIPLE,01t4w00000NunumAAB
BLUE,BLUE,01t4w00000NununAAB
,BLUE,01t4w00000NunuoAAB
MULTIPLE,MULTIPLE,01t4w00000NunupAAB
,MULTIPLE,01t4w00000NunuqAAB
MULTIPLE,MULTIPLE,01t4w00000NunurAAB
,MULTIPLE,01t4w00000NunusAAB
BLACK,BLACK,01t4w00000NunutAAB
,BLACK,01t4w00000NunuuAAB
GREEN+GOLD,GREEN+GOLD,01t4w00000NunuvAAB
,GREEN+GOLD,01t4w00000NunuwAAB
MULTIPLE,MULTIPLE,01t4w00000NunuxAAB
,MULTIPLE,01t4w00000NunuyAAB
MULTIPLE,MULTIPLE,01t4w00000NunuzAAB
,MULTIPLE,01t4w00000Nunv0AAB
MULTIPLE,MULTIPLE,01t4w00000Nunv1AAB
,MULTIPLE,01t4w00000Nunv2AAB
NATURAL WOOD LOOKS,NATURAL WOOD LOOKS,01t4w00000Nunv3AAB
,NATURAL WOOD LOOKS,01t4w00000Nunv4AAB
WHITE + BLACK,WHITE + BLACK,01t4w00000Nunv5AAB
,WHITE + BLACK,01t4w00000Nunv6AAB
GREY,GREY,01t4w00000Nunv7AAB
,GREY,01t4w00000Nunv8AAB
MARBLE EFFECT,MARBLE EFFECT,01t4w00000Nunv9AAB
,MARBLE EFFECT,01t4w00000NunvAAAR
MULTIPLE,MULTIPLE,01t4w00000NunvBAAR
,MULTIPLE,01t4w00000NunvCAAR
MULTIPLE,MULTIPLE,01t4w00000NunvDAAR
,MULTIPLE,01t4w00000NunvEAAR
MULTIPLE,MULTIPLE,01t4w00000NunvFAAR
,MULTIPLE,01t4w00000NunvGAAR
MULTIPLE,MULTIPLE,01t4w00000NunvHAAR
,MULTIPLE,01t4w00000NunvIAAR
MULTIPLE,MULTIPLE,01t4w00000NunvLAAR
,MULTIPLE,01t4w00000NunvMAAR
MULTIPLE,MULTIPLE,01t4w00000NunvNAAR
,MULTIPLE,01t4w00000NunvOAAR
BLACK,BLACK,01t4w00000NunvPAAR
,BLACK,01t4w00000NunvQAAR
BLACK,BLACK,01t4w00000NunvRAAR
,BLACK,01t4w00000NunvSAAR
MULTIPLE,MULTIPLE,01t4w00000Nunw1AAB
,MULTIPLE,01t4w00000Nunw2AAB
MULTIPLE,MULTIPLE,01t4w00000Nunw3AAB
,MULTIPLE,01t4w00000Nunw4AAB
MULTIPLE,MULTIPLE,01t4w00000Nunw5AAB
,MULTIPLE,01t4w00000Nunw6AAB
MULTIPLE,MULTIPLE,01t4w00000Nunw7AAB
,MULTIPLE,01t4w00000Nunw8AAB
BLACK,BLACK,01t4w00000NunwBAAR
,BLACK,01t4w00000NunwCAAR
YELLOW + GREEN,YELLOW + GREEN,01t4w00000NunwDAAR
,YELLOW + GREEN,01t4w00000NunwEAAR
GREY,GREY,01t4w00000NunwFAAR
,GREY,01t4w00000NunwGAAR
GREY,GREY,01t4w00000NunwHAAR
,GREY,01t4w00000NunwIAAR
NATURAL+WHITE,NATURAL+WHITE,01t4w00000NunwJAAR
,NATURAL+WHITE,01t4w00000NunwKAAR
GREY,GREY,01t4w00000NunwLAAR
,GREY,01t4w00000NunwMAAR
NATURAL+PINK+BLUE,NATURAL+PINK+BLUE,01t4w00000NunwNAAR
,NATURAL+PINK+BLUE,01t4w00000NunwOAAR
BLACK,BLACK,01t4w00000NunwPAAR
,BLACK,01t4w00000NunwQAAR
GREY,GREY,01t4w00000NunwRAAR
,GREY,01t4w00000NunwSAAR
BLACK,BLACK,01t4w00000NunwTAAR
,BLACK,01t4w00000NunwUAAR
BLACK,BLACK,01t4w00000NunwVAAR
,BLACK,01t4w00000NunwWAAR
NATURAL+WHITE,NATURAL+WHITE,01t4w00000NunwXAAR
,NATURAL+WHITE,01t4w00000NunwYAAR
GREEN/YELLOW/PINK,GREEN/YELLOW/PINK,01t4w00000NunwZAAR
,GREEN/YELLOW/PINK,01t4w00000NunwaAAB
GREY,GREY,01t4w00000NunwbAAB
,GREY,01t4w00000NunwcAAB
BLACK + RED,BLACK + RED,01t4w00000NunwdAAB
,BLACK + RED,01t4w00000NunweAAB
BLACK + RED,BLACK + RED,01t4w00000NunwfAAB
,BLACK + RED,01t4w00000NunwgAAB
BLACK+NATURAL,BLACK+NATURAL,01t4w00000NunwhAAB
,BLACK+NATURAL,01t4w00000NunwiAAB
BLACK+RED,BLACK+RED,01t4w00000NunwjAAB
,BLACK+RED,01t4w00000NunwkAAB
GREY,GREY,01t4w00000NunwlAAB
,GREY,01t4w00000NunwmAAB
GREY,GREY,01t4w00000NunwnAAB
,GREY,01t4w00000NunwoAAB
ORANGE+WHITE,ORANGE+WHITE,01t4w00000NunwpAAB
,ORANGE+WHITE,01t4w00000NunwqAAB
BLACK+ORANGE,BLACK+ORANGE,01t4w00000NunwrAAB
,BLACK+ORANGE,01t4w00000NunwsAAB
BLACK,BLACK,01t4w00000NunwtAAB
,BLACK,01t4w00000NunwuAAB
BLACK,BLACK,01t4w00000NunwvAAB
,BLACK,01t4w00000NunwwAAB
BLACK,BLACK,01t4w00000NunwxAAB
,BLACK,01t4w00000NunwyAAB
BLACK,BLACK,01t4w00000NunwzAAB
,BLACK,01t4w00000Nunx0AAB
WHITE+NATURAL,WHITE+NATURAL,01t4w00000Nunx3AAB
,WHITE+NATURAL,01t4w00000Nunx4AAB
BLACK,BLACK,01t4w00000Nunx5AAB
,BLACK,01t4w00000Nunx6AAB
BLACK,BLACK,01t4w00000Nunx7AAB
,BLACK,01t4w00000Nunx8AAB
BLACK,BLACK,01t4w00000Nunx9AAB
,BLACK,01t4w00000NunxAAAR
BLACK,BLACK,01t4w00000NunxBAAR
,BLACK,01t4w00000NunxCAAR
BLACK+YELLOW,BLACK+YELLOW,01t4w00000NunxDAAR
,BLACK+YELLOW,01t4w00000NunxEAAR
BLACK+ORANGE,BLACK+ORANGE,01t4w00000NunxFAAR
,BLACK+ORANGE,01t4w00000NunxGAAR
NATURAL+BLACK,NATURAL+BLACK,01t4w00000NunxHAAR
,NATURAL+BLACK,01t4w00000NunxIAAR
NATURAL+BLACK,NATURAL+BLACK,01t4w00000NunxJAAR
,NATURAL+BLACK,01t4w00000NunxKAAR
MULTIPLE,MULTIPLE,01t4w00000NunxLAAR
,MULTIPLE,01t4w00000NunxMAAR
BEIGE,BEIGE,01t4w00000NunxNAAR
,BEIGE,01t4w00000NunxOAAR
WHITE,WHITE,01t4w00000NunxPAAR
,WHITE,01t4w00000NunxQAAR
BLACK+WOOD DARK,BLACK+WOOD DARK,01t4w00000NunxRAAR
,BLACK+WOOD DARK,01t4w00000NunxSAAR
BLACK+BROWN,BLACK+BROWN,01t4w00000NunxTAAR
,BLACK+BROWN,01t4w00000NunxUAAR
NATURAL+WHITE,NATURAL+WHITE,01t4w00000NunxVAAR
,NATURAL+WHITE,01t4w00000NunxWAAR
WHITE + NATURAL,WHITE + NATURAL,01t4w00000NunxXAAR
,WHITE + NATURAL,01t4w00000NunxYAAR
BLACK,BLACK,01t4w00000NunxZAAR
,BLACK,01t4w00000NunxaAAB
GREY OXFORD,GREY OXFORD,01t4w00000NunxbAAB
,GREY OXFORD,01t4w00000NunxcAAB
NATURAL+WHITE,NATURAL+WHITE,01t4w00000NunxdAAB
,NATURAL+WHITE,01t4w00000NunxeAAB
BLACK,BLACK,01t4w00000NunxfAAB
,BLACK,01t4w00000NunxgAAB
WHITE,WHITE,01t4w00000NunxhAAB
,WHITE,01t4w00000NunxiAAB
NATURAL + WHITE,NATURAL + WHITE,01t4w00000NunxjAAB
,NATURAL + WHITE,01t4w00000NunxkAAB
WHITE,WHITE,01t4w00000NunxlAAB
,WHITE,01t4w00000NunxmAAB
NATURAL+WHITE,NATURAL+WHITE,01t4w00000NunxnAAB
,NATURAL+WHITE,01t4w00000NunxoAAB
NATURAL + GREY,NATURAL + GREY,01t4w00000NunxpAAB
,NATURAL + GREY,01t4w00000NunxqAAB
NATURAL+GREY,NATURAL+GREY,01t4w00000NunxrAAB
,NATURAL+GREY,01t4w00000NunxsAAB
NATURAL+GREY,NATURAL+GREY,01t4w00000NunxtAAB
,NATURAL+GREY,01t4w00000NunxuAAB
BLACK AND WOOD NATURAL,BLACK AND WOOD NATURAL,01t4w00000NunxvAAB
,BLACK AND WOOD NATURAL,01t4w00000NunxwAAB
NATURAL+WHITE,NATURAL+WHITE,01t4w00000NunxxAAB
,NATURAL+WHITE,01t4w00000NunxyAAB
BLACK AND WOOD NATURAL,BLACK AND WOOD NATURAL,01t4w00000NunxzAAB
,BLACK AND WOOD NATURAL,01t4w00000Nuny0AAB
WOOD,WOOD,01t4w00000Nuny1AAB
,WOOD,01t4w00000Nuny2AAB
WOOD,WOOD,01t4w00000Nuny3AAB
,WOOD,01t4w00000Nuny4AAB
BLACK,BLACK,01t4w00000Nuny5AAB
,BLACK,01t4w00000Nuny6AAB
WOOD,WOOD,01t4w00000Nuny7AAB
,WOOD,01t4w00000Nuny8AAB
MULTIPLE,MULTIPLE,01t4w00000Nuny9AAB
,MULTIPLE,01t4w00000NunyAAAR
WOOD,WOOD,01t4w00000NunyBAAR
,WOOD,01t4w00000NunyCAAR
NATURAL,NATURAL,01t4w00000NunyDAAR
,NATURAL,01t4w00000NunyEAAR
WOOD,WOOD,01t4w00000NunyFAAR
,WOOD,01t4w00000NunyGAAR
MULTIPLE,MULTIPLE,01t4w00000NunyHAAR
,MULTIPLE,01t4w00000NunyIAAR
GREY DARK,GREY DARK,01t4w00000NunyJAAR
,GREY DARK,01t4w00000NunyKAAR
MULTIPLE,MULTIPLE,01t4w00000NunyLAAR
,MULTIPLE,01t4w00000NunyMAAR
WHITE+NATURAL,WHITE+NATURAL,01t4w00000NunyPAAR
,WHITE+NATURAL,01t4w00000NunyQAAR
MULTIPLE,MULTIPLE,01t4w00000NunyRAAR
,MULTIPLE,01t4w00000NunySAAR
MULTIPLE,MULTIPLE,01t4w00000NunyVAAR
,MULTIPLE,01t4w00000NunyWAAR
BLACK + SILVER,BLACK + SILVER,01t4w00000NunyXAAR
,BLACK + SILVER,01t4w00000NunyYAAR
MULTIPLE,MULTIPLE,01t4w00000NunyZAAR
,MULTIPLE,01t4w00000NunyaAAB
MULTIPLE,MULTIPLE,01t4w00000NunybAAB
,MULTIPLE,01t4w00000NunycAAB
MULTIPLE,MULTIPLE,01t4w00000NunydAAB
,MULTIPLE,01t4w00000NunyeAAB
GREY+NATURAL,GREY+NATURAL,01t4w00000NunyfAAB
,GREY+NATURAL,01t4w00000NunygAAB
GREY,GREY,01t4w00000NunyhAAB
MULTIPLE,MULTIPLE,01t4w00000NunyiAAB
,MULTIPLE,01t4w00000NunyjAAB
MULTIPLE,MULTIPLE,01t4w00000NunykAAB
,MULTIPLE,01t4w00000NunylAAB
MULTIPLE,MULTIPLE,01t4w00000NunymAAB
,MULTIPLE,01t4w00000NunynAAB
MULTIPLE,MULTIPLE,01t4w00000NunyoAAB
,MULTIPLE,01t4w00000NunypAAB
,GREY,01t4w00000NunyqAAB
GREY,GREY,01t4w00000NunyrAAB
,GREY,01t4w00000NunysAAB
FAUX CEMENT,FAUX CEMENT,01t4w00000NunytAAB
,FAUX CEMENT,01t4w00000NunyuAAB
WHITE+NATURAL,WHITE+NATURAL,01t4w00000NunyvAAB
,WHITE+NATURAL,01t4w00000NunywAAB
GREY,GREY,01t4w00000NunyxAAB
,GREY,01t4w00000NunyyAAB
BLACK,BLACK,01t4w00000NunyzAAB
,BLACK,01t4w00000Nunz0AAB
MULTIPLE,MULTIPLE,01t4w00000Nunz1AAB
,MULTIPLE,01t4w00000Nunz2AAB
WHITE,WHITE,01t4w00000Nunz3AAB
,WHITE,01t4w00000Nunz4AAB
GREY,GREY,01t4w00000Nunz5AAB
,GREY,01t4w00000Nunz6AAB
NATURAL,NATURAL,01t4w00000Nunz7AAB
,NATURAL,01t4w00000Nunz8AAB
BEIGE OR GREY,BEIGE OR GREY,01t4w00000Nunz9AAB
,BEIGE OR GREY,01t4w00000NunzAAAR
MULTIPLE,MULTIPLE,01t4w00000NunzBAAR
,MULTIPLE,01t4w00000NunzCAAR
GREY,GREY,01t4w00000NunzDAAR
,GREY,01t4w00000NunzEAAR
GREY+BLACK,GREY+BLACK,01t4w00000NunzFAAR
,GREY+BLACK,01t4w00000NunzGAAR
WHITE,WHITE,01t4w00000NunzHAAR
,WHITE,01t4w00000NunzIAAR
GREY,GREY,01t4w00000NunzJAAR
,GREY,01t4w00000NunzKAAR
WHITE + NATURAL,WHITE + NATURAL,01t4w00000NunzLAAR
,WHITE + NATURAL,01t4w00000NunzMAAR
BLACK,BLACK,01t4w00000NunzNAAR
,BLACK,01t4w00000NunzOAAR
GREY,GREY,01t4w00000NunzPAAR
,GREY,01t4w00000NunzQAAR
BLACK,BLACK,01t4w00000NunzRAAR
,BLACK,01t4w00000NunzSAAR
WHITE+NATURAL,WHITE+NATURAL,01t4w00000NunzTAAR
,WHITE+NATURAL,01t4w00000NunzUAAR
WHITE+BLACK,WHITE+BLACK,01t4w00000NunzVAAR
WHITE,WHITE,01t4w00000NunzWAAR
,WHITE,01t4w00000NunzXAAR
BLACK,BLACK,01t4w00000NunzYAAR
,BLACK,01t4w00000NunzZAAR
MULTIPLE,MULTIPLE,01t4w00000NunzaAAB
,MULTIPLE,01t4w00000NunzbAAB
MULTIPLE COLORES + NATURAL,MULTIPLE COLORES + NATURAL,01t4w00000NunzcAAB
,MULTIPLE COLORES + NATURAL,01t4w00000NunzdAAB
,WHITE+BLACK,01t4w00000NunzeAAB
WHITE+GREY,WHITE+GREY,01t4w00000NunzfAAB
,WHITE+GREY,01t4w00000NunzgAAB
WHITE+NATURAL,WHITE+NATURAL,01t4w00000NunzhAAB
,WHITE+NATURAL,01t4w00000NunziAAB
BLACK+NATURAL,BLACK+NATURAL,01t4w00000NunzjAAB
,BLACK+NATURAL,01t4w00000NunzkAAB
BLUE+NATURAL,BLUE+NATURAL,01t4w00000NunzlAAB
,BLUE+NATURAL,01t4w00000NunzmAAB
BLUE+BLACK,BLUE+BLACK,01t4w00000NunznAAB
,BLUE+BLACK,01t4w00000NunzoAAB
BLACK+WOOD,BLACK+WOOD,01t4w00000NunzpAAB
,BLACK+WOOD,01t4w00000NunzqAAB
NATURAL,NATURAL,01t4w00000NunzrAAB
,NATURAL,01t4w00000NunzsAAB
WHITE+NATURAL,WHITE+NATURAL,01t4w00000NunztAAB
,WHITE+NATURAL,01t4w00000NunzuAAB
WHITE+NATURAL,WHITE+NATURAL,01t4w00000NunzvAAB
,WHITE+NATURAL,01t4w00000NunzwAAB
BROWN+NATURAL,BROWN+NATURAL,01t4w00000NunzxAAB
,BROWN+NATURAL,01t4w00000NunzyAAB
NATURAL + BLACK,NATURAL + BLACK,01t4w00000NunzzAAB
,NATURAL + BLACK,01t4w00000Nuo00AAB
WHITE+GREY,WHITE+GREY,01t4w00000Nuo01AAB
,WHITE+GREY,01t4w00000Nuo02AAB
WHITE+WOOD,WHITE+WOOD,01t4w00000Nuo03AAB
,WHITE+WOOD,01t4w00000Nuo04AAB
WOOD,WOOD,01t4w00000Nuo05AAB
,WOOD,01t4w00000Nuo06AAB
GREY+RED,GREY+RED,01t4w00000Nuo07AAB
,GREY+RED,01t4w00000Nuo08AAB
CHOCOLATE,CHOCOLATE,01t4w00000Nuo09AAB
,CHOCOLATE,01t4w00000Nuo0AAAR
WHITE,WHITE,01t4w00000Nuo0BAAR
,WHITE,01t4w00000Nuo0CAAR
GREY,GREY,01t4w00000Nuo0DAAR
,GREY,01t4w00000Nuo0EAAR
GREY+NATURAL,GREY+NATURAL,01t4w00000Nuo0FAAR
,GREY+NATURAL,01t4w00000Nuo0GAAR
GREY,GREY,01t4w00000Nuo0HAAR
,GREY,01t4w00000Nuo0IAAR
NATURAL+GREY,NATURAL+GREY,01t4w00000Nuo0JAAR
,NATURAL+GREY,01t4w00000Nuo0KAAR
NATURAL + WHITE,NATURAL + WHITE,01t4w00000Nuo0LAAR
,NATURAL + WHITE,01t4w00000Nuo0MAAR
GREY+BROWN,GREY+BROWN,01t4w00000Nuo0NAAR
,GREY+BROWN,01t4w00000Nuo0OAAR
NATURAL+PINK,NATURAL+PINK,01t4w00000Nuo0PAAR
,NATURAL+PINK,01t4w00000Nuo0QAAR
GREEN+NATURAL,GREEN+NATURAL,01t4w00000Nuo0RAAR
,GREEN+NATURAL,01t4w00000Nuo0SAAR
BEIGE+NATURAL,BEIGE+NATURAL,01t4w00000Nuo0TAAR
,BEIGE+NATURAL,01t4w00000Nuo0UAAR
GREY+NATURAL,GREY+NATURAL,01t4w00000Nuo0VAAR
,GREY+NATURAL,01t4w00000Nuo0WAAR
WHITE AND BROWN,WHITE AND BROWN,01t4w00000Nuo0ZAAR
,WHITE AND BROWN,01t4w00000Nuo0aAAB
MULTIPLE,MULTIPLE,01t4w00000Nuo0bAAB
,MULTIPLE,01t4w00000Nuo0cAAB
MULTIPLE,MULTIPLE,01t4w00000Nuo0dAAB
,MULTIPLE,01t4w00000Nuo0eAAB
NATURAL+BLACK,NATURAL+BLACK,01t4w00000Nuo0fAAB
,NATURAL+BLACK,01t4w00000Nuo0gAAB
WHITE+NATURAL,WHITE+NATURAL,01t4w00000Nuo0hAAB
,WHITE+NATURAL,01t4w00000Nuo0iAAB
GREY+NATURAL,GREY+NATURAL,01t4w00000Nuo0jAAB
,GREY+NATURAL,01t4w00000Nuo0kAAB
NATURAL+BLACK,NATURAL+BLACK,01t4w00000Nuo0lAAB
,NATURAL+BLACK,01t4w00000Nuo0mAAB
NATURAL+GREY,NATURAL+GREY,01t4w00000Nuo0nAAB
,NATURAL+GREY,01t4w00000Nuo0oAAB
WHITE,WHITE,01t4w00000Nuo0pAAB
,WHITE,01t4w00000Nuo0qAAB
WHITE AND BROWN,WHITE AND BROWN,01t4w00000Nuo0rAAB
,WHITE AND BROWN,01t4w00000Nuo0sAAB
WHITE,WHITE,01t4w00000Nuo0tAAB
,WHITE,01t4w00000Nuo0uAAB
NATURAL,NATURAL,01t4w00000Nuo0vAAB
,NATURAL,01t4w00000Nuo0wAAB
WHITE AND BROWN,WHITE AND BROWN,01t4w00000Nuo0xAAB
,WHITE AND BROWN,01t4w00000Nuo0yAAB
WHITE + NATURAL,WHITE + NATURAL,01t4w00000Nuo0zAAB
,WHITE + NATURAL,01t4w00000Nuo10AAB
WHITE,WHITE,01t4w00000Nuo11AAB
,WHITE,01t4w00000Nuo12AAB
WHITE,WHITE,01t4w00000Nuo13AAB
,WHITE,01t4w00000Nuo14AAB
NATURAL+GREY,NATURAL+GREY,01t4w00000Nuo15AAB
,NATURAL+GREY,01t4w00000Nuo16AAB
GREY,GREY,01t4w00000Nuo17AAB
,GREY,01t4w00000Nuo18AAB
NATURAL,NATURAL,01t4w00000Nuo19AAB
,NATURAL,01t4w00000Nuo1AAAR
GREY,GREY,01t4w00000Nuo1BAAR
,GREY,01t4w00000Nuo1CAAR
WHITE + NATURAL,WHITE + NATURAL,01t4w00000Nuo1DAAR
,WHITE + NATURAL,01t4w00000Nuo1EAAR
PINK,PINK,01t4w00000Nuo1FAAR
,PINK,01t4w00000Nuo1GAAR
NATURAL,NATURAL,01t4w00000Nuo1HAAR
,NATURAL,01t4w00000Nuo1IAAR
NATURAL+WHITE,NATURAL+WHITE,01t4w00000Nuo1JAAR
,NATURAL+WHITE,01t4w00000Nuo1KAAR
NATURAL+GREY,NATURAL+GREY,01t4w00000Nuo1LAAR
,NATURAL+GREY,01t4w00000Nuo1MAAR
WHITE + NATURAL,WHITE + NATURAL,01t4w00000Nuo1NAAR
,WHITE + NATURAL,01t4w00000Nuo1OAAR
WHITE,WHITE,01t4w00000Nuo1PAAR
,WHITE,01t4w00000Nuo1QAAR
CHOCOLATE + FAUX MARBLE,CHOCOLATE + FAUX MARBLE,01t4w00000Nuo1RAAR
,CHOCOLATE + FAUX MARBLE,01t4w00000Nuo1SAAR
FAUX MARBLE,FAUX MARBLE,01t4w00000Nuo1TAAR
,FAUX MARBLE,01t4w00000Nuo1UAAR
CHOCOLATE + FAUX MARBLE,CHOCOLATE + FAUX MARBLE,01t4w00000Nuo1VAAR
,CHOCOLATE + FAUX MARBLE,01t4w00000Nuo1WAAR
FAUX MARBLE,FAUX MARBLE,01t4w00000Nuo1XAAR
,FAUX MARBLE,01t4w00000Nuo1YAAR
MULTIPLE,MULTIPLE,01t4w00000Nuo1ZAAR
,MULTIPLE,01t4w00000Nuo1aAAB
BROWN,BROWN,01t4w00000Nuo1bAAB
,BROWN,01t4w00000Nuo1cAAB
BROWN,BROWN,01t4w00000Nuo1dAAB
,BROWN,01t4w00000Nuo1eAAB
WHITE+BLACK,WHITE+BLACK,01t4w00000Nuo1fAAB
,WHITE+BLACK,01t4w00000Nuo1gAAB
MULTIPLE,MULTIPLE,01t4w00000Nuo1hAAB
,MULTIPLE,01t4w00000Nuo1iAAB
WHITE + NATURAL,WHITE + NATURAL,01t4w00000Nuo1jAAB
,WHITE + NATURAL,01t4w00000Nuo1kAAB
NATURAL & GREY,NATURAL & GREY,01t4w00000Nuo1lAAB
,NATURAL & GREY,01t4w00000Nuo1mAAB
BLACK,BLACK,01t4w00000Nuo1nAAB
,BLACK,01t4w00000Nuo1oAAB
NATURAL+WHITE,NATURAL+WHITE,01t4w00000Nuo1pAAB
,NATURAL+WHITE,01t4w00000Nuo1qAAB
WHITE + NATURAL,WHITE + NATURAL,01t4w00000Nuo1rAAB
,WHITE + NATURAL,01t4w00000Nuo1sAAB
NATURAL,NATURAL,01t4w00000Nuo1tAAB
,NATURAL,01t4w00000Nuo1uAAB
NATURAL+BLACK,NATURAL+BLACK,01t4w00000Nuo1vAAB
,NATURAL+BLACK,01t4w00000Nuo1wAAB
SILVER,SILVER,01t4w00000Nuo1xAAB
,SILVER,01t4w00000Nuo1yAAB
BLACK,BLACK,01t4w00000Nuo1zAAB
,BLACK,01t4w00000Nuo20AAB
BLACK,BLACK,01t4w00000Nuo21AAB
,BLACK,01t4w00000Nuo22AAB
BLACK+WOOD,BLACK+WOOD,01t4w00000Nuo23AAB
,BLACK+WOOD,01t4w00000Nuo24AAB
BLACK+WOOD,BLACK+WOOD,01t4w00000Nuo25AAB
,BLACK+WOOD,01t4w00000Nuo26AAB
BLACK+WOOD,BLACK+WOOD,01t4w00000Nuo27AAB
,BLACK+WOOD,01t4w00000Nuo28AAB
BROWN,BROWN,01t4w00000Nuo29AAB
,BROWN,01t4w00000Nuo2AAAR
BLACK+WOOD,BLACK+WOOD,01t4w00000Nuo2BAAR
,BLACK+WOOD,01t4w00000Nuo2CAAR
CHERRY,CHERRY,01t4w00000Nuo2DAAR
,CHERRY,01t4w00000Nuo2EAAR
BLACK,BLACK,01t4w00000Nuo2FAAR
,BLACK,01t4w00000Nuo2GAAR
WHITE,WHITE,01t4w00000Nuo2HAAR
,WHITE,01t4w00000Nuo2IAAR
WHITE,WHITE,01t4w00000Nuo2JAAR
,WHITE,01t4w00000Nuo2KAAR
NATURAL + GREY,NATURAL + GREY,01t4w00000Nuo2LAAR
,NATURAL + GREY,01t4w00000Nuo2MAAR
MULTIPLE,MULTIPLE,01t4w00000Nuo2NAAR
,MULTIPLE,01t4w00000Nuo2OAAR
MULTIPLE,MULTIPLE,01t4w00000Nuo2PAAR
,MULTIPLE,01t4w00000Nuo2QAAR
MULTIPLE,MULTIPLE,01t4w00000Nuo2RAAR
,MULTIPLE,01t4w00000Nuo2SAAR
NATURAL,NATURAL,01t4w00000Nuo2TAAR
,NATURAL,01t4w00000Nuo2UAAR
GREY,GREY,01t4w00000Nuo2VAAR
,GREY,01t4w00000Nuo2WAAR
WHITE,WHITE,01t4w00000Nuo2XAAR
,WHITE,01t4w00000Nuo2YAAR
MULTIPLE,MULTIPLE,01t4w00000Nuo2ZAAR
,MULTIPLE,01t4w00000Nuo2aAAB
MULTIPLE,MULTIPLE,01t4w00000Nuo2bAAB
,MULTIPLE,01t4w00000Nuo2cAAB
NATURAL + BLACK,NATURAL + BLACK,01t4w00000Nuo2dAAB
,NATURAL + BLACK,01t4w00000Nuo2eAAB
MULTIPLE,MULTIPLE,01t4w00000Nuo2fAAB
,MULTIPLE,01t4w00000Nuo2gAAB
BLACK,BLACK,01t4w00000Nuo2hAAB
,BLACK,01t4w00000Nuo2iAAB
NATURAL+WHITE,NATURAL+WHITE,01t4w00000Nuo2jAAB
,NATURAL+WHITE,01t4w00000Nuo2kAAB
NATURAL+GREY,NATURAL+GREY,01t4w00000Nuo2lAAB
,NATURAL+GREY,01t4w00000Nuo2mAAB
BLACK+NATURAL,BLACK+NATURAL,01t4w00000Nuo2nAAB
,BLACK+NATURAL,01t4w00000Nuo2oAAB
NATURAL+WHITE,NATURAL+WHITE,01t4w00000Nuo2pAAB
,NATURAL+WHITE,01t4w00000Nuo2qAAB
NATURAL,NATURAL,01t4w00000Nuo2rAAB
,NATURAL,01t4w00000Nuo2sAAB
NATURAL + BLACK,NATURAL + BLACK,01t4w00000Nuo2tAAB
,NATURAL + BLACK,01t4w00000Nuo2uAAB
NATURAL + WHITE,NATURAL + WHITE,01t4w00000Nuo2vAAB
,NATURAL + WHITE,01t4w00000Nuo2wAAB
NATURAL + WHITE,NATURAL + WHITE,01t4w00000Nuo2xAAB
,NATURAL + WHITE,01t4w00000Nuo2yAAB
NATURAL + BLACK,NATURAL + BLACK,01t4w00000Nuo2zAAB
,NATURAL + BLACK,01t4w00000Nuo30AAB
BLACK+WOOD,BLACK+WOOD,01t4w00000Nuo31AAB
,BLACK+WOOD,01t4w00000Nuo32AAB
BLACK+WOOD,BLACK+WOOD,01t4w00000Nuo33AAB
,BLACK+WOOD,01t4w00000Nuo34AAB
NATURAL + BLACK,NATURAL + BLACK,01t4w00000Nuo35AAB
,NATURAL + BLACK,01t4w00000Nuo36AAB
NUDE,NUDE,01t4w00000Nuo37AAB
,NUDE,01t4w00000Nuo38AAB
PURPLE,PURPLE,01t4w00000Nuo39AAB
,PURPLE,01t4w00000Nuo3AAAR
MULTIPLE,MULTIPLE,01t4w00000Nuo3BAAR
,MULTIPLE,01t4w00000Nuo3CAAR
WHITE,WHITE,01t4w00000Nuo3DAAR
,WHITE,01t4w00000Nuo3EAAR
WHITE,WHITE,01t4w00000Nuo3FAAR
,WHITE,01t4w00000Nuo3GAAR
TRANSPARENT,TRANSPARENT,01t4w00000Nuo3HAAR
,TRANSPARENT,01t4w00000Nuo3IAAR
CHERRY,CHERRY,01t4w00000Nuo3JAAR
,CHERRY,01t4w00000Nuo3KAAR
BLACK,BLACK,01t4w00000Nuo3LAAR
,BLACK,01t4w00000Nuo3MAAR
MULTIPLE,MULTIPLE,01t4w00000Nuo3NAAR
,MULTIPLE,01t4w00000Nuo3OAAR
BLACK,BLACK,01t4w00000Nuo3PAAR
,BLACK,01t4w00000Nuo3QAAR
GREY,GREY,01t4w00000Nuo3RAAR
,GREY,01t4w00000Nuo3SAAR
SILVER,SILVER,01t4w00000Nuo3TAAR
,SILVER,01t4w00000Nuo3UAAR
GREEN LIGHT+GREEN DARK,GREEN LIGHT+GREEN DARK,01t4w00000Nuo3VAAR
,GREEN LIGHT+GREEN DARK,01t4w00000Nuo3WAAR
GREEN LIGHT+GREEN DARK,GREEN LIGHT+GREEN DARK,01t4w00000Nuo3XAAR
,GREEN LIGHT+GREEN DARK,01t4w00000Nuo3YAAR
MULTIPLE,MULTIPLE,01t4w00000Nuo3ZAAR
,MULTIPLE,01t4w00000Nuo3aAAB
MULTIPLE COLORES,MULTIPLE COLORES,01t4w00000Nuo3bAAB
,MULTIPLE COLORES,01t4w00000Nuo3cAAB
MULTIPLE COLORES,MULTIPLE COLORES,01t4w00000Nuo3dAAB
,MULTIPLE COLORES,01t4w00000Nuo3eAAB
BLACK+GREEN,BLACK+GREEN,01t4w00000Nuo3fAAB
,BLACK+GREEN,01t4w00000Nuo3gAAB
BLACK+GREEN,BLACK+GREEN,01t4w00000Nuo3hAAB
,BLACK+GREEN,01t4w00000Nuo3iAAB
BLACK+GREEN,BLACK+GREEN,01t4w00000Nuo3jAAB
,BLACK+GREEN,01t4w00000Nuo3kAAB
MULTIPLE,MULTIPLE,01t4w00000Nuo3nAAB
,MULTIPLE,01t4w00000Nuo3oAAB
BEIGE,BEIGE,01t4w00000Nuo3pAAB
,BEIGE,01t4w00000Nuo3qAAB
GREEN+BLUE,GREEN+BLUE,01t4w00000Nuo3rAAB
,GREEN+BLUE,01t4w00000Nuo3sAAB
GREEN+PINK,GREEN+PINK,01t4w00000Nuo3tAAB
,GREEN+PINK,01t4w00000Nuo3uAAB
BLACK,BLACK,01t4w00000Nuo3vAAB
,BLACK,01t4w00000Nuo3wAAB
BLACK,BLACK,01t4w00000Nuo3xAAB
,BLACK,01t4w00000Nuo3yAAB
BLACK + BROWN,BLACK + BROWN,01t4w00000Nuo3zAAB
,BLACK + BROWN,01t4w00000Nuo40AAB
WHITE + BLACK,WHITE + BLACK,01t4w00000Nuo41AAB
,WHITE + BLACK,01t4w00000Nuo42AAB
BLACK,BLACK,01t4w00000Nuo43AAB
,BLACK,01t4w00000Nuo44AAB
YELLOW,YELLOW,01t4w00000Nuo45AAB
,MULTIPLE,01t4w00000Nuo46AAB
,YELLOW,01t4w00000Nuo47AAB
MULTIPLE,MULTIPLE,01t4w00000Nuo48AAB
BROWN+TRANSPARENT,BROWN+TRANSPARENT,01t4w00000Nuo49AAB
,BROWN+TRANSPARENT,01t4w00000Nuo4AAAR
BLACK+GREY,BLACK+GREY,01t4w00000Nuo4BAAR
,BLACK+GREY,01t4w00000Nuo4CAAR
BLACK+BLUE DARK,BLACK+BLUE DARK,01t4w00000Nuo4DAAR
BLACK/WHITE,BLACK/WHITE,01t4w00000Nuo4EAAR
,BLACK/WHITE,01t4w00000Nuo4FAAR
,BLACK+BLUE DARK,01t4w00000Nuo4GAAR
BLACK/WHITE,BLACK/WHITE,01t4w00000Nuo4HAAR
,BLACK/WHITE,01t4w00000Nuo4IAAR
BLACK/WHITE,BLACK/WHITE,01t4w00000Nuo4JAAR
,BLACK/WHITE,01t4w00000Nuo4KAAR
BLACK,BLACK,01t4w00000Nuo4LAAR
,BLACK,01t4w00000Nuo4MAAR
GREY/BLACK,GREY/BLACK,01t4w00000Nuo4NAAR
,GREY/BLACK,01t4w00000Nuo4OAAR
BLACK,BLACK,01t4w00000Nuo4PAAR
,BLACK,01t4w00000Nuo4QAAR
,MULTIPLE,01t4w00000Nuo4RAAR
NATURAL,NATURAL,01t4w00000Nuo4SAAR
,NATURAL,01t4w00000Nuo4TAAR
NATURAL+GREY,NATURAL+GREY,01t4w00000Nuo4UAAR
,NATURAL+GREY,01t4w00000Nuo4VAAR
,BLACK,01t4w00000Nuo4WAAR
MULTIPLE,MULTIPLE,01t4w00000Nuo4XAAR
,MULTIPLE,01t4w00000Nuo4YAAR
NATURAL + BLACK,NATURAL + BLACK,01t4w00000Nuo4ZAAR
,NATURAL + BLACK,01t4w00000Nuo4aAAB
NATURAL + BLACK,NATURAL + BLACK,01t4w00000Nuo4bAAB
,NATURAL + BLACK,01t4w00000Nuo4cAAB
BROWN + BLACK,BROWN + BLACK,01t4w00000Nuo4dAAB
,BROWN + BLACK,01t4w00000Nuo4eAAB
GREY + BLACK,GREY + BLACK,01t4w00000Nuo4fAAB
,GREY + BLACK,01t4w00000Nuo4gAAB
WHITE,WHITE,01t4w00000Nuo4hAAB
,WHITE,01t4w00000Nuo4iAAB
WHITE,WHITE,01t4w00000Nuo4jAAB
,WHITE,01t4w00000Nuo4kAAB
NATURAL + BLACK,NATURAL + BLACK,01t4w00000Nuo4lAAB
,NATURAL + BLACK,01t4w00000Nuo4mAAB
,NATURAL + BLACK,01t4w00000Nuo4nAAB
NATURAL + GREY,NATURAL + GREY,01t4w00000Nuo4oAAB
NATURAL + BLACK,NATURAL + BLACK,01t4w00000Nuo4pAAB
NATURAL + BLACK,NATURAL + BLACK,01t4w00000Nuo4qAAB
,NATURAL + BLACK,01t4w00000Nuo4rAAB
NATURAL + BLACK,NATURAL + BLACK,01t4w00000Nuo4sAAB
,NATURAL + BLACK,01t4w00000Nuo4tAAB
,NATURAL + GREY,01t4w00000Nuo4uAAB
NATURAL + GREY,NATURAL + GREY,01t4w00000Nuo4vAAB
,NATURAL + GREY,01t4w00000Nuo4wAAB
NATURAL + WHITE,NATURAL + WHITE,01t4w00000Nuo4xAAB
,WOOD + BLACK,01t4w00000Nuo4yAAB
,NATURAL + WHITE,01t4w00000Nuo4zAAB
NATURAL + WHITE,NATURAL + WHITE,01t4w00000Nuo50AAB
BROWN,BROWN,01t4w00000Nuo51AAB
,NATURAL + WHITE,01t4w00000Nuo52AAB
WOOD + BLACK,WOOD + BLACK,01t4w00000Nuo53AAB
,BROWN,01t4w00000Nuo54AAB
,NATURAL + BLACK,01t4w00000Nuo55AAB
NATURAL + BLACK,NATURAL + BLACK,01t4w00000Nuo56AAB
NATURAL + BLACK,NATURAL + BLACK,01t4w00000Nuo57AAB
,NATURAL + BLACK,01t4w00000Nuo58AAB
NATURAL + BLACK,NATURAL + BLACK,01t4w00000Nuo59AAB
,NATURAL + BLACK,01t4w00000Nuo5AAAR
PINK + WHITE,PINK + WHITE,01t4w00000Nuo5BAAR
,PINK + WHITE,01t4w00000Nuo5CAAR
NATURAL + BLACK,NATURAL + BLACK,01t4w00000Nuo5DAAR
,NATURAL + BLACK,01t4w00000Nuo5EAAR
BLACK,BLACK,01t4w00000Nuo5FAAR
,BLACK,01t4w00000Nuo5GAAR
BLACK,BLACK,01t4w00000Nuo5HAAR
,BLACK,01t4w00000Nuo5IAAR
NATURAL + BLACK,NATURAL + BLACK,01t4w00000Nuo5JAAR
,NATURAL + BLACK,01t4w00000Nuo5KAAR
WOOD + BLACK,WOOD + BLACK,01t4w00000Nuo5LAAR
,WOOD + BLACK,01t4w00000Nuo5MAAR
BLACK,BLACK,01t4w00000Nuo5NAAR
,BLACK,01t4w00000Nuo5OAAR
NATURAL + BLACK,NATURAL + BLACK,01t4w00000Nuo5PAAR
,NATURAL + BLACK,01t4w00000Nuo5QAAR
WHITE,WHITE,01t4w00000Nuo5RAAR
,WHITE,01t4w00000Nuo5SAAR
,NATURAL + WHITE,01t4w00000Nuo5TAAR
NATURAL + WHITE,NATURAL + WHITE,01t4w00000Nuo5UAAR
,NATURAL + GREY,01t4w00000Nuo5VAAR
NATURAL + BLACK,NATURAL + BLACK,01t4w00000Nuo5WAAR
,NATURAL + BLACK,01t4w00000Nuo5XAAR
NATURAL + GREY,NATURAL + GREY,01t4w00000Nuo5YAAR
NATURAL + TURQUOISE,NATURAL + TURQUOISE,01t4w00000Nuo5ZAAR
,NATURAL + TURQUOISE,01t4w00000Nuo5aAAB
NATURAL + BLACK,NATURAL + BLACK,01t4w00000Nuo5bAAB
,NATURAL + BLACK,01t4w00000Nuo5cAAB
NATURAL + BLACK,NATURAL + BLACK,01t4w00000Nuo5dAAB
,NATURAL + BLACK,01t4w00000Nuo5eAAB
,NATURAL + BLACK,01t4w00000Nuo5fAAB
NATURAL + BLACK,NATURAL + BLACK,01t4w00000Nuo5gAAB
BLACK + WHITE + NATURAL,BLACK + WHITE + NATURAL,01t4w00000Nuo5hAAB
,BLACK + WHITE + NATURAL,01t4w00000Nuo5iAAB
GREY + NATURAL,GREY + NATURAL,01t4w00000Nuo5jAAB
,GREY + NATURAL,01t4w00000Nuo5kAAB
GREY + NATURAL,GREY + NATURAL,01t4w00000Nuo5lAAB
,GREY + NATURAL,01t4w00000Nuo5mAAB
WHITE + GREY,WHITE + GREY,01t4w00000Nuo5nAAB
,WHITE + GREY,01t4w00000Nuo5oAAB
WHITE + GREY,WHITE + GREY,01t4w00000Nuo5pAAB
,WHITE + GREY,01t4w00000Nuo5qAAB
WHITE + NATURAL,WHITE + NATURAL,01t4w00000Nuo5rAAB
,WHITE + NATURAL,01t4w00000Nuo5sAAB
WHITE + NATURAL,WHITE + NATURAL,01t4w00000Nuo5tAAB
WHITE + BLACK + NATURAL,WHITE + BLACK + NATURAL,01t4w00000Nuo5uAAB
,WHITE + NATURAL,01t4w00000Nuo5vAAB
,WHITE + BLACK + NATURAL,01t4w00000Nuo5wAAB
BLUE GRISÁCEO,BLUE GRISÁCEO,01t4w00000Nuo5xAAB
,BLUE GRISÁCEO,01t4w00000Nuo5yAAB
WHITE + BROWN,WHITE + BROWN,01t4w00000Nuo5zAAB
,NATURAL + BLACK,01t4w00000Nuo60AAB
,WHITE + BROWN,01t4w00000Nuo61AAB
,NATURAL + BLACK,01t4w00000Nuo62AAB
NATURAL + BLACK,NATURAL + BLACK,01t4w00000Nuo63AAB
BLACK,BLACK,01t4w00000Nuo64AAB
NATURAL + BLACK,NATURAL + BLACK,01t4w00000Nuo65AAB
,BLACK,01t4w00000Nuo66AAB
BLUE,BLUE,01t4w00000Nuo67AAB
,BLUE,01t4w00000Nuo68AAB
GREY + BLACK,GREY + BLACK,01t4w00000Nuo69AAB
,GREY + BLACK,01t4w00000Nuo6AAAR
MULTIPLE,MULTIPLE,01t4w00000Nuo6BAAR
,MULTIPLE,01t4w00000Nuo6CAAR
MULTIPLE,MULTIPLE,01t4w00000Nuo6DAAR
,MULTIPLE,01t4w00000Nuo6EAAR
MULTIPLE,MULTIPLE,01t4w00000Nuo6FAAR
,MULTIPLE,01t4w00000Nuo6GAAR
MULTIPLE,MULTIPLE,01t4w00000Nuo6HAAR
,MULTIPLE,01t4w00000Nuo6IAAR
NATURAL + BLACK,NATURAL + BLACK,01t4w00000Nuo6JAAR
,NATURAL + BLACK,01t4w00000Nuo6KAAR
NATURAL + BLACK,NATURAL + BLACK,01t4w00000Nuo6LAAR
,NATURAL + BLACK,01t4w00000Nuo6MAAR
,NATURAL + BLACK,01t4w00000Nuo6NAAR
NATURAL + BLACK,NATURAL + BLACK,01t4w00000Nuo6OAAR
NATURAL + BLACK,NATURAL + BLACK,01t4w00000Nuo6PAAR
,NATURAL + BLACK,01t4w00000Nuo6QAAR
NATURAL + BLACK,NATURAL + BLACK,01t4w00000Nuo6RAAR
,NATURAL + BLACK,01t4w00000Nuo6SAAR
COBRE,COBRE,01t4w00000Nuo6TAAR
PINK + SILVER,PINK + SILVER,01t4w00000Nuo6UAAR
,PINK + SILVER,01t4w00000Nuo6VAAR
SILVER,SILVER,01t4w00000Nuo6WAAR
,SILVER,01t4w00000Nuo6XAAR
SILVER,SILVER,01t4w00000Nuo6YAAR
,SILVER,01t4w00000Nuo6ZAAR
,COBRE,01t4w00000Nuo6aAAB
BLACK + GOLD,BLACK + GOLD,01t4w00000Nuo6bAAB
,BLACK + GOLD,01t4w00000Nuo6cAAB
BLACK + GOLD,BLACK + GOLD,01t4w00000Nuo6dAAB
,BLACK + GOLD,01t4w00000Nuo6eAAB
BLACK + GOLD,BLACK + GOLD,01t4w00000Nuo6fAAB
,BLACK + GOLD,01t4w00000Nuo6gAAB
,BLACK,01t4w00000Nuo6hAAB
BLACK,BLACK,01t4w00000Nuo6iAAB
,BLACK,01t4w00000Nuo6jAAB
BLACK,BLACK,01t4w00000Nuo6kAAB
,BLACK,01t4w00000Nuo6lAAB
BLACK,BLACK,01t4w00000Nuo6mAAB
BLACK,BLACK,01t4w00000Nuo6nAAB
,BLACK,01t4w00000Nuo6oAAB
BLACK + GOLD,BLACK + GOLD,01t4w00000Nuo6pAAB
,BLACK + GOLD,01t4w00000Nuo6qAAB
BLACK + GOLD,BLACK + GOLD,01t4w00000Nuo6rAAB
,BLACK + GOLD,01t4w00000Nuo6sAAB
BLACK + GOLD,BLACK + GOLD,01t4w00000Nuo6tAAB
,BLACK + GOLD,01t4w00000Nuo6uAAB
BLACK + GOLD,BLACK + GOLD,01t4w00000Nuo6vAAB
BLACK + GOLD,BLACK + GOLD,01t4w00000Nuo6wAAB
BLACK + GOLD,BLACK + GOLD,01t4w00000Nuo6xAAB
,BLACK + GOLD,01t4w00000Nuo6yAAB
,BLACK + GOLD,01t4w00000Nuo6zAAB
,BLACK + GOLD,01t4w00000Nuo70AAB
BLACK + GOLD,BLACK + GOLD,01t4w00000Nuo71AAB
,BLACK + GOLD,01t4w00000Nuo72AAB
BLACK + GOLD,BLACK + GOLD,01t4w00000Nuo73AAB
,BLACK + GOLD,01t4w00000Nuo74AAB
BLACK + GOLD,BLACK + GOLD,01t4w00000Nuo75AAB
,BLACK + GOLD,01t4w00000Nuo76AAB
,BLACK + GOLD,01t4w00000Nuo77AAB
BLACK + GOLD,BLACK + GOLD,01t4w00000Nuo78AAB
BROWN,BROWN,01t4w00000Nuo79AAB
,GREY,01t4w00000Nuo7AAAR
,BROWN,01t4w00000Nuo7BAAR
GREY,GREY,01t4w00000Nuo7CAAR
BROWN LIGHT,BROWN LIGHT,01t4w00000Nuo7DAAR
WHITE,WHITE,01t4w00000Nuo7EAAR
,WHITE,01t4w00000Nuo7FAAR
,BROWN LIGHT,01t4w00000Nuo7GAAR
WHITE,WHITE,01t4w00000Nuo7HAAR
,WHITE,01t4w00000Nuo7IAAR
BLACK,BLACK,01t4w00000Nuo7JAAR
,BLACK,01t4w00000Nuo7KAAR
BLACK,BLACK,01t4w00000Nuo7LAAR
,BLACK,01t4w00000Nuo7MAAR
BROWN LIGHT,BROWN LIGHT,01t4w00000Nuo7NAAR
,BROWN LIGHT,01t4w00000Nuo7OAAR
NATURAL,NATURAL,01t4w00000Nuo7PAAR
,NATURAL,01t4w00000Nuo7QAAR
GREY,GREY,01t4w00000Nuo7RAAR
,GREY,01t4w00000Nuo7SAAR
BROWN LIGHT,BROWN LIGHT,01t4w00000Nuo7TAAR
,BROWN LIGHT,01t4w00000Nuo7UAAR
GREY,GREY,01t4w00000Nuo7VAAR
,GREY,01t4w00000Nuo7WAAR
ORANGE,ORANGE,01t4w00000Nuo7XAAR
,ORANGE,01t4w00000Nuo7YAAR
CELESTE + GREY,CELESTE + GREY,01t4w00000Nuo7ZAAR
BLACK + WHITE,BLACK + WHITE,01t4w00000Nuo7aAAB
,CELESTE + GREY,01t4w00000Nuo7bAAB
,BLACK + WHITE,01t4w00000Nuo7cAAB
BLACK,BLACK,01t4w00000Nuo7dAAB
,BLACK,01t4w00000Nuo7eAAB
BLACK+CREAM,BLACK+CREAM,01t4w00000Nuo7fAAB
,BLACK+CREAM,01t4w00000Nuo7gAAB
WHITE,WHITE,01t4w00000Nuo7hAAB
,WHITE,01t4w00000Nuo7iAAB
GREY,GREY,01t4w00000Nuo7jAAB
,GREY,01t4w00000Nuo7kAAB
GREY,GREY,01t4w00000Nuo7lAAB
,GREY,01t4w00000Nuo7mAAB
GREY,GREY,01t4w00000Nuo7nAAB
,GREY,01t4w00000Nuo7oAAB
GREEN BEIGE,GREEN BEIGE,01t4w00000Nuo7pAAB
,GREEN BEIGE,01t4w00000Nuo7qAAB
BROWN + BLACK,BROWN + BLACK,01t4w00000Nuo7rAAB
,BROWN + BLACK,01t4w00000Nuo7sAAB
BLACK,BLACK,01t4w00000Nuo7tAAB
,BLACK,01t4w00000Nuo7uAAB
GREEN DARK,GREEN DARK,01t4w00000Nuo7vAAB
,GREEN DARK,01t4w00000Nuo7wAAB
BROWN,BROWN,01t4w00000Nuo7xAAB
,BROWN,01t4w00000Nuo7yAAB
GREY + NATURAL,GREY + NATURAL,01t4w00000Nuo7zAAB
,GREY + NATURAL,01t4w00000Nuo80AAB
GREY + NATURAL,GREY + NATURAL,01t4w00000Nuo81AAB
,GREY + NATURAL,01t4w00000Nuo82AAB
GREY + NATURAL,GREY + NATURAL,01t4w00000Nuo83AAB
,GREY + NATURAL,01t4w00000Nuo84AAB
BROWN,BROWN,01t4w00000Nuo85AAB
,BROWN,01t4w00000Nuo86AAB
GREY + BLACK,GREY + BLACK,01t4w00000Nuo87AAB
,GREY + BLACK,01t4w00000Nuo88AAB
,WHITE + NATURAL,01t4w00000Nuo89AAB
WHITE + NATURAL,WHITE + NATURAL,01t4w00000Nuo8AAAR
BLACK + NATURAL,BLACK + NATURAL,01t4w00000Nuo8BAAR
,BLACK + NATURAL,01t4w00000Nuo8CAAR
BLACK + GOLD,BLACK + GOLD,01t4w00000Nuo8DAAR
,BLACK + GOLD,01t4w00000Nuo8EAAR
BLACK + SILVER,BLACK + SILVER,01t4w00000Nuo8FAAR
,BLACK + SILVER,01t4w00000Nuo8GAAR
BLACK + SILVER,BLACK + SILVER,01t4w00000Nuo8HAAR
,BLACK + SILVER,01t4w00000Nuo8IAAR
GREY + SILVER,GREY + SILVER,01t4w00000Nuo8JAAR
,GREY + SILVER,01t4w00000Nuo8KAAR
GREY + SILVER,GREY + SILVER,01t4w00000Nuo8LAAR
,GREY + SILVER,01t4w00000Nuo8MAAR
MULTIPLE,MULTIPLE,01t4w00000Nuo8NAAR
,MULTIPLE,01t4w00000Nuo8OAAR
BLACK,BLACK,01t4w00000Nuo8PAAR
,BLACK,01t4w00000Nuo8QAAR
BLACK + SILVER,BLACK + SILVER,01t4w00000Nuo8RAAR
,BLACK + SILVER,01t4w00000Nuo8SAAR
GREY,GREY,01t4w00000Nuo8TAAR
,GREY,01t4w00000Nuo8UAAR
GREEN,GREEN,01t4w00000Nuo8VAAR
,GREEN,01t4w00000Nuo8WAAR
GREY + NATURAL,GREY + NATURAL,01t4w00000Nuo8XAAR
,GREY + NATURAL,01t4w00000Nuo8YAAR
BLACK,BLACK,01t4w00000Nuo8ZAAR
GREY,GREY,01t4w00000Nuo8aAAB
,BLACK,01t4w00000Nuo8bAAB
,GREY,01t4w00000Nuo8cAAB
BROWN + BLACK,BROWN + BLACK,01t4w00000Nuo8dAAB
,BROWN + BLACK,01t4w00000Nuo8eAAB
GREY + BLACK,GREY + BLACK,01t4w00000Nuo8fAAB
,GREY + BLACK,01t4w00000Nuo8gAAB
GREY + BLACK,GREY + BLACK,01t4w00000Nuo8hAAB
,GREY + BLACK,01t4w00000Nuo8iAAB
GREEN + BLACK,GREEN + BLACK,01t4w00000Nuo8jAAB
,GREEN + BLACK,01t4w00000Nuo8kAAB
GREEN + BLACK,GREEN + BLACK,01t4w00000Nuo8lAAB
,GREEN + BLACK,01t4w00000Nuo8mAAB
WHITE + BLACK,WHITE + BLACK,01t4w00000Nuo8nAAB
,WHITE + BLACK,01t4w00000Nuo8oAAB
BLACK+BEIGE,BLACK+BEIGE,01t4w00000Nuo8pAAB
,BLACK+BEIGE,01t4w00000Nuo8qAAB
GREY,GREY,01t4w00000Nuo8rAAB
,GREY,01t4w00000Nuo8sAAB
GREY,GREY,01t4w00000Nuo8tAAB
,GREY,01t4w00000Nuo8uAAB
GREEN,GREEN,01t4w00000Nuo8vAAB
,GREEN,01t4w00000Nuo8wAAB
BLUE LIGHT,BLUE LIGHT,01t4w00000Nuo8xAAB
,BLUE LIGHT,01t4w00000Nuo8yAAB
BLACK,BLACK,01t4w00000Nuo8zAAB
,BLACK,01t4w00000Nuo90AAB
RED,RED,01t4w00000Nuo91AAB
,RED,01t4w00000Nuo92AAB
,BROWN+MOCA,01t4w00000Nuo93AAB
WHITE,WHITE,01t4w00000Nuo94AAB
,WHITE,01t4w00000Nuo95AAB
GREEN MACARON LIGHT,GREEN MACARON LIGHT,01t4w00000Nuo96AAB
WHITE,WHITE,01t4w00000Nuo97AAB
,GREEN MACARON LIGHT,01t4w00000Nuo98AAB
WHITE,WHITE,01t4w00000Nuo99AAB
,WHITE,01t4w00000Nuo9AAAR
,WHITE,01t4w00000Nuo9BAAR
WHITE,WHITE,01t4w00000Nuo9CAAR
WHITE + AGUAMARINA,WHITE + AGUAMARINA,01t4w00000Nuo9DAAR
,WHITE,01t4w00000Nuo9EAAR
,WHITE + AGUAMARINA,01t4w00000Nuo9FAAR
,GREY,01t4w00000Nuo9GAAR
,RED+BLUE+YELLOW,01t4w00000Nuo9HAAR
,GREEN,01t4w00000Nuo9IAAR
,GREY,01t4w00000Nuo9JAAR
BROWN,BROWN,01t4w00000Nuo9KAAR
GREY + BLACK,GREY + BLACK,01t4w00000Nuo9LAAR
,BROWN,01t4w00000Nuo9MAAR
,GREY + BLACK,01t4w00000Nuo9NAAR
BLACK + WHITE,BLACK + WHITE,01t4w00000Nuo9OAAR
,BLACK + WHITE,01t4w00000Nuo9PAAR
BLACK,BLACK,01t4w00000Nuo9QAAR
,BLACK,01t4w00000Nuo9RAAR
BLACK + WHITE,BLACK + WHITE,01t4w00000Nuo9SAAR
,BLACK + WHITE,01t4w00000Nuo9TAAR
GREEN,GREEN,01t4w00000Nuo9UAAR
,GREEN,01t4w00000Nuo9VAAR
BLACK + BROWN + BEIGE,BLACK + BROWN + BEIGE,01t4w00000Nuo9WAAR
,BLACK + BROWN + BEIGE,01t4w00000Nuo9XAAR
GREEN,GREEN,01t4w00000Nuo9YAAR
,GREEN,01t4w00000Nuo9ZAAR
BROWN DARK,BROWN DARK,01t4w00000Nuo9aAAB
,BROWN DARK,01t4w00000Nuo9bAAB
BROWN DARK,BROWN DARK,01t4w00000Nuo9cAAB
,BROWN DARK,01t4w00000Nuo9dAAB
GREEN,GREEN,01t4w00000Nuo9eAAB
,GREEN,01t4w00000Nuo9fAAB
GREEN,GREEN,01t4w00000Nuo9gAAB
GREEN,GREEN,01t4w00000Nuo9hAAB
,GREEN,01t4w00000Nuo9iAAB
,GREEN,01t4w00000Nuo9jAAB
BLACK / BROWN,BLACK / BROWN,01t4w00000Nuo9kAAB
,BLACK / BROWN,01t4w00000Nuo9lAAB
BLACK,BLACK,01t4w00000Nuo9mAAB
,BLACK,01t4w00000Nuo9nAAB
BLACK,BLACK,01t4w00000Nuo9oAAB
,BLACK,01t4w00000Nuo9pAAB
BLACK,BLACK,01t4w00000Nuo9qAAB
,BLACK,01t4w00000Nuo9rAAB
BLACK + GREY,BLACK + GREY,01t4w00000Nuo9sAAB
,BLACK + GREY,01t4w00000Nuo9tAAB
BLACK + GOLD,BLACK + GOLD,01t4w00000Nuo9uAAB
,BLACK + GOLD,01t4w00000Nuo9vAAB
WHITE,WHITE,01t4w00000Nuo9wAAB
WHITE,WHITE,01t4w00000Nuo9xAAB
BLACK,BLACK,01t4w00000Nuo9yAAB
,BLACK,01t4w00000Nuo9zAAB
BLACK,BLACK,01t4w00000NuoA0AAJ
,BLACK,01t4w00000NuoA1AAJ
BLACK,BLACK,01t4w00000NuoA2AAJ
,BLACK,01t4w00000NuoA3AAJ
GREY,GREY,01t4w00000NuoA4AAJ
,GREY,01t4w00000NuoA5AAJ
BLUE,BLUE,01t4w00000NuoA6AAJ
,BLUE,01t4w00000NuoA7AAJ
RED + BLACK,RED + BLACK,01t4w00000NuoA8AAJ
,RED + BLACK,01t4w00000NuoA9AAJ
BLACK,BLACK,01t4w00000NuoAAAAZ
,BLACK,01t4w00000NuoABAAZ
,BLACK,01t4w00000NuoACAAZ
BLACK,BLACK,01t4w00000NuoADAAZ
,BLACK,01t4w00000NuoAEAAZ
,BLACK,01t4w00000NuoAFAAZ
BLACK,BLACK,01t4w00000NuoAGAAZ
,BLACK,01t4w00000NuoAHAAZ
BLACK,BLACK,01t4w00000NuoAIAAZ
BLACK,BLACK,01t4w00000NuoAJAAZ
BLACK,BLACK,01t4w00000NuoAKAAZ
,BLACK,01t4w00000NuoALAAZ
WHITE + GREY,WHITE + GREY,01t4w00000NuoAMAAZ
,WHITE + GREY,01t4w00000NuoANAAZ
WHITE + GREY,WHITE + GREY,01t4w00000NuoAOAAZ
,WHITE + GREY,01t4w00000NuoAPAAZ
BLACK,BLACK,01t4w00000NuoAQAAZ
,BLACK,01t4w00000NuoARAAZ
WOOD,WOOD,01t4w00000NuoASAAZ
,WOOD,01t4w00000NuoATAAZ
,BLACK,01t4w00000NuoAUAAZ
WOOD,WOOD,01t4w00000NuoAVAAZ
,WOOD,01t4w00000NuoAWAAZ
WHITE,WHITE,01t4w00000NuoAXAAZ
WHITE,WHITE,01t4w00000NuoAYAAZ
MULTIPLE,MULTIPLE,01t4w00000NuoAeAAJ
,MULTIPLE,01t4w00000NuoAfAAJ
MULTIPLE,MULTIPLE,01t4w00000NuoAgAAJ
,MULTIPLE,01t4w00000NuoAhAAJ
MULTIPLE,MULTIPLE,01t4w00000NuoAiAAJ
,MULTIPLE,01t4w00000NuoAjAAJ
MULTIPLE,MULTIPLE,01t4w00000NuoAkAAJ
,MULTIPLE,01t4w00000NuoAlAAJ
MULTIPLE,MULTIPLE,01t4w00000NuoAmAAJ
,MULTIPLE,01t4w00000NuoAnAAJ
BLACK,BLACK,01t4w00000NuoAoAAJ
,BLACK,01t4w00000NuoApAAJ
WHITE + BROWN,WHITE + BROWN,01t4w00000NuoAqAAJ
,WHITE + BROWN,01t4w00000NuoArAAJ
WHITE + BROWN,WHITE + BROWN,01t4w00000NuoAsAAJ
,WHITE + BROWN,01t4w00000NuoAtAAJ
MULTIPLE,MULTIPLE,01t4w00000NuoAuAAJ
,MULTIPLE,01t4w00000NuoAvAAJ
BROWN + FLORAL,BROWN + FLORAL,01t4w00000NuoAwAAJ
,BROWN + FLORAL,01t4w00000NuoAxAAJ
BROWN + FLORAL,BROWN + FLORAL,01t4w00000NuoAyAAJ
,BROWN + FLORAL,01t4w00000NuoAzAAJ
WHITE,WHITE,01t4w00000NuoB0AAJ
,WHITE,01t4w00000NuoB1AAJ
WHITE + YELLOW,WHITE + YELLOW,01t4w00000NuoB2AAJ
,WHITE + YELLOW,01t4w00000NuoB3AAJ
WHITE,WHITE,01t4w00000NuoB4AAJ
,WHITE,01t4w00000NuoB5AAJ
NATURAL,NATURAL,01t4w00000NuoB6AAJ
,NATURAL,01t4w00000NuoB7AAJ
BLACK + NATURAL,BLACK + NATURAL,01t4w00000NuoB8AAJ
,BLACK + NATURAL,01t4w00000NuoB9AAJ
NATURAL,NATURAL,01t4w00000NuoBAAAZ
,NATURAL,01t4w00000NuoBBAAZ
NATURAL + BLACK,NATURAL + BLACK,01t4w00000NuoBCAAZ
,NATURAL + BLACK,01t4w00000NuoBDAAZ
WHITE,WHITE,01t4w00000NuoBEAAZ
,WHITE,01t4w00000NuoBFAAZ
WHITE + GOLD,WHITE + GOLD,01t4w00000NuoBGAAZ
,WHITE + GOLD,01t4w00000NuoBHAAZ
,BLACK + NATURAL,01t4w00000NuoBIAAZ
BLACK + NATURAL,BLACK + NATURAL,01t4w00000NuoBJAAZ
GREY + BLACK,GREY + BLACK,01t4w00000NuoBKAAZ
,GREY + BLACK,01t4w00000NuoBLAAZ
GREY + NATURAL,GREY + NATURAL,01t4w00000NuoBMAAZ
,GREY + NATURAL,01t4w00000NuoBNAAZ
BLACK + NATURAL,BLACK + NATURAL,01t4w00000NuoBOAAZ
,BLACK + NATURAL,01t4w00000NuoBPAAZ
GREY,GREY,01t4w00000NuoBQAAZ
,GREY,01t4w00000NuoBRAAZ
BLACK,BLACK,01t4w00000NuoBSAAZ
,BLACK,01t4w00000NuoBTAAZ
MULTIPLE,MULTIPLE,01t4w00000NuoBUAAZ
,MULTIPLE,01t4w00000NuoBVAAZ
BLACK + NATURAL,BLACK + NATURAL,01t4w00000NuoBWAAZ
,BLACK + NATURAL,01t4w00000NuoBXAAZ
,BLACK,01t4w00000NuoBYAAZ
BLACK,BLACK,01t4w00000NuoBZAAZ
MULTIPLE,MULTIPLE,01t4w00000NuoBaAAJ
,MULTIPLE,01t4w00000NuoBbAAJ
MULTIPLE,MULTIPLE,01t4w00000NuoBcAAJ
WHITE + GOLD,WHITE + GOLD,01t4w00000NuoBdAAJ
,WHITE + GOLD,01t4w00000NuoBeAAJ
,MULTIPLE,01t4w00000NuoBfAAJ
BLACK + NATURAL,BLACK + NATURAL,01t4w00000NuoBgAAJ
,BLACK + NATURAL,01t4w00000NuoBhAAJ
BLACK + NATURAL,BLACK + NATURAL,01t4w00000NuoBiAAJ
NATURAL + BLUE,NATURAL + BLUE,01t4w00000NuoBjAAJ
,BLACK + NATURAL,01t4w00000NuoBkAAJ
,NATURAL + BLUE,01t4w00000NuoBlAAJ
BLACK + NATURAL,BLACK + NATURAL,01t4w00000NuoBmAAJ
,BLACK + NATURAL,01t4w00000NuoBnAAJ
BLACK + NATURAL,BLACK + NATURAL,01t4w00000NuoBoAAJ
,BLACK + NATURAL,01t4w00000NuoBpAAJ
WHITE + NATURAL,WHITE + NATURAL,01t4w00000NuoBqAAJ
,WHITE + NATURAL,01t4w00000NuoBrAAJ
NATURAL + GREY,NATURAL + GREY,01t4w00000NuoBsAAJ
,NATURAL + GREY,01t4w00000NuoBtAAJ
BLACK,BLACK,01t4w00000NuoBuAAJ
,BLACK,01t4w00000NuoBvAAJ
BLACK + NATURAL,BLACK + NATURAL,01t4w00000NuoBwAAJ
BLACK + NATURAL,BLACK + NATURAL,01t4w00000NuoBxAAJ
,BLACK + NATURAL,01t4w00000NuoByAAJ
,BLACK + NATURAL,01t4w00000NuoBzAAJ
BLACK + NATURAL,BLACK + NATURAL,01t4w00000NuoC0AAJ
,BLACK + NATURAL,01t4w00000NuoC1AAJ
BLACK,BLACK,01t4w00000NuoC2AAJ
,BLACK,01t4w00000NuoC3AAJ
WHITE + NATURAL,WHITE + NATURAL,01t4w00000NuoC4AAJ
,WHITE + NATURAL,01t4w00000NuoC5AAJ
,BLACK + NATURAL,01t4w00000NuoC6AAJ
BLACK + NATURAL,BLACK + NATURAL,01t4w00000NuoC7AAJ
MULTIPLE,MULTIPLE,01t4w00000NuoC8AAJ
,MULTIPLE,01t4w00000NuoC9AAJ
MULTIPLE,MULTIPLE,01t4w00000NuoCAAAZ
,MULTIPLE,01t4w00000NuoCBAAZ
MULTIPLE,MULTIPLE,01t4w00000NuoCCAAZ
,MULTIPLE,01t4w00000NuoCDAAZ
MULTIPLE,MULTIPLE,01t4w00000NuoCEAAZ
,MULTIPLE,01t4w00000NuoCFAAZ
WHITE,WHITE,01t4w00000NuoCGAAZ
WHITE,WHITE,01t4w00000NuoCHAAZ
,WHITE,01t4w00000NuoCIAAZ
WHITE,WHITE,01t4w00000NuoCJAAZ
,WHITE,01t4w00000NuoCKAAZ
,WHITE,01t4w00000NuoCLAAZ
WHITE,WHITE,01t4w00000NuoCMAAZ
,WHITE,01t4w00000NuoCNAAZ
WHITE,WHITE,01t4w00000NuoCOAAZ
,WHITE,01t4w00000NuoCPAAZ
WHITE,WHITE,01t4w00000NuoCQAAZ
,WHITE,01t4w00000NuoCRAAZ
NATURAL,NATURAL,01t4w00000NuoCSAAZ
,NATURAL,01t4w00000NuoCTAAZ
NATURAL,NATURAL,01t4w00000NuoCUAAZ
,NATURAL,01t4w00000NuoCVAAZ
NATURAL,NATURAL,01t4w00000NuoCWAAZ
,NATURAL,01t4w00000NuoCXAAZ
NATURAL,NATURAL,01t4w00000NuoCYAAZ
,NATURAL,01t4w00000NuoCZAAZ
NATURAL,NATURAL,01t4w00000NuoCaAAJ
,NATURAL,01t4w00000NuoCbAAJ
BLACK,BLACK,01t4w00000NuoCcAAJ
,BLACK,01t4w00000NuoCdAAJ
BROWN,BROWN,01t4w00000NuoCeAAJ
,BROWN,01t4w00000NuoCfAAJ
BROWN,BROWN,01t4w00000NuoCgAAJ
,BROWN,01t4w00000NuoChAAJ
BLACK,BLACK,01t4w00000NuoCiAAJ
,BLACK,01t4w00000NuoCjAAJ
BLACK,BLACK,01t4w00000NuoCkAAJ
NATURAL,NATURAL,01t4w00000NuoClAAJ
,NATURAL,01t4w00000NuoCmAAJ
,NATURAL,01t4w00000NuoCnAAJ
NATURAL,NATURAL,01t4w00000NuoCoAAJ
,BLACK,01t4w00000NuoCpAAJ
BLACK,BLACK,01t4w00000NuoCqAAJ
,BLACK,01t4w00000NuoCrAAJ
NATURAL,NATURAL,01t4w00000NuoCsAAJ
,NATURAL,01t4w00000NuoCtAAJ
NATURAL,NATURAL,01t4w00000NuoCuAAJ
,NATURAL,01t4w00000NuoCvAAJ
NATURAL,NATURAL,01t4w00000NuoCwAAJ
,NATURAL,01t4w00000NuoCxAAJ
,NATURAL,01t4w00000NuoCyAAJ
NATURAL,NATURAL,01t4w00000NuoCzAAJ
BLACK,BLACK,01t4w00000NuoD0AAJ
WHITE,WHITE,01t4w00000NuoD1AAJ
,WHITE,01t4w00000NuoD2AAJ
NATURAL,NATURAL,01t4w00000NuoD3AAJ
,NATURAL,01t4w00000NuoD4AAJ
BLACK + NATURAL,BLACK + NATURAL,01t4w00000NuoD5AAJ
,BLACK + NATURAL,01t4w00000NuoD6AAJ
,BLACK,01t4w00000NuoD7AAJ
BLACK,BLACK,01t4w00000NuoD8AAJ
,BLACK,01t4w00000NuoD9AAJ
WHITE,WHITE,01t4w00000NuoDAAAZ
,WHITE,01t4w00000NuoDBAAZ
BLACK + NATURAL,BLACK + NATURAL,01t4w00000NuoDCAAZ
,NATURAL,01t4w00000NuoDDAAZ
,BLACK + NATURAL,01t4w00000NuoDEAAZ
BLACK + NATURAL,BLACK + NATURAL,01t4w00000NuoDFAAZ
,BLACK + NATURAL,01t4w00000NuoDGAAZ
NATURAL,NATURAL,01t4w00000NuoDHAAZ
,NATURAL,01t4w00000NuoDIAAZ
NATURAL,NATURAL,01t4w00000NuoDJAAZ
GREY,GREY,01t4w00000NuoDKAAZ
,GREY,01t4w00000NuoDLAAZ
GREY DARK,GREY DARK,01t4w00000NuoDMAAZ
,GREY DARK,01t4w00000NuoDNAAZ
MARBLE,MARBLE,01t4w00000NuoDOAAZ
,BLACK AZULADO,01t4w00000NuoDPAAZ
BROWN,BROWN,01t4w00000NuoDQAAZ
,MARBLE,01t4w00000NuoDRAAZ
,BROWN,01t4w00000NuoDSAAZ
BLACK AZULADO,BLACK AZULADO,01t4w00000NuoDTAAZ
MULTIPLE,MULTIPLE,01t4w00000NuoDUAAZ
,MULTIPLE,01t4w00000NuoDVAAZ
MULTIPLE,MULTIPLE,01t4w00000NuoDWAAZ
,MULTIPLE,01t4w00000NuoDXAAZ
,MULTIPLE,01t4w00000NuoDYAAZ
MULTIPLE,MULTIPLE,01t4w00000NuoDZAAZ
MULTIPLE,MULTIPLE,01t4w00000NuoDaAAJ
,MULTIPLE,01t4w00000NuoDbAAJ
MULTIPLE,MULTIPLE,01t4w00000NuoDcAAJ
,MULTIPLE,01t4w00000NuoDdAAJ
MULTIPLE,MULTIPLE,01t4w00000NuoDeAAJ
,MULTIPLE,01t4w00000NuoDfAAJ
MULTIPLE,MULTIPLE,01t4w00000NuoDgAAJ
,MULTIPLE,01t4w00000NuoDhAAJ
MULTIPLE,MULTIPLE,01t4w00000NuoDiAAJ
,MULTIPLE,01t4w00000NuoDjAAJ
GREY,GREY,01t4w00000NuoDkAAJ
,GREY,01t4w00000NuoDlAAJ
,BLACK,01t4w00000NuoDmAAJ
GREY,GREY,01t4w00000NuoDnAAJ
BLACK,BLACK,01t4w00000NuoDoAAJ
,BLACK,01t4w00000NuoDpAAJ
,GREY,01t4w00000NuoDqAAJ
BLACK,BLACK,01t4w00000NuoDrAAJ
MULTIPLE,MULTIPLE,01t4w00000NuoDsAAJ
,MULTIPLE,01t4w00000NuoDtAAJ
MULTIPLE,MULTIPLE,01t4w00000NuoDuAAJ
,MULTIPLE,01t4w00000NuoDvAAJ
,MULTIPLE,01t4w00000NuoDwAAJ
MULTIPLE,MULTIPLE,01t4w00000NuoDxAAJ
,BLACK + WHITE,01t4w00000NuoDyAAJ
169-42 GREY,169-42 GREY,01t4w00000NuoDzAAJ
,169-42 GREY,01t4w00000NuoE0AAJ
BLACK + WHITE,BLACK + WHITE,01t4w00000NuoE1AAJ
MULTIPLE,MULTIPLE,01t4w00000NuoE2AAJ
,MULTIPLE,01t4w00000NuoE3AAJ
RED,RED,01t4w00000NuoE4AAJ
,RED,01t4w00000NuoE5AAJ
BROWN,BROWN,01t4w00000NuoE6AAJ
BLACK,BLACK,01t4w00000NuoE7AAJ
,BROWN,01t4w00000NuoE8AAJ
YELLOW,YELLOW,01t4w00000NuoE9AAJ
,BLACK,01t4w00000NuoEAAAZ
,YELLOW,01t4w00000NuoEBAAZ
BLUE,BLUE,01t4w00000NuoECAAZ
,BLUE,01t4w00000NuoEDAAZ
,BLACK,01t4w00000NuoEEAAZ
,BROWN,01t4w00000NuoEFAAZ
BLUE AND WHITE,BLUE AND WHITE,01t4w00000NuoEGAAZ
,BLUE AND WHITE,01t4w00000NuoEHAAZ
NATURAL,NATURAL,01t4w00000NuoEIAAZ
,NATURAL,01t4w00000NuoEJAAZ
GREY,GREY,01t4w00000NuoEKAAZ
,GREY,01t4w00000NuoELAAZ
WHITE,WHITE,01t4w00000NuoEMAAZ
,WHITE,01t4w00000NuoENAAZ
WHITE,WHITE,01t4w00000NuoEOAAZ
,WHITE,01t4w00000NuoEPAAZ
WHITE,WHITE,01t4w00000NuoEQAAZ
,WHITE,01t4w00000NuoERAAZ
WARM GREY,WARM GREY,01t4w00000NuoESAAZ
,WARM GREY,01t4w00000NuoETAAZ
WOOD,WOOD,01t4w00000NuoEUAAZ
,WOOD,01t4w00000NuoEVAAZ
BLACK,BLACK,01t4w00000NuoEWAAZ
,BLACK,01t4w00000NuoEXAAZ
BLACK,BLACK,01t4w00000NuoEYAAZ
,BLACK,01t4w00000NuoEZAAZ
BLACK,BLACK,01t4w00000NuoEaAAJ
,BLACK,01t4w00000NuoEbAAJ
BLACK,BLACK,01t4w00000NuoEcAAJ
,BLACK,01t4w00000NuoEdAAJ
,BLACK,01t4w00000NuoEeAAJ
BLACK,BLACK,01t4w00000NuoEfAAJ
,BLACK,01t4w00000NuoEgAAJ
NATURAL,NATURAL,01t4w00000NuoEhAAJ
,NATURAL,01t4w00000NuoEiAAJ
GIRL,GIRL,01t4w00000NuoEjAAJ
,GIRL,01t4w00000NuoEkAAJ
BOY,BOY,01t4w00000NuoElAAJ
,BOY,01t4w00000NuoEmAAJ
WOOD,WOOD,01t4w00000NuoEnAAJ
,WOOD,01t4w00000NuoEoAAJ
NATURAL + GREY,NATURAL + GREY,01t4w00000NuoEpAAJ
,NATURAL + GREY,01t4w00000NuoEqAAJ
MULTIPLE,MULTIPLE,01t4w00000NuoErAAJ
,MULTIPLE,01t4w00000NuoEsAAJ
WHITE+WOOD,WHITE+WOOD,01t4w00000NuoEtAAJ
,WHITE+WOOD,01t4w00000NuoEuAAJ
GREY,GREY,01t4w00000NuoEvAAJ
,GREY,01t4w00000NuoEwAAJ
CHROME PLATED,CHROME PLATED,01t4w00000NuoExAAJ
,CHROME PLATED,01t4w00000NuoEyAAJ
CHROME PLATED,CHROME PLATED,01t4w00000NuoEzAAJ
,CHROME PLATED,01t4w00000NuoF0AAJ
MULTIPLE,MULTIPLE,01t4w00000NuoF1AAJ
,MULTIPLE,01t4w00000NuoF2AAJ
GREY,GREY,01t4w00000NuoF3AAJ
,GREY,01t4w00000NuoF4AAJ
GIRL,GIRL,01t4w00000NuoF5AAJ
,GIRL,01t4w00000NuoF6AAJ
BOY,BOY,01t4w00000NuoF7AAJ
,BOY,01t4w00000NuoF8AAJ
BROWN + BLACK,BROWN + BLACK,01t4w00000NuoF9AAJ
,BROWN + BLACK,01t4w00000NuoFAAAZ
GREY + NATURAL,GREY + NATURAL,01t4w00000NuoFBAAZ
,GREY + NATURAL,01t4w00000NuoFCAAZ
GREY + NATURAL,GREY + NATURAL,01t4w00000NuoFDAAZ
,GREY + NATURAL,01t4w00000NuoFEAAZ
BLACK+GREY,BLACK+GREY,01t4w00000NuoFFAAZ
,BLACK+GREY,01t4w00000NuoFGAAZ
GREY + NATURAL,GREY + NATURAL,01t4w00000NuoFHAAZ
,GREY + NATURAL,01t4w00000NuoFIAAZ
NATURAL+BLACK,NATURAL+BLACK,01t4w00000NuoFJAAZ
,NATURAL+BLACK,01t4w00000NuoFKAAZ
NATURAL+WHITE,NATURAL+WHITE,01t4w00000NuoFLAAZ
,NATURAL+WHITE,01t4w00000NuoFMAAZ
BLUE,BLUE,01t4w00000NuoFPAAZ
,BLUE,01t4w00000NuoFQAAZ
GREY DARK,GREY DARK,01t4w00000NuoFRAAZ
,GREY DARK,01t4w00000NuoFSAAZ
NATURAL+WHITE,NATURAL+WHITE,01t4w00000NuoFTAAZ
,NATURAL+WHITE,01t4w00000NuoFUAAZ
GREY,GREY,01t4w00000NuoFVAAZ
,GREY,01t4w00000NuoFWAAZ
WHITE+BLACK,WHITE+BLACK,01t4w00000NuoFXAAZ
,WHITE+BLACK,01t4w00000NuoFYAAZ
BEIGE OR GREY,BEIGE OR GREY,01t4w00000NuoFZAAZ
,BEIGE OR GREY,01t4w00000NuoFaAAJ
WHITE,WHITE,01t4w00000NuoFbAAJ
,WHITE,01t4w00000NuoFcAAJ
,BLUE,01t4w00000NuoFdAAJ
BLACK,BLACK,01t4w00000NuoFeAAJ
,BLACK,01t4w00000NuoFfAAJ
GREY,GREY,01t4w00000NuoFgAAJ
,GREY,01t4w00000NuoFhAAJ
WHITE,WHITE,01t4w00000NuoFiAAJ
,WHITE,01t4w00000NuoFjAAJ
BLACK / WHITE,BLACK / WHITE,01t4w00000NuoFkAAJ
,BLACK / WHITE,01t4w00000NuoFlAAJ
YELLOW,YELLOW,01t4w00000NuoFmAAJ
,YELLOW,01t4w00000NuoFnAAJ
BLACK,BLACK,01t4w00000NuoFoAAJ
,BLACK,01t4w00000NuoFpAAJ
,BLACK,01t4w00000NuoFqAAJ
BLACK,BLACK,01t4w00000NuoFrAAJ
,BLACK,01t4w00000NuoFsAAJ
BLACK,BLACK,01t4w00000NuoFtAAJ
,BLACK,01t4w00000NuoFuAAJ
BLACK + WOOD,BLACK + WOOD,01t4w00000NuoFvAAJ
,BLACK + WOOD,01t4w00000NuoFwAAJ
WHITE + BLACK,WHITE + BLACK,01t4w00000NuoFxAAJ
,WHITE + BLACK,01t4w00000NuoFyAAJ
MULTIPLE,MULTIPLE,01t4w00000NuoFzAAJ
,MULTIPLE,01t4w00000NuoG0AAJ
BLACK,BLACK,01t4w00000NuoG1AAJ
,BLACK,01t4w00000NuoG2AAJ
WHITE,WHITE,01t4w00000NuoG3AAJ
,WHITE + WOOD,01t4w00000NuoG4AAJ
,WHITE,01t4w00000NuoG5AAJ
,WHITE + WOOD,01t4w00000NuoG6AAJ
WOOD,WOOD,01t4w00000NuoG7AAJ
,WOOD,01t4w00000NuoG8AAJ
WHITE + WOOD,WHITE + WOOD,01t4w00000NuoG9AAJ
,WHITE + WOOD,01t4w00000NuoGAAAZ
WHITE + WOOD,WHITE + WOOD,01t4w00000NuoGBAAZ
WHITE,WHITE,01t4w00000NuoGCAAZ
,WHITE,01t4w00000NuoGDAAZ
MULTIPLE,MULTIPLE,01t4w00000NuoGEAAZ
WHITE + WOOD,WHITE + WOOD,01t4w00000NuoGFAAZ
,MULTIPLE,01t4w00000NuoGGAAZ
MULTIPLE,MULTIPLE,01t4w00000NuoGHAAZ
,MULTIPLE,01t4w00000NuoGIAAZ
,WHITE,01t4w00000NuoGJAAZ
,WHITE+WOOD,01t4w00000NuoGKAAZ
,NATURAL,01t4w00000NuoGLAAZ
,GREY DARK,01t4w00000NuoGMAAZ
,GREY,01t4w00000NuoGNAAZ
BLUE,BLUE,01t4w00000NuoGOAAZ
,BLUE,01t4w00000NuoGPAAZ
BLACK,BLACK,01t4w00000NuoGQAAZ
,BLACK,01t4w00000NuoGRAAZ
BLACK,BLACK,01t4w00000NuoGSAAZ
,BLACK,01t4w00000NuoGTAAZ
BLACK,BLACK,01t4w00000NuoGUAAZ
,BLACK,01t4w00000NuoGVAAZ
RED + BLACK,RED + BLACK,01t4w00000NuoGWAAZ
,RED + BLACK,01t4w00000NuoGXAAZ
RED + BLACK,RED + BLACK,01t4w00000NuoGYAAZ
,RED + BLACK,01t4w00000NuoGZAAZ
,NATURAL,01t4w00000NuoGaAAJ
,WHITE+WOOD,01t4w00000NuoGbAAJ
,NATURAL + GREY,01t4w00000NuoGcAAJ
,WHITE,01t4w00000NuoGdAAJ
,NATURAL,01t4w00000NuoGeAAJ
,CHROME PLATED,01t4w00000NuoGfAAJ
,BLACK,01t4w00000NuoGgAAJ
,BLACK,01t4w00000NuoGhAAJ
,WHITE,01t4w00000NuoGiAAJ
,WOOD,01t4w00000NuoGjAAJ
,GREY,01t4w00000NuoGkAAJ
MULTICOLOR,MULTICOLOR,01t4w00000NuoGlAAJ
,MULTICOLOR,01t4w00000NuoGmAAJ
GREY,GREY,01t4w00000NuoGnAAJ
,GREY,01t4w00000NuoGoAAJ
GREY / BLACK,GREY / BLACK,01t4w00000NuoGpAAJ
,GREY / BLACK,01t4w00000NuoGqAAJ
GREY,GREY,01t4w00000NuoGrAAJ
,GREY,01t4w00000NuoGsAAJ
WHITE / BLACK,WHITE / BLACK,01t4w00000NuoGtAAJ
,WHITE / BLACK,01t4w00000NuoGuAAJ
GREY,GREY,01t4w00000NuoGvAAJ
,GREY,01t4w00000NuoGwAAJ
GREY / BLACK,GREY / BLACK,01t4w00000NuoGxAAJ
,GREY / BLACK,01t4w00000NuoGyAAJ
GREY / BLACK,GREY / BLACK,01t4w00000NuoGzAAJ
,GREY / BLACK,01t4w00000NuoH0AAJ
GREY,GREY,01t4w00000NuoH1AAJ
,GREY,01t4w00000NuoH2AAJ
BEIGE,BEIGE,01t4w00000NuoH3AAJ
,BEIGE,01t4w00000NuoH4AAJ
RED+BLUE+GREEN+YELLOW,RED+BLUE+GREEN+YELLOW,01t4w00000NuoH5AAJ
"RED, BLUE, GREEN AND YELLOW + BLACK AND WHITE",RED+BLUE+GREEN+YELLOW,01t4w00000NuoH6AAJ
BOY,BOY,01t4w00000NuoH7AAJ
,BOY,01t4w00000NuoH8AAJ
GIRL,GIRL,01t4w00000NuoH9AAJ
,GIRL,01t4w00000NuoHAAAZ
GIRL,GIRL,01t4w00000NuoHBAAZ
,GIRL,01t4w00000NuoHCAAZ
PASTEL,PASTEL,01t4w00000NuoHDAAZ
"RED, BLUE, GREEN AND YELLOW + BLACK AND WHITE",PASTEL,01t4w00000NuoHEAAZ
GREY DARK,GREY DARK,01t4w00000NuoHFAAZ
,GREY DARK,01t4w00000NuoHGAAZ
MULTIPLE,MULTIPLE,01t4w00000NuoHHAAZ
,MULTIPLE,01t4w00000NuoHIAAZ
MULTIPLE,MULTIPLE,01t4w00000NuoHJAAZ
,MULTIPLE,01t4w00000NuoHKAAZ
GREY+BLACK,GREY+BLACK,01t4w00000NuoHLAAZ
,GREY+BLACK,01t4w00000NuoHMAAZ
BLACK,BLACK,01t4w00000NuoHNAAZ
,BLACK,01t4w00000NuoHOAAZ
GREY+NATURAL,GREY+NATURAL,01t4w00000NuoHPAAZ
,GREY+NATURAL,01t4w00000NuoHQAAZ
BLACK+WHITE,BLACK+WHITE,01t4w00000NuoHRAAZ
,BLACK+WHITE,01t4w00000NuoHSAAZ
BLACK,BLACK,01t4w00000NuoHTAAZ
,BLACK,01t4w00000NuoHUAAZ
GREY,GREY,01t4w00000NuoHVAAZ
,GREY,01t4w00000NuoHWAAZ
GREY,GREY,01t4w00000NuoHXAAZ
,GREY,01t4w00000NuoHYAAZ
BLACK + WHITE + NATURAL,BLACK + WHITE + NATURAL,01t4w00000NuoHZAAZ
,BLACK + WHITE + NATURAL,01t4w00000NuoHaAAJ
NATURAL,NATURAL,01t4w00000NuoHbAAJ
,NATURAL,01t4w00000NuoHcAAJ
NATURAL,NATURAL,01t4w00000NuoHdAAJ
,NATURAL,01t4w00000NuoHeAAJ
BLACK,BLACK,01t4w00000NuoHfAAJ
,BLACK,01t4w00000NuoHgAAJ
BLACK,BLACK,01t4w00000NuoHhAAJ
,BLACK,01t4w00000NuoHiAAJ
NATURAL+BLACK,NATURAL+BLACK,01t4w00000NuoHjAAJ
,NATURAL+BLACK,01t4w00000NuoHkAAJ
NATURAL + BEIGE,NATURAL + BEIGE,01t4w00000NuoHlAAJ
,NATURAL + BEIGE,01t4w00000NuoHmAAJ
BLACK + GREY,BLACK + GREY,01t4w00000NuoHnAAJ
,BLACK + GREY,01t4w00000NuoHoAAJ
BLACK + BROWN,BLACK + BROWN,01t4w00000NuoHpAAJ
,BLACK + BROWN,01t4w00000NuoHqAAJ
BROWN,BROWN,01t4w00000NuoHrAAJ
,BROWN,01t4w00000NuoHsAAJ
MULTIPLE,MULTIPLE,01t4w00000NuoHtAAJ
,MULTIPLE,01t4w00000NuoHuAAJ
NATURAL,NATURAL,01t4w00000NuoHvAAJ
,NATURAL,01t4w00000NuoHwAAJ
,WOOD,01t4w00000NuoHxAAJ
RED+BLUE+YELLOW,RED+BLUE+YELLOW,01t4w00000NuoHyAAJ
,RED+BLUE+YELLOW,01t4w00000NuoHzAAJ
GREEN,GREEN,01t4w00000NuoI0AAJ
,GREEN,01t4w00000NuoI1AAJ
BLACK,BLACK,01t4w00000NuoI2AAJ
,BLACK,01t4w00000NuoI3AAJ
GREEN,GREEN,01t4w00000NuoI4AAJ
GREEN,GREEN,01t4w00000NuoI5AAJ
BLUE,BLUE,01t4w00000NuoI6AAJ
,BLUE,01t4w00000NuoI7AAJ
BLACK,BLACK,01t4w00000NuoI8AAJ
,BLACK,01t4w00000NuoI9AAJ
BLACK,BLACK,01t4w00000NuoIAAAZ
,BLACK,01t4w00000NuoIBAAZ
BLACK,BLACK,01t4w00000NuoICAAZ
,BLACK,01t4w00000NuoIDAAZ
MULTIPLE,MULTIPLE,01t4w00000NuoIEAAZ
,MULTIPLE,01t4w00000NuoIFAAZ
PINK,PINK,01t4w00000NuoIGAAZ
PINK,PINK,01t4w00000NuoIHAAZ
RED,RED,01t4w00000NuoIIAAZ
RED,RED,01t4w00000NuoIJAAZ
BLUE,BLUE,01t4w00000NuoIKAAZ
BLUE,BLUE,01t4w00000NuoILAAZ
RED/ YELLOW/ BLUE/ GREEN/ PINK,RED/ YELLOW/ BLUE/ GREEN/ PINK,01t4w00000NuoIMAAZ
YELLOW,RED/ YELLOW/ BLUE/ GREEN/ PINK,01t4w00000NuoINAAZ
GIRL,GIRL,01t4w00000NuoIOAAZ
PINK,GIRL,01t4w00000NuoIPAAZ
BOY,BOY,01t4w00000NuoIQAAZ
BLUE,BOY,01t4w00000NuoIRAAZ
RED+BLUE+GREEN+YELLOW,RED+BLUE+GREEN+YELLOW,01t4w00000NuoISAAZ
"RED, BLUE, GREEN AND YELLOW + BLACK AND WHITE",RED+BLUE+GREEN+YELLOW,01t4w00000NuoITAAZ
BOY,BOY,01t4w00000NuoIUAAZ
,BOY,01t4w00000NuoIVAAZ
GIRL,GIRL,01t4w00000NuoIWAAZ
,GIRL,01t4w00000NuoIXAAZ
WHITE+NATURAL,WHITE+NATURAL,01t4w00000NuoIYAAZ
,WHITE+NATURAL,01t4w00000NuoIZAAZ
BLUE,BLUE,01t4w00000NuoIaAAJ
NATURAL + GREY,NATURAL + GREY,01t4w00000NuoIbAAJ
,NATURAL + GREY,01t4w00000NuoIcAAJ
BLACK + NATURAL,BLACK + NATURAL,01t4w00000NuoIdAAJ
,BLACK + NATURAL,01t4w00000NuoIeAAJ
NATURAL + BLACK,NATURAL + BLACK,01t4w00000NuoIfAAJ
,NATURAL + BLACK,01t4w00000NuoIgAAJ
BLACK / GREY,BLACK / GREY,01t4w00000NuoIhAAJ
,BLACK / GREY,01t4w00000NuoIiAAJ
BLACK / GREY,BLACK / GREY,01t4w00000NuoIjAAJ
,BLACK / GREY,01t4w00000NuoIkAAJ
BLACK / WHITE,BLACK / WHITE,01t4w00000NuoIlAAJ
,BLACK / WHITE,01t4w00000NuoImAAJ
MULTIPLE,MULTIPLE,01t4w00000NuoInAAJ
,MULTIPLE,01t4w00000NuoIoAAJ
BROWN,BROWN,01t4w00000NuoIpAAJ
,BROWN,01t4w00000NuoIqAAJ
BLACK,BLACK,01t4w00000NuoIrAAJ
,BLACK,01t4w00000NuoIsAAJ
GREY,GREY,01t4w00000NuoItAAJ
,GREY,01t4w00000NuoIuAAJ
WHITE,WHITE,01t4w00000NuoIvAAJ
,WHITE,01t4w00000NuoIwAAJ
GREY,GREY,01t4w00000NuoIxAAJ
,GREY,01t4w00000NuoIyAAJ
BLACK,BLACK,01t4w00000NuoIzAAJ
,BLACK,01t4w00000NuoJ0AAJ
,WHITE + BLACK,01t4w00000NuoJ1AAJ
,BLACK,01t4w00000NuoJ2AAJ
BLACK,BLACK,01t4w00000NuoJ3AAJ
BLACK,BLACK,01t4w00000NuoJ4AAJ
,BLACK,01t4w00000NuoJ5AAJ
WHITE + BLACK,WHITE + BLACK,01t4w00000NuoJ6AAJ
BLACK,BLACK,01t4w00000NuoJ7AAJ
,BLACK,01t4w00000NuoJ8AAJ
BLACK+NATURAL+WHITE,BLACK+NATURAL+WHITE,01t4w00000NuoJ9AAJ
,BLACK+NATURAL+WHITE,01t4w00000NuoJAAAZ
NATURAL,NATURAL,01t4w00000NuoJBAAZ
,NATURAL,01t4w00000NuoJCAAZ
BLACK,BLACK,01t4w00000NuoJDAAZ
,BLACK,01t4w00000NuoJEAAZ
CAMEL VINTAGE,CAMEL VINTAGE,01t4w00000NuoJFAAZ
,CAMEL VINTAGE,01t4w00000NuoJGAAZ
WHITE,WHITE,01t4w00000NuoJHAAZ
SILVER + BLACK,SILVER + BLACK,01t4w00000NuoJIAAZ
,SILVER + BLACK,01t4w00000NuoJJAAZ
SILVER + BLACK,SILVER + BLACK,01t4w00000NuoJKAAZ
,SILVER + BLACK,01t4w00000NuoJLAAZ
PDQ,PDQ,01t4w00000NuoJMAAZ
RED,RED,01t4w00000NuoJNAAZ
RED,RED,01t4w00000NuoJOAAZ
RED,RED,01t4w00000NuoJPAAZ
MULTIPLE,MULTIPLE,01t4w00000NuoJQAAZ
,MULTIPLE,01t4w00000NuoJRAAZ
BROWN,BROWN,01t4w00000NuoJSAAZ
,BROWN,01t4w00000NuoJTAAZ
WHITE,WHITE,01t4w00000NuoJUAAZ
BROWN,BROWN,01t4w00000NuoJVAAZ
BROWN,BROWN,01t4w00000NuoJWAAZ
,WHITE,01t4w00000NuoJXAAZ
,BROWN,01t4w00000NuoJYAAZ
WHITE,WHITE,01t4w00000NuoJZAAZ
,BROWN,01t4w00000NuoJaAAJ
,WHITE,01t4w00000NuoJbAAJ
BROWN,BROWN,01t4w00000NuoJcAAJ
PINK,PINK,01t4w00000NuoJdAAJ
,PINK,01t4w00000NuoJeAAJ
BROWN,BROWN,01t4w00000NuoJfAAJ
,BROWN,01t4w00000NuoJgAAJ
,BROWN,01t4w00000NuoJhAAJ
WHITE,WHITE,01t4w00000NuoJiAAJ
,WHITE,01t4w00000NuoJjAAJ
WHITE,WHITE,01t4w00000NuoJkAAJ
,WHITE,01t4w00000NuoJlAAJ
BLACK / GREY,BLACK / GREY,01t4w00000NuoJmAAJ
,BLACK / GREY,01t4w00000NuoJnAAJ
BLACK / GREY,BLACK / GREY,01t4w00000NuoJoAAJ
,BLACK / GREY,01t4w00000NuoJpAAJ
CELESTE,CELESTE,01t4w00000NuoJqAAJ
,CELESTE,01t4w00000NuoJrAAJ
,WHITE,01t4w00000NuoJsAAJ
GREY,GREY,01t4w00000NuoJtAAJ
,GREY,01t4w00000NuoJuAAJ
GREY,GREY,01t4w00000NuoJvAAJ
,GREY,01t4w00000NuoJwAAJ
WHITE,WHITE,01t4w00000NuoJxAAJ
,BLUE,01t4w00000NuoJyAAJ
GREY,GREY,01t4w00000NuoJzAAJ
,GREY + BROWN,01t4w00000NuoK0AAJ
,GREY + BLACK + BROWN,01t4w00000NuoK1AAJ
,GREY,01t4w00000NuoK2AAJ
BLUE,BLUE,01t4w00000NuoK3AAJ
GREY,GREY,01t4w00000NuoK4AAJ
,GREY,01t4w00000NuoK5AAJ
,BLUE,01t4w00000NuoK6AAJ
GREY + BROWN,GREY + BROWN,01t4w00000NuoK7AAJ
GREY + BLACK + BROWN,GREY + BLACK + BROWN,01t4w00000NuoK8AAJ
BLUE,BLUE,01t4w00000NuoK9AAJ
VISTOSO,VISTOSO,01t4w00000NuoKAAAZ
,VISTOSO,01t4w00000NuoKBAAZ
BLACK,BLACK,01t4w00000NuoKCAAZ
,BLACK,01t4w00000NuoKDAAZ
GREY,GREY,01t4w00000NuoKEAAZ
PINK,PINK,01t4w00000NuoKFAAZ
,PINK,01t4w00000NuoKGAAZ
,GREY,01t4w00000NuoKHAAZ
BLACK,BLACK,01t4w00000NuoKIAAZ
,BLACK,01t4w00000NuoKJAAZ
BLACK,BLACK,01t4w00000NuoKKAAZ
BLACK + BROWN,BLACK + BROWN,01t4w00000NuoKLAAZ
,BLACK + BROWN,01t4w00000NuoKMAAZ
,BLACK,01t4w00000NuoKNAAZ
,BLACK,01t4w00000NuoKOAAZ
BLACK,BLACK,01t4w00000NuoKPAAZ
WHITE,WHITE,01t4w00000NuoKQAAZ
,WHITE,01t4w00000NuoKRAAZ
BLACK + BROWN,BLACK + BROWN,01t4w00000NuoKSAAZ
,BLACK + BROWN,01t4w00000NuoKTAAZ
BLACK + BROWN,BLACK + BROWN,01t4w00000NuoKUAAZ
,BLACK + BROWN,01t4w00000NuoKVAAZ
BLACK + BROWN,BLACK + BROWN,01t4w00000NuoKWAAZ
BLACK +. BROWN,BLACK +. BROWN,01t4w00000NuoKXAAZ
,BLACK +. BROWN,01t4w00000NuoKYAAZ
,BLACK + BROWN,01t4w00000NuoKZAAZ
BLACK,BLACK,01t4w00000NuoKaAAJ
,BLACK,01t4w00000NuoKbAAJ
BLACK + BROWN,BLACK + BROWN,01t4w00000NuoKcAAJ
,BLACK + BROWN,01t4w00000NuoKdAAJ
BLACK + BROWN,BLACK + BROWN,01t4w00000NuoKeAAJ
,BLACK + BROWN,01t4w00000NuoKfAAJ
BLACK,BLACK,01t4w00000NuoKgAAJ
,BLACK,01t4w00000NuoKhAAJ
MULTIPLE,MULTIPLE,01t4w00000NuoKiAAJ
,MULTIPLE,01t4w00000NuoKjAAJ
BROWN,BROWN,01t4w00000NuoKkAAJ
,BROWN,01t4w00000NuoKlAAJ
BLACK,BLACK,01t4w00000NuoKmAAJ
,BLACK,01t4w00000NuoKnAAJ
GREY+RED,GREY+RED,01t4w00000NuoKoAAJ
,GREY+RED,01t4w00000NuoKpAAJ
BLUE DARK,BLUE DARK,01t4w00000NuoKqAAJ
,BLUE DARK,01t4w00000NuoKrAAJ
WHITE,WHITE,01t4w00000NuoKsAAJ
,WHITE,01t4w00000NuoKtAAJ
BLACK,BLACK,01t4w00000NuoKuAAJ
,BLACK,01t4w00000NuoKvAAJ
MULTIPLE,MULTIPLE,01t4w00000NuoKwAAJ
,MULTIPLE,01t4w00000NuoKxAAJ
GREY,GREY,01t4w00000NuoKyAAJ
,GREY,01t4w00000NuoKzAAJ
GREY,GREY,01t4w00000NuoL0AAJ
,GREY,01t4w00000NuoL1AAJ
,MULTIPLE,01t4w00000NuoL2AAJ
MULTIPLE,MULTIPLE,01t4w00000NuoL3AAJ
,MULTIPLE,01t4w00000NuoL4AAJ
WHITE,WHITE,01t4w00000NuoL5AAJ
,WHITE,01t4w00000NuoL6AAJ
GREY + BLACK,GREY + BLACK,01t4w00000NuoL7AAJ
,GREY + BLACK,01t4w00000NuoL8AAJ
MULTIPLE,MULTIPLE,01t4w00000NuoL9AAJ
,MULTIPLE,01t4w00000NuoLAAAZ
BLACK,BLACK,01t4w00000NuoLBAAZ
,BLACK,01t4w00000NuoLCAAZ
WHITE + BLACK,WHITE + BLACK,01t4w00000NuoLDAAZ
,WHITE + BLACK,01t4w00000NuoLEAAZ
WHITE,WHITE,01t4w00000NuoLFAAZ
,WHITE,01t4w00000NuoLGAAZ
WHITE,WHITE,01t4w00000NuoLHAAZ
,WHITE,01t4w00000NuoLIAAZ
GREY,GREY,01t4w00000NuoLJAAZ
,GREY,01t4w00000NuoLKAAZ
BLACK,BLACK,01t4w00000NuoLLAAZ
,BLACK,01t4w00000NuoLMAAZ
WHITE / BLACK / SILVER,WHITE / BLACK / SILVER,01t4w00000NuoLNAAZ
,WHITE / BLACK / SILVER,01t4w00000NuoLOAAZ
WHITE / BLACK,WHITE / BLACK,01t4w00000NuoLPAAZ
,WHITE / BLACK,01t4w00000NuoLQAAZ
WHITE / BLACK,WHITE / BLACK,01t4w00000NuoLRAAZ
,WHITE / BLACK,01t4w00000NuoLSAAZ
,CROMO,01t4w00000NuoLTAAZ
WHITE / BLACK / GREEN/ BLUE,WHITE / BLACK / GREEN/ BLUE,01t4w00000NuoLUAAZ
CROMO,CROMO,01t4w00000NuoLVAAZ
,WHITE / BLACK / GREEN/ BLUE,01t4w00000NuoLWAAZ
BLACK,BLACK,01t4w00000NuoLXAAZ
,BLACK,01t4w00000NuoLYAAZ
BROWN,BROWN,01t4w00000NuoLZAAZ
,BROWN,01t4w00000NuoLaAAJ
BLACK + BROWN,BLACK + BROWN,01t4w00000NuoLbAAJ
,BLACK + BROWN,01t4w00000NuoLcAAJ
GREY+WHITE,GREY+WHITE,01t4w00000NuoLfAAJ
,GREY+WHITE,01t4w00000NuoLgAAJ
GREY+NATURAL,GREY+NATURAL,01t4w00000NuoLhAAJ
,GREY+NATURAL,01t4w00000NuoLiAAJ
GREY,GREY,01t4w00000NuoLjAAJ
,GREY,01t4w00000NuoLkAAJ
BROWN,BROWN,01t4w00000NuoLlAAJ
,BROWN,01t4w00000NuoLmAAJ
GREY,GREY,01t4w00000NuoLnAAJ
,GREY,01t4w00000NuoLoAAJ
BROWN,BROWN,01t4w00000NuoLpAAJ
,BROWN,01t4w00000NuoLqAAJ
BLACK,BLACK,01t4w00000NuoLrAAJ
,BLACK,01t4w00000NuoLsAAJ
WHITE + BLACK,WHITE + BLACK,01t4w00000NuoLtAAJ
,WHITE + BLACK,01t4w00000NuoLuAAJ
WOOD,WOOD,01t4w00000NuoLvAAJ
,WOOD,01t4w00000NuoLwAAJ
GREEN,GREEN,01t4w00000NuoLyAAJ
,GREEN,01t4w00000NuoLzAAJ
BLACK,BLACK,01t4w00000NuoM0AAJ
,BLACK,01t4w00000NuoM1AAJ
BLACK,BLACK,01t4w00000NuoM2AAJ
,BLACK,01t4w00000NuoM3AAJ
WHITE,WHITE,01t4w00000NuoM4AAJ
,WHITE,01t4w00000NuoM5AAJ
WOOD + BROWN LIGHT,WOOD + BROWN LIGHT,01t4w00000NuoM6AAJ
,WOOD + BROWN LIGHT,01t4w00000NuoM7AAJ
WOOD + BROWN LIGHT,WOOD + BROWN LIGHT,01t4w00000NuoM8AAJ
,WOOD + BROWN LIGHT,01t4w00000NuoM9AAJ
NATURAL,NATURAL,01t4w00000NuoMAAAZ
,NATURAL,01t4w00000NuoMBAAZ
NATURAL,NATURAL,01t4w00000NuoMCAAZ
,NATURAL,01t4w00000NuoMDAAZ
,MULTIPLE,01t4w00000NuoMEAAZ
MULTIPLE,MULTIPLE,01t4w00000NuoMFAAZ
WHITE,WHITE,01t4w00000NuoMGAAZ
,WHITE,01t4w00000NuoMHAAZ
,WHITE,01t4w00000NuoMIAAZ
GREY,GREY,01t4w00000NuoMJAAZ
,GREY,01t4w00000NuoMKAAZ
BLUE,BLUE,01t4w00000NuoMLAAZ
,BLUE,01t4w00000NuoMMAAZ
WHITE,WHITE,01t4w00000NuoMNAAZ
,WHITE,01t4w00000NuoMOAAZ
LIGHT,LIGHT,01t4w00000NuoMPAAZ
,WHITE,01t4w00000NuoMQAAZ
,LIGHT,01t4w00000NuoMRAAZ
WHITE,WHITE,01t4w00000NuoMSAAZ
WHITE,WHITE,01t4w00000NuoMTAAZ
,WHITE,01t4w00000NuoMUAAZ
WHITE,WHITE,01t4w00000NuoMVAAZ
WHITE,WHITE,01t4w00000NuoMWAAZ
,WHITE,01t4w00000NuoMXAAZ
,WHITE,01t4w00000NuoMYAAZ
WHITE,WHITE,01t4w00000NuoMZAAZ
,WHITE,01t4w00000NuoMaAAJ
WHITE,WHITE,01t4w00000NuoMbAAJ
,WHITE,01t4w00000NuoMcAAJ
WHITE,WHITE,01t4w00000NuoMdAAJ
WHITE,WHITE,01t4w00000NuoMeAAJ
BLACK,BLACK,01t4w00000NuoMfAAJ
,BLACK,01t4w00000NuoMgAAJ
WHITE+BLACK,WHITE+BLACK,01t4w00000NuoMhAAJ
,WHITE+BLACK,01t4w00000NuoMiAAJ
NATURAL,NATURAL,01t4w00000NuoMjAAJ
,NATURAL,01t4w00000NuoMkAAJ
MULTIPLE,MULTIPLE,01t4w00000NuoMlAAJ
,MULTIPLE,01t4w00000NuoMmAAJ
BLUE AND WHITE,BLUE AND WHITE,01t4w00000NuoMnAAJ
,BLUE AND WHITE,01t4w00000NuoMoAAJ
MULTIPLE,MULTIPLE,01t4w00000NuoMpAAJ
,MULTIPLE,01t4w00000NuoMqAAJ
MULTICOLOR,MULTICOLOR,01t4w00000NuoMrAAJ
,MULTICOLOR,01t4w00000NuoMsAAJ
RED,RED,01t4w00000NuoMtAAJ
,RED,01t4w00000NuoMuAAJ
NATURAL,NATURAL,01t4w00000NuoMvAAJ
,NATURAL,01t4w00000NuoMwAAJ
MULTIPLE,MULTIPLE,01t4w00000NuoMxAAJ
,MULTIPLE,01t4w00000NuoMyAAJ
WHITE,WHITE,01t4w00000NuoMzAAJ
,WHITE,01t4w00000NuoN0AAJ
MULTIPLE,MULTIPLE,01t4w00000NuoN1AAJ
,MULTIPLE,01t4w00000NuoN2AAJ
GREY,GREY,01t4w00000NuoN3AAJ
,GREY,01t4w00000NuoN4AAJ
BLACK,BLACK,01t4w00000NuoN5AAJ
,BLACK,01t4w00000NuoN6AAJ
,GREY,01t4w00000NuoN7AAJ
MULTIPLE,MULTIPLE,01t4w00000NuoN8AAJ
,MULTIPLE,01t4w00000NuoN9AAJ
MULTIPLE,MULTIPLE,01t4w00000NuoNAAAZ
,MULTIPLE,01t4w00000NuoNBAAZ
SIN,SIN,01t4w00000NuoNCAAZ
,SIN,01t4w00000NuoNDAAZ
,MULTIPLE,01t4w00000NuoNEAAZ
,MULTICOLOR,01t4w00000NuoNFAAZ
,MULTIPLE,01t4w00000NuoNGAAZ
,MULTIPLE,01t4w00000NuoNHAAZ
,MULTIPLE,01t4w00000NuoNIAAZ
BLACK,BLACK,01t4w00000NuoNJAAZ
,BLACK,01t4w00000NuoNKAAZ
MULTIPLE,MULTIPLE,01t4w00000NuoNLAAZ
MULTIPLE,MULTIPLE,01t4w00000NuoNMAAZ
,MULTIPLE,01t4w00000NuoNNAAZ
,MULTIPLE,01t4w00000NuoNOAAZ
,MULTIPLE,01t4w00000NuoNPAAZ
,MULTIPLE,01t4w00000NuoNQAAZ
MULTIPLE,MULTIPLE,01t4w00000NuoNRAAZ
MULTIPLE,MULTIPLE,01t4w00000NuoNSAAZ
,MULTIPLE,01t4w00000NuoNTAAZ
MULTIPLE,MULTIPLE,01t4w00000NuoNUAAZ
MULTIPLE,MULTIPLE,01t4w00000NuoNVAAZ
,MULTIPLE,01t4w00000NuoNWAAZ
WHITE,WHITE,01t4w00000NuoNXAAZ
,MULTIPLE,01t4w00000NuoNYAAZ
MULTIPLE,MULTIPLE,01t4w00000NuoNZAAZ
,WHITE,01t4w00000NuoNaAAJ
WHITE / BLACK,WHITE / BLACK,01t4w00000NuoNbAAJ
,WHITE / BLACK,01t4w00000NuoNcAAJ
MULTIPLE,MULTIPLE,01t4w00000NuoNdAAJ
,MULTIPLE,01t4w00000NuoNeAAJ
,MULTIPLE,01t4w00000NuoNfAAJ
MULTIPLE,MULTIPLE,01t4w00000NuoNgAAJ
,MULTIPLE,01t4w00000NuoNhAAJ
,MULTIPLE,01t4w00000NuoNiAAJ
,MULTIPLE,01t4w00000NuoNjAAJ
MULTIPLE,MULTIPLE,01t4w00000NuoNkAAJ
MULTIPLE,MULTIPLE,01t4w00000NuoNlAAJ
MULTIPLE,MULTIPLE,01t4w00000NuoNmAAJ
MULTIPLE,MULTIPLE,01t4w00000NuoNnAAJ
,MULTIPLE,01t4w00000NuoNoAAJ
MULTIPLE,MULTIPLE,01t4w00000NuoNpAAJ
,MULTIPLE,01t4w00000NuoNqAAJ
WOOD,WOOD,01t4w00000NuoNrAAJ
,WOOD,01t4w00000NuoNsAAJ
WOOD,WOOD,01t4w00000NuoNtAAJ
,WOOD,01t4w00000NuoNuAAJ
NATURAL,NATURAL,01t4w00000NuoNvAAJ
,NATURAL,01t4w00000NuoNwAAJ
BROWN,BROWN,01t4w00000NuoNxAAJ
GREY,GREY,01t4w00000NuoNyAAJ
BLACK,BLACK,01t4w00000NuoNzAAJ
MULTIPLE,MULTIPLE,01t4w00000NuoO0AAJ
WHITE + WOOD,WHITE + WOOD,01t4w00000NurTBAAZ
WHITE + WOOD,WHITE + WOOD,01t4w00000NurTCAAZ
WHITE + WOOD,WHITE + WOOD,01t4w00000NurTDAAZ
WHITE,WHITE,01t4w00000NurTEAAZ
WHITE + NATURAL,WHITE + NATURAL,01t4w00000NurTFAAZ
WHITE + GREY + MULTICOLOR,WHITE + GREY + MULTICOLOR,01t4w00000NurTGAAZ
WHITE,WHITE,01t4w00000NurTHAAZ
WHITE,WHITE,01t4w00000NurTIAAZ
WHITE + GREY,WHITE + GREY,01t4w00000NurTJAAZ
WHITE + GREY,WHITE + GREY,01t4w00000NurTKAAZ
WHITE,WHITE,01t4w00000NurTLAAZ
WHITE,WHITE,01t4w00000NurTMAAZ
WHITE,WHITE,01t4w00000NurTNAAZ
WHITE,WHITE,01t4w00000NurTOAAZ
WHITE + MULTICOLOR,WHITE + MULTICOLOR,01t4w00000NurWFAAZ
,WHITE + MULTICOLOR,01t4w00000NurWKAAZ
MULTICOLOR,MULTICOLOR,01t4w00000NurWPAAZ
,MULTICOLOR,01t4w00000NurWUAAZ
WHITE + AGUA,WHITE + AGUA,01t4w00000NurWZAAZ
,WHITE + AGUA,01t4w00000NurWeAAJ
PINK,PINK,01t4w00000NurWjAAJ
,BLACK + WHITE + GREEN,01t4w00000NurWkAAJ
,PINK,01t4w00000NurWoAAJ
WHITE + GREEN,WHITE + GREEN,01t4w00000NurWpAAJ
,WHITE + GREEN,01t4w00000NurWqAAJ
BLACK + WHITE + GREEN,BLACK + WHITE + GREEN,01t4w00000NurWrAAJ
PINK + WHITE,PINK + WHITE,01t4w00000NurWtAAJ
,PINK + WHITE,01t4w00000NurWuAAJ
PINK,PINK,01t4w00000NurWvAAJ
,WHITE + GREEN,01t4w00000NurWwAAJ
,PINK,01t4w00000NurWyAAJ
WHITE + GREEN,WHITE + GREEN,01t4w00000NurX3AAJ
WHITE + PINK,WHITE + PINK,01t4w00000NurX4AAJ
,WHITE + PINK,01t4w00000NurX8AAJ
,WHITE,01t4w00000Nura8AAB
WHITE + BLUE,WHITE + BLUE,01t4w00000Nus5fAAB
,WHITE + BLUE,01t4w00000Nus5gAAB
,WHITE + BLUE,01t4w00000Nus5kAAB
WHITE + BLUE,WHITE + BLUE,01t4w00000Nus5lAAB
,WHITE + PINK,01t4w00000Nus5mAAB
WHITE + PINK,WHITE + PINK,01t4w00000Nus5pAAB
WHITE + BLUE,WHITE + BLUE,01t4w00000Nus5uAAB
WHITE + PINK,WHITE + PINK,01t4w00000Nus5vAAB
,WHITE + BLUE,01t4w00000Nus5zAAB
,WHITE + PINK,01t4w00000Nus60AAB
WHITE + BLUE,WHITE + BLUE,01t4w00000Nus64AAB
WHITE + PINK,WHITE + PINK,01t4w00000Nus65AAB
PINK + MULTICOLOR,PINK + MULTICOLOR,01t4w00000Nus66AAB
,PINK + MULTICOLOR,01t4w00000Nus67AAB
MULTIPLE,MULTIPLE,01t4w00000Nus68AAB
,WHITE + BLUE,01t4w00000Nus69AAB
WHITE + BLUE,WHITE + BLUE,01t4w00000Nus6AAAR
RED + MULTICOLOR,RED + MULTICOLOR,01t4w00000Nus6BAAR
,RED + MULTICOLOR,01t4w00000Nus6CAAR
,WHITE + PINK,01t4w00000Nus6EAAR
,MULTIPLE,01t4w00000Nus6FAAR
,WHITE + BLUE,01t4w00000Nus6JAAR
BLACK,BLACK,01t4w00000Nus9OAAR
,BLACK,01t4w00000Nus9PAAR
BLACK,BLACK,01t4w00000NutVtAAJ
BLACK,BLACK,01t4w00000NutVzAAJ
BLACK,BLACK,01t4w00000NutW8AAJ
BLACK,BLACK,01t4w00000NutW9AAJ
BLACK,BLACK,01t4w00000NutWDAAZ
BLACK,BLACK,01t4w00000NutWFAAZ
BLACK,BLACK,01t4w00000NutrjAAB
WHITE,WHITE,01t4w00000Nuu4AAAR
,WHITE,01t4w00000Nuu4FAAR
WHITE,WHITE,01t4w00000Nuu4KAAR
,WHITE,01t4w00000Nuu4LAAR
GOLDEN,GOLDEN,01t4w00000NuuV7AAJ
,GOLDEN,01t4w00000NuuVCAAZ
MULTIPLE,MULTIPLE,01t4w00000NuuVHAAZ
MULTIPLE,MULTIPLE,01t4w00000NuuVMAAZ
OFFICE CHAIR WITH STORAGE,OFFICE CHAIR WITH STORAGE,01t4w00000NuuVOAAZ
MULTIPLE,MULTIPLE,01t4w00000NuuVRAAZ
,MULTIPLE,01t4w00000NuuVSAAZ
,MULTIPLE,01t4w00000NuuVTAAZ
,OFFICE CHAIR WITH STORAGE,01t4w00000NuuVUAAZ
MULTIPLE,MULTIPLE,01t4w00000NuuVVAAZ
MULTIPLE,MULTIPLE,01t4w00000NuuVWAAZ
,MULTIPLE,01t4w00000NuuVXAAZ
,MULTIPLE,01t4w00000NuuVYAAZ
,MULTIPLE,01t4w00000NuuVbAAJ
MULTIPLE,MULTIPLE,01t4w00000NuuVgAAJ
,MULTIPLE,01t4w00000NuuVlAAJ
BLACK,BLACK,01t4w00000NuvOcAAJ
MULTIPLE,MULTIPLE,01t4w00000NuxduAAB
,MULTIPLE,01t4w00000NuxdzAAB
MULTIPLE,MULTIPLE,01t4w00000Nuxe9AAB
MULTIPLE,MULTIPLE,01t4w00000NuxeAAAR
,MULTIPLE,01t4w00000NuxeeAAB
,MULTIPLE,01t4w00000NuxeyAAB
MULTIPLE,MULTIPLE,01t4w00000NuxfmAAB
,MULTIPLE,01t4w00000Nuxg6AAB
BLACK,BLACK,01t4w00000NuxgVAAR
,GREY / BLACK,01t4w00000NuxgWAAR
,BLACK,01t4w00000NuxgaAAB
GREY / BLACK,GREY / BLACK,01t4w00000NuxgfAAB
BLACK / GREY,BLACK / GREY,01t4w00000NuxgkAAB
MULTIPLE,MULTIPLE,01t4w00000NuxglAAB
,BLACK / GREY,01t4w00000NuxgpAAB
,MULTIPLE,01t4w00000NuxguAAB
,SAPPHIRE + WHITE,01t4w00000NuxgvAAB
ORANGE + BLACK + WHITE,ORANGE + BLACK + WHITE,01t4w00000NuxgwAAB
MULTIPLE,MULTIPLE,01t4w00000NuxgzAAB
,MULTIPLE,01t4w00000Nuxh4AAB
BLACK,BLACK,01t4w00000Nuxh5AAB
MULTIPLE,MULTIPLE,01t4w00000Nuxh9AAB
,MULTIPLE,01t4w00000NuxhAAAR
SAPPHIRE / PINK,SAPPHIRE / PINK,01t4w00000NuxhEAAR
,SAPPHIRE / PINK,01t4w00000NuxhFAAR
,BLACK,01t4w00000NuxhGAAR
,BLACK,01t4w00000NuxhJAAR
,MULTIPLE,01t4w00000NuxhKAAR
MERMELADA + BLACK,MERMELADA + BLACK,01t4w00000NuxhLAAR
SAPPHIRE + WHITE,SAPPHIRE + WHITE,01t4w00000NuxhMAAR
MULTIPLE,MULTIPLE,01t4w00000NuxhOAAR
,MERMELADA + BLACK,01t4w00000NuxhPAAR
BLACK,BLACK,01t4w00000NuxhTAAR
GREY + BLACK,GREY + BLACK,01t4w00000NuxhYAAR
,GREY + BLACK,01t4w00000NuxhZAAR
GREY + WHITE,GREY + WHITE,01t4w00000NuxhdAAB
MULTIPLE,MULTIPLE,01t4w00000NuxheAAB
,MULTIPLE,01t4w00000NuxhfAAB
GREY + LIME,GREY + LIME,01t4w00000NuxhgAAB
,GREY + WHITE,01t4w00000NuxhiAAB
,GREY + LIME,01t4w00000NuxhnAAB
,ORANGE + BLACK + WHITE,01t4w00000NuxhsAAB
BLACK + GREY,BLACK + GREY,01t4w00000NuxhtAAB
,BLACK + GREY,01t4w00000NuxhxAAB
BROWN,BROWN,01t4w00000Nuxi2AAB
BROWN,BROWN,01t4w00000Nuxi3AAB
,WHITE,01t4w00000Nuxi4AAB
,BROWN,01t4w00000Nuxi7AAB
,BROWN,01t4w00000Nuxi8AAB
MULTIPLE,MULTIPLE,01t4w00000Nuxi9AAB
MULTIPLE,MULTIPLE,01t4w00000NuxiAAAR
WHITE,WHITE,01t4w00000NuxiCAAR
MULTIPLE,MULTIPLE,01t4w00000NuxiDAAR
,MULTIPLE,01t4w00000NuxiEAAR
,MULTIPLE,01t4w00000NuxiHAAR
,MULTIPLE,01t4w00000NuxiMAAR
MULTIPLE,MULTIPLE,01t4w00000NuxiRAAR
,MULTIPLE,01t4w00000NuxiWAAR
,MULTIPLE,01t4w00000NuxiXAAR
MULTIPLE,MULTIPLE,01t4w00000NuxibAAB
BLACK,BLACK,01t4w00000NuySqAAJ
BLACK,BLACK,01t4w00000NuySrAAJ
,BLACK,01t4w00000NuySvAAJ
MULTIPLE,MULTIPLE,01t4w00000NuySwAAJ
,BLACK,01t4w00000NuyT0AAJ
,MULTIPLE,01t4w00000NuyT1AAJ
WHITE / BLACK,WHITE / BLACK,01t4w00000NuyT5AAJ
RED + BLACK,RED + BLACK,01t4w00000NuyT6AAJ
,WHITE / BLACK,01t4w00000NuyTAAAZ
,RED + BLACK,01t4w00000NuyTBAAZ
RED + BLACK,RED + BLACK,01t4w00000NuyTFAAZ
,RED + BLACK,01t4w00000NuyTGAAZ
BLACK,BLACK,01t4w00000NuyTKAAZ
,BLACK,01t4w00000NuyTPAAZ
BLACK,BLACK,01t4w00000NuyTUAAZ
,BLACK,01t4w00000NuyTZAAZ
BLUE + BLACK,BLUE + BLACK,01t4w00000NuyTeAAJ
,BLUE + BLACK,01t4w00000NuyTjAAJ
WOOD,WOOD,01t4w00000NuyTyAAJ
,WOOD,01t4w00000NuyU3AAJ
WHITE,WHITE,01t4w00000NuyUDAAZ
,WHITE,01t4w00000NuyUIAAZ
MULTIPLE,MULTIPLE,01t4w00000NuyUNAAZ
,MULTIPLE,01t4w00000NuyUSAAZ
MULTIPLE,MULTIPLE,01t4w00000NuyUXAAZ
BLACK,BLACK,01t4w00000NuyUYAAZ
,MULTIPLE,01t4w00000NuyUcAAJ
BLACK,BLACK,01t4w00000NuyUdAAJ
,BLACK,01t4w00000NuyUeAAJ
,BLACK,01t4w00000NuyUhAAJ
BLACK,BLACK,01t4w00000NuyUmAAJ
,BLACK,01t4w00000NuyUnAAJ
,BLACK,01t4w00000NuyUrAAJ
BLACK,BLACK,01t4w00000NuyUwAAJ
,WHITE,01t4w00000NuyUxAAJ
WOOD,WOOD,01t4w00000NuyV1AAJ
,WOOD,01t4w00000NuyV6AAJ
BLACK,BLACK,01t4w00000NuyVBAAZ
,BLACK,01t4w00000NuyVCAAZ
WOOD,WOOD,01t4w00000NuyVGAAZ
,WOOD,01t4w00000NuyVHAAZ
WHITE,WHITE,01t4w00000NuyVLAAZ
WHITE + GOLD,WHITE + GOLD,01t4w00000NuyVQAAZ
,WHITE + GOLD,01t4w00000NuyVVAAZ
MULTIPLE,MULTIPLE,01t4w00000NuyVaAAJ
,MULTIPLE,01t4w00000NuyVbAAJ
WHITE,WHITE,01t4w00000NuyVfAAJ
WOOD + BLACK,WOOD + BLACK,01t4w00000NuyVgAAJ
,MULTIPLE,01t4w00000NuyVhAAJ
,WHITE,01t4w00000NuyVkAAJ
,MULTIPLE,01t4w00000NuyVlAAJ
,BEIGE,01t4w00000NuyVuAAJ
,WOOD + BLACK,01t4w00000NuyVzAAJ
MULTIPLE,MULTIPLE,01t4w00000NuyW0AAJ
GREY,GREY,01t4w00000NuyW4AAJ
,GREY,01t4w00000NuyW9AAJ
MULTIPLE,MULTIPLE,01t4w00000NuyWAAAZ
MULTIPLE,MULTIPLE,01t4w00000NuyWEAAZ
,MULTIPLE,01t4w00000NuyWJAAZ
MULTIPLE,MULTIPLE,01t4w00000NuyWOAAZ
,MULTIPLE,01t4w00000NuyWTAAZ
,MULTIPLE,01t4w00000NuyWYAAZ
MULTIPLE,MULTIPLE,01t4w00000NuyWdAAJ
MULTIPLE,MULTIPLE,01t4w00000NuyWiAAJ
WOOD / WHITE,WOOD / WHITE,01t4w00000NuyWjAAJ
,MULTIPLE,01t4w00000NuyWnAAJ
MULTIPLE,MULTIPLE,01t4w00000NuyWsAAJ
,MULTIPLE,01t4w00000NuyWtAAJ
,WOOD / WHITE,01t4w00000NuyWxAAJ
WOOD / WHITE,WOOD / WHITE,01t4w00000NuyX2AAJ
,WOOD,01t4w00000NuyX3AAJ
,WOOD / WHITE,01t4w00000NuyX7AAJ
,WOOD,01t4w00000NuyX8AAJ
WOOD,WOOD,01t4w00000NuyXCAAZ
WOOD,WOOD,01t4w00000NuyXDAAZ
PINK,PINK,01t4w00000Nuyb0AAB
,PINK,01t4w00000Nuyb1AAB
PINK / BLACK,PINK / BLACK,01t4w00000Nuyb2AAB
,WHITE,01t4w00000Nuyb3AAB
MULTIPLE,MULTIPLE,01t4w00000Nuyb4AAB
,PINK / BLACK,01t4w00000Nuyb5AAB
WHITE,WHITE,01t4w00000NuybAAAR
,MULTIPLE,01t4w00000NuybFAAR
WHITE,WHITE,01t4w00000NuybKAAR
BLACK + WOOD,BLACK + WOOD,01t4w00000NuybLAAR
,WHITE,01t4w00000NuybPAAR
,MULTIPLE,01t4w00000NuybQAAR
MULTIPLE,MULTIPLE,01t4w00000NuybUAAR
,BLACK + WOOD,01t4w00000NuybZAAR
,MULTIPLE,01t4w00000NuybaAAB
MULTIPLE,MULTIPLE,01t4w00000NuybeAAB
PINK,PINK,01t4w00000NuybfAAB
WOOD + BLACK,WOOD + BLACK,01t4w00000NuybjAAB
WOOD / BLACK,WOOD / BLACK,01t4w00000NuybkAAB
,WOOD / BLACK,01t4w00000NuyblAAB
,MULTIPLE,01t4w00000NuybmAAB
MULTIPLE,MULTIPLE,01t4w00000NuybnAAB
,WOOD + BLACK,01t4w00000NuyboAAB
,PINK,01t4w00000NuybtAAB
WHITE + GREEN,WHITE + GREEN,01t4w00000NuybyAAB
,WHITE + GREEN,01t4w00000Nuyc3AAB
MULTIPLE,MULTIPLE,01t4w00000Nuyc4AAB
,SILVER,01t4w00000Nuyc5AAB
,BLACK + MULTICOLOR,01t4w00000Nuyc6AAB
SILVER,SILVER,01t4w00000Nuyc8AAB
BLACK + MULTICOLOR,BLACK + MULTICOLOR,01t4w00000Nuyc9AAB
,MULTIPLE,01t4w00000NuycAAAR
MULTIPLE,MULTIPLE,01t4w00000NuycDAAR
,MULTIPLE,01t4w00000NuycIAAR
MULTIPLE,MULTIPLE,01t4w00000NuycJAAR
MULTIPLE,MULTIPLE,01t4w00000NuycNAAR
,MULTIPLE,01t4w00000NuycSAAR
,MULTIPLE,01t4w00000NuycTAAR
MULTIPLE,MULTIPLE,01t4w00000NuycXAAR
,MULTIPLE,01t4w00000NuycYAAR
PURPLE,PURPLE,01t4w00000Nv2nNAAR
,PURPLE,01t4w00000Nv2nSAAR
,MULTIPLE,01t4w00000Nv2nTAAR
,MULTIPLE,01t4w00000Nv2nUAAR
BROWN,BROWN,01t4w00000Nv2nVAAR
,BROWN,01t4w00000Nv2nWAAR
WHITE + ORANGE,WHITE + ORANGE,01t4w00000Nv2nXAAR
,WHITE + ORANGE,01t4w00000Nv2nYAAR
MULTIPLE,MULTIPLE,01t4w00000Nv2nZAAR
MULTIPLE,MULTIPLE,01t4w00000Nv2ncAAB
,MULTIPLE,01t4w00000Nv2ndAAB
MULTIPLE,MULTIPLE,01t4w00000Nv2nhAAB
MULTIPLE,MULTIPLE,01t4w00000Nv2niAAB
,MULTIPLE,01t4w00000Nv2nmAAB
MULTIPLE,MULTIPLE,01t4w00000Nv2nrAAB
,MULTIPLE,01t4w00000Nv2nwAAB
MULTIPLE,MULTIPLE,01t4w00000Nv2o1AAB
,MULTIPLE,01t4w00000Nv2o6AAB
BROWN,BROWN,01t4w00000Nv2vBAAR
,BROWN,01t4w00000Nv2vGAAR
GREY LIGHT,GREY LIGHT,01t4w00000Nv2vLAAR
,WHITE + BROWN,01t4w00000Nv2vMAAR
CIELO,CIELO,01t4w00000Nv2vNAAR
MULTIPLE,MULTIPLE,01t4w00000Nv2vOAAR
,GREY LIGHT,01t4w00000Nv2vQAAR
WHITE + BROWN,WHITE + BROWN,01t4w00000Nv2vVAAR
,CIELO,01t4w00000Nv2vWAAR
MULTIPLE,MULTIPLE,01t4w00000Nv2vaAAB
,MULTIPLE,01t4w00000Nv2vbAAB
BLUE,BLUE,01t4w00000Nv2vfAAB
,BLUE,01t4w00000Nv2vgAAB
GREY,GREY,01t4w00000Nv2vkAAB
,MULTIPLE,01t4w00000Nv2vpAAB
WHITE,WHITE,01t4w00000Nv2vqAAB
,WHITE,01t4w00000Nv2vrAAB
MULTIPLE,MULTIPLE,01t4w00000Nv2vzAAB
,MULTIPLE,01t4w00000Nv2w4AAB
,GREY,01t4w00000Nv2w5AAB
GREY,GREY,01t4w00000Nv2w9AAB
,MULTIPLE,01t4w00000Nv2wAAAR
,GREY,01t4w00000Nv2wEAAR
,BROWN,01t4w00000Nv2wFAAR
,BROWN,01t4w00000Nv2wGAAR
MULTIPLE,MULTIPLE,01t4w00000Nv2wJAAR
GREY,GREY,01t4w00000Nv2wOAAR
,BLUE,01t4w00000Nv2wPAAR
BLUE,BLUE,01t4w00000Nv2wTAAR
RED,RED,01t4w00000Nv2wYAAR
RED,RED,01t4w00000Nv2wZAAR
,RED,01t4w00000Nv2waAAB
,RED,01t4w00000Nv2wdAAB
BROWN,BROWN,01t4w00000Nv2weAAB
BROWN,BROWN,01t4w00000Nv2wiAAB
BLUE,BLUE,01t4w00000Nv2wnAAB
,BLUE,01t4w00000Nv2woAAB
GREY,GREY,01t4w00000Nv2wsAAB
,GREY,01t4w00000Nv2wtAAB
,GREY,01t4w00000Nv2wxAAB
GREY,GREY,01t4w00000Nv2x2AAB
NATURAL,NATURAL,01t4w00000Nv33ZAAR
,NATURAL,01t4w00000Nv33eAAB
WHITE / BLACK / BLUE / GREEN,WHITE / BLACK / BLUE / GREEN,01t4w00000Nv33fAAB
,WHITE / BLACK / BLUE / GREEN,01t4w00000Nv33jAAB
MULTIPLE,MULTIPLE,01t4w00000Nv33oAAB
,MULTIPLE,01t4w00000Nv33tAAB
BLACK,BLACK,01t4w00000Nv33yAAB
BLACK / WHITE,BLACK / WHITE,01t4w00000Nv33zAAB
,BLACK + BROWN,01t4w00000Nv340AAB
,BLACK,01t4w00000Nv343AAB
,BLACK / WHITE,01t4w00000Nv344AAB
WHITE,WHITE,01t4w00000Nv345AAB
BLACK / WHITE,BLACK / WHITE,01t4w00000Nv346AAB
,WHITE,01t4w00000Nv348AAB
,BLACK / WHITE,01t4w00000Nv349AAB
BLACK + BROWN,BLACK + BROWN,01t4w00000Nv34DAAR
,BLACK,01t4w00000Nv34EAAR
WHITE,WHITE,01t4w00000Nv34IAAR
BLACK,BLACK,01t4w00000Nv34JAAR
BLACK,BLACK,01t4w00000Nv34KAAR
,WHITE,01t4w00000Nv34NAAR
,BLACK,01t4w00000Nv35lAAB
GREY,GREY,01t4w00000Nv37hAAB
BLUE,BLUE,01t4w00000Nv37iAAB
,PINK,01t4w00000Nv37jAAB
,GREY,01t4w00000Nv37mAAB
,BLUE,01t4w00000Nv38BAAR
PINK,PINK,01t4w00000Nv39FAAR
MULTIPLE,MULTIPLE,01t4w00000Nv3ElAAJ
,WHITE + BLACK,01t4w00000Nv3EmAAJ
,WOOD,01t4w00000Nv3EnAAJ
,MULTIPLE,01t4w00000Nv3EqAAJ
,PINK,01t4w00000Nv3ErAAJ
PINK,PINK,01t4w00000Nv3EvAAJ
GREY,GREY,01t4w00000Nv3EwAAJ
WOOD,WOOD,01t4w00000Nv3ExAAJ
,GREY,01t4w00000Nv3F0AAJ
WHITE + BLACK,WHITE + BLACK,01t4w00000Nv3F5AAJ
BLACK,BLACK,01t4w00000Nv3taAAB
,BLACK,01t4w00000Nv3tfAAB
MULTIPLE,MULTIPLE,01t4w00000Nv6h8AAB
,MULTIPLE,01t4w00000Nv6hDAAR
BLUE + NATURAL,BLUE + NATURAL,01t4w00000Nv6hIAAR
,BLUE + NATURAL,01t4w00000Nv6hJAAR
MULTIPLE,MULTIPLE,01t4w00000Nv6lfAAB
,MULTIPLE,01t4w00000Nv6lgAAB
ORANGE / BLUE,ORANGE / BLUE,01t4w00000Nv6lkAAB
PINK,PINK,01t4w00000Nv6llAAB
,ORANGE / BLUE,01t4w00000Nv6lpAAB
,PINK,01t4w00000Nv6lzAAB
MULTIPLE,MULTIPLE,01t4w00000Nv6m4AAB
,MULTIPLE,01t4w00000Nv6m5AAB
PINK,PINK,01t4w00000Nv6m9AAB
,PINK,01t4w00000Nv6mAAAR
WHITE,WHITE,01t4w00000Nv6mEAAR
,WHITE,01t4w00000Nv6mJAAR
,RED + BLUE + YELLOW,01t4w00000Nv6mKAAR
RED + BLUE + YELLOW,RED + BLUE + YELLOW,01t4w00000Nv6mOAAR
,WHITE,01t4w00000Nv74TAAR
,WHITE,01t4w00000Nv74YAAR
,WHITE + GREY,01t4w00000Nv74ZAAR
,WHITE + WOOD,01t4w00000Nv74dAAB
,WHITE,01t4w00000Nv74iAAB
,WHITE,01t4w00000Nv74jAAB
,WHITE + GREY + MULTICOLOR,01t4w00000Nv74nAAB
,WHITE + NATURAL,01t4w00000Nv74sAAB
,WHITE,01t4w00000Nv74xAAB
BLACK,BLACK,01t4w00000NvAE2AAN
,BLACK,01t4w00000NvAE7AAN
WHITE,WHITE,01t4w00000NvAECAA3
,WHITE,01t4w00000NvAEHAA3
BLACK,BLACK,01t4w00000NvAH7AAN
,BLACK,01t4w00000NvAH8AAN
BLACK / GREEN,BLACK / GREEN,01t4w00000NvEk1AAF
,BLACK / GREEN,01t4w00000NvEk2AAF
WHITE,WHITE,01t4w00000NvEkaAAF
,WHITE,01t4w00000NvEkfAAF
NATURAL,NATURAL,01t4w00000NvEy9AAF
,NATURAL,01t4w00000NvEyAAAV
GREY,GREY,01t4w00000NvF7oAAF
,GREY,01t4w00000NvF7pAAF
NATURAL,NATURAL,01t4w00000NvF83AAF
,NATURAL,01t4w00000NvF84AAF
VIOLETA + WOOD,VIOLETA + WOOD,01t4w00000NvGfZAAV
BROWN + WOOD,BROWN + WOOD,01t4w00000NvGfeAAF
,BROWN + WOOD,01t4w00000NvGfjAAF
WOOD,WOOD,01t4w00000NvGftAAF
GREY + WOOD,GREY + WOOD,01t4w00000NvGfuAAF
MULTIPLE,MULTIPLE,01t4w00000NvGfyAAF
MULTIPLE,MULTIPLE,01t4w00000NvGg3AAF
BROWN,BROWN,01t4w00000NvGg8AAF
,BROWN,01t4w00000NvHFOAA3
,BROWN,01t4w00000NvHFTAA3
,VIOLETA + WOOD,01t4w00000NvHFYAA3
WHITE,WHITE,01t4w00000NvHFdAAN
,WHITE,01t4w00000NvHFeAAN
BLUE,BLUE,01t4w00000NvHFfAAN
,BLUE,01t4w00000NvHFgAAN
BLUE + WHITE,BLUE + WHITE,01t4w00000NvHFiAAN
,BLUE + WHITE,01t4w00000NvHFjAAN
,CACAO,01t4w00000NvHFkAAN
BEIGE + BLACK,BEIGE + BLACK,01t4w00000NvHFlAAN
,BLUE + WHITE,01t4w00000NvHFnAAN
GREEN,GREEN,01t4w00000NvHFsAAN
BEIGE + BLACK,BEIGE + BLACK,01t4w00000NvHFtAAN
CACAO,CACAO,01t4w00000NvHFuAAN
,GREEN,01t4w00000NvHFxAAN
,BEIGE + BLACK,01t4w00000NvHFyAAN
BLUE + WHITE,BLUE + WHITE,01t4w00000NvHG2AAN
,BEIGE + BLACK,01t4w00000NvHG3AAN
BLUE,BLUE,01t4w00000NvHG7AAN
,BLUE,01t4w00000NvHG8AAN
BLUE,BLUE,01t4w00000NvHGCAA3
,BLUE,01t4w00000NvHGDAA3
,WOOD,01t4w00000NvHGHAA3
,GREY + WOOD,01t4w00000NvHGIAA3
,MULTIPLE,01t4w00000NvHGMAA3
,MULTIPLE,01t4w00000NvHGRAA3
GREEN,GREEN,01t4w00000NvHLSAA3
,GREEN,01t4w00000NvHLXAA3
PINK,PINK,01t4w00000NvHLhAAN
,PINK,01t4w00000NvHLmAAN
GREEN + WHITE,GREEN + WHITE,01t4w00000NvHLrAAN
,CAQUI,01t4w00000NvHLsAAN
BEIGE + BLACK,BEIGE + BLACK,01t4w00000NvHLtAAN
,GREEN + WHITE,01t4w00000NvHLwAAN
BEIGE + BLACK,BEIGE + BLACK,01t4w00000NvHLxAAN
,BEIGE + BLACK,01t4w00000NvHLyAAN
CAQUI,CAQUI,01t4w00000NvHM1AAN
,BEIGE + BLACK,01t4w00000NvHM6AAN
GREY + BLACK,GREY + BLACK,01t4w00000NvHMBAA3
BLUE + BLACK,BLUE + BLACK,01t4w00000NvHMGAA3
,GREY + BLACK,01t4w00000NvHRHAA3
,BLUE + BLACK,01t4w00000NvHRMAA3
BLACK,BLACK,01t4w00000NvHaLAAV
,BLACK,01t4w00000NvHaMAAV
BLACK+BLUE,BLACK+BLUE,01t4w00000NvHaQAAV
,BLACK+BLUE,01t4w00000NvHaRAAV
BLACK,BLACK,01t4w00000NvKVWAA3
,BLACK,01t4w00000NvKVbAAN
BLACK,BLACK,01t4w00000NvKv4AAF
,BLACK,01t4w00000NvKv5AAF
WHITE,WHITE,01t4w00000NvKvOAAV
BLACK,BLACK,01t4w00000NvKyYAAV
,BLACK,01t4w00000NvKyZAAV
BLACK,BLACK,01t4w00000NvKydAAF
,BLACK,01t4w00000NvKyeAAF
BLACK,BLACK,01t4w00000NvKyiAAF
,BLACK,01t4w00000NvKyjAAF
BLACK,BLACK,01t4w00000NvKynAAF
,BLACK,01t4w00000NvKyoAAF
WHITE,WHITE,01t4w00000NvKysAAF
,WHITE,01t4w00000NvKyxAAF
WHITE,WHITE,01t4w00000NvKz2AAF
,WHITE,01t4w00000NvKz7AAF
BLACK,BLACK,01t4w00000NvKzCAAV
,WOOD + WHITE,01t4w00000NvKzDAAV
BROWN + BLACK,BROWN + BLACK,01t4w00000NvKzEAAV
BLACK,BLACK,01t4w00000NvKzHAAV
,BLACK,01t4w00000NvKzMAAV
,MULTIPLE,01t4w00000NvKzNAAV
,BLACK,01t4w00000NvKzRAAV
WOOD + WHITE,WOOD + WHITE,01t4w00000NvKzSAAV
MULTIPLE,MULTIPLE,01t4w00000NvKzWAAV
,MULTIPLE,01t4w00000NvKzXAAV
,GREY,01t4w00000NvKzYAAV
BLACK,BLACK,01t4w00000NvKzbAAF
,BLACK,01t4w00000NvKzgAAF
,BROWN + BLACK,01t4w00000NvKzhAAF
GREY,GREY,01t4w00000NvKzlAAF
MULTIPLE,MULTIPLE,01t4w00000NvKzqAAF
BLACK,BLACK,01t4w00000NvKzvAAF
MULTIPLE,MULTIPLE,01t4w00000NvKzwAAF
,DARK,01t4w00000NvKzxAAF
,BLACK,01t4w00000NvL00AAF
WOOD,WOOD,01t4w00000NvL01AAF
,WOOD,01t4w00000NvL05AAF
CAQUI,CAQUI,01t4w00000NvL0UAAV
,CAQUI,01t4w00000NvL0VAAV
DARK,DARK,01t4w00000NvL0WAAV
CEREZA,CEREZA,01t4w00000NvL0ZAAV
,CEREZA,01t4w00000NvL0aAAF
,MULTIPLE,01t4w00000NvL0bAAF
BLACK,BLACK,01t4w00000NvL0cAAF
,BLACK,01t4w00000NvL0dAAF
BLUE,BLUE,01t4w00000NvL0eAAF
,BLUE,01t4w00000NvL0fAAF
WOOD,WOOD,01t4w00000NvL0gAAF
,WOOD,01t4w00000NvL0hAAF
BROWN,BROWN,01t4w00000NvLIGAA3
,BROWN,01t4w00000NvLILAA3
BLUE+BEIGE,BLUE+BEIGE,01t4w00000NvLQhAAN
,BLUE+BEIGE,01t4w00000NvLQiAAN
BLACK,BLACK,01t4w00000NvLTXAA3
,BLACK,01t4w00000NvLTYAA3
WHITE,WHITE,01t4w00000NvLTcAAN
WHITE,WHITE,01t4w00000NvLTdAAN
MULTIPLE,MULTIPLE,01t4w00000NvLU1AAN
,MULTIPLE,01t4w00000NvLU2AAN
MULTIPLE,MULTIPLE,01t4w00000NvLUBAA3
,MULTIPLE,01t4w00000NvLUGAA3
MULTIPLE,MULTIPLE,01t4w00000NvLULAA3
MULTIPLE,MULTIPLE,01t4w00000NvLUMAA3
,MULTIPLE,01t4w00000NvLUNAA3
,MULTIPLE,01t4w00000NvLUQAA3
MULTIPLE,MULTIPLE,01t4w00000NvLURAA3
,MULTIPLE,01t4w00000NvLUSAA3
MULTIPLE,MULTIPLE,01t4w00000NvLUVAA3
MULTIPLE,MULTIPLE,01t4w00000NvLUWAA3
,MULTIPLE,01t4w00000NvLUXAA3
,MULTIPLE,01t4w00000NvLUaAAN
BLACK,BLACK,01t4w00000NvLUfAAN
BLACK,BLACK,01t4w00000NvLUgAAN
,BLACK,01t4w00000NvLUkAAN
,BLACK,01t4w00000NvLUpAAN
BLACK / BROWN,BLACK / BROWN,01t4w00000NvLUuAAN
,BLACK / BROWN,01t4w00000NvLUvAAN
BLACK,BLACK,01t4w00000NvLUzAAN
,BLACK,01t4w00000NvLV0AAN
BLACK,BLACK,01t4w00000NvLV4AAN
,BLACK,01t4w00000NvLV9AAN
BLACK,BLACK,01t4w00000NvLVEAA3
,BLACK,01t4w00000NvLVFAA3
BLACK,BLACK,01t4w00000NvLVGAA3
,BLACK,01t4w00000NvLVHAA3
WHITE AND BLACK +BEIGE,WHITE AND BLACK +BEIGE,01t4w00000NvLYKAA3
BLACK + BEIGE,BLACK + BEIGE,01t4w00000NvLYLAA3
,WHITE AND BLACK +BEIGE,01t4w00000NvLYPAA3
,BLACK + BEIGE,01t4w00000NvLYUAA3
BEIGE + BROWN,BEIGE + BROWN,01t4w00000NvLYZAA3
,BEIGE + BROWN,01t4w00000NvLYeAAN
WHITE AND GREEN + BEIGE,WHITE AND GREEN + BEIGE,01t4w00000NvLYjAAN
,WHITE AND GREEN + BEIGE,01t4w00000NvLYoAAN
MULTIPLE,MULTIPLE,01t4w00000NvLYpAAN
,MULTIPLE,01t4w00000NvLYqAAN
BLUE/BLACK,BLUE/BLACK,01t4w00000NvLYtAAN
,BLUE/BLACK,01t4w00000NvLYuAAN
BEIGE/GREY,BEIGE/GREY,01t4w00000NvLZSAA3
,MULTIPLE,01t4w00000NvLZTAA3
,BEIGE/GREY,01t4w00000NvLZXAA3
MULTIPLE,MULTIPLE,01t4w00000NvLZcAAN
MULTIPLE,MULTIPLE,01t4w00000NvLZdAAN
,MULTIPLE,01t4w00000NvLZeAAN
BROWN/WHITE,BROWN/WHITE,01t4w00000NvLZhAAN
,BROWN/WHITE,01t4w00000NvLZmAAN
,MULTIPLE,01t4w00000NvLZnAAN
BLACK+BROWN,BLACK+BROWN,01t4w00000NvLZrAAN
,BLACK+BROWN,01t4w00000NvLZwAAN
MULTIPLE,MULTIPLE,01t4w00000NvLa1AAF
BLACK,BLACK,01t4w00000NvLa6AAF
,BLACK,01t4w00000NvLa7AAF
WHITE,WHITE,01t4w00000NvLaBAAV
,WHITE,01t4w00000NvLaGAAV
BLACK + GREY,BLACK + GREY,01t4w00000NvLaLAAV
BLACK+ GREY,BLACK+ GREY,01t4w00000NvLaMAAV
,BLACK+ GREY,01t4w00000NvLaNAAV
BLACK + GREY,BLACK + GREY,01t4w00000NvLaOAAV
,BLACK + GREY,01t4w00000NvLaQAAV
BLACK+GREY,BLACK+GREY,01t4w00000NvLaVAAV
,BLACK+GREY,01t4w00000NvLaaAAF
BLACK+GREY,BLACK+GREY,01t4w00000NvLafAAF
,BLACK+GREY,01t4w00000NvLakAAF
YELLOW + CREAM,YELLOW + CREAM,01t4w00000NvLalAAF
,BLACK + GREY,01t4w00000NvLapAAF
,YELLOW + CREAM,01t4w00000NvLaqAAF
NATURAL,NATURAL,01t4w00000NvLePAAV
,NATURAL,01t4w00000NvLeQAAV
,NATURAL,01t4w00000NvLeRAAV
NATURAL,NATURAL,01t4w00000NvLeUAAV
,NATURAL,01t4w00000NvLeYAAV
NATURAL,NATURAL,01t4w00000NvLedAAF
RED+BROWN,RED+BROWN,01t4w00000NvLexAAF
,RED+BROWN,01t4w00000NvLf2AAF
BLACK,BLACK,01t4w00000NvLfCAAV
,BLACK,01t4w00000NvLfIAAV
,BLACK+CREAM,01t4w00000NvLfMAAV
,BROWN,01t4w00000NvLfNAAV
,BROWN DARK,01t4w00000NvLfRAAV
NATURAL,NATURAL,01t4w00000NvLfWAAV
,NATURAL,01t4w00000NvLfbAAF
,GREY,01t4w00000NvLfgAAF
WHITE + BLACK,WHITE + BLACK,01t4w00000NvLj0AAF
,WHITE + BLACK,01t4w00000NvLj5AAF
,BLACK+NATURAL+WHITE,01t4w00000NvLkTAAV
MULTIPLE,MULTIPLE,01t4w00000NvLvaAAF
,MULTIPLE,01t4w00000NvLvfAAF
GREY,GREY,01t4w00000NvLvlAAF
,GREY,01t4w00000NvLvmAAF
BROWN,BROWN,01t4w00000NvLvuAAF
,BROWN,01t4w00000NvLvzAAF
GREY,GREY,01t4w00000NvLw4AAF
,GREY,01t4w00000NvLw5AAF
BLACK,BLACK,01t4w00000NvLw9AAF
,BLACK,01t4w00000NvLwAAAV
BLACK,BLACK,01t4w00000NvLyGAAV
,BLACK,01t4w00000NvLyHAAV
BLACK,BLACK,01t4w00000NvM1BAAV
,BLACK,01t4w00000NvM1CAAV
,MULTIPLE,01t4w00000NvM1DAAV
BLACK,BLACK,01t4w00000NvM1GAAV
WHITE,WHITE,01t4w00000NvM1HAAV
,WHITE,01t4w00000NvM1IAAV
,BLACK,01t4w00000NvM1LAAV
BROWN + BLACK,BROWN + BLACK,01t4w00000NvM1MAAV
,BROWN + BLACK,01t4w00000NvM1QAAV
SILVER,SILVER,01t4w00000NvM1VAAV
,WHITE,01t4w00000NvM1WAAV
,SILVER,01t4w00000NvM1aAAF
MULTIPLE,MULTIPLE,01t4w00000NvM1fAAF
NATURAL,NATURAL,01t4w00000NvM1gAAF
WHITE,WHITE,01t4w00000NvM1kAAF
NATURAL,NATURAL,01t4w00000NvM1lAAF
,NATURAL,01t4w00000NvM1pAAF
,NATURAL,01t4w00000NvM1uAAF
WHITE + BLACK,WHITE + BLACK,01t4w00000NvM1zAAF
WOOD,WOOD,01t4w00000NvM20AAF
,WOOD,01t4w00000NvM21AAF
,WHITE + BLACK,01t4w00000NvM24AAF
TRANSPARENT,TRANSPARENT,01t4w00000NvM29AAF
,TRANSPARENT,01t4w00000NvM2AAAV
WHITE,WHITE,01t4w00000NvM62AAF
MULTIPLE,MULTIPLE,01t4w00000NvM63AAF
NATURAL + BLACK,NATURAL + BLACK,01t4w00000NvM64AAF
BLACK,BLACK,01t4w00000NvM65AAF
,BLACK,01t4w00000NvM66AAF
,WHITE,01t4w00000NvM67AAF
,MULTIPLE,01t4w00000NvM6CAAV
,NATURAL + BLACK,01t4w00000NvM6HAAV
NATURAL + BLACK,NATURAL + BLACK,01t4w00000NvM6IAAV
,NATURAL + BLACK,01t4w00000NvM6JAAV
WHITE + BLACK,WHITE + BLACK,01t4w00000NvM6MAAV
BLUE + BLACK,BLUE + BLACK,01t4w00000NvM6NAAV
,WHITE + BLACK,01t4w00000NvM6RAAV
,BLUE + BLACK,01t4w00000NvM6WAAV
MULTIPLE,MULTIPLE,01t4w00000NvM6XAAV
,MULTIPLE,01t4w00000NvM6YAAV
MULTIPLE,MULTIPLE,01t4w00000NvM6bAAF
,MULTIPLE,01t4w00000NvM6cAAF
MULTIPLE,MULTIPLE,01t4w00000NvM6dAAF
,MULTIPLE,01t4w00000NvM6eAAF
WHITE + BLACK,WHITE + BLACK,01t4w00000NvM6gAAF
,WHITE + BLACK,01t4w00000NvM6lAAF
MULTIPLE,MULTIPLE,01t4w00000NvM6qAAF
,MULTIPLE,01t4w00000NvM6rAAF
MULTIPLE,MULTIPLE,01t4w00000NvM6vAAF
,MULTIPLE,01t4w00000NvM6wAAF
BEIGE,BEIGE,01t4w00000NvM70AAF
,GREY,01t4w00000NvM71AAF
,BEIGE,01t4w00000NvM75AAF
MULTIPLE,MULTIPLE,01t4w00000NvM76AAF
GREY,GREY,01t4w00000NvM7AAAV
MULTIPLE,MULTIPLE,01t4w00000NvM7FAAV
,MULTIPLE,01t4w00000NvM7KAAV
MULTIPLE,MULTIPLE,01t4w00000NvM7PAAV
,MULTIPLE,01t4w00000NvM7QAAV
,MULTIPLE,01t4w00000NvM7RAAV
MULTIPLE,MULTIPLE,01t4w00000NvM7SAAV
BLUE OR YELLOW,BLUE OR YELLOW,01t4w00000NvM7UAAV
,BLUE OR YELLOW,01t4w00000NvM7ZAAV
,MULTIPLE,01t4w00000NvM7aAAF
MULTIPLE,MULTIPLE,01t4w00000NvM7eAAF
MULTIPLE,MULTIPLE,01t4w00000NvM7fAAF
,WHITE,01t4w00000NvM7gAAF
MULTIPLE,MULTIPLE,01t4w00000NvM7jAAF
,MULTIPLE,01t4w00000NvM7oAAF
,MULTIPLE,01t4w00000NvM7pAAF
,MULTIPLE,01t4w00000NvM7qAAF
WHITE,WHITE,01t4w00000NvM7tAAF
,WHITE,01t4w00000NvM7uAAF
WHITE,WHITE,01t4w00000NvM7vAAF
BLUE OR RED,BLUE OR RED,01t4w00000NvM7yAAF
,BLUE OR RED,01t4w00000NvM83AAF
BROWN,BROWN,01t4w00000NvM9BAAV
,BROWN,01t4w00000NvM9CAAV
BLUE,BLUE,01t4w00000NvMAeAAN
,BLUE,01t4w00000NvMAjAAN
ACACIA,ACACIA,01t4w00000NvMAoAAN
,ACACIA,01t4w00000NvMApAAN
BROWN,BROWN,01t4w00000NvMAtAAN
,BROWN,01t4w00000NvMAuAAN
,ACACIA,01t4w00000NvMAyAAN
ACACIA,ACACIA,01t4w00000NvMAzAAN
ACACIA,ACACIA,01t4w00000NvMB0AAN
,ACACIA,01t4w00000NvMB1AAN
ACACIA,ACACIA,01t4w00000NvMB3AAN
,ACACIA,01t4w00000NvMB8AAN
ACACIA,ACACIA,01t4w00000NvMB9AAN
ACACIA,ACACIA,01t4w00000NvMBDAA3
,ACACIA,01t4w00000NvMBEAA3
ACACIA,ACACIA,01t4w00000NvMBFAA3
,ACACIA,01t4w00000NvMBGAA3
,ACACIA,01t4w00000NvMBHAA3
ACACIA,ACACIA,01t4w00000NvMBIAA3
,ACACIA,01t4w00000NvMBJAA3
WHITE + BLACK,WHITE + BLACK,01t4w00000NvMBNAA3
,WHITE + BLACK,01t4w00000NvMBSAA3
MULTIPLE,MULTIPLE,01t4w00000NvMBTAA3
MULTIPLE,MULTIPLE,01t4w00000NvMBUAA3
MULTIPLE,MULTIPLE,01t4w00000NvMBVAA3
,MULTIPLE,01t4w00000NvMBWAA3
MULTIPLE,MULTIPLE,01t4w00000NvMBXAA3
,MULTIPLE,01t4w00000NvMBYAA3
,MULTIPLE,01t4w00000NvMBZAA3
,ACACIA,01t4w00000NvMBcAAN
ACACIA,ACACIA,01t4w00000NvMBhAAN
,ACACIA,01t4w00000NvMBiAAN
,ACACIA,01t4w00000NvMBjAAN
ACACIA,ACACIA,01t4w00000NvMBkAAN
ACACIA,ACACIA,01t4w00000NvMBmAAN
,MULTIPLE,01t4w00000NvMBrAAN
,MULTIPLE,01t4w00000NvMBsAAN
ACACIA,ACACIA,01t4w00000NvMBwAAN
,ACACIA,01t4w00000NvMBxAAN
ACACIA,ACACIA,01t4w00000NvMByAAN
,ACACIA,01t4w00000NvMC1AAN
BLACK+MULTICOLOR,BLACK+MULTICOLOR,01t4w00000NvMC6AAN
NATURAL,NATURAL,01t4w00000NvMCBAA3
WHITE,WHITE,01t4w00000NvMCCAA3
,WHITE,01t4w00000NvMCDAA3
GREY,GREY,01t4w00000NvMCEAA3
,GREY,01t4w00000NvMCFAA3
,BLACK+MULTICOLOR,01t4w00000NvMCGAA3
,NATURAL,01t4w00000NvMCLAA3
,BROWN,01t4w00000NvMCMAA3
BROWN,BROWN,01t4w00000NvMCQAA3
BLACK+MULTICOLOR,BLACK+MULTICOLOR,01t4w00000NvMCVAA3
,BLACK+MULTICOLOR,01t4w00000NvMCaAAN
,BLACK+MULTICOLOR,01t4w00000NvMCbAAN
MULTIPLE,MULTIPLE,01t4w00000NvMCfAAN
BLACK,BLACK,01t4w00000NvMCgAAN
ACACIA,ACACIA,01t4w00000NvMCkAAN
,BLACK,01t4w00000NvMCpAAN
,MULTIPLE,01t4w00000NvMCqAAN
MULTIPLE,MULTIPLE,01t4w00000NvMCuAAN
,ACACIA,01t4w00000NvMCzAAN
ACACIA,ACACIA,01t4w00000NvMD0AAN
ACACIA,ACACIA,01t4w00000NvMD1AAN
ACACIA,ACACIA,01t4w00000NvMD4AAN
,ACACIA,01t4w00000NvMD5AAN
BLACK,BLACK,01t4w00000NvMD9AAN
,BLACK,01t4w00000NvMDAAA3
ACACIA,ACACIA,01t4w00000NvMDEAA3
,ACACIA,01t4w00000NvMDJAA3
,ACACIA,01t4w00000NvMDKAA3
BLACK+MULTICOLOR,BLACK+MULTICOLOR,01t4w00000NvMDOAA3
,BLACK+MULTICOLOR,01t4w00000NvMDPAA3
BLACK+MULTICOLOR,BLACK+MULTICOLOR,01t4w00000NvMDTAA3
,BLACK+MULTICOLOR,01t4w00000NvMDUAA3
BLUE + WHITE,BLUE + WHITE,01t4w00000NvMDYAA3
,BLUE + WHITE,01t4w00000NvMDZAA3
,MULTIPLE,01t4w00000NvMDaAAN
,ACACIA,01t4w00000NvMDdAAN
BLACK+MULTICOLOR,BLACK+MULTICOLOR,01t4w00000NvMDiAAN
ACACIA,ACACIA,01t4w00000NvMDnAAN
,ACACIA,01t4w00000NvMDoAAN
,ACACIA,01t4w00000NvMDsAAN
ACACIA,ACACIA,01t4w00000NvMDtAAN
ACACIA,ACACIA,01t4w00000NvMDxAAN
BLACK,BLACK,01t4w00000NvME2AAN
,BLACK,01t4w00000NvME7AAN
,ACACIA,01t4w00000NvMECAA3
,ACACIA,01t4w00000NvMEDAA3
,ACACIA,01t4w00000NvMEEAA3
MULTIPLE,MULTIPLE,01t4w00000NvMEHAA3
BLACK,BLACK,01t4w00000NvMEIAA3
,BLACK,01t4w00000NvMEJAA3
ACACIA,ACACIA,01t4w00000NvMEMAA3
,ACACIA,01t4w00000NvMENAA3
,ACACIA,01t4w00000NvMEOAA3
,EUCALYPTUS,01t4w00000NvMEPAA3
ACACIA,ACACIA,01t4w00000NvMERAA3
,ACACIA,01t4w00000NvMESAA3
ACACIA,ACACIA,01t4w00000NvMEWAA3
ACACIA,ACACIA,01t4w00000NvMEbAAN
,ACACIA,01t4w00000NvMEcAAN
ACACIA,ACACIA,01t4w00000NvMEgAAN
,ACACIA,01t4w00000NvMElAAN
ACACIA,ACACIA,01t4w00000NvMEmAAN
ACACIA,ACACIA,01t4w00000NvMEnAAN
,ACACIA,01t4w00000NvMEoAAN
ACACIA,ACACIA,01t4w00000NvMEqAAN
ACACIA + ROPE,ACACIA + ROPE,01t4w00000NvMErAAN
,ACACIA + ROPE,01t4w00000NvMEsAAN
,ACACIA,01t4w00000NvMEvAAN
ACACIA,ACACIA,01t4w00000NvMEwAAN
,ACACIA,01t4w00000NvMF0AAN
EUCALYPTUS,EUCALYPTUS,01t4w00000NvMF1AAN
BEIGE,BEIGE,01t4w00000NvMI0AAN
,BEIGE,01t4w00000NvMI1AAN
WOOD,WOOD,01t4w00000NvMI5AAN
,WOOD,01t4w00000NvMI6AAN
WOOD,WOOD,01t4w00000NvMIAAA3
,WOOD,01t4w00000NvMIFAA3
ACACIA,ACACIA,01t4w00000NvMIKAA3
GREY,GREY,01t4w00000NvMIPAA3
,GREY,01t4w00000NvMIQAA3
,ACACIA,01t4w00000NvMIUAA3
BLACK,BLACK,01t4w00000NvMPKAA3
BLACK,BLACK,01t4w00000NvMPLAA3
,BLACK,01t4w00000NvMPMAA3
,BLACK,01t4w00000NvMPNAA3
,BLACK,01t4w00000NvMPPAA3
,BLACK,01t4w00000NvMPUAA3
BLACK,BLACK,01t4w00000NvMPVAA3
BLACK,BLACK,01t4w00000NvMPZAA3
,BLACK,01t4w00000NvMPaAAN
RED,RED,01t4w00000NvMPeAAN
,RED,01t4w00000NvMPfAAN
BLACK,BLACK,01t4w00000NvMPjAAN
BLACK,BLACK,01t4w00000NvMPoAAN
BLACK,BLACK,01t4w00000NvMPpAAN
,BLACK,01t4w00000NvMPqAAN
,BLACK,01t4w00000NvMPrAAN
,BLACK,01t4w00000NvMPtAAN
BLACK,BLACK,01t4w00000NvMPuAAN
,BLACK,01t4w00000NvMPvAAN
,BLACK,01t4w00000NvMPwAAN
BLACK,BLACK,01t4w00000NvMPyAAN
,BLACK,01t4w00000NvMPzAAN
BLACK,BLACK,01t4w00000NvMQ3AAN
BLACK,BLACK,01t4w00000NvMQ4AAN
,BLACK,01t4w00000NvMQ8AAN
BLACK,BLACK,01t4w00000NvMQ9AAN
BLACK,BLACK,01t4w00000NvMQAAA3
,BLACK,01t4w00000NvMQBAA3
WHITE / GREY / GREEN,WHITE / GREY / GREEN,01t4w00000NvMTSAA3
,WHITE / GREY / GREEN,01t4w00000NvMTXAA3
BLACK,BLACK,01t4w00000NvMTcAAN
,BLACK,01t4w00000NvMThAAN
BLACK,BLACK,01t4w00000NvMTmAAN
,BLACK,01t4w00000NvMTrAAN
BLACK,BLACK,01t4w00000NvMTsAAN
,BLACK,01t4w00000NvMTtAAN
,BLACK,01t4w00000NvMTuAAN
BLACK,BLACK,01t4w00000NvMTwAAN
BLACK,BLACK,01t4w00000NvMTxAAN
,BLACK,01t4w00000NvMU1AAN
,BLACK,01t4w00000NvMU2AAN
,BLACK,01t4w00000NvMU3AAN
BLACK,BLACK,01t4w00000NvMU6AAN
BLACK,BLACK,01t4w00000NvMU7AAN
BLACK,BLACK,01t4w00000NvMUBAA3
,BLACK,01t4w00000NvMUGAA3
,BLACK,01t4w00000NvMULAA3
BLACK,BLACK,01t4w00000NvMUQAA3
BLACK,BLACK,01t4w00000NvMURAA3
,BLACK,01t4w00000NvMUVAA3
BLACK,BLACK,01t4w00000NvMUWAA3
,BLACK,01t4w00000NvMUaAAN
BLACK,BLACK,01t4w00000NvMUbAAN
BLACK,BLACK,01t4w00000NvMUcAAN
,BLACK,01t4w00000NvMUfAAN
BLACK,BLACK,01t4w00000NvMUgAAN
,BLACK,01t4w00000NvMUkAAN
,BLACK,01t4w00000NvMUpAAN
MULTIPLE,MULTIPLE,01t4w00000NvMUqAAN
,WHITE,01t4w00000NvMUrAAN
,MULTIPLE,01t4w00000NvMUuAAN
WHITE,WHITE,01t4w00000NvMUvAAN
BLACK,BLACK,01t4w00000NvMaFAAV
BLACK,BLACK,01t4w00000NvMaGAAV
,BLACK,01t4w00000NvMaKAAV
BLACK,BLACK,01t4w00000NvMaLAAV
,BLACK,01t4w00000NvMaMAAV
,BLACK,01t4w00000NvMaPAAV
,BLACK,01t4w00000NvMaQAAV
BLACK,BLACK,01t4w00000NvMaUAAV
,BLACK,01t4w00000NvMaVAAV
BLACK,BLACK,01t4w00000NvMaZAAV
MULTIPLE,MULTIPLE,01t4w00000NvMajAAF
,MULTIPLE,01t4w00000NvMakAAF
,BLACK,01t4w00000NvMalAAF
BLACK,BLACK,01t4w00000NvMamAAF
BLACK + RED,BLACK + RED,01t4w00000NvMaoAAF
,BLACK + RED,01t4w00000NvMatAAF
BLACK / BLACK + RED,BLACK / BLACK + RED,01t4w00000NvMayAAF
,BLACK / BLACK + RED,01t4w00000NvMazAAF
,BLACK,01t4w00000NvMb0AAF
BLACK,BLACK,01t4w00000NvMb3AAF
,BLACK,01t4w00000NvMb4AAF
,BLACK,01t4w00000NvMb8AAF
BLACK,BLACK,01t4w00000NvMbDAAV
BLACK,BLACK,01t4w00000NvMbEAAV
BLACK,BLACK,01t4w00000NvMbFAAV
,BLACK,01t4w00000NvMbIAAV
BLACK,BLACK,01t4w00000NvMbNAAV
BLACK,BLACK,01t4w00000NvMbOAAV
,BLACK,01t4w00000NvMbSAAV
,BLACK,01t4w00000NvMbTAAV
,BLACK,01t4w00000NvMbUAAV
BLACK / RED,BLACK / RED,01t4w00000NvMbXAAV
,BLACK / RED,01t4w00000NvMbcAAF
BLACK,BLACK,01t4w00000NvMbhAAF
SILVER,SILVER,01t4w00000NvMbmAAF
,BLACK,01t4w00000NvMbnAAF
,SILVER,01t4w00000NvMbrAAF
,BLACK,01t4w00000NvMbsAAF
,BLACK,01t4w00000NvMbtAAF
BLACK,BLACK,01t4w00000NvMbwAAF
BLACK,BLACK,01t4w00000NvMc1AAF
,BLACK,01t4w00000NvMc6AAF
BLACK,BLACK,01t4w00000NvMcBAAV
BLACK,BLACK,01t4w00000NvMcGAAV
,BLACK,01t4w00000NvMcLAAV
BLACK,BLACK,01t4w00000NvMcQAAV
,BLACK,01t4w00000NvMcRAAV
BLACK,BLACK,01t4w00000NvMcVAAV
BLACK,BLACK,01t4w00000NvMcaAAF
,BLACK,01t4w00000NvMcbAAF
MULTIPLE,MULTIPLE,01t4w00000NvMffAAF
,MULTIPLE,01t4w00000NvMfgAAF
BLACK,BLACK,01t4w00000NvMfkAAF
,BLACK,01t4w00000NvMflAAF
BLACK,BLACK,01t4w00000NvMfmAAF
,BLACK,01t4w00000NvMfnAAF
,BLACK,01t4w00000NvMfwAAF
BLACK,BLACK,01t4w00000NvMfxAAF
BLACK,BLACK,01t4w00000NvMfyAAF
,BLACK,01t4w00000NvMfzAAF
,BLACK,01t4w00000NvMg0AAF
BLACK,BLACK,01t4w00000NvMg1AAF
,BLACK,01t4w00000NvMg6AAF
,BLACK,01t4w00000NvMg7AAF
,BLACK,01t4w00000NvMg8AAF
BLACK,BLACK,01t4w00000NvMgBAAV
,BLACK,01t4w00000NvMgCAAV
,BLACK,01t4w00000NvMgGAAV
BLACK,BLACK,01t4w00000NvMgLAAV
,BLACK,01t4w00000NvMgMAAV
BLACK OR RED,BLACK OR RED,01t4w00000NvMgNAAV
,BLACK OR RED,01t4w00000NvMgOAAV
RED OR GREEN,RED OR GREEN,01t4w00000NvMgPAAV
BLACK,BLACK,01t4w00000NvMgQAAV
BLACK + NATURAL,BLACK + NATURAL,01t4w00000NvMgRAAV
,BLACK,01t4w00000NvMgVAAV
BLACK,BLACK,01t4w00000NvMgWAAV
,BLACK,01t4w00000NvMgXAAV
,BLACK,01t4w00000NvMgaAAF
BLACK,BLACK,01t4w00000NvMgbAAF
MULTIPLE,MULTIPLE,01t4w00000NvMgcAAF
BLACK,BLACK,01t4w00000NvMgfAAF
,BLACK,01t4w00000NvMgkAAF
BLACK,BLACK,01t4w00000NvMgpAAF
,BLACK,01t4w00000NvMgqAAF
BLACK,BLACK,01t4w00000NvMguAAF
,MULTIPLE,01t4w00000NvMgzAAF
BLACK,BLACK,01t4w00000NvMh0AAF
,BLACK,01t4w00000NvMh1AAF
BLACK,BLACK,01t4w00000NvMh2AAF
,BLACK + NATURAL,01t4w00000NvMh4AAF
BLACK,BLACK,01t4w00000NvMh9AAF
,BLACK,01t4w00000NvMhAAAV
BLACK,BLACK,01t4w00000NvMhEAAV
BLACK,BLACK,01t4w00000NvMhJAAV
BLACK+RED,BLACK+RED,01t4w00000NvMhKAAV
BLACK,BLACK,01t4w00000NvMhOAAV
,BLACK,01t4w00000NvMhPAAV
,RED OR GREEN,01t4w00000NvMhQAAV
BLACK,BLACK,01t4w00000NvMhTAAV
BLACK + RED,BLACK + RED,01t4w00000NvMhUAAV
,BLACK + RED,01t4w00000NvMhVAAV
,BLACK+RED,01t4w00000NvMhYAAV
,BLACK,01t4w00000NvMhdAAF
,BLACK,01t4w00000NvMheAAF
BLACK,BLACK,01t4w00000NvMhiAAF
,WOOD LIGHT + BLACK,01t4w00000NvMi2AAF
MULTIPLE,MULTIPLE,01t4w00000NvMiCAAV
WHITE,WHITE,01t4w00000NvMrWAAV
,WHITE,01t4w00000NvMrXAAV
BLUE,BLUE,01t4w00000NvMrbAAF
,BLUE,01t4w00000NvMrcAAF
BLACK,BLACK,01t4w00000NvMrgAAF
,BLACK,01t4w00000NvMrhAAF
NATURAL,NATURAL,01t4w00000NvMrlAAF
,NATURAL,01t4w00000NvMrmAAF
MULTIPLE,MULTIPLE,01t4w00000NvMrqAAF
,MULTIPLE,01t4w00000NvMrrAAF
BROWN,BROWN,01t4w00000NvMrvAAF
,BROWN,01t4w00000NvMrwAAF
GREY,GREY,01t4w00000NvMs0AAF
,GREY,01t4w00000NvMs1AAF
GREY OXFORD,GREY OXFORD,01t4w00000NvMs5AAF
,GREY OXFORD,01t4w00000NvMs6AAF
BROWN,BROWN,01t4w00000NvMsAAAV
,BROWN,01t4w00000NvMsBAAV
NATURAL + BLACK,NATURAL + BLACK,01t4w00000NvMsFAAV
,NATURAL + BLACK,01t4w00000NvMsGAAV
NATURAL + BLACK,NATURAL + BLACK,01t4w00000NvMsKAAV
,NATURAL + BLACK,01t4w00000NvMsLAAV
NATURAL + WHITE,NATURAL + WHITE,01t4w00000NvMsPAAV
NATURAL + WHITE,NATURAL + WHITE,01t4w00000NvMsUAAV
WHITE + NATURAL,WHITE + NATURAL,01t4w00000NvMsZAAV
,WHITE + NATURAL,01t4w00000NvMsaAAF
NATURAL,NATURAL,01t4w00000NvMseAAF
,NATURAL,01t4w00000NvMsfAAF
BROWN+BLACK,BROWN+BLACK,01t4w00000NvMsjAAF
,BROWN+BLACK,01t4w00000NvMskAAF
SILVER,SILVER,01t4w00000NvMstAAF
,SILVER,01t4w00000NvMsuAAF
GREY AND WOOD,GREY AND WOOD,01t4w00000NvMsyAAF
,GREY AND WOOD,01t4w00000NvMszAAF
GREY + BLACK,GREY + BLACK,01t4w00000NvMt3AAF
,GREY + BLACK,01t4w00000NvMt4AAF
GREY,GREY,01t4w00000NvMt8AAF
,GREY,01t4w00000NvMt9AAF
MULTIPLE,MULTIPLE,01t4w00000NvMtDAAV
,MULTIPLE,01t4w00000NvMtEAAV
WHITE+NATURAL,WHITE+NATURAL,01t4w00000NvMtIAAV
,WHITE+NATURAL,01t4w00000NvMtJAAV
BLACK AND WOOD NATURAL,BLACK AND WOOD NATURAL,01t4w00000NvMtNAAV
,BLACK AND WOOD NATURAL,01t4w00000NvMtOAAV
BLACK,BLACK,01t4w00000NvMtSAAV
,BLACK,01t4w00000NvMtTAAV
NATURAL+BLACK,NATURAL+BLACK,01t4w00000NvMtXAAV
,NATURAL+BLACK,01t4w00000NvMtYAAV
BLACK,BLACK,01t4w00000NvMtcAAF
,BLACK,01t4w00000NvMtdAAF
MULTIPLE,MULTIPLE,01t4w00000NvMthAAF
,MULTIPLE,01t4w00000NvMtiAAF
GREY,GREY,01t4w00000NvMtmAAF
,GREY,01t4w00000NvMtnAAF
NATURAL+BLACK,NATURAL+BLACK,01t4w00000NvMtrAAF
,NATURAL+BLACK,01t4w00000NvMtsAAF
WOOD + BLACK,WOOD + BLACK,01t4w00000NvMtwAAF
,WOOD + BLACK,01t4w00000NvMtxAAF
BEIGE,BEIGE,01t4w00000NvMu1AAF
BROWN,BEIGE,01t4w00000NvMu2AAF
WHITE + NATURAL,WHITE + NATURAL,01t4w00000NvMu6AAF
,WHITE + NATURAL,01t4w00000NvMu7AAF
BLACK,BLACK,01t4w00000NvMuBAAV
,BLACK,01t4w00000NvMuCAAV
,NATURAL + WHITE,01t4w00000NvMuGAAV
,NATURAL + WHITE,01t4w00000NvMuLAAV
PINK,PINK,01t4w00000NvMuVAAV
,MULTIPLE,01t4w00000NvMuWAAV
GREY,GREY,01t4w00000NvMuXAAV
,PINK,01t4w00000NvMuaAAF
MULTIPLE,MULTIPLE,01t4w00000NvMufAAF
WHITE + NATURAL,WHITE + NATURAL,01t4w00000NvMugAAF
,WHITE + NATURAL,01t4w00000NvMuhAAF
,GREY,01t4w00000NvMukAAF
GREY,GREY,01t4w00000NvMupAAF
,GREY,01t4w00000NvMuuAAF
,GREY,01t4w00000NvMuvAAF
GREY,GREY,01t4w00000NvMuzAAF
GREY,GREY,01t4w00000NvMv0AAF
GREY,GREY,01t4w00000NvMv4AAF
,GREY,01t4w00000NvMv5AAF
GREY,GREY,01t4w00000NvMv6AAF
,GREY,01t4w00000NvMv7AAF
GREY,GREY,01t4w00000NvMv9AAF
,GREY,01t4w00000NvMvEAAV
,GREY,01t4w00000NvMvKAAV
GREY,GREY,01t4w00000NvMvOAAV
WOOD,WOOD,01t4w00000NvMvTAAV
,WOOD,01t4w00000NvMvYAAV
BROWN,BROWN,01t4w00000NvMvZAAV
,BROWN,01t4w00000NvMvaAAF
,GREY,01t4w00000NvMvdAAF
BROWN,BROWN,01t4w00000NvMviAAF
BLACK,BLACK,01t4w00000NvMvjAAF
,BLACK,01t4w00000NvMvkAAF
,BROWN,01t4w00000NvMvnAAF
WHITE + NATURAL,WHITE + NATURAL,01t4w00000NvMvsAAF
,NATURAL + BLACK,01t4w00000NvMvtAAF
,WHITE + NATURAL,01t4w00000NvMvxAAF
NATURAL + BLACK,NATURAL + BLACK,01t4w00000NvMw2AAF
,MULTIPLE,01t4w00000NvMw7AAF
BEIGE,BEIGE,01t4w00000NvMwCAAV
,BEIGE,01t4w00000NvMwHAAV
GREY,GREY,01t4w00000NvMwMAAV
,GREY,01t4w00000NvMwRAAV
BLACK + WOOD,BLACK + WOOD,01t4w00000NvN05AAF
,BLACK + WOOD,01t4w00000NvN06AAF
,BROWN,01t4w00000NvN07AAF
BROWN,BROWN,01t4w00000NvN08AAF
BROWN,BROWN,01t4w00000NvN0AAAV
BLACK,BLACK,01t4w00000NvN0BAAV
GREY,GREY,01t4w00000NvN0CAAV
,GREY,01t4w00000NvN0DAAV
BLACK,BLACK,01t4w00000NvN0FAAV
,BLACK,01t4w00000NvN0GAAV
,BROWN,01t4w00000NvN0KAAV
,BLACK,01t4w00000NvN0PAAV
BLACK,BLACK,01t4w00000NvN0UAAV
,BLACK,01t4w00000NvN0ZAAV
BLACK,BLACK,01t4w00000NvN0aAAF
,BLACK,01t4w00000NvN0bAAF
BLACK,BLACK,01t4w00000NvN0eAAF
,BLACK,01t4w00000NvN0jAAF
BLACK,BLACK,01t4w00000NvN0oAAF
,BLACK,01t4w00000NvN0pAAF
GREY,GREY,01t4w00000NvN0tAAF
,GREY,01t4w00000NvN0yAAF
BLACK,BLACK,01t4w00000NvN3yAAF
,BLACK,01t4w00000NvN3zAAF
BLACK+BEIGE,BLACK+BEIGE,01t4w00000NvN43AAF
,BLACK+BEIGE,01t4w00000NvN48AAF
,MULTIPLE,01t4w00000NvN4cAAF
,WHITE + NATURAL,01t4w00000NvN4hAAF
,NATURAL+BLACK,01t4w00000NvN4iAAF
,GREY+NATURAL,01t4w00000NvN4jAAF
,WHITE + NATURAL,01t4w00000NvN4mAAF
,WHITE + NATURAL,01t4w00000NvN4rAAF
,WHITE + NATURAL,01t4w00000NvN4sAAF
,MULTIPLE,01t4w00000NvN4wAAF
,NATURAL + BLACK,01t4w00000NvN51AAF
,WHITE+NATURAL,01t4w00000NvN52AAF
,BLACK AND WOOD NATURAL,01t4w00000NvN53AAF
,WOOD + BLACK,01t4w00000NvN54AAF
,NATURAL + BLACK,01t4w00000NvN56AAF
,NATURAL,01t4w00000NvN57AAF
,GREY + BLACK,01t4w00000NvN58AAF
,GREY,01t4w00000NvN5BAAV
,BEIGE,01t4w00000NvN5CAAV
,WOOD + GREY,01t4w00000NvN5EAAV
,GREY AND WOOD,01t4w00000NvN5RAAV
,BROWN+BLACK,01t4w00000NvN5WAAV
,GREY OXFORD,01t4w00000NvN5XAAV
,BROWN,01t4w00000NvN5bAAF
,BLACK,01t4w00000NvN5gAAF
,SILVER,01t4w00000NvN5lAAF
ACACIA,ACACIA,01t4w00000NvN68AAF
,ACACIA,01t4w00000NvN69AAF
BLACK,BLACK,01t4w00000NvN9EAAV
,BLACK,01t4w00000NvN9JAAV
,WOOD,01t4w00000NvN9OAAV
BLACK,BLACK,01t4w00000NvN9TAAV
,BLACK,01t4w00000NvN9YAAV
,BEIGE,01t4w00000NvNCYAA3
,WHITE,01t4w00000NvNCdAAN
,BLACK,01t4w00000NvNCiAAN
,BLACK,01t4w00000NvNCnAAN
,BLUE,01t4w00000NvNCxAAN
BLACK,BLACK,01t4w00000NvND2AAN
,BLACK,01t4w00000NvND7AAN
,BLACK,01t4w00000NvND8AAN
BLACK,BLACK,01t4w00000NvNDCAA3
,BLACK,01t4w00000NvNDDAA3
BLACK,BLACK,01t4w00000NvNDHAA3
BLACK,BLACK,01t4w00000NvNDIAA3
,BLACK,01t4w00000NvNDMAA3
BLACK,BLACK,01t4w00000NvNOgAAN
,BLACK,01t4w00000NvNOhAAN
BLUE,BLUE,01t4w00000NvNOlAAN
WHITE,WHITE,01t4w00000NvNOqAAN
,WHITE,01t4w00000NvNOrAAN
WHITE,WHITE,01t4w00000NvNOvAAN
,WHITE,01t4w00000NvNOwAAN
,BLUE,01t4w00000NvNTIAA3
,BLACK,01t4w00000NvNXRAA3
,BLACK,01t4w00000NvNXWAA3
MULTIPLE,MULTIPLE,01t4w00000NvNaWAAV
,MULTIPLE,01t4w00000NvNabAAF
,BLACK,01t4w00000NvQ57AAF
,MULTIPLE,01t4w00000NvQb6AAF
WHITE / BROWN DARK / BLACK,WHITE / BROWN DARK / BLACK,01t4w00000NvQbBAAV
,WHITE / BROWN DARK / BLACK,01t4w00000NvQbCAAV
,BLACK,01t4w00000NvQbGAAV
BROWN,BROWN,01t4w00000NvQbLAAV
,BROWN,01t4w00000NvQbMAAV
,BROWN,01t4w00000NvQbNAAV
BROWN,BROWN,01t4w00000NvQbOAAV
,BROWN,01t4w00000NvQbPAAV
BROWN,BROWN,01t4w00000NvQbQAAV
,BROWN,01t4w00000NvQbRAAV
BROWN,BROWN,01t4w00000NvQbSAAV
BROWN,BROWN,01t4w00000NvQbVAAV
,BROWN,01t4w00000NvQbWAAV
BROWN,BROWN,01t4w00000NvQbXAAV
,BROWN,01t4w00000NvQbYAAV
BROWN,BROWN,01t4w00000NvQbaAAF
,BROWN,01t4w00000NvQbbAAF
BLACK,BLACK,01t4w00000NvQbcAAF
,BLACK,01t4w00000NvQbdAAF
,BROWN,01t4w00000NvQbeAAF
BROWN,BROWN,01t4w00000NvQbfAAF
MULTIPLE,MULTIPLE,01t4w00000NvQc9AAF
,MULTIPLE,01t4w00000NvQcEAAV
MULTIPLE,MULTIPLE,01t4w00000NvQcJAAV
,MULTIPLE,01t4w00000NvQcKAAV
MULTIPLE,MULTIPLE,01t4w00000NvQcOAAV
,MULTIPLE,01t4w00000NvQcTAAV
BLACK+BEIGE,BLACK+BEIGE,01t4w00000PWtrOAAT
,BLACK+BEIGE,01t4w00000PWtrPAAT
ACACIA,ACACIA,01t4w00000PWtrTAAT
,ACACIA,01t4w00000PWtrUAAT
BLACK+GREY,BLACK+GREY,01t4w00000PWtrdAAD
,BLACK+GREY,01t4w00000PWtreAAD
BLACK + BROWN,BLACK + BROWN,01t4w00000PWtriAAD
,BLACK + BROWN,01t4w00000PWtrjAAD
BLACK,BLACK,01t4w00000PWts6AAD
,BLACK,01t4w00000PWts7AAD
GREEN,GREEN,01t4w00000PWtsUAAT
,GREEN,01t4w00000PWtsVAAT
ACACIA,ACACIA,01t4w00000PWtsqAAD
,ACACIA,01t4w00000PWtsrAAD
ACACIA,ACACIA,01t4w00000PWtt0AAD
,ACACIA,01t4w00000PWtt1AAD
ACACIA,ACACIA,01t4w00000PWttAAAT
,ACACIA,01t4w00000PWttBAAT
WHITE,WHITE,01t4w00000PWttFAAT
,WHITE,01t4w00000PWttGAAT
BLACK + BROWN,BLACK + BROWN,01t4w00000PWttdAAD
,BLACK + BROWN,01t4w00000PWtteAAD
BROWN,BROWN,01t4w00000PWy39AAD
,BROWN,01t4w00000PWy3AAAT
BROWN + WOOD,BROWN + WOOD,01t4w00000PWy3EAAT
,BROWN + WOOD,01t4w00000PWy3FAAT
WOOD,WOOD,01t4w00000PWy3JAAT
,WOOD,01t4w00000PWy3KAAT
GREEN,GREEN,01t4w00000PX0woAAD
,GREEN,01t4w00000PX0wtAAD
BLACK+BEIGE,BLACK+BEIGE,01t4w00000PX0wyAAD
,BLACK+BEIGE,01t4w00000PX0wzAAD
GREY,GREY,01t4w00000PX0x3AAD
,GREY,01t4w00000PX0x4AAD
GREY,GREY,01t4w00000PX0x8AAD
,GREY,01t4w00000PX0x9AAD
BLACK+BEIGE,BLACK+BEIGE,01t4w00000PX0xDAAT
,BLACK+BEIGE,01t4w00000PX0xEAAT
MULTIPLE,MULTIPLE,01t4w00000PX1j8AAD
,MULTIPLE,01t4w00000PX1jDAAT
,WHITE,01t4w00000PX1jIAAT
,BROWN,01t4w00000PX1kgAAD
BROWN,BROWN,01t4w00000PX1kqAAD
,BROWN,01t4w00000PX1kvAAD
BROWN,BROWN,01t4w00000PX1l0AAD
,BROWN,01t4w00000PX1l1AAD
BROWN,BROWN,01t4w00000PX1m0AAD
,BROWN,01t4w00000PX1m5AAD
BROWN,BROWN,01t4w00000PX1mAAAT
,BROWN,01t4w00000PX1mKAAT
BROWN,BROWN,01t4w00000PX1mLAAT
,BROWN,01t4w00000PX1mMAAT
BROWN,BROWN,01t4w00000PX1mNAAT
,BROWN,01t4w00000PX1mOAAT
,BROWN,01t4w00000PX1mPAAT
BROWN,BROWN,01t4w00000PX1mUAAT
BROWN,BROWN,01t4w00000PX1mVAAT
,BROWN,01t4w00000PX1mWAAT
,BROWN,01t4w00000PX1mXAAT
,BROWN,01t4w00000PX1mYAAT
BROWN,BROWN,01t4w00000PX1mZAAT
GREEN,GREEN,01t4w00000PX1maAAD
BROWN,BROWN,01t4w00000PX1meAAD
,GREEN,01t4w00000PX1mfAAD
WHITE,WHITE,01t4w00000PX1mgAAD
,BROWN,01t4w00000PX1mjAAD
BROWN,BROWN,01t4w00000PX1mkAAD
GREEN,GREEN,01t4w00000PX1mlAAD
MULTIPLE,MULTIPLE,01t4w00000PX1mmAAD
WHITE,WHITE,01t4w00000PX1mnAAD
,GREEN,01t4w00000PX1moAAD
,WHITE,01t4w00000PX1mpAAD
,WHITE,01t4w00000PX1mqAAD
WHITE,WHITE,01t4w00000PX1mtAAD
,MULTIPLE,01t4w00000PX1muAAD
,WHITE,01t4w00000PX1myAAD
WHITE,WHITE,01t4w00000PX2DnAAL
BROWN OR WHITE,BROWN OR WHITE,01t4w00000PX2DoAAL
,WHITE,01t4w00000PX2EGAA1
,BROWN OR WHITE,01t4w00000PX2GnAAL
BROWN,BROWN,01t4w00000PX2GsAAL
,BROWN,01t4w00000PX2GxAAL
WHITE,WHITE,01t4w00000PX2H2AAL
,WHITE,01t4w00000PX2H3AAL
BROWN,BROWN,01t4w00000PX2HCAA1
,WHITE,01t4w00000PX2HDAA1
,BROWN,01t4w00000PX2HHAA1
WHITE,WHITE,01t4w00000PX2HMAA1
WHITE,WHITE,01t4w00000PX2HRAA1
,WHITE,01t4w00000PX2HWAA1
,WHITE,01t4w00000PX2HbAAL
WHITE OR BLACK,WHITE OR BLACK,01t4w00000PX2HgAAL
,WHITE OR BLACK,01t4w00000PX2HlAAL
,WHITE,01t4w00000PX2HmAAL
WHITE,WHITE,01t4w00000PX2HqAAL
WARM GREY,WARM GREY,01t4w00000PX2yjAAD
WHITE,WARM GREY,01t4w00000PX2ykAAD
WHITE,WHITE,01t4w00000PX2yoAAD
,WHITE,01t4w00000PX2ypAAD
WHITE,WHITE,01t4w00000PX2ytAAD
WHITE,WHITE,01t4w00000PX2yuAAD
WHITE,WHITE,01t4w00000PX2yyAAD
WHITE,WHITE,01t4w00000PX2yzAAD
,BLACK,01t4w00000PX4QHAA1
,MULTIPLE,01t4w00000PX4QIAA1
BLUE,BLUE,01t4w00000PX4QMAA1
,BLUE,01t4w00000PX4QNAA1
MULTIPLE,MULTIPLE,01t4w00000PX4QRAA1
,MULTIPLE,01t4w00000PX4QSAA1
WHITE+NATURAL,WHITE+NATURAL,01t4w00000PX4uaAAD
,WHITE+NATURAL,01t4w00000PX4ubAAD
BLACK AND WOOD NATURAL,BLACK AND WOOD NATURAL,01t4w00000PX4ufAAD
,BLACK AND WOOD NATURAL,01t4w00000PX4ugAAD
GREY+BLACK,GREY+BLACK,01t4w00000PX4ukAAD
,GREY+BLACK,01t4w00000PX4ulAAD
GREY,GREY,01t4w00000PX4upAAD
,GREY,01t4w00000PX4uqAAD
BROWN,BROWN,01t4w00000PX4uuAAD
,BROWN,01t4w00000PX4uvAAD
BROWN,BROWN,01t4w00000PX4uzAAD
,BROWN,01t4w00000PX4v0AAD
MULTIPLE,MULTIPLE,01t4w00000PX4v4AAD
,MULTIPLE,01t4w00000PX4v5AAD
MULTIPLE,MULTIPLE,01t4w00000PX4v9AAD
,MULTIPLE,01t4w00000PX4vAAAT
GREY,GREY,01t4w00000PX4vEAAT
,GREY,01t4w00000PX4vFAAT
BLACK,BLACK,01t4w00000PX4vJAAT
,BLACK,01t4w00000PX4vKAAT
,WHITE,01t4w00000PX5PmAAL
,WHITE,01t4w00000PX5PnAAL
,WHITE,01t4w00000PX5PrAAL
,WARM GREY,01t4w00000PX5PwAAL
,WHITE,01t4w00000PX5PxAAL
,WHITE,01t4w00000PX5Q1AAL
,WHITE,01t4w00000PX5Q2AAL
,GREY,01t4w00000PX5rDAAT
,WHITE+NATURAL,01t4w00000PX5rEAAT
,GREY+BLACK,01t4w00000PX5rGAAT
,GREY,01t4w00000PX5rLAAT
BLUE,BLUE,01tVT000000KbeXYAS
,BLUE,01tVT000000Kc5xYAC
,BLUE,01tVT000000Pz1xYAC
BLUE,BLUE,01tVT000000Q2REYA0
,BLUE,01tVT000000Q3GoYAK
BLUE,BLUE,01tVT000000Q3S5YAK
,WHITE + BLACK + WOOD,01tVT000000Q3VLYA0
RED,RED,01tVT000000Q3rtYAC
,RED,01tVT000000Q3v7YAC
WHITE + BLACK + WOOD,WHITE + BLACK + WOOD,01tVT000000Q4WDYA0
ORANGE,ORANGE,01tVT000000Q5AYYA0
,ORANGE,01tVT000000Q5LpYAK
,BEIGE,01tVT000000Q5NTYA0
BLACK + BEIGE,BLACK + BEIGE,01tVT000000Q5X8YAK
GREY,GREY,01tVT000000Q5YjYAK
,GREY,01tVT000000Q5aLYAS
BEIGE,BEIGE,01tVT000000Q63NYAS
,BLACK + BEIGE,01tVT000000Q6MjYAK
,MULTIPLE COLORS,01tVT000000UBXWYA4
MULTIPLE COLORS,MULTIPLE COLORS,01tVT000000UBxKYAW
MULTIPLE COLORS,MULTIPLE COLORS,01tVT000000UCerYAG
,MULTIPLE COLORS,01tVT000000UCq9YAG
MULTIPLE,MULTIPLE,01tVT000000UCtOYAW
MULTIPLE COLORS,MULTIPLE COLORS,01tVT000000UD6IYAW
MULTIPLE,MULTIPLE,01tVT000000UDJCYA4
,MULTIPLE COLORS,01tVT000000UDuHYAW
,MULTIPLE,01tVT000000UE8nYAG
,MULTIPLE,01tVT000000UEITYA4
MULTIPLE,MULTIPLE,01tVT000000UES9YAO
,MULTIPLE,01tVT000000UETlYAO
MULTIPLE COLORS,MULTIPLE COLORS,01tVT000000UEgfYAG
,MULTIPLE COLORS,01tVT000000UErxYAG
BLUE,BLUE,01tVT000000UFG9YAO
,BLUE,01tVT000000UFJNYA4
BLACK,BLACK,01tVT000000UFZVYA4
,BLACK,01tVT000000UFhZYAW
,WHITE,01tVT000000UKUMYA4
,MULTIPLE,01tVT000000ULLaYAO
MULTIPLE,MULTIPLE,01tVT000000ULmzYAG
,MULTIPLE,01tVT000000UM4kYAG
MULTIPLE,MULTIPLE,01tVT000000UMJFYA4
,MULTIPLE,01tVT000000UMO5YAO
MULTIPLE,MULTIPLE,01tVT000000UMcbYAG
MULTIPLE,MULTIPLE,01tVT000000UNFKYA4
WHITE,WHITE,01tVT000000UNNNYA4
,MULTIPLE COLORS,01tVT000000UNP1YAO
MULTIPLE COLORS,MULTIPLE COLORS,01tVT000000UORVYA4
,MULTIPLE,01tVT000000UQ1tYAG
BLUE,BLUE,01tVT000000UQjSYAW
,MULTICOLOR,01tVT000000UQzbYAG
MULTIPLE COLORS,MULTIPLE COLORS,01tVT000000UR7dYAG
,BLUE,01tVT000000URE6YAO
,MULTIPLE COLORS,01tVT000000URnZYAW
MULTIPE COLORS,MULTIPE COLORS,01tVT000000URyrYAG
,MULTIPE COLORS,01tVT000000US25YAG
,BLUE,01tVT000000USDNYA4
,SEVERAL,01tVT000000USF0YAO
RED + WHITE,RED + WHITE,01tVT000000USWjYAO
,RED + WHITE,01tVT000000USYLYA4
,WHITE OR BLACK,01tVT000000USZyYAO
GREY,GREY,01tVT000000USmrYAG
,GREY,01tVT000000USoTYAW
SEVERAL,SEVERAL,01tVT000000USwXYAW
,SEVERAL,01tVT000000UTB3YAO
BLUE,BLUE,01tVT000000UTJ7YAO
BEIGE,BEIGE,01tVT000000UTKjYAO
,BLUE,01tVT000000UTMLYA4
SEVERAL,SEVERAL,01tVT000000UTPZYA4
,BEIGE,01tVT000000UTW1YAO
,SEVERAL,01tVT000000UTZFYA4
BLUE,BLUE,01tVT000000UTfhYAG
GREEN,GREEN,01tVT000000UThJYAW
,SEVERAL,01tVT000000UTiyYAG
SEVERAL,SEVERAL,01tVT000000UTkXYAW
,SEVERAL,01tVT000000UTnlYAG
SEVERAL,SEVERAL,01tVT000000UTuDYAW
MULTICOLOR,MULTICOLOR,01tVT000000UTvpYAG
WHITE,WHITE,01tVT000000UU3tYAG
,WHITE,01tVT000000UU77YAG
SEVERAL,SEVERAL,01tVT000000UU8jYAG
CREAM,CREAM,01tVT000000UUFCYA4
,GREEN,01tVT000000UUIPYA4
BLACK,BLACK,01tVT000000UUIQYA4
BEIGE,BEIGE,01tVT000000UUK1YAO
,BEIGE,01tVT000000UULdYAO
WHITE OR BLACK,WHITE OR BLACK,01tVT000000UUWvYAO
BLUE,BLUE,01tVT000000UUYXYA4
,BLUE,01tVT000000UUdNYAW
,BLACK,01tVT000000UUjpYAG
,CREAM,01tVT000000UUruYAG
CREAM,CREAM,01tVT000000UVKvYAO
,CREAM,01tVT000000UVZRYA4
MULTIPLES COLOR,MULTIPLES COLOR,01tVT000000UVpZYAW
,MULTIPLES COLOR,01tVT000000UVrBYAW
BLUE,BLUE,01tVT000000VFahYAG
WHITE,WHITE,01tVT000000VHvpYAG
,WHITE,01tVT000000VILeYAO
,BLUE,01tVT000000VIdOYAW
BLUE,BLUE,01tVT000000VJBFYA4
,BLUE,01tVT000000VJHhYAO
BLUE,BLUE,01tVT000000VJsnYAG
,BLUE,01tVT000000VK0rYAG
MULTITPLE COLORS,MULTITPLE COLORS,01tVT000000WniMYAS
BLACK,BLACK,01tVT000000WqEoYAK
,BLACK,01tVT000000WqEpYAK
BLACK,BLACK,01tVT000000WqZmYAK
,BLACK,01tVT000000WqZnYAK
BLACK,BLACK,01tVT000000WsJrYAK
,BLACK,01tVT000000WsJsYAK
BLACK,BLACK,01tVT000000WsN5YAK
,BLACK,01tVT000000WsZzYAK
BLACK,BLACK,01tVT000000WszlYAC
,BLACK,01tVT000000WtCfYAK
,WHITE + BLACK,01tVT000000WthLYAS
BLACK,BLACK,01tVT000000WtkXYAS
,BLACK,01tVT000000WtkYYAS
GREY,GREY,01tVT000000WuS7YAK
,WHITE + GOLD,01tVT000000WvZSYA0
WHITE + GOLD,WHITE + GOLD,01tVT000000WvcfYAC
,MULTITPLE COLORS,01tVT000000WvrBYAS
WHITE + BLACK,WHITE + BLACK,01tVT000000Wvw1YAC
,TRANSPARENT,01tVT000000WwKEYA0
WHITE + GOLD,WHITE + GOLD,01tVT000000WwNRYA0
,WHITE + GOLD,01tVT000000WwTtYAK
,BLACK,01tVT000000WwnFYAS
,TRANSPARENT,01tVT000000WxD5YAK
WOOD,WOOD,01tVT000000WxY1YAK
,WOOD,01tVT000000WxZdYAK
MULTIPLE COLORS,MULTIPLE COLORS,01tVT000000WxeUYAS
TRANSPARENT,TRANSPARENT,01tVT000000WxkyYAC
MULTIPLE COLORS,MULTIPLE COLORS,01tVT000000Wxo9YAC
,MULTIPLE COLORS,01tVT000000WxwDYAS
BLACK,BLACK,01tVT000000WxxpYAC
TRANSPARENT,TRANSPARENT,01tVT000000WydlYAC
WHITE,WHITE,01tVT000000WzRlYAK
,BLUE,01tVT000000XArqYAG
,MULTICOLOR,01tVT000000XEkAYAW
,MULTIPLE COLORS,01tVT000000Ye1RYAS
,WHITE,01tVT000000Ye9VYAS
MULTIPLES COLORS,MULTIPLES COLORS,01tVT000000dr7lYAA
,BLACK + GREY,01tVT000000dw4AYAQ
,BLACK + RED,01tVT000000dwPAYAY
,BLACK + RED,01tVT000000dy7ZYAQ
,MULTIPLES COLORS,01tVT000000dyKUYAY
,MULTIPLES COLORS,01tVT000000dySaYAI
,MULTIPLES COLORS,01tVT000000dzI9YAI
MULTIPLES COLORS,MULTIPLES COLORS,01tVT000000dzelYAA
MULTIPLES COLORS,MULTIPLES COLORS,01tVT000000dzy7YAA
MULTIPLES COLORS,MULTIPLES COLORS,01tVT000000e0qwYAA
MULTIPLES COLORS,MULTIPLES COLORS,01tVT000000e1LZYAY
,MULTIPLES COLORS,01tVT000000e1VFYAY
MULTIPLES COLORS,MULTIPLES COLORS,01tVT000000e2G2YAI
,MULTIPLES COLORS,01tVT000000e2MTYAY
,MULTIPLES COLORS,01tVT000000e2mHYAQ
GRAY,GRAY,01tVT000000e3P0YAI
MULTIPLES COLORS,MULTIPLES COLORS,01tVT000000e3dVYAQ
,MULTIPLES COLORS,01tVT000000e3jxYAA
,GRAY,01tVT000000e5H8YAI
,BLUE,01tVT000000e5sFYAQ
GRAY,GRAY,01tVT000000e6gEYAQ
GROWN+BURLYWOOD,GROWN+BURLYWOOD,01tVT000000e79GYAQ
BROWN,BROWN,01tVT000000e7xHYAQ
GRAY MARBLE,GRAY MARBLE,01tVT000000e83kYAA
,GROWN+BURLYWOOD,01tVT000000e8GbYAI
,GRAY,01tVT000000e9qzYAA
,BROWN,01tVT000000e9scYAA
,GRAY MARBLE,01tVT000000eA77YAE
GREEN,GREEN,01tVT000000eABzYAM
,BLUE,01tVT000000eAGqYAM
MULTIPLE,MULTIPLE,01tVT000000eAyMYAU
,WOOD + BLACK,01tVT000000eBUcYAM
BROWN,BROWN,01tVT000000eBWEYA2
,MULTIPLE,01tVT000000eBZRYA2
GREEN,GREEN,01tVT000000eBchYAE
,GRAY,01tVT000000eCP5YAM
,GREEN,01tVT000000eCiRYAU
GRAY,GRAY,01tVT000000eCnHYAU
,BROWN,01tVT000000eCs5YAE
WOOD + GREY,WOOD + GREY,01tVT000000eD8GYAU
SEVERAL,SEVERAL,01tVT000000eDEiYAM
BLUE,BLUE,01tVT000000eDHtYAM
DARK BLUE,DARK BLUE,01tVT000000eDhiYAE
WOOD + GREY,WOOD + GREY,01tVT000000eDkxYAE
,BLACK,01tVT000000eDufYAE
BLUE,BLUE,01tVT000000eDzRYAU
,BLUE,01tVT000000eE4HYAU
WOOD + BLACK,WOOD + BLACK,01tVT000000eECNYA2
BLUE,BLUE,01tVT000000eEDxYAM
,GREEN,01tVT000000eESTYA2
,DARK BLUE,01tVT000000eEdlYAE
WOOD + BLACK,WOOD + BLACK,01tVT000000eEfNYAU
DARK GREEN,DARK GREEN,01tVT000000eEp4YAE
,DARK GREEN,01tVT000000eEttYAE
WOOD,WOOD,01tVT000000eF0NYAU
,WOOD,01tVT000000eF0OYAU
,WOOD + BLACK,01tVT000000eF0PYAU
,WOOD + GREY,01tVT000000eF1xYAE
PINK,PINK,01tVT000000eFBdYAM
,WOOD + GREY,01tVT000000eFGTYA2
,PINK,01tVT000000eFLJYA2
,NAVY BLUE,01tVT000000eFRmYAM
,BLACK,01tVT000000eFegYAE
NAVY BLUE,NAVY BLUE,01tVT000000eFl7YAE
,WHITE,01tVT000000eGhCYAU
,WOOD,01tVT000000eIXiYAM
WOOD,WOOD,01tVT000000eIvtYAE
,SEVERAL,01tVT000000eJQZYA2
SEVERAL,SEVERAL,01tVT000000eJbrYAE
,BLACK,01tVT000000eJiHYAU
BLACK,BLACK,01tVT000000eJyPYAU
BLACK,BLACK,01tVT000000eKEXYA2
,SEVERAL,01tVT000000eKWHYA2
NATURAL+BLACK,NATURAL+BLACK,01tVT0000014xnKYAQ
,NATURAL+BLACK,01tVT00000151J3YAI
GRAY + WOOD,GRAY + WOOD,01tVT00000152exYAA
,GRAY + WOOD,01tVT00000153PhYAI
GRAY+WOOD,GRAY+WOOD,01tVT00000153WAYAY
GRAY+WOOD,GRAY+WOOD,01tVT00000154DhYAI
,GRAY+WOOD,01tVT00000154QbYAI
,GRAY+WOOD,01tVT00000155zNYAQ
MULTIPLE COLOR,MULTIPLE COLOR,01tVT000001593iYAA
,MULTIPLE,01tVT0000015ANyYAM
WOOD + BLACK,WOOD + BLACK,01tVT0000015ARCYA2
BROWN,BROWN,01tVT0000015ASpYAM
WHITE + BLACK,WHITE + BLACK,01tVT0000015Ae6YAE
,BLACK,01tVT0000015Ar2YAE
BROWN+WOOD,BROWN+WOOD,01tVT0000015BAMYA2
,WHITE + BLACK,01tVT0000015BDaYAM
WHITE,WHITE,01tVT0000015BNGYA2
,WHITE,01tVT0000015BVJYA2
BLACK+WOOD,BLACK+WOOD,01tVT0000015BbnYAE
,WOOD + BLACK,01tVT0000015Bn4YAE
,BROWN+WOOD,01tVT0000015C3BYAU
BLACK,BLACK,01tVT0000015CBGYA2
,MULTIPLE COLOR,01tVT0000015CKvYAM
,WHITE + WOOD,01tVT0000015CPmYAM
WOOD+BLACK,WOOD+BLACK,01tVT0000015D2UYAU
BROWN,BROWN,01tVT0000015DSHYA2
WHITE + WOOD,WHITE + WOOD,01tVT0000015DTtYAM
,BROWN,01tVT0000015DX7YAM
,MULTIPLE COLOR,01tVT0000015DgoYAE
WHITE / BLACK,WHITE / BLACK,01tVT0000015DiQYAU
,MULTIPLE,01tVT0000015DnGYAU
MULTIPLE COLOR,MULTIPLE COLOR,01tVT0000015DorYAE
,WOOD + BLACK,01tVT0000015DosYAE
WOOD + BLACK,WOOD + BLACK,01tVT0000015DwxYAE
,WHITE / BLACK,01tVT0000015E3NYAU
BROWN,BROWN,01tVT0000015E6cYAE
MULTIPLE,MULTIPLE,01tVT0000015EBSYA2
,GREY,01tVT0000015EBTYA2
,BROWN,01tVT0000015EOLYA2
,WOOD + WHITE,01tVT0000015EOMYA2
,MULTIPLE,01tVT0000015ETBYA2
WHITE,WHITE,01tVT0000015ETCYA2
,WOOD + BLACK,01tVT0000015EWPYA2
WOOD + BLACK,WOOD + BLACK,01tVT0000015EhkYAE
MULTIPLE,MULTIPLE,01tVT0000015EjJYAU
WOOD + GREY,WOOD + GREY,01tVT0000015EjLYAU
,MULTIPLE,01tVT0000015EjMYAU
BROWN,BROWN,01tVT0000015EmXYAU
,BROWN,01tVT0000015EszYAE
WOOD + BLACK,WOOD + BLACK,01tVT0000015F5tYAE
,BROWN,01tVT0000015F5uYAE
WOOD,WOOD,01tVT0000015FFZYA2
,WOOD,01tVT0000015FHBYA2
,BROWN,01tVT0000015FSTYA2
WOOD + WHITE,WOOD + WHITE,01tVT0000015FXJYA2
BROWN,BROWN,01tVT0000015FfNYAU
WOOD + BLACK,WOOD + BLACK,01tVT0000015FfOYAU
GREY,GREY,01tVT0000015FttYAE
,GREY,01tVT0000015FvVYAU
,MULTIPLE,01tVT0000015FvXYAU
,WOOD + BLACK,01tVT0000015G5CYAU
DARK,DARK,01tVT0000015GI6YAM
WOOD + BLACK,WOOD + BLACK,01tVT0000015GJhYAM
CREAM,CREAM,01tVT0000015GegYAE
WOOD + BLACK,WOOD + BLACK,01tVT0000015GhtYAE
,WOOD + BLACK,01tVT0000015Gl7YAE
,WHITE+WOOD,01tVT0000015GuoYAE
,BROWN + GREY,01tVT0000015Gy2YAE
GREY + BLACK,GREY + BLACK,01tVT0000015GzfYAE
,WHITE,01tVT0000015H2rYAE
,WOOD+BLACK,01tVT0000015H4TYAU
,WOOD + GREY,01tVT0000015HNqYAM
,BLACK,01tVT0000015HSiYAM
MULTIPLE,MULTIPLE,01tVT0000015HZ7YAM
,MULTIPLE,01tVT0000015HdxYAE
WHITE+WOOD,WHITE+WOOD,01tVT0000015HfaYAE
,BLACK+WOOD,01tVT0000015HhBYAU
GREY,GREY,01tVT0000015Hm1YAE
BLACK,BLACK,01tVT0000015HpFYAU
,BLACK,01tVT0000015HqrYAE
WOOD,WOOD,01tVT0000015HviYAE
METAL,METAL,01tVT0000015I5NYAU
WOOD+BLACK,WOOD+BLACK,01tVT0000015I5OYAU
,CREAM,01tVT0000015I8bYAE
,METAL,01tVT0000015IDRYA2
,WOOD+BLACK,01tVT0000015IGfYAM
BLACK + WOOD,BLACK + WOOD,01tVT0000015IQMYA2
GREEN,GREEN,01tVT0000015ITZYA2
,GREEN,01tVT0000015IWnYAM
BLACK,BLACK,01tVT0000015ImvYAE
,MULTIPLE,01tVT0000015ImwYAE
BLACK,BLACK,01tVT0000015J33YAE
,WHITE+WOOD,01tVT0000015J7uYAE
,BLACK,01tVT0000015JB7YAM
MULTIPLE,MULTIPLE,01tVT0000015JEMYA2
MULTIPLE,MULTIPLE,01tVT0000015JSrYAM
MULTIPLE,MULTIPLE,01tVT0000015JayYAE
,WOOD + BLACK,01tVT0000015Jj0YAE
MULTIPLE,MULTIPLE,01tVT0000015JkbYAE
,WOOD + BLACK,01tVT0000015JmEYAU
WHITE+WOOD,WHITE+WOOD,01tVT0000015JuIYAU
MULTIPLE,MULTIPLE,01tVT0000015K8nYAE
,BLACK + WOOD,01tVT0000015KYbYAM
,DARK,01tVT0000015KdSYAU
MULTIPLE,MULTIPLE,01tVT0000015KgfYAE
,MULTIPLE,01tVT0000015KjtYAE
BROWN,BROWN,01tVT0000015Kn7YAE
,BROWN,01tVT0000015KrxYAE
,GREY + BLACK,01tVT0000015L1dYAE
BROWN + BLACK,BROWN + BLACK,01tVT0000015LMbYAM
,BROWN + BLACK,01tVT0000015LODYA2
,GREY,01tVT0000015LT4YAM
WOOD,WOOD,01tVT0000015Lb7YAE
GREY,GREY,01tVT0000015LeLYAU
,WOOD,01tVT0000015LfxYAE
WHITE,WHITE,01tVT0000015LrFYAU
,WHITE,01tVT0000015LuTYAU
BROWN + GREY,BROWN + GREY,01tVT0000015LzJYAU
BLACK OR WOOD,BLACK OR WOOD,01tVT0000015LzKYAU
DARK,DARK,01tVT0000015MDpYAM
,DARK,01tVT0000015MH3YAM
MULTIPLE,MULTIPLE,01tVT0000015MNXYA2
MULTIPLE,MULTIPLE,01tVT0000015MYnYAM
,MULTIPLE,01tVT0000015MaQYAU
,MULTIPLE,01tVT0000015MfFYAU
,BLACK OR WOOD,01tVT0000015MgrYAE
GREY,GREY,01tVT0000015MvNYAU
,GREY,01tVT0000015N0DYAU
,MULTIPLE,01tVT0000015NEjYAM
MULTIPLE,MULTIPLE,01tVT0000015NWTYA2
,MULTIPLE,01tVT0000015NbJYAU
WHITE,WHITE,01tVT0000015NjNYAU
,WHITE,01tVT0000015NkzYAE
,WOOD,01tVT0000015O2jYAE
,BLACK+WOOD,01tVT0000016GskYAE
WOOD+BLACK,WOOD+BLACK,01tVT0000016Hs2YAE
BLACK+WOOD,BLACK+WOOD,01tVT0000016KDBYA2
,BLACK,01tVT0000016KMsYAM
BLACK,BLACK,01tVT0000016KUwYAM
,WOOD+BLACK,01tVT0000016Kt7YAE
WOOD COLOR,WOOD COLOR,01tVT0000016UJ0YAM
,WOOD COLOR,01tVT0000016Y1eYAE
TEAK COLOR,TEAK COLOR,01tVT0000016ZQjYAM
,TEAK COLOR,01tVT0000016ZTxYAM
,WOOD + BLACK,01tVT0000016eeyYAA
,WOOD + BLACK,01tVT0000016k7eYAA
WOOD + BLACK,WOOD + BLACK,01tVT0000016kh7YAA
WOOD + BLACK,WOOD + BLACK,01tVT0000016lGbYAI
BLACK,BLACK,01tVT0000017zscYAA
ROSE RED / BLACK / BLUE,ROSE RED / BLACK / BLUE,01tVT000001808lYAA
KHAKI,KHAKI,01tVT00000180VKYAY
BLACK,BLACK,01tVT000001816QYAQ
,GREEN/YELLOW/PINK,01tVT00000181ftYAA
,BLACK,01tVT00000181paYAA
,ROSE RED / BLACK / BLUE,01tVT00000182QgYAI
,BLACK,01tVT00000183BSYAY
MULTIPLE,MULTIPLE,01tVT00000183mXYAQ
,MULTIPLE,01tVT00000183plYAA
,KHAKI,01tVT000001842gYAA
BLACK,BLACK,01tVT000001845tYAA
,BLACK,01tVT000001847VYAQ
MULTIPLE,MULTIPLE,01tVT00000184HBYAY
,MULTIPLE,01tVT00000184KPYAY
WHITE + WOOD,WHITE + WOOD,01tVT0000018JjGYAU
BLACK OR WHITE + WOOD,BLACK OR WHITE + WOOD,01tVT0000018KaUYAU
GREY,GREY,01tVT0000018KgxYAE
,BLACK OR WHITE + WOOD,01tVT0000018LgDYAU
,WHITE + WOOD,01tVT0000018M9FYAU
,GREY,01tVT0000018MHKYA2
,BLACK + SILVER,01tVT000001B8xnYAC
,RED,01tVT000001B9fKYAS
,RED,01tVT000001BA3XYAW
,BLACK + SILVER,01tVT000001BALJYA4
RED,RED,01tVT000001BBsQYAW
BLACK,BLACK,01tVT000001BCyAYAW
BLACK + SILVER,BLACK + SILVER,01tVT000001BDnmYAG
RED,RED,01tVT000001BE0fYAG
BLACK + SILVER,BLACK + SILVER,01tVT000001BEbmYAG
BLACK,BLACK,01tVT000001BFROYA4
,BLACK + SILVER,01tVT000001BG5iYAG
BLACK + SILVER,BLACK + SILVER,01tVT000001BGLpYAO
,BLACK,01tVT000001BGNRYA4
BLACK + SILVER,BLACK + SILVER,01tVT000001BH3NYAW
,BLACK + SILVER,01tVT000001BH8DYAW
,BLACK,01tVT000001BI7VYAW
WOOD + BLACK,WOOD + BLACK,01tVT000001Hc6kYAC
,WOOD + BLACK,01tVT000001HcrWYAS
GREY+WOOD+BLACK,GREY+WOOD+BLACK,01tVT000001HfHVYA0
,GREY+WOOD+BLACK,01tVT000001HfW1YAK
WHITE+GREEN,WHITE+GREEN,01tVT000001HgdNYAS
,WHITE+GREEN,01tVT000001HgjpYAC
BROWN+WOOD+BLACK,BROWN+WOOD+BLACK,01tVT000001HjzRYAS
,BROWN+WOOD+BLACK,01tVT000001HkHBYA0
WOOD,WOOD,01tVT000001Hl5DYAS
,BLACK,01tVT000001HmMFYA0
BLACK,BLACK,01tVT000001HmVtYAK
GREY + WOOD,GREY + WOOD,01tVT000001Hmm2YAC
WOOD,WOOD,01tVT000001HnBpYAK
,WOOD,01tVT000001HnF3YAK
LIGHT COFFEE,LIGHT COFFEE,01tVT000001HnLXYA0
BLACK + GREY,BLACK + GREY,01tVT000001HnN7YAK
,BLACK + GREY,01tVT000001HnRxYAK
,GREY + WOOD,01tVT000001HoB7YAK
,LIGHT COFFEE,01tVT000001HoXhYAK
,WOOD,01tVT000001HoxWYAS
,WOOD,01tVT000001HpK5YAK
WOOD,WOOD,01tVT000001HqG9YAK
,WOOD,01tVT000001HqKzYAK
WOOD,WOOD,01tVT000001HqfxYAC
,WOOD,01tVT000001HqmPYAS
WOOD,WOOD,01tVT000001HrVaYAK
WOOD,WOOD,01tVT000001HrXBYA0
,WOOD,01tVT000001HrwzYAC
WOOD,WOOD,01tVT000001HsJaYAK
,WOOD,01tVT000001HsUrYAK
NATURAL+BLACK,NATURAL+BLACK,01tVT000001JDH8YAO
WOOD,WOOD,01tVT000001JEmgYAG
,NATURAL+BLACK,01tVT000001JFu1YAG
PINK,PINK,01tVT000001JG26YAG
,PINK,01tVT000001JGQKYA4
WOOD,WOOD,01tVT000001JI2HYAW
,WOOD,01tVT000001JI8jYAG
WOOD + GREY,WOOD + GREY,01tVT000001JILeYAO
,WOOD,01tVT000001JINFYA4
,WOOD + GREY,01tVT000001JJ1ZYAW
GREEN,GREEN,01tVT000001JJKwYAO
PINK,PINK,01tVT000001JJWDYA4
,PINK,01tVT000001JJb3YAG
,GREEN,01tVT000001JJpZYAW
BLACK,BLACK,01tVT000001JMkDYAW
,BLACK,01tVT000001JMx7YAG
,WOOD,01tVT000001KicEYAS
,WOOD,01tVT000001KjBjYAK
WOOD,WOOD,01tVT000001KkuAYAS
WOOD,WOOD,01tVT000001KkxNYAS
,WOOD,01tVT000001Kl2DYAS
WOOD,WOOD,01tVT000001KlGjYAK
WOOD,WOOD,01tVT000001KlVFYA0
,WOOD,01tVT000001Kla5YAC
,WOOD + WHITE,01tVT000001KmJGYA0
WOOD + WHITE,WOOD + WHITE,01tVT000001KmPhYAK
PINK,PINK,01tVT000001POJVYA4
,PINK,01tVT000001POOLYA4
,WOOD,01tVT000001QxOsYAK
WOOD,WOOD,01tVT000001R1M3YAK
WOOD,WOOD,01tVT000001R3CXYA0
,WOOD,01tVT000001R4a1YAC
GRAY,GRAY,01tVT000001TULWYA4
,BROWN,01tVT000001TkN4YAK
WOOD,WOOD,01tVT000001TkQIYA0
WOOD,WOOD,01tVT000001TkTVYA0
,WOOD,01tVT000001TkYLYA0
BROWN,BROWN,01tVT000001TkgPYAS
,WOOD,01tVT000001TkrhYAC
,GRAY,01tVT000001TlMLYA0
,BLACK,01tVT000001bF4LYAU
WOOD+WHITE,WOOD+WHITE,01tVT000001bFE2YAM
BLACK,BLACK,01tVT000001bFYzYAM
,BLACK,01tVT000001bFcDYAU
,WOOD+WHITE,01tVT000001bG0PYAU
,BLACK+ORANGE,01tVT000001bG0QYAU
BLACK+RED,BLACK+RED,01tVT000001bGJlYAM
,BLACK+RED,01tVT000001bGLNYA2
,BLACK+GRAY,01tVT000001bGd8YAE
BLACK+GRAY,BLACK+GRAY,01tVT000001bGlBYAU
BLACK+ORANGE,BLACK+ORANGE,01tVT000001bHAzYAM
GREY + WOOD,GREY + WOOD,01tVT000001bZ9VYAU
,GREY + WOOD,01tVT000001bZELYA2
BEIGE,BEIGE,01tVT000001ceVLYAY
,BROWN + BLACK,01tVT000001ciYxYAI
,BEIGE,01tVT000001cjQ9YAI
,GREEN,01tVT000001cjzgYAA
WHITE,WHITE,01tVT000001ckCXYAY
,WHITE,01tVT000001ckFlYAI
BROWN + BLACK,BROWN + BLACK,01tVT000001ckhBYAQ
,MULTIPLE,01tVT000001cl0ZYAQ
WOOD,WOOD,01tVT000001cxZZYAY
,WOOD,01tVT000001cxg1YAA
WOOD,WOOD,01tVT000001cxw9YAA
,WOOD,01tVT000001cxzNYAQ
NATURAL+BLACK,NATURAL+BLACK,01tVT000001kiiEYAQ
,NATURAL+BLACK,01tVT000001kiiFYAQ
WOOD,WOOD,01tVT000001kjkjYAA
,WOOD,01tVT000001kjkkYAA
PINK,PINK,01tVT000001kjnxYAA
,PINK,01tVT000001kjnyYAA
GREEN,GREEN,01tVT000001kjrBYAQ
,GREEN,01tVT000001kjrCYAQ
WOOD,WOOD,01tVT000001kjw1YAA
,WOOD,01tVT000001kjw2YAA
,BLACK,01tVT000001meQpYAI
BLACK,BLACK,01tVT000001mfMsYAI
GREY+WOOD+BLACK,GREY+WOOD+BLACK,01tVT000001qX2YYAU
,GREY+WOOD+BLACK,01tVT000001qX2ZYAU
BROWN+WOOD+BLACK,BROWN+WOOD+BLACK,01tVT000001qYTFYA2
,BROWN+WOOD+BLACK,01tVT000001qYTGYA2
BLACK + GREY,BLACK + GREY,01tVT000001qYY5YAM
,BLACK + GREY,01tVT000001qYY6YAM
LIGHT COFFEE,LIGHT COFFEE,01tVT000001qYZhYAM
,LIGHT COFFEE,01tVT000001qYZiYAM
WOOD,WOOD,01tVT000001qYbJYAU
,WOOD,01tVT000001qYbKYAU
WOOD,WOOD,01tVT000001qYeXYAU
,WOOD,01tVT000001qYeYYAU
GREY,GREY,01tVT000001qYg9YAE
,GREY,01tVT000001qYgAYAU
WOOD,WOOD,01tVT000001qr65YAA
,WOOD,01tVT000001qr66YAA
BEIGE + WOOD,BEIGE + WOOD,01tVT000001sRM1YAM
,BEIGE + WOOD,01tVT000001sRQrYAM
BLACK / WHITE,BLACK / WHITE,01tVT000001sRViYAM
WHITE+ORANGE,WHITE+ORANGE,01tVT000001sRYwYAM
MULTIPLE,MULTIPLE,01tVT000001sRgzYAE
,MULTIPLE,01tVT000001sRibYAE
,WHITE+ORANGE,01tVT000001sRqgYAE
BROWN,BROWN,01tVT000001sS5DYAU
GREY,GREY,01tVT000001sSOXYA2
,BLACK / WHITE,01tVT000001sSTOYA2
,GREY,01tVT000001sSWbYAM
,BROWN,01tVT000001sT7hYAE
BLACK + WOOD,BLACK + WOOD,01tVT000001sTfaYAE
,BLACK + WOOD,01tVT000001sUADYA2
,WOOD,01tVT000001sUVCYA2
WHITE+GRAY,WHITE+GRAY,01tVT000001sUwcYAE
,WHITE+GRAY,01tVT000001sUwdYAE
WHITE+YELLOW+GRAY,WHITE+YELLOW+GRAY,01tVT000001sVKnYAM
,WHITE+YELLOW+GRAY,01tVT000001sVMPYA2
WOOD,WOOD,01tVT000001sVr3YAE
BLACK + RED,BLACK + RED,01tVT000001svK6YAI
,BLACK + RED,01tVT000001svK7YAI
WHITE + NATURAL,WHITE + NATURAL,01tVT000001t1kVYAQ
,WHITE + NATURAL,01tVT000001t1kWYAQ
WOOD,WOOD,01tVT000001t2VGYAY
,WOOD,01tVT000001t2VHYAY
NATURAL + BLACK,NATURAL + BLACK,01tVT000001t2YUYAY
,NATURAL + BLACK,01tVT000001t2YVYAY
BLACK AND WOOD NATURAL,BLACK AND WOOD NATURAL,01tVT000001t3EQYAY
,BLACK AND WOOD NATURAL,01tVT000001t3ERYAY
WHITE,WHITE,01tVT000001t3MUYAY
,WHITE,01tVT000001t3MVYAY
NATURAL + BLACK,NATURAL + BLACK,01tVT000001t3W9YAI
,NATURAL + BLACK,01tVT000001t3WAYAY
WHITE,WHITE,01tVT000001t3XlYAI
,WHITE,01tVT000001t3XmYAI
BLACK,BLACK,01tVT000001t3ZNYAY
,BLACK,01tVT000001t3ZOYAY
BLACK AND WOOD NATURAL,BLACK AND WOOD NATURAL,01tVT000001t3cbYAA
,BLACK AND WOOD NATURAL,01tVT000001t3ccYAA
BLACK AND WOOD NATURAL,BLACK AND WOOD NATURAL,01tVT000001t3eDYAQ
,BLACK AND WOOD NATURAL,01tVT000001t3eEYAQ
WOOD + BLACK,WOOD + BLACK,01tVT000001t3fpYAA
,WOOD + BLACK,01tVT000001t3fqYAA
BLACK,BLACK,01tVT000001t3hRYAQ
,BLACK,01tVT000001t3hSYAQ
BLUE,BLUE,01tVT000001t3mHYAQ
BLUE,BLUE,01tVT000001t3mIYAQ
BLUE OR YELLOW,BLUE OR YELLOW,01tVT000001t3pVYAQ
,BLUE OR YELLOW,01tVT000001t3pWYAQ
BROWN,BROWN,01tVT000001t3r7YAA
,BROWN,01tVT000001t3r8YAA
BLACK,BLACK,01tVT000001t3vxYAA
,BLACK,01tVT000001t3vyYAA
BLACK AND WOOD NATURAL,BLACK AND WOOD NATURAL,01tVT000001t40nYAA
,BLACK AND WOOD NATURAL,01tVT000001t40oYAA
BEIGE + WOOD,BEIGE + WOOD,01tVT000001vPkHYAU
,BEIGE + WOOD,01tVT000001vPkIYAU
MULTIPLE,MULTIPLE,01tVT000001vPqjYAE
,MULTIPLE,01tVT000001vPqkYAE
WHITE+ORANGE,WHITE+ORANGE,01tVT000001vPtxYAE
,WHITE+ORANGE,01tVT000001vPtyYAE
BLACK,BLACK,01tVT000001vUnBYAU
,BLACK,01tVT000001vUnCYAU
GRAY+WOOD,GRAY+WOOD,01tVT000001wGzuYAE
,GRAY+WOOD,01tVT000001wGzvYAE
GRAY,GRAY,01tVT000001wHxZYAU
,GRAY,01tVT000001wHxaYAE
,MULTICOLOUR,01tVT000001wnXeYAI
BLUE / PINK + WHITE,BLUE / PINK + WHITE,01tVT000001wov8YAA
MULTICOLOUR,MULTICOLOUR,01tVT000001woyLYAQ
,MULTICOLOUR,01tVT000001wp3BYAQ
,CREAM,01tVT000001wpMZYAY
MULTICOLOR,MULTICOLOR,01tVT000001wpb3YAA
MULTICOLOUR,MULTICOLOUR,01tVT000001wpcgYAA
PINK + WHITE,PINK + WHITE,01tVT000001wpj7YAA
,MULTICOLOR,01tVT000001wpkjYAA
,PINK + WHITE,01tVT000001wpmLYAQ
CREAM,CREAM,01tVT000001wppaYAA
CREAM,CREAM,01tVT000001wpxdYAA
CREAM,CREAM,01tVT000001wpzFYAQ
,CREAM,01tVT000001wq45YAA
,CREAM,01tVT000001wq5hYAA
,BLUE / PINK + WHITE,01tVT000001wqVVYAY
MULTICOLOUR,MULTICOLOUR,01tVT000001wqX8YAI
MULTIPLE,MULTIPLE,01tVT000001wqgnYAA
,MULTIPLE,01tVT000001wqiPYAQ
MULTIPLE,MULTIPLE,01tVT000001wqs5YAA
,MULTIPLE,01tVT000001wqyXYAQ
MULTICOLOUR,MULTICOLOUR,01tVT000001wr09YAA
MULTIPLE,MULTIPLE,01tVT000001wr9pYAA
,MULTIPLE,01tVT000001wrBRYAY
MULTICOLOUR,MULTICOLOUR,01tVT000001wrGHYAY
,MULTICOLOUR,01tVT000001wrL7YAI
MULTIPLE,MULTIPLE,01tVT000001wrMjYAI
,MULTIPLE,01tVT000001wrPxYAI
CREAM/BLUE,CREAM/BLUE,01tVT000001wrY1YAI
,CREAM/BLUE,01tVT000001wrZdYAI
,MULTICOLOUR,01tVT000001wrZeYAI
MULTIPLE,MULTIPLE,01tVT000001wrg5YAA
,MULTIPLE,01tVT000001wrhhYAA
,MULTICOLOUR,01tVT000001wrrNYAQ
MULTICOLOR,MULTICOLOR,01tVT000001xHicYAE
MULTICOLOUR,MULTICOLOUR,01tVT000001xIGTYA2
,MULTICOLOUR,01tVT000001xII5YAM
MULTICOLOUR,MULTICOLOUR,01tVT000001xIUzYAM
,MULTICOLOUR,01tVT000001xIWbYAM
MULTICOLOR,MULTICOLOR,01tVT000001xIjVYAU
,MULTICOLOR,01tVT000001xIl7YAE
MULTICOLOR,MULTICOLOR,01tVT000001xIwQYAU
,MULTICOLOR,01tVT000001xIy1YAE
,MULTICOLOR,01tVT000001xJ9JYAU
BLACK,BLACK,01tVT000001xJHNYA2
,BLACK,01tVT000001xJIzYAM
,MULTICOLOUR,01tVT000001xMLiYAM
MULTICOLOUR,MULTICOLOUR,01tVT000001xMYbYAM
BLACK,BLACK,01tVT000001xNT3YAM
,BLACK,01tVT000001xNXtYAM
,WHITE OR BLACK,01tVT000001xaDNYAY
,WHITE,01tVT000001xeNSYAY
,BLACK AND WOOD NATURAL,01tVT000001xeQfYAI
WHITE,WHITE,01tVT000001xgKRYAY
,WHITE,01tVT000001xhbRYAQ
WHITE,WHITE,01tVT000001xiUHYAY
,BLUE OR YELLOW,01tVT000001yVhtYAE
,WHITE,01tVT000001yVmjYAE
,BLACK,01tVT000001ykfKYAQ
,NATURAL + BLACK,01tVT000001ymZ3YAI
BLACK,BLACK,01tVT000001ynN3YAI
,BLACK,01tVT000001ynRtYAI
,WHITE,01tVT0000020NebYAE
BLACK + WOOD,BLACK + WOOD,01tVT00000258S1YAI
,BLACK + WOOD,01tVT00000258S2YAI
GREY + WOOD,GREY + WOOD,01tVT0000028RzZYAU
,GREY + WOOD,01tVT0000028RzaYAE
WOOD,WOOD,01tVT0000028S1BYAU
,WOOD,01tVT0000028S1CYAU
BLACK,BLACK,01tVT0000028S61YAE
,BLACK,01tVT0000028S62YAE
WHITE+GREEN,WHITE+GREEN,01tVT0000028S7dYAE
,WHITE+GREEN,01tVT0000028S7eYAE
GREY + BLACK,GREY + BLACK,01tVT000002Gmh3YAC
,GREY + BLACK,01tVT000002GmltYAC
BLUE + WOOD,BLUE + WOOD,01tVT000002Gn3dYAC
,BLUE + WOOD,01tVT000002Gn5FYAS
CREAM,CREAM,01tVT000002GnGYYA0
GREY,GREY,01tVT000002GnRpYAK
,GREY,01tVT000002GnTRYA0
GREY,GREY,01tVT000002Go1KYAS
GREY,GREY,01tVT000002Go2vYAC
,GREY,01tVT000002Go4XYAS
BROWN + BLACK,BROWN + BLACK,01tVT000002GoHRYA0
,BROWN + BLACK,01tVT000002GoJ3YAK
GRAY,GRAY,01tVT000002GohFYAS
,GRAY,01tVT000002Gom5YAC
PINK,PINK,01tVT000002GovlYAC
,PINK,01tVT000002Gp0bYAC
,CREAM,01tVT000002GpF7YAK
,GREY,01tVT000002GpNBYA0
DARK GREY,DARK GREY,01tVT000002Gpa5YAC
,DARK GREY,01tVT000002GpbhYAC
,GREY,01tVT000002IHFlYAO
NATURAL+BLACK,NATURAL+BLACK,01tVT000002JLR0YAO
,NATURAL+BLACK,01tVT000002JLR1YAO
WOOD + BLACK,WOOD + BLACK,01tVT000002JLu2YAG
,WOOD + BLACK,01tVT000002JLu3YAG
GRAY+WOOD,GRAY+WOOD,01tVT000002JMJpYAO
,GRAY+WOOD,01tVT000002JMJqYAO
BLACK+WOOD,BLACK+WOOD,01tVT000002JMLRYA4
,BLACK+WOOD,01tVT000002JMLSYA4
BLACK+WOOD,BLACK+WOOD,01tVT000002JMN3YAO
,BLACK+WOOD,01tVT000002JMN4YAO
WOOD+BLACK,WOOD+BLACK,01tVT000002JMRtYAO
,WOOD+BLACK,01tVT000002JMRuYAO
GRAY + WOOD,GRAY + WOOD,01tVT000002JMWjYAO
,GRAY + WOOD,01tVT000002JMWkYAO
WOOD+BLACK,WOOD+BLACK,01tVT000002JMbZYAW
,WOOD+BLACK,01tVT000002JMbaYAG
MULTIPLE,MULTIPLE,01tVT000002JMgPYAW
,MULTIPLE,01tVT000002JMgQYAW
WOOD + WHITE,WOOD + WHITE,01tVT000002JMi1YAG
,WOOD + WHITE,01tVT000002JMi2YAG
GREY,GREY,01tVT000002JMmrYAG
,GREY,01tVT000002JMmsYAG
WHITE + BLACK,WHITE + BLACK,01tVT000002JMoTYAW
,WHITE + BLACK,01tVT000002JMoUYAW
BROWN + BLACK,BROWN + BLACK,01tVT000002JMq5YAG
,BROWN + BLACK,01tVT000002JMq6YAG
BLACK,BLACK,01tVT000002JMtJYAW
,BLACK,01tVT000002JMtKYAW
BLUE,BLUE,01tVT000002JN6DYAW
,BLUE,01tVT000002JN6EYAW
MULTIPLE,MULTIPLE,01tVT000002JN7pYAG
,MULTIPLE,01tVT000002JN7qYAG
GREY,GREY,01tVT000002JN9RYAW
,GREY,01tVT000002JN9SYAW
CREAM,CREAM,01tVT000002JNZFYA4
,CREAM,01tVT000002JNZGYA4
WOOD + GREY,WOOD + GREY,01tVT000002RhxNYAS
,WOOD + GREY,01tVT000002Rl89YAC
BLACK,BLACK,01tVT000002RlGDYA0
,BLACK,01tVT000002RlL3YAK
BLACK,BLACK,01tVT000002RlkrYAC
,BLACK,01tVT000002RlphYAC
BLACK,BLACK,01tVT000002Rm93YAC
,BLACK,01tVT000002RmDtYAK
BLACK + GREY,BLACK + GREY,01tVT000002RmKMYA0
WOOD + GREY,WOOD + GREY,01tVT000002RmfJYAS
,WOOD + GREY,01tVT000002Rmk9YAC
,BLACK + GREY,01tVT000002RnBZYA0
WHITE + GREY + BROWN,WHITE + GREY + BROWN,01tVT000002RnWYYA0
,WHITE + GREY + BROWN,01tVT000002RnhpYAC
,WHITE + GREY + BROWN,01tVT000002RnwMYAS
GREY,GREY,01tVT000002Ro1BYAS
,WOOD + GREY,01tVT000002Ro1CYAS
,GREY,01tVT000002Ro4PYAS
WHITE + GREY + BROWN,WHITE + GREY + BROWN,01tVT000002RoPNYA0
WOOD + GREY,WOOD + GREY,01tVT000002RocHYAS
,WOOD + GREY,01tVT000002RodtYAC
WOOD + GREY,WOOD + GREY,01tVT000002Rp0TYAS
MULTIPLE,MULTIPLE,01tVT000002SvVFYA0
,MULTIPLE,01tVT000002SvdJYAS
,MULTIPLE,01tVT000002Svn0YAC
MULTIPLE,MULTIPLE,01tVT000002Svv3YAC
,MULTIPLE,01tVT000002Sw37YAC
MULTIPLE,MULTIPLE,01tVT000002SwG1YAK
,MULTIPLE,01tVT000002SwXmYAK
MULTIPLE,MULTIPLE,01tVT000002SwfpYAC
GREY,GREY,01tVT000002UMEsYAO
,GREY,01tVT000002UNneYAG
,GREY,01tVT000002UNpGYAW
GREY,GREY,01tVT000002UNpHYAW
,PINK + BLACK,01tVT000002UOOkYAO
,WHITE,01tVT000002UOlKYAW
GREY + WOOD,GREY + WOOD,01tVT000002UOtOYAW
GREY,GREY,01tVT000002UOv0YAG
WHITE,WHITE,01tVT000002UP4gYAG
PINK + BLACK,PINK + BLACK,01tVT000002UP9VYAW
,BLUE,01tVT000002UPEMYA4
ORANGE,ORANGE,01tVT000002UPMPYA4
,ORANGE,01tVT000002UPPdYAO
BLUE,BLUE,01tVT000002UPSrYAO
COLOR OPTIONS,COLOR OPTIONS,01tVT000002UPsfYAG
,COLOR OPTIONS,01tVT000002UPuHYAW
WHITE,WHITE,01tVT000002UPz7YAG
,WHITE,01tVT000002UQ3xYAG
GREY,GREY,01tVT000002UQ7BYAW
,GREY,01tVT000002UQDdYAO
,GREY + WOOD,01tVT000002UQITYA4
GREY,GREY,01tVT000002UQOvYAO
,GREY,01tVT000002UQQXYA4
,GREY,01tVT000002UQYbYAO
,WHITE,01tVT000002V4mBYAS
WHITE,WHITE,01tVT000002V5v7YAC
WHITE,WHITE,01tVT000002V6O9YAK
,WHITE,01tVT000002V6SzYAK
,WHITE,01tVT000002V6XqYAK
WHITE,WHITE,01tVT000002V6rBYAS
WHITE,WHITE,01tVT000002V78vYAC
,WHITE,01tVT000002V7AXYA0
MULTIPLE,MULTIPLE,01tVT000002WxyHYAS
,MULTIPLE,01tVT000002Wy1VYAS
GREEN,GREEN,01tVT000002X20HYAS
,GREEN,01tVT000002X21tYAC
,MULTIPLE,01tVT000002X2mgYAC
MULTIPLE,MULTIPLE,01tVT000002X3xFYAS
,MULTIPLE,01tVT000002X425YAC
MULTIPLE,MULTIPLE,01tVT000002X4EzYAK
,MULTIPLE,01tVT000002X4LSYA0
MULTIPLE,MULTIPLE,01tVT000002X4OfYAK
GREEN,GREEN,01tVT000002YNInYAO
,GREEN,01tVT000002YNKPYA4
GREEN,GREEN,01tVT000002Z2CHYA0
,GREEN,01tVT000002Z2CIYA0
PINK,PINK,01tVT000002ZVfiYAG
,PINK,01tVT000002ZXeHYAW
GREEN,GREEN,01tVT000002exBVYAY
,GREEN,01tVT000002exBWYAY
PINK,PINK,01tVT000002exGLYAY
,PINK,01tVT000002exGMYAY
BLACK+GREY,BLACK+GREY,01tVT000002nijeYAA
BLACK+CREAM,BLACK+CREAM,01tVT000002njVzYAI
CREAM,CREAM,01tVT000002njmAYAQ
,BLACK+CREAM,01tVT000002nklTYAQ
BLACK,BLACK,01tVT000002nkyHYAQ
,BLACK,01tVT000002nnzLYAQ
,BLACK+GREY,01tVT000002npcwYAA
,CREAM,01tVT000002nq4LYAQ
,BLACK,01tVT000002oKwsYAE
,BLACK,01tVT000002oMLyYAM
WHITE+BLACK,WHITE+BLACK,01tVT000002oMQnYAM
,WHITE+BLACK,01tVT000002oMVdYAM
,BLACK,01tVT000002oMfKYAU
SILVER,SILVER,01tVT000002oMqbYAE
,SILVER,01tVT000002oMsDYAU
BLACK,BLACK,01tVT000002oN0HYAU
BLACK,BLACK,01tVT000002oN8LYAU
,BLACK,01tVT000002oNDBYA2
BLACK,BLACK,01tVT000002oNI1YAM
,BLACK,01tVT000002oNLFYA2
BLACK,BLACK,01tVT000002oNWXYA2
BLACK,BLACK,01tVT000002oNgDYAU
,BLACK,01tVT000002oNl3YAE
,GOLD,01tVT000002oNulYAE
BLACK,BLACK,01tVT000002oO7dYAE
,BLACK,01tVT000002oO9FYAU
BLACK,BLACK,01tVT000002oOIvYAM
BLACK,BLACK,01tVT000002oOXRYA2
,BLACK,01tVT000002oOZ3YAM
BLACK,BLACK,01tVT000002oPRtYAM
,BLACK,01tVT000002oPenYAE
BLACK,BLACK,01tVT000002oQ9RYAU
GOLD,GOLD,01tVT000002oQCgYAM
,BLACK,01tVT000002oQEHYA2
BLACK,BLACK,01tVT000002oQXdYAM
,BLACK,01tVT000002oQcTYAU
BLACK,BLACK,01tVT000002oQkXYAU
,BLACK,01tVT000002oQm9YAE
BLACK,BLACK,01tVT000002oQsbYAE
,BLACK,01tVT000002oQxRYAU
BLACK+GOLD,BLACK+GOLD,01tVT000002oR3tYAE
,BLACK+GOLD,01tVT000002oR5VYAU
BLACK+GOLD,BLACK+GOLD,01tVT000002oRBxYAM
,BLACK+GOLD,01tVT000002oRGnYAM
,WHITE+BLACK,01tVT000002oUJWYA2
GOLD+BLACK,GOLD+BLACK,01tVT000002oUL9YAM
BROWN,BROWN,01tVT000002oUeTYAU
,BROWN,01tVT000002oUg5YAE
BLACK,BLACK,01tVT000002oUplYAE
,WHITE+GOLD,01tVT000002oUpmYAE
,BLACK,01tVT000002oUrNYAU
BLACK,BLACK,01tVT000002oUzRYAU
,BLACK,01tVT000002oV13YAE
SLIVER,SLIVER,01tVT000002oVCLYA2
,SLIVER,01tVT000002oVDxYAM
,SLIVER,01tVT000002oVInYAM
,GOLD+BLACK,01tVT000002oVXJYA2
BLACK,BLACK,01tVT000002oVc9YAE
,BLACK,01tVT000002oVfNYAU
,BLACK,01tVT000002oVgzYAE
BLACK,BLACK,01tVT000002oW0LYAU
,BLACK,01tVT000002oW5BYAU
WHITE,WHITE,01tVT000002oWDFYA2
GLASS+BLACK,GLASS+BLACK,01tVT000002oWDGYA2
,WHITE,01tVT000002oWErYAM
WHITE+GOLD,WHITE+GOLD,01tVT000002oWQAYA2
STONE+BROWN,STONE+BROWN,01tVT000002oWTNYA2
,STONE+BROWN,01tVT000002oWUzYAM
GLASS,GLASS,01tVT000002oWefYAE
,GLASS,01tVT000002oWgHYAU
,GLASS+BLACK,01tVT000002oX1FYAU
YELLOW,YELLOW,01tVT000002oXPRYA2
,YELLOW,01tVT000002oXUHYA2
MULTICOLOR,MULTICOLOR,01tVT000002oXhBYAU
,MULTICOLOR,01tVT000002oXinYAE
BLACK+SLIVER+WHITE,BLACK+SLIVER+WHITE,01tVT000002oXqrYAE
,BLACK+SLIVER+WHITE,01tVT000002oXu5YAE
WHITE+BLACK,WHITE+BLACK,01tVT000002oY0XYAU
,BROWN,01tVT000002pEuEYAU
,NATURAL+BLACK,01tVT000002pGO9YAM
BLACK,BLACK,01tVT000002vXXaYAM
MULTIPLE,MULTIPLE,01tVT000002vXvlYAE
,MULTIPLE,01tVT000002vY0bYAE
,BLACK,01tVT000002vYDVYA2
BLACK,BLACK,01tVT000002vYrpYAE
,BLACK,01tVT000002vYtRYAU
,WHITE,01tVT000002w8NSYAY
BLACK,BLACK,01tVT000002w9GHYAY
,BLACK,01tVT000002w9L7YAI
BROWN + BLACK,BROWN + BLACK,01tVT000002wAx8YAE
BLACK,BLACK,01tVT000002wBMvYAM
,BLACK,01tVT000002wBOXYA2
BLACK,BLACK,01tVT000002wBZpYAM
,BLACK,01tVT000002wBbRYAU
BLACK,BLACK,01tVT000002wBoLYAU
,BLACK,01tVT000002wBpxYAE
BLACK,BLACK,01tVT000002wBzdYAE
WHITE / GREY,WHITE / GREY,01tVT000002wC1GYAU
,BLACK,01tVT000002wC4TYAU
BLACK,BLACK,01tVT000002wC7hYAE
,BLACK,01tVT000002wCCXYA2
,BROWN + BLACK,01tVT000002wCIzYAM
,WHITE / GREY,01tVT000002wCinYAE
WHITE,WHITE,01tVT000002wCsTYAU
WHITE,WHITE,01tVT000002wDF3YAM
BLACK,BLACK,01tVT000002wDH1YAM
,WHITE,01tVT000002wDLVYA2
WHITE,WHITE,01tVT000002wDTZYA2
WHITE+GRAY+WOOD,WHITE+GRAY+WOOD,01tVT000002wDTbYAM
,BLACK+YELLOW,01tVT000002wDWoYAM
,WHITE,01tVT000002wDYPYA2
BROWN + BLACK,BROWN + BLACK,01tVT000002wDerYAE
,BROWN + BLACK,01tVT000002wDgTYAU
,MULTIPLE,01tVT000002wDgVYAU
,WHITE+GRAY+WOOD,01tVT000002wESsYAM
,WOOD + GREY,01tVT000002wFQYYA2
WOOD + BLACK,WOOD + BLACK,01tVT000002wFf4YAE
BLACK+YELLOW,BLACK+YELLOW,01tVT000002wFvBYAU
,WOOD + BLACK,01tVT000002wGT3YAM
WOOD + GREY,WOOD + GREY,01tVT000002wGknYAE
WHITE + GREY,WHITE + GREY,01tVT000002wH5mYAE
,WHITE + GREY,01tVT000002wH7NYAU
BLACK + GREY,BLACK + GREY,01tVT000002wHQjYAM
,BLACK + GREY,01tVT000002wHVZYA2
MULTIPLE,MULTIPLE,01tVT000002wHqXYAU
,BLACK,01tVT000002wI0DYAU
BLACK,BLACK,01tVT000002wI9tYAE
,BLACK,01tVT000002wIEjYAM
GOLD+GRAY+BLACK,GOLD+GRAY+BLACK,01tVT000002wIJZYA2
,GOLD+GRAY+BLACK,01tVT000002wIOPYA2
BLACK,BLACK,01tVT000002wIWTYA2
,BLACK,01tVT000002wIY5YAM
BLUE + WHITE,BLUE + WHITE,01tVT000002wIhlYAE
,BLUE + WHITE,01tVT000002wIoDYAU
BLACK,BLACK,01tVT000002wJ2jYAE
,BLACK,01tVT000002wJ4LYAU
BLACK,BLACK,01tVT000002wJIrYAM
,BLACK,01tVT000002wJKTYA2
BROWN,BROWN,01tVT000002wJigYAE
BLACK+WOOD+GRAY,BLACK+WOOD+GRAY,01tVT000002wJsLYAU
,BLACK+WOOD+GRAY,01tVT000002wJtxYAE
GOLD+BLACK,GOLD+BLACK,01tVT000002wK6sYAE
GOLD,GOLD,01tVT000002wMNBYA2
,GOLD,01tVT000002wMOnYAM
,GOLD+BLACK,01tVT000002wMVGYA2
,BROWN,01tVT000002wMv3YAE
,MULTIPLE,01tVT000002y7jqYAA
MULTIPLE,MULTIPLE,01tVT000002y8uPYAQ
RED-BROWN+BLACK,RED-BROWN+BLACK,01tVT000002yCZpYAM
,RED-BROWN+BLACK,01tVT000002yCefYAE
REDD-BROWN,REDD-BROWN,01tVT000002yEBpYAM
,REDD-BROWN,01tVT000002yEDRYA2
BLUE + WHITE,BLUE + WHITE,01tVT000002yG2LYAU
,WOOD,01tVT000002ymVGYAY
WOOD,WOOD,01tVT000002ymewYAA
WOOD,WOOD,01tVT000002yn4jYAA
,WOOD,01tVT000002yn7xYAA
WOOD,WOOD,01tVT000002ynSvYAI
STONE+WHITE,STONE+WHITE,01tVT000002ynkfYAA
,STONE+WHITE,01tVT000002ynmHYAQ
MULTIPLE,MULTIPLE,01tVT000002ynmIYAQ
,WOOD,01tVT000002yo8rYAA
,MULTIPLE,01tVT000002yoC5YAI
WOOD,WOOD,01tVT000002yoIXYAY
,WOOD,01tVT000002yoK9YAI
MULTIPLE,MULTIPLE,01tVT000002yoLlYAI
,MULTIPLE,01tVT000002yoQbYAI
MULTIPLE,MULTIPLE,01tVT000002yof7YAA
,MULTIPLE,01tVT000002yoiLYAQ
BLACK,BLACK,01tVT000002yotdYAA
,BLACK,01tVT000002yoyTYAQ
WOOD,WOOD,01tVT000002yp05YAA
,WOOD,01tVT000002yp1hYAA
BLACK,BLACK,01tVT000002yp9lYAA
,BLACK,01tVT000002ypBNYAY
WOOD,WOOD,01tVT000002ypOHYAY
,WOOD,01tVT000002ypPtYAI
WOOD,WOOD,01tVT000002ypZZYAY
,WOOD,01tVT000002ypcnYAA
,GREY,01tVT000002yxC9YAI
GREY LIGHT,GREY LIGHT,01tVT000002zSSrYAM
,GREY LIGHT,01tVT000002zSW5YAM
GREY,GREY,01tVT000002zaOoYAI
,WOOD + BLACK,01tVT000002zav5YAA
WOOD + BLACK,WOOD + BLACK,01tVT000002zcyTYAQ
,GREY,01tVT000002zd06YAA
,GREY,01tVT000002zdJRYAY
BLACK + GREY,BLACK + GREY,01tVT000002zdePYAQ
,BLACK + GREY,01tVT000002zdg1YAA
,GREY,01tVT000002zdksYAA
WOOD + BEIGE,WOOD + BEIGE,01tVT000002zdo5YAA
,WOOD + BEIGE,01tVT000002zdrJYAQ
GREY,GREY,01tVT000002ze0zYAA
GREY,GREY,01tVT000002ze2bYAA
,GREY,01tVT000002ze5pYAA
GREY,GREY,01tVT000002zeH7YAI
GREY,GREY,01tVT000002zeSPYAY
,GREY,01tVT000002zeXFYAY
MULTIPLE,MULTIPLE,01tVT000002zeaTYAQ
,MULTIPLE,01tVT000002zec5YAA
,BROWN + BROWN,01tVT000002zec6YAA
CAQUI,CAQUI,01tVT000002zegvYAA
,CAQUI,01tVT000002zellYAA
,BLUE,01tVT000002zenOYAQ
BROWN + BROWN,BROWN + BROWN,01tVT000002zex3YAA
WOOD,WOOD,01tVT000002zf58YAA
BROWN,BROWN,01tVT000002zfDBYAY
,BROWN,01tVT000002zfEnYAI
BLUE,BLUE,01tVT000002zfWXYAY
WHITE,WHITE,01tVT000002zfjRYAQ
,WHITE,01tVT000002zfl3YAA
WHITE,WHITE,01tVT000002zfrVYAQ
,WOOD,01tVT000002zhV7YAI
GREY,GREY,01tVT000002zt01YAA
,GREY,01tVT000002zt02YAA
WOOD + GREY,WOOD + GREY,01tVT0000030C97YAE
,WOOD + GREY,01tVT0000030CAjYAM
BLACK,BLACK,01tVT0000030CaXYAU
,BLACK,01tVT0000030CfNYAU
,WOOD,01tVT0000030DA2YAM
WOOD,WOOD,01tVT0000030F0YYAU
BLACK,BLACK,01tVT0000030JwzYAE
,BLACK,01tVT0000030JybYAE
BLACK,BLACK,01tVT0000030LIsYAM
,BLUE + WHITE,01tVT0000030LYzYAM
BLACK,BLACK,01tVT0000030LdpYAE
,BLACK,01tVT0000030LfRYAU
,BLACK,01tVT0000030LvZYAU
BLACK,BLACK,01tVT0000030vhJYAQ
,BLACK,01tVT0000030vpNYAQ
BLACK,BLACK,01tVT0000030w5VYAQ
,BLACK,01tVT0000030wALYAY
BLACK,BLACK,01tVT0000030wIQYAY
,BLACK,01tVT0000030wQTYAY
BLACK,BLACK,01tVT0000030wlRYAQ
,BLACK,01tVT0000030wn3YAA
BLACK,BLACK,01tVT0000030xftYAA
,BLACK,01tVT0000030xkjYAA
BLACK,BLACK,01tVT0000030y45YAA
,BLACK,01tVT0000030y7JYAQ
,BLACK,01tVT00000314r4YAA
MULTIPLE,MULTIPLE,01tVT00000315NJYAY
MULTIPLE,MULTIPLE,01tVT00000315OvYAI
,MULTIPLE,01tVT00000315QXYAY
MULTIPLE,MULTIPLE,01tVT00000315jtYAA
,MULTIPLE,01tVT00000315lVYAQ
,MULTIPLE,01tVT00000315qLYAQ
MULTIPLE,MULTIPLE,01tVT00000315yPYAQ
,MULTIPLE,01tVT0000031601YAA
BLACK,BLACK,01tVT000003164rYAA
MULTIPLE,MULTIPLE,01tVT00000316RRYAY
,MULTIPLE,01tVT00000316T3YAI
MULTIPLE,MULTIPLE,01tVT00000316UfYAI
,MULTIPLE,01tVT00000316WHYAY
MULTIPLE,MULTIPLE,01tVT00000316pdYAA
,MULTIPLE,01tVT00000316rFYAQ
,MULTIPLE,01tVT000003174AYAQ
MULTIPLE,MULTIPLE,01tVT00000317KHYAY
,MULTIPLE,01tVT000003334UYAQ
MULTIPLE,MULTIPLE,01tVT00000335e9YAA
,MULTIPLE,01tVT00000335izYAA
MULTIPLE,MULTIPLE,01tVT00000335sfYAA
BLACK,BLACK,01tVT0000033dHdYAI
,BLACK,01tVT0000033dMTYAY
WHITE,WHITE,01tVT0000033dZNYAY
,WHITE,01tVT0000033dazYAA
BLACK,BLACK,01tVT0000033dkfYAA
,BLACK,01tVT0000033dntYAA
BLACK,BLACK,01tVT0000033e5dYAA
,BLACK,01tVT0000033eATYAY
,WOOD + WHITE,01tVT0000033ewsYAA
,WOOD + GREY,01tVT0000033fwAYAQ
WOOD + WHITE,WOOD + WHITE,01tVT0000033gtpYAA
RED + WOOD,RED + WOOD,01tVT0000033h57YAA
,RED + WOOD,01tVT0000033h6jYAA
,WOOD + GREY,01tVT0000033hgEYAQ
,ORANGE + WHITE,01tVT0000033iNmYAI
WOOD + BLUE,WOOD + BLUE,01tVT0000033iikYAA
WOOD + GREY,WOOD + GREY,01tVT0000033iqoYAA
,WOOD + BLUE,01tVT0000033jy9YAA
WOOD + GREY,WOOD + GREY,01tVT0000033kB3YAI
,WOOD + GREY,01tVT0000033kCfYAI
GRAY,GRAY,01tVT0000033kEHYAY
GRAY,GRAY,01tVT0000033kFuYAI
,GRAY,01tVT0000033kJ7YAI
WOOD + GREY,WOOD + GREY,01tVT0000033kcTYAQ
BLACK,BLACK,01tVT0000033kuDYAQ
,BLACK,01tVT0000033kvpYAA
GOLD,GOLD,01tVT0000033kz3YAA
,GOLD,01tVT0000033l0fYAA
ORANGE + BLACK,ORANGE + BLACK,01tVT0000033lBxYAI
,ORANGE + BLACK,01tVT0000033lDZYAY
ORANGE + BLACK,ORANGE + BLACK,01tVT0000033lQTYAY
,ORANGE + BLACK,01tVT0000033lS5YAI
,MULTIPLE,01tVT0000033lWwYAI
GREEN + WHITE,GREEN + WHITE,01tVT0000033lezYAA
,GREEN + WHITE,01tVT0000033ljpYAA
ORANGE + WHITE,ORANGE + WHITE,01tVT0000033ljqYAA
YELLOW,YELLOW,01tVT0000033lruYAA
BLACK,BLACK,01tVT0000033lzxYAA
,BLACK,01tVT0000033m4nYAA
MULTIPLE,MULTIPLE,01tVT0000033m9dYAA
,MULTIPLE,01tVT0000033mBFYAY
GRAY,GRAY,01tVT0000033mSzYAI
,GRAY,01tVT0000033mXpYAI
MULTIPLE,MULTIPLE,01tVT0000033mb3YAA
GREY,GREY,01tVT0000033mhVYAQ
,GREY,01tVT0000033mj7YAA
PINK + WHITE,PINK + WHITE,01tVT0000033n2TYAQ
,BLUE,01tVT0000033n2UYAQ
,PINK + WHITE,01tVT0000033n45YAA
,GRAY,01tVT0000033nDlYAI
MULTIPLE,MULTIPLE,01tVT0000033nFNYAY
,MULTIPLE,01tVT0000033nIbYAI
GRAY,GRAY,01tVT0000033nSHYAY
,GRAY,01tVT0000033nVVYAY
BLUE,BLUE,01tVT0000033nYjYAI
,YELLOW,01tVT0000033nvJYAQ
WHITE,WHITE,01tVT0000033o9pYAA
,WHITE,01tVT0000033oBRYAY
BLUE,BLUE,01tVT0000033orNYAQ
,BLUE,01tVT0000033oszYAA
,BLACK,01tVT0000033pAkYAI
BLACK,BLACK,01tVT0000033plpYAA
,GREY LIGHT,01tVT0000034JjxYAE
,GRAY,01tVT0000034KL0YAM
GRAY,GRAY,01tVT0000034KzJYAU
WHITE,WHITE,01tVT0000034MTFYA2
,WHITE,01tVT0000034MWTYA2
,GOLD,01tVT0000034McwYAE
MULTIPLE,MULTIPLE,01tVT0000034Mg9YAE
,MULTIPLE,01tVT0000034MhlYAE
GRAY,GRAY,01tVT0000034MjOYAU
,WHITE,01tVT0000034Ml0YAE
GREEN,GREEN,01tVT0000034MwHYAU
,GREEN,01tVT0000034MxtYAE
GOLD,GOLD,01tVT0000034N7bYAE
,GRAY,01tVT0000034N9BYAU
GRAY,GRAY,01tVT0000034NNhYAM
BLACK,BLACK,01tVT0000034NPJYA2
,GRAY,01tVT0000034NQvYAM
,BLACK,01tVT0000034NSXYA2
GOLD,GOLD,01tVT0000034NacYAE
,MULTIPLE,01tVT0000034NaeYAE
BLACK,BLACK,01tVT0000034NdpYAE
,BLACK,01tVT0000034Nh3YAE
WHITE,WHITE,01tVT0000034NkHYAU
,GOLD,01tVT0000034NtyYAE
BROWN,BROWN,01tVT0000034OA5YAM
,BROWN,01tVT0000034OEvYAM
MULTIPLE,MULTIPLE,01tVT0000034OObYAM
,MULTIPLE,01tVT0000034OQDYA2
BLACK,BLACK,01tVT0000034OYHYA2
,GOLD,01tVT0000034OZtYAM
,BLACK,01tVT0000034ObVYAU
MULTIPLE,MULTIPLE,01tVT0000034OhxYAE
,MULTIPLE,01tVT0000034OwUYAU
,BROWN,01tVT0000034P2wYAE
MULTIPLE,MULTIPLE,01tVT0000034PhFYAU
GOLD,GOLD,01tVT0000034PkTYAU
GOLD,GOLD,01tVT0000034PsXYAU
,GOLD,01tVT0000034Pu9YAE
GOLD,GOLD,01tVT0000034PxNYAU
,GOLD,01tVT0000034PyzYAE
GREY LIGHT,GREY LIGHT,01tVT0000034QDVYA2
BROWN,BROWN,01tVT0000034QF7YAM
BROWN,BROWN,01tVT0000034QdJYAU
,BROWN,01tVT0000034QevYAE
MULTIPLE,MULTIPLE,01tVT0000034QocYAE
BROWN/GRAY,BROWN/GRAY,01tVT0000034R7xYAE
,BROWN/GRAY,01tVT0000034RBBYA2
BROWN,BROWN,01tVT0000034RJFYA2
,BROWN,01tVT0000034RMTYA2
MULTIPLE,MULTIPLE,01tVT0000034SNPYA2
,MULTIPLE,01tVT0000034UQnYAM
MULTIPLE,MULTIPLE,01tVT0000034Uc5YAE
,MULTIPLE,01tVT0000034UgvYAE
GOLD,GOLD,01tVT0000034UllYAE
,GOLD,01tVT0000034UnNYAU
,GOLD,01tVT0000034V0IYAU
GOLD,GOLD,01tVT0000034V57YAE
MULTIPLE,MULTIPLE,01tVT0000034V9xYAE
,MULTIPLE,01tVT0000034VEnYAM
,MULTIPLE,01tVT0000034VTJYA2
MULTICOLOR,MULTICOLOR,01tVT0000034VxxYAE
,MULTICOLOR,01tVT0000034VzZYAU
MULTICOLOR,MULTICOLOR,01tVT0000034W7dYAE
,MULTICOLOR,01tVT0000034W9FYAU
MULTIPLE,MULTIPLE,01tVT0000034WdtYAE
,MULTIPLE,01tVT0000034Wh7YAE
BLACK+WOOD,BLACK+WOOD,01tVT0000034WqnYAE
,BLACK+WOOD,01tVT0000034WyrYAE
BROWN,BROWN,01tVT0000034X5JYAU
,BROWN,01tVT0000034X5KYAU
,BROWN,01tVT0000034X6vYAE
GRAY,GRAY,01tVT0000034XJpYAM
,GRAY,01tVT0000034XOfYAM
BROWN,BROWN,01tVT0000034XwXYAU
GOLD,GOLD,01tVT0000034Xy9YAE
,GOLD,01tVT0000034Y2zYAE
MULTIPLE,MULTIPLE,01tVT0000034Z0mYAE
,MULTIPLE,01tVT0000034bXHYAY
MULTIPLE,MULTIPLE,01tVT0000034ed7YAA
,MULTIPLE,01tVT0000034f4XYAQ
BLACK/GREY+WHITE,BLACK/GREY+WHITE,01tVT0000035DVxYAM
BEIGE,BEIGE,01tVT0000035DVzYAM
,BLACK/GREY+WHITE,01tVT0000035DanYAE
MULTIPLE,MULTIPLE,01tVT0000035De2YAE
BROWN,BROWN,01tVT0000035DnhYAE
,BROWN,01tVT0000035DsXYAU
,GRAY,01tVT0000035E5SYAU
,BLACK + CREAM,01tVT0000035EIMYA2
,MULTIPLE,01tVT0000035EOoYAM
GRAY,GRAY,01tVT0000035EQPYA2
,GRAY,01tVT0000035ES1YAM
GRAY,GRAY,01tVT0000035EVGYA2
GRAY,GRAY,01tVT0000035EmzYAE
MULTIPLE,MULTIPLE,01tVT0000035EztYAE
,MULTIPLE,01tVT0000035F37YAE
,GRAY,01tVT0000035F4jYAE
MULTIPLE,MULTIPLE,01tVT0000035FCnYAM
,MULTIPLE,01tVT0000035FKrYAM
PINK + WHITE,PINK + WHITE,01tVT0000035FSwYAM
BROWN,BROWN,01tVT0000035FntYAE
,WHITE,01tVT0000035FpWYAU
,BROWN,01tVT0000035FsjYAE
BLUE,BLUE,01tVT0000035GLlYAM
,BLUE,01tVT0000035GQbYAM
BLACK + CREAM,BLACK + CREAM,01tVT0000035GbtYAE
BLUE / WHITE,BLUE / WHITE,01tVT0000035GnBYAU
,BLUE / WHITE,01tVT0000035GqPYAU
BLACK + CREAM,BLACK + CREAM,01tVT0000035Gs1YAE
,BLACK + CREAM,01tVT0000035GtdYAE
MULTIPLE,MULTIPLE,01tVT0000035GteYAE
MULTIPLE,MULTIPLE,01tVT0000035H1hYAE
,MULTIPLE,01tVT0000035H3JYAU
WHITE,WHITE,01tVT0000035HBNYA2
GRAY+WOOD,GRAY+WOOD,01tVT0000035HHpYAM
,GRAY+WOOD,01tVT0000035HJRYA2
,BEIGE,01tVT0000035HUjYAM
MULTIPLE,MULTIPLE,01tVT0000035HePYAU
,MULTIPLE,01tVT0000035HjFYAU
,MULTIPLE,01tVT0000035Hw9YAE
,BROWN,01tVT0000035HxoYAE
MULTIPLE,MULTIPLE,01tVT0000035I4DYAU
,MULTIPLE,01tVT0000035I93YAE
,PINK + WHITE,01tVT0000035IPBYA2
BEIGE,BEIGE,01tVT0000035IaTYAU
,BEIGE,01tVT0000035Ic5YAE
WOOD,WOOD,01tVT0000035IgvYAE
,WOOD,01tVT0000035IiXYAU
,BLACK,01tVT0000035J8MYAU
BLACK,BLACK,01tVT0000035KIvYAM
BROWN,BROWN,01tVT0000035KPNYA2
MULTIPLE,MULTIPLE,01tVT0000035KafYAE
,MULTIPLE,01tVT0000035KcHYAU
GRAY,GRAY,01tVT0000035KkLYAU
,GRAY,01tVT0000035KpBYAU
BLACK + GREY,BLACK + GREY,01tVT0000035L5JYAU
,BLACK + GREY,01tVT0000035LA9YAM
BROWN,BROWN,01tVT0000035OMXYA2
,BROWN,01tVT0000035OO9YAM
,MULTIPLE,01tVT0000035OnyYAE
,BROWN,01tVT0000035OuQYAU
YELLOW + BLACK + CREAM,YELLOW + BLACK + CREAM,01tVT0000035Qo9YAE
,YELLOW + BLACK + CREAM,01tVT0000035QplYAE
BEIGE,BEIGE,01tVT0000035QubYAE
,BEIGE,01tVT0000035QzRYAU
BROWN,BROWN,01tVT0000035RIoYAM
RED,RED,01tVT0000035RKPYA2
,RED,01tVT0000035RM1YAM
MULTIPLE,MULTIPLE,01tVT0000035RdlYAE
,MULTIPLE,01tVT0000035RfNYAU
MULTIPLE,MULTIPLE,01tVT0000035RnRYAU
,MULTIPLE,01tVT0000035Rp3YAE
MULTIPLE,MULTIPLE,01tVT0000035S8PYAU
BLACK,BLACK,01tVT0000035SJhYAM
,BLACK,01tVT0000035SOXYA2
BLACK,BLACK,01tVT0000035SmjYAE
,BLACK,01tVT0000035SoLYAU
WHITE,WHITE,01tVT0000035StCYAU
BLACK,BLACK,01tVT0000035SwQYAU
BLACK,BLACK,01tVT0000035Sy2YAE
WHITE,WHITE,01tVT0000035T1FYAU
,WHITE,01tVT0000035T65YAE
,WHITE,01tVT0000035TFlYAM
,BLACK,01tVT0000035TFnYAM
BLACK,BLACK,01tVT0000035TR3YAM
,BLACK,01tVT0000035TSfYAM
,BLACK,01tVT0000035TZ8YAM
,BLACK,01tVT0000035Tm1YAE
BLACK,BLACK,01tVT0000035TxJYAU
,BLACK,01tVT0000035U0XYAU
BLACK,BLACK,01tVT0000035UF3YAM
,BLACK,01tVT0000035UGfYAM
BLACK,BLACK,01tVT0000035UQLYA2
WHITE,WHITE,01tVT0000035Uq9YAE
,WHITE,01tVT0000035UrlYAE
BLACK,BLACK,01tVT0000035V6HYAU
,BLACK,01tVT0000035V7tYAE
,MULTIPLE,01tVT00000360N1YAI
BLUE + BLACK,BLUE + BLACK,01tVT00000361ULYAY
,BLUE + BLACK,01tVT00000361VxYAI
MULTIPLE,MULTIPLE,01tVT00000361m5YAA
,MULTIPLE,01tVT00000361m6YAA
,MULTIPLE,01tVT00000361qvYAA
MULTIPLE,MULTIPLE,01tVT00000361xNYAQ
,LIGHT,01tVT0000036274YAA
MULTIPLE,MULTIPLE,01tVT00000362AHYAY
,BLUE,01tVT00000362DWYAY
BLUE + BLACK,BLUE + BLACK,01tVT00000362S1YAI
MULTICOLOR,MULTICOLOR,01tVT00000362YUYAY
,BLUE + BLACK,01tVT00000362a5YAA
BLUE,BLUE,01tVT00000362dKYAQ
MULTIPLE,MULTIPLE,01tVT00000363JFYAY
,MULTIPLE,01tVT00000363KrYAI
MULTIPLE,MULTIPLE,01tVT00000363azYAA
,MULTIPLE,01tVT00000363eDYAQ
LIGHT,LIGHT,01tVT00000363kfYAA
LIGHT,LIGHT,01tVT00000363r7YAA
,LIGHT,01tVT00000363sjYAA
MULTICOLOR,MULTICOLOR,01tVT00000363xZYAQ
,MULTICOLOR,01tVT000003642PYAQ
,MULTICOLOR,01tVT000003648rYAA
,WHITE,01tVT00000364qPYAQ
GOLD,GOLD,01tVT00000365eQYAQ
BLACK + GRAY,BLACK + GRAY,01tVT00000365o6YAA
,BLACK + GRAY,01tVT00000366AfYAI
,GOLD,01tVT00000366sDYAQ
,BLUE+WOOD,01tVT00000367JfYAI
BROWN+BLACK,BROWN+BLACK,01tVT00000369enYAA
,BROWN+BLACK,01tVT00000369mrYAA
GOLD+BLACK+WHITE,GOLD+BLACK+WHITE,01tVT00000369oUYAQ
,GOLD+BLACK+WHITE,01tVT0000036ANxYAM
BLUE+WOOD,BLUE+WOOD,01tVT0000036AarYAE
,WOOD,01tVT0000036BX0YAM
,GRAY + BLACK,01tVT0000036CHjYAM
GRAY + BLACK,GRAY + BLACK,01tVT0000036FFdYAM
,SILVER,01tVT0000036FU8YAM
WOOD,WOOD,01tVT0000036KwrYAE
,BLACK+GRAY,01tVT0000036LJPYA2
SILVER,SILVER,01tVT0000036OFeYAM
BLACK+GRAY,BLACK+GRAY,01tVT0000036PhxYAE
,WOOD,01tVT0000036SKsYAM
WOOD,WOOD,01tVT0000036TDhYAM
BLACK+GRAY,BLACK+GRAY,01tVT0000038XrVYAU
,BLACK+GRAY,01tVT0000038Xt7YAE
,BROWN+CREAM,01tVT0000038aW2YAI
BROWN+CREAM,BROWN+CREAM,01tVT0000038bTiYAI
BLACK + CREAM,BLACK + CREAM,01tVT0000038chVYAQ
,BLACK + CREAM,01tVT0000038cj7YAA
,BLACK+CREAM,01tVT0000038dNSYAY
BLACK+CREAM,BLACK+CREAM,01tVT0000038eRgYAI
,BLACK,01tVT0000038fdmYAA
,WOOD+BLACK,01tVT0000038g6oYAA
BLACK+CREAM,BLACK+CREAM,01tVT0000038gGTYAY
,BLACK+CREAM,01tVT0000038gLJYAY
WOOD+BLACK,WOOD+BLACK,01tVT0000038gy3YAA
BLACK,BLACK,01tVT0000038gzdYAA
,BLACK,01tVT0000038h1FYAQ
,BROWN,01tVT0000038hR4YAI
BROWN,BROWN,01tVT0000038hZ7YAI
BLACK + WHITE,BLACK + WHITE,01tVT0000038i71YAA
GRAY,GRAY,01tVT0000038iRxYAI
,GRAY,01tVT0000038iTZYAY
BLACK+WOOD,BLACK+WOOD,01tVT0000038irlYAA
,BLACK+WOOD,01tVT0000038itNYAQ
,WHITE + BLACK,01tVT0000038itPYAQ
BLACK,BLACK,01tVT0000038j6HYAQ
BLACK / WHITE,BLACK / WHITE,01tVT0000038jXhYAI
,BLACK / WHITE,01tVT0000038jZJYAY
WHITE + BLACK,WHITE + BLACK,01tVT0000038jhOYAQ
WOOD,WOOD,01tVT0000038jr3YAA
,WOOD,01tVT0000038jsfYAA
,BLACK + WHITE,01tVT0000038k7BYAQ
WHITE,WHITE,01tVT0000038kNJYAY
,WHITE,01tVT0000038kS9YAI
WHITE,WHITE,01tVT0000038kf3YAA
,WHITE,01tVT0000038kgfYAA
WHITE,WHITE,01tVT0000038lPpYAI
,WHITE,01tVT0000038lZVYAY
WHITE,WHITE,01tVT0000038lpdYAA
,WHITE,01tVT0000038lsrYAA
,BLACK,01tVT0000039cE3YAI
WHITE + BLACK,WHITE + BLACK,01tVT0000039efdYAA
,WHITE + BLACK,01tVT0000039eirYAA
BLACK,BLACK,01tVT0000039evlYAA
,WHITE OR BLACK,01tVT0000039fBvYAI
WHITE,WHITE,01tVT0000039gO6YAI
WHITE,WHITE,01tVT0000039iCzYAI
,WHITE,01tVT0000039iEbYAI
,WHITE,01tVT0000039iZZYAY
WHITE,WHITE,01tVT0000039ijFYAQ
,WHITE,01tVT0000039io5YAA
WHITE OR BLACK,WHITE OR BLACK,01tVT0000039iphYAA
WHITE,WHITE,01tVT0000039iw9YAA
,WHITE,01tVT0000039ixlYAA
WHITE OR BLACK,WHITE OR BLACK,01tVT0000039j4DYAQ
,WHITE OR BLACK,01tVT0000039j5pYAA
GREY,GREY,01tVT0000039jXFYAY
,GREY,01tVT0000039jYrYAI
BLACK,BLACK,01tVT0000039l2oYAA
RED,RED,01tVT0000039lXRYAY
,RED,01tVT0000039lZ3YAI
,BLACK,01tVT0000039lkLYAQ
BLACK,BLACK,01tVT0000039lsPYAQ
,BLACK,01tVT0000039lu1YAA
GREY DARK,GREY DARK,01tVT0000039m0TYAQ
,GREY DARK,01tVT0000039m25YAA
GREEN,GREEN,01tVT000003ECagYAG
BROWN,BROWN,01tVT000003EDQIYA4
BLACK,BLACK,01tVT000003EF2HYAW
,BLACK,01tVT000003EF77YAG
,GREEN,01tVT000003EFGnYAO
,BROWN,01tVT000003EFNFYA4
BLUE,BLUE,01tVT000003EFblYAG
,BLUE,01tVT000003EFgbYAG
ORANGE,ORANGE,01tVT000003EI8DYAW
,ORANGE,01tVT000003EI9pYAG
WHITE OR BLACK,WHITE OR BLACK,01tVT000003EIg6YAG
MULTIPLE,MULTIPLE,01tVT000003EIpmYAG
,MULTIPLE,01tVT000003EJ2fYAG
BLUE,BLUE,01tVT000003EJ97YAG
,WHITE OR BLACK,01tVT000003EJNeYAO
,BLUE,01tVT000003EJsHYAW
GREY,GREY,01tVT000003EKgHYAW
,GREY,01tVT000003EKl7YAG
GREY,GREY,01tVT000003EKunYAG
,GREY,01tVT000003EKwPYAW
MULTICOLOR,MULTICOLOR,01tVT000003EL2rYAG
,MULTICOLOR,01tVT000003ELAvYAO
BLUE,BLUE,01tVT000003ELPRYA4
,BLUE,01tVT000003ELR3YAO
PINK,PINK,01tVT000003ENFxYAO
,PINK,01tVT000003ENSrYAO
,BLACK,01tVT000003ExPuYAK
PINK,PINK,01tVT000003EyVeYAK
,PINK,01tVT000003EygvYAC
MULTICOLOR,MULTICOLOR,01tVT000003EyozYAC
,MULTICOLOR,01tVT000003EyqbYAC
BLUE,BLUE,01tVT000003Ez0HYAS
,BLUE,01tVT000003Ez1tYAC
GREEN + BLACK,GREEN + BLACK,01tVT000003Ez1uYAC
,BLUE,01tVT000003Ez3WYAS
PINK STRIPED,PINK STRIPED,01tVT000003Ez58YAC
,PINK STRIPED,01tVT000003EzBZYA0
MULTICOLOR,MULTICOLOR,01tVT000003EzDBYA0
,MULTICOLOR,01tVT000003EzEnYAK
BLUE,BLUE,01tVT000003EzOTYA0
,BLUE,01tVT000003EzukYAC
LIGHT,LIGHT,01tVT000003F126YAC
,GREEN + BLACK,01tVT000003F18YYAS
RED + BLACK,RED + BLACK,01tVT000003F1TVYA0
,RED + BLACK,01tVT000003F1YLYA0
GREEN,GREEN,01tVT000003F1i1YAC
,GREEN,01tVT000003F1jdYAC
SILVER,SILVER,01tVT000003F1mrYAC
,SILVER,01tVT000003F1oTYAS
GREY,GREY,01tVT000003F1tJYAS
,GREY,01tVT000003F1y9YAC
BLACK,BLACK,01tVT000003F21NYAS
BLUE,BLUE,01tVT000003F26DYAS
,LIGHT,01tVT000003F2HVYA0
SILVER,SILVER,01tVT000003F5gnYAC
,SILVER,01tVT000003F5ldYAC
GREEN,GREEN,01tVT000003F63NYAS
,GREEN,01tVT000003F64zYAC
BLACK,BLACK,01tVT000003F6JVYA0
,BLACK,01tVT000003F6OLYA0
WHITE + BLACK,WHITE + BLACK,01tVT000003F6TDYA0
BLUE,BLUE,01tVT000003F6oAYAS
,BLUE,01tVT000003F6q3YAC
MULTIPLE,MULTIPLE,01tVT000003F75uYAC
,BLACK,01tVT000003F799YAC
GREY,GREY,01tVT000003F7AjYAK
,GREY,01tVT000003F7DxYAK
,WHITE + BLACK,01tVT000003F7HBYA0
BLACK,BLACK,01tVT000003F7PFYA0
,BLACK,01tVT000003F7STYA0
BLACK,BLACK,01tVT000003F7XJYA0
BLUE,BLUE,01tVT000003F7c9YAC
,BLUE,01tVT000003F7dlYAC
,MULTIPLE,01tVT000003F7tuYAC
BLACK,BLACK,01tVT000003F8bRYAS
,BLACK,01tVT000003F8d3YAC
BLUE,BLUE,01tVT000003F8oLYAS
,BLUE,01tVT000003F8pxYAC
WHITE + BLACK,WHITE + BLACK,01tVT000003F8zdYAC
,WHITE + BLACK,01tVT000003F91FYAS
BLUE,BLUE,01tVT000003F92rYAC
,BLUE,01tVT000003F97hYAC
MULTICOLOR,MULTICOLOR,01tVT000003F9hBYAS
,MULTICOLOR,01tVT000003F9inYAC
MULTIPLE,MULTIPLE,01tVT000003F9qrYAC
,MULTIPLE,01tVT000003F9sTYAS
CAQUI,CAQUI,01tVT000003FA5NYAW
,CAQUI,01tVT000003FAADYA4
,GRAY+BLACK,01tVT000003FAAEYA4
CAQUI,CAQUI,01tVT000003FAJtYAO
,CAQUI,01tVT000003FALVYA4
MULTIPLE,MULTIPLE,01tVT000003FAoXYAW
,MULTIPLE,01tVT000003FAq9YAG
BLUE,BLUE,01tVT000003FAqBYAW
MULTICOLOR,MULTICOLOR,01tVT000003FAyDYAW
,MULTICOLOR,01tVT000003FAzpYAG
GRAY+BLACK,GRAY+BLACK,01tVT000003FB6HYAW
GREEN,GREEN,01tVT000003FBB7YAO
,GREEN,01tVT000003FBEMYA4
GRAY,GRAY,01tVT000003FBFxYAO
,GRAY,01tVT000003FBHZYA4
BLUE,BLUE,01tVT000003FBO2YAO
,BLUE,01tVT000003FBcXYAW
BROWN+GRAY,BROWN+GRAY,01tVT000003FBizYAG
,BROWN+GRAY,01tVT000003FBmDYAW
BLUE,BLUE,01tVT000003FBpRYAW
,BLUE,01tVT000003FBr3YAG
BLUE,BLUE,01tVT000003FBxVYAW
,BLUE,01tVT000003FBz7YAG
,BLUE,01tVT000003FCAPYA4
MULTIPLE,MULTIPLE,01tVT000003FCK5YAO
,MULTIPLE,01tVT000003FCLhYAO
,BROWN,01tVT000003G1HnYAK
,MULTIPLE,01tVT000003G290YAC
WHITE,WHITE,01tVT000003G2k6YAC
MULTIPLE,MULTIPLE,01tVT000003G39vYAC
,MULTIPLE,01tVT000003G3GNYA0
MULTIPLE,MULTIPLE,01tVT000003G3OPYA0
MULTIPLE,MULTIPLE,01tVT000003G3cvYAC
,MULTIPLE,01tVT000003G3eXYAS
,MULTIPLE,01tVT000003G3gAYAS
MULTIPLE,MULTIPLE,01tVT000003G3oDYAS
,MULTIPLE,01tVT000003G3ppYAC
BLUE,BLUE,01tVT000003G3wHYAS
GREY LIGHT + BLACK,GREY LIGHT + BLACK,01tVT000003G42kYAC
MULTIPLE,MULTIPLE,01tVT000003G4U9YAK
,BLUE,01tVT000003G4YzYAK
,GREY LIGHT + BLACK,01tVT000003G4ltYAC
,MULTIPLE,01tVT000003G521YAC
,BLUE LIGHT,01tVT000003G5N0YAK
BLUE LIGHT + WHITE,BLUE LIGHT + WHITE,01tVT000003G5V4YAK
BLACK,BLACK,01tVT000003G5bVYAS
BROWN,BROWN,01tVT000003G5ejYAC
,BLACK,01tVT000003G5gLYAS
GREY + BLACK,GREY + BLACK,01tVT000003G5hyYAC
BLUE LIGHT + WHITE,BLUE LIGHT + WHITE,01tVT000003G5tGYAS
MULTIPLE,MULTIPLE,01tVT000003G5wTYAS
BLUE LIGHT + WHITE,BLUE LIGHT + WHITE,01tVT000003G5y7YAC
BLUE,BLUE,01tVT000003G6SkYAK
,BLUE LIGHT + WHITE,01tVT000003G6cQYAS
,BLUE LIGHT + WHITE,01tVT000003G6kTYAS
BEIGE,BEIGE,01tVT000003G6xNYAS
,BEIGE,01tVT000003G70bYAC
,BLUE LIGHT + WHITE,01tVT000003G773YAC
GREEN,GREEN,01tVT000003G7BtYAK
,GREEN,01tVT000003G7F7YAK
BLUE LIGHT,BLUE LIGHT,01tVT000003G7OoYAK
,WHITE,01tVT000003G7TdYAK
BLACK,BLACK,01tVT000003G7VFYA0
,BLACK,01tVT000003G7WrYAK
,GREY + BLACK,01tVT000003G7dKYAS
GREY DARK,GREY DARK,01tVT000003G8sjYAC
,GREY DARK,01tVT000003G8vxYAC
GREY DARK,GREY DARK,01tVT000003G9DhYAK
,GREY DARK,01tVT000003G9GvYAK
,BLUE,01tVT000003G9jxYAC
BEIGE,BEIGE,01tVT000003GA3JYAW
,BEIGE,01tVT000003GA4vYAG
,BLUE,01tVT000003GICAYA4
BEIGE,BEIGE,01tVT000003GJo9YAG
,BEIGE,01tVT000003GJplYAG
BLUE,BLUE,01tVT000003GKInYAO
,BLUE,01tVT000003GKKPYA4
BLUE,BLUE,01tVT000003GLTNYA4
,BLUE,01tVT000003GLUzYAO
BLUE,BLUE,01tVT000003GLgHYAW
,BLUE,01tVT000003GLl7YAG
DARK,DARK,01tVT000003GMhBYAW
,DARK,01tVT000003GMkPYAW
BLUE,BLUE,01tVT000003GOcXYAW
,MULTIPLE,01tVT000003HGhmYAG
,LIGHT BROWN,01tVT000003HH5zYAG
LIGHT BROWN,LIGHT BROWN,01tVT000003HL37YAG
BLACK+GRAY,BLACK+GRAY,01tVT000003HLj3YAG
,BLACK+GRAY,01tVT000003HLkfYAG
MULTIPLE,MULTIPLE,01tVT000003HLpVYAW
BLACK,BLACK,01tVT000003HMNNYA4
BLACK+ORANGE+WHITE,BLACK+ORANGE+WHITE,01tVT000003HMNOYA4
,BLACK,01tVT000003HMOzYAO
,BLACK+ORANGE+WHITE,01tVT000003HMYfYAO
BROWN,BROWN,01tVT000003HMbtYAG
,BROWN,01tVT000003HMdVYAW
WHITE + BLACK,WHITE + BLACK,01tVT000003HOdiYAG
WHITE + BLACK,WHITE + BLACK,01tVT000003HOdjYAG
BROWN,BROWN,01tVT000003HP57YAG
,BROWN,01tVT000003HP6jYAG
LIGHT BROWN+ORANGE,LIGHT BROWN+ORANGE,01tVT000003HP8LYAW
MULTIPLE,MULTIPLE,01tVT000003HPMrYAO
,MULTIPLE,01tVT000003HPUvYAO
,GRAY,01tVT000003HPd0YAG
MULTIPLE,MULTIPLE,01tVT000003HPjRYAW
,MULTIPLE,01tVT000003HPl3YAG
BLUE + BLACK,BLUE + BLACK,01tVT000003HQ2nYAG
,BLUE + BLACK,01tVT000003HQ4PYAW
,WHITE + BLACK,01tVT000003HQijYAG
GRAY,GRAY,01tVT000003HQpBYAW
,WHITE + BLACK,01tVT000003HQvdYAG
BLACK+GRAY,BLACK+GRAY,01tVT000003HRDOYA4
BLACK+WHITE,BLACK+WHITE,01tVT000003HRLRYA4
,BLACK+WHITE,01tVT000003HRN3YAO
,BLACK+GRAY,01tVT000003HRZyYAO
BLACK,BLACK,01tVT000003HRgPYAW
,BLACK,01tVT000003HRi1YAG
,BLACK+WHITE,01tVT000003HRlGYAW
,BLACK+WHITE,01tVT000003HRriYAG
BLACK+WHITE,BLACK+WHITE,01tVT000003HSe5YAG
BLACK+WHITE,BLACK+WHITE,01tVT000003HTFBYA4
GREY+WHITE,GREY+WHITE,01tVT000003HTQTYA4
,GREY+WHITE,01tVT000003HTWvYAO
,GLASS + BLACK,01tVT000003Ieq6YAC
GLASS + BLACK,GLASS + BLACK,01tVT000003IhnyYAC
GLASS + BLACK,GLASS + BLACK,01tVT000003IiIbYAK
,GLASS + BLACK,01tVT000003IiKDYA0
BLACK,BLACK,01tVT000003LwQfYAK
,BLACK,01tVT000003LwX7YAK
BLACK,BLACK,01tVT000003M2sfYAC
,BLACK,01tVT000003M32LYAS
MULTIPLE,MULTIPLE,01tVT000003M3f4YAC
BLACK,BLACK,01tVT000003M3qLYAS
,BLACK,01tVT000003M3wnYAC
BLACK,BLACK,01tVT000003M4ZWYA0
MULTICOLOR,MULTICOLOR,01tVT000003M549YAC
WHITE,WHITE,01tVT000003M54AYAS
,MULTICOLOR,01tVT000003M5CDYA0
MULTICOLOR,MULTICOLOR,01tVT000003M5IhYAK
BLACK,BLACK,01tVT000003M5NVYA0
,BLACK,01tVT000003M5P7YAK
,WHITE,01tVT000003M5fFYAS
WHITE,WHITE,01tVT000003M5tlYAC
,WHITE,01tVT000003M5vNYAS
WHITE,WHITE,01tVT000003M6LBYA0
,WHITE,01tVT000003M6Q1YAK
,BLACK,01tVT000003M6mbYAC
BLACK,BLACK,01tVT000003M72jYAC
,BLACK,01tVT000003M74LYAS
,MULTIPLE,01tVT000003M7VlYAK
MULTIPLE,MULTIPLE,01tVT000003M7sLYAS
,MULTIPLE,01tVT000003M7txYAC
,WOOD + GREY,01tVT000003M96BYAS
MULTICOLOR,MULTICOLOR,01tVT000003MB38YAG
MULTICOLOR,MULTICOLOR,01tVT000003MBeDYAW
,MULTICOLOR,01tVT000003MBmHYAW
WHITE + WOOD,WHITE + WOOD,01tVT000003MC2QYAW
,MULTICOLOR,01tVT000003MCNOYA4
BROWN + GREY,BROWN + GREY,01tVT000003MCf7YAG
,BROWN + GREY,01tVT000003MCgjYAG
MULTICOLOR,MULTICOLOR,01tVT000003MCnBYAW
,MULTICOLOR,01tVT000003MConYAG
,MULTICOLOR,01tVT000003MDBNYA4
,WHITE + WOOD,01tVT000003MDCzYAO
WOOD + GREY,WOOD + GREY,01tVT000003MDT7YAO
MULTICOLOR,MULTICOLOR,01tVT000003MEAfYAO
,MULTICOLOR,01tVT000003MECHYA4
BLACK,BLACK,01tVT000003MhCgYAK
,BLACK,01tVT000003MhChYAK
WOOD,WOOD,01tVT000003MkNRYA0
,WOOD,01tVT000003MkNSYA0
BLACK,BLACK,01tVT000003MkYjYAK
,BLACK,01tVT000003MkYkYAK
WOOD,WOOD,01tVT000003MnQAYA0
,WOOD,01tVT000003MnQBYA0
GREY+WOOD+BLACK,GREY+WOOD+BLACK,01tVT000003MoioYAC
,GREY+WOOD+BLACK,01tVT000003MoipYAC
WOOD,WOOD,01tVT000003MovhYAC
,WOOD,01tVT000003MoviYAC
WHITE+ORANGE,WHITE+ORANGE,01tVT000003Mp3lYAC
,WHITE+ORANGE,01tVT000003Mp3mYAC
,MULTICOLOR,01tVT000003MvXPYA0
MULTICOLOR,MULTICOLOR,01tVT000003MxpJYAS
,MULTICOLOR,01tVT000003MxqvYAC
MULTICOLOR,MULTICOLOR,01tVT000003My3pYAC
,MULTICOLOR,01tVT000003My8fYAC
MULTICOLOR,MULTICOLOR,01tVT000003MyyHYAS
,MULTICOLOR,01tVT000003Mz37YAC
MULTICOLOR,MULTICOLOR,01tVT000003Mz7yYAC
MULTICOLOR,MULTICOLOR,01tVT000003N7WyYAK
,MULTICOLOR,01tVT000003N7iEYAS
MULTICOLOR,MULTICOLOR,01tVT000003N8eHYAS
MULTICOLOR,MULTICOLOR,01tVT000003N8zFYAS
,MULTICOLOR,01tVT000003N945YAC
,MULTICOLOR,01tVT000003N9yXYAS
GREY OR CHOCOLATE,GREY OR CHOCOLATE,01tVT000003Qt7BYAS
,GREY OR CHOCOLATE,01tVT000003QtS9YAK
,BROWN,01tVT000003UtbfYAC
WHITE + BLACK,WHITE + BLACK,01tVT000003Utv1YAC
BLUE + BLACK,BLUE + BLACK,01tVT000003UuHZYA0
,BLUE + BLACK,01tVT000003UuJBYA0
BROWN,BROWN,01tVT000003UunpYAC
BLACK,BLACK,01tVT000003UvOwYAK
,GREY,01tVT000003UvYcYAK
GREY,GREY,01tVT000003Uvf4YAC
,BLACK,01tVT000003UwcjYAC
GREY,GREY,01tVT000003UwjBYAS
,GREY,01tVT000003UwknYAC
BROWN,BROWN,01tVT000003Uwo2YAC
BLACK + WOOD,BLACK + WOOD,01tVT000003UwzJYAS
,BLACK + WOOD,01tVT000003Ux0vYAC
,BROWN,01tVT000003UxAbYAK
,WHITE + BLACK,01tVT000003UxNVYA0
GREY DARK,GREY DARK,01tVT000003UxddYAC
,GREY DARK,01tVT000003UxfFYAS
GREY,GREY,01tVT000003Uy8HYAS
,GREY,01tVT000003Uy9tYAC
,BLUE + BLACK,01tVT000003V1NuYAK
BLACK + WOOD,BLACK + WOOD,01tVT000003V2VGYA0
,BLACK + WOOD,01tVT000003V3G1YAK
,MULTIPLE,01tVT000003V3PiYAK
BLUE + BLACK,BLUE + BLACK,01tVT000003V3RJYA0
,MULTIPLE,01tVT000003V3XmYAK
,BLACK,01tVT000003V3XnYAK
MULTIPLE,MULTIPLE,01tVT000003V3cbYAC
BLACK,BLACK,01tVT000003V3mIYAS
MULTIPLE,MULTIPLE,01tVT000003V4DhYAK
MULTIPLE,MULTIPLE,01tVT000003V4OzYAK
,MULTIPLE,01tVT000003V4QbYAK
BLACK,BLACK,01tVT000003V4VRYA0
,BLACK,01tVT000003V4YgYAK
,BLACK,01tVT000003V5CzYAK
BLACK,BLACK,01tVT000003V5T7YAK
BLACK,BLACK,01tVT000003V6FWYA0
BLACK + WOOD,BLACK + WOOD,01tVT000003V6dhYAC
,BLACK + WOOD,01tVT000003V6iXYAS
,BLACK,01tVT000003V6qbYAC
,BLACK,01tVT000003V7JeYAK
BLACK,BLACK,01tVT000003V7rVYAS
BLACK,BLACK,01tVT000003V8fVYAS
,BLACK,01tVT000003V8h7YAC
BLACK OR BROWN,BLACK OR BROWN,01tVT000003V95JYAS
,BLACK OR BROWN,01tVT000003V9BlYAK
BLACK,BLACK,01tVT000003V9RuYAK
,BLACK + WHITE,01tVT000003V9TWYA0
BLACK,BLACK,01tVT000003V9YMYA0
,BLACK,01tVT000003V9dBYAS
WOOD + GREY,WOOD + GREY,01tVT000003V9gPYAS
,WOOD + GREY,01tVT000003V9mrYAC
,BLACK,01tVT000003V9rhYAC
GREY,GREY,01tVT000003VAHVYA4
,GREY,01tVT000003VAJ7YAO
GREY,GREY,01tVT000003VAUPYA4
,GREY,01tVT000003VAarYAG
GREY,GREY,01tVT000003VAivYAG
,GREY,01tVT000003VAnlYAG
WHITE,WHITE,01tVT000003VB0fYAG
,WHITE,01tVT000003VB2HYAW
BLACK + WHITE,BLACK + WHITE,01tVT000003VBIPYA4
,BLACK + WHITE,01tVT000003VBQTYA4
BLACK + WHITE,BLACK + WHITE,01tVT000003VBgbYAG
,WOOD + WHITE,01tVT000003W3sIYAS
WOOD,WOOD,01tVT000003W4tCYAS
WOOD + GREY,WOOD + GREY,01tVT000003W6TaYAK
WOOD + WHITE,WOOD + WHITE,01tVT000003W6q9YAC
,WOOD + GREY,01tVT000003W7PdYAK
,WOOD,01tVT000003W7npYAC
WOOD + GREY,WOOD + GREY,01tVT000003W7z7YAC
,WOOD + GREY,01tVT000003W85ZYAS
WOOD + GREY,WOOD + GREY,01tVT000003W8TlYAK
,WOOD + GREY,01tVT000003W8VNYA0
BROWN,BROWN,01tVT000003W8n7YAC
,BROWN,01tVT000003W8tZYAS
WOOD + NEFRO + WHITE,WOOD + NEFRO + WHITE,01tVT000003W9BJYA0
,WOOD + NEFRO + WHITE,01tVT000003W9CvYAK
WOOD + GREY,WOOD + GREY,01tVT000003W9WIYA0
,WOOD + GREY,01tVT000003W9uTYAS
GREY + DARK,GREY + DARK,01tVT000003WH2PYAW
,GREY + DARK,01tVT000003WHATYA4
WOOD + GREY,WOOD + GREY,01tVT000003WIJRYA4
,WOOD + GREY,01tVT000003WIRVYA4
BLACK + WHITE,BLACK + WHITE,01tVT000003XGCLYA4
,BLACK + WHITE,01tVT000003XGDxYAO
BLACK + WHITE,BLACK + WHITE,01tVT000003XGnRYAW
WOOD + GREY,WOOD + GREY,01tVT000003XGnSYAW
,BLACK + WHITE,01tVT000003XGvVYAW
,BROWN,01tVT000003XH3aYAG
BROWN,BROWN,01tVT000003XHErYAO
WOOD + GREY,WOOD + GREY,01tVT000003XHI6YAO
WOOD + GREY,WOOD + GREY,01tVT000003XHTNYA4
,WOOD + GREY,01tVT000003XHYDYA4
,WOOD,01tVT000003XI7iYAG
,WOOD + GREY,01tVT000003XIEAYA4
WOOD,WOOD,01tVT000003XIXVYA4
,WOOD + GREY,01tVT000003XIndYAG
,BLACK,01tVT000003XW7SYAW
BLACK,BLACK,01tVT000003XYQzYAO
,BLACK,01tVT000003XYSbYAO
BLACK,BLACK,01tVT000003XYlxYAG
WHITE+GREY,WHITE+GREY,01tVT000003XaNxYAK
,WHITE+GREY,01tVT000003XaPZYA0
BLACK,BLACK,01tVT000003XavpYAC
,BLACK,01tVT000003XaxRYAS
,GRAY+WOOD,01tVT000003YLI2YAO
GRAY+WOOD,GRAY+WOOD,01tVT000003YO7pYAG
,WHITE,01tVT000003YV66YAG
,BLACK,01tVT000003YVCZYA4
,GOLD,01tVT000003YWgUYAW
WHITE,WHITE,01tVT000003YXavYAG
GOLD,GOLD,01tVT000003YYrxYAG
BLACK,BLACK,01tVT000003YZ9hYAG
BROWN+BLACK,BROWN+BLACK,01tVT000003YaYnYAK
,BROWN+BLACK,01tVT000003YagrYAC
BROWN,BROWN,01tVT000003Yb53YAC
GOLD,GOLD,01tVT000003YbbKYAS
,BLACK,01tVT000003Yd8UYAS
,BROWN,01tVT000003YevnYAC
BLUE,BLUE,01tVT000003YfBuYAK
BLACK,BLACK,01tVT000003Yfa5YAC
,BLACK,01tVT000003YfevYAC
BLACK,BLACK,01tVT000003Yg4jYAC
GOLD,GOLD,01tVT000003YgHdYAK
,GOLD,01tVT000003YgKrYAK
,GOLD,01tVT000003YgZNYA0
,WOOD,01tVT000003Ygv6YAC
,BLUE,01tVT000003YgxZYAS
WOOD,WOOD,01tVT000003YhIXYA0
,WOOD,01tVT000003YhLlYAK
WOOD,WOOD,01tVT000003YhYfYAK
CREAM+WOOD+BLACK,CREAM+WOOD+BLACK,01tVT000003YjLyYAK
,CREAM+WOOD+BLACK,01tVT000003YkOTYA0
,BLACK+WOOD,01tVT000003Ykt8YAC
BLACK+WOOD,BLACK+WOOD,01tVT000003YmzlYAC
WHITE + GREY,WHITE + GREY,01tVT000003YppZYAS
,WHITE + GREY,01tVT000003YpsoYAC
,BLACK,01tVT000003boKIYAY
BLACK+WOOD,BLACK+WOOD,01tVT000003bok5YAA
,BLACK+WOOD,01tVT000003bonJYAQ
BLACK,BLACK,01tVT000003bpJZYAY
BLACK+GRAY,BLACK+GRAY,01tVT000003bpcvYAA
,BLACK+GRAY,01tVT000003bpeXYAQ
BLACK+GOLEDN,BLACK+GOLEDN,01tVT000003bqfRYAQ
,BLACK+GOLEDN,01tVT000003bqkHYAQ
,WHITE,01tVT000003c1uHYAQ
,WHITE,01tVT000003c47LYAQ
,WHITE,01tVT000003c48wYAA
WHITE,WHITE,01tVT000003c4LqYAI
WHITE,WHITE,01tVT000003c4gpYAA
WHITE,WHITE,01tVT000003c4thYAA
,WHITE,01tVT000003c4wvYAA
WHITE,WHITE,01tVT000003c51lYAA
WHITE,WHITE,01tVT000003c5JVYAY
WHITE,WHITE,01tVT000003c5Y1YAI
,WHITE,01tVT000003c5bGYAQ
,WHITE,01tVT000003c5crYAA
WHITE,WHITE,01tVT000003c5rNYAQ
,WHITE,01tVT000003c5wDYAQ
WHITE,WHITE,01tVT000003c6InYAI
,WHITE,01tVT000003c6KPYAY
WHITE,WHITE,01tVT000003c6ttYAA
,WHITE,01tVT000003c6yjYAA
,BROWN,01tVT000003cpscYAA
BROWN,BROWN,01tVT000003cs2VYAQ
BROWN,BROWN,01tVT000003csX7YAI
,BROWN,01tVT000003csdZYAQ
BROWN+BLACK,BROWN+BLACK,01tVT000003eDuVYAU
,BROWN+BLACK,01tVT000003eNAiYAM
BROWN+BLACK,BROWN+BLACK,01tVT000003eQi1YAE
,BROWN+BLACK,01tVT000003eQmrYAE
,BROWN+BLACK,01tVT000003eR6DYAU
BROWN+BLACK,BROWN+BLACK,01tVT000003eRHVYA2
WOOD+BLACK,WOOD+BLACK,01tVT000003eRhJYAU
,WOOD+BLACK,01tVT000003eRm9YAE
,BLACK,01tVT000003eTuQYAU
,WOOD+BLACK,01tVT000003eV9uYAE
BROWN,BROWN,01tVT000003eWyjYAE
,BROWN,01tVT000003eX1xYAE
BLACK,BLACK,01tVT000003eXErYAM
,BLACK,01tVT000003eYPSYA2
BLACK,BLACK,01tVT000003eZLXYA2
BLACK + WHITE,BLACK + WHITE,01tVT000003eZjhYAE
,BLACK + WHITE,01tVT000003eZoXYAU
WOOD+BLACK,WOOD+BLACK,01tVT000003eaEMYAY
GREEN + BLACK,GREEN + BLACK,01tVT000003eaFxYAI
,GREEN + BLACK,01tVT000003eaJBYAY
BLACK + WHITE,BLACK + WHITE,01tVT000003eaavYAA
,BLACK + WHITE,01tVT000003eaj0YAA
WOOD+BLACK,WOOD+BLACK,01tVT000003efvaYAA
,MULTIPLE,01tVT000003efyoYAA
MULTIPLE,MULTIPLE,01tVT000003eg6sYAA
WOOD+BLACK,WOOD+BLACK,01tVT000003egObYAI
,WOOD+BLACK,01tVT000003egWfYAI
WOOD+BLACK,WOOD+BLACK,01tVT000003eggLYAQ
,WOOD+BLACK,01tVT000003eghxYAA
BROWN+BLACK,BROWN+BLACK,01tVT000003ehXZYAY
,BROWN+BLACK,01tVT000003ehZBYAY
BLACK,BLACK,01tVT000003elPtYAI
,BLACK,01tVT000003elWLYAY
BLACK + RED,BLACK + RED,01tVT000003elWMYAY
,BLACK + RED,01tVT000003eluXYAQ
BLACK,BLACK,01tVT000003emCHYAY
,BLACK,01tVT000003emDtYAI
BLACK + RED,BLACK + RED,01tVT000003emk9YAA
,BLACK + RED,01tVT000003emnNYAQ
BLACK + RED,BLACK + RED,01tVT000003emqbYAA
,BLACK + RED,01tVT000003emvRYAQ
WHITE,WHITE,01tVT000003fKSTYA2
,WHITE,01tVT000003fKXJYA2
GRAY,GRAY,01tVT000003fL0LYAU
,GRAY,01tVT000003fL5BYAU
WHITE + WOOD,WHITE + WOOD,01tVT000003fMsUYAU
,WHITE + WOOD,01tVT000003fNmvYAE
WOOD+MULTICOLOR,WOOD+MULTICOLOR,01tVT000003fOB7YAM
,WOOD+MULTICOLOR,01tVT000003fOFxYAM
GREY + WOOD,GREY + WOOD,01tVT000003fW8fYAE
,GREY + WOOD,01tVT000003fWAHYA2
,GREEN + WHITE,01tVT000003gFiUYAU
GREEN + WHITE,GREEN + WHITE,01tVT000003gHXNYA2
GREEN,GREEN,01tVT000003gIBhYAM
,GREEN,01tVT000003gIDJYA2
GREEN+WHITE,GREEN+WHITE,01tVT000003gMbtYAE
,GREEN+WHITE,01tVT000003gMdVYAU
GREEN+WHITE,GREEN+WHITE,01tVT000003gMonYAE
,GREEN+WHITE,01tVT000003gMqPYAU
BLACK,BLACK,01tVT000003gOVdYAM
,BLACK,01tVT000003gOaTYAU
BLACK + GREY,BLACK + GREY,01tVT000003gOnNYAU
,BLACK + GREY,01tVT000003gOozYAE
BLACK + WHITE,BLACK + WHITE,01tVT000003gOvSYAU
,BLACK,01tVT000003gOx4YAE
BLACK,BLACK,01tVT000003gOyfYAE
,BLACK,01tVT000003gP0HYAU
,BLACK + WHITE,01tVT000003gP9xYAE
BLACK + GREY,BLACK + GREY,01tVT000003gPI1YAM
,BLACK + GREY,01tVT000003gPJdYAM
BLACK,BLACK,01tVT000003gPMsYAM
BLACK,BLACK,01tVT000003gPRhYAM
,BLACK,01tVT000003gPUvYAM
BLACK,BLACK,01tVT000003gPjRYAU
,BLACK,01tVT000003gPoIYAU
BLACK,BLACK,01tVT000003gPxxYAE
,BLACK,01tVT000003gQ7dYAE
BLACK,BLACK,01tVT000003gQE5YAM
,BLACK,01tVT000003gQFhYAM
,BLUE+GREEN+WHITE,01tVT000003hqjCYAQ
BLUE+GREEN+WHITE,BLUE+GREEN+WHITE,01tVT000003iGaQYAU
GREEN,GREEN,01tVT000003iICPYA2
,GREEN,01tVT000003iIHFYA2
,MULTICOLOR,01tVT000003iIM6YAM
MULTICOLOR,MULTICOLOR,01tVT000003iIvZYAU
,WHITE,01tVT000003iKKgYAM
,MULTICOLOR,01tVT000003iKPWYA2
MULTICOLOR,MULTICOLOR,01tVT000003iKSkYAM
GRAY+BLUE,GRAY+BLUE,01tVT000003iKcPYAU
,GRAY+BLUE,01tVT000003iKe1YAE
PINK,PINK,01tVT000003iKu9YAE
,PINK,01tVT000003iKvlYAE
WOOD + WHITE,WOOD + WHITE,01tVT000003iKxNYAU
,WOOD + WHITE,01tVT000003iL2DYAU
PINK,PINK,01tVT000003iLBtYAM
,PINK,01tVT000003iLDVYA2
MULTIPLE,MULTIPLE,01tVT000003iLGjYAM
,MULTIPLE,01tVT000003iLILYA2
WHITE,WHITE,01tVT000003iLWrYAM
,WHITE,01tVT000003iLYTYA2
,WOOD + BLACK,01tVT000003iLocYAE
PINK,PINK,01tVT000003iLqDYAU
,PINK,01tVT000003iLv3YAE
WHITE,WHITE,01tVT000003iM7xYAE
MULTICOLOR,MULTICOLOR,01tVT000003iMBBYA2
WOOD + WHITE,WOOD + WHITE,01tVT000003iMKrYAM
,WOOD + WHITE,01tVT000003iMMTYA2
BROWN + GREY,BROWN + GREY,01tVT000003iMUXYA2
,BROWN + GREY,01tVT000003iMW9YAM
WOOD + BLACK,WOOD + BLACK,01tVT000003iMhRYAU
MULTICOLOR,MULTICOLOR,01tVT000003iMmHYAU
,MULTICOLOR,01tVT000003iMntYAE
,MULTICOLOR,01tVT000003iMzBYAU
WHITE+WOOD+GRAY,WHITE+WOOD+GRAY,01tVT000003iNGvYAM
,WHITE+WOOD+GRAY,01tVT000003iNK9YAM
MULTICOLOR,MULTICOLOR,01tVT000003iOePYAU
,MULTICOLOR,01tVT000003iOjFYAU
,WOOD,01tVT000003iT1OYAU
WHITE+WOOD,WHITE+WOOD,01tVT000003iTB4YAM
,WHITE+WOOD,01tVT000003iThJYAU
WHITE/PINK/BLUE + WOOD,WHITE/PINK/BLUE + WOOD,01tVT000003iTz3YAE
,WHITE/PINK/BLUE + WOOD,01tVT000003iU2HYAU
WOOD+PINK,WOOD+PINK,01tVT000003iUdNYAU
,WOOD+PINK,01tVT000003iUezYAE
WOOD,WOOD,01tVT000003iVXpYAM
MULTICOLOR,MULTICOLOR,01tVT000003iVnxYAE
,MULTICOLOR,01tVT000003iVpZYAU
,WHITE,01tVT000003j3McYAI
,BLACK,01tVT000003j4P8YAI
BLACK,BLACK,01tVT000003j5EjYAI
BLUE+WOOD,BLUE+WOOD,01tVT000003j5cvYAA
,BLUE+WOOD,01tVT000003j5eXYAQ
WHITE,WHITE,01tVT000003j62jYAA
GRAY+ORANGE+WHITE,GRAY+ORANGE+WHITE,01tVT000003j6CPYAY
,GRAY+ORANGE+WHITE,01tVT000003j6E1YAI
BROWN,BROWN,01tVT000003j7YHYAY
,BROWN,01tVT000003j7zhYAA
MULTICOLOR,MULTICOLOR,01tVT000003j8ZCYAY
,MULTICOLOR,01tVT000003j9evYAA
MULTICOLOR,MULTICOLOR,01tVT000003j9tRYAQ
,MULTICOLOR,01tVT000003j9yHYAQ
BROWN+BLACK,BROWN+BLACK,01tVT000003jA9ZYAU
,BROWN+BLACK,01tVT000003jAEPYA2
,KHAKI,01tVT000003jD2cYAE
KHAKI,KHAKI,01tVT000003jD5pYAE
,KHAKI,01tVT000003jD93YAE
KHAKI,KHAKI,01tVT000003jDk9YAE
GRAY,GRAY,01tVT000003jE0HYAU
,GRAY,01tVT000003jE1tYAE
GRAY,GRAY,01tVT000003jEEnYAM
,GRAY,01tVT000003jEI1YAM
GREEN,GREEN,01tVT000003jFkLYAU
,GREEN,01tVT000003jFpBYAU
GREEN,GREEN,01tVT000003jG0TYAU
,GREEN,01tVT000003jG5JYAU
GRAY,GRAY,01tVT000003jH9RYAU
,GRAY,01tVT000003jHB3YAM
CREAM,CREAM,01tVT000003jHHVYA2
,CREAM,01tVT000003jHJ7YAM
WOOD+GRAY,WOOD+GRAY,01tVT000003jtUrYAI
,WOOD+GRAY,01tVT000003jtUsYAI
ORANGE,ORANGE,01tVT000003juE1YAI
,WHITE,01tVT000003juHGYAY
,ORANGE,01tVT000003juU9YAI
CREAM,CREAM,01tVT000003judpYAA
,GRAY,01tVT000003judrYAA
,CREAM,01tVT000003jufRYAQ
WHITE,WHITE,01tVT000003jv5FYAQ
GRAY,GRAY,01tVT000003jv8UYAQ
GREEN,GREEN,01tVT000003jvGXYAY
,GREEN,01tVT000003jvI9YAI
CREAM+BROWN,CREAM+BROWN,01tVT000003jvurYAA
,CREAM+BROWN,01tVT000003jvy5YAA
GRAY,GRAY,01tVT000003jwhFYAQ
,GRAY,01tVT000003jwm5YAA
CREAM,CREAM,01tVT000003jx2DYAQ
,CREAM,01tVT000003jx73YAA
CREAM,CREAM,01tVT000003jxDVYAY
,CREAM,01tVT000003jxF7YAI
CREAM,CREAM,01tVT000003jxLZYAY
,CREAM,01tVT000003jxOnYAI
BLACK,BLACK,01tVT000003jzDhYAI
,BLACK,01tVT000003jzGvYAI
CREAM+WOOD,CREAM+WOOD,01tVT000003jzYfYAI
,CREAM+WOOD,01tVT000003jzdVYAQ
CREAM+WOOD,CREAM+WOOD,01tVT000003jzonYAA
,CREAM+WOOD,01tVT000003jzqPYAQ
WHITE+BLACK,WHITE+BLACK,01tVT000003k0WLYAY
,WHITE+BLACK,01tVT000003k0bBYAQ
BLACK,BLACK,01tVT000003k0heYAA
BLACK,BLACK,01tVT000003k1SRYAY
,BLACK,01tVT000003k2TJYAY
,BLACK,01tVT000003k2bOYAQ
,WHITE,01tVT000003k9oAYAQ
,WHITE + BLACK,01tVT000003kA7WYAU
MULTIPLE,MULTIPLE,01tVT000003kAAjYAM
,MULTIPLE,01tVT000003kACLYA2
BLACK OR WHITE,BLACK OR WHITE,01tVT000003kAQrYAM
,BLACK OR WHITE,01tVT000003kAXJYA2
SPRAY SILVER,SPRAY SILVER,01tVT000003kAXLYA2
WHITE / BLACK,WHITE / BLACK,01tVT000003kAYvYAM
,WHITE / BLACK,01tVT000003kAc9YAE
BLACK OR WHITE,BLACK OR WHITE,01tVT000003kAttYAE
,BLACK OR WHITE,01tVT000003kAvVYAU
WHITE + BLACK,WHITE + BLACK,01tVT000003kBA1YAM
,WHITE + BLACK,01tVT000003kBBdYAM
BLACK OR DOLADO,BLACK OR DOLADO,01tVT000003kBDFYA2
,BLACK OR DOLADO,01tVT000003kBErYAM
BLACK + WHITE,BLACK + WHITE,01tVT000003kBOXYA2
,BLACK + WHITE,01tVT000003kBQ9YAM
WHITE,WHITE,01tVT000003kBRlYAM
,WHITE,01tVT000003kBYDYA2
WHITE + BLACK,WHITE + BLACK,01tVT000003kBgHYAU
WHITE,WHITE,01tVT000003kBhtYAE
,WHITE,01tVT000003kBjVYAU
WHITE,WHITE,01tVT000003kBrbYAE
,SPRAY SILVER,01tVT000003kBwPYAU
WHITE,WHITE,01tVT000003kC4TYAU
,WHITE,01tVT000003kC4UYAU
WHITE,WHITE,01tVT000003kC9JYAU
WHITE,WHITE,01tVT000003kCCXYA2
,WHITE,01tVT000003kCHNYA2
WHITE,WHITE,01tVT000003kCKbYAM
WHITE,WHITE,01tVT000003kCNpYAM
,WHITE,01tVT000003kCR3YAM
,WHITE,01tVT000003kCSfYAM
WHITE,WHITE,01tVT000003kCZ7YAM
WHITE,WHITE,01tVT000003kCajYAE
,WHITE,01tVT000003kCfZYAU
,WHITE,01tVT000003kChBYAU
,WHITE,01tVT000003kCinYAE
WHITE,WHITE,01tVT000003kCu5YAE
,WHITE,01tVT000003kCvhYAE
GRAY,GRAY,01tVT000003pJzlYAE
,GRAY,01tVT000003pK7pYAE
GREY,GREY,01tVT000003q0WrYAI
,GREY,01tVT000003q0YTYAY
PINK OR ORANGE,PINK OR ORANGE,01tVT000003q0gXYAQ
,PINK OR ORANGE,01tVT000003q0i9YAA
WHITE,WHITE,01tVT000003sfsUYAQ
,GREY + WHITE,01tVT000003sjT4YAI
WHITE + BLACK,WHITE + BLACK,01tVT000003sjZXYAY
WHITE + BLACK,WHITE + BLACK,01tVT000003sjhZYAQ
,WHITE + BLACK,01tVT000003sjknYAA
,WHITE,01tVT000003sk8zYAA
BALNCO + BLACK,BALNCO + BLACK,01tVT000003skP7YAI
,BALNCO + BLACK,01tVT000003skSLYAY
GREY + WHITE,GREY + WHITE,01tVT000003skfFYAQ
,WHITE + BLACK,01tVT000003skqXYAQ
WHITE + BLACK,WHITE + BLACK,01tVT000003skwzYAA
,WHITE + BLACK,01tVT000003sl1pYAA
RED,RED,01tVT000003uS4kYAE
,RED,01tVT000003uS4lYAE
BROWN + GREY,BROWN + GREY,01tVT000003uS6LYAU
,BROWN + GREY,01tVT000003uS6MYAU
BROWN + BLACK,BROWN + BLACK,01tVT000003uS7xYAE
,BROWN + BLACK,01tVT000003uS7yYAE
GREY + BLACK,GREY + BLACK,01tVT000003uS9ZYAU
,GREY + BLACK,01tVT000003uS9aYAE
,GREY DARK,01tVT000003uv1uYAA
BROWN,BROWN,01tVT000003uvBZYAY
,BROWN,01tVT000003uvDBYAY
GREY DARK,GREY DARK,01tVT000003uvLFYAY
,MULTIPLE,01tVT000003xjc5YAA
,GREY,01tVT000003yqV4YAI
,WHITE + BLACK,01tVT000003yrpJYAQ
,WHITE + BLACK,01tVT000003ysBtYAI
,GREY,01tVT000003ysGjYAI
BLACK,BLACK,01tVT000003zTJVYA2
,BLACK,01tVT000003zTJWYA2
BLACK,BLACK,01tVT000003zTL7YAM
,BLACK,01tVT000003zTL8YAM
BLACK,BLACK,01tVT000003zTOLYA2
,BLACK,01tVT000003zTOMYA2
BLACK,BLACK,01tVT000003zTPxYAM
,BLACK,01tVT000003zTPyYAM
WHITE,WHITE,01tVT000003zTUnYAM
,WHITE,01tVT000003zTUoYAM
GREY,GREY,01tVT000003zTWPYA2
,GREY,01tVT000003zTWQYA2
BROWN,BROWN,01tVT000003zTY1YAM
,BROWN,01tVT000003zTY2YAM
BLACK,BLACK,01tVT000003zTg5YAE
,BLACK,01tVT000003zTg6YAE
BROWN,BROWN,01tVT000003zThhYAE
,BROWN,01tVT000003zThiYAE
BROWN,BROWN,01tVT000003zTmXYAU
,BROWN,01tVT000003zTmYYAU
WHITE,WHITE,01tVT000003zTo9YAE
,WHITE,01tVT000003zToAYAU
,WHITE,01tVT000003zeTRYAY
,BEIGE,01tVT000003zeejYAA
MULTIPLE,MULTIPLE,01tVT000003zfAzYAI
,MULTIPLE,01tVT000003zfFpYAI
GREY,GREY,01tVT0000043CSAYA2
,GREY,01tVT0000043D1dYAE
BLACK + SILVER,BLACK + SILVER,01tVT0000043zawYAA
,BLACK + SILVER,01tVT0000043zizYAA
BLACK,BLACK,01tVT00000440vBYAQ
,BLACK,01tVT00000440yPYAQ
BLACK,BLACK,01tVT0000044PjuYAE
,BLACK,01tVT0000044PjvYAE
BLACK + WHITE,BLACK + WHITE,01tVT0000044QmRYAU
,BLACK + WHITE,01tVT0000044QmSYAU
BLACK,BLACK,01tVT0000044RKIYA2
,BLACK,01tVT0000044RKJYA2
GREY,GREY,01tVT0000044RwzYAE
,GREY,01tVT0000044Rx0YAE
WHITE,WHITE,01tVT0000044S0DYAU
,WHITE,01tVT0000044S0EYAU
GREY,GREY,01tVT0000044S1pYAE
,GREY,01tVT0000044S1qYAE
GREY,GREY,01tVT0000044S3RYAU
,GREY,01tVT0000044S3SYAU
BLACK,BLACK,01tVT0000044S53YAE
,BLACK,01tVT0000044S54YAE
GREY+WHITE,GREY+WHITE,01tVT0000044S9tYAE
,GREY+WHITE,01tVT0000044S9uYAE
BLACK OR BROWN,BLACK OR BROWN,01tVT0000044SBVYA2
,BLACK OR BROWN,01tVT0000044SBWYA2
BLACK,BLACK,01tVT0000044SD7YAM
,BLACK,01tVT0000044SD8YAM
BLACK,BLACK,01tVT0000044SHxYAM
,BLACK,01tVT0000044SHyYAM
WHITE,WHITE,01tVT0000048iJKYAY
,WHITE,01tVT0000048j46YAA
WOOD,WOOD,01tVT0000048jyXYAQ
,WOOD,01tVT0000048k4zYAA
MULTIPLE,MULTIPLE,01tVT000004Ap2AYAS
GREEN,GREEN,01tVT000004AqSrYAK
,GREEN,01tVT000004AqUTYA0
BLUE + WHITE + WOOD,BLUE + WHITE + WOOD,01tVT000004AqkbYAC
,BLUE + WHITE + WOOD,01tVT000004AqpRYAS
MULTIPLE,MULTIPLE,01tVT000004Ar3xYAC
,MULTIPLE,01tVT000004Ar7BYAS
,MULTIPLE,01tVT000004ArITYA0
RED,RED,01tVT000004ArVNYA0
,RED,01tVT000004ArWzYAK
BLUE,BLUE,01tVT000004ArdRYAS
,BLUE,01tVT000004ArgfYAC
MULTIPLE,MULTIPLE,01tVT000004ArrxYAC
,MULTIPLE,01tVT000004ArwnYAC
MULTIPLE,MULTIPLE,01tVT000004As3FYAS
,MULTIPLE,01tVT000004As4rYAC
MULTIPLE,MULTIPLE,01tVT000004CaF7YAK
,MULTIPLE,01tVT000004CaGjYAK
MULTICOLOR,MULTICOLOR,01tVT000004EAzhYAG
,MULTICOLOR,01tVT000004EB4XYAW
,BROWN + BROWN,01tVT000004FfN8YAK
BROWN + BROWN,BROWN + BROWN,01tVT000004FhAPYA0
BROWN,BROWN,01tVT000004FhQXYA0
,BROWN,01tVT000004FhTlYAK
MULTIPLE,MULTIPLE,01tVT000004FlPJYA0
,MULTIPLE,01tVT000004FlQvYAK
BROWN + WHITE,BROWN + WHITE,01tVT000004IxSMYA0
,WHITE,01tVT000004IxnKYAS
,BROWN + WHITE,01tVT000004IyJZYA0
BLACK + BEIGE,BLACK + BEIGE,01tVT000004Iyg9YAC
,BLACK + BEIGE,01tVT000004IyhlYAC
BROWN + WHITE,BROWN + WHITE,01tVT000004IyufYAC
,BROWN + WHITE,01tVT000004IyzVYAS
BROWN,BROWN,01tVT000004JdWPYA0
,BROWN,01tVT000004JdY1YAK
MULTIPLE,MULTIPLE,01tVT000004KYUfYAO
,MULTIPLE,01tVT000004KYWHYA4
BROWN,BROWN,01tVT000004MNDNYA4
,BROWN,01tVT000004MNLRYA4
BROWN,BROWN,01tVT000004MNq5YAG
,BROWN,01tVT000004MNrhYAG
BLACK,BLACK,01tVT000004McAnYAK
,BLACK,01tVT000004McAoYAK
BLACK + GREY,BLACK + GREY,01tVT000004McE1YAK
,BLACK + GREY,01tVT000004McE2YAK
WOOD + BLACK,WOOD + BLACK,01tVT000004McHFYA0
,WOOD + BLACK,01tVT000004McHGYA0
BLACK+WOOD+GRAY,BLACK+WOOD+GRAY,01tVT000004McIrYAK
,BLACK+WOOD+GRAY,01tVT000004McIsYAK
WOOD + WHITE,WOOD + WHITE,01tVT000004McM5YAK
,WOOD + WHITE,01tVT000004McM6YAK
WHITE,WHITE,01tVT000004McNhYAK
,WHITE,01tVT000004McNiYAK
BLACK + GREY,BLACK + GREY,01tVT000004McSXYA0
,BLACK + GREY,01tVT000004McSYYA0
SEVERAL,SEVERAL,01tVT000004McU9YAK
,SEVERAL,01tVT000004McUAYA0
BROWN LIGHT,BROWN LIGHT,01tVT000004McYzYAK
,BROWN LIGHT,01tVT000004McZ0YAK
GREY,GREY,01tVT000004McqjYAC
,GREY,01tVT000004McqkYAC
WHITE,WHITE,01tVT000004McsLYAS
,WHITE,01tVT000004McsMYAS
BLACK,BLACK,01tVT000004MtuoYAC
,BLACK,01tVT000004Mv5NYAS
MULTICOLOR,MULTICOLOR,01tVT000004MvGfYAK
,MULTICOLOR,01tVT000004MvIHYA0
MULTICOLOR,MULTICOLOR,01tVT000004MvTZYA0
,MULTICOLOR,01tVT000004MvWnYAK
WOOD,WOOD,01tVT000004N59aYAC
,WOOD,01tVT000004N5kfYAC
GREEN,GREEN,01tVT000004N7phYAC
,GREEN,01tVT000004N7svYAC
GREEN,GREEN,01tVT000004N7zNYAS
,GREEN,01tVT000004N80zYAC
LIGHT TEAK,LIGHT TEAK,01tVT000004NYQ6YAO
LIGHT TEAK,LIGHT TEAK,01tVT000004NYgEYAW
,LIGHT TEAK,01tVT000004NZFiYAO
,LIGHT TEAK,01tVT000004NaWjYAK
LIGHT TEAK,LIGHT TEAK,01tVT000004Nbe6YAC
,LIGHT TEAK,01tVT000004NcezYAC
ROSE GREY,ROSE GREY,01tVT000004NdCrYAK
,ROSE GREY,01tVT000004NdETYA0
OIL FINISHING,OIL FINISHING,01tVT000004NeC9YAK
,OIL FINISHING,01tVT000004NeDlYAK
,GAB NATUAL OIL,01tVT000004NeqUYAS
NATURAL 01K,NATURAL 01K,01tVT000004NfL7YAK
,NATURAL 01K,01tVT000004NfPxYAK
GAB NATUAL OIL,GAB NATUAL OIL,01tVT000004NixJYAS
WOOD,WOOD,01tVT000004NxMtYAK
,WOOD,01tVT000004NxMuYAK
GREY / BLACK,GREY / BLACK,01tVT000004NzdBYAS
,GREY / BLACK,01tVT000004Of4XYAS
,WOOD,01tVT000004RAU2YAO
WOOD,WOOD,01tVT000004RF0gYAG
WOOD,WOOD,01tVT000004RHaLYAW
,WOOD,01tVT000004RHbxYAG
WOOD,WOOD,01tVT000004RHk1YAG
,WOOD,01tVT000004RHorYAG
WOOD,WOOD,01tVT000004RHthYAG
,WOOD,01tVT000004RHwvYAG
,MULTIPLE,01tVT000004RZ10YAG
,BLUE+WHITE,01tVT000004RcJpYAK
,BLUE,01tVT000004RcbZYAS
,BLACK,01tVT000004RdJ7YAK
BLUE,BLUE,01tVT000004RdivYAC
,BLUE,01tVT000004RdkXYAS
BLUE,BLUE,01tVT000004ReLdYAK
,BLUE,01tVT000004ReQTYA0
BLACK + WOOD,BLACK + WOOD,01tVT000004SlL3YAK
,BLACK + WOOD,01tVT000004SlL4YAK
BROWN + BLACK,BROWN + BLACK,01tVT000004SlMfYAK
,BROWN + BLACK,01tVT000004SlMgYAK
BLACK,BLACK,01tVT000004SlOHYA0
,BLACK,01tVT000004SlOIYA0
MULTIPLE,MULTIPLE,01tVT000004SlzNYAS
,MULTIPLE,01tVT000004SlzOYAS
SILVER,SILVER,01tVT000004SvnSYAS
,SILVER,01tVT000004SwErYAK
BLACK,BLACK,01tVT000004SwMvYAK
,BLACK,01tVT000004SwOXYA0
SILVER,SILVER,01tVT000004SwmjYAC
WOOD,WOOD,01tVT000004SwoLYAS
,SILVER,01tVT000004SwoMYAS
,WOOD,01tVT000004SwpxYAC
SILVER+BROWN,SILVER+BROWN,01tVT000004SxE9YAK
,SILVER+BROWN,01tVT000004SxFlYAK
SILVER+BROWN,SILVER+BROWN,01tVT000004TQJOYA4
SILVER+WOOD,SILVER+WOOD,01tVT000004TR2YYAW
,SILVER+WOOD,01tVT000004TRTxYAO
SILVER,SILVER,01tVT000004TRovYAG
,SILVER,01tVT000004TRqXYAW
BLACK,BLACK,01tVT000004TRs9YAG
,BLACK,01tVT000004TRsAYAW
MULTIPLE,MULTIPLE,01tVT000004TRwzYAG
,MULTIPLE,01tVT000004TRx0YAG
,SILVER+BROWN,01tVT000004TSJZYA4
,BLACK,01tVT000004XKYjYAO
BLACK,BLACK,01tVT000004XcdhYAC
,BLACK,01tVT000004XcdiYAC
WHITE / BLACK / SILVER,WHITE / BLACK / SILVER,01tVT000004XcyfYAC
,WHITE / BLACK / SILVER,01tVT000004XcygYAC
BLACK,BLACK,01tVT000004Xd0HYAS
,BLACK,01tVT000004Xd0IYAS
GREY,GREY,01tVT000004YnNOYA0
,WOOD,01tVT000004Ynf8YAC
WOOD,WOOD,01tVT000004YnvFYAS
BEIGE,BEIGE,01tVT000004Yp94YAC
,GREY,01tVT000004YpDtYAK
,BEIGE,01tVT000004YpfJYAS
SILVER+WOOD,SILVER+WOOD,01tVT000004aWjqYAE
BLACK+WOOD,BLACK+WOOD,01tVT000004aWrvYAE
,SILVER+WOOD,01tVT000004aYiPYAU
,BLACK+WOOD,01tVT000004aZ1lYAE
MULTICOLOR,MULTICOLOR,01tVT000004fw7NYAQ
,MULTICOLOR,01tVT000004fw8zYAA
ACACIA,ACACIA,01tVT000004fwYnYAI
,ACACIA,01tVT000004fwddYAA
WOOD + BLACK,WOOD + BLACK,01tVT000004hFMTYA2
,WOOD + BLACK,01tVT000004hFO5YAM
WOOD + BLACK,WOOD + BLACK,01tVT000004hKE5YAM
,WOOD + BLACK,01tVT000004hKIvYAM
WOOD + BLACK,WOOD + BLACK,01tVT000004hLBlYAM
,WOOD + BLACK,01tVT000004hLDNYA2
WOOD + GREY,WOOD + GREY,01tVT000004hOzFYAU
,WOOD + GREY,01tVT000004hP45YAE
BLACK,BLACK,01tVT000004joklYAA
,BLACK,01tVT000004jpnGYAQ
,BLACK,01tVT000004jrHDYAY
,BLACK,01tVT000004jrh0YAA
NATURAL,NATURAL,01tVT000004jrsIYAQ
,BLACK,01tVT000004js0MYAQ
BLACK,BLACK,01tVT000004js8PYAQ
,BLACK,01tVT000004jsA1YAI
BLACK,BLACK,01tVT000004jsErYAI
,BLACK,01tVT000004jsGTYAY
BLACK,BLACK,01tVT000004jsRlYAI
,BLACK,01tVT000004jsYDYAY
SILVER,SILVER,01tVT000004jsl7YAA
,SILVER,01tVT000004jsmjYAA
BLACK,BLACK,01tVT000004jsmkYAA
,BLACK,01tVT000004jsoMYAQ
BLACK,BLACK,01tVT000004jstBYAQ
,NATURAL,01tVT000004jsy2YAA
BLACK,BLACK,01tVT000004jszdYAA
,BLACK,01tVT000004jt2rYAA
,BLACK,01tVT000004jtAxYAI
,BLACK+RED,01tVT000004jtFmYAI
BLACK,BLACK,01tVT000004jtPRYAY
BLACK,BLACK,01tVT000004jtndYAA
,BLACK,01tVT000004jtqrYAA
BLACK OR GREY,BLACK OR GREY,01tVT000004jtxJYAQ
,BLACK OR GREY,01tVT000004jtyvYAA
BLACK+RED,BLACK+RED,01tVT000004ju8cYAA
BLACK,BLACK,01tVT000004juDRYAY
,BLACK,01tVT000004juF3YAI
BLACK,BLACK,01tVT000004jugTYAQ
BLACK,BLACK,01tVT000004juyDYAQ
BROWN,BROWN,01tVT000004kzvqYAA
,BROWN,01tVT000004l077YAA
WOOD,WOOD,01tVT000004rFReYAM
,WOOD,01tVT000004rFRfYAM
WOOD,WOOD,01tVT000004rG5yYAE
,WOOD,01tVT000004rG5zYAE
GREEN,GREEN,01tVT000004vCQMYA2
CAQUI,CAQUI,01tVT000004vDUTYA2
,CAQUI,01tVT000004vDcXYAU
,GREEN,01tVT000004vDkbYAE
CAQUI,CAQUI,01tVT000004vE0jYAE
,CAQUI,01tVT000004vE5ZYAU
GREEN,GREEN,01tVT000004vE7BYAU
,GREEN,01tVT000004vEC1YAM
,BLACK,01tVT000004zVCgYAM
WHITE,WHITE,01tVT000004zVJ9YAM
,WHITE,01tVT000004zVJAYA2
BLACK,BLACK,01tVT000004zWlRYAU
WHITE,WHITE,01tVT000004zWtVYAU
,WHITE,01tVT000004zWtWYAU
,WOOD + BLACK,01tVT00000526WHYAY
,WOOD + BLACK,01tVT00000526fxYAA
,WOOD + BLACK,01tVT00000526o1YAA
WHITE,WHITE,01tVT0000054eNNYAY
,WHITE,01tVT0000054eNOYAY
BLACK,BLACK,01tVT00000584y2YAA
BLACK,BLACK,01tVT00000586GgYAI
BLACK,BLACK,01tVT00000586wcYAA
,BLACK,01tVT00000586zpYAA
BLACK,BLACK,01tVT000005877tYAA
,BLACK,01tVT000005879VYAQ
WHITE,WHITE,01tVT00000587hNYAQ
,BLACK,01tVT00000587j0YAA
,WHITE,01tVT00000587kbYAA
BLACK,BLACK,01tVT00000587pRYAQ
,BLACK,01tVT00000587r3YAA
BLACK,BLACK,01tVT00000587uHYAQ
BLACK,BLACK,01tVT000005882LYAQ
,BLACK,01tVT000005887BYAQ
BLACK,BLACK,01tVT00000588C1YAI
,BLACK,01tVT00000588FFYAY
BLACK,BLACK,01tVT00000588QXYAY
,BLACK,01tVT00000588S9YAI
,BLACK,01tVT00000588ojYAA
BLACK,BLACK,01tVT00000588wnYAA
,BLACK,01tVT00000588yPYAQ
,WHITE + BLACK,01tVT00000589GAYAY
WHITE + BLACK,WHITE + BLACK,01tVT00000589ODYAY
MULTIPLE,MULTIPLE,01tVT00000589OEYAY
,WHITE + BLACK,01tVT00000589PpYAI
WHITE + BLACK,WHITE + BLACK,01tVT00000589XtYAI
WHITE + BLACK,WHITE + BLACK,01tVT00000589cjYAA
,WHITE + BLACK,01tVT00000589eLYAQ
,MULTIPLE,01tVT00000589jBYAQ
,BLACK,01tVT00000589rFYAQ
,BLACK + WOOD,01tVT000005SQb0YAG
BLACK,BLACK,01tVT000005SSUkYAO
BLACK,BLACK,01tVT000005SUl3YAG
,BLACK,01tVT000005SUmfYAG
BLACK + WOOD,BLACK + WOOD,01tVT000005SUxxYAG
BLACK + WOOD,BLACK + WOOD,01tVT000005SV61YAG
,BLACK + WOOD,01tVT000005SVArYAO
,BLACK,01tVT000005SVdtYAG
BLACK,BLACK,01tVT000005SWIDYA4
,BLACK,01tVT000005SWOfYAO
BLACK,BLACK,01tVT000005SWdBYAW
,BLACK,01tVT000005SWenYAG
BLACK,BLACK,01tVT000005SWtJYAW
,BLACK,01tVT000005SWuvYAG
BLACK,BLACK,01tVT000005SXCfYAO
,BLACK,01tVT000005SXEHYA4
BLACK,BLACK,01tVT000005XQTuYAO
BLACK,BLACK,01tVT000005XQthYAG
,BLACK,01tVT000005XR8DYAW
,BLACK,01tVT000005XRJVYA4
BLACK+WOOD+CREAM,BLACK+WOOD+CREAM,01tVT000005aWL4YAM
LIGHT BROWN+GREY,LIGHT BROWN+GREY,01tVT000005aXnOYAU
,BLACK+WOOD+CREAM,01tVT000005aXyfYAE
,BLACK + WOOD,01tVT000005aY58YAE
,LIGHT BROWN+GREY,01tVT000005aYWXYA2
GREEN,GREEN,01tVT000005aYl3YAE
,GREEN,01tVT000005aYmfYAE
CAQUI + WOOD,CAQUI + WOOD,01tVT000005aZQzYAM
,CAQUI + WOOD,01tVT000005aZSbYAM
WHITE+WOOD+CREAM,WHITE+WOOD+CREAM,01tVT000005aZijYAE
,WHITE+WOOD+CREAM,01tVT000005aZkLYAU
,GREY + WHITE,01tVT000005aZysYAE
,BEIGE + WOOD + BLACK,01tVT000005aa0VYAQ
WHITE+WOOD+CREAM,WHITE+WOOD+CREAM,01tVT000005aaIDYAY
,WHITE+WOOD+CREAM,01tVT000005aaJpYAI
,CAQUI + BEIGE,01tVT000005aaoUYAQ
BEIGE + WOOD + BLACK,BEIGE + WOOD + BLACK,01tVT000005acBxYAI
,WHITE+WOOD+CREAM,01tVT000005acFCYAY
GREY + WHITE,GREY + WHITE,01tVT000005acS5YAI
BLACK + WOOD,BLACK + WOOD,01tVT000005actVYAQ
GREY + BLACK,GREY + BLACK,01tVT000005aczyYAA
,GREY + BLACK,01tVT000005adhVYAQ
GREY,GREY,01tVT000005adrBYAQ
,GREY,01tVT000005adsnYAA
BLACK,BLACK,01tVT000005ae0rYAA
,BLACK,01tVT000005ae5hYAA
CAQUI + BEIGE,CAQUI + BEIGE,01tVT000005aeQfYAI
WHITE+WOOD+CREAM,WHITE+WOOD+CREAM,01tVT000005af3NYAQ
GREY,GREY,01tVT000005af8DYAQ
,GREY,01tVT000005af9pYAA
BLACK + WOOD,BLACK + WOOD,01tVT000005afWPYAY
,BLACK + WOOD,01tVT000005afY1YAI
CREAM+WOOD+GREY,CREAM+WOOD+GREY,01tVT000005afwDYAQ
,CREAM+WOOD+GREY,01tVT000005afxpYAA
BLACK+LIGHT GREY,BLACK+LIGHT GREY,01tVT000005agFZYAY
,BLACK+LIGHT GREY,01tVT000005agHBYAY
GREY+WOOD+CREAM,GREY+WOOD+CREAM,01tVT000005ahpxYAA
,GREY+WOOD+CREAM,01tVT000005ahy1YAA
GREEN + BROWN,GREEN + BROWN,01tVT000005ai4UYAQ
CAQUI + BEIGE,CAQUI + BEIGE,01tVT000005aiE9YAI
,CAQUI + BEIGE,01tVT000005aiHNYAY
,GREEN + BROWN,01tVT000005aiVtYAI
BROWN+CREAM,BROWN+CREAM,01tVT000005aidxYAA
,BROWN+CREAM,01tVT000005aifZYAQ
GREY,GREY,01tVT000005ak33YAA
,GREY,01tVT000005ak4fYAA
GREY+BLACK,GREY+BLACK,01tVT000005akSrYAI
,GREY+BLACK,01tVT000005akUTYAY
GREEN+WOOD+GREY+BLACK,GREEN+WOOD+GREY+BLACK,01tVT000005akvtYAA
,GREEN+WOOD+GREY+BLACK,01tVT000005akxVYAQ
WHITE+GREY,WHITE+GREY,01tVT000005amMcYAI
YELLOW/GREY,YELLOW/GREY,01tVT000005amcjYAA
,YELLOW/GREY,01tVT000005ameLYAQ
,WHITE+GREY,01tVT000005amsrYAA
BEIGE + WOOD,BEIGE + WOOD,01tVT000005bDReYAM
,WHITE+WOOD+CREAM,01tVT000005bE5yYAE
,BEIGE + WOOD,01tVT000005bEKUYA2
,BLACK + WHITE,01tVT000005bEacYAE
BEIGE,BEIGE,01tVT000005bEtyYAE
,BEIGE,01tVT000005bFTRYA2
GREY,GREY,01tVT000005bFjZYAU
,GREY,01tVT000005bFoPYAU
WHITE + WOOD,WHITE + WOOD,01tVT000005bFtFYAU
,WHITE + WOOD,01tVT000005bFy5YAE
BLACK + WHITE,BLACK + WHITE,01tVT000005bG2vYAE
WHITE+WOOD+GREY,WHITE+WOOD+GREY,01tVT000005bG9NYAU
,WHITE+WOOD+GREY,01tVT000005bGAzYAM
CAQUI,CAQUI,01tVT000005bGCbYAM
,CAQUI,01tVT000005bGHRYA2
WHITE+WOOD+CREAM,WHITE+WOOD+CREAM,01tVT000005bGSjYAM
BLACK+WOOD,BLACK+WOOD,01tVT000005bH3pYAE
,BLACK+WOOD,01tVT000005bH8fYAE
GREY,GREY,01tVT000005bJ41YAE
,GREY,01tVT000005bJ5dYAE
SILVER,SILVER,01tVT000005bOJpYAM
,SILVER,01tVT000005bOLRYA2
SILVER,SILVER,01tVT000005bOYLYA2
,SILVER,01tVT000005bObZYAU
BLACK,BLACK,01tVT000005bOi2YAE
BLACK + SILVER,BLACK + SILVER,01tVT000005bOjdYAE
,BLACK + SILVER,01tVT000005bOlFYAU
BROWN,BROWN,01tVT000005bOy9YAE
,BROWN,01tVT000005bOzlYAE
SILVER,SILVER,01tVT000005bP7pYAE
,SILVER,01tVT000005bPCfYAM
,BLACK,01tVT000005bPJ7YAM
BLACK,BLACK,01tVT000005bT8DYAU
,BLACK,01tVT000005bTD3YAM
BROWN+WHITE,BROWN+WHITE,01tVT000005c9AfYAI
,BROWN+WHITE,01tVT000005c9DtYAI
BROWN+WHITE,BROWN+WHITE,01tVT000005c9iXYAQ
,BROWN+WHITE,01tVT000005c9k9YAA
GREY+WHITE,GREY+WHITE,01tVT000005cAbNYAU
,GREY+WHITE,01tVT000005cAhpYAE
BLACK+WHITE,BLACK+WHITE,01tVT000005cB1BYAU
,BLACK+WHITE,01tVT000005cB2oYAE
BLACK+WOOD+WHITE,BLACK+WOOD+WHITE,01tVT000005cBijYAE
,BLACK+WOOD+WHITE,01tVT000005cBkLYAU
BLACK+WOOD+WHITE,BLACK+WOOD+WHITE,01tVT000005cC5JYAU
,BLACK+WOOD+WHITE,01tVT000005cCA9YAM
BLACK+WOOD+WHITE,BLACK+WOOD+WHITE,01tVT000005cClFYAU
,BLACK+WOOD+WHITE,01tVT000005cCmrYAE
GREY,GREY,01tVT000005cDZFYA2
,GREY,01tVT000005cDivYAE
SILVER+BROWN,SILVER+BROWN,01tVT000005cOODYA2
,SILVER+BROWN,01tVT000005cOOEYA2
CROMADO+BLACK,CROMADO+BLACK,01tVT000005cOPpYAM
,CROMADO+BLACK,01tVT000005cOPqYAM
,BLACK,01tVT000005ckF3YAI
,BLACK,01tVT000005cqIrYAI
GREY+WHITE+WOOD,GREY+WHITE+WOOD,01tVT000005cuSvYAI
,GREY+WHITE+WOOD,01tVT000005cuXlYAI
BLACK,BLACK,01tVT000005cvFJYAY
,BLACK,01tVT000005cvK9YAI
BLACK+GREY,BLACK+GREY,01tVT000005cvSDYAY
,BLACK+GREY,01tVT000005cvTpYAI
BLACK + BROWN,BLACK + BROWN,01tVT000005cvdVYAQ
,BLACK + BROWN,01tVT000005cviLYAQ
BLACK,BLACK,01tVT000005cvtdYAA
GREY,GREY,01tVT000005cw3JYAQ
,BLACK,01tVT000005cw4vYAA
,GREY,01tVT000005cw89YAA
BLACK+WHITE,BLACK+WHITE,01tVT000005cwT7YAI
,BLACK+WHITE,01tVT000005cwUjYAI
BLACK,BLACK,01tVT000005cwZZYAY
,BLACK,01tVT000005cwbBYAQ
GREEN+WOOD+WHITE,GREEN+WOOD+WHITE,01tVT000005cz2nYAA
,GREEN+WOOD+WHITE,01tVT000005cz4PYAQ
BLACK+WOOD+CREAM,BLACK+WOOD+CREAM,01tVT000005czfVYAQ
,BLACK+WOOD+CREAM,01tVT000005czlxYAA
GRAY,GRAY,01tVT000005d0TVYAY
,GRAY,01tVT000005d0WjYAI
WHITE,WHITE,01tVT000005d9IHYAY
,WHITE,01tVT000005d9IIYAY
BLACK+ROSE RED,BLACK+ROSE RED,01tVT000005dcDpYAI
,BLACK+ROSE RED,01tVT000005dcFRYAY
GREY+WHITE,GREY+WHITE,01tVT000005dfJlYAI
,GREY+WHITE,01tVT000005dfLNYAY
BLACK+STAINLESS STEEL,BLACK+STAINLESS STEEL,01tVT000005gUEvYAM
,BLACK+STAINLESS STEEL,01tVT000005gUMzYAM
STAINLESS STEEL,STAINLESS STEEL,01tVT000005gUrdYAE
,STAINLESS STEEL,01tVT000005gUwTYAU
WOOD+GREY,WOOD+GREY,01tVT000005hFAcYAM
WOOD+BROWN,WOOD+BROWN,01tVT000005hGrRYAU
,WOOD+BROWN,01tVT000005hGxtYAE
WOOD+CREAM,WOOD+CREAM,01tVT000005hI8TYAU
,WOOD+CREAM,01tVT000005hIA5YAM
,WOOD+GREY,01tVT000005hL37YAE
,WOOD+CREAM,01tVT000005hj2EYAQ
,WOOD,01tVT000005hmrKYAQ
WOOD + GREY,WOOD + GREY,01tVT000005hn4EYAQ
BEIGE + WOOD,BEIGE + WOOD,01tVT000005hpkMYAQ
WOOD,WOOD,01tVT000005hqGbYAI
,WOOD,01tVT000005hqLRYAY
MULTIPLE,MULTIPLE,01tVT000005hqdBYAQ
,MULTIPLE,01tVT000005hqgPYAQ
,BEIGE + WOOD,01tVT000005hqwXYAQ
MULTIPLE,MULTIPLE,01tVT000005hr7pYAA
,MULTIPLE,01tVT000005hr9RYAQ
WOOD + GREY,WOOD + GREY,01tVT000005hrFuYAI
,WOOD + GREY,01tVT000005hrRBYAY
WOOD,WOOD,01tVT000005hrkXYAQ
,WOOD + GREY,01tVT000005hrvpYAA
WOOD + GREY,WOOD + GREY,01tVT000005ht4nYAA
,WOOD + GREY,01tVT000005ht6PYAQ
,WOOD + GREY,01tVT000005htHiYAI
WOOD,WOOD,01tVT000005htKvYAI
,WOOD,01tVT000005htPlYAI
WOOD + GREY,WOOD + GREY,01tVT000005htUbYAI
,GREY + GOLD,01tVT000005hwNeYAI
WOOD+GREY,WOOD+GREY,01tVT000005hxEsYAI
WOOD + WHITE,WOOD + WHITE,01tVT000005hxuoYAA
WOOD + GREY,WOOD + GREY,01tVT000005hxy1YAA
,WOOD + GREY,01tVT000005hxzdYAA
WOOD + GREY,WOOD + GREY,01tVT000005hy7hYAA
,WOOD + GREY,01tVT000005hyCXYAY
WOOD + BEIGE,WOOD + BEIGE,01tVT000005hyMDYAY
,WOOD + BEIGE,01tVT000005hyPRYAY
GREY + GOLD,GREY + GOLD,01tVT000005hyZ7YAI
WOOD + WHITE,WOOD + WHITE,01tVT000005hyfaYAA
MULTIPLE,MULTIPLE,01tVT000005hyndYAA
,MULTIPLE,01tVT000005hypFYAQ
,WOOD+GREY,01tVT000005hz3lYAA
WOOD + WHITE,WOOD + WHITE,01tVT000005hz8bYAA
,WOOD + WHITE,01tVT000005hzADYAY
WOOD+CREAM,WOOD+CREAM,01tVT000005hzOjYAI
,WOOD+CREAM,01tVT000005hzTZYAY
,WOOD + WHITE,01tVT000005i0JBYAY
,WOOD + WHITE,01tVT000005i0UTYAY
,WOOD+WHITE,01tVT000005i4zWYAQ
WOOD+GREY,WOOD+GREY,01tVT000005i6A6YAI
WOOD+GREY,WOOD+GREY,01tVT000005i6lBYAQ
,WOOD+GREY,01tVT000005i6q1YAA
WOOD,WOOD,01tVT000005i7HRYAY
WOOD,WOOD,01tVT000005i7anYAA
,WOOD,01tVT000005i7cPYAQ
,WOOD+GREY,01tVT000005i8AHYAY
WOOD+WHITE,WOOD+WHITE,01tVT000005i8YTYAY
WOOD+POLYESTER,WOOD+POLYESTER,01tVT000005i8v3YAA
,WOOD+POLYESTER,01tVT000005i8wfYAA
WOOD+CREAM,WOOD+CREAM,01tVT000005i9SvYAI
,WOOD+CREAM,01tVT000005i9XlYAI
WOOD+CREAM,WOOD+CREAM,01tVT000005i9uLYAQ
WOOD+GREY,WOOD+GREY,01tVT000005iANNYA2
,WOOD+GREY,01tVT000005iAOzYAM
WOOD+GTEY,WOOD+GTEY,01tVT000005iYW9YAM
,WOOD+GTEY,01tVT000005iYXlYAM
WHITE+GREY+BROWN,WHITE+GREY+BROWN,01tVT000005kVVlYAM
WOOD + WHITE,WOOD + WHITE,01tVT000005kVabYAE
,WOOD + WHITE,01tVT000005kVcDYAU
,WHITE+GREY+BROWN,01tVT000005kVh3YAE
ORANGE,ORANGE,01tVT000005kVigYAE
BLACK,BLACK,01tVT000005kW5FYAU
,BLACK,01tVT000005kWA5YAM
,BROWN + GREY,01tVT000005kWWgYAM
WOOD+GREY,WOOD+GREY,01tVT000005kYBtYAM
,WOOD+GREY,01tVT000005kYGjYAM
,WHITE+BLUE,01tVT000005kbbDYAQ
CREAM+BROWN,CREAM+BROWN,01tVT000005kbo5YAA
,CREAM+BROWN,01tVT000005kbuXYAQ
YELLOW+WHITE,YELLOW+WHITE,01tVT000005kcPBYAY
,YELLOW+WHITE,01tVT000005kcQnYAI
BLACK,BLACK,01tVT000005kcdhYAA
,BLACK,01tVT000005kcfJYAQ
,ORANGE,01tVT000005kd6jYAA
WHITE+DARK GREY,WHITE+DARK GREY,01tVT000005kfA9YAI
,WHITE+DARK GREY,01tVT000005kfDNYAY
WHITE+BLUE,WHITE+BLUE,01tVT000005kfQHYAY
BROWN+BLACK,BROWN+BLACK,01tVT000005l3FhYAI
,BROWN+BLACK,01tVT000005l3IvYAI
MULTIPLE,MULTIPLE,01tVT000005lu8jYAA
,MULTIPLE,01tVT000005luDZYAY
BLACK,BLACK,01tVT000005lzI6YAI
BLACK,BLACK,01tVT000005m07hYAA
,BLACK,01tVT000005m09JYAQ
BLACK,BLACK,01tVT000005m0VtYAI
,BLACK,01tVT000005m0ajYAA
,BLACK,01tVT000005m0fZYAQ
BLACK,BLACK,01tVT000005m0yvYAA
,BLACK,01tVT000005m10XYAQ
WHITE + WOOD,WHITE + WOOD,01tVT000005m15NYAQ
,WHITE + WOOD,01tVT000005m18bYAA
BLUE,BLUE,01tVT000005m1gTYAQ
,BLUE,01tVT000005m1i5YAA
BROWN,BROWN,01tVT000005m1zpYAA
,BROWN,01tVT000005m24fYAA
GREY + WOOD,GREY + WOOD,01tVT000005m2RFYAY
,GREY + WOOD,01tVT000005m2XhYAI
BLUE,BLUE,01tVT000005m2ZJYAY
,BLUE,01tVT000005m2avYAA
GREY,GREY,01tVT000005m2uHYAQ
WOOD,WOOD,01tVT000005m2vtYAA
,GREY,01tVT000005m2xVYAQ
,WOOD,01tVT000005m2z7YAA
WOOD+WHITE,WOOD+WHITE,01tVT000005m3OwYAI
WOOD,WOOD,01tVT000005m3iHYAQ
,WOOD,01tVT000005m3jtYAA
GREY,GREY,01tVT000005m4ZVYAY
,GREY,01tVT000005m4ckYAA
,WOOD+WHITE,01tVT000005m57NYAQ
WOOD,WOOD,01tVT000005mY9NYAU
,WOOD,01tVT000005mYCbYAM
WOOD,WOOD,01tVT000005mYVxYAM
,WOOD,01tVT000005mYanYAE
GREY,GREY,01tVT000005mYu9YAE
,GREY,01tVT000005mYvlYAE
,GREY,01tVT000005mZF8YAM
GREY,GREY,01tVT000005mZVFYA2
GREY + BLUE,GREY + BLUE,01tVT000005mZjlYAE
,GREY + BLUE,01tVT000005mZlNYAU
GREY + BLACK,GREY + BLACK,01tVT000005maSvYAI
,GREY + BLACK,01tVT000005maUXYAY
GREY + WHITE,GREY + WHITE,01tVT000005mapVYAQ
,GREY + WHITE,01tVT000005mar7YAA
GREY,GREY,01tVT000005mb2PYAQ
,GREY,01tVT000005mb7FYAQ
BROWN + WHITE,BROWN + WHITE,01tVT000005mbFJYAY
,BROWN + WHITE,01tVT000005mbGvYAI
WOOD+BLACK,WOOD+BLACK,01tVT000005mbyUYAQ
BROWN,BROWN,01tVT000005mc9lYAA
,BROWN,01tVT000005mcL3YAI
MULTIPLE,MULTIPLE,01tVT000005mcWLYAY
,MULTIPLE,01tVT000005mcZZYAY
BLACK,BLACK,01tVT000005mdH7YAI
,BLACK,01tVT000005mdLxYAI
,BLACK + WOOD,01tVT000005meEoYAI
BLACK,BLACK,01tVT000005meUvYAI
,BLACK,01tVT000005meWXYAY
WOOD,WOOD,01tVT000005meptYAA
,WOOD,01tVT000005meujYAA
WHITE + WOOD,WHITE + WOOD,01tVT000005mfE5YAI
,WHITE + WOOD,01tVT000005mfFhYAI
WOOD+BLACK,WOOD+BLACK,01tVT000005mfcHYAQ
,WOOD+BLACK,01tVT000005mfh7YAA
BROWN,BROWN,01tVT000005mg0YYAQ
,WHITE + BLACK,01tVT000005mgRuYAI
MULTIPLE,MULTIPLE,01tVT000005mhxRYAQ
BLACK + WOOD,BLACK + WOOD,01tVT000005mi2IYAQ
,MULTIPLE,01tVT000005miLdYAI
,BROWN,01tVT000005mirtYAA
WHITE + BLACK,WHITE + BLACK,01tVT000005mj3BYAQ
BLACK,BLACK,01tVT000005mjsnYAA
,BLACK,01tVT000005mjw1YAA
BLACK,BLACK,01tVT000005mk2TYAQ
,BLACK,01tVT000005mk7JYAQ
BLACK,BLACK,01tVT000005mkQfYAI
,BLACK,01tVT000005mkVVYAY
BLACK,BLACK,01tVT000005mkthYAA
,BLACK,01tVT000005mkvJYAQ
WHITE+WOOD,WHITE+WOOD,01tVT000005mlD3YAI
,WHITE+WOOD,01tVT000005mlEfYAI
BLACK,BLACK,01tVT000005mlrNYAQ
,BLACK,01tVT000005mlszYAA
,WOOD+BLACK,01tVT000005mlxpYAA
BLACK,BLACK,01tVT000005mm5tYAA
,BLACK,01tVT000005mm7VYAQ
BLACK,BLACK,01tVT000005mmNdYAI
,BLACK,01tVT000005mmPFYAY
BLACK,BLACK,01tVT000005mmfNYAQ
,BLACK,01tVT000005mmgzYAA
RED,RED,01tVT000005mmp3YAA
SILVER,SILVER,01tVT000005mmvVYAQ
,SILVER,01tVT000005mmx7YAA
,RED,01tVT000005mn1xYAA
,BLACK+GREY,01tVT000005mn3aYAA
MULTICOLOR,MULTICOLOR,01tVT000005mnrZYAQ
,MULTICOLOR,01tVT000005mnwPYAQ
RED+BLACK,RED+BLACK,01tVT000005moqrYAA
,RED+BLACK,01tVT000005mosTYAQ
BLACK+GREY,BLACK+GREY,01tVT000005mpADYAY
BLACK,BLACK,01tVT000005mpTZYAY
,BLACK,01tVT000005mpVBYAY
BLACK,BLACK,01tVT000005mptNYAQ
,BLACK,01tVT000005mpuzYAA
BLACK,BLACK,01tVT000005mq6HYAQ
,BLACK,01tVT000005mqB7YAI
BLACK,BLACK,01tVT000005mqW5YAI
,BLACK,01tVT000005mqavYAA
BLACK / WHITE,BLACK / WHITE,01tVT000005nV1NYAU
,BLACK / WHITE,01tVT000005nV7pYAE
BROWN + BEIGE,BROWN + BEIGE,01tVT000005pfZKYAY
,BROWN + BEIGE,01tVT000005pfflYAA
BLUE,BLUE,01tVT000005pfr3YAA
,BLUE,01tVT000005pfsfYAA
BLACK,BLACK,01tVT000005pg5ZYAQ
,BLACK,01tVT000005pg7BYAQ
,WOOD+WHITE,01tVT000005s5ZKYAY
WOOD+WHITE,WOOD+WHITE,01tVT000005s5flYAA
,WOOD+GRAY,01tVT000005sgkBYAQ
,WOOD+GRAY,01tVT000005sjBmYAI
WOOD+GRAY,WOOD+GRAY,01tVT000005sjenYAA
WOOD+GRAY,WOOD+GRAY,01tVT000005sk6DYAQ
WHITE,WHITE,01tVT000005svmPYAQ
,WHITE,01tVT000005svrFYAQ
BLACK / RED,BLACK / RED,01tVT000005ukzlYAA
,BLACK / RED,01tVT000005ul1NYAQ
BLACK,BLACK,01tVT000005ulm9YAA
,BLACK,01tVT000005ulnlYAA
BLACK,BLACK,01tVT000005ulz3YAA
,BLACK,01tVT000005um0fYAA
BLACK,BLACK,01tVT000005umFBYAY
,BLACK,01tVT000005umWvYAI
BLACK,BLACK,01tVT000005umdNYAQ
,BLACK,01tVT000005umezYAA
,BLACK / RED,01tVT000005umjqYAA
BLACK,BLACK,01tVT000005umv7YAA
,BLACK,01tVT000005umyLYAQ
BLACK / RED,BLACK / RED,01tVT000005un9dYAA
BLACK,BLACK,01tVT000005unHhYAI
,BLACK,01tVT000005unKvYAI
BLACK,BLACK,01tVT000005unOAYAY
BLACK + RED,BLACK + RED,01tVT000005unSzYAI
,BLACK + RED,01tVT000005unUbYAI
BLACK + RED,BLACK + RED,01tVT000005unb3YAA
,BLACK + RED,01tVT000005uneHYAQ
BLACK,BLACK,01tVT000005unnxYAA
,BLACK,01tVT000005unsnYAA
BLACK,BLACK,01tVT000005uo2TYAQ
,BLACK,01tVT000005uo45YAA
,BLACK,01tVT000005uoC9YAI
BLACK+CREAM,BLACK+CREAM,01tVT000005upg5YAA
,BLACK+CREAM,01tVT000005uphhYAA
BLACK,BLACK,01tVT000005uqKPYAY
,BLACK,01tVT000005uqM1YAI
BLACK+CREAM,BLACK+CREAM,01tVT000005uqkDYAQ
,BLACK+CREAM,01tVT000005uqp3YAA
BROWN,BROWN,01tVT000005urDFYAY
,BROWN,01tVT000005urGTYAY
WHITE,WHITE,01tVT000005vPEvYAM
,WHITE,01tVT000005vPGXYA2
BLACK,BLACK,01tVT000005wwojYAA
,BLACK,01tVT000005wwqLYAQ
GREY,GREY,01tVT000005wxODYAY
,WOOD+WHITE,01tVT000005wxUgYAI
BROWN,BROWN,01tVT000005wxrFYAQ
,BROWN,01tVT000005wxsrYAA
WOOD+WHITE,WOOD+WHITE,01tVT000005wyKHYAY
WHITE,WHITE,01tVT000005x75pYAA
,WHITE,01tVT000005x7CHYAY
,WHITE,01tVT000005x7c6YAA
WHITE,WHITE,01tVT000005x8I1YAI
BLACK + BEIGE,BLACK + BEIGE,01tVT000005xet0YAA
WOOD + BLACK,WOOD + BLACK,01tVT000005xf5uYAA
,DARK,01tVT000005xfU6YAI
BLACK + WOOD,BLACK + WOOD,01tVT000005xgd3YAA
,BLACK + WOOD,01tVT000005xgefYAA
,WOOD + BLACK,01tVT000005xgpxYAA
WOOD + BLACK,WOOD + BLACK,01tVT000005xh1FYAQ
,WOOD + BLACK,01tVT000005xh2rYAA
DARK,DARK,01tVT000005xhE9YAI
,BLACK + BEIGE,01tVT000005xhKbYAI
WHITE,WHITE,01tVT000005xr5SYAQ
WOOD + BLACK,WOOD + BLACK,01tVT000005xrF7YAI
,WOOD + BLACK,01tVT000005xrLZYAY
,WHITE,01tVT000005xrNBYAY
WHITE,WHITE,01tVT000005xrevYAA
,WHITE,01tVT000005xrjlYAA
BROWN,BROWN,01tVT000005xrobYAA
,BROWN,01tVT000005xrqDYAQ
WHITE,WHITE,01tVT000005xs9ZYAQ
,WHITE,01tVT000005xsEPYAY
,WOOD + BLACK,01tVT000005zHYwYAM
MULTIPLE,MULTIPLE,01tVT000005zbB4YAI
WOOD+BLACK,WOOD+BLACK,01tVT000005zbXeYAI
WOOD+BLACK,WOOD+BLACK,01tVT000005zbXfYAI
WOOD+BLACK,WOOD+BLACK,01tVT000005zbsbYAA
,WOOD+BLACK,01tVT000005zc0fYAA
,WOOD+BLACK,01tVT000005zcK2YAI
WOOD + BLACK,WOOD + BLACK,01tVT000005zcruYAA
WHITE + BLACK,WHITE + BLACK,01tVT000005zdBFYAY
,WHITE + BLACK,01tVT000005zdG5YAI
WOOD+BLACK,WOOD+BLACK,01tVT000005zdWEYAY
WOOD+BLACK,WOOD+BLACK,01tVT000005zdj7YAA
,WOOD+BLACK,01tVT000005zdkjYAA
,WOOD + BLACK,01tVT000005zdxdYAA
,WOOD+BLACK,01tVT000005zdzFYAQ
MULTIPLE,MULTIPLE,01tVT000005ze7JYAQ
,MULTIPLE,01tVT000005zeAXYAY
WOOD+BLACK,WOOD+BLACK,01tVT000005zeDlYAI
,WOOD+BLACK,01tVT000005zeIbYAI
WOOD + BLACK,WOOD + BLACK,01tVT000005zeKDYAY
,WOOD + BLACK,01tVT000005zeLpYAI
WHITE,WHITE,01tVT000005zeQfYAI
WOOD+BLACK,WOOD+BLACK,01tVT000005zeVVYAY
,WHITE,01tVT000005zeX7YAI
,WOOD+BLACK,01tVT000005zeYjYAI
WOOD + BLACK,WOOD + BLACK,01tVT000005zebxYAA
,WOOD + BLACK,01tVT000005zegnYAA
WOOD+BLACK,WOOD+BLACK,01tVT000005zeorYAA
,WOOD+BLACK,01tVT000005zeqTYAQ
BLACK,BLACK,01tVT000005zevJYAQ
,BLACK,01tVT000005zewvYAA
,WOOD+BLACK,01tVT000005zf8DYAQ
BLACK + WOOD,BLACK + WOOD,01tVT000005zfD3YAI
WOOD + BLACK,WOOD + BLACK,01tVT000005zfEgYAI
,BLACK + WOOD,01tVT000005zfGHYAY
MULTIPLE,MULTIPLE,01tVT000005zfUnYAI
,MULTIPLE,01tVT000005zfWPYAY
WOOD,WOOD,01tVT000005zfWQYAY
MULTIPLE,MULTIPLE,01tVT000005zfeTYAQ
,MULTIPLE,01tVT000005zfjJYAQ
WOOD+BLACK,WOOD+BLACK,01tVT000005zfkvYAA
,WOOD+BLACK,01tVT000005zfmXYAQ
,WOOD,01tVT000005zfszYAA
WOOD,WOOD,01tVT000005zg13YAA
,WOOD,01tVT000005zg5tYAA
WOOD + BLACK,WOOD + BLACK,01tVT000005zgHBYAY
,WOOD + BLACK,01tVT000005zgM1YAI
WOOD+BLACK,WOOD+BLACK,01tVT000005zgNdYAI
,WOOD+BLACK,01tVT000005zgSTYAY
MULTIPLE,MULTIPLE,01tVT000005zgXJYAY
,MULTIPLE,01tVT000005zgYvYAI
,WOOD+BLACK,01tVT000005zgicYAA
,MULTIPLE,01tVT000005zgnRYAQ
BLACK,BLACK,01tVT000005zgsHYAQ
,BLACK,01tVT000005zgvVYAQ
BROWN,BROWN,01tVT000005zh1xYAA
,BLACK,01tVT000005zh3nYAA
,WOOD + BLACK,01tVT000005zh3oYAA
,BROWN,01tVT000005zh5BYAQ
BLACK,BLACK,01tVT000005zh6nYAA
WOOD + WHITE,WOOD + WHITE,01tVT000005zhA1YAI
,WOOD + WHITE,01tVT000005zhBdYAI
WOOD+BLACK,WOOD+BLACK,01tVT000005zhJhYAI
WOOD + BLACK,WOOD + BLACK,01tVT000005zhLJYAY
,WOOD + BLACK,01tVT000005ziPSYAY
,WOOD + BLACK,01tVT000005ziZ8YAI
WOOD + BLACK,WOOD + BLACK,01tVT000005zjOkYAI
WOOD + BLACK,WOOD + BLACK,01tVT000005zk33YAA
,WOOD + BLACK,01tVT000005zk7tYAA
WOOD + BLACK,WOOD + BLACK,01tVT000005zkJBYAY
GREY + GOLD,GREY + GOLD,01tVT000005zkMQYAY
,WOOD + BLACK,01tVT000005zkO1YAI
,GREY + GOLD,01tVT000005zkeAYAQ
WOOD + BLACK,WOOD + BLACK,01tVT000005zkhNYAQ
,WOOD + BLACK,01tVT000005zkizYAA
WOOD + BLACK,WOOD + BLACK,01tVT000005zkr3YAA
,WOOD + BLACK,01tVT000005zksfYAA
WOOD + BLACK,WOOD + BLACK,01tVT000005zl2LYAQ
,WOOD + BLACK,01tVT000005zl3xYAA
,GREY + BLACK,01tVT000005zlAQYAY
WOOD + WHITE,WOOD + WHITE,01tVT000005zlC1YAI
,WOOD + WHITE,01tVT000005zlDdYAI
,WOOD + BLACK,01tVT000005zlFGYAY
WOOD + BLACK,WOOD + BLACK,01tVT000005zlNJYAY
,WOOD + BLACK,01tVT000005zlNKYAY
WOOD + BLACK,WOOD + BLACK,01tVT000005zlvBYAQ
RED + BLACK,RED + BLACK,01tVT000005zm6TYAQ
,RED + BLACK,01tVT000005zmBJYAY
WOOD + BLACK,WOOD + BLACK,01tVT000005zmODYAY
GREY + BLACK,GREY + BLACK,01tVT000005zmZVYAY
BEIGE + SILVER,BEIGE + SILVER,01tVT000005zmhZYAQ
,BEIGE + SILVER,01tVT000005zmo1YAA
BLACK,BLACK,01tVT0000062ITdYAM
,BLACK,01tVT0000062IVFYA2
BLACK + SILVER,BLACK + SILVER,01tVT0000062LcnYAE
,BLACK + SILVER,01tVT0000062LhdYAE
,GREY,01tVT00000647FZYAY
,BLACK,01tVT00000647U5YAI
,WOOD + BLACK,01tVT0000064ia6YAA
,MULTIPLE,01tVT0000064kdVYAQ
,PINK / BLACK,01tVT0000064kyTYAQ
BLACK,BLACK,01tVT0000064pV8YAI
BLACK,BLACK,01tVT0000064uOLYAY
,BLACK,01tVT0000064uTBYAY
BLACK,BLACK,01tVT0000064umXYAQ
,BLACK,01tVT0000064uo9YAA
,BLACK,01tVT0000064wl7YAA
BLACK,BLACK,01tVT0000064wrZYAQ
,BLACK,01tVT0000064wunYAA
BLACK + RED,BLACK + RED,01tVT00000667PxYAI
,BLACK + RED,01tVT00000667RZYAY
BLACK + RED,BLACK + RED,01tVT0000066BLVYA2
,BLACK + RED,01tVT0000066BQLYA2
,BLACK,01tVT0000066bKpYAI
BLACK,BLACK,01tVT0000066fhlYAA
,BLACK,01tVT0000066fmbYAA
BLACK + RED,BLACK + RED,01tVT0000066g17YAA
,BLACK + RED,01tVT0000066g5xYAA
,ORANGE,01tVT0000066gAnYAI
,BLACK,01tVT0000066gCQYAY
,GREY,01tVT0000066gFdYAI
BLACK + RED,BLACK + RED,01tVT0000066gKTYAY
,BLACK + RED,01tVT0000066gM5YAI
BLACK,BLACK,01tVT0000066gcDYAQ
,BLACK,01tVT0000066gh3YAA
BLACK,BLACK,01tVT0000066gsLYAQ
BLACK,BLACK,01tVT0000066h5FYAQ
,BLACK,01tVT0000066h6rYAA
BLACK,BLACK,01tVT0000066hEvYAI
,BLACK,01tVT0000066hJlYAI
BLACK,BLACK,01tVT0000066hRpYAI
,BLACK,01tVT0000066hWfYAI
BLACK,BLACK,01tVT0000066hgLYAQ
,BLACK,01tVT0000066hjZYAQ
BLACK,BLACK,01tVT0000066hq1YAA
BLACK,BLACK,01tVT0000066i1JYAQ
,BLACK,01tVT0000066i2vYAA
,MULTIPLE,01tVT0000068SDPYA2
,BLUE VINTAGE,01tVT0000068VKwYAM
,MULTIPLE,01tVT0000068WldYAE
,MULTIPLE,01tVT0000068WqTYAU
,CAMEL VINTAGE,01tVT0000068WwvYAE
,BROWN,01tVT0000068XD3YAM
,MULTIPLE,01tVT0000068XEfYAM
,MULTIPLE,01tVT0000068XHtYAM
BLACK,BLACK,01tVT00000698FqYAI
BLACK,BLACK,01tVT0000069EujYAE
,BLACK,01tVT0000069FHJYA2
WHITE,WHITE,01tVT0000069FSbYAM
,WHITE,01tVT0000069FUDYA2
BLACK,BLACK,01tVT0000069HNxYAM
,BLACK,01tVT0000069HPZYA2
,BLACK,01tVT0000069HURYA2
BLACK,BLACK,01tVT0000069IjpYAE
BLACK,BLACK,01tVT0000069JG5YAM
,BLACK,01tVT0000069JJJYA2
,BLACK,01tVT0000069NEsYAM
BLACK / WHITE,BLACK / WHITE,01tVT0000069NbRYAU
,BLACK,01tVT0000069Nl8YAE
,BLACK / WHITE,01tVT0000069NmjYAE
BLACK,BLACK,01tVT0000069NwPYAU
BLACK,BLACK,01tVT0000069OHNYA2
,BLACK,01tVT0000069OIzYAM
BLACK,BLACK,01tVT0000069ONpYAM
BLACK / WHITE,BLACK / WHITE,01tVT0000069OcLYAU
,BLACK / WHITE,01tVT0000069OdxYAE
MULTIPLE,MULTIPLE,01tVT0000069Om1YAE
,MULTIPLE,01tVT0000069OndYAE
MULTIPLE,MULTIPLE,01tVT0000069OvhYAE
,MULTIPLE,01tVT0000069P0XYAU
GREY+BLACK,GREY+BLACK,01tVT0000069QvtYAE
,GREY+BLACK,01tVT0000069QxVYAU
,BLACK,01tVT0000069RrxYAE
BLACK,BLACK,01tVT0000069SMbYAM
,BLACK,01tVT0000069SODYA2
WOOD + BLACK,WOOD + BLACK,01tVT0000069uadYAA
WOOD,WOOD,01tVT0000069xbiYAA
,WOOD,01tVT0000069yJFYAY
,WOOD / WHITE,01tVT0000069yRJYAY
WOOD,WOOD,01tVT0000069yazYAA
,WOOD,01tVT0000069ycbYAA
,WOOD / WHITE,01tVT0000069yj3YAA
WHITE,WHITE,01tVT0000069yuLYAQ
,WHITE,01tVT0000069yvxYAA
WOOD,WOOD,01tVT0000069zNNYAY
,WOOD,01tVT0000069zOzYAI
,WOOD + BLACK,01tVT000006A0JSYA0
WOOD + BLACK,WOOD + BLACK,01tVT000006A0jFYAS
,WOOD + BLACK,01tVT000006A0uXYAS
,NATURAL,01tVT000006Apc6YAC
,WOOD DARK,01tVT000006ApqcYAC
,BROWN+BLACK,01tVT000006Aq6kYAC
,BROWN+BLACK,01tVT000006Ar1BYAS
,CHOCOLATE,01tVT000006ArM9YAK
,NATURAL,01tVT000006ArSbYAK
,NATURAL,01tVT000006As25YAC
,NATURAL,01tVT000006AsV7YAK
,BROWN+BLACK,01tVT000006AsenYAC
BLACK + GRAY,BLACK + GRAY,01tVT000006BbTuYAK
,WHITE+NATURAL,01tVT000006BcJRYA0
,BLACK + GRAY,01tVT000006BcmTYAS
BLACK,BLACK,01tVT000006Bf64YAC
,BLACK,01tVT000006BhRCYA0
WHITE,WHITE,01tVT000006Biv7YAC
,WHITE,01tVT000006Biv8YAC
BLACK,BLACK,01tVT000006BiyLYAS
,BLACK,01tVT000006BizxYAC
BLACK,BLACK,01tVT000006BjKvYAK
,BLACK,01tVT000006BjMXYA0
,WHITE+BLACK,01tVT000006DXh3YAG
WOOD + WHITE,WOOD + WHITE,01tVT000006DZnhYAG
,WOOD + WHITE,01tVT000006DZpJYAW
BEIGE,BEIGE,01tVT000006DdPuYAK
,BLUE,01tVT000006DdxmYAC
WOOD,WOOD,01tVT000006DhdBYAS
,WOOD,01tVT000006Dhi1YAC
,BEIGE,01tVT000006DhlFYAS
,WOOD + GREY,01tVT000006Di4cYAC
WOOD,WOOD,01tVT000006DiFtYAK
,WOOD,01tVT000006DiHVYA0
BROWN,BROWN,01tVT000006DiNxYAK
,BROWN,01tVT000006DiPZYA0
BLUE,BLUE,01tVT000006DicTYAS
GREY LIGHT,GREY LIGHT,01tVT000006DipNYAS
WOOD + GREY,WOOD + GREY,01tVT000006DiqzYAC
,GREY LIGHT,01tVT000006DiuDYAS
BEIGE,BEIGE,01tVT000006DjgbYAC
,BEIGE,01tVT000006DjlRYAS
GREY DARK,GREY DARK,01tVT000006Djv7YAC
,GREY DARK,01tVT000006DjzxYAC
BROWN + WHITE,BROWN + WHITE,01tVT000006EEqrYAG
,BROWN + WHITE,01tVT000006EEu5YAG
BROWN + GREY,BROWN + GREY,01tVT000006EEu6YAG
,BROWN + GREY,01tVT000006EFDRYA4
BROWN + CREAM,BROWN + CREAM,01tVT000006EFRxYAO
,BROWN + CREAM,01tVT000006EFTZYA4
WOOD+LIGHT BROWN,WOOD+LIGHT BROWN,01tVT000006EFTaYAO
BROWN + DARK GRAY,BROWN + DARK GRAY,01tVT000006EFdGYAW
BROWN + BLACK + GREY,BROWN + BLACK + GREY,01tVT000006EFjhYAG
,BROWN + BLACK + GREY,01tVT000006EFoXYAW
,GRAY,01tVT000006EFqAYAW
WOOD,WOOD,01tVT000006EGSrYAO
,WOOD,01tVT000006EGW5YAO
WOOD+WHITE,WOOD+WHITE,01tVT000006EGkbYAG
,WOOD+WHITE,01tVT000006EGmDYAW
WOOD + WHITE,WOOD + WHITE,01tVT000006EGvuYAG
WOOD+GREY+WHITE,WOOD+GREY+WHITE,01tVT000006EH2LYAW
,WOOD+GREY+WHITE,01tVT000006EH3xYAG
,WOOD+BROWN,01tVT000006EH8oYAG
,WOOD+LIGHT BROWN,01tVT000006EHdRYAW
WOOD+BLUE,WOOD+BLUE,01tVT000006EIEXYA4
,WOOD+BLUE,01tVT000006EIG9YAO
,WOOD,01tVT000006EIGAYA4
,BROWN + DARK GRAY,01tVT000006EIhZYAW
CREAM,CREAM,01tVT000006EIzKYAW
BROWN + DARK GRAY,BROWN + DARK GRAY,01tVT000006EJAbYAO
,BROWN + DARK GRAY,01tVT000006EJCDYA4
BROWN,BROWN,01tVT000006EJIfYAO
,BROWN,01tVT000006EJLtYAO
GRAY,GRAY,01tVT000006EJXBYA4
,CREAM,01tVT000006EJddYAG
WOOD + BLACK,WOOD + BLACK,01tVT000006EJvNYAW
,WOOD + BLACK,01tVT000006EK0DYAW
WOOD,WOOD,01tVT000006EK1pYAG
WHITE MARBLE + GRAY,WHITE MARBLE + GRAY,01tVT000006EKD7YAO
,WHITE MARBLE + GRAY,01tVT000006EKHxYAO
WOOD+BROWN,WOOD+BROWN,01tVT000006EKJZYA4
,BLACK + SILVER,01tVT000006EKTGYA4
BLACK,BLACK,01tVT000006EKY5YAO
,BLACK,01tVT000006EKbJYAW
WOOD+GREY,WOOD+GREY,01tVT000006EKcvYAG
,WOOD+GREY,01tVT000006EKeXYAW
,WOOD + WHITE,01tVT000006EKufYAG
WOOD + WHITE,WOOD + WHITE,01tVT000006EL7ZYAW
,WOOD + WHITE,01tVT000006EL9BYAW
WOOD + WHITE,WOOD + WHITE,01tVT000006ELE1YAO
,WOOD + WHITE,01tVT000006ELIrYAO
WHITE,WHITE,01tVT000006ELdpYAG
,WHITE,01tVT000006ELifYAG
,MULTIPLE,01tVT000006EM6sYAG
,BEIGE,01tVT000006EMlCYAW
BLUE,BLUE,01tVT000006EOTeYAO
,BLUE,01tVT000006EOi9YAG
BLUE,BLUE,01tVT000006EOwfYAG
,BLUE,01tVT000006EOyHYAW
BEIGE,BEIGE,01tVT000006EPRJYA4
MULTIPLE,MULTIPLE,01tVT000006EPcbYAG
,MULTIPLE,01tVT000006EPhRYAW
BLACK + SILVER,BLACK + SILVER,01tVT000006EPkgYAG
MULTIPLE,MULTIPLE,01tVT000006EQ2PYAW
,MULTIPLE,01tVT000006EQ41YAG
MULTIPLE,MULTIPLE,01tVT000006EQDhYAO
,MULTIPLE,01tVT000006EQFJYA4
,BLACK + SILVER,01tVT000006EQK9YAO
MULTIPLE,MULTIPLE,01tVT000006EQOzYAO
BLACK,BLACK,01tVT000006EQVRYA4
,BLACK,01tVT000006EQX3YAO
BLACK + SILVER,BLACK + SILVER,01tVT000006ERGDYA4
,BLACK + SILVER,01tVT000006ERHpYAO
BLACK + SILVER,BLACK + SILVER,01tVT000006ERcnYAG
BLACK + SILVER,BLACK + SILVER,01tVT000006ERjFYAW
,BLACK + SILVER,01tVT000006ERkrYAG
BEIGE + WHITE,BEIGE + WHITE,01tVT000006ExxdYAC
,BEIGE + WHITE,01tVT000006Ey0rYAC
GREY DARK,GREY DARK,01tVT000006EzhhYAC
,GREY DARK,01tVT000006EzubYAC
BEIGE,BEIGE,01tVT000006F097YAC
,BEIGE,01tVT000006F0AjYAK
GREEN,GREEN,01tVT000006F0KPYA0
,GREEN,01tVT000006F0M1YAK
MULTIPLE,MULTIPLE,01tVT000006F2UHYA0
,MULTIPLE,01tVT000006F2VtYAK
BROWN,BROWN,01tVT000006F2yvYAC
,BROWN,01tVT000006F329YAC
WOOD + TURQUOISE + BLACK,WOOD + TURQUOISE + BLACK,01tVT000006F3N7YAK
,WOOD + TURQUOISE + BLACK,01tVT000006F3RxYAK
GOLD + BLACK,GOLD + BLACK,01tVT000006F3beYAC
,GOLD + BLACK,01tVT000006F3lJYAS
WOOD,WOOD,01tVT000006F7k5YAC
,WOOD,01tVT000006F7nJYAS
BLACK,BLACK,01tVT000006F7wzYAC
,BLACK,01tVT000006F81pYAC
GOLD,GOLD,01tVT000006F8D7YAK
,GOLD,01tVT000006F8HxYAK
SILVER,SILVER,01tVT000006F8WTYA0
,SILVER,01tVT000006F8bJYAS
SILVER,SILVER,01tVT000006F8hlYAC
,SILVER,01tVT000006F8jNYAS
BROWN + BLACK,BROWN + BLACK,01tVT000006FBfdYAG
,BROWN + BLACK,01tVT000006FBhFYAW
,MULTIPLE,01tVT000006FCF7YAO
WOOD + BLACK,WOOD + BLACK,01tVT000006FZwUYAW
,WOOD + BLACK,01tVT000006FZwVYAW
WOOD + BLACK,WOOD + BLACK,01tVT000006FasXYAS
,WOOD + BLACK,01tVT000006FasYYAS
WOOD + BLACK,WOOD + BLACK,01tVT000006Fau9YAC
,WOOD + BLACK,01tVT000006FauAYAS
WHITE,WHITE,01tVT000006FkofYAC
,WHITE,01tVT000006FkrtYAC
BROWN,BROWN,01tVT000006FlcfYAC
,BROWN,01tVT000006FleHYAS
LIGNHT BROWN,LIGNHT BROWN,01tVT000006FlnxYAC
,LIGNHT BROWN,01tVT000006FlsnYAC
WOOD,WOOD,01tVT000006FmX7YAK
,WOOD,01tVT000006FmYjYAK
WOOD+BLACK,WOOD+BLACK,01tVT000006FmldYAC
,WOOD+BLACK,01tVT000006FmnFYAS
BLACK,BLACK,01tVT000006FnBRYA0
,BLACK,01tVT000006FnGHYA0
BROWN,BROWN,01tVT000006FrRxYAK
,BROWN,01tVT000006FrTZYA0
BROWN,BROWN,01tVT000006FruzYAC
,BROWN,01tVT000006FryDYAS
MULTIPLE,MULTIPLE,01tVT000006FsELYA0
,MULTIPLE,01tVT000006FsFxYAK
WHITE + GOLD,WHITE + GOLD,01tVT000006FsRFYA0
,WHITE + GOLD,01tVT000006FsW5YAK
,MULTIPLE,01tVT000006FsW6YAK
WHITE + GOLD,WHITE + GOLD,01tVT000006FssgYAC
GREY DARK,GREY DARK,01tVT000006FtLiYAK
,WHITE,01tVT000006FtSAYA0
,WHITE + WOOD,01tVT000006FtSBYA0
,WHITE + GOLD,01tVT000006Fw0DYAS
WHITE + WOOD,WHITE + WOOD,01tVT000006FwOPYA0
,GREY DARK,01tVT000006FwQ1YAK
,WHITE + WOOD,01tVT000006FwUrYAK
WHITE + WOOD,WHITE + WOOD,01tVT000006Fwg9YAC
,WHITE + WOOD,01tVT000006FwhlYAC
,GREY,01tVT000006FwmbYAC
,GREY,01tVT000006FwoDYAS
,MULTIPLE,01tVT000006FwppYAC
,MULTIPLE,01tVT000006FwrRYAS
WHITE + WOOD,WHITE + WOOD,01tVT000006FwufYAC
,WHITE + WOOD,01tVT000006FwwHYAS
,WHITE + NATURAL,01tVT000006Fx4MYAS
WHITE + NATURAL,WHITE + NATURAL,01tVT000006FxPJYA0
WHITE + NATURAL,WHITE + NATURAL,01tVT000006FxVlYAK
,WHITE + NATURAL,01tVT000006FxXNYA0
WHITE,WHITE,01tVT000006Fxp7YAC
WHITE + WOOD,WHITE + WOOD,01tVT000006FyTRYA0
,WHITE + WOOD,01tVT000006FymnYAC
WHITE + WOOD,WHITE + WOOD,01tVT000006FytFYAS
NATURAL,NATURAL,01tVT000006Fz1JYAS
,NATURAL,01tVT000006Fz2vYAC
GRAY + WOOD,GRAY + WOOD,01tVT000006FzAzYAK
,GRAY + WOOD,01tVT000006FzEDYA0
GRAY + WOOD,GRAY + WOOD,01tVT000006FzHRYA0
,WOOD,01tVT000006FzHSYA0
,GRAY + WOOD,01tVT000006FzJ3YAK
WOOD,WOOD,01tVT000006FzULYA0
BROWN,BROWN,01tVT000006GTx3YAG
,BROWN,01tVT000006GU8LYAW
BROWN+CREAM,BROWN+CREAM,01tVT000006GUZlYAO
,BROWN+CREAM,01tVT000006GUoHYAW
BLACK,BLACK,01tVT000006GY3tYAG
,BLACK,01tVT000006GY8jYAG
,BROWN + BLACK,01tVT000006GaKEYA0
BEIGE,BEIGE,01tVT000006GabxYAC
,BEIGE,01tVT000006GadZYAS
GRAY,GRAY,01tVT000006GaosYAC
BEIGE,BEIGE,01tVT000006Gas5YAC
,BEIGE,01tVT000006GathYAC
BEIGE,BEIGE,01tVT000006Gb09YAC
,BEIGE,01tVT000006Gb3NYAS
YELLOW,YELLOW,01tVT000006Gb9pYAC
,YELLOW,01tVT000006GbBRYA0
,GRAY,01tVT000006GbJVYA0
WHITE + BLACK,WHITE + BLACK,01tVT000006GbOLYA0
,WHITE + BLACK,01tVT000006GbRZYA0
BROWN + BLACK,BROWN + BLACK,01tVT000006GbcrYAC
,BROWN + BLACK,01tVT000006GbeTYAS
BROWN + BLACK,BROWN + BLACK,01tVT000006GbmXYAS
BROWN + BLACK,BROWN + BLACK,01tVT000006Gc13YAC
,BROWN + BLACK,01tVT000006Gc2fYAC
RED + BLACK,RED + BLACK,01tVT000006GcAjYAK
,RED + BLACK,01tVT000006GcCLYA0
LIGHT GRAY,LIGHT GRAY,01tVT000006Ge2rYAC
,BLACK,01tVT000006Ge4UYAS
,LIGHT GRAY,01tVT000006Ge7hYAC
BROWN + GRAY,BROWN + GRAY,01tVT000006GeAvYAK
,BROWN + GRAY,01tVT000006GeCXYA0
BROWN + BLACK,BROWN + BLACK,01tVT000006GeKbYAK
,BROWN + BLACK,01tVT000006GeMDYA0
BROWN + BLACK,BROWN + BLACK,01tVT000006GedxYAC
,BROWN + BLACK,01tVT000006GefZYAS
WHITE+ORANGE,WHITE+ORANGE,01tVT000006GehBYAS
,WHITE+ORANGE,01tVT000006Gem1YAC
BROWN + BLACK,BROWN + BLACK,01tVT000006GexJYAS
,BROWN + BLACK,01tVT000006GeyvYAC
BLACK+GREEN+YELLOW,BLACK+GREEN+YELLOW,01tVT000006Gf3lYAC
BROWN + BLACK,BROWN + BLACK,01tVT000006Gf8bYAC
,BLACK+GREEN+YELLOW,01tVT000006GfADYA0
,BROWN + BLACK,01tVT000006GfBpYAK
BLACK,BLACK,01tVT000006GfIHYA0
,WHITE,01tVT000006IfdyYAC
WHITE+BLACK,WHITE+BLACK,01tVT000006IfkPYAS
,WHITE+BLACK,01tVT000006IfpFYAS
WHITE,WHITE,01tVT000006Ig0XYAS
BLACK+WHITE,BLACK+WHITE,01tVT000006IgBpYAK
,BLACK+WHITE,01tVT000006IgDRYA0
BROWN,BROWN,01tVT000006IgOkYAK
BLACK+GREY,BLACK+GREY,01tVT000006IgQLYA0
,BLACK+GREY,01tVT000006IgRxYAK
BLACK+WHITE,BLACK+WHITE,01tVT000006IgWoYAK
RED+GREY,RED+GREY,01tVT000006Iga1YAC
,RED+GREY,01tVT000006IgbdYAC
BLACK,BLACK,01tVT000006IgmvYAC
,BLACK,01tVT000006IgoXYAS
,BROWN,01tVT000006IgwbYAC
,BLACK+WHITE,01tVT000006Ih6HYAS
BLUE + BLACK,BLUE + BLACK,01tVT000006Ik7NYAS
,BLUE + BLACK,01tVT000006IkDpYAK
GREY,GREY,01tVT000006IkqXYAS
,GREY,01tVT000006IkvNYAS
WOOD+CREAM,WOOD+CREAM,01tVT000006Im9DYAS
,GREY,01tVT000006Imh4YAC
,BROWN,01tVT000006Imh5YAC
,WHITE + WOOD,01tVT000006ImnWYAS
WHITE,WHITE,01tVT000006InZtYAK
GREY,GREY,01tVT000006InbVYAS
,WHITE,01tVT000006Ind7YAC
GREEN,GREEN,01tVT000006Iny6YAC
GREY,GREY,01tVT000006Io7lYAC
,GREY,01tVT000006IoCbYAK
WHITE + WOOD,WHITE + WOOD,01tVT000006IoJ3YAK
WHITE + WOOD,WHITE + WOOD,01tVT000006IoSjYAK
,WHITE + WOOD,01tVT000006IoULYA0
GREY,GREY,01tVT000006IoanYAC
,GREY,01tVT000006IocPYAS
WOOD + BLACK,WOOD + BLACK,01tVT000006Iou9YAC
,WOOD + BLACK,01tVT000006IoyzYAC
BROWN,BROWN,01tVT000006Ip3pYAC
WOOD+GREY,WOOD+GREY,01tVT000006Ip8fYAC
,WOOD+GREY,01tVT000006IpDVYA0
,GREEN,01tVT000006IpS1YAK
,WOOD+CREAM,01tVT000006IpWrYAK
,WHITE + WOOD,01tVT000006IpWsYAK
WOOD+GREY,WOOD+GREY,01tVT000006IpgXYAS
,WOOD+GREY,01tVT000006IplNYAS
BLACK,BLACK,01tVT000006IqXlYAK
,BLACK,01tVT000006IqcbYAC
BLACK,BLACK,01tVT000006IqkfYAC
,BLACK,01tVT000006IqpVYAS
WHITE + WOOD,WHITE + WOOD,01tVT000006IrTpYAK
WHITE,WHITE,01tVT000006IrYfYAK
,WHITE,01tVT000006IrdVYAS
WHITE + WOOD,WHITE + WOOD,01tVT000006IrwrYAC
,WHITE + WOOD,01tVT000006Is05YAC
BLACK + WHITE,BLACK + WHITE,01tVT000006Is6XYAS
,BLACK + WHITE,01tVT000006IsBNYA0
CREAM,CREAM,01tVT000006IskrYAC
,CREAM,01tVT000006IsmTYAS
,WOOD,01tVT000006ItiXYAS
,WOOD,01tVT000006ItozYAC
,WOOD,01tVT000006Iu3VYAS
,GREY,01tVT000006JNjqYAG
BROWN,BROWN,01tVT000006JOBFYA4
,BROWN,01tVT000006JOCrYAO
GREY,GREY,01tVT000006JOPlYAO
CREAM,CREAM,01tVT000006JOZRYA4
,CREAM,01tVT000006JOb3YAG
GREY,GREY,01tVT000006JOmLYAW
,GREY,01tVT000006JOpZYAW
MULTIPLE,MULTIPLE,01tVT000006JOzFYAW
,MULTIPLE,01tVT000006JP2TYAW
GREY,GREY,01tVT000006JRU5YAO
,GREY,01tVT000006JRVhYAO
GREY,GREY,01tVT000006JSmjYAG
,GREY,01tVT000006JSoLYAW
,GREY+BLACK,01tVT000006JThCYAW
ORANGE,ORANGE,01tVT000006JUIIYA4
GREY+BLACK,GREY+BLACK,01tVT000006JUOkYAO
,BEIGE,01tVT000006JUerYAG
,BLUE+GREY,01tVT000006JUzsYAG
BROWN,BROWN,01tVT000006JVe9YAG
,BROWN,01tVT000006JVflYAG
WHITE,WHITE,01tVT000006JVsfYAG
,WHITE,01tVT000006JVuHYAW
LIGHT,LIGHT,01tVT000006JW7BYAW
,LIGHT,01tVT000006JWC1YAO
GREY,GREY,01tVT000006JWLiYAO
,GREY,01tVT000006JWYbYAO
,ORANGE,01tVT000006JWyPYAW
BROWN,BROWN,01tVT000006JXG9YAO
,BROWN,01tVT000006JXHlYAO
GREY,GREY,01tVT000006JXw5YAG
,GREY,01tVT000006JXxhYAG
BLACK,BLACK,01tVT000006JYKHYA4
,BLACK,01tVT000006JYNVYA4
BLUE+GREY,BLUE+GREY,01tVT000006JYaPYAW
,BLUE+GREY,01tVT000006JYfFYAW
BLACK,BLACK,01tVT000006JYtlYAG
,BLACK,01tVT000006JYvNYAW
BROWN+BLACK,BROWN+BLACK,01tVT000006JZ6fYAG
,BROWN+BLACK,01tVT000006JZ9tYAG
BLACK,BLACK,01tVT000006JZJZYA4
,BLACK,01tVT000006JZQ1YAO
BLACK,BLACK,01tVT000006JZY5YAO
,BLACK,01tVT000006JZZhYAO
BLUE+GREY,BLUE+GREY,01tVT000006JZt3YAG
BLACK + YELLOW,BLACK + YELLOW,01tVT000006K58BYAS
GREY,GREY,01tVT000006K7OTYA0
,GREY,01tVT000006K7Q5YAK
GREY,GREY,01tVT000006K7gDYAS
,GREY,01tVT000006K7hpYAC
BLACK,BLACK,01tVT000006K7oHYAS
,BLACK,01tVT000006K7rVYAS
GREY,GREY,01tVT000006K8HJYA0
,GREY,01tVT000006K8IvYAK
BLACK,BLACK,01tVT000006K8UDYA0
,BLACK,01tVT000006K8VpYAK
,BLACK + YELLOW,01tVT000006K8qnYAC
MULTIPLE,MULTIPLE,01tVT000006K8xGYAS
,MULTIPLE,01tVT000006K93hYAC
GREY + RED,GREY + RED,01tVT000006K9A9YAK
,GREY + RED,01tVT000006K9BlYAK
WOOD+YELLOW+CREAM,WOOD+YELLOW+CREAM,01tVT000006KLBJYA4
,WOOD+YELLOW+CREAM,01tVT000006KLG9YAO
,WOOD + BLACK,01tVT000006KpB0YAK
WOOD + BLACK,WOOD + BLACK,01tVT000006KuPCYA0
WOOD + BLACK,WOOD + BLACK,01tVT000006Kuc5YAC
,WOOD + BLACK,01tVT000006KudhYAC
WOOD + BLACK,WOOD + BLACK,01tVT000006Kv6jYAC
,WOOD + BLACK,01tVT000006KvEnYAK
WOOD + BLACK,WOOD + BLACK,01tVT000006KvTJYA0
,WOOD + BLACK,01tVT000006KvUvYAK
WOOD + BLACK,WOOD + BLACK,01tVT000006KvoHYAS
,WOOD + BLACK,01tVT000006KyUPYA0
MULTIPLE,MULTIPLE,01tVT000006L0xeYAC
,MULTIPLE,01tVT000006L1NRYA0
MULTIPLE,MULTIPLE,01tVT000006L1qTYAS
,MULTIPLE,01tVT000006L1vJYAS
MULTIPLE,MULTIPLE,01tVT000006L2RZYA0
,MULTIPLE,01tVT000006L2TBYA0
,WHITE,01tVT000006L2ZeYAK
,BLACK,01tVT000006L2mYYAS
WHITE,WHITE,01tVT000006L2szYAC
WOOD + BLACK,WOOD + BLACK,01tVT000006L3PGYA0
BLACK,BLACK,01tVT000006L3YvYAK
WOOD + BLACK,WOOD + BLACK,01tVT000006L3kDYAS
,WOOD + BLACK,01tVT000006L3lpYAC
,WOOD + BLACK,01tVT000006L4A1YAK
GREY,GREY,01tVT000006L4gIYAS
,GREY,01tVT000006L51GYAS
,GREY,01tVT000006L5CXYA0
,WHITE,01tVT000006L5FmYAK
WHITE,WHITE,01tVT000006L5NpYAK
GREY,GREY,01tVT000006L5pFYAS
,GREY,01tVT000006L5u5YAC
BLACK,BLACK,01tVT000006L5u6YAC
GREY,GREY,01tVT000006L65NYAS
PINK,PINK,01tVT000006L6dFYAS
,PINK,01tVT000006L6erYAC
GRAY,GRAY,01tVT000006L6yDYAS
,GRAY,01tVT000006L6zpYAC
GREY,GREY,01tVT000006L7ZJYA0
,GREY,01tVT000006L7cXYAS
,BLACK,01tVT000006L7npYAC
,GREY,01tVT000006L7sgYAC
GREY,GREY,01tVT000006L7z7YAC
WOOD+BROWN,WOOD+BROWN,01tVT000006LGfpYAG
,WOOD+BROWN,01tVT000006LGmHYAW
WOOD+LIGHT BROWN,WOOD+LIGHT BROWN,01tVT000006LHC5YAO
,WOOD+LIGHT BROWN,01tVT000006LHGvYAO
WOOD+CREAM,WOOD+CREAM,01tVT000006LHonYAG
,WOOD+CREAM,01tVT000006LHtdYAG
WOOD+GREY,WOOD+GREY,01tVT000006LIL3YAO
,WOOD+GREY,01tVT000006LIPtYAO
WOOD+CREAM,WOOD+CREAM,01tVT000006LIjFYAW
,WOOD+CREAM,01tVT000006LIo5YAG
WOOD+BLACK+BLUE,WOOD+BLACK+BLUE,01tVT000006LJ93YAG
,WOOD+BLACK+BLUE,01tVT000006LJDtYAO
GREY+BROWN,GREY+BROWN,01tVT000006LJdhYAG
,GREY+BROWN,01tVT000006LJgvYAG
LIGHT GREEN+WHITE,LIGHT GREEN+WHITE,01tVT000006LK9xYAG
,LIGHT GREEN+WHITE,01tVT000006LKBZYA4
GREY,GREY,01tVT000006LLlxYAG
,GREY,01tVT000006LLsPYAW
WOOD+BLACK,WOOD+BLACK,01tVT000006LMJpYAO
,WOOD+BLACK,01tVT000006LMOfYAO
BLACK,BLACK,01tVT000006LMdBYAW
,BLACK,01tVT000006LMlFYAW
WOOD,WOOD,01tVT000006LN6DYAW
,WOOD,01tVT000006LNB3YAO
BLACK+ORANGE,BLACK+ORANGE,01tVT000006LNUPYA4
,BLACK+ORANGE,01tVT000006LNarYAG
WOOD+WHITE,WOOD+WHITE,01tVT000006LNnlYAG
,WOOD+WHITE,01tVT000006LNsbYAG
WOOD + BLACK,WOOD + BLACK,01tVT000006Lj9xYAC
,WOOD + BLACK,01tVT000006LjBZYA0
WOOD + BLACK,WOOD + BLACK,01tVT000006LjMrYAK
,WOOD + BLACK,01tVT000006LjQ5YAK
WHITE + WOOD,WHITE + WOOD,01tVT000006LkKYYA0
WHITE + GOLD,WHITE + GOLD,01tVT000006LlBlYAK
,WHITE + GOLD,01tVT000006LlDNYA0
,WOOD + BLACK,01tVT000006LlF1YAK
BLACK,BLACK,01tVT000006LlOfYAK
,BLACK,01tVT000006LlQHYA0
WHITE + BROWN,WHITE + BROWN,01tVT000006LlZxYAK
,WHITE + BROWN,01tVT000006LlenYAC
FLOR + BLACK,FLOR + BLACK,01tVT000006LllFYAS
,FLOR + BLACK,01tVT000006LloTYAS
,WHITE + WOOD,01tVT000006Lly9YAC
WOOD + BLACK,WOOD + BLACK,01tVT000006Lm4bYAC
WHITE,WHITE,01tVT000006LmCfYAK
,WHITE,01tVT000006LmHVYA0
TURQUOISE + BLACK,TURQUOISE + BLACK,01tVT000006LmXdYAK
,TURQUOISE + BLACK,01tVT000006LmZFYA0
RED + BLACK,RED + BLACK,01tVT000006LmhLYAS
BLACK+ORANGE,BLACK+ORANGE,01tVT000006LmhMYAS
,BLACK + SILVER,01tVT000006Ln8kYAC
GREY + BLACK,GREY + BLACK,01tVT000006LnWvYAK
,GREY + BLACK,01tVT000006LnblYAC
WHITE + BLACK,WHITE + BLACK,01tVT000006LngbYAC
,WHITE + BLACK,01tVT000006LnjpYAC
GREY + BLACK,GREY + BLACK,01tVT000006Lnv7YAC
,GREY + BLACK,01tVT000006LnwjYAC
,RED + BLACK,01tVT000006Lo81YAC
,WHITE + GOLD,01tVT000006LoWEYA0
WHITE + BLACK,WHITE + BLACK,01tVT000006Lob3YAC
,WHITE + BLACK,01tVT000006LoftYAC
WHITE + GOLD,WHITE + GOLD,01tVT000006Loj8YAC
GREEN + BLACK,GREEN + BLACK,01tVT000006LonxYAC
,GREEN + BLACK,01tVT000006LopZYAS
,GREY + SILVER,01tVT000006Lp0sYAC
,WHITE + GOLD,01tVT000006Lp8vYAC
WHITE + GOLD,WHITE + GOLD,01tVT000006LpLpYAK
GREY + SILVER,GREY + SILVER,01tVT000006LpQfYAK
BLACK + SILVER,BLACK + SILVER,01tVT000006LpaLYAS
GREY,GREY,01tVT000006Lpk1YAC
,GREY,01tVT000006LpnFYAS
BLACK+ORANGE,BLACK+ORANGE,01tVT000006LribYAC
,BLACK+ORANGE,01tVT000006LrkDYAS
BLACK+ORANGE,BLACK+ORANGE,01tVT000006LrsHYAS
,BLACK+ORANGE,01tVT000006LrttYAC
,BLACK+ORANGE,01tVT000006Ls1xYAC
WHITE + BLACK,WHITE + BLACK,01tVT000006PRzFYAW
,WHITE + BLACK,01tVT000006PRzGYAW
NATURAL + TURQUOISE,NATURAL + TURQUOISE,01tVT000006PS2TYAW
,NATURAL + TURQUOISE,01tVT000006PS2UYAW
,WOOD + GREY,01tVT000006V4S6YAK
WOOD + GREY,WOOD + GREY,01tVT000006V4rtYAC
BLACK + WOOD,BLACK + WOOD,01tVT000006V54nYAC
,BLACK + WOOD,01tVT000006V56PYAS
BLACK + WOOD,BLACK + WOOD,01tVT000006V5KvYAK
,BLACK + WOOD,01tVT000006V5PlYAK
BLACK + WOOD,BLACK + WOOD,01tVT000006V5cfYAC
,BLACK + WOOD,01tVT000006V5eHYAS
BLACK + WOOD,BLACK + WOOD,01tVT000006V62TYAS
,BLACK + WOOD,01tVT000006V645YAC
BLACK + WOOD,BLACK + WOOD,01tVT000006V709YAC
,BLACK + WOOD,01tVT000006V71lYAC
WOOD + GREY,WOOD + GREY,01tVT000006V7D3YAK
,WOOD + GREY,01tVT000006V7HtYAK
WOOD + GREY,WOOD + GREY,01tVT000006V7TBYA0
,WOOD + GREY,01tVT000006V7UnYAK
GREY,GREY,01tVT000006VBBpYAO
,GREY,01tVT000006VBDRYA4
GREY,GREY,01tVT000006VBerYAG
,GREY,01tVT000006VBgTYAW
GREY,GREY,01tVT000006VBuzYAG
,GREY,01tVT000006VByDYAW
BLACK + WOOD,BLACK + WOOD,01tVT000006VCnpYAG
,BLACK + WOOD,01tVT000006VCpRYAW
WOOD+WHITE,WOOD+WHITE,01tVT000006VD0jYAG
,WOOD+WHITE,01tVT000006VD3xYAG
WOOD+WHITE,WOOD+WHITE,01tVT000006VDAPYA4
,WOOD+WHITE,01tVT000006VDC1YAO
WOOD + BLACK,WOOD + BLACK,01tVT000006VFAbYAO
,WOOD + BLACK,01tVT000006VFFRYA4
WOOD + BLACK,WOOD + BLACK,01tVT000006VFXBYA4
,WOOD + BLACK,01tVT000006VFYnYAO
WOOD + BLACK,WOOD + BLACK,01tVT000006VFovYAG
,WOOD + BLACK,01tVT000006VFvNYAW
WOOD + BLACK,WOOD + BLACK,01tVT000006VG53YAG
,WOOD + BLACK,01tVT000006VG6fYAG
WOOD,WOOD,01tVT000006VGBVYA4
,WOOD,01tVT000006VGGLYA4
WOOD + BLACK,WOOD + BLACK,01tVT000006VGLBYA4
,WOOD + BLACK,01tVT000006VGQ1YAO
BLACK,BLACK,01tVT000006VGg9YAG
,BLACK,01tVT000006VGhlYAG
GREEN + WOOD,GREEN + WOOD,01tVT000006VHPJYA4
,GREEN + WOOD,01tVT000006VHU9YAO
CREAM + GREEN,CREAM + GREEN,01tVT000006VHifYAG
,CREAM + GREEN,01tVT000006VHnVYAW
CREAM + GREEN,CREAM + GREEN,01tVT000006VIbVYAW
,CREAM + GREEN,01tVT000006VIhxYAG
CREAM + GREEN,CREAM + GREEN,01tVT000006VIy5YAG
,CREAM + GREEN,01tVT000006VJ2vYAG
WOOD + GREEN,WOOD + GREEN,01tVT000006VJEDYA4
,WOOD + GREEN,01tVT000006VJJ3YAO
BROWN,BROWN,01tVT000006VJNtYAO
,BROWN,01tVT000006VJSjYAO
WOOD + GREEN,WOOD + GREEN,01tVT000006VL37YAG
,WOOD + GREEN,01tVT000006VL4jYAG
WOOD+BLACK,WOOD+BLACK,01tVT000006VL9ZYAW
,WOOD+BLACK,01tVT000006VLEPYA4
GREEN + WOOD,GREEN + WOOD,01tVT000006VLO5YAO
,GREEN + WOOD,01tVT000006VLPhYAO
WOOD+BLACK,WOOD+BLACK,01tVT000006VLUXYA4
,WOOD+BLACK,01tVT000006VLW9YAO
WOOD+BLACK,WOOD+BLACK,01tVT000006VLmHYAW
,WOOD+BLACK,01tVT000006VLntYAG
WHITE,WHITE,01tVT000006VM0nYAG
,WHITE,01tVT000006VM5dYAG
WHITE,WHITE,01tVT000006VyZ7YAK
,WHITE,01tVT000006VyajYAC
WOOD,WOOD,01tVT000006VysTYAS
,WOOD,01tVT000006VyxJYAS
WHITE + WOOD + BLACK,WHITE + WOOD + BLACK,01tVT000006VzGfYAK
,WHITE + WOOD + BLACK,01tVT000006VzIHYA0
,WHITE + WOOD,01tVT000006VzVCYA0
WHITE + WOOD,WHITE + WOOD,01tVT000006VzbdYAC
WOOD + WHITE,WOOD + WHITE,01tVT000006Vzq9YAC
,WOOD + WHITE,01tVT000006VzrlYAC
GREY + WOOD,GREY + WOOD,01tVT000006W3QjYAK
,GREY + WOOD,01tVT000006W3TxYAK
GREY + WOOD,GREY + WOOD,01tVT000006W3tlYAC
,GREY + WOOD,01tVT000006W3vNYAS
WOOD,WOOD,01tVT000006W4HxYAK
,WOOD,01tVT000006W4LBYA0
WHITE + WOOD,WHITE + WOOD,01tVT000006W4ZhYAK
,WHITE + WOOD,01tVT000006W4bJYAS
WOOD + WHITE,WOOD + WHITE,01tVT000006W4mbYAC
,WOOD + WHITE,01tVT000006W4oDYAS
WOOD,WOOD,01tVT000006W4wHYAS
,WOOD,01tVT000006W4zVYAS
,WHITE + WOOD,01tVT000006YkhiYAC
WHITE + WOOD,WHITE + WOOD,01tVT000006YkjJYAS
,WHITE + WOOD,01tVT000006Yko9YAC
WHITE + WOOD,WHITE + WOOD,01tVT000006Yl2fYAC
WOOD,WOOD,01tVT000006YlAjYAK
,WOOD,01tVT000006YlCLYA0
WOOD,WOOD,01tVT000006YlNdYAK
,WOOD,01tVT000006YlPFYA0
BLACK + WHITE,BLACK + WHITE,01tVT000006YlaXYAS
,BLACK + WHITE,01tVT000006YlfNYAS
BLACK + WHITE,BLACK + WHITE,01tVT000006YllpYAC
,BLACK + WHITE,01tVT000006YlnRYAS
WHITE + BLACK,WHITE + BLACK,01tVT000006YlttYAC
,WHITE + BLACK,01tVT000006YlvVYAS
WHITE + BLACK,WHITE + BLACK,01tVT000006Ym3ZYAS
,WHITE + BLACK,01tVT000006Ym5BYAS
BROWN,BROWN,01tVT000006YmDFYA0
,BROWN,01tVT000006YmErYAK
WOOD + BLACK,WOOD + BLACK,01tVT000006YmLJYA0
,WOOD + BLACK,01tVT000006YmOXYA0
BLUE/WHITE/PINK,BLUE/WHITE/PINK,01tVT000006Yo0XYAS
,BLUE/WHITE/PINK,01tVT000006Yo3lYAC
WOOD+WHITE,WOOD+WHITE,01tVT000006YoN8YAK
WOOD+WHITE,WOOD+WHITE,01tVT000006Yp7tYAC
,WOOD+WHITE,01tVT000006YpJBYA0
WOOD+GREY,WOOD+GREY,01tVT000006YqYcYAK
BLUE/WHITE/PINK+GREY+WOOD,BLUE/WHITE/PINK+GREY+WOOD,01tVT000006YqjtYAC
,BLUE/WHITE/PINK+GREY+WOOD,01tVT000006YqlVYAS
,WOOD+GREY,01tVT000006YrODYA0
MULTICOLOUR,MULTICOLOUR,01tVT000006YrhZYAS
,MULTICOLOUR,01tVT000006YrjBYAS
WHITE+WOOD,WHITE+WOOD,01tVT000006YtTFYA0
,WHITE+WOOD,01tVT000006YtUrYAK
WHITE+WOOD,WHITE+WOOD,01tVT000006YtmbYAC
,WHITE+WOOD,01tVT000006YtppYAC
,WOOD+WHITE,01tVT000006YvTRYA0
BLUE/WHITE,BLUE/WHITE,01tVT000006YwR7YAK
,BLUE/WHITE,01tVT000006YwSjYAK
BLUE,BLUE,01tVT000006YxNBYA0
,BLUE,01tVT000006YxS1YAK
PINK,PINK,01tVT000006YxdJYAS
,PINK,01tVT000006YxevYAC
WHITE+BLACK,WHITE+BLACK,01tVT000006YxztYAC
,WHITE+BLACK,01tVT000006Yy1VYAS
WOOD+CREAM,WOOD+CREAM,01tVT000006Yzs1YAC
,WOOD+CREAM,01tVT000006YztdYAC
WHITE+WOOD,WHITE+WOOD,01tVT000006Z14DYAS
,WHITE+WOOD,01tVT000006Z15pYAC
WHITE+WOOD,WHITE+WOOD,01tVT000006Z1fJYAS
,WHITE+WOOD,01tVT000006Z1iXYAS
WOOD+WHITE,WOOD+WHITE,01tVT000006Z2rVYAS
,WOOD+WHITE,01tVT000006Z2t7YAC
WOOD+WHITE,WOOD+WHITE,01tVT000006ZWuPYAW
,WOOD+WHITE,01tVT000006ZWw1YAG
WHITE,WHITE,01tVT000006ZeLiYAK
,WHITE,01tVT000006ZixBYAS
COLOR OPTIONS,COLOR OPTIONS,01tVT000006Zk69YAC
,COLOR OPTIONS,01tVT000006ZkAzYAK
WHITE + BLACK,WHITE + BLACK,01tVT000006ZmazYAC
,WHITE + BLACK,01tVT000006ZmfpYAC
COLOR OPTIONS,COLOR OPTIONS,01tVT000006ZnATYA0
,COLOR OPTIONS,01tVT000006ZnC5YAK
,CREAM,01tVT000006aGqoYAE
BLACK,BLACK,01tVT000006aH3hYAE
,BLACK,01tVT000006aH5JYAU
CREAM,CREAM,01tVT000006aINxYAM
,WHITE + BROWN,01tVT000006aIe6YAE
WHITE + BROWN,WHITE + BROWN,01tVT000006aIqzYAE
WHITE + WOOD,WHITE + WOOD,01tVT000006aJv7YAE
,WHITE + WOOD,01tVT000006aJwjYAE
WHITE + WOOD,WHITE + WOOD,01tVT000006aM3NYAU
,WHITE + WOOD,01tVT000006aM4zYAE
WOOD,WOOD,01tVT000006aM6cYAE
WHITE + WOOD,WHITE + WOOD,01tVT000006aO5BYAU
,WHITE + WOOD,01tVT000006aO8PYAU
GREY + WOOD,GREY + WOOD,01tVT000006aOMvYAM
,GREY + WOOD,01tVT000006aOOXYA2
,WHITE + WOOD,01tVT000006aOd6YAE
,WOOD,01tVT000006aOl7YAE
WHITE + WOOD,WHITE + WOOD,01tVT000006aOy1YAE
,WHITE + WOOD,01tVT000006aP1FYAU
WHITE + WOOD,WHITE + WOOD,01tVT000006aPFlYAM
,WHITE + WOOD,01tVT000006aPHNYA2
WHITE + WOOD,WHITE + WOOD,01tVT000006aPMEYA2
WHITE + WOOD,WHITE + WOOD,01tVT000006aPVtYAM
,WHITE + WOOD,01tVT000006aPZ7YAM
GREY + WOOD,GREY + WOOD,01tVT000006aPfZYAU
,GREY + WOOD,01tVT000006aPhBYAU
WHITE + WOOD,WHITE + WOOD,01tVT000006aQIHYA2
,WHITE + WOOD,01tVT000006aQLVYA2
WHITE + WOOD,WHITE + WOOD,01tVT000006aQRxYAM
,WHITE + WOOD,01tVT000006aQWnYAM
GREY + WOOD,GREY + WOOD,01tVT000006aQdFYAU
,GREY + WOOD,01tVT000006aQerYAE
WOOD,WOOD,01tVT000006aQq9YAE
,WOOD,01tVT000006aQrlYAE
WOOD,WOOD,01tVT000006aR4fYAE
,WOOD,01tVT000006aR6HYAU
WOOD,WOOD,01tVT000006aRXhYAM
,WOOD,01tVT000006aRavYAE
WOOD,WOOD,01tVT000006aRizYAE
,WOOD,01tVT000006aRkbYAE
WOOD,WOOD,01tVT000006aRuHYAU
,WOOD,01tVT000006aRz7YAE
ORANGE + BLACK,ORANGE + BLACK,01tVT000006aTGAYA2
ORANGE + BLACK,ORANGE + BLACK,01tVT000006aV8HYAU
,ORANGE + BLACK,01tVT000006aVD7YAM
ORANGE + BLACK,ORANGE + BLACK,01tVT000006aVY5YAM
,ORANGE + BLACK,01tVT000006aVbJYAU
,ORANGE + BLACK,01tVT000006aVwHYAU
BLACK,BLACK,01tVT000006b2KLYAY
,BLACK,01tVT000006b2LxYAI
MULTIPLE,MULTIPLE,01tVT000006bCBdYAM
,MULTIPLE,01tVT000006bCErYAM
,BEIGE,01tVT000006dAiPYAU
BLACK,BLACK,01tVT000006dHrxYAE
,BLACK,01tVT000006dHryYAE
BLACK,BLACK,01tVT000006dHtZYAU
,BLACK,01tVT000006dHtaYAE
GREEN,GREEN,01tVT000006djOPYAY
,GREEN,01tVT000006djTFYAY
MULTICOLOR,MULTICOLOR,01tVT000006djmbYAA
,MULTICOLOR,01tVT000006djrRYAQ
RED + BLACK,RED + BLACK,01tVT000006doeDYAQ
,RED + BLACK,01tVT000006dofpYAA
BLACK,BLACK,01tVT000006douLYAQ
,BLACK,01tVT000006doxZYAQ
WOOD + BLACK,WOOD + BLACK,01tVT000006iEobYAE
,WOOD + BLACK,01tVT000006iEtRYAU
GRAY,GRAY,01tVT000006iGqPYAU
,GRAY,01tVT000006iH3JYAU
WOOD + BLACK,WOOD + BLACK,01tVT000006iHHqYAM
WOOD + BLACK,WOOD + BLACK,01tVT000006iHL3YAM
,WOOD + BLACK,01tVT000006iHMfYAM
WOOD + BLACK,WOOD + BLACK,01tVT000006iHcnYAE
,WOOD + BLACK,01tVT000006iHhdYAE
BLACK,BLACK,01tVT000006iI5pYAE
,BLACK,01tVT000006iI7RYAU
WOOD + BLACK,WOOD + BLACK,01tVT000006iIIjYAM
,WOOD + BLACK,01tVT000006iIKLYA2
STONE + BLACK,STONE + BLACK,01tVT000006iIVdYAM
,STONE + BLACK,01tVT000006iIXFYA2
,WOOD + BLACK,01tVT000006iIozYAE
,BLACK,01tVT000006iIqcYAE
BLACK,BLACK,01tVT000006iJ9xYAE
WOOD + BLACK,WOOD + BLACK,01tVT000006iJhpYAE
,WOOD + BLACK,01tVT000006iJl3YAE
WOOD + BLACK,WOOD + BLACK,01tVT000006iJujYAE
,WOOD + BLACK,01tVT000006iJwLYAU
,GREY LIGHT,01tVT000006j3BBYAY
,MULTIPLE,01tVT000006j3G1YAI
,CIELO,01tVT000006j3fpYAA
,MULTIPLE,01tVT000006j3j3YAA
,WHITE,01tVT000006j3mHYAQ
,GREY,01tVT000006j3ntYAA
WHITE,WHITE,01tVT000006jq2DYAQ
,WHITE,01tVT000006jq73YAA
WHITE,WHITE,01tVT000006jqevYAA
,WHITE,01tVT000006jqjlYAA
WHITE + WALNUT,WHITE + WALNUT,01tVT000006lG98YAE
MULTIPLE,MULTIPLE,01tVT000006lGgzYAE
,MULTIPLE,01tVT000006lGibYAE
,WHITE + WALNUT,01tVT000006lH0LYAU
CREAM + WALNUT,CREAM + WALNUT,01tVT000006lH8PYAU
,CREAM + WALNUT,01tVT000006lHA1YAM
WHITE,WHITE,01tVT000006oBsrYAE
,WHITE,01tVT000006oBxhYAE
YELLOW,YELLOW,01tVT000006oFrdYAE
,YELLOW,01tVT000006oFtFYAU
BLACK,BLACK,01tVT000006oPUPYA2
,BLACK,01tVT000006oPW1YAM
,YELLOW,01tVT000006onRuYAI
GRAY,GRAY,01tVT000006opNFYAY
,GRAY,01tVT000006oqETYAY
GRAY,GRAY,01tVT000006oqO9YAI
,GRAY,01tVT000006oqPlYAI
,GRAY,01tVT000006oqXqYAI
GRAY,GRAY,01tVT000006oqZRYAY
LIGHT,LIGHT,01tVT000006oqkjYAA
,LIGHT,01tVT000006oqmLYAQ
ORANGE,ORANGE,01tVT000006oquPYAQ
,ORANGE,01tVT000006oqzFYAQ
YELLOW,YELLOW,01tVT000006orSHYAY
,YELLOW,01tVT000006orTtYAI
YELLOW,YELLOW,01tVT000006oriPYAQ
GRAY,GRAY,01tVT000006ouGTYAY
,GRAY,01tVT000006ouLJYAY
,GRAY,01tVT000006ouwQYAQ
GRAY,GRAY,01tVT000006ovHOYAY
GRAY,GRAY,01tVT000006ovm1YAA
,GRAY,01tVT000006ovpFYAQ
,GRAY,01tVT000006ovviYAA
GRAY,GRAY,01tVT000006ow29YAA
GRAY,GRAY,01tVT000006owF3YAI
,GRAY,01tVT000006owJtYAI
GRAY,GRAY,01tVT000006owerYAA
,GRAY,01tVT000006owq9YAA
,BLACK+ RED,01tVT000006ozG9YAI
BLACK + BLUE,BLACK + BLUE,01tVT000006p0aPYAQ
,BLACK + BLUE,01tVT000006p0c1YAA
BLACK,BLACK,01tVT000006p0lhYAA
,BLACK,01tVT000006p0nJYAQ
BLACK,BLACK,01tVT000006qI0bYAE
,BLACK,01tVT000006qI5RYAU
WOOD,WOOD,01tVT000006qKbtYAE
,WOOD,01tVT000006qKgjYAE
BLACK,BLACK,01tVT000006qLT7YAM
,BLACK,01tVT000006qLUjYAM
BLACK,BLACK,01tVT000006qLmTYAU
,BLACK,01tVT000006qLo5YAE
,WOOD + GREY,01tVT000006sML3YAM
YELLOW,YELLOW,01tVT000006sOwLYAU
,YELLOW,01tVT000006sOxxYAE
GRAY,GRAY,01tVT000006sU5hYAE
,GRAY,01tVT000006sU7JYAU
GRAY,GRAY,01tVT000006sUYjYAM
,GRAY,01tVT000006sUaLYAU
GRAY,GRAY,01tVT000006sUvJYAU
,GRAY,01tVT000006sUwvYAE
WHITE,WHITE,01tVT0000077TR3YAM
,WHITE,01tVT0000077TR4YAM
,WHITE,01tVT0000079wYbYAI
GRAY,GRAY,01tVT0000079xHlYAI
,GRAY,01tVT0000079xKzYAI
BROWN,BROWN,01tVT0000079xb7YAA
,BROWN,01tVT0000079xfxYAA
BLUE,BLUE,01tVT0000079xpdYAA
,BLUE,01tVT0000079xsrYAA
,WHITE + WOOD,01tVT000007Bc5zYAC
,WHITE + GRAY,01tVT000007BcXOYA0
WHITE + GRAY,WHITE + GRAY,01tVT000007BdEvYAK
,WHITE + WOOD,01tVT000007BdGYYA0
,WHITE + WOOD,01tVT000007BdLOYA0
WHITE + WOOD,WHITE + WOOD,01tVT000007BdRpYAK
WHITE + WOOD,WHITE + WOOD,01tVT000007BdhxYAC
WHITE + WOOD,WHITE + WOOD,01tVT000007BdwTYAS
BLACK + WHITE + GRAY,BLACK + WHITE + GRAY,01tVT000007FrMXYA0
,BLACK + WHITE + GRAY,01tVT000007FrRNYA0
BLACK/WHITE/GREY,BLACK/WHITE/GREY,01tVT000007FrxdYAC
,BLACK/WHITE/GREY,01tVT000007FrzFYAS
,MULTIPLE COLORES,01tVT000007GnwnYAC
,MULTIPLE,01tVT000007HZJtYAO
,BLACK,01tVT000007LRcJYAW
BROWN + BLACK,BROWN + BLACK,01tVT000007LU5VYAW
,BROWN + BLACK,01tVT000007LUALYA4
BLACK,BLACK,01tVT000007LUK1YAO
BLACK,BLACK,01tVT000007LUQTYA4
,BLACK,01tVT000007LUS5YAO
BLACK,BLACK,01tVT000007LUa9YAG
,BLACK,01tVT000007LUblYAG
BLACK,BLACK,01tVT000007LUjpYAG
,BLACK,01tVT000007LUn3YAG
BLUE,BLUE,01tVT000007LZtBYAW
,BLUE,01tVT000007LZunYAG
LIGHT GRAY,LIGHT GRAY,01tVT000007La4TYAS
,LIGHT GRAY,01tVT000007La65YAC
BLACK,BLACK,01tVT000007Ny5uYAC
BLACK,BLACK,01tVT000007Nz5DYAS
,SILVER,01tVT000007Nz6oYAC
BRONZE,BRONZE,01tVT000007Nz8QYAS
,BLACK,01tVT000007NzGVYA0
,BLACK,01tVT000007NzJiYAK
,BLUE,01tVT000007NzgIYAS
,BRONZE,01tVT000007O0CYYA0
SILVER,SILVER,01tVT000007O0u5YAC
,SILVER,01tVT000007O0yvYAC
GRAY,GRAY,01tVT000007O13lYAC
,GRAY,01tVT000007O16zYAC
SILVER,SILVER,01tVT000007O1GgYAK
,SILVER,01tVT000007O1VBYA0
BLACK,BLACK,01tVT000007O1beYAC
BRONZE,BRONZE,01tVT000007O1erYAC
,BRONZE,01tVT000007O1jhYAC
SILVER,SILVER,01tVT000007O1q9YAC
,BLACK,01tVT000007O2e9YAC
GRAY,GRAY,01tVT000007O2izYAC
,GRAY,01tVT000007O2kbYAC
ORANGE,ORANGE,01tVT000007O2r3YAC
,ORANGE,01tVT000007O2sfYAC
BROWN,BROWN,01tVT000007O2z7YAC
BLUE,BLUE,01tVT000007O37BYAS
BLACK,BLACK,01tVT000007OryQYAS
,BLACK,01tVT000007Ou6fYAC
BROWN,BROWN,01tVT000007OuOPYA0
,BROWN,01tVT000007OuQ1YAK
BLACK,BLACK,01tVT000007OubJYAS
,BLACK,01tVT000007OucvYAC
GREEN,GREEN,01tVT000007Ri8zYAC
,GREEN,01tVT000007RiH3YAK
GREY,GREY,01tVT000007Ric1YAC
WHITE,WHITE,01tVT000007Ric2YAC
,GREY,01tVT000007RigrYAC
,WHITE,01tVT000007RoWAYA0
,WHITE,01tVT000007RpgkYAC
WHITE,WHITE,01tVT000007RrCHYA0
,WHITE,01tVT000007RraTYAS
WHITE,WHITE,01tVT000007Rs9xYAC
,GOLD,01tVT000007SSRyYAO
,CREAM,01tVT000007STKpYAO
GOLD,GOLD,01tVT000007SVHlYAO
BLACK,BLACK,01tVT000007SVRRYA4
,BLACK,01tVT000007SVT3YAO
BLACK,BLACK,01tVT000007SVrFYAW
,BLACK,01tVT000007SVw5YAG
BLACK,BLACK,01tVT000007SWAbYAO
,BLACK,01tVT000007SWCDYA4
CREAM,CREAM,01tVT000007SWNVYA4
TURQUOISE,TURQUOISE,01tVT000007SWybYAG
,TURQUOISE,01tVT000007SX3RYAW
BLACK,BLACK,01tVT000007SaqwYAC
WHITE,WHITE,01tVT000007SbS2YAK
,BLACK,01tVT000007SfQnYAK
WHITE,WHITE,01tVT000007SfqbYAC
,WHITE,01tVT000007SfvRYAS
BLACK,BLACK,01tVT000007SgDBYA0
,BLACK,01tVT000007SgEnYAK
WHITE + BLACK,WHITE + BLACK,01tVT000007SgMrYAK
,WHITE + BLACK,01tVT000007SgOTYA0
WHITE + BLACK,WHITE + BLACK,01tVT000007SgxxYAC
,WHITE + BLACK,01tVT000007Sh2nYAC
WHITE + BLACK,WHITE + BLACK,01tVT000007ShM9YAK
,WHITE + BLACK,01tVT000007ShMAYA0
,WHITE + BLACK,01tVT000007ShVpYAK
WHITE + BLACK,WHITE + BLACK,01tVT000007Si0TYAS
WHITE,WHITE,01tVT000007SiLRYA0
,WHITE + BLACK,01tVT000007SiLTYA0
,WHITE,01tVT000007SiN3YAK
WHITE + BLACK,WHITE + BLACK,01tVT000007SiYMYA0
WHITE,WHITE,01tVT000007SibZYAS
,WHITE,01tVT000007SidBYAS
WHITE + BLACK,WHITE + BLACK,01tVT000007SitJYAS
BLACK,BLACK,01tVT000007SitKYAS
,WHITE,01tVT000007SjB4YAK
,WHITE + BLACK,01tVT000007SjFtYAK
,BLACK,01tVT000007SjivYAC
BLACK,BLACK,01tVT000007TKYoYAO
BLACK,BLACK,01tVT000007TLkzYAG
,BLACK,01tVT000007TLmbYAG
,BLACK,01tVT000007TMAnYAO
BLACK,BLACK,01tVT000007TMIrYAO
,BLACK,01tVT000007TMKTYA4
COLOR OPTIONS,COLOR OPTIONS,01tVT000007TMQvYAO
,COLOR OPTIONS,01tVT000007TMU9YAO
BLUE + WHITE,BLUE + WHITE,01tVT000007TTqbYAG
,BLUE + WHITE,01tVT000007TTsDYAW
BLACK + WHITE,BLACK + WHITE,01tVT000007TXB3YAO
,BLACK + WHITE,01tVT000007TXEHYA4
WHITE + BLACK,WHITE + BLACK,01tVT000007TXPZYA4
,WHITE + BLACK,01tVT000007TXSnYAO
,WHITE,01tVT000007TXhJYAW
WHITE + GRAY,WHITE + GRAY,01tVT000007TY2HYAW
,WHITE + GRAY,01tVT000007TY77YAG
WHITE,WHITE,01tVT000007WSA1YAO
,WHITE,01tVT000007WSBdYAO
BLACK,BLACK,01tVT000007Y0zGYAS
,BLACK,01tVT000007Y4BdYAK
BLUE,BLUE,01tVT000007Y4d3YAC
,BLUE,01tVT000007Y4efYAC
BROWN,BROWN,01tVT000007cl9yYAA
,BROWN,01tVT000007cl9zYAA
BROWN,BROWN,01tVT000007clUvYAI
,BROWN,01tVT000007clUwYAI
,WOOD,01tVT000007clgDYAQ
WHITE,WHITE,01tVT000007dSMzYAM
,WHITE,01tVT000007dSN0YAM
WHITE,WHITE,01tVT000007dTe1YAE
,WHITE,01tVT000007dTe2YAE
WHITE + BLACK,WHITE + BLACK,01tVT000007eQJ8YAM
WHITE,WHITE,01tVT000007eV2fYAE
,WHITE,01tVT000007eV7VYAU
WHITE,WHITE,01tVT000007eVKPYA2
,WHITE,01tVT000007eVM1YAM
WHITE,WHITE,01tVT000007eVVhYAM
,WHITE,01tVT000007eVYvYAM
WHITE + BLACK,WHITE + BLACK,01tVT000007eVfNYAU
,WHITE + BLACK,01tVT000007eVibYAE
WHITE,WHITE,01tVT000007eWGUYA2
,BLACK,01tVT000007eWGVYA2
,WHITE,01tVT000007eWI5YAM
WHITE + BLACK,WHITE + BLACK,01tVT000007eWbRYAU
,WHITE + BLACK,01tVT000007eWgHYAU
WHITE,WHITE,01tVT000007eWtBYAU
,WHITE,01tVT000007eWy1YAE
WHITE,WHITE,01tVT000007eXAvYAM
,WHITE,01tVT000007eXCXYA2
WHITE,WHITE,01tVT000007eXhBYAU
,WHITE,01tVT000007eXinYAE
BLACK,BLACK,01tVT000007eXyvYAE
,WHITE + BLACK,01tVT000007eY5NYAU
WHITE,WHITE,01tVT000007fbkMYAQ
,WHITE,01tVT000007fcwXYAQ
WHITE,WHITE,01tVT000007fd9RYAQ
,WHITE,01tVT000007fdB3YAI
WHITE,WHITE,01tVT000007fdhJYAQ
,WHITE,01tVT000007fdivYAA
WHITE,WHITE,01tVT000007fe5VYAQ
,WHITE,01tVT000007feDZYAY
,BROWN,01tVT000007ffxeYAA
BROWN,BROWN,01tVT000007fhJVYAY
,BLACK + GOLD,01tVT000007hZwAYAU
WOOD,WOOD,01tVT000007hbzZYAQ
,WOOD,01tVT000007hc2nYAA
WOOD,WOOD,01tVT000007hcnZYAQ
,WOOD,01tVT000007hcpBYAQ
BLACK,BLACK,01tVT000007hcsPYAQ
,BLACK,01tVT000007hcu1YAA
BLACK + WOOD,BLACK + WOOD,01tVT000007hd0TYAQ
BLACK,BLACK,01tVT000007hd5JYAQ
,BLACK + WOOD,01tVT000007hd6vYAA
,BLACK,01tVT000007hd8XYAQ
SILVER,SILVER,01tVT000007hdLRYAY
,SILVER,01tVT000007hdTVYAY
WHITE + BLUE,WHITE + BLUE,01tVT000007hdbZYAQ
,WHITE + BLUE,01tVT000007hddBYAQ
WHITE,WHITE,01tVT000007hdlFYAQ
,WHITE,01tVT000007hdq5YAA
BLACK,BLACK,01tVT000007hdwXYAQ
BLACK,BLACK,01tVT000007hdy9YAA
,BLACK,01tVT000007hdzlYAA
,BLACK,01tVT000007he2zYAA
BLACK,BLACK,01tVT000007heFtYAI
,BLACK,01tVT000007heHVYAY
BLACK + GOLD,BLACK + GOLD,01tVT000007heRBYAY
BLACK,BLACK,01tVT000007hi9qYAA
BLACK + WHITE,BLACK + WHITE,01tVT000007hlUIYAY
WHITE + BLACK,WHITE + BLACK,01tVT000007hoITYAY
,WHITE + BLACK,01tVT000007hoK5YAI
BLACK,BLACK,01tVT000007hoYbYAI
,BLACK,01tVT000007hoaDYAQ
BLUE + WHITE,BLUE + WHITE,01tVT000007hotZYAQ
,BLUE + WHITE,01tVT000007hownYAA
,BLACK,01tVT000007hp85YAA
,BLACK + WHITE,01tVT000007hpMbYAI
WHITE + BLACK,WHITE + BLACK,01tVT000007hpRRYAY
,WHITE + BLACK,01tVT000007hpT3YAI
BLACK,BLACK,01tVT000007jkVhYAI
,BLACK,01tVT000007jkViYAI
BLACK,BLACK,01tVT000007mrIwYAI
,BLACK,01tVT000007mv9eYAA
BROWN,BROWN,01tVT000007n8RpYAI
,BROWN,01tVT000007n8TRYAY
BROWN,BROWN,01tVT000007n8ejYAA
,BROWN,01tVT000007n8gLYAQ
BROWN,BROWN,01tVT000007n9CbYAI
,BROWN,01tVT000007n9EDYAY
BLACK,BLACK,01tVT000007n9e1YAA
,BLACK,01tVT000007n9fdYAA
GRAY + BLACK,GRAY + BLACK,01tVT000007nwy5YAA
,GRAY + BLACK,01tVT000007nx2vYAA
GRAY + BLACK,GRAY + BLACK,01tVT000007nxAzYAI
,GRAY + BLACK,01tVT000007nxEDYAY
GRAY,GRAY,01tVT000007nxm7YAA
,GRAY,01tVT000007nyqDYAQ
BLACK,BLACK,01tVT000007nzcbYAA
,BLACK,01tVT000007nzhRYAQ
BLACK,BLACK,01tVT000007nzntYAA
,BLACK,01tVT000007nzr7YAA
WHITE,WHITE,01tVT000007o0C5YAI
,WHITE,01tVT000007o0DhYAI
BLACK,BLACK,01tVT000007o0NNYAY
,BLACK,01tVT000007o0OzYAI
BLACK,BLACK,01tVT000007o4kLYAQ
,BLACK,01tVT000007o4lxYAA
BLACK,BLACK,01tVT000007ocqtYAA
BROWN,BROWN,01tVT000007oe4fYAA
,BROWN,01tVT000007oe6HYAQ
BLACK,BLACK,01tVT000007oeW5YAI
,BLACK,01tVT000007oeXhYAI
BLACK,BLACK,01tVT000007of3xYAA
,BLACK,01tVT000007of5ZYAQ
BROWN,BROWN,01tVT000007ofNJYAY
,BROWN,01tVT000007ofS9YAI
,BLACK,01tVT000007ofgfYAA
SILVER,SILVER,01tVT000007ogPpYAI
,SILVER,01tVT000007ogRRYAY
BLACK,BLACK,01tVT000007ojM5YAI
,BLACK,01tVT000007ojNhYAI
BROWN,BROWN,01tVT000007ojSYYAY
GRAY,GRAY,01tVT000007ojxBYAQ
,GRAY,01tVT000007ok0PYAQ
CREAM,CREAM,01tVT000007okJlYAI
,CREAM,01tVT000007okLNYAY
,BROWN,01tVT000007okgLYAQ
GRAY,GRAY,01tVT000007okurYAA
,GRAY,01tVT000007okwTYAQ
GOLD + BLACK,GOLD + BLACK,01tVT000007olXZYAY
LIGHT,LIGHT,01tVT000007olapYAA
,GOLD + BLACK,01tVT000007olcPYAQ
BLUE + WHITE,BLUE + WHITE,01tVT000007opmTYAQ
,BLUE + WHITE,01tVT000007opsvYAA
BROWN,BROWN,01tVT000007oq93YAA
,BROWN,01tVT000007oqAfYAI
BLACK + WHITE,BLACK + WHITE,01tVT000007or57YAA
,BLACK + WHITE,01tVT000007or6jYAA
,LIGHT,01tVT000007orGPYAY
GRAY + WHITE,GRAY + WHITE,01tVT000007orYAYAY
BLACK,BLACK,01tVT000007oroHYAQ
,BLACK,01tVT000007orptYAA
BROWN + BLACK,BROWN + BLACK,01tVT000007ort8YAA
,GRAY + WHITE,01tVT000007os61YAA
BLACK + LIGHT BROWN,BLACK + LIGHT BROWN,01tVT000007os7dYAA
,BLACK + LIGHT BROWN,01tVT000007osArYAI
BLACK + BEIGE,BLACK + BEIGE,01tVT000007osKXYAY
,BLACK + BEIGE,01tVT000007osM9YAI
BLACK + WOOD,BLACK + WOOD,01tVT000007osafYAA
CREAM + WHITE,CREAM + WHITE,01tVT000007osagYAA
,BLACK + WOOD,01tVT000007osdtYAA
,BROWN + BLACK,01tVT000007oslxYAA
,CREAM + WHITE,01tVT000007ospBYAQ
BLUE,BLUE,01tVT000007ot5JYAQ
,BLUE,01tVT000007ot6vYAA
,GREEN,01tVT000007ot8YYAQ
BLUE,BLUE,01tVT000007otdBYAQ
,BLUE,01tVT000007oti1YAA
GREEN,GREEN,01tVT000007otzlYAA
,GRAY,01tVT000007pVqYYAU
GRAY,GRAY,01tVT000007pVycYAE
BLACK,BLACK,01tVT000007pYEvYAM
,BLACK,01tVT000007pYJlYAM
BLACK + BROWN,BLACK + BROWN,01tVT000007pYQDYA2
,BLACK + BROWN,01tVT000007pYV3YAM
,BLACK,01tVT000007paVHYAY
BROWN + BLACK,BROWN + BLACK,01tVT000007pcgkYAA
,BROWN + BLACK,01tVT000007pd05YAA
BLACK,BLACK,01tVT000007pdBNYAY
,BLACK,01tVT000007pdEbYAI
GREEN + WHITE,GREEN + WHITE,01tVT000007pdOHYAY
,GREEN + WHITE,01tVT000007pdPtYAI
GRAY + BLACK,GRAY + BLACK,01tVT000007pdWLYAY
,GRAY + BLACK,01tVT000007pdXxYAI
BLACK,BLACK,01tVT000007pdhdYAA
BLACK,BLACK,01tVT000007pdw9YAA
,BLACK,01tVT000007pdxlYAA
BLACK + RICE + BLUE,BLACK + RICE + BLUE,01tVT000007pgNlYAI
,BLACK + RICE + BLUE,01tVT000007pgPNYAY
,BLACK + WHITE,01tVT000007phJqYAI
LIGHT BROWN + WHITE,LIGHT BROWN + WHITE,01tVT000007phenYAA
,LIGHT BROWN + WHITE,01tVT000007phgPYAQ
,BLACK,01tVT000007phlGYAQ
CREAM + WHITE,CREAM + WHITE,01tVT000007pi4bYAA
,CREAM + WHITE,01tVT000007pi9RYAQ
BLACK + WHITE,BLACK + WHITE,01tVT000007piKjYAI
BROWN + BLUE,BROWN + BLUE,01tVT000007pj3tYAA
,BROWN + BLUE,01tVT000007pj5VYAQ
BLACK,BLACK,01tVT000007pjQUYAY
BLACK + WOOD,BLACK + WOOD,01tVT000007pjyLYAQ
,BLACK + WOOD,01tVT000007pjzxYAA
,LIGHT GRAY,01tVT000007sqdWYAQ
LIGHT GRAY,LIGHT GRAY,01tVT000007sr3JYAQ
BROWN + CREAM,BROWN + CREAM,01tVT000007sw2zYAA
,BROWN + CREAM,01tVT000007sw7pYAA
GRAY,GRAY,01tVT000007swhJYAQ
,GRAY,01tVT000007swivYAA
MULTIPLE,MULTIPLE,01tVT000007sx77YAA
,MULTIPLE,01tVT000007sxALYAY
WOOD + WHITE,WOOD + WHITE,01tVT000007sySzYAI
,WOOD + WHITE,01tVT000007syUbYAI
BLACK,BLACK,01tVT000007sykjYAA
,BLACK,01tVT000007symLYAQ
BROWN,BROWN,01tVT000007szX7YAI
,BROWN,01tVT000007szaLYAQ
BROWN,BROWN,01tVT000007szqTYAQ
,BROWN,01tVT000007szvJYAQ
WHITE,WHITE,01tVT000007t3UHYAY
,WHITE,01tVT000007t3VtYAI
BLACK,BLACK,01tVT000007t4dFYAQ
,BLACK,01tVT000007t4i5YAA
CREAM + WHITE,CREAM + WHITE,01tVT000007t5SrYAI
,CREAM + WHITE,01tVT000007t5XhYAI
CREAM + WHITE,CREAM + WHITE,01tVT000007t65ZYAQ
,CREAM + WHITE,01tVT000007t67BYAQ
WOOD + CREAM + GRAY,WOOD + CREAM + GRAY,01tVT000007teATYAY
,WOOD + CREAM + GRAY,01tVT000007teC5YAI
,ORANGE,01tVT000007teNOYAY
LIGHT BROWN,LIGHT BROWN,01tVT000007tf05YAA
,LIGHT BROWN,01tVT000007tf1hYAA
GOLD + BLACK,GOLD + BLACK,01tVT000007tfOHYAY
,GOLD + BLACK,01tVT000007tfT7YAI
BLACK + YELLOW,BLACK + YELLOW,01tVT000007tgKLYAY
,BLACK + YELLOW,01tVT000007tgLxYAI
CREAM + BLACK,CREAM + BLACK,01tVT000007tgsDYAQ
,CREAM + BLACK,01tVT000007tgtpYAA
BLACK,BLACK,01tVT000007th8LYAQ
,BLACK,01tVT000007th9xYAA
ORANGE,ORANGE,01tVT000007ti2nYAA
BEIGE + GRAY,BEIGE + GRAY,01tVT000007tiHJYAY
,BEIGE + GRAY,01tVT000007tiIvYAI
GRAY + ORANGE,GRAY + ORANGE,01tVT000007tiVpYAI
,GRAY + ORANGE,01tVT000007tiafYAA
BLACK + SILVER,BLACK + SILVER,01tVT000007tksbYAA
,BLACK + SILVER,01tVT000007tkuDYAQ
BLUE + GRAY,BLUE + GRAY,01tVT000007tl8jYAA
,BLUE + GRAY,01tVT000007tlDZYAY
DARK,DARK,01tVT000007tlS5YAI
,DARK,01tVT000007tlWvYAI
BLUE,BLUE,01tVT000007tnnGYAQ
BLUE,BLUE,01tVT000007tpU5YAI
,BLUE,01tVT000007tpVhYAI
BLACK + SILVER,BLACK + SILVER,01tVT000007tqQ9YAI
,BLACK + SILVER,01tVT000007tqRlYAI
BLACK + SILVER,BLACK + SILVER,01tVT000007tqgHYAQ
,BLACK + SILVER,01tVT000007tql7YAA
BLACK + SILVER,BLACK + SILVER,01tVT000007tr2rYAA
,BLACK + SILVER,01tVT000007tr4TYAQ
BLUE,BLUE,01tVT000007trUHYAY
,BLUE,01tVT000007trVtYAI
BLACK + SILVER,BLACK + SILVER,01tVT000007trm1YAA
,BLACK + SILVER,01tVT000007tsJtYAI
,SILVER,01tVT000007tsbeYAA
,BLUE,01tVT000007tsuzYAA
SILVER,SILVER,01tVT000007tv1dYAA
,SILVER,01tVT000007tv4rYAA
SILVER,SILVER,01tVT000007tvRRYAY
SILVER,SILVER,01tVT000007tvfxYAA
,SILVER,01tVT000007tvhZYAQ
SILVER,SILVER,01tVT000007tvpdYAA
,SILVER,01tVT000007tvxhYAA
SILVER,SILVER,01tVT000007tyQvYAI
,SILVER,01tVT000007tySXYAY
,BLACK + SILVER,01tVT000007u0ZCYAY
BLACK + SILVER,BLACK + SILVER,01tVT000007u15RYAQ
BLACK + SILVER,BLACK + SILVER,01tVT000007uYW1YAM
,BLACK + SILVER,01tVT000007uYXdYAM
,SILVER,01tVT000007uYiwYAE
RED + BLACK,RED + BLACK,01tVT000007uYm9YAE
,RED + BLACK,01tVT000007uYqzYAE
BLACK,BLACK,01tVT000007uYz3YAE
,BLACK,01tVT000007uZ0fYAE
BLACK + SILVER,BLACK + SILVER,01tVT000007uZlRYAU
,BLACK + SILVER,01tVT000007uZn3YAE
BLACK + SILVER,BLACK + SILVER,01tVT000007ua9dYAA
,BLACK + SILVER,01tVT000007uaBFYAY
SILVER,SILVER,01tVT000007uaRNYAY
,SILVER,01tVT000007uaSzYAI
SILVER,SILVER,01tVT000007ubTtYAI
BLACK + SILVER,BLACK + SILVER,01tVT000007uc6bYAA
,BLACK + SILVER,01tVT000007uc8DYAQ
BLACK + GRAY,BLACK + GRAY,01tVT000007uh6HYAQ
,BLACK + GRAY,01tVT000007uh7tYAA
BLACK + LIGHT BROWN,BLACK + LIGHT BROWN,01tVT000007ui8nYAA
,BLACK + LIGHT BROWN,01tVT000007uiAPYAY
GRAY + LIGHT BROWN,GRAY + LIGHT BROWN,01tVT000007uiS9YAI
,GRAY + LIGHT BROWN,01tVT000007uiWzYAI
,BEIGE + WOOD,01tVT000007ukAcYAI
WHITE + GRAY + WOOD,WHITE + GRAY + WOOD,01tVT000007uknJYAQ
,WHITE + GRAY + WOOD,01tVT000007uks9YAA
BROWN,BROWN,01tVT000007ulg9YAA
,BROWN,01tVT000007ulkzYAA
BEIGE + WOOD,BEIGE + WOOD,01tVT000007umHFYAY
WHITE + WOOD,WHITE + WOOD,01tVT000007umVlYAI
,WHITE + WOOD,01tVT000007umXNYAY
GREEN + WHITE,GREEN + WHITE,01tVT000007umltYAA
,GREEN + WHITE,01tVT000007umqjYAA
WOOD,WOOD,01tVT000007uoJ3YAI
,WOOD,01tVT000007uoKfYAI
WOOD + BLACK,WOOD + BLACK,01tVT000007uocPYAQ
,WOOD + BLACK,01tVT000007uohFYAQ
,WOOD + WHITE + GRAY,01tVT000007uopKYAQ
PINK,PINK,01tVT000007uoxNYAQ
,PINK,01tVT000007uoyzYAA
BLACK + GRAY,BLACK + GRAY,01tVT000007up3pYAA
,BLACK + GRAY,01tVT000007up8fYAA
PINK,PINK,01tVT000007upF7YAI
,PINK,01tVT000007upILYAY
WOOD + WHITE + GRAY,WOOD + WHITE + GRAY,01tVT000007upTdYAI
,PINK,01tVT000007uqskYAA
PINK,PINK,01tVT000007urbtYAA
,PINK,01tVT000007urdVYAQ
PINK,PINK,01tVT000007urnBYAQ
,BLACK,01tVT000007vMkYYAU
BLACK,BLACK,01tVT000007vP7JYAU
BROWN,BROWN,01tVT000007vPP4YAM
LIGHT BROWN,LIGHT BROWN,01tVT000007vPaLYAU
,LIGHT BROWN,01tVT000007vPbxYAE
,BROWN,01tVT000007vPthYAE
LIGHT BROWN,LIGHT BROWN,01tVT000007vT65YAE
,LIGHT BROWN,01tVT000007vT7hYAE
LIGHT BROWN,LIGHT BROWN,01tVT000007vTKbYAM
,LIGHT BROWN,01tVT000007vTPRYA2
BROWN,BROWN,01tVT000007vTdxYAE
,BROWN,01tVT000007vTfZYAU
BROWN,BROWN,01tVT000007vTpFYAU
,BROWN,01tVT000007vTqrYAE
BLACK + GRAY,BLACK + GRAY,01tVT000007vUGfYAM
,BLACK + GRAY,01tVT000007vUJtYAM
GOLD,GOLD,01tVT000007vUa1YAE
,GOLD,01tVT000007vUbdYAE
GOLD,GOLD,01tVT000007vUwbYAE
,GOLD,01tVT000007vUyDYAU
GREEN + GRAY,GREEN + GRAY,01tVT000007vVELYA2
,GREEN + GRAY,01tVT000007vVFxYAM
BROWN,BROWN,01tVT000007vW2LYAU
,BROWN,01tVT000007vW3xYAE
WOOD + BLACK,WOOD + BLACK,01tVT000007vYLtYAM
,WOOD + BLACK,01tVT000007vYQjYAM
BROWN,BROWN,01tVT000007vYddYAE
,BROWN,01tVT000007vYdeYAE
WHITE + BLACK,WHITE + BLACK,01tVT000007wOXOYA2
WHITE + BLACK,WHITE + BLACK,01tVT000007wPoPYAU
,WHITE + BLACK,01tVT000007wPq1YAE
,WHITE + BLACK,01tVT000007wQ1JYAU
WHITE,WHITE,01tVT000007wQ9NYAU
,WHITE,01tVT000007wQCbYAM
WHITE + BLACK,WHITE + BLACK,01tVT000007wQPVYA2
,WHITE + BLACK,01tVT000007wQR7YAM
BLACK,BLACK,01tVT000007wUsvYAE
,BLACK,01tVT000007wUuXYAU
,BLACK,01tVT000007zGLaYAM
BLACK,BLACK,01tVT000007zHkfYAE
BLACK + BEIGE,BLACK + BEIGE,01tVT000007zHvxYAE
,BLACK + BEIGE,01tVT000007zI0nYAE
RED + BEIGE,RED + BEIGE,01tVT000007zI8rYAE
,BLACK + BEIGE,01tVT000007zI8sYAE
,RED + BEIGE,01tVT000007zIATYA2
BROWN,BROWN,01tVT000007zITpYAM
,BROWN,01tVT000007zIX3YAM
BLACK,BLACK,01tVT000007zIqPYAU
,BLACK,01tVT000007zIs1YAE
BLACK + BEIGE,BLACK + BEIGE,01tVT000007zJ6XYAU
,BLACK + BEIGE,01tVT000007zJ89YAE
BLACK + BEIGE,BLACK + BEIGE,01tVT000007zJcnYAE
WHITE,WHITE,01tVT000007zO9RYAU
,WHITE,01tVT000007zOB3YAM
BLACK,BLACK,01tVT0000080Au1YAE
,BLACK,01tVT0000080BmrYAE
BEIGE,BEIGE,01tVT0000080EUbYAM
,BEIGE,01tVT0000080EXpYAM
BEIGE,BEIGE,01tVT0000080HXJYA2
,BEIGE,01tVT0000080HvVYAU
BLUE,BLUE,01tVT0000080ITNYA2
,BLUE,01tVT0000080IUzYAM
CREAM,CREAM,01tVT0000080IunYAE
,CREAM,01tVT0000080Iy1YAE
LIGHT,LIGHT,01tVT0000080JXVYA2
,LIGHT,01tVT0000080JcLYAU
,WOOD + GRAY,01tVT0000080tkgYAA
WOOD + BLACK,WOOD + BLACK,01tVT0000080tuLYAQ
,WOOD + BLACK,01tVT0000080tzBYAQ
NATURAL,NATURAL,01tVT0000080uKAYAY
WOOD + GRAY,WOOD + GRAY,01tVT0000080unBYAQ
WOOD + WHITE,WOOD + WHITE,01tVT0000080v89YAA
,WOOD + WHITE,01tVT0000080v9lYAA
WOOD + STAINLESS STEEL,WOOD + STAINLESS STEEL,01tVT0000080vUjYAI
,WOOD + STAINLESS STEEL,01tVT0000080vZZYAY
LIGHT BROWN,LIGHT BROWN,01tVT0000080w4DYAQ
,LIGHT BROWN,01tVT0000080wCHYAY
GRAY,GRAY,01tVT0000080wKLYAY
,GRAY,01tVT0000080wNZYAY
WHITE,WHITE,01tVT0000080wc5YAA
,WHITE,01tVT0000080wfJYAQ
YELLOW,YELLOW,01tVT0000080wtpYAA
,YELLOW,01tVT0000080wvRYAQ
BLACK,BLACK,01tVT0000080xGPYAY
,BLACK,01tVT0000080xJdYAI
,NATURAL,01tVT0000080xwLYAQ
NATURAL,NATURAL,01tVT0000080yHJYAY
,NATURAL,01tVT0000080yIvYAI
BLACK,BLACK,01tVT0000081pQVYAY
CREAM,CREAM,01tVT0000081rorYAA
,CREAM,01tVT0000081rqTYAQ
BLACK,BLACK,01tVT0000081s09YAA
,BLACK,01tVT0000081s1lYAA
BLACK,BLACK,01tVT0000081sEfYAI
,BLACK,01tVT0000081sGHYAY
BLACK,BLACK,01tVT0000081subYAA
,BLACK,01tVT0000081sxpYAA
,BLACK,01tVT0000081tAjYAI
BROWN,BROWN,01tVT0000084lJtYAI
,BROWN,01tVT0000084lOjYAI
BROWN,BROWN,01tVT0000084ldFYAQ
,BROWN,01tVT0000084lerYAA
BROWN,BROWN,01tVT0000084loXYAQ
,BROWN,01tVT0000084lrlYAA
,BLACK,01tVT00000851AAYAY
BLACK,BLACK,01tVT00000853WwYAI
,BLACK,01tVT00000854ZRYAY
BLACK,BLACK,01tVT00000854hVYAQ
BLACK,BLACK,01tVT00000854mLYAQ
,BLACK,01tVT00000854rBYAQ
BLACK,BLACK,01tVT00000855AXYAY
,BLACK,01tVT00000855C9YAI
,BLACK,01tVT00000855QgYAI
BLACK,BLACK,01tVT00000855SHYAY
BROWN,BROWN,01tVT0000085Ja5YAE
,BROWN,01tVT0000085Ja6YAE
,WOOD,01tVT0000086cnaYAA
BLUE,BLUE,01tVT0000086efiYAA
GRAY + ORANGE,GRAY + ORANGE,01tVT0000086fOsYAI
,WOOD + BLACK,01tVT0000086fTiYAI
WHITE,WHITE,01tVT0000086g4nYAA
,WHITE,01tVT0000086g6PYAQ
GRAY,GRAY,01tVT0000086gHhYAI
,GRAY,01tVT0000086gJJYAY
BLUE,BLUE,01tVT0000086gUbYAI
,BLUE,01tVT0000086gWDYAY
BLUE,BLUE,01tVT0000086ghVYAQ
,BLUE,01tVT0000086gj7YAA
BLUE,BLUE,01tVT0000086gpZYAQ
,BLUE,01tVT0000086guPYAQ
BLACK,BLACK,01tVT0000086h2TYAQ
,BLACK,01tVT0000086h45YAA
,GRAY + ORANGE,01tVT0000086hDlYAI
,BLUE,01tVT0000086haLYAQ
WOOD,WOOD,01tVT0000086iJVYAY
,WOOD,01tVT0000086iL7YAI
WOOD,WOOD,01tVT0000086iWPYAY
,WOOD,01tVT0000086ibFYAQ
WOOD + BLACK,WOOD + BLACK,01tVT0000086iszYAA
WOOD,WOOD,01tVT0000086iwFYAQ
WOOD,WOOD,01tVT0000086jHBYAY
,WOOD,01tVT0000086jInYAI
WOOD,WOOD,01tVT0000086jU5YAI
,WOOD,01tVT0000086jYvYAI
WOOD,WOOD,01tVT0000086jlpYAA
,WOOD,01tVT0000086jqfYAA
,WOOD,01tVT0000086jvVYAQ
WOOD,WOOD,01tVT0000086k5BYAQ
,WOOD,01tVT0000086k6nYAA
,BROWN + BLACK,01tVT0000086k8QYAQ
WOOD,WOOD,01tVT0000086mQLYAY
WOOD,WOOD,01tVT0000086mdFYAQ
,WOOD,01tVT0000086mgTYAQ
WOOD,WOOD,01tVT0000086mwbYAA
,WOOD,01tVT0000086myDYAQ
BROWN + BLACK,BROWN + BLACK,01tVT0000086n6HYAQ
WOOD,WOOD,01tVT0000086nFxYAI
,WOOD,01tVT0000086nHZYAY
GREEN,GREEN,01tVT0000087MzTYAU
,ORANGE,01tVT0000087OIkYAM
BLUE,BLUE,01tVT0000087PRiYAM
,BLUE,01tVT0000087SnlYAE
,GREEN,01tVT0000087T0fYAE
ORANGE,ORANGE,01tVT0000087TdNYAU
BLUE,BLUE,01tVT0000087UUbYAM
,BLUE,01tVT0000087UWDYA2
BLUE,BLUE,01tVT0000087UmLYAU
,BLUE,01tVT0000087UpZYAU
BLUE,BLUE,01tVT0000087ZE9YAM
,BLUE,01tVT0000087ZPRYA2
WHITE,WHITE,01tVT0000089VG6YAM
BLACK,BLACK,01tVT0000089b0YYAQ
GREEN,GREEN,01tVT0000089bGgYAI
BLACK,BLACK,01tVT0000089cizYAA
,BLACK,01tVT0000089cnpYAA
GREEN,GREEN,01tVT0000089d0jYAA
,GREEN,01tVT0000089d2LYAQ
GREEN,GREEN,01tVT0000089dDdYAI
,GREEN,01tVT0000089dFFYAY
,GREEN,01tVT0000089dQXYAY
,WHITE,01tVT0000089dwnYAA
BLUE,BLUE,01tVT0000089e6TYAQ
,BLUE,01tVT0000089e85YAA
,BLACK,01tVT0000089fAbYAI
,BLACK,01tVT0000089gUsYAI
GREEN,GREEN,01tVT0000089gkzYAA
,GREEN,01tVT0000089gmbYAA
BLACK,BLACK,01tVT0000089i5FYAQ
BLACK,BLACK,01tVT0000089iDJYAY
,BLACK,01tVT0000089iEvYAI
BLACK,BLACK,01tVT000008BPXyYAO
RICE,RICE,01tVT000008BQVdYAO
,RICE,01tVT000008BQaTYAW
,BLACK,01tVT000008BQsDYAW
WHITE,WHITE,01tVT000008BRczYAG
,WHITE,01tVT000008BRhpYAG
BLACK,BLACK,01tVT000008BRptYAG
,BLACK,01tVT000008BRt7YAG
BLACK,BLACK,01tVT000008CFGPYA4
,BLACK,01tVT000008CFLFYA4
GRAY + BLACK,GRAY + BLACK,01tVT000008CLqTYAW
,GRAY + BLACK,01tVT000008CLvJYAW
BLACK,BLACK,01tVT000008CMGHYA4
,BLACK,01tVT000008CMeTYAW
BLACK+SILVER,BLACK+SILVER,01tVT000008COZpYAO
,BLACK+SILVER,01tVT000008CObRYAW
BLACK+SILVER,BLACK+SILVER,01tVT000008COoLYAW
,BLACK+SILVER,01tVT000008COrZYAW
BLACK+SILVER,BLACK+SILVER,01tVT000008CP1FYAW
,BLACK+SILVER,01tVT000008CPAvYAO
PINK + WHITE,PINK + WHITE,01tVT000008CQADYA4
,PINK + WHITE,01tVT000008CQDRYA4
BLUE,BLUE,01tVT000008CQerYAG
,BLUE,01tVT000008CQjhYAG
SILVER + BLACK,SILVER + BLACK,01tVT000008DDPSYA4
SILVER,SILVER,01tVT000008DEwbYAG
,SILVER,01tVT000008DEyDYAW
SILVER + BLACK,SILVER + BLACK,01tVT000008DF9VYAW
,SILVER + BLACK,01tVT000008DFB7YAO
,SILVER + BLACK,01tVT000008DFKnYAO
SILVER + BLACK,SILVER + BLACK,01tVT000008DFO1YAO
,SILVER + BLACK,01tVT000008DFRFYA4
SILVER + BLACK,SILVER + BLACK,01tVT000008DFXhYAO
,SILVER + BLACK,01tVT000008DFZJYA4
BLACK,BLACK,01tVT000008GRVtYAO
,BLACK,01tVT000008GRZ7YAO
,WOOD + SILVER,01tVT000008H6HKYA0
WOOD + SILVER,WOOD + SILVER,01tVT000008H6fVYAS
,WOOD + SILVER,01tVT000008H6h7YAC
SILVER,SILVER,01tVT000008H78XYAS
,SILVER,01tVT000008H7DNYA0
,SILVER,01tVT000008H7QIYA0
SILVER,SILVER,01tVT000008H81NYAS
,SILVER,01tVT000008H82zYAC
BLACK + SILVER,BLACK + SILVER,01tVT000008H8FtYAK
,BLACK + SILVER,01tVT000008H8KjYAK
SILVER,SILVER,01tVT000008H8SnYAK
BLACK + SILVER,BLACK + SILVER,01tVT000008H8e5YAC
,BLACK + SILVER,01tVT000008H8ivYAC
BLACK,BLACK,01tVT000008H9FBYA0
,BLACK,01tVT000008H9GnYAK
ORANGE + SILVER,ORANGE + SILVER,01tVT000008H9ThYAK
,ORANGE + SILVER,01tVT000008H9VJYA0
WOOD + SILVER,WOOD + SILVER,01tVT000008H9ezYAC
BLACK + SILVER,BLACK + SILVER,01tVT000008H9qHYAS
,BLACK + SILVER,01tVT000008H9tVYAS
BROWN,BROWN,01tVT000008IDi9YAG
,BROWN,01tVT000008IDobYAG
,BLACK,01tVT000008IE4kYAG
BLACK + SILVER,BLACK + SILVER,01tVT000008IEJFYA4
,BLACK + SILVER,01tVT000008IEKrYAO
BLACK,BLACK,01tVT000008IGcnYAG
BLACK,BLACK,01tVT000008IGjFYAW
,BLACK,01tVT000008IGkrYAG
SILVER,SILVER,01tVT000008IsOjYAK
,SILVER,01tVT000008IsTZYA0
SILVER,SILVER,01tVT000008IstNYAS
,SILVER,01tVT000008IsuzYAC
BLACK,BLACK,01tVT000008LI29YAG
,BLACK,01tVT000008LI3lYAG
,BLACK,01tVT000008LtD0YAK
BLACK,BLACK,01tVT000008LwUEYA0
,BLACK,01tVT000008M21mYAC
BLACK / RED,BLACK / RED,01tVT000008M6GfYAK
,BLACK / RED,01tVT000008M6IHYA0
BLACK + GREEN,BLACK + GREEN,01tVT000008M7ELYA0
,BLACK + GREEN,01tVT000008M7XhYAK
BLACK,BLACK,01tVT000008M87BYAS
,BLACK,01tVT000008M88nYAC
BLACK,BLACK,01tVT000008M9hZYAS
BLACK,BLACK,01tVT000008M9zJYAS
,BLACK,01tVT000008MA0vYAG
BLACK,BLACK,01tVT000008MAFRYA4
,BLACK,01tVT000008MAKHYA4
BLACK,BLACK,01tVT000008MAVZYA4
,BLACK,01tVT000008MAaPYAW
BLACK,BLACK,01tVT000008NczJYAS
,WOOD,01tVT000008NhXaYAK
,WOOD,01tVT000008NtFKYA0
WOOD,WOOD,01tVT000008O45vYAC
,WOOD,01tVT000008O67iYAC
WOOD,WOOD,01tVT000008O8PdYAK
WOOD,WOOD,01tVT000008O8XhYAK
,BLACK + WHITE,01tVT000008OGoeYAG
BLACK,BLACK,01tVT000008OI5dYAG
,BLACK,01tVT000008OI7FYAW
BLACK + WHITE,BLACK + WHITE,01tVT000008OIgjYAG
,BLACK,01tVT000008OJ3JYAW
BLACK,BLACK,01tVT000008OJRVYA4
,BLACK,01tVT000008OJT7YAO
BLACK,BLACK,01tVT000008OJcnYAG
,BLACK,01tVT000008OJjFYAW
BLACK,BLACK,01tVT000008OJsvYAG
,BLACK,01tVT000008OJuXYAW
WOOD,WOOD,01tVT000008PQHFYA4
,WOOD,01tVT000008PQKTYA4
BLACK,BLACK,01tVT000008PQXNYA4
,BLACK,01tVT000008PQYzYAO
BROWN,BROWN,01tVT000008PhMvYAK
,BROWN,01tVT000008PhMwYAK
WHITE + BLACK,WHITE + BLACK,01tVT000008QWfZYAW
BLACK,BLACK,01tVT000008QWhBYAW
,WHITE + BLACK,01tVT000008QWinYAG
,BLACK,01tVT000008QWndYAG
WHITE + BROWN,WHITE + BROWN,01tVT000008QWxJYAW
,WHITE + BROWN,01tVT000008QWyvYAG
BLACK,BLACK,01tVT000008QXN7YAO
,BLACK,01tVT000008QXRxYAO
BLACK,BLACK,01tVT000008QXdFYAW
,BLACK,01tVT000008QXi5YAG
YELLOW,YELLOW,01tVT000008QXuzYAG
,YELLOW,01tVT000008QXwbYAG
WHITE,WHITE,01tVT000008QY9VYAW
,WHITE,01tVT000008QYB7YAO
WOOD,WOOD,01tVT000008QYZJYA4
,WOOD,01tVT000008QYavYAG
WOOD,WOOD,01tVT000008QYcYYAW
,BLACK + LIGHT,01tVT000008QYkcYAG
WOOD + GRAY,WOOD + GRAY,01tVT000008QYmDYAW
,WOOD + GRAY,01tVT000008QYnpYAG
WOOD,WOOD,01tVT000008QZ2LYAW
,WOOD,01tVT000008QZ3xYAG
WOOD,WOOD,01tVT000008QZAQYA4
,WOOD,01tVT000008QZITYA4
,WOOD,01tVT000008QZWzYAO
WOOD,WOOD,01tVT000008QZwnYAG
,WOOD,01tVT000008Qa3FYAS
,BLACK,01tVT000008QaBKYA0
,LIGHT,01tVT000008Qc1qYAC
WOOD + GRAY,WOOD + GRAY,01tVT000008Qc6fYAC
,WOOD + GRAY,01tVT000008Qc8HYAS
WOOD,WOOD,01tVT000008QcJZYA0
,WOOD,01tVT000008QcLBYA0
BLACK,BLACK,01tVT000008Qcg9YAC
,BLACK,01tVT000008QchlYAC
BLACK,BLACK,01tVT000008Qd7ZYAS
BLACK + LIGHT,BLACK + LIGHT,01tVT000008QdPJYA0
LIGHT,LIGHT,01tVT000008QdVlYAK
BLACK,BLACK,01tVT000008Qdp7YAC
,BLACK,01tVT000008QdqjYAC
BLACK,BLACK,01tVT000008Qe3dYAC
,BLACK,01tVT000008Qe6rYAC
RICE + BLACK,RICE + BLACK,01tVT000008QeEvYAK
,RICE + BLACK,01tVT000008QeJlYAK
BLACK + WOOD,BLACK + WOOD,01tVT000008Qg3pYAC
,BLACK + WOOD,01tVT000008Qg8fYAC
,STONE,01tVT000008QgF8YAK
BLACK,BLACK,01tVT000008QggXYAS
STONE,STONE,01tVT000008QggYYAS
,BLACK,01tVT000008QgmzYAC
GREEN,GREEN,01tVT000008QgztYAC
,GREEN,01tVT000008Qh1VYAS
PINK,PINK,01tVT000008QhMTYA0
,PINK,01tVT000008QhO5YAK
BLACK,BLACK,01tVT000008Qhj4YAC
,STONE,01tVT000008QhvxYAC
STONE,STONE,01tVT000008Qi7FYAS
,BROWN,01tVT000008Qi8rYAC
BLACK,BLACK,01tVT000008Qj4vYAC
,BLACK,01tVT000008Qj6XYAS
WHITE,WHITE,01tVT000008QjHpYAK
,WHITE,01tVT000008QjMfYAK
BLACK,BLACK,01tVT000008QjZaYAK
,BLACK,01tVT000008QjePYAS
,BLACK,01tVT000008QjmTYAS
BLACK,BLACK,01tVT000008QjuXYAS
,BLACK,01tVT000008Qjw9YAC
BLACK,BLACK,01tVT000008SWBeYAO
BLACK,BLACK,01tVT000008Sb1dYAC
,BLACK,01tVT000008Sb6TYAS
BLACK,BLACK,01tVT000008SbG9YAK
,BLACK,01tVT000008SbKzYAK
,BLACK,01tVT000008SbT3YAK
MULTIPLE,MULTIPLE,01tVT000008TWXlYAO
,MULTIPLE,01tVT000008TWazYAG
BLACK,BLACK,01tVT000008TXiMYAW
,BLACK,01tVT000008TY4vYAG
GREY,GREY,01tVT000008TYhdYAG
,GREY,01tVT000008TYkrYAG
BLACK,BLACK,01tVT000008UeGLYA0
,BLACK,01tVT000008UeGMYA0
BLACK,BLACK,01tVT000008UeeXYAS
,BLACK,01tVT000008UeeYYAS
GREY,GREY,01tVT000008VCMrYAO
,GREY,01tVT000008VCRhYAO
BLACK,BLACK,01tVT000008VDpBYAW
,BLACK,01tVT000008VDqnYAG
BEIGE + BLUE,BEIGE + BLUE,01tVT000008VE8XYAW
,BEIGE + BLUE,01tVT000008VEA9YAO
YELLOW,YELLOW,01tVT000008VEV7YAO
,YELLOW,01tVT000008VEYLYA4
,CAQUI,01tVT000008W71mYAC
GREEN,GREEN,01tVT000008W76bYAC
,GREEN,01tVT000008W7BRYA0
CAQUI,CAQUI,01tVT000008W7WPYA0
,CAQUI,01tVT000008W7szYAC
,BLACK,01tVT000008W84HYAS
,GREEN,01tVT000008W85tYAC
BLACK,BLACK,01tVT000008WFowYAG
,BLACK,01tVT000008WFoxYAG
BLACK,BLACK,01tVT000008WH5yYAG
,BLACK,01tVT000008WH5zYAG
MULTIPLE,MULTIPLE,01tVT000008WHU9YAO
,MULTIPLE,01tVT000008WHUAYA4
BLACK,BLACK,01tVT000008WHqjYAG
,BLACK,01tVT000008WHqkYAG
ACACIA,ACACIA,01tVT000008WHxBYAW
,ACACIA,01tVT000008WHxCYAW
BLACK,BLACK,01tVT000008WHynYAG
,BLACK,01tVT000008WHyoYAG
,GRAY,01tVT000008Z1ZLYA0
LIGHT GRAY,LIGHT GRAY,01tVT000008Z3HlYAK
,LIGHT GRAY,01tVT000008Z3KzYAK
GRAY,GRAY,01tVT000008Z40vYAC
GRAY,GRAY,01tVT000008Z4IfYAK
,GRAY,01tVT000008Z4NVYA0
BROWN,BROWN,01tVT000008Z4XBYA0
,BROWN,01tVT000008Z4fFYAS
,MULTICOLOR,01tVT000008Z4vOYAS
LIGHT BROWN,LIGHT BROWN,01tVT000008Z5cvYAC
,LIGHT BROWN,01tVT000008Z5g9YAC
MULTICOLOR,MULTICOLOR,01tVT000008Z5prYAC
MULTICOLOR,MULTICOLOR,01tVT000008Z7GXYA0
,MULTICOLOR,01tVT000008Z7JlYAK
MULTICOLOR,MULTICOLOR,01tVT000008Z7WfYAK
,MULTICOLOR,01tVT000008Z7wTYAS
BLACK + GREY,BLACK + GREY,01tVT000008ZnCXYA0
,BLACK + GREY,01tVT000008ZnE9YAK
BLACK + GREEN,BLACK + GREEN,01tVT000008Zy1VYAS
,BLACK + GREEN,01tVT000008Zy6LYAS
BLACK + SILVER,BLACK + SILVER,01tVT000008apfJYAQ
,BLACK + SILVER,01tVT000008apiXYAQ
BLACK + SILVER,BLACK + SILVER,01tVT000008apyfYAA
,BLACK + SILVER,01tVT000008aq1uYAA
BLACK,BLACK,01tVT000008bttmYAA
,BLACK,01tVT000008bttnYAA
,BLACK + GREEN,01tVT000008dlGzYAI
,BLACK + SILVER,01tVT000008dlKDYAY
,BLACK + SILVER,01tVT000008dlSHYAY
SILVER,SILVER,01tVT000008gAftYAE
,SILVER,01tVT000008gAj7YAE
WHITE,WHITE,01tVT000008gP2DYAU
,WHITE,01tVT000008gP5RYAU
LIGHT GRAY,LIGHT GRAY,01tVT000008gcx7YAA
,LIGHT GRAY,01tVT000008gcx8YAA
WOOD,WOOD,01tVT000008gcyjYAA
,WOOD,01tVT000008gcykYAA
BROWN,BROWN,01tVT000008gd0LYAQ
,BROWN,01tVT000008gd0MYAQ
BROWN,BROWN,01tVT000008gd1xYAA
,BROWN,01tVT000008gd1yYAA
BROWN,BROWN,01tVT000008gd3ZYAQ
,BROWN,01tVT000008gd3aYAA
WOOD,WOOD,01tVT000008gd8PYAQ
,WOOD,01tVT000008gd8QYAQ
WOOD,WOOD,01tVT000008gdBdYAI
,WOOD,01tVT000008gdBeYAI
WOOD + GREY,WOOD + GREY,01tVT000008gdErYAI
,WOOD + GREY,01tVT000008gdEsYAI
WOOD+CREAM,WOOD+CREAM,01tVT000008gdI5YAI
,WOOD+CREAM,01tVT000008gdI6YAI
BLACK+WOOD+GRAY,BLACK+WOOD+GRAY,01tVT000008gdLJYAY
,BLACK+WOOD+GRAY,01tVT000008gdLKYAY
GRAY,GRAY,01tVT000008gdQ9YAI
,GRAY,01tVT000008gdQAYAY
BROWN,BROWN,01tVT000008gdRlYAI
,BROWN,01tVT000008gdRmYAI
WHITE,WHITE,01tVT000008h0o9YAA
,WHITE,01tVT000008h0plYAA
BLACK,BLACK,01tVT000008hRUzYAM
,BLACK,01tVT000008hRWbYAM
BLACK,BLACK,01tVT000008k54wYAA
,BLACK,01tVT000008k54xYAA
NATURE,NATURE,01tVT000008k6IjYAI
,NATURE,01tVT000008k6IkYAI
WHITE+NATURE,WHITE+NATURE,01tVT000008k6PBYAY
,WHITE+NATURE,01tVT000008k6PCYAY
BLACK,BLACK,01tVT000008k6QnYAI
,BLACK,01tVT000008k6QoYAI
BLACK,BLACK,01tVT000008k6SPYAY
,BLACK,01tVT000008k6SQYAY
SILVER,SILVER,01tVT000008k6U1YAI
,SILVER,01tVT000008k6U2YAI
BLACK+GREY,BLACK+GREY,01tVT000008k6XFYAY
,BLACK+GREY,01tVT000008k6XGYAY
GREEN,GREEN,01tVT000008k6c5YAA
,GREEN,01tVT000008k6c6YAA
GREEN,GREEN,01tVT000008k6gvYAA
,GREEN,01tVT000008k6gwYAA
BLACK+GREEN,BLACK+GREEN,01tVT000008k6iXYAQ
,BLACK+GREEN,01tVT000008k6iYYAQ
BLUE LIGHT + WHITE,BLUE LIGHT + WHITE,01tVT000008k6ozYAA
,BLUE LIGHT + WHITE,01tVT000008k6p0YAA
BLUE LIGHT + WHITE,BLUE LIGHT + WHITE,01tVT000008k73VYAQ
,BLUE LIGHT + WHITE,01tVT000008k73WYAQ
WHITE,WHITE,01tVT000008l2GHYAY
WOOD+POLYESTER,WOOD+POLYESTER,01tVT000008lCabYAE
,WOOD+POLYESTER,01tVT000008lCacYAE
WOOD+POLYESTER,WOOD+POLYESTER,01tVT000008lCdpYAE
,WOOD+POLYESTER,01tVT000008lCdqYAE
WOOD,WOOD,01tVT000008pKZZYA2
,WOOD,01tVT000008pKbBYAU
WOOD+CREAM,WOOD+CREAM,01tVT000008pxPdYAI
,WOOD+CREAM,01tVT000008pxPeYAI
,BLACK,01tVT000008qFxdYAE
,BLACK,01tVT000008qIU5YAM
BLACK,BLACK,01tVT000008qV9aYAE
,BLACK,01tVT000008qV9bYAE
BEIGE,BEIGE,01tVT000008qVxZYAU
,BEIGE,01tVT000008qVxaYAE
PINK,PINK,01tVT000008qW0nYAE
,PINK,01tVT000008qW0oYAE
BLACK,BLACK,01tVT000008qW8rYAE
,BLACK,01tVT000008qW8sYAE
BLACK,BLACK,01tVT000008qWIXYA2
,BLACK,01tVT000008qWIYYA2
MULTIPLE,MULTIPLE,01tVT000008qWOzYAM
,MULTIPLE,01tVT000008qWP0YAM
BLACK,BLACK,01tVT000008qWSDYA2
,BLACK,01tVT000008qWSEYA2
PINK,PINK,01tVT000008qda9YAA
,BEIGE,01tVT000008qdgbYAA
,PINK,01tVT000008qdiDYAQ
DARK GRAY,DARK GRAY,01tVT000008qdwjYAA
,DARK GRAY,01tVT000008qe6PYAQ
,BLACK,01tVT000008r0q5YAA
,MULTIPLE,01tVT000008r6InYAI
,BLACK,01tVT000008r6KPYAY
,BLACK,01tVT000008r6PFYAY
BLACK,BLACK,01tVT000008sjpxYAA
,BLACK,01tVT000008sjwPYAQ
,BLACK + GREEN,01tVT000008skm1YAA
WOOD + WHITE,WOOD + WHITE,01tVT000008vkkfYAA
,WOOD + WHITE,01tVT000008vkpVYAQ
GRAY,GRAY,01tVT000008vl2PYAQ
,GRAY,01tVT000008vl7FYAQ
BROWN + WHITE,BROWN + WHITE,01tVT000008vlX3YAI
,BROWN + WHITE,01tVT000008vlYfYAI
BROWN,BROWN,01tVT000008welFYAQ
,BROWN,01tVT000008weq5YAA
GRAY,GRAY,01tVT000008wey9YAA
,GRAY,01tVT000008wf1NYAQ
WHITE,WHITE,01tVT000008xiJmYAI
WHITE,WHITE,01tVT000008xiJnYAI
WHITE,WHITE,01tVT000008xiYHYAY
,WHITE,01tVT000008xiYIYAY
WHITE,WHITE,01tVT000008xiZtYAI
,WHITE,01tVT000008xiZuYAI
BLACK,BLACK,01tVT000008xigLYAQ
,BLACK,01tVT000008xigMYAQ
BLACK,BLACK,01tVT000008xilBYAQ
,BLACK,01tVT000008xilCYAQ
GREY,GREY,01tVT000008xj1JYAQ
,GREY,01tVT000008xj1KYAQ
WHITE,WHITE,01tVT0000090kyZYAQ
WHITE,WHITE,01tVT0000090mgzYAA
WHITE,WHITE,01tVT0000090mibYAA
GREY,GREY,01tVT0000090zEPYAY
,GREY,01tVT0000090zEQYAY
,GRAY,01tVT00000914lyYAA
BLACK,BLACK,01tVT00000918G5YAI
,BLACK,01tVT00000918KvYAI
GRAY,GRAY,01tVT00000918rBYAQ
WHITE + BLACK + WOOD,WHITE + BLACK + WOOD,01tVT0000091LurYAE
,WHITE + BLACK + WOOD,01tVT0000091LzhYAE
WHITE + GRAY,WHITE + GRAY,01tVT0000091MMHYA2
,WHITE + GRAY,01tVT0000091MNtYAM
BLACK,BLACK,01tVT0000091cCXYAY
,BLACK,01tVT0000091cCYYAY
WHITE,WHITE,01tVT0000091cIzYAI
,WHITE,01tVT0000091cJ0YAI
WHITE + BLACK,WHITE + BLACK,01tVT0000091cNpYAI
,WHITE + BLACK,01tVT0000091cNqYAI
,WOOD,01tVT0000092334YAA
BEIGE + BLACK,BEIGE + BLACK,01tVT00000926AbYAI
,BEIGE + BLACK,01tVT00000926CDYAY
WOOD,WOOD,01tVT00000926nJYAQ
BROWN,BROWN,01tVT00000927t3YAA
,BROWN,01tVT00000927xtYAA
WOOD,WOOD,01tVT0000092DOzYAM
,WOOD,01tVT0000092DQbYAM
NATURAL,NATURAL,01tVT0000092DjxYAE
,NATURAL,01tVT0000092DlZYAU
WHITE,WHITE,01tVT0000093iAbYAI
,WHITE,01tVT0000093iDpYAI
WHITE,WHITE,01tVT0000093iddYAA
,WHITE,01tVT0000093igrYAA
WHITE,WHITE,01tVT00000955BZYAY
WHITE,WHITE,01tVT00000955BaYAI
GREY,GREY,01tVT0000097mxBYAQ
,GREY,01tVT0000097n5FYAQ
,MULTIPLE,01tVT000009EvKbYAK
SILVER,SILVER,01tVT000009JavRYAS
,SILVER,01tVT000009JboHYAS
,GREY,01tVT000009JpT4YAK
SILVER,SILVER,01tVT000009NW0PYAW
,SILVER,01tVT000009NW5FYAW
SILVER,SILVER,01tVT000009NWzhYAG
,SILVER,01tVT000009NX4XYAW
,WOOD+CREAM,01tVT000009OBYDYA4
BROWN,BROWN,01tVT000009PtwzYAC
,BROWN,01tVT000009Ptx0YAC
,BLACK,01tVT000009RyhFYAS
SILVER,SILVER,01tVT000009SDJhYAO
,SILVER,01tVT000009SDMvYAO
WHITE MARBLE + GRAY,WHITE MARBLE + GRAY,01tVT000009SO73YAG
,WHITE MARBLE + GRAY,01tVT000009SO74YAG
BLACK,BLACK,01tVT000009SO8fYAG
,BLACK,01tVT000009SO8gYAG
BLACK,BLACK,01tVT000009U0YUYA0
,BLACK,01tVT000009U1ZNYA0
,WOOD,01tVT000009WVwLYAW
BLACK,BLACK,01tVT000009WW9FYAW
,BLACK,01tVT000009WWCTYA4
BLACK,BLACK,01tVT000009WWXRYA4
,BLACK,01tVT000009WWdtYAG
BLACK,BLACK,01tVT000009WWijYAG
,BLACK,01tVT000009WWqnYAG
BLACK,BLACK,01tVT000009Xn3BYAS
,BLACK,01tVT000009Xn81YAC
BLACK,BLACK,01tVT000009Xnj7YAC
,BLACK,01tVT000009XnpZYAS
BLACK,BLACK,01tVT000009XoTtYAK
,BLACK,01tVT000009XognYAC
BLACK,BLACK,01tVT000009XowvYAC
,BLACK,01tVT000009Xp09YAC
GREY DARK,GREY DARK,01tVT000009Xy6fYAC
,GREY DARK,01tVT000009Xy8HYAS
WOOD,WOOD,01tVT000009ZDtFYAW
,WOOD,01tVT000009ZDtGYAW
WOOD,WOOD,01tVT000009ZDurYAG
,WOOD,01tVT000009ZDusYAG
WOOD,WOOD,01tVT000009ZDzhYAG
,WOOD,01tVT000009ZDziYAG
BLACK,BLACK,01tVT000009arWrYAI
,BLACK,01tVT000009arWsYAI
,NATURAL+GREY,01tVT000009gsgLYAQ
,NATURAL+SILVER,01tVT000009gslBYAQ
MULTIPLE,MULTIPLE,01tVT000009kuoQYAQ
,MULTIPLE,01tVT000009kuoRYAQ
BLACK + BROWN,BLACK + BROWN,01tVT000009r0cdYAA
BLACK + BROWN,BLACK + BROWN,01tVT000009r2phYAA
,BLACK + BROWN,01tVT000009r2rJYAQ
,BLACK + BROWN,01tVT000009r30zYAA
BROWN,BROWN,01tVT000009riSMYAY
,BROWN,01tVT000009rjTFYAY
BLACK,BLACK,01tVT000009rlgMYAQ
,BLACK,01tVT000009rnJxYAI
BLACK,BLACK,01tVT000009rrnNYAQ
,BLACK,01tVT000009rrozYAA
BLACK,BLACK,01tVT000009rs9xYAA
,BLACK,01tVT000009rsBZYAY
GOLD,GOLD,01tVT000009txlSYAQ
,GOLD,01tVT000009u1p3YAA
BLACK,BLACK,01tVT000009u26nYAA
,BLACK,01tVT000009u28PYAQ
BLACK,BLACK,01tVT000009u4YPYAY
,BLACK,01tVT000009u4a1YAA
WOOD,WOOD,01tVT000009u4rlYAA
,WOOD,01tVT000009u4tNYAQ
GREY,GREY,01tVT000009u54fYAA
,GREY,01tVT000009u56HYAQ
WOOD,WOOD,01tVT000009u5JBYAY
,WOOD,01tVT000009u5MPYAY
KHAKI,KHAKI,01tVT000009u7EXYAY
,KHAKI,01tVT000009u7JNYAY
BLUE,BLUE,01tVT000009u8P8YAI
BROWN,BROWN,01tVT000009u9EjYAI
,BROWN,01tVT000009u9JZYAY
,BLUE,01tVT000009u9eXYAQ
,COLOR OPTIONS,01tVT000009u9jOYAQ
COLOR OPTIONS,COLOR OPTIONS,01tVT000009uASXYA2
GRAY,GRAY,01tVT000009uDQPYA2
,GRAY,01tVT000009uDS1YAM
WHITE,WHITE,01tVT000009uDi9YAE
,WHITE,01tVT000009uDjlYAE
,GRAY + GLASS + BLACK,01tVT000009uESwYAM
PINK + GLASS + NATURAL + BLACK,PINK + GLASS + NATURAL + BLACK,01tVT000009uEUXYA2
,PINK + GLASS + NATURAL + BLACK,01tVT000009uEW9YAM
STONE + BLACK + GRAY,STONE + BLACK + GRAY,01tVT000009uF41YAE
,STONE + BLACK + GRAY,01tVT000009uF7FYAU
GRAY + GLASS + BLACK,GRAY + GLASS + BLACK,01tVT000009uFLlYAM
WHITE,WHITE,01tVT000009uFbtYAE
,WHITE,01tVT000009uFdVYAU
GRAY,GRAY,01tVT000009uG89YAE
,GRAY,01tVT000009uGGDYA2
GRAY,GRAY,01tVT000009uGePYAU
,GRAY,01tVT000009uGjFYAU
LIGHT GRAY,LIGHT GRAY,01tVT000009uH4DYAU
,LIGHT GRAY,01tVT000009uH93YAE
RED,RED,01tVT000009uHozYAE
,RED,01tVT000009uHtpYAE
PINK + WHITE,PINK + WHITE,01tVT000009uorNYAQ
,PINK + WHITE,01tVT000009uoubYAA
GRAY + BLUE,GRAY + BLUE,01tVT000009upgzYAA
,GRAY + BLUE,01tVT000009upibYAA
WHITE + BLACK,WHITE + BLACK,01tVT000009v54DYAQ
,WHITE + BLACK,01tVT000009v5CHYAY
BLACK,BLACK,01tVT000009vxZGYAY
,RED,01tVT000009vzw2YAA
RED,RED,01tVT000009w0fCYAQ
BLACK,BLACK,01tVT000009w0iQYAQ
,BLACK,01tVT000009w11lYAA
,BLACK,01tVT000009w1eTYAQ
,RED,01tVT000009w1plYAA
RED,RED,01tVT000009w25tYAA
,WHITE,01tVT000009w2M3YAI
CREAM + BLACK,CREAM + BLACK,01tVT000009w3wPYAQ
,CREAM + BLACK,01tVT000009w3zdYAA
WHITE,WHITE,01tVT000009w4ajYAA
,WHITE,01tVT000009w4cLYAQ
CROMADO+BLACK,CROMADO+BLACK,01tVT000009w4ndYAA
WHITE,WHITE,01tVT000009w4pFYAQ
,WHITE,01tVT000009w4sTYAQ
,CROMADO+BLACK,01tVT000009w4xJYAQ
CROMADO+BLACK,CROMADO+BLACK,01tVT000009w55NYAQ
,CROMADO+BLACK,01tVT000009w56zYAA
WHITE,WHITE,01tVT000009w5BpYAI
WHITE + BLACK,WHITE + BLACK,01tVT000009w5VBYAY
,WHITE + BLACK,01tVT000009w5YPYAY
BLUE + WHITE,BLUE + WHITE,01tVT000009w5dFYAQ
,BLUE + WHITE,01tVT000009w5i5YAA
GRAY + WHITE,GRAY + WHITE,01tVT000009w5rlYAA
,GRAY + WHITE,01tVT000009w5tNYAQ
BLUE + WHITE,BLUE + WHITE,01tVT000009w61RYAQ
,BLUE + WHITE,01tVT000009w633YAA
WHITE,WHITE,01tVT000009w6HZYAY
,WHITE,01tVT000009w6JBYAY
WHITE+NATURAL,WHITE+NATURAL,01tVT000009whQnYAI
,WHITE+NATURAL,01tVT000009whQoYAI
WHITE,WHITE,01tVT000009xMDpYAM
,WHITE,01tVT000009xMDqYAM
,BLACK,01tVT00000A0XfnYAF
BLACK,BLACK,01tVT00000A0b1pYAB
BLACK,BLACK,01tVT00000A0bHxYAJ
,BLACK,01tVT00000A0bMnYAJ
,GREEN,01tVT00000A1FLqYAN
,YELLOW,01tVT00000A1FtiYAF
YELLOW,YELLOW,01tVT00000A1GkvYAF
BLACK,BLACK,01tVT00000A1GwDYAV
,BLACK,01tVT00000A1GxpYAF
GREEN,GREEN,01tVT00000A1I1xYAF
GREEN,GREEN,01tVT00000A2BknYAF
,GREEN,01tVT00000A2BmPYAV
,STAINLESS STEEL,01tVT00000A2Dt4YAF
GREEN,GREEN,01tVT00000A2F8UYAV
BLACK,BLACK,01tVT00000A2FwTYAV
,BLACK,01tVT00000A2Fy5YAF
,GREEN + BROWN,01tVT00000A2GcQYAV
GREEN,GREEN,01tVT00000A2GkTYAV
,GREEN,01tVT00000A2Gm5YAF
BLACK,BLACK,01tVT00000A2HBtYAN
,BLACK,01tVT00000A2HGjYAN
GREEN + BROWN,GREEN + BROWN,01tVT00000A2HYTYA3
,BLACK,01tVT00000A2Hv5YAF
BLACK,BLACK,01tVT00000A2I1VYAV
BLACK,BLACK,01tVT00000A2IJFYA3
STAINLESS STEEL,STAINLESS STEEL,01tVT00000A2IKsYAN
,GREEN,01tVT00000A2IPhYAN
,BLACK,01tVT00000A2IUXYA3
BLACK,BLACK,01tVT00000A2IfpYAF
STEEL + BLACK + RED,STEEL + BLACK + RED,01tVT00000A2IhRYAV
,BLACK,01tVT00000A2Ij3YAF
,STEEL + BLACK + RED,01tVT00000A2IkfYAF
BLACK + WOOD,BLACK + WOOD,01tVT00000A2IsjYAF
,BLACK + WOOD,01tVT00000A2IxZYAV
BLACK + WOOD,BLACK + WOOD,01tVT00000A2JAUYA3
,STAINLESS STEEL,01tVT00000A2JC5YAN
,BLACK + WOOD,01tVT00000A2JFJYA3
STAINLESS STEEL,STAINLESS STEEL,01tVT00000A2JQbYAN
STAINLESS STEEL,STAINLESS STEEL,01tVT00000A2JvFYAV
,STAINLESS STEEL,01tVT00000A2JwrYAF
STAINLESS STEEL,STAINLESS STEEL,01tVT00000A2KCzYAN
,STAINLESS STEEL,01tVT00000A2KEbYAN
WOOD + STAINLESS STEEL,WOOD + STAINLESS STEEL,01tVT00000A2KRVYA3
,WOOD + STAINLESS STEEL,01tVT00000A2KT7YAN
BLACK + STAINLESS STEEL,BLACK + STAINLESS STEEL,01tVT00000A2KrJYAV
,BLACK + STAINLESS STEEL,01tVT00000A2KsvYAF
,GREY DARK,01tVT00000A2xELYAZ
,BROWN,01tVT00000A2xFxYAJ
BLACK,BLACK,01tVT00000A2yiIYAR
,BLACK,01tVT00000A2yn7YAB
BLACK,BLACK,01tVT00000A2zpdYAB
,BLACK,01tVT00000A2zrFYAR
SILVER,SILVER,01tVT00000A30qXYAR
,SILVER,01tVT00000A30s9YAB
GRAY,GRAY,01tVT00000A32IsYAJ
GRAY,GRAY,01tVT00000A33zhYAB
,GRAY,01tVT00000A344XYAR
,GRAY,01tVT00000A34m5YAB
WHITE,WHITE,01tVT00000A5FqHYAV
,WHITE,01tVT00000A5FwjYAF
WHITE,WHITE,01tVT00000A5GeHYAV
,WHITE,01tVT00000A5GftYAF
WHITE,WHITE,01tVT00000A5GuPYAV
,WHITE,01tVT00000A5GzFYAV
WHITE,WHITE,01tVT00000A5H7JYAV
,WHITE,01tVT00000A5H8vYAF
,WHITE,01tVT00000A5z3WYAR
WHITE,WHITE,01tVT00000A5zEnYAJ
,WHITE,01tVT00000A5zI1YAJ
WHITE,WHITE,01tVT00000A5zTJYAZ
BLACK,BLACK,01tVT00000A60CTYAZ
,BLACK,01tVT00000A60HJYAZ
WHITE,WHITE,01tVT00000A60afYAB
,WHITE,01tVT00000A60cHYAR
CREAM,CREAM,01tVT00000A60sPYAR
,CREAM,01tVT00000A60vdYAB
BLACK,BLACK,01tVT00000A61YLYAZ
,BLACK,01tVT00000A61ZxYAJ
BLACK,BLACK,01tVT00000A61q5YAB
,BLACK,01tVT00000A61rhYAB
BLACK,BLACK,01tVT00000A627pYAB
,BLACK,01tVT00000A62CfYAJ
WHITE,WHITE,01tVT00000A62xRYAR
,WHITE,01tVT00000A630fYAB
WHITE,WHITE,01tVT00000A6r8jYAB
,WHITE,01tVT00000A6rDZYAZ
WHITE,WHITE,01tVT00000A6rgbYAB
,WHITE,01tVT00000A6rofYAB
MULTIPLE,MULTIPLE,01tVT00000A6ssoYAB
,MULTIPLE,01tVT00000A6tqTYAR
BROWN,BROWN,01tVT00000A7LQAYA3
,BROWN,01tVT00000A7LQBYA3
BLACK,BLACK,01tVT00000A7MSfYAN
,BLACK,01tVT00000A7MSgYAN
WHITE+NATURAL,WHITE+NATURAL,01tVT00000A7MajYAF
,WHITE+NATURAL,01tVT00000A7MakYAF
WHITE,WHITE,01tVT00000A7MfZYAV
,WHITE,01tVT00000A7MfaYAF
WHITE,WHITE,01tVT00000A7MhBYAV
,WHITE,01tVT00000A7MhCYAV
BLACK,BLACK,01tVT00000A7b3ZYAR
,BLACK,01tVT00000A7depYAB
,BLACK + WHITE,01tVT00000A7fAMYAZ
BLACK + WHITE,BLACK + WHITE,01tVT00000A7g1ZYAR
BLACK,BLACK,01tVT00000A7gMXYAZ
,BLACK,01tVT00000A7gO9YAJ
BLACK,BLACK,01tVT00000A7gPlYAJ
,BLACK,01tVT00000A7gfuYAB
,BLACK,01tVT00000A7grCYAR
BLACK,BLACK,01tVT00000A7gw1YAB
,BLACK,01tVT00000A7gxeYAB
BLACK,BLACK,01tVT00000A7gzFYAR
BLACK,BLACK,01tVT00000A7h7JYAR
,BLACK,01tVT00000A7h8vYAB
BLACK,BLACK,01tVT00000A7hGzYAJ
,BLACK,01tVT00000A7hLpYAJ
WHITE,WHITE,01tVT00000A7hNRYAZ
,WHITE,01tVT00000A7hSHYAZ
,BLACK,01tVT00000A7hSIYAZ
BLACK,BLACK,01tVT00000A7horYAB
BLACK,BLACK,01tVT00000A7iBRYAZ
,BLACK,01tVT00000A7iEfYAJ
BLACK,BLACK,01tVT00000A7ieTYAR
,BLACK,01tVT00000A7ijJYAR
BLACK,BLACK,01tVT00000A7ikvYAB
,BLACK,01tVT00000A7imXYAR
,BLACK,01tVT00000A7irOYAR
BLACK,BLACK,01tVT00000A7iszYAB
BLACK,BLACK,01tVT00000A7j97YAB
,BLACK,01tVT00000A7jCLYAZ
BLACK,BLACK,01tVT00000A7mVCYAZ
WHITE + BLACK,WHITE + BLACK,01tVT00000A7o8oYAB
BLACK,BLACK,01tVT00000A7oVNYAZ
,BLACK,01tVT00000A7oiHYAR
WHITE,WHITE,01tVT00000A7ovBYAR
,WHITE,01tVT00000A7p3FYAR
WHITE,WHITE,01tVT00000A7pBJYAZ
,WHITE,01tVT00000A7pG9YAJ
WHITE,WHITE,01tVT00000A7pODYAZ
,WHITE,01tVT00000A7pPpYAJ
BLACK,BLACK,01tVT00000A7pWHYAZ
,BLACK,01tVT00000A7pb7YAB
BLACK,BLACK,01tVT00000A7pknYAB
,BLACK,01tVT00000A7r6fYAB
,BLACK,01tVT00000A7rRdYAJ
BLACK,BLACK,01tVT00000A7sHFYAZ
,BLACK,01tVT00000A7sM5YAJ
BLACK,BLACK,01tVT00000A7sSXYAZ
,BLACK,01tVT00000A7sXNYAZ
BLACK,BLACK,01tVT00000A7scDYAR
,BLACK,01tVT00000A7sh3YAB
BLACK,BLACK,01tVT00000A7skHYAR
,BLACK,01tVT00000A7sqjYAB
BLACK + WHITE,BLACK + WHITE,01tVT00000A7t0PYAR
,BLACK + WHITE,01tVT00000A7t3dYAB
BLACK,BLACK,01tVT00000A7t8TYAR
,BLACK,01tVT00000A7tBhYAJ
,WHITE + BLACK,01tVT00000A7tObYAJ
BLACK,BLACK,01tVT00000A7tWfYAJ
,BLACK,01tVT00000A7tbVYAR
BLACK,BLACK,01tVT00000A7tlBYAR
,BLACK,01tVT00000A7tq1YAB
METAL,METAL,01tVT00000A7u4XYAR
,METAL,01tVT00000A7uCbYAJ
WHITE,WHITE,01tVT00000A7uKfYAJ
,WHITE,01tVT00000A7uPVYAZ
WHITE,WHITE,01tVT00000A7uULYAZ
,WHITE,01tVT00000A7uZBYAZ
,WHITE,01tVT00000A8TaAYAV
WHITE,WHITE,01tVT00000A8Vk1YAF
,WHITE,01tVT00000A8VorYAF
BLACK,BLACK,01tVT00000A8WBRYA3
,BLACK,01tVT00000A8WD3YAN
BLACK,BLACK,01tVT00000A8WRZYA3
,BLACK,01tVT00000A8WTBYA3
WHITE,WHITE,01tVT00000A8WY1YAN
BLUE,BLUE,01tVT00000AAZy2YAH
,BLUE,01tVT00000AAbbdYAD
WHITE,WHITE,01tVT00000AAbjhYAD
,WHITE,01tVT00000AAblJYAT
BLACK,BLACK,01tVT00000ABCWMYA5
WHITE,WHITE,01tVT00000ABCheYAH
WHITE,WHITE,01tVT00000ABDCHYA5
,WHITE,01tVT00000ABDKLYA5
WHITE,WHITE,01tVT00000ABDPBYA5
,WHITE,01tVT00000ABDU1YAP
,WHITE,01tVT00000ABDaTYAX
WHITE,WHITE,01tVT00000ABDnNYAX
,WHITE,01tVT00000ABDozYAH
WHITE,WHITE,01tVT00000ABE0HYAX
,BLACK,01tVT00000ABEI1YAP
WHITE,WHITE,01tVT00000ABERhYAP
,WHITE,01tVT00000ABEZlYAP
WHITE,WHITE,01tVT00000ABExxYAH
,WHITE,01tVT00000ABF2nYAH
WHITE,WHITE,01tVT00000ABFFhYAP
,WHITE,01tVT00000ABFIvYAP
WHITE,WHITE,01tVT00000ABFUDYA5
,WHITE,01tVT00000ABFagYAH
BLACK,BLACK,01tVT00000ABFkLYAX
,BLACK,01tVT00000ABFlxYAH
WHITE,WHITE,01tVT00000ABFyrYAH
,WHITE,01tVT00000ABG5JYAX
WHITE,WHITE,01tVT00000ABGA9YAP
,WHITE,01tVT00000ABGEzYAP
WHITE,WHITE,01tVT00000ABnxJYAT
,WHITE,01tVT00000ABnxKYAT
BLACK,BLACK,01tVT00000AC3CTYA1
,BLACK,01tVT00000AC3FhYAL
,WHITE,01tVT00000AC3NmYAL
WHITE,WHITE,01tVT00000AC3dtYAD
WHITE,WHITE,01tVT00000AC4V7YAL
,WHITE,01tVT00000AC4ZxYAL
WHITE,WHITE,01tVT00000ACHCDYA5
,WHITE,01tVT00000ACHH3YAP
BLACK,BLACK,01tVT00000ACtNxYAL
,BLACK,01tVT00000ACtSnYAL
WHITE,WHITE,01tVT00000ADGHJYA5
,WHITE,01tVT00000ADGHKYA5
GREY,GREY,01tVT00000ADGM9YAP
,GREY,01tVT00000ADGMAYA5
WOOD+CREAM,WOOD+CREAM,01tVT00000ADGNlYAP
,WOOD+CREAM,01tVT00000ADGNmYAP
BLACK + RED,BLACK + RED,01tVT00000ADhMMYA1
BLACK,BLACK,01tVT00000ADm5uYAD
BLACK,BLACK,01tVT00000ADmkDYAT
,BLACK,01tVT00000ADmp3YAD
BLACK,BLACK,01tVT00000ADnQ9YAL
,BLACK,01tVT00000ADnRlYAL
,BLACK + RED,01tVT00000ADnpxYAD
,WHITE + RED,01tVT00000ADnuoYAD
WHITE + RED,WHITE + RED,01tVT00000ADoSfYAL
,BLACK,01tVT00000ADoVtYAL
WHITE,WHITE,01tVT00000ADokPYAT
,WHITE,01tVT00000ADom1YAD
,BLACK,01tVT00000ADom2YAD
BLACK,BLACK,01tVT00000ADoqrYAD
WHITE + BLACK,WHITE + BLACK,01tVT00000ADp5NYAT
,WHITE + BLACK,01tVT00000ADpADYA1
MULTIPLE,MULTIPLE,01tVT00000ADqr3YAD
,MULTIPLE,01tVT00000ADqsfYAD
,BLACK,01tVT00000ADr8nYAD
,MULTIPLE,01tVT00000AFoMwYAL
MULTIPLE,MULTIPLE,01tVT00000AFqyDYAT
,MULTIPLE,01tVT00000AFr1RYAT
MULTIPLE,MULTIPLE,01tVT00000AFrB7YAL
STAINLESS STEEL,STAINLESS STEEL,01tVT00000ANmCfYAL
,STAINLESS STEEL,01tVT00000ANmJ7YAL
STAINLESS STEEL,STAINLESS STEEL,01tVT00000ANn5VYAT
,STAINLESS STEEL,01tVT00000ANn8jYAD
GRAY,GRAY,01tVT00000ANoUcYAL
GRAY,GRAY,01tVT00000ANpAXYA1
,GRAY,01tVT00000ANpDlYAL
PINK,PINK,01tVT00000ANpP3YAL
,PINK,01tVT00000ANpQfYAL
,GRAY,01tVT00000ANpwvYAD
BLACK,BLACK,01tVT00000ANq8DYAT
,BLACK,01tVT00000ANqEfYAL
WHITE,WHITE,01tVT00000ANqZdYAL
,WHITE,01tVT00000ANqhhYAD
,BROWN/GRAY,01tVT00000ANstBYAT
,WHITE,01tVT00000APlFhYAL
WHITE,WHITE,01tVT00000ARMZlYAP
WHITE,WHITE,01tVT00000ARMZmYAP
WHITE,WHITE,01tVT00000ARMbNYAX
,WHITE,01tVT00000ARMbOYAX
MULTIPLE,MULTIPLE,01tVT00000ARgv3YAD
,MULTIPLE,01tVT00000ARgv4YAD
,GREY,01tVT00000AkbgLYAR
MULTIPLE,MULTIPLE,01tVT00000Akju1YAB
,MULTIPLE,01tVT00000Akju2YAB
BEIGE,BEIGE,01tVT00000AlWzZYAV
,BEIGE,01tVT00000AlX2nYAF
WOOD+BLACK,WOOD+BLACK,01tVT00000AmHbtYAF
,WOOD+BLACK,01tVT00000AmHgjYAF
BLACK + WOOD,BLACK + WOOD,01tVT00000AmHonYAF
,BLACK + WOOD,01tVT00000AmHvFYAV
WOOD,WOOD,01tVT00000AmIEbYAN
,WOOD,01tVT00000AmIEcYAN
WOOD,WOOD,01tVT00000AmIePYAV
,WOOD,01tVT00000AmIg1YAF
WOOD+BLACK,WOOD+BLACK,01tVT00000AmIkrYAF
,WOOD+BLACK,01tVT00000AmIphYAF
WHITE+BLACK,WHITE+BLACK,01tVT00000AmJDtYAN
,WHITE+BLACK,01tVT00000AmJFVYA3
,WOOD + BLACK,01tVT00000AmJFWYA3
WHITE,WHITE,01tVT00000AmJKLYA3
,WHITE,01tVT00000AmJPBYA3
WOOD + BLACK,WOOD + BLACK,01tVT00000AmJsDYAV
WOOD,WOOD,01tVT00000AmK0HYAV
,WOOD,01tVT00000AmK57YAF
WOOD+BLACK,WOOD+BLACK,01tVT00000AmKWXYA3
,WOOD+BLACK,01tVT00000AmKbNYAV
,WOOD + BLACK,01tVT00000AmLvdYAF
WOOD + BLACK,WOOD + BLACK,01tVT00000AmMGbYAN
WOOD + BLACK,WOOD + BLACK,01tVT00000AmMdBYAV
,WOOD + BLACK,01tVT00000AmMgPYAV
WOOD + BLACK,WOOD + BLACK,01tVT00000AmMq6YAF
,WOOD + BLACK,01tVT00000AmMq7YAF
BLACK,BLACK,01tVT00000AmNxRYAV
,BLACK,01tVT00000AmO2HYAV
BLACK + WOOD,BLACK + WOOD,01tVT00000AmOVKYA3
,BLACK + WOOD,01tVT00000AmOVLYA3
WOOD + BLACK,WOOD + BLACK,01tVT00000AmOiEYAV
,WOOD + BLACK,01tVT00000AmOiFYAV
MULTIPLE,MULTIPLE,01tVT00000AmPHhYAN
,MULTIPLE,01tVT00000AmPHiYAN
WOOD,WOOD,01tVT00000AmPJJYA3
,WOOD,01tVT00000AmPJKYA3
BROWN,BROWN,01tVT00000AmPO9YAN
WOOD,WOOD,01tVT00000AmPPlYAN
,WOOD,01tVT00000AmPPmYAN
WHITE,WHITE,01tVT00000AmPRNYA3
,WHITE,01tVT00000AmPROYA3
,BROWN,01tVT00000AmPSzYAN
WOOD + BLACK,WOOD + BLACK,01tVT00000AmPUbYAN
,WOOD + BLACK,01tVT00000AmPUcYAN
,WHITE,01tVT00000ApJyvYAF
,NATURAL+BLACK,01tVT00000Aq65BYAR
,NATURAL,01tVT00000Aq66nYAB
,CHOCOLATE,01tVT00000Aq6BdYAJ
,GREY,01tVT00000Aqv1HYAR
,GREY,01tVT00000AqvxKYAR
GREY,GREY,01tVT00000AqwdFYAR
GREY,GREY,01tVT00000AqwzpYAB
GREY,GREY,01tVT00000AqxPdYAJ
,GREY,01tVT00000AqxRFYAZ
BLACK,BLACK,01tVT00000Aqxe9YAB
,BLACK,01tVT00000AqxhNYAR
WOOD+BLACK,WOOD+BLACK,01tVT00000ArfNRYAZ
,WOOD+BLACK,01tVT00000ArfQfYAJ
WOOD+BLACK,WOOD+BLACK,01tVT00000ArfX7YAJ
,WOOD+BLACK,01tVT00000ArfYjYAJ
WOOD+BLACK,WOOD+BLACK,01tVT00000Arfs5YAB
,WOOD+BLACK,01tVT00000ArfthYAB
BLACK,BLACK,01tVT00000ArghhYAB
,BLACK,01tVT00000ArgjJYAR
,BLUE OR YELLOW,01tVT00000AtX8rYAF
BLACK,BLACK,01tVT00000AtZkAYAV
WHITE + WOOD,WHITE + WOOD,01tVT00000Atdr2YAB
,WHITE + WOOD,01tVT00000AtdxSYAR
WOOD+BLACK,WOOD+BLACK,01tVT00000Atev8YAB
,WOOD+BLACK,01tVT00000Atf9dYAB
WOOD,WOOD,01tVT00000AtfBFYAZ
,WOOD,01tVT00000AtfCrYAJ
GREY,GREY,01tVT00000AtfKvYAJ
,GREY,01tVT00000AtfPlYAJ
,BLACK,01tVT00000Atfw1YAB
GREY,GREY,01tVT00000Atg45YAB
,GREY,01tVT00000Atg8vYAB
,BROWN+GREY+BLACK,01tVT00000Ath6cYAB
WHITE,WHITE,01tVT00000AthGHYAZ
,WHITE,01tVT00000AthHtYAJ
RED+WHITE+STAINLESS STEEL,RED+WHITE+STAINLESS STEEL,01tVT00000AthTBYAZ
,RED+WHITE+STAINLESS STEEL,01tVT00000AthUnYAJ
BROWN+GREY+BLACK,BROWN+GREY+BLACK,01tVT00000AtheTYAR
BLACK+WOOD,BLACK+WOOD,01tVT00000AthszYAB
,BLACK+WOOD,01tVT00000AthxpYAB
WHITE+GREEN,WHITE+GREEN,01tVT00000AtiCLYAZ
,WHITE+GREEN,01tVT00000AtiHBYAZ
BROWN,BROWN,01tVT00000AtiVhYAJ
,BROWN,01tVT00000Atic9YAB
,WOOD + BLACK,01tVT00000AuLf9YAF
WHITE+BLACK,WHITE+BLACK,01tVT00000AuNNaYAN
,WOOD + BLACK,01tVT00000AuOQ6YAN
WOOD,WOOD,01tVT00000AuPVpYAN
,WOOD,01tVT00000AuPXRYA3
WOOD + BLACK,WOOD + BLACK,01tVT00000AuPlxYAF
,WOOD + BLACK,01tVT00000AuPnZYAV
,WHITE+BLACK,01tVT00000AuPsPYAV
WOOD + BLACK,WOOD + BLACK,01tVT00000AuQ6vYAF
CREAM+BROWN,CREAM+BROWN,01tVT00000AuQA9YAN
,CREAM+BROWN,01tVT00000AuQBlYAN
WHITE,WHITE,01tVT00000AuQJpYAN
,WHITE,01tVT00000AuQN3YAN
WOOD + BLACK,WOOD + BLACK,01tVT00000AuQOfYAN
BROWN+BLACK,BROWN+BLACK,01tVT00000AuQWjYAN
BROWN+BLACK,BROWN+BLACK,01tVT00000AuQi1YAF
,BROWN+BLACK,01tVT00000AuQjdYAF
BROWN+BLACK,BROWN+BLACK,01tVT00000AuQzlYAF
,BROWN+BLACK,01tVT00000AuR4bYAF
,WOOD+WHITE,01tVT00000AuRB4YAN
WOOD,WOOD,01tVT00000AuRUPYA3
,WOOD,01tVT00000AuRW1YAN
CREAM+BLACK,CREAM+BLACK,01tVT00000AuRhJYAV
,CREAM+BLACK,01tVT00000AuRm9YAF
WOOD+WHITE,WOOD+WHITE,01tVT00000AuRvpYAF
BLACK+WOOD,BLACK+WOOD,01tVT00000AuS5VYAV
,BLACK+WOOD,01tVT00000AuS77YAF
,WHITE/BLACK/GOLD/SILVER,01tVT00000AxVWfYAN
,BLACK,01tVT00000AyupaYAB
BLACK+BROWN,BLACK+BROWN,01tVT00000AzAb0YAF
BLACK,BLACK,01tVT00000AzB8rYAF
,BLACK,01tVT00000AzBDhYAN
BLACK,BLACK,01tVT00000AzBQbYAN
,BLACK,01tVT00000AzBVRYA3
WHITE,WHITE,01tVT00000AzC06YAF
,BLACK,01tVT00000AzC1hYAF
PINK,PINK,01tVT00000AzC3JYAV
,BLACK,01tVT00000AzC89YAF
,PINK,01tVT00000AzC9lYAF
,BLACK+BROWN,01tVT00000AzCuXYAV
BLACK+BROWN,BLACK+BROWN,01tVT00000AzDFVYA3
,BLACK+BROWN,01tVT00000AzDH7YAN
BLACK+BROWN,BLACK+BROWN,01tVT00000AzDPBYA3
,BLACK+BROWN,01tVT00000AzDQnYAN
BLACK,BLACK,01tVT00000AzDc5YAF
,WHITE,01tVT00000AzDtpYAF
GRAY,GRAY,01tVT00000AzukIYAR
,GRAY,01tVT00000Azw4XYAR
BLACK + WHITE,BLACK + WHITE,01tVT00000Azwm5YAB
,BLACK + WHITE,01tVT00000AzwnhYAB
WHITE,WHITE,01tVT00000Azx0bYAB
,WHITE,01tVT00000Azx5RYAR
BLUE,BLUE,01tVT00000AzxobYAB
,BLUE,01tVT00000AzxtRYAR
WOOD + GRAY,WOOD + GRAY,01tVT00000AzxwgYAB
WHITE + BLUE,WHITE + BLUE,01tVT00000Azy7xYAB
,WHITE + BLUE,01tVT00000AzyBBYAZ
WOOD + GRAY,WOOD + GRAY,01tVT00000AzyuLYAR
,WOOD + GRAY,01tVT00000AzyvxYAB
,WOOD + GRAY,01tVT00000AzznBYAR
WOOD + GRAY,WOOD + GRAY,01tVT00000B0005YAB
,WOOD + GRAY,01tVT00000B001hYAB
WOOD,WOOD,01tVT00000B00MfYAJ
,WOOD,01tVT00000B00PtYAJ
WOOD,WOOD,01tVT00000B01H8YAJ
,WOOD,01tVT00000B02xyYAB
WOOD,WOOD,01tVT00000B031CYAR
WOOD,WOOD,01tVT00000B03FiYAJ
WOOD+WHITE,WOOD+WHITE,01tVT00000B03kLYAR
,WOOD+WHITE,01tVT00000B040TYAR
,WOOD,01tVT00000B04GbYAJ
WOOD+WHITE,WOOD+WHITE,01tVT00000B04IDYAZ
,WOOD+WHITE,01tVT00000B04N3YAJ
GREY,GREY,01tVT00000B04YLYAZ
,GREY,01tVT00000B04ZxYAJ
,WOOD,01tVT00000B04baYAB
WOOD,WOOD,01tVT00000B04enYAB
,WOOD,01tVT00000B04gPYAR
,WOOD,01tVT00000B05e5YAB
WOOD,WOOD,01tVT00000B05m9YAB
WOOD,WOOD,01tVT00000B05sbYAB
,WOOD,01tVT00000B05uDYAR
WOOD + WHITE,WOOD + WHITE,01tVT00000B06IPYAZ
,WOOD + WHITE,01tVT00000B06K1YAJ
,WOOD,01tVT00000B0jLPYAZ
WOOD,WOOD,01tVT00000B0jlBYAR
,WOOD,01tVT00000B0jq1YAB
WOOD,WOOD,01tVT00000B0kCbYAJ
,WOOD,01tVT00000B0kFpYAJ
WOOD,WOOD,01tVT00000B0kMHYAZ
,BROWN,01tVT00000B0ke2YAB
,BLACK,01tVT00000B0kffYAB
WOOD,WOOD,01tVT00000B0kkTYAR
,WOOD,01tVT00000B0km5YAB
,WOOD,01tVT00000B0kxOYAR
WOOD,WOOD,01tVT00000B0lS1YAJ
,WOOD,01tVT00000B0lTdYAJ
WOOD,WOOD,01tVT00000B0lgXYAR
BLACK,BLACK,01tVT00000B0mCnYAJ
BLACK,BLACK,01tVT00000B0mHdYAJ
,BLACK,01tVT00000B0mMTYAZ
BLACK,BLACK,01tVT00000B0mW9YAJ
,BLACK,01tVT00000B0mZNYAZ
BLACK,BLACK,01tVT00000B0mfpYAB
,BLACK,01tVT00000B0mhRYAR
BLACK,BLACK,01tVT00000B0mr7YAB
,BLACK,01tVT00000B0msjYAB
BLACK,BLACK,01tVT00000B0n0nYAB
,BLACK,01tVT00000B0n2PYAR
GREY,GREY,01tVT00000B0o6XYAR
,GREY,01tVT00000B0o89YAB
CREAM,CREAM,01tVT00000B0oGEYAZ
LIGHT GREY,LIGHT GREY,01tVT00000B0oXxYAJ
,LIGHT GREY,01tVT00000B0oZZYAZ
BROWN,BROWN,01tVT00000B0ow9YAB
BLACK,BLACK,01tVT00000B0p7RYAR
,BLACK,01tVT00000B0pAfYAJ
,CREAM,01tVT00000B0pIjYAJ
LIGHT BROWN,LIGHT BROWN,01tVT00000B0pU1YAJ
,LIGHT BROWN,01tVT00000B0pVdYAJ
GREY,GREY,01tVT00000B0pdhYAB
,GREY,01tVT00000B0piXYAR
CREAM,CREAM,01tVT00000B0ptpYAB
,CREAM,01tVT00000B0pyfYAB
,DARK BLUE,01tVT00000B0thKYAR
BROWN,BROWN,01tVT00000B0uByYAJ
WHITE,WHITE,01tVT00000B0vSzYAJ
,WHITE,01tVT00000B0vUbYAJ
WHITE,WHITE,01tVT00000B0vcfYAB
,WHITE,01tVT00000B0veHYAR
BROWN,BROWN,01tVT00000B0vw1YAB
,BROWN,01tVT00000B0vxdYAB
,BROWN,01tVT00000B0wKDYAZ
DARK BLUE,DARK BLUE,01tVT00000B0wbxYAB
DARK GREY,DARK GREY,01tVT00000B0xo9YAB
,DARK GREY,01tVT00000B0xplYAB
DARK GREY,DARK GREY,01tVT00000B0xzRYAR
,DARK GREY,01tVT00000B0y13YAB
WHITE,WHITE,01tVT00000B2iWTYAZ
,WHITE,01tVT00000B2iWUYAZ
BLACK,BLACK,01tVT00000B4rIjYAJ
,BLACK,01tVT00000B4rKLYAZ
BLACK,BLACK,01tVT00000B4rSPYAZ
,BLACK,01tVT00000B4rXFYAZ
BLACK,BLACK,01tVT00000B4rfJYAR
,BLACK,01tVT00000B4rgvYAB
BROWN,BROWN,01tVT00000B4uF0YAJ
,BROWN,01tVT00000B4uOfYAJ
BLACK,BLACK,01tVT00000B5myXYAR
,BLACK,01tVT00000B5n09YAB
BEIGE OR BLACK,BEIGE OR BLACK,01tVT00000BBLScYAP
,BEIGE OR BLACK,01tVT00000BBMjdYAH
,BLACK + YELLOW OR RED,01tVT00000BBNUQYA5
,BLACK + YELLOW OR RED,01tVT00000BBOqIYAX
BLACK + YELLOW OR RED,BLACK + YELLOW OR RED,01tVT00000BBPO9YAP
BLACK + YELLOW OR RED,BLACK + YELLOW OR RED,01tVT00000BBPeHYAX
,WOOD,01tVT00000BG8RWYA1
,WHITE,01tVT00000BG9VdYAL
,WHITE,01tVT00000BIjMvYAL
WHITE,WHITE,01tVT00000BIjbRYAT
,WHITE,01tVT00000BIjbSYAT
,WHITE,01tVT00000BIjgHYAT
,WHITE,01tVT00000BIjzdYAD
,WHITE,01tVT00000BO2iIYAT
,NATURAL,01tVT00000BO5JaYAL
BLACK,BLACK,01tVT00000BO8R7YAL
,BLACK,01tVT00000BO8R8YAL
WHITE,WHITE,01tVT00000BO973YAD
BLACK,BLACK,01tVT00000BO9JxYAL
,BLACK,01tVT00000BO9OnYAL
WARM GREY,WARM GREY,01tVT00000BO9TdYAL
,WARM GREY,01tVT00000BO9WrYAL
NATURAL,NATURAL,01tVT00000BO9i9YAD
WARM GREY,WARM GREY,01tVT00000BOWA5YAP
,WARM GREY,01tVT00000BOWA6YAP
,WHITE,01tVT00000BOWwTYAX
WHITE,WHITE,01tVT00000BOX4XYAX
,WHITE,01tVT00000BOX4YYAX
WHITE,WHITE,01tVT00000BOXJ3YAP
,WHITE,01tVT00000BOXNtYAP
BLACK,BLACK,01tVT00000BS8NmYAL
,BLACK,01tVT00000BS8dpYAD
BLACK,BLACK,01tVT00000BUDhRYAX
,BLACK,01tVT00000BUDhSYAX
,RED/BLUE,01tVT00000BUkiFYAT
RED/BLUE,RED/BLUE,01tVT00000BUqXVYA1
RED/BLUE,RED/BLUE,01tVT00000BUqhBYAT
,RED/BLUE,01tVT00000BUqinYAD
MULTIPLE,MULTIPLE,01tVT00000BVVkMYAX
,MULTIPLE,01tVT00000BVVyrYAH
BLACK,BLACK,01tVT00000BXfqrYAD
,BLACK,01tVT00000BXfsTYAT
BLACK,BLACK,01tVT00000BXriLYAT
,BLACK,01tVT00000BXrjxYAD
BLACK,BLACK,01tVT00000BY9SLYA1
,BLACK,01tVT00000BY9SMYA1
,MULTIPLE,01tVT00000BYjIwYAL
BROWN,BROWN,01tVT00000BYk25YAD
,BROWN,01tVT00000BYk3hYAD
MULTIPLE,MULTIPLE,01tVT00000BYlW1YAL
,MULTIPLE,01tVT00000BYlarYAD
BLACK,BLACK,01tVT00000BYlivYAD
,BLACK,01tVT00000BYlkXYAT
MULTIPLE,MULTIPLE,01tVT00000BYmVJYA1
,MULTIPLE,01tVT00000BYmWvYAL
MULTIPLE,MULTIPLE,01tVT00000BYmn3YAD
,MULTIPLE,01tVT00000BYmofYAD
MULTIPLE,MULTIPLE,01tVT00000BYnRNYA1
,MULTIPLE,01tVT00000BYnSzYAL
MULTIPLE,MULTIPLE,01tVT00000BYneHYAT
WHITE,WHITE,01tVT00000BZg7hYAD
,WHITE,01tVT00000BZgE9YAL
,BLUE,01tVT00000BaM5JYAV
NATURAL,NATURAL,01tVT00000BaN1NYAV
,NATURAL,01tVT00000BaN6DYAV
BLACK,BLACK,01tVT00000BaTBeYAN
,WHITE,01tVT00000BaUFmYAN
MULTIPLE,MULTIPLE,01tVT00000BaVIHYA3
,MULTIPLE,01tVT00000BaVJtYAN
MULTIPLE,MULTIPLE,01tVT00000BaVdFYAV
,MULTIPLE,01tVT00000BaVgTYAV
,BLACK,01tVT00000BaWXhYAN
WHITE,WHITE,01tVT00000BaZCDYA3
NATURAL,NATURAL,01tVT00000BbCiEYAV
NATURAL,NATURAL,01tVT00000BbETtYAN
,NATURAL,01tVT00000BbEVVYA3
GREY,GREY,01tVT00000BbEgnYAF
,GREY,01tVT00000BbEiPYAV
,NATURAL,01tVT00000BbEs5YAF
NATURAL,NATURAL,01tVT00000BbF3NYAV
,NATURAL,01tVT00000BbF8DYAV
WOOD+BLACK,WOOD+BLACK,01tVT00000BeAQXYA3
,WOOD+BLACK,01tVT00000BeAYbYAN
BLACK + GREY,BLACK + GREY,01tVT00000BeAgfYAF
,BLACK + GREY,01tVT00000BeAiHYAV
BLACK,BLACK,01tVT00000BeB9hYAF
,BLACK,01tVT00000BeBCvYAN
WOOD,WOOD,01tVT00000BeBJXYA3
MULTIPLE,MULTIPLE,01tVT00000BeBUgYAN
MULTIPLE,MULTIPLE,01tVT00000BeBfyYAF
,WOOD,01tVT00000BeBo1YAF
WOOD,WOOD,01tVT00000BeDGLYA3
,WOOD,01tVT00000BeDJZYA3
MULTIPLE,MULTIPLE,01tVT00000BeDUrYAN
,MULTIPLE,01tVT00000BeDZhYAN
,MULTIPLE,01tVT00000BeDkzYAF
WHITE,WHITE,01tVT00000BeEKTYA3
,WHITE,01tVT00000BeEPJYA3
MULTIPLE,MULTIPLE,01tVT00000BeEYzYAN
,MULTIPLE,01tVT00000BeEcDYAV
MULTIPLE,MULTIPLE,01tVT00000BeFI9YAN
,MULTIPLE,01tVT00000BeFJlYAN
,MULTIPLE,01tVT00000BeFRpYAN
MULTIPLE,MULTIPLE,01tVT00000BeFhxYAF
,MULTIPLE,01tVT00000BeFmnYAF
MULTIPLE,MULTIPLE,01tVT00000BeFrdYAF
,MULTIPLE,01tVT00000BeFtFYAV
MULTIPLE,MULTIPLE,01tVT00000BeFwTYAV
,MULTIPLE,01tVT00000BeFy5YAF
MULTIPLE,MULTIPLE,01tVT00000BeG7lYAF
,MULTIPLE,01tVT00000BeG9NYAV
MULTIPLE,MULTIPLE,01tVT00000BeGe1YAF
,MULTIPLE,01tVT00000BeGirYAF
MULTIPLE,MULTIPLE,01tVT00000BeGsXYAV
,MULTIPLE,01tVT00000BeGu9YAF
BLACK + BROWN,BLACK + BROWN,01tVT00000BeKbBYAV
,BLACK + BROWN,01tVT00000BeKg1YAF
BLACK + BROWN,BLACK + BROWN,01tVT00000BeKo5YAF
,BLACK + BROWN,01tVT00000BeKsvYAF
BLACK,BLACK,01tVT00000BeL2bYAF
,BLACK,01tVT00000BeL7RYAV
BLACK,BLACK,01tVT00000BeLFVYA3
,BLACK,01tVT00000BeLH7YAN
BLACK,BLACK,01tVT00000BeLQnYAN
,BLACK,01tVT00000BeLU1YAN
WOOD,WOOD,01tVT00000BeMbOYAV
WOOD,WOOD,01tVT00000BeNIvYAN
,WOOD,01tVT00000BeNNlYAN
,WOOD,01tVT00000BeNkLYAV
MULTIPLE,MULTIPLE,01tVT00000Bf6CnYAJ
,MULTIPLE,01tVT00000Bf6EPYAZ
WOOD + WHITE,WOOD + WHITE,01tVT00000Bf6ntYAB
,WOOD + WHITE,01tVT00000Bf6pVYAR
,WOOD + WHITE,01tVT00000Bf7IYYAZ
WOOD + ORANGE,WOOD + ORANGE,01tVT00000Bf7LlYAJ
,WOOD + ORANGE,01tVT00000Bf7NNYAZ
BLACK OR WHITE,BLACK OR WHITE,01tVT00000Bf7VRYAZ
,BLACK OR WHITE,01tVT00000Bf7gjYAB
WOOD + WHITE,WOOD + WHITE,01tVT00000Bf7qPYAR
GREEN,GREEN,01tVT00000BfA1tYAF
,GREEN,01tVT00000BfA3VYAV
MULTIPLE,MULTIPLE,01tVT00000BfA8MYAV
MULTIPLE,MULTIPLE,01tVT00000BfCmrYAF
,MULTIPLE,01tVT00000BfCq5YAF
MULTIPLE,MULTIPLE,01tVT00000BfD6DYAV
,MULTIPLE,01tVT00000BfD7pYAF
BLACK,BLACK,01tVT00000BfDUPYA3
,BLACK,01tVT00000BfDXdYAN
MULTIPLE,MULTIPLE,01tVT00000BfDvpYAF
,MULTIPLE,01tVT00000BfDxRYAV
BLACK,BLACK,01tVT00000BfE2HYAV
,BLACK,01tVT00000BfE3tYAF
MULTIPLE,MULTIPLE,01tVT00000BfEALYA3
,MULTIPLE,01tVT00000BfEBxYAN
MULTIPLE,MULTIPLE,01tVT00000BfEQTYA3
,MULTIPLE,01tVT00000BfEThYAN
GREEN,GREEN,01tVT00000BfEqHYAV
,GREEN,01tVT00000BfErtYAF
,MULTIPLE,01tVT00000BfFHhYAN
BLACK,BLACK,01tVT00000BfHTBYA3
,BLACK,01tVT00000BfHUnYAN
BLACK,BLACK,01tVT00000BfI4HYAV
,BLACK,01tVT00000BfI5tYAF
MULTIPLE,MULTIPLE,01tVT00000BfscQYAR
MULTIPLE,MULTIPLE,01tVT00000BftzuYAB
MULTIPLE,MULTIPLE,01tVT00000BfueEYAR
,MULTIPLE,01tVT00000BfwJRYAZ
MULTIPLE,MULTIPLE,01tVT00000BfwPtYAJ
,MULTIPLE,01tVT00000BfwRVYAZ
,MULTIPLE,01tVT00000BfwXxYAJ
,MULTIPLE,01tVT00000BfwcnYAB
BLACK,BLACK,01tVT00000BfxPBYAZ
,BLACK,01tVT00000BfxU1YAJ
BROWN,BROWN,01tVT00000BfxqbYAB
,BROWN,01tVT00000BfxsDYAR
GREY,GREY,01tVT00000Bfz61YAB
,GREY,01tVT00000Bfz7dYAB
GREY,GREY,01tVT00000Bg06vYAB
,GREY,01tVT00000Bg0A9YAJ
MULTIPLE,MULTIPLE,01tVT00000Bg0enYAB
,MULTIPLE,01tVT00000Bg0gPYAR
MULTIPLE,MULTIPLE,01tVT00000Bg2VKYAZ
CREAM+BLACK,CREAM+BLACK,01tVT00000Bg2YYYAZ
,MULTIPLE,01tVT00000Bg3G5YAJ
,CREAM+BLACK,01tVT00000Bg3w1YAB
CREAM+BLACK,CREAM+BLACK,01tVT00000Bg4DlYAJ
,CREAM+BLACK,01tVT00000Bg4FNYAZ
BROWN,BROWN,01tVT00000Bg509YAB
,BROWN,01tVT00000Bg53NYAR
WHITE+WOOD,WHITE+WOOD,01tVT00000Bg5bFYAR
,WHITE+WOOD,01tVT00000Bg5g5YAB
,BLACK+WOOD,01tVT00000Bg5pmYAB
BLACK+WOOD,BLACK+WOOD,01tVT00000Bg70LYAR
CREAM+WOOD,CREAM+WOOD,01tVT00000Bg7OXYAZ
,CREAM+WOOD,01tVT00000Bg7UzYAJ
GRAY+WOOD,GRAY+WOOD,01tVT00000Bg7mjYAB
,GRAY+WOOD,01tVT00000Bg7rZYAR
BLACK,BLACK,01tVT00000Bg81FYAR
,BLACK,01tVT00000Bg84TYAR
BROWN+WOOD,BROWN+WOOD,01tVT00000Bg8HNYAZ
,BROWN+WOOD,01tVT00000Bg8IzYAJ
CREAM,CREAM,01tVT00000Bg9F3YAJ
,CREAM,01tVT00000Bg9GfYAJ
,CREAM,01tVT00000BgA7uYAF
CREAM,CREAM,01tVT00000BgAELYA3
,CREAM,01tVT00000BgAJBYA3
CREAM,CREAM,01tVT00000BgAUTYA3
CREAM,CREAM,01tVT00000BgAcXYAV
,CREAM,01tVT00000BgAflYAF
GREY,GREY,01tVT00000BgAr3YAF
,GREY,01tVT00000BgAsfYAF
COLOR OPTIONS,COLOR OPTIONS,01tVT00000BgI5RYAV
,COLOR OPTIONS,01tVT00000BgITdYAN
COLOR OPTIONS,COLOR OPTIONS,01tVT00000BgImzYAF
,COLOR OPTIONS,01tVT00000BgIrpYAF
COLOR OPTIONS,COLOR OPTIONS,01tVT00000BgJHdYAN
,COLOR OPTIONS,01tVT00000BgJMTYA3
COLOR OPTIONS,COLOR OPTIONS,01tVT00000Bgsk2YAB
,COLOR OPTIONS,01tVT00000BgtWPYAZ
COLOR OPTIONS,COLOR OPTIONS,01tVT00000BguibYAB
WOOD+DARK GREY,WOOD+DARK GREY,01tVT00000BgulpYAB
,COLOR OPTIONS,01tVT00000BgunRYAR
,WOOD+DARK GREY,01tVT00000Bgup3YAB
COLOR OPTIONS,COLOR OPTIONS,01tVT00000Bgv0LYAR
,COLOR OPTIONS,01tVT00000Bgv5BYAR
BLACK+BROWN,BLACK+BROWN,01tVT00000BgvA1YAJ
,BLACK+BROWN,01tVT00000BgvDFYAZ
WOOD+WHITE,WOOD+WHITE,01tVT00000BgvZpYAJ
,WOOD+WHITE,01tVT00000BgvbRYAR
GREY,GREY,01tVT00000BgvtBYAR
,GREY,01tVT00000BgvunYAB
COLOR OPTIONS,COLOR OPTIONS,01tVT00000Bgwu5YAB
,COLOR OPTIONS,01tVT00000BgwyvYAB
MULTIPLE,MULTIPLE,01tVT00000Biy5OYAR
MULTIPLE,MULTIPLE,01tVT00000Bj1jBYAR
,MULTIPLE,01tVT00000Bj1o1YAB
MULTIPLE,MULTIPLE,01tVT00000Bj25lYAB
,MULTIPLE,01tVT00000Bj2AbYAJ
,MULTIPLE,01tVT00000Bj2nJYAR
WHITE,WHITE,01tVT00000Bj5ekYAB
,WHITE,01tVT00000Bj6xNYAR
WHITE,WHITE,01tVT00000Bj7ILYAZ
,WHITE,01tVT00000Bj7JxYAJ
BROWN,BROWN,01tVT00000Bj7OnYAJ
,BROWN,01tVT00000Bj7TdYAJ
WHITE+BROWN,WHITE+BROWN,01tVT00000Bj7mzYAB
,WHITE+BROWN,01tVT00000Bj7rpYAB
WHITE,WHITE,01tVT00000Bj7ztYAB
,WHITE,01tVT00000Bj837YAB
WHITE + WOOD,WHITE + WOOD,01tVT00000BjoITYAZ
,WHITE + WOOD,01tVT00000BjoLhYAJ
MULTIPLE,MULTIPLE,01tVT00000BjrWTYAZ
,MULTIPLE,01tVT00000BjrY5YAJ
WHITE + WOOD,WHITE + WOOD,01tVT00000BjttFYAR
,WHITE + WOOD,01tVT00000BjtzhYAB
WOOD,WOOD,01tVT00000Bjv5SYAR
,WOOD,01tVT00000BjvNBYAZ
,BLACK + WHITE,01tVT00000BjyheYAB
BLACK + WHITE,BLACK + WHITE,01tVT00000BjzdhYAB
MULTIPLE,MULTIPLE,01tVT00000Bjzx3YAB
,MULTIPLE,01tVT00000BjzyfYAB
WOOD,WOOD,01tVT00000Bk0oHYAR
,WOOD,01tVT00000Bk0t7YAB
WOOD,WOOD,01tVT00000Bk1HJYAZ
,WOOD,01tVT00000Bk1KXYAZ
MULTIPLE,MULTIPLE,01tVT00000BkamvYAB
,MULTIPLE,01tVT00000BkaoXYAR
,SILVER,01tVT00000BkbUUYAZ
SILVER,SILVER,01tVT00000BkbpRYAR
,MULTIPLE,01tVT00000BkdZWYAZ
,COLOR OPTIONS,01tVT00000BkdssYAB
MULTIPLE,MULTIPLE,01tVT00000BkeLtYAJ
COLOR OPTIONS,COLOR OPTIONS,01tVT00000BkeTxYAJ
,COLOR OPTIONS,01tVT00000Bkek5YAB
COLOR OPTIONS,COLOR OPTIONS,01tVT00000BkgAnYAJ
,COLOR OPTIONS,01tVT00000BkgCPYAZ
COLOR OPTIONS,COLOR OPTIONS,01tVT00000BkgdpYAB
,BLACK,01tVT00000BkiMIYAZ
,COLOR OPTIONS,01tVT00000BkiXaYAJ
BLACK,BLACK,01tVT00000Bkim6YAB
WOOD,WOOD,01tVT00000Bkk37YAB
,WOOD,01tVT00000Bkk9ZYAR
BLACK + WOOD,BLACK + WOOD,01tVT00000BkkRJYAZ
,BLACK + WOOD,01tVT00000BkkUXYAZ
BLACK + WOOD,BLACK + WOOD,01tVT00000BkkmHYAR
,BLACK + WOOD,01tVT00000BkkntYAB
WHITE,WHITE,01tVT00000Bkkr8YAB
WOOD,WOOD,01tVT00000Bkl8rYAB
BLACK,BLACK,01tVT00000BklAUYAZ
,WOOD,01tVT00000BklC5YAJ
,WOOD,01tVT00000BklFKYAZ
BLACK,BLACK,01tVT00000BklTpYAJ
,BLACK,01tVT00000BklVRYAZ
WOOD,WOOD,01tVT00000Bkm1hYAB
COLOR OPTIONS,COLOR OPTIONS,01tVT00000BkmRVYAZ
,COLOR OPTIONS,01tVT00000BkmT7YAJ
,WHITE,01tVT00000BkmXxYAJ
COLOR OPTIONS,COLOR OPTIONS,01tVT00000BkmphYAB
,COLOR OPTIONS,01tVT00000BkmrJYAR
,BLACK,01tVT00000BkmxlYAB
COLOR OPTIONS,COLOR OPTIONS,01tVT00000BknAfYAJ
,COLOR OPTIONS,01tVT00000BknDtYAJ
COLOR OPTIONS,COLOR OPTIONS,01tVT00000BknKLYAZ
WHITE,WHITE,01tVT00000BmMcbYAF
,WHITE,01tVT00000BmMhRYAV
,MULTIPLE,01tVT00000BmOrKYAV
COLOR OPTIONS,COLOR OPTIONS,01tVT00000Boh8HYAR
,COLOR OPTIONS,01tVT00000BohxtYAB
COLOR OPTIONS,COLOR OPTIONS,01tVT00000Boi9BYAR
,COLOR OPTIONS,01tVT00000BoiE1YAJ
COLOR OPTIONS,COLOR OPTIONS,01tVT00000BoiM5YAJ
,COLOR OPTIONS,01tVT00000BoiQvYAJ
COLOR OPTIONS,COLOR OPTIONS,01tVT00000Boj0PYAR
,COLOR OPTIONS,01tVT00000Boj5FYAR
BLACK,BLACK,01tVT00000BpzcbYAB
,BLACK,01tVT00000BpzccYAB
GREEN,GREEN,01tVT00000BpzeDYAR
,GREEN,01tVT00000BpzeEYAR
BLACK,BLACK,01tVT00000BpzmHYAR
,BLACK,01tVT00000BpzmIYAR
BLACK,BLACK,01tVT00000BpzsjYAB
,BLACK,01tVT00000BpzskYAB
,BLACK + WOOD,01tVT00000Br62YYAR
WHITE,WHITE,01tVT00000BrAfdYAF
,WHITE,01tVT00000BrAhFYAV
WHITE,WHITE,01tVT00000BrAsXYAV
MULTIPLE,MULTIPLE,01tVT00000BrAu9YAF
,MULTIPLE,01tVT00000BrAyzYAF
BLACK,BLACK,01tVT00000BrBGjYAN
,BLACK,01tVT00000BrBOnYAN
BLACK,BLACK,01tVT00000BrBTdYAN
,BLACK,01tVT00000BrBVFYA3
BLACK + WOOD,BLACK + WOOD,01tVT00000BrBgXYAV
BLACK + RED,BLACK + RED,01tVT00000BrBtRYAV
,BLACK + RED,01tVT00000BrBv3YAF
BLACK + RED,BLACK + RED,01tVT00000BrC1VYAV
,BLACK + RED,01tVT00000BrC37YAF
BLACK + WHITE,BLACK + WHITE,01tVT00000BrCSvYAN
,BLACK + WHITE,01tVT00000BrCXlYAN
,BROWN,01tVT00000BrCZOYA3
BROWN,BROWN,01tVT00000BrD42YAF
GREY + BLACK,GREY + BLACK,01tVT00000BrDf7YAF
,GREY + BLACK,01tVT00000BrDgjYAF
GREY,GREY,01tVT00000BrEZZYA3
,GREY,01tVT00000BrEbBYAV
MULTIPLE,MULTIPLE,01tVT00000BrF0zYAF
,MULTIPLE,01tVT00000BrF2bYAF
WOOD + WHITE,WOOD + WHITE,01tVT00000BrH4PYAV
,WOOD + WHITE,01tVT00000BrH9FYAV
MULTIPLE,MULTIPLE,01tVT00000BrHPNYA3
,MULTIPLE,01tVT00000BrHUDYA3
WHITE + WOOD,WHITE + WOOD,01tVT00000BrHijYAF
,WHITE + WOOD,01tVT00000BrHnZYAV
BLACK,BLACK,01tVT00000BrI8XYAV
WOOD,WOOD,01tVT00000BrsrzYAB
WOOD,WOOD,01tVT00000BruaSYAR
,BLACK,01tVT00000BrvoEYAR
BLACK,BLACK,01tVT00000BrwE1YAJ
,WOOD,01tVT00000Brwp8YAB
BLACK,BLACK,01tVT00000BrwqjYAB
WOOD,WOOD,01tVT00000BrxzhYAB
,WOOD,01tVT00000Bry4XYAR
WOOD,WOOD,01tVT00000Bry7nYAB
,WHITE,01tVT00000Bs2D2YAJ
,WOOD,01tVT00000Bs3gwYAB
WHITE,WHITE,01tVT00000Bs5E5YAJ
MULTIPLE,MULTIPLE,01tVT00000Bs5SbYAJ
,MULTIPLE,01tVT00000Bs5VpYAJ
,WOOD,01tVT00000Bs5fbYAB
WOOD,WOOD,01tVT00000Bs5kLYAR
,WOOD,01tVT00000Bs6DNYAZ
WHITE + WOOD,WHITE + WOOD,01tVT00000Bs6oTYAR
,WHITE + WOOD,01tVT00000Bs6tJYAR
GREY + WOOD,GREY + WOOD,01tVT00000BumDLYAZ
GREY,GREY,01tVT00000BunCcYAJ
,GREY + WOOD,01tVT00000BunVyYAJ
,MULTIPLE,01tVT00000BunuBYAR
GREY + WOOD,GREY + WOOD,01tVT00000Bunz0YAB
WHITE + WOOD + BLACK,WHITE + WOOD + BLACK,01tVT00000BuqIXYAZ
,WHITE + WOOD + BLACK,01tVT00000BuqK9YAJ
GREY,GREY,01tVT00000Buqs1YAB
,WHITE + WOOD,01tVT00000BuqteYAB
,GREY,01tVT00000BuqvFYAR
GREY,GREY,01tVT00000Bur3JYAR
,GREY,01tVT00000Bur4vYAB
BLACK,BLACK,01tVT00000Bur89YAB
,BLACK,01tVT00000BurCzYAJ
,GREY,01tVT00000BurL3YAJ
BROWN,BROWN,01tVT00000BurWLYAZ
,GREY,01tVT00000BurWMYAZ
,BROWN,01tVT00000BurZZYAZ
MULTIPLE,MULTIPLE,01tVT00000BurbBYAR
,MULTIPLE,01tVT00000Burg1YAB
BLACK,BLACK,01tVT00000BurrJYAR
,BLACK,01tVT00000BursvYAB
MULTIPLE,MULTIPLE,01tVT00000Bus0zYAB
WOOD,WOOD,01tVT00000BusQnYAJ
,WOOD,01tVT00000BusU1YAJ
,GREY,01tVT00000ButTNYAZ
WHITE + WOOD,WHITE + WOOD,01tVT00000BuuUDYAZ
WOOD,WOOD,01tVT00000Buuh7YAB
,GREY + WOOD,01tVT00000BuuilYAB
,WOOD,01tVT00000BuulxYAB
GREY,GREY,01tVT00000Buv5PYAR
,GREY,01tVT00000BuvDNYAZ
GREY,GREY,01tVT00000BuvN3YAJ
GREY,GREY,01tVT00000Buvq5YAB
WOOD + BLACK,WOOD + BLACK,01tVT00000Buwm9YAB
,WOOD + BLACK,01tVT00000BuwnlYAB
WOOD + BLACK,WOOD + BLACK,01tVT00000Bux2HYAR
,WOOD + BLACK,01tVT00000Bux77YAB
,BLACK,01tVT00000BvZacYAF
WOOD,WOOD,01tVT00000Bvbm5YAB
,WOOD,01tVT00000BvbnhYAB
WOOD,WOOD,01tVT00000Bvc5RYAR
,WOOD,01tVT00000BvcAHYAZ
WOOD,WOOD,01tVT00000BvcS1YAJ
,WOOD,01tVT00000BvcTdYAJ
WOOD,WOOD,01tVT00000Bvci9YAB
,WOOD,01tVT00000BvclNYAR
,WOOD,01tVT00000BvclOYAR
BLUE,BLUE,01tVT00000BvdG1YAJ
,BLUE,01tVT00000BvdHdYAJ
NATURAL,NATURAL,01tVT00000BvdpVYAR
,NATURAL,01tVT00000Bvdr7YAB
BLUE,BLUE,01tVT00000BveFJYAZ
,BLUE,01tVT00000BveGvYAJ
NATURAL,NATURAL,01tVT00000BvedVYAR
,NATURAL,01tVT00000Bvef7YAB
BLUE,BLUE,01tVT00000BvfJRYAZ
,BLUE,01tVT00000BvfOHYAZ
BLACK,BLACK,01tVT00000BvhptYAB
,BLACK,01tVT00000BvhrVYAR
BLACK,BLACK,01tVT00000Bvi2nYAB
,BLACK,01tVT00000Bvi4PYAR
BEIGE,BEIGE,01tVT00000BviCTYAZ
,BEIGE,01tVT00000BviE5YAJ
MULTIPLE,MULTIPLE,01tVT00000BviFhYAJ
,MULTIPLE,01tVT00000BviHJYAZ
BEIGE,BEIGE,01tVT00000BviIvYAJ
,BEIGE,01tVT00000BviKXYAZ
WOOD + WHITE,WOOD + WHITE,01tVT00000BviUDYAZ
,WOOD + WHITE,01tVT00000BviVpYAJ
MULTIPLE,MULTIPLE,01tVT00000BviafYAB
,MULTIPLE,01tVT00000BvifVYAR
WOOD,WOOD,01tVT00000BvinZYAR
WOOD,WOOD,01tVT00000BvivdYAB
,WOOD,01tVT00000BviyrYAB
MULTIPLE,MULTIPLE,01tVT00000BvjOfYAJ
,MULTIPLE,01tVT00000BvjRtYAJ
WHITE,WHITE,01tVT00000BvpKPYAZ
,WHITE,01tVT00000BvpQrYAJ
BLUE,BLUE,01tVT00000BvpYvYAJ
,BLUE,01tVT00000BvpdlYAB
MULTIPLE,MULTIPLE,01tVT00000Bvq0LYAR
,MULTIPLE,01tVT00000Bvq1xYAB
MULTIPLE,MULTIPLE,01tVT00000BvqhtYAB
WHITE,WHITE,01tVT00000BvqjVYAR
,WHITE,01tVT00000BvqoLYAR
,MULTIPLE,01tVT00000BvqpxYAB
,WHITE,01tVT00000BvqrZYAR
,WHITE,01tVT00000BvqtBYAR
BEIGE,BEIGE,01tVT00000BwjWHYAZ
,BEIGE,01tVT00000BwjcjYAB
BLACK + RED,BLACK + RED,01tVT00000BwkSLYAZ
,BLACK + RED,01tVT00000BwkTxYAJ
WHITE,WHITE,01tVT00000BwkovYAB
,WHITE,01tVT00000BwkqXYAR
MULTIPLE,MULTIPLE,01tVT00000BxLdCYAV
MULTIPLE,MULTIPLE,01tVT00000BxOeHYAV
,MULTIPLE,01tVT00000BxOj7YAF
,MULTIPLE,01tVT00000BxP0sYAF
NATURAL,NATURAL,01tVT00000BxPGzYAN
,NATURAL,01tVT00000BxPKDYA3
MULTIPLE,MULTIPLE,01tVT00000BxPfBYAV
,MULTIPLE,01tVT00000BxPgnYAF
,WHITE,01tVT00000C1o77YAB
WHITE,WHITE,01tVT00000C1rwDYAR
,WHITE,01tVT00000C1s2fYAB
,WOOD,01tVT00000C5xrnYAB
WOOD,WOOD,01tVT00000C60G9YAJ
COLOR OPTIONS,COLOR OPTIONS,01tVT00000C63VlYAJ
,COLOR OPTIONS,01tVT00000C63ifYAB
WOOD,WOOD,01tVT00000C6r5yYAB
WOOD,WOOD,01tVT00000C6rQwYAJ
WOOD,WOOD,01tVT00000C6tpJYAR
,WOOD,01tVT00000C6uDVYAZ
,WOOD,01tVT00000C6uTdYAJ
WOOD,WOOD,01tVT00000C6ubhYAB
,WOOD,01tVT00000C6ujlYAB
WOOD,WOOD,01tVT00000C6uobYAB
,WOOD,01tVT00000C6utRYAR
,WOOD,01tVT00000C6v6LYAR
,COLOR OPTIONS,01tVT00000C6vHfYAJ
WOOD,WOOD,01tVT00000C6vJFYAZ
,WOOD,01tVT00000C6vKrYAJ
WOOD,WOOD,01tVT00000C6vSvYAJ
,WOOD,01tVT00000C6vUXYAZ
GREY,GREY,01tVT00000C6vhRYAR
,GREY,01tVT00000C6vj3YAB
BLACK,BLACK,01tVT00000C6vntYAB
,BLACK,01tVT00000C6vvxYAB
BLACK,BLACK,01tVT00000C6w5dYAB
,BLACK,01tVT00000C6wATYAZ
WOOD,WOOD,01tVT00000C6wVRYAZ
,WOOD,01tVT00000C6waHYAR
,GREY,01tVT00000C6yvSYAR
COLOR OPTIONS,COLOR OPTIONS,01tVT00000C73a9YAB
GREY,GREY,01tVT00000C74eHYAR
,GREY,01tVT00000C74j7YAB
GREY,GREY,01tVT00000C74snYAB
,GREY,01tVT00000C7545YAB
GREY,GREY,01tVT00000C75C9YAJ
GREY,GREY,01tVT00000C75QfYAJ
COLOR OPTIONS,COLOR OPTIONS,01tVT00000C7nujYAB
,COLOR OPTIONS,01tVT00000C7qe5YAB
WHITE,WHITE,01tVT00000C7qm9YAB
,WHITE,01tVT00000C7qpNYAR
COLOR OPTIONS,COLOR OPTIONS,01tVT00000C7sHiYAJ
COLOR OPTIONS,COLOR OPTIONS,01tVT00000C7vPGYAZ
,COLOR OPTIONS,01tVT00000C7wzdYAB
,BROWN,01tVT00000C7x66YAB
,COLOR OPTIONS,01tVT00000C7xE9YAJ
BROWN,BROWN,01tVT00000C7xNpYAJ
,BROWN,01tVT00000C7xXVYAZ
BROWN,BROWN,01tVT00000C7xajYAB
COLOR OPTIONS,COLOR OPTIONS,01tVT00000C7zxVYAR
,COLOR OPTIONS,01tVT00000C805ZYAR
COLOR OPTIONS,COLOR OPTIONS,01tVT00000C80aDYAR
,COLOR OPTIONS,01tVT00000C80gfYAB
BLACK,BLACK,01tVT00000C8EmrYAF
,BLACK,01tVT00000C8EmsYAF
BLACK,BLACK,01tVT00000C8Z0WYAV
,BLACK,01tVT00000C8ccHYAR
BLACK,BLACK,01tVT00000C8cnZYAR
,BLACK,01tVT00000C8csPYAR
GREY,GREY,01tVT00000C8dGbYAJ
,GREY,01tVT00000C8dIDYAZ
BLACK,BLACK,01tVT00000C8eNxYAJ
,BLACK,01tVT00000C8ee5YAB
BLACK,BLACK,01tVT00000C8em9YAB
,BLACK,01tVT00000C8eqzYAB
COLOR OPTIONS,COLOR OPTIONS,01tVT00000CHYUbYAP
,COLOR OPTIONS,01tVT00000CHYftYAH
COLOR OPTIONS,COLOR OPTIONS,01tVT00000CHYmLYAX
,COLOR OPTIONS,01tVT00000CHYrBYAX
"PINK, WHITE, GREEN","PINK, WHITE, GREEN",01tVT00000CJOR7YAP
,"PINK, WHITE, GREEN",01tVT00000CJOZBYA5
COLOR OPTIONS,COLOR OPTIONS,01tVT00000CJQ4jYAH
,COLOR OPTIONS,01tVT00000CJQCnYAP
COLOR OPTIONS,COLOR OPTIONS,01tVT00000CJQXlYAP
OBSIDIAN BLACK,OBSIDIAN BLACK,01tVT00000CJQcbYAH
,COLOR OPTIONS,01tVT00000CJQeDYAX
COLOR OPTIONS,COLOR OPTIONS,01tVT00000CJR0nYAH
,COLOR OPTIONS,01tVT00000CJR5dYAH
,OBSIDIAN BLACK,01tVT00000CJRATYA5
"LIGHT ICE BLUE, WATER PINK, ARMY GREEN, LILAC BROWN","LIGHT ICE BLUE, WATER PINK, ARMY GREEN, LILAC BROWN",01tVT00000CKqMvYAL
"WHITE, BLACK","WHITE, BLACK",01tVT00000CKswcYAD
"BEIGE, GREEN, GRAY, WHITE","BEIGE, GREEN, GRAY, WHITE",01tVT00000CKt4gYAD
"WHITE, PINK, BLACK","WHITE, PINK, BLACK",01tVT00000CKubpYAD
,"WHITE, PINK, BLACK",01tVT00000CKulVYAT
"WHITE, PINK, BLUE","WHITE, PINK, BLUE",01tVT00000CKv01YAD
,"BEIGE, GREEN, GRAY, WHITE",01tVT00000CKv4sYAD
,"WHITE, PINK, BLUE",01tVT00000CKvJNYA1
,"WHITE, BLACK",01tVT00000CKvcjYAD
"WHITE, PINK BLUE","WHITE, PINK BLUE",01tVT00000CKvuUYAT
"WHITE, GREEN, YELLOW, PURPLE","WHITE, GREEN, YELLOW, PURPLE",01tVT00000CKwAbYAL
,"WHITE, GREEN, YELLOW, PURPLE",01tVT00000CKwFRYA1
"WHITE, PINK, BLUE, PURPLE","WHITE, PINK, BLUE, PURPLE",01tVT00000CKwP7YAL
,"WHITE, PINK, BLUE, PURPLE",01tVT00000CKwXBYA1
"BEIGE, LIGHT BLUE, LIGHT PURPLE, GRAY","BEIGE, LIGHT BLUE, LIGHT PURPLE, GRAY",01tVT00000CKwnJYAT
,"BEIGE, LIGHT BLUE, LIGHT PURPLE, GRAY",01tVT00000CKwwzYAD
,"WHITE, PINK BLUE",01tVT00000CKxD7YAL
"BLACK, WHITE, PINK","BLACK, WHITE, PINK",01tVT00000CKxJZYA1
,"BLACK, WHITE, PINK",01tVT00000CKxOPYA1
"GREY, GREEN, PINK","GREY, GREEN, PINK",01tVT00000CKxZhYAL
,"GREY, GREEN, PINK",01tVT00000CKxeXYAT
,"WHITE, PINK, BLUE",01tVT00000CKyCRYA1
,"WHITE, PINK, BLACK, PURPLE",01tVT00000CKzN0YAL
,BROWN,01tVT00000CKzOcYAL
,"LIGHT ICE BLUE, WATER PINK, ARMY GREEN, LILAC BROWN",01tVT00000CL0vlYAD
BROWN,BROWN,01tVT00000CL1gXYAT
"WHITE, PINK, BLACK, PURPLE","WHITE, PINK, BLACK, PURPLE",01tVT00000CL2RJYA1
"WHITE, PINK, BLUE","WHITE, PINK, BLUE",01tVT00000CL35dYAD
,"IVORY, WHITE, GREY",01tVT00000CL3wsYAD
"IVORY WHITE, OBSIDIAN BLACK, MINT GREEN, WINDSOR TAN, BARBIE PINK, TURQUOISE BLUE","IVORY WHITE, OBSIDIAN BLACK, MINT GREEN, WINDSOR TAN, BARBIE PINK, TURQUOISE BLUE",01tVT00000CL5CHYA1
,"IVORY WHITE, OBSIDIAN BLACK, MINT GREEN, WINDSOR TAN, BARBIE PINK, TURQUOISE BLUE",01tVT00000CL5sDYAT
"IVORY, WHITE, GREY","IVORY, WHITE, GREY",01tVT00000CL657YAD
,WHITE,01tVT00000CN22EYAT
WHITE,WHITE,01tVT00000CN3eDYAT
BLUE,BLUE,01tVT00000CN7LFYA1
,BLUE,01tVT00000CN7Q5YAL
"WHITE, GOLD","WHITE, GOLD",01tVT00000CN8ArYAL
,"WHITE, GOLD",01tVT00000CN8M9YAL
WHITE,WHITE,01tVT00000CN9GbYAL
,WHITE,01tVT00000CN9ZxYAL
,"WHITE, GREY",01tVT00000CN9eoYAD
BEIGE,BEIGE,01tVT00000CN9oTYAT
,BEIGE,01tVT00000CN9y9YAD
"WHITE, GREY","WHITE, GREY",01tVT00000CNAHVYA5
,"WHITE, GREY",01tVT00000CNASnYAP
,BLACK,01tVT00000CNAasYAH
"WHITE, GREY","WHITE, GREY",01tVT00000CNBdNYAX
BLACK,BLACK,01tVT00000CND0rYAH
BLACK,BLACK,01tVT00000CNDGzYAP
,BLACK,01tVT00000CNDYjYAP
,WHITE,01tVT00000CNG1yYAH
WHITE,WHITE,01tVT00000CNGwPYAX
,WHITE,01tVT00000CNH4TYAX
"BLACK, WOOD","BLACK, WOOD",01tVT00000CNHNpYAP
,"BLACK, WOOD",01tVT00000CNHinYAH
WHITE,WHITE,01tVT00000CNI3lYAH
"WHITE, BLACK, SILVER","WHITE, BLACK, SILVER",01tVT00000CNIwbYAH
,"WHITE, BLACK, SILVER",01tVT00000CNJ33YAH
"BLACK, WHITE, SILVER, GOLD","BLACK, WHITE, SILVER, GOLD",01tVT00000CNJPdYAP
,"BLACK, WHITE, SILVER, GOLD",01tVT00000CNJW5YAP
"WHITE, BLACK, SILVER, GOLD, WOOD","WHITE, BLACK, SILVER, GOLD, WOOD",01tVT00000CNJkbYAH
,"WHITE, BLACK, SILVER, GOLD, WOOD",01tVT00000CNJpRYAX
BLUE,BLUE,01tVT00000CNTf7YAH
,BLUE,01tVT00000CNTf8YAH
WHITE,WHITE,01tVT00000CNrRJYA1
,WHITE,01tVT00000CNrZNYA1
"BLACK, WHITE","BLACK, WHITE",01tVT00000CNrzBYAT
,"BLACK, WHITE",01tVT00000CNsIXYA1
WHITE,WHITE,01tVT00000CNtGEYA1
WHITE,WHITE,01tVT00000CNtRWYA1
BLACK,BLACK,01tVT00000CNuPBYA1
,BLACK,01tVT00000CNuSQYA1
,BLACK,01tVT00000CNuU1YAL
,WHITE,01tVT00000CNuXFYA1
BLACK,BLACK,01tVT00000CNw1BYAT
,BLACK,01tVT00000CNw9FYAT
,WHITE,01tVT00000CNwikYAD
WHITE,WHITE,01tVT00000CNxDNYA1
WHITE,WHITE,01tVT00000CNxIDYA1
,WHITE,01tVT00000CNxN3YAL
BLACK,BLACK,01tVT00000CNxYMYA1
WHITE,WHITE,01tVT00000CNxenYAD
,WHITE,01tVT00000CNxjdYAD
BLACK,BLACK,01tVT00000CNxq5YAD
,BLACK,01tVT00000CNxtJYAT
,BLACK,01tVT00000CNy9RYAT
WHITE,WHITE,01tVT00000CNyCgYAL
,WHITE,01tVT00000CNyKjYAL
WHITE,WHITE,01tVT00000CNyW1YAL
,WHITE,01tVT00000CNyZFYA1
WHITE,WHITE,01tVT00000CNyZGYA1
,WHITE,01tVT00000CNye5YAD
WHITE,WHITE,01tVT00000CNyfhYAD
,WHITE,01tVT00000CNyivYAD
WHITE,WHITE,01tVT00000CNynlYAD
,WHITE,01tVT00000CNyxRYAT
BLACK,BLACK,01tVT00000CNz2HYAT
,WHITE,01tVT00000CNzByYAL
,WHITE,01tVT00000CO0JJYA1
WHITE,WHITE,01tVT00000CO1FNYA1
,WHITE,01tVT00000CO1SHYA1
,"BLACK, WHITE",01tVT00000CO1X8YAL
WHITE,WHITE,01tVT00000CO1iPYAT
,WHITE,01tVT00000CO1s5YAD
WHITE,WHITE,01tVT00000CO29pYAD
,WHITE,01tVT00000CO2HtYAL
WHITE,WHITE,01tVT00000CO2MjYAL
GREY,GREY,01tVT00000CO3QrYAL
,GREY,01tVT00000CO3VhYAL
GREY,GREY,01tVT00000CO3gzYAD
,GREY,01tVT00000CO3ibYAD
WHITE,WHITE,01tVT00000CO4ErYAL
,WHITE,01tVT00000CO4OXYA1
NATURE COLOR,NATURE COLOR,01tVT00000CO4WcYAL
"WHITE, GREY","WHITE, GREY",01tVT00000CO4rZYAT
,"WHITE, GREY",01tVT00000CO4zdYAD
WHITE,WHITE,01tVT00000CO5IzYAL
BLACK,BLACK,01tVT00000CO5hBYAT
WHITE,WHITE,01tVT00000CO6erYAD
,WHITE,01tVT00000CO6i5YAD
"BLACK, WHITE","BLACK, WHITE",01tVT00000CO901YAD
,NATURE COLOR,01tVT00000CO9RRYA1
BLACK,BLACK,01tVT00000COhphYAD
,BLACK,01tVT00000COiIjYAL
,WHITE,01tVT00000CP0IrYAL
,BLACK,01tVT00000CP0NhYAL
WHITE,WHITE,01tVT00000CPuuXYAT
,WHITE,01tVT00000CPv0zYAD
BROWN + BLACK,BROWN + BLACK,01tVT00000CQWGfYAP
,BROWN + BLACK,01tVT00000CQWJuYAP
BROWN + BLACK,BROWN + BLACK,01tVT00000CQWlJYAX
,BROWN + BLACK,01tVT00000CQWq9YAH
WHITE,WHITE,01tVT00000CQXSrYAP
,WHITE,01tVT00000CQXizYAH
WHITE,WHITE,01tVT00000CQXpRYAX
,WHITE,01tVT00000CQXuHYAX
BROWN + BLACK,BROWN + BLACK,01tVT00000CQY5ZYAX
,BROWN + BLACK,01tVT00000CQYAPYA5
BROWN + BLACK,BROWN + BLACK,01tVT00000CQYLhYAP
,BROWN + BLACK,01tVT00000CQYS9YAP
"GRAY SILVER, GRAY BLUE","GRAY SILVER, GRAY BLUE",01tVT00000CQYTlYAP
,"GRAY SILVER, GRAY BLUE",01tVT00000CQYdRYAX
BROWN + BLACK,BROWN + BLACK,01tVT00000CQYf3YAH
,BROWN + BLACK,01tVT00000CQYjtYAH
BROWN + BLACK,BROWN + BLACK,01tVT00000CQZ85YAH
,BROWN + BLACK,01tVT00000CQZBJYA5
GREY + BLACK,GREY + BLACK,01tVT00000CQZHlYAP
,GREY + BLACK,01tVT00000CQZMbYAP
WHITE + BLACK,WHITE + BLACK,01tVT00000CQZXtYAP
,WHITE + BLACK,01tVT00000CQZZVYA5
WHITE,WHITE,01tVT00000CQZknYAH
GOLDEN,GOLDEN,01tVT00000CQZmPYAX
,WHITE,01tVT00000CQZrFYAX
,GOLDEN,01tVT00000CQZsrYAH
WHITE,WHITE,01tVT00000CQa2XYAT
,WHITE,01tVT00000CQa7NYAT
WHITE,WHITE,01tVT00000CQaFRYA1
,WHITE,01tVT00000CQaH3YAL
BROWN,BROWN,01tVT00000CQaybYAD
,BROWN,01tVT00000CQb8HYAT
WOOD,WOOD,01tVT00000CQbD7YAL
,WOOD,01tVT00000CQdV3YAL
WOOD,WOOD,01tVT00000CQdlBYAT
WHITE,WHITE,01tVT00000CQdq1YAD
,WOOD,01tVT00000CQdurYAD
,WHITE,01tVT00000CQdwTYAT
BROWN,BROWN,01tVT00000CQfAHYA1
,BROWN,01tVT00000CQfF7YAL
WOOD,WOOD,01tVT00000CQfGjYAL
,WOOD,01tVT00000CQfLZYA1
BROWN,BROWN,01tVT00000CQgkfYAD
,BROWN,01tVT00000CQhIXYA1
BLACK,BLACK,01tVT00000CSqhVYAT
,BLACK,01tVT00000CSqmLYAT
BLACK,BLACK,01tVT00000CSr7JYAT
,BLACK,01tVT00000CSrFNYA1
BLACK,BLACK,01tVT00000CSrTtYAL
,BLACK,01tVT00000CSrfBYAT
,WHITE + BLACK,01tVT00000CSxXiYAL
,BLACK OR WHITE,01tVT00000CSxnpYAD
,WHITE,01tVT00000CSxr3YAD
COLOR OPTIONS,COLOR OPTIONS,01tVT00000CUadRYAT
,COLOR OPTIONS,01tVT00000CUf0PYAT
BROWN+BLACK,BROWN+BLACK,01tVT00000CUoOfYAL
,BROWN+BLACK,01tVT00000CUoOgYAL
BROWN,BROWN,01tVT00000CUoTVYA1
,BROWN,01tVT00000CUoTWYA1
BLACK,BLACK,01tVT00000CYQsPYAX
,BLACK,01tVT00000CYR25YAH
BLUE,BLUE,01tVT00000CYRA9YAP
,BLUE,01tVT00000CYREzYAP
BLACK,BLACK,01tVT00000CYRjdYAH
,BLACK,01tVT00000CYRoTYAX
BROWN,BROWN,01tVT00000CYSEHYA5
,BROWN,01tVT00000CYSHWYA5
GREEN,GREEN,01tVT00000CYSNxYAP
,GREEN,01tVT00000CYSW1YAP
GREY,GREY,01tVT00000CYSarYAH
,GREY,01tVT00000CYSe5YAH
BLUE,BLUE,01tVT00000CYSm9YAH
,BLUE,01tVT00000CYSpNYAX
GREEN,GREEN,01tVT00000CYSxRYAX
,GREEN,01tVT00000CYT3tYAH
GREEN,GREEN,01tVT00000CYTDZYA5
,GREEN,01tVT00000CYTIPYA5
BLACK,BLACK,01tVT00000CYTVJYA5
,BLACK,01tVT00000CYTa9YAH
"BLACK, WHITE","BLACK, WHITE",01tVT00000CYwgzYAD
,"BLACK, WHITE",01tVT00000CYwlpYAD
"BLACK, WHITE","BLACK, WHITE",01tVT00000CYx0LYAT
,"BLACK, WHITE",01tVT00000CYx6nYAD
BLACK,BLACK,01tVT00000CYxOXYA1
,BLACK,01tVT00000CYxTNYA1
,BLACK,01tVT00000CZ7CcYAL
BLACK,BLACK,01tVT00000CZ8evYAD
BLACK,BLACK,01tVT00000CZ9mHYAT
,BLACK,01tVT00000CZ9sjYAD
BROWN,BROWN,01tVT00000CZAwrYAH
,BROWN,01tVT00000CZB05YAH
"GREEN, YELLOW, ORANGE","GREEN, YELLOW, ORANGE",01tVT00000CagufYAB
,"GREEN, YELLOW, ORANGE",01tVT00000Cah17YAB
COLORS OPTION,COLORS OPTION,01tVT00000Cah9CYAR
,COLORS OPTION,01tVT00000CahabYAB
COLORS OPTION,COLORS OPTION,01tVT00000CajJ3YAJ
,COLORS OPTION,01tVT00000CajMHYAZ
,COLORS OPTION,01tVT00000CajNuYAJ
"WHITE, YELLOW, BROWN","WHITE, YELLOW, BROWN",01tVT00000CakBtYAJ
,"WHITE, YELLOW, BROWN",01tVT00000CakLZYAZ
COLORS OPTION,COLORS OPTION,01tVT00000Cakv3YAB
,COLORS OPTION,01tVT00000Cal1VYAR
COLORS OPTION,COLORS OPTION,01tVT00000CamnCYAR
COLORS OPTION,COLORS OPTION,01tVT00000CanRVYAZ
,COLORS OPTION,01tVT00000CanmTYAR
,BLACK,01tVT00000CaoLxYAJ
COLORS OPTION,COLORS OPTION,01tVT00000CapI1YAJ
,COLORS OPTION,01tVT00000CapptYAB
BROWN,BROWN,01tVT00000CaprVYAR
,BROWN,01tVT00000Capt7YAB
COLORS OPTION,COLORS OPTION,01tVT00000CaqNlYAJ
,COLORS OPTION,01tVT00000CaqSbYAJ
NATURAL WOOD,NATURAL WOOD,01tVT00000CaqvdYAB
BLACK,BLACK,01tVT00000Car0TYAR
,BLACK,01tVT00000Car25YAB
,NATURAL WOOD,01tVT00000Catv7YAB
WHITE,WHITE,01tVT00000CatyLYAR
,WHITE,01tVT00000Cau4nYAB
NATURAL WOOD,NATURAL WOOD,01tVT00000Cau9dYAB
,NATURAL WOOD,01tVT00000CauKvYAJ
,NATURAL WOOD,01tVT00000CbUeYYAV
NATURAL WOOD,NATURAL WOOD,01tVT00000CbW8TYAV
,NATURAL WOOD,01tVT00000CbWGXYA3
NATURAL WOOD,NATURAL WOOD,01tVT00000CbWq1YAF
,NATURAL WOOD,01tVT00000CbX4XYAV
NATURAL WOOD,NATURAL WOOD,01tVT00000CbXNtYAN
"NATURAL WOOD, BLACK, DARK BROWN","NATURAL WOOD, BLACK, DARK BROWN",01tVT00000CbXpJYAV
,"NATURAL WOOD, BLACK, DARK BROWN",01tVT00000CbXu9YAF
BLACK & WOOD,BLACK & WOOD,01tVT00000CbYjlYAF
,BLACK & WOOD,01tVT00000CbYobYAF
WOOD + BLACK,WOOD + BLACK,01tVT00000CbZ7xYAF
,WOOD + BLACK,01tVT00000CbZEPYA3
WOOD + BEIGE,WOOD + BEIGE,01tVT00000CbZPhYAN
,WOOD + BEIGE,01tVT00000CbZRJYA3
NATURAL WOOD,NATURAL WOOD,01tVT00000CbZmHYAV
,NATURAL WOOD,01tVT00000CbZr7YAF
WOOD + BLACK,WOOD + BLACK,01tVT00000CbaFJYAZ
,WOOD + BLACK,01tVT00000CbaQbYAJ
NATURAL WOOD + BROWN,NATURAL WOOD + BROWN,01tVT00000CbaX4YAJ
,NATURAL WOOD + BROWN,01tVT00000CbajxYAB
NATURAL WOOD,NATURAL WOOD,01tVT00000Cbb05YAB
,NATURAL WOOD,01tVT00000Cbb4vYAB
COLOR OPTIONS,COLOR OPTIONS,01tVT00000CbbL3YAJ
NATURAL WOOD,NATURAL WOOD,01tVT00000CbbL4YAJ
NATURAL WOOD,NATURAL WOOD,01tVT00000CbbMfYAJ
,NATURAL WOOD,01tVT00000CbbUjYAJ
,COLOR OPTIONS,01tVT00000CbbZZYAZ
NATURAL WOOD + BLACK,NATURAL WOOD + BLACK,01tVT00000CbcVdYAJ
,NATURAL WOOD + BLACK,01tVT00000CbcdhYAB
NATURAL WOOD,NATURAL WOOD,01tVT00000CbcyfYAB
COLOR OPTIONS,COLOR OPTIONS,01tVT00000Cbd1tYAB
,NATURAL WOOD,01tVT00000Cbd57YAB
,COLOR OPTIONS,01tVT00000CbdJdYAJ
WHITE,WHITE,01tVT00000CbdgDYAR
NATURAL WOOD,NATURAL WOOD,01tVT00000Cbdl3YAB
NATURAL WOOD,NATURAL WOOD,01tVT00000Cbe61YAB
,NATURAL WOOD,01tVT00000CbeNlYAJ
WHITE,WHITE,01tVT00000CbeSbYAJ
,WHITE,01tVT00000CbeUDYAZ
WHITE,WHITE,01tVT00000CbepCYAR
COLOR OPTIONS,COLOR OPTIONS,01tVT00000Cbf0TYAR
,COLOR OPTIONS,01tVT00000Cbf5JYAR
,NATURAL WOOD,01tVT00000CbfEzYAJ
WHITE,WHITE,01tVT00000CbfgPYAR
,WHITE,01tVT00000CbfrhYAB
,WHITE,01tVT00000CbgSnYAJ
COLOR OPTIONS,COLOR OPTIONS,01tVT00000CbhyLYAR
,COLOR OPTIONS,01tVT00000CbhzxYAB
,BLACK,01tVT00000Cbi81YAB
BLACK & BROWN,BLACK & BROWN,01tVT00000CbihVYAR
,BLACK & BROWN,01tVT00000CbisnYAB
GREY,GREY,01tVT00000CbjC9YAJ
BLACK,BLACK,01tVT00000CbjbxYAB
,BLACK,01tVT00000CbjgnYAB
BROWN,BROWN,01tVT00000CbkHtYAJ
,BROWN,01tVT00000CbkTBYAZ
BLACK,BLACK,01tVT00000CblFZYAZ
BLACK + WOOD,BLACK + WOOD,01tVT00000Cbm5BYAR
,BLACK + WOOD,01tVT00000CbmA1YAJ
,BROWN,01tVT00000CbmMwYAJ
BLACK,BLACK,01tVT00000CbmgHYAR
,BLACK,01tVT00000CbmrZYAR
BLACK,BLACK,01tVT00000CbnCXYAZ
,BLACK,01tVT00000CbnIzYAJ
GREY + WOOD,GREY + WOOD,01tVT00000CbnXVYAZ
,GREY + WOOD,01tVT00000CbnfZYAR
BROWN,BROWN,01tVT00000Cbnm1YAB
,BROWN,01tVT00000CbnxJYAR
BLACK,BLACK,01tVT00000CboADYAZ
,BLACK,01tVT00000CboGfYAJ
GREY,GREY,01tVT00000CboTZYAZ
,GREY,01tVT00000Cboa1YAB
COLOR OPTIONS,COLOR OPTIONS,01tVT00000CbrpeYAB
,COLOR OPTIONS,01tVT00000CbrxhYAB
,ORANGE,01tVT00000CbsIgYAJ
COLOR OPTIONS,COLOR OPTIONS,01tVT00000CbsP7YAJ
,COLOR OPTIONS,01tVT00000CbsTxYAJ
ORANGE,ORANGE,01tVT00000CbsnJYAR
COLOR OPTIONS,COLOR OPTIONS,01tVT00000CbtcvYAB
,COLOR OPTIONS,01tVT00000CbthlYAB
,COLOR OPTIONS,01tVT00000CbtxuYAB
COLOR OPTIONS,COLOR OPTIONS,01tVT00000CbtzVYAR
,COLOR OPTIONS,01tVT00000Cbu4LYAR
COLOR OPTIONS,COLOR OPTIONS,01tVT00000CbuIrYAJ
COLOR OPTIONS,COLOR OPTIONS,01tVT00000CbvEvYAJ
,COLOR OPTIONS,01tVT00000CbvI9YAJ
COLOR OPTIONS,COLOR OPTIONS,01tVT00000CbvMzYAJ
,COLOR OPTIONS,01tVT00000CbvV3YAJ
,COLOR OPTIONS,01tVT00000CdebOYAR
,COLOR OPTIONS,01tVT00000Cdel4YAB
,BLACK,01tVT00000CdemgYAB
,GREY,01tVT00000CdhSoYAJ
COLOR OPTIONS,COLOR OPTIONS,01tVT00000CdhkXYAR
,COLOR OPTIONS,01tVT00000CdhpNYAR
,GREY+BROWN,01tVT00000CdhpOYAR
BEIGE,BEIGE,01tVT00000CdhxRYAR
,BEIGE,01tVT00000Cdi3tYAB
COLOR OPTIONS,COLOR OPTIONS,01tVT00000Cdi5VYAR
BLACK,BLACK,01tVT00000CdiBxYAJ
,COLOR OPTIONS,01tVT00000CdiDZYAZ
,BLACK,01tVT00000CdiGnYAJ
BROWN,BROWN,01tVT00000CdiezYAB
,BROWN,01tVT00000CdilRYAR
BROWN + WOOD,BROWN + WOOD,01tVT00000CditVYAR
,BROWN + WOOD,01tVT00000CdiyLYAR
,BLACK+WHITE,01tVT00000CdiyMYAR
GREY,GREY,01tVT00000Cdj81YAB
BEIGE,BEIGE,01tVT00000Cdj9dYAB
,GREY,01tVT00000CdjETYAZ
,BEIGE,01tVT00000CdjJJYAZ
GREY+BROWN,GREY+BROWN,01tVT00000CdjcfYAB
BLACK,BLACK,01tVT00000CdjkjYAB
BROWN,BROWN,01tVT00000Cdjw1YAB
,BROWN,01tVT00000Cdk2TYAR
BEIGE,BEIGE,01tVT00000CdkDlYAJ
COLOR OPTIONS,COLOR OPTIONS,01tVT00000CdkLpYAJ
,BEIGE,01tVT00000CdkQfYAJ
BEIGE,BEIGE,01tVT00000CdkbxYAB
,BEIGE,01tVT00000CdkgnYAB
COLOR OPTIONS,COLOR OPTIONS,01tVT00000Cdl09YAB
,COLOR OPTIONS,01tVT00000Cdl1lYAB
COLOR OPTIONS,COLOR OPTIONS,01tVT00000CdlGHYAZ
GREY,GREY,01tVT00000CdlWPYAZ
BLACK+ BROWN,BLACK+ BROWN,01tVT00000Cdlg5YAB
,BLACK+ BROWN,01tVT00000CdlkvYAB
BLACK,BLACK,01tVT00000CdlubYAB
,BLACK,01tVT00000Cdm13YAB
BLACK,BLACK,01tVT00000Cdm7VYAR
,BLACK,01tVT00000CdmDxYAJ
BLACK,BLACK,01tVT00000CdmPFYAZ
,BLACK,01tVT00000CdmU5YAJ
BLACK,BLACK,01tVT00000CdmXJYAZ
GREY + WOOD,GREY + WOOD,01tVT00000CdmaYYAR
,BLACK,01tVT00000CdmdlYAB
,GOLD+WHITE,01tVT00000CdmdmYAB
GREEN+ GRAY,GREEN+ GRAY,01tVT00000CdmfNYAR
,GREEN+ GRAY,01tVT00000CdmkDYAR
GREEN,GREEN,01tVT00000CdmsHYAR
,GREEN,01tVT00000Cdmx7YAB
,GREY + WOOD,01tVT00000Cdn6nYAB
,BROWN,01tVT00000Cdn8QYAR
BLACK+WHITE,BLACK+WHITE,01tVT00000CdnErYAJ
BROWN,BROWN,01tVT00000CdnJhYAJ
BLACK,BLACK,01tVT00000CdnOXYAZ
,BLACK,01tVT00000CdnTNYAZ
BLACK,BLACK,01tVT00000CdnYDYAZ
,BLACK,01tVT00000Cdnd3YAB
GOLD+WHITE,GOLD+WHITE,01tVT00000CdngHYAR
DARK BROWN,DARK BROWN,01tVT00000CdnoLYAR
,DARK BROWN,01tVT00000CdnwPYAR
BLACK+ GRAY,BLACK+ GRAY,01tVT00000Cdo1FYAR
BLACK,BLACK,01tVT00000Cdo65YAB
,BLACK+ GRAY,01tVT00000Cdo7hYAB
,BLACK,01tVT00000CdoCXYAZ
WHITE,WHITE,01tVT00000CdoKbYAJ
,WHITE,01tVT00000CdoMDYAZ
LIGHT BROWN,LIGHT BROWN,01tVT00000CdoSfYAJ
,LIGHT BROWN,01tVT00000CdoXVYAZ
COLOR OPTIONS,COLOR OPTIONS,01tVT00000CdoinYAB
,COLOR OPTIONS,01tVT00000CdokPYAR
NATURAL + BLACK,NATURAL + BLACK,01tVT00000CdpN8YAJ
,COLOR OPTIONS,01tVT00000CdpdGYAR
BROWN + WOOD,BROWN + WOOD,01tVT00000CdplKYAR
COLOR OPTIONS,COLOR OPTIONS,01tVT00000CdprmYAB
GREEN/WHITE + WOOD,GREEN/WHITE + WOOD,01tVT00000Cdq1RYAR
,GREEN/WHITE + WOOD,01tVT00000Cdq6HYAR
GREEN,GREEN,01tVT00000CdqHaYAJ
COLOR OPTIONS,COLOR OPTIONS,01tVT00000CdqZJYAZ
,WOOD,01tVT00000CdqZLYAZ
,GREEN,01tVT00000CdqavYAB
,COLOR OPTIONS,01tVT00000Cdqe9YAB
COLOR OPTIONS,COLOR OPTIONS,01tVT00000CdqmDYAR
COLOR OPTIONS,COLOR OPTIONS,01tVT00000Cdr2LYAR
,COLOR OPTIONS,01tVT00000Cdr3xYAB
,BLACK+ YELLOW,01tVT00000Cdr3zYAB
,BROWN + WOOD,01tVT00000CdrC1YAJ
COLOR OPTIONS,COLOR OPTIONS,01tVT00000CdrNJYAZ
,COLOR OPTIONS,01tVT00000CdrQXYAZ
WOOD + BEIGE,WOOD + BEIGE,01tVT00000CdrTlYAJ
,WOOD + BEIGE,01tVT00000CdrgfYAB
COLOR OPTIONS,COLOR OPTIONS,01tVT00000Cds01YAB
,COLOR OPTIONS,01tVT00000Cds1dYAB
COLOR OPTIONS,COLOR OPTIONS,01tVT00000CdsT3YAJ
,COLOR OPTIONS,01tVT00000CdsXtYAJ
BROWN + WOOD,BROWN + WOOD,01tVT00000Cdsw5YAB
,BROWN + WOOD,01tVT00000Cdt0vYAB
COLOR OPTIONS,COLOR OPTIONS,01tVT00000CdtAcYAJ
WOOD,WOOD,01tVT00000CdtXBYAZ
,COLOR OPTIONS,01tVT00000Cdts9YAB
COLOR OPTIONS,COLOR OPTIONS,01tVT00000Cdu53YAB
,COLOR OPTIONS,01tVT00000Cdu6fYAB
,COLOR OPTIONS,01tVT00000CduMnYAJ
WHITE,WHITE,01tVT00000CducvYAB
,WHITE,01tVT00000CdueXYAR
BLACK,BLACK,01tVT00000Cdv17YAB
,BLACK,01tVT00000Cdv9BYAR
,NATURAL + BLACK,01tVT00000CdvHFYAZ
BLACK,BLACK,01tVT00000CdvM5YAJ
,BLACK,01tVT00000CdvNhYAJ
BLACK,BLACK,01tVT00000CdvdpYAB
,BLACK,01tVT00000CdvfRYAR
BLACK,BLACK,01tVT00000CdvqjYAB
,BLACK,01tVT00000CdvsLYAR
BLACK+ YELLOW,BLACK+ YELLOW,01tVT00000Cdw5FYAR
,BLACK+ YELLOW,01tVT00000Cdw6rYAB
BLACK,BLACK,01tVT00000CdwLNYAZ
,BLACK,01tVT00000CdwMzYAJ
COLOR OPTIONS,COLOR OPTIONS,01tVT00000CdwV3YAJ
,COLOR OPTIONS,01tVT00000CdwZtYAJ
BLACK,BLACK,01tVT00000CdwejYAB
,BLACK,01tVT00000CdwjZYAR
BLACK,BLACK,01tVT00000CdxanYAB
,BLACK,01tVT00000CdxirYAB
,NATURAL WOOD,01tVT00000CdybiYAB
COLOR OPTIONS,COLOR OPTIONS,01tVT00000CdzhRYAR
,COLOR OPTIONS,01tVT00000CdzmIYAR
COLOR OPTIONS,COLOR OPTIONS,01tVT00000CdznuYAB
COLOR OPTIONS,COLOR OPTIONS,01tVT00000CdzsjYAB
WOOD,WOOD,01tVT00000CdzuLYAR
,WOOD,01tVT00000CdzuMYAR
COLOR OPTIONS,COLOR OPTIONS,01tVT00000CdzzBYAR
,WOOD,01tVT00000Ce041YAB
,COLOR OPTIONS,01tVT00000Ce05dYAB
WOOD,WOOD,01tVT00000Ce0DhYAJ
,WOOD,01tVT00000Ce0NNYAZ
,COLOR OPTIONS,01tVT00000Ce0OzYAJ
WOOD,WOOD,01tVT00000Ce0dVYAR
COLOR OPTIONS,COLOR OPTIONS,01tVT00000Ce0jxYAB
,COLOR OPTIONS,01tVT00000Ce0lZYAR
COLOR OPTIONS,COLOR OPTIONS,01tVT00000CeD7hYAF
,COLOR OPTIONS,01tVT00000CeDZ7YAN
NATURAL,NATURAL,01tVT00000CebmjYAB
,NATURAL,01tVT00000CebtBYAR
NATURAL,NATURAL,01tVT00000CermfYAB
,NATURAL,01tVT00000CerrVYAR
BLACK FRAME + HONEY BROWN WOOD,BLACK FRAME + HONEY BROWN WOOD,01tVT00000CfVDqYAN
NATURAL + CUSHION WITH COLOR OPTIONS,NATURAL + CUSHION WITH COLOR OPTIONS,01tVT00000CfVH4YAN
NATURAL,NATURAL,01tVT00000CfVx0YAF
NATURAL+ GREEN,NATURAL+ GREEN,01tVT00000CfWwIYAV
BLACK,BLACK,01tVT00000CfXE2YAN
BLACK FRAME + HONEY BROWN WOOD,BLACK FRAME + HONEY BROWN WOOD,01tVT00000CfXnVYAV
,BLACK FRAME + HONEY BROWN WOOD,01tVT00000CfXqjYAF
,BLACK FRAME + HONEY BROWN WOOD,01tVT00000CfY3dYAF
NATURAL + BEIGE,NATURAL + BEIGE,01tVT00000CfY8TYAV
,NATURAL + BEIGE,01tVT00000CfYMzYAN
BLACK FRAME + HONEY BROWN WOOD,BLACK FRAME + HONEY BROWN WOOD,01tVT00000CfYYHYA3
,BLACK FRAME + HONEY BROWN WOOD,01tVT00000CfYd7YAF
,BLACK,01tVT00000CfYtFYAV
BROWN,BROWN,01tVT00000CfZ9NYAV
,BROWN,01tVT00000CfZEDYA3
BLACK,BLACK,01tVT00000CfZJ3YAN
,BLACK,01tVT00000CfZNtYAN
NATURAL + GREEN,NATURAL + GREEN,01tVT00000CfZVxYAN
BLACK,BLACK,01tVT00000CfZanYAF
,BLACK,01tVT00000CfZfdYAF
,NATURAL + GREEN,01tVT00000CfZhFYAV
,NATURAL + CUSHION WITH COLOR OPTIONS,01tVT00000Cfa2DYAR
,NATURAL,01tVT00000CfaGjYAJ
BLACK,BLACK,01tVT00000CfaLZYAZ
,BLACK,01tVT00000CfaNBYAZ
BROWN,BROWN,01tVT00000Cfaa5YAB
BLACK,BLACK,01tVT00000CfabhYAB
,BLACK,01tVT00000CfaevYAB
,BROWN,01tVT00000Cfai9YAB
BROWN,BROWN,01tVT00000CfbXlYAJ
,BROWN,01tVT00000CfbcbYAB
,NATURAL+ GREEN,01tVT00000CfcLlYAJ
MULTIPLE COLORS,MULTIPLE COLORS,01tVT00000CfiarYAB
BLACK,BLACK,01tVT00000CfkPlYAJ
,BLACK,01tVT00000CfkWDYAZ
MULTIPLE,MULTIPLE,01tVT00000CgN2vYAF
,MULTIPLE,01tVT00000CgN7lYAF
MULTIPLE,MULTIPLE,01tVT00000CgPRJYA3
,MULTIPLE,01tVT00000CgPW9YAN
,MULTIPLE COLORS,01tVT00000CgPcbYAF
WHITE,WHITE,01tVT00000CgPeDYAV
,WHITE,01tVT00000CgPfpYAF
COLOR OPTIONS,COLOR OPTIONS,01tVT00000CgRcnYAF
,COLOR OPTIONS,01tVT00000CgRhdYAF
COLOR OPTIONS,COLOR OPTIONS,01tVT00000CgRkrYAF
,COLOR OPTIONS,01tVT00000CgRrJYAV
BEIGE,BEIGE,01tVT00000CgT6jYAF
,BEIGE,01tVT00000CgTDBYA3
COLOR OPTIONS,COLOR OPTIONS,01tVT00000CgTUvYAN
,COLOR OPTIONS,01tVT00000CgTZlYAN
BROWN,BROWN,01tVT00000CgUNlYAN
,BROWN,01tVT00000CgUSbYAN
BLACK,BLACK,01tVT00000CgUafYAF
,BLACK,01tVT00000CgUfVYAV
BLACK,BLACK,01tVT00000CgUlxYAF
,BLACK,01tVT00000CgUpBYAV
BEIGE,BEIGE,01tVT00000CgUu1YAF
COLOR OPTIONS,COLOR OPTIONS,01tVT00000CgUyrYAF
,COLOR OPTIONS,01tVT00000CgV3hYAF
RED,RED,01tVT00000CgV5JYAV
,RED,01tVT00000CgV6vYAF
COLOR OPTIONS,COLOR OPTIONS,01tVT00000CgVN3YAN
,COLOR OPTIONS,01tVT00000CgVTVYA3
BLACK,BLACK,01tVT00000CgVgPYAV
,BLACK,01tVT00000CgVlFYAV
ANTIQUE CREAM,ANTIQUE CREAM,01tVT00000CgVy9YAF
,ANTIQUE CREAM,01tVT00000CgVzlYAF
COLOR OPTIONS,COLOR OPTIONS,01tVT00000Cgao9YAB
,COLOR OPTIONS,01tVT00000CgaxpYAB
COLOR OPTIONS,COLOR OPTIONS,01tVT00000CgbQrYAJ
,COLOR OPTIONS,01tVT00000CgbVhYAJ
NATURAL,NATURAL,01tVT00000CgbXKYAZ
NATURAL,NATURAL,01tVT00000Cgc0LYAR
,NATURAL,01tVT00000CgcErYAJ
,NATURAL,01tVT00000CgctBYAR
,BEIGE + RED,01tVT00000CgdR4YAJ
BLACK + BEIGE,BLACK + BEIGE,01tVT00000Cge0XYAR
BLACK,BLACK,01tVT00000CgeTZYAZ
,BLACK,01tVT00000CgeWnYAJ
WHITE,WHITE,01tVT00000Cgei5YAB
,WHITE,01tVT00000CgelJYAR
BROWN,BROWN,01tVT00000CgetNYAR
,BROWN,01tVT00000CgeuzYAB
BEIGE + RED,BEIGE + RED,01tVT00000Cgf33YAB
COLOR OPTIONS,COLOR OPTIONS,01tVT00000Ch9M8YAJ
BEIGE,BEIGE,01tVT00000Ch9h4YAB
COLOR OPTIONS,COLOR OPTIONS,01tVT00000ChAZvYAN
,BLACK,01tVT00000ChBitYAF
,WHITE,01tVT00000ChBm7YAF
GREY,GREY,01tVT00000ChD7xYAF
,GREY,01tVT00000ChDEPYA3
COLOR OPTIONS,COLOR OPTIONS,01tVT00000ChDUXYA3
,BEIGE,01tVT00000ChDW9YAN
,COLOR OPTIONS,01tVT00000ChDhRYAV
WHITE,WHITE,01tVT00000ChDj3YAF
BLACK,BLACK,01tVT00000ChDpVYAV
,BLACK,01tVT00000ChDuLYAV
GREY,GREY,01tVT00000ChDvxYAF
,GREY,01tVT00000ChDxZYAV
GREY,GREY,01tVT00000ChE5dYAF
,GREY,01tVT00000ChE7FYAV
BLACK,BLACK,01tVT00000ChEATYA3
,BLACK,01tVT00000ChEFJYA3
BLACK,BLACK,01tVT00000ChEK9YAN
COLOR OPTIONS,COLOR OPTIONS,01tVT00000ChEOzYAN
,COLOR OPTIONS,01tVT00000ChEVRYA3
BLACK,BLACK,01tVT00000ChEYfYAN
COLOR OPTIONS,COLOR OPTIONS,01tVT00000ChFL6YAN
BLACK,BLACK,01tVT00000ChH6jYAF
,BLACK,01tVT00000ChKr0YAF
,COLOR OPTIONS,01tVT00000ChLYYYA3
,COLOR OPTIONS,01tVT00000ChMOAYA3
COLOR OPTIONS,COLOR OPTIONS,01tVT00000ChMXrYAN
,COLOR OPTIONS,01tVT00000ChMnyYAF
,BLACK,01tVT00000ChNAZYA3
BLACK,BLACK,01tVT00000ChNKEYA3
COLOR OPTIONS,COLOR OPTIONS,01tVT00000ChNSIYA3
BLACK,BLACK,01tVT00000ChNwxYAF
COLOR OPTIONS,COLOR OPTIONS,01tVT00000ChOTDYA3
,COLOR OPTIONS,01tVT00000ChPCNYA3
,WHITE,01tVT00000ChPdmYAF
COLOR OPTIONS,COLOR OPTIONS,01tVT00000ChQegYAF
,COLOR OPTIONS,01tVT00000ChRHOYA3
BLACK,BLACK,01tVT00000ChRdyYAF
,BLACK,01tVT00000ChSmvYAF
BLACK,BLACK,01tVT00000ChT7tYAF
,BLACK,01tVT00000ChTCjYAN
WHITE,WHITE,01tVT00000ChTO1YAN
,BLACK,01tVT00000ChTUTYA3
BLACK,BLACK,01tVT00000ChTZJYA3
GREY,GREY,01tVT00000ChTavYAF
,GREY,01tVT00000ChTe9YAF
,BLACK,01tVT00000ChTflYAF
BLACK,BLACK,01tVT00000ChTuHYAV
,BLACK,01tVT00000ChTvtYAF
BEIGE,BEIGE,01tVT00000ChTz7YAF
,BEIGE,01tVT00000ChU3xYAF
COLOR OPTIONS,COLOR OPTIONS,01tVT00000ChVsrYAF
,COLOR OPTIONS,01tVT00000CiXr0YAF
COLOR OPTIONS,COLOR OPTIONS,01tVT00000CiY5VYAV
,COLOR OPTIONS,01tVT00000CiY8jYAF
,COLOR OPTIONS,01tVT00000CiYLdYAN
,COLOR OPTIONS,01tVT00000CiYThYAN
COLOR OPTIONS,COLOR OPTIONS,01tVT00000CialdYAB
,COLOR OPTIONS,01tVT00000CiaorYAB
COLOR OPTIONS,COLOR OPTIONS,01tVT00000CiathYAB
,COLOR OPTIONS,01tVT00000Cib1lYAB
COLOR OPTIONS,COLOR OPTIONS,01tVT00000Cib9pYAB
,COLOR OPTIONS,01tVT00000CibBRYAZ
,COLOR OPTIONS,01tVT00000CibL7YAJ
COLOR OPTIONS,COLOR OPTIONS,01tVT00000CibUnYAJ
,COLOR OPTIONS,01tVT00000CibZdYAJ
COLOR OPTIONS,COLOR OPTIONS,01tVT00000CibrNYAR
BLACK,BLACK,01tVT00000Cie7hYAB
,BLACK,01tVT00000CieAvYAJ
COLOR OPTIONS,COLOR OPTIONS,01tVT00000Cig6HYAR
,COLOR OPTIONS,01tVT00000CigB7YAJ
COLOR OPTIONS,COLOR OPTIONS,01tVT00000Cih2MYAR
"PINK, BLUE, WHITE","PINK, BLUE, WHITE",01tVT00000CihjtYAB
,"PINK, BLUE, WHITE",01tVT00000CihojYAB
BLUE,BLUE,01tVT00000CiizJYAR
,BLUE,01tVT00000CiizKYAR
COLOR OPTIONS,COLOR OPTIONS,01tVT00000CijP7YAJ
,COLOR OPTIONS,01tVT00000CijTxYAJ
,COLOR OPTIONS,01tVT00000CikTFYAZ
COLOR OPTIONS,COLOR OPTIONS,01tVT00000CikmbYAB
,COLOR OPTIONS,01tVT00000CikoDYAR
,BLACK,01tVT00000CkVJgYAN
BLACK,BLACK,01tVT00000CkcbGYAR
BLACK,BLACK,01tVT00000Cke0LYAR
,BLACK,01tVT00000Cke1xYAB
BLACK,BLACK,01tVT00000CkeGTYAZ
,BLACK,01tVT00000CkeI5YAJ
BEIGE,BEIGE,01tVT00000Ckfu5YAB
,BEIGE,01tVT00000CkfxJYAR
,LIGHT,01tVT00000CkgJtYAJ
,BLACK,01tVT00000CkgmvYAB
,BROWN,01tVT00000Ckj1dYAB
GREY,GREY,01tVT00000CkjEXYAZ
,GREY,01tVT00000CkjfxYAB
COLOR OPTIONS,COLOR OPTIONS,01tVT00000CknjZYAR
,COLOR OPTIONS,01tVT00000CknoPYAR
BLACK+ GRAY,BLACK+ GRAY,01tVT00000CkoxNYAR
,BLACK+ GRAY,01tVT00000Ckp0bYAB
WHITE+ GRAY,WHITE+ GRAY,01tVT00000CkpNBYAZ
,WHITE+ GRAY,01tVT00000CkpS1YAJ
WHITE+ GRAY,WHITE+ GRAY,01tVT00000CkpdJYAR
,WHITE+ GRAY,01tVT00000CkpgXYAR
COLOR OPTIONS,COLOR OPTIONS,01tVT00000CkprqYAB
COLOR OPTIONS,COLOR OPTIONS,01tVT00000CksPuYAJ
COLOR OPTIONS,COLOR OPTIONS,01tVT00000CktsDYAR
,COLOR OPTIONS,01tVT00000CktyfYAB
,COLOR OPTIONS,01tVT00000CkuBZYAZ
LIGHT WOOD + SILVER,LIGHT WOOD + SILVER,01tVT00000CkuDBYAZ
,LIGHT WOOD + SILVER,01tVT00000CkuEnYAJ
,WHITE+BLACK;WHITE+GREY,01tVT00000CkuMsYAJ
WHITE+BLACK;WHITE+GREY,WHITE+BLACK;WHITE+GREY,01tVT00000CkuQ5YAJ
COLOR OPTIONS,COLOR OPTIONS,01tVT00000CkuWXYAZ
,MULTIPLE,01tVT00000CkuZmYAJ
,COLOR OPTIONS,01tVT00000CkuczYAB
WHITE+BLACK;WHITE+GREY,WHITE+BLACK;WHITE+GREY,01tVT00000CkujRYAR
,WHITE+BLACK;WHITE+GREY,01tVT00000CkumfYAB
BLACK;GREY,BLACK;GREY,01tVT00000CkuujYAB
COLOR OPTIONS,COLOR OPTIONS,01tVT00000CkuwLYAR
,BLACK;GREY,01tVT00000Ckv1BYAR
,COLOR OPTIONS,01tVT00000Ckv61YAB
BLACK;GREY,BLACK;GREY,01tVT00000CkvE5YAJ
,MULTIPLE,01tVT00000CkvHJYAZ
COLOR OPTIONS,COLOR OPTIONS,01tVT00000CkvIvYAJ
,COLOR OPTIONS,01tVT00000CkvKXYAZ
,BLACK;GREY,01tVT00000CkvPNYAZ
BLACK;GREY,BLACK;GREY,01tVT00000CkvZ3YAJ
,BLACK;GREY,01tVT00000CkvcHYAR
COLOR OPTIONS,COLOR OPTIONS,01tVT00000CkvdtYAB
,COLOR OPTIONS,01tVT00000CkvfVYAR
,COLOR OPTIONS,01tVT00000CkvnZYAR
COLOR OPTIONS,COLOR OPTIONS,01tVT00000ClXBJYA3
,COLOR OPTIONS,01tVT00000ClXG9YAN
COLOR OPTIONS,COLOR OPTIONS,01tVT00000ClXUfYAN
,COLOR OPTIONS,01tVT00000ClXZVYA3
COLOR OPTIONS,COLOR OPTIONS,01tVT00000ClXhZYAV
,COLOR OPTIONS,01tVT00000ClXmPYAV
COLOR OPTIONS,COLOR OPTIONS,01tVT00000ClXsrYAF
,COLOR OPTIONS,01tVT00000ClXxhYAF
COLOR OPTIONS,COLOR OPTIONS,01tVT00000ClY49YAF
,COLOR OPTIONS,01tVT00000ClY8zYAF
BLACK,BLACK,01tVT00000CldevYAB
,BLACK,01tVT00000CldjlYAB
BLACK,BLACK,01tVT00000CldtRYAR
,BLACK,01tVT00000CldyHYAR
BLACK,BLACK,01tVT00000Cle9ZYAR
,BLACK,01tVT00000CleEPYAZ
,BLACK,01tVT00000CleeEYAR
GRANITE GREY,GRANITE GREY,01tVT00000ClentYAB
,GRANITE GREY,01tVT00000ClezBYAR
GRANITE GREY,GRANITE GREY,01tVT00000ClfVRYAZ
,GRANITE GREY,01tVT00000ClfX3YAJ
BLACK,BLACK,01tVT00000ClfjxYAB
,BLACK,01tVT00000ClfonYAB
BLACK,BLACK,01tVT00000Clg05YAB
,BLACK,01tVT00000Clg4vYAB
ANTIQUE BRONZE,ANTIQUE BRONZE,01tVT00000ClgGDYAZ
,ANTIQUE BRONZE,01tVT00000ClgJRYAZ
ANTIQUE BRONZE,ANTIQUE BRONZE,01tVT00000CliujYAB
,ANTIQUE BRONZE,01tVT00000ClizZYAR
BLACK,BLACK,01tVT00000CljIvYAJ
BLACK,BLACK,01tVT00000CljUDYAZ
,BLACK,01tVT00000CljVpYAJ
BLACK,BLACK,01tVT00000ClkA9YAJ
,BLACK,01tVT00000ClkEzYAJ
BLACK,BLACK,01tVT00000ClnMXYAZ
,BLACK,01tVT00000ClnRNYAZ
BLACK,BLACK,01tVT00000ClnWDYAZ
WHITE & GREY,WHITE & GREY,01tVT00000CmVkAYAV
AS PICTURE,AS PICTURE,01tVT00000CmWwMYAV
,WHITE & GREY,01tVT00000CmZcTYAV
RED & WHITE; BLACK & WHITE,RED & WHITE; BLACK & WHITE,01tVT00000CmZnlYAF
,RED & WHITE; BLACK & WHITE,01tVT00000CmZpNYAV
GREEN & GREY; BLACK & GREY; WHITE & GREY,GREEN & GREY; BLACK & GREY; WHITE & GREY,01tVT00000CmZuDYAV
,GREEN & GREY; BLACK & GREY; WHITE & GREY,01tVT00000CmZz3YAF
ESPRESSO,ESPRESSO,01tVT00000CmbUbYAJ
,ESPRESSO,01tVT00000CmbftYAB
BLACK,BLACK,01tVT00000CmcC9YAJ
,BLACK,01tVT00000CmcNRYAZ
BLACK,BLACK,01tVT00000CmcfBYAR
,BLACK,01tVT00000Cmck1YAB
BLACK,BLACK,01tVT00000Cmcs5YAB
,BLACK,01tVT00000CmcvJYAR
BLACK,BLACK,01tVT00000Cmd3NYAR
,BLACK,01tVT00000Cmd4zYAB
BLACK,BLACK,01tVT00000Cmd9pYAB
,BLACK,01tVT00000CmdBRYAZ
BLACK,BLACK,01tVT00000CmdTBYAZ
,BLACK,01tVT00000CmdY1YAJ
BLACK,BLACK,01tVT00000CmdcrYAB
,BLACK,01tVT00000CmdeTYAR
BLACK,BLACK,01tVT00000CmdjJYAR
,BLACK,01tVT00000Cmdo9YAB
BLACK,BLACK,01tVT00000CmdszYAB
,BLACK,01tVT00000CmdubYAB
BLACK,BLACK,01tVT00000CmgAvYAJ
,BLACK,01tVT00000CmgCXYAZ
,AS PICTURE,01tVT00000CmgndYAB
BLACK+MILKY,BLACK+MILKY,01tVT00000Cmh29YAB
,BLACK+MILKY,01tVT00000Cmh3lYAB
,BLACK,01tVT00000CnDoQYAV
ESPRESSO,ESPRESSO,01tVT00000CnGntYAF
,ESPRESSO,01tVT00000CnGsjYAF
BLACK+MILKY,BLACK+MILKY,01tVT00000CnH8rYAF
,BLACK+MILKY,01tVT00000CnHDhYAN
BLACK,BLACK,01tVT00000CnHLlYAN
BLACK,BLACK,01tVT00000CnHX3YAN
,BLACK,01tVT00000CnHaHYAV
AS PICTURE,AS PICTURE,01tVT00000CnHdVYAV
,AS PICTURE,01tVT00000CnHf7YAF
GREY,GREY,01tVT00000CnHonYAF
,GREY,01tVT00000CnHs1YAF
RED+BEIGE,RED+BEIGE,01tVT00000CnIBNYA3
,RED+BEIGE,01tVT00000CnIEbYAN
SILVER,SILVER,01tVT00000CnIJRYA3
,SILVER,01tVT00000CnIMfYAN
BLACK,BLACK,01tVT00000CnIUjYAN
,BLACK,01tVT00000CnIWLYA3
BLACK,BLACK,01tVT00000CnIZZYA3
,BLACK,01tVT00000CnIbBYAV
BLACK,BLACK,01tVT00000CnJ0zYAF
,BLACK,01tVT00000CnJ5pYAF
AS PICTURE,AS PICTURE,01tVT00000CnJH7YAN
,AS PICTURE,01tVT00000CnJKLYA3
BLACK,BLACK,01tVT00000CnJozYAF
,BLACK,01tVT00000CnJsDYAV
SLIVER,SLIVER,01tVT00000CnJx3YAF
,SLIVER,01tVT00000CnK1tYAF
SLIVER,SLIVER,01tVT00000CnK6jYAF
,SLIVER,01tVT00000CnK8LYAV
BROWN,BROWN,01tVT00000CnKDBYA3
,BROWN,01tVT00000CnKEnYAN
BLUE/PINK/ORANGE,BLUE/PINK/ORANGE,01tVT00000CnMy9YAF
,BLUE/PINK/ORANGE,01tVT00000CnN6DYAV
BLACK/WHITE,BLACK/WHITE,01tVT00000CoBPaYAN
BLACK/WHITE,BLACK/WHITE,01tVT00000CoE0rYAF
GREY,GREY,01tVT00000CoE5hYAF
,GREY,01tVT00000CoE8wYAF
,BLACK/WHITE,01tVT00000CoEDlYAN
BLACK/WHITE,BLACK/WHITE,01tVT00000CoEX7YAN
,BLACK/WHITE,01tVT00000CoEbxYAF
BLUE + RED,BLUE + RED,01tVT00000CoF3NYAV
,BLACK/WHITE,01tVT00000CoF4zYAF
,BLUE + RED,01tVT00000CoF9pYAF
BLACK/WHITE,BLACK/WHITE,01tVT00000CoFEfYAN
,BLACK/WHITE,01tVT00000CoFJVYA3
BLUE  RED,BLUE  RED,01tVT00000CoFOLYA3
,BLUE  RED,01tVT00000CoFPxYAN
BLUE + RED,BLUE + RED,01tVT00000CoFY1YAN
,BLUE + RED,01tVT00000CoFZdYAN
BLUE + RED,BLUE + RED,01tVT00000CoFg5YAF
,BLUE + RED,01tVT00000CoFhhYAF
BLUE + RED,BLUE + RED,01tVT00000CoFmXYAV
,BLUE + RED,01tVT00000CoFrNYAV
NATURAL,NATURAL,01tVT00000CqHp4YAF
WHITE,WHITE,01tVT00000CqJneYAF
,BLUE,01tVT00000CqKDSYA3
BLUE,BLUE,01tVT00000CqKbdYAF
BLUE,BLUE,01tVT00000CqKuzYAF
,BLUE,01tVT00000CqKyDYAV
,BLUE,01tVT00000CqKzpYAF
,NATURAL + WHITE,01tVT00000CqKzqYAF
,PINK,01tVT00000CqKzrYAF
BLUE,BLUE,01tVT00000CqL7tYAF
,BLUE,01tVT00000CqL9VYAV
NATURAL + WHITE,NATURAL + WHITE,01tVT00000CqLFyYAN
NATURAL + WHITE,NATURAL + WHITE,01tVT00000CqLHZYA3
,BLUE,01tVT00000CqLJDYA3
,WHITE,01tVT00000CqLO2YAN
,NATURAL + WHITE,01tVT00000CqLPdYAN
WHITE,WHITE,01tVT00000CqLZJYA3
,WHITE,01tVT00000CqLavYAF
WHITE,WHITE,01tVT00000CqLfmYAF
,WHITE,01tVT00000CqLuHYAV
WHITE,WHITE,01tVT00000CqLz7YAF
,WHITE,01tVT00000CqM3xYAF
NATURAL + WHITE,NATURAL + WHITE,01tVT00000CqMDdYAN
NATURAL,NATURAL,01tVT00000CqMDeYAN
,NATURAL + WHITE,01tVT00000CqMFFYA3
,WHITE,01tVT00000CqMLjYAN
NATURAL + WHITE,NATURAL + WHITE,01tVT00000CqMNJYA3
,NATURAL + WHITE,01tVT00000CqMS9YAN
NATURAL,NATURAL,01tVT00000CqMWzYAN
,NATURAL,01tVT00000CqMYbYAN
,NATURAL,01tVT00000CqMdRYAV
NATURAL,NATURAL,01tVT00000CqMf3YAF
,NATURAL,01tVT00000CqMiHYAV
BLUE,BLUE,01tVT00000CqMjtYAF
BLUE,BLUE,01tVT00000CqMrxYAF
PINK,PINK,01tVT00000CqMwnYAF
,PINK,01tVT00000CqMyPYAV
PINK,PINK,01tVT00000CqN1dYAF
"NATURAL, WHITE","NATURAL, WHITE",01tVT00000CqN3FYAV
,PINK,01tVT00000CqN4rYAF
,"NATURAL, WHITE",01tVT00000CqN9hYAF
PINK,PINK,01tVT00000CqNBJYA3
PINK,PINK,01tVT00000CqNJNYA3
,PINK,01tVT00000CqNKzYAN
PINK,PINK,01tVT00000CqNPpYAN
,PINK,01tVT00000CqNT3YAN
PINK,PINK,01tVT00000CqNZVYA3
NATURAL     WHITE,NATURAL     WHITE,01tVT00000CqNb7YAF
,PINK,01tVT00000CqNcjYAF
,NATURAL     WHITE,01tVT00000CqNeLYAV
WHITE,WHITE,01tVT00000CqNo1YAF
NATURAL     WHITE,NATURAL     WHITE,01tVT00000CqNpdYAF
,NATURAL     WHITE,01tVT00000CqNuTYAV
NATURAL,NATURAL,01tVT00000CqO49YAF
,NATURAL,01tVT00000CqO5lYAF
,WHITE,01tVT00000CqQigYAF
,WHITE,01tVT00000CqRtGYAV
,WHITE & GREY,01tVT00000CqRtHYAV
WHITE,WHITE,01tVT00000CqS2wYAF
,WHITE,01tVT00000CqSR9YAN
WHITE,WHITE,01tVT00000CqScQYAV
WHITE,WHITE,01tVT00000CqTjlYAF
,WHITE,01tVT00000CqTobYAF
,WHITE,01tVT00000CqUMTYA3
WHITE,WHITE,01tVT00000CqUcbYAF
WHITE,WHITE,01tVT00000CqV0nYAF
,WHITE,01tVT00000CqV5dYAF
WHITE/NATURAL,WHITE/NATURAL,01tVT00000CqVKAYA3
,WHITE,01tVT00000CqVLlYAN
WHITE,WHITE,01tVT00000CqVX3YAN
NATURAL AND WHITE,NATURAL AND WHITE,01tVT00000CqVjxYAF
,NATURAL AND WHITE,01tVT00000CqVonYAF
,WHITE/NATURAL,01tVT00000CqVwrYAF
WHITE,WHITE,01tVT00000CqW1hYAF
,WHITE,01tVT00000CqW3JYAV
WHITE,WHITE,01tVT00000CqWHpYAN
WHITE + GREY,WHITE + GREY,01tVT00000CqWT7YAN
,WHITE + GREY,01tVT00000CqWWLYA3
WHITE & GREY,WHITE & GREY,01tVT00000CqWkrYAF
,BROWN & WHITE,01tVT00000CqWkuYAF
,WHITE,01tVT00000CqWphYAF
,WHITE & GREY,01tVT00000CqWrJYAV
WHITE & GREEN,WHITE & GREEN,01tVT00000CqX4DYAV
,WHITE & GREEN,01tVT00000CqX7RYAV
WHITE,WHITE,01tVT00000CqXCHYA3
,WHITE,01tVT00000CqXDtYAN
WHITE,WHITE,01tVT00000CqXk9YAF
WHITE,WHITE,01tVT00000CqXtpYAF
,WHITE,01tVT00000CqXyfYAF
WHITE & WOOD,WHITE & WOOD,01tVT00000CqY9xYAF
,WHITE & WOOD,01tVT00000CqYEnYAN
WHITE,WHITE,01tVT00000CqYMrYAN
WHITE & GREY,WHITE & GREY,01tVT00000CqYQ5YAN
WHITE & WOOD,WHITE & WOOD,01tVT00000CqYoHYAV
,WHITE & WOOD,01tVT00000CqYt7YAF
WHITE,WHITE,01tVT00000CqYujYAF
,WHITE,01tVT00000CqZ1BYAV
,WHITE,01tVT00000CqZ61YAF
WHITE & GREEN,WHITE & GREEN,01tVT00000CqZArYAN
,WHITE & GREEN,01tVT00000CqZCTYA3
BROWN & WHITE,BROWN & WHITE,01tVT00000CqZKXYA3
WHITE & WOOD,WHITE & WOOD,01tVT00000CqZQzYAN
,WHITE & WOOD,01tVT00000CqZUDYA3
BROWN & WHITE,BROWN & WHITE,01tVT00000CqZafYAF
,BROWN & WHITE,01tVT00000CqZcHYAV
GREY,GREY,01tVT00000CqZdtYAF
,GREY,01tVT00000CqZijYAF
GREY & WHITE,GREY & WHITE,01tVT00000CqZqnYAF
,GREY & WHITE,01tVT00000CqZsPYAV
GREY,GREY,01tVT00000Cqa0TYAR
,GREY,01tVT00000Cqa5JYAR
WHITE,WHITE,01tVT00000Cqa6vYAB
,WHITE,01tVT00000CqaEzYAJ
WHITE,WHITE,01tVT00000CqarhYAB
,WHITE,01tVT00000Cqay9YAB
WHITE/BLACK /DARK WOOD/LIGHT WOOD/CUSTOMIZATION,WHITE/BLACK /DARK WOOD/LIGHT WOOD/CUSTOMIZATION,01tVT00000CqbNxYAJ
,WHITE/BLACK /DARK WOOD/LIGHT WOOD/CUSTOMIZATION,01tVT00000CqbXdYAJ
CLEAR,CLEAR,01tVT00000Cr8beYAB
,CLEAR,01tVT00000Cr8zrYAB
,WHITE+PINE WOOD,01tVT00000CrASAYA3
WHITE+BROWN,WHITE+BROWN,01tVT00000CrC5lYAF
,WHITE+BROWN,01tVT00000CrC7NYAV
"BLACK,WHITE,GRAY","BLACK,WHITE,GRAY",01tVT00000CrCDpYAN
,"BLACK,WHITE,GRAY",01tVT00000CrCIfYAN
CLEAR,CLEAR,01tVT00000CrCYnYAN
,CLEAR,01tVT00000CrCddYAF
CLEAR,CLEAR,01tVT00000CrCk5YAF
EXPLOSIVE PAINT/WHITE/BLACK,EXPLOSIVE PAINT/WHITE/BLACK,01tVT00000CrCovYAF
,EXPLOSIVE PAINT/WHITE/BLACK,01tVT00000CrCqXYAV
,CLEAR,01tVT00000CrCwzYAF
CLEAR,CLEAR,01tVT00000CrCybYAF
,CLEAR,01tVT00000CrD0DYAV
,CLEAR,01tVT00000CrD6fYAF
CLEAR,CLEAR,01tVT00000CrD9tYAF
WHITE+PINE WOOD,WHITE+PINE WOOD,01tVT00000CrDEjYAN
WHITE,WHITE,01tVT00000CrDJZYA3
,WHITE,01tVT00000CrDLBYA3
YELLOW,YELLOW,01tVT00000CrDWUYA3
PINK,PINK,01tVT00000CrDeXYAV
,PINK,01tVT00000CrDg9YAF
LIGHT BEIGE.,LIGHT BEIGE.,01tVT00000CrDmbYAF
,LIGHT BEIGE.,01tVT00000CrDrRYAV
,YELLOW,01tVT00000CrDzVYAV
BEIGE,BEIGE,01tVT00000CrE5xYAF
,BEIGE,01tVT00000CrE7ZYAV
BEIGE,BEIGE,01tVT00000CrEFdYAN
,BEIGE,01tVT00000CrEHFYA3
,"WHITE, NATURAL COLOR",01tVT00000CrK1iYAF
,BLACK,01tVT00000CrL94YAF
,NATURAL COLOR,01tVT00000CrLAgYAN
BLACK,BLACK,01tVT00000CrLIkYAN
,NATURAL,01tVT00000CrLk9YAF
"WHITE, NATURAL COLOR, BLACK","WHITE, NATURAL COLOR, BLACK",01tVT00000CrN7dYAF
,"WHITE, NATURAL COLOR, BLACK",01tVT00000CrNArYAN
NATURAL COLOR,NATURAL COLOR,01tVT00000CrNCTYA3
,NATURAL COLOR,01tVT00000CrNHJYA3
BLACK + GREY,BLACK + GREY,01tVT00000CrNHKYA3
"WHITE, NATURAL COLOR","WHITE, NATURAL COLOR",01tVT00000CrNNlYAN
NATURAL COLOR,NATURAL COLOR,01tVT00000CrNSbYAN
NATURAL COLOR,NATURAL COLOR,01tVT00000CrNcHYAV
,NATURAL COLOR,01tVT00000CrNdtYAF
NATURAL COLOR,NATURAL COLOR,01tVT00000CrNh7YAF
,NATURAL COLOR,01tVT00000CrNlxYAF
NATURAL COLOR,NATURAL COLOR,01tVT00000CrNpBYAV
,NATURAL COLOR,01tVT00000CrNqnYAF
NATURAL COLOR,NATURAL COLOR,01tVT00000CrNxFYAV
,NATURAL COLOR,01tVT00000CrNyrYAF
BLACK,BLACK,01tVT00000CrO6vYAF
BLACK,BLACK,01tVT00000CrOLRYA3
,BLACK,01tVT00000CrON3YAN
BLACK,BLACK,01tVT00000CrOmrYAF
,BLACK,01tVT00000CrOtJYAV
,BLACK,01tVT00000CrOzlYAF
BEIGE,BEIGE,01tVT00000CrPCfYAN
,BLACK + GREY,01tVT00000CrPEHYA3
,BEIGE,01tVT00000CrPHVYA3
BLACK,BLACK,01tVT00000CrPSnYAN
GREY,GREY,01tVT00000CrPXdYAN
,BLACK,01tVT00000CrPZFYA3
,GREY,01tVT00000CrParYAF
GREY,GREY,01tVT00000CrPpNYAV
,GREY,01tVT00000CrPuDYAV
,WHITE,01tVT00000CylJiYAJ
WHITE,WHITE,01tVT00000CymfZYAR
NATURAL,NATURAL,01tVT00000CyoPdYAJ
NATURAL,NATURAL,01tVT00000CyocXYAR
NATURAL,NATURAL,01tVT00000CyokbYAB
NATURAL,NATURAL,01tVT00000CyqL0YAJ
NATURAL,NATURAL,01tVT00000CyvEDYAZ
,NATURAL,01tVT00000CyvNtYAJ
,WHITE + GRAY,01tVT00000CyvSjYAJ
,MULTICOLOR,01tVT00000CyvULYAZ
NATURAL,NATURAL,01tVT00000CyvZBYAZ
,NATURAL,01tVT00000CyvirYAB
WHITE,WHITE,01tVT00000D08yzYAB
,WHITE,01tVT00000D08z0YAB
NATURAL + WHITE,NATURAL + WHITE,01tVT00000D0973YAB
,NATURAL + WHITE,01tVT00000D0974YAB
MULTICOLOR,MULTICOLOR,01tVT00000D09F7YAJ
,MULTICOLOR,01tVT00000D09F8YAJ
WHITE + GRAY,WHITE + GRAY,01tVT00000D09JxYAJ
,WHITE + GRAY,01tVT00000D09JyYAJ
WHITE,WHITE,01tVT00000D09OnYAJ
,WHITE,01tVT00000D09OoYAJ
,BEIGE,01tVT00000D1uVLYAZ
,NATURAL,01tVT00000D1wDmYAJ
,NATURAL,01tVT00000D1wfBYAR
,NATURAL,01tVT00000D1wgnYAB
,NATURAL,01tVT00000D1xZdYAJ
BEIGE,BEIGE,01tVT00000D1zOXYAZ
WHITE,WHITE,01tVT00000D24EXYAZ
,WHITE,01tVT00000D24JNYAZ
COLOR OPTIONS,COLOR OPTIONS,01tVT00000D2EozYAF
,COLOR OPTIONS,01tVT00000D2Ep0YAF
MULTIPLE,MULTIPLE,01tVT00000D2Gu2YAF
,MULTIPLE,01tVT00000D2Gu3YAF
BLACK,BLACK,01tVT00000D2Hi1YAF
,BLACK,01tVT00000D2Hi2YAF
COLOR OPTIONS,COLOR OPTIONS,01tVT00000D2HlFYAV
,COLOR OPTIONS,01tVT00000D2HlGYAV
GREEN,GREEN,01tVT00000D2Hq5YAF
,GREEN,01tVT00000D2Hq6YAF
"GREEN, YELLOW, ORANGE","GREEN, YELLOW, ORANGE",01tVT00000D2HtJYAV
,"GREEN, YELLOW, ORANGE",01tVT00000D2HtKYAV
MULTIPLE,MULTIPLE,01tVT00000D2I4dYAF
,MULTIPLE,01tVT00000D2I4eYAF
COLOR OPTIONS,COLOR OPTIONS,01tVT00000D2IW1YAN
,COLOR OPTIONS,01tVT00000D2IW2YAN
COLOR OPTIONS,COLOR OPTIONS,01tVT00000D2IarYAF
,COLOR OPTIONS,01tVT00000D2IasYAF
COLOR OPTIONS,COLOR OPTIONS,01tVT00000D2Kw2YAF
,COLOR OPTIONS,01tVT00000D2Kw3YAF
BLACK+ GRAY,BLACK+ GRAY,01tVT00000D2LbxYAF
,BLACK+ GRAY,01tVT00000D2LbyYAF
COLOR OPTIONS,COLOR OPTIONS,01tVT00000D2LdZYAV
,COLOR OPTIONS,01tVT00000D2LdaYAF
NATURAL + GREEN,NATURAL + GREEN,01tVT00000D2LfBYAV
,NATURAL + GREEN,01tVT00000D2LfCYAV
WHITE+BLACK;WHITE+GREY,WHITE+BLACK;WHITE+GREY,01tVT00000D2LgnYAF
,WHITE+BLACK;WHITE+GREY,01tVT00000D2LgoYAF
BLACK;GREY,BLACK;GREY,01tVT00000D2LldYAF
,BLACK;GREY,01tVT00000D2LleYAF
BLACK,BLACK,01tVT00000D2LqTYAV
,BLACK,01tVT00000D2LqUYAV
BLACK,BLACK,01tVT00000D2LthYAF
,BLACK,01tVT00000D2LtiYAF
COLOR OPTIONS,COLOR OPTIONS,01tVT00000D2M1lYAF
,COLOR OPTIONS,01tVT00000D2M1mYAF
COLOR OPTIONS,COLOR OPTIONS,01tVT00000D2M4zYAF
,COLOR OPTIONS,01tVT00000D2M50YAF
BLUE + BLACK,BLUE + BLACK,01tVT00000D2MBRYA3
,BLUE + BLACK,01tVT00000D2MBSYA3
NATURAL,NATURAL,01tVT00000D2YJ3YAN
,NATURAL,01tVT00000D2YJ4YAN
GREY,GREY,01tVT00000D2dXFYAZ
,GREY,01tVT00000D2dYrYAJ
BROWN,BROWN,01tVT00000D2dvRYAR
,BROWN,01tVT00000D2e0HYAR
BROWN,BROWN,01tVT00000D2eGPYAZ
,BROWN,01tVT00000D2eI1YAJ
GREY,GREY,01tVT00000D2ebNYAR
,GREY,01tVT00000D2fZ3YAJ
COLOR OPTIONS,COLOR OPTIONS,01tVT00000D2fqnYAB
,COLOR OPTIONS,01tVT00000D2g5JYAR
GREEN,GREEN,01tVT00000D2gOfYAJ
,GREEN,01tVT00000D2gV7YAJ
GREY,GREY,01tVT00000D2gZxYAJ
,GREY,01tVT00000D2gi1YAB
GREEN,GREEN,01tVT00000D2grhYAB
,GREEN,01tVT00000D2gwXYAR
COLOR OPTIONS,COLOR OPTIONS,01tVT00000D2hB3YAJ
,COLOR OPTIONS,01tVT00000D2hCfYAJ
BEIGE,BEIGE,01tVT00000D2hNxYAJ
,BEIGE,01tVT00000D2hPZYAZ
LIGHT PURPLE,LIGHT PURPLE,01tVT00000D2hcTYAR
,LIGHT PURPLE,01tVT00000D2he5YAB
OAK,OAK,01tVT00000D3XuQYAV
AS PICTURE,AS PICTURE,01tVT00000D3Y2VYAV
,OAK,01tVT00000D3YCAYA3
RUST BROWN,RUST BROWN,01tVT00000D3ZhhYAF
,RUST BROWN,01tVT00000D3ZmXYAV
AS PICTURE,AS PICTURE,01tVT00000D3a2gYAB
LIGHT GREY,LIGHT GREY,01tVT00000D3a4HYAR
,LIGHT GREY,01tVT00000D3a5tYAB
WALNUT,WALNUT,01tVT00000D3aInYAJ
,WALNUT,01tVT00000D3aKPYAZ
WALNUT,WALNUT,01tVT00000D3aU5YAJ
,WALNUT,01tVT00000D3aVhYAJ
WALNUT,WALNUT,01tVT00000D3adlYAB
,WALNUT,01tVT00000D3afNYAR
WALNUT,WALNUT,01tVT00000D3akDYAR
,WALNUT,01tVT00000D3ap3YAB
AS PICTURE,AS PICTURE,01tVT00000D3b0LYAR
,AS PICTURE,01tVT00000D3b5BYAR
,AS PICTURE,01tVT00000D3bDFYAZ
,AS PICTURE,01tVT00000D3bI5YAJ
AS PICTURE,AS PICTURE,01tVT00000D3bMvYAJ
,AS PICTURE,01tVT00000D3bOXYAZ
AS PICTURE,AS PICTURE,01tVT00000D3bZpYAJ
,AS PICTURE,01tVT00000D3bbRYAR
AS PICTURE,AS PICTURE,01tVT00000D3bgHYAR
,AS PICTURE,01tVT00000D3bhtYAB
AS PICTURE,AS PICTURE,01tVT00000D3bl7YAB
,AS PICTURE,01tVT00000D3bpxYAB
AS PICTURE,AS PICTURE,01tVT00000D3bunYAB
,AS PICTURE,01tVT00000D3bwPYAR
WOOD + WHITE,WOOD + WHITE,01tVT00000D3bzeYAB
AS PICTURE,AS PICTURE,01tVT00000D3c2rYAB
,AS PICTURE,01tVT00000D3c7hYAB
AS PICTURE,AS PICTURE,01tVT00000D3cIzYAJ
,AS PICTURE,01tVT00000D3cNpYAJ
AS PICTURE,AS PICTURE,01tVT00000D3cSfYAJ
,AS PICTURE,01tVT00000D3cUHYAZ
,OPTIONAL,01tVT00000D3cXXYAZ
AS PICTURE,AS PICTURE,01tVT00000D3cinYAB
,AS PICTURE,01tVT00000D3ckPYAR
AS PICTURE,AS PICTURE,01tVT00000D3cpFYAR
,AS PICTURE,01tVT00000D3cu5YAB
OPTIONAL,OPTIONAL,01tVT00000D3cxKYAR
,OPTIONAL,01tVT00000D3d5OYAR
AS PICTURE,AS PICTURE,01tVT00000D3d6zYAB
,AS PICTURE,01tVT00000D3d8bYAB
WOOD + WHITE,WOOD + WHITE,01tVT00000D3dJuYAJ
,OPTIONAL,01tVT00000D3dVCYAZ
OPTIONAL,OPTIONAL,01tVT00000D3doYYAR
OPTIONAL,OPTIONAL,01tVT00000D3e9VYAR
,OPTIONAL,01tVT00000D3eB7YAJ
OPTIONAL,OPTIONAL,01tVT00000D3eCjYAJ
,OPTIONAL,01tVT00000D3eHZYAZ
,OPTIONAL,01tVT00000D3eKoYAJ
OPTIONAL,OPTIONAL,01tVT00000D3eO1YAJ
,OPTIONAL,01tVT00000D3ePdYAJ
OPTIONAL,OPTIONAL,01tVT00000D3eUTYAZ
,OPTIONAL,01tVT00000D3eZJYAZ
OPTIONAL,OPTIONAL,01tVT00000D3eflYAB
,OPTIONAL,01tVT00000D3eizYAB
OPTIONAL,OPTIONAL,01tVT00000D3epRYAR
,OPTIONAL,01tVT00000D3euIYAR
,OPTIONAL,01tVT00000D3exVYAR
OPTIONAL,OPTIONAL,01tVT00000D3f2LYAR
,OPTIONAL,01tVT00000D3f7BYAR
WHITE + WOOD,WHITE + WOOD,01tVT00000D3f8nYAB
,WHITE + WOOD,01tVT00000D3fFFYAZ
OPTIONAL,OPTIONAL,01tVT00000D3fGrYAJ
OPTIONAL,OPTIONAL,01tVT00000D3fLhYAJ
,WOOD + BLACK,01tVT00000D3fOwYAJ
OPTIONAL,OPTIONAL,01tVT00000D3fS9YAJ
,OPTIONAL,01tVT00000D3fVNYAZ
,OPTIONAL,01tVT00000D3faDYAR
,WOOD + WHITE,01tVT00000D3ff3YAB
,OPTIONAL,01tVT00000D3fiIYAR
,WOOD + WHITE,01tVT00000D3fjtYAB
OPTIONAL,OPTIONAL,01tVT00000D3fqMYAR
OPTIONAL,OPTIONAL,01tVT00000D3fvBYAR
,OPTIONAL,01tVT00000D3fwnYAB
OPTIONAL,OPTIONAL,01tVT00000D3g01YAB
,OPTIONAL,01tVT00000D3g1eYAB
,OPTIONAL,01tVT00000D3g4rYAB
OPTIONAL,OPTIONAL,01tVT00000D3g9hYAB
OPTIONAL,OPTIONAL,01tVT00000D3gG9YAJ
,OPTIONAL,01tVT00000D3gGBYAZ
,OPTIONAL,01tVT00000D3gHlYAJ
OPTIONAL,OPTIONAL,01tVT00000D3gMbYAJ
OPTIONAL,OPTIONAL,01tVT00000D3gRRYAZ
OPTIONAL,OPTIONAL,01tVT00000D3gZVYAZ
,OPTIONAL,01tVT00000D3gb7YAB
OPTIONAL,OPTIONAL,01tVT00000D3gfxYAB
,OPTIONAL,01tVT00000D3ghZYAR
OPTIONAL,OPTIONAL,01tVT00000D3gmPYAR
OPTIONAL,OPTIONAL,01tVT00000D3grFYAR
,OPTIONAL,01tVT00000D3gsrYAB
OPTIONAL,OPTIONAL,01tVT00000D3gxhYAB
,OPTIONAL,01tVT00000D3gzJYAR
OPTIONAL,OPTIONAL,01tVT00000D3h49YAB
BLACK,BLACK,01tVT00000D3h7NYAR
,BLACK,01tVT00000D3hCDYAZ
,OPTIONAL,01tVT00000D3hIfYAJ
,OPTIONAL,01tVT00000D3hP7YAJ
OPTIONAL,OPTIONAL,01tVT00000D3hTxYAJ
SAME AS PHOTO,SAME AS PHOTO,01tVT00000D3hYnYAJ
,SAME AS PHOTO,01tVT00000D3hddYAB
SAME AS PHOTO,SAME AS PHOTO,01tVT00000D3i1pYAB
,SAME AS PHOTO,01tVT00000D3i3RYAR
,SAME AS PHOTO,01tVT00000D3jCQYAZ
,SAME AS PHOTO,01tVT00000D3jIsYAJ
SAME AS PHOTO,SAME AS PHOTO,01tVT00000D3kbVYAR
,SAME AS PHOTO,01tVT00000D3kejYAB
SAME AS PHOTO,SAME AS PHOTO,01tVT00000D3kjZYAR
,SAME AS PHOTO,01tVT00000D3klBYAR
SAME AS PHOTO,SAME AS PHOTO,01tVT00000D3ktFYAR
,SAME AS PHOTO,01tVT00000D3kurYAB
SAME AS PHOTO,SAME AS PHOTO,01tVT00000D3kzhYAB
,SAME AS PHOTO,01tVT00000D3l1JYAR
WOOD + BLACK,WOOD + BLACK,01tVT00000D3l69YAB
SAME AS PHOTO,SAME AS PHOTO,01tVT00000D3l6AYAR
SAME AS PHOTO,SAME AS PHOTO,01tVT00000D3lFpYAJ
,SAME AS PHOTO,01tVT00000D3lJ3YAJ
SAME AS PHOTO,SAME AS PHOTO,01tVT00000D3lMHYAZ
,SAME AS PHOTO,01tVT00000D3lNtYAJ
SAME AS PHOTO,SAME AS PHOTO,01tVT00000D3lSjYAJ
,SAME AS PHOTO,01tVT00000D3lVxYAJ
SAME AS PHOTO,SAME AS PHOTO,01tVT00000D3lZBYAZ
,SAME AS PHOTO,01tVT00000D3lanYAB
COLOR OPTIONS,COLOR OPTIONS,01tVT00000D3nCnYAJ
,COLOR OPTIONS,01tVT00000D3nRJYAZ
COLOR OPTIONS,COLOR OPTIONS,01tVT00000D3nj3YAB
,COLOR OPTIONS,01tVT00000D3nntYAB
COLOR OPTIONS,COLOR OPTIONS,01tVT00000D3o5dYAB
,COLOR OPTIONS,01tVT00000D3o7FYAR
BLACK,BLACK,01tVT00000D3p3KYAR
,BLACK,01tVT00000D3qaTYAR
WOOD + BLACK,WOOD + BLACK,01tVT00000D3qqbYAB
,WOOD + BLACK,01tVT00000D3qvRYAR
BLACK + WOOD,BLACK + WOOD,01tVT00000D3rI1YAJ
,BLACK + WOOD,01tVT00000D3rQ5YAJ
COLOR OPTIONS,COLOR OPTIONS,01tVT00000D4NxqYAF
COLOR OPTIONS,COLOR OPTIONS,01tVT00000D4RLWYA3
COLOR OPTIONS,COLOR OPTIONS,01tVT00000D4RjiYAF
,WHITE + BROWN,01tVT00000D4S1SYAV
BLACK,BLACK,01tVT00000D4SmDYAV
,BLACK,01tVT00000D4SvtYAF
GREY + WHITE + BLACK,GREY + WHITE + BLACK,01tVT00000D4T3xYAF
,GREY + WHITE + BLACK,01tVT00000D4T8nYAF
WHITE + WOOD,WHITE + WOOD,01tVT00000D4TiHYAV
,WHITE + WOOD,01tVT00000D4Tn7YAF
WHITE + BROWN,WHITE + BROWN,01tVT00000D4U6TYAV
,WHITE + BROWN,01tVT00000D4UBJYA3
WHITE + BROWN,WHITE + BROWN,01tVT00000D4UG9YAN
WOOD + BLACK,WOOD + BLACK,01tVT00000D4UUfYAN
,WOOD + BLACK,01tVT00000D4UfxYAF
WOOD + BLACK,WOOD + BLACK,01tVT00000D4UpdYAF
,WOOD + BLACK,01tVT00000D4UrFYAV
WHITE + BROWN,WHITE + BROWN,01tVT00000D4UxhYAF
,WHITE + BROWN,01tVT00000D4V2XYAV
WOOD + BLACK,WOOD + BLACK,01tVT00000D4VCDYA3
,WOOD + BLACK,01tVT00000D4VDpYAN
BLACK,BLACK,01tVT00000D4VKHYA3
,BLACK,01tVT00000D4VLtYAN
,COLOR OPTIONS,01tVT00000D4VQkYAN
,WOOD,01tVT00000D4VYoYAN
BLACK + WOOD,BLACK + WOOD,01tVT00000D4VgrYAF
,BLACK + WOOD,01tVT00000D4VlhYAF
WOOD + BLACK,WOOD + BLACK,01tVT00000D4VwzYAF
,WOOD + BLACK,01tVT00000D4W1pYAF
COLOR OPTIONS,COLOR OPTIONS,01tVT00000D4WJZYA3
,COLOR OPTIONS,01tVT00000D4WOPYA3
COLOR OPTIONS,COLOR OPTIONS,01tVT00000D4WTFYA3
,COLOR OPTIONS,01tVT00000D4WeYYAV
,COLOR OPTIONS,01tVT00000D4WrRYAV
COLOR OPTIONS,COLOR OPTIONS,01tVT00000D4X17YAF
,COLOR OPTIONS,01tVT00000D4X7aYAF
,COLOR OPTIONS,01tVT00000D4XAnYAN
WOOD,WOOD,01tVT00000D4XQvYAN
,WOOD,01tVT00000D4XXNYA3
WOOD,WOOD,01tVT00000D4Xh3YAF
,WOOD,01tVT00000D4XifYAF
WOOD,WOOD,01tVT00000D4XqjYAF
,WOOD,01tVT00000D4XvZYAV
BLACK,BLACK,01tVT00000D4YreYAF
,WOOD,01tVT00000D4ZNuYAN
,WOOD,01tVT00000D4ZNvYAN
WOOD,WOOD,01tVT00000D4ZXaYAN
,WOOD,01tVT00000D4Zu9YAF
WOOD,WOOD,01tVT00000D4a3pYAB
,WOOD,01tVT00000D4a5RYAR
,CREAM,01tVT00000D4a8fYAB
WOOD,WOOD,01tVT00000D4aGjYAJ
,WOOD,01tVT00000D4aILYAZ
WOOD,WOOD,01tVT00000D4aTdYAJ
,WOOD,01tVT00000D4aYTYAZ
WOOD,WOOD,01tVT00000D4aYUYAZ
WOOD,WOOD,01tVT00000D4agXYAR
,WOOD,01tVT00000D4aobYAB
WOOD,WOOD,01tVT00000D4atRYAR
,WOOD,01tVT00000D4awfYAB
,WOOD,01tVT00000D4cFKYAZ
WOOD,WOOD,01tVT00000D4cOzYAJ
,BLACK,01tVT00000D4cbtYAB
WOOD,WOOD,01tVT00000D4cs1YAB
,WOOD,01tVT00000D4cwrYAB
WOOD + COLOR OPTIONS,WOOD + COLOR OPTIONS,01tVT00000D4dRVYAZ
,WOOD + COLOR OPTIONS,01tVT00000D4dUjYAJ
WOOD,WOOD,01tVT00000D4dg1YAB
WOOD,WOOD,01tVT00000D4dphYAB
BLACK,BLACK,01tVT00000D4gVqYAJ
YELLOW,YELLOW,01tVT00000D4gZ3YAJ
,BLACK,01tVT00000D4gfWYAR
,YELLOW,01tVT00000D4gijYAB
WHITE,WHITE,01tVT00000D4i1NYAR
,WHITE,01tVT00000D4i6DYAR
WOOD,WOOD,01tVT00000D4iEHYAZ
,WOOD,01tVT00000D4iHVYAZ
WHITE,WHITE,01tVT00000D4iPZYAZ
,WHITE,01tVT00000D4iUPYAZ
WHITE,WHITE,01tVT00000D4ie5YAB
,WHITE,01tVT00000D4iivYAB
MINT GREEN,MINT GREEN,01tVT00000D4ipOYAR
WHITE,WHITE,01tVT00000D4iqzYAB
,WHITE,01tVT00000D4isbYAB
WHITE,WHITE,01tVT00000D4j3tYAB
,WHITE,01tVT00000D4j5VYAR
WOOD,WOOD,01tVT00000D4jezYAB
,WOOD,01tVT00000D4jlRYAR
BEIGE,BEIGE,01tVT00000D4krBYAR
,BEIGE,01tVT00000D4ksnYAB
BEIGE,BEIGE,01tVT00000D4l7JYAR
,BEIGE,01tVT00000D4l8vYAB
,MINT GREEN,01tVT00000D4lTtYAJ
GREEN,GREEN,01tVT00000D4lTuYAJ
GREY,GREY,01tVT00000D4lldYAB
,GREY,01tVT00000D4lnFYAR
,GREEN,01tVT00000D4m1lYAB
MUSTARD,MUSTARD,01tVT00000D4mD3YAJ
,MUSTARD,01tVT00000D4mGHYAZ
COFFEE,COFFEE,01tVT00000D4mMjYAJ
,COFFEE,01tVT00000D4mRZYAZ
ORANGE,ORANGE,01tVT00000D4meTYAR
,ORANGE,01tVT00000D4mhhYAB
YELLOW,YELLOW,01tVT00000D4mrNYAR
,YELLOW,01tVT00000D4mszYAB
BLUE,BLUE,01tVT00000D4n2fYAB
,BLUE,01tVT00000D4n4HYAR
WHITE + WOOD + BLACK,WHITE + WOOD + BLACK,01tVT00000D5DzdYAF
,WHITE + WOOD + BLACK,01tVT00000D5DzeYAF
,CARAMEL BROWN,01tVT00000D5H2NYAV
ARMY GREEN,ARMY GREEN,01tVT00000D5KWTYA3
,ARMY GREEN,01tVT00000D5KbJYAV
COLOR OPTIONS,COLOR OPTIONS,01tVT00000D5KoDYAV
,COLOR OPTIONS,01tVT00000D5Kt3YAF
CARAMEL BROWN,CARAMEL BROWN,01tVT00000D5KzVYAV
COLOR OPTIONS,COLOR OPTIONS,01tVT00000D5LPJYA3
BLACK/WHITE,BLACK/WHITE,01tVT00000D5LSXYA3
,BLACK/WHITE,01tVT00000D5LVlYAN
,COLOR OPTIONS,01tVT00000D5Lh3YAF
WOOD  + BLACK,WOOD  + BLACK,01tVT00000D5LifYAF
,WOOD  + BLACK,01tVT00000D5Lp7YAF
WOOD + BLACK,WOOD + BLACK,01tVT00000D5LxBYAV
,WOOD + BLACK,01tVT00000D5M21YAF
WOOD,WOOD,01tVT00000D5M8TYAV
,WOOD,01tVT00000D5MDJYA3
WOOD,WOOD,01tVT00000D5MI9YAN
,WOOD,01tVT00000D5MMzYAN
COLOR OPTIONS,COLOR OPTIONS,01tVT00000D5MObYAN
,COLOR OPTIONS,01tVT00000D5MTRYA3
WOOD,WOOD,01tVT00000D5MWfYAN
,WOOD,01tVT00000D5MYHYA3
COLOR OPTIONS,COLOR OPTIONS,01tVT00000D5Md7YAF
,COLOR OPTIONS,01tVT00000D5MhxYAF
OPTIONAL,OPTIONAL,01tVT00000D5On0YAF
OPTIONAL,OPTIONAL,01tVT00000D5OwfYAF
,OPTIONAL,01tVT00000D5P1VYAV
WOOD,WOOD,01tVT00000D5P9ZYAV
,WOOD,01tVT00000D5PEPYA3
OPTIONAL,OPTIONAL,01tVT00000D5RJSYA3
OPTIONAL,OPTIONAL,01tVT00000D5SgvYAF
,OPTIONAL,01tVT00000D5SozYAF
,OPTIONAL,01tVT00000D5T1tYAF
,OPTIONAL,01tVT00000D5TLFYA3
OPTIONAL,OPTIONAL,01tVT00000D5TWXYA3
,OPTIONAL,01tVT00000D5TY9YAN
COLOR OPTIONS,COLOR OPTIONS,01tVT00000D5XjpYAF
,COLOR OPTIONS,01tVT00000D5XqHYAV
COLOR OPTIONS,COLOR OPTIONS,01tVT00000D5Y1ZYAV
,COLOR OPTIONS,01tVT00000D5Y3BYAV
WHITE,WHITE,01tVT00000D5Yj7YAF
,WHITE,01tVT00000D5YkjYAF
WOOD,WOOD,01tVT00000D5ZorYAF
,WOOD,01tVT00000D5ZqUYAV
,WOOD,01tVT00000D5ZyXYAV
WOOD,WOOD,01tVT00000D5a4zYAB
,WOOD,01tVT00000D5a9pYAB
WOOD,WOOD,01tVT00000D5aEfYAJ
WOOD,WOOD,01tVT00000D5aRZYAZ
,WOOD,01tVT00000D5aWPYAZ
WOOD,WOOD,01tVT00000D5abFYAR
,WOOD,01tVT00000D5ajJYAR
WOOD + BLACK,WOOD + BLACK,01tVT00000D5aubYAB
MULTIPLE,MULTIPLE,01tVT00000D5awDYAR
,MULTIPLE,01tVT00000D5b13YAB
,WOOD + BLACK,01tVT00000D5b2fYAB
WOOD,WOOD,01tVT00000D5bAjYAJ
,WOOD,01tVT00000D5bFZYAZ
GREY + BLACK,GREY + BLACK,01tVT00000D5bU5YAJ
,GREY + BLACK,01tVT00000D5bXJYAZ
GREY + WHITE,GREY + WHITE,01tVT00000D5bkDYAR
,GREY + WHITE,01tVT00000D5bttYAB
GREY + WHITE + BLACK,GREY + WHITE + BLACK,01tVT00000D5c8PYAR
,GREY + WHITE + BLACK,01tVT00000D5cGTYAZ
WHITE,WHITE,01tVT00000D5cOXYAZ
,WHITE,01tVT00000D5cTNYAZ
WOOD,WOOD,01tVT00000D5myzYAB
,WOOD,01tVT00000D5mz0YAB
BLACK,BLACK,01tVT00000D5rPBYAZ
,BLACK,01tVT00000D5rPCYAZ
BROWN+WOOD,BROWN+WOOD,01tVT00000D5rQnYAJ
,BROWN+WOOD,01tVT00000D5rQoYAJ
WOOD,WOOD,01tVT00000D5rVdYAJ
,WOOD,01tVT00000D5rVeYAJ
CREAM,CREAM,01tVT00000D5rXFYAZ
,CREAM,01tVT00000D5rXGYAZ
COLOR OPTIONS,COLOR OPTIONS,01tVT00000D5rYrYAJ
,COLOR OPTIONS,01tVT00000D5rYsYAJ
CREAM,CREAM,01tVT00000D5raTYAR
,CREAM,01tVT00000D5raUYAR
BLACK,BLACK,01tVT00000D99B3YAJ
,BLACK,01tVT00000D99J7YAJ
BLACK,BLACK,01tVT00000D99RBYAZ
,BLACK,01tVT00000D99W1YAJ
WOOD + BEIGE,WOOD + BEIGE,01tVT00000D99hJYAR
,WOOD + BEIGE,01tVT00000D9A5VYAV
GREEN + BLUE + GREY + BLACK,GREEN + BLUE + GREY + BLACK,01tVT00000D9AThYAN
,GREEN + BLUE + GREY + BLACK,01tVT00000D9AYXYA3
BLACK (Y7510),BLACK (Y7510),01tVT00000D9AiEYAV
,BLACK (Y7510),01tVT00000D9BO9YAN
BLACK/WHITE,BLACK/WHITE,01tVT00000D9BftYAF
,BLACK/WHITE,01tVT00000D9BnxYAF
WHITE,WHITE,01tVT00000D9BxdYAF
,WHITE,01tVT00000D9C45YAF
WHITE,WHITE,01tVT00000D9CAXYA3
,WHITE,01tVT00000D9CLpYAN
WHITE,WHITE,01tVT00000D9CVVYA3
,WHITE,01tVT00000D9CaLYAV
WHITE,WHITE,01tVT00000D9CorYAF
,WHITE,01tVT00000D9CqTYAV
WHITE,WHITE,01tVT00000D9CwvYAF
,WHITE,01tVT00000D9D8DYAV
WOOD,WOOD,01tVT00000D9FLJYA3
,WOOD,01tVT00000D9FQ9YAN
WHITE,WHITE,01tVT00000D9FYDYA3
,WHITE,01tVT00000D9FZpYAN
WHITE,WHITE,01tVT00000D9FpyYAF
BLACK,BLACK,01tVT00000D9FrZYAV
,BLACK,01tVT00000D9GHNYA3
WHITE + WOOD,WHITE + WOOD,01tVT00000D9GXVYA3
,WHITE + WOOD,01tVT00000D9GZ7YAN
,WHITE,01tVT00000D9Gm1YAF
WHITE,WHITE,01tVT00000D9GvhYAF
,WHITE,01tVT00000D9H0XYAV
WHITE,WHITE,01tVT00000D9H8bYAF
,WHITE,01tVT00000D9HADYA3
WHITE,WHITE,01tVT00000D9HDRYA3
,WHITE,01tVT00000D9HIHYA3
,COLOR OPTIONS,01tVT00000D9I4fYAF
BLACK,BLACK,01tVT00000D9K6UYAV
WOOD,WOOD,01tVT00000D9LAbYAN
,WOOD,01tVT00000D9LFRYA3
WOOD,WOOD,01tVT00000D9LTxYAN
,WOOD,01tVT00000D9LaPYAV
WOOD,WOOD,01tVT00000D9LnJYAV
,WOOD,01tVT00000D9Ls9YAF
WOOD,WOOD,01tVT00000D9M0DYAV
,WOOD,01tVT00000D9M53YAF
WHITE,WHITE,01tVT00000D9MLBYA3
,WHITE,01tVT00000D9MQ1YAN
BLACK +DOOR YZ6630,BLACK +DOOR YZ6630,01tVT00000D9MbJYAV
,BLACK +DOOR YZ6630,01tVT00000D9MeXYAV
,BLACK,01tVT00000D9NnVYAV
,BLACK,01tVT00000D9NvaYAF
BLACK,BLACK,01tVT00000D9OI9YAN
WOOD,WOOD,01tVT00000D9OjZYAV
,WOOD,01tVT00000D9Oq1YAF
,MULTIPLE,01tVT00000D9SaHYAV
,COLOR OPTIONS,01tVT00000D9SteYAF
COLOR OPTIONS,COLOR OPTIONS,01tVT00000D9T05YAF
BEIGE,BEIGE,01tVT00000DA2HBYA1
,BEIGE,01tVT00000DA2HCYA1
,COLOR OPTIONS,01tVT00000DA6cYYAT
COLOR OPTIONS,COLOR OPTIONS,01tVT00000DA8BJYA1
COLOR OPTIONS,COLOR OPTIONS,01tVT00000DA9DpYAL
,COLOR OPTIONS,01tVT00000DA9IfYAL
COLOR OPTIONS,COLOR OPTIONS,01tVT00000DA9TxYAL
,COLOR OPTIONS,01tVT00000DA9VZYA1
COLOR OPTIONS,COLOR OPTIONS,01tVT00000DA9fFYAT
,COLOR OPTIONS,01tVT00000DA9grYAD
OPTIONAL,OPTIONAL,01tVT00000DAGIXYA5
,OPTIONAL,01tVT00000DAGLlYAP
OPTIONAL,OPTIONAL,01tVT00000DAGTpYAP
,OPTIONAL,01tVT00000DAGX3YAP
OPTIONAL,OPTIONAL,01tVT00000DAGgjYAH
,OPTIONAL,01tVT00000DAGnBYAX
OPTIONAL,OPTIONAL,01tVT00000DAGyTYAX
,OPTIONAL,01tVT00000DAH3JYAX
OPTIONAL,OPTIONAL,01tVT00000DAHCzYAP
,OPTIONAL,01tVT00000DAHJRYA5
OPTIONAL,OPTIONAL,01tVT00000DAHUjYAP
,OPTIONAL,01tVT00000DAHePYAX
,AS PICTURE,01tVT00000DD2aoYAD
,MULTIPLE COLORES,01tVT00000DDAeoYAH
COLOR OPTIONS,COLOR OPTIONS,01tVT00000DDEDmYAP
,COLOR OPTIONS,01tVT00000DDEqTYAX
COLOR OPTIONS,COLOR OPTIONS,01tVT00000DDFUnYAP
,COLOR OPTIONS,01tVT00000DDFZdYAP
WHITE,WHITE,01tVT00000DDQLNYA5
,WHITE,01tVT00000DDQbVYAX
NATURAL,NATURAL,01tVT00000DDocDYAT
,COLOR OPTIONS,01tVT00000DDquAYAT
BLACK/PINK/BLUE/WHITE,BLACK/PINK/BLUE/WHITE,01tVT00000DDr5RYAT
,BLACK/PINK/BLUE/WHITE,01tVT00000DDr73YAD
COLOR OPTIONS,COLOR OPTIONS,01tVT00000DDukrYAD
,COLOR OPTIONS,01tVT00000DDvSPYA1
COLOR OPTIONS,COLOR OPTIONS,01tVT00000DDvc5YAD
COLOR OPTIONS,COLOR OPTIONS,01tVT00000DDvllYAD
,COLOR OPTIONS,01tVT00000DDvsDYAT
COLOR OPTIONS,COLOR OPTIONS,01tVT00000DDw9xYAD
,COLOR OPTIONS,01tVT00000DDwDBYA1
COLOR OPTIONS,COLOR OPTIONS,01tVT00000DDwLFYA1
,COLOR OPTIONS,01tVT00000DDwMrYAL
WHITE+BLACK,WHITE+BLACK,01tVT00000DDwukYAD
BLUE+WHITE/WHITE,BLUE+WHITE/WHITE,01tVT00000DDyrhYAD
,BLUE+WHITE/WHITE,01tVT00000DDyy9YAD
WHITE,WHITE,01tVT00000DDz4bYAD
,WHITE,01tVT00000DDzB3YAL
WHITE,WHITE,01tVT00000DDzFtYAL
,WHITE,01tVT00000DDzMLYA1
WHITE,WHITE,01tVT00000DDzqzYAD
,WHITE,01tVT00000DDzuDYAT
WHITE,WHITE,01tVT00000DDzz3YAD
,WHITE,01tVT00000DE03tYAD
,WHITE+BLACK,01tVT00000DE0DZYA1
OPTIONAL,OPTIONAL,01tVT00000DE3csYAD
OPTIONAL,OPTIONAL,01tVT00000DE4kDYAT
,OPTIONAL,01tVT00000DE4lpYAD
,OPTIONAL,01tVT00000DE4x7YAD
OPTIONAL,OPTIONAL,01tVT00000DE5DFYA1
,OPTIONAL,01tVT00000DE5GTYA1
,NATURAL,01tVT00000DEl4PYAT
,BLACK,01tVT00000DEoyLYAT
BLACK FRAME + NATURAL WOOD,BLACK FRAME + NATURAL WOOD,01tVT00000DEsfNYAT
,BLACK FRAME + NATURAL WOOD,01tVT00000DEsibYAD
NATURAL,NATURAL,01tVT00000DEt6nYAD
,NATURAL,01tVT00000DEtBdYAL
WHITE + NATURAL,WHITE + NATURAL,01tVT00000DEtLJYA1
,WHITE + NATURAL,01tVT00000DEtQ9YAL
,WHITE + NATURAL,01tVT00000DEtjVYAT
OPTIONAL,OPTIONAL,01tVT00000DFjJuYAL
,OPTIONAL,01tVT00000DFlGrYAL
OPTIONAL,OPTIONAL,01tVT00000DFlYbYAL
,OPTIONAL,01tVT00000DFldRYAT
OPTIONAL,OPTIONAL,01tVT00000DFmEXYA1
,OPTIONAL,01tVT00000DFmJNYA1
BLACK,BLACK,01tVT00000DGNXSYA5
,BLACK,01tVT00000DGRMXYA5
SET COMEDOR + 6 SILLAS BLACK FRAME + NATURAL WOOD 180X90X74 CM,SET COMEDOR + 6 SILLAS BLACK FRAME + NATURAL WOOD 180X90X74 CM,01tVT00000DPIiDYAX
,SET COMEDOR + 6 SILLAS BLACK FRAME + NATURAL WOOD 180X90X74 CM,01tVT00000DPIn3YAH
BLACK& WHITE,BLACK& WHITE,01tVT00000DPLEgYAP
DARK GREY,DARK GREY,01tVT00000DPNEsYAP
,BLACK& WHITE,01tVT00000DPNZpYAP
COLOR OPTIONS,COLOR OPTIONS,01tVT00000DPOfZYAX
,COLOR OPTIONS,01tVT00000DPOndYAH
COLOR OPTIONS,COLOR OPTIONS,01tVT00000DPOsTYAX
,COLOR OPTIONS,01tVT00000DPOu5YAH
COLOR OPTIONS,COLOR OPTIONS,01tVT00000DPP8bYAH
,COLOR OPTIONS,01tVT00000DPPADYA5
BLACK+GREEN,BLACK+GREEN,01tVT00000DPPWnYAP
,BLACK+GREEN,01tVT00000DPPYPYA5
,DARK GREY,01tVT00000DPPq9YAH
BLACK+GREEN,BLACK+GREEN,01tVT00000DPQ1RYAX
,BLACK+GREEN,01tVT00000DPQKnYAP
BLACK,BLACK,01tVT00000DPR7BYAX
,BLACK,01tVT00000DPRC1YAP
WHITE,WHITE,01tVT00000DPROvYAP
,WHITE,01tVT00000DPRQXYA5
WHITE,WHITE,01tVT00000DQ5KkYAL
TRANSPARENT/CUSTOMIZED,TRANSPARENT/CUSTOMIZED,01tVT00000DQ5arYAD
,TRANSPARENT/CUSTOMIZED,01tVT00000DQ5ivYAD
TRANSPARENT/CUSTOMIZED,TRANSPARENT/CUSTOMIZED,01tVT00000DQ677YAD
,TRANSPARENT/CUSTOMIZED,01tVT00000DQ6BxYAL
TRANSPARENT/CUSTOMIZED,TRANSPARENT/CUSTOMIZED,01tVT00000DQ6IPYA1
,TRANSPARENT/CUSTOMIZED,01tVT00000DQ7UbYAL
TRANSPARENT/CUSTOMIZED,TRANSPARENT/CUSTOMIZED,01tVT00000DQ7XqYAL
,TRANSPARENT/CUSTOMIZED,01tVT00000DQ7cfYAD
TRANSPARENT/CUSTOMIZED,TRANSPARENT/CUSTOMIZED,01tVT00000DQ7j7YAD
,TRANSPARENT/CUSTOMIZED,01tVT00000DQ7kjYAD
PP,PP,01tVT00000DQ7pZYAT
,PP,01tVT00000DQ7rBYAT
TRANSPARENT/CUSTOMIZED,TRANSPARENT/CUSTOMIZED,01tVT00000DQ7uQYAT
TRANSPARENT/CUSTOMIZED,TRANSPARENT/CUSTOMIZED,01tVT00000DQ7xdYAD
,TRANSPARENT/CUSTOMIZED,01tVT00000DQ82TYAT
,TRANSPARENT/CUSTOMIZED,01tVT00000DQ9BRYA1
WHITE,WHITE,01tVT00000DQ9GHYA1
,WHITE,01tVT00000DQ9L7YAL
,WHITE,01tVT00000DQ9PxYAL
WHITE,WHITE,01tVT00000DQ9crYAD
,WHITE,01tVT00000DQ9eTYAT
WHITE,WHITE,01tVT00000DQ9jJYAT
,WHITE,01tVT00000DQ9o9YAD
WHITE,WHITE,01tVT00000DQ9szYAD
,WHITE,01tVT00000DQ9ubYAD
WHITE,WHITE,01tVT00000DQBErYAP
,WHITE,01tVT00000DQBI5YAP
WHITE,WHITE,01tVT00000DQBMvYAP
,WHITE,01tVT00000DQBOXYA5
BLUE/GREEN/PINK/OFF WHITE/CUSTOMIZED,BLUE/GREEN/PINK/OFF WHITE/CUSTOMIZED,01tVT00000DQBbRYAX
,BLUE/GREEN/PINK/OFF WHITE/CUSTOMIZED,01tVT00000DQCinYAH
BLUE/GREEN/PINK/OFF WHITE/CUSTOMIZED,BLUE/GREEN/PINK/OFF WHITE/CUSTOMIZED,01tVT00000DQCqrYAH
,BLUE/GREEN/PINK/OFF WHITE/CUSTOMIZED,01tVT00000DQCvhYAH
PP,PP,01tVT00000DQD0XYAX
,PP,01tVT00000DQD5NYAX
BLUE/GREEN/PINK/OFF WHITE/CUSTOMIZED,BLUE/GREEN/PINK/OFF WHITE/CUSTOMIZED,01tVT00000DQD8bYAH
,BLUE/GREEN/PINK/OFF WHITE/CUSTOMIZED,01tVT00000DQDDRYA5
PP,PP,01tVT00000DQDIHYA5
,PP,01tVT00000DQDN7YAP
BLUE/GREEN/PINK/OFF WHITE/ CUSTOMIZED,BLUE/GREEN/PINK/OFF WHITE/ CUSTOMIZED,01tVT00000DQDOjYAP
,BLUE/GREEN/PINK/OFF WHITE/ CUSTOMIZED,01tVT00000DQDTZYA5
BLACK+RED,BLACK+RED,01tVT00000DQHqXYAX
,BLACK+RED,01tVT00000DQIBVYA5
BLACK,BLACK,01tVT00000DQfrFYAT
,BLACK,01tVT00000DQfrGYAT
AS PICTURE,AS PICTURE,01tVT00000DR8mpYAD
TRANSPARENT/ TRANSPARENT GREY,TRANSPARENT/ TRANSPARENT GREY,01tVT00000DR8tHYAT
AS PICTURE,AS PICTURE,01tVT00000DRA0bYAH
,AS PICTURE,01tVT00000DRA2DYAX
,AS PICTURE,01tVT00000DRAJyYAP
,AS PICTURE,01tVT00000DRALZYA5
AS PICTURE,AS PICTURE,01tVT00000DRATdYAP
,AS PICTURE,01tVT00000DRAgYYAX
,AS PICTURE,01tVT00000DRAqDYAX
AS PICTURE,AS PICTURE,01tVT00000DRAyHYAX
,AS PICTURE,01tVT00000DRB1VYAX
AS PICTURE,AS PICTURE,01tVT00000DRB6LYAX
,AS PICTURE,01tVT00000DRBEPYA5
AS PICTURE,AS PICTURE,01tVT00000DRBJFYA5
AS PICTURE,AS PICTURE,01tVT00000DRBW9YAP
AS PICTURE,AS PICTURE,01tVT00000DRBfpYAH
,AS PICTURE,01tVT00000DRBkfYAH
AS PICTURE,AS PICTURE,01tVT00000DRBpVYAX
,AS PICTURE,01tVT00000DRBuLYAX
AS PICTURE,AS PICTURE,01tVT00000DRBzBYAX
,AS PICTURE,01tVT00000DRCC5YAP
TRANSPARENT,TRANSPARENT,01tVT00000DRDJRYA5
,TRANSPARENT,01tVT00000DRDRVYA5
,TRANSPARENT/ TRANSPARENT GREY,01tVT00000DRDhdYAH
TRANSPARENT/ TRANSPARENT GREY,TRANSPARENT/ TRANSPARENT GREY,01tVT00000DRDsvYAH
,TRANSPARENT/ TRANSPARENT GREY,01tVT00000DRDxlYAH
TRANSPARENT GREY,TRANSPARENT GREY,01tVT00000DRE93YAH
,TRANSPARENT GREY,01tVT00000DREH7YAP
,WHITE + BLUE/BEIGE/GREEN,01tVT00000DREgwYAH
TRANSPARENT,TRANSPARENT,01tVT00000DREiXYAX
,TRANSPARENT,01tVT00000DREk9YAH
TRANSPARENT,TRANSPARENT,01tVT00000DREvRYAX
,TRANSPARENT,01tVT00000DRF0HYAX
WHITE,WHITE,01tVT00000DRFBZYA5
,WHITE,01tVT00000DRFDBYA5
WHITE,WHITE,01tVT00000DRFRhYAP
,WHITE,01tVT00000DRFY9YAP
WHITE,WHITE,01tVT00000DRFczYAH
,WHITE,01tVT00000DRFjRYAX
WHITE,WHITE,01tVT00000DRFrVYAX
,WHITE,01tVT00000DRFt7YAH
WHITE + BLUE/BEIGE/GREEN,WHITE + BLUE/BEIGE/GREEN,01tVT00000DRFxxYAH
BLACK+SILVER,BLACK+SILVER,01tVT00000DRHwYYAX
,BLACK& WHITE,01tVT00000DRIfhYAH
BLACK& SILVER,BLACK& SILVER,01tVT00000DRJNFYA5
,BLACK& SILVER,01tVT00000DRJOrYAP
BLACK+WHITE+SILVER,BLACK+WHITE+SILVER,01tVT00000DRJn3YAH
,BLACK+WHITE+SILVER,01tVT00000DRJofYAH
BLACK+WHITE+SILVER,BLACK+WHITE+SILVER,01tVT00000DRJwjYAH
,BLACK+WHITE+SILVER,01tVT00000DRJyLYAX
BLACK+SILVER+WOOD,BLACK+SILVER+WOOD,01tVT00000DRK6QYAX
,BLACK+SILVER,01tVT00000DRK81YAH
,BLACK+SILVER+WOOD,01tVT00000DRKBFYA5
COLOR OPTIONS,COLOR OPTIONS,01tVT00000DRKMYYA5
,COLOR OPTIONS,01tVT00000DRKWDYA5
COLOR OPTIONS,COLOR OPTIONS,01tVT00000DRKj7YAH
,COLOR OPTIONS,01tVT00000DRKkjYAH
COLOR OPTIONS,COLOR OPTIONS,01tVT00000DRLGzYAP
,COLOR OPTIONS,01tVT00000DRLIbYAP
COLOR OPTIONS,COLOR OPTIONS,01tVT00000DRLQfYAP
,COLOR OPTIONS,01tVT00000DRLVVYA5
COLOR OPTIONS,COLOR OPTIONS,01tVT00000DRLgnYAH
,COLOR OPTIONS,01tVT00000DRLiPYAX
COLOR OPTIONS,COLOR OPTIONS,01tVT00000DRLqTYAX
,COLOR OPTIONS,01tVT00000DRLs5YAH
BLACK,BLACK,01tVT00000DRMGHYA5
,BLACK,01tVT00000DRML7YAP
WHITE+ GREEN+ BLACK,WHITE+ GREEN+ BLACK,01tVT00000DROTNYA5
,WHITE+ GREEN+ BLACK,01tVT00000DROWbYAP
BEIGE+WHITE,BEIGE+WHITE,01tVT00000DROpxYAH
,BEIGE+WHITE,01tVT00000DROunYAH
BEIGE+WHITE,BEIGE+WHITE,01tVT00000DRP7iYAH
BEIGE+WHITE,BEIGE+WHITE,01tVT00000DRP9JYAX
,BEIGE+WHITE,01tVT00000DRPCXYA5
,BEIGE+WHITE,01tVT00000DRQ6zYAH
YELLOW+BLACK,YELLOW+BLACK,01tVT00000DRQN8YAP
BEIGE +WHITE,BEIGE +WHITE,01tVT00000DRQOjYAP
,BEIGE +WHITE,01tVT00000DRQQLYA5
GREY,GREY,01tVT00000DRQjhYAH
,GREY,01tVT00000DRQlJYAX
BLACK+WHITE,BLACK+WHITE,01tVT00000DRR6HYAX
,BLACK+WHITE,01tVT00000DRR9VYAX
BLACK+WHITE,BLACK+WHITE,01tVT00000DRRFxYAP
,YELLOW+BLACK,01tVT00000DRRpSYAX
ORANGE+BLACK,ORANGE+BLACK,01tVT00000DRS7BYAX
,ORANGE+BLACK,01tVT00000DRSDdYAP
,YELLOW+BLACK,01tVT00000DRSIVYA5
YELLOW+BLACK,YELLOW+BLACK,01tVT00000DRSVNYA5
GRAY+BLACK,GRAY+BLACK,01tVT00000DRT01YAH
,GRAY+BLACK,01tVT00000DRT3FYAX
,YELLOW+BLACK,01tVT00000DRUaPYAX
YELLOW+BLACK,YELLOW+BLACK,01tVT00000DRUybYAH
BEIGE,BEIGE,01tVT00000DRVTFYA5
,BEIGE,01tVT00000DRVTGYA5
YELLOW+BLACK,YELLOW+BLACK,01tVT00000DRVbJYAX
,YELLOW+BLACK,01tVT00000DRVg9YAH
YELLOW+BLACK,YELLOW+BLACK,01tVT00000DRW7ZYAX
,YELLOW+BLACK,01tVT00000DRW9BYAX
YELLOW+BLACK,YELLOW+BLACK,01tVT00000DRWM5YAP
,YELLOW+BLACK,01tVT00000DRWNhYAP
YELLOW+BLACK,YELLOW+BLACK,01tVT00000DRWdpYAH
,YELLOW+BLACK,01tVT00000DRWkHYAX
YELLOW+BLACK,YELLOW+BLACK,01tVT00000DRX3dYAH
,YELLOW+BLACK,01tVT00000DRX5FYAX
YELLOW+BLACK,YELLOW+BLACK,01tVT00000DRXYHYA5
,YELLOW+BLACK,01tVT00000DRXbVYAX
SET COMEDOR + 6 SILLAS BLACK FRAME + NATURAL WOOD 180X90X74 CM,SET COMEDOR + 6 SILLAS BLACK FRAME + NATURAL WOOD 180X90X74 CM,01tVT00000DRnjVYAT
,SET COMEDOR + 6 SILLAS BLACK FRAME + NATURAL WOOD 180X90X74 CM,01tVT00000DRnjWYAT
MULTIPLE,MULTIPLE,01tVT00000DS78jYAD
,MULTIPLE,01tVT00000DS7DZYA1
MULTIPLE,MULTIPLE,01tVT00000DS7YXYA1
,MULTIPLE,01tVT00000DS7dNYAT
,BLACK+WHITE,01tVT00000DUCAjYAP
SET COMEDOR + 6 SILLAS BLACK FRAME + NATURAL WOOD 180X90X74 CM,SET COMEDOR + 6 SILLAS BLACK FRAME + NATURAL WOOD 180X90X74 CM,01tVT00000DUV25YAH
,SET COMEDOR + 6 SILLAS BLACK FRAME + NATURAL WOOD 180X90X74 CM,01tVT00000DUV26YAH
OPTIONAL,OPTIONAL,01tVT00000DV0nSYAT
OPTIONAL,OPTIONAL,01tVT00000DV0nTYAT
,OPTIONAL,01tVT00000DV5f3YAD
,OPTIONAL,01tVT00000DV5n7YAD
BLACK,BLACK,01tVT00000DV6G9YAL
,BLACK,01tVT00000DV6WHYA1
OPTIONAL,OPTIONAL,01tVT00000DV77NYAT
,OPTIONAL,01tVT00000DV7FRYA1
WHITE/BLACK,WHITE/BLACK,01tVT00000DVq1FYAT
,WHITE/BLACK,01tVT00000DVqCXYA1
OPTIONAL,OPTIONAL,01tVT00000DVqKbYAL
,OPTIONAL,01tVT00000DVqVtYAL
OPTIONAL,OPTIONAL,01tVT00000DVqdxYAD
,OPTIONAL,01tVT00000DVqinYAD
OPTIONAL,OPTIONAL,01tVT00000DVqpFYAT
,OPTIONAL,01tVT00000DVqvhYAD
OPTIONAL,OPTIONAL,01tVT00000DVr0XYAT
OPTIONAL,OPTIONAL,01tVT00000DVr8bYAD
,OPTIONAL,01tVT00000DVrADYA1
,OPTIONAL,01tVT00000DVrF3YAL
WHITE,WHITE,01tVT00000DVra1YAD
,WHITE,01tVT00000DVrgTYAT
WHITE,WHITE,01tVT00000DVrrlYAD
,WHITE,01tVT00000DVrtNYAT
OPTIONAL,OPTIONAL,01tVT00000DVrwcYAD
,WHITE,01tVT00000DVsB8YAL
WHITE,WHITE,01tVT00000DVsHZYA1
,WHITE,01tVT00000DVsMPYA1
OPTIONAL,OPTIONAL,01tVT00000DVsUTYA1
WHITE,WHITE,01tVT00000DVsflYAD
,METAL,01tVT00000DVsnqYAD
BLACK/WHITE,BLACK/WHITE,01tVT00000DVssfYAD
,BLACK/WHITE,01tVT00000DVsxVYAT
,OPTIONAL,01tVT00000DVt8nYAD
OPTIONAL,OPTIONAL,01tVT00000DVtDdYAL
,OPTIONAL,01tVT00000DVtFFYA1
METAL,METAL,01tVT00000DVtWzYAL
METAL,METAL,01tVT00000DVwY5YAL
,METAL,01tVT00000DVweXYAT
OPTIONAL,OPTIONAL,01tVT00000DVwkzYAD
,OPTIONAL,01tVT00000DVwppYAD
OPTIONAL,OPTIONAL,01tVT00000DVwufYAD
,OPTIONAL,01tVT00000DVwwHYAT
STRIPE,STRIPE,01tVT00000DVyd7YAD
,STRIPE,01tVT00000DVyjZYAT
GREY,GREY,01tVT00000DVyoPYAT
,GREY,01tVT00000DVywUYAT
OPTIONAL,OPTIONAL,01tVT00000DVz69YAD
,OPTIONAL,01tVT00000DVz7lYAD
OPTIONAL,OPTIONAL,01tVT00000DVzEDYA1
,OPTIONAL,01tVT00000DVzFpYAL
OPTIONAL,OPTIONAL,01tVT00000DVzSjYAL
,OPTIONAL,01tVT00000DVzXZYA1
OPTIONAL,OPTIONAL,01tVT00000DVzfdYAD
,OPTIONAL,01tVT00000DVznhYAD
OPTIONAL,OPTIONAL,01tVT00000DVzvlYAD
OPTIONAL,OPTIONAL,01tVT00000DW02DYAT
,OPTIONAL,01tVT00000DW073YAD
OPTIONAL,OPTIONAL,01tVT00000DW0BtYAL
,OPTIONAL,01tVT00000DW0F7YAL
OPTIONAL,OPTIONAL,01tVT00000DW0TdYAL
,OPTIONAL,01tVT00000DW0YTYA1
OPTIONAL,OPTIONAL,01tVT00000DW0dJYAT
OPTIONAL,OPTIONAL,01tVT00000DW0iAYAT
,OPTIONAL,01tVT00000DW0jlYAD
OPTIONAL,OPTIONAL,01tVT00000DW0mzYAD
,OPTIONAL,01tVT00000DW0rpYAD
OPTIONAL,OPTIONAL,01tVT00000DW0yIYAT
,OPTIONAL,01tVT00000DW0ztYAD
OPTIONAL,OPTIONAL,01tVT00000DW14jYAD
,OPTIONAL,01tVT00000DW19ZYAT
OPTIONAL,OPTIONAL,01tVT00000DW1G1YAL
,OPTIONAL,01tVT00000DW1HdYAL
,OPTIONAL,01tVT00000DW2FJYA1
OPTIONAL,OPTIONAL,01tVT00000DW2VRYA1
,OPTIONAL,01tVT00000DW2aHYAT
OPTIONAL,OPTIONAL,01tVT00000DW2dVYAT
,OPTIONAL,01tVT00000DW2f7YAD
OPTIONAL,OPTIONAL,01tVT00000DW2iMYAT
,OPTIONAL,01tVT00000DW2s1YAD
OPTIONAL,OPTIONAL,01tVT00000DW2yTYAT
,OPTIONAL,01tVT00000DW305YAD
OPTIONAL,OPTIONAL,01tVT00000DW389YAD
,OPTIONAL,01tVT00000DW3BNYA1
WHITE,WHITE,01tVT00000DWlE1YAL
WHITE,WHITE,01tVT00000DWlE2YAL
BLACK,BLACK,01tVT00000DWltxYAD
WHITE,WHITE,01tVT00000DWltyYAD
WHITE,WHITE,01tVT00000DWltzYAD
,WHITE,01tVT00000DWoBtYAL
,WHITE,01tVT00000DWoJzYAL
BLACK,BLACK,01tVT00000DWp4jYAD
BROWN,BROWN,01tVT00000DWp4kYAD
CHROME PLATED,CHROME PLATED,01tVT00000DWp4lYAD
BLACK,BLACK,01tVT00000DWp4mYAD
BLACK,BLACK,01tVT00000DWp4nYAD
BLACK,BLACK,01tVT00000DWp4oYAD
WHITE,WHITE,01tVT00000DWp4pYAD
WHITE,WHITE,01tVT00000DWp4qYAD
BLACK,BLACK,01tVT00000DWp4rYAD
BLACK,BLACK,01tVT00000DWp4sYAD
WHITE,WHITE,01tVT00000DWp4tYAD
BLACK,BLACK,01tVT00000DWp4uYAD
BLACK,BLACK,01tVT00000DWp4vYAD
BLACK,BLACK,01tVT00000DWp4wYAD
BLACK,BLACK,01tVT00000DWp4xYAD
GREY,GREY,01tVT00000DWp4yYAD
GREY,GREY,01tVT00000DWp4zYAD
BROWN + WHITE,BROWN + WHITE,01tVT00000DWp50YAD
BROWN + WHITE,BROWN + WHITE,01tVT00000DWp51YAD
BEIGE,BEIGE,01tVT00000DWp52YAD
BEIGE,BEIGE,01tVT00000DWp53YAD
BEIGE + WOOD,BEIGE + WOOD,01tVT00000DWp54YAD
BEIGE + WOOD,BEIGE + WOOD,01tVT00000DWp55YAD
BEIGE + WOOD,BEIGE + WOOD,01tVT00000DWp56YAD
WHITE,WHITE,01tVT00000DWp57YAD
BLACK,BLACK,01tVT00000DWp58YAD
WHITE,WHITE,01tVT00000DWp59YAD
BLACK,BLACK,01tVT00000DWp5AYAT
BLACK,BLACK,01tVT00000DWp5BYAT
WHITE,WHITE,01tVT00000DWp5CYAT
BLACK,BLACK,01tVT00000DWp5DYAT
OPTIONAL,OPTIONAL,01tVT00000DWp5EYAT
BLACK,BLACK,01tVT00000DWp5FYAT
BLACK,BLACK,01tVT00000DWp5GYAT
CHROME PLATED,CHROME PLATED,01tVT00000DWp5HYAT
CHROME PLATED,CHROME PLATED,01tVT00000DWp5IYAT
CHROME PLATED,CHROME PLATED,01tVT00000DWp5JYAT
CHROME PLATED,CHROME PLATED,01tVT00000DWp5KYAT
CHROME PLATED,CHROME PLATED,01tVT00000DWp5LYAT
CHROME PLATED,CHROME PLATED,01tVT00000DWp5MYAT
CHROME PLATED,CHROME PLATED,01tVT00000DWp5NYAT
CHROME PLATED,CHROME PLATED,01tVT00000DWp5OYAT
CHROME PLATED,CHROME PLATED,01tVT00000DWp5PYAT
BLACK,BLACK,01tVT00000DWp5QYAT
OPTIONAL,OPTIONAL,01tVT00000DWp5RYAT
WHITE,WHITE,01tVT00000DWp5SYAT
WHITE,WHITE,01tVT00000DWp5TYAT
WHITE,WHITE,01tVT00000DWp5UYAT
BLACK,BLACK,01tVT00000DWp5VYAT
BLACK,BLACK,01tVT00000DWp5WYAT
WHITE,WHITE,01tVT00000DWp5XYAT
WHITE,WHITE,01tVT00000DWp5YYAT
WHITE,WHITE,01tVT00000DWp5ZYAT
BLACK,BLACK,01tVT00000DWp5aYAD
BLACK,BLACK,01tVT00000DWp5bYAD
BLACK,BLACK,01tVT00000DWp5cYAD
WHITE/BLACK,WHITE/BLACK,01tVT00000DWp5dYAD
WHITE/BLACK,WHITE/BLACK,01tVT00000DWp5eYAD
WHITE/BLACK,WHITE/BLACK,01tVT00000DWp5fYAD
WHITE/BLACK,WHITE/BLACK,01tVT00000DWp5gYAD
WHITE,WHITE,01tVT00000DWp5hYAD
OPTIONAL,OPTIONAL,01tVT00000DWp5iYAD
OPTIONAL,OPTIONAL,01tVT00000DWp5jYAD
BLACK,BLACK,01tVT00000DWp5kYAD
BLACK,BLACK,01tVT00000DWp5lYAD
BLACK,BLACK,01tVT00000DWp5mYAD
BLACK,BLACK,01tVT00000DWp5nYAD
BLACK,BLACK,01tVT00000DWp5oYAD
NATURAL,NATURAL,01tVT00000DWp5pYAD
NATURAL,NATURAL,01tVT00000DWp5qYAD
BLACK,BLACK,01tVT00000DWp5rYAD
CHROME PLATED,CHROME PLATED,01tVT00000DWp5sYAD
CHROME PLATED,CHROME PLATED,01tVT00000DWp5tYAD
WHITE,WHITE,01tVT00000DWp5uYAD
CHROME PLATED,CHROME PLATED,01tVT00000DWp5vYAD
BLACK,BLACK,01tVT00000DWp5wYAD
BLACK,BLACK,01tVT00000DWp5xYAD
CHROME PLATED,CHROME PLATED,01tVT00000DWp5yYAD
BROWN,BROWN,01tVT00000DWp5zYAD
BLACK,BLACK,01tVT00000DWp60YAD
BLACK,BLACK,01tVT00000DWp61YAD
OPTIONAL,OPTIONAL,01tVT00000DWp62YAD
OPTIONAL,OPTIONAL,01tVT00000DWp63YAD
OPTIONAL,OPTIONAL,01tVT00000DWp64YAD
OPTIONAL,OPTIONAL,01tVT00000DWp65YAD
OPTIONAL,OPTIONAL,01tVT00000DWp66YAD
BLACK,BLACK,01tVT00000DWp67YAD
BLACK,BLACK,01tVT00000DWp68YAD
BLACK,BLACK,01tVT00000DWp69YAD
BLACK,BLACK,01tVT00000DWp6AYAT
BLACK,BLACK,01tVT00000DWp6BYAT
BLACK,BLACK,01tVT00000DWp6CYAT
BLACK,BLACK,01tVT00000DWp6DYAT
BLACK,BLACK,01tVT00000DWp6EYAT
WHITE,WHITE,01tVT00000DWp6FYAT
BLACK,BLACK,01tVT00000DWp6GYAT
BLACK,BLACK,01tVT00000DWp6HYAT
BLACK,BLACK,01tVT00000DWp6IYAT
BLACK,BLACK,01tVT00000DWp6JYAT
BLACK,BLACK,01tVT00000DWp6KYAT
BLACK,BLACK,01tVT00000DWp6LYAT
BLACK,BLACK,01tVT00000DWp6MYAT
BLACK,BLACK,01tVT00000DWp6NYAT
WHITE,WHITE,01tVT00000DWp6OYAT
BLACK,BLACK,01tVT00000DWp6PYAT
BLACK,BLACK,01tVT00000DWp6QYAT
BLACK,BLACK,01tVT00000DWp6RYAT
BLACK,BLACK,01tVT00000DWp6SYAT
BLACK,BLACK,01tVT00000DWp6TYAT
WHITE,WHITE,01tVT00000DWp6UYAT
BLACK,BLACK,01tVT00000DWp6VYAT
NATURAL,NATURAL,01tVT00000DWp6WYAT
NATURAL,NATURAL,01tVT00000DWp6XYAT
NATURAL,NATURAL,01tVT00000DWp6YYAT
NATURAL,NATURAL,01tVT00000DWp6ZYAT
NATURAL,NATURAL,01tVT00000DWp6aYAD
NATURAL,NATURAL,01tVT00000DWp6bYAD
NATURAL,NATURAL,01tVT00000DWp6cYAD
NATURAL,NATURAL,01tVT00000DWp6dYAD
NATURAL,NATURAL,01tVT00000DWp6eYAD
NATURAL,NATURAL,01tVT00000DWp6fYAD
CHROME PLATED,CHROME PLATED,01tVT00000DWp6gYAD
BLACK,BLACK,01tVT00000DWp6hYAD
WHITE/BLACK,WHITE/BLACK,01tVT00000DWp6iYAD
WHITE/BLACK,WHITE/BLACK,01tVT00000DWp6jYAD
WHITE/BLACK,WHITE/BLACK,01tVT00000DWp6kYAD
NATURAL,NATURAL,01tVT00000DWp6lYAD
NATURAL,NATURAL,01tVT00000DWp6mYAD
NATURAL,NATURAL,01tVT00000DWp6nYAD
NATURAL,NATURAL,01tVT00000DWp6oYAD
BLACK,BLACK,01tVT00000DWp6pYAD
BLACK,BLACK,01tVT00000DWp6qYAD
BLACK,BLACK,01tVT00000DWp6rYAD
BLACK,BLACK,01tVT00000DWp6sYAD
BLACK,BLACK,01tVT00000DWp6tYAD
WHITE,WHITE,01tVT00000DWp6uYAD
BLACK + WHITE,BLACK + WHITE,01tVT00000DWp6vYAD
BEIGE,BEIGE,01tVT00000DWp6wYAD
TRANSPARENT + BROWN,TRANSPARENT + BROWN,01tVT00000DWp6xYAD
"WHITE,BLACK","WHITE,BLACK",01tVT00000DWp6yYAD
"WHITE,BLACK","WHITE,BLACK",01tVT00000DWp6zYAD
BLACK,BLACK,01tVT00000DWp70YAD
"WHITE,BLACK","WHITE,BLACK",01tVT00000DWp71YAD
BLACK,BLACK,01tVT00000DWp72YAD
BLACK,BLACK,01tVT00000DWp73YAD
WHITE,WHITE,01tVT00000DWp74YAD
OPTIONAL,OPTIONAL,01tVT00000DWp75YAD
BLACK/WHITE,BLACK/WHITE,01tVT00000DWp76YAD
BLACK,BLACK,01tVT00000DWp77YAD
BLACK,BLACK,01tVT00000DWp78YAD
WHITE,WHITE,01tVT00000DWp79YAD
OPTIONAL,OPTIONAL,01tVT00000DWp7AYAT
WHITE,WHITE,01tVT00000DWp7BYAT
WHITE,WHITE,01tVT00000DWp7CYAT
NATURAL,NATURAL,01tVT00000DWp7DYAT
OPTIONAL,OPTIONAL,01tVT00000DWp7EYAT
OPTIONAL,OPTIONAL,01tVT00000DWp7FYAT
WHITE,WHITE,01tVT00000DWp7GYAT
WHITE,WHITE,01tVT00000DWp7HYAT
OPTIONAL,OPTIONAL,01tVT00000DWp7IYAT
WHITE,WHITE,01tVT00000DWp7JYAT
WHITE,WHITE,01tVT00000DWp7KYAT
WHITE,WHITE,01tVT00000DWp7LYAT
BLACK,BLACK,01tVT00000DWp7MYAT
BLACK,BLACK,01tVT00000DWp7NYAT
BLACK,BLACK,01tVT00000DWp7OYAT
WHITE,WHITE,01tVT00000DWp7PYAT
BLACK,BLACK,01tVT00000DWp7QYAT
WHITE,WHITE,01tVT00000DWp7RYAT
BLACK,BLACK,01tVT00000DWp7SYAT
BLACK,BLACK,01tVT00000DWp7TYAT
BLACK,BLACK,01tVT00000DWp7UYAT
BLACK,BLACK,01tVT00000DWp7VYAT
BLACK,BLACK,01tVT00000DWp7WYAT
WHITE,WHITE,01tVT00000DWp7XYAT
WHITE,WHITE,01tVT00000DWp7YYAT
,BLACK,01tVT00000DWp9aYAD
,WHITE,01tVT00000DWpO5YAL
,WHITE,01tVT00000DWpazYAD
,BLACK,01tVT00000DWpfpYAD
,WHITE,01tVT00000DWpmHYAT
,"WHITE,BLACK",01tVT00000DWqf7YAD
,BLACK,01tVT00000DWqnCYAT
,"WHITE,BLACK",01tVT00000DWqonYAD
,BLACK,01tVT00000DWqyTYAT
,"WHITE,BLACK",01tVT00000DWr3JYAT
,WHITE,01tVT00000DWrCzYAL
,WHITE,01tVT00000DWrL3YAL
,WHITE,01tVT00000DWrPtYAL
,BLACK,01tVT00000DWrWLYA1
,BROWN,01tVT00000DWrhdYAD
,BLACK,01tVT00000DWrsvYAD
,BLACK,01tVT00000DWs4DYAT
,WHITE,01tVT00000DWsDuYAL
,BLACK,01tVT00000DWsdhYAD
,BLACK,01tVT00000DWsgvYAD
,WHITE,01tVT00000DWsvRYAT
,WHITE,01tVT00000DWt57YAD
,WHITE/BLACK,01tVT00000DWt59YAD
,BLACK,01tVT00000DWt8LYAT
,BLACK,01tVT00000DWtEnYAL
,BLACK,01tVT00000DWtOTYA1
,BLACK,01tVT00000DWtWXYA1
,BLACK,01tVT00000DWtebYAD
,BLACK,01tVT00000DWu2nYAD
,BLACK,01tVT00000DWu7dYAD
,WHITE/BLACK,01tVT00000DWuCTYA1
,WHITE/BLACK,01tVT00000DWuPNYA1
,WHITE/BLACK,01tVT00000DWuZ3YAL
,WHITE/BLACK,01tVT00000DWufVYAT
,WHITE/BLACK,01tVT00000DWvOfYAL
,WHITE/BLACK,01tVT00000DWvy9YAD
,BEIGE + WOOD,01tVT00000DWwMLYA1
,BLACK,01tVT00000DXVjuYAH
,BLACK,01tVT00000DXWhaYAH
,BEIGE + WOOD,01tVT00000DXX0vYAH
,WHITE,01tVT00000DXXH4YAP
,WHITE,01tVT00000DXXLtYAP
,OPTIONAL,01tVT00000DXXYnYAP
,BLACK,01tVT00000DXXiUYAX
,OPTIONAL,01tVT00000DXXovYAH
,WHITE,01tVT00000DXY8HYAX
,BLACK,01tVT00000DXYD7YAP
,BLACK,01tVT00000DXYJZYA5
,BLACK,01tVT00000DXYQ1YAP
,WHITE,01tVT00000DXYTGYA5
,WHITE,01tVT00000DXYTHYA5
,BLACK,01tVT00000DXYZhYAP
,OPTIONAL,01tVT00000DXYg9YAH
,BLACK/WHITE,01tVT00000DXYppYAH
,BLACK,01tVT00000DXYufYAH
,BLACK,01tVT00000DXYxuYAH
,BLACK,01tVT00000DXYzVYAX
,WHITE,01tVT00000DXZ4LYAX
,OPTIONAL,01tVT00000DXZAnYAP
,NATURAL,01tVT00000DXZSXYA5
,OPTIONAL,01tVT00000DXZXNYA5
,OPTIONAL,01tVT00000DXZcDYAX
,WHITE,01tVT00000DXZh3YAH
,BLACK,01tVT00000DXZp7YAH
,BLACK,01tVT00000DXZtxYAH
,BLACK,01tVT00000DXa0PYAT
,WHITE,01tVT00000DXa8TYAT
,BLACK,01tVT00000DXaDJYA1
,WHITE,01tVT00000DXaGXYA1
,OPTIONAL,01tVT00000DXaI9YAL
,BLACK,01tVT00000DXaObYAL
,BLACK,01tVT00000DXabVYAT
,BLACK,01tVT00000DXb1JYAT
,NATURAL,01tVT00000DXb7lYAD
,NATURAL,01tVT00000DXbFpYAL
,NATURAL,01tVT00000DXbJ3YAL
,NATURAL,01tVT00000DXbNtYAL
,NATURAL,01tVT00000DXbR7YAL
,NATURAL,01tVT00000DXbULYA1
,NATURAL,01tVT00000DXbZBYA1
,NATURAL,01tVT00000DXbe1YAD
,NATURAL,01tVT00000DXbm5YAD
,NATURAL,01tVT00000DXbqvYAD
,NATURAL,01tVT00000DXbu9YAD
,NATURAL,01tVT00000DXbyzYAD
,NATURAL,01tVT00000DXc2DYAT
,NATURAL,01tVT00000DXc73YAD
,NATURAL,01tVT00000DXcBtYAL
,CHROME PLATED,01tVT00000DXcYTYA1
,CHROME PLATED,01tVT00000DXcgYYAT
,CHROME PLATED,01tVT00000DXclNYAT
,CHROME PLATED,01tVT00000DXcyHYAT
,CHROME PLATED,01tVT00000DXd37YAD
,CHROME PLATED,01tVT00000DXdJFYA1
,CHROME PLATED,01tVT00000DXdSvYAL
,CHROME PLATED,01tVT00000DXdfpYAD
,CHROME PLATED,01tVT00000DXdmHYAT
,BLACK,01tVT00000DXduLYAT
,CHROME PLATED,01tVT00000DXe2PYAT
,CHROME PLATED,01tVT00000DXe7FYAT
,CHROME PLATED,01tVT00000DXeC5YAL
,WHITE,01tVT00000DXeLlYAL
,CHROME PLATED,01tVT00000DXeQbYAL
,BLACK,01tVT00000DXf3JYAT
,BLACK,01tVT00000DXf89YAD
,CHROME PLATED,01tVT00000DXfCzYAL
,CHROME PLATED,01tVT00000DXfPtYAL
,BLACK,01tVT00000DXfZZYA1
,BLACK,01tVT00000DXfhdYAD
,BLACK,01tVT00000DXfmTYAT
,WHITE,01tVT00000DXfrJYAT
,BLACK,01tVT00000DXgPBYA1
,BLACK,01tVT00000DXgYrYAL
,WHITE,01tVT00000DXgfJYAT
,BLACK,01tVT00000DXgvRYAT
,BLACK,01tVT00000DY30oYAD
,BLACK,01tVT00000DY3SDYA1
,WHITE,01tVT00000DY3aHYAT
,BLACK,01tVT00000DY3f7YAD
,BLACK,01tVT00000DY3lZYAT
,WHITE,01tVT00000DY43JYAT
,WHITE,01tVT00000DY489YAD
,BLACK,01tVT00000DY4CzYAL
,WHITE,01tVT00000DY4L3YAL
,BLACK,01tVT00000DY4PtYAL
,BLACK,01tVT00000DY60HYAT
,OPTIONAL,01tVT00000DY657YAD
,OPTIONAL,01tVT00000DY69xYAD
,OPTIONAL,01tVT00000DY6EnYAL
,OPTIONAL,01tVT00000DY6JdYAL
,OPTIONAL,01tVT00000DY6UvYAL
,WHITE,01tVT00000DY6czYAD
,BLACK,01tVT00000DY6gEYAT
,BLACK,01tVT00000DY6jRYAT
,BEIGE,01tVT00000DY6rWYAT
,BLACK,01tVT00000DY71BYAT
,BLACK,01tVT00000DY77dYAD
,WHITE,01tVT00000DY7CTYA1
,BLACK,01tVT00000DY7HJYA1
,WHITE,01tVT00000DY7M9YAL
,BLACK,01tVT00000DY7PNYA1
,BLACK,01tVT00000DY7Z4YAL
,BLACK,01tVT00000DY7ijYAD
,BLACK,01tVT00000DY7nZYAT
,BLACK,01tVT00000DY7sPYAT
,BLACK,01tVT00000DY7xFYAT
,WHITE,01tVT00000DY83hYAD
,BLACK + WHITE,01tVT00000DY86wYAD
,WHITE,01tVT00000DY88XYAT
,BLACK,01tVT00000DY8GbYAL
,OPTIONAL,01tVT00000DY8N3YAL
,BLACK,01tVT00000DY8TVYA1
,BLACK,01tVT00000DY8ZxYAL
,BLACK,01tVT00000DY8enYAD
,GREY,01tVT00000DY8lFYAT
,GREY,01tVT00000DY8mrYAD
,BROWN + WHITE,01tVT00000DY8rhYAD
,BROWN + WHITE,01tVT00000DY8wXYAT
,BEIGE,01tVT00000DY94bYAD
,BEIGE,01tVT00000DY99RYAT
,WHITE,01tVT00000DY9EHYA1
,TRANSPARENT + BROWN,01tVT00000DY9XdYAL
,BLACK,01tVT00000DY9arYAD
,BLACK,01tVT00000DY9hJYAT
,BLACK,01tVT00000DY9sbYAD
,BLACK,01tVT00000DY9z3YAD
,BLACK,01tVT00000DYAblYAH
,WHITE,01tVT00000DYAezYAH
,BLACK,01tVT00000DYAlRYAX
,OPTIONAL,01tVT00000DYAtVYAX
,BLACK,01tVT00000DYAzxYAH
,BLACK,01tVT00000DYB4nYAH
,BLACK,01tVT00000DYB9dYAH
,BLACK,01tVT00000DYBHhYAP
YELLOW,YELLOW,01tVT00000DbxpdYAB
,YELLOW,01tVT00000DbxrFYAR
RED,RED,01tVT00000Dc122YAB
ORANGE,ORANGE,01tVT00000Dc15GYAR
BLUE+WHITE,BLUE+WHITE,01tVT00000Dc4eDYAR
,BLUE+WHITE,01tVT00000Dc4j3YAB
DARK RED,DARK RED,01tVT00000Dc4vxYAB
,DARK RED,01tVT00000Dc52PYAR
RED,RED,01tVT00000Dc5GvYAJ
,RED,01tVT00000Dc5LlYAJ
COGNAC BROWN,COGNAC BROWN,01tVT00000Dc5TpYAJ
,COGNAC BROWN,01tVT00000Dc5VRYAZ
,RED,01tVT00000Dc5gjYAB
,ORANGE,01tVT00000Dc5nBYAR
WHITE,WHITE,01tVT00000Dc6BNYAZ
,WHITE,01tVT00000Dc6CzYAJ
WHITE/BLACK/GOLD/SILVER,WHITE/BLACK/GOLD/SILVER,01tVT00000Dcl3FYAR
,WHITE/BLACK/GOLD/SILVER,01tVT00000Dcl9hYAB
OPTIONAL,OPTIONAL,01tVT00000Dcr4eYAB
OPTIONAL,OPTIONAL,01tVT00000Dcr4fYAB
OPTIONAL,OPTIONAL,01tVT00000Dcr4gYAB
OPTIONAL,OPTIONAL,01tVT00000Dcr4hYAB
OPTIONAL,OPTIONAL,01tVT00000Dcr4iYAB
OPTIONAL,OPTIONAL,01tVT00000Dcr4jYAB
OPTIONAL,OPTIONAL,01tVT00000Dcr4kYAB
OPTIONAL,OPTIONAL,01tVT00000Dcr4lYAB
OPTIONAL,OPTIONAL,01tVT00000Dcr4mYAB
OPTIONAL,OPTIONAL,01tVT00000Dcr4nYAB
OPTIONAL,OPTIONAL,01tVT00000Dcr4oYAB
OPTIONAL,OPTIONAL,01tVT00000Dcr4pYAB
OPTIONAL,OPTIONAL,01tVT00000Dcr4qYAB
OPTIONAL,OPTIONAL,01tVT00000Dcr4rYAB
OPTIONAL,OPTIONAL,01tVT00000Dcr4sYAB
OPTIONAL,OPTIONAL,01tVT00000Dcr4tYAB
OPTIONAL,OPTIONAL,01tVT00000Dcr4uYAB
OPTIONAL,OPTIONAL,01tVT00000Dcr4vYAB
OPTIONAL,OPTIONAL,01tVT00000Dcr4wYAB
WOOD + BLACK,WOOD + BLACK,01tVT00000Dcr4xYAB
OPTIONAL,OPTIONAL,01tVT00000Dcr4yYAB
WOOD,WOOD,01tVT00000Dcr4zYAB
WOOD,WOOD,01tVT00000Dcr50YAB
WOOD,WOOD,01tVT00000Dcr51YAB
WOOD,WOOD,01tVT00000Dcr52YAB
BLACK + NATURAL,BLACK + NATURAL,01tVT00000Dcr53YAB
BLACK + NATURAL,BLACK + NATURAL,01tVT00000Dcr54YAB
BLACK + NATURAL,BLACK + NATURAL,01tVT00000Dcr55YAB
BLACK,BLACK,01tVT00000Dcr56YAB
OPTIONAL,OPTIONAL,01tVT00000Dcr57YAB
OPTIONAL,OPTIONAL,01tVT00000Dcr58YAB
OPTIONAL,OPTIONAL,01tVT00000Dcr59YAB
OPTIONAL,OPTIONAL,01tVT00000Dcr5AYAR
OPTIONAL,OPTIONAL,01tVT00000Dcr5BYAR
OPTIONAL,OPTIONAL,01tVT00000Dcr5CYAR
OPTIONAL,OPTIONAL,01tVT00000Dcr5DYAR
OPTIONAL,OPTIONAL,01tVT00000Dcr5EYAR
OPTIONAL,OPTIONAL,01tVT00000Dcr5FYAR
OPTIONAL,OPTIONAL,01tVT00000Dcr5GYAR
OPTIONAL,OPTIONAL,01tVT00000Dcr5HYAR
GREY,GREY,01tVT00000Dcr5IYAR
WHITE,WHITE,01tVT00000Dcr5JYAR
WHITE,WHITE,01tVT00000Dcr5KYAR
BLACK,BLACK,01tVT00000Dcr5LYAR
OPTIONAL,OPTIONAL,01tVT00000Dcr5MYAR
OPTIONAL,OPTIONAL,01tVT00000Dcr5NYAR
OPTIONAL,OPTIONAL,01tVT00000Dcr5OYAR
OPTIONAL,OPTIONAL,01tVT00000Dcr5PYAR
OPTIONAL,OPTIONAL,01tVT00000Dcr5QYAR
OPTIONAL,OPTIONAL,01tVT00000Dcr5RYAR
OPTIONAL,OPTIONAL,01tVT00000Dcr5SYAR
OPTIONAL,OPTIONAL,01tVT00000Dcs9ZYAR
WOOD,WOOD,01tVT00000Dcs9aYAB
WOOD,WOOD,01tVT00000Dcs9bYAB
WOOD,WOOD,01tVT00000Dcs9cYAB
WOOD,WOOD,01tVT00000Dcs9dYAB
WOOD,WOOD,01tVT00000Dcs9eYAB
BLACK + NATURAL,BLACK + NATURAL,01tVT00000Dcs9fYAB
OPTIONAL,OPTIONAL,01tVT00000Dcs9gYAB
OPTIONAL,OPTIONAL,01tVT00000Dcs9hYAB
OPTIONAL,OPTIONAL,01tVT00000Dcs9iYAB
OPTIONAL,OPTIONAL,01tVT00000Dcs9jYAB
OPTIONAL,OPTIONAL,01tVT00000Dcs9kYAB
WOOD + GREY,WOOD + GREY,01tVT00000DcvU1YAJ
WOOD + GREY,WOOD + GREY,01tVT00000DcvU2YAJ
WOOD + GREY,WOOD + GREY,01tVT00000DcvU3YAJ
WOOD + BLACK,WOOD + BLACK,01tVT00000DcvU4YAJ
WOOD + BLACK,WOOD + BLACK,01tVT00000DcvU5YAJ
WOOD + BLACK,WOOD + BLACK,01tVT00000DcvU6YAJ
WOOD + BLACK,WOOD + BLACK,01tVT00000DcvU7YAJ
WOOD + BLACK,WOOD + BLACK,01tVT00000DcvU8YAJ
WOOD + BLACK,WOOD + BLACK,01tVT00000DcvU9YAJ
BLACK,BLACK,01tVT00000Dcwd0YAB
BLACK,BLACK,01tVT00000Dcwd1YAB
BLACK,BLACK,01tVT00000Dcwd2YAB
BLACK,BLACK,01tVT00000Dcwd3YAB
BLACK,BLACK,01tVT00000Dcwd4YAB
COLOR OPTIONS,COLOR OPTIONS,01tVT00000Dcwd5YAB
BLACK,BLACK,01tVT00000Dcwd6YAB
BLACK,BLACK,01tVT00000Dcwd7YAB
GREY,GREY,01tVT00000Dcwd8YAB
GREY,GREY,01tVT00000Dcwd9YAB
BLACK,BLACK,01tVT00000DcwdAYAR
BLACK,BLACK,01tVT00000DcwdBYAR
BLACK,BLACK,01tVT00000DcwdCYAR
BLACK,BLACK,01tVT00000DcwdDYAR
BLACK,BLACK,01tVT00000DcwdEYAR
BLACK,BLACK,01tVT00000DcwdFYAR
RED+BLACK,RED+BLACK,01tVT00000DcwdGYAR
GREEN+BLACK,GREEN+BLACK,01tVT00000DcwdHYAR
BLACK,BLACK,01tVT00000DcwdIYAR
BLACK,BLACK,01tVT00000DcwdJYAR
GREEN+BLACK,GREEN+BLACK,01tVT00000DcwdKYAR
BLACK,BLACK,01tVT00000DcwdLYAR
BLACK,BLACK,01tVT00000DcwdMYAR
BLACK,BLACK,01tVT00000DcwdNYAR
COLOR OPTIONS,COLOR OPTIONS,01tVT00000DcwdOYAR
BLACK,BLACK,01tVT00000DcwdPYAR
BLACK,BLACK,01tVT00000DcwdQYAR
BLACK,BLACK,01tVT00000DcwdRYAR
BLACK,BLACK,01tVT00000DcwdSYAR
BLACK,BLACK,01tVT00000DcwdTYAR
BLACK,BLACK,01tVT00000DcwdUYAR
BLACK,BLACK,01tVT00000DcwdVYAR
BLACK,BLACK,01tVT00000DcwdWYAR
BLACK,BLACK,01tVT00000DcwdXYAR
BLACK,BLACK,01tVT00000DcwdYYAR
BLACK+WHITE,BLACK+WHITE,01tVT00000DcwdZYAR
BLACK+WHITE,BLACK+WHITE,01tVT00000DcwdaYAB
BLACK+WHITE,BLACK+WHITE,01tVT00000DcwdbYAB
BLACK+WHITE,BLACK+WHITE,01tVT00000DcwdcYAB
BLACK,BLACK,01tVT00000DcwddYAB
BLACK,BLACK,01tVT00000DcwdeYAB
BLACK,BLACK,01tVT00000DcwdfYAB
BLACK,BLACK,01tVT00000DcwdgYAB
BLACK,BLACK,01tVT00000DcwdhYAB
BLACK,BLACK,01tVT00000DcwdiYAB
BLACK,BLACK,01tVT00000DcwdjYAB
BLACK,BLACK,01tVT00000DcwdkYAB
BLACK,BLACK,01tVT00000DcwdlYAB
BLACK,BLACK,01tVT00000DcwdmYAB
BLACK,BLACK,01tVT00000DcwdnYAB
BLACK,BLACK,01tVT00000DcwdoYAB
BLACK,BLACK,01tVT00000DcwdpYAB
BLACK,BLACK,01tVT00000DcwdqYAB
BLACK,BLACK,01tVT00000DcwdrYAB
BLACK,BLACK,01tVT00000DcwdsYAB
BLACK,BLACK,01tVT00000DcwdtYAB
BLACK,BLACK,01tVT00000DcwduYAB
BLACK,BLACK,01tVT00000DcwdvYAB
BLACK,BLACK,01tVT00000DcwdwYAB
BLACK,BLACK,01tVT00000DcwdxYAB
BLACK,BLACK,01tVT00000DcwdyYAB
BLACK,BLACK,01tVT00000DcwdzYAB
COLOR OPTIONS,COLOR OPTIONS,01tVT00000Dcwe0YAB
BLACK,BLACK,01tVT00000Dcwe1YAB
BLACK,BLACK,01tVT00000Dcwe2YAB
BLACK,BLACK,01tVT00000Dcwe3YAB
BLACK,BLACK,01tVT00000Dcwe4YAB
BLACK,BLACK,01tVT00000Dcwe5YAB
BLACK,BLACK,01tVT00000Dcwe6YAB
BLACK,BLACK,01tVT00000DczkXYAR
BLACK,BLACK,01tVT00000DczkYYAR
BLACK,BLACK,01tVT00000DczkZYAR
BLACK,BLACK,01tVT00000DczkaYAB
BLACK,BLACK,01tVT00000DczkbYAB
BLACK,BLACK,01tVT00000DczkcYAB
WHITE,WHITE,01tVT00000DczkdYAB
BLACK+WHITE,BLACK+WHITE,01tVT00000DczkeYAB
BLACK,BLACK,01tVT00000DczkfYAB
BLACK+WHITE,BLACK+WHITE,01tVT00000DczkgYAB
BLACK+WHITE,BLACK+WHITE,01tVT00000DczkhYAB
BLACK+WHITE,BLACK+WHITE,01tVT00000DczkiYAB
BLACK+WHITE,BLACK+WHITE,01tVT00000DczkjYAB
RED+WHITE,RED+WHITE,01tVT00000DczkkYAB
GRAY,GRAY,01tVT00000DczklYAB
BLACK,BLACK,01tVT00000DczkmYAB
BLACK,BLACK,01tVT00000DczknYAB
BLACK,BLACK,01tVT00000DczkoYAB
BLACK,BLACK,01tVT00000DczkpYAB
IRON,IRON,01tVT00000DczkqYAB
WOOD+IRON,WOOD+IRON,01tVT00000DczkrYAB
WOOD+IRON,WOOD+IRON,01tVT00000DczksYAB
IRON,IRON,01tVT00000DczktYAB
WOOD+BLACK,WOOD+BLACK,01tVT00000Dd1XpYAJ
WOOD+WHITE,WOOD+WHITE,01tVT00000Dd1eHYAR
WOOD + GREY,WOOD + GREY,01tVT00000DdaddYAB
,WOOD + GREY,01tVT00000DdaiTYAR
WOOD + GREY,WOOD + GREY,01tVT00000DdawzYAB
,WOOD + GREY,01tVT00000Ddb3RYAR
BARREL-74,BARREL-74,01tVT00000DddYIYAZ
COLOR OPTIONS,COLOR OPTIONS,01tVT00000Dddy5YAB
,COLOR OPTIONS,01tVT00000Dde2vYAB
COLOR OPTIONS,COLOR OPTIONS,01tVT00000DdeMHYAZ
,COLOR OPTIONS,01tVT00000DdeNtYAJ
PC15-08,PC15-08,01tVT00000DdeZBYAZ
,PC15-08,01tVT00000Ddee1YAB
COLOR OPTIONS,COLOR OPTIONS,01tVT00000DdenhYAB
,COLOR OPTIONS,01tVT00000DdepJYAR
,BARREL-74,01tVT00000DdeyzYAB
OPTIONAL,OPTIONAL,01tVT00000DdhTpYAJ
,OPTIONAL,01tVT00000DdhbtYAB
COLOR OPTIONS,COLOR OPTIONS,01tVT00000DdixmYAB
COLOR OPTIONS,COLOR OPTIONS,01tVT00000Ddj7SYAR
COLOR OPTIONS,COLOR OPTIONS,01tVT00000DdjAgYAJ
,NATURAL,01tVT00000DdjKNYAZ
NATURAL,NATURAL,01tVT00000DdjNaYAJ
,COLOR OPTIONS,01tVT00000DdmlFYAR
COLOR OPTIONS,COLOR OPTIONS,01tVT00000DdnNxYAJ
,COLOR OPTIONS,01tVT00000DdnPZYAZ
,COLOR OPTIONS,01tVT00000Ddne5YAB
COLOR OPTIONS,COLOR OPTIONS,01tVT00000DdoblYAB
,COLOR OPTIONS,01tVT00000DdortYAB
,COLOR OPTIONS,01tVT00000DdozyYAB
COLOR OPTIONS,COLOR OPTIONS,01tVT00000DdpBFYAZ
,COLOR OPTIONS,01tVT00000DdpeHYAR
OPTIONAL,OPTIONAL,01tVT00000DdprBYAR
,BLACK,01tVT00000DdqC9YAJ
,COLOR OPTIONS,01tVT00000DdqQfYAJ
,BLACK,01tVT00000DdqvJYAR
,BLACK,01tVT00000Ddr9pYAB
,BLACK,01tVT00000DdrMjYAJ
,OPTIONAL,01tVT00000DfloIYAR
,OPTIONAL,01tVT00000Dfn3jYAB
,WOOD,01tVT00000DfnYNYAZ
,OPTIONAL,01tVT00000DfokYYAR
,OPTIONAL,01tVT00000Dfoz3YAB
,OPTIONAL,01tVT00000Dfp3tYAB
,OPTIONAL,01tVT00000Dfp77YAB
,OPTIONAL,01tVT00000DfpFBYAZ
,OPTIONAL,01tVT00000DfpGnYAJ
,WOOD,01tVT00000DfpK2YAJ
,OPTIONAL,01tVT00000DfpLdYAJ
,OPTIONAL,01tVT00000DfpQTYAZ
,OPTIONAL,01tVT00000DfpThYAJ
,OPTIONAL,01tVT00000DfpWvYAJ
,OPTIONAL,01tVT00000DfpblYAB
,OPTIONAL,01tVT00000DfpgbYAB
,OPTIONAL,01tVT00000DfpiDYAR
,OPTIONAL,01tVT00000DfpqHYAR
,WOOD,01tVT00000Dfpv8YAB
,OPTIONAL,01tVT00000DfpzxYAB
,OPTIONAL,01tVT00000Dfq4nYAB
,WOOD + BLACK,01tVT00000DfqHhYAJ
,OPTIONAL,01tVT00000DfqPlYAJ
,OPTIONAL,01tVT00000DfqUbYAJ
,WOOD,01tVT00000DfqkjYAB
,WOOD,01tVT00000DfqmLYAR
,WOOD,01tVT00000Dfqw1YAB
,WOOD,01tVT00000Dfr0rYAB
,WOOD,01tVT00000Dfr5hYAB
,WOOD,01tVT00000DfrDlYAJ
,BLACK + NATURAL,01tVT00000DfrKDYAZ
,BLACK + NATURAL,01tVT00000DfrP3YAJ
,BLACK + NATURAL,01tVT00000DfrbxYAB
,BLACK + NATURAL,01tVT00000DfrldYAB
,OPTIONAL,01tVT00000DfrorYAB
,OPTIONAL,01tVT00000DfrqTYAR
,OPTIONAL,01tVT00000DfsPyYAJ
,OPTIONAL,01tVT00000DfsY3YAJ
,OPTIONAL,01tVT00000DftXKYAZ
BLACK,BLACK,01tVT00000DftgzYAB
,OPTIONAL,01tVT00000Dfuy1YAB
,BLACK,01tVT00000Dfv65YAB
,OPTIONAL,01tVT00000DfvE9YAJ
,OPTIONAL,01tVT00000DfvPRYAZ
,OPTIONAL,01tVT00000DfvUHYAZ
,OPTIONAL,01tVT00000DfvajYAB
,OPTIONAL,01tVT00000DfvkPYAR
,OPTIONAL,01tVT00000DfvsTYAR
,OPTIONAL,01tVT00000Dfw29YAB
,OPTIONAL,01tVT00000Dfw6zYAB
,OPTIONAL,01tVT00000DfwLVYAZ
,BLACK,01tVT00000DfwN7YAJ
,OPTIONAL,01tVT00000DfwVBYAZ
,GREY,01tVT00000DfwgTYAR
BLACK,BLACK,01tVT00000DfwlJYAR
,WHITE,01tVT00000DfwmvYAB
,WHITE,01tVT00000DfwuzYAB
,BLACK,01tVT00000DfwwbYAB
,BLACK,01tVT00000Dfx1RYAR
,WOOD + GREY,01tVT00000DfzRSYAZ
,BLACK,01tVT00000Dg153YAB
,BLACK,01tVT00000Dg1cvYAB
,RED+BLACK,01tVT00000Dg1t3YAB
,GREEN+BLACK,01tVT00000Dg22jYAB
,BLACK,01tVT00000Dg2PJYAZ
,BLACK,01tVT00000Dg2SXYAZ
,GREEN+BLACK,01tVT00000Dg2XNYAZ
,BLACK,01tVT00000Dg3DJYAZ
,BLACK,01tVT00000Dg3YIYAZ
,BLACK+WHITE,01tVT00000Dg3bVYAR
,OPTIONAL,01tVT00000Dg3q1YAB
,BLACK,01tVT00000Dg3wTYAR
,BLACK+WHITE,01tVT00000Dg41JYAR
,BLACK+WHITE,01tVT00000Dg469YAB
,BLACK+WHITE,01tVT00000Dg4EDYAZ
,OPTIONAL,01tVT00000Dg4SjYAJ
,OPTIONAL,01tVT00000Dg4e1YAB
,OPTIONAL,01tVT00000Dg4hFYAR
,OPTIONAL,01tVT00000Dg4m5YAB
,OPTIONAL,01tVT00000Dg4qvYAB
,OPTIONAL,01tVT00000Dg4xNYAR
,WOOD + GREY,01tVT00000Dg58fYAB
,BLACK,01tVT00000Dg5AHYAZ
,WOOD + GREY,01tVT00000Dg5F7YAJ
,WOOD + BLACK,01tVT00000Dg5YTYAZ
,BLACK,01tVT00000Dg5a5YAB
,WOOD + BLACK,01tVT00000Dg5evYAB
,BLACK,01tVT00000DgdWwYAJ
,BLACK,01tVT00000DggeTYAR
,BLACK,01tVT00000DggjJYAR
,BLACK,01tVT00000DggpmYAB
,BLACK,01tVT00000DggszYAB
,BLACK,01tVT00000DggxpYAB
,BLACK,01tVT00000DghlpYAB
,BLACK,01tVT00000DghsHYAR
,BLACK,01tVT00000Dgi6nYAB
,BLACK,01tVT00000DgiGTYAZ
,WOOD+IRON,01tVT00000DgiunYAB
,WOOD+IRON,01tVT00000DgizdYAB
,IRON,01tVT00000Dgj7hYAB
,WOOD + BLACK,01tVT00000DgjVtYAJ
,WOOD + BLACK,01tVT00000DgjZ7YAJ
,BLACK,01tVT00000DgjcLYAR
,WOOD + BLACK,01tVT00000DgjdxYAB
,BLACK,01tVT00000DgjhBYAR
,GREY,01tVT00000DgjxJYAR
,BLACK,01tVT00000DgkLWYAZ
,BLACK,01tVT00000DgkWpYAJ
,BLACK,01tVT00000DglMQYAZ
,BLACK,01tVT00000DglflYAB
,GREY,01tVT00000Dglr3YAB
,BLACK,01tVT00000DglvtYAB
,BLACK,01tVT00000Dgm3xYAB
,BLACK,01tVT00000Dgm8nYAB
,BLACK,01tVT00000DgmC1YAJ
,BLACK,01tVT00000DgmGrYAJ
,BLACK,01tVT00000DgmNJYAZ
,BLACK,01tVT00000DgmWzYAJ
,BLACK,01tVT00000DgmjtYAB
,WHITE,01tVT00000DgmtZYAR
,BLACK+WHITE,01tVT00000DgmvBYAR
,BLACK,01tVT00000DgmyPYAR
,BLACK+WHITE,01tVT00000Dgn3FYAR
,BLACK+WHITE,01tVT00000DgnCvYAJ
,BLACK+WHITE,01tVT00000DgnHlYAJ
,BLACK+WHITE,01tVT00000DgnWHYAZ
,RED+WHITE,01tVT00000DgnXtYAJ
,BLACK,01tVT00000DgncjYAB
,BLACK,01tVT00000DgnknYAB
,BLACK,01tVT00000DgnpdYAB
,BLACK,01tVT00000DgnzJYAR
,BLACK,01tVT00000Dgo2XYAR
,COLOR OPTIONS,01tVT00000Dgo49YAB
,BLACK,01tVT00000DgoAbYAJ
,BLACK,01tVT00000DgoDpYAJ
,BLACK,01tVT00000DgoH3YAJ
,BLACK,01tVT00000DgoP7YAJ
,BLACK,01tVT00000DgoXBYAZ
,BLACK,01tVT00000DgoybYAB
,BLACK,01tVT00000Dgp3RYAR
,BLACK,01tVT00000DgpEjYAJ
,BLACK,01tVT00000DgpHxYAJ
,COLOR OPTIONS,01tVT00000DgpOPYAZ
,BLACK,01tVT00000DgpUsYAJ
,BLACK,01tVT00000DgpbJYAR
,BLACK,01tVT00000DgpoDYAR
,BLACK,01tVT00000Dgpt3YAB
,BLACK,01tVT00000DgpzVYAR
,BLACK,01tVT00000Dgq4LYAR
,BLACK,01tVT00000Dgq5xYAB
,BLACK,01tVT00000DgqM5YAJ
,BLACK,01tVT00000DgqQvYAJ
,BLACK,01tVT00000DgqU9YAJ
,BLACK,01tVT00000DgqdpYAB
,GRAY,01tVT00000DgrWfYAJ
,BLACK,01tVT00000Dgrd7YAB
,BLACK,01tVT00000DgrlBYAR
,BLACK,01tVT00000Dgrq1YAB
,BLACK,01tVT00000DgssXYAR
,BLACK,01tVT00000DgtobYAB
,BLACK,01tVT00000DguJFYAZ
,BLACK,01tVT00000DgumHYAR
,BLACK,01tVT00000Dgwg1YAB
,OPTIONAL,01tVT00000DgxFVYAZ
WHITE,WHITE,01tVT00000DhZFxYAN
,WHITE,01tVT00000DhZMPYA3
,BLACK/ SILVER/ GOLD,01tVT00000DhZUUYA3
BLACK/ SILVER/ GOLD,BLACK/ SILVER/ GOLD,01tVT00000DhZcXYAV
WHITE,WHITE,01tVT00000DhZuHYAV
KHAKHI,KHAKHI,01tVT00000Dha2MYAR
,WHITE,01tVT00000Dha7BYAR
,KHAKHI,01tVT00000DhaFFYAZ
,BROWN,01tVT00000DhawnYAB
BLACK,BLACK,01tVT00000Dhd8HYAR
OPTIONAL,OPTIONAL,01tVT00000Dhd8IYAR
OPTIONAL,OPTIONAL,01tVT00000Dhd8JYAR
OPTIONAL,OPTIONAL,01tVT00000Dhd8KYAR
OPTIONAL,OPTIONAL,01tVT00000Dhd8LYAR
OPTIONAL,OPTIONAL,01tVT00000Dhd8MYAR
OPTIONAL,OPTIONAL,01tVT00000Dhd8NYAR
OPTIONAL,OPTIONAL,01tVT00000Dhd8OYAR
OPTIONAL,OPTIONAL,01tVT00000Dhd8PYAR
OPTIONAL,OPTIONAL,01tVT00000Dhd8QYAR
OPTIONAL,OPTIONAL,01tVT00000Dhd8RYAR
OPTIONAL,OPTIONAL,01tVT00000Dhd8SYAR
OPTIONAL,OPTIONAL,01tVT00000Dhd8TYAR
OPTIONAL,OPTIONAL,01tVT00000Dhd8UYAR
OPTIONAL,OPTIONAL,01tVT00000Dhd8VYAR
OPTIONAL,OPTIONAL,01tVT00000Dhd8WYAR
OPTIONAL,OPTIONAL,01tVT00000Dhd8XYAR
OPTIONAL,OPTIONAL,01tVT00000Dhd8YYAR
GREY,GREY,01tVT00000Dhd8ZYAR
GREY,GREY,01tVT00000Dhd8aYAB
NATURAL,NATURAL,01tVT00000Dhd8bYAB
OPTIONAL,OPTIONAL,01tVT00000Dhd8cYAB
OPTIONAL,OPTIONAL,01tVT00000Dhd8dYAB
COLOR OPTIONS,COLOR OPTIONS,01tVT00000Dhd9tYAB
COLOR OPTIONS,COLOR OPTIONS,01tVT00000DhfbVYAR
,COLOR OPTIONS,01tVT00000DhfgLYAR
,COLOR OPTIONS,01tVT00000DhfwTYAR
COLOR OPTIONS,COLOR OPTIONS,01tVT00000Dhg69YAB
,COLOR OPTIONS,01tVT00000Dhg9NYAR
COLOR OPTIONS,COLOR OPTIONS,01tVT00000DhgJ3YAJ
,COLOR OPTIONS,01tVT00000DhgKfYAJ
,BLACK,01tVT00000DhgqvYAB
,OPTIONAL,01tVT00000DhgqwYAB
,OPTIONAL,01tVT00000DhgqxYAB
,OPTIONAL,01tVT00000DhgqyYAB
,OPTIONAL,01tVT00000DhgqzYAB
,OPTIONAL,01tVT00000Dhgr0YAB
,OPTIONAL,01tVT00000Dhgr1YAB
,OPTIONAL,01tVT00000Dhgr2YAB
,OPTIONAL,01tVT00000Dhgr3YAB
,OPTIONAL,01tVT00000Dhgr4YAB
,OPTIONAL,01tVT00000Dhgr5YAB
,OPTIONAL,01tVT00000Dhgr6YAB
,OPTIONAL,01tVT00000Dhgr7YAB
,OPTIONAL,01tVT00000Dhgr8YAB
,OPTIONAL,01tVT00000Dhgr9YAB
,OPTIONAL,01tVT00000DhgrAYAR
,OPTIONAL,01tVT00000DhgrBYAR
,OPTIONAL,01tVT00000DhgrCYAR
,GREY,01tVT00000DhgrDYAR
,GREY,01tVT00000DhgrEYAR
,NATURAL,01tVT00000DhgrFYAR
,OPTIONAL,01tVT00000DhgrGYAR
,OPTIONAL,01tVT00000DhgrHYAR
,COLOR OPTIONS,01tVT00000DhikgYAB
COLOR OPTIONS,COLOR OPTIONS,01tVT00000DhixZYAR
,COLOR OPTIONS,01tVT00000Dhj2PYAR
COLOR OPTIONS,COLOR OPTIONS,01tVT00000DhjYfYAJ
,WHITE + NATURAL,01tVT00000DjIkUYAV
,BROWN,01tVT00000DjJAHYA3
,WHITE,01tVT00000DjJVFYA3
WHITE + NATURAL,WHITE + NATURAL,01tVT00000DjJevYAF
BROWN,BROWN,01tVT00000DjJtRYAV
,BROWN,01tVT00000DjJv3YAF
OPTIONAL,OPTIONAL,01tVT00000DjODBYA3
OPTIONAL,OPTIONAL,01tVT00000DjOTJYA3
OPTIONAL,OPTIONAL,01tVT00000DjOTKYA3
OPTIONAL,OPTIONAL,01tVT00000DjOTLYA3
OPTIONAL,OPTIONAL,01tVT00000DjOTMYA3
OPTIONAL,OPTIONAL,01tVT00000DjOTNYA3
,OPTIONAL,01tVT00000DjOgDYAV
,OPTIONAL,01tVT00000DjOgEYAV
,OPTIONAL,01tVT00000DjOgFYAV
,OPTIONAL,01tVT00000DjOgGYAV
,OPTIONAL,01tVT00000DjOgHYAV
,OPTIONAL,01tVT00000DjOgIYAV
,BLACK/ SILVER/ GOLD,01tVT00000DjSofYAF
,WHITE,01tVT00000DjSv7YAF
,WHITE,01tVT00000DjSzxYAF
,KHAKHI,01tVT00000DjT1ZYAV
COLOR OPTIONS,COLOR OPTIONS,01tVT00000DjVEfYAN
COLOR OPTIONS,COLOR OPTIONS,01tVT00000DjVEgYAN
COLOR OPTIONS,COLOR OPTIONS,01tVT00000DjVEhYAN
COLOR OPTIONS,COLOR OPTIONS,01tVT00000DjVEiYAN
OIL FINISH,OIL FINISH,01tVT00000DjVEjYAN
OIL FINISH,OIL FINISH,01tVT00000DjVEkYAN
OIL FINISH,OIL FINISH,01tVT00000DjVElYAN
OIL FINISH,OIL FINISH,01tVT00000DjVEmYAN
,COLOR OPTIONS,01tVT00000DjVPxYAN
,COLOR OPTIONS,01tVT00000DjVPyYAN
,COLOR OPTIONS,01tVT00000DjVPzYAN
,COLOR OPTIONS,01tVT00000DjVQ0YAN
,OIL FINISH,01tVT00000DjVQ1YAN
,OIL FINISH,01tVT00000DjVQ2YAN
,OIL FINISH,01tVT00000DjVQ3YAN
,OIL FINISH,01tVT00000DjVQ4YAN
,NATURAL WOOD,01tVT00000DlYl8YAF
,NATURAL WOOD,01tVT00000DlYl9YAF
,NATURAL WOOD,01tVT00000DlYlAYAV
,WHITE,01tVT00000DlYlBYAV
,WHITE,01tVT00000DlYlCYAV
NATURAL WOOD,NATURAL WOOD,01tVT00000DlYrZYAV
NATURAL WOOD,NATURAL WOOD,01tVT00000DlYraYAF
NATURAL WOOD,NATURAL WOOD,01tVT00000DlYrbYAF
WHITE,WHITE,01tVT00000DlYrcYAF
WHITE,WHITE,01tVT00000DlYrdYAF
WHITE,WHITE,01tVT00000DlfcvYAB
,WHITE,01tVT00000DlfhlYAB
,WHITE,01tVT00000DlfjNYAR
WHITE,WHITE,01tVT00000Dm6rdYAB
,WHITE,01tVT00000Dm6reYAB
OPTIONAL,OPTIONAL,01tVT00000DmXVFYA3
,OPTIONAL,01tVT00000DmXevYAF
,NATURAL,01tVT00000DnLGkYAN
,WOOD,01tVT00000DnOCzYAN
NATURAL,NATURAL,01tVT00000DnPqbYAF
,NATURAL,01tVT00000DnPvRYAV
NATURAL,NATURAL,01tVT00000DnQhpYAF
COLOR OPTIONS,COLOR OPTIONS,01tVT00000DnRPNYA3
COLOR OPTIONS,COLOR OPTIONS,01tVT00000DnRPOYA3
,COLOR OPTIONS,01tVT00000DnRUDYA3
,COLOR OPTIONS,01tVT00000DnRUEYA3
,GREY,01tVT00000Do1z8YAB
,GREEN,01tVT00000Do1z9YAB
COLOR OPTIONS,COLOR OPTIONS,01tVT00000Do7ZtYAJ
COLOR OPTIONS,COLOR OPTIONS,01tVT00000Do7ZuYAJ
COLOR OPTIONS,COLOR OPTIONS,01tVT00000Do7ZvYAJ
COLOR OPTIONS,COLOR OPTIONS,01tVT00000Do7ZwYAJ
COLOR OPTIONS,COLOR OPTIONS,01tVT00000Do7ZxYAJ
COLOR OPTIONS,COLOR OPTIONS,01tVT00000Do7ZyYAJ
COLOR OPTIONS,COLOR OPTIONS,01tVT00000Do7ZzYAJ
COLOR OPTIONS,COLOR OPTIONS,01tVT00000Do7a0YAB
COLOR OPTIONS,COLOR OPTIONS,01tVT00000Do7a1YAB
COLOR OPTIONS,COLOR OPTIONS,01tVT00000Do7a2YAB
COLOR OPTIONS,COLOR OPTIONS,01tVT00000Do7a3YAB
COLOR OPTIONS,COLOR OPTIONS,01tVT00000Do7a4YAB
COLOR OPTIONS,COLOR OPTIONS,01tVT00000Do7a5YAB
COLOR OPTIONS,COLOR OPTIONS,01tVT00000Do7a6YAB
BLACK,BLACK,01tVT00000Do7a7YAB
BLACK,BLACK,01tVT00000Do7a8YAB
BLACK,BLACK,01tVT00000Do7a9YAB
BLACK,BLACK,01tVT00000Do7aAYAR
COLOR OPTIONS,COLOR OPTIONS,01tVT00000Do7aBYAR
COLOR OPTIONS,COLOR OPTIONS,01tVT00000Do7aCYAR
COLOR OPTIONS,COLOR OPTIONS,01tVT00000Do7aDYAR
COLOR OPTIONS,COLOR OPTIONS,01tVT00000Do7aEYAR
COLOR OPTIONS,COLOR OPTIONS,01tVT00000Do7aFYAR
COLOR OPTIONS,COLOR OPTIONS,01tVT00000Do7aGYAR
COLOR OPTIONS,COLOR OPTIONS,01tVT00000Do7aHYAR
COLOR OPTIONS,COLOR OPTIONS,01tVT00000Do7aIYAR
COLOR OPTIONS,COLOR OPTIONS,01tVT00000Do7aKYAR
COLOR OPTIONS,COLOR OPTIONS,01tVT00000Do7aLYAR
COLOR OPTIONS,COLOR OPTIONS,01tVT00000Do7aMYAR
COLOR OPTIONS,COLOR OPTIONS,01tVT00000Do7aNYAR
COLOR OPTIONS,COLOR OPTIONS,01tVT00000Do7aOYAR
COLOR OPTIONS,COLOR OPTIONS,01tVT00000Do7aPYAR
COLOR OPTIONS,COLOR OPTIONS,01tVT00000Do7aQYAR
COLOR OPTIONS,COLOR OPTIONS,01tVT00000Do7aRYAR
COLOR OPTIONS,COLOR OPTIONS,01tVT00000Do7aSYAR
COLOR OPTIONS,COLOR OPTIONS,01tVT00000Do7aTYAR
COLOR OPTIONS,COLOR OPTIONS,01tVT00000Do7aUYAR
COLOR OPTIONS,COLOR OPTIONS,01tVT00000Do7aVYAR
COLOR OPTIONS,COLOR OPTIONS,01tVT00000Do7aWYAR
COLOR OPTIONS,COLOR OPTIONS,01tVT00000Do7aXYAR
COLOR OPTIONS,COLOR OPTIONS,01tVT00000Do7aYYAR
COLOR OPTIONS,COLOR OPTIONS,01tVT00000Do7aZYAR
COLOR OPTIONS,COLOR OPTIONS,01tVT00000Do7aaYAB
COLOR OPTIONS,COLOR OPTIONS,01tVT00000Do7abYAB
COLOR OPTIONS,COLOR OPTIONS,01tVT00000Do7acYAB
COLOR OPTIONS,COLOR OPTIONS,01tVT00000Do7adYAB
COLOR OPTIONS,COLOR OPTIONS,01tVT00000Do7aeYAB
COLOR OPTIONS,COLOR OPTIONS,01tVT00000Do7afYAB
COLOR OPTIONS,COLOR OPTIONS,01tVT00000Do7agYAB
COLOR OPTIONS,COLOR OPTIONS,01tVT00000Do7ahYAB
COLOR OPTIONS,COLOR OPTIONS,01tVT00000Do7aiYAB
,COLOR OPTIONS,01tVT00000Do7hxYAB
,COLOR OPTIONS,01tVT00000Do7hyYAB
,COLOR OPTIONS,01tVT00000Do7hzYAB
,COLOR OPTIONS,01tVT00000Do7i0YAB
,COLOR OPTIONS,01tVT00000Do7i1YAB
,COLOR OPTIONS,01tVT00000Do7i2YAB
,COLOR OPTIONS,01tVT00000Do7i3YAB
,COLOR OPTIONS,01tVT00000Do7i4YAB
,COLOR OPTIONS,01tVT00000Do7i5YAB
,COLOR OPTIONS,01tVT00000Do7i6YAB
,COLOR OPTIONS,01tVT00000Do7i7YAB
,COLOR OPTIONS,01tVT00000Do7i8YAB
,COLOR OPTIONS,01tVT00000Do7i9YAB
,COLOR OPTIONS,01tVT00000Do7iAYAR
,BLACK,01tVT00000Do7iBYAR
,BLACK,01tVT00000Do7iCYAR
,BLACK,01tVT00000Do7iDYAR
,BLACK,01tVT00000Do7iEYAR
,COLOR OPTIONS,01tVT00000Do7iFYAR
,COLOR OPTIONS,01tVT00000Do7iGYAR
,COLOR OPTIONS,01tVT00000Do7iHYAR
,COLOR OPTIONS,01tVT00000Do7iIYAR
,COLOR OPTIONS,01tVT00000Do7iJYAR
,COLOR OPTIONS,01tVT00000Do7iKYAR
,COLOR OPTIONS,01tVT00000Do7iLYAR
,COLOR OPTIONS,01tVT00000Do7iMYAR
,COLOR OPTIONS,01tVT00000Do7iOYAR
,COLOR OPTIONS,01tVT00000Do7iPYAR
,COLOR OPTIONS,01tVT00000Do7iQYAR
,COLOR OPTIONS,01tVT00000Do7iRYAR
,COLOR OPTIONS,01tVT00000Do7iSYAR
,COLOR OPTIONS,01tVT00000Do7iTYAR
,COLOR OPTIONS,01tVT00000Do7iUYAR
,COLOR OPTIONS,01tVT00000Do7iVYAR
,COLOR OPTIONS,01tVT00000Do7iWYAR
,COLOR OPTIONS,01tVT00000Do7iXYAR
,COLOR OPTIONS,01tVT00000Do7iYYAR
,COLOR OPTIONS,01tVT00000Do7iZYAR
,COLOR OPTIONS,01tVT00000Do7iaYAB
,COLOR OPTIONS,01tVT00000Do7ibYAB
,COLOR OPTIONS,01tVT00000Do7icYAB
,COLOR OPTIONS,01tVT00000Do7idYAB
,COLOR OPTIONS,01tVT00000Do7ieYAB
,COLOR OPTIONS,01tVT00000Do7ifYAB
,COLOR OPTIONS,01tVT00000Do7igYAB
,COLOR OPTIONS,01tVT00000Do7ihYAB
,COLOR OPTIONS,01tVT00000Do7iiYAB
,COLOR OPTIONS,01tVT00000Do7ijYAB
,COLOR OPTIONS,01tVT00000Do7ikYAB
,COLOR OPTIONS,01tVT00000Do7ilYAB
,COLOR OPTIONS,01tVT00000Do7imYAB
GREY,GREY,01tVT00000Do7wTYAR
GREEN,GREEN,01tVT00000Do7wUYAR
COLOR OPTIONS,COLOR OPTIONS,01tVT00000Do9dJYAR
COLOR OPTIONS,COLOR OPTIONS,01tVT00000Do9dKYAR
,COLOR OPTIONS,01tVT00000Do9i9YAB
,COLOR OPTIONS,01tVT00000Do9iAYAR
COLOR OPTIONS,COLOR OPTIONS,01tVT00000DoBQbYAN
,COLOR OPTIONS,01tVT00000DoBVRYA3
,COLOR OPTIONS,01tVT00000DoBgjYAF
,WHITE/BLACK/GOLD/SILVER,01tVT00000DoMM1YAN
BLACK,BLACK,01tVT00000Dp5PZYAZ
,BLACK,01tVT00000Dp5UPYAZ
WHITE,WHITE,01tVT00000Dp9RZYAZ
,WHITE,01tVT00000Dp9ZdYAJ
BLACK/SILVER/GOLD,BLACK/SILVER/GOLD,01tVT00000Dp9mXYAR
,BLACK/SILVER/GOLD,01tVT00000Dp9ubYAB
,GREY,01tVT00000DpKd7YAF
COLOR OPTIONS,COLOR OPTIONS,01tVT00000DpL2vYAF
,COLOR OPTIONS,01tVT00000DpMgXYAV
WHITE,WHITE,01tVT00000DsCEPYA3
,WHITE,01tVT00000DsCW9YAN
BLACK,BLACK,01tVT00000DsiHWYAZ
,BLACK,01tVT00000DsiHXYAZ
GREY,GREY,01tVT00000Du5qLYAR
,GREY,01tVT00000Du5vBYAR
BLACK,BLACK,01tVT00000Du8kzYAB
,BLACK,01tVT00000Du8ppYAB
BLACK,BLACK,01tVT00000Du8wHYAR
,BLACK,01tVT00000Du917YAB
BLACK,BLACK,01tVT00000Du9xBYAR
BLACK,BLACK,01tVT00000DuAEvYAN
,BLACK,01tVT00000DuBCbYAN
,BLACK,01tVT00000DuBNtYAN
STRIPE,STRIPE,01tVT00000DuBkTYAV
,STRIPE,01tVT00000DuBqvYAF
STRIPE,STRIPE,01tVT00000DuBxNYAV
,STRIPE,01tVT00000DuByzYAF
,BLACK,01tVT00000DumfDYAR
,BLACK,01tVT00000DumfEYAR
,BLACK,01tVT00000DumfFYAR
,BLACK,01tVT00000DumfGYAR
,BLACK,01tVT00000DumfHYAR
,BLACK,01tVT00000DumfIYAR
,BLACK,01tVT00000DumfJYAR
,BLACK,01tVT00000DumfKYAR
,BLACK,01tVT00000DumfLYAR
,WOOD&SILVER,01tVT00000DumfMYAR
BLACK,BLACK,01tVT00000DunGHYAZ
BLACK,BLACK,01tVT00000DunGIYAZ
BLACK,BLACK,01tVT00000DunGJYAZ
BLACK,BLACK,01tVT00000DunGKYAZ
BLACK,BLACK,01tVT00000DunGLYAZ
BLACK,BLACK,01tVT00000DunGMYAZ
BLACK,BLACK,01tVT00000DunGNYAZ
BLACK,BLACK,01tVT00000DunGOYAZ
BLACK,BLACK,01tVT00000DunGPYAZ
WOOD&SILVER,WOOD&SILVER,01tVT00000DunGQYAZ
WOOD,WOOD,01tVT00000DunGRYAZ
WOOD,WOOD,01tVT00000DunZeYAJ
,WOOD,01tVT00000Dung5YAB
,NATURAL,01tVT00000DxdvVYAR
BLACK,BLACK,01tVT00000E0EKfYAN
