Id,Name,ProductName__c
01t4w00000NO0PvAAL,URUGUAY DINNING SET TABLE + 6 CHAIRS,SET COMEDOR MÁRMOL URUGUAY + 6 SILLAS
01t4w00000NO0PxAAL,SERENA DINNING SET TABLE + 6 CHAIRS,SET COMEDOR MDF SERENA + 6 SILLAS
01t4w00000NO0PzAAL,LIMA DINNING SET TABLE + 6 CHAIRS,SET COMEDOR MDF LIMA + 6 SILLAS
01t4w00000NO0QFAA1,NAPLES BAR DINNING SET COUNTER HEIGHT TABLE + 4 CHAIRS,SET COMEDOR MDF NAPLES BAR + 4 SILLAS
01t4w00000NO0QJAA1,TUNJA DINNING SET TABLE + 2 CHAIRS + 1 BENCH,SET COMEDOR MDF TUNJA + 2 SILLAS + 1 BANCA
01t4w00000NO0QYAA1,BOOKSHELF,ESTANTERIA 5 NIVELES
01t4w00000NO0QZAA1,BUNK BED,LITERA INFANTIL
01t4w00000NO0QeAAL,LOUNGE CHAIR,SILLA COMEDOR LVL
01t4w00000NO0QnAAL,ROTATING BOOKSHELF,ESTANTERIA GIRATORIA 3 NIVELES
01t4w00000NO0QxAAL,BUNK BED,LITERA INFANTIL
01t4w00000NO0UVAA1,AIR CONDITIONER,AIRE ACONDICIONADO
01t4w00000NhOlhAAF,6FT X6FT PORTABLE POP UP GAZEBO,GAZEBO CUADRADO PORTÁTIL POP UP
01t4w00000NhOlnAAF,8FT X8 FT  GAZEBO,GAZEBO CUADRADO
01t4w00000NhOloAAF,10FT X10 FT POP UP GAZEBO,GAZEBO CUADRADO AJUSTABLE POP UP
01t4w00000NhOlqAAF,10FT X10 FT POP UP GAZEBO INCLUDES 4 WALLS,GAZEBO CUADRADO POP UP CON 4 PAREDES
01t4w00000NhOlsAAF,8FT X8FT POP UP GAZEBO,GAZEBO CUADRADO POP UP
01t4w00000NhOlxAAF,10FT X10 FT POP UP GAZEBO,GAZEBO CUADRADO POP UP
01t4w00000NhOm6AAF,8FT X8FT POP UP GAZEBO WITH Netting Wall,GAZEBO CUADRADO POP UP CON MOSQUITERA
01t4w00000Nulb6AAB,JEWELRY BOX,JOYERO NECESER
01t4w00000Nulb7AAB,"EXPANDABLE HOSE 7,5 MT",MANGUERA EXPANDIBLE 7.5 MT C/PISTOLA 7 FUNCIONES
01t4w00000NulbtAAB,SOLAR FRAME LIGHT,LAMPARA SOLAR IMITACION FUEGO
01t4w00000NulbvAAB,GLIDER WITH RECLINER,MECEDORA RECLINABLE CON PUF
01t4w00000NulbzAAB,HANGING CHAIR,HAMACA COLGANTE CON COJIN
01t4w00000Nulc1AAB,HANGING CHAIR,COLUMPIO COLGANTE CON COJIN
01t4w00000Nulc4AAB,HANGING CHAIR,HAMACA COLGANTE CON COJIN
01t4w00000Nulc5AAB,HANGING CHAIR,HAMACA COLGANTE CON COJIN
01t4w00000NulcAAAR,8FT FOLDING HDPE TABLE,MESA RESINA PLEGABLE Φ 4.5 cm
01t4w00000NulcDAAR,FOLDING HDPE PERSONAL TABLE ADJUSTABLE,MESA RESINA PERSONAL
01t4w00000NulcFAAR,FOLDING HDPE CHAIR,SILLA PLEGABLE DOBLE
01t4w00000NulcHAAR,122 CM FOLDING TABLE,MESA RESINA PLEGABLE Φ 4 cm
01t4w00000NulcIAAR,8FT FOLDING HDPE TABLE,MESA RESINA PLEGABLE
01t4w00000NulcLAAR,KIDS PATIO SET,SET SILLAS INFANTIL CON SOMBRILLA
01t4w00000NulcNAAR,KIDS CHAIR WITH UMBRELLA,SILLA INFANTIL CON SOMBRILLA
01t4w00000NulcPAAR,ALUMINIUM BED,TUMBONA DE ALUMINIO
01t4w00000NulcSAAR,WOODEN DECK CHAIR,HAMACA MADERA CON TELA
01t4w00000NulcXAAR,BEACH UMBRELLA,SOMBRILLA PLAYA
01t4w00000NulcaAAB,BEACH UMBRELLA,SOMBRILLA PLAYA
01t4w00000NulccAAB,HAMMOCK,HAMACA COLGANTE HILO DE ALGODON
01t4w00000NulceAAB,BEACH GAZEBO,GAZEBO PLAYA INCLINADO
01t4w00000NulciAAB,GAZEBO BEACH IN POLYESTER,GAZEBO PLAYA
01t4w00000NulcjAAB,HANGING CHAIR SWING,COLUMPIO SILLA COLGANTE
01t4w00000NulcrAAB,TV STAND,CENTRO ENTRETENIMIENTO 2 NIVELES
01t4w00000NulctAAB,TV STAND,"TV STAND MUEBLE CRISTAL SOPORTE 32-55"""
01t4w00000Nuld0AAB,KID BENCH,BANCO INFANTIL
01t4w00000Nuld4AAB,METALIC SHELF,ESTANTERIA METALICA 5 NIVELES
01t4w00000Nuld6AAB,TV STAND,"TV STAND SOBREMESA SOPORTE 27-55"""
01t4w00000Nuld9AAB,BOOKCASE,LIBRERIA INFANTIL
01t4w00000NuldBAAR,KID BENCH,BANCO INFANTIL
01t4w00000NuldDAAR,KID BENCH,BANCO INFANTIL
01t4w00000NuldFAAR,KID BENCH,BANCO INFANTIL
01t4w00000NuldHAAR,KIDS EASEL,SET PIZARRA/MESA + BANCO INFANTIL
01t4w00000NuldJAAR,COMPUTER DESK,MESA ESCRITORIO CON RUEDAS
01t4w00000NuldKAAR,COMPUTER DESK,MESA ESCRITORIO CON RUEDAS
01t4w00000NuldNAAR,OFFICE CHAIR,SILLA ORDENADOR MESH
01t4w00000NuldPAAR,OFFICE CHAIR,SILLA ORDENADOR
01t4w00000NuldRAAR,EAMS PP CHAIR,SILLA PLASTICO EAMS
01t4w00000NuldVAAR,SHOE RACK WITH MIRROR,ZAPATERA 3 NIVELES CON ESPEJOS
01t4w00000NuldYAAR,STORAGE BENCH,BANCA ZAPATERA 2 NIVELES CAJONERAS
01t4w00000NuldbAAB,BENCH WITH SHOE RACK,BANCA ZAPATERA 1 NIVEL
01t4w00000NulddAAB,CABINET,APARADOR 4 PUERTAS
01t4w00000NuldfAAB,KITCHEN TROLLEY,CARRITO ORGANIZADOR COCINA 3 NIVELES + BOTELLERO
01t4w00000NuldhAAB,KITCHEN TROLLEY,CARRITO ORGANIZADOR COCINA 3 NIVELES
01t4w00000NuldiAAB,KITCHEN ISLAND,CARRITO ORGANIZADOR COCINA 2 NIVELES
01t4w00000NuldlAAB,KITCHEN TROLLEY WITH SHALY TOP,CARRITO ORGANIZADOR COCINA 3 NIVELES
01t4w00000NuldnAAB,NEST OF 2 TABLES,SET MESAS AUXILIARES 2 PIEZAS
01t4w00000NuldpAAB,SET 3 COFFEE TABLE,SET MESAS AUXILIARES 3 PIEZAS
01t4w00000NuldrAAB,SET 3 COFFEE TABLE,SET MESAS AUXILIARES 3 PIEZAS
01t4w00000NuldtAAB,SOFA BED,SOFA CAMA
01t4w00000NuldvAAB,SOFA BED,SOFA CAMA PATAS MADERA
01t4w00000Nule5AAB,PORTABLE BBQ,ASADOR CARBON PORTATIL CON BOLSA NEVERA
01t4w00000Nule8AAB,CHARCOAL GRILL WITH WHEELS BLACK,ASADOR CARBON REDONDO
01t4w00000NuleCAAR,BBQ TOOL SET,SET ACCESORIOS 4 PIEZAS BBQ
01t4w00000NuleEAAR,BOX BENCH,BANCO TEKA CON ALMACENAJE
01t4w00000NuleGAAR,LEISURE SWING,COLUMPIO BALANCIN DOBLE TEKA
01t4w00000NuleHAAR,HIDEAWAY SET 1+4,SET COMEDOR TEKA 5 PIEZAS AHORRAESPACIO
01t4w00000NuleOAAR,TABLE WITH BOX  STORAGE,SET BISTRO ACACIA PLEGABLE CON CAJON ZINC
01t4w00000NuleQAAR,BED,ESTRUCTURA CAMA
01t4w00000NuleSAAR,NIGHT STAND,MESA BURO 1 CAJON
01t4w00000NuleUAAR,WARDROBE,ARMARIO ROPERO + CAJON
01t4w00000NuleWAAR,WIDE CHEST OF DRAWER,APARADOR 5 CAJONES
01t4w00000NuleYAAR,CHEST OF DRAWER,APARADOR 6 CAJONES
01t4w00000NulesAAB,TV STAND,"TV STAND SOBREMESA SOPORTE 27-55"""
01t4w00000NuleyAAB,BBQ TENT,GAZEBO CUADRADO CON BARRAS BAR+VISERAS
01t4w00000Nulf0AAB,SQUARE GAZEBO WITH BENCHES,GAZEBO CUADRADO CON BANCOS
01t4w00000Nulf2AAB,BUDDHA FOUNTAIN,FUENTE BUDA CON LED
01t4w00000Nulf6AAB,ZEN BUDDHA WITH SAND,JARDÍN ZEN BUDA CON ARENA Y ARBOL
01t4w00000Nulf8AAB,ZEN BUDDHA WITH SAND,JARDÍN ZEN BUDA CON ARENA
01t4w00000NulfEAAR,HIDEAWAY SET 1+4,SET COMEDOR TEKA 5 PIEZAS AHORRAESPACIO
01t4w00000NulfGAAR,TABLE WITH BOX  STORAGE,SET BISTRO ACACIA PLEGABLE CON CAJON ZINC
01t4w00000NulfIAAR,ISLAND BISTRO,SET BISTRO TEKA CON COJINES
01t4w00000NulfKAAR,MISSION COMPANION SET,SET BISTRO TEKA CON COJINES
01t4w00000NulfOAAR,PORTABLE BBQ,BARBACOA PORTATIL CON BOLSA NEVERA
01t4w00000NulfQAAR,BBQ TENT,GAZEBO CUADRADO CON BARRAS BAR Y TECHO CON ALAS
01t4w00000NulfUAAR,SWING BENCH,COLUMPIO BALANCIN DOBLE
01t4w00000NulfYAAR,SET 3 MOSAIC FLOWER STAND,SET 3 MESAS SOPORTE MACETAS REDONDO
01t4w00000NulfaAAB,BICYCLE FLOWER STAND,SOPORTE 2 MACETAS REDONDO BICICLETA
01t4w00000NulfeAAB,RATTAN CHAIR,SILLA COMEDOR WICKER
01t4w00000NulfgAAB,DECK CHAIR WITH POLYESTER FABRIC,HAMACA MADERA CON TELA POLIESTER
01t4w00000NulfiAAB,METAL GAZEBO,GAZEBO CUADRADO CON CORTINAS
01t4w00000NulfmAAB,BBQ TOOL SET,SET ACCESORIOS 5 PIEZAS BBQ CON BOLSA
01t4w00000NulfoAAB,BBQ,ASADOR CARBON AHUMADOR CILINDRICO
01t4w00000NulfuAAB,BEACH GAZEBO,GAZEBO PLAYA INCLINADO
01t4w00000NulfwAAB,FOLDING ROUND TABLE,MESA REDONDA AUXILIAR
01t4w00000NulfyAAB,FOLDING SIDE TABLE,MESA CUADRADA AUXILIAR
01t4w00000Nulg2AAB,BEACH UMBRELLA,SOMBRILLA PLAYA CON BOLSA
01t4w00000Nulg4AAB,BEACH UMBRELLA,SOMBRILLA PLAYA
01t4w00000NulgAAAR,BISTRO SET OF 3,SET BISTRO METALICO PLEGABLE CUADRADO
01t4w00000NulgEAAR,CHILDREN FOLDING CHAIR WITH UMBRELLA,SILLA INFANTIL CON SOMBRILLA Y BOLSA
01t4w00000NulgGAAR,FOLDING BENCH ? 4.5 cm,BANCA RESINA PLEGABLE Φ 4.5 cm
01t4w00000NulgIAAR,EXPANDABLE HOSE,MANGUERA EXPANDIBLE 15 MT + 15 MT
01t4w00000NulgOAAR,BASKET LANTERN DISPLAY,DISPLAY LAMPARAS 24 PIEZAS
01t4w00000NulgSAAR,CHAIR AND TABLE SET,SET JARDIN 5 PIEZAS
01t4w00000NulgUAAR,BEACH UMBRELLA,SOMBRILLA PLAYA CON BOLSA
01t4w00000NulgYAAR,RECTANGLE TABLE,MESA JARDIN RECTANGULAR
01t4w00000NulgaAAB,ROUND TABLE,(INACTIVO) MESA JARDIN REDONDA BISTRO
01t4w00000NulgeAAB,BEACH UMBRELLA,SOMBRILLA PLAYA
01t4w00000NulggAAB,BEACH UMBRELLA,SOMBRILLA PLAYA
01t4w00000NulgiAAB,GAZEBO,CARPA INFANTIL CON MOSQUITERA
01t4w00000NulgkAAB,KID BENCH,BANCO INFANTIL
01t4w00000NulgmAAB,KID BENCH,BANCO INFANTIL
01t4w00000NulgoAAB,AUTO REWIND HOSE REEL 20 M,PORTAMANGUERA AUTOENRROLLABLE CON MANGUERA PARED 20 MT
01t4w00000NulgqAAB,SUNLOUNGER WITH ARMRESTS & WITH 5CM SEAT CUSHION,TUMBONA EUCALIPTO CON COJIN
01t4w00000NulguAAB,PLASTIC HOSE HANGER,SOPORTE MANGUERA PARED
01t4w00000NulgwAAB,HOSE GUIDE,GUIA MANGUERA
01t4w00000NulgyAAB,METAL GARDEN POT,MACETERO DECORATIVO CASITA 2 MACETAS
01t4w00000Nulh0AAB,METAL GARDEN POT,MACETERO DECORATIVO PAJAROS 2 MACETAS
01t4w00000Nulh2AAB,DECORATIVE PLANTER HOME 2 POTS,MACETERO DECORATIVO CASITA 2 MACETAS
01t4w00000Nulh4AAB,HOSE GUIDE,GUIA MANGUERA
01t4w00000Nulh6AAB,HOSE AND CABLE GUIDE,GUIA MANGUERA Y CABLE
01t4w00000Nulh8AAB,TELESCOPIC GARDEN SHOWER WITH TRIPOD,DUCHA TELESCOPICA CON TRIPODE
01t4w00000NulhJAAR,CHAIR AND TABLE SET,SET MESA + CUATRO SILLAS JARDIN
01t4w00000NulhNAAR,BEACH UMBRELLA,SOMBRILLA DE PLAYA
01t4w00000NulhPAAR,BEACH UMBRELLA,SOMBRILLA DE PLAYA CON BOLSA
01t4w00000NulhbAAB,BBQ TOOL SET,SET DE ACCESORIOS BBQ
01t4w00000NulhdAAB,HEXAGONAL POLYESTER GAZEBO,GAZEBO HEXAGONAL POLIESTER
01t4w00000NulhfAAB,GAZEBO,GAZEBO INFANTIL
01t4w00000NulhhAAB,HANGING CHAIR,HAMACA COLGANTE CON COJIN
01t4w00000NulhjAAB,"10"" WIND SPINNER",COLGADOR DE VIENTO PIÑA
01t4w00000NulhmAAB,"10"" WIND SPINNER",COLGADOR DE VIENTO MARIPOSA
01t4w00000NulhnAAB,"10"" WIND SPINNER",COLGADOR DE VIENTO SOL
01t4w00000NulhpAAB,humming bird wind spinner with sprial,COLGADOR DE VIENTO ESPIRAL PAJARO
01t4w00000NulhqAAB,dragonfly wind spinner with spiral,COLGADOR DE VIENTO ESPIRAL MARIPOSA
01t4w00000NulhtAAB,dog wind chime,COLGADOR DE VIENTO PERRO
01t4w00000NulhvAAB,cat wind chime,COLGADOR DE VIENTO GATO
01t4w00000NulhxAAB,6 FT FOLDING HDPE TABLE WOODEN DESIGN,MESA RESINA IMITACION MADERA PLEGABLE
01t4w00000NulhzAAB,FOLDING PLASTIC CHAIR,SILLA RESINA IMITACION RATAN
01t4w00000NuliCAAR,FOLDING PLASTIC STOOL WITH BACK,BUTACO TALLER PLEGABLE CON RESPALDO
01t4w00000NuliDAAR,FOLDING PLASTIC STOOL,BUTACO TALLER PLEGABLE
01t4w00000NuliEAAR,FOLDING PLASTIC STOOL,BUTACO TALLER PLEGABLE
01t4w00000NuliFAAR,FOLDING PLASTIC STOOL,BUTACO TALLER PLEGABLE
01t4w00000NuliGAAR,FOLDING PLASTIC STOOL,BUTACO TALLER PLEGABLE
01t4w00000NuliHAAR,FOLDING PLASTIC STOOL,BUTACO TALLER PLEGABLE
01t4w00000NuliIAAR,FOLDING PLASTIC STOOL,BUTACO TALLER PLEGABLE
01t4w00000NuliJAAR,FOLDING PLASTIC STOOL,BUTACO TALLER PLEGABLE
01t4w00000NuliKAAR,FOLDING PLASTIC STOOL,BUTACO TALLER PLEGABLE
01t4w00000NuliLAAR,FOLDING PLASTIC STOOL,BUTACO TALLER PLEGABLE
01t4w00000NuliPAAR,STEP LADDER 2 STEPS,ESCALERA DOMESTICA 2 NIVELES
01t4w00000NuliRAAR,SAFETY BOOT,BOTA DIELE.18 VOLT. SBP
01t4w00000NuliTAAR,STEP LADDER 2 STEPS,ESCALERA DOMESTICA 2 NIVELES
01t4w00000NuliVAAR,STEP LADDER 2 STEPS,ESCALERA DOMESTICA 2 NIVELES
01t4w00000NuliXAAR,STEP LADDER 3 STEPS,ESCALERA DOMESTICA 3 NIVELES
01t4w00000NuliZAAR,STEP LADDER 3 STEPS,ESCALERA DOMESTICA 3 NIVELES
01t4w00000NulibAAB,STEP LADDER 3 STEPS,ESCALERA DOMESTICA 3 NIVELES
01t4w00000NulidAAB,STEP LADDER 4 STEPS,ESCALERA DOMESTICA 4 NIVELES
01t4w00000NulifAAB,STEP LADDER 4 STEPS,ESCALERA DOMESTICA 4 NIVELES
01t4w00000NulihAAB,STEP LADDER 4 STEPS,ESCALERA DOMESTICA 4 NIVELES
01t4w00000NulijAAB,GAZEBO,GAZEBO CUADRADO CON BARRAS BAR
01t4w00000NulilAAB,RELAX CHAIR,TUMBONA RELAX
01t4w00000NulinAAB,KIDS POOL TENT,CARPA PISCINA INFANTIL
01t4w00000NulitAAB,SOFA BED,SOFA CAMA
01t4w00000NulivAAB,PLASTIC,SILLA COMEDOR PLASTICO APILABLE
01t4w00000NulixAAB,END TABLE,MESA LATERAL AUXILIAR
01t4w00000Nulj0AAB,END TABLE,MESA AUXILIAR
01t4w00000Nulj2AAB,END TABLE,MESA AUXILIAR
01t4w00000Nulj4AAB,BAR STOOL,BANCO BAR BASIC
01t4w00000NulmBAAR,Wooden Shelf,ESTANTERIA 4 NIVELES
01t4w00000NulmFAAR,SOFA SPEAKER,SILLON RECLINABLE MANUAL TRANSFORMER CON BOCINAS
01t4w00000NulmJAAR,FOLDING PP CHAIR,SILLA PLEGABLE ECO PP
01t4w00000Nuln3AAB,TABLETOP MIRRORED JEWELRY CABINET,JOYERO SOBREMESA CON ESPEJO + CAJON
01t4w00000Nuln7AAB,TABLETOP MIRRORED JEWELRY CABINET,JOYERO PISO CON ESPEJO Y 5 FOTOS
01t4w00000NulnBAAR,END TABLE SET,SET MESAS AUXILIARES 3 PIEZAS
01t4w00000NulnMAAR,JEWELER WITH TABLE MIRROR,JOYERO SOBREMESA BOLA BLANCO
01t4w00000NulnOAAR,TABLETOP MIRRORED JEWELRY CABINET,JOYERO SOBREMESA CON ESPEJO
01t4w00000NulnVAAR,BAR STOOL,BANCO BAR LUGO
01t4w00000NulnWAAR,BAR STOOL,BANCO BAR LUGO
01t4w00000NulnXAAR,BAR STOOL,BANCO BAR SEVILLA
01t4w00000NulnaAAB,ABS BAR STOOL,BANCO BAR ABS
01t4w00000NulnbAAB,ABS BAR STOOL,BANCO BAR ABS
01t4w00000NulncAAB,ABS BAR STOOL,BANCO BAR ABS
01t4w00000NulneAAB,BAR STOOL,BANCO BAR REDONDO NEGRO
01t4w00000NulngAAB,BAR STOOL,BANCO BAR REDONDO
01t4w00000NulniAAB,KITCHEN TROLLEY,CARRITO ORGANIZADOR COCINA 3 NIVELES
01t4w00000NulnkAAB,KITCHEN TROLLEY,CARRITO ORGANIZADOR COCINA 3 NIVELES
01t4w00000NulnmAAB,EXPANDABLE HOSE 15 MT WITH GUN 7 FUNCTIONS,MANGUERA EXPANDIBLE 15 MT C/PISTOLA 7 FUNCIONES
01t4w00000NulnqAAB,STORAGE 1 DRAWER,CAJONERA 1 NIVEL + ESTANTE
01t4w00000NulnsAAB,STORAGE 4 DRAWERS,CAJONERA 4 NIVELES
01t4w00000NulnuAAB,PLANTERS 3 LEVELS,SET 3 MESAS SOPORTE MACETAS CUADRADO
01t4w00000NulnvAAB,CHARCOAL GRILL WITH WHEELS BLACK,BARBACOA REDONDA CON RUEDAS
01t4w00000NulnwAAB,BBQ GRILL,ASADOR CARBON PORTATIL
01t4w00000Nulo1AAB,BBQ TOLL RACK,COLGADOR ACCESORIOS BBQ
01t4w00000Nulo5AAB,CHILDREN FOLDING CHAIR WITH UMBRELLA,SILLA INFANTIL CON SOMBRILLA Y BOLSA
01t4w00000Nulo6AAB,OCEAN BLUE PLASTIC CHAIR,SILLA COMEDOR PLASTICO
01t4w00000Nulo7AAB,PLASTIC CHAIR,SILLA COMEDOR PLASTICO
01t4w00000Nulo9AAB,METAL GAZEBO 350x250x225 CM,GAZEBO RECTANGULAR TOLDO AJUSTABLE
01t4w00000NuloAAAR,METAL GAZEBO,CARPA POLIESTER TIPO JAIMA
01t4w00000NuloBAAR,PLASTIC TABLE WITH STOOL SET,SET INFANTIL 5 PIEZAS PLASTICO
01t4w00000NuloEAAR,MODULAR SET 1 (NO PILLOW),SET DE SOFA MODULAR EXTERIOR
01t4w00000NuloHAAR,EASY FOLDABLE SET,SET COMEDOR TEKA 5 PIEZAS CON COJINES
01t4w00000NuloIAAR,DECORATIVE PLANTER HOME 1 POT WITH FIREPLACE,MACETERO DECORATIVO CASITA 1 MACETA CON CHIMENEA
01t4w00000NuloJAAR,DECORATIVE PLANTER HOME 3 POTS,MACETERO DECORATIVO CASITA 3 MACETAS
01t4w00000NuloKAAR,5.0 LITER PRESSURE SPRAYER,FUMIGADOR 5 LITROS CON LANZA
01t4w00000NuloLAAR,2L WATER SPRAYER,FUMIGADOR 2 LITROS ERGO
01t4w00000NuloMAAR,BUDDHA FOUNTAIN +LED 33x25x51 CM,FUENTE BUDA CON LED
01t4w00000NuloOAAR,NIGHT STAND WITH STORAGE CUBE,APARADOR 1 CAJÓN
01t4w00000NuloQAAR,SOFA SET,SET COMEDOR 5 PIEZAS AHORRAESPACIO WICKER CON COJINES
01t4w00000NuloUAAR,LUCAS EXT.SET,SET COMEDOR 7 PIEZAS TEKA EXTENSIBLE
01t4w00000NuloWAAR,ISLAND BISTRO SET,SET BISTRO TEKA CON COJINES
01t4w00000NulocAAB,2 TIER ROUND ROLLING CART,CARRITO BAÑO 2 NIVELES CON RUEDAS
01t4w00000NulofAAB,6FT FOLDING HDPE TABLE,MESA RESINA PLEGABLE Φ 4 cm
01t4w00000NulohAAB,6 FT FOLDING HDPE TABLE WOODEN DESIGN,MESA RESINA IMITACION MADERA PLEGABLE
01t4w00000NuloyAAB,122 CM FOLDING TABLE,MESA RESINA PLEGABLE Φ 4 cm
01t4w00000NulozAAB,FOLDING HDPE PERSONAL TABLE ADJUSTABLE,MESA RESINA PERSONAL
01t4w00000Nulp0AAB,PERSONAL TABLE,MESA RESINA PERSONAL
01t4w00000Nulp2AAB,FOLDING CHAIR,SILLA RESINA DOBLE
01t4w00000Nulp3AAB,FOLDING HDPE CHAIR DOUBLE REINFORCEMENT,SILLA RESINA DOBLE
01t4w00000Nulp5AAB,UNICORN BACKPACK WITH TROLLEY,MOCHILA TROLLEY UNICORNIO 2018
01t4w00000NulpBAAR,FOLDING HDPE CHAIR,SILLA RESINA DOBLE BLANCA
01t4w00000NulpGAAR,METAL FOLDING PLASTIC BAR STOOL,TABURETE PLEGABLE BLANCO
01t4w00000NulpHAAR,METAL FOLDING PLASTIC BAR STOOL,TABURETE PLEGABLE VERDE
01t4w00000NulpKAAR,TROPICAL COFFEE SET,SET DE SOFA TEKA CON COJINES
01t4w00000NulpQAAR,END TABLE SET,SET DE 3 MESAS SALON
01t4w00000NulpRAAR,METAL GAZEBO WITH BENCHES 260x200x245 CM,GAZEBO CUADRADO CON BANCOS
01t4w00000NulpSAAR,METAL GAZEBO WITH MOSQUITO NET,GAZEBO CUADRADO CON MOSQUITERA
01t4w00000NulpTAAR,SWING CHAIR,COLUMPIO BALANCIN DOBLE CON TOLDO
01t4w00000NulpdAAB,WOODEN UMBRELLA 270 CM,SOMBRILLA JARDIN 6 RIBS
01t4w00000NulpfAAB,BALCONY SET 3,SET BISTRO WICKER CUADRADO CON COJINES
01t4w00000NulqSAAR,EXPANDABLE HOSE 15 MT WITH GUN 7 FUNCTIONS,MANGUERA EXPANDIBLE 15 METROS
01t4w00000NulqTAAR,EXPANDABLE HOSE 15 MT WITH GUN 7 FUNCTIONS,MANGUERA EXPANDIBLE 15 MT C/PISTOLA 7 FUNCIONES
01t4w00000NulqUAAR,"EXPANDABLE HOSE 7,5 MT","MANGUERA EXPANDIBLE 7,5 MT"
01t4w00000NulqVAAR,EXPANDABLE HOSE 7.5 MT WITH 7 FUNCTION GUN,MANGUERA EXPANDIBLE 7.5 MT C/PISTOLA 7 FUNCIONES
01t4w00000NulqWAAR,ABS BAR STOOL,BANCO BAR RONDA
01t4w00000NulqXAAR,BAR STOOL,BANCO BAR TOLEDO
01t4w00000NulqZAAR,BAR STOOL,BANCO BAR VIGO
01t4w00000NulqaAAB,PVC CHAIR,SILLA PVC NEGRA
01t4w00000NulqbAAB,BAR STOOL,BANCO BAR BURGOS
01t4w00000NulqcAAB,BAR STOOL,BANCO BAR BURGOS
01t4w00000NulqdAAB,BAR STOOL,BANCO BAR ALMERIA
01t4w00000NulqeAAB,BAR STOOL,BANCO BAR BARCELONA
01t4w00000NulqfAAB,BAR STOOL,BANCO BAR ORENSE
01t4w00000NulqgAAB,BAR STOOL,BANCO BAR MALAGA
01t4w00000NulqhAAB,BAR STOOL,BANCO BAR GIJON
01t4w00000NulqiAAB,BAR STOOL,BANCO BAR CADIZ
01t4w00000NulqjAAB,BAR STOOL,BANCO BAR GERONA
01t4w00000NulqkAAB,BAR STOOL,BANCO BAR IBIZA
01t4w00000NulqlAAB,BAR STOOL,BANCO BAR MADRID
01t4w00000NulqmAAB,BAR STOOL,BANCO BAR MARBELLA
01t4w00000NulqnAAB,BAR STOOL,BANCO BAR TRUJILLO
01t4w00000NulqoAAB,BAR STOOL,BANCO BAR VALENCIA
01t4w00000NulqpAAB,EAMS PP CHAIR,SILLA PLASTICO EAMS
01t4w00000NulqsAAB,SHELF,REPISA MAGICA
01t4w00000NulqtAAB,SHELF,REPISA MAGICA
01t4w00000NulquAAB,SHELF,REPISA MAGICA
01t4w00000NulqvAAB,SHELF,REPISA MAGICA
01t4w00000NulqwAAB,SHELF,REPISA MAGICA
01t4w00000NulqxAAB,SHELF,REPISA MAGICA
01t4w00000NulqyAAB,SHELF,REPISA MAGICA
01t4w00000NulqzAAB,SHELF,REPISA MAGICA
01t4w00000Nulr0AAB,SHELF,REPISA MAGICA
01t4w00000Nulr1AAB,SHELF,REPISA MAGICA
01t4w00000Nulr2AAB,SHELF,REPISA MAGICA
01t4w00000Nulr3AAB,SHELF,REPISA MAGICA
01t4w00000Nulr4AAB,SHELF,REPISA MAGICA
01t4w00000Nulr5AAB,SHELF,REPISA MAGICA
01t4w00000Nulr6AAB,SHELF,REPISA MAGICA
01t4w00000Nulr7AAB,SHELF SET,SET REPISAS MAGICAS 3 PIEZAS CUBOS
01t4w00000Nulr8AAB,SHELF SET,SET REPISAS MAGICAS 3 PIEZAS HEXAGONALES
01t4w00000Nulr9AAB,SHELF,REPISA MAGICA
01t4w00000NulrAAAR,BAR STOOL,BANCO BAR ORENSE
01t4w00000NulrMAAR,CHAIR,TABURETE CON RESPALDO
01t4w00000NulrOAAR,EXPANDABLE HOSE 15 MT WITH GUN 7 FUNCTIONS,MANGUERA EXPANDIBLE 15 METROS
01t4w00000NulrPAAR,SAFTY BOX,CAJA FUERTE DIGITAL
01t4w00000NulrRAAR,SELF WATERING FLOWER POT,MACETA AUTORIEGO REDONDA
01t4w00000NulrXAAR,GAZEBO,CARPA POLIESTER
01t4w00000NulrZAAR,GAZEBO,CARPA POLIESTER
01t4w00000NulrbAAB,GAZEBO,CARPA POLIESTER
01t4w00000NulrdAAB,GAZEBO,CARPA POLIESTER
01t4w00000NulriAAB,BEACH UMBRELLA,SOMBRILLA PLAYA
01t4w00000NulrkAAB,WIND SPINNER,COLGADOR DE VIENTO GEOMETRICO
01t4w00000NulrpAAB,CERAMIC POT,MACETERO CERAMICA FLORES
01t4w00000NulrqAAB,CERAMIC POT,MACETERO CERAMICA RAYAS
01t4w00000NulrrAAB,WOOD PLANT MOVER,BASE MADERA PLANTA REDONDA
01t4w00000NulrsAAB,SQUARE FLOOR WOODEN BASE,BASE MADERA PLANTA CUADRADA
01t4w00000NulrtAAB,WOODEN PLANT MOVER,BASE MADERA PLANTA REDONDA
01t4w00000NulruAAB,WOODEN PLANT MOVER 30x30 cm,BASE MADERA PLANTA CUADRADA
01t4w00000NulrwAAB,SELF WATERING FLOWER POT,MACETA AUTORIEGO REDONDA
01t4w00000NulrxAAB,FOLDING WAGON,CARRO JARDIN PLEGABLE
01t4w00000Nuls1AAB,WIND SPINNER,COLGADOR DE VIENTO PETALOS
01t4w00000Nuls2AAB,WIND SPINNER,COLGADOR DE VIENTO ESTRELLA
01t4w00000Nuls3AAB,WIND SPINNER,COLGADOR DE VIENTO MEDIA LUNA
01t4w00000Nuls4AAB,PLANTER FOR SUCCULENT,SUCULENTA PLANTA GRANDE
01t4w00000Nuls5AAB,PLANTER FOR SUCCULENT,SUCULENTA PLANTA PEQUEÑA
01t4w00000Nuls6AAB,DU111,GAZEBO CIRCULAR CON CORTINAS
01t4w00000Nuls7AAB,HAMMOCK,COLUMPIO HAMACA CAMA CON MOSQUITERA
01t4w00000Nuls8AAB,CHARCOAL GRILL METAL WITH WHEELS,ASADOR CARBON REDONDO
01t4w00000Nuls9AAB,"CHARCOAL GRILL WITH WHEELS BLACK + METAL 115x76,5x113 CM",ASADOR CARBON REDONDO CON MESA LATERAL
01t4w00000NulsBAAR,DECORATIVE PLANTER HOME 2 POTS,MACETERO DECORATIVO CASITA 2 MACETAS
01t4w00000NulsPAAR,SAFETY BOOT,BOTA DIELE.18 VOLT. SBP
01t4w00000NulsQAAR,SAFETY BOOT,BOTA DIELE.18 VOLT. SBP
01t4w00000NulsRAAR,SAFETY BOOT,BOTA DIELE.18 VOLT. SBP
01t4w00000NulsSAAR,SAFETY BOOT,BOTA DIELE.18 VOLT. SBP
01t4w00000NulsTAAR,SAFETY BOOT,BOTA DIELE.18 VOLT. SBP
01t4w00000NulsUAAR,SAFETY BOOT,BOTA DIELE.18 VOLT. SBP
01t4w00000NulsVAAR,SAFETY BOOT,BOTA DIELE.18 VOLT. SBP
01t4w00000NulsWAAR,SAFETY BOOT,BOTA DIELE.18 VOLT. SBP
01t4w00000NulsXAAR,SAFETY BOOT,BOTA BUFALO S3 NAKE
01t4w00000NulsYAAR,SAFETY BOOT,BOTA BUFALO S3 NAKE
01t4w00000NulsZAAR,SAFETY BOOT,BOTA BUFALO S3 NAKE
01t4w00000NulsaAAB,SAFETY BOOT,BOTA BUFALO S3 NAKE
01t4w00000NulsbAAB,SAFETY BOOT,BOTA BUFALO S3 NAKE
01t4w00000NulshAAB,DINING SET,SET COMEDOR VIDRIO + 4 SILLAS
01t4w00000NulsjAAB,DINING SET,SET COMEDOR MDF + 4 TABURETES
01t4w00000NulslAAB,4 TIERS CORNER DISPLAY SHELF,ESTANTERIA 4 NIVELES EN ESQUINA
01t4w00000NulsnAAB,2  LAYERS OF SHELF,ESTANTERIA 2 NIVELES
01t4w00000NulsrAAB,4 LAYERS OF SHELF,ESTANTERIA 4 NIVELES
01t4w00000NulstAAB,BAMBOO TOP KITCHEN TROLLEY,CARRITO ORGANIZADOR COCINA 2 NIVELES
01t4w00000NulsvAAB,KITCHEN TROLLEY,CARRITO AUXILIAR 3 NIVELES
01t4w00000NulsxAAB,BAMBOO CHARGING STATION,ESTACIÓN CARGA BAMBÚ
01t4w00000NulszAAB,MESH CHAIR,SILLA ORDENADOR MESH
01t4w00000Nult1AAB,COMPUTER DESK,MESA ESCRITORIO
01t4w00000Nult3AAB,SET COMPUTER TABLE + FOLDING CHAIR + SHELF,SET MESA ESCRITORIO + SILLA + ESTANTERIA 4 NIVELES
01t4w00000Nult5AAB,JEWELRY BOX,JOYERO NECESER
01t4w00000Nult7AAB,3 TIERS SHOE RACK,ORGANIZADOR ZAPATOS 3 NIVELES
01t4w00000Nult9AAB,3 TIER BATH CART,CARRITO BAÑO 3 NIVELES CON RUEDAS
01t4w00000NultBAAR,STORAGE 2 DRAWERS,CAJONERA 2 NIVELES + ESTANTE
01t4w00000NultDAAR,COFFE TABLE,MESA AUXILIAR
01t4w00000NultHAAR,TV STAND,SOPORTE TV
01t4w00000NultLAAR,JEWELRY BOX,JOYERO CAJA
01t4w00000NultNAAR,GREEN SPACE BOY DRAWING TABLE AND CHAIR SET,SET MESA TIPO LEGO + SILLA INFANTIL
01t4w00000NultPAAR,GIRL TOY BOX,BAÚL JUGUETES INFANTIL
01t4w00000NultRAAR,GREEN SPACE BOY SHELF,ESTANTERIA ZAPATOS INFANTIL
01t4w00000NultTAAR,KID OTTOMAN,PUF INFANTIL HIPOPÓTAMO
01t4w00000NultVAAR,KID OTTOMAN,PUF INFANTIL CONEJO
01t4w00000NultXAAR,TABLE RACK,SET MESAS AUXILIARES 2 PIEZAS
01t4w00000NultZAAR,BAMBOO DESK ORGANIZER,ORGANIZADOR ESCRITORIO BAMBÚ
01t4w00000NultbAAB,BAMBOO DESK ORGANIZER,ORGANIZADOR ESCRITORIO BAMBÚ
01t4w00000NulteAAB,SOFA BED,SOFA CAMA
01t4w00000NultgAAB,HEXAGONAL POLYESTER GAZEBO,GAZEBO HEXAGONAL POLIESTER
01t4w00000NultiAAB,PVC DINING SET + 4 PADDED CHAIRS,SET COMEDOR PVC + 4 SILLAS ACOLCHADAS
01t4w00000NultkAAB,SOFA BED,SOFA CAMA
01t4w00000NultmAAB,ASTURIAS SOFA BED,SOFA CAMA
01t4w00000NultqAAB,WHITE MERMAID GIRL DRAWING TABLE AND CHAIR SET,SET MESA TIPO LEGO + SILLA INFANTIL
01t4w00000NultrAAB,GIRL TOY BOX,BAÚL JUGUETES INFANTIL
01t4w00000NultsAAB,STANDING 2 SHELVES CADDY WITH MIRROR,ESPEJO CIRCULAR PIE + 2 BANDEJAS
01t4w00000NulttAAB,WHITE MERMAID GIRL SHELF,ESTANTERIA ZAPATOS INFANTIL
01t4w00000Nulu1AAB,PVC CHAIR,SILLA PVC
01t4w00000Nulu3AAB,CHAIR,TABURETE CON RESPALDO
01t4w00000Nulu6AAB,STOOL WITH BACKREST,TABURETE CON RESPALDO
01t4w00000Nulu8AAB,METAL FOLDING PLASTIC BAR STOOL,TABURETE PLEGABLE BLANCO
01t4w00000NuluAAAR,FOLDING STOOL,TABURETE PLEGABLE
01t4w00000NuluCAAR,STOOL,TABURETE APILABLE
01t4w00000NuluEAAR,YS1407081,TABURETE APILABLE
01t4w00000NuluGAAR,YS1407081,TABURETE APILABLE
01t4w00000NuluIAAR,DINNING CHAIR,SILLA COMEDOR TELA
01t4w00000NuluJAAR,DINING SET,SET COMEDOR MDF + 4 SILLAS
01t4w00000NuluRAAR,"""270-8 Market Umbrella with color printing Main Pole : Alu ,?38mm,with crank with tilt Ribs: steel ,8 ribs,12x18mm  Fabric :180G/m² polyester?without flap with air vent ; with color printing Pack:Brown carton""",SOMBRILLA JARDIN 8 RIBS INCLINABLES
01t4w00000NuluSAAR,DINING SET,SET COMEDOR MDF + 2 SILLAS + BANCO
01t4w00000NuluUAAR,Stone finish water fountain,FUENTE ACABADO PIEDRA
01t4w00000NuluVAAR,DINING SET,SET COMEDOR MDF + 4 SILLAS
01t4w00000NuluXAAR,stone finish water fountain,FUENTE ACABADO PIEDRA
01t4w00000NuluYAAR,DINING SET,SET COMEDOR MDF + 4 SILLAS
01t4w00000NuluaAAB,DINING SET,SET COMEDOR MDF + 4 SILLAS
01t4w00000NulubAAB,stone finish water fountain,FUENTE ACABADO PIEDRA
01t4w00000NulucAAB,stone finish water fountain,FUENTE ACABADO PIEDRA
01t4w00000NuludAAB,Stone finish water fountain,FUENTE ACABADO PIEDRA
01t4w00000NulueAAB,Stone finish water fountain,FUENTE CON ACABADO DE PIEDRA
01t4w00000NulufAAB,Stone finish water fountain,FUENTE ACABADO PIEDRA
01t4w00000NulugAAB,Stone finish water fountain,FUENTE ACABADO PIEDRA
01t4w00000NuluhAAB,DINING SET,SET COMEDOR MDF + 4 SILLAS
01t4w00000NuluiAAB,BAR SET,SET COMEDOR BAR MDF + 4 TABURETES
01t4w00000NulujAAB,GRIS,FUENTE ACABADO PIEDRA
01t4w00000NulukAAB,Stone finish water fountain,FUENTE ACABADO PIEDRA
01t4w00000NululAAB,DINING SET,SET COMEDOR MDF + 4 SILLAS
01t4w00000NulumAAB,DINING SET,SET COMEDOR MDF + 6 SILLAS
01t4w00000NulunAAB,DINING SET,SET COMEDOR MDF + 4 SILLAS
01t4w00000NuluoAAB,Stone finish water fountain,FUENTE ACABADO PIEDRA
01t4w00000NulupAAB,DINING SET,SET COMEDOR MDF + 4 SILLAS
01t4w00000NuluqAAB,GLASS DINING SET + 4 CHAIRS,SET COMEDOR CRISTAL + 4 SILLAS
01t4w00000NulurAAB,BAR SET,SET COMEDOR BAR MDF + 4 TABURETES
01t4w00000NulusAAB,DINING SET,SET COMEDOR CRISTAL + 4 TABURETES AHORRAESPACIO
01t4w00000NulutAAB,Stone finish water fountain,FUENTE ACABADO PIEDRA
01t4w00000NuluuAAB,GLASS DINING SET + 6 CHAIRS,SET COMEDOR CRISTAL + 6 SILLAS
01t4w00000NuluvAAB,MDF DINING SET + 6 CHAIRS,SET COMEDOR MDF + 6 SILLAS
01t4w00000NuluwAAB,GLASS DINING SET + 4 CHAIRS,SET COMEDOR CRISTAL + 4 SILLAS
01t4w00000NuluxAAB,DINING SET,SET COMEDOR MDF + 4 SILLAS
01t4w00000NuluyAAB,DINING SET,SET COMEDOR MDF + 4 TABURETES
01t4w00000NuluzAAB,GLASS DINING SET + 4 CHAIRS,SET COMEDOR CRISTAL + 4 SILLAS
01t4w00000Nulv0AAB,DINING SET,SET COMEDOR MDF + 4 TABURETES
01t4w00000Nulv1AAB,DINING SET,SET COMEDOR MDF + 2 SILLAS + BANCO
01t4w00000Nulv2AAB,DINING SET,SET COMEDOR MDF + 4 SILLAS
01t4w00000Nulv3AAB,DINING SET,SET COMEDOR BAR MDF + 2 SILLAS
01t4w00000Nulv4AAB,TABLE CHAIR SET,SET MESA MDF + 2 SILLAS
01t4w00000Nulv5AAB,SIDE TABLE,MESA AUXILIAR
01t4w00000Nulv7AAB,DINING SET,SET COMEDOR MDF + 2 SILLAS AHORRAESPACIO
01t4w00000Nulv8AAB,TABLE STOOL SET,SET MESA MDF + 2 TABURETES
01t4w00000NulvBAAR,DINING SET,SET DESAYUNADOR MDF + 2 BANCOS + ALMACENAJE
01t4w00000NulvEAAR,TABLE STOOL SET,SET MESA MDF + 2 TABURETES
01t4w00000NulvFAAR,FABRIC DINING CHAIR,SILLA COMEDOR TELA
01t4w00000NulvHAAR,BUNK,LITERA INFANTIL
01t4w00000NulvPAAR,DISPONSABLE MASK,MASCARILLA DESECHABLE 3 CAPAS
01t4w00000NulvUAAR,FLOWER POT,SUCULENTA DISEÑO
01t4w00000NulvuAAB,BISTRO SET,SET BISTRO ALUMINIO+WICKER CON COJINES
01t4w00000NulvvAAB,GARDEN SET,SET JARDIN 5 PIEZAS
01t4w00000NulvwAAB,GARDEN SET,SET JARDIN 5 PIEZAS
01t4w00000Nulw0AAB,INDIVIDUAL ROCKING SWING,COLUMPIO BALANCIN INDIVDUAL
01t4w00000Nulw3AAB,DOUBLE ROCKING SWING,COLUMPIO BALANCIN DOBLE
01t4w00000Nulw4AAB,SOFA SET,SET SOFA EN ESQUINA + MESA
01t4w00000Nulw8AAB,GARDEN SET,SET JARDIN 5 PIEZAS CON COJINES
01t4w00000Nulw9AAB,BISTRO SET,SET BISTRO TEXTILENO CON COJINES
01t4w00000NulwCAAR,BISTRO SET,SET BISTRO ALUMINIO+WICKER CON COJINES
01t4w00000NulwEAAR,DINING TABLE,MESA COMEDOR RECTANGULAR CRISTAL
01t4w00000NulwHAAR,DINING TABLE,MESA COMEDOR RECTANGULAR CRISTAL
01t4w00000NulwJAAR,DINNING CHAIR,SILLA TELA COMEDOR
01t4w00000NulwNAAR,OFFICE DESK,MESA ESCRITORIO
01t4w00000NulwOAAR,DINING SET,SET COMEDOR MDF + 4 SILLAS
01t4w00000NulwRAAR,DINING SET,SET COMEDOR MDF + 4 SILLAS
01t4w00000NulwTAAR,DINING SET,SET COMEDOR MDF + 4 TABURETES
01t4w00000NulwXAAR,AUXILIARY CART 3 LEVELS,CARRITO AUXILIAR 3 NIVELES
01t4w00000NulwYAAR,AUXILIARY CART 3 LEVELS,CARRITO AUXILIAR 3 NIVELES
01t4w00000NulwZAAR,KITCHEN ORGANIZER CART 3 LEVELS WITH WINGS,CARRITO ORGANIZADOR COCINA 3 NIVELES CON ALAS
01t4w00000NulwbAAB,2 DOOR SIDEBOARD,APARADOR 2 PUERTAS
01t4w00000NulwdAAB,KITCHEN SIDEBOARD,APARADOR COCINA
01t4w00000NulwfAAB,KITCHEN ISLAND CART,CARRITO ISLA COCINA
01t4w00000NulwiAAB,FLOOR JEWELRY BOX WITH MIRROR,JOYERO PISO CON ESPEJO
01t4w00000NulwjAAB,COFFEE TABLE SET,SET MESAS AUXILIARES 2 PIEZAS
01t4w00000NulwnAAB,SQUARE DINING TABLE WITH WOODEN LEGS,MESA COMEDOR CUADRADA PATAS MADERA
01t4w00000NulwuAAB,4 LEVEL DRAWER CABINET,CAJONERA 4 NIVELES
01t4w00000NulwvAAB,SHELF,ESTANTERIA LAVANDERIA 4 NIVELES
01t4w00000NulwxAAB,KITCHEN ORGANIZER CART AND BOTTLE RACK,CARRITO ORGANIZADOR COCINA Y BOTELLERO
01t4w00000NulwzAAB,FOLDABLE BAMBOO TABLE,MESA PLEGABLE MADERA
01t4w00000Nulx1AAB,SHOE ORGANIZER SHELF,ORGANIZADOR ZAPATOS 3 NIVELES
01t4w00000Nulx3AAB,LAPTOP TABLE,BANDEJA LAPTOP BAMBÚ
01t4w00000Nulx7AAB,RECTANGULAR BAMBOO MIRROR WITH 2 TRAYS,ESPEJO BAMBU RECTANGULAR CON 2 BANDEJAS
01t4w00000Nulx8AAB,HANGING CHAIR,HAMACA COLGANTE CON COJIN
01t4w00000Nulx9AAB,HANGING CHAIR,HAMACA COLGANTE CON COJIN
01t4w00000NulxBAAR,DINING SET,SET COMEDOR MDF + 4 SILLAS PLEGABLES
01t4w00000NulxEAAR,EAMS PP CHAIR,SILLA EAMS BLANCO
01t4w00000NulxJAAR,EAMS PP CHAIR,SILLA EAMS GRIS
01t4w00000NulxLAAR,DINING SET,SET COMEDOR MDF + 4 SILLAS
01t4w00000NulxNAAR,DINING SET,SET COMEDOR MDF + 2 SILLAS AHORRAESPACIO
01t4w00000NulxPAAR,SIDE TABLE,MESA AUXILIAR
01t4w00000NulxRAAR,SIDE TABLE,MESA AUXILIAR
01t4w00000NulxTAAR,SOFA BED,SOFA CAMA
01t4w00000NulxVAAR,OFFICE CHAIR,SILLA ORDENADOR
01t4w00000NulxWAAR,OFFICE CHAIR,SILLA ORDENADOR MESH
01t4w00000NulxZAAR,OFFICE DESK,MESA ESCRITORIO + LIBRERO 4 NIVELES
01t4w00000NulxbAAB,SHELF,ESTANTERIA BAÑO 4 NIVELES
01t4w00000NulxeAAB,SHELF,ESTANTERIA BAÑO 3 NIVELES
01t4w00000NulxfAAB,SHELF,ESTANTERIA BAÑO 3 NIVELES
01t4w00000NulxhAAB,KITCHEN TROLLEY,CARRITO ORGANIZADOR COCINA 3 NIVELES
01t4w00000NulxjAAB,KITCHEN ORGANIZER CART 3 LEVELS,CARRITO ORGANIZADOR COCINA 3 NIVELES
01t4w00000NulxlAAB,BENCH WITH SHOE RACK,BANCA ZAPATERA 1 NIVEL
01t4w00000NulxnAAB,KITCHEN ORGANIZER CART 3 LEVELS WITH WINGS,CARRITO ORGANIZADOR COCINA 3 NIVELES CON ALAS
01t4w00000NulxoAAB,SHOE BENCH 2 LEVELS,BANCA ZAPATERA 2 NIVELES
01t4w00000NulxrAAB,SHELF,ESTANTERIA BAÑO ESQUINERA 3 NIVELES
01t4w00000NulxvAAB,CHILDREN'S STEP,PELDAÑO INFANTIL
01t4w00000NulxxAAB,CHILDREN'S STEP,PELDAÑO INFANTIL
01t4w00000NulxzAAB,CRAYON CHILDREN'S TABLE + CHAIRS SET,SET MESA + SILLAS CRAYON INFANTIL
01t4w00000Nuly1AAB,CHILDREN´S DESK SET,SET MESA + SILLAS CRAYON INFANTIL
01t4w00000Nuly4AAB,SHELF,ESTANTERIA CRAYON INFANTIL
01t4w00000Nuly6AAB,SHELF,ESTANTERIA CRAYON INFANTIL
01t4w00000Nuly7AAB,CHILDREN'S BLACKBOARD,PIZARRA INFANTIL
01t4w00000Nuly9AAB,CHILDREN'S BLACKBOARD,PIZARRA INFANTIL
01t4w00000NulyBAAR,SIDE TABLE,MESA BURO 2 CAJONES
01t4w00000NulyDAAR,4 DRAWER SIDEBOARD,APARADOR 4 CAJONES
01t4w00000NulyEAAR,SHELF,ESTANTERIA BAÑO WC 1 NIVEL+ARMARIO
01t4w00000NulyGAAR,3 LEVEL DRAWER CABINET,CAJONERA 3 NIVELES
01t4w00000NulyMAAR,KITCHEN ISLAND CART,CARRITO ISLA COCINA
01t4w00000NulyPAAR,ENTERTAINMENT CENTER,CENTRO ENTRETENIMIENTO 3 CAJONES
01t4w00000NulyQAAR,5 DRAWER SIDEBOARD,APARADOR 5 CAJONES
01t4w00000NulyTAAR,INDIVIDUAL SHOE BENCH,BANCA ZAPATERA INDIVIDUAL
01t4w00000NulyVAAR,2 LEVEL LAUNDRY CART WITH WHEELS,CARRO LAVANDERIA 2 NIVELES CON RUEDAS
01t4w00000NulyWAAR,BATHROOM TOWEL RACK 3 ARMS,TOALLERO BAÑO 3 BRAZOS
01t4w00000NulyXAAR,4 LEVEL BATHROOM CART,CARRITO BAÑO 4 NIVELES CON RUEDAS
01t4w00000NulyYAAR,ENTERTAINMENT CENTER,CENTRO ENTRETENIMIENTO 2 CAJONES
01t4w00000NulybAAB,SIDE TABLE,MESA AUXILIAR
01t4w00000NulyeAAB,ENTERTAINMENT CENTER,CENTRO ENTRETENIMIENTO 2 CAJONES
01t4w00000NulyiAAB,WATERING CAN 1.8 LITERS,REGADERA 1.8 LITROS
01t4w00000NulykAAB,Bamboo desk organizer-FB9-1100,ORGANIZADOR ESCRITORIO 1 CAJON BAMBÚ
01t4w00000NulymAAB,Bamboo desk organizer FB9-1064,ORGANIZADOR ESCRITORIO EXTENSIBLE BAMBÚ
01t4w00000NulyoAAB,EAMS PP CHAIR,SILLA EAMS BLANCO
01t4w00000NulyqAAB,EAMS PP CHAIR,SILLA EAMS GRIS
01t4w00000NulyuAAB,PLUSH BEAR WITH LIGHT AND MUSIC,PELUCHE BEBÉ SENSORIAL
01t4w00000NulyvAAB,PLUSH DOLL,MUÑECO BEBÉ SENSORIAL
01t4w00000NulyxAAB,PLUSH DOLL,MUÑECO BEBÉ SENSORIAL
01t4w00000Nulz1AAB,PLUSH DOLL WITH LIGHT AND MUSIC,PELUCHE BEBÉ SENSORIAL
01t4w00000Nulz2AAB,PLUSH DOLL WITH LIGHT AN PACIFIC MUSIC,PELUCHE BEBÉ SENSORIAL LÁMPARA
01t4w00000Nulz6AAB,PLUSH WITH LIGHT AND PACIFIC MUSIC,PELUCHE BEBÉ SENSORIAL
01t4w00000Nulz7AAB,PLUSH PACIFY DOLL WITH LIGTH AND MUSIC,MUÑECO BEBÉ SENSORIAL
01t4w00000NulzEAAR,PLUSH WITH LIGHT AND MUSIC,PELUCHE BEBÉ SENSORIAL
01t4w00000NulzFAAR,PLUSH PACIFY PROJECTIVE WITH LIGHT AND MUSIC,PELUCHE BEBÉ SENSORIAL PROYECTOR
01t4w00000NulzIAAR,PLUSH  DOLL WITH LAUGHING + PACIFY,MUÑECO BEBÉ SENSORIAL RISA
01t4w00000NulzJAAR,PLUSH WITH LIGHT AND PACIFIC MUSIC,PELUCHE BEBÉ SENSORIAL PROYECTOR
01t4w00000NulzLAAR,PLUSH WITH PACIFIC MUSIC,PELUCHE BEBÉ SENSORIAL
01t4w00000NulzOAAR,PLUSH WITH PACIFIC MUSIC AND LIGHT,PELUCHE BEBÉ SENSORIAL PROYECTOR
01t4w00000NulzRAAR,MUSIC BAG ORGAN,BOLSA ORGANO SENSORIAL
01t4w00000NulzSAAR,TRUCK WALKER,CORREPASILLOS CAMIÓN MADERA
01t4w00000NulzTAAR,RAINBOW STACKER,APILABLE ARCOIRIS
01t4w00000NulzXAAR,HAMMER BENCH GAME,JUEGO DE BANCO CON MARTILLO
01t4w00000NulzZAAR,ACTIVITY BABY WALKER,ANDADOR ACTIVIDADES
01t4w00000NulzdAAB,MUSIC CENTRE,CENTRO DE MUSICA
01t4w00000NulziAAB,LETTER FAT BUG,ORUGA DIDÁCTICA
01t4w00000NulzjAAB,SMART DOG,PERRO CON HUESO DIDÁCTICO
01t4w00000NulzlAAB,HIPPO PIANO,HIPO PIANO DIDÁCTICO
01t4w00000NulzmAAB,MUSIC TUMBLER,VASO ANIMAL GIRATORIO
01t4w00000NulzpAAB,SPINNING OCTOPUS,PULPO DIDÁCTICO
01t4w00000NulzrAAB,SQUIRREL,ARDILLA DIDÁCTICA
01t4w00000NulztAAB,TALK PIGGY,CERDITO DIDÁCTICO
01t4w00000NulzwAAB,DINOSAUR,DINOSAURIO DIDÁCTICO
01t4w00000NulzyAAB,MUSICAL MOBILE,MOVIL CUNA MUSICAL
01t4w00000Num1CAAR,MUSICAL MOBILE,MOVIL CUNA MUSICAL
01t4w00000Num1DAAR,BABY ZHAHARA LION PULL & SHAKE,MUÑECO SENSORIAL CUNA
01t4w00000Num1EAAR,BABY TWIGGYSQUIRREL WIND CHIME,MUÑECO SENSORIAL CUNA
01t4w00000Num1GAAR,"12"" BUSY E'FUN",MUÑECO SENSORIAL
01t4w00000Num1HAAR,BABY CHARLOTTE PUPPY CUDDLY TEETHER TOY,MUÑECO SENSORIAL MORDEDOR
01t4w00000Num1IAAR,WOODLAND FRIENDS FIRST SOFA FRANK,SOFA BEBÉ
01t4w00000Num1JAAR,WOODLAND FRIENDS JITTERING BRUCE,MUÑECO SENSORIAL CUNA
01t4w00000Num1KAAR,TEETHER ELEPHAN CUDDLY,MUÑECO SENSORIAL MORDEDOR
01t4w00000Num1LAAR,"12"" BUSY LEASY",MUÑECO SENSORIAL
01t4w00000Num1MAAR,BABY HARLO ELEPHANT RAINBOW CARRIER TOYS,MUÑECO SENSORIAL CUNA
01t4w00000Num1NAAR,WOOLAND FRIENDS TAKE ME CHIME BRUCE,MUÑECO SENSORIAL CUNA
01t4w00000Num1OAAR,BABY CHARLOTTE PUPPY RATTLE & SQUEAKER FEET TOY,MUÑECO SENSORIAL CUNA
01t4w00000Num1PAAR,WOODLAND FRIENDS PULLMUSIC FRANK,MUÑECO SENSORIAL ESPEJO
01t4w00000Num1QAAR,WOODLAND FRIENDS PULLMUSIC CALA,MUÑECO SENSORIAL ESPEJO
01t4w00000Num1RAAR,WOODLAND FRIENDS ACTIVITY SPIRAL FRANK,MUÑECO SENSORIAL ESPIRAL
01t4w00000Num1SAAR,WOOLAND FRIENDS TAKE ALONG TREE HOUSE,CASITA SENSORIAL 4 ANIMALES
01t4w00000Num2lAAB,GARDEN SET,SET JARDIN 5 PIEZAS
01t4w00000Num35AAB,MY JUNGLE FRIENDS DELUXE MOBILE,MOVIL CUNA
01t4w00000Num36AAB,SHAKE ME KITTY,MUÑECO SENSORIAL MORDEDOR
01t4w00000Num37AAB,4 PCS RATTLE GIFT SET,JUEGO SENSORIAL 4 PIEZAS
01t4w00000Num38AAB,TEETHER RATTLE,MUÑECO SENSORIAL MORDEDOR
01t4w00000Num3BAAR,HAPPY TRAVELING CHIME,MUÑECO SENSORIAL CUNA
01t4w00000Num3CAAR,TEETHER FROG,MUÑECO SENSORIAL CUNA
01t4w00000Num3DAAR,HAPPY TRAVELING CHIME,MUÑECO SENSORIAL CUNA
01t4w00000Num3EAAR,HAPPY E'FUN TURN AROUND STROLLER TOY,JUEGO SENSORIAL
01t4w00000Num3FAAR,PULL STRING MUSICAL TOY,MUÑECO MUSICAL
01t4w00000Num3GAAR,HAPPY BLANKIE,PELUCHE DOU SENSORIAL
01t4w00000Num3HAAR,PULL & GO E'FUN ELEPHANT,MUÑECO SENSORIAL
01t4w00000Num3IAAR,CRINKLE PAL PUPPY,PELUCHE DOU DOU MORDEDOR
01t4w00000Num3JAAR,ROCKY THE TURTLE,MUÑECO SENSORIAL CUNA
01t4w00000Num3KAAR,PULL STRING MUSICAL E'FUN,MUÑECO SENSORIAL
01t4w00000Num3MAAR,EXTRA LARGE BEDSIDE PLAYBOOK BUMPER,PROTECTOR CUNA SENSORIAL
01t4w00000Num3NAAR,ACTIVITY FRIENDS FLAPPY THE ELEPHAN,MUÑECO SENSORIAL CUNA
01t4w00000Num3OAAR,RADNEY THE RACOON,MUÑECO SENSORIAL CUNA
01t4w00000Num3PAAR,ROLLING BALL MONKEY,JUEGO SENSORIAL
01t4w00000Num3QAAR,BUSY XL ELEPHANT,PELUCHE SENSORIAL
01t4w00000Num3RAAR,JOLLY BEAR TRAVEL & LEARN STROLLER ARCH,MOVIL SILLA PASEO
01t4w00000Num3SAAR,MY CARRY-ALONG FARM HOUSE,JUEGO SENSORIAL
01t4w00000Num3TAAR,DR. OWL THE MATH GAME SET,PELUCHE SENSORIAL
01t4w00000Num3UAAR,HAPPY FARM STACKING RINGS,JUEGO SENSORIAL
01t4w00000Num3WAAR,LARRY LEARNS TO DRESS,PELUCHE SENSORIAL
01t4w00000Num3XAAR,TWO SIDED DYNAMIC DRUM,TAMBOR DINÁMICO
01t4w00000Num3YAAR,HAPPY GARDEN EXTRA LARGE PLAYMAT,ALFOMBRA JUEGO SENSORIAL
01t4w00000Num3ZAAR,LAY & PLAY,COLUMPIO ACTIVIDADES
01t4w00000Num3aAAB,CRH GAME,MESA ACTIVIDADES LIBRO
01t4w00000Num3bAAB,BIZZY BUSSY BUSY BEE ACTIVITY PLAYGYM,JUEGO SENSORIAL
01t4w00000Num3gAAB,ELECTRONIC XYLOPHONE WITH GAME DRUM,XILÓFONO ELECTRÓNICO
01t4w00000Num3mAAB,CRH GAME,MESA ACTIVIDADES
01t4w00000Num3qAAB,GOODWAY WALKER,ANDADOR ACTIVIDADES CARRO
01t4w00000Num3rAAB,PLAY & LEARN ACTIVITY CUBE,CUBO ACTIVIDADES TAPETE
01t4w00000Num3sAAB,CUBE ACTIVITY,CUBO ACTIVIDADES BÁSICO
01t4w00000Num3vAAB,EDUCATIONAL TOYS,JUGUETE CUNA
01t4w00000Num3wAAB,BATH & TOYS & SAND BEACH,PIZARRA MÁGICA
01t4w00000Num3zAAB,MUSICAL EDUCATIONAL TOYS PIANO,PIANO ACTIVIDADES
01t4w00000Num45AAB,Puzzle WordPad,PIZARRA MÁGICA ANIMALITOS
01t4w00000Num46AAB,Electric universal light music cartoon construction vehicle,VEHÍCULO CONSTRUCCIÓN MUSICAL
01t4w00000Num47AAB,Rattle,RATÓN XILÓFONO
01t4w00000Num49AAB,Hand drum with music lights,TAMBOR LUZ
01t4w00000Num4EAAR,Multifunctional cube cube,CUBO ACTIVIDADES ANIMALITOS
01t4w00000Num4FAAR,Cartoon fawn car,ANIMALITO COCHE DE ACTIVIDADES
01t4w00000Num4GAAR,Treble,XILÓFONO
01t4w00000Num5cAAB,CABINET,APARADOR 2 CAJONES
01t4w00000Num66AAB,GAMING DESK,MESA ESCRITORIO GAMING
01t4w00000Num69AAB,GAMING CHAIR,SILLA GAMING
01t4w00000Num6BAAR,OFFICE CHAIR,SILLA ORDENADOR
01t4w00000Num6CAAR,OFFICE CHAIR,SILLA ORDENADOR
01t4w00000Num6DAAR,OFFICE CHAIR,SILLA ORDENADOR
01t4w00000Num6EAAR,OFFICE CHAIR,SILLA ORDENADOR MESH
01t4w00000Num6FAAR,OFFICE CHAIR,SILLA ORDENADOR MESH
01t4w00000Num6GAAR,COMPUTER DESK,MESA ESCRITORIO
01t4w00000Num6IAAR,OFFICE CHAIR,SILLA ORDENADOR
01t4w00000Num6JAAR,OFFICE CHAIR,SILLA ORDENADOR MESH
01t4w00000Num6KAAR,COMPUTER DESK,MESA ESCRITORIO
01t4w00000Num6LAAR,COMPUTER DESK,MESA ESCRITORIO
01t4w00000Num6MAAR,OFFICE CHAIR,SILLA ORDENADOR
01t4w00000Num6NAAR,OFFICE CHAIR,SILLA ORDENADOR MESH
01t4w00000Num6OAAR,COMPUTER DESK,MESA ESCRITORIO
01t4w00000Num6PAAR,OFFICE CHAIR,SILLA ORDENADOR MESH
01t4w00000Num6UAAR,COMPUTER DESK,MESA ESCRITORIO
01t4w00000Num6hAAB,COMPUTER DESK,MESA ESCRITORIO
01t4w00000Num6iAAB,COMPUTER DESK,MESA ESCRITORIO + LIBRERO 2 NIVELES
01t4w00000Num6jAAB,COMPUTER DESK,MESA ESCRITORIO + LIBRERO 3 NIVELES
01t4w00000Num6kAAB,COMPUTER DESK,MESA ESCRITORIO
01t4w00000Num6lAAB,COMPUTER DESK,MESA ESCRITORIO
01t4w00000Num6mAAB,COMPUTER DESK,MESA ESCRITORIO
01t4w00000Num6nAAB,COMPUTER DESK,MESA ESCRITORIO
01t4w00000Num6oAAB,COMPUTER DESK,MESA ESCRITORIO
01t4w00000Num6pAAB,COMPUTER DESK,MESA ESCRITORIO + LIBRERO 3 NIVELES
01t4w00000Num6qAAB,COMPUTER DESK,MESA ESCRITORIO
01t4w00000Num6rAAB,COMPUTER DESK,MESA ESCRITORIO + LIBRERO 2 NIVELES
01t4w00000Num6sAAB,COMPUTER DESK,MESA ESCRITORIO + LIBRERO 4 NIVELES
01t4w00000Num6uAAB,COMPUTER DESK,MESA ESCRITORIO
01t4w00000Num8SAAR,DOUBLE SUNLOUNGER,TUMBONA DOBLE
01t4w00000Num8UAAR,DIY VEHICLE,SET BOMBERO HERRAMIENTAS GRANDE
01t4w00000Num8WAAR,COMPUTER DESK,MESA ESCRITORIO PLEGABLE
01t4w00000Num8XAAR,OFFICE CHAIR,SILLA ORDENADOR MESH
01t4w00000Num8YAAR,BOOKSHELF,ESTANTERIA 2 NIVELES DOBLE CON RUEDAS
01t4w00000Num8ZAAR,SHELF,ESTANTERIA 4 NIVELES DOBLE
01t4w00000Num8aAAB,BOOKSHELF,ESTANTERIA 4 NIVELES TRANSFORMER
01t4w00000Num8dAAB,SHELF,ESTANTERIA 3 NIVELES
01t4w00000Num8eAAB,SHELF,ESTANTERIA 5 NIVELES
01t4w00000Num8fAAB,SHELF,ESTANTERIA 3 NIVELES
01t4w00000Num8gAAB,SHELF,ESTANTERIA 5 NIVELES
01t4w00000Num8hAAB,SHELF,ESTANTERIA 4 NIVELES
01t4w00000Num8iAAB,SHELF,ESTANTERIA 3 NIVELES
01t4w00000Num8jAAB,SHELF,ESTANTERIA 4 NIVELES DOBLE
01t4w00000Num8mAAB,SHELF,ESTANTERIA 3 NIVELES
01t4w00000Num8nAAB,BOOKCASE,ESTANTERIA 3 NIVELES DISEÑO
01t4w00000Num8oAAB,"2pcs Chairs, 1pc Table",SET BISTRO ALUMINIO CON COJINES
01t4w00000Num8pAAB,Loveseat Swing,COLUMPIO BALANCIN DOBLE
01t4w00000Num8qAAB,SHELF,ESTANTERIA 5 NIVELES
01t4w00000Num8rAAB,Swing,COLUMPIO COLGANTE CON COJIN
01t4w00000Num8sAAB,"2pcs Chairs, 1pc big table, 1pc small table, 2pcs footstool",SET JARDIN 6 PIEZAS ACERO
01t4w00000Num8tAAB,Swing,COLUMPIO COLGANTE CON COJIN
01t4w00000Num8uAAB,"garden set ?6pcs Chairs, 1pc Table",SET COMEDOR 7 PIEZAS ACERO
01t4w00000Num8vAAB,"2pcs Leisure Chairs, 1pc table, 1pc footstool",SET JARDIN 4 PIEZAS
01t4w00000Num8wAAB,"garden set 6pcs Chairs, 1pc Table",SET COMEDOR 7 PIEZAS ALUMINIO
01t4w00000Num8xAAB,"Garden Set (6pcs Chairs, 1pc Table )",SET COMEDOR 7 PIEZAS ALUMINIO CON COJINES
01t4w00000Num9DAAR,CONSTRUCTION TOOLS SET,SET CONSTRUCCIÓN  HERRAMIENTAS GRANDE
01t4w00000Num9GAAR,MANUAL RECLINER CHAIR,SILLON RECLINABLE MANUAL GIRATORIO
01t4w00000Num9HAAR,ELECTRIC RECLINER,SILLON RECLINABLE ELECTRICO TRANSFORMER
01t4w00000Num9KAAR,DIY VEHICLE,SET CONSTRUCCIÓN  HERRAMIENTAS MEDIANO
01t4w00000Num9LAAR,DIY VEHICLE,CAMIÓN CONSTRUCCIÓN  HERRAMIENTAS
01t4w00000Num9PAAR,DIY VEHICLE,SET CONSTRUCCIÓN  HERRAMIENTAS BÁSICO
01t4w00000Num9QAAR,POWER LIFT RECLINER CHAIR,SILLON RECLINABLE ELECTRICO TRANSFORMER
01t4w00000Num9RAAR,ELECTRIC RECLINER CHAIR,SILLON RECLINABLE ELECTRICO CON REPOSACABEZAS
01t4w00000Num9SAAR,MANUAL RECLINER CHAIR,SILLON RECLINABLE MANUAL
01t4w00000Num9TAAR,DIY VEHICLE,SET POLICIA HERRAMIENTAS BÁSICO
01t4w00000Num9UAAR,BUILDING BLOCKS,SET BLOQUES 045 PIEZAS TREN NÚMEROS
01t4w00000Num9VAAR,BUILDING BLOCKS,SET BLOQUES 066 PZAS
01t4w00000Num9YAAR,CELESTIAL MOBILE,MOVIL CUNA
01t4w00000Num9ZAAR,DIY VEHICLE,SET POLICIA HERRAMIENTAS GRANDE
01t4w00000Num9aAAB,DIY VEHICLE,SET BOMBERO HERRAMIENTAS BÁSICO
01t4w00000Num9bAAB,DIY VEHICLE,SET VEHÍCULOS CONSTRUCCIÓN 2 PACK
01t4w00000Num9cAAB,MANUAL RECLINER CHAIR,SILLON RECLINABLE MANUAL
01t4w00000Num9dAAB,MANUAL RECLINER CHAIR,SILLON RECLINABLE MANUAL
01t4w00000Num9fAAB,ROLU-POLY UNICORN,APILABLE MOVIMIENTO
01t4w00000Num9iAAB,MANUAL RECLINER CHAIR,SILLON RECLINABLE MANUAL
01t4w00000Num9jAAB,MANUAL ROCKER RECLINER CHAIR,SILLON RECLINABLE MANUAL GIRATORIO
01t4w00000Num9kAAB,BRAINWAVE STIMULATOR,MOVIL CUNA
01t4w00000Num9lAAB,DIY VEHICLE,SET CAMUFLAJE HERRAMIENTAS GRANDE
01t4w00000Num9mAAB,BUILDING BLOCKS,SET BLOQUES 048 PIEZAS TREN
01t4w00000Num9nAAB,BUILDING BLOCKS,SET BLOQUES 063 PZAS
01t4w00000Num9oAAB,BUILDING BLOCKS,SET BLOQUES 268 PIEZAS ANIMALES
01t4w00000Num9pAAB,MANUAL RECLINER CHAIR,SILLON RECLINABLE MANUAL NO GIRATORIO CON POSAVASOS
01t4w00000Num9qAAB,MANUAL RECLINER CHAIR,SILLON RECLINABLE MANUAL NO GIRATORIO
01t4w00000Num9rAAB,CORNER RECLINER SOFA,SILLON RECLINABLE MANUAL CORNER
01t4w00000Num9sAAB,MANUAL RECLINER CHAIR,SILLON RECLINABLE MANUAL
01t4w00000Num9tAAB,SWIVEL + ROCKER + MANUAL RECLINER CHAIR,SILLON RECLINABLE MANUAL+ GIRATORIO+ BALANCIN
01t4w00000Num9uAAB,SELF-ROLLING HOSE HOLDER WITH WALL HOSE 10 MTS,PORTAMANGUERA AUTOENROLLABLE CON MANGUERA PARED 10 MTS
01t4w00000Num9vAAB,ROLLABLE HOSE HOLDER FOR 20 M HOSE,PORTAMANGUERA ENROLLABLE PARA MANGUERA DE 20 MTS
01t4w00000Num9wAAB,Free standing&wall mounted hose reel,PORTAMANGUERA ENROLLABLE PARA MANGUERA DE 40 MTS SUELO PARED
01t4w00000Num9xAAB,BABY NIGTH LIGTH,LAMPARA DIDÁCTICA
01t4w00000Num9zAAB,BUILDING BLOCKS,SET BLOQUES 010 PIEZAS COCHE
01t4w00000NumA0AAJ,DIY VEHICLE,SET CAMUFLAJE HERRAMIENTAS BÁSICO
01t4w00000NumA2AAJ,TUMBLER DOLL,MUÑECA VASO
01t4w00000NumA3AAJ,CONVERTIBLE BABY ACTIVITY TABLE WALKER,ANDADOR ACTIVIDADES VOLANTE
01t4w00000NumA6AAJ,ADORABLE ANIMAL KEYBOARD PLAYER,TECLADO ANIMALES
01t4w00000NumA7AAJ,"BABY STAND, PLAY & HOP! ACTIVITY CENTER",SILLA ACTIVIDADES Y FORMAS
01t4w00000NumA8AAJ,MONSTER TRUCKS,CAMION BEBÉ
01t4w00000NumA9AAJ,DIY VEHICLE,SET VEHÍCULOS CONSTRUCCIÓN 3 PACK
01t4w00000NumAAAAZ,DIY VEHICLE,VEHÍCULOS CONSTRUCCIÓN PALA
01t4w00000NumABAAZ,DIY VEHICLE,VEHÍCULOS CONSTRUCCIÓN VOLTEO
01t4w00000NumACAAZ,TODDLERS WORLD ACTIVITY BALL,PELOTA ACTIVIDADES
01t4w00000NumAEAAZ,BUILDING BLOCKS,SET BLOQUES 053 PIEZAS BUS ESCOLAR
01t4w00000NumAFAAZ,BUILDING BLOCKS,SET BLOQUES 051 PIEZAS GRANJA
01t4w00000NumAGAAZ,BUILDING BLOCKS,SET BLOQUES 150 PZAS
01t4w00000NumAKAAZ,BUILDING BLOCKS,SET BLOQUES 123 PZAS
01t4w00000NumALAAZ,BUILDING BLOCKS,SET BLOQUES 096 PIEZAS CIUDAD
01t4w00000NumAMAAZ,DOUBLE MANUAL RECLINER SOFA,SILLON RECLINABLE MANUAL DOBLE
01t4w00000NumANAAZ,MANUAL RECLINER CHAIR,SILLON RECLINABLE MANUAL
01t4w00000NumAOAAZ,SELF-ROLLING HOSE HOLDER WITH WALL HOSE 15 MTS,PORTAMANGUERA AUTOENROLLABLE CON MANGUERA PARED 15 MTS
01t4w00000NumAPAAZ,ROLLABLE HOSE HOLDER WITH 15 MTS HOSE,PORTAMANGUERA ENROLLABLE CON MANGUERA 15 MTS
01t4w00000NumAQAAZ,BUILDING BLOCKS,SET BLOQUES 053 PIEZAS ESPACIO
01t4w00000NumARAAZ,BUILDING BLOCKS,SET BLOQUES 098 PZAS
01t4w00000NumASAAZ,BUILDING BLOCKS,SET BLOQUES 098 PZAS
01t4w00000NumATAAZ,BUILDING BLOCKS,SET BLOQUES 062 PZAS
01t4w00000NumAUAAZ,BUILDING BLOCKS,SET BLOQUES 065 PIEZAS CASA
01t4w00000NumAVAAZ,MANUAL RECLINER CHAIR,SILLON RECLINABLE MANUAL
01t4w00000NumAWAAZ,BUILDING BLOCKS,SET BLOQUES 030 PZAS
01t4w00000NumAXAAZ,BUILDING BLOCKS,SET BLOQUES 033 PIEZAS DINOSAURIOS
01t4w00000NumAYAAZ,TABLET,TABLET DIDÁCTICA
01t4w00000NumAaAAJ,CATCH-ME ACTIVITY BALL,PELOTA ACTIVIDADES
01t4w00000NumAbAAJ,BUILDING BLOCKS,SET BLOQUES 088 PZAS
01t4w00000NumAcAAJ,BUILDING BLOCKS,SET BLOQUES 049 PIEZAS PARQUE
01t4w00000NumAdAAJ,MANUAL RECLINER CHAIR,SILLON RECLINABLE MANUAL
01t4w00000NumAeAAJ,MANUAL RECLINER CHAIR,SILLON RECLINABLE MANUAL
01t4w00000NumAfAAJ,"MY REMOTE, MY PROGRAM",MANDO CONTROL DIDÁCTICO
01t4w00000NumAhAAJ,STACK & SQUIRT BATH FUN,MUÑECOS PARA BAÑERA
01t4w00000NumAjAAJ,BUILDING BLOCKS,SET BLOQUES 092 PIEZAS HELADO
01t4w00000NumAkAAJ,BUILDING BLOCKS,SET BLOQUES 083 PIEZAS ZOO
01t4w00000NumAlAAJ,DIY FUNNY BLOCKS TOOL SET,SET BLOQUES 092 PIEZAS HERRAMIENTAS
01t4w00000NumAmAAJ,BUILDING BLOCKS,SET BLOQUES 106 PIEZAS ZOO
01t4w00000NumAnAAJ,BUILDING BLOCKS,SET BLOQUES 026 PIEZAS ZOO
01t4w00000NumAoAAJ,LITTLE KARAOKE SPACE CAPSULE ACTIVITY TOY,TAMBOR ACTIVIDADES
01t4w00000NumAqAAJ,COUNTY CRUISERS,VEHICULO BEBÉ
01t4w00000NumAtAAJ,LEARNING DINO ACTIVITY TOY,DINOSAURIO ACTIVIDADES
01t4w00000NumAuAAJ,ACTIVITY PYRAMID,PIRAMIDE ACTIVIDADES
01t4w00000NumAvAAJ,Super Construction Vehicles (12 PET box in one display box),VEHÍCULO BEBÉ
01t4w00000NumAxAAJ,Super Construction Vehicles (6 pcs in box),VEHICULO BEBÉ
01t4w00000NumAyAAJ,ADORABLE ANIMAL FARM FRICTION TOYS,VEHÍCULOS ANIMALITOS BEBÉ
01t4w00000NumAzAAJ,POP & PLAY MUSIC CENTER,CENTRO MUSICAL BEBÉ
01t4w00000NumB0AAJ,ACTIVITY HOUSE SHAPE SORTER,CASITA ACTIVIDADES
01t4w00000NumB1AAJ,DROP & GO TRAIN,TREN ACTIVIDADES
01t4w00000NumB2AAJ,LITTLE RACER WHEEL,VOLANTE ACTIVIDADES
01t4w00000NumB3AAJ,MY LITTLE WORKSHOP,TALLER ACTIVIDADES
01t4w00000NumB4AAJ,DJ PARTY DRUM,TAMBOR ACTIVIDADES
01t4w00000NumB5AAJ,SCHOOL BUS,BUS ACTIVIDADES
01t4w00000NumB7AAJ,MAGNETIC SCRIBBLER,PIZARRA MÁGICA CABALLO
01t4w00000NumB8AAJ,SMARTY INTERACTIVE ACTIVITY PLAY TABLE,MESA ACTIVIDADES PISTA
01t4w00000NumB9AAJ,LEARNING LOCO,TREN ACTIVIDADES
01t4w00000NumBAAAZ,LITTLE CHEF SUITCASE,MALETA VIAJE BEBÉ COCINA
01t4w00000NumBBAAZ,PORTABLE MAKEUP BOX,MALETÍN MAQUILLAJE BEBÉ
01t4w00000NumBCAAZ,BANGING BOPPING DRUM SET,BATERIA MUSICAL BEBÉ
01t4w00000NumBDAAZ,SELF-ROLLING HOSE HOLDER WITH WALL HOSE 35 MTS,PORTAMANGUERA AUTOENROLLABLE CON MANGUERA PARED 35 MTS
01t4w00000NumBEAAZ,TOY CASH REGISTER,CAJA REGISTRADORA BEBÉ
01t4w00000NumBGAAZ,LITTLE LEARNERS PIANO SET,PIANO BEBÉ
01t4w00000NumBHAAZ,SELF-ROLLING HOSE HOLDER WITH WALL HOSE 25 MTS,PORTAMANGUERA AUTOENROLLABLE CON MANGUERA PARED 25 MTS
01t4w00000NumBIAAZ,Foot step hose reel cart set 30M,PORTAMANGUERA AUTOENROLLABLE CON MANGUERA PIE 30 MTS
01t4w00000NumBJAAZ,ROLLABLE HOSE HOLDER WITH 10 MTS HOSE,PORTAMANGUERA ENROLLABLE CON MANGUERA 10 MTS
01t4w00000NumBKAAZ,ROLLABLE HOSE HOLDER HOSE CART UP TO 60 MTS,PORTAMANGUERA ENROLLABLE CARRITO PARA MANGUERA 60 MTS
01t4w00000NumBLAAZ,Foldable metal hose cart set 30m,PORTAMANGUERA ENROLLABLE  CARRITO CON MANGUERA 30 MTS
01t4w00000NumDFAAZ,2-IN-1 Kids Rocking Horse & Chair,2 EN 1 SILLA - MECEDOR
01t4w00000NumDGAAZ,ROLLABLE HOSE HOLDER WITH 10 MTS HOSE,PORTAMANGUERA ENROLLABLE CON MANGUERA 10 MTS
01t4w00000NumDHAAZ,Free standing&wall mounted hose reel  set 15m,PORTAMANGUERA ENROLLABLE CON MANGUERA DE 15 MTS SUELO PARED
01t4w00000NumDIAAZ,Kids Basketball Set,CANASTA BÁSQUETBOL
01t4w00000NumDJAAZ,Kids Motorcycle Scooter,CORREPASILLOS MOTO BÁSICA
01t4w00000NumDKAAZ,2-IN-1 Kids Slide & Rocking Horse,2 EN 1 BALANCÍN Y TOBOGÁN
01t4w00000NumDLAAZ,Kids Playpen,CORRAL 5 PZAS
01t4w00000NumDMAAZ,ROLLABLE HOSE HOLDER HOSE CART UP TO 60 MTS,PORTAMANGUERA ENROLLABLE CARRITO PARA MANGUERA 60 MTS
01t4w00000NumDNAAZ,ROLLABLE HOSE HOLDER WITH 15 MTS HOSE,PORTAMANGUERA ENROLLABLE CON MANGUERA 15 MTS
01t4w00000NumDOAAZ,5-IN-1 Kids Slide Combination,CENTRO DE JUEGOS GRANDE
01t4w00000NumDPAAZ,Kids Rocking Horse,CABALLO MECEDORA
01t4w00000NumDQAAZ,Kids Playpen,CORRAL GRANDE
01t4w00000NumDRAAZ,3-IN-1 Kids Slide & Swing & Basketball Hoop,CENTRO DE JUEGOS
01t4w00000NumDSAAZ,Up & Down Roller Coaster,TOBOGAN CON MONTABLE
01t4w00000NumDTAAZ,Kids Playpen,CORRAL VARIAS PZAS
01t4w00000NumDUAAZ,Kids Tree house,CASA DEL ÁRBOL
01t4w00000NumDVAAZ,Kids easel,MESA CON PIZARRA Y BANCO NIÑA
01t4w00000NumDWAAZ,Kids easel,PIZARRA DOBLE PARA NIÑA
01t4w00000NumDXAAZ,2-IN-1 Kids Building Block & Stusy Table & Chair Set,MESA CON SILLAS Y BLOQUES
01t4w00000NumDYAAZ,Kids Small Basketball Set,CANASTA BÁSQUETBOL
01t4w00000NumDZAAZ,Kids playpen combination,CORRAL CON TOBOGÁN
01t4w00000NumDaAAJ,Kids Chick Scooter,CORREPASILLOS BÁSICO
01t4w00000NumDbAAJ,Kids Playpen,CORRAL 8 PZAS
01t4w00000NumDcAAJ,Kids Playpen,CORRAL 6 PZAS
01t4w00000NumDdAAJ,Kids Tunnel,TUNEL INFANTIL GRANDE
01t4w00000NumDeAAJ,Kids Tunnel,TUNEL INFANTIL MEDIANO
01t4w00000NumDfAAJ,OSCILLATING IRRIGATION SPRINKLER,ASPERSOR RIEGO OSCILANTE
01t4w00000NumDgAAJ,IRRIGATION SPRINKLER,ASPERSOR RIEGO
01t4w00000NumDhAAJ,TELESCOPIC IRRIGATION EXTENSION 100-145 CM,ALARGADOR RIEGO TELESCOPICO 100-145 CM
01t4w00000NumDiAAJ,"WOVEN HOSE 15 MTS - 1/2 ""","MANGUERA TEJIDA 15 MTS - 1/2 """
01t4w00000NumDjAAJ,OSCILLATING IRRIGATION SPRINKLER,ASPERSOR RIEGO OSCILANTE
01t4w00000NumDkAAJ,2 HOUR IRRIGATION PROGRAMMER,PROGRAMADOR RIEGO 2 HORAS
01t4w00000NumDlAAJ,IRRIGATION GUN 6 FUNCTIONS,PISTOLA RIEGO 6 FUNCIONES
01t4w00000NumDmAAJ,IRRIGATION SPRINKLER,ASPERSOR RIEGO
01t4w00000NumDoAAJ,IRRIGATION SPRINKLER,ASPERSOR RIEGO
01t4w00000NumDpAAJ,DIGITAL MULTIFUNCTION IRRIGATION PROGRAMMER,PROGRAMADOR RIEGO MULTIFUCION DIGITAL
01t4w00000NumDqAAJ,MULTIFUNCTION IRRIGATION PROGRAMMER,PROGRAMADOR RIEGO MULTIFUCION
01t4w00000NumDrAAJ,IRRIGATION GUN 7 FUNCTIONS,PISTOLA RIEGO   7 FUNCIONES
01t4w00000NumDsAAJ,IRRIGATION EXTENSION 90 CM,ALARGADOR RIEGO 90 CM
01t4w00000NumDtAAJ,"HOSE 20 MTS - 1/2 ""","MANGUERA 20 MTS -  1/2 """
01t4w00000NumDuAAJ,IRRIGATION ADAPTER,ADAPTADOR RIEGO
01t4w00000NumDvAAJ,15 M EXTENDABLE HOSE WITH GUN,MANGUERA EXTENSIBLE 15 MTS CON PISTOLA
01t4w00000NumDwAAJ,"B/O ANIMAL SET (MUSIC,LIGHT,SOUND)",SET ACTIVIDADES BEBÉ
01t4w00000NumDxAAJ,INTELLECTUAL LEARNING TABLE,MESA ACTIVIDADES FORMAS
01t4w00000NumDzAAJ,10 M EXTENDABLE HOSE WITH GUN,MANGUERA EXTENSIBLE 10 MTS CON PISTOLA
01t4w00000NumE0AAJ,"WOVEN HOSE 30 MTS - 1/2 ""","MANGUERA TEJIDA 30 MTS- 1/2 """
01t4w00000NumE1AAJ,"B/O ANIMAL SET (MUSIC,LIGHT,SOUND)",SET ACTIVIDADES BEBÉ
01t4w00000NumE4AAJ,ABELU CHILDREN'S FUN WALKER,ANDADOR ACTIVIDADES FORMAS
01t4w00000NumE5AAJ,KANGAROO WALKING CART,ANDADOR ACTIVIDADES
01t4w00000NumE6AAJ,JUMPING BEAR BUS,COCHE ACTIVIDADES
01t4w00000NumE8AAJ,ROLLABLE HOSE HOLDER HOSE CART UP TO 50 MTS,PORTAMANGUERA ENROLLABLE CARRITO MANGUERA HASTA 50 MTS
01t4w00000NumEBAAZ,BAOERBAO PARADISE,SET ACTIVIDADES BEBÉ
01t4w00000NumEFAAZ,BEACH UMBRELLA,SOMBRILLA PLAYA
01t4w00000NumEGAAZ,BEACH UMBRELLA,SOMBRILLA PLAYA
01t4w00000NumEHAAZ,GARDEN UMBRELLA,SOMBRILLA JARDIN 6 RIBS
01t4w00000NumEIAAZ,BEACH UMBRELLA,SOMBRILLA DE PLAYA
01t4w00000NumEJAAZ,BEACH UMBRELLA,SOMBRILLA PLAYA
01t4w00000NumEKAAZ,BEACH UMBRELLA,SOMBRILLA PLAYA
01t4w00000NumEMAAZ,ENTERTAINMENT CENTER,CENTRO ENTRETENIMIENTO
01t4w00000NumENAAZ,BEACH UMBRELLA WINDBREAK,PARAVIENTOS SOMBRILLA PLAYA
01t4w00000NumEOAAZ,WINDBREAK WITH WINDOW,PARAVIENTOS CON VENTANA
01t4w00000NumEPAAZ,BEACH UMBRELLA,SOMBRILLA PLAYA
01t4w00000NumEQAAZ,BEACH UMBRELLA,SOMBRILLA PLAYA
01t4w00000NumERAAZ,GARDEN UMBRELLA,SOMBRILLA JARDIN 8 RIBS
01t4w00000NumESAAZ,GARDEN UMBRELLA,SOMBRILLA JARDIN 6 RIBS
01t4w00000NumETAAZ,GARDEN UMBRELLA,SOMBRILLA JARDIN 6 RIBS
01t4w00000NumEUAAZ,TV STAND,"TV STAND MUEBLE CRISTAL SOPORTE 32-65"""
01t4w00000NumEVAAZ,TV STAND,"TV STAND MUEBLE CRISTAL SOPORTE 32-65"""
01t4w00000NumEWAAZ,TV STAND,"TV STAND MUEBLE CRISTAL SOPORTE 32-65"""
01t4w00000NumEYAAZ,TV STAND,"TV STAND SOBREMESA SOPORTE 26-47"""
01t4w00000NumEZAAZ,TV STAND,"TV STAND MUEBLE CRISTAL SOPORTE 32-65"""
01t4w00000NumEbAAJ,TV STAND,"TV STAND MUEBLE CRISTAL SOPORTE 32-65"""
01t4w00000NumEcAAJ,TV STAND,"TV STAND MUEBLE CRISTAL SOPORTE 32-65"""
01t4w00000NumEdAAJ,TV STAND,"TV STAND MUEBLE CRISTAL SOPORTE 32-65"""
01t4w00000NumEeAAJ,TV STAND,"TV STAND MUEBLE CRISTAL SOPORTE 32-65"""
01t4w00000NumEfAAJ,TV STAND,"TV STAND SOBREMESA SOPORTE 32-65"""
01t4w00000NumEgAAJ,TV STAND,"TV STAND SOBREMESA SOPORTE 26-65"""
01t4w00000NumEhAAJ,TV STAND,"TV STAND MUEBLE CRISTAL SOPORTE 32-65"""
01t4w00000NumEiAAJ,TV STAND,"TV STAND MUEBLE CRISTAL SOPORTE 32-65"""
01t4w00000NumEjAAJ,TV STAND,"TV STAND MUEBLE CRISTAL SOPORTE 32-65"""
01t4w00000NumEkAAJ,TV STAND,"TV STAND MUEBLE CRISTAL SOPORTE 32-70"""
01t4w00000NumElAAJ,TV STAND,"TV STAND MUEBLE CRISTAL SOPORTE 32-65"""
01t4w00000NumEmAAJ,BEACH BAG,BOLSA PLAYA
01t4w00000NumEnAAJ,WATERPROOF BEACH BAG,BOLSA PLAYA IMPERMEABLE
01t4w00000NumEoAAJ,TV STAND,"TV STAND MUEBLE CRISTAL SOPORTE 32-65"""
01t4w00000NumEpAAJ,TV STAND,"TV STAND MUEBLE CRISTAL SOPORTE 32-55"""
01t4w00000NumEqAAJ,TV STAND,"TV STAND MUEBLE CRISTAL SOPORTE 32-65"""
01t4w00000NumEsAAJ,BEACH UMBRELLA,SOMBRILLA PLAYA
01t4w00000NumEtAAJ,CHILDREN'S WINDBREAK WITH POOL,PARAVIENTOS CON PISCINA INFANTIL
01t4w00000NumEuAAJ,PP FOLDING CHAIR,SILLA PP PLEGABLE
01t4w00000NumEvAAJ,CHAIR,SILLA COMEDOR PLASTICO
01t4w00000NumEwAAJ,CHAIR,SILLA COMEDOR PLASTICO
01t4w00000NumExAAJ,CHAIR,SILLA COMEDOR PLASTICO
01t4w00000NumEyAAJ,CHAIR,SILLA COMEDOR PLASTICO ACOLCHADA
01t4w00000NumEzAAJ,CHAIR,SILLA COMEDOR PLASTICO
01t4w00000NumF0AAJ,CHAIR,SILLA COMEDOR PLASTICO
01t4w00000NumF1AAJ,CHAIR,SILLA COMEDOR PLASTICO
01t4w00000NumF2AAJ,CHAIR,SILLA COMEDOR PLASTICO
01t4w00000NumF3AAJ,CHAIR,SILLA COMEDOR PLASTICO
01t4w00000NumF4AAJ,CHAIR,SILLA COMEDOR PLASTICO
01t4w00000NumF5AAJ,CHAIR,SILLA COMEDOR PLASTICO ACOLCHADA
01t4w00000NumF6AAJ,CHAIR,SILLA PLASTICO EAMS
01t4w00000NumF7AAJ,SOFA BED,SOFA CAMA
01t4w00000NumF8AAJ,SOFA BED,SOFA CAMA
01t4w00000NumF9AAJ,SOFA BED,SOFA CAMA
01t4w00000NumFAAAZ,SECTIONAL CHESLONG SOFABED,SOFA CAMA CHESLONG
01t4w00000NumFCAAZ,SOFA BED,SOFA CAMA
01t4w00000NumFDAAZ,CHAIR,SILLA COMEDOR PLASTICO
01t4w00000NumFEAAZ,CHESLONG SOFA BED,SOFA CAMA CHESLONG
01t4w00000NumFFAAZ,SOFA BED,SOFA CAMA
01t4w00000NumFGAAZ,SOFA BED,SOFA CAMA
01t4w00000NumFIAAZ,SOFA BED,SOFA CAMA
01t4w00000NumFJAAZ,SOFA BED,SOFA CAMA
01t4w00000NumFKAAZ,SECTIONAL CHESLONG SOFABED,SOFA CAMA CHESLONG TRANSFORMER
01t4w00000NumFLAAZ,SOFA WITH STORAGE,SOFA CON ALMACENAJE
01t4w00000NumFMAAZ,SOFA BED,SOFA CAMA
01t4w00000NumFNAAZ,SOFA BED,SOFA CAMA
01t4w00000NumFOAAZ,SECTIONAL CHESLONG SOFABED,SOFA CAMA CHESLONG TRANSFORMER
01t4w00000NumFPAAZ,SOFA BED,SOFA CAMA
01t4w00000NumFQAAZ,SOFA BED,SOFA CAMA INDIVIDUAL
01t4w00000NumFRAAZ,SOFA BED,SOFA CAMA TRANSFORMER
01t4w00000NumHGAAZ,28cm animal plush,PELUCHE 28 CM ANIMALES
01t4w00000NumHHAAZ,42cm colorful giraffe,PELUCHE 42 CM JIRAFA
01t4w00000NumHIAAZ,25cm lama,PELUCHE 25 CM LLAMA
01t4w00000NumHJAAZ,24cm lama and unicorn,PELUCHE 24 CM ANIMALES
01t4w00000NumHKAAZ,20cm bear,PELUCHE 20 CM OSO
01t4w00000NumHLAAZ,80cm animal plush,PELUCHE 80 CM ANIMALES
01t4w00000NumHQAAZ,45cm swan,PELUCHE 45 CM CISNE
01t4w00000NumHRAAZ,45cm swan,PELUCHE 45 CM CISNE
01t4w00000NumHWAAZ,100cm animal plush,PELUCHE 100 CM ANIMALES
01t4w00000NumHXAAZ,45cm kangaroo with baby,PELUCHE 45 CM CANGURO CON BEBE
01t4w00000NumHbAAJ,25cm ball shape animal,PELUCHE 25 CM ANIMAL
01t4w00000NumHdAAJ,33cm rabbit,PELUCHE 33 CM CONEJO
01t4w00000NumHeAAJ,36cm Dr. bear,PELUCHE 36 CM DR. OSO
01t4w00000NumHfAAJ,65cm crocodile,PELUCHE 65 CM COCODRILO
01t4w00000NumHgAAJ,30cm animal,PELUCHE 30 CM ANIMALES
01t4w00000NumHhAAJ,30cm unicorn,PELUCHE 30 CM UNICORNIO
01t4w00000NumHiAAJ,40cm lying unicorn,PELUCHE 40 CM UNICORNIO
01t4w00000NumHjAAJ,30cm sitting unicorn,PELUCHE 30 CM UNICORNIO
01t4w00000NumHkAAJ,130cm bear,PELUCHE 130 CM OSO
01t4w00000NumHlAAJ,35cm sitting bear,PELUCHE 35 CM OSO
01t4w00000NumHmAAJ,45cm duck,PELUCHE 45 CM PATO
01t4w00000NumHnAAJ,60cm monkey,PELUCHE 60 CM MONO
01t4w00000NumHoAAJ,30cm crocodile,PELUCHE 30 CM COCODRILO
01t4w00000NumHpAAJ,120cm cloud cushion,PELUCHE 120 CM NUBE
01t4w00000NumHqAAJ,39cm monkey with baby,PELUCHE 39 CM MONO CON BEBE
01t4w00000NumHrAAJ,62cm shark,PELUCHE 62 CM TIBURON
01t4w00000NumHsAAJ,30cm bunny,PELUCHE 30 CM CONEJO
01t4w00000NumHtAAJ,35CM meerkat,PELUCHE 35 CM SURICATA
01t4w00000NumHuAAJ,38CM dino,PELUCHE 38 CM DINOSARIO
01t4w00000NumHvAAJ,70cm crocodile,PELUCHE 70 CM COCODRILO
01t4w00000NumHwAAJ,38cm sitting animal,PELUCHE 38 CM ANIMALES
01t4w00000NumHxAAJ,55cm shark,PELUCHE 55 CM TIBURON
01t4w00000NumHyAAJ,80cm animal plush with baby,PELUCHE 80 CM ANIMALES CON BEBE
01t4w00000NumHzAAJ,120cm bear,PELUCHE 120 CM OSO
01t4w00000NumI0AAJ,dino,PELUCHE 30 CM DINOSARIO
01t4w00000NumI2AAJ,Quick Up Pool,PISCINA INFLABLE 477L
01t4w00000NumI4AAJ,Circle Frame Pool,PISCINA DESMONTABLE 580L
01t4w00000NumI5AAJ,Quick Up Pool,"PISCINA INFLABLE 2,100L"
01t4w00000NumIAAAZ,Rectangular Frame Pool,"PISCINA DESMONTABLE 1,200L"
01t4w00000NumIBAAZ,Rectangular Frame Pool,"PISCINA DESMONTABLE 2,300L"
01t4w00000NumIEAAZ,Rectangular Frame Pool,"PISCINA DESMONTABLE 3,300L"
01t4w00000NumIFAAZ,Rectangular Frame Pool,"PISCINA DESMONTABLE 5,700L"
01t4w00000NumIGAAZ,Rectangular Frame Pool,"PISCINA DESMONTABLE 3,300L"
01t4w00000NumIHAAZ,Filter pump,BOMBA DE FILTRO PISCINA
01t4w00000NumIKAAZ,LED LAMP,LAMPARA EXTERIOR LEDS 110V-130V
01t4w00000NumIMAAZ,FOLDING CHAIR,SILLA PLEGABLE ACOLCHADA PU
01t4w00000NumIOAAZ,"DESK FAN 7""","VENTILADOR DE ESCRITORIO DE 7"""
01t4w00000NumIQAAZ,"TOWER FAN 31"" 40W TOUCH 3 SPEEDS OSCILLATING","VENTILADOR TORRE 31"" 40W TOUCH 3 VELOCIDADES OSCILANTE"
01t4w00000NumISAAZ,FAN,"(INACTIVO) VENTILADOR TORRE 36"" 50W TOUCH 3 VELOCIDADES OSCILANTE"
01t4w00000NumIWAAZ,INDIVIDUAL ROCKING SWING,COLUMPIO BALANCIN INDIVDUAL
01t4w00000NumIYAAZ,RECTANGULAR GAZEBO WITH MOSQUITO NET,GAZEBO RECTANGULAR CON MOSQUITERA
01t4w00000NumIaAAJ,SQUARE GAZEBO,GAZEBO CUADRADO
01t4w00000NumIcAAJ,6FT FOLDING HDPE TABLE,MESA RESINA PLEGABLE
01t4w00000NumIeAAJ,6FT FOLDING HDPE TABLE,MESA RESINA PLEGABLE
01t4w00000NumImAAJ,LUNCH SET 5 PCS,SET COMEDOR 5 PIEZAS
01t4w00000NumIoAAJ,DOUBLE SUNLOUNGER,TUMBONA DOBLE
01t4w00000NumIqAAJ,SUNLOUNGER WITH ARMRESTS & WITH 5CM SEAT CUSHION,TUMBONA EUCALIPTO CON COJIN
01t4w00000NumJEAAZ,SQUARE TABLE WITH SLAT WOODEN LOOK,MESA RESINA IMITACION MADERA CUADRADA
01t4w00000NumJrAAJ,CHESS GAME,JUEGO DE MESA LA OCA
01t4w00000NumJsAAJ,CHESS,JUEGO DE MESA AJEDREZ
01t4w00000NumJtAAJ,2 IN 1 CHESS AND LUDO GAME,JUEGO DE MESA 2 EN 1
01t4w00000NumJvAAJ,8 IN 1 CHESS GAME,JUEGO DE MESA 8 EN 1
01t4w00000NumJxAAJ,6 IN 1 CHESS GAME,JUEGO DE MESA 6 EN 1
01t4w00000NumJyAAJ,CHINESE CHECKERS,JUEGO DE MESA DAMAS CHINAS
01t4w00000NumJzAAJ,4 IN A ROW,JUEGO DE MESA 4 EN LÍNEA
01t4w00000NumK0AAJ,NINE MEN'S MORRIS,JUEGO DE MESA 9 HOMBRES
01t4w00000NumK1AAJ,TIC-TAC TOE GAME,JUEGO DE MESA 3 EN RAYA
01t4w00000NumK2AAJ,13 IN 1 GAME,JUEGO DE MESA 13 EN 1
01t4w00000NumK3AAJ,2 IN 1 CHESS GAME,JUEGO DE MESA 2 EN 1
01t4w00000NumK4AAJ,CHINESE CHECKERS,JUEGO DE MESA DAMAS CHINAS
01t4w00000NumK5AAJ,CHINESE CHECKERS,JUEGO DE MESA DAMAS CHINAS
01t4w00000NumK6AAJ,6 IN 1 CHESS GAME,JUEGO DE MESA 6 EN 1
01t4w00000NumK7AAJ,2 IN 1 CHESS AND LADDER GAME,JUEGO DE MESA 2 EN 1
01t4w00000NumK8AAJ,100 IN 1 GAME,JUEGO DE MESA 100 EN 1
01t4w00000NumK9AAJ,LUDO GAME,JUEGO DE MESA PARCHIS
01t4w00000NumKBAAZ,LADDER GAME,JUEGO DE MESA ESCALERA
01t4w00000NumKCAAZ,CHINESE CHECKERS,JUEGO DE MESA DAMAS CHINAS
01t4w00000NumKDAAZ,CONNECT 4,JUEGO DE MESA CONECTA 4
01t4w00000NumKEAAZ,LADDER GAME,JUEGO DE MESA ESCALERA
01t4w00000NumKFAAZ,4 IN 1 GAME,JUEGO DE MESA 4 EN 1
01t4w00000NumKGAAZ,12 IN 1 CHESS GAME,JUEGO DE MESA 12 EN 1
01t4w00000NumKHAAZ,8 IN 1 GAME,JUEGO DE MESA 8 EN 1
01t4w00000NumKIAAZ,TIC-TAC TOE,JUEGO DE MESA 3 EN RAYA
01t4w00000NumKJAAZ,2 IN 1 GAME,JUEGO DE MESA 2 EN 1
01t4w00000NumKKAAZ,6 IN 1 GAME,JUEGO DE MESA 6 EN 1
01t4w00000NumKLAAZ,2 IN 1 DRAUGHTS GLOBAL CHESS,JUEGO DE MESA 2 EN 1
01t4w00000NumKMAAZ,2 IN 1 LUDO & CHESS GAME,JUEGO DE MESA 2 EN 1
01t4w00000NumKNAAZ,2 IN 1 LADDER & CHESS GAME,JUEGO DE MESA 2 EN 1
01t4w00000NumKOAAZ,"3 IN 1 LADDER, CHESS & LUDO GAME",JUEGO DE MESA 3 EN 1
01t4w00000NumKPAAZ,2 IN 1 LADDER & LUDO GAME,JUEGO DE MESA 2 EN 1
01t4w00000NumKQAAZ,3 IN 1 GAME,JUEGO DE MESA 3 EN 1
01t4w00000NumKRAAZ,CHESS,JUEGO DE MESA AJEDREZ
01t4w00000NumKSAAZ,GOOSE CHESS,JEUGO DE MESA LA OCA
01t4w00000NumKTAAZ,5 IN 1 GAME,JUEGO DE MESA 5 EN 1
01t4w00000NumKUAAZ,DRAUGHTS,JUEGO DE MESA
01t4w00000NumKVAAZ,LUDO GAME,JUEGO DE MESA PARCHIS
01t4w00000NumKXAAZ,LUDO GAME,JUEGO DE MESA PARCHIS
01t4w00000NumKYAAZ,2 IN 1 GAME,JUEGO DE MESA 2 EN 1
01t4w00000NumKZAAZ,2 IN 1 GAME,JUEGO DE MESA 2 EN 1
01t4w00000NumKaAAJ,6 IN 1 MAGNETIC GAME,JUEGO DE MESA MAGNETICO 6 EN 1
01t4w00000NumKcAAJ,CHESS,JUEGO DE MESA AJEDREZ
01t4w00000NumKdAAJ,CHESS SET,JUEGO DE MESA AJEDREZ
01t4w00000NumKfAAJ,BACKGAMMON,JUEGO DE MESA
01t4w00000NumKgAAJ,7 IN 1 MAGNETIC GAME,JUEGO DE MESA MAGNETICO 7 EN 1
01t4w00000NumKhAAJ,CHESS,JUEGO DE MESA
01t4w00000NumKiAAJ,SNAKE & LADDER GAME,JUEGO DE MESA
01t4w00000NumKjAAJ,SPACE VENTURE GAME,JUEGO DE MESA
01t4w00000NumKkAAJ,LUDO GAME,JUEGO DE MESA
01t4w00000NumKlAAJ,CHINESE CHECKERS,JUEGO DE MESA
01t4w00000NumKmAAJ,BACKGAMMON,JUEGO DE MESA
01t4w00000NumKnAAJ,CHESS,JUEGO DE MESA
01t4w00000NumKoAAJ,CHECKERS & CHESS GAME,JUEGO DE MESA
01t4w00000NumKpAAJ,PLAYING CARD,JUEGO DE CARTAS
01t4w00000NumLCAAZ,PERSONAL TABLE,MESA RESINA PERSONAL
01t4w00000NumLEAAZ,6 FT FOLDING HDPE TABLE,MESA RESINA PLEGABLE
01t4w00000NumLkAAJ,DOMINO GAME,DOMINÓ
01t4w00000NumLlAAJ,PLAYING CARDS SET,JUEGO DE TARJETAS
01t4w00000NumLmAAJ,SPEED STACKS,PILA DE VELOCIDAD
01t4w00000NumLnAAJ,FOUR CONNET GAME,4 EN LÍNEA
01t4w00000NumLoAAJ,DOMINO GAME,DOMINÓ
01t4w00000NumLpAAJ,PENGUIN STACKING GAME,JENGA DE PINGÜINO
01t4w00000NumLqAAJ,FOUR CONNET GAME,4 EN LÍNEA
01t4w00000NumLrAAJ,FOUR CONNET GAME,4 EN LÍNEA
01t4w00000NumLsAAJ,DOMINO FARM,DOMINÓ GRANJA
01t4w00000NumLuAAJ,DOMINO GAME,DOMINÓ
01t4w00000NumLvAAJ,DOMINO GAME,DOMINÓ
01t4w00000NumLwAAJ,DOMINO GAME,DOMINÓ CAMIÓN
01t4w00000NumLxAAJ,DOMINO AND STACKING GAME 80PCS,DOMINÓ APILABLE 80 PIEZAS
01t4w00000NumLyAAJ,DOMINO AND STACKING GAME 120PCS,DOMINÓ APILABLE 120 PIEZAS
01t4w00000NumLzAAJ,DOMINO GAME,DOMINÓ
01t4w00000NumM0AAJ,DOMINO GAME WITH R/C TRUCK,DOMINÓ R/C CAMIÓN
01t4w00000NumM1AAJ,DOMINO AND STACKING GAME 45PCS,DOMINÓ APILABLE 45 PIEZAS
01t4w00000NumM2AAJ,DOMINO GAME,DOMINÓ
01t4w00000NumM3AAJ,DOMINO GAME,DOMINÓ CAMIÓN
01t4w00000NumM4AAJ,WOODEN DOMINO,DOMINÓ DE MADERA
01t4w00000NumM5AAJ,DOMINO GAME,DOMINÓ
01t4w00000NumM6AAJ,LUDO GAME FLOOR CHESSBOARD,LUDO EN SUELO
01t4w00000NumM8AAJ,DOMINO GAME,DOMINÓ
01t4w00000NumMAAAZ,WOODEN DOMINO 4 ASST,DOMINÓ ANIMALES DE MADERA
01t4w00000NumMBAAZ,SNAKES & LADDERS FLOOR CHESSBOARD,JUEGO DE ESCALERA EN SUELO
01t4w00000NumMDAAZ,DOMINO GAME,DOMINÓ
01t4w00000NumMEAAZ,PLAYING CARDS SET,JUEGO DE TARJETAS
01t4w00000NumMFAAZ,DOMINO GAME,DOMINÓ
01t4w00000NumMGAAZ,CHECKERS FLOOR CHESSBOARD,JUEGO DE DAMAS EN SUELO
01t4w00000NumMHAAZ,DOMINO GAME,DOMINÓ DE NÚMERO
01t4w00000NumMIAAZ,PLAYING CARDS SET,JUEGO DE TARJETAS
01t4w00000NumMJAAZ,PLAYING CARDS SET,JUEGO DE TARJETAS
01t4w00000NumMKAAZ,PLAYING CARDS,CARTA DE JUEGO
01t4w00000NumMLAAZ,PLAYING CARDS,CARTA DE JUEGO
01t4w00000NumMMAAZ,2 PACKS PLAYING CARDS,CARTA DE JUEGO 2 EN 1
01t4w00000NumMNAAZ,12 PACKS PLAYING CARDS,CARTA DE JUEGO 12 PDQ
01t4w00000NumNNAAZ,BLOCK TRAIN 50 PCS,SET BLOQUES 050 PIEZAS  TREN NUMEROS
01t4w00000NumNOAAZ,CITY BUILDING 45 PCS,SET BLOQUES 045 PIEZAS CONSTRUCCION
01t4w00000NumNPAAZ,BLOCK TRAIN 75 PCS,SET BLOQUES 075 PIEZAS TREN NUMEROS
01t4w00000NumNQAAZ,CIRCUS SHOW 65 PCS,SET BLOQUES 065 PIEZAS ZOO
01t4w00000NumNRAAZ,HAPPY FARM 90 PCS,SET BLOQUES 090 PIEZAS GRANJA
01t4w00000NumNSAAZ,DINO PARADISE 40 PCS,SET BLOQUES 040 PIEZAS DINOSAURIOS
01t4w00000NumNTAAZ,PIPELINE PARADISE 51 PCS,SET BLOQUES 051 PIEZAS TUBERIA
01t4w00000NumNUAAZ,FIRE STATION 35 PCS,SET BLOQUES 035 PIEZAS ESTACION BOMBEROS
01t4w00000NumNVAAZ,DESSERT HOUSE 36 PCS,SET BLOQUES 036 PIEZAS PASTEL
01t4w00000NumNWAAZ,GAS STATION 38 PCS,SET BLOQUES 038 PIEZAS GASOLINERA
01t4w00000NumNXAAZ,FIRE STATION 90 PCS,SET BLOQUES 090 PIEZAS ESTACION BOMBEROS
01t4w00000NumNYAAZ,POLICE STATION 90 PCS,SET BLOQUES 090 PIEZAS POLICIA
01t4w00000NumNZAAZ,POLICE STATION 36 PCS,SET BLOQUES 036 PIEZAS POLICIA
01t4w00000NumNaAAJ,CITY HOSPITAL 76 PCS,SET BLOQUES 076 PIEZAS HOSPITAL
01t4w00000NumNbAAJ,HAPPY FARM 65 PCS,SET BLOQUES 065 PIEZAS GRANJA
01t4w00000NumNcAAJ,HAPPY FARM 156 PCS,SET BLOQUES 156 PIEZAS GRANJA
01t4w00000NumNdAAJ,CITY BUILDING 66 PCS,SET BLOQUES 066 PIEZAS CONSTRUCCION
01t4w00000NumNeAAJ,COMBINE & CREATE CAR 60 PCS,SET BLOQUES 060 PIEZAS COCHES
01t4w00000NumNfAAJ,TRAIN 68 PCS,SET BLOQUES 068 PIEZAS TREN
01t4w00000NumNgAAJ,HAPPY PRINCESS 146 PCS,SET BLOQUES 146 PIEZAS PRINCESA
01t4w00000NumNhAAJ,FIRE STATION 60 PCS,SET BLOQUES 060 PIEZAS ESTACION BOMBEROS
01t4w00000NumNiAAJ,POLICE STATION 66PCS,SET BLOQUES 066 PIEZAS POLICIA
01t4w00000NumNjAAJ,PARK 138 PCS,SET BLOQUES 138 PIEZAS PARQUE
01t4w00000NumNkAAJ,DREAM HOME 100 PCS,SET BLOQUES 100 PIEZAS SUEÑOS
01t4w00000NumNlAAJ,DINO PARK 40 PCS,SET BLOQUES 040 PIEZAS DINOSAURIOS CON CARRO
01t4w00000NumNmAAJ,HAPPY FARM 100 PCS,SET BLOQUES 100 PIEZAS GRANJA
01t4w00000NumNnAAJ,SHOP 46 PCS,SET BLOQUES 046 PIEZAS TIENDA
01t4w00000NumNoAAJ,DREAM CASTLE 86 PCS,SET BLOQUES 086 PIEZAS CASTILLO SUEÑOS
01t4w00000NumNpAAJ,BLOCKS 100 PCS,SET BLOQUES 100 PIEZAS
01t4w00000NumNqAAJ,POLICE STATION 90 PCS,SET BLOQUES 090 PIEZAS POLICIA
01t4w00000NumNrAAJ,FIRE STATION 90 PCS,SET BLOQUES 090 PIEZAS BOMBEROS
01t4w00000NumNsAAJ,ANIMAL WORLD 61 PCS,SET BLOQUES 061 PIEZAS ANIMALES
01t4w00000NumNtAAJ,HOME BLOCKS 36 PCS,SET BLOQUES 036 PIEZAS CASAS
01t4w00000NumNuAAJ,FUNNY BLOCKS 52 PCS,SET BLOQUES 052 PIEZAS DIVERSION
01t4w00000NumNvAAJ,BLOCKS 58 PCS,SET BLOQUES 058 PIEZAS
01t4w00000NumNwAAJ,FUNNY CAR 9 PCS,SET BLOQUES 009 PIEZAS COCHE
01t4w00000NumNxAAJ,DREAM CASTLE 87 PCS,SET BLOQUES 087 PIEZAS CASTILLO SUEÑOS
01t4w00000NumNyAAJ,FIRE STATION 67 PCS,SET BLOQUES 067 PIEZAS ESTACION BOMBEROS
01t4w00000NumNzAAJ,BLOCK 30 PCS,SET BLOQUES 030 PIEZAS COMIDA
01t4w00000NumO0AAJ,DESSERT SHOP 36 PCS,SET BLOQUES 036 PIEZAS PASTELERIA
01t4w00000NumO1AAJ,FUNNY BLOCKS 53 PCS,SET BLOQUES 053 PIEZAS DIVERSION
01t4w00000NumO2AAJ,TRAIN 67 PCS,SET BLOQUES 067 PIEZAS TREN
01t4w00000NumO3AAJ,HAPPY FARM 60 PCS,SET BLOQUES 060 PIEZAS GRANJA
01t4w00000NumO4AAJ,VILLAGE BLOCK 67 PCS,SET BLOQUES 067 PIEZAS VILLA
01t4w00000NumO5AAJ,BLOCKS 75 PCS,SET BLOQUES 075 PIEZAS
01t4w00000NumO6AAJ,POLICE STATION 67 PCS,SET BLOQUES 067 PIEZAS POLICIA
01t4w00000NumO7AAJ,BLOCK DESK + CHAIR,SET BLOQUES + SILLA + MESA
01t4w00000NumO8AAJ,CAR BLOCK 22 PCS,SET BLOQUES 022 PIEZAS COCHE
01t4w00000NumO9AAJ,BLOCKS 60 PCS,SET BLOQUES 060 PIEZAS
01t4w00000NumOAAAZ,BLOCK 55 PCS,SET BLOQUES 055 PIEZAS
01t4w00000NumOBAAZ,BLOCK DESK + CHAIR,SET BLOQUES + 2 SILLAS + MESA
01t4w00000NumOCAAZ,BLOCKS 58 PCS,SET BLOQUES 058 PIEZAS
01t4w00000NumODAAZ,PARK BLOCK 58 PCS,SET BLOQUES 058 PIEZAS PARQUE
01t4w00000NumOEAAZ,BLOCK DESK + CHAIR,SET BLOQUES + SILLA + MESA
01t4w00000NumOFAAZ,BLOCK DESK + CHAIR,SET BLOQUES + 2 SILLAS + MESA
01t4w00000NumOGAAZ,BLOCKS 60 PCS,SET BLOQUES 060 PIEZAS
01t4w00000NumOpAAJ,FOLDING CHAIR,SILLA PLEGABLE ACOLCHADA PU
01t4w00000NumP8AAJ,TRAIN BLOCKS 51 PCS,SET BLOQUES 051 PIEZAS TREN
01t4w00000NumP9AAJ,BARAGE BLOCKS 60 PCS,SET BLOQUES 060 PIEZAS GASOLINERA
01t4w00000NumPAAAZ,PET HOSPITAL BLOCKS 46 PCS,SET BLOQUES 046 PIEZAS VETERINARIO
01t4w00000NumPBAAZ,COFFEE SHOP BLOCKS 61 PCS,SET BLOQUES 061 PIEZAS CAFETERIA
01t4w00000NumPCAAZ,RAILCAR BLOCKS 19 PCS,SET BLOQUES 019 PIEZAS RAIL DINO
01t4w00000NumPDAAZ,DOCTOR BLOCKS 60 PCS,SET BLOQUES 060 PIEZAS DOCTOR
01t4w00000NumPEAAZ,KITCHEN BLOCKS 106 PCS,SET BLOQUES 106 PIEZAS COCINA
01t4w00000NumPFAAZ,KITCHEN BLOCKS 81 PCS,SET BLOQUES 081 PIEZAS COCINA
01t4w00000NumPGAAZ,COFFEE SHOP BLOCKS 61 PCS,SET BLOQUES 061 PIEZAS CAFETERIA
01t4w00000NumPHAAZ,BUILDING BLOCKS 45 PCS,SET BLOQUES 045 PIEZAS CONSTRUCCION
01t4w00000NumPIAAZ,BLOCKS 166 PCS,SET BLOQUES 166 PIEZAS RAMPAS
01t4w00000NumPJAAZ,RACING TRUCK BLOCKS 258 PCS,SET BLOQUES 258 PIEZAS KARTING
01t4w00000NumPKAAZ,SLIDER TRANSPORT BLOCKS 162 PCS,SET BLOQUES 162 PIEZAS RAMPAS
01t4w00000NumPLAAZ,KITCHEN BLOCKS 78 PCS,SET BLOQUES 078 PIEZAS COCINA
01t4w00000NumPMAAZ,DOCTOR BLOCKS 80 PCS,SET BLOQUES 080 PIEZAS DOCTOR
01t4w00000NumPNAAZ,BLOCKS 130 PCS,SET BLOQUES 130 PIEZAS
01t4w00000NumPOAAZ,BLOCKS 248 PCS,SET BLOQUES 248 PIEZAS
01t4w00000NumPPAAZ,COZY COTTAGE 30 PCS,SET BLOQUES 030 PIEZAS
01t4w00000NumPQAAZ,BLOCKS 200 PCS,SET BLOQUES 200 PIEZAS
01t4w00000NumPRAAZ,BLOCKS 30 PCS,SET BLOQUES 030 PIEZAS
01t4w00000NumPSAAZ,BLOCKS 180 PCS,SET BLOQUES 180 PIEZAS
01t4w00000NumPTAAZ,POLICE STATION 42 PCS,SET BLOQUES 042 PIEZAS
01t4w00000NumPUAAZ,POLICE OFFICE 30 PCS,SET BLOQUES 030 PIEZAS
01t4w00000NumPVAAZ,TOY,SET BLOQUES 042 PIEZAS
01t4w00000NumPWAAZ,RESCUE SQUAD 30 PCS,SET BLOQUES 030 PIEZAS
01t4w00000NumPXAAZ,ENGINEERING TEAM 30 PCS,SET BLOQUES 030 PIEZAS
01t4w00000NumPYAAZ,BLOCKS 56 PCS,SET BLOQUES 056 PIEZAS
01t4w00000NumPZAAZ,BLOCKS 30 PCS,SET BLOQUES 030 PIEZAS
01t4w00000NumPaAAJ,ELEPHANT BLOCK 62 PCS,SET BLOQUES ELEFANTE 062 PIEZAS
01t4w00000NumPbAAJ,BIG BUILDING BAG 80 PCS,SET BLOQUES 080 PIEZAS
01t4w00000NumPcAAJ,FIRETRUCK 12 PCS,CAMIÓN DE BOMBEROS 012 PIEZAS
01t4w00000NumPdAAJ,BLOCKS 72 PCS,SET BLOQUES 072 PIEZAS
01t4w00000NumPeAAJ,BIG BUILDING BAG 80 PCS,SET BLOQUES 080 PIEZAS
01t4w00000NumPfAAJ,TRUCK 15 PCS,CAMIÓN BLOQUES 015 PIEZAS
01t4w00000NumPgAAJ,FARMER CAR 15 PCS,COCHE GRANJERO 015 PIEZAS
01t4w00000NumPhAAJ,BLOCKS 68 PCS,SET BLOQUES 068 PIEZAS
01t4w00000NumPiAAJ,BLOCKS 38 PCS,SET BLOQUES 038 PIEZAS
01t4w00000NumPjAAJ,SHOPPING MALL 72 PCS,SET BLOQUES DE TIENDA 072 PIEZAS
01t4w00000NumPkAAJ,ELEPHANT BLOCK 62 PCS,SET BLOQUES ELEFANTE 062 PIEZAS
01t4w00000NumPlAAJ,FIRE STATION 72 PCS,SET BLOQUES DE BOMBEROS 072 PIEZAS
01t4w00000NumPmAAJ,POLICE STATION 72 PCS,SET BLOQUES DE POLICÍA 072 PIEZAS
01t4w00000NumPnAAJ,BUILDING BLOCKS 72 PCS,SET BLOQUES DE CONSTRUCCIÓN 072 PIEZAS
01t4w00000NumPoAAJ,BLOCKS 45 PCS,SET BLOQUES 045 PIEZAS
01t4w00000NumPqAAJ,CHAIR,BANCO BAR EAMS ACOLCHADO
01t4w00000NumPsAAJ,CHAIR,SILLA PLASTICO EAMS
01t4w00000NumPuAAJ,ENTERTAINMENT CENTER,CENTRO ENTRETENIMIENTO
01t4w00000NumQ2AAJ,CRAYON CHILDREN'S TABLE + CHAIRS SET,SET MESA + SILLAS CRAYON INFANTIL
01t4w00000NumQ4AAJ,CHILDREN´S DESK SET,SET MESA + SILLAS CRAYON INFANTIL
01t4w00000NumQ7AAJ,BLOCKS 56 PCS,SET BLOQUES 056 PIEZAS
01t4w00000NumQ8AAJ,BLOCKS 48 PCS,SET BLOQUES 048 PIEZAS
01t4w00000NumQ9AAJ,BLOCKS 45 PCS,SET BLOQUES 045 PIEZAS
01t4w00000NumQAAAZ,BLOCKS 68 PCS,SET BLOQUES 068 PIEZAS
01t4w00000NumQBAAZ,FARM ANIMAL 32 PCS,SET BLOQUES DE ANIMALES 032 PIEZAS
01t4w00000NumQCAAZ,FARM ANIMAL 48 PCS,SET BLOQUES DE ANIMALES 048 PIEZAS
01t4w00000NumQDAAZ,TRAIN STATION 93 PCS,ESTACIÓN DE TREN 093 PIEZAS
01t4w00000NumQEAAZ,TURTLE BLOCKS 55 PCS,SET BLOQUES TORTUGA 055 PIEZAS
01t4w00000NumQGAAZ,FISHING GAME,JUEGO DE PESCA
01t4w00000NumQIAAZ,SMALL ROCKING SOFA,MECEDORA CON PUFF
01t4w00000NumQKAAZ,BIG ROCKING SOFA,MECEDORA CON PUFF
01t4w00000NumQMAAZ,LEAF SWERLING SOFA,SILLON GIRATORIO 360*
01t4w00000NumQOAAZ,WALL RACK,PERCHERO PARED MADERA
01t4w00000NumQRAAZ,FLOOR RACK,PERCHERO PIE MADERA
01t4w00000NumQSAAZ,WALL RACK,PERCHERO PARED MADERA
01t4w00000NumQUAAZ,WALL RACK,PERCHERO PARED MADERA
01t4w00000NumQVAAZ,WALL RACK,PERCHERO PARED MADERA
01t4w00000NumQXAAZ,FLOOR RACK,PERCHERO PIE MADERA
01t4w00000NumQaAAJ,FLOOR RACK,PERCHERO PIE MADERA
01t4w00000NumQbAAJ,FLOOR RACK,PERCHERO PIE MADERA
01t4w00000NumQdAAJ,FLOOR RACK,PERCHERO PIE MADERA
01t4w00000NumQlAAJ,FOLDING HDPE PERSONAL TABLE ADJUSTABLE,MESA RESINA PERSONAL
01t4w00000NumQnAAJ,FOLDING RESIN TABLE ? 4 cm,MESA RESINA PLEGABLE Φ 4 cm
01t4w00000NumQrAAJ,8FT FOLDING HDPE TABLE,MESA RESINA PLEGABLE Φ 4.5 cm
01t4w00000NumR2AAJ,SWAN STORAGE WITH 6 BINS,JUGUETERO 6 CAJONES DE TELA INFANTIL
01t4w00000NumR4AAJ,SWAN STORAGE WITH 6 BINS,JUGUETERO 6 CAJONES DE TELA INFANTIL
01t4w00000NumR6AAJ,SWAN STORAGE WITH 6 BINS,JUGUETERO 6 CAJONES DE TELA INFANTIL
01t4w00000NumR8AAJ,DINNING CHAIR,SILLA COMEDOR TELA
01t4w00000NumRYAAZ,B/O SPACE BUBBLE SHOOTER,PISTOLA DE BURBUJAS ESPACIO
01t4w00000NumRZAAZ,B/O BUBBLE PIG,PISTOLA DE BURBUJAS CERDO
01t4w00000NumRaAAJ,B/O CYCLONE BUBBLE BLASTER,PISTOLA DE BURBUJAS CICLON
01t4w00000NumRbAAJ,LIGHT & SOUND UNICORN BUBBLE BLASTER  2 IN 1 FUNCTION,PISTOLA DE BURBUJAS UNICORNIO
01t4w00000NumRcAAJ,B/O BUBBLE FROG CAMERA,PISTOLA DE BURBUJAS CAMARA RANA
01t4w00000NumRdAAJ,B/O DEER BUBBLE CAMERA,PISTOLA DE BURBUJAS CAMARA OSO
01t4w00000NumReAAJ,B/O NO LEAKING BUBBLE COPTER,PISTOLA DE BURBUJAS CAMARA ALAS
01t4w00000NumRfAAJ,B/O BUBBLE CAMERA,PISTOLA DE BURBUJAS CAMARA
01t4w00000NumRgAAJ,B/O BUBBLE CAMERA,PISTOLA DE BURBUJAS CAMARA
01t4w00000NumRhAAJ,LIGHT & SOUND FAIRY BUBBLE WAND W/WINGS,PISTOLA DE BURBUJAS MARIPOSA
01t4w00000NumRiAAJ,B/O BUBBLE CAMERA,PISTOLA DE BURBUJAS CAMARA
01t4w00000NumRjAAJ,B/O BUBBLE CAMERA,PISTOLA DE BURBUJAS CAMARA
01t4w00000NumRkAAJ,B/O BUBBLE RABIT CAMERA,PISTOLA DE BURBUJAS CAMARA CONEJO
01t4w00000NumRlAAJ,B/O BUBBLE CAMERA,PISTOLA DE BURBUJAS CAMARA PRINCESA
01t4w00000NumRmAAJ,LIGHT & SOUND BUBBLE WAND,PISTOLA DE BURBUJAS CON LUZ Y MUSICA
01t4w00000NumRnAAJ,OCTOPUS BUBBLE MACHINE W/50ML BUBBLE,PISTOLA DE BURBUJAS PULPO
01t4w00000NumRoAAJ,B/O BUBBLE TURBO W/130ML NORMAL BUBBLE SOLUTION,PISTOLA DE BURBUJAS TAMBOR
01t4w00000NumRpAAJ,HAND CARRY BUBBLE BLOWER - DINO,PISTOLA DE BURBUJAS DINO
01t4w00000NumRqAAJ,HAND CARRY BUBBLE BLOWER - MOUSE,PISTOLA DE BURBUJAS ARDILLA
01t4w00000NumRrAAJ,B/O UNICORN BUBBLE WAND W/SOUND,PISTOLA DE BURBUJAS UNICORNIO SONIDO
01t4w00000NumRsAAJ,BUBBLE LAWN MOVER WITH 4OZ,PISTOLA DE BUBUJAS CORTACESPED
01t4w00000NumRtAAJ,B/O  MAGIC UNICORN BUBBLE WAND WITH LIGHT AND SOUND,PISTOLA DE BURBUJAS UNICORNIO SONIDO Y LUZ
01t4w00000NumRuAAJ,B/O BUBBLE BLASTER W/100ML BUBBLE,PISTOLA DE BURBUJAS ASPAS
01t4w00000NumRvAAJ,B/O MEGA BUBBLE MOWER WITH 4OZ,PISTOLA DE BUBUJAS CORTACESPED
01t4w00000NumRwAAJ,NEW FUN LEAF BLOWER W/118ML BUBBLE SOLUTION,PISTOLA DE BURBUJAS SOPLADOR
01t4w00000NumRxAAJ,B/O FROG BUBBLE MACHINE W/50ML BUBBLE,PISTOLA DE BURBUJAS RANA
01t4w00000NumRyAAJ,B/O BUBBLE BUS WITH 118mL BUBBLE,PISTOLA DE BURBUJAS AUTOBUS
01t4w00000NumRzAAJ,B/O 2 IN 1 GIANT BUBBLE BLASTER,PISTOLA DE BURBUJAS SOPLADOR
01t4w00000NumS0AAJ,B/O LARGE BUBBLE IN BUBBLE SHOOTER,PISTOLA DE BURBUJAS ASPAS
01t4w00000NumS1AAJ,B/O BEE BUBBLE BLASTER W/50 ML BUBBLE,PISTOLA DE BURBUJAS ASPAS
01t4w00000NumS2AAJ,B/O UNICORN BUBBLE BLASTER W/LIGHT,PISTOLA DE BUBUJAS UNICORNIO
01t4w00000NumS5AAJ,"14"" 4OZ /118ML PET BUBBLE WAND 6 ASTD  24PCS/PDQ",DISPARADOR DE BURBUJAS
01t4w00000NumS7AAJ,BUBBLE ICE CREAM  WITH 70ML BUBBLE SOLUTION,DISPARADOR DE BURBUJAS HELADO
01t4w00000NumS8AAJ,BUBBLE ICE CREAM  WITH 60ML BUBBLE SOLUTION,DISPARADOR DE BURBUJAS HELADO
01t4w00000NumScAAJ,ECONOMICAL FULL-MOTION TV WALL MOUNT,SOPORTE TV DE PARED ARTICULADO
01t4w00000NumSdAAJ,TILT TV WALL MOUNT,SOPORTE TV DE PARED CON INCLINACION
01t4w00000NumSeAAJ,TILT TV WALL MOUNT,SOPORTE TV DE PARED CON INCLINACION
01t4w00000NumSfAAJ,FIXED TV WALL MOUNT,SOPORTE TV DE PARED CON INCLINACION
01t4w00000NumSgAAJ,CLASSIC FILL-MOTION TV WALL MOUNT,SOPORTE TV DE PARED ARTICULADO
01t4w00000NumShAAJ,CLASSIC FULL-MOTION TV WALL MOUNT,SOPORTE DE PARED ARTICULADO
01t4w00000NumSlAAJ,122 CM FOLDING TABLE,MESA RESINA PLEGABLE
01t4w00000NumSpAAJ,BIG ROCKING SOFA,MECEDORA CON PUFF
01t4w00000NumStAAJ,BEACH CHAIR,SILLA PLAYA RECLINABLE CON COJIN (UNE EN-581)
01t4w00000NumSwAAJ,DINING SET,SET COMEDOR PP 7 PIEZAS
01t4w00000NumSyAAJ,DINNING SET,SET COMEDOR PP 7 PIEZAS
01t4w00000NumT2AAJ,FOLDING CHAIR,SILLA PLEGABLE
01t4w00000NumT3AAJ,FOLDING TABLE,MESA RESINA PLEGABLE Φ 3.5 cm
01t4w00000NumT6AAJ,RECTANGULAR FRAME POOL,PISCINA DESMONTABLE RECTANGULAR SIN BOMBA
01t4w00000NumT7AAJ,RECTANGULAR FRAME POOL,PISCINA DESMONTABLE REDONDA CON BOMBA
01t4w00000NumT9AAJ,STEEL 3 PC PATIO SET,SET BISTRO METALICO PLEGABLE REDONDO
01t4w00000NumTEAAZ,TABLE,MESA JARDIN RECTANGULAR
01t4w00000NumTFAAZ,CHAIR,SILLA COMEDOR PLASTICO
01t4w00000NumTHAAZ,CHAIR,SILLA COMEDOR PLASTICO
01t4w00000NumTJAAZ,SET BAR,SET MESA BAR + 2 TABURETES
01t4w00000NumTMAAZ,FAN WITH LIGHT,VENTILADOR TECHO CON LUZ 25W-35W
01t4w00000NumTNAAZ,"52"" SOLID WOOD FAN WITH LED",VENTILADOR TECHO DE MADERA CON LED 35W-65W
01t4w00000NumTPAAZ,5 PC PATIO SET,SET COMEDOR 5 PIEZAS
01t4w00000NumTQAAZ,POOL LADDER,ESCALERA DE SEGURIDAD PISCINA 2 PELDAÑOS
01t4w00000NumTSAAZ,CRAYON CHILDREN'S TABLE + CHAIRS SET,SET MESA + SILLAS CRAYON INFANTIL
01t4w00000NumTUAAZ,CHILDREN´S DESK SET,SET MESA + SILLAS CRAYON INFANTIL
01t4w00000NumTWAAZ,SHELF,ESTANTERIA CRAYON INFANTIL
01t4w00000NumTYAAZ,SHELF,ESTANTERIA CRAYON INFANTIL
01t4w00000NumTaAAJ,PLANT TRANSPORTER CART,CARRITO TRANSPORTADOR PLANTAS
01t4w00000NumTcAAJ,FOLDING TRANSPORTER CART,CARRITO TRANSPORTADOR PLEGABLE
01t4w00000NumTdAAJ,FOLDING TRANSPORTER CART,CARRITO TRANSPORTADOR PLEGABLE
01t4w00000NumTfAAJ,FOLDING TRANSPORTER CART,CARRITO TRANSPORTADOR PLEGABLE
01t4w00000NumTiAAJ,FOLDING TRANSPORTER CART,CARRITO TRANSPORTADOR PLEGABLE
01t4w00000NumTkAAJ,FOLDING TRANSPORTER CART,CARRITO TRANSPORTADOR PLEGABLE
01t4w00000NumTmAAJ,FOLDING TRANSPORTER CART,CARRITO TRANSPORTADOR PLEGABLE
01t4w00000NumToAAJ,FOLDING TRANSPORTER CART,CARRITO TRANSPORTADOR PLEGABLE
01t4w00000NumTqAAJ,FOLDING TRANSPORTER CART,CARRITO TRANSPORTADOR PLEGABLE
01t4w00000NumTsAAJ,FOLDING TRANSPORTER CART,CARRITO TRANSPORTADOR PLEGABLE
01t4w00000NumU0AAJ,2 IN 1 STAIR FOLDING CART,CARRO PLEGABLE 2 EN 1 ESCALERA
01t4w00000NumU2AAJ,2 IN 1 STAIR FOLDING CART,CARRO PLEGABLE 2 EN 1 ESCALERA
01t4w00000NumU4AAJ,PROFESSIONAL EXTENDABLE LADDER,ESCALERA EXTENSIBLE PROFESIONAL
01t4w00000NumU5AAJ,PROFESSIONAL EXTENDABLE LADDER,ESCALERA EXTENSIBLE PROFESIONAL
01t4w00000NumU7AAJ,PROFESSIONAL EXTENDABLE LADDER,ESCALERA EXTENSIBLE PROFESIONAL
01t4w00000NumUBAAZ,DOMESTIC STAIRCASE 3 LEVELS,ESCALERA DOMESTICA 3 NIVELES
01t4w00000NumUDAAZ,PROFESSIONAL EXTENDABLE LADDER,ESCALERA EXTENSIBLE PROFESIONAL
01t4w00000NumUEAAZ,PROFESSIONAL EXTENDABLE LADDER,ESCALERA EXTENSIBLE PROFESIONAL
01t4w00000NumUGAAZ,PROFESSIONAL EXTENDABLE LADDER,ESCALERA EXTENSIBLE PROFESIONAL
01t4w00000NumUIAAZ,WORK PLATFORM,TABURETE ANTIDESLIZANTE PLEGABLE
01t4w00000NumUKAAZ,EXTENSION,ESCALERA EXTENSIBLE PROFESIONAL
01t4w00000NumUMAAZ,6FT FOLDING HDPE TABLE,MESA RESINA PLEGABLE - Φ 4 cm (100%)
01t4w00000NumUPAAZ,HALLSTAND WITH SHELF,PERCHERO ZAPATERO
01t4w00000NumUQAAZ,DESK WITH SHELF,MESA ESCRITORIO + LIBRERO 2 NIVELES
01t4w00000NumUSAAZ,LADDER SHELF,ESTANTERIA 4 NIVELES
01t4w00000NumUWAAZ,GAMING CHAIR,SILLA GAMING
01t4w00000NumUYAAZ,GAMING CHAIR,SILLA GAMING
01t4w00000NumUaAAJ,GAMING CHAIR,SILLA GAMING
01t4w00000NumUdAAJ,CHAIR,SILLON TELA + REPOSA PIES
01t4w00000NumUeAAJ,GAMING CHAIR,SILLA GAMING
01t4w00000NumUhAAJ,ARMCHAIR,SILLON TELA
01t4w00000NumUiAAJ,BAR STOOL,BANCO BAR PU
01t4w00000NumUkAAJ,FABRIC DINING CHAIR,SILLA COMEDOR TELA
01t4w00000NumUmAAJ,FABRIC DINING CHAIR,SILLA COMEDOR TELA
01t4w00000NumUoAAJ,FABRIC DINING CHAIR,SILLA COMEDOR TELA
01t4w00000NumUpAAJ,DINNING CHAIR,SILLA DE COMEDOR TELA
01t4w00000NumUqAAJ,DINNING CHAIR,SILLA DE COMEDOR TELA
01t4w00000NumUtAAJ,DINNING CHAIR,SILLA DE COMEDOR TELA
01t4w00000NumUwAAJ,DINNING CHAIR,SILLA DE COMEDOR TELA
01t4w00000NumUyAAJ,DINNING CHAIR,SILLA DE COMEDOR TELA
01t4w00000NumV2AAJ,BAR STOOL,BANCO BAR BASIC
01t4w00000NumV4AAJ,BAR STOOL,BANCO BAR BASIC
01t4w00000NumV6AAJ,BAR STOOL,BANCO BAR MADRID
01t4w00000NumV8AAJ,BAR STOOL,BANCO BAR MADRID
01t4w00000NumVAAAZ,BAR STOOL,BANCO BAR BURGOS
01t4w00000NumVCAAZ,BAR STOOL,BANCO BAR BURGOS
01t4w00000NumVEAAZ,ABS BAR STOOL,BANCO BAR ABS
01t4w00000NumVGAAZ,ABS BAR STOOL,BANCO BAR ABS
01t4w00000NumVIAAZ,BAR STOOL,BANCO BAR BASIC
01t4w00000NumVKAAZ,BAR STOOL,BANCO BAR BASIC
01t4w00000NumVMAAZ,BAR STOOL,BANCO BAR BASIC
01t4w00000NumVaAAJ,FOLDING BENCH ? 4.5 cm,BANCA RESINA PLEGABLE
01t4w00000NumVcAAJ,122 CM FOLDING TABLE,* MESA RESINA PLEGABLE Φ 4 cm
01t4w00000NumViAAJ,3PCS BEER TABLE SET,SET MESA + 2 BANCOS RESINA PLEGABLE
01t4w00000NumVkAAJ,FOLDING TABLE,MESA RESINA PLEGABLE - Φ 4 cm
01t4w00000NumVmAAJ,3PCS BEER TABLE SET,SET MESA + 2 BANCOS RESINA PLEGABLE
01t4w00000NumVoAAJ,FOLDING HDPE CHAIR,SILLA RESINA DOBLE
01t4w00000NumVqAAJ,FOLDING HDPE PERSONAL TABLE ADJUSTABLE,MESA RESINA PERSONAL
01t4w00000NumVsAAJ,BAR STOOL,BANCO BAR BASIC
01t4w00000NumVuAAJ,BAR STOOL,BANCO BAR BASIC
01t4w00000NumVwAAJ,BAR STOOL,BANCO BAR BASIC
01t4w00000NumVyAAJ,BAR STOOL,BANCO BAR MADRID
01t4w00000NumW0AAJ,BAR STOOL,BANCO BAR MADRID
01t4w00000NumW2AAJ,BAR STOOL,BANCO BAR MADRID
01t4w00000NumW4AAJ,BAR STOOL,BANCO BAR BURGOS
01t4w00000NumW6AAJ,BAR STOOL,BANCO BAR BURGOS
01t4w00000NumW8AAJ,BAR STOOL,BANCO BAR BURGOS
01t4w00000NumWAAAZ,ABS BAR STOOL,BANCO BAR ABS
01t4w00000NumWCAAZ,ABS BAR STOOL,BANCO BAR ABS
01t4w00000NumWEAAZ,ABS BAR STOOL,BANCO BAR ABS
01t4w00000NumWGAAZ,SIMPLE COMPUTER DESK,SET MESA ESCRITORIO + SILLA
01t4w00000NumWOAAZ,CERAMIC FLOOR HEATER 950W,CALENTADOR PISO CERAMICA 950W
01t4w00000NumWQAAZ,CERAMIC FLOOR HEATER 1800W,CALENTADOR PISO CERAMICA 1800W
01t4w00000NumWTAAZ,CERAMIC HEATER 600W,CALENTADOR CERAMICA 600W
01t4w00000NumWUAAZ,CERAMIC HEATER 950W,CALENTADOR CERAMICA 950W
01t4w00000NumWWAAZ,CERAMIC HEATER 500W,CALENTADOR CERAMICA 500W
01t4w00000NumWYAAZ,CERAMIC HEATER 950W,CALENTADOR CERAMICA 950W
01t4w00000NumWbAAJ,CERAMIC HEATER 1500W,CALENTADOR CERAMICA 1500W
01t4w00000NumWdAAJ,WIFI CERAMIC HEATER 1500W,CALENTADOR CERAMICA WIFI 1500W
01t4w00000NumWeAAJ,ECO CERAMIC HEATER THERMOSTAT 2000W,CALENTADOR CERAMICA ECO TERMOSTATO 2000W
01t4w00000NumWgAAJ,ECO CERAMIC HEATER THERMOSTAT 2000W,CALENTADOR CERAMICA ECO TERMOSTATO 2000W
01t4w00000NumWiAAJ,CERAMIC HEATER 2000W,CALENTADOR CERAMICA  2000W
01t4w00000NumWkAAJ,OFFICE DESK,MESA ESCRITORIO
01t4w00000NumWmAAJ,ASTURIAS SOFA BED,SOFA CAMA
01t4w00000NumWoAAJ,MULTINFUCTION,CUNA MULTIFUNCION
01t4w00000NumWqAAJ,DESK SET,SET MESA ESCRITORIO + SILLA
01t4w00000NumWsAAJ,DESK SET,SET MESA ESCRITORIO + SILLA
01t4w00000NumWuAAJ,DESK SET,SET MESA ESCRITORIO + SILLA
01t4w00000NumWwAAJ,DESK SET,SET MESA ESCRITORIO + SILLA
01t4w00000NumX2AAJ,OFFICE CHAIR,SILLA ORDENADOR
01t4w00000NumX6AAJ,OFFICE CHAIR,SILLA ORDENADOR
01t4w00000NumX8AAJ,FOLDING TABLE,MESA RESINA PLEGABLE Φ 3.5 cm
01t4w00000NumXCAAZ,FOLDING TABLE,MESA RESINA PLEGABLE Φ 3.5 cm
01t4w00000NumXGAAZ,FOLDING TABLE,MESA RESINA PLEGABLE Φ 3.5 cm
01t4w00000NumXuAAJ,GLASS PANEL HEATER,CALENTADOR PARED PANEL VIDRIO 450W
01t4w00000NumXvAAJ,METAL PANEL HEATER,CALENTADOR PARED PANEL METAL 450W
01t4w00000NumXwAAJ,HEATER,CALENTADOR PISO 750/1250/2000W
01t4w00000NumXxAAJ,GLASS PANEL HEATER,CALENTADOR CON RUEDAS PANEL VIDRIO LED 1000W CONTROL REMOTO
01t4w00000NumXyAAJ,HEATER,CALENTADOR PISO 1500/2000W
01t4w00000NumY0AAJ,HEATER,CALENTADOR PISO 750/1250/2000W
01t4w00000NumY1AAJ,HEATER,CALENTADOR PISO 500W
01t4w00000NumY2AAJ,HEATER,CALENTADOR FUEGO LED 750/1200W
01t4w00000NumY3AAJ,HEATER,CALENTADOR FUEGO LED 600/1200W
01t4w00000NumY4AAJ,LUGGAGE,SET EQUIPAJE 3 PZAS
01t4w00000NumY6AAJ,HEATER,CALENTADOR PISO 1800W CONTROL REMOTO
01t4w00000NumY7AAJ,HEATER,CALENTADOR CON RUEDAS 1000W 3 SALIDAS POTENCIA
01t4w00000NumYAAAZ,HEATER,CALENTADOR PISO 1000/2000W OSCILANTE
01t4w00000NumYCAAZ,HEATER,CALENTADOR PISO 600W 2 SALIDAS POTENCIA
01t4w00000NumYDAAZ,HEATER,CALENTADOR FUEGO LED 900/1800W
01t4w00000NumYEAAZ,HEATER,CALENTADOR FUEGO LED 900/1800W
01t4w00000NumYFAAZ,HEATER,CALENTADOR FUEGO LED 1000/2000W
01t4w00000NumYGAAZ,HEATER,CALENTADOR CUARZO 1500W
01t4w00000NumYHAAZ,HEATER,CALENTADOR FUEGO LED 850/1500W
01t4w00000NumYIAAZ,HEATER,CALENTADOR FUEGO LED 850/1500W
01t4w00000NumYKAAZ,HEATER,CALENTADOR CUARZO 400/800/1200W 3 TUBOS
01t4w00000NumYLAAZ,HEATER,CALENTADOR CUARZO CON RUEDAS 800/1600/1200/2400W 4 TUBOS TURBO FAN
01t4w00000NumYMAAZ,HEATER,CALENTADOR FUEGO LED 900/1800W
01t4w00000NumYOAAZ,HEATER,CALENTADOR PISO 1000/2000W ECO OSCILANTE
01t4w00000NumYPAAZ,HEATER,CALENTADOR FUEGO LED 900/1800W
01t4w00000NumYRAAZ,LUGGAGE,SET EQUIPAJE 3 PZAS
01t4w00000NumYUAAZ,HEATER,CALENTADOR FUEGO LED 600/1200W
01t4w00000NumYYAAZ,PLASTIC,CALENTADOR PISO 750/1500W LED
01t4w00000NumYZAAZ,HEATER,CALENTADOR FUEGO LED 900/1800W
01t4w00000NumYaAAJ,HEATER,CALENTADOR FUEGO LED 750/1200W
01t4w00000NumYbAAJ,HEATER,CALENTADOR BASE SOMBRILLA 1500W
01t4w00000NumYfAAJ,HEATER,CALENTADOR PISO 1000/2000W OSCILANTE
01t4w00000NumYgAAJ,HEATER,CALENTADOR CUARZO CON RUEDAS 1800W 3 TUBOS
01t4w00000NumYjAAJ,HEATER,CALENTADOR SOBREMESA 450W
01t4w00000NumYlAAJ,HEATER,CALENTADOR PISO 1200/2000W LED CONTROL REMOTO OSCILANTE
01t4w00000NumYmAAJ,HEATER,CALENTADOR CUARZO PARED 600/1200W 2 TUBOS
01t4w00000NumYnAAJ,BISTRO 3 PZA,SET BISTRO PLASTICO 3 PIEZAS
01t4w00000NumYqAAJ,HEATER,CALENTADOR PISO 600W/1200W HEAT/COLD/FAN OSCILANTE
01t4w00000NumYtAAJ,PLASTIC,CALENTADOR PISO 750/1500W CERAMICO LED OSCILANTE
01t4w00000NumYuAAJ,HEATER,CALENTADOR PISO 1000/2000W CONTROL REMOTO OSCILANTE
01t4w00000NumZBAAZ,MECEDORA WICKER,SILLON MECEDORA ARINDORAK PLASTICO WICKER
01t4w00000NumZCAAZ,SILLA WICKER,SILLA COMEDOR PLASTICO
01t4w00000NumZDAAZ,SILLA ARINDORAK WICKER,SILLON ARINDORAK PLASTICO WICKER
01t4w00000NumZFAAZ,LUGGAGE,SET EQUIPAJE ABS 3 PZAS
01t4w00000NumZGAAZ,SILLA WICKER,SILLON PLASTICO WICKER
01t4w00000NumZJAAZ,LUGGAGE,SET EQUIPAJE ABS 3 PZAS
01t4w00000NumZKAAZ,LUGGAGE,SET EQUIPAJE PC 2 PZAS
01t4w00000NumZLAAZ,SET DESAYUNDOR 5 PIEZAS,SET COMEDOR 5 PIEZAS PLASTICO
01t4w00000NumZSAAZ,LUGGAGE,SET EQUIPAJE 3 PZAS ABS ALUMINIUM
01t4w00000NumZTAAZ,LUGGAGE,SET EQUIPAJE 3 PZAS PC ALUMINIUM
01t4w00000NumZUAAZ,LUGGAGE,SET EQUIPAJE ABS 3 PZAS
01t4w00000NumZVAAZ,LUGGAGE,SET EQUIPAJE PC 3 PZAS
01t4w00000NumZWAAZ,LUGGAGE,SET EQUIPAJE 3 PZAS PC ALUMINIUM
01t4w00000NumZXAAZ,LUGGAGE,SET EQUIPAJE ABS 3 PZAS
01t4w00000NumZaAAJ,LUGGAGE,SET EQUIPAJE PC 3 PZAS
01t4w00000NumZbAAJ,LUGGAGE,SET EQUIPAJE PC 3 PZAS
01t4w00000NumZeAAJ,LUGGAGE,SET EQUIPAJE 2 PZAS PC ALUMINIUM
01t4w00000NumZfAAJ,LUGGAGE,SET EQUIPAJE ABS 2 PZAS
01t4w00000NumZgAAJ,LUGGAGE,SET EQUIPAJE PC 2 PZAS
01t4w00000NumZhAAJ,LUGGAGE,SET EQUIPAJE ABS 2 PZAS
01t4w00000NumZiAAJ,LUGGAGE,SET EQUIPAJE PC 2 PZAS
01t4w00000NumZkAAJ,LUGGAGE,SET EQUIPAJE ABS 2 PZAS
01t4w00000NumZlAAJ,LUGGAGE,SET EQUIPAJE ABS 2 PZAS
01t4w00000NumZmAAJ,LUGGAGE,SET EQUIPAJE 3 PZAS
01t4w00000NumZoAAJ,LUGGAGE,SET EQUIPAJE ABS 2 PZAS
01t4w00000NumZtAAJ,LUGGAGE,SET MALETA CON NECESER
01t4w00000NumZuAAJ,LUGGAGE,SET EQUIPAJE 3 PZAS
01t4w00000NumZvAAJ,LUGGAGE,SET EQUIPAJE 3 PZAS
01t4w00000NumaDAAR,ORGANIZER BOX,ORGANIZADOR RELOJES
01t4w00000NumbeAAB,SWIVEL EGG CHAIR,SILLA GIRATORIA HUEVO
01t4w00000NumbfAAB,COFFEE TABLE,MESA AUXILIAR CUADRADA
01t4w00000NumbgAAB,SWIVEL EGG CHAIR,SILLA GIRATORIA HUEVO
01t4w00000NumbhAAB,COFFEE TABLE,MESA AUXILIAR REDONDA DOBLE
01t4w00000NumbiAAB,OUTDOOR SET 5 PCS,SET JARDIN 5 PIEZAS CON COJINES
01t4w00000NumblAAB,COFFEE TABLE,MESA AUXILIAR REDONDA
01t4w00000NumbnAAB,LUNCH SET 5 PCS,SET COMEDOR 5 PIEZAS
01t4w00000NumbpAAB,STEEL CHAIR WITH CUSHION,SILLA COMEDOR ACERO CON COJIN
01t4w00000NumbqAAB,OUTDOOR SET 4 PCS,SET JARDIN 4 PIEZAS
01t4w00000NumbtAAB,BISTRO SET WICKER WITH CUSHION,SET BISTRO WICKER MECEDORA CON COJINES
01t4w00000NumbvAAB,CORNER SOFA POLYWOOD WITH CUSHION,SET SOFA EN ESQUINA + MESA POLLYWOOD
01t4w00000NumbwAAB,ROCKING CHAIR WITH CUSHION,SILLON MECEDORA RATTAN CON COJIN
01t4w00000NumbzAAB,OUTDOOR SET 4 PCS,SET JARDIN 4 PIEZAS CON COJINES
01t4w00000Numc3AAB,BISTRO SET WICKER WITH CUSHION,SET BISTRO WICKER GIRATORIO CON COJINES
01t4w00000Numc4AAB,LEISURE CHAIR + STOOL,SILLON RATTAN CON COJINES + REPOSAPIES
01t4w00000NumcQAAR,BAR STOOL,BANCO BAR METAL
01t4w00000NumcRAAR,CHAIR,SILLA PLASTICO EAMS
01t4w00000NumcSAAR,CHAIR,SILLA COMEDOR PLASTICO
01t4w00000NumcTAAR,CHAIR,SILLA PLASTICO EAMS
01t4w00000NumcUAAR,CHAIR,SILLA COMEDOR TELA
01t4w00000NumcVAAR,CHAIR,SILLA PLASTICO EAMS ACOLCHADA
01t4w00000NumcWAAR,CHAIR,SILLA COMEDOR PLASTICO
01t4w00000NumcXAAR,CHAIR,SILLA PLASTICO EAMS
01t4w00000NumcYAAR,CHAIR,SILLA PLASTICO EAMS
01t4w00000NumcZAAR,CHAIR,SILLA PLASTICO EAMS
01t4w00000NumcbAAB,CHAIR,SILLA COMEDOR PLASTICO
01t4w00000NumccAAB,CHAIR,SILLA COMEDOR TELA ACOLCHADA
01t4w00000NumcdAAB,CHAIR,SILLA COMEDOR TELA
01t4w00000NumceAAB,CHAIR,SILLA PLASTICO EAMS
01t4w00000NumcfAAB,CHAIR,BANCO BAR EAMS ACOLCHADO
01t4w00000NumcjAAB,CHAIR,SILLA COMEDOR TELA
01t4w00000NumckAAB,CHAIR,SILLA PLASTICO EAMS ACOLCHADA
01t4w00000NumclAAB,CHAIR,SILLA COMEDOR PLASTICO APILABLE
01t4w00000NumcmAAB,CHAIR,SILLA PLASTICO EAMS ACOLCHADA
01t4w00000NumcnAAB,CHAIR,SILLA PLASTICO EAMS
01t4w00000NumcrAAB,CHAIR,SILLA PLASTICO EAMS ACOLCHADA
01t4w00000NumcsAAB,CHAIR,SILLA COMEDOR TELA ACOLCHADO
01t4w00000NumcvAAB,CHAIR,SILLA ORDENADOR
01t4w00000NumcwAAB,CHAIR,SILLA COMEDOR PLASTICO APILABLE
01t4w00000NumcxAAB,CHAIR,SILLA COMEDOR PLASTICO
01t4w00000NumcyAAB,CHAIR,SILLA PLASTICO EAMS
01t4w00000NumczAAB,CHAIRS,SILLA COMEDOR TELA
01t4w00000Numd0AAB,CHAIR,SILLA COMEDOR PLASTICO APILABLE
01t4w00000Numd1AAB,CHAIR,SILLA COMEDOR PLASTICO APILABLE
01t4w00000Numd3AAB,CHAIR,SILLA COMEDOR PLASTICO
01t4w00000Numd4AAB,TABLE,MESA COMEDOR REDONDA
01t4w00000Numd7AAB,CHAIR,SILLA COMEDOR PLASTICO
01t4w00000Numd8AAB,STOOL,TABURETE TELA
01t4w00000Numd9AAB,TABLE,MESA COMEDOR RECTANGULAR
01t4w00000NumdAAAR,TABLE,MESA COMEDOR CUADRADA
01t4w00000NumdEAAR,"FAN 12"" 40W","VENTILADOR SOBREMESA 12"" 40W"
01t4w00000NumdFAAR,NIGHT TABLE,MESA BURO 1 CAJON
01t4w00000NumdGAAR,CHAIR,SILLA COMEDOR PLASTICO APILABLE
01t4w00000NumdIAAR,SOFA-CHAIR,SILLON TELA + REPOSA PIES
01t4w00000NumdNAAR,"DESK FAN 8"", 4 BASE","VENTILADOR DE ESCRITORIO DE 8"", BASE DE 4"""
01t4w00000NumdOAAR,"DESK FAN 7""","VENTILADOR DE ESCRITORIO DE 7"""
01t4w00000NumdPAAR,FAN,"VENTILADOR SOBREMESA 9"" 35W"
01t4w00000NumdXAAR,"DESK FAN 12"", 3 BLADES","VENTILADOR DE ESCRITORIO DE 12"", 3 ASPAS"
01t4w00000NumdcAAB,FAN,"VENTILADOR PISO 16"" 55W"
01t4w00000NumddAAB,FAN,"VENTILADOR PISO 16"" 55W 3 VELOCIDADES OSCILANTE"
01t4w00000NumdgAAB,FAN,"VENTILADOR PISO 16"" 55W"
01t4w00000NumdiAAB,FAN,"VENTILADOR PISO 16"" 55W"
01t4w00000NumdjAAB,FAN,"VENTILADOR PISO 16"" 55W"
01t4w00000NumdkAAB,FAN,"VENTILADOR PISO 16"" 55W"
01t4w00000NumdlAAB,FAN,"VENTILADOR PISO 16"" 45W 3 VELOCIDADES"
01t4w00000NumdnAAB,FAN,"VENTILADOR PISO 16"" 45W 3 VELOCIDADES"
01t4w00000NumdpAAB,FAN,"VENTILADOR SOBREMESA 16"" 55W 3 VELOCIDADES"
01t4w00000NumdqAAB,FAN,"VENTILADOR PISO 16"" 55W 3 VELOCIDADES+3 TIPOS VIENTOS"
01t4w00000NumdrAAB,FAN,"VENTILADOR PISO 16"" 60W"
01t4w00000NumdsAAB,FAN,"VENTILADOR SOBREMESA 9"" 25W"
01t4w00000NumdtAAB,FAN,"VENTILADOR PISO 16"" 55W 3 VELOCIDADES LED DISPLAY OSCILANTE"
01t4w00000NumduAAB,"STAND FAN 18"", 3 IN 1","VENTILADOR DE PIE DE 18"", 3 EN 1"
01t4w00000NumdvAAB,FAN,"VENTILADOR PISO 16"" 60W"
01t4w00000NumdwAAB,FAN,"VENTILADOR PISO 16"" 60W"
01t4w00000NumdzAAB,FAN,"VENTILADOR PISO 12"" 20W 3 TIPOS VIENTOS OSCILANTE"
01t4w00000Nume0AAB,FAN,"VENTILADOR PISO 14"" 20W 3 TIPOS VIENTO OSCILANTE"
01t4w00000Nume1AAB,FAN,"VENTILADOR TORRE 12"" 15W LED 2 VELOCIDADES OSCILANTE"
01t4w00000Nume2AAB,FAN,"VENTILADOR PISO 16"" 60W"
01t4w00000Nume3AAB,FAN,"VENTILADOR INDUSTRIAL 16"" 90W"
01t4w00000Nume4AAB,FAN,"VENTILADOR SOBREMESA 10"" 40W"
01t4w00000Nume8AAB,FAN,"VENTILADOR INDUSTRIAL 14"" 45W"
01t4w00000NumeBAAR,FAN,"VENTILADOR INDUSTRIAL 20"" 120W CON RUEDAS"
01t4w00000NumeCAAR,FAN,"VENTILADOR NEBULIZADOR 16"" 100W"
01t4w00000NumeEAAR,FAN,"VENTILADOR TORRE 31"" 60W LED 3 VELOCIDADES OSCILANTE"
01t4w00000NumeFAAR,FAN,"VENTILADOR TORRE 31"" 60W LED 3 VELOCIDADES OSCILANTE"
01t4w00000NumebAAB,"TOWER FAN 43 INCH, REMOTE CONTROL",VENTILADOR DE TORRE DE 43 PULGADAS CON CONTROL REMOTO.
01t4w00000NumeeAAB,AUXILIARY CART 3 LEVELS,CARRITO AUXILIAR ACERO 3 NIVELES
01t4w00000NumefAAB,SHELF,ESTANTERIA BAÑO 3 NIVELES
01t4w00000NumegAAB,SHELF,ESTANTERIA BAÑO WC 2 NIVELES
01t4w00000NumehAAB,FOLDING AUXILIARY CART 3 LEVELS,CARRITO AUXILIAR METALICO 3 NIVELES PLEGABLE
01t4w00000NumeiAAB,AUXILIARY CART 3 LEVELS,CARRITO AUXILIAR METALICO 3 NIVELES
01t4w00000NumekAAB,LAUNDRY CART WITH WHEELS,CARRO LAVANDERIA CON RUEDAS
01t4w00000NumelAAB,LAUNDRY CART + COAT RACK WITH WHEELS,CARRO LAVANDERIA+PERCHERO CON RUEDAS
01t4w00000NumemAAB,LAUNDRY CART WITH WHEELS,CARRO LAVANDERIA CON RUEDAS
01t4w00000NumenAAB,KITCHEN CART,CARRITO ORGANIZADOR COCINA 2 NIVELES
01t4w00000NumeoAAB,COAT RACK,PERCHERO METAL+MADERA
01t4w00000NumepAAB,SHELF,ESTANTERIA 4 NIVELES CON BARRA COCINA+GANCHOS
01t4w00000NumeqAAB,METAL+WOODEN COAT RACK,PERCHERO METAL+MADERA
01t4w00000NumerAAB,SHELF,ESTANTERIA LAVANDERIA 3 NIVELES
01t4w00000NumesAAB,COAT RACK,PERCHERO METAL+MADERA
01t4w00000NumetAAB,SHELF,ESTANTERIA BAÑO WC 3 NIVELES
01t4w00000NumeuAAB,SHELF,ESTANTERIA BAÑO 4 NIVELES
01t4w00000NumevAAB,AUXILIARY CART 3 LEVELS,CARRITO AUXILIAR METALICO 3 NIVELES
01t4w00000NumewAAB,LAUNDRY CART,CARRO LAVANDERIA
01t4w00000NumexAAB,SHELF,ESTANTERIA BAÑO WC 2 NIVELES EXTENSIBLE+PERCHERO
01t4w00000NumeyAAB,FOLDING AUXILIARY CART 3 LEVELS,CARRITO AUXILIAR METALICO 3 NIVELES PLEGABLE
01t4w00000Numf0AAB,BEACH CHAIR,SILLA PLAYA
01t4w00000Numf2AAB,CAMPING CHAIR,SILLA PLEGABLE CAMPING CON NEVERA
01t4w00000Numf3AAB,BEACH CHAIR,SILLA PLAYA
01t4w00000Numf4AAB,BEACH CHAIR,SILLA PLAYA
01t4w00000Numf6AAB,BEACH CHAIR,SILLA PLAYA CON REPOSAPIES
01t4w00000Numf7AAB,CAMPING CHAIR,SILLA PLEGABLE CAMPING
01t4w00000Numf8AAB,BEACH CHAIR,SILLA PLAYA
01t4w00000Numf9AAB,BEACH CHAIR,SILLA PLAYA
01t4w00000NumfAAAR,BEACH CHAIR WITH COOLER BAG,SILLA PLAYA CON BOLSA NEVERA
01t4w00000NumfBAAR,CAMPING CHAIR,SILLA PLEGABLE CAMPING
01t4w00000NumfCAAR,CAMPING CHAIR,SILLA PLEGABLE CAMPING
01t4w00000NumfEAAR,TRIPLE POLYESTER TENT WITH WINDOWS,CARPA POLIESTER TRIPLE CON VENTANAS
01t4w00000NumfHAAR,COOLER BEACH BAG,NEVERA PORTATIL PLAYA
01t4w00000NumfIAAR,BEACH CHAIR,SILLA PLAYA CON COJIN
01t4w00000NumfJAAR,BEACH CHAIR,SILLA PLAYA
01t4w00000NumfLAAR,CAMPING CHAIR WITH COOLER BAG,SILLA PLEGABLE CAMPING CON RESPALDO+NEVERA
01t4w00000NumfMAAR,CHAIR TEXTILENE,SILLA COMEDOR ALUMINIO TEXTILENO
01t4w00000NumfNAAR,KID BEACH CHAIR,SILLA INFANTIL PLAYA
01t4w00000NumfOAAR,BEACH CHAIR,SILLA PLAYA RECLINABLE
01t4w00000NumfPAAR,BEACH CHAIR,SILLA PLAYA
01t4w00000NumfQAAR,BEACH CHAIR,SILLA PLAYA
01t4w00000NumfSAAR,BEACH CHAIR,SILLA PLAYA
01t4w00000NumfTAAR,RECTANGULAR GAZEBO RETRACTABLE AWNING,GAZEBO RECTANGULAR TOLDO RETRACTIL
01t4w00000NumfUAAR,BEACH CHAIR,SILLA PLAYA RECLINABLE CON COJIN
01t4w00000NumfVAAR,SWING CHAIR,COLUMPIO BALANCIN DOBLE INFANTIL
01t4w00000NumfZAAR,BEACH CHAIR,SILLA PLAYA ACOLCHADA
01t4w00000NumfaAAB,BEACH LOUNGE,TUMBONA PLAYA
01t4w00000NumfbAAB,BEACH LOUNG,TUMBONA PLAYA CON COJIN
01t4w00000NumfcAAB,KID BEACH CHAIR,SILLA INFANTIL PLAYA
01t4w00000NumfdAAB,GRAVITY CHAIR,SILLA PLAYA RECLINABLE CON COJIN
01t4w00000NumfeAAB,KID BEACH CHAIR,SILLA INFANTIL PLAYA
01t4w00000NumfgAAB,SWING CHAIR,COLUMPIO BALANCIN TRIPLE
01t4w00000NumfhAAB,KID BEACH LOUNGE,TUMBONA INFANTIL PLEGABLE PLAYA
01t4w00000NumfiAAB,SET KID TABLE AND CHAIRS + UMBRELLA,SET INFANTIL 5 PIEZAS TEXTILENO CON SOMBRILLA
01t4w00000NumfjAAB,SQUARE GAZEBO WITH MOSQUITO NET,GAZEBO CUADRADO CON MOSQUITERA
01t4w00000NumflAAB,KID BEACH LOUNGE,TUMBONA INFANTIL PLEGABLE PLAYA
01t4w00000NumfsAAB,SQUARE GAZEBO RETRACTABLE AWNING,GAZEBO CUADRADO TOLDO RETRACTIL
01t4w00000NumftAAB,SQUARE GAZEBO WITH CURTAINS,GAZEBO CUADRADO CON CORTINAS
01t4w00000NumfuAAB,CIRCULAR GAZEBO WITH CURTAINS,GAZEBO CIRCULAR CON CORTINAS
01t4w00000NumfvAAB,RECTANGULAR GAZEBO WITH BENCHES,GAZEBO RECTANGULAR CON BANCOS
01t4w00000NumgaAAB,"DOLL SET,W/MUSIC",MUÑECA BÁSICA CON ACCESORIOS
01t4w00000NumgbAAB,"DOLL W/DOCTOR SET, W/MUSIC & LIGHT, W/OUT BATTERY,  W.BX",MUÑECA CON ACCESORIOS MÉDICO
01t4w00000NumgcAAB,"DOLL SET,W/MUSIC, W/OUT 3*AAA BATTERY,  W.BX",MUÑECA CON ACCESORIOS
01t4w00000NumgdAAB,"DOLL W/DOCTOR SET, W/MUSIC, W/OUT 3*AAA BATTERY,  W.BX",MUÑECA CON ACCESORIOS
01t4w00000NumgeAAB,CHEF MY KITCHEN,SET DE COCINA 3 EN 1
01t4w00000NumggAAB,"DOLL SET, W/MUSIC, W/OUT 3*AAA BATTERY,  W.BX",MUÑECA CON ACCESORIOS Y VESTIDOS
01t4w00000NumghAAB,"DOLL W/KITCHEN SET,  W/MUSIC & LIGHT , W/OUT 3*AAA BATTERY, W.BX",MUÑECA CON ACCESORIOS COCINA
01t4w00000NumgiAAB,TOOLS DELUXE TOOL SET,SET DE HERRAMIENTAS 3 EN 1
01t4w00000NumgjAAB,CHEF COOKING,SET DE COCINA BÁSICO EN MALETA
01t4w00000NumgkAAB,TOOLS SET,SET BÁSICO DE HERRAMIENTAS EN MALETÍN
01t4w00000NumglAAB,BEAUTY,TOCADOR DE BELLEZA MUSICAL
01t4w00000NumgmAAB,MARKET SET,SET GRANDE SUPERMERCADO CON CANASTA
01t4w00000NumgnAAB,CHEF,SET DE COCINA MOCHILA
01t4w00000NumgoAAB,"DOLL W/DESSERT SET, W/MUSIC & LIGHT, W/OUT BATTERY,  W.BX",MUÑECA CON ACCESORIOS HELADOS
01t4w00000NumgpAAB,TOOLS DELUXE TOOL SET,SET DE HERRAMIENTAS MOCHILA
01t4w00000NumgqAAB,BEAUTY PLAY SET,TOCADOR DE BELLEZA EN MALETÍN
01t4w00000NumgrAAB,LITTLE DOCTOR SET,SET CHICO DE DOCTOR 3 EN 1
01t4w00000NumgsAAB,BOWLING,BOLICHE GRANDE 12 PZAS
01t4w00000NumgtAAB,BOWLING,BOLICHE 7 PZAS
01t4w00000NumguAAB,FAST FOOD,COCINA FAST FOOD
01t4w00000NumgvAAB,PRETTY BAUTY,TOCADOR DE BELLEZA CORAZÓN MUSICAL
01t4w00000NumgwAAB,KITCHEN COOK,"COCINA CON HORNO, LUZ Y SONIDO"
01t4w00000NumgxAAB,SHOPPING CART SET,CARRITO SUPERMERCADO 3 EN 1 CON ACCESORIOS
01t4w00000NumgyAAB,KITCHEN PLAY SET,SET DE COCINA EN MALETÍN
01t4w00000NumgzAAB,BEAUTY SET,SET DE BELLEZA CON JOYAS
01t4w00000Numh0AAB,KITCHEN SET,SET DE COCINA GRANDE
01t4w00000Numh1AAB,BOWLING,BOLICHE MEDIANO 7 PZAS
01t4w00000Numh3AAB,TOOLS,SET DE HERRAMIENTAS CHICO
01t4w00000Numh4AAB,DRAWING BOARD,SET DE DIBUJO BÁSICO
01t4w00000Numh5AAB,DRAWING BOOK,PIZARRA LIBRO
01t4w00000Numh6AAB,GLAMOR MIRROR,TOCADOR DE BELLEZA CON BANCO
01t4w00000Numh7AAB,PAINTING BACKPACK,SET DE DIBUJO NIÑA
01t4w00000Numh8AAB,DRAWING BOARD,PIZARRA MÁGICA SELVA
01t4w00000Numh9AAB,BOWLING,BOLICHE GRANDE 7 PZAS
01t4w00000NumhAAAR,BOWLING,BOLICHE CHICO  7 PZAS
01t4w00000NumhCAAR,PAINTING BACKPACK,SET DE DIBUJO NIÑO
01t4w00000NumhDAAR,DRAWING BOARD,PIZARRA MÁGICA BÁSICA
01t4w00000NumhEAAR,ART CENTER,MESA DOBLE DE DIBUJO
01t4w00000NumhFAAR,RING TOSS,JUEGO DE TIRO CON AROS
01t4w00000NumhGAAR,Tool play set in suitcase,SET DE HERRAMIENTAS EN MALETÍN
01t4w00000NumhHAAR,TOOL SET (include electric drill),SET DE HERRAMIENTAS ROJO
01t4w00000NumhIAAR,LEARNING EASEL,MESA DE DIBUJO BÁSICA
01t4w00000NumhJAAR,LEARNING EASEL,MESA CON PIZARRA
01t4w00000NumhLAAR,3 IN 1 DOCTOR SET  IN A TROLLEY CASE,SET MÉDICO CON MALETÍN
01t4w00000NumhMAAR,Kitchen trolley (can assemble to 3styles),SET DE COCINA MEDIANO
01t4w00000NumhNAAR,TOOL TROLLEY (can assemble to 3styles),SET DE HERRAMIENTAS MEDIANO
01t4w00000NumhOAAR,ARCHERY SET,ARCO CON FLECHAS Y DIANA
01t4w00000NumhQAAR,FLOOR TO DOOR BASKETBALL SET,CANASTA DE BÁSQUETBOL CHICA
01t4w00000NumhRAAR,BASKETBALL SET,CANASTA DE BÁSQUETBOL CON BALÓN
01t4w00000NumhSAAR,SWING,COLUMPIO SILLA
01t4w00000NumhTAAR,SWINGS (6 PCS),COLUMPIO BÁSICO
01t4w00000NumhUAAR,ARCHERY SET,ARCO Y FLECHAS CON BASE
01t4w00000NumhWAAR,3 LEVEL ORGANIZER COAT RACK,PERCHERO ORGANIZADOR 3 NIVELES
01t4w00000NumhXAAR,4 LEVEL SHELF,ESTANTERIA 4 NIVELES
01t4w00000NumhYAAR,4 LEVEL SHELF,ESTANTERIA 4 NIVELES
01t4w00000NumhZAAR,HEXAGONAL GAZEBO WITH CURTAINS,GAZEBO HEXAGONAL CON CORTINAS
01t4w00000NumhbAAB,Archery set,ARCO CON FLECHAS
01t4w00000NumhcAAB,SWING FOR TWO CHILDEN,COLUMPIO DOBLE
01t4w00000NumheAAB,SWING,COLUMPIO LLANTA
01t4w00000NumhfAAB,SQUARE GAZEBO,GAZEBO CUADRADO
01t4w00000NumhgAAB,RECTANGULAR GAZEBO WITH MOSQUITO NET,GAZEBO RECTANGULAR CON MOSQUITERA
01t4w00000NumhhAAB,4 LEVEL SHELF,ESTANTERIA 4 NIVELES
01t4w00000NumhkAAB,DESK TABLE + 4 LEVEL BOOKCASE,MESA ESCRITORIO + LIBRERO 4 NIVELES
01t4w00000NumhlAAB,SIDE TABLE,MESA LATERAL AUXILIAR
01t4w00000NumhmAAB,4 LEVEL SHELF,ESTANTERIA 4 NIVELES
01t4w00000NumhnAAB,OFFICE DESK,MESA ESCRITORIO + LIBRERO 1 NIVEL
01t4w00000NumhoAAB,SHELF,ESTANTERIA 3 NIVELES
01t4w00000NumhpAAB,2 LEVEL ORGANIZER COAT RACK,PERCHERO ORGANIZADOR 2 NIVELES
01t4w00000NumhqAAB,SHOE ORGANIZER SHELF,ORGANIZADOR ZAPATOS 4 NIVELES DOBLE
01t4w00000NumhsAAB,RECTANGULAR GAZEBO WITH MOSQUITO NET,GAZEBO RECTANGULAR CON MOSQUITERA
01t4w00000NumhtAAB,Football door,PORTERÍA
01t4w00000NumhuAAB,BAR STOOL,BANCO BAR ACERO
01t4w00000NumhvAAB,COFFEE TABLE SET,SET MESAS AUXILIARES 3 PIEZAS
01t4w00000NumhwAAB,SHELF,ESTANTERIA 3 NIVELES
01t4w00000NumhxAAB,SHELF,ESTANTERIA 4 NIVELES
01t4w00000NumhyAAB,RECTANGULAR GAZEBO RETRACTABLE AWNING+WALL,GAZEBO RECTANGULAR TOLDO RETRACTIL+PARED
01t4w00000Numi1AAB,Toss game tree (include 6 bags),JUEGO DE TIRO CON CANASTAS
01t4w00000Numi3AAB,Toss bowling game (include 4 bags),JUEGO DE TIRO CON DISCOS
01t4w00000Numi4AAB,Colorful Drawing board,PIZARRA CHICA
01t4w00000Numi5AAB,HEXAGONAL GAZEBO WITH MOSQUITO NET,GAZEBO HEXAGONAL CON MOSQUITERA
01t4w00000Numi8AAB,SHELF,ESTANTERIA 5 NIVELES ORGANIZADOR VASOS
01t4w00000Numi9AAB,DRAWER CABINET 2 LEVELS + 2 SHELVES,CAJONERA 2 NIVELES + 2 ESTANTES
01t4w00000NumiBAAR,ORGANIZER,ORGANIZADOR ZAPATOS COLGANTE 6 NIVELES
01t4w00000NumiCAAR,1 DRAWER SIDEBOARD,APARADOR 1 CAJON
01t4w00000NumiDAAR,DOUBLE ORGANIZER RACK,PERCHERO ORGANIZADOR DOBLE
01t4w00000NumiFAAR,ORGANIZER BOX,CAJA ORGANIZADOR
01t4w00000NumiGAAR,SHELF,ESTANTERIA 4 NIVELES ORGANIZADOR VASOS+VINO
01t4w00000NumiHAAR,SHELF,ESTANTERIA 6 NIVELES ORGANIZADOR VINO
01t4w00000NumiIAAR,SHOE ORGANIZER SHELF,ORGANIZADOR ZAPATOS 4 NIVELES
01t4w00000NumiJAAR,ORGANIZER,ORGANIZADOR ZAPATOS COLGANTE 10 NIVELES
01t4w00000NumiLAAR,Colorful Drawing board,PIZARRA MÁGICA PEZ
01t4w00000NumiMAAR,THE SUITCASE 2 IN 1 Fluorescent writing board,PIZARRA EN MALETÍN
01t4w00000NumiNAAR,4 LEVEL DRAWER CABINET,CAJONERA 4 NIVELES
01t4w00000NumiOAAR,5 LEVEL DRAWER CABINET,CAJONERA 5 NIVELES
01t4w00000NumiRAAR,LEARNING DESK(black and wihte board),MESA APRENDIZAJE CON PIZARRA ROJA
01t4w00000NumiSAAR,SHOE ORGANIZER SHELF,ORGANIZADOR ZAPATOS 2 NIVELES
01t4w00000NumiTAAR,SHOE ORGANIZER SHELF,ORGANIZADOR ZAPATOS 3 NIVELES
01t4w00000NumiUAAR,Magnetic colorfual Drawing board,PIZARRA GRANDE
01t4w00000NumiVAAR,BUILDING BLOCKS,BLOQUES BÁSICOS PLASTICO
01t4w00000NumiWAAR,ORGANIZER BOX,ORGANIZADOR ROPA
01t4w00000NumiXAAR,LEARNING DESK,MESA CON PIZARRA ROSA
01t4w00000NumiYAAR,SQUARE GAZEBO WITH VISOR+WALL,GAZEBO CUADRADO CON VISERA+PARED
01t4w00000NumibAAB,ORGANIZER BOX,CAJA ORGANIZADOR
01t4w00000NumicAAB,ORGANIZER BOX,CAJA ORGANIZADOR
01t4w00000NumidAAB,RECTANGULAR GAZEBO WITH CURTAINS,GAZEBO RECTANGULAR CON CORTINAS
01t4w00000NumieAAB,RECTANGULAR GAZEBO WITH VISOR,GAZEBO RECTANGULAR CON VISERA
01t4w00000NumifAAB,LEARNING DESK,MESA CON PIZARRA Y BANCO NIÑO
01t4w00000NumigAAB,BILLIARDS,MESA DE BILLAR
01t4w00000NumihAAB,ICE HOCKEY,MESA DE HOCKEY
01t4w00000NumijAAB,SQUARE GAZEBO WITH MOSQUITO NET,GAZEBO CUADRADO CON MOSQUITERA
01t4w00000NumimAAB,RECTANGULAR GAZEBO RETRACTABLE AWNING,GAZEBO RECTANGULAR TOLDO RETRACTIL
01t4w00000NuminAAB,SQUARE GAZEBO,GAZEBO CUADRADO
01t4w00000NumioAAB,HEXAGONAL POLYESTER TENT WITH BAR,CARPA POLIESTER HEXAGONAL CON BARRA
01t4w00000NumipAAB,SQUARE GAZEBO,GAZEBO CUADRADO
01t4w00000NumirAAB,SQUARE GAZEBO WITH BAR+MOSQUITO NET,GAZEBO CUADRADO CON BARRAS BAR+MOSQUITERA
01t4w00000NumisAAB,RECTANGULAR GAZEBO WITH BENCHES+MOSQUITO NET,GAZEBO RECTANGULAR CON BANCOS+MOSQUITERA
01t4w00000NumitAAB,DOUBLE POLYESTER TENT,CARPA POLIESTER DOBLE
01t4w00000NumivAAB,CHILDREN'S TENT WITH CURTAIN,CARPA INFANTIL CON CORTINA
01t4w00000NumiwAAB,CHILDREN'S TENT,CARPA INFANTIL
01t4w00000NumixAAB,POLYESTER PARASOL TENT,CARPA POLIESTER SOMBRILLA
01t4w00000NumiyAAB,SWING HAMMOCK BED WITH MOSQUITO NET,COLUMPIO HAMACA CAMA CON MOSQUITERA
01t4w00000NumizAAB,ORGANIZER BOX,CAJA ORGANIZADOR
01t4w00000Numj0AAB,PADDED HANGING SWING,COLUMPIO COLGANTE ACOLCHADO
01t4w00000Numj1AAB,SWING HAMMOCK BED,COLUMPIO HAMACA CAMA
01t4w00000Numj2AAB,GAZEBO TYPE DOUBLE ROCKER SWING,COLUMPIO BALANCIN DOBLE TIPO GAZEBO
01t4w00000Numj3AAB,DOUBLE ROCKING SWING,COLUMPIO BALANCIN DOBLE
01t4w00000Numj4AAB,TRIPLE ROCKING SWING,COLUMPIO BALANCIN TRIPLE
01t4w00000Numj5AAB,STEEL PE Rattan Chair,SILLA COMEDOR ALUMINIO RATTAN
01t4w00000Numj6AAB,STEEL PE Rattan SOFA,BANCO RATTAN
01t4w00000Numj7AAB,STEEL PE Rattan Chair,SILLA COMEDOR RATAN
01t4w00000NumjAAAR,STEEL PE Rattan Chair,SILLA COMEDOR TELA
01t4w00000NumjBAAR,STEEL PE Rattan Chair,SILLA COMEDOR RATAN
01t4w00000NumjCAAR,STEEL Rope Chair,SILLA COMEDOR RATTAN CON COJIN
01t4w00000NumjDAAR,STEEL PE Rattan Chair,SILLA COMEDOR TELA
01t4w00000NumjFAAR,STEEL PE Rattan Chair,SILLA COMEDOR RATTAN
01t4w00000NumjGAAR,STEEL PE Rattan Chair,SILLA COMEDOR RATTAN
01t4w00000NumjHAAR,STEEL PE Rattan Chair,SILLA COMEDOR RATTAN
01t4w00000NumjIAAR,STEEL PE Rattan Chair,BANCO RATTAN
01t4w00000NumkaAAB,FLOOR HEATER 400/800/1200W OSCILLATING,CALENTADOR PISO 400/800/1200W OSCILANTE
01t4w00000NumkcAAB,FLOOR HEATER 400/800/1200/1600W OSCILLATING,CALENTADOR PISO 400/800/1200/1600W OSCILANTE
01t4w00000NumkiAAB,ANIMAL CHILDREN'S BENCH,BANCO INFANTIL ANIMAL
01t4w00000NumkjAAB,ANIMAL CHILDREN'S BENCH WITH STORAGE,BANCO INFANTIL ANIMAL CON ALMACENAJE
01t4w00000NumkkAAB,ANIMAL CHILDREN'S BENCH,BANCO INFANTIL ANIMAL
01t4w00000NumkmAAB,2000W OIL RADIATOR WITH WHEELS,RADIADOR ACEITE 2000W CON RUEDAS
01t4w00000NumknAAB,2000W OIL RADIATOR LCD SCREEN WITH WHEELS,RADIADOR ACEITE 2000W PANTALLA LCD CON RUEDAS
01t4w00000NumkoAAB,1000W OIL RADIATOR,RADIADOR ACEITE 1000W
01t4w00000NumkqAAB,ANIMAL CHILDREN'S BENCH WITH STORAGE,BANCO INFANTIL ANIMAL CON ALMACENAJE
01t4w00000NumkrAAB,ANIMAL CHILDREN'S BENCH,BANCO INFANTIL ANIMAL
01t4w00000NumkxAAB,PATIO HEATER 650/1350/2000W FLOOR/SIDE,CALENTADOR PATIO 650/1350/2000W PISO/LATERAL
01t4w00000NumkyAAB,ANIMAL CHILDREN'S BENCH,BANCO INFANTIL ANIMAL
01t4w00000Numl0AAB,1500W OIL FREE RADIATOR WITH WHEELS,RADIADOR LIBRE ACEITE 1500W CON RUEDAS
01t4w00000Numl1AAB,OIL FREE RADIATOR 600W,RADIADOR LIBRE ACEITE 600W
01t4w00000Numl3AAB,ANIMAL CHILDREN'S BENCH,BANCO INFANTIL ANIMAL
01t4w00000Numl4AAB,ANIMAL CHILDREN'S BENCH WITH STORAGE,BANCO INFANTIL ANIMAL CON ALMACENAJE
01t4w00000Numl7AAB,ANIMAL CHILDREN'S BENCH WITH STORAGE,BANCO INFANTIL ANIMAL CON ALMACENAJE
01t4w00000Numl8AAB,OIL FREE RADIATOR 1500W LCD DISPLAY WITH WHEELS,RADIADOR LIBRE ACEITE 1500W DISPLAY LCD CON RUEDAS
01t4w00000NummKAAR,students style doll  ?9 different kinds  ),MUÑECAS EN MINIATURA COLECCIONABLES FASHION
01t4w00000NummLAAR,lovely style (12 different kinds miexed ),MUÑECAS EN MINIATURA COLECCIONABLES
01t4w00000NummMAAR,animal style (12 different kinds miexed ),MUÑECAS EN MINIATURA COLECCIONABLES ANIMALITOS
01t4w00000NummNAAR,Retro series,MUÑECAS COLECCIONABLES
01t4w00000NummOAAR,fruits doll  ? 8 different kinds fruit,MUÑECAS EN MINIATURA COLECCIONABLES FRUTAS
01t4w00000NummPAAR,Retro series,MUÑECAS COLECCIONABLES CON SOMBRILLA
01t4w00000NummQAAR,Retro series,MUÑECAS COLECCIONABLES
01t4w00000NummRAAR,Retro series,MUÑECAS COLECCIONABLES
01t4w00000NummSAAR,Profession series,MUÑECAS COLECCIONABLES
01t4w00000NummTAAR,Retro series,MUÑECAS COLECCIONABLES BRUJITA
01t4w00000NummUAAR,New year style,MUÑECAS COLECCIONABLES
01t4w00000NummVAAR,Profession series,MUÑECAS COLECCIONABLES
01t4w00000NummWAAR,Profession series,MUÑECAS COLECCIONABLES TRENSAS
01t4w00000NummXAAR,Fluffy series,MUÑECAS COLECCIONABLES SHARK
01t4w00000NummYAAR,Profession series,MUÑECAS COLECCIONABLES ARTE
01t4w00000NummZAAR,Profession series,MUÑECAS COLECCIONABLES CHEF
01t4w00000NummaAAB,Profession series,MUÑECAS COLECCIONABLES ENFERMERA
01t4w00000NummbAAB,Profession series,"MUÑECAS COLECCIONABLES ""SAILOR"""
01t4w00000NummcAAB,Fluffy series,MUÑECAS COLECCIONABLES DISFRAZ
01t4w00000NummdAAB,Profession series,MUÑECAS COLECCIONABLES MÉDICO
01t4w00000NummeAAB,Profession series,MUÑECAS COLECCIONABLES
01t4w00000NummfAAB,Fluffy series,MUÑECAS COLECCIONABLES
01t4w00000NumoDAAR,Pastoral series,MUÑECAS COLECCIONABLES PASTORCITA
01t4w00000NumoEAAR,Pastoral series,MUÑECAS COLECCIONABLES CANASTA
01t4w00000NumoFAAR,Pastoral series,MUÑECAS COLECCIONABLES FRUTA
01t4w00000NumoHAAR,Leisour series,MUÑECAS COLECCIONABLES CAMPO
01t4w00000NumoIAAR,Couple set,MUÑECAS COLECCIONABLES BUENAS NOCHES
01t4w00000NumoJAAR,Leisour series,MUÑECAS COLECCIONABLES
01t4w00000NumoKAAR,Leisour series,MUÑECAS COLECCIONABLES
01t4w00000NumoLAAR,Pastoral series,MUÑECAS COLECCIONABLES
01t4w00000NumoNAAR,Leisour series,MUÑECAS COLECCIONABLES
01t4w00000NumoOAAR,Leisour series,MUÑECAS COLECCIONABLES BANANA
01t4w00000NumoPAAR,Princess series,MUÑECAS COLECCIONABLES PRINCESA ROSA
01t4w00000NumoRAAR,Princess series,MUÑECAS COLECCIONABLES
01t4w00000NumoSAAR,Princess series,MUÑECAS COLECCIONABLES PRINCESA
01t4w00000NumoTAAR,Couple set,MUÑECAS COLECCIONABLES DE VIAJE
01t4w00000NumoUAAR,Banggu,MUÑECAS COLECCIONABLES LLUVIA
01t4w00000NumoVAAR,Banggu,MUÑECAS COLECCIONABLES SPORT
01t4w00000NumoWAAR,Couple set,MUÑECAS COLECCIONABLES INVIERNO
01t4w00000NumoXAAR,Gift set with bag,MUÑECAS COLECCIONABLES OSITO
01t4w00000NumoYAAR,Gift set with bag,MUÑECAS COLECCIONABLES CORAZONES
01t4w00000NumokAAB,With English IC Sound Dinosaur Track ( With 3*AG13),PISTA DINOSAURIO AUTOS
01t4w00000NumolAAB,Turn Dinosaur Track With 12 Alloy Cars,PISTA DRAGÓN - ARAÑA
01t4w00000NumorAAB,BAMBOO DESK ORGANIZER,ORGANIZADOR ESCRITORIO 2 CAJONES BAMBÚ
01t4w00000NumosAAB,Pull Feet Coasters,PISTA RACING
01t4w00000NumowAAB,Spinning car park,GARAGE BÁSICO
01t4w00000NumoxAAB,Pterosaur with spray lighting dinosaur,PISTA PTERODÁCTILO
01t4w00000NumozAAB,Bone dragon with spray lighting dinosaur,PISTA ESQUELETO DINOSAURIO
01t4w00000Nump0AAB,Big foot car track,VEHÍCULOS CON OBSTÁCULOS
01t4w00000Nump1AAB,Doble Way In One Rotatry  Alloy Car Track,PISTA RACING LOOP RETO
01t4w00000Nump2AAB,Brachiosaurus mountain rescue with spray light dinosaur,PISTA DINOSAURIO
01t4w00000Nump3AAB,With English IC Sound Lion Track,PISTA LEÓN
01t4w00000Nump7AAB,Engineering construction site + color mud,PISTA CONSTRUCCIÓN
01t4w00000Nump8AAB,Hammer The Rotary Jump Alloy Car Track,PISTA CON LANZADOR Y LOOP
01t4w00000Nump9AAB,Slope Set Alloy Track,PISTA BÁSICA CON LANZADOR Y ACCESORIOS
01t4w00000NumpGAAR,Tyrannosaurus rex with spray,PISTA DINOSAURIO T-REX
01t4w00000NumpHAAR,Spinning race car park,ESTACIÓN DE BOMBEROS CON ACCESORIOS
01t4w00000NumpIAAR,With English IC Sound Lion Track,PISTA DINOSAURIO
01t4w00000NumpJAAR,Lift fire parking lot,ESTACIÓN DE BOMBEROS CON ACCESORIOS GRANDE
01t4w00000NumpKAAR,With English IC Sound Gorilla Track,PISTA GORILA
01t4w00000NumpLAAR,Double Way In One Jumping Alloy Car Track,PISTA RACIN LOOP HOP
01t4w00000NumpPAAR,Jumping Basket Track Car,PISTA LAUNCH LOOP SCORE
01t4w00000NumpRAAR,Lock Spider Alloy Car Track,PISTA ARAÑA DISPARO
01t4w00000NumpYAAR,Fire Gate Alloy Track,PISTA BÁSICA
01t4w00000NumpcAAB,Kids Slide,TOBOGÁN GRANDE
01t4w00000NumpeAAB,Kids Flower Folding Slide,TOBOGÁN CHICO
01t4w00000NumpgAAB,With English IC Sound Dinosaur Track,PISTA DINOSAURIO LANZADOR
01t4w00000NumphAAB,Kids Slide & Climber,CASITA CON TOBOGÁN
01t4w00000NumpnAAB,Dinosaur Track,PISTA DINOSAURIO T-REX GRANDE
01t4w00000NumpoAAB,Lift car park + space sand,GARAGE CON OBSTÁCULOS
01t4w00000NumpqAAB,Kids Slide & Climber,CENTRO DE JUEGOS CON TOBOGÁN
01t4w00000NumptAAB,Engineering crane,PISTA DE CONSTRUCCIÓN CON ACCESORIOS
01t4w00000NumpwAAB,Police lift car park,ESTACIÓN DE POLICÍA
01t4w00000NumpxAAB,Engineering conveyor,SET DE CONSTRUCCIÓN BÁSICO
01t4w00000NumpyAAB,engineering crane,PISTA DE CONSTRUCCIÓN GRUA
01t4w00000Numq2AAB,Spinning race car park,GARAGE CON ACCESORIOS
01t4w00000NumqAAAR,Kids Bookshelf,ESTANTE
01t4w00000NumqBAAR,Kids Toy Organizer,ORGANIZADOR
01t4w00000NumqDAAR,Kids Toy Organizer,ORGANIZADOR
01t4w00000NumqGAAR,Kids Toy Organizer,ORGANIZADOR
01t4w00000NumqHAAR,Kids Toy Organizer,ORGANIZADOR
01t4w00000NumqIAAR,Kids Toy Organizer,ORGANIZADOR
01t4w00000NumqJAAR,2-IN-1 Kids Rocking Horse & Chair,2 EN 1 CABALLO MECEDORA ESCALERA
01t4w00000NumqNAAR,Kids Playhouse,CASITA BÁSICA
01t4w00000NumqQAAR,Kids Playhouse,CASITA CON CHIMENEA
01t4w00000NumqRAAR,EMILY,MUÑECA EMILY CON MASCOTA
01t4w00000NumqSAAR,EMILY,MUÑECA EMILY FASHION
01t4w00000NumqTAAR,MULISHA,MUÑECA MULISHA OBEJA
01t4w00000NumqUAAR,HAIR DESING,CREA TUS PEINADOS CON TRENZADOR
01t4w00000NumqWAAR,EMILY,MUÑECA EMILY SIRENA
01t4w00000NumqaAAB,EMILY,MUÑECA EMILY SIRENA CON MASCOTA
01t4w00000NumqbAAB,NAIL ART & TATOO,DISEÑA TUS UÑAS SPA
01t4w00000NumqiAAB,EMILY,MUÑECA EMILY SIRENA LENTEJUELAS
01t4w00000NumqkAAB,COOKING MASTER,SET DE COCINA
01t4w00000NumqlAAB,COOKING MASTER,CARRITO SUPERMERCADO BÁSICO METÁLICO
01t4w00000NumqpAAB,EMILY,MUÑECA EMILY CON ACCESORIOS NIÑA
01t4w00000NumqrAAB,MULISHA,MUÑECA MULISHA CONEJO
01t4w00000NumqsAAB,10.5 INCHES COTTON DOLL SET,BEBÉ CON ACCESORIOS
01t4w00000NumqtAAB,13 INCHES INTERACTIVE INDUCTION DOLL,BEBÉ INTERACTIVO
01t4w00000NumqwAAB,16 INCH DOLL WITH PLAY BLANKET,BEBÉ CON ACCESORIOS GIMNASIO
01t4w00000NumqzAAB,SMALL SIZE SINGLE-HEADED DRAGON,DRAGÓN CON SONIDO
01t4w00000Numr0AAB,COOKING MASTER,SET DE COCINA CON CANASTA
01t4w00000Numr1AAB,COOKING MASTER,SET DE COCINA CON SERVILLETAS
01t4w00000Numr2AAB,COOKING MASTER,SET DE COCINA CON VERDURAS
01t4w00000Numr3AAB,HAIR DESING,CREA TUS PEINADOS CON JOYAS
01t4w00000Numr5AAB,HAIR DESING,CREA TUS PEINADOS BÁSICO
01t4w00000Numr6AAB,KNITTING PLAY SET,CREA TUS TEJIDOS GRANDE
01t4w00000Numr7AAB,KNITTING PLAY SET,CREA TUS TEJIDOS BÁSICO
01t4w00000Numr8AAB,NAIL ART & TATOO,DISEÑA TUS UÑAS MEDIANO
01t4w00000Numr9AAB,TEDDY BEAR W/HAT&SKIRT,PELUCHE 28 CM OSO CON ROPA DE DORMIR
01t4w00000NumrAAAR,COOKING MASTER,COCINA BÁSICA DE MADERA CON ACCESORIOS
01t4w00000NumrBAAR,COOKING MASTER,JUEGO DE TÉ BÁSICO ROSA
01t4w00000NumrCAAR,COOKING MASTER,SET DE COCINA CON MALETÍN
01t4w00000NumrDAAR,COOKING MASTER,JUEGO DE TÉ CON CUCHARAS
01t4w00000NumrEAAR,COOKING MASTER,JUEGO DE TÉ BÁSICO COLORES
01t4w00000NumrFAAR,HAIR DESING,CREA TUS PEINADOS GRANDE
01t4w00000NumrIAAR,COOKING MASTER,JUEGO DE TÉ BÁSICO AZUL
01t4w00000NumrJAAR,NAIL ART & TATOO,DISEÑA TUS UÑAS GRANDE
01t4w00000NumrKAAR,DONKEY,PELUCHE 22 CM BURRO
01t4w00000NumrMAAR,COOKING MASTER,JUEGO DE TÉ CON PARRILLA PORTABLE
01t4w00000NumrNAAR,BAMBOO STATION,ESTACION CARGA BAMBÚ
01t4w00000NumrOAAR,DOG W/SKIRT,PELUCHE 20 CM CONEJO (EL Y ELLA)
01t4w00000NumrPAAR,TEDDY BEAR W/PILLOW&HAT,PELUCHE 28 CM OSO CON GORRO Y ALMOHADA
01t4w00000NumrQAAR,TEDDY BEAR W/CLOTHES,PELUCHE 28 CM OSO CON PANTALÓN Y CAMISA
01t4w00000NumrRAAR,MOUSE W/BOWTIE,RATON CON MOÑO
01t4w00000NumrSAAR,FUNNY COW,VACA CON FLORES
01t4w00000NumrTAAR,TEDDY BEAR W/SKIRT,PELUCHE 28 CM OSO CON VESTIDO Y MOÑO
01t4w00000NumrUAAR,SHEEP,PELUCHE 28 CM OVEJA
01t4w00000NumrVAAR,2 ASST MOUSE,RATÓN
01t4w00000NumrXAAR,RABBIT W/CARROT,PELUCHE 25 CM CONEJO CON ZANAHORIA
01t4w00000NumrYAAR,2 ASST RABBIT,PELUCHE 18 CM CONEJO
01t4w00000NumraAAB,COW,VACA CON PARCHES
01t4w00000NumrbAAB,FUNNY MOUSE,RATÓN
01t4w00000NumrcAAB,3 ASST COWW/LONG LEG,VACA CON MANCHAS
01t4w00000NumrdAAB,2 ASST HORSE,PELUCHE 20 CM CABALLO
01t4w00000NumreAAB,CUTE DONKEY,PELUCHE 25 CM BURRO
01t4w00000NumrfAAB,2 ASST RABBITS W/SKIRT,PELUCHE 25 CM CONEJO CON ROPA
01t4w00000NumrgAAB,MONKEY,PELUCHE 28 CM MONO
01t4w00000NumrhAAB,3 ASST UNICORN,UNICORNIO
01t4w00000NumriAAB,CAT,PELUCHE 28 CM GATO
01t4w00000NumrjAAB,ELEPHANT,PELUCHE 22 CM ELEFANTE
01t4w00000NumrlAAB,DAD DUCK,PELUCHE 25 CM PATO
01t4w00000NumrmAAB,2 ASST BEAR W/PHOTO FRAME&GIFT,PELUCHE 18 CM OSO CON PORTARETRATO
01t4w00000NumrnAAB,CAT,PELUCHE 21 CM GATO
01t4w00000NumroAAB,"TOWER FAN 31"" 40W TOUCH 3 SPEEDS OSCILLATING","VENTILADOR TORRE 31"" 40W TOUCH 3 VELOCIDADES OSCILANTE"
01t4w00000NumruAAB,FAN WITH REMOTE CONTROL,"VENTILADOR NEBULIZADOR 16"" 90W TANQUE 3.1 LT"
01t4w00000NumrvAAB,FAN WITH WATER TANK 3L.,"VENTILADOR NEBULIZADOR 16"" 90W TANQUE 3 LT"
01t4w00000NumrwAAB,FAN WITH WATER TANK 2.8L.,"VENTILADOR NEBULIZADOR 16"" 90W TANQUE 2.8 LT"
01t4w00000NumrzAAB,FAN 4 BLADES,"VENTILADOR SOBREMESA 12"" 35W 3 VELOCIDADES OSCILANTE"
01t4w00000Nums1AAB,Swivel Kids Armchair,SILLÓN GIRATORIO INFANTIL
01t4w00000Nums2AAB,Kids Armchair with Ottoman,SILLON + OTTOMAN INFANTIL
01t4w00000NumuxAAB,SPRAYER,FUMIGADOR 2 LITROS CON BOTON SEGURIDAD
01t4w00000Numv7AAB,SPRAYER,"FUMIGADOR 1,5 LITROS"
01t4w00000Numv8AAB,SPRAYER,FUMIGADOR 8 LITROS
01t4w00000Numv9AAB,SPRAYER 6L.,FUMIGADOR MOCHILA 6 LITROS
01t4w00000NumvCAAR,SPRAYER,FUMIGADOR 2 LITROS
01t4w00000NumvDAAR,SPRAYER,FUMIGADOR 3 LITROS
01t4w00000NumvFAAR,SPRAYER,FUMIGADOR CARRO 12 LITROS
01t4w00000NumvGAAR,SPRAYER 8L,FUMIGADOR  MOCHILA 8 LITROS
01t4w00000NumvIAAR,SPRAYER,FUMIGADOR MOCHILA 12 LITROS
01t4w00000NumvLAAR,SPRAYER,FUMIGADOR MOCHILA 16 LITROS
01t4w00000NumvaAAB,BAR STOOL,BANCO BAR SEVILLA
01t4w00000NumvfAAB,AWNING,TOLDO RETRACTIL
01t4w00000NumvlAAB,AWNING,TOLDO RETRACTIL
01t4w00000NumvmAAB,DINNING CHAIR,SILLA COMEDOR MADERA
01t4w00000NumvnAAB,AUXILIAR BOOKSHELF TABLE,MESA AUXILIAR LIBRERO
01t4w00000NumvoAAB,SIDEBOARD,APARADOR 3 PUERTAS
01t4w00000NumvpAAB,DINNING CHAIR,SILLA COMEDOR MADERA ACOLCHADA
01t4w00000NumvsAAB,DINNING CHAIR,SILLA COMEDOR TELA
01t4w00000NumvtAAB,AUXILIAR BOOKSHELF TABLE,MESA AUXILIAR LIBRERO
01t4w00000NumvuAAB,5 DRAWER CABINET,APARADOR 5 CAJONES
01t4w00000NumvvAAB,DINNING CHAIR,SILLA DE COMEDOR
01t4w00000NumvwAAB,SIDE TABLE,MESA AUXILIAR
01t4w00000NumvxAAB,COFFEE TABLE,MESA AUXILIAR
01t4w00000NumvyAAB,COFFEE TABLE,MESA AUXILIAR
01t4w00000Numw1AAB,AUXILIAR BOOKSHELF TABLE,MESA AUXILIAR LIBRERO
01t4w00000Numw2AAB,NIGHT STAND,MESA BURO 2 CAJONES
01t4w00000Numw3AAB,NIGHT STAND,MESA BURO 2 CAJONES
01t4w00000Numw4AAB,WORK DESK,MESA ESCRITORIO
01t4w00000Numw5AAB,SIDE TABLE,MESA AUXILIAR
01t4w00000Numw8AAB,Kids Armchair,BANCO INFANTIL
01t4w00000Numw9AAB,Kids Armchair,SILLON INFANTIL
01t4w00000NumwAAAR,NIGHT STAND,MESA BURO 1 CAJON
01t4w00000NumwBAAR,NIGHT STAND,MESA BURO 2 CAJONES
01t4w00000NumwEAAR,WORK DESK,MESA ESCRITORIO
01t4w00000NumwFAAR,SIDE TABLE,MESA AUXILIAR
01t4w00000NumwHAAR,Full foam kids sofa,SILLON INFANTIL NIÑA
01t4w00000NumwIAAR,Full foam kids sofa,SILLON INFANTIL NIÑO
01t4w00000NumwJAAR,3 IN 1 Full Foam foldable sofa chair,SILLON INFANTIL+SOFA TRANSFORMER
01t4w00000NumwKAAR,Storage Chair and Table set,SILLON INFANTIL+MESA TRANSFORMER
01t4w00000NumwLAAR,DINNING CHAIR,SILLA COMEDOR MADERA
01t4w00000NumwMAAR,SIDE TABLE,MESA AUXILIAR
01t4w00000NumwNAAR,SIDE TABLE,MESA AUXILIAR
01t4w00000NumwOAAR,COFFEE TABLE,MESA AUXILIAR
01t4w00000NumwUAAR,DINNING TABLE,MESA COMEDOR REDONDA CRISTAL
01t4w00000NumwVAAR,SET NESTING SIDE TABLES,SET MESAS AUXILIARES 2 PIEZAS
01t4w00000NumwWAAR,SIDE TABLE,MESA AUXILIAR
01t4w00000NumwXAAR,COFFEE TABLE,SET MESAS AUXILIARES 2 PIEZAS
01t4w00000NumwYAAR,COFFEE TABLE,MESA AUXILIAR
01t4w00000NumweAAB,Coffee table,MESA AUXILIAR
01t4w00000NumwfAAB,Kitchen Trolley,CARRITO ORGANIZADOR COCINA 3 NIVELES
01t4w00000NumwgAAB,Coffee table,MESA AUXILIAR
01t4w00000NumwhAAB,Set 2 coffee table,SET MESAS AUXILIARES 2 PIEZAS
01t4w00000NumwiAAB,Coffee table,MESA AUXILIAR CON REVISTERO
01t4w00000NumwjAAB,Kitchen Trolley,CARRITO ORGANIZADOR COCINA 2 NIVELES
01t4w00000NumwlAAB,SIDE TABLE,MESA AUXILIAR
01t4w00000NumwmAAB,SIDE TABLE,SET MESAS AUXILIARES 2 PIEZAS
01t4w00000NumwnAAB,COFFEE TABLE,MESA AUXILIAR
01t4w00000NumwoAAB,Kitchen Trolley,CARRITO ORGANIZADOR COCINA 3 NIVELES
01t4w00000NumwpAAB,Bathroom Mirror,ESPEJO RECAMARA REGULABLE ALTURA
01t4w00000NumwqAAB,Bathroom Mirror,ESPEJO BAÑO+ESTANTERIA 3 NIVELES
01t4w00000NumwrAAB,COFFEE TABLE,MESA AUXILIAR
01t4w00000NumwsAAB,SIDE TABLE,MESA AUXILIAR
01t4w00000NumwtAAB,COFFEE TABLE,MESA AUXILIAR
01t4w00000NumwvAAB,COFFEE TABLE,MESA AUXILIAR
01t4w00000NumwwAAB,SIDE TABLE,MESA LATERAL AUXILIAR
01t4w00000NumwxAAB,SIDE TABLE,MESA AUXILIAR
01t4w00000NumwzAAB,SET NESTING COFFEE TABLE,SET MESAS AUXILIARES 2 PIEZAS
01t4w00000Numx0AAB,SET NESTINGING SIDE TABLES,SET MESAS AUXILIARES 2 PIEZAS
01t4w00000Numx1AAB,SET NESTING COFFEE TABLE,MESA AUXILIAR
01t4w00000Numx2AAB,ORGANIZER BOX,ORGANIZADOR ESCRITORIO 2 CAJONES BAMBÚ
01t4w00000Numx3AAB,SET NESTING COFFEE TABLE,MESA AUXILIAR
01t4w00000Numx5AAB,ORGANIZER BOX,ORGANIZADOR ESCRITORIO 3 CAJONES BAMBÚ
01t4w00000Numx6AAB,SET NESTING SIDE TABLES,SET MESAS AUXILIARES 2 PIEZAS
01t4w00000Numx7AAB,EXTENDABLE DESKTOP FILE,ARCHIVADOR ESCRITORIO EXTENSIBLE SIN AGENDA BAMBÚ
01t4w00000Numx8AAB,SET NESTING COFFEE TABLE,SET MESAS AUXILIARES 2 PIEZAS
01t4w00000Numx9AAB,ORGANIZER BOX,ORGANIZADOR ESCRITORIO BAMBU
01t4w00000NumxAAAR,SET NESTING SIDE TABLES,SET MESAS AUXILIARES 2 PIEZAS
01t4w00000NumxBAAR,SIDE TABLE,MESA AUXILIAR
01t4w00000NumxCAAR,SET NESTING SIDE TABLES,SET MESAS AUXILIARES 2 PIEZAS
01t4w00000NumxDAAR,SIDE TABLE,MESA AUXILIAR DOBLE
01t4w00000NumxEAAR,SET NESTING SIDE TABLE,SET MESAS AUXILIARES 2 PIEZAS
01t4w00000NumxFAAR,COFFEE TABLE,MESA AUXILIAR DOBLE
01t4w00000NumxGAAR,SET NESTING SIDE TABLE,SET MESAS AUXILIARES 3 PIEZAS
01t4w00000NumxHAAR,SIDE TABLE,MESA AUXILIAR
01t4w00000NumxIAAR,SIDE TABLE,MESA AUXILIAR DOBLE
01t4w00000NumxJAAR,SET NESTING SIDE TABLE,SET MESAS AUXILIARES 2 PIEZAS
01t4w00000NumxKAAR,SIDE TABLE,MESA AUXILIAR
01t4w00000NumxLAAR,SET NESTING SIDE TABLES,SET MESAS AUXILIARES 2 PIEZAS
01t4w00000NumxOAAR,SIDE TABLE,MESA LATERAL AUXILIAR
01t4w00000NumxPAAR,BAMBOO BOOK STAND,ATRIL LIBROS BAMBÚ
01t4w00000NumxQAAR,BAMBOO AUXILIARY TRAY,BANDEJA AUXILIAR BAMBÚ
01t4w00000NumxRAAR,DESK ORGANIZER 1 DRAWER BAMBOO,ORGANIZADOR ESCRITORIO 1 CAJON BAMBÚ
01t4w00000NumxSAAR,LAPTOP TABLE,BANDEJA LAPTOP BAMBÚ
01t4w00000NumxTAAR,ORGANIZER BOX,ORGANIZADOR ESCRITORIO BAMBÚ
01t4w00000NumxUAAR,ORGANIZER BOX,ORGANIZADOR ESCRITORIO 4 PIEZAS BAMBOO
01t4w00000NumxVAAR,SET NESTING COFFEE TABLE,SET MESAS AUXILIARES 2 PIEZAS
01t4w00000NumxWAAR,ORGANIZER BOX,ORGANIZADOR ESCRITORIO BAMBÚ
01t4w00000Nun0CAAR,Hexagonal Shelf,REPISA MAGICA HEXAGONAL
01t4w00000Nun0GAAR,BURNER PORTABLE,HORNILLO A GAS BUTANO 2.5 KW REDONDO
01t4w00000Nun0LAAR,BURNER PORTABLE,HORNILLO A GAS BUTANO 2.5 KW DOBLE
01t4w00000Nun0NAAR,Hexagonal Shelf (3 pcs),REPISA MAGICA HEXAGONALES
01t4w00000Nun0PAAR,PLANTS WATERING,REGADERA 3 LITROS
01t4w00000Nun0QAAR,7 LITER WATERING CAN,REGADERAS 7 LITROS
01t4w00000Nun0SAAR,WATERING CAN 5 LITERS,REGADERA 5 LITROS
01t4w00000Nun0TAAR,WATERING CAN 13 LITERS,REGADERA 13 LITROS
01t4w00000Nun0UAAR,PLANTS WATERING,REGADERA 3 LITROS CON TAPA
01t4w00000Nun0VAAR,ELECTRIC INTELLIGENT IDENTIFICATION TRACK (DINOSAUR THEME PARK),PISTA DINOSAURIOS 115 PZAS
01t4w00000Nun0WAAR,RETURN VEHICLE DINOSAUR TRACK (1 CAR) (JUST 2 LUPS!!!),PISTA DINOSAURIO ESPIRAL
01t4w00000Nun0YAAR,PULL BACK CAR SHARK TRACK (2 CARS) (JUST 2 LUPS!!!),PISTA TIBURÓN
01t4w00000Nun0aAAB,DINOSAUR RAILCAR,PISTA DINOSAURIO TREN
01t4w00000Nun0bAAB,1:16 RC CLIMBING CAR 2.4G,VEHÍCULO RADIO CONTROL
01t4w00000Nun0cAAB,ANIMAL ALLOY CAR DINOSAUR TRACK COMBINATION (1 CAR),PISTA DINOSAURIO ONE LOOP
01t4w00000Nun0dAAB,RETURN RACING  TRACK SET COMBINATION (1 CAR),PISTA BÁSICA CON LOOP
01t4w00000Nun0eAAB,STEGOSAURUS SWASH TAIL SPRAY LIGTH DINOSAUR IC EJECTION TRACK,PISTA STEGOSAURUS
01t4w00000Nun0fAAB,A CIRCLE OF 360º RETURN FORCE JUMPING SNAK TRACK,PISTA SERPIENTE
01t4w00000Nun0hAAB,5 LITER WATERING CAN WITH LID,REGADERA 5 LITROS CON TAPA
01t4w00000Nun0iAAB,9 LITER WATERING CAN WITH LID,REGADERA 9 LITROS CON TAPA
01t4w00000Nun0jAAB,BONE TAP CATAPULT SPIDER ARCH TRACK (WITH 1 ALLOY CAR),PISTA ARAÑA
01t4w00000Nun0kAAB,1:16 WATERMARK SIMULATION RC VEHICLE,VEHÍCULO RADIO CONTROL
01t4w00000Nun0mAAB,DEFORMED ROBOT TRACK WITH 1 ALLOY CAR,PISTA ROBOT
01t4w00000Nun0nAAB,360º PULL BACK DINOSAUR ORBIT,PISTA DINOSAURIO
01t4w00000Nun0oAAB,PARKING LOT,GARAGE CON ESTACIÓN DE GASOLINA
01t4w00000Nun0vAAB,360º RETURN ROLLER TRACK,PISTA TRACK RACING
01t4w00000Nun0wAAB,4 ECUATIONS FOR INTERNAL FLATBED TRAILER,TRAILER CON VEHÍCULOS
01t4w00000Nun0yAAB,BO ROBOT,SÚPER ROBOT Z
01t4w00000Nun0zAAB,DINOSAUR COMBINATION,SET DE DINOSAURIOS BÁSICO
01t4w00000Nun11AAB,INERTIA FLATBED TOW 6 MOTORCYCLES,TRAILER CON MOTOS
01t4w00000Nun12AAB,"CITY PARKING LOT, TRACK CAN SLIP",GARAGE CON ELEVADOR
01t4w00000Nun13AAB,GAS STATION ALLOY SUIT,ESTACIÓN DE GASOLINA
01t4w00000Nun14AAB,MINI FIVE-WHEELED STURNT CAR WITH 2.4G BATTERY,VEHÍCULO RADIO CONTROL 5 RUEDAS
01t4w00000Nun15AAB,GLIDING TRACK WITH 4 GLIDING TROLLEYS,PISTA MINIATURA 6 NIVELES
01t4w00000Nun18AAB,MINI DRUNK STUNT CAR  27MHZ,VEHÍCULO RADIO CONTROL MALABARES
01t4w00000Nun1AAAR,TOY,VEHÍCULO FRICCIÓN
01t4w00000Nun1FAAR,BUS INERTIA VEHICLE,AUTOBÚS
01t4w00000Nun1IAAR,ELECTRIC ACOUSTOOPTIC TRICERATOPS,TRICERATOPS CON SONIDO 27 WB
01t4w00000Nun1KAAR,HAN-HELD GIFT BOX CONTAINER TAXIING,TRAILER CON VEHÍCULOS PORTABLE
01t4w00000Nun1RAAR,"6.5 INCH, 5.5 INCH DINOSAUR 8 MIX",SET DE DINOSAURIOS CON CRIAS
01t4w00000Nun1XAAR,ELECTRIC MANICURE DRAGON,DINOSAURIO CON LUZ Y SONIDO
01t4w00000Nun1aAAB,V,DINOSAURIO CON LUZ Y SONIDO Y ALAS
01t4w00000Nun1bAAB,"13.5 INCH HORNED DRAGON, 6 INCH DINOSAUR",SET DE DINOSAURIOS GRANDE
01t4w00000Nun1zAAB,Floating twin shelfs,SET REPISAS MAGICAS 2 PIEZAS GEMELAS
01t4w00000Nun20AAB,Square Shelf,REPISA MAGICA CUBO DIVISIONES
01t4w00000Nun22AAB,Square metal Shelf,REPISA 1 NIVEL CUADRADO
01t4w00000Nun2IAAR,Metal Shelf,REPISA 3 NIVELES ESCALERA
01t4w00000Nun2JAAR,Floating shelf with Bluetooth,REPISA MAGICA CON BOCINAS BLUETOOTH
01t4w00000Nun2KAAR,Round metal Shelf,REPISA 2 NIVELES CIRCULO
01t4w00000Nun2MAAR,House metal Shelf,REPISA 2 NIVELES CASA
01t4w00000Nun2NAAR,Hexagonal metal Shelf,RESPISA 3 NIVELES HEXAGONAL
01t4w00000Nun2OAAR,Corner rack Shelf,REPISA 5 NIVELES ESQUINA DECORATIVA
01t4w00000Nun2PAAR,Floating shelf with clock,REPISA MAGICA CON RELOJ
01t4w00000Nun2RAAR,Floating shelf with Light,REPISA MAGICA CON LUZ
01t4w00000Nun2SAAR,Floating shelf,REPISA MAGICA
01t4w00000Nun2TAAR,FLOATING CUBE SHELF,REPISA MAGICA CUBO
01t4w00000Nun2UAAR,Floating Shelf,REPISA MAGICA
01t4w00000Nun2VAAR,Floating shelf,REPISA MAGICA
01t4w00000Nun2WAAR,Floating shelf,REPISA MAGICA
01t4w00000Nun2YAAR,FLOATING CORNER SHELF,REPISA MAGICA ESQUINA
01t4w00000Nun2ZAAR,FLOATING CORNER SHELF,REPISA MAGICA ESQUINA
01t4w00000Nun2aAAB,FLOATING CORNER SHELF,REPISA MAGICA ESQUINA
01t4w00000Nun2bAAB,Wall Shelf,REPISA MAGICA ORGANIZADOR BAÑO
01t4w00000Nun2cAAB,Metal wall shelf,REPISA MAGICA DOBLE AJUSTABLE
01t4w00000Nun2dAAB,Floating Shelf,REPISA MAGICA
01t4w00000Nun2eAAB,3 PIECES CUBE SHELF,SET REPISAS MAGICAS 3 PIEZAS CUBOS
01t4w00000Nun2fAAB,FLOATING SHELF WITH 1 DRAWER,REPISA MAGICA CON 1 CAJON
01t4w00000Nun2gAAB,Coat Wall Rack,REPISA MAGICA PERCHERO
01t4w00000Nun2hAAB,Wall Cube Shelf,SET REPISAS MAGICAS 3 PIEZAS CUBOS
01t4w00000Nun2iAAB,2 PIECES CUBE SHELF,SET REPISAS MAGICAS 2 PIEZAS CUBOS
01t4w00000Nun2jAAB,"FLOATING ""ZIGZAG"" SHELF",REPISA MAGICA ZIC ZAC
01t4w00000Nun2kAAB,Floating Shelf with hooks,REPISA MAGICA PERCHERO
01t4w00000Nun2lAAB,3 PIECES CUBE SHELF,SET REPISAS MAGICAS 3 PIEZAS CUBOS
01t4w00000Nun2mAAB,FLOATING SHELF,SET REPISAS MAGICAS 3 PIEZAS EN U
01t4w00000Nun2nAAB,3 PIECES RECTANGULAR SHELF,SET REPISAS MAGICAS 3 PIEZAS RECTANGULARES
01t4w00000Nun2oAAB,Floating Shelf,REPISA MAGICA 2 NIVELES
01t4w00000Nun2pAAB,Floating Shelf,REPISA MAGICA EN L
01t4w00000Nun2qAAB,Floating Shelf,REPISA MAGICA EN CRUZ
01t4w00000Nun2rAAB,Leather strap floating shelf,REPISA MAGICA CON CORREA DE CUERO
01t4w00000Nun2sAAB,Floating Shelf,REPISA MAGICA 2 NIVELES
01t4w00000Nun2tAAB,Floating Shelf,REPISA MAGICA
01t4w00000Nun2uAAB,Floating Shelf,REPISA MAGICA
01t4w00000Nun2vAAB,Floating Shelf,REPISA MAGICA
01t4w00000Nun2wAAB,Floating Shelf with hooks,REPISA MAGICA PERCHERO
01t4w00000Nun2xAAB,Coat Wall Rack,PERCHERO PARED MDF
01t4w00000Nun2yAAB,Floating Shelf,REPISA MAGICA
01t4w00000Nun2zAAB,Stationery display rack,ORGANIZADOR ESTACIONARIO
01t4w00000Nun37AAB,CHILDREN FLOATING SHELF,REPISA MAGICA INFANTIL
01t4w00000Nun38AAB,CHILDREN FLOATING SHELF,REPISA MAGICA INFANTIL
01t4w00000Nun39AAB,CHILDREN FLOATING SHELF,REPISA MAGICA INFANTIL
01t4w00000Nun3BAAR,"""Electronic hotel safe Thickness:body 2mm, door 5mm""",CAJA FUERTE DIGITAL
01t4w00000Nun3CAAR,"""Laser cutting electronic fingerprint safe Dimension:450X380X350MM Thickness:body 3mm, door 5mm""",CAJA FUERTE DIGITAL + HUELLA
01t4w00000Nun3DAAR,"""Laser cutting electronic safe Thickness:body 3mm, door 6mm""",CAJA FUERTE DIGITAL
01t4w00000Nun3FAAR,CHILDREN FLOATING SHELF,REPISA MAGICA INFANTIL
01t4w00000Nun3IAAR,Serving board,TABLA QUESOS CIRCULAR ACACIA
01t4w00000Nun3KAAR,"""Electronic safe Thickness:body 1.5mm, door 4mm""",CAJA FUERTE DIGITAL
01t4w00000Nun3LAAR,Serving board,TABLA PICAR CIRCULAR ACACIA
01t4w00000Nun3NAAR,"""Electronic safe Thickness:body 2mm, door 4mm""",CAJA FUERTE DIGITAL
01t4w00000Nun3OAAR,"""Electronic safe Thickness:body 2mm, door 4mm""",CAJA FUERTE DIGITAL
01t4w00000Nun3PAAR,"""Electronic fingerprint safe Thickness:body 1.5mm, door 4mm""",CAJA FUERTE DIGITAL + HUELLA
01t4w00000Nun3SAAR,"""Electronic safe Thickness:body 1.5mm, door 4mm""",CAJA FUERTE DIGITAL
01t4w00000Nun3cAAB,Serving board,TABLA QUESOS RECTANGULAR ACACIA
01t4w00000Nun3dAAB,Serving board,TABLA PICAR RECTANGULAR ACACIA
01t4w00000Nun3eAAB,Bamboo serving board,TABLA QUESOS CIRCULAR BAMBU
01t4w00000Nun3iAAB,Serving board,TABLA PICAR RECTANGULAR ACACIA
01t4w00000Nun3jAAB,"glass table                         size: 150x90x71cm, steel tube: 42x14mm, 5mm fabric pattern glass",MESA JARDIN RECTANGULAR
01t4w00000Nun3lAAB,"""FOLDING TABLE Dia.60xH72cm leg tube:14x28mm 5mm fabric  pattern glass  """,MESA JARDIN REDONDA BISTRO PLEGABLE
01t4w00000Nun3nAAB,Bamboo serving plate,TABLA QUESOS TRIANGULAR BAMBU
01t4w00000Nun3pAAB,Acacia wood serving board,TABLA QUESOS CIRCULAR ACACIA
01t4w00000Nun3qAAB,Bamboo serving board,TABLA QUESOS RECTANGULAR BAMBU
01t4w00000Nun3rAAB,Bamboo serving board,TABLA QUESOS CIRCULAR BAMBU
01t4w00000Nun3sAAB,Acacia wood serving board,TABLA QUESOS RECTANGULAR ACACIA
01t4w00000Nun3tAAB,cork serving board,TABLA PICAR RECTANGULAR CORCHO
01t4w00000Nun3uAAB,"Steel and alu rope glass table  size:178X98XH72CM       steel,48DIAX1MM   alu,70x20x1mm                          flat rope ,polyester          Powder coating finish",MESA JARDIN RECTANGULAR
01t4w00000Nun3xAAB,cork serving board,TABLA PICAR RECTANGULAR CORCHO
01t4w00000Nun3yAAB,Bamboo serving board,TABLA QUESOS CIRCULAR BAMBU
01t4w00000Nun43AAB,Bamboo serving board,TABLA QUESOS RECTANGULAR BAMBU
01t4w00000Nun44AAB,Bamboo tray,BANDEJA BAMBU
01t4w00000Nun45AAB,Bamboo serving plate,TABLA QUESOS TRIANGULAR BAMBU
01t4w00000Nun46AAB,Bamboo mirror,ESPEJO BAMBU CUADRADO CON 2 CAJONES
01t4w00000Nun47AAB,Bamboo mirror,ESPEJO BAMBU CIRCULAR CON CAJON
01t4w00000Nun48AAB,Bamboo serving board,TABLA QUESOS CIRCULAR BAMBU
01t4w00000Nun4CAAR,Acacia stand with mirror,ESPEJO BAMBU CON 2 BANDEJAS
01t4w00000Nun4FAAR,Acacia stand with mirror,ESPEJO BAMBU CON BANDEJA
01t4w00000Nun4MAAR,4 tier shelf,ESTANTERIA 4 NIVELES
01t4w00000Nun4NAAR,DESK,MESA ESCRITORIO
01t4w00000Nun4SAAR,6 tier shelf,ESTANTERIA 6 NIVELES
01t4w00000Nun4UAAR,SET 2 PIECES SIDE TABLES,SET MESAS AUXILIARES 2 PIEZAS
01t4w00000Nun4VAAR,coffee table,MESA AUXILIAR
01t4w00000Nun4WAAR,5 tier shelf,ESTANTERIA 5 NIVELES
01t4w00000Nun4XAAR,4 tier shelf,ESTANTERIA 4 NIVELES
01t4w00000Nun4YAAR,TV STAND,CENTRO ENTRETENIMIENTO 3 CAJONES
01t4w00000Nun4ZAAR,DESK,MESA ESCRITORIO
01t4w00000Nun4aAAB,DESK,MESA ESCRITORIO
01t4w00000Nun4bAAB,3 tier shelf with 2 baskets,ESTANTERIA 4 NIVELES CON 2 BINS
01t4w00000Nun4dAAB,SIDE TABLE,MESA AUXILIAR
01t4w00000Nun4eAAB,SHELF WITH 2 DRAWERS,ESTANTERIA 5 NIVELES CON 2 CAJONES
01t4w00000Nun4fAAB,SET 2 PIECES COFFEE TABLES,SET MESAS AUXILIARES 2 PIEZAS
01t4w00000Nun4gAAB,5 tier shelf,ESTANTERIA 5 NIVELES
01t4w00000Nun4hAAB,4 tier shelf,ESTANTERIA 4 NIVELES
01t4w00000Nun4iAAB,SET 2 PIECES COFFEE TABLES,SET MESAS AUXILIARES 2 PIEZAS
01t4w00000Nun4jAAB,SIDE TABLE,MESA AUXILIAR
01t4w00000Nun4kAAB,3 TIER SHELF,ESTANTERIA 3 NIVELES
01t4w00000Nun4lAAB,COFFE TABLE,MESA AUXILIAR 1 NIVEL
01t4w00000Nun4mAAB,SHELF WITH HOOKS AND BENCH,BANCA ZAPATERA 1 NIVEL CON PERCHERO
01t4w00000Nun4nAAB,coat rack with wooden box,PERCHERO CON BIN DE MADERA
01t4w00000Nun4oAAB,SIDE TABLE,MESA AUXILIAR
01t4w00000Nun4pAAB,4 TIER SHELF,ESTANTERIA 4 NIVELES
01t4w00000Nun4qAAB,SET 3 PIECES SIDE TABLES,SET MESAS AUXILIARES 3 PIEZAS
01t4w00000Nun4rAAB,SET 3 PIECES SIDE TABLES,SET MESAS AUXILIARES 3 PIEZAS
01t4w00000Nun4sAAB,4 cabinet,ESTANTERIA 4 NIVELES
01t4w00000Nun4tAAB,set 3 coffee table,SET MESAS AUXILIARES 3 PIEZAS
01t4w00000Nun4uAAB,side table,MESA AUXILIAR
01t4w00000Nun4vAAB,SET 2 PIECES COFFEE TABLES,SET MESAS AUXILIARES 2 PIEZAS
01t4w00000Nun4wAAB,SET 2 PIECES COFFEE TABLES,SET MESAS AUXILIARES 2 PIEZAS
01t4w00000Nun4xAAB,3 cabinet,ESTANTERIA 3 NIVELES
01t4w00000Nun4yAAB,side table,MESA BURO 1 CAJON
01t4w00000Nun4zAAB,1 door cabinet,APARADOR 1 PUERTA
01t4w00000Nun53AAB,SIDE TABLE,MESA AUXILIAR
01t4w00000Nun54AAB,3 TIER SHELF,ESTANTERIA 3 NIVELES
01t4w00000Nun55AAB,4 cabinet,ESTANTERIA 2 NIVELES
01t4w00000Nun56AAB,1 drawer cabinet,MESA BURO 1 CAJON
01t4w00000Nun57AAB,SIDE TABLE,MESA AUXILIAR
01t4w00000Nun58AAB,side table,MESA BURO 1 CAJON
01t4w00000Nun59AAB,2 door cabinet,APARADOR 2 PUERTAS
01t4w00000Nun5CAAR,3 TIER SHELF,ESTANTERIA 3 NIVELES
01t4w00000Nun5DAAR,1 drawer cabinet,MESA BURO 1 CAJON
01t4w00000Nun5EAAR,set 2 coffee table,SET MESAS AUXILIARES 2 PIEZAS
01t4w00000Nun5FAAR,set 2 coffee table,SET MESAS AUXILIARES 2 PIEZAS
01t4w00000Nun5GAAR,side table,MESA AUXILIAR
01t4w00000Nun5HAAR,2 TIER SHELF,ESTANTERIA 2 NIVELES
01t4w00000Nun5IAAR,1 DRAWER SIDE TABLE,MESA BURO 1 CAJON
01t4w00000Nun5LAAR,3 drawer cabinet,MESA BURO 3 CAJONES
01t4w00000Nun5NAAR,2 drawer side table,MESA BURO 2 CAJONES
01t4w00000Nun5OAAR,1 shelf 1 drawer cabinet,MESA BURO 1 CAJON + 1 ESTANTE
01t4w00000Nun5PAAR,set 2 coffee table,SET MESAS AUXILIARES 2 PIEZAS
01t4w00000Nun5QAAR,set 2 coffee table,MESA AUXILIAR
01t4w00000Nun5VAAR,3 drawer cabinet,APARADOR 3 CAJONES
01t4w00000Nun5WAAR,set 3 coffee table,SET MESAS AUXILIARES 3 PIEZAS
01t4w00000Nun5XAAR,set 2 coffee table,MESA AUXILIAR  2 PIEZAS
01t4w00000Nun5aAAB,set 2 coffee table,SET MESAS AUXILIARES 2 PIEZAS
01t4w00000Nun5bAAB,set 3 coffee table,SET MESAS AUXILIARES 3 PIEZAS
01t4w00000Nun5cAAB,set 3 coffee table,SET MESAS AUXILIARES 3 PIEZAS
01t4w00000Nun5dAAB,set 3 coffee table,SET MESAS AUXILIARES 3 PIEZAS
01t4w00000Nun5eAAB,side table,MESA AUXILIAR
01t4w00000Nun5fAAB,set 3 coffee table,SET MESAS AUXILIARES 3 MESAS
01t4w00000Nun5iAAB,coffee table,MESA AUXILIAR 1 CAJÓN
01t4w00000Nun5jAAB,desk,MESA ESCRITORIO
01t4w00000Nun5kAAB,desk,MESA ESCRITORIO
01t4w00000Nun5mAAB,set 3 coffee table,SET MESAS AUXILIARES 3 PIEZAS
01t4w00000Nun5nAAB,coffee table,MESA AUXILIAR
01t4w00000Nun5oAAB,3 drawer cabinet,APARADOR 3 CAJONES
01t4w00000Nun5pAAB,Kitchen trolley,CARRITO ORGANIZADOR COCINA 3 NIVELES
01t4w00000Nun5qAAB,Kitchen trolley,CARRITO ISLA COCINA
01t4w00000Nun5rAAB,set 3 coffee table,SET MESAS AUXILIARES 3 PIEZAS
01t4w00000Nun5sAAB,Cabinet,APARADOR 8 CAJONES
01t4w00000Nun5tAAB,bathroom trolley,CARRITO BAÑO 3 NIVELES
01t4w00000Nun5yAAB,desk,MESA ESCRITORIO
01t4w00000Nun5zAAB,bathroom trolley,CARRITO BAÑO 3 NIVELES
01t4w00000Nun60AAB,kitchen trolley,CARRITO ORGANIZADOR COCINA 3 NIVELES
01t4w00000Nun63AAB,kitchen trolley,CARRITO ORGANIZADOR COCINA 2 NIVELES
01t4w00000Nun64AAB,bathroom trolley,CARRITO BAÑO 3 NIVELES
01t4w00000Nun65AAB,coat rack,PERCHERO METAL+MDF
01t4w00000Nun66AAB,coat rack,PERCHERO METAL+BAMBU DOBLE
01t4w00000Nun67AAB,coat rack,PERCHERO METAL+BAMBU
01t4w00000Nun68AAB,coat rack,PERCHERO METAL+BAMBU
01t4w00000Nun6wAAB,ROUND CHARCOAL GRILL WITH SIDE TABLE,ASADOR CARBON REDONDO CON MESA LATERAL
01t4w00000Nun70AAB,ROUND CHARCOAL GRILL,ASADOR CARBON REDONDO
01t4w00000Nun71AAB,CHARCOAL GRILL CYLINDRICAL SMOKER,ASADOR CARBON AHUMADOR CILINDRICO
01t4w00000Nun73AAB,SQUARE CHARCOAL GRILL,ASADOR CARBON CUADRADO
01t4w00000Nun74AAB,CHARCOAL GRILL SMOKER PIZZA,ASADOR CARBON AHUMADOR PIZZA
01t4w00000Nun75AAB,FOLDING SQUARE CHARCOAL GRILL WITH TABLE,ASADOR CARBON CUADRADO PLEGABLE CON MESA
01t4w00000Nun76AAB,SQUARE CHARCOAL GRILL WITH SIDE TABLES,ASADOR CARBON CUADRADO CON MESAS LATERALES
01t4w00000Nun77AAB,CHARCOAL GRILL CYLINDRICAL SMOKER,ASADOR CARBON AHUMADOR CILINDRICO
01t4w00000Nun7HAAR,ROUND CHARCOAL GRILL,ASADOR CARBON REDONDO
01t4w00000Nun7KAAR,RECTANGULAR CHARCOAL GRILL WITH SIDE TABLE,ASADOR CARBON RECTANGULAR CON MESA LATERAL
01t4w00000Nun7LAAR,RECTANGULAR CHARCOAL GRILL WITH SIDE+FRONT TABLE,ASADOR CARBON RECTANGULAR CON MESA LATERAL+FRONTAL
01t4w00000Nun7MAAR,CHARCOAL-GAS MIXED GRILL,ASADOR MIXTO CARBON-GAS
01t4w00000Nun7NAAR,GAS GRILL WITH SIDE TABLES,ASADOR GAS CON MESAS LATERALES
01t4w00000Nun7PAAR,RECTANGULAR CHARCOAL GRILL WITH SIDE TABLES,ASADOR CARBON RECTANGULAR CON MESAS LATERALES
01t4w00000Nun7SAAR,ROUND FIRE PIT GRILL,ASADOR FIRE PIT REDONDO
01t4w00000Nun7TAAR,ROUND FIRE PIT GRILL WITH WHEELS,ASADOR FIRE PIT REDONDO CON RUEDAS
01t4w00000Nun7VAAR,SQUARE FIRE PIT GRILL,ASADOR FIRE PIT CUADRADO
01t4w00000Nun7WAAR,FIRE PIT LOG GRILL,ASADOR FIRE PIT LEÑA
01t4w00000Nun7XAAR,BBQ CHARCOAL CONTAINER,CONTENEDOR CARBON BBQ
01t4w00000Nun7YAAR,BBQ PIZZA STONE PLATE,PLATO PIEDRA PIZZA BBQ
01t4w00000Nun7fAAB,"""round glass table  size:?105*71cm steel frame tube: 35*13*1.0mm leg tube: ?42*14*0.85mm fix tube: 36*14*0.85mm 5mm fabric pattern glass""",MESA JARDIN REDONDA
01t4w00000Nun7tAAB,4 PIECE BBQ ACCESSORIES SET,SET ACCESORIOS 4 PIEZAS BBQ
01t4w00000Nun7vAAB,4 PIECE BBQ ACCESSORIES SET,SET ACCESORIOS 4 PIEZAS BBQ
01t4w00000Nun80AAB,3PCS BBQ TOOL SET,SET ACCESORIOS 3 PIEZAS BBQ
01t4w00000Nun81AAB,3 PIECE BBQ ACCESSORIES SET,SET ACCESORIOS 3 PIEZAS BBQ
01t4w00000Nun85AAB,FOLDING HDPE CHAIR,SILLA PLEGABLE DOBLE
01t4w00000Nun8RAAR,FOLDING HDPE CHAIR,SILLA RESINA DOBLE
01t4w00000Nun8VAAR,FOLDING HDPE CHAIR,SILLA RESINA DOBLE
01t4w00000Nun8WAAR,FOLDING HDPE CHAIR,SILLA RESINA DOBLE
01t4w00000Nun8cAAB,FOLDING HDPE CHAIR DOUBLE REINFORCEMENT,SILLA RESINA DOBLE
01t4w00000Nun8gAAB,6FT FOLDING HDPE TABLE,MESA RESINA PLEGABLE Φ 4.5 cm
01t4w00000Nun8jAAB,6FT FOLDING HDPE TABLE,MESA RESINA PLEGABLE
01t4w00000Nun8lAAB,6FT FOLDING HDPE TABLE,MESA RESINA PLEGABLE - Φ 4 cm
01t4w00000Nun8mAAB,6 FT FOLDING HDPE TABLE,MESA RESINA PLEGABLE 180 CM
01t4w00000Nun8rAAB,6FT FOLDING HDPE BENCH,BANCA RESINA PLEGABLE
01t4w00000Nun8sAAB,6FT FOLDING HDPE BENCH,BANCA RESINA PLEGABLE
01t4w00000Nun8uAAB,8FT FOLDING HDPE TABLE,MESA RESINA PLEGABLE
01t4w00000Nun8wAAB,FOLDING HDPE PERSONAL TABLE ADJUSTABLE,MESA RESINA PERSONAL
01t4w00000Nun8xAAB,FOLDING HDPE PERSONAL TABLE ADJUSTABLE,MESA RESINA PERSONAL
01t4w00000Nun8yAAB,FOLDING HDPE PERSONAL TABLE ADJUSTABLE,MESA RESINA PERSONAL
01t4w00000Nun9DAAR,122 CM FOLDING TABLE,MESA RESINA PLEGABLE
01t4w00000Nun9EAAR,122 CM FOLDING TABLE,MESA RESINA PLEGABLE
01t4w00000Nun9GAAR,PERSONAL TABLE,MESA RESINA PERSONAL
01t4w00000Nun9IAAR,FOLDING CHAIR,SILLA RESINA DOBLE
01t4w00000Nun9JAAR,6FT FOLDING HDPE TABLE,MESA RESINA PLEGABLE Φ 4 cm
01t4w00000Nun9TAAR,6FT FOLDING HDPE TABLE,MESA RESINA PLEGABLE
01t4w00000Nun9VAAR,FOLDING PP CHAIR,SILLA PLEGABLE ECO PP
01t4w00000Nun9XAAR,KITCHEN ISLAND CART,CARRITO ISLA COCINA
01t4w00000Nun9dAAB,COFFEE TABLE,MESA AUXILIAR REDONDA
01t4w00000Nun9jAAB,2.7M wooden umbrella wooden pole,SOMBRILLA JARDIN 8 RIBS
01t4w00000Nun9lAAB,DINING SET,SET COMEDOR BAR MDF + 2 SILLAS
01t4w00000Nun9nAAB,"""270-8 Market Umbrella with color printing Main Pole : Alu ,?38mm,with crank with tilt Ribs: steel ,8 ribs,12x18mm  Fabric :180G/m² polyester?without flap with air vent ; with color printing Pack:Brown carton""",SOMBRILLA JARDIN 8 RIBS INCLINABLES
01t4w00000Nun9pAAB,COMPUTER DESK,MESA ESCRITORIO
01t4w00000Nun9rAAB,2.7M wooden umbrella wooden pole,SOMBRILLA JARDIN 8 RIBS + LUZ LED
01t4w00000Nun9tAAB,Solar Succulent Bulb Light,LAMPARA BOMBILLA SOLAR SUCULENTA
01t4w00000Nun9vAAB,Solar Succulent Bulb Light,LAMPARA BOMBILLA SOLAR SUCULENTA
01t4w00000Nun9xAAB,Stone finish water fountain,FUENTE ACABADO PIEDRA
01t4w00000Nun9zAAB,Stone finish water fountain,FUENTE ACABADO PIEDRA
01t4w00000NunA1AAJ,COFFEE TABLE,MESA AUXILIAR
01t4w00000NunA3AAJ,Stone finish water fountain,FUENTE ACABADO PIEDRA
01t4w00000NunB7AAJ,6FT FOLDING HDPE TABLE,MESA RESINA PLEGABLE
01t4w00000NunB9AAJ,122 CM FOLDING TABLE,MESA RESINA PLEGABLE Φ 4 cm
01t4w00000NunBBAAZ,FOLDING HDPE PERSONAL TABLE ADJUSTABLE,MESA RESINA PERSONAL
01t4w00000NunBDAAZ,6 FT FOLDING HDPE TABLE,MESA RESINA PLEGABLE
01t4w00000NunBFAAZ,6FT FOLDING HDPE TABLE,MESA RESINA PLEGABLE
01t4w00000NunCqAAJ,"STAND FAN 18"", 3 IN 1","VENTILADOR DE PIE DE 18"", 3 EN 1"
01t4w00000NunCuAAJ,BACKPACK,MOCHILA ESPALDA INFANTIL
01t4w00000NunCxAAJ,BACKPACK,MOCHILA ESPALDA INFANTIL
01t4w00000NunCyAAJ,CHILDREN'S BACKPACK,MOCHILA ESPALDA INFANTIL
01t4w00000NunD0AAJ,BACKPACK,MOCHILA ESPALDA INFANTIL
01t4w00000NunD2AAJ,TRAVEL BAG,BOLSA VIAJE INFANTIL
01t4w00000NunD4AAJ,HAND BAG,BOLSA VIAJE INFANTIL
01t4w00000NunD8AAJ,PENCIL CASE,BOLSA LAPICERA INFANTIL
01t4w00000NunD9AAJ,TROLLEY BAG,MOCHILA CARRO INFANTIL
01t4w00000NunDAAAZ,BACKPACK,MOCHILA ESPALDA INFANTIL
01t4w00000NunDDAAZ,LUNCH BAG,BOLSA COMIDA INFANTIL
01t4w00000NunDEAAZ,BACKPACK,MOCHILA ESPALDA INFANTIL
01t4w00000NunDFAAZ,CHILDREN'S BACKPACK,MOCHILA ESPALDA INFANTIL
01t4w00000NunDIAAZ,BACKPACK,MOCHILA ESPALDA INFANTIL
01t4w00000NunDQAAZ,PENCIL CASE,BOLSA LAPICERA INFANTIL
01t4w00000NunDRAAZ,HAND BAG,BOLSA VIAJE INFANTIL
01t4w00000NunDUAAZ,TROLLEY BAG,MOCHILA CARRO INFANTIL
01t4w00000NunDWAAZ,BACKPACK,MOCHILA ESPALDA INFANTIL
01t4w00000NunDYAAZ,BACKPACK,MOCHILA ESPALDA INFANTIL
01t4w00000NunDaAAJ,BACKPACK,MOCHILA ESPALDA INFANTIL
01t4w00000NunDbAAJ,BACKPACK,MOCHILA ESPALDA INFANTIL
01t4w00000NunDdAAJ,BACKPACK,MOCHILA ESPALDA INFANTIL
01t4w00000NunDfAAJ,BACKPACK,MOCHILA ESPALDA INFANTIL
01t4w00000NunDiAAJ,SHOULDER BAG,BOLSA BANDOLERA INFANTIL
01t4w00000NunDjAAJ,PENCIL CASE,BOLSA LAPICERA INFANTIL
01t4w00000NunDkAAJ,LUNCH BAG,BOLSA COMIDA INFANTIL
01t4w00000NunDnAAJ,WAIST BAG,MOCHILA CINTURA INFANTIL
01t4w00000NunDpAAJ,PENCIL CASE,BOLSA LAPICERA INFANTIL
01t4w00000NunDwAAJ,SPRAYER,FUMIGADOR 5 LITROS
01t4w00000NunE2AAJ,6FT FOLDING HDPE TABLE,MESA RESINA PLEGABLE
01t4w00000NunEOAAZ,LED LAMP,LAMPARA DE MESA LED
01t4w00000NunF4AAJ,20 Rail Towel Rail,TENDAL SUELO
01t4w00000NunF7AAJ,4 Rail Towel Rail,TENDAL PARED 4 NIVELES
01t4w00000NunF8AAJ,Over Door 4 Rail Towel Rail,TENDAL PARED 4 NIVELES
01t4w00000NunF9AAJ,Toothbrush Holder,ORGANIZADOR CEPILLOS DE DIENTES
01t4w00000NunFAAAZ,3 Tier Foldable Towel Rail,TENDAL SUELO EXTENSIBLE
01t4w00000NunFBAAZ,3 Tier Foldable Trolley,CARRITO BAÑO 3 NIVELES PLEGABLE
01t4w00000NunFCAAZ,15 Rails Bathtub Towel Rail,TENDAL SUELO
01t4w00000NunFDAAZ,4 Tier Foldable Trolley,CARRITO BAÑO 4 NIVELES PLEGABLE
01t4w00000NunFEAAZ,Mesh top ironing board,TABLA DE PLANCHAR
01t4w00000NunFFAAZ,Mesh top ironing board,TABLA DE PLANCHAR
01t4w00000NunFGAAZ,Super A Clothes Airer,TENDAL SUELO CON ALAS
01t4w00000NunFHAAZ,Soap Holder,ORGANIZADOR JABONERA
01t4w00000NunFIAAZ,Clothes Airer,TENDAL SUELO CON ALAS
01t4w00000NunFJAAZ,Storage Box,ORGANIZADOR BAÑO
01t4w00000NunFKAAZ,Mesh top ironing board,TABLA DE PLANCHAR
01t4w00000NunFLAAZ,Mesh top ironing board,TABLA DE PLANCHAR
01t4w00000NunFMAAZ,3 Tier Foldable Trolley,CARRITO BAÑO 3 NIVELES
01t4w00000NunFNAAZ,Mesh top ironing board,TABLA DE PLANCHAR
01t4w00000NunFOAAZ,Mesh top ironing board,TABLA DE PLANCHAR
01t4w00000NunFPAAZ,Mesh top ironing board,TABLA DE PLANCHAR
01t4w00000NunFQAAZ,Mesh top ironing board,TABLA DE PLANCHAR
01t4w00000NunFRAAZ,Mesh top ironing board,TABLA DE PLANCHAR
01t4w00000NunFSAAZ,Mesh top ironing board,TABLA DE PLANCHAR
01t4w00000NunFTAAZ,Mesh top ironing board,TABLA DE PLANCHAR
01t4w00000NunFUAAZ,Mesh top ironing board,TABLA DE PLANCHAR
01t4w00000NunFVAAZ,Mesh top ironing board,TABLA DE PLANCHAR
01t4w00000NunFWAAZ,Mesh top ironing board,TABLA DE PLANCHAR
01t4w00000NunFXAAZ,Mesh top ironing board,TABLA DE PLANCHAR
01t4w00000NunFYAAZ,Mesh top ironing board,TABLA DE PLANCHAR
01t4w00000NunFZAAZ,Mesh top ironing board,TABLA DE PLANCHAR
01t4w00000NunFaAAJ,Mesh top ironing board,TABLA DE PLANCHAR
01t4w00000NunFbAAJ,13M drying rack with mesh and shoe rack,TENDAL SUELO CON ALAS + 1 BALDA
01t4w00000NunFcAAJ,Bamboo laundry hamper,CARRO LAVANDERIA
01t4w00000NunFdAAJ,Mesh top ironing board,TABLA DE PLANCHAR SOBREMESA
01t4w00000NunFeAAJ,Plastic top ironing board,TABLA DE PLANCHAR
01t4w00000NunFfAAJ,Mesh top ironing board,TABLA DE PLANCHAR
01t4w00000NunFgAAJ,Mesh top ironing board,TABLA DE PLANCHAR SOBREMESA
01t4w00000NunFhAAJ,Steel plate sleeve board,TABLA DE PLANCHAR MANGAS
01t4w00000NunFiAAJ,Mesh top ironing board,TABLA DE PLANCHAR SOBREMESA
01t4w00000NunFkAAJ,Rectangular basket,ORGANIZADOR BAÑO
01t4w00000NunFlAAJ,Round basket with bamboo frame,ORGANIZADOR BAÑO
01t4w00000NunFmAAJ,3 Tier folding basket with bamboo frame,ESTANTERIA 2 CESTOS + 1 BALDA
01t4w00000NunFoAAJ,Double sorter with ironing board,CARRO LAVANDERIA DOBLE
01t4w00000NunFpAAJ,13.5M Gullwing drying rack,TENDAL SUELO CON ALAS + 2 BALDAS
01t4w00000NunFqAAJ,2 Tier cosmetic drawer,ORGANIZADOR BAÑO
01t4w00000NunFrAAJ,2 Tier bamboo shelf with laundry bag,CARRO LAVANDERIA 2 NIVELES
01t4w00000NunFsAAJ,12M stainless steel drying rack,TENDAL SUELO CON ALAS + 1 BALDA
01t4w00000NunFtAAJ,Laundry sorter with garment rack,CARRO LAVANDERIA TRIPLE + PERCHA
01t4w00000NunFuAAJ,Stainless steel 3  tier drying rack with wheel for moving,TENDAL SUELO PLEGABLE
01t4w00000NunFvAAJ,Drying rack,TENDAL SUELO CON ALAS
01t4w00000NunFwAAJ,2 tier laundry sorter,CARRO LAVANDERIA 2 NIVELES
01t4w00000NunFxAAJ,18M double wing drying rack,TENDAL SUELO CON ALAS 2 NIVELES
01t4w00000NunFyAAJ,30M 3 tier drying rack with wheel and 2 hangers,TENDAL SUELO CON RUEDAS
01t4w00000NunG0AAJ,Triple laundry sorter,CARRO LAVANDERIA TRIPLE
01t4w00000NunG1AAJ,2 TIER PVC shoe rack,ORGANIZADOR ZAPATOS 2 NIVELES
01t4w00000NunG2AAJ,Boot & shoe rack,ORGANIZADOR ZAPATOS 2 NIVELES
01t4w00000NunG3AAJ,10 tier shoe rack with wheel,ORGANIZADOR ZAPATOS 10 NIVELES
01t4w00000NunG4AAJ,8 TIER OVER THE DOOR SHOE RACK,ORGANIZADOR ZAPATOS 8 NIVELES PARED
01t4w00000NunG5AAJ,No tooling assemble 7 tier shoe rack,ORGANIZADOR ZAPATOS 5 NIVELES
01t4w00000NunG6AAJ,3 Tier Foldable Trolley,CARRITO BAÑO 3 NIVELES PLEGABLE
01t4w00000NunG7AAJ,Over Door 11 Rail Towel Rail,TENDAL PARED EXTENSIBLE
01t4w00000NunG8AAJ,TROLLEY BAG,MOCHILA CARRO INFANTIL
01t4w00000NunGBAAZ,BACKPACK,MOCHILA ESPALDA INFANTIL
01t4w00000NunGDAAZ,SHOULDER BAG,BOLSA BANDOLERA INFANTIL
01t4w00000NunGFAAZ,PENCIL CASE,BOLSA LAPICERA INFANTIL
01t4w00000NunGIAAZ,BACKPACK,MOCHILA ESPALDA INFANTIL
01t4w00000NunGKAAZ,TROLLEY BAG,MOCHILA CARRO INFANTIL
01t4w00000NunGOAAZ,PENCIL CASE,BOLSA LAPICERA INFANTIL
01t4w00000NunGQAAZ,PENCIL CASE,BOLSA LAPICERA INFANTIL
01t4w00000NunGSAAZ,CAR AIR PURIFIER,PURIFICADOR DE AIRE COCHE
01t4w00000NunGTAAZ,CAR AIR PURIFIER,PURIFICADOR DE AIRE COCHE
01t4w00000NunGVAAZ,CAR AIR PURIFIER,PURIFICADOR DE AIRE COCHE
01t4w00000NunGYAAZ,STEEL ROUND BASE,BASE REDONDA PARA COLUMPIO
01t4w00000NunGaAAJ,STEEL ROUND BASE,BASE REDONDA PARA COLUMPIO
01t4w00000NunGcAAJ,STEEL HANGING CHAIR WITHOUT BASE,CESTO COLUMPIO
01t4w00000NunGeAAJ,STEEL HANGING CHAIR WITHOUT BASE,CESTO COLUMPIO
01t4w00000NunGgAAJ,STEEL HANGING CHAIR WITHOUT BASE,CESTO COLUMPIO
01t4w00000NunGjAAJ,AIR PURIFIER 18-31 m2,PURIFICADOR DE AIRE 18-31 m2
01t4w00000NunGkAAJ,STEEL HANGING CHAIR WITHOUT BASE,CESTO COLUMPIO
01t4w00000NunGmAAJ,AIR PURIFIER 15 m2,PURIFICADOR DE AIRE 15 m2
01t4w00000NunGoAAJ,AIR PURIFIER 15 m2,PURIFICADOR DE AIRE 15 m2
01t4w00000NunGqAAJ,AIR PURIFIER 12-20 m2,PURIFICADOR DE AIRE 12-20 m2
01t4w00000NunGsAAJ,AIR PURIFIER 12 m2,PURIFICADOR DE AIRE 12 m2
01t4w00000NunGuAAJ,AIR PURIFIER 12 m2,PURIFICADOR DE AIRE 12 m2
01t4w00000NunGwAAJ,AIR PURIFIER 30-40 m2,PURIFICADOR DE AIRE 30-40 m2
01t4w00000NunGyAAJ,AIR PURIFIER 30-40 m2,PURIFICADOR DE AIRE 30-40 m2
01t4w00000NunH0AAJ,AIR PURIFIER 10 m2,PURIFICADOR DE AIRE 10 m2
01t4w00000NunH2AAJ,METAL GAZEBO,GAZEBO CUADRADO CON CORTINAS
01t4w00000NunH6AAJ,TABLE WITH BOX  STORAGE,SET BISTRO ACACIA PLEGABLE CON CAJON ZINC
01t4w00000NunH8AAJ,ISLAND BISTRO,SET BISTRO TEKA CON COJINES
01t4w00000NunHAAAZ,EASY FOLDABLE SET,SET COMEDOR 5 PIEZAS TEKA CON COJINES
01t4w00000NunHCAAZ,LEISURE SWING,COLUMPIO BALANCIN DOBLE TEKA
01t4w00000NunHEAAZ,STEEL HANGING CHAIR,COLUMPIO COLGANTE CON COJIN
01t4w00000NunHGAAZ,DECK CHAIR WITH POLYESTER FABRIC,HAMACA MADERA CON TELA POLIESTER
01t4w00000NunHIAAZ,SUNLOUNGER WITH ARMRESTS & WITH 5CM SEAT CUSHION,TUMBONA EUCALIPTO CON COJIN
01t4w00000NunHKAAZ,EXPANDABLE HOSE,MANGUERA EXPANDIBLE 15 MT + 15 MT
01t4w00000NunHtAAJ,Fishing tool,SILLA PLEGABLE CAMPING
01t4w00000NunHuAAJ,Fishing stool with 3 legs,SILLA PLEGABLE CAMPING CON BOLSA
01t4w00000NunHvAAJ,Fishing stool,SILLA PLEGABLE CAMPING CON BOLSA
01t4w00000NunHwAAJ,Fishing stool,SILLA PLEGABLE CAMPING CON BOLSA
01t4w00000NunHxAAJ,Camping chair with umbrella,SILLA PLEGABLE CAMPING CON SOMBRILLA
01t4w00000NunHyAAJ,Fishing stool,SILLA PLEGABLE CAMPING
01t4w00000NunI0AAJ,Camping chair,SILLA PLEGABLE CAMPING CON BOLSA
01t4w00000NunI1AAJ,Camping chair,SILLA PLEGABLE CAMPING CON BOLSA
01t4w00000NunI2AAJ,Camping chair with feetrest,SILLA PLEGABLE CAMPING CON REPOSAPIES
01t4w00000NunI3AAJ,Kid camping chair,SILLA PLEGABLE CAMPING 6 PLAZAS
01t4w00000NunI4AAJ,Camping chair,SILLA PLEGABLE CAMPING CON BOLSA
01t4w00000NunI5AAJ,Camping chair with shade,SILLA PLEGABLE CAMPING CON SOMBRILLA
01t4w00000NunI6AAJ,Camping chair,SILLA PLEGABLE CAMPING CON MESA
01t4w00000NunI7AAJ,3 seats camping chair,SILLA PLEGABLE CAMPING 3 PLAZAS
01t4w00000NunI8AAJ,Lover camping chair,SILLA PLEGABLE CAMPING 2 PLAZAS
01t4w00000NunIAAAZ,JEWELER WITH TABLE MIRROR,MECEDORA CON PUFF
01t4w00000NunICAAZ,JEWELER WITH TABLE MIRROR,MECEDORA CON PUFF
01t4w00000NunIEAAZ,SIDE TABLE,MESA AUXILIAR
01t4w00000NunIGAAZ,SOFA BED,SOFA CAMA
01t4w00000NunIKAAZ,TV STAND,"TV STAND MUEBLE CRISTAL SOPORTE 32-70"""
01t4w00000NunIMAAZ,FLOOR LAMP,LAMPARA DE PIE CON REPISAS
01t4w00000NunIOAAZ,6 FT FOLDING HDPE TABLE WOODEN DESIGN,MESA RESINA IMITACION MADERA PLEGABLE
01t4w00000NunIQAAZ,FOLDING PLASTIC CHAIR,SILLA RESINA IMITACION MADERA
01t4w00000NunISAAZ,SQUARE TABLE WITH SLAT WOODEN LOOK,MESA RESINA IMITACION MADERA CUADRADA
01t4w00000NunIWAAZ,OFFICE CHAIR,SILLA ORDENADOR
01t4w00000NunIXAAZ,EAMES CHAIR,SILLA ORDENADOR
01t4w00000NunIZAAZ,Lover camping chair with Umbrella,SILLA PLEGABLE CAMPING 2 PLAZAS SOMBRILLA
01t4w00000NunIaAAJ,Camping sets for chirldren,SET BISTRO CAMPING CON BOLSA
01t4w00000NunIbAAJ,Picnic table,MESA PLEGABLE CAMPING
01t4w00000NunIcAAJ,Folding table,MESA PLEGABLE CAMPING
01t4w00000NunIdAAJ,Foldable camping table,MESA PLEGABLE CAMPING
01t4w00000NunIeAAJ,Foldable Aluminum table,MESA PLEGABLE CAMPING
01t4w00000NunIfAAJ,Foldable Aluminum table,MESA PLEGABLE CAMPING
01t4w00000NunIgAAJ,Aluminum table,MESA PLEGABLE CAMPING
01t4w00000NunIhAAJ,Aluminum table,MESA PLEGABLE CAMPING
01t4w00000NunIiAAJ,Aluminum table,MESA PLEGABLE CAMPING
01t4w00000NunIkAAJ,Aluminum table,MESA PLEGABLE CAMPING
01t4w00000NunIlAAJ,FOLDING CAMPING TABLE,MESA PLEGABLE CAMPING
01t4w00000NunIoAAJ,Aluminum table,SET MESAS PLEGABLE CAMPING
01t4w00000NunIpAAJ,Aluminum table,SET MESAS PLEGABLE CAMPING
01t4w00000NunIqAAJ,Sand beach bed,HAMACA PLEGABLE CAMPING
01t4w00000NunIsAAJ,SQUARE TABLE WITH SLAT WOODEN LOOK,MESA RESINA IMITACION MADERA CUADRADA
01t4w00000NunIuAAJ,FOLDING HDPE CHAIR RATTAN DESIGN,SILLA RESINA IMITACIÓN RATTAN
01t4w00000NunJ2AAJ,4FT ROUND FOLD IN HALF TABLE,MESA RESINA PLEGABLE REDONDA
01t4w00000NunJ4AAJ,WATER BOTTLE RACK,PERCHERO PARA BOTELLAS DE AGUA
01t4w00000NunJ8AAJ,3 TIERS GARMENT RACK,PERCHERO ORGANIZADOR 2 NIVELES
01t4w00000NunJCAAZ,3 TIERS GARMENT RACK,SET ESTANTERIA CON PERCHERO
01t4w00000NunJEAAZ,5 TIERS SHOE RACKS,ORGANIZADOR ZAPATOS 5 NIVELES
01t4w00000NunJMAAZ,5 TIERS WIRE SHELF,ESTANTERIA METALICA 5 NIVELES
01t4w00000NunJSAAZ,5 Tiers  Slanted Wine Rack,ESTANTERIA METALICA 5 NIVELES BOTELLERO
01t4w00000NunJWAAZ,4 TIERS WIRE SHELF,ESTANTERIA METALICA 4 NIVELES
01t4w00000NunJYAAZ,GARDEN HOSE,"MANGUERA 25 MTS - 5/8 """
01t4w00000NunJaAAJ,GARDEN HOSE,"MANGUERA 25 MTS - 1/2 """
01t4w00000NunJbAAJ,GARDEN HOSE,"MANGUERA 50 MTS - 5/8 """
01t4w00000NunJgAAJ,GARDEN HOSE,"MANGUERA 25 MTS - 3/4 """
01t4w00000NunJhAAJ,GARDEN HOSE,"MANGUERA 50 MTS - 1 """
01t4w00000NunJiAAJ,GARDEN HOSE,"MANGUERA 50 MTS - 3/4 """
01t4w00000NunJjAAJ,GARDEN HOSE,"MANGUERA 25 MTS - 1"""
01t4w00000NunJmAAJ,GARDEN HOSE,"MANGUERA 25 MTS - 5/8 """
01t4w00000NunJoAAJ,GARDEN HOSE,"MANGUERA 25 MTS - 1/2 """
01t4w00000NunJqAAJ,GARDEN HOSE,"MANGUERA 50 MTS - 5/8 """
01t4w00000NunJsAAJ,GARDEN HOSE,"MANGUERA 25 MTS - 3/4 """
01t4w00000NunJtAAJ,GARDEN HOSE,"MANGUERA 50 MTS - 3/4 """
01t4w00000NunJvAAJ,GARDEN HOSE,"MANGUERA 50 MTS - 1 """
01t4w00000NunK0AAJ,GARDEN HOSE,"MANGUERA 25 MTS - 1 """
01t4w00000NunK5AAJ,4 TIERS WIRE SHELF,ESTANTERIA METALICA 4 NIVELES
01t4w00000NunKWAAZ,SCOOTER RIDER,INFLABLE MOTO DE AGUA
01t4w00000NunKbAAJ,SWIM VEST B,CHALECO INFLABLE
01t4w00000NunKcAAJ,WHITE SWAN RING,FLOTADOR CISNE 55 CM
01t4w00000NunKdAAJ,BABY SEAT,FLOTADOR ASIENTO BEBE
01t4w00000NunKeAAJ,GLITTER GOLD BEACH BALL,PELOTA INFLABLE 50 CM
01t4w00000NunKfAAJ,GLITTER BEACH BALL,PELOTA INFLABLE 5O CM
01t4w00000NunKgAAJ,MOSAIC BEACH BALL,PELOTA INFLABLE 50 CM
01t4w00000NunKhAAJ,FROSTED NEON SWIM RING,FLOTADOR HINCHABLE
01t4w00000NunKlAAJ,MATTE PANEL BALL,PELOTA INFLABLE 40 CM
01t4w00000NunKmAAJ,ALPACA RING,FLOTADOR ALPACA 55 CM
01t4w00000NunKnAAJ,ALPACA FLOAT,FLOTADOR ALPACA GRANDE
01t4w00000NunKoAAJ,U-ICON SWIM VEST,FLOTADOR ANILLO INFLABLE
01t4w00000NunKpAAJ,UNICORN RING,FLOTADOR UNICORNIO 55 CM
01t4w00000NunKqAAJ,GOLD SHELL KICKBOARD,FLOTADOR INFLABLE CONCHA
01t4w00000NunKrAAJ,RIGID WALL POOL,PISCINA INFLABLE INFANTIL DIA. 120 CM
01t4w00000NunKsAAJ,RIGID WALL POOL,PISCINA INFLABLE INFANTIL DIA. 150 CM
01t4w00000NunKuAAJ,GOLD UNICORN RING,FLOTADOR UNICORNIO 55 CM
01t4w00000NunL1AAJ,FLAMINGO RING,FLOTADOR FLAMINGO 55 CM
01t4w00000NunL2AAJ,SHINING FLAMINGO RIDER,FLOTADOR FLAMINGO GRANDE
01t4w00000NunL3AAJ,UNICORN FLOAT,FLOTADOR UNICORNIO GRANDE
01t4w00000NunL4AAJ,CIRCULAR KIDDY POOL,PISCINA INFLABLE INFANTIL DIA. 76 CM
01t4w00000NunL5AAJ,NEON FASHION POOL,PISCINA INFLABLE INFANTIL DIA. 150 CM
01t4w00000NunL8AAJ,CRAB VOLLEYBALL WATER SPORTS,VOLLEYBALL INFLABLE
01t4w00000NunLAAAZ,COLORFUL 3-RING POOL,PISCINA INFLABLE INFANTIL DIA. 100 CM
01t4w00000NunLBAAZ,GIANT RAINBOW POOL,PISCINA INFLABLE INFANTIL DIA. 150 CM
01t4w00000NunLCAAZ,GLITTER GOLD TUBE,FLOTADOR INFLABLE
01t4w00000NunLDAAZ,SEA ANIMAL PLAY POOL,PISCINA INFLABLE JUEGOS
01t4w00000NunLEAAZ,GLITTER GOLD SHELL MAT,FLOTADOR INFLABLE CONCHA
01t4w00000NunLFAAZ,GLITTER GOLD HEART RING,FLOTADOR INFLABLE CORAZON
01t4w00000NunLRAAZ,MOSAIC ANGEL WING MAT,FLOTADOR INFLABLE ALA DE ANGEL
01t4w00000NunM8AAJ,MOSAIC FISH TAIL CUP HOLDER,FLOTADOR INFLABLE COLA DE PEZ
01t4w00000NunM9AAJ,JUMBO SKULL MAT,COLCHONETA INFLABLE CALAVERA
01t4w00000NunMAAAZ,SHINING MERMAID RING,FLOTADOR INFLABLE SIRENA
01t4w00000NunMBAAZ,MOSAIC SWIM TUBE,FLOTADOR INFLABLE
01t4w00000NunMCAAZ,DRINK JUMBO MAT,COLCHONETA INFLABLE REFRESCO
01t4w00000NunMDAAZ,LOLLIPOP JUMBO MAT,COLCHONETA INFLABLE CARAMELO
01t4w00000NunMEAAZ,RAINBOW WATER LOUNGER,COLCHONETA INFLABLE ARCO IRIS
01t4w00000NunMFAAZ,ANGEL WING MAT,COLCHONETA INFLABLE ALA DE ANGEL
01t4w00000NunMGAAZ,WAVE MAT,COLCHONETA INFLABLE OLA
01t4w00000NunMHAAZ,ALPACA RING,FLOTADOR ALPACA 50 CM
01t4w00000NunMJAAZ,JUMBO ICE POP MAT,COLCHONETA INFLABLE HELADO
01t4w00000NunMKAAZ,JUMBO MERMAID MAT,COLCHONETA INFLABLE SIRENA
01t4w00000NunMLAAZ,JUMBO ICE CREAM CONE MAT,COLCHONETA INFLABLE HELADO
01t4w00000NunMMAAZ,ALPACA 3-RING POOL,PISCINA INFLABLE INFANTIL DIA. 100 CM
01t4w00000NunMNAAZ,BEE SWIM RING,FLOTADOR ABEJA 50 CM
01t4w00000NunMOAAZ,TRANSPARENT WHALE RIDER,FLOTADOR BALLENA
01t4w00000NunMPAAZ,ANIMAL PUNCHBAG TUMBLER,SACO DE BOXEO INFLABLE
01t4w00000NunMQAAZ,SEA TURTLE FLOAT,FLOTADOR TORTUGA
01t4w00000NunMRAAZ,SURFBOARD,TABLA DE SURF INFLABLE
01t4w00000NunMTAAZ,GLITTER PEACOCK FLOAT,FLOTADOR PAVO REAL
01t4w00000NunMUAAZ,2-RING FAMILY POOL,PISCINA INFLABLE INFANTIL
01t4w00000NunMVAAZ,CROCODILE RIDER,FLOTADOR COCODRILO
01t4w00000NunMXAAZ,JUMBO UNICORN FLOAT,FLOTADOR UNICORNIO GRANDE
01t4w00000NunMZAAZ,POOL LADDER,ESCALERA DE SEGURIDAD PISCINA 3 PELDAÑOS
01t4w00000NunMhAAJ,WAVE MAT,COLCHONETA INFLABLE OLA
01t4w00000NunNHAAZ,WOODEN TOYS,BANCO TALLER
01t4w00000NunNKAAZ,WOODEN TOYS,CUNA
01t4w00000NunNMAAZ,WOODEN TOY,CUNA
01t4w00000NunOOAAZ,"13.5""3ASST BEARS W/HEART",PELUCHE 34 CM OSO
01t4w00000NunOYAAZ,"10""11ASST ANIMALS",PELUCHE 26 CM ANIMALES
01t4w00000NunOZAAZ,"12""2ASST LLAMA",PELUCHE 39 CM LLAMA
01t4w00000NunOaAAJ,"10.5""4ASST BEARS",PELUCHE 32 CM OSO
01t4w00000NunObAAJ,"10""3ASST BEARS",PELUCHE 26 CM OSO CON CORAZON
01t4w00000NunOcAAJ,"14""2ASST BEARS",PELUCHE 28 CM OSO CON CORAZON
01t4w00000NunOdAAJ,"18""6ASST SOFA",PELUCHE 46 CM ASIENTO ANIMALES
01t4w00000NunOeAAJ,"22""4ASST LYING ANIMALS",PELUCHE 19 CM ANIMALES
01t4w00000NunOfAAJ,"15""2ASST RABBIT",PELUCHE 38 CM CONEJO
01t4w00000NunOgAAJ,"10""6ASST ANIMALS",PELUCHE 24 CM ANIMALES
01t4w00000NunOhAAJ,"10.5""5ASST ANIMALS",PELUCHE 27 CM ANIMALES
01t4w00000NunOiAAJ,"7.5""6ASST ANIMALS",PELUCHE 19 CM ANIMALES
01t4w00000NunOjAAJ,32CM 6ASST ANIMALS,PELUCHE  014 CM ANIMALES
01t4w00000NunOkAAJ,"10""7ASST BEARS",PELUCHE 25 OSO
01t4w00000NunOmAAJ,"17""6ASST SITTING DOGS",PELUCHE 43 CM PERRO
01t4w00000NunOnAAJ,"15""6ASST SITTING DOGS",PELUCHE 38 CM PERROS
01t4w00000NunOpAAJ,"7""6ASST ANIMALS",PELUCHE 18 CM ANIMALES
01t4w00000NunOtAAJ,"9.5""6ASST ANIMALS",PELUCHE 24 CM ANIMALES
01t4w00000NunOuAAJ,"16""WHITE BEAR W/HEART",PELUCHE 40 CM OSO CON CORAZON
01t4w00000NunOvAAJ,"15.5""4ASST ANIMALS",PELUCHE 39 CM ANIMALES
01t4w00000NunOwAAJ,"10""3ASST BEARS W/HEART",PELUCHE 27 CM OSO CON CORAZON
01t4w00000NunOxAAJ,"9""6ASST LYING ANIMALS",PELUCHE 016 CM ANIMALES
01t4w00000NunOyAAJ,"7""8ASST SITTING ANIMALS",PELUCHE 18 CM ANIMALES
01t4w00000NunP1AAJ,"16.5""4ASST BEARS",PELUCHE 42 CM OSO
01t4w00000NunP2AAJ,"16""4ASST ANIMALS",PELUCHE 40 CM ANIMALES
01t4w00000NunP3AAJ,"14.5""5ASST ANIMALS",PELUCHE 38 CM ANIMALES
01t4w00000NunP4AAJ,"7.5""6ASST BEARS",PELUCHE 19 CM OSO
01t4w00000NunP5AAJ,"9""4ASST ANIMALS",PELUCHE 23 CM ANIMALES
01t4w00000NunP6AAJ,"9""5ASST ANIMALS",PELUCHE 23 CM ANIMALES
01t4w00000NunP7AAJ,"15.5""5ASST BEARS",PELUCHE 39 CM OSO
01t4w00000NunP8AAJ,"10""6ASST ANIMALS",PELUCHE 25 CM ANIMALES
01t4w00000NunP9AAJ,"15""7ASST SITTING ANIMALS",PELUCHE 38 CM ANIMALES
01t4w00000NunPAAAZ,"14.5""6ASST ANIMALS",PELUCHE 37 CM ANIMALES
01t4w00000NunPBAAZ,"7""8ASST SITTING ANIMALS",PELUCHE 18 CM ANIMALES
01t4w00000NunPCAAZ,"9.5""10ASST ANIMALS",PELUCHE 24 CM ANIMALES
01t4w00000NunPDAAZ,"14.5""4ASST ANIMALS",PELUCHE 37 CM ANIMALES
01t4w00000NunPEAAZ,"14.5""6ASST ANIMALS",PELUCHE 37 CM ANIMALES
01t4w00000NunPFAAZ,"7""4ASST FLAMINGO",PELUCHE 017 CM FLAMINGO
01t4w00000NunPGAAZ,Foldable cooler,HIELERA CON BOLSA
01t4w00000NunPHAAZ,"10""3ASST BEARS",PELUCHE 25 CM 0SO CON CORAZON
01t4w00000NunPJAAZ,"7.5""6ASST DOGS",PELUCHE 19 CM PERRO
01t4w00000NunPKAAZ,"7""8ASST SITTING ANIMALS",PELUCHE 18 CM ANIMALES
01t4w00000NunPLAAZ,30CM 3ASST ANIMALS,PELUCHE 28 CM ANIMALES
01t4w00000NunPMAAZ,"7""4ASST LLAMA",PELUCHE 18 CM LLAMA
01t4w00000NunPOAAZ,"9.5""2ASST BEARS W/HEART",PELUCHE 24 CM OSO CON CORAZON
01t4w00000NunPPAAZ,38CM 5ASST LYING UNICORN,PELUCHE 21 CM UNICORNIO
01t4w00000NunPQAAZ,"7""6ASST BEARS",PELUCHE 18 CM OSO
01t4w00000NunPRAAZ,38CM 4ASST LYING UNICORN,PELUCHE 21 CM UNICORNIO
01t4w00000NunPSAAZ,"11""6ASST ANIMALS",PELUCHE 28 CM ANIMALES
01t4w00000NunPWAAZ,"13.5""6ASST UNICORN",PELUCHE 34 CM UNICORNIO
01t4w00000NunPXAAZ,95030021,PELUCHE 25 CM UNICORNIO
01t4w00000NunPbAAJ,53CM 3ASST LYING UNICORN,PELUCHE 26 CM UNICORNIO
01t4w00000NunPcAAJ,TWO SEAT SWING CHAIR,COLUMPIO BALACIN DOBLE
01t4w00000NunPdAAJ,53CM 4ASST LYING UNICORN,PELUCHE 26 CM UNICORNIO
01t4w00000NunPeAAJ,"14.5""4ASST SLOTH",PELUCHE 37 CM MONO
01t4w00000NunPfAAJ,53CM 3ASST LYING UNICORN,PELUCHE 28 CM UNICORNIO
01t4w00000NunPgAAJ,2ASST 58CM UNICORN,PELUCHE 28 CM UNICORNIO
01t4w00000NunQ5AAJ,130cm bear,PELUCHE 130 CM OSO CLASICO
01t4w00000NunQ6AAJ,130cm bear,PELUCHE 130 CM OSO CLASICO
01t4w00000NunQ7AAJ,130cm bear,PELUCHE 130 CM OSO CLASICO
01t4w00000NunQ8AAJ,130cm bear,PELUCHE 130 CM OSO CLASICO
01t4w00000NunQ9AAJ,130cm bear,PELUCHE 130 CM OSO CLASICO
01t4w00000NunQAAAZ,105CM bunny,PELUCHE 105 CM CONEJO
01t4w00000NunQBAAZ,105CM bunny,PELUCHE 105 CM CONEJO
01t4w00000NunQCAAZ,100CM rainbow duck,PELUCHE 100 CM PATO
01t4w00000NunQDAAZ,72 cm lama,PELUCHE 72 CM LLAMA
01t4w00000NunQEAAZ,92cm flying horse with wings,PELUCHE 92 CM UNICORNIO
01t4w00000NunQFAAZ,64cm dino,PELUCHE 64 CM DINOSAURIO
01t4w00000NunQGAAZ,65cm unicorn,PELUCHE 65 CM UNICORNIO
01t4w00000NunQHAAZ,65cm panda,PELUCHE 65 CM PANDA
01t4w00000NunQIAAZ,110cm narwhal,PELUCHE 110 CM BALLENA
01t4w00000NunQJAAZ,63cm cow,PELUCHE 64 CM TORO
01t4w00000NunQKAAZ,66cm flamingo,PELUCHE 66 CM FLAMINGO
01t4w00000NunQLAAZ,64cm husky,PELUCHE 64 CM HUSKY
01t4w00000NunQMAAZ,76cm giraffe,PELUCHE 76 CM JIRAFA
01t4w00000NunQNAAZ,116cm shark,PELUCHE 116 CM TIBURON
01t4w00000NunQOAAZ,20cm bunny,PELUCHE 20 CM CONEJO
01t4w00000NunQPAAZ,20cm wall decoration,PELUCHE 20 CM ANIMALES PARED
01t4w00000NunQQAAZ,100cm animal plush,PELUCHE 100 CM ANIMALES
01t4w00000NunQRAAZ,21cm dog,PELUCHE 21 CM PERRO
01t4w00000NunQSAAZ,100cm bear,PELUCHE 100 CM OSO
01t4w00000NunQTAAZ,30cm dog and lama,PELUCHE 30 CM PERRO
01t4w00000NunQUAAZ,58cm sitting animal with baby plush,PELUCHE 58 CM ANIMALES CON BEBE
01t4w00000NunQVAAZ,100cm animal plush,PELUCHE 100 CM ANIMALES
01t4w00000NunQWAAZ,60cm lying wild animal,PELUCHE 60 CM ANIMALES
01t4w00000NunQXAAZ,60cm lying unicorn & horse,PELUCHE 60 CM ANIMALES
01t4w00000NunQYAAZ,80cm animal plush,PELUCHE 80 CM ANIMALES
01t4w00000NunQZAAZ,68cm squatting sheep,PELUCHE 68 CM CABRA
01t4w00000NunQaAAJ,100cm animal plush,PELUCHE 100 CM ANIMALES
01t4w00000NunQbAAJ,"80cm frog, bunny, sheep",PELUCHE 80 CM ANIMALES
01t4w00000NunQcAAJ,52cm sitting panda,PELUCHE 52 CM PANDA
01t4w00000NunQdAAJ,60cm animal plush,PELUCHE 60 CM ANIMALES
01t4w00000NunQeAAJ,25cm sitting (full length 35cm) plush,PELUCHE 35 CM ANIMALES
01t4w00000NunQfAAJ,25cm dog,PELUCHE 25 CM PERRO
01t4w00000NunQgAAJ,35cm dog,PELUCHE 35 CM PERRO
01t4w00000NunQhAAJ,29cm sitting monkey and giraffe,PELUCHE 29 CM ANIMALES
01t4w00000NunQiAAJ,39cm squatting unicorn & giraffe,PELUCHE 39 CM ANIMALES
01t4w00000NunQjAAJ,36cm cat,PELUCHE 36 CM GATO
01t4w00000NunQkAAJ,39cm animal pllush,PELUCHE 39 CM ANIMALES
01t4w00000NunQlAAJ,32cm sitting bunny,PELUCHE 32 CM CONEJO
01t4w00000NunQmAAJ,24cm bear,PELUCHE 24 CM OSO
01t4w00000NunQnAAJ,32cm cloud,PELUCHE 32 CM NUBE
01t4w00000NunQoAAJ,35cm bear,PELUCHE 35 CM OSO
01t4w00000NunQpAAJ,25cm bunny and fox,PELUCHE 25 CM ANIMALES
01t4w00000NunQqAAJ,21cm lying raccoon,PELUCHE 21 CM MAPACHE
01t4w00000NunQrAAJ,31cm bear with scarf,PELUCHE 31 CM OSO
01t4w00000NunQsAAJ,15cm melon 20cm orange 32cm banana 27cm pineapple 30cm avocado,PELUCHE FRUTAS
01t4w00000NunQtAAJ,20cm donut 23cm bread 31cm long bread 21cm cake 21cm sandwich,PELUCHE ALIMENTOS
01t4w00000NunQuAAJ,21cm anteater,PELUCHE 21 CM OSO HORMIGUERO
01t4w00000NunQwAAJ,55cm lama,PELUCHE 55 CM LLAMA
01t4w00000NunQxAAJ,35cm animal plush,PELUCHE 35 CM ANIMALES
01t4w00000NunQyAAJ,59cm giraffe,PELUCHE 59 CM JIRAFA
01t4w00000NunQzAAJ,50cm dino,PELUCHE 50 CM DINOSAURIO
01t4w00000NunR0AAJ,100CM bear,PELUCHE 100 CM OSO
01t4w00000NunR1AAJ,65cm bear and dog,PELUCHE 65 CM ANIMALES
01t4w00000NunR2AAJ,200cm caterpilar,PELUCHE 200 CM ORUGA
01t4w00000NunR3AAJ,100cm dog and bear,PELUCHE 100 CM ANIMALES
01t4w00000NunR4AAJ,40cm anteater,PELUCHE 40 CM OSO HORMIGUERO
01t4w00000NunR5AAJ,84cm penguin,PELUCHE 84 CM PINGÜINO
01t4w00000NunR6AAJ,36cm animal plush,PELUCHE 36 CM ANIMALES
01t4w00000NunR7AAJ,130cm bear and panda,PELUCHE 130 CM OSO CLASICO
01t4w00000NunR8AAJ,135cm panda,PELUCHE 135 CM PANDA
01t4w00000NunR9AAJ,130cm bear & elephant with baby,PELUCHE 130 CM ANIMALES CON BEBE
01t4w00000NunRBAAZ,100cm animal plush,PELUCHE 100 CM ANIMALES
01t4w00000NunRCAAZ,85cm unicorn and flying horse,PELUCHE 85 CM UNICORNIO
01t4w00000NunRDAAZ,90CM bear,PELUCHE 90 CM OSO
01t4w00000NunREAAZ,80CM racoon and sloth,PELUCHE 80 CM ANIMALES
01t4w00000NunRFAAZ,60cm animal plush,PELUCHE 60 CM ANIMALES
01t4w00000NunRGAAZ,70CM lying unicorn,PELUCHE 70 CM UNICORNIO
01t4w00000NunRHAAZ,120cm unicorn and flying horse,PELUCHE 120 CM UNICORNIO
01t4w00000NunRJAAZ,78CM bear,PELUCHE 78 CM OSO
01t4w00000NunRKAAZ,64cm animal plush,PELUCHE 64 CM ANIMALES
01t4w00000NunRNAAZ,60cm penguin,PELUCHE 60 CM PINGÜINO
01t4w00000NunROAAZ,90cm  lying giraffe,PELUCHE 90 CM JIRAFA
01t4w00000NunRPAAZ,60cm animal plush,PELUCHE 60 CM ANIMALES
01t4w00000NunRQAAZ,39cm star with hat,PELUCHE 39 CM ESTRELLA
01t4w00000NunRRAAZ,37cm sitting flamingo,PELUCHE 37 CM FLAMINGO
01t4w00000NunRSAAZ,35cm animal plush,PELUCHE 35 CM ANIMALES
01t4w00000NunRTAAZ,37cm animal plush,PELUCHE 37 CM ANIMALES
01t4w00000NunRUAAZ,30cm bear and dog,PELUCHE 30 CM ANIMALES
01t4w00000NunRVAAZ,29cm lama,PELUCHE 29 CM LLAMA
01t4w00000NunRWAAZ,MULTINFUCTION,CUNA MULTIFUNCION
01t4w00000NunRXAAZ,MULTINFUCTION,CUNA MULTIFUNCION
01t4w00000NunRdAAJ,KITCHEN RACK,ESTANTERIA 4 NIVELES
01t4w00000NunReAAJ,6 FT FOLDING HDPE TABLE WOODEN DESIGN,MESA RESINA IMITACION MADERA PLEGABLE
01t4w00000NunRfAAJ,FOLDING PLASTIC CHAIR,SILLA RESINA IMITACION MADERA
01t4w00000NunRhAAJ,LADDER SHELF,ESTANTERIA 4 NIVELES
01t4w00000NunRjAAJ,HALLSTAND WITH SHELF,PERCHERO ZAPATERO
01t4w00000NunRlAAJ,KITCHEN RACK,ESTANTERIA 4 NIVELES
01t4w00000NunRnAAJ,DINNING CHAIR,SILLA DE COMEDOR TELA
01t4w00000NunRpAAJ,FABRIC DINING CHAIR,SILLA DE COMEDOR TELA
01t4w00000NunRrAAJ,DINNING CHAIR,SILLA DE COMEDOR TELA
01t4w00000NunRtAAJ,FABRIC DINING CHAIR,SILLA DE COMEDOR TELA
01t4w00000NunRvAAJ,DINNING CHAIR,SILLA DE COMEDOR TELA
01t4w00000NunRxAAJ,DINNING CHAIR,SILLA DE COMEDOR TELA
01t4w00000NunRzAAJ,DINNING CHAIR,SILLA DE COMEDOR TELA
01t4w00000NunS1AAJ,BAR STOOL,BANCO BAR PU
01t4w00000NunS3AAJ,GAMING CHAIR,SILLA GAMING
01t4w00000NunS5AAJ,GAMING CHAIR,SILLA GAMING
01t4w00000NunS7AAJ,ARMCHAIR,SILLON TELA
01t4w00000NunS9AAJ,FABRIC DINING CHAIR,SILLA COMEDOR TELA
01t4w00000NunSDAAZ,FABRIC DINING CHAIR,SILLA COMEDOR TELA
01t4w00000NunSJAAZ,SELFIES LED TABLE LAMP,LAMPARA LED SELFIES SOBREMESA
01t4w00000NunSKAAZ,SELFIES TRIPOD LED LAMP FOR MOBILE,LAMPARA LED SELFIES TRÍPODE PARA MOVIL
01t4w00000NunSLAAZ,SELFIES TRIPOD LED LAMP FOR MOBILE,LAMPARA LED SELFIES TRÍPODE PARA MOVIL
01t4w00000NunSNAAZ,80cm animal plush,PELUCHE 80 CM PERRO
01t4w00000NunSPAAZ,80cm animal plush,PELUCHE 130 CM ELEFANTE
01t4w00000NunSRAAZ,37cm dog,PELUCHE 37 CM PERRO
01t4w00000NunSTAAZ,80cm animal plush,PELUCHE 200 CM MONO
01t4w00000NunSVAAZ,"80cm frog, bunny, sheep",PELUCHE 80 CM UNICORNIO
01t4w00000NunSXAAZ,110cm narwhal,PELUCHE 110 CM UNICORNIO
01t4w00000NunSZAAZ,30cm animal,PELUCHE 30 CM CIERVO
01t4w00000NunSbAAJ,100cm animal plush,PELUCHE 100 CM KOALA
01t4w00000NunSiAAJ,PTC TABLETOP HEATER 1200W,CALENTADOR SOBREMESA PTC 1200W
01t4w00000NunSlAAJ,STEEL LOVESEAT HANGING CHAIR KD,COLUMPIO COLGANTE CON COJIN DOBLE (DESMONTABLE)
01t4w00000NunSnAAJ,STEEL LOVESEAT HANGING CHAIR FIXED,COLUMPIO COLGANTE CON COJIN DOBLE  (FIJO)
01t4w00000NunSpAAJ,STEEL HANGING CHAIR KD,COLUMPIO COLGANTE CON COJIN (DESMONTABLE)
01t4w00000NunSrAAJ,STEEL HANGING CHAIR KD,COLUMPIO COLGANTE CON COJIN (DESMONTABLE)
01t4w00000NunSsAAJ,BOWLING,BOLICHE GRANDE 12 PZAS
01t4w00000NunStAAJ,DOMINO GAME,DOMINÓ
01t4w00000NunSuAAJ,DOMINO GAME,DOMINÓ
01t4w00000NunSvAAJ,DOMINO GAME,DOMINÓ
01t4w00000NunSwAAJ,LADDER GAME,JUEGO DE MESA SERPIENTES Y ESCALERAS
01t4w00000NunSxAAJ,GOOSE GAME FLOOR CHESSBOARD,JUEGO DE GANSO EN SUELO
01t4w00000NunSyAAJ,5 IN 1 MAGNETIC GAME,JUEGO DE MESA MAGNETICO 5 EN 1
01t4w00000NunSzAAJ,8 IN 1 MAGNETIC GAME,JUEGO DE MESA MAGNETICO 8 EN 1
01t4w00000NunT0AAJ,5 IN 1 GAME,JUEGO DE MESA TRAGABOLAS
01t4w00000NunT1AAJ,12 IN 1 CHESS GAME,JUEGO DE MESA 12 EN 1
01t4w00000NunT2AAJ,FOLDING PLASTIC CHAIR,SILLA RESINA IMITACION RATAN
01t4w00000NunT6AAJ,HEATER,CALENTADOR PISO 750/1250/2000W
01t4w00000NunT8AAJ,FOLDING COMPUTER DESK,MESA ESCRITORIO
01t4w00000NunTAAAZ,FOLDING TABLE,MESA ESCRITORIO
01t4w00000NunTCAAZ,SOFA BED,SOFA CAMA
01t4w00000NunTGAAZ,Soccer stool,SILLON INFANTIL PUFF FUTBOL
01t4w00000NunTIAAZ,COFFE TABLE,MESA AUXILIAR
01t4w00000NunTSAAZ,DINING SET,SET COMEDOR MDF + 4 SILLAS
01t4w00000NunTVAAZ,STEEL LOVESEAT HANGING CHAIR KD,COLUMPIO COLGANTE CON COJIN DOBLE (DESMONTABLE)
01t4w00000NunTYAAZ,FOLDING BENCH ? 4.5 cm,BANCA RESINA PLEGABLE
01t4w00000NunTbAAJ,122 CM FOLDING TABLE,MESA RESINA PLEGABLE Φ 4 cm
01t4w00000NunTeAAJ,6 FT FOLDING HDPE TABLE WOODEN DESIGN,MESA RESINA IMITACION MADERA PLEGABLE
01t4w00000NunTgAAJ,FOLDING PLASTIC CHAIR,SILLA RESINA IMITACION MADERA
01t4w00000NunTiAAJ,TV STAND,"TV STAND MUEBLE CRISTAL SOPORTE 32-65"""
01t4w00000NunTkAAJ,TV STAND,"TV STAND MUEBLE CRISTAL SOPORTE 32-65"""
01t4w00000NunTmAAJ,TABLE & CHAIRS SET,SET MESA DOBLE CARA PIZARRON + 2 SILLAS CON CAJONES INFANTIL
01t4w00000NunTpAAJ,HEATER,CALENTADOR PISO 750/1250/2000W
01t4w00000NunTtAAJ,PERSONAL TABLE,MESA RESINA PERSONAL
01t4w00000NunTxAAJ,FABRIC DINING CHAIR,SILLA COMEDOR TELA
01t4w00000NunTzAAJ,FABRIC DINING CHAIR,SILLA COMEDOR TELA
01t4w00000NunU1AAJ,DINNING CHAIR,SILLA COMEDOR TELA
01t4w00000NunU7AAJ,DINNING SET MDF + 4 CHAIRS,SET COMEDOR MDF + 4 SILLAS
01t4w00000NunU8AAJ,DINNING SET MDF + 4 CHAIRS,SET COMEDOR MDF + 4 SILLAS
01t4w00000NunU9AAJ,DINNING SET MDF + 4 CHAIRS + BENCH,SET COMEDOR MDF + 4 SILLAS + BANCO
01t4w00000NunUAAAZ,DINNING SET MDF + 4 CHAIRS,SET COMEDOR MDF + 4 SILLAS
01t4w00000NunUBAAZ,DINNING SET MDF + 4 CHAIRS,SET COMEDOR MDF + 4 SILLAS
01t4w00000NunUDAAZ,6 PCS PATIO SET,SET JARDIN 6 PIEZAS
01t4w00000NunUFAAZ,6 PCS PATIO SET,SET COMEDOR 6 PIEZAS
01t4w00000NunULAAZ,SOFA BED,SOFA CAMA
01t4w00000NunUNAAZ,MANUAL ROCKER RECLINER CHAIR,SILLON RECLINABLE MANUAL GIRATORIO
01t4w00000NunUPAAZ,BOOKSHELF,ESTANTERIA 4 NIVELES TRANSFORMER
01t4w00000NunURAAZ,SIDEBOARD,APARADOR 2 PUERTAS
01t4w00000NunUTAAZ,TV STAND,CENTRO ENTRETENIMIENTO 2 CAJONES
01t4w00000NunUXAAZ,COFFE TABLE,MESA AUXILIAR
01t4w00000NunUZAAZ,SET NESTING SIDE TABLES,SET MESAS AUXILIARES 2 PIEZAS
01t4w00000NunUbAAJ,TABLE RACK,SET MESAS AUXILIARES 2 PIEZAS
01t4w00000NunUdAAJ,TABLE,MESA COMEDOR RECTANGULAR
01t4w00000NunUhAAJ,DINING SET,SET COMEDOR MDF + 2 SILLAS AHORRAESPACIO
01t4w00000NunUlAAJ,DINING SET,SET COMEDOR MDF + 4 SILLAS
01t4w00000NunUnAAJ,DINING SET,SET COMEDOR MDF + 4 SILLAS
01t4w00000NunUpAAJ,Kitchen trolley,CARRITO ISLA COCINA
01t4w00000NunUrAAJ,Kitchen trolley,CARRITO ORGANIZADOR COCINA 3 NIVELES
01t4w00000NunUvAAJ,EXPANDABLE HOSE 7.5 MT WITH 8 FUNCTION GUN,"MANGUERA EXPANDIBLE 7,5 MT C/PISTOLA 8 FUNCIONES"
01t4w00000NunUxAAJ,EXPANDABLE HOSE 15 MT WITH GUN 7 FUNCTIONS,MANGUERA EXPANDIBLE 15 MT C/PISTOLA 7 FUNCIONES
01t4w00000NunV0AAJ,EXPANDABLE HOSE 22 MT WITH 8 FUNCTION GUN,MANGUERA EXPANDIBLE 22 MT C/PISTOLA 8 FUNCIONES
01t4w00000NunV1AAJ,EXPANDABLE HOSE 30 MT WITH 8 FUNCTION GUN,MANGUERA EXPANDIBLE 30 MT C/PISTOLA 8 FUNCIONES
01t4w00000NunV3AAJ,EXPANDABLE HOSE 7.5 MT WITH 8 FUNCTION GUN,"MANGUERA EXPANDIBLE 7,5 MT C/PISTOLA 8 FUNCIONES"
01t4w00000NunV5AAJ,EXPANDABLE HOSE 15 MT WITH 8 FUNCTION GUN,MANGUERA EXPANDIBLE 15 MT C/PISTOLA 8 FUNCIONES
01t4w00000NunV7AAJ,EXPANDABLE HOSE 22 MT WITH 8 FUNCTION GUN,MANGUERA EXPANDIBLE 22 MT C/PISTOLA 8 FUNCIONES
01t4w00000NunV9AAJ,EXPANDABLE HOSE 30 MT WITH GUN 8 FUNCTIONS,MANGUERA EXPANDIBLE 30 MT C/PISTOLA 8 FUNCIONES
01t4w00000NunVBAAZ,EXPANDABLE HOSE 7.5 MT WITH 8 FUNCTION GUN,"MANGUERA EXPANDIBLE 7,5 MT C/PISTOLA 8 FUNCIONES"
01t4w00000NunVDAAZ,EXPANDABLE HOSE 15 MT WITH GUN 8 FUNCTIONS,MANGUERA EXPANDIBLE 15 MT C/PISTOLA 8 FUNCIONES
01t4w00000NunVFAAZ,EXPANDABLE HOSE 22 MT WITH 8 FUNCTION GUN,MANGUERA EXPANDIBLE 22 MT C/PISTOLA 8 FUNCIONES
01t4w00000NunVHAAZ,EXPANDABLE HOSE 30 MT WITH GUN 8 FUNCTIONS,MANGUERA EXPANDIBLE 30 MT C/PISTOLA 8 FUNCIONES
01t4w00000NunVJAAZ,EXPANDABLE HOSE 7.5 MT WITH 8 FUNCTION GUN,"MANGUERA EXPANDIBLE 7,5 MT C/PISTOLA 8 FUNCIONES"
01t4w00000NunVLAAZ,EXPANDABLE HOSE 15 MT WITH GUN 8 FUNCTIONS,MANGUERA EXPANDIBLE 15 MT C/PISTOLA 8 FUNCIONES
01t4w00000NunVPAAZ,EXPANDABLE HOSE 7.5 MT WITH 8 FUNCTION GUN,"MANGUERA EXPANDIBLE 7,5 MT C/PISTOLA 8 FUNCIONES"
01t4w00000NunVRAAZ,EXPANDABLE HOSE 15 MT WITH GUN 8 FUNCTIONS,MANGUERA EXPANDIBLE 15 MT C/PISTOLA 8 FUNCIONES
01t4w00000NunVTAAZ,EXPANDABLE HOSE 22 MT WITH 7 FUNCTION GUN,MANGUERA EXPANDIBLE 22 MT C/PISTOLA 7 FUNCIONES
01t4w00000NunVVAAZ,EXPANDABLE HOSE 30 MT WITH GUN 8 FUNCTIONS,MANGUERA EXPANDIBLE 30 MT C/PISTOLA 8 FUNCIONES
01t4w00000NunVXAAZ,EXPANDABLE HOSE 7.5 MT WITH 8 FUNCTION GUN,"MANGUERA EXPANDIBLE 7,5 MT C/PISTOLA 8 FUNCIONES"
01t4w00000NunVZAAZ,EXPANDABLE HOSE 15 MT WITH GUN 7 FUNCTIONS,MANGUERA EXPANDIBLE 15 MT C/PISTOLA 7 FUNCIONES
01t4w00000NunVbAAJ,EXPANDABLE HOSE 22 MT WITH 7 FUNCTION GUN,MANGUERA EXPANDIBLE 22 MT C/PISTOLA 7 FUNCIONES
01t4w00000NunVdAAJ,EXPANDABLE HOSE 30 MT WITH GUN 8 FUNCTIONS,MANGUERA EXPANDIBLE 30 MT C/PISTOLA 8 FUNCIONES
01t4w00000NunVfAAJ,EXPANDABLE HOSE 7.5 MT WITH 8 FUNCTION GUN,"MANGUERA EXPANDIBLE 7,5 MT C/PISTOLA 8 FUNCIONES"
01t4w00000NunVhAAJ,EXPANDABLE HOSE 15 MT WITH 8 FUNCTION GUN,MANGUERA EXPANDIBLE 15 MT C/PISTOLA 8 FUNCIONES
01t4w00000NunVjAAJ,EXPANDABLE HOSE 22 MT WITH 8 FUNCTION GUN,MANGUERA EXPANDIBLE 22 MT C/PISTOLA 8 FUNCIONES
01t4w00000NunVlAAJ,EXPANDABLE HOSE 30 MT WITH GUN 8 FUNCTIONS,MANGUERA EXPANDIBLE 30 MT C/PISTOLA 8 FUNCIONES
01t4w00000NunVnAAJ,EXPANDABLE HOSE 7.5 MT WITH 8 FUNCTION GUN,"MANGUERA EXPANDIBLE 7,5 MT C/PISTOLA 8 FUNCIONES"
01t4w00000NunVpAAJ,EXPANDABLE HOSE 15 MT WITH 8 FUNCTION GUN,MANGUERA EXPANDIBLE 15 MT C/PISTOLA 8 FUNCIONES
01t4w00000NunVrAAJ,FOLDING TABLE,"MESA RESINA PLEGABLE - Φ 4,5 cm"
01t4w00000NunVtAAJ,ECO CANTILEVER UMBRELLA,SOMBRILLA JARDIN LATERAL CON BASE EN CRUZ
01t4w00000NunVvAAJ,SOFA BED,SOFA CAMA
01t4w00000NunVxAAJ,SOFA BED,SOFA CAMA
01t4w00000NunVzAAJ,ROUND CERAMIC CHARCOAL GRILL WITH SIDE TABLES,ASADOR CARBON CERAMICO REDONDO CON MESAS LATERALES
01t4w00000NunW1AAJ,BOOKCASE,ESTANTERIA PARA LIBROS CON CAJONES
01t4w00000NunW3AAJ,BOOKCASE,ESTANTERIA PARA LIBROS CON CAJONES
01t4w00000NunW5AAJ,BOOKCASE,ESTANTERIA PARA LIBROS
01t4w00000NunW7AAJ,BOOKCASE,ESTANTERIA PARA LIBROS
01t4w00000NunW9AAJ,FOLDING TABLE,"MESA RESINA PLEGABLE - Φ 3,6 cm"
01t4w00000NunWAAAZ,6 FT FOLDING HDPE TABLE,MESA RESINA PLEGABLE Φ 4 cm
01t4w00000NunWBAAZ,6 FT FOLDING HDPE TABLE WOODEN DESIGN,MESA RESINA IMITACION MADERA PLEGABLE
01t4w00000NunWGAAZ,6FT FOLDING HDPE BENCH,BANCA RESINA PLEGABLE
01t4w00000NunWIAAZ,3PCS BEER TABLE SET,SET MESA + 2 BANCOS RESINA PLEGABLE
01t4w00000NunWKAAZ,3m  Market Umbrella,SOMBRILLA JARDIN 6 RIBS
01t4w00000NunWOAAZ,RECTANGULAR TABLE,MESA JARDIN RECTANGULAR
01t4w00000NunWQAAZ,SQUIRE TABLE,MESA JARDIN CUADRADO
01t4w00000NunWRAAZ,TABLE GLASS,MESA JARDIN REDONDA
01t4w00000NunWSAAZ,6FT FOLDING HDPE TABLE,MESA RESINA PLEGABLE
01t4w00000NunWUAAZ,Sharp top folding gazebo,GAZEBO PLAYA
01t4w00000NunWWAAZ,Terrace Chair,SILLA DE TERRAZA
01t4w00000NunWYAAZ,ROUND GARDEN TABLE,MESA JARDIN REDONDA
01t4w00000NunWaAAJ,Relax swing,COLUMPIO BALACIN DOBLE
01t4w00000NunWcAAJ,STEEL HANGING CHAIR,COLUMPIO COLGANTE CON COJIN
01t4w00000NunWeAAJ,STEEL HANGING CHAIR,COLUMPIO COLGANTE CON COJIN
01t4w00000NunWgAAJ,STEEL HANGING CHAIR,COLUMPIO COLGANTE CON COJIN (DESMONTABLE)
01t4w00000NunWiAAJ,STEEL HANGING CHAIR,COLUMPIO COLGANTE CON COJIN (DESMONTABLE)
01t4w00000NunX0AAJ,BALCONY SET,SALA DE PATIO WICKER 3 PIEZAS
01t4w00000NunX4AAJ,LANTERN SOLAR LIGHT,LAMPARA SOLAR LINTERNA
01t4w00000NunX6AAJ,LANTERN SOLAR LIGHT,LAMPARA SOLAR LINTERNA
01t4w00000NunX8AAJ,LANTERN SOLAR LIGHT,LAMPARA SOLAR LINTERNA
01t4w00000NunXCAAZ,Steel textilene chair,SILLA COMEDOR ACERO TEXTILENO
01t4w00000NunXDAAZ,Susa steel folding chair,SILLA PLEGABLE ACERO
01t4w00000NunXEAAZ,Steel balcony bistro of 3,SET BISTRO METALICO 3 PIEZAS
01t4w00000NunXFAAZ,Thule steel rattan lounge,TUMBONA PLAYA
01t4w00000NunXGAAZ,SOLAR SHADOW LIGHT,LAMPARA SOLAR HOJAS
01t4w00000NunXHAAZ,Steel balcony bistro of 3,SET BISTRO METALICO 3 PIEZAS
01t4w00000NunXJAAZ,SOLAR SHADOW LIGHT,LAMPARA SOLAR RAMAS
01t4w00000NunXLAAZ,LANTERN SOLAR LIGHT,LAMPARA SOLAR LINTERNA
01t4w00000NunXNAAZ,Tanis steel rattan dinging set of 4,SET COMEDOR WICKER CON COJIN
01t4w00000NunXOAAZ,Rocky steel rattan chat of 3,SET BISTRO WICKER 3 PIEZAS CON COJIN
01t4w00000NunXQAAZ,LANTERN SOLAR LIGHT,LAMPARA SOLAR COLGANTE
01t4w00000NunXUAAZ,Laguna steel rattan sofa set of 4,SET COMEDOR WICKER CON COJIN 4 PIEZAS
01t4w00000NunXWAAZ,LANTERN SOLAR LIGHT,LAMPARA SOLAR LINTERNA
01t4w00000NunXaAAJ,LANTERN SOLAR LIGHT,LAMPARA SOLAR LUNA
01t4w00000NunXcAAJ,LANTERN SOLAR LIGHT,LAMPARA SOLAR COLGANTE
01t4w00000NunXeAAJ,LANTERN SOLAR LIGHT,LAMPARA SOLAR FLOR
01t4w00000NunXfAAJ,Mentor steel textilene lounge,TUMBONA PLAYA
01t4w00000NunXhAAJ,LED SOLAR LIGHT,SERIE DE LUZ SOLAR DECORATIVA
01t4w00000NunXjAAJ,LED SOLAR LIGHT,SERIE DE LUZ SOLAR DECORATIVA
01t4w00000NunXlAAJ,Seattle steel conversation set of 4,SALA DE PATIO METALICA CON COJIN 4 PIEZAS
01t4w00000NunXnAAJ,Ribe steel rattan set of 3,SET COMEDOR 3 PIEZAS AHORRA ESPACIO WICKER CON COJIN
01t4w00000NunXpAAJ,Lund steel rattan square trolley,CARRITO APOYO CUADRADO
01t4w00000NunXqAAJ,Tilburg II Rattan sofa set of 4,SALA DE PATIO WICKER 4 PIEZAS
01t4w00000NunXtAAJ,Lund round trolley,CARRITO APOYO REDONDO
01t4w00000NunXvAAJ,Tilburg steel rattan set of 3,SET BISTRO WICKER 3 PIEZAS CON COJIN
01t4w00000NunXxAAJ,Seattle steel lounge sofa set of 4,SALA DE PATIO METALICA 4 PIEZAS CON COJINES
01t4w00000NunXzAAJ,Egg sofa chair,SILLA HUEVO ROTA
01t4w00000NunY1AAJ,Fyn steel rattan sofa,SILLA HUEVO ROTA
01t4w00000NunY3AAJ,CHILDREN´S CHAIR,SILLA INFANTIL PLASTICO
01t4w00000NunY5AAJ,CHILDREN´S CHAIR,SILLA INFANTIL PLASTICO
01t4w00000NunY7AAJ,CHILDREN´S CHAIR,SILLA INFANTIL PLASTICO
01t4w00000NunY9AAJ,STOOL COOL BOX,TABURETE AUXILIAR HIELERA
01t4w00000NunYGAAZ,STOOL COOL BOX,TABURETE AUXILIAR HIELERA
01t4w00000NunYKAAZ,DINING SET,SET COMEDOR MDF + 2 SILLAS AHORRAESPACIO
01t4w00000NunYNAAZ,DINING SET,SET COMEDOR MDF + 2 SILLAS AHORRAESPACIO
01t4w00000NunYRAAZ,Rattan sofa set,SALA DE PATIO RATAN 3 PIEZAS
01t4w00000NunYSAAZ,Rattan Sofa Set,SALA DE PATIO WICKER 5 PIEZAS
01t4w00000NunYTAAZ,Rattan sofa set,SET SOFA EN ESQUINA 7 PIEZAS
01t4w00000NunYVAAZ,Rattan KD Sofa Set,SALA DE PATIO WICKER 4 PIEZAS
01t4w00000NunYXAAZ,Steel foldable rattan Lounge Chaise,TUMBONA PLEGABLE
01t4w00000NunYaAAJ,STEEL 6PC FOLDING SET,SET COMEDOR PLEGABLE 6 PIEZAS
01t4w00000NunYbAAJ,8PC Deluxe Folding set,SET COMEDOR CON SOMBRILLA 8 PIEZAS
01t4w00000NunYfAAJ,6PC Patio Set,SET COMEDOR 6 PIEZAS
01t4w00000NunYhAAJ,5pc Steel Set,SET COMEDOR 5 PIEZAS
01t4w00000NunYjAAJ,Oversize-Steel Zero Gravity Chair,SILLA DOBLE PLAYA
01t4w00000NunYmAAJ,RACING CHAIR,SILLA GAMING
01t4w00000NunYoAAJ,RACING CHAIR,SILLA GAMING
01t4w00000NunYsAAJ,DINING SET,SET COMEDOR 8 PIEZAS
01t4w00000NunYuAAJ,TABLE - 8 PIECE GARDEN SET (G108109A),MESA - SET JARDIN 8 PIEZAS (G108109A)
01t4w00000NunYwAAJ,GARDEN CHAIR,SILLA - SET JARDIN 8 PIEZAS (G108109A)
01t4w00000NunYyAAJ,GARDEN UMBRELLA,SOMBRILLA - SET JARDIN 8 PIEZAS (G108109A)
01t4w00000NunZ0AAJ,7PC Patio Set,SET COMEDOR 7 PIEZAS
01t4w00000NunZ2AAJ,TABLE - GARDEN SET 8 PIECES (G108114A),MESA - SET JARDIN 8 PIEZAS (G108114A)
01t4w00000NunZ4AAJ,DINING SET,SET COMEDOR 5 PIEZAS
01t4w00000NunZ5AAJ,DINING SET,SET COMEDOR  8 PIEZAS
01t4w00000NunZ7AAJ,GARDEN CHAIR,SILLA - SET JARDIN 8 PIEZAS(G108114A)
01t4w00000NunZ9AAJ,GARDEN UMBRELLA,SOMBRILLA - SET JARDIN 8 PIEZAS (G108114A)
01t4w00000NunZCAAZ,TABLE - GARDEN SET 5 PIECES (G108118A),MESA - SET JARDIN 5 PIEZAS (G108118A)
01t4w00000NunZEAAZ,GARDEN CHAIR,SILLA - SET JARDIN 5 PIEZAS (G108118A)
01t4w00000NunZGAAZ,DINING SET 6PCS WITH UMBRELLA,SET COMEDOR 6 PIEZAS CON SOMBRILLA
01t4w00000NunZIAAZ,TABLE - 6 PIECE GARDEN SET (G108121A),MESA - SET JARDIN 6 PIEZAS (G108121A)
01t4w00000NunZKAAZ,GARDEN CHAIR,SILLA - SET JARDIN 6 PIEZAS (G108121A)
01t4w00000NunZMAAZ,DINING SET,SET COMEDOR 6 PIEZAS
01t4w00000NunZOAAZ,TABLE - 6 PIECE GARDEN SET (G108124A),MESA - SET JARDIN 6 PIEZAS (G108124A)
01t4w00000NunZQAAZ,GARDEN CHAIR,SILLA - SET JARDIN 6 PIEZAS (G108124A)
01t4w00000NunZSAAZ,GARDEN UMBRELLA,SOMBRILLA - SET JARDIN 6 PIEZAS (G108124A)
01t4w00000NunZUAAZ,DINING SET,SET COMEDOR 5 PIEZAS
01t4w00000NunZWAAZ,TABLE - GARDEN SET 5 PIECES (G108128A),MESA - SET JARDIN 5 PIEZAS (G108128A)
01t4w00000NunZYAAZ,GARDEN CHAIR,SILLA - SET JARDIN 5 PIEZAS (G108128A)
01t4w00000NunZZAAZ,BAR STOOL,BANCO BAR TELA
01t4w00000NunZbAAJ,5pc Steel Set,MESA - SET COMEDOR 5 PIEZAS (G108108A)
01t4w00000NunZdAAJ,5pc Steel Set,SILLA - SET COMEDOR 5 PIEZAS (G108108A)
01t4w00000NunZfAAJ,8PC Deluxe Folding set,MESA - SET JARDIN PLEGABLE 8 PIEZAS (G108105A)
01t4w00000NunZhAAJ,8PC Deluxe Folding set,SILLA - SET JARDIN PLEGABLE 8 PIEZAS (G108105A)
01t4w00000NunZjAAJ,8PC Deluxe Folding set,SOMBRILLA - SET JARDIN PLEGABLE 8 PIEZAS (G108105A)
01t4w00000NunZnAAJ,TOWER FAN,"VENTILADOR TORRE 36"" 40W"
01t4w00000NunZrAAJ,TOWER FAN,"VENTILADOR TORRE 36"" 50W"
01t4w00000NunZtAAJ,TOWER FAN,"VENTILADOR TORRE 49"" 50W"
01t4w00000NunZvAAJ,TOWER FAN,"VENTILADOR TORRE 40"" 60W"
01t4w00000NunZyAAJ,EAMS PP CHAIR,SILLA PLASTICO EAMS
01t4w00000Nuna1AAB,DINING TABLE,MESA COMEDOR REDONDA PATAS MADERA
01t4w00000Nuna3AAB,MIST FAN,"VENTILADOR MIST 16"" 90W"
01t4w00000Nuna4AAB,RACING CHAIR,SILLA GAMING
01t4w00000Nuna6AAB,Lover camping chair,SILLA PLEGABLE CAMPING 2 PLAZAS
01t4w00000Nuna8AAB,Camping chair with shade,SILLA PLEGABLE CAMPING CON SOMBRILLA
01t4w00000NunaAAAR,WOODEN UMBRELLA 270 CM,SOMBRILLA JARDIN 6 RIBS
01t4w00000NunaKAAR,SQUARE GAZEBO WITH MOSQUITO NET,GAZEBO CUADRADO CON MOSQUITERA
01t4w00000NunaMAAR,SQUARE GAZEBO WITH MOSQUITO NET,GAZEBO CUADRADO CON MOSQUITERA
01t4w00000NunaQAAR,GARDEN SET,SET JARDIN 5 PIEZAS CON COJINES
01t4w00000NunaTAAR,FOLDING TABLE,MESA RESINA PLEGABLE 152 CM
01t4w00000NunaVAAR,SQUARE GAZEBO WITH BARS,GAZEBO CUADRADO CON BARRAS BAR
01t4w00000NunaWAAR,SQUARE GAZEBO,GAZEBO CUADRADO
01t4w00000NunaZAAR,SQUARE GAZEBO WITH BARS,GAZEBO CUADRADO CON BARRAS BAR
01t4w00000NunaaAAB,SQUARE GAZEBO WITH BARS,GAZEBO CUADRADO CON BARRAS BAR
01t4w00000NunadAAB,SQUARE GAZEBO,GAZEBO CUADRADO
01t4w00000NunafAAB,SQUARE GAZEBO WITH BARS,GAZEBO CUADRADO CON BARRAS BAR
01t4w00000NunagAAB,SQUARE GAZEBO WITH CURTAINS,GAZEBO CUADRADO CON CORTINAS
01t4w00000NunakAAB,SQUARE GAZEBO,GAZEBO CUADRADO
01t4w00000NunalAAB,SQUARE GAZEBO WITH CURTAINS,GAZEBO CUADRADO CON CORTINAS
01t4w00000NunanAAB,SQUARE GAZEBO WITH CURTAINS,GAZEBO CUADRADO CON CORTINAS
01t4w00000NunapAAB,SOFA SET,SET SOFAS CON COJIN 4 PIEZAS
01t4w00000NunarAAB,SOFA SET,SET SOFAS CON COJIN 4 PIEZAS
01t4w00000NuncsAAB,RACING CHAIR,SILLA GAMING
01t4w00000NuncwAAB,GAMING CHAIR,SILLA GAMING
01t4w00000NuncxAAB,HOME CHAIR,SILLA ORDENADOR
01t4w00000NunczAAB,RACING CHAIR,SILLA GAMING
01t4w00000Nund0AAB,GAMING CHAIR,SILLA GAMING
01t4w00000Nund2AAB,GAMING CHAIR,SILLA GAMING
01t4w00000Nund3AAB,HOME CHAIR,SILLA ORDENADOR
01t4w00000Nund4AAB,HOME CHAIR,SILLA ORDENADOR
01t4w00000Nund5AAB,home chair,SILLA ORDENADOR
01t4w00000Nund7AAB,HOME CHAIR,SILLA ORDENADOR
01t4w00000Nund8AAB,HOME CHAIR,SILLA ORDENADOR
01t4w00000Nund9AAB,RACING CHAIR,SILLA GAMING
01t4w00000NundAAAR,HOME CHAIR,SILLA ORDENADOR
01t4w00000NundBAAR,HOME CHAIR,SILLA ORDENADOR
01t4w00000NundCAAR,HOME CHAIR,SILLA ORDENADOR
01t4w00000NundDAAR,HOME CHAIR,SILLA ORDENADOR
01t4w00000NundFAAR,HOME CHAIR,SILLA ORDENADOR
01t4w00000NundGAAR,MESH CHAIR,SILLA ORDENADOR MESH
01t4w00000NundHAAR,MESH CHAIR,SILLA ORDENADOR MESH
01t4w00000NundIAAR,RACING CHAIR BLUETOOTH,SILLA GAMING  CON BLUETOOTH
01t4w00000NundMAAR,Table,APARADOR 1 NIVEL
01t4w00000NundNAAR,Table,MESA AUXILIAR 1 NIVEL
01t4w00000NundOAAR,SIDE TABLE,APARADOR 1 CAJON
01t4w00000NundPAAR,SIDE TABLE,MESA AUXILIAR
01t4w00000NundQAAR,SIDE TABLE,MESA AUXILIAR
01t4w00000NundRAAR,TV STAND,CENTRO ENTRETENIMIENTO 2 CAJONES
01t4w00000NundVAAR,SIDE TABLE,MESA AUXILIAR
01t4w00000NundaAAB,SIDE TABLE,MESA AUXILIAR 2 CAJONES
01t4w00000NundeAAB,4 TIER BATHROOM SIDE TABLE,MESA DE BAÑO 4 NIVELES
01t4w00000NundfAAB,2 TIER BATHROOM TROLLEY,CARRITO BAÑO 3 NIVELES
01t4w00000NundhAAB,COOLER BACKPACK,BOLSA MOCHILA NEVERA CAMPING
01t4w00000NundiAAB,COOLER BAG,BOLSA NEVERA CAMPING
01t4w00000NundjAAB,3 TIER BATHROOM SIDE TABLE,MESA DE BAÑO 3 NIVELES
01t4w00000NundkAAB,4 TIER BATHROOM TROLLEY,CARRITO BAÑO 3 NIVELES
01t4w00000NundlAAB,2 TIER BATHROOM TROLLEY,CARRITO BAÑO 3 NIVELES
01t4w00000NundmAAB,COOLER BAG,BOLSA NEVERA CAMPING
01t4w00000NundnAAB,4 TIER BATHROOM TROLLEY,CARRITO BAÑO 3 NIVELES
01t4w00000NundoAAB,COOLER BACKPACK,BOLSA MOCHILA NEVERA CAMPING
01t4w00000NundpAAB,4 TIER BATHROOM SIDE TABLE,MESA DE BAÑO 3 NIVELES
01t4w00000NundqAAB,2 TIER BATHROOM TROLLEY,CARRITO BAÑO 3 NIVELES
01t4w00000NundrAAB,2 TIER BATHROOM TROLLEY,CARRITO BAÑO 3 NIVELES
01t4w00000NundsAAB,DOUBLE LAYER COOLER BAG,BOLSA LONCHERA NEVERA CAMPING
01t4w00000NundtAAB,TOTE BAG,BOLSA NEVERA CAMPING
01t4w00000NunduAAB,COOLER TOTE BAG,BOLSA NEVERA CAMPING
01t4w00000NundvAAB,COOLER BAG,BOLSA LONCHERA NEVERA CAMPING
01t4w00000NundwAAB,COOLER BAG,BOLSA LONCHERA NEVERA CAMPING
01t4w00000NuneoAAB,Kitchen island,CARRITO ISLA COCINA
01t4w00000NunepAAB,Kitchen island,CARRITO ISLA COCINA
01t4w00000NuneqAAB,Kitchen island,CARRITO ISLA COCINA
01t4w00000NunerAAB,Kitchen cabinet,APARADOR COCINA
01t4w00000NunesAAB,Kitchen island,CARRITO ISLA COCINA
01t4w00000NunetAAB,Metal&wood  wall hanging shelf in mountain shape,REPISA METALICA MONTAÑA
01t4w00000NuneuAAB,KIDS SOFA,SILLON INFANTIL
01t4w00000NunevAAB,Kids Sofa,SILLON INFANTIL
01t4w00000NunewAAB,Baseball stool,SILLON INFANTIL PUFF BEISBOL
01t4w00000NunexAAB,Soccer stool,SILLON INFANTIL PUFF FUTBOL
01t4w00000NuneyAAB,Soccer Sofa with Ottoman,SILLON INFANTIL BALON CON REPOSAPIES
01t4w00000NunezAAB,Kids Rocking Chair,SILLON INFANTIL MECEDORA
01t4w00000Nunf0AAB,"Metal&wood  wall hanging shelf in triangle shape,K/D",REPISA METALICA TRIANGULO
01t4w00000NunfGAAR,Metal&wood  wall hanging shelf in mountain shape,REPISA METALICA MONTAÑA
01t4w00000NunfHAAR,Metal&wood  wall hanging shelf in cloud shape,REPISA METALICA OSITO
01t4w00000NunfIAAR,Metal&wood  wall hanging shelf in cloud shape,REPISA METALICA NUBE
01t4w00000NunfJAAR,Metal&wood  wall hanging shelf in cloud shape,REPISA METALICA NUBE
01t4w00000NunfKAAR,"Metal&wood  wall hanging shelf in cat shape,K/D",REPISA METALICA GATO
01t4w00000NunfLAAR,"Metal&wood  wall hanging shelf in square shape,K/D",REPISA METALICA GRAFICA 2 NIVELES
01t4w00000NunfMAAR,"Metal&wood  wall hanging shelf in hexagon shape,K/D",REPISA METALICA HEXAGONO
01t4w00000NunfNAAR,"Metal&wood  wall hanging shelf in heart shape,K/D",REPISA METALICA CORAZON
01t4w00000NunfOAAR,"Metal&wood  wall hanging shelf in diamond shape,K/D",REPISA METALICA ROMBO
01t4w00000NunfPAAR,"Metal&wood  wall hanging shelf in house shape,K/D",REPISA METALICA CASA
01t4w00000NunfQAAR,"Metal&wood  wall hanging shelf in house shape,K/D",REPISA METALICA CASA
01t4w00000NunfRAAR,"Metal&wood  wall hanging shelf in circle shape,K/D",REPISA METALICA CIRCULO
01t4w00000NunfSAAR,Metal&wood shelf in square shape,REPISA METALICA CON MADERA
01t4w00000NunfTAAR,"Metal&wood  wall hanging shelf in circle shape,K/D",REPISA METALICA CIRCULOS
01t4w00000NunfUAAR,"Metal&wood  wall hanging shelf in heart shape,K/D",REPISA METALICA BICICLETA
01t4w00000NunfVAAR,"Metal&wood  wall hanging shelf in heart shape,K/D",REPISA METALICA CORAZON
01t4w00000NunfWAAR,"Metal&wood  wall hanging shelf in house shape,K/D",REPISA METALICA CASA
01t4w00000NunfXAAR,"Metal&wood  wall hanging shelf in leaf shape,K/D",REPISA METALICA HOJA
01t4w00000NunfYAAR,"Metal&wood  wall hanging shelf in butterfly shape,K/D",REPISA METALICA MARIPOSA
01t4w00000NunfZAAR,wall shelf,REPISA 4 NIVELES ESCALERA
01t4w00000NunfaAAB,SWAN COAT RACK,PERCHERO INFANTIL
01t4w00000NunfbAAB,SWAN TABLE & 2 STOOLS,SET MESA DOBLE CARA PIZARRON + 2 BANCOS
01t4w00000NunfcAAB,WHITE MONSTER LEGO TABLE & CHAIR SET,SET MESA DOBLE CARA TIPO LEGO + SILLA INFANTIL
01t4w00000NunfdAAB,wall shelf,REPISA 3 NIVELES HEXAGONAL
01t4w00000NunffAAB,wall shelf,REPISA METALICA CON MADERA
01t4w00000NunfgAAB,Kids Single Sofa,BANCO INFANTIL
01t4w00000NunfhAAB,LEARNING DESK WITH BLACK AND WHITE BOARD,MESA APRENDIZAJE CON PIZARRA ROSA
01t4w00000NunfiAAB,Kids Double Sofa,BANCO INFANTIL
01t4w00000NunfjAAB,WHITE MONSTER TABLE & CHAIR SET,SET MESA DE DIBUJO CON SILLA INFANTIL
01t4w00000NunfkAAB,SWAN STORAGE WITH 6 BINS,JUGUETERO 6 CAJONES DE TELA INFANTIL
01t4w00000NunfmAAB,PROJECTION LEARNING DESK,MESA DE APRENDIZAJE CON PROYECTOR
01t4w00000NunfnAAB,DOOBLE BOARD,PIZARRA DOBLE HIPOPÓTAMO
01t4w00000NunfoAAB,TWO SIDES LEARNING EASEL,PIZARRA DOBLE BÁSICA
01t4w00000NunfqAAB,SWAN TOYBOX,BAÚL JUGUETES INFANTIL
01t4w00000NunfrAAB,WHITE MONSTER CABINET,CAJONERA 2 CUBOS INFANTIL
01t4w00000NunfsAAB,ANIMAL STORAGE WITH 9 BINS,JUGUETERO 9 CAJONES DE PLASTICO INFANTIL
01t4w00000NunftAAB,WHITE MONSTER TABLE & 2 CHAIRS SET,SET MESA DOBLE CARA PIZARRON + 2 SILLAS INFANTIL
01t4w00000NunfuAAB,TABLE & CHAIRS SET,SET MESA DOBLE CARA PIZARRON + 2 SILLAS CON CAJONES INFANTIL
01t4w00000NunfxAAB,LEARNING EASEL,PIZARRA BÁSICA
01t4w00000NunfyAAB,KIDS SLIDE,CENTRO DE JUEGOS ROSA
01t4w00000NunfzAAB,WHITE MONSTER BOOKCASE,LIBRERO INFANTIL
01t4w00000Nung0AAB,WHITE MONSTER DESK-CHAIR,SET ESCRITORIO/BANCA CON ALMACENAJE INFANTIL
01t4w00000Nung2AAB,3 IN 1 LEARNING EASEL,PIZARRA 3 EN 1
01t4w00000Nung3AAB,WHITE MONSTER CABINET,CAJONERA 4 CUBOS INFANTIL
01t4w00000Nung4AAB,WHITE MONSTER STEP LADDER,PELDAÑO INFANTIL
01t4w00000Nung5AAB,WHITE MOSNTER CABINET WITH 6 BINS,JUGUETERO 6 CAJONES DE TELA INFANTIL
01t4w00000Nung7AAB,WHITE MONSTER TOYBOX,BAÚL JUGUETES INFANTIL
01t4w00000Nung8AAB,KIDS SLIDE+ BASKETBALL+FOOTBALL GOAL,TOBOGAN PLEGABLE CON CANASTA Y PORTERIA
01t4w00000NungBAAR,KIDS SLIDE,CENTRO DE JUEGOS AZUL
01t4w00000NunhRAAR,TABLE LAMP.,LAMPARA DE MESA
01t4w00000NunhSAAR,TABLE LAMP.,LAMPARA DE MESA
01t4w00000NunhTAAR,TABLE LAMP WITH 3 USB PORTS,LAMPARA DE MESA CON 3 PUERTOS USB
01t4w00000NunhUAAR,COMPUTER DESK,MESA ESCRITORIO
01t4w00000NunhVAAR,TABLE LAMP.,LAMPARA DE MESA
01t4w00000NunhWAAR,TABLE LAMP.,LAMPARA DE MESA
01t4w00000NunhXAAR,COMPUTER DESK,MESA ESCRITORIO
01t4w00000NunhYAAR,TABLE LAMP.,LAMPARA DE MESA
01t4w00000NunhZAAR,TABLE LAMP WITH USB PORT,LAMPARA DE MESA CON PUERTO USB
01t4w00000NunhaAAB,FLOOR LAMP,LAMPARA DE PIE
01t4w00000NunhcAAB,TABLE LAMP.,LAMPARA DE MESA
01t4w00000NunhdAAB,TABLE LAMP WITH USB PORT,LAMPARA DE MESA CON PUERTO USB
01t4w00000NunhgAAB,TABLE LAMP WITH USB PORT,LAMPARA DE MESA CON PUERTO USB
01t4w00000NunhhAAB,FLOOR LAMP WITH USD PORT,LAMPARA DE PIE CON PUERTO USB
01t4w00000NunhiAAB,COMPUTER DESK,MESA ESCRITORIO
01t4w00000NunhkAAB,TABLE LAMP WITH USB PORT,LAMPARA DE MESA CON PUERTO USB
01t4w00000NunhlAAB,TABLE LAMP WITH USB PORT + WIRELESS CHARGING,LAMPARA DE MESA CON PUERTO USB Y CARGADOR WIRELESS
01t4w00000NunhmAAB,FLOOR LAMP,LAMPARA DE PIE CON REPISAS
01t4w00000NunhnAAB,FLOOR LAMP,LAMPARA DE PIE
01t4w00000NunhoAAB,Computer desk,MESA ESCRITORIO
01t4w00000NunhpAAB,SHOE BENCH,BANCO ZAPATERA 1 NIVEL + 2 CAJONES
01t4w00000NunhqAAB,COMPUTER DESK,MESA ESCRITORIO
01t4w00000NunhrAAB,COMPUTER DESK,MESA ESCRITORIO
01t4w00000NunhsAAB,COMPUTER DESK,MESA ESCRITORIO
01t4w00000NunhtAAB,COMPUTER DESK,MESA ESCRITORIO
01t4w00000NunhuAAB,COMPUTER DESK,MESA ESCRITORIO + LIBRERO 2 NIVELES
01t4w00000NunhvAAB,2 LEVEL BATHROOM CART,CARRITO BAÑO 2 NIVELES
01t4w00000NunhwAAB,COMPUTER DESK,MESA ESCRITORIO
01t4w00000NunhxAAB,SIDE TABLE SET,MESA AUXILIAR 2 PIEZAS
01t4w00000NunhyAAB,1 DRAWER SIDEBOARD,APARADOR 1 CAJON
01t4w00000NunhzAAB,2 LEVEL BATHROOM CART,CARRITO BAÑO 2 NIVELES
01t4w00000Nuni2AAB,3 LEVEL BATHROOM CART,CARRITO BAÑO 3 NIVELES
01t4w00000NuniLAAR,Picnic blanket,MANTA CAMPING ENROLLABLE CON ASA
01t4w00000NuniMAAR,Backpack,MOCHILA ESPALDA CON 2 PORTABOTELLAS
01t4w00000NuniNAAR,Chair -Cooler bag with Chair,SILLA PLEGABLE CAMPING + BOLSA NEVERA
01t4w00000NuniPAAR,Picnic blanket,MANTA CAMPING ENROLLABLE CON ASA
01t4w00000NuniQAAR,Waist Bag,MOCHILA CINTURA
01t4w00000NuniRAAR,Backpack,MOCHILA ESPALDA CON 2 PORTABOTELLAS
01t4w00000NuniVAAR,Backpack,MOCHILA ESPALDA CON 2 PORTABOTELLAS
01t4w00000NuniWAAR,Trolley Backpack,MOCHILA CARRO CON RUEDAS
01t4w00000NuniXAAR,Sling Bag,MOCHILA CRUZADA
01t4w00000NuniYAAR,Trolley Backpack,BOLSA NEVERA TROLLEY CAMPING
01t4w00000NuniZAAR,Cooler bag with Chair,SILLA PLEGABLE CAMPING CON RESPALDO + NEVERA
01t4w00000NuniaAAB,Trolley Duffel bag,MALETA + RUEDAS
01t4w00000NunibAAB,Double layer Cooler bag,BOLSA NEVERA CAMPING
01t4w00000NunidAAB,Double layer Cooler bag,BOLSA NEVERA CAMPING
01t4w00000NunijAAB,Solar Garden Light,LAMPARA SOLAR PARA JARDIN
01t4w00000NunikAAB,Solar Garden Light,LAMPARA SOLAR PARA JARDIN
01t4w00000NunilAAB,Solar Garden Light,LAMPARA SOLAR PARA JARDÍN
01t4w00000NunimAAB,Solar Garden Light,LAMPARA SOLAR PARA JARDÍN
01t4w00000NuninAAB,Solar Garden Light,LAMPARA SOLAR PARA JARDIN ESFERA
01t4w00000NunipAAB,Solar Garden Light,LAMPARA SOLAR PARA JARDIN
01t4w00000NuniqAAB,Solar Garden Light,LAMPARA SOLAR PARA JARDIN VELA
01t4w00000NunirAAB,Solar Garden Light,LAMPARA SOLAR PARA JARDÍN
01t4w00000NunisAAB,Solar light,LAMPARA SOLAR BOMBILLA
01t4w00000NuniuAAB,Solar Garden Light,LAMPARA SOLAR PARA JARDÍN
01t4w00000NuniwAAB,Solar Garden Light,LAMPARA SOLAR PARA JARDIN
01t4w00000NunixAAB,solar light,LAMPARA SOLAR BOTELLA
01t4w00000NuniyAAB,Solar Succulent Bulb Light,LAMPARA BOMBILLA SOLAR SUCULENTA
01t4w00000NunizAAB,Solar Succulent Bulb Light,LAMPARA BOMBILLA SOLAR SUCULENTA
01t4w00000Nunj0AAB,solar  lantern,LAMPARA SOLAR CON VELA
01t4w00000Nunj1AAB,Solar lantern,LAMPARA SOLAR CON VELA
01t4w00000Nunj2AAB,Buddha with LED glass ball,LAMPARA BUDA BOLA DE CRISTAL LED
01t4w00000Nunj3AAB,polyresin swan solar light,LAMPARA SOLAR CISNE
01t4w00000Nunj4AAB,Solar Garden Light,LAMPARA SOLAR FRASCO
01t4w00000Nunj5AAB,Solar Garden Light,LAMPARA SOLAR PIÑA
01t4w00000Nunj6AAB,Solar Garden Light,LAMPARA SOLAR FRASCO
01t4w00000Nunj7AAB,Solar Rattan Light,LAMPARA SOLAR DE RATAN
01t4w00000Nunj8AAB,Solar Garden Light,SERIE DE LUZ SOLAR PIÑA
01t4w00000Nunj9AAB,Solar Rattan Light(69CM),LAMPARA SOLAR DE RATAN
01t4w00000NunjAAAR,Solar Rattan Light,LAMPARA SOLAR DE RATAN
01t4w00000NunjBAAR,Solar Garden Light,LAMPARA SOLAR DE PISO
01t4w00000NunjCAAR,Solar Garden Light,SERIE DE LUZ SOLAR
01t4w00000NunjDAAR,2.7M wooden umbrella,SOMBRILLA JARDIN 8 RIBS
01t4w00000NunjEAAR,2.7M wooden umbrella wooden pole,SOMBRILLA JARDIN 8 RIBS + LUZ LED
01t4w00000NunjFAAR,2.7m  Market Umbrella Overall,SOMBRILLA JARDIN 6 RIBS
01t4w00000NunjGAAR,2.7M wooden umbrella wooden pole,SOMBRILLA JARDIN 8 RIBS
01t4w00000NunjHAAR,3M Wooden hanging umbrella,SOMBRILLA JARDIN LATERAL CON BASE EN CRUZ
01t4w00000NunjIAAR,Banana umbrella,SOMBRILLA JARDIN LATERAL CON BASE EN CRUZ
01t4w00000NunjJAAR,3m  Market Umbrella,SOMBRILLA JARDIN 8 RIBS
01t4w00000NunjKAAR,Banana umbrella with LED light,SOMBRILLA JARDIN LATERAL CON BASE EN CRUZ + LUZ LED
01t4w00000NunjLAAR,ECO CANTILEVER UMBRELLA,SOMBRILLA JARDIN LATERAL CON BASE EN CRUZ (BLOQUES NO INCLUIDOS)
01t4w00000NunjMAAR,Alum umbrella with LED light,SOMBRILLA JARDIN 6 RIBS + LUZ LED
01t4w00000NunjNAAR,ECO CANTILEVER UMBRELLA,SOMBRILLA JARDIN LATERAL CON BASE EN CRUZ
01t4w00000NunjOAAR,8 kg resine base,BASE RESINA 8 KG DE SOMBRILLA
01t4w00000NunjPAAR,CANTILEVER UMBRELLA,SOMBRILLA JARDIN LATERAL CON BASE EN CRUZ (BLOQUES NO INCLUIDOS)
01t4w00000NunjQAAR,14kg  CEMENT UMBRELLA BLOCK BASE,BLOQUE CEMENTO 14KG PARA BASE DE SOMBRILLA
01t4w00000NunjRAAR,12 kg resine base,BASE RESINA 12 KG DE SOMBRILLA
01t4w00000NunjSAAR,20kg Resine umbrella block base,BLOQUE RESINA 20KG PARA BASE DE SOMBRILLA
01t4w00000NunjTAAR,RESINE UMBRELLA BLOCK BASE,BLOQUE RESINA 14KG PARA BASE DE SOMBRILLA
01t4w00000NunjUAAR,COFFE TABLE,MESA AUXILIAR
01t4w00000NunjVAAR,COFFE TABLE,MESA AUXILIAR
01t4w00000NunjWAAR,COFFE TABLE,MESA AUXILIAR
01t4w00000NunjXAAR,COFFE TABLE,MESA AUXILIAR
01t4w00000NunjYAAR,COFFE TABLE,MESA AUXILIAR
01t4w00000NunjZAAR,COFFE TABLE,MESA AUXILIAR
01t4w00000Nunk5AAB,"""OTHER FUN PUZZLES RED KNOB CLOCK PUZZLE-ELEPHANT""",ROMPECABEZAS 12 PZAS RELOJ ELEFANTE
01t4w00000NunkNAAR,"""OTHER FUN PUZZLES MAGNET PUZZLE-DOG""",PERRITO DIDÁCTICO DESTREZA
01t4w00000NunkYAAR,"""OTHER FUN PUZZLES RED KNOB CLOCK PUZZLE-DINOSAUR """,ROMPECABEZAS 7 PZAS RELOJ ANIMALES
01t4w00000NunkZAAR,"""OTHER FUN PUZZLES SMALL CLOCK PUZZLE-BEAR""",ROMPECABEZAS 12 PZAS RELOJ
01t4w00000NunkaAAB,"""OTHER FUN PUZZLES WOODEN CLOCK PUZZLE""",ROMPECABEZAS 12 PZAS RELOJ ANIMALES
01t4w00000NunkbAAB,"""OTHER FUN PUZZLES SOUND MUSIC PUZZLE""",ROMPECABEZAS 6 PZAS MÚSICA
01t4w00000NunkcAAB,"""OTHER FUN PUZZLES MAGNET PUZZLE-VEHICLE""",TABLA DIDÁCTICA DESTREZA AUTOS
01t4w00000NunkdAAB,"""OTHER FUN PUZZLES HEIGHT PUZZLE""",ROMPECABEZAS 8 PZAS ANIMALES
01t4w00000NunkeAAB,"""OTHER FUN PUZZLES ANIMAL PUZZLE""",ROMPECABEZAS 8 PZAS ANIMALES
01t4w00000NunkfAAB,"""OTHER FUN PUZZLES 3LAYERS PUZZLE-BEE""",ROMPECABEZAS 22 PZAS 3 EN 1
01t4w00000NunkgAAB,"""OTHER FUN PUZZLES 4LAYERS PUZZLE-DUCK""",ROMPECABEZAS 10 PZAS ANIMALES
01t4w00000NunkhAAB,CUBE PUZZLES,ROMPECABEZAS 9 PZAS CUBOS 6 EN 1
01t4w00000NunkiAAB,"""GAMES & GROWTH CHART LACING PUZZLE-SKIING""",ZAPATOS DIDÁCTICOS CON ROMPECABEZAS
01t4w00000NunkjAAB,"""GAMES & GROWTH CHART DRESS-UP GIRL""",MUÑECA DIDACTICA APRENDE A VESTIR
01t4w00000NunkkAAB,"""GAMES & GROWTH CHART SHOES LACING PUZZLE""",ZAPATOS DIDÁCTICOS
01t4w00000NunklAAB,CUBE PUZZLES,ROMPECABEZAS 9 PZAS CUBOS 6 EN 1
01t4w00000NunkmAAB,"""PUZZLES IN BOX MEMORY BOX-NUMBER""",ROMPECABEZAS 30 PZAS NÚMEROS
01t4w00000NunknAAB,WOONDEN RAMP RACER,PISTA MINIATURA BÁSICA
01t4w00000NunkoAAB,MEGA RAMP RACER,PISTA MINIATURA 7 NIVELES
01t4w00000NunkpAAB,5 IN 1 ELEPHANT ACTIVITY CUBE,CUBO DIDÁCTICO ELEFANTE
01t4w00000NunkqAAB,"""PUZZLES IN BOX DOMINO BOX-VEHICLE""",NÚMEROS Y FIGURAS
01t4w00000NunkrAAB,PUZZLES IN BOX,ROMPECABEZAS 30 PZAS NÚMEROS
01t4w00000NunktAAB,"""PUZZLES IN BOX DRESS-UP BOX-RABBIT""",ROMPECABEZAS 18 PZAS 6 EN 1
01t4w00000NunkuAAB,GAMES & GROWTH CHART,ÁRBOL DIDÁCTICO
01t4w00000NunkvAAB,"""GAMES & GROWTH CHART ALPHABET PUZZLE""",LETRAS CON IMÁN
01t4w00000NunkwAAB,"""GAMES & GROWTH CHART MAGNET PUZZLE-VEHICLE""",ROMPECABEZAS 17 PZAS MAGNÉTICO
01t4w00000NunkxAAB,CITY RAMP RACER,PISTA MINIATURA 4 NIVELES
01t4w00000NunkyAAB,"""PUZZLES IN BOX DRESS-UP BOX-BEAR""",ROMPECABEZAS  15 PZAS 5 EN 1
01t4w00000NunkzAAB,MY FIRST SCHOOL BUS,BUS DIDÁCTICO
01t4w00000Nunl0AAB,"""GAMES & GROWTH CHART DOMINO BOX""",DOMINÓ
01t4w00000Nunl2AAB,MY FIRST PLANE MAZE,AVIÓN DIDÁCTICO
01t4w00000Nunl3AAB,GAMES & GROWTH CHART,ARCA DIDÁCTICA
01t4w00000Nunl4AAB,CITY BUILDING BLOCKS,PISTA PREESCOLAR
01t4w00000Nunl5AAB,FOREST FRIENDS LACING BLOCKS,BLOQUES MADERA MEDIANO
01t4w00000Nunl6AAB,LONDON BUS CITY ACTIVITY CUBE,CUBO DIDÁCTICO
01t4w00000Nunl7AAB,PUPPY PULL AND XYLOPHONE TOYS,XILÓFONO PERRITO
01t4w00000Nunl8AAB,FOREST ANIMAL BUILDING BLOCKS,PISTA PREESCOLAR ANIMALITOS
01t4w00000Nunl9AAB,ANIMAL SQUEEZE AND WOODEN BLOCKS,BLOQUES MADERA GRANDE
01t4w00000NunlAAAR,COLUMBUS'S GLOBE WORLD MAP,ROMPECABEZAS 63 PZAS MUNDO
01t4w00000NunlBAAR,MAGELLAN'S 20 COUNTRIES TRAVELING,ROMPECABEZAS 12 PZAS CORREO
01t4w00000NunlCAAR,JURASSIC WORLD DINOSAUR PUZZEL,ROMPECABEZAS 6 PZAS DINOSAURIOS EN HUEVO
01t4w00000NunlDAAR,WOODEN SHAPE SORTING CLOCK,RELOJ DIDÁCTICO
01t4w00000NunlEAAR,SPIN MAGICAL GEAR,ENGRANES DIDÁCTICO
01t4w00000NunlFAAR,CLASSIC KITCHEN  SET,COCINA DE MADERA CON UTENSILIOS
01t4w00000NunlsAAB,4-tier Metal Bookshelf,ESTANTERIA METALICA 4 BALDAS
01t4w00000NunluAAB,4-tier Metal Cornershelf,ESTANTERIA METALICA ESQUINA 4 BALDAS
01t4w00000NunlvAAB,Metal Cornershelf,ESTANTERIA METALICA ESQUINA 3 BALDAS
01t4w00000NunlwAAB,SOFA,SOFA 2 PLAZAS
01t4w00000NunlxAAB,SOFA,SOFA CAMA
01t4w00000NunlzAAB,Metal Cornershelf,ESTANTERIA METALICA 3 BALDAS
01t4w00000Nunm1AAB,RD Flower Stand,SET 3 MESAS  SOPORTE MACETAS REDONDA
01t4w00000Nunm3AAB,Rectangle Flower Stand,SET 3 MESAS SOPORTE MACETAS  CUADRADO
01t4w00000Nunm5AAB,RD Flower Stand,SET 3 MESAS  SOPORTE MACETAS REDONDA
01t4w00000Nunm7AAB,Rectangle Flower Stand,SET 3 MESAS SOPORTE MACETAS  CUADRADO
01t4w00000NunmBAAR,Mosaic Flower Stand,SOPORTE 3 MACETAS CUADRADO
01t4w00000NunmCAAR,Mosaic Flower Stand,SOPORTE 3 MACETAS REDONDO
01t4w00000NunmDAAR,Mosaic Flower Stand,SOPORTE 2 MACETAS REDONDO
01t4w00000NunmEAAR,SOFA,SOFA CAMA
01t4w00000NunmGAAR,Metal Flower Stand,SET 3 MESAS  SOPORTE MACETAS REDONDA
01t4w00000NunmIAAR,FLOWER STAND,SET 3 MESAS SOPORTE MACETAS  CUADRADO
01t4w00000NunmJAAR,Metal Flower Stand,SET 3 MESAS SOPORTE MACETAS  CUADRADO
01t4w00000NunmLAAR,FLOWER STAND,SET 3 MESAS  SOPORTE MACETAS REDONDA
01t4w00000NunmMAAR,SOFA,SILLON TELA
01t4w00000NunmNAAR,SOFA BED,SOFA CAMA
01t4w00000NunmOAAR,SOFA BED,SOFA CAMA
01t4w00000NunmPAAR,SOFA BED,SOFA CAMA
01t4w00000NunmRAAR,SOFA BED,SOFA CAMA
01t4w00000NunmSAAR,SOFA BED,SOFA CAMA
01t4w00000NunmTAAR,SOFA BED,SOFA CAMA
01t4w00000NunmUAAR,SOFA BED,SOFA CAMA INDIVIDUAL
01t4w00000NunmVAAR,SOFA,SILLON TELA
01t4w00000NunmWAAR,SOFA,SILLON TELA
01t4w00000NunmYAAR,SOFA,SILLON TELA
01t4w00000NunmZAAR,FLOWER STAND,SET 3 MESAS SOPORTE MACETAS  CUADRADO
01t4w00000NunmbAAB,SOFA,SILLON TELA
01t4w00000NunmcAAB,SOFA,SILLON TELA
01t4w00000NunmdAAB,FLOWER STAND,SET 3 MESAS  SOPORTE MACETAS REDONDA
01t4w00000NunmfAAB,Flower Stand,SOPORTE 3 MACETAS REDONDO
01t4w00000NunmgAAB,Metal Flower Stand,SET 3 MESAS  SOPORTE MACETAS REDONDA
01t4w00000NunmiAAB,flower stand,SET 3 MESAS SOPORTE MACETAS  CUADRADO
01t4w00000NunmlAAB,mosaic flower stand,SET 3 MESAS SOPORTE MACETAS  CUADRADO
01t4w00000NunmnAAB,mosaic flower stand,SET 3 MESAS SOPORTE MACETAS  CUADRADO
01t4w00000NunmsAAB,FOLDING CHAIR,SILLA PLEGABLE METALICA
01t4w00000NunmuAAB,FOLDING RECTANGULAR TABLE,MESA JARDIN RECTANGULAR PLEGABLE
01t4w00000NunmwAAB,FOLDING  TABLE and CHAIR,SET COMEDOR 5 PIEZAS METALICO
01t4w00000NunmyAAB,HIGH CHAIR,SILLA INFANTIL COMEDOR
01t4w00000Nunn1AAB,FOLDING CHAIR,SILLA PLEGABLE METALICA
01t4w00000Nunn4AAB,FOLDING  TABLE and CHAIR,SET COMEDOR 5 PIEZAS METALICO
01t4w00000NunnDAAR,FOLDING BISTRO SET,SET BISTRO METALICO PLEGABLE CUADRADO
01t4w00000NunnIAAR,FOLDING BISTRO SET,SET BISTRO METALICO PLEGABLE CUADRADO
01t4w00000NunnLAAR,BISTRO SET FOR KID,SET INFANTIL 3 PIEZAS
01t4w00000NunnQAAR,STACKING CHAIR IN MESH,SILLA APILABLE JARDIN
01t4w00000NunnTAAR,FOLDING TABLE IN MESH,MESA JARDIN RECTANGULAR PLEGABLE
01t4w00000NunnXAAR,CHILDREN DECK CHAIR,HAMACA MADERA INFANTIL CON TELA
01t4w00000NunnYAAR,CHILDREN BENCH,BANCA INFANTIL
01t4w00000NunnZAAR,CHILDREN BENCH,BANCA INFANTIL
01t4w00000NunncAAB,CHILDREN SET: 1 CHILDREN TABLE + 2 CHILDREN  CHAIRS,SET INFANTIL 3 PIEZAS
01t4w00000NunndAAB,CHILDREN SET: 1 CHILDREN TABLE 50*50CM + 2 CHILDREN CHAIRS,SET INFANTIL 3 PIEZAS
01t4w00000NunneAAB,FOLDING BISTRO SET,SET BISTRO METALICO PLEGABLE CUADRADO
01t4w00000NunnhAAB,FOLDING BISTRO SET,SET BISTRO METALICO PLEGABLE REDONDO
01t4w00000NunnkAAB,FOLDING BISTRO SET,SET BISTRO METALICO PLEGABLE CUADRADO
01t4w00000NunnqAAB,FOLDING CHAIR IN MESH,SILLA PLEGABLE METALICA
01t4w00000NunntAAB,BISTRO CHAIR,SILLA METALICA
01t4w00000NunnvAAB,BISTRO ARMCHAIR,SILLA METALICA
01t4w00000NunnxAAB,BISTRO TABLE,MESA JARDIN REDONDA
01t4w00000NunnzAAB,FOLDING SIDE TABLE,MESA AUXILIAR RECTANGULAR PLEGABLE
01t4w00000Nuno2AAB,RECLINER CHAIR,SILLON RECLINABLE MANUAL CON POSAVASOS
01t4w00000Nuno8AAB,FOLDING BISTRO SET,SET BISTRO METALICO PLEGABLE REDONDO
01t4w00000NunoDAAR,SIDE TABLE,MESA AUXILIAR REDONDA
01t4w00000NunoEAAR,BISTRO TABLE,MESA JARDIN REDONDA
01t4w00000NunoFAAR,CHILDEN'S PROTECTIVE HELMET COMBINATION (ADJUSTABLE),PROTECTORES INFANTILES AJUSTABLE
01t4w00000NunoHAAR,BISTRO BENCH,BANCO METALICO
01t4w00000NunoKAAR,FOLDING SIDE TABLE,MESA AUXILIAR CUADRADA PLEGABLE
01t4w00000NunoNAAR,KIDS SCOOTER,SCOOTER CHICO NIÑO-NIÑA
01t4w00000NunoPAAR,THREE IN ONE DYNAMIC SCOOTER,SCOOTER 3 EN 1
01t4w00000NunoQAAR,BABY STROLLER (IRON),CARRIOLA PARA MUÑECA 0021
01t4w00000NunoSAAR,TROLLEY,CARRITO APOYO RECTANGULAR
01t4w00000NunoTAAR,KID TABLE,MESA AUXILIAR CUADRADA
01t4w00000NunoVAAR,FOLDING TABLE,MESA JARDIN RECTANGULAR PLEGABLE
01t4w00000NunoWAAR,VIBRANT SCOOTER,SCOOTER CON VIBRACIÓN
01t4w00000NunoXAAR,THE DOLL (2 COLORS MIXED),BEBÉ BÁSICO
01t4w00000NunoYAAR,SKATEBOAD 3 WHEELS,SCOOTER BÁSICO
01t4w00000NunoZAAR,STROLLER WITH DOLL SET,PLAY SET BEBÉ CON ACCESORIOS GYM
01t4w00000NunoaAAB,DOLL WITH ACCESSORIES,PLAY SET BEBÉ CON ACCESORIOS CARRIOLA
01t4w00000NunobAAB,6 SLIDING ALLOY CARS,VEHÍCULO BÁSICO DIECAST
01t4w00000NunocAAB,TROLLEY WITH DOLL SET,PLAY SET BEBÉ CON ACCESORIOS CUNA
01t4w00000NunoeAAB,2 14 INCH DRINKING WATER URINAL DOLL,"PLAY SET BEBÉS CON ACCESORIOS 14"""
01t4w00000NunofAAB,SINGLE SUCTION BOARD TAXIING 1 ALLOY CAR,VEHÍCULO BÁSICO DIECAST
01t4w00000NunohAAB,KID CHAIR,SILLA METALICA
01t4w00000NunoiAAB,BABY WITH SIX SOUND IC ACCESSORIES,BEBÉ CON SONIDOS Y ACCESORIOS
01t4w00000NunojAAB,THE 15 INCH DOLL,"BEBÉ CON SONIDOS 15"""
01t4w00000NunokAAB,BABY STROLLER (IRON),CARRIOLA PARA MUÑECA  0045
01t4w00000NunolAAB,12 INCH COTTON TWINS DOLL,"BEBÉS BÁSICOS 2 PACK 12"""
01t4w00000NunonAAB,BABY STROLLER (IRON),CARRIOLA PARA MUÑECA 0017
01t4w00000NunooAAB,13 INCH  IC DOLL,"BEBÉ CON ACCESORIOS 13"""
01t4w00000NunopAAB,10.5 INCH COTTON DOLL SET,BEBÉ CON PAÑALERA
01t4w00000NunoqAAB,10.5 INCH COTTON DOLL,"BEBÉ BÁSICO 10.5"""
01t4w00000NunorAAB,13 INCH  IC DOLL,"BEBÉ BÁSICO 13"""
01t4w00000NunosAAB,"DRINKING WATER, PEEING DOLL",BEBÉ CON GORRA DE BAÑO Y ACCESORIOS
01t4w00000NunotAAB,13 INCH IC DOLL,"BEBÉ CON ACCESORIOS 13"""
01t4w00000NunouAAB,13 INCH BOXED WITH IC BOY BATHROOM TOILET,"BEBÉ CON ACCESORIOS 13"" TOILET"
01t4w00000NunovAAB,10.5 INCH BLOW-UP BODY DOLL SET,BEBÉ CON BAÑERA
01t4w00000NunowAAB,PACIFIER DOLL,BEBÉ CON CHUPETE Y ACCESORIOS
01t4w00000NunoyAAB,ROUND CHARCOAL GRILL WITH SIDE TABLES,ASADOR CARBON REDONDO CON MESAS LATERALES
01t4w00000Nunp0AAB,RECTANGULAR CHARCOAL GRILL WITH SIDE TABLE,ASADOR CARBON RECTANGULAR  CON MESA LATERAL
01t4w00000Nunp4AAB,PORTABLE CHARCOAL GRILL,ASADOR CARBON PORTATIL
01t4w00000Nunp5AAB,SQUARE CHARCOAL GRILL WITH SIDE TABLES,ASADOR CARBON CUADRADO CON MESAS LATERALES
01t4w00000Nunp6AAB,SQUARE CHARCOAL GRILL,ASADOR CARBON CUADRADO
01t4w00000Nunp8AAB,PORTABLE CHARCOAL GRILL,ASADOR CARBON PORTATIL
01t4w00000NunpAAAR,PORTABLE CHARCOAL GRILL,ASADOR CARBON PORTATIL
01t4w00000NunpDAAR,PORTABLE CHARCOAL GRILL,ASADOR CARBON PORTATIL
01t4w00000NunpFAAR,PORTABLE CHARCOAL GRILL WITH AMERICAN FOOTBALL BALL,ASADOR CARBON PORTATIL BOLA FUTBOL AMERICANO
01t4w00000NunpHAAR,PORTABLE CHARCOAL GRILL BASKETBALL BALL,ASADOR CARBON PORTATIL BOLA BALONCESTO
01t4w00000NunpLAAR,RECTANGULAR CHARCOAL GRILL,ASADOR CARBON RECTANGULAR
01t4w00000NunpMAAR,PORTABLE CHARCOAL GRILL,ASADOR CARBON PORTATIL
01t4w00000NunpNAAR,PORTABLE CHARCOAL GRILL FOOTBALL BALL,ASADOR CARBON PORTATIL BOLA FUTBOL
01t4w00000NunpOAAR,PORTABLE CHARCOAL GRILL GOLF BALL,ASADOR CARBON PORTATIL BOLA GOLF
01t4w00000NunpPAAR,RECTANGULAR CHARCOAL GRILL WITH SIDE TABLE,ASADOR CARBON RECTANGULAR  CON MESA LATERAL
01t4w00000NunpRAAR,ROUND CHARCOAL GRILL,ASADOR CARBON REDONDO
01t4w00000NunpUAAR,PORTABLE CHARCOAL GRILL,ASADOR CARBON PORTATIL
01t4w00000NunpWAAR,PORTABLE CHARCOAL GRILL BRIEFCASE,ASADOR CARBON PORTATIL MALETIN
01t4w00000NunpYAAR,ROUND CHARCOAL GRILL,ASADOR CARBON REDONDO
01t4w00000NunpaAAB,ROUND FIRE PIT GRILL,ASADOR FIRE PIT REDONDO
01t4w00000NunpcAAB,ROUND CERAMIC CHARCOAL GRILL WITH SIDE TABLES,ASADOR CARBON CERAMICO REDONDO CON MESAS LATERALES
01t4w00000NunpgAAB,ROUND CERAMIC CHARCOAL GRILL WITH SIDE TABLES,ASADOR CARBON CERAMICO REDONDO CON MESAS LATERALES
01t4w00000NunpiAAB,FIRE PIT ROUND STAR GRILL,ASADOR FIRE PIT REDONDO ESTRELLAS
01t4w00000NunpjAAB,ROUND CERAMIC CHARCOAL GRILL,ASADOR CARBON CERAMICO REDONDO
01t4w00000NunpnAAB,ROUND FIRE PIT GRILL,ASADOR FIRE PIT REDONDO
01t4w00000NunpoAAB,SQUARE FIRE PIT GRILL,ASADOR FIRE PIT CUADRADO
01t4w00000NunpqAAB,SQUARE FIRE PIT GRILL,ASADOR FIRE PIT CUADRADO
01t4w00000NunpvAAB,Large Capacity Chest  (7-Drawer),CAJONERA (7 CAJONES)
01t4w00000Nunq9AAB,Wide Chest  (5-Drawer),CAJONERA (5 CAJONES)
01t4w00000NunqAAAR,Free Combination Closet Organizer,CAJONERA CON PERCHERO
01t4w00000NunqBAAR,Free Combination Closet Organizer,SET ESTANTERÍA CON PERCHERO Y CAJONERA
01t4w00000NunqCAAR,COFFE TABLE,MESA AUXILIAR 2 CAJONES
01t4w00000NunqDAAR,COFFE TABLE,MESA AUXILIAR
01t4w00000NunqEAAR,COFFE TABLE,MESA AUXILIAR 2 CAJONES
01t4w00000NunqFAAR,COFFE TABLE,MESA AUXILIAR 2 CAJONES
01t4w00000NunqYAAR,GLASS DINING SET + 4 CHAIRS,SET COMEDOR VIDRIO + 4 SILLAS
01t4w00000NunqbAAB,ENTERTAINMENT CENTER,CENTRO ENTRETENIMIENTO
01t4w00000NunqfAAB,END TABLE,MESA AUXILIAR
01t4w00000NunqlAAB,GLASS DININING TABLE,MESA COMEDOR RECTANGULAR CRISTAL
01t4w00000NunqnAAB,CONSOLE TABLE W/ DRAWER,APARADOR 1 CAJON
01t4w00000NunqqAAB,SOFA BED,SOFA CAMA
01t4w00000NunqsAAB,SOFA BED,SOFA CAMA
01t4w00000NunquAAB,LAUNDRY HAMPER,CESTO DE ROPA
01t4w00000NunqxAAB,RECLINER TWO SEAT,SOFA RECLINER 2 PLAZAS CON POSAVASOS
01t4w00000NunqzAAB,GLASS DINING TABLE -1500L PP CHAIR,SET COMEDOR VIDRIO + 4 SILLAS
01t4w00000Nunr4AAB,DINING TABLE -1800L TWO TAN PU CHAIR,SET COMEDOR MDF + 6 SILLAS
01t4w00000NunrBAAR,DINNING CHAIR,SILLA COMEDOR PU
01t4w00000NunrCAAR,SOFA CHAIR,SILLON PU
01t4w00000NunrDAAR,SOFA CHAIR,SILLON PU
01t4w00000NunrEAAR,SOFA CHAIR,SILLON PU
01t4w00000NunrFAAR,ROCKING CHAIR,SILLON MECEDORA PU
01t4w00000NunroAAB,large sideboard,APARADOR 2 PUERTAS + 4 CAJONES
01t4w00000Nuns8AAB,OFFICE CHAIR,SILLA ORDENADOR
01t4w00000NunsAAAR,CHAIR,SILLA PLASTICO EAMS ACOLCHADA
01t4w00000NunsCAAR,CHAIR,SILLA PLASTICO EAMS ACOLCHADA
01t4w00000NunsEAAR,CHAIR,SILLA PLASTICO EAMS ACOLCHADA
01t4w00000NunsGAAR,CHAIR,SILLA PLASTICO EAMS
01t4w00000NunsIAAR,GLIDER WITH RECLINER,MECEDORA RECLINABLE CON PUF
01t4w00000NunsKAAR,CHAIR,SILLA PLASTICO EAMS
01t4w00000NunsMAAR,Kitchen island,CARRITO ISLA COCINA
01t4w00000NunsOAAR,CHAIR,SILLA PLASTICO EAMS
01t4w00000NunsQAAR,CHAIR,SILLA PLASTICO EAMS
01t4w00000NunsSAAR,DINING SET,SET COMEDOR MDF + 2 SILLAS + BANCO
01t4w00000NunsUAAR,CHAIR,SILLA PLASTICO EAMS
01t4w00000NunsWAAR,CHAIR,SILLA COMEDOR TELA ACOLCHADO
01t4w00000NunsYAAR,CHAIR,SILLA COMEDOR TELA ACOLCHADA
01t4w00000NunscAAB,CHAIR,SILLA COMEDOR TELA
01t4w00000NunseAAB,CHAIR,SILLA COMEDOR TELA
01t4w00000NunsgAAB,GIRL TOY BOX,BAÚL JUGUETES INFANTIL
01t4w00000NunsiAAB,GIRL TOY BOX,BAÚL JUGUETES INFANTIL
01t4w00000NunskAAB,KID OTTOMAN,PUF INFANTIL HIPOPÓTAMO
01t4w00000NunsmAAB,ANIMAL CHILDREN'S BENCH,BANCO INFANTIL ANIMAL
01t4w00000NunsoAAB,ANIMAL CHILDREN'S BENCH,BANCO INFANTIL ANIMAL
01t4w00000NunsqAAB,ANIMAL CHILDREN'S BENCH,BANCO INFANTIL ANIMAL
01t4w00000NunssAAB,KIDS SOFA,SILLON INFANTIL
01t4w00000NunsuAAB,SIDE TABLE,MESA AUXILIAR
01t4w00000NunswAAB,SIDE TABLE,MESA LATERAL AUXILIAR
01t4w00000NunsyAAB,FOLDABLE BAMBOO TABLE,MESA PLEGABLE MADERA
01t4w00000Nunt0AAB,BAR STOOL,BANCO BAR BURGOS
01t4w00000Nunt4AAB,BISTRO SET WICKER WITH CUSHION,SET BISTRO WICKER MECEDORA CON COJINES
01t4w00000Nunt8AAB,LUNCH SET 5 PCS,SET COMEDOR 5 PIEZAS
01t4w00000NuntAAAR,"garden set ?6pcs Chairs, 1pc Table",SET COMEDOR 7 PIEZAS ACERO
01t4w00000NuntCAAR,GARDEN SET,SET JARDIN 5 PIEZAS
01t4w00000NuntEAAR,"Garden Set (6pcs Chairs, 1pc Table )",SET COMEDOR 7 PIEZAS ALUMINIO CON COJINES
01t4w00000NuntGAAR,SET KID TABLE AND CHAIRS + UMBRELLA,SET INFANTIL 5 PIEZAS TEXTILENO CON SOMBRILLA
01t4w00000NuntIAAR,OUTDOOR SET 4 PCS,SET JARDIN 4 PIEZAS CON COJINES
01t4w00000NuntKAAR,GARDEN SET,SET JARDIN 5 PIEZAS CON COJINES
01t4w00000NuntMAAR,Solar Garden Light,SERIE DE LUZ SOLAR PIÑA
01t4w00000NuntOAAR,SIDE TABLE,MESA AUXILIAR
01t4w00000NuntQAAR,OUTDOOR SET 5 PCS,SET JARDIN 5 PIEZAS CON COJINES
01t4w00000NuntSAAR,SWIVEL EGG CHAIR,SILLA GIRATORIA HUEVO
01t4w00000NuntUAAR,CHAIR,SILLA COMEDOR PLASTICO
01t4w00000NuntWAAR,"2pcs Chairs, 1pc big table, 1pc small table, 2pcs footstool",SET JARDIN 6 PIEZAS ACERO
01t4w00000NuntcAAB,CORNER SOFA POLYWOOD WITH CUSHION,SET SOFA EN ESQUINA + MESA POLLYWOOD
01t4w00000NunteAAB,DINING SET 7 SEATER,SET SOFA EN ESQUINA POLYWOOD 7 PIEZAS CON COJINES
01t4w00000NuntiAAB,COFFEE TABLE,MESA AUXILIAR CUADRADA
01t4w00000NuntkAAB,COFFEE TABLE,MESA AUXILIAR REDONDA DOBLE
01t4w00000NuntmAAB,COFFEE TABLE,MESA AUXILIAR REDONDA
01t4w00000NuntoAAB,DOUBLE ROCKING SWING,COLUMPIO BALANCIN DOBLE
01t4w00000NuntqAAB,STEEL PE Rattan Chair,BANCO RATTAN
01t4w00000NuntsAAB,GAZEBO,CARPA POLIESTER
01t4w00000NuntuAAB,ECO CANTILEVER UMBRELLA,SOMBRILLA JARDIN LATERAL CON BASE EN CRUZ
01t4w00000NuntwAAB,GARDEN UMBRELLA,SOMBRILLA JARDIN 6 RIBS
01t4w00000NuntyAAB,HOME CHAIR,SILLA ORDENADOR
01t4w00000Nunu0AAB,STEEL PE Rattan SOFA,BANCO RATTAN
01t4w00000Nunu2AAB,LAPTOP TABLE,BANDEJA LAPTOP BAMBÚ
01t4w00000Nunu4AAB,CHAIR TEXTILENE,SILLA COMEDOR ALUMINIO TEXTILENO
01t4w00000Nunu6AAB,STEEL PE Rattan Chair,SILLA COMEDOR ALUMINIO RATTAN
01t4w00000NunuAAAR,CHAIR,SILLA ORDENADOR
01t4w00000NunuCAAR,PLASTIC,SILLA COMEDOR PLASTICO APILABLE
01t4w00000NunuEAAR,STEEL PE Rattan Chair,SILLA COMEDOR RATTAN
01t4w00000NunuGAAR,SWING HAMMOCK BED WITH MOSQUITO NET,COLUMPIO HAMACA CAMA CON MOSQUITERA
01t4w00000NunuIAAR,STEEL PE Rattan Chair,SILLA COMEDOR TELA
01t4w00000NunuKAAR,Loveseat Swing,COLUMPIO BALANCIN DOBLE
01t4w00000NunuMAAR,STEEL Rope Chair,SILLA COMEDOR RATTAN CON COJIN
01t4w00000NunuOAAR,COMPUTER DESK,MESA ESCRITORIO
01t4w00000NunuQAAR,STEEL PE Rattan Chair,SILLA COMEDOR TELA
01t4w00000NunuSAAR,3m  Market Umbrella,SOMBRILLA JARDIN 6 RIBS
01t4w00000NunuUAAR,STEEL PE Rattan Chair,SILLA COMEDOR RATTAN
01t4w00000NunuWAAR,ROCKING CHAIR WITH CUSHION,SILLON MECEDORA RATTAN CON COJIN
01t4w00000NunuYAAR,LEISURE SWING,COLUMPIO BALANCIN DOBLE TEKA
01t4w00000NunuaAAB,TRIPLE ROCKING SWING,COLUMPIO BALANCIN TRIPLE
01t4w00000NunucAAB,Swing,COLUMPIO COLGANTE CON COJIN
01t4w00000NunueAAB,GAMING CHAIR,SILLA GAMING
01t4w00000NunugAAB,STORAGE 4 DRAWERS,CAJONERA 4 NIVELES
01t4w00000NunuiAAB,Swing,COLUMPIO COLGANTE CON COJIN
01t4w00000NunukAAB,SUNLOUNGER WITH ARMRESTS & WITH 5CM SEAT CUSHION,TUMBONA EUCALIPTO CON COJIN
01t4w00000NunumAAB,SQUARE GAZEBO WITH MOSQUITO NET,GAZEBO CUADRADO CON MOSQUITERA
01t4w00000NunuoAAB,GAZEBO,CARPA POLIESTER
01t4w00000NunuqAAB,HEXAGONAL GAZEBO WITH MOSQUITO NET,GAZEBO HEXAGONAL CON MOSQUITERA
01t4w00000NunusAAB,DOUBLE POLYESTER TENT,CARPA POLIESTER DOBLE
01t4w00000NunuuAAB,DINING SET,SET DESAYUNADOR MDF + 2 BANCOS + ALMACENAJE
01t4w00000NunuwAAB,SOFA BED,SOFA CAMA
01t4w00000Nunv0AAB,CIRCULAR GAZEBO WITH CURTAINS,GAZEBO CIRCULAR CON CORTINAS
01t4w00000Nunv2AAB,SQUARE GAZEBO WITH BAR+MOSQUITO NET,GAZEBO CUADRADO CON BARRAS BAR+MOSQUITERA
01t4w00000Nunv4AAB,CHAIR,SILLA COMEDOR PLASTICO
01t4w00000Nunv6AAB,Set 2 coffee table,SET MESAS AUXILIARES 2 PIEZAS
01t4w00000Nunv8AAB,ANIMAL CHILDREN'S BENCH WITH STORAGE,BANCO INFANTIL ANIMAL CON ALMACENAJE
01t4w00000NunvCAAR,RECTANGULAR GAZEBO WITH BENCHES,GAZEBO RECTANGULAR CON BANCOS
01t4w00000NunvEAAR,RECTANGULAR GAZEBO WITH CURTAINS,GAZEBO RECTANGULAR CON CORTINAS
01t4w00000NunvGAAR,RECTANGULAR GAZEBO RETRACTABLE AWNING,GAZEBO RECTANGULAR TOLDO RETRACTIL
01t4w00000NunvIAAR,RECTANGULAR GAZEBO RETRACTABLE AWNING+WALL,GAZEBO RECTANGULAR TOLDO RETRACTIL+PARED
01t4w00000NunvMAAR,Banana umbrella,SOMBRILLA JARDIN LATERAL CON BASE EN CRUZ
01t4w00000NunvOAAR,Banana umbrella with LED light,SOMBRILLA JARDIN LATERAL CON BASE EN CRUZ + LUZ LED
01t4w00000NunvQAAR,HOME CHAIR,SILLA ORDENADOR
01t4w00000NunvSAAR,KITCHEN TROLLEY WITH SHALY TOP,CARRITO ORGANIZADOR COCINA 3 NIVELES
01t4w00000Nunw2AAB,Alum umbrella with LED light,SOMBRILLA JARDIN 6 RIBS + LUZ LED
01t4w00000Nunw4AAB,CHAIR,SILLA COMEDOR PLASTICO APILABLE
01t4w00000Nunw6AAB,CHAIR,SILLA COMEDOR PLASTICO
01t4w00000Nunw8AAB,GARDEN UMBRELLA,SOMBRILLA JARDIN 6 RIBS
01t4w00000NunwCAAR,Solar light,LAMPARA SOLAR BOMBILLA
01t4w00000NunwEAAR,Solar Garden Light,LAMPARA SOLAR PIÑA
01t4w00000NunwKAAR,BOOKCASE,ESTANTERIA 3 NIVELES DISEÑO
01t4w00000NunwOAAR,COMPUTER DESK,MESA ESCRITORIO
01t4w00000NunwQAAR,BAR STOOL,BANCO BAR BASIC
01t4w00000NunwUAAR,ABS BAR STOOL,BANCO BAR ABS
01t4w00000NunwWAAR,HOME CHAIR,SILLA ORDENADOR
01t4w00000NunwYAAR,COMPUTER DESK,MESA ESCRITORIO
01t4w00000NunwaAAB,GAMING CHAIR,SILLA GAMING
01t4w00000NunwcAAB,HOME CHAIR,SILLA ORDENADOR
01t4w00000NunweAAB,RACING CHAIR,SILLA GAMING
01t4w00000NunwgAAB,RACING CHAIR,SILLA GAMING
01t4w00000NunwiAAB,DINNING CHAIR,SILLA COMEDOR MADERA ACOLCHADA
01t4w00000NunwkAAB,GAMING CHAIR,SILLA GAMING
01t4w00000NunwmAAB,HOME CHAIR,SILLA ORDENADOR
01t4w00000NunwoAAB,HOME CHAIR,SILLA ORDENADOR
01t4w00000NunwqAAB,OFFICE CHAIR,SILLA ORDENADOR
01t4w00000NunwsAAB,OFFICE CHAIR,SILLA ORDENADOR MESH
01t4w00000NunwuAAB,OFFICE CHAIR,SILLA ORDENADOR
01t4w00000NunwwAAB,HOME CHAIR,SILLA ORDENADOR
01t4w00000NunwyAAB,HOME CHAIR,SILLA ORDENADOR
01t4w00000Nunx0AAB,OFFICE CHAIR,SILLA ORDENADOR MESH
01t4w00000Nunx4AAB,TABLE,MESA COMEDOR RECTANGULAR
01t4w00000Nunx6AAB,HOME CHAIR,SILLA ORDENADOR
01t4w00000Nunx8AAB,MESH CHAIR,SILLA ORDENADOR MESH
01t4w00000NunxAAAR,OFFICE CHAIR,SILLA ORDENADOR MESH
01t4w00000NunxCAAR,OFFICE CHAIR,SILLA ORDENADOR MESH
01t4w00000NunxEAAR,OFFICE CHAIR,SILLA ORDENADOR MESH
01t4w00000NunxGAAR,OFFICE CHAIR,SILLA ORDENADOR MESH
01t4w00000NunxIAAR,COMPUTER DESK,MESA ESCRITORIO
01t4w00000NunxKAAR,COMPUTER DESK,MESA ESCRITORIO
01t4w00000NunxMAAR,ANIMAL CHILDREN'S BENCH,BANCO INFANTIL ANIMAL
01t4w00000NunxOAAR,ANIMAL CHILDREN'S BENCH,BANCO INFANTIL ANIMAL
01t4w00000NunxQAAR,set 2 coffee table,MESA AUXILIAR  2 PIEZAS
01t4w00000NunxSAAR,TV STAND,"TV STAND MUEBLE CRISTAL SOPORTE 32-55"""
01t4w00000NunxUAAR,COMPUTER DESK,MESA ESCRITORIO
01t4w00000NunxWAAR,COMPUTER DESK,MESA ESCRITORIO
01t4w00000NunxYAAR,desk,MESA ESCRITORIO
01t4w00000NunxaAAB,ABS BAR STOOL,BANCO BAR ABS
01t4w00000NunxcAAB,SOFA BED,SOFA CAMA
01t4w00000NunxeAAB,COMPUTER DESK,MESA ESCRITORIO
01t4w00000NunxgAAB,KITCHEN CART,CARRITO ORGANIZADOR COCINA 2 NIVELES
01t4w00000NunxiAAB,COMPUTER DESK,MESA ESCRITORIO
01t4w00000NunxkAAB,desk,MESA ESCRITORIO
01t4w00000NunxmAAB,BAR STOOL,BANCO BAR IBIZA
01t4w00000NunxoAAB,WORK DESK,MESA ESCRITORIO
01t4w00000NunxsAAB,Kids Double Sofa,BANCO INFANTIL
01t4w00000NunxuAAB,WORK DESK,MESA ESCRITORIO
01t4w00000NunxwAAB,OFFICE DESK,MESA ESCRITORIO + LIBRERO 1 NIVEL
01t4w00000NunxyAAB,COMPUTER DESK,MESA ESCRITORIO + LIBRERO 3 NIVELES
01t4w00000Nuny0AAB,DESK TABLE + 4 LEVEL BOOKCASE,MESA ESCRITORIO + LIBRERO 4 NIVELES
01t4w00000Nuny2AAB,BAMBOO BOOK STAND,ATRIL LIBROS BAMBÚ
01t4w00000Nuny4AAB,BAMBOO AUXILIARY TRAY,BANDEJA AUXILIAR BAMBÚ
01t4w00000Nuny8AAB,ORGANIZER BOX,ORGANIZADOR ESCRITORIO BAMBÚ
01t4w00000NunyAAAR,BAR STOOL,BANCO BAR METAL
01t4w00000NunyCAAR,DESK ORGANIZER 1 DRAWER BAMBOO,ORGANIZADOR ESCRITORIO 1 CAJON BAMBÚ
01t4w00000NunyEAAR,BAMBOO DESK ORGANIZER,ORGANIZADOR ESCRITORIO 2 CAJONES BAMBÚ
01t4w00000NunyGAAR,ORGANIZER BOX,ORGANIZADOR ESCRITORIO 4 PIEZAS BAMBOO
01t4w00000NunyIAAR,CHAIRS,SILLA COMEDOR TELA
01t4w00000NunyKAAR,ASTURIAS SOFA BED,SOFA CAMA
01t4w00000NunyQAAR,SIDE TABLE,MESA BURO 2 CAJONES
01t4w00000NunySAAR,CHAIR,SILLA COMEDOR PLASTICO
01t4w00000NunyWAAR,CHAIR,SILLA COMEDOR PLASTICO
01t4w00000NunyYAAR,BAR STOOL,BANCO BAR REDONDO
01t4w00000NunyaAAB,CHAIR,SILLA COMEDOR PLASTICO
01t4w00000NunycAAB,CHAIR,SILLA COMEDOR PLASTICO
01t4w00000NunyeAAB,CHAIR,SILLA COMEDOR PLASTICO
01t4w00000NunygAAB,DINNING CHAIR,SILLA COMEDOR TELA
01t4w00000NunyjAAB,CHAIR,SILLA COMEDOR PLASTICO
01t4w00000NunylAAB,CHAIR,SILLA COMEDOR PLASTICO
01t4w00000NunynAAB,CHAIR,SILLA COMEDOR PLASTICO
01t4w00000NunypAAB,CHAIR,SILLA COMEDOR PLASTICO
01t4w00000NunyqAAB,DINNING CHAIR,SILLA COMEDOR TELA
01t4w00000NunysAAB,SECTIONAL CHESLONG SOFABED,SOFA CAMA CHESLONG
01t4w00000NunyuAAB,SET 2 PIECES SIDE TABLES,SET MESAS AUXILIARES 2 PIEZAS
01t4w00000NunywAAB,SQUARE DINING TABLE WITH WOODEN LEGS,MESA COMEDOR CUADRADA PATAS MADERA
01t4w00000NunyyAAB,SOFA WITH STORAGE,SOFA CON ALMACENAJE
01t4w00000Nunz2AAB,ABS BAR STOOL,BANCO BAR ABS
01t4w00000Nunz4AAB,BAR STOOL,BANCO BAR BURGOS
01t4w00000Nunz6AAB,BAR STOOL,BANCO BAR GERONA
01t4w00000Nunz8AAB,FLOATING SHELF WITH 1 DRAWER,REPISA MAGICA CON 1 CAJON
01t4w00000NunzCAAR,CHAIR,BANCO BAR EAMS ACOLCHADO
01t4w00000NunzEAAR,BAR STOOL,BANCO BAR LUGO
01t4w00000NunzGAAR,SECTIONAL CHESLONG SOFABED,SOFA CAMA CHESLONG TRANSFORMER
01t4w00000NunzIAAR,BAR STOOL,BANCO BAR MADRID
01t4w00000NunzKAAR,BAR STOOL,BANCO BAR MALAGA
01t4w00000NunzMAAR,set 2 coffee table,SET MESAS AUXILIARES 2 PIEZAS
01t4w00000NunzOAAR,BAR STOOL,BANCO BAR LUGO
01t4w00000NunzQAAR,BAR STOOL,BANCO BAR TOLEDO
01t4w00000NunzSAAR,BAR STOOL,BANCO BAR VIGO
01t4w00000NunzUAAR,GLASS DINING SET + 4 CHAIRS,SET COMEDOR CRISTAL + 4 SILLAS
01t4w00000NunzXAAR,BAR STOOL,BANCO BAR TRUJILLO
01t4w00000NunzZAAR,BAR STOOL,BANCO BAR VALENCIA
01t4w00000NunzbAAB,STOOL,TABURETE TELA
01t4w00000NunzdAAB,set 2 coffee table,SET MESAS AUXILIARES 2 PIEZAS
01t4w00000NunzeAAB,SET 2 PIECES COFFEE TABLES,SET MESAS AUXILIARES 2 PIEZAS
01t4w00000NunzgAAB,DINING SET,SET COMEDOR CRISTAL + 4 TABURETES AHORRAESPACIO
01t4w00000NunziAAB,ANIMAL CHILDREN'S BENCH,BANCO INFANTIL ANIMAL
01t4w00000NunzkAAB,DINING SET,SET COMEDOR MDF + 2 SILLAS + BANCO
01t4w00000NunzmAAB,DINING SET,SET COMEDOR MDF + 4 SILLAS
01t4w00000NunzoAAB,DINING SET,SET COMEDOR MDF + 4 SILLAS
01t4w00000NunzqAAB,AUXILIARY CART 3 LEVELS,CARRITO AUXILIAR 3 NIVELES
01t4w00000NunzsAAB,Kitchen trolley,CARRITO ISLA COCINA
01t4w00000NunzuAAB,AUXILIARY CART 3 LEVELS,CARRITO AUXILIAR 3 NIVELES
01t4w00000NunzwAAB,Kitchen island,CARRITO ISLA COCINA
01t4w00000NunzyAAB,Kitchen island,CARRITO ISLA COCINA
01t4w00000Nuo00AAB,Cabinet,APARADOR 8 CAJONES
01t4w00000Nuo02AAB,SET NESTING COFFEE TABLE,MESA AUXILIAR
01t4w00000Nuo04AAB,KITCHEN TROLLEY,CARRITO ORGANIZADOR COCINA 3 NIVELES
01t4w00000Nuo06AAB,KITCHEN ORGANIZER CART 3 LEVELS WITH WINGS,CARRITO ORGANIZADOR COCINA 3 NIVELES CON ALAS
01t4w00000Nuo08AAB,SOFA BED,SOFA CAMA
01t4w00000Nuo0AAAR,SIDE TABLE,MESA AUXILIAR
01t4w00000Nuo0CAAR,SOFA BED,SOFA CAMA
01t4w00000Nuo0EAAR,SOFA BED,SOFA CAMA
01t4w00000Nuo0GAAR,SOFA BED,SOFA CAMA
01t4w00000Nuo0KAAR,Kids Armchair,BANCO INFANTIL
01t4w00000Nuo0MAAR,Bamboo mirror,ESPEJO BAMBU CUADRADO CON 2 CAJONES
01t4w00000Nuo0OAAR,ANIMAL CHILDREN'S BENCH WITH STORAGE,BANCO INFANTIL ANIMAL CON ALMACENAJE
01t4w00000Nuo0QAAR,Kids Single Sofa,BANCO INFANTIL
01t4w00000Nuo0SAAR,ANIMAL CHILDREN'S BENCH,BANCO INFANTIL ANIMAL
01t4w00000Nuo0UAAR,ANIMAL CHILDREN'S BENCH WITH STORAGE,BANCO INFANTIL ANIMAL CON ALMACENAJE
01t4w00000Nuo0WAAR,Kids Rocking Chair,SILLON MECEDORA INFANTIL
01t4w00000Nuo0aAAB,4 LEVEL DRAWER CABINET,CAJONERA 4 NIVELES
01t4w00000Nuo0cAAB,CHILDREN FLOATING SHELF,REPISA MAGICA INFANTIL
01t4w00000Nuo0eAAB,SOFA-CHAIR,SILLON TELA + REPOSA PIES
01t4w00000Nuo0iAAB,5 DRAWER SIDEBOARD,APARADOR 5 CAJONES
01t4w00000Nuo0kAAB,SHOE RACK BENCH,BANCA ZAPATERA 1 NIVEL
01t4w00000Nuo0mAAB,SHOE BENCH,BANCO ZAPATERA 1 NIVEL + 2 CAJONES
01t4w00000Nuo0oAAB,SHELF SET,SET REPISAS MAGICAS 3 PIEZAS HEXAGONALES
01t4w00000Nuo0qAAB,STORAGE BENCH,BANCA ZAPATERA 2 NIVELES CAJONERAS
01t4w00000Nuo0sAAB,DRAWER CABINET 2 LEVELS + 2 SHELVES,CAJONERA 2 NIVELES + 2 ESTANTES
01t4w00000Nuo0uAAB,SET NESTING SIDE TABLES,SET MESAS AUXILIARES 2 PIEZAS
01t4w00000Nuo0wAAB,STORAGE 1 DRAWER,CAJONERA 1 NIVEL + ESTANTE
01t4w00000Nuo0yAAB,5 LEVEL DRAWER CABINET,CAJONERA 5 NIVELES
01t4w00000Nuo10AAB,1 shelf 1 drawer cabinet,MESA BURO 1 CAJON + 1 ESTANTE
01t4w00000Nuo1AAAR,TV STAND,CENTRO ENTRETENIMIENTO 4 CAJONES
01t4w00000Nuo1EAAR,2 door cabinet,APARADOR 2 PUERTAS
01t4w00000Nuo1GAAR,2 PIECES CUBE SHELF,SET REPISAS MAGICAS 2 PIEZAS CUBOS
01t4w00000Nuo1IAAR,SIDEBOARD,APARADOR 2 PUERTAS
01t4w00000Nuo1OAAR,3 drawer cabinet,APARADOR 3 CAJONES
01t4w00000Nuo1UAAR,COFFEE TABLE,MESA AUXILIAR
01t4w00000Nuo1YAAR,SIDE TABLE,MESA AUXILIAR
01t4w00000Nuo1aAAB,COFFEE TABLE,MESA AUXILIAR
01t4w00000Nuo1cAAB,Coffee table,MESA AUXILIAR
01t4w00000Nuo1eAAB,Coffee table,MESA AUXILIAR
01t4w00000Nuo1gAAB,SET 2 PIECES COFFEE TABLES,SET MESAS AUXILIARES 2 PIEZAS
01t4w00000Nuo1iAAB,"FLOATING ""ZIGZAG"" SHELF",REPISA MAGICA ZIC ZAC
01t4w00000Nuo1kAAB,set 2 coffee table,SET MESAS AUXILIARES 2 PIEZAS
01t4w00000Nuo1mAAB,set 2 coffee table,SET MESAS AUXILIARES 2 PIEZAS
01t4w00000Nuo1oAAB,SET NESTING COFFEE TABLE,SET MESAS AUXILIARES 2 PIEZAS
01t4w00000Nuo1qAAB,4 LEVEL BATHROOM CART,CARRITO BAÑO 4 NIVELES CON RUEDAS
01t4w00000Nuo1sAAB,set 3 coffee table,SET MESAS AUXILIARES 3 PIEZAS
01t4w00000Nuo1uAAB,set 3 coffee table,SET MESAS AUXILIARES 3 PIEZAS
01t4w00000Nuo1wAAB,ENTERTAINMENT CENTER,CENTRO ENTRETENIMIENTO 2 CAJONES
01t4w00000Nuo26AAB,TV STAND,"TV STAND MUEBLE CRISTAL SOPORTE 32-65"""
01t4w00000Nuo28AAB,TV STAND,"TV STAND MUEBLE CRISTAL SOPORTE 32-65"""
01t4w00000Nuo2AAAR,Floating twin shelfs,SET REPISAS MAGICAS 2 PIEZAS GEMELAS
01t4w00000Nuo2CAAR,TV STAND,"TV STAND MUEBLE CRISTAL SOPORTE 32-65"""
01t4w00000Nuo2GAAR,TV STAND,"TV STAND MUEBLE CRISTAL SOPORTE 32-70"""
01t4w00000Nuo2IAAR,Floating Shelf with hooks,REPISA MAGICA PERCHERO
01t4w00000Nuo2KAAR,4 TIER SHELF,ESTANTERIA 4 NIVELES
01t4w00000Nuo2OAAR,BEACH UMBRELLA,SOMBRILLA PLAYA
01t4w00000Nuo2QAAR,Floating shelf with Light,REPISA MAGICA CON LUZ
01t4w00000Nuo2SAAR,Floating shelf with clock,REPISA MAGICA CON RELOJ
01t4w00000Nuo2UAAR,Metal wall shelf,REPISA MAGICA DOBLE AJUSTABLE
01t4w00000Nuo2WAAR,Hexagonal Shelf,REPISA MAGICA HEXAGONAL
01t4w00000Nuo2YAAR,Hexagonal Shelf (3 pcs),REPISA MAGICA HEXAGONAL 3 PIEZAS
01t4w00000Nuo2aAAB,CHILDREN FLOATING SHELF,REPISA MAGICA INFANTIL
01t4w00000Nuo2cAAB,CHILDREN FLOATING SHELF,REPISA MAGICA INFANTIL
01t4w00000Nuo2eAAB,4 TIER BATHROOM TROLLEY,CARRITO BAÑO 3 NIVELES
01t4w00000Nuo2gAAB,Wall Shelf,REPISA MAGICA ORGANIZADOR BAÑO
01t4w00000Nuo2kAAB,COAT RACK,PERCHERO METAL+MADERA
01t4w00000Nuo2mAAB,METAL+WOODEN COAT RACK,PERCHERO METAL+MADERA
01t4w00000Nuo2oAAB,coat rack,PERCHERO METAL+BAMBU
01t4w00000Nuo2qAAB,COAT RACK,PERCHERO METAL+MADERA
01t4w00000Nuo2sAAB,Coat Wall Rack,PERCHERO PARED MDF
01t4w00000Nuo2uAAB,4 TIER BATHROOM TROLLEY,CARRITO BAÑO 3 NIVELES
01t4w00000Nuo2wAAB,bathroom trolley,CARRITO BAÑO 3 NIVELES
01t4w00000Nuo2yAAB,bathroom trolley,CARRITO BAÑO 3 NIVELES
01t4w00000Nuo30AAB,2 TIER BATHROOM TROLLEY,CARRITO BAÑO 3 NIVELES
01t4w00000Nuo32AAB,SHELF,ESTANTERIA BAÑO 3 NIVELES
01t4w00000Nuo34AAB,SHELF,ESTANTERIA BAÑO 4 NIVELES
01t4w00000Nuo36AAB,TOWEL RACK,TOALLERO 3 NIVELES
01t4w00000Nuo3AAAR,FOLDING BISTRO SET,SET BISTRO METALICO PLEGABLE REDONDO
01t4w00000Nuo3GAAR,TABLETOP MIRRORED JEWELRY CABINET,JOYERO PISO CON ESPEJO Y 5 FOTOS
01t4w00000Nuo3OAAR,BEACH UMBRELLA,SOMBRILLA PLAYA
01t4w00000Nuo3SAAR,RECTANGULAR CHARCOAL GRILL WITH SIDE TABLES,ASADOR CARBON RECTANGULAR CON MESAS LATERALES
01t4w00000Nuo3UAAR,ROUND CHARCOAL GRILL,ASADOR CARBON REDONDO
01t4w00000Nuo3WAAR,15 M EXTENDABLE HOSE WITH GUN,MANGUERA EXTENSIBLE 15 MTS CON PISTOLA
01t4w00000Nuo3YAAR,10 M EXTENDABLE HOSE WITH GUN,MANGUERA EXTENSIBLE 10 MTS CON PISTOLA
01t4w00000Nuo3aAAB,BEACH UMBRELLA,SOMBRILLA PLAYA
01t4w00000Nuo3cAAB,PLANTS WATERING,REGADERA 3 LITROS CON TAPA
01t4w00000Nuo3eAAB,WATERING CAN 13 LITERS,REGADERA 13 LITROS
01t4w00000Nuo3gAAB,2 HOUR IRRIGATION PROGRAMMER,PROGRAMADOR RIEGO 2 HORAS
01t4w00000Nuo3iAAB,MULTIFUNCTION IRRIGATION PROGRAMMER,PROGRAMADOR RIEGO MULTIFUCION
01t4w00000Nuo3kAAB,DIGITAL MULTIFUNCTION IRRIGATION PROGRAMMER,PROGRAMADOR RIEGO MULTIFUCION DIGITAL
01t4w00000Nuo3oAAB,BEACH UMBRELLA,SOMBRILLA DE PLAYA
01t4w00000Nuo3qAAB,BEACH UMBRELLA,SOMBRILLA PLAYA
01t4w00000Nuo3sAAB,KID BEACH LOUNGE,TUMBONA INFANTIL PLEGABLE PLAYA
01t4w00000Nuo3uAAB,KID BEACH LOUNGE,TUMBONA INFANTIL PLEGABLE PLAYA
01t4w00000Nuo3wAAB,ROUND CERAMIC CHARCOAL GRILL WITH SIDE TABLES,ASADOR CARBON CERAMICO REDONDO CON MESAS LATERALES
01t4w00000Nuo40AAB,RECTANGLE SUPPORT CART,CARRITO APOYO RECTANGULO
01t4w00000Nuo42AAB,HANGING SWING WITH CUSHION,COLUMPIO COLGANTE CON COJIN
01t4w00000Nuo44AAB,HANGING SWING WITH CUSHION,COLUMPIO COLGANTE CON COJIN
01t4w00000Nuo46AAB,Egg Chair,COLUMPIO COLGANTE CON COJIN
01t4w00000Nuo47AAB,Egg Chair,SILLA HUEVO ROTA
01t4w00000Nuo4AAAR,DINING SET,SET COMEDOR 5 PIEZAS
01t4w00000Nuo4CAAR,5 PCS SET,SET COMEDOR 5 PIEZAS
01t4w00000Nuo4FAAR,Plastics stand fan,"VENTILADOR PISO 16"" 50W"
01t4w00000Nuo4GAAR,FOLD IN SECOND COLLAPSIBLE SHOPPING TROLLEY,CARRO JARDIN PLEGABLE
01t4w00000Nuo4IAAR,Tower fan,"VENTILADOR TORRE 31"" 50W 3 VELOCIDADES OSCILANTE"
01t4w00000Nuo4KAAR,Plastics stand fan,"VENTILADOR PISO 16"" 45W"
01t4w00000Nuo4MAAR,Cement umbrella base,BASE CEMENTO 15KG DE SOMBRILLA
01t4w00000Nuo4OAAR,Resin umbrella base,BASE RESINA 9KG DE SOMBRILLA
01t4w00000Nuo4QAAR,Resin umbrella base,BASE RESINA 25KG DE SOMBRILLA
01t4w00000Nuo4RAAR,Banana umbrella with LED light,SOMBRILLA JARDIN LATERAL CON BASE EN CRUZ + LUZ LED
01t4w00000Nuo4TAAR,HIDEAWAY SET 1+4,SET COMEDOR 5 PIEZAS AHORRAESPACIO TEKA
01t4w00000Nuo4VAAR,DINING SET,SET DESAYUNADOR MDF + 2 TABURETES + ALMACENAJE 3 NIVELES
01t4w00000Nuo4WAAR,Steel foldable rattan Lounge Chaise,TUMBONA PLEGABLE
01t4w00000Nuo4YAAR,Computer desk,MESA ESCRITORIO
01t4w00000Nuo4aAAB,Folding shelf,MESA ESCRITORIO
01t4w00000Nuo4cAAB,Folding shelf,ESTANTERIA 4 NIVELES
01t4w00000Nuo4eAAB,Folding desk,MESA ESCRITORIO
01t4w00000Nuo4gAAB,Folding shelf,ESTANTERIA 3 NIVELES
01t4w00000Nuo4iAAB,Computer desk,MESA ESCRITORIO
01t4w00000Nuo4kAAB,Cabinet,MESA BURO 1 CAJON + 1 ESTANTE
01t4w00000Nuo4mAAB,Computer desk,MESA ESCRITORIO
01t4w00000Nuo4nAAB,Book shelf,ESTANTERIA 3 NIVELES
01t4w00000Nuo4rAAB,Computer desk,MESA ESCRITORIO
01t4w00000Nuo4tAAB,Book shelf,ESTANTERIA 3 NIVELES
01t4w00000Nuo4uAAB,Computer desk,MESA ESCRITORIO
01t4w00000Nuo4wAAB,Book shelf,ESTANTERIA 3 NIVELES
01t4w00000Nuo4yAAB,Computer desk,MESA ESCRITORIO + LIBRERO 3 NIVELES
01t4w00000Nuo4zAAB,Computer desk,MESA ESCRITORIO
01t4w00000Nuo52AAB,Book shelf,ESTANTERIA 3 NIVELES
01t4w00000Nuo54AAB,Computer desk,MESA ESCRITORIO
01t4w00000Nuo55AAB,Computer name,MESA ESCRITORIO
01t4w00000Nuo58AAB,Computer desk,MESA ESCRITORIO
01t4w00000Nuo5AAAR,Computer desk,MESA ESCRITORIO
01t4w00000Nuo5CAAR,Computer desk,MESA ESCRITORIO
01t4w00000Nuo5EAAR,Computer desk,MESA ESCRITORIO
01t4w00000Nuo5GAAR,Computer desk,MESA ESCRITORIO
01t4w00000Nuo5IAAR,Computer desk,MESA ESCRITORIO
01t4w00000Nuo5KAAR,Computer desk,MESA ESCRITORIO
01t4w00000Nuo5MAAR,Computer desk,MESA ESCRITORIO
01t4w00000Nuo5OAAR,Computer desk,MESA ESCRITORIO
01t4w00000Nuo5QAAR,Computer desk,MESA ESCRITORIO + LIBRERO 2 NIVELES
01t4w00000Nuo5SAAR,Computer desk,MESA ESCRITORIO
01t4w00000Nuo5TAAR,Computer desk,MESA ESCRITORIO + LIBRERO 3 NIVELES
01t4w00000Nuo5VAAR,Computer desk,MESA ESCRITORIO + LIBRERO 3 NIVELES
01t4w00000Nuo5XAAR,Computer desk,MESA ESCRITORIO + LIBRERO 1 NIVEL
01t4w00000Nuo5aAAB,Computer desk,MESA ESCRITORIO
01t4w00000Nuo5cAAB,Computer desk,MESA ESCRITORIO
01t4w00000Nuo5eAAB,Computer desk,MESA ESCRITORIO ESQUINA
01t4w00000Nuo5fAAB,Computer desk,MESA ESCRITORIO ESQUINA
01t4w00000Nuo5iAAB,Padova steel rope dining set of 7,SET COMEDOR 7 PIEZAS
01t4w00000Nuo5kAAB,Valencia steel rattan dining set of 7,SET COMEDOR 7 PIEZAS
01t4w00000Nuo5mAAB,Toronto conversation set of 4,SET SOFA CON COJINES 4 PIEZAS
01t4w00000Nuo5oAAB,Santa Cruz alu. corner sofa set of 4,SET SOFA EN ESQUINA 4 PIEZAS CON COJIN
01t4w00000Nuo5qAAB,Sparta steel rattan sofa set,SET SOFA EN ESQUINA 3 PIEZAS CON COJIN
01t4w00000Nuo5sAAB,Chair,SILLA COMEDOR PLASTICO
01t4w00000Nuo5vAAB,Chair,SILLA COMEDOR PLASTICO
01t4w00000Nuo5wAAB,PLASTIC DINING CHAIR WITH CUSHION,SILLA COMEDOR PLASTICO CON COJIN
01t4w00000Nuo5yAAB,DINNING CHAIR,SILLA COMEDOR PLASTICO
01t4w00000Nuo60AAB,DINNING CHAIR,SILLA COMEDOR PLASTICO
01t4w00000Nuo61AAB,DINNING CHAIR,SILLA COMEDOR PLASTICO
01t4w00000Nuo62AAB,DINNING CHAIR,SILLA COMEDOR PLASTICO
01t4w00000Nuo66AAB,DINNING CHAIR,SILLA COMEDOR PLASTICO
01t4w00000Nuo68AAB,FABRIC DINING CHAIR,SILLA COMEDOR TELA
01t4w00000Nuo6AAAR,DINNING CHAIR,SILLA COMEDOR PLASTICO
01t4w00000Nuo6CAAR,FABRIC DINING CHAIR,SILLA COMEDOR TELA
01t4w00000Nuo6EAAR,FABRIC DINING CHAIR,SILLA COMEDOR TELA
01t4w00000Nuo6GAAR,FABRIC DINING CHAIR,SILLA COMEDOR TELA
01t4w00000Nuo6IAAR,DINNING CHAIR,SILLA COMEDOR PLASTICO
01t4w00000Nuo6KAAR,SIDE TABLE,MESA AUXILIAR
01t4w00000Nuo6MAAR,SIDE TABLE,MESA AUXILIAR
01t4w00000Nuo6NAAR,AUXILIARY TABLE,MESA AUXILIAR
01t4w00000Nuo6QAAR,SIDE TABLE,MESA AUXILIAR
01t4w00000Nuo6SAAR,SIDE TABLE,MESA AUXILIAR
01t4w00000Nuo6VAAR,Ice bucket with embossing diamonds,CUBETA DE HIELO
01t4w00000Nuo6XAAR,Ice bucket with rope handle,CUBETA DE HIELO
01t4w00000Nuo6ZAAR,Ice bucket with rope handle and embossing lines,CUBETA DE HIELO
01t4w00000Nuo6aAAB,Ice bucket with embossing wave points,CUBETA DE HIELO
01t4w00000Nuo6cAAB,Metal shelf with 1 pc Ø16*14.5CM iron  pot,MACETERO DECORATIVO HUECO
01t4w00000Nuo6eAAB,Metal shelf with 1 pc Ø16*15CM iron  pot,MACETERO DECORATIVO HUECO
01t4w00000Nuo6gAAB,Metal shelf with 1 pc Ø20*20CM iron  pot,MACETERO DECORATIVO HUECO
01t4w00000Nuo6hAAB,Metal garden decor with 1 pc Ø12*10.5CM terracotta,MACETERO DECORATIVO TERRACOTA
01t4w00000Nuo6jAAB,Metal garden decor with 1 pc Ø10*9CM terracotta,MACETERO DECORATIVO TERRACOTA
01t4w00000Nuo6lAAB,Metal garden decor with 1 pc Ø18*16CM terracotta,MACETERO DECORATIVO TERRACOTA
01t4w00000Nuo6oAAB,Metal garden decor with 1 pc Ø10*9CM terracotta,MACETERO DECORATIVO TERRACOTA
01t4w00000Nuo6qAAB,Metal garden decor with 1 pc  Ø25*15cm tin pot,MACETERO DECORATIVO
01t4w00000Nuo6sAAB,Metal garden decor with 1 pc  Ø18*14cm tin pot,MACETERO DECORATIVO
01t4w00000Nuo6uAAB,Metal garden decor with 1 pc  Ø22.5*16cm tin pot,MACETERO DECORATIVO
01t4w00000Nuo6yAAB,Metal garden decor with 1 pc  Ø12.5*12cm tin pot,MACETERO DECORATIVO
01t4w00000Nuo6zAAB,Metal shelf with 1 pc Ø10.5*10CM gold pot,MACETERO DECORATIVO
01t4w00000Nuo70AAB,Metal shelf with 1 pc Ø18.5*14.5CM gold pot,MACETERO DECORATIVO
01t4w00000Nuo72AAB,Metal shelf with 1 pc Ø12*10CM gold pot,MACETERO DECORATIVO HUECO
01t4w00000Nuo74AAB,Metal garden decor with 1 pc  Ø18*14CM tin pot,MACETERO DECORATIVO
01t4w00000Nuo76AAB,Metal garden decor with 1 pc Ø13.5*13CM tin pot,MACETERO DECORATIVO
01t4w00000Nuo77AAB,Metal garden decor with 1 pc Ø13.5*13CM tin pot,MACETERO DECORATIVO
01t4w00000Nuo7AAAR,7 pcs Aluminum garden set,SET COMEDOR ALUMINIO 7 PIEZAS
01t4w00000Nuo7GAAR,STEEL HANGING CHAIR-KD,COLUMPIO COLGANTE CON COJIN
01t4w00000Nuo7IAAR,Flower pot,SUCULENTA DISEÑO
01t4w00000Nuo7KAAR,6 PCS PATIO SET,SET JARDIN 6 PIEZAS
01t4w00000Nuo7MAAR,6 PCS PATIO SET,SET COMEDOR 6 PIEZAS
01t4w00000Nuo7OAAR,Steel hanging chair fixed version,COLUMPIO COLGANTE FIJO CON COJIN
01t4w00000Nuo7QAAR,Steel hanging chair-KD,COLUMPIO COLGANTE CON COJIN
01t4w00000Nuo7SAAR,Steel hanging chair-KD,COLUMPIO COLGANTE CON COJIN
01t4w00000Nuo7UAAR,Steel pergola gazebo,GAZEBO CUADRADO
01t4w00000Nuo7WAAR,Steel zero gravity chair,SILLA PLAYA RECLINABLE
01t4w00000Nuo7YAAR,STEEL TWO PERSON GRAVITY CHAIR,SILLA DOBLE PLAYA
01t4w00000Nuo7bAAB,Steel sun lounger,TUMBONA PLAYA
01t4w00000Nuo7cAAB,Steel 5pcs dining sets,SET COMEDOR 5 PIEZAS AHORRAESPACIO RATTAN CON COJINES
01t4w00000Nuo7iAAB,Flower pot,SUCULENTA DISEÑO
01t4w00000Nuo7sAAB,BAR STOOL,BANCO BAR PU
01t4w00000Nuo7uAAB,BAR STOOL,BANCO BAR PU
01t4w00000Nuo7wAAB,BAR STOOL,BANCO BAR PU
01t4w00000Nuo7yAAB,BAR STOOL,BANCO BAR PU
01t4w00000Nuo80AAB,BAR STOOL,BANCO BAR TELA
01t4w00000Nuo82AAB,BAR STOOL,BANCO BAR TELA
01t4w00000Nuo84AAB,BAR STOOL,BANCO BAR TELA
01t4w00000Nuo86AAB,BAR STOOL,BANCO BAR PU
01t4w00000Nuo88AAB,BAR STOOL,BANCO BAR PU
01t4w00000Nuo89AAB,BAR STOOL,BANCO BAR POLYWOOD
01t4w00000Nuo8CAAR,BAR STOOL,BANCO BAR PP
01t4w00000Nuo8EAAR,BAR STOOL,BANCO BAR PU
01t4w00000Nuo8GAAR,BAR STOOL,BANCO BAR PU
01t4w00000Nuo8IAAR,BAR STOOL,BANCO BAR PU
01t4w00000Nuo8KAAR,BAR STOOL,BANCO BAR PU
01t4w00000Nuo8MAAR,BAR STOOL,BANCO BAR TELA
01t4w00000Nuo8OAAR,Alum umbrella with LED light,SOMBRILLA JARDIN 8 RIBS + LUZ LED
01t4w00000Nuo8QAAR,26kg Cement umbrella base,BLOQUE CEMENTO 26KG PARA BASE DE SOMBRILLA
01t4w00000Nuo8SAAR,BAR STOOL,BANCO BAR PU
01t4w00000Nuo8UAAR,OFFICE CHAIR,SILLA ORDENADOR
01t4w00000Nuo8WAAR,DINING CHAIR,SILLA COMEDOR PLASTICO
01t4w00000Nuo8YAAR,DINING CHAIR,SILLA COMEDOR TELA
01t4w00000Nuo8bAAB,DINING CHAIR,SILLA COMEDOR PLASTICO
01t4w00000Nuo8cAAB,DINING CHAIR,SILLA COMEDOR TELA
01t4w00000Nuo8eAAB,DINING CHAIR,SILLA COMEDOR PLASTICO
01t4w00000Nuo8gAAB,BAR + STOOL,BANCO BAR TERCIOPELO
01t4w00000Nuo8iAAB,BAR STOOL,BANCO BAR TERCIOPELO
01t4w00000Nuo8kAAB,BAR STOOL,BANCO BAR TERCIOPELO
01t4w00000Nuo8mAAB,BAR STOOL,BANCO BAR TERCIOPELO
01t4w00000Nuo8oAAB,BAR STOOL,BANCO BAR TERCIOPELO
01t4w00000Nuo8qAAB,GAZEBO,GAZEBO CUADRADO CON BARRAS BAR
01t4w00000Nuo93AAB,STEEL HANGING CHAIR,COLUMPIO COLGANTE CON COJIN
01t4w00000Nuo95AAB,STAINLESS STEEL KITCHEN COMPOST BIN,RECIPIENTE DE COMPOST 4 LITROS
01t4w00000Nuo98AAB,KITCHEN COMPOST BIN,RECIPIENTE DE COMPOST 3 LITROS
01t4w00000Nuo9AAAR,KITCHEN COMPOST BIN,RECIPIENTE DE COMPOST 3 LITROS
01t4w00000Nuo9BAAR,KITCHEN COMPOST BIN,"RECIPIENTE DE COMPOST 1,5 LITROS"
01t4w00000Nuo9EAAR,KITCHEN COMPOST BIN WITH INNER BUCKET,"RECIPIENTE DE COMPOST 1,5 LITROS"
01t4w00000Nuo9FAAR,KITCHEN COMPOST BIN,RECIPIENTE DE COMPOST 6 LITROS
01t4w00000Nuo9GAAR,STEEL 3 PC PATIO SET,SET BISTRO METALICO PLEGABLE REDONDO
01t4w00000Nuo9HAAR,KIDS PATIO SET,SET SILLAS INFANTIL CON SOMBRILLA
01t4w00000Nuo9IAAR,6 PCS PATIO SET,SET JARDIN 6 PIEZAS
01t4w00000Nuo9NAAR,3PCS K.D. SOFA SET,SET SOFA 3 PIEZAS CON COJINES
01t4w00000Nuo9RAAR,DINING SET,SET COMEDOR 5 PIEZAS AHORRAESPACIO CON COJINES
01t4w00000Nuo9TAAR,3 PIECE CORNER WICKER PATIO SET,SALA DE PATIO WICKER EN ESQUINA 3 PIEZAS
01t4w00000Nuo9VAAR,Horse Rack,SOPORTE MANGUERA
01t4w00000Nuo9XAAR,4 PIECE BISTRO SET WITH CUSHIONS,SET BISTRO 4 PIEZAS CON COJINES
01t4w00000Nuo9fAAB,GREEN HOUSE,INVERNADEROS 2 CAPAS
01t4w00000Nuo9iAAB,GREEN HOUSE,INVERNADEROS 4 CAPAS
01t4w00000Nuo9jAAB,GREEN HOUSE,INVERNADEROS 3 CAPAS
01t4w00000Nuo9lAAB,BISTRO SET,SET BISTRO RATTAN 3 PIEZAS CON COJINES
01t4w00000Nuo9nAAB,SUNLOUNGER,TUMBONA CON RUEDAS
01t4w00000Nuo9pAAB,Long handle tools rack,ORGANIZADOR DE HERRAMIENTAS
01t4w00000Nuo9rAAB,Long handle tools rack,ORGANIZADOR DE HERRAMIENTAS
01t4w00000Nuo9vAAB,Metal garden decor with 1 pc  Ø25*15cm tin pot,MACETERO DECORATIVO
01t4w00000Nuo9zAAB,PERSONAL TABLE,MESA RESINA PERSONAL
01t4w00000NuoA1AAJ,6 FT FOLDING HDPE TABLE,MESA RESINA PLEGABLE Φ 4 cm
01t4w00000NuoA3AAJ,FOLDING CHAIR,SILLA RESINA DOBLE
01t4w00000NuoA9AAJ,RED KETTLE CHARCOAL GRILL,PARRILLA CARBON KETTLE ROJA
01t4w00000NuoABAAZ,BLACK KETTLE CHARCOAL GRILL XL,PARRILLA CARBON KETTLE NEGRA XL
01t4w00000NuoACAAZ,HALF DRUM CHARCOAL GRILL BM400,PARRILLA CARBON MEDIO TAMBOR BM400
01t4w00000NuoAEAAZ,SMALL BARREL CHARCOAL GRILL,PARRILLA CARBON BARREL SMALL
01t4w00000NuoAFAAZ,HALF DRUM CHARCOAL GRILL WITH LID,PARRILLA CARBON MEDIO TAMBOR CON TAPA
01t4w00000NuoAHAAZ,HALF DRUM CHARCOAL GRILL BM300,PARRILLA CARBON MEDIO TAMBOR BM300
01t4w00000NuoALAAZ,SQUARE CHARCOAL GRILL,PARRILLA CARBON CUADRADA
01t4w00000NuoANAAZ,Kid chair,SILLA PLASTICO INFANTIL
01t4w00000NuoAPAAZ,Kid chair,SILLA PLASTICO INFANTIL
01t4w00000NuoATAAZ,RESIN IMITATION WOOD FOLDING TABLE,MESA RESINA IMITACION MADERA PLEGABLE MADERA
01t4w00000NuoAUAAZ,SQUARE TABLE WITH SLAT WOODEN LOOK,MESA RESINA IMITACION MADERA CUADRADA
01t4w00000NuoAWAAZ,FOLDING BENCH,BANCA IMITACION MADERA RESINA PLEGABLE
01t4w00000NuoAfAAJ,STORAGE SHED,COBERTIZO DE ALMACENAMIENTO
01t4w00000NuoAhAAJ,STORAGE SHED,COBERTIZO DE ALMACENAMIENTO
01t4w00000NuoAjAAJ,STORAGE SHED,COBERTIZO DE ALMACENAMIENTO
01t4w00000NuoAlAAJ,STORAGE SHED,COBERTIZO DE ALMACENAMIENTO
01t4w00000NuoAnAAJ,STORAGE SHED,COBERTIZO DE ALMACENAMIENTO
01t4w00000NuoApAAJ,RECLINER CHAIR,MECEDORA CON PUF
01t4w00000NuoArAAJ,WHITE YAK LEATHER WELDING GLOVES,GUANTES DE SOLDADURA CUERO DE YAK BLANCO
01t4w00000NuoAtAAJ,SHEEPSKIN AND PIGSKIN GARDENING GLOVES,GUANTES DE JARDINERÍA DE PIEL
01t4w00000NuoAvAAJ,COWHIDE WELDING GLOVES,GUANTES DE SOLDADURA DE PIEL
01t4w00000NuoAxAAJ,LONG FLORAL CLOTH COWHIDE GARDEN GLOVES,GUANTES DE JARDINERÍA TELA FLORAL LARGA
01t4w00000NuoAzAAJ,SHORT FLORAL CLOTH COWHIDE GARDEN GLOVES,GUANTES DE JARDINERÍA TELA FLORAL CORTA
01t4w00000NuoB1AAJ,COWHIDE GLOVES,GUANTES DE PIEL
01t4w00000NuoB3AAJ,COWHIDE GLOVES,GUANTES DE PIEL
01t4w00000NuoB5AAJ,DRIVE GLOVES,GUANTES DE PIEL
01t4w00000NuoB9AAJ,OFFICE DESK,MESA ESCRITORIO
01t4w00000NuoBBAAZ,OFFICE DESK,MESA ESCRITORIO
01t4w00000NuoBDAAZ,DESK TABLE + 2 LEVEL BOOKCASE,MESA ESCRITORIO + LIBRERO 2 NIVELES
01t4w00000NuoBFAAZ,OFFICE DESK,MESA ESCRITORIO
01t4w00000NuoBHAAZ,OFFICE DESK,MESA ESCRITORIO
01t4w00000NuoBIAAZ,OFFICE DESK,MESA ESCRITORIO
01t4w00000NuoBLAAZ,OFFICE DESK,MESA ESCRITORIO
01t4w00000NuoBNAAZ,OFFICE DESK,MESA ESCRITORIO
01t4w00000NuoBPAAZ,OFFICE DESK,MESA ESCRITORIO
01t4w00000NuoBRAAZ,RATTAN SOFA SET OF 4,SET SOFA 4 PIEZAS CON COJIN
01t4w00000NuoBTAAZ,RATTAN SOFA SET OF 4,SET SOFA 4 PIEZAS CON COJIN
01t4w00000NuoBVAAZ,CABINET,MESA BURO 3 CAJONES CON RUEDA
01t4w00000NuoBXAAZ,LAPTOP DESK,MESA ESCRITORIO
01t4w00000NuoBYAAZ,OFFICE CHAIR,SILLA ORDENADOR
01t4w00000NuoBbAAJ,OFFICE CHAIR,SILLA ORDENADOR
01t4w00000NuoBeAAJ,FOLDING SHELF,ESTANTERIA 4 NIVELES
01t4w00000NuoBfAAJ,FOLDING DESK,MESA ESCRITORIO
01t4w00000NuoBhAAJ,COMPUTER DESK,MESA ESCRITORIO
01t4w00000NuoBkAAJ,COMPUTER DESK,MESA ESCRITORIO
01t4w00000NuoBlAAJ,COMPUTER DESK,MESA ESCRITORIO
01t4w00000NuoBnAAJ,COMPUTER DESK,MESA ESCRITORIO
01t4w00000NuoBpAAJ,COMPUTER DESK,MESA ESCRITORIO
01t4w00000NuoBrAAJ,COMPUTER DESK,MESA ESCRITORIO
01t4w00000NuoBtAAJ,FOLDING TABLE,MESA ESCRITORIO PLEGABLE
01t4w00000NuoBvAAJ,FOLDING TABLE,MESA ESCRITORIO PLEGABLE
01t4w00000NuoByAAJ,COMPUTER TABLE,MESA ESCRITORIO + LIBRERO 2 NIVELES
01t4w00000NuoBzAAJ,SIDE C-TABLE,MESA ESCRITORIO
01t4w00000NuoC1AAJ,SIDE C-TABLE,MESA ESCRITORIO
01t4w00000NuoC3AAJ,COMPUTER TABLE,MESA ESCRITORIO
01t4w00000NuoC5AAJ,COMPUTER TABLE,MESA ESCRITORIO
01t4w00000NuoC6AAJ,COMPUTER TABLE,MESA ESCRITORIO CON PIZARRA
01t4w00000NuoC9AAJ,FLOATING WALL SHELF,REPISA MAGICA
01t4w00000NuoCBAAZ,FLOATING WALL SHELF,REPISA MAGICA
01t4w00000NuoCDAAZ,FLOATING WALL SHELF,REPISA MAGICA
01t4w00000NuoCFAAZ,FLOATING WALL SHELF,REPISA MAGICA
01t4w00000NuoCIAAZ,FLOATING WALL SHELF,REPISA MAGICA
01t4w00000NuoCKAAZ,FLOATING WALL SHELF,REPISA MAGICA
01t4w00000NuoCLAAZ,FLOATING WALL SHELF,REPISA MAGICA
01t4w00000NuoCNAAZ,FLOATING WALL SHELF,REPISA MAGICA
01t4w00000NuoCPAAZ,FLOATING WALL SHELF,REPISA MAGICA
01t4w00000NuoCRAAZ,FLOATING WALL SHELF,REPISA MAGICA
01t4w00000NuoCTAAZ,FLOATING WALL SHELF,REPISA MAGICA CON ORILLA FRONTAL
01t4w00000NuoCVAAZ,FLOATING WALL SHELF,REPISA MAGICA CON ORILLA FRONTAL
01t4w00000NuoCXAAZ,FLOATING WALL SHELF,REPISA MAGICA CON ORILLA FRONTAL
01t4w00000NuoCZAAZ,FLOATING WALL SHELF WITH DRAWER,REPISA MAGICA CON 1 CAJON
01t4w00000NuoCbAAJ,FLOATING WALL SHELF WITH DRAWER,REPISA MAGICA CON 1 CAJON
01t4w00000NuoCdAAJ,FLOATING WALL SHELF WITH DRAWER,REPISA MAGICA CON 2 CAJONES
01t4w00000NuoCfAAJ,FLOATING WALL SHELF,REPISA MAGICA ESQUINA
01t4w00000NuoChAAJ,FLOATING WALL SHELF,REPISA MAGICA ESQUINA
01t4w00000NuoCjAAJ,FLOATING WALL SHELF,REPISA MAGICA 1 NIVEL
01t4w00000NuoCmAAJ,FLOATING WALL SHELF,REPISA MAGICA PERCHERO CON ESPEJO
01t4w00000NuoCnAAJ,FLOATING WALL SHELF,REPISA MAGICA PERCHERO CON ESPEJO
01t4w00000NuoCpAAJ,FLOATING WALL SHELF,REPISA MAGICA 1 NIVEL
01t4w00000NuoCrAAJ,FLOATING WALL SHELF,REPISA MAGICA 2 NIVELES
01t4w00000NuoCtAAJ,FLOATING WALL SHELF,SET REPISAS MAGICAS 3 PIEZAS HEXAGONALES
01t4w00000NuoCvAAJ,FLOATING WALL SHELF,SET REPISAS MAGICAS 3 PIEZAS CUBOS
01t4w00000NuoCxAAJ,FLOATING WALL SHELF,SET REPISAS MAGICAS 3 PIEZAS CUBOS
01t4w00000NuoCyAAJ,FLOATING WALL SHELF,SET REPISAS MAGICAS CASA CON PERCHAS
01t4w00000NuoD2AAJ,FLOATING WALL SHELF,SET REPISAS MAGICAS 3 PIEZAS CIRCULOS
01t4w00000NuoD4AAJ,FLOATING WALL SHELF,SET REPISAS MAGICAS 2 PIEZAS HEXAGONALES CON PERCHA
01t4w00000NuoD6AAJ,FLOATING WALL SHELF,REPISA MAGICA CON BARRA
01t4w00000NuoD7AAJ,FLOATING WALL SHELF,SET REPISAS MAGICAS 3 PIEZAS EN U
01t4w00000NuoD9AAJ,FLOATING WALL SHELF,REPISA MAGICA CRUZ
01t4w00000NuoDBAAZ,FLOATING WALL SHELF,REPISA MAGICA CUADRADOS
01t4w00000NuoDDAAZ,FLOATING WALL SHELF,REPISA MAGICA 5 NIVELES
01t4w00000NuoDEAAZ,FLOATING WALL SHELF,REPISA MAGICA 2 NIVELES
01t4w00000NuoDGAAZ,FLOATING WALL SHELF,REPISA MAGICA 3 NIVELES
01t4w00000NuoDIAAZ,FLOATING WALL SHELF,REPISA MAGICA 4 NIVELES
01t4w00000NuoDLAAZ,MULTIFUNCTIONAL SOFA,SOFA CAMA
01t4w00000NuoDNAAZ,SOFA BED,SOFA CAMA
01t4w00000NuoDPAAZ,SOFA BED,SOFA CAMA
01t4w00000NuoDRAAZ,SOFA BED,SOFA CAMA
01t4w00000NuoDXAAZ,SOFA,SOFA 3 PLAZAS
01t4w00000NuoDYAAZ,SOFA,SOFA 2 PLAZAS
01t4w00000NuoDdAAJ,SOFA,SOFA 2 PLAZAS
01t4w00000NuoDfAAJ,SOFA,SOFA 3 PLAZAS
01t4w00000NuoDhAAJ,SOFA,SOFA TELA
01t4w00000NuoDjAAJ,SOFA,SOFA 2 PLAZAS
01t4w00000NuoDlAAJ,SOFA,SOFA 2 PLAZAS CON 1 COJIN
01t4w00000NuoDmAAJ,SOFA,SOFA 3 PLAZAS
01t4w00000NuoDpAAJ,SOFA,SOFA 2 PLAZAS
01t4w00000NuoDqAAJ,SOFA,SOFA 2 PLAZAS CON 1 COJIN
01t4w00000NuoDvAAJ,SOFA,SOFA 2 PLAZAS CON 1 COJIN
01t4w00000NuoDwAAJ,SOFA,SOFA 3 PLAZAS CON 2 COJINES
01t4w00000NuoDyAAJ,SOFA,SOFA 2 PLAZAS CON 2 ALMOHADAS PALILLOS
01t4w00000NuoE0AAJ,SOFA,SOFA 2 PLAZAS CON 2 ALMOHADAS PALILLOS
01t4w00000NuoE3AAJ,SOFA,SOFA PLASTICO
01t4w00000NuoE8AAJ,SOFA,SOFA 2 PLAZAS
01t4w00000NuoEAAAZ,CHAISE SOFA WITH STORAGE,SOFA RECLINABLE CON ALMACENAJE
01t4w00000NuoEBAAZ,SECTIONAL SOFA,SOFA SECCIONAL CON ALMACENAJE
01t4w00000NuoEDAAZ,SOFA,SOFA INDIVIDUAL CON ALMACENAJE
01t4w00000NuoEEAAZ,RECLINER CHAIR,SILLON RECLINABLE MANUAL
01t4w00000NuoEJAAZ,CHILDREN SET: 1 CHILDREN TABLE 50*50CM + 2 CHILDREN CHAIRS,SET INFANTIL 3 PIEZAS
01t4w00000NuoELAAZ,SILLA ARINDORAK WICKER,SILLON ARINDORAK PLASTICO WICKER
01t4w00000NuoENAAZ,3PCS BEER TABLE SET,SET MESA + 2 BANCOS RESINA PLEGABLE
01t4w00000NuoEPAAZ,FOLDING BENCH ? 4.5 cm,BANCA RESINA PLEGABLE Φ 4.5 cm
01t4w00000NuoERAAZ,FOLDING HDPE CHAIR,SILLA PLEGABLE DOBLE
01t4w00000NuoETAAZ,FOLDING HDPE PERSONAL TABLE ADJUSTABLE,MESA RESINA PERSONAL
01t4w00000NuoEXAAZ,6 FT FOLDING HDPE TABLE,MESA RESINA PLEGABLE 180 CM
01t4w00000NuoEbAAJ,FOLDING PLASTIC CHAIR,SILLA RESINA IMITACION MADERA
01t4w00000NuoEdAAJ,PERSONAL TABLE,MESA RESINA PERSONAL
01t4w00000NuoEeAAJ,FOLDING CHAIR,SILLA RESINA DOBLE
01t4w00000NuoEkAAJ,WHITE MERMAID GIRL SHELF,ESTANTERIA ZAPATOS INFANTIL
01t4w00000NuoEmAAJ,GREEN SPACE BOY SHELF,ESTANTERIA ZAPATOS INFANTIL
01t4w00000NuoEsAAJ,CHAIR,SILLA COMEDOR PLASTICO
01t4w00000NuoEyAAJ,WATER BOTTLE RACK,ESTANTERIA METALICA 3 NIVELES PARA BOTELLA
01t4w00000NuoF2AAJ,CHAIR,SILLA COMEDOR TELA ACOLCHADA
01t4w00000NuoF6AAJ,GIRL TOY BOX,BAÚL JUGUETES INFANTIL
01t4w00000NuoF8AAJ,GIRL TOY BOX,BAÚL JUGUETES INFANTIL
01t4w00000NuoFAAAZ,DINING CHAIR,SILLA COMEDOR PLASTICO
01t4w00000NuoFCAAZ,DINING CHAIR,SILLA COMEDOR TELA
01t4w00000NuoFEAAZ,BAR STOOL,BANCO BAR TELA
01t4w00000NuoFGAAZ,GAMING CHAIR,SILLA GAMING
01t4w00000NuoFIAAZ,BAR STOOL,BANCO BAR TELA
01t4w00000NuoFKAAZ,COMPUTER DESK,MESA ESCRITORIO
01t4w00000NuoFMAAZ,COMPUTER DESK,MESA ESCRITORIO + LIBRERO 2 NIVELES
01t4w00000NuoFQAAZ,HOME CHAIR,SILLA ORDENADOR
01t4w00000NuoFUAAZ,DINING SET,SET COMEDOR MDF + 4 SILLAS
01t4w00000NuoFYAAZ,SOFA BED,SOFA CAMA
01t4w00000NuoFcAAJ,2000W OIL RADIATOR WITH WHEELS,RADIADOR ACEITE 2000W CON RUEDAS
01t4w00000NuoFfAAJ,FOLDING AUXILIARY CART 3 LEVELS,CARRITO AUXILIAR METALICO PLEGABLE 3 NIVELES
01t4w00000NuoFhAAJ,FULL METAL FOLDING SHELF WITHOUT PULLER,CARRITO AUXILIAR METALICO PLEGABLE 3 NIVELES
01t4w00000NuoFjAAJ,TROLLEY,CARRITO AUXILIAR METALICO 3 NIVELES
01t4w00000NuoFlAAJ,AUXILIARY CART 3 LEVELS,CARRITO AUXILIAR METALICO 3 NIVELES
01t4w00000NuoFnAAJ,HOME CHAIR,SILLA ORDENADOR
01t4w00000NuoFqAAJ,GAMING CHAIR,SILLA GAMING
01t4w00000NuoFsAAJ,3-TIER SHOE RACK,ORGANIZADOR ZAPATOS 3 NIVELES
01t4w00000NuoFuAAJ,FULL METAL SHOE RACK,ORGANIZADOR ZAPATOS 2 NIVELES
01t4w00000NuoFwAAJ,STORAGE SHELF,ESTANTERIA 4 NIVELES
01t4w00000NuoFyAAJ,KIDS TABLE,"MESA RESINA PLEGABLE Φ 4,5 cm"
01t4w00000NuoG0AAJ,3 DRAWER SIDEBOARD,APARADOR 3 CAJONES
01t4w00000NuoG2AAJ,3 DRAWER SIDEBOARD,APARADOR 3 CAJONES
01t4w00000NuoG4AAJ,3 DRAWER SIDEBOARD,APARADOR 3 CAJONES
01t4w00000NuoG5AAJ,3 DRAWER SIDEBOARD,APARADOR 3 CAJONES
01t4w00000NuoG6AAJ,SIDEBOARD 4 DRAWERS + 3 HOLES,APARADOR 4 CAJONES + 3 HUECOS
01t4w00000NuoG8AAJ,5 DRAWER SIDEBOARD,APARADOR 5 CAJONES
01t4w00000NuoGAAAZ,4 DRAWER SIDEBOARD,APARADOR 4 CAJONES
01t4w00000NuoGDAAZ,5 DRAWER SIDEBOARD,APARADOR 5 CAJONES
01t4w00000NuoGGAAZ,PP KIDS CHAIR,SILLA COMEDOR PLASTICO
01t4w00000NuoGIAAZ,4 PIECE FOLDING CHILDREN'S SET,SET INFANTIL PLEGABLE 4 PIEZAS
01t4w00000NuoGMAAZ,SOFA,SILLON TELA
01t4w00000NuoGNAAZ,SOFA,SILLON TELA
01t4w00000NuoGPAAZ,DESK&CHAIR SET,SET MESA DE DIBUJO CON SILLA INFANTIL
01t4w00000NuoGXAAZ,SQUARE CHARCOAL GRILL,ASADOR CARBON CUADRADO
01t4w00000NuoGZAAZ,SQUARE CHARCOAL GRILL,ASADOR CARBON CUADRADO
01t4w00000NuoGaAAJ,kitchen trolley,CARRITO ORGANIZADOR COCINA 2 NIVELES
01t4w00000NuoGbAAJ,KITCHEN ORGANIZER CART 3 LEVELS,CARRITO ORGANIZADOR COCINA 3 NIVELES
01t4w00000NuoGcAAJ,FOLDING TABLE,MESA ESCRITORIO PLEGABLE
01t4w00000NuoGdAAJ,COFFE TABLE,MESA AUXILIAR
01t4w00000NuoGeAAJ,Square Shelf,REPISA MAGICA CUBO DIVISIONES
01t4w00000NuoGfAAJ,WATER BOTTLE RACK,ESTANTERIA METALICA 3 NIVELES PARA BOTELLA
01t4w00000NuoGhAAJ,CUBE SHELVES DIAMOND SET OF 2,SET REPISAS MAGICAS 2 PIEZAS CUBO
01t4w00000NuoGiAAJ,CUBE SHELVES DECORATIVE SET OF 2,SET REPISAS MAGICAS 2 PIEZAS CUBOS
01t4w00000NuoGjAAJ,ORGANIZER BOX,ORGANIZADOR ESCRITORIO 2 CAJONES BAMBÚ
01t4w00000NuoGmAAJ,BEACH UMBRELLA,SOMBRILLA PLAYA
01t4w00000NuoGoAAJ,NAPA STORAGE BOX,TABURETE AUXILIAR DE ALMACENAMIENTO NAPA
01t4w00000NuoGqAAJ,PORTOLA STORAGE BOX,TABURETE AUXILIAR DE ALMACENAMIENTO PORTOLA
01t4w00000NuoGuAAJ,MELODIA GARDEN STOOL,TABURETE AUXILIAR DE ALMACENAMIENTO MELODIA
01t4w00000NuoGwAAJ,SONAMA STORAGE BOX,BAUL ALMACENAJE PP
01t4w00000NuoH0AAJ,JULMA SERVING CART,CARRITO APOYO HIELERA JULMA
01t4w00000NuoH2AAJ,ROCA ADIRONDACK CHAIR,SILLON ADIRONDACK PP
01t4w00000NuoH4AAJ,DANA CHAIR,SILLON ADIRONDACK PP
01t4w00000NuoH8AAJ,SHELF,ESTANTERIA CRAYON INFANTIL
01t4w00000NuoHAAAZ,SHELF,ESTANTERIA CRAYON INFANTIL
01t4w00000NuoHCAAZ,CHILDREN'S BLACKBOARD,PIZARRA INFANTIL
01t4w00000NuoHGAAZ,SOFA,SOFA CAMA
01t4w00000NuoHIAAZ,RECTANGULAR GAZEBO RETRACTABLE AWNING,GAZEBO RECTANGULAR TOLDO RETRACTIL
01t4w00000NuoHKAAZ,RECTANGULAR GAZEBO RETRACTABLE AWNING,GAZEBO RECTANGULAR TOLDO RETRACTIL
01t4w00000NuoHMAAZ,BISTRO SET WICKER WITH CUSHION,SET BISTRO GIRATORIO WICKER CON COJINES
01t4w00000NuoHOAAZ,Padova steel rope chair set of 3,SET BISTRO METALICO 3PIEZAS
01t4w00000NuoHQAAZ,BISTRO SET,SET BISTRO TEXTILENO CON COJINES
01t4w00000NuoHSAAZ,BISTRO SET WICKER WITH CUSHION,SET BISTRO WICKER MECEDORA CON COJINES
01t4w00000NuoHUAAZ,Ribe steel rattan set of 3,SET COMEDOR WICKER CON COJIN 3 PIEZAS
01t4w00000NuoHWAAZ,SET BAR,SET MESA BAR + 2 TABURETES
01t4w00000NuoHYAAZ,Tanis steel rattan dinging set of 4,SET COMEDOR WICKER CON COJIN
01t4w00000NuoHaAAJ,Padova steel rope dining set of 7,SET COMEDOR 7 PIEZAS
01t4w00000NuoHcAAJ,STEEL PE Rattan Chair,SILLA COMEDOR RATTAN
01t4w00000NuoHeAAJ,STEEL PE Rattan Chair,SILLA COMEDOR RATTAN
01t4w00000NuoHgAAJ,STEEL Rope Chair,SILLA COMEDOR RATTAN CON COJIN
01t4w00000NuoHiAAJ,Terrace Chair,SILLA DE TERRAZA
01t4w00000NuoHkAAJ,DECK CHAIR WITH POLYESTER FABRIC,HAMACA MADERA CON TELA POLIESTER
01t4w00000NuoHmAAJ,CHILDREN DECK CHAIR,HAMACA MADERA INFANTIL CON TELA
01t4w00000NuoHqAAJ,Lund round trolley,CARRITO APOYO REDONDO
01t4w00000NuoHsAAJ,Solar Rattan Light(69CM),LAMPARA SOLAR DE RATAN
01t4w00000NuoHuAAJ,Stone finish water fountain,FUENTE ACABADO PIEDRA
01t4w00000NuoHwAAJ,RATTAN DINING CHAIR,SILLA COMEDOR RATTAN
01t4w00000NuoHxAAJ,6 FT FOLDING HDPE TABLE WOODEN DESIGN,MESA RESINA IMITACION MADERA PLEGABLE
01t4w00000NuoHzAAJ,KIDS PATIO SET,SET SILLAS INFANTIL CON SOMBRILLA
01t4w00000NuoI1AAJ,KIDS PATIO SET,SET SILLAS INFANTIL CON SOMBRILLA
01t4w00000NuoI3AAJ,BBQ GRILL,ASADOR CARBON PORTATIL
01t4w00000NuoI7AAJ,EXPANDABLE HOSE 15 MT WITH GUN 7 FUNCTIONS,MANGUERA EXPANDIBLE 15 MT C/PISTOLA 7 FUNCIONES
01t4w00000NuoI9AAJ,FOLDING WAGON,CARRO JARDIN PLEGABLE
01t4w00000NuoIBAAZ,DECORATIVE PLANTER HOME 2 POTS,MACETERO DECORATIVO CASITA 2 MACETAS
01t4w00000NuoIDAAZ,DECORATIVE PLANTER HOME 1 POT WITH FIREPLACE,MACETERO DECORATIVO CASITA 1 MACETA CON CHIMENEA
01t4w00000NuoIFAAZ,KID OTTOMAN,PUF INFANTIL CONEJO
01t4w00000NuoIVAAZ,CHILDREN'S STEP,PELDAÑO INFANTIL
01t4w00000NuoIXAAZ,CHILDREN'S STEP,PELDAÑO INFANTIL
01t4w00000NuoIcAAJ,Computer desk,MESA ESCRITORIO + LIBRERO 3 NIVELES
01t4w00000NuoIeAAJ,OFFICE DESK,MESA ESCRITORIO
01t4w00000NuoIgAAJ,wall shelf,REPISA METALICA CON MADERA
01t4w00000NuoIiAAJ,TEKAPO BALCONY CHAIR,SET BISTRO PLASTICO 3 PIEZAS CON ALMACENAMIENTO
01t4w00000NuoIkAAJ,PRAIA STORAGE BOX,BAUL ALMACENAJE PP
01t4w00000NuoImAAJ,DINNING CHAIR,SILLA COMEDOR PLASTICO
01t4w00000NuoIoAAJ,DINNING CHAIR,SILLA COMEDOR PLASTICO
01t4w00000NuoIqAAJ,OFFICE CHAIR,SILLA ORDENADOR
01t4w00000NuoIsAAJ,SICILY BALCONY SET Model:138+220,SET BISTRO PLASTICO 3 PIEZAS CON ALMACENAMIENTO
01t4w00000NuoIuAAJ,CAMILA BALCONY SET Model: 280+220,SET BISTRO PLASTICO 3 PIEZAS CON ALMACENAMIENTO
01t4w00000NuoIwAAJ,BOBOLI GARDEN SET. Model:1712311,SET BISTRO 4 PIEZAS CON COJINES
01t4w00000NuoIyAAJ,HARPNER STORAGE SOFA,SALA DE PATIO PP 4 PIEZAS
01t4w00000NuoJ0AAJ,VIENNA LOUNGE,SALA DE PATIO PP 4 PIEZAS
01t4w00000NuoJ1AAJ,ALISA STORAGE BOX,BAUL ALMACENAJE PP CON RUEDAS
01t4w00000NuoJ2AAJ,BONDI RATTAN SOFA SET,SALA DE PATIO PP 4 PIEZAS
01t4w00000NuoJ5AAJ,VISTA STORAGE BOX,BAUL ALMACENAJE PP
01t4w00000NuoJAAAZ,DINING SET 7 SEATER,SET SOFA EN ESQUINA POLYWOOD 7 PIEZAS CON COJINES
01t4w00000NuoJGAAZ,BAR STOOL,BANCO BAR TELA
01t4w00000NuoJJAAZ,2.1 KW GAS STOVE WITH HEAT BLADE,"HORNILLO A GAS 2,1 KW CON HOJA DE CALOR"
01t4w00000NuoJRAAZ,"18.5"" FOLDING CHARCOAL GRILL",ASADOR CARBON CUADRADO PLEGABLE PDQ
01t4w00000NuoJTAAZ,CRADLE,CUNA
01t4w00000NuoJXAAZ,CRADLE,CUNA
01t4w00000NuoJYAAZ,CRADLE,CUNA
01t4w00000NuoJaAAJ,CRADLE BED,CUNA CAMA
01t4w00000NuoJbAAJ,CRADLE,CUNA
01t4w00000NuoJeAAJ,CRADLE BED,CUNA CAMA
01t4w00000NuoJgAAJ,CRADLE WITH SHELF,CUNA CON ESTANTERIA
01t4w00000NuoJhAAJ,CRADLE WITH SIDEBOARD,CUNA CON APARADOR
01t4w00000NuoJjAAJ,CRADLE WITH SIDEBOARD,CUNA CON APARADOR
01t4w00000NuoJlAAJ,CRADLE,CUNA CON APARADOR
01t4w00000NuoJnAAJ,GALA TRASH CAN,CUBO DE BASURA GALA
01t4w00000NuoJpAAJ,GALA DOUBLE-BUCKET TRASH CAN,CUBO DE BASURA DOBLE GALA
01t4w00000NuoJrAAJ,Tabletop Metal Mesh Ironing Board,TABLA DE PLANCHAR SOBREMESA
01t4w00000NuoJsAAJ,Tabletop Metal Mesh Ironing Board,TABLA DE PLANCHAR SOBREMESA
01t4w00000NuoJuAAJ,Tabletop Metal Mesh Ironing Board,TABLA DE PLANCHAR SOBREMESA
01t4w00000NuoJyAAJ,Metal Mesh Ironing Board,TABLA DE PLANCHAR
01t4w00000NuoK0AAJ,S/4-SOFA SET,SET SOFAS PE RATTAN 4 PIEZAS CON COJINES
01t4w00000NuoK5AAJ,Mesh ironing board,TABLA DE PLANCHAR
01t4w00000NuoK6AAJ,Mesh ironing board,TABLA DE PLANCHAR
01t4w00000NuoKBAAZ,Mesh ironing board,TABLA DE PLANCHAR
01t4w00000NuoKDAAZ,TABLE SET- 6 CHAIRS + 1 TABLE,SET JARDIN 7 PIEZAS
01t4w00000NuoKGAAZ,Mesh ironing board,TABLA DE PLANCHAR
01t4w00000NuoKHAAZ,Mesh ironing board with clothes shelf,TABLA DE PLANCHAR
01t4w00000NuoKJAAZ,DINING SET,SET COMEDOR 7 PIEZAS
01t4w00000NuoKMAAZ,DINNING CHAIR,SILLA COMEDOR PE RATTAN
01t4w00000NuoKNAAZ,DINNING CHAIR,SILLA COMEDOR MADERA PLASTICA
01t4w00000NuoKRAAZ,GARDEN SET,SET JARDIN 5 PIEZAS
01t4w00000NuoKVAAZ,DINNING CHAIR,SILLA COMEDOR PE RATTAN
01t4w00000NuoKYAAZ,DINNING CHAIR,SILLA COMEDOR PE RATTAN
01t4w00000NuoKZAAZ,DINNING CHAIR,SILLA COMEDOR PE RATTAN
01t4w00000NuoKbAAJ,DINNING CHAIR,SILLA COMEDOR PE RATTAN
01t4w00000NuoKdAAJ,DINNING CHAIR,SILLA COMEDOR PE RATTAN
01t4w00000NuoKfAAJ,PE RATAN BAR STOOL,BANCO BAR PE RATAN
01t4w00000NuoKjAAJ,PATIO SET ROPE 7 PIECES WITH CUSHIONS,SALA DE PATIO ROPE 7 PIEZAS CON COJINES
01t4w00000NuoKlAAJ,SOFA SET,SET SOFAS 4 PIEZAS CON COJINES
01t4w00000NuoKpAAJ,Mesh ironing board,TABLA DE PLANCHAR
01t4w00000NuoKrAAJ,Mesh ironing board,TABLA DE PLANCHAR
01t4w00000NuoKvAAJ,SICILY BALCONY SET Model:138+220,SET BISTRO 3 PIEZAS CON ALMACENAMIENTO
01t4w00000NuoKzAAJ,STORAGE SHED,COBERTIZO DE ALMACENAMIENTO
01t4w00000NuoL1AAJ,PP STORAGE TRUNK,BAUL ALMACENAJE PP
01t4w00000NuoL2AAJ,TENT PROOF METAL SHED,COBERTIZO DE ALMACENAMIENTO
01t4w00000NuoLCAAZ,TOWER FAN,VENTILADOR TORRE
01t4w00000NuoLGAAZ,FOLDING TABLE,MESA RESINA PLEGABLE Φ 3.5 cm
01t4w00000NuoLIAAZ,FOLDING TABLE,MESA RESINA PLEGABLE Φ 3.5 cm
01t4w00000NuoLKAAZ,FOLDING TABLE,MESA RESINA PLEGABLE Φ 3.5 cm
01t4w00000NuoLMAAZ,FOLDING TABLE,MESA RESINA PLEGABLE Φ 3.5 cm
01t4w00000NuoLOAAZ,"TOWER FAN 40"", REMOTE CONTROL","VENTILADOR DE TORRE DE 40"", CONTROL REMOTO"
01t4w00000NuoLQAAZ,"TOWER FAN 31"" 50W","VENTILADOR TORRE 31"" 50W"
01t4w00000NuoLSAAZ,"TOWER FAN 31"" 50W","VENTILADOR TORRE 31"" 50W"
01t4w00000NuoLTAAZ,100W DESKTOP FAN,VENTILADOR SOBREMESA 100W
01t4w00000NuoLWAAZ,"DESK FAN 8"", WITH HANDLE","VENTILADOR DE ESCRITORIO DE 8"", CON ASA"
01t4w00000NuoLaAAJ,SQUARE GAZEBO,GAZEBO CUADRADO
01t4w00000NuoLcAAJ,DINNING CHAIR,SILLA COMEDOR PE RATTAN
01t4w00000NuoLgAAJ,STEEL CHAIR WITH CUSHION,SILLA COMEDOR ACERO CON COJIN
01t4w00000NuoLiAAJ,BISTRO SET,SET BISTRO TEXTILENO CON COJINES
01t4w00000NuoLmAAJ,Rattan sofa set,SET SOFA EN ESQUINA 3 PIEZAS
01t4w00000NuoLoAAJ,Rattan KD Dining Set,SET COMEDOR 5 PIEZAS
01t4w00000NuoLqAAJ,"Garden Set (6pcs Chairs, 1pc Table )",SET COMEDOR 7 PIEZAS ALUMINIO CON COJINES
01t4w00000NuoLsAAJ,6 PCS PATIO SET,SET JARDIN 6 PIEZAS
01t4w00000NuoLuAAJ,KIDS TABLE,"MESA RESINA PLEGABLE Φ 4,5 cm"
01t4w00000NuoLzAAJ,Relax swing,COLUMPIO BALACIN DOBLE
01t4w00000NuoM1AAJ,SQUIRE TABLE,MESA JARDIN CUADRADO
01t4w00000NuoM3AAJ,"""FOLDING TABLE Dia.60xH72cm leg tube:14x28mm 5mm fabric  pattern glass  """,MESA JARDIN REDONDA BISTRO PLEGABLE
01t4w00000NuoM5AAJ,6FT FOLDING HDPE TABLE,MESA RESINA PLEGABLE
01t4w00000NuoM7AAJ,CHAIR,SILLA COMEDOR TELA CON ESTRUCTURA DE ALUMINIO
01t4w00000NuoM9AAJ,CHAIR,SILLA COMEDOR TELA CON ESTRUCTURA DE ACERO
01t4w00000NuoMBAAZ,CHAIR,SILLA COMEDOR PE RATÁN
01t4w00000NuoMDAAZ,DINNING CHAIR,SILLA COMEDOR PE RATÁN
01t4w00000NuoMEAAZ,CHAIR,SILLA PLAYA
01t4w00000NuoMHAAZ,GAZEBO,GAZEBO CUADRADO
01t4w00000NuoMKAAZ,GAZEBO,GAZEBO CUADRADO CON CORTINAS
01t4w00000NuoMMAAZ,GAZEBO,GAZEBO HEXAGONAL CON MOSQUITERA
01t4w00000NuoMOAAZ,GAZEBO,GAZEBO RECTANGULAR CON DOBLE TECHO
01t4w00000NuoMQAAZ,GAZEBO,GAZEBO CUADRADO
01t4w00000NuoMUAAZ,(*) FOLDING RESIN TABLE (3.5 cm top),(*) MESA RESINA PLEGABLE (3.5 cm tablero)
01t4w00000NuoMXAAZ,FOLDING TABLE,(*) MESA RESINA FIJA  (4 cm tablero)
01t4w00000NuoMYAAZ,FOLDING TABLE,(*) MESA RESINA PLEGABLE  (3.5 cm tablero)
01t4w00000NuoMcAAJ,FOLDING HDPE CHAIR DOUBLE REINFORCEMENT,(*) SILLA RESINA DOBLE (4 cm grosor)
01t4w00000NuoMgAAJ,FOLDING PP CHAIR,SILLA PLEGABLE ECO PP
01t4w00000NuoMiAAJ,UMBRELLA,SOMBRILLA JARDIN 8 RIBS CON LUZ LED
01t4w00000NuoMkAAJ,BEACH UMBRELLA,SOMBRILLA PLAYA
01t4w00000NuoMuAAJ,BEACH UMBRELLA,SOMBRILLA PLAYA
01t4w00000NuoMwAAJ,BEACH UMBRELLA,SOMBRILLA PLAYA
01t4w00000NuoN0AAJ,SET DESAYUNDOR 5 PIEZAS,SET JARDIN 5 PIEZAS PLASTICO
01t4w00000NuoN7AAJ,Thule steel rattan lounge,TUMBONA PLAYA
01t4w00000NuoNBAAZ,POLYESTER TENT,CARPA POLIESTER
01t4w00000NuoNDAAZ,PORTABLE BBQ,ASADOR CARBON PORTATIL
01t4w00000NuoNEAAZ,BEACH UMBRELLA,SOMBRILLA DE PLAYA
01t4w00000NuoNGAAZ,BEACH UMBRELLA,SOMBRILLA PLAYA
01t4w00000NuoNHAAZ,Alum umbrella with LED light,SOMBRILLA JARDIN 6 RIBS + LUZ LED
01t4w00000NuoNIAAZ,Banana umbrella,SOMBRILLA JARDIN LATERAL CON BASE EN CRUZ
01t4w00000NuoNKAAZ,SAFTY BOX,CAJA FUERTE DIGITAL
01t4w00000NuoNNAAZ,DINNING CHAIR,SILLA COMEDOR PP PARA NIÑOS
01t4w00000NuoNOAAZ,DINNING CHAIR,SILLA COMEDOR PP
01t4w00000NuoNPAAZ,DINNING CHAIR,SILLA COMEDOR PP
01t4w00000NuoNQAAZ,DINNING CHAIR,SILLA COMEDOR PP
01t4w00000NuoNTAAZ,DINNING CHAIR,SILLA COMEDOR PP
01t4w00000NuoNWAAZ,DINNING CHAIR,SILLA COMEDOR
01t4w00000NuoNYAAZ,DINNING CHAIR,SILLA COMEDOR PP PARA NIÑOS
01t4w00000NuoNaAAJ,DINNING CHAIR,SILLA COMEDOR PP
01t4w00000NuoNcAAJ,DINNING CHAIR,SILLA COMEDOR PP
01t4w00000NuoNeAAJ,DINNING CHAIR,SILLA COMEDOR PP
01t4w00000NuoNfAAJ,DINNING CHAIR,SILLA COMEDOR
01t4w00000NuoNhAAJ,DINNING CHAIR,SILLA COMEDOR PP
01t4w00000NuoNiAAJ,DINNING CHAIR,SILLA COMEDOR PP
01t4w00000NuoNjAAJ,DINNING CHAIR,SILLA COMEDOR
01t4w00000NuoNoAAJ,DINNING CHAIR,SILLA COMEDOR PP
01t4w00000NuoNqAAJ,DINNING CHAIR,SILLA COMEDOR PP
01t4w00000NuoNsAAJ,COFFEE SET,SALA DE PATIO ACACIA 3 PIEZAS
01t4w00000NurWKAAZ,Table & 2 chairs set,SET MESA DE DIBUJO + 2 SILLAS INFANTIL
01t4w00000NurWUAAZ,Table & 2 chairs set,SET MESA DE DIBUJO + 2 SILLAS INFANTIL
01t4w00000NurWeAAJ,toy organizer,JUGUETERO DE MDF INFANTIL
01t4w00000NurWkAAJ,EASEL,PIZARRA INFANTIL CON ALMACENAJE
01t4w00000NurWoAAJ,TOY BOX,BAÚL JUGUETES INFANTIL
01t4w00000NurWqAAJ,TOY BOX,BAÚL JUGUETES INFANTIL
01t4w00000NurWuAAJ,EASEL,PIZARRA INFANTIL CON ALMACENAJE
01t4w00000NurWwAAJ,BED,ESTRUCTURA CAMA INFANTIL
01t4w00000NurWyAAJ,BED,ESTRUCTURA CAMA INFANTIL
01t4w00000NurX8AAJ,Desk & chair set,SET MESA CON CAJONES + SILLA
01t4w00000Nura8AAB,EXTENDABLE DESK,MESA ESCRITORIO EXTENSIBLE
01t4w00000Nus5gAAB,BED,ESTRUCTURA CAMA INFANTIL
01t4w00000Nus5kAAB,Desk & chair set,SET MESA CON CAJONES + SILLA
01t4w00000Nus5mAAB,BED,ESTRUCTURA CAMA INFANTIL
01t4w00000Nus5zAAB,BED SIDE,MESA BURO 1 CAJON INFANTIL
01t4w00000Nus60AAB,BED SIDE,MESA BURO 1 CAJON INFANTIL
01t4w00000Nus67AAB,Desk & stool set,SET MESA DOBLE CARA PIZARRON CON LIBRERIA + SILLA INFANTIL
01t4w00000Nus69AAB,BOOKSHELF,ESTANTERIA PARA LIBROS CON CAJONES
01t4w00000Nus6CAAR,Desk & stool set,SET MESA DOBLE CARA PIZARRON CON LIBRERIA + SILLA INFANTIL
01t4w00000Nus6EAAR,BOOKSHELF,LIBRERIA INFANTIL
01t4w00000Nus6FAAR,Toy box,BAÚL JUGUETES CRAYON INFANTIL
01t4w00000Nus6JAAR,BOOKSHELF,LIBRERIA INFANTIL
01t4w00000Nus9PAAR,RECLINER CHAIR,SILLON PUFF
01t4w00000NuuVCAAZ,BANQUET CHAIR,SILLA BANQUETE
01t4w00000NuuVSAAZ,SWIVEL OFFICE CHAIR WITH DESK,SILLA GIRATORIA OFICINA CON PUPITRE
01t4w00000NuuVTAAZ,SWIVEL OFFICE CHAIR,SILLA GIRATORIA OFICINA
01t4w00000NuuVUAAZ,OFFICE CHAIR,SILLA OFICINA CON ALMACENAJE
01t4w00000NuuVXAAZ,SWIVEL OFFICE CHAIR,SILLA GIRATORIA OFICINA
01t4w00000NuuVYAAZ,SWIVEL OFFICE CHAIR WITH DESK,SILLA GIRATORIA OFICINA CON PUPITRE
01t4w00000NuuVbAAJ,OFFICE PUFF,PUFF OFICINA CON ALMACENAJE
01t4w00000NuuVlAAJ,OFFICE CHAIR WITH STORAGE AND DESK,SILLA CON ALMACENAJE Y PUPITRE
01t4w00000NuxdzAAB,OFFICE CHAIR,SILLA ORDENADOR MESH
01t4w00000NuxeeAAB,OFFICE CHAIR,SILLA ORDENADOR PU + MESH
01t4w00000NuxeyAAB,PU + MESH COMPUTER CHAIR,SILLA ORDENADOR PU + MESH
01t4w00000Nuxg6AAB,Mesh&PU chair,SILLA ORDENADOR PU + MESH
01t4w00000NuxgWAAR,Eams chair,SILLA ORDENADOR PU + PVC
01t4w00000NuxgaAAB,Mesh&PU chair,SILLA ORDENADOR PU + MESH
01t4w00000NuxgpAAB,PU CHAIR,SILLA ORDENADOR PU
01t4w00000NuxguAAB,OFFICE CHAIR,SILLA ORDENADOR PU + MESH
01t4w00000Nuxh4AAB,OFFICE CHAIR,SILLA ORDENADOR MESH
01t4w00000NuxhAAAR,OFFICE CHAIR,SILLA ORDENADOR MESH
01t4w00000NuxhGAAR,OFFICE CHAIR,SILLA ORDENADOR MESH
01t4w00000NuxhJAAR,OFFICE CHAIR,SILLA ORDENADOR PU + MESH
01t4w00000NuxhPAAR,OFFICE CHAIR,SILLA ORDENADOR MESH
01t4w00000NuxhiAAB,OFFICE CHAIR,SILLA ORDENADOR PU + MESH
01t4w00000NuxhxAAB,OFFICE CHAIR,SILLA ORDENADOR MESH
01t4w00000Nuxi4AAB,ADJUSTABLE COFFEE TABLE,MESA CENTRO AJUSTABLE
01t4w00000Nuxi7AAB,ADJUSTABLE COFFE TABLE,MESA CENTRO AJUSTABLE
01t4w00000Nuxi8AAB,ADJUSTABLE COFFEE TABLE,MESA CENTRO AJUSTABLE
01t4w00000NuxiEAAR,DINING CHAIR,SILLA DE COMEDOR
01t4w00000NuySvAAJ,OFFICE CHAIR,SILLA ORDENADOR MESH
01t4w00000NuyT0AAJ,OFFICE CHAIR,SILLA ORDENADOR MESH
01t4w00000NuyT1AAJ,OFFICE CHAIR,SILLA ORDENADOR PU
01t4w00000NuyTAAAZ,OFFICE CHAIR,SILLA ORDENADOR PU
01t4w00000NuyTBAAZ,OFFICE CHAIR,SILLA ORDENADOR
01t4w00000NuyTGAAZ,OFFICE CHAIR,SILLA ORDENADOR
01t4w00000NuyTPAAZ,OFFICE CHAIR,SILLA ORDENADOR MESH
01t4w00000NuyTjAAJ,OFFICE CHAIR,SILLA ORDENADOR MESH
01t4w00000NuyU3AAJ,AJUSTABLE COFFEE TABLE,MESA CENTRO AJUSTABLE
01t4w00000NuyUIAAZ,AJUSTABLE COFFEE TABLE,MESA CENTRO AJUSTABLE
01t4w00000NuyUSAAZ,KD Leisure sofa,SILLON TELA
01t4w00000NuyUcAAJ,Arm chair,SILLON TELA
01t4w00000NuyUeAAJ,4 Tiers Folding Storage Rack,ESTANTERIA 4 NIVELES ORGANIZADOR CON RUEDAS
01t4w00000NuyUnAAJ,5-layer kitchen round storage rack,ESTANTERIA REDONDA 5 NIVELES ORGANIZADOR CON RUEDAS
01t4w00000NuyUrAAJ,3 Tiers Folding Storage Rack,ESTANTERIA 3 NIVELES ORGANIZADOR CON CARRITOS
01t4w00000NuyUxAAJ,3 Tier Folding Storage Rack,CARRITO AUXILIAR METAL PLEGABLE 3 NIVELES
01t4w00000NuyV6AAJ,ADJUSTABLE COFFEE TABLE,MESA CENTRO AJUSTABLE
01t4w00000NuyVCAAZ,3 Tier Folding Storage Rack,CARRITO AUXILIAR METAL PLEGABLE 3 NIVELES
01t4w00000NuyVVAAZ,BAR STOOL,BANCO BAR TELA
01t4w00000NuyVbAAJ,3 Tier utility storage cart,CARRITO AUXILIAR METAL PLEGABLE 3 NIVELES
01t4w00000NuyVkAAJ,WOODEN CABINET,MESA ESCRITORIO
01t4w00000NuyVlAAJ,BAR STOOL,BANCO BAR PP
01t4w00000NuyVuAAJ,FABRIC FOLDING CHAIR,SILLA PLEGABLE ACOLCHADA TELA
01t4w00000NuyVzAAJ,DESK,MESA ESCRITORIO
01t4w00000NuyW9AAJ,FOLDABLE STOOL,TABURETE PLEGABLE
01t4w00000NuyWTAAZ,Bookshelf 6 levels,ESTENTERIA 6 NIVELES
01t4w00000NuyWtAAJ,BAR STOOL,BANCO BAR TERCIOPELO
01t4w00000NuyX3AAJ,BOOKSHELF,ESTANTERIA 3 NIVELES
01t4w00000NuyX8AAJ,8 CUBES CABINET,ESTANTERIA 4 NIVELES
01t4w00000Nuyb1AAB,STUDY SET,SET MESA + ESTANTERIA
01t4w00000Nuyb3AAB,TABLE SHELF SET,SET MESA + ESTANTERIA
01t4w00000NuybPAAR,TABLE + SHELF SET,SET MESA + ESTANTERIA
01t4w00000NuybZAAR,TABLE + SHELF SET,SET MESA + ESTANTERIA
01t4w00000NuybaAAB,OFFICE CHAIR,SILLA ORDENADOR MESH
01t4w00000NuyblAAB,OFFICE DESK,MESA ESCRITORIO
01t4w00000NuybmAAB,OFFICE CHAIR,SILLA ORDENADOR MESH + PLASTICO
01t4w00000NuybtAAB,OFFICE CHAIR,SILLA ORDENADOR MESH + PLASTICO
01t4w00000Nuyc3AAB,TABLE + SHELF SET,SET MESA + ESTANTERIA
01t4w00000Nuyc5AAB,OFFICE DESK,MESA ESCRITORIO
01t4w00000Nuyc6AAB,OFFICE DESK,MESA ESCRITORIO
01t4w00000NuycSAAR,TABLE CHAIR SET,SET MESA + SILLAS
01t4w00000NuycTAAR,TABLE CHAIR SET,SET MESA + SILLA
01t4w00000NuycYAAR,TABLE CHAIR SET,SET MESA + SILLAS
01t4w00000Nv2nSAAR,PUFF CHAIR,SILLON PUFF
01t4w00000Nv2nTAAR,PUFF CHAIR,SILLON PUFF INDIVIDUAL
01t4w00000Nv2nUAAR,PUFF CHAIR,SILLON PUFF
01t4w00000Nv2nWAAR,PUFF CHAIR,SILLON PUFF INDIVIDUAL
01t4w00000Nv2nYAAR,PUFF CHAIR,SILLON PUFF FÚTBOL
01t4w00000Nv2ndAAB,PUFF CHAIR,SILLON PUFF
01t4w00000Nv2nmAAB,PUFF CHAIR,SILLON PUFF INFANTIL
01t4w00000Nv2vMAAR,SOFA BED,SOFA CAMA
01t4w00000Nv2vgAAB,SOFA BED,SOFA CAMA
01t4w00000Nv2wAAAR,LEISURE SOFA,SILLON TELA
01t4w00000Nv2wFAAR,SOFA BED,SOFA CAMA
01t4w00000Nv2wGAAR,SOFA BED,SOFA CAMA
01t4w00000Nv2wPAAR,ARMCHAIR,SILLON TELA
01t4w00000Nv2waAAB,SOFA BED,SOFA CAMA
01t4w00000Nv2wdAAB,SOFA BED,SOFA CAMA
01t4w00000Nv2woAAB,SOFA BED,SOFA CAMA
01t4w00000Nv2wtAAB,SOFA BED,SOFA CAMA
01t4w00000Nv33eAAB,STOOL,TABURETE APILABLE
01t4w00000Nv33jAAB,STOOL,TABURETE APILABLE
01t4w00000Nv33tAAB,OFFICE CHAIR,SILLA ORDENADOR
01t4w00000Nv340AAB,BAR STOOL,BANCO BAR METAL
01t4w00000Nv344AAB,BAR CHAIR,BANCO BAR CON RUEDAS
01t4w00000Nv348AAB,BAR STOOL,BANCO BAR
01t4w00000Nv349AAB,BAR STOOL,BANCO BAR CON RUEDAS
01t4w00000Nv34EAAR,ADJUSTABLE TABLE,MESA ESCRITORIO AJUSTABLE
01t4w00000Nv34NAAR,FOLDABLE TABLE,MESA COMEDOR RECTANGULAR PLEGABLE
01t4w00000Nv35lAAB,ADJUSTABLE TABLE,MESA ESCRITORIO AJUSTABLE
01t4w00000Nv37jAAB,SOFA,SILLON TERCIOPELO
01t4w00000Nv38BAAR,SOFA,SILLON TERCIOPELO
01t4w00000Nv3EmAAJ,OTTOMAN+STORAGE,OTOMÁN CON ALMACENAMIENTO
01t4w00000Nv3EqAAJ,ARMCHAIR,SILLON TERCIOPELO
01t4w00000Nv3ErAAJ,SOFA BED,SOFA CAMA
01t4w00000Nv6hDAAR,Childrens Fold Easel,PIZARRA INFANTIL PLEGABLE
01t4w00000Nv6hJAAR,Multifunctional Fold Drawing Board Building Block Table And Chair Set,SET MESA + SILLA PLEGABLE MULTIFUNCIONAL
01t4w00000Nv6lgAAB,2 in 1 puzzle color LCD tablet,PIZARRA INFANTIL LCD DOS CARAS + TABURETE
01t4w00000Nv6lpAAB,TABLET,PIZARRA INFANTIL DOS CARAS
01t4w00000Nv6lzAAB,Double-sided Lifting Drawing Board (Pink),PIZARRA INFANTIL DOS CARAS
01t4w00000Nv6m5AAB,DRAWING BOARD,PIZARRA INFANTIL DOS CARAS
01t4w00000Nv6mAAAR,DRAWING BOARD,PIZARRA INFANTIL DOS CARAS
01t4w00000Nv6mJAAR,Kids Easel & Table and Stool,PIZARRA INFANTIL & MESA + TABURETE
01t4w00000Nv6mKAAR,KIDS EASEL,PIZARRA INFANTIL
01t4w00000Nv74TAAR,desk & chair set,SET MESA + SILLA INFANTIL
01t4w00000Nv74YAAR,table & 2 chairs set,SET MESA + SILLAS
01t4w00000Nv74ZAAR,STORAGE,ESTANTERIA PARA LIBROS CON CAJON
01t4w00000Nv74dAAB,Rabbit table & 2 chairs set,SET MESA + SILLAS CONEJO INFANTIL
01t4w00000Nv74iAAB,table & 2 chairs set,SET MESA DOBLE CARA PIZARRON + 2 SILLAS CON CAJONES INFANTIL
01t4w00000Nv74jAAB,Desk & chair set,SET MESA DOBLE CARA PIZARRON CON ESTANTE + SILLA INFANTIL
01t4w00000Nv74nAAB,Lego table & 2 chairs set,SET MESA TIPO LEGO + SILLAS CON CAJON INFANTIL
01t4w00000Nv74sAAB,table & chair set,SET MESA CON CAJONES + SILLA
01t4w00000Nv74xAAB,Organzier,ESTANTERIA CON CAJONERA INFANTIL
01t4w00000NvAEHAA3,ROUND TABLE,MESA REDONDA FIJA
01t4w00000NvAH8AAN,FOLDING CHAIR,SILLA RESINA DOBLE
01t4w00000NvEkfAAF,8 FOOT TABLE,MESA RESINA FIJA
01t4w00000NvEyAAAV,DINING SET,SET COMEDOR EUCALIPTO 7 PIEZAS CON COJIN
01t4w00000NvF84AAF,DINING SET,SET JARDIN PLEGABLE CON COJIN 7 PIEZAS
01t4w00000NvGfjAAF,BUTTERFLY CHAIR,SILLON MARIPOSA
01t4w00000NvHFOAA3,BALCONY SET,SET BISTRO RESINA IMITACION MADERA
01t4w00000NvHFTAA3,VIENA DINNING SET TABLE + 6 CHAIRS,SET COMEDOR VIENA + 6 SILLAS
01t4w00000NvHFYAA3,KIDS LOFT + STUDENT DESK + BOOKSHELF 98*193CM,LITERA INFANTIL + ESCRITORIO + ESTANTERÍA
01t4w00000NvHFeAAN,3*3M PE GAZEBO,CARPA PE
01t4w00000NvHFgAAN,3*3 POLYESTER GAZEBO,CARPA POLIESTER
01t4w00000NvHFjAAN,3*4M GAZEBO,GAZEBO RECTANGULAR CON MOSQUITERA
01t4w00000NvHFkAAN,1.8*1.8*1.8M GAZEBO,GAZEBO HEXAGONAL CON MOSQUITERA
01t4w00000NvHFxAAN,2*2*2M GAZEBO,GAZEBO HEXAGONAL CON DOBLE TECHO
01t4w00000NvHFyAAN,2.4*2.4/3*3M GAZEBO,GAZEBO CUADRADO CON MOSQUITERA
01t4w00000NvHG3AAN,2.4*2.4-3*3M FOLDING GAZEBO,GAZEBO CUADRADO CON MOSQUITERA
01t4w00000NvHG8AAN,3*3M FOLDING GAZEBO STEEL,CARPA PLEGABLE
01t4w00000NvHGDAA3,3*6M FOLDING GAZEBO STEEL,CARPA PLEGABLE
01t4w00000NvHGHAA3,COFFEE TABLE OF 2 SET,SET MESAS AUXILIARES 2 PIEZAS
01t4w00000NvHGIAA3,1 SEATER,SILLON TELA MAICAO
01t4w00000NvHGMAA3,BRASIL BAR DINNING SET BAR TABLE WITH DOUBLE DROP LEAF + 4 BAR CHAIRS,SET COMEDOR BAR BRASIL MDF + 4 SILLAS
01t4w00000NvHGRAA3,SEVILLA DINNING SET TABLE + 6 CHAIRS,SET COMEDOR SEVILLA MDF + 6 SILLAS
01t4w00000NvHLmAAN,3*6M POLYESTER GAZEBO,GAZEBO RECTANGULAR CON PAREDES
01t4w00000NvHLsAAN,3 SEATS SWING,COLUMPIO BALANCIN TRIPLE
01t4w00000NvHLwAAN,1 SINGLE SWING,COLUMPIO BALANCIN INDIVIDUAL
01t4w00000NvHLyAAN,HAMMOCK,HAMACA METAL CON TELA
01t4w00000NvHM6AAN,SINGLE HAMMOCK,HAMACA METAL CON TELA
01t4w00000NvHaMAAV,MANUAL RECLINER CHAIR,SILLON RECLINABLE MANUAL NO GIRATORIO CON POSAVASOS
01t4w00000NvHaRAAV,SWIVEL + ROCKER + MANUAL RECLINER CHAIR,SILLON RECLINABLE MANUAL+ GIRATORIO+ BALANCIN
01t4w00000NvKVbAAN,RECLINER CHAIR,SILLON RECLINABLE PUSHBACK NO GIRATORIO
01t4w00000NvKv5AAF,MANUAL RECLINER CHAIR,SILLON RECLINABLE MANUAL NO GIRATORIO
01t4w00000NvKyZAAV,RECLINER CHAIR,SILLON RECLINABLE MANUAL
01t4w00000NvKyeAAF,RECLINER CHAIR,SILLON RECLINABLE MANUAL
01t4w00000NvKyjAAF,RECLINER CHAIR,SILLON RECLINABLE MANUAL
01t4w00000NvKyoAAF,RECLINER CHAIR,SILLON RECLINABLE MANUAL
01t4w00000NvKyxAAF,ROUND TABLE,MESA REDONDA FIJA
01t4w00000NvKz7AAF,KIDS PICNIC SET,SET PICNIC RESINA INFANTIL
01t4w00000NvKzDAAV,DINING SET,SET COMEDOR 5 PIEZAS
01t4w00000NvKzMAAV,BISTRO SET,SET COMEDOR 6 PIEZAS
01t4w00000NvKzNAAV,HAMMOCK,COLUMPIO COLGANTE ACOLCHADO
01t4w00000NvKzRAAV,DINING SET,SET COMEDOR 8 PIEZAS
01t4w00000NvKzXAAV,RATTAN SET,SET BISTRO RATAN 3 PIEZAS
01t4w00000NvKzYAAV,DINING SET,SET COMEDOR 3 PIEZAS AHORRAESPACIO
01t4w00000NvKzgAAF,3PCS BISTRO SET,SET BISTRO RATAN 3 PIEZAS
01t4w00000NvKzhAAF,DINING SET,SET COMEDOR 3 PIEZAS AHORRAESPACIO
01t4w00000NvL00AAF,HANGING SWING WITH DOUBLE CUSHION,COLUMPIO COLGANTE CON COJIN DOBLE
01t4w00000NvL05AAF,HANGING CHAIR,COLUMPIO COLGANTE CON COJIN
01t4w00000NvL0VAAV,DOUBLE BEACH CHAIR,SILLA DOBLE PLAYA
01t4w00000NvL0aAAF,DOUBLE BEACH CHAIR,SILLA DOBLE PLAYA
01t4w00000NvL0bAAF,BEACH CHAIR,SILLA PLAYA
01t4w00000NvL0dAAF,BISTRO SET,SET BISTRO RATAN 3 PIEZAS
01t4w00000NvL0fAAF,BEACH CHAIR,SILLA PLAYA
01t4w00000NvL0hAAF,ADIRONDACK CHAIR,SILLON ADIRONDACK ABETO
01t4w00000NvLILAA3,CHAISE LOUNGE,TUMBONA PLEGABLE
01t4w00000NvLQiAAN,DINNING CHAIR,SILLA COMEDOR RATAN
01t4w00000NvLTYAA3,FOLDING PP CHAIR,SILLA PLEGABLE ECO PP
01t4w00000NvLU2AAN,Oversized Adirondack Chair fixed,SILLON ADIRONDACK POLIESTIRENO
01t4w00000NvLUGAA3,Adirondack Chair,SILLON ADIRONDACK POLIESTIRENO
01t4w00000NvLUNAA3,Classic foldable Adirondack chair,SILLON ADIRONDACK POLIESTIRENO PLEGABLE
01t4w00000NvLUSAA3,Adirondack chair,SILLON ADIRONDACK POLIESTIRENO
01t4w00000NvLUXAA3,KIDS foldable Adirondack Chair,SILLON ADIRONDACK POLIESTIRENO PLEGABLE PARA NIÑOS
01t4w00000NvLUkAAN,PATIO SET PP 4 PIECES WITH CUSHION,SALA DE PATIO PP 4 PIEZAS CON COJIN
01t4w00000NvLUpAAN,PATIO SET PP 4 PIECES WITH CUSHION,SALA DE PATIO PP 4 PIEZAS CON COJIN
01t4w00000NvLUvAAN,PATIO SET PP 4 PIECES WITH CUSHION,SALA DE PATIO PP 4 PIEZAS CON COJIN
01t4w00000NvLVFAA3,SQUARE FOLDING GARDEN TABLE,MESA JARDIN CUADRADA PLEGABLE
01t4w00000NvLVHAA3,FOLDING CHAIR,SILLA PLEGABLE PP + METAL
01t4w00000NvLYPAA3,DINNING CHAIR,SILLA COMEDOR RATAN
01t4w00000NvLYUAA3,DINNING CHAIR,SILLA COMEDOR RATAN
01t4w00000NvLYeAAN,DINNING CHAIR,SILLA COMEDOR RATAN
01t4w00000NvLYoAAN,DINNING CHAIR,SILLA COMEDOR RATAN
01t4w00000NvLYqAAN,DINNING CHAIR,SILLA COMEDOR RATAN
01t4w00000NvLYuAAN,DINNING CHAIR,SILLA COMEDOR RATAN
01t4w00000NvLZTAA3,DINNING CHAIR,SILLA COMEDOR TELA
01t4w00000NvLZXAA3,DINNING CHAIR,SILLA COMEDOR TELA
01t4w00000NvLZeAAN,DINNING CHAIR,SILLA COMEDOR TELA
01t4w00000NvLZmAAN,DINNING CHAIR,SILLA COMEDOR TELA
01t4w00000NvLZnAAN,ROUND GARDEN TABLE,MESA JARDIN REDONDA
01t4w00000NvLZwAAN,SQUARE GARDEN TABLE,MESA JARDIN CUADRADA
01t4w00000NvLaGAAV,NEW LOUNGE LILIANA SET,SALA DE PATIO METALICA CON COJINES
01t4w00000NvLaNAAV,PATIO COFFE SET 6 PCS,SALA DE PATIO METALICA 6 PIEZAS
01t4w00000NvLaQAAV,LOUNGE SET 2022-11,SALA DE PATIO METALICA CON COJINES
01t4w00000NvLaaAAF,SOFA SET 8 PIECES,SALA DE PATIO METALICA 4 PIEZAS
01t4w00000NvLakAAF,COFFE SOFA SET,SALA DE PATIO METALICA 4 PIEZAS
01t4w00000NvLapAAF,COFFE SOFA SET,SALA DE PATIO METALICA 4 PIEZAS
01t4w00000NvLaqAAF,PE ROPE CORNER SOFA,SALA DE PATIO WICKER CON COJINES
01t4w00000NvLeQAAV,SOLAR LAMP,LAMPARA SOLAR LINTERNA
01t4w00000NvLeRAAV,SOLAR LAMP,LAMPARA SOLAR LINTERNA
01t4w00000NvLeYAAV,SOLAR LAMP,LAMPARA SOLAR LINTERNA
01t4w00000NvLf2AAF,PE RATAN BAR STOOL,BANCO BAR PE RATAN
01t4w00000NvLfIAAV,3 PIECES BISTRO SET,SET COMEDOR 3 PIEZAS AHORRA ESPACIO
01t4w00000NvLfMAAV,ROCKING CHAIR SET,SET BISTRO WICKER MECEDORA CON COJINES
01t4w00000NvLfRAAV,SMALL BAR SET,SET BAR RATAN 3 PIEZAS CON COJINES
01t4w00000NvLfbAAF,LAMP,LAMPARA LINTERNA
01t4w00000NvLfgAAF,Rattan KD Dining Set,SET COMEDOR 5 PIEZAS
01t4w00000NvLj5AAF,LAMP,LAMPARA LINTERNA
01t4w00000NvLkTAAV,DINING SET 7 SEATER,SALA DE PATIO WICKER 7 PIEZAS CON COJINES
01t4w00000NvLvmAAF,4 PIECES PATIO SET,SALA DE PATIO RATAN 4 PIEZAS
01t4w00000NvM1CAAV,METAL LAMP,LAMPARA METAL
01t4w00000NvM1DAAV,SOLAR LAMP,LAMPARA SOLAR LINTERNA
01t4w00000NvM1IAAV,METAL FLAX LAMP,LAMPARA METAL + FLAX
01t4w00000NvM1LAAV,METAL LAMP,LAMPARA METAL
01t4w00000NvM1QAAV,LAMP,LAMPARA METAL + PLASTICO
01t4w00000NvM1WAAV,MARBLE LAMP,LAMPARA MÁRMOL
01t4w00000NvM1aAAF,METAL LAMP,LAMPARA METAL
01t4w00000NvM1pAAF,RATTAN LAMP,LAMPARA RATAN
01t4w00000NvM1uAAF,RATTAN LAMP,LAMPARA RATAN
01t4w00000NvM21AAF,RATTAN PATIO SET 4 PIECES WITH CUSHION,SALA DE PATIO RATAN 4 PIEZAS CON COJIN
01t4w00000NvM24AAF,LAMP,LAMPARA METAL + PE
01t4w00000NvM2AAAV,LAMP,LAMPARA METAL + PLASTICO
01t4w00000NvM6CAAV,BISTRO SET,SET BISTRO METALICO PLEGABLE REDONDO
01t4w00000NvM6JAAV,HANGING SWING WITH CUSHION,COLUMPIO COLGANTE CON COJIN
01t4w00000NvM6RAAV,HAMMOCK,COLUMPIO COLGANTE ACOLCHADO
01t4w00000NvM6WAAV,HAMMOCK,COLUMPIO COLGANTE ACOLCHADO
01t4w00000NvM6YAAV,FOLDING CAMPING CHAIR,SILLA PLEGABLE CAMPING CON BOLSA
01t4w00000NvM6eAAF,BEACH CHAIR,SILLA PLAYA
01t4w00000NvM6lAAF,BEACH CHAIR,SILLA PLAYA
01t4w00000NvM6rAAF,BEACH CHAIR,SILLA PLAYA RECLINABLE CON COJIN
01t4w00000NvM6wAAF,BEACH CHAIR,SILLA PLAYA RECLINABLE CON COJIN
01t4w00000NvM71AAF,SECTIONAL SOFA BED WITH PULL-OUT BED,SOFA CAMA CHESLONG TRANSFORMER
01t4w00000NvM7KAAV,BEACH CHAIR,SILLA PLAYA
01t4w00000NvM7QAAV,DOUBLE BEACH CHAIR,SILLA DOBLE PLAYA
01t4w00000NvM7RAAV,DOUBLE BEACH CHAIR,SILLA DOBLE PLAYA
01t4w00000NvM7aAAF,SOFA BED,SOFA CAMA
01t4w00000NvM7gAAF,HANGING SWING WITH CUSHION,COLUMPIO COLGANTE CON COJIN
01t4w00000NvM7oAAF,DOUBLE BEACH CHAIR,SILLA DOBLE PLAYA
01t4w00000NvM7uAAF,HANGING SWING WITH CUSHION,COLUMPIO COLGANTE CON COJIN
01t4w00000NvM83AAF,SOFA BED,SOFA CAMA
01t4w00000NvM9CAAV,BALCONY SET,SET BISTRO RESINA IMITACION MADERA
01t4w00000NvMAjAAN,SOFA BED,SOFA CAMA
01t4w00000NvMApAAN,CURVE BENCH,BANCO JARDIN CURVO ACACIA
01t4w00000NvMAuAAN,SOFA BED,SOFA CAMA
01t4w00000NvMAyAAN,BENCH WITH TABLE AT THE CENTER,BANCO JARDIN CON MESA ACACIA
01t4w00000NvMB1AAN,COFFEE TABLE,MESA AUXILIAR JARDIN ACACIA
01t4w00000NvMB8AAN,FOLDING 2 SEATER BENCH,BANCO JARDIN PLEGABLE ACACIA
01t4w00000NvMBEAA3,BENCH SUNBED,BANCO JARDIN CONVERTIBLE TUMBONA ACACIA
01t4w00000NvMBGAA3,BALCONY TABLE,MESA BALCON PLEGABLE ACACIA
01t4w00000NvMBHAA3,3 SEATER SWING WITH CUSHION,COLUMPIO JARDIN ACACIA PLEGABLE 3 PLAZAS CON COJIN
01t4w00000NvMBJAA3,SOFA SET 4 PCS WITH CUSHION,SALA DE PATIO ACACIA 4 PIEZAS CON COJIN
01t4w00000NvMBSAA3,COTTON + POLYESTER HANGING SWING,COLUMPIO COLGANTE ALGODON + POLIESTER
01t4w00000NvMBWAA3,COTTON HANGING HAMMOCK,HAMACA COLGANTE ALGODON
01t4w00000NvMBYAA3,COTTON HANGING HAMMOCK,HAMACA COLGANTE ALGODON
01t4w00000NvMBZAA3,5 POSITION FOLDING CHAIR,SILLA PLAYA RECLINABLE
01t4w00000NvMBcAAN,SOFA SET IN 4 PCS WITH CUSHION,SALA DE PATIO ACACIA 4 PIEZAS CON COJIN
01t4w00000NvMBiAAN,2 SEATER SWING,COLUMPIO JARDIN ACACIA 2 PLAZAS
01t4w00000NvMBjAAN,BISTRO SET 3 PCS,SET BISTRO ACACIA CON COJIN
01t4w00000NvMBrAAN,COTTON HANGING HAMMOCK,HAMACA COLGANTE ALGODON
01t4w00000NvMBsAAN,COTTON HANGING HAMMOCK,HAMACA COLGANTE ALGODON
01t4w00000NvMBxAAN,CUSHION BOX,BAUL ALMACENAJE ACACIA
01t4w00000NvMCDAA3,BEACH CHAIR,SILLA PLAYA
01t4w00000NvMCFAA3,DINNING CHAIR,SILLA COMEDOR METAL TEXTILENO
01t4w00000NvMCLAA3,STACKABLE GARDEN RATTAN CHAIR,SILLA APILABLE JARDIN RATAN
01t4w00000NvMCMAA3,STACKABLE GARDEN RATTAN CHAIR,SILLA APILABLE JARDIN RATAN
01t4w00000NvMCpAAN,DINNING CHAIR,SILLA COMEDOR AJUSTABLE METAL TEXTILENO
01t4w00000NvMCqAAN,DINNING CHAIR,SILLA COMEDOR PLEGABLE METAL TEXTILENO
01t4w00000NvMCzAAN,BISTRO SET 3 PCS,SET BISTRO ACACIA BALCON CON COJIN
01t4w00000NvMD5AAN,DINING SET 6 PCS,SET COMEDOR ACACIA 6 PIEZAS CON COJIN
01t4w00000NvMDAAA3,DINNING CHAIR,SILLA COMEDOR METAL TEXTILENO
01t4w00000NvMDJAA3,DINING SET 5 PCS,SET COMEDOR ACACIA 5 PIEZAS CON COJIN
01t4w00000NvMDKAA3,DINING SET 9 PCS,SET COMEDOR ACACIA 9 PIEZAS CON COJIN
01t4w00000NvMDZAA3,DINNING CHAIR,SILLA COMEDOR APILABLE METAL TEXTILENO
01t4w00000NvMDaAAN,BEACH CHAIR,SILLA PLAYA
01t4w00000NvMDdAAN,SOFA SET 3 PCS,SALA DE PATIO ACACIA CON COJINES
01t4w00000NvMDoAAN,DINING SET 5 PCS,SET COMEDOR ACACIA 5 PIEZAS
01t4w00000NvMDsAAN,SOFA SET 5 PCS,SALA DE PATIO ACACIA 5 PIEZAS CON COJIN
01t4w00000NvME7AAN,FOLDING CHAIR,SILLA PLEGABLE PE + METAL
01t4w00000NvMECAA3,CURVE SUNLOUNGER WITH CUSHION,TUMBONA ACACIA PLEGABLE CON COJIN
01t4w00000NvMEDAA3,SUNLONGER,TUMBONA ACACIA CON BANDEJA Y COJIN
01t4w00000NvMEEAA3,ADIRONDACK BENCH,SILLON ADIRONDACK ACACIA DOBLE
01t4w00000NvMEJAA3,FOLDING TRANSPORTER CART,CARRITO TRANSPORTADOR PLEGABLE
01t4w00000NvMENAA3,LARGE SET 7 PCS,SET COMEDOR ACACIA EXTENSIBLE 7 PIEZAS
01t4w00000NvMEOAA3,BISTRO SET,SET BISTRO ACACIA CON COJINES
01t4w00000NvMEPAA3,3 SEATING SWING,COLUMPIO JARDIN EUCALIPTO 3 PLAZAS
01t4w00000NvMESAA3,ADIRONDACK CHAIR,SILLON ADIRONDACK ACACIA PLEGABLE
01t4w00000NvMEcAAN,VIP CHAIR,HAMACA ACACIA PLEGABLE
01t4w00000NvMElAAN,DIRECTOR CHAIR,SILLA DIRECTOR ACACIA
01t4w00000NvMEoAAN,FOLDING CHAIR,SILLA ACACIA PLEGABLE
01t4w00000NvMEvAAN,2 IN 1 ACACIA DAYBED AND BENCH,CAMA DE DÍA PARA EXTERIOR BANCO DE ACACIA 2 EN 1
01t4w00000NvMI1AAN,SOFA SET,PATIO DE SALA WICKER RECLINABLE
01t4w00000NvMIFAA3,7 PCS DINING SET,SET DE COMEDOR EUCALIPTO 7 PIEZAS
01t4w00000NvMIQAA3,SOFA SET 3 PCS,PATIO DE SALA WICKER 3 PIEZAS
01t4w00000NvMIUAA3,SET WOODEN FOLDING CHAIR,SET SILLA Y MESA ACACIA PLEGABLE
01t4w00000NvMPMAA3,ROUND CERAMIC CHARCOAL GRILL WITH SIDE TABLES,ASADOR CARBON CERAMICO REDONDO CON MESAS LATERALES
01t4w00000NvMPNAA3,ROUND CERAMIC CHARCOAL GRILL,ASADOR CARBON CERAMICO REDONDO
01t4w00000NvMPPAA3,Stone Series 13inch,ASADOR CARBON CERAMICO REDONDO
01t4w00000NvMPUAA3,CLASSIC SERIES 16 INCH,ASADOR CARBON CERAMICO REDONDO CON MESAS LATERALES
01t4w00000NvMPaAAN,"22"" Gas & Charcoal Hybrid Grill",ASADOR CARBON Y GAS CERAMICO REDONDO CON MESAS LATERALES
01t4w00000NvMPfAAN,"19"" KAMADO WITH TROLLEY",ASADOR CARBON CERAMICO REDONDO CON CARRITO
01t4w00000NvMPqAAN,ROUND HABACHI GRILL,ASADOR CARBON REDONDO
01t4w00000NvMPrAAN,SQUARE HIBACHI GRILL,ASADOR CARBON RECTANGULAR
01t4w00000NvMPtAAN,Classic Series 16 inch mini max,ASADOR CARBON CERAMICO REDONDO
01t4w00000NvMPvAAN,Classic Series 21 inch,ASADOR CARBON CERAMICO REDONDO CON MESAS LATERALES
01t4w00000NvMPwAAN,Classic Series 26 inch,ASADOR CARBON CERAMICO REDONDO CON MESAS LATERALES
01t4w00000NvMPzAAN,"26"" Pizza Oven with Cart",HORNO DE PIZZA CON CARRITO
01t4w00000NvMQ8AAN,"21"" Tabletop Pizza Oven",HORNO DE PIZZA DE MESA
01t4w00000NvMQBAA3,5 IN 1 ROCKET STOVE,ESTUFA COHETE 5 EN 1
01t4w00000NvMTXAA3,SOFA SET,SALA DE PATIO PLASTICA CON COJINES
01t4w00000NvMTrAAN,18'' DELUXE WEBER STYEL GRILL,ASADOR CARBON REDONDO
01t4w00000NvMTtAAN,57CM DELUXE WEBER STYEL GRILL,ASADOR CARBON REDONDO
01t4w00000NvMTuAAN,57CM DELUXE WEBER STYEL GRILL 4 legs,ASADOR CARBON REDONDO
01t4w00000NvMU1AAN,PERSONAL TABLE,MESA JARDIN CUADRADA PLEGABLE
01t4w00000NvMU2AAN,OUTDOOR FURNITURE,SET MESA + 2 BANCOS PP PLEGABLE
01t4w00000NvMU3AAN,OUTDOOR FURNITURE,SET COMEDOR PP 7 PIEZAS
01t4w00000NvMUGAA3,ROMANO CHAIR,SILLA COMEDOR RATAN CON COJIN
01t4w00000NvMULAA3,ROUND CHARCOAL GRILL,ASADOR CARBON REDONDO
01t4w00000NvMUaAAN,OUTDOOR FURNITURE,SET COMEDOR PP 5 PIEZAS
01t4w00000NvMUkAAN,OUTDOOR FURNITURE,SET COMEDOR PP 5 PIEZAS
01t4w00000NvMUpAAN,OUTDOOR FURNITURE,SET COMEDOR PP 5 PIEZAS
01t4w00000NvMUrAAN,OUTDOOR SOFA FURNITURE,SALA DE PATIO ESQUINA PLASTICA CON COJINES
01t4w00000NvMUuAAN,OUTDOOR SOFA FURNITURE,SET BISTRO PLASTICO 3 PIEZAS CON COJINES
01t4w00000NvMaKAAV,Charcoal grill,ASADOR CARBON RECTANGULAR
01t4w00000NvMaMAAV,RECTANGULAR CHARCOAL GRILL WITH SIDE TABLE,ASADOR CARBON RECTANGULAR CON MESA LATERAL
01t4w00000NvMaPAAV,RECTANGULAR CHARCOAL GRILL,ASADOR CARBON RECTANGULAR
01t4w00000NvMaQAAV,RECTANGULAR CHARCOAL GRILL WITH SIDE TABLE,ASADOR CARBON RECTANGULAR CON MESA LATERAL
01t4w00000NvMaVAAV,"FOLDING SQUARE CHARCOAL GRILL 18""","ASADOR CARBON CUADRADO PLEGABLE 18"""
01t4w00000NvMakAAF,PORTABLE CHARCOAL GRILL,ASADOR CARBON PORTATIL
01t4w00000NvMalAAF,PORTABLE CHARCOAL GRILL,ASADOR CARBON PORTATIL
01t4w00000NvMatAAF,RECTANGULAR CHARCOAL GRILL WITH WHEELS,ASADOR CARBON RECTANGULAR CON RUEDAS
01t4w00000NvMazAAF,RECTANGULAR CHARCOAL GRILL WITH WHEELS,ASADOR CARBON RECTANGULAR CON RUEDAS
01t4w00000NvMb0AAF,RECTANGULAR CHARCOAL GRILL WITH SIDE TABLES AND WHEELS,ASADOR CARBON RECTANGULAR CON MESAS LATERALES Y RUEDAS
01t4w00000NvMb4AAF,RECTANGULAR CHARCOAL GRILL WITH FRONT TABLE,ASADOR CARBON RECTANGULAR CON MESA DELANTERA
01t4w00000NvMb8AAF,RECTANGULAR CHARCOAL GRILL WITH SIDE TABLE,ASADOR CARBON RECTANGULAR CON MESA LATERAL
01t4w00000NvMbIAAV,Barrel grill,ASADOR CARBON RECTANGULAR CON MESA LATERAL
01t4w00000NvMbSAAV,RECTANGULAR CHARCOAL GRILL WITH SIDE TABLE,ASADOR CARBON RECTANGULAR CON MESA LATERAL
01t4w00000NvMbTAAV,PORTABLE CHARCOAL GRILL,ASADOR CARBON PORTATIL
01t4w00000NvMbUAAV,PORTABLE CHARCOAL GRILL,ASADOR CARBON PORTATIL
01t4w00000NvMbcAAF,RECTANGULAR CHARCOAL GRILL WITH SIDE TABLES AND WHEELS,ASADOR CARBON RECTANGULAR CON MESAS LATERALES Y RUEDAS
01t4w00000NvMbnAAF,RECTANGULAR CHARCOAL GRILL WITH SIDE TABLES,ASADOR CARBON RECTANGULAR CON MESAS LATERALES Y PARRILLADAS 2 PIEZAS
01t4w00000NvMbrAAF,RECTANGULAR CHARCOAL GRILL WITH FOLDING SIDE TABLE AND GRILLS 2 PIECES,ASADOR CARBON RECTANGULAR CON MESA LATERAL PLEGABLE Y PARRILLADAS 2 PIEZAS
01t4w00000NvMbsAAF,SMOKER,ASADOR CARBON AHUMADOR CILINDRICO
01t4w00000NvMbtAAF,RECTANGULAR CHARCOAL GRILL WITH SIDE TABLES AND WHEELS,ASADOR CARBON RECTANGULAR CON MESAS LATERALES Y RUEDAS
01t4w00000NvMc6AAF,PORTABLE CHARCOAL GRILL,ASADOR CARBON PORTATIL
01t4w00000NvMcLAAV,ROUND CHARCOAL GRILL WITH TABLE,ASADOR CARBON REDONDO CON MESA
01t4w00000NvMcRAAV,SMOKE GRILL,ASADOR CARBON AHUMADOR CILINDRICO CON PATA DESMONTABLE
01t4w00000NvMcbAAF,PORTABLE CHARCOAL GRILL,ASADOR CARBON PORTATIL
01t4w00000NvMfgAAF,RECTANGULAR CHARCOAL GRILL,ASADOR CARBON RECTANGULAR
01t4w00000NvMflAAF,18'' DELUXE WEBER STYEL GRILL,ASADOR CARBON REDONDO
01t4w00000NvMfnAAF,56CM ROUND GRILL THREE LEGS,ASADOR CARBON REDONDO
01t4w00000NvMfwAAF,18'' DELUXE WEBER STYEL GRILL,ASADOR CARBON REDONDO
01t4w00000NvMfzAAF,ROUND CHARCOAL GRILL,ASADOR CARBON REDONDO
01t4w00000NvMg0AAF,OUTDOOR FIRE PITS,POZO DE FUEGO
01t4w00000NvMg6AAF,RECTANGULAR CHARCOAL GRILL,ASADOR CARBON RECTANGULAR
01t4w00000NvMg7AAF,GAS GRILL,ASADOR GAS RECTANGULAR
01t4w00000NvMg8AAF,DOUBLE CHARCOAL GRILL WITH SIDE TABLES AND WHEELS,ASADOR CARBON DOBLE CON MESAS LATERALES Y RUEDAS
01t4w00000NvMgCAAV,18'' DELUXE WEBER STYEL GRILL,ASADOR CARBON REDONDO
01t4w00000NvMgGAAV,ROUND CHARCOAL GRILL,ASADOR CARBON REDONDO
01t4w00000NvMgMAAV,Fire pit,POZO DE FUEGO
01t4w00000NvMgOAAV,Simple grill,ASADOR CARBON CON MESA LATERAL
01t4w00000NvMgVAAV,ROUND CHARCOAL GRILL,ASADOR CARBON REDONDO
01t4w00000NvMgXAAV,ROUND CHARCOAL GRILL,ASADOR CARBON REDONDO
01t4w00000NvMgaAAF,FOLDABLE GRILL,ASADOR CARBON PORTATIL PLEGABLE
01t4w00000NvMgkAAF,BBQ GRILL WITH COOLER BAG,ASADOR CARBON PORTATIL CON REFRIGERANTE
01t4w00000NvMgqAAF,ROUND CHARCOAL GRILL,ASADOR CARBON REDONDO
01t4w00000NvMgzAAF,ELECTRIC GRILL,ASADOR ELECTRICO RECTANGULAR
01t4w00000NvMh1AAF,PORTABLE CHARCOAL GRILL,ASADOR CARBON PORTATIL
01t4w00000NvMh4AAF,RECTANGULAR CHARCOAL GRILL WITH SIDE TABLES AND WHEELS,ASADOR CARBON RECTANGULAR CON MESAS LATERALES Y RUEDAS
01t4w00000NvMhAAAV,FIRE PIT,POZO DE FUEGO
01t4w00000NvMhPAAV,"20"" HANGING GRILL",ASADOR COLGANTE
01t4w00000NvMhQAAV,46cm round grill,ASADOR CARBON REDONDO
01t4w00000NvMhVAAV,13INCH SIMPLE GRILL,ASADOR CARBON REDONDO
01t4w00000NvMhYAAV,13inch simple grill,ASADOR CARBON REDONDO
01t4w00000NvMhdAAF,ROADTED GRILL,PARRILLA CARBON PLANCHA CON MESAS LATERALES Y RUEDAS
01t4w00000NvMheAAF,HALF DRUM CHARCOAL GRILL,PARRILLA CARBON MEDIO TAMBOR
01t4w00000NvMi2AAF,DINING SET,SET COMEDOR MDF + 2 SILLAS AHORRAESPACIO
01t4w00000NvMrmAAF,COMPUTER DESK,MESA ESCRITORIO
01t4w00000NvMs1AAF,ELECTRIC RECLINER CHAIR,SILLON RECLINABLE ELECTRICO
01t4w00000NvMtEAAV,BRASIL BAR DINNING SET BAR TABLE WITH DOUBLE DROP LEAF + 4 BAR CHAIRS,SET COMEDOR BAR BRASIL MDF + 4 SILLAS
01t4w00000NvMtTAAV,ADJUSTABLE TABLE,MESA ESCRITORIO AJUSTABLE
01t4w00000NvMtYAAV,COMPUTER DESK,MESA ESCRITORIO + LIBRERO 2 NIVELES
01t4w00000NvMtdAAF,Computer desk,MESA ESCRITORIO
01t4w00000NvMtiAAF,Bookshelf  with 2 doors,ESTENTERIA 3 NIVELES CON 2 PUERTAS
01t4w00000NvMtnAAF,SOFA BED,SOFA CAMA
01t4w00000NvMuCAAV,5 Tiers Folding Storage Rack,ESTANTERIA 5 NIVELES ORGANIZADOR CON RUEDAS
01t4w00000NvMuGAAV,ROUND COFFEE TABLE WITH GLASS,MESA AUXILIAR CRISTAL
01t4w00000NvMuLAAV,SQUARE COFFEE TABLE WITH GLASS,MESA AUXILIAR CRISTAL
01t4w00000NvMuWAAV,9FT.Round  Market Umbrella,SOMBRILLA JARDIN 8 RIBS
01t4w00000NvMuaAAF,10FT.Round  Market Umbrella,SOMBRILLA JARDIN 8 RIBS
01t4w00000NvMuhAAF,8FT. Square Cantilever  Umbrella,SOMBRILLA JARDIN LATERAL CON BASE EN CRUZ (BLOQUES NO INCLUIDOS)
01t4w00000NvMukAAF,Granite Base PROI,BASE SOMBRILLA GRANITO 20KG
01t4w00000NvMuuAAF,Granite Base PROI,BASE SOMBRILLA GRANITO 25KG
01t4w00000NvMuvAAF,Granite Base PROI,BASE SOMBRILLA GRANITO REDONDO 25KG
01t4w00000NvMv5AAF,Granite base PROI,BASE SOMBRILLA GRANITO 40KG CON RUEDAS Y ASA
01t4w00000NvMv7AAF,Granite base PROI,BASE SOMBRILLA GRANITO REDONDO 35KG CON RUEDAS Y ASA
01t4w00000NvMvEAAV,Granite base PROI,BASE SOMBRILLA GRANITO 40KG CON RUEDAS Y ASA EXTENDIBLE
01t4w00000NvMvKAAV,Granite base PROI,BASE SOMBRILLA GRANITO REDONDO 40KG CON RUEDAS Y ASA EXTENSIBLE
01t4w00000NvMvYAAV,Expert base PROI-4 in 1 slabs,BLOQUE CEMENTO DE IMITACION MADERA 20KG PARA BASE DE SOMBRILLA
01t4w00000NvMvaAAF,Expert base  PROI,BASE SOMBRILLA CEMENTO DE IMITACION MADERA 20KG
01t4w00000NvMvdAAF,Expert base  PROI,BASE SOMBRILLA CEMENTO DE IMITACION GRANITO 25KG
01t4w00000NvMvkAAF,80QT Rolling Cooler with wood Grain finish,ENFRIADOR DE PATIO Y CARRITO DE BEBIDAS 80QT
01t4w00000NvMvnAAF,60QT Rolling Cooler with wood Grain finish,ENFRIADOR DE PATIO Y CARRITO DE BEBIDAS 60QT
01t4w00000NvMvtAAF,80QT PATIO COOLER & BEVERAGE CART IN WOOD GRAIN DESIGN,ENFRIADOR DE PATIO Y CARRITO DE BEBIDAS 80QT
01t4w00000NvMvxAAF,80QT Rolling Cooler with wood Grain finish,ENFRIADOR DE PATIO Y CARRITO DE BEBIDAS 80QT
01t4w00000NvMw7AAF,80 QT COOLER CART,ENFRIADOR DE PATIO Y CARRITO DE BEBIDAS 80QT
01t4w00000NvMwHAAV,CORNER SOFA SET,SALA DE PATIO ACACIA ESQUINA
01t4w00000NvMwRAAV,CORNER SOFA BED,SALA DE PATIO ACACIA ESQUINA
01t4w00000NvN06AAF,80QT COOLER CART,ENFRIADOR DE PATIO Y CARRITO DE BEBIDAS 80QT
01t4w00000NvN0KAAV,COOLER TABLE,TABURETE AUXILIAR HIELERA
01t4w00000NvN0ZAAV,CENTER POLE UMBRELLA BASE,BASE SOMBRILLA HDPE 23 KG
01t4w00000NvN0bAAF,SUNBED,TUMBONA METALICA CON TEXTILENO
01t4w00000NvN0jAAF,STARIGHT POLE UMBRELLA BASE,BASE SOMBRILLA HDPE 25 KG
01t4w00000NvN0pAAF,STEEL UMBRELLA BASE,BASE SOMBRILLA METALICA 18KG
01t4w00000NvN0yAAF,SUNBED,TUMBONA ALUMINIO CON TEXTILENO
01t4w00000NvN3zAAF,DINING SET,SET COMEDOR ALUMINIO + 6 SILLAS
01t4w00000NvN48AAF,METALLIC PATIO SET,SALA DE PATIO METALICA
01t4w00000NvN4jAAF,SHOE RACK BENCH,BANCA ZAPATERA 1 NIVEL
01t4w00000NvN4mAAF,set 2 coffee table,SET MESAS AUXILIARES 2 PIEZAS
01t4w00000NvN4rAAF,set 2 coffee table,SET MESAS AUXILIARES 2 PIEZAS
01t4w00000NvN4sAAF,BAR STOOL,BANCO BAR POLYWOOD
01t4w00000NvN51AAF,SIDE TABLE,MESA AUXILIAR
01t4w00000NvN52AAF,GLASS DINING SET + 4 CHAIRS,SET COMEDOR CRISTAL + 4 SILLAS
01t4w00000NvN54AAF,DINING SET,SET COMEDOR MDF + 4 SILLAS PLEGABLES
01t4w00000NvN56AAF,SIDE TABLE,MESA AUXILIAR
01t4w00000NvN57AAF,set 3 coffee table,SET MESAS AUXILIARES 3 PIEZAS
01t4w00000NvN58AAF,BAR STOOL,BANCO BAR TERCIOPELO
01t4w00000NvN5BAAV,FABRIC DINING CHAIR,SILLA COMEDOR TELA
01t4w00000NvN5EAAV,TV STAND,CENTRO ENTRETENIMIENTO 2 CAJONES
01t4w00000NvN5RAAV,SHELF,ESTANTERIA 4 NIVELES ORGANIZADOR VASOS+VINO
01t4w00000NvN5WAAV,3 tier shelf with 2 baskets,ESTANTERIA 4 NIVELES CON 2 BINS
01t4w00000NvN5XAAV,SOFA BED,SOFA CAMA TRANSFORMER
01t4w00000NvN5bAAF,SOFA,SOFA 2 PLAZAS
01t4w00000NvN5gAAF,3 TIERS GARMENT RACK,PERCHERO ORGANIZADOR 2 NIVELES
01t4w00000NvN5lAAF,5 TIERS WIRE SHELF,ESTANTERIA METALICA 5 NIVELES
01t4w00000NvN9JAAV,DINING SET,SET COMEDOR ALUMINIO + 6 SILLAS
01t4w00000NvN9OAAV,6 FT FOLDING HDPE TABLE WOODEN DESIGN,MESA RESINA IMITACION MADERA PLEGABLE
01t4w00000NvN9YAAV,DINING SET,SET COMEDOR ALUMINIO + 6 SILLAS
01t4w00000NvNCYAA3,CHAIR,SILLON TELA + REPOSA PIES
01t4w00000NvNCdAAN,13M drying rack with mesh and shoe rack,TENDAL SUELO CON ALAS + 1 BALDA
01t4w00000NvNCiAAN,FOLDING PLASTIC CHAIR,SILLA RESINA IMITACION MADERA
01t4w00000NvNCnAAN,SQUARE TABLE WITH SLAT WOODEN LOOK,MESA RESINA IMITACION MADERA CUADRADA
01t4w00000NvNCxAAN,Metal Mesh Ironing Board,TABLA DE PLANCHAR
01t4w00000NvND7AAN,FOLDING OUTDOOR METAL MESH TABLE,MESA JARDIN REDONDA MESH PLEGABLE
01t4w00000NvND8AAN,STEEL MESH TABLE,MESA JARDIN REDONDA MESH
01t4w00000NvNDDAA3,STEEL MESH TABLE,MESA JARDIN CUADRADA MESH
01t4w00000NvNDMAA3,STEEL MESH TABLE,MESA JARDIN CUADRADA MESH
01t4w00000NvNOhAAN,STEEL HAMMOCK SWING CHAIR,COLUMPIO BALANCIN DOBLE
01t4w00000NvNOrAAN,ROUND TABLE,MESA REDONDA FIJA
01t4w00000NvNOwAAN,8 FOOT TABLE,MESA RESINA FIJA
01t4w00000NvNTIAA3,CAMPING SUN SHELTER,GAZEBO PLAYA PROTECTOR SOLAR
01t4w00000NvNXRAA3,DINING SET,SET COMEDOR 5 PIEZAS
01t4w00000NvNXWAA3,RECTANGLE TABLE,MESA JARDIN RECTANGULAR
01t4w00000NvNabAAF,DINING SET,SET COMEDOR METALICO 5 PIEZAS
01t4w00000NvQ57AAF,RECLINER CHAIR,SILLON RECLINABLE MANUAL CON POSAVASOS
01t4w00000NvQb6AAF,AWNING,TOLDO RETRACTIL
01t4w00000NvQbCAAV,BLOW MOLD FOLDING CHAIR WOOD DESIGN,SILLA RESINA DOBLE IMITACION MADERA
01t4w00000NvQbGAAV,RECLINER CHAIR,SILLON RECLINABLE MANUAL
01t4w00000NvQbMAAV,FOLDING CHAIR,SILLA RESINA DOBLE IMITACION RATAN
01t4w00000NvQbNAAV,FOLDING CHAIR,SILLA RESINA DOBLE IMITACION RATAN
01t4w00000NvQbPAAV,6FT FOLDING TABLE,MESA RESINA RECTANGULAR IMITACION RATAN PLEGABLE
01t4w00000NvQbRAAV,4FT FOLDING HDPE TABLE RATTAN DESIGN,MESA RESINA RECTANGULAR IMITACION RATAN PLEGABLE
01t4w00000NvQbWAAV,FOLDING CHAIR,SILLA RESINA DOBLE IMITACION RATAN
01t4w00000NvQbYAAV,PERSONAL FOLDING TABLE,MESA RESINA PERSONAL AJUSTABLE RECTANGULAR IMITACION RATAN
01t4w00000NvQbdAAF,61CM SQUARE FOLDING TABLE,MESA RESINA PERSONAL CUADRADA IMITACION RATAN
01t4w00000NvQbeAAF,80CM ROUND FOLDING TABLE RATTAN DESIGN,MESA RESINA PERSONAL REDONDA IMITACION RATAN
01t4w00000NvQcEAAV,ANVIL MINI RATCHET LOPPER + SCISSORS,SET PODADERA METALICA 2 PIEZAS
01t4w00000NvQcKAAV,9 PATTERNS METAL NOZZLE,BEMBO AJUSTABLE METALICO
01t4w00000NvQcTAAV,WATER WAND + BEMBO + ALUMINUM ADAPTER SET,SET VARILLA DE AGUA + BEMBO + ADAPTADOR ALUMINIO
01t4w00000PWtrPAAT,GAZEBO,GAZEBO CUADRADO CON BARRAS BAR
01t4w00000PWtrUAAT,BENCH SUNBED,BANCO JARDIN CONVERTIBLE TUMBONA ACACIA
01t4w00000PWtreAAD,SOFA SET 8 PIECES,SALA DE PATIO METALICA 4 PIEZAS
01t4w00000PWtrjAAD,Tilburg II Rattan sofa set of 4,SALA DE PATIO WICKER 4 PIEZAS
01t4w00000PWts7AAD,Rocky steel rattan chat of 3,SET BISTRO WICKER 3 PIEZAS CON COJIN
01t4w00000PWtt1AAD,DINING SET 5 PCS,SET COMEDOR ACACIA 5 PIEZAS
01t4w00000PWttBAAT,COFFEE TABLE,MESA AUXILIAR JARDIN ACACIA
01t4w00000PWttGAAT,TROLLEY,CARRITO APOYO RECTANGULAR
01t4w00000PWtteAAD,Lund steel rattan square trolley,CARRITO APOYO CUADRADO
01t4w00000PWy3AAAT,VIENA DINNING SET TABLE + 6 CHAIRS,SET COMEDOR VIENA + 6 SILLAS
01t4w00000PWy3FAAT,BUTTERFLY CHAIR,SILLON MARIPOSA
01t4w00000PWy3KAAT,COFFEE TABLE OF 2 SET,SET MESAS AUXILIARES 2 PIEZAS
01t4w00000PX0wtAAD,TROLLEY,CARRITO APOYO RECTANGULAR
01t4w00000PX0wzAAD,METALLIC PATIO SET,SALA DE PATIO METALICA
01t4w00000PX0x4AAD,STOOL COOL BOX,TABURETE AUXILIAR HIELERA
01t4w00000PX0x9AAD,STOOL COOL BOX,TABURETE AUXILIAR HIELERA
01t4w00000PX0xEAAT,METALLIC PATIO SET,SALA DE PATIO METALICA
01t4w00000PX1jDAAT,4FT FOLD IN HALF TABLE,MESA RESINA PLEGABLE 124cm COLORES
01t4w00000PX1jIAAT,ROUND FOLDING TABLE,MESA RESINA REDONDA FIJA 121 CM
01t4w00000PX1kgAAD,6FT FOLDING TABLE RATTAN DESIGN,MESA RESINA PLEGABLE IMITACION RATAN
01t4w00000PX1kvAAD,FOLDING CHAIR RATTAN DESIGN,SILLA RESINA PLEGABLE IMITACION RATAN
01t4w00000PX1m5AAD,FOLDING BENCH RATTAN DESIGN,BANCO RESINA PLEGABLE IMITACION RATAN
01t4w00000PX1mKAAT,FOLDING CHAIR WOOD DESIGN,SILLA RESINA PLEGABLE IMITACION MADERA
01t4w00000PX1mMAAT,DECK BOX RATTAN DESIGN,ARCON MULTIUSOS 105 L IMITACION RATAN
01t4w00000PX1mOAAT,SHED WOOD DESIGN,COBERTIZO MULTIUSOS 2270L IMITACION MADERA
01t4w00000PX1mPAAT,FOLDING BENCH WOOD DESIGN,BANCO RESINA PLEGABLE IMITACION MADERA
01t4w00000PX1mWAAT,"DECK BOX, WOOD DESIGN",ARCON MULTIUSOS 270 L IMITACION MADERA
01t4w00000PX1mXAAT,"DECK BOX, WOOD DESIGN",ARCON MULTIUSOS 390L IMITACION MADERA
01t4w00000PX1mYAAT,"DECK BOX, RATTAN DESIGN",ARCON MULTIUSOS 450L IMITACION RATAN
01t4w00000PX1mfAAD,4FT KIDS TABLE,MESA RESINA PLEGABLE NIÑOS 121 CM
01t4w00000PX1mjAAD,DECK BOX WOOD DESIGN,ARCON MULTIUSOS 490L IMITACION MADERA
01t4w00000PX1moAAD,KIDS STOOL,TABURETE RESINA NIÑOS KD
01t4w00000PX1mpAAD,FILLET STATION,FREGADERO RESINA PLEGABLE CON GRIFO
01t4w00000PX1mqAAD,BEER TABLE SET,SET PICNIC RESINA PLEGABLE
01t4w00000PX1muAAD,FOLDING STOOL,TABURETE RESINA PLEGABLE
01t4w00000PX1myAAD,FOLDING STOOL,TABURETE RESINA PLEGABLE
01t4w00000PX2EGAA1,GAME TABLE,MESA DE JUEGO RESINA PLEGABLE
01t4w00000PX2GnAAL,PICNIC TABLE WOOD DESIGN,SET PICNIC RESINA CUADRADO IMITACION MADERA
01t4w00000PX2GxAAL,"6FT PICNIC TABLE, WOOD DESIGN",SET PICNIC RESINA RECTANGULAR IMITACION  MADERA
01t4w00000PX2HDAA1,60 CM ROUND TABLE,MESA RESINA PERSONAL PLEGABLE REDONDA
01t4w00000PX2HWAA1,86 CMS SQUARE FOLD IN HALF TABLE,MESA RESINA CUADRADA PLEGABLE A LA MITAD
01t4w00000PX2HlAAL,INJECTION FOLDING CHAIR,SILLA PLEGABLE PP
01t4w00000PX2ypAAD,122 CM FOLDING TABLE,MESA RESINA PLEGABLE Φ 4 cm
01t4w00000PX4QHAA1,OFFICE CHAIR,SILLA ORDENADOR MESH
01t4w00000PX4QIAA1,OFFICE CHAIR,SILLA ORDENADOR MESH
01t4w00000PX4QNAA1,FOLDING CHAIR,SILLA RESINA DOBLE AZUL
01t4w00000PX4QSAA1,4FT FOLD IN HALF TABLE,MESA RESINA PLEGABLE 124cm COLORES
01t4w00000PX4ugAAD,4 LEVEL SHELF,ESTANTERIA 4 NIVELES
01t4w00000PX4uvAAD,ORGANIZER BOX,ORGANIZADOR ROPA
01t4w00000PX4v0AAD,ORGANIZER BOX,CAJA ORGANIZADOR
01t4w00000PX4v5AAD,ORGANIZER,ORGANIZADOR ZAPATOS COLGANTE 6 NIVELES
01t4w00000PX4vAAAT,ORGANIZER,ORGANIZADOR ZAPATOS COLGANTE 10 NIVELES
01t4w00000PX4vFAAT,ORGANIZER BOX,CAJA ORGANIZADOR
01t4w00000PX4vKAAT,3 TIERS GARMENT RACK,PERCHERO ORGANIZADOR 2 NIVELES
01t4w00000PX5PmAAL,122 CM FOLDING TABLE,MESA RESINA PLEGABLE Φ 4 cm
01t4w00000PX5PnAAL,FOLDING BENCH ? 4.5 cm,BANCA RESINA PLEGABLE Φ 4 cm
01t4w00000PX5PxAAL,FOLDING TABLE,MESA RESINA PLEGABLE 152 CM
01t4w00000PX5Q1AAL,8FT FOLDING HDPE TABLE,MESA RESINA PLEGABLE Φ 4.5
01t4w00000PX5rDAAT,METALIC SHELF,ESTANTERIA METALICA 5 NIVELES
01t4w00000PX5rEAAT,4 TIERS CORNER DISPLAY SHELF,ESTANTERIA 4 NIVELES EN ESQUINA
01t4w00000PX5rGAAT,3 TIER SHELF,ESTANTERIA 3 NIVELES
01t4w00000PX5rLAAT,METALIC SHELF,ESTANTERIA METALICA 5 NIVELES
01tVT000000Kc5xYAC,BEACH CHAIR,SILLA PLAYA
01tVT000000Q3GoYAK,BEACH CHAIR,SILLA PLAYA
01tVT000000Q3VLYA0,BEACH CHAIR,SILLA PLAYA
01tVT000000Q3v7YAC,BEACH CHAIR,SILLA PLAYA
01tVT000000Q5NTYA0,BEACH UMBRELLA,SOMBRILLA PLAYA
01tVT000000Q5aLYAS,BEACH CHAIR,SILLA PLAYA
01tVT000000Q6MjYAK,BEACH UMBRELLA,SOMBRILLA PLAYA
01tVT000000UBXWYA4,BEACH PARASOL,SOMBRILLA PLAYA
01tVT000000UCq9YAG,BEACH PARASOL,SOMBRILLA PLAYA
01tVT000000UDuHYAW,BEACH PARASOL,SOMBRILLA PLAYA  6FT (180CM)
01tVT000000UE8nYAG,6.5FT(200CM)STEEL BEACH PARASOL+ANCHOR POLE,SOMBRILLA PLAYA
01tVT000000UEITYA4,7FT(210CM)STEEL TABLE PARASOL,SOMBRILLA PLAYA
01tVT000000UETlYAO,8FT(240CM) OXFORD STEEL BEACH PARASOL,SOMBRILLA PLAYA
01tVT000000UErxYAG,BEACH PARASOL,SOMBRILLA PLAYA
01tVT000000UFJNYA4,6FT*6FT (180CM X180CM) INSTANT CABANA,GAZEBO PLAYA PROTECTOR SOLAR
01tVT000000UFhZYAW,CENTER POLE UMBRELLA BASE,BASE SOMBRILLA HDPE
01tVT000000UKUMYA4,STEEL GARDEN PARASOL 2.7M,"SOMBRILLA DE JARDÍN DE ACERO DE 2,7 M"
01tVT000000ULLaYAO,8FT (240CM ) CRANKED OPEN GARDEN PARASOL,SOMBRILLA JARDIN 6 RIBS
01tVT000000UM4kYAG,STEEL GARDEN PARASOL 2M,SOMBRILLA DE JARDÍN DE ACERO DE 2 M
01tVT000000UMO5YAO,STEEL GARDEN PARASOL 2.3M,"SOMBRILLA DE JARDÍN DE ACERO DE 2,3 M"
01tVT000000UNP1YAO,STEEL GARDEN PARASOL 2.7M,"SOMBRILLA DE JARDÍN DE ACERO DE 2,7 M"
01tVT000000UQ1tYAG,10FT (300CM ) CRANKED OPEN GARDEN PARASOL,SOMBRILLA JARDIN 8 RIBS
01tVT000000UQzbYAG,BEACH CHAIR,SILLA PLAYA
01tVT000000URE6YAO,BEACH CHAIR,SILLA PLAYA
01tVT000000URnZYAW,DOUBLE BEACH CHAIR,SILLA DOBLE PLAYA
01tVT000000US25YAG,DOUBLE BEACH CHAIR,SILLA DOBLE PLAYA
01tVT000000USDNYA4,BEACH CHAIR,SILLA PLAYA
01tVT000000USF0YAO,ALUMINUM CHAIR,SILLA ALUMINIO
01tVT000000USYLYA4,BEACH CHAIR,SILLA PLAYA
01tVT000000USoTYAW,BEACH CHAIR,SILLA PLAYA
01tVT000000UTB3YAO,ALUMINUM CHAIR,SILLA ALUMINIO
01tVT000000UTMLYA4,BEACH CHAIR,SILLA PLAYA
01tVT000000UTW1YAO,7 PIECES DINING SET,SET COMEDOR 7 PIEZAS
01tVT000000UTZFYA4,ALUMINUM CHAIR,SILLA ALUMINIO
01tVT000000UTiyYAG,ALUMINUM CHAIR,SILLA ALUMINIO
01tVT000000UTnlYAG,ALUMINUM CHAIR,SILLA ALUMINIO
01tVT000000UUIPYA4,DOUBLE BEACH CHAIR,SILLA DOBLE PLAYA
01tVT000000UULdYAO,BEACH CHAIR,SILLA PLAYA
01tVT000000UUdNYAW,BEACH CHAIR,SILLA PLAYA
01tVT000000UUjpYAG,STEEL CHAIR,SILLA METAL
01tVT000000UUruYAG,CHAISE LOUNGE,TUMBONA
01tVT000000UVZRYA4,CHAISE LOUNGE,TUMBONA METAL PLEGABLE
01tVT000000UVrBYAW,HAMMOCK,HAMACA METAL CON TELA
01tVT000000VILeYAO,CAR TENT,CARPA PARA CARRO
01tVT000000VIdOYAW,FOLDING TENT,CARPA PLEGABLE
01tVT000000VJHhYAO,FOLDING TENT,CARPA PLEGABLE
01tVT000000VK0rYAG,FOLDING TENT,CARPA PLEGABLE
01tVT000000WqEpYAK,PORTABLE CHARCOAL GRILL,ASADOR CARBON PORTATIL
01tVT000000WqZnYAK,18'' DELUXE WEBER STYEL GRILL,ASADOR CARBON REDONDO
01tVT000000WsJsYAK,18'' DELUXE WEBER STYEL GRILL,ASADOR CARBON REDONDO
01tVT000000WsZzYAK,FOLDING DESK,MESA ESCRITORIO PLEGABLE
01tVT000000WtCfYAK,CHARCOAL GRILL,ASADOR CARBON RECTANGULAR CON MESAS LATERALES Y RUEDAS
01tVT000000WthLYAS,COFFEE TABLE SET,SET MESAS AUXILIARES 2 PIEZAS
01tVT000000WtkYYAS,RECTANGULAR CHARCOAL GRILL WITH SIDE TABLES AND WHEELS,ASADOR CARBON RECTANGULAR CON MESAS LATERALES Y RUEDAS
01tVT000000WvZSYA0,COFFEE TABLE SET,SET MESAS AUXILIARES 2 PIEZAS
01tVT000000WvrBYAS,BAR STOOL,BANCO BAR PU
01tVT000000WwKEYA0,DINING CHAIR,SILLA COMEDOR
01tVT000000WwTtYAK,COFFEE TABLE SET,SET MESAS AUXILIARES 2 PIEZAS
01tVT000000WwnFYAS,BAR STOOL,BANCO BAR LUGO
01tVT000000WxD5YAK,DINING CHAIR,SILLA COMEDOR
01tVT000000WxwDYAS,BAR STOOL,BANCO BAR PU
01tVT000000XArqYAG,BEACH CHAIR,SILLA PLAYA
01tVT000000XEkAYAW,BEACH UMBRELLA,SOMBRILLA PLAYA
01tVT000000Ye1RYAS,BAR STOOL,BANCO BAR PU
01tVT000000Ye9VYAS,BAR STOOL,BANCO BAR PP
01tVT000000dw4AYAQ,RACING CHARI,SILLA GAMING
01tVT000000dwPAYAY,RACING CHAIR,SILLA GAMING
01tVT000000dy7ZYAQ,RACING CHAIR,SILLA GAMING
01tVT000000dyKUYAY,DINING CHAIR,SILLA COMEDOR
01tVT000000dySaYAI,METAL DINING CHAIR,SILLA COMEDOR METAL
01tVT000000dzI9YAI,METAL DINING CHAIR,SILLA COMEDOR METAL
01tVT000000e1VFYAY,METAL DINING CHAIR,SILLA COMEDOR METAL
01tVT000000e2MTYAY,METAL DINING CHAIR,SILLA COMEDOR METAL
01tVT000000e2mHYAQ,METAL DINING CHAIR,SILLA COMEDOR METAL
01tVT000000e3jxYAA,METAL DINING CHAIR,SILLA COMEDOR METAL
01tVT000000e5H8YAI,Folding bar bench,BANCO BAR PLEGABLE
01tVT000000e5sFYAQ,Kincardine Stool with storage,BANCO TERCIOPELO CON ALMACENAMIENTO
01tVT000000e8GbYAI,BAR BENCH,BANCO BAR VELVET
01tVT000000e9scYAA,QUESNEL COFFEE TABLE,SET MESAS AUXILIARES 2 PIEZAS
01tVT000000eA77YAE,FOLDINS WIDE DESK,MESA ESCRITORIO PLEGABLE
01tVT000000eAGqYAM,METAL STOOL,SILLON METAL
01tVT000000eBUcYAM,Olds Dining  Set(1+4),SET COMEDOR BAR PVC + 4 TABURETES sin TORNILLOS
01tVT000000eCP5YAM,LOUNGE CHAIR,SILLA DE SALON
01tVT000000eCiRYAU,Plessisville Stool,BANCO TERCIOPELO
01tVT000000eCs5YAE,LOUNGE CHAIR,SILLA DE SALON
01tVT000000eDufYAE,PLASTIC FOLDING CHAIR,SILLA PLEGABLE PLASTICO
01tVT000000eE4HYAU,Carbonear Stool,BANCO TERCIOPELO
01tVT000000eESTYA2,SET OF AUXILIARY TABLES 2 PIECES,SET MESAS AUXILIARES 2 PIEZAS
01tVT000000eEdlYAE,METAL STOOL,SILLON METAL
01tVT000000eEttYAE,ROCKER CHAIR,SILLON TELA ROCKER
01tVT000000eF0OYAU,Hampstead Tea Table,SET MESAS AUXILIARES 2 PIEZAS
01tVT000000eF0PYAU,Coaticook Side Table,MESA AUXILIAR
01tVT000000eF1xYAE,Colwood Nesting Side Tables,SET MESAS AUXILIARES 2 PIEZAS sin TORNILLOS
01tVT000000eFGTYA2,Mistassini Dining  Set,SET COMEDOR PVC + 4 TABURETES sin TORNILLOS
01tVT000000eFLJYA2,VELVET BENCH,BANCA TERCIOPELO
01tVT000000eFRmYAM,LOUNGE CHAIR,SILLA DE SALON
01tVT000000eIXiYAM,COFFEE NEST SET,SET MESAS DE CENTRO 3 PIEZAS
01tVT000000eJQZYA2,METAL TABLE,MESA COMEDOR METAL
01tVT000000eJiHYAU,FOLDING CHAIR,SILLA PLEGABLE
01tVT000000eKWHYA2,PLASTIC CHAIR,SILLA COMEDOR PLASTICO
01tVT00000151J3YAI,FOLDING DESK RUSTIC WOOD EFFECT,MESA ESCRITORIO
01tVT00000153PhYAI,BAR SET WITH SHELF,SET MESA ESCRITORIO + SILLA
01tVT00000154QbYAI,4 TIERS SHELF,ESTANTERIA 4 NIVELES
01tVT00000155zNYAQ,COFFEE NESTING TABLE,SET MESAS AUXILIARES 3 PIEZAS
01tVT0000015ANyYAM,ALUMINUM BENCH,BANCO ALUMINIO
01tVT0000015Ar2YAE,Venice Freja Drinks Trolley Black,CARRITO AUXILIAR METALICO 2 NIVELES
01tVT0000015BDaYAM,Valentina  Arm Chair,SILLON TELA
01tVT0000015Bn4YAE,Tinsley Dining Set,SET COMEDOR MADERA + 2 TABURETES
01tVT0000015C3BYAU,Double Seat Sofa,SOFA 2 PLAZAS
01tVT0000015CPmYAM,Ulani Chair in Fur,SILLON TELA
01tVT0000015DX7YAM,WOODEN CHAIR WITH STOOL,SILLON TELA + REPOSA PIES
01tVT0000015DnGYAU,ALUMINUM BENCH,BANCO ALUMINIO
01tVT0000015DosYAE,Scarlett Dining Bench Set,SET COMEDOR + 2 BANCOS
01tVT0000015E3NYAU,Udele Dining Set,SET COMEDOR MDF Y MADERA + 4 SILLAS
01tVT0000015EBTYA2,Autumn  Office Chair Lilypad,SILLA ORDENADOR
01tVT0000015EOLYA2,DOUBLE BED,ESTRUCTURA CAMA
01tVT0000015EOMYA2,Summer Dining Set,SET COMEDOR MDF Y MADERA + 4 SILLAS
01tVT0000015ETBYA2,ALUMINUM CHAIR,SILLA ALUMINIO
01tVT0000015EWPYA2,Uchenna Dining Table,MESA COMEDOR REDONDA MDF
01tVT0000015EjMYAU,ALUMINUM BENCH,BANCO ALUMINIO
01tVT0000015EszYAE,SINGLE BED,ESTRUCTURA CAMA
01tVT0000015F5uYAE,ALUMINUM ROCKING CHAIR,SILLON MECEDORA ALUMINIO
01tVT0000015FHBYA2,ALUMINUM BENCH,BANCO ALUMINIO
01tVT0000015FSTYA2,DOUBLE BED,ESTRUCTURA CAMA
01tVT0000015FvVYAU,SOPHIE OFFICE CHAIR,SILLA ORDENADOR
01tVT0000015FvXYAU,ALUMINUM ARM CHAIR,SILLA ALUMINIO
01tVT0000015G5CYAU,Selkirk Dining chair,TABURETE APILABLE
01tVT0000015Gl7YAE,Savannah Dining Set,SET COMEDOR MDF + 2 BANCOS
01tVT0000015GuoYAE,DINING SET WITH CUSHIN,SET COMEDOR MDF + 4 SILLAS
01tVT0000015H2rYAE,Steinbach Study Desk,MESA ESCRITORIO
01tVT0000015H4TYAU,STORAGE  COFFEE  NEST,MESA AUXILIAR
01tVT0000015HNqYAM,Lorraine chair,SILLA COMEDOR MADERA ACOLCHADA
01tVT0000015HSiYAM,ROUND STEEL TABLE,MESA JARDIN REDONDA
01tVT0000015HdxYAE,WOVEN ROPE CHAIR,SILLON ALUMINIO
01tVT0000015HhBYAU,BAR TABLE,MESA DE BAR
01tVT0000015HqrYAE,ALUMINUM WOVEN ROPE CHAIR,SILLA COMEDOR ALUMINIO
01tVT0000015I8bYAE,ALUMINUM WOVEN ROPE CHAIR,SILLA COMEDOR ALUMINIO
01tVT0000015IDRYA2,Study Bunk Bed,LITERA ESCRITORIO
01tVT0000015IGfYAM,COFFEE TABLE,SET MESAS AUXILIARES 2 PIEZAS
01tVT0000015IWnYAM,ALUMINUM ARM CHAIR,SILLON ALUMINIO
01tVT0000015ImwYAE,ALUMINUM BENCH,BANCO ALUMINIO
01tVT0000015J7uYAE,DINING SET WITHOUT CUSHION,SET COMEDOR MDF + 4 SILLAS
01tVT0000015JB7YAM,Double Loft Bunk Bed,LITERA ESCRITORIO
01tVT0000015Jj0YAE,Carleton  Dining chair,SILLA COMEDOR PP APILABLE
01tVT0000015JmEYAU,Trail Bar chair,BANCO BAR PP APILABLE
01tVT0000015KYbYAM,Nelson Dining chair,SILLA COMEDOR PP APILABLE
01tVT0000015KdSYAU,Perrot Bar stool,BANCO BAR PU
01tVT0000015KjtYAE,ALUMINUM TABLE,MESA JARDIN ALUMINIO
01tVT0000015KrxYAE,High River Bar Stool,BANCO BAR TELA
01tVT0000015L1dYAE,ALUMINUM SET 4 PCS,SET DE PATIO ALUMINIO 4 PIEZAS
01tVT0000015LODYA2,ALUMINUM WOVEN ROPE CHAIR,SILLA COMDEOR ALUMINIO
01tVT0000015LT4YAM,IRON PE RATTAN CHAIR,SILLA COMEDOR METAL
01tVT0000015LfxYAE,Hinton Bar stool,BANCO BAR MADERA
01tVT0000015LuTYAU,Estevan Bar Stool,BANCO BAR TELA
01tVT0000015MH3YAM,Parksville Bar stool,BANCO BAR PU
01tVT0000015MaQYAU,ALUMINUM PLASTIC WOOD DINING SET 5 PCS,SET COMEDOR ALUMINIO 5 PIEZAS
01tVT0000015MfFYAU,Windsor  Stackable Chair,SILLA COMEDOR PP APILABLE
01tVT0000015MgrYAE,ALUMINUM DINING SET 5 PCS,SET COMEDOR ALUMINIO 5 PIEZAS
01tVT0000015N0DYAU,Perth Canteliver Bar Stool Grey PU,BANCO BAR PU
01tVT0000015NEjYAM,Amy Stackable Dining Chair,SILLA COMEDOR PU APILABLE
01tVT0000015NbJYAU,Joey  Stackable Bar Stool,BANCO BAR TELA APILABLE
01tVT0000015NkzYAE,Hawkesbury Dining Set (1+2),SET COMEDOR MDF Y MADERA + 2 SILLAS PLEGABLES
01tVT0000015O2jYAE,ALUMINUM DINING SET,SET COMDEOR ALUMINIO EXTENSIBLE
01tVT0000016GskYAE,BARTABLE WITH 3 LAYERS,MESA DE BAR
01tVT0000016KMsYAM,FOLDING CHAIR,SILLA PLEGABLE
01tVT0000016Kt7YAE,BAR CHAIR,BANCO BAR METAL
01tVT0000016Y1eYAE,ALUMINUM DINING SET 3 PCS,SET COMEDOR ALUMINIO 3 PIEZAS
01tVT0000016ZTxYAM,ALUMINUM DINING SET 3 PCS,SET COMEDOR ALUMINIO 3 PIEZAS
01tVT0000016eeyYAA,DESK,MESA ESCRITORIO + LIBRERO 3 NIVELES
01tVT0000016k7eYAA,DESK,MESA ESCRITORIO + LIBRERO 2 NIVELES
01tVT00000181ftYAA,GAMING CHAIR,SILLA GAMING
01tVT00000181paYAA,CHAIR,SILLA ORDENADOR
01tVT00000182QgYAI,COMPUTER CHAIR,SILLA ORDENADOR
01tVT00000183BSYAY,DESK,MESA ESCRITORIO
01tVT00000183plYAA,OFFICE CHAIR,SILLA ORDENADOR MESH
01tVT000001842gYAA,MANAGER CHAIR MID BACK,SILLA ORDENADOR PU
01tVT000001847VYAQ,CHAIR,SILLA ORDENADOR
01tVT00000184KPYAY,CHAIR,SILLA ORDENADOR PU + PLASTICO
01tVT0000018LgDYAU,DINNIG SET MDF + 4 CHAIRS,SET COMEDOR MDF + 4 SILLAS
01tVT0000018M9FYAU,DINING SET MDF + 2 CHAIRS,SET COMEDOR MDF + 2 SILLAS
01tVT0000018MHKYA2,OFFICE CHAIR,SILLA ORDENADOR
01tVT000001B8xnYAC,PU COMPUTER CHAIR (1PC/1BOX),SILLA ORDENADOR PU (1PC/1BOX)
01tVT000001B9fKYAS,BAR STOOL,BANCO BAR
01tVT000001BA3XYAW,BAR STOOL,BANCO BAR
01tVT000001BALJYA4,PU COMPUTER CHAIR (1PC/1BOX),SILLA ORDENADOR PU (1PC/1BOX)
01tVT000001BG5iYAG,PU COMPUTER CHAIR (1PC/1BOX),SILLA ORDENADOR PU (1PC/1BOX)
01tVT000001BGNRYA4,FOLDING CHAIR,SILLA COMEDOR METAL PLEGABLE
01tVT000001BH8DYAW,PU COMPUTER CHAIR (1PC/1BOX),SILLA ORDENADOR PU (1PC/1BOX)
01tVT000001BI7VYAW,STEEL TABLE,MESA COMEDOR METAL
01tVT000001HcrWYAS,PARK BENCH,BANCO JARDIN ACACIA
01tVT000001HfW1YAK,COFFEE TABLE CHAIR SET,SALA DE PATIO METALICA 4 PIEZAS
01tVT000001HgjpYAC,COFFEE TABLE CHAIR SET,SET BISTRO WICKER 3 PIEZAS CON COJIN
01tVT000001HkHBYA0,SOFA SET,SALA DE PATIO METALICA 4 PIEZAS
01tVT000001HmMFYA0,DINING SET,SET COMEDOR 7 PIEZAS
01tVT000001HnF3YAK,OHIO 3 SEATING PULL OUT DAY BED,BANCO JARDIN CONVERTIBLE CAMA ACACIA
01tVT000001HnRxYAK,BONDI SOFA SET,SALA DE PATIO PP 4 PIEZAS
01tVT000001HoB7YAK,OHIO 4PC ROPE IRON CONVERSATION SETTING,SALA DE PATIO ACACIA 4 PIEZAS
01tVT000001HoXhYAK,SOFA SET,SALA DE PATIO RATAN 6 PIEZAS CON COJIN
01tVT000001HoxWYAS,OHIO 03 SEATING PULL  OUT DAY BED,BANCO JARDIN CONVERTIBLE CAMA EUCALIPTO
01tVT000001HpK5YAK,OHIO 06PC TIMBER BENCH & CHAIR DINING SETTING,SET COMEDOR EUCALIPTO 6 PIEZAS
01tVT000001HqKzYAK,OHIO 05PC ROPE DINING SETTING,SET COMEDOR ACACIA 7 PIEZAS
01tVT000001HqmPYAS,TDS 5PC ROUND DINING SETTING,SET COMEDOR ACACIA 5 PIEZAS
01tVT000001HrwzYAC,5PCS ROUND DINING SET,SET COMEDOR EUCALIPTO 5 PIEZAS
01tVT000001HsUrYAK,OHIO 07PC ROPE DINING SETTING,SET COMEDOR EUCALIPTO 7 PIEZAS
01tVT000001JFu1YAG,TV STAND,CENTRO ENTRETENIMIENTO 2 CAJONES
01tVT000001JGQKYA4,TABLE CHAIR SET,SET MESA + SILLAS
01tVT000001JI8jYAG,COFFEE TABLE,MESA AUXILIAR
01tVT000001JINFYA4,END TABLE,MESA AUXILIAR
01tVT000001JJ1ZYAW,DINING SET 1 TABLE + 4 CHAIRS,SET COMEDOR MDF + 4 SILLAS
01tVT000001JJb3YAG,BOOKCASE WITH STORAGE AND BLACKBOARD,ESTANTERIA PARA LIBROS CON PIZARRA
01tVT000001JJpZYAW,BOOKCASE WITH STORAGE AND BLACKBOARD,ESTANTERIA PARA LIBROS CON PIZARRA
01tVT000001JMx7YAG,ALUMINIUM DINING SET 5 PCS,SET COMEDOR ALUMINIO 5 PIEZAS
01tVT000001KicEYAS,rotating bookshelf,ESTANTERIA GIRATORIA 3 NIVELES
01tVT000001KjBjYAK,Butterfly chair For Kids,SILLON MARIPOSA INFANTIL
01tVT000001Kl2DYAS,Butterfly chair For Adults,SILLON MARIPOSA
01tVT000001Kla5YAC,Butterfly chair For Kids,SILLON MARIPOSA INFANTIL
01tVT000001KmJGYA0,simple hanger,PERCHERO ORGANIZADOR INFANTIL 1 NIVEL
01tVT000001POOLYA4,TABLE & 2 CHAIRS SET,SET MESA + SILLAS  INFANTIL
01tVT000001QxOsYAK,TEEPEE SINGLE BED,CAMA INDIVIDUAL
01tVT000001R4a1YAC,TEEPEE SINGLE BED,CAMA INDIVIDUAL
01tVT000001TkN4YAK,MANUAL RECLINER CHAIR,SILLON RECLINABLE MANUAL
01tVT000001TkYLYA0,COFFEE TABLE,MESA AUXILIAR
01tVT000001TkrhYAC,END TABLE,MESA AUXILIAR
01tVT000001TlMLYA0,MANUAL RECLINER CHAIR,SILLON RECLINABLE MANUAL
01tVT000001bF4LYAU,OFFICE CHAIR,SILLA ORDENADOR MESH
01tVT000001bFcDYAU,GAMING DESK,MESA ESCRITORIO
01tVT000001bG0PYAU,DESK,MESA ESCRITORIO
01tVT000001bG0QYAU,CHAIR,SILLA ORDENADOR MESH
01tVT000001bGLNYA2,GAMING DESK,MESA ESCRITORIO
01tVT000001bGd8YAE,GAMING DESK,MESA ESCRITORIO
01tVT000001bZELYA2,OHIO 4PC ROPE IRON CONVERSATION SETTING,SALA DE PATIO ACACIA 4 PIEZAS
01tVT000001ciYxYAI,RECTANGULAR GAZEBO WITH BARS,GAZEBO RECTANGULAR CON BARRAS BAR
01tVT000001cjQ9YAI,GAZEBO,GAZEBO CUADRADO CON CORTINAS
01tVT000001cjzgYAA,3*3M FOLDING GAZEBO STEEL,CARPA PLEGABLE POLIESTER
01tVT000001ckFlYAI,RECTANGULAR POLYESTER TENT,CARPA POLIESTER RECTANGULAR
01tVT000001cl0ZYAQ,TRIPLE POLYESTER TENT WITH WINDOWS,CARPA POLIESTER TRIPLE CON VENTANAS
01tVT000001cxg1YAA,Coffe table,MESA AUXILIAR
01tVT000001cxzNYAQ,COFFEE TABLE,MESA AUXILIAR
01tVT000001kiiFYAQ,TV STAND,CENTRO ENTRETENIMIENTO 2 CAJONES
01tVT000001kjkkYAA,TEEPEE SINGLE BED,CAMA INDIVIDUAL
01tVT000001kjnyYAA,TABLE & 2 CHAIRS SET,SET MESA + SILLAS  INFANTIL
01tVT000001kjrCYAQ,BOOKCASE WITH STORAGE AND BLACKBOARD,ESTANTERIA PARA LIBROS CON PIZARRA
01tVT000001kjw2YAA,Butterfly chair For Kids,SILLON MARIPOSA INFANTIL
01tVT000001meQpYAI,FOLDING TABLE 122CM,MESA RESINA PLEGABLE Φ 4 cm
01tVT000001qX2ZYAU,COFFEE TABLE CHAIR SET,SALA DE PATIO METALICA 4 PIEZAS
01tVT000001qYTGYA2,SOFA SET,SALA DE PATIO METALICA 4 PIEZAS
01tVT000001qYY6YAM,BONDI SOFA SET,SALA DE PATIO PP 4 PIEZAS
01tVT000001qYZiYAM,SOFA SET,SALA DE PATIO RATAN 6 PIEZAS CON COJIN
01tVT000001qYbKYAU,5PCS ROUND DINING SET,SET COMEDOR EUCALIPTO 5 PIEZAS
01tVT000001qYeYYAU,OHIO 06PC TIMBER BENCH & CHAIR DINING SETTING,SET COMEDOR EUCALIPTO 6 PIEZAS
01tVT000001qYgAYAU,ROCA ADIRONDACK CHAIR,SILLON ADIRONDACK PP
01tVT000001qr66YAA,OHIO 03 SEATING PULL  OUT DAY BED,BANCO JARDIN CONVERTIBLE CAMA EUCALIPTO
01tVT000001sRQrYAM,GENOVA 3PCS ALUMINIUM CORNER SOFA SET,SALA DE PATIO ESQUINA ALUMINIO CON COJINES
01tVT000001sRibYAE,VERANDA 3PCS FUNCTIONAL SOFA,SALA DE PATIO MULTIFUNCION WICKER CON COJINES
01tVT000001sRqgYAE,CYPRUS MOON BED,SOFA CAMA WICKER CON COJINES
01tVT000001sSTOYA2,SQUARE GARDEN TABLE WITH UMBRELLA HOLE,MESA JARDIN CUADRADA CON AGUJERO SOMBRILLA
01tVT000001sSWbYAM,LOTUS 4PCS SOFA SET,SALA DE PATIO SOFA CAMA WICKER 4 PIEZAS CON COJINES
01tVT000001sT7hYAE,DINING SET,SET COMEDOR 7 PIEZAS
01tVT000001sUADYA2,FIRENZA RELAX,SALA DE PATIO ALUMINIO + ACACIA 5 PIEZAS CON COJINES
01tVT000001sUVCYA2,OHIO 05PC ROUND TABLE DINING SETTING,SET COMEDOR ACACIA 5 PIEZAS
01tVT000001sUwdYAE,DINING TABLE AND CHAIR,SET COMEDOR ALUMINIO 5 PIEZAS
01tVT000001sVMPYA2,SET SOFA 4PCS,SALA DE PATIO METALICA 4 PIEZAS
01tVT000001svK7YAI,RACING CHAIR,SILLA GAMING
01tVT000001t1kWYAQ,set 3 coffee table,SET MESAS AUXILIARES 3 PIEZAS
01tVT000001t2VHYAY,GLIDER WITH RECLINER,MECEDORA RECLINABLE CON PUF
01tVT000001t2YVYAY,AUXILIARY TABLE,MESA AUXILIAR
01tVT000001t3XmYAI,FILLET STATION,FREGADERO RESINA PLEGABLE CON GRIFO
01tVT000001t3ZOYAY,FOLDING TRANSPORTER CART,CARRITO TRANSPORTADOR PLEGABLE
01tVT000001t3ccYAA,DESK TABLE + 4 LEVEL BOOKCASE,MESA ESCRITORIO + LIBRERO 4 NIVELES
01tVT000001t3eEYAQ,DESK TABLE + 4 LEVEL BOOKCASE,MESA ESCRITORIO + LIBRERO 4 NIVELES
01tVT000001t3fqYAA,DESK,MESA ESCRITORIO + LIBRERO 2 NIVELES
01tVT000001t3hSYAQ,DESK,MESA ESCRITORIO
01tVT000001t3r8YAA,MANUAL RECLINER CHAIR,SILLON RECLINABLE MANUAL
01tVT000001vPkIYAU,GENOVA 3PCS ALUMINIUM CORNER SOFA SET,SALA DE PATIO ESQUINA ALUMINIO CON COJINES
01tVT000001vPqkYAE,VERANDA 3PCS FUNCTIONAL SOFA,SALA DE PATIO MULTIFUNCION WICKER CON COJINES
01tVT000001vPtyYAE,CYPRUS MOON BED,SOFA CAMA WICKER CON COJINES
01tVT000001vUnCYAU,RECLINER CHAIR,SILLON RECLINABLE MANUAL CON POSAVASOS
01tVT000001wGzvYAE,4 TIERS SHELF,ESTANTERIA 4 NIVELES
01tVT000001wnXeYAI,STORAGE BOX,CAJA ORGANIZADOR
01tVT000001wp3BYAQ,STORAGE BOX,CAJA ORGANIZADOR
01tVT000001wpMZYAY,STORAGE BOX,CAJA ORGANIZADOR
01tVT000001wpkjYAA,STORAGE BOX,CAJA ORGANIZADOR
01tVT000001wpmLYAQ,Plastic storage box,CAJA ORGANIZADOR
01tVT000001wq45YAA,STORAGE BOX,CAJA ORGANIZADOR
01tVT000001wq5hYAA,STORAGE BOX,CAJA ORGANIZADOR
01tVT000001wqVVYAY,Plastic storage box (S),CAJA ORGANIZADOR
01tVT000001wqiPYAQ,Plastic hole storage box with lid(L),CAJA ORGANIZADOR
01tVT000001wqyXYAQ,Plastic hole storage box with lid(M),CAJA ORGANIZADOR
01tVT000001wrBRYAY,Plastic hole storage box with lid(S),CAJA ORGANIZADOR
01tVT000001wrL7YAI,STORAGE BOX,CAJA ORGANIZADOR
01tVT000001wrPxYAI,Plastic storage box with lid(L),CAJA ORGANIZADOR
01tVT000001wrZdYAI,STORAGE BOX,CAJA ORGANIZADOR
01tVT000001wrZeYAI,STORAGE BOX,CAJA ORGANIZADOR
01tVT000001wrhhYAA,Plastic storage box with lid(S),CAJA ORGANIZADOR
01tVT000001wrrNYAQ,STORAGE BOX,CAJA ORGANIZADOR
01tVT000001xII5YAM,STORAGE BOX,CAJA ORGANIZADOR
01tVT000001xIWbYAM,STORAGE BOX,CAJA ORGANIZADOR
01tVT000001xIl7YAE,STORAGE BOX,CAJA ORGANIZADOR
01tVT000001xIy1YAE,STORAGE BOX,CAJA ORGANIZADOR
01tVT000001xJ9JYAU,STORAGE BOX,CAJA ORGANIZADOR
01tVT000001xJIzYAM,STORAGE BOX,CAJA ORGANIZADOR
01tVT000001xMLiYAM,STORAGE BOX,CAJA ORGANIZADOR
01tVT000001xNXtYAM,DINING SET,SET COMEDOR 5 PIEZAS
01tVT000001xeNSYAY,4FT REGULAR TABLE,MESA RESINA 122 CM FIJA (100%)
01tVT000001xeQfYAI,DESK TABLE + 4 LEVEL BOOKCASE,MESA ESCRITORIO + LIBRERO 4 NIVELES
01tVT000001xhbRYAQ,6 FT REGULAR FOLDING TABLE,MESA RESINA 180 CM FIJA
01tVT000001yVhtYAE,MULTIFUNCTIONAL SOFA,SOFA CAMA
01tVT000001yVmjYAE,SOFA BED,SOFA CAMA
01tVT000001ykfKYAQ,FOLDING TRANSPORTER CART,CARRITO TRANSPORTADOR PLEGABLE
01tVT000001ymZ3YAI,HANGING SWING WITH CUSHION,COLUMPIO COLGANTE CON COJIN
01tVT000001ynRtYAI,4FT REGULAR TABLE,MESA RESINA 122 CM FIJA (100%)
01tVT0000020NebYAE,PP FOLDING CHAIR,SILLA PLEGABLE PP
01tVT00000258S2YAI,FIRENZA RELAX,SALA DE PATIO ALUMINIO + ACACIA 5 PIEZAS CON COJINES
01tVT0000028RzaYAE,OHIO 4PC ROPE IRON CONVERSATION SETTING,SALA DE PATIO ACACIA 4 PIEZAS
01tVT0000028S1CYAU,OHIO 07PC ROPE DINING SETTING,SET COMEDOR EUCALIPTO 7 PIEZAS
01tVT0000028S62YAE,DINING SET,SET COMEDOR 7 PIEZAS
01tVT0000028S7eYAE,COFFEE TABLE CHAIR SET,SET BISTRO WICKER 3 PIEZAS CON COJIN
01tVT000002GmltYAC,DINING CHAIR,SILLA COMEDOR TELA
01tVT000002Gn5FYAS,DINING CHAIR,SILLA COMEDOR TERCIOPELO
01tVT000002GnTRYA0,DINING CHAIR,SILLA COMEDOR PU
01tVT000002Go4XYAS,BAR STOOL,BANCO BAR PU
01tVT000002GoJ3YAK,BAR STOOL,BANCO BAR PU
01tVT000002Gom5YAC,SECTIONAL SOFA,SOFA CAMA CHESLONG TRANSFORMER
01tVT000002Gp0bYAC,VELVET CHAIR,SILLON TERCIOPELO
01tVT000002GpF7YAK,SECTIONAL SOFA,SOFA CAMA CHESLONG TRANSFORMER
01tVT000002GpNBYA0,LEATHAIRE CHAIR,SILLON CUERO SINTETICO
01tVT000002GpbhYAC,FABRIC CHAIR,SILLON TELA
01tVT000002IHFlYAO,RECLINER,SOFA 2 PLAZAS
01tVT000002JLR1YAO,FOLDING DESK RUSTIC WOOD EFFECT,MESA ESCRITORIO
01tVT000002JLu3YAG,Scarlett Dining Bench Set,SET COMEDOR + 2 BANCOS
01tVT000002JMJqYAO,COFFEE NESTING TABLE,SET MESAS AUXILIARES 3 PIEZAS
01tVT000002JMLSYA4,BAR TABLE,MESA DE BAR
01tVT000002JMN4YAO,BARTABLE WITH 3 LAYERS,MESA DE BAR
01tVT000002JMRuYAO,COFFEE TABLE,SET MESAS AUXILIARES 2 PIEZAS
01tVT000002JMWkYAO,BAR SET WITH SHELF,SET MESA ESCRITORIO + SILLA
01tVT000002JMbaYAG,BAR CHAIR,BANCO BAR METAL
01tVT000002JMi2YAG,Summer Dining Set,SET COMEDOR MDF Y MADERA + 4 SILLAS
01tVT000002JMq6YAG,Folding desk,MESA ESCRITORIO
01tVT000002JMtKYAW,OFFICE CHAIR,SILLA ORDENADOR MESH
01tVT000002JN6EYAW,SOFA,SILLON TELA
01tVT000002JNZGYA4,SECTIONAL SOFA,SOFA CAMA CHESLONG TRANSFORMER
01tVT000002Rl89YAC,LEAF TOP EXTENSION DINING SET,SET COMEDOR MDF EXTENSIBLE + 5 SILLAS + 1 BANCO
01tVT000002RlL3YAK,COMPUTER CHAIR,SILLA ORDENADOR
01tVT000002RlphYAC,4 SIDE DROP LEAF EXTENSION DINING TABLE (ROUND TO SQUARE) WITH LAZY SUSAN,SET COMEDOR MDF CON 4 HOJAS EXTENSIBLES + 6 SILLAS
01tVT000002RmDtYAK,BUTTERFLY EXTENSION DINING SET,SET COMEDOR MDF MARIPOSA EXTENSIBLE + 6 SILLAS
01tVT000002Rmk9YAC,FIXED TOP DINING SET,SET COMEDOR MDF FIJO + 4 SILLAS + 1 BANCO
01tVT000002RnBZYA0,4 SIDE DROP LEAF EXTENSION DINING SET (ROUND TO SQUARE) WITH LAZY SUSAN,SET COMEDOR MDF CON 4 HOJAS EXTENSIBLES + 5 SILLAS
01tVT000002RnhpYAC,4 SIDE DROP LEAF EXTENSION COUNTER HEIGHT SET (ROUND TO SQUARE) WITH LAZY SUSAN,SET COMEDOR MDF CON 4 HOJAS EXTENSIBLES + 6 SILLAS
01tVT000002RnwMYAS,LEAF TOP EXTENSION DINING SET,SET COMEDOR MDF EXTENSIBLE + 4 SILLAS + 1 BANCO
01tVT000002Ro1CYAS,2 SIDE LEAF TOP EXTENSION DINING SET,SET COMEDOR MDF CON 2 HOJAS EXTENSIBLES + 6 SILLAS
01tVT000002Ro4PYAS,LEAF TOP EXTENSION DINING SET,SET COMEDOR MDF EXTENSIBLE + 6 SILLAS
01tVT000002RodtYAC,FIXED TOP COUNTER HEIGHT SET,SET COMEDOR MDF FIJO + 4 SILLAS
01tVT000002SvdJYAS,FOLDING CAMPING TABLE,MESA PLEGABLE CAMPING
01tVT000002Svn0YAC,FOLDING CAMPING TABLE,MESA PLEGABLE CAMPING
01tVT000002Sw37YAC,FOLDING CAMPING TABLE,MESA PLEGABLE CAMPING
01tVT000002SwXmYAK,FOLDING CAMPING TABLE,MESA PLEGABLE CAMPING
01tVT000002UNneYAG,SOFABED,SOFA CAMA
01tVT000002UNpGYAW,SOFABED,SOFA CAMA
01tVT000002UOOkYAO,SOFABED,SOFA CAMA
01tVT000002UOlKYAW,SOFABED,SOFA CAMA
01tVT000002UPEMYA4,SOFABED,SOFA CAMA
01tVT000002UPPdYAO,SOFABED,SOFA CAMA
01tVT000002UPuHYAW,SOFABED,SOFA CAMA
01tVT000002UQ3xYAG,SOFABED,SOFA CAMA
01tVT000002UQDdYAO,SOFABED,SOFA CAMA CON POSAVASOS
01tVT000002UQITYA4,SOFABED,SOFA CAMA
01tVT000002UQQXYA4,SOFABED,SOFA CAMA CON POSAVASOS
01tVT000002UQYbYAO,SOFABED,SOFA CAMA
01tVT000002V4mBYAS,FOLDING TABLE,MESA RESINA PLEGABLE
01tVT000002V6SzYAK,FOLDING TABLE,MESA RESINA PLEGABLE
01tVT000002V6XqYAK,FOLDING TABLE,MESA RESINA PLEGABLE Φ 4.5 cm
01tVT000002V7AXYA0,FOLDING TABLE,MESA RESINA PLEGABLE
01tVT000002Wy1VYAS,LOVESEAT RECLINER,SILLON RECLINABLE DOBLE CON ALMACENAMIENTO Y POSAVASOS
01tVT000002X21tYAC,BOOKCASE WITH STORAGE AND BLACKBOARD,ESTANTERIA PARA LIBROS CON PIZARRA
01tVT000002X2mgYAC,LOVESEAT RECLINER,SILLON RECLINABLE DOBLE CON ALMACENAMIENTO Y POSAVASOS
01tVT000002X425YAC,LOVE SEAT RECLINER,SILLON RECLINABLE DOBLE
01tVT000002X4LSYA0,LOAVESEAT RECLINER,SILLON RECLINABLE DOBLE
01tVT000002YNKPYA4,TABLE & 2 CHAIRS SET,SET MESA + SILLAS INFANTIL
01tVT000002Z2CIYA0,TABLE & 2 CHAIRS SET,SET MESA + SILLAS INFANTIL
01tVT000002ZXeHYAW,BOOKCASE WITH STORAGE AND BLACKBOARD,ESTANTERIA PARA LIBROS CON PIZARRA
01tVT000002exBWYAY,BOOKCASE WITH STORAGE AND BLACKBOARD,ESTANTERIA PARA LIBROS CON PIZARRA
01tVT000002exGMYAY,BOOKCASE WITH STORAGE AND BLACKBOARD,ESTANTERIA PARA LIBROS CON PIZARRA
01tVT000002nklTYAQ,SOLAR LIGHT,LAMPARA SOLAR
01tVT000002nnzLYAQ,SOLAR STAKE LIGHTS,LAMPARA SOLAR
01tVT000002npcwYAA,SOLAR GARDEN LIGHT,LAMPARA SOLAR JARDIN
01tVT000002nq4LYAQ,SOLAR GARDEN LIGHT,LAMPARA SOLAR JARDIN
01tVT000002oKwsYAE,SOLAR LIGHT,LAMPARA SOLAR
01tVT000002oMLyYAM,SOLAR ROTATE STAKE LIGHT,LAMPARA SOLAR
01tVT000002oMVdYAM,SOLAR DIAMOND LIGHT,LAMPARA SOLAR DIAMANTE
01tVT000002oMfKYAU,SOLAR 6CM CRACK BALL LIGHT,LAMPARA SOLAR
01tVT000002oMsDYAU,SOLAR LIGHT,LAMPARA SOALR
01tVT000002oNDBYA2,SOLAR LIGHT,LAMPARA SOLAR
01tVT000002oNLFYA2,SOLAR LIGHT,LAMPARA SOLAR
01tVT000002oNl3YAE,SOLAR GARDEN LIGHT,LAMPARA SOLAR JARDIN
01tVT000002oNulYAE,SOLAR LIGHT,LAMPARA SOLAR
01tVT000002oO9FYAU,SOLAR LIGHT,LAMPARA SOLAR
01tVT000002oOZ3YAM,SOLAR LIGHT,LAMPARA SOLAR
01tVT000002oPenYAE,SOLAR LIGHT,LAMPARA SOLAR
01tVT000002oQEHYA2,SOLAR LIGHT,LAMPARA SOLAR
01tVT000002oQcTYAU,SOLAR LIGHT,LAMPARA SOLAR
01tVT000002oQm9YAE,SOLAR LIGHT,LAMPARA SOLAR
01tVT000002oQxRYAU,SOLAR LIGHT,LAMPARA SOLAR
01tVT000002oR5VYAU,SOLAR SPOT LIGHT,LAMPARA SOLAR
01tVT000002oRGnYAM,SOLAR MINI SPOT LIGHT,LAMPARA SOLAR
01tVT000002oUJWYA2,SOLAR LIGHT,LAMPARA SOLAR
01tVT000002oUg5YAE,SOLAR LIGHT,LAMPARA SOLAR
01tVT000002oUpmYAE,8PK SOLAR BULB STRING LIGHT,SERIE DE LUZ SOLAR
01tVT000002oUrNYAU,SOLAR LIGHT,LAMPARA SOLAR
01tVT000002oV13YAE,SOLAR LIGHT,LAMPARA SOLAR
01tVT000002oVInYAM,SOLAR LIGHT,LAMPARA SOLAR DE PISO
01tVT000002oVXJYA2,SOLAR STONELIKE DECK LIGHT,LAMPARA SOLAR DE PISO
01tVT000002oVgzYAE,SOLAR LIGHT,LAMPARA SOLAR
01tVT000002oW5BYAU,SOLAR LIGHT,LAMPARA SOLAR
01tVT000002oWErYAM,SOLAR LANTERN,LAMPARA SOLAR
01tVT000002oWUzYAM,SMALL BUDDHARUPA SOLAR LIGHT,LAMPARA SOLAR BUDA CON LED
01tVT000002oWgHYAU,SOLAR ACRYLIC BUIB STRING LIGHTS,SERIE DE LUZ SOLAR
01tVT000002oX1FYAU,10PK SOLAR STRING LIGHT,SERIE DE LUZ SOLAR
01tVT000002oXUHYA2,10PK WHITE MUSHROOM STRING LIGHTS,LAMPARA SOLAR
01tVT000002oXinYAE,S/5 SOLAR OVAL BALL STRING LIGHTS,LAMPARA SOLAR
01tVT000002oXu5YAE,SOLAR ANGEL & CROSS LIGHT,LAMPARA SOLAR
01tVT000002pEuEYAU,ADJUSTABLE COFFE TABLE,MESA CENTRO AJUSTABLE
01tVT000002pGO9YAM,Kitchen Trolley,CARRITO ORGANIZADOR COCINA 3 NIVELES
01tVT000002vY0bYAE,Solar light,LAMPARA SOLAR BOMBILLA
01tVT000002vYDVYA2,Solar Garden Light,LAMPARA SOLAR PARA JARDIN
01tVT000002vYtRYAU,OFFICE CHAIR,SILLA ORDENADOR MESH
01tVT000002w8NSYAY,"18""""electric fireplace with mantel",CHIMENEA ELECTRICA CALENTADOR CON FUEGO LED Y REPISA 120V
01tVT000002w9L7YAI,36'' Wall mounted Electric fireplace,CHIMENEA DE PARED ELECTRICA CALENTADOR CON FUEGO LED 120V
01tVT000002wBOXYA2,42'' Wall mounted Electric fireplac,CHIMENEA DE PARED ELECTRICA CALENTADOR CON FUEGO LED 120V
01tVT000002wBbRYAU,"37"" Wall Mounted Fireplace",CHIMENEA DE PARED ELECTRICA CALENTADOR CON FUEGO LED 120V
01tVT000002wBpxYAE,"30"" built in/or Wall Mounted Electric Fireplace",CHIMENEA DE PARED ELECTRICA CALENTADOR CON FUEGO LED 120V
01tVT000002wC4TYAU,"40"" built in or Wall Mounted Electric Fireplace",CHIMENEA DE PARED ELECTRICA CALENTADOR CON FUEGO LED 120V
01tVT000002wCCXYA2,"50"" built in or Wall Mounted Electric Fireplace",CHIMENEA DE PARED ELECTRICA CALENTADOR CON FUEGO LED 120V
01tVT000002wCIzYAM,electric fireplace with mantel,CHIMENEA ELECTRICA CALENTADOR CON FUEGO LED Y REPISA 120V
01tVT000002wCinYAE,"18""""electric fireplace with mantel",CHIMENEA ELECTRICA CALENTADOR CON FUEGO LED Y REPISA 120V
01tVT000002wDLVYA2,"23""""electric fireplace with mantel",CHIMENEA ELECTRICA CALENTADOR CON FUEGO LED Y REPISA 120V
01tVT000002wDWoYAM,ROCKING CHAIR,SILLON MECEDORA CON COJIN
01tVT000002wDYPYA2,"18"""" electric fireplace with mantel",CHIMENEA ELECTRICA CALENTADOR CON FUEGO LED Y REPISA 120V
01tVT000002wDgTYAU,electric fireplace with mantel,CHIMENEA ELECTRICA CALENTADOR CON FUEGO LED Y REPISA 120V
01tVT000002wDgVYAU,STEEL GARDEN PARASOL DOUBLE SIDE,SOMBRILLA DE JARDÍN DE ACERO DE DOBLE CARA
01tVT000002wESsYAM,SOFA SET,CONJUNTO DE SOFÁS
01tVT000002wFQYYA2,JULIE Dining Set with Square 88 Table (5pcs),SET COMEDOR 5 PIEZAS
01tVT000002wH7NYAU,DINING SET,SET COMEDOR 7 PIEZAS
01tVT000002wHVZYA2,4pcs conversation set,SALA DE PATIO METALICA 4 PIEZAS
01tVT000002wI0DYAU,14KGS RESIN BASE FOR CENTER POLE GARDEN PARASOL,BASE SOMBRILLA RESINA 14KG
01tVT000002wIEjYAM,22L SQUARE WATER BASE   WITH PLASTIC UMBRELLA HOLDER,BASE SOMBRILLA HDPE 22L
01tVT000002wIOPYA2,4 PIECES SOFA SET WITH CUSHION,SET BISTRO WICKER 4 PIEZAS CON COJINES
01tVT000002wIY5YAM,17L Round water base with steel umbrella holder,BASE SOMBRILLA 17L HDPE
01tVT000002wIoDYAU,1.8M X1.8M PORTABLE POP UP GAZEBO,GAZEBO CUADRADO PORTATIL POP UP
01tVT000002wJ4LYAU,STEEL ROUND PE RATTAN SOFA SET,SALA DE PATIO RATAN 4 PIEZAS
01tVT000002wJtxYAE,LOVE SEAT SOFA KD,SILLON DOBLE METALICA CON MESA AUXILIAR Y COJINES
01tVT000002wMOnYAM,OUTDOOR LEISURE CHAIR,COLUMPIO COLGANTE ACOLCHADO
01tVT000002wMVGYA2,OUTDOOR LEISURE CHAIR,COLUMPIO COLGANTE ACOLCHADO
01tVT000002wMv3YAE,OUTDOOR HANGING CHAIRS,COLUMPIO COLGANTE ACOLCHADO
01tVT000002y7jqYAA,ADJUSTABLE BEACH LOUNGER WITH CUSHION,TUMBONA PLAYA AJUSTABLE CON COJIN
01tVT000002yCefYAE,FLOW SOFA,SALA DE PATIO METALICA
01tVT000002yEDRYA2,DAYBED,SOFA REDONDO CON PUFS
01tVT000002ymVGYAY,BISTRO SET 3 PIECES WITH CUSHION,SET BISTRO ACACIA CON COJINES
01tVT000002yn7xYAA,GARDEN SET 4 PIECES,SALA DE PATIO ACACIA 4 PIEZAS
01tVT000002ynmHYAQ,GARDEN SET 4 PIECES,SALA DE PATIO ACACIA 4 PIEZAS
01tVT000002yoC5YAI,2.4M PUSH UP TOP ROOF PARASOL,SOMBRILLA JARDIN PUSH UP 8 RIBS
01tVT000002yoK9YAI,GARDEN SET 5 PIECES,SALA DE PATIO ACACIA 5 PIEZAS
01tVT000002yoQbYAI,STEEL GARDEN PARASOL 3.5M,"SOMBRILLA DE JARDÍN DE ACERO DE 3,5 M"
01tVT000002yoiLYAQ,SQUARE CANTILEVER PARASOL,SOMBRILLA JARDIN LATERAL CON BASE EN CRUZ (BLOQUES NO INCLUIDOS)
01tVT000002yoyTYAQ,CHARCOAL + GAS GRILL,ASADOR GAS RECTANGULAR CON MESAS LATERALES Y RUEDAS
01tVT000002yp1hYAA,BISTRO SET,SET BISTRO ACACIA CON COJINES
01tVT000002ypBNYAY,TROLLEY GAS GRILL,ASADOR GAS RECTANGULAR CON MESA LATERAL Y RUEDAS
01tVT000002ypPtYAI,GARDEN SET 4 PIECES,SALA DE PATIO ACACIA 4 PIEZAS
01tVT000002yxC9YAI,SOFA BED,SOFA CAMA
01tVT000002zSW5YAM,FUNCTIONAL DAY BED,CAMA FUNCIONAL CON COJINES
01tVT000002zav5YAA,4 pcs in 1 set: 3 seats sofa+ 2 single sofa+coffee table,SALA DE PATIO METALICA 4 PIEZAS CON COJINES
01tVT000002zd06YAA,SOFA SET 4 PCS,SALA DE PATIO WICKER CON COJINES 4 PIEZAS
01tVT000002zdJRYAY,4PCS IN 1 SET,SALA DE PATIO METALICA 4 PIEZAS CON COJINES
01tVT000002zdg1YAA,SOFA SET 4 PCS,SALA DE PATIO METALICA CON COJINES 4 PIEZAS
01tVT000002zdksYAA,GAZEBO,GAZEBO CUADRADO CON CORTINAS Y LUZ
01tVT000002zdrJYAQ,SOFA SET 4 PCS,SALA DE PATIO CON COJINES 4 PIEZAS
01tVT000002ze5pYAA,7PCS IN 1 SET,SET COMEDOR ALUMINUM 7 PIEZAS CON COJINES
01tVT000002zeXFYAY,SOFA SET 6 PCS,SALA DE PATIO METALICA CON COJINES 6 PIEZAS
01tVT000002zec5YAA,GAZEBO,GAZEBO CUADRADO TOLDO RETRACTIL
01tVT000002zec6YAA,GAZOBO SWING,"GAZEBO RECTANGULAR CON COLUMPIO, MOSQUITERA Y COJINES"
01tVT000002zellYAA,GAZEBO,GAZEBO RECTANGULAR CON MOSQUITERA Y CORTINAS
01tVT000002zenOYAQ,GAZEBO,GAZEBO CUADRADO POP UP CON CORTINAS
01tVT000002zfEnYAI,SWING,COLUMPIO BALANCIN TRIPLE CON COJINES
01tVT000002zfl3YAA,GAZEBO,GAZEBO CUADRADO POP UP CON 4 PAREDES
01tVT000002zhV7YAI,LEISURE SWING,COLUMPIO BALANCIN ACACIA
01tVT000002zt02YAA,SOFA BED,SOFA CAMA
01tVT0000030CAjYAM,BISTRO SET 3 PCS,SET BISTRO ALUMINIO 3 PIEZAS
01tVT0000030DA2YAM,MULTIPLE FUNCTION SET,SET JARDIN CON COJINES CONVERTIBLE TUMBONA ACACIA
01tVT0000030JybYAE,RECTANGLE GAS GRILL,ASADOR GAS RECTANGULAR
01tVT0000030LYzYAM,POP UP CANOPY,GAZEBO CUADRADO POP UP
01tVT0000030LfRYAU,BISTRO SET 3 PCS,SET BISTRO METALICO 3 PIEZAS
01tVT0000030LvZYAU,SWIVEL CHAIR,SILLA GIRATORIO ALUMINIO
01tVT0000030vpNYAQ,WALL MOUNTED  ELECTRIC FIREPLACE HEATER: 127V/60HZ 1500W,CHIMENEA DE PARED ELECTRICA CALENTADOR CON FUEGO LED 127V
01tVT0000030wALYAY,DESK TYPE ELECTRIC FIREPLACE HEATER: 127V/60HZ 1500W,CHIMENEA DE PARED ELECTRICA CALENTADOR CON FUEGO LED 127V
01tVT0000030wQTYAY,DESK TYPE ELECTRIC FIREPLACE HEATER: 127V/60HZ 1500W,CHIMENEA DE PARED ELECTRICA CALENTADOR CON FUEGO LED 127V
01tVT0000030wn3YAA,STAND STYLE ELECTRIC FIREPLACE HEATER: 127V/60HZ 1500W,CALENTADOR FUEGO LED 127V
01tVT0000030xkjYAA,"STAND STYLE ELECTRIC FIREPLACE HEATER: 127V/60HZ,1500W",CALENTADOR FUEGO LED 127V
01tVT0000030y7JYAQ,WALL-MOUNTD/INSETER FIREPLACE HEATER 127V/60HZ 1500W,CHIMENEA DE PARED ELECTRICA CALENTADOR CON FUEGO LED 127V
01tVT00000314r4YAA,PP CHAIR,SILLA COMEDOR PP NEGRA
01tVT00000315QXYAY,METAL CHAIR,SILLA METALICA
01tVT00000315lVYAQ,METAL CHAIR,SILLA METALICA
01tVT00000315qLYAQ,PP CHAIR OUTDOOR,SILLA COMEDOR PP
01tVT0000031601YAA,METAL BENCH,BANCO METALICO
01tVT00000316T3YAI,METAL BENCH,BANCO METALICO
01tVT00000316WHYAY,PP CHAIR,SILLA COMEDOR PP
01tVT00000316rFYAQ,PP LOUNGE CHAIR,BANCO JARDIN PP
01tVT000003174AYAQ,PP TABLE,MESA JARDIN RECTANGULAR PP
01tVT000003334UYAQ,METAL CHAIR,SILLA METALICA
01tVT00000335izYAA,METAL TABLE,MESA JARDIN METALICO
01tVT0000033dMTYAY,STAND STYLE ELECTRIC FIREPLACE HEATER,CALENTADOR FUEGO LED 127V/60HZ 1500W
01tVT0000033dazYAA,STOVE FIREPLACE HEATER,CALENTADOR FUEGO LED 127V/60HZ 1500W
01tVT0000033dntYAA,STAND STYLE ELECTRIC FIREPLACE HEATER,CALENTADOR FUEGO LED 127V/60HZ 1500W
01tVT0000033eATYAY,TEXTURED BLACK FINISH 127V/60HZ 1500W,CALENTADOR FUEGO LED 127V/60HZ 1500W
01tVT0000033ewsYAA,ACACIA SOFA SET 4 PIECES,JUEGO DE SOFÁS PARA EXTERIOR DE ACACIA DE 4 PIEZAS
01tVT0000033h6jYAA,ACACIA SOFA SET 4 PIECES,JUEGO DE SOFÁS PARA EXTERIOR DE ACACIA DE 4 PIEZAS
01tVT0000033hgEYAQ,FLORIDA SOFA MODULAR,SALA DE PATIO ESQUINA ACACIA 6 PIEZAS CON COJINES
01tVT0000033iNmYAI,3PCS BISTRO SET,SET BISTRO METALICO 3 PIEZAS
01tVT0000033jy9YAA,ELISA 5PCS DINING SET,SET COMEDOR ACACIA 5 PIEZAS
01tVT0000033kCfYAI,ACACIA AND PE RATTAN DINING SET 5 PIECES,JUEGO DE COMEDOR PARA EXTERIOR DE 5 PIEZAS DE MADERA DE ACACIA Y RATÁN PE
01tVT0000033kJ7YAI,OUTDOOR LEISURE CHAIRS,COLUMPIO COLGANTE ACOLCHADO
01tVT0000033kvpYAA,6PCS PATIO SET,SET COMEDOR METALICO 6 PIEZAS
01tVT0000033l0fYAA,OUTDOOR HANGING CHAIRS,COLUMPIO COLGANTE ACOLCHADO
01tVT0000033lDZYAY,6PCS PATIO SET,SET COMEDOR METALICO 6 PIEZAS
01tVT0000033lS5YAI,8PCS PATIO SET,SET COMEDOR METALICO 8 PIEZAS
01tVT0000033lWwYAI,STEEL LOUNGER,TUMBONA PLAYA METALICA
01tVT0000033ljpYAA,3PCS BISTRO SET,SET BISTRO METALICO 3 PIEZAS
01tVT0000033m4nYAA,OUTDOOR HANGING CHAIRS,COLUMPIO COLGANTE ACOLCHADO
01tVT0000033mBFYAY,5PCS KID´S SET,SET INFANTIL 5 PIEZAS METALICO
01tVT0000033mXpYAI,OUTDOOR HANGING CHAIRS,COLUMPIO COLGANTE ACOLCHADO
01tVT0000033mj7YAA,KD STEEL LOUNGER,TUMBONA PLAYA METALICA
01tVT0000033n45YAA,4PCS CONVERSATION SET,SALA DE PATIO METALICA 4 PIEZAS
01tVT0000033nDlYAI,OUTDOOR HANGING CHAIRS,COLUMPIO COLGANTE ACOLCHADO
01tVT0000033nIbYAI,6PCS PATIO SET,SET COMEDOR METALICO 6 PIEZAS
01tVT0000033nVVYAY,OUTDOOR HANGING CHAIRS,COLUMPIO COLGANTE ACOLCHADO
01tVT0000033pAkYAI,METAL BENCH,BANCO METALICO
01tVT0000034JjxYAE,HANGING PLANTER HOLDER,ESTANTERIA DE PLANTADOR COLGADA
01tVT0000034KL0YAM,STANDING CHAIR,SILLA HUEVO ROTA
01tVT0000034MWTYA2,METAL BENCH,BANCO METALICO
01tVT0000034McwYAE,PLANTER STAND,ESTANTERIA DE PLANTADOR
01tVT0000034MhlYAE,METAL BENCH,BANCO METALICO
01tVT0000034Ml0YAE,PLANTER STAND,ESTANTERIA DE PLANTADOR
01tVT0000034N9BYAU,OUTDOOR HANGING CHAIRS,COLUMPIO COLGANTE ACOLCHADO
01tVT0000034NQvYAM,STANDING CHAIR,SILLA HUEVO ROTA
01tVT0000034NaeYAE,1.6M.CLASSIC BEACH PARASOL,SOMBRILLA PLAYA
01tVT0000034Nh3YAE,STANDING CHAIR,SILLA HUEVO ROTA
01tVT0000034NtyYAE,SET 3 PCS PLANTER STAND,SET 3 PIEZAS ESTANTERIA DE PLANTADOR
01tVT0000034OEvYAM,OUTDOOR HANGING CHAIRS,COLUMPIO COLGANTE ACOLCHADO
01tVT0000034OQDYA2,1.2M.CLIP PARASOL,SOMBRILLA PLAYA PORTATIL
01tVT0000034OZtYAM,PLANTER STAND,ESTANTERIA DE PLANTADOR
01tVT0000034ObVYAU,OUTDOOR HANGING CHAIRS,COLUMPIO COLGANTE
01tVT0000034OwUYAU,1.8M.DESIGNED BEACH PARASOL,SOMBRILLA PLAYA
01tVT0000034P2wYAE,OUTDOOR HANGING CHAIRS,COLUMPIO COLGANTE ACOLCHADO
01tVT0000034Pu9YAE,OUTDOOR HANGING CHAIRS,COLUMPIO COLGANTE ACOLCHADO
01tVT0000034PyzYAE,SET 3 PCS PLANTER STAND,SET 3 PIEZAS ESTANTERIA DE PLANTADOR
01tVT0000034QevYAE,DOUBLE SWING,COLUMPIO COLGANTE ACOLCHADO
01tVT0000034RMTYA2,KD SWIVEL CHAIR,SILLA GIRATORIA HUEVO
01tVT0000034UQnYAM,1.8M.PREMIUM FRUIT SUN PARASOL,SOMBRILLA PLAYA
01tVT0000034UgvYAE,1.8M.PORTABLE TRAVEL PARASOL,SOMBRILLA PLAYA PORTATIL
01tVT0000034UnNYAU,METAL CORNERSHELF,ESTANTERIA METALICA ESQUINA 3 BALDAS
01tVT0000034V0IYAU,METAL SHELF,ESTANTERIA METALICA 4 BALDAS
01tVT0000034VEnYAM,2.1M.FLOWER PARASOL PULS,SOMBRILLA PLAYA
01tVT0000034VTJYA2,2.1M. PARASOL WITH SUNSHIELD,PARAVIENTOS SOMBRILLA PLAYA
01tVT0000034VzZYAU,2.25M.TNT JUMBO PARASOL,SOMBRILLA PLAYA
01tVT0000034W9FYAU,2.25M.OXFORD JUMBO PARASOL,SOMBRILLA PLAYA
01tVT0000034Wh7YAE,STEEL GARDEN PARASOL 2.0M,"SOMBRILLA DE JARDÍN DE ACERO 2,0 M"
01tVT0000034WyrYAE,DINING SOFA SET 4PCS,SALA DE PATIO WICKER 4 PIEZAS CON COJIN
01tVT0000034X5KYAU,2M HAWAII BEACH PARASOL,SOMBRILLA PLAYA IMITACION PLAYA
01tVT0000034X6vYAE,1.8M HAWAII BEACH PARASOL,SOMBRILLA PLAYA
01tVT0000034XOfYAM,SOFT SET 6 PCAS,SALA DE PATIO WICKER 6 PIEZAS CON COJIN
01tVT0000034Y2zYAE,DINING SOFA SET 4PCS,SALA DE PATIO WICKER 4 PIEZAS CON COJIN
01tVT0000034bXHYAY,2.2M OXFORD SPORT CABANA WITH POLE SUPPORT,CABANA PARASOL PLAYA
01tVT0000034f4XYAQ,2IN1 PARASOL&CABANA,CABANA PARASOL PLAYA
01tVT0000035DanYAE,4PCS MEDIUM LOUNGER SET WITH CUSHION,SALA DE PATIO WICKER 4 PIEZAS CON COJINES
01tVT0000035DsXYAU,SOFA SET 6 PCS,SALA DE PATIO WICKER 6 PIEZAS CON COJINES
01tVT0000035E5SYAU,HIGH SOFA SET 3 PCS,SALA DE PATIO WICKER 3 PIEZAS CON COJINES
01tVT0000035EIMYA2,CORNER BENCH 3 PCS,SALA DE PATIO WICKER 3 PIEZAS
01tVT0000035EOoYAM,2.1M x2.1M PORTABLE SUN SHELTER,GAZEBO PLAYA PROTECTOR SOLAR
01tVT0000035ES1YAM,CORNER  SOFA WITH WOOD LEG,SALA DE PATIO WICKER 3 PIEZAS
01tVT0000035F37YAE,SUN SHELTER,GAZEBO PLAYA PROTECTOR SOLAR
01tVT0000035F4jYAE,L CORNER SOFA,SALA DE PATIO WICKER 4 PIEZAS CON COJINES
01tVT0000035FKrYAM,3M X 3M PORTABLE SUN SHELTER,GAZEBO PLAYA PROTECTOR SOLAR
01tVT0000035FpWYAU,STEEL ANCHOR FOR BEACH PARASOL,ANCLA METALICA PARA SOMBRILLA PLAYA
01tVT0000035FsjYAE,DINING SET 5 PCS,SALA DE PATIO WICKER 5 PIEZAS CON COJINES
01tVT0000035GQbYAM,6.5FT*7FT(200CM X 210CM) LIGHTWEIGHT PORTABLE BEACH BLANKET,MANTA PLAYA PORTATIL
01tVT0000035GqPYAU,PLASTIC HOOK ON BEACH PARASOL,GANCHO PLASTICO PARA SOMBRILLA PLAYA
01tVT0000035GtdYAE,HIGH SOFA SET 3 PCS,SALA DE PATIO WICKER 3 PIEZAS CON COJINES
01tVT0000035H3JYAU,PLASTIC ANCHOR FOR BEACH PARASOL,ANCLA PLASTICA PARA SOMBRILLA PLAYA
01tVT0000035HJRYA2,CORNER SOFA 4 PCS,SALA DE PATIO ACACIA 4 PIEZAS CON COJINES
01tVT0000035HUjYAM,2.2M 16RIBS GARDEN PARASOL,SOMBRILLA JARDIN 16 RIBS PUSH UP
01tVT0000035HjFYAU,STEEL GARDEN PARASOL 2.4M,"SOMBRILLA DE JARDÍN DE ACERO DE 2,4 M"
01tVT0000035Hw9YAE,2MX1.5M BASIC SQUARE PARASOL,SOMBRILLA JARDIN RECTANGULAR 4 RIBS PUSH UP
01tVT0000035HxoYAE,ASHVILLE WICKER PATIO SET 4 PCS,SALA DE PATIO WICKER 4 PIEZAS CON COJIN
01tVT0000035I93YAE,2MX1.3M RETANGLE PARASOL,SOMBRILLA JARDIN RECTANGULAR 10 RIBS PUSH UP
01tVT0000035IPBYA2,2.7M TOP ROOF SCALLOPED PARASOL,SOMBRILLA JARDIN FESTONEADO 8 RIBS CON TECHO DOBLE
01tVT0000035Ic5YAE,2.7M SCALLOPED GARDEN PARASOL,SOMBRILLA JARDIN FESTONEADO 6 RIBS
01tVT0000035IiXYAU,STEEL GARDEN PARASOL 2.7M,"SOMBRILLA DE JARDÍN DE ACERO DE 2,7 M"
01tVT0000035J8MYAU,SOFA SET 4 PCS,SALA DE PATIO WICKER 4 PIEZAS CON COJIN
01tVT0000035KcHYAU,RECTANGLE CRANKED GARDEN PARASOL,SOMBRILLA JARDIN RECTANGULAR 6 RIBS
01tVT0000035KpBYAU,LOVE SEAT NEW,SALA DE PATIO WICKER CON COJIN
01tVT0000035LA9YAM,4 PCS SOFA SET WITH CUSHION,SALA DE PATIO WICKER 4 PIEZAS CON COJIN
01tVT0000035OO9YAM,LED GARDEN PARASOL 2M x 3M,SOMBRILLA DE JARDÍN LED 2M x 3M
01tVT0000035OnyYAE,3M CANTILEVERL LED PARASOL,SOMBRILLA JARDIN LATERAL CON BASE EN CRUZ Y LUZ LED (BLOQUES NO INCLUIDOS)
01tVT0000035OuQYAU,LED GARDEN PARASOL 2.7M,"SOMBRILLA PARA JARDÍN DE HIELO 2,7 M"
01tVT0000035QplYAE,SOFA SET KD 5 PCS,SALA DE PATIO WICKER 5 PIEZAS CON COJINES
01tVT0000035QzRYAU,2.7M CAROUSEL PARASOL,SOMBRILLA JARDIN TIOVIVO 16 RIBS
01tVT0000035RM1YAM,STEEL GARDEN PARASOL 2.7M,"SOMBRILLA DE JARDÍN DE ACERO DE 2,7 M"
01tVT0000035RfNYAU,LED GARDEN PARASOL 2.7M,"SOMBRILLA PARA JARDÍN DE HIELO 2,7 M"
01tVT0000035Rp3YAE,STEEL GARDEN PARASOL 3.0M,"SOMBRILLA DE JARDÍN DE ACERO DE 3,0 M"
01tVT0000035SOXYA2,Round Outdoor Umbrella Mosquito Netting Screen Mesh,MESH MOSQUITERA REDONDA PARA SOMBRILLA JARDIN
01tVT0000035SoLYAU,Square Outdoor Umbrella gazebo Mosquito Netting Screen Mesh,MESH MOSQUITERA CUADRADA PARA SOMBRILLA JARDIN
01tVT0000035T65YAE,STEEL 4 FEET CROSS BASE,BASE SOMBRILLA EN CRUZ METALICA
01tVT0000035TFlYAM,STEEL 4 FEET CROSS BASE,BASE SOMBRILLA EN CRUZ METALICA
01tVT0000035TFnYAM,4-in-1 HEAVY SUPPORTS FOR CANTILEVER PARASOL,BASE SOMBRILLA HDPE
01tVT0000035TSfYAM,19KGS RESIN BASE FOR CENTER POLE GARDEN PARASOL,BASE SOMBRILLA HDPE 19KG
01tVT0000035TZ8YAM,LED LIGHT FOR CENTRE POLE PARASOL,LUZ LED PARA COLUMNA DE SOMBRILLA JARDIN
01tVT0000035Tm1YAE,15KGS RESIN BASE FOR HALF PARASOL,BASE SOMBRILLA HDPE 15KG
01tVT0000035U0XYAU,15L HEAVY SUPPORTS FOR CANTILEVER PARASOL,BASE SOMBRILLA HDPE 15L
01tVT0000035UGfYAM,13L HEAVY SUPPORTS FOR CANTILEVER PARASOL,BASE SOMBRILLA HDPE 13L
01tVT0000035UrlYAE,REMOTE CONTROL TWO-COLOR PARASOL LAMP,LUZ LED 2-COLOR CONTROL REMOTO PARA SOMBRILLA JARDIN
01tVT0000035V7tYAE,UMBRELLA HOLDER CLAMP,APOYADERO PARA SOMBRILLA JARDIN
01tVT00000360N1YAI,POP UP BEACH TENT FOR KIDS WITH POOL,TIENDA DE PLAYA INFANTIL POP UP CON PISCINA
01tVT00000361VxYAI,2.4MX2.4M NET WALLED GAZEBO,GAZEBO CUADRADO CON MOSQUITERA
01tVT00000361m6YAA,ONE BUTTON BEACH TENT,TIENDA DE PLAYA 1 BOTON
01tVT00000361qvYAA,POP UP BEACH TENT FOR KIDS,TIENDA DE PLAYA INFANTIL POP UP
01tVT0000036274YAA,SHADE SAIL 3MX3M,GAZEBO CUADRADO PORTATIL PROTECTOR SOLAR
01tVT00000362DWYAY,2-4PERSON INSTANT TENT,TIENDA DE PLAYA INSTANTE
01tVT00000362a5YAA,POP UP BEACH TENT FOR 2-4 ADULTS,TIENDA DE PLAYA POP UP
01tVT00000363KrYAI,2 PERSON DOME TENT,TIENDA DE CAMPAÑA DOMO
01tVT00000363eDYAQ,4 PERSON INSTANT CAMPING TENT,TIENDA DE CAMPAÑA INSTANTE
01tVT00000363sjYAA,SHADE SAIL 4.4MX4.4M,GAZEBO CUADRADO PORTATIL PROTECTOR SOLAR
01tVT000003642PYAQ,1-2 PERSON 2 LAYER CAMPING TENT,TIENDA DE CAMPAÑA DOBLE CAPAS
01tVT000003648rYAA,3-4 PERSON 2 LAYER CAMPING TENT,TIENDA DE CAMPAÑA DOBLE CAPAS
01tVT00000364qPYAQ,GAZEBO,GAZEBO RECTANGULAR POP UP CON 4 PAREDES Y VENTANAS
01tVT00000366AfYAI,CUBE 1+2,SET COMEDOR 3 PIEZAS AHORRA ESPACIO WICKER CON COJIN
01tVT0000036BX0YAM,DINING SET,SET COMEDOR EUCALIPTO 3 PIEZAS
01tVT0000036CHjYAM,BALCONY SET 3 PCS SET,CONJUNTO DE SOFÁS MULTIFUNCIONAL
01tVT0000036FU8YAM,CAMPNG FOLDING TABLE SET,SET DE MESA PLEGABLE CAMPNG
01tVT0000036LJPYA2,RELAX SET,SET BISTRO 3 PIEZAS CON COJIN
01tVT0000036SKsYAM,3 PCS DINING SET,SET COMEDOR EUCALIPTO 3 PIEZAS
01tVT0000038Xt7YAE,SIDE FOLDABLE BENCH,BANCO JARDIN CONVERTIBLE TUMBONA PLEGABLE LATERAL
01tVT0000038dNSYAY,5 PIECES WICKER SET WITH CUSHION,SET BISTRO WICKER 5 PIEZAS CON COJINES
01tVT0000038fdmYAA,ALUMINUM DIGITAL CONVENTOR HEATER,RADIADOR LIBRE ACEITE ALUMINIO 127V 2000W DISPLAY LCD CON PANTALLA TACTIL Y RUEDAS
01tVT0000038h1FYAQ,SQUARE 4S NEW SET,SET COMEDOR 5 PIEZAS
01tVT0000038hR4YAI,BALCONY CUBE 2-2,SET COMEDOR 3 PIEZAS
01tVT0000038iTZYAY,CHELTENHAM 4-SEAT SET,SET COMEDOR 5 PIEZAS
01tVT0000038itNYAQ,DINING TABLE SET(4 SEATER) WITH ACACIA TABLETOP WITH WOOD ARMREST,SET COMEDOR 5 PIEZAS
01tVT0000038itPYAQ,OIL HEATER,RADIADOR ACEITE 127V 1500W CON RUEDAS
01tVT0000038jZJYAY,PTC CERAMIC FAN HEATER,CALENTADOR SOBREMESA PTC 127V 1000W/1800W
01tVT0000038k7BYAQ,OIL HEATER,RADIADOR ACEITE 127V 1000W-2500W DISPLAY LCD CON PANTALLA TACTIL Y RUEDAS
01tVT0000038kS9YAI,OIL HEATER,RADIADOR ACEITE 127V 1500W CON RUEDAS
01tVT0000038kgfYAA,OIL HEATER,RADIADOR ACEITE 127V 1500W CON RUEDAS
01tVT0000038lZVYAY,TABLETOP HEATER 127V 1000W/2000W,CALENTADOR SOBREMESA 127V 1000W/2000W
01tVT0000038lsrYAA,TABLETOP HEATER 127V 1000W/2000W,CALENTADOR SOBREMESA 127V 1000W/2000W
01tVT0000039cE3YAI,PANEL HEATER,CALENTADOR PISO 127V 1000W/2000W DISPLAY LCD CON PANTALLA TACTIL Y CONTROL REMOTO
01tVT0000039eirYAA,PANEL HEATER,CALENTADOR PISO / PARED 127V 750W/1250W/2000W
01tVT0000039iEbYAI,PANEL HEATER,CALENTADOR PISO / PARED 127V 500W/1000W CON RUEDAS
01tVT0000039iZZYAY,conventor heater,CALENTADOR PISO / PARED 127V 750W/1500W CON RUEDAS
01tVT0000039io5YAA,CONVENTOR HEATER,CALENTADOR PISO / PARED 127V 1000W/2000W CON RUEDAS
01tVT0000039ixlYAA,CONVENTOR HEATER,CALENTADOR PISO / PARED 127V 1000W/2000W
01tVT0000039jYrYAI,FLOOR HEATER WITH HANDLE 127V 400W/800W/1200W,CALENTADOR PISO CON MANGO 127V 400W/800W/1200W
01tVT0000039lZ3YAI,SOFA BED,SOFA CAMA
01tVT0000039lkLYAQ,SOFA BED,SOFA CAMA
01tVT0000039lu1YAA,SOFA BED,SOFA CAMA
01tVT0000039m25YAA,SOFA BED,SOFA CAMA
01tVT000003EF77YAG,FOLDING ICE BUCKET,HIELERA CAMPING PLEGABLE PVC
01tVT000003EFGnYAO,FOLDING CAMPING STOOL WITH FRIDGE,TABURETE PLEGABLE CAMPING CON NEVERA
01tVT000003EFNFYA4,FOLDING CAMPING STOOL,TABURETE PLEGABLE CAMPING CON NEVERA
01tVT000003EFgbYAG,BISTRO SET,SET BISTRO PLEGABLE CAMPING CON SOMBRILLA
01tVT000003EI9pYAG,FOLDING CAMPING CHAIR,SILLA PLEGABLE CAMPING CON TECHO
01tVT000003EJ2fYAG,FOLDING CAMPING CHAIR,SILLA PLEGABLE CAMPING CON BOLSA
01tVT000003EJNeYAO,FOLDING CHAIR,SILLA PLEGABLE PP
01tVT000003EJsHYAW,FOLDING CAMPING CHAIR,SILLA PLEGABLE CAMPING CON BOLSA
01tVT000003EKl7YAG,FOLDING CAMPING CHAIR,SILLA PLEGABLE CAMPING 2 PLAZAS CON BOLSA
01tVT000003ELAvYAO,FOLDING CAMPING CHAIR,SILLA PLEGABLE INFANTIL CAMPING CON BOLSA
01tVT000003ELR3YAO,FOLDABLE CAMPING BISTRO SET WITH BAGS,SET BISTRO PLEGABLE CAMPING CON BOLSAS
01tVT000003ENSrYAO,BEACH CHAIR,SILLA PLAYA
01tVT000003ExPuYAK,RECTANGULAR CHARCOAL GRILL WITH SIDE TABLE,ASADOR CARBON RECTANGULAR CON MESA LATERAL
01tVT000003EygvYAC,BEACH CHAIR,SILLA PLAYA
01tVT000003EyqbYAC,BEACH CHAIR,SILLA PLAYA
01tVT000003Ez1tYAC,BEACH CHAIR,SILLA PLAYA
01tVT000003Ez3WYAS,BEACH CHAIR,SILLA PLAYA
01tVT000003EzBZYA0,BEACH CHAIR,SILLA PLAYA
01tVT000003EzEnYAK,BEACH CHAIR,SILLA PLAYA
01tVT000003F18YYAS,PORTABLE CHARCOAL GRILL,ASADOR CARBON PORTATIL
01tVT000003F1YLYA0,PORTABLE CHARCOAL GRILL,ASADOR CARBON PORTATIL
01tVT000003F1jdYAC,OUTDOOR FOLDING CAMPING BED,CATRE CAMPING PLEGABLE AL AIRE LIBRE
01tVT000003F1oTYAS,PORTABLE CHARCOAL GRILL,ASADOR CARBON PORTATIL
01tVT000003F1y9YAC,BEACH CHAIR,SILLA PLAYA
01tVT000003F2HVYA0,FOLDING CAMPING CHAIR WITH SIDE TABLE,SILLA PLEGABLE CAMPING CON MESA LATERAL
01tVT000003F5ldYAC,RECTANGULAR CHARCOAL GRILL,ASADOR CARBON RECTANGULAR
01tVT000003F64zYAC,PORTABLE CHARCOAL GRILL,ASADOR CARBON PORTATIL
01tVT000003F6OLYA0,RECTANGULAR CHARCOAL GRILL WITH SIDE TABLE,ASADOR CARBON RECTANGULAR CON MESA LATERAL
01tVT000003F6q3YAC,TRIPLE CHAIR,SILLA PLEGABLE CAMPING TRIANGULO
01tVT000003F799YAC,FIRE PIT,POZO DE FUEGO
01tVT000003F7DxYAK,ADULT MOON CHAIR,SILLON LUNA PLEGABLE TERCIOPELO
01tVT000003F7HBYA0,FIRE PIT,POZO DE FUEGO
01tVT000003F7STYA0,FIRE PIT,POZO DE FUEGO
01tVT000003F7dlYAC,LOUNGE CHAIR,SILLA PLEGABLE CAMPING
01tVT000003F7tuYAC,KIDS MOON CHAIR,SILLON LUNA PLEGABLE INFANTIL TERCIOPELO
01tVT000003F8d3YAC,FIRE PIT,POZO DE FUEGO
01tVT000003F8pxYAC,BEACH CHAIR WITH MESH,SILLA PLAYA CON MALLA
01tVT000003F91FYAS,FIRE PIT,POZO DE FUEGO
01tVT000003F97hYAC,LOUNGE CHAIR,SILLA PLAYA
01tVT000003F9inYAC,BEACH SEAT,TUMBONA PLAYA METALICA
01tVT000003F9sTYAS,BEACH CHAIR,SILLA PLAYA
01tVT000003FAADYA4,KEMIT CHAIR,SILLA PLAYA
01tVT000003FAAEYA4,HIGH BACKREST CHAIR - CORIDO,SILLA ALUMINIO
01tVT000003FALVYA4,KEMIT CHAIR L,SILLA PLAYA
01tVT000003FAq9YAG,TRIPLE CHAIR,TABURETE PLEGABLE CAMPING TRIANGULO
01tVT000003FAzpYAG,CAMPING STOOL,SILLA PLEGABLE CAMPING CON BOLSA
01tVT000003FBEMYA4,CAMPING WAGON M,CARRITO TRANSPORTADOR PLEGABLE
01tVT000003FBHZYA4,ADJUSTABLE HIGH BACKREST CHAIR - MILANO,SILLA ALUMINIO
01tVT000003FBcXYAW,CAMPING WAGON S,CARRITO TRANSPORTADOR PLEGABLE
01tVT000003FBmDYAW,RELAX CHAIR (360 DEGREE ROTATE),SILLON GIRATORIO CON COJIN
01tVT000003FBr3YAG,CAMPING STOOL DOUBLE,CATRE CAMPING PLEGABLE AL AIRE LIBRE
01tVT000003FBz7YAG,CAMPING STOOL DOUBLE,CATRE CAMPING PLEGABLE AL AIRE LIBRE
01tVT000003FCAPYA4,CAMPING WAGON BEACH,CARRITO TRANSPORTADOR PLEGABLE
01tVT000003FCLhYAO,DIRECTOR CHAIR WITH COOLBAG,SILLA PLEGABLE CAMPING CON MESA LATERAL Y NEVERA
01tVT000003G1HnYAK,STONE FOUNTAIN + LED,FUENTE PIEDRA ACABADO PLASTICO CON LED
01tVT000003G290YAC,POT FOUNTAIN + LED,FUENTE ACABADO PLASTICO CON LED
01tVT000003G3GNYA0,BUDDHA FOUNTAIN + LED,FUENTE BUDA ACABADO PLASTICO CON LED
01tVT000003G3eXYAS,BAMBOO FOUNTAIN + LED,FUENTE ACABADO PLASTICO CON LED
01tVT000003G3gAYAS,POT FOUNTAIN + LED + BALL,FUENTE ACABADO PLASTICO CON LED
01tVT000003G3ppYAC,POT FOUNTAIN + LED + BALL,FUENTE ACABADO PLASTICO CON LED
01tVT000003G4YzYAK,BEACH DAY LOUNGER,SILLA PLAYA TRANSFORMADOR CARRITO TRANSPORTADOR MULTIFUNCIONAL
01tVT000003G4ltYAC,BUDDHA FOUNTAIN + LED,FUENTE BUDA ACABADO PLASTICO CON LED
01tVT000003G521YAC,YUGA FOUNTAIN + LED,FUENTE YOGA ACABADO PLASTICO CON LED
01tVT000003G5N0YAK,ABSTRACT FOUNTAIN + LED,FUENTE ABSTRACTA CON LED
01tVT000003G5gLYAS,FOLDING CAMPING TRANSPORTER CART 2 LEVELS,CARRITO TRANSPORTADOR PLEGABLE CAMPING 2 NIVELES
01tVT000003G6cQYAS,POT FOUNTAIN + LED,FUENTE CON LED
01tVT000003G6kTYAS,ABSTRACT FOUNTAIN + LED,FUENTE ABSTRACTA CON LED
01tVT000003G70bYAC,FOLDING WAGON WITH BACK OPEN AND TABLE,CARRITO TRANSPORTADOR PLEGABLE CAMPING CON MESA
01tVT000003G773YAC,ABSTRACT FOUNTAIN + LED,FUENTE ABSTRACTA CON LED
01tVT000003G7F7YAK,FOLDING WAGON WITH COOLER,CARRITO TRANSPORTADOR PLEGABLE CAMPING CON NEVERA
01tVT000003G7TdYAK,ABSTRACT FOUNTAIN + LED,FUENTE ABSTRACTA CON LED
01tVT000003G7WrYAK,Folding Wagon With Coolor & Canopy,CARRITO TRANSPORTADOR PLEGABLE CAMPING CON NEVERA Y TECHO
01tVT000003G7dKYAS,POT FOUNTAIN + LED,FUENTE CON LED
01tVT000003G8vxYAC,BUDDHA  FOUNTAIN + LED,FUENTE BUDA CON LED
01tVT000003G9GvYAK,ABSTRACT FOUNTAIN + LED,FUENTE ABSTRACTA CON LED
01tVT000003G9jxYAC,Inflatable mattress,COLCHON INFLABLE
01tVT000003GA4vYAG,Single Inflatable mattress,COLCHON INFLABLE
01tVT000003GJplYAG,Double Inflatable mattress,COLCHON INFLABLE DOBLE
01tVT000003GKKPYA4,FOLDING CHAIR,SILLA PLAYA
01tVT000003GLUzYAO,LOUNGER CHAIR,TUMBONA PLAYA METALICA CON HUECO
01tVT000003GLl7YAG,LOUNGER CHAIR,TUMBONA PLAYA METALICA CON HUECO
01tVT000003HGhmYAG,BEACH CHAIR,SILLA DOBLE PLAYA
01tVT000003HH5zYAG,ROYAL GARDEN CHAIR,SILLA COMEDOR RATAN CON COJIN
01tVT000003HLkfYAG,GASLIFT ADJUSTABLE BARKREST & FOOTREST RELAX CHAIR,SILLA METALICA CON REPOSAPIES AJUSTABLE
01tVT000003HMOzYAO,BEACH CHAIR,SILLA DOBLE PLAYA
01tVT000003HMYfYAO,ADJUSTABLE HIGH BACKREST CHAIR (FOOTREST NOT ADJUSTABLE),SILLA WICKER CON RESPALDO AJUSTABLE
01tVT000003HMdVYAW,BEACH CHAIR,SILLA PLAYA
01tVT000003HP6jYAG,BEACH CHAIR,SILLA DOBLE PLAYA
01tVT000003HPUvYAO,BEACH CHAIR,SILLA PLAYA
01tVT000003HPd0YAG,SINGLE SUN LOUNGER WITH GASLIFT ADJUSTABLE BACKREST,TUMBONA PLAYA CON RESPALDO AJUSTABLE GASLIFT
01tVT000003HPl3YAG,BEACH CHAIR,SILLA DOBLE PLAYA CON TOLDO
01tVT000003HQ4PYAW,DOUBLE BEACH CHAIR SET,SET DE SILLA DOBLE PLAYA
01tVT000003HQijYAG,FIRE PIT,POZO DE FUEGO
01tVT000003HQvdYAG,FIRE PIT,POZO DE FUEGO
01tVT000003HRN3YAO,SINGLE SUNLOUNGER 1,TUMBONA PLAYA CON COJIN
01tVT000003HRZyYAO,FOLDABLE SINGLE SUN LOUNGER,TUMBONA PLAYA PLEGABLE CON COJIN
01tVT000003HRi1YAG,NEW SUNLOUNGER,TUMBONA PLAYA
01tVT000003HRlGYAW,DOUBLE SUNLOUNGER (WITHOUT COVER),TUMBONA PLAYA DOBLE CON COJIN
01tVT000003HRriYAG,GASLIFT BENCH SET,TUMBONA PLAYA DOBLE CON GASLIFT 2 PIEZAS
01tVT000003HTWvYAO,DOUBLE SUNLOUNGER ( WITH COVER),TUMBONA PLAYA DOBLE CON COJIN
01tVT000003Ieq6YAC,ELECTRONIC STRING LIGHT,SERIE DE LUZ ELECTRONICO
01tVT000003IiKDYA0,SOLAR STRING LIGHT,SERIE DE LUZ SOLAR
01tVT000003M32LYAS,"DESK FAN 7"", LI-ION 1200MAH","VENTILADOR DE ESCRITORIO DE 7"", BATERÍA DE IONES DE LITIO DE 1200 MAH"
01tVT000003M3wnYAC,"STAND FAN 18"", 3 IN 1","VENTILADOR DE PIE DE 18"", 3 EN 1"
01tVT000003M5CDYA0,"BOX FAN 20"", 5 BLADES","VENTILADOR DE CAJA DE 20"", 5 ASPAS"
01tVT000003M5P7YAK,"20"" BOX FAN","VENTILADOR SOBREMESA 20"" 80W 127V 3 VELOCIDADES CON CONTROL REMOTO"
01tVT000003M5fFYAS,"BOX FAN 20"", 5 BLADES","VENTILADOR DE CAJA DE 20"", 5 ASPAS"
01tVT000003M5vNYAS,"16"" ORBIT FAN","VENTILADOR TECHO 16"" 65W 127V 3 VELOCIDADES"
01tVT000003M6Q1YAK,"30"" TOWER FAN WITH REMOTE CONTROL","VENTILADOR TORRE 30"" 45W 127V 3 VELOCIDADES OSCILANTE CON CONTROL REMOTO"
01tVT000003M74LYAS,"36"" TOWER FAN WITH REMOTE CONTROL","VENTILADOR TORRE 36"" 45W 127V 3 VELOCIDADES OSCILANTE CON CONTROL REMOTO"
01tVT000003M7txYAC,"20"" FLOOR FAN","VENTILADOR PISO 20"" 120W 127V 3 VELOCIDADES"
01tVT000003M96BYAS,DINING SET,SET COMEDOR MDF + 4 SILLAS
01tVT000003MBmHYAW,KIDS SLIDE,TOBOGÁN GRANDE
01tVT000003MCNOYA4,KIDS PLAYHOUSE  & SLIDE,CENTRO DE JUEGOS GRANDE
01tVT000003MCgjYAG,5 PCS MDF DINING SET,SET COMEDOR MDF + 4 SILLAS
01tVT000003MConYAG,3-IN-1 KIDS SLIDE & SWING & BASKETBALL HOOP,CENTRO DE JUEGOS GRANDE
01tVT000003MDBNYA4,KIDS PLAYHOUSE,CASA DE MUNECAS
01tVT000003MDCzYAO,DINING SET,SET COMEDOR MDF + 4 SILLAS
01tVT000003MhChYAK,ROUND CERAMIC CHARCOAL GRILL WITH SIDE TABLES,ASADOR CARBON CERAMICO REDONDO CON MESAS LATERALES
01tVT000003MkNSYA0,3 PCS DINING SET,SET COMEDOR EUCALIPTO 3 PIEZAS
01tVT000003MkYkYAK,ROUND CERAMIC CHARCOAL GRILL WITH SIDE TABLES,ASADOR CARBON CERAMICO REDONDO CON MESAS LATERALES
01tVT000003MnQBYA0,3 PCS DINING SET,SET COMEDOR EUCALIPTO 3 PIEZAS
01tVT000003MoipYAC,COFFEE TABLE CHAIR SET,SALA DE PATIO METALICA 4 PIEZAS
01tVT000003MoviYAC,5PCS ROUND DINING SET,SET COMEDOR EUCALIPTO 5 PIEZAS
01tVT000003Mp3mYAC,CYPRUS MOON BED,SOFA CAMA WICKER CON COJINES
01tVT000003MxqvYAC,KIDS SLIDE & CLIMBER,CENTRO DE JUEGOS GRANDE
01tVT000003My8fYAC,KIDS BUS SLIDE,CENTRO DE JUEGOS GRANDE
01tVT000003N7iEYAS,KIDS PLAYGROUND SWING,COLUMPIO DOBLE CON SOPORTE
01tVT000003N945YAC,KIDS SEESAW,BALANCIN
01tVT000003QtS9YAK,SOFA BED,SOFA CAMA
01tVT000003UtbfYAC,DINING CHAIR,SILLA COMEDOR PU
01tVT000003UuJBYA0,DINING CHAIR,SILLA COMEDOR TERCIOPELO
01tVT000003UvYcYAK,BAR STOOL,BANCO BAR PU
01tVT000003UwcjYAC,BAR STOOL,BANCO BAR PU
01tVT000003UwknYAC,BAR STOOL,BANCO BAR PU
01tVT000003Ux0vYAC,BAR STOOL,BANCO BAR PU + MADERA
01tVT000003UxAbYAK,BAR STOOL,BANCO BAR MADERA
01tVT000003UxNVYA0,BAR STOOL,BANCO BAR PU + MADERA
01tVT000003UxfFYAS,BAR STOOL,BANCO BAR PU
01tVT000003Uy9tYAC,BAR STOOL,BANCO BAR TELA
01tVT000003V1NuYAK,CHAIR,SILLA COMEDOR METALICA + PP
01tVT000003V3G1YAK,CHAIR,SILLA COMEDOR PP
01tVT000003V3PiYAK,CHAIR,SILLA COMEDOR PP + MADERA
01tVT000003V3XmYAK,CHAIR,SILLA COMEDOR PP
01tVT000003V3XnYAK,SHOE RACK,ORGANIZADOR ZAPATOS 3 NIVELES
01tVT000003V4QbYAK,CHAIR,SILLA COMEDOR PP
01tVT000003V4YgYAK,SHOES RACK,ORGANIZADOR ZAPATOS 4 NIVELES
01tVT000003V5CzYAK,SHOE RACK,ORGANIZADOR ZAPATOS 2 NIVELES
01tVT000003V6iXYAS,SHELF,REPISA ORGANIZADOR
01tVT000003V6qbYAC,SHELF,PERCHERO ZAPATERO
01tVT000003V7JeYAK,SHELF,PERCHERO ZAPATERO
01tVT000003V8h7YAC,SHELF,PERCHERO ZAPATERO
01tVT000003V9BlYAK,CLOTH WARDROBE,PERCHERO ORGANIZADOR DE TELA
01tVT000003V9TWYA0,TOY CABINET,ORGANIZADOR DE JUGUETES 3 NIVELES
01tVT000003V9dBYAS,CLOTH CABINET,PERCHERO ZAPATERO
01tVT000003V9mrYAC,DINING SET 1 TABLE + 6 CHAIRS,SET COMEDOR MADERA 7 PIEZAS
01tVT000003V9rhYAC,SHELF,PERCHERO
01tVT000003VAJ7YAO,STORAGE BOX,CAJA ORGANIZADOR
01tVT000003VAarYAG,STORAGE BOX,CAJA ORGANIZADOR
01tVT000003VAnlYAG,STORAGE BOX,CAJA ORGANIZADOR
01tVT000003VB2HYAW,STORAGE BOX,CAJA ORGANIZADOR
01tVT000003VBQTYA4,TOY CABINET,ORGANIZADOR DE JUGUETES 3 NIVELES
01tVT000003W3sIYAS,1 TABLE + 1 BENCH + 4 CHAIRS,SET COMEDOR MDF 6 PIEZAS
01tVT000003W7PdYAK,1 TABLE + 6 CHAIRS,SET COMEDOR MDF 7 PIEZAS
01tVT000003W7npYAC,1 TABLE + 6 CHAIRS,SET COMEDOR CAUCHO 7 PIEZAS
01tVT000003W85ZYAS,1 TABLE + 4 CHAIRS,SET COMEDOR MDF 5 PIEZAS
01tVT000003W8VNYA0,1 TABLE + 4 CHAIRS,SET COMEDOR MDF 5 PIEZAS
01tVT000003W8tZYAS,1 TABLE + 4 CHAIRS,SET COMEDOR MDF 5 PIEZAS
01tVT000003W9CvYAK,1 TABLE + 1 BENCH + 4 CHAIRS,SET COMEDOR MDF 6 PIEZAS
01tVT000003W9uTYAS,1 TABLE + 1 BENCH + 4 CHAIRS,SET COMEDOR MDF 6 PIEZAS
01tVT000003WHATYA4,DINING SET 1 TABLE + 4 CHAIRS,SET COMEDOR MDF 5 PIEZAS
01tVT000003WIRVYA4,DINING SET,SET COMEDOR MDF 5 PIEZAS
01tVT000003XGDxYAO,QUINCY DINING SET,SET COMEDOR MDF 6 PIEZAS
01tVT000003XGvVYAW,DINING SET,SET COMEDOR MDF 7 PIEZAS
01tVT000003XH3aYAG,DINING SET 1 TABLE + 6 CHAIRS,SET COMEDOR MDF EXTENSIBLE 7 PIEZAS
01tVT000003XHYDYA4,DINING SET 1 TABLE + 6 CHAIRS,SET COMEDOR MDF EXTENSIBLE 7 PIEZAS
01tVT000003XI7iYAG,DINING SET 1 TABLE + 6 CHAIRS,SET COMEDOR MDF EXTENSIBLE 7 PIEZAS
01tVT000003XIEAYA4,DINING SET 1 TABLE + 4 CHAIRS,SET COMEDOR MDF 5 PIEZAS
01tVT000003XIndYAG,DINING SET 1 TABLE + 6 CHAIRS,SET COMEDOR MDF EXTENSIBLE 7 PIEZAS
01tVT000003XW7SYAW,SHELF,ESTANTERIA 5 NIVELES
01tVT000003XYSbYAO,SHELF,ESTANTERIA 4 NIVELES
01tVT000003XaPZYA0,FOLDING RESIN TABLE ? 3.5 cm,MESA RESINA PLEGABLE Φ 3.5 cm
01tVT000003XaxRYAS,FOLDING RESIN TABLE ? 3.5 cm,MESA RESINA PLEGABLE Φ 3.5 cm
01tVT000003YLI2YAO,ACCENT CHAIR,SILLON TERCIOPELO
01tVT000003YV66YAG,PS FRAMED MIRROR,ESPEJO DE PISO RECTANGULAR CON MARCO POLIESTIRENO
01tVT000003YVCZYA4,ALUMINUM  ALLOY  FRAME,ESPEJO DE PARED RECTANGULAR CON MARCO ALUMINIO
01tVT000003YWgUYAW,ALUMINUM ALLOY FRAME,ESPEJO DE PARED REDONDO CON MARCO ALUMINIO
01tVT000003YagrYAC,ACCENT CHAIR,SILLON PU
01tVT000003Yd8UYAS,ALUMINUM  ALLOY  FRAME,ESPEJO DE PARED CON MARCO ALUMINIO
01tVT000003YevnYAC,ACCENT CHAIR,SILLON CUERO SINTETICO
01tVT000003YfevYAC,ALUMINUM  ALLOY  FRAME,ESPEJO DE PISO RECTANGULAR CON MARCO ALUMINIO
01tVT000003YgKrYAK,ALUMINUM  ALLOY  FRAME,ESPEJO DE PARED CON MARCO ALUMINIO
01tVT000003YgZNYA0,ALUMINUM  ALLOY  FRAME,ESPEJO DE PARED RECTANGULAR CON MARCO ALUMINIO
01tVT000003Ygv6YAC,WOODEN FRAMED MIRROR,ESPEJO DE PARED REDONDO CON MARCO MADERA
01tVT000003YgxZYAS,ALUMINUM  ALLOY  FRAME,ESPEJO DE PISO RECTANGULAR CON MARCO ALUMINIO
01tVT000003YhLlYAK,WOODEN FRAMED MIRROR,ESPEJO DE PISO RECTANGULAR CON MARCO MADERA
01tVT000003YkOTYA0,ROCKING CHAIR,SILLON MECEDORA TERCIOPELO
01tVT000003Ykt8YAC,TV STAND,TV STAND MUEBLE CRISTAL SOPORTE
01tVT000003YpsoYAC,SQUARE TABLE,MESA RESINA CUADRADA FIJA
01tVT000003boKIYAY,TV STAND,TV STAND MUEBLE CRISTAL CON SOPORTE GIRATORIO
01tVT000003bonJYAQ,TV STAND,TV STAND MUEBLE CRISTAL SOPORTE
01tVT000003bpeXYAQ,TV STAND,TV STAND MUEBLE CRISTAL CON SOPORTE GIRATORIO
01tVT000003bqkHYAQ,TV STAND,TV STAND MUEBLE CRISTAL CON SOPORTE GIRATORIO
01tVT000003c1uHYAQ,3 LEVEL BATHROOM CART,CARRITO BAÑO 3 NIVELES
01tVT000003c47LYAQ,2 LEVEL BATHROOM CART,CARRITO BAÑO 2 NIVELES
01tVT000003c48wYAA,2 LEVEL BATHROOM CART,CARRITO BAÑO 2 NIVELES
01tVT000003c4wvYAA,3 LEVEL BATHROOM CART,CARRITO BAÑO 3 NIVELES
01tVT000003c5bGYAQ,2-TIER STORAGE ORGANIZER RACK WITH WHEELS,PERCHERO ORGANIZADOR ALMACENAMIENTO 2 NIVELES CON RUEDAS
01tVT000003c5crYAA,STORAGE ORGANIZER RACK WITH WHEELS,PERCHERO ORGANIZADOR ALMACENAMIENTO CON RUEDAS
01tVT000003c5wDYAQ,STORAGE ORGANIZER RACK WITH WHEELS,PERCHERO ORGANIZADOR ALMACENAMIENTO CON RUEDAS
01tVT000003c6KPYAY,2 LEVEL DRAWER ORGANIZER COAT RACK WITH WHEELS,PERCHERO ORGANIZADOR CAJONERA 2 NIVELES CON RUEDAS
01tVT000003c6yjYAA,3 LEVEL BATHROOM CART,CARRITO BAÑO 3 NIVELES
01tVT000003cpscYAA,END TABLE,MESA AUXILIAR
01tVT000003csdZYAQ,COFFEE TABLE,MESA AUXILIAR
01tVT000003eNAiYAM,COFFEE TABLE,MESA AUXILIAR 2 PIEZAS
01tVT000003eQmrYAE,COFFEE TABLE,MESA AUXILIAR
01tVT000003eR6DYAU,COFFEE TABLE,MESA AUXILIAR
01tVT000003eRm9YAE,COFFEE TABLE,MESA AUXILIAR
01tVT000003eTuQYAU,OFFICE CHAIR,SILLA ORDENADOR PU
01tVT000003eV9uYAE,TV STAND,CENTRO ENTRETENIMIENTO 4 CAJONES
01tVT000003eX1xYAE,OFFICE CHAIR,SILLA ORDENADOR PU
01tVT000003eYPSYA2,OFFICE CHAIR,SILLA ORDENADOR MESH
01tVT000003eZoXYAU,OFFICE CHAIR,SILLA ORDENADOR MESH
01tVT000003eaJBYAY,OFFICE CHAIR,SILLA ORDENADOR
01tVT000003eaj0YAA,CHAIR,SILLA ORDENADOR MESH + PVC
01tVT000003efyoYAA,MANAGER CHAIR,SILLA ORDENADOR PU
01tVT000003egWfYAI,CABINET,APARADOR 6 PUERTAS
01tVT000003eghxYAA,CONSOLE TABLE,APARADOR 2 CAJONES
01tVT000003ehZBYAY,COFFEE TABLE,MESA AUXILIAR 2 CAJONES
01tVT000003elWLYAY,CHAIR,SILLA ORDENADOR PU + PVC
01tVT000003eluXYAQ,GAMING DESK,MESA ESCRITORIO GAMING
01tVT000003emDtYAI,GAMING DESK,MESA ESCRITORIO GAMING
01tVT000003emnNYAQ,GAMING CHAIR,SILLA GAMING CON APOYAPIES
01tVT000003emvRYAQ,GAMING CHAIR,SILLA GAMING
01tVT000003fKXJYA2,SECTIONAL SOFA,SOFA 3 PLAZAS CON 2 ALMOHADAS
01tVT000003fL5BYAU,SECTIONAL SOFA,SOFA CAMA CHESLONG TRANSFORMER CON ALMACENAMIENTO
01tVT000003fNmvYAE,DINING SET,SET COMEDOR MARMOL 7 PIEZAS
01tVT000003fOFxYAM,CLOTHING RACK,PERCHERO ORGANIZADOR ALMACENAMIENTO 2 NIVELES INFANTIL
01tVT000003fWAHYA2,DINING SET 1 TABLE + 4 CHAIRS,SET COMEDOR MDF 5 PIEZAS
01tVT000003gFiUYAU,DESK WITH CHAIR,SET MESA CON CAJONES + SILLA
01tVT000003gIDJYA2,TOY BOX,BAÚL JUGUETES INFANTIL
01tVT000003gMdVYAU,TOYBOX WITH BACK,BAÚL JUGUETES INFANTIL
01tVT000003gMqPYAU,BOOKCASE WITH STORAGE,ESTANTERIA PARA LIBROS CON CAJON
01tVT000003gOaTYAU,OFFICE CHAIR,SILLA ORDENADOR PVC
01tVT000003gOozYAE,OFFICE CHAIR,SILLA ORDENADOR PU
01tVT000003gOx4YAE,OFFICE CHAIR,SILLA ORDENADOR PVC
01tVT000003gP0HYAU,OFFICE CHAIR,SILLA ORDENADOR PU
01tVT000003gP9xYAE,OFFICE CHAIR,SILLA ORDENADOR PU
01tVT000003gPJdYAM,OFFICE CHAIR,SILLA ORDENADOR PU
01tVT000003gPUvYAM,OFFICE CHAIR,SILLA ORDENADOR PVC
01tVT000003gPoIYAU,OFFICE CHAIR,SILLA ORDENADOR PU
01tVT000003gQ7dYAE,OFFICE CHAIR,SILLA ORDENADOR PVC
01tVT000003gQFhYAM,OFFICE CHAIR,SILLA ORDENADOR PU
01tVT000003hqjCYAQ,TABLE & 2 CHAIRS SET,SET MESA + SILLAS INFANTIL CON ALMACENAJE
01tVT000003iIHFYA2,TOY ORGANIZER WITH 9 BINS,JUGUETERO DE MDF INFANTIL
01tVT000003iIM6YAM,TABLE & 2 CHAIRS SET,SET MESA + SILLAS INFANTIL CON ALMACENAJE
01tVT000003iKKgYAM,ELECTRIC STANDING DESK,MESA ESCRITORIO DE PIE ELETRICO CRISTAL
01tVT000003iKe1YAE,KID EASEL,PIZARRA INFANTIL CON ALMACENAJE
01tVT000003iKvlYAE,BED WITH DRAWER,ESTRUCTURA CAMA INFANTIL
01tVT000003iL2DYAU,PORTABLE ELECTRIC STANDING DESK,MESA ESCRITORIO DE PIE ELETRICO PORTATIL
01tVT000003iLDVYA2,TOYBOX,BAÚL JUGUETES INFANTIL
01tVT000003iLILYA2,ELECTRIC PORTABLE STANDING DESK,MESA ESCRITORIO DE PIE ELETRICO PORTATIL
01tVT000003iLYTYA2,ELECTRIC STANDING DESK,MESA ESCRITORIO DE PIE ELETRICO CRISTAL
01tVT000003iLocYAE,ELECTRIC STANDING DESK,MESA ESCRITORIO DE PIE ELETRICO MADERA
01tVT000003iLv3YAE,TOYBOX WITH BOOKS HOLDER,BAÚL JUGUETES INFANTIL CON ESTANTERIA
01tVT000003iMMTYA2,ELECTRIC STANDING DESK,MESA ESCRITORIO DE PIE ELETRICO
01tVT000003iMW9YAM,ELECTRIC STANDING DESK,MESA ESCRITORIO DE PIE ELETRICO MADERA
01tVT000003iMntYAE,TOY STORAGE WITH 4 BINS,JUGUETERO 4 CAJONES DE PLASTICO INFANTIL
01tVT000003iMzBYAU,TOY STORAGE WITH 9 BINS,JUGUETERO 9 CAJONES DE PLASTICO INFANTIL
01tVT000003iNK9YAM,TABLE WITH 2 CHAIRS,SET MESA + SILLAS INFANTIL CON ALMACENAJE Y ESTANTERIA
01tVT000003iOjFYAU,ERGONOMIC DESK+CHAIR,SET MESA + SILLA
01tVT000003iT1OYAU,TEEPEE SINGLE LOFT,LITERA TIPO LOFT
01tVT000003iThJYAU,STUDY DESK,SET MESA + SILLA
01tVT000003iU2HYAU,ROTATING BOOKCASE,ESTANTERIA GIRATORIA INFANTIL 3 NIVELES
01tVT000003iUezYAE,TEEPEE SINGLE BED,ESTRUCTURA CAMA INFANTIL CON TENT
01tVT000003iVpZYAU,BEDSIDE BED,ESTRUCTURA CAMA INFANTIL
01tVT000003j3McYAI,BUNK BED,LITERA INFANTIL
01tVT000003j4P8YAI,BUNK BED,LITERA INFANTIL
01tVT000003j5eXYAQ,BUNK BED,LITERA INFANTIL
01tVT000003j6E1YAI,BUNK BED,LITERA INFANTIL
01tVT000003j7zhYAA,INDOOR ELECTRIC FIREPLACE,CHIMENEA ELECTRICA CALENTADOR CON FUEGO LED Y REPISA 120V
01tVT000003j9yHYAQ,INDOOR ELECTRIC FIREPLACE,CHIMENEA ELECTRICA CALENTADOR CON FUEGO LED Y REPISA 120V
01tVT000003jAEPYA2,INDOOR ELECTRIC FIREPLACE,CHIMENEA ELECTRICA CALENTADOR CON FUEGO LED Y REPISA 120V
01tVT000003jD2cYAE,SECTIONAL SOFA,SILLON RECLINABLE ELECTRICO CORNER 5 PLAZAS
01tVT000003jD93YAE,SECTIONAL SOFA,SILLON RECLINABLE MANUAL CORNER 5 PLAZAS
01tVT000003jE1tYAE,SECTIONAL SOFA,SILLON RECLINABLE MANUAL CORNER 5 PLAZAS
01tVT000003jEI1YAM,SECTIONAL SOFA,SILLON RECLINABLE ELECTRICO CORNER 5 PLAZAS
01tVT000003jFpBYAU,ELECTRIC RECLINER CHAIR,SILLON RECLINABLE ELECTRICO
01tVT000003jG5JYAU,ELECTRIC RECLINER CHAIR,SILLON RECLINABLE ELECTRICO
01tVT000003jHB3YAM,RECLINER WITH SINGLE MOTOR,SILLON RECLINABLE ELECTRICO
01tVT000003jHJ7YAM,RECLINER WITH DUAL MOTOR,SILLON RECLINABLE ELECTRICO
01tVT000003jtUsYAI,ROTATING BOOKCASE,ESTANTERIA GIRATORIA 3 NIVELES
01tVT000003juHGYAY,PUSHBACK RECLINER,SILLON RECLINABLE ELECTRICO
01tVT000003juU9YAI,LUXE RECLINER,SILLON RECLINABLE ELECTRICO
01tVT000003judrYAA,LIFT RECLINER,SILLON RECLINABLE ELECTRICO
01tVT000003jufRYAQ,RECLINER,SILLON RECLINABLE ELECTRICO
01tVT000003jvI9YAI,PUSHBACK RECLINER,SILLON RECLINABLE ELECTRICO
01tVT000003jvy5YAA,RECLINER,SILLON RECLINABLE ELECTRICO
01tVT000003jwm5YAA,SECTIONAL SOFA,SOFA SECCIONAL CON ALMACENAJE
01tVT000003jx73YAA,SECTIONAL SOFA,SILLON RECLINABLE ELECTRICO 3 PLAZAS
01tVT000003jxF7YAI,SECTIONAL SOFA,SILLON RECLINABLE ELECTRICO 2 PLAZAS
01tVT000003jxOnYAI,SECTIONAL SOFA,SILLON RECLINABLE ELECTRICO 1 PLAZAS
01tVT000003jzGvYAI,LEARNING TOWER,SILLA INFANTIL COMEDOR
01tVT000003jzdVYAQ,LEARNING TOWER,SILLA INFANTIL COMEDOR CON COJIN
01tVT000003jzqPYAQ,LEARNING TOWER,SILLA INFANTIL COMEDOR CON COJIN Y TABLERO
01tVT000003k0bBYAQ,LEARNING TOWER,ESCALERA INFANTIL DOMESTICA 2 NIVELES
01tVT000003k2TJYAY,SECTIONAL SOFA,SILLON RECLINABLE ELECTRICO CORNER
01tVT000003k2bOYAQ,SECTIONAL SOFA,SILLON RECLINABLE MANUAL CORNER
01tVT000003k9oAYAQ,EVAPORATIVE TOWER FAN,VENTILADOR EVAPORATIVOS DE TORRE 60W 120V
01tVT000003kA7WYAU,"EVAPORATIVE AIR COOLER, TANK 5L","ENFRIADOR DE AIRE EVAPORATIVO, DEPÓSITO DE 5 L"
01tVT000003kACLYA2,"DESK FAN 12"", 5 BLADES","VENTILADOR DE ESCRITORIO DE 12"", 5 ASPAS"
01tVT000003kAXJYA2,"16"" 55W 3 SPEEDS DESKTOP FAN","VENTILADOR SOBREMESA 16"" 55W 3 VELOCIDADES"
01tVT000003kAc9YAE,"MIST FAN, TABLE FAN, HUMIDIFIER 3 IN 1",VENTILADOR PISO + HUMIDIFICADOR + MIST 3 EN 1 MULTIFUNCIONAL 80W 120V
01tVT000003kAvVYAU,"FLOOR FAN 12"" 40W 3 SPEEDS","VENTILADOR PISO 12"" 40W 3 VELOCIDADES"
01tVT000003kBBdYAM,"EVAPORATIVE AIR COOLER, TANK 30L","ENFRIADOR DE AIRE EVAPORATIVO, DEPÓSITO DE 30 L"
01tVT000003kBErYAM,"FLOOR FAN 16"" 55W 3 SPEEDS","VENTILADOR PISO 16"" 55W 3 VELOCIDADES"
01tVT000003kBQ9YAM,Evaporative air cooler,VENTILADOR EVAPORADOR 95W 120V CON RUEDAS
01tVT000003kBYDYA2,"FLOOR FAN 12"" 24W 16 SPEEDS","VENTILADOR PISO 12"" 24W 16 VELOCIDADES"
01tVT000003kBjVYAU,"FLOOR FAN 14"" 24W 24 SPEEDS","VENTILADOR PISO 14"" 24W 24 VELOCIDADES"
01tVT000003kC4UYAU,"TOWER FAN 40"", REMOTE CONTROL","VENTILADOR DE TORRE DE 40"", CONTROL REMOTO"
01tVT000003kCHNYA2,"TOWER FAN 35"" 60W 3 SPEEDS","VENTILADOR TORRE 35"" 60W 3 VELOCIDADES"
01tVT000003kCR3YAM,TOWER FAN,VENTILADOR TORRE 60W 120V
01tVT000003kCfZYAU,TOWER FAN,VENTILADOR TORRE 60W 120V
01tVT000003kCinYAE,TOWER FAN,VENTILADOR TORRE 120V 60W
01tVT000003pK7pYAE,SECTIONAL SOFA,SILLON RECLINABLE ELECTRICO CORNER
01tVT000003q0YTYAY,SOFA BED,SOFA CAMA
01tVT000003q0i9YAA,SOFA BED,SOFA CAMA
01tVT000003sjT4YAI,AIR COOLER,ACONDICIONADOR DE AIRE 127V 100W CON CAPACIDAD TANQUE DE AGUA 20L
01tVT000003sjknYAA,AIR COOLER,"ACONDICIONADOR DE AIRE 127V 80W CON CAPACIDAD TANQUE DE AGUA 12L, CONTROL REMOTO Y RUEDAS"
01tVT000003sk8zYAA,AIR COOLER,ACONDICIONADOR DE AIRE 127V 65W CON CAPACIDAD TANQUE DE AGUA 15L Y LED
01tVT000003skSLYAY,AIR COOLER,ACONDICIONADOR DE AIRE MULTIFUNCIONAL 127V 80W CON CAPACIDAD TANQUE DE AGUA 12L
01tVT000003skqXYAQ,AIR COOLER,ACONDICIONADOR DE AIRE 127V 65W CON CAPACIDAD TANQUE DE AGUA 9L
01tVT000003sl1pYAA,AIR COOLER,ACONDICIONADOR DE AIRE MULTIFUNCIONAL 127V 65W CON CAPACIDAD TANQUE DE AGUA 10L
01tVT000003uS4lYAE,SOFA BED,SOFA CAMA
01tVT000003uS6MYAU,5 PCS MDF DINING SET,SET COMEDOR MDF + 4 SILLAS
01tVT000003uS7yYAE,BAR STOOL,BANCO BAR PU
01tVT000003uS9aYAE,DINING CHAIR,SILLA COMEDOR TELA
01tVT000003uv1uYAA,MULTIFUNCTIONAL SOFA,SOFA CAMA
01tVT000003uvDBYAY,MULTIFUNCTIONAL SOFA,SOFA CAMA
01tVT000003xjc5YAA,SOFA BED,SOFA CAMA
01tVT000003yqV4YAI,SOPHIE OFFICE CHAIR,SILLA ORDENADOR
01tVT000003yrpJYAQ,Valentina  Arm Chair,SILLON TELA
01tVT000003ysGjYAI,BAR STOOL,BANCO BAR GERONA
01tVT000003zTJWYA2,FOLDING PLASTIC CHAIR,SILLA RESINA IMITACION RATAN
01tVT000003zTL8YAM,SQUARE TABLE WITH SLAT WOODEN LOOK,MESA RESINA IMITACION MADERA CUADRADA
01tVT000003zTOMYA2,ALUMINUM  ALLOY  FRAME,ESPEJO DE PARED CON MARCO ALUMINIO
01tVT000003zTPyYAM,ALUMINUM  ALLOY  FRAME,ESPEJO DE PARED RECTANGULAR CON MARCO ALUMINIO
01tVT000003zTUoYAM,PS FRAMED MIRROR,ESPEJO DE PISO RECTANGULAR CON MARCO POLIESTIRENO
01tVT000003zTWQYA2,MULTIFUNCTIONAL SOFA,SOFA CAMA
01tVT000003zTY2YAM,MULTIFUNCTIONAL SOFA,SOFA CAMA
01tVT000003zTg6YAE,61CM SQUARE FOLDING TABLE,MESA RESINA PERSONAL CUADRADA IMITACION RATAN
01tVT000003zThiYAE,80CM ROUND FOLDING TABLE RATTAN DESIGN,MESA RESINA PERSONAL REDONDA IMITACION RATAN
01tVT000003zTmYYAU,FOLDING CHAIR RATTAN DESIGN,SILLA RESINA PLEGABLE IMITACION RATAN
01tVT000003zToAYAU,FILLET STATION,FREGADERO RESINA PLEGABLE CON GRIFO
01tVT000003zeTRYAY,FABRIC DINING CHAIR,SILLA COMEDOR TELA
01tVT000003zfFpYAI,DINING SET 1 TABLE + 8 CHAIRS,SET COMEDOR MDF 9 PIEZAS
01tVT0000043D1dYAE,SOPHIE OFFICE CHAIR,SILLA ORDENADOR
01tVT0000043zizYAA,PU OFFICE CHAIR (2PC/1BOX),SILLA ORDENADOR PU (2PC/1BOX)
01tVT00000440yPYAQ,SOPHIE OFFICE CHAIR,SILLA ORDENADOR
01tVT0000044PjvYAE,SHELF,PERCHERO ZAPATERO
01tVT0000044QmSYAU,TOY CABINET,ORGANIZADOR DE JUGUETES 3 NIVELES
01tVT0000044RKJYA2,SHELF,PERCHERO
01tVT0000044Rx0YAE,STORAGE BOX,CAJA ORGANIZADOR
01tVT0000044S0EYAU,STORAGE BOX,CAJA ORGANIZADOR
01tVT0000044S1qYAE,STORAGE BOX,CAJA ORGANIZADOR
01tVT0000044S3SYAU,STORAGE BOX,CAJA ORGANIZADOR
01tVT0000044S54YAE,SHOES RACK,ORGANIZADOR ZAPATOS 4 NIVELES
01tVT0000044S9uYAE,8 TIER OVER THE DOOR SHOE RACK,ORGANIZADOR ZAPATOS 8 NIVELES PARED
01tVT0000044SBWYA2,CLOTH WARDROBE,PERCHERO ORGANIZADOR DE TELA
01tVT0000044SD8YAM,SHELF,PERCHERO ZAPATERO
01tVT0000044SHyYAM,FLOATING WALL SHELF,SET REPISAS MAGICAS 3 PIEZAS EN U
01tVT0000048k4zYAA,RATTAN FLOOR CHAIR,SILLA PLAYA RATAN DE PISO
01tVT000004AqUTYA0,LOUNGE CHAIR,SILLA PLAYA
01tVT000004AqpRYAS,BEACH CHAIR,SILLA PLAYA
01tVT000004Ar7BYAS,BENCH CHAIR,SILLA PLAYA
01tVT000004ArITYA0,BEACH CHAIR,SILLA PLAYA
01tVT000004ArWzYAK,FOLDING CHAIR,SILLON PLEGABLE TERCIOPELO
01tVT000004ArwnYAC,BEACH MAT,TUMBONA PLEGABLE PLAYA
01tVT000004As4rYAC,CHILDREN'S FOLDING ARMCHAIR,SILLON PLEGABLE INFANTIL
01tVT000004CaGjYAK,BEACH CHAIR,SILLA PLAYA
01tVT000004EB4XYAW,GAMING CHAIR,SILLA GAMING INFANTIL
01tVT000004FfN8YAK,Steel hanging chair fixed version,COLUMPIO COLGANTE FIJO CON COJIN
01tVT000004FhTlYAK,STEEL LOVESEAT HANGING CHAIR KD,COLUMPIO COLGANTE DOBLE CON COJIN (DESMONTABLE)
01tVT000004FlQvYAK,BEAN BAG,TUMBONA DE TELA MULTIFUNCIONAL CON RELLENOS
01tVT000004IxnKYAS,4FT ROUND FOLD IN HALF TABLE,MESA RESINA PLEGABLE REDONDA
01tVT000004IyJZYA0,CORNER SET (4PCS),SALA DE PATIO ESQUINA WICKER 4 PIEZAS CON COJINES
01tVT000004IyhlYAC,SOFA SET (4PCS),SALA DE PATIO WICKER 4 PIEZAS CON COJINES
01tVT000004IyzVYAS,SOFA SET (4PCS),SALA DE PATIO WICKER 4 PIEZAS CON COJINES
01tVT000004JdY1YAK,MULTIFUNCTION SOFA,SALA DE PATIO EUCALYPTUS SOFA CAMA CON COJINES Y ALMOHADAS
01tVT000004KYWHYA4,ALUMINIUM CHAIR,MESA CUADRADA ALUMINIO
01tVT000004MNLRYA4,4 PCS SOFA SET,SALA DPATIO ACACIA 4 PIEZAS CON COJIN
01tVT000004MNrhYAG,CORNER SOFA SET,SALA DE PATIO ACACIA CON COJINES
01tVT000004McE2YAK,COFFE SOFA SET,SALA DE PATIO METALICA 4 PIEZAS
01tVT000004McIsYAK,LOVE SEAT SOFA KD,SILLON DOBLE METALICA CON MESA AUXILIAR Y COJINES
01tVT000004McM6YAK,ACACIA SOFA SET 4 PIECES,SALA DE PATIO ACACIA 4 PIEZAS CON COJINES
01tVT000004McNiYAK,Seattle steel conversation set of 4,SALA DE PATIO METALICA CON COJIN 4 PIEZAS
01tVT000004McSYYA0,LOUNGE SET 2022-11,SALA DE PATIO METALICA CON COJINES
01tVT000004McUAYA0,ALUMINUM CHAIR,SILLA ALUMINIO
01tVT000004McZ0YAK,Steel hanging chair fixed version,COLUMPIO COLGANTE FIJO CON COJIN
01tVT000004McqkYAC,STOOL COOL BOX,TABURETE AUXILIAR HIELERA
01tVT000004McsMYAS,FILLET STATION,FREGADERO RESINA PLEGABLE CON GRIFO
01tVT000004Mv5NYAS,70CM ROUND CARBON STEEL TABLE,MESA AUXILIAR REDONDA
01tVT000004MvIHYA0,70x70CM IRON SLAT TABLE,MESA AUXILIAR REDONDA
01tVT000004MvWnYAK,75x75CM ALUMINUM SLAT TABLE,MESA AUXILIAR CUADRADA
01tVT000004N5kfYAC,HALF FOLDING SQUARE SIDE TABLE,MESA AUXILIAR JARDIN ACACIA
01tVT000004N7svYAC,GARDEN HOSE SET,MANGUERA CON ACCESORIOS 15 MT
01tVT000004N80zYAC,GARDEN HOSE SET,MANGUERA CON ACCESORIOS 30 MT
01tVT000004NZFiYAO,4 PCS SOFA SET,SALA DE PATIO ACACIA 4 PIEZAS CON COJINES
01tVT000004NaWjYAK,4 PCS SOFA SET,SALA DE PATIO ACACIA 4 PIEZAS CON COJINES
01tVT000004NcezYAC,CORNER SOFA SET,SALA DE PATIO ACACIA CON COJINES
01tVT000004NdETYA0,4 PCS SOFA SET,SALA DE PATIO ACACIA 4 PIEZAS CON COJINES
01tVT000004NeDlYAK,9 PCS DINING SET,SET COMEDOR ACACIA PIEZAS
01tVT000004NeqUYAS,CHAISE LONGUE,SILLON ACACIA PEDAL Y EXTRAIBLE
01tVT000004NfPxYAK,5 PCS DINING SET,SET COMEDOR EUCALIPTO PIEZAS
01tVT000004NxMuYAK,HALF FOLDING SQUARE SIDE TABLE,MESA AUXILIAR JARDIN ACACIA
01tVT000004Of4XYAS,SONOMA COOL BOX,TABURETE AUXILIAR HIELERA SONOMA
01tVT000004RAU2YAO,COFFEE TABLE,MESA CENTRO 2 CAJONES
01tVT000004RHbxYAG,END TABLE,MESA AUXILIAR 1 CAJON
01tVT000004RHorYAG,COFFEE TABLE,MESA CENTRO 2 CAJONES
01tVT000004RHwvYAG,END TABLE,MESA AUXILIAR 1 CAJON
01tVT000004RZ10YAG,BEACH CHAIR,SILLA PLAYA
01tVT000004RcJpYAK,BEACH CHAIR,SILLA PLAYA
01tVT000004RcbZYAS,BEACH CHAIR,SILLA PLAYA AJUSTABLE
01tVT000004RdJ7YAK,3PC Lounger set,SET DE SILLA DOBLE PLAYA
01tVT000004RdkXYAS,BEACH CHAIR,SILLA DE PLAYA
01tVT000004ReQTYA0,BEACH CHAIR,SILLA PLAYA
01tVT000004SlL4YAK,80QT COOLER CART,ENFRIADOR DE PATIO Y CARRITO DE BEBIDAS 80QT
01tVT000004SlMgYAK,SQUARE GAZEBO,GAZEBO CUADRADO
01tVT000004SlzOYAS,AWNING,TOLDO RETRACTIL
01tVT000004SwErYAK,13 PCS BBQ TOOL SET,SET ACCESORIOS 13 PIEZAS
01tVT000004SwOXYA0,PLASTIC TABLE,MESA COMEDOR NEGRA
01tVT000004SwoMYAS,7PCS BBQ TOOL SET,SET ACCESORIOS 7 PIEZAS
01tVT000004SwpxYAC,END TABLE,MESA AUXILIAR REDONDA
01tVT000004SxFlYAK,11PCS BBQ TOOL SET,SET ACCESORIOS 11 PIEZAS
01tVT000004TRTxYAO,3PCS BARBECUE TOOL SET,SET ACCESORIOS 3 PIEZAS
01tVT000004TRqXYAW,3PCS BBQ TOOL SET,SET ACCESORIOS 3 PIEZAS
01tVT000004TRsAYAW,PLASTIC TABLE,MESA COMEDOR NEGRA
01tVT000004TRx0YAG,BEAN BAG,TUMBONA DE TELA MULTIFUNCIONAL CON RELLENOS
01tVT000004TSJZYA4,6PCS BBQ TOOL SET,SET ACCESORIOS 6 PIEZAS
01tVT000004XKYjYAO,Mentor steel textilene lounge,TUMBONA PLAYA
01tVT000004XcdiYAC,"36"" TOWER FAN WITH REMOTE CONTROL","VENTILADOR TORRE 36"" 45W 127V 3 VELOCIDADES OSCILANTE CON CONTROL REMOTO"
01tVT000004XcygYAC,"TOWER FAN 40"", REMOTE CONTROL","VENTILADOR TORRE 40"" 60W"
01tVT000004Xd0IYAS,"DESK FAN 7"", LI-ION 1200MAH","VENTILADOR SOBREMESA 7"" 5V 3 VELOCIDADES OSCILANTE"
01tVT000004Ynf8YAC,FOLDING PICNIC,BANCO / MESA PICNIC 2 EN 1
01tVT000004YpDtYAK,CORNER SET,SALA DE PATIO ESQUINA CON COJINES
01tVT000004YpfJYAS,CORNER SET,SALA DE PATIO ESQUINA CON COJINES
01tVT000004aYiPYAU,4 PCS BBQ TOOL SET,SET ACCESORIOS 4 PIEZAS BBQ
01tVT000004aZ1lYAE,4 PCS BBQ TOOL SET,SET ACCESORIOS 4 PIEZAS BBQ
01tVT000004fw8zYAA,ADIRONDACK CHAIR,SILLON ADIRONDACK ACACIA
01tVT000004fwddYAA,ADIRONDACK BENCH,SILLON ADIRONDACK ACACIA DOBLE
01tVT000004hP45YAE,COFFEE TABLE,MESA CENTRO CON ALMACENAMIENTO
01tVT000004jrh0YAA,RECTANGULAR GAS AND CHARCOAL GRILL,ASADOR GAS Y CARBON RECTANGULAR
01tVT000004js0MYAQ,SERVICE TABLE,MESA DE SERVICIO
01tVT000004jsGTYAY,SERVICE TABLE,MESA DE SERVICIO
01tVT000004jsmjYAA,SERVICE TABLE,MESA DE SERVICIO
01tVT000004jsoMYAQ,SERVICE TABLE,MESA DE SERVICIO
01tVT000004jt2rYAA,SERVICE TABLE,MESA DE SERVICIO
01tVT000004jtAxYAI,"RECTANGULAR GAS, CHARCOAL AND SMOKER GRILL","ASADOR GAS, CARBON Y FUMADOR RECTANGULAR"
01tVT000004jtqrYAA,5 PIECE ACCESSORIES SET,SET ACCESORIOS 5 PIEZAS
01tVT000004juF3YAI,GRILLING TONG,PINZA PARA ASAR
01tVT000004l077YAA,SERVICE TABLE,MESA DE SERVICIO
01tVT000004rFRfYAM,FOLDING PICNIC,BANCO / MESA PICNIC 2 EN 1
01tVT000004rG5zYAE,STEEL GARDEN PARASOL 2.7M,SOMBRILLA JARDIN IMITACION MADERA 6 RIBS
01tVT000004vDcXYAU,PLASTIC TABLE,MESA COMEDOR CAQUI
01tVT000004vDkbYAE,PLASTIC TABLE,MESA COMEDOR VERDE
01tVT000004zVCgYAM,6 FT REGULAR FOLDING TABLE,MESA RESINA 180 CM FIJA
01tVT000004zVJAYA2,8FT FOLDING HDPE TABLE,MESA RESINA PLEGABLE
01tVT000004zWtWYAU,8FT FOLDING HDPE TABLE,MESA RESINA PLEGABLE Φ 4.5 cm
01tVT00000526WHYAY,NIGHT STAND,MESA BURO 1 CAJON
01tVT00000526fxYAA,SIDE BOARD,CENTRO ENTRETENIMIENTO 3 NIVELES CON 2 CAJONES
01tVT00000526o1YAA,TV STAND,CENTRO ENTRETENIMIENTO 2 NIVELES CON 2 CAJONES
01tVT0000054eNOYAY,FILLET STATION,FREGADERO RESINA PLEGABLE CON GRIFO
01tVT00000586zpYAA,"12"" TABLE FAN","VENTILADOR SOBREMESA 12"" 45W"
01tVT000005879VYAQ,"STAND FAN 18"", 3 IN 1","VENTILADOR DE PIE DE 18"", 3 EN 1"
01tVT00000587j0YAA,"16"" STAND FAN","VENTILADOR PISO 16"" 75W"
01tVT00000587kbYAA,"16"" STAND FAN","VENTILADOR PISO 16"" 45W"
01tVT00000587r3YAA,"16"" STAND FAN","VENTILADOR PISO 16"" 45W"
01tVT00000588FFYAY,"16"" STAND FAN","VENTILADOR 3 IN 1 16"" 75W"
01tVT00000588ojYAA,"18"" STAND FAN","VENTILADOR PISO 18"" 75W"
01tVT00000588yPYAQ,"20"" BOX FAN","VENTILADOR SOBREMESA 20"" 80W"
01tVT00000589GAYAY,"32"" TOWER FAN","VENTILADOR TORRE 32"" 45W"
01tVT00000589PpYAI,"32"" TOWER FAN","VENTILADOR TORRE 32"" 45W"
01tVT00000589eLYAQ,"32"" TOWER FAN","VENTILADOR TORRE 32"" 45W"
01tVT00000589jBYAQ,"36"" TOWER FAN","VENTILADOR TORRE 36"" 50W"
01tVT00000589rFYAQ,"42"" TOWER FAN","VENTILADOR TORRE 42"" 50W"
01tVT000005SQb0YAG,CHARCOAL GRILL,ASADOR CARBON RECTANGULAR CON MESAS LATERALES Y RUEDAS
01tVT000005SUmfYAG,CHARCOAL GRILL,ASADOR CARBON RECTANGULAR CON MESA LATERAL Y RUEDAS
01tVT000005SVArYAO,CHARCOAL GRILL,ASADOR CARBON RECTANGULAR CON MESAS LATERALES Y RUEDAS
01tVT000005SVdtYAG,CHARCOAL GRILL,ASADOR CARBON RECTANGULAR CON MESAS LATERALES Y RUEDAS
01tVT000005SWOfYAO,Multi-function drum BBQ grill,ASADOR CARBON MULTIFUNCIONAL DE TAMBOR DE ACEITE
01tVT000005SWenYAG,BBQ GRILL,ASADOR CARBON DE TAMBOR DE ACEITE
01tVT000005SWuvYAG,BARREL GRILL WITH STACK,ASADOR CARBON RECTANGULAR CON MESA LATERAL Y RUEDAS
01tVT000005SXEHYA4,Full oil drum grill with ash receiver and front table,ASADOR CARBON RECTANGULAR CON MESAS LATERALES Y RUEDAS
01tVT000005XR8DYAW,GAMER CHAIR WITH FOOTREST,SILLA GAMER CON REPOSAPIES
01tVT000005XRJVYA4,GAMER CHAIR,SILLA GAMER
01tVT000005aXyfYAE,4 PIECES ALU SOFA SET WITH CUSHION,SALA DE PATIO METALICA 4 PIEZAS CON COJIN
01tVT000005aY58YAE,SOFA SET,SALA DE PATIO WICKER 5 PIEZAS CON COJINES
01tVT000005aYWXYA2,5 PIECES ALU SOFA SET WITH CUSHION,SALA DE PATIO METALICA 5 PIEZAS CON COJIN
01tVT000005aYmfYAE,4 PIECES ALU SOFA SET WITH CUSHION,SALA DE PATIO METALICA 4 PIEZAS CON COJIN
01tVT000005aZkLYAU,5 PIECES ALU SOFA SET WITH CUSHION,SALA DE PATIO METALICA 5 PIEZAS CON COJIN
01tVT000005aZysYAE,SOFA SET,SALA DE PATIO WICKER 6 PIEZAS CON COJINES
01tVT000005aa0VYAQ,SOFA SET,SALA DE PATIO ACACIA 5 PIEZAS CON COJINES
01tVT000005aaJpYAI,4 PIECES ALU SOFA SET WITH CUSHION,SALA DE PATIO METALICA 4 PIEZAS CON COJIN
01tVT000005aaoUYAQ,DAYBED,TUMBONA WICKER CON COJIN
01tVT000005acFCYAY,7 PIECES ALU DINING SET WITH CUSHION,SET COMEDOR 7 PIEZAS CON COJIN
01tVT000005adhVYAQ,RELAX LOUNGE,SET BISTRO GIRATORIO WICKER 3 PIEZAS CON COJINES
01tVT000005adsnYAA,COUPLE DAYBED,TUMBONA DOBLE WICKER
01tVT000005ae5hYAA,SOFA SET,SALA DE PATIO WICKER 4 PIEZAS CON COJINES
01tVT000005af9pYAA,CORNER SET,SALA DE PATIO WICKER 7 PIEZAS CON COJINES
01tVT000005afY1YAI,SOFA SET,SALA DE PATIO ACACIA 4 PIEZAS CON MESAS LATERALES Y COJINES
01tVT000005afxpYAA,5 PIECES ALU & ROPE SOFA SET WITH CUSHION,SET COMEDOR 5 PIEZAS CON COJIN
01tVT000005agHBYAY,4 PIECES ALU & ROPE SOFA SET WITH CUSHION,SALA DE PATIO METALICA 4 PIEZAS CON COJIN
01tVT000005ahy1YAA,4 PIECES ALU & ROPE SOFA SET WITH CUSHION,SALA DE PATIO METALICA 4 PIEZAS CON COJIN
01tVT000005aiHNYAY,SOFA SET,SALA DE PATIO WICKER 4 PIEZAS CON COJINES
01tVT000005aiVtYAI,ARMCHAIR SET,SILLON ROPE CON COJINES + REPOSAPIES + MESA LATERAL
01tVT000005aifZYAQ,7 PIECES ALU DINING SET WITH CUSHION,SET COMEDOR 7 PIEZAS CON COJIN
01tVT000005ak4fYAA,4 PIECES ALU & ROPE SOFA SET WITH CUSHION,SALA DE PATIO METALICA 4 PIEZAS CON CON COJIN
01tVT000005akUTYAY,7 PIECES ALU DINING SET,SET COMEDOR 7 PIEZAS
01tVT000005akxVYAQ,7 PIECES ALU DINING SET WITH CUSHION,SET COMEDOR 7 PIEZAS CON COJIN
01tVT000005ameLYAQ,5 PIECES STEEL DINING SET WITH CUSHION,SET COMEDOR 5 PIEZAS CON COJIN
01tVT000005amsrYAA,4 PIECES ALU CORNER SOFA SET WITH CUSHION,SALA DE PATIO ESQUINA CON COJINES
01tVT000005bE5yYAE,4 PIECES ALU SOFA SET WITH CUSHION,SALA DE PATIO METALICA 4 PIEZAS CON COJIN
01tVT000005bEKUYA2,LOVESEAT CHAIR,SALA DE PATIO WICKER Y ACACIA CON MESA LATERAL Y COJINES
01tVT000005bEacYAE,EGG CHAIR,SILLA HUEVO ROTA
01tVT000005bFTRYA2,CHAIR,SILLON ROPE CON COJINES
01tVT000005bFoPYAU,COUPLE DAYBED,TUMBONA DOBLE WICKER
01tVT000005bFy5YAE,SOFA SET,SALA DE PATIO WICKER 4 PIEZAS CON COJINES
01tVT000005bGAzYAM,3 PIECES ALU SOFA SET WITH CUSHION,SALA DE PATIO METALICA 3 PIEZAS CON COJIN
01tVT000005bGHRYA2,SOFA SET,SALA DE PATIO WICKER Y ACACIA 3 PIEZAS CON COJINES
01tVT000005bH8fYAE,ALU CART,CARRITO APOYO RECTANGULAR
01tVT000005bJ5dYAE,4 PIECES ALU KITCHEN TABLE WITH TAP,SET MESA DE COCINA ALUMINIO CON GRIFO 4 PIEZAS
01tVT000005bOLRYA2,HEATER,CALENTADOR PATIO TORRE DE GAS
01tVT000005bObZYAU,HEATER,CALENTADOR PATIO TORRE DE GAS
01tVT000005bOlFYAU,HEATER,CALENTADOR PATIO TORRE DE GAS
01tVT000005bOzlYAE,HEATER,CALENTADOR PATIO TORRE DE GAS
01tVT000005bPCfYAM,HEATER,CALENTADOR PATIO TORRE DE GAS
01tVT000005bPJ7YAM,HEATER,CALENTADOR PATIO TORRE DE GAS
01tVT000005bTD3YAM,"23.5"" KAMADO WITH TROLLEY",ASADOR CARBON CERAMICO REDONDO CON CARRITO
01tVT000005c9DtYAI,3 PIECES SOFA SET BISTRO WITH CUSHION,SET BISTRO GIRATORIO 3 PIEZAS CON COJINES
01tVT000005c9k9YAA,2 PIECES CHAISE SET WITH CUSHION,TUMBONA SET CON COJINES
01tVT000005cAhpYAE,6 PIECES SOFA SET WITH CUSHION,SALA DE PATIO METALICA CON COJIN 6 PIEZAS
01tVT000005cB2oYAE,4 PIECES SOFA SET WITH CUSHION,SALA DE PATIO METALICA 4 PIEZAS CON COJINES
01tVT000005cBkLYAU,5 PIECES DINING SET WITH CUSHION,SET COMEDOR 5 PIEZAS CON COJINES
01tVT000005cCA9YAM,9 PIECES DINING SET WITH CUSHION,SET COMEDOR 9 PIEZAS CON COJINES
01tVT000005cCmrYAE,5 PIECES ALU SOFA SET WITH CUSHION,SET COMEDOR 5 PIEZAS CON COJIN
01tVT000005cDivYAE,4 PIECES ALU & ROPE SOFA SET WITH CUSHION,SALA DE PATIO METALICA 4 PIEZAS CON COJIN
01tVT000005cOOEYA2,11PCS BBQ TOOL SET,SET ACCESORIOS 11 PIEZAS
01tVT000005cOPqYAM,3PCS BBQ TOOL SET,SET ACCESORIOS 3 PIEZAS BBQ
01tVT000005cuXlYAI,7 PIECES DINING SET WITH CUSHION,SET COMEDOR 7 PIEZAS CON COJINES
01tVT000005cvK9YAI,30-INCH CHARCOAL GRILL WITH OFFSET SMOKER,"ASADOR CARBON RECTANGULAR CON MESA LATERAL, AHUMADOR DESPLAZADO Y RUEDAS"
01tVT000005cvTpYAI,6 PIECES SOFA SET WITH CUSHION,SALA DE PATIO METALICA 6 PIEZAS CON COJINES
01tVT000005cviLYAQ,30-INCH CHARCOAL GRILL WITH FRONT TABLE,ASADOR CARBON RECTANGULAR CON MESAS LATERALES Y RUEDAS
01tVT000005cw4vYAA,BARREL CHARCOAL GRILL WITH OFFSET SMOKER,"ASADOR CARBON RECTANGULAR CON MESA LATERAL, AHUMADOR DESPLAZADO Y RUEDAS"
01tVT000005cw89YAA,5 PIECES SOFA SET WITH CUSHION,SALA DE PATIO METALICA 5 PIEZAS CON CON COJIN
01tVT000005cwUjYAI,7 PIECES ALU DINING SET,SET COMEDOR 7 PIEZAS
01tVT000005cwbBYAQ,30-INCH CHARCOAL GRILL WITH FRONT BASKET,ASADOR CARBON RECTANGULAR CON MESAS LATERALES Y RUEDAS
01tVT000005cz4PYAQ,4 PIECES ALU SOFA SET WITH CUSHION,SALA DE PATIO METALICA 4 PIEZAS CON CON COJIN
01tVT000005czlxYAA,4 PIECES ALU SOFA SET WITH CUSHION,SALA DE PATIO METALICA 4 PIEZAS CON CON COJIN
01tVT000005d0WjYAI,7 PIECES ALU DINING SET,SET COMEDOR 7 PIEZAS
01tVT000005d9IIYAY,FILLET STATION,FREGADERO RESINA PLEGABLE CON GRIFO
01tVT000005dcFRYAY,3 PIECES SOFA SET BISTRO WITH CUSHION,SET BISTRO GIRATORIO 3 PIEZAS CON COJINES
01tVT000005dfLNYAY,3 PIECES ROCKING CHAIR SET WITH CUSHION,SET BISTRO MECEDORA 3 PIEZAS CON COJINES
01tVT000005gUMzYAM,19.5 INCH ROUND SMOKELESS FIRE PIT,POZO DE FUEGO
01tVT000005gUwTYAU,19.5 INCH ROUND SMOKELESS FIRE PIT,POZO DE FUEGO
01tVT000005hGxtYAE,4PIECES ALIER LOUNGE SET WITH CUSHION,SALA DE PATIO ACACIA CON COJIN
01tVT000005hIA5YAM,3 PIECES CHAT SET WITH CUSHION,SET BISTRO ACACIA 3 PIEZAS CON COJIN
01tVT000005hL37YAE,3 PIECES MINIZAN LOUNGER SET WITH CUSHION,SALA DE PATIO ACACIA CON COJIN
01tVT000005hj2EYAQ,CORNER SOFA SETTING,SALA DE PATIO ACACIA
01tVT000005hmrKYAQ,LOUNGE CHAIR,SILLON ACACIA JARDÍN
01tVT000005hqLRYAY,WICKER  LOUNGE CHAIR WITH ROUND TABLE,SILLON WICKER CON MESITA REDONDA DE ALMACENAMIENTO
01tVT000005hqgPYAQ,ADIRONDACK CHAIR,SILLON ADIRONDACK ACACIA
01tVT000005hqwXYAQ,ROPE ROUND TABLE,MESA AUXILIAR REDONDA ACACIA Y ROPE
01tVT000005hr9RYAQ,CHAIR,SILLON ADIRONDACK ACACIA
01tVT000005hrRBYAY,ACACIA LOUNGE CHAIR,SILLÓN DE EXTERIOR DE ACACIA
01tVT000005hrvpYAA,DOUBLE SUNLOUNGER,TUMBONA PLAYA DOBLE ACACIA CON COJINES Y RUEDAS
01tVT000005ht6PYAQ,TEXTILENE CURVED SUNLOUNGER,TUMBONA MECEDORA CURVA ACACIA
01tVT000005htHiYAI,SUNBED,TUMBONA PLAYA EUCALIPTO Y ROPE CON RUEDAS
01tVT000005htPlYAI,SUNBED WITHOUT CUSHION,TUMBONA PLAYA DOBLE EUCALIPTO CON RUEDAS
01tVT000005hwNeYAI,3PCS ROPE HALF ROUND CHAT SET,SET BISTRO ACACIA Y ROPE 3 PIEZAS CON COJINES
01tVT000005hxzdYAA,SUNBED WITH ARMS,TUMBONA PLAYA EUCALIPTO Y ROPE CON APOYABRAZOS
01tVT000005hyCXYAY,ROPE LOUNGE CHAIR,SILLON ACACIA Y ROPE JARDÍN
01tVT000005hyPRYAY,WICKER ARMCHAIR WITH FOOTREST,SILLON WICKER Y ACACIA CON COJINES Y OTOMAN
01tVT000005hypFYAQ,ACACIA AND ROPE CHAIR,SILLON ACACIA JARDÍN
01tVT000005hz3lYAA,4 PIECES MODENA CONVERSTION SET WITH CUSHION,SALA DE PATIO ACACIA 4 PIEZAS CON COJIN
01tVT000005hzADYAY,7PC TIMBER DINNING SETTING,SET COMEDOR ACACIA 7 PIEZAS CON COJINES
01tVT000005hzTZYAY,5 PIECES ANZIO LOUNGE SET WITH CUSHION,SALA DE PATIO ACACIA CON COJIN
01tVT000005i0JBYAY,05PC CURVED CHAIR & ROUNDTABLE DINNING SETTING,SET COMEDOR ACACIA 5 PIEZAS CON COJINES
01tVT000005i0UTYAY,04PC CONVERSATION SETTING,SALA DE PATIO ACACIA 4 PIEZAS CON COJINES
01tVT000005i4zWYAQ,SUNLOUNGER WITH CUSHION,TUMBONA ACACIA CON COJIN
01tVT000005i6q1YAA,5 PIECES CONVERSATION SET WITH CUSHION,SALA DE PATIO ACACIA 5 PIEZAS CON COJIN
01tVT000005i7cPYAQ,6 PIECES EXTEND DINING SET,SET COMEDOR EUCALIPTO 6 PIEZAS
01tVT000005i8AHYAY,2 SEATER BENCH,BANCO ACACIA CON ROPE
01tVT000005i8wfYAA,4PIECES ROUND TABLE CONVERSATION SET,SALA DE PATIO ACACIA 4 PIEZAS CON COJINES
01tVT000005i9XlYAI,4 PIECES ROPE CONVERSATION SET,SALA DE PATIO ACACIA 4 PIEZAS CON ROPE Y COJINES
01tVT000005iAOzYAM,5 PIECES LOUNGE DINING SET,SET COMEDOR ACACIA 5 PIEZAS
01tVT000005iYXlYAM,4 PIECES SOFA SET,SALA DE PATIO ACACIA 4 PIEZAS CON COJINES
01tVT000005kVcDYAU,3PCS ROPE ROCKING CHAIRS & CEMENT ROUND TABLE,SET BISTRO MECEDORA ACACIA Y ROPE 3 PIEZAS CON COJINES
01tVT000005kVh3YAE,5 PIECES ALU & WICKER SOFA SET,SALA DE PATIO WICKER 5 PIEZAS CON COJINES
01tVT000005kWA5YAM,7 PIECES ALU DINING SET,SET COMEDOR 7 PIEZAS
01tVT000005kYGjYAM,5 PIECES ALU & ROPE SOFA SET,SALA DE PATIO ALUMINUM 5 PIEZAS CON COJINES
01tVT000005kbbDYAQ,7 PIECES ALU & ROPE DINING SET,SET COMEDOR 7 PIEZAS
01tVT000005kbuXYAQ,ALU & ROPE DINING CHARI,SILLA COMEDOR ALUMINIO ROPE
01tVT000005kcQnYAI,ALU & ROPE DINING CHARI,SILLA COMEDOR ALUMINIO ROPE
01tVT000005kcfJYAQ,ALU & ROPE DINING CHARI WITH CUSHION,SILLA COMEDOR ALUMINIO ROPE CON COJIN
01tVT000005kd6jYAA,ALU & ROPE DINING CHARI WITH CUSHION,SILLA COMEDOR ALUMINIO ROPE CON COJIN
01tVT000005kfDNYAY,4 PIECES ALU & ROPE SOFA SET,SALA DE PATIO ALUMINIO ROPE
01tVT000005l3IvYAI,4 PIECES ALU & ROPE SOFA SET,SALA DE PATIO ALUMINIO ROPE
01tVT000005luDZYAY,FIRE PIT,MESA DE HOGUERA CUADRADA DE GAS PROPANO 28 PULGADAS
01tVT000005m09JYAQ,FIRE PIT,MESA DE HOGUERA CUADRADA DE GAS PROPANO 28 PULGADAS
01tVT000005m0ajYAA,7 PIECES ALU POLYWOOD DINING SET,SET COMEDOR 7 PIEZAS
01tVT000005m0fZYAQ,FIRE PIT,MESA DE HOGUERA RECTANGULAR DE GAS PROPANO
01tVT000005m10XYAQ,5 PIECES ALU POLYWOOD DINING SET,SET COMEDOR 5 PIEZAS
01tVT000005m18bYAA,SOFA SET,SALA DE PATIO WICKER 5 PIEZAS CON COJINES
01tVT000005m24fYAA,SOFA SET,SALA DE PATIO ESQUINA WICKER 7 PIEZAS CON COJINES
01tVT000005m2XhYAI,SOFA SET,SALA DE PATIO ACACIA Y WICKER 4 PIEZAS CON COJINES Y MESA LATERAL
01tVT000005m2avYAA,FOLDING ADIRONDACK CHAIR WITH FOOTREST,SILLON PLEGABLE + REPOSAPIE OCULTO
01tVT000005m2xVYAQ,BISTRO SET,SET BISTRO WICKER Y CEMENTO 3 PIEZAS CON COJINES
01tVT000005m2z7YAA,FOLDING ADIRONDACK CHAIR,SILLON PLEGABLE
01tVT000005m4ckYAA,4 PIECES SOFA SET WITH CUSHION AND PILLOW,SALA DE PATIO POLIMADERA 4 PIEZAS CON ALMOHADA Y COJIN
01tVT000005m57NYAQ,6 PIECES SOFA SET,SALA DE PATIO POLIMADERA 6 PIEZAS
01tVT000005mYvlYAE,SOFA SET,SALA DE PATIO WICKER 5 PIEZAS CON COJINES
01tVT000005mZF8YAM,COUPLE DAYBED,TUMBONA DOBLE WICKER
01tVT000005mZlNYAU,SOFA SET,SALA DE PATIO WICKER 4 PIEZAS CON COJINES
01tVT000005maUXYAY,CORNER SET,SALA DE PATIO ESQUINA WICKER 5 PIEZAS CON COJINES
01tVT000005mar7YAA,SOFA SET,SALA DE PATIO GIRATORIO WICKER 4 PIEZAS CON COJINES
01tVT000005mb7FYAQ,CORNER SET,SALA DE PATIO ESQUINA ROPE 4 PIEZAS CON COJINES
01tVT000005mbGvYAI,SOFA SET,SALA DE PATIO WICKER 4 PIEZAS CON COJINES
01tVT000005mcL3YAI,3 PIECE ALUMINUM & POLYWOOD BISTRO SET,SET BISTRO ALUMINIO & POLYWOOD 3 PIEZAS
01tVT000005mcZZYAY,3X3 UMBRELLA W/ LED STRIPS,SOMBRILLA JARDIN LATERAL ALUMINIO CON LUZ LED Y BASE EN CRUZ
01tVT000005mdLxYAI,5 PIECES POLYWOOD & ALUMINUM DINING SET,SET COMEDOR 5 PIEZAS
01tVT000005meEoYAI,RECTANGLE ALUMINUM TOP AND BASE FIRE PIT FURNITURE SET,SALA DE PATIO ALUMINIO 4 PIEZAS CON MESA DE HOGUERA Y COJINES
01tVT000005meWXYAY,LED DOT LIGHT UMBRELLA,SOMBRILLA JARDIN LATERAL 8 RIBS CON LUZ LED Y BASE EN CRUZ
01tVT000005meujYAA,6 PIECES POLYWOOD & ALUMINUM DINING SET,SET COMEDOR POLYWOOD & ALUMINIO 6 PIEZAS
01tVT000005mfFhYAI,BAMBOO UMBRELLA,SOMBRILLA JARDIN BAMBÚ 8 RIBS
01tVT000005mfh7YAA,7 PIECES POLYWOOD DINING SET,SET COMEDOR 7 PIEZAS
01tVT000005mgRuYAI,22*22*24in square Fire Pit (all aluminum),SET BISTRO ALUMINUM 3 PIEZAS CON MESA DE HOGUERA
01tVT000005miLdYAI,5PCS HDPE OUTDOOR FIRE PIT SOFA SET,SALA DE PATIO RESINA 5 PIEZAS CON MESA DE HOGUERA Y COJINES
01tVT000005mirtYAA,ROUND FIRE PIT TABLE W/ ROTATE CHAIR,SET BISTRO GIRATORIO WICKER 3 PIEZAS CON MESA DE HOGUERA Y COJINES
01tVT000005mjw1YAA,LAMP HEATER,CALENTADOR LAMPARA LINTERNA COLGANTE 800W
01tVT000005mk7JYAQ,LAMP HEATER,CALENTADOR LAMPARA LINTERNA COLGANTE 600W/1200W
01tVT000005mkVVYAY,TOWER HEATER,CALENTADOR PATIO TORRE 1500W CON CUBIERTA DE TELA
01tVT000005mkvJYAQ,TABLE HEATER,CALENTADOR SOBREMESA 1500W CON CUBIERTA DE TELA
01tVT000005mlEfYAI,5 PIECES PLASTIC WOOD DINING SET,SET COMEDOR 5 PIEZAS
01tVT000005mlszYAA,TOWER HEATER,CALENTADOR PATIO TORRE 750/1500W CON CONTROL REMOTO
01tVT000005mlxpYAA,7 PIECES PLASTIC WOOD DINING SET,SET COMEDOR 7 PIEZAS
01tVT000005mm7VYAQ,LAMP HEATER,CALENTADOR TECHO COLGANTE CON LUZ LED Y CONTROL REMOTO
01tVT000005mmPFYAY,LAMP HEATER,CALENTADOR SOBREMESA 750W/1500W CON CONTROL REMOTO
01tVT000005mmgzYAA,LAMP HEATER,CALENTADOR SOBREMESA 1500W
01tVT000005mmx7YAA,LAMP HEATER,CALENTADOR SOBREMESA 600W/1500W
01tVT000005mn1xYAA,GAS BBQ 6B WITH SIDE BURNER,ASADOR GAS RECTANGULAR
01tVT000005mn3aYAA,GAS BBQ 3B WITH SIDE BURNER,ASADOR GAS RECTANGULAR
01tVT000005mnwPYAQ,GAS BBQ 6B WITH SIDE BURNER,ASADOR GAS RECTANGULAR
01tVT000005mosTYAQ,GAS BBQ 4B WITH SIDE BURNER,ASADOR GAS RECTANGULAR
01tVT000005mpVBYAY,COMBO GRILL,ASADOR GAS RECTANGULAR
01tVT000005mpuzYAA,GAS GRILL,ASADOR GAS RECTANGULAR
01tVT000005mqB7YAI,WORKING TABLE,MESA DE SERVICIO
01tVT000005mqavYAA,OUTDOOR KITCHEN GROUP,PARRILLA GAS PLANCHA CON MESAS LATERALES Y RUEDAS
01tVT000005nV7pYAE,HEATER,CALENTADOR PATIO TECHO COLGANTE 1500W CON LUZ LED Y CONTROL REMOTO
01tVT000005pfflYAA,MARKET UMBRELLA WITH LED STRIP LIGHT WITH CENTRAL LIGHT,SOMBRILLA JARDIN 8 RIBS CON LUZ LED
01tVT000005pfsfYAA,TRIPLE LAYER MARKET UMBRELLA,SOMBRILLA JARDIN 8 RIBS CON CAPAS TRIPLES
01tVT000005pg7BYAQ,LED BULB BANANA UMBRELLA,SOMBRILLA JARDIN LATERAL HIERRO CON BOMBILLAS LED Y BASE EN CRUZ
01tVT000005s5ZKYAY,4 PIECES DINING SET,SET COMEDOR 4 PIEZAS
01tVT000005sgkBYAQ,DINING SET 1 TABLE + 6 CHAIRS,SET COMEDOR MDF + 6 SILLAS
01tVT000005sjBmYAI,DINING SET 1 TABLE + 6 CHAIRS,SET COMEDOR MDF + 6 SILLAS
01tVT000005ul1NYAQ,GRILL BBQ,ASADOR CARBON RECTANGULAR CON MESA LATERAL Y RUEDAS
01tVT000005ulnlYAA,CHARCOAL GRILL,ASADOR CARBON RECTANGULAR CON MESAS LATERALES Y RUEDAS
01tVT000005um0fYAA,CHARCOAL GRILL,ASADOR CARBON RECTANGULAR CON MESA LATERAL Y RUEDAS
01tVT000005umWvYAI,CHARCOAL GRILL,ASADOR CARBON RECTANGULAR DOBLE CON MESA LATERAL Y RUEDAS
01tVT000005umezYAA,CHARCOAL GRILL,ASADOR CARBON RECTANGULAR DOBLE CON MESA LATERAL Y RUEDAS
01tVT000005umjqYAA,PORTABLE CHARCOAL GRILL,ASADOR CARBON PORTATIL
01tVT000005umyLYAQ,CHARCOAL SMOKER,ASADOR CARBON AHUMADOR CILINDRICO
01tVT000005unKvYAI,PORTABLE CHARCOAL GRILL,ASADOR CARBON / GAS PORTATIL
01tVT000005unUbYAI,PORTABLE CHARCOAL GRILL,ASADOR CARBON PORTATIL
01tVT000005uneHYAQ,PORTABLE CHARCOAL GRILL,ASADOR CARBON PORTATIL
01tVT000005unsnYAA,PORTABLE CHARCOAL GRILL,ASADOR CARBON PORTATIL
01tVT000005uo45YAA,PORTABLE CHARCOAL GRILL,ASADOR CARBON PORTATIL
01tVT000005uoC9YAI,PORTABLE CHARCOAL GRILL,ASADOR CARBON PORTATIL CON RUEDAS
01tVT000005uphhYAA,ALUMINUM PERGOLA GAZEBO,GAZEBO CUADRADO
01tVT000005uqM1YAI,BBQ GRILL GAZEBO,GAZEBO CON PARRILLA PARA BARBACOA
01tVT000005uqp3YAA,GAZEBO WITH CURTAINS,GAZEBO CON CORTINAS
01tVT000005urGTYAY,GAZEBO WITH CURTAINS,GAZEBO CON CORTINAS
01tVT000005wwqLYAQ,DOUBLE ROOF METAL PANEL GAZEBO,GAZEBO CON CORTINAS
01tVT000005wxUgYAI,SQUARE GAZEBO,GAZEBO CUADRADO
01tVT000005wxsrYAA,DOUBLE ROOF PC PANEL GAZEBO WITH CURTAIN AND MOSQUITO NET,GAZEBO RECTANGULAR CON CORTINAS Y MOSQUITERA
01tVT000005x7CHYAY,PERSONAL TABLE,MESA RESINA PERSONAL
01tVT000005x7c6YAA,GAZEBO,GAZEBO CUADRADO
01tVT000005xfU6YAI,GAZEBO,GAZEBO HEXAGONAL CON MOSQUITERA Y DOBLE TECHO
01tVT000005xgefYAA,GAZEBO,GAZEBO CUADRADO MADERA Y METÁLICO CON DOBLE TECHO
01tVT000005xgpxYAA,GAZEBO,GAZEBO CUADRADO MADERA Y METÁLICO CON DOBLE TECHO
01tVT000005xh2rYAA,GAZEBO,GAZEBO RECTANGULAR MADERA Y METÁLICO
01tVT000005xhKbYAI,GAZEBO,GAZEBO RECTANGULAR ALUMINIO CON DOBLE TECHO
01tVT000005xrLZYAY,REVOLVING COFFEE TABLE,SET MESAS AUXILIARES 2 EN 1
01tVT000005xrNBYAY,PERSONAL TABLE,MESA RESINA PERSONAL
01tVT000005xrjlYAA,FOLDING RESIN CHAIR,SILLA RESINA PLEGABLE
01tVT000005xrqDYAQ,NIGHT STAND CABINET,MESA BURO 2 CAJONES CON LÁMPARA
01tVT000005xsEPYAY,PERSONAL TABLE,MESA RESINA PERSONAL
01tVT000005zHYwYAM,SIDE TABLE,MESA AUXILIAR
01tVT000005zc0fYAA,SIDE TABLE,MESA AUXILIAR
01tVT000005zcK2YAI,SIDE TABLE,MESA AUXILIAR
01tVT000005zdG5YAI,CABINET,MESA AUXILIAR 2 NIVELES CON 1 CAJÓN
01tVT000005zdkjYAA,SIDE TABLE,MESA AUXILIAR DOBLE
01tVT000005zdxdYAA,DESK,MESA ESCRITORIO
01tVT000005zdzFYAQ,COMPUTER DESK,MESA ESCRITORIO
01tVT000005zeAXYAY,DESK,MESA ESCRITORIO 2 NIVELES
01tVT000005zeIbYAI,SIDE TABLE,MESA AUXILIAR
01tVT000005zeLpYAI,DESK,MESA ESCRITORIO
01tVT000005zeX7YAI,DESK,MESA ESCRITORIO PLEGABLE
01tVT000005zeYjYAI,COMPUTER DESK,MESA ESCRITORIO
01tVT000005zegnYAA,NIGHT STAND,MESA BURO 1 CAJÓN
01tVT000005zeqTYAQ,COMPUTER DESK,MESA ESCRITORIO
01tVT000005zewvYAA,END TABLE,MESA AUXILIAR
01tVT000005zf8DYAQ,SIDE TABLE,MESA AUXILIAR
01tVT000005zfGHYAY,PLANT STAND,ESTANTERIA PLANTA DECORATIVA 5 NIVELES
01tVT000005zfWPYAY,SIDE TABLE,MESA AUXILIAR REDONDA CON 1 CAPA TELA
01tVT000005zfjJYAQ,COMPUTER DESK,MESA ESCRITORIO AUXILIAR 2 NIVELES CON RUEDAS
01tVT000005zfmXYAQ,4 TIERS SHOE RACK,ORGANIZADOR ZAPATOS 4 NIVELES
01tVT000005zfszYAA,BED TABLE,MESA BURO 1 CAJÓN
01tVT000005zg5tYAA,CABINET,MESA AUXILIAR CON RUEDAS
01tVT000005zgM1YAI,SIDE TABLE,MESA ESCRITORIO AUXILIAR 3 NIVELES CON REVISTERO
01tVT000005zgSTYAY,TV STAND,CENTRO ENTRETENIMIENTO 1 CAJON
01tVT000005zgYvYAI,COFFEE TABLE SET,MESA AUXILIAR 2 NIVELES CON 1 CAJÓN
01tVT000005zgicYAA,TV STAND,CENTRO ENTRETENIMIENTO 1 CAJON
01tVT000005zgnRYAQ,COFFEE TABLE,MESA AUXILIAR
01tVT000005zgvVYAQ,COMPUTER DESK,MESA ESCRITORIO
01tVT000005zh3nYAA,SIDE TABLE,MESA AUXILIAR
01tVT000005zh3oYAA,SIDE TABLE,MESA LATERAL AUXILIAR CON RUEDAS
01tVT000005zh5BYAQ,SIDE TABLE,SET MESAS AUXILIARES 2 PIEZAS
01tVT000005zhBdYAI,LAPTOP TABLE,MESA ESCRITORIO AJUSTABLE CON RUEDAS
01tVT000005ziPSYAY,DESK + SHELF,MESA ESCRITORIO CON ESTANTERIA 3 NIVELES 2 EN 1
01tVT000005ziZ8YAI,DESK,MESA ESCRITORIO CON 2 CAJONES
01tVT000005zk7tYAA,SIDE TABLE,MESA LATERAL AUXILIAR
01tVT000005zkO1YAI,SHELF,ESTANTERIA 3 NIVELES
01tVT000005zkeAYAQ,CABINET,CARRITO PELUQUERIA 2 NIVELES
01tVT000005zkizYAA,CONSOLE TABLE,MESA AUXILIAR 2 NIVELES
01tVT000005zksfYAA,NIGHT STAND,MESA BURO 2 CAJONES
01tVT000005zl3xYAA,NIGHT STAND,MESA BURO 2 CAJONES
01tVT000005zlAQYAY,CHAIR,SILLA ORDENADOR TELA
01tVT000005zlDdYAI,FOLDING DESK,MESA ESCRITORIO PLEGABLE
01tVT000005zlFGYAY,BOOKSHELF,ESTANTERIA 3 NIVELES CON REVISTERO
01tVT000005zlNKYAY,TV STAND,CENTRO ENTRETENIMIENTO EXTENSIBLE 3 CAJONES
01tVT000005zmBJYAY,SHOE RACK,BANCO ORGANIZADOR ZAPATOS CON ALMACENAMIENTO
01tVT000005zmo1YAA,CHAIR,SILLA ORDENADOR PVC
01tVT0000062IVFYA2,HEATER 1500W,CALENTADOR CON RUEDAS PANEL 6CM 1500W
01tVT0000062LhdYAE,PU COMPUTER CHAIR (1PC/1BOX),SILLA ORDENADOR PU (1PC/1BOX)
01tVT00000647FZYAY,HOME CHAIR,SILLA ORDENADOR
01tVT0000064ia6YAA,TABLE + SHELF SET,SET MESA + ESTANTERIA
01tVT0000064kdVYAQ,PVC COMPUTER CHAIR,SILLA ORDENADOR PVC
01tVT0000064kyTYAQ,OFFICE CHAIR,SILLA ORDENADOR MESH
01tVT0000064uTBYAY,Halogen heater,CALENTADOR TECHO COLGANTE 2000W CON CONTROL REMOTO
01tVT0000064uo9YAA,Infrared heater,CALENTADOR PISO 1500W CON CONTROL REMOTO
01tVT0000064wl7YAA,3D Fire PTC Heater,CALENTADOR PISO PTC 1200W CON FUEGO 3D Y CONTROL REMOTO
01tVT0000064wunYAA,3D Fire PTC Heater,CALENTADOR PISO PTC 1200W CON FUEGO 3D Y CONTROL REMOTO
01tVT00000667RZYAY,GRILL BBQ,ASADOR CARBON RECTANGULAR CON MESA LATERAL Y RUEDAS
01tVT0000066BQLYA2,PORTABLE CHARCOAL GRILL,ASADOR CARBON PORTATIL
01tVT0000066bKpYAI,PORTABLE CHARCOAL GRILL,ASADOR CARBON PORTATIL CON RUEDAS
01tVT0000066fmbYAA,PORTABLE CHARCOAL GRILL,ASADOR CARBON / GAS PORTATIL
01tVT0000066g5xYAA,PORTABLE CHARCOAL GRILL,ASADOR CARBON PORTATIL
01tVT0000066gAnYAI,FABRIC DINING CHAIR,SILLA DE COMEDOR TELA
01tVT0000066gCQYAY,CHARCOAL GRILL,ASADOR CARBON RECTANGULAR DOBLE CON MESA LATERAL Y RUEDAS
01tVT0000066gFdYAI,FABRIC DINING CHAIR,SILLA DE COMEDOR TELA
01tVT0000066gM5YAI,PORTABLE CHARCOAL GRILL,ASADOR CARBON PORTATIL
01tVT0000066gh3YAA,PORTABLE CHARCOAL GRILL,ASADOR CARBON PORTATIL
01tVT0000066h6rYAA,PORTABLE CHARCOAL GRILL,ASADOR CARBON PORTATIL
01tVT0000066hJlYAI,CHARCOAL SMOKER,ASADOR CARBON AHUMADOR CILINDRICO
01tVT0000066hWfYAI,CHARCOAL GRILL,ASADOR CARBON RECTANGULAR CON MESA LATERAL Y RUEDAS
01tVT0000066hjZYAQ,CHARCOAL GRILL,ASADOR CARBON RECTANGULAR CON MESAS LATERALES Y RUEDAS
01tVT0000066i2vYAA,CHARCOAL GRILL,ASADOR CARBON RECTANGULAR DOBLE CON MESA LATERAL Y RUEDAS
01tVT0000068SDPYA2,BAR STOOL,BANCO BAR PP
01tVT0000068VKwYAM,DINNING CHAIR,SILLA COMEDOR TELA
01tVT0000068WldYAE,BAR STOOL,BANCO BAR TERCIOPELO
01tVT0000068WqTYAU,DINNING CHAIR,SILLA COMEDOR
01tVT0000068WwvYAE,DINNING CHAIR,SILLA COMEDOR TELA
01tVT0000068XD3YAM,VINTAGE DINING CHAIR,SILLA COMEDOR VINTAGE
01tVT0000068XEfYAM,DINING CHAIR,SILLA DE COMEDOR
01tVT0000068XHtYAM,DINING CHAIR,SILLA DE COMEDOR
01tVT0000069FHJYA2,STAND STYLE ELECTRIC FIREPLACE HEATER,CALENTADOR FUEGO LED 127V/60HZ 750W/1500W
01tVT0000069FUDYA2,STOVE FIREPLACE HEATER,CALENTADOR FUEGO LED 127V/60HZ 750W/1500W
01tVT0000069HPZYA2,STAND STYLE ELECTRIC FIREPLACE HEATER,CALENTADOR FUEGO LED 127V/60HZ 750W/1500W
01tVT0000069HURYA2,CERAMIC HEATER 950W/750W/5W,CALENTADOR SOBREMESA CERAMICA 950W/750W/5W
01tVT0000069JJJYA2,ECO CERAMIC HEATER THERMOSTAT 1500W,CALENTADOR SOBREMESA CERAMICA ECO 1500W CON LED
01tVT0000069NEsYAM,DIGITAL CERAMIC FAN HEATER,CALENTADOR SOBREMESA OSCILANTE 1500W CERAMICA CON LED Y CONTROL REMOTO
01tVT0000069Nl8YAE,DIGITAL CERAMIC FAN HEATER,CALENTADOR SOBREMESA OSCILANTE 1500W CERAMICA CON LED Y CONTROL REMOTO
01tVT0000069NmjYAE,DIGITAL TOWER CERAMIC FAN HEATER,CALENTADOR TORRE OSCILANTE 1500W CERAMICA CON LED Y CONTROL REMOTO
01tVT0000069OIzYAM,CERAMIC FAN HEATER,CALENTADOR SOBREMESA OSCILANTE 1500W CERAMICA
01tVT0000069OdxYAE,COVER OIL HEATER,RADIADOR ACEITE 127V 1500W CON RUEDAS
01tVT0000069OndYAE,OIL HEATER,RADIADOR ACEITE 127V 1500W CON RUEDAS Y LED
01tVT0000069P0XYAU,OIL HEATER,RADIADOR ACEITE 127V 1500W CON RUEDAS
01tVT0000069QxVYAU,ECO CERAMIC HEATER THERMOSTAT 1500W,CALENTADOR TORRE CERAMICA ECO TERMOSTATO 1500W
01tVT0000069RrxYAE,ECO CERAMIC HEATER THERMOSTAT 1500W,CALENTADOR TORRE CERAMICA ECO TERMOSTATO 1500W LED CONTROL REMOTO
01tVT0000069SODYA2,CERAMIC HEATER WITH LED AND REMOTE CONTROL 1500W,CALENTADOR TORRE CERAMICA 1500W CON LED CONTROL REMOTO
01tVT0000069yJFYAY,BOOKSHELF,APARADOR 3 PUERTAS + 3 HUECOS
01tVT0000069yRJYAY,2*3 CUBES,ESTANTERIA 3 NIVELES
01tVT0000069ycbYAA,BOOKSHELF,ESTANTERIA 3 NIVELES
01tVT0000069yj3YAA,3*3 CUBES,ESTANTERIA 3 NIVELES
01tVT0000069yvxYAA,BOOKSHELF,ESTANTERIA 3 NIVELES
01tVT0000069zOzYAI,BOOKSHELF,ESTANTERIA 3 NIVELES
01tVT000006A0JSYA0,BOOKSHELF,ESTANTERIA 6 NIVELES
01tVT000006A0uXYAS,BOOKSHELF,ESTANTERIA 6 NIVELES CON 2 CAJONES
01tVT000006Apc6YAC,ENTERTAINMENT CENTER 2 DRAWERS,CENTRO ENTRETENIMIENTO 2 CAJONES
01tVT000006ApqcYAC,SIDEBOARD 2 DOORS + 1 DRAWER,APARADOR 2 PUERTAS + 1 CAJON
01tVT000006Aq6kYAC,4 tier shelf,ESTANTERIA 4 NIVELES
01tVT000006Ar1BYAS,DESK WITH 2 DRAWERS,APARADOR 2 CAJONES
01tVT000006AsV7YAK,TV STAND,CENTRO ENTRETENIMIENTO 4 CAJONES
01tVT000006AsenYAC,5 tier shelf,ESTANTERIA 5 NIVELES
01tVT000006BcJRYA0,BATHROOM SHELF,ESTANTERIA BAÑO WC 4 NIVELES
01tVT000006BcmTYAS,COAT RACK,SET PERCHERO ORGANIZADOR CON DOBLE CAJONERA 4 NIVELES Y ZAPATERO 2 NIVELES
01tVT000006BhRCYA0,FOLDING HDPE CHAIR DOUBLE REINFORCEMENT,SILLA RESINA DOBLE
01tVT000006Biv8YAC,PERSONAL TABLE,MESA RESINA PERSONAL
01tVT000006BizxYAC,PERSONAL TABLE,MESA RESINA PERSONAL
01tVT000006BjMXYA0,FOLDING BENCH,BANCA RESINA PLEGABLE
01tVT000006DXh3YAG,UMBRELLA,SOMBRILLA JARDIN 8 RIBS
01tVT000006DZpJYAW,SHOE RACK,ORGANIZADOR ZAPATOS 3 NIVELES
01tVT000006Dhi1YAC,COFFEE TABLE,MESA AUXILIAR RECTANGULAR MADERA
01tVT000006DiHVYA0,END TABLE,MESA AUXILIAR CUADRADA MADERA
01tVT000006EEu5YAG,DINING SET,SET COMEDOR MDF Y MADERA + 4 SILLAS
01tVT000006EFDRYA4,DINING SET,SET COMEDOR MDF Y MADERA + 6 SILLAS
01tVT000006EFTZYA4,DINING SET,SET COMEDOR MADERA + 8 SILLAS
01tVT000006EFoXYAW,DINING SET,SET COMEDOR MDF CIRCULAR AHORRAESPACIO + 4 SILLAS
01tVT000006EFqAYAW,COFFEE TABLE SET,SET DE MESA AUXILIAR
01tVT000006EGW5YAO,DINING SET 1 TABLE + 6 CHAIRS,SET COMEDOR CENIZA + 6 SILLAS
01tVT000006EGmDYAW,DINING SET 1 TABLE + 6 CHAIRS,SET COMEDOR CENIZA + 6 SILLAS
01tVT000006EH3xYAG,DINING SET 1 TABLE + 6 CHAIRS,SET COMEDOR + 6 SILLAS
01tVT000006EH8oYAG,DINING SET 1 TABLE + 6 CHAIRS,SET COMEDOR MADERA DE CAUCHO + 6 SILLAS
01tVT000006EHdRYAW,DINING SET 1 TABLE + 6 CHAIRS,SET COMEDOR CENIZA + 6 SILLAS
01tVT000006EIG9YAO,DINING SET 1 TABLE + 6 CHAIRS,SET COMEDOR + 6 SILLAS
01tVT000006EIGAYA4,DINING SET 1 TABLE + 4 CHAIRS,SET COMEDOR MADERA DE CAUCHO + 4 SILLAS
01tVT000006EIhZYAW,SHELF WITH DRAWER AND CASTORS,CAJONERA 1 NIVEL + ESTANTE CON RUEDAS
01tVT000006EJCDYA4,SHELF WITH DRAWER AND CASTORS,CAJONERA 3 NIVELES + ESTANTE CON RUEDAS
01tVT000006EJLtYAO,COFFEE TABLE,MESA AUXILIAR
01tVT000006EJddYAG,DINING SET 1 TABLE + 6 CHAIRS,SET COMEDOR + 6 SILLAS
01tVT000006EKHxYAO,DINING SET,SET COMEDOR 5 PIEZAS
01tVT000006EKTGYA4,CHROME WIRE SHELF RACK 4 TIERS,ESTANTERIA METALICA 4 NIVELES
01tVT000006EKbJYAW,OFFICE CHAIR,SILLA ORDENADOR MESH
01tVT000006EKeXYAW,DINING SET 1 TABLE + 6 CHAIRS,SET COMEDOR + 6 SILLAS
01tVT000006EKufYAG,SHELF,PERCHERO ORGANIZADOR 4 NIVELES
01tVT000006EL9BYAW,SHELF,PERCHERO ORGANIZADOR 1 NIVEL + 3 CAJONES
01tVT000006ELIrYAO,SHELF,PERCHERO ORGANIZADOR 3 NIVELES + 2 CAJONES
01tVT000006ELifYAG,ACCENT CHAIR,SILLON TELA
01tVT000006EM6sYAG,DINING SET,SET COMEDOR MDF CUADRADO AHORRAESPACIO + 4 SILLAS
01tVT000006EPhRYAW,DINING SET,SET COMEDOR MDF AHORRAESPACIO + 6 SILLAS
01tVT000006EQ41YAG,DINING SET,SET COMEDOR MDF CUADRADO AHORRAESPACIO + 4 SILLAS
01tVT000006EQFJYA4,DINING SET,SET COMEDOR MDF CUADRADO AHORRAESPACIO + 4 SILLAS
01tVT000006EQK9YAO,GARMENT RACK,SET ESTANTERIA CON PERCHERO Y RUEDAS
01tVT000006EQX3YAO,SHOE RACK,PERCHERO ZAPATERO
01tVT000006ERHpYAO,CHROME WIRE SHELF RACK 3 TIERS,ESTANTERIA METALICA 3 NIVELES
01tVT000006ERkrYAG,CHROME WIRE SHELF RACK 5 TIERS,ESTANTERIA METALICA 5 NIVELES
01tVT000006Ey0rYAC,DINING SET,SET COMEDOR MDF CIRCULAR AHORRAESPACIO + 4 SILLAS
01tVT000006F2VtYAK,DINING SET,SET COMEDOR PIEDRA E HIERRO + 4 SILLAS
01tVT000006F329YAC,DINING SET,SET COMEDOR MDF + 6 SILLAS
01tVT000006F3RxYAK,DINING SET,SET COMEDOR MDF + 2 SILLAS COMEDOR + 2 SILLAS GIRATORIAS + 1 BANCO
01tVT000006F3lJYAS,DINING SET,SET COMEDOR CRISTAL + 4 SILLAS
01tVT000006F7nJYAS,COFFEE TABLE,MESA CENTRO CRISTAL 2 NIVELES
01tVT000006F81pYAC,COFFEE TABLE,MESA CENTRO CRISTAL 2 NIVELES
01tVT000006F8HxYAK,COFFEE TABLE,MESA AUXILIAR REDONDA CRISTAL
01tVT000006F8bJYAS,COFFEE TABLE,MESA AUXILIAR REDONDA CRISTAL
01tVT000006F8jNYAS,COFFEE TABLE,MESA AUXILIAR REDONDA CRISTAL
01tVT000006FBhFYAW,LAPTOP TRAY WITH CUP HOLDER,BANDEJA LAPTOP CON PORTAVASOS
01tVT000006FCF7YAO,Bookshelf  with 2 doors,ESTENTERIA 3 NIVELES CON 2 PUERTAS
01tVT000006FZwVYAW,NIGHT STAND,MESA BURO 1 CAJON
01tVT000006FasYYAS,SIDE BOARD,CENTRO ENTRETENIMIENTO 3 NIVELES CON 2 CAJONES
01tVT000006FauAYAS,TV STAND,CENTRO ENTRETENIMIENTO 2 NIVELES CON 2 CAJONES
01tVT000006FkrtYAC,COFFEE TABLE,MESA AUXILIAR
01tVT000006FleHYAS,COFFEE TABLE SET,MESA AUXILIAR 2 PIEZAS
01tVT000006FlsnYAC,COFFEE TABLE,MESA AUXILIAR
01tVT000006FmYjYAK,COFFEE TABLE SET,MESA AUXILIAR 2 PIEZAS
01tVT000006FmnFYAS,COFFEE TABLE,MESA AUXILIAR
01tVT000006FnGHYA0,5 PIECES DINING SET,SET COMEDOR CRISTAL + 4 SILLAS
01tVT000006FrTZYA0,COFFEE TABLE,MESA AUXILIAR REDONDA MDF
01tVT000006FryDYAS,COFFEE TABLE,MESA AUXILIAR REDONDA MDF
01tVT000006FsFxYAK,DINING SET,SET COMEDOR CRISTAL + 6 SILLAS
01tVT000006FsW5YAK,DINING SET,SET COMEDOR PIEDRA E HIERRO + 4 SILLAS
01tVT000006FsW6YAK,LEISURE SOFA,SILLON TELA
01tVT000006FtSAYA0,WOODEN WINE RACK,APARADOR COCINA
01tVT000006FtSBYA0,WOODEN TROLLEY,CARRITO ISLA COCINA
01tVT000006Fw0DYAS,OTTOMAN,SILLÓN OTTOMAN
01tVT000006FwQ1YAK,OTTOMAN,SILLÓN OTTOMAN PLEGABLE
01tVT000006FwUrYAK,WOOD KITCHEN CART,APARADOR COCINA
01tVT000006FwhlYAC,WOODEN TROLLEY,CARRITO ISLA COCINA
01tVT000006FwmbYAC,LEISURE SOFA,SILLON TELA
01tVT000006FwoDYAS,LEISURE SOFA,SILLON TELA + REPOSA PIES
01tVT000006FwppYAC,STOOL WITH STORAGE,TABURETE CON ALMACENAJE
01tVT000006FwrRYAS,STOOL WITH STORAGE,TABURETE CON ALMACENAJE
01tVT000006FwwHYAS,WOODEN TROLLEY,CARRITO AUXILIAR 2 NIVELES
01tVT000006Fx4MYAS,WOODEN KITCHEN CART,CARRITO ISLA COCINA
01tVT000006FxXNYA0,WOODEN KITCHEN CART,CARRITO ISLA COCINA
01tVT000006FymnYAC,WOODEN TROLLEY,CARRITO ORGANIZADOR COCINA 3 NIVELES
01tVT000006Fz2vYAC,BAMBOO TROLLEY,CARRITO ORGANIZADOR COCINA 2 NIVELES
01tVT000006FzEDYA0,WOODEN KITCHEN CART,CARRITO ISLA COCINA
01tVT000006FzHSYA0,BAMBOO CABINET,CARRITO ORGANIZADOR COCINA
01tVT000006FzJ3YAK,WOODEN KITCHEN CART,CARRITO ISLA COCINA
01tVT000006GU8LYAW,SIDE TABLE,MESA AUXILIAR
01tVT000006GUoHYAW,SIDE TABLE,MESA AUXILIAR
01tVT000006GY8jYAG,KITCHEN ISLAND,CARRITO ISLA COCINA
01tVT000006GaKEYA0,COMPUTER DESK,MESA ESCRITORIO + LIBRERO 3 NIVELES
01tVT000006GadZYAS,LOVE SEAT SOFA,SOFA 2 PLAZAS
01tVT000006GathYAC,SOFA BED,SOFA CAMA
01tVT000006Gb3NYAS,FOLDABLE SOFA BED,SOFA CAMA PLEGABLE
01tVT000006GbBRYA0,FABRIC CHAIR,SILLON TELA
01tVT000006GbJVYA0,SOFA 2 SEATS,SOFA 2 PLAZAS
01tVT000006GbRZYA0,FABRIC CHAIR,SILLION TELA
01tVT000006Gc2fYAC,COMPUTER DESK,MESA ESCRITORIO
01tVT000006GcCLYA0,GAMING CHAIR,SILLA GAMING
01tVT000006Ge4UYAS,COMPUTER DESK,MESA ESCRITORIO
01tVT000006Ge7hYAC,COMPUTER DESK,MESA ESCRITORIO PLEGABLE
01tVT000006GeCXYA0,COMPUTER DESK,MESA ESCRITORIO
01tVT000006GeMDYA0,DESK + SHELF,MESA ESCRITORIO + ESTANTE
01tVT000006GefZYAS,SHELF 3 LEVELS,ESTANTERIA 3 NIVELES
01tVT000006Gem1YAC,SIDE TABLE,MESA AUXILIAR
01tVT000006GeyvYAC,COMPUTER DESK,MESA ESCRITORIO
01tVT000006GfADYA0,SIDE TABLE,MESA AUXILIAR
01tVT000006GfBpYAK,COMPUTER DESK,MESA ESCRITORIO
01tVT000006IfdyYAC,COFFEE TABLE,MESA AUXILIAR
01tVT000006IfpFYAS,COFFEE TABLE,MESA AUXILIAR
01tVT000006IgDRYA0,COFFEE TABLE,MESA AUXILIAR
01tVT000006IgRxYAK,COFFEE TABLE,MESA AUXILIAR
01tVT000006IgbdYAC,COFFEE TABLE,MESA AUXILIAR
01tVT000006IgoXYAS,SIDE TABLE,MESA AUXILIAR
01tVT000006IgwbYAC,SIDE TABLE,MESA AUXILIAR
01tVT000006Ih6HYAS,SIDE TABLE,MESA AUXILIAR
01tVT000006IkDpYAK,STEEL KNOCKDOWN LOUNGE CHAIR,TUMBONA PLAYA METALICA
01tVT000006IkvNYAS,LOVE SEAT RECLINER,SILLON RECLINABLE DOBLE
01tVT000006Imh4YAC,LOVE SEAT RECLINER,SILLON RECLINABLE DOBLE
01tVT000006Imh5YAC,POWER LIFT RECLINER CHAIR,SILLON RECLINABLE ELECTRICO TRANSFORMER
01tVT000006ImnWYAS,KITCHEN ISLAND,CARRITO ISLA COCINA
01tVT000006Ind7YAC,SHELF,SET BANDEJAS 3 NIVELES ORGANIZADOR
01tVT000006IoCbYAK,CORNER RECLINER SOFA,SILLON RECLINABLE MANUAL CORNER
01tVT000006IoULYA0,KITCHEN ISLAND,CARRITO ISLA COCINA
01tVT000006IocPYAS,LOVE SEAT RECLINER,SILLON RECLINABLE DOBLE
01tVT000006IoyzYAC,TROLLEY,CARRITO AUXILIAR 3 NIVELES
01tVT000006IpDVYA0,5 PIECES CONVERSATION SET WITH CUSHION,SALA DE PATIO EUCALIPTO 5 PIEZAS CON COJIN
01tVT000006IpS1YAK,POWER LIFT RECLINER CHAIR,SILLON RECLINABLE ELECTRICO TRANSFORMER
01tVT000006IpWrYAK,3 PIECES CHAT SET WITH CUSHION,SET BISTRO EUCALIPTO 3 PIEZAS CON COJIN
01tVT000006IpWsYAK,KITCHEN ISLAND,CARRITO ISLA COCINA
01tVT000006IplNYAS,5 PIECES LOUNGE DINING SET,SET COMEDOR EUCALIPTO 5 PIEZAS
01tVT000006IqcbYAC,TROLLEY,CARRITO AUXILIAR 2 NIVELES
01tVT000006IqpVYAS,TROLLEY,CARRITO AUXILIAR 2 NIVELES
01tVT000006IrdVYAS,KITCHEN TROLLEY,CARRITO AUXILIAR 3 NIVELES
01tVT000006Is05YAC,TROLLEY,CARRITO AUXILIAR 3 NIVELES
01tVT000006IsBNYA0,TROLLEY,CARRITO AUXILIAR 3 NIVELES
01tVT000006IsmTYAS,KITCHEN TROLLEY,CARRITO AUXILIAR 3 NIVELES
01tVT000006ItiXYAS,5 PIECES POLYWOOD DINING SET,SET COMEDOR 5 PIEZAS CON COJIN
01tVT000006ItozYAC,7 PIECES POLYWOOD DINING SET,SET COMEDOR 7 PIEZAS CON COJIN
01tVT000006Iu3VYAS,POLYWOOD LOUNGE,TUMBONA
01tVT000006JOCrYAO,3 SEATER COMPRESSED SOFA,SOFA 3 PLAZAS
01tVT000006JOpZYAW,2 SEATER COMPRESSED SOFA,SOFA 2 PLAZAS
01tVT000006JRVhYAO,COMPRESSED SOFA,SILLON CAMA FUTÓN
01tVT000006JSoLYAW,SOFA,SOFA SECCIONAL CHESLONG ELECTRICA
01tVT000006JThCYAW,OFFICE CHAIR,SILLA ORDENADOR MESH
01tVT000006JUerYAG,FABRIC FOLDING CHAIR,SILLA PLEGABLE ACOLCHADA TELA
01tVT000006JUzsYAG,HOME CHAIR,SILLA ORDENADOR
01tVT000006JVflYAG,SOFA,SOFA CAMA ELECTRICA
01tVT000006JVuHYAW,SOFA,SOFA 2 PLAZAS RECLINABLE ELECTRICA
01tVT000006JWC1YAO,SOFA,SOFA 2 PLAZAS RECLINABLE ELECTRICA
01tVT000006JWYbYAO,SOFA,SOFA 3 PLAZAS RECLINABLE ELECTRICA
01tVT000006JXHlYAO,STAINARY SOFA,SOFA 2 PLAZAS
01tVT000006JXxhYAG,STAINARY SOFA,SOFA 2 PLAZAS
01tVT000006JYNVYA4,HOME CHAIR,SILLA ORDENADOR
01tVT000006JYfFYAW,HOME CHAIR,SILLA ORDENADOR
01tVT000006JYvNYAW,HOME CHAIR,SILLA ORDENADOR
01tVT000006JZ9tYAG,HOME CHAIR,SILLA ORDENADOR
01tVT000006JZQ1YAO,HOME CHAIR,SILLA ORDENADOR
01tVT000006JZZhYAO,OFFICE CHAIR,SILLA ORDENADOR MESH
01tVT000006K7Q5YAK,RECLINER CHAIR,SILLON RECLINABLE ELECTRICO TRANSFORMER
01tVT000006K7hpYAC,RECLINER CHAIR,SILLON RECLINABLE ELECTRICO TRANSFORMER
01tVT000006K7rVYAS,RECLINER CHAIR,SILLON RECLINABLE ELECTRICO TRANSFORMER
01tVT000006K8IvYAK,RECLINER CHAIR,SILLON RECLINABLE ELECTRICO TRANSFORMER
01tVT000006K8VpYAK,RECLINER CHAIR,SILLON RECLINABLE ELECTRICO TRANSFORMER
01tVT000006K8qnYAC,LEISURE CHAIR,SILLON RECLINABLE PU + REPOSAPIÉS
01tVT000006K93hYAC,LEISURE CHAIR,SILLON RECLINABLE PU + REPOSAPIÉS
01tVT000006K9BlYAK,RECLINER CHAIR,SILLON RECLINABLE MANUAL TRANSFORMER
01tVT000006KLG9YAO,DINING SET 1 TABLE + 6 CHAIRS,SET COMEDOR CENIZA + 6 SILLAS
01tVT000006KpB0YAK,DINING TABLE,MESA ESTANTERIA 2 EN 1 MULTIFUNCIONAL HIERRO
01tVT000006KudhYAC,DINING TABLE,MESA COMEDOR REDONDA MDF EXTENSIBLE
01tVT000006KvEnYAK,DINING TABLE,MESA MULTIFUNCIONAL MDF 3 EN 1
01tVT000006KvUvYAK,DINING TABLE,MESA CAMA 2 EN 1 MULTIFUNCIONAL MDF
01tVT000006KyUPYA0,DINING TABLE,MESA DE CONSOLA Y COMEDOR 2 EN 1 MDF EXTENSIBLE
01tVT000006L1NRYA0,DINING TABLE,MESA COMEDOR REDONDA PLEGABLE MDF
01tVT000006L1vJYAS,DINING TABLE,MESA COMEDOR REDONDA PLEGABLE MDF
01tVT000006L2TBYA0,DINING TABLE,MESA COMEDOR REDONDA PLEGABLE MDF
01tVT000006L2ZeYAK,EXPANDABLE BENCH,BANCO 6 PLAZAS EXTENSIBLE
01tVT000006L2mYYAS,DINING TABLE,MESA COMEDOR RECTANGULAR EXTENSIBLE CERAMICA Y VIDRIO
01tVT000006L3lpYAC,DINING TABLE,MESA COMEDOR RECTANGULAR EXTENSIBLE MDF
01tVT000006L4A1YAK,DINING TABLE,MESA COMEDOR RECTANGULAR EXTENSIBLE Y AJUSTABLE
01tVT000006L51GYAS,MANUAL 3 SEATER RECLINER SOFA,SOFA 3 PLAZAS RECLINABLE MANUAL
01tVT000006L5CXYA0,RECLINER CHAIR,SOFA 2 PLAZAS RECLINABLE ELECTRICA
01tVT000006L5FmYAK,FOLDING SOFA BED,SOFA CAMA PLEGABLE
01tVT000006L5u5YAC,MANUAL RECLINER CHAIR,SILLON RECLINABLE MANUAL TRANSFORMER
01tVT000006L6erYAC,2 SEATER COMPRESSED SOFA,SOFA 2 PLAZAS
01tVT000006L7cXYAS,RECLINER SOFA SET,SET SOFA RECLINABLE ESQUINA PU
01tVT000006L7npYAC,RECLINER SOFA SET,SET SOFA RECLINABLE ESQUINA PU
01tVT000006L7sgYAC,RECLINER SOFA SET,SET SOFA RECLINABLE ELECTRICA ESQUINA PU
01tVT000006LGmHYAW,DINING SET 1 TABLE + 4 CHAIRS,SET COMEDOR + 4 SILLAS
01tVT000006LHGvYAO,DINING SET 1 TABLE + 6 CHAIRS,SET COMEDOR + 6 SILLAS
01tVT000006LIPtYAO,DINING SET 1 TABLE + 6 CHAIRS,SET COMEDOR+ 6 SILLAS
01tVT000006LIo5YAG,DINING SET 1 TABLE + 6 CHAIRS,SET COMEDOR+ 6 SILLAS
01tVT000006LJDtYAO,DINING SET 1 TABLE + 6 CHAIRS,SET COMEDOR+ 6 SILLAS
01tVT000006LJgvYAG,DINING SET 1 TABLE + 4 CHAIRS,SET COMEDOR+ 4 SILLAS
01tVT000006LKBZYA4,DINING SET 1 TABLE + 6 CHAIRS,SET COMEDOR+ 6 SILLAS
01tVT000006LLsPYAW,COFFEE TABLE,MESA DE CENTRO
01tVT000006LMOfYAO,COCKTAIL TABLE,MESA DE CÓCTEL
01tVT000006LMlFYAW,COCKTAIL TABLE,MESA DE CÓCTEL
01tVT000006LNB3YAO,COFFEE TABLE,MESA DE CENTRO
01tVT000006LNarYAG,COFFEE TABLE,MESA DE CENTRO
01tVT000006LNsbYAG,COFFEE TABLE,MESA DE CENTRO
01tVT000006LjBZYA0,DINING TABLE,MESA COMEDOR RECTANGULAR MDF
01tVT000006LjQ5YAK,DINING TABLE,MESA COMEDOR ELIPTICA MDF
01tVT000006LlDNYA0,DINING TABLE,MESA COMEDOR RECTANGULAR PIEDRA
01tVT000006LlF1YAK,DINING TABLE,MESA COMEDOR REDONDA MDF
01tVT000006LlQHYA0,DINING TABLE,MESA COMEDOR RECTANGULAR PIEDRA
01tVT000006LlenYAC,DINING TABLE,MESA COMEDOR ELIPTICA PIEDRA
01tVT000006LloTYAS,DINING TABLE,MESA COMEDOR REDONDA PIEDRA
01tVT000006Lly9YAC,DINING TABLE,MESA COMEDOR RECTANGULAR MDF
01tVT000006LmHVYA0,DINING TABLE,MESA COMEDOR RECTANGULAR MDF
01tVT000006LmZFYA0,DINNING CHAIR,SILLA COMEDOR TERCIOPELO
01tVT000006Ln8kYAC,DINNING CHAIR,SILLA COMEDOR PU
01tVT000006LnblYAC,DINNING CHAIR,SILLA COMEDOR LINO
01tVT000006LnjpYAC,DINING CHAIR,SILLA COMEDOR TELA
01tVT000006LnwjYAC,DINNING CHAIR,SILLA COMEDOR LINO
01tVT000006Lo81YAC,DINNING CHAIR,SILLA COMEDOR GIRATORIA TELA
01tVT000006LoWEYA0,DINNING CHAIR,SILLA COMEDOR LINO
01tVT000006LoftYAC,DINNING CHAIR,SILLA COMEDOR GIRATORIA TELA
01tVT000006LopZYAS,DINNING CHAIR,SILLA COMEDOR TELA
01tVT000006Lp0sYAC,DINNING CHAIR,SILLA COMEDOR LINO
01tVT000006Lp8vYAC,DINNING CHAIR,SILLA COMEDOR PELO
01tVT000006LpnFYAS,DINNING CHAIR,SILLA COMEDOR TELA
01tVT000006LrkDYAS,SOFA TABLE,MESA DE SOFÁ
01tVT000006LrttYAC,NARROW END TABLE WITH USB PORT,MESA ESTRECHA CON PUERTO USB
01tVT000006Ls1xYAC,END TABLE WITH USB PORT,MESA ESTRECHA CON PUERTO USB
01tVT000006PRzGYAW,COFFEE TABLE SET,SET MESAS AUXILIARES 2 PIEZAS
01tVT000006PS2UYAW,Computer desk,MESA ESCRITORIO
01tVT000006V4S6YAK,SIDEBOARD,APARADOR 4 HUECOS + 2 PUERTAS + 3 CAJONES
01tVT000006V56PYAS,SHELF,ESTANTERIA 5 NIVELES CON 2 HUECOS
01tVT000006V5PlYAK,DESK,MESA ESCRITORIO
01tVT000006V5eHYAS,SHELF,ESTANTERIA 5 NIVELES
01tVT000006V645YAC,DESK,MESA ESCRITORIO
01tVT000006V71lYAC,TV STAND,CENTRO ENTRETENIMIENTO 2 PUERTAS
01tVT000006V7HtYAK,SIDEBOARD,APARADOR 4 HUECOS + 2 CAJONES
01tVT000006V7UnYAK,SIDEBOARD,APARADOR 2 HUECOS + 2 PUERTAS + 4 CAJONES
01tVT000006VBDRYA4,SOFA TABLE,MESA DE SOFÁ
01tVT000006VBgTYAW,END TABLE,MESA AUXILIAR
01tVT000006VByDYAW,CHAIR SIDE TABLE,MESA AUXILIAR
01tVT000006VCpRYAW,SIDEBOARD,APARADOR 1 HUECO + CAJONES
01tVT000006VD3xYAG,CONSOLE TABLE,MESA DE CONSOLA
01tVT000006VDC1YAO,END TABLE,MESA AUXILIAR
01tVT000006VFFRYA4,TV STAND,CENTRO ENTRETENIMIENTO 2 CAJONES
01tVT000006VFYnYAO,SIDEBOARD,APARADOR 3 HUECOS
01tVT000006VFvNYAW,TV STAND,CENTRO ENTRETENIMIENTO 1 NIVEL CON CAJONES
01tVT000006VG6fYAG,SIDEBOARD,APARADOR 4 CAJONES
01tVT000006VGGLYA4,END TABLE,MESA AUXILIAR
01tVT000006VGQ1YAO,TV STAND,CENTRO ENTRETENIMIENTO 1 HUECO
01tVT000006VGhlYAG,END TABLE,MESA AUXILIAR
01tVT000006VHU9YAO,COAT HANGER,PERCHERO ORGANIZADOR INFANTIL 1 NIVEL
01tVT000006VHnVYAW,BOOKCASE,ESTANTERIA PARA LIBROS CON PUERTAS
01tVT000006VIhxYAG,DESK,MESA ESCRITORIO INFANTIL
01tVT000006VJ2vYAG,BEDSIDE,MESA BURO 1 CAJON INFANTIL
01tVT000006VJJ3YAO,BED,ESTRUCTURA CAMA INFANTIL
01tVT000006VJSjYAO,GARDEN UMBRELLA 8 RIBS,SOMBRILLA JARDIN 8 RIBS
01tVT000006VL4jYAG,TREE BOOKCASE,ESTANTERIA PARA LIBROS CON RUEDAS
01tVT000006VLEPYA4,SOFA TABLE,MESA DE SOFÁ
01tVT000006VLPhYAO,TREE BOOKCASE,ESTANTERIA PARA LIBROS 4 NIVELES
01tVT000006VLW9YAO,END TABLE,MESA AUXILIAR
01tVT000006VLntYAG,CHAIR SIDE TABLE,MESA AUXILIAR
01tVT000006VM5dYAG,TOY ORGANIZER WITH 10 BINS,JUGUETERO 10 CAJONES DE PLASTICO INFANTIL
01tVT000006VyxJYAS,TABLE $ 2 CHAIRS SET,SET MESA CON JUGUETERO + SILLAS INFANTILES
01tVT000006VzIHYA0,LEARNING TOWER,TABURETE DE APRENDIZAJE INFANTIL CON 2 PASOS
01tVT000006VzVCYA0,TABLE & 2 RABBIT CHAIRS SET,SET MESA + SILLAS CONEJO INFANTIL
01tVT000006VzrlYAC,TABLE & 2 CHAIRS SET,SET MESA + SILLAS INFANTIL
01tVT000006W3TxYAK,BENCH,BANCO JARDIN ACACIA CON COJINES
01tVT000006W3vNYAS,ARMCHAIR,SILLON JARDIN ACACIA CON COJIN
01tVT000006W4LBYA0,TABLE,MESA JARDIN RECTANGULAR ACACIA CONVERSACIÓN
01tVT000006W4bJYAS,BENCH,BANCO JARDIN ACACIA CON COJINES
01tVT000006W4oDYAS,ARMCHAIR,SILLON JARDIN ACACIA CON COJIN
01tVT000006W4zVYAS,TABLE,MESA JARDIN RECTANGULAR ACACIA CONVERSACIÓN
01tVT000006YkhiYAC,SINGLE SOFA,SILLON JARDIN POLIMADERA CON COJIN
01tVT000006Yko9YAC,2-SEAT SOFA,BANCO JARDIN 2 PLAZAS POLIMADERA CON COJINES
01tVT000006YlCLYA0,TABLE,MESA JARDIN RECTANGULAR POLIMADERA CONVERSACIÓN
01tVT000006YlPFYA0,SIDE TABLE,MESA AUXILIAR CUADRADA POLIMADERA
01tVT000006YlfNYAS,ARMCHAIR,SILLON JARDIN ALUMINIO CON COJIN
01tVT000006YlnRYAS,ARMCHAIR,SILLON JARDIN ALUMINIO CON COJIN
01tVT000006YlvVYAS,LOVESEAT,BANCO JARDIN 2 PLAZAS ALUMINIO CON COJINES
01tVT000006Ym5BYAS,LOVESEAT,BANCO JARDIN 2 PLAZAS ALUMINIO CON COJINES
01tVT000006YmErYAK,COFFEE TABLE,MESA JARDIN RECTANGULAR POLIMADERA CONVERSACIÓN
01tVT000006YmOXYA0,COFFEE TABLE,MESA JARDIN RECTANGULAR TEAK CONVERSACIÓN
01tVT000006Yo3lYAC,CHILDREN CHAIR WITH CUSHION,SILLA INFANTIL CON ALMOHADÓN
01tVT000006YpJBYA0,CHILDREN DESK,MESA INFANTIL
01tVT000006YqlVYAS,KIDS ROCKING CHAIR,MECEDORA INFANTIL
01tVT000006YrODYA0,DESK AND CHAIR SET,SET MESA Y SILLA CON COJIN
01tVT000006YrjBYAS,KIDS CHAIR,SILLA INFANTIL
01tVT000006YtUrYAK,SHELF FOR BOOKS WITH STORAGE,ESTANTERIA PARA LIBROS CON ARMARIO
01tVT000006YtppYAC,KIDS BOOKRACK,LIBRERIA INFANTIL
01tVT000006YwSjYAK,BALANCE BOARD,TABLA DE EQUILIBRIO
01tVT000006YxS1YAK,CLIMBING TRIANGLE WITH RAMP,TRIANGULO DE ESCALADA CON TABLA
01tVT000006YxevYAC,CLIMBING TRIANGLE,TRIANGULO DE ESCALADA
01tVT000006Yy1VYAS,DRAVING BOARL,PIZARRA DOBLE
01tVT000006YztdYAC,ROCKING CHAIR WITH STOOL,MECEDORA INFANTIL CON HECES
01tVT000006Z15pYAC,BABY CHANGING TABLE,CAMBIO DE BEBE CON STORAGE
01tVT000006Z1iXYAS,MULTIFUNCTION BABY BEDSIDE,CUNA MULTIFUNCIONAL
01tVT000006Z2t7YAC,BABY DINING CHAIR,SILLA INFANTIL COMEDOR
01tVT000006ZWw1YAG,KIDS TABLE AND 2 CHAIRS,SET MESA + SILLAS INFANTIL
01tVT000006ZixBYAS,COFFEE TABLE & OTTOMANS,MESA AUXILIAR RECTANGULAR ALUMINIO
01tVT000006ZkAzYAK,STEEL DINING CHAIR,SILLA DE COMEDOR PARA EXTERIOR
01tVT000006ZmfpYAC,COFFE TABLE,MESA AUXILIAR REDONDA
01tVT000006ZnC5YAK,STEEL BISTRO SET 3 PIECES (TABLE+2 CHAIRS),SET BISTRO ACERO 3 PIEZAS (MESA +2 SILLAS)
01tVT000006aGqoYAE,SIDE TABLE,MESA AUXILIAR REDONDA METALICA
01tVT000006aH5JYAU,SIDE TABLE,MESA AUXILIAR REDONDA METALICA
01tVT000006aIe6YAE,CHAIR,SILLA COMEDOR CUERDA ALUMINIO CON COJIN
01tVT000006aJwjYAE,CHIND WIN 04PC TIMBER CONVERSATION SETTING,SALA DE PATIO EUCALIPTO 4 PIEZAS CON COJINES
01tVT000006aM4zYAE,OHIO 04PC CURVED CONVERSATION SETTING,SALA DE PATIO EUCALIPTO 4 PIEZAS CON COJINES
01tVT000006aO8PYAU,OHIO 4PC ROPE CONVERSATION SETTING,SALA DE PATIO EUCALIPTO 4 PIEZAS CON COJINES
01tVT000006aOOXYA2,FANTAS 04PC WICKER CONVERSATOIN SET  (1pc x table + 2pc x chair +  + 1pc x bench),SALA DE PATIO EUCALIPTO 4 PIEZAS CON COJINES
01tVT000006aOd6YAE,ARMCHAIR,SILLON JARDIN EUCALIPTO CON COJIN
01tVT000006aOl7YAE,FANTAS  5PC WICKER ROUND SETTING,SET COMEDOR EUCALIPTO 5 PIEZAS
01tVT000006aP1FYAU,BENCH,BANCO JARDIN EUCALIPTO CON COJINES
01tVT000006aPHNYA2,BENCH,BANCO JARDIN EUCALIPTO CON COJINES
01tVT000006aPZ7YAM,BENCH,BANCO JARDIN EUCALIPTO CON COJINES
01tVT000006aPhBYAU,BENCH,BANCO JARDIN EUCALIPTO CON COJINES
01tVT000006aQLVYA2,ARMCHAIR,SILLON JARDIN EUCALIPTO CON COJIN
01tVT000006aQWnYAM,ARMCHAIR,SILLON JARDIN EUCALIPTO CON COJIN
01tVT000006aQerYAE,ARMCHAIR,SILLON JARDIN EUCALIPTO CON COJIN
01tVT000006aQrlYAE,TABLE,MESA JARDIN RECTANGULAR EUCALIPTO CONVERSACIÓN
01tVT000006aR6HYAU,TABLE,MESA JARDIN RECTANGULAR EUCALIPTO CONVERSACIÓN
01tVT000006aRavYAE,TABLE,MESA JARDIN RECTANGULAR EUCALIPTO CONVERSACIÓN
01tVT000006aRkbYAE,TABLE,MESA COMEDOR REDONDA EUCALIPTO
01tVT000006aRz7YAE,CHAIR,SILLA COMEDOR EUCALIPTO
01tVT000006b2LxYAI,STEEL COFFEE TABLE,MESA AUXILIAR ACERO
01tVT000006bCErYAM,3 PIECES STEEL BISTRO SET,SET BISTRO ACERO 3 PIEZAS
01tVT000006dAiPYAU,FABRIC FOLDING CHAIR,SILLA PLEGABLE ACOLCHADA TELA
01tVT000006dHryYAE,DIGITAL CERAMIC FAN HEATER,CALENTADOR SOBREMESA OSCILANTE 1500W CERAMICA CON LED Y CONTROL REMOTO
01tVT000006dHtaYAE,HEATER 1500W,CALENTADOR CON RUEDAS PANEL 6CM 1500W
01tVT000006djTFYAY,ROCKING CHAIR,SILLON MECEDORA
01tVT000006djrRYAQ,DINING SET + 4 CHAIRS,SET COMEDOR + 4 SILLAS
01tVT000006dofpYAA,"SQUARE CHACOAL GRILL FOLDABLE LEG 21.5""","ASADOR CARBON CUADRADO PLEGABLE 21.5"""
01tVT000006doxZYAQ,CHARCOAL GRILL,ASADOR CARBON
01tVT000006iEtRYAU,DINING SET 3 PIECES,SET COMEDOR + 2 BANCO
01tVT000006iH3JYAU,MDF DINING SET 3 PIECES,SET COMEDOR MDF + 2 BANCO
01tVT000006iHMfYAM,MDF DINING SET 5 PIECES,SET COMEDOR MDF + 4 SILLAS
01tVT000006iHhdYAE,MDF DINING SET 5 PIECES,SET COMEDOR MDF + 4 SILLAS
01tVT000006iI7RYAU,MDF DINING SET 5 PIECES,SET COMEDOR MDF + 4 SILLAS
01tVT000006iIKLYA2,MDF DINING SET 3 PIECES,SET COMEDOR MDF + 2 SILLAS
01tVT000006iIXFYA2,MDF DINING SET 5 PIECES,SET COMEDOR MDF + 4 SILLAS
01tVT000006iIozYAE,MDF DINING SET 5 PIECES,SET COMEDOR MDF + 4 SILLAS
01tVT000006iIqcYAE,MDF DINING SET 5 PIECES,SET COMEDOR MDF + 4 SILLAS
01tVT000006iJl3YAE,MDF DINING SET 5 PIECES,SET COMEDOR MDF + 4 SILLAS
01tVT000006iJwLYAU,MDF DINING SET 4 PIECES,SET COMEDOR MDF + 2 SILLAS + BANCO
01tVT000006j3BBYAY,SOFA BED,SOFA CAMA
01tVT000006j3G1YAI,SOFA BED,SOFA CAMA
01tVT000006j3fpYAA,SOFA BED,SOFA CAMA
01tVT000006j3j3YAA,SOFA BED,SOFA CAMA
01tVT000006j3mHYAQ,SOFA BED,SOFA CAMA
01tVT000006j3ntYAA,SOFA BED,SOFA CAMA
01tVT000006jq73YAA,INJECTION FOLDING CHAIR,SILLA PLEGABLE PP
01tVT000006jqjlYAA,6FT FOLDING HDPE TABLE,MESA RESINA PLEGABLE Φ 3.5 cm
01tVT000006lGibYAE,DINNING CHAIR,SILLA COMEDOR ACACIA Y WICKER
01tVT000006lH0LYAU,TABLE,MESA COMEDOR RECTANGULAR
01tVT000006lHA1YAM,BAR CHAIR,BANCO BAR ACACIA Y WICKER
01tVT000006oBxhYAE,FOLDING HDPE CHAIR,SILLA PLEGABLE PP
01tVT000006oFtFYAU,ACCENT CHAIR,SILLON TELA
01tVT000006oPW1YAM,"FOLDING SQUARE CHARCOAL GRILL 18.5""","ASADOR CARBON CUADRADO PLEGABLE 18.5"""
01tVT000006onRuYAI,SOFA,SOFA 3 PLAZAS
01tVT000006oqETYAY,ACCENT CHAIR,SILLON TELA
01tVT000006oqPlYAI,ACCENT CHAIR,SILLON TELA
01tVT000006oqXqYAI,ACCENT CHAIR,SILLON TELA
01tVT000006oqmLYAQ,ACCENT CHAIR,SILLON TELA
01tVT000006oqzFYAQ,ACCENT CHAIR,SILLON TELA
01tVT000006orTtYAI,SOFA,SOFA 2 PLAZAS
01tVT000006ouLJYAY,SOFA,SOFA 2 PLAZAS
01tVT000006ouwQYAQ,SOFA,SOFA 2 PLAZAS
01tVT000006ovpFYAQ,SOFA,SOFA 3 PLAZAS
01tVT000006ovviYAA,SOFA,SOFA 2 PLAZAS
01tVT000006owJtYAI,SOFA,SOFA 3 PLAZAS
01tVT000006owq9YAA,SOFA,SOFA 3 PLAZAS
01tVT000006ozG9YAI,OFFICE CHAIR,SILLA ORDENADOR
01tVT000006p0c1YAA,GAMING DESK,MESA ESCRITORIO GAMING
01tVT000006p0nJYAQ,GAMING DESK,MESA ESCRITORIO GAMING
01tVT000006qI5RYAU,"FOLDING SQUARE CHARCOAL GRILL 22""","ASADOR CARBON CUADRADO PLEGABLE 22"""
01tVT000006qKgjYAE,GAZEBO WITH BAR AND 2 CHAIRS,GAZEBO CUADRADO CON BARRAS BAR Y SILLAS
01tVT000006qLUjYAM,"FOLDING SQUARE CHARCOAL GRILL 22""","ASADOR CARBON CUADRADO PLEGABLE 22"""
01tVT000006qLo5YAE,"FOLDING SQUARE CHARCOAL GRILL 18.5""","ASADOR CARBON CUADRADO PLEGABLE 18.5"""
01tVT000006sML3YAM,DINING SET,SET COMEDOR MDF Y MADERA + 4 SILLAS
01tVT0000077TR4YAM,PP FOLDING CHAIR,SILLA PLEGABLE PP
01tVT0000079wYbYAI,ALUMINUM DINING SET 5 PIECES,SET COMEDOR ALUMINIO 5 PIEZAS
01tVT0000079xKzYAI,SAUCER CHAIR,SILLON LUNA PLEGABLE TERCIOPELO
01tVT0000079xfxYAA,SAUCER CHAIR,SILLON LUNA PLEGABLE TERCIOPELO
01tVT0000079xsrYAA,SAUCER CHAIR,SILLON LUNA PLEGABLE TERCIOPELO
01tVT000007Bc5zYAC,BOOKSELF,LIBRERIA INFANTIL
01tVT000007BdGYYA0,BOOKSHELF,LIBRERIA INFANTIL
01tVT000007BdLOYA0,BOOKSHELF,LIBRERIA INFANTIL
01tVT000007FrRNYA0,"TURBO TOWER FAN 33""","VENTILADOR DE TORRE TURBO DE 33"""
01tVT000007GnwnYAC,METAL FOLDING PLASTIC BAR STOOL,TABURETE PLEGABLE
01tVT000007HZJtYAO,BEACH UMBRELLA,SOMBRILLA PLAYA 155CM
01tVT000007LRcJYAW,OFFICE CHAIR,SILLA ORDENADOR PVC
01tVT000007LUALYA4,PU CHAIR,SILLA ORDENADOR PU
01tVT000007LUS5YAO,OFFICE CHAIR,SILLA ORDENADOR PVC
01tVT000007LUblYAG,OFFICE CHAIR,SILLA ORDENADOR PU + PVC
01tVT000007LUn3YAG,OFFICE CHAIR,SILLA ORDENADOR PU + PVC
01tVT000007LZunYAG,SOFA,SOFA 2 PLAZAS
01tVT000007La65YAC,SOFA,SOFA 2 PLAZAS
01tVT000007Nz6oYAC,STAND PATIO HEATER,CALENTADOR PATIO TORRE DE GAS CON MESA
01tVT000007NzGVYA0,PUSHBACK RECLINER CHAIR,SILLON RECLINABLE
01tVT000007NzJiYAK,STAND PATIO HEATER WITH LED LIGHT TABLE,CALENTADOR PATIO TORRE DE GAS CON LED
01tVT000007NzgIYAS,MANUAL RECLINER CHAIR,SILLON RECLINABLE MANUAL
01tVT000007O0CYYA0,STAND PATIO HEATER,CALENTADOR PATIO TORRE DE GAS
01tVT000007O0yvYAC,STAND PATIO HEATER,CALENTADOR PATIO TORRE DE GAS
01tVT000007O16zYAC,PUSHBACK RECLINER CHAIR,SILLON RECLINABLE
01tVT000007O1VBYA0,STAND PATIO HEATER WITH LED LIGHT TABLE,CALENTADOR PATIO TORRE DE GAS CON LED
01tVT000007O1jhYAC,STAND PATIO HEATER,CALENTADOR PATIO TORRE DE GAS CON MESA
01tVT000007O2e9YAC,PUSHBACK RECLINER CHAIR,SILLON RECLINABLE
01tVT000007O2kbYAC,MANUAL RECLINER CHAIR,SILLON RECLINABLE MANUAL
01tVT000007O2sfYAC,MANUAL RECLINER CHAIR,SILLON RECLINABLE MANUAL
01tVT000007Ou6fYAC,DINING SET 6 PIECES,SET COMEDOR 6 PIEZAS CON SOMBRILLA
01tVT000007OuQ1YAK,DINING SET 6 PIECES,SET COMEDOR 6 PIEZAS CON SOMBRILLA
01tVT000007OucvYAC,DINING SET 6 PIECES,SET COMEDOR 6 PIEZAS CON SOMBRILLA
01tVT000007RiH3YAK,SOFA BED,SOFA CAMA
01tVT000007RigrYAC,SOFA BED WITH PULL OUT BED,SOFA CAMA CHESLONG TRANSFORMER
01tVT000007RoWAYA0,COMPRESSED SOFA,SILLON CAMA FUTÓN
01tVT000007RpgkYAC,COMPRESSED SOFA,SILLON CAMA FUTÓN
01tVT000007RraTYAS,COMPRESSED SOFA,SILLON CAMA FUTÓN
01tVT000007SSRyYAO,COMPRESSED SOFA,SILLON CAMA FUTÓN
01tVT000007STKpYAO,COMPRESSED SINGLE-SEAT SOFA,SOFÁ INDIVIDUAL COMPRIMIDO
01tVT000007SVw5YAG,COMPRESSED SOFA,SILLON CAMA FUTÓN
01tVT000007SWCDYA4,COMPRESSED SOFA,SILLON CAMA FUTÓN CON APOYABRAZOS
01tVT000007SX3RYAW,FOLDED SOFA,SOFA CAMA PLEGABLE
01tVT000007SgEnYAK,SINGLE ARMREST SINGLE SEAT,SILLON CAMA FUTÓN CON APOYABRAZOS
01tVT000007SiLTYA0,AIR PURIFIER 120V 5W,PURIFICADOR DE AIRE 120V 5W
01tVT000007SjB4YAK,AIR PURIFIER 40M2 120V 62W,PURIFICADOR DE AIRE 40M2 120V 62W
01tVT000007SjFtYAK,AIR PURIFIER 20M2 120V 34W,PURIFICADOR DE AIRE 20M2 120V 34W
01tVT000007SjivYAC,AIR PURIFIER WITH 8 INCHES CIRCULATING FAN 30M2 120V 40W,PURIFICADOR DE AIRE CON VENTILADOR 30M2 120V 40W
01tVT000007TLmbYAG,SINGLE SEAT WITHOUT ARMREST,SILLON CAMA FUTÓN
01tVT000007TMU9YAO,COMPRESSED SOFA,SILLON CAMA FUTÓN
01tVT000007TTsDYAW,"TABLE AND CLAMP FAN 6"" 15W","VENTILADOR SOBREMESA Y ABRAZADERA 6"" 15W"
01tVT000007TXEHYA4,"TOWER FAN, HUMIDIFIER Y AIR COOLOER 3 IN 1 70W",VENTILADOR DE TORRE + HUMIDIFICADOR + ENFRIADOR DE AIRE 3 EN 1 70W
01tVT000007TXSnYAO,EVAPORATIVE AIR COOLER 60W,ENFRIADOR DE AIRE EVAPORATIVO 60W
01tVT000007TXhJYAW,PURIFYING FAN,VENTILADOR AC 50W GIRATORIO
01tVT000007TY77YAG,COOL AND HOT BLADELESS FAN WITH AIR,VENTILADOR CON PURIFICADOR DE AIRE 40W/1300W
01tVT000007Y4BdYAK,COOLER BAG TOOLS SET 5 PIECES,SET DE 5 PIEZAS CON BOLSA TERMICA
01tVT000007Y4efYAC,COOLER BAG TOOLS SET 6 PIECES,SET DE 6 PIEZAS CON BOLSA TERMICA
01tVT000007cl9zYAA,6FT FOLDING TABLE RATTAN DESIGN,MESA RESINA PLEGABLE IMITACION RATAN
01tVT000007clUwYAI,4FT FOLDING HDPE TABLE RATTAN DESIGN,MESA RESINA RECTANGULAR IMITACION RATAN PLEGABLE
01tVT000007dSN0YAM,FOLDING HDPE CHAIR,SILLA PLEGABLE PP
01tVT000007dTe2YAE,6FT FOLDING HDPE TABLE,MESA RESINA PLEGABLE Φ 3.5 cm
01tVT000007eWgHYAU,DEHUMIDIFIER,DESHUMIDIFICADOR 2500ML CON LED
01tVT000007eXCXYA2,HUMIDIFIER,HUMIDIFICADOR CON LED 4000ML 26W
01tVT000007fcwXYAQ,BOX FAN 10'40W 127V 3 SPEED,VENTILADOR SOBREMESA 10'40W 127V 3 VELOCIDADES
01tVT000007fdB3YAI,BOX FAN 12'40W 127V3 SPEED,VENTILADOR SOBREMESA 12'40W 127V 3 VELOCIDADES
01tVT000007fdivYAA,"WALL FAN 16"", MANUAL CONTROL","VENTILADOR PARED 16"", CONTROL MANUAL"
01tVT000007feDZYAY,"WALL FAN 16"", REMOTE CONTROL","VENTILADOR PARED 16"", CONTROL REMOTO"
01tVT000007ffxeYAA,CHARCOAL GRILL,ASADOR CARBON RECTANGULAR CON RED Y RUEDAS -CAJA CHINA
01tVT000007hZwAYAU,"CEILING FAN 52"", TIMER FUNCTION","VENTILADOR DE TECHO DE 52"", FUNCIÓN DE TEMPORIZADOR"
01tVT000007hc2nYAA,CEILING FAN WITH LIGHT,VENTILADOR TECHO CON LUZ LED 127V 31W
01tVT000007hcu1YAA,"CEILING FAN 30"", 6 SPEEDS","VENTILADOR DE TECHO DE 30"", 6 VELOCIDADES"
01tVT000007hd6vYAA,"CEILING FAN 30"", 6 SPEEDS","VENTILADOR DE TECHO DE 30"", 6 VELOCIDADES"
01tVT000007hd8XYAQ,CEILING FAN WITH LIGHT,VENTILADOR TECHO CON LUZ LED Y CONTROL REMOTO 127V 33W
01tVT000007hdTVYAY,"CEILING FAN 42"", TIMER FUNCTION","VENTILADOR DE TECHO DE 42"", FUNCIÓN DE TEMPORIZADOR"
01tVT000007hddBYAQ,CEILING FAN WITH LIGHT,VENTILADOR TECHO CON LUZ LED 127V 33W
01tVT000007hdq5YAA,"CEILING FAN 42"", TIMER FUNCTION","VENTILADOR DE TECHO DE 42"", FUNCIÓN DE TEMPORIZADOR"
01tVT000007hdzlYAA,"CEILING FAN 54"", TIMER FUNCTION","VENTILADOR DE TECHO DE 54"", FUNCIÓN DE TEMPORIZADOR"
01tVT000007he2zYAA,CEILING FAN WITH LIGHT,VENTILADOR TECHO CON LUZ LED 127V 35W
01tVT000007heHVYAY,CEILING FAN WITH LIGHT,VENTILADOR TECHO CON LUZ LED Y CONTROL REMOTO 127V 35W
01tVT000007hoK5YAI,"PORTABLE FAN 5.5"", ADJUSTABLE HEAD","VENTILADOR PORTÁTIL DE 5,5 PULGADAS, CABEZAL AJUSTABLE"
01tVT000007hoaDYAQ,TABLE FAN,VENTILADOR SOBREMESA 8' 30W 127V 3 VELOCIDADES
01tVT000007hownYAA,TABLE FAN AND CLAMP FAN 2 IN 1,VENTILADOR SOBREMESA CON CLIP 2 IN 1 8' 9V
01tVT000007hp85YAA,"CIRCULATION FAN, REMOTE CONTROL","VENTILADOR DE CIRCULACIÓN, CONTROL REMOTO"
01tVT000007hpMbYAI,BLADELESS FAN 80W 127V,VENTILADOR SIN ASPAS 80W 127V 3 VELOCIDADES
01tVT000007hpT3YAI,BLADELESS FAN 35W 127V,VENTILADOR SIN CUCULLAS CON PURIFICADOR DE AIRE 35W 127V 3 VELOCIDADES
01tVT000007jkViYAI,Classic Series 21 inch,ASADOR CARBON CERAMICO REDONDO CON MESAS LATERALES
01tVT000007mv9eYAA,WICKER SET WITH CUSHION 3 PIECES,SET BISTRO WICKER 3 PIEZAS CON COJINES
01tVT000007n8TRYAY,WICKER SET WITH CUSHION 3 PIECES,SET BISTRO WICKER 3 PIEZAS CON COJINES
01tVT000007n8gLYAQ,WICKER SET WITH CUSHION 3 PIECES,SET BISTRO WICKER 3 PIEZAS CON COJINES
01tVT000007n9EDYAY,WICKER SET WITH CUSHION 3 PIECES,SET BISTRO WICKER 3 PIEZAS CON COJINES
01tVT000007n9fdYAA,WICKER SET WITH CUSHION 5 PIECES,SET BISTRO WICKER 5 PIEZAS CON COJINES
01tVT000007nx2vYAA,STEEL ROCKING SET 3 PIECES,SET BISTRO ACERO MECEDORA 3 PIEZAS CON COJINES
01tVT000007nxEDYAY,STEEL BISTRO SET 3 PIECES (TABLE+2 CHAIRS),SET BISTRO ALUMINIO 3 PIEZAS CON COJINES
01tVT000007nyqDYAQ,WICKER SET WITH CUSHION 5 PIECES,SET BISTRO WICKER 5 PIEZAS CON COJINES
01tVT000007nzr7YAA,STEEL SOFA SET 4 PIECES,SALA DE PATIO ACERO 4 PIEZAS
01tVT000007o0DhYAI,STEEL SOFA SET 4 PIECES,SALA DE PATIO ACERO 4 PIEZAS
01tVT000007o0OzYAI,4PCS SOFA SET,SALA DE PATIO ACERO 4 PIEZAS
01tVT000007o4lxYAA,WICKER SOFA SET WITH CUSHION 4 PIECES,SALA DE PATIO WICKER 4 PIEZAS CON COJINES
01tVT000007oe6HYAQ,WICKER SOFA SET WITH CUSHION 4 PIECES,SALA DE PATIO WICKER 4 PIEZAS CON COJINES
01tVT000007oeXhYAI,PATIO SET WITH CUSHION 4 PIECES,SALA DE PATIO RATAN 4 PIEZAS CON COJINES
01tVT000007of5ZYAQ,WICKER SOFA SET WITH CUSHION 4 PIECES,SALA DE PATIO WICKER 4 PIEZAS CON COJINES
01tVT000007ofS9YAI,WICKER SOFA SET WITH CUSHION 4 PIECES,SALA DE PATIO WICKER 4 PIEZAS CON COJINES
01tVT000007ofgfYAA,WICKER SOFA SET WITH CUSHION 4 PIECES,SALA DE PATIO WICKER 4 PIEZAS CON COJINES
01tVT000007ogRRYAY,STEEL SOFA SET 4 PIECES,SALA DE PATIO ACERO 4 PIEZAS
01tVT000007ojNhYAI,SOFA SET WITH CUSHION 6 PIECES,SALA DE PATIO ESQUINA CON COJINES
01tVT000007ok0PYAQ,PE RATTAN DINING SET 5 PIECES,JUEGO DE COMEDOR PARA EXTERIOR DE RATÁN PE DE 5 PIEZAS
01tVT000007okLNYAY,PE RATTAN DINING SET 5 PIECES,JUEGO DE COMEDOR PARA EXTERIOR DE RATÁN PE DE 5 PIEZAS
01tVT000007okgLYAQ,DINING SET WITH CUSHION 7 PIECES,SET COMEDOR RATTAN 7 PIEZAS CON COJINES
01tVT000007okwTYAQ,PADDED 4PCS SOFA SET,SALA DE PATIO ACERO 4 PIEZAS
01tVT000007olcPYAQ,DINING SET WITH CUSHION 5 PIECES,SET COMEDOR 5 PIEZAS AHORRAESPACIO RATTAN CON COJINES
01tVT000007opsvYAA,STEEL SOFA SET 4 PIECES,SALA DE PATIO ACERO 4 PIEZAS CON COJINES
01tVT000007oqAfYAI,STEEL SOFA SET 4 PIECES,SALA DE PATIO ACERO 4 PIEZAS CON COJINES
01tVT000007or6jYAA,5PCS SOFA SET,SALA DE PATIO ACERO 5 PIEZAS CON COJINES
01tVT000007orGPYAY,STEEL SOFA SET 5 PIECES,SALA DE PATIO ACERO 5 PIEZAS CON COJINES
01tVT000007orptYAA,DINING SET WITH CUSHION 11 PIECES,SET COMEDOR WICKER 11 PIEZAS CON COJINES
01tVT000007os61YAA,STEEL SOFA SET 4 PIECES,SALA DE PATIO ACERO 4 PIEZAS CON COJINES
01tVT000007osM9YAI,STEEL SOFA SET 4 PIECES,SALA DE PATIO ACERO 4 PIEZAS CON COJINES
01tVT000007osdtYAA,STEEL SOFA SET 4 PIECES,SALA DE PATIO ACERO 4 PIEZAS CON COJINES
01tVT000007oslxYAA,STEEL SOFA SET 4 PIECES,SALA DE PATIO ACERO 4 PIEZAS CON COJINES
01tVT000007ospBYAQ,WICKER SOFA GASLIFT WITH CUSHION,SOFA AJUSTABLE 2 PIEZAS CON COJINES
01tVT000007ot6vYAA,LEED 5PCS SOFA SET,SALA DE PATIO ACERO 5 PIEZAS
01tVT000007ot8YYAQ,LEEDS WINE TROLLEY,CARRITO AUXILIAR VINO ACERO 2 NIVELES
01tVT000007oti1YAA,RIGA 4PCS SOFA SET,SET COMEDOR ACERO 5 PIEZAS
01tVT000007pVqYYAU,STEEL BISTRO FOLDING SET 3 PIECES,SET BISTRO DE TUMBONAS PLEGABLES 3 PIEZAS CON MESA
01tVT000007pYV3YAM,STEEL BISTRO SET 3 PIECES (TABLE+2 CHAIRS),SET BISTRO METALICO PLEGABLE 3 PIEZAS
01tVT000007paVHYAY,5PCS DINING SET,SET COMEDOR METALICO 5 PIEZAS
01tVT000007pd05YAA,GASLIFT BENCH SET WITH CUSHION,SET DE BANCO AJUSTABLE 2 PIEZAS CON COJINES
01tVT000007pdEbYAI,STEEL BISTRO SET 3 PIECES (TABLE+2 CHAIRS),SET BISTRO METALICO PLEGABLE 3 PIEZAS
01tVT000007pdPtYAI,STEEL ROCKING SET 3 PIECES,SET BISTRO DE MECEDORA METALICA 3 PIEZAS CON COJINES
01tVT000007pdXxYAI,5PCS DINING SET,SET COMEDOR METALICO PLEGABLE 5 PIEZAS
01tVT000007pdxlYAA,5PCS DINING SET,SET COMEDOR ALUMINIO 5 PIEZAS
01tVT000007pgPNYAY,5PCS DINING SET,SET COMEDOR ALUMINIO 5 PIEZAS
01tVT000007phJqYAI,WICKER SOFA SET WITH CUSHION 5 PIECES,SALA DE PATIO WICKER 5 PIEZAS CON COJINES
01tVT000007phgPYAQ,SOFA SET WITH CUSHION 4 PIECES,SALA DE PATIO WICKER 4 PIEZAS CON COJINES
01tVT000007phlGYAQ,ROUND SOFA SET WITH CUSHION AND PILLOW 4 PIECES,SALA DE PATIO WICKER 4 PIEZAS CON COJINES Y PILLOW
01tVT000007pi9RYAQ,WICKER BALCONY SET WITH CUSHION 5 PIECES,SET DE SOFÁS MULTIFUNCIONAL CON COJINES 5PCS
01tVT000007pj5VYAQ,SOFA SET WITH CUSHION AND PILLOW 7 PIECES,SALA DE PATIO WICKER 7 PIEZAS CON COJINES Y PILLOW
01tVT000007pjzxYAA,BALCONY TABLE,MESA DE BALCÓN
01tVT000007sqdWYAQ,50L HARD COOLER WITH WHEELS (86 CANS),NEVERA PORTATIL CON RUEDAS (50L-86 LATAS)
01tVT000007sw7pYAA,SWING SOFA 3 SEATER WITH CUSHION,COLUMPIO 3 PLAZAS CON COJINE
01tVT000007swivYAA,COLE 3PCS SET,SET BISTRO 3 PIEZAS CON COJIN
01tVT000007sxALYAY,2.3L COOLER JUG,JARRA (2.3L) CON ASA
01tVT000007syUbYAI,SINGLE SUN LOUNGER,TUMBONA PLAYA CON COJIN
01tVT000007symLYAQ,MOVEABLE SUNLOUNGER,TUMBONA PLAYA CON COJIN
01tVT000007szaLYAQ,DOUBLE SUNLOUNGER WITH TABLE,TUMBONA PLAYA 3 PIEZAS
01tVT000007szvJYAQ,SUNLOUNGER WITH CUSHION,TUMBONA PLAYA CON COJIN
01tVT000007t3VtYAI,DOUBLE SUNBED (WITH ROOT COVER),TUMBONA PLAYA DOBLE CON COJIN
01tVT000007t4i5YAA,SOFA BED,SOFA CAMA WICKER CON COJINES
01tVT000007t67BYAQ,WICKER SET WITH CUSHION 4 PIECES,SALA DE PATIO WICKER 4 PIEZAS CON COJIN
01tVT000007teC5YAI,WICKER SET WITH CUSHION 4 PIECES,SALA DE PATIO WICKER 4 PIEZAS CON COJIN
01tVT000007teNOYAY,CAMPING CHAIR,SILLA PLEGABLE CAMPING METALICA CON REPOSAVASOS
01tVT000007tf1hYAA,WICKER DOBLE SEAT WITH TABLE,SILLON DOBLE WICKER CON MESA AUXILIAR Y COJINES
01tVT000007tfT7YAI,WICKER BISTRO SET WITH CUSHION 3 PIECES,SET BISTRO WICKER 3 PIEZAS CON COJINES
01tVT000007tgLxYAI,SMART CAMP CHAIR,SILLA PLEGABLE CAMPING METALICA CON BOLSA
01tVT000007tgtpYAA,CAMPING CHAIR,SILLA PLEGABLE CAMPING METALICA
01tVT000007th9xYAA,ROCKING CHAIR SET WITH CUSHION 3 PIECES,SET BISTRO WICKER 3 PIEZAS CON COJINES
01tVT000007tiIvYAI,CAMPING CHAIR,SILLA PLEGABLE CAMPING METALICA CON REPOSAVASOS
01tVT000007tiafYAA,COMPACT DIRECT CHAIR,SILLA PLEGABLE DIRECTOR CON MESA LATERAL
01tVT000007tkuDYAQ,FOLDING CHAIR,SILLA PLAYA AJUSTABLE
01tVT000007tlDZYAY,PADD ROCKING CAMP CHAIR,SILLA MECEDORA PLEGABLE CAMPING
01tVT000007tlWvYAI,COMPACT CAMPING COT,CATRE CAMPING PLEGABLE CON TIRADOR
01tVT000007tpVhYAI,SMART BEACH CHAIR,SILLA PLAYA
01tVT000007tqRlYAI,BBQ ACCESSORIES SET 4 PIECES,SET ACCESORIOS 4 PIEZAS BBQ
01tVT000007tql7YAA,5PCS BBQ TOOL SET,SET ACCESORIOS 5 PIEZAS
01tVT000007tr4TYAQ,BBQ ACCESSORIES SET 2 PIECES,SET ACCESORIOS 2 PIEZAS BBQ
01tVT000007trVtYAI,BEACH MET,TUMBONA PLEGABLE DE PLAYA AJUSTABLE
01tVT000007tsJtYAI,BBQ ACCESSORIES SET 4 PIECES,SET ACCESORIOS 4 PIEZAS BBQ
01tVT000007tsuzYAA,FUNCATION BEACH CHAIR,SILLA PLAYA CON BOLSA
01tVT000007tv4rYAA,BBQ SKEWER SET WITH HOLDER,PINCHO GRILL BBQ CON SOPORTE
01tVT000007tvhZYAQ,SMOKER BOX,CAJA AHUMADORA BBQ
01tVT000007tySXYAY,GRILL BASKET 2 PCS SET,BANDEJA GRILL BBQ 2 PIEZAS
01tVT000007uZn3YAE,BBQ TOOL SET 3 PIECES,SET ACCESORIOS 3 PIEZAS BBQ
01tVT000007uaBFYAY,GRILL TOOL SET 2 PIECES,SET ACCESORIOS 2 PIEZAS BBQ
01tVT000007uaSzYAI,BBQ ACCESSORIES SET 4 PIECES,SET ACCESORIOS 4 PIEZAS BBQ
01tVT000007uc8DYAQ,GRIDDLE TOOLS SET 8 PIECES,SET ACCESORIOS 8 PIEZAS BBQ
01tVT000007uh7tYAA,SUNLOUNGER WITH CUSHION,TUMBONA PLAYA CON COJIN
01tVT000007uiAPYAY,STEEL ROCKING BISTRO SET 3 PIECES (TABLE+2 CHAIRS),SET BISTRO WICKER 3 PIEZAS CON COJINES
01tVT000007uiWzYAI,STEEL BISTRO SET 3 PIECES (TABLE+2 CHAIRS),SET BISTRO WICKER 3 PIEZAS CON COJINES
01tVT000007ukAcYAI,BUTTERFLY CHAIR,SILLA MARIPOSA PLEGABLE METALICA
01tVT000007uks9YAA,STEEL DOUBLE SOFA SET,SILLON DOBLE CON MESA AUXILIAR Y COJINES
01tVT000007ulkzYAA,BASIC GLAMPING CHAIR,SILLA PLEGABLE CAMPING METALICA
01tVT000007umXNYAY,BUTTERFLY CHAIR WITH ARMREST,SILLA MARIPOSA PLEGABLE METALICA CON APOYABRAZOS
01tVT000007umqjYAA,LOUNGE SET 2 PIECES,SET DE SOFÁS MULTIFUNCIONAL 2 PIEZAS CON COJINES
01tVT000007uoKfYAI,FREE-POSITION ADJUSTMENT TABLE,MESA PLEGABLE CAMPING METALICA AJUSTABLE
01tVT000007uohFYAQ,FREE POSITION ADJUSTMENT TABLE,MESA PLEGABLE CAMPING METALICA AJUSTABLE
01tVT000007uopKYAQ,CONER SOFA SET 3 PIECES,SALA DE PATIO METALICA CON COJINES
01tVT000007uoyzYAA,ROLL UP GLAMPING TABLE,MESA PLEGABLE CAMPING METALICA ROLL UP
01tVT000007up8fYAA,SOFA SET WITH CUSHION 4 PIECES,SALA DE PATIO METALICA CON COJINES
01tVT000007upILYAY,ROLL UP GLAMPING TABLE,MESA PLEGABLE CAMPING METALICA ROLL UP
01tVT000007uqskYAA,ROLL UP GLAMPING TABLE,MESA PLEGABLE CAMPING METALICA ROLL UP
01tVT000007urdVYAQ,ROLL UP GLAMPING TABLE,MESA PLEGABLE CAMPING METALICA ROLL UP
01tVT000007vMkYYAU,TEA TROLLEY,MESA DE SERVICIO CON RUEDAS
01tVT000007vPbxYAE,COOLER BOX,ENFRIADOR DE PATIO
01tVT000007vPthYAE,RATTAN STORAGE BENCH,BANCO DE ALMACENAMIENTO DE RATÁN
01tVT000007vT7hYAE,RATTAN STORAGE BENCH,BANCO DE ALMACENAMIENTO DE RATÁN
01tVT000007vTPRYA2,CUSHION BOX,CAJA DE ALMACENAMIENTO DE COJÍN
01tVT000007vTfZYAU,CUSHION BOX,CAJA DE ALMACENAMIENTO DE COJÍN
01tVT000007vTqrYAE,CUSHION BOX,CAJA DE ALMACENAMIENTO DE COJÍN
01tVT000007vUJtYAM,SIDE FOLDABLE BENCH WITH CUSHION,BANCO LATERAL PLEGABLE 2 PLAZA
01tVT000007vUbdYAE,EGG CHAIR SET,SILLON HUEVO CON COJÍN
01tVT000007vUyDYAU,RATTAN 2 SEATER WITH CUSHION,SOFA DE RATÁN 2 PLAZAS CON COJINE
01tVT000007vVFxYAM,RELAX SET WITH CUSHION,SILLON METAL CON TABURETE
01tVT000007vW3xYAE,CAMPING TABLE,MESA PLEGABLE CAMPING METALICA
01tVT000007vYQjYAM,BAMBOO TABLE,MESA PLEGABLE CAMPING BAMBÚ
01tVT000007vYdeYAE,ALUMINUM SHELF,ESTANTERIA CAMPING PORTÁTIL ALUMINIO
01tVT000007wPq1YAE,STEEL GAZEBO,GAZEBO CUADRADO METALICO
01tVT000007wQ1JYAU,STEEL GAZEBO,GAZEBO RECTANGULAR METALICO
01tVT000007wQCbYAM,STEEL GAZEBO,GAZEBO CUADRADO METALICO
01tVT000007wQR7YAM,STEEL WOVEN RATTAN GAZEBO,GAZEBO CUADRADO METALICO
01tVT000007wUuXYAU,STEEL EXTENSIVO GAZEBO,GAZEBO CUADRADO EXTENSIBLE METALICO
01tVT000007zGLaYAM,STEEL PERGOLA,GAZEBO CUADRADO METALICO
01tVT000007zI0nYAE,STEEL PERGOLA,GAZEBO RECTANGULAR METALICO
01tVT000007zI8sYAE,STEEL BBQ GAZEBO KD VERSION,GAZEBO RECTANGULAR METALICO CON TECHO Y BARRAS BAR
01tVT000007zIATYA2,STEEL PERGOLA,GAZEBO CUADRADO ALUMINIO
01tVT000007zIX3YAM,STEEL PERGOLA,GAZEBO CUADRADO METALICO CON PARED KD VERSION
01tVT000007zIs1YAE,STEEL BBQ GAZEBO,GAZEBO RECTANGULAR METALICO CON BARRAS BAR
01tVT000007zJ89YAE,STEEL BBQ GAZEBO KD VERSION,GAZEBO RECTANGULAR METALICO CON TECHO Y BARRAS BAR
01tVT000007zOB3YAM,STEEL FOLDABLE GAZEBO,GAZEBO CUADRADO METALICO PLEGABLE
01tVT0000080BmrYAE,DOUBLE-ROOF STEEL GAZEBO,GAZEBO RECTANGULAR METALICO CON TECHO Y CORTINAS
01tVT0000080EXpYAM,DOUBLE-ROOF STEEL GAZEBO,GAZEBO RECTANGULAR METALICO CON TECHO Y CORTINAS
01tVT0000080HvVYAU,DOUBLE-ROOF STEEL GAZEBO,"GAZEBO CUADRADO METALICO CON TECHO, CORTINAS Y MOSQUITERA"
01tVT0000080IUzYAM,DOUBLE-ROOF STEEL GAZEBO,"GAZEBO CUADRADO METALICO CON TECHO, CORTINAS Y MOSQUITERA"
01tVT0000080Iy1YAE,STEEL GAZEBO WITH LIGHT,GAZEBO CUADRADO METALICO CON CORTINAS Y LED
01tVT0000080JcLYAU,DOUBLE ROOF GAZEBO,GAZEBO CUADRADO ALUMINIO CON TECHO Y CORTINAS
01tVT0000080tkgYAA,DINING SET 5 PIECES,SET COMEDOR MDF + 4 SILLAS
01tVT0000080tzBYAQ,DINING SET 3 PIECES,SET COMEDOR + 2 BANCO
01tVT0000080v9lYAA,DINING SET 5 PIECES,SET COMEDOR MDF + 4 SILLAS
01tVT0000080vZZYAY,DINING SET 3 PIECES,SET DESAYUNADOR MDF + 2 TABURETES + ALMACENAJE 1 NIVELES
01tVT0000080wCHYAY,SOFA BED,SOFA CAMA
01tVT0000080wNZYAY,SOFA BED,SOFA CAMA
01tVT0000080wfJYAQ,SOFA BED,SOFA CAMA
01tVT0000080wvRYAQ,SOFA BED,SOFA CAMA
01tVT0000080xJdYAI,SOFA BED,SOFA CAMA
01tVT0000080xwLYAQ,DINING TABLE,MESA COMEDOR CRISTAL
01tVT0000080yIvYAI,RECTANGLE DINING TABLE,MESA COMEDOR RECTANGULAR CRISTAL
01tVT0000081rqTYAQ,DOUBLE ROOF STEEL GAZEBO (HAND-PAINTING),GAZEBO RECTANGULAR METALICO CON TECHO Y CORTINAS
01tVT0000081s1lYAA,PC ROOF GAZEBO,GAZEBO CUADRADO METALICO CON CORTINAS
01tVT0000081sGHYAY,PERGOLA WITH HAND-PAINTING,GAZEBO RECTANGULAR METALICO CON PARED Y BARRA BAR
01tVT0000081sxpYAA,GARDEN STORAGE SHED,COBERTIZO DE ALMACENAMIENTO
01tVT0000081tAjYAI,GARDEN STORAGE SHED,COBERTIZO DE ALMACENAMIENTO
01tVT0000084lOjYAI,5 PIECE ALUMINUM & POLYWOOD BISTRO SET,SET BISTRO ALUMINIO & POLYWOOD 5 PIEZAS
01tVT0000084lerYAA,5 PIECE ALUMINUM & POLYWOOD BISTRO SET,SET BISTRO ALUMINIO & POLYWOOD 5 PIEZAS
01tVT0000084lrlYAA,5 PIECE ALUMINUM & POLYWOOD BISTRO SET,SET BISTRO ALUMINIO & POLYWOOD 5 PIEZAS
01tVT00000851AAYAY,CAMPING COOLER BAG,BOLSA NEVERA CAMPING
01tVT00000854ZRYAY,CAMPING COOLER BAG,BOLSA NEVERA CAMPING
01tVT00000854rBYAQ,CAMPING COOLER BAG WITH WHEELS,BOLSA NEVERA CAMPING CON RUEDAS
01tVT00000855C9YAI,CAMPING COOLER BAG WITH WHEELS,BOLSA NEVERA CAMPING CON RUEDAS
01tVT00000855QgYAI,CAMPING COOLER BAG WITH WHEELS,BOLSA NEVERA CAMPING CON RUEDAS
01tVT0000085Ja6YAE,3 PIECE ALUMINUM & POLYWOOD BISTRO SET,SET BISTRO ALUMINIO & POLYWOOD 3 PIEZAS
01tVT0000086cnaYAA,WOOD TV STAND,CENTRO ENTRETENIMIENTO
01tVT0000086fTiYAI,WOOD TV STAND,CENTRO ENTRETENIMIENTO 2 NIVELES CON 2 CAJONES Y 2 PUERTAS
01tVT0000086g6PYAQ,CAMPING TABLE SET 3 PIECES,SET DE MESA PLEGABLE CAMPNG
01tVT0000086gJJYAY,CAMPING TABLE,MESA PLEGABLE CAMPING
01tVT0000086gWDYAY,CAMPING TROLLEY,CARRITO TRANSPORTADOR PLEGABLE CAMPING
01tVT0000086gj7YAA,CAMPING TROLLEY,CARRITO TRANSPORTADOR PLEGABLE CAMPING
01tVT0000086guPYAQ,CAMPING TROLLEY,CARRITO TRANSPORTADOR PLEGABLE CAMPING
01tVT0000086h45YAA,STADIUM SEAT,SILLA PLAYA DE PISO
01tVT0000086hDlYAI,STADIUM SEAT WITHOUT ARMREST,SILLA PLAYA DE PISO
01tVT0000086haLYAQ,WOOD ARM FOLDING CHAISE LOUNGE,TUMBONA PLAYA
01tVT0000086iL7YAI,WOOD TV STAND,CENTRO ENTRETENIMIENTO 2 NIVELES CON 2 CAJONES Y 2 PUERTAS
01tVT0000086ibFYAQ,WOOD TV STAND,CENTRO ENTRETENIMIENTO 2 NIVELES CON 2 CAJONES
01tVT0000086jInYAI,WOOD TV STAND,CENTRO ENTRETENIMIENTO 2 NIVELES CON 2 CAJONES Y 2 PUERTAS
01tVT0000086jYvYAI,TV STAND,CENTRO ENTRETENIMIENTO 2 NIVELES
01tVT0000086jqfYAA,TV STAND,CENTRO ENTRETENIMIENTO 2 NIVELES
01tVT0000086jvVYAQ,TV STAND,CENTRO ENTRETENIMIENTO 2 NIVELES
01tVT0000086k6nYAA,TV STAND,CENTRO ENTRETENIMIENTO 1 NIVEL CON 1 CAJÓN
01tVT0000086k8QYAQ,WOOD TV STAND,CENTRO ENTRETENIMIENTO
01tVT0000086mgTYAQ,WOOD TV STAND,CENTRO ENTRETENIMIENTO
01tVT0000086myDYAQ,WOOD TV STAND,CENTRO ENTRETENIMIENTO
01tVT0000086nHZYAY,WOOD TV STAND,CENTRO ENTRETENIMIENTO
01tVT0000087OIkYAM,TENT,TIENDA CON PUERTA
01tVT0000087SnlYAE,TENT,TIENDA CON PUERTA
01tVT0000087T0fYAE,TENT,TIENDA CON VENTANA
01tVT0000087UWDYA2,TENT,TIENDA
01tVT0000087UpZYAU,SHOWER TENT,TIENDA DE DUCHA
01tVT0000087ZPRYA2,CHILDREN´S HAMMOCK,HAMACA COLGANTE INFANTIL NILÓN PORTÁTIL
01tVT0000089cnpYAA,ADULT´S HAMMOCK,HAMACA COLGANTE NILÓN PORTÁTIL
01tVT0000089d2LYAQ,Mosquito net hammock,HAMACA COLGANTE NILÓN PORTÁTIL CON MOSQUITERA
01tVT0000089dFFYAY,Mosquito net hammock with pole,HAMACA COLGANTE NILÓN PORTÁTIL CON MOSQUITERA
01tVT0000089dQXYAY,HAMMOCK,HAMACA COLGANTE NILÓN PORTÁTIL
01tVT0000089dwnYAA,HAMMOCK,HAMACA COLGANTE POLIESTER ALGODON
01tVT0000089e85YAA,HAMMOCK,HAMACA COLGANTE NILÓN PORTÁTIL CON PALO METÁLICO
01tVT0000089fAbYAI,HAMMOCK STAND,SOPORTE METALICO PARA HAMACA COLGANTE
01tVT0000089gUsYAI,HAMMOCK STRAPS,CORREAS PARA HAMACA COLGANTE
01tVT0000089gmbYAA,SLEEPING PAD,COLCHÓN INFLABLE
01tVT0000089iEvYAI,HAMMOCK STRAPS,CORREAS PARA HAMACA COLGANTE
01tVT000008BQaTYAW,HAMMOCK,HAMACA COLGANTE POLIESTER ALGODON
01tVT000008BQsDYAW,HAMMOCK,HAMACA COLGANTE DOBLE POLIESTER ALGODON CON 2 ALMOHADAS
01tVT000008BRhpYAG,SWING CHAIR,COLUMPIO COLGANTE CON COJIN
01tVT000008BRt7YAG,SWING CHAIR,COLUMPIO COLGANTE CON COJINES
01tVT000008CFLFYA4,CAMPING COOLER BAG WITH BBQ ACCESSORIES,BOLSA NEVERA CAMPING CON ACCESORIOS DE BARBACOA
01tVT000008CLvJYAW,CAMPING TOILET,BAÑO DE CAMPING
01tVT000008CMeTYAW,WOOD TV STAND,CENTRO ENTRETENIMIENTO
01tVT000008CObRYAW,4PCS BBQ TOOL SET,SET ACCESORIOS 4 PIEZAS
01tVT000008COrZYAW,4PCS BBQ TOOL SET,SET ACCESORIOS 4 PIEZAS
01tVT000008CPAvYAO,4PCS BBQ TOOL SET,SET ACCESORIOS 4 PIEZAS
01tVT000008CQDRYA4,1.95M PARASOL,SOMBRILLA PLAYA
01tVT000008CQjhYAG,CABANA WITH PRIVACY SUNWALL,GAZEBO PLAYA
01tVT000008DFB7YAO,SPATULA,ESPÁTULA BBQ
01tVT000008DFZJYA4,GRILL BRUSH,CEPILLO PARA PARRILLA BBQ
01tVT000008GRZ7YAO,RECTANGULAR CHARCOAL GRILL WITH SIDE TABLES,ASADOR CARBON RECTANGULAR CON MESAS LATERALES Y PARRILLADAS 2 PIEZAS
01tVT000008H6HKYA0,4PCS BBQ SET,SET ACCESORIOS 4 PIEZAS BBQ
01tVT000008H6h7YAC,3PCS BBQ SET,SET ACCESORIOS 3 PIEZAS BBQ
01tVT000008H7DNYA0,3PCS BBQ SET,SET ACCESORIOS 3 PIEZAS BBQ
01tVT000008H7QIYA0,3PCS BBQ SET,SET ACCESORIOS 3 PIEZAS BBQ
01tVT000008H82zYAC,3PCS BBQ SET,SET ACCESORIOS 3 PIEZAS BBQ
01tVT000008H8KjYAK,3PCS BBQ SET,SET ACCESORIOS 3 PIEZAS BBQ
01tVT000008H8ivYAC,3PCS BBQ SET,SET ACCESORIOS 3 PIEZAS BBQ
01tVT000008H9VJYA0,4PCS BBQ SET,SET ACCESORIOS 4 PIEZAS BBQ
01tVT000008H9tVYAS,2PCS GRILL TOOLS SET,SET ACCESORIOS 2 PIEZAS BBQ
01tVT000008IDobYAG,1.5X2.4*2.2M HAND PAINTING PERGOLA,GAZEBO RECTANGULAR METALICO
01tVT000008IE4kYAG,METAL CHAIR,SILLA METALICA
01tVT000008IEKrYAO,4PCS BBQ TOOLS SET,SET ACCESORIOS 4 PIEZAS BBQ
01tVT000008IGkrYAG,METAL CHAIR,SILLA METALICA
01tVT000008IsTZYA0,20PCS BBQ TOOL SET,SET ACCESORIOS 20 PIEZAS
01tVT000008IsuzYAC,6PCS BBQ TOOL SET,SET ACCESORIOS 5 PIEZAS
01tVT000008LI3lYAG,CHARCOAL GRILL WITH SIDE TABLES AND WHEELS,ASADOR CARBON CON MESAS LATERALES Y RUEDAS
01tVT000008LtD0YAK,GAS BBQ 4B WITH SIDE BURNER,ASADOR GAS BARBACOA CON QUEMADOR LATERAL Y RUEDAS
01tVT000008M21mYAC,CHARCOAL GRILL WITH SIDE TABLES AND WHEELS,ASADOR CARBON CON MESAS LATERALES Y RUEDAS
01tVT000008M6IHYA0,RECTANGULAR CHARCOAL GRILL WITH SIDE TABLES AND WHEELS,ASADOR CARBON RECTANGULAR CON MESAS LATERALES Y RUEDAS
01tVT000008M7XhYAK,WORKING TABLE,MESA DE SERVICIO
01tVT000008M88nYAC,WORKING TABLE,MESA DE SERVICIO
01tVT000008MA0vYAG,GAS BBQ 3B,ASADOR GAS BARBACOA CON MESA LATERAL PLEGABLE Y RUEDAS
01tVT000008MAKHYA4,GAS BBQ 4B WITH SIDE BURNER,ASADOR GAS BARBACOA CON QUEMADOR LATERAL Y RUEDAS
01tVT000008MAaPYAW,4B WITH SIDE BURNER,ASADOR GAS BARBACOA CON QUEMADOR LATERAL Y RUEDAS
01tVT000008NhXaYAK,PLASTIC WOOD BAR STOOL,BANCO BAR POLIMADERA
01tVT000008NtFKYA0,POLYWOOD BAR TABLE,MESA BAR POLIMADERA
01tVT000008O67iYAC,POLYWOOD BAR TABLE,MESA BAR POLIMADERA
01tVT000008OGoeYAG,GAS GRILL,ASADOR GAS BARBACOA CON MESA LATERAL Y RUEDAS
01tVT000008OI7FYAW,GAS GRILL,ASADOR GAS BARBACOA CON MESA LATERAL Y RUEDAS
01tVT000008OJ3JYAW,GAS GRILL,ASADOR GAS BARBACOA CON MESA LATERAL Y RUEDAS
01tVT000008OJjFYAW,BBQ GRILL,ASADOR CARBON CON MESA LATERAL Y RUEDAS
01tVT000008OJuXYAW,BBQ GRILL,ASADOR CARBON CON MESA LATERAL Y RUEDAS
01tVT000008PQKTYA4,OUTDOOR HANGING CHAIR,COLUMPIO COLGANTE CON COJINES
01tVT000008PQYzYAO,OUTDOOR HANGING CHAIR,COLUMPIO COLGANTE CON COJINES
01tVT000008QWinYAG,PLASTIC OUTDOOR SET,SET COMEDOR PLÁSTICO 5 PIEZAS
01tVT000008QWndYAG,130L HDPE BASE WITH WHEELS 2 IN I,BASE SOMBRILLA CON RUEDAS 2 EN I HDPE 130L
01tVT000008QWyvYAG,PLASTIC OUTDOOR SET,SET COMEDOR PLÁSTICO 5 PIEZAS
01tVT000008QXRxYAO,PLASTIC OUTDOOR SET,SET BISTRO PLÁSTICO Y METÁLICO 3 PIEZAS
01tVT000008QXi5YAG,PLASTIC OUTDOOR SET,SET BISTRO PLÁSTICO Y METÁLICO 3 PIEZAS
01tVT000008QXwbYAG,PLASTIC OUTDOOR SET,SET COMEDOR PLÁSTICO 5 PIEZAS
01tVT000008QYB7YAO,PLASTIC OUTDOOR SET,SET BISTRO PLÁSTICO 3 PIEZAS
01tVT000008QYkcYAG,3PCS TABLE AND CHAIRS SET,SET BISTRO ACERO 3 PIEZAS
01tVT000008QZ3xYAG,ACACIA BALCONY SET IN 5PCS,SALA DE PATIO ACACIA 5 PIEZAS
01tVT000008QZITYA4,ACACIA DINING SET 5 PIECES,JUEGO DE COMEDOR PARA EXTERIOR DE ACACIA DE 5 PIEZAS
01tVT000008QZWzYAO,DINING SET,SET COMEDOR ACACIA Y ROPE 5 PIEZAS CON COJINES
01tVT000008Qa3FYAS,ACACIA COFFEE SET 5PCS,SET CAFÉ ACACIA PLEGABLE 5 PIEZAS
01tVT000008QaBKYA0,STEEL BISTRO SET 3 PIECES (TABLE+2 CHAIRS),SET BISTRO ACERO 3 PIEZAS
01tVT000008Qc1qYAC,STEEL BISTRO SET 3 PIECES (TABLE+2 CHAIRS),SET BISTRO ACERO 3 PIEZAS
01tVT000008Qc8HYAS,SUNLOUNGER + BENCH,TUMBONA Y BANCA 2 EN 1 ACACIA CON COJINES
01tVT000008QcLBYA0,TABLE/TROLLEY,CARRITO ORGANIZADOR COCINA 3 NIVELES
01tVT000008QchlYAC,4PCS TABLE AND CHAIRS SET,SET COMEDOR ACERO 5 PIEZAS
01tVT000008QdqjYAC,8PCS TABLE AND CHAIRS SET,SET COMEDOR ACERO 8 PIEZAS CON SOMBRILLA
01tVT000008Qe6rYAC,6PCS TABLE AND CHAIRS SET,SET COMEDOR ACERO 6 PIEZAS CON SOMBRILLA
01tVT000008QeJlYAK,7PCS TABLE AND CHAIR SET,SET COMEDOR ACERO 7 PIEZAS CON COJINES
01tVT000008Qg8fYAC,STEEL BISTRO SET 3 PIECES (TABLE+2 CHAIRS),SET BISTRO ACERO 3 PIEZAS (MESA + 2 SILLAS)
01tVT000008QgF8YAK,STONE FOUNTAIN,FUENTE PIEDRA CON LED
01tVT000008QgmzYAC,STEEL BISTRO SET 3 PIECES,SET BISTRO ACERO 3 PIEZAS
01tVT000008Qh1VYAS,STEEL BISTRO SET 3 PIECES,SET BISTRO ACERO 3 PIEZAS
01tVT000008QhO5YAK,STEEL SOFA SET 4 PIECES,SALA DE PATIO ACERO 4PCS
01tVT000008QhvxYAC,PORCELAIN FOUNTAIN,FUENTE PORCELANA CON LED
01tVT000008Qi8rYAC,1.5X2.4*2.2M hand painting pergola,GAZEBO RECTANGULAR METALICO
01tVT000008Qj6XYAS,MONDER FOUNTAIN,FUENTE BOL POLIRESINA
01tVT000008QjMfYAK,MONDER FOUNTAIN,FUENTE OLLA POLIRESINA CON LED
01tVT000008QjePYAS,FROG FOUNTAIN,FUENTE RANA POLIRESINA CON LED
01tVT000008QjmTYAS,BUDDHA FOUNTAIN,FUENTE BUDA POLIRESINA CON LED
01tVT000008Qjw9YAC,BUDDHA FOUNTAIN,FUENTE BUDA POLIRESINA CON LED
01tVT000008SbT3YAK,STEEL COFFEE TABLE,MESA AUXILIAR ACERO
01tVT000008TWazYAG,PP SQUARE TABLE,MESA AUXILIAR CUADRADA PLASTICA
01tVT000008TY4vYAG,8-RIB SIDE GARDEN UMBRELLA,SOMBRILLA JARDIN LATERAL 8 RIBS  BASE DE SOMBRILLA CON RUEDAS
01tVT000008TYkrYAG,3PCS CORNER ROPE PATIO SET WITH CUSHIONS,SALA DE PATIO ESQUINA ROPE 3 PIEZAS CON COJINES
01tVT000008UeGMYA0,8-RIB SIDE GARDEN UMBRELLA,SOMBRILLA JARDIN LATERAL 8 RIBS CON LUZ LED Y BASE DE SOMBRILLA CON RUEDAS
01tVT000008UeeYYAS,METAL CHAIR,SILLA METALICA
01tVT000008VDqnYAG,7PCS GARDEN SOFA SET,SALA DE PATIO WICKER 7 PIEZAS CON COJINES
01tVT000008VEA9YAO,7PCS GARDEN SOFA SET WITH PLASTIC WOOD TABLE,SALA DE PATIO WICKER 7 PIEZAS CON COJINES
01tVT000008VEYLYA4,7PCS GARDEN SOFA SET,SALA DE PATIO ESQUINA WICKER 7 PIEZAS CON COJINES
01tVT000008W71mYAC,PP SQUARE TABLE,MESA AUXILIAR CUADRADA PLASTICA CAQUI
01tVT000008W7BRYA0,PP SQUARE TABLE,MESA AUXILIAR CUADRADA PLASTICA VERDE
01tVT000008W7szYAC,PP CHAIR,SILLA COMEDOR PP CAQUI
01tVT000008W84HYAS,PP CHAIR,SILLA COMEDOR PP NEGRA
01tVT000008W85tYAC,PP CHAIR,SILLA COMEDOR PP VERDE
01tVT000008WFoxYAG,STEEL SOFA SET 4 PIECES,SALA DE PATIO ACERO 4 PIEZAS
01tVT000008WHUAYA4,PP SQUARE TABLE,MESA AUXILIAR CUADRADA PLASTICA NEGRA
01tVT000008WHqkYAG,STEEL COFFEE TABLE,MESA AUXILIAR ACERO
01tVT000008WHxCYAW,BISTRO SET 3 PCS,SET BISTRO ACACIA CON COJIN
01tVT000008Z1ZLYA0,DINING SET WITH CUSHION 5 PIECES,SET COMEDOR 5 PIEZAS
01tVT000008Z3KzYAK,DINING SET WITH CUSHION 5 PIECES,SET COMEDOR 5 PIEZAS
01tVT000008Z4NVYA0,DINING SET WITH ALUMINIUM TABLE TOP AND CUSHION 5 PIECES,SET COMEDOR 5 PIEZAS
01tVT000008Z4fFYAS,DINING TABLE AND CHAIR SET WITH CUSHION 9 PIECES,SET COMEDOR 9 PIEZAS
01tVT000008Z4vOYAS,LED FLOOR MIRROR,ESPEJO DE SUELO LED
01tVT000008Z7JlYAK,LED FLOOR MIRROR,ESPEJO DE SUELO LED
01tVT000008Z7wTYAS,LED FLOOR MIRROR,ESPEJO DE SUELO LED
01tVT000008ZnE9YAK,5PCS ALUMINIUM DINING SET,SET COMEDOR ALUMINIO 5PCS
01tVT000008bttnYAA,Classic Series 16 inch,ASADOR CARBON CERAMICO REDONDO CON MESAS LATERALES
01tVT000008dlKDYAY,CHARCOAL GRILL,ASADOR CARBON
01tVT000008dlSHYAY,CHARCOAL GRILL,ASADOR CARBON
01tVT000008gAj7YAE,GAS BBQ 4B WITH SIDE BURNER,ASADOR GAS BARBACOA CON QUEMADOR LATERAL Y RUEDAS
01tVT000008gcx8YAA,50L HARD COOLER WITH WHEELS (86 CANS),NEVERA PORTATIL CON RUEDAS (50L-86 LATAS)
01tVT000008gcykYAA,6 FT FOLDING HDPE TABLE WOODEN DESIGN,MESA RESINA IMITACION MADERA PLEGABLE
01tVT000008gd0MYAQ,FOLDING BENCH WOOD DESIGN,BANCO RESINA PLEGABLE IMITACION MADERA
01tVT000008gd1yYAA,"6FT PICNIC TABLE, WOOD DESIGN",SET PICNIC RESINA RECTANGULAR IMITACION  MADERA
01tVT000008gd3aYAA,STEEL PERGOLA,GAZEBO CUADRADO METALICO CON PARED KD VERSION
01tVT000008gd8QYAQ,ACACIA DINING SET 5 PIECES,SET COMEDOR ACACIA PLEGABLE 5 PIEZAS
01tVT000008gdBeYAI,DINING SET,SET COMEDOR ACACIA Y ROPE 5 PIEZAS CON COJINES
01tVT000008gdEsYAI,SUNLOUNGER + BENCH,TUMBONA Y BANCA 2 EN 1 ACACIA CON COJINES
01tVT000008gdI6YAI,4 PIECES ROPE CONVERSATION SET,SALA DE PATIO ACACIA 4 PIEZAS CON ROPE Y COJINES
01tVT000008gdLKYAY,LOVE SEAT SOFA KD,SILLON DOBLE METALICA CON MESA AUXILIAR Y COJINES
01tVT000008gdQAYAY,7 PIECES ALU DINING SET,SET COMEDOR 7 PIEZAS
01tVT000008gdRmYAI,KD SWIVEL CHAIR,SILLA GIRATORIA HUEVO
01tVT000008hRWbYAM,STEEL SOFA SET 4 PIECES,SALA DE PATIO ACERO 4 PIEZAS CON COJINES
01tVT000008k6IkYAI,BAMBOO TROLLEY,CARRITO ORGANIZADOR COCINA 2 NIVELES
01tVT000008k6PCYAY,WOODEN KITCHEN CART,CARRITO ISLA COCINA
01tVT000008k6QoYAI,3 TIERS GARMENT RACK,PERCHERO ORGANIZADOR 2 NIVELES
01tVT000008k6U2YAI,5 TIERS WIRE SHELF,ESTANTERIA METALICA 5 NIVELES
01tVT000008k6XGYAY,LAUNDRY CART WITH WHEELS,CARRO LAVANDERIA CON RUEDAS
01tVT000008k6c6YAA,EXPANDABLE HOSE 22 MT WITH 8 FUNCTION GUN,MANGUERA EXPANDIBLE 22 MT C/PISTOLA 8 FUNCIONES
01tVT000008k6gwYAA,GARDEN HOSE,"MANGUERA 50 MTS - 5/8 """
01tVT000008k6iYYAQ,AUTO REWIND HOSE REEL 20 M,PORTAMANGUERA AUTOENRROLLABLE CON MANGUERA PARED 20 MT
01tVT000008k6p0YAA,POT FOUNTAIN + LED,FUENTE CON LED
01tVT000008k73WYAQ,ABSTRACT FOUNTAIN + LED,FUENTE ABSTRACTA CON LED
01tVT000008lCacYAE,4PIECES ROUND TABLE CONVERSATION SET,SALA DE PATIO ACACIA 4 PIEZAS CON COJINES
01tVT000008lCdqYAE,4PIECES ROUND TABLE CONVERSATION SET,SALA DE PATIO ACACIA 4 PIEZAS CON COJINES
01tVT000008pKbBYAU,WOODEN FRAMED MIRROR,ESPEJO DE PARED REDONDO CON MARCO MADERA
01tVT000008pxPeYAI,3 PIECES CHAT SET WITH CUSHION,SET BISTRO ACACIA 3 PIEZAS CON COJIN
01tVT000008qFxdYAE,Folding Storage Rack 4 TIERS,ESTANTERIA 4 NIVELES ORGANIZADOR CON RUEDAS
01tVT000008qIU5YAM,5-layer kitchen round storage rack,ESTANTERIA REDONDA 5 NIVELES ORGANIZADOR CON RUEDAS
01tVT000008qV9bYAE,STEEL SOFA SET 4 PIECES,SALA DE PATIO WICKER 4 PIEZAS CON COJINES
01tVT000008qW0oYAE,STEEL SOFA SET 4 PIECES,SALA DE PATIO ACERO 4PCS
01tVT000008qW8sYAE,3 PIECES ROCKING CHAIR SET WITH CUSHION,SET BISTRO WICKER 3 PIEZAS CON COJINES
01tVT000008qdgbYAA,FOLDING SIDE TABLE,MESA AUXILIAR CUADRADA PLEGABLE
01tVT000008qdiDYAQ,FOLDING SIDE TABLE,MESA AUXILIAR CUADRADA PLEGABLE
01tVT000008qe6PYAQ,50L HARD COOLER WITH WHEELS (86 CANS),NEVERA PORTATIL CON RUEDAS (50L-86 LATAS)
01tVT000008r0q5YAA,5PCS DINING SET,SET COMEDOR METALICO 5 PIEZAS
01tVT000008r6KPYAY,HOME CHAIR,SILLA ORDENADOR
01tVT000008r6PFYAY,HOME CHAIR,SILLA ORDENADOR
01tVT000008sjwPYAQ,PORTABLE CHARCOAL GRILL SET,PARRILLA PORTÁTIL DE CARBÓN
01tVT000008skm1YAA,FOLDING CHARCOAL GRILL IN CASE WITH ACCESSORIES,ASADOR CARBON PLEGABLE EN MALETIN CON ACCESORIOS
01tVT000008vkpVYAQ,DINING SET,SET COMEDOR WICKER 9 PIEZAS CON COJINES
01tVT000008vl7FYAQ,DINING SET,SET COMEDOR WICKER 9 PIEZAS CON COJINES
01tVT000008vlYfYAI,SOFA SET,SALA DE PATIO WICKER 5 PIEZAS CON COJINES
01tVT000008weq5YAA,6Pcs Steel Textilene chair & table set,SET COMEDOR ACERO 6 PIEZAS CON SOMBRILLA
01tVT000008wf1NYAQ,6Pcs Steel Textilene chair & table set,SET COMEDOR ACERO 6 PIEZAS CON SOMBRILLA
01tVT000008xiJnYAI,6FT FOLDING HDPE TABLE,MESA RESINA PLEGABLE Φ 4.5 cm
01tVT000008xiYIYAY,FOLDING HDPE CHAIR,SILLA PLEGABLE DOBLE
01tVT000008xiZuYAI,122 CM FOLDING TABLE,MESA RESINA PLEGABLE
01tVT000008xigMYAQ,FOLDING TABLE 122CM,MESA RESINA PLEGABLE Φ 4 cm
01tVT000008xilCYAQ,6 FT FOLDING HDPE TABLE,MESA RESINA PLEGABLE
01tVT0000090zEQYAY,COMPRESSED SOFA,SILLON CAMA FUTÓN
01tVT00000914lyYAA,ALUMINUM WOVEN ROPE BAR CHAIR,SILLA COMEDOR DE ALUMINIO CON CUERDA
01tVT00000918KvYAI,RATTAN CHAIR,SILLA COMEDOR RATAN
01tVT0000091LzhYAE,STEEL CENTER SOFA WITHOUT ARM,SILLON JARDIN ACERO CON COJINES
01tVT0000091MNtYAM,KD STEEL SINGLE SOFA ARMLESS,SILLON JARDIN ACERO CON COJINES
01tVT0000091cCYYAY,"CIRCULATION FAN, REMOTE CONTROL",VENTILADOR DE TORRE 70W 127V 3 VELOCIDADES
01tVT0000091cJ0YAI,TOWER FAN,VENTILADOR TORRE 120V 60W
01tVT0000091cNqYAI,"32"" TOWER FAN","VENTILADOR TORRE 32"" 45W"
01tVT0000092334YAA,FOLDABLE TEA TROLLEY WITH WHEELS,CARRITO AUXILIAR ACACIA PLEGABLE 2 NIVELES CON RUEDAS
01tVT00000926CDYAY,WICKER CHAIR WITH CUSHION,SILLA COMEDOR WICKER CON COJIN
01tVT00000927xtYAA,BARBECUE TEA TROLLEY WITH WHEELS,CARRITO AUXILIAR 2 NIVELES CON RUEDAS
01tVT0000093iDpYAI,6‘ SOLID FOLDING TABLE,MESA RESINA PLEGABLE Φ 3.8 cm
01tVT0000093igrYAA,8' SOLID FOLDING TABLE,MESA RESINA PLEGABLE Φ 4.5 cm
01tVT00000955BaYAI,6FT FOLDING HDPE TABLE,MESA RESINA PLEGABLE Φ 4.5 cm
01tVT0000097n5FYAQ,COMPRESSED SOFA,SILLON CAMA FUTÓN
01tVT000009EvKbYAK,BEACH CHAIR,SILLA PLAYA
01tVT000009JboHYAS,GRILL BASKET,CESTA PARRILLA BARBACOA CON 2 OREJAS
01tVT000009NW5FYAW,BBQ TOOLS 3 PIECES,BANDEJA GRILL BBQ 3 PIEZAS
01tVT000009NX4XYAW,BBQ TOOLS 3 PIECES,BANDEJA GRILL BBQ 3 PIEZAS
01tVT000009OBYDYA4,DINING SET 1 TABLE + 4 CHAIRS,SET COMEDOR + 4 SILLAS
01tVT000009SDMvYAO,BBQ TOOLS 3 PIECES,BANDEJA GRILL BBQ 3 PIEZAS
01tVT000009SO74YAG,DINING SET,SET COMEDOR 5 PIEZAS
01tVT000009SO8gYAG,OFFICE CHAIR,SILLA ORDENADOR MESH
01tVT000009U1ZNYA0,PVC TABLE,MESA PVC
01tVT000009WWCTYA4,HEAVY DUTE SHELVE 5 TIERS,ESTANTERIA PESADA 5 NIVELES
01tVT000009WWdtYAG,PLASTIC SHELVES 4 LAYERS,ESTANTERIA PLASTICO LISO 4 NIVELES
01tVT000009WWqnYAG,PLASTIC SHELVES 5 LAYERS,ESTANTERIA PLASTICO RUGOSO 5 NIVELES
01tVT000009Xn81YAC,2 IN 1 SOFA SETA FOLDING WAGON,CARRITO PLEGABLE CON ASIENTO
01tVT000009XnpZYAS,PLASTIC SHELVES 3 LAYERS,ESTANTERIA PLASTICO LISO 3 NIVELES
01tVT000009XognYAC,PLASTIC SHELVES 3 LAYERS,ESTANTERIA PLASTICO RUGOSO 3 NIVELES
01tVT000009Xp09YAC,PLASTIC SHELVES 5 LAYERS,ESTANTERIA PLASTICO LISO 5 NIVELES
01tVT000009Xy8HYAS,ABSTRACT FOUNTAIN + LED,FUENTE ABSTRACTA CON LED
01tVT000009ZDtGYAW,TV STAND,CENTRO ENTRETENIMIENTO 2 NIVELES
01tVT000009ZDusYAG,TV STAND,CENTRO ENTRETENIMIENTO 2 NIVELES
01tVT000009ZDziYAG,TV STAND,CENTRO ENTRETENIMIENTO 1 NIVEL CON 1 CAJÓN
01tVT000009arWsYAI,8-RIB SIDE GARDEN UMBRELLA,SOMBRILLA JARDIN LATERAL 8 RIBS  BASE DE SOMBRILLA CON RUEDAS
01tVT000009gsgLYAQ,DINING SET,SET DESAYUNADOR MDF + 2 TABURETES + ALMACENAJE 3 NIVELES
01tVT000009kuoRYAQ,FOLDING CAMPING CHAIR,SILLA PLEGABLE CAMPING CON BOLSA
01tVT000009rjTFYAY,TOWER HEATER,CALENTADOR PATIO TORRE DE GAS
01tVT000009rnJxYAI,OFFICE CHAIR,SILLA ORDENADOR MESH
01tVT000009rrozYAA,FIRE PIT,POZO DE FUEGO
01tVT000009rsBZYAY,TOWER HEATER,CALENTADOR PATIO TORRE DE GAS
01tVT000009u7JNYAY,FOLDING CHAIR WITH SUNSHADE,SILLA DOBLE PLAYA CON TOLDO
01tVT000009u9eXYAQ,2-SEATER TEXTILENE SWING CHAIR,COLUMPIO BALANCIN DOBLE
01tVT000009u9jOYAQ,STEEL FOLDING BISTRO SET 3 PIECES,SET BISTRO METALICO PLEGABLE 3 PIEZAS
01tVT000009uDS1YAM,COMPUTER CHAIR,SILLA ORDENADOR
01tVT000009uDjlYAE,COMPUTER DESK,MESA ESCRITORIO
01tVT000009uESwYAM,DINING SET 5 PIECES,SET COMEDOR VIDRIO + 4 SILLAS
01tVT000009uEW9YAM,DINING SET 5 PIECES,SET COMEDOR VIDRIO + 4 SILLAS
01tVT000009uF7FYAU,DINING SET 5 PIECES,SET COMEDOR + 4 SILLAS
01tVT000009uFdVYAU,DINING SET 3 PIECES,SET DESAYUNADOR MDF + 2 TABURETES + ALMACENAJE 1 NIVELES
01tVT000009uGGDYA2,SOFA BED,SOFA CAMA
01tVT000009uGjFYAU,HALF-COMPRESSED SOFA BED,SILLON CAMA
01tVT000009uH93YAE,BED HEAD,CABECERA DE CAMA
01tVT000009uHtpYAE,SQUARE CHARCOAL GRILL,ASADOR CARBON CUADRADO
01tVT000009uoubYAA,SAUCER CHAIR,SILLON LUNA PLEGABLE TERCIOPELO
01tVT000009upibYAA,BUTTERFLY CHAIR,SILLON MARIPOSA PLEGABLE
01tVT000009vzw2YAA,SQUARE CHARCOAL GRILL,ASADOR CARBON CUADRADO
01tVT000009w11lYAA,ROUND CHARCOAL GRILL,ASADOR CARBON REDONDO
01tVT000009w1eTYAQ,ROUND CHARCOAL GRILL,ASADOR CARBON REDONDO
01tVT000009w1plYAA,SQUARE CHARCOAL GRILL,ASADOR CARBON CUADRADO
01tVT000009w2M3YAI,PORTABLE DEHUMIDIFIER,DESHUMIDIFICADOR PORTATIL
01tVT000009w3zdYAA,SOFA BED,SOFA CAMA
01tVT000009w4cLYAQ,SMART PORTABLE AIR CONDITIONER,AIRE ACONDICIONADO PORTATIL MULTIFUNCIONAL
01tVT000009w4sTYAQ,SMART PORTABLE AIR CONDITIONER,AIRE ACONDICIONADO PORTATIL MULTIFUNCIONAL
01tVT000009w4xJYAQ,6PCS BBQ TOOL SET,SET ACCESORIOS 6 PIEZAS BBQ TELA MIGAO
01tVT000009w56zYAA,6PCS BBQ TOOL SET,SET ACCESORIOS 6 PIEZAS BBQ TELA DENIM
01tVT000009w5YPYAY,COOLER,ENFRIADOR DE AIRE PORTATIL 80W
01tVT000009w5i5YAA,COOLER,ENFRIADOR DE AIRE PORTATIL 120W
01tVT000009w5tNYAQ,COOLER,ENFRIADOR DE AIRE PORTATIL 120W
01tVT000009w633YAA,COOLER,ENFRIADOR DE AIRE PORTATIL 200W
01tVT000009whQoYAI,4 TIERS CORNER DISPLAY SHELF,ESTANTERIA 4 NIVELES EN ESQUINA
01tVT00000A0XfnYAF,10CT BLACK DIAMOND SOLAR STRING LIGHT,SERIE DE LUZ SOLAR COLGANTE DIAMANTE NEGRO
01tVT00000A0bMnYAJ,10CT BLACK SPIRAL SOLAR STRING LIGHT,SERIE DE LUZ SOLAR COLGANTE ESPIRAL NEGRO
01tVT00000A1FLqYAN,PVC GARDEN HOSE,"MANGUERA PVC 15MTS 1/2"" CON ACCESORIOS"
01tVT00000A1FtiYAF,10CT PINEAPPLES SOLAR STRING LIGHT,SERIE DE LUZ SOLAR COLGANTE PIÑA
01tVT00000A1GxpYAF,50CT MINI BALLS SOLAR STRING LIGHT,SERIE DE LUZ SOLAR COLGANTE BOLITAS
01tVT00000A2BmPYAV,EXPANDABLE HOSE,MANGUERA EXPANDIBLE 15 MT C/PISTOLA 7 FUNCIONES
01tVT00000A2Dt4YAF,GRIDDLE TOOLS SET 4 PIECES,SET ACCESORIOS 4 PIEZAS BBQ
01tVT00000A2Fy5YAF,15M SOAKER HOSE,MANGUERA EXUDANTE 15 MTS
01tVT00000A2GcQYAV,EXPANDABLE GREEN WALL ARTIFICIAL LEAF FOLIAGE,MURO VERDE EXPANDIBLE FOLLAJE HOJA ARTIFICIAL
01tVT00000A2Gm5YAF,HOSE HOLDER SET,SET MANGUERA PVC 10 MTS 8 FUNCIONES CON SOPORTE
01tVT00000A2HGjYAN,SMALL BASED HALF OIL DRUM GRILL,ASADOR CARBON RECTANGULAR DE MEDIO BIDON
01tVT00000A2Ij3YAF,HALF OIL DRUM GRILL WITH SIDE TABLE AND THE COOKING HEIGHT ADJUSTOR,ASADOR CARBON RECTANGULAR DE MEDIO BIDON CON MESA LATERAL
01tVT00000A2IkfYAF,OIL BOWL SET,SET ACCESORIOS 2 PIEZAS BBQ
01tVT00000A2IxZYAV,CHARCOAL GRILL,ASADOR CARBON RECTANGULAR DE MEDIO BIDON CON MESA LATERAL
01tVT00000A2JFJYA3,32INCH CHARCOAL GRILL,ASADOR CARBON RECTANGULAR CON MESAS LATERALES
01tVT00000A2JwrYAF,BBQ SET 5 PIECES,SET ACCESORIOS 5 PIEZAS BBQ
01tVT00000A2xELYAZ,SOFA BED,SOFA CAMA
01tVT00000A2xFxYAJ,SOFA BED,SOFA CAMA
01tVT00000A2yn7YAB,FOLDING CAMPING CHAIR,SILLA PLEGABLE CAMPING
01tVT00000A2zrFYAR,FOLDING CAMPING TABLE,MESA PLEGABLE CAMPING
01tVT00000A30s9YAB,ELECTRIC RADIANT HEATER - CARBON 900W,CALEFACTOR ELECTRICO DE RADIACION DE CARBONO 900W
01tVT00000A344XYAR,ELECTRIC RADIANT HEATER - HALOGEN 1200W,CALEFACTOR ELECTRICO DE RADIACION HALOGENO 1200W
01tVT00000A34m5YAB,ELECTRIC RADIANT HEATER - HALOGEN 1200W,CALEFACTOR ELECTRICO DE RADIACION HALOGENO 1200W
01tVT00000A5FwjYAF,WALL-MOUNTED PTC FAN HEATER 2000W,CALEFACTOR MURAL CERAMICO CON VENTILADOR (PTC) 2000W
01tVT00000A5GftYAF,WALL-MOUNTED PTC FAN HEATER 2000W,CALEFACTOR MURAL CERAMICO CON VENTILADOR (PTC) 2000W
01tVT00000A5GzFYAV,WALL-MOUNTED PTC FAN HEATER 2000W,CALEFACTOR MURAL CERAMICO CON VENTILADOR (PTC) 2000W
01tVT00000A5H8vYAF,WALL-MOUNTED PTC FAN HEATER 2000W,CALEFACTOR MURAL CERAMICO CON VENTILADOR (PTC) 2000W
01tVT00000A5z3WYAR,FAN HEATER WITH THERMOSTAT 1500W,CALEFACTOR ELECTRICO TERMOVENTILADOR 1500W
01tVT00000A5zI1YAJ,FAN HEATER WITH THERMOSTAT 1500W,CALEFACTOR ELECTRICO TERMOVENTILADOR 1500W
01tVT00000A60HJYAZ,TOWER PTC HEATER 2000W,CALEFACTOR CERAMICO TORRE CON VENTILADOR (PTC) 2000W
01tVT00000A60cHYAR,TOWER CERAMIC PTC HEATER 1500W,CALEFACTOR CERAMICO CON VENTILADOR (PTC) 1500W
01tVT00000A60vdYAB,TOWER CERAMIC PTC HEATER 1500W,CALEFACTOR CERAMICO CON VENTILADOR (PTC) 1500W
01tVT00000A61ZxYAJ,TABLE PTC HEATER 1500W,CALEFACTOR CERAMICO SOBREMESA CON VENTILADOR (PTC) 1500W
01tVT00000A61rhYAB,TABLE PTC HEATER 1500W,CALEFACTOR CERAMICO SOBREMESA CON VENTILADOR (PTC) 1500W
01tVT00000A62CfYAJ,TABLE PTC HEATER 1500W,CALEFACTOR CERAMICO SOBREMESA CON VENTILADOR (PTC) 1500W
01tVT00000A630fYAB,TABLE PTC HEATER 1500W,CALEFACTOR CERAMICO SOBREMESA CON VENTILADOR (PTC) 1500W
01tVT00000A6rDZYAZ,PTC FAN HEATER 2000W,CALEFACTOR CERAMICO CON VENTILADOR (PTC) 2000W
01tVT00000A6rofYAB,ELECTRIC CONVECTOR 2000W,CONVECTOR ELECTRICO 2000W
01tVT00000A6tqTYAR,DIGITAL CONVECTOR HEATER WITH GLASS PANEL 2000W,CALEFACTOR DE CONVECCION WIFI - DIGITAL PANEL CRISTAL 2000W
01tVT00000A7LQBYA3,SOFA BED,SOFA CAMA
01tVT00000A7MSgYAN,OFFICE CHAIR,SILLA ORDENADOR MESH
01tVT00000A7MakYAF,4 TIERS CORNER DISPLAY SHELF,ESTANTERIA 4 NIVELES EN ESQUINA
01tVT00000A7MfaYAF,FOLDING CHAIR,SILLA RESINA DOBLE PLEGABLE
01tVT00000A7depYAB,CERAMIC HEATER 360 DEGREES,CALEFACTOR CERAMICO 360 GRADOS 1500W
01tVT00000A7fAMYAZ,PTC FAN HEATER 350W,CALEFACTOR CERAMICO DE MANO (PTC) 350W
01tVT00000A7gO9YAJ,PTC FAN HEATER 350W,CALEFACTOR CERAMICO SOBREMESA CON VENTILADOR (PTC) 350W
01tVT00000A7gfuYAB,CERAMIC FAN HEATER 750W/1500W,CALEFACTOR CERAMICO CON VENTILADOR 750W/1500W
01tVT00000A7grCYAR,PTC FAN HEATER 1000W/1500W,CALEFACTOR CERAMICO SOBREMESA CON VENTILADOR (PTC) 1000W/1500W
01tVT00000A7gxeYAB,30 Digital Ceramic Tower Heater  w/ Fan & Oscillation,CALEFACTOR CERÁMICO DIGITAL DE TORRE DE 30 PULGADAS CON VENTILADOR Y OSCILACIÓN
01tVT00000A7h8vYAB,PTC FAN HEATER 1000W/1500W,CALEFACTOR CERAMICO SOBREMESA CON VENTILADOR (PTC) 1000W/1500W
01tVT00000A7hLpYAJ,PTC FAN HEATER 1000W/1500W,CALEFACTOR CERAMICO SOBREMESA CON VENTILADOR (PTC) 1000W/1500W
01tVT00000A7hSHYAZ,26 Ultra Slim Ceramic Tower Heater w/ Fan & Oscillation,CALEFACTOR DE TORRE CERÁMICO ULTRADELGADO CON VENTILADOR Y OSCILACIÓN
01tVT00000A7hSIYAZ,23 Digital Ceramic Tower Heater  w/ Fan & Oscillation,CALEFACTOR CERÁMICO DIGITAL DE TORRE DE 23 PULGADAS CON VENTILADOR Y OSCILACIÓN
01tVT00000A7iEfYAJ,17 Digital Ceramic Tower Heater  w/ Fan & Oscillation,CALEFACTOR CERÁMICO DIGITAL DE TORRE DE 17 PULGADAS CON VENTILADOR Y OSCILACIÓN
01tVT00000A7ijJYAR,4-ELEMENT INFRARED HEATERS 750W/1500W,CALEFACTORES INFRARROJO DE 4 ELEMENTOS 750W/1500W
01tVT00000A7imXYAR,23'' tall 3-element infrared wood tower heater with oscillation,CALENTADOR DE TORRE DE LEÑA INFRARROJO CON 3 ELEMENTOS Y OSCILACIÓN
01tVT00000A7irOYAR,6-ELEMENT INFRARED HEATERS 750W/1500W,CALEFACTORES INFRARROJO DE 6 ELEMENTOS 750W/1500W
01tVT00000A7jCLYAZ,23'' tall 3-element infrared wood tower heater with oscillation,CALENTADOR DE TORRE DE LEÑA INFRARROJO CON 3 ELEMENTOS Y OSCILACIÓN
01tVT00000A7oiHYAR,CERAMIC HANDY HEATER 350W,CALEFACTOR CERAMICO DE MANO 350W
01tVT00000A7p3FYAR,DESKTOP HEATER PTC 1000W,CALEFACTOR CERAMICO SOBREMESA CON VENTILADOR (PTC) 1000W
01tVT00000A7pG9YAJ,DESKTOP HEATER PTC 1500W,CALEFACTOR CERAMICO SOBREMESA CON VENTILADOR (PTC) 1500W
01tVT00000A7pPpYAJ,DESKTOP HEATER PTC 1500W,CALEFACTOR CERAMICO SOBREMESA CON VENTILADOR (PTC) 1500W
01tVT00000A7pb7YAB,CERAMIC DESK HEATER PTC 1500W,CALEFACTOR CERAMICO SOBREMESA CON VENTILADOR (PTC) 1500W
01tVT00000A7r6fYAB,CERAMIC DESK HEATER OSCILLATION 2000W,CALEFACTOR CERAMICO SOBREMESA OSCILANTE PTC 2000W
01tVT00000A7rRdYAJ,INFRARED CEILING ELECTRIC HEATER 1500W,CALEFACTOR ELECTRICO DE RADIACION TECHO 1500W
01tVT00000A7sM5YAJ,FIREPLACE HEATER 1500W,CALEFACTOR ELECTRICO CHIMENEA 1500W
01tVT00000A7sXNYAZ,FIREPLACE HEATER PTC 1500W,CALEFACTOR ELECTRICO CHIMENEA (PTC)1500W
01tVT00000A7sh3YAB,FIREPLACE HEATER 1500W,CALEFACTOR ELECTRICO CHIMENEA 1500W
01tVT00000A7sqjYAB,FIREPLACE HEATER 2000W,CALEFACTOR ELECTRICO CHIMENEA 2000W
01tVT00000A7t3dYAB,HEATER WITH FLAME EFFECT PTC 2000W,CALEFACTOR CERAMICO TORRE CON EFECTO LLAMA (PTC) 2000W
01tVT00000A7tBhYAJ,PTC HEATER WITH FLAME EFFECT 2000W,CALEFACTOR CERAMICO TORRE CON EFECTO LLAMA (PTC) 2000W
01tVT00000A7tObYAJ,PTC HEATER WITH FLAME EFFECT 2000W,CALEFACTOR CERAMICO TORRE CON EFECTO LLAMA Y ASA (PTC) 2000W
01tVT00000A7tbVYAR,PTC HEATER WITH FLAME EFFECT 2000W,CALEFACTOR CERAMICO TORRE CON EFECTO LLAMA (PTC) 2000W
01tVT00000A7tq1YAB,CERAMIC TOWER HEATER WITH LED 2000W,CALEFACTOR CERAMICO TORRE CON LED 2000W
01tVT00000A7uCbYAJ,DESK TABLE PTC HEATER 2000W,CALEFACTOR CERAMICO MESA (PTC) 2000W
01tVT00000A7uPVYAZ,CARBON HEATER 600W,CALEFACTOR ELECTRICO DE RADIACION CARBON CON ASA 600W
01tVT00000A7uZBYAZ,CARBON HEATER 600W,CALEFACTOR ELECTRICO DE RADIACION CARBON CON ASA 600W
01tVT00000A8TaAYAV,QUARTZ HEATER 1200W,CALENTADOR DE CUARZO 1200W
01tVT00000A8VorYAF,QUARTZ HEATER 800W,CALENTADOR DE CUARZO 800W
01tVT00000A8WD3YAN,QUARTZ HEATER 1200W,CALENTADOR DE CUARZO 1200W
01tVT00000A8WTBYA3,QUARTZ HEATER 1200W,CALENTADOR DE CUARZO 1200W
01tVT00000AAbbdYAD,FOLDING TENT,CARPA PLEGABLE
01tVT00000AAblJYAT,FOLDING TENT,CARPA PLEGABLE
01tVT00000ABDKLYA5,OIL HEATER 1000W - 9 FINS,CALEFACTOR ELECTRICO DE ACEITE 1000W - 9 ELEMENTOS
01tVT00000ABDU1YAP,OIL HEATER 1000W - 9 FINS,CALEFACTOR ELECTRICO DE ACEITE 1000W - 9 ELEMENTOS
01tVT00000ABDaTYAX,OIL HEATER 1500W - 7 FINS,CALEFACTOR ELECTRICO DE ACEITE 1500W - 7 ELEMENTOS
01tVT00000ABDozYAH,OIL HEATER 2000W - 9 FINS,CALEFACTOR ELECTRICO DE ACEITE 2000W - 9 ELEMENTOS
01tVT00000ABEI1YAP,OIL HEATER 2000W - 9 FINS,CALEFACTOR ELECTRICO DE ACEITE 2000W - 9 ELEMENTOS
01tVT00000ABEZlYAP,OIL HEATER 1500W - 7 FINS,CALEFACTOR ELECTRICO DE ACEITE 1500W - 7 ELEMENTOS
01tVT00000ABF2nYAH,OIL HEATER 2500W - 11 FINS,CALEFACTOR ELECTRICO DE ACEITE 2500W - 11 ELEMENTOS
01tVT00000ABFIvYAP,OIL HEATER 1500W - 9 FINS,CALEFACTOR ELECTRICO DE ACEITE 1500W - 9 ELEMENTOS
01tVT00000ABFagYAH,OIL HEATER 2000W - 9 FINS,CALEFACTOR ELECTRICO DE ACEITE 2000W - 9 ELEMENTOS
01tVT00000ABFlxYAH,OIL HEATER 1500W - 7 FINS,CALEFACTOR ELECTRICO DE ACEITE 1500W - 7 ELEMENTOS
01tVT00000ABG5JYAX,OIL HEATER 2500W - 11 FINS,CALEFACTOR ELECTRICO DE ACEITE 2500W - 11 ELEMENTOS
01tVT00000ABGEzYAP,OIL HEATER 2000W -11 FINS,CALEFACTOR ELECTRICO DE ACEITE 2000W - 11 ELEMENTOS
01tVT00000ABnxKYAT,PP FOLDING CHAIR,SILLA PLEGABLE PP
01tVT00000AC3FhYAL,FIREPLACE HEATER 1800W,CALEFACTOR ELECTRICO CHIMENEA 1800W
01tVT00000AC3NmYAL,ROTATING FAN + HEATER ( 2 IN 1) 1800W,CALEFACTOR + VENTILADOR TORRE GIRATORIA (2 EN 1) 1800W
01tVT00000AC4ZxYAL,ROTATING FAN + HEATER ( 2 IN 1) 2100W,CALEFACTOR + VENTILADOR TORRE CIRCULAR (2 EN 1) 2100W
01tVT00000ACHH3YAP,ROTATING FAN + HEATER ( 2 IN 1) 2100W,CALEFACTOR + VENTILADOR TORRE CIRCULAR (2 EN 1) 2100W
01tVT00000ADGHKYA5,FOLDING SOFA BED,SOFA CAMA PLEGABLE
01tVT00000ADGMAYA5,SOFA,SOFA 2 PLAZAS
01tVT00000ADGNmYAP,DINING SET 1 TABLE + 4 CHAIRS,SET COMEDOR + 4 SILLAS
01tVT00000ADmp3YAD,FOLDABLE GAS HEATER,CALENTADOR DE GAS PLEGABLE
01tVT00000ADnRlYAL,GAS HEATER,CALENTADOR DE GAS
01tVT00000ADnpxYAD,MINI GAS HEATER,CALENTADOR DE GAS MINI
01tVT00000ADnuoYAD,MINI GAS HEATER 1500W,CALENTADOR DE GAS MINI 1500W
01tVT00000ADoVtYAL,ELECTRIC RADIATION HEATER 350W/1050W/1400W,CALEFACTOR ELECTRICO DE RADIACION 350W/1050W/1400W
01tVT00000ADom1YAD,ELECTRIC RADIATION HEATER 400W/800W1200W/1600W/2000W,CALEFACTOR ELECTRICO DE RADIACION 400W/800W1200W/1600W/2000W
01tVT00000ADom2YAD,GAS AND ELECTRIC HEATER 1500W,CALENTADOR DE GAS Y ELECTRICO 1500W
01tVT00000ADpADYA1,ELECTRIC RADIATION HEATER MAXIMUM POWER 1800W,CALEFACTOR ELECTRICO DE RADIACION POTENCIA MAXIMA 1800W
01tVT00000ADqsfYAD,HARD COOLER WITH WHEELS 2PCS (3.6L + 16L),SET DE NEVERA CON RUEDAS 2PCS (3.6L + 16L)
01tVT00000ADr8nYAD,MINI PORTABLE GRILL,ASADOR PORTATIL MINI
01tVT00000AFoMwYAL,HARD COOLER 3.6L,NEVERA 3.6L
01tVT00000AFr1RYAT,HARD COOLER WITH WHEELS 16L,NEVERA CON RUEDAS 16L
01tVT00000ANmJ7YAL,RECYCLE PEDAL BIN 10L,BOTE DE BASURA 10L
01tVT00000ANn8jYAD,PEDAL BIN 10L,BOTE DE BASURA 10L
01tVT00000ANpDlYAL,PEDAL BIN EMBOSSING 5L,BOTE DE BASURA 5L
01tVT00000ANpQfYAL,PEDAL BIN EMBOSSING 5L,BOTE DE BASURA 5L
01tVT00000ANpwvYAD,PEDAL BIN EMBOSSING 12L,BOTE DE BASURA 12L
01tVT00000ANqEfYAL,PEDAL BIN EMBOSSING 12L,BOTE DE BASURA 12L
01tVT00000ANqhhYAD,PEDAL BIN EMBOSSING 20L,BOTE DE BASURA 20L
01tVT00000ANstBYAT,RADAR SWIVEL CHAIR,SILLA GIRATORIA HUEVO
01tVT00000APlFhYAL,FOLDING HDPE CHAIR,SILLA PLEGABLE DOBLE
01tVT00000ARMbOYAX,FOLDING HDPE CHAIR,SILLA PLEGABLE DOBLE
01tVT00000ARgv4YAD,HARD COOLER WITH WHEELS 3PCS (1.4L + 2.5L+ 16L),SET DE NEVERA CON RUEDAS 3PCS (1.4L + 2.5L+ 16L)
01tVT00000Akju2YAB,5L HARD COOLER,NEVERA PORTATIL 5L
01tVT00000AlX2nYAF,HARD COOLER 2PCS (5L + 22L),SET DE NEVERA 2PCS (5L + 22L)
01tVT00000AmHgjYAF,DESK TABLE + 2 LEVEL BOOKCASE,MESA ESCRITORIO + LIBRERO 2 NIVELES
01tVT00000AmHvFYAV,trolley cart 2 TIERS,CARRITO AUXILIAR 2 NIVELES CON ASA
01tVT00000AmIEcYAN,SIDE TABLE,MESA AUXILIAR
01tVT00000AmIg1YAF,LAPTOP DESK,BANDEJA LAPTOP BAMBÚ
01tVT00000AmIphYAF,4 TIERS SHELF,ESTANTERIA 4 NIVELES
01tVT00000AmJFVYA3,DINING SET,SET DESAYUNADOR + 2 BANCOS + ALMACENAJE
01tVT00000AmJFWYA3,COFFEE TABLE,MESA CENTRO MDF 2 NIVELES
01tVT00000AmJPBYA3,COMPRESSION SOFA,SILLÓN CAMA FUTÓN COMPRIMIBLE
01tVT00000AmK57YAF,SIDE TABLE,MESA LATERAL AUXILIAR
01tVT00000AmKbNYAV,COFFEE TABLE,MESA AUXILIAR
01tVT00000AmLvdYAF,COFFEE TABLE,MESA CENTRO MDF
01tVT00000AmMgPYAV,COFFEE TABLE,MESA CENTRO MDF 2 NIVELES
01tVT00000AmMq7YAF,COFFEE TABLE,MESA CENTRO MDF 2 NIVELES
01tVT00000AmO2HYAV,OFFICE CHAIR,SILLA ORDENADOR MESH
01tVT00000AmOVLYA3,2 tier trolley cart,CARRITO AUXILIAR 2 NIVELES CON ASA
01tVT00000AmOiFYAV,COFFEE TABLE,MESA CENTRO MDF 2 NIVELES
01tVT00000AmPHiYAN,STORAGE OTTOMAN,OTTOMAN CON ALMACENAMIENTO
01tVT00000AmPJKYA3,SIDE TABLE,MESA AUXILIAR
01tVT00000AmPPmYAN,LAPTOP DESK,BANDEJA LAPTOP BAMBÚ
01tVT00000AmPROYA3,COMPRESSION SOFA,SILLÓN CAMA FUTÓN COMPRIMIBLE
01tVT00000AmPSzYAN,ROUND FOLDING DINING TABLE,MESA COMEDOR REDONDA PLEGABLE
01tVT00000AmPUcYAN,COFFEE TABLE,MESA CENTRO MDF
01tVT00000ApJyvYAF,FOLDING CHAIR,SILLA RESINA DOBLE PLEGABLE
01tVT00000Aqv1HYAR,RECLINER CHAIR,SILLON RECLINABLE
01tVT00000AqvxKYAR,RECLINER CHAIR,SILLON RECLINABLE MANUAL CON POSAVASOS
01tVT00000AqxRFYAZ,SINGLE MOTOR LIFT CHAIR,SILLON RECLINABLE ELECTRICO
01tVT00000AqxhNYAR,RECLINER CHAIR,SILLON RECLINABLE
01tVT00000ArfQfYAJ,DESK TABLE + 2 LEVEL BOOKCASE,MESA ESCRITORIO + LIBRERO 2 NIVELES
01tVT00000ArfYjYAJ,DESK TABLE + 3 LEVEL BOOKCASE,MESA ESCRITORIO + LIBRERO 3 NIVELES
01tVT00000ArfthYAB,OFFICE DESK,MESA ESCRITORIO
01tVT00000ArgjJYAR,MULTIFUNCTIONAL PLIERS,MULTIHERRAMIENTAS 9 EN 1
01tVT00000AtX8rYAF,MULTIFUNCTIONAL SOFA,SOFA CAMA
01tVT00000AtdxSYAR,FOLDABLE BASKET STORAGE,CESTO LAVANDERIA PLEGABLE
01tVT00000Atf9dYAB,TV STAND,CENTRO ENTRETENIMIENTO
01tVT00000AtfCrYAJ,MDF SIDE TABLE,MESA LATERAL AUXILIAR
01tVT00000AtfPlYAJ,TV STAND,CENTRO ENTRETENIMIENTO 2 CAJONES
01tVT00000Atfw1YAB,CHAIR,SILLA ORDENADOR
01tVT00000Atg8vYAB,CHAIR,SILLA ORDENADOR
01tVT00000Ath6cYAB,COMPUTER DESK,MESA ESCRITORIO
01tVT00000AthHtYAJ,COMPUTER DESK,MESA ESCRITORIO
01tVT00000AthUnYAJ,COMPUTER DESK,MESA ESCRITORIO
01tVT00000AthxpYAB,COMPUTER DESK,MESA ESCRITORIO
01tVT00000AtiHBYAZ,COMPUTER DESK,MESA ESCRITORIO
01tVT00000Atic9YAB,COMPUTER DESK,MESA ESCRITORIO
01tVT00000AuLf9YAF,SHELF,ESTANTERIA 5 NIVELES CON 2 CAJONES
01tVT00000AuOQ6YAN,SHELF,ESTANTERIA 5 NIVELES CON 2 CAJONES
01tVT00000AuPXRYA3,SIDE TABLE,MESA AUXILIAR
01tVT00000AuPnZYAV,SHELF,APARADOR 2 CAJONES + 3 NIVELES
01tVT00000AuPsPYAV,2 TIER SIDE TABLE,MESA AUXILIAR
01tVT00000AuQBlYAN,SIDE TABLE,MESA AUXILIAR
01tVT00000AuQN3YAN,SIDE TABLE,MESA AUXILIAR
01tVT00000AuQjdYAF,SET OF 3 COFFEE TABLES,MESA AUXILIAR
01tVT00000AuR4bYAF,2 TIER SIDE TABLE,MESA AUXILIAR
01tVT00000AuRB4YAN,BESIDE TABLE WITH ONE DRAWER WITHOUT RAILS,MESA BURO 1 CAJON
01tVT00000AuRW1YAN,BESIDE TABLE WITH ONE DRAWER WITHOUT RAILS,MESA BURO 1 CAJON
01tVT00000AuRm9YAF,BESIDE TABLE WITH ONE DRAWER WITHOUT RAILS,MESA BURO 1 CAJON
01tVT00000AuS77YAF,BESIDE TABLE WITH ONE DRAWER WITHOUT RAILS,MESA BURO 1 CAJON
01tVT00000AyupaYAB,WOOD TV STAND,CENTRO ENTRETENIMIENTO
01tVT00000AzBDhYAN,2 DRAWER FILE CABINET,ARCHIVADOR DE METAL LEGAL 2 GAVETAS
01tVT00000AzBVRYA3,5 DRAWER FILE CABINET,ARCHIVADOR DE METAL LEGAL 5 GAVETAS
01tVT00000AzC9lYAF,OTTOMAN,OTTOMAN TERCIOPELO
01tVT00000AzCuXYAV,WOOD TV STAND,CENTRO ENTRETENIMIENTO
01tVT00000AzDH7YAN,WOOD TV STAND,CENTRO ENTRETENIMIENTO
01tVT00000AzDQnYAN,WOOD TV STAND,CENTRO ENTRETENIMIENTO
01tVT00000AzDtpYAF,WOOD TV STAND,CENTRO ENTRETENIMIENTO
01tVT00000AzyBBYAZ,STORAGE BINS,SET BANCA 3 PIEZAS CON ALMACENAMIENTO
01tVT00000AzyvxYAB,DINNING CHAIR,SILLA COMEDOR MADERA CON COJIN
01tVT00000AzznBYAR,DINNING CHAIR,SILLA COMEDOR MADERA CON COJIN
01tVT00000B001hYAB,DINNING CHAIR K/D STRUCTION,SILLA COMEDOR MADERA K/D CON COJIN
01tVT00000B00PtYAJ,DINNING CHAIR K/D STRUCTION,SILLA COMEDOR MADERA K/D
01tVT00000B02xyYAB,DINNING CHAIR,SILLA COMEDOR MADERA
01tVT00000B040TYAR,RECTANGLE DINING TABLE,MESA COMEDOR RECTANGULAR
01tVT00000B04GbYAJ,DINNING CHAIR,SILLA COMEDOR MADERA K/D
01tVT00000B04N3YAJ,RECTANGLE DINING TABLE,MESA COMEDOR RECTANGULAR
01tVT00000B04ZxYAJ,DINNING CHAIR,SILLA COMEDOR K/D
01tVT00000B04baYAB,DINNING CHAIR,SILLA COMEDOR MADERA CON COJIN
01tVT00000B04gPYAR,DINNING CHAIR,SILLA COMEDOR MADERA CON COJIN
01tVT00000B05e5YAB,DINNING CHAIR,SILLA COMEDOR MADERA INFANTIL
01tVT00000B05uDYAR,DINNING CHAIR,SILLA COMEDOR MADERA CON COJIN
01tVT00000B06K1YAJ,BAR STOOL,BANCO DE BAR MADERA CON COJIN
01tVT00000B0jLPYAZ,SIDE TABLE SET,SET MESAS AUXILIARES 2 PIEZAS
01tVT00000B0jq1YAB,DINNING TABLE,MESA COMEDOR RECTANGULAR MADERA
01tVT00000B0kFpYAJ,SIDE TABLE,MESA AUXILIAR CUADRADA MADERA
01tVT00000B0ke2YAB,DINNING CHAIR,SILLA COMEDOR K/D
01tVT00000B0kffYAB,OFFICE CHAIR,SILLA ORDENADOR MESH
01tVT00000B0km5YAB,DINNING TABLE,MESA COMEDOR RECTANGULAR EXTENSIBLE MADERA
01tVT00000B0kxOYAR,DINING TABLE,MESA COMEDOR RECTANGULAR EXTENSIBLE MADERA
01tVT00000B0lTdYAJ,DINING TABLE,MESA COMEDOR RECTANGULAR EXTENSIBLE MADERA
01tVT00000B0mMTYAZ,OFFICE CHAIR,SILLA ORDENADOR MESH
01tVT00000B0mZNYAZ,OFFICE CHAIR,SILLA ORDENADOR MESH
01tVT00000B0mhRYAR,OFFICE CHAIR,SILLA ORDENADOR MESH
01tVT00000B0msjYAB,OFFICE CHAIR,SILLA ORDENADOR PU + PVC
01tVT00000B0n2PYAR,OFFICE CHAIR,SILLA ORDENADOR PU + PVC
01tVT00000B0o89YAB,DINNING CHAIR,SILLA COMEDOR K/D
01tVT00000B0oZZYAZ,DINNING CHAIR,SILLA COMEDOR K/D
01tVT00000B0pAfYAJ,BAR STOOL,BANCO DE BAR K/D
01tVT00000B0pIjYAJ,DINNING CHAIR,SILLA COMEDOR K/D
01tVT00000B0pVdYAJ,DINNING CHAIR,SILLA COMEDOR K/D
01tVT00000B0piXYAR,DINNING CHAIR,SILLA COMEDOR K/D
01tVT00000B0pyfYAB,DINNING CHAIR,SILLA COMEDOR
01tVT00000B0thKYAR,DINNING CHAIR,SILLA COMEDOR K/D
01tVT00000B0vUbYAJ,DINNING CHAIR,SILLA COMEDOR K/D
01tVT00000B0veHYAR,DINNING CHAIR,SILLA COMEDOR K/D
01tVT00000B0vxdYAB,DINNING CHAIR,SILLA COMEDOR
01tVT00000B0wKDYAZ,BAR STOOL,BANCO DE BAR
01tVT00000B0xplYAB,DINNING CHAIR,SILLA COMEDOR K/D
01tVT00000B0y13YAB,BAR STOOL,BANCO DE BAR K/D
01tVT00000B2iWUYAZ,6FT FOLDING HDPE TABLE,MESA RESINA PLEGABLE Φ 4 cm
01tVT00000B4rKLYAZ,GRILL BBQ,ASADOR CARBON RECTANGULAR PLEGABLE
01tVT00000B4rXFYAZ,GRILL,ASADOR CARBON RECTANGULAR PLEGABLE CON MESAS LATERALES
01tVT00000B4rgvYAB,GRILL BBQ,ASADOR CARBON RECTANGULAR PLEGABLE CON MESAS LATERALES
01tVT00000B4uOfYAJ,SHELF,ESTANTERIA 4 NIVELES CON PUERTAS
01tVT00000B5n09YAB,FOLDABLE RECTANGULAR CHARCOAL GRILL WITH SIDE TABLES AND ADJUSTABLE HEIGHT,ASADOR CARBON RECTANGULAR PLEGABLE CON MESAS LATERALES Y ALTURA AJUSTABLE
01tVT00000BBMjdYAH,5 PIECE GARDEN SET,SET DE PATIO 5 PIEZAS
01tVT00000BBNUQYA5,PLASTIC BOX 64L (17 GALLON),CAJA PLASTICA 64L (17 GALONES)
01tVT00000BBOqIYAX,PLASTIC BOX 45L (12 GALLON),CAJA PLASTICA  45L (12 GALONES)
01tVT00000BG8RWYA1,6 FT FOLDING HDPE TABLE WOODEN DESIGN,MESA RESINA IMITACION MADERA PLEGABLE
01tVT00000BG9VdYAL,6 FT FOLDING HDPE TABLE,MESA RESINA PLEGABLE 180 CM
01tVT00000BIjMvYAL,6 FT FOLDING HDPE TABLE,MESA RESINA PLEGABLE 180 CM
01tVT00000BIjzdYAD,FOLDING CHAIR,SILLA RESINA DOBLE PLEGABLE
01tVT00000BO2iIYAT,5FT FOLDING IN HALF ROUND TABLE,MESA RESINA REDONDA PLEGABLE
01tVT00000BO5JaYAL,BALCONY CHAIR,SILLON WICKER CON COJIN
01tVT00000BO8R8YAL,6 FT FOLDING HDPE TABLE,MESA RESINA PLEGABLE
01tVT00000BO9OnYAL,FOLDING CHAIR,SILLA PLEGABLE DOBLE
01tVT00000BO9WrYAL,6FT FOLDING HDPE TABLE,MESA RESINA PLEGABLE Φ 4.5 cm
01tVT00000BOWA6YAP,FOLDING HDPE PERSONAL TABLE ADJUSTABLE,MESA RESINA PERSONAL
01tVT00000BOWwTYAX,FOLDING HDPE BASIC CHAIR,SILLA RESINA PLEGABLE BASICA
01tVT00000BOXNtYAP,FOLD IN HALF TABLE,MESA RESINA PLEGABLE 122 CM
01tVT00000BS8dpYAD,OFFICE CHAIR,SILLA ORDENADOR
01tVT00000BUDhSYAX,OFFICE CHAIR,SILLA ORDENADOR
01tVT00000BVVyrYAH,STEEL FOLDING DINING SET 5 PIECES,SALA DE PATIO METALICO PLEGABLE 4PCS
01tVT00000BXfsTYAT,OFFICE CHAIR,SILLA ORDENADOR
01tVT00000BXrjxYAD,GAS HEATER,CALENTADOR PATIO TORRE DE GAS
01tVT00000BY9SMYA1,OFFICE CHAIR,SILLA ORDENADOR
01tVT00000BYjIwYAL,END TABLE,MESA AUXILIAR 3 NIVELES
01tVT00000BYk3hYAD,GAS HEATER,CALENTADOR PATIO TORRE DE GAS
01tVT00000BYlarYAD,SHELF,ESTANTERIA 5 NIVELES
01tVT00000BYlkXYAT,SHELF,ESTANTERIA 4 NIVELES
01tVT00000BYmWvYAL,SHELF,ESTANTERIA 3 NIVELES
01tVT00000BYmofYAD,SHELF,ESTANTERIA 3 NIVELES
01tVT00000BaM5JYAV,POLYWOOD ADIRONDACK CHAIR,SILLON ADIRONDACK POLYWOOD
01tVT00000BaN6DYAV,BALCONY CHAIR,SILLON WICKER CON COJIN
01tVT00000BaUFmYAN,SUNBED,TUMBONA METALICA CON TEXTILENO
01tVT00000BaVJtYAN,CAPE COD CHAIR,SILLON DE CAPE COD
01tVT00000BaVgTYAV,GARDEN SET 3PCS,SET JARDIN PLASCTICO CON COJIN 3 PIEZAS
01tVT00000BaWXhYAN,PERGOLA,GAZEBO CUADRADO ALUMINIO
01tVT00000BbEVVYA3,SOFA,SILLON WICKER CON COJIN
01tVT00000BbEiPYAV,SOFA,SILLON ROPE CON COJIN
01tVT00000BbEs5YAF,SOFA,SOFA JARDIN CON COJINES
01tVT00000BbF8DYAV,SOFA,SILLON JARDIN ACERO CON COJIN
01tVT00000BeAYbYAN,DINING TABLE,MESA COMEDOR RECTANGULO EXTENSIBLE
01tVT00000BeAiHYAV,DINING SET 5PCS,SET COMEDOR MDF + 4 SILLAS
01tVT00000BeBCvYAN,DINING TABLE,MESA COMEDOR REDONDA
01tVT00000BeBo1YAF,DINING TABLE,MESA COMEDOR
01tVT00000BeDJZYA3,DINNING CHAIR,SET COMEDOR MELAMINA + MDF 5 PIEZAS
01tVT00000BeDZhYAN,RELAXING CHAIR,SILLON TELA
01tVT00000BeDkzYAF,RELAXING CHAIR,SILLON TELA
01tVT00000BeEPJYA3,DINING SET,SET COMEDOR MDF 5 PIEZAS
01tVT00000BeEcDYAV,RELAXING CHAIR,SILLON TELA
01tVT00000BeFJlYAN,RELAXING CHAIR,SILLON TELA
01tVT00000BeFRpYAN,RELAXING CHAIR,SILLON TELA
01tVT00000BeFmnYAF,RELAXING CHAIR,SILLON TELA
01tVT00000BeFtFYAV,RELAXING CHAIR,SILLON TELA
01tVT00000BeFy5YAF,DINING SET,SET COMEDOR MDF + CHAPA 5 PIEZAS
01tVT00000BeG9NYAV,SWIVEL BAR STOOL,TABURETE DE BAR GIRATORIO
01tVT00000BeGirYAF,DINNING SET,SET COMEDOR MDF + CHAPA 5 PIEZAS
01tVT00000BeGu9YAF,DINING SET,SET COMEDOR MDF + CHAPA 5 PIEZAS
01tVT00000BeKg1YAF,BAR STOOL,TABURETE DE BAR
01tVT00000BeKsvYAF,BAR STOOL,TABURETE DE BAR
01tVT00000BeL7RYAV,BAR STOOL,TABURETE DE BAR
01tVT00000BeLH7YAN,BAR STOOL,TABURETE DE BAR
01tVT00000BeLU1YAN,BAR STOOL,TABURETE DE BAR
01tVT00000BeNNlYAN,DINING TABLE,MESA COMEDOR RECTANGULO
01tVT00000BeNkLYAV,EXTENDABLE DINING TABLE,MESA EXTENSIBLE COMEDOR RECTANGULO
01tVT00000Bf6EPYAZ,DINING SET,SET COMEDOR MDF 5 PIEZAS
01tVT00000Bf6pVYAR,DINING SET,SET COMEDOR MDF + MADERA 7 PIEZAS
01tVT00000Bf7IYYAZ,DINING SET,SET COMEDOR 3 PIEZAS
01tVT00000Bf7NNYAZ,DINING SET,SET COMEDOR MDF + MADERA 5 PIEZAS
01tVT00000BfA3VYAV,ELECTRIC RECLINER + SWIVEL / ROCKER,SILLON RECLINABLE ELECTRICO TERCIOPELO
01tVT00000BfCq5YAF,MANUAL RECLINER,SILLON RECLINABLE MANUAL TERCIOPELO
01tVT00000BfD7pYAF,MANUAL RECLINING SOFA 3RR,SOFA RECLINABLE MANUAL 3 PLAZAS
01tVT00000BfDXdYAN,MANUAL RECLINING SOFA 3RR,SOFA RECLINABLE MANUAL 3 PLAZAS
01tVT00000BfDxRYAV,COMPRESSED SOFA,SOFÁ COMPRIMIDO
01tVT00000BfE3tYAF,MANUAL RECLINING SOFA SET,SET SOFA RECLINABLE MANUAL 3 PLAZAS + 2 PLAZAS
01tVT00000BfEBxYAN,COMPRESSED SOFA,SOFÁ COMPRIMIDO
01tVT00000BfEThYAN,COMPRESSED SOFA,SOFÁ COMPRIMIDO
01tVT00000BfErtYAF,ELECTRIC RECLINER CHAIR WITH ROCKING AND SWIVEL,SILLON RECLINABLE ELECTRICO
01tVT00000BfFHhYAN,SOFA,SILLON RECLINABLE ELECTRICO
01tVT00000BfHUnYAN,SOFA,SILLON RECLINABLE ELECTRICO
01tVT00000BfI5tYAF,SOFA SET,SET SOFA RECLINABLE MULTIFUNCIONAL
01tVT00000BfwJRYAZ,COMPRESSED SOFA,SOFÁ COMPRIMIDO
01tVT00000BfwRVYAZ,COMPRESSED SOFA,SOFÁ COMPRIMIDO
01tVT00000BfwXxYAJ,COMPRESSED SOFA,SOFÁ COMPRIMIDO
01tVT00000BfwcnYAB,COMPRESSED SOFA,SOFÁ COMPRIMIDO
01tVT00000BfxU1YAJ,SOFA SET,SET SOFA RECLINABLE ELECTRICO 3 PIEZAS
01tVT00000BfxsDYAR,SOFA SET,SET SOFA RECLINABLE ESQUINA 5 PIEZAS
01tVT00000Bfz7dYAB,SOFA SET,SET SOFA RECLINABLE ESQUINA 5 PIEZAS
01tVT00000Bg0A9YAJ,SOFA SET,SET SOFA RECLINABLE MANUAL 3 PIEZAS
01tVT00000Bg0gPYAR,SINGLE MOTOR POWER LIFT CHAIR,SILLON ELEVADOR INDIVIDUAL ELECTRICO CON MOTOR
01tVT00000Bg3G5YAJ,SINGLE MOTOR POWER LIFT CHAIR,SILLON ELEVADOR INDIVIDUAL ELECTRICO CON MOTOR
01tVT00000Bg3w1YAB,ARMCHAIR,SILLON
01tVT00000Bg4FNYAZ,ARMCHAIR,SILLON
01tVT00000Bg53NYAR,SWIVEL CHAIR,SILLON GIRATORIO
01tVT00000Bg5g5YAB,LOUNGE CHAIR,SILLON
01tVT00000Bg5pmYAB,ARMCHAIR WITH FOOTTOOL,SILLON CON REPOSAPIES
01tVT00000Bg7UzYAJ,SOFA CHAIR WITH FOOTTOOL,SILLON CON REPOSAPIES
01tVT00000Bg7rZYAR,ARMCHAIR,SILLON
01tVT00000Bg84TYAR,CHAIR,SILLON
01tVT00000Bg8IzYAJ,ARMCHAIR,SILLON
01tVT00000Bg9GfYAJ,ARMCHAIR,SILLON
01tVT00000BgA7uYAF,LEISURE ARMCHAIR,SILLON TELA GIRATORIO
01tVT00000BgAflYAF,FOLDING CHAIR,SILLON PLEGABLE
01tVT00000BgAsfYAF,LEISURE SOFA,SILLON MULTIFUNCTIONAL
01tVT00000Bgup3YAB,DINING TABLE,MESA COMEDOR RECTANGULAR EXTENSIBLE MDF
01tVT00000Bgv5BYAR,ELECTRIC SOFA CHAIR,SOFA RECLINER ELECTRICO Y MASAJE
01tVT00000BgvDFYAZ,DINING TABLE,MESA COMEDOR REDONDA EXTENSIBLE MDF K/D
01tVT00000BgvbRYAR,DINING TABLE,MESA MULTIFUNCIONAL MDF 2 EN 1
01tVT00000BgvunYAB,DINING TABLE,MESA MULTIFUNCIONAL MDF 2 EN 1
01tVT00000Bj1o1YAB,COOLER SET 3PCS (36L+8L+2.5L),SET DE NEVERA 3PCS (36L+8L+2.5L)
01tVT00000Bj2AbYAJ,COOLER SET 3PCS (36L+8L+3L),SET DE NEVERA 3PCS (36L+8L+3L)
01tVT00000Bj2nJYAR,COOLER SET 3PCS (28L+8L+3L),SET DE NEVERA 3PCS (28L+8L+3L)
01tVT00000Bj6xNYAR,FREE STANDING MIRROR JEWELRY CABINET,JOYERO PISO CON ESPEJO
01tVT00000Bj7JxYAJ,360 ROTATING FREE STANDING MIRROR JEWELRY CABINET WITH LED,ESPEJO JOYERO GIRATORIO CON LED
01tVT00000Bj7TdYAJ,360 ROTATING FREE STANDING MIRROR JEWELRY CABINET WITH LED,ESPEJO JOYERO GIRATORIO CON LED
01tVT00000Bj7rpYAB,DRESSING TABLE WITH LED,OCADOR CON LED + ESPEJO + 3 CAJONES + 1 SILLA
01tVT00000Bj837YAB,DRESSING TABLE WITH CHAIR,TOCADOR CON ESPEJO + 3 CAJONES + 1 SILLA
01tVT00000BjoLhYAJ,COFFEE TABLE SET,SET MESAS AUXILIARES 2 PIEZAS
01tVT00000BjrY5YAJ,COFFEE TABLE SET,SET MESAS AUXILIARES 2 PIEZAS
01tVT00000BjtzhYAB,COFFEE TABLE SET,SET MESAS AUXILIARES 2 PIEZAS
01tVT00000BjvNBYAZ,COFFEE TABLE SET,SET MESAS AUXILIARES 2 PIEZAS
01tVT00000BjyheYAB,COFFEE TABLE SET,SET MESAS AUXILIARES 2 PIEZAS
01tVT00000BjzyfYAB,COFFEE TABLE SET,SET MESAS AUXILIARES 2 PIEZAS
01tVT00000Bk0t7YAB,COFFEE TABLE,MESA DE CENTRO MDF
01tVT00000Bk1KXYAZ,END TABLE,MESA LATERAL AUXILIAR
01tVT00000BkbUUYAZ,PEDAL BIN 3L,BOTE DE BASURA 3L
01tVT00000BkdssYAB,SWIVEL CHAIR,SILLO GIRATORIO
01tVT00000Bkek5YAB,SET TABLE + STOOLS,SET MESA CENTRO CON TABURETES
01tVT00000BkgCPYAZ,SET OF 2 PCS STORAGE OTTOMAN,SET DE 2 OTTOMAN + MESA
01tVT00000BkiMIYAZ,END TABLE,MESA LATERAL AUXILIAR
01tVT00000BkiXaYAJ,BENCH,BANCO
01tVT00000Bkk9ZYAR,CONSOLE TABLE,MESA CONSOLA MDF
01tVT00000BkkUXYAZ,COFFEE TABLE,MESA DE CENTRO CRISTAL
01tVT00000BkkntYAB,END TABLE,MESA LATERAL AUXILIAR
01tVT00000BklC5YAJ,CONSOLE TABLE,MESA CONSOLA MADERA
01tVT00000BklFKYAZ,COFFEE TABLE SET,SET MESAS AUXILIARES 2 PIEZAS
01tVT00000BklVRYAZ,COFFEE TABLE,MESA DE CENTRO MDF
01tVT00000BkmT7YAJ,ACCENT CHAIR,SILLON
01tVT00000BkmXxYAJ,COFFEE TABLE,MESA DE CENTRO MDF
01tVT00000BkmrJYAR,ACCENT CHAIR,SILLON
01tVT00000BkmxlYAB,COFFEE TABLE,MESA DE CENTRO CRISTAL
01tVT00000BknDtYAJ,BENCH,BANCO
01tVT00000BmMhRYAV,5FT FOLDING IN HALF ROUND TABLE,MESA RESINA REDONDA PLEGABLE
01tVT00000BmOrKYAV,FOLDING CAMPING CHAIR,SILLA PLEGABLE CAMPING CON BOLSA
01tVT00000BohxtYAB,SWIVEL CHAIR,SILLA GIRATORIA
01tVT00000BoiE1YAJ,SOFA BED,SOFA CAMA
01tVT00000BoiQvYAJ,SOFA BED,SOFA CAMA
01tVT00000Boj5FYAR,SOFA BED,SOFA CAMA
01tVT00000BpzccYAB,CAMPING COOLER BAG,BOLSA NEVERA CAMPING
01tVT00000BpzeEYAR,SLEEPING PAD,COLCHÓN INFLABLE
01tVT00000BpzmIYAR,CAMPING COOLER BAG,BOLSA NEVERA CAMPING
01tVT00000BpzskYAB,2 IN 1 SOFA SETA FOLDING WAGON,CARRITO PLEGABLE CON ASIENTO
01tVT00000Br62YYAR,BBQ TOOL SET 5PCS,SET DE ACCESORIOS 5 PIEZAS DE BARBACOA
01tVT00000BrAhFYAV,PEDAL BIN 3L,BOTE DE BASURA 3L
01tVT00000BrAyzYAF,5PCS STEEL SOFA SET,SALA DE PATIO ACERO 5 PIEZAS CON COJINES
01tVT00000BrBOnYAN,CHARCOAL GRILL,ASADOR CARBON CON RUEDAS
01tVT00000BrBVFYA3,6 FT FOLDING HDPE TABLE,SALA DE PATIO ACERO 5 PIEZAS CON COJINES
01tVT00000BrBv3YAF,BBQ TOOL SET 2PCS,SET DE ACCESORIOS 2 PIEZAS DE BARBACOA
01tVT00000BrC37YAF,BBQ TOOL SET 2PCS,SET DE ACCESORIOS 2 PIEZAS DE BARBACOA
01tVT00000BrCXlYAN,4PCS ALU SOFA SET,SALA DE PATIO ALUMINIO 4 PIEZAS CON COJINES
01tVT00000BrCZOYA3,WALL MOUNTED STORAGE RACK,ESTANTE DE ALMACENAMIENTO
01tVT00000BrDgjYAF,4PCS ALU&WICKER SOFA SET,SALA DE PATIO ALUMINIO Y WICKER 4 PIEZAS CON COJINES
01tVT00000BrEbBYAV,5PCS ALUMINIUM SOFA SET,SALA DE PATIO ALUMINIO 5 PIEZAS CON COJINES
01tVT00000BrF2bYAF,5PCS ALUMINIUM SOFA SET,SALA DE PATIO ALUMINIO 5 PIEZAS CON COJINES
01tVT00000BrH9FYAV,7 SEATER WOODLODGE ROPE SOFA SET,SALA DE PATIO ACACIA 5 PIEZAS CON COJINES
01tVT00000BrHUDYA3,4PCS SOFA SET,SALA DE PATIO ACACIA 4 PIEZAS CON COJINES
01tVT00000BrHnZYAV,4PCS SOFA SET,SALA DE PATIO ACACIA 4 PIEZAS CON COJINES
01tVT00000BrvoEYAR,3PCS CHAT SET,SET BISTRO ACACIA 3 PIEZAS CON COJIN
01tVT00000Brwp8YAB,DECK CHAIR WITH FOOTREST,SILLA DE PLAYA CON REPOSAPIÉS
01tVT00000Bry4XYAR,3PCS BAR SET,SET BISTRO ACACIA 3 PIEZAS CON COJIN
01tVT00000Bs2D2YAJ,DOUBLE LOUNGER BENCH,BANCO DOBLE TUMBONA
01tVT00000Bs3gwYAB,DOUBLE LOUNGER BENCH,BANCO DOBLE TUMBONA
01tVT00000Bs5VpYAJ,CAPE COD CHAIR,SILLON DE CAPE COD
01tVT00000Bs5fbYAB,2-SEATER CUSHION BOX,CAJA DE 2 PLAZAS CON COJIN
01tVT00000Bs6DNYAZ,STORAGE BENCH,BANCO CON ALMACENAMIENTO
01tVT00000Bs6tJYAR,Gent 4pc Seating Group,SALA DE PATIO RATAN 4 PIEZAS CON COJINES
01tVT00000BunVyYAJ,GARDEN SET,SALA DE PATIO RATAN 4 PIEZAS CON COJINES
01tVT00000BunuBYAR,KD OUTDOOR SINGLE CHAIR,SILLA COMEDOR ACERO CON COJIN
01tVT00000BuqK9YAJ,BISTRO SET,SET BISTRO ACERO 3 PIEZAS
01tVT00000BuqteYAB,SOFA SET,SALA DE PATIO ACACIA 5 PIEZAS CON COJINES
01tVT00000BuqvFYAR,STORAGE BOX 490L,BAUL DE ALMACENAMIENTO 490L
01tVT00000Bur4vYAB,STORAGE BOX 680L,BAUL DE ALMACENAMIENTO 680L
01tVT00000BurCzYAJ,STORAGE SHED 775L,CASETA DE ALMACENAMIENTO 775L
01tVT00000BurL3YAJ,STORAGE SHED 1170L,CASETA DE ALMACENAMIENTO 1170L
01tVT00000BurWMYAZ,HOSE REEL,ENROLLADOR CON MANGUERA
01tVT00000BurZZYAZ,STORAGE SHED,CASETA DE ALMACENAMIENTO
01tVT00000Burg1YAB,4PCS Patio Conversation Set,SALA DE PATIO ACERO 4 PIEZAS CON COJINES
01tVT00000BursvYAB,STORAGE BOX 374L,BAUL DE ALMACENAMIENTO 374L
01tVT00000BusU1YAJ,OUTDOOR STORAGE BOX,CAJA DE 2 PLAZAS
01tVT00000ButTNYAZ,STORAGE SHED,CASETA DE ALMACENAMIENTO
01tVT00000BuuilYAB,SOFA SET,SALA DE PATIO ESQUINA ACACIA 4 PIEZAS CON COJINES
01tVT00000BuulxYAB,SOFA SET,SALA DE PATIO ACACIA 4 PIEZAS CON COJINES
01tVT00000BuvDNYAZ,STORAGE BOX,BAUL DE ALMACENAMIENTO
01tVT00000BuwnlYAB,DINING SET,SET COMEDOR ACACIA 5 PIEZAS
01tVT00000BvbnhYAB,5PCS TABLE SET WITH CUSHION,SET COMEDOR ACACIA 5 PIEZAS CON COJINES
01tVT00000BvcAHYAZ,5PCS ROUND TABLE DINING SET,SET COMEDOR ACACIA 5 PIEZAS
01tVT00000BvcTdYAJ,7PCS DINING SET,SET COMEDOR ACACIA 7 PIEZAS
01tVT00000BvclOYAR,4 TIER BAMBOO SHELF,ESTANTERIA DE BAMBU DE 4 NIVELES
01tVT00000BvdHdYAJ,BAR SET,SET BAR RESINA 5 PIEZAS
01tVT00000Bvdr7YAB,4PCS ALUM WOVEN BISTRO SET,SET BISTRO ALUMINIO 4 PIEZAS CON OTTOMAN
01tVT00000BveGvYAJ,HDPE BAR SET,SET BISTRO RESINA 3 PIEZAS
01tVT00000Bvef7YAB,DAYBED,DAYBED CON COJINES
01tVT00000BvfOHYAZ,CHAISE LOUNGE,TUMBONA PLAYA RESINA
01tVT00000BvhrVYAR,4 TIERS SHOE RACK,ORGANIZADOR ZAPATOS 4 NIVELES
01tVT00000Bvi4PYAR,4 TIERS SHOE RACK,ORGANIZADOR ZAPATOS 4 NIVELES
01tVT00000BviE5YAJ,4 TIER UTILITY CART,CARRITO AUXILIAR 4 NIVELES
01tVT00000BviHJYAZ,STEEL ARMCHAIR,SILLA DE COMEDOR PARA EXTERIOR
01tVT00000BviKXYAZ,5 TIER UTILITY CART,CARRITO AUXILIAR 5 NIVELES
01tVT00000BviVpYAJ,TELESCOPIC LAPTOP TABLE,MESA TELESCOPICA PARA PORTATIL
01tVT00000BvifVYAR,STEEL ARMCHAIR,SILLA COMEDOR ACERO ROPE
01tVT00000BviyrYAB,5 TIER BAMBOO SHELF,ESTANTERIA DE BAMBU DE 5 NIVELES
01tVT00000BvjRtYAJ,DINING SET,SET BISTRO ACERO 3 PIEZAS
01tVT00000BvpQrYAJ,5FT FOLDING IN HALF ROUND TABLE,MESA RESINA REDONDA PLEGABLE
01tVT00000BvpdlYAB,BAR SET,SET BAR ACERO 3 PIEZAS
01tVT00000Bvq1xYAB,BISTRO SET,SET BISTRO ACERO 3 PIEZAS
01tVT00000BvqoLYAR,FOLD IN HALF TABLE,MESA PLEGABLE PLASTICO
01tVT00000BvqpxYAB,BISTRO SET,SET BISTRO ACERO AHORRAESPACIO 3 PIEZAS
01tVT00000BwjcjYAB,4 PIECES ALU SOFA SET WITH CUSHION,SALA DE PATIO METALICA 4 PIEZAS CON CON COJIN
01tVT00000BwkTxYAJ,SQUARE CHARCOAL GRILL,ASADOR CARBON CUADRADO
01tVT00000BwkqXYAR,AIR PURIFIER 11-12?,PURIFICADOR DE AIRE 11-12㎡
01tVT00000BxOj7YAF,DINING SET,SET COMEDOR ACERO 5 PIEZAS
01tVT00000BxP0sYAF,DOUBLE UMBRELLA,SOMBRILLA DOBLE
01tVT00000BxPKDYA3,ALUMINUM PERGOLA WITH SLIDING ROOF,GAZEBO DE ALUMINIO CON TECHO CORREDIZO
01tVT00000BxPgnYAF,Banana Umbrella with 360 roating,SOMBRILLA BANANA CON ROTACIÓN DE 360°
01tVT00000C1s2fYAB,FOLDING CHAIR,SILLA PLEGABLE DOBLE
01tVT00000C5xrnYAB,7 PCS DINING SET,SET COMEDOR ACACIA 7 PIEZAS
01tVT00000C63ifYAB,6LT FOLDING COOLER BAG,HIELERA PLEGABLE 6 LT
01tVT00000C6uTdYAJ,DOUBLE LOUNGER BENCH,BANCO DOBLE ACACIA
01tVT00000C6ujlYAB,3 SEATER BENCH,BANCO DOBLE ACACIA
01tVT00000C6utRYAR,3 SEATER STORAGE BENCH,BANCO DOBLE CON ALMACENAJE ACACIA
01tVT00000C6v6LYAR,2 SEATER CUSHION BOX,ASIENTO CON ALMACENAJE
01tVT00000C6vHfYAJ,SOFA SET,SALA DE PATIO ACACIA CON COJINES
01tVT00000C6vj3YAB,ROCKING CHAIR,MECEDORA
01tVT00000C6vvxYAB,5PC DINING SET,SET COMEDOR 5 PIEZAS
01tVT00000C6waHYAR,5PC DINING SET,SET COMEDOR 5 PIEZAS
01tVT00000C6yvSYAR,5 PC DINING SET,SET COMEDOR 5 PCS ALUMINIO
01tVT00000C74j7YAB,7 PC DINING SET,SET COMEDOR 7 PCS ALUMINIO
01tVT00000C7545YAB,7PC DINING SET ALUM,SET COMEDOR 7 PCS ALUMINIO
01tVT00000C7qe5YAB,OFFICE CHAIR,SILLA OFICINA
01tVT00000C7qpNYAR,DESK,ESCRITORIO
01tVT00000C7wzdYAB,RATTAN CHAIR,SILLA RATAN
01tVT00000C7x66YAB,TERRACE TABLE WITH GLASS TOP AND RATTABN,MESA TERRAZA CON CRISTAL Y RATAN
01tVT00000C7xE9YAJ,RATTAN LOOK PP CHAIR,SILLA PP IMITACION RATAN
01tVT00000C7xXVYAZ,TERRACE TABLE WITH GLASS TOP,MESA TERRAZA CON CRISTAL
01tVT00000C805ZYAR,PP BISTRO SET 3 PIECE (TABLE +2 CHAIRS),SET BISTRO PP 3 PIEZAS (MESA+2 SILLAS)
01tVT00000C80gfYAB,PP BISTRO SET 3 PIECE (TABLE +2 CHAIRS),SET BISTRO PP 3 PIEZAS (MESA+2 SILLAS)
01tVT00000C8EmsYAF,CERAMIC HANDY HEATER 350W,CALEFACTOR CERAMICO DE MANO 350W
01tVT00000C8ccHYAR,ROUND FOLDING BISTRO TABLE,MESA REDONDA PLEGABLE TIPO BISTRO
01tVT00000C8csPYAR,STEEL BISTRO SET 3 PIECE (TABLE +2 CHAIRS),SET BISTRO METAL 3 PIEZAS (MESA + 2 SILLAS)
01tVT00000C8dIDYAZ,ALUMINIUM TERRACE CHAIR,SILLA TERRAZA ALUMINIO
01tVT00000C8ee5YAB,TEXTILENE STACKABLE DINING CHAIR,SILLA COMEDOR APILABLE TEXTILENO
01tVT00000C8eqzYAB,TERRACE TABLE WITH GLASS TOP,MESA TERRAZA CON CRISTAL
01tVT00000CHYftYAH,CAMPING COT,CAMA PARA CAMPING
01tVT00000CHYrBYAX,CAMPING SET 1 TABLE + 4 STOOL,SET MESA COMEDOR + 4 TABURETES
01tVT00000CJOZBYA5,CLIP ON FAN 800MAH,VENTILADOR CON CLIP DE 800 MAH
01tVT00000CJQeDYAX,STEEL BISTRO SET 3 PIECES (TABLE+2 CHAIRS),SET BISTRO METALICO PLEGABLE 3 PIEZAS
01tVT00000CJR5dYAH,STEEL BISTRO SET 3 PIECES (TABLE+2 CHAIRS),SET BISTRO METALICO PLEGABLE 3 PIEZAS
01tVT00000CJRATYA5,MINI WIND FAN LI-ION 4900MAH,MINIVENTILADOR DE VIENTO CON BATERÍA DE IONES DE LICIO DE 4900 MAH
01tVT00000CKulVYAT,HANDHELD FAN 1200MAH,VENTILADOR DE MANO 1200MAH
01tVT00000CKv4sYAD,"HANDHELD FAN 3000MAH, WITH COOLING",VENTILADOR DE MANO DE 3000 MAH CON FUNCIÓN DE REFRIGERACIÓN
01tVT00000CKvJNYA1,HANDHELD FAN 1200MAH,VENTILADOR DE MANO 1200MAH
01tVT00000CKvcjYAD,HANDHELD FAN 2000MAH,VENTILADOR PORTÁTIL 2000 MAH
01tVT00000CKwFRYA1,HANDHELD FAN 1200MAH,VENTILADOR PORTÁTIL 1200 MAH
01tVT00000CKwXBYA1,HANDHELD FAN 1800MAH,VENTILADOR DE MANO 1800MAH
01tVT00000CKwwzYAD,HANDHELD FAN 2000MAH,VENTILADOR DE MANO 2000MAH
01tVT00000CKxD7YAL,HANDHELD FAN 1200MAH,VENTILADOR DE MANO 1200MAH
01tVT00000CKxOPYA1,HANDHELD FAN 800MAH,VENTILADOR DE MANO 800MAH
01tVT00000CKxeXYAT,NECK FAN 1000MAH,VENTILADOR DE CUELLO 1000MAH
01tVT00000CKyCRYA1,PORTABLE FAN 800MAH,VENTILADOR PORTÁTIL 800MAH
01tVT00000CKzN0YAL,HANDHELD FAN 500MAH,VENTILADOR DE MANO 500MAH
01tVT00000CL0vlYAD,"WAIST FAN LI-ION 10,000MAH",VENTILADOR DE CINTURA CON BATERÍA DE IONES DE LITIO DE 10.000 MAH
01tVT00000CL3wsYAD,"CAMPING FAN LI-ION  7,800MAH",VENTILADOR DE CAMPING CON BATERÍA DE IONES DE LITIO DE 7800 MAH
01tVT00000CL5sDYAT,"STAND FAN 10"", FOLDABLE","VENTILADOR DE PIE DE 10"", PLEGABLE"
01tVT00000CN22EYAT,"CEILING FAN 32"", LED 40W","VENTILADOR DE TECHO DE 32"", LED 40W"
01tVT00000CN7Q5YAL,SLEEPING PAD,COLCHON INFLABLE
01tVT00000CN8M9YAL,BLADELESS FAN 3 IN 1,VENTILADOR SIN ASPAS 3 EN 1
01tVT00000CN9ZxYAL,BLADELESS FAN 3 SPEEDS,VENTILADOR SIN ASPAS DE 3 VELOCIDADES
01tVT00000CN9eoYAD,BLADELESS FAN 3 SPEEDS,VENTILADOR SIN ASPAS DE 3 VELOCIDADES
01tVT00000CN9y9YAD,BLADELESS FAN 24 SPEEDS,VENTILADOR SIN ASPAS DE 24 VELOCIDADES
01tVT00000CNASnYAP,BLADELESS FAN 12 SPEEDS,VENTILADOR SIN ASPAS DE 12 VELOCIDADES
01tVT00000CNAasYAH,"WALL  FAN 18"", REMOTE CONTROL","VENTILADOR DE PARED DE 18"", CONTROL REMOTO"
01tVT00000CNDYjYAP,"WALL FAN 10"", MANUAL CONTROL","VENTILADOR DE PARED DE 10"", CONTROL MANUAL"
01tVT00000CNG1yYAH,"CEILING FAN 20"", LED 36W","VENTILADOR DE TECHO DE 20"", LED 36W"
01tVT00000CNH4TYAX,"CEILING FAN 42"", LED 18W","VENTILADOR DE TECHO DE 42"", LED DE 18 W"
01tVT00000CNHinYAH,"CEILING FAN 42"", LED 18W","VENTILADOR DE TECHO DE 42"", LED DE 18 W"
01tVT00000CNJ33YAH,"CEILING FAN 20"", LED 36W","VENTILADOR DE TECHO DE 20"", LED 36W"
01tVT00000CNJW5YAP,"CEILING FAN 42"", LED 36W","VENTILADOR DE TECHO DE 42"", LED DE 36 W"
01tVT00000CNJpRYAX,"CEILING FAN 42"", LED 36W","VENTILADOR DE TECHO DE 42"", LED DE 36 W"
01tVT00000CNTf8YAH,SLEEPING PAD,COLCHON INFLABLE
01tVT00000CNrZNYA1,"CEILING FAN 42"", LED 36W","VENTILADOR DE TECHO DE 42"", LED DE 36 W"
01tVT00000CNsIXYA1,"CEILING FAN 42"", LED 36W","VENTILADOR DE TECHO DE 42"", LED DE 36 W"
01tVT00000CNuSQYA1,"WALL FAN 20"", MANUAL CONTROL","VENTILADOR DE PARED 20"", CONTROL MANUAL"
01tVT00000CNuU1YAL,"STAND FAN 16"", DOUBLE HEAD","VENTILADOR DE PIE DE 16"", DOBLE CABEZAL"
01tVT00000CNuXFYA1,"STANDING FAN, TELESCOPIC AND FOLDABLE","VENTILADOR DE PIE, TELESCÓPICA Y PLEGABLE"
01tVT00000CNw9FYAT,"STANDING FAN ELECTRIC, AC110V/60Hz, 45W, MECHANICAL KNOB","VENTILADOR DE PIE ELÉCTRICO, CA 110V/60Hz, 45W, PERILLA MECÁNICA"
01tVT00000CNwikYAD,"STAND FAN 16"", CROSS BASE","VENTILADOR DE PIE DE 16"", BASE EN CRUZ"
01tVT00000CNxN3YAL,"WALL FAN 16"", MANUAL CONTROL","VENTILADOR DE PARED 16"", CONTROL MANUAL"
01tVT00000CNxjdYAD,"STAND FAN 16"", CROSS BASE","VENTILADOR DE PIE DE 16"", BASE EN CRUZ"
01tVT00000CNxtJYAT,"STAND FAN 9"", REMOTE CONTROL & TOUCH SCREEN","VENTILADOR DE PIE DE 9"", CONTROL REMOTO Y PANTALLA TÁCTIL"
01tVT00000CNy9RYAT,"STAND FAN ELECTRIC 9"", REMOTE CONTROL","VENTILADOR DE PIE ELÉCTRICO DE 9"", CONTROL REMOTO."
01tVT00000CNyKjYAL,"WALL FAN 16"", REMOTE CONTROL","VENTILADOR DE PARED 16"", CONTROL REMOTO"
01tVT00000CNyZFYA1,"WALL FAN 17.5"", MANUAL CONTROL","VENTILADOR DE PARED 17.5"", CONTROL MANUAL"
01tVT00000CNye5YAD,"STAND FAN 16"", HEIGHT ADJUSTABLE","VENTILADOR DE PIE DE 16"", ALTURA AJUSTABLE."
01tVT00000CNyivYAD,"WALL FAN 17.5"", REMOTE CONTROL","VENTILADOR DE PARED 17.5"", CONTROL REMOTO"
01tVT00000CNyxRYAT,"STAND FAN 14"", HEIGHT ADJUSTABLE","VENTILADOR DE PIE DE 14"", ALTURA AJUSTABLE."
01tVT00000CNzByYAL,AIR COOLER 3 IN 1,ENFRIADOR DE AIRE 3 EN 1
01tVT00000CO0JJYA1,BLADELESS FAN 3 SPEEDS,VENTILADOR SIN ASPAS DE 3 VELOCIDADES
01tVT00000CO1SHYA1,AIR COOLER 3 IN 1,17 ENFRIADOR DE AIRE 3 EN 1
01tVT00000CO1X8YAL,"STAND MIST FAN 16"" , REMOTE CONTROL","VENTILADOR DE PIE CON NEBULIZADOR DE 16"", CONTROL REMOTO."
01tVT00000CO1s5YAD,AIR COOLER 3 IN 1,ENFRIADOR DE AIRE 3 EN 1
01tVT00000CO2HtYAL,AIR COOLER 3 IN 1,ENFRIADOR DE AIRE 3 EN 1
01tVT00000CO3VhYAL,"PORTABLE AIR COOLER, TANK 35L","ENFRIADOR DE AIRE PORTÁTIL, DEPÓSITO DE 35 L"
01tVT00000CO3ibYAD,"PORTABLE AIR COOLER, TANK 45L","ENFRIADOR DE AIRE PORTÁTIL, DEPÓSITO DE 45 L"
01tVT00000CO4OXYA1,PORTABLE AIR COOLER,ENFRIADOR DE AIRE PORTÁTIL
01tVT00000CO4zdYAD,"CIRCULATION FAN, REMOTE CONTROL","VENTILADOR DE CIRCULACIÓN, CONTROL REMOTO"
01tVT00000CO6i5YAD,"PORTABLE FAN, WITH LIGHT",VENTILADOR PORTÁTIL CON LUZ
01tVT00000CO9RRYA1,"DESK FAN 12"", BAMBOO","VENTILADOR DE ESCRITORIO DE 12"", BAMBÚ"
01tVT00000COiIjYAL,"BOX FAN 20"", 3 SPEEDS","VENTILADOR DE CAJA DE 20"", 3 VELOCIDADES"
01tVT00000CP0IrYAL,BLADELESS FAN 12 SPEEDS,VENTILADOR SIN ASPAS 12 VELOCIDADES
01tVT00000CP0NhYAL,"STAND FAN 16"", METAL FAN","VENTILADOR DE PIE DE 16"", VENTILADOR METÁLICO"
01tVT00000CPv0zYAD,COMPUTER DESK,MESA ESCRITORIO
01tVT00000CQWJuYAP,WOODEN BOOKCASE,LIBRERIA DE MADERA
01tVT00000CQWq9YAH,WOODEN BOOKCASE,LIBRERIA DE MADERA
01tVT00000CQXizYAH,WOODEN SHELF,ESTANTERIA DE MADERA
01tVT00000CQXuHYAX,WOODEN SHELF,ESTANTE DE MADERA
01tVT00000CQYAPYA5,METAL + WOODEN TV STAND,MUEBLE DE TV METAL Y MADERA
01tVT00000CQYS9YAP,METAL + WOODEN CABINET,MUEBLE AUXILIAR METAL Y MADERA
01tVT00000CQYdRYAX,BLADELESS FAN 10 SPEEDS,VENTILADOR SIN ASPAS DE 10 VELOCIDADES
01tVT00000CQYjtYAH,METAL + WOODEN COFFE TABLE,MESA DE CENTRO METAL Y MADERA
01tVT00000CQZBJYA5,METAL + WOODEN COFFE TABLE,MESA DE CENTRO METAL Y MADERA
01tVT00000CQZMbYAP,METAL + WOODEN COFFE TABLE,MESA DE CENTRO METAL Y MADERA
01tVT00000CQZZVYA5,METAL + WOODEN COFFE TABLE SET,SET DE MESAS DE CENTRO MADERA Y METAL
01tVT00000CQZrFYAX,METAL + WOODEN COFFE TABLE,MESA DE CENTRO METAL Y MADERA
01tVT00000CQa7NYAT,WOODEN TV,MUEBLE DE TV MADERA
01tVT00000CQaH3YAL,METAL + WOODEN TV STAND,MUEBLE DE TV METAL Y MADERA
01tVT00000CQb8HYAT,WOODEN TV STAND,MUEBLE DE TV MADERA
01tVT00000CQdV3YAL,"CEILING FAN 52"", WITH LIGHT BULBS","VENTILADOR DE TECHO DE 52 PULGADAS, CON BOMBILLAS"
01tVT00000CQdurYAD,"CEILING FAN 52"", WITH LIGHT BULBS","VENTILADOR DE TECHO DE 52 PULGADAS, CON BOMBILLAS"
01tVT00000CQdwTYAT,WOODEN TV STAND,MUEBLE DE TV MADERA
01tVT00000CQfF7YAL,WOOD TV STAND,MUEBLE DE TV MADERA
01tVT00000CQfLZYA1,"CEILING FAN 52"", WITH LIGHT BULBS","VENTILADOR DE TECHO DE 52 PULGADAS, CON BOMBILLAS"
01tVT00000CQhIXYA1,"CEILING FAN 52"", WITH LIGHT BULBS","VENTILADOR DE TECHO DE 52 PULGADAS, CON BOMBILLAS"
01tVT00000CSqmLYAT,FIREPLACE HEATER 750W/1500W,CALEFACTOR ELECTRICO CHIMENEA 750W/1500W
01tVT00000CSrFNYA1,FIREPLACE HEATER 750W/1500W,CALEFACTOR ELECTRICO CHIMENEA 750W/1500W
01tVT00000CSrfBYAT,FIREPLACE HEATER 750W/1500W,CALEFACTOR ELECTRICO CHIMENEA 750W/1500W
01tVT00000CSxXiYAL,PP FOLDING CHAIR,SILLA PP PLEGABLE
01tVT00000CSxnpYAD,5PCS FOLDING SET,5 PIEZAS SET PLEGABLE
01tVT00000CSxr3YAD,FOLD IN HALF TABLE,MESA PLEGABLE PLASTICO
01tVT00000CUf0PYAT,COOLER TOTE BAG,BOLSA DE MANO NEVERA
01tVT00000CUoOgYAL,SET OF 3 COFFEE TABLES,MESA AUXILIAR
01tVT00000CUoTWYA1,WOODEN TV STAND,MUEBLE DE TV MADERA
01tVT00000CYR25YAH,"DESK FAN 12"", 6 BLADES","VENTILADOR DE ESCRITORIO DE 12"", 6 ASPAS"
01tVT00000CYREzYAP,"STAND FAN 10"", 5 HOLES BASE","VENTILADOR DE PIE DE 10"", BASE DE 5 ORIFICIOS"
01tVT00000CYRoTYAX,"STAND FAN 12"", 360 DEGREE","VENTILADOR DE PIE DE 12"", 360 GRADOS"
01tVT00000CYSHWYA5,"STAND FAN 18"", REMOTE CONTROL","VENTILADOR DE PIE DE 18"", CONTROL REMOTO"
01tVT00000CYSW1YAP,"STAND FAN 16"", 3 IN 1","VENTILADOR DE PIE DE 16"", 3 EN 1"
01tVT00000CYSe5YAH,"STAND FAN 14"", 3 IN 1","VENTILADOR DE PIE DE 14"", 3 EN 1"
01tVT00000CYSpNYAX,"STAND FAN 16"", 5 BLADES","VENTILADOR DE PIE DE 16"", 5 ASPAS"
01tVT00000CYT3tYAH,"STAND FAN 16"", 3 BLADES","VENTILADOR DE PIE DE 16"", 3 ASPAS"
01tVT00000CYTIPYA5,"DESK FAN 12"", 3 BLADES","VENTILADOR DE ESCRITORIO DE 12"", 3 ASPAS"
01tVT00000CYTa9YAH,"STAND FAN 18"", 3 IN 1","VENTILADOR DE PIE DE 18"", 3 EN 1"
01tVT00000CYwlpYAD,"CIRCULATION FAN, 3 SPEEDS","VENTILADOR DE CIRCULACIÓN, 3 VELOCIDADES"
01tVT00000CYx6nYAD,"CIRCULATION FAN, 4 IN 1","VENTILADOR DE CIRCULACIÓN, 4 EN 1"
01tVT00000CYxTNYA1,"CIRCULATION FAN, 3 IN 1","VENTILADOR DE CIRCULACIÓN, 3 EN 1"
01tVT00000CZ7CcYAL,STEEL SOFA SET 4 PIECES,SOFA SET METALICO 4 PIEZAS
01tVT00000CZ9sjYAD,STEEL SOFA SET 4 PIECES,SOFA SET METALICO 4 PIEZAS
01tVT00000CZB05YAH,PE RATTAN SOFA SET 4 PIECES,JUEGO DE SOFÁS PARA EXTERIOR DE RATÁN PE DE 4 PIEZAS
01tVT00000Cah17YAB,PLASTIC SOFA SET 4 PIECES,JUEGO DE SOFÁS PARA EXTERIOR DE PLÁSTICO DE 4 PIEZAS
01tVT00000CahabYAB,PLASTIC STORAGE BOX,BAÚL DE ALMACENAMIENTO DE PLÁSTICO
01tVT00000CajMHYAZ,PLASTIC COFFEE TABLE,MESA DE CENTRO DE PLÁSTICO
01tVT00000CajNuYAJ,PLASTIC SUNBED,TUMBONA DE PLÁSTICO
01tVT00000CakLZYAZ,PLASTIC CHAIR 2 IN 1,SILLA DE PLÁSTICO 2 EN 1
01tVT00000Cal1VYAR,PLASTIC BISTRO SET 3 PIECES,JUEGO BISTRO DE PLÁSTICO DE 3 PIEZAS
01tVT00000CanmTYAR,PLASTIC SUNBED,TUMBONA DE PLÁSTICO
01tVT00000CaoLxYAJ,PVC FOLDING CHAIR,SILLA PLEGABLE ACOLCHADA PVC
01tVT00000CapptYAB,PLASTIC SUNBED,TUMBONA DE PLÁSTICO
01tVT00000Capt7YAB,COFFEE TABLE,MESA CENTRO CAFE
01tVT00000CaqSbYAJ,PP BISTRO SET 3 PIECE (TABLE +2 CHAIRS),CONJUNTO DE BISTRÓ PP DE 3 PIEZAS (MESA + 2 SILLAS)
01tVT00000Car25YAB,OFFICE CHAIR,SILLA DE OFICINA
01tVT00000Catv7YAB,ACACIA BISTRO SET 3 PIECES,JUEGO BISTRO ACACIA DE 3 PIEZAS
01tVT00000CauKvYAJ,ACACIA BISTRO SET 3 PIECES,JUEGO BISTRO ACACIA DE 3 PIEZAS
01tVT00000CbUeYYAV,ACACIA SIDE TABLE,MESA AUXILIAR DE ACACIA
01tVT00000CbWGXYA3,ACACIA BISTRO SET 3 PIECES,JUEGO BISTRO ACACIA DE 3 PIEZAS
01tVT00000CbX4XYAV,ACACIA BENCH 3 SEATERS,BANCO DE ACACIA DE 3 PLAZAS
01tVT00000CbXu9YAF,ACACIA SIDE TABLE,MESA AUXILIAR DE ACACIA
01tVT00000CbYobYAF,STEEL SOFA SET 4 PIECES,JUEGO DE SOFÁS PARA EXTERIOR DE ACERO INOXIDABLE DE 4 PIEZAS
01tVT00000CbZEPYA3,ACACIA SOFA SET 3 PIECES,JUEGO DE SOFÁS PARA EXTERIOR DE ACACIA DE 3 PIEZAS
01tVT00000CbZRJYA3,ACACIA & RATTAN SOFA SET 4 PIECES,JUEGO DE SOFÁS PARA EXTERIOR DE ACACIA Y RATÁN DE 4 PIEZAS
01tVT00000CbZr7YAF,ACACIA BENCH 2 SEATERS,BANCO DE ACACIA DE 2 PLAZAS
01tVT00000CbaQbYAJ,ACACIA & STEEL BAR DINING SET 5 PIECES,"JUEGO DE COMEDOR PARA EXTERIOR DE BARRA DE ACACIA Y ACERO, 5 PIEZAS"
01tVT00000CbajxYAB,ACACIA AND ROPE DINING SET 5 PIECES,"JUEGO DE COMEDOR PARA EXTERIOR DE ACACIA Y CUERDA, 5 PIEZAS"
01tVT00000Cbb4vYAB,ACACIA DINING SET 7 PIECES,"JUEGO DE COMEDOR PARA EXTERIOR DE MADERA DE ACACIA, 7 PIEZAS"
01tVT00000CbbUjYAJ,ACACIA BENCH DINING SET 3 PIECES,JUEGO DE COMEDOR PARA EXTERIOR DE 3 PIEZAS CON BANCOS DE MADERA DE ACACIA
01tVT00000CbbZZYAZ,5PC DINING SET,CONJUNTO DE COMEDOR 5 PIEZAS
01tVT00000CbcdhYAB,ACACIA DINING SET 5 PIECES,JUEGO DE COMEDOR PARA EXTERIOR DE ACACIA DE 5 PIEZAS
01tVT00000Cbd57YAB,ACACIA DINING SET 5 PIECES,JUEGO DE COMEDOR PARA EXTERIOR DE ACACIA DE 5 PIEZAS
01tVT00000CbdJdYAJ,PLASTIC BISTRO SET 3 PIECES,CONJUNTO DE BISTRÓ DE PLÁSTICO 3 PIEZAS
01tVT00000CbeNlYAJ,ACACIA SOFA SET 4 PIECES,JUEGO DE SOFÁS PARA EXTERIOR DE ACACIA DE 4 PIEZAS
01tVT00000CbeUDYAZ,PLASTIC BISTRO SET 4 PIECES,CONJUNTO DE BISTRÓ DE PLÁSTICO 4 PIEZAS
01tVT00000Cbf5JYAR,PLASTIC BISTRO SET 3 PIECES,CONJUNTO DE BISTRÓ DE PLÁSTICO 3 PIEZAS
01tVT00000CbfEzYAJ,ACACIA LOVESEAT SET,JUEGO CON SOFÁ DE 2 PLAZAS DE ACACIA
01tVT00000CbfrhYAB,PLASTIC BISTRO SET 3 PIECES,CONJUNTO DE BISTRÓ DE PLÁSTICO 3 PIEZAS
01tVT00000CbgSnYAJ,5PC DINING SET,CONJUNTO DE COMEDOR 5 PIEZAS
01tVT00000CbhzxYAB,7PC DINING SET,CONJUNTO DE COMEDOR 7 PIEZAS
01tVT00000Cbi81YAB,PE RATTAN SOFA SET 4 PIECES,SALA DE PATIO WICKER 4 PIEZAS CON COJINES
01tVT00000CbisnYAB,PE RATTAN SOFA SET 3 PIECES,JUEGO DE SOFÁS PARA EXTERIOR DE RATÁN PE DE 3 PIEZAS
01tVT00000CbjgnYAB,PE RATTAN SOFA SET 4 PIECES,JUEGO DE SOFÁS PARA EXTERIOR DE RATÁN PE DE 4 PIEZAS
01tVT00000CbkTBYAZ,PE RATTAN SOFA SET 3 PIECES,JUEGO DE SOFÁS PARA EXTERIOR DE RATÁN PE DE 3 PIEZAS
01tVT00000CbmA1YAJ,PE RATTAN DINING SET 5 PIECES,JUEGO DE COMEDOR PARA EXTERIOR DE RATÁN PE DE 5 PIEZAS
01tVT00000CbmMwYAJ,3PCS BISTRO SET,SET BISTRO WICKER 3 PIEZAS CON COJINES
01tVT00000CbmrZYAR,PE RATTAN BISTRO SET 3 PIECES,JUEGO BISTRO DE 3 PIEZAS DE RATÁN PE
01tVT00000CbnIzYAJ,PE RATTAN LOVESEAT,SOFÁ DE 2 PLAZAS DE RATÁN PE
01tVT00000CbnfZYAR,PE RATTAN BISTRO SET 3 PIECES,JUEGO BISTRO DE 3 PIEZAS DE RATÁN PE
01tVT00000CbnxJYAR,PE RATTAN BISTRO SET 3 PIECES,JUEGO BISTRO DE 3 PIEZAS DE RATÁN PE
01tVT00000CboGfYAJ,PE RATTAN BISTRO SET 3 PIECES,JUEGO BISTRO DE 3 PIEZAS DE RATÁN PE
01tVT00000Cboa1YAB,PE RATTAN BISTRO SET 5 PIECES,JUEGO BISTRO DE RATÁN PE DE 5 PIEZAS
01tVT00000CbrxhYAB,ROPE STEEL DINING CHAIR,SILLA DE COMEDOR DE ACERO CON CUERD
01tVT00000CbsIgYAJ,STEEL BENCH,BANCO DE ACERO
01tVT00000CbsTxYAJ,STEEL STACKABLE CHAIR,SILLA DE COMEDOR PARA EXTERIOR
01tVT00000CbthlYAB,3PC DINING SET,CONJUNTO DE COMEDOR 3 PIEZAS
01tVT00000CbtxuYAB,STEEL BENCH,BANCO DE ACERO
01tVT00000Cbu4LYAR,4PC DINING SET,CONJUNTO DE COMEDOR 4 PIEZAS
01tVT00000CbvI9YAJ,6PC DINING SET,CONJUNTO DE COMEDOR 6 PIEZAS
01tVT00000CbvV3YAJ,5PC DINING SET,CONJUNTO DE COMEDOR 5 PIEZAS
01tVT00000CdebOYAR,STEEL BISTRO SET 3 PIECES,CONJUNTO DE BISTRÓ DE ACERO 3 PIEZAS
01tVT00000Cdel4YAB,STEEL BENCH,BANCO DE ACERO
01tVT00000CdemgYAB,PE RATTAN SOFA SET 4 PIECES,JUEGO DE SOFÁS PARA EXTERIOR DE RATÁN PE DE 4 PIEZAS
01tVT00000CdhSoYAJ,2 IN 1 PE RATTAN SUNBED AND BENCH,CAMA DE DÍA PARA EXTERIOR BANCO DE RATÁN SINTÉTICO 2 EN 1
01tVT00000CdhpNYAR,PLASTIC STACKABLE DINING CHAIR,SILLA DE COMEDOR PARA EXTERIOR
01tVT00000CdhpOYAR,PLASTIC SOFA SET 4 SEATER,CONJUNTO DE SOFÁ DE PLÁSTICO PARA 4 PERSONAS
01tVT00000Cdi3tYAB,PE RATTAN DINING SET 5 PIECES,JUEGO DE COMEDOR PARA EXTERIOR DE RATÁN PE DE 5 PIEZAS
01tVT00000CdiDZYAZ,PLASTIC STACKABLE DINING CHAIR,SILLA DE COMEDOR PARA EXTERIOR
01tVT00000CdiGnYAJ,PE RATTAN DINING SET 5 PIECES,JUEGO DE COMEDOR PARA EXTERIOR DE RATÁN PE DE 5 PIEZAS
01tVT00000CdilRYAR,PE RATTAN DINING SET 5 PIECES,JUEGO DE COMEDOR PARA EXTERIOR DE RATÁN PE DE 5 PIEZAS
01tVT00000CdiyLYAR,PE RATTAN DINING SET 5 PIECES,JUEGO DE COMEDOR PARA EXTERIOR DE RATÁN PE DE 5 PIEZAS
01tVT00000CdiyMYAR,STEEL SOFA SET 4 PIECES,CONJUNTO DE SOFÁ DE ACERO 4 PIEZAS
01tVT00000CdjETYAZ,PLASTIC 4-SEATER SOFA SET,CONJUNTO DE SOFÁ DE PLÁSTICO PARA 4 PERSONAS
01tVT00000CdjJJYAZ,PE RATTAN DINING SET 6 PIECES,JUEGO DE COMEDOR PARA EXTERIOR DE RATÁN PE DE 6 PIEZAS
01tVT00000Cdk2TYAR,PLASTIC SOFA SET 4 SEATER,CONJUNTO DE SOFÁ DE PLÁSTICO PARA 4 PERSONAS
01tVT00000CdkQfYAJ,PE RATTAN SOFA SET 4 PIECES,JUEGO DE SOFÁS PARA EXTERIOR DE RATÁN PE DE 4 PIEZAS
01tVT00000CdkgnYAB,PE RATTAN SOFA SET 4 PIECES,JUEGO DE SOFÁS PARA EXTERIOR DE RATÁN PE DE 4 PIEZAS
01tVT00000Cdl1lYAB,TEXTILENE STEEL LOUNGE,TUMBONA DE ACERO CON TEXTILENE
01tVT00000CdlkvYAB,ROCKING CHAIR,SILLA MECEDORA
01tVT00000Cdm13YAB,PE RATTAN BENCH,BANCO DE RATÁN DE PE
01tVT00000CdmDxYAJ,PE RATTAN BENCH 2 SEATERS,BANCO DE 2 PLAZAS DE RATÁN PE
01tVT00000CdmU5YAJ,PE RATTAN BENCH 2 SEATERS,BANCO DE 2 PLAZAS DE RATÁN PE
01tVT00000CdmdlYAB,PE RATTAN CUSHION BOX 2 SEATERS,BAÚL PARA COJINES DE RATÁN DE PE
01tVT00000CdmdmYAB,STEEL SOFA SET 4 PIECES,CONJUNTO DE SOFÁ DE ACERO 4 PIEZAS
01tVT00000CdmkDYAR,5PC DINING SET,CONJUNTO DE COMEDOR 5 PIEZAS
01tVT00000Cdmx7YAB,STEEL SOFA SET 4 PIECES,CONJUNTO DE SOFÁ DE ACERO 4 PIEZAS
01tVT00000Cdn6nYAB,PE RATTAN CUSHION BOX 3 SEATERS,BAÚL PARA COJINES DE RATÁN DE PE
01tVT00000Cdn8QYAR,PE RATTAN SUNBED,TUMBONA DE RATÁN PE
01tVT00000CdnTNYAZ,STEEL SOFA SET 4 PIECES,CONJUNTO DE SOFÁ DE ACERO 4 PIEZAS
01tVT00000Cdnd3YAB,PE RATTAN SUNBED,TUMBONA DE RATÁN PE
01tVT00000CdnwPYAR,PE RATTAN SUNBED,TUMBONA DE RATÁN PE
01tVT00000Cdo7hYAB,STEEL BISTRO SET 3 PIECES,CONJUNTO DE BISTRÓ DE ACERO 3 PIEZAS
01tVT00000CdoCXYAZ,PE RATTAN SUNBED,TUMBONA DE RATÁN PE
01tVT00000CdoMDYAZ,STEEL BISTRO SET 3 PIECES,CONJUNTO DE BISTRÓ DE ACERO 3 PIEZAS
01tVT00000CdoXVYAZ,PE RATTAN SUN LOUNGER,TUMBONA DE RATÁN PE
01tVT00000CdokPYAR,STEEL PATIO SET 6PCS,CONJUNTO DE PATIO DE ACERO 6 PIEZAS
01tVT00000CdpdGYAR,PLASTIC DINING CHAIR,SILLA DE COMEDOR PARA EXTERIOR
01tVT00000Cdq6HYAR,ACACIA BISTRO SET 3 PIECES,JUEGO BISTRO ACACIA DE 3 PIEZAS
01tVT00000CdqZLYAZ,ACACIA SOFA SET 4 PIECES,JUEGO DE SOFÁS PARA EXTERIOR DE ACACIA DE 4 PIEZAS
01tVT00000CdqavYAB,ACACIA BISTRO SET 3 PIECES,JUEGO BISTRO ACACIA DE 3 PIEZAS
01tVT00000Cdqe9YAB,PLASTIC BAR CHAIR,TABURETE DE BAR DE PLÁSTICO
01tVT00000Cdr3xYAB,PLASTIC DINING CHAIR,SILLA DE COMEDOR PARA EXTERIOR
01tVT00000CdrC1YAJ,ACACIA AND RATTAN BISTRO SET 3 PIECES,JUEGO BISTRO DE ACACIA Y RATÁN DE 3 PIEZAS
01tVT00000CdrQXYAZ,PLASTIC BISTRO SET 5 PIECES,CONJUNTO DE BISTRÓ DE PLÁSTICO 5 PIEZAS
01tVT00000CdrgfYAB,ACACIA SUNBED,TUMBONA DE SOL ACACIA
01tVT00000Cds1dYAB,PLASTIC BISTRO SET 3 PIECES,CONJUNTO DE BISTRÓ DE PLÁSTICO 3 PIEZAS
01tVT00000CdsXtYAJ,PLASTIC BISTRO SET 3 PIECES,CONJUNTO DE BISTRÓ DE PLÁSTICO 3 PIEZAS
01tVT00000Cdt0vYAB,PE RATTAN SOFA SET 3 PIECES,JUEGO DE SOFÁS PARA EXTERIOR DE RATÁN PE DE 3 PIEZAS
01tVT00000Cdts9YAB,TEXTILENE STEEL CHAIR,SILLA DE COMEDOR PARA EXTERIOR
01tVT00000Cdu6fYAB,TEXTILENE FOLDABLE CHAIR,SILLA DE COMEDOR PARA EXTERIOR
01tVT00000CduMnYAJ,TEXTILENE FOLDABLE CHAIR,SILLA DE COMEDOR PARA EXTERIOR
01tVT00000CdueXYAR,7PC DINING SET,CONJUNTO DE COMEDOR 7 PIEZAS
01tVT00000Cdv9BYAR,5PC DINING SET,CONJUNTO DE COMEDOR 5 PIEZAS
01tVT00000CdvHFYAZ,PE RATTAN BISTRO SET 3 PIECES,JUEGO BISTRO DE 3 PIEZAS DE RATÁN PE
01tVT00000CdvNhYAJ,5PC DINING SET,CONJUNTO DE COMEDOR 5 PIEZAS
01tVT00000CdvfRYAR,STEEL BISTRO SET 3 PIECES,CONJUNTO DE BISTRÓ DE ACERO 3 PIEZAS
01tVT00000CdvsLYAR,STEEL PATIO SET 6PCS,CONJUNTO DE PATIO DE ACERO 6 PIEZAS
01tVT00000Cdw6rYAB,STEEL BISTRO SET 3 PIECES,CONJUNTO DE BISTRÓ DE ACERO 3 PIEZAS
01tVT00000CdwMzYAJ,STEEL BISTRO SET 3 PIECES,CONJUNTO DE BISTRÓ DE ACERO 3 PIEZAS
01tVT00000CdwZtYAJ,STEEL BISTRO SET 3 PIECES,CONJUNTO DE BISTRÓ DE ACERO 3 PIEZAS
01tVT00000CdwjZYAR,STEEL BISTRO SET 3 PIECES,CONJUNTO DE BISTRÓ DE ACERO 3 PIEZAS
01tVT00000CdxirYAB,PE RATTAN DINING SET 9 PIECES,JUEGO DE COMEDOR PARA EXTERIOR DE RATÁN PE DE 9 PIEZAS
01tVT00000CdybiYAB,ACACIA SOFA SET 4 PIECES,JUEGO DE SOFÁS PARA EXTERIOR DE ACACIA DE 4 PIEZAS
01tVT00000CdzmIYAR,SOFA BED,SOFA CAMA
01tVT00000CdzuMYAR,ACACIA SUNBED WITH SIDE TABLE,TUMBONA DE MADERA DE ACACIA CON MESA AUXILIAR
01tVT00000Ce041YAB,ACACIA BENCH LENGTH ADJUSTABLE,BANCO DE MADERA DE ACACIA CON LONGITUD AJUSTABLE
01tVT00000Ce05dYAB,SOFA BED,SOFA CAMA
01tVT00000Ce0NNYAZ,ACACIA BENCH LENGTH ADJUSTABLE,BANCO DE MADERA DE ACACIA CON LONGITUD AJUSTABLE
01tVT00000Ce0OzYAJ,SOFA BED,SOFA CAMA
01tVT00000Ce0lZYAR,SOFA BED,SOFA CAMA
01tVT00000CeDZ7YAN,SOFA BED WITH CHAISE LONGUE,SOFA CAMA CON CHAISE LONGUE
01tVT00000CebtBYAR,ACACIA DINING SET 5 PIECES,JUEGO DE COMEDOR DE ACACIA DE 5 PIEZAS
01tVT00000CerrVYAR,ACACIA SOFA SET 4 PIECES,JUEGO DE SOFÁS PARA EXTERIOR ACACIA DE 4 PIEZAS
01tVT00000CfXqjYAF,BENCH,BANCO
01tVT00000CfY3dYAF,BENCH,BANCO
01tVT00000CfYMzYAN,ACACIA DINING SET 5 PIECES,JUEGO DE COMEDOR PARA EXTERIOR DE ACACIA DE 5 PIEZAS
01tVT00000CfYd7YAF,WOODEN PICNIC TABLE SET WITH BENCHES,CONJUNTO DE MESA DE PICNIC DE MADERA CON BANCOS
01tVT00000CfYtFYAV,STEEL BENCH,BANCO DE ACERO
01tVT00000CfZEDYA3,STEEL AND ROPE BISTRO SET 3 PIECES,"JUEGO BISTRO DE ACERO Y CUERDA, 3 PIEZAS"
01tVT00000CfZNtYAN,STEEL BENCH,BANCO DE ACERO
01tVT00000CfZfdYAF,STEEL BENCH,BANCO DE ACERO
01tVT00000CfZhFYAV,ACACIA AND ROPE BISTRO SET 3 PIECES,JUEGO BISTRO DE 3 PIEZAS DE ACACIA Y CUERDA
01tVT00000Cfa2DYAR,ACACIA BISTRO SET 3 PIECES,JUEGO BISTRO ACACIA 3 PIEZAS
01tVT00000CfaGjYAJ,STEEL AND ACACIA DINING SET 7 PIECES,"JUEGO DE COMEDOR PARA EXTERIOR DE ACERO Y MADERA DE ACACIA, 7 PIEZAS"
01tVT00000CfaNBYAZ,STEEL MESH BENCH,BANCO DE MALLA DE ACERO
01tVT00000CfaevYAB,STEEL MESH LOUNGE,TUMBONA DE MALLA DE ACERO
01tVT00000Cfai9YAB,PE RATTAN BISTRO SET 3 PIECES,JUEGO BISTRO DE 3 PIEZAS DE RATÁN PE
01tVT00000CfbcbYAB,PE RATTAN BENCH WITH FOOTSTOOLS,BANCO DE RATÁN DE DESCANSAPIÉS
01tVT00000CfcLlYAJ,ACACIA AND ROPE SOFA SET 4 PIECES,JUEGO DE SOFÁS PARA EXTERIOR DE 4 PIEZAS DE MADERA DE ACACIA Y CUERDA
01tVT00000CfkWDYAZ,CENTER POLE UMBRELLA BASE,BASE SOMBRILLA HDPE
01tVT00000CgN7lYAF,STEEL GARDEN PARASOL 2M,SOMBRILLA DE JARDÍN DE ACERO DE 2 M
01tVT00000CgPW9YAN,STEEL GARDEN PARASOL 2.3M,"SOMBRILLA DE JARDÍN DE ACERO DE 2,3 M"
01tVT00000CgPcbYAF,STEEL GARDEN PARASOL 2.7M,"SOMBRILLA DE JARDÍN DE ACERO DE 2,7 M"
01tVT00000CgPfpYAF,STEEL GARDEN PARASOL 2.7M,"SOMBRILLA DE JARDÍN DE ACERO DE 2,7 M"
01tVT00000CgRhdYAF,STEEL GARDEN PARASOL 2.5M,"SOMBRILLA DE JARDÍN DE ACERO DE 2,5 M"
01tVT00000CgRrJYAV,STEEL BISTRO SET,JUEGO BISTRO
01tVT00000CgTDBYA3,2-SEATER SWING,COLUMPIO
01tVT00000CgTZlYAN,STEEL BISTRO SET 3 PIECES,JUEGO DE BISTRÓ DE ACERO DE 3 PIEZAS
01tVT00000CgUSbYAN,3-SEATER SWING,COLUMPIO
01tVT00000CgUfVYAV,3-SEATER SWING,COLUMPIO
01tVT00000CgUpBYAV,2-SEATER SWING,COLUMPIO
01tVT00000CgV3hYAF,STEEL BISTRO SET 3 PIECES,JUEGO DE BISTRÓ DE ACERO DE 3 PIEZAS
01tVT00000CgV6vYAF,3-SEATER SWING,COLUMPIO
01tVT00000CgVTVYA3,STEEL BISTRO SET 3 PIECES,JUEGO DE BISTRÓ DE ACERO DE 3 PIEZAS
01tVT00000CgVlFYAV,3-SEATER SWING,COLUMPIO
01tVT00000CgVzlYAF,STEEL BISTRO SET 3 PIECES,JUEGO DE BISTRÓ DE ACERO DE 3 PIEZAS
01tVT00000CgaxpYAB,STEEL BENCH,BANCO DE ACERO
01tVT00000CgbVhYAJ,STEEL BENCH,BANCO DE ACERO
01tVT00000CgcErYAJ,ACACIA DAYBED AND BENCH 3 SEATERS,CAMA DE DÍA PARA EXTERIOR BANCO DE 3 PLAZAS DE MADERA DE ACACIA
01tVT00000CgctBYAR,ACACIA DAYBED AND BENCH 2  SEATERS,CAMA DE DÍA PARA EXTERIOR BANCO DE 2 PLAZAS DE MADERA DE ACACIA
01tVT00000ChDhRYAV,STEEL CHAIR,SILLA DE COMEDOR PARA EXTERIOR
01tVT00000ChDuLYAV,STEEL DINING SET 5PCS,JUEGO DE COMEDOR DE ACERO DE 5 PIEZAS
01tVT00000ChEFJYA3,STEEL DINING SET 5PCS,JUEGO DE COMEDOR DE ACERO DE 5 PIEZAS
01tVT00000ChEVRYA3,STEEL BISTRO SET 3PCS,CONJUNTO BISTRÓ DE ACERO 3 PIEZAS
01tVT00000ChKr0YAF,STEEL FOLDING DINING CHAIR,SILLA DE COMEDOR PARA EXTERIOR
01tVT00000ChLYYYA3,STEEL DINING SET 5 PIECES,CONJUNTO DE COMEDOR DE ACERO 5 PIEZAS
01tVT00000ChMOAYA3,STEEL STACKABLE CHAIR,SILLA DE COMEDOR PARA EXTERIOR
01tVT00000ChMnyYAF,STEEL BISTRO SET 3PCS,CONJUNTO BISTRÓ DE ACERO 3 PIEZAS
01tVT00000ChNAZYA3,STEEL DINING CHAIR,SILLA DE COMEDOR PARA EXTERIOR
01tVT00000ChPCNYA3,STEEL BAR STOOL,BANCO DE BAR PARA EXTERIOR
01tVT00000ChPdmYAF,HANGING CHAIR,SILLA COLGANTE
01tVT00000ChRHOYA3,STEEL BISTRO SET 3PCS,CONJUNTO BISTRÓ DE ACERO 3 PIEZAS
01tVT00000ChSmvYAF,STEEL DINING CHAIR,SILLA DE COMEDOR PARA EXTERIOR
01tVT00000ChTCjYAN,STEEL ROCKING CHAIR,SILLA MECEDORA DE ACERO
01tVT00000ChTUTYA3,HANGING CHAIR,SILLA COLGANTE
01tVT00000ChTe9YAF,HANGING CHAIR,SILLA COLGANTE
01tVT00000ChTflYAF,STEEL FOLDING DINING CHAIR,SILLA DE COMEDOR PARA EXTERIOR
01tVT00000ChTvtYAF,HANGING CHAIR,SILLA COLGANTE
01tVT00000ChU3xYAF,2-SEATER HANGING CHAIRS,SILLAS COLGANTES DE 2 PLAZAS
01tVT00000CiXr0YAF,STEEL TRAY,MESA AUXILIAR JARDIN METAL
01tVT00000CiY8jYAF,STEEL DINING SET 5PCS,JUEGO DE COMEDOR PARA EXTERIOR
01tVT00000CiYLdYAN,STEEL BENCH,BANCO DE ACERO
01tVT00000CiYThYAN,STEEL BAR TABLE,MESA DE BAR PARA EXTERIOR
01tVT00000CiaorYAB,STEEL TV STAND,CENTRO ENTRETENIMIENTO METALICO
01tVT00000Cib1lYAB,STELL SHELF,ESTANTERIA METALICA
01tVT00000CibBRYAZ,STEEL PLANT SHELVING,ESTANTERIA EXTERIOR PARA PLANTAS
01tVT00000CibL7YAJ,STEEL TRAY,CARRITO AUXILIAR METALICO
01tVT00000CibZdYAJ,PLASTIC SIDE TABLE,MESA AUXILIAR DE PLÁSTICO
01tVT00000CieAvYAJ,STEEL BISTRO SET 3PCS,JUEGO BISTRO
01tVT00000CigB7YAJ,STEEL DINING SET,SET DE COMEDOR METALICO
01tVT00000CihojYAB,HANDHELD FAN 1200MAH,VENTILADOR DE MANO 1200MAH
01tVT00000CiizKYAR,6FT*6FT (180CM X180CM) INSTANT CABANA,GAZEBO PLAYA PROTECTOR SOLAR
01tVT00000CijTxYAJ,PLASTIC STORAGE,BAUL ALMACENAJE PLASTICO
01tVT00000CikTFYAZ,PLASTIC DINING CHAIR,SILLA DE COMEDOR PARA EXTERIOR
01tVT00000CikoDYAR,PLASTIC BENCH,BANCO DE PLÁSTICO
01tVT00000CkVJgYAN,STEEL BENCH,BANCO
01tVT00000Cke1xYAB,STEEL BISTRO SET 3PCS,CONJUNTO DE BISTRÓ DE ACERO DE 3 PIEZAS
01tVT00000CkeI5YAJ,STEEL BISTRO SET 3PCS,CONJUNTO DE BISTRÓ DE ACERO DE 3 PIEZAS
01tVT00000CkgJtYAJ,GAZEBO,GAZEBO CUADRADO CON DOBLE TECHO
01tVT00000Ckj1dYAB,SOFA BED,SOFA CAMA
01tVT00000CkjfxYAB,SOFA BED,SOFA CAMA
01tVT00000CknoPYAR,POLYWOOD STORAGE BENCH,BANCO DE ALMACENAMIENTO DE POLYWOOD
01tVT00000Ckp0bYAB,POLYWOOD BISTRO SET 3PCS,JUEGOS DE BAR DE POLYWOOD 3 PIEZAS
01tVT00000CkpS1YAJ,POLYWOOD BAR SETS 3PCS,JUEGOS DE BAR DE POLYWOOD 3 PIEZAS
01tVT00000CkpgXYAR,POLYWOOD LOUGE SET 3 PCS,JUEGO DE SALÓN DE POLYWOOD 3 PIEZAS
01tVT00000CktyfYAB,POLYWOOD ADIRONDACK CHAIR,SILLA ADIRONDACK
01tVT00000CkuBZYAZ,PLYWOOD ADIRONDACK CHAIR,SILLA ADIRONDACK
01tVT00000CkuMsYAJ,PLASTIC COOLER,NEVERA DE PLÁSTICO
01tVT00000CkuZmYAJ,Rocking chair,SILLON ADIRONDACK MECEDORA POLIESTIRENO
01tVT00000CkuczYAB,PLYWOOD ADIRONDACK CHAIR,SILLA MECEDORA SILLA MECEDORA
01tVT00000CkumfYAB,PLASTIC COOLER,NEVERA DE PLÁSTICO
01tVT00000Ckv1BYAR,PLASTIC COOLER,NEVERA DE PLÁSTICO
01tVT00000Ckv61YAB,POLYWOOD LOUNGE CHAIR,SILLÓN DE EXTERIOR
01tVT00000CkvHJYAZ,Foldable Chair+Hidden Ottoman,SILLON PLEGABLE +  REPOSAPIE OCULTO
01tVT00000CkvKXYAZ,POLYWOOD FOLDABLE DINING CHAIR,MESA DE COMEDOR PARA EXTERIOR
01tVT00000CkvPNYAZ,PLASTIC COOLER,NEVERA DE PLÁSTICO
01tVT00000CkvcHYAR,PLASTIC COOLER,NEVERA DE PLÁSTICO
01tVT00000CkvfVYAR,POLYWOOD SIDE TABLE,MESA AUXILIAR
01tVT00000CkvnZYAR,GLIDER BENCH,BANCO DESLIZANTE
01tVT00000ClXG9YAN,WOODEN GARDEN PARASOL 2.7M,SOMBRILLA DE MADERA PARA JARDÍN 2.7 M
01tVT00000ClXZVYA3,WOODEN GARDEN PARASOL 3.0M,SOMBRILLA DE MADERA PARA JARDÍN 3.0 M
01tVT00000ClXmPYAV,WOODEN GARDEN PARASOL 2*2M,SOMBRILLA DE MADERA PARA JARDÍN 2 × 2 M
01tVT00000ClXxhYAF,WOODEN GARDEN PARASOL 2.5*2.5M,SOMBRILLA DE MADERA PARA JARDÍN 2.5 × 2.5 M
01tVT00000ClY8zYAF,WOODEN GARDEN PARASOL 3*3M,SOMBRILLA DE MADERA PARA JARDÍN 3 × 3 M
01tVT00000CldjlYAB,15KG PE UMBRELLA BASE CEMENT FILLED,"BASE SOMBRILLA DE 15 KG, RELLENA DE CEMENTO"
01tVT00000CldyHYAR,27KG PE UMBRELLA BASE CEMENT FILLED,"BASE SOMBRILLA DE 27 KG, RELLENA DE CEMENTO"
01tVT00000CleEPYAZ,10KG PE UMBRELLA BASE CEMENT FILLED,"BASE SOMBRILLA DE 10 KG, RELLENA DE CEMENTO"
01tVT00000CleeEYAR,20KG PE UMBRELLA BASE CEMENT FILLED,"BASE SOMBRILLA DE 20 KG, RELLENA DE CEMENTO"
01tVT00000ClezBYAR,20KG GRANITE UMBRELLA BASE,BASE DE SOMBRILLA DE GRANITO DE 20 KG
01tVT00000ClfX3YAJ,21KG GRANITE SQUARE UMBRELLA BASE,BASE DE SOMBRILLA CUADRADA DE GRANITO DE 21 KG
01tVT00000ClfonYAB,15L UMBRELLA WATER BASE,BASE DE SOMBRILLA DE AGUA DE 15L
01tVT00000Clg4vYAB,60L UMBRELLA WATER BASE,BASE DE SOMBRILLA DE AGUA DE 60L
01tVT00000ClgJRYAZ,12KGS UMBRELLA BASE,BASE DE SOMBRILLA DE 12 KG
01tVT00000ClizZYAR,12KGS UMBRELLA BASE,BASE DE SOMBRILLA DE 12 KG
01tVT00000CljVpYAJ,25KGS UMBRELLA BASE,BASE DE SOMBRILLA DE 25 KG
01tVT00000ClkEzYAJ,PE COATING UMBRELLA BASE,BASE DE SOMBRILLA CON RECUBRIMIENTO DE PE
01tVT00000ClnRNYAZ,"11,5KG PE UMBRELLA BASE CEMENT FILLED","BASE SOMBRILLA DE 11,5 KG, RELLENA DE CEMENTO"
01tVT00000CmZcTYAV,PLASTIC COOLER WITH BLUETOOTH SPEAKER,NEVERA DE PLÁSTICO BLUETOOTH
01tVT00000CmZpNYAV,PLASTIC COOLER WITH BLUETOOTH SPEAKER,NEVERA DE PLÁSTICO BLUETOOTH
01tVT00000CmZz3YAF,PLASTIC COOLER WITH BLUETOOTH SPEAKER,NEVERA DE PLÁSTICO BLUETOOTH
01tVT00000CmbftYAB,WOODEN FOLDING CHAIR,SILLA PLEGABLE DE MADERA
01tVT00000CmcNRYAZ,GAS GRILL WITH SIDE TABLES AND WHEELSNEVERA DE PLÁSTICO,ASADOR GAS CON MESAS LATERALES Y RUEDAS
01tVT00000Cmck1YAB,DUAL CHARCOAL & GAS GRILL WITH SIDE TABLES AND WHEELS,DUAL ASADOR CARBON Y GAS CON MESAS LATERALES Y RUEDAS
01tVT00000CmcvJYAR,GAS GRILL WITH SIDE TABLES AND WHEELS,ASADOR GAS CON MESAS LATERALES Y RUEDAS
01tVT00000Cmd4zYAB,GAS GRILL WITH SIDE TABLES AND WHEELS,ASADOR GAS CON MESAS LATERALES Y RUEDAS
01tVT00000CmdBRYAZ,GAS GRILL WITH SIDE TABLES AND WHEELS,ASADOR GAS CON MESAS LATERALES Y RUEDAS
01tVT00000CmdY1YAJ,CHARCOAL GRILL WITH SIDE TABLES AND WHEELS,ASADOR CARBON CON MESAS LATERALES Y RUEDAS
01tVT00000CmdeTYAR,CHARCOAL GRILL WITH SIDE TABLES AND WHEELS,ASADOR CARBON CON MESAS LATERALES Y RUEDAS
01tVT00000Cmdo9YAB,CHARCOAL GRILL WITH SIDE TABLES AND WHEELS,ASADOR CARBON CON MESAS LATERALES Y RUEDAS
01tVT00000CmdubYAB,CHARCOAL GRILL WITH SIDE TABLES AND WHEELS,ASADOR CARBON CON MESAS LATERALES Y RUEDAS
01tVT00000CmgCXYAZ,Solar 15PK Bulb String Light,LUZ SOLAR PARA JARDÍN
01tVT00000CmgndYAB,SOLAR GARDEN LIGHT,LUZ SOLAR PARA JARDÍN
01tVT00000Cmh3lYAB,SOLAR GARDEN TABLE LIGHT,LUZ SOLAR PARA JARDÍN
01tVT00000CnDoQYAV,SOLAR GARDEN LIGHT,LUZ SOLAR PARA JARDÍN
01tVT00000CnGsjYAF,WOODEN FOLDING CHAIR,SILLA PLEGABLE DE MADERA
01tVT00000CnHDhYAN,SOLAR GARDEN TABLE LIGHT,LUZ SOLAR PARA JARDÍN
01tVT00000CnHaHYAV,SOLAR GARDEN LIGHT,LUZ SOLAR PARA JARDÍN
01tVT00000CnHf7YAF,"SOLAR GARDEN LATERN LIGHT,",LUZ SOLAR PARA JARDÍN
01tVT00000CnHs1YAF,"SOLAR GARDEN CANDLE  LIGHT,",LUZ SOLAR PARA JARDÍN
01tVT00000CnIEbYAN,"SOLAR GARDEN TABLE LIGHT,",LUZ SOLAR PARA JARDÍN
01tVT00000CnIMfYAN,SOLAR GARDEN LIGHT,LUZ SOLAR PARA JARDÍN
01tVT00000CnIWLYA3,SOLAR GARDEN LIGHT,LUZ SOLAR PARA JARDÍN
01tVT00000CnIbBYAV,SOLAR GARDEN LIGHT,LUZ SOLAR PARA JARDÍN
01tVT00000CnJ5pYAF,SOLAR GARDEN LIGHT,LUZ SOLAR PARA JARDÍN
01tVT00000CnJKLYA3,"SOLAR GARDEN WALL  LIGHT,",LUZ SOLAR PARA JARDÍN
01tVT00000CnJsDYAV,SOLAR GARDEN LIGHT,LUZ SOLAR PARA JARDÍN
01tVT00000CnK1tYAF,SOLAR GARDEN LIGHT,LUZ SOLAR PARA JARDÍN
01tVT00000CnK8LYAV,SOLAR GARDEN LIGHT,LUZ SOLAR PARA JARDÍN
01tVT00000CnKEnYAN,SOLAR GARDEN LIGHT,LUZ SOLAR PARA JARDÍN
01tVT00000CnN6DYAV,SOLAR GARDEN LIGHT,LUZ SOLAR PARA JARDÍN
01tVT00000CoE8wYAF,EXECUTIVE OFFICE CHAIR,SILLA DE OFICINA EJECUTIVA
01tVT00000CoEDlYAN,CONVECTOR HEATER 1000W,CALEFACTOR CONVECTOR 1000W
01tVT00000CoEbxYAF,CONVECTOR HEATER 1500W,CALEFACTOR CONVECTOR 1500W
01tVT00000CoF4zYAF,CONVECTOR HEATER 1000W,CALEFACTOR CONVECTOR 1000W
01tVT00000CoF9pYAF,5L PLASTIC COOLER BOX,5L NEVERA DE PLÁSTICO
01tVT00000CoFJVYA3,CONVECTOR HEATER 1500W,CALEFACTOR CONVECTOR 1500W
01tVT00000CoFPxYAN,7L PLASTIC COOLER BOX,7L NEVERA DE PLÁSTICO
01tVT00000CoFZdYAN,11L PLASTIC COOLER BOX,11L NEVERA DE PLÁSTICO
01tVT00000CoFhhYAF,20L PLASTIC COOLER BOX,20L NEVERA DE PLÁSTICO
01tVT00000CoFrNYAV,50L PLASTIC COOLER BOX,50L NEVERA DE PLÁSTICO
01tVT00000CqKDSYA3,KID CABINET,GABINETE INFANTIL
01tVT00000CqKyDYAV,KID BOOKSHELF,LIBRERO INFANTIL
01tVT00000CqKzpYAF,KID ORGANIZER,ORGANIZADOR INFANTIL
01tVT00000CqKzqYAF,KID BOOKSHELF,LIBRERO INFANTIL
01tVT00000CqKzrYAF,KID CHAIR DESK,SILLA ESCRITORIO INFANTIL
01tVT00000CqL9VYAV,KID TABLE & CHAIRS,MESA Y SILLAS INFANTILES
01tVT00000CqLJDYA3,KID EASEL,CABALLETE INFANTIL
01tVT00000CqLO2YAN,KID CABINET,GABINETE INFANTIL
01tVT00000CqLPdYAN,KID BOOKSHELF,LIBRERO INFANTIL
01tVT00000CqLavYAF,KID CABINET,GABINETE INFANTIL
01tVT00000CqLuHYAV,KID CABINET,GABINETE INFANTIL
01tVT00000CqM3xYAF,KID CABINET,GABINETE INFANTIL
01tVT00000CqMFFYA3,KID TABLE & CHAIRS,MESA Y SILLAS INFANTILES
01tVT00000CqMLjYAN,KID CABINET,GABINETE INFANTIL
01tVT00000CqMS9YAN,KID TABLE & CHAIRS,MESA Y SILLAS INFANTILES
01tVT00000CqMYbYAN,KID TABLE & CHAIRS,MESA Y SILLAS INFANTILES
01tVT00000CqMdRYAV,KID CABINET,GABINETE INFANTIL
01tVT00000CqMiHYAV,KID TABLE & CHAIRS,MESA Y SILLAS INFANTILES
01tVT00000CqMyPYAV,KID VANITY SET,TOCADOR INFANTIL
01tVT00000CqN4rYAF,KID COAT STAND,PERCHERO INFANTIL
01tVT00000CqN9hYAF,KID TABLE & CHAIRS,MESA Y SILLAS INFANTILES
01tVT00000CqNKzYAN,KID TABLE & CHAIRS,MESA Y SILLAS INFANTILES
01tVT00000CqNT3YAN,KID EASEL,CABALLETE INFANTIL
01tVT00000CqNcjYAF,KID ORGANIZER,ORGANIZADOR INFANTIL
01tVT00000CqNeLYAV,KID TABLE & CHAIRS,MESA Y SILLAS INFANTILES
01tVT00000CqNuTYAV,KID CHAIR DESK,SILLA ESCRITORIO INFANTIL
01tVT00000CqO5lYAF,KID EASEL,CABALLETE INFANTIL
01tVT00000CqQigYAF,WOODEN BABY CRIB,CUNA DE BEBÉ DE MADERA
01tVT00000CqRtGYAV,WOODEN BABY CRIB,CUNA DE BEBÉ DE MADERA
01tVT00000CqRtHYAV,KID TABLE AND CHAIRS,MESA Y SILLAS INFANTILES
01tVT00000CqSR9YAN,WOODEN BABY CRIB,CUNA DE BEBÉ DE MADERA
01tVT00000CqTobYAF,WOODEN BABY CRIB,CUNA DE BEBÉ DE MADERA
01tVT00000CqUMTYA3,WOODEN BABY CRIB,CUNA DE BEBÉ DE MADERA
01tVT00000CqV5dYAF,WOODEN BABY CHANGING TABLE,CAMBIADOR DE BEBÉ DE MADERA
01tVT00000CqVLlYAN,WOODEN BABY CHANGING TABLE,CAMBIADOR DE BEBÉ DE MADERA
01tVT00000CqVonYAF,WOODEN BABY CRIB,CUNA DE BEBÉ DE MADERA
01tVT00000CqVwrYAF,PORTABLE CHANGING TABLE,CAMBIADOR PORTÁTIL
01tVT00000CqW3JYAV,WOODEN BABY CRIB,CUNA DE BEBÉ DE MADERA
01tVT00000CqWWLYA3,KID TOY ORGANIZER WITH 6 BINS,ORGANIZADOR INFANTIL DE JUGUETES CON 6 CONTENEDORES
01tVT00000CqWkuYAF,WOODEN BABY CHANGING TABLE,CAMBIADOR DE BEBÉ DE MADERA
01tVT00000CqWphYAF,WOODEN BABY CRIB,CUNA DE BEBÉ DE MADERA
01tVT00000CqWrJYAV,KID TABLE AND CHAIRS,MESA Y SILLAS INFANTILES
01tVT00000CqX7RYAV,TOY ORGANIZER WITH 9 PLASTIC BINS,ORGANIZADOR DE JUGUETES CON 9 CONTENEDORES DE PLÁSTICO
01tVT00000CqXDtYAN,WOODEN BABY CRIB,CUNA DE BEBÉ DE MADERA
01tVT00000CqXyfYAF,WOODEN BABY CRIB,CUNA DE BEBÉ DE MADERA
01tVT00000CqYEnYAN,KID BOOKSHELF,LIBRERO INFANTIL
01tVT00000CqYt7YAF,KID TABLE AND CHAIRS,MESA Y SILLAS INFANTILES
01tVT00000CqZ1BYAV,WOODEN BABY CHANGING TABLE,CAMBIADOR DE BEBÉ DE MADERA
01tVT00000CqZ61YAF,WOODEN BABY CHANGING TABLE,CAMBIADOR DE BEBÉ DE MADERA
01tVT00000CqZCTYA3,KID TABLE AND CHAIRS,MESA Y SILLAS INFANTILES
01tVT00000CqZUDYA3,LEARNING TOWER,TABURETE DE APRENDIZAJE INFANTIL CON 2 PASOS
01tVT00000CqZcHYAV,WOODEN BABY CHANGING TABLE,CAMBIADOR DE BEBÉ DE MADERA
01tVT00000CqZijYAF,LEARNING TOWER,TABURETE DE APRENDIZAJE INFANTIL CON 2 PASOS
01tVT00000CqZsPYAV,WOODEN BABY CHANGING TABLE,CAMBIADOR DE BEBÉ DE MADERA
01tVT00000Cqa5JYAR,WOODEN BABY CHANGING TABLE,CAMBIADOR DE BEBÉ DE MADERA
01tVT00000CqaEzYAJ,KID BOOKSHELF,LIBRERO INFANTIL
01tVT00000Cqay9YAB,WOODEN BABY CHANGING TABLE,CAMBIADOR DE BEBÉ DE MADERA
01tVT00000CqbXdYAJ,KIDS SAFETY GATE,PUERTAS DE SEGURIDAD
01tVT00000Cr8zrYAB,NURSERY ROCKING CHAIR,MECEDORA PARA LACTANCIA
01tVT00000CrASAYA3,KIDS SAFETY GATE,PUERTAS DE SEGURIDAD
01tVT00000CrC7NYAV,NURSERY GLIDER CHAIR,MECEDORA PARA LACTANCIA
01tVT00000CrCIfYAN,KIDS SAFETY GATE,PUERTAS DE SEGURIDAD
01tVT00000CrCddYAF,NURSERY GLIDER CHAIR,MECEDORA PARA LACTANCIA
01tVT00000CrCqXYAV,KIDS SAFETY GATE,PUERTAS DE SEGURIDAD
01tVT00000CrCwzYAF,FEEDING CHAIR,SILLAS ALTAS DE MADERA
01tVT00000CrD0DYAV,FEEDING CHAIR,SILLAS ALTAS DE MADERA
01tVT00000CrD6fYAF,NURSERY ROCKING CHAIR,MECEDORA PARA LACTANCIA
01tVT00000CrDLBYA3,WOODEN BABY CRIB,CUNA DE BEBÉ DE MADERA
01tVT00000CrDg9YAF,NURSERY ROCKING CHAIR,MECEDORA PARA LACTANCIA
01tVT00000CrDrRYAV,NURSERY ROCKING CHAIR,MECEDORA PARA LACTANCIA
01tVT00000CrDzVYAV,NURSERY ROCKING CHAIR,MECEDORA PARA LACTANCIA
01tVT00000CrE7ZYAV,NURSERY ROCKING CHAIR,MECEDORA PARA LACTANCIA
01tVT00000CrEHFYA3,NURSERY ROCKING CHAIR,MECEDORA PARA LACTANCIA
01tVT00000CrK1iYAF,WOODEN BABY CRIB,CUNA DE BEBÉ DE MADERA
01tVT00000CrL94YAF,OFFICE CHAIR,SILLA DE OFICINA
01tVT00000CrLAgYAN,FEEDING CHAIR,SILLAS ALTAS DE MADERA
01tVT00000CrLk9YAF,KID TABLE & CHAIRS,MESA Y SILLAS INFANTILES
01tVT00000CrNArYAN,WOODEN BABY CRIB,CUNA DE BEBÉ DE MADERA
01tVT00000CrNHJYA3,FEEDING CHAIR,SILLAS ALTAS DE MADERA
01tVT00000CrNdtYAF,FEEDING CHAIR,SILLAS ALTAS DE MADERA
01tVT00000CrNlxYAF,FEEDING CHAIR,SILLAS ALTAS DE MADERA
01tVT00000CrNqnYAF,FEEDING CHAIR,SILLAS ALTAS DE MADERA
01tVT00000CrNyrYAF,FEEDING CHAIR,SILLAS ALTAS DE MADERA
01tVT00000CrON3YAN,OFFICE CHAIR,SILLA DE OFICINA
01tVT00000CrOtJYAV,OFFICE CHAIR,SILLA DE OFICINA
01tVT00000CrOzlYAF,OFFICE CHAIR,SILLA DE OFICINA
01tVT00000CrPEHYA3,OFFICE CHAIR,SILLA DE OFICINA
01tVT00000CrPHVYA3,OFFICE CHAIR,SILLA DE OFICINA
01tVT00000CrPZFYA3,OFFICE CHAIR,SILLA DE OFICINA
01tVT00000CrParYAF,OFFICE CHAIR,SILLA DE OFICINA
01tVT00000CrPuDYAV,OFFICE CHAIR,SILLA DE OFICINA
01tVT00000CylJiYAJ,TOYBOX,BAÚL JUGUETES INFANTIL
01tVT00000CyvNtYAJ,TABLE,MESA
01tVT00000CyvSjYAJ,ORGANIZER,ESTANTERIA MULTIFUNCIONAL INFANTIL
01tVT00000CyvULYAZ,TOY STORAGE WITH 6 BINS,JUGUETERO 6 CAJONES DE PLASTICO INFANTIL
01tVT00000CyvirYAB,BENCH,BANCO
01tVT00000D08z0YAB,KID CABINET,GABINETE INFANTIL
01tVT00000D0974YAB,KID TABLE & CHAIRS,MESA Y SILLAS INFANTILES
01tVT00000D09F8YAJ,TOY STORAGE WITH 6 BINS,JUGUETERO 6 CAJONES DE PLASTICO INFANTIL
01tVT00000D09JyYAJ,ORGANIZER,ESTANTERIA MULTIFUNCIONAL INFANTIL
01tVT00000D09OoYAJ,TOYBOX,BAÚL JUGUETES INFANTIL
01tVT00000D1uVLYAZ,4-Piece Steel Patio Set with Cushions,SALA DE PATIO ACERO 4 PIEZAS CON COJINES
01tVT00000D1wDmYAJ,BENCH,BANCO
01tVT00000D1wfBYAR,TABLE,MESA
01tVT00000D1wgnYAB,CHAIR,SILLA
01tVT00000D1xZdYAJ,CHAIR,SILLA
01tVT00000D24JNYAZ,SOFA BED,SOFA CAMA
01tVT00000D2Ep0YAF,STEEL TRAY,CARRITO AUXILIAR METALICO
01tVT00000D2Gu3YAF,STEEL FOLDING DINING SET 5 PIECES,SALA DE PATIO METALICO PLEGABLE 4PCS
01tVT00000D2Hi2YAF,STEEL BISTRO SET 3 PIECES,CONJUNTO DE BISTRÓ DE ACERO 3 PIEZAS
01tVT00000D2HlGYAV,STEEL PLANT SHELVING,ESTANTERIA EXTERIOR PARA PLANTAS
01tVT00000D2Hq6YAF,STEEL SOFA SET 4 PIECES,CONJUNTO DE SOFÁ DE ACERO 4 PIEZAS
01tVT00000D2HtKYAV,PLASTIC SOFA SET 4 PIECES,JUEGO DE SOFÁS PARA EXTERIOR DE PLÁSTICO DE 4 PIEZAS
01tVT00000D2I4eYAF,STEEL GARDEN PARASOL 2.0M,"SOMBRILLA DE JARDÍN DE ACERO 2,0 M"
01tVT00000D2IW2YAN,PP BISTRO SET 3 PIECE (TABLE +2 CHAIRS),SET BISTRO PP 3 PIEZAS (MESA+2 SILLAS)
01tVT00000D2IasYAF,STEEL BISTRO SET 3 PIECES (TABLE+2 CHAIRS),SET BISTRO METALICO PLEGABLE 3 PIEZAS
01tVT00000D2Kw3YAF,STEEL GARDEN PARASOL 2.5M,"SOMBRILLA DE JARDÍN DE ACERO DE 2,5 M"
01tVT00000D2LbyYAF,STEEL BISTRO SET 3 PIECES,CONJUNTO DE BISTRÓ DE ACERO 3 PIEZAS
01tVT00000D2LdaYAF,3PC DINING SET,CONJUNTO DE COMEDOR 3 PIEZAS
01tVT00000D2LfCYAV,ACACIA AND ROPE BISTRO SET 3 PIECES,JUEGO BISTRO DE 3 PIEZAS DE ACACIA Y CUERDA
01tVT00000D2LgoYAF,PLASTIC COOLER,NEVERA DE PLÁSTICO
01tVT00000D2LleYAF,PLASTIC COOLER,NEVERA DE PLÁSTICO
01tVT00000D2LtiYAF,HANGING CHAIR,SILLA COLGANTE
01tVT00000D2M1mYAF,STEEL GARDEN PARASOL 2.5M,"SOMBRILLA DE JARDÍN DE ACERO DE 2,5 M"
01tVT00000D2MBSYA3,STEEL KNOCKDOWN LOUNGE CHAIR,TUMBONA PLAYA METALICA
01tVT00000D2YJ4YAN,KID EASEL,CABALLETE INFANTIL
01tVT00000D2dYrYAJ,SOFA BED,SOFA CAMA
01tVT00000D2e0HYAR,MANUAL RECLINER SOFA,SOFÁ RECLINABLE MANUAL
01tVT00000D2eI1YAJ,MANUAL RECLINER SOFA,SOFÁ RECLINABLE MANUAL
01tVT00000D2fZ3YAJ,SOFA BED,SOFA CAMA
01tVT00000D2g5JYAR,SOFA BED,SOFA CAMA
01tVT00000D2gV7YAJ,SOFA BED,SOFA CAMA
01tVT00000D2gi1YAB,SOFA BED,SOFA CAMA
01tVT00000D2gwXYAR,SOFA BED,SOFA CAMA
01tVT00000D2hCfYAJ,SOFA BED,SOFA CAMA
01tVT00000D2hPZYAZ,SOFA BED,SOFA CAMA
01tVT00000D2he5YAB,SOFA BED,SOFA CAMA
01tVT00000D3YCAYA3,SHELF,ESTANTERÍA
01tVT00000D3ZmXYAV,COFFEE TABLE,MESA DE CENTRO
01tVT00000D3a5tYAB,SHELF,ESTANTERÍA
01tVT00000D3aKPYAZ,SHELF,ESTANTE
01tVT00000D3aVhYAJ,SHELF,ESTANTERÍA
01tVT00000D3afNYAR,SHELF,ESTANTERÍA
01tVT00000D3ap3YAB,SHELF,ESTANTERÍA
01tVT00000D3b5BYAR,INDOOR DINING SET 3 PIECES,JUEGO DE COMEDOR INTERIOR DE 3 PIEZAS
01tVT00000D3bDFYAZ,INDOOR DINING SET 4 PIECES,JUEGO DE COMEDOR INTERIOR DE 4 PIEZAS
01tVT00000D3bI5YAJ,INDOOR DINING SET 4 PIECES,JUEGO DE COMEDOR INTERIOR DE 4 PIEZAS
01tVT00000D3bbRYAR,INDOOR DINING SET 5 PIECES,JUEGO DE COMEDOR INTERIOR DE 5 PIEZAS
01tVT00000D3bhtYAB,INDOOR DINING SET 5 PIECES,JUEGO DE COMEDOR INTERIOR DE 5 PIEZAS
01tVT00000D3bpxYAB,INDOOR DINING SET 3 PIECES,JUEGO DE COMEDOR INTERIOR DE 3 PIEZAS
01tVT00000D3bwPYAR,INDOOR DINING SET 5 PIECES,JUEGO DE COMEDOR INTERIOR DE 5 PIEZAS
01tVT00000D3c7hYAB,INDOOR DINING SET 5 PIECES,JUEGO DE COMEDOR INTERIOR DE 5 PIEZAS
01tVT00000D3cNpYAJ,INDOOR DINING SET 5 PIECES,JUEGO DE COMEDOR INTERIOR DE 5 PIEZAS
01tVT00000D3cUHYAZ,INDOOR DINING SET 7 PIECES,JUEGO DE COMEDOR INTERIOR DE 7 PIEZAS
01tVT00000D3cXXYAZ,TIER SHELF,ESTANTE DE NIVELES
01tVT00000D3ckPYAR,INDOOR DINING SET 3 PIECES,JUEGO DE COMEDOR INTERIOR DE 3 PIEZAS
01tVT00000D3cu5YAB,INDOOR DINING SET 4 PIECES,JUEGO DE COMEDOR INTERIOR DE 4 PIEZAS
01tVT00000D3d5OYAR,WALL SHELF,ESTANTERÍA DE PARED
01tVT00000D3d8bYAB,INDOOR DINING SET 3 PIECES,JUEGO DE COMEDOR INTERIOR DE 3 PIEZAS
01tVT00000D3dVCYAZ,WALL SHELF,ESTANTERÍA DE PARED
01tVT00000D3eB7YAJ,SIDE TABLE,MESA LATERAL
01tVT00000D3eHZYAZ,SIDE TABLE,MESA LATERAL
01tVT00000D3eKoYAJ,SIDE TABLE,MESA LATERAL
01tVT00000D3ePdYAJ,COFFEE TABLE,MESA DE CENTRO
01tVT00000D3eZJYAZ,SHELF,ESTANTERÍA
01tVT00000D3eizYAB,SHELF,ESTANTERÍA
01tVT00000D3euIYAR,WALL SHELF,ESTANTERÍA DE PARED
01tVT00000D3exVYAR,SIDE TABLE,MESA LATERAL
01tVT00000D3f7BYAR,COFFEE TABLE,MESA DE CENTRO
01tVT00000D3fFFYAZ,TIER SHELF,ESTANTE DE NIVELES
01tVT00000D3fOwYAJ,KITCHEN SHELF,ESTANTERÍA DE COCINA
01tVT00000D3fVNYAZ,TV STAND,CENTRO ENTRETENIMIENTO
01tVT00000D3faDYAR,TV STAND,CENTRO ENTRETENIMIENTO
01tVT00000D3ff3YAB,DISPLAY SHELF,ESTANTE DE EXHIBICIÓN
01tVT00000D3fiIYAR,COFFEE TABLE,MESA DE CENTRO
01tVT00000D3fjtYAB,BOOK SHELF,ESTANTERÍA DE LIBROS
01tVT00000D3fwnYAB,COFFEE TABLE,MESA DE CENTRO
01tVT00000D3g1eYAB,KITCHEN SHELF,ESTANTERÍA DE COCINA
01tVT00000D3g4rYAB,SIDE TABLE,MESA LATERAL
01tVT00000D3gGBYAZ,KITCHEN TROLLEY,CARRO DE COCINA
01tVT00000D3gHlYAJ,WALL SHELF,ESTANTERÍA DE PARED
01tVT00000D3gb7YAB,HANGING SHELF,ESTANTERÍA DE HAINGING
01tVT00000D3ghZYAR,STAND WITH SHELF,PONTE DE PIE CON LA ESTANTERÍA
01tVT00000D3gsrYAB,SLIM CART,CARRO DELGADO
01tVT00000D3gzJYAR,KITCHEN CART,CARRO DE COCINA
01tVT00000D3hIfYAJ,SIDE TABLE,MESA LATERAL
01tVT00000D3hP7YAJ,SIDE TABLE,MESA LATERAL
01tVT00000D3hddYAB,TV STAND,CENTRO ENTRETENIMIENTO
01tVT00000D3i3RYAR,SHELF,ESTANTERÍA
01tVT00000D3jCQYAZ,KITCHEN SHELF,ESTANTERÍA DE COCINA
01tVT00000D3jIsYAJ,SIDE TABLE,MESA LATERAL
01tVT00000D3kejYAB,KITCHEN SHELF,ESTANTERÍA DE COCINA
01tVT00000D3klBYAR,KITCHEN SHELF,ESTANTERÍA DE COCINA
01tVT00000D3kurYAB,KITCHEN SHELF,ESTANTERÍA DE COCINA
01tVT00000D3l1JYAR,KITCHEN SHELF,ESTANTERÍA DE COCINA
01tVT00000D3lJ3YAJ,SIDE TABLE,MESA LATERAL
01tVT00000D3lNtYAJ,SIDE TABLE,MESA LATERAL
01tVT00000D3lVxYAJ,SIDE TABLE,MESA LATERAL
01tVT00000D3lanYAB,TV STAND,CENTRO ENTRETENIMIENTO
01tVT00000D3nRJYAZ,BAR STOOL,BANCO BAR PU
01tVT00000D3nntYAB,BAR STOOL,BANCO BAR TAPIZADO EN TELA
01tVT00000D3o7FYAR,BAR STOOL,BANCO BAR PU
01tVT00000D3qaTYAR,TV STAND,TV STAND MUEBLE CRISTAL SOPORTE
01tVT00000D3qvRYAR,TV STAND,TV STAND MUEBLE CRISTAL SOPORTE
01tVT00000D3rQ5YAJ,TV STAND,TV STAND MUEBLE CRISTAL SOPORTE
01tVT00000D4S1SYAV,SIDE TABLE,MESA LATERAL
01tVT00000D4SvtYAF,INDOOR DINING SET,JUEGO DE COMEDOR INTERIOR
01tVT00000D4T8nYAF,INDOOR DINING SET,JUEGO DE COMEDOR INTERIOR
01tVT00000D4Tn7YAF,INDOOR DINING SET,JUEGO DE COMEDOR INTERIOR
01tVT00000D4UBJYA3,COFFEE TABLE,MESA DE CENTRO
01tVT00000D4UfxYAF,COFFEE TABLE,MESA DE CENTRO
01tVT00000D4UrFYAV,COFFEE TABLE SET 2 PIECES,JUEGO DE MESA DE CENTRO DE 2 PIEZAS
01tVT00000D4V2XYAV,COFFEE TABLE,MESA DE CENTRO
01tVT00000D4VDpYAN,SIDE TABLE,MESA LATERAL
01tVT00000D4VLtYAN,SIDE TABLE,MESA LATERAL
01tVT00000D4VQkYAN,DINING FOLDING CHAIR,SILLA PLEGABLE DE COMEDOR
01tVT00000D4VYoYAN,INDOOR DINING SET 5 PIECES,JUEGO DE COMEDOR INTERIOR DE 5 PIEZAS
01tVT00000D4VlhYAF,SHELF,ESTANTE
01tVT00000D4W1pYAF,SHELF,ESTANTE
01tVT00000D4WOPYA3,DINING FOLDING CHAIR,SILLA PLEGABLE DE COMEDOR
01tVT00000D4WeYYAV,DINING FOLDING CHAIR,SILLA PLEGABLE DE COMEDOR
01tVT00000D4WrRYAV,DINING FOLDING CHAIR,SILLA PLEGABLE DE COMEDOR
01tVT00000D4X7aYAF,DINING FOLDING CHAIR,SILLA PLEGABLE DE COMEDOR
01tVT00000D4XAnYAN,DINING FOLDING CHAIR,SILLA PLEGABLE DE COMEDOR
01tVT00000D4XXNYA3,INDOOR DINING SET 3 PIECES,JUEGO DE COMEDOR INTERIOR DE 3 PIEZAS
01tVT00000D4XifYAF,INDOOR DINING SET 7 PIECES,JUEGO DE COMEDOR INTERIOR DE 7 PIEZAS
01tVT00000D4XvZYAV,INDOOR DINING SET 3 PIECES,JUEGO DE COMEDOR INTERIOR DE 3 PIEZAS
01tVT00000D4ZNuYAN,INDOOR DINING SET 5 PIECES,JUEGO DE COMEDOR INTERIOR DE 5 PIEZAS
01tVT00000D4ZNvYAN,INDOOR DINING SET 5 PIECES,JUEGO DE COMEDOR INTERIOR DE 5 PIEZAS
01tVT00000D4Zu9YAF,INDOOR DINING SET 5 PIECES,JUEGO DE COMEDOR INTERIOR DE 5 PIEZAS
01tVT00000D4a5RYAR,INDOOR DINING SET 7 PIECES,JUEGO DE COMEDOR INTERIOR DE 7 PIEZAS
01tVT00000D4a8fYAB,LEISURE SOFA,SILLON
01tVT00000D4aILYAZ,INDOOR DINING SET 5 PIECES,JUEGO DE COMEDOR INTERIOR DE 5 PIEZAS
01tVT00000D4aYTYAZ,INDOOR DINING SET 3 PIECES,JUEGO DE COMEDOR INTERIOR DE 3 PIEZAS
01tVT00000D4aobYAB,INDOOR DINING SET 5 PIECES,JUEGO DE COMEDOR INTERIOR DE 5 PIEZAS
01tVT00000D4awfYAB,INDOOR DINING SET 5 PIECES,JUEGO DE COMEDOR INTERIOR DE 5 PIEZAS
01tVT00000D4cFKYAZ,INDOOR DINING SET 4 PIECES,JUEGO DE COMEDOR INTERIOR 4 PIEZAS
01tVT00000D4cbtYAB,INDOOR DINING SET 5 PIECES,JUEGO DE COMEDOR INTERIOR DE 5 PIEZAS
01tVT00000D4cwrYAB,INDOOR DINING SET 5 PIECES,JUEGO DE COMEDOR INTERIOR DE 5 PIEZAS
01tVT00000D4dUjYAJ,INDOOR DINING SET 5 PIECES,JUEGO DE COMEDOR INTERIOR DE 5 PIEZAS
01tVT00000D4gijYAB,KD SOFA SET,KD JUEGO DE SOFÁS 1+2+3 PLAZAS
01tVT00000D4ksnYAB,SOFA SET,JUEGO DE SOFÁS 1+2+3 PLAZAS
01tVT00000D4l8vYAB,SOFA SET,JUEGO DE SOFÁS 1+2+3 PLAZAS
01tVT00000D4lTtYAJ,KD SOFA 3 SEATS,SOFÁ DE 2 PLAZAS
01tVT00000D4lnFYAR,SECTIONAL SOFA,SOFÁ DE 3 PLAZAS
01tVT00000D4m1lYAB,SOFA BED,SOFA CAMA
01tVT00000D4mGHYAZ,FLOOR SOFA BED,SOFÁ CAMA DE SUELO
01tVT00000D4mRZYAZ,COMPRESSED SOFA,SOFÁ COMPRIMIDO
01tVT00000D4mhhYAB,COMPRESSED SOFA,SOFÁ COMPRIMIDO
01tVT00000D4mszYAB,COMPRESSED SOFA,SOFÁ COMPRIMIDO
01tVT00000D4n4HYAR,COMPRESSED SOFA,SOFÁ COMPRIMIDO
01tVT00000D5DzeYAF,LEARNING TOWER,TABURETE DE APRENDIZAJE INFANTIL CON 2 PASOS
01tVT00000D5H2NYAV,COMPRESSED SOFA,SOFÁ COMPRIMIDO
01tVT00000D5KbJYAV,COMPRESSED SOFA,SOFÁ COMPRIMIDO
01tVT00000D5Kt3YAF,COMPRESSED SOFA,SOFÁ COMPRIMIDO
01tVT00000D5LVlYAN,INDOOR DINING SET 5 PIECES,JUEGO DE COMEDOR INTERIOR DE 5 PIEZAS
01tVT00000D5Lh3YAF,COMPRESSED SOFA,SOFÁ COMPRIMIDO
01tVT00000D5Lp7YAF,INDOOR DINING SET 5 PIECES,JUEGO DE COMEDOR INTERIOR DE 5 PIEZAS
01tVT00000D5M21YAF,INDOOR DINING SET 5 PIECES,JUEGO DE COMEDOR INTERIOR DE 5 PIEZAS
01tVT00000D5MDJYA3,INDOOR DINING SET 5 PIECES,JUEGO DE COMEDOR INTERIOR DE 5 PIEZAS
01tVT00000D5MMzYAN,INDOOR DINING SET 7 PIECES,JUEGO DE COMEDOR INTERIOR DE 7 PIEZAS
01tVT00000D5MTRYA3,CURVED COMPRESSED SOFA,SOFÁ CURVO COMPRIMIDO PARA ENVÍO
01tVT00000D5MYHYA3,INDOOR DINING SET 7 PIECES,JUEGO DE COMEDOR INTERIOR DE 7 PIEZAS
01tVT00000D5MhxYAF,COMPRESSED SOFA,SOFÁ COMPRIMIDO
01tVT00000D5P1VYAV,INDOOR DINING SET 5 PIECES,JUEGO DE COMEDOR INTERIOR DE 5 PIEZAS
01tVT00000D5PEPYA3,INDOOR DINING SET 5 PIECES,JUEGO DE COMEDOR INTERIOR DE 5 PIEZAS
01tVT00000D5SozYAF,DINNING CHAIR,SILLA COMEDOR
01tVT00000D5T1tYAF,DINNING CHAIR,SILLA COMEDOR
01tVT00000D5TLFYA3,DINNING CHAIR,SILLA COMEDOR
01tVT00000D5TY9YAN,DINNING CHAIR,SILLA COMEDOR
01tVT00000D5Y3BYAV,SPRING COMPRESSED SOFA,SOFÁ COMPRIMIDO
01tVT00000D5YkjYAF,SOFA SET,JUEGO DE SOFÁS 1+2+3 PLAZAS
01tVT00000D5ZqUYAV,SHOE CABINET,ARMARIO DE ZAPATOS
01tVT00000D5ZyXYAV,GARMENT RACK,PERCHERO DE ROPA
01tVT00000D5a9pYAB,GARMENT RACK,PERCHERO DE ROPA
01tVT00000D5aWPYAZ,SHOE CABINET,ARMARIO DE ZAPATOS
01tVT00000D5ajJYAR,SHOE CABINET,ARMARIO DE ZAPATOS
01tVT00000D5b13YAB,MANUAL RECLINING SOFA RR,SOFA RECLINABLE MANUAL  PLAZAS
01tVT00000D5b2fYAB,INDOOR EXTENDABLE DINING TABLE,MESA DE COMEDOR EXTENSIBLE INTERIOR
01tVT00000D5bFZYAZ,INDOOR EXTENDABLE DINING TABLE,MESA DE COMEDOR EXTENSIBLE INTERIOR
01tVT00000D5bXJYAZ,INDOOR DINING SET 7 PIECES,JUEGO DE COMEDOR INTERIOR DE 7 PIEZAS
01tVT00000D5bttYAB,INDOOR DINING SET 5 PIECES,JUEGO DE COMEDOR INTERIOR DE 5 PIEZAS
01tVT00000D5cGTYAZ,INDOOR DINING SET 7 PIECES,JUEGO DE COMEDOR INTERIOR DE 7 PIEZAS
01tVT00000D5cTNYAZ,INDOOR EXTENDABLE DINING TABLE,MESA DE COMEDOR EXTENSIBLE INTERIOR
01tVT00000D5mz0YAB,DECK CHAIR WITH FOOTREST,SILLA DE PLAYA CON REPOSAPIÉS
01tVT00000D5rPCYAZ,BAR STOOL,TABURETE DE BAR
01tVT00000D5rQoYAJ,ARMCHAIR,SILLON
01tVT00000D5rVeYAJ,DINNING CHAIR,SILLA COMEDOR MADERA CON COJIN
01tVT00000D5rXGYAZ,LEISURE ARMCHAIR,SILLON TELA GIRATORIO
01tVT00000D5rYsYAJ,ACCENT CHAIR,SILLON
01tVT00000D5raUYAR,LEISURE SOFA,SILLON
01tVT00000D99J7YAJ,INDOOR DINING TABLE,MESA DE COMEDOR INTERIOR
01tVT00000D99W1YAJ,INDOOR EXTENDABLE DINING TABLE,MESA DE COMEDOR EXTENSIBLE INTERIOR
01tVT00000D9A5VYAV,INDOOR DINING SET 3 PIECES,JUEGO DE COMEDOR INTERIOR DE 3 PIEZAS
01tVT00000D9AYXYA3,INDOOR DINING SET 5 PIECES,JUEGO DE COMEDOR INTERIOR DE 5 PIEZAS
01tVT00000D9BO9YAN,WOODEN CABINET,ARMARIO DE MADERA
01tVT00000D9BnxYAF,WOODEN CABINET,ARMARIO DE MADERA
01tVT00000D9C45YAF,WOODEN CABINET WITH LED LIGHT,ARMARIO DE MADERA CON LUZ LED
01tVT00000D9CLpYAN,TV STAND WITH LED LIGHT,CENTRO ENTRETENIMIENTO
01tVT00000D9CaLYAV,TV STAND WITH LED LIGHT,CENTRO ENTRETENIMIENTO
01tVT00000D9CqTYAV,TV STAND WITH LED LIGHT,CENTRO ENTRETENIMIENTO
01tVT00000D9D8DYAV,TV STAND,CENTRO ENTRETENIMIENTO
01tVT00000D9FQ9YAN,TV STAND,CENTRO ENTRETENIMIENTO
01tVT00000D9FZpYAN,TV STAND,CENTRO ENTRETENIMIENTO
01tVT00000D9GHNYA3,TV STAND WITH FIREPLACE,CENTRO ENTRETENIMIENTO
01tVT00000D9GZ7YAN,COFFEE TABLE,MESA DE CENTRO
01tVT00000D9Gm1YAF,COFFEE TABLE WITH LED LIGHT,MESA DE CENTRO CON LUZ LED
01tVT00000D9H0XYAV,SHOE CABINET,ARMARIO DE ZAPATOS
01tVT00000D9HADYA3,SHOE CABINET,ARMARIO DE ZAPATOS
01tVT00000D9I4fYAF,COMPRESSED SOFA,SOFÁ COMPRIMIDO
01tVT00000D9LFRYA3,MULTIFUNCTIONAL FOLDABLE COMPUTER DESK,ESCRITORIO DE COMPUTADORA PLEGABLE MULTIFUNCIONAL
01tVT00000D9LaPYAV,EXTENDABLE COMPUTER DESK,ESCRITORIO DE COMPUTADORA EXTENSIBLE
01tVT00000D9Ls9YAF,SHELF,ESTANTE
01tVT00000D9M53YAF,SHELF WITH LED LIGHT,ESTANTE CON LUZ LED
01tVT00000D9MQ1YAN,KITCHEN SHELF,ESTANTE DE COCINA
01tVT00000D9NnVYAV,CHARCOAL GRILL,ASADOR CARBON RECTANGULAR DOBLE CON MESA LATERAL Y RUEDAS
01tVT00000D9NvaYAF,CHARCOAL GRILL,ASADOR CARBON RECTANGULAR DOBLE CON MESA LATERAL Y RUEDAS
01tVT00000D9Oq1YAF,COFFEE TABLE,MESA DE CENTRO
01tVT00000D9SaHYAV,COMPRESSED SOFA,SOFÁ COMPRIMIDO
01tVT00000D9SteYAF,FOAM COMPRESSED SOFA,SOFÁ COMPRIMIDO
01tVT00000DA2HCYA1,4-Piece Steel Patio Set with Cushions,SALA DE PATIO ACERO 4 PIEZAS CON COJINES
01tVT00000DA6cYYAT,COMPRESSED SOFA,SOFÁ COMPRIMIDO
01tVT00000DA9IfYAL,COMPRESSED SOFA,SOFÁ COMPRIMIDO
01tVT00000DA9VZYA1,COMPRESSED SOFA,SOFÁ COMPRIMIDO
01tVT00000DA9grYAD,COMPRESSED SOFA,SOFÁ COMPRIMIDO
01tVT00000DAGLlYAP,COMPUTER DESK,ESCRITORIO PARA COMPUTADORA
01tVT00000DAGX3YAP,COMPUTER DESK,ESCRITORIO PARA COMPUTADORA
01tVT00000DAGnBYAX,COMPUTER DESK,ESCRITORIO PARA COMPUTADORA
01tVT00000DAH3JYAX,MULTIFUNCTIONAL FOLDABLE COMPUTER DESK,ESCRITORIO DE COMPUTADORA PLEGABLE MULTIFUNCIONAL
01tVT00000DAHJRYA5,MULTIFUNCTIONAL FOLDABLE COMPUTER DESK,ESCRITORIO DE COMPUTADORA PLEGABLE MULTIFUNCIONAL
01tVT00000DAHePYAX,COMPUTER DESK,ESCRITORIO PARA COMPUTADORA
01tVT00000DD2aoYAD,INDOOR DINING SET 3 PIECES,JUEGO DE COMEDOR INTERIOR DE 3 PIEZAS
01tVT00000DDAeoYAH,FAN,"VENTILADOR SOBREMESA AJUSTABLE 4"" 15W"
01tVT00000DDEqTYAX,FOLDING GAZEBO,TOLDO PLEGABLE
01tVT00000DDQbVYAX,6 FT FOLDING HDPE TABLE,MESA RESINA PLEGABLE 180 CM
01tVT00000DDquAYAT,COMPRESSED SOFA,SOFÁ COMPRIMIDO
01tVT00000DDr73YAD,"DESK FAN 5"" WITH USB CONNECTION","VENTILADOR DE ESCRITORIO DE 5"" CON CONEXIÓN USB"
01tVT00000DDvSPYA1,COMPRESSED SOFA,SOFÁ COMPRIMIDO
01tVT00000DDvsDYAT,COMPRESSED SOFA,SOFÁ COMPRIMIDO
01tVT00000DDwDBYA1,COMPRESSED SOFA,SOFÁ COMPRIMIDO
01tVT00000DDwMrYAL,COMPRESSED SOFA,SOFÁ COMPRIMIDO
01tVT00000DDzB3YAL,DEHUMIDIFIER CAPACITY 10L,CAPACIDAD DEL DESHUMIDIFICADOR 10L
01tVT00000DDzMLYA1,DEHUMIDIFIER CAPACITY 10L,CAPACIDAD DEL DESHUMIDIFICADOR 10L
01tVT00000DE4lpYAD,DINING FOLDING CHAIR,SILLA PLEGABLE DE COMEDOR
01tVT00000DE4x7YAD,DINING FOLDING CHAIR,SILLA PLEGABLE DE COMEDOR
01tVT00000DE5GTYA1,DINING FOLDING CHAIR,SILLA PLEGABLE DE COMEDOR
01tVT00000DEl4PYAT,FOLDABLE PINE WOOD TABLE,MESA PLEGABLE DE MADERA DE PINO
01tVT00000DEsibYAD,DINING SET 7 PCS,SET COMEDOR + 6 SILLAS
01tVT00000DEtBdYAL,FOLDABLE PINE WOOD TABLE,MESA PLEGABLE DE MADERA DE PINO
01tVT00000DEtQ9YAL,DINING SET 7 PCS,SET COMEDOR + 6 SILLAS
01tVT00000DEtjVYAT,DINING SET 7 PCS,SET COMEDOR + 6 SILLAS
01tVT00000DFlGrYAL,BEACH UMBRELLA AND TWO-CHAIR SET,JUEGO DE SOMBRILLA DE PLAYA Y DOS SILLAS
01tVT00000DFldRYAT,BEACH UMBRELLA AND TWO-CHAIR SET,JUEGO DE SOMBRILLA DE PLAYA Y DOS SILLAS
01tVT00000DFmJNYA1,BEACH UMBRELLA AND TWO-CHAIR SET,JUEGO DE SOMBRILLA DE PLAYA Y DOS SILLAS
01tVT00000DGRMXYA5,BEACH CHAIR,SILLA PLAYA
01tVT00000DPIn3YAH,DINING SET 7 PCS,SET COMEDOR + 6 SILLAS
01tVT00000DPOndYAH,FOLDABLE CAMPING CHAIR,SILLA PLEGABLE PARA CAMPING
01tVT00000DPOu5YAH,360° SWIVEL CAMPING CHAIR,SILLA GIRATORIA DE CAMPING DE 360°
01tVT00000DPPADYA5,FOLDABLE ROCKING CAMPING CHAIR,SILLA MECEDORA PLEGABLE PARA CAMPING
01tVT00000DPPYPYA5,RECHARGEABLE FOLDABLE MAGNETIC LIGHT,LUZ MAGNÉTICA PLEGABLE RECARGABLE
01tVT00000DPPq9YAH,TELESCOPIC CAMPING LIGHT,LÁMPARA DE CAMPING TELESCÓPICA
01tVT00000DPQKnYAP,RECHARGEABLE FOLDABLE MAGNETIC LIGHT,LUZ MAGNÉTICA PLEGABLE RECARGABLE
01tVT00000DPRC1YAP,TELESCOPIC CAMPING LIGHT,LÁMPARA DE CAMPING TELESCÓPICA
01tVT00000DPRQXYA5,PLASTIC SUNBED,TUMBONA DE PLÁSTICO
01tVT00000DQ5ivYAD,PORTABLE STORAGE BOX 12L,CAJA DE ALMACENAMIENTO PORTÁTIL 12L
01tVT00000DQ6BxYAL,PORTABLE STORAGE BOX 6L,CAJA DE ALMACENAMIENTO PORTÁTIL 6L
01tVT00000DQ7UbYAL,STORAGE BOX WITH WHEELS 14L,CAJA DE ALMACENAMIENTO CON RUEDAS 14L
01tVT00000DQ7cfYAD,STORAGE BOX WITH WHEELS 20L,CAJA DE ALMACENAMIENTO CON RUEDAS 20L
01tVT00000DQ7kjYAD,STORAGE BOX WITH WHEELS 28L,CAJA DE ALMACENAMIENTO CON RUEDAS 28L
01tVT00000DQ7rBYAT,STORAGE BOX WITH WHEELS 48L,CAJA DE ALMACENAMIENTO CON RUEDAS 48L
01tVT00000DQ82TYAT,STORAGE BOX WITH WHEELS 65L,CAJA DE ALMACENAMIENTO CON RUEDAS 65L
01tVT00000DQ9BRYA1,STORAGE BOX WITH WHEELS 85L,CAJA DE ALMACENAMIENTO CON RUEDAS 85L
01tVT00000DQ9L7YAL,STORAGE BOX WITH WHEELS 13L,CAJA DE ALMACENAMIENTO CON RUEDAS 13L
01tVT00000DQ9PxYAL,STORAGE BOX WITH WHEELS 22L,CAJA DE ALMACENAMIENTO CON RUEDAS 22L
01tVT00000DQ9eTYAT,STORAGE BOX WITH WHEELS 28L,CAJA DE ALMACENAMIENTO CON RUEDAS 28L
01tVT00000DQ9o9YAD,STORAGE BOX WITH WHEELS 46L,CAJA DE ALMACENAMIENTO CON RUEDAS 46L
01tVT00000DQ9ubYAD,STORAGE BOX WITH WHEELS 52L,CAJA DE ALMACENAMIENTO CON RUEDAS 52L
01tVT00000DQBI5YAP,STORAGE BOX WITH WHEELS 70L,CAJA DE ALMACENAMIENTO CON RUEDAS 70L
01tVT00000DQBOXYA5,STORAGE BOX WITH WHEELS 90L,CAJA DE ALMACENAMIENTO CON RUEDAS 90L
01tVT00000DQCinYAH,STORAGE BOX WITH WHEELS 13L,CAJA DE ALMACENAMIENTO CON RUEDAS 13L
01tVT00000DQCvhYAH,STORAGE BOX WITH WHEELS 22L,CAJA DE ALMACENAMIENTO CON RUEDAS 22L
01tVT00000DQD5NYAX,STORAGE BOX WITH WHEELS 28L,CAJA DE ALMACENAMIENTO CON RUEDAS 28L
01tVT00000DQDDRYA5,STORAGE BOX WITH WHEELS 46L,CAJA DE ALMACENAMIENTO CON RUEDAS 46L
01tVT00000DQDN7YAP,STORAGE BOX WITH WHEELS 70L,CAJA DE ALMACENAMIENTO CON RUEDAS 70L
01tVT00000DQDTZYA5,STORAGE BOX WITH WHEELS 90L,CAJA DE ALMACENAMIENTO CON RUEDAS 90L
01tVT00000DQIBVYA5,RECHARGEABLE FOLDABLE MAGNETIC LIGHT,LUZ MAGNÉTICA PLEGABLE RECARGABLE
01tVT00000DQfrGYAT,FIREPLACE HEATER 750W/1500W,CALEFACTOR ELECTRICO CHIMENEA 750W/1500W
01tVT00000DRA2DYAX,FOLDABLE CAMPING CHAIR,SILLA PLEGABLE PARA CAMPING
01tVT00000DRAJyYAP,FOLDABLE CAMPING CHAIR,SILLA PLEGABLE PARA CAMPING
01tVT00000DRALZYA5,FOLDABLE CAMPING CHAIR,SILLA PLEGABLE PARA CAMPING
01tVT00000DRAgYYAX,360° SWIVEL CAMPING CHAIR,SILLA GIRATORIA DE CAMPING DE 360°
01tVT00000DRAqDYAX,FOLDABLE CAMPING CHAIR,SILLA PLEGABLE PARA CAMPING
01tVT00000DRB1VYAX,FOLDABLE CAMPING CHAIR,SILLA PLEGABLE PARA CAMPING
01tVT00000DRBEPYA5,FOLDABLE CAMPING CHAIR,SILLA PLEGABLE PARA CAMPING
01tVT00000DRBkfYAH,360° SWIVEL CAMPING CHAIR,SILLA DE CAMPING GIRATORIA DE 360°
01tVT00000DRBuLYAX,FOLDABLE CAMPING CHAIR,SILLA PLEGABLE PARA CAMPING
01tVT00000DRCC5YAP,FOLDABLE CAMPING CHAIR,SILLA PLEGABLE PARA CAMPING
01tVT00000DRDRVYA5,PET ROTATING DISK,DISCO GIRATORIO PET
01tVT00000DRDhdYAH,PET STORAGE BOX 6L,CAJA DE ALMACENAMIENTO PARA MASCOTAS 6L
01tVT00000DRDxlYAH,PET STORAGE BOX 12L,CAJA DE ALMACENAMIENTO PARA MASCOTAS 12L
01tVT00000DREH7YAP,PET COMBINATION STORAGE BOX,CAJA DE ALMACENAMIENTO COMBINADA PARA MASCOTAS
01tVT00000DREgwYAH,LAUNDRY BUCKET,CUBO DE LA COLADA
01tVT00000DREk9YAH,PET STORAGE BOX,CAJA DE ALMACENAMIENTO PARA MASCOTAS
01tVT00000DRF0HYAX,PET STORAGE BOX,CAJA DE ALMACENAMIENTO PARA MASCOTAS
01tVT00000DRFDBYA5,STORAGE BOX,CAJA DE ALMACENAMIENTO
01tVT00000DRFY9YAP,STORAGE BOX,CAJA DE ALMACENAMIENTO
01tVT00000DRFjRYAX,STORAGE BOX,CAJA DE ALMACENAMIENTO
01tVT00000DRFt7YAH,STORAGE BOX,CAJA DE ALMACENAMIENTO
01tVT00000DRIfhYAH,20PCS CUTLERY SET,JUEGO DE CUBIERTOS DE 20 PIEZAS
01tVT00000DRJOrYAP,10PCS CUTLERY SET,JUEGO DE CUBIERTOS DE 10 PIEZAS
01tVT00000DRJofYAH,14PCS CUTLERY SET,JUEGO DE CUBIERTOS DE 14 PIEZAS
01tVT00000DRJyLYAX,23PCS CUTLERY SET,JUEGO DE CUBIERTOS DE 23 PIEZAS
01tVT00000DRK81YAH,28PCS CUTLERY SET,JUEGO DE CUBIERTOS DE 28 PIEZAS
01tVT00000DRKBFYA5,20PCS CUTLERY SET,JUEGO DE CUBIERTOS DE 20 PIEZAS
01tVT00000DRKWDYA5,FOLDABLE CAMPING CHAIR,SILLA PLEGABLE PARA CAMPING
01tVT00000DRKkjYAH,FOLDABLE CAMPING CHAIR,SILLA PLEGABLE PARA CAMPING
01tVT00000DRLIbYAP,FOLDABLE CAMPING CHAIR,SILLA PLEGABLE PARA CAMPING
01tVT00000DRLVVYA5,FOLDABLE CAMPING CHAIR,SILLA PLEGABLE PARA CAMPING
01tVT00000DRLiPYAX,FOLDABLE CAMPING CHAIR,SILLA PLEGABLE PARA CAMPING
01tVT00000DRLs5YAH,FOLDABLE CAMPING CHAIR,SILLA PLEGABLE PARA CAMPING
01tVT00000DRML7YAP,TELESCOPIC CAMPING LIGHT,LÁMPARA DE CAMPING TELESCÓPICA
01tVT00000DROWbYAP,RECHARGEABLE LED CAMPING LIGHT,LUZ LED RECARGABLE PARA CAMPING
01tVT00000DROunYAH,RECHARGEABLE LED CAMPING LIGHT,LUZ LED RECARGABLE PARA CAMPING
01tVT00000DRPCXYA5,RECHARGEABLE LED CAMPING LIGHT,LUZ LED RECARGABLE PARA CAMPING
01tVT00000DRQ6zYAH,RECHARGEABLE CAMPING LIGHT,LUZ RECARGABLE PARA CAMPING
01tVT00000DRQQLYA5,RECHARGEABLE CAMPING LIGHT,LUZ RECARGABLE PARA CAMPING
01tVT00000DRQlJYAX,RECHARGEABLE CAMPING LIGHT,LUZ RECARGABLE PARA CAMPING
01tVT00000DRR9VYAX,RECHARGEABLE CAMPING LIGHT,LUZ RECARGABLE PARA CAMPING
01tVT00000DRRpSYAX,RECHARGEABLE CAMPING LIGHT,LUZ RECARGABLE PARA CAMPING
01tVT00000DRSDdYAP,RECHARGEABLE CAMPING LIGHT,LUZ RECARGABLE PARA CAMPING
01tVT00000DRSIVYA5,RECHARGEABLE CAMPING LIGHT,LUZ RECARGABLE PARA CAMPING
01tVT00000DRT3FYAX,TELESCOPIC CAMPING LAMP,LÁMPARA DE CAMPING TELESCÓPICA
01tVT00000DRUaPYAX,RECHARGEABLE CAMPING LIGHT,LUZ RECARGABLE PARA CAMPING
01tVT00000DRVTGYA5,4-Piece Steel Patio Set with Cushions,SALA DE PATIO ACERO 4 PIEZAS CON COJINES
01tVT00000DRVg9YAH,2-IN-1 BLUETOOTH CAMPING LIGHT AND SPEAKER,LUZ DE CAMPING Y ALTAVOZ BLUETOOTH 2 EN 1
01tVT00000DRW9BYAX,2-IN-1 BLUETOOTH CAMPING LIGHT AND SPEAKER,LUZ DE CAMPING Y ALTAVOZ BLUETOOTH 2 EN 1
01tVT00000DRWNhYAP,2-IN-1 BLUETOOTH CAMPING LIGHT AND SPEAKER,LUZ DE CAMPING Y ALTAVOZ BLUETOOTH 2 EN 1
01tVT00000DRWkHYAX,TELESCOPIC CAMPING LAMP,LÁMPARA DE CAMPING TELESCÓPICA
01tVT00000DRX5FYAX,TELESCOPIC CAMPING LAMP,LÁMPARA DE CAMPING TELESCÓPICA
01tVT00000DRXbVYAX,TELESCOPIC CAMPING LAMP,LÁMPARA DE CAMPING TELESCÓPICA
01tVT00000DRnjWYAT,DINING SET 7 PCS,SET COMEDOR + 6 SILLAS
01tVT00000DS7DZYA1,HARD COOLER WITH WHEELS 3PCS (36L + 5L+ 5.68L),SET DE NEVERA CON RUEDAS 3PCS (36L + 5L+ 5.68L)
01tVT00000DS7dNYAT,HARD COOLER SET 3 PIECES (34L + 5L + 1.4L),"JUEGO DE 3 HIELERAS RÍGIDAS (34 L + 5 L + 1,4 L)"
01tVT00000DUCAjYAP,RECHARGEABLE CAMPING LIGHT,LUZ RECARGABLE PARA CAMPING
01tVT00000DUV26YAH,DINING SET 7 PCS,SET COMEDOR + 6 SILLAS
01tVT00000DV5f3YAD,50L PLASTIC COOLER BOX,50L NEVERA DE EPS PLÁSTICO
01tVT00000DV5n7YAD,50L PLASTIC COOLER BOX,50L NEVERA DE PU PLÁSTICO
01tVT00000DV6WHYA1,"DESK FAN 4"" WITH USB CONNECTION","VENTILADOR DE ESCRITORIO DE 4"" CON CONEXIÓN USB"
01tVT00000DV7FRYA1,50L PLASTIC COOLER BOX,50L NEVERA DE MIX PLÁSTICO
01tVT00000DVqCXYA1,50L PEDAL BIN,COMPARTIMENTO DE PEDALES DE 50L
01tVT00000DVqVtYAL,5L PEDAL BIN,CAJA DE PEDALES DE 5L
01tVT00000DVqinYAD,12L PEDAL BIN,COMPARTIMENTO DE PEDALES DE 12L
01tVT00000DVqvhYAD,20L PEDAL BIN,COMPARTIMENTO DE PEDALES DE 20L
01tVT00000DVrADYA1,50L PEDAL BIN,COMPARTIMENTO DE PEDALES DE 50L
01tVT00000DVrF3YAL,30L PEDAL BIN,CAJA DE PEDALES DE 30L
01tVT00000DVrgTYAT,9L SENSOR BIN,COMPARTIMENTO DE SENSORES DE 9L
01tVT00000DVrtNYAT,15L SENSOR BIN,COMPARTIMENTO DE SENSORES DE 15L
01tVT00000DVsB8YAL,60L  RECYCLING PEDAL DUSTIN,PEDAL DE RECICLAJE 60L DUSTIN
01tVT00000DVsMPYA1,9L SENSOR BIN,COMPARTIMENTO DE SENSORES DE 9L
01tVT00000DVsnqYAD,5L PEDAL BIN,CAJA DE PEDALES DE 5L
01tVT00000DVsxVYAT,35L SENSOR BIN,COMPARTIMENTO DE SENSORES DE 35L
01tVT00000DVt8nYAD,5L PEDAL BIN,CAJA DE PEDALES DE 5L
01tVT00000DVtFFYA1,12L PEDAL BIN,COMPARTIMENTO DE PEDALES DE 12L
01tVT00000DVweXYAT,12L PEDAL BIN,COMPARTIMENTO DE PEDALES DE 12L
01tVT00000DVwppYAD,7L COMPOST BIN,COMPOSTERA DE 7L
01tVT00000DVwwHYAT,9L COMPOST BIN,COMPOSTERA DE 9L
01tVT00000DVyjZYAT,FABRIC FOLDABLE STORAGE BOX,CAJA DE ALMACENAMIENTO PLEGABLE DE TELA
01tVT00000DVywUYAT,FABRIC FOLDABLE STORAGE BOX,CAJA DE ALMACENAMIENTO PLEGABLE DE TELA
01tVT00000DVz7lYAD,FABRIC FOLDABLE STORAGE BOX,CAJA DE ALMACENAMIENTO PLEGABLE DE TELA
01tVT00000DVzFpYAL,FABRIC FOLDABLE STORAGE BOX,CAJA DE ALMACENAMIENTO PLEGABLE DE TELA
01tVT00000DVzXZYA1,FABRIC STORAGE CUBE,CUBO DE ALMACENAMIENTO DE TELA
01tVT00000DVznhYAD,FABRIC STORAGE BOX WITH LID,CAJA DE ALMACENAMIENTO DE TELA CON TAPA
01tVT00000DW073YAD,FABRIC STORAGE BOX WITH LID/METAL HANDLE,CAJA DE ALMACENAMIENTO DE TELA CON TAPA/ASA METÁLICA
01tVT00000DW0F7YAL,FABRIC STORAGE BOX WITH LID/METAL HANDLE,CAJA DE ALMACENAMIENTO DE TELA CON TAPA/ASA METÁLICA
01tVT00000DW0YTYA1,FABRIC 17GRID UNDERWEAR STOAGE BOX,CAJA DE CALZONCILLOS DE TELA 17 REJILLAS
01tVT00000DW0jlYAD,FABRIC 13GRID UNDERWEAR STOAGE BOX,CAJA DE ROPA INTERIOR DE TELA 13 REJILLA
01tVT00000DW0rpYAD,FABRIC 7 GRID STORAGE BOX,CAJA DE ALMACENAMIENTO DE RED FABRIC 7
01tVT00000DW0ztYAD,FABRIC STORAGE CUBE,CUBO DE ALMACENAMIENTO DE TELA
01tVT00000DW19ZYAT,FABRIC FOLDABLE STORAGE BAG,BOLSA DE ALMACENAMIENTO PLEGABLE DE TELA
01tVT00000DW1HdYAL,FABRIC FOLDABLE STORAGE BAG,BOLSA DE ALMACENAMIENTO PLEGABLE DE TELA
01tVT00000DW2FJYA1,LAUNDRY HAMPER WITH LID,CESTA DE LA ROPA SUCIA CON TAPA
01tVT00000DW2aHYAT,LAUNDRY HAMPER WITH LID,CESTA DE LA ROPA SUCIA CON TAPA
01tVT00000DW2f7YAD,LAUNDRY HAMPER,CESTA DE LA COLADA
01tVT00000DW2s1YAD,LAUNDRY HAMPER,CESTA DE LA COLADA
01tVT00000DW305YAD,LAUNDRY HAMPER,CESTA DE LA COLADA
01tVT00000DW3BNYA1,LAUNDRY HAMPER,CESTA DE LA COLADA
01tVT00000DWoBtYAL,KITCHEN STORAGE CART,CARRO DE ALMACENAMIENTO DE COCINA
01tVT00000DWoJzYAL,KITCHEN STORAGE CART,CARRO DE ALMACENAMIENTO DE COCINA
01tVT00000DWp9aYAD,POTS & PANS STORAGE RACK,ESTANTE PARA ALMACENAMIENTO DE OLLAS Y SARTENES
01tVT00000DWpO5YAL,SPICE STORAGE RACK,ESTANTE PARA ALMACENAR ESPECIAS
01tVT00000DWpazYAD,SPICE STORAGE RACK,ESTANTE PARA ALMACENAR ESPECIAS
01tVT00000DWpfpYAD,SPICE STORAGE RACK,ESTANTE PARA ALMACENAR ESPECIAS
01tVT00000DWpmHYAT,KITCHEN STORAGE CART,CARRO DE ALMACENAMIENTO DE COCINA
01tVT00000DWqf7YAD,COAT RACK WITH HOOKS,PERCHERO CON GANCHOS
01tVT00000DWqnCYAT,BATHROOM TOWEL RACK,TOALLERO DE BAÑO
01tVT00000DWqonYAD,COAT RACK,PERCHERO
01tVT00000DWqyTYAT,COAT RACK WITH 2 LAYERS,PERCHERO CON 2 CAPAS
01tVT00000DWr3JYAT,COAT RACK WITH 5 LAYERS,PERCHERO CON 5 CAPAS
01tVT00000DWrCzYAL,BATHROOM RACK,PERCHERO DE BAÑO
01tVT00000DWrL3YAL,BATHROOM RACK,PERCHERO DE BAÑO
01tVT00000DWrPtYAL,BATHROOM WALL SHOE RACK,ZAPATERO DE PARED DEL BAÑO
01tVT00000DWrWLYA1,GARMENT CLOTHES CABINET,ARMARIO DE ROPA PARA PRENDAS
01tVT00000DWrhdYAD,GARMENT CLOTHES CABINET,ARMARIO DE ROPA PARA PRENDAS
01tVT00000DWrsvYAD,KITCHEN STORAGE RACK,ESTANTE DE ALMACENAMIENTO DE COCINA
01tVT00000DWs4DYAT,KITCHEN STORAGE RACK,ESTANTE DE ALMACENAMIENTO DE COCINA
01tVT00000DWsDuYAL,BATHROOM RACK,PERCHERO DE BAÑO
01tVT00000DWsdhYAD,POTS & PANS STORAGE RACK,ESTANTE PARA ALMACENAMIENTO DE OLLAS Y SARTENES
01tVT00000DWsgvYAD,KITCHEN STORAGE RACK,ESTANTE DE ALMACENAMIENTO DE COCINA
01tVT00000DWsvRYAT,BATHROOM RACK,PERCHERO DE BAÑO
01tVT00000DWt57YAD,BATHROOM RACK,PERCHERO DE BAÑO
01tVT00000DWt59YAD,STORAGE SHELVES,ESTANTERÍAS DE ALMACENAMIENTO
01tVT00000DWt8LYAT,BATHROOM TISSUE RACK,PERCHERO DE PAÑUELOS DE BAÑO
01tVT00000DWtOTYA1,LAUNDRY STORAGE CART,CARRO DE ALMACENAMIENTO DE LA LAVANDERÍA
01tVT00000DWtWXYA1,LAUNDRY STORAGE CART,CARRO DE ALMACENAMIENTO DE LA LAVANDERÍA
01tVT00000DWtebYAD,LAUNDRY STORAGE CART,CARRO DE ALMACENAMIENTO DE LA LAVANDERÍA
01tVT00000DWu2nYAD,WATER BOTTLE  RACK,PERCHERO PARA BOTELLAS DE AGUA
01tVT00000DWu7dYAD,STATIONERY CART,CARRO DE PAPELERÍA
01tVT00000DWuCTYA1,STATIONERY CART,CARRO DE PAPELERÍA
01tVT00000DWuPNYA1,STATIONERY RACK,ESTANTE DE PAPELERÍA
01tVT00000DWuZ3YAL,STATIONERY RACK,ESTANTE DE PAPELERÍA
01tVT00000DWufVYAT,STORAGE SHELVES,ESTANTERÍAS DE ALMACENAMIENTO
01tVT00000DWvOfYAL,STORAGE SHELVES,ESTANTERÍAS DE ALMACENAMIENTO
01tVT00000DWvy9YAD,STORAGE SHELVES,ESTANTERÍAS DE ALMACENAMIENTO
01tVT00000DWwMLYA1,SHOES CABINET 1 LAYER,ARMARIO DE ZAPATOS 1 CAPA
01tVT00000DXVjuYAH,DISH DRAINER,ESCURRIDOR DE PLATOS
01tVT00000DXWhaYAH,DISH DRAINER,ESCURRIDOR DE PLATOS
01tVT00000DXX0vYAH,SHOES CABINET 2 LAYER,ARMARIO DE ZAPATOS DE 2 CAPAS
01tVT00000DXXLtYAP,PLASTIC FOLDABLE CABINET,ARMARIO PLEGABLE DE PLÁSTICO
01tVT00000DXXYnYAP,FOLDABLE SHELF,ESTANTERÍA PLEGABLE
01tVT00000DXXiUYAX,UNDER SINK PULL OUT RACK,ESTANTE EXTRAÍBLE BAJO EL FREGADERO
01tVT00000DXXovYAH,STORAGE RACK 5 LAYERS,RACK DE ALMACENAMIENTO DE 5 CAPAS
01tVT00000DXY8HYAX,SPICE ORGANIZER,ORGANIZADOR DE SPICE
01tVT00000DXYD7YAP,KITCHEN STORAGE CART,CARRO DE ALMACENAMIENTO DE COCINA
01tVT00000DXYJZYA5,KITCHEN STORAGE CART,CARRO DE ALMACENAMIENTO DE COCINA
01tVT00000DXYQ1YAP,DISH DRAINER,ESCURRIDOR DE PLATOS
01tVT00000DXYTGYA5,HANGER METAL,METAL DE HANGAR
01tVT00000DXYTHYA5,HANGER METAL,METAL DE HANGAR
01tVT00000DXYZhYAP,HANGER VELVET SET 20 PIECES,JUEGO DE TERCIOPELO DE PERCHA DE 20 PIEZAS
01tVT00000DXYufYAH,DRYING RACK WALL-MOUNTED,ESCURRIDERO MONTADO EN LA PARED
01tVT00000DXYxuYAH,UNDER SINK PULL OUT RACK,ESTANTE EXTRAÍBLE BAJO EL FREGADERO
01tVT00000DXYzVYAX,DRYING RACK WALL-MOUNTED,ESCURRIDERO MONTADO EN LA PARED
01tVT00000DXZ4LYAX,HANGER METAL,METAL DE HANGAR
01tVT00000DXZAnYAP,HANGER  METAL SET 10 PIECES,JUEGO DE METAL PARA PERCHA: 10 PIEZAS
01tVT00000DXZSXYA5,HANGER WOODEN SET 10 PIECES,JUEGO DE MADERA CON PERCHA: 10 PIEZAS
01tVT00000DXZXNYA5,HANGER PLASTIC SET 10 PIECES,JUEGO DE PLÁSTICO PARA PERCHA DE 10 PIEZAS
01tVT00000DXZcDYAX,HANGER PLASTIC SET 10 PIECES,JUEGO DE PLÁSTICO PARA PERCHA DE 10 PIEZAS
01tVT00000DXZh3YAH,HANGER METAL,METAL DE HANGAR
01tVT00000DXZp7YAH,DISH DRAINER,ESCURRIDOR DE PLATOS
01tVT00000DXZtxYAH,DISH DRAINER,ESCURRIDOR DE PLATOS
01tVT00000DXa0PYAT,ABOVE SINK DISH DRAINER,DRENADOR DE PLATOS DEL FREGADERO SUPERIOR
01tVT00000DXa8TYAT,UNDER SINK PULL OUT RACK,ESTANTE EXTRAÍBLE BAJO EL FREGADERO
01tVT00000DXaDJYA1,UNDER SINK RACK,RACK BAJO EL FREGADERO
01tVT00000DXaObYAL,STORAGE RACK,ESTANTE DE ALMACENAMIENTO
01tVT00000DXabVYAT,STORAGE RACK,ESTANTE DE ALMACENAMIENTO
01tVT00000DXb1JYAT,SINK CADDY,CAJA DE FREGADERO
01tVT00000DXb7lYAD,WOODEN EXPANDABLE UTENSIL ORGANIZER,ORGANIZADOR DE UTENSILIOS DE MADERA EXTENSIBLE
01tVT00000DXbFpYAL,WOODEN EXPANDABLE UTENSIL ORGANIZER,ORGANIZADOR DE UTENSILIOS DE MADERA EXTENSIBLE
01tVT00000DXbJ3YAL,WOODEN EXPANDABLE UTENSIL ORGANIZER,ORGANIZADOR DE UTENSILIOS DE MADERA EXTENSIBLE
01tVT00000DXbNtYAL,WOODEN UTENSIL HOLDER,PORTAUTENSILIOS DE MADERA
01tVT00000DXbR7YAL,WOODEN  DISHES HOLDER,PORTAPLATOS DE MADERA
01tVT00000DXbULYA1,WOODEN  SPICE ORGANIZER,ORGANIZADOR DE ESPECIAS DE MADERA
01tVT00000DXbZBYA1,WOODEN  SPICE ORGANIZER,ORGANIZADOR DE ESPECIAS DE MADERA
01tVT00000DXbe1YAD,WOODEN  SPICE ORGANIZER,ORGANIZADOR DE ESPECIAS DE MADERA
01tVT00000DXbm5YAD,WOODEN 3 TIER CORNER SHELF,ESTANTE DE ESQUINA DE MADERA DE 3 NIVELES
01tVT00000DXbqvYAD,WOODEN  DESK ORGANIZER,ORGANIZADOR DE ESCRITORIO DE MADERA
01tVT00000DXbu9YAD,WOODEN STACKABLE FILE ORGANIZER,"""ORGANIZADOR DE ARCHIVOS APILABLES DE MADERA """
01tVT00000DXbyzYAD,WOODEN 4-TIER DESK ORGANIZER,"""ESCRITORIO DE MADERA DE 4 NIVELES ORGANIZADOR"""
01tVT00000DXc2DYAT,WOODEN STATIONERY ORGANISER LETTER RACK,ESTANTE ORGANIZADOR DE PAPELERÍA DE MADERA
01tVT00000DXc73YAD,WOODEN OVER THE TOILET STORAGE,"""MADERA SOBRE EL VÁTER ALMACENAMIENTO"""
01tVT00000DXcBtYAL,WOODEN LAUNDRY STATION,ESTACIÓN DE LAVANDERÍA DE MADERA
01tVT00000DXcYTYA1,KITCHEN WIRE ADJUSTABLE DISK RACK,RACK DE DISCOS AJUSTABLE PARA ALAMBRE DE COCINA
01tVT00000DXcgYYAT,KITCHEN WIRE MICROWAVE RACK,REJILLA DE MICROONDAS DE ALAMBRE DE COCINA
01tVT00000DXclNYAT,KITCHEN WIRE MICROWAVE RACK,REJILLA DE MICROONDAS DE ALAMBRE DE COCINA
01tVT00000DXcyHYAT,KITCHEN WIRE STORAGE RACK 5 TIERS,ESTANTE DE ALMACENAMIENTO DE ALAMBRES DE COCINA 5 NIVELES
01tVT00000DXd37YAD,KITCHEN WIRE CORNER STORAGE RACK 4 TIERS,RACK DE ALMACENAMIENTO EN ESQUINA DE ALAMBRE DE COCINA 4 NIVELES
01tVT00000DXdJFYA1,KITCHEN WIRE STORAGE RACK  4 TIERS,ESTANTE DE ALMACENAMIENTO DE ALAMBRE DE COCINA 4 NIVELES
01tVT00000DXdSvYAL,KITCHEN WIRE MICROWAVE RACK,REJILLA DE MICROONDAS DE ALAMBRE DE COCINA
01tVT00000DXdfpYAD,KITCHEN WIRE STORAGE CART,CARRO DE ALMACENAMIENTO DE ALAMBRE DE COCINA
01tVT00000DXdmHYAT,KITCHEN WIRE MICROWAVE RACK,REJILLA DE MICROONDAS DE ALAMBRE DE COCINA
01tVT00000DXduLYAT,KITCHEN WIRE STORAGE RACK 5 TIERS,ESTANTE DE ALMACENAMIENTO DE ALAMBRES DE COCINA 5 NIVELES
01tVT00000DXe2PYAT,WIRE STORAGE RACK 3 TIERS,RACK DE ALMACENAMIENTO DE ALAMBRE 3 NIVELES
01tVT00000DXe7FYAT,WIRE STORAGE RACK,ESTANTE DE ALMACENAMIENTO DE ALAMBRE
01tVT00000DXeC5YAL,WIRE STORAGE RACK 3 TIERS,RACK DE ALMACENAMIENTO DE ALAMBRE 3 NIVELES
01tVT00000DXeLlYAL,WIRE STORAGE RACK 5 TIERS,RACK DE ALMACENAMIENTO DE ALAMBRE 5 NIVELES
01tVT00000DXeQbYAL,WIRE STORAGE RACK 6 TIERS,RACK DE ALMACENAMIENTO DE ALAMBRE 6 NIVELES
01tVT00000DXf3JYAT,CORNER WIRE STORAGE RACK 5 TIERS,ESTANTE DE ALMACENAMIENTO DE ALAMBRE EN ESQUINA 5 NIVELES
01tVT00000DXf89YAD,WATER BOTTLE RACK,PERCHERO PARA BOTELLAS DE AGUA
01tVT00000DXfCzYAL,WATER BOTTLE RACK,PERCHERO PARA BOTELLAS DE AGUA
01tVT00000DXfPtYAL,GARMENT CLOTHES RACK,PERCHERO PARA ROPA
01tVT00000DXfZZYA1,GARMENT CLOTHES RACK,PERCHERO PARA ROPA
01tVT00000DXfhdYAD,GARMENT CLOTHES RACK,PERCHERO PARA ROPA
01tVT00000DXfmTYAT,GARMENT CLOTHES RACK,PERCHERO PARA ROPA
01tVT00000DXfrJYAT,GARMENT CLOTHES RACK,PERCHERO PARA ROPA
01tVT00000DXgPBYA1,WIRE SHOE RACK 4 TIERS,ORGANIZADOR ZAPATOS 4 NIVELES
01tVT00000DXgYrYAL,WIRE STORAGE SHELF 6 TIERS,ESTANTERÍA DE ALMACENAMIENTO DE ALAMBRE 6 NIVELES
01tVT00000DXgfJYAT,SHOE RACK 5 LAYERS,ZAPATERO 5 CAPAS
01tVT00000DY30oYAD,GARMENT CLOTHES RACK,PERCHERO PARA ROPA
01tVT00000DY3SDYA1,SHOE STORAGE CABINET,ARMARIO PARA ALMACENAMIENTO DE ZAPATOS
01tVT00000DY3aHYAT,GARMENT CLOTHES RACK,PERCHERO PARA ROPA
01tVT00000DY3lZYAT,GARMENT CLOTHES RACK,PERCHERO PARA ROPA
01tVT00000DY4CzYAL,GARMENT CLOTHES RACK,PERCHERO PARA ROPA
01tVT00000DY4L3YAL,GARMENT CLOTHES RACK,PERCHERO PARA ROPA
01tVT00000DY4PtYAL,GARMENT CLOTHES RACK,PERCHERO PARA ROPA
01tVT00000DY60HYAT,BATHROOM RACK,PERCHERO DE BAÑO
01tVT00000DY657YAD,PLASTIC DRAWER 4 LAYERS,CAJÓN PLÁSTICO 4 CAPAS
01tVT00000DY69xYAD,PLASTIC DRAWER 5 LAYERS,CAJÓN DE PLÁSTICO 5 CAPAS
01tVT00000DY6EnYAL,PLASTIC DRAWER 5 LAYERS,CAJÓN DE PLÁSTICO 5 CAPAS
01tVT00000DY6JdYAL,PLASTIC CABINET 3 LAYERS,GABINETE DE PLÁSTICO 3 CAPAS
01tVT00000DY6UvYAL,PLASTIC CABINET 4 LAYERS,ARMARIO DE PLÁSTICO 4 CAPAS
01tVT00000DY6czYAD,OVER DOOR HOOK,SOBRE EL GANCHO DE LA PUERTA
01tVT00000DY6gEYAT,BATHROOM TISSUE RACK,PERCHERO DE PAÑUELOS DE BAÑO
01tVT00000DY6jRYAT,WALL MOUNT COAT HOOK,"""ABRIGO DE MONTAJE EN LA PARED HOOK"""
01tVT00000DY6rWYAT,PLASTIC CABINET,ARMARIO DE PLÁSTICO
01tVT00000DY71BYAT,OVER DOOR BASKET,CESTA DE LA PUERTA
01tVT00000DY77dYAD,WALL MOUNT COAT HOOK,ABRIGO DE MONTAJE EN LA PARED HOOK
01tVT00000DY7HJYA1,PAPER TOWEL HOLDER,SOPORTE PARA PAPEL DE COCINA
01tVT00000DY7M9YAL,PAPER TOWEL HOLDER,SOPORTE PARA PAPEL DE COCINA
01tVT00000DY7PNYA1,TOILET BRUSH STAND,SOPORTE PARA CEPILLOS DE INODORO
01tVT00000DY7Z4YAL,METAL RACK ADJUSTABLE PERFORATED 5 TIERS,RACK METÁLICO AJUSTABLE PERFORADO EN 5 NIVELES
01tVT00000DY7nZYAT,SHOWER CADDY,CAJÓN DE DUCHA
01tVT00000DY7sPYAT,SHOWER CADDY,CAJÓN DE DUCHA
01tVT00000DY86wYAD,PLASTIC CABINET,ARMARIO DE PLÁSTICO
01tVT00000DY8GbYAL,STORAGE CART,CARRO DE ALMACENAMIENTO
01tVT00000DY8N3YAL,STORAGE CART,CARRO DE ALMACENAMIENTO
01tVT00000DY8TVYA1,FABRIC STORAGE CABINET,ARMARIO DE ALMACENAMIENTO DE TELAS
01tVT00000DY8ZxYAL,FABRIC STORAGE CABINET,ARMARIO DE ALMACENAMIENTO DE TELAS
01tVT00000DY8enYAD,FABRIC STORAGE CABINET,ARMARIO DE ALMACENAMIENTO DE TELAS
01tVT00000DY8lFYAT,FABRIC STORAGE CABINET,ARMARIO DE ALMACENAMIENTO DE TELAS
01tVT00000DY8mrYAD,FABRIC STORAGE CABINET,ARMARIO DE ALMACENAMIENTO DE TELAS
01tVT00000DY8rhYAD,FABRIC STORAGE CABINET,ARMARIO DE ALMACENAMIENTO DE TELAS
01tVT00000DY8wXYAT,FABRIC STORAGE CABINET,ARMARIO DE ALMACENAMIENTO DE TELAS
01tVT00000DY94bYAD,FABRIC STORAGE CABINET,ARMARIO DE ALMACENAMIENTO DE TELAS
01tVT00000DY99RYAT,FABRIC STORAGE CABINET,ARMARIO DE ALMACENAMIENTO DE TELAS
01tVT00000DY9EHYA1,PLASTIC CABINET,ARMARIO DE PLÁSTICO
01tVT00000DY9XdYAL,PLASTIC CABINET,ARMARIO DE PLÁSTICO
01tVT00000DY9arYAD,METAL RACK ADJUSTABLE PERFORATED 4 TIERS,RACK METÁLICO AJUSTABLE PERFORADO EN 4 NIVELES
01tVT00000DY9hJYAT,WIRE SHELF 4 TIERS,ESTANTE DE ALAMBRE 4 NIVELES
01tVT00000DY9sbYAD,METAL RACK  PERFORATED 5 TIERS,ESTANTE METÁLICO PERFORADO EN 5 NIVELES
01tVT00000DY9z3YAD,STORAGE SHELF 5 TIERS,ESTANTERÍA DE ALMACENAMIENTO DE 5 NIVELES
01tVT00000DYAblYAH,SINK CADDY,CAJA DE FREGADERO
01tVT00000DYAezYAH,SINK CADDY,CAJA DE FREGADERO
01tVT00000DYAlRYAX,SINK CADDY,CAJA DE FREGADERO
01tVT00000DYAtVYAX,BATHROOM STORAGE SHELF,ESTANTERÍA PARA EL BAÑO
01tVT00000DYAzxYAH,BATHROOM STORAGE SHELF,ESTANTERÍA PARA EL BAÑO
01tVT00000DYB4nYAH,BATHROOM CORNER STORAGE SHELF,ESTANTERÍA DE ALMACENAMIENTO EN LA ESQUINA DEL BAÑO
01tVT00000DYB9dYAH,BATHROOM CORNER STORAGE SHELVES 3 LAYERS,ESTANTERÍAS DE ALMACENAMIENTO EN ESQUINA DEL BAÑO 3 CAPAS
01tVT00000DYBHhYAP,BATHROOM CORNER STORAGE SHELVES 3 LAYERS,ESTANTERÍAS DE ALMACENAMIENTO EN ESQUINA DEL BAÑO 3 CAPAS
01tVT00000DbxrFYAR,KD 2-SEATER SOFA,SOFÁ DESARMABLE DE 2 PLAZAS
01tVT00000Dc4j3YAB,SINGLE-SEATER SOFA,SOFÁ DE UNA PLAZA
01tVT00000Dc52PYAR,KD ROCKING CHAIR,SILLA MECEDORA KD
01tVT00000Dc5LlYAJ,ARMCHAIR,SILLON TELA
01tVT00000Dc5VRYAZ,ROCKING CHAIR,SILLA MECEDORA
01tVT00000Dc5gjYAB,KD CHAIR,SILLA DESMONTABLE
01tVT00000Dc5nBYAR,CHAIR,SILLON TELA
01tVT00000Dc6CzYAJ,CHAIR,SILLON TELA
01tVT00000DdaiTYAR,COFFEE TABLE,MESA DE CENTRO
01tVT00000Ddb3RYAR,SIDE TABLE,MESA LATERAL
01tVT00000Dde2vYAB,MODULAR SOFA,SOFÁ MODULAR
01tVT00000DdeNtYAJ,MODULAR SOFA,SOFÁ MODULAR
01tVT00000Ddee1YAB,SOFA BED,SOFÁ CAMA
01tVT00000DdepJYAR,SOFA BED,SOFÁ CAMA
01tVT00000DdeyzYAB,SOFA BED,SOFÁ CAMA
01tVT00000DdhbtYAB,BAR STOOL,BANCO BAR
01tVT00000DdjKNYAZ,COMPUTER DESK,ESCRITORIO PARA COMPUTADORA
01tVT00000DdmlFYAR,PORTABLE BEACH BABY COT,CUNA PORTÁTIL PARA BEBÉ PARA LA PLAYA
01tVT00000DdnPZYAZ,DOUBLE CHAIR WITH COOLER AND SUNSHADE,SILLA DOBLE CON NEVERA Y PARASOL
01tVT00000Ddne5YAB,RECLINING BEACH CHAIR WITH FOOTREST AND FACE HOLE,SILLA DE PLAYA RECLINABLE CON REPOSAPIÉS Y ORIFICIO FACIAL
01tVT00000DdortYAB,FOLDING PICNIC CHAIR WITH CUP HOLDER AND COOLER,SILLA DE PICNIC PLEGABLE CON PORTAVASOS Y NEVERA
01tVT00000DdozyYAB,FOLDING PICNIC CHAIR,SILLA DE PICNIC PLEGABLE
01tVT00000DdpeHYAR,3 IN 1 FOLDABLE CAMPING HANDCART,CARRO DE CAMPING PLEGABLE 3 EN 1
01tVT00000DdqC9YAJ,PORTABLE & CAMPING GRILLS,PARRILLAS PORTÁTILES DE CARBÓN
01tVT00000DdqQfYAJ,PORTABLE & CAMPING GRILLS,PARRILLAS PORTÁTILES DE CARBÓN
01tVT00000DdqvJYAR,FAMILY GAS GRILLS,BARBACOA DE GAS DE 4 QUEMADORES CON COMEDINAS LATERALES
01tVT00000Ddr9pYAB,34'' FIREPIT,FUEGO de 34''
01tVT00000DdrMjYAJ,20'' FIREPIT,FUEGO de 20''
01tVT00000DfloIYAR,BAR STOOL,BANCO BAR
01tVT00000Dfn3jYAB,BAR STOOL,BANCO BAR
01tVT00000DfnYNYAZ,TV STAND,MUEBLE DE TV MADERA
01tVT00000DfokYYAR,DESK,MESA ESCRITORIO
01tVT00000Dfoz3YAB,BAR STOOL,BANCO BAR
01tVT00000Dfp3tYAB,BAR STOOL,BANCO BAR
01tVT00000Dfp77YAB,BAR STOOL,BANCO BAR
01tVT00000DfpFBYAZ,BAR STOOL,BANCO BAR
01tVT00000DfpGnYAJ,BAR STOOL,BANCO BAR
01tVT00000DfpK2YAJ,SIDE TABLE,MESA LATERAL
01tVT00000DfpLdYAJ,BAR STOOL,BANCO BAR
01tVT00000DfpQTYAZ,BAR STOOL,BANCO BAR
01tVT00000DfpThYAJ,BAR STOOL,BANCO BAR
01tVT00000DfpWvYAJ,BAR STOOL,BANCO BAR
01tVT00000DfpblYAB,BAR STOOL,BANCO BAR
01tVT00000DfpgbYAB,BAR STOOL,BANCO BAR
01tVT00000DfpiDYAR,BAR STOOL,BANCO BAR
01tVT00000DfpqHYAR,BAR STOOL,BANCO BAR
01tVT00000Dfpv8YAB,LIVING ROOM CABINET,MUEBLE DE SALA
01tVT00000DfpzxYAB,BAR STOOL,BANCO BAR
01tVT00000Dfq4nYAB,BAR STOOL,BANCO BAR
01tVT00000DfqHhYAJ,DESK,MESA ESCRITORIO
01tVT00000DfqPlYAJ,DESK,MESA ESCRITORIO
01tVT00000DfqUbYAJ,SHELF,ESTANTE
01tVT00000DfqkjYAB,SIDE TABLE,MESA LATERAL
01tVT00000DfqmLYAR,COFFEE TABLE,MESA DE CENTRO
01tVT00000Dfqw1YAB,DESK,MESA ESCRITORIO
01tVT00000Dfr0rYAB,BOOKSHELF,ESTANTERIA
01tVT00000Dfr5hYAB,LIVING ROOM CABINET,MUEBLE DE SALA
01tVT00000DfrDlYAJ,TV STAND,MUEBLE DE TV MADERA
01tVT00000DfrKDYAZ,DESK + CHAIR,MESA ESCRITORIO + SILLA
01tVT00000DfrP3YAJ,DESK + CHAIR,MESA ESCRITORIO + SILLA
01tVT00000DfrbxYAB,DESK + SHELF,MESA ESCRITORIO + ESTANTE
01tVT00000DfrldYAB,COFFEE TABLE,MESA DE CENTRO
01tVT00000DfrorYAB,COFFEE TABLE,MESA DE CENTRO
01tVT00000DfrqTYAR,COFFEE TABLE,MESA DE CENTRO
01tVT00000DfsPyYAJ,PLASTIC CHAIR,SILLA DE PLÁSTICO
01tVT00000DfsY3YAJ,FOLDING CHAIR,SILLA PLEGABLE DE COMEDOR
01tVT00000DftXKYAZ,FOLDING LIFTED TABLE,MESA DE CENTRO
01tVT00000Dfuy1YAB,COFFEE TABLE,MESA DE CENTRO
01tVT00000Dfv65YAB,COMPUTER DESK,ESCRITORIO PARA COMPUTADORA
01tVT00000DfvE9YAJ,FOLDING LIFTED TABLE,MESA ESCRITORIO PLEGABLE
01tVT00000DfvPRYAZ,DESK,MESA ESCRITORIO
01tVT00000DfvUHYAZ,FOLDING CHAIR,SILLA PLEGABLE DE COMEDOR
01tVT00000DfvajYAB,FOLDING CHAIR,SILLA PLEGABLE DE COMEDOR
01tVT00000DfvkPYAR,FOLDING CHAIR,SILLA PLEGABLE DE COMEDOR
01tVT00000DfvsTYAR,FOLDING CHAIR,SILLA PLEGABLE DE COMEDOR
01tVT00000Dfw29YAB,PLASTIC CHAIR,SILLA DE PLÁSTICO
01tVT00000Dfw6zYAB,PLASTIC CHAIR,SILLA DE PLÁSTICO
01tVT00000DfwLVYAZ,PLASTIC CHAIR,SILLA DE PLÁSTICO
01tVT00000DfwN7YAJ,5 BURNERS GAS BBQ  WITH  SIDE BURNERS,BARBACOA DE GAS DE 5 QUEMADORES CON QUEMADORES LATERALES
01tVT00000DfwVBYAZ,PLASTIC CHAIR,SILLA DE PLÁSTICO
01tVT00000DfwgTYAR,KITCHEN CART,CARRITO ISLA COCINA
01tVT00000DfwmvYAB,KITCHEN CART,CARRITO ISLA COCINA
01tVT00000DfwuzYAB,KITCHEN CART,CARRITO ISLA COCINA
01tVT00000DfwwbYAB,6 BURNERS GAS BBQ  WITH  SIDE BURNERS,BARBACOA DE GAS DE 6 QUEMADORES CON QUEMADORES LATERALES
01tVT00000Dfx1RYAR,KITCHEN CART,CARRITO ISLA COCINA
01tVT00000DfzRSYAZ,TV STAND,MUEBLE DE TV MADERA
01tVT00000Dg153YAB,18'' KAMADO CHARCOAL GRILLS,PARRILLAS DE CARBÓN KAMADO DE 18''
01tVT00000Dg1cvYAB,21'' KAMADO CHARCOAL GRILLS,PARRILLAS DE CARBÓN KAMADO DE 21''
01tVT00000Dg1t3YAB,21'' KAMADO CHARCOAL GRILLS,PARRILLAS DE CARBÓN KAMADO DE 21''
01tVT00000Dg22jYAB,18'' KAMADO CHARCOAL GRILLS,PARRILLAS DE CARBÓN KAMADO DE 18''
01tVT00000Dg2PJYAZ,18'' KAMADO CHARCOAL GRILLS,PARRILLAS DE CARBÓN KAMADO DE 18''
01tVT00000Dg2SXYAZ,18'' KAMADO CHARCOAL GRILLS,PARRILLAS DE CARBÓN KAMADO DE 18''
01tVT00000Dg2XNYAZ,16'' KAMADO CHARCOAL GRILLS,PARRILLAS DE CARBÓN KAMADO DE 16''
01tVT00000Dg3DJYAZ,16'' KAMADO CHARCOAL GRILLS,PARRILLAS DE CARBÓN KAMADO DE 16''
01tVT00000Dg3YIYAZ,4-BURNER GAS GRIDDLE,PLANCHA DE GAS DE 4 QUEMADORES
01tVT00000Dg3bVYAR,3 BURNERS GAS BBQ  WITH  SIDE BURNERS,BARBACOA DE GAS DE 3 QUEMADORES CON COMEDIENTES LATERALES
01tVT00000Dg3q1YAB,PLASTIC CHAIR,SILLA DE PLÁSTICO
01tVT00000Dg3wTYAR,PORTABLE CHARCOAL GRILLS,PARRILLAS PORTÁTILES DE CARBÓN
01tVT00000Dg41JYAR,4 BURNERS GAS BBQ WITH  SIDE BURNERS,BARBACOA DE GAS DE 4 QUEMADORES CON COMEDINAS LATERALES
01tVT00000Dg469YAB,3-BURNER GAS BBQ,BARBACOA DE GAS DE 3 QUEMADORES
01tVT00000Dg4EDYAZ,4-BURNER GAS BBQ,BARBACOA DE GAS DE 4 QUEMADORES
01tVT00000Dg4SjYAJ,PLASTIC CHAIR,SILLA DE PLÁSTICO
01tVT00000Dg4e1YAB,PLASTIC CHAIR,SILLA DE PLÁSTICO
01tVT00000Dg4hFYAR,PLASTIC CHAIR,SILLA DE PLÁSTICO
01tVT00000Dg4m5YAB,PLASTIC CHAIR,SILLA DE PLÁSTICO
01tVT00000Dg4qvYAB,PLASTIC CHAIR,SILLA DE PLÁSTICO
01tVT00000Dg4xNYAR,PLASTIC CHAIR,SILLA DE PLÁSTICO
01tVT00000Dg58fYAB,SHELF,ESTANTE
01tVT00000Dg5AHYAZ,FOLDABLE 2-BURNER GAS GRIDDLE,PLANCHA DE GAS PLEGABLE DE 2 QUEMADORES
01tVT00000Dg5F7YAJ,COMPUTER DESK,ESCRITORIO PARA COMPUTADORA
01tVT00000Dg5YTYAZ,SHELF,ESTANTE
01tVT00000Dg5a5YAB,3-BURNER TABLETOP GAS GRIDDLE,PLANCHA DE GAS DE 3 QUEMADORES
01tVT00000Dg5evYAB,SHELF,ESTANTE
01tVT00000DgdWwYAJ,360° ROTATING CHARCOAL GRILL,PARRILLA DE CARBÓN GIRATORIA A 360°
01tVT00000DggeTYAR,2-BURNER TABLE TOP GAS GRIDDLE,PLANCHA DE GAS DE MESA DE 2 QUEMADORES
01tVT00000DggjJYAR,FOLDABLE CHARCOAL GRILL,PARRILLA PLEGABLE DE CARBÓN
01tVT00000DggpmYAB,TROLLEY CHARCOAL GRILLS,PARRILLAS DE CARBÓN VEGETAL PARA TRANVÍAS
01tVT00000DggszYAB,BBQ CART,CARRITO DE BARBACOA
01tVT00000DggxpYAB,33'' FIREPIT WITH COOKING GRATE,HOGUERA DE 33'' CON REJILLA DE COCINA
01tVT00000DghlpYAB,40'' FIREPIT WITH COOKING GRATE,HOGUERA DE 40'' CON REJILLA DE COCINA
01tVT00000DghsHYAR,21.5'' FIREPIT WITH COOKING GRATE,"HOGUERA DE 21,5'' CON REJILLA DE COCINA"
01tVT00000Dgi6nYAB,18.5'' LOWSMORK FIREPIT WITH POKER FIRE STOVE,"HOGUERA LOWSMORK DE 18,5'' CON ESTUFA DE FUEGO DE ATIZADOR"
01tVT00000DgiGTYAZ,33''PORTABLE FIREPIT WITH COOKING GRATE AND SIDE TABLE,FOGATA PORTÁTIL DE 33''CON REJILLA DE COCINA Y MESITA AUXILIAR
01tVT00000DgiunYAB,3 PCS BBQ SET,SET DE BARBACOA DE 3 PIEZAS
01tVT00000DgizdYAB,7 PCS BBQ SET,SET DE BARBACOA DE 7 PIEZAS
01tVT00000Dgj7hYAB,19 PCS BBQ SET,SET DE BARBACOA DE 19 PIEZAS
01tVT00000DgjVtYAJ,CONSOLE TABLE,MESA AUXILIAR
01tVT00000DgjcLYAR,2 BURNERS TABLETOP GAS GRILL,BARBACOA DE GAS DE MESA DE 2 QUEMADORES
01tVT00000DgjhBYAR,3 BURNERS TABLETOP GAS GRILL,BARBACOA DE MESA DE 3 QUEMADORES DE GAS
01tVT00000DgjxJYAR,4 BURNERS GAS BBQ WITH FOLDABLE SIDE TABLES,BARBACOA DE GAS DE 4 QUEMADORES CON MESAS AUXILIARES PLEGABLES
01tVT00000DgkLWYAZ,FOLDABLE ELECTRIC BBQ,26003BARBACOA ELÉCTRICA PLEGABLE
01tVT00000DgkWpYAJ,ELECTRIC GRIDDLE,PLANCHA ELÉCTRICA
01tVT00000DglMQYAZ,22-INCH KETTLE GRILL,PARRILLA DE TETERA DE 22 PULGADAS
01tVT00000DglflYAB,KITCHEN STORAGE RACK,ESTANTE DE ALMACENAMIENTO DE COCINA
01tVT00000Dglr3YAB,3 BURNERS GAS BBQ WITH FOLDABLE SIDE TABLES,BARBACOA DE GAS DE 3 QUEMADORES CON MESAS AUXILIARES PLEGABLES
01tVT00000DglvtYAB,4 BURNERS GAS BBQ WITH  SIDE BURNERS,BARBACOA DE GAS DE 4 QUEMADORES CON COMEDINAS LATERALES
01tVT00000Dgm3xYAB,4 BURNERS GAS BBQ WITH  SIDE BURNERS,BARBACOA DE GAS DE 4 QUEMADORES CON COMEDINAS LATERALES
01tVT00000Dgm8nYAB,MULTI-FUNCTIONAL GAS BBQ (3 IN 1),BARBACOA DE GAS MULTIFUNCIONAL (3 EN 1)
01tVT00000DgmC1YAJ,2-BURNER GAS GRILL + CHARCOAL GRILL WITH SIDE BURNER,BARBACOA DE GAS DE 2 QUEMADORES + PARRILLA DE CARBÓN CON COMEDIANTE LATERAL
01tVT00000DgmGrYAJ,GAS GRILLS+ GRIDDELS,PARRILLAS DE GAS+ REJILLAS
01tVT00000DgmNJYAZ,PORTABLE 2-BURNER ELECTRIC BBQ,BARBACOA ELÉCTRICA PORTÁTIL DE 2 QUEMADORES
01tVT00000DgmWzYAJ,PORTABLE 2-BURNER ELECTRIC BBQ,BARBACOA ELÉCTRICA PORTÁTIL DE 2 QUEMADORES
01tVT00000DgmjtYAB,TABLE TOP ELECTRIC  BBQ,BARBACOA ELÉCTRICA DE MESA
01tVT00000DgmtZYAR,CHARCOAL CHIMNEY STARTER,JJ03028ENCENDEDOR DE CHIMENEA DE CARBÓN
01tVT00000DgmvBYAR,GRILL ASH SCOOP,CUCHARA DE CENIZAS PARA LA PARRILLA
01tVT00000DgmyPYAR,BBQ FAN BLOWER,SOPLADOR DE VENTILADORES DE BARBACOA
01tVT00000Dgn3FYAR,BBQ SET,SET DE BARBACOA
01tVT00000DgnCvYAJ,BBQ SET,SET DE BARBACOA
01tVT00000DgnHlYAJ,DIGITAL BBQ THERMOMETER,TERMÓMETRO DIGITAL PARA BARBACOA
01tVT00000DgnWHYAZ,FOLDABLE BBQ THERMOMETER,TERMÓMETRO DE BARBACOA PLEGABLE
01tVT00000DgnXtYAJ,BBQ TONGS,PINZAS DE BARBACOA
01tVT00000DgncjYAB,PORTABLE CHARCOAL GRILLS,PARRILLAS PORTÁTILES DE CARBÓN
01tVT00000DgnknYAB,360° ROTATING CHARCOAL GRILL,"""PARRILLA DE CARBÓN GIRATORIA A 360° """
01tVT00000DgnpdYAB,360° ROTATING CHARCOAL GRILL,"""PARRILLA DE CARBÓN GIRATORIA A 360° """
01tVT00000DgnzJYAR,22-INCH KETTLE GRILL,PARRILLA DE TETERA DE 22 PULGADAS
01tVT00000Dgo2XYAR,22-INCH KETTLE GRILL,PARRILLA DE TETERA DE 22 PULGADAS
01tVT00000Dgo49YAB,PORTABLE CHARCOAL GRILLS,PARRILLAS PORTÁTILES DE CARBÓN
01tVT00000DgoAbYAJ,BBQ CART,CARRITO DE BARBACOA
01tVT00000DgoDpYAJ,BBQ CART,CARRITO DE BARBACOA
01tVT00000DgoH3YAJ,PORTABLE CHARCOAL GRILL,PARRILLA PORTÁTIL DE CARBÓN
01tVT00000DgoP7YAJ,PORTABLE CHARCOAL GRILL,PARRILLA PORTÁTIL DE CARBÓN
01tVT00000DgoXBYAZ,ELECTRIC GRILL,BARBACOA ELÉCTRICA
01tVT00000DgoybYAB,ELECTRIC SMOKELESS GRIDDLE,PLANCHA ELÉCTRICA SIN HUMO
01tVT00000Dgp3RYAR,ELECTRIC FOLDED FRYING PAN,SARTÉN ELÉCTRICA PLEGABLE
01tVT00000DgpEjYAJ,MULTI-FUNCTION ELECTRIC FRYING PAN,SARTÉN ELÉCTRICA MULTIFUNCIÓN
01tVT00000DgpHxYAJ,ELECTRIC GRILL,BARBACOA ELÉCTRICA
01tVT00000DgpOPYAZ,PORTABLE ELECTRIC GRILL,BARBACOA ELÉCTRICA PORTÁTIL
01tVT00000DgpUsYAJ,GRILL COVER,FUNDA PARA PARRILLA
01tVT00000DgpbJYAR,ELECTRIC GRIDLE,PLANCHA ELÉCTRICA
01tVT00000DgpoDYAR,ELECTRIC GRIDDLE,PLANCHA ELÉCTRICA
01tVT00000Dgpt3YAB,MULTI-FUNCTION ELECTRIC FRYING PAN,SARTÉN ELÉCTRICA MULTIFUNCIÓN
01tVT00000DgpzVYAR,MULTI-FUNCTION ELECTRIC FRYING PAN,SARTÉN ELÉCTRICA MULTIFUNCIÓN
01tVT00000Dgq4LYAR,MULTI-FUNCTION ELECTRIC FRYING PAN,SARTÉN ELÉCTRICA MULTIFUNCIÓN
01tVT00000Dgq5xYAB,MULTI-FUNCTION ELECTRIC FONDUE SET WITH FORKS.,JUEGO DE FONDUE ELÉCTRICA MULTIFUNCIÓN CON TENEDORES.
01tVT00000DgqM5YAJ,GRILL COVER,FUNDA PARA PARRILLA
01tVT00000DgqQvYAJ,GRILL COVER,FUNDA PARA PARRILLA
01tVT00000DgqU9YAJ,GRILL COVER,FUNDA PARA PARRILLA
01tVT00000DgqdpYAB,PORTABLE GRILLS,PARRILLAS PORTÁTILES
01tVT00000DgrWfYAJ,GRILL COVER,FUNDA PARA PARRILLA
01tVT00000Dgrd7YAB,GRILL COVER,FUNDA PARA PARRILLA
01tVT00000DgrlBYAR,GRILL COVER,FUNDA PARA PARRILLA
01tVT00000Dgrq1YAB,GRILL COVER,FUNDA PARA PARRILLA
01tVT00000DgssXYAR,3 BURNERS GAS BBQ WITH CHARCOAL GRILL,BARBACOA DE GAS DE 3 QUEMADORES CON PARRILLA DE CARBÓN
01tVT00000DgtobYAB,SERVICE TABLE,MESA DE SERVICIO
01tVT00000DguJFYAZ,SERVICE TABLE,MESA DE SERVICIO
01tVT00000DgumHYAR,FIRE PITS WITH COOKING GRATE,FOGONES DE EXTERIOR CON PARRILLA DE COCCIÓN
01tVT00000Dgwg1YAB,BBQ GRILL,ASADOR CARBON CON MESA LATERAL Y RUEDAS
01tVT00000DgxFVYAZ,DINING SET 3 PIECES,SET COMEDOR 3 PIEZAS
01tVT00000DhZMPYA3,PLASTIC FOLDING CHAIR,SILLA PLEGABLE DE COMEDOR
01tVT00000DhZUUYA3,PLASTIC TIFFANY CHAIR,SILLA PLASTICO TIPO TIFFANY
01tVT00000Dha7BYAR,PLASTIC TIFFANY CHAIR,SILLA PLASTICO TIPO TIFFANY
01tVT00000DhawnYAB,3 PIECE ALUMINUM & POLYWOOD BISTRO SET,SET BISTRO ALUMINIO & POLYWOOD 3 PIEZAS
01tVT00000Dhe9CYAR,45 RECTANGULAR GAS FIRE PIT TABLE,"MESA FOGÓN DE GAS RECTANGULAR DE 45"""
01tVT00000DhfgLYAR,15 COLUMN GAS FIRE PIT,"FOGÓN DE GAS TIPO COLUMNA DE 15"""
01tVT00000DhfwTYAR,35 CAST STONE FIRE PIT,"FOGÓN DE PIEDRA FUNDIDA DE 35"""
01tVT00000DhgKfYAJ,"28"" PORTABLE FIREP PIT",FOGÓN PORTÁTIL DE 28 PULGADAS
01tVT00000DhgqvYAB,FOLDING SHOPPING CART WITH 4 WHEELS,CARRITO PLEGABLE DE LA COMPRA CON 4 RUEDAS
01tVT00000DhgqwYAB,FOLDABLE BOX,CAJA PLEGABLE
01tVT00000DhgqxYAB,PLASTIC FOLDING BOX,CAJA PLEGABLE DE PLÁSTICO
01tVT00000DhgqyYAB,FOLDABLE BASKET WITH TABLE LID,CESTA PLEGABLE CON TAPA DE MESA
01tVT00000DhgqzYAB,FOLDING PLASTIC BUCKET - SMALL SIZE,CUBO PLEGABLE DE PLÁSTICO - TAMAÑO PEQUEÑO
01tVT00000Dhgr0YAB,FOLDING PLASTIC BUCKET - MEDIUM SIZE,CUBO PLEGABLE DE PLÁSTICO - TAMAÑO MEDIO
01tVT00000Dhgr1YAB,FOLDABLE PLASTIC BASKET,CESTA PLEGABLE DE PLÁSTICO
01tVT00000Dhgr2YAB,FOLDABLE PLASTIC BASKET,CESTA PLEGABLE DE PLÁSTICO
01tVT00000Dhgr3YAB,NATURAL BASKET,CESTA NATURAL
01tVT00000Dhgr4YAB,NATURAL BASKET,CESTA NATURAL
01tVT00000Dhgr5YAB,NATURAL BASKET,CESTA NATURAL
01tVT00000Dhgr6YAB,NATURAL BASKET,CESTA NATURAL
01tVT00000Dhgr7YAB,NATURAL BASKET,CESTA NATURAL
01tVT00000Dhgr8YAB,NATURAL BASKET,CESTA NATURAL
01tVT00000Dhgr9YAB,LAUNDRY HAMPER WITH 2 COMPARTMENTS,CESTA DE LA ROPA SUCIA CON 2 COMPARTIMENTOS
01tVT00000DhgrAYAR,LAUNDRY BAG,BOLSA DE LA COLADA
01tVT00000DhgrBYAR,LAUNDRY HAMPER,CESTA DE LA COLADA
01tVT00000DhgrCYAR,LAUNDRY HAMPER FOLDABLE,CESTA DE LA COLADA PLEGABLE
01tVT00000DhgrDYAR,LAUNDRY SEPARATION HAMPER,CESTA DE SEPARACIÓN DE LA ROPA SUCIA
01tVT00000DhgrEYAR,LAUNDRY HAMPER,CESTA DE LA COLADA
01tVT00000DhgrFYAR,LAUNDRY HAMPER,CESTA DE LA COLADA
01tVT00000DhgrGYAR,HANGING ORGANIZER 6-SHELF,ORGANIZADOR COLGANTE 6-ESTANTE
01tVT00000DhgrHYAR,HANGING ORGANIZER 10-SHELF,ORGANIZADOR COLGANTE 10-SHELF
01tVT00000DhikgYAB,42 RECTANGULAR GAS FIRE PIT,"FOGÓN DE GAS RECTANGULAR DE 42"""
01tVT00000Dhj2PYAR,35 ROUND GAS FIRE PIT,"FOGÓN DE GAS REDONDO DE 35"""
01tVT00000DjIkUYAV,DINING SET 5 PIECES,JUEGO DE COMEDOR DE 5 PIEZAS
01tVT00000DjJAHYA3,DINING SET 5 PIECES,JUEGO DE COMEDOR DE 5 PIEZAS
01tVT00000DjJVFYA3,DINING SET 7 PIECES,JUEGO DE COMEDOR DE 7 PIEZAS
01tVT00000DjJv3YAF,DINING SET 5 PIECES,JUEGO DE COMEDOR DE 5 PIEZAS
01tVT00000DjOgDYAV,GARMENT CLOTHES RACK,PERCHERO PARA ROPA
01tVT00000DjOgEYAV,GARMENT CLOTHES RACK,PERCHERO PARA ROPA
01tVT00000DjOgFYAV,GARMENT CLOTHES RACK,PERCHERO PARA ROPA
01tVT00000DjOgGYAV,GARMENT CLOTHES RACK,PERCHERO PARA ROPA
01tVT00000DjOgHYAV,GARMENT CLOTHES RACK,PERCHERO PARA ROPA
01tVT00000DjOgIYAV,GARMENT CLOTHES RACK,PERCHERO PARA ROPA
01tVT00000DlfhlYAB,SQUARE FOLD IN HALF TABLE,MESA PLEGABLE PLASTICO
01tVT00000Dm6reYAB,SQUARE FOLD IN HALF TABLE,MESA PLEGABLE PLASTICO
01tVT00000DmXevYAF,UNDER SINK STORAGE RACK,ORGANIZADOR PARA DEBAJO DEL FREGADERO
01tVT00000DnLGkYAN,WOODEN FOLDING CHAIR,SILLA PLEGABLE DE MADERA
01tVT00000DnOCzYAN,WOODEN BISTRO SET 3 PIECES,JUEGO BISTRO DE 3 PIEZAS
01tVT00000DnPvRYAV,WOODEN FOLDING TABLE,MESA PLEGABLE DE MADERA
01tVT00000DnRUDYA3,INFLATABLE BABY BATHTUB,TINA INFLABLE PARA BEBÉ
01tVT00000DnRUEYA3,INFLATABLE KIDS' POOL WITH BACKREST,ALBERCA INFLABLE PARA NIÑOS CON RESPALDO
01tVT00000Do1z9YAB,LEISURE ROCKING CHAIR,SILLA MECEDORA RECREATIVA
01tVT00000Do7hxYAB,INFLATABLE BABY BATHTUB WITH FLOCKED BASE,TINA INFLABLE PARA BEBÉ CON BASE AFELPADA
01tVT00000Do7hyYAB,ONE-TOUCH SELF-INFLATING KIDS' BATHTUB,TINA INFANTIL AUTOINFLABLE DE INFLADO RÁPIDO
01tVT00000Do7hzYAB,INFLATABLE KIDS' CAR-REAR TRAVEL BED,CAMA DE VIAJE INFLABLE PARA NIÑOS PARA EL ASIENTO TRASERO DEL AUTO
01tVT00000Do7i0YAB,COMPACT INFLATABLE KIDS' TRAVEL BED,CAMA DE VIAJE INFLABLE COMPACTA PARA NIÑOS
01tVT00000Do7i1YAB,INFLATABLE KIDS' SAFETY BED WITH FLOCKED MATTRESS,CAMA INFLABLE DE SEGURIDAD PARA NIÑOS CON COLCHÓN AFELPADO
01tVT00000Do7i2YAB,INFLATABLE KIDS' BED WITH REMOVABLE FLOCKED MATTRESS,CAMA INFLABLE PARA NIÑOS CON COLCHÓN AFELPADO DESMONTABLE
01tVT00000Do7i3YAB,CAR-SHAPED INFLATABLE KIDS' PLAY & NAP BED,CAMA INFLABLE INFANTIL TIPO AUTO PARA JUGAR Y DESCANSAR
01tVT00000Do7i4YAB,LIGHT-UP CAR-SHAPED INFLATABLE KIDS' TENT BED,CAMA TIENDA INFLABLE INFANTIL CON FORMA DE AUTO Y LUCES
01tVT00000Do7i5YAB,LIGHT-UP CAR-SHAPED INFLATABLE KIDS TENT BED,CAMA TIENDA INFLABLE INFANTIL CON FORMA DE AUTO Y LUCES
01tVT00000Do7i6YAB,SMOKE GREY ROUND TRANSPARENT ADULT INFLATABLE TUB,TINA INFLABLE TRANSPARENTE REDONDA PARA ADULTOS COLOR GRIS HUMO
01tVT00000Do7i7YAB,SEA-GLASS OVAL TRANSPARENT ADULT INFLATABLE TUB,TINA INFLABLE TRANSPARENTE OVALADA PARA ADULTOS COLOR VERDE AGUA
01tVT00000Do7i8YAB,AMBER HEXAGONAL TRANSPARENT ADULT INFLATABLE TUB,TINA INFLABLE TRANSPARENTE HEXAGONAL PARA ADULTOS COLOR ÁMBAR
01tVT00000Do7i9YAB,ROSE COMPACT RECTANGULAR TRANSPARENT ADULT TUB,TINA TRANSPARENTE RECTANGULAR COMPACTA PARA ADULTOS COLOR ROSA
01tVT00000Do7iAYAR,ICE-BLUE COMFORT SQUARE TRANSPARENT ADULT TUB,TINA TRANSPARENTE CUADRADA CONFORT PARA ADULTOS COLOR AZUL HIELO
01tVT00000Do7iBYAR,PORTABLE BATH TUB-(?80CM×H70CM),BAÑERA PORTÁTIL (Ø80 CM × ALTO 70 CM)
01tVT00000Do7iCYAR,PORTABLE BATH TUB-(?80CM×H80CM),BAÑERA PORTÁTIL (Ø80 CM × ALTO 80 CM)
01tVT00000Do7iDYAR,PRO ROUND ICE BATH TUB-(?90CM×H80CM),BAÑERA PROFESIONAL REDONDA PARA BAÑO DE HIELO (Ø90 CM × ALTO 80 CM)
01tVT00000Do7iEYAR,PRO OVAL ICE BATH TUB-(1.5M×80CM×75CM),BAÑERA PROFESIONAL OVALADA PARA BAÑO DE HIELO (1.5 M × 80 CM × 75 CM)
01tVT00000Do7iFYAR,INFLATABLE ICE BATH TUB,BAÑERA INFLABLE PARA BAÑO DE HIELO
01tVT00000Do7iHYAR,LEATHER KIDS CAR BED,CAMA DE CARRO INFANTIL DE PIEL
01tVT00000Do7iIYAR,LEATHER KIDS CAR BED,CAMA DE CARRO INFANTIL DE PIEL
01tVT00000Do7iJYAR,LEATHER KIDS CAR BED,CAMA DE CARRO INFANTIL DE PIEL
01tVT00000Do7iKYAR,LEATHER KIDS CAR BED,CAMA DE CARRO INFANTIL DE PIEL
01tVT00000Do7iLYAR,WOODEN KIDS BED,CAMA INFANTIL DE MADERA MACIZA
01tVT00000Do7iMYAR,WOODEN KIDS BED,CAMA INFANTIL DE MADERA MACIZA
01tVT00000Do7iOYAR,KIDS ARMCHAIR,SILLÓN INFANTIL
01tVT00000Do7iPYAR,KIDS ARMCHAIR,SILLÓN INFANTIL
01tVT00000Do7iQYAR,KIDS FOAM CHAIR WITH WOODEN BASE,SILLA INFANTIL DE ESPUMA CON BASE DE MADERA
01tVT00000Do7iRYAR,COMPRESSED KIDS SOFA,SOFÁ INFANTIL COMPRIMIDO
01tVT00000Do7iSYAR,COMPRESSED KIDS SOFA,SOFÁ INFANTIL COMPRIMIDO
01tVT00000Do7iTYAR,COMPRESSED KIDS SOFA,SOFÁ INFANTIL COMPRIMIDO
01tVT00000Do7iUYAR,COMPRESSED KIDS SOFA,SOFÁ INFANTIL COMPRIMIDO
01tVT00000Do7iVYAR,COMPRESSED KIDS SOFA,SOFÁ INFANTIL COMPRIMIDO
01tVT00000Do7iWYAR,KIDS FOAM CHAIR WITH WOODEN BASE,SILLA INFANTIL DE ESPUMA CON BASE DE MADERA
01tVT00000Do7iXYAR,COMPRESSED KIDS SOFA,SOFÁ INFANTIL COMPRIMIDO
01tVT00000Do7iYYAR,KIDS ARMCHAIR,SILLÓN INFANTIL
01tVT00000Do7iZYAR,BEAR SHAPED KIDS SOFA,SOFÁ INFANTIL CON FORMA DE OSO
01tVT00000Do7iaYAB,KIDS SOFA,SOFÁ INFANTIL
01tVT00000Do7ibYAB,KIDS ROCKING CHAIR,SILLA MECEDORA INFANTIL
01tVT00000Do7icYAB,KIDS ROCKING CHAIR,SILLA MECEDORA INFANTIL
01tVT00000Do7idYAB,KIDS TUB CHAIR WITH STORAGE OTTOMAN,SILLÓN TIPO TINA INFANTIL CON OTOMANA DE ALMACENAMIENTO
01tVT00000Do7ieYAB,KIDS TUB CHAIR WITH OTTOMAN,SILLÓN TIPO TINA INFANTIL CON OTOMANA
01tVT00000Do7ifYAB,FOAM SOFA WITH WOODEN BASE,SOFÁ DE ESPUMA CON BASE DE MADERA
01tVT00000Do7igYAB,COMPRESSED KIDS BED,CAMA INFANTIL COMPRIMIDA
01tVT00000Do7ihYAB,COMPRESSED KIDS BED,CAMA INFANTIL COMPRIMIDA
01tVT00000Do7iiYAB,COMPRESSED KIDS BED,CAMA INFANTIL COMPRIMIDA
01tVT00000Do7ijYAB,INFLATABLE KIDS AIR BED,CAMA INFLABLE INFANTIL
01tVT00000Do7ikYAB,KIDS INFLATABLE BATHTUB,BAÑERA INFLABLE INFANTIL
01tVT00000Do7ilYAB,KIDS INFLATABLE BED,CAMA INFLABLE INFANTIL
01tVT00000Do7imYAB,KIDS INFLATABLE BED WITH PILLOW,CAMA INFLABLE INFANTIL CON ALMOHADA
01tVT00000Do9i9YAB,COMPRESSED KIDS CAR BED,CAMA INFANTIL TIPO AUTO COMPRIMIDA
01tVT00000Do9iAYAR,COMPRESSED KIDS CAR BED,CAMA INFANTIL TIPO AUTO COMPRIMIDA
01tVT00000DoBVRYA3,CAMPING TENT,TIENDA DE CAMPAÑA
01tVT00000DoBgjYAF,CAMPING TENT,TIENDA DE CAMPAÑA
01tVT00000DoMM1YAN,PP CHAIR TIFFANY STYLE (NON-KD),SILLA PLASTICO TIPO TIFFANY
01tVT00000Dp5UPYAZ,OFFSET SMOKER CHARCOAL GRILL,PARRILLA DE CARBÓN CON AHUMADOR OFFSET
01tVT00000Dp9ZdYAJ,PP CHAIR TIFFANY STYLE (NON-KD),SILLA PLASTICO TIPO TIFFANY
01tVT00000Dp9ubYAB,PP CHAIR TIFFANY STYLE (NON-KD),SILLA PLASTICO TIPO TIFFANY
01tVT00000DpKd7YAF,LEISURE ROCKING CHAIR,SILLA MECEDORA RECREATIVA
01tVT00000DpMgXYAV,LEISURE ROCKING CHAIR,SILLA MECEDORA RECREATIVA
01tVT00000DsCW9YAN,6 FT FOLDING HDPE TABLE (3.5 cm),MESA RESINA PLEGABLE 180 CM (3.5 cm)
01tVT00000DsiHXYAZ,MALDONADO OFFICE CHAIR. Material 50143021,SILLA DE OFICINA MALDONADO
01tVT00000Du5vBYAR,"PORTABLE AIR COOLER, TANK 45L","ENFRIADOR DE AIRE PORTÁTIL, DEPÓSITO DE 45 L"
01tVT00000Du8ppYAB,GAS ROOM HEATER,ESTUFA DE GAS
01tVT00000Du917YAB,2 IN 1 GAS & ELECTRIC ROOM HEATER,CALEFACTOR DE HABITACIÓN DE GAS Y ELECTRICIDAD 2 EN 1
01tVT00000DuBAzYAN,"TOWER FAN 29"" MANUAL CONTROL","CONTROL MANUAL DEL VENTILADOR DE TORRE DE 29"""
01tVT00000DuBCbYAN,"TOWER FAN 29"" WITH REMOTE CONTROL","VENTILADOR DE TORRE DE 29"" CON MANDO A DISTANCIA"
01tVT00000DuBNtYAN,"TOWER FAN 46"" WITH REMOTE CONTROL","VENTILADOR DE TORRE DE 46"" CON MANDO A DISTANCIA"
01tVT00000DuBqvYAF,GAZEBO BEACH IN POLYESTER,GAZEBO PLAYA
01tVT00000DuByzYAF,GAZEBO BEACH IN PE FABRIC,GAZEBO PLAYA
01tVT00000DumfJYAR,FLAT TOP GRIDDLE,PLANCHA PARA ASAR
01tVT00000DumfMYAR,WOODEN CUTTING BOARD,TABLA PARA CORTAR DE MADERA
01tVT00000E4AdRYAV,GAZEBO BEACH IN POLYESTER,GAZEBO PLAYA
01tVT00000E4zODYAZ,7-IN-1 KIDS PLAYHOUSE,CASA DE JUEGOS PARA NIÑOS 7 EN 1
01tVT00000E4zOEYAZ,2-IN-1 KIDS FOLDING PLAYPEN & BASKETBALL HOOP,CORRAL PLEGABLE PARA NIÑOS CON CANASTA DE BALONCESTO 2 EN 1
01tVT00000E4zOFYAZ,KIDS STORAGE CABINET COMBINATION,SISTEMA MODULAR DE ALMACENAMIENTO INFANTIL
01tVT00000E5z1BYAR,STEEL FOLDING CHAIR,SILLA PLEGABLE DE COMEDOR
01tVT00000E681FYAR,INFLATABLE ICE BATH TUB,BAÑERA INFLABLE PARA BAÑO DE HIELO
01tVT00000E6CeMYAV,6FT FOLDING HDPE TABLE RATTAN DESIGN,MESA RESINA PLEGABLE IMITACION RATAN
01tVT00000E6L1hYAF,6 FT FOLDING HDPE TABLE (3 cm),MESA RESINA PLEGABLE 180 CM (3 cm)
01tVT00000E6LcnYAF,4FT FOLDING HDPE TABLE,MESA RESINA PLEGABLE 3FT
01tVT00000E6MvRYAV,6FT FOLDING TABLE RATTAN DESIGN,MESA RESINA PLEGABLE IMITACION RATAN
01tVT00000E6OvdYAF,4FT FOLDING TABLE WITH WOODEN LOOK,MESA RESINA IMITACION MADERA PLEGABLE
01tVT00000E6PWjYAN,4FT FOLDING HDPE TABLE RATTAN DESIGN,MESA RESINA IMITACION MADERA PLEGABLE
01tVT00000E8z33YAB,PERSONAL HDPE TABLE,MESA RESINA PERSONAL
01tVT00000E8z7tYAB,6 FT FOLDING HDPE TABLE WOODEN DESIGN,MESA RESINA IMITACION MADERA PLEGABLE
01tVT00000EAfD7YAL,DINING SET 5 PIECES,JUEGO DE COMEDOR DE 5 PIEZAS
01tVT00000EAo1uYAD,DINING SET 5 PIECES,JUEGO DE COMEDOR DE 5 PIEZAS
01tVT00000EEfmPYAT,POLYRESIN SOLAR GARDEN GNOME WITH LED LIGHT,GNOMO DE JARDÍN DE POLIRESINA CON LUZ LED SOLAR
01tVT00000EEfmQYAT,POLYRESIN SOLAR GARDEN GNOME WITH LED LIGHT,GNOMO DE JARDÍN DE POLIRESINA CON LUZ LED SOLAR
01tVT00000EEfmRYAT,POLYRESIN SOLAR GARDEN GNOME WITH LED LIGHT,GNOMO DE JARDÍN DE POLIRESINA CON LUZ LED SOLAR
01tVT00000EEfmSYAT,POLYRESIN SOLAR GARDEN GNOME WITH LED LIGHT,GNOMO DE JARDÍN DE POLIRESINA CON LUZ LED SOLAR
01tVT00000EEfmTYAT,POLYRESIN SOLAR GARDEN GNOME WITH LED LIGHT,GNOMO DE JARDÍN DE POLIRESINA CON LUZ LED SOLAR
01tVT00000EEfmUYAT,POLYRESIN SOLAR GARDEN GNOME WITH LED LIGHT,GNOMO DE JARDÍN DE POLIRESINA CON LUZ LED SOLAR
01tVT00000EEfmVYAT,POLYRESIN SOLAR GARDEN GNOME WITH LED LIGHT,GNOMO DE JARDÍN DE POLIRESINA CON LUZ LED SOLAR
01tVT00000EEfmWYAT,POLYRESIN SOLAR GARDEN GNOME WITH LED LIGHT,GNOMO DE JARDÍN DE POLIRESINA CON LUZ LED SOLAR
01tVT00000EEfmXYAT,POLYRESIN SOLAR GARDEN GNOME WITH LED LIGHT,GNOMO DE JARDÍN DE POLIRESINA CON LUZ LED SOLAR
01tVT00000EEfmYYAT,POLYRESIN SOLAR GARDEN GNOME WITH LED LIGHT,GNOMO DE JARDÍN DE POLIRESINA CON LUZ LED SOLAR
01tVT00000EEfo1YAD,POLYRESIN SOLAR GARDEN GNOME WITH LED LIGHT,GNOMO DE JARDÍN DE POLIRESINA CON LUZ LED SOLAR
01tVT00000EEfo3YAD,POLYRESIN GARDEN GNOME WITH LEMON DESIGN,GNOMO DE JARDÍN DE POLIRESINA CON DISEÑO DE LIMÓN
01tVT00000EEiFeYAL,6 FT FOLDING HDPE TABLE (3.3 cm),MESA RESINA PLEGABLE 180 CM (3.3 cm)
01tVT00000EEikHYAT,6 FT FOLDING HDPE TABLE (3 cm),MESA RESINA PLEGABLE 180 CM (3 cm)
01tVT00000EEj5GYAT,PERSONAL HDPE TABLE,MESA RESINA PERSONAL
01tVT00000EEk7lYAD,6 FT FOLDING HDPE TABLE (3.3 cm),MESA RESINA PLEGABLE 180 CM (3.3 cm)
01tVT00000EEkNtYAL,6 FT FOLDING HDPE TABLE,MESA RESINA PLEGABLE 180 CM
01tVT00000EEkULYA1,6 FT FOLDING HDPE TABLE,MESA RESINA PLEGABLE 180 CM
01tVT00000EEoUjYAL,80CM BAR HDPE TABLE,MESA BAR 80 CM
01tVT00000EEorJYAT,60CM BAR HDPE TABLE,MESA BAR 60 CM
01tVT00000EEqZlYAL,5FT ROUND FOLD IN HALF HDPE TABLE,MESA REDONDA 5FT PLEGABLE A LA MITAD
01tVT00000EEuDZYA1,6 FT FOLDING HDPE TABLE,MESA RESINA PLEGABLE 180 CM
