Id,Name,ProductName__c,ProductCode
01t4w00000NO0PuAAL,SET COMEDOR MÁRMOL URUGUAY + 6 SILLAS,URUGUAY DINNING SET TABLE + 6 CHAIRS,H210090B
01t4w00000NO0PwAAL,SET COMEDOR MDF LIMA + 6 SILLAS,LIMA DINNING SET TABLE + 6 CHAIRS,H210091B
01t4w00000NO0Q0AAL,SET COMEDOR VIDRIO PANAMA + 6 CHAIRS,PANAMA DINNING SET TABLE + 6 CHAIRS,H210093B
01t4w00000NO0Q4AAL,SET COMEDOR MDF SERENA + 6 SILLAS,SERENA DINNING SET TABLE + 6 CHAIRS,H210092B
01t4w00000NO0QEAA1,SET COMEDOR MDF TUNJA + 2 SILLAS + 1 BANCA,TUNJA DINNING SET TABLE + 2 CHAIRS + 1 BENCH,H210094B
01t4w00000NO0QOAA1,SET COMEDOR MDF NAPLES BAR + 4 SILLAS,NAPLES BAR DINNING SET COUNTER HEIGHT TABLE + 4 CHAIRS,H210095B
01t4w00000NO0QTAA1,ESTANTERIA 5 NIVELES,BOOKSHELF,H314157B
01t4w00000NO0QaAAL,LITERA INFANTIL,BUNK BED,H313072B
01t4w00000NO0QdAAL,SILLA COMEDOR LVL,LOUNGE CHAIR,H201156B
01t4w00000NO0QiAAL,ESTANTERIA GIRATORIA 3 NIVELES,ROTATING BOOKSHELF,H314158B
01t4w00000NO0QsAAL,LITERA INFANTIL,BUNK BED,H313071B
01t4w00000NO0UQAA1,AIRE ACONDICIONADO,AIR CONDITIONER,B301105C
01t4w00000NhOlcAAF,GAZEBO CUADRADO PORTÁTIL POP UP,6FT X6FT PORTABLE POP UP GAZEBO,G106216Y
01t4w00000NhOlmAAF,GAZEBO CUADRADO,8FT X8 FT  GAZEBO,G106217Y
01t4w00000NhOlpAAF,GAZEBO CUADRADO POP UP CON 4 PAREDES,10FT X10 FT POP UP GAZEBO INCLUDES 4 WALLS,G106222Y
01t4w00000NhOlrAAF,GAZEBO CUADRADO POP UP,8FT X8FT POP UP GAZEBO,G106218Y
01t4w00000NhOlwAAF,GAZEBO CUADRADO POP UP,10FT X10 FT POP UP GAZEBO,G106219Y
01t4w00000NhOlyAAF,GAZEBO CUADRADO AJUSTABLE POP UP,10FT X10 FT POP UP GAZEBO,G106220Y
01t4w00000NhOm1AAF,GAZEBO CUADRADO POP UP CON MOSQUITERA,8FT X8FT POP UP GAZEBO WITH Netting Wall,G106221Y
01t4w00000NhOmBAAV,GAZEBO CUADRADO POP UP AJUSTABLE  CON 4 PAREDES,10FT X10 FT POP UP GAZEBO INCLUDES 4 WALLS,G106223Y
01t4w00000Nulb5AAB,JOYERO NECESER,JEWELRY BOX,H405128I
01t4w00000NulbsAAB,LAMPARA SOLAR IMITACION FUEGO,SOLAR FRAME LIGHT,G209216F
01t4w00000NulbuAAB,MECEDORA RECLINABLE CON PUF,GLIDER WITH RECLINER,H301030M
01t4w00000NulbwAAB,MESA RESINA PLEGABLE ? 4.5 cm,8FT FOLDING HDPE TABLE,G101011Q
01t4w00000NulbxAAB,SILLA PLEGABLE DOBLE,FOLDING HDPE CHAIR,G101003Q
01t4w00000NulbyAAB,HAMACA COLGANTE CON COJIN,HANGING CHAIR,G106076A
01t4w00000Nulc0AAB,COLUMPIO COLGANTE CON COJIN,HANGING CHAIR,G106077A
01t4w00000Nulc2AAB,HAMACA COLGANTE CON COJIN,HANGING CHAIR,G106076R
01t4w00000Nulc3AAB,COLUMPIO COLGANTE CON COJIN,HANGING CHAIR,G106077R
01t4w00000Nulc8AAB,MESA RESINA PERSONAL,FOLDING HDPE PERSONAL TABLE ADJUSTABLE,G101018S
01t4w00000Nulc9AAB,SILLA PLEGABLE DOBLE,FOLDING HDPE CHAIR,G101003S
01t4w00000NulcGAAR,MESA RESINA PLEGABLE ? 4 cm,122 CM FOLDING TABLE,G101024S
01t4w00000NulcJAAR,MESA RESINA PLEGABLE ? 4.5 cm,8FT FOLDING HDPE TABLE,G101011S
01t4w00000NulcKAAR,SET SILLAS INFANTIL CON SOMBRILLA,KIDS PATIO SET,G201011H
01t4w00000NulcMAAR,SILLA INFANTIL CON SOMBRILLA,KIDS CHAIR WITH UMBRELLA,G202010H
01t4w00000NulcOAAR,TUMBONA DE ALUMINIO,ALUMINIUM BED,G201012H
01t4w00000NulcQAAR,HAMACA MADERA CON TELA,WOODEN DECK CHAIR,G105016H
01t4w00000NulcTAAR,SET BISTRO METALICO PLEGABLE REDONDO,BISTRO SET,G104117H
01t4w00000NulcUAAR,SET BISTRO METALICO Y TEXTILENO,BISTRO SET,G104118H
01t4w00000NulcWAAR,SOMBRILLA PLAYA,BEACH UMBRELLA,G201013H
01t4w00000NulcYAAR,SOMBRILLA PLAYA,BEACH UMBRELLA,G201014H
01t4w00000NulcZAAR,HAMACA COLGANTE HILO DE ALGODON,HAMMOCK,G106079H
01t4w00000NulcbAAB,COLUMPIO SILLA COLGANTE,HANGING CHAIR SWING,G106078H
01t4w00000NulcdAAB,GAZEBO PLAYA INCLINADO,BEACH GAZEBO,G201015H
01t4w00000NulcfAAB,CORTAVIENTOS PLAYA,BEACH WINDBREAKER,G201016H
01t4w00000NulchAAB,GAZEBO PLAYA,GAZEBO BEACH IN POLYESTER,G201017H
01t4w00000NulckAAB,"(INACTIVO) VENTILADOR PISO 16""","16"" STAND FAN",H405129U
01t4w00000NulcmAAB,MESA RESINA PLEGABLE ? 4 cm,6FT FOLDING HDPE TABLE,G101028S
01t4w00000NulcoAAB,SILLON RECLINABLE MANUAL CON POSAVASOS,RECLINER CHAIR,H307002S
01t4w00000NulcqAAB,CENTRO ENTRETENIMIENTO 2 NIVELES,TV STAND,H304035S
01t4w00000NulcsAAB,"TV STAND MUEBLE CRISTAL SOPORTE 32-55""",TV STAND,H304036S
01t4w00000NulcvAAB,TV STAND MUEBLE CRISTAL,TV STAND,H304037B
01t4w00000NulcxAAB,SET MESA DOBLE CARA TIPO LEGO + BANCO INFANTIL,LEGO TABLE AND STOOL SET,H105011B
01t4w00000NulcyAAB,SET MESA DOBLE CARA TIPO LEGO + BANCO INFANTIL,CHILDREN PLASTIC CHAIR,
01t4w00000NulczAAB,BANCO INFANTIL,KID BENCH,G107007A
01t4w00000Nuld1AAB,ESTANTERIA METALICA 3 NIVELES,3 LAYERS METALIC SHELVING,H405002A
01t4w00000Nuld2AAB,ESTANTERIA METALICA 3 NIVELES,3 LAYERS METALIC SHELVING,
01t4w00000Nuld3AAB,ESTANTERIA METALICA 5 NIVELES,METALIC SHELF,H405130B
01t4w00000Nuld5AAB,"TV STAND SOBREMESA SOPORTE 27-55""",TV STAND,H304013O
01t4w00000Nuld7AAB,SILLA INFANTIL PLASTICO,CHILDREN PLASTIC CHAIR,H105003I
01t4w00000Nuld8AAB,LIBRERIA INFANTIL,BOOKCASE,H105016B
01t4w00000NuldAAAR,BANCO INFANTIL,KID BENCH,G107008A
01t4w00000NuldCAAR,BANCO INFANTIL,KID BENCH,G107009A
01t4w00000NuldEAAR,BANCO INFANTIL,KID BENCH,G107010A
01t4w00000NuldGAAR,SET PIZARRA/MESA + BANCO INFANTIL,KIDS EASEL,H105017B
01t4w00000NuldIAAR,MESA ESCRITORIO CON RUEDAS,COMPUTER DESK,H102014T
01t4w00000NuldLAAR,MESA ESCRITORIO CON RUEDAS,COMPUTER DESK,H102015T
01t4w00000NuldMAAR,SILLA ORDENADOR MESH,OFFICE CHAIR,H101002T
01t4w00000NuldOAAR,SILLA ORDENADOR,OFFICE CHAIR,H101003T
01t4w00000NuldQAAR,SILLA PLASTICO EAMS,EAMS PP CHAIR,H202032T
01t4w00000NuldSAAR,SILLA COMEDOR TELA,DINNING CHAIR,H203005T
01t4w00000NuldUAAR,ZAPATERA 3 NIVELES CON ESPEJOS,SHOE RACK WITH MIRROR,H301031T
01t4w00000NuldWAAR,BANCA ZAPATERA 2 NIVELES CAJONERAS,STORAGE BENCH,H301032T
01t4w00000NuldXAAR,BANCA ZAPATERA 1 NIVEL,SHOE RACK BENCH,H301033T
01t4w00000NuldaAAB,BANCA ZAPATERA 1 NIVEL,BENCH WITH SHOE RACK,H301034T
01t4w00000NuldcAAB,APARADOR 4 PUERTAS,CABINET,H301035T
01t4w00000NuldeAAB,CARRITO ORGANIZADOR COCINA 3 NIVELES + BOTELLERO,KITCHEN TROLLEY,H209016T
01t4w00000NuldgAAB,CARRITO ORGANIZADOR COCINA 3 NIVELES,KITCHEN TROLLEY,H209017T
01t4w00000NuldjAAB,CARRITO ORGANIZADOR COCINA 2 NIVELES,KITCHEN ISLAND,H209018T
01t4w00000NuldkAAB,CARRITO ORGANIZADOR COCINA 3 NIVELES,KITCHEN TROLLEY WITH SHALY TOP,H209019T
01t4w00000NuldmAAB,SET MESAS AUXILIARES 2 PIEZAS,NEST OF 2 TABLES,H305036T
01t4w00000NuldoAAB,SET MESAS AUXILIARES 3 PIEZAS,SET 3 COFFEE TABLE,H305037T
01t4w00000NuldqAAB,SET MESAS AUXILIARES 3 PIEZAS,SET 3 COFFEE TABLE,H305038T
01t4w00000NuldsAAB,SOFA CAMA,SOFA BED,H309017T
01t4w00000NulduAAB,SOFA CAMA PATAS MADERA,SOFA BED,H309018T
01t4w00000NuldwAAB,SILLON ARINDOAK POLIESTIRENO,ADIRONDACK CHAIR,G104119A
01t4w00000NuldyAAB,COLUMPIO COLGANTE CON COJIN,HANGING CHAIR,G106077T
01t4w00000Nule0AAB,HAMACA COLGANTE CON COJIN,HANGING CHAIR,G106076T
01t4w00000Nule3AAB,ASADOR CARBON REDONDO,CHARCOAL GRILL WITH WHEELS BLACK,G205037A
01t4w00000Nule4AAB,ASADOR CARBON PORTATIL CON BOLSA NEVERA,PORTABLE BBQ,G205052A
01t4w00000Nule6AAB,PLATO HIERRO BBQ,CAST IRON COOKING GRID,G205053A
01t4w00000Nule9AAB,PLATO HIERRO REJILLA BBQ,CAST IRON COOKING GRID,G205054A
01t4w00000NuleBAAR,SET ACCESORIOS 4 PIEZAS BBQ,BBQ TOOL SET,G205055A
01t4w00000NuleDAAR,BANCO TEKA CON ALMACENAJE,BOX BENCH,G104120T
01t4w00000NuleFAAR,COLUMPIO BALANCIN DOBLE TEKA,LEISURE SWING,G104121T
01t4w00000NuleIAAR,SET COMEDOR TEKA 5 PIEZAS AHORRAESPACIO,HIDEAWAY SET 1+4,G104122T
01t4w00000NuleJAAR,TUMBONA ACACIA CON BANDEJA Y COJIN,SUNLONGER,G104123T
01t4w00000NuleLAAR,SET BAR ACACIA 3 PIEZAS,BAR SET,G104124T
01t4w00000NuleMAAR,SET BISTRO ACACIA PLEGABLE,BALCONY SET,G104125T
01t4w00000NuleNAAR,SET BISTRO ACACIA PLEGABLE CON CAJON ZINC,TABLE WITH BOX  STORAGE,G104126T
01t4w00000NulePAAR,ESTRUCTURA CAMA,BED,H310001T
01t4w00000NuleRAAR,MESA BURO 1 CAJON,NIGHT STAND,H301036T
01t4w00000NuleTAAR,ARMARIO ROPERO + CAJON,WARDROBE,H301037T
01t4w00000NuleVAAR,APARADOR 5 CAJONES,WIDE CHEST OF DRAWER,H301038T
01t4w00000NuleXAAR,APARADOR 6 CAJONES,CHEST OF DRAWER,H301039T
01t4w00000NulefAAB,MESA RESINA PLEGABLE ? 4 cm,122 CM FOLDING TABLE,G101024T
01t4w00000NulehAAB,MESA RESINA PERSONAL,FOLDING HDPE PERSONAL TABLE ADJUSTABLE,G101018T
01t4w00000NuleiAAB,MESA RESINA PERSONAL,FOLDING HDPE PERSONAL TABLE ADJUSTABLE,
01t4w00000NulejAAB,SILLA PLEGABLE DOBLE,FOLDING HDPE CHAIR,G101003T
01t4w00000NulelAAB,SILLA RESINA DOBLE,FOLDING CHAIR,G101027T
01t4w00000NulenAAB,SILLA RESINA DOBLE,FOLDING HDPE CHAIR DOUBLE REINFORCEMENT,G101004T
01t4w00000NulerAAB,"TV STAND SOBREMESA SOPORTE 27-55""",TV STAND,H304013B
01t4w00000NuletAAB,MESA RESINA PLEGABLE ? 4.5 cm,8FT FOLDING HDPE TABLE,G101011T
01t4w00000NuleuAAB,MESA RESINA PLEGABLE,8FT FOLDING HDPE TABLE,
01t4w00000NulevAAB,BANCA RESINA PLEGABLE,6FT FOLDING HDPE BENCH,G101009T
01t4w00000NulewAAB,BANCA RESINA PLEGABLE,6FT FOLDING HDPE BENCH,
01t4w00000NulexAAB,GAZEBO CUADRADO CON BARRAS BAR+VISERAS,BBQ TENT,G106080T
01t4w00000NulezAAB,GAZEBO CUADRADO CON BANCOS,SQUARE GAZEBO WITH BENCHES,G106081T
01t4w00000Nulf1AAB,FUENTE BUDA CON LED,BUDDHA FOUNTAIN,G209217H
01t4w00000Nulf3AAB,SUCULENTA BUDA,BUDDHA FLOWER POT WITH SUCCULENTS,G209218H
01t4w00000Nulf5AAB,JARDÍN ZEN BUDA CON ARENA Y ARBOL,ZEN BUDDHA WITH SAND,G209219H
01t4w00000Nulf7AAB,JARDÍN ZEN BUDA CON ARENA,ZEN BUDDHA WITH SAND,G209220H
01t4w00000Nulf9AAB,SET SILLAS INFANTIL CON SOMBRILLA,KIDS PATIO SET,G107011H
01t4w00000NulfBAAR,SET SOFAS TEKA 4 PIEZAS CON COJINES,HAWAII COFFEE SET,G105009H
01t4w00000NulfDAAR,SET COMEDOR TEKA 5 PIEZAS AHORRAESPACIO,HIDEAWAY SET 1+4,G104122H
01t4w00000NulfFAAR,SET BISTRO ACACIA PLEGABLE CON CAJON ZINC,TABLE WITH BOX  STORAGE,G104126H
01t4w00000NulfHAAR,SET BISTRO TEKA CON COJINES,ISLAND BISTRO,G104127H
01t4w00000NulfJAAR,SET BISTRO TEKA CON COJINES,MISSION COMPANION SET,G104128H
01t4w00000NulfLAAR,SALA DE PATIO WICKER,SOFÁ SET,G102023H
01t4w00000NulfNAAR,ASADOR CARBON PORTATIL CON BOLSA NEVERA,PORTABLE BBQ,G205052H
01t4w00000NulfPAAR,GAZEBO CUADRADO CON BARRAS BAR+VISERAS,BBQ TENT,G106080H
01t4w00000NulfRAAR,SET SOFAS WICKER 4 PIEZAS,SOFA SET,G104129H
01t4w00000NulfTAAR,COLUMPIO BALANCIN DOBLE,SWING BENCH,G104130H
01t4w00000NulfVAAR,COLUMPIO COLGANTE CON COJIN,STEEL HANGING CHAIR,G106082H
01t4w00000NulfXAAR,SET 3 MESAS SOPORTE MACETAS REDONDO,SET 3 MOSAIC FLOWER STAND,G209221H
01t4w00000NulfZAAR,SOPORTE 2 MACETAS REDONDO BICICLETA,BICYCLE FLOWER STAND,G209222H
01t4w00000NulfbAAB,SET BISTRO CERAMICO,BISTRO SET,G104131H
01t4w00000NulfdAAB,SILLA COMEDOR WICKER,RATTAN CHAIR,G102024H
01t4w00000NulffAAB,HAMACA MADERA CON TELA POLIESTER,DECK CHAIR WITH POLYESTER FABRIC,G105017H
01t4w00000NulfhAAB,GAZEBO CUADRADO CON CORTINAS,METAL GAZEBO,G106083H
01t4w00000NulfkAAB,MANOPLA SILICONA BBQ,BARBECUE GLOV,G205056H
01t4w00000NulflAAB,SET ACCESORIOS 5 PIEZAS BBQ CON BOLSA,BBQ TOOL SET,G205057H
01t4w00000NulfnAAB,ASADOR CARBON AHUMADOR CILINDRICO,BBQ,G205058H
01t4w00000NulfpAAB,GAZEBO PLAYA,GAZEBO BEACH IN POLYESTER,G201017T
01t4w00000NulfrAAB,CORTAVIENTOS PLAYA,BEACH WINDBREAKER,G201016T
01t4w00000NulftAAB,GAZEBO PLAYA INCLINADO,BEACH GAZEBO,G201015T
01t4w00000NulfvAAB,MESA REDONDA AUXILIAR,FOLDING ROUND TABLE,G104132T
01t4w00000NulfxAAB,MESA CUADRADA AUXILIAR,FOLDING SIDE TABLE,G104133T
01t4w00000NulfzAAB,SOMBRILLA JARDIN 8 RIBS,UMBRELLA,G106084T
01t4w00000Nulg1AAB,SOMBRILLA PLAYA CON BOLSA,BEACH UMBRELLA,G106085T
01t4w00000Nulg3AAB,SOMBRILLA PLAYA,BEACH UMBRELLA,G106086T
01t4w00000Nulg5AAB,SET PICNIC PLEGABLE,FOLDABLE PICNIC SET,G202011T
01t4w00000Nulg7AAB,SET BISTRO METALICO PLEGABLE REDONDO,BISTRO SET,G104117T
01t4w00000Nulg9AAB,SET BISTRO METALICO PLEGABLE CUADRADO,BISTRO SET OF 3,G104134T
01t4w00000NulgBAAR,SALA DE PATIO WICKER 7 PIEZAS CON COJINES,DINING SET 7 SEATER,G104135T
01t4w00000NulgDAAR,SILLA INFANTIL CON SOMBRILLA Y BOLSA,CHILDREN FOLDING CHAIR WITH UMBRELLA,G104091T
01t4w00000NulgFAAR,BANCA RESINA PLEGABLE ? 4.5 cm,FOLDING BENCH ? 4.5 cm,G101029Q
01t4w00000NulgHAAR,MANGUERA EXPANDIBLE 15 MT + 15 MT,EXPANDABLE HOSE,G206040F
01t4w00000NulgJAAR,SILLON ARINDOAK POLIESTIRENO,ADIRONDACK CHAIR,G104119F
01t4w00000NulgLAAR,DISPLAY PLANTAS 96 PIEZAS,ARTIFICIAL PLANT DISPLAY,G209223F
01t4w00000NulgNAAR,DISPLAY LAMPARAS 24 PIEZAS,BASKET LANTERN DISPLAY,G209224F
01t4w00000NulgPAAR,SET SOFAS WICKER 3 PIEZAS CON COJINES,MODULAR SET 1 (NO PILLOW),G104036A
01t4w00000NulgRAAR,SET JARDIN 5 PIEZAS,CHAIR AND TABLE SET,G102025A
01t4w00000NulgTAAR,SOMBRILLA PLAYA CON BOLSA,BEACH UMBRELLA,G106085A
01t4w00000NulgVAAR,SET BISTRO AHORRA ESPACIO,CHAIR SET OF 3 PIECES,G104136A
01t4w00000NulgXAAR,MESA JARDIN RECTANGULAR,RECTANGLE TABLE,G104137A
01t4w00000NulgZAAR,(INACTIVO) MESA JARDIN REDONDA BISTRO,ROUND TABLE,G104138A
01t4w00000NulgbAAB,(INACTIVO) CARPA POP UP,GAZEBO,G106087A
01t4w00000NulgdAAB,SOMBRILLA PLAYA,BEACH UMBRELLA,G201018A
01t4w00000NulgfAAB,SOMBRILLA PLAYA,BEACH UMBRELLA,G201019H
01t4w00000NulghAAB,CARPA INFANTIL CON MOSQUITERA,GAZEBO,G106088A
01t4w00000NulgjAAB,BANCO INFANTIL,KID BENCH,G107007H
01t4w00000NulglAAB,BANCO INFANTIL,KID BENCH,G107009H
01t4w00000NulgnAAB,PORTAMANGUERA AUTOENRROLLABLE CON MANGUERA PARED 20 MT,AUTO REWIND HOSE REEL 20 M,G206041F
01t4w00000NulgpAAB,TUMBONA EUCALIPTO CON COJIN,SUNLOUNGER WITH ARMRESTS & WITH 5CM SEAT CUSHION,G104139F
01t4w00000NulgrAAB,SET BISTRO ACACIA PLEGABLE,BALCONY SET,G104140F
01t4w00000NulgtAAB,SOPORTE MANGUERA PARED,PLASTIC HOSE HANGER,G206042H
01t4w00000NulgvAAB,GUIA MANGUERA,HOSE GUIDE,G206043H
01t4w00000NulgxAAB,MACETERO DECORATIVO CASITA 2 MACETAS,METAL GARDEN POT,G209225H
01t4w00000NulgzAAB,MACETERO DECORATIVO PAJAROS 2 MACETAS,METAL GARDEN POT,G209226H
01t4w00000Nulh1AAB,MACETERO DECORATIVO CASITA 2 MACETAS,DECORATIVE PLANTER HOME 2 POTS,G209227H
01t4w00000Nulh3AAB,GUIA MANGUERA,HOSE GUIDE,G206043A
01t4w00000Nulh5AAB,GUIA MANGUERA Y CABLE,HOSE AND CABLE GUIDE,G206044A
01t4w00000Nulh7AAB,DUCHA TELESCOPICA CON TRIPODE,TELESCOPIC GARDEN SHOWER WITH TRIPOD,G206045A
01t4w00000Nulh9AAB,MANGUERA TELESCOPICA CON TRIPODE,TELESCOPIC GARDEN SHOWER WITH TIRPOD,G206046A
01t4w00000NulhAAAR,FUMIGADOR 1 LITRO A BATERIA,BATTERY SPRAYER,G207011A
01t4w00000NulhCAAR,REGADERA PLASTICO 1.8 LT,WATERING CAN,G208002A
01t4w00000NulhIAAR,SET JARDIN 5 PIEZAS,CHAIR AND TABLE SET,G102025H
01t4w00000NulhKAAR,(INACTIVO) CARPA POP UP,GAZEBO,G106087H
01t4w00000NulhMAAR,SOMBRILLA PLAYA,BEACH UMBRELLA,G201018H
01t4w00000NulhOAAR,SOMBRILLA PLAYA CON BOLSA,BEACH UMBRELLA,G106085H
01t4w00000NulhQAAR,MESA JARDIN RECTANGULAR,RECTANGLE TABLE,G104137H
01t4w00000NulhSAAR,(INACTIVO) MESA JARDIN REDONDA BISTRO,ROUND TABLE,G104138H
01t4w00000NulhUAAR,SET BISTRO AHORRA ESPACIO,CHAIR SET OF 3 PIECES,G104136H
01t4w00000NulhWAAR,PLATO HIERRO BBQ,CAST IRON COOKING GRID,G205053H
01t4w00000NulhYAAR,PLATO HIERRO REJILLA BBQ,CAST IRON COOKING GRID,G205054H
01t4w00000NulhaAAB,SET ACCESORIOS 4 PIEZAS BBQ,BBQ TOOL SET,G205055H
01t4w00000NulhcAAB,GAZEBO HEXAGONAL POLIESTER,HEXAGONAL POLYESTER GAZEBO,G106075H
01t4w00000NulheAAB,CARPA INFANTIL CON MOSQUITERA,GAZEBO,G106088H
01t4w00000NulhgAAB,HAMACA COLGANTE CON COJIN,HANGING CHAIR,G106076H
01t4w00000NulhiAAB,COLGADOR DE VIENTO PIÑA,"10"" WIND SPINNER",G209228H
01t4w00000NulhkAAB,COLGADOR DE VIENTO MARIPOSA,"10"" WIND SPINNER",G209229H
01t4w00000NulhlAAB,COLGADOR DE VIENTO SOL,"10"" WIND SPINNER",G209230H
01t4w00000NulhoAAB,COLGADOR DE VIENTO ESPIRAL PAJARO,humming bird wind spinner with sprial,G209231H
01t4w00000NulhrAAB,COLGADOR DE VIENTO ESPIRAL MARIPOSA,dragonfly wind spinner with spiral,G209232H
01t4w00000NulhsAAB,COLGADOR DE VIENTO PERRO,dog wind chime,G209233H
01t4w00000NulhuAAB,COLGADOR DE VIENTO GATO,cat wind chime,G209234H
01t4w00000NulhwAAB,MESA RESINA IMITACION MADERA PLEGABLE,PLASTIC FOLDING TABLE WITH WOODEN LOOK,G102022J
01t4w00000NulhyAAB,SILLA RESINA IMITACION RATAN,FOLDING PLASTIC CHAIR,G102012J
01t4w00000Nuli0AAB,MESA RESINA PLEGABLE ? 4 cm,122 CM FOLDING TABLE,G101024J
01t4w00000Nuli2AAB,BUTACO TALLER PLEGABLE,FOLDING PLASTIC STOOL,B201001J
01t4w00000Nuli3AAB,BUTACO TALLER PLEGABLE,FOLDING PLASTIC STOOL,B201002J
01t4w00000Nuli4AAB,BUTACO TALLER PLEGABLE,FOLDING PLASTIC STOOL,B201003J
01t4w00000Nuli5AAB,BUTACO TALLER PLEGABLE,FOLDING PLASTIC STOOL,B201004J
01t4w00000Nuli6AAB,BUTACO TALLER PLEGABLE,FOLDING PLASTIC STOOL,B201005J
01t4w00000Nuli7AAB,BUTACO TALLER PLEGABLE,FOLDING PLASTIC STOOL,B201006J
01t4w00000Nuli8AAB,BUTACO TALLER PLEGABLE,FOLDING PLASTIC STOOL,B201007J
01t4w00000Nuli9AAB,BUTACO TALLER PLEGABLE,FOLDING PLASTIC STOOL,B201008J
01t4w00000NuliAAAR,BUTACO TALLER PLEGABLE,FOLDING PLASTIC STOOL,B201009J
01t4w00000NuliBAAR,BUTACO TALLER PLEGABLE CON RESPALDO,FOLDING PLASTIC STOOL WITH BACK,B201010J
01t4w00000NuliMAAR,SILLA RESINA PLEGABLE BASICA,FOLDING HDPE BASIC CHAIR,G101006J
01t4w00000NuliOAAR,ESCALERA DOMESTICA 2 NIVELES,STEP LADDER 2 STEPS,H403001J
01t4w00000NuliQAAR,BOTA DIELE.18 VOLT. SBP,SAFETY BOOT,B101038N
01t4w00000NuliSAAR,ESCALERA DOMESTICA 2 NIVELES,STEP LADDER 2 STEPS,H403002J
01t4w00000NuliUAAR,ESCALERA DOMESTICA 2 NIVELES,STEP LADDER 2 STEPS,H403003J
01t4w00000NuliWAAR,ESCALERA DOMESTICA 3 NIVELES,STEP LADDER 3 STEPS,H403004J
01t4w00000NuliYAAR,ESCALERA DOMESTICA 3 NIVELES,STEP LADDER 3 STEPS,H403005J
01t4w00000NuliaAAB,ESCALERA DOMESTICA 3 NIVELES,STEP LADDER 3 STEPS,H403006J
01t4w00000NulicAAB,ESCALERA DOMESTICA 4 NIVELES,STEP LADDER 4 STEPS,H403007J
01t4w00000NulieAAB,ESCALERA DOMESTICA 4 NIVELES,STEP LADDER 4 STEPS,H403008J
01t4w00000NuligAAB,ESCALERA DOMESTICA 4 NIVELES,STEP LADDER 4 STEPS,H403009J
01t4w00000NuliiAAB,GAZEBO CUADRADO CON BARRAS BAR,GAZEBO,G106089S
01t4w00000NulikAAB,TUMBONA RELAX,RELAX CHAIR,G202012S
01t4w00000NulimAAB,CARPA PISCINA INFANTIL,KIDS POOL TENT,G106090S
01t4w00000NulioAAB,MESA RESINA IMITACION MADERA PLEGABLE,PLASTIC FOLDING TABLE WITH WOODEN LOOK,G102022S
01t4w00000NuliqAAB,SET BISTRO RESINA IMITACION MADERA,BALCONY SET,G103016S
01t4w00000NulisAAB,SOFA CAMA,SOFA BED,H309019S
01t4w00000NuliuAAB,SILLA COMEDOR PLASTICO APILABLE,PLASTIC,H202034S
01t4w00000NuliwAAB,SET DESAYUNADOR MDF + 2 TABURETES + ALMACENAJE 3 NIVELES,DINING SET,H208001I
01t4w00000NulizAAB,MESA AUXILIAR,END TABLE,H305039I
01t4w00000Nulj1AAB,MESA AUXILIAR,END TABLE,H305040I
01t4w00000Nulj3AAB,MESA LATERAL AUXILIAR,END TABLE,H305041I
01t4w00000Nulj5AAB,MOCHILA TROLLEY CAPITONE,BACKPACK,H106009G
01t4w00000Nulj7AAB,MOCHILA TROLLEY CAPITONE,BACKPACK,H106010G
01t4w00000Nulj9AAB,MOCHILA TROLLEY CAPITONE,BACKPACK,H106011G
01t4w00000NuljBAAR,MESA RESINA PERSONAL,FOLDING HDPE PERSONAL TABLE ADJUSTABLE,G101018E
01t4w00000NuljCAAR,MESA RESINA PLEGABLE,FOLDING HDPE TABLE ADJUSTABLE,G101002A
01t4w00000NuljDAAR,MESA LATERAL AUXILIAR CON CAJON,LATERAL TABLE WITH DRAWER,H305006B
01t4w00000NuljEAAR,MESA LATERAL FORMA U,SNACK TABLE,H305007B
01t4w00000NuljFAAR,MESA AUXILIAR CON BALDA,END TABLE,H305008B
01t4w00000NuljGAAR,ESTANTERIA 3 NIVELES,3 TIER SHELF,H302034B
01t4w00000NuljHAAR,APARADOR 2 NIVELES,3 TIER CONSOLE,H305009B
01t4w00000NuljIAAR,SILLA PLEGABLE ACOLCHADA TELA,FABRIC FOLDING CHAIR,H201001F
01t4w00000NuljJAAR,BOTA DIELE.18 VOLT. SBP,"BUFFALO LEATHER DIELECTRIC SBP BOOT 18,000 VOLTS",B101012N
01t4w00000NuljKAAR,BOTA DIELE.18 VOLT. SBP,"BUFFALO LEATHER DIELECTRIC SBP BOOT 18,000 VOLTS",B101013N
01t4w00000NuljLAAR,BOTA DIELE.18 VOLT. SBP,"BUFFALO LEATHER DIELECTRIC SBP BOOT 18,000 VOLTS",B101014N
01t4w00000NuljMAAR,BOTA DIELE.18 VOLT. SBP,"BUFFALO LEATHER DIELECTRIC SBP BOOT 18,000 VOLTS",B101015N
01t4w00000NuljNAAR,BOTA DIELE.18 VOLT. SBP,"BUFFALO LEATHER DIELECTRIC SBP BOOT 18,000 VOLTS",B101016N
01t4w00000NuljOAAR,BOTA DIELE.18 VOLT. SBP,"BUFFALO LEATHER DIELECTRIC SBP BOOT 18,000 VOLTS",B101017N
01t4w00000NuljPAAR,BOTA DIELE.18 VOLT. SBP,"BUFFALO LEATHER DIELECTRIC SBP BOOT 18,000 VOLTS",B101019N
01t4w00000NuljQAAR,BOTA DIELE.18 VOLT. SBP,"BUFFALO LEATHER DIELECTRIC SBP BOOT 18,000 VOLTS",B101021N
01t4w00000NuljRAAR,MESA RESINA PLEGABLE,6FT FOLDING HDPE TABLE,G101001E
01t4w00000NuljSAAR,SILLA PLEGABLE DOBLE,FOLDING HDPE CHAIR,G101003A
01t4w00000NuljTAAR,SILLA PLEGABLE DOBLE,FOLDING HDPE CHAIR,G101003E
01t4w00000NuljUAAR,SILLA RESINA PLEGABLE BASICA,FOLDING HDPE BASIC CHAIR,G101006A
01t4w00000NuljVAAR,SILLA RESINA PLEGABLE BASICA,FOLDING HDPE BASIC CHAIR,G101020A
01t4w00000NuljWAAR,MESA RESINA PLEGABLE ? 4.5 cm,6FT FOLDING HDPE TABLE,G101007A
01t4w00000NuljXAAR,MESA RESINA PLEGABLE 180 CM,6 FT FOLDING HDPE TABLE,G101008A
01t4w00000NuljYAAR,BANCA RESINA PLEGABLE,6FT FOLDING HDPE BENCH,G101009A
01t4w00000NuljZAAR,MESA RESINA PLEGABLE ? 4.5 cm,8FT FOLDING HDPE TABLE,G101011E
01t4w00000NuljaAAB,MESA RESINA PLEGABLE REDONDA,5FT FOLDING HDPE ROUND TABLE,G101017E
01t4w00000NuljbAAB,MESA RESINA PERSONAL,FOLDING HDPE PERSONAL TABLE ADJUSTABLE,G101018A
01t4w00000NuljcAAB,MESA RESINA PLEGABLE ? 4.5 cm,6FT FOLDING HDPE TABLE,G101019A
01t4w00000NuljdAAB,COLUMPIO BALANCIN INFANTIL,KID'S SWING CHAIR FROG,G107001A
01t4w00000NuljeAAB,COLUMPIO BALANCIN INFANTIL,KID'S SWING CHAIR LADYBUG,G107002A
01t4w00000NuljfAAB,ASADOR CARBON CUADRADO PLEGABLE,"18,5"" FOLDABLE BBQ GRILL",G205001A
01t4w00000NuljgAAB,ASADOR CARBON CUADRADO PLEGABLE,"18,5"" FOLDABLE BBQ GRILL",G205001H
01t4w00000NuljhAAB,ASADOR CARBON REDONDO,"17"" KETTLE BBQ GRILL",G205002H
01t4w00000NuljiAAB,MANDIL FUTBOL CON ACCESORIOS BBQ,FOOTBALL BBQ TOOL SET WITH ACCESORIES,G205003H
01t4w00000NuljjAAB,ASADOR CARBON PORTATIL DESECHABLE 500 GR.,DISPOSABLE BBQ GRILL WITH CHARCOAL 500 GR.,G205004H
01t4w00000NuljkAAB,MANGUERA EXPANDIBLE 15+15 MT C/PISTOLA 7 FUNCIONES,7 SPRAY PATTERN NOZZLE AND VALVE + 2 PCS 50 FT HOSE CONNECTED,G206001D
01t4w00000NuljlAAB,SET MESA + BANCOS INFANTIL,GIRL TABLE AND 2 STOOLS,H105015I
01t4w00000NuljmAAB,SET MESA + BANCOS INFANTIL,BOY TABLE AND TWO STOOLS,H105010I
01t4w00000NuljnAAB,SET MESA ESCRITORIO + SILLA,SET COMPUTER DESK TABLE AND CHAIR,H102004I
01t4w00000NuljoAAB,BANDEJA LAPTOP INFANTIL,GIRL LAPDESK,H105014I
01t4w00000NuljpAAB,BANDEJA LAPTOP INFANTIL,BOY LAPDESK,H105012I
01t4w00000NuljqAAB,BANDEJA LAPTOP BAMBÚ,BAMBOO LAPDESK,H104006I
01t4w00000NuljrAAB,ESTACION CARGA BAMBÚ,BAMBOO CHARGE STATION,H104007I
01t4w00000NuljsAAB,ORGANIZADOR ESCRITORIO 2 CAJONES BAMBÚ,BAMBOO DESK ORGANIZER,H104008I
01t4w00000NuljtAAB,SILLA INFANTIL PLASTICO,CHILDREN PLASTIC CHAIR,H105001I
01t4w00000NuljuAAB,SILLA INFANTIL PLASTICO,CHILDREN PLASTIC CHAIR,H105002I
01t4w00000NuljvAAB,SILLA INFANTIL PLASTICO,CHILDREN PLASTIC CHAIR,H105004I
01t4w00000NuljwAAB,SILLA INFANTIL PLASTICO,CHILDREN PLASTIC CHAIR,H105005I
01t4w00000NuljxAAB,JUGUETERO 9 CAJONES DE TELA INFANTIL,GIRL STORAGE WITH NINE BINS,H105006I
01t4w00000NuljyAAB,JUGUETERO 9 CAJONES DE TELA INFANTIL,ROBOT STORAGE WITH NINE BINS,H105007I
01t4w00000NuljzAAB,PIZARRA INFANTIL CON ALMACENAJE,CHILDREN'S BLACKBOARD,H105008I
01t4w00000Nulk0AAB,BANCA INFANTIL TRANSFORMER,CHILDREN BENCH TABLE AND STORAGE,H105009A
01t4w00000Nulk1AAB,TABURETE PLEGABLE VERDE,METAL FOLDING PLASTIC BAR STOOL,H201017B
01t4w00000Nulk2AAB,TABURETE PLEGABLE,FOLDING STOOL,H201018B
01t4w00000Nulk3AAB,SILLA COMEDOR,CHAIR,H201019B
01t4w00000Nulk4AAB,TABURETE PLEGABLE,METAL FOLDING PLASTIC BAR STOOL,H201020B
01t4w00000Nulk5AAB,TABURETE PLEGABLE,METAL FOLDING PLASTIC BAR STOOL,H201021B
01t4w00000Nulk6AAB,SILLA PLEGABLE ECO PP,FOLDING PP CHAIR,H201015B
01t4w00000Nulk7AAB,SILLA PLASTICO TIPO TIFFANY,PP CHAIR TIFFANY STYLE (NON-KD),H202001I
01t4w00000Nulk8AAB,SILLA PLASTICO TIPO TIFFANY,PP CHAIR TIFFANY STYLE,H202002I
01t4w00000Nulk9AAB,CARRITO AUXILIAR METALICO 3 NIVELES,METALIC TROLLEY,H209001I
01t4w00000NulkAAAR,CARRITO AUXILIAR METALICO 3 NIVELES,METALIC TROLLEY,H209002I
01t4w00000NulkBAAR,SOFA CAMA MODELO BILBAO,BILBAO SOFA BED,H300001F
01t4w00000NulkCAAR,JOYERO SOBREMESA BOLA BLANCO,JEWELER WITH TABLE MIRROR,H301001I
01t4w00000NulkDAAR,TOCADOR CON ESPEJO + 3 CAJONES,JEWELER DRESSING TABLE WITH MIRROR,H301002I
01t4w00000NulkEAAR,REPISA MAGICA,FLOATING SHELF,H302017B
01t4w00000NulkFAAR,REPISA MAGICA CON DIBUJO,FLOATING SHELF WITH DRAWING,H302018B
01t4w00000NulkGAAR,REPISA MAGICA CON 2 CAJONES,FLOATING SHELF WITH 2 DRAWERS,H302019B
01t4w00000NulkHAAR,SET REPISAS MAGICAS 2 PIEZAS CUBOS,CUBE SHELVES DECORATIVE SET OF 2,H302020B
01t4w00000NulkIAAR,SET REPISAS MAGICAS 2 PIEZAS CUBO,CUBE SHELVES DIAMOND SET OF 2,H302021B
01t4w00000NulkJAAR,SET REPISAS MAGICAS 2 PIEZAS CUBOS,CUBE SHELVES DECORATIVE SET OF 2,H302022B
01t4w00000NulkKAAR,REPISA 2 NIVELES ESCALERA,LADDER SHELF,H302023B
01t4w00000NulkLAAR,SET REPISAS APILABLES 3 PIEZAS,STACKABLE STORAGES SET OF 3 COLOURS,H302024B
01t4w00000NulkMAAR,MESA ESCRITORIO DE PARED + ESTANTERIA 3 NIVELES,WALL DESK WITH 3 SHELVES,H302025B
01t4w00000NulkNAAR,MESA ESCRITORIO DE PARED ABATIBLE,WALL DESK WITH FOLDING DOOR,H302026B
01t4w00000NulkOAAR,REPISA 5 NIVELES ESQUINA DECORATIVA,CORNER SHELF DECORATIVE,H302027B
01t4w00000NulkPAAR,REPISA 3 NIVELES ROMBO DECORATIVA,DIAMOND WALL SHELF,H302028B
01t4w00000NulkQAAR,BOTELLERO CON MESA DE MADERA,WINE RACK WITH WOOD TABLE,H302029B
01t4w00000NulkRAAR,BOTELLERO CON MESA DE MADERA,WINE RACK WITH WOOD TABLE,H302030B
01t4w00000NulkSAAR,BOTELLERO DE PARED DE MADERA,WALL WINE RACK WITH WOOD,H302031B
01t4w00000NulkTAAR,SET MESAS AUXILIARES 2 PIEZAS,ROUND TABLE SET OF 2,H302032B
01t4w00000NulkUAAR,"TV STAND MUEBLE CRISTAL SOPORTE 32-55""","TV STAND WITH SUPPORT FOR FLAT SCREEN 55"" AND 20 KG",H304001I
01t4w00000NulkVAAR,"TV STAND MUEBLE CRISTAL SOPORTE 32-55""","TV STAND WITH SUPPORT FOR FLAT SCREEN 55""",H304002I
01t4w00000NulkWAAR,TV STAND MUEBLE CRISTAL,TV STAND WITHOUT SUPPORT,H304003I
01t4w00000NulkXAAR,"TV STAND MUEBLE CRISTAL SOPORTE 32-55""","TV STAND WOOD WITH SUPPORT FOR FLAT SCREEN 55""",H304004I
01t4w00000NulkYAAR,MESA AUXILIAR CRISTAL,ROUND COFFEE TABLE WITH GLASS,H305001B
01t4w00000NulkZAAR,MESA AUXILIAR,ROUND COFFEE TABLE MDF,H305002B
01t4w00000NulkaAAB,MESA AUXILIAR CRISTAL,SQUARE COFFEE TABLE WITH GLASS,H305003B
01t4w00000NulkbAAB,MESA AUXILIAR,ROUND COFFEE TABLE MDF,H305004B
01t4w00000NulkcAAB,MESA AUXILIAR CRISTAL,OVAL COFFEE TABLE WITH GLASS,H305005B
01t4w00000NulkdAAB,ESTANTERIA METALICA 5 NIVELES,5 LAYERS METALIC SHELVING,H405001I
01t4w00000NulkeAAB,ESTANTERIA METALICA 3 NIVELES,3 LAYERS METALIC SHELVING,H405002I
01t4w00000NulkfAAB,MESA RESINA PERSONAL,FOLDING HDPE PERSONAL TABLE ADJUSTABLE,
01t4w00000NulkgAAB,MESA RESINA PLEGABLE,FOLDING HDPE TABLE ADJUSTABLE,
01t4w00000NulkhAAB,MESA LATERAL AUXILIAR CON CAJON,LATERAL TABLE WITH DRAWER,
01t4w00000NulkiAAB,MESA LATERAL FORMA U,SNACK TABLE,
01t4w00000NulkjAAB,MESA AUXILIAR CON BALDA,END TABLE,
01t4w00000NulkkAAB,ESTANTERIA 3 NIVELES,3 TIER SHELF,
01t4w00000NulklAAB,APARADOR 2 NIVELES,3 TIER CONSOLE,
01t4w00000NulkmAAB,SILLA PLEGABLE ACOLCHADA TELA,FABRIC FOLDING CHAIR,
01t4w00000NulknAAB,BOTA DIELE.18 VOLT. SBP,"BUFFALO LEATHER DIELECTRIC SBP BOOT 18,000 VOLTS",
01t4w00000NulkoAAB,BOTA DIELE.18 VOLT. SBP,"BUFFALO LEATHER DIELECTRIC SBP BOOT 18,000 VOLTS",
01t4w00000NulkpAAB,BOTA DIELE.18 VOLT. SBP,"BUFFALO LEATHER DIELECTRIC SBP BOOT 18,000 VOLTS",
01t4w00000NulkqAAB,BOTA DIELE.18 VOLT. SBP,"BUFFALO LEATHER DIELECTRIC SBP BOOT 18,000 VOLTS",
01t4w00000NulkrAAB,BOTA DIELE.18 VOLT. SBP,"BUFFALO LEATHER DIELECTRIC SBP BOOT 18,000 VOLTS",
01t4w00000NulksAAB,BOTA DIELE.18 VOLT. SBP,"BUFFALO LEATHER DIELECTRIC SBP BOOT 18,000 VOLTS",
01t4w00000NulktAAB,BOTA DIELE.18 VOLT. SBP,"BUFFALO LEATHER DIELECTRIC SBP BOOT 18,000 VOLTS",
01t4w00000NulkuAAB,BOTA DIELE.18 VOLT. SBP,"BUFFALO LEATHER DIELECTRIC SBP BOOT 18,000 VOLTS",
01t4w00000NulkvAAB,MESA RESINA PLEGABLE,6FT FOLDING HDPE TABLE,
01t4w00000NulkwAAB,SILLA PLEGABLE PP,FOLDING HDPE CHAIR DOUBLE REINFORCEMENT,
01t4w00000NulkxAAB,SILLA RESINA DOBLE BLANCA,FOLDING HDPE CHAIR DOUBLE REINFORCEMENT,
01t4w00000NulkyAAB,SILLA RESINA PLEGABLE BASICA,FOLDING HDPE BASIC CHAIR,
01t4w00000NulkzAAB,SILLA RESINA PLEGABLE BASICA,FOLDING HDPE BASIC CHAIR,
01t4w00000Null0AAB,MESA RESINA PLEGABLE ? 4.5 cm,6FT FOLDING HDPE TABLE,
01t4w00000Null1AAB,MESA RESINA PLEGABLE 180 CM,6FT FOLDING HDPE TABLE,
01t4w00000Null2AAB,BANCA RESINA PLEGABLE,6FT FOLDING HDPE BENCH,
01t4w00000Null3AAB,MESA RESINA PLEGABLE,8FT FOLDING HDPE TABLE,
01t4w00000Null4AAB,MESA RESINA PLEGABLE REDONDA,5FT FOLDING HDPE ROUND TABLE,
01t4w00000Null5AAB,MESA RESINA PERSONAL,FOLDING HDPE PERSONAL TABLE ADJUSTABLE,
01t4w00000Null6AAB,MESA RESINA PLEGABLE ? 4.5 cm,6FT FOLDING HDPE TABLE,
01t4w00000Null7AAB,COLUMPIO BALANCIN INFANTIL,KID'S SWING CHAIR FROG,
01t4w00000Null8AAB,COLUMPIO BALANCIN INFANTIL,KID'S SWING CHAIR LADYBUG,
01t4w00000Null9AAB,ASADOR CARBON CUADRADO PLEGABLE,"18,5"" FOLDABLE BBQ GRILL",
01t4w00000NullAAAR,ASADOR CARBON CUADRADO PLEGABLE,"18,5"" FOLDABLE BBQ GRILL",
01t4w00000NullBAAR,ASADOR CARBON REDONDO,"17"" KETTLE BBQ GRILL",
01t4w00000NullCAAR,MANDIL FUTBOL CON ACCESORIOS BBQ,FOOTBALL BBQ TOOL SET WITH ACCESORIES,
01t4w00000NullDAAR,ASADOR CARBON PORTATIL DESECHABLE 500 GR.,DISPOSABLE BBQ GRILL WITH CHARCOAL 500 GR.,
01t4w00000NullEAAR,MANGUERA EXPANDIBLE 15+15 MT C/PISTOLA 7 FUNCIONES,7 SPRAY PATTERN NOZZLE AND VALVE + 2 PCS 50 FT HOSE CONNECTED,
01t4w00000NullFAAR,SET MESA + BANCOS INFANTIL,GIRL TABLE AND 2 STOOLS,
01t4w00000NullGAAR,SET MESA + BANCOS INFANTIL,BOY TABLE AND 2 STOOLS,
01t4w00000NullHAAR,SET MESA ESCRITORIO + SILLA,SET COMPUTER DESK TABLE AND CHAIR,
01t4w00000NullIAAR,BANDEJA LAPTOP INFANTIL,GIRL LAPDESK,
01t4w00000NullJAAR,BANDEJA LAPTOP INFANTIL,BOY LAPDESK,
01t4w00000NullKAAR,BANDEJA LAPTOP BAMBÚ,BAMBOO LAPDESK,
01t4w00000NullLAAR,ESTACION CARGA BAMBÚ,BAMBOO CHARGE STATION,
01t4w00000NullMAAR,ORGANIZADOR ESCRITORIO 2 CAJONES BAMBÚ,BAMBOO DESK ORGANIZER,
01t4w00000NullNAAR,SILLA INFANTIL PLASTICO,CHILDREN PLASTIC CHAIR,
01t4w00000NullOAAR,SILLA INFANTIL PLASTICO,CHILDREN PLASTIC CHAIR,
01t4w00000NullPAAR,SILLA INFANTIL PLASTICO,CHILDREN PLASTIC CHAIR,
01t4w00000NullQAAR,SILLA INFANTIL PLASTICO,CHILDREN PLASTIC CHAIR,
01t4w00000NullRAAR,SILLA INFANTIL PLASTICO,CHILDREN PLASTIC CHAIR,
01t4w00000NullSAAR,JUGUETERO 9 CAJONES DE TELA INFANTIL,GIRL STORAGE WITH NINE BINS,
01t4w00000NullTAAR,JUGUETERO 9 CAJONES DE TELA INFANTIL,ROBOT STORAGE WITH NINE BINS,
01t4w00000NullUAAR,PIZARRA INFANTIL CON ALMACENAJE,CHILDREN'S BLACKBOARD,
01t4w00000NullVAAR,BANCA INFANTIL TRANSFORMER,CHILDREN BENCH TABLE AND STORAGE,
01t4w00000NullWAAR,TABURETE PLEGABLE VERDE,METAL FOLDING PLASTIC BAR STOOL,
01t4w00000NullXAAR,TABURETE PLEGABLE,METAL FOLDING PLASTIC BAR STOOL,
01t4w00000NullYAAR,SILLA COMEDOR,METAL FOLDING PLASTIC BAR STOOL,
01t4w00000NullZAAR,TABURETE PLEGABLE,METAL FOLDING PLASTIC BAR STOOL,
01t4w00000NullaAAB,TABURETE PLEGABLE,METAL FOLDING PLASTIC BAR STOOL,
01t4w00000NullbAAB,SILLA PLEGABLE ECO PP,FOLDING PP CHAIR,
01t4w00000NullcAAB,SILLA PLASTICO TIPO TIFFANY,PP CHAIR TIFFANY STYLE,
01t4w00000NulldAAB,SILLA PLASTICO TIPO TIFFANY,PP CHAIR TIFFANY STYLE,
01t4w00000NulleAAB,CARRITO AUXILIAR METALICO 3 NIVELES,METALIC TROLLEY,
01t4w00000NullfAAB,CARRITO AUXILIAR METALICO 3 NIVELES,METALIC TROLLEY,
01t4w00000NullgAAB,SOFA CAMA MODELO BILBAO,BILBAO SOFA BED,
01t4w00000NullhAAB,JOYERO SOBREMESA BOLA BLANCO,JEWELER WITH TABLE MIRROR,
01t4w00000NulliAAB,TOCADOR CON ESPEJO + 3 CAJONES,JEWELER DRESSING TABLE WITH MIRROR,
01t4w00000NulljAAB,REPISA MAGICA,FLOATING SHELF,
01t4w00000NullkAAB,REPISA MAGICA CON DIBUJO,FLOATING SHELF WITH DRAWING,
01t4w00000NulllAAB,REPISA MAGICA CON 2 CAJONES,FLOATING SHELF WITH 2 DRAWERS,
01t4w00000NullmAAB,SET REPISAS MAGICAS 2 PIEZAS CUBOS,CUBE SHELVES DECORATIVE SET OF 2,
01t4w00000NullnAAB,SET REPISAS MAGICAS 2 PIEZAS CUBO,CUBE SHELVES DIAMOND SET OF 2,
01t4w00000NulloAAB,SET REPISAS MAGICAS 2 PIEZAS CUBOS,CUBE SHELVES DECORATIVE SET OF 2,
01t4w00000NullpAAB,REPISA 2 NIVELES ESCALERA,LADDER SHELF,
01t4w00000NullqAAB,SET REPISAS APILABLES 3 PIEZAS,STACKABLE STORAGES SET OF 3 COLOURS,
01t4w00000NullrAAB,MESA ESCRITORIO DE PARED + ESTANTERIA 3 NIVELES,WALL DESK WITH 3 SHELVES,
01t4w00000NullsAAB,MESA ESCRITORIO DE PARED ABATIBLE,WALL DESK WITH FOLDING DOOR,
01t4w00000NulltAAB,REPISA 5 NIVELES ESQUINA DECORATIVA,CORNER SHELF DECORATIVE,
01t4w00000NulluAAB,REPISA 3 NIVELES ROMBO DECORATIVA,DIAMOND WALL SHELF,
01t4w00000NullvAAB,BOTELLERO CON MESA DE MADERA,WINE RACK WITH WOOD TABLE,
01t4w00000NullwAAB,BOTELLERO CON MESA DE MADERA,WINE RACK WITH WOOD TABLE,
01t4w00000NullxAAB,BOTELLERO DE PARED DE MADERA,WALL WINE RACK WITH WOOD,
01t4w00000NullyAAB,SET MESAS AUXILIARES 2 PIEZAS,ROUND TABLE SET OF 2,
01t4w00000NullzAAB,"TV STAND MUEBLE CRISTAL SOPORTE 32-55""","TV STAND WITH SUPPORT FOR FLAT SCREEN 55"" AND 20 KG",
01t4w00000Nulm0AAB,"TV STAND MUEBLE CRISTAL SOPORTE 32-55""","TV STAND WITH SUPPORT FOR FLAT SCREEN 55""",
01t4w00000Nulm1AAB,TV STAND MUEBLE CRISTAL,TV STAND WITHOUT SUPPORT,
01t4w00000Nulm2AAB,"TV STAND MUEBLE CRISTAL SOPORTE 32-55""","TV STAND WOOD WITH SUPPORT FOR FLAT SCREEN 55""",
01t4w00000Nulm3AAB,MESA AUXILIAR CRISTAL,ROUND COFFEE TABLE WITH GLASS,
01t4w00000Nulm4AAB,MESA AUXILIAR,ROUND COFFEE TABLE MDF,
01t4w00000Nulm5AAB,MESA AUXILIAR CRISTAL,SQUARE COFFEE TABLE WITH GLASS,
01t4w00000Nulm6AAB,MESA AUXILIAR,ROUND COFFEE TABLE MDF,
01t4w00000Nulm7AAB,MESA AUXILIAR CRISTAL,OVAL COFFEE TABLE WITH GLASS,
01t4w00000Nulm8AAB,ESTANTERIA METALICA 5 NIVELES,5 LAYERS METALIC SHELVING,
01t4w00000Nulm9AAB,ESTANTERIA METALICA 3 NIVELES,3 LAYERS METALIC SHELVING,
01t4w00000NulmAAAR,ESTANTERIA 4 NIVELES,Wooden Shelf,H302035B
01t4w00000NulmCAAR,BANCO BAR ABS,ABS BAR STOOL,H206002B
01t4w00000NulmDAAR,BANCO BAR ABS,ABS BAR STOOL,H206001B
01t4w00000NulmEAAR,SILLON RECLINABLE MANUAL TRANSFORMER CON BOCINAS,SOFA SPEAKER,H307001B
01t4w00000NulmGAAR,SILLA EAMS,EAMS PP CHAIR,H202003B
01t4w00000NulmHAAR,SILLA EAMS,EAMS PP CHAIR,H202004B
01t4w00000NulmIAAR,SILLA PLEGABLE ECO PP,FOLDING PP CHAIR,H201022B
01t4w00000NulmKAAR,MACETERO DECORATIVO CASITA 3 MACETAS,DECORATIVE PLANTER HOME 3 POTS,G209023H
01t4w00000NulmLAAR,MACETERO DECORATIVO CASITA 1 MACETA CON CHIMENEA,DECORATIVE PLANTER HOME 1 POT WITH FIREPLACE,G209024H
01t4w00000NulmMAAR,TRICICLO 2 SOPORTES MACETA,TRICYCLE WITH PLANTERS,G209053H
01t4w00000NulmNAAR,SET 3 MESAS SOPORTE MACETAS CUADRADO,PLANTERS 3 LEVELS,G209054H
01t4w00000NulmOAAR,SET BISTRO WICKER CON COJINES,BISTRO SET 2S -ROUND,G104028H
01t4w00000NulmPAAR,SET SOFAS WICKER 4 PIEZAS CON COJIN,PE RATTAN SOFA SET 4 PIECES,G104035H
01t4w00000NulmQAAR,SET SOFAS WICKER 3 PIEZAS CON COJINES,MODULAR SET 1 (NO PILLOW),G104036H
01t4w00000NulmRAAR,MANOPLA ALGODON BBQ,BLACK COTTON GLOVE,G205010H
01t4w00000NulmSAAR,ASADOR CARBON REDONDO CON MESA LATERAL,"CHARCOAL GRILL WITH WHEELS BLACK + METAL 115x76,5x113 CM",G205008H
01t4w00000NulmTAAR,PARRILLA GRILL HAMBURGUESA BBQ,HAMBURGER GRILL BASKET,G205011H
01t4w00000NulmUAAR,BARBACOA REDONDA CON RUEDAS,"CHARCOAL GRILL METAL WITH WHEELS 73,5x64x106,5 CM",G205012H
01t4w00000NulmVAAR,PARRILLA GRILL CARNE,BBQ GRID,G205016H
01t4w00000NulmWAAR,COLGADOR ACCESORIOS BBQ,BBQ TOLL RACK,G205018H
01t4w00000NulmXAAR,ASADOR CARBON REDONDO,CHARCOAL GRILL METAL WITH WHEELS,G205022H
01t4w00000NulmYAAR,CAJA AHUMADORA BBQ,SMOKE BOX,G205027H
01t4w00000NulmZAAR,AIREADOR BBQ,BBQ FAN,G205034H
01t4w00000NulmaAAB,PLATO HIERRO BBQ,CAST IRON PLATE,G205036H
01t4w00000NulmbAAB,ASADOR CARBON REDONDO,CHARCOAL GRILL WITH WHEELS BLACK,G205037H
01t4w00000NulmcAAB,SET INFANTIL 5 PIEZAS PLASTICO,PLASTIC TABLE WITH STOOL SET,G103001H
01t4w00000NulmdAAB,ASADOR CARBON PORTATIL,BBQ GRILL,G205051H
01t4w00000NulmeAAB,SILLA COMEDOR PLASTICO,OCEAN BLUE PLASTIC CHAIR,G103010H
01t4w00000NulmfAAB,SILLA COMEDOR PLASTICO,PLASTIC CHAIR,G103013H
01t4w00000NulmgAAB,SILLON ARINDORAK PLASTICO INFANTIL,PLASTIC CHAIR FOR KIDS,G103015H
01t4w00000NulmhAAB,SILLA INFANTIL CON SOMBRILLA Y BOLSA,CHILDREN FOLDING CHAIR WITH UMBRELLA,G104091H
01t4w00000NulmiAAB,BANCA INFANTIL TRANSFORMER,3 IN 1: BENCH + TABLE + STORAGE,G107006H
01t4w00000NulmjAAB,SET DE SOFA TEKA CON COJINES,TROPICAL COFFEE SET,G105010H
01t4w00000NulmkAAB,SET COMEDOR TEKA 5 PIEZAS CON COJINES,EASY FOLDABLE SET,G105011H
01t4w00000NulmlAAB,SILLA RESINA DOBLE,FOLDING HDPE CHAIR DOUBLE REINFORCEMENT,G101004H
01t4w00000NulmmAAB,SILLA PLEGABLE DOBLE,FOLDING HDPE CHAIR,G101003H
01t4w00000NulmnAAB,SILLA RESINA IMITACION RATAN,FOLDING PLASTIC CHAIR,G102012H
01t4w00000NulmoAAB,COLUMPIO HAMACA CAMA CON MOSQUITERA,HAMMOCK,G106034H
01t4w00000NulmpAAB,GAZEBO RECTANGULAR TOLDO AJUSTABLE,METAL GAZEBO 350x250x225 CM,G106055H
01t4w00000NulmqAAB,CARPA POLIESTER TIPO JAIMA,METAL GAZEBO,G106060H
01t4w00000NulmrAAB,MANGUERA EXPANDIBLE 7.5 MT C/PISTOLA 7 FUNCIONES,"EXPANDABLE HOSE 7,5 MT",G206008H
01t4w00000NulmsAAB,MANGUERA EXPANDIBLE 15 MT,"EXPANDABLE HOSE 7,5 MT",G206009H
01t4w00000NulmtAAB,SET MACETEROS CERAMICOS 2 PIEZAS,CERAMIC POT SET,G209088H
01t4w00000NulmuAAB,MACETERO CERAMICA FLORES,CERAMIC POT,G209089H
01t4w00000NulmwAAB,MACETERO CERAMICA RAYAS,CERAMIC POT,G209092H
01t4w00000NulmxAAB,MACETERO CERAMICA RAYAS,CERAMIC POT,G209093H
01t4w00000NulmyAAB,CARRO JARDIN PLEGABLE,FOLDING WAGON,G208001H
01t4w00000NulmzAAB,SET BISTRO CERAMICO,BISTRO SET,G104100H
01t4w00000Nuln0AAB,FUMIGADOR 5 LITROS CON LANZA,5.0 LITER PRESSURE SPRAYER,G207002H
01t4w00000Nuln1AAB,FUMIGADOR 2 LITROS ERGO,2L WATER SPRAYER,G207004H
01t4w00000Nuln2AAB,JOYERO SOBREMESA CON ESPEJO + CAJON,TABLETOP MIRRORED JEWELRY CABINET,H302036B
01t4w00000Nuln4AAB,JOYERO PARED CON ESPEJO Y 5 FOTOS,TABLETOP MIRRORED JEWELRY CABINET,H302037B
01t4w00000Nuln6AAB,JOYERO PISO CON ESPEJO Y 5 FOTOS,TABLETOP MIRRORED JEWELRY CABINET,H302038B
01t4w00000Nuln8AAB,BANCO BAR ABS,ABS BAR STOOL,H206003B
01t4w00000Nuln9AAB,SET PICNIC METALICO PLEGABLE,FOLDING TABLE & BENCH SET,G202009H
01t4w00000NulnAAAR,SET MESAS AUXILIARES 3 PIEZAS,END TABLE SET,H305010B
01t4w00000NulnCAAR,FUENTE BUDA CON LED,BUDDHA FOUNTAIN +LED 33x25x51 CM,G209145H
01t4w00000NulnDAAR,TV STAND MUEBLE CRISTAL,TV STAND,H304006B
01t4w00000NulnFAAR,TV STAND MUEBLE CRISTAL,TV STAND,H304007B
01t4w00000NulnHAAR,BASE MADERA PLANTA REDONDA,WOOD PLANT MOVER,G106066H
01t4w00000NulnIAAR,BASE MADERA PLANTA REDONDA,WOODEN PLANT MOVER,G106067H
01t4w00000NulnJAAR,BASE MADERA PLANTA CUADRADA,SQUARE FLOOR WOODEN BASE,G106068H
01t4w00000NulnKAAR,BASE MADERA PLANTA CUADRADA,WOODEN PLANT MOVER 30x30 cm,G106069H
01t4w00000NulnLAAR,JOYERO SOBREMESA BOLA BLANCO,JEWELER WITH TABLE MIRROR,H301001B
01t4w00000NulnNAAR,JOYERO SOBREMESA CON ESPEJO,TABLETOP MIRRORED JEWELRY CABINET,H302040B
01t4w00000NulnPAAR,JOYERO PISO CON ESPEJO,TABLETOP MIRRORED JEWELRY CABINET,H302041B
01t4w00000NulnRAAR,MESA RESINA PLEGABLE ? 4.5 cm,6FT FOLDING HDPE TABLE,G101007E
01t4w00000NulnSAAR,BANCO BAR LUGO,BAR STOOL,H206004B
01t4w00000NulnTAAR,BANCO BAR LUGO,BAR STOOL,H206005B
01t4w00000NulnUAAR,BANCO BAR SEVILLA,BAR STOOL,H206006B
01t4w00000NulndAAB,BANCO BAR REDONDO NEGRO,BAR STOOL,H206007B
01t4w00000NulnfAAB,BANCO BAR REDONDO,BAR STOOL,H206008B
01t4w00000NulnhAAB,CARRITO ORGANIZADOR COCINA 3 NIVELES,KITCHEN TROLLEY,H209003B
01t4w00000NulnjAAB,CARRITO ORGANIZADOR COCINA 3 NIVELES,KITCHEN TROLLEY,H209005B
01t4w00000NulnlAAB,MANGUERA EXPANDIBLE 15 MT C/PISTOLA 7 FUNCIONES,EXPANDABLE HOSE 15 MT WITH GUN 7 FUNCTIONS,G206002A
01t4w00000NulnpAAB,CAJONERA 1 NIVEL + ESTANTE,STORAGE 1 DRAWER,H301005B
01t4w00000NulnrAAB,CAJONERA 4 NIVELES,STORAGE 4 DRAWERS,H301006B
01t4w00000NuloNAAR,APARADOR 1 CAJÓN,NIGHT STAND WITH STORAGE CUBE,H301013B
01t4w00000NuloPAAR,SET COMEDOR 5 PIEZAS AHORRAESPACIO WICKER CON COJINES,SOFA SET,G104039A
01t4w00000NuloRAAR,SET MESA BAR + 2 TABURETES WICKER CON COJINES,SMALL BAR SET,G104042A
01t4w00000NuloTAAR,SET COMEDOR 7 PIEZAS TEKA EXTENSIBLE,LUCAS EXT.SET,G105013A
01t4w00000NuloVAAR,SET BISTRO TEKA CON COJINES,ISLAND BISTRO SET,G105015A
01t4w00000NuloXAAR,SET SOFAS TEKA 4 PIEZAS CON COJINES,HAWAII COFFEE SET,G105009A
01t4w00000NuloZAAR,SET BISTRO CERAMICO,NAOO1,G104116A
01t4w00000NulobAAB,CARRITO BAÑO 2 NIVELES CON RUEDAS,2 TIER ROUND ROLLING CART,H405043I
01t4w00000NulodAAB,TOCADOR CON ESPEJO + TABURETE,MIRROR DRESSING TABLE WITH STOOL,H301024B
01t4w00000NulogAAB,MESA RESINA IMITACION MADERA PLEGABLE,PLASTIC FOLDING TABLE WITH WOODEN LOOK,G102022A
01t4w00000NuloiAAB,SILLA RESINA IMITACION RATAN,FOLDING PLASTIC CHAIR,G102012A
01t4w00000NulokAAB,MOCHILA TROLLEY DINOSARIO 2018,DINO BACKPACK WITH TROLLEY,H106001G
01t4w00000NulolAAB,MOCHILA TROLLEY UNICORNIO 2018,UNICORN BACKPACK WITH TROLLEY,H106002G
01t4w00000NulomAAB,BANCO BAR BASIC,BAR STOOL,H206026F
01t4w00000NuloqAAB,MESA RESINA PLEGABLE ? 4 cm,122 CM FOLDING TABLE,G101024H
01t4w00000NulorAAB,MESA RESINA PERSONAL,FOLDING HDPE PERSONAL TABLE ADJUSTABLE,G101018H
01t4w00000NulosAAB,MESA RESINA PERSONAL,PERSONAL TABLE,G101025H
01t4w00000NulouAAB,SILLA RESINA DOBLE,FOLDING CHAIR,G101027H
01t4w00000Nulp4AAB,MANGUERA EXPANDIBLE 15 MT C/PISTOLA 7 FUNCIONES,EXPANDABLE HOSE 15 MT WITH GUN 7 FUNCTIONS,G206002P
01t4w00000Nulp7AAB,SET DE SOFA TEKA CON COJINES,TROPICAL COFFEE SET,G105010A
01t4w00000Nulp8AAB,MESA RESINA 180 CM MADERA,FOLDING PLASTIC TABLE,G104104A
01t4w00000Nulp9AAB,MESA RESINA PERSONAL,FOLDING HDPE PERSONAL TABLE ADJUSTABLE,G101018J
01t4w00000NulpAAAR,BANCA RESINA PLEGABLE,6FT FOLDING HDPE BENCH,G101009J
01t4w00000NulpEAAR,TABURETE PLEGABLE,METAL FOLDING PLASTIC BAR STOOL,H201020J
01t4w00000NulpFAAR,TABURETE PLEGABLE VERDE,METAL FOLDING PLASTIC BAR STOOL,H201017J
01t4w00000NulpIAAR,BANCO BAR NEGRO,BAR STOOL,H206027F
01t4w00000NulpMAAR,SET MESAS AUXILIARES 3 PIEZAS,END TABLE SET,H305010I
01t4w00000NulpNAAR,GAZEBO CUADRADO CON BANCOS,METAL GAZEBO WITH BENCHES 260x200x245 CM,G106053A
01t4w00000NulpOAAR,GAZEBO CUADRADO CON MOSQUITERA,METAL GAZEBO WITH MOSQUITO NET,G106056A
01t4w00000NulpPAAR,COLUMPIO BALANCIN DOBLE CON TOLDO,SWING CHAIR,G106027A
01t4w00000NulpUAAR,(INACTIVO) SOMBRILLA JARDIN 6 RIBS CON LUZ LED INCLINABLE,SOLAR LED UMBRELLA,G106004A
01t4w00000NulpWAAR,SET SILLA DOBLE WICKER CON COJINES,DOUBLE SEAT CHAIR,G104051A
01t4w00000NulpYAAR,TUMBONA WICKER,MOVEABLE SINGLE SUN LOUNGER 77cm,G104054A
01t4w00000NulpaAAB,SET BISTRO WICKER CON COJINES,BISTRO SET 2S -ROUND,G104028A
01t4w00000NulpcAAB,SOMBRILLA JARDIN 6 RIBS,WOODEN UMBRELLA 270 CM,G106001A
01t4w00000NulpeAAB,SET BISTRO WICKER CUADRADO CON COJINES,BALCONY SET 3,G104032A
01t4w00000NulpgAAB,BANCO BAR BURGOS,BAR STOOL,H206032B
01t4w00000NulphAAB,BANCO BAR BURGOS,BAR STOOL,H206033B
01t4w00000NulpiAAB,BANCO BAR TOLEDO,BAR STOOL,H206034B
01t4w00000NulpjAAB,BANCO BAR ALMERIA,BAR STOOL,H206035B
01t4w00000NulpkAAB,BANCO BAR BARCELONA,BAR STOOL,H206036B
01t4w00000NulplAAB,BANCO BAR ORENSE,BAR STOOL,H206037B
01t4w00000NulpmAAB,BANCO BAR MALAGA,BAR STOOL,H206038B
01t4w00000NulpnAAB,BANCO BAR ORENSE,BAR STOOL,H206039B
01t4w00000NulpoAAB,BANCO BAR TOLEDO,BAR STOOL,H206040B
01t4w00000NulppAAB,BANCO BAR VIGO,BAR STOOL,H206041B
01t4w00000NulpqAAB,BANCO BAR GIJON,BAR STOOL,H206042B
01t4w00000NulprAAB,BANCO BAR CADIZ,BAR STOOL,H206043B
01t4w00000NulpsAAB,BANCO BAR GERONA,BAR STOOL,H206044B
01t4w00000NulptAAB,BANCO BAR IBIZA,BAR STOOL,H206045B
01t4w00000NulpuAAB,BANCO BAR MADRID,BAR STOOL,H206046B
01t4w00000NulpvAAB,BANCO BAR MARBELLA,BAR STOOL,H206047B
01t4w00000NulpwAAB,BANCO BAR RONDA,ABS BAR STOOL,H206048B
01t4w00000NulpxAAB,BANCO BAR TRUJILLO,BAR STOOL,H206049B
01t4w00000NulpyAAB,BANCO BAR VALENCIA,BAR STOOL,H206050B
01t4w00000NulpzAAB,SILLA PLASTICO EAMS,EAMS PP CHAIR,H202032B
01t4w00000Nulq0AAB,SILLA PLASTICO EAMS,EAMS PP CHAIR,H202033B
01t4w00000Nulq1AAB,SILLA COMEDOR VINTAGE,VINTAGE DINING CHAIR,H203004B
01t4w00000Nulq2AAB,REPISA MAGICA,SHELF,H302088B
01t4w00000Nulq3AAB,REPISA MAGICA,SHELF,H302089B
01t4w00000Nulq4AAB,REPISA MAGICA,SHELF,H302090B
01t4w00000Nulq5AAB,REPISA MAGICA,SHELF,H302091B
01t4w00000Nulq6AAB,REPISA MAGICA,SHELF,H302092B
01t4w00000Nulq7AAB,REPISA MAGICA,SHELF,H302093B
01t4w00000Nulq8AAB,REPISA MAGICA,SHELF,H302094B
01t4w00000Nulq9AAB,REPISA MAGICA,SHELF,H302095B
01t4w00000NulqAAAR,REPISA MAGICA,SHELF,H302096B
01t4w00000NulqBAAR,REPISA MAGICA,SHELF,H302097B
01t4w00000NulqCAAR,REPISA MAGICA,SHELF,H302098B
01t4w00000NulqDAAR,REPISA MAGICA,SHELF,H302101B
01t4w00000NulqEAAR,REPISA MAGICA,SHELF,H302099B
01t4w00000NulqFAAR,REPISA MAGICA,SHELF,H302100B
01t4w00000NulqGAAR,REPISA MAGICA,SHELF,H302102B
01t4w00000NulqHAAR,REPISA MAGICA,SHELF,H302103B
01t4w00000NulqIAAR,SET REPISAS MAGICAS 3 PIEZAS CUBOS,SHELF SET,H302104B
01t4w00000NulqJAAR,SET REPISAS MAGICAS 3 PIEZAS HEXAGONALES,SHELF SET,H302105B
01t4w00000NulqKAAR,MESA RESINA PLEGABLE ? 4.5 cm,6FT FOLDING HDPE TABLE,G101007J
01t4w00000NulqLAAR,SILLA PLEGABLE DOBLE,FOLDING HDPE CHAIR,G101003J
01t4w00000NulqMAAR,MANGUERA EXPANDIBLE 15 MT C/PISTOLA 7 FUNCIONES,EXPANDABLE HOSE 15 MT WITH GUN 7 FUNCTIONS,G206002J
01t4w00000NulqNAAR,MANGUERA EXPANDIBLE 15 MT C/PISTOLA 7 FUNCIONES,EXPANDABLE HOSE 15 MT WITH GUN 7 FUNCTIONS,G206038J
01t4w00000NulqOAAR,MANGUERA EXPANDIBLE 7.5 MT C/PISTOLA 7 FUNCIONES,"EXPANDABLE HOSE 7,5 MT",G206008J
01t4w00000NulqPAAR,MANGUERA EXPANDIBLE 7.5 MT C/PISTOLA 7 FUNCIONES,EXPANDABLE HOSE 7.5 MT WITH 7 FUNCTION GUN,G206039J
01t4w00000NulrBAAR,CAJA FUERTE DIGITAL,SAFTY BOX,H405127F
01t4w00000NulrCAAR,BANDEJA LAPTOP,LAPTOP TABLE,H104059B
01t4w00000NulrDAAR,BANDEJA LAPTOP,LAPTOP TABLE,H104060B
01t4w00000NulrGAAR,TABURETE CON RESPALDO,CHAIR,H201029B
01t4w00000NulrQAAR,MACETA AUTORIEGO REDONDA,SELF WATERING FLOWER POT,G209186H
01t4w00000NulrTAAR,MESA RESINA IMITACION MADERA CUADRADA,SQUARE TABLE WITH SLAT WOODEN LOOK,G102020H
01t4w00000NulrVAAR,MESA RESINA IMITACION MADERA PLEGABLE,PLASTIC FOLDING TABLE WITH WOODEN LOOK,G102022H
01t4w00000NulrWAAR,CARPA POLIESTER,GAZEBO,G106070A
01t4w00000NulrYAAR,CARPA POLIESTER,GAZEBO,G106071A
01t4w00000NulraAAB,CARPA POLIESTER,GAZEBO,G106072A
01t4w00000NulrcAAB,CARPA POLIESTER,GAZEBO,G106073A
01t4w00000NulreAAB,GAZEBO CIRCULAR CON CORTINAS,DU111,G106074H
01t4w00000NulrfAAB,SUCULENTA PLANTA PEQUEÑA,PLANTER FOR SUCCULENT,G209214H
01t4w00000NulrgAAB,SUCULENTA PLANTA GRANDE,PLANTER FOR SUCCULENT,G209215H
01t4w00000NulrhAAB,SOMBRILLA PLAYA,BEACH UMBRELLA,G201010H
01t4w00000NulrjAAB,COLGADOR DE VIENTO GEOMETRICO,WIND SPINNER,G209198H
01t4w00000NulrlAAB,COLGADOR DE VIENTO PETALOS,WIND SPINNER,G209202H
01t4w00000NulrmAAB,COLGADOR DE VIENTO ESTRELLA,WIND SPINNER,G209205H
01t4w00000NulrnAAB,COLGADOR DE VIENTO MEDIA LUNA,WIND SPINNER,G209206H
01t4w00000NulrvAAB,MACETA AUTORIEGO REDONDA,SELF WATERING FLOWER POT,G209190H
01t4w00000NulsAAAR,MACETERO DECORATIVO CASITA 2 MACETAS,DECORATIVE PLANTER HOME 2 POTS,G209001H
01t4w00000NulsCAAR,BOTA BUFALO S3 NAKE,SAFETY BOOT,B101026K
01t4w00000NulsDAAR,BOTA BUFALO S3 NAKE,SAFETY BOOT,B101027K
01t4w00000NulsEAAR,BOTA BUFALO S3 NAKE,SAFETY BOOT,B101028K
01t4w00000NulsFAAR,BOTA BUFALO S3 NAKE,SAFETY BOOT,B101030K
01t4w00000NulsGAAR,BOTA BUFALO S3 NAKE,SAFETY BOOT,B101031K
01t4w00000NulsHAAR,BOTA DIELE.18 VOLT. SBP,SAFETY BOOT,B101032K
01t4w00000NulsIAAR,BOTA DIELE.18 VOLT. SBP,SAFETY BOOT,B101035K
01t4w00000NulsJAAR,BOTA DIELE.18 VOLT. SBP,SAFETY BOOT,B101034K
01t4w00000NulsKAAR,BOTA DIELE.18 VOLT. SBP,SAFETY BOOT,B101037K
01t4w00000NulsLAAR,BOTA DIELE.18 VOLT. SBP,SAFETY BOOT,B101038K
01t4w00000NulsMAAR,BOTA DIELE.18 VOLT. SBP,SAFETY BOOT,B101039K
01t4w00000NulsNAAR,BOTA DIELE.18 VOLT. SBP,SAFETY BOOT,B101040K
01t4w00000NulsOAAR,BOTA DIELE.18 VOLT. SBP,SAFETY BOOT,B101042K
01t4w00000NulsgAAB,SET COMEDOR VIDRIO + 4 SILLAS,DINING SET,H210001I
01t4w00000NulsiAAB,SET COMEDOR MDF + 4 TABURETES,DINING SET,H210024I
01t4w00000NulskAAB,ESTANTERIA 4 NIVELES EN ESQUINA,4 TIERS CORNER DISPLAY SHELF,H302053I
01t4w00000NulsmAAB,ESTANTERIA 2 NIVELES,2  LAYERS OF SHELF,H302069I
01t4w00000NulsoAAB,(INACTIVO) ESTANTERIA 3 NIVELES,3 LAYERS OF SHELF,H302070I
01t4w00000NulsqAAB,ESTANTERIA 4 NIVELES,4 LAYERS OF SHELF,H302072I
01t4w00000NulssAAB,CARRITO ORGANIZADOR COCINA 2 NIVELES,BAMBOO TOP KITCHEN TROLLEY,H209009I
01t4w00000NulsuAAB,CARRITO AUXILIAR 3 NIVELES,KITCHEN TROLLEY,H209015I
01t4w00000NulswAAB,ESTACIÓN CARGA BAMBÚ,BAMBOO CHARGING STATION,H104034I
01t4w00000NulsyAAB,SILLA ORDENADOR MESH,MESH CHAIR,H101001I
01t4w00000Nult0AAB,MESA ESCRITORIO,COMPUTER DESK,H102013I
01t4w00000Nult2AAB,SET MESA ESCRITORIO + SILLA + ESTANTERIA 4 NIVELES,SET COMPUTER TABLE + FOLDING CHAIR + SHELF,H103008I
01t4w00000Nult4AAB,JOYERO NECESER,JEWELRY BOX,H405115I
01t4w00000Nult6AAB,ORGANIZADOR ZAPATOS 3 NIVELES,3 TIERS SHOE RACK,H405007I
01t4w00000Nult8AAB,CARRITO BAÑO 3 NIVELES CON RUEDAS,3 TIER BATH CART,H405044I
01t4w00000NultAAAR,CAJONERA 2 NIVELES + ESTANTE,STORAGE 2 DRAWERS,H301004I
01t4w00000NultCAAR,MESA AUXILIAR,COFFE TABLE,H305034I
01t4w00000NultEAAR,SOFA CAMA,SOFA BED,H309003I
01t4w00000NultGAAR,"TV STAND SOBREMESA SOPORTE 27-55""",TV STAND,H304013I
01t4w00000NultIAAR,TV STAND MUEBLE CRISTAL,TV STAND,H304006I
01t4w00000NultKAAR,JOYERO CAJA,JEWELRY BOX,H405116I
01t4w00000NultMAAR,SET MESA TIPO LEGO + SILLA INFANTIL,GREEN SPACE BOY DRAWING TABLE AND CHAIR SET,H103007I
01t4w00000NultOAAR,BAÚL JUGUETES INFANTIL,GIRL TOY BOX,H104054I
01t4w00000NultQAAR,ESTANTERIA ZAPATOS INFANTIL,GREEN SPACE BOY SHELF,H104013I
01t4w00000NultSAAR,PUF INFANTIL HIPOPÓTAMO,KID OTTOMAN,H104041I
01t4w00000NultUAAR,PUF INFANTIL CONEJO,KID OTTOMAN,H104044I
01t4w00000NultWAAR,SET MESAS AUXILIARES 2 PIEZAS,TABLE RACK,H305035I
01t4w00000NultYAAR,ORGANIZADOR ESCRITORIO BAMBÚ,BAMBOO DESK ORGANIZER,H104027I
01t4w00000NultaAAB,ORGANIZADOR ESCRITORIO BAMBÚ,BAMBOO DESK ORGANIZER,H104038I
01t4w00000NultcAAB,ESPEJO CIRCULAR PIE + 2 BANDEJAS,STANDING 2 SHELVES CADDY WITH MIRROR,H405061I
01t4w00000NultdAAB,SOFA CAMA,SOFA BED,H309015B
01t4w00000NultfAAB,GAZEBO HEXAGONAL POLIESTER,HEXAGONAL POLYESTER GAZEBO,G106075A
01t4w00000NulthAAB,SET COMEDOR PVC + 4 SILLAS ACOLCHADAS,PVC DINING SET + 4 PADDED CHAIRS,H210017I
01t4w00000NultjAAB,SOFA CAMA,SOFA BED,H309016I
01t4w00000NultlAAB,SOFA CAMA,ASTURIAS SOFA BED,H301029F
01t4w00000NultnAAB,ESTANTERIA ZAPATOS INFANTIL,WHITE MERMAID GIRL SHELF,H104061I
01t4w00000NultoAAB,SET MESA TIPO LEGO + SILLA INFANTIL,WHITE MERMAID GIRL DRAWING TABLE AND CHAIR SET,H103011I
01t4w00000NultpAAB,BAÚL JUGUETES INFANTIL,GIRL TOY BOX,H104062I
01t4w00000NultuAAB,MOCHILA TROLLEY DINOSARIO 2019,2019 DINO BACKPACK WITH TROLLEY,H106006G
01t4w00000NultwAAB,MOCHILA TROLLEY SIRENA 2019,2019 SIRENA BACKPACK WITH TROLLEY,H106007G
01t4w00000NultyAAB,MOCHILA TROLLEY UNICORNIO 2018,UNICORN BACKPACK WITH TROLLEY,H106008G
01t4w00000Nulu2AAB,TABURETE CON RESPALDO,CHAIR,H201029I
01t4w00000Nulu5AAB,TABURETE CON RESPALDO,STOOL WITH BACKREST,H201030I
01t4w00000Nulu7AAB,TABURETE PLEGABLE,METAL FOLDING PLASTIC BAR STOOL,H201020I
01t4w00000Nulu9AAB,TABURETE PLEGABLE,FOLDING STOOL,H201018I
01t4w00000NuluBAAR,TABURETE APILABLE,STOOL,H201031I
01t4w00000NuluDAAR,TABURETE APILABLE,YS1407081,H201032I
01t4w00000NuluFAAR,TABURETE APILABLE,YS1407081,H201033I
01t4w00000NuluHAAR,SILLA COMEDOR TELA,DINNING CHAIR,H203005B
01t4w00000NulvNAAR,MASCARILLA DESECHABLE 3 CAPAS,DISPONSABLE MASK,B403002X
01t4w00000NulvOAAR,SUCULENTA BUHO,FLOWER POT,G112013A
01t4w00000NulvRAAR,SUCULENTA TORTUGA,FLOWER POT,G112014A
01t4w00000NulvTAAR,SUCULENTA LOVE,FLOWER POT,G112016A
01t4w00000NulvVAAR,SUCULENTA GATO,FLOWER POT,G112015A
01t4w00000NulvXAAR,SUCULENTA DISEÑO,FLOWER POT,G112018A
01t4w00000NulvaAAB,SUCULENTA HOME,FLOWER POT,G112017A
01t4w00000NulvbAAB,MESA RESINA PERSONAL,PERSONAL TABLE,G101025A
01t4w00000NulvdAAB,SET BISTRO TEKA CON TEXTILENO,BISTRO SET,G105018R
01t4w00000NulvfAAB,SET BISTRO CERAMICO,BISTRO SET,G104131R
01t4w00000NulvhAAB,SET SOFAS RATAN CON COJINES,SOFA SET,G104141R
01t4w00000NulvjAAB,SET MESA COMEDOR RECTANGULAR + 6 SILLAS TIPO CUERDA,DINING SET,G104145R
01t4w00000NulvkAAB,SET SOFAS RATAN CON COJINES,SOFA SET,G104142R
01t4w00000NulvoAAB,SET SOFAS TIPO CUERDA,SOFA SET,G104143R
01t4w00000NulvpAAB,SET BISTRO TIPO CUERDA,BISTRO SET,G104144R
01t4w00000NulvtAAB,SET JARDIN 5 PIEZAS,GARDEN SET,G104147A
01t4w00000NulvxAAB,SET JARDIN 5 PIEZAS,GARDEN SET,G104148A
01t4w00000NulvyAAB,SET BISTRO ALUMINIO+WICKER CON COJINES,BISTRO SET,G104149A
01t4w00000NulvzAAB,COLUMPIO BALANCIN INDIVDUAL,INDIVIDUAL ROCKING SWING,G106091A
01t4w00000Nulw1AAB,COLUMPIO BALANCIN DOBLE,DOUBLE ROCKING SWING,G106092A
01t4w00000Nulw2AAB,SET JARDIN 5 PIEZAS CON COJINES,GARDEN SET,G104152A
01t4w00000Nulw5AAB,SET SOFA EN ESQUINA + MESA,SOFA SET,G104150A
01t4w00000Nulw6AAB,SET 2 BUTACAS CON 2 PUFF Y MESA,SET 2 ARMCHAIRS WITH 2 PUFF AND TABLE,G104151A
01t4w00000NulwAAAR,SET BISTRO ALUMINIO+WICKER CON COJINES,BISTRO SET,G104154A
01t4w00000NulwBAAR,SET BISTRO TEXTILENO CON COJINES,BISTRO SET,G104153A
01t4w00000NulwDAAR,MESA COMEDOR RECTANGULAR CRISTAL,DINING TABLE,H210025B
01t4w00000NulwGAAR,MESA COMEDOR RECTANGULAR CRISTAL,DINING TABLE,H210026B
01t4w00000NulwIAAR,SILLA TELA COMEDOR,DINNING CHAIR,H203006B
01t4w00000NulwKAAR,ESTANTERIA 5 NIVELES,5 LEVEL SHELF,H302106T
01t4w00000NulwMAAR,MESA ESCRITORIO,OFFICE DESK,H102016T
01t4w00000NulwPAAR,SET COMEDOR MDF + 4 SILLAS,DINING SET,H210027T
01t4w00000NulwQAAR,SET COMEDOR MDF + 4 SILLAS,DINING SET,H210028T
01t4w00000NulwSAAR,SET COMEDOR MDF + 4 TABURETES,DINING SET,H210029T
01t4w00000NulwUAAR,SET COMEDOR MDF + 2 SILLAS AHORRAESPACIO,DINING SET,H210030T
01t4w00000NulwWAAR,APARADOR 2 PUERTAS,2 DOOR SIDEBOARD,H304038T
01t4w00000NulwaAAB,CESTO LAVANDERIA,LAUNDRY BASKET,H405131T
01t4w00000NulwcAAB,APARADOR COCINA,KITCHEN SIDEBOARD,H305042T
01t4w00000NulweAAB,CARRITO ISLA COCINA,KITCHEN ISLAND CART,H305043T
01t4w00000NulwgAAB,JOYERO PISO CON ESPEJO,FLOOR JEWELRY BOX WITH MIRROR,H301040T
01t4w00000NulwhAAB,SET MESAS AUXILIARES 2 PIEZAS,COFFEE TABLE SET,H305044T
01t4w00000NulwkAAB,CARRITO AUXILIAR 3 NIVELES,AUXILIARY CART 3 LEVELS,H209020T
01t4w00000NulwlAAB,CARRITO AUXILIAR 3 NIVELES,AUXILIARY CART 3 LEVELS,H209021T
01t4w00000NulwmAAB,MESA COMEDOR CUADRADA PATAS MADERA,SQUARE DINING TABLE WITH WOODEN LEGS,H210031T
01t4w00000NulwoAAB,MESA COMEDOR REDONDA PATAS MADERA,DINING TABLE,H210032T
01t4w00000NulwqAAB,CARRITO ORGANIZADOR COCINA 3 NIVELES CON ALAS,KITCHEN ORGANIZER CART 3 LEVELS WITH WINGS,H209022T
01t4w00000NulwrAAB,ESTANTERIA LAVANDERIA 4 NIVELES,SHELF,H405133T
01t4w00000NulwtAAB,CAJONERA 4 NIVELES,4 LEVEL DRAWER CABINET,H405132T
01t4w00000NulwwAAB,CARRITO ORGANIZADOR COCINA Y BOTELLERO,KITCHEN ORGANIZER CART AND BOTTLE RACK,H209023T
01t4w00000Nulx0AAB,ORGANIZADOR ZAPATOS 3 NIVELES,SHOE ORGANIZER SHELF,H405134T
01t4w00000Nulx2AAB,BANDEJA LAPTOP BAMBÚ,LAPTOP TABLE,H104063T
01t4w00000Nulx4AAB,BANDEJA LAPTOP,LAPTOP TABLE,H405135T
01t4w00000Nulx5AAB,MESA PLEGABLE MADERA,FOLDABLE BAMBOO TABLE,H305045T
01t4w00000Nulx6AAB,ESPEJO BAMBU RECTANGULAR CON 2 BANDEJAS,RECTANGULAR BAMBOO MIRROR WITH 2 TRAYS,H405136T
01t4w00000NulxAAAR,SET COMEDOR MDF + 4 SILLAS PLEGABLES,DINING SET,H208002I
01t4w00000NulxCAAR,SILLA PLASTICO EAMS,EAMS PP CHAIR,H202032I
01t4w00000NulxFAAR,SILLA PLASTICO EAMS,EAMS PP CHAIR,H202033A
01t4w00000NulxHAAR,SILLA PLASTICO EAMS,EAMS PP CHAIR,H202033I
01t4w00000NulxKAAR,SET COMEDOR MDF + 4 SILLAS,DINING SET,H210033I
01t4w00000NulxMAAR,SET COMEDOR MDF + 2 SILLAS AHORRAESPACIO,DINING SET,H208003I
01t4w00000NulxOAAR,MESA AUXILIAR,SIDE TABLE,H305046I
01t4w00000NulxQAAR,MESA AUXILIAR,SIDE TABLE,H305047I
01t4w00000NulxSAAR,SOFA CAMA,SOFA BED,H309020H
01t4w00000NulxUAAR,SILLA ORDENADOR,OFFICE CHAIR,H101004I
01t4w00000NulxXAAR,SILLA ORDENADOR MESH,OFFICE CHAIR,H101005I
01t4w00000NulxYAAR,MESA ESCRITORIO + LIBRERO 4 NIVELES,OFFICE DESK,H102017I
01t4w00000NulxaAAB,ESTANTERIA BAÑO 4 NIVELES,SHELF,H405137I
01t4w00000NulxcAAB,ESTANTERIA BAÑO 3 NIVELES,SHELF,H405139I
01t4w00000NulxdAAB,ESTANTERIA BAÑO 3 NIVELES,SHELF,H405138I
01t4w00000NulxgAAB,CARRITO ORGANIZADOR COCINA 3 NIVELES,KITCHEN TROLLEY,H209017I
01t4w00000NulxiAAB,CARRITO ORGANIZADOR COCINA 3 NIVELES,KITCHEN ORGANIZER CART 3 LEVELS,H209024I
01t4w00000NulxkAAB,BANCA ZAPATERA 1 NIVEL,BENCH WITH SHOE RACK,H301034I
01t4w00000NulxmAAB,CARRITO ORGANIZADOR COCINA 3 NIVELES CON ALAS,KITCHEN ORGANIZER CART 3 LEVELS WITH WINGS,H209025I
01t4w00000NulxpAAB,BANCA ZAPATERA 2 NIVELES,SHOE BENCH 2 LEVELS,H301041I
01t4w00000NulxqAAB,ESTANTERIA BAÑO ESQUINERA 3 NIVELES,SHELF,H405140I
01t4w00000NulxsAAB,BANDEJA LAPTOP,LAPTOP TABLE,H405135I
01t4w00000NulxuAAB,PELDAÑO INFANTIL,CHILDREN'S STEP,H105018I
01t4w00000NulxwAAB,PELDAÑO INFANTIL,CHILDREN'S STEP,H105019I
01t4w00000NulxyAAB,SET MESA + SILLAS CRAYON INFANTIL,CRAYON CHILDREN'S TABLE + CHAIRS SET,H103012I
01t4w00000Nuly0AAB,SET MESA + SILLAS CRAYON INFANTIL,CHILDREN´S DESK SET,H103013I
01t4w00000Nuly2AAB,ESTANTERIA CRAYON INFANTIL,SHELF,H104064I
01t4w00000Nuly3AAB,PIZARRA INFANTIL,CHILDREN'S BLACKBOARD,H104066I
01t4w00000Nuly5AAB,ESTANTERIA CRAYON INFANTIL,SHELF,H104065I
01t4w00000Nuly8AAB,PIZARRA INFANTIL,CHILDREN'S BLACKBOARD,H104067I
01t4w00000NulyAAAR,MESA BURO 2 CAJONES,SIDE TABLE,H301042T
01t4w00000NulyCAAR,APARADOR 4 CAJONES,4 DRAWER SIDEBOARD,H301043T
01t4w00000NulyFAAR,CAJONERA 3 NIVELES,3 LEVEL DRAWER CABINET,H301044T
01t4w00000NulyHAAR,ESTANTERIA BAÑO WC 1 NIVEL+ARMARIO,SHELF,H404001T
01t4w00000NulyIAAR,CENTRO ENTRETENIMIENTO 2 CAJONES,ENTERTAINMENT CENTER 2 DRAWERS,H304039T
01t4w00000NulyKAAR,CARRITO ISLA COCINA,KITCHEN ISLAND CART,H209026T
01t4w00000NulyLAAR,CENTRO ENTRETENIMIENTO 3 CAJONES,ENTERTAINMENT CENTER,H304041T
01t4w00000NulyNAAR,APARADOR 5 CAJONES,5 DRAWER SIDEBOARD,H301045T
01t4w00000NulyRAAR,BANCA ZAPATERA INDIVIDUAL,INDIVIDUAL SHOE BENCH,H301046T
01t4w00000NulySAAR,CENTRO ENTRETENIMIENTO 2 CAJONES,ENTERTAINMENT CENTER,H304042T
01t4w00000NulyUAAR,CARRITO BAÑO 4 NIVELES CON RUEDAS,4 LEVEL BATHROOM CART,H405141T
01t4w00000NulyZAAR,MESA AUXILIAR,SIDE TABLE,H305048T
01t4w00000NulyaAAB,CARRO LAVANDERIA 2 NIVELES CON RUEDAS,2 LEVEL LAUNDRY CART WITH WHEELS,H405142T
01t4w00000NulycAAB,TOALLERO BAÑO 3 BRAZOS,BATHROOM TOWEL RACK 3 ARMS,H404002T
01t4w00000NulydAAB,CENTRO ENTRETENIMIENTO 2 CAJONES,ENTERTAINMENT CENTER,H304043T
01t4w00000NulyfAAB,APARADOR 2 PUERTAS + 1 CAJON,SIDEBOARD 2 DOORS + 1 DRAWER,H305049T
01t4w00000NulyhAAB,REGADERA 1.8 LITROS,WATERING CAN 1.8 LITERS,G208003J
01t4w00000NulyjAAB,ORGANIZADOR ESCRITORIO 1 CAJON BAMBÚ,Bamboo desk organizer-FB9-1100,H104068I
01t4w00000NulylAAB,ORGANIZADOR ESCRITORIO EXTENSIBLE BAMBÚ,Bamboo desk organizer FB9-1064,H104069I
01t4w00000NulynAAB,SILLA PLASTICO EAMS,EAMS PP CHAIR,H202032V
01t4w00000NulypAAB,SILLA PLASTICO EAMS,EAMS PP CHAIR,H202033V
01t4w00000NulyrAAB,MESA RESINA PLEGABLE ? 4.5 cm,6FT FOLDING HDPE TABLE,G101007S
01t4w00000NulytAAB,MUÑECO BEBÉ SENSORIAL,PLUSH DOLL,P703001W
01t4w00000NulywAAB,MUÑECO BEBÉ SENSORIAL,PLUSH DOLL,P703002W
01t4w00000NulyyAAB,PELUCHE BEBÉ SENSORIAL,PLUSH BEAR WITH LIGHT AND MUSIC,P703003W
01t4w00000NulyzAAB,PELUCHE BEBÉ SENSORIAL LÁMPARA,PLUSH DOLL WITH LIGHT AN PACIFIC MUSIC,P703005W
01t4w00000Nulz0AAB,PELUCHE BEBÉ SENSORIAL,PLUSH DOLL WITH LIGHT AND MUSIC,P703004W
01t4w00000Nulz4AAB,MUÑECO BEBÉ SENSORIAL,PLUSH PACIFY DOLL WITH LIGTH AND MUSIC,P703006W
01t4w00000Nulz8AAB,SONAJERO SENSORIAL,PLUSH PACIFY RATTLE,P703007W
01t4w00000Nulz9AAB,SONAJERO SENSORIAL,PLUSH RATTLE WITH LIGHT AND MUSIC,P703011W
01t4w00000NulzBAAR,SONAJERO SENSORIAL,PLUSH RATTLE WITH LIGHT AND MUSIC,P703008W
01t4w00000NulzCAAR,PELUCHE BEBÉ SENSORIAL,PLUSH WITH LIGHT AND MUSIC,P703009W
01t4w00000NulzDAAR,PELUCHE BEBÉ SENSORIAL PROYECTOR,PLUSH PACIFY PROJECTIVE WITH LIGHT AND MUSIC,P703010W
01t4w00000NulzGAAR,PELUCHE BEBÉ SENSORIAL,PLUSH WITH LIGHT AND PACIFIC MUSIC,P703012W
01t4w00000NulzHAAR,MUÑECO BEBÉ SENSORIAL RISA,PLUSH  DOLL WITH LAUGHING + PACIFY,P703013W
01t4w00000NulzKAAR,PELUCHE BEBÉ SENSORIAL,PLUSH WITH PACIFIC MUSIC,P703014W
01t4w00000NulzMAAR,PELUCHE BEBÉ SENSORIAL PROYECTOR,PLUSH WITH LIGHT AND PACIFIC MUSIC,P703015W
01t4w00000NulzNAAR,PELUCHE BEBÉ SENSORIAL PROYECTOR,PLUSH WITH PACIFIC MUSIC AND LIGHT,P703016W
01t4w00000NulzPAAR,BOLSA ORGANO SENSORIAL,MUSIC BAG ORGAN,P703017W
01t4w00000NulzQAAR,APILABLE ARCOIRIS,RAINBOW STACKER,P702001W
01t4w00000NulzUAAR,CORREPASILLOS CAMIÓN MADERA,TRUCK WALKER,P702002W
01t4w00000NulzVAAR,JUEGO DE BANCO CON MARTILLO,HAMMER BENCH GAME,P702003W
01t4w00000NulzWAAR,CENTRO DE MUSICA,MUSIC CENTRE,P702006W
01t4w00000NulzYAAR,ANDADOR ACTIVIDADES,ACTIVITY BABY WALKER,P702004W
01t4w00000NulzaAAB,SET INSTRUMENTOS MUSICALES,MUSICAL INSTRUMENT SET,P702005W
01t4w00000NulzbAAB,ARRASTE ALPACA,PULL ALONG ALPACA,P702007W
01t4w00000NulzfAAB,VAIVEN ALPACA,ROCKING ALPACA,P702008W
01t4w00000NulzhAAB,ORUGA DIDÁCTICA,LETTER FAT BUG,P702009W
01t4w00000NulzkAAB,ARDILLA DIDÁCTICA,SQUIRREL,P702013W
01t4w00000NulznAAB,PERRO CON HUESO DIDÁCTICO,SMART DOG,P702010W
01t4w00000NulzoAAB,PULPO DIDÁCTICO,SPINNING OCTOPUS,P702011W
01t4w00000NulzqAAB,HIPO PIANO DIDÁCTICO,HIPPO PIANO,P702012W
01t4w00000NulzsAAB,CERDITO DIDÁCTICO,TALK PIGGY,P702015W
01t4w00000NulzuAAB,VASO ANIMAL GIRATORIO,MUSIC TUMBLER,P702014W
01t4w00000NulzvAAB,DINOSAURIO DIDÁCTICO,DINOSAUR,P702016W
01t4w00000NulzxAAB,MOVIL CUNA MUSICAL,MUSICAL MOBILE,P701001W
01t4w00000NulzzAAB,MESA RESINA PLEGABLE ? 4 cm,6FT FOLDING HDPE TABLE,G101030A
01t4w00000Num00AAB,MESA RESINA PLEGABLE ? 4 cm,6FT FOLDING HDPE TABLE,
01t4w00000Num01AAB,MUÑECO SENSORIAL CUNA,BABY ZHAHARA LION PULL & SHAKE,P703018W
01t4w00000Num02AAB,MUÑECO SENSORIAL,"12"" BUSY LEASY",P703020W
01t4w00000Num03AAB,MUÑECO SENSORIAL CUNA,BABY CHARLOTTE PUPPY RATTLE & SQUEAKER FEET TOY,P703019W
01t4w00000Num04AAB,MUÑECO SENSORIAL CUNA,BABY TWIGGYSQUIRREL WIND CHIME,P703021W
01t4w00000Num05AAB,MUÑECO SENSORIAL MORDEDOR,BABY CHARLOTTE PUPPY CUDDLY TEETHER TOY,P703022W
01t4w00000Num06AAB,GIMNASIO SENSORIAL,WOODLAND FRIENDS CALA PLAYGYM,P701002W
01t4w00000Num07AAB,MUÑECO SENSORIAL CUNA,BABY HARLO ELEPHANT RAINBOW CARRIER TOYS,P703024W
01t4w00000Num08AAB,MUÑECO SENSORIAL MORDEDOR,TEETHER ELEPHAN CUDDLY,P703023W
01t4w00000Num09AAB,MUÑECO SENSORIAL,"12"" BUSY E'FUN",P703025W
01t4w00000Num0AAAR,CASITA SENSORIAL 4 ANIMALES,TOYS BARNT SET WITH 4 ANIMALS,P703026W
01t4w00000Num0BAAR,SOFA BEBÉ,WOODLAND FRIENDS FIRST SOFA FRANK,P703027W
01t4w00000Num0CAAR,MUÑECO SENSORIAL ESPIRAL,WOODLAND FRIENDS ACTIVITY SPIRAL FRANK,P703028W
01t4w00000Num0DAAR,MUÑECO SENSORIAL ESPEJO,WOODLAND FRIENDS PULLMUSIC CALA,P703029W
01t4w00000Num0EAAR,MUÑECO SENSORIAL ESPEJO,WOODLAND FRIENDS PULLMUSIC FRANK,P703030W
01t4w00000Num0FAAR,MUÑECO SENSORIAL CUNA,WOODLAND FRIENDS JITTERING BRUCE,P703031W
01t4w00000Num0GAAR,CASITA SENSORIAL 4 ANIMALES,WOOLAND FRIENDS TAKE ALONG TREE HOUSE,P703033W
01t4w00000Num0HAAR,MUÑECO SENSORIAL CUNA,WOOLAND FRIENDS TAKE ME CHIME BRUCE,P703032W
01t4w00000Num0IAAR,MUÑECO SENSORIAL MORDEDOR,SHAKE ME KITTY,P703034W
01t4w00000Num0JAAR,MOVIL CUNA,MY JUNGLE FRIENDS DELUXE MOBILE,P701003W
01t4w00000Num0KAAR,JUEGO SENSORIAL 4 PIEZAS,4 PCS RATTLE GIFT SET,P703035W
01t4w00000Num0LAAR,MUÑECO SENSORIAL MORDEDOR,TEETHER RATTLE,P703036W
01t4w00000Num0MAAR,SONAJA,FROG ROLLING RATTLE,P704001W
01t4w00000Num0NAAR,SONAJA,PLASTIC RING RATTLE,P704002W
01t4w00000Num0OAAR,MUÑECO SENSORIAL CUNA,HAPPY TRAVELING CHIME,P703037W
01t4w00000Num0PAAR,MUÑECO MUSICAL,PULL STRING MUSICAL TOY,P703039W
01t4w00000Num0QAAR,MUÑECO SENSORIAL CUNA,HAPPY TRAVELING CHIME,P703038W
01t4w00000Num0RAAR,MUÑECO SENSORIAL,PULL STRING MUSICAL E'FUN,P703040W
01t4w00000Num0SAAR,PELUCHE DOU DOU MORDEDOR,CRINKLE PAL PUPPY,P703041W
01t4w00000Num0TAAR,PELUCHE DOU SENSORIAL,HAPPY BLANKIE,P703042W
01t4w00000Num0UAAR,PELOTA SENSORIAL,18 CM ABC DISCOVERY BALL,P703043W
01t4w00000Num0VAAR,PROTECTOR CUNA SENSORIAL,EXTRA LARGE BEDSIDE PLAYBOOK BUMPER,P703044W
01t4w00000Num0WAAR,LIBRO SENSORIAL,MAGIC ISLAND ACTIVITY SOFT BOOK,P703045W
01t4w00000Num0XAAR,MUÑECO SENSORIAL CUNA,ROCKY THE TURTLE,P703046W
01t4w00000Num0YAAR,MUÑECO SENSORIAL,PULL & GO E'FUN ELEPHANT,P703047W
01t4w00000Num0ZAAR,MUÑECO SENSORIAL CUNA,ACTIVITY FRIENDS FLAPPY THE ELEPHAN,P703048W
01t4w00000Num0aAAB,MUÑECO SENSORIAL CUNA,RADNEY THE RACOON,P703049W
01t4w00000Num0bAAB,JUEGO SENSORIAL,HAPPY E'FUN TURN AROUND STROLLER TOY,P703050W
01t4w00000Num0cAAB,JUEGO SENSORIAL,ROLLING BALL MONKEY,P703051W
01t4w00000Num0dAAB,MUÑECO SENSORIAL CUNA,TEETHER FROG,P703052W
01t4w00000Num0eAAB,PELUCHE SENSORIAL,BUSY XL ELEPHANT,P703053W
01t4w00000Num0fAAB,MOVIL SILLA PASEO,JOLLY BEAR TRAVEL & LEARN STROLLER ARCH,P701004W
01t4w00000Num0gAAB,SET JUEGO SENSORIAL,OUTDOOR PLAYSET,P703054W
01t4w00000Num0hAAB,PELUCHE SENSORIAL,DR. OWL THE MATH GAME SET,P703055W
01t4w00000Num0iAAB,PELUCHE SENSORIAL,LARRY LEARNS TO DRESS,P703056W
01t4w00000Num0jAAB,JUEGO SENSORIAL,MY CARRY-ALONG FARM HOUSE,P703057W
01t4w00000Num0kAAB,JUEGO SENSORIAL,HAPPY FARM STACKING RINGS,P703058W
01t4w00000Num0lAAB,PUZZLE SENSORIAL,SMART ACTIVITY BLOCKS,P703059W
01t4w00000Num0mAAB,ALFOMBRA JUEGO SENSORIAL,HAPPY GARDEN EXTRA LARGE PLAYMAT,P701005W
01t4w00000Num0nAAB,JUEGO SENSORIAL,BIZZY BUSSY BUSY BEE ACTIVITY PLAYGYM,P701006W
01t4w00000Num0oAAB,GIMNASIO SENSORIAL,BABYNEST MULTI-FUNCTION PLAYGYM,P701007W
01t4w00000Num0pAAB,GIMNASIO SENSORIAL,MY JUNGLE FRIENDS HAPPY PLAYYARD PLAYGYM,P701008W
01t4w00000Num0qAAB,GIMNASIO SENSORIAL,DELUXE LADYBIRD PLAYGYM,P701009W
01t4w00000Num0rAAB,SONAJA,MINI RATTLE,P704003W
01t4w00000Num0sAAB,SET SONAJAS,DINOSAUR RATTLE,P704004W
01t4w00000Num0tAAB,APILABLE MOVIMIENTO,ROLU-POLY UNICORN,P703060W
01t4w00000Num0uAAB,MOVIL CUNA,CELESTIAL MOBILE,P701010W
01t4w00000Num0vAAB,MOVIL CUNA,BRAINWAVE STIMULATOR,P701011W
01t4w00000Num0wAAB,LAMPARA DIDÁCTICA,BABY NIGTH LIGTH,P703061W
01t4w00000Num0xAAB,SONAJA LLAVES,LIGTH & RATTLE KEYS,P704005W
01t4w00000Num0yAAB,SET SONAJAS,Rocking Rattles (10 models assorted/10 pcs in box),P704006W
01t4w00000Num0zAAB,SET SONAJAS,CARL ORFF MUSICAL INSTRUMENT SET,P704007W
01t4w00000Num10AAB,MUÑECA VASO,TUMBLER DOLL,P704008W
01t4w00000Num11AAB,PELOTA ACTIVIDADES,TODDLERS WORLD ACTIVITY BALL,P703062W
01t4w00000Num12AAB,ANDADOR ACTIVIDADES VOLANTE,CONVERTIBLE BABY ACTIVITY TABLE WALKER,P702017W
01t4w00000Num13AAB,JUGUETE VENTOSA,High Chair toys - Funny Horse,P702018W
01t4w00000Num14AAB,JUGUETE VENTOSA,High Chair toys - Smart Owl,P702019W
01t4w00000Num15AAB,JUGUETE VENTOSA,High Chair toys - Cute Peacock,P702020W
01t4w00000Num16AAB,TECLADO ELEFANTE,ELEPHAN KEYBOARD,P702021W
01t4w00000Num17AAB,JUGUETE LUCES,HAPPY BABY SOOTHER,P702022W
01t4w00000Num18AAB,TABLET DIDÁCTICA,TABLET,P702023W
01t4w00000Num19AAB,MANDO CONTROL DIDÁCTICO,"MY REMOTE, MY PROGRAM",P702024W
01t4w00000Num1AAAR,TECLADO ANIMALES,ADORABLE ANIMAL KEYBOARD PLAYER,P702025W
01t4w00000Num1BAAR,MUÑECOS PARA BAÑERA,STACK & SQUIRT BATH FUN,P702026W
01t4w00000Num1TAAR,ARRASTRE,HAPPY WIGGLE WORM,P702027W
01t4w00000Num1UAAR,PELOTA ACTIVIDADES,CATCH-ME ACTIVITY BALL,P702028W
01t4w00000Num1VAAR,SILLA ACTIVIDADES Y FORMAS,"BABY STAND, PLAY & HOP! ACTIVITY CENTER",P702029W
01t4w00000Num1WAAR,CAMION BEBÉ,MONSTER TRUCKS,P702030W
01t4w00000Num1XAAR,ARDILLA LUCES,TOY BEAVER,P702031W
01t4w00000Num1YAAR,TAMBOR ACTIVIDADES,LITTLE KARAOKE SPACE CAPSULE ACTIVITY TOY,P702032W
01t4w00000Num1ZAAR,DINOSAURIO ACTIVIDADES,LEARNING DINO ACTIVITY TOY,P702034W
01t4w00000Num1aAAB,PRIMER SMARTPHONE,MY FIRST SMARTFHONE,P702033W
01t4w00000Num1bAAB,DINOSAURIO MINIATURA,TOY DINOSAURS,P702035W
01t4w00000Num1cAAB,PIRAMIDE ACTIVIDADES,ACTIVITY PYRAMID,P702036W
01t4w00000Num1dAAB,VEHÍCULO BEBÉ,Super Construction Vehicles (12 PET box in one display box),P702037W
01t4w00000Num1eAAB,VEHICULO BEBÉ,Super Construction Vehicles (6 pcs in box),P702038W
01t4w00000Num1fAAB,VEHICULO BEBÉ,COUNTY CRUISERS,P702039W
01t4w00000Num1gAAB,VEHÍCULOS ANIMALITOS BEBÉ,ADORABLE ANIMAL FARM FRICTION TOYS,P702040W
01t4w00000Num1hAAB,CENTRO MUSICAL BEBÉ,POP & PLAY MUSIC CENTER,P702041W
01t4w00000Num1iAAB,CASITA ACTIVIDADES,ACTIVITY HOUSE SHAPE SORTER,P702042W
01t4w00000Num1jAAB,VOLANTE ACTIVIDADES,LITTLE RACER WHEEL,P702043W
01t4w00000Num1kAAB,TALLER ACTIVIDADES,MY LITTLE WORKSHOP,P702044W
01t4w00000Num1lAAB,TAMBOR ACTIVIDADES,DJ PARTY DRUM,P702045W
01t4w00000Num1mAAB,SILLA COMEDOR,CHAIR,H206019B
01t4w00000Num1nAAB,BUS ACTIVIDADES,SCHOOL BUS,P702046W
01t4w00000Num1oAAB,TREN ACTIVIDADES,LEARNING LOCO,P702047W
01t4w00000Num1pAAB,TREN ACTIVIDADES,DROP & GO TRAIN,P702048W
01t4w00000Num1qAAB,KARAOKE,KARAOKE JUKEBOX,P702049W
01t4w00000Num1rAAB,PIZARRA MÁGICA CABALLO,MAGNETIC SCRIBBLER,P702050W
01t4w00000Num1sAAB,MALETA VIAJE BEBÉ COCINA,LITTLE CHEF SUITCASE,P702051W
01t4w00000Num1tAAB,MALETÍN MAQUILLAJE BEBÉ,PORTABLE MAKEUP BOX,P702052W
01t4w00000Num1uAAB,MESA ACTIVIDADES PISTA,SMARTY INTERACTIVE ACTIVITY PLAY TABLE,P702053W
01t4w00000Num1vAAB,BATERIA MUSICAL BEBÉ,BANGING BOPPING DRUM SET,P702054W
01t4w00000Num1wAAB,CAJA REGISTRADORA BEBÉ,TOY CASH REGISTER,P702055W
01t4w00000Num1xAAB,PIANO BEBÉ,LITTLE LEARNERS PIANO SET,P702056W
01t4w00000Num1yAAB,XILÓFONO ELECTRÓNICO,ELECTRONIC XYLOPHONE WITH GAME DRUM,P702057W
01t4w00000Num1zAAB,CASA MASCOTA,PET HOUSE,P702059W
01t4w00000Num20AAB,GIMANSIO PIANO,KICK & PLAY PIANO GYM,P701013W
01t4w00000Num21AAB,TAMBOR DINÁMICO,TWO SIDED DYNAMIC DRUM,P702058W
01t4w00000Num22AAB,GIMNASIO PIANO,PIANO GYM WITH PROJECTOR AND MOBILE,P701012W
01t4w00000Num23AAB,GIMANSIO PIANO,PIANO GYM,P701014W
01t4w00000Num24AAB,COLUMPIO ACTIVIDADES,LAY & PLAY,P701015W
01t4w00000Num25AAB,ANDADOR ACTIVIDADES CARRO,GOODWAY WALKER,P702060W
01t4w00000Num26AAB,MESA ACTIVIDADES,CRH GAME,P702061W
01t4w00000Num27AAB,MESA ACTIVIDADES LIBRO,CRH GAME,P702062W
01t4w00000Num28AAB,MOVIL MUSICAL,BABY MUSICAL MOBILE,P701016W
01t4w00000Num29AAB,CUBO ACTIVIDADES TAPETE,PLAY & LEARN ACTIVITY CUBE,P702063W
01t4w00000Num2AAAR,SET SONAJEROS,BATH & TOYS & SAND BEACH,P704009W
01t4w00000Num2BAAR,CUBO ACTIVIDADES BÁSICO,CUBE ACTIVITY,P702064W
01t4w00000Num2CAAR,MORDEDOR MONO,MONKEY,P702065W
01t4w00000Num2DAAR,MORDEDOR PATO,ROLY-POLY DUCH WITH TEETHER,P702066W
01t4w00000Num2EAAR,SET CUBOS APILABLES,BATH & TOYS & SAND BEACH,P702067W
01t4w00000Num2FAAR,SONAJA,BATH & TOYS & SAND BEACH,P704010W
01t4w00000Num2GAAR,PIZARRA MÁGICA,BATH & TOYS & SAND BEACH,P702068W
01t4w00000Num2HAAR,PIANO ACTIVIDADES,MUSICAL EDUCATIONAL TOYS PIANO,P702069W
01t4w00000Num2IAAR,JUGUETE CUNA,EDUCATIONAL TOYS,P702070W
01t4w00000Num2JAAR,SET BLOQUES SENSORIALES,SOFT BLOCK SET,P702071W
01t4w00000Num2KAAR,SET BOLAS SENSORIALES,BABY BALL,P702072W
01t4w00000Num2LAAR,SET MORDEDOR SENSORIAL,BABY TEETHER SET,P702073W
01t4w00000Num2MAAR,COCHE MORDEDOR,BABY TEETHER CAR,P702074W
01t4w00000Num2NAAR,SONAJERO,Cartoon puppy rattle,P704011W
01t4w00000Num2OAAR,SET SONAJERO,Electric cartoon sand hammer rattle,P704012W
01t4w00000Num2PAAR,PIZARRA MÁGICA ANIMALITOS,Puzzle WordPad,P702075W
01t4w00000Num2QAAR,VEHÍCULO CONSTRUCCIÓN MUSICAL,Electric universal light music cartoon construction vehicle,P702076W
01t4w00000Num2RAAR,SET RAQUETAS RANA,FROG RACKET SET,P702077W
01t4w00000Num2SAAR,SET BLOQUES,BLOCK PLAY SET,P702078W
01t4w00000Num2TAAR,COCHE,PULL BACK SOFT RUBBER CAR,P702079W
01t4w00000Num2UAAR,SILLA GAMING,GAMING CHAIR,H101006B
01t4w00000Num2VAAR,SET  4 COCHES,PULL BACK SOFT RUBBER CAR 4 ASST,P702080W
01t4w00000Num2WAAR,PIANO ARCOIRIS,Dream Angel Story Rainbow Piano,P702081W
01t4w00000Num2XAAR,CUBO ACTIVIDADES ANIMALITOS,Multifunctional cube cube,P702082W
01t4w00000Num2YAAR,ANIMALITO COCHE DE ACTIVIDADES,Cartoon fawn car,P702083W
01t4w00000Num2ZAAR,GUSANO,Baby rattle,P702084W
01t4w00000Num2aAAB,XILÓFONO,Treble,P702087W
01t4w00000Num2bAAB,SILLA GAMING,GAMING CHAIR,H101008B
01t4w00000Num2cAAB,RATÓN XILÓFONO,Rattle,P702085W
01t4w00000Num2dAAB,SILLA ORDENADOR GAMING,GAMING CHAIR,H101009B
01t4w00000Num2eAAB,TAMBOR,Tossing drummer,P702086W
01t4w00000Num2fAAB,SILLA ORDENADOR,OFFICE CHAIR,H101010B
01t4w00000Num2gAAB,SILLA ORDENADOR,OFFICE CHAIR,H101011B
01t4w00000Num2hAAB,SET JARDIN 5 PIEZAS,GARDEN SET,G108024A
01t4w00000Num2iAAB,TAMBOR LUZ,Hand drum with music lights,P702088W
01t4w00000Num2jAAB,SET ACTIVIDADES BEBÉ,"B/O ANIMAL SET (MUSIC,LIGHT,SOUND)",P702090W
01t4w00000Num2kAAB,ANDADOR ACTIVIDADES FORMAS,ABELU CHILDREN'S FUN WALKER,P702091W
01t4w00000Num2mAAB,SET ACTIVIDADES BEBÉ,"B/O ANIMAL SET (MUSIC,LIGHT,SOUND)",P702089W
01t4w00000Num2nAAB,ANDADOR ACTIVIDADES,KANGAROO WALKING CART,P702092W
01t4w00000Num2oAAB,MESA ACTIVIDADES FORMAS,INTELLECTUAL LEARNING TABLE,P702093W
01t4w00000Num2pAAB,SET ACTIVIDADES BEBÉ,BAOERBAO PARADISE,P702094W
01t4w00000Num2qAAB,COCHE ACTIVIDADES,JUMPING BEAR BUS,P702095W
01t4w00000Num2rAAB,CORREPASILLOS MUSICAL,PUSH CAR (Music Steering Wheel),P702096W
01t4w00000Num2sAAB,CORREPASILLOS MOTO,SLIDE MOTORCYCLE,P702097W
01t4w00000Num2tAAB,CORREPASILLOS ANIMALITOS,GIRAFFE WALKER,P702098W
01t4w00000Num2uAAB,TUMBONA DOBLE,DOUBLE SUNLOUNGER,G111001A
01t4w00000Num2vAAB,SILLA COMEDOR PLASTICO,CHAIR,H201034B
01t4w00000Num2wAAB,SET COMEDOR 7 PIEZAS ALUMINIO CON COJINES,"Garden Set (6pcs Chairs, 1pc Table )",G108025A
01t4w00000Num2xAAB,SET COMEDOR 7 PIEZAS ACERO,"garden set ?6pcs Chairs, 1pc Table",G108026A
01t4w00000Num2yAAB,SET COMEDOR 7 PIEZAS ALUMINIO,"garden set 6pcs Chairs, 1pc Table",G108027A
01t4w00000Num2zAAB,SET JARDIN 6 PIEZAS ACERO,"2pcs Chairs, 1pc big table, 1pc small table, 2pcs footstool",G108028A
01t4w00000Num30AAB,SET JARDIN 4 PIEZAS,"2pcs Leisure Chairs, 1pc table, 1pc footstool",G108029A
01t4w00000Num31AAB,COLUMPIO COLGANTE CON COJIN,Swing,G111002A
01t4w00000Num32AAB,COLUMPIO COLGANTE CON COJIN,Swing,G111003A
01t4w00000Num33AAB,COLUMPIO BALANCIN DOBLE,Loveseat Swing,G111004A
01t4w00000Num34AAB,SET BISTRO ALUMINIO CON COJINES,"2pcs Chairs, 1pc Table",G108030A
01t4w00000Num4HAAR,SILLA COMEDOR PLASTICO,CHAIR,H201035B
01t4w00000Num4IAAR,SILLA COMEDOR PLASTICO,CHAIR,H201036B
01t4w00000Num4JAAR,SILLA ORDENADOR MESH,OFFICE CHAIR,H101012B
01t4w00000Num4KAAR,SILLA ORDENADOR MESH,OFFICE CHAIR,H101013B
01t4w00000Num4LAAR,SILLA COMEDOR PLASTICO,CHAIR,H201037B
01t4w00000Num4MAAR,SILLA ORDENADOR MESH,OFFICE CHAIR,H101014B
01t4w00000Num4NAAR,SILLA COMEDOR PLASTICO,CHAIR,H201038B
01t4w00000Num4OAAR,SILLA ORDENADOR,OFFICE CHAIR,H101015B
01t4w00000Num4PAAR,SILLA COMEDOR PLASTICO,CHAIR,H201039A
01t4w00000Num4QAAR,SILLA ORDENADOR,OFFICE CHAIR,H101016B
01t4w00000Num4RAAR,SILLA PLASTICO EAMS,CHAIR,H201040B
01t4w00000Num4SAAR,SILLA ORDENADOR MESH,OFFICE CHAIR,H101017B
01t4w00000Num4TAAR,SILLA ORDENADOR MESH,OFFICE CHAIR,H101018B
01t4w00000Num4UAAR,SILLA COMEDOR PLASTICO ACOLCHADA,CHAIR,H201041B
01t4w00000Num4VAAR,SILLA COMEDOR PLASTICO ACOLCHADA,CHAIR,H201042B
01t4w00000Num4WAAR,SILLA ORDENADOR MESH,OFFICE CHAIR,H101019B
01t4w00000Num4XAAR,SILLA ORDENADOR MESH,OFFICE CHAIR,H101020B
01t4w00000Num4YAAR,SILLA ORDENADOR,OFFICE CHAIR,H101021B
01t4w00000Num4ZAAR,SILLA COMEDOR PLASTICO,CHAIR,H201043B
01t4w00000Num4aAAB,SILLA COMEDOR PLASTICO,CHAIR,H201044B
01t4w00000Num4bAAB,SILLA COMEDOR PLASTICO,CHAIR,H201045B
01t4w00000Num4cAAB,SILLA COMEDOR PLASTICO,CHAIR,H201046B
01t4w00000Num4dAAB,BANCO BAR METAL,BAR STOOL,H206051B
01t4w00000Num4eAAB,SILLA PLASTICO EAMS,CHAIR,H201047B
01t4w00000Num4fAAB,SILLA PLASTICO EAMS,CHAIR,H201048B
01t4w00000Num4gAAB,SILLA PLASTICO EAMS,CHAIR,H201049B
01t4w00000Num4hAAB,SILLA PLASTICO EAMS,CHAIR,H201050B
01t4w00000Num4iAAB,SILLA PLASTICO EAMS,CHAIR,H201051B
01t4w00000Num4jAAB,SILLA COMEDOR PLASTICO,CHAIR,H201052B
01t4w00000Num4kAAB,SILLA COMEDOR PLASTICO,CHAIR,H201053B
01t4w00000Num4lAAB,SILLA PLASTICO EAMS,CHAIR,H201054A
01t4w00000Num4mAAB,SILLA COMEDOR TELA,CHAIR,H201055B
01t4w00000Num4nAAB,SILLA COMEDOR TELA,CHAIR,H201056B
01t4w00000Num4oAAB,SILLA COMEDOR TELA ACOLCHADA,CHAIR,H201057B
01t4w00000Num4pAAB,SILLA PLASTICO EAMS ACOLCHADA,CHAIR,H201058B
01t4w00000Num4qAAB,BANCO BAR EAMS ACOLCHADO,CHAIR,H201059B
01t4w00000Num4rAAB,SILLA PLASTICO EAMS ACOLCHADA,CHAIR,H201060B
01t4w00000Num4sAAB,SILLA PLASTICO EAMS ACOLCHADA,CHAIR,H201063B
01t4w00000Num4tAAB,SILLA PLASTICO EAMS ACOLCHADA,CHAIR,H201061B
01t4w00000Num4uAAB,SILLA COMEDOR TELA ACOLCHADO,CHAIR,H201062B
01t4w00000Num4vAAB,SILLA COMEDOR PLASTICO,CHAIR,H201064B
01t4w00000Num4wAAB,SILLA COMEDOR TELA,CHAIR,H201068B
01t4w00000Num4xAAB,SILLA ORDENADOR,CHAIR,H201065B
01t4w00000Num4yAAB,SILLA PLASTICO EAMS,CHAIR,H201066A
01t4w00000Num4zAAB,SILLA PLASTICO EAMS,CHAIR,H201067B
01t4w00000Num50AAB,MESA ESCRITORIO GAMING,GAMING DESK,H102018B
01t4w00000Num51AAB,SILLA COMEDOR TELA,CHAIRS,H201069B
01t4w00000Num52AAB,MESA ESCRITORIO,COMPUTER DESK,H102019B
01t4w00000Num53AAB,MESA ESCRITORIO,COMPUTER DESK,H102020B
01t4w00000Num54AAB,MESA ESCRITORIO,COMPUTER DESK,H102022B
01t4w00000Num55AAB,MESA ESCRITORIO,COMPUTER DESK,H102023B
01t4w00000Num56AAB,MESA ESCRITORIO,COMPUTER DESK,H102021B
01t4w00000Num57AAB,MESA ESCRITORIO,COMPUTER DESK,H102024B
01t4w00000Num58AAB,MESA ESCRITORIO + LIBRERO 2 NIVELES,COMPUTER DESK,H102025B
01t4w00000Num59AAB,MESA ESCRITORIO,COMPUTER DESK,H102026B
01t4w00000Num5AAAR,MESA ESCRITORIO + LIBRERO 3 NIVELES,COMPUTER DESK,H102027B
01t4w00000Num5BAAR,MESA ESCRITORIO,COMPUTER DESK,H102028B
01t4w00000Num5CAAR,MESA ESCRITORIO,COMPUTER DESK,H102029B
01t4w00000Num5DAAR,MESA ESCRITORIO,COMPUTER DESK,H102030B
01t4w00000Num5EAAR,MESA ESCRITORIO,COMPUTER DESK,H102031B
01t4w00000Num5FAAR,MESA ESCRITORIO,COMPUTER DESK,H102032B
01t4w00000Num5GAAR,SILLA COMEDOR PLASTICO APILABLE,CHAIR,H201070B
01t4w00000Num5HAAR,MESA ESCRITORIO + LIBRERO 2 NIVELES,COMPUTER DESK,H102033B
01t4w00000Num5IAAR,MESA ESCRITORIO + LIBRERO 4 NIVELES,COMPUTER DESK,H102034B
01t4w00000Num5JAAR,MESA ESCRITORIO + LIBRERO 3 NIVELES,COMPUTER DESK,H102035B
01t4w00000Num5KAAR,SILLA COMEDOR PLASTICO APILABLE,CHAIR,H201071B
01t4w00000Num5LAAR,SILLA COMEDOR PLASTICO,CHAIR,H201072B
01t4w00000Num5MAAR,MESA ESCRITORIO,COMPUTER DESK,H102036B
01t4w00000Num5NAAR,MESA ESCRITORIO PLEGABLE,COMPUTER DESK,H102037B
01t4w00000Num5OAAR,ESTANTERIA 4 NIVELES TRANSFORMER,BOOKSHELF,H314001B
01t4w00000Num5PAAR,ESTANTERIA 2 NIVELES DOBLE CON RUEDAS,BOOKSHELF,H314002B
01t4w00000Num5QAAR,ESTANTERIA 4 NIVELES,SHELF,H314003B
01t4w00000Num5RAAR,CAMIÓN CONSTRUCCIÓN  HERRAMIENTAS,DIY VEHICLE,P502001W
01t4w00000Num5SAAR,ESTANTERIA 5 NIVELES,SHELF,H314004B
01t4w00000Num5TAAR,ESTANTERIA 3 NIVELES,SHELF,H314005B
01t4w00000Num5UAAR,SET CONSTRUCCIÓN  HERRAMIENTAS BÁSICO,DIY VEHICLE,P502002W
01t4w00000Num5VAAR,ESTANTERIA 4 NIVELES DOBLE,SHELF,H314006B
01t4w00000Num5WAAR,ESTANTERIA 3 NIVELES,SHELF,H314007B
01t4w00000Num5XAAR,ESTANTERIA 3 NIVELES,SHELF,H314008B
01t4w00000Num5YAAR,ESTANTERIA 3 NIVELES,SHELF,H314009B
01t4w00000Num5ZAAR,ESTANTERIA 5 NIVELES,SHELF,H314010B
01t4w00000Num5aAAB,SET CONSTRUCCIÓN  HERRAMIENTAS MEDIANO,DIY VEHICLE,P502003W
01t4w00000Num5bAAB,APARADOR 2 CAJONES,CABINET,H312001T
01t4w00000Num5dAAB,SET CONSTRUCCIÓN  HERRAMIENTAS GRANDE,CONSTRUCTION TOOLS SET,P502004W
01t4w00000Num5eAAB,CENTRO ENTRETENIMIENTO 2 CAJONES,TV STAND,H312002T
01t4w00000Num5gAAB,ESTANTERIA 3 NIVELES DISEÑO,BOOKCASE,H314011B
01t4w00000Num5hAAB,ESTANTERIA 4 NIVELES DOBLE,SHELF,H314012B
01t4w00000Num5iAAB,SET POLICIA HERRAMIENTAS BÁSICO,DIY VEHICLE,P502005W
01t4w00000Num5jAAB,ESTANTERIA 5 NIVELES,SHELF,H314013B
01t4w00000Num5kAAB,SET POLICIA HERRAMIENTAS MEDIANO,DIY VEHICLE,P502006W
01t4w00000Num5lAAB,SET POLICIA HERRAMIENTAS GRANDE,DIY VEHICLE,P502007W
01t4w00000Num5mAAB,SET BOMBERO HERRAMIENTAS BÁSICO,DIY VEHICLE,P502008W
01t4w00000Num5nAAB,SET CAMUFLAJE HERRAMIENTAS MEDIANO,DIY VEHICLE,P502012W
01t4w00000Num5oAAB,VEHÍCULOS CONSTRUCCIÓN PALA,DIY VEHICLE,P502016W
01t4w00000Num5pAAB,SET BOMBERO HERRAMIENTAS MEDIANO,DIY VEHICLE,P502009W
01t4w00000Num5qAAB,SET BOMBERO HERRAMIENTAS GRANDE,DIY VEHICLE,P502010W
01t4w00000Num5rAAB,SET CAMUFLAJE HERRAMIENTAS BÁSICO,DIY VEHICLE,P502011W
01t4w00000Num5sAAB,SET CAMUFLAJE HERRAMIENTAS GRANDE,DIY VEHICLE,P502013W
01t4w00000Num5tAAB,SET VEHÍCULOS CONSTRUCCIÓN 2 PACK,DIY VEHICLE,P502014W
01t4w00000Num5uAAB,SET VEHÍCULOS CONSTRUCCIÓN 3 PACK,DIY VEHICLE,P502015W
01t4w00000Num5vAAB,VEHÍCULOS CONSTRUCCIÓN VOLTEO,DIY VEHICLE,P502017W
01t4w00000Num5wAAB,SET BLOQUES 045 PIEZAS TREN NÚMEROS,BUILDING BLOCKS,P605001W
01t4w00000Num5xAAB,SET BLOQUES VEHÍCULOS,BUILDING BLOCKS,P605004W
01t4w00000Num5yAAB,SET BLOQUES 053 PIEZAS BUS ESCOLAR,BUILDING BLOCKS,P605002W
01t4w00000Num5zAAB,SET BLOQUES 051 PIEZAS GRANJA,BUILDING BLOCKS,P605003W
01t4w00000Num60AAB,SET BLOQUES 150 PZAS,BUILDING BLOCKS,P605005W
01t4w00000Num61AAB,SET BLOQUES 048 PIEZAS TREN,BUILDING BLOCKS,P605006W
01t4w00000Num62AAB,SET BLOQUES 063 PZAS,BUILDING BLOCKS,P605007W
01t4w00000Num63AAB,SET BLOQUES 123 PZAS,BUILDING BLOCKS,P605008W
01t4w00000Num65AAB,SET BLOQUES 268 PIEZAS ANIMALES,BUILDING BLOCKS,P605009W
01t4w00000Num67AAB,SET BLOQUES 010 PIEZAS COCHE,BUILDING BLOCKS,P605010W
01t4w00000Num68AAB,SET BLOQUES 053 PIEZAS ESPACIO,BUILDING BLOCKS,P605011W
01t4w00000Num6QAAR,SET BLOQUES 066 PZAS,BUILDING BLOCKS,P605012W
01t4w00000Num6RAAR,SET BLOQUES 030 PZAS,BUILDING BLOCKS,P605013W
01t4w00000Num6SAAR,SET BLOQUES 033 PIEZAS DINOSAURIOS,BUILDING BLOCKS,P605014W
01t4w00000Num6TAAR,SET BLOQUES 098 PZAS,BUILDING BLOCKS,P605015W
01t4w00000Num6VAAR,SET BLOQUES 098 PZAS,BUILDING BLOCKS,P605016W
01t4w00000Num6WAAR,SET BLOQUES 062 PZAS,BUILDING BLOCKS,P605017W
01t4w00000Num6XAAR,SET BLOQUES 088 PZAS,BUILDING BLOCKS,P605018W
01t4w00000Num6YAAR,SET BLOQUES 096 PIEZAS CIUDAD,BUILDING BLOCKS,P605020W
01t4w00000Num6ZAAR,SET BLOQUES 049 PIEZAS PARQUE,BUILDING BLOCKS,P605021W
01t4w00000Num6aAAB,SET BLOQUES 092 PIEZAS HELADO,BUILDING BLOCKS,P605022W
01t4w00000Num6bAAB,SET BLOQUES 083 PIEZAS ZOO,BUILDING BLOCKS,P605023W
01t4w00000Num6cAAB,SET BLOQUES 065 PIEZAS CASA,BUILDING BLOCKS,P605019W
01t4w00000Num6dAAB,SET BLOQUES 026 PIEZAS ZOO,BUILDING BLOCKS,P605025W
01t4w00000Num6eAAB,SET BLOQUES 106 PIEZAS ZOO,BUILDING BLOCKS,P605024W
01t4w00000Num6fAAB,SET BLOQUES 092 PIEZAS HERRAMIENTAS,DIY FUNNY BLOCKS TOOL SET,P605026W
01t4w00000Num6gAAB,SET BLOQUE COCINA,DIY MINI FUNNY KITCHEN TABLE,P605027W
01t4w00000Num6tAAB,PORTAMANGUERA AUTOENROLLABLE CON MANGUERA PARED 35 MTS,SELF-ROLLING HOSE HOLDER WITH WALL HOSE 35 MTS,G401001A
01t4w00000Num6vAAB,PORTAMANGUERA AUTOENROLLABLE CON MANGUERA PARED 15 MTS,SELF-ROLLING HOSE HOLDER WITH WALL HOSE 15 MTS,G401002A
01t4w00000Num6wAAB,PORTAMANGUERA AUTOENROLLABLE CON MANGUERA PARED 25 MTS,SELF-ROLLING HOSE HOLDER WITH WALL HOSE 25 MTS,G401003A
01t4w00000Num6xAAB,PORTAMANGUERA AUTOENROLLABLE CON MANGUERA PIE 30 MTS,Foot step hose reel cart set 30M,G401004A
01t4w00000Num6yAAB,PORTAMANGUERA AUTOENROLLABLE CON MANGUERA PARED 10 MTS,SELF-ROLLING HOSE HOLDER WITH WALL HOSE 10 MTS,G401005A
01t4w00000Num6zAAB,PORTAMANGUERA ENROLLABLE PARA MANGUERA DE 20 MTS,ROLLABLE HOSE HOLDER FOR 20 M HOSE,G401006A
01t4w00000Num70AAB,PORTAMANGUERA ENROLLABLE CON MANGUERA 15 MTS,ROLLABLE HOSE HOLDER WITH 15 MTS HOSE,G401007A
01t4w00000Num71AAB,PORTAMANGUERA ENROLLABLE CON MANGUERA 10 MTS,ROLLABLE HOSE HOLDER WITH 10 MTS HOSE,G401008A
01t4w00000Num72AAB,PORTAMANGUERA ENROLLABLE CON MANGUERA 10 MTS,ROLLABLE HOSE HOLDER WITH 10 MTS HOSE,G401009A
01t4w00000Num73AAB,PORTAMANGUERA ENROLLABLE CARRITO PARA MANGUERA 60 MTS,ROLLABLE HOSE HOLDER HOSE CART UP TO 60 MTS,G401012A
01t4w00000Num74AAB,PORTAMANGUERA ENROLLABLE PARA MANGUERA DE 40 MTS SUELO PARED,Free standing&wall mounted hose reel,G401010A
01t4w00000Num75AAB,PORTAMANGUERA ENROLLABLE CON MANGUERA DE 15 MTS SUELO PARED,Free standing&wall mounted hose reel  set 15m,G401011A
01t4w00000Num76AAB,PORTAMANGUERA ENROLLABLE  CARRITO CON MANGUERA 30 MTS,Foldable metal hose cart set 30m,G401013A
01t4w00000Num77AAB,PORTAMANGUERA ENROLLABLE CARRITO PARA MANGUERA 60 MTS,ROLLABLE HOSE HOLDER HOSE CART UP TO 60 MTS,G401014A
01t4w00000Num78AAB,PORTAMANGUERA ENROLLABLE CON MANGUERA 15 MTS,ROLLABLE HOSE HOLDER WITH 15 MTS HOSE,G401015A
01t4w00000Num79AAB,SILLA COMEDOR PLASTICO APILABLE,CHAIR,H201073B
01t4w00000Num7AAAR,SILLA COMEDOR PLASTICO,CHAIR,H201075B
01t4w00000Num7BAAR,SILLA COMEDOR PLASTICO APILABLE,CHAIR,H201074B
01t4w00000Num7CAAR,MESA COMEDOR RECTANGULAR,TABLE,H211001B
01t4w00000Num7DAAR,SILLA COMEDOR PLASTICO,CHAIR,H201076B
01t4w00000Num7EAAR,ASPERSOR RIEGO OSCILANTE,OSCILLATING IRRIGATION SPRINKLER,G401016A
01t4w00000Num7FAAR,SILLA COMEDOR PLASTICO APILABLE,CHAIR,H201077B
01t4w00000Num7GAAR,TABURETE TELA,STOOL,H206052B
01t4w00000Num7HAAR,ASPERSOR RIEGO OSCILANTE,OSCILLATING IRRIGATION SPRINKLER,G401017A
01t4w00000Num7IAAR,PROGRAMADOR RIEGO MULTIFUCION DIGITAL,DIGITAL MULTIFUNCTION IRRIGATION PROGRAMMER,G401018A
01t4w00000Num7JAAR,MESA COMEDOR CUADRADA,TABLE,H211002B
01t4w00000Num7KAAR,PROGRAMADOR RIEGO 2 HORAS,2 HOUR IRRIGATION PROGRAMMER,G401019A
01t4w00000Num7LAAR,MESA COMEDOR REDONDA,TABLE,H211003B
01t4w00000Num7MAAR,PROGRAMADOR RIEGO MULTIFUCION,MULTIFUNCTION IRRIGATION PROGRAMMER,G401020A
01t4w00000Num7NAAR,SILLON TELA + REPOSA PIES,SOFA-CHAIR,H311001B
01t4w00000Num7OAAR,PISTOLA RIEGO 6 FUNCIONES,IRRIGATION GUN 6 FUNCTIONS,G401021A
01t4w00000Num7PAAR,PISTOLA RIEGO   7 FUNCIONES,IRRIGATION GUN 7 FUNCTIONS,G401022A
01t4w00000Num7QAAR,ALARGADOR RIEGO 90 CM,IRRIGATION EXTENSION 90 CM,G401023A
01t4w00000Num7RAAR,ALARGADOR RIEGO TELESCOPICO 100-145 CM,TELESCOPIC IRRIGATION EXTENSION 100-145 CM,G401024A
01t4w00000Num7SAAR,MANGUERA EXTENSIBLE 15 MTS CON PISTOLA,15 M EXTENDABLE HOSE WITH GUN,G401025A
01t4w00000Num7TAAR,"MANGUERA TEJIDA 15 MTS - 1/2 ""","WOVEN HOSE 15 MTS - 1/2 """,G401026A
01t4w00000Num7UAAR,"MANGUERA TEJIDA 30 MTS- 1/2 ""","WOVEN HOSE 30 MTS - 1/2 """,G401027A
01t4w00000Num7VAAR,"MANGUERA 20 MTS -  1/2 ""","HOSE 20 MTS - 1/2 """,G401028A
01t4w00000Num7WAAR,PORTAMANGUERA ENROLLABLE CARRITO MANGUERA HASTA 50 MTS,ROLLABLE HOSE HOLDER HOSE CART UP TO 50 MTS,G401029A
01t4w00000Num7XAAR,CALENTADOR PARED PANEL VIDRIO 450W,GLASS PANEL HEATER,B302001C
01t4w00000Num7YAAR,SILLA COMEDOR RATAN,STEEL PE Rattan Chair,G110001A
01t4w00000Num7ZAAR,CALENTADOR PARED PANEL METAL 450W,METAL PANEL HEATER,B302002C
01t4w00000Num7aAAB,CALENTADOR CON RUEDAS PANEL VIDRIO LED 1000W CONTROL REMOTO,GLASS PANEL HEATER,B302003C
01t4w00000Num7bAAB,CALENTADOR PISO 750/1250/2000W,HEATER,B302004C
01t4w00000Num7cAAB,SILLA COMEDOR RATAN,Aluminum PE Rattan Chair,G110002A
01t4w00000Num7dAAB,SILLA COMEDOR TELA,STEEL PE Rattan Chair,G110003A
01t4w00000Num7eAAB,CALENTADOR PISO 750/1250/2000W,HEATER,B302005C
01t4w00000Num7fAAB,CALENTADOR PISO 500W,HEATER,B302006C
01t4w00000Num7gAAB,CALENTADOR PISO 1500/2000W,HEATER,B302007C
01t4w00000Num7hAAB,BLOQUES MADERA,100pcs wood blocks,P605028W
01t4w00000Num7iAAB,BLOQUES MADERA,100pcs wood blocks,P605029W
01t4w00000Num7jAAB,CALENTADOR PISO 1800W CONTROL REMOTO,HEATER,B302008C
01t4w00000Num7kAAB,BLOQUES MADERA ANIMALES,WOODEN TOYS,P605030W
01t4w00000Num7lAAB,BLOQUES MADERA,WOODEN TOYS,P605031W
01t4w00000Num7mAAB,BLOQUES MADERA,WOODEN TOYS,P605032W
01t4w00000Num7nAAB,CALENTADOR CON RUEDAS 1000W 3 SALIDAS POTENCIA,HEATER,B302009C
01t4w00000Num7pAAB,SILLA COMEDOR,STEEL PE Rattan Chair,G110004A
01t4w00000Num7qAAB,CALENTADOR PISO 600W 2 SALIDAS POTENCIA,HEATER,B302010C
01t4w00000Num7rAAB,APILABLE ARCOIRIS,WOONDEN TOYS,P605034W
01t4w00000Num7sAAB,ARRASTRE LETRAS Y NÚMEROS,WOODEN TOYS,P605035W
01t4w00000Num7tAAB,BLOQUES TREN,WOODEN TOYS,P605036W
01t4w00000Num7uAAB,SILLA COMEDOR CUERDA CON COJIN,STEEL PE Rattan Chair,G110005A
01t4w00000Num7vAAB,CUBO ACTIVIDADES,WOODEN TOYS,P602001W
01t4w00000Num7wAAB,SILLA COMEDOR RATTAN,STEEL PE Rattan Chair,G110006A
01t4w00000Num7xAAB,SILLA COMEDOR TELA,STEEL PE Rattan Chair,G109001A
01t4w00000Num7yAAB,MESA ACTIVIDADES,WOODEN TOYS,P602002W
01t4w00000Num7zAAB,BANCO TALLER,WOODEN TOYS,P301001W
01t4w00000Num80AAB,CUBO ACTIVIDADES,WOODEN TOY,P602003W
01t4w00000Num81AAB,SILLA COMEDOR RATTAN,STEEL PE Rattan Chair,G110007A
01t4w00000Num82AAB,SILLON RECLINABLE MANUAL GIRATORIO,MANUAL RECLINER CHAIR,H311002B
01t4w00000Num83AAB,SILLON RECLINABLE ELECTRICO TRANSFORMER,ELECTRIC RECLINER,H311004B
01t4w00000Num84AAB,CALENTADOR CON RUEDAS PANEL 6CM,HEATER,B302011C
01t4w00000Num85AAB,SILLA COMEDOR RATTAN,STEEL PE Rattan Chair,G110008A
01t4w00000Num86AAB,SILLON RECLINABLE MANUAL,RECLINER CHAIR,H311003B
01t4w00000Num87AAB,CALENTADOR FUEGO LED 850/1500W,HEATER,B302012C
01t4w00000Num88AAB,CALENTADOR FUEGO LED 900/1800W,HEATER,B302014C
01t4w00000Num89AAB,COCINITA,WOODEN TOYS,P301002W
01t4w00000Num8AAAR,CALENTADOR FUEGO LED 750/1200W,HEATER,B302013C
01t4w00000Num8BAAR,SILLON RECLINABLE ELECTRICO TRANSFORMER,POWER LIFT RECLINER CHAIR,H311005B
01t4w00000Num8CAAR,SILLON RECLINABLE MANUAL,MANUAL RECLINER CHAIR,H311007B
01t4w00000Num8DAAR,SILLON RECLINABLE ELECTRICO CON REPOSACABEZAS,ELECTRIC RECLINER CHAIR,H311006B
01t4w00000Num8EAAR,SILLON RECLINABLE MANUAL GIRATORIO,MANUAL ROCKER RECLINER CHAIR,H311013B
01t4w00000Num8FAAR,SILLON RECLINABLE MANUAL,MANUAL RECLINER CHAIR,H311008B
01t4w00000Num8GAAR,SILLON RECLINABLE MANUAL,MANUAL RECLINER CHAIR,H311009B
01t4w00000Num8HAAR,SILLON RECLINABLE MANUAL,MANUAL RECLINER CHAIR,H311010B
01t4w00000Num8IAAR,SILLON RECLINABLE MANUAL+ GIRATORIO+ BALANCIN,SWIVEL + ROCKER + MANUAL RECLINER CHAIR,H311011B
01t4w00000Num8JAAR,SILLON RECLINABLE MANUAL,MANUAL RECLINER CHAIR,H311012B
01t4w00000Num8KAAR,SILLON RECLINABLE MANUAL NO GIRATORIO CON POSAVASOS,MANUAL RECLINER CHAIR,H311014B
01t4w00000Num8LAAR,SILLON RECLINABLE MANUAL CORNER,CORNER RECLINER SOFA,H311015B
01t4w00000Num8MAAR,SILLON RECLINABLE MANUAL DOBLE,DOUBLE MANUAL RECLINER SOFA,H311016B
01t4w00000Num8NAAR,SILLON RECLINABLE MANUAL NO GIRATORIO,MANUAL RECLINER CHAIR,H311017B
01t4w00000Num8OAAR,SILLON RECLINABLE MANUAL,MANUAL RECLINER CHAIR,H311019B
01t4w00000Num8PAAR,SILLON RECLINABLE MANUAL,MANUAL RECLINER CHAIR,H311018B
01t4w00000Num8QAAR,SILLON RECLINABLE MANUAL,MANUAL RECLINER CHAIR,H311020B
01t4w00000Num8RAAR,SILLON RECLINABLE MANUAL,MANUAL RECLINER CHAIR,H311021B
01t4w00000Num8bAAB,MESA RESINA PLEGABLE ? 4 cm,6FT FOLDING HDPE TABLE,G101030S
01t4w00000Num8cAAB,MESA RESINA PLEGABLE,6FT FOLDING HDPE TABLE,
01t4w00000Num8kAAB,MESA RESINA PLEGABLE 180 CM,6 FT FOLDING HDPE TABLE,G101008S-21
01t4w00000Num8lAAB,MESA RESINA PLEGABLE,6FT FOLDING HDPE TABLE,
01t4w00000Num8yAAB,MESA CON SILLAS Y BLOQUES,2-IN-1 Kids Building Block & Stusy Table & Chair Set,P101001W
01t4w00000Num8zAAB,PIZARRA DOBLE PARA NIÑA,Kids easel,P602004W
01t4w00000Num90AAB,MESA CON PIZARRA Y BANCO NIÑA,Kids easel,P602005W
01t4w00000Num91AAB,2 EN 1 BALANCÍN Y TOBOGÁN,2-IN-1 Kids Slide & Rocking Horse,P101002W
01t4w00000Num92AAB,TOBOGAN CON MONTABLE,Up & Down Roller Coaster,P101003W
01t4w00000Num93AAB,CORREPASILLOS MOTO BÁSICA,Kids Motorcycle Scooter,P101004W
01t4w00000Num94AAB,2 EN 1 SILLA - MECEDOR,2-IN-1 Kids Rocking Horse & Chair,P101005W
01t4w00000Num95AAB,CABALLO MECEDOR,Kids Rocking Horse,P101006W
01t4w00000Num96AAB,CENTRO DE JUEGOS,3-IN-1 Kids Slide & Swing & Basketball Hoop,P101007W
01t4w00000Num97AAB,CANASTA BÁSQUETBOL,Kids Small Basketball Set,P101010W
01t4w00000Num98AAB,CORREPASILLOS BÁSICO,Kids Chick Scooter,P101012W
01t4w00000Num99AAB,CORRAL VARIAS PZAS,Kids Playpen,P101013W
01t4w00000Num9AAAR,CENTRO DE JUEGOS GRANDE,5-IN-1 Kids Slide Combination,P101008W
01t4w00000Num9BAAR,CANASTA BÁSQUETBOL,Kids Basketball Set,P101009W
01t4w00000Num9CAAR,CORRAL GRANDE,Kids Playpen,P101014W
01t4w00000Num9EAAR,CABALLO MECEDORA,Kids Rocking Horse,P101011W
01t4w00000Num9IAAR,CORRAL 8 PZAS,Kids Playpen,P101015W
01t4w00000Num9JAAR,CORRAL 6 PZAS,Kids Playpen,P101016W
01t4w00000Num9NAAR,CORRAL 5 PZAS,Kids Playpen,P101017W
01t4w00000Num9OAAR,TUNEL INFANTIL GRANDE,Kids Tunnel,P101018W
01t4w00000Num9WAAR,TUNEL INFANTIL MEDIANO,Kids Tunnel,P101019W
01t4w00000Num9gAAB,CASA DEL ÁRBOL,Kids Tree house,P101020W
01t4w00000Num9hAAB,CORRAL CON TOBOGÁN,Kids playpen combination,P101021W
01t4w00000NumAgAAJ,MANGUERA EXTENSIBLE 10 MTS CON PISTOLA,10 M EXTENDABLE HOSE WITH GUN,G401030A
01t4w00000NumBFAAZ,"TV STAND MUEBLE CRISTAL SOPORTE 32-65""",TV STAND,H312003B
01t4w00000NumBMAAZ,ASPERSOR RIEGO,IRRIGATION SPRINKLER,G401031A
01t4w00000NumBNAAZ,ASPERSOR RIEGO,IRRIGATION SPRINKLER,G401032A
01t4w00000NumBOAAZ,ASPERSOR RIEGO,IRRIGATION SPRINKLER,G401033A
01t4w00000NumBPAAZ,"TV STAND MUEBLE CRISTAL SOPORTE 32-65""",TV STAND,H312004B
01t4w00000NumBQAAZ,"TV STAND MUEBLE CRISTAL SOPORTE 32-65""",TV STAND,H312006B
01t4w00000NumBRAAZ,"TV STAND MUEBLE CRISTAL SOPORTE 32-65""",TV STAND,H312005B
01t4w00000NumBSAAZ,"TV STAND MUEBLE CRISTAL SOPORTE 32-65""",TV STAND,H312007B
01t4w00000NumBTAAZ,"TV STAND MUEBLE CRISTAL SOPORTE 32-65""",TV STAND,H312009B
01t4w00000NumBUAAZ,"TV STAND MUEBLE CRISTAL SOPORTE 32-65""",TV STAND,H312008B
01t4w00000NumBVAAZ,"TV STAND MUEBLE CRISTAL PANTALLAS 26-50""",TV STAND,H312010B
01t4w00000NumBWAAZ,"TV STAND MUEBLE CRISTAL PANTALLA 32-60""",TV STAND,H312011B
01t4w00000NumBXAAZ,"TV STAND MUEBLE CRISTAL SOPORTE 32-65""",TV STAND,H312012B
01t4w00000NumBYAAZ,CENTRO ENTRETENIMIENTO,ENTERTAINMENT CENTER,H312013B
01t4w00000NumBZAAZ,"TV STAND SOBREMESA SOPORTE 26-47""",TV STAND,H312014B
01t4w00000NumBaAAJ,"TV STAND SOBREMESA SOPORTE 32-65""",TV STAND,H312015B
01t4w00000NumBbAAJ,"TV STAND SOBREMESA SOPORTE 26-65""",TV STAND,H312016B
01t4w00000NumBcAAJ,"TV STAND MUEBLE CRISTAL SOPORTE 32-65""",TV STAND,H312017B
01t4w00000NumBdAAJ,"TV STAND MUEBLE CRISTAL SOPORTE 32-65""",TV STAND,H312018B
01t4w00000NumBeAAJ,"TV STAND MUEBLE CRISTAL SOPORTE 32-65""",TV STAND,H316019B
01t4w00000NumBfAAJ,"TV STAND MUEBLE CRISTAL SOPORTE 32-65""",TV STAND,H312020B
01t4w00000NumBgAAJ,"TV STAND MUEBLE CRISTAL SOPORTE 32-65""",TV STAND,H312021B
01t4w00000NumBhAAJ,"TV STAND MUEBLE CRISTAL SOPORTE 32-70""",TV STAND,H312022B
01t4w00000NumBiAAJ,"TV STAND MUEBLE CRISTAL PANTALLA 32-80""",TV STAND,H312023B
01t4w00000NumBjAAJ,"TV STAND MUEBLE CRISTAL SOPORTE 32-55""",TV STAND,H312024B
01t4w00000NumBkAAJ,"TV STAND MUEBLE CRISTAL SOPORTE 32-65""",TV STAND,H312025B
01t4w00000NumBlAAJ,CALENTADOR FUEGO LED 900/1800W,HEATER,B302015C
01t4w00000NumBmAAJ,CALENTADOR FUEGO LED 900/1800W,HEATER,B302016C
01t4w00000NumBnAAJ,CALENTADOR FUEGO LED 900/1800W,HEATER,B302017C
01t4w00000NumBoAAJ,ADAPTADOR RIEGO,IRRIGATION ADAPTER,G401034A
01t4w00000NumBpAAJ,ADAPTADOR RIEGO,IRRIGATION ADAPTER,G401035A
01t4w00000NumBqAAJ,SET ADAPTADORES RIEGO,IRRIGATION ADAPTERS SET,G401036A
01t4w00000NumBrAAJ,SET ADAPTAD0RES RIEGO,IRRIGATION ADAPTERS SET,G401037A
01t4w00000NumBsAAJ,SET ADAPTAD0RES RIEGO,IRRIGATION ADAPTERS SET,G401038A
01t4w00000NumBtAAJ,SET ADAPTAD0RES RIEGO,IRRIGATION ADAPTERS SET,G401039A
01t4w00000NumBuAAJ,SET ADAPTAD0RES RIEGO,IRRIGATION ADAPTERS SET,G401040A
01t4w00000NumBvAAJ,SET ADAPTAD0RES RIEGO,IRRIGATION ADAPTERS SET,G401041A
01t4w00000NumBwAAJ,SOFA CAMA,SOFA BED,H309021B
01t4w00000NumBxAAJ,SOFA CAMA,SOFA BED,H309022B
01t4w00000NumByAAJ,SOFA CAMA CHESLONG,CHESLONG SOFA BED,H309023B
01t4w00000NumBzAAJ,SOFA CAMA,SOFA BED,H309024B
01t4w00000NumC0AAJ,SOFA CAMA,SOFA BED,H309025B
01t4w00000NumC1AAJ,CALENTADOR FUEGO LED 1000/2000W,HEATER,B302018C
01t4w00000NumC2AAJ,SOMBRILLA PLAYA,BEACH UMBRELLA,G502001A
01t4w00000NumC3AAJ,SOMBRILLA PLAYA,BEACH UMBRELLA,G502002A
01t4w00000NumC4AAJ,CALENTADOR FUEGO LED 600/1200W,HEATER,B302019C
01t4w00000NumC5AAJ,SOMBRILLA DE PLAYA,BEACH UMBRELLA,G502003A
01t4w00000NumC6AAJ,SOMBRILLA PLAYA,BEACH UMBRELLA,G502004A
01t4w00000NumC7AAJ,CALENTADOR FUEGO LED 600/1200W,HEATER,B302020C
01t4w00000NumC8AAJ,SOMBRILLA PLAYA 155CM,BEACH UMBRELLA,G502005A
01t4w00000NumC9AAJ,PARAVIENTOS CON VENTANA,WINDBREAK WITH WINDOW,G502007A
01t4w00000NumCAAAZ,SOMBRILLA JARDIN 6 RIBS,GARDEN UMBRELLA,G502012A
01t4w00000NumCBAAZ,PARAVIENTOS SOMBRILLA PLAYA,BEACH UMBRELLA WINDBREAK,G502006A
01t4w00000NumCCAAZ,CALENTADOR FUEGO LED 900/1800W,HEATER,B302021C
01t4w00000NumCDAAZ,SOMBRILLA PLAYA,BEACH UMBRELLA,G502008A
01t4w00000NumCEAAZ,SOMBRILLA PLAYA,BEACH UMBRELLA,G502009A
01t4w00000NumCFAAZ,SOMBRILLA PLAYA,BEACH UMBRELLA,G502010A
01t4w00000NumCGAAZ,CALENTADOR FUEGO LED 850/1500W,HEATER,B302022C
01t4w00000NumCHAAZ,SOMBRILLA JARDIN 6 RIBS,GARDEN UMBRELLA,G502011A
01t4w00000NumCIAAZ,CALENTADOR FUEGO LED 750/1200W,HEATER,B302023C
01t4w00000NumCJAAZ,SOMBRILLA JARDIN 6 RIBS,GARDEN UMBRELLA,G502013A
01t4w00000NumCKAAZ,SOMBRILLA JARDIN 8 RIBS,GARDEN UMBRELLA,G502014A
01t4w00000NumCLAAZ,CALENTADOR BASE SOMBRILLA 1500W,HEATER,B302024C
01t4w00000NumCMAAZ,BOLSA PLAYA,BEACH BAG,G502015A
01t4w00000NumCNAAZ,CALENTADOR CUARZO 1500W,HEATER,B302025C
01t4w00000NumCOAAZ,BOLSA PLAYA IMPERMEABLE,WATERPROOF BEACH BAG,G502016A
01t4w00000NumCPAAZ,CLIMATIZADOR 1000/2000W HEAT/FAN,HEATER,B302026C
01t4w00000NumCQAAZ,SOMBRILLA PLAYA,BEACH UMBRELLA,G502017A
01t4w00000NumCRAAZ,SILLA PP PLEGABLE,PP FOLDING CHAIR,G502018A
01t4w00000NumCSAAZ,PARAVIENTOS CON PISCINA INFANTIL,CHILDREN'S WINDBREAK WITH POOL,G502019A
01t4w00000NumCTAAZ,CLIMATIZADOR 1000/2000W HEAT/FAN,HEATER,B302027C
01t4w00000NumCUAAZ,CLIMATIZADOR 1000/2000W HEAT/COOL/FAN,HEATER,B302028C
01t4w00000NumCVAAZ,CLIMATIZADOR 1000/2000W HEAT/COOL/FAN,HEATER,B302029C
01t4w00000NumCWAAZ,CLIMATIZADOR 1000/2000W HEAT/COOL/FAN,HEATER,B302030C
01t4w00000NumCXAAZ,CLIMATIZADOR 900/1800W HEAT/COOL/FAN,HEATER,B302031C
01t4w00000NumCYAAZ,CLIMATIZADOR 1000/2000W FAN,HEATER,B302032C
01t4w00000NumCZAAZ,CLIMATIZADOR 1300/1500W HEAT/COOL/FAN,HEATER,B302033C
01t4w00000NumCaAAJ,CALENTADOR SOBREMESA 450W,HEATER,B302034C
01t4w00000NumCbAAJ,CALENTADOR PISO 750/1500W LED,PLASTIC,B302035C
01t4w00000NumCcAAJ,CLIMATIZADOR 750/1500W HEAT/COOL/FAN OSCILANTE,HEATER,B302036C
01t4w00000NumCdAAJ,CALENTADOR PISO 1000/2000W OSCILANTE,HEATER,B302037C
01t4w00000NumCeAAJ,CLIMATIZADOR 750/1500W HEAT/COOL/FAN OSCILANTE,HEATER,B302038C
01t4w00000NumCfAAJ,CALENTADOR PISO 750/1500W CERAMICO LED OSCILANTE,PLASTIC,B302039C
01t4w00000NumCgAAJ,CLIMATIZADOR 750/1500W HEAT/COLD/FAN OSCILANTE,HEATER,B302040C
01t4w00000NumChAAJ,CLIMATIZADOR 750/1500W HEAT/COLD/FAN OSCILANTE,HEATER,B302041C
01t4w00000NumCiAAJ,CALENTADOR PISO 600W/1200W HEAT/COLD/FAN OSCILANTE,HEATER,B302042C
01t4w00000NumCjAAJ,CALENTADOR PISO 1200/2000W LED CONTROL REMOTO OSCILANTE,HEATER,B302043C
01t4w00000NumCkAAJ,CLIMATIZADOR 1200/2000W HEAT/COLD/FAN CONTROL REMOTO,HEATER,B302044C
01t4w00000NumClAAJ,CALENTADOR PISO 1000/2000W ECO OSCILANTE,HEATER,B302045C
01t4w00000NumCmAAJ,CALENTADOR PISO 1000/2000W OSCILANTE,HEATER,B302047C
01t4w00000NumCnAAJ,CALENTADOR PISO 1000/2000W CONTROL REMOTO OSCILANTE,HEATER,B302046C
01t4w00000NumCoAAJ,SPLIT 1000/2000W HEAT/COLD/FAN CONTROL REMOTO,MINI SPLIT,B302048C
01t4w00000NumCpAAJ,SPLIT 1000/2000W HEAT/COLD/FAN CONTROL REMOTO,MINI SPLIT,B302049C
01t4w00000NumCqAAJ,SPLIT 1000/2000W HEAT/COLD/FAN CONTROL REMOTO,MINI SPLIT,B302050C
01t4w00000NumCrAAJ,CALENTADOR CUARZO 400/800/1200W 3 TUBOS,HEATER,B302051C
01t4w00000NumCsAAJ,CALENTADOR CUARZO PARED 600/1200W 2 TUBOS,HEATER,B302052C
01t4w00000NumCtAAJ,SOFA CAMA,SOFA BED,H309026B
01t4w00000NumCuAAJ,SOFA CAMA,SOFA BED,H309027B
01t4w00000NumCvAAJ,SOFA CAMA,SOFA BED,H309028B
01t4w00000NumCwAAJ,CALENTADOR CUARZO CON RUEDAS 800/1600/1200/2400W 4 TUBOS TURBO FAN,HEATER,B302053C
01t4w00000NumCxAAJ,CALENTADOR CUARZO CON RUEDAS 1800W 3 TUBOS,HEATER,B302054C
01t4w00000NumCyAAJ,SOFA CAMA,SOFA BED,H309029B
01t4w00000NumCzAAJ,SOFA CAMA,SOFA BED,H309030B
01t4w00000NumD0AAJ,SOFA CAMA,SOFA BED,H309031B
01t4w00000NumD1AAJ,SOFA CAMA CHESLONG,SECTIONAL CHESLONG SOFABED,H309034B
01t4w00000NumD2AAJ,SOFA CAMA,SOFA BED,H309032B
01t4w00000NumD3AAJ,SOFA SECCIONAL CHESLONG,SECTIONAL CHESLONG SOFA,H309033B
01t4w00000NumD4AAJ,SOFA SECCIONAL CHESLONG,SECTIONAL CHESLONG SOFA,H309035B
01t4w00000NumD5AAJ,SOFA CAMA CHESLONG TRANSFORMER,SECTIONAL CHESLONG SOFABED,H309036B
01t4w00000NumD6AAJ,SOFA CAMA CHESLONG TRANSFORMER,SECTIONAL CHESLONG SOFABED,H309037B
01t4w00000NumD7AAJ,SOFA CAMA,SOFA BED,H309038B
01t4w00000NumD8AAJ,SOFA CAMA INDIVIDUAL,SOFA BED,H309039B
01t4w00000NumD9AAJ,SOFA CON ALMACENAJE,SOFA WITH STORAGE,H309040B
01t4w00000NumDAAAZ,SOFA CAMA TRANSFORMER,SOFA BED,H309041B
01t4w00000NumDBAAZ,ESTRUCTURA CAMA,BED,H313001B
01t4w00000NumDCAAZ,ESTRUCTURA CAMA,BED,H313002B
01t4w00000NumDDAAZ,ESTRUCTURA CAMA,BED,H313003B
01t4w00000NumFSAAZ,SET EQUIPAJE 3 PZAS PC ALUMINIUM,LUGGAGE,H408001B
01t4w00000NumFTAAZ,SET EQUIPAJE 3 PZAS ABS ALUMINIUM,LUGGAGE,H408002B
01t4w00000NumFUAAZ,SET EQUIPAJE 3 PZAS PC ALUMINIUM,LUGGAGE,H408003B
01t4w00000NumFVAAZ,SET EQUIPAJE ABS 3 PZAS,LUGGAGE,H408004B
01t4w00000NumFWAAZ,SET EQUIPAJE PC 3 PZAS,LUGGAGE,H408005B
01t4w00000NumFXAAZ,SET EQUIPAJE PC 3 PZAS,LUGGAGE,H408009B
01t4w00000NumFYAAZ,SET EQUIPAJE ABS 3 PZAS,LUGGAGE,H408006B
01t4w00000NumFZAAZ,SET EQUIPAJE PC 2 PZAS,LUGGAGE,H408013B
01t4w00000NumFaAAJ,SET EQUIPAJE ABS 3 PZAS,LUGGAGE,H408007A
01t4w00000NumFbAAJ,SET EQUIPAJE PC 3 PZAS,LUGGAGE,H408010B
01t4w00000NumFcAAJ,SET EQUIPAJE ABS 3 PZAS,LUGGAGE,H408008B
01t4w00000NumFdAAJ,SET EQUIPAJE 2 PZAS PC ALUMINIUM,LUGGAGE,H408011B
01t4w00000NumFeAAJ,SET EQUIPAJE PC 2 PZAS,LUGGAGE,H408012B
01t4w00000NumFfAAJ,SET EQUIPAJE ABS 2 PZAS,LUGGAGE,H408014B
01t4w00000NumFgAAJ,SET EQUIPAJE ABS 2 PZAS,LUGGAGE,H408015B
01t4w00000NumFhAAJ,SET EQUIPAJE ABS 2 PZAS,LUGGAGE,H408016B
01t4w00000NumFiAAJ,SET EQUIPAJE ABS 2 PZAS,LUGGAGE,H408018B
01t4w00000NumFjAAJ,SET EQUIPAJE ABS 2 PZAS,LUGGAGE,H408017B
01t4w00000NumFkAAJ,SET EQUIPAJE PC 2 PZAS,LUGGAGE,H408019B
01t4w00000NumFlAAJ,SILLA GIRATORIA HUEVO,SWIVEL EGG CHAIR,G111005A
01t4w00000NumFmAAJ,SILLA GIRATORIA HUEVO,SWIVEL EGG CHAIR,G111006A
01t4w00000NumFnAAJ,MALETA ABS,LUGGAGE,H408020B
01t4w00000NumFoAAJ,MALETA ABS,LUGGAGE,H408021B
01t4w00000NumFpAAJ,MALETA PC,LUGGAGE,H408022B
01t4w00000NumFqAAJ,MALETA PC,LUGGAGE,H408023B
01t4w00000NumFrAAJ,MALETA ABS,LUGGAGE,H408024B
01t4w00000NumFsAAJ,SET MALETA CON NECESER,LUGGAGE,H408025B
01t4w00000NumFtAAJ,SET EQUIPAJE 3 PZAS,LUGGAGE,H408026B
01t4w00000NumFuAAJ,SET EQUIPAJE 3 PZAS,LUGGAGE,H408028B
01t4w00000NumFvAAJ,SET EQUIPAJE 3 PZAS,LUGGAGE,H408029B
01t4w00000NumFwAAJ,SET EQUIPAJE 3 PZAS,LUGGAGE,H408027B
01t4w00000NumFxAAJ,SET EQUIPAJE 3 PZAS,LUGGAGE,H408030B
01t4w00000NumFyAAJ,"(INACTIVO) VENTILADOR SOBREMESA 6"" 15W","FAN 6"" 15W",B301001C
01t4w00000NumFzAAJ,NECESER ORGANIZADOR ALUMINIO,JOYERO NECESER,H409001B
01t4w00000NumG0AAJ,NECESER ORGANIZADOR ALUMINIO,JOYERO NECESER,H409002B
01t4w00000NumG1AAJ,NECESER ORGANIZADOR ALUMINIO,JOYERO NECESER,H409003B
01t4w00000NumG2AAJ,NECESER ORGANIZADOR ALUMINIO,NECESER ORGANIZADOR,H409004B
01t4w00000NumG3AAJ,NECESER ORGANIZADOR ALUMINIO,NECESER ORGANIZADOR,H409005B
01t4w00000NumG4AAJ,NECESER ORGANIZADOR ACRILICO+ALUMINIO,NECESER ORGANIZADOR,H409006B
01t4w00000NumG5AAJ,NECESER ORGANIZADOR ACRILICO+ALUMINIO,NECESER ORGANIZADOR,H409007B
01t4w00000NumG6AAJ,JOYERO NECESER,JOYERO NECESER,H409008B
01t4w00000NumG7AAJ,JOYERO NECESER,JOYERO NECESER,H409009B
01t4w00000NumG8AAJ,JOYERO NECESER,JOYERO NECESER,H409010B
01t4w00000NumG9AAJ,NECESER ORGANIZADOR NYLON,NECESER ORGANIZADOR,H409013B
01t4w00000NumGAAAZ,JOYERO NECESER,JOYERO NECESER,H409011B
01t4w00000NumGBAAZ,JOYERO NECESER,JOYERO NECESER,H409012B
01t4w00000NumGCAAZ,"(INACTIVO) VENTILADOR CLIP 6"" 15W","FAN CLIP 6"" 15W",B301002C
01t4w00000NumGDAAZ,NECESER ORGANIZADOR CON ESPEJO,NECESER ORGANIZADOR CON ESPEJO,H409014B
01t4w00000NumGEAAZ,"VENTILADOR SOBREMESA 12"" 40W","FAN 12"" 40W",B301003C
01t4w00000NumGFAAZ,ORGANIZADOR RELOJES,ORGANIZADOR,H409015B
01t4w00000NumGGAAZ,ORGANIZADOR RELOJES,ORGANIZADOR,H409016B
01t4w00000NumGHAAZ,ORGANIZADOR RELOJES PORTATIL,ORGANIZADOR,H409017B
01t4w00000NumGIAAZ,ORGANIZADOR RELOJES,JOYERO ORGANIZADOR,H409018B
01t4w00000NumGJAAZ,ORGANIZADOR RELOJES,JOYERO ORGANIZADOR,H409019A
01t4w00000NumGKAAZ,ORGANIZADOR RELOJES,ORGANIZADOR,H409020B
01t4w00000NumGLAAZ,ORGANIZADOR RELOJES,ORGANIZADOR,H409021B
01t4w00000NumGMAAZ,ORGANIZADOR RELOJES,ORGANIZER BOX,H409022B
01t4w00000NumGNAAZ,NECESER ORGANIZADOR ALUMINIO,NECESER ORGANIZADOR,H409023B
01t4w00000NumGOAAZ,"(INACTIVO) VENTILADOR SOBREMESA 6"" 50W OSCILANTE",FAN,B301004C
01t4w00000NumGPAAZ,"VENTILADOR DE ESCRITORIO DE 7""","DESK FAN 7""",B301005C
01t4w00000NumGQAAZ,"VENTILADOR DE ESCRITORIO DE 8"", BASE DE 4""","DESK FAN 8"", 4 BASE",B301006C
01t4w00000NumGRAAZ,"VENTILADOR SOBREMESA 9"" 35W",FAN,B301007C
01t4w00000NumGSAAZ,"(INACTIVO) VENTILADOR SOBREMESA 7"" 30W",FAN,B301008C
01t4w00000NumGTAAZ,"?INACTIVO) VENTILADOR SOBREMESA 9"" 30W",FAN,B301009C
01t4w00000NumGUAAZ,"(INACTIVO) VENTILADOR PISO 12"" 40W 3 VELOCIDADES OSCILANTE",FAN,B301010C
01t4w00000NumGVAAZ,MESA AUXILIAR REDONDA DOBLE,COFFEE TABLE,G109002A
01t4w00000NumGWAAZ,MESA AUXILIAR REDONDA,COFFEE TABLE,G109003A
01t4w00000NumGXAAZ,SET MESAS CAFE,COFFEE TABLE SET,G109004A
01t4w00000NumGYAAZ,MESA AUXILIAR CUADRADA,COFFEE TABLE,G109005A
01t4w00000NumGZAAZ,SILLA COMEDOR ACERO CON COJIN,STEEL CHAIR WITH CUSHION,G110009A
01t4w00000NumGaAAJ,SILLON MECEDORA ARINDORAK PLASTICO WICKER,MECEDORA WICKER,G110010A
01t4w00000NumGbAAJ,SET BISTRO PLASTICO 3 PIEZAS,BISTRO 3 PZA,G108032A
01t4w00000NumGcAAJ,SET BISTRO PLASTICO WICKER 3 PIEZAS,BISTRO WICKER 3 PZA,G108031A
01t4w00000NumGdAAJ,SILLA COMEDOR PLASTICO,SILLA WICKER,G110012A
01t4w00000NumGeAAJ,SILLON PLASTICO WICKER,SILLA WICKER,G110011A
01t4w00000NumGfAAJ,SILLON ARINDORAK PLASTICO WICKER,SILLA ARINDORAK WICKER,G110013A
01t4w00000NumGgAAJ,TUMBONA WICKER,TUMBONA WICKER,G111007A
01t4w00000NumGhAAJ,TUMBONA PP,TUMBONA,G111008A
01t4w00000NumGiAAJ,TUMBONA,TUMBONA,G111009A
01t4w00000NumGjAAJ,TUMBONA DOBLE,TUMBONA DOBLE,G111010A
01t4w00000NumGkAAJ,SET COMEDOR 5 PIEZAS PLASTICO,SET DESAYUNDOR 5 PIEZAS,G108033A
01t4w00000NumGlAAJ,SET COMEDOR 5 PIEZAS AHORRAESPACIO PLASTICO,SET DE JARDIN 5 PIEZAS,G108034A
01t4w00000NumGmAAJ,SET COMEDOR 7 PIEZAS PLASTICO,SET COMEDOR 7 PIEZAS,G108035A
01t4w00000NumGnAAJ,SALA DE PATIO PP 4 PIEZAS,SALA DE JARDÍN 4 PIEZAS,G108043A
01t4w00000NumGoAAJ,SET COMEDOR 9 PIEZAS PLASTICO,SET COMEDOR 9 PIEZAS,G108036A
01t4w00000NumGpAAJ,SALA DE PATIO PP 4 PIEZAS,SALA DE JARDÍN 4 PIEZAS,G108038A
01t4w00000NumGqAAJ,SET JARDIN 5 PIEZAS PLASTICO,SET DESAYUNDOR 5 PIEZAS,G108037A
01t4w00000NumGrAAJ,SALA DE PATIO PP 4 PIEZAS,SALA DE JARDÍN 4 PIEZAS,G108039A
01t4w00000NumGsAAJ,(INACTIVO) SALA DE PATIO PP 4 PIEZAS,SALA DE JARDÍN 4 PIEZAS,G108040A
01t4w00000NumGtAAJ,SET SOFAS PLASTICO 4 PIEZAS,SALA DE JARDÍN 4 PIEZAS,G108041A
01t4w00000NumGuAAJ,SALA DE PATIO PP 4 PIEZAS,SALA DE JARDÍN 4 PIEZAS,G108042A
01t4w00000NumGvAAJ,CARPA POLIESTER TRIPLE CON VENTANAS,TRIPLE POLYESTER TENT WITH WINDOWS,G106093A
01t4w00000NumGwAAJ,GAZEBO RECTANGULAR,RECTANGULAR GAZEBO,G106094A
01t4w00000NumGxAAJ,GAZEBO RECTANGULAR,RECTANGULAR GAZEBO,G106095A
01t4w00000NumGyAAJ,GAZEBO RECTANGULAR TOLDO RETRACTIL,RECTANGULAR GAZEBO RETRACTABLE AWNING,G106096A
01t4w00000NumGzAAJ,GAZEBO CUADRADO CON MOSQUITERA,SQUARE GAZEBO WITH MOSQUITO NET,G106097A
01t4w00000NumH0AAJ,GAZEBO CIRCULAR CON CORTINAS,CIRCULAR GAZEBO WITH CURTAINS,G106100A
01t4w00000NumH1AAJ,GAZEBO CUADRADO TOLDO RETRACTIL,SQUARE GAZEBO RETRACTABLE AWNING,G106098A
01t4w00000NumH2AAJ,GAZEBO CUADRADO CON CORTINAS,SQUARE GAZEBO WITH CURTAINS,G106099A
01t4w00000NumH3AAJ,GAZEBO RECTANGULAR CON BANCOS,RECTANGULAR GAZEBO WITH BENCHES,G106101A
01t4w00000NumH4AAJ,GAZEBO HEXAGONAL CON CORTINAS,HEXAGONAL GAZEBO WITH CURTAINS,G106102A
01t4w00000NumH5AAJ,GAZEBO HEXAGONAL CON MOSQUITERA,HEXAGONAL GAZEBO WITH MOSQUITO NET,G106106A
01t4w00000NumH6AAJ,GAZEBO CUADRADO CON VISERA+PARED,SQUARE GAZEBO WITH VISOR+WALL,G106109A
01t4w00000NumH7AAJ,GAZEBO RECTANGULAR,RECTANGULAR GAZEBO,G106103A
01t4w00000NumH8AAJ,GAZEBO CUADRADO,SQUARE GAZEBO,G106104A
01t4w00000NumH9AAJ,GAZEBO RECTANGULAR CON MOSQUITERA,RECTANGULAR GAZEBO WITH MOSQUITO NET,G106105A
01t4w00000NumHAAAZ,GAZEBO RECTANGULAR CON MOSQUITERA,RECTANGULAR GAZEBO WITH MOSQUITO NET,G106107A
01t4w00000NumHBAAZ,GAZEBO RECTANGULAR TOLDO RETRACTIL+PARED,RECTANGULAR GAZEBO RETRACTABLE AWNING+WALL,G106108A
01t4w00000NumHCAAZ,GAZEBO RECTANGULAR CON VISERA,RECTANGULAR GAZEBO WITH VISOR,G106110A
01t4w00000NumHEAAZ,POZO DE FUEGO,fire pit,G301057A
01t4w00000NumHMAAZ,POZO DE FUEGO,fire pit,G301058A
01t4w00000NumHOAAZ,POZO DE FUEGO,FIRE PIT,G301059A
01t4w00000NumHSAAZ,POZO DE FUEGO,fire pit,G301060A
01t4w00000NumHUAAZ,POZO DE FUEGO,fire pit,G301061A
01t4w00000NumHZAAZ,POZO DE FUEGO,fire pit,G301062A
01t4w00000NumHcAAJ,POZO DE FUEGO,fire pit,G301063A
01t4w00000NumI1AAJ,PISCINA INFLABLE 477L,Quick Up Pool,G503061A
01t4w00000NumI3AAJ,PISCINA DESMONTABLE 580L,Circle Frame Pool,G503062A
01t4w00000NumI6AAJ,"PISCINA DESMONTABLE 2,300L",Rectangular Frame Pool,G503065A
01t4w00000NumI7AAJ,"PISCINA INFLABLE 2,100L",Quick Up Pool,G503063A
01t4w00000NumI8AAJ,BOMBA DE FILTRO PISCINA,Filter pump,G503069A
01t4w00000NumI9AAJ,"PISCINA DESMONTABLE 1,200L",Rectangular Frame Pool,G503064A
01t4w00000NumICAAZ,"PISCINA DESMONTABLE 3,300L",Rectangular Frame Pool,G503066A
01t4w00000NumIDAAZ,"PISCINA DESMONTABLE 3,300L",Rectangular Frame Pool,G503067A
01t4w00000NumIIAAZ,"PISCINA DESMONTABLE 5,700L",Rectangular Frame Pool,G503068A
01t4w00000NumIJAAZ,LAMPARA EXTERIOR LEDS 110V-130V,LED LAMP,G112073A
01t4w00000NumILAAZ,SILLA PLEGABLE ACOLCHADA PU,FOLDING CHAIR,H201092B
01t4w00000NumINAAZ,"VENTILADOR DE ESCRITORIO DE 7""","DESK FAN 7""",B301005U
01t4w00000NumIPAAZ,"VENTILADOR TORRE 31"" 40W TOUCH 3 VELOCIDADES OSCILANTE","TOWER FAN 31"" 40W TOUCH 3 SPEEDS OSCILLATING",B301054U
01t4w00000NumIRAAZ,"(INACTIVO) VENTILADOR TORRE 36"" 50W TOUCH 3 VELOCIDADES OSCILANTE",FAN,B301056U
01t4w00000NumITAAZ,"(INACTIVO) VENTILADOR TORRE 49"" 50W TOUCH 3 VELOCIDADES OSCILANTE",FAN,B301057U
01t4w00000NumIVAAZ,COLUMPIO BALANCIN INDIVDUAL,INDIVIDUAL ROCKING SWING,G106091T
01t4w00000NumIXAAZ,GAZEBO RECTANGULAR CON MOSQUITERA,RECTANGULAR GAZEBO WITH MOSQUITO NET,G106107T
01t4w00000NumIZAAZ,GAZEBO CUADRADO,SQUARE GAZEBO,G106104T
01t4w00000NumIbAAJ,MESA RESINA PLEGABLE ? 4 cm,6FT FOLDING HDPE TABLE,G101030T
01t4w00000NumIdAAJ,MESA RESINA PLEGABLE ? 4.5 cm,6FT FOLDING HDPE TABLE,G101007T
01t4w00000NumIfAAJ,MESA RESINA PLEGABLE 180 CM,6 FT FOLDING HDPE TABLE,G101008T
01t4w00000NumIhAAJ,MESA RESINA IMITACION MADERA CUADRADA,SQUARE TABLE WITH SLAT WOODEN LOOK,G102020T
01t4w00000NumIjAAJ,MESA RESINA PERSONAL,PERSONAL TABLE,G101025T
01t4w00000NumIlAAJ,SET COMEDOR 5 PIEZAS,LUNCH SET 5 PCS,G108053T
01t4w00000NumInAAJ,TUMBONA DOBLE,DOUBLE SUNLOUNGER,G111001T
01t4w00000NumIpAAJ,TUMBONA EUCALIPTO CON COJIN,SUNLOUNGER WITH ARMRESTS & WITH 5CM SEAT CUSHION,G104139T
01t4w00000NumIrAAJ,JUEGO DE MESA 4 EN LINEA,FOUR IN ROW WITH PUPPIES AND KITTENS,P203001W
01t4w00000NumIsAAJ,JUEGO DE MESA 8 EN 1,8 IN 1 CHESS GAME,P203002W
01t4w00000NumItAAJ,JUEGO DE MESA 6 EN 1,6 IN 1 CHESS GAME,P203003W
01t4w00000NumIuAAJ,JUEGO DE MESA 12 EN 1,12 IN 1 CHESS GAME,P203004W
01t4w00000NumIvAAJ,JUEGO DE MESA DAMAS CHINAS,CHINESE CHECKERS,P203005W
01t4w00000NumIwAAJ,JUEGO DE MESA 2 EN 1,2 IN 1 CHESS GAME,P203006W
01t4w00000NumIxAAJ,JUEGO DE MESA 4 EN LÍNEA,4 IN A ROW,P203007W
01t4w00000NumIyAAJ,JUEGO DE MESA LA OCA,CHESS GAME,P203008W
01t4w00000NumIzAAJ,JUEGO DE MESA AJEDREZ,CHESS,P203009W
01t4w00000NumJ0AAJ,JUEGO DE MESA DAMAS CHINAS,CHINESE CHECKERS,P203010W
01t4w00000NumJ1AAJ,JUEGO DE MESA DAMAS CHINAS,CHINESE CHECKERS,P203011W
01t4w00000NumJ2AAJ,JUEGO DE MESA PARCHIS,LUDO GAME,P203012W
01t4w00000NumJ3AAJ,JUEGO DE MESA 6 EN 1,6 IN 1 CHESS GAME,P203013W
01t4w00000NumJ4AAJ,JUEGO DE MESA 9 HOMBRES,NINE MEN'S MORRIS,P203014W
01t4w00000NumJ5AAJ,JUEGO DE MESA TRAGABOLAS,5 IN 1 GAME,P203015W
01t4w00000NumJ6AAJ,JUEGO DE MESA DAMAS CHINAS,CHINESE CHECKERS,P203016W
01t4w00000NumJ7AAJ,JUEGO DE MESA ESCALERA,LADDER GAME,P203017W
01t4w00000NumJ8AAJ,JUEGO DE MESA 12 EN 1,12 IN 1 CHESS GAME,P203018W
01t4w00000NumJ9AAJ,JUEGO DE MESA 2 EN 1,2 IN 1 CHESS AND LUDO GAME,P203021W
01t4w00000NumJAAAZ,JUEGO DE MESA 3 EN RAYA,TIC-TAC TOE GAME,P203019W
01t4w00000NumJBAAZ,JUEGO DE MESA 2 EN 1,2 IN 1 CHESS AND LADDER GAME,P203020W
01t4w00000NumJCAAZ,JUEGO DE MESA 8 EN 1,8 IN 1 GAME,P203023W
01t4w00000NumJDAAZ,JUEGO DE MESA ESCALERA,LADDER GAME,P203027W
01t4w00000NumJFAAZ,JUEGO DE MESA 100 EN 1,100 IN 1 GAME,P203022W
01t4w00000NumJGAAZ,JUEGO DE MESA PARCHIS,LUDO GAME,P203040W
01t4w00000NumJHAAZ,JUEGO DE MESA 13 EN 1,13 IN 1 GAME,P203024W
01t4w00000NumJIAAZ,JUEGO DE MESA 6 EN 1,6 IN 1 GAME,P203025W
01t4w00000NumJJAAZ,JUEGO DE MESA CONECTA 4,CONNECT 4,P203026W
01t4w00000NumJKAAZ,JUEGO DE MESA 4 EN 1,4 IN 1 GAME,P203028W
01t4w00000NumJLAAZ,JUEGO DE MESA 2 EN 1,2 IN 1 GAME,P203030W
01t4w00000NumJMAAZ,JUEGO DE MESA 3 EN RAYA,TIC-TAC TOE,P203029W
01t4w00000NumJNAAZ,JUEGO DE MESA,DRAUGHTS,P203039W
01t4w00000NumJOAAZ,JUEGO DE MESA AJEDREZ,CHESS,P203042W
01t4w00000NumJPAAZ,JUEGO DE MESA AJEDREZ,CHESS,P203044W
01t4w00000NumJQAAZ,JUEGO DE MESA 2 EN 1,2 IN 1 DRAUGHTS GLOBAL CHESS,P203031W
01t4w00000NumJRAAZ,JUEGO DE MESA 2 EN 1,2 IN 1 LUDO & CHESS GAME,P203032W
01t4w00000NumJSAAZ,JUEGO DE MESA 2 EN 1,2 IN 1 LADDER & CHESS GAME,P203033W
01t4w00000NumJTAAZ,JUEGO DE MESA PARCHIS,LUDO GAME,P203043W
01t4w00000NumJUAAZ,JUEGO DE MESA 3 EN 1,"3 IN 1 LADDER, CHESS & LUDO GAME",P203034W
01t4w00000NumJVAAZ,JUEGO DE MESA 2 EN 1,2 IN 1 LADDER & LUDO GAME,P203035W
01t4w00000NumJWAAZ,JUEGO DE MESA 3 EN 1,3 IN 1 GAME,P203036W
01t4w00000NumJXAAZ,JUEGO DE MESA SERPIENTES Y ESCALERAS,LADDER GAME,P203041W
01t4w00000NumJYAAZ,JEUGO DE MESA LA OCA,GOOSE CHESS,P203037W
01t4w00000NumJZAAZ,JUEGO DE MESA 5 EN 1,5 IN 1 GAME,P203038W
01t4w00000NumJaAAJ,JUEGO DE MESA 2 EN 1,2 IN 1 GAME,P203045W
01t4w00000NumJbAAJ,JUEGO DE MESA 2 EN 1,2 IN 1 GAME,P203046W
01t4w00000NumJcAAJ,JUEGO DE MESA MAGNETICO 6 EN 1,6 IN 1 MAGNETIC GAME,P203049W
01t4w00000NumJdAAJ,JUEGO DE MESA AJEDREZ,CHESS SET,P203047W
01t4w00000NumJeAAJ,JUEGO DE MESA MAGNETICO 5 EN 1,5 IN 1 MAGNETIC GAME,P203048W
01t4w00000NumJfAAJ,JUEGO DE MESA MAGNETICO 7 EN 1,7 IN 1 MAGNETIC GAME,P203050W
01t4w00000NumJgAAJ,JUEGO DE MESA,BACKGAMMON,P203052W
01t4w00000NumJhAAJ,JUEGO DE MESA,CHESS,P203053W
01t4w00000NumJiAAJ,JUEGO DE MESA MAGNETICO 8 EN 1,8 IN 1 MAGNETIC GAME,P203051W
01t4w00000NumJjAAJ,JUEGO DE MESA,SNAKE & LADDER GAME,P203054W
01t4w00000NumJkAAJ,JUEGO DE MESA,SPACE VENTURE GAME,P203055W
01t4w00000NumJlAAJ,JUEGO DE MESA,LUDO GAME,P203056W
01t4w00000NumJmAAJ,JUEGO DE MESA,BACKGAMMON,P203058W
01t4w00000NumJnAAJ,JUEGO DE MESA,CHINESE CHECKERS,P203057W
01t4w00000NumJoAAJ,JUEGO DE MESA,CHESS,P203059W
01t4w00000NumJpAAJ,JUEGO DE MESA,CHECKERS & CHESS GAME,P203060W
01t4w00000NumJqAAJ,JUEGO DE CARTAS,PLAYING CARD,P203061W
01t4w00000NumKqAAJ,PILA DE VELOCIDAD,SPEED STACKS,P203062W
01t4w00000NumKrAAJ,JENGA DE PINGÜINO,PENGUIN STACKING GAME,P203063W
01t4w00000NumKsAAJ,4 EN LÍNEA,FOUR CONNET GAME,P203066W
01t4w00000NumKtAAJ,4 EN LÍNEA,FOUR CONNET GAME,P203064W
01t4w00000NumKuAAJ,4 EN LÍNEA,FOUR CONNET GAME,P203065W
01t4w00000NumKvAAJ,RANITA HAMBRIENTA,FUN FROG EATING BEANS,P203067W
01t4w00000NumKwAAJ,DOMINÓ,DOMINO GAME,P203068W
01t4w00000NumKxAAJ,DOMINÓ GRANJA,DOMINO FARM,P203069W
01t4w00000NumKyAAJ,DOMINÓ,DOMINO GAME,P203070W
01t4w00000NumKzAAJ,DOMINÓ,DOMINO GAME,P203071W
01t4w00000NumL0AAJ,DOMINÓ,DOMINO GAME,P203072W
01t4w00000NumL1AAJ,DOMINÓ R/C CAMIÓN,DOMINO GAME WITH R/C TRUCK,P203073W
01t4w00000NumL2AAJ,DOMINÓ,DOMINO GAME,P203074W
01t4w00000NumL3AAJ,DOMINÓ CAMIÓN,DOMINO GAME,P203075W
01t4w00000NumL4AAJ,DOMINÓ CAMIÓN,DOMINO GAME,P203076W
01t4w00000NumL5AAJ,DOMINÓ APILABLE 45 PIEZAS,DOMINO AND STACKING GAME 45PCS,P203077W
01t4w00000NumL6AAJ,DOMINÓ APILABLE 80 PIEZAS,DOMINO AND STACKING GAME 80PCS,P203078W
01t4w00000NumL7AAJ,DOMINÓ APILABLE 120 PIEZAS,DOMINO AND STACKING GAME 120PCS,P203079W
01t4w00000NumL8AAJ,DOMINÓ,DOMINO GAME,P203080W
01t4w00000NumL9AAJ,DOMINÓ,DOMINO GAME,P203081W
01t4w00000NumLAAAZ,DOMINÓ,DOMINO GAME,P203083W
01t4w00000NumLBAAZ,DOMINÓ,DOMINO GAME,P203082W
01t4w00000NumLGAAZ,DOMINÓ,DOMINO GAME,P203084W
01t4w00000NumLHAAZ,DOMINÓ DE MADERA,WOODEN DOMINO,P203087W
01t4w00000NumLIAAZ,DOMINÓ,DOMINO GAME,P203085W
01t4w00000NumLJAAZ,DOMINÓ ANIMALES DE MADERA,WOODEN DOMINO 4 ASST,P203086W
01t4w00000NumLKAAZ,DOMINÓ,DOMINO GAME,P203088W
01t4w00000NumLLAAZ,SET DE MESA CON SILLA INFANTIL,Children Desk and Chair,H105037B
01t4w00000NumLNAAZ,SET DE MESA CON SILLA INFANTIL,children desk and chair,H105038B
01t4w00000NumLRAAZ,SET DE MESA CON SILLA INFANTIL,children desk and chair,H105039B
01t4w00000NumLSAAZ,SET DE MESA CON SILLA INFANTIL,children desk and chair,H105040B
01t4w00000NumLTAAZ,SET DE MESA CON SILLA INFANTIL,children desk and chair,H105041B
01t4w00000NumLVAAZ,DOMINÓ,DOMINO GAME,P203089W
01t4w00000NumLWAAZ,DOMINÓ DE NÚMERO,DOMINO GAME,P203090W
01t4w00000NumLXAAZ,JUEGO DE DAMAS EN SUELO,CHECKERS FLOOR CHESSBOARD,P203091W
01t4w00000NumLYAAZ,LUDO EN SUELO,LUDO GAME FLOOR CHESSBOARD,P203092W
01t4w00000NumLZAAZ,JUEGO DE GANSO EN SUELO,GOOSE GAME FLOOR CHESSBOARD,P203093W
01t4w00000NumLaAAJ,JUEGO DE ESCALERA EN SUELO,SNAKES & LADDERS FLOOR CHESSBOARD,P203094W
01t4w00000NumLbAAJ,CARTA DE JUEGO,PLAYING CARDS,P203095W
01t4w00000NumLcAAJ,JUEGO DE TARJETAS,PLAYING CARDS SET,P203096W
01t4w00000NumLdAAJ,JUEGO DE TARJETAS,PLAYING CARDS SET,P203097W
01t4w00000NumLeAAJ,JUEGO DE TARJETAS,PLAYING CARDS SET,P203098W
01t4w00000NumLfAAJ,CARTA DE JUEGO,PLAYING CARDS,P203100W
01t4w00000NumLgAAJ,JUEGO DE TARJETAS,PLAYING CARDS SET,P203099W
01t4w00000NumLhAAJ,CARTA DE JUEGO 2 EN 1,2 PACKS PLAYING CARDS,P203101W
01t4w00000NumLiAAJ,CARTA DE JUEGO 12 PDQ,12 PACKS PLAYING CARDS,P203102W
01t4w00000NumMTAAZ,SET BLOQUES 050 PIEZAS  TREN NUMEROS,BLOCK TRAIN 50 PCS,P605040W
01t4w00000NumMUAAZ,SET BLOQUES 075 PIEZAS TREN NUMEROS,BLOCK TRAIN 75 PCS,P605041W
01t4w00000NumMVAAZ,SET BLOQUES 065 PIEZAS ZOO,CIRCUS SHOW 65 PCS,P605042W
01t4w00000NumMWAAZ,SET BLOQUES 090 PIEZAS GRANJA,HAPPY FARM 90 PCS,P605043W
01t4w00000NumMXAAZ,SET BLOQUES 040 PIEZAS DINOSAURIOS,DINO PARADISE 40 PCS,P605044W
01t4w00000NumMYAAZ,SET BLOQUES 045 PIEZAS CONSTRUCCION,CITY BUILDING 45 PCS,P605045W
01t4w00000NumMZAAZ,SET BLOQUES 035 PIEZAS ESTACION BOMBEROS,FIRE STATION 35 PCS,P605050W
01t4w00000NumMaAAJ,SET BLOQUES 051 PIEZAS TUBERIA,PIPELINE PARADISE 51 PCS,P605046W
01t4w00000NumMbAAJ,SET BLOQUES 036 PIEZAS PASTEL,DESSERT HOUSE 36 PCS,P605047W
01t4w00000NumMcAAJ,SET BLOQUES 038 PIEZAS GASOLINERA,GAS STATION 38 PCS,P605048W
01t4w00000NumMdAAJ,SET BLOQUES 090 PIEZAS ESTACION BOMBEROS,FIRE STATION 90 PCS,P605049W
01t4w00000NumMeAAJ,SET BLOQUES 090 PIEZAS POLICIA,POLICE STATION 90 PCS,P605051W
01t4w00000NumMfAAJ,SET BLOQUES 036 PIEZAS POLICIA,POLICE STATION 36 PCS,P605052W
01t4w00000NumMgAAJ,SET BLOQUES 076 PIEZAS HOSPITAL,CITY HOSPITAL 76 PCS,P605053W
01t4w00000NumMhAAJ,SET BLOQUES 065 PIEZAS GRANJA,HAPPY FARM 65 PCS,P605054W
01t4w00000NumMiAAJ,SET BLOQUES 156 PIEZAS GRANJA,HAPPY FARM 156 PCS,P605055W
01t4w00000NumMjAAJ,SET BLOQUES 066 PIEZAS CONSTRUCCION,CITY BUILDING 66 PCS,P605056W
01t4w00000NumMkAAJ,SET BLOQUES 060 PIEZAS COCHES,COMBINE & CREATE CAR 60 PCS,P605057W
01t4w00000NumMlAAJ,SET BLOQUES 068 PIEZAS TREN,TRAIN 68 PCS,P605058W
01t4w00000NumMmAAJ,SET BLOQUES 146 PIEZAS PRINCESA,HAPPY PRINCESS 146 PCS,P605059W
01t4w00000NumMnAAJ,SET BLOQUES 138 PIEZAS PARQUE,PARK 138 PCS,P605060W
01t4w00000NumMoAAJ,SET BLOQUES 100 PIEZAS SUEÑOS,DREAM HOME 100 PCS,P605061W
01t4w00000NumMpAAJ,SET BLOQUES 066 PIEZAS POLICIA,POLICE STATION 66PCS,P605064W
01t4w00000NumMqAAJ,SET BLOQUES 046 PIEZAS TIENDA,SHOP 46 PCS,P605066W
01t4w00000NumMrAAJ,SET BLOQUES 100 PIEZAS GRANJA,HAPPY FARM 100 PCS,P605062W
01t4w00000NumMsAAJ,SET BLOQUES 060 PIEZAS ESTACION BOMBEROS,FIRE STATION 60 PCS,P605063W
01t4w00000NumMtAAJ,SET BLOQUES 040 PIEZAS DINOSAURIOS CON CARRO,DINO PARK 40 PCS,P605065W
01t4w00000NumMuAAJ,SET BLOQUES 086 PIEZAS CASTILLO SUEÑOS,DREAM CASTLE 86 PCS,P605067W
01t4w00000NumMvAAJ,SET BLOQUES 100 PIEZAS,BLOCKS 100 PCS,P605068W
01t4w00000NumMwAAJ,SET BLOQUES 090 PIEZAS POLICIA,POLICE STATION 90 PCS,P605069W
01t4w00000NumMxAAJ,SET BLOQUES 090 PIEZAS BOMBEROS,FIRE STATION 90 PCS,P605070W
01t4w00000NumMyAAJ,SET BLOQUES 061 PIEZAS ANIMALES,ANIMAL WORLD 61 PCS,P605071W
01t4w00000NumMzAAJ,SET BLOQUES 036 PIEZAS CASAS,HOME BLOCKS 36 PCS,P605072W
01t4w00000NumN0AAJ,SET BLOQUES 009 PIEZAS COCHE,FUNNY CAR 9 PCS,P605074W
01t4w00000NumN1AAJ,SET BLOQUES 067 PIEZAS ESTACION BOMBEROS,FIRE STATION 67 PCS,P605080W
01t4w00000NumN2AAJ,SET BLOQUES 052 PIEZAS DIVERSION,FUNNY BLOCKS 52 PCS,P605073W
01t4w00000NumN3AAJ,SET BLOQUES 087 PIEZAS CASTILLO SUEÑOS,DREAM CASTLE 87 PCS,P605075W
01t4w00000NumN4AAJ,SET BLOQUES 053 PIEZAS DIVERSION,FUNNY BLOCKS 53 PCS,P605076W
01t4w00000NumN5AAJ,SET BLOQUES 067 PIEZAS TREN,TRAIN 67 PCS,P605077W
01t4w00000NumN6AAJ,SET BLOQUES 060 PIEZAS GRANJA,HAPPY FARM 60 PCS,P605078W
01t4w00000NumN7AAJ,SET BLOQUES 067 PIEZAS POLICIA,POLICE STATION 67 PCS,P605079W
01t4w00000NumN8AAJ,SET BLOQUES 067 PIEZAS VILLA,VILLAGE BLOCK 67 PCS,P605081W
01t4w00000NumN9AAJ,SET BLOQUES 022 PIEZAS COCHE,CAR BLOCK 22 PCS,P605082W
01t4w00000NumNAAAZ,SET BLOQUES 030 PIEZAS COMIDA,BLOCK 30 PCS,P605083W
01t4w00000NumNBAAZ,SET BLOQUES 060 PIEZAS,BLOCKS 60 PCS,P605084W
01t4w00000NumNCAAZ,SET BLOQUES 055 PIEZAS,BLOCK 55 PCS,P605086W
01t4w00000NumNDAAZ,SET BLOQUES 036 PIEZAS PASTELERIA,DESSERT SHOP 36 PCS,P605085W
01t4w00000NumNEAAZ,SET BLOQUES 058 PIEZAS,BLOCKS 58 PCS,P605087W
01t4w00000NumNFAAZ,SET BLOQUES 075 PIEZAS,BLOCKS 75 PCS,P605088W
01t4w00000NumNGAAZ,SET BLOQUES 058 PIEZAS PARQUE,PARK BLOCK 58 PCS,P605089W
01t4w00000NumNHAAZ,SET BLOQUES + SILLA + MESA,BLOCK DESK + CHAIR,P605090W
01t4w00000NumNIAAZ,SET BLOQUES + 2 SILLAS + MESA,BLOCK DESK + CHAIR,P605091W
01t4w00000NumNJAAZ,SET BLOQUES + SILLA + MESA,BLOCK DESK + CHAIR,P605092W
01t4w00000NumNKAAZ,SET BLOQUES + 2 SILLAS + MESA,BLOCK DESK + CHAIR,P605093W
01t4w00000NumNLAAZ,SET BLOQUES 058 PIEZAS,BLOCKS 58 PCS,P605094W
01t4w00000NumNMAAZ,SET BLOQUES 060 PIEZAS,BLOCKS 60 PCS,P605095W
01t4w00000NumOHAAZ,SET BLOQUES 051 PIEZAS TREN,TRAIN BLOCKS 51 PCS,P605096W
01t4w00000NumOIAAZ,SET BLOQUES 060 PIEZAS GASOLINERA,BARAGE BLOCKS 60 PCS,P605097W
01t4w00000NumOJAAZ,SET BLOQUES 046 PIEZAS VETERINARIO,PET HOSPITAL BLOCKS 46 PCS,P605098W
01t4w00000NumOKAAZ,SET BLOQUES 061 PIEZAS CAFETERIA,COFFEE SHOP BLOCKS 61 PCS,P605099W
01t4w00000NumOLAAZ,SET BLOQUES 106 PIEZAS COCINA,KITCHEN BLOCKS 106 PCS,P605102W
01t4w00000NumOMAAZ,SET BLOQUES 019 PIEZAS RAIL DINO,RAILCAR BLOCKS 19 PCS,P605100W
01t4w00000NumONAAZ,SET BLOQUES 081 PIEZAS COCINA,KITCHEN BLOCKS 81 PCS,P605103W
01t4w00000NumOOAAZ,SET BLOQUES 060 PIEZAS DOCTOR,DOCTOR BLOCKS 60 PCS,P605101W
01t4w00000NumOPAAZ,SET BLOQUES 061 PIEZAS CAFETERIA,COFFEE SHOP BLOCKS 61 PCS,P605104W
01t4w00000NumOQAAZ,SET BLOQUES 162 PIEZAS RAMPAS,SLIDER TRANSPORT BLOCKS 162 PCS,P605108W
01t4w00000NumORAAZ,SET BLOQUES 045 PIEZAS CONSTRUCCION,BUILDING BLOCKS 45 PCS,P605105W
01t4w00000NumOSAAZ,SET BLOQUES 166 PIEZAS RAMPAS,BLOCKS 166 PCS,P605106W
01t4w00000NumOTAAZ,SET BLOQUES 258 PIEZAS KARTING,RACING TRUCK BLOCKS 258 PCS,P605107W
01t4w00000NumOUAAZ,SET BLOQUES 078 PIEZAS COCINA,KITCHEN BLOCKS 78 PCS,P605109W
01t4w00000NumOVAAZ,SET BLOQUES 080 PIEZAS DOCTOR,DOCTOR BLOCKS 80 PCS,P605110W
01t4w00000NumOWAAZ,SET BLOQUES 200 PIEZAS,BLOCKS 200 PCS,P605111W
01t4w00000NumOXAAZ,SET BLOQUES 130 PIEZAS,BLOCKS 130 PCS,P605112W
01t4w00000NumOYAAZ,SET BLOQUES 180 PIEZAS,BLOCKS 180 PCS,P605113W
01t4w00000NumOZAAZ,SET BLOQUES 248 PIEZAS,BLOCKS 248 PCS,P605114W
01t4w00000NumOaAAJ,SET BLOQUES 042 PIEZAS,POLICE STATION 42 PCS,P605115W
01t4w00000NumObAAJ,SET BLOQUES 042 PIEZAS,TOY,P605116W
01t4w00000NumOcAAJ,SET BLOQUES 030 PIEZAS,POLICE OFFICE 30 PCS,P605117W
01t4w00000NumOdAAJ,SET BLOQUES 030 PIEZAS,COZY COTTAGE 30 PCS,P605118W
01t4w00000NumOeAAJ,SET BLOQUES 030 PIEZAS,RESCUE SQUAD 30 PCS,P605119W
01t4w00000NumOfAAJ,SET BLOQUES 030 PIEZAS,ENGINEERING TEAM 30 PCS,P605120W
01t4w00000NumOgAAJ,SET BLOQUES 080 PIEZAS,BIG BUILDING BAG 80 PCS,P605121W
01t4w00000NumOhAAJ,SET BLOQUES 080 PIEZAS,BIG BUILDING BAG 80 PCS,P605122W
01t4w00000NumOiAAJ,CAMIÓN BLOQUES 015 PIEZAS,TRUCK 15 PCS,P605123W
01t4w00000NumOjAAJ,SET BLOQUES 056 PIEZAS,BLOCKS 56 PCS,P605127W
01t4w00000NumOkAAJ,COCHE GRANJERO 015 PIEZAS,FARMER CAR 15 PCS,P605124W
01t4w00000NumOlAAJ,CAMIÓN DE BOMBEROS 012 PIEZAS,FIRETRUCK 12 PCS,P605125W
01t4w00000NumOmAAJ,SET BLOQUES 072 PIEZAS,BLOCKS 72 PCS,P605126W
01t4w00000NumOnAAJ,SET BLOQUES 030 PIEZAS,BLOCKS 30 PCS,P605128W
01t4w00000NumOoAAJ,SILLA PLEGABLE ACOLCHADA PU,FOLDING CHAIR,H201092M
01t4w00000NumOqAAJ,SET BLOQUES 038 PIEZAS,BLOCKS 38 PCS,P605129W
01t4w00000NumOrAAJ,SET BLOQUES 030 PIEZAS,BLOCKS 30 PCS,P605130W
01t4w00000NumOsAAJ,SET BLOQUES ELEFANTE 062 PIEZAS,ELEPHANT BLOCK 62 PCS,P605131W
01t4w00000NumOtAAJ,SET BLOQUES ELEFANTE 062 PIEZAS,ELEPHANT BLOCK 62 PCS,P605132W
01t4w00000NumOuAAJ,SET BLOQUES DE CONSTRUCCIÓN 072 PIEZAS,BUILDING BLOCKS 72 PCS,P605133W
01t4w00000NumOvAAJ,SET BLOQUES DE BOMBEROS 072 PIEZAS,FIRE STATION 72 PCS,P605134W
01t4w00000NumOwAAJ,SET BLOQUES DE ANIMALES 032 PIEZAS,FARM ANIMAL 32 PCS,P605143W
01t4w00000NumOxAAJ,SET BLOQUES DE POLICÍA 072 PIEZAS,POLICE STATION 72 PCS,P605135W
01t4w00000NumOyAAJ,SET BLOQUES DE TIENDA 072 PIEZAS,SHOPPING MALL 72 PCS,P605136W
01t4w00000NumOzAAJ,SET BLOQUES 045 PIEZAS,BLOCKS 45 PCS,P605137W
01t4w00000NumP0AAJ,SET BLOQUES 068 PIEZAS,BLOCKS 68 PCS,P605138W
01t4w00000NumP1AAJ,SET BLOQUES DE ANIMALES 048 PIEZAS,FARM ANIMAL 48 PCS,P605144W
01t4w00000NumP2AAJ,SET BLOQUES 056 PIEZAS,BLOCKS 56 PCS,P605139W
01t4w00000NumP3AAJ,SET BLOQUES 048 PIEZAS,BLOCKS 48 PCS,P605140W
01t4w00000NumP4AAJ,SET BLOQUES 045 PIEZAS,BLOCKS 45 PCS,P605141W
01t4w00000NumP5AAJ,SET BLOQUES 068 PIEZAS,BLOCKS 68 PCS,P605142W
01t4w00000NumP6AAJ,ESTACIÓN DE TREN 093 PIEZAS,TRAIN STATION 93 PCS,P605145W
01t4w00000NumP7AAJ,SET BLOQUES TORTUGA 055 PIEZAS,TURTLE BLOCKS 55 PCS,P605146W
01t4w00000NumPpAAJ,BANCO BAR EAMS ACOLCHADO,CHAIR,H201059T
01t4w00000NumPrAAJ,SILLA PLASTICO EAMS,CHAIR,H201040T
01t4w00000NumPtAAJ,CENTRO ENTRETENIMIENTO,ENTERTAINMENT CENTER,H312194T
01t4w00000NumPvAAJ,SET COMEDOR MDF + 4 SILLAS,DINING TABLE -1500 PU CHAIR,H210070T
01t4w00000NumPxAAJ,SET COMEDOR MDF + 4 SILLAS,DINING TABLE -1500                   PU CHAIR,H210071T
01t4w00000NumPzAAJ,SET COMEDOR VIDRIO + 4 SILLAS,GLASS DINING TABLE -1500L  FABRIC DINING CHAIR,H210068T
01t4w00000NumQ1AAJ,SET MESA + SILLAS CRAYON INFANTIL,CRAYON CHILDREN'S TABLE + CHAIRS SET,H103012T
01t4w00000NumQ3AAJ,SET MESA + SILLAS CRAYON INFANTIL,CHILDREN´S DESK SET,H103013T
01t4w00000NumQ5AAJ,SET DE MESA CON SILLA INFANTIL,Children Desk and Chair,H105037F
01t4w00000NumQFAAZ,JUEGO DE PESCA,FISHING GAME,P203103W
01t4w00000NumQHAAZ,MECEDORA CON PUFF,SMALL ROCKING SOFA,H311051B
01t4w00000NumQJAAZ,MECEDORA CON PUFF,BIG ROCKING SOFA,H311052B
01t4w00000NumQLAAZ,SILLON GIRATORIO 360*,LEAF SWERLING SOFA,H311053B
01t4w00000NumQNAAZ,PERCHERO PARED MADERA,WALL RACK,H315101B
01t4w00000NumQPAAZ,PERCHERO PARED MADERA,WALL RACK,H315102B
01t4w00000NumQQAAZ,PERCHERO PIE MADERA,FLOOR RACK,H315107B
01t4w00000NumQTAAZ,PERCHERO PARED MADERA,WALL RACK,H315103B
01t4w00000NumQWAAZ,PERCHERO PARED MADERA,WALL RACK,H315104B
01t4w00000NumQYAAZ,PERCHERO PIE MADERA,FLOOR RACK,H315105B
01t4w00000NumQZAAZ,PERCHERO PIE MADERA,FLOOR RACK,H315106B
01t4w00000NumQcAAJ,PERCHERO PIE MADERA,FLOOR RACK,H315108B
01t4w00000NumQeAAJ,PERCHERO PIE MADERA,FLOOR RACK,H315109B
01t4w00000NumQfAAJ,PISTOLA DE BURBUJAS ESPACIO,B/O SPACE BUBBLE SHOOTER,P103009W
01t4w00000NumQgAAJ,PISTOLA DE BURBUJAS UNICORNIO,LIGHT & SOUND UNICORN BUBBLE BLASTER  2 IN 1 FUNCTION,P103010W
01t4w00000NumQhAAJ,PISTOLA DE BURBUJAS CERDO,B/O BUBBLE PIG,P103011W
01t4w00000NumQiAAJ,BANCA RESINA PLEGABLE,6FT FOLDING HDPE BENCH,G101035A
01t4w00000NumQkAAJ,MESA RESINA PERSONAL,FOLDING HDPE PERSONAL TABLE ADJUSTABLE,G101036A
01t4w00000NumQmAAJ,MESA RESINA PLEGABLE ? 4 cm,FOLDING RESIN TABLE ? 4 cm,G101037A
01t4w00000NumQoAAJ,MESA RESINA PLEGABLE ? 4.5 cm,8FT FOLDING HDPE TABLE,G101011A
01t4w00000NumQqAAJ,MESA RESINA PLEGABLE ? 4.5 cm,8FT FOLDING HDPE TABLE,G101038A
01t4w00000NumQsAAJ,PISTOLA DE BURBUJAS CICLON,B/O CYCLONE BUBBLE BLASTER,P103012W
01t4w00000NumQtAAJ,PISTOLA DE BURBUJAS CAMARA,B/O BUBBLE CAMERA,P103013W
01t4w00000NumQuAAJ,PISTOLA DE BURBUJAS CAMARA,B/O BUBBLE CAMERA,P103014W
01t4w00000NumQvAAJ,PISTOLA DE BURBUJAS CAMARA,B/O BUBBLE CAMERA,P103015W
01t4w00000NumQwAAJ,PISTOLA DE BURBUJAS CAMARA,B/O BUBBLE CAMERA,P103016W
01t4w00000NumQxAAJ,PISTOLA DE BURBUJAS CAMARA CONEJO,B/O BUBBLE RABIT CAMERA,P103017W
01t4w00000NumQyAAJ,PISTOLA DE BURBUJAS CAMARA OSO,B/O DEER BUBBLE CAMERA,P103020W
01t4w00000NumQzAAJ,PISTOLA DE BURBUJAS CAMARA RANA,B/O BUBBLE FROG CAMERA,P103018W
01t4w00000NumR0AAJ,PISTOLA DE BURBUJAS CAMARA PRINCESA,B/O BUBBLE CAMERA,P103019W
01t4w00000NumR1AAJ,JUGUETERO 6 CAJONES DE TELA INFANTIL,SWAN STORAGE WITH 6 BINS,H105021T
01t4w00000NumR3AAJ,JUGUETERO 6 CAJONES DE TELA INFANTIL,SWAN STORAGE WITH 6 BINS,H105042B
01t4w00000NumR5AAJ,JUGUETERO 6 CAJONES DE TELA INFANTIL,SWAN STORAGE WITH 6 BINS,H105042T
01t4w00000NumR7AAJ,PISTOLA DE BURBUJAS UNICORNIO SONIDO,B/O UNICORN BUBBLE WAND W/SOUND,P103024W
01t4w00000NumR9AAJ,PISTOLA DE BURBUJAS CAMARA ALAS,B/O NO LEAKING BUBBLE COPTER,P103021W
01t4w00000NumRAAAZ,PISTOLA DE BUBUJAS UNICORNIO,B/O UNICORN BUBBLE BLASTER W/LIGHT,P103039W
01t4w00000NumRBAAZ,PISTOLA DE BURBUJAS DINO,HAND CARRY BUBBLE BLOWER - DINO,P103022W
01t4w00000NumRCAAZ,PISTOLA DE BURBUJAS UNICORNIO SONIDO Y LUZ,B/O  MAGIC UNICORN BUBBLE WAND WITH LIGHT AND SOUND,P103025W
01t4w00000NumRDAAZ,PISTOLA DE BURBUJAS MARIPOSA,LIGHT & SOUND FAIRY BUBBLE WAND W/WINGS,P103026W
01t4w00000NumREAAZ,PISTOLA DE BUBUJAS CORTACESPED,BUBBLE LAWN MOVER WITH 4OZ,P103028W
01t4w00000NumRFAAZ,PISTOLA DE BURBUJAS ARDILLA,HAND CARRY BUBBLE BLOWER - MOUSE,P103023W
01t4w00000NumRGAAZ,PISTOLA DE BURBUJAS CON LUZ Y MUSICA,LIGHT & SOUND BUBBLE WAND,P103027W
01t4w00000NumRHAAZ,PISTOLA DE BURBUJAS PULPO,OCTOPUS BUBBLE MACHINE W/50ML BUBBLE,P103032W
01t4w00000NumRIAAZ,PISTOLA DE BUBUJAS CORTACESPED,B/O MEGA BUBBLE MOWER WITH 4OZ,P103029W
01t4w00000NumRJAAZ,PISTOLA DE BURBUJAS SOPLADOR,NEW FUN LEAF BLOWER W/118ML BUBBLE SOLUTION,P103030W
01t4w00000NumRKAAZ,PISTOLA DE BURBUJAS RANA,B/O FROG BUBBLE MACHINE W/50ML BUBBLE,P103031W
01t4w00000NumRLAAZ,PISTOLA DE BURBUJAS TAMBOR,B/O BUBBLE TURBO W/130ML NORMAL BUBBLE SOLUTION,P103033W
01t4w00000NumRMAAZ,PISTOLA DE BURBUJAS AUTOBUS,B/O BUBBLE BUS WITH 118mL BUBBLE,P103034W
01t4w00000NumRNAAZ,PISTOLA DE BURBUJAS ASPAS,B/O LARGE BUBBLE IN BUBBLE SHOOTER,P103035W
01t4w00000NumROAAZ,PISTOLA DE BURBUJAS ASPAS,B/O BEE BUBBLE BLASTER W/50 ML BUBBLE,P103036W
01t4w00000NumRPAAZ,PISTOLA DE BURBUJAS ASPAS,B/O BUBBLE BLASTER W/100ML BUBBLE,P103037W
01t4w00000NumRQAAZ,DISPARADOR DE BURBUJAS,"14"" 4OZ /118ML PET BUBBLE WAND 6 ASTD  24PCS/PDQ",P103040W
01t4w00000NumRRAAZ,PISTOLA DE BURBUJAS SOPLADOR,B/O 2 IN 1 GIANT BUBBLE BLASTER,P103038W
01t4w00000NumRSAAZ,RECAMBIO JABON,4 Oz BUBBLE WITH WAND,P103041W
01t4w00000NumRTAAZ,RECAMBIO JABON,2PK 8 Oz BUBBLE WITH WAND,P103042W
01t4w00000NumRUAAZ,RECAMBIO JABON,8 Oz BUBBLE WITH WAND,P103043W
01t4w00000NumRVAAZ,RECAMBIO JABON,16 Oz BUBBLE WITH WAND,P103044W
01t4w00000NumRWAAZ,DISPARADOR DE BURBUJAS HELADO,BUBBLE ICE CREAM  WITH 70ML BUBBLE SOLUTION,P103045W
01t4w00000NumRXAAZ,DISPARADOR DE BURBUJAS HELADO,BUBBLE ICE CREAM  WITH 60ML BUBBLE SOLUTION,P103046W
01t4w00000NumSAAAZ,MESA ESCRITORIO,OFFICE DESK,H102076T
01t4w00000NumSEAAZ,MESA ESCRITORIO,OFFICE DESK,H102078B
01t4w00000NumSGAAZ,SOFA,SOFA,H309066T
01t4w00000NumSIAAZ,SOFA,SOFA,H309067T
01t4w00000NumSJAAZ,SOFA CAMA,SOFA BED,H309068T
01t4w00000NumSMAAZ,SOFA CAMA,SOFA BED,H309069T
01t4w00000NumSOAAZ,MESA ESCRITORIO,OFFICE DESK,H102218T
01t4w00000NumSQAAZ,MESA ESCRITORIO,OFFICE DESK,H102077T
01t4w00000NumSSAAZ,MESA ESCRITORIO,OFFICE DESK,H102078T
01t4w00000NumSUAAZ,SET MESA + SILLAS,TABLE CHAIR SET,H105043T
01t4w00000NumSWAAZ,SOPORTE DE PARED ARTICULADO,CLASSIC FULL-MOTION TV WALL MOUNT,H316007B
01t4w00000NumSXAAZ,SOPORTE TV DE PARED ARTICULADO,CLASSIC FILL-MOTION TV WALL MOUNT,H316008B
01t4w00000NumSYAAZ,SOPORTE TV DE PARED CON INCLINACION,FIXED TV WALL MOUNT,H316009B
01t4w00000NumSZAAZ,SOPORTE TV DE PARED CON INCLINACION,TILT TV WALL MOUNT,H316010B
01t4w00000NumSaAAJ,SOPORTE TV DE PARED ARTICULADO,ECONOMICAL FULL-MOTION TV WALL MOUNT,H316012B
01t4w00000NumSbAAJ,SOPORTE TV DE PARED CON INCLINACION,TILT TV WALL MOUNT,H316011B
01t4w00000NumSiAAJ,MESA RESINA PLEGABLE ? 4.5 cm,6FT FOLDING HDPE TABLE,G101007Y
01t4w00000NumSjAAJ,MESA RESINA PLEGABLE ? 4.5 cm,6FT FOLDING HDPE TABLE,
01t4w00000NumSkAAJ,MESA RESINA PLEGABLE ? 4 cm,122 CM FOLDING TABLE,G101024Y
01t4w00000NumSmAAJ,SET COMEDOR 5 PIEZAS,DINING SET,H210078Y
01t4w00000NumSoAAJ,MECEDORA CON PUFF,BIG ROCKING SOFA,H311052M
01t4w00000NumSqAAJ,SET COMEDOR 5 PIEZAS,DINING SET,H210078M
01t4w00000NumSsAAJ,SILLA PLAYA RECLINABLE CON COJIN (UNE EN-581),BEACH CHAIR,G501025A
01t4w00000NumSuAAJ,MESA RESINA PLEGABLE ? 3.5 cm,FOLDING TABLE,G101039A
01t4w00000NumSvAAJ,SET COMEDOR PP 7 PIEZAS,DINING SET,G108071A
01t4w00000NumSxAAJ,SET COMEDOR PP 7 PIEZAS,DINNING SET,G108072A
01t4w00000NumSzAAJ,SILLA PLEGABLE,FOLDING CHAIR,H201093B
01t4w00000NumT1AAJ,SILLA PLEGABLE,FOLDING CHAIR,H201094B
01t4w00000NumT4AAJ,PISCINA DESMONTABLE RECTANGULAR SIN BOMBA,RECTANGULAR FRAME POOL,G503070A
01t4w00000NumT5AAJ,PISCINA DESMONTABLE REDONDA CON BOMBA,RECTANGULAR FRAME POOL,G503071A
01t4w00000NumT8AAJ,SET BISTRO METALICO PLEGABLE REDONDO,STEEL 3 PC PATIO SET,G108073A
01t4w00000NumTAAAZ,SET PICNIC PLEGABLE,FOLDABLE PICNIC SET,G202011A
01t4w00000NumTCAAZ,MESA JARDIN RECTANGULAR,TABLE,G109021A
01t4w00000NumTDAAZ,SILLA COMEDOR PLASTICO,CHAIR,G110046A
01t4w00000NumTGAAZ,SILLA COMEDOR PLASTICO,CHAIR,G110047A
01t4w00000NumTIAAZ,SET MESA BAR + 2 TABURETES,SET BAR,G108074A
01t4w00000NumTKAAZ,VENTILADOR TECHO CON LUZ 25W-35W,FAN WITH LIGHT,B301077C
01t4w00000NumTLAAZ,VENTILADOR TECHO DE MADERA CON LED 35W-65W,"52"" SOLID WOOD FAN WITH LED",B301078C
01t4w00000NumTOAAZ,SET COMEDOR 5 PIEZAS,5 PC PATIO SET,G108075A
01t4w00000NumTRAAZ,SET MESA + SILLAS CRAYON INFANTIL,CRAYON CHILDREN'S TABLE + CHAIRS SET,H103012S
01t4w00000NumTTAAZ,SET MESA + SILLAS CRAYON INFANTIL,CHILDREN´S DESK SET,H103013S
01t4w00000NumTVAAZ,ESTANTERIA CRAYON INFANTIL,SHELF,H104064S
01t4w00000NumTXAAZ,ESTANTERIA CRAYON INFANTIL,SHELF,H104065S
01t4w00000NumTZAAZ,CARRITO TRANSPORTADOR PLANTAS,PLANT TRANSPORTER CART,G402001A
01t4w00000NumTbAAJ,CARRITO TRANSPORTADOR PLEGABLE,FOLDING TRANSPORTER CART,B501001C
01t4w00000NumTeAAJ,CARRITO TRANSPORTADOR PLEGABLE,FOLDING TRANSPORTER CART,G402002A
01t4w00000NumTgAAJ,CARRITO TRANSPORTADOR PLEGABLE,FOLDING TRANSPORTER CART,B501002C
01t4w00000NumThAAJ,CARRITO TRANSPORTADOR PLEGABLE,FOLDING TRANSPORTER CART,B501003C
01t4w00000NumTjAAJ,CARRITO TRANSPORTADOR PLEGABLE,FOLDING TRANSPORTER CART,B501004C
01t4w00000NumTlAAJ,CARRITO TRANSPORTADOR PLEGABLE,FOLDING TRANSPORTER CART,B501005C
01t4w00000NumTnAAJ,CARRITO TRANSPORTADOR PLEGABLE,FOLDING TRANSPORTER CART,B501006C
01t4w00000NumTpAAJ,CARRITO TRANSPORTADOR PLEGABLE,FOLDING TRANSPORTER CART,B501007C
01t4w00000NumTrAAJ,CARRITO TRANSPORTADOR PLEGABLE,FOLDING TRANSPORTER CART,B501008C
01t4w00000NumTtAAJ,GATO HIDRAULICO,HYDRAULIC JACK,B501009C
01t4w00000NumTvAAJ,LAMPARA SEÑALIZADODRA,NEGRO+AMARILLO,B501010C
01t4w00000NumTxAAJ,SET 2 BUTACO TALLER PLEGABLE,FOLDING STOOL,H403010B
01t4w00000NumTzAAJ,CARRO PLEGABLE 2 EN 1 ESCALERA,2 IN 1 STAIR FOLDING CART,B501011C
01t4w00000NumU1AAJ,CARRO PLEGABLE 2 EN 1 ESCALERA,2 IN 1 STAIR FOLDING CART,B501012C
01t4w00000NumU3AAJ,ESCALERA EXTENSIBLE PROFESIONAL,PROFESSIONAL EXTENDABLE LADDER,B501013C
01t4w00000NumU6AAJ,ESCALERA EXTENSIBLE PROFESIONAL,PROFESSIONAL EXTENDABLE LADDER,B501015C
01t4w00000NumU8AAJ,ESCALERA EXTENSIBLE PROFESIONAL,PROFESSIONAL EXTENDABLE LADDER,B501014C
01t4w00000NumU9AAJ,ESCALERA DOMESTICA 3 NIVELES,DOMESTIC STAIRCASE 3 LEVELS,B501016C
01t4w00000NumUAAAZ,ESCALERA EXTENSIBLE PROFESIONAL,PROFESSIONAL EXTENDABLE LADDER,B501017C
01t4w00000NumUCAAZ,ESCALERA EXTENSIBLE PROFESIONAL,PROFESSIONAL EXTENDABLE LADDER,B501018C
01t4w00000NumUFAAZ,ESCALERA EXTENSIBLE PROFESIONAL,PROFESSIONAL EXTENDABLE LADDER,B501019C
01t4w00000NumUHAAZ,TABURETE ANTIDESLIZANTE PLEGABLE,WORK PLATFORM,B501020C
01t4w00000NumUJAAZ,ESCALERA EXTENSIBLE PROFESIONAL,EXTENSION,B501021C
01t4w00000NumULAAZ,MESA RESINA PLEGABLE ? 4.5 cm,6FT FOLDING HDPE TABLE,G101007Z
01t4w00000NumUNAAZ,PERCHERO ZAPATERO,HALLSTAND WITH SHELF,H313048B
01t4w00000NumUOAAZ,MESA ESCRITORIO + LIBRERO 2 NIVELES,DESK WITH SHELF,H102079B
01t4w00000NumURAAZ,ESTANTERIA 4 NIVELES,LADDER SHELF,H314104B
01t4w00000NumUTAAZ,SILLA DE COMEDOR TELA,DINNING CHAIR,H201095B
01t4w00000NumUUAAZ,SILLA DE COMEDOR TELA,DINNING CHAIR,H201096B
01t4w00000NumUVAAZ,SILLA GAMING,GAMING CHAIR,H101054B
01t4w00000NumUXAAZ,SILLA GAMING,GAMING CHAIR,H101055B
01t4w00000NumUZAAZ,SILLA GAMING,GAMING CHAIR,H101056B
01t4w00000NumUbAAJ,SILLON TELA,ARMCHAIR,H311055B
01t4w00000NumUcAAJ,SILLA GAMING,GAMING CHAIR,H101057B
01t4w00000NumUfAAJ,SILLON TELA + REPOSA PIES,CHAIR,H311054B
01t4w00000NumUgAAJ,BANCO BAR PU,BAR STOOL,H206055B
01t4w00000NumUjAAJ,SILLA COMEDOR TELA,FABRIC DINING CHAIR,H201097B
01t4w00000NumUlAAJ,SILLA COMEDOR TELA,FABRIC DINING CHAIR,H201098B
01t4w00000NumUnAAJ,SILLA COMEDOR TELA,FABRIC DINING CHAIR,H201099B
01t4w00000NumUrAAJ,SILLA DE COMEDOR TELA,DINNING CHAIR,H201100B
01t4w00000NumUsAAJ,SILLA DE COMEDOR TELA,FABRIC DINING CHAIR,H201101B
01t4w00000NumUvAAJ,SILLA DE COMEDOR TELA,DINNING CHAIR,H201102B
01t4w00000NumUzAAJ,SILLA DE COMEDOR TELA,FABRIC DINING CHAIR,H201103B
01t4w00000NumV0AAJ,SILLA DE COMEDOR TELA,DINNING CHAIR,H201104B
01t4w00000NumV1AAJ,BANCO BAR BASIC,BAR STOOL,H206056F
01t4w00000NumV3AAJ,BANCO BAR BASIC,BAR STOOL,H206057F
01t4w00000NumV5AAJ,BANCO BAR MADRID,BAR STOOL,H206058B
01t4w00000NumV7AAJ,BANCO BAR MADRID,BAR STOOL,H206059B
01t4w00000NumV9AAJ,BANCO BAR BURGOS,BAR STOOL,H206060B
01t4w00000NumVBAAZ,BANCO BAR BURGOS,BAR STOOL,H206061B
01t4w00000NumVDAAZ,BANCO BAR ABS,ABS BAR STOOL,H206062B
01t4w00000NumVFAAZ,BANCO BAR ABS,ABS BAR STOOL,H206063B
01t4w00000NumVHAAZ,BANCO BAR BASIC,BAR STOOL,H206026B
01t4w00000NumVJAAZ,BANCO BAR BASIC,BAR STOOL,H206056B
01t4w00000NumVLAAZ,BANCO BAR BASIC,BAR STOOL,H206057B
01t4w00000NumVZAAZ,BANCA RESINA PLEGABLE ? 4.5 cm,FOLDING BENCH ? 4.5 cm,G101029Z
01t4w00000NumVbAAJ,MESA RESINA PLEGABLE ? 4 cm,122 CM FOLDING TABLE,G101024Z
01t4w00000NumVdAAJ,MESA RESINA PERSONAL,FOLDING HDPE PERSONAL TABLE ADJUSTABLE,G101018Z
01t4w00000NumVeAAJ,MESA RESINA PERSONAL,FOLDING HDPE PERSONAL TABLE ADJUSTABLE,
01t4w00000NumVfAAJ,MESA RESINA PLEGABLE 152 CM,FOLDING TABLE,G101040A
01t4w00000NumVhAAJ,SET MESA + 2 BANCOS RESINA PLEGABLE,3PCS BEER TABLE SET,G101041A
01t4w00000NumVjAAJ,MESA RESINA PLEGABLE 152 CM,FOLDING TABLE,G101040Z
01t4w00000NumVlAAJ,SET MESA + 2 BANCOS RESINA PLEGABLE,3PCS BEER TABLE SET,G101041Z
01t4w00000NumVnAAJ,SILLA PLEGABLE DOBLE,FOLDING HDPE CHAIR,G101003Z
01t4w00000NumVrAAJ,BANCO BAR BASIC,BAR STOOL,H206026L
01t4w00000NumVtAAJ,BANCO BAR BASIC,BAR STOOL,H206056L
01t4w00000NumVvAAJ,BANCO BAR BASIC,BAR STOOL,H206057L
01t4w00000NumVxAAJ,BANCO BAR MADRID,BAR STOOL,H206046L
01t4w00000NumVzAAJ,BANCO BAR MADRID,BAR STOOL,H206058L
01t4w00000NumW1AAJ,BANCO BAR MADRID,BAR STOOL,H206059L
01t4w00000NumW3AAJ,BANCO BAR BURGOS,BAR STOOL,H206060L
01t4w00000NumW5AAJ,BANCO BAR BURGOS,BAR STOOL,H206033L
01t4w00000NumW7AAJ,BANCO BAR BURGOS,BAR STOOL,H206061L
01t4w00000NumW9AAJ,BANCO BAR ABS,ABS BAR STOOL,H206002L
01t4w00000NumWBAAZ,BANCO BAR ABS,ABS BAR STOOL,H206062L
01t4w00000NumWDAAZ,BANCO BAR ABS,ABS BAR STOOL,H206063L
01t4w00000NumWFAAZ,SET MESA ESCRITORIO + SILLA,SIMPLE COMPUTER DESK,H102080B
01t4w00000NumWHAAZ,SILLA PLEGABLE ECO PP,FOLDING PP CHAIR,H201015Z
01t4w00000NumWIAAZ,SILLA PLEGABLE ECO PP,FOLDING PP CHAIR,
01t4w00000NumWJAAZ,MESA RESINA IMITACION MADERA PLEGABLE,PLASTIC FOLDING TABLE WITH WOODEN LOOK,G102022Z
01t4w00000NumWLAAZ,SILLA RESINA IMITACION RATAN,FOLDING PLASTIC CHAIR,G102012Z
01t4w00000NumWNAAZ,CALENTADOR PISO CERAMICA 950W,CERAMIC FLOOR HEATER 950W,B302080C
01t4w00000NumWPAAZ,CALENTADOR PISO CERAMICA 1800W,CERAMIC FLOOR HEATER 1800W,B302081C
01t4w00000NumWRAAZ,CALENTADOR CERAMICA 600W,CERAMIC HEATER 600W,B302082C
01t4w00000NumWSAAZ,CALENTADOR CERAMICA 950W,CERAMIC HEATER 950W,B302083C
01t4w00000NumWVAAZ,CALENTADOR CERAMICA 500W,CERAMIC HEATER 500W,B302084C
01t4w00000NumWXAAZ,CALENTADOR CERAMICA 950W,CERAMIC HEATER 950W,B302085C
01t4w00000NumWZAAZ,CALENTADOR CERAMICA 1500W,CERAMIC HEATER 1500W,B302086C
01t4w00000NumWaAAJ,CALENTADOR CERAMICA ECO TERMOSTATO 2000W,ECO CERAMIC HEATER THERMOSTAT 2000W,B302088C
01t4w00000NumWcAAJ,CALENTADOR CERAMICA WIFI 1500W,WIFI CERAMIC HEATER 1500W,B302087C
01t4w00000NumWfAAJ,CALENTADOR CERAMICA ECO TERMOSTATO 2000W,ECO CERAMIC HEATER THERMOSTAT 2000W,B302089C
01t4w00000NumWhAAJ,CALENTADOR CERAMICA  2000W,CERAMIC HEATER 2000W,B302090C
01t4w00000NumWjAAJ,MESA ESCRITORIO,OFFICE DESK,H102016B
01t4w00000NumWlAAJ,SOFA CAMA,ASTURIAS SOFA BED,H301029B
01t4w00000NumWnAAJ,CUNA MULTIFUNCION,MULTINFUCTION,H313049Y
01t4w00000NumWpAAJ,SET MESA ESCRITORIO + SILLA,DESK SET,H102081B
01t4w00000NumWrAAJ,SET MESA ESCRITORIO + SILLA,DESK SET,H102082B
01t4w00000NumWtAAJ,SET MESA ESCRITORIO + SILLA,DESK SET,H102083B
01t4w00000NumWvAAJ,SET MESA ESCRITORIO + SILLA,DESK SET,H102084B
01t4w00000NumWxAAJ,SET MESA ESCRITORIO + SILLA,DESK SET,H102085B
01t4w00000NumX1AAJ,SILLA ORDENADOR,OFFICE CHAIR,H101060B
01t4w00000NumX4AAJ,SILLA ORDENADOR,OFFICE CHAIR,H101059B
01t4w00000NumX5AAJ,SILLA ORDENADOR,OFFICE CHAIR,H101061B
01t4w00000NumX7AAJ,MESA RESINA PLEGABLE ? 3.5 cm,FOLDING TABLE,G101042A
01t4w00000NumX9AAJ,MESA RESINA PLEGABLE REDONDA ? 4 cm,FOLDING ROUND TABLE,G101043A
01t4w00000NumXBAAZ,MESA RESINA PLEGABLE ? 3.5 cm,FOLDING TABLE,G101039Q
01t4w00000NumXDAAZ,MESA RESINA PLEGABLE REDONDA ? 4 cm,FOLDING ROUND TABLE,G101043Q
01t4w00000NumXFAAZ,MESA RESINA PLEGABLE ? 3.5 cm,FOLDING TABLE,G101042Q
01t4w00000NumXHAAZ,SILLA PLEGABLE PP,FOLDING PP CHAIR,H201105I
01t4w00000NumXJAAZ,SILLA PLEGABLE PP,FOLDING PP CHAIR,H201105Q
01t4w00000NumXLAAZ,SET JARDIN 4 PIEZAS,OUTDOOR SET 4 PCS,G108044A
01t4w00000NumXMAAZ,SET BISTRO WICKER,BISTRO SET WICKER,G108045A
01t4w00000NumXNAAZ,SET JARDIN 5 PIEZAS CON COJINES,OUTDOOR SET 5 PCS,G108046A
01t4w00000NumXOAAZ,GAZEBO RECTANGULAR CON CORTINAS,RECTANGULAR GAZEBO WITH CURTAINS,G106111A
01t4w00000NumXPAAZ,GAZEBO CUADRADO CON MOSQUITERA,SQUARE GAZEBO WITH MOSQUITO NET,G106112A
01t4w00000NumXQAAZ,SET BISTRO WICKER MECEDORA CON COJINES,BISTRO SET WICKER WITH CUSHION,G108047A
01t4w00000NumXRAAZ,SET SOFA EN ESQUINA + MESA POLLYWOOD,CORNER SOFA POLYWOOD WITH CUSHION,G108052A
01t4w00000NumXSAAZ,SET BISTRO WICKER CON COJINES,BISTRO SET WICKER WITH CUSHION,G108048A
01t4w00000NumXTAAZ,GAZEBO RECTANGULAR TOLDO RETRACTIL,RECTANGULAR GAZEBO RETRACTABLE AWNING,G106113A
01t4w00000NumXUAAZ,GAZEBO CUADRADO,SQUARE GAZEBO,G106114A
01t4w00000NumXVAAZ,CARPA POLIESTER HEXAGONAL CON BARRA,HEXAGONAL POLYESTER TENT WITH BAR,G106115A
01t4w00000NumXWAAZ,GAZEBO PENTAGONAL,PENTAGON GAZEBO,G106116A
01t4w00000NumXXAAZ,GAZEBO CUADRADO CON BARRAS BAR+MOSQUITERA,SQUARE GAZEBO WITH BAR+MOSQUITO NET,G106117A
01t4w00000NumXYAAZ,SET JARDIN 4 PIEZAS CON COJINES,OUTDOOR SET 4 PCS,G108049A
01t4w00000NumXZAAZ,SET COMEDOR 5 PIEZAS WICKER,OUTDOOR SET 5 PCS,G108050A
01t4w00000NumXaAAJ,SET BISTRO WICKER GIRATORIO CON COJINES,BISTRO SET WICKER WITH CUSHION,G108051A
01t4w00000NumXbAAJ,SILLON MECEDORA RATTAN CON COJIN,ROCKING CHAIR WITH CUSHION,G110014A
01t4w00000NumXcAAJ,SILLON RATTAN CON COJINES + REPOSAPIES,LEISURE CHAIR + STOOL,G110015A
01t4w00000NumXdAAJ,SET COMEDOR 5 PIEZAS,LUNCH SET 5 PCS,G108053A
01t4w00000NumXeAAJ,BANCO BAR RATTAN,BAR CHAIR,G110016A
01t4w00000NumXfAAJ,GAZEBO CUADRADO,SQUARE GAZEBO,G106118A
01t4w00000NumXgAAJ,GAZEBO RECTANGULAR CON BANCOS+MOSQUITERA,RECTANGULAR GAZEBO WITH BENCHES+MOSQUITO NET,G106119A
01t4w00000NumXhAAJ,CARPA POLIESTER DOBLE,DOUBLE POLYESTER TENT,G106120A
01t4w00000NumXiAAJ,CARPA INFANTIL CASITA,CHILDREN'S HOUSE TENT,G106121A
01t4w00000NumXjAAJ,CARPA INFANTIL CON CORTINA,CHILDREN'S TENT WITH CURTAIN,G106122A
01t4w00000NumXkAAJ,CARPA INFANTIL,CHILDREN'S TENT,G106123A
01t4w00000NumXlAAJ,COLUMPIO HAMACA CAMA,SWING HAMMOCK BED,G106126A
01t4w00000NumXmAAJ,COLUMPIO BALANCIN DOBLE TIPO GAZEBO,GAZEBO TYPE DOUBLE ROCKER SWING,G106127A
01t4w00000NumXnAAJ,COLUMPIO BALANCIN DOBLE,DOUBLE ROCKING SWING,G106129A
01t4w00000NumXoAAJ,CARPA POLIESTER SOMBRILLA,POLYESTER PARASOL TENT,G106124A
01t4w00000NumXpAAJ,COLUMPIO HAMACA CAMA CON MOSQUITERA,SWING HAMMOCK BED WITH MOSQUITO NET,G106125A
01t4w00000NumXqAAJ,COLUMPIO COLGANTE ACOLCHADO,PADDED HANGING SWING,G106128A
01t4w00000NumXrAAJ,COLUMPIO BALANCIN TRIPLE,TRIPLE ROCKING SWING,G106130A
01t4w00000NumXsAAJ,"VENTILADOR PISO 16"" 55W 3 VELOCIDADES OSCILANTE",FAN,B301011C
01t4w00000NumXtAAJ,"VENTILADOR PISO 16"" 55W",FAN,B301012C
01t4w00000NumYsAAJ,CARRITO AUXILIAR ACERO 3 NIVELES,AUXILIARY CART 3 LEVELS,H406001B
01t4w00000NumYzAAJ,CARRITO AUXILIAR METALICO 3 NIVELES,AUXILIARY CART 3 LEVELS,H406002B
01t4w00000NumZ0AAJ,CARRITO ORGANIZADOR COCINA 2 NIVELES,KITCHEN CART,H406003B
01t4w00000NumZ1AAJ,ESTANTERIA 4 NIVELES CON BARRA COCINA+GANCHOS,SHELF,H406004B
01t4w00000NumZ2AAJ,PERCHERO METAL+MADERA,METAL+WOODEN COAT RACK,H406006B
01t4w00000NumZ3AAJ,PERCHERO METAL+MADERA,COAT RACK,H406005B
01t4w00000NumZ4AAJ,ESTANTERIA BAÑO 4 NIVELES,SHELF,H406009B
01t4w00000NumZ5AAJ,PERCHERO METAL+MADERA,COAT RACK,H406007B
01t4w00000NumZ6AAJ,ESTANTERIA BAÑO WC 3 NIVELES,SHELF,H404003B
01t4w00000NumZ7AAJ,ESTANTERIA BAÑO WC 2 NIVELES,SHELF,H404004B
01t4w00000NumZ8AAJ,ESTANTERIA BAÑO WC 4 NIVELES,BATHROOM SHELF,H406010B
01t4w00000NumZ9AAJ,ESTANTERIA BAÑO WC 2 NIVELES EXTENSIBLE+PERCHERO,SHELF,H405143B
01t4w00000NumZAAAZ,ESTANTERIA BAÑO 3 NIVELES,SHELF,H406008B
01t4w00000NumZOAAZ,CARRITO AUXILIAR METALICO 3 NIVELES,AUXILIARY CART 3 LEVELS,H406011B
01t4w00000NumZPAAZ,CARRO LAVANDERIA CON RUEDAS,LAUNDRY CART WITH WHEELS,H405144B
01t4w00000NumZQAAZ,CARRITO AUXILIAR METALICO 3 NIVELES PLEGABLE,FOLDING AUXILIARY CART 3 LEVELS,H406012B
01t4w00000NumZYAAZ,ESTANTERIA LAVANDERIA 3 NIVELES,SHELF,H405145B
01t4w00000NumZZAAZ,CARRO LAVANDERIA+PERCHERO CON RUEDAS,LAUNDRY CART + COAT RACK WITH WHEELS,H405147B
01t4w00000NumZcAAJ,CARRO LAVANDERIA,LAUNDRY CART,H405146B
01t4w00000NumZdAAJ,CARRO LAVANDERIA CON RUEDAS,LAUNDRY CART WITH WHEELS,H405148B
01t4w00000NumZrAAJ,CARRITO AUXILIAR METALICO 3 NIVELES PLEGABLE,FOLDING AUXILIARY CART 3 LEVELS,H406013B
01t4w00000NumaFAAR,"(INACTIVO) VENTILADOR PISO 16"" 50W",FAN,B301013C
01t4w00000NumaGAAR,ESTANTERIA BAÑO WC 1 NIVEL+ARMARIO,ESTANTERÍA DE BAÑO,H404005B
01t4w00000NumaHAAR,APARADOR 2 CAJONES,APARADOR,H313005B
01t4w00000NumaIAAR,MESA BURO 1 CAJON,MESA DE NOCHE,H313006B
01t4w00000NumaJAAR,MESA BURO 2 CAJONES,MESA DE NOCHE,H313010B
01t4w00000NumaKAAR,APARADOR 3 CAJONES,APARADOR,H313004B
01t4w00000NumaLAAR,MESA BURO 2 CAJONES,MESA DE NOCHE,H313007B
01t4w00000NumaMAAR,GABINETE PARED CON PUERTAS,GABINETE DE PARED,H404006B
01t4w00000NumaNAAR,"VENTILADOR PISO 16"" 55W",FAN,B301014C
01t4w00000NumaOAAR,MESA BURO 3 CAJONES,MESA DE NOCHE,H313008B
01t4w00000NumaPAAR,"VENTILADOR PISO 16"" 55W",FAN,B301015C
01t4w00000NumaQAAR,MESA BURO 1 CAJON,NIGHT TABLE,H313009B
01t4w00000NumaRAAR,"VENTILADOR PISO 16"" 55W",FAN,B301016C
01t4w00000NumaSAAR,MESA BURO 3 CAJONES,MESA DE NOCHE,H313011B
01t4w00000NumaTAAR,SET DE COCINA 3 EN 1,CHEF MY KITCHEN,P301003W
01t4w00000NumaUAAR,MESA BURO 2 CAJONES,MESA DE NOCHE,H313012B
01t4w00000NumaVAAR,MESA BURO 2 CAJONES,MESA DE NOCHE,H313013B
01t4w00000NumaWAAR,SET DE HERRAMIENTAS 3 EN 1,TOOLS DELUXE TOOL SET,P301004W
01t4w00000NumaXAAR,SET DE COCINA MOCHILA,CHEF,P301005W
01t4w00000NumaYAAR,TOCADOR DE BELLEZA EN MALETÍN,BEAUTY PLAY SET,P301008W
01t4w00000NumaZAAR,SET DE HERRAMIENTAS MOCHILA,TOOLS DELUXE TOOL SET,P301006W
01t4w00000NumaaAAB,SET MASCOTA MOCHILA,THE PET SET,P301007W
01t4w00000NumabAAB,SET CHICO DE DOCTOR 3 EN 1,LITTLE DOCTOR SET,P301009W
01t4w00000NumacAAB,COCINA FAST FOOD,FAST FOOD,P301010W
01t4w00000NumadAAB,TOCADOR DE BELLEZA CORAZÓN MUSICAL,PRETTY BAUTY,P301011W
01t4w00000NumaeAAB,SET DE COCINA BÁSICO EN MALETA,CHEF COOKING,P301012W
01t4w00000NumafAAB,SET DE COCINA EN MALETÍN,KITCHEN PLAY SET,P301014W
01t4w00000NumagAAB,SET BÁSICO DE HERRAMIENTAS EN MALETÍN,TOOLS SET,P301013W
01t4w00000NumahAAB,SET DE BELLEZA CON JOYAS,BEAUTY SET,P301015W
01t4w00000NumaiAAB,"COCINA CON HORNO, LUZ Y SONIDO",KITCHEN COOK,P301016W
01t4w00000NumajAAB,SET DE COCINA GRANDE,KITCHEN SET,P301017W
01t4w00000NumakAAB,TOCADOR DE BELLEZA MUSICAL,BEAUTY,P301018W
01t4w00000NumalAAB,SET GRANDE SUPERMERCADO CON CANASTA,MARKET SET,P301019W
01t4w00000NumamAAB,SET DE HERRAMIENTAS CHICO,TOOLS,P301020W
01t4w00000NumanAAB,TOCADOR DE BELLEZA CON BANCO,GLAMOR MIRROR,P301021W
01t4w00000NumaoAAB,BOLICHE GRANDE 12 PZAS,BOWLING,P101022W
01t4w00000NumapAAB,CARRITO SUPERMERCADO 3 EN 1 CON ACCESORIOS,SHOPPING CART SET,P301022W
01t4w00000NumaqAAB,BOLICHE MEDIANO 7 PZAS,BOWLING,P101023W
01t4w00000NumarAAB,"VENTILADOR PISO 16"" 55W",FAN,B301017C
01t4w00000NumasAAB,"VENTILADOR PISO 16"" 45W 3 VELOCIDADES",FAN,B301018C
01t4w00000NumatAAB,"VENTILADOR PISO 16"" 45W 3 VELOCIDADES",FAN,B301019C
01t4w00000NumauAAB,"VENTILADOR SOBREMESA 16"" 55W 3 VELOCIDADES",FAN,B301020C
01t4w00000NumavAAB,"VENTILADOR PISO 16"" 55W 3 VELOCIDADES LED DISPLAY OSCILANTE",FAN,B301023C
01t4w00000NumawAAB,"VENTILADOR PISO 12"" 20W 3 TIPOS VIENTOS OSCILANTE",FAN,B301024C
01t4w00000NumaxAAB,"(INACTIVO) VENTILADOR SOBREMESA 12"" 55W 3 VELOCIDADES",FAN,B301021C
01t4w00000NumayAAB,"VENTILADOR PISO 16"" 55W 3 VELOCIDADES+3 TIPOS VIENTOS",FAN,B301022C
01t4w00000NumazAAB,"VENTILADOR PISO 14"" 20W 3 TIPOS VIENTO OSCILANTE",FAN,B301025C
01t4w00000Numb0AAB,BOLICHE GRANDE 7 PZAS,BOWLING,P101024W
01t4w00000Numb1AAB,BOLICHE CHICO  7 PZAS,BOWLING,P101025W
01t4w00000Numb2AAB,SET DE DIBUJO NIÑA,PAINTING BACKPACK,P202001W
01t4w00000Numb3AAB,PIZARRA MÁGICA BÁSICA,DRAWING BOARD,P202004W
01t4w00000Numb4AAB,BOLICHE GRANDE 12 PZAS,BOWLING,P101026W
01t4w00000Numb5AAB,BOLICHE 7 PZAS,BOWLING,P101027W
01t4w00000Numb6AAB,SET DE DIBUJO NIÑO,PAINTING BACKPACK,P202002W
01t4w00000Numb7AAB,"VENTILADOR DE PIE DE 18"", 3 EN 1","STAND FAN 18"", 3 IN 1",B301026D
01t4w00000Numb8AAB,PIZARRA MÁGICA SELVA,DRAWING BOARD,P202003W
01t4w00000Numb9AAB,"VENTILADOR PISO 16"" 60W",FAN,B301027C
01t4w00000NumbAAAR,"VENTILADOR PISO 16"" 60W",FAN,B301029C
01t4w00000NumbBAAR,"VENTILADOR PISO 16"" 60W",FAN,B301030C
01t4w00000NumbCAAR,MESA DOBLE DE DIBUJO,ART CENTER,P202005W
01t4w00000NumbDAAR,PIZARRA LIBRO,DRAWING BOOK,P202007W
01t4w00000NumbEAAR,MESA CON PIZARRA,LEARNING EASEL,P202009W
01t4w00000NumbFAAR,"VENTILADOR INDUSTRIAL 16"" 90W",FAN,B301031C
01t4w00000NumbGAAR,"VENTILADOR PISO 16"" 60W",FAN,B301028C
01t4w00000NumbHAAR,"VENTILADOR SOBREMESA AJUSTABLE 4"" 15W",FAN,B301033C
01t4w00000NumbIAAR,"VENTILADOR SOBREMESA 10"" 40W",FAN,B301034C
01t4w00000NumbJAAR,SET DE DIBUJO BÁSICO,DRAWING BOARD,P202006W
01t4w00000NumbKAAR,MESA DE DIBUJO BÁSICA,LEARNING EASEL,P202008W
01t4w00000NumbLAAR,"VENTILADOR SOBREMESA 9"" 25W",FAN,B301032C
01t4w00000NumbMAAR,SILLA PLAYA,BEACH CHAIR,G501001A
01t4w00000NumbNAAR,"VENTILADOR INDUSTRIAL 20"" 120W CON RUEDAS",FAN,B301035C
01t4w00000NumbOAAR,SILLA PLAYA,BEACH CHAIR,G501002A
01t4w00000NumbPAAR,"VENTILADOR INDUSTRIAL 14"" 45W",FAN,B301036C
01t4w00000NumbQAAR,"VENTILADOR TORRE 12"" 15W LED 2 VELOCIDADES OSCILANTE",FAN,B301038C
01t4w00000NumbRAAR,"VENTILADOR DE ESCRITORIO DE 12"", 3 ASPAS","DESK FAN 12"", 3 BLADES",B301044C
01t4w00000NumbSAAR,SILLA PLAYA CON REPOSAPIES,BEACH CHAIR,G501003A
01t4w00000NumbTAAR,"VENTILADOR NEBULIZADOR 16"" 100W",FAN,B301037C
01t4w00000NumbUAAR,SILLA PLAYA,BEACH CHAIR,G501004A
01t4w00000NumbWAAR,SILLA PLAYA,BEACH CHAIR,G501005A
01t4w00000NumbXAAR,"VENTILADOR TORRE 31"" 60W LED 3 VELOCIDADES OSCILANTE",FAN,B301039C
01t4w00000NumbYAAR,SILLA PLAYA,BEACH CHAIR,G501006A
01t4w00000NumbZAAR,"VENTILADOR TORRE 31"" 60W LED 3 VELOCIDADES OSCILANTE",FAN,B301040C
01t4w00000NumbaAAB,SILLA PLAYA CON BOLSA NEVERA,BEACH CHAIR WITH COOLER BAG,G501007A
01t4w00000NumbbAAB,SILLA PLEGABLE CAMPING,CAMPING CHAIR,G602001A
01t4w00000NumbcAAB,VENTILADOR DE TORRE DE 43 PULGADAS CON CONTROL REMOTO.,"TOWER FAN 43 INCH, REMOTE CONTROL",B301041C
01t4w00000NumbdAAB,"VENTILADOR TORRE 40"" 45W LED 3 VELOCIDADES OSCILANTE",FAN,B301042C
01t4w00000NumbkAAB,"(INACTIVO) VENTILADOR PISO 12"" 2000W",FAN,B301043C
01t4w00000NumboAAB,SILLA PLEGABLE CAMPING,CAMPING CHAIR,G602002A
01t4w00000NumbrAAB,SILLA PLEGABLE CAMPING,CAMPING CHAIR,G602003A
01t4w00000NumbsAAB,SILLA PLEGABLE CAMPING CON NEVERA,CAMPING CHAIR,G602004A
01t4w00000NumbxAAB,"(INACTIVO) VENTILADOR SOBREMESA 12"" 35W",FAN,B301045C
01t4w00000NumbyAAB,"(INACTIVO) VENTILADOR PARED 16"" 40W",FAN,B301046C
01t4w00000Numc0AAB,SILLA PLAYA RECLINABLE,BEACH CHAIR,G501009A
01t4w00000Numc1AAB,SILLA PLEGABLE CAMPING CON RESPALDO+NEVERA,CAMPING CHAIR WITH COOLER BAG,G602005A
01t4w00000Numc2AAB,SILLA PLAYA,BEACH CHAIR,G501010A
01t4w00000Numc5AAB,SILLA PLAYA,BEACH CHAIR,G501011A
01t4w00000Numc6AAB,SILLA PLAYA,BEACH CHAIR,G501012A
01t4w00000Numc7AAB,SILLA PLAYA,BEACH CHAIR,G501013A
01t4w00000Numc8AAB,SILLA PLAYA CON COJIN,BEACH CHAIR,G501016A
01t4w00000Numc9AAB,NEVERA PORTATIL PLAYA,COOLER BEACH BAG,G501014A
01t4w00000NumcAAAR,SILLA PLAYA,BEACH CHAIR,G501015A
01t4w00000NumcBAAR,SILLA PLAYA RECLINABLE CON COJIN,BEACH CHAIR,G501017A
01t4w00000NumcCAAR,SILLA PLAYA,BEACH CHAIR,G501018A
01t4w00000NumcDAAR,TUMBONA INFANTIL PLEGABLE PLAYA,KID BEACH LOUNGE,G111013A
01t4w00000NumcEAAR,SILLA PLAYA ACOLCHADA,BEACH CHAIR,G501019A
01t4w00000NumcFAAR,TUMBONA PLAYA,BEACH LOUNGE,G501020A
01t4w00000NumcGAAR,SILLA COMEDOR ALUMINIO TEXTILENO,CHAIR TEXTILENE,G110017A
01t4w00000NumcHAAR,SILLA INFANTIL PLAYA,KID BEACH CHAIR,G110018A
01t4w00000NumcIAAR,TUMBONA PLAYA CON COJIN,BEACH LOUNG,G501021A
01t4w00000NumcJAAR,MESA JARDIN REDONDA,TABLE GLASS,G109006A
01t4w00000NumcKAAR,SILLA PLAYA RECLINABLE CON COJIN,GRAVITY CHAIR,G501022A
01t4w00000NumcLAAR,COLUMPIO BALANCIN DOBLE INFANTIL,SWING CHAIR,G111011A
01t4w00000NumcMAAR,COLUMPIO BALANCIN TRIPLE,SWING CHAIR,G111012A
01t4w00000NumcNAAR,SILLA INFANTIL PLAYA,KID BEACH CHAIR,G501024A
01t4w00000NumcOAAR,SILLA INFANTIL PLAYA,KID BEACH CHAIR,G501023A
01t4w00000NumcPAAR,SET INFANTIL 5 PIEZAS TEXTILENO CON SOMBRILLA,SET KID TABLE AND CHAIRS + UMBRELLA,G108054A
01t4w00000NumcaAAB,TUMBONA INFANTIL PLEGABLE PLAYA,KID BEACH LOUNGE,G111014A
01t4w00000NumdJAAR,SET DE BELEZA PORTABLE EN MALETA,3 IN 1 DRESSING TABLE IN A TROLLEY CASE,P301023W
01t4w00000NumdKAAR,SET MÉDICO CON MALETÍN,3 IN 1 DOCTOR SET  IN A TROLLEY CASE,P301024W
01t4w00000NumdQAAR,SET DE COCINA MEDIANO PORTABLE,Kitchen play set in suitcase,P301025W
01t4w00000NumdTAAR,SET DE HERRAMIENTAS EN MALETÍN,Tool play set in suitcase,P301026W
01t4w00000NumdUAAR,SET DE COCINA MEDIANO,Kitchen trolley (can assemble to 3styles),P301028W
01t4w00000NumdYAAR,SET DE HERRAMIENTAS MEDIANO,TOOL TROLLEY (can assemble to 3styles),P301027W
01t4w00000NumdZAAR,COLUMPIO DOBLE,SWING FOR TWO CHILDEN,P101036W
01t4w00000NumdfAAB,SET DE HERRAMIENTAS ROJO,TOOL SET (include electric drill),P301029W
01t4w00000NumdmAAB,CANASTA DE BÁSQUETBOL CHICA,FLOOR TO DOOR BASKETBALL SET,P101028W
01t4w00000NumdoAAB,CANASTA DE BÁSQUETBOL CON BALÓN,BASKETBALL SET,P101029W
01t4w00000NumdyAAB,ARCO CON FLECHAS Y DIANA,ARCHERY SET,P101030W
01t4w00000Nume5AAB,ARCO Y FLECHAS CON BASE,ARCHERY SET,P101031W
01t4w00000Nume6AAB,COLUMPIO LLANTA,SWING,P101034W
01t4w00000Nume7AAB,"PATINES 7"" A 8.5""",SKATE SHOES,P102001W
01t4w00000Nume9AAB,ARCO CON FLECHAS,Archery set,P101032W
01t4w00000NumeAAAR,COLUMPIO BÁSICO,SWINGS (6 PCS),P101035W
01t4w00000NumeDAAR,COLUMPIO SILLA,SWING,P101033W
01t4w00000NumeGAAR,"PATINES 7"" A 8.5""",SKATE SHOES,P102002W
01t4w00000NumeHAAR,PATINES PREESCOLARES,SKATE SHOES,P102003W
01t4w00000NumeIAAR,"PATINES 7"" A 8.5""",SKATE SET,P102004W
01t4w00000NumeJAAR,BANCO RATTAN,STEEL PE Rattan Chair,G110019A
01t4w00000NumeKAAR,"PATINES PREESCOLARES 7"" A 8""",SKATE SHOES,P102005W
01t4w00000NumeLAAR,"PATINES 6"" A 8.5""",SKATE SHOES,P102006W
01t4w00000NumeMAAR,MESA APRENDIZAJE CON PIZARRA ROJA,LEARNING DESK(black and wihte board),P202013W
01t4w00000NumeNAAR,BLOQUES BÁSICOS PLASTICO,BUILDING BLOCKS,P605037W
01t4w00000NumeOAAR,MESA CON PIZARRA Y BANCO NIÑO,LEARNING DESK,P202016W
01t4w00000NumePAAR,PORTERÍA,Football door,P101037W
01t4w00000NumeQAAR,SET FUTBOL,REFLEX SOCCER PLAY SET,P101038W
01t4w00000NumeRAAR,JUEGO DE TIRO CON DISCOS,Toss bowling game (include 4 bags),P101039W
01t4w00000NumeSAAR,JUEGO DE TIRO CON AROS,RING TOSS,P101041W
01t4w00000NumeTAAR,JUEGO DE TIRO CON CANASTAS,Toss game tree (include 6 bags),P101040W
01t4w00000NumeUAAR,MISIL SPORT,"10"" PU MISSILE",P101042W
01t4w00000NumeVAAR,PIZARRA CHICA,Colorful Drawing board,P202010W
01t4w00000NumeWAAR,SET DE BALONES,3 in 1 PU BALLS SET,P101043W
01t4w00000NumeXAAR,PIZARRA MÁGICA PEZ,Colorful Drawing board,P202011W
01t4w00000NumeYAAR,PIZARRA EN MALETÍN,THE SUITCASE 2 IN 1 Fluorescent writing board,P202012W
01t4w00000NumeZAAR,PIZARRA GRANDE,Magnetic colorfual Drawing board,P202014W
01t4w00000NumeaAAB,MESA CON PIZARRA ROSA,LEARNING DESK,P202015W
01t4w00000NumecAAB,MESA DE BILLAR,BILLIARDS,P101044W
01t4w00000NumedAAB,MESA DE HOCKEY,ICE HOCKEY,P101045W
01t4w00000NumfGAAR,SILLA COMEDOR RATAN,STEEL PE Rattan Chair,G110020A
01t4w00000NumfRAAR,BANCO RATTAN,STEEL PE Rattan SOFA,G110021A
01t4w00000NumfWAAR,SILLA COMEDOR ALUMINIO RATTAN,STEEL PE Rattan Chair,G110022A
01t4w00000NumfXAAR,PERCHERO ORGANIZADOR 3 NIVELES,3 LEVEL ORGANIZER COAT RACK,H406014B
01t4w00000NumfYAAR,SILLA COMEDOR RATTAN CON COJIN,STEEL Rope Chair,G110023A
01t4w00000NumffAAB,SILLA COMEDOR,STEEL Rope Chair,G110024A
01t4w00000NumfkAAB,ESTANTERIA 4 NIVELES,4 LEVEL SHELF,H406015B
01t4w00000NumfmAAB,ESTANTERIA 4 NIVELES,4 LEVEL SHELF,H406016B
01t4w00000NumfnAAB,ESTANTERIA 4 NIVELES,4 LEVEL SHELF,H406017B
01t4w00000NumfoAAB,MESA ESCRITORIO + LIBRERO 4 NIVELES,DESK TABLE + 4 LEVEL BOOKCASE,H102038B
01t4w00000NumfpAAB,MESA ESCRITORIO + LIBRERO 1 NIVEL,OFFICE DESK,H102039B
01t4w00000NumfqAAB,PERCHERO ORGANIZADOR 2 NIVELES,2 LEVEL ORGANIZER COAT RACK,H406018B
01t4w00000NumfrAAB,MESA LATERAL AUXILIAR,SIDE TABLE,H312026B
01t4w00000NumfwAAB,ESTANTERIA 4 NIVELES,4 LEVEL SHELF,H314014B
01t4w00000NumfxAAB,ESTANTERIA 3 NIVELES,SHELF,H314015B
01t4w00000NumfyAAB,BANCO BAR ACERO,BAR STOOL,H206053B
01t4w00000NumfzAAB,ESTANTERIA 4 NIVELES ORGANIZADOR VASOS+VINO,SHELF,H212001B
01t4w00000Numg0AAB,ESTANTERIA 4 NIVELES,SHELF,H314016B
01t4w00000Numg1AAB,BANDEJA LAPTOP,LAPTOP TABLE,H104070B
01t4w00000Numg2AAB,SET MESAS AUXILIARES 3 PIEZAS,COFFEE TABLE SET,H312027B
01t4w00000Numg3AAB,APARADOR 1 CAJON,1 DRAWER SIDEBOARD,H102040B
01t4w00000Numg4AAB,ESTANTERIA 5 NIVELES ORGANIZADOR VASOS,SHELF,H212002B
01t4w00000Numg5AAB,ESTANTERIA 6 NIVELES ORGANIZADOR VINO,SHELF,H212003B
01t4w00000Numg6AAB,ESTANTERIA 3 NIVELES,SHELF,H314017B
01t4w00000Numg7AAB,CAJONERA 2 NIVELES + 2 ESTANTES,DRAWER CABINET 2 LEVELS + 2 SHELVES,H313015B
01t4w00000Numg8AAB,CAJONERA 4 NIVELES,4 LEVEL DRAWER CABINET,H313016B
01t4w00000Numg9AAB,CAJONERA 5 NIVELES,5 LEVEL DRAWER CABINET,H313017B
01t4w00000NumgAAAR,PERCHERO ORGANIZADOR DOBLE,DOUBLE ORGANIZER RACK,H406019B
01t4w00000NumgBAAR,ORGANIZADOR ZAPATOS 4 NIVELES,SHOE ORGANIZER SHELF,H406020B
01t4w00000NumgCAAR,ORGANIZADOR ZAPATOS 2 NIVELES,SHOE ORGANIZER SHELF,H406022B
01t4w00000NumgDAAR,ORGANIZADOR ZAPATOS 4 NIVELES DOBLE,SHOE ORGANIZER SHELF,H406021B
01t4w00000NumgEAAR,ORGANIZADOR ZAPATOS 3 NIVELES,SHOE ORGANIZER SHELF,H406023B
01t4w00000NumgFAAR,CAJA ORGANIZADOR,ORGANIZER BOX,H406025B
01t4w00000NumgGAAR,ORGANIZADOR ROPA,ORGANIZER BOX,H406024B
01t4w00000NumgHAAR,CAJA ORGANIZADOR,ORGANIZER BOX,H406026B
01t4w00000NumgIAAR,CESTO LAVANDERIA,LAUNDRY BASKET,H406027B
01t4w00000NumgJAAR,ORGANIZADOR ZAPATOS COLGANTE 10 NIVELES,ORGANIZER,H406029B
01t4w00000NumgKAAR,ORGANIZADOR ZAPATOS COLGANTE 6 NIVELES,ORGANIZER,H406028B
01t4w00000NumgLAAR,CAJA ORGANIZADOR,ORGANIZER BOX,H406030B
01t4w00000NumgMAAR,CAJA ORGANIZADOR,ORGANIZER BOX,H406031B
01t4w00000NumgNAAR,CAJA ORGANIZADOR,ORGANIZER BOX,H406032B
01t4w00000NumgOAAR,TRONA,WOODEN TOY,P301030W
01t4w00000NumgPAAR,CUNA,WOODEN TOY,P301031W
01t4w00000NumgQAAR,CUNA,WOODEN TOYS,P301032W
01t4w00000NumgRAAR,PIZARRA,WOODEN TOYS,P301033W
01t4w00000NumgSAAR,DOMINO LETRAS,WOODEN TOYS,P602006W
01t4w00000NumgTAAR,MUÑECA BÁSICA CON ACCESORIOS,"DOLL SET,W/MUSIC",P402001W
01t4w00000NumgUAAR,MUÑECA CON ACCESORIOS,"DOLL SET,W/MUSIC, W/OUT 3*AAA BATTERY,  W.BX",P402002W
01t4w00000NumgVAAR,MUÑECA CON ACCESORIOS Y VESTIDOS,"DOLL SET, W/MUSIC, W/OUT 3*AAA BATTERY,  W.BX",P402003W
01t4w00000NumgWAAR,MUÑECA CON ACCESORIOS,"DOLL W/DOCTOR SET, W/MUSIC, W/OUT 3*AAA BATTERY,  W.BX",P402004W
01t4w00000NumgXAAR,MUÑECA CON ACCESORIOS COCINA,"DOLL W/KITCHEN SET,  W/MUSIC & LIGHT , W/OUT 3*AAA BATTERY, W.BX",P402005W
01t4w00000NumgYAAR,MUÑECA CON ACCESORIOS MÉDICO,"DOLL W/DOCTOR SET, W/MUSIC & LIGHT, W/OUT BATTERY,  W.BX",P402006W
01t4w00000NumgZAAR,MUÑECA CON ACCESORIOS HELADOS,"DOLL W/DESSERT SET, W/MUSIC & LIGHT, W/OUT BATTERY,  W.BX",P402007W
01t4w00000Numh2AAB,MUÑECAS EN MINIATURA COLECCIONABLES FASHION,students style doll  ?9 different kinds  ),P401001W
01t4w00000Numi2AAB,MUÑECAS EN MINIATURA COLECCIONABLES,lovely style (12 different kinds miexed ),P401002W
01t4w00000Numi6AAB,MUÑECAS EN MINIATURA COLECCIONABLES FRUTAS,fruits doll  ? 8 different kinds fruit,P401003W
01t4w00000NumiPAAR,MUÑECAS EN MINIATURA COLECCIONABLES ANIMALITOS,animal style (12 different kinds miexed ),P401004W
01t4w00000NumiQAAR,MUÑECAS COLECCIONABLES CON SOMBRILLA,Retro series,P401005W
01t4w00000NumiZAAR,MUÑECAS COLECCIONABLES,Retro series,P401006W
01t4w00000NumiaAAB,MUÑECAS COLECCIONABLES,Retro series,P401007W
01t4w00000NumiiAAB,MUÑECAS COLECCIONABLES,Retro series,P401008W
01t4w00000NumikAAB,MUÑECAS COLECCIONABLES BRUJITA,Retro series,P401009W
01t4w00000NumilAAB,MUÑECAS COLECCIONABLES,New year style,P401010W
01t4w00000NumjJAAR,MUÑECAS COLECCIONABLES,Profession series,P401011W
01t4w00000NumjKAAR,MUÑECAS COLECCIONABLES ARTE,Profession series,P401012W
01t4w00000NumjLAAR,MUÑECAS COLECCIONABLES,Profession series,P401013W
01t4w00000NumjMAAR,MUÑECAS COLECCIONABLES TRENSAS,Profession series,P401014W
01t4w00000NumjNAAR,MUÑECAS COLECCIONABLES CHEF,Profession series,P401015W
01t4w00000NumjOAAR,"MUÑECAS COLECCIONABLES ""SAILOR""",Profession series,P401016W
01t4w00000NumjPAAR,MUÑECAS COLECCIONABLES SHARK,Fluffy series,P401020W
01t4w00000NumjQAAR,MUÑECAS COLECCIONABLES MÉDICO,Profession series,P401017W
01t4w00000NumjRAAR,MUÑECAS COLECCIONABLES ENFERMERA,Profession series,P401018W
01t4w00000NumjSAAR,MUÑECAS COLECCIONABLES,Profession series,P401019W
01t4w00000NumjTAAR,BANCO INFANTIL ANIMAL,ANIMAL CHILDREN'S BENCH,H311022B
01t4w00000NumjUAAR,BANCO INFANTIL ANIMAL CON ALMACENAJE,ANIMAL CHILDREN'S BENCH WITH STORAGE,H311023B
01t4w00000NumjVAAR,BANCO INFANTIL ANIMAL,ANIMAL CHILDREN'S BENCH,H311024B
01t4w00000NumjWAAR,BANCO INFANTIL ANIMAL CON ALMACENAJE,ANIMAL CHILDREN'S BENCH WITH STORAGE,H311025B
01t4w00000NumjXAAR,BANCO INFANTIL ANIMAL,ANIMAL CHILDREN'S BENCH,H311026B
01t4w00000NumjYAAR,BANCO INFANTIL ANIMAL,ANIMAL CHILDREN'S BENCH,H311027B
01t4w00000NumjZAAR,BANCO INFANTIL ANIMAL CON ALMACENAJE,ANIMAL CHILDREN'S BENCH WITH STORAGE,H311028B
01t4w00000NumjaAAB,BANCO INFANTIL ANIMAL CON ALMACENAJE,ANIMAL CHILDREN'S BENCH WITH STORAGE,H311029B
01t4w00000NumjbAAB,CALENTADOR PISO 400/800/1200/1600W OSCILANTE,CALENTADOR HALÓGENO,B302055C
01t4w00000NumjcAAB,BANCO INFANTIL ANIMAL,ANIMAL CHILDREN'S BENCH,H311030B
01t4w00000NumjdAAB,CALENTADOR PISO 400/800/1200/1600W OSCILANTE CONTROL REMOTO,CALENTADOR HALÓGENO,B302056C
01t4w00000NumjeAAB,CALENTADOR PISO 400/800/1200/1600W OSCILANTE,FLOOR HEATER 400/800/1200/1600W OSCILLATING,B302057C
01t4w00000NumjfAAB,CALENTADOR PISO 400/800/1200W OSCILANTE,CALENTADOR HALÓGENO,B302059C
01t4w00000NumjgAAB,ORGANIZADOR ESCRITORIO 2 CAJONES BAMBÚ,BAMBOO DESK ORGANIZER,H104071B
01t4w00000NumjhAAB,CALENTADOR PISO 400/800/1200W OSCILANTE,CALENTADOR HALÓGENO,B302058C
01t4w00000NumjiAAB,CALENTADOR PISO 400/800/1200W OSCILANTE,CALENTADOR HALÓGENO,B302060C
01t4w00000NumjjAAB,CALENTADOR PISO 400/800/1200W OSCILANTE,FLOOR HEATER 400/800/1200W OSCILLATING,B302061C
01t4w00000NumjlAAB,CALENTADOR CARBONO 500/1000W OSCILANTE,CALENTADOR DE CARBONO,B302063C
01t4w00000NumjmAAB,CALENTADOR CARBONO 1500W PORTATIL CONTROL REMOTO,CALENTADOR DE CARBONO,B302064C
01t4w00000NumjnAAB,RADIADOR ACEITE 1000W,1000W OIL RADIATOR,B302066C
01t4w00000NumjoAAB,RADIADOR ACEITE 2000W CON RUEDAS,2000W OIL RADIATOR WITH WHEELS,B302065C
01t4w00000NumjpAAB,RADIADOR ACEITE 600W,RADIADOR DE ACEITE,B302067C
01t4w00000NumjqAAB,RADIADOR ACEITE 2000W CON RUEDAS,RADIADOR DE ACEITE,B302068C
01t4w00000NumjrAAB,RADIADOR ACEITE 2000W PANTALLA LCD CON RUEDAS,2000W OIL RADIATOR LCD SCREEN WITH WHEELS,B302069C
01t4w00000NumjsAAB,CALENTADOR PATIO 650/1350/2000W PARED/LATERAL,CALENTADOR DE PATIO,B302073C
01t4w00000NumjtAAB,CALENTADOR BAÑO PARED 1000/2000W,CALENTADOR DE BAÑO,B302070C
01t4w00000NumjuAAB,CALENTADOR BAÑO PARED/SOBREMESA 2000W,CALENTADOR DE BAÑO,B302071C
01t4w00000NumjvAAB,CALENTADOR PATIO 650/1350/2000W PISO/LATERAL,PATIO HEATER 650/1350/2000W FLOOR/SIDE,B302072C
01t4w00000NumjwAAB,CALENTADOR PATIO 900/1500W PISO/SETA,CALENTADOR DE PATIO,B302074C
01t4w00000NumjxAAB,CALENTADOR PATIO 900/1500W COLGANTE,CALENTADOR DE PATIO,B302075C
01t4w00000NumjyAAB,RADIADOR LIBRE ACEITE 1500W CON RUEDAS,1500W OIL FREE RADIATOR WITH WHEELS,B302076C
01t4w00000NumjzAAB,RADIADOR LIBRE ACEITE 1500W DISPLAY LCD CON RUEDAS,OIL FREE RADIATOR 1500W LCD DISPLAY WITH WHEELS,B302077C
01t4w00000Numk0AAB,RADIADOR LIBRE ACEITE 600W,OIL FREE RADIATOR 600W,B302078C
01t4w00000Numk1AAB,ESTRUCTURA CAMA,BASE CON CABECERA MAJESTIC,H313018B
01t4w00000Numk2AAB,MESA BURO 1 CAJON,BURÓ MAJESTIC,H313019B
01t4w00000Numk3AAB,CLOSET MAJESTIC,CLOSET MAJESTIC,H313020B
01t4w00000Numk4AAB,CÓMODA 5 CAJONES MAJESTIC,CÓMODA 5 CAJONES MAJESTIC,H313021B
01t4w00000Numk5AAB,ESPEJO MAJESTIC,ESPEJO MAJESTIC,H313022B
01t4w00000Numk6AAB,CÓMODA 6 CAJONES MAJESTIC,CÓMODA 6 CAJONES MAJESTIC,H313023B
01t4w00000Numk7AAB,CENTRO ENTRETENIMIENTO 1 CAJON,CENTRO DE ENTRETENIMIENTO NOBILITY,H312028B
01t4w00000Numk8AAB,CENTRO ENTRETENIMIENTO 2 CAJONES,CENTRO DE ENTRETENIMIENTO NOBILITY,H312029B
01t4w00000Numk9AAB,MESA AUXILIAR 1 CAJON,MESA DE CENTRO NOBILITY,H312030B
01t4w00000NumkAAAR,MESA AUXILIAR 1 CAJON,MESA AUXILIAR NOBILITY,H312031B
01t4w00000NumkBAAR,APARADOR 4 PUERTAS,APARADOR NOBILITY,H312032B
01t4w00000NumkCAAR,CENTRO ENTRETENIMIENTO 2 CAJONES,CENTRO DE ENTRETENIMIENTO JENOME,H312033B
01t4w00000NumkDAAR,MESA AUXILIAR 2 CAJONES,MESA DE CENTRO JENOME,H312034B
01t4w00000NumkEAAR,SILLÓN GIRATORIO INFANTIL,Swivel Kids Armchair,H309042B
01t4w00000NumkFAAR,MESA BURO 2 CAJONES,BURÓ JENOME,H312035B
01t4w00000NumkGAAR,CENTRO ENTRETENIMIENTO 3 CAJONES,CENTRO DE ENTRETENIMIENTO SIMONA,H312038B
01t4w00000NumkHAAR,MESA AUXILIAR 2 CAJONES,MESA DE CENTRO SIMONA,H312039B
01t4w00000NumkIAAR,APARADOR 2 PUERTAS,APARADOR JENOME,H312036B
01t4w00000NumkJAAR,APARADOR 2 PUERTAS,APARADOR JENOME,H312037B
01t4w00000NumkKAAR,MESA BURO 2 CAJONES,BURÓ SIMONA,H312040B
01t4w00000NumkLAAR,SILLÓN CON RESPALDO ALTO,Kids High back Chair,H309043B
01t4w00000NumkMAAR,CENTRO ENTRETENIMIENTO 3 CAJONES,APARADOR SIMONA,H312041B
01t4w00000NumkNAAR,SILLON + OTTOMAN INFANTIL,Kids Armchair with Ottoman,H309044B
01t4w00000NumkOAAR,SILLON INFANTIL,Kids Armchair,H309045B
01t4w00000NumkPAAR,CÓMODA SIMONA,CÓMODA SIMONA,H312042B
01t4w00000NumkQAAR,BANCO INFANTIL,Kids Armchair,H309046B
01t4w00000NumkRAAR,SILLON INFANTIL,Kids Armchair,H309048B
01t4w00000NumkSAAR,APARADOR SIMONA,APARADOR SIMONA,H312043B
01t4w00000NumkTAAR,SOFÁ INFANTIL,2 Seater Kids Sofa,H309047B
01t4w00000NumkUAAR,SILLON INFANTIL NIÑA,Full foam kids sofa,H309049B
01t4w00000NumkVAAR,SILLON INFANTIL NIÑO,Full foam kids sofa,H309050B
01t4w00000NumkWAAR,SILLON INFANTIL+SOFA TRANSFORMER,3 IN 1 Full Foam foldable sofa chair,H309051B
01t4w00000NumkXAAR,SILLON INFANTIL+MESA TRANSFORMER,Storage Chair and Table set,H309052B
01t4w00000NumktAAB,MUÑECAS COLECCIONABLES,Fluffy series,P401021W
01t4w00000NumkuAAB,MUÑECAS COLECCIONABLES PASTORCITA,Pastoral series,P401023W
01t4w00000NumkwAAB,MUÑECAS COLECCIONABLES DISFRAZ,Fluffy series,P401022W
01t4w00000Numl5AAB,MUÑECAS COLECCIONABLES CANASTA,Pastoral series,P401024W
01t4w00000Numl6AAB,MUÑECAS COLECCIONABLES,Pastoral series,P401026W
01t4w00000Numl9AAB,MUÑECAS COLECCIONABLES FRUTA,Pastoral series,P401025W
01t4w00000NumlAAAR,MUÑECAS COLECCIONABLES CAMPO,Leisour series,P401027W
01t4w00000NumlBAAR,MUÑECAS COLECCIONABLES,Leisour series,P401030W
01t4w00000NumlCAAR,MUÑECAS COLECCIONABLES,Leisour series,P401028W
01t4w00000NumlDAAR,MUÑECAS COLECCIONABLES BANANA,Leisour series,P401031W
01t4w00000NumlEAAR,MUÑECAS COLECCIONABLES,Princess series,P401033W
01t4w00000NumlFAAR,MUÑECAS COLECCIONABLES,Leisour series,P401029W
01t4w00000NumlGAAR,MUÑECAS COLECCIONABLES PRINCESA,Princess series,P401034W
01t4w00000NumlHAAR,MUÑECAS COLECCIONABLES PRINCESA ROSA,Princess series,P401032W
01t4w00000NumlIAAR,MUÑECAS COLECCIONABLES DE VIAJE,Couple set,P401038W
01t4w00000NumlJAAR,MUÑECAS COLECCIONABLES LLUVIA,Banggu,P401035W
01t4w00000NumlKAAR,MUÑECAS COLECCIONABLES SPORT,Banggu,P401036W
01t4w00000NumlLAAR,MUÑECAS COLECCIONABLES INVIERNO,Couple set,P401037W
01t4w00000NumlQAAR,MUÑECAS COLECCIONABLES BUENAS NOCHES,Couple set,P401039W
01t4w00000NumlRAAR,MUÑECAS COLECCIONABLES CORAZONES,Gift set with bag,P401041W
01t4w00000NumlTAAR,MUÑECAS COLECCIONABLES OSITO,Gift set with bag,P401040W
01t4w00000NumliAAB,MASCARILLA AUTOFILTRANTE FFP2/KN95,FFP2/KN95 MASK,B403001X
01t4w00000NumljAAB,TIRANOSAURIO REX 62,OVERSIZED TYRANNOSAURUS REX,P405001X
01t4w00000NumlkAAB,VELOCIRAPTOR 62,OVERSIZED RAPTOR,P405002W
01t4w00000NumllAAB,CAMOTAURUS,21 INCH CAMOTAURUS,P405003W
01t4w00000NumlmAAB,TIRANOSAURIO REX 42,BIG SIZE TYRANNOSAURUS,P405004W
01t4w00000NumlnAAB,SET DE DINOSAURIOS,SOLID DINOSAUR 2 ITEMS MIXED,P405005W
01t4w00000NumloAAB,SET DE DINOSAURIOS MEDIANO,SOLID DINOSAUR 2 ITEMS MIXED,P405006W
01t4w00000NumlpAAB,TIRANOSAURIO REX DOLL BATTLE,SMALL SIZE TYRUNNOSSAURUS REX,P405007W
01t4w00000NumlqAAB,TIRANOSAURIO REX 37 WB,17 INCH TYRANNOSSAURUS REX,P405008W
01t4w00000NumlrAAB,TRICERATOPS 36 WB,17 INCH TRICERATOPS,P405009W
01t4w00000NumlsAAB,ALLOSAURUS,ALLOSAURUS,P405010W
01t4w00000NumltAAB,SPINOSAURUS,SPINOSAURUS,P405011W
01t4w00000NumluAAB,SET DE COCINA CON VERDURAS,COOKING MASTER,P303005W
01t4w00000NumlvAAB,DRAGÓN CON SONIDO,SMALL SIZE SINGLE-HEADED DRAGON,P405012W
01t4w00000NumlwAAB,SET DE COCINA CON SERVILLETAS,COOKING MASTER,P303001W
01t4w00000NumlxAAB,COCINA BÁSICA DE MADERA CON ACCESORIOS,COOKING MASTER,P303002W
01t4w00000NumlyAAB,SET DE COCINA CON MALETÍN,COOKING MASTER,P303004W
01t4w00000NumlzAAB,SET DE COCINA CON CANASTA,COOKING MASTER,P303003W
01t4w00000Numm0AAB,JUEGO DE TÉ CON CUCHARAS,COOKING MASTER,P303006W
01t4w00000Numm1AAB,ESTANTE,Kids Bookshelf,P101049W
01t4w00000Numm2AAB,JUEGO DE TÉ BÁSICO ROSA,COOKING MASTER,P303007W
01t4w00000Numm3AAB,SET DE COCINA,COOKING MASTER,P303008W
01t4w00000Numm4AAB,TOBOGÁN GRANDE,Kids Slide,P101046W
01t4w00000Numm5AAB,JUEGO DE TÉ BÁSICO AZUL,COOKING MASTER,P303009W
01t4w00000Numm6AAB,JUEGO DE TÉ BÁSICO COLORES,COOKING MASTER,P303010W
01t4w00000Numm7AAB,JUEGO DE TÉ CON PARRILLA PORTABLE,COOKING MASTER,P303011W
01t4w00000Numm8AAB,CARRITO SUPERMERCADO BÁSICO METÁLICO,COOKING MASTER,P303012W
01t4w00000Numm9AAB,CASITA CON TOBOGÁN,Kids Slide & Climber,P101047W
01t4w00000NummAAAR,CENTRO DE JUEGOS CON TOBOGÁN,Kids Slide & Climber,P101048W
01t4w00000NummBAAR,CASITA CON CHIMENEA,Kids Playhouse,P101052W
01t4w00000NummCAAR,CASITA HONGO,Kids Playhouse,P101053W
01t4w00000NummDAAR,ORGANIZADOR,Kids Toy Organizer,P103001W
01t4w00000NummEAAR,TOBOGÁN CHICO,Kids Flower Folding Slide,P101054W
01t4w00000NummFAAR,ORGANIZADOR,Kids Toy Organizer,P103002W
01t4w00000NummGAAR,ORGANIZADOR,Kids Toy Organizer,P103003W
01t4w00000NummHAAR,CASITA BÁSICA,Kids Playhouse,P101051W
01t4w00000NummIAAR,ORGANIZADOR,Kids Toy Organizer,P103004W
01t4w00000NummJAAR,2 EN 1 CABALLO MECEDORA ESCALERA,2-IN-1 Kids Rocking Horse & Chair,P101050W
01t4w00000NummgAAB,ESTACION CARGA BAMBÚ,BAMBOO STATION,H104072B
01t4w00000NummhAAB,ORGANIZADOR ESCRITORIO 2 CAJONES BAMBÚ,ORGANIZER BOX,H104073B
01t4w00000NummiAAB,ORGANIZADOR ESCRITORIO 3 CAJONES BAMBÚ,ORGANIZER BOX,H104074B
01t4w00000NummjAAB,ARCHIVADOR ESCRITORIO EXTENSIBLE SIN AGENDA BAMBÚ,EXTENDABLE DESKTOP FILE,H104075B
01t4w00000NummkAAB,ORGANIZADOR ESCRITORIO BAMBU,ORGANIZER BOX,H104076B
01t4w00000NummlAAB,ATRIL LIBROS BAMBÚ,BAMBOO BOOK STAND,H104077B
01t4w00000NummmAAB,BANDEJA AUXILIAR BAMBÚ,BAMBOO AUXILIARY TRAY,H104078B
01t4w00000NummnAAB,ORGANIZADOR ESCRITORIO BAMBÚ,ORGANIZER BOX,H104079B
01t4w00000NummoAAB,ORGANIZADOR ESCRITORIO BAMBÚ,ORGANIZER BOX,H104080B
01t4w00000NummpAAB,ORGANIZADOR ESCRITORIO 4 PIEZAS BAMBOO,ORGANIZER BOX,H104081B
01t4w00000NummqAAB,BANDEJA LAPTOP BAMBÚ,LAPTOP TABLE,H104083B
01t4w00000NummrAAB,ORGANIZADOR ESCRITORIO 1 CAJON BAMBÚ,DESK ORGANIZER 1 DRAWER BAMBOO,H104082B
01t4w00000NummsAAB,PISTA DINOSAURIO AUTOS,With English IC Sound Dinosaur Track ( With 3*AG13),P502018W
01t4w00000NummtAAB,PISTA DRAGÓN - ARAÑA,Turn Dinosaur Track With 12 Alloy Cars,P502019W
01t4w00000NummuAAB,PISTA RACING,Pull Feet Coasters,P502020W
01t4w00000NummvAAB,GARAGE BÁSICO,Spinning car park,P502021W
01t4w00000NummwAAB,PISTA PTERODÁCTILO,Pterosaur with spray lighting dinosaur,P502022W
01t4w00000NummxAAB,PISTA ESQUELETO DINOSAURIO,Bone dragon with spray lighting dinosaur,P502023W
01t4w00000NummyAAB,PISTA DINOSAURIO,Brachiosaurus mountain rescue with spray light dinosaur,P502024W
01t4w00000NummzAAB,PISTA CONSTRUCCIÓN,Engineering construction site + color mud,P502025W
01t4w00000Numn0AAB,APARADOR 3 CAJONES,CÓMODA 3 NIVELES,H312044B
01t4w00000Numn1AAB,VEHÍCULOS CON OBSTÁCULOS,Big foot car track,P501001W
01t4w00000Numn2AAB,PISTA DINOSAURIO T-REX,Tyrannosaurus rex with spray,P502026W
01t4w00000Numn3AAB,ESTACIÓN DE BOMBEROS CON ACCESORIOS,Spinning race car park,P502027W
01t4w00000Numn4AAB,ESTACIÓN DE BOMBEROS CON ACCESORIOS GRANDE,Lift fire parking lot,P502028W
01t4w00000Numn5AAB,MESA AUXILIAR,MESA AUXILIAR,H312045B
01t4w00000Numn6AAB,APARADOR 3 PUERTAS,APARADOR,H312046B
01t4w00000Numn7AAB,PISTA DINOSAURIO,With English IC Sound Lion Track,P502029W
01t4w00000Numn8AAB,MESA AUXILIAR,MESA DE CENTRO,H312047B
01t4w00000Numn9AAB,MESA AUXILIAR,MESA AUXILIAR,H312048B
01t4w00000NumnAAAR,CENTRO ENTRETENIMIENTO 2 CAJONES,CENTRO DE ENTRETENIMIENTO,H312049B
01t4w00000NumnBAAR,APARADOR 2 PUERTAS,APARADOR,H312050B
01t4w00000NumnCAAR,PISTA LEÓN,With English IC Sound Lion Track,P502030W
01t4w00000NumnDAAR,PISTA GORILA,With English IC Sound Gorilla Track,P502031W
01t4w00000NumnEAAR,PISTA LAUNCH LOOP SCORE,Jumping Basket Track Car,P502032W
01t4w00000NumnFAAR,PISTA RACIN LOOP HOP,Double Way In One Jumping Alloy Car Track,P502033W
01t4w00000NumnGAAR,APARADOR 2 PUERTAS + 3 CAJONES,APARADOR,H312051B
01t4w00000NumnHAAR,PISTA RACING LOOP RETO,Doble Way In One Rotatry  Alloy Car Track,P502034W
01t4w00000NumnIAAR,PISTA CON LANZADOR Y LOOP,Hammer The Rotary Jump Alloy Car Track,P502035W
01t4w00000NumnJAAR,MALETÍN DE MAQUILLAJE GRANDE,TOY,P202017W
01t4w00000NumnKAAR,CENTRO ENTRETENIMIENTO 3 CAJONES,CENTRO DE ENTRETENIMIENTO,H312052B
01t4w00000NumnLAAR,PISTA ARAÑA DISPARO,Lock Spider Alloy Car Track,P502036W
01t4w00000NumnMAAR,MESA AUXILIAR 1 CAJON,MESA DE CENTRO,H312053B
01t4w00000NumnNAAR,APARADOR 3 CAJONES,CÓMODA 3 NIVELES,H312054B
01t4w00000NumnOAAR,PISTA BÁSICA CON LANZADOR Y ACCESORIOS,Slope Set Alloy Track,P502037W
01t4w00000NumnPAAR,PISTA BÁSICA,Fire Gate Alloy Track,P502038W
01t4w00000NumnQAAR,MESA ESCRITORIO,ESCRITORIO,H102041B
01t4w00000NumnRAAR,PISTA DINOSAURIO LANZADOR,With English IC Sound Dinosaur Track,P502039W
01t4w00000NumnSAAR,PISTA DINOSAURIO T-REX GRANDE,Dinosaur Track,P502040W
01t4w00000NumnTAAR,SET DE PISTAS,Pull Feet Coasters,P502041W
01t4w00000NumnUAAR,GARAGE CON OBSTÁCULOS,Lift car park + space sand,P502042W
01t4w00000NumnVAAR,MALETÍN DE MAQUILLAJE BÁSICO,TOY,P202018W
01t4w00000NumnWAAR,ESTACIÓN DE POLICÍA,Police lift car park,P502043W
01t4w00000NumnXAAR,PISTA DE CONSTRUCCIÓN GRUA,engineering crane,P502044W
01t4w00000NumnYAAR,SET DE CONSTRUCCIÓN BÁSICO,Engineering conveyor,P502045W
01t4w00000NumnZAAR,GARAGE CON ACCESORIOS,Spinning race car park,P502046W
01t4w00000NumnaAAB,PISTA DE CONSTRUCCIÓN CON ACCESORIOS,Engineering crane,P502047W
01t4w00000NumnbAAB,ESTANTERIA 4 NIVELES + CAJON,LIBRERO,H312055B
01t4w00000NumncAAB,CENTRO ENTRETENIMIENTO 3 CAJONES,CENTRO DE ENTRETENIMIENTO,H312056B
01t4w00000NumndAAB,APARADOR 2 PUERTAS + 3 CAJONES,APARADOR,H312057B
01t4w00000NumneAAB,APARADOR 5 NIVELES,CÓMODA 5 NIVELES,H312058B
01t4w00000NumnfAAB,APARADOR 2 CAJONES,ESCRITORIO,H312059B
01t4w00000NumngAAB,MESA COMEDOR REDONDA CRISTAL,MESA DE CENTRO,H312060B
01t4w00000NumnhAAB,MESA COMEDOR RECTANGULAR CRISTAL,MESA PARA COMEDOR,H312061B
01t4w00000NumniAAB,SET MESAS AUXILIARES 3 PIEZAS,MESA DE CENTRO,H312062B
01t4w00000NumnjAAB,SET MESAS AUXILIARES 3 PIEZAS,MESA DE CENTRO,H312063B
01t4w00000NumnkAAB,SET MESAS AUXILIARES 3 PIEZAS,MESA DE CENTRO,H312064B
01t4w00000NumnlAAB,SET MESAS AUXILIARES 2 PIEZAS,SET NIDO MESAS DE CENTRO,H312065B
01t4w00000NumnmAAB,"VENTILADOR NEBULIZADOR 16"" 90W TANQUE 3.1 LT",FAN WITH REMOTE CONTROL,B301047C
01t4w00000NumnnAAB,MESA COMEDOR RECTANGULAR,MESA PARA COMEDOR,H312066B
01t4w00000NumnoAAB,"VENTILADOR NEBULIZADOR 16"" 90W TANQUE 3 LT",FAN WITH WATER TANK 3L.,B301048C
01t4w00000NumnpAAB,MESA COMEDOR RECTANGULAR,MESA PARA COMEDOR,H211004B
01t4w00000NumnqAAB,CENTRO ENTRETENIMIENTO 3 CAJONES,CENTRO DE ENTRETENIMIENTO,H312070B
01t4w00000NumnrAAB,MESA COMEDOR RECTANGULAR,MESA PARA COMEDOR,H211005B
01t4w00000NumnsAAB,APARADOR 2 PUERTAS,APARADOR,H312068B
01t4w00000NumntAAB,APARADOR 2 PUERTAS,APARADOR,H312067B
01t4w00000NumnuAAB,"VENTILADOR NEBULIZADOR 16"" 90W TANQUE 2.8 LT",FAN WITH WATER TANK 2.8L.,B301049C
01t4w00000NumnvAAB,APARADOR 3 PUERTAS,CENTRO DE ENTRETENIMIENTO,H312069B
01t4w00000NumnwAAB,APARADOR,APARADOR,H312071B
01t4w00000NumnxAAB,"(INACTIVO) VENTILADOR PISO 14"" 70W 3 VELOCIDADES OSCILANTE",FAN 5 COLOR BLADES,B301050C
01t4w00000NumnyAAB,APARADOR 3 CAJONES,CÓMODA 3 NIVELES,H312072B
01t4w00000NumnzAAB,SET MESAS AUXILIARES 2 PIEZAS,SET NIDO MESAS DE CENTRO,H312073B
01t4w00000Numo0AAB,CREA TUS PEINADOS CON JOYAS,HAIR DESING,P201001W
01t4w00000Numo1AAB,"VENTILADOR SOBREMESA 12"" 35W 3 VELOCIDADES OSCILANTE",FAN 4 BLADES,B301051C
01t4w00000Numo2AAB,"(INACTIVO) VENTILADOR PISO 10"" 45W 3 VELOCIDADES OSCILANTE",FAN 5 BLADES,B301052C
01t4w00000Numo3AAB,CREA TUS PEINADOS MEDIANO,HAIR DESING,P201002W
01t4w00000Numo4AAB,CREA TUS PEINADOS BÁSICO,HAIR DESING,P201003W
01t4w00000Numo5AAB,HUMIDIFICADOR 1.2 LT 25W,HUMIDIFIER,B301053C
01t4w00000Numo6AAB,CREA TUS PEINADOS GRANDE,HAIR DESING,P201004W
01t4w00000Numo7AAB,CREA TUS TEJIDOS GRANDE,KNITTING PLAY SET,P201008W
01t4w00000Numo8AAB,CREA TUS PEINADOS CON TRENZADOR,HAIR DESING,P201005W
01t4w00000Numo9AAB,CREA TUS TEJIDOS MEDIANO,KNITTING PLAY SET,P201006W
01t4w00000NumoAAAR,CREA TUS PULSERAS,KNITTING PLAY SET,P201007W
01t4w00000NumoBAAR,"VENTILADOR TORRE 31"" 40W TOUCH 3 VELOCIDADES OSCILANTE","TOWER FAN 31"" 40W TOUCH 3 SPEEDS OSCILLATING",B301054C
01t4w00000NumoCAAR,CREA TUS TEJIDOS BÁSICO,KNITTING PLAY SET,P201009W
01t4w00000NumoGAAR,"(INACTIVO) VENTILADOR TORRE 31"" 40W TOUCH 3 VELOCIDADES OSCILANTE",FAN,B301055C
01t4w00000NumoMAAR,"(INACTIVO) VENTILADOR TORRE 36"" 50W TOUCH 3 VELOCIDADES OSCILANTE",FAN,B301056C
01t4w00000NumoQAAR,"(INACTIVO) VENTILADOR TORRE 49"" 50W TOUCH 3 VELOCIDADES OSCILANTE",FAN,B301057C
01t4w00000NumoZAAR,DISEÑA TUS UÑAS SPA,NAIL ART & TATOO,P201010W
01t4w00000NumoaAAB,HUMIDIFICADOR 2.2 LT 25W,HUMIDIFIER,B301059C
01t4w00000NumobAAB,HUMIDIFICADOR 3.2 LT 25W,HUMIDIFIED,B301060C
01t4w00000NumocAAB,DISEÑA TUS UÑAS MEDIANO,NAIL ART & TATOO,P201012W
01t4w00000NumofAAB,DISEÑA TUS UÑAS GRANDE,NAIL ART & TATOO,P201011W
01t4w00000NumoyAAB,PELUCHE 25 CM CONEJO CON ZANAHORIA,RABBIT W/CARROT,P406001W
01t4w00000NumpMAAR,MUÑECA EMILY CON MASCOTA,EMILY,P402008W
01t4w00000NumpSAAR,MUÑECA EMILY SIRENA,EMILY,P402009W
01t4w00000NumpTAAR,PELUCHE 20 CM CONEJO (EL Y ELLA),DOG W/SKIRT,P406002W
01t4w00000NumpUAAR,VACA CON PARCHES,COW,P406016W
01t4w00000NumpVAAR,PELUCHE 28 CM OSO CON GORRO Y ALMOHADA,TEDDY BEAR W/PILLOW&HAT,P406003W
01t4w00000NumpWAAR,PELUCHE 28 CM OSO CON PANTALÓN Y CAMISA,TEDDY BEAR W/CLOTHES,P406004W
01t4w00000NumpZAAR,PELUCHE 28 CM OSO CON ROPA DE DORMIR,TEDDY BEAR W/HAT&SKIRT,P406005W
01t4w00000NumpaAAB,PELUCHE 28 CM OSO CON VESTIDO Y MOÑO,TEDDY BEAR W/SKIRT,P406006W
01t4w00000NumpbAAB,PELUCHE 22 CM BURRO,DONKEY,P406007W
01t4w00000NumpdAAB,MUÑECA EMILY FASHION,EMILY,P402010W
01t4w00000NumpfAAB,MUÑECA EMILY SIRENA CON MASCOTA,EMILY,P402011W
01t4w00000NumpiAAB,MUÑECA EMILY SIRENA LENTEJUELAS,EMILY,P402012W
01t4w00000NumpmAAB,MUÑECA EMILY CON ACCESORIOS NIÑA,EMILY,P402013W
01t4w00000NumppAAB,PELUCHE 18 CM CONEJO,2 ASST RABBIT,P406008W
01t4w00000NumpsAAB,MUÑECA MULISHA OBEJA,MULISHA,P402015W
01t4w00000NumpvAAB,POLLO,2 ASST FUNNY CHICKEN,P406009W
01t4w00000NumpzAAB,PELUCHE 20 CM CABALLO,2 ASST HORSE,P406010W
01t4w00000Numq0AAB,PELUCHE 28 CM MONO,MONKEY,P406011W
01t4w00000Numq1AAB,MUÑECA MULISHA CONEJO,MULISHA,P402014W
01t4w00000Numq3AAB,BEBÉ CON ACCESORIOS GIMNASIO,16 INCH DOLL WITH PLAY BLANKET,P403001W
01t4w00000Numq4AAB,PELUCHE 25 CM BURRO,CUTE DONKEY,P406012W
01t4w00000Numq5AAB,UNICORNIO,3 ASST UNICORN,P406013W
01t4w00000Numq6AAB,BEBÉ CON ACCESORIOS,10.5 INCHES COTTON DOLL SET,P403002W
01t4w00000Numq7AAB,BEBÉ INTERACTIVO,13 INCHES INTERACTIVE INDUCTION DOLL,P403003W
01t4w00000Numq8AAB,BEBÉ INTERACTIVO,9.5 INCHES COTTON DOLL WITH NIPPLE INDUCTION VOCALIZATION,P403004W
01t4w00000NumqCAAR,PERRO,DOG,P406014W
01t4w00000NumqEAAR,PELUCHE 28 CM OVEJA,SHEEP,P406015W
01t4w00000NumqFAAR,PELUCHE 22 CM ELEFANTE,ELEPHANT,P406019W
01t4w00000NumqKAAR,PELUCHE 28 CM GATO,CAT,P406017W
01t4w00000NumqLAAR,PERRO,FUNNY DOG,P406020W
01t4w00000NumqMAAR,RATON CON MOÑO,MOUSE W/BOWTIE,P406018W
01t4w00000NumqOAAR,PELUCHE 25 CM PATO,DAD DUCK,P406021W
01t4w00000NumqPAAR,VACA CON FLORES,FUNNY COW,P406022W
01t4w00000NumqVAAR,RATÓN,FUNNY MOUSE,P406023W
01t4w00000NumqcAAB,PELUCHE 25 CM CONEJO CON ROPA,2 ASST RABBITS W/SKIRT,P406024W
01t4w00000NumqfAAB,RATÓN,2 ASST MOUSE,P406025W
01t4w00000NumqgAAB,PELUCHE 18 CM OSO CON PORTARETRATO,2 ASST BEAR W/PHOTO FRAME&GIFT,P406026W
01t4w00000NumqhAAB,PELUCHE 21 CM GATO,CAT,P406028W
01t4w00000NumqxAAB,PERRO,DOG,P406027W
01t4w00000NumqyAAB,VACA CON MANCHAS,3 ASST COWW/LONG LEG,P406029W
01t4w00000Nums4AAB,ESTUCHE DE MAQUILLAJE SIRENA,TOY,P202019W
01t4w00000Nums5AAB,ESTUCHE DE MAQUILLAJE PRINCESA,TOY,P202020W
01t4w00000Nums6AAB,ESTUCHE DE MAQUILLAJE CASTILLO,TOY,P202027W
01t4w00000Nums7AAB,ESTUCHE DE MAQUILLAJE CORAZÓN,TOY,P202021W
01t4w00000Nums8AAB,ESTUCHE DE MAQUILLAJE MARIPOSA,TOY,P202022W
01t4w00000Nums9AAB,ESTUCHE DE MAQUILLAJE OSO,TOY,P202023W
01t4w00000NumsAAAR,ESTUCHE DE MAQUILLAJE MALETÍN,TOY,P202025W
01t4w00000NumsBAAR,ESTUCHE DE MAQUILLAJE CON UÑAS,TOY,P202026W
01t4w00000NumsCAAR,ESTUCHE DE MAQUILLAJE BÁSICO,TOY,P202024W
01t4w00000NumsDAAR,DISEÑA TUS UÑAS CHICO,TOY,P202030W
01t4w00000NumsEAAR,SILLA COMEDOR MADERA,DINNING CHAIR,H201078T
01t4w00000NumsFAAR,ESTUCHE DE MAQUILLAJE CON LUZ,TOY,P202028W
01t4w00000NumsGAAR,SILLA COMEDOR MADERA ACOLCHADA,DINNING CHAIR,H201079B
01t4w00000NumsHAAR,ESTUCHE DE MAQUILLAJE PARA DIBUJAR,TOY,P202029W
01t4w00000NumsIAAR,ESTUCHE DE MAQUILLAJE 3D GRANDE,TOY,P202032W
01t4w00000NumsJAAR,ESTUCHE DE MAQUILLAJE 3D MEDIANO,TOY,P202034W
01t4w00000NumsKAAR,DISEÑA TUS UÑAS BÁSICO,TOY,P202031W
01t4w00000NumsLAAR,ESTUCHE DE MAQUILLAJE 3D BÁSICO,TOY,P202033W
01t4w00000NumsMAAR,ROMPECABEZAS 24 PZAS,PUZZLE,P604001W
01t4w00000NumsNAAR,ROMPECABEZAS 100 PZAS,PUZZLE,P604002W
01t4w00000NumsOAAR,ROMPECABEZAS 24 PZAS HELICÓPTERO,PUZZLE,P604004W
01t4w00000NumsPAAR,SILLA COMEDOR TELA,DINNING CHAIR,H201080B
01t4w00000NumsQAAR,SILLA DE COMEDOR,DINNING CHAIR,H201081B
01t4w00000NumsRAAR,ROMPECABEZAS 24 PZAS CAMIÓN DE BOMBEROS,PUZZLE,P604003W
01t4w00000NumsSAAR,ROMPECABEZAS 24 PZAS BARCO,PUZZLE,P604005W
01t4w00000NumsTAAR,ROMPECABEZAS 63 PZAS MUNDO,PUZZLE,P604006W
01t4w00000NumsUAAR,ROMPECABEZAS 19 PZAS CONTINENTES,PUZZLE,P604007W
01t4w00000NumsVAAR,MESA AUXILIAR LIBRERO,AUXILIAR BOOKSHELF TABLE,H314018B
01t4w00000NumsWAAR,MESA AUXILIAR LIBRERO,AUXILIAR BOOKSHELF TABLE,H314019B
01t4w00000NumsXAAR,MESA AUXILIAR LIBRERO,AUXILIAR BOOKSHELF TABLE,H314020B
01t4w00000NumsYAAR,ROMPECABEZAS 4 PZAS ANIMALES,PUZZLE,P604008W
01t4w00000NumsZAAR,ROMPECABEZAS 9 PZAS ANIMALES,PUZZLE,P604012W
01t4w00000NumsaAAB,ROMPECABEZAS 5 PZAS ANIMALES,PUZZLE,P604009W
01t4w00000NumsbAAB,ROMPECABEZAS 31 PZAS ARCA,PUZZLE,P604010W
01t4w00000NumscAAB,ROMPECABEZAS 4 PZAS NÚMEROS,PUZZLE,P604011W
01t4w00000NumsdAAB,ROMPECABEZAS 25 PZAS ANIMALES,PUZZLE,P604013W
01t4w00000NumseAAB,ROMPECABEZAS 18 PZAS ANIMALES,PUZZLE,P604014W
01t4w00000NumsfAAB,ROMPECABEZAS 9 PZAS NÚMEROS,PUZZLE,P604015W
01t4w00000NumsgAAB,ROMPECABEZAS 9 PZAS ANIMALES,PUZZLE,P604016W
01t4w00000NumshAAB,ROMPECABEZAS 25 PZAS,PUZZLE,P604017W
01t4w00000NumsiAAB,ROMPECABEZAS 10 PZAS,PUZZLE,P604018W
01t4w00000NumsjAAB,ROMPECABEZAS 17 PZAS NÚMEROS,PUZZLE,P604022W
01t4w00000NumskAAB,ROMPECABEZAS 10 PZAS NÚMEROS,PUZZLE,P604019W
01t4w00000NumslAAB,ROMPECABEZAS 20 PZAS  ANIMALES Y NÚMEROS,PUZZLE,P604020W
01t4w00000NumsmAAB,(INACTIVO) VENTILADOR PURIFICADOR,PURIFYING FAN,B301061C
01t4w00000NumsnAAB,VENTILADOR AC 50W GIRATORIO,PURIFYING FAN,B301062C
01t4w00000NumsoAAB,ROMPECABEZAS 26 PZAS ABCDARIO,PUZZLE,P604021W
01t4w00000NumspAAB,ROMPECABEZAS 3 PZAS VARIOS,PUZZLE,P604024W
01t4w00000NumsqAAB,ROMPECABEZAS 26 PZAS ABCDARIO Y CARTAS,PUZZLE,P604023W
01t4w00000NumsrAAB,ROMPECABEZAS 9 PZAS ÁRBOL,PUZZLE,P604025W
01t4w00000NumssAAB,ROMPECABEZAS 8 PZAS ANIMALES,PUZZLE,P604034W
01t4w00000NumstAAB,ROMPECABEZAS 31 PZAS ARCA,PUZZLE,P604026W
01t4w00000NumsuAAB,ROMPECABEZAS 4 PZAS VARIOS,PUZZLE,P604027W
01t4w00000NumsvAAB,ROMPECABEZAS 20 PZAS ANIMALES Y NÚMEROS,PUZZLE,P604028W
01t4w00000NumswAAB,"(INACTIVO) VENTILADOR PURIFICADOR 35"" 50W 3 VELOCIDADES OSCILANTE",PURIFYING FAN,B301063C
01t4w00000NumsxAAB,ROMPECABEZAS 12 PZAS ANIMALES,PUZZLE,P604029W
01t4w00000NumsyAAB,ROMPECABEZAS 5 PZAS CAMION BOMBERO,PUZZLE,P604030W
01t4w00000NumszAAB,ROMPECABEZAS 4 PZAS ANIMALES,PUZZLE,P604031W
01t4w00000Numt0AAB,ROMPECABEZAS 20 PZAS ANIMALES Y FRUTAS,PUZZLE,P604032W
01t4w00000Numt1AAB,ROMPECABEZAS 7 PZAS ANIMALES,PUZZLE,P604033W
01t4w00000Numt2AAB,ROMPECABEZAS 9 PZAS ANIMALES,PUZZLE,P604035W
01t4w00000Numt3AAB,(INACTIVO) VENTILADOR PURIFICANTE,PURIFYING FAN,B301064C
01t4w00000Numt4AAB,ROMPECABEZAS 10 PZAS ANIMALES,PUZZLE,P604036W
01t4w00000Numt5AAB,ROMPECABEZAS 9 PZAS ANIMALES,PUZZLE,P604037W
01t4w00000Numt6AAB,ROMPECABEZAS 26 PZAS ABCDARIO,PUZZLE,P604038W
01t4w00000Numt7AAB,ROMPECABEZAS 10 PZAS NÚMEROS,PUZZLE,P604039W
01t4w00000Numt8AAB,ROMPECABEZAS 27 PZAS NÚMEROS,PUZZLE,P604040W
01t4w00000Numt9AAB,ROMPECABEZAS 22 PZAS NÚMEROS Y MANOS,PUZZLE,P604042W
01t4w00000NumtAAAR,ROMPECABEZAS 18 PZAS NÚMEROS,PUZZLE,P604041W
01t4w00000NumtBAAR,ROMPECABEZAS 38 PZAS LETRAS Y NÚMEROS,PUZZLE,P604043W
01t4w00000NumtCAAR,ROMPECABEZAS 26 PZAS ABCDARIO,PUZZLE,P604044W
01t4w00000NumtDAAR,ROMPECABEZAS 10 PZAS NÚMEROS,PUZZLE,P604045W
01t4w00000NumtEAAR,ROMPECABEZAS 6 PZAS LETRAS,PUZZLE,P604046W
01t4w00000NumtFAAR,FUMIGADOR 2 LITROS CON BOTON SEGURIDAD,SPRAYER,G401042A
01t4w00000NumtGAAR,"FUMIGADOR 1,5 LITROS",SPRAYER,G401043A
01t4w00000NumtHAAR,ROMPECABEZAS 12 PZAS OFICIOS,PUZZLE,P604047W
01t4w00000NumtIAAR,ROMPECABEZAS 6 PZAS ANIMALES,PUZZLE,P604052W
01t4w00000NumtJAAR,ROMPECABEZAS 12 PZAS MANOS,PUZZLE,P604048W
01t4w00000NumtKAAR,ROMPECABEZAS 12 PZAS PIES,PUZZLE,P604049W
01t4w00000NumtLAAR,ROMPECABEZAS 5 PZAS ANIMALES,PUZZLE,P604050W
01t4w00000NumtMAAR,ROMPECABEZAS 3 PZAS ANIMALES,PUZZLE,P604053W
01t4w00000NumtNAAR,ROMPECABEZAS 5 PZAS ANIMALES,PUZZLE,P604051W
01t4w00000NumtOAAR,ROMPECABEZAS 5 PZAS ANIMALES,PUZZLE,P604054W
01t4w00000NumtPAAR,ROMPECABEZAS 12 PZAS RELOJ,PUZZLE,P604058W
01t4w00000NumtQAAR,ROMPECABEZAS 3 PZS ANIMALES,PUZZLE,P604055W
01t4w00000NumtRAAR,ROMPECABEZAS 16 PZAS NÚMEROS,PUZZLE,P604056W
01t4w00000NumtSAAR,ROMPECABEZAS 9 PZAS ANIMALES,PUZZLE,P604057W
01t4w00000NumtTAAR,MESA DE BILLAR,MESA DE BILLAR,P101055W
01t4w00000NumtUAAR,MESA DE BILLAR GRANDE,MESA DE BILLAR,P101056W
01t4w00000NumtVAAR,MESA DE BILLAR MEDIANA,MESA DE BILLAR,P101057W
01t4w00000NumtWAAR,ROMPECABEZAS 7 PZAS RELOJ Y ANIMALES,PUZZLE,P604059W
01t4w00000NumtXAAR,MESA DE BILLAR CHICA,MESA DE BILLAR,P101058W
01t4w00000NumtYAAR,MESA DE FUTBOLITO,MESA DE FUTBOL,P101059W
01t4w00000NumtZAAR,PORTERIA Y CANASTA DE BÁSQUETBOL,PORTERIA Y CANASTA DE BÁSQUETBOL,P101060W
01t4w00000NumtaAAB,CANASTA DE BÁSQUETBOL METÁLICA,CANASTA DE BÁSQUETBOL METÁLICA,P101061W
01t4w00000NumtbAAB,CASTA DE BÁSQUETBOL,CASTA DE BÁSQUETBOL,P101062W
01t4w00000NumtcAAB,ARCO CON FLECHAS NIÑO,ARCO CON FLECHAS NIÑO,P101063W
01t4w00000NumtdAAB,LANZADOR TIPO ARCO NIÑA,LANZADOR TIPO ARCO NIÑA,P101064W
01t4w00000NumteAAB,AERODISCO,AERODISCO,P101065W
01t4w00000NumtfAAB,ARCO CON FLECHAS PARA NIÑA,ARCO CON FLECHAS PARA NIÑA,P101066W
01t4w00000NumtgAAB,MESA BURO 1 CAJON,NIGHT STAND,H313024B
01t4w00000NumthAAB,MESA BURO 2 CAJONES,NIGHT STAND,H313025B
01t4w00000NumtiAAB,MESA BURO 2 CAJONES,NIGHT STAND,H313026B
01t4w00000NumtjAAB,LANZADOR CON LUZ,LANZADOR CON LUZ,P101067W
01t4w00000NumtkAAB,MESA BURO 2 CAJONES,NIGHT STAND,H313027B
01t4w00000NumtlAAB,MESA BURO 2 CAJONES,NIGHT STAND,H313028B
01t4w00000NumtmAAB,MESA BURO 2 CAJONES,NIGHT STAND,H313029B
01t4w00000NumtnAAB,MINI GOLF,MINI GOLF,P101068W
01t4w00000NumtoAAB,COMETA,COMETA,P101069W
01t4w00000NumtpAAB,APARADOR 3 PUERTAS,SIDEBOARD,H312074B
01t4w00000NumtqAAB,BOLICHE PEQUEÑO,BOLICHE PEQUEÑO,P101070W
01t4w00000NumtrAAB,BOLICHE MEDIANO,BOLICHE MEDIANO,P101071W
01t4w00000NumtsAAB,APARADOR 5 CAJONES,5 DRAWER CABINET,H313030B
01t4w00000NumttAAB,MESA ESCRITORIO,WORK DESK,H102042B
01t4w00000NumtuAAB,SILLA COMEDOR MADERA,DINNING CHAIR,H201082B
01t4w00000NumtvAAB,FUMIGADOR 2 LITROS,SPRAYER,G401044A
01t4w00000NumtwAAB,FUMIGADOR 3 LITROS,SPRAYER,G401045A
01t4w00000NumtxAAB,MESA ESCRITORIO,WORK DESK,H102043B
01t4w00000NumtyAAB,MESA COMEDOR REDONDA CRISTAL,DINNING TABLE,H211006B
01t4w00000NumtzAAB,SET MESAS AUXILIARES 2 PIEZAS,SET NESTING SIDE TABLES,H312075B
01t4w00000Numu0AAB,MESA AUXILIAR,SIDE TABLE,H312076B
01t4w00000Numu1AAB,MESA AUXILIAR,SIDE TABLE,H312077B
01t4w00000Numu2AAB,MESA AUXILIAR,SIDE TABLE,H312078B
01t4w00000Numu3AAB,MESA AUXILIAR,SIDE TABLE,H312079A
01t4w00000Numu4AAB,MESA AUXILIAR,SIDE TABLE,H312080B
01t4w00000Numu5AAB,MESA AUXILIAR,COFFEE TABLE,H312083B
01t4w00000Numu6AAB,MESA AUXILIAR,COFFEE TABLE,H312081B
01t4w00000Numu7AAB,MESA AUXILIAR,SIDE TABLE,H312082B
01t4w00000Numu8AAB,SET MESAS AUXILIARES 2 PIEZAS,COFFEE TABLE,H312085B
01t4w00000Numu9AAB,MESA AUXILIAR,COFFEE TABLE,H312091B
01t4w00000NumuAAAR,MESA AUXILIAR,SIDE TABLE,H312084B
01t4w00000NumuBAAR,SET MESAS AUXILIARES 2 PIEZAS,SIDE TABLE,H312086B
01t4w00000NumuCAAR,MESA AUXILIAR,SIDE TABLE,H312088B
01t4w00000NumuDAAR,MESA AUXILIAR,COFFEE TABLE,H312092B
01t4w00000NumuEAAR,MESA AUXILIAR,COFFEE TABLE,H312087B
01t4w00000NumuFAAR,MESA AUXILIAR,COFFEE TABLE,H312089B
01t4w00000NumuGAAR,MESA AUXILIAR,COFFEE TABLE,H312090B
01t4w00000NumuHAAR,FUMIGADOR 8 LITROS,SPRAYER,G401046A
01t4w00000NumuIAAR,FUMIGADOR CARRO 12 LITROS,SPRAYER,G401047A
01t4w00000NumuJAAR,FUMIGADOR MOCHILA 12 LITROS,SPRAYER,G401048A
01t4w00000NumuKAAR,FUMIGADOR MOCHILA 16 LITROS,SPRAYER,G401049A
01t4w00000NumuLAAR,MESA AUXILIAR,COFFEE TABLE,H312093B
01t4w00000NumuMAAR,FUMIGADOR MOCHILA 6 LITROS,SPRAYER 6L.,G401050A
01t4w00000NumuNAAR,REGADERA 3 LITROS CON TAPA,PLANTS WATERING,G401053A
01t4w00000NumuOAAR,MESA AUXILIAR,SIDE TABLE,H312094B
01t4w00000NumuPAAR,SET MESAS AUXILIARES 2 PIEZAS,SET NESTING SIDE TABLES,H312099B
01t4w00000NumuQAAR,FUMIGADOR  MOCHILA 8 LITROS,SPRAYER 8L,G401051A
01t4w00000NumuRAAR,REGADERA 3 LITROS,PLANTS WATERING,G401052A
01t4w00000NumuSAAR,SET MESAS AUXILIARES 2 PIEZAS,SET NESTING COFFEE TABLE,H312095B
01t4w00000NumuTAAR,SET MESAS AUXILIARES 2 PIEZAS,SET NESTING COFFEE TABLE,H312100B
01t4w00000NumuUAAR,SET MESAS AUXILIARES 2 PIEZAS,SET NESTING COFFEE TABLE,H312102B
01t4w00000NumuVAAR,SET MESAS AUXILIARES 2 PIEZAS,SET NESTINGING SIDE TABLES,H312096B
01t4w00000NumuWAAR,MESA AUXILIAR,SET NESTING COFFEE TABLE,H312097B
01t4w00000NumuXAAR,MESA AUXILIAR,SET NESTING COFFEE TABLE,H312098B
01t4w00000NumuYAAR,MESA LATERAL AUXILIAR,SIDE TABLE,H312101B
01t4w00000NumuZAAR,MESA AUXILIAR DOBLE,SIDE TABLE,H312106B
01t4w00000NumuaAAB,SET MESAS AUXILIARES 2 PIEZAS,SET NESTING SIDE TABLES,H312103B
01t4w00000NumubAAB,SET MESAS AUXILIARES 2 PIEZAS,SET NESTING SIDE TABLES,H312104B
01t4w00000NumucAAB,MESA DE CENTRO,COFFEE TABLE,H312115B
01t4w00000NumudAAB,MESA AUXILIAR,Coffee table,H312105B
01t4w00000NumueAAB,MESA AUXILIAR,Coffee table,H312107B
01t4w00000NumufAAB,MESA AUXILIAR,SIDE TABLE,H312108B
01t4w00000NumugAAB,SET MESAS AUXILIARES 2 PIEZAS,SET NESTING SIDE TABLE,H312110B
01t4w00000NumuhAAB,SET MESAS AUXILIARES 2 PIEZAS,Set 2 coffee table,H312109B
01t4w00000NumuiAAB,SET MESAS AUXILIARES 3 PIEZAS,SET NESTING SIDE TABLE,H312111B
01t4w00000NumujAAB,MESA AUXILIAR CON REVISTERO,Coffee table,H312112B
01t4w00000NumukAAB,MESA DE CENTRO CON REVISTERO,COFFEE TABLE,H312113B
01t4w00000NumulAAB,MESA AUXILIAR,SIDE TABLE,H312114B
01t4w00000NumumAAB,CARRITO ORGANIZADOR COCINA 3 NIVELES,Kitchen Trolley,H212004B
01t4w00000NumunAAB,MESA AUXILIAR DOBLE,COFFEE TABLE,H312116B
01t4w00000NumuoAAB,CARRITO ORGANIZADOR COCINA 2 NIVELES,Kitchen Trolley,H212005B
01t4w00000NumupAAB,CARRITO ORGANIZADOR COCINA 3 NIVELES,Kitchen Trolley,H212006B
01t4w00000NumuqAAB,ROBOT INTELIGENTE RC COMBINE MARS,R/C BINARY INTELIGENT ROBOT,P503001W
01t4w00000NumurAAB,MESA AUXILIAR DOBLE,SIDE TABLE,H312117B
01t4w00000NumusAAB,SET MESAS AUXILIARES 2 PIEZAS,SET NESTING SIDE TABLE,H312118B
01t4w00000NumutAAB,SET MESAS AUXILIARES 2 PIEZAS,SET NESTING SIDE TABLES,H312119B
01t4w00000NumuwAAB,ESPEJO RECAMARA REGULABLE ALTURA,Bathroom Mirror,H406033B
01t4w00000NumvAAAR,ROBOT INTELIGENTE RC,TOY,P503002W
01t4w00000NumvBAAR,MESA LATERAL AUXILIAR,SIDE TABLE,H312120B
01t4w00000NumvHAAR,MESA AUXILIAR,SIDE TABLE,H312121B
01t4w00000NumvPAAR,ESPEJO BAÑO+ESTANTERIA 3 NIVELES,Bathroom Mirror,H406034B
01t4w00000NumvQAAR,ROBOT INTELIGENTE RC SMART VACCLIM,SMART TECNOLOGY ROBOT VACUUM EDITION,P503003W
01t4w00000NumvRAAR,ROBOT SOLAR,SOLAR-POWERED THERE-IN-ONE ROBOT,P503006W
01t4w00000NumvSAAR,HORNILLO A GAS BUTANO 3.8 KW,PORTABLE BURNER,G603001A
01t4w00000NumvTAAR,ROBOT INTELIGENTE RC KIDS' BUDDY,REMOTE PROGRAMMING ROBOT,P503004W
01t4w00000NumvUAAR,SÚPER ROBOT Z,BO ROBOT,P503007W
01t4w00000NumvVAAR,ROBOT INTELIGENTE STRIKE FORCE,INTELLIGENT ROBOT FORCE,P503005W
01t4w00000NumvWAAR,HORNILLO A GAS PROPANO EXTENSIBLE,BURNER PORTABLE,G603002A
01t4w00000NumvXAAR,HORNILLO A GAS BUTANO 2.5 KW REDONDO,BURNER PORTABLE,G603003A
01t4w00000NumvZAAR,BANCO BAR SEVILLA,BAR STOOL,H206006F
01t4w00000NumvbAAB,DANCING ROBOT INTELIGENTE,"ELECTRIC DANCING ROBOT (LIGHT, MUSIC, DANCE) WHITE",P503008W
01t4w00000NumvcAAB,LEZO ROBOT INTELIGENTE RC,ICE FIRE AGENT ELECTRIC ROBOT,P503010W
01t4w00000NumvdAAB,LEZO ROBOT INTELIGENTE RC,TOUCH SENSING TELEROBOT,P503009W
01t4w00000NumveAAB,TOLDO RETRACTIL,AWNING,G106131A
01t4w00000NumvgAAB,HORNILLO A GAS BUTANO 3.3 KW,BURNER PORTABLE,G603004A
01t4w00000NumvhAAB,HORNILLO A GAS BUTANO 2.5 KW DOBLE CON GRILL + SET UTENSILIOS,BURNER PORTABLE,G603005A
01t4w00000NumviAAB,HORNILLO A GAS BUTANO 2.3 KW,BURNER PORTABLE,G603008A
01t4w00000NumvjAAB,SET DE VAQUEROS CARRETAS,WESTERN CARRIAGES AND COWBOYS,P405013W
01t4w00000NumvkAAB,TOLDO RETRACTIL,AWNING,G106132A
01t4w00000NumvqAAB,HORNILLO A GAS BUTANO 2.5 KW DOBLE,BURNER PORTABLE,G603006A
01t4w00000NumvrAAB,HORNILLO A GAS BUTANO/LPG 2.5 KW,BURNER PORTABLE,G603010A
01t4w00000NumvzAAB,SET DE VAQUEROS SALOON,WEST WUGA INDIANS AND WEST COWBOYS,P405014W
01t4w00000Numw0AAB,SET DE VAQUEROS CABALLOS,4 INDIANS RIDING WITH ACCESSORIES,P405015W
01t4w00000Numw7AAB,HORNILLO A GAS BUTANO 2.5 KW,BURNER PORTABLE,G603007A
01t4w00000NumwGAAR,HORNILLO A GAS BUTANO 2.1 KW,BURNER PORTABLE,G603009A
01t4w00000NumwPAAR,DINOSAURIO CON LUZ Y SONIDO,ELECTRIC MANICURE DRAGON,P405016W
01t4w00000NumwQAAR,TRICERATOPS CON SONIDO 27 WB,ELECTRIC ACOUSTOOPTIC TRICERATOPS,P405017W
01t4w00000NumwRAAR,TRICERATOPS 30,13.5 INCH HERNED DRAGON,P405020W
01t4w00000NumwSAAR,TIRANOSAURIO REX 32,13.5 INCH TYRANNOSAURUS,P405021W
01t4w00000NumwTAAR,HORNILLO A GAS BDP 2.5 KW,BURNER PORTABLE,G603011A
01t4w00000NumwbAAB,DINOSAURIO CON LUZ Y SONIDO Y ALAS,V,P405018W
01t4w00000NumwcAAB,SET DE DINOSAURIOS BÁSICO,DINOSAUR COMBINATION,P405019W
01t4w00000NumwdAAB,HORNILLO A GAS BDP 3.5 KW,BURNER PORTABLE,G603012A
01t4w00000NumwkAAB,SET DE DINOSAURIOS CON CRIAS,"6.5 INCH, 5.5 INCH DINOSAUR 8 MIX",P405022W
01t4w00000NumwuAAB,SET DE DINOSAURIOS,13.5 INCH TYRANNOSAURUS REX - 6 INCH DINOSAUR,P405023W
01t4w00000NumwyAAB,SET DE DINOSAURIOS GRANDE,"13.5 INCH HORNED DRAGON, 6 INCH DINOSAUR",P405024W
01t4w00000Numx4AAB,REGADERA 5 LITROS,WATERING CAN 5 LITERS,G401054B
01t4w00000NumxMAAR,TOLDO RETRACTIL,AWNING,G106131F
01t4w00000NumxXAAR,PISTA DINOSAURIOS 115 PZAS,ELECTRIC INTELLIGENT IDENTIFICATION TRACK (DINOSAUR THEME PARK),P502048W
01t4w00000NumxYAAR,PISTA TIBURÓN,PULL BACK CAR SHARK TRACK (2 CARS) (JUST 2 LUPS!!!),P502049W
01t4w00000NumxZAAR,CUATRIMOTO RADIO CONTROL,1:18 RC CLIMBING CAR,P503015W
01t4w00000NumxaAAB,PISTA DINOSAURIO ESPIRAL,RETURN VEHICLE DINOSAUR TRACK (1 CAR) (JUST 2 LUPS!!!),P502050W
01t4w00000NumxbAAB,PISTA DINOSAURIO ONE LOOP,ANIMAL ALLOY CAR DINOSAUR TRACK COMBINATION (1 CAR),P502051W
01t4w00000NumxcAAB,PISTA DINOSAURIO,360º PULL BACK DINOSAUR ORBIT,P502058W
01t4w00000NumxdAAB,PISTA BÁSICA CON LOOP,RETURN RACING  TRACK SET COMBINATION (1 CAR),P502052W
01t4w00000NumxeAAB,PISTA MINIATURA 6 NIVELES,GLIDING TRACK WITH 4 GLIDING TROLLEYS,P502060W
01t4w00000NumxfAAB,PISTA ARAÑA,BONE TAP CATAPULT SPIDER ARCH TRACK (WITH 1 ALLOY CAR),P502053W
01t4w00000NumxgAAB,PISTA DINOSAURIO TRACK CAR,CATAPULT DINOSAUR TRACK,P502057W
01t4w00000NumxhAAB,PISTA STEGOSAURUS,STEGOSAURUS SWASH TAIL SPRAY LIGTH DINOSAUR IC EJECTION TRACK,P502054W
01t4w00000NumxiAAB,PISTA ROBOT,DEFORMED ROBOT TRACK WITH 1 ALLOY CAR,P502055W
01t4w00000NumxjAAB,PISTA SERPIENTE,A CIRCLE OF 360º RETURN FORCE JUMPING SNAK TRACK,P502056W
01t4w00000NumxkAAB,PISTA TRACK RACING,360º RETURN ROLLER TRACK,P502059W
01t4w00000NumxlAAB,TRAILER CON VEHÍCULOS,4 ECUATIONS FOR INTERNAL FLATBED TRAILER,P501002W
01t4w00000NumxmAAB,TRAILER CON MOTOS,INERTIA FLATBED TOW 6 MOTORCYCLES,P501003W
01t4w00000NumxnAAB,VEHÍCULO RADIO CONTROL,1:16 RC CLIMBING CAR 2.4G,P503014W
01t4w00000NumxoAAB,ESTACIÓN DE GASOLINA,GAS STATION ALLOY SUIT,P501004W
01t4w00000NumxpAAB,GARAGE CON ELEVADOR,"CITY PARKING LOT, TRACK CAN SLIP",P502061W
01t4w00000NumxqAAB,GARAGE PLUS,GARAGE,P502062W
01t4w00000NumxrAAB,REGADERAS 7 LITROS,7 LITER WATERING CAN,G401055A
01t4w00000NumxtAAB,REGADERA 13 LITROS,WATERING CAN 13 LITERS,G401057A
01t4w00000NumxuAAB,REGADERA 5 LITROS CON TAPA,5 LITER WATERING CAN WITH LID,G401058A
01t4w00000NumxvAAB,GARAGE CON ESTACIÓN DE GASOLINA,PARKING LOT,P502063W
01t4w00000NumxwAAB,PISTA DINOSAURIO TREN,DINOSAUR RAILCAR,P502064W
01t4w00000NumxxAAB,MOTOCICLETA RC,2.4G SIDE STUNT MOTORCYCLE,P503011W
01t4w00000NumxyAAB,VEHÍCULO RADIO CONTROL 5 RUEDAS,MINI FIVE-WHEELED STURNT CAR WITH 2.4G BATTERY,P503013W
01t4w00000NumxzAAB,REGADERA 9 LITROS CON TAPA,9 LITER WATERING CAN WITH LID,G401059A
01t4w00000Numy0AAB,VEHÍCULO RADIO CONTROL MALABARES,MINI DRUNK STUNT CAR  27MHZ,P503012W
01t4w00000Numy1AAB,VEHÍCULO RADIO CONTROL,1:16 WATERMARK SIMULATION RC VEHICLE,P503016W
01t4w00000Numy2AAB,VEHÍCULO FRICCIÓN,TOY,P501005W
01t4w00000Numy3AAB,AUTOBÚS,BUS INERTIA VEHICLE,P501006W
01t4w00000Numy4AAB,TRAILER CON VEHÍCULOS PORTABLE,HAN-HELD GIFT BOX CONTAINER TAXIING,P501007W
01t4w00000Numy5AAB,TABLA QUESOS CIRCULAR ACACIA,Serving board,H213001B
01t4w00000Numy6AAB,TABLA PICAR CIRCULAR ACACIA,Serving board,H213002B
01t4w00000Numy7AAB,TABLA QUESOS CIRCULAR CORCHO + SET 2 CUCHILLOS,Acacia  serving board with set 2 knives,H213007B
01t4w00000Numy8AAB,TABLA QUESOS RECTANGULAR ACACIA,Serving board,H213003B
01t4w00000Numy9AAB,TABLA PICAR RECTANGULAR ACACIA,Serving board,H213004B
01t4w00000NumyAAAR,TABLA PICAR RECTANGULAR ACACIA,Serving board,H213005B
01t4w00000NumyBAAR,TABLA QUESOS RECTANGULAR CORCHO + SET 2 CUCHILLOS,Acacia  serving board with set 2 knives,H213006B
01t4w00000NumyCAAR,TABLA QUESOS CIRCULAR ACACIA,Acacia wood serving board,H213008B
01t4w00000NumyDAAR,TABLA QUESOS RECTANGULAR ACACIA,Acacia wood serving board,H213009B
01t4w00000NumyEAAR,TABLA PICAR RECTANGULAR CORCHO,cork serving board,H213010B
01t4w00000NumyFAAR,TABLA PICAR RECTANGULAR CORCHO,cork serving board,H213011B
01t4w00000NumyGAAR,TABLA QUESOS CIRCULAR BAMBU,Bamboo serving board,H213012B
01t4w00000NumyHAAR,TABLA QUESOS RECTANGULAR BAMBU,Bamboo serving board,H213015B
01t4w00000NumyIAAR,TABLA QUESOS TRIANGULAR BAMBU,Bamboo serving plate,H213016B
01t4w00000NumyJAAR,TABLA QUESOS CIRCULAR BAMBU,Bamboo serving board,H213013B
01t4w00000NumyKAAR,TABLA QUESOS RECTANGULAR BAMBU,Bamboo serving board,H213014B
01t4w00000NumyLAAR,TABLA QUESOS CIRCULAR BAMBU,Bamboo serving board,H213019B
01t4w00000NumyMAAR,TABLA QUESOS TRIANGULAR BAMBU,Bamboo serving plate,H213017B
01t4w00000NumyNAAR,TABLA QUESOS CIRCULAR BAMBU,Bamboo serving board,H213018B
01t4w00000NumyOAAR,BANDEJA BAMBU,Bamboo tray,H213020B
01t4w00000NumyPAAR,PORTA UTENSILIOS ACACIA,Acacia utensil holder,H213023B
01t4w00000NumyQAAR,ESPEJO BAMBU CUADRADO CON 2 CAJONES,Bamboo mirror,H409024B
01t4w00000NumyRAAR,ESPEJO BAMBU CIRCULAR CON CAJON,Bamboo mirror,H409025B
01t4w00000NumySAAR,ESPEJO BAMBU CON 2 BANDEJAS,Acacia stand with mirror,H409026B
01t4w00000NumyTAAR,ESPEJO BAMBU CON BANDEJA,Acacia stand with mirror,H409027B
01t4w00000NumyUAAR,SET 5 POSAVASOS ACACIA,Set 5 Acacia coaster,H213021B
01t4w00000NumyVAAR,BLOQUE CUCHILLOS ACACIA,Acacia knife block,H213022B
01t4w00000NumyWAAR,PORTA MAQUILLAJE ACACIA,Acacia makeup holder,H409028B
01t4w00000NumyXAAR,ESTANTERIA 4 NIVELES,4 tier shelf,H314021B
01t4w00000NumyYAAR,ESTANTERIA 4 NIVELES,4 tier shelf,H314022B
01t4w00000NumyZAAR,ESTANTERIA 5 NIVELES,5 tier shelf,H314024B
01t4w00000NumyaAAB,ESTANTERIA 6 NIVELES,6 tier shelf,H314023B
01t4w00000NumybAAB,MESA ESCRITORIO,DESK,H102044B
01t4w00000NumycAAB,MESA ESCRITORIO,DESK,H102045B
01t4w00000NumydAAB,ESTANTERIA 5 NIVELES,5 tier shelf,H314025B
01t4w00000NumyeAAB,SET MESAS AUXILIARES 3 PIEZAS,SET 3 PIECES SIDE TABLES,H312126B
01t4w00000NumyfAAB,CENTRO ENTRETENIMIENTO 3 CAJONES,TV STAND,H316001B
01t4w00000NumygAAB,ESTANTERIA 5 NIVELES,5 tier shelf,H314027B
01t4w00000NumyhAAB,MESA AUXILIAR,SIDE TABLE,H312122B
01t4w00000NumyiAAB,ESTANTERIA 4 NIVELES,4 tier shelf,H314026B
01t4w00000NumyjAAB,SET MESAS AUXILIARES 2 PIEZAS,SET 2 PIECES SIDE TABLES,H312123B
01t4w00000NumykAAB,MESA ESCRITORIO,DESK,H102046B
01t4w00000NumylAAB,ESTANTERIA 4 NIVELES CON 2 BINS,3 tier shelf with 2 baskets,H314030B
01t4w00000NumymAAB,SET MESAS AUXILIARES 3 PIEZAS,SET 3 PIECES SIDE TABLES,H312127B
01t4w00000NumynAAB,ESTANTERIA 3 NIVELES,3 TIER SHELF,H314028B
01t4w00000NumyoAAB,ESTANTERIA 4 NIVELES,4 tier shelf,H314029B
01t4w00000NumypAAB,APARADOR 2 CAJONES,DESK WITH 2 DRAWERS,H102047B
01t4w00000NumyqAAB,ESTANTERIA 5 NIVELES CON 2 CAJONES,SHELF WITH 2 DRAWERS,H314031B
01t4w00000NumyrAAB,BANCA ZAPATERA 1 NIVEL CON PERCHERO,SHELF WITH HOOKS AND BENCH,H314032B
01t4w00000NumysAAB,PERCHERO CON BIN DE MADERA,coat rack with wooden box,H314033B
01t4w00000NumytAAB,MESA AUXILIAR 1 NIVEL,COFFE TABLE,H312124B
01t4w00000NumyuAAB,MESA AUXILIAR,SIDE TABLE,H312128B
01t4w00000NumyvAAB,SET MESAS AUXILIARES 2 PIEZAS,SET 2 PIECES COFFEE TABLES,H312129B
01t4w00000NumywAAB,SET MESAS AUXILIARES 2 PIEZAS,SET 2 PIECES COFFEE TABLES,H312125B
01t4w00000NumyxAAB,SET MESAS AUXILIARES 2 PIEZAS,SET 2 PIECES COFFEE TABLES,H312130B
01t4w00000NumyyAAB,SET MESAS AUXILIARES 2 PIEZAS,SET 2 PIECES COFFEE TABLES,H312131B
01t4w00000NumyzAAB,MESA AUXILIAR,SIDE TABLE,H312132B
01t4w00000Numz0AAB,ESTANTERIA 4 NIVELES,4 TIER SHELF,H314036B
01t4w00000Numz1AAB,MESA AUXILIAR,SIDE TABLE,H314034B
01t4w00000Numz2AAB,MESA AUXILIAR,SIDE TABLE,H312133B
01t4w00000Numz3AAB,ESTANTERIA 3 NIVELES,3 TIER SHELF,H314035B
01t4w00000Numz4AAB,ESTANTERIA 3 NIVELES,3 TIER SHELF,H314037B
01t4w00000Numz5AAB,ESTANTERIA 2 NIVELES,2 TIER SHELF,H314038B
01t4w00000Numz6AAB,REPISA MAGICA,Floating shelf,H314040B
01t4w00000Numz7AAB,REPISA MAGICA HEXAGONAL,Hexagonal Shelf,H314042B
01t4w00000Numz8AAB,REPISA MAGICA HEXAGONALES,Hexagonal Shelf (3 pcs),H314043B
01t4w00000Numz9AAB,REPISA MAGICA,Floating shelf,H314039B
01t4w00000NumzAAAR,REPISA MAGICA,Floating shelf,H314041B
01t4w00000NumzBAAR,SET REPISAS MAGICAS 2 PIEZAS GEMELAS,Floating twin shelfs,H314044B
01t4w00000NumzCAAR,REPISA MAGICA CUBO DIVISIONES,Square Shelf,H314045B
01t4w00000NumzDAAR,REPISA 1 NIVEL CUADRADO,Square metal Shelf,H314046B
01t4w00000NumzEAAR,REPISA 3 NIVELES ESCALERA,Metal Shelf,H314047B
01t4w00000NumzFAAR,REPISA 2 NIVELES CIRCULO,Round metal Shelf,H314048B
01t4w00000NumzGAAR,REPISA 2 NIVELES CASA,House metal Shelf,H314049B
01t4w00000NumzHAAR,RESPISA 3 NIVELES HEXAGONAL,Hexagonal metal Shelf,H314050B
01t4w00000NumzIAAR,REPISA 5 NIVELES ESQUINA DECORATIVA,Corner rack Shelf,H314051B
01t4w00000NumzJAAR,REPISA MAGICA CON LUZ,Floating shelf with Light,H314052B
01t4w00000NumzKAAR,REPISA MAGICA CON BOCINAS BLUETOOTH,Floating shelf with Bluetooth,H314053B
01t4w00000NumzLAAR,REPISA MAGICA CON RELOJ,Floating shelf with clock,H314054B
01t4w00000NumzMAAR,REPISA MAGICA ESQUINA,FLOATING CORNER SHELF,H314055B
01t4w00000NumzNAAR,REPISA MAGICA ESQUINA,FLOATING CORNER SHELF,H314056B
01t4w00000NumzOAAR,REPISA MAGICA ESQUINA,FLOATING CORNER SHELF,H314057B
01t4w00000NumzPAAR,MOLDES PARA ARENA,CASTLE MOULDS,P201013W
01t4w00000NumzQAAR,HERRAMIENTAS PARA ARENA,TOOLS,P201015W
01t4w00000NumzRAAR,REPISA MAGICA,Floating Shelf,H314058B
01t4w00000NumzSAAR,SET REPISAS MAGICAS 3 PIEZAS CUBOS,3 PIECES CUBE SHELF,H314061A
01t4w00000NumzUAAR,HERRAMIENTAS PARA ARENA,TOOL,P201016W
01t4w00000NumzVAAR,SET REPISAS MAGICAS 3 PIEZAS CUBOS,Wall Cube Shelf,H314059B
01t4w00000NumzWAAR,SET REPISAS MAGICAS 3 PIEZAS CUBOS,3 PIECES CUBE SHELF,H314060B
01t4w00000NumzXAAR,MOLDES PARA ARENA,CASTLE MOULDS,P201017W
01t4w00000NumzYAAR,MOLDES PARA ARENA,SAND ROLLER,P201019W
01t4w00000NumzZAAR,MOLDES PARA ARENA,PLASTIC TRAY (36X24),P201024W
01t4w00000NumzaAAB,MOLDES PARA ARENA,48 PIECES ASSORTED MOLDS,P201025W
01t4w00000NumzbAAB,ACCESORIOS PARA ARENA,CREATIVE PARTS,P201018W
01t4w00000NumzcAAB,MOLDES PARA ARENA,ANIMAL CITTER,P201020W
01t4w00000NumzdAAB,MOLDES PARA ARENA,DREAM CASTEL,P201021W
01t4w00000NumzeAAB,MOLDES PARA ARENA,ICE CREAM,P201022W
01t4w00000NumzfAAB,MOLDES PARA ARENA,MULTI-FUNCTION ROLLER,P201023W
01t4w00000NumzgAAB,MOLDES PARA ARENA,MIXER,P201026W
01t4w00000NumzhAAB,SET REPISAS MAGICAS 2 PIEZAS CUBOS,2 PIECES CUBE SHELF,H314062B
01t4w00000NumziAAB,SET REPISAS MAGICAS 3 PIEZAS RECTANGULARES,3 PIECES RECTANGULAR SHELF,H314063B
01t4w00000NumzjAAB,SET REPISAS MAGICAS 3 PIEZAS EN U,FLOATING SHELF,H314065B
01t4w00000NumzkAAB,REPISA MAGICA 2 NIVELES,Floating Shelf,H314068B
01t4w00000NumzlAAB,REPISA MAGICA ZIC ZAC,"FLOATING ""ZIGZAG"" SHELF",H314064B
01t4w00000NumzmAAB,REPISA MAGICA CUBO,FLOATING CUBE SHELF,H314066B
01t4w00000NumznAAB,REPISA MAGICA EN L,Floating Shelf,H314069B
01t4w00000NumzoAAB,REPISA MAGICA 2 NIVELES,Floating Shelf,H314067B
01t4w00000NumzpAAB,REPISA MAGICA,Floating Shelf,H314070B
01t4w00000NumzqAAB,REPISA MAGICA,Floating Shelf,H314071B
01t4w00000NumzrAAB,REPISA MAGICA,Floating Shelf,H314072B
01t4w00000NumzsAAB,REPISA MAGICA,Floating Shelf,H314073A
01t4w00000NumztAAB,REPISA MAGICA PERCHERO,Floating Shelf with hooks,H314074B
01t4w00000NumzuAAB,REPISA MAGICA PERCHERO,Floating Shelf with hooks,H314075B
01t4w00000NumzvAAB,REPISA MAGICA DOBLE AJUSTABLE,Metal wall shelf,H314080B
01t4w00000NumzwAAB,REPISA MAGICA,Floating Shelf,H314076B
01t4w00000NumzxAAB,REPISA MAGICA EN CRUZ,Floating Shelf,H314077B
01t4w00000NumzyAAB,REPISA MAGICA ORGANIZADOR BAÑO,Wall Shelf,H314078B
01t4w00000NumzzAAB,REPISA MAGICA CON CORREA DE CUERO,Leather strap floating shelf,H314079B
01t4w00000Nun00AAB,ORGANIZADOR ESTACIONARIO,Stationery display rack,H406035B
01t4w00000Nun01AAB,REPISA MAGICA CON 1 CAJON,FLOATING SHELF WITH 1 DRAWER,H314081B
01t4w00000Nun02AAB,PERCHERO PARED MDF,Coat Wall Rack,H315001B
01t4w00000Nun03AAB,REPISA MAGICA PERCHERO,Coat Wall Rack,H314082B
01t4w00000Nun04AAB,REPISA MAGICA INFANTIL,CHILDREN FLOATING SHELF,H314083B
01t4w00000Nun05AAB,REPISA MAGICA INFANTIL,CHILDREN FLOATING SHELF,H314085B
01t4w00000Nun06AAB,REPISA MAGICA INFANTIL,CHILDREN FLOATING SHELF,H314084B
01t4w00000Nun07AAB,REPISA MAGICA INFANTIL,CHILDREN FLOATING SHELF,H314086B
01t4w00000Nun08AAB,MESA BURO 1 CAJON,1 DRAWER SIDE TABLE,H312134B
01t4w00000Nun09AAB,ESTANTERIA 2 NIVELES,4 cabinet,H312135B
01t4w00000Nun0AAAR,ESTANTERIA 3 NIVELES,3 cabinet,H314087B
01t4w00000Nun0BAAR,ASADOR CARBON REDONDO,ROUND CHARCOAL GRILL,G301002A
01t4w00000Nun0OAAR,ESTANTERIA 4 NIVELES,4 cabinet,H314088B
01t4w00000Nun0RAAR,MESA BURO 1 CAJON,side table,H313031B
01t4w00000Nun0XAAR,MESA BURO 3 CAJONES,3 drawer cabinet,H313032B
01t4w00000Nun0lAAB,MESA BURO 1 CAJON,side table,H312136B
01t4w00000Nun0pAAB,MESA BURO 2 CAJONES,2 drawer side table,H313033B
01t4w00000Nun0qAAB,MESA BURO 1 CAJON + 1 ESTANTE,1 shelf 1 drawer cabinet,H312138B
01t4w00000Nun10AAB,MESA BURO 1 CAJON,1 drawer cabinet,H312137B
01t4w00000Nun16AAB,APARADOR 2 PUERTAS,2 door cabinet,H312139B
01t4w00000Nun17AAB,MESA BURO 1 CAJON,1 drawer cabinet,H312140B
01t4w00000Nun1CAAR,APARADOR 3 CAJONES,3 drawer cabinet,H312141B
01t4w00000Nun1DAAR,APARADOR 1 PUERTA,1 door cabinet,H312142B
01t4w00000Nun1EAAR,MESA AUXILIAR,coffee table,H312144B
01t4w00000Nun1MAAR,SET MESAS AUXILIARES 3 PIEZAS,set 3 coffee table,H312143B
01t4w00000Nun1NAAR,MESA AUXILIAR  2 PIEZAS,set 2 coffee table,H312145B
01t4w00000Nun1OAAR,SET MESAS AUXILIARES 2 PIEZAS,set 2 coffee table,H312146B
01t4w00000Nun1WAAR,SET MESAS AUXILIARES 2 PIEZAS,set 2 coffee table,H312147B
01t4w00000Nun1YAAR,SET MESAS AUXILIARES 3 PIEZAS,set 3 coffee table,H312148B
01t4w00000Nun1ZAAR,SET MESAS AUXILIARES 2 PIEZAS,set 2 coffee table,H312149B
01t4w00000Nun1cAAB,SET MESAS AUXILIARES 2 PIEZAS,set 2 coffee table,H312150B
01t4w00000Nun1dAAB,SET MESAS AUXILIARES 3 PIEZAS,set 3 coffee table,H312151B
01t4w00000Nun1eAAB,SET MESAS AUXILIARES 3 PIEZAS,set 3 coffee table,H312152B
01t4w00000Nun1fAAB,SET MESAS AUXILIARES 3 PIEZAS,set 3 coffee table,H312153B
01t4w00000Nun1gAAB,MESA AUXILIAR,side table,H312155B
01t4w00000Nun1hAAB,MESA AUXILIAR,side table,H312154B
01t4w00000Nun1iAAB,SET MESAS AUXILIARES 3 PIEZAS,set 3 coffee table,H312159B
01t4w00000Nun1jAAB,SET MESAS AUXILIARES 3 PIEZAS,set 3 coffee table,H312160B
01t4w00000Nun1kAAB,CAJA FUERTE DIGITAL,"""Electronic hotel safe Thickness:body 2mm, door 5mm""",H407001B
01t4w00000Nun1lAAB,MESA AUXILIAR,side table,H312156B
01t4w00000Nun1mAAB,MESA ESCRITORIO,desk,H313034B
01t4w00000Nun1nAAB,SET MESAS AUXILIARES 2 PIEZAS,set 2 coffee table,H312157B
01t4w00000Nun1oAAB,SET MESAS AUXILIARES 3 MESAS,set 3 coffee table,H312158B
01t4w00000Nun1pAAB,CAJA FUERTE DIGITAL + HUELLA,"""Electronic fingerprint safe Thickness:body 1.5mm, door 4mm""",H407002B
01t4w00000Nun1qAAB,CAJA FUERTE DIGITAL + HUELLA,"""Laser cutting electronic fingerprint safe Dimension:450X380X350MM Thickness:body 3mm, door 5mm""",H407003B
01t4w00000Nun1rAAB,CAJA FUERTE DIGITAL,"""Laser cutting electronic safe Thickness:body 3mm, door 6mm""",H407004B
01t4w00000Nun1sAAB,MESA AUXILIAR,coffee table,H312161B
01t4w00000Nun1tAAB,MESA ESCRITORIO,desk,H312164B
01t4w00000Nun1uAAB,MESA AUXILIAR,set 2 coffee table,H312162B
01t4w00000Nun1vAAB,CAJA FUERTE DIGITAL,"""Electronic safe Thickness:body 1.5mm, door 4mm""",H407005B
01t4w00000Nun1wAAB,MESA AUXILIAR 1 CAJÓN,coffee table,H312163B
01t4w00000Nun1xAAB,CAJA FUERTE DIGITAL,"""Electronic safe Thickness:body 1.5mm, door 4mm""",H407006B
01t4w00000Nun1yAAB,CAJA FUERTE DIGITAL,"""Electronic safe Thickness:body 2mm, door 4mm""",H407007B
01t4w00000Nun21AAB,MESA ESCRITORIO,desk,H313035B
01t4w00000Nun23AAB,CAJA FUERTE DIGITAL,"""Electronic safe Thickness:body 2mm, door 4mm""",H407008B
01t4w00000Nun24AAB,APARADOR 3 CAJONES,3 drawer cabinet,H313036B
01t4w00000Nun25AAB,CARRITO BAÑO 3 NIVELES,bathroom trolley,H404008B
01t4w00000Nun26AAB,PERCHERO METAL+BAMBU DOBLE,coat rack,H313039B
01t4w00000Nun27AAB,APARADOR 8 CAJONES,Cabinet,H313037B
01t4w00000Nun28AAB,CARRITO ORGANIZADOR COCINA 3 NIVELES,kitchen trolley,H212007B
01t4w00000Nun29AAB,CARRITO ORGANIZADOR COCINA 3 NIVELES,Kitchen trolley,H212008B
01t4w00000Nun2AAAR,CARRITO ORGANIZADOR COCINA 2 NIVELES,kitchen trolley,H212010B
01t4w00000Nun2BAAR,CARRITO ISLA COCINA,Kitchen trolley,H212009B
01t4w00000Nun2CAAR,CARRITO BAÑO 3 NIVELES,bathroom trolley,H404007B
01t4w00000Nun2DAAR,CARRITO BAÑO 3 NIVELES,bathroom trolley,H404009B
01t4w00000Nun2EAAR,PERCHERO METAL+MDF,coat rack,H313038B
01t4w00000Nun2FAAR,PERCHERO METAL+BAMBU,coat rack,H313040B
01t4w00000Nun2GAAR,PERCHERO METAL+BAMBU,coat rack,H313041B
01t4w00000Nun2HAAR,MESA JARDIN REDONDA,"""round glass table  size:?105*71cm steel frame tube: 35*13*1.0mm leg tube: ?42*14*0.85mm fix tube: 36*14*0.85mm 5mm fabric pattern glass""",G109007A
01t4w00000Nun2LAAR,MESA JARDIN RECTANGULAR,"glass table                         size: 150x90x71cm, steel tube: 42x14mm, 5mm fabric pattern glass",G109008A
01t4w00000Nun2QAAR,MESA JARDIN REDONDA BISTRO PLEGABLE,"""FOLDING TABLE Dia.60xH72cm leg tube:14x28mm 5mm fabric  pattern glass  """,G109009A
01t4w00000Nun2XAAR,MESA JARDIN RECTANGULAR,"Steel and alu rope glass table  size:178X98XH72CM       steel,48DIAX1MM   alu,70x20x1mm                          flat rope ,polyester          Powder coating finish",G109010A
01t4w00000Nun30AAB,ASADOR CARBON REDONDO CON MESA LATERAL,ROUND CHARCOAL GRILL WITH SIDE TABLE,G301001A
01t4w00000Nun31AAB,ASADOR CARBON CUADRADO PLEGABLE CON MESA,FOLDING SQUARE CHARCOAL GRILL WITH TABLE,G301003A
01t4w00000Nun32AAB,ASADOR CARBON CUADRADO CON MESAS LATERALES,SQUARE CHARCOAL GRILL WITH SIDE TABLES,G301004A
01t4w00000Nun33AAB,ASADOR CARBON AHUMADOR CILINDRICO,CHARCOAL GRILL CYLINDRICAL SMOKER,G301005A
01t4w00000Nun34AAB,ASADOR CARBON CUADRADO,SQUARE CHARCOAL GRILL,G301006A
01t4w00000Nun35AAB,ASADOR CARBON AHUMADOR CILINDRICO,CHARCOAL GRILL CYLINDRICAL SMOKER,G301007A
01t4w00000Nun36AAB,ASADOR CARBON AHUMADOR PIZZA,CHARCOAL GRILL SMOKER PIZZA,G301008A
01t4w00000Nun3AAAR,ASADOR CARBON REDONDO,ROUND CHARCOAL GRILL,G301009A
01t4w00000Nun3EAAR,ASADOR CARBON RECTANGULAR CON MESAS LATERALES,RECTANGULAR CHARCOAL GRILL WITH SIDE TABLES,G301014A
01t4w00000Nun3GAAR,ASADOR CARBON RECTANGULAR CON MESA LATERAL,RECTANGULAR CHARCOAL GRILL WITH SIDE TABLE,G301010A
01t4w00000Nun3HAAR,ASADOR MIXTO CARBON-GAS,CHARCOAL-GAS MIXED GRILL,G301012A
01t4w00000Nun3JAAR,ASADOR CARBON RECTANGULAR CON MESA LATERAL+FRONTAL,RECTANGULAR CHARCOAL GRILL WITH SIDE+FRONT TABLE,G301011A
01t4w00000Nun3MAAR,ASADOR GAS CON MESAS LATERALES,GAS GRILL WITH SIDE TABLES,G301013A
01t4w00000Nun3QAAR,ASADOR FIRE PIT REDONDO,ROUND FIRE PIT GRILL,G301015A
01t4w00000Nun3RAAR,ASADOR FIRE PIT REDONDO CON RUEDAS,ROUND FIRE PIT GRILL WITH WHEELS,G301016A
01t4w00000Nun3TAAR,ASADOR FIRE PIT LEÑA,FIRE PIT LOG GRILL,G301020A
01t4w00000Nun3UAAR,ASADOR FIRE PIT HIERRO FUNDIDO,CAST IRON FIRE PIT GRILL,G301017A
01t4w00000Nun3VAAR,ASADOR FIRE PIT HEXAGONAL,HEXAGONAL FIRE PIT GRILL,G301018A
01t4w00000Nun3WAAR,PLATO PIEDRA PIZZA BBQ,BBQ PIZZA STONE PLATE,G302002A
01t4w00000Nun3XAAR,ASADOR FIRE PIT CUADRADO,SQUARE FIRE PIT GRILL,G301019A
01t4w00000Nun3YAAR,CONTENEDOR CARBON BBQ,BBQ CHARCOAL CONTAINER,G302001A
01t4w00000Nun3ZAAR,BANDEJA GRILL BBQ,BBQ GRILL TRAY,G302003A
01t4w00000Nun3aAAB,AGUJAS ELOTE-MAIZ BBQ,BBQ CORN NEEDLES,G302007A
01t4w00000Nun3bAAB,MANOPLA BBQ,BBQ MITTEN,G302008A
01t4w00000Nun3fAAB,BANDEJA GRILL BBQ,BBQ GRILL TRAY,G302004A
01t4w00000Nun3gAAB,PLATO ASAR POLLO BBQ,BBQ CHICKEN ROASTING PLATE,G302005A
01t4w00000Nun3hAAB,MANDIL CHEF BBQ,CHEF BBQ APRON,G302009A
01t4w00000Nun3oAAB,PINCHO GRILL BBQ,BBQ GRILL SKEWER,G302006A
01t4w00000Nun3vAAB,SET ACCESORIOS 4 PIEZAS BBQ,4 PIECE BBQ ACCESSORIES SET,G302010A
01t4w00000Nun3wAAB,SET ACCESORIOS 3 PIEZAS BBQ,3PCS BBQ TOOL SET,G302014A
01t4w00000Nun3zAAB,SET ACCESORIOS 4 PIEZAS BBQ,4 PIECE BBQ ACCESSORIES SET,G302011A
01t4w00000Nun40AAB,SET ACCESORIOS 4 PIEZAS BBQ,4 PCS BBQ TOOL SET,G302012A
01t4w00000Nun41AAB,SET ACCESORIOS 3 PIEZAS BBQ,3 PIECE BBQ ACCESSORIES SET,G302013A
01t4w00000Nun42AAB,PARRILA HAMBURGUESAS,BURGER GRILL,G302018A
01t4w00000Nun49AAB,ENCENDEDOR MANUAL BBQ,MANUAL BBQ LIGHTER,G302015A
01t4w00000Nun4AAAR,PARRILA GRILL PESCADO BBQ,BBQ FISH GRILL,G302016A
01t4w00000Nun4BAAR,PARRILA GRILL VERDURAS BBQ,BBQ VEGETABLE GRILL GRILL,G302017A
01t4w00000Nun4DAAR,PARRILA GRILL SALCHICHAS BBQ,GRILL SAUSAGES BBQ,G302019A
01t4w00000Nun4EAAR,PARRILA GRILL BBQ,GRILL BBQ,G302020A
01t4w00000Nun4KAAR,SET COMEDOR MDF + 4 SILLAS,DINING SET,H210034B
01t4w00000Nun4OAAR,SET COMEDOR MDF + 2 SILLAS + BANCO,DINING SET,H210035B
01t4w00000Nun4PAAR,SET COMEDOR MDF + 4 SILLAS,DINING SET,H210036B
01t4w00000Nun4QAAR,SET COMEDOR MDF + 4 SILLAS,DINING SET,H210037B
01t4w00000Nun4RAAR,SET COMEDOR MDF + 4 SILLAS,DINING SET,H210038B
01t4w00000Nun50AAB,SET COMEDOR MDF + 4 SILLAS,DINING SET,H210039B
01t4w00000Nun51AAB,SET COMEDOR MDF + 4 SILLAS,DINING SET,H210041B
01t4w00000Nun52AAB,SET COMEDOR MDF + 6 SILLAS,DINING SET,H210042B
01t4w00000Nun5AAAR,SET COMEDOR BAR MDF + 4 TABURETES,BAR SET,H210040B
01t4w00000Nun5BAAR,SET COMEDOR MDF + 4 SILLAS,DINING SET,H210043B
01t4w00000Nun5JAAR,SET COMEDOR CRISTAL + 4 SILLAS,GLASS DINING SET + 4 CHAIRS,H210044B
01t4w00000Nun5KAAR,SET COMEDOR MDF + 4 SILLAS,DINING SET,H210055B
01t4w00000Nun5MAAR,SET COMEDOR CRISTAL + 6 SILLAS,GLASS DINING SET + 6 CHAIRS,H210045B
01t4w00000Nun5RAAR,SET COMEDOR MDF + 6 SILLAS,MDF DINING SET + 6 CHAIRS,H210046B
01t4w00000Nun5SAAR,SET COMEDOR MDF + 4 SILLAS,DINING SET,H210047B
01t4w00000Nun5TAAR,SET COMEDOR MDF + 4 TABURETES,DINING SET,H210048B
01t4w00000Nun5UAAR,SET COMEDOR CRISTAL + 4 SILLAS,GLASS DINING SET + 4 CHAIRS,H210051B
01t4w00000Nun5YAAR,SET COMEDOR MDF + 2 SILLAS + BANCO,DINING SET,H210049B
01t4w00000Nun5ZAAR,SET COMEDOR MDF + 4 SILLAS,DINING SET,H210052B
01t4w00000Nun5gAAB,SET COMEDOR CRISTAL + 4 SILLAS,GLASS DINING SET + 4 CHAIRS,H210050B
01t4w00000Nun5lAAB,SET COMEDOR BAR MDF + 4 TABURETES,BAR SET,H210053B
01t4w00000Nun5uAAB,SET COMEDOR CRISTAL + 4 TABURETES AHORRAESPACIO,DINING SET,H210054B
01t4w00000Nun5vAAB,SET COMEDOR MDF + 4 TABURETES,DINING SET,H210056B
01t4w00000Nun5wAAB,SET COMEDOR BAR MDF + 2 SILLAS,DINING SET,H210057B
01t4w00000Nun5xAAB,SET DESAYUNADOR MDF + 2 BANCOS,DINING SET,H210058B
01t4w00000Nun61AAB,SET DESAYUNADOR MDF + 2 BANCOS + ALMACENAJE,DINING SET,H210059B
01t4w00000Nun62AAB,SET COMEDOR MDF + 2 SILLAS AHORRAESPACIO,DINING SET,H210060B
01t4w00000Nun69AAB,SET MESA MDF + 2 SILLAS,TABLE CHAIR SET,H210061B
01t4w00000Nun6AAAR,SET MESA MDF + 2 SILLAS,TABLE CHAIR SET,H210062B
01t4w00000Nun6BAAR,SET MESA MDF + 2 TABURETES,TABLE STOOL SET,H210063B
01t4w00000Nun6CAAR,MESA ESCRITORIO + LIBRERO 3 NIVELES,DESK TABLE + 3 LEVEL BOOKCASE,H102048B
01t4w00000Nun6DAAR,SET MESA MDF + 2 TABURETES,TABLE STOOL SET,H210064B
01t4w00000Nun6EAAR,MESA AUXILIAR,SIDE TABLE,H211008B
01t4w00000Nun6FAAR,SILLA COMEDOR TELA,FABRIC DINING CHAIR,H201083B
01t4w00000Nun6HAAR,SILLA COMEDOR TELA,FABRIC DINING CHAIR,H201084B
01t4w00000Nun6IAAR,CENTRO ENTRETENIMIENTO 2 CAJONES,ENTERTAINMENT CENTER,H316002B
01t4w00000Nun6JAAR,MESA AUXILIAR,SIDE TABLE,H211009B
01t4w00000Nun6KAAR,SILLA COMEDOR TELA,FABRIC DINING CHAIR,H201085B
01t4w00000Nun6LAAR,SILLA COMEDOR TELA,FABRIC DINING CHAIR,H201086B
01t4w00000Nun6MAAR,LITERA SOFA,BUNK SOFA,H313042B
01t4w00000Nun6NAAR,LITERA INFANTIL,BUNK,H313043B
01t4w00000Nun6OAAR,LITERA ESCRITORIO,BUNK DESK,H313044B
01t4w00000Nun6PAAR,SET DE ARENA CON ACCESORIOS,3D SAND BOX-FUN BEACH,P201027W
01t4w00000Nun6QAAR,SET DE ARENA CON ACCESORIOS,3D SAND BOX-COOKIES MAKER,P201028W
01t4w00000Nun6RAAR,SET DE ARENA CON ACCESORIOS,3D SAND BOX-DINO DISCOVERY,P201029W
01t4w00000Nun6SAAR,SET DE ARENA CON ACCESORIOS,DELUXE SUITCASE-CREATIVE LEARNING SET,P201032W
01t4w00000Nun6TAAR,ARENA 500 GMS,500G REFILL PACK,P201033W
01t4w00000Nun6UAAR,SET DE ARENA CON ACCESORIOS,3D SAND BOX-SAFARI,P201030W
01t4w00000Nun6VAAR,ARENA CON ACCESORIOS,DELUXE BUCKET-MINI CITY,P201038W
01t4w00000Nun6WAAR,SILLA GAMING,RACING CHAIR,H101022B
01t4w00000Nun6XAAR,SET DE ARENA CON ACCESORIOS,DELUXE BUCKET-CASTLE SET,P201031W
01t4w00000Nun6YAAR,FUENTE ACABADO PIEDRA,Stone finish water fountain,G112001A
01t4w00000Nun6ZAAR,SILLA GAMING,RACING CHARI,H101023B
01t4w00000Nun6aAAB,FUENTE ACABADO PIEDRA,stone finish water fountain,G112002A
01t4w00000Nun6bAAB,SILLA GAMING,RACING CHAIR,H101024B
01t4w00000Nun6cAAB,FUENTE ACABADO PIEDRA,stone finish water fountain,G112003A
01t4w00000Nun6dAAB,ARENA 800 GMS,800G REFILL PACK,P201034W
01t4w00000Nun6eAAB,SILLA GAMING,RACING CHAIR,H101025B
01t4w00000Nun6fAAB,ARENA DE REFILL,REFILL PACK,P201035W
01t4w00000Nun6gAAB,ARENA 1 KG,1000 GMS REFILL PACK,P201036W
01t4w00000Nun6hAAB,FUENTE ACABADO PIEDRA,stone finish water fountain,G112004A
01t4w00000Nun6iAAB,FUENTE ACABADO PIEDRA,Stone finish water fountain,G112006A
01t4w00000Nun6jAAB,SILLA GAMING,RACING CHAIR,H101026B
01t4w00000Nun6kAAB,SILLA GAMING,GAMING CHAIR,H101030B
01t4w00000Nun6lAAB,SET DE ARENA CON ACCESORIOS,DELUXE BUCKET-SEA CREATURE,P201037W
01t4w00000Nun6mAAB,SILLA GAMING,RACING CHAIR,H101027B
01t4w00000Nun6nAAB,FUENTE ACABADO PIEDRA,Stone finish water fountain,G112005A
01t4w00000Nun6oAAB,SILLA GAMING,RACING CHAIR,H101028B
01t4w00000Nun6pAAB,SILLA GAMING,GAMING CHAIR,H101032B
01t4w00000Nun6qAAB,SILLA GAMING,RACING CHAIR,H101029B
01t4w00000Nun6rAAB,SILLA GAMING,GAMING CHAIR,H101031B
01t4w00000Nun6sAAB,SILLA ORDENADOR,HOME CHAIR,H101039B
01t4w00000Nun6tAAB,SILLA ORDENADOR,HOME CHAIR,H101040B
01t4w00000Nun6uAAB,SILLA ORDENADOR,HOME CHAIR,H101033B
01t4w00000Nun6vAAB,SILLA ORDENADOR,HOME CHAIR,H101036B
01t4w00000Nun6xAAB,SILLA ORDENADOR,HOME CHAIR,H101034B
01t4w00000Nun6yAAB,SILLA ORDENADOR,HOME CHAIR,H101035B
01t4w00000Nun6zAAB,SILLA ORDENADOR,HOME CHAIR,H101037B
01t4w00000Nun72AAB,SILLA ORDENADOR,HOME CHAIR,H101038B
01t4w00000Nun78AAB,FUENTE ACABADO PIEDRA,Stone finish water fountain,G112007A
01t4w00000Nun79AAB,FUENTE ACABADO PIEDRA,Stone finish water fountain,G112011A
01t4w00000Nun7AAAR,FUENTE CON ACABADO DE PIEDRA,Stone finish water fountain,G112012A
01t4w00000Nun7BAAR,SILLA ORDENADOR,HOME CHAIR,H101041B
01t4w00000Nun7CAAR,FUENTE ACABADO PIEDRA,GRIS,G112008A
01t4w00000Nun7DAAR,FUENTE ACABADO PIEDRA,Stone finish water fountain,G112009A
01t4w00000Nun7EAAR,FUENTE ACABADO PIEDRA,Stone finish water fountain,G112010A
01t4w00000Nun7FAAR,SILLA ORDENADOR,home chair,H101042B
01t4w00000Nun7GAAR,SILLA ORDENADOR,HOME CHAIR,H101043B
01t4w00000Nun7IAAR,SILLA ORDENADOR,HOME CHAIR,H101044B
01t4w00000Nun7JAAR,SILLA ORDENADOR,HOME CHAIR,H101045B
01t4w00000Nun7aAAB,SOMBRILLA JARDIN 8 RIBS,"""250-8-38 SQUARE Aluminium market umbrella with black and white stripes fabric canopy size :2.5x2.5M square  Main Pole : Alu ,?38mm ,with crank with tilt Ribs:Alu ,8 ribs,12x18mm Fabric :180G/m² polyester?UV 50+ , BLACK AND WHITE stripes  ?without flap wi",G106133A
01t4w00000Nun7dAAB,SOMBRILLA JARDIN LATERAL CON BASE EN CRUZ+LUZ LED,"""350-8 Rome Umbrella with LED straight light and center lamp Main Pole : Alu ,53x77mm Ribs: Alu ,8 ribs,14x24mm , long ribs with LED straight light and center lamp light , with solar panel,with touch swith , USB charging , adjustable lighting brightness ;",G106134A
01t4w00000Nun7gAAB,SOMBRILLA JARDÍN LATERAL CON BASE EN CRUZ,"""300-8 Economic Rome umbrella with double deck  Main Pole : steel ,?48mm Ribs: steel ,8 ribs,12x18mm Fabric :180G/m² polyester?without flap with air vent ; with cross base Pack:Brown carton""",G106135A
01t4w00000Nun7hAAB,SILLA ORDENADOR MESH,MESH CHAIR,H101046B
01t4w00000Nun7iAAB,SILLA ORDENADOR MESH,MESH CHAIR,H101047B
01t4w00000Nun7jAAB,SOMBRILLA JARDIN LATERAL CON LUZ LED+PANEL SOLAR,"""270-5 Half Umbrella with 15pcs LED light Main Pole : steel ,?38mm?with crank without tilt; Ribs: steel ,5 ribs,12x18mm , with 15pcs LED light with solar panel ; Fabric :160G/m² polyester?without flap with air vent ; Pack:Brown carton""",G106139A
01t4w00000Nun7kAAB,SOMBRILLA JARDIN 8 RIBS CON LUZ LED+PANEL SOLAR,"""270-8 Market Umbrella with LED straight light and center lamp light Main Pole : Alu ,?38mm,with crank with tilt Ribs: Alu ,8 ribs,12x18mm , long ribs with LED straight light and center lamp light , with solar panel ,with touch switch , adjustable lightin",G106141A
01t4w00000Nun7nAAB,SOMBRILLA JARDIN LATERAL CON BASE EN CRUZ+LAMPARA CENTRAL LED,UMBRELLA,G106136A
01t4w00000Nun7oAAB,SOMBRILLA JARDIN LATERAL CON BASE EN CRUZ,Rome umbrella with  360° surface revole,G106137A
01t4w00000Nun7pAAB,SILLA ORDENADOR,HOME CHAIR,H101048B
01t4w00000Nun7qAAB,(INACTIVO) SOMBRILLA JARDIN 8 RIBS,Milan Umbrella Main Pole,G106138A
01t4w00000Nun7rAAB,SILLA GAMING  CON BLUETOOTH,RACING CHAIR BLUETOOTH,H101049B
01t4w00000Nun7xAAB,SOMBRILLA JARDIN 8 RIBS INCLINABLES,"""270-8 Market Umbrella with color printing Main Pole : Alu ,?38mm,with crank with tilt Ribs: steel ,8 ribs,12x18mm  Fabric :180G/m² polyester?without flap with air vent ; with color printing Pack:Brown carton""",G106140A
01t4w00000Nun7yAAB,SOMBRILLA JARDIN LATERAL CON LUZ LED+PANEL SOLAR,UMBRELLA,G106143A
01t4w00000Nun82AAB,SOMBRILLA JARDIN 24 RIBS,UMBRELLA,G106142A
01t4w00000Nun8BAAR,CUADRO PARED DECORATIVO,Wall art decor,H315039B
01t4w00000Nun8DAAR,CUADRO PARED DECORATIVO,Wall Art Deco,H315040B
01t4w00000Nun8EAAR,CUADRO PARED DECORATIVO,Wall Art Decor,H315041B
01t4w00000Nun8FAAR,CUADRO PARED DECORATIVO,Wall Art Decor,H315042B
01t4w00000Nun8GAAR,CUADRO PARED DECORATIVO,Wall Art Decor,H315043B
01t4w00000Nun8HAAR,CUADRO PARED DECORATIVO,Wall Art Decor,H315044B
01t4w00000Nun8IAAR,CUADRO PARED DECORATIVO,Wall Art Decor,H315050B
01t4w00000Nun8JAAR,CUADRO PARED DECORATIVO,Wall Art Decor,H315045B
01t4w00000Nun8KAAR,CUADRO PARED DECORATIVO,Wall Art Decor,H315046B
01t4w00000Nun8LAAR,CUADRO PARED DECORATIVO,Wall Art Decor,H315047B
01t4w00000Nun8MAAR,CUADRO PARED DECORATIVO,Wall Art Decor,H315048B
01t4w00000Nun8NAAR,CUADRO PARED DECORATIVO,Wall Art Decor,H315049B
01t4w00000Nun8OAAR,CUADRO PARED DECORATIVO,Wall Art Decor,H315051B
01t4w00000Nun8PAAR,CUADRO PARED DECORATIVO,Wall Art Decor,H315052B
01t4w00000Nun8QAAR,CUADRO PARED DECORATIVO,Wall Art Decor,H315053B
01t4w00000Nun8fAAB,CUADRO PARED DECORATIVO,Wall Art Decor,H315054B
01t4w00000Nun8hAAB,CUADRO PARED DECORATIVO,Wall Art Decor,H315055B
01t4w00000Nun8kAAB,CUADRO PARED DECORATIVO,Wall Art Decor,H315056B
01t4w00000Nun8nAAB,CUADRO PARED DECORATIVO,Wall Art Decor,H315057B
01t4w00000Nun8oAAB,CUADRO PARED DECORATIVO,Wall Art Decor,H315058B
01t4w00000Nun9UAAR,SILLA PLEGABLE ECO PP,FOLDING PP CHAIR,H201022I
01t4w00000Nun9WAAR,CARRITO ISLA COCINA,KITCHEN ISLAND CART,H209026I
01t4w00000Nun9YAAR,MANDIL CON ACCESORIOS,APRON WITH ACCESSORIES,G302027H
01t4w00000Nun9aAAB,SET ACCESORIOS 6 PIEZAS,6 PIECE ACCESSORIES SET,G302023H
01t4w00000Nun9cAAB,MESA AUXILIAR REDONDA,COFFEE TABLE,G109003H
01t4w00000Nun9eAAB,SOMBRILLA JARDIN LATERAL CON BASE EN CRUZ+LAMPARA CENTRAL LED,UMBRELLA,G106136H
01t4w00000Nun9gAAB,(INACTIVO) SOMBRILLA JARDIN 8 RIBS,Milan Umbrella Main Pole,G106138H
01t4w00000Nun9iAAB,SOMBRILLA JARDIN 8 RIBS,2.7M wooden umbrella wooden pole,G106148H
01t4w00000Nun9kAAB,SET COMEDOR BAR MDF + 2 SILLAS,DINING SET,H210057I
01t4w00000Nun9mAAB,SOMBRILLA JARDIN 8 RIBS INCLINABLES,"""270-8 Market Umbrella with color printing Main Pole : Alu ,?38mm,with crank with tilt Ribs: steel ,8 ribs,12x18mm  Fabric :180G/m² polyester?without flap with air vent ; with color printing Pack:Brown carton""",G106140H
01t4w00000Nun9oAAB,MESA ESCRITORIO,COMPUTER DESK,H102029I
01t4w00000Nun9qAAB,SOMBRILLA JARDIN 8 RIBS + LUZ LED,2.7M wooden umbrella wooden pole,G106147H
01t4w00000Nun9sAAB,LAMPARA BOMBILLA SOLAR SUCULENTA,Solar Succulent Bulb Light,G112029H
01t4w00000Nun9uAAB,LAMPARA BOMBILLA SOLAR SUCULENTA,Solar Succulent Bulb Light,G112030H
01t4w00000Nun9wAAB,FUENTE ACABADO PIEDRA,Stone finish water fountain,G112006H
01t4w00000Nun9yAAB,FUENTE ACABADO PIEDRA,Stone finish water fountain,G112005H
01t4w00000NunA0AAJ,MESA AUXILIAR,COFFEE TABLE,H312090I
01t4w00000NunA2AAJ,FUENTE ACABADO PIEDRA,Stone finish water fountain,G112009H
01t4w00000NunA4AAJ,CUADRO PARED DECORATIVO,Wall Art Decor,H315059B
01t4w00000NunA5AAJ,CUADRO PARED DECORATIVO,Wall Art Decor,H315060B
01t4w00000NunA6AAJ,CUADRO PARED DECORATIVO,Wall Art Decor,H315061B
01t4w00000NunAUAAZ,CUADRO PARED DECORATIVO,Wall Art Decor,H315062B
01t4w00000NunAWAAZ,CUADRO PARED DECORATIVO,Wall Art Decor,H315063B
01t4w00000NunAYAAZ,CUADRO PARED DECORATIVO,Wall Art Decor,H315064B
01t4w00000NunAaAAJ,CUADRO PARED DECORATIVO,Wall Art Decor,H315065B
01t4w00000NunAcAAJ,CUADRO PARED DECORATIVO,Wall Art Decor,H315066B
01t4w00000NunAfAAJ,CUADRO PARED DECORATIVO,Wall Art Decor,H315067B
01t4w00000NunAgAAJ,CUADRO PARED DECORATIVO,Wall Art Decor,H315068B
01t4w00000NunAjAAJ,CUADRO PARED DECORATIVO,Wall Art Decor,H315069B
01t4w00000NunAmAAJ,CUADRO PARED DECORATIVO,Wall Art Decor,H315070B
01t4w00000NunAoAAJ,CUADRO PARED DECORATIVO,Wall Art Decor,H315071B
01t4w00000NunAsAAJ,CUADRO PARED DECORATIVO,Wall Art Decor,H315072B
01t4w00000NunAtAAJ,CUADRO PARED DECORATIVO,Wall Art Decor,H315074B
01t4w00000NunAuAAJ,CUADRO PARED DECORATIVO,Wall Art Decor,H315073B
01t4w00000NunAwAAJ,CUADRO PARED DECORATIVO,Wall Art Decor,H315075B
01t4w00000NunAxAAJ,CUADRO PARED DECORATIVO,Wall Art  Decor,H315076B
01t4w00000NunAzAAJ,CUADRO PARED DECORATIVO,Wall Art Decor,H315077B
01t4w00000NunB0AAJ,CUADRO PARED DECORATIVO,Wall  Art Decor,H315078B
01t4w00000NunB2AAJ,SILLA PLEGABLE ACOLCHADA TELA,FABRIC FOLDING CHAIR,H201001I
01t4w00000NunB3AAJ,SILLA PLEGABLE ACOLCHADA TELA,FABRIC FOLDING CHAIR,
01t4w00000NunB4AAJ,SILLA PLEGABLE ECO PP,FOLDING PP CHAIR,H201015I
01t4w00000NunB5AAJ,SILLA PLEGABLE ECO PP,FOLDING PP CHAIR,
01t4w00000NunB6AAJ,MESA RESINA PLEGABLE ? 4 cm,6FT FOLDING HDPE TABLE,G101030Q
01t4w00000NunB8AAJ,MESA RESINA PLEGABLE ? 4 cm,122 CM FOLDING TABLE,G101024Q
01t4w00000NunBAAAZ,MESA RESINA PERSONAL,FOLDING HDPE PERSONAL TABLE ADJUSTABLE,G101018Q
01t4w00000NunBCAAZ,MESA RESINA PLEGABLE 180 CM,6 FT FOLDING HDPE TABLE,G101008Q
01t4w00000NunBEAAZ,MESA RESINA PLEGABLE ? 4.5 cm,6FT FOLDING HDPE TABLE,G101007Q
01t4w00000NunBGAAZ,CUADRO PARED DECORATIVO,Wall Art Decor,H315079B
01t4w00000NunBIAAZ,CUADRO PARED DECORATIVO,Wall Art Decor,H315083B
01t4w00000NunBKAAZ,CUADRO PARED DECORATIVO,Wall Art Decor,H315080B
01t4w00000NunBLAAZ,CUADRO PARED DECORATIVO,Wall Art Decor,H315131B
01t4w00000NunBOAAZ,CUADRO PARED DECORATIVO,Wall Art Decor,H315081B
01t4w00000NunBPAAZ,CUADRO PARED DECORATIVO,Wall Art Decor,H315086B
01t4w00000NunBSAAZ,CUADRO PARED DECORATIVO,Wall Art Decor,H315082B
01t4w00000NunBUAAZ,CUADRO PARED DECORATIVO,Wall Art Decor,H315084B
01t4w00000NunBVAAZ,CUADRO PARED DECORATIVO,Wall Art Decor,H315085B
01t4w00000NunBXAAZ,CUADRO PARED DECORATIVO,Wall Art Decor,H315087B
01t4w00000NunBZAAZ,CUADRO PARED DECORATIVO,Wall Art Decor,H315088B
01t4w00000NunBbAAJ,CUADRO PARED DECORATIVO,Wall Art Decor,H315092B
01t4w00000NunBcAAJ,CUADRO PARED DECORATIVO,Wall Art Decor,H315089B
01t4w00000NunBeAAJ,CUADRO PARED DECORATIVO,Wall Art Decor,H315091B
01t4w00000NunBgAAJ,CUADRO PARED DECORATIVO,Wall Art Decor,H315090B
01t4w00000NunBjAAJ,CUADRO PARED DECORATIVO,Wall Art Decor,H315093B
01t4w00000NunBlAAJ,CUADRO PARED DECORATIVO,Wall Art Decor,H315094B
01t4w00000NunBnAAJ,CUADRO PARED DECORATIVO,Wall Art Decor,H315099B
01t4w00000NunBpAAJ,CUADRO PARED DECORATIVO,Wall Art Decor,H315095B
01t4w00000NunBsAAJ,CUADRO PARED DECORATIVO,Wall Art Decor,H315096B
01t4w00000NunBuAAJ,CUADRO PARED DECORATIVO,Wall Art Decor,H315097B
01t4w00000NunBvAAJ,CUADRO PARED DECORATIVO,Wall Art Decor,H315098B
01t4w00000NunBxAAJ,SET REPISAS MAGICAS 2 PIEZAS CUBOS,CUBE SHELVES DECORATIVE SET OF 2,H302020I
01t4w00000NunByAAJ,SET REPISAS MAGICAS 2 PIEZAS CUBOS,CUBE SHELVES DECORATIVE SET OF 2,
01t4w00000NunBzAAJ,APARADOR 2 NIVELES,3 TIER CONSOLE,H305009I
01t4w00000NunC0AAJ,APARADOR 2 NIVELES,3 TIER CONSOLE,
01t4w00000NunC1AAJ,SET REPISAS MAGICAS 2 PIEZAS CUBO,CUBE SHELVES DIAMOND SET OF 2,H302021I
01t4w00000NunC2AAJ,SET REPISAS MAGICAS 2 PIEZAS CUBO,CUBE SHELVES DIAMOND SET OF 2,
01t4w00000NunC3AAJ,SET REPISAS APILABLES 3 PIEZAS,STACKABLE STORAGES SET OF 3 COLOURS,H302024I
01t4w00000NunC4AAJ,SET REPISAS APILABLES 3 PIEZAS,STACKABLE STORAGES SET OF 3 COLOURS,
01t4w00000NunC5AAJ,MESA ESCRITORIO DE PARED ABATIBLE,WALL DESK WITH FOLDING DOOR,H302026I
01t4w00000NunC6AAJ,MESA ESCRITORIO DE PARED ABATIBLE,WALL DESK WITH FOLDING DOOR,
01t4w00000NunC7AAJ,SILLA GAMING CON LUZ LED,racing chair with LED light,H101050B
01t4w00000NunC9AAJ,MOCHILA ESPALDA INFANTIL,School bag,H106018B
01t4w00000NunCAAAZ,MOCHILA ESPALDA INFANTIL,CHILDREN'S BACKPACK,H106019B
01t4w00000NunCBAAZ,MOCHILA ESPALDA INFANTIL,CHILDREN'S BACKPACK,H106020B
01t4w00000NunCCAAZ,MOCHILA ESPALDA INFANTIL,CHILDREN'S BACKPACK,H106021B
01t4w00000NunCDAAZ,MOCHILA ESPALDA INFANTIL,CHILDREN'S BACKPACK,H106022B
01t4w00000NunCEAAZ,MOCHILA ESPALDA INFANTIL,CHILDREN'S BACKPACK,H106023B
01t4w00000NunCFAAZ,MOCHILA ESPALDA INFANTIL,CHILDREN'S BACKPACK,H106024B
01t4w00000NunCGAAZ,MOCHILA ESPALDA INFANTIL,CHILDREN'S BACKPACK,H106025B
01t4w00000NunCHAAZ,MOCHILA ESPALDA INFANTIL,CHILDREN'S BACKPACK,H106026B
01t4w00000NunCIAAZ,MOCHILA ESPALDA INFANTIL,CHILDREN'S BACKPACK,H106027B
01t4w00000NunCJAAZ,MOCHILA ESPALDA INFANTIL,CHILDREN'S BACKPACK,H106033B
01t4w00000NunCKAAZ,MOCHILA ESPALDA INFANTIL,CHILDREN'S BACKPACK,H106028B
01t4w00000NunCLAAZ,MOCHILA ESPALDA INFANTIL,CHILDREN'S BACKPACK,H106031B
01t4w00000NunCMAAZ,MOCHILA ESPALDA INFANTIL,CHILDREN'S BACKPACK,H106032B
01t4w00000NunCNAAZ,MOCHILA ESPALDA INFANTIL,CHILDREN'S BACKPACK,H106029B
01t4w00000NunCOAAZ,MOCHILA ESPALDA INFANTIL,CHILDREN'S BACKPACK,H106034B
01t4w00000NunCPAAZ,MOCHILA ESPALDA INFANTIL,CHILDREN'S BACKPACK,H106030B
01t4w00000NunChAAJ,VARITA ESTERILIZADORA UV PORTATIL,PORTABLE UV STERILIZER WAND,B403003C
01t4w00000NunCiAAJ,CAJA ESTERILIZADORA UV,UV STERILIZER BOX,B403004C
01t4w00000NunCjAAJ,ESTERILIZADOR UV MOVIL,MOBILE UV STERILIZER,B403005C
01t4w00000NunCnAAJ,MOCHILA ESPALDA INFANTIL,TROLLEY BAG,H106035B
01t4w00000NunCoAAJ,MOCHILA ESPALDA INFANTIL,BACKPACK,H106036B
01t4w00000NunCpAAJ,"VENTILADOR DE PIE DE 18"", 3 EN 1","STAND FAN 18"", 3 IN 1",B301026C
01t4w00000NunCrAAJ,MOCHILA CARRO INFANTIL,TROLLEY BAG,H106037B
01t4w00000NunCtAAJ,MOCHILA ESPALDA INFANTIL,BACKPACK,H106038B
01t4w00000NunCvAAJ,MOCHILA ESPALDA INFANTIL,CHILDREN'S BACKPACK,H106040B
01t4w00000NunCwAAJ,MOCHILA ESPALDA INFANTIL,BACKPACK,H106039B
01t4w00000NunCzAAJ,MOCHILA ESPALDA INFANTIL,BACKPACK,H106041B
01t4w00000NunD1AAJ,BOLSA VIAJE INFANTIL,TRAVEL BAG,H106042B
01t4w00000NunD3AAJ,BOLSA VIAJE INFANTIL,HAND BAG,H106043B
01t4w00000NunD5AAJ,BOLSA COMIDA INFANTIL,LUNCH BAG,H106044B
01t4w00000NunD6AAJ,BOLSA LAPICERA INFANTIL,PENCIL CASE,H106045B
01t4w00000NunD7AAJ,MOCHILA CARRO INFANTIL,TROLLEY BAG,H106046B
01t4w00000NunDBAAZ,MOCHILA ESPALDA INFANTIL,BACKPACK,H106048B
01t4w00000NunDCAAZ,MOCHILA ESPALDA INFANTIL,BACKPACK,H106047B
01t4w00000NunDGAAZ,MOCHILA ESPALDA INFANTIL,CHILDREN'S BACKPACK,H106049B
01t4w00000NunDHAAZ,MOCHILA ESPALDA INFANTIL,BACKPACK,H106050B
01t4w00000NunDJAAZ,MOCHILA ESPALDA INFANTIL,BACKPACK,H106051B
01t4w00000NunDLAAZ,BOLSA COMIDA INFANTIL,CHILDREN'S FOOD BAG,H106052B
01t4w00000NunDMAAZ,BOLSA VIAJE INFANTIL,HAND BAG,H106054B
01t4w00000NunDOAAZ,BOLSA LAPICERA INFANTIL,PENCIL CASE,H106053B
01t4w00000NunDPAAZ,MOCHILA ESPALDA INFANTIL,BACKPACK,H106060B
01t4w00000NunDSAAZ,MOCHILA CARRO INFANTIL,TROLLEY BAG,H106055B
01t4w00000NunDTAAZ,MOCHILA CARRO INFANTIL,TROLLEY BAG,H106056B
01t4w00000NunDVAAZ,MOCHILA ESPALDA INFANTIL,BACKPACK,H106057B
01t4w00000NunDXAAZ,MOCHILA ESPALDA INFANTIL,BACKPACK,H106058B
01t4w00000NunDZAAZ,MOCHILA ESPALDA INFANTIL,BACKPACK,H106059B
01t4w00000NunDcAAJ,MOCHILA ESPALDA INFANTIL,BACKPACK,H106061B
01t4w00000NunDeAAJ,MOCHILA ESPALDA INFANTIL,BACKPACK,H106062B
01t4w00000NunDgAAJ,BOLSA COMIDA INFANTIL,LUNCH BAG,H106064B
01t4w00000NunDhAAJ,BOLSA BANDOLERA INFANTIL,SHOULDER BAG,H106063B
01t4w00000NunDlAAJ,BOLSA LAPICERA INFANTIL,PENCIL CASE,H106065B
01t4w00000NunDmAAJ,MOCHILA CINTURA INFANTIL,WAIST BAG,H106066B
01t4w00000NunDoAAJ,BOLSA LAPICERA INFANTIL,PENCIL CASE,H106067B
01t4w00000NunDqAAJ,TENDAL PARED 4 NIVELES,4 Rail Towel Rail,H404030B
01t4w00000NunDrAAJ,TENDAL PARED 4 NIVELES,Over Door 4 Rail Towel Rail,H404031B
01t4w00000NunDsAAJ,TENDAL PARED EXTENSIBLE,Over Door 11 Rail Towel Rail,H404032B
01t4w00000NunDtAAJ,TENDAL SUELO EXTENSIBLE,3 Tier Foldable Towel Rail,H404033B
01t4w00000NunDuAAJ,TENDAL SUELO,15 Rails Bathtub Towel Rail,H404034B
01t4w00000NunDvAAJ,FUMIGADOR 5 LITROS,SPRAYER,G401060A
01t4w00000NunDxAAJ,MESA RESINA PLEGABLE ? 4.5 cm,6FT FOLDING HDPE TABLE,G101007H
01t4w00000NunDzAAJ,MESA RESINA PLEGABLE 180 CM,6 FT FOLDING HDPE TABLE,G101008H
01t4w00000NunE1AAJ,MESA RESINA PLEGABLE ? 4 cm,6FT FOLDING HDPE TABLE,G101030H
01t4w00000NunE3AAJ,TENDAL SUELO,20 Rail Towel Rail,H404035B
01t4w00000NunE4AAJ,TENDAL SUELO CON ALAS,Super A Clothes Airer,H404036B
01t4w00000NunE5AAJ,TENDAL SUELO CON ALAS,Clothes Airer,H404037B
01t4w00000NunE6AAJ,CARRITO BAÑO 3 NIVELES,3 Tier Foldable Trolley,H404038B
01t4w00000NunE7AAJ,CARRITO BAÑO 3 NIVELES PLEGABLE,3 Tier Foldable Trolley,H404039B
01t4w00000NunE8AAJ,CARRITO BAÑO 4 NIVELES PLEGABLE,4 Tier Foldable Trolley,H404040B
01t4w00000NunE9AAJ,CARRITO BAÑO 3 NIVELES PLEGABLE,3 Tier Foldable Trolley,H404041B
01t4w00000NunEAAAZ,ORGANIZADOR JABONERA,Soap Holder,H404042B
01t4w00000NunEBAAZ,ORGANIZADOR CEPILLOS DE DIENTES,Toothbrush Holder,H404043B
01t4w00000NunECAAZ,ORGANIZADOR BAÑO,Storage Box,H404044B
01t4w00000NunEDAAZ,TABLA DE PLANCHAR,Mesh top ironing board,H404045B
01t4w00000NunEEAAZ,TABLA DE PLANCHAR,Mesh top ironing board,H404046B
01t4w00000NunEFAAZ,TABLA DE PLANCHAR,Mesh top ironing board,H404047B
01t4w00000NunEGAAZ,TABLA DE PLANCHAR,Mesh top ironing board,H404048B
01t4w00000NunEHAAZ,TABLA DE PLANCHAR,Mesh top ironing board,H404049B
01t4w00000NunEIAAZ,TABLA DE PLANCHAR,Mesh top ironing board,H404050B
01t4w00000NunEJAAZ,TABLA DE PLANCHAR,Mesh top ironing board,H404051B
01t4w00000NunEKAAZ,TABLA DE PLANCHAR,Mesh top ironing board,H404052B
01t4w00000NunELAAZ,TABLA DE PLANCHAR,Mesh top ironing board,H404053B
01t4w00000NunEMAAZ,TABLA DE PLANCHAR,Mesh top ironing board,H404054B
01t4w00000NunENAAZ,LAMPARA DE MESA LED,LED LAMP,H315100B
01t4w00000NunEPAAZ,BANCA RESINA PLEGABLE ? 4.5 cm,FOLDING BENCH ? 4.5 cm,G101029A
01t4w00000NunERAAZ,MESA RESINA PLEGABLE ? 4 cm,122 CM FOLDING TABLE,G101024A
01t4w00000NunETAAZ,TABLA DE PLANCHAR,Mesh top ironing board,H404055B
01t4w00000NunEUAAZ,TABLA DE PLANCHAR,Mesh top ironing board,H404057B
01t4w00000NunEVAAZ,TABLA DE PLANCHAR,Mesh top ironing board,H404056B
01t4w00000NunEWAAZ,TABLA DE PLANCHAR,Mesh top ironing board,H404058B
01t4w00000NunEXAAZ,TABLA DE PLANCHAR,Mesh top ironing board,H404059B
01t4w00000NunEYAAZ,TABLA DE PLANCHAR,Mesh top ironing board,H404060B
01t4w00000NunEZAAZ,TABLA DE PLANCHAR,Mesh top ironing board,H404061B
01t4w00000NunEaAAJ,TABLA DE PLANCHAR,Mesh top ironing board,H404062B
01t4w00000NunEbAAJ,TABLA DE PLANCHAR,Plastic top ironing board,H404063B
01t4w00000NunEcAAJ,TABLA DE PLANCHAR,Mesh top ironing board,H404064B
01t4w00000NunEdAAJ,TABLA DE PLANCHAR SOBREMESA,Mesh top ironing board,H404065B
01t4w00000NunEeAAJ,TABLA DE PLANCHAR SOBREMESA,Mesh top ironing board,H404066B
01t4w00000NunEfAAJ,TABLA DE PLANCHAR MANGAS,Steel plate sleeve board,H404067B
01t4w00000NunEgAAJ,TABLA DE PLANCHAR SOBREMESA,Mesh top ironing board,H404068B
01t4w00000NunEhAAJ,ORGANIZADOR BAÑO,Rectangular basket,H404069B
01t4w00000NunEiAAJ,ESTANTERIA 2 CESTOS + 1 BALDA,3 Tier folding basket with bamboo frame,H404070B
01t4w00000NunEjAAJ,ORGANIZADOR BAÑO,Round basket with bamboo frame,H404071B
01t4w00000NunEkAAJ,ORGANIZADOR BAÑO,2 Tier cosmetic drawer,H404072B
01t4w00000NunElAAJ,(INACTIVO) ORGANIZADOR BAÑO,3 Tier cosmetic drawer,H404073B
01t4w00000NunEmAAJ,CARRO LAVANDERIA 2 NIVELES,2 Tier bamboo shelf with laundry bag,H404074B
01t4w00000NunEnAAJ,TENDAL SUELO CON ALAS + 2 BALDAS,13.5M Gullwing drying rack,H404078B
01t4w00000NunEoAAJ,CARRO LAVANDERIA DOBLE,Double sorter with ironing board,H404075B
01t4w00000NunEpAAJ,CARRO LAVANDERIA TRIPLE + PERCHA,Laundry sorter with garment rack,H404076B
01t4w00000NunEqAAJ,TENDAL SUELO PLEGABLE,Stainless steel 3  tier drying rack with wheel for moving,H404077B
01t4w00000NunErAAJ,TENDAL SUELO CON ALAS,Drying rack,H404079B
01t4w00000NunEsAAJ,TENDAL SUELO CON ALAS + 1 BALDA,13M drying rack with mesh and shoe rack,H404080B
01t4w00000NunEtAAJ,TENDAL SUELO CON ALAS + 1 BALDA,12M stainless steel drying rack,H404082B
01t4w00000NunEuAAJ,TENDAL SUELO CON ALAS 2 NIVELES,18M double wing drying rack,H404081B
01t4w00000NunEvAAJ,TENDAL SUELO CON RUEDAS,30M 3 tier drying rack with wheel and 2 hangers,H404083B
01t4w00000NunEwAAJ,TENDAL PUERTA,6M over the door drying rack,H404084B
01t4w00000NunExAAJ,TENDAL PUERTA,3M over the door drying rack with 4 hooks,H404085B
01t4w00000NunEyAAJ,CARRO LAVANDERIA 2 NIVELES,2 tier laundry sorter,H404086A
01t4w00000NunEzAAJ,CARRO LAVANDERIA TRIPLE,Triple laundry sorter,H404088B
01t4w00000NunF0AAJ,CARRO LAVANDERIA,Bamboo laundry hamper,H404087B
01t4w00000NunF1AAJ,ORGANIZADOR ZAPATOS 2 NIVELES,2 TIER PVC shoe rack,H404089B
01t4w00000NunF2AAJ,ORGANIZADOR ZAPATOS 2 NIVELES,Boot & shoe rack,H404090B
01t4w00000NunF3AAJ,ORGANIZADOR ZAPATOS 10 NIVELES,10 tier shoe rack with wheel,H404091B
01t4w00000NunF5AAJ,ORGANIZADOR ZAPATOS 8 NIVELES PARED,8 TIER OVER THE DOOR SHOE RACK,H404092B
01t4w00000NunF6AAJ,ORGANIZADOR ZAPATOS 5 NIVELES,No tooling assemble 7 tier shoe rack,H404093B
01t4w00000NunG9AAJ,MOCHILA ESPALDA INFANTIL,BACKPACK,H106068B
01t4w00000NunGAAAZ,MOCHILA ESPALDA INFANTIL,BACKPACK,H106069B
01t4w00000NunGCAAZ,BOLSA BANDOLERA INFANTIL,SHOULDER BAG,H106070B
01t4w00000NunGEAAZ,BOLSA LAPICERA INFANTIL,PENCIL CASE,H106071B
01t4w00000NunGGAAZ,MOCHILA ESPALDA INFANTIL,BACKPACK,H106072B
01t4w00000NunGHAAZ,MOCHILA ESPALDA INFANTIL,BACKPACK,H106073B
01t4w00000NunGJAAZ,MOCHILA CARRO INFANTIL,TROLLEY BAG,H106074B
01t4w00000NunGLAAZ,BOLSA VIAJE INFANTIL,TRAVEL BAG,H106075B
01t4w00000NunGNAAZ,BOLSA LAPICERA INFANTIL,PENCIL CASE,H106076B
01t4w00000NunGPAAZ,BOLSA LAPICERA INFANTIL,PENCIL CASE,H106077B
01t4w00000NunGRAAZ,PURIFICADOR DE AIRE COCHE,CAR AIR PURIFIER,B301065C
01t4w00000NunGUAAZ,PURIFICADOR DE AIRE COCHE,CAR AIR PURIFIER,B301066C
01t4w00000NunGWAAZ,PURIFICADOR DE AIRE COCHE,CAR AIR PURIFIER,B301067C
01t4w00000NunGXAAZ,BASE REDONDA PARA COLUMPIO,STEEL ROUND BASE,G111016A
01t4w00000NunGZAAZ,BASE REDONDA PARA COLUMPIO,STEEL ROUND BASE,G111017A
01t4w00000NunGbAAJ,CESTO COLUMPIO,STEEL HANGING CHAIR WITHOUT BASE,G111018A
01t4w00000NunGdAAJ,CESTO COLUMPIO,STEEL HANGING CHAIR WITHOUT BASE,G111019A
01t4w00000NunGfAAJ,CESTO COLUMPIO,STEEL HANGING CHAIR WITHOUT BASE,G111020A
01t4w00000NunGhAAJ,CESTO COLUMPIO,STEEL HANGING CHAIR WITHOUT BASE,G111021A
01t4w00000NunGiAAJ,PURIFICADOR DE AIRE 18-31 m2,AIR PURIFIER 18-31 m2,B301068C
01t4w00000NunGlAAJ,PURIFICADOR DE AIRE 15 m2,AIR PURIFIER 15 m2,B301069C
01t4w00000NunGnAAJ,PURIFICADOR DE AIRE 15 m2,AIR PURIFIER 15 m2,B301070C
01t4w00000NunGpAAJ,PURIFICADOR DE AIRE 12-20 m2,AIR PURIFIER 12-20 m2,B301071C
01t4w00000NunGrAAJ,PURIFICADOR DE AIRE 12 m2,AIR PURIFIER 12 m2,B301072C
01t4w00000NunGtAAJ,PURIFICADOR DE AIRE 12 m2,AIR PURIFIER 12 m2,B301073C
01t4w00000NunGvAAJ,PURIFICADOR DE AIRE 30-40 m2,AIR PURIFIER 30-40 m2,B301074C
01t4w00000NunGxAAJ,PURIFICADOR DE AIRE 30-40 m2,AIR PURIFIER 30-40 m2,B301075C
01t4w00000NunGzAAJ,PURIFICADOR DE AIRE 10 m2,AIR PURIFIER 10 m2,B301076C
01t4w00000NunH1AAJ,GAZEBO CUADRADO CON CORTINAS,METAL GAZEBO,G106083A
01t4w00000NunH3AAJ,SET BISTRO ACACIA PLEGABLE,BALCONY SET,G104125A
01t4w00000NunH5AAJ,SET BISTRO ACACIA PLEGABLE CON CAJON ZINC,TABLE WITH BOX  STORAGE,G104126A
01t4w00000NunH7AAJ,SET BISTRO TEKA CON COJINES,ISLAND BISTRO,G104127A
01t4w00000NunH9AAJ,SET COMEDOR TEKA 5 PIEZAS CON COJINES,EASY FOLDABLE SET,G105011A
01t4w00000NunHBAAZ,COLUMPIO BALANCIN DOBLE TEKA,LEISURE SWING,G104121A
01t4w00000NunHDAAZ,COLUMPIO COLGANTE CON COJIN,STEEL HANGING CHAIR,G106082A
01t4w00000NunHFAAZ,HAMACA MADERA CON TELA POLIESTER,DECK CHAIR WITH POLYESTER FABRIC,G105017A
01t4w00000NunHHAAZ,TUMBONA EUCALIPTO CON COJIN,SUNLOUNGER WITH ARMRESTS & WITH 5CM SEAT CUSHION,G104139A
01t4w00000NunHJAAZ,MANGUERA EXPANDIBLE 15 MT + 15 MT,EXPANDABLE HOSE,G206040H
01t4w00000NunHLAAZ,SILLA PLEGABLE CAMPING,Fishing tool,G602006A
01t4w00000NunHMAAZ,SILLA PLEGABLE CAMPING CON BOLSA,Fishing stool with 3 legs,G602007A
01t4w00000NunHNAAZ,SILLA PLEGABLE CAMPING CON BOLSA,Fishing stool,G602008A
01t4w00000NunHOAAZ,SILLA PLEGABLE CAMPING CON BOLSA,Fishing stool,G602009A
01t4w00000NunHPAAZ,SILLA PLEGABLE CAMPING,Fishing stool,G602010A
01t4w00000NunHQAAZ,HIELERA CON BOLSA,Foldable cooler,G602011A
01t4w00000NunHRAAZ,SILLA PLEGABLE CAMPING CON BOLSA,Camping chair,G602012A
01t4w00000NunHSAAZ,SILLA PLEGABLE CAMPING CON BOLSA,Camping chair,G602013A
01t4w00000NunHTAAZ,SILLA PLEGABLE CAMPING CON BOLSA,Camping chair,G602014A
01t4w00000NunHUAAZ,SILLA PLEGABLE CAMPING CON MESA,Camping chair,G602015A
01t4w00000NunHVAAZ,SILLA PLEGABLE CAMPING CON REPOSAPIES,Camping chair with feetrest,G602016A
01t4w00000NunHWAAZ,SILLA PLEGABLE CAMPING CON SOMBRILLA,Camping chair with shade,G602017A
01t4w00000NunHXAAZ,SILLA PLEGABLE CAMPING CON SOMBRILLA,Camping chair with umbrella,G602018A
01t4w00000NunHYAAZ,SILLA PLEGABLE CAMPING 3 PLAZAS,3 seats camping chair,G602019A
01t4w00000NunHZAAZ,SILLA PLEGABLE CAMPING 6 PLAZAS,Kid camping chair,G602020A
01t4w00000NunHaAAJ,SILLA PLEGABLE CAMPING 2 PLAZAS,Lover camping chair,G602021A
01t4w00000NunHbAAJ,SILLA PLEGABLE CAMPING 2 PLAZAS SOMBRILLA,Lover camping chair with Umbrella,G602022A
01t4w00000NunHcAAJ,SET BISTRO CAMPING CON BOLSA,Camping sets for chirldren,G602023A
01t4w00000NunHdAAJ,MESA PLEGABLE CAMPING,Picnic table,G602024A
01t4w00000NunHeAAJ,MESA PLEGABLE CAMPING,Folding table,G602025A
01t4w00000NunHfAAJ,HAMACA PLEGABLE CAMPING,Sand beach bed,G602026A
01t4w00000NunHgAAJ,MESA PLEGABLE CAMPING,Foldable camping table,G602027A
01t4w00000NunHhAAJ,MESA PLEGABLE CAMPING,Foldable Aluminum table,G602028A
01t4w00000NunHiAAJ,MESA PLEGABLE CAMPING,Foldable Aluminum table,G602029A
01t4w00000NunHjAAJ,MESA PLEGABLE CAMPING,Aluminum table,G602030A
01t4w00000NunHkAAJ,MESA PLEGABLE CAMPING,Aluminum table,G602031A
01t4w00000NunHlAAJ,MESA PLEGABLE CAMPING,Aluminum table,G602032A
01t4w00000NunHmAAJ,MESA PLEGABLE CAMPING,Aluminum table,G602033A
01t4w00000NunHnAAJ,MESA PLEGABLE CAMPING,FOLDING CAMPING TABLE,G602034B
01t4w00000NunHoAAJ,SET PICNIC PLEGABLE,Aluminum table+2 chairs,G602035A
01t4w00000NunHpAAJ,SET PICNIC PLEGABLE,Aluminum table,G602036A
01t4w00000NunHqAAJ,SET PICNIC PLEGABLE,Aluminium table,G602037A
01t4w00000NunHrAAJ,SET MESAS PLEGABLE CAMPING,Aluminum table,G602038A
01t4w00000NunHsAAJ,SET MESAS PLEGABLE CAMPING,Aluminum table,G602039A
01t4w00000NunI9AAJ,JOYERO SOBREMESA BOLA BLANCO,JEWELER WITH TABLE MIRROR,H301001A
01t4w00000NunIBAAZ,JOYERO SOBREMESA BOLA BLANCO,JEWELER WITH TABLE MIRROR,H301001F
01t4w00000NunIDAAZ,MESA AUXILIAR,SIDE TABLE,H312128F
01t4w00000NunIFAAZ,SOFA CAMA,SOFA BED,H309032F
01t4w00000NunIHAAZ,"TV STAND MUEBLE CRISTAL PANTALLA 32-80""",TV STAND,H312023F
01t4w00000NunIJAAZ,"TV STAND MUEBLE CRISTAL SOPORTE 32-70""",TV STAND,H312022F
01t4w00000NunILAAZ,LAMPARA DE PIE CON REPISAS,FLOOR LAMP,H315017F
01t4w00000NunINAAZ,MESA RESINA IMITACION MADERA PLEGABLE,PLASTIC FOLDING TABLE WITH WOODEN LOOK,G102022F
01t4w00000NunIPAAZ,SILLA RESINA IMITACION RATAN,FOLDING PLASTIC CHAIR,G102012F
01t4w00000NunIRAAZ,MESA RESINA IMITACION MADERA CUADRADA,SQUARE TABLE WITH SLAT WOODEN LOOK,G102020F
01t4w00000NunITAAZ,SILLA GAMING,RACING CHAIR,H101051B
01t4w00000NunIVAAZ,SILLA ORDENADOR,OFFICE CHAIR,H101052B
01t4w00000NunIYAAZ,SILLA ORDENADOR,EAMES CHAIR,H101053B
01t4w00000NunIrAAJ,MESA RESINA IMITACION MADERA CUADRADA,SQUARE TABLE WITH SLAT WOODEN LOOK,G102020A
01t4w00000NunItAAJ,SILLA RESINA IMITACIÓN RATTAN,PLASTIC FOLDING CHAIR WITH RATTAN LOOK,G101031A
01t4w00000NunIvAAJ,MESA RESINA PLEGABLE IMITACION RATAN,6FT FOLDING TABLE RATTAN DESIGN,G101032A
01t4w00000NunIxAAJ,MESA RESINA IMITACION RATTAN PLEGABLE,PLASTIC  SQUARE TABLE WITH  RATTAN LOOK,G101033A
01t4w00000NunIzAAJ,MESA RESINA PLEGABLE REDONDA,4FT ROUND FOLD IN HALF TABLE,G101034A
01t4w00000NunJ1AAJ,MESA RESINA PLEGABLE REDONDA,4FT ROUND FOLD IN HALF TABLE,G101034Q
01t4w00000NunJ3AAJ,PERCHERO PARA BOTELLAS DE AGUA,WATER BOTTLE RACK,H406038B
01t4w00000NunJ5AAJ,SET ESTANTERIA CON PERCHERO,Expandable garment rack,H406039B
01t4w00000NunJ7AAJ,PERCHERO ORGANIZADOR 2 NIVELES,3 TIERS GARMENT RACK,H406040B
01t4w00000NunJ9AAJ,SET ESTANTERIA CON PERCHERO,Garment rack,H406041B
01t4w00000NunJBAAZ,SET ESTANTERIA CON PERCHERO,3 TIERS GARMENT RACK,H406042B
01t4w00000NunJDAAZ,ORGANIZADOR ZAPATOS 5 NIVELES,5 TIERS SHOE RACKS,H406043B
01t4w00000NunJFAAZ,ORGANIZADOR ZAPATOS 4 NIVELES,Shoe racks,H406044B
01t4w00000NunJHAAZ,ESTANTERIA METALICA 5 NIVELES CON RUEDAS,5 Tiers heavy duty wire shelf,H406045B
01t4w00000NunJJAAZ,ESTANTERIA METALICA 6 NIVELES CON RUEDAS,6 tiers wire shelf,H406046B
01t4w00000NunJLAAZ,ESTANTERIA METALICA 5 NIVELES,5 TIERS WIRE SHELF,H406047B
01t4w00000NunJNAAZ,CARRITO DE APOYO CON 1 NIVEL,Stainless steel table,H406048B
01t4w00000NunJPAAZ,CARRITO DE APOYO CON 3 NIVELES,3 Tiers trolley,H406049B
01t4w00000NunJRAAZ,ESTANTERIA METALICA 5 NIVELES BOTELLERO,5 Tiers  Slanted Wine Rack,H406050B
01t4w00000NunJTAAZ,ESTANTERIA METALICA 4 NIVELES BOTELLERO,4 Tiers wine rack,H406051B
01t4w00000NunJVAAZ,ESTANTERIA METALICA 4 NIVELES,4 TIERS WIRE SHELF,H406052B
01t4w00000NunJXAAZ,"MANGUERA 25 MTS - 1/2 """,GARDEN HOSE,G401061A
01t4w00000NunJZAAZ,"MANGUERA 50 MTS - 5/8 """,GARDEN HOSE,G401063A
01t4w00000NunJcAAJ,"MANGUERA 50 MTS - 3/4 """,GARDEN HOSE,G401065A
01t4w00000NunJdAAJ,"MANGUERA 25 MTS - 5/8 """,GARDEN HOSE,G401062A
01t4w00000NunJeAAJ,"MANGUERA 25 MTS - 1""",GARDEN HOSE,G401066A
01t4w00000NunJfAAJ,"MANGUERA 25 MTS - 3/4 """,GARDEN HOSE,G401064A
01t4w00000NunJkAAJ,"MANGUERA 50 MTS - 1 """,GARDEN HOSE,G401067A
01t4w00000NunJlAAJ,"MANGUERA 25 MTS - 1/2 """,GARDEN HOSE,G401068A
01t4w00000NunJnAAJ,"MANGUERA 50 MTS - 5/8 """,GARDEN HOSE,G401070A
01t4w00000NunJpAAJ,"MANGUERA 25 MTS - 5/8 """,GARDEN HOSE,G401069A
01t4w00000NunJrAAJ,"MANGUERA 25 MTS - 3/4 """,GARDEN HOSE,G401071A
01t4w00000NunJuAAJ,"MANGUERA 50 MTS - 3/4 """,GARDEN HOSE,G401072A
01t4w00000NunJwAAJ,PELUCHE 130 CM OSO CLASICO,130cm bear,P406030W
01t4w00000NunJxAAJ,PELUCHE 130 CM OSO CLASICO,130cm bear,P406031W
01t4w00000NunJyAAJ,PELUCHE 130 CM OSO CLASICO,130cm bear,P406033W
01t4w00000NunJzAAJ,"MANGUERA 25 MTS - 1 """,GARDEN HOSE,G401073A
01t4w00000NunK1AAJ,"MANGUERA 50 MTS - 1 """,GARDEN HOSE,G401074A
01t4w00000NunK2AAJ,PELUCHE 130 CM OSO CLASICO,130cm bear,P406032W
01t4w00000NunK3AAJ,PELUCHE 130 CM OSO CLASICO,130cm bear,P406034W
01t4w00000NunK4AAJ,ESTANTERIA METALICA 4 NIVELES,4 TIERS WIRE SHELF,H406052S
01t4w00000NunK6AAJ,PELUCHE 105 CM CONEJO,105CM bunny,P406035W
01t4w00000NunK7AAJ,PELUCHE 105 CM CONEJO,105CM bunny,P406036W
01t4w00000NunK8AAJ,PELUCHE 100 CM PATO,100CM rainbow duck,P406037W
01t4w00000NunK9AAJ,INFLABLE MOTO DE AGUA,SCOOTER RIDER,G503001A
01t4w00000NunKAAAZ,MANGUITOS INFLABLES,ARM BANDS B,G503002A
01t4w00000NunKBAAZ,PELOTA INFLABLE 40 CM,MATTE PANEL BALL,G503008A
01t4w00000NunKCAAZ,CHALECO INFLABLE,SWIM VEST B,G503003A
01t4w00000NunKDAAZ,FLOTADOR ASIENTO BEBE,BABY SEAT,G503004A
01t4w00000NunKEAAZ,PELOTA INFLABLE 50 CM,GLITTER GOLD BEACH BALL,G503005A
01t4w00000NunKFAAZ,PELOTA INFLABLE 50 CM,MOSAIC BEACH BALL,G503007A
01t4w00000NunKGAAZ,PELOTA INFLABLE 5O CM,GLITTER BEACH BALL,G503006A
01t4w00000NunKHAAZ,FLOTADOR ANILLO INFLABLE,U-ICON SWIM VEST,G503009A
01t4w00000NunKIAAZ,MANGUITOS INFLABLES,ARM BANDS,G503010A
01t4w00000NunKJAAZ,FLOTADOR ALPACA 55 CM,ALPACA RING,G503011A
01t4w00000NunKKAAZ,FLOTADOR UNICORNIO 55 CM,GOLD UNICORN RING,G503012A
01t4w00000NunKLAAZ,FLOTADOR CISNE 55 CM,WHITE SWAN RING,G503013A
01t4w00000NunKMAAZ,PELUCHE 68 CM CABRA,68cm squatting sheep,P406038W
01t4w00000NunKNAAZ,PELUCHE 92 CM UNICORNIO,92cm flying horse with wings,P406039W
01t4w00000NunKOAAZ,FLOTADOR UNICORNIO 55 CM,UNICORN RING,G503014A
01t4w00000NunKPAAZ,FLOTADOR FLAMINGO 55 CM,FLAMINGO RING,G503015A
01t4w00000NunKQAAZ,FLOTADOR FLAMINGO GRANDE,SHINING FLAMINGO RIDER,G503016A
01t4w00000NunKRAAZ,FLOTADOR ALPACA GRANDE,ALPACA FLOAT,G503017A
01t4w00000NunKSAAZ,FLOTADOR UNICORNIO GRANDE,UNICORN FLOAT,G503018A
01t4w00000NunKTAAZ,FLOTADOR HINCHABLE,FROSTED NEON SWIM RING,G503019A
01t4w00000NunKUAAZ,FLOTADOR INFLABLE CONCHA,GOLD SHELL KICKBOARD,G503020A
01t4w00000NunKVAAZ,VOLLEYBALL INFLABLE,CRAB VOLLEYBALL WATER SPORTS,G503021A
01t4w00000NunKYAAZ,PISCINA INFLABLE INFANTIL DIA. 120 CM,RIGID WALL POOL,G503022A
01t4w00000NunKZAAZ,PISCINA INFLABLE INFANTIL DIA. 150 CM,RIGID WALL POOL,G503023A
01t4w00000NunKaAAJ,PISCINA INFLABLE INFANTIL DIA. 76 CM,CIRCULAR KIDDY POOL,G503024A
01t4w00000NunKiAAJ,PISCINA INFLABLE INFANTIL DIA. 100 CM,COLORFUL 3-RING POOL,G503025A
01t4w00000NunKjAAJ,PISCINA INFLABLE INFANTIL DIA. 150 CM,NEON FASHION POOL,G503026A
01t4w00000NunKkAAJ,COLCHONETA INFLABLE REFRESCO,DRINK JUMBO MAT,G503036A
01t4w00000NunKvAAJ,PISCINA INFLABLE INFANTIL DIA. 150 CM,GIANT RAINBOW POOL,G503027A
01t4w00000NunKwAAJ,FLOTADOR INFLABLE ALA DE ANGEL,MOSAIC ANGEL WING MAT,G503032A
01t4w00000NunKxAAJ,PISCINA INFLABLE JUEGOS,SEA ANIMAL PLAY POOL,G503028A
01t4w00000NunKyAAJ,FLOTADOR INFLABLE CONCHA,GLITTER GOLD SHELL MAT,G503029A
01t4w00000NunKzAAJ,FLOTADOR INFLABLE COLA DE PEZ,MOSAIC FISH TAIL CUP HOLDER,G503033A
01t4w00000NunL0AAJ,FLOTADOR INFLABLE,MOSAIC SWIM TUBE,G503035A
01t4w00000NunL6AAJ,FLOTADOR INFLABLE CORAZON,GLITTER GOLD HEART RING,G503030A
01t4w00000NunL7AAJ,FLOTADOR INFLABLE,GLITTER GOLD TUBE,G503031A
01t4w00000NunL9AAJ,FLOTADOR INFLABLE SIRENA,SHINING MERMAID RING,G503034A
01t4w00000NunLGAAZ,COLCHONETA INFLABLE CARAMELO,LOLLIPOP JUMBO MAT,G503037A
01t4w00000NunLHAAZ,COLCHONETA INFLABLE ARCO IRIS,RAINBOW WATER LOUNGER,G503038A
01t4w00000NunLIAAZ,COLCHONETA INFLABLE CALAVERA,JUMBO SKULL MAT,G503040A
01t4w00000NunLJAAZ,COLCHONETA INFLABLE HELADO,JUMBO ICE POP MAT,G503041A
01t4w00000NunLKAAZ,COLCHONETA INFLABLE OLA,WAVE MAT,G503044A
01t4w00000NunLLAAZ,COLCHONETA INFLABLE ALA DE ANGEL,ANGEL WING MAT,G503039A
01t4w00000NunLMAAZ,COLCHONETA INFLABLE SIRENA,JUMBO MERMAID MAT,G503042A
01t4w00000NunLNAAZ,COLCHONETA INFLABLE HELADO,JUMBO ICE CREAM CONE MAT,G503043A
01t4w00000NunLOAAZ,COLCHONETA INFLABLE OLA,WAVE MAT,G503045A
01t4w00000NunLPAAZ,PISCINA INFLABLE INFANTIL DIA. 100 CM,ALPACA 3-RING POOL,G503046A
01t4w00000NunLQAAZ,FLOTADOR ALPACA 50 CM,ALPACA RING,G503047A
01t4w00000NunLSAAZ,PELUCHE 72 CM LLAMA,72 cm lama,P406040W
01t4w00000NunLTAAZ,PELUCHE 64 CM DINOSAURIO,64cm dino,P406041W
01t4w00000NunLUAAZ,PELUCHE 65 CM UNICORNIO,65cm unicorn,P406042W
01t4w00000NunLVAAZ,MANGUITOS INFLABLES,ALPACA ARM BANDS,G503048A
01t4w00000NunLWAAZ,FLOTADOR ABEJA 50 CM,BEE SWIM RING,G503049A
01t4w00000NunLXAAZ,FLOTADOR TORTUGA,SEA TURTLE FLOAT,G503050A
01t4w00000NunLYAAZ,FLOTADOR PAVO REAL,GLITTER PEACOCK FLOAT,G503051A
01t4w00000NunLZAAZ,FLOTADOR COCODRILO,CROCODILE RIDER,G503052A
01t4w00000NunLaAAJ,SACO DE BOXEO INFLABLE,ANIMAL PUNCHBAG TUMBLER,G503055A
01t4w00000NunLbAAJ,FLOTADOR BALLENA,TRANSPARENT WHALE RIDER,G503053A
01t4w00000NunLcAAJ,PISCINA INFLABLE INFANTIL,2-RING FAMILY POOL,G503054A
01t4w00000NunLdAAJ,TABLA DE SURF INFLABLE,SURFBOARD,G503056A
01t4w00000NunLeAAJ,PISCINA RECTANGULAR DESMONTABLE,RECTANGULAR STEEL FRAME POOL,G503058A
01t4w00000NunLfAAJ,ESCALERA DE SEGURIDAD PISCINA 3 PELDAÑOS,POOL LADDER,G503059A
01t4w00000NunLgAAJ,FLOTADOR UNICORNIO GRANDE,JUMBO UNICORN FLOAT,G503057A
01t4w00000NunLhAAJ,ESCALERA DE SEGURIDAD PISCINA 2 PELDAÑOS,POOL LADDER,G503060A
01t4w00000NunLiAAJ,PELUCHE 65 CM PANDA,65cm panda,P406043W
01t4w00000NunLjAAJ,PELUCHE 110 CM BALLENA,110cm narwhal,P406044W
01t4w00000NunLkAAJ,PELUCHE 64 CM HUSKY,64cm husky,P406048W
01t4w00000NunLlAAJ,PELUCHE 100 CM ANIMALES,100cm animal plush,P406050W
01t4w00000NunLmAAJ,PELUCHE 64 CM TORO,63cm cow,P406045W
01t4w00000NunLnAAJ,PELUCHE 66 CM FLAMINGO,66cm flamingo,P406046W
01t4w00000NunLoAAJ,PELUCHE 76 CM JIRAFA,76cm giraffe,P406047W
01t4w00000NunLpAAJ,PELUCHE 116 CM TIBURON,116cm shark,P406049W
01t4w00000NunLqAAJ,PELUCHE 20 CM ANIMALES PARED,20cm wall decoration,P406051W
01t4w00000NunLrAAJ,PELUCHE 20 CM CONEJO,20cm bunny,P406052W
01t4w00000NunLsAAJ,PELUCHE 100 CM ANIMALES,100cm animal plush,P406053W
01t4w00000NunLtAAJ,PELUCHE 100 CM OSO,100cm bear,P406054W
01t4w00000NunLuAAJ,PELUCHE 21 CM PERRO,21cm dog,P406055W
01t4w00000NunLvAAJ,PELUCHE 30 CM PERRO,30cm dog and lama,P406056W
01t4w00000NunLwAAJ,PELUCHE 100 CM ANIMALES,100cm animal plush,P406057W
01t4w00000NunLxAAJ,PELUCHE 58 CM ANIMALES CON BEBE,58cm sitting animal with baby plush,P406058W
01t4w00000NunLyAAJ,PELUCHE 60 CM ANIMALES,60cm lying wild animal,P406059W
01t4w00000NunLzAAJ,PELUCHE 60 CM ANIMALES,60cm lying unicorn & horse,P406060W
01t4w00000NunM0AAJ,PELUCHE 52 CM PANDA,52cm sitting panda,P406061W
01t4w00000NunM1AAJ,PELUCHE 80 CM ANIMALES,80cm animal plush,P406063W
01t4w00000NunM2AAJ,PELUCHE 80 CM ANIMALES,"80cm frog, bunny, sheep",P406062W
01t4w00000NunM3AAJ,PELUCHE 60 CM ANIMALES,60cm animal plush,P406064W
01t4w00000NunM4AAJ,PELUCHE 35 CM ANIMALES,25cm sitting (full length 35cm) plush,P406065W
01t4w00000NunM5AAJ,PELUCHE 25 CM PERRO,25cm dog,P406066W
01t4w00000NunM6AAJ,PELUCHE 35 CM PERRO,35cm dog,P406067W
01t4w00000NunM7AAJ,PELUCHE 29 CM ANIMALES,29cm sitting monkey and giraffe,P406068W
01t4w00000NunMSAAZ,PELUCHE 39 CM ANIMALES,39cm animal pllush,P406069W
01t4w00000NunMWAAZ,PELUCHE 32 CM CONEJO,32cm sitting bunny,P406070W
01t4w00000NunMbAAJ,PELUCHE 24 CM OSO,24cm bear,P406071W
01t4w00000NunMcAAJ,PELUCHE 39 CM ANIMALES,39cm squatting unicorn & giraffe,P406072W
01t4w00000NunMdAAJ,PELUCHE 36 CM GATO,36cm cat,P406073W
01t4w00000NunMeAAJ,PELUCHE 35 CM OSO,35cm bear,P406076W
01t4w00000NunMfAAJ,PELUCHE 32 CM NUBE,32cm cloud,P406074W
01t4w00000NunMgAAJ,PELUCHE 25 CM ANIMALES,25cm bunny and fox,P406075W
01t4w00000NunMiAAJ,PELUCHE 34 CM OSO,"13.5""3ASST BEARS W/HEART",P406077W
01t4w00000NunN0AAJ,PELUCHE 26 CM ANIMALES,"10""11ASST ANIMALS",P406078W
01t4w00000NunN1AAJ,PELUCHE 32 CM OSO,"10.5""4ASST BEARS",P406079W
01t4w00000NunN2AAJ,PELUCHE 26 CM OSO CON CORAZON,"10""3ASST BEARS",P406080W
01t4w00000NunN3AAJ,PELUCHE 28 CM OSO CON CORAZON,"14""2ASST BEARS",P406081W
01t4w00000NunN4AAJ,PELUCHE 39 CM LLAMA,"12""2ASST LLAMA",P406082W
01t4w00000NunN5AAJ,PELUCHE 38 CM CONEJO,"15""2ASST RABBIT",P406083W
01t4w00000NunN6AAJ,PELUCHE 19 CM ANIMALES,"7.5""6ASST ANIMALS",P406085W
01t4w00000NunN7AAJ,PELUCHE 27 CM ANIMALES,"10.5""5ASST ANIMALS",P406084W
01t4w00000NunN8AAJ,PELUCHE  014 CM ANIMALES,32CM 6ASST ANIMALS,P406086W
01t4w00000NunN9AAJ,PELUCHE 25 OSO,"10""7ASST BEARS",P406087W
01t4w00000NunNAAAZ,PELUCHE 24 CM ANIMALES,"10""6ASST ANIMALS",P406088W
01t4w00000NunNBAAZ,PELUCHE 46 CM ASIENTO ANIMALES,"18""6ASST SOFA",P406089W
01t4w00000NunNCAAZ,PELUCHE 19 CM ANIMALES,"22""4ASST LYING ANIMALS",P406090W
01t4w00000NunNDAAZ,PELUCHE 21 CM MAPACHE,21cm lying raccoon,P406091W
01t4w00000NunNEAAZ,PELUCHE 31 CM OSO,31cm bear with scarf,P406092W
01t4w00000NunNFAAZ,PELUCHE 43 CM PERRO,"17""6ASST SITTING DOGS",P406093W
01t4w00000NunNGAAZ,PELUCHE 38 CM PERROS,"15""6ASST SITTING DOGS",P406094W
01t4w00000NunNIAAZ,PELUCHE 18 CM ANIMALES,"7""6ASST ANIMALS",P406095W
01t4w00000NunNNAAZ,PELUCHE 24 CM ANIMALES,"9.5""6ASST ANIMALS",P406096W
01t4w00000NunNOAAZ,PELUCHE 39 CM ANIMALES,"15.5""4ASST ANIMALS",P406101W
01t4w00000NunNPAAZ,PELUCHE 18 CM ANIMALES,"7""8ASST SITTING ANIMALS",P406097W
01t4w00000NunNQAAZ,PELUCHE 40 CM OSO CON CORAZON,"16""WHITE BEAR W/HEART",P406100W
01t4w00000NunNRAAZ,PELUCHE 42 CM OSO,"16.5""4ASST BEARS",P406098W
01t4w00000NunNSAAZ,PELUCHE FRUTAS,15cm melon 20cm orange 32cm banana 27cm pineapple 30cm avocado,P406099W
01t4w00000NunNTAAZ,PELUCHE 40 CM ANIMALES,"16""4ASST ANIMALS",P406102W
01t4w00000NunNUAAZ,PELUCHE 23 CM ANIMALES,"9""4ASST ANIMALS",P406103W
01t4w00000NunNVAAZ,PELUCHE 38 CM ANIMALES,"14.5""5ASST ANIMALS",P406104W
01t4w00000NunNWAAZ,PELUCHE 23 CM ANIMALES,"9""5ASST ANIMALS",P406105W
01t4w00000NunNXAAZ,PELUCHE ALIMENTOS,20cm donut 23cm bread 31cm long bread 21cm cake 21cm sandwich,P406106W
01t4w00000NunNYAAZ,PELUCHE 21 CM OSO HORMIGUERO,21cm anteater,P406107W
01t4w00000NunNZAAZ,23cm rhinoceros & hippo,TOY DOLL,P406108W
01t4w00000NunNaAAJ,PELUCHE 35 CM ANIMALES,35cm animal plush,P406109W
01t4w00000NunNbAAJ,PELUCHE 50 CM DINOSAURIO,50cm dino,P406110W
01t4w00000NunNcAAJ,PELUCHE 55 CM LLAMA,55cm lama,P406111W
01t4w00000NunNdAAJ,PELUCHE 59 CM JIRAFA,59cm giraffe,P406112W
01t4w00000NunNeAAJ,PELUCHE 27 CM OSO CON CORAZON,"10""3ASST BEARS W/HEART",P406113W
01t4w00000NunNfAAJ,PELUCHE 39 CM OSO,"15.5""5ASST BEARS",P406114W
01t4w00000NunNgAAJ,PELUCHE 38 CM ANIMALES,"15""7ASST SITTING ANIMALS",P406116W
01t4w00000NunNhAAJ,PELUCHE 37 CM ANIMALES,"14.5""6ASST ANIMALS",P406120W
01t4w00000NunNiAAJ,PELUCHE 19 CM OSO,"7.5""6ASST BEARS",P406115W
01t4w00000NunNjAAJ,PELUCHE 24 CM ANIMALES,"9.5""10ASST ANIMALS",P406117W
01t4w00000NunNkAAJ,PELUCHE 37 CM ANIMALES,"14.5""6ASST ANIMALS",P406118W
01t4w00000NunNlAAJ,PELUCHE 25 CM ANIMALES,"10""6ASST ANIMALS",P406121W
01t4w00000NunNmAAJ,PELUCHE 016 CM ANIMALES,"9""6ASST LYING ANIMALS",P406122W
01t4w00000NunNnAAJ,PELUCHE 37 CM ANIMALES,"14.5""4ASST ANIMALS",P406119W
01t4w00000NunNoAAJ,PELUCHE 017 CM FLAMINGO,"7""4ASST FLAMINGO",P406123W
01t4w00000NunNpAAJ,PELUCHE 18 CM ANIMALES,"7""8ASST SITTING ANIMALS",P406124W
01t4w00000NunNqAAJ,PELUCHE 25 CM 0SO CON CORAZON,"10""3ASST BEARS",P406125W
01t4w00000NunNrAAJ,PELUCHE 19 CM PERRO,"7.5""6ASST DOGS",P406126W
01t4w00000NunNsAAJ,PELUCHE 18 CM ANIMALES,"7""8ASST SITTING ANIMALS",P406127W
01t4w00000NunNtAAJ,PELUCHE 28 CM ANIMALES,30CM 3ASST ANIMALS,P406128W
01t4w00000NunNuAAJ,PELUCHE 18 CM LLAMA,"7""4ASST LLAMA",P406129W
01t4w00000NunNvAAJ,PELUCHE 28 CM ANIMALES,"11""6ASST ANIMALS",P406137W
01t4w00000NunNwAAJ,PELUCHE 24 CM OSO CON CORAZON,"9.5""2ASST BEARS W/HEART",P406130W
01t4w00000NunNxAAJ,PELUCHE 65 CM ANIMALES,65cm bear and dog,P406131W
01t4w00000NunNyAAJ,PELUCHE 40 CM OSO HORMIGUERO,40cm anteater,P406132W
01t4w00000NunNzAAJ,PELUCHE 18 CM OSO,"7""6ASST BEARS",P406133W
01t4w00000NunO0AAJ,PELUCHE 84 CM PINGÜINO,84cm penguin,P406134W
01t4w00000NunO1AAJ,PELUCHE 36 CM ANIMALES,36cm animal plush,P406135W
01t4w00000NunO2AAJ,PELUCHE 200 CM ORUGA,200cm caterpilar,P406136W
01t4w00000NunO3AAJ,PELUCHE 135 CM PANDA,135cm panda,P406138W
01t4w00000NunO4AAJ,PELUCHE 34 CM UNICORNIO,"13.5""6ASST UNICORN",P406139W
01t4w00000NunO5AAJ,PELUCHE 25 CM UNICORNIO,95030021,P406140W
01t4w00000NunO6AAJ,PELUCHE 21 CM UNICORNIO,38CM 4ASST LYING UNICORN,P406141W
01t4w00000NunO7AAJ,PELUCHE 21 CM UNICORNIO,38CM 5ASST LYING UNICORN,P406142W
01t4w00000NunO8AAJ,PELUCHE 130 CM OSO CLASICO,130cm bear and panda,P406143W
01t4w00000NunO9AAJ,PELUCHE 26 CM UNICORNIO,53CM 3ASST LYING UNICORN,P406144W
01t4w00000NunOAAAZ,PELUCHE 26 CM UNICORNIO,53CM 4ASST LYING UNICORN,P406145W
01t4w00000NunOBAAZ,PELUCHE 130 CM OSO CLASICO,130cm bear and panda,P406146W
01t4w00000NunOCAAZ,PELUCHE 130 CM ANIMALES CON BEBE,130cm bear & elephant with baby,P406147W
01t4w00000NunODAAZ,PELUCHE 28 CM UNICORNIO,53CM 3ASST LYING UNICORN,P406148W
01t4w00000NunOEAAZ,PELUCHE 100 CM OSO,100CM bear,P406149W
01t4w00000NunOFAAZ,PELUCHE 100 CM ANIMALES,100cm dog and bear,P406150W
01t4w00000NunOGAAZ,PELUCHE 37 CM MONO,"14.5""4ASST SLOTH",P406151W
01t4w00000NunOHAAZ,PELUCHE 28 CM UNICORNIO,2ASST 58CM UNICORN,P406153W
01t4w00000NunOIAAZ,PELUCHE 100 CM ANIMALES,100cm animal plush,P406152W
01t4w00000NunOJAAZ,PELUCHE 90 CM OSO,90CM bear,P406154W
01t4w00000NunOKAAZ,PELUCHE 85 CM UNICORNIO,85cm unicorn and flying horse,P406158W
01t4w00000NunOLAAZ,PELUCHE 80 CM ANIMALES,80CM racoon and sloth,P406155W
01t4w00000NunOMAAZ,PELUCHE 60 CM ANIMALES,60cm animal plush,P406156W
01t4w00000NunONAAZ,PELUCHE 120 CM UNICORNIO,120cm unicorn and flying horse,P406157W
01t4w00000NunOPAAZ,PELUCHE 70 CM UNICORNIO,70CM lying unicorn,P406159W
01t4w00000NunOQAAZ,PELUCHE 78 CM OSO,78CM bear,P406160W
01t4w00000NunORAAZ,PELUCHE 64 CM ANIMALES,64cm animal plush,P406161W
01t4w00000NunOSAAZ,PELUCHE 39 CM ESTRELLA,39cm star with hat,P406165W
01t4w00000NunOTAAZ,PELUCHE 60 CM PINGÜINO,60cm penguin,P406162W
01t4w00000NunOUAAZ,PELUCHE 90 CM JIRAFA,90cm  lying giraffe,P406163W
01t4w00000NunOVAAZ,PELUCHE 60 CM ANIMALES,60cm animal plush,P406164W
01t4w00000NunOWAAZ,PELUCHE 37 CM FLAMINGO,37cm sitting flamingo,P406166W
01t4w00000NunOXAAZ,PELUCHE 35 CM ANIMALES,35cm animal plush,P406167W
01t4w00000NunOlAAJ,PELUCHE 37 CM ANIMALES,37cm animal plush,P406168W
01t4w00000NunOoAAJ,PELUCHE 30 CM ANIMALES,30cm bear and dog,P406169W
01t4w00000NunOqAAJ,PELUCHE 29 CM LLAMA,29cm lama,P406170W
01t4w00000NunOrAAJ,PELUCHE 25 CM LLAMA,25cm lama,P406172W
01t4w00000NunOsAAJ,PELUCHE 28 CM ANIMALES,28cm animal plush,P406171W
01t4w00000NunOzAAJ,PELUCHE 24 CM ANIMALES,24cm lama and unicorn,P406173W
01t4w00000NunP0AAJ,PELUCHE 20 CM OSO,20cm bear,P406174W
01t4w00000NunPIAAZ,PELUCHE 80 CM ANIMALES,80cm animal plush,P406175W
01t4w00000NunPNAAZ,PELUCHE 42 CM JIRAFA,42cm colorful giraffe,P406176W
01t4w00000NunPTAAZ,PELUCHE 45 CM CISNE,45cm swan,P406178W
01t4w00000NunPUAAZ,PELUCHE 45 CM CISNE,45cm swan,P406179W
01t4w00000NunPVAAZ,PELUCHE 100 CM ANIMALES,100cm animal plush,P406180W
01t4w00000NunPYAAZ,PELUCHE 45 CM CANGURO CON BEBE,45cm kangaroo with baby,P406182W
01t4w00000NunPZAAZ,PELUCHE 33 CM CONEJO,33cm rabbit,P406183W
01t4w00000NunPaAAJ,COLUMPIO BALACIN DOBLE,TWO SEAT SWING CHAIR,G111022A
01t4w00000NunPhAAJ,PELUCHE 65 CM COCODRILO,65cm crocodile,P406185W
01t4w00000NunPiAAJ,PELUCHE 30 CM ANIMALES,30cm animal,P406186W
01t4w00000NunPjAAJ,PELUCHE 25 CM ANIMAL,25cm ball shape animal,P406181W
01t4w00000NunPkAAJ,PELUCHE 36 CM DR. OSO,36cm Dr. bear,P406184W
01t4w00000NunPlAAJ,PELUCHE 30 CM UNICORNIO,30cm unicorn,P406187W
01t4w00000NunPmAAJ,PELUCHE 40 CM UNICORNIO,40cm lying unicorn,P406188W
01t4w00000NunPnAAJ,PELUCHE 30 CM COCODRILO,30cm crocodile,P406194W
01t4w00000NunPoAAJ,PELUCHE 30 CM UNICORNIO,30cm sitting unicorn,P406189W
01t4w00000NunPpAAJ,PELUCHE 130 CM OSO,130cm bear,P406190W
01t4w00000NunPqAAJ,PELUCHE 62 CM TIBURON,62cm shark,P406195W
01t4w00000NunPrAAJ,PELUCHE 35 CM OSO,35cm sitting bear,P406191W
01t4w00000NunPsAAJ,PELUCHE 45 CM PATO,45cm duck,P406192W
01t4w00000NunPtAAJ,PELUCHE 60 CM MONO,60cm monkey,P406193W
01t4w00000NunPuAAJ,PELUCHE 30 CM CONEJO,30cm bunny,P406196W
01t4w00000NunPvAAJ,PELUCHE 35 CM SURICATA,35CM meerkat,P406197W
01t4w00000NunPwAAJ,PELUCHE 120 CM NUBE,120cm cloud cushion,P406198W
01t4w00000NunPxAAJ,PELUCHE 39 CM MONO CON BEBE,39cm monkey with baby,P406199W
01t4w00000NunPyAAJ,PELUCHE 38 CM DINOSARIO,38CM dino,P406200W
01t4w00000NunPzAAJ,PELUCHE 38 CM ANIMALES,38cm sitting animal,P406201W
01t4w00000NunQ0AAJ,PELUCHE 70 CM COCODRILO,70cm crocodile,P406202W
01t4w00000NunQ1AAJ,PELUCHE 55 CM TIBURON,55cm shark,P406203W
01t4w00000NunQ2AAJ,PELUCHE 30 CM DINOSARIO,dino,P406204W
01t4w00000NunQ3AAJ,PELUCHE 80 CM ANIMALES CON BEBE,80cm animal plush with baby,P406205W
01t4w00000NunQ4AAJ,PELUCHE 120 CM OSO,120cm bear,P406206W
01t4w00000NunRAAAZ,POZO DE FUEGO,fire pit,G301055A
01t4w00000NunRIAAZ,POZO DE FUEGO,FIRE PIT,G301056A
01t4w00000NunRYAAZ,MESA RESINA PLEGABLE - ? 4 cm (70%),6FT FOLDING HDPE TABLE,G101044Z
01t4w00000NunRaAAJ,ESTANTERIA 4 NIVELES,KITCHEN RACK,H314061B
01t4w00000NunRcAAJ,ESTANTERIA 4 NIVELES,KITCHEN RACK,H314105B
01t4w00000NunRgAAJ,ESTANTERIA 4 NIVELES,LADDER SHELF,H314104T
01t4w00000NunRiAAJ,PERCHERO ZAPATERO,HALLSTAND WITH SHELF,H313048T
01t4w00000NunRkAAJ,ESTANTERIA 4 NIVELES,KITCHEN RACK,H314105T
01t4w00000NunRmAAJ,SILLA DE COMEDOR TELA,DINNING CHAIR,H201100T
01t4w00000NunRoAAJ,SILLA DE COMEDOR TELA,FABRIC DINING CHAIR,H201101T
01t4w00000NunRqAAJ,SILLA DE COMEDOR TELA,DINNING CHAIR,H201104T
01t4w00000NunRsAAJ,SILLA DE COMEDOR TELA,FABRIC DINING CHAIR,H201103T
01t4w00000NunRuAAJ,SILLA DE COMEDOR TELA,DINNING CHAIR,H201102T
01t4w00000NunRwAAJ,SILLA DE COMEDOR TELA,DINNING CHAIR,H201095T
01t4w00000NunRyAAJ,SILLA DE COMEDOR TELA,DINNING CHAIR,H201096T
01t4w00000NunS0AAJ,BANCO BAR PU,BAR STOOL,H206055T
01t4w00000NunS2AAJ,SILLA GAMING,GAMING CHAIR,H101055T
01t4w00000NunS4AAJ,SILLA GAMING,GAMING CHAIR,H101054T
01t4w00000NunS6AAJ,SILLON TELA,ARMCHAIR,H311055T
01t4w00000NunS8AAJ,SILLA COMEDOR TELA,FABRIC DINING CHAIR,H201097T
01t4w00000NunSAAAZ,SILLA COMEDOR TELA,FABRIC DINING CHAIR,H201098T
01t4w00000NunSCAAZ,SILLA COMEDOR TELA,FABRIC DINING CHAIR,H201099T
01t4w00000NunSEAAZ,SILLON TELA + REPOSA PIES,CHAIR,H311054T
01t4w00000NunSGAAZ,LAMPARA LED SELFIES SOBREMESA,SELFIES LED TABLE LAMP,H409029B
01t4w00000NunSHAAZ,LAMPARA LED SELFIES TRÍPODE PARA MOVIL,SELFIES TRIPOD LED LAMP FOR MOBILE,H409030B
01t4w00000NunSIAAZ,LAMPARA LED SELFIES TRÍPODE PARA MOVIL,SELFIES TRIPOD LED LAMP FOR MOBILE,H409031B
01t4w00000NunSMAAZ,PELUCHE 80 CM PERRO,80cm animal plush,P406207W
01t4w00000NunSOAAZ,PELUCHE 130 CM ELEFANTE,80cm animal plush,P406208W
01t4w00000NunSQAAZ,PELUCHE 37 CM PERRO,37cm dog,P406209W
01t4w00000NunSSAAZ,PELUCHE 200 CM MONO,80cm animal plush,P406210W
01t4w00000NunSUAAZ,PELUCHE 80 CM UNICORNIO,"80cm frog, bunny, sheep",P406211W
01t4w00000NunSWAAZ,PELUCHE 110 CM UNICORNIO,110cm narwhal,P406212W
01t4w00000NunSYAAZ,PELUCHE 30 CM CIERVO,30cm animal,P406213W
01t4w00000NunSaAAJ,PELUCHE 100 CM KOALA,100cm animal plush,P406214W
01t4w00000NunScAAJ,(DESACTIVADO) CALENTADOR SOBREMESA PTC 800W,PTC TABLETOP HEATER 800W,B302091C
01t4w00000NunSdAAJ,CALENTADOR SOBREMESA PTC 2000W,PTC TABLETOP HEATER 2000W,B302092C
01t4w00000NunSeAAJ,CALENTADOR SOBREMESA PTC 1200W,PTC TABLETOP HEATER 1200W,B302093C
01t4w00000NunSfAAJ,(DESACTIVADO) CALENTADOR SOBREMESA PTC 800W,PTC TABLETOP HEATER 800W,B302094C
01t4w00000NunSkAAJ,COLUMPIO COLGANTE CON COJIN DOBLE (DESMONTABLE),STEEL LOVESEAT HANGING CHAIR KD,G111023A
01t4w00000NunSmAAJ,COLUMPIO COLGANTE CON COJIN DOBLE  (FIJO),STEEL LOVESEAT HANGING CHAIR FIXED,G111024A
01t4w00000NunSoAAJ,COLUMPIO COLGANTE CON COJIN (DESMONTABLE),STEEL HANGING CHAIR KD,G111025A
01t4w00000NunSqAAJ,COLUMPIO COLGANTE CON COJIN (DESMONTABLE),STEEL HANGING CHAIR KD,G111026A
01t4w00000NunT3AAJ,CLIMATIZADOR 1000/2000W HEAT/COOL/FAN,HEATER,B302095C
01t4w00000NunT5AAJ,CALENTADOR PISO 750/1250/2000W,HEATER,B302096C
01t4w00000NunT7AAJ,MESA ESCRITORIO,FOLDING COMPUTER DESK,H102086B
01t4w00000NunT9AAJ,MESA ESCRITORIO,FOLDING TABLE,H102087B
01t4w00000NunTBAAZ,SOFA CAMA,SOFA BED,H309026I
01t4w00000NunTDAAZ,SOFA CAMA,SOFA BED,H309064I
01t4w00000NunTFAAZ,SILLON INFANTIL PUFF FUTBOL,Soccer stool,H311045I
01t4w00000NunTHAAZ,MESA AUXILIAR,COFFE TABLE,H312186I
01t4w00000NunTJAAZ,CLIMATIZADOR 1000/2000W HEAT/COOL/FAN,HEATER,B302029U
01t4w00000NunTLAAZ,CLIMATIZADOR 1000/2000W HEAT/COOL/FAN,HEATER,B302095U
01t4w00000NunTNAAZ,CALENTADOR PISO 750/1250/2000W,HEATER,B302096U
01t4w00000NunTPAAZ,CENTRO DE ENTRETENIMIENTO 2 CAJONES,TV STAND,H312214I
01t4w00000NunTRAAZ,SET COMEDOR MDF + 4 SILLAS,DINING SET,H210039I
01t4w00000NunTUAAZ,COLUMPIO COLGANTE CON COJIN DOBLE (DESMONTABLE),STEEL LOVESEAT HANGING CHAIR KD,G111023F
01t4w00000NunTXAAZ,BANCA RESINA PLEGABLE ? 4.5 cm,FOLDING BENCH ? 4.5 cm,G101029E
01t4w00000NunTZAAZ,MESA RESINA PLEGABLE ? 4 cm,122 CM FOLDING TABLE,G101024E
01t4w00000NunTdAAJ,MESA RESINA IMITACION MADERA PLEGABLE,PLASTIC FOLDING TABLE WITH WOODEN LOOK,G102022E
01t4w00000NunTfAAJ,SILLA RESINA IMITACION RATAN,FOLDING PLASTIC CHAIR,G102012E
01t4w00000NunThAAJ,"TV STAND MUEBLE CRISTAL SOPORTE 32-65""",TV STAND,H316020B
01t4w00000NunTjAAJ,"TV STAND MUEBLE CRISTAL SOPORTE 32-65""",TV STAND,H316021B
01t4w00000NunTlAAJ,SET MESA DOBLE CARA PIZARRON + 2 SILLAS CON CAJONES INFANTIL,TABLE & CHAIRS SET,H105024M
01t4w00000NunTnAAJ,SET MESA + SILLAS,TABLE CHAIR SET,H105043M
01t4w00000NunTrAAJ,MESA RESINA PERSONAL,PERSONAL TABLE,G101025S-21
01t4w00000NunTuAAJ,MESA RESINA PLEGABLE ? 4 cm,6FT FOLDING HDPE TABLE,G101045S-21
01t4w00000NunTvAAJ,MESA RESINA PLEGABLE,6FT FOLDING HDPE TABLE,
01t4w00000NunTwAAJ,SILLA COMEDOR TELA,FABRIC DINING CHAIR,H201106B
01t4w00000NunTyAAJ,SILLA COMEDOR TELA,FABRIC DINING CHAIR,H201107B
01t4w00000NunU0AAJ,SILLA COMEDOR TELA,DINNING CHAIR,H201108B
01t4w00000NunU2AAJ,SET COMEDOR MDF + 4 SILLAS + BANCO,DINNING SET MDF + 4 CHAIRS + BENCH,H210079B
01t4w00000NunU3AAJ,SET COMEDOR MDF + 4 SILLAS,DINNING SET MDF + 4 CHAIRS,H210080B
01t4w00000NunU4AAJ,SET COMEDOR MDF + 4 SILLAS,DINNING SET MDF + 4 CHAIRS,H210081B
01t4w00000NunU5AAJ,SET COMEDOR MDF + 4 SILLAS,DINNING SET MDF + 4 CHAIRS,H210082B
01t4w00000NunU6AAJ,SET COMEDOR MDF + 4 SILLAS,DINNING SET MDF + 4 CHAIRS,H210083B
01t4w00000NunUCAAZ,SET JARDIN 6 PIEZAS,6 PCS PATIO SET,G108077A
01t4w00000NunUEAAZ,SET COMEDOR 6 PIEZAS,6 PCS PATIO SET,G108078A
01t4w00000NunUGAAZ,SET REPISAS MAGICAS 2 PIEZAS CUBO,CUBE SHELVES DIAMOND SET OF 2,H302021T
01t4w00000NunUHAAZ,SET REPISAS MAGICAS 2 PIEZAS CUBO,CUBE SHELVES DIAMOND SET OF 2,
01t4w00000NunUIAAZ,SET REPISAS MAGICAS 2 PIEZAS CUBOS,CUBE SHELVES DECORATIVE SET OF 2,H302020T
01t4w00000NunUJAAZ,SET REPISAS MAGICAS 2 PIEZAS CUBOS,CUBE SHELVES DECORATIVE SET OF 2,
01t4w00000NunUKAAZ,SOFA CAMA,SOFA BED,H309015T
01t4w00000NunUMAAZ,SILLON RECLINABLE MANUAL GIRATORIO,MANUAL ROCKER RECLINER CHAIR,H311013T
01t4w00000NunUOAAZ,ESTANTERIA 4 NIVELES TRANSFORMER,BOOKSHELF,H314001T
01t4w00000NunUQAAZ,APARADOR 2 PUERTAS,SIDEBOARD,H312169T
01t4w00000NunUSAAZ,CENTRO ENTRETENIMIENTO 2 CAJONES,TV STAND,H316004T
01t4w00000NunUUAAZ,MESA AUXILIAR,COFFE TABLE,H312186T
01t4w00000NunUWAAZ,MESA AUXILIAR,COFFE TABLE,H312178T
01t4w00000NunUYAAZ,SET MESAS AUXILIARES 2 PIEZAS,SET NESTING SIDE TABLES,H312104T
01t4w00000NunUaAAJ,SET MESAS AUXILIARES 2 PIEZAS,TABLE RACK,H305035T
01t4w00000NunUcAAJ,MESA COMEDOR RECTANGULAR,TABLE,H211001T
01t4w00000NunUeAAJ,MESA COMEDOR RECTANGULAR,MESA PARA COMEDOR,H211005T
01t4w00000NunUgAAJ,SET COMEDOR MDF + 2 SILLAS AHORRAESPACIO,DINING SET,H210060T
01t4w00000NunUiAAJ,SET COMEDOR MDF + 4 SILLAS,ROUND DINING TABLE -1000DIA   TWO TAN PU CHAIR,H210074T
01t4w00000NunUkAAJ,SET COMEDOR MDF + 4 SILLAS,DINING SET,H210038T
01t4w00000NunUmAAJ,SET COMEDOR MDF + 4 SILLAS,DINING SET,H210039T
01t4w00000NunUoAAJ,CARRITO ISLA COCINA,Kitchen trolley,H212009T
01t4w00000NunUqAAJ,CARRITO ORGANIZADOR COCINA 3 NIVELES,Kitchen trolley,H212008T
01t4w00000NunUsAAJ,CARRITO ORGANIZADOR COCINA 2 NIVELES,kitchen trolley,H212010T
01t4w00000NunUuAAJ,"MANGUERA EXPANDIBLE 7,5 MT C/PISTOLA 8 FUNCIONES",EXPANDABLE HOSE 7.5 MT WITH 8 FUNCTION GUN,G401075A
01t4w00000NunUwAAJ,MANGUERA EXPANDIBLE 15 MT C/PISTOLA 7 FUNCIONES,EXPANDABLE HOSE 15 MT WITH GUN 7 FUNCTIONS,G401076A
01t4w00000NunUyAAJ,MANGUERA EXPANDIBLE 22 MT C/PISTOLA 8 FUNCIONES,EXPANDABLE HOSE 22 MT WITH 8 FUNCTION GUN,G401077A
01t4w00000NunUzAAJ,MANGUERA EXPANDIBLE 30 MT C/PISTOLA 8 FUNCIONES,EXPANDABLE HOSE 30 MT WITH 8 FUNCTION GUN,G401078A
01t4w00000NunV2AAJ,"MANGUERA EXPANDIBLE 7,5 MT C/PISTOLA 8 FUNCIONES",EXPANDABLE HOSE 7.5 MT WITH 8 FUNCTION GUN,G401079A
01t4w00000NunV4AAJ,MANGUERA EXPANDIBLE 15 MT C/PISTOLA 8 FUNCIONES,EXPANDABLE HOSE 15 MT WITH 8 FUNCTION GUN,G401080A
01t4w00000NunV6AAJ,MANGUERA EXPANDIBLE 22 MT C/PISTOLA 8 FUNCIONES,EXPANDABLE HOSE 22 MT WITH 8 FUNCTION GUN,G401081A
01t4w00000NunV8AAJ,MANGUERA EXPANDIBLE 30 MT C/PISTOLA 8 FUNCIONES,EXPANDABLE HOSE 30 MT WITH GUN 8 FUNCTIONS,G401082A
01t4w00000NunVAAAZ,"MANGUERA EXPANDIBLE 7,5 MT C/PISTOLA 8 FUNCIONES",EXPANDABLE HOSE 7.5 MT WITH 8 FUNCTION GUN,G401083A
01t4w00000NunVCAAZ,MANGUERA EXPANDIBLE 15 MT C/PISTOLA 8 FUNCIONES,EXPANDABLE HOSE 15 MT WITH GUN 8 FUNCTIONS,G401084A
01t4w00000NunVEAAZ,MANGUERA EXPANDIBLE 22 MT C/PISTOLA 8 FUNCIONES,EXPANDABLE HOSE 22 MT WITH 8 FUNCTION GUN,G401085A
01t4w00000NunVGAAZ,MANGUERA EXPANDIBLE 30 MT C/PISTOLA 8 FUNCIONES,EXPANDABLE HOSE 30 MT WITH GUN 8 FUNCTIONS,G401086A
01t4w00000NunVIAAZ,"MANGUERA EXPANDIBLE 7,5 MT C/PISTOLA 8 FUNCIONES",EXPANDABLE HOSE 7.5 MT WITH 8 FUNCTION GUN,G401087A
01t4w00000NunVKAAZ,MANGUERA EXPANDIBLE 15 MT C/PISTOLA 8 FUNCIONES,EXPANDABLE HOSE 15 MT WITH GUN 8 FUNCTIONS,G401088A
01t4w00000NunVOAAZ,"MANGUERA EXPANDIBLE 7,5 MT C/PISTOLA 8 FUNCIONES",EXPANDABLE HOSE 7.5 MT WITH 8 FUNCTION GUN,G401090A
01t4w00000NunVQAAZ,MANGUERA EXPANDIBLE 15 MT C/PISTOLA 8 FUNCIONES,EXPANDABLE HOSE 15 MT WITH GUN 8 FUNCTIONS,G401091A
01t4w00000NunVSAAZ,MANGUERA EXPANDIBLE 22 MT C/PISTOLA 7 FUNCIONES,EXPANDABLE HOSE 22 MT WITH 7 FUNCTION GUN,G401092A
01t4w00000NunVUAAZ,MANGUERA EXPANDIBLE 30 MT C/PISTOLA 8 FUNCIONES,EXPANDABLE HOSE 30 MT WITH GUN 8 FUNCTIONS,G401093A
01t4w00000NunVWAAZ,"MANGUERA EXPANDIBLE 7,5 MT C/PISTOLA 8 FUNCIONES",EXPANDABLE HOSE 7.5 MT WITH 8 FUNCTION GUN,G401094A
01t4w00000NunVYAAZ,MANGUERA EXPANDIBLE 15 MT C/PISTOLA 7 FUNCIONES,EXPANDABLE HOSE 15 MT WITH GUN 7 FUNCTIONS,G401095A
01t4w00000NunVaAAJ,MANGUERA EXPANDIBLE 22 MT C/PISTOLA 7 FUNCIONES,EXPANDABLE HOSE 22 MT WITH 7 FUNCTION GUN,G401096A
01t4w00000NunVcAAJ,MANGUERA EXPANDIBLE 30 MT C/PISTOLA 8 FUNCIONES,EXPANDABLE HOSE 30 MT WITH GUN 8 FUNCTIONS,G401098A
01t4w00000NunVeAAJ,"MANGUERA EXPANDIBLE 7,5 MT C/PISTOLA 8 FUNCIONES",EXPANDABLE HOSE 7.5 MT WITH 8 FUNCTION GUN,G401099A
01t4w00000NunVgAAJ,MANGUERA EXPANDIBLE 15 MT C/PISTOLA 8 FUNCIONES,EXPANDABLE HOSE 15 MT WITH 8 FUNCTION GUN,G401100A
01t4w00000NunViAAJ,MANGUERA EXPANDIBLE 22 MT C/PISTOLA 8 FUNCIONES,EXPANDABLE HOSE 22 MT WITH 8 FUNCTION GUN,G401101A
01t4w00000NunVkAAJ,MANGUERA EXPANDIBLE 30 MT C/PISTOLA 8 FUNCIONES,EXPANDABLE HOSE 30 MT WITH GUN 8 FUNCTIONS,G401102A
01t4w00000NunVmAAJ,"MANGUERA EXPANDIBLE 7,5 MT C/PISTOLA 8 FUNCIONES",EXPANDABLE HOSE 7.5 MT WITH 8 FUNCTION GUN,G401103A
01t4w00000NunVoAAJ,MANGUERA EXPANDIBLE 15 MT C/PISTOLA 8 FUNCIONES,EXPANDABLE HOSE 15 MT WITH 8 FUNCTION GUN,G401104A
01t4w00000NunVqAAJ,MESA RESINA PLEGABLE 152 CM,FOLDING TABLE,G101040Q
01t4w00000NunVsAAJ,SOMBRILLA JARDIN LATERAL CON BASE EN CRUZ,ECO CANTILEVER UMBRELLA,G106164A
01t4w00000NunVuAAJ,SOFA CAMA,SOFA BED,H309070B
01t4w00000NunVwAAJ,SOFA CAMA,SOFA BED,H309071B
01t4w00000NunVyAAJ,ASADOR CARBON CERAMICO REDONDO CON MESAS LATERALES,ROUND CERAMIC CHARCOAL GRILL WITH SIDE TABLES,G301040F
01t4w00000NunW0AAJ,ESTANTERIA PARA LIBROS CON CAJONES,BOOKCASE,H105044B
01t4w00000NunW2AAJ,ESTANTERIA PARA LIBROS,BOOKCASE,H105045B
01t4w00000NunW4AAJ,ESTANTERIA PARA LIBROS,BOOKCASE,H105046B
01t4w00000NunW6AAJ,ESTANTERIA PARA LIBROS,BOOKCASE,H105047B
01t4w00000NunW8AAJ,MESA RESINA PLEGABLE 152 CM,FOLDING TABLE,G101040I
01t4w00000NunWCAAZ,MESA RESINA PLEGABLE ? 4.5 cm,8FT FOLDING HDPE TABLE,G101011H
01t4w00000NunWDAAZ,MESA RESINA PLEGABLE,8FT FOLDING HDPE TABLE,
01t4w00000NunWEAAZ,BANCA RESINA PLEGABLE,6FT FOLDING HDPE BENCH,G101009I
01t4w00000NunWHAAZ,SET MESA + 2 BANCOS RESINA PLEGABLE,3PCS BEER TABLE SET,G101041H
01t4w00000NunWJAAZ,SOMBRILLA JARDIN 6 RIBS,3m  Market Umbrella,G106166A
01t4w00000NunWLAAZ,MESA RESINA PLEGABLE,6FT FOLDING HDPE TABLE,G101046A
01t4w00000NunWMAAZ,MESA RESINA PLEGABLE,6FT FOLDING HDPE TABLE,
01t4w00000NunWNAAZ,MESA JARDIN RECTANGULAR,RECTANGULAR TABLE,G109022A
01t4w00000NunWPAAZ,MESA JARDIN CUADRADO,SQUIRE TABLE,G108079A
01t4w00000NunWTAAZ,GAZEBO PLAYA,Sharp top folding gazebo,G502020A
01t4w00000NunWVAAZ,SILLA DE TERRAZA,Terrace Chair,G110048A
01t4w00000NunWXAAZ,MESA JARDIN REDONDA,ROUND GARDEN TABLE,G109023A
01t4w00000NunWZAAZ,COLUMPIO BALACIN DOBLE,Relax swing,G111027A
01t4w00000NunWbAAJ,COLUMPIO COLGANTE CON COJIN,STEEL HANGING CHAIR,G111028A
01t4w00000NunWdAAJ,COLUMPIO COLGANTE CON COJIN,STEEL HANGING CHAIR,G111029A
01t4w00000NunWfAAJ,COLUMPIO COLGANTE CON COJIN (DESMONTABLE),STEEL HANGING CHAIR,G111030A
01t4w00000NunWhAAJ,COLUMPIO COLGANTE CON COJIN (DESMONTABLE),STEEL HANGING CHAIR,G111031A
01t4w00000NunWjAAJ,HORNO DE PIZZA ELECTRICO,PIZZA OVEN,G301064A
01t4w00000NunWlAAJ,SET BISTRO ROPE 3PIEZAS,Padova steel rope chair set of 3,G108080A
01t4w00000NunWmAAJ,SET SOFAS WICKER 4 PIEZAS CON COJIN,SOFA SET,G108081A
01t4w00000NunWoAAJ,SILLA COMEDOR ACERO TEXTILENO,Steel textilene chair,G110049A
01t4w00000NunWqAAJ,SET SOFAS WICKER 4 PIEZAS CON COJIN,BALCONY SET,G108082H
01t4w00000NunWsAAJ,SET SOFAS WICKER 4 PIEZAS CON COJIN,BALCONY SET,G108083H
01t4w00000NunWuAAJ,SET SOFAS WICKER 4 PIEZAS CON COJIN,BALCONY SET,G108084H
01t4w00000NunWwAAJ,SILLA PLEGABLE ACERO,Susa steel folding chair,G110050A
01t4w00000NunWxAAJ,SET SOFAS WICKER 4 PIEZAS CON COJIN,BALCONY SET,G108085H
01t4w00000NunWzAAJ,SALA DE PATIO WICKER 3 PIEZAS,BALCONY SET,G108086H
01t4w00000NunX1AAJ,TUMBONA PLAYA,Thule steel rattan lounge,G501026A
01t4w00000NunX2AAJ,SET BISTRO METALICO 3 PIEZAS,Steel balcony bistro of 3,G108087A
01t4w00000NunX3AAJ,LAMPARA SOLAR LINTERNA,LANTERN SOLAR LIGHT,G112074A
01t4w00000NunX5AAJ,LAMPARA SOLAR LINTERNA,LANTERN SOLAR LIGHT,G112075A
01t4w00000NunX7AAJ,LAMPARA SOLAR LINTERNA,LANTERN SOLAR LIGHT,G112076A
01t4w00000NunX9AAJ,SET BISTRO METALICO 3 PIEZAS,Steel balcony bistro of 3,G108088A
01t4w00000NunXBAAZ,LAMPARA SOLAR HOJAS,SOLAR SHADOW LIGHT,G112077A
01t4w00000NunXIAAZ,LAMPARA SOLAR RAMAS,SOLAR SHADOW LIGHT,G112078A
01t4w00000NunXKAAZ,LAMPARA SOLAR LINTERNA,LANTERN SOLAR LIGHT,G112079A
01t4w00000NunXMAAZ,SET COMEDOR WICKER CON COJIN,Tanis steel rattan dinging set of 4,G108089A
01t4w00000NunXPAAZ,LAMPARA SOLAR COLGANTE,LANTERN SOLAR LIGHT,G112080A
01t4w00000NunXRAAZ,SET COMEDOR WICKER CON COJIN 4 PIEZAS,Laguna steel rattan sofa set of 4,G108090A
01t4w00000NunXTAAZ,TUMBONA PLAYA,Mentor steel textilene lounge,G501027A
01t4w00000NunXVAAZ,LAMPARA SOLAR LINTERNA,LANTERN SOLAR LIGHT,G112081A
01t4w00000NunXXAAZ,SET BISTRO WICKER 3 PIEZAS CON COJIN,Rocky steel rattan chat of 3,G108091A
01t4w00000NunXYAAZ,SET BISTRO WICKER 3 PIEZAS,Steel rattan set of 3,G108092A
01t4w00000NunXZAAZ,LAMPARA SOLAR LUNA,LANTERN SOLAR LIGHT,G112082A
01t4w00000NunXbAAJ,LAMPARA SOLAR COLGANTE,LANTERN SOLAR LIGHT,G112083A
01t4w00000NunXdAAJ,LAMPARA SOLAR FLOR,LANTERN SOLAR LIGHT,G112084A
01t4w00000NunXgAAJ,SERIE DE LUZ SOLAR DECORATIVA,LED SOLAR LIGHT,G112085A
01t4w00000NunXiAAJ,SERIE DE LUZ SOLAR DECORATIVA,LED SOLAR LIGHT,G112086A
01t4w00000NunXkAAJ,SALA DE PATIO METALICA CON COJIN 4 PIEZAS,Seattle steel conversation set of 4,G108093A
01t4w00000NunXmAAJ,SET COMEDOR 3 PIEZAS AHORRA ESPACIO WICKER CON COJIN,Ribe steel rattan set of 3,G108094A
01t4w00000NunXoAAJ,CARRITO APOYO CUADRADO,Lund steel rattan square trolley,G109024A
01t4w00000NunXrAAJ,CARRITO APOYO REDONDO,Lund round trolley,G109025A
01t4w00000NunXsAAJ,SALA DE PATIO WICKER 4 PIEZAS,Tilburg II Rattan sofa set of 4,G108095A
01t4w00000NunXuAAJ,SET BISTRO WICKER 3 PIEZAS CON COJIN,Tilburg steel rattan set of 3,G108096A
01t4w00000NunXwAAJ,SALA DE PATIO METALICA 4 PIEZAS CON COJINES,Seattle steel lounge sofa set of 4,G108097A
01t4w00000NunXyAAJ,SILLA HUEVO ROTA,Egg sofa chair,G111032A
01t4w00000NunY0AAJ,SILLA HUEVO ROTA,Fyn steel rattan sofa,G111033A
01t4w00000NunY2AAJ,SILLA INFANTIL PLASTICO,CHILDREN´S CHAIR,H105048B
01t4w00000NunY4AAJ,SILLA INFANTIL PLASTICO,CHILDREN´S CHAIR,H105049B
01t4w00000NunY6AAJ,SILLA INFANTIL PLASTICO,CHILDREN´S CHAIR,H105050B
01t4w00000NunY8AAJ,TABURETE AUXILIAR HIELERA,STOOL COOL BOX,G109026A
01t4w00000NunYAAAZ,SET BISTRO 3 PIEZAS,String Chair Set,G108098A
01t4w00000NunYBAAZ,MESA AUXILIAR HIELERA,COOL BAR,G109027A
01t4w00000NunYDAAZ,MESA AUXILIAR HIELERA,COOL BAR,G109028A
01t4w00000NunYFAAZ,TABURETE AUXILIAR HIELERA,STOOL COOL BOX,G110051A
01t4w00000NunYHAAZ,SALA DE PATIO RATAN 3 PIEZAS,Rattan sofa set,G108099A
01t4w00000NunYIAAZ,SET SOFA EN ESQUINA 7 PIEZAS,Rattan sofa set,G108100A
01t4w00000NunYJAAZ,SET COMEDOR MDF + 2 SILLAS AHORRAESPACIO,DINING SET,H210084T
01t4w00000NunYLAAZ,SALA DE PATIO WICKER 4 PIEZAS,Rattan KD Sofa Set,G108101A
01t4w00000NunYMAAZ,SET COMEDOR MDF + 2 SILLAS AHORRAESPACIO,DINING SET,H210085B
01t4w00000NunYOAAZ,SET COMEDOR 5 PIEZAS,Rattan KD Dining Set,G108102A
01t4w00000NunYPAAZ,SALA DE PATIO WICKER 5 PIEZAS,Rattan Sofa Set,G108103A
01t4w00000NunYWAAZ,TUMBONA PLEGABLE,Steel foldable rattan Lounge Chaise,G111034A
01t4w00000NunYYAAZ,SET COMEDOR CON SOMBRILLA 8 PIEZAS,8PC Deluxe Folding set,G108105A
01t4w00000NunYZAAZ,SET COMEDOR PLEGABLE 6 PIEZAS,STEEL 6PC FOLDING SET,G108104A
01t4w00000NunYcAAJ,SET BISTRO WICKER PLEGABLE,Steel 3pc folding set,G108106A
01t4w00000NunYeAAJ,SET COMEDOR 6 PIEZAS,6PC Patio Set,G108107A
01t4w00000NunYgAAJ,SET COMEDOR 5 PIEZAS,5pc Steel Set,G108108A
01t4w00000NunYiAAJ,SILLA DOBLE PLAYA,Oversize-Steel Zero Gravity Chair,G501028A
01t4w00000NunYkAAJ,SET DE SILLA DOBLE PLAYA,3PC Lounger set,G501029A
01t4w00000NunYrAAJ,SET COMEDOR 8 PIEZAS,DINING SET,G108109A
01t4w00000NunYtAAJ,MESA - SET JARDIN 8 PIEZAS (G108109A),TABLE - 8 PIECE GARDEN SET (G108109A),G108110A
01t4w00000NunYvAAJ,SILLA - SET JARDIN 8 PIEZAS (G108109A),GARDEN CHAIR,G108111A
01t4w00000NunYxAAJ,SOMBRILLA - SET JARDIN 8 PIEZAS (G108109A),GARDEN UMBRELLA,G108112A
01t4w00000NunYzAAJ,SET COMEDOR 7 PIEZAS,7PC Patio Set,G108113A
01t4w00000NunZ1AAJ,MESA - SET JARDIN 8 PIEZAS (G108114A),TABLE - GARDEN SET 8 PIECES (G108114A),G108115A
01t4w00000NunZ3AAJ,SET COMEDOR  8 PIEZAS,DINING SET,G108114A
01t4w00000NunZ6AAJ,SILLA - SET JARDIN 8 PIEZAS(G108114A),GARDEN CHAIR,G108116A
01t4w00000NunZ8AAJ,SOMBRILLA - SET JARDIN 8 PIEZAS (G108114A),GARDEN UMBRELLA,G108117A
01t4w00000NunZAAAZ,SET COMEDOR 5 PIEZAS,DINING SET,G108118A
01t4w00000NunZBAAZ,MESA - SET JARDIN 5 PIEZAS (G108118A),TABLE - GARDEN SET 5 PIECES (G108118A),G108119A
01t4w00000NunZDAAZ,SILLA - SET JARDIN 5 PIEZAS (G108118A),GARDEN CHAIR,G108120A
01t4w00000NunZFAAZ,SET COMEDOR 6 PIEZAS CON SOMBRILLA,DINING SET 6PCS WITH UMBRELLA,G108121A
01t4w00000NunZHAAZ,MESA - SET JARDIN 6 PIEZAS (G108121A),TABLE - 6 PIECE GARDEN SET (G108121A),G108122A
01t4w00000NunZJAAZ,SILLA - SET JARDIN 6 PIEZAS (G108121A),GARDEN CHAIR,G108123A
01t4w00000NunZLAAZ,SET COMEDOR 6 PIEZAS,DINING SET,G108124A
01t4w00000NunZNAAZ,MESA - SET JARDIN 6 PIEZAS (G108124A),TABLE - 6 PIECE GARDEN SET (G108124A),G108125A
01t4w00000NunZPAAZ,SILLA - SET JARDIN 6 PIEZAS (G108124A),GARDEN CHAIR,G108126A
01t4w00000NunZRAAZ,SOMBRILLA - SET JARDIN 6 PIEZAS (G108124A),GARDEN UMBRELLA,G108127A
01t4w00000NunZTAAZ,SET COMEDOR 5 PIEZAS,DINING SET,G108128A
01t4w00000NunZVAAZ,MESA - SET JARDIN 5 PIEZAS (G108128A),TABLE - GARDEN SET 5 PIECES (G108128A),G108129A
01t4w00000NunZXAAZ,SILLA - SET JARDIN 5 PIEZAS (G108128A),GARDEN CHAIR,G108130A
01t4w00000NunZaAAJ,MESA - SET COMEDOR 5 PIEZAS (G108108A),5pc Steel Set,G108131A
01t4w00000NunZcAAJ,SILLA - SET COMEDOR 5 PIEZAS (G108108A),5pc Steel Set,G108132A
01t4w00000NunZeAAJ,MESA - SET JARDIN PLEGABLE 8 PIEZAS (G108105A),8PC Deluxe Folding set,G108133A
01t4w00000NunZgAAJ,SILLA - SET JARDIN PLEGABLE 8 PIEZAS (G108105A),8PC Deluxe Folding set,G108134A
01t4w00000NunZiAAJ,SOMBRILLA - SET JARDIN PLEGABLE 8 PIEZAS (G108105A),8PC Deluxe Folding set,G108135A
01t4w00000NunZkAAJ,"(INACTIVO) VENTILADOR TORRE 31"" 40W",TOWER FAN,B301079C
01t4w00000NunZmAAJ,"VENTILADOR TORRE 36"" 40W",TOWER FAN,B301080C
01t4w00000NunZoAAJ,"(INACTIVO) VENTILADOR TORRE 31"" 40W",TOWER FAN,B301081C
01t4w00000NunZqAAJ,"VENTILADOR TORRE 36"" 50W",TOWER FAN,B301082C
01t4w00000NunZsAAJ,"VENTILADOR TORRE 49"" 50W",TOWER FAN,B301083C
01t4w00000NunZuAAJ,"VENTILADOR TORRE 40"" 60W",TOWER FAN,B301084C
01t4w00000NunZwAAJ,"VENTILADOR TORRE TURBO 33"" 90W",TURBO TOWER FAN,B301085C
01t4w00000NunZzAAJ,"(INACTIVO) VENTILADOR MIST 16"" 90W",MIST FAN,B301086C
01t4w00000Nuna2AAB,"VENTILADOR MIST 16"" 90W",MIST FAN,B301087C
01t4w00000Nuna5AAB,SILLA PLEGABLE CAMPING 2 PLAZAS,Lover camping chair,G602021T
01t4w00000Nuna7AAB,SILLA PLEGABLE CAMPING CON SOMBRILLA,Camping chair with shade,G602017T
01t4w00000Nuna9AAB,SOMBRILLA JARDIN 6 RIBS,WOODEN UMBRELLA 270 CM,G106001T
01t4w00000NunaBAAR,CARPA POLIESTER,GAZEBO,G106073T
01t4w00000NunaDAAR,SOMBRILLA JARDIN LATERAL CON BASE EN CRUZ + LUZ LED,Banana umbrella with LED light,G106153T
01t4w00000NunaFAAR,SET BISTRO TEKA CON COJINES,ISLAND BISTRO,G104127T
01t4w00000NunaHAAR,TUMBONA PLEGABLE,Steel foldable rattan Lounge Chaise,G111034T
01t4w00000NunaJAAR,GAZEBO CUADRADO CON MOSQUITERA,SQUARE GAZEBO WITH MOSQUITO NET,G106112T
01t4w00000NunaLAAR,GAZEBO CUADRADO CON MOSQUITERA,SQUARE GAZEBO WITH MOSQUITO NET,G106097T
01t4w00000NunaNAAR,SET COMEDOR 5 PIEZAS AHORRAESPACIO PLASTICO,SET DE JARDIN 5 PIEZAS,G108034T
01t4w00000NunaPAAR,SET JARDIN 5 PIEZAS CON COJINES,GARDEN SET,G104152T
01t4w00000NunaRAAR,MESA RESINA PLEGABLE 152 CM,FOLDING TABLE,G101040T
01t4w00000NunaUAAR,GAZEBO CUADRADO CON BARRAS BAR,SQUARE GAZEBO WITH BARS,G106167A
01t4w00000NunaXAAR,GAZEBO CUADRADO,SQUARE GAZEBO,G106168A
01t4w00000NunaYAAR,GAZEBO CUADRADO CON BARRAS BAR,SQUARE GAZEBO WITH BARS,G106169A
01t4w00000NunabAAB,GAZEBO CUADRADO CON BARRAS BAR,SQUARE GAZEBO WITH BARS,G106170A
01t4w00000NunacAAB,GAZEBO CUADRADO,SQUARE GAZEBO,G106171A
01t4w00000NunaeAAB,GAZEBO CUADRADO CON BARRAS BAR,SQUARE GAZEBO WITH BARS,G106172A
01t4w00000NunahAAB,GAZEBO CUADRADO CON CORTINAS,SQUARE GAZEBO WITH CURTAINS,G106175A
01t4w00000NunaiAAB,GAZEBO CUADRADO CON CORTINAS,SQUARE GAZEBO WITH CURTAINS,G106173A
01t4w00000NunajAAB,GAZEBO CUADRADO,SQUARE GAZEBO,G106174A
01t4w00000NunamAAB,GAZEBO CUADRADO CON CORTINAS,SQUARE GAZEBO WITH CURTAINS,G106176A
01t4w00000NunaoAAB,SET SOFAS CON COJIN 4 PIEZAS,SOFA SET,G108136A
01t4w00000NunaqAAB,SET SOFAS CON COJIN 4 PIEZAS,SOFA SET,G108137A
01t4w00000NunasAAB,SET BISTRO WICKER MARIPOSA 3 PIEZAS,BISTRO SET,G108138A
01t4w00000NunauAAB,CENTRO ENTRETENIMIENTO 4 CAJONES,TV STAND,H316003B
01t4w00000NunavAAB,APARADOR 1 PUERTA + 1 CAJON,SIDEBOARD,H312165B
01t4w00000NunawAAB,APARADOR 1 NIVEL,Table,H312166B
01t4w00000NunaxAAB,MESA AUXILIAR 1 NIVEL,Table,H312167B
01t4w00000NunayAAB,APARADOR 1 CAJON,SIDE TABLE,H312168B
01t4w00000NunazAAB,CENTRO ENTRETENIMIENTO 2 CAJONES,TV STAND,H316004B
01t4w00000Nunb0AAB,APARADOR 2 PUERTAS,SIDEBOARD,H312169B
01t4w00000Nunb1AAB,MESA AUXILIAR,SIDE TABLE,H312170B
01t4w00000Nunb2AAB,MESA AUXILIAR,SIDE TABLE,H312171B
01t4w00000Nunb3AAB,APARADOR 2 NIVELES,SIDEBOARD,H312172B
01t4w00000Nunb4AAB,MESA AUXILIAR,SIDE TABLE,H312173B
01t4w00000Nunb5AAB,APARADOR 2 NIVELES,SIDEBOARD,H312174B
01t4w00000Nunb6AAB,MESA AUXILIAR 2 CAJONES,SIDE TABLE,H312177B
01t4w00000Nunb7AAB,APARADOR 2 PUERTAS,SIDEBOARD,H312175B
01t4w00000Nunb8AAB,TOALLERO 3 NIVELES,TOWEL RACK,H404015B
01t4w00000Nunb9AAB,APARADOR 2 PUERTAS,SIDEBOARD,H312176B
01t4w00000NunbAAAR,TOALLERO 2 NIVELES,TOWEL RACK,H404013B
01t4w00000NunbBAAR,PORTA CEPILLO PARA BAÑO,TOILET BRUSH HOLDER,H404010B
01t4w00000NunbCAAR,PORTA PAPEL HIGIENICO,TOILET PAPEL HOLDER,H404011B
01t4w00000NunbDAAR,TOALLERO 3 NIVELES,TOWEL RACK,H404014B
01t4w00000NunbEAAR,PORTA CEPILLO PARA BAÑO,TOILET BRUSH HOLDER,H404012B
01t4w00000NunbFAAR,MESA DE BAÑO 3 NIVELES,3 TIER BATHROOM SIDE TABLE,H404016B
01t4w00000NunbGAAR,MESA DE BAÑO 4 NIVELES,4 TIER BATHROOM SIDE TABLE,H404017B
01t4w00000NunbHAAR,CARRITO DE BAÑO 3 NIVELES,2 TIER BATHROOM TROLLEY,H404024B
01t4w00000NunbIAAR,CARRITO BAÑO 3 NIVELES,4 TIER BATHROOM TROLLEY,H404018B
01t4w00000NunbJAAR,CARRITO BAÑO 3 NIVELES,4 TIER BATHROOM TROLLEY,H404019B
01t4w00000NunbKAAR,MESA DE BAÑO 3 NIVELES,4 TIER BATHROOM SIDE TABLE,H404020B
01t4w00000NunbLAAR,CARRITO BAÑO 3 NIVELES,2 TIER BATHROOM TROLLEY,H404021B
01t4w00000NunbMAAR,CARRITO BAÑO 3 NIVELES,2 TIER BATHROOM TROLLEY,H404022B
01t4w00000NunbNAAR,CARRITO BAÑO 3 NIVELES,2 TIER BATHROOM TROLLEY,H404023B
01t4w00000NunbOAAR,CARRITO BAÑO 3 NIVELES,2 TIER BATHROOM TROLLEY,H404025B
01t4w00000NunbPAAR,LAMPARA DE MESA,TABLE LAMP.,H315002B
01t4w00000NunbQAAR,BOLSA MOCHILA NEVERA CAMPING,COOLER BACKPACK,G603013A
01t4w00000NunbRAAR,BOLSA NEVERA CAMPING,COOLER BAG,G603014A
01t4w00000NunbSAAR,BOLSA NEVERA,COOLER BAG,G603015A
01t4w00000NunbTAAR,BOLSA NEVERA CAMPING,COOLER BAG,G603016A
01t4w00000NunbUAAR,BOLSA NEVERA CAMPING,COOLER TOTE BAG,G603020A
01t4w00000NunbVAAR,BOLSA MOCHILA NEVERA CAMPING,COOLER BACKPACK,G603017A
01t4w00000NunbWAAR,BOLSA NEVERA CAMPING,TOTE BAG,G603019A
01t4w00000NunbXAAR,BOLSA LONCHERA NEVERA CAMPING,DOUBLE LAYER COOLER BAG,G603018A
01t4w00000NunbYAAR,BOLSA LONCHERA NEVERA CAMPING,COOLER BAG,G603021A
01t4w00000NunbZAAR,BOLSA LONCHERA NEVERA CAMPING,COOLER BAG,G603022A
01t4w00000NunbaAAB,LAMPARA DE MESA,TABLE LAMP.,H315003B
01t4w00000NunbbAAB,LAMPARA DE MESA,TABLE LAMP.,H315007B
01t4w00000NunbcAAB,LAMPARA DE MESA CON PUERTO USB,TABLE LAMP WITH USB PORT,H315008B
01t4w00000NunbdAAB,LAMPARA DE MESA,TABLE LAMP.,H315004B
01t4w00000NunbeAAB,LAMPARA DE MESA,TABLE LAMP.,H315005B
01t4w00000NunbfAAB,LAMPARA DE MESA,TABLE LAMP.,H315006B
01t4w00000NunbgAAB,LAMPARA DE MESA CON 3 PUERTOS USB,TABLE LAMP WITH 3 USB PORTS,H315011B
01t4w00000NunbhAAB,LAMPARA DE MESA CON PUERTO USB,TABLE LAMP WITH USB PORT,H315009B
01t4w00000NunbiAAB,LAMPARA DE MESA CON PUERTO USB,TABLE LAMP WITH USB PORT,H315010B
01t4w00000NunbjAAB,LAMPARA DE MESA CON PUERTO USB,TABLE LAMP WITH USB PORT,H315012B
01t4w00000NunbkAAB,LAMPARA DE MESA CON PUERTO USB Y CARGADOR WIRELESS,TABLE LAMP WITH USB PORT + WIRELESS CHARGING,H315013B
01t4w00000NunblAAB,LAMPARA DE PIE,FLOOR LAMP,H315014B
01t4w00000NunbmAAB,LAMPARA DE PIE CON PUERTO USB,FLOOR LAMP WITH USD PORT,H315015B
01t4w00000NunbnAAB,REPISA METALICA MONTAÑA,Metal&wood  wall hanging shelf in mountain shape,H315018B
01t4w00000NunboAAB,LAMPARA DE PIE,FLOOR LAMP,H315016B
01t4w00000NunbpAAB,REPISA METALICA MONTAÑA,Metal&wood  wall hanging shelf in mountain shape,H315020B
01t4w00000NunbqAAB,LAMPARA DE PIE CON REPISAS,FLOOR LAMP,H315017B
01t4w00000NunbrAAB,REPISA METALICA OSITO,Metal&wood  wall hanging shelf in cloud shape,H315021B
01t4w00000NunbsAAB,REPISA METALICA NUBE,Metal&wood  wall hanging shelf in cloud shape,H315022B
01t4w00000NunbtAAB,REPISA METALICA NUBE,Metal&wood  wall hanging shelf in cloud shape,H315023B
01t4w00000NunbuAAB,REPISA METALICA GRAFICA 2 NIVELES,"Metal&wood  wall hanging shelf in square shape,K/D",H315024B
01t4w00000NunbvAAB,REPISA METALICA HEXAGONO,"Metal&wood  wall hanging shelf in hexagon shape,K/D",H315025B
01t4w00000NunbwAAB,REPISA METALICA CASA,"Metal&wood  wall hanging shelf in house shape,K/D",H315030B
01t4w00000NunbxAAB,REPISA METALICA CORAZON,"Metal&wood  wall hanging shelf in heart shape,K/D",H315026B
01t4w00000NunbyAAB,REPISA METALICA ROMBO,"Metal&wood  wall hanging shelf in diamond shape,K/D",H315027B
01t4w00000NunbzAAB,REPISA METALICA GATO,"Metal&wood  wall hanging shelf in cat shape,K/D",H315028B
01t4w00000Nunc0AAB,REPISA METALICA CASA,"Metal&wood  wall hanging shelf in house shape,K/D",H315029B
01t4w00000Nunc1AAB,REPISA METALICA TRIANGULO,"Metal&wood  wall hanging shelf in triangle shape,K/D",H315031B
01t4w00000Nunc2AAB,REPISA METALICA CIRCULO,"Metal&wood  wall hanging shelf in circle shape,K/D",H315032B
01t4w00000Nunc3AAB,REPISA METALICA CIRCULOS,"Metal&wood  wall hanging shelf in circle shape,K/D",H315033B
01t4w00000Nunc4AAB,REPISA METALICA HOJA,"Metal&wood  wall hanging shelf in leaf shape,K/D",H315037B
01t4w00000Nunc5AAB,REPISA METALICA CORAZON,"Metal&wood  wall hanging shelf in heart shape,K/D",H315034B
01t4w00000Nunc6AAB,REPISA METALICA BICICLETA,"Metal&wood  wall hanging shelf in heart shape,K/D",H315035B
01t4w00000Nunc7AAB,REPISA METALICA CASA,"Metal&wood  wall hanging shelf in house shape,K/D",H315036B
01t4w00000Nunc8AAB,REPISA METALICA MARIPOSA,"Metal&wood  wall hanging shelf in butterfly shape,K/D",H315038B
01t4w00000Nunc9AAB,REPISA METALICA CON MADERA,Metal&wood shelf in square shape,H314089B
01t4w00000NuncAAAR,REPISA 4 NIVELES ESCALERA,wall shelf,H314090B
01t4w00000NuncBAAR,REPISA 3 NIVELES HEXAGONAL,wall shelf,H314091B
01t4w00000NuncCAAR,REPISA METALICA CON MADERA,wall shelf,H314092B
01t4w00000NuncDAAR,MESA AUXILIAR,COFFE TABLE,H312178B
01t4w00000NuncEAAR,MESA AUXILIAR,COFFE TABLE,H312179B
01t4w00000NuncFAAR,MESA AUXILIAR,COFFEE TABLE,H312184B
01t4w00000NuncGAAR,MESA AUXILIAR 2 CAJONES,COFFE TABLE,H312187B
01t4w00000NuncHAAR,MESA AUXILIAR,COFFE TABLE,H312180B
01t4w00000NuncIAAR,MESA AUXILIAR,COFFE TABLE,H312181B
01t4w00000NuncJAAR,MESA AUXILIAR,COFFE TABLE,H312182B
01t4w00000NuncKAAR,MESA AUXILIAR,COFFE TABLE,H312183B
01t4w00000NuncLAAR,MESA AUXILIAR,SIDE TABLE,H312185B
01t4w00000NuncMAAR,MESA AUXILIAR 2 CAJONES,COFFE TABLE,H312188B
01t4w00000NuncNAAR,CAJONERA (7 CAJONES),Large Capacity Chest  (7-Drawer),H313045B
01t4w00000NuncOAAR,MESA AUXILIAR,COFFE TABLE,H312186B
01t4w00000NuncPAAR,CAJONERA (5 CAJONES),Wide Chest  (5-Drawer),H313046B
01t4w00000NuncQAAR,MESA AUXILIAR 2 CAJONES,COFFE TABLE,H312189B
01t4w00000NuncRAAR,CAJONERA CON PERCHERO,Free Combination Closet Organizer,H406036B
01t4w00000NuncSAAR,SILLA COMEDOR PU,DINNING CHAIR,H201087B
01t4w00000NuncTAAR,SILLON PU,SOFA CHAIR,H311031B
01t4w00000NuncUAAR,SILLON PU,SOFA CHAIR,H311032B
01t4w00000NuncVAAR,SILLON PU,SOFA CHAIR,H311033B
01t4w00000NuncWAAR,SILLON MECEDORA PU,ROCKING CHAIR,H311034B
01t4w00000NuncXAAR,SILLA COMEDOR TELA,DINNING CHAIR,H201088B
01t4w00000NuncYAAR,SILLA COMEDOR TELA,DINNING CHAIR,H201089B
01t4w00000NuncZAAR,SET ESTANTERÍA CON PERCHERO Y CAJONERA,Free Combination Closet Organizer,H406037B
01t4w00000NuncaAAB,BANCO BAR TELA,BAR STOOL,H206054B
01t4w00000NuncbAAB,SOFA 2 PLAZAS,SOFA,H309053B
01t4w00000NunccAAB,SOFA CAMA,SOFA,H309054B
01t4w00000NuncdAAB,SOFA CAMA,SOFA BED,H309056B
01t4w00000NunceAAB,SOFA CAMA,SOFA,H309055B
01t4w00000NuncfAAB,SOFA CAMA,SOFA BED,H309057B
01t4w00000NuncgAAB,SOFA CAMA,SOFA BED,H309058B
01t4w00000NunchAAB,SOFA CAMA,SOFA BED,H309060B
01t4w00000NunciAAB,SOFA CAMA,SOFA BED,H309059B
01t4w00000NuncjAAB,SILLON TELA,SOFA,H311038B
01t4w00000NunckAAB,SOFA CAMA,SOFA BED,H309061B
01t4w00000NunclAAB,SOFA CAMA,SOFA BED,H309062B
01t4w00000NuncmAAB,SILLON TELA,SOFA,H311037B
01t4w00000NuncnAAB,SOFA CAMA INDIVIDUAL,SOFA BED,H309063B
01t4w00000NuncoAAB,SILLON TELA,SOFA,H311035B
01t4w00000NuncpAAB,SILLON TELA,SOFA,H311036B
01t4w00000NuncqAAB,SILLON TELA,SOFA,H311039B
01t4w00000NuncrAAB,SILLON TELA,SOFA,H311040B
01t4w00000NundxAAB,MESA CUADRADA INFANIL,Kids square table,H105020B
01t4w00000NundyAAB,SILLON INFANTIL,KIDS SOFA,H311041B
01t4w00000NundzAAB,SILLON INFANTIL,Kids Sofa,H311042B
01t4w00000Nune0AAB,SILLON INFANTIL MECEDORA,Kids Rocking Chair,H311043B
01t4w00000Nune1AAB,SILLON INFANTIL PUFF BEISBOL,Baseball stool,H311044B
01t4w00000Nune2AAB,SILLON INFANTIL PUFF FUTBOL,Soccer stool,H311045B
01t4w00000Nune3AAB,SILLON INFANTIL BALON CON REPOSAPIES,Soccer Sofa with Ottoman,H311046B
01t4w00000Nune4AAB,SET MESA DOBLE CARA PIZARRON + 2 SILLAS CON CAJONES INFANTIL,TABLE & CHAIRS SET,H105024B
01t4w00000Nune5AAB,JUGUETERO 6 CAJONES DE TELA INFANTIL,SWAN STORAGE WITH 6 BINS,H105021B
01t4w00000Nune6AAB,BAÚL JUGUETES INFANTIL,SWAN TOYBOX,H105022B
01t4w00000Nune7AAB,JUGUETERO 9 CAJONES DE PLASTICO INFANTIL,ANIMAL STORAGE WITH 9 BINS,H105023B
01t4w00000Nune8AAB,PERCHERO INFANTIL,SWAN COAT RACK,H105025B
01t4w00000Nune9AAB,SET MESA DOBLE CARA PIZARRON + 2 BANCOS,SWAN TABLE & 2 STOOLS,H105026B
01t4w00000NuneAAAR,CAJONERA 2 CUBOS INFANTIL,WHITE MONSTER CABINET,H105031B
01t4w00000NuneBAAR,SET MESA DOBLE CARA PIZARRON + 2 SILLAS INFANTIL,WHITE MONSTER TABLE & 2 CHAIRS SET,H105027B
01t4w00000NuneCAAR,SET MESA DOBLE CARA TIPO LEGO + SILLA INFANTIL,WHITE MONSTER LEGO TABLE & CHAIR SET,H105028B
01t4w00000NuneDAAR,SET MESA DE DIBUJO CON SILLA INFANTIL,WHITE MONSTER TABLE & CHAIR SET,H105029B
01t4w00000NuneEAAR,LIBRERO INFANTIL,WHITE MONSTER BOOKCASE,H105030B
01t4w00000NuneFAAR,PELDAÑO INFANTIL,WHITE MONSTER STEP LADDER,H105033B
01t4w00000NuneGAAR,CAJONERA 4 CUBOS INFANTIL,WHITE MONSTER CABINET,H105032B
01t4w00000NuneHAAR,SET ESCRITORIO/BANCA CON ALMACENAJE INFANTIL,WHITE MONSTER DESK-CHAIR,H105034B
01t4w00000NuneIAAR,JUGUETERO 6 CAJONES DE TELA INFANTIL,WHITE MOSNTER CABINET WITH 6 BINS,H105035B
01t4w00000NuneJAAR,SILLA INFANTIL COMEDOR,HIGH CHAIR,H201090B
01t4w00000NuneKAAR,BAÚL JUGUETES INFANTIL,WHITE MONSTER TOYBOX,H105036B
01t4w00000NuneLAAR,HAMACA MADERA INFANTIL CON TELA,CHILDREN DECK CHAIR,G111015A
01t4w00000NuneMAAR,BANCA INFANTIL,CHILDREN BENCH,G110025A
01t4w00000NuneNAAR,SET INFANTIL 3 PIEZAS,CHILDREN SET: 1 CHILDREN TABLE + 2 CHILDREN  CHAIRS,G108055A
01t4w00000NuneOAAR,BANCA INFANTIL,CHILDREN BENCH,G110026A
01t4w00000NunePAAR,SET INFANTIL 3 PIEZAS,CHILDREN SET: 1 CHILDREN TABLE 50*50CM + 2 CHILDREN CHAIRS,G108056A
01t4w00000NuneQAAR,CASA DE JUEGO,PLAY HOUSE,G106144A
01t4w00000NuneRAAR,TIENDA DE CAMPAÑA AZUL INFANTIL,BLUE TEPPE,G106145A
01t4w00000NuneSAAR,BANCO INFANTIL,Kids Single Sofa,H311047B
01t4w00000NuneTAAR,CARRITO ISLA COCINA,Kitchen island,H212011B
01t4w00000NuneUAAR,BANCO INFANTIL,Kids Double Sofa,H311048B
01t4w00000NuneVAAR,SILLÓN RELAX EUCALIPTO,DECK CHAIR WITH POLYESTER FABRIC,G110027A
01t4w00000NuneWAAR,CARRITO ISLA COCINA,Kitchen island,H212012B
01t4w00000NuneXAAR,APARADOR COCINA,Kitchen cabinet,H212013B
01t4w00000NuneYAAR,SILLÓN RELAX ACACIA,DECK CHAIR WITH POLYESTER FABRIC,G110028A
01t4w00000NuneaAAB,CARRITO ISLA COCINA,Kitchen island,H212014B
01t4w00000NunebAAB,CARRITO ISLA COCINA,Kitchen island,H212015B
01t4w00000NunecAAB,SILLÓN RELAX ACACIA CON REPOSA PIES,DECK CHAIR with foot rest,G110030A
01t4w00000NunedAAB,SILLA COMEDOR ACACIA,DIRECTOR AMCHAIR WITH PVC FABRIC SEAT AND BACK,G110033A
01t4w00000NuneeAAB,SET SILLÓN ARINDORAK ACACIA CON REPOSA PIES+MESA,"""SET -  1 adirondack armchair + 1 low square table 40 x 40 cm""",G110031A
01t4w00000NunefAAB,BANCO ACACIA INDIVIDUAL,STOOL,G110034A
01t4w00000NunegAAB,SILLÓN RELAX ACACIA CON REPOSA PIES,DECK CHAIR with foot rest and 230gr/m² polyester fabric,G110032A
01t4w00000NunehAAB,BANCO ACACIA CON COJINES,DOBLE SOFA BENCH,G110035A
01t4w00000NuneiAAB,SILLÓN ACACIA CON COJINES,DINNING SET,G110036A
01t4w00000NunejAAB,SET COMEDOR 7 PIEZAS ACACIA,DINNING SET,G110037A
01t4w00000NunekAAB,SET JARDÍN 5 PIEZAS ACACIA,COFFE SET 5 PIECES,G108057A
01t4w00000NunelAAB,SET BISTRO ACACIA CON COJINES,COFFE SET 3 PIECES WITH CUSHIONS,G108058A
01t4w00000NunemAAB,SET SOFÁS ACACIA 4 PIEZAS,COFFE SET 4 PIECES WITH CUSHIONS,G108059A
01t4w00000NunenAAB,SET SOFAS ACACIA 4 PIEZAS,COFFE SET 4 PIECES 1square table 60x60 with polyester shelf + 2 armchairs with 8cm polyester seat & back cushion + 2 small decorative pillows 30x30cm (according pictures),G108060A
01t4w00000Nunf1AAB,MANTA CAMPING ENROLLABLE CON ASA,Picnic blanket,G603023A
01t4w00000Nunf2AAB,MANTA CAMPING ENROLLABLE CON ASA,Picnic blanket,G603024A
01t4w00000Nunf3AAB,MALETA + RUEDAS,Trolley Duffel bag,H408031B
01t4w00000Nunf4AAB,MALETA,Dufel bag,H408032B
01t4w00000Nunf5AAB,SILLA PLEGABLE CAMPING CON RESPALDO + NEVERA,Cooler bag with Chair,G603025A
01t4w00000Nunf6AAB,SILLA PLEGABLE CAMPING + BOLSA NEVERA,Chair -Cooler bag with Chair,G603026A
01t4w00000Nunf7AAB,BOLSA NEVERA CAMPING,Double layer Cooler bag,G603027A
01t4w00000Nunf8AAB,BOLSA NEVERA TROLLEY CAMPING,Trolley Backpack,G603028A
01t4w00000Nunf9AAB,MOCHILA ESPALDA CON 2 PORTABOTELLAS,Backpack,H106012B
01t4w00000NunfAAAR,BOLSA NEVERA CAMPING,Double layer Cooler bag,G603029A
01t4w00000NunfBAAR,MOCHILA CINTURA,Waist Bag,H106013B
01t4w00000NunfCAAR,MOCHILA ESPALDA CON 2 PORTABOTELLAS,Backpack,H106014B
01t4w00000NunfDAAR,MOCHILA ESPALDA CON 2 PORTABOTELLAS,Backpack,H106015B
01t4w00000NunfEAAR,MOCHILA CARRO CON RUEDAS,Trolley Backpack,H106016B
01t4w00000NunfFAAR,MOCHILA CRUZADA,Sling Bag,H106017B
01t4w00000NunfeAAB,MESA APRENDIZAJE CON PIZARRA ROSA,LEARNING DESK WITH BLACK AND WHITE BOARD,P202035W
01t4w00000NunflAAB,MESA DE APRENDIZAJE CON PROYECTOR,PROJECTION LEARNING DESK,P202036W
01t4w00000NunfpAAB,PIZARRA BÁSICA,LEARNING EASEL,P202039W
01t4w00000NunfvAAB,PIZARRA DOBLE HIPOPÓTAMO,DOOBLE BOARD,P202037W
01t4w00000NunfwAAB,PIZARRA DOBLE BÁSICA,TWO SIDES LEARNING EASEL,P202038W
01t4w00000Nung1AAB,PIZARRA 3 EN 1,3 IN 1 LEARNING EASEL,P202040W
01t4w00000Nung6AAB,TOBOGAN PLEGABLE CON CANASTA Y PORTERIA,KIDS SLIDE+ BASKETBALL+FOOTBALL GOAL,P101072W
01t4w00000Nung9AAB,CENTRO DE JUEGOS ROSA,KIDS SLIDE,P101074W
01t4w00000NungAAAR,CENTRO DE JUEGOS AZUL,KIDS SLIDE,P101073W
01t4w00000NungCAAR,MESA AUXILIAR 2 PIEZAS,SIDE TABLE SET,H312190B
01t4w00000NungDAAR,APARADOR 1 CAJON,1 DRAWER SIDEBOARD,H312191B
01t4w00000NungEAAR,BANCO ZAPATERA 1 NIVEL + 2 CAJONES,SHOE BENCH,H313047B
01t4w00000NungFAAR,CARRITO BAÑO 3 NIVELES,3 LEVEL BATHROOM CART,H404028B
01t4w00000NungGAAR,CARRITO BAÑO 2 NIVELES,2 LEVEL BATHROOM CART,H404026B
01t4w00000NungHAAR,CARRITO BAÑO 2 NIVELES,2 LEVEL BATHROOM CART,H404027B
01t4w00000NungIAAR,MESA ESCRITORIO,Computer desk,H102049B
01t4w00000NungJAAR,MESA ESCRITORIO,COMPUTER DESK,H102050B
01t4w00000NungKAAR,MESA ESCRITORIO,COMPUTER DESK,H102051B
01t4w00000NungLAAR,MESA ESCRITORIO,COMPUTER DESK,H102054B
01t4w00000NungMAAR,MESA ESCRITORIO,COMPUTER DESK,H102052B
01t4w00000NungNAAR,MESA ESCRITORIO,COMPUTER DESK,H102053B
01t4w00000NungOAAR,MESA ESCRITORIO,COMPUTER DESK,H102057B
01t4w00000NungPAAR,MESA ESCRITORIO + LIBRERO 2 NIVELES,COMPUTER DESK,H102058B
01t4w00000NungQAAR,MESA ESCRITORIO,COMPUTER DESK,H102055B
01t4w00000NungRAAR,MESA ESCRITORIO,COMPUTER DESK,H102056B
01t4w00000NungVAAR,ROMPECABEZAS 7 PZAS RELOJ ANIMALES,"""OTHER FUN PUZZLES RED KNOB CLOCK PUZZLE-DINOSAUR """,P604060W
01t4w00000NungWAAR,ROMPECABEZAS 12 PZAS RELOJ,"""OTHER FUN PUZZLES SMALL CLOCK PUZZLE-BEAR""",P604061W
01t4w00000NungXAAR,ROMPECABEZAS 12 PZAS RELOJ ELEFANTE,"""OTHER FUN PUZZLES RED KNOB CLOCK PUZZLE-ELEPHANT""",P604062W
01t4w00000NungYAAR,PERRITO DIDÁCTICO DESTREZA,"""OTHER FUN PUZZLES MAGNET PUZZLE-DOG""",P604065W
01t4w00000NungZAAR,ROMPECABEZAS 12 PZAS RELOJ ANIMALES,"""OTHER FUN PUZZLES WOODEN CLOCK PUZZLE""",P604063W
01t4w00000NungaAAB,ROMPECABEZAS 6 PZAS MÚSICA,"""OTHER FUN PUZZLES SOUND MUSIC PUZZLE""",P604064W
01t4w00000NungbAAB,TABLA DIDÁCTICA DESTREZA AUTOS,"""OTHER FUN PUZZLES MAGNET PUZZLE-VEHICLE""",P604066W
01t4w00000NungcAAB,ROMPECABEZAS 8 PZAS ANIMALES,"""OTHER FUN PUZZLES ANIMAL PUZZLE""",P604067W
01t4w00000NungdAAB,ROMPECABEZAS 8 PZAS ANIMALES,"""OTHER FUN PUZZLES HEIGHT PUZZLE""",P604068W
01t4w00000NungeAAB,ROMPECABEZAS 22 PZAS 3 EN 1,"""OTHER FUN PUZZLES 3LAYERS PUZZLE-BEE""",P604069W
01t4w00000NungfAAB,SOMBRILLA JARDIN 8 RIBS,2.7M wooden umbrella,G106146A
01t4w00000NunggAAB,SOMBRILLA JARDIN 8 RIBS,2.7M wooden umbrella wooden pole,G106148A
01t4w00000NunghAAB,SOMBRILLA JARDIN LATERAL CON BASE EN CRUZ,3M Wooden hanging umbrella,G106149A
01t4w00000NungiAAB,SOMBRILLA JARDIN 8 RIBS + LUZ LED,2.7M wooden umbrella wooden pole,G106147A
01t4w00000NungjAAB,SOMBRILLA JARDIN 8 RIBS,3m  Market Umbrella,G106152A
01t4w00000NungkAAB,SOMBRILLA JARDIN LATERAL CON BASE EN CRUZ (BLOQUES NO INCLUIDOS),ECO CANTILEVER UMBRELLA,G106156A
01t4w00000NunglAAB,SOMBRILLA JARDIN LATERAL CON BASE EN CRUZ,Banana umbrella,G106150A
01t4w00000NungmAAB,SOMBRILLA JARDIN 6 RIBS,2.7m  Market Umbrella Overall,G106151A
01t4w00000NungnAAB,BLOQUE RESINA 14KG PARA BASE DE SOMBRILLA,RESINE UMBRELLA BLOCK BASE,G106162A
01t4w00000NungoAAB,SOMBRILLA JARDIN LATERAL CON BASE EN CRUZ + LUZ LED,Banana umbrella with LED light,G106153A
01t4w00000NungpAAB,SOMBRILLA JARDIN 6 RIBS + LUZ LED,Alum umbrella with LED light,G106154A
01t4w00000NungqAAB,SOMBRILLA JARDIN LATERAL CON BASE EN CRUZ,ECO CANTILEVER UMBRELLA,G106155A
01t4w00000NungrAAB,BASE RESINA 12 KG DE SOMBRILLA,12 kg resine base,G106159A
01t4w00000NungsAAB,BLOQUE RESINA 20KG PARA BASE DE SOMBRILLA,20kg Resine umbrella block base,G106161A
01t4w00000NungtAAB,SOMBRILLA JARDIN LATERAL CON BASE EN CRUZ (BLOQUES NO INCLUIDOS),CANTILEVER UMBRELLA,G106157A
01t4w00000NunguAAB,BLOQUE CEMENTO 14KG PARA BASE DE SOMBRILLA,14kg  CEMENT UMBRELLA BLOCK BASE,G106158A
01t4w00000NungvAAB,BASE RESINA 8 KG DE SOMBRILLA,8 kg resine base,G106160A
01t4w00000NungwAAB,LAMPARA SOLAR PARA JARDIN,Solar Garden Light,G112019A
01t4w00000NungxAAB,LAMPARA SOLAR PARA JARDIN ESFERA,Solar Garden Light,G112022A
01t4w00000NungyAAB,LAMPARA SOLAR PARA JARDIN,Solar Garden Light,G112020A
01t4w00000NungzAAB,LAMPARA SOLAR PARA JARDÍN,Solar Garden Light,G112021A
01t4w00000Nunh0AAB,LAMPARA SOLAR PARA JARDIN,Solar Garden Light,G112023A
01t4w00000Nunh1AAB,LAMPARA SOLAR PARA JARDÍN,Solar Garden Light,G112024A
01t4w00000Nunh2AAB,LAMPARA SOLAR PARA JARDÍN,Solar Garden Light,G112025A
01t4w00000Nunh3AAB,LAMPARA SOLAR PARA JARDIN,Solar Garden Light,G112028A
01t4w00000Nunh4AAB,LAMPARA SOLAR PARA JARDIN VELA,Solar Garden Light,G112026A
01t4w00000Nunh5AAB,LAMPARA BOMBILLA SOLAR SUCULENTA,Solar Succulent Bulb Light,G112030A
01t4w00000Nunh6AAB,LAMPARA SOLAR PARA JARDÍN,Solar Garden Light,G112027A
01t4w00000Nunh7AAB,LAMPARA BOMBILLA SOLAR SUCULENTA,Solar Succulent Bulb Light,G112029A
01t4w00000Nunh8AAB,LAMPARA SOLAR BOTELLA,solar light,G112031A
01t4w00000Nunh9AAB,LAMPARA SOLAR BOMBILLA,Solar light,G112032A
01t4w00000NunhAAAR,LAMPARA SOLAR CON VELA,solar  lantern,G112033A
01t4w00000NunhBAAR,LAMPARA SOLAR CON VELA,Solar lantern,G112035A
01t4w00000NunhCAAR,LINTERNA SOLAR IMITACIÓN FUEGO,Solar lantern,G112034A
01t4w00000NunhDAAR,LAMPARA BUDA BOLA DE CRISTAL LED,Buddha with LED glass ball,G112036A
01t4w00000NunhEAAR,LAMPARA SOLAR CISNE,polyresin swan solar light,G112037A
01t4w00000NunhFAAR,LAMPARA SOLAR PIÑA,Solar Garden Light,G112038A
01t4w00000NunhGAAR,LAMPARA SOLAR FRASCO,Solar Garden Light,G112039A
01t4w00000NunhHAAR,LAMPARA SOLAR FRASCO,Solar Garden Light,G112040A
01t4w00000NunhIAAR,LAMPARA SOLAR DE RATAN,Solar Rattan Light(69CM),G112041A
01t4w00000NunhJAAR,LAMPARA SOLAR DE RATAN,Solar Rattan Light,G112042A
01t4w00000NunhKAAR,LAMPARA SOLAR DE RATAN,Solar Rattan Light,G112043A
01t4w00000NunhLAAR,SERIE DE LUZ SOLAR,Solar Garden Light,G112047A
01t4w00000NunhMAAR,LAMPARA SOLAR DE PISO,Solar Garden Light,G112044A
01t4w00000NunhNAAR,LAMPARA SOLAR DE PISO,Solar Garden Light,G112045A
01t4w00000NunhOAAR,LAMPARA SOLAR DE PISO,Solar Garden Light,G112046A
01t4w00000NunhPAAR,ROMPECABEZAS 10 PZAS ANIMALES,"""OTHER FUN PUZZLES 4LAYERS PUZZLE-DUCK""",P604070W
01t4w00000NunhQAAR,ROMPECABEZAS 9 PZAS CUBOS 6 EN 1,CUBE PUZZLES,P604071W
01t4w00000NunhbAAB,SERIE DE LUZ SOLAR PIÑA,Solar Garden Light,G112048A
01t4w00000NunheAAB,ROMPECABEZAS 9 PZAS CUBOS 6 EN 1,CUBE PUZZLES,P604072W
01t4w00000NunhfAAB,SERIE DE LUZ SOLAR CACTUS,Solar Garden Light,G112049A
01t4w00000NunhjAAB,ROMPECABEZAS 30 PZAS NÚMEROS,"""PUZZLES IN BOX MEMORY BOX-NUMBER""",P604073W
01t4w00000Nuni0AAB,NÚMEROS Y FIGURAS,"""PUZZLES IN BOX DOMINO BOX-VEHICLE""",P602007W
01t4w00000Nuni1AAB,ROMPECABEZAS 18 PZAS 6 EN 1,"""PUZZLES IN BOX DRESS-UP BOX-RABBIT""",P604075W
01t4w00000Nuni3AAB,ROMPECABEZAS 30 PZAS NÚMEROS,PUZZLES IN BOX,P604074W
01t4w00000Nuni4AAB,DOMINÓ,"""GAMES & GROWTH CHART DOMINO BOX""",P602008W
01t4w00000Nuni5AAB,ZAPATOS DIDÁCTICOS CON ROMPECABEZAS,"""GAMES & GROWTH CHART LACING PUZZLE-SKIING""",P602010W
01t4w00000Nuni6AAB,ROMPECABEZAS  15 PZAS 5 EN 1,"""PUZZLES IN BOX DRESS-UP BOX-BEAR""",P604076W
01t4w00000Nuni7AAB,MEMORIA,"""GAMES & GROWTH CHART MEMORY GAME""",P602009W
01t4w00000Nuni8AAB,ZAPATOS DIDÁCTICOS,"""GAMES & GROWTH CHART SHOES LACING PUZZLE""",P602013W
01t4w00000Nuni9AAB,ÁRBOL DIDÁCTICO,GAMES & GROWTH CHART,P602011W
01t4w00000NuniAAAR,MUÑECA DIDACTICA APRENDE A VESTIR,"""GAMES & GROWTH CHART DRESS-UP GIRL""",P602012W
01t4w00000NuniBAAR,ARCA DIDÁCTICA,GAMES & GROWTH CHART,P604077W
01t4w00000NuniCAAR,LETRAS CON IMÁN,"""GAMES & GROWTH CHART ALPHABET PUZZLE""",P602014W
01t4w00000NuniDAAR,ROMPECABEZAS 17 PZAS MAGNÉTICO,"""GAMES & GROWTH CHART MAGNET PUZZLE-VEHICLE""",P604078W
01t4w00000NuniEAAR,GARAGE PREESCOLAR,DUBAI DELUXE GARAGE PLAYSET,P502065W
01t4w00000NuniFAAR,PISTA MINIATURA BÁSICA,WOONDEN RAMP RACER,P502066W
01t4w00000NuniGAAR,PISTA MINIATURA 4 NIVELES,CITY RAMP RACER,P502067W
01t4w00000NuniHAAR,PISTA MINIATURA 7 NIVELES,MEGA RAMP RACER,P502068W
01t4w00000NuniIAAR,CUBO DIDÁCTICO,LONDON BUS CITY ACTIVITY CUBE,P602015W
01t4w00000NuniJAAR,CUBO DIDÁCTICO ELEFANTE,5 IN 1 ELEPHANT ACTIVITY CUBE,P602016W
01t4w00000NuniKAAR,PISTA PREESCOLAR,CITY BUILDING BLOCKS,P502069W
01t4w00000NuniOAAR,AVIÓN DIDÁCTICO,MY FIRST PLANE MAZE,P602017W
01t4w00000NuniTAAR,BUS DIDÁCTICO,MY FIRST SCHOOL BUS,P602018W
01t4w00000NuniUAAR,XILÓFONO PERRITO,PUPPY PULL AND XYLOPHONE TOYS,P601001W
01t4w00000NunicAAB,PISTA PREESCOLAR ANIMALITOS,FOREST ANIMAL BUILDING BLOCKS,P502070W
01t4w00000NunieAAB,BLOQUES MADERA GRANDE,ANIMAL SQUEEZE AND WOODEN BLOCKS,P605038W
01t4w00000NunifAAB,BLOQUES MADERA MEDIANO,FOREST FRIENDS LACING BLOCKS,P605039W
01t4w00000NunigAAB,ROMPECABEZAS 63 PZAS MUNDO,COLUMBUS'S GLOBE WORLD MAP,P604079W
01t4w00000NunihAAB,ROMPECABEZAS 12 PZAS CORREO,MAGELLAN'S 20 COUNTRIES TRAVELING,P604080W
01t4w00000NuniiAAB,ROMPECABEZAS 6 PZAS DINOSAURIOS EN HUEVO,JURASSIC WORLD DINOSAUR PUZZEL,P604081W
01t4w00000NunioAAB,RELOJ DIDÁCTICO,WOODEN SHAPE SORTING CLOCK,P602019W
01t4w00000NunitAAB,ENGRANES DIDÁCTICO,SPIN MAGICAL GEAR,P602020W
01t4w00000NunivAAB,COCINA DE MADERA CON UTENSILIOS,CLASSIC KITCHEN  SET,P301034W
01t4w00000NunjaAAB,SOFA CAMA,SOFA BED,H309064F
01t4w00000NunlGAAR,PROTECTORES PREESCOLARES,KNEE BRACERS,P103005W
01t4w00000NunlHAAR,PROTECTORES MEDIANOS,CHILDEN'S HELMETS AND PROTECTIVE GEAR,P103006W
01t4w00000NunlIAAR,SCOOTER CHICO,CHILDREN'S SMALL SPRAY SCOOTER (BLUETOOTH),P102007W
01t4w00000NunlJAAR,PROTECTORES INFANTILES,HELMETS AND PROTECTIVE GEAR,P103007W
01t4w00000NunlKAAR,PROTECTORES INFANTILES AJUSTABLE,CHILDEN'S PROTECTIVE HELMET COMBINATION (ADJUSTABLE),P103008W
01t4w00000NunlLAAR,SCOOTER SPRAY,SPRAY SCOOTER,P102008W
01t4w00000NunlMAAR,SCOOTER BLUETOOTH,CHILDREN SPRAY SCOOTER (BLUETOOTH),P102009W
01t4w00000NunlNAAR,SCOOTER BOLA,BOLA LE SCOOTER,P102010W
01t4w00000NunlOAAR,SCOOTER CHICO NIÑO-NIÑA,KIDS SCOOTER,P102011W
01t4w00000NunlPAAR,SCOOTER MEDIANO,SCOOTER,P102012W
01t4w00000NunlQAAR,SCOOTER 3 EN 1,THREE IN ONE DYNAMIC SCOOTER,P102013W
01t4w00000NunlRAAR,SCOOTER CON VIBRACIÓN,VIBRANT SCOOTER,P102014W
01t4w00000NunlSAAR,SCOOTER BÁSICO,SKATEBOAD 3 WHEELS,P102015W
01t4w00000NunlTAAR,VEHÍCULO BÁSICO DIECAST,6 SLIDING ALLOY CARS,P501008W
01t4w00000NunlUAAR,VEHÍCULO BÁSICO DIECAST 2 PACK,SLIDE 8 ALLOY CARS,P501009W
01t4w00000NunlVAAR,BEBÉ CON SONIDOS Y ACCESORIOS,BABY WITH SIX SOUND IC ACCESSORIES,P403005W
01t4w00000NunlWAAR,VEHÍCULO BÁSICO DIECAST,SINGLE SUCTION BOARD TAXIING 1 ALLOY CAR,P501010W
01t4w00000NunlXAAR,PLAY SET BEBÉ CON ACCESORIOS CUNA,TROLLEY WITH DOLL SET,P404001W
01t4w00000NunlYAAR,PLAY SET BEBÉ CON ACCESORIOS GYM,STROLLER WITH DOLL SET,P404002W
01t4w00000NunlZAAR,PLAY SET BEBÉ CON ACCESORIOS CARRIOLA,DOLL WITH ACCESSORIES,P404003W
01t4w00000NunlaAAB,"BEBÉ CON SONIDOS 15""",THE 15 INCH DOLL,P403006W
01t4w00000NunlbAAB,CARRIOLA PARA MUÑECA 0017,BABY STROLLER (IRON),P404006W
01t4w00000NunlcAAB,BEBÉ BÁSICO,THE DOLL (2 COLORS MIXED),P403007W
01t4w00000NunldAAB,"PLAY SET BEBÉS CON ACCESORIOS 14""",2 14 INCH DRINKING WATER URINAL DOLL,P404004W
01t4w00000NunleAAB,CARRIOLA PARA MUÑECA  0045,BABY STROLLER (IRON),P404005W
01t4w00000NunlfAAB,CARRIOLA PARA MUÑECA 0021,BABY STROLLER (IRON),P404007W
01t4w00000NunlgAAB,"BEBÉ CON ACCESORIOS 13""",13 INCH IC DOLL,P403010W
01t4w00000NunlhAAB,BEBÉ CON PAÑALERA,10.5 INCH COTTON DOLL SET,P403012W
01t4w00000NunliAAB,"BEBÉ CON ACCESORIOS 13""",13 INCH  IC DOLL,P403008W
01t4w00000NunljAAB,"BEBÉ BÁSICO 13""",13 INCH  IC DOLL,P403009W
01t4w00000NunlkAAB,BEBÉ CON CHUPETE Y ACCESORIOS,PACIFIER DOLL,P403016W
01t4w00000NunllAAB,"BEBÉ CON ACCESORIOS 13"" TOILET",13 INCH BOXED WITH IC BOY BATHROOM TOILET,P403011W
01t4w00000NunlmAAB,BEBÉ CON BAÑERA,10.5 INCH BLOW-UP BODY DOLL SET,P403013W
01t4w00000NunlnAAB,"BEBÉ BÁSICO 10.5""",10.5 INCH COTTON DOLL,P403014W
01t4w00000NunloAAB,"BEBÉS BÁSICOS 2 PACK 12""",12 INCH COTTON TWINS DOLL,P403015W
01t4w00000NunlpAAB,BEBÉ CON GORRA DE BAÑO Y ACCESORIOS,"DRINKING WATER, PEEING DOLL",P403017W
01t4w00000NunlqAAB,ESTANTERIA METALICA 4 BALDAS,4-tier Metal Bookshelf,G112050A
01t4w00000NunlrAAB,ESTANTERIA METALICA ESQUINA 3 BALDAS,Metal Cornershelf,G112052A
01t4w00000NunltAAB,ESTANTERIA METALICA ESQUINA 4 BALDAS,4-tier Metal Cornershelf,G112051A
01t4w00000NunlyAAB,ESTANTERIA METALICA 3 BALDAS,Metal Cornershelf,G112053A
01t4w00000Nunm0AAB,SET 3 MESAS  SOPORTE MACETAS REDONDA,RD Flower Stand,G112054A
01t4w00000Nunm2AAB,SET 3 MESAS SOPORTE MACETAS  CUADRADO,Rectangle Flower Stand,G112055A
01t4w00000Nunm4AAB,SET 3 MESAS  SOPORTE MACETAS REDONDA,RD Flower Stand,G112056A
01t4w00000Nunm6AAB,SET 3 MESAS SOPORTE MACETAS  CUADRADO,Rectangle Flower Stand,G112057A
01t4w00000Nunm8AAB,SOPORTE 3 MACETAS REDONDO,Mosaic Flower Stand,G112058A
01t4w00000Nunm9AAB,SOPORTE 3 MACETAS CUADRADO,Mosaic Flower Stand,G112059A
01t4w00000NunmAAAR,SOPORTE 2 MACETAS REDONDO,Mosaic Flower Stand,G112060A
01t4w00000NunmFAAR,SET 3 MESAS  SOPORTE MACETAS REDONDA,Metal Flower Stand,G112061A
01t4w00000NunmHAAR,SET 3 MESAS SOPORTE MACETAS  CUADRADO,Metal Flower Stand,G112062A
01t4w00000NunmKAAR,SET 3 MESAS  SOPORTE MACETAS REDONDA,FLOWER STAND,G112063A
01t4w00000NunmQAAR,SET 3 MESAS SOPORTE MACETAS  CUADRADO,FLOWER STAND,G112064A
01t4w00000NunmXAAR,SET 3 MESAS SOPORTE MACETAS  CUADRADO,FLOWER STAND,G112065A
01t4w00000NunmaAAB,SET 3 MESAS  SOPORTE MACETAS REDONDA,FLOWER STAND,G112066A
01t4w00000NunmeAAB,SET 3 MESAS  SOPORTE MACETAS REDONDA,Metal Flower Stand,G112067A
01t4w00000NunmhAAB,SOPORTE 3 MACETAS REDONDO,Flower Stand,G112068A
01t4w00000NunmjAAB,SET 3 MESAS SOPORTE MACETAS  CUADRADO,mosaic flower stand,G112070A
01t4w00000NunmkAAB,SET 3 MESAS SOPORTE MACETAS  CUADRADO,flower stand,G112069A
01t4w00000NunmmAAB,SET 3 MESAS SOPORTE MACETAS  CUADRADO,mosaic flower stand,G112071A
01t4w00000NunmoAAB,SET COMEDOR VIDRIO + 4 SILLAS,GLASS DINING SET + 4 CHAIRS,H210065B
01t4w00000NunmpAAB,MESA AUXILIAR,COFFEE TABLE,H312192B
01t4w00000NunmqAAB,ESTANTERIA 4 NIVELES,GLASS 5 SHELF UNIT,H312193B
01t4w00000NunmrAAB,SILLA PLEGABLE METALICA,FOLDING CHAIR,G110038A
01t4w00000NunmtAAB,MESA JARDIN RECTANGULAR PLEGABLE,FOLDING RECTANGULAR TABLE,G109011A
01t4w00000NunmvAAB,SET COMEDOR 5 PIEZAS METALICO,FOLDING  TABLE and CHAIR,G108061A
01t4w00000NunmxAAB,CENTRO ENTRETENIMIENTO,ENTERTAINMENT CENTER,H312194B
01t4w00000NunmzAAB,SILLA PLEGABLE METALICA,FOLDING CHAIR,G110039A
01t4w00000Nunn0AAB,MESA AUXILIAR,2 SHELF UNIT,H312195B
01t4w00000Nunn2AAB,SET COMEDOR 5 PIEZAS METALICO,FOLDING  TABLE and CHAIR,G108062A
01t4w00000Nunn3AAB,MESA AUXILIAR,COFFEE TABLE,H312196B
01t4w00000Nunn5AAB,MESA AUXILIAR,END TABLE,H312197B
01t4w00000Nunn6AAB,APARADOR 2 NIVELES,CONSOLE TABLE,H312198B
01t4w00000Nunn7AAB,MESA AUXILIAR TRANSFORMER,FUNCTION COFFEE TABLE,H312199B
01t4w00000Nunn8AAB,MESA AUXILIAR,COFFEE TABLE,H312200B
01t4w00000Nunn9AAB,MESA AUXILIAR,COFFEE TABLE,H312201B
01t4w00000NunnAAAR,MESA AUXILIAR,COFFEE TABLE,H312202B
01t4w00000NunnBAAR,SET COMEDOR 5 PIEZAS,GLASS DININING TABLE PVC CHAIR,H210066B
01t4w00000NunnCAAR,SET BISTRO METALICO PLEGABLE CUADRADO,FOLDING BISTRO SET,G108063A
01t4w00000NunnEAAR,MESA COMEDOR RECTANGULAR CRISTAL,GLASS DININING TABLE,H312203B
01t4w00000NunnFAAR,MESA AUXILIAR,END TABLE W/ A DRAWER,H312204B
01t4w00000NunnGAAR,MESA AUXILIAR,COFFEE TABLE W/ A DRAWER,H312205B
01t4w00000NunnHAAR,SET BISTRO METALICO PLEGABLE CUADRADO,FOLDING BISTRO SET,G108064A
01t4w00000NunnJAAR,APARADOR 1 CAJON,CONSOLE TABLE W/ DRAWER,H312206B
01t4w00000NunnKAAR,SET INFANTIL 3 PIEZAS,BISTRO SET FOR KID,G108065A
01t4w00000NunnMAAR,SET COMEDOR VIDRIO + 4 SILLAS,GLASS DINING TABLE -1500L  FABRIC DINING CHAIR,H210067B
01t4w00000NunnNAAR,SET COMEDOR VIDRIO + 4 SILLAS,GLASS DINING TABLE -1500L  FABRIC DINING CHAIR,H210068B
01t4w00000NunnOAAR,SET COMEDOR MDF + 4 TABURETES,5PCS DINING SET,H312207B
01t4w00000NunnPAAR,SILLA APILABLE JARDIN,STACKING CHAIR IN MESH,G110040A
01t4w00000NunnRAAR,SET COMEDOR VIDRIO + 4 SILLAS,GLASS DINING TABLE -1500L PP CHAIR,H210069B
01t4w00000NunnSAAR,MESA JARDIN RECTANGULAR PLEGABLE,FOLDING TABLE IN MESH,G109012A
01t4w00000NunnUAAR,SET BISTRO METALICO,FOLDING BISTRO SET IN MESH,G108066A
01t4w00000NunnWAAR,SET BISTRO METALICO PLEGABLE CUADRADO,FOLDING BISTRO SET,G108069A
01t4w00000NunnaAAB,MESA AUXILIAR + 4 TABURETES,COFFEE SET /4 STOOLS,H312208B
01t4w00000NunnbAAB,SET BISTRO METALICO PLEGABLE CUADRADO,FOLDING BISTRO SET,G108067A
01t4w00000NunnfAAB,SET BISTRO METALICO PLEGABLE REDONDO,FOLDING BISTRO SET,G108068A
01t4w00000NunngAAB,SET COMEDOR MDF + 4 SILLAS,DINING TABLE -1500 PU CHAIR,H210070B
01t4w00000NunniAAB,SET BISTRO METALICO,FOLDING BISTRO SET,G108070A
01t4w00000NunnjAAB,SET COMEDOR MDF + 4 SILLAS,DINING TABLE -1500                   PU CHAIR,H210071B
01t4w00000NunnmAAB,SILLA METALICA,BISTRO CHAIR,G110042A
01t4w00000NunnnAAB,SET COMEDOR MDF + 6 SILLAS,DINING TABLE -1800L TWO TAN PU CHAIR,H210072B
01t4w00000NunnoAAB,MESA AUXILIAR + 3 TABURETES AHORRAESPACIO,COFFEE SET W/3 STOOLS,H312209B
01t4w00000NunnpAAB,SILLA PLEGABLE METALICA,FOLDING CHAIR IN MESH,G110041A
01t4w00000NunnrAAB,SET COMEDOR MDF EXTENSIBLE + 4 SILLAS,EXTENSIVE DINING TABLE -   FABRIC CHAIR,H210073B
01t4w00000NunnsAAB,SET COMEDOR MDF + 4 SILLAS,ROUND DINING TABLE -1000DIA   TWO TAN PU CHAIR,H210074B
01t4w00000NunnuAAB,SILLA METALICA,BISTRO ARMCHAIR,G110043A
01t4w00000NunnwAAB,MESA JARDIN REDONDA,BISTRO TABLE,G109013A
01t4w00000NunnyAAB,MESA AUXILIAR RECTANGULAR PLEGABLE,FOLDING SIDE TABLE,G109014A
01t4w00000Nuno0AAB,SET COMEDOR VIDRIO + 6 SILLAS,7PCS DINING SET -1800L,H210075B
01t4w00000Nuno1AAB,SILLON RECLINABLE MANUAL CON POSAVASOS,RECLINER CHAIR,H311049S
01t4w00000Nuno3AAB,SET COMEDOR BAR 7 PIEZAS,7PCS BAR DINING TABEL SET -1800L,H210076B
01t4w00000Nuno4AAB,SET COMEDOR VIDRIO + 6 SILLAS,GLASS DINING SET + 6 CHAIRS,H210077B
01t4w00000Nuno5AAB,SET BISTRO METALICO PLEGABLE REDONDO,FOLDING BISTRO SET,G112072A
01t4w00000NunoBAAR,MESA JARDIN REDONDA,BISTRO TABLE,G109015A
01t4w00000NunoCAAR,BANCO METALICO,BISTRO BENCH,G110044A
01t4w00000NunoIAAR,MESA AUXILIAR CUADRADA PLEGABLE,FOLDING SIDE TABLE,G109017A
01t4w00000NunoJAAR,MESA AUXILIAR REDONDA,SIDE TABLE,G109016A
01t4w00000NunoRAAR,CARRITO APOYO RECTANGULAR,TROLLEY,G109018A
01t4w00000NunoUAAR,MESA AUXILIAR CUADRADA,KID TABLE,G109019A
01t4w00000NunogAAB,SILLA METALICA,KID CHAIR,G110045A
01t4w00000NunomAAB,MESA JARDIN RECTANGULAR PLEGABLE,FOLDING TABLE,G109020A
01t4w00000NunoxAAB,ASADOR CARBON REDONDO CON MESAS LATERALES,ROUND CHARCOAL GRILL WITH SIDE TABLES,G301021A
01t4w00000NunozAAB,ASADOR CARBON RECTANGULAR  CON MESA LATERAL,RECTANGULAR CHARCOAL GRILL WITH SIDE TABLE,G301022A
01t4w00000Nunp1AAB,ASADOR CARBON CUADRADO CON MESAS LATERALES,SQUARE CHARCOAL GRILL WITH SIDE TABLES,G301023A
01t4w00000Nunp2AAB,ASADOR CARBON CUADRADO,SQUARE CHARCOAL GRILL,G301024A
01t4w00000Nunp3AAB,ASADOR CARBON PORTATIL,PORTABLE CHARCOAL GRILL,G301026A
01t4w00000Nunp7AAB,ASADOR CARBON PORTATIL,PORTABLE CHARCOAL GRILL,G301027A
01t4w00000Nunp9AAB,ASADOR CARBON PORTATIL,PORTABLE CHARCOAL GRILL,G301025A
01t4w00000NunpBAAR,ASADOR CARBON PORTATIL BOLA FUTBOL AMERICANO,PORTABLE CHARCOAL GRILL WITH AMERICAN FOOTBALL BALL,G301028A
01t4w00000NunpCAAR,ASADOR CARBON RECTANGULAR  CON MESA LATERAL,RECTANGULAR CHARCOAL GRILL WITH SIDE TABLE,G301033A
01t4w00000NunpEAAR,ASADOR CARBON REDONDO,ROUND CHARCOAL GRILL,G301035A
01t4w00000NunpGAAR,ASADOR CARBON PORTATIL BOLA BALONCESTO,PORTABLE CHARCOAL GRILL BASKETBALL BALL,G301030A
01t4w00000NunpIAAR,ASADOR CARBON PORTATIL BOLA GOLF,PORTABLE CHARCOAL GRILL GOLF BALL,G301031A
01t4w00000NunpJAAR,ASADOR CARBON RECTANGULAR,RECTANGULAR CHARCOAL GRILL,G301032A
01t4w00000NunpKAAR,ASADOR CARBON PORTATIL BOLA FUTBOL,PORTABLE CHARCOAL GRILL FOOTBALL BALL,G301029A
01t4w00000NunpQAAR,ASADOR CARBON PORTATIL,PORTABLE CHARCOAL GRILL,G301034A
01t4w00000NunpSAAR,ASADOR CARBON PORTATIL,PORTABLE CHARCOAL GRILL,G301036A
01t4w00000NunpTAAR,ASADOR CARBON PORTATIL,PORTABLE CHARCOAL GRILL,G301037A
01t4w00000NunpVAAR,ASADOR CARBON PORTATIL MALETIN,PORTABLE CHARCOAL GRILL BRIEFCASE,G301038A
01t4w00000NunpXAAR,ASADOR CARBON REDONDO,ROUND CHARCOAL GRILL,G301039A
01t4w00000NunpZAAR,ASADOR CARBON CERAMICO REDONDO CON MESAS LATERALES,ROUND CERAMIC CHARCOAL GRILL WITH SIDE TABLES,G301040A
01t4w00000NunpbAAB,ASADOR FIRE PIT REDONDO ESTRELLAS,FIRE PIT ROUND STAR GRILL,G301044A
01t4w00000NunpdAAB,ASADOR CARBON CERAMICO REDONDO CON MESAS LATERALES,ROUND CERAMIC CHARCOAL GRILL WITH SIDE TABLES,G301041A
01t4w00000NunpeAAB,ASADOR FIRE PIT CUADRADO,SQUARE FIRE PIT GRILL,G301046A
01t4w00000NunphAAB,ASADOR CARBON CERAMICO REDONDO,ROUND CERAMIC CHARCOAL GRILL,G301042A
01t4w00000NunpkAAB,ASADOR FIRE PIT REDONDO,ROUND FIRE PIT GRILL,G301043A
01t4w00000NunplAAB,ASADOR FIRE PIT CUADRADO,SQUARE FIRE PIT GRILL,G301047A
01t4w00000NunpmAAB,ASADOR FIRE PIT REDONDO,ROUND FIRE PIT GRILL,G301045A
01t4w00000NunppAAB,SET ACCESORIOS 6 PIEZAS,6 PIECE ACCESSORIES SET,G302023A
01t4w00000NunprAAB,SET ACCESORIOS 5 PIEZAS,5 PIECE ACCESSORIES SET,G302022A
01t4w00000NunptAAB,SET ACCESORIOS 5 PIEZAS,5 PIECE ACCESSORIES SET,G302024A
01t4w00000NunpwAAB,SET ACCESORIOS 3 PIEZAS,3 PIECE ACCESSORIES SET,G302025A
01t4w00000NunpyAAB,SET ACCESORIOS 5 PIEZAS,5 PIECE ACCESSORIES SET,G302026A
01t4w00000Nunq1AAB,MANDIL CON ACCESORIOS,APRON WITH ACCESSORIES,G302027A
01t4w00000Nunq4AAB,SET ACCESORIOS 3 PIEZAS,3 PIECE ACCESSORIES SET,G302028A
01t4w00000Nunq5AAB,CEPILLO LIMPIADOR BBQ,BBQ CLEANER BRUSH,G302029A
01t4w00000Nunq6AAB,CEPILLO LIMPIADOR BBQ,BBQ CLEANER BRUSH,G302021A
01t4w00000NunqGAAR,CEPILLO LIMPIADOR BBQ,BBQ CLEANER BRUSH,G302030A
01t4w00000NunqIAAR,PARRILLA GRILL BBQ,BBQ GRILL,G302031A
01t4w00000NunqKAAR,PARRILLA GRILL BBQ,BBQ GRILL,G302032A
01t4w00000NunqMAAR,PARRILLA GRILL PESCADO BBQ,FISH GRILL BBQ,G302033A
01t4w00000NunqPAAR,PARRILLA GRILL PESCADO BBQ,FISH GRILL BBQ,G302034A
01t4w00000NunqQAAR,PARRILLA GRILL SALCHICHAS BBQ,GRILL SAUSAGES BBQ,G302035A
01t4w00000NunqSAAR,CONTENEDOR CARGON BBQ,BBQ CHARCOAL CONTAINER,G302036A
01t4w00000NunqTAAR,PRENSADOR DE CARNE PORTATIL,PORTABLE MEAT PRESSER,G302037A
01t4w00000NunqVAAR,PLANCHA BBQ,BBQ GRILL TRAY,G302038A
01t4w00000NunqrAAB,SOFA CAMA,SOFA BED,H309065S
01t4w00000NunqtAAB,CESTO DE ROPA,LAUNDRY HAMPER,H404029S
01t4w00000NunqvAAB,SOFA RECLINER 2 PLAZAS CON POSAVASOS,RECLINER TWO SEAT,H311050S
01t4w00000NunqwAAB,GAZEBO POP UP,FODABLE GAZEBO,G106163F
01t4w00000NunrJAAR,MESA ESCRITORIO,Computer desk,H102059B
01t4w00000NunrKAAR,MESA ESCRITORIO,Computer desk,H102060B
01t4w00000NunrLAAR,MESA ESCRITORIO,Computer desk,H102061B
01t4w00000NunrMAAR,MESA ESCRITORIO,Computer desk,H102062B
01t4w00000NunrNAAR,MESA ESCRITORIO,Computer desk,H102063B
01t4w00000NunrOAAR,MESA ESCRITORIO,Computer desk,H102064B
01t4w00000NunrPAAR,MESA ESCRITORIO CON RUEDAS,Computer desk,H102065B
01t4w00000NunrQAAR,MESA ESCRITORIO CON RUEDAS,Computer desk,H102066B
01t4w00000NunrRAAR,ESTANTERIA 3 NIVELES PLEGABLE,Shelf,H314094B
01t4w00000NunrSAAR,MESA ESCRITORIO CON RUEDAS,Computer desk,H102067B
01t4w00000NunrTAAR,ESTANTERIA 5 NIVELES PLEGABLE,Shelf,H314093B
01t4w00000NunrUAAR,ESTANTERIA 4 NIVELES PLEGABLE,Shelf,H314095B
01t4w00000NunrhAAB,ESTANTERIA 6 NIVELES,5 door storage shelf,H314096B
01t4w00000NunrjAAB,ESTANTERIA 6 NIVELES,room divider,H314097B
01t4w00000NunrlAAB,APARADOR 2 PUERTAS + 4 CAJONES,large sideboard,H312210B
01t4w00000NunrmAAB,MESA ESCRITORIO + LIBRERO 4 NIVELES,workstation,H102068B
01t4w00000NunrnAAB,CENTRO ENTRETENIMIENTO 3 CAJONES,entertainment center,H316005B
01t4w00000NunrrAAB,CENTRO ENTRETENIMIENTO,TV STAND,H316006B
01t4w00000NunrtAAB,MESA AUXILIAR,COFFEE TABLE,H312211B
01t4w00000NunrvAAB,MESA ESCRITORIO,COMPUTER DESK,H102069B
01t4w00000NunryAAB,ESTANTERIA 4 NIVELES,SHELF,H314098B
01t4w00000NunrzAAB,ESTANTERIA 5 NIVELES,SHELF,H314099B
01t4w00000Nuns1AAB,MESA AUXILIAR,SIDE TABLE,H312212B
01t4w00000Nuns3AAB,MESA AUXILIAR 1 CAJON,CABINET,H312213B
01t4w00000Nuns4AAB,CENTRO DE ENTRETENIMIENTO 2 CAJONES,TV STAND,H312214B
01t4w00000Nuns7AAB,SILLA ORDENADOR,OFFICE CHAIR,H101003I
01t4w00000Nuns9AAB,SILLA PLASTICO EAMS ACOLCHADA,CHAIR,H201060I
01t4w00000NunsBAAR,SILLA PLASTICO EAMS ACOLCHADA,CHAIR,H201058I
01t4w00000NunsDAAR,SILLA PLASTICO EAMS ACOLCHADA,CHAIR,H201061I
01t4w00000NunsFAAR,SILLA PLASTICO EAMS,CHAIR,H201040I
01t4w00000NunsHAAR,MECEDORA RECLINABLE CON PUF,GLIDER WITH RECLINER,H301030I
01t4w00000NunsJAAR,SILLA PLASTICO EAMS,CHAIR,H201067I
01t4w00000NunsLAAR,CARRITO ISLA COCINA,Kitchen island,H212012I
01t4w00000NunsNAAR,SILLA PLASTICO EAMS,CHAIR,H201051I
01t4w00000NunsPAAR,SILLA PLASTICO EAMS,CHAIR,H201054I
01t4w00000NunsRAAR,SET COMEDOR MDF + 2 SILLAS + BANCO,DINING SET,H210035I
01t4w00000NunsTAAR,SILLA PLASTICO EAMS,CHAIR,H201048I
01t4w00000NunsVAAR,SILLA COMEDOR TELA ACOLCHADO,CHAIR,H201062I
01t4w00000NunsXAAR,SILLA COMEDOR TELA ACOLCHADA,CHAIR,H201057I
01t4w00000NunsZAAR,SET MESAS AUXILIARES 2 PIEZAS,SET NIDO MESAS DE CENTRO,H312073I
01t4w00000NunsbAAB,SILLA COMEDOR TELA,CHAIR,H201068I
01t4w00000NunsdAAB,SILLA COMEDOR TELA,CHAIR,H201055I
01t4w00000NunsfAAB,BAÚL JUGUETES INFANTIL,GIRL TOY BOX,H104062M
01t4w00000NunshAAB,BAÚL JUGUETES INFANTIL,GIRL TOY BOX,H104054M
01t4w00000NunsjAAB,PUF INFANTIL HIPOPÓTAMO,KID OTTOMAN,H104041M
01t4w00000NunslAAB,BANCO INFANTIL ANIMAL,ANIMAL CHILDREN'S BENCH,H311030M
01t4w00000NunsnAAB,BANCO INFANTIL ANIMAL,ANIMAL CHILDREN'S BENCH,H311026M
01t4w00000NunspAAB,BANCO INFANTIL ANIMAL,ANIMAL CHILDREN'S BENCH,H311022M
01t4w00000NunsrAAB,SILLON INFANTIL,KIDS SOFA,H311041M
01t4w00000NunstAAB,MESA AUXILIAR,SIDE TABLE,H312121M
01t4w00000NunsvAAB,MESA LATERAL AUXILIAR,SIDE TABLE,H312101M
01t4w00000NunsxAAB,MESA PLEGABLE MADERA,FOLDABLE BAMBOO TABLE,H305045M
01t4w00000NunszAAB,BANCO BAR BURGOS,BAR STOOL,H206033I
01t4w00000Nunt1AAB,SET BISTRO WICKER CON COJINES,BISTRO SET WICKER WITH CUSHION,G108048H
01t4w00000Nunt3AAB,SET BISTRO WICKER MECEDORA CON COJINES,BISTRO SET WICKER WITH CUSHION,G108047H
01t4w00000Nunt5AAB,TUMBONA PP,TUMBONA,G111008H
01t4w00000Nunt7AAB,SET COMEDOR 5 PIEZAS,LUNCH SET 5 PCS,G108053H
01t4w00000Nunt9AAB,SET COMEDOR 7 PIEZAS ACERO,"garden set ?6pcs Chairs, 1pc Table",G108026H
01t4w00000NuntBAAR,SET JARDIN 5 PIEZAS,GARDEN SET,G104148H
01t4w00000NuntDAAR,SET COMEDOR 7 PIEZAS ALUMINIO CON COJINES,"Garden Set (6pcs Chairs, 1pc Table )",G108025H
01t4w00000NuntFAAR,SET INFANTIL 5 PIEZAS TEXTILENO CON SOMBRILLA,SET KID TABLE AND CHAIRS + UMBRELLA,G108054H
01t4w00000NuntHAAR,SET JARDIN 4 PIEZAS CON COJINES,OUTDOOR SET 4 PCS,G108049H
01t4w00000NuntJAAR,SET JARDIN 5 PIEZAS CON COJINES,GARDEN SET,G104152H
01t4w00000NuntLAAR,SERIE DE LUZ SOLAR PIÑA,Solar Garden Light,G112048H
01t4w00000NuntNAAR,MESA AUXILIAR,SIDE TABLE,H312133I
01t4w00000NuntPAAR,SET JARDIN 5 PIEZAS CON COJINES,OUTDOOR SET 5 PCS,G108046H
01t4w00000NuntRAAR,SILLA GIRATORIA HUEVO,SWIVEL EGG CHAIR,G111005H
01t4w00000NuntTAAR,SILLA COMEDOR PLASTICO,CHAIR,H201038I
01t4w00000NuntVAAR,SET JARDIN 6 PIEZAS ACERO,"2pcs Chairs, 1pc big table, 1pc small table, 2pcs footstool",G108028H
01t4w00000NuntXAAR,SET BISTRO TEKA CON TEXTILENO,BISTRO SET,G105018H
01t4w00000NuntZAAR,SUCULENTA LOVE,FLOWER POT,G112016H
01t4w00000NuntbAAB,SET SOFA EN ESQUINA + MESA POLLYWOOD,CORNER SOFA POLYWOOD WITH CUSHION,G108052H
01t4w00000NuntdAAB,SALA DE PATIO WICKER 7 PIEZAS CON COJINES,DINING SET 7 SEATER,G104135H
01t4w00000NuntfAAB,SOMBRILLA JARDIN 8 RIBS,"""250-8-38 SQUARE Aluminium market umbrella with black and white stripes fabric canopy size :2.5x2.5M square  Main Pole : Alu ,?38mm ,with crank with tilt Ribs:Alu ,8 ribs,12x18mm Fabric :180G/m² polyester?UV 50+ , BLACK AND WHITE stripes  ?without flap wi",G106133H
01t4w00000NunthAAB,MESA AUXILIAR CUADRADA,COFFEE TABLE,G109005H
01t4w00000NuntjAAB,MESA AUXILIAR REDONDA DOBLE,COFFEE TABLE,G109002H
01t4w00000NuntlAAB,MESA AUXILIAR REDONDA,COFFEE TABLE,G109003I
01t4w00000NuntnAAB,COLUMPIO BALANCIN DOBLE,DOUBLE ROCKING SWING,G106092H
01t4w00000NuntpAAB,BANCO RATTAN,STEEL PE Rattan Chair,G110019H
01t4w00000NuntrAAB,CARPA POLIESTER,GAZEBO,G106072H
01t4w00000NunttAAB,SOMBRILLA JARDIN LATERAL CON BASE EN CRUZ,ECO CANTILEVER UMBRELLA,G106155H
01t4w00000NuntvAAB,SOMBRILLA JARDIN 6 RIBS,GARDEN UMBRELLA,G502011H
01t4w00000NuntxAAB,SILLA ORDENADOR,HOME CHAIR,H101034I
01t4w00000NuntzAAB,BANCO RATTAN,STEEL PE Rattan SOFA,G110021H
01t4w00000Nunu1AAB,BANDEJA LAPTOP BAMBÚ,LAPTOP TABLE,H104063I
01t4w00000Nunu3AAB,SILLA COMEDOR ALUMINIO TEXTILENO,CHAIR TEXTILENE,G110017H
01t4w00000Nunu5AAB,SILLA COMEDOR ALUMINIO RATTAN,STEEL PE Rattan Chair,G110022H
01t4w00000Nunu7AAB,SILLA COMEDOR CUERDA CON COJIN,STEEL PE Rattan Chair,G110005H
01t4w00000Nunu9AAB,SILLA ORDENADOR,CHAIR,H201065I
01t4w00000NunuBAAR,SILLA COMEDOR PLASTICO APILABLE,PLASTIC,H202034I
01t4w00000NunuDAAR,SILLA COMEDOR RATAN,STEEL PE Rattan Chair,G110020H
01t4w00000NunuFAAR,COLUMPIO HAMACA CAMA CON MOSQUITERA,SWING HAMMOCK BED WITH MOSQUITO NET,G106125H
01t4w00000NunuHAAR,SILLA COMEDOR TELA,STEEL PE Rattan Chair,G109001H
01t4w00000NunuJAAR,COLUMPIO BALANCIN DOBLE,Loveseat Swing,G111004H
01t4w00000NunuLAAR,SILLA COMEDOR RATTAN CON COJIN,STEEL Rope Chair,G110023H
01t4w00000NunuNAAR,MESA ESCRITORIO,COMPUTER DESK,H102024I
01t4w00000NunuPAAR,SILLA COMEDOR TELA,STEEL PE Rattan Chair,G110003H
01t4w00000NunuRAAR,SOMBRILLA JARDIN 8 RIBS,3m  Market Umbrella,G106152H
01t4w00000NunuTAAR,SILLA COMEDOR RATTAN,STEEL PE Rattan Chair,G110006H
01t4w00000NunuVAAR,SILLON MECEDORA RATTAN CON COJIN,ROCKING CHAIR WITH CUSHION,G110014H
01t4w00000NunuXAAR,COLUMPIO BALANCIN DOBLE TEKA,LEISURE SWING,G104121H
01t4w00000NunuZAAR,COLUMPIO BALANCIN TRIPLE,TRIPLE ROCKING SWING,G106130H
01t4w00000NunubAAB,COLUMPIO COLGANTE CON COJIN,Swing,G111002H
01t4w00000NunudAAB,SILLA GAMING,GAMING CHAIR,H101008I
01t4w00000NunufAAB,CAJONERA 4 NIVELES,STORAGE 4 DRAWERS,H301006I
01t4w00000NunuhAAB,COLUMPIO COLGANTE CON COJIN,Swing,G111003H
01t4w00000NunujAAB,TUMBONA EUCALIPTO CON COJIN,SUNLOUNGER WITH ARMRESTS & WITH 5CM SEAT CUSHION,G104139H
01t4w00000NunulAAB,GAZEBO CUADRADO CON MOSQUITERA,SQUARE GAZEBO WITH MOSQUITO NET,G106112H
01t4w00000NununAAB,CARPA POLIESTER,GAZEBO,G106071H
01t4w00000NunupAAB,GAZEBO HEXAGONAL CON MOSQUITERA,HEXAGONAL GAZEBO WITH MOSQUITO NET,G106106H
01t4w00000NunurAAB,CARPA POLIESTER DOBLE,DOUBLE POLYESTER TENT,G106120H
01t4w00000NunutAAB,SET DESAYUNADOR MDF + 2 BANCOS + ALMACENAJE,DINING SET,H210059I
01t4w00000NunuvAAB,SOFA CAMA,SOFA BED,H309021I
01t4w00000NunuxAAB,CARPA POLIESTER TRIPLE CON VENTANAS,TRIPLE POLYESTER TENT WITH WINDOWS,G106093H
01t4w00000NunuzAAB,GAZEBO CIRCULAR CON CORTINAS,CIRCULAR GAZEBO WITH CURTAINS,G106100H
01t4w00000Nunv1AAB,GAZEBO CUADRADO CON BARRAS BAR+MOSQUITERA,SQUARE GAZEBO WITH BAR+MOSQUITO NET,G106117H
01t4w00000Nunv3AAB,SILLA COMEDOR PLASTICO,CHAIR,H201052I
01t4w00000Nunv5AAB,SET MESAS AUXILIARES 2 PIEZAS,Set 2 coffee table,H312109I
01t4w00000Nunv7AAB,BANCO INFANTIL ANIMAL CON ALMACENAJE,ANIMAL CHILDREN'S BENCH WITH STORAGE,H311029I
01t4w00000Nunv9AAB,NECESER ORGANIZADOR ALUMINIO,NECESER ORGANIZADOR,H409023I
01t4w00000NunvBAAR,GAZEBO RECTANGULAR CON BANCOS,RECTANGULAR GAZEBO WITH BENCHES,G106101H
01t4w00000NunvDAAR,GAZEBO RECTANGULAR CON CORTINAS,RECTANGULAR GAZEBO WITH CURTAINS,G106111H
01t4w00000NunvFAAR,GAZEBO RECTANGULAR TOLDO RETRACTIL,RECTANGULAR GAZEBO RETRACTABLE AWNING,G106113H
01t4w00000NunvHAAR,GAZEBO RECTANGULAR TOLDO RETRACTIL+PARED,RECTANGULAR GAZEBO RETRACTABLE AWNING+WALL,G106108H
01t4w00000NunvJAAR,SOMBRILLA JARDIN LATERAL CON BASE EN CRUZ,Rome umbrella with  360° surface revole,G106137H
01t4w00000NunvLAAR,SOMBRILLA JARDIN LATERAL CON BASE EN CRUZ,Banana umbrella,G106150H
01t4w00000NunvNAAR,SOMBRILLA JARDIN LATERAL CON BASE EN CRUZ + LUZ LED,Banana umbrella with LED light,G106153H
01t4w00000NunvPAAR,SILLA ORDENADOR,HOME CHAIR,H101045I
01t4w00000NunvRAAR,CARRITO ORGANIZADOR COCINA 3 NIVELES,KITCHEN TROLLEY WITH SHALY TOP,H209019I
01t4w00000NunvTAAR,APARADOR 1 PUERTA,CABINET,H312215B
01t4w00000NunvWAAR,MESA AUXILIAR,COFFE TABLE,H312216B
01t4w00000NunvYAAR,APARADOR 2 PUERTAS,CABINET,H312217B
01t4w00000NunvaAAB,MESA ESCRITORIO,COMPUTER DESK,H102070B
01t4w00000NunvcAAB,ESTANTERIA 3 NIVELES,SHELF,H314100B
01t4w00000NunvdAAB,ESTANTERIA 4 NIVELES,SHELF,H314101B
01t4w00000NunvfAAB,ESTANTERIA 5 NIVELES,SHELF,H314102B
01t4w00000NunviAAB,MESA AUXILIAR,SIDE TABLE,H312218B
01t4w00000NunvjAAB,MESA ESCRITORIO GAMING,Gaming table,H102071B
01t4w00000NunvlAAB,MESA ESCRITORIO GAMING,GAMING TABLE,H102072B
01t4w00000NunvnAAB,MESA AUXILIAR,End table,H312219B
01t4w00000NunvpAAB,MESA AUXILIAR,SIDE TABLE,H312220B
01t4w00000NunvrAAB,MESA ESCRITORIO + LIBRERO,DESK WITH SHELF,H102073B
01t4w00000NunvtAAB,MESA ESCRITORIO,Computer Desk,H102074B
01t4w00000NunvwAAB,MESA ESCRITORIO CON RUEDAS,Computer Desk,H102075B
01t4w00000NunvyAAB,SILLA COMEDOR TELA,Dinging chair,H201091B
01t4w00000NunvzAAB,ESTANTERIA 2 NIVELES,Book-Shelf,H314103B
01t4w00000Nunw1AAB,SOMBRILLA JARDIN 6 RIBS + LUZ LED,Alum umbrella with LED light,G106154H
01t4w00000Nunw3AAB,SILLA COMEDOR PLASTICO APILABLE,CHAIR,H201077I
01t4w00000Nunw5AAB,SILLA COMEDOR PLASTICO,CHAIR,H201039I
01t4w00000Nunw7AAB,SOMBRILLA JARDIN 6 RIBS,GARDEN UMBRELLA,G502013H
01t4w00000Nunw9AAB,SOMBRILLA JARDIN LATERAL CON BASE EN CRUZ+LUZ LED,"""350-8 Rome Umbrella with LED straight light and center lamp Main Pole : Alu ,53x77mm Ribs: Alu ,8 ribs,14x24mm , long ribs with LED straight light and center lamp light , with solar panel,with touch swith , USB charging , adjustable lighting brightness ;",G106134H
01t4w00000NunwBAAR,LAMPARA SOLAR BOMBILLA,Solar light,G112032H
01t4w00000NunwDAAR,LAMPARA SOLAR PIÑA,Solar Garden Light,G112038H
01t4w00000NunwFAAR,SUCULENTA BUHO,FLOWER POT,G112013H
01t4w00000NunwHAAR,SUCULENTA GATO,FLOWER POT,G112015H
01t4w00000NunwJAAR,ESTANTERIA 3 NIVELES DISEÑO,BOOKCASE,H314011I
01t4w00000NunwLAAR,SUCULENTA HOME,FLOWER POT,G112017H
01t4w00000NunwNAAR,MESA ESCRITORIO,COMPUTER DESK,H102020I
01t4w00000NunwPAAR,BANCO BAR BASIC,BAR STOOL,H206026I
01t4w00000NunwRAAR,SUCULENTA TORTUGA,FLOWER POT,G112014H
01t4w00000NunwTAAR,BANCO BAR ABS,ABS BAR STOOL,H206001I
01t4w00000NunwVAAR,SILLA ORDENADOR,HOME CHAIR,H101048I
01t4w00000NunwXAAR,MESA ESCRITORIO,COMPUTER DESK,H102023I
01t4w00000NunwZAAR,SILLA GAMING,GAMING CHAIR,H101006I
01t4w00000NunwbAAB,SILLA ORDENADOR,HOME CHAIR,H101041I
01t4w00000NunwdAAB,SILLA GAMING,RACING CHAIR,H101029I
01t4w00000NunwfAAB,SILLA GAMING,RACING CHAIR,H101025I
01t4w00000NunwhAAB,SILLA COMEDOR MADERA ACOLCHADA,DINNING CHAIR,H201079I
01t4w00000NunwjAAB,SILLA GAMING,GAMING CHAIR,H101032I
01t4w00000NunwlAAB,SILLA ORDENADOR,HOME CHAIR,H101036I
01t4w00000NunwnAAB,SILLA ORDENADOR,HOME CHAIR,H101038I
01t4w00000NunwpAAB,SILLA ORDENADOR,OFFICE CHAIR,H101011I
01t4w00000NunwrAAB,SILLA ORDENADOR MESH,OFFICE CHAIR,H101013I
01t4w00000NunwtAAB,SILLA ORDENADOR,OFFICE CHAIR,H101010I
01t4w00000NunwvAAB,SILLA ORDENADOR,HOME CHAIR,H101040I
01t4w00000NunwxAAB,SILLA ORDENADOR,HOME CHAIR,H101043I
01t4w00000NunwzAAB,SILLA ORDENADOR MESH,OFFICE CHAIR,H101017I
01t4w00000Nunx1AAB,SILLA COMEDOR TELA,FABRIC DINING CHAIR,H201084I
01t4w00000Nunx3AAB,MESA COMEDOR RECTANGULAR,TABLE,H211001I
01t4w00000Nunx5AAB,SILLA ORDENADOR,HOME CHAIR,H101037I
01t4w00000Nunx7AAB,SILLA ORDENADOR MESH,MESH CHAIR,H101047I
01t4w00000Nunx9AAB,SILLA ORDENADOR MESH,OFFICE CHAIR,H101012I
01t4w00000NunxBAAR,SILLA ORDENADOR MESH,OFFICE CHAIR,H101014I
01t4w00000NunxDAAR,SILLA ORDENADOR MESH,OFFICE CHAIR,H101018I
01t4w00000NunxFAAR,SILLA ORDENADOR MESH,OFFICE CHAIR,H101020I
01t4w00000NunxHAAR,MESA ESCRITORIO,COMPUTER DESK,H102028I
01t4w00000NunxJAAR,MESA ESCRITORIO,COMPUTER DESK,H102036I
01t4w00000NunxLAAR,BANCO INFANTIL ANIMAL,ANIMAL CHILDREN'S BENCH,H311030I
01t4w00000NunxNAAR,BANCO INFANTIL ANIMAL,ANIMAL CHILDREN'S BENCH,H311022I
01t4w00000NunxPAAR,MESA AUXILIAR  2 PIEZAS,set 2 coffee table,H312145I
01t4w00000NunxRAAR,"TV STAND MUEBLE CRISTAL SOPORTE 32-55""",TV STAND,H304036I
01t4w00000NunxTAAR,MESA ESCRITORIO,COMPUTER DESK,H102054I
01t4w00000NunxVAAR,MESA ESCRITORIO,COMPUTER DESK,H102052I
01t4w00000NunxXAAR,MESA ESCRITORIO,desk,H312164I
01t4w00000NunxZAAR,BANCO BAR ABS,ABS BAR STOOL,H206003I
01t4w00000NunxbAAB,SOFA CAMA TRANSFORMER,SOFA BED,H309041I
01t4w00000NunxdAAB,MESA ESCRITORIO,COMPUTER DESK,H102050I
01t4w00000NunxfAAB,CARRITO ORGANIZADOR COCINA 2 NIVELES,KITCHEN CART,H406003I
01t4w00000NunxhAAB,MESA ESCRITORIO,COMPUTER DESK,H102053I
01t4w00000NunxjAAB,MESA ESCRITORIO,desk,H313034I
01t4w00000NunxlAAB,BANCO BAR IBIZA,BAR STOOL,H206045I
01t4w00000NunxnAAB,MESA ESCRITORIO,WORK DESK,H102042I
01t4w00000NunxpAAB,MESA ESCRITORIO,ESCRITORIO,H102041I
01t4w00000NunxrAAB,BANCO INFANTIL,Kids Double Sofa,H311048I
01t4w00000NunxtAAB,MESA ESCRITORIO,WORK DESK,H102043I
01t4w00000NunxvAAB,MESA ESCRITORIO + LIBRERO 1 NIVEL,OFFICE DESK,H102039I
01t4w00000NunxxAAB,MESA ESCRITORIO + LIBRERO 3 NIVELES,COMPUTER DESK,H102027I
01t4w00000NunxzAAB,MESA ESCRITORIO + LIBRERO 4 NIVELES,DESK TABLE + 4 LEVEL BOOKCASE,H102038I
01t4w00000Nuny1AAB,ATRIL LIBROS BAMBÚ,BAMBOO BOOK STAND,H104077I
01t4w00000Nuny3AAB,BANDEJA AUXILIAR BAMBÚ,BAMBOO AUXILIARY TRAY,H104078I
01t4w00000Nuny5AAB,BANDEJA LAPTOP,LAPTOP TABLE,H104060I
01t4w00000Nuny7AAB,ORGANIZADOR ESCRITORIO BAMBÚ,ORGANIZER BOX,H104079I
01t4w00000Nuny9AAB,BANCO BAR METAL,BAR STOOL,H206051I
01t4w00000NunyBAAR,ORGANIZADOR ESCRITORIO 1 CAJON BAMBÚ,DESK ORGANIZER 1 DRAWER BAMBOO,H104082I
01t4w00000NunyDAAR,ORGANIZADOR ESCRITORIO 2 CAJONES BAMBÚ,BAMBOO DESK ORGANIZER,H104071I
01t4w00000NunyFAAR,ORGANIZADOR ESCRITORIO 4 PIEZAS BAMBOO,ORGANIZER BOX,H104081I
01t4w00000NunyHAAR,SILLA COMEDOR TELA,CHAIRS,H201069I
01t4w00000NunyJAAR,SOFA CAMA,ASTURIAS SOFA BED,H301029I
01t4w00000NunyLAAR,NECESER ORGANIZADOR CON ESPEJO,NECESER ORGANIZADOR CON ESPEJO,H409014I
01t4w00000NunyNAAR,SILLA COMEDOR,STEEL PE Rattan Chair,G110004H
01t4w00000NunyPAAR,MESA BURO 2 CAJONES,SIDE TABLE,H301042I
01t4w00000NunyRAAR,SILLA COMEDOR PLASTICO,CHAIR,H201076I
01t4w00000NunyTAAR,SILLA COMEDOR TELA,FABRIC DINING CHAIR,H201083I
01t4w00000NunyVAAR,SILLA COMEDOR PLASTICO,CHAIR,H201075I
01t4w00000NunyXAAR,BANCO BAR REDONDO,BAR STOOL,H206008I
01t4w00000NunyZAAR,SILLA COMEDOR PLASTICO,CHAIR,H201034I
01t4w00000NunybAAB,SILLA COMEDOR PLASTICO,CHAIR,H201044I
01t4w00000NunydAAB,SILLA COMEDOR PLASTICO,CHAIR,H201045I
01t4w00000NunyfAAB,SILLA COMEDOR TELA,DINNING CHAIR,H201080I
01t4w00000NunyhAAB,SILLA COMEDOR TELA,DINNING CHAIR,H203005I
01t4w00000NunyiAAB,SILLA COMEDOR PLASTICO,CHAIR,H201064I
01t4w00000NunykAAB,SILLA COMEDOR PLASTICO,CHAIR,H201036I
01t4w00000NunymAAB,SILLA COMEDOR PLASTICO,CHAIR,H201037I
01t4w00000NunyoAAB,SILLA COMEDOR PLASTICO,CHAIR,H201035I
01t4w00000NunyrAAB,SOFA CAMA CHESLONG,SECTIONAL CHESLONG SOFABED,H309034I
01t4w00000NunytAAB,SET MESAS AUXILIARES 2 PIEZAS,SET 2 PIECES SIDE TABLES,H312123I
01t4w00000NunyvAAB,MESA COMEDOR CUADRADA PATAS MADERA,SQUARE DINING TABLE WITH WOODEN LEGS,H210031I
01t4w00000NunyxAAB,SOFA CON ALMACENAJE,SOFA WITH STORAGE,H309040I
01t4w00000NunyzAAB,MESA COMEDOR RECTANGULAR,MESA PARA COMEDOR,H211005I
01t4w00000Nunz1AAB,BANCO BAR ABS,ABS BAR STOOL,H206002I
01t4w00000Nunz3AAB,BANCO BAR BURGOS,BAR STOOL,H206032I
01t4w00000Nunz5AAB,BANCO BAR GERONA,BAR STOOL,H206044I
01t4w00000Nunz7AAB,REPISA MAGICA CON 1 CAJON,FLOATING SHELF WITH 1 DRAWER,H314081I
01t4w00000Nunz9AAB,SOFA SECCIONAL CHESLONG,SECTIONAL CHESLONG SOFA,H309033I
01t4w00000NunzBAAR,BANCO BAR EAMS ACOLCHADO,CHAIR,H201059I
01t4w00000NunzDAAR,BANCO BAR LUGO,BAR STOOL,H206004I
01t4w00000NunzFAAR,SOFA CAMA CHESLONG TRANSFORMER,SECTIONAL CHESLONG SOFABED,H309037I
01t4w00000NunzHAAR,BANCO BAR MADRID,BAR STOOL,H206046I
01t4w00000NunzJAAR,BANCO BAR MALAGA,BAR STOOL,H206038I
01t4w00000NunzLAAR,SET MESAS AUXILIARES 2 PIEZAS,set 2 coffee table,H312150I
01t4w00000NunzNAAR,BANCO BAR LUGO,BAR STOOL,H206005I
01t4w00000NunzPAAR,BANCO BAR TOLEDO,BAR STOOL,H206040I
01t4w00000NunzRAAR,BANCO BAR VIGO,BAR STOOL,H206041I
01t4w00000NunzTAAR,SET COMEDOR CRISTAL + 4 SILLAS,GLASS DINING SET + 4 CHAIRS,H210044I
01t4w00000NunzVAAR,SET MESAS AUXILIARES 2 PIEZAS,SET 2 PIECES COFFEE TABLES,H312130I
01t4w00000NunzWAAR,BANCO BAR TRUJILLO,BAR STOOL,H206049I
01t4w00000NunzYAAR,BANCO BAR VALENCIA,BAR STOOL,H206050I
01t4w00000NunzaAAB,TABURETE TELA,STOOL,H206052I
01t4w00000NunzcAAB,SET MESAS AUXILIARES 2 PIEZAS,set 2 coffee table,H312147I
01t4w00000NunzfAAB,SET COMEDOR CRISTAL + 4 TABURETES AHORRAESPACIO,DINING SET,H210054I
01t4w00000NunzhAAB,BANCO INFANTIL ANIMAL,ANIMAL CHILDREN'S BENCH,H311024I
01t4w00000NunzjAAB,SET COMEDOR MDF + 2 SILLAS + BANCO,DINING SET,H210049I
01t4w00000NunzlAAB,SET COMEDOR MDF + 4 SILLAS,DINING SET,H210034I
01t4w00000NunznAAB,SET COMEDOR MDF + 4 SILLAS,DINING SET,H210038I
01t4w00000NunzpAAB,CARRITO AUXILIAR 3 NIVELES,AUXILIARY CART 3 LEVELS,H209020I
01t4w00000NunzrAAB,CARRITO ISLA COCINA,Kitchen trolley,H212009I
01t4w00000NunztAAB,CARRITO AUXILIAR 3 NIVELES,AUXILIARY CART 3 LEVELS,H209021I
01t4w00000NunzvAAB,CARRITO ISLA COCINA,Kitchen island,H212011I
01t4w00000NunzxAAB,CARRITO ISLA COCINA,Kitchen island,H212015I
01t4w00000NunzzAAB,APARADOR 8 CAJONES,Cabinet,H313037I
01t4w00000Nuo01AAB,MESA AUXILIAR,SET NESTING COFFEE TABLE,H312097I
01t4w00000Nuo03AAB,CARRITO ORGANIZADOR COCINA 3 NIVELES,KITCHEN TROLLEY,H209003I
01t4w00000Nuo05AAB,CARRITO ORGANIZADOR COCINA 3 NIVELES CON ALAS,KITCHEN ORGANIZER CART 3 LEVELS WITH WINGS,H209022I
01t4w00000Nuo07AAB,SOFA CAMA,SOFA BED,H309027I
01t4w00000Nuo09AAB,MESA AUXILIAR,SIDE TABLE,H312077I
01t4w00000Nuo0BAAR,SOFA CAMA,SOFA BED,H309022I
01t4w00000Nuo0DAAR,SOFA CAMA,SOFA BED,H309024I
01t4w00000Nuo0FAAR,SOFA CAMA,SOFA BED,H309028I
01t4w00000Nuo0HAAR,SOFA SECCIONAL CHESLONG,SECTIONAL CHESLONG SOFA,H309035I
01t4w00000Nuo0JAAR,BANCO INFANTIL,Kids Armchair,H309046I
01t4w00000Nuo0LAAR,ESPEJO BAMBU CUADRADO CON 2 CAJONES,Bamboo mirror,H409024I
01t4w00000Nuo0NAAR,BANCO INFANTIL ANIMAL CON ALMACENAJE,ANIMAL CHILDREN'S BENCH WITH STORAGE,H311028I
01t4w00000Nuo0PAAR,BANCO INFANTIL,Kids Single Sofa,H311047I
01t4w00000Nuo0RAAR,BANCO INFANTIL ANIMAL,ANIMAL CHILDREN'S BENCH,H311027I
01t4w00000Nuo0TAAR,BANCO INFANTIL ANIMAL CON ALMACENAJE,ANIMAL CHILDREN'S BENCH WITH STORAGE,H311025I
01t4w00000Nuo0VAAR,SILLON INFANTIL MECEDORA,Kids Rocking Chair,H311043I
01t4w00000Nuo0XAAR,SILLON INFANTIL,Kids Armchair,H309045I
01t4w00000Nuo0ZAAR,CAJONERA 4 NIVELES,4 LEVEL DRAWER CABINET,H313016I
01t4w00000Nuo0bAAB,REPISA MAGICA INFANTIL,CHILDREN FLOATING SHELF,H314084I
01t4w00000Nuo0dAAB,SILLON TELA + REPOSA PIES,SOFA-CHAIR,H311001I
01t4w00000Nuo0fAAB,APARADOR 3 CAJONES,CÓMODA 3 NIVELES,H312054I
01t4w00000Nuo0hAAB,APARADOR 5 CAJONES,5 DRAWER SIDEBOARD,H301045I
01t4w00000Nuo0jAAB,BANCA ZAPATERA 1 NIVEL,SHOE RACK BENCH,H301033I
01t4w00000Nuo0lAAB,BANCO ZAPATERA 1 NIVEL + 2 CAJONES,SHOE BENCH,H313047I
01t4w00000Nuo0nAAB,SET REPISAS MAGICAS 3 PIEZAS HEXAGONALES,SHELF SET,H302105I
01t4w00000Nuo0pAAB,BANCA ZAPATERA 2 NIVELES CAJONERAS,STORAGE BENCH,H301032I
01t4w00000Nuo0rAAB,CAJONERA 2 NIVELES + 2 ESTANTES,DRAWER CABINET 2 LEVELS + 2 SHELVES,H313015I
01t4w00000Nuo0tAAB,SET MESAS AUXILIARES 2 PIEZAS,SET NESTING SIDE TABLES,H312119I
01t4w00000Nuo0vAAB,CAJONERA 1 NIVEL + ESTANTE,STORAGE 1 DRAWER,H301005I
01t4w00000Nuo0xAAB,CAJONERA 5 NIVELES,5 LEVEL DRAWER CABINET,H313017I
01t4w00000Nuo0zAAB,MESA BURO 1 CAJON + 1 ESTANTE,1 shelf 1 drawer cabinet,H312138I
01t4w00000Nuo11AAB,MESA BURO 2 CAJONES,MESA DE NOCHE,H313010I
01t4w00000Nuo13AAB,MESA BURO 2 CAJONES,BURÓ SIMONA,H312040I
01t4w00000Nuo15AAB,MESA BURO 2 CAJONES,BURÓ JENOME,H312035I
01t4w00000Nuo17AAB,MESA BURO 2 CAJONES,MESA DE NOCHE,H313013I
01t4w00000Nuo19AAB,CENTRO ENTRETENIMIENTO 4 CAJONES,TV STAND,H316003I
01t4w00000Nuo1BAAR,MESA BURO 2 CAJONES,MESA DE NOCHE,H313012I
01t4w00000Nuo1DAAR,APARADOR 2 PUERTAS,2 door cabinet,H312139I
01t4w00000Nuo1FAAR,SET REPISAS MAGICAS 2 PIEZAS CUBOS,2 PIECES CUBE SHELF,H314062I
01t4w00000Nuo1HAAR,APARADOR 2 PUERTAS,SIDEBOARD,H312176I
01t4w00000Nuo1JAAR,APARADOR 2 PUERTAS,APARADOR,H312050I
01t4w00000Nuo1LAAR,APARADOR 2 PUERTAS + 3 CAJONES,APARADOR,H312051I
01t4w00000Nuo1NAAR,APARADOR 3 CAJONES,3 drawer cabinet,H312141I
01t4w00000Nuo1PAAR,APARADOR 3 PUERTAS,APARADOR,H312046I
01t4w00000Nuo1RAAR,MESA AUXILIAR,MESA DE CENTRO,H312047I
01t4w00000Nuo1TAAR,MESA AUXILIAR,COFFEE TABLE,H312083I
01t4w00000Nuo1VAAR,MESA AUXILIAR,MESA AUXILIAR,H312048I
01t4w00000Nuo1XAAR,MESA AUXILIAR,SIDE TABLE,H312084I
01t4w00000Nuo1ZAAR,MESA AUXILIAR,COFFEE TABLE,H312089I
01t4w00000Nuo1bAAB,MESA AUXILIAR,Coffee table,H312107I
01t4w00000Nuo1dAAB,MESA AUXILIAR,Coffee table,H312105I
01t4w00000Nuo1fAAB,SET MESAS AUXILIARES 2 PIEZAS,SET 2 PIECES COFFEE TABLES,H312129I
01t4w00000Nuo1hAAB,REPISA MAGICA ZIC ZAC,"FLOATING ""ZIGZAG"" SHELF",H314064I
01t4w00000Nuo1jAAB,SET MESAS AUXILIARES 2 PIEZAS,set 2 coffee table,H312157I
01t4w00000Nuo1lAAB,SET MESAS AUXILIARES 2 PIEZAS,set 2 coffee table,H312146I
01t4w00000Nuo1nAAB,SET MESAS AUXILIARES 2 PIEZAS,SET NESTING COFFEE TABLE,H312102I
01t4w00000Nuo1pAAB,CARRITO BAÑO 4 NIVELES CON RUEDAS,4 LEVEL BATHROOM CART,H405141I
01t4w00000Nuo1rAAB,SET MESAS AUXILIARES 3 PIEZAS,set 3 coffee table,H312153I
01t4w00000Nuo1tAAB,SET MESAS AUXILIARES 3 PIEZAS,set 3 coffee table,H312160I
01t4w00000Nuo1vAAB,CENTRO ENTRETENIMIENTO 2 CAJONES,ENTERTAINMENT CENTER,H304043I
01t4w00000Nuo1xAAB,TV STAND MUEBLE CRISTAL,TV STAND,H304007I
01t4w00000Nuo1zAAB,ORGANIZADOR RELOJES,ORGANIZADOR,H409015I
01t4w00000Nuo21AAB,ORGANIZADOR RELOJES,ORGANIZADOR,H409016I
01t4w00000Nuo23AAB,"TV STAND MUEBLE CRISTAL PANTALLA 32-60""",TV STAND,H312011I
01t4w00000Nuo25AAB,"TV STAND MUEBLE CRISTAL SOPORTE 32-65""",TV STAND,H312025I
01t4w00000Nuo27AAB,"TV STAND MUEBLE CRISTAL SOPORTE 32-65""",TV STAND,H312006I
01t4w00000Nuo29AAB,SET REPISAS MAGICAS 2 PIEZAS GEMELAS,Floating twin shelfs,H314044I
01t4w00000Nuo2BAAR,"TV STAND MUEBLE CRISTAL SOPORTE 32-65""",TV STAND,H312004I
01t4w00000Nuo2DAAR,ORGANIZADOR RELOJES,JOYERO ORGANIZADOR,H409018I
01t4w00000Nuo2FAAR,"TV STAND MUEBLE CRISTAL SOPORTE 32-70""",TV STAND,H312022I
01t4w00000Nuo2HAAR,REPISA MAGICA PERCHERO,Floating Shelf with hooks,H314074I
01t4w00000Nuo2JAAR,ESTANTERIA 4 NIVELES,4 TIER SHELF,H314036I
01t4w00000Nuo2LAAR,ESTANTERIA 4 NIVELES + CAJON,LIBRERO,H312055I
01t4w00000Nuo2NAAR,SOMBRILLA PLAYA,BEACH UMBRELLA,G502008H
01t4w00000Nuo2PAAR,REPISA MAGICA CON LUZ,Floating shelf with Light,H314052I
01t4w00000Nuo2RAAR,REPISA MAGICA CON RELOJ,Floating shelf with clock,H314054I
01t4w00000Nuo2TAAR,REPISA MAGICA DOBLE AJUSTABLE,Metal wall shelf,H314080I
01t4w00000Nuo2VAAR,REPISA MAGICA HEXAGONAL,Hexagonal Shelf,H314042I
01t4w00000Nuo2XAAR,REPISA MAGICA HEXAGONALES,Hexagonal Shelf (3 pcs),H314043I
01t4w00000Nuo2ZAAR,REPISA MAGICA INFANTIL,CHILDREN FLOATING SHELF,H314085I
01t4w00000Nuo2bAAB,REPISA MAGICA INFANTIL,CHILDREN FLOATING SHELF,H314086I
01t4w00000Nuo2dAAB,CARRITO BAÑO 3 NIVELES,4 TIER BATHROOM TROLLEY,H404018I
01t4w00000Nuo2fAAB,REPISA MAGICA ORGANIZADOR BAÑO,Wall Shelf,H314078I
01t4w00000Nuo2hAAB,ORGANIZADOR RELOJES PORTATIL,ORGANIZADOR,H409017I
01t4w00000Nuo2jAAB,PERCHERO METAL+MADERA,COAT RACK,H406007I
01t4w00000Nuo2lAAB,PERCHERO METAL+MADERA,METAL+WOODEN COAT RACK,H406006I
01t4w00000Nuo2nAAB,PERCHERO METAL+BAMBU,coat rack,H313040I
01t4w00000Nuo2pAAB,PERCHERO METAL+MADERA,COAT RACK,H406005I
01t4w00000Nuo2rAAB,PERCHERO PARED MDF,Coat Wall Rack,H315001I
01t4w00000Nuo2tAAB,CARRITO BAÑO 3 NIVELES,4 TIER BATHROOM TROLLEY,H404019I
01t4w00000Nuo2vAAB,CARRITO BAÑO 3 NIVELES,bathroom trolley,H404008I
01t4w00000Nuo2xAAB,CARRITO BAÑO 3 NIVELES,bathroom trolley,H404007I
01t4w00000Nuo2zAAB,CARRITO BAÑO 3 NIVELES,2 TIER BATHROOM TROLLEY,H404021I
01t4w00000Nuo31AAB,ESTANTERIA BAÑO 3 NIVELES,SHELF,H406008I
01t4w00000Nuo33AAB,ESTANTERIA BAÑO 4 NIVELES,SHELF,H406009I
01t4w00000Nuo35AAB,TOALLERO 3 NIVELES,TOWEL RACK,H404015I
01t4w00000Nuo37AAB,JOYERO NECESER,JOYERO NECESER,H409012I
01t4w00000Nuo39AAB,SET BISTRO METALICO PLEGABLE REDONDO,FOLDING BISTRO SET,G108068H
01t4w00000Nuo3BAAR,JOYERO NECESER,JOYERO NECESER,H409011I
01t4w00000Nuo3DAAR,JOYERO PARED CON ESPEJO Y 5 FOTOS,TABLETOP MIRRORED JEWELRY CABINET,H302037I
01t4w00000Nuo3FAAR,JOYERO PISO CON ESPEJO Y 5 FOTOS,TABLETOP MIRRORED JEWELRY CABINET,H302038I
01t4w00000Nuo3HAAR,NECESER ORGANIZADOR ACRILICO+ALUMINIO,NECESER ORGANIZADOR,H409006I
01t4w00000Nuo3JAAR,ORGANIZADOR RELOJES,JOYERO ORGANIZADOR,H409019I
01t4w00000Nuo3LAAR,ORGANIZADOR RELOJES,ORGANIZADOR,H409021I
01t4w00000Nuo3NAAR,SOMBRILLA PLAYA,BEACH UMBRELLA,G502001H
01t4w00000Nuo3PAAR,ORGANIZADOR RELOJES,ORGANIZADOR,H409020I
01t4w00000Nuo3RAAR,ASADOR CARBON RECTANGULAR CON MESAS LATERALES,RECTANGULAR CHARCOAL GRILL WITH SIDE TABLES,G301014H
01t4w00000Nuo3TAAR,ASADOR CARBON REDONDO,ROUND CHARCOAL GRILL,G301002H
01t4w00000Nuo3VAAR,MANGUERA EXTENSIBLE 15 MTS CON PISTOLA,15 M EXTENDABLE HOSE WITH GUN,G401025H
01t4w00000Nuo3XAAR,MANGUERA EXTENSIBLE 10 MTS CON PISTOLA,10 M EXTENDABLE HOSE WITH GUN,G401030H
01t4w00000Nuo3ZAAR,SOMBRILLA PLAYA,BEACH UMBRELLA,G502010H
01t4w00000Nuo3bAAB,REGADERA 3 LITROS CON TAPA,PLANTS WATERING,G401053H
01t4w00000Nuo3dAAB,REGADERA 13 LITROS,WATERING CAN 13 LITERS,G401057H
01t4w00000Nuo3fAAB,PROGRAMADOR RIEGO 2 HORAS,2 HOUR IRRIGATION PROGRAMMER,G401019H
01t4w00000Nuo3hAAB,PROGRAMADOR RIEGO MULTIFUCION,MULTIFUNCTION IRRIGATION PROGRAMMER,G401020H
01t4w00000Nuo3jAAB,PROGRAMADOR RIEGO MULTIFUCION DIGITAL,DIGITAL MULTIFUNCTION IRRIGATION PROGRAMMER,G401018H
01t4w00000Nuo3lAAB,SET ADAPTAD0RES RIEGO,IRRIGATION ADAPTERS SET,G401037H
01t4w00000Nuo3nAAB,SOMBRILLA DE PLAYA,BEACH UMBRELLA,G502003H
01t4w00000Nuo3pAAB,SOMBRILLA PLAYA,BEACH UMBRELLA,G106086H
01t4w00000Nuo3rAAB,TUMBONA INFANTIL PLEGABLE PLAYA,KID BEACH LOUNGE,G111014H
01t4w00000Nuo3tAAB,TUMBONA INFANTIL PLEGABLE PLAYA,KID BEACH LOUNGE,G111013H
01t4w00000Nuo3vAAB,ASADOR CARBON CERAMICO REDONDO CON MESAS LATERALES,ROUND CERAMIC CHARCOAL GRILL WITH SIDE TABLES,G301040H
01t4w00000Nuo3xAAB,MANDIL CHEF BBQ,CHEF BBQ APRON,G302009H
01t4w00000Nuo3zAAB,CARRITO APOYO RECTANGULO,RECTANGLE SUPPORT CART,G109029A
01t4w00000Nuo41AAB,COLUMPIO COLGANTE CON COJIN,HANGING SWING WITH CUSHION,G111035A
01t4w00000Nuo43AAB,COLUMPIO COLGANTE CON COJIN,HANGING SWING WITH CUSHION,G111036A
01t4w00000Nuo45AAB,SILLA HUEVO ROTA,Egg Chair,G111037A
01t4w00000Nuo48AAB,COLUMPIO COLGANTE CON COJIN,Egg Chair,G111038A
01t4w00000Nuo49AAB,SET COMEDOR 5 PIEZAS,DINING SET,G108139A
01t4w00000Nuo4BAAR,SET COMEDOR 5 PIEZAS,5 PCS SET,G108140A
01t4w00000Nuo4DAAR,CARRO JARDIN PLEGABLE,FOLD IN SECOND COLLAPSIBLE SHOPPING TROLLEY,G403001A
01t4w00000Nuo4EAAR,"VENTILADOR PISO 16"" 50W",Plastics stand fan,B301088C
01t4w00000Nuo4HAAR,"VENTILADOR TORRE 31"" 50W 3 VELOCIDADES OSCILANTE",Tower fan,B301089C
01t4w00000Nuo4JAAR,"VENTILADOR PISO 16"" 45W",Plastics stand fan,B301090C
01t4w00000Nuo4LAAR,BASE CEMENTO 15KG DE SOMBRILLA,Cement umbrella base,G101047A
01t4w00000Nuo4NAAR,BASE RESINA 9KG DE SOMBRILLA,Resin umbrella base,G101048A
01t4w00000Nuo4PAAR,BASE RESINA 25KG DE SOMBRILLA,Resin umbrella base,G101049A
01t4w00000Nuo4SAAR,SET COMEDOR TEKA 5 PIEZAS AHORRAESPACIO,HIDEAWAY SET 1+4,G104122V
01t4w00000Nuo4UAAR,SET DESAYUNADOR MDF + 2 TABURETES + ALMACENAJE 3 NIVELES,DINING SET,H208001B
01t4w00000Nuo4XAAR,MESA ESCRITORIO,Computer desk,H102088B
01t4w00000Nuo4ZAAR,MESA ESCRITORIO,Folding shelf,H102089B
01t4w00000Nuo4bAAB,ESTANTERIA 4 NIVELES,Folding shelf,H314106B
01t4w00000Nuo4dAAB,MESA ESCRITORIO,Folding desk,H102090B
01t4w00000Nuo4fAAB,ESTANTERIA 3 NIVELES,Folding shelf,H314107B
01t4w00000Nuo4hAAB,MESA ESCRITORIO,Computer desk,H102091B
01t4w00000Nuo4jAAB,MESA BURO 1 CAJON + 1 ESTANTE,Cabinet,H313051B
01t4w00000Nuo4lAAB,MESA ESCRITORIO,Computer desk,H102092B
01t4w00000Nuo4oAAB,MESA ESCRITORIO,Computer desk,H102094B
01t4w00000Nuo4pAAB,ESTANTERIA 3 NIVELES,Book shelf,H314108B
01t4w00000Nuo4qAAB,MESA ESCRITORIO,Computer desk,H102093B
01t4w00000Nuo4sAAB,ESTANTERIA 3 NIVELES,Book shelf,H314109B
01t4w00000Nuo4vAAB,ESTANTERIA 3 NIVELES,Book shelf,H314110B
01t4w00000Nuo4xAAB,MESA ESCRITORIO,Computer desk,H102095B
01t4w00000Nuo50AAB,ESTANTERIA 3 NIVELES,Book shelf,H314111B
01t4w00000Nuo51AAB,MESA ESCRITORIO,Computer desk,H102097B
01t4w00000Nuo53AAB,MESA ESCRITORIO + LIBRERO 3 NIVELES,Computer desk,H102096B
01t4w00000Nuo56AAB,MESA ESCRITORIO,Computer name,H102098B
01t4w00000Nuo57AAB,MESA ESCRITORIO,Computer desk,H102099B
01t4w00000Nuo59AAB,MESA ESCRITORIO,Computer desk,H102100B
01t4w00000Nuo5BAAR,MESA ESCRITORIO,Computer desk,H102101B
01t4w00000Nuo5DAAR,MESA ESCRITORIO,Computer desk,H102102B
01t4w00000Nuo5FAAR,MESA ESCRITORIO,Computer desk,H102103B
01t4w00000Nuo5HAAR,MESA ESCRITORIO,Computer desk,H102104B
01t4w00000Nuo5JAAR,MESA ESCRITORIO,Computer desk,H102105B
01t4w00000Nuo5LAAR,MESA ESCRITORIO,Computer desk,H102106B
01t4w00000Nuo5NAAR,MESA ESCRITORIO,Computer desk,H102107B
01t4w00000Nuo5PAAR,MESA ESCRITORIO + LIBRERO 2 NIVELES,Computer desk,H102108B
01t4w00000Nuo5RAAR,MESA ESCRITORIO,Computer desk,H102109B
01t4w00000Nuo5UAAR,MESA ESCRITORIO + LIBRERO 3 NIVELES,Computer desk,H102110B
01t4w00000Nuo5WAAR,MESA ESCRITORIO + LIBRERO 1 NIVEL,Computer desk,H102111B
01t4w00000Nuo5YAAR,MESA ESCRITORIO + LIBRERO 3 NIVELES,Computer desk,H102112B
01t4w00000Nuo5ZAAR,MESA ESCRITORIO,Computer desk,H102113B
01t4w00000Nuo5bAAB,MESA ESCRITORIO,Computer desk,H102114B
01t4w00000Nuo5dAAB,MESA ESCRITORIO ESQUINA,Computer desk,H102115B
01t4w00000Nuo5gAAB,MESA ESCRITORIO ESQUINA,Computer desk,H102116B
01t4w00000Nuo5hAAB,SET COMEDOR 7 PIEZAS,Padova steel rope dining set of 7,G108141A
01t4w00000Nuo5jAAB,SET COMEDOR 7 PIEZAS,Valencia steel rattan dining set of 7,G108142A
01t4w00000Nuo5lAAB,SET SOFA CON COJINES 4 PIEZAS,Toronto conversation set of 4,G108143A
01t4w00000Nuo5nAAB,SET SOFA EN ESQUINA 4 PIEZAS CON COJIN,Santa Cruz alu. corner sofa set of 4,G108144A
01t4w00000Nuo5pAAB,SET SOFA EN ESQUINA 3 PIEZAS CON COJIN,Sparta steel rattan sofa set,G108145A
01t4w00000Nuo5rAAB,SILLA COMEDOR PLASTICO,Chair,H201109B
01t4w00000Nuo5tAAB,SILLA COMEDOR PLASTICO,Chair,H201110B
01t4w00000Nuo5uAAB,SILLA COMEDOR PLASTICO CON COJIN,PLASTIC DINING CHAIR WITH CUSHION,H201111B
01t4w00000Nuo5xAAB,SILLA COMEDOR PLASTICO,DINNING CHAIR,H201112B
01t4w00000Nuo5zAAB,SILLA COMEDOR PLASTICO,DINNING CHAIR,H201113B
01t4w00000Nuo63AAB,SILLA COMEDOR PLASTICO,DINNING CHAIR,H201114B
01t4w00000Nuo64AAB,SILLA COMEDOR PLASTICO,DINNING CHAIR,H201116B
01t4w00000Nuo65AAB,SILLA COMEDOR PLASTICO,DINNING CHAIR,H201115B
01t4w00000Nuo67AAB,SILLA COMEDOR TELA,FABRIC DINING CHAIR,H201117B
01t4w00000Nuo69AAB,SILLA COMEDOR PLASTICO,DINNING CHAIR,H201118B
01t4w00000Nuo6BAAR,SILLA COMEDOR TELA,FABRIC DINING CHAIR,H201119B
01t4w00000Nuo6DAAR,SILLA COMEDOR TELA,FABRIC DINING CHAIR,H201120B
01t4w00000Nuo6FAAR,SILLA COMEDOR TELA,FABRIC DINING CHAIR,H201121B
01t4w00000Nuo6HAAR,SILLA COMEDOR PLASTICO,DINNING CHAIR,H201122B
01t4w00000Nuo6JAAR,MESA AUXILIAR,SIDE TABLE,H312221B
01t4w00000Nuo6LAAR,MESA AUXILIAR,SIDE TABLE,H312222B
01t4w00000Nuo6OAAR,MESA AUXILIAR,AUXILIARY TABLE,H312223B
01t4w00000Nuo6PAAR,MESA AUXILIAR,SIDE TABLE,H312224B
01t4w00000Nuo6RAAR,MESA AUXILIAR,SIDE TABLE,H312225B
01t4w00000Nuo6TAAR,CUBETA DE HIELO,Ice bucket with embossing wave points,G403002A
01t4w00000Nuo6UAAR,CUBETA DE HIELO,Ice bucket with embossing diamonds,G403003A
01t4w00000Nuo6WAAR,CUBETA DE HIELO,Ice bucket with rope handle,G403004A
01t4w00000Nuo6YAAR,CUBETA DE HIELO,Ice bucket with rope handle and embossing lines,G403005A
01t4w00000Nuo6bAAB,MACETERO DECORATIVO HUECO,Metal shelf with 1 pc Ø16*14.5CM iron  pot,G403006A
01t4w00000Nuo6dAAB,MACETERO DECORATIVO HUECO,Metal shelf with 1 pc Ø16*15CM iron  pot,G403007A
01t4w00000Nuo6fAAB,MACETERO DECORATIVO HUECO,Metal shelf with 1 pc Ø20*20CM iron  pot,G403008A
01t4w00000Nuo6iAAB,MACETERO DECORATIVO TERRACOTA,Metal garden decor with 1 pc Ø10*9CM terracotta,G403009A
01t4w00000Nuo6kAAB,MACETERO DECORATIVO TERRACOTA,Metal garden decor with 1 pc Ø12*10.5CM terracotta,G403010A
01t4w00000Nuo6mAAB,MACETERO DECORATIVO TERRACOTA,Metal garden decor with 1 pc Ø10*9CM terracotta,G403011A
01t4w00000Nuo6nAAB,MACETERO DECORATIVO TERRACOTA,Metal garden decor with 1 pc Ø18*16CM terracotta,G403012A
01t4w00000Nuo6pAAB,MACETERO DECORATIVO,Metal garden decor with 1 pc  Ø25*15cm tin pot,G403013A
01t4w00000Nuo6rAAB,MACETERO DECORATIVO,Metal garden decor with 1 pc  Ø18*14cm tin pot,G403014A
01t4w00000Nuo6tAAB,MACETERO DECORATIVO,Metal garden decor with 1 pc  Ø22.5*16cm tin pot,G403015A
01t4w00000Nuo6vAAB,MACETERO DECORATIVO,Metal garden decor with 1 pc  Ø12.5*12cm tin pot,G403016A
01t4w00000Nuo6wAAB,MACETERO DECORATIVO,Metal shelf with 1 pc Ø10.5*10CM gold pot,G403017A
01t4w00000Nuo6xAAB,MACETERO DECORATIVO,Metal shelf with 1 pc Ø18.5*14.5CM gold pot,G403018A
01t4w00000Nuo71AAB,MACETERO DECORATIVO HUECO,Metal shelf with 1 pc Ø12*10CM gold pot,G403019A
01t4w00000Nuo73AAB,MACETERO DECORATIVO,Metal garden decor with 1 pc  Ø18*14CM tin pot,G403020A
01t4w00000Nuo75AAB,MACETERO DECORATIVO,Metal garden decor with 1 pc Ø13.5*13CM tin pot,G403021A
01t4w00000Nuo78AAB,MACETERO DECORATIVO,Metal garden decor with 1 pc Ø13.5*13CM tin pot,G403022A
01t4w00000Nuo79AAB,SET SOFAS WICKER 7 PIEZAS CON COJIN,7 pls rattan set,G108146A
01t4w00000Nuo7CAAR,SET COMEDOR ALUMINIO 7 PIEZAS,7 pcs Aluminum garden set,G108147A
01t4w00000Nuo7DAAR,COLUMPIO COLGANTE CON COJIN,STEEL HANGING CHAIR-KD,G111039A
01t4w00000Nuo7EAAR,(INACTIVO) VENTILADOR TECHO CON LED ASPAS 80W,Decorative ceiling fan,B301091C
01t4w00000Nuo7HAAR,SUCULENTA DISEÑO,Flower pot,G112087A
01t4w00000Nuo7JAAR,SET JARDIN 6 PIEZAS,6 PCS PATIO SET,G108148A
01t4w00000Nuo7LAAR,SET COMEDOR 6 PIEZAS,6 PCS PATIO SET,G108149A
01t4w00000Nuo7NAAR,COLUMPIO COLGANTE FIJO CON COJIN,Steel hanging chair fixed version,G111040A
01t4w00000Nuo7PAAR,COLUMPIO COLGANTE CON COJIN,Steel hanging chair-KD,G111041A
01t4w00000Nuo7RAAR,COLUMPIO COLGANTE CON COJIN,Steel hanging chair-KD,G111042A
01t4w00000Nuo7TAAR,GAZEBO CUADRADO,Steel pergola gazebo,G106177A
01t4w00000Nuo7VAAR,SILLA PLAYA RECLINABLE,Steel zero gravity chair,G501030A
01t4w00000Nuo7XAAR,SILLA DOBLE PLAYA,STEEL TWO PERSON GRAVITY CHAIR,G501031A
01t4w00000Nuo7ZAAR,TUMBONA PLAYA,Steel sun lounger,G111043A
01t4w00000Nuo7aAAB,SET COMEDOR 5 PIEZAS AHORRAESPACIO RATTAN CON COJINES,Steel 5pcs dining sets,G108150A
01t4w00000Nuo7dAAB,SET COMEDOR 7 PIEZAS STEEL,Steel 7pcs set,G108151A
01t4w00000Nuo7fAAB,SET BISTRO WICKER MECEDORA CON COJINES,ROCKING CHAIR SET,G108152A
01t4w00000Nuo7hAAB,SUCULENTA DISEÑO,Flower pot,G112088A
01t4w00000Nuo7jAAB,SUCULENTA HELLO,Flower pot,G112089A
01t4w00000Nuo7lAAB,SUCULENTA CARACOL,Flower pot,G112090A
01t4w00000Nuo7nAAB,SUCULENTA RANA,Flower pot,G112091A
01t4w00000Nuo7pAAB,SUCULENTA MANZANA,Flower pot,G112092A
01t4w00000Nuo7rAAB,BANCO BAR PU,BAR STOOL,H206064B
01t4w00000Nuo7tAAB,BANCO BAR PU,BAR STOOL,H206065B
01t4w00000Nuo7vAAB,BANCO BAR PU,BAR STOOL,H206066B
01t4w00000Nuo7xAAB,BANCO BAR PU,BAR STOOL,H206067B
01t4w00000Nuo7zAAB,BANCO BAR TELA,BAR STOOL,H206068B
01t4w00000Nuo81AAB,BANCO BAR TELA,BAR STOOL,H206069B
01t4w00000Nuo83AAB,BANCO BAR TELA,BAR STOOL,H206070B
01t4w00000Nuo85AAB,BANCO BAR PU,BAR STOOL,H206071B
01t4w00000Nuo87AAB,BANCO BAR PU,BAR STOOL,H206072B
01t4w00000Nuo8AAAR,BANCO BAR POLYWOOD,BAR STOOL,H206073B
01t4w00000Nuo8BAAR,BANCO BAR PP,BAR STOOL,H206074B
01t4w00000Nuo8DAAR,BANCO BAR PU,BAR STOOL,H206075B
01t4w00000Nuo8FAAR,BANCO BAR PU,BAR STOOL,H206076B
01t4w00000Nuo8HAAR,BANCO BAR PU,BAR STOOL,H206077B
01t4w00000Nuo8JAAR,BANCO BAR PU,BAR STOOL,H206078B
01t4w00000Nuo8LAAR,BANCO BAR TELA,BAR STOOL,H206079B
01t4w00000Nuo8NAAR,SOMBRILLA JARDIN 8 RIBS + LUZ LED,Alum umbrella with LED light,G106178A
01t4w00000Nuo8PAAR,BLOQUE CEMENTO 26KG PARA BASE DE SOMBRILLA,26kg Cement umbrella base,G106179A
01t4w00000Nuo8RAAR,BANCO BAR PU,BAR STOOL,H206080B
01t4w00000Nuo8TAAR,SILLA ORDENADOR,OFFICE CHAIR,H101062B
01t4w00000Nuo8VAAR,SILLA COMEDOR PLASTICO,DINING CHAIR,H201123B
01t4w00000Nuo8XAAR,SILLA COMEDOR TELA,DINING CHAIR,H201124B
01t4w00000Nuo8ZAAR,SILLA COMEDOR PLASTICO,DINING CHAIR,H201125B
01t4w00000Nuo8aAAB,SILLA COMEDOR TELA,DINING CHAIR,H201126B
01t4w00000Nuo8dAAB,SILLA COMEDOR PLASTICO,DINING CHAIR,H201127B
01t4w00000Nuo8fAAB,BANCO BAR TERCIOPELO,BAR + STOOL,H206081B
01t4w00000Nuo8hAAB,BANCO BAR TERCIOPELO,BAR STOOL,H206082B
01t4w00000Nuo8jAAB,BANCO BAR TERCIOPELO,BAR STOOL,H201128B
01t4w00000Nuo8lAAB,BANCO BAR TERCIOPELO,BAR STOOL,H206083B
01t4w00000Nuo8nAAB,BANCO BAR TERCIOPELO,BAR STOOL,H201129B
01t4w00000Nuo8pAAB,GAZEBO CUADRADO CON BARRAS BAR,GAZEBO,G106089A
01t4w00000Nuo8rAAB,SET PICNIC PLEGABLE,Aluminium table,G602037H
01t4w00000Nuo8tAAB,SET BISTRO METALICO PLEGABLE REDONDO,STEEL 3 PC PATIO SET,G108073H
01t4w00000Nuo8vAAB,SET JARDIN 6 PIEZAS,6 PCS PATIO SET,G108077H
01t4w00000Nuo8xAAB,"REGADERA 3,5L","3,5L WATERING CAN",G401105A
01t4w00000Nuo8zAAB,REGADERA 9L OVAL,9L OVAL WATERING CAN,G401106A
01t4w00000Nuo91AAB,REGADERA 9L,9L WATERING CAN,G401107A
01t4w00000Nuo94AAB,RECIPIENTE DE COMPOST 4 LITROS,STAINLESS STEEL KITCHEN COMPOST BIN,H213024B
01t4w00000Nuo96AAB,RECIPIENTE DE COMPOST 3 LITROS,KITCHEN COMPOST BIN,H213025B
01t4w00000Nuo97AAB,"RECIPIENTE DE COMPOST 1,5 LITROS",KITCHEN COMPOST BIN,H213027B
01t4w00000Nuo99AAB,RECIPIENTE DE COMPOST 3 LITROS,KITCHEN COMPOST BIN,H213026B
01t4w00000Nuo9CAAR,"RECIPIENTE DE COMPOST 1,5 LITROS",KITCHEN COMPOST BIN WITH INNER BUCKET,H213028B
01t4w00000Nuo9DAAR,RECIPIENTE DE COMPOST 6 LITROS,KITCHEN COMPOST BIN,H213029B
01t4w00000Nuo9KAAR,SET BISTRO WICKER 3 PIEZAS CON COJINES,3PCS BISTRO SET,G108153A
01t4w00000Nuo9LAAR,SET SOFA 3 PIEZAS CON COJINES,3PCS K.D. SOFA SET,G108154A
01t4w00000Nuo9OAAR,SET BISTRO RATTAN + STEEL CON COJINES,BISTRO SET,G108155A
01t4w00000Nuo9QAAR,SET COMEDOR 5 PIEZAS AHORRAESPACIO CON COJINES,DINING SET,G108156A
01t4w00000Nuo9SAAR,SALA DE PATIO WICKER EN ESQUINA 3 PIEZAS,3 PIECE CORNER WICKER PATIO SET,G108157A
01t4w00000Nuo9UAAR,SOPORTE MANGUERA,Horse Rack,G401108A
01t4w00000Nuo9WAAR,SET BISTRO 4 PIEZAS CON COJINES,4 PIECE BISTRO SET WITH CUSHIONS,G108158A
01t4w00000Nuo9YAAR,INVERNADEROS,GREEN HOUSE,G403023A
01t4w00000Nuo9aAAB,SET BISTRO WICKER CON COJINES,BISTRO SET,G108159A
01t4w00000Nuo9cAAB,SET BAR RATAN 3 PIEZAS CON COJINES,SMALL BAR SET,G108160A
01t4w00000Nuo9eAAB,INVERNADEROS 2 CAPAS,GREEN HOUSE,G401109A
01t4w00000Nuo9gAAB,INVERNADEROS 4 CAPAS,GREEN HOUSE,G401110A
01t4w00000Nuo9hAAB,INVERNADEROS 3 CAPAS,GREEN HOUSE,G401111A
01t4w00000Nuo9kAAB,SET BISTRO RATTAN 3 PIEZAS CON COJINES,BISTRO SET,G108161A
01t4w00000Nuo9mAAB,TUMBONA CON RUEDAS,SUNLOUNGER,G111044A
01t4w00000Nuo9oAAB,ORGANIZADOR DE HERRAMIENTAS,Long handle tools rack,G401112A
01t4w00000Nuo9qAAB,ORGANIZADOR DE HERRAMIENTAS,Long handle tools rack,G401113A
01t4w00000Nuo9sAAB,TUMBONA PLAYA,TUMBONA,G111045A
01t4w00000Nuo9uAAB,MACETERO DECORATIVO,Metal garden decor with 1 pc  Ø25*15cm tin pot,G403013H
01t4w00000Nuo9wAAB,MESA RESINA PLEGABLE REDONDA,5FT FOLDING HDPE ROUND TABLE,G101017A
01t4w00000Nuo9xAAB,MESA RESINA PLEGABLE REDONDA ? 4.5 cm,5FT FOLDING HDPE ROUND TABLE,
01t4w00000Nuo9yAAB,MESA RESINA PERSONAL,PERSONAL TABLE,G101025E
01t4w00000NuoA0AAJ,MESA RESINA PLEGABLE 180 CM,6 FT FOLDING HDPE TABLE,G101008E
01t4w00000NuoA2AAJ,SILLA RESINA DOBLE,FOLDING CHAIR,G101027E
01t4w00000NuoA4AAJ,"(INACTIVO) VENTILADOR SOBREMESA 7"" 25W",FAN,B301092U
01t4w00000NuoA6AAJ,"(INACTIVO) VENTILADOR SOBREMESA 7"" 25W",FAN,B301093U
01t4w00000NuoA8AAJ,PARRILLA CARBON KETTLE ROJA,RED KETTLE CHARCOAL GRILL,G301065A
01t4w00000NuoAAAAZ,PARRILLA CARBON KETTLE NEGRA XL,BLACK KETTLE CHARCOAL GRILL XL,G301066A
01t4w00000NuoADAAZ,PARRILLA CARBON BARREL SMALL,SMALL BARREL CHARCOAL GRILL,G301067A
01t4w00000NuoAGAAZ,PARRILLA CARBON MEDIO TAMBOR BM300,HALF DRUM CHARCOAL GRILL BM300,G301068A
01t4w00000NuoAIAAZ,PARRILLA CARBON MEDIO TAMBOR BM400,HALF DRUM CHARCOAL GRILL BM400,G301069A
01t4w00000NuoAJAAZ,PARRILLA CARBON MEDIO TAMBOR CON TAPA,HALF DRUM CHARCOAL GRILL WITH LID,G301070A
01t4w00000NuoAKAAZ,PARRILLA CARBON CUADRADA,SQUARE CHARCOAL GRILL,G301071A
01t4w00000NuoAMAAZ,SILLA PLASTICO INFANTIL,Kid chair,G110052A
01t4w00000NuoAOAAZ,SILLA PLASTICO INFANTIL,Kid chair,G110052Z
01t4w00000NuoAQAAZ,MESA RESINA IMITACION MADERA CUADRADA,SQUARE TABLE WITH SLAT WOODEN LOOK,G102020Z
01t4w00000NuoASAAZ,MESA RESINA IMITACION MADERA PLEGABLE MADERA,RESIN IMITATION WOOD FOLDING TABLE,G101050Z
01t4w00000NuoAVAAZ,BANCA IMITACION MADERA RESINA PLEGABLE,FOLDING BENCH,G101051Z
01t4w00000NuoAXAAZ,MESA RESINA PLEGABLE REDONDA,5FT FOLDING HDPE ROUND TABLE,G101017Z
01t4w00000NuoAYAAZ,MESA RESINA PLEGABLE REDONDA,5FT FOLDING HDPE ROUND TABLE,
01t4w00000NuoAeAAJ,COBERTIZO DE ALMACENAMIENTO,STORAGE SHED,G402003A
01t4w00000NuoAgAAJ,COBERTIZO DE ALMACENAMIENTO,STORAGE SHED,G402004A
01t4w00000NuoAiAAJ,COBERTIZO DE ALMACENAMIENTO,STORAGE SHED,G402005A
01t4w00000NuoAkAAJ,COBERTIZO DE ALMACENAMIENTO,STORAGE SHED,G402006A
01t4w00000NuoAmAAJ,COBERTIZO DE ALMACENAMIENTO,STORAGE SHED,G402007A
01t4w00000NuoAoAAJ,SILLON RECLINABLE MANUAL,RECLINER CHAIR,H311003M
01t4w00000NuoAqAAJ,GUANTES DE SOLDADURA CUERO DE YAK BLANCO,WHITE YAK LEATHER WELDING GLOVES,G402008A
01t4w00000NuoAsAAJ,GUANTES DE JARDINERÍA DE PIEL,SHEEPSKIN AND PIGSKIN GARDENING GLOVES,G402009A
01t4w00000NuoAuAAJ,GUANTES DE SOLDADURA DE PIEL,COWHIDE WELDING GLOVES,G402010A
01t4w00000NuoAwAAJ,GUANTES DE JARDINERÍA TELA FLORAL LARGA,LONG FLORAL CLOTH COWHIDE GARDEN GLOVES,G402011A
01t4w00000NuoAyAAJ,GUANTES DE JARDINERÍA TELA FLORAL CORTA,SHORT FLORAL CLOTH COWHIDE GARDEN GLOVES,G402012A
01t4w00000NuoB0AAJ,GUANTES DE PIEL,COWHIDE GLOVES,G402013A
01t4w00000NuoB2AAJ,GUANTES DE PIEL,COWHIDE GLOVES,G402014A
01t4w00000NuoB4AAJ,GUANTES DE PIEL,DRIVE GLOVES,G402015A
01t4w00000NuoB6AAJ,MESA ESCRITORIO,OFFICE DESK,H102117B
01t4w00000NuoB8AAJ,MESA ESCRITORIO,OFFICE DESK,H102118B
01t4w00000NuoBAAAZ,MESA ESCRITORIO,OFFICE DESK,H102119B
01t4w00000NuoBCAAZ,MESA ESCRITORIO + LIBRERO 2 NIVELES,DESK TABLE + 2 LEVEL BOOKCASE,H102120B
01t4w00000NuoBEAAZ,MESA ESCRITORIO,OFFICE DESK,H102121B
01t4w00000NuoBGAAZ,MESA ESCRITORIO,OFFICE DESK,H102122B
01t4w00000NuoBJAAZ,MESA ESCRITORIO,OFFICE DESK,H102123B
01t4w00000NuoBKAAZ,MESA ESCRITORIO,OFFICE DESK,H102124B
01t4w00000NuoBMAAZ,MESA ESCRITORIO,OFFICE DESK,H102125B
01t4w00000NuoBOAAZ,MESA ESCRITORIO,OFFICE DESK,H102126B
01t4w00000NuoBQAAZ,SET SOFA 4 PIEZAS CON COJIN,RATTAN SOFA SET OF 4,G108162A
01t4w00000NuoBSAAZ,SET SOFA 4 PIEZAS CON COJIN,RATTAN SOFA SET OF 4,G108163A
01t4w00000NuoBUAAZ,MESA BURO 3 CAJONES CON RUEDA,CABINET,H313052B
01t4w00000NuoBWAAZ,MESA ESCRITORIO,LAPTOP DESK,H102127B
01t4w00000NuoBZAAZ,SILLA ORDENADOR,OFFICE CHAIR,H101063B
01t4w00000NuoBaAAJ,SILLA ORDENADOR,OFFICE CHAIR,H101064B
01t4w00000NuoBcAAJ,MESA ESCRITORIO,FOLDING DESK,H102128B
01t4w00000NuoBdAAJ,ESTANTERIA 4 NIVELES,FOLDING SHELF,H314112B
01t4w00000NuoBgAAJ,MESA ESCRITORIO,COMPUTER DESK,H102132B
01t4w00000NuoBiAAJ,MESA ESCRITORIO,COMPUTER DESK,H102130B
01t4w00000NuoBjAAJ,MESA ESCRITORIO,COMPUTER DESK,H102131B
01t4w00000NuoBmAAJ,MESA ESCRITORIO,COMPUTER DESK,H102133B
01t4w00000NuoBoAAJ,MESA ESCRITORIO,COMPUTER DESK,H102134B
01t4w00000NuoBqAAJ,MESA ESCRITORIO,COMPUTER DESK,H102135B
01t4w00000NuoBsAAJ,MESA ESCRITORIO PLEGABLE,FOLDING TABLE,H102136B
01t4w00000NuoBuAAJ,MESA ESCRITORIO PLEGABLE,FOLDING TABLE,H102137B
01t4w00000NuoBwAAJ,MESA ESCRITORIO + LIBRERO 2 NIVELES,COMPUTER TABLE,H102138B
01t4w00000NuoBxAAJ,MESA ESCRITORIO,SIDE C-TABLE,H102139B
01t4w00000NuoC0AAJ,MESA ESCRITORIO,SIDE C-TABLE,H102140B
01t4w00000NuoC2AAJ,MESA ESCRITORIO,COMPUTER TABLE,H102141B
01t4w00000NuoC4AAJ,MESA ESCRITORIO,COMPUTER TABLE,H102142B
01t4w00000NuoC7AAJ,MESA ESCRITORIO CON PIZARRA,COMPUTER TABLE,H102143B
01t4w00000NuoC8AAJ,REPISA MAGICA,FLOATING WALL SHELF,H314113B
01t4w00000NuoCAAAZ,REPISA MAGICA,FLOATING WALL SHELF,H314114B
01t4w00000NuoCCAAZ,REPISA MAGICA,FLOATING WALL SHELF,H314115B
01t4w00000NuoCEAAZ,REPISA MAGICA,FLOATING WALL SHELF,H314116B
01t4w00000NuoCGAAZ,REPISA MAGICA,FLOATING WALL SHELF,H314117B
01t4w00000NuoCHAAZ,REPISA MAGICA,FLOATING WALL SHELF,H314118B
01t4w00000NuoCJAAZ,REPISA MAGICA,FLOATING WALL SHELF,H314119B
01t4w00000NuoCMAAZ,REPISA MAGICA,FLOATING WALL SHELF,H314120B
01t4w00000NuoCOAAZ,REPISA MAGICA,FLOATING WALL SHELF,H314121B
01t4w00000NuoCQAAZ,REPISA MAGICA,FLOATING WALL SHELF,H314122B
01t4w00000NuoCSAAZ,REPISA MAGICA CON ORILLA FRONTAL,FLOATING WALL SHELF,H314123B
01t4w00000NuoCUAAZ,REPISA MAGICA CON ORILLA FRONTAL,FLOATING WALL SHELF,H314124B
01t4w00000NuoCWAAZ,REPISA MAGICA CON ORILLA FRONTAL,FLOATING WALL SHELF,H314125B
01t4w00000NuoCYAAZ,REPISA MAGICA CON 1 CAJON,FLOATING WALL SHELF WITH DRAWER,H314126B
01t4w00000NuoCaAAJ,REPISA MAGICA CON 1 CAJON,FLOATING WALL SHELF WITH DRAWER,H314127B
01t4w00000NuoCcAAJ,REPISA MAGICA CON 2 CAJONES,FLOATING WALL SHELF WITH DRAWER,H314128B
01t4w00000NuoCeAAJ,REPISA MAGICA ESQUINA,FLOATING WALL SHELF,H314130B
01t4w00000NuoCgAAJ,REPISA MAGICA ESQUINA,FLOATING WALL SHELF,H314129B
01t4w00000NuoCiAAJ,REPISA MAGICA 1 NIVEL,FLOATING WALL SHELF,H314133B
01t4w00000NuoCkAAJ,REPISA MAGICA 2 NIVELES,FLOATING WALL SHELF,H314135B
01t4w00000NuoClAAJ,REPISA MAGICA PERCHERO CON ESPEJO,FLOATING WALL SHELF,H314131B
01t4w00000NuoCoAAJ,REPISA MAGICA PERCHERO CON ESPEJO,FLOATING WALL SHELF,H314132B
01t4w00000NuoCqAAJ,REPISA MAGICA 1 NIVEL,FLOATING WALL SHELF,H314134B
01t4w00000NuoCsAAJ,SET REPISAS MAGICAS 3 PIEZAS HEXAGONALES,FLOATING WALL SHELF,H314136B
01t4w00000NuoCuAAJ,SET REPISAS MAGICAS 3 PIEZAS CUBOS,FLOATING WALL SHELF,H314137B
01t4w00000NuoCwAAJ,SET REPISAS MAGICAS CASA CON PERCHAS,FLOATING WALL SHELF,H314138B
01t4w00000NuoCzAAJ,SET REPISAS MAGICAS 3 PIEZAS CUBOS,FLOATING WALL SHELF,H314139B
01t4w00000NuoD0AAJ,SET REPISAS MAGICAS 3 PIEZAS EN U,FLOATING WALL SHELF,H314143B
01t4w00000NuoD1AAJ,SET REPISAS MAGICAS 3 PIEZAS CIRCULOS,FLOATING WALL SHELF,H314140B
01t4w00000NuoD3AAJ,SET REPISAS MAGICAS 2 PIEZAS HEXAGONALES CON PERCHA,FLOATING WALL SHELF,H314141B
01t4w00000NuoD5AAJ,REPISA MAGICA CON BARRA,FLOATING WALL SHELF,H314142B
01t4w00000NuoD8AAJ,REPISA MAGICA CRUZ,FLOATING WALL SHELF,H314144B
01t4w00000NuoDAAAZ,REPISA MAGICA CUADRADOS,FLOATING WALL SHELF,H314145B
01t4w00000NuoDCAAZ,REPISA MAGICA 2 NIVELES,FLOATING WALL SHELF,H314146B
01t4w00000NuoDFAAZ,REPISA MAGICA 3 NIVELES,FLOATING WALL SHELF,H314147B
01t4w00000NuoDHAAZ,REPISA MAGICA 4 NIVELES,FLOATING WALL SHELF,H314148B
01t4w00000NuoDJAAZ,REPISA MAGICA 5 NIVELES,FLOATING WALL SHELF,H314149B
01t4w00000NuoDKAAZ,SOFA CAMA,MULTIFUNCTIONAL SOFA,H309072B
01t4w00000NuoDMAAZ,SOFA CAMA,SOFA BED,H309073B
01t4w00000NuoDOAAZ,SOFA CAMA,SOFA BED,H309075B
01t4w00000NuoDQAAZ,SOFA CAMA,SOFA BED,H309074B
01t4w00000NuoDTAAZ,SOFA CAMA,SOFA BED,H309076B
01t4w00000NuoDUAAZ,SOFA 1 PLAZA,SOFA,H309077B
01t4w00000NuoDWAAZ,SOFA 2 PLAZAS,SOFA,H309078B
01t4w00000NuoDZAAZ,SOFA 3 PLAZAS,SOFA,H309079B
01t4w00000NuoDaAAJ,SOFA 1 PLAZA,SOFA,H309080B
01t4w00000NuoDcAAJ,SOFA 2 PLAZAS,SOFA,H309081B
01t4w00000NuoDeAAJ,SOFA 3 PLAZAS,SOFA,H309082B
01t4w00000NuoDgAAJ,SOFA TELA,SOFA,H309083B
01t4w00000NuoDiAAJ,SOFA 2 PLAZAS,SOFA,H309084B
01t4w00000NuoDkAAJ,SOFA 2 PLAZAS CON 1 COJIN,SOFA,H309085B
01t4w00000NuoDnAAJ,SOFA 2 PLAZAS CON 1 COJIN,SOFA,H309086B
01t4w00000NuoDoAAJ,SOFA 2 PLAZAS,SOFA,H309087B
01t4w00000NuoDrAAJ,SOFA 3 PLAZAS,SOFA,H309088B
01t4w00000NuoDsAAJ,SOFA 1 PLAZA,SOFA,H309089B
01t4w00000NuoDuAAJ,SOFA 2 PLAZAS CON 1 COJIN,SOFA,H309090B
01t4w00000NuoDxAAJ,SOFA 3 PLAZAS CON 2 COJINES,SOFA,H309091B
01t4w00000NuoDzAAJ,SOFA 2 PLAZAS CON 2 ALMOHADAS PALILLOS,SOFA,H309093B
01t4w00000NuoE1AAJ,SOFA 2 PLAZAS CON 2 ALMOHADAS PALILLOS,SOFA,H309092B
01t4w00000NuoE2AAJ,SOFA PLASTICO,SOFA,H309094B
01t4w00000NuoE4AAJ,SOFA 1 PLAZA,SOFA,H309095B
01t4w00000NuoE6AAJ,SOFA 2 PLAZAS,SOFA,H309096B
01t4w00000NuoE7AAJ,SOFA RECLINABLE CON ALMACENAJE,CHAISE SOFA WITH STORAGE,H309098B
01t4w00000NuoE9AAJ,SOFA SECCIONAL CON ALMACENAJE,SECTIONAL SOFA,H309097B
01t4w00000NuoECAAZ,SOFA INDIVIDUAL CON ALMACENAJE,SOFA,H309099B
01t4w00000NuoEGAAZ,TUMBONA PP,TUMBONA,G111008F
01t4w00000NuoEIAAZ,SET INFANTIL 3 PIEZAS,CHILDREN SET: 1 CHILDREN TABLE 50*50CM + 2 CHILDREN CHAIRS,G108056F
01t4w00000NuoEKAAZ,SILLON ARINDORAK PLASTICO WICKER,SILLA ARINDORAK WICKER,G110013F
01t4w00000NuoEMAAZ,SET MESA + 2 BANCOS RESINA PLEGABLE,3PCS BEER TABLE SET,G101041E
01t4w00000NuoEOAAZ,BANCA RESINA PLEGABLE ? 4.5 cm,FOLDING BENCH ? 4.5 cm,G101029Y
01t4w00000NuoEQAAZ,SILLA PLEGABLE DOBLE,FOLDING HDPE CHAIR,G101003Y
01t4w00000NuoESAAZ,MESA RESINA PERSONAL,FOLDING HDPE PERSONAL TABLE ADJUSTABLE,G101018Y
01t4w00000NuoEUAAZ,MESA RESINA IMITACION MADERA PLEGABLE,PLASTIC FOLDING TABLE WITH WOODEN LOOK,G102022Y
01t4w00000NuoEWAAZ,MESA RESINA PLEGABLE 180 CM,6 FT FOLDING HDPE TABLE,G101008Y
01t4w00000NuoEYAAZ,SILLA RESINA DOBLE,FOLDING CHAIR,G101027Y
01t4w00000NuoEaAAJ,SILLA RESINA IMITACION RATAN,FOLDING PLASTIC CHAIR,G102012Y
01t4w00000NuoEcAAJ,MESA RESINA PERSONAL,PERSONAL TABLE,G101025Y
01t4w00000NuoEfAAJ,BANDEJA LAPTOP,LAPTOP TABLE,H104060T
01t4w00000NuoEhAAJ,REPISA MAGICA CUBO DIVISIONES,Square Shelf,H314045T
01t4w00000NuoEjAAJ,ESTANTERIA ZAPATOS INFANTIL,WHITE MERMAID GIRL SHELF,H104061T
01t4w00000NuoElAAJ,ESTANTERIA ZAPATOS INFANTIL,GREEN SPACE BOY SHELF,H104013T
01t4w00000NuoEnAAJ,ORGANIZADOR ESCRITORIO 2 CAJONES BAMBÚ,ORGANIZER BOX,H104073T
01t4w00000NuoEpAAJ,MESA ESCRITORIO PLEGABLE,FOLDING TABLE,H102136T
01t4w00000NuoErAAJ,SILLA COMEDOR PLASTICO,CHAIR,H201035T
01t4w00000NuoEtAAJ,CARRITO ORGANIZADOR COCINA 3 NIVELES,KITCHEN ORGANIZER CART 3 LEVELS,H209024T
01t4w00000NuoEvAAJ,ESTANTERIA METALICA 5 NIVELES,METALIC SHELF,H405130T
01t4w00000NuoExAAJ,PERCHERO PARA BOTELLAS DE AGUA,WATER BOTTLE RACK,H406038A
01t4w00000NuoEzAAJ,PERCHERO PARA BOTELLAS DE AGUA,WATER BOTTLE RACK,H406038T
01t4w00000NuoF1AAJ,SILLA COMEDOR TELA ACOLCHADA,CHAIR,H201057T
01t4w00000NuoF3AAJ,BANCO BAR GERONA,BAR STOOL,H206044T
01t4w00000NuoF5AAJ,BAÚL JUGUETES INFANTIL,GIRL TOY BOX,H104062T
01t4w00000NuoF7AAJ,BAÚL JUGUETES INFANTIL,GIRL TOY BOX,H104054T
01t4w00000NuoF9AAJ,SILLA COMEDOR PLASTICO,DINING CHAIR,H201127T
01t4w00000NuoFBAAZ,SILLA COMEDOR TELA,DINING CHAIR,H201124T
01t4w00000NuoFDAAZ,BANCO BAR TELA,BAR STOOL,H206069T
01t4w00000NuoFFAAZ,SILLA GAMING,GAMING CHAIR,H101030T
01t4w00000NuoFHAAZ,BANCO BAR TELA,BAR STOOL,H206070T
01t4w00000NuoFJAAZ,MESA ESCRITORIO,COMPUTER DESK,H102028T
01t4w00000NuoFLAAZ,MESA ESCRITORIO + LIBRERO 2 NIVELES,COMPUTER DESK,H102025T
01t4w00000NuoFNAAZ,SILLA COMEDOR TELA,FABRIC DINING CHAIR,H201085T
01t4w00000NuoFPAAZ,SILLA ORDENADOR,HOME CHAIR,H101034T
01t4w00000NuoFRAAZ,SILLON TELA,SOFA,H311040T
01t4w00000NuoFTAAZ,SET COMEDOR MDF + 4 SILLAS,DINING SET,H210041T
01t4w00000NuoFVAAZ,SILLON TELA,SOFA,H311039T
01t4w00000NuoFXAAZ,SOFA CAMA,SOFA BED,H309026T
01t4w00000NuoFZAAZ,SOFA SECCIONAL CHESLONG,SECTIONAL CHESLONG SOFA,H309033T
01t4w00000NuoFbAAJ,RADIADOR ACEITE 2000W CON RUEDAS,2000W OIL RADIATOR WITH WHEELS,B302097C
01t4w00000NuoFeAAJ,CARRITO AUXILIAR METALICO PLEGABLE 3 NIVELES,FOLDING AUXILIARY CART 3 LEVELS,H212016B
01t4w00000NuoFgAAJ,CARRITO AUXILIAR METALICO PLEGABLE 3 NIVELES,FULL METAL FOLDING SHELF WITHOUT PULLER,H212017B
01t4w00000NuoFiAAJ,CARRITO AUXILIAR METALICO 3 NIVELES,TROLLEY,H212018B
01t4w00000NuoFkAAJ,CARRITO AUXILIAR METALICO 3 NIVELES,AUXILIARY CART 3 LEVELS,H212019B
01t4w00000NuoFmAAJ,SILLA ORDENADOR,HOME CHAIR,H101065T
01t4w00000NuoFoAAJ,SILLA GAMING,GAMING CHAIR,H101066T
01t4w00000NuoFrAAJ,ORGANIZADOR ZAPATOS 3 NIVELES,3-TIER SHOE RACK,H406053B
01t4w00000NuoFtAAJ,ORGANIZADOR ZAPATOS 2 NIVELES,FULL METAL SHOE RACK,H406054B
01t4w00000NuoFvAAJ,ESTANTERIA 4 NIVELES,STORAGE SHELF,H314150B
01t4w00000NuoFxAAJ,"MESA RESINA PLEGABLE ? 4,5 cm",KIDS TABLE,G101056E
01t4w00000NuoFzAAJ,APARADOR 3 CAJONES,3 DRAWER SIDEBOARD,H312226F
01t4w00000NuoG1AAJ,APARADOR 3 CAJONES,3 DRAWER SIDEBOARD,H312227F
01t4w00000NuoG3AAJ,APARADOR 3 CAJONES,3 DRAWER SIDEBOARD,H312228F
01t4w00000NuoG7AAJ,APARADOR 5 CAJONES,5 DRAWER SIDEBOARD,H312229F
01t4w00000NuoG9AAJ,APARADOR 4 CAJONES,4 DRAWER SIDEBOARD,H312230F
01t4w00000NuoGBAAZ,APARADOR 3 CAJONES,3 DRAWER SIDEBOARD,H312231F
01t4w00000NuoGCAAZ,APARADOR 5 CAJONES,5 DRAWER SIDEBOARD,H312233F
01t4w00000NuoGEAAZ,SILLA COMEDOR PLASTICO,PP KIDS CHAIR,H201130F
01t4w00000NuoGFAAZ,APARADOR 4 CAJONES + 3 HUECOS,SIDEBOARD 4 DRAWERS + 3 HOLES,H312232F
01t4w00000NuoGHAAZ,SET INFANTIL PLEGABLE 4 PIEZAS,4 PIECE FOLDING CHILDREN'S SET,G108164A
01t4w00000NuoGOAAZ,SET MESA DE DIBUJO CON SILLA INFANTIL,DESK&CHAIR SET,H105051B
01t4w00000NuoGQAAZ,MINIBAR TERMOELECTRICO 40L,THERMOELECTRICAL MINIBAR,H406055B
01t4w00000NuoGSAAZ,MINIBAR ABSORCION 32L,HOTEL MINIBAR,H406056B
01t4w00000NuoGUAAZ,MINIBAR ABSORCION 32L PUERTA CRISTAL,HOTEL MINIBAR,H406057B
01t4w00000NuoGWAAZ,ASADOR CARBON CUADRADO,SQUARE CHARCOAL GRILL,G301072A
01t4w00000NuoGYAAZ,ASADOR CARBON CUADRADO,SQUARE CHARCOAL GRILL,G301073A
01t4w00000NuoGlAAJ,SOMBRILLA PLAYA,BEACH UMBRELLA,G201019A
01t4w00000NuoGnAAJ,TABURETE AUXILIAR DE ALMACENAMIENTO NAPA,NAPA STORAGE BOX,G403024A
01t4w00000NuoGpAAJ,TABURETE AUXILIAR DE ALMACENAMIENTO PORTOLA,PORTOLA STORAGE BOX,G403025A
01t4w00000NuoGrAAJ,TABURETE AUXILIAR DE ALMACENAMIENTO TAHAMA,TAHAMA STORAGE BOX,G403026A
01t4w00000NuoGtAAJ,TABURETE AUXILIAR DE ALMACENAMIENTO MELODIA,MELODIA GARDEN STOOL,G110053A
01t4w00000NuoGvAAJ,BAUL ALMACENAJE PP,SONAMA STORAGE BOX,G110054A
01t4w00000NuoGxAAJ,TABURETE AUXILIAR HIELERA SONOMA,SONOMA COOL BOX,G110055A
01t4w00000NuoGzAAJ,CARRITO APOYO HIELERA JULMA,JULMA SERVING CART,G109030A
01t4w00000NuoH1AAJ,SILLON ADIRONDACK PP,ROCA ADIRONDACK CHAIR,G110056A
01t4w00000NuoH3AAJ,SILLON ADIRONDACK PP,DANA CHAIR,G110057A
01t4w00000NuoH5AAJ,PIZARRA INFANTIL CON ALMACENAJE,CHILDREN'S BLACKBOARD,H105008G
01t4w00000NuoH6AAJ,PIZARRA INFANTIL CON ALMACENAJE,CHILDREN'S BLACKBOARD,
01t4w00000NuoH7AAJ,ESTANTERIA CRAYON INFANTIL,SHELF,H104064G
01t4w00000NuoH9AAJ,ESTANTERIA CRAYON INFANTIL,SHELF,H104065G
01t4w00000NuoHBAAZ,PIZARRA INFANTIL,CHILDREN'S BLACKBOARD,H104067G
01t4w00000NuoHDAAZ,PIZARRA INFANTIL CON ALMACENAJE,CHILDREN'S BLACKBOARD,H105052G
01t4w00000NuoHEAAZ,PIZARRA INFANTIL CON ALMACENAJE,CHILDREN'S BLACKBOARD,
01t4w00000NuoHFAAZ,SOFA CAMA,SOFA,H309054I
01t4w00000NuoHHAAZ,GAZEBO RECTANGULAR TOLDO RETRACTIL,RECTANGULAR GAZEBO RETRACTABLE AWNING,G106113F
01t4w00000NuoHJAAZ,GAZEBO RECTANGULAR TOLDO RETRACTIL,RECTANGULAR GAZEBO RETRACTABLE AWNING,G106096F
01t4w00000NuoHLAAZ,SET BISTRO WICKER GIRATORIO CON COJINES,BISTRO SET WICKER WITH CUSHION,G108051F
01t4w00000NuoHNAAZ,SET BISTRO ROPE 3PIEZAS,Padova steel rope chair set of 3,G108080F
01t4w00000NuoHPAAZ,SET BISTRO TEXTILENO CON COJINES,BISTRO SET,G104153F
01t4w00000NuoHRAAZ,SET BISTRO WICKER MECEDORA CON COJINES,BISTRO SET WICKER WITH CUSHION,G108047F
01t4w00000NuoHTAAZ,SET COMEDOR 3 PIEZAS AHORRA ESPACIO WICKER CON COJIN,Ribe steel rattan set of 3,G108094F
01t4w00000NuoHVAAZ,SET MESA BAR + 2 TABURETES,SET BAR,G108074F
01t4w00000NuoHXAAZ,SET COMEDOR WICKER CON COJIN,Tanis steel rattan dinging set of 4,G108089F
01t4w00000NuoHZAAZ,SET COMEDOR 7 PIEZAS,Padova steel rope dining set of 7,G108141F
01t4w00000NuoHbAAJ,SILLA COMEDOR RATTAN,STEEL PE Rattan Chair,G110007F
01t4w00000NuoHdAAJ,SILLA COMEDOR RATTAN,STEEL PE Rattan Chair,G110008F
01t4w00000NuoHfAAJ,SILLA COMEDOR RATTAN CON COJIN,STEEL Rope Chair,G110023F
01t4w00000NuoHhAAJ,SILLA DE TERRAZA,Terrace Chair,G110048F
01t4w00000NuoHjAAJ,HAMACA MADERA CON TELA POLIESTER,DECK CHAIR WITH POLYESTER FABRIC,G105017F
01t4w00000NuoHlAAJ,HAMACA MADERA INFANTIL CON TELA,CHILDREN DECK CHAIR,G111015F
01t4w00000NuoHnAAJ,TUMBONA PLAYA,TUMBONA,G111045F
01t4w00000NuoHpAAJ,CARRITO APOYO REDONDO,Lund round trolley,G109025F
01t4w00000NuoHrAAJ,LAMPARA SOLAR DE RATAN,Solar Rattan Light(69CM),G112041F
01t4w00000NuoHtAAJ,FUENTE ACABADO PIEDRA,Stone finish water fountain,G112006F
01t4w00000NuoHvAAJ,SILLA COMEDOR RATTAN,RATTAN DINING CHAIR,G110058A
01t4w00000NuoHyAAJ,SET SILLAS INFANTIL CON SOMBRILLA,KIDS PATIO SET,G107011A
01t4w00000NuoI0AAJ,SET SILLAS INFANTIL CON SOMBRILLA,KIDS PATIO SET,G201011A
01t4w00000NuoI2AAJ,ASADOR CARBON PORTATIL,BBQ GRILL,G205051A
01t4w00000NuoI4AAJ,SILLA INFANTIL PLASTICO,CHILDREN PLASTIC CHAIR,H105005B
01t4w00000NuoI5AAJ,SILLA INFANTIL PLASTICO,CHILDREN PLASTIC CHAIR,
01t4w00000NuoI6AAJ,MANGUERA EXPANDIBLE 15 MT C/PISTOLA 7 FUNCIONES,EXPANDABLE HOSE 15 MT WITH GUN 7 FUNCTIONS,G206038A
01t4w00000NuoI8AAJ,CARRO JARDIN PLEGABLE,FOLDING WAGON,G208001A
01t4w00000NuoIAAAZ,MACETERO DECORATIVO CASITA 2 MACETAS,DECORATIVE PLANTER HOME 2 POTS,G209001A
01t4w00000NuoICAAZ,MACETERO DECORATIVO CASITA 1 MACETA CON CHIMENEA,DECORATIVE PLANTER HOME 1 POT WITH FIREPLACE,G209024A
01t4w00000NuoIEAAZ,PUF INFANTIL CONEJO,KID OTTOMAN,H104044B
01t4w00000NuoIGAAZ,SILLA INFANTIL PLASTICO,CHILDREN PLASTIC CHAIR,H105001B
01t4w00000NuoIHAAZ,SILLA INFANTIL PLASTICO,CHILDREN PLASTIC CHAIR,
01t4w00000NuoIIAAZ,SILLA INFANTIL PLASTICO,CHILDREN PLASTIC CHAIR,H105002B
01t4w00000NuoIJAAZ,SILLA INFANTIL PLASTICO,CHILDREN PLASTIC CHAIR,
01t4w00000NuoIKAAZ,SILLA INFANTIL PLASTICO,CHILDREN PLASTIC CHAIR,H105003B
01t4w00000NuoILAAZ,SILLA INFANTIL PLASTICO,CHILDREN PLASTIC CHAIR,
01t4w00000NuoIMAAZ,SILLA INFANTIL PLASTICO,CHILDREN PLASTIC CHAIR,H105004B
01t4w00000NuoINAAZ,SILLA INFANTIL PLASTICO,CHILDREN PLASTIC CHAIR,
01t4w00000NuoIOAAZ,JUGUETERO 9 CAJONES DE TELA INFANTIL,GIRL STORAGE WITH NINE BINS,H105006B
01t4w00000NuoIPAAZ,JUGUETERO 9 CAJONES DE TELA INFANTIL,GIRL STORAGE WITH NINE BINS,
01t4w00000NuoIQAAZ,JUGUETERO 9 CAJONES DE TELA INFANTIL,ROBOT STORAGE WITH NINE BINS,H105007B
01t4w00000NuoIRAAZ,JUGUETERO 9 CAJONES DE TELA INFANTIL,ROBOT STORAGE WITH NINE BINS,
01t4w00000NuoISAAZ,PIZARRA INFANTIL CON ALMACENAJE,CHILDREN'S BLACKBOARD,H105008B
01t4w00000NuoITAAZ,PIZARRA INFANTIL CON ALMACENAJE,CHILDREN'S BLACKBOARD,
01t4w00000NuoIUAAZ,PELDAÑO INFANTIL,CHILDREN'S STEP,H105018B
01t4w00000NuoIWAAZ,PELDAÑO INFANTIL,CHILDREN'S STEP,H105019B
01t4w00000NuoIYAAZ,BANDEJA LAPTOP,LAPTOP TABLE,H405135B
01t4w00000NuoIaAAJ,MANGUERA EXPANDIBLE 15+15 MT C/PISTOLA 7 FUNCIONES,7 SPRAY PATTERN NOZZLE AND VALVE + 2 PCS 50 FT HOSE CONNECTED,G206001A
01t4w00000NuoIbAAJ,MESA ESCRITORIO + LIBRERO 3 NIVELES,Computer desk,H102112I
01t4w00000NuoIdAAJ,MESA ESCRITORIO,OFFICE DESK,H102123I
01t4w00000NuoIfAAJ,REPISA METALICA CON MADERA,wall shelf,H314092I
01t4w00000NuoIhAAJ,SET BISTRO PLASTICO 3 PIEZAS CON ALMACENAMIENTO,TEKAPO BALCONY CHAIR,G108165A
01t4w00000NuoIjAAJ,BAUL ALMACENAJE PP,PRAIA STORAGE BOX,G110059A
01t4w00000NuoIlAAJ,SILLA COMEDOR PLASTICO,DINNING CHAIR,H201131B
01t4w00000NuoInAAJ,SILLA COMEDOR PLASTICO,DINNING CHAIR,H201132B
01t4w00000NuoIpAAJ,SILLA ORDENADOR,OFFICE CHAIR,H101067B
01t4w00000NuoIrAAJ,SET BISTRO PLASTICO 3 PIEZAS CON ALMACENAMIENTO,SICILY BALCONY SET Model:138+220,G108166A
01t4w00000NuoItAAJ,SET BISTRO PLASTICO 3 PIEZAS CON ALMACENAMIENTO,CAMILA BALCONY SET Model: 280+220,G108167A
01t4w00000NuoIvAAJ,SET BISTRO 4 PIEZAS CON COJINES,BOBOLI GARDEN SET. Model:1712311,G108168A
01t4w00000NuoIxAAJ,SALA DE PATIO PP 4 PIEZAS,HARPNER STORAGE SOFA,G108169A
01t4w00000NuoIzAAJ,SALA DE PATIO PP 4 PIEZAS,BONDI RATTAN SOFA SET,G108170A
01t4w00000NuoJ3AAJ,SALA DE PATIO PP 4 PIEZAS,VIENNA LOUNGE,G108171A
01t4w00000NuoJ4AAJ,BAUL ALMACENAJE PP,VISTA STORAGE BOX,G110060A
01t4w00000NuoJ6AAJ,BAUL ALMACENAJE PP CON RUEDAS,ALISA STORAGE BOX,G110061A
01t4w00000NuoJ7AAJ,SALA DE PATIO PP 4 PIEZAS,VIENNA LOUNGE,G108171M
01t4w00000NuoJ9AAJ,SALA DE PATIO WICKER 7 PIEZAS CON COJINES,DINING SET 7 SEATER,G104135A
01t4w00000NuoJBAAZ,SET BISTRO ACACIA PLEGABLE,BALCONY SET,G104140A
01t4w00000NuoJDAAZ,PLATO HIERRO BBQ,CAST IRON PLATE,G205036A
01t4w00000NuoJFAAZ,BANCO BAR TELA,BAR STOOL,H206054F
01t4w00000NuoJHAAZ,MECEDORA RECLINABLE CON PUF,GLIDER WITH RECLINER,H313053Y
01t4w00000NuoJIAAZ,"HORNILLO A GAS 2,1 KW CON HOJA DE CALOR",2.1 KW GAS STOVE WITH HEAT BLADE,G603030A
01t4w00000NuoJKAAZ,"HORNILLO A GAS 2,1 KW",GAS STOVE 2.1 KW,G603031A
01t4w00000NuoJMAAZ,ASADOR CARBON CUADRADO PLEGABLE,"18,5"" FOLDABLE BBQ GRILL",G301074H
01t4w00000NuoJNAAZ,ASADOR CARBON CUADRADO PLEGABLE,"18,5"" FOLDABLE BBQ GRILL",G301075H
01t4w00000NuoJOAAZ,ASADOR CARBON CUADRADO PLEGABLE,"18,5"" FOLDABLE BBQ GRILL",G301076H
01t4w00000NuoJPAAZ,ASADOR CARBON CUADRADO PLEGABLE,"18,5"" FOLDABLE BBQ GRILL",G301077H
01t4w00000NuoJQAAZ,ASADOR CARBON CUADRADO PLEGABLE PDQ,"18.5"" FOLDING CHARCOAL GRILL",G301078A
01t4w00000NuoJSAAZ,CUNA,CRADLE,H313054B
01t4w00000NuoJUAAZ,CUNA,CRADLE,H313055B
01t4w00000NuoJVAAZ,CUNA,CRADLE,H313056B
01t4w00000NuoJWAAZ,CUNA CON APARADOR,CRADLE WITH SIDEBOARD,H313061B
01t4w00000NuoJZAAZ,CUNA,CRADLE,H313057B
01t4w00000NuoJcAAJ,CUNA CAMA,CRADLE BED,H313059B
01t4w00000NuoJdAAJ,CUNA CAMA,CRADLE BED,H313058B
01t4w00000NuoJfAAJ,CUNA CON ESTANTERIA,CRADLE WITH SHELF,H313060B
01t4w00000NuoJiAAJ,CUNA CON APARADOR,CRADLE WITH SIDEBOARD,H313062B
01t4w00000NuoJkAAJ,CUNA CON APARADOR,CRADLE,H313063B
01t4w00000NuoJmAAJ,CUBO DE BASURA GALA,GALA TRASH CAN,G110062A
01t4w00000NuoJoAAJ,CUBO DE BASURA DOBLE GALA,GALA DOUBLE-BUCKET TRASH CAN,G110063A
01t4w00000NuoJqAAJ,TABLA DE PLANCHAR SOBREMESA,Tabletop Metal Mesh Ironing Board,H404094B
01t4w00000NuoJtAAJ,TABLA DE PLANCHAR SOBREMESA,Tabletop Metal Mesh Ironing Board,H404095B
01t4w00000NuoJvAAJ,SET SOFAS ROPE 4 PIEZAS CON COJINES,S/4-SOFA SET,G108172A
01t4w00000NuoJxAAJ,TABLA DE PLANCHAR SOBREMESA,Tabletop Metal Mesh Ironing Board,H404096B
01t4w00000NuoJzAAJ,SET SOFAS ROPE 4 PIEZAS CON COJINES,S/4-SOFA SET,G108173A
01t4w00000NuoK3AAJ,TABLA DE PLANCHAR,Metal Mesh Ironing Board,H404097B
01t4w00000NuoK4AAJ,TABLA DE PLANCHAR,Mesh ironing board,H404098B
01t4w00000NuoK7AAJ,SET SOFAS PE RATTAN 4 PIEZAS CON COJINES,S/4-SOFA SET,G108174A
01t4w00000NuoK8AAJ,SET SOFAS ROPE 4 PIEZAS CON COJINES,S/4-SOFA SET,G108175A
01t4w00000NuoK9AAJ,TABLA DE PLANCHAR,Mesh ironing board,H404099B
01t4w00000NuoKAAAZ,TABLA DE PLANCHAR,Mesh ironing board,H404100B
01t4w00000NuoKCAAZ,SET JARDIN 7 PIEZAS,TABLE SET- 6 CHAIRS + 1 TABLE,G108176A
01t4w00000NuoKEAAZ,TABLA DE PLANCHAR,Mesh ironing board with clothes shelf,H404101B
01t4w00000NuoKFAAZ,TABLA DE PLANCHAR,Mesh ironing board,H404102B
01t4w00000NuoKIAAZ,SET COMEDOR 7 PIEZAS,DINING SET,G108177A
01t4w00000NuoKKAAZ,SILLA COMEDOR MADERA PLASTICA,DINNING CHAIR,G110064A
01t4w00000NuoKLAAZ,SILLA COMEDOR PE RATTAN,DINNING CHAIR,G110065A
01t4w00000NuoKPAAZ,SET COMEDOR 5 PIEZAS,DINING SET,G108178A
01t4w00000NuoKQAAZ,SET JARDIN 5 PIEZAS,GARDEN SET,G108179A
01t4w00000NuoKSAAZ,SET BISTRO PE RATTAN 3 PIEZAS,BISTRO SET,G108180A
01t4w00000NuoKUAAZ,SILLA COMEDOR PE RATTAN,DINNING CHAIR,G110066A
01t4w00000NuoKWAAZ,SILLA COMEDOR PE RATTAN,DINNING CHAIR,G110067A
01t4w00000NuoKXAAZ,SILLA COMEDOR PE RATTAN,DINNING CHAIR,G110069A
01t4w00000NuoKaAAJ,SILLA COMEDOR PE RATTAN,DINNING CHAIR,G110068A
01t4w00000NuoKcAAJ,SILLA COMEDOR PE RATTAN,DINNING CHAIR,G110070A
01t4w00000NuoKeAAJ,BANCO BAR PE RATAN,PE RATAN BAR STOOL,G110071A
01t4w00000NuoKgAAJ,(INACTIVO) SILLA COMEDOR ROPE,DINNING CHAIR,G110072A
01t4w00000NuoKiAAJ,SALA DE PATIO ROPE 7 PIEZAS CON COJINES,PATIO SET ROPE 7 PIECES WITH CUSHIONS,G108182A
01t4w00000NuoKkAAJ,SET SOFAS 4 PIEZAS CON COJINES,SOFA SET,G108181A
01t4w00000NuoKmAAJ,SET BISTRO PE RATTAN 2 PIEZAS,BISTRO SET,G108183A
01t4w00000NuoKoAAJ,TABLA DE PLANCHAR,Mesh ironing board,H404103B
01t4w00000NuoKqAAJ,TABLA DE PLANCHAR,Mesh ironing board,H404104B
01t4w00000NuoKsAAJ,TABLA DE PLANCHAR,Mesh ironing board,H404105B
01t4w00000NuoKuAAJ,SET BISTRO PLASTICO 3 PIEZAS CON ALMACENAMIENTO,SICILY BALCONY SET Model:138+220,G108166Q
01t4w00000NuoKwAAJ,COBERTIZO DE ALMACENAMIENTO,TENT PROOF METAL SHED,G402016A
01t4w00000NuoKyAAJ,COBERTIZO DE ALMACENAMIENTO,STORAGE SHED,G402017A
01t4w00000NuoL0AAJ,BAUL ALMACENAJE PP,PP STORAGE TRUNK,G110073A
01t4w00000NuoL3AAJ,(INACTIVO) VENTILADOR SOBREMESA,TABLE FAN,B301094C
01t4w00000NuoL5AAJ,(INACTIVO) VENTILADOR CLIP,CLIP FAN,B301095C
01t4w00000NuoL7AAJ,(INACTIVO) VENTILADOR PISO & SOBREMESA,FLOOR & TABLE FAN,B301096C
01t4w00000NuoL9AAJ,(INACTIVO) VENTILADOR SOBREMESA AJUSTABLE,ADJUSTABLE DESKTOP FAN,B301097C
01t4w00000NuoLBAAZ,VENTILADOR TORRE,TOWER FAN,B301098C
01t4w00000NuoLDAAZ,"(INACTIVO) VENTILADOR TORRE 41"" 60W","TOWER FAN 41"" 60W",B301099C
01t4w00000NuoLFAAZ,MESA RESINA PLEGABLE ? 3.5 cm,FOLDING TABLE,G101042H
01t4w00000NuoLHAAZ,MESA RESINA PLEGABLE ? 3.5 cm,FOLDING TABLE,G101039H
01t4w00000NuoLJAAZ,MESA RESINA PLEGABLE ? 3.5 cm,FOLDING TABLE,G101057H
01t4w00000NuoLLAAZ,MESA RESINA PLEGABLE ? 3.5 cm,FOLDING TABLE,G101058H
01t4w00000NuoLNAAZ,"VENTILADOR DE TORRE DE 40"", CONTROL REMOTO","TOWER FAN 40"", REMOTE CONTROL",B301100C
01t4w00000NuoLPAAZ,"VENTILADOR TORRE 31"" 50W","TOWER FAN 31"" 50W",B301101C
01t4w00000NuoLRAAZ,"VENTILADOR TORRE 31"" 50W","TOWER FAN 31"" 50W",B301102C
01t4w00000NuoLUAAZ,"VENTILADOR DE ESCRITORIO DE 8"", CON ASA","DESK FAN 8"", WITH HANDLE",B301103C
01t4w00000NuoLVAAZ,VENTILADOR SOBREMESA 100W,100W DESKTOP FAN,B301104C
01t4w00000NuoLXAAZ,SALA DE PATIO PP 4 PIEZAS,BONDI RATTAN SOFA SET,G108170Q
01t4w00000NuoLZAAZ,GAZEBO CUADRADO,SQUARE GAZEBO,G106174T
01t4w00000NuoLbAAJ,SILLA COMEDOR PE RATTAN,DINNING CHAIR,G110066T
01t4w00000NuoLdAAJ,SILLA COMEDOR CUERDA CON COJIN,STEEL PE Rattan Chair,G110005T
01t4w00000NuoLfAAJ,SILLA COMEDOR ACERO CON COJIN,STEEL CHAIR WITH CUSHION,G110009T
01t4w00000NuoLhAAJ,SET BISTRO TEXTILENO CON COJINES,BISTRO SET,G104153T
01t4w00000NuoLjAAJ,SET SOFAS ROPE 4 PIEZAS CON COJINES,S/4-SOFA SET,G108172T
01t4w00000NuoLlAAJ,SALA DE PATIO RATAN 3 PIEZAS,Rattan sofa set,G108099T
01t4w00000NuoLnAAJ,SET COMEDOR 5 PIEZAS,Rattan KD Dining Set,G108102T
01t4w00000NuoLpAAJ,SET COMEDOR 7 PIEZAS ALUMINIO CON COJINES,"Garden Set (6pcs Chairs, 1pc Table )",G108025T
01t4w00000NuoLrAAJ,SET COMEDOR 6 PIEZAS,6 PCS PATIO SET,G108149T
01t4w00000NuoLtAAJ,"MESA RESINA PLEGABLE ? 4,5 cm",KIDS TABLE,G101056T
01t4w00000NuoLvAAJ,MESA RESINA IMITACION MADERA PLEGABLE,PLASTIC FOLDING TABLE WITH WOODEN LOOK,G102022T
01t4w00000NuoLyAAJ,COLUMPIO BALACIN DOBLE,Relax swing,G111027H
01t4w00000NuoM0AAJ,MESA JARDIN CUADRADO,SQUIRE TABLE,G108079H
01t4w00000NuoM2AAJ,MESA JARDIN REDONDA BISTRO PLEGABLE,"""FOLDING TABLE Dia.60xH72cm leg tube:14x28mm 5mm fabric  pattern glass  """,G109009H
01t4w00000NuoM4AAJ,MESA RESINA PLEGABLE,6FT FOLDING HDPE TABLE,G101059Q
01t4w00000NuoM6AAJ,SILLA COMEDOR TELA CON ESTRUCTURA DE ALUMINIO,CHAIR,G110074A
01t4w00000NuoM8AAJ,SILLA COMEDOR TELA CON ESTRUCTURA DE ACERO,CHAIR,G110075A
01t4w00000NuoMAAAZ,SILLA COMEDOR PE RATÁN,CHAIR,G110076A
01t4w00000NuoMCAAZ,SILLA COMEDOR PE RATÁN,DINNING CHAIR,G110077A
01t4w00000NuoMFAAZ,SILLA PLAYA,CHAIR,G501032A
01t4w00000NuoMGAAZ,GAZEBO CUADRADO,GAZEBO,G106180A
01t4w00000NuoMJAAZ,GAZEBO CUADRADO CON CORTINAS,GAZEBO,G106181A
01t4w00000NuoMLAAZ,GAZEBO HEXAGONAL CON MOSQUITERA,GAZEBO,G106182A
01t4w00000NuoMNAAZ,GAZEBO RECTANGULAR CON DOBLE TECHO,GAZEBO,G106183A
01t4w00000NuoMPAAZ,GAZEBO CUADRADO CON DOBLE TECHO,GAZEBO,G106184A
01t4w00000NuoMSAAZ,GAZEBO CUADRADO,GAZEBO,G106185A
01t4w00000NuoMTAAZ,(*) MESA RESINA PLEGABLE (3.5 cm tablero),(*) FOLDING RESIN TABLE (3.5 cm top),G101060A
01t4w00000NuoMVAAZ,(*) MESA RESINA PLEGABLE  (3.5 cm tablero),FOLDING TABLE,G101061A
01t4w00000NuoMWAAZ,(*) MESA RESINA FIJA  (4 cm tablero),FOLDING TABLE,G101062A
01t4w00000NuoMZAAZ,"(*) MESA RESINA FIJA  (4,5 cm tablero)",FOLDING TABLE,G101063A
01t4w00000NuoMbAAJ,(*) SILLA RESINA DOBLE (4 cm grosor),FOLDING HDPE CHAIR DOUBLE REINFORCEMENT,G101064A
01t4w00000NuoMdAAJ,SILLA PLEGABLE ECO PP,FOLDING PP CHAIR,H201015Q
01t4w00000NuoMeAAJ,SILLA PLEGABLE ECO PP,FOLDING PP CHAIR,
01t4w00000NuoMfAAJ,SILLA PLEGABLE ECO PP,FOLDING PP CHAIR,H201022Q
01t4w00000NuoMhAAJ,SOMBRILLA JARDIN 8 RIBS,UMBRELLA,G106084A
01t4w00000NuoMjAAJ,SOMBRILLA PLAYA,BEACH UMBRELLA,G201014A
01t4w00000NuoMlAAJ,SOMBRILLA JARDIN LATERAL CON BASE EN CRUZ,Banana umbrella,G106150T
01t4w00000NuoMnAAJ,TUMBONA PP,TUMBONA,G111008T
01t4w00000NuoMpAAJ,SOMBRILLA DE PLAYA,BEACH UMBRELLA,G502003T
01t4w00000NuoMrAAJ,SOMBRILLA PLAYA,BEACH UMBRELLA,G201019T
01t4w00000NuoMtAAJ,SOMBRILLA PLAYA,BEACH UMBRELLA,G201018T
01t4w00000NuoMvAAJ,SOMBRILLA PLAYA,BEACH UMBRELLA,G201014T
01t4w00000NuoMxAAJ,SOMBRILLA PLAYA,BEACH UMBRELLA,G502004T
01t4w00000NuoMzAAJ,SET COMEDOR 5 PIEZAS PLASTICO,SET DESAYUNDOR 5 PIEZAS,G108033T
01t4w00000NuoN1AAJ,SOMBRILLA JARDIN 6 RIBS + LUZ LED,Alum umbrella with LED light,G106154T
01t4w00000NuoN3AAJ,TUMBONA PLAYA,Thule steel rattan lounge,G501026T
01t4w00000NuoN5AAJ,HORNO PIZZA GAS,GAS PIZZA OVEN,G301079A
01t4w00000NuoN8AAJ,(INACTIVO) CARPA PLEGABLE,REGULAR STEEL FOLDABLE TENT,G106186A
01t4w00000NuoNAAAZ,CARPA POLIESTER,POLYESTER TENT,G106187A
01t4w00000NuoNCAAZ,ASADOR CARBON PORTATIL,PORTABLE BBQ,G301080H
01t4w00000NuoNJAAZ,CAJA FUERTE DIGITAL,SAFTY BOX,H405127G
01t4w00000NuoNLAAZ,SILLA COMEDOR PP,DINNING CHAIR,H201134B
01t4w00000NuoNMAAZ,SILLA COMEDOR PP,DINNING CHAIR,H201133B
01t4w00000NuoNRAAZ,SILLA COMEDOR PP PARA NIÑOS,DINNING CHAIR,H201135B
01t4w00000NuoNSAAZ,SILLA COMEDOR PP,DINNING CHAIR,H201136B
01t4w00000NuoNUAAZ,SILLA COMEDOR,DINNING CHAIR,H201140B
01t4w00000NuoNVAAZ,SILLA COMEDOR PP PARA NIÑOS,DINNING CHAIR,H201137B
01t4w00000NuoNXAAZ,SILLA COMEDOR PP,DINNING CHAIR,H201141B
01t4w00000NuoNZAAZ,SILLA COMEDOR PP,DINNING CHAIR,H201139B
01t4w00000NuoNbAAJ,SILLA COMEDOR PP,DINNING CHAIR,H201138B
01t4w00000NuoNdAAJ,SILLA COMEDOR PP,DINNING CHAIR,H201142B
01t4w00000NuoNgAAJ,SILLA COMEDOR,DINNING CHAIR,H201143B
01t4w00000NuoNkAAJ,SILLA COMEDOR PP,DINNING CHAIR,H201144B
01t4w00000NuoNlAAJ,SILLA COMEDOR PP,DINNING CHAIR,H201147B
01t4w00000NuoNmAAJ,SILLA COMEDOR,DINNING CHAIR,H201148B
01t4w00000NuoNnAAJ,SILLA COMEDOR PP,DINNING CHAIR,H201145B
01t4w00000NuoNpAAJ,SILLA COMEDOR PP,DINNING CHAIR,H201146B
01t4w00000NuoNrAAJ,SALA DE PATIO ACACIA 3 PIEZAS,COFFEE SET,G108076A
01t4w00000NuoNtAAJ,SALA DE PATIO ACACIA 3 PIEZAS,COFFEE SET,G108076L
01t4w00000NuoNvAAJ,SET BISTRO ACACIA PLEGABLE,BALCONY SET,G104125L
01t4w00000NuoNxAAJ,CUNA MULTIFUNCION,MULTINFUCTION,H313049M
01t4w00000NuoNyAAJ,CUNA MULTIFUNCION,MULTINFUCTION,H313050M
01t4w00000NuoNzAAJ,SILLA PVC NEGRA,PVC CHAIR,H205008B
01t4w00000NuoO0AAJ,SILLA PVC,PVC CHAIR,H205009I
01t4w00000NuoO1AAJ,SILLA COMEDOR PU,DINNING CHAIR,H204001B
01t4w00000NurTBAAZ,LIBRERIA INFANTIL,Bookshelf,H105054B
01t4w00000NurTCAAZ,SET MESA + SILLAS CONEJO INFANTIL,Rabbit table & 2 chairs set,H105053B
01t4w00000NurTDAAZ,SET MESA + SILLAS ANIMALES INFANTIL,white table & 4 chairs set,H105055B
01t4w00000NurTEAAZ,SET MESA + SILLAS,table & 2 chairs set,H105056B
01t4w00000NurTFAAZ,SET MESA CON CAJONES + SILLA,table & chair set,H105057B
01t4w00000NurTGAAZ,SET MESA TIPO LEGO + SILLAS CON CAJON INFANTIL,Lego table & 2 chairs set,H105058B
01t4w00000NurTHAAZ,SET MESA DOBLE CARA PIZARRON CON ESTANTE + SILLA INFANTIL,Desk & chair set,H105059B
01t4w00000NurTIAAZ,SET MESA DOBLE CARA PIZARRON + 2 SILLAS CON CAJONES INFANTIL,table & 2 chairs set,H105060B
01t4w00000NurTJAAZ,ESTANTERIA PARA LIBROS CON CAJON,STORAGE,H105061B
01t4w00000NurTKAAZ,BAàö??L JUGUETES CON CAJONES INFANTIL,chair-desk,H105062B
01t4w00000NurTLAAZ,SET MESA + SILLA INFANTIL,desk & chair set,H105063B
01t4w00000NurTMAAZ,ESTANTERIA CON CAJONERA INFANTIL,Organzier,H105064B
01t4w00000NurTNAAZ,CAJONERA 6 CUBOS INFANTIL,Bookshelf,H105065B
01t4w00000NurTOAAZ,MESA ESCRITORIO EXTENSIBLE,EXTENDABLE DESK,H102144B
01t4w00000NurWFAAZ,SET MESA DE DIBUJO + 2 SILLAS INFANTIL,Table & 2 chairs set,H105066B
01t4w00000NurWPAAZ,SET MESA DE DIBUJO + 2 SILLAS INFANTIL,Table & 2 chairs set,H105067B
01t4w00000NurWZAAZ,JUGUETERO DE MDF INFANTIL,toy organizer,H105068B
01t4w00000NurWjAAJ,BAÚL JUGUETES INFANTIL,TOY BOX,H105069B
01t4w00000NurWpAAJ,BAÚL JUGUETES INFANTIL,TOY BOX,H105070B
01t4w00000NurWrAAJ,PIZARRA INFANTIL CON ALMACENAJE,EASEL,H105071B
01t4w00000NurWtAAJ,PIZARRA INFANTIL CON ALMACENAJE,EASEL,H105072B
01t4w00000NurWvAAJ,ESTRUCTURA CAMA INFANTIL,BED,H313064B
01t4w00000NurX3AAJ,ESTRUCTURA CAMA INFANTIL,BED,H313065B
01t4w00000NurX4AAJ,SET MESA CON CAJONES + SILLA,Desk & chair set,H105073B
01t4w00000Nus5fAAB,SET MESA CON CAJONES + SILLA,Desk & chair set,H105074B
01t4w00000Nus5lAAB,ESTRUCTURA CAMA INFANTIL,BED,H313066B
01t4w00000Nus5pAAB,ESTRUCTURA CAMA INFANTIL,BED,H313067B
01t4w00000Nus5uAAB,MESA BURO 1 CAJON INFANTIL,BED SIDE,H313068B
01t4w00000Nus5vAAB,MESA BURO 1 CAJON INFANTIL,BED SIDE,H313069B
01t4w00000Nus64AAB,ESTANTERIA PARA LIBROS CON CAJONES,BOOKSHELF,H105075B
01t4w00000Nus65AAB,LIBRERIA INFANTIL,BOOKSHELF,H105076B
01t4w00000Nus66AAB,SET MESA DOBLE CARA PIZARRON CON LIBRERIA + SILLA INFANTIL,Desk & stool set,H105078B
01t4w00000Nus68AAB,BAÚL JUGUETES CRAYON INFANTIL,Toy box,H105079B
01t4w00000Nus6AAAR,LIBRERIA INFANTIL,BOOKSHELF,H105077B
01t4w00000Nus6BAAR,SET MESA DOBLE CARA PIZARRON CON LIBRERIA + SILLA INFANTIL,Desk & stool set,H105080B
01t4w00000Nus9OAAR,SILLON RECLINABLE MANUAL,RECLINER CHAIR,H311153B
01t4w00000NutVtAAJ,SILLON RECLINABLE MANUAL,RECLINER CHAIR,H311154B
01t4w00000NutVzAAJ,SILLON RECLINABLE MANUAL,RECLINER CHAIR,H311158B
01t4w00000NutW8AAJ,SILLON RECLINABLE MANUAL,RECLINER CHAIR,H311155B
01t4w00000NutW9AAJ,SILLON RECLINABLE MANUAL,RECLINER CHAIR,H311157B
01t4w00000NutWDAAZ,SILLON RECLINABLE MANUAL,RECLINER CHAIR,H311156B
01t4w00000NutWFAAZ,SILLON RECLINABLE MANUAL,RECLINER CHAIR,H311159B
01t4w00000NutrjAAB,SILLON RECLINABLE MANUAL,RECLINER CHAIR,H311160B
01t4w00000Nuu4AAAR,CAMASTRO,SUNLOUNGER,G111046A
01t4w00000Nuu4KAAR,CAMASTRO,SUNLOUNGER,G111047A
01t4w00000NuuV7AAJ,SILLA BANQUETE,BANQUET CHAIR,H201150B
01t4w00000NuuVHAAZ,SILLA GIRATORIA OFICINA,SWIVEL OFFICE CHAIR,H101068B
01t4w00000NuuVMAAZ,SILLA GIRATORIA OFICINA,SWIVEL OFFICE CHAIR,H101069B
01t4w00000NuuVOAAZ,SILLA OFICINA CON ALMACENAJE,OFFICE CHAIR,H101072B
01t4w00000NuuVRAAZ,SILLA GIRATORIA OFICINA CON PUPITRE,SWIVEL OFFICE CHAIR WITH DESK,H101070B
01t4w00000NuuVVAAZ,PUFF OFICINA CON ALMACENAJE,OFFICE PUFF,H101073B
01t4w00000NuuVWAAZ,SILLA GIRATORIA OFICINA CON PUPITRE,SWIVEL OFFICE CHAIR WITH DESK,H101071B
01t4w00000NuuVgAAJ,SILLA CON ALMACENAJE Y PUPITRE,OFFICE CHAIR WITH STORAGE AND DESK,H101074B
01t4w00000NuvOcAAJ,SILLON RECLINABLE MANUAL,RECLINER CHAIR,H311161B
01t4w00000NuxduAAB,SILLA ORDENADOR MESH,OFFICE CHAIR,H101075B
01t4w00000Nuxe9AAB,SILLA ORDENADOR PU + MESH,OFFICE CHAIR,H101076B
01t4w00000NuxeAAAR,SILLA ORDENADOR PU + MESH,PU + MESH COMPUTER CHAIR,H101077B
01t4w00000NuxfmAAB,SILLA ORDENADOR PU + MESH,Mesh&PU chair,H101078B
01t4w00000NuxgVAAR,SILLA ORDENADOR PU + MESH,Mesh&PU chair,H101079B
01t4w00000NuxgfAAB,SILLA ORDENADOR PU + PVC,Eams chair,H101080B
01t4w00000NuxgkAAB,SILLA ORDENADOR PU,PU CHAIR,H101081B
01t4w00000NuxglAAB,SILLA ORDENADOR PU + MESH,OFFICE CHAIR,H101082B
01t4w00000NuxgwAAB,SILLA ORDENADOR MESH + FABRIC,OFFICE CHAIR,H101095B
01t4w00000NuxgzAAB,SILLA ORDENADOR MESH,OFFICE CHAIR,H101083B
01t4w00000Nuxh5AAB,SILLA ORDENADOR PU + MESH,OFFICE CHAIR,H101086B
01t4w00000Nuxh9AAB,SILLA ORDENADOR MESH,OFFICE CHAIR,H101084B
01t4w00000NuxhEAAR,SILLA ORDENADOR MESH + FABRIC,OFFICE CHAIR,H101085B
01t4w00000NuxhLAAR,SILLA ORDENADOR MESH,OFFICE CHAIR,H101089B
01t4w00000NuxhMAAR,SILLA ORDENADOR MESH + FABRIC,OFFICE CHAIR,H101090B
01t4w00000NuxhOAAR,SILLA ORDENADOR MESH + FABRIC,OFFICE CHAIR,H101087B
01t4w00000NuxhTAAR,SILLA ORDENADOR MESH,OFFICE CHAIR,H101088B
01t4w00000NuxhYAAR,SILLA ORDENADOR MESH + FABRIC,OFFICE CHAIR,H101091B
01t4w00000NuxhdAAB,SILLA ORDENADOR PU + MESH,OFFICE CHAIR,H101092B
01t4w00000NuxheAAB,SILLA ORDENADOR MESH + FABRIC,OFFICE CHAIR,H101093B
01t4w00000NuxhgAAB,SILLA ORDENADOR MESH + FABRIC,OFFICE CHAIR,H101094B
01t4w00000NuxhtAAB,SILLA ORDENADOR MESH,OFFICE CHAIR,H101096B
01t4w00000Nuxi2AAB,MESA CENTRO AJUSTABLE,ADJUSTABLE COFFE TABLE,H312234B
01t4w00000Nuxi3AAB,MESA CENTRO AJUSTABLE,ADJUSTABLE COFFEE TABLE,H312235B
01t4w00000Nuxi9AAB,TABURETE CON ALMACENAJE,STOOL WITH STORAGE,H312237B
01t4w00000NuxiAAAR,TABURETE CON ALMACENAJE,STOOL WITH STORAGE,H312238B
01t4w00000NuxiCAAR,MESA CENTRO AJUSTABLE,ADJUSTABLE COFFEE TABLE,H312236B
01t4w00000NuxiDAAR,SILLA DE COMEDOR,DINING CHAIR,H201153B
01t4w00000NuxiRAAR,SILLA DE COMEDOR,DINING CHAIR,H201152B
01t4w00000NuxibAAB,SILLA DE COMEDOR,DINING CHAIR,H201154B
01t4w00000NuySqAAJ,SILLA ORDENADOR MESH,OFFICE CHAIR,H101097B
01t4w00000NuySrAAJ,SILLA ORDENADOR MESH,OFFICE CHAIR,H101098B
01t4w00000NuySwAAJ,SILLA ORDENADOR PU,OFFICE CHAIR,H101099B
01t4w00000NuyT5AAJ,SILLA ORDENADOR PU,OFFICE CHAIR,H101100B
01t4w00000NuyT6AAJ,SILLA ORDENADOR,OFFICE CHAIR,H101101B
01t4w00000NuyTFAAZ,SILLA ORDENADOR,OFFICE CHAIR,H101102B
01t4w00000NuyTKAAZ,SILLA ORDENADOR MESH,OFFICE CHAIR,H101103B
01t4w00000NuyTUAAZ,SILLA ORDENADOR MESH,OFFICE CHAIR,H101104B
01t4w00000NuyTeAAJ,SILLA ORDENADOR MESH,OFFICE CHAIR,H101105B
01t4w00000NuyTyAAJ,MESA CENTRO AJUSTABLE,AJUSTABLE COFFEE TABLE,H312239B
01t4w00000NuyUDAAZ,MESA CENTRO AJUSTABLE,AJUSTABLE COFFEE TABLE,H312240B
01t4w00000NuyUNAAZ,SILLON TELA,KD Leisure sofa,H312241B
01t4w00000NuyUXAAZ,SILLON TELA,Arm chair,H312242B
01t4w00000NuyUYAAZ,ESTANTERIA 5 NIVELES ORGANIZADOR CON RUEDAS,5 Tiers Folding Storage Rack,H212020B
01t4w00000NuyUdAAJ,ESTANTERIA 4 NIVELES ORGANIZADOR CON RUEDAS,4 Tiers Folding Storage Rack,H212021B
01t4w00000NuyUmAAJ,ESTANTERIA 3 NIVELES ORGANIZADOR CON CARRITOS,3 Tiers Folding Storage Rack,H212022B
01t4w00000NuyUwAAJ,ESTANTERIA REDONDA 5 NIVELES ORGANIZADOR CON RUEDAS,5-layer kitchen round storage rack,H212023B
01t4w00000NuyV1AAJ,MESA CENTRO AJUSTABLE,ADJUSTABLE COFFEE TABLE,H312243B
01t4w00000NuyVBAAZ,CARRITO AUXILIAR METAL PLEGABLE 3 NIVELES,3 Tier Folding Storage Rack,H212024B
01t4w00000NuyVGAAZ,MESA CENTRO AJUSTABLE,ADJUSTABLE COFFEE TABLE,H312244B
01t4w00000NuyVLAAZ,CARRITO AUXILIAR METAL PLEGABLE 3 NIVELES,3 Tier Folding Storage Rack,H212025B
01t4w00000NuyVQAAZ,BANCO BAR TELA,BAR STOOL,H206084B
01t4w00000NuyVaAAJ,CARRITO AUXILIAR METAL PLEGABLE 3 NIVELES,3 Tier utility storage cart,H212026B
01t4w00000NuyVfAAJ,MESA ESCRITORIO,WOODEN CABINET,H102145B
01t4w00000NuyVgAAJ,MESA ESCRITORIO,DESK,H102146B
01t4w00000NuyW0AAJ,SILLA COMEDOR,DINNING CHAIR,H201155B
01t4w00000NuyW4AAJ,TABURETE PLEGABLE,FOLDABLE STOOL,H206085B
01t4w00000NuyWAAAZ,BANCO BAR PP,BAR STOOL,H206086B
01t4w00000NuyWEAAZ,ESTENTERIA 3 NIVELES CON 2 PUERTAS,Bookshelf  with 2 doors,H314151B
01t4w00000NuyWOAAZ,ESTENTERIA 6 NIVELES,Bookshelf 6 levels,H314152B
01t4w00000NuyWdAAJ,BANCO BAR PP,BAR STOOL,H206087B
01t4w00000NuyWiAAJ,BANCO BAR TERCIOPELO,BAR STOOL,H206088B
01t4w00000NuyWjAAJ,ESTANTERIA 3 NIVELES,3*3 CUBES,H314153B
01t4w00000NuyWsAAJ,BANCO BAR TERCIOPELO,BAR STOOL,H206089B
01t4w00000NuyX2AAJ,ESTANTERIA 3 NIVELES,2*3 CUBES,H314154B
01t4w00000NuyXCAAZ,ESTANTERIA 4 NIVELES,8 CUBES CABINET,H314155B
01t4w00000NuyXDAAZ,ESTANTERIA 3 NIVELES,BOOKSHELF,H314156B
01t4w00000Nuyb0AAB,SET MESA + ESTANTERIA,STUDY SET,H105081I
01t4w00000Nuyb2AAB,SILLA ORDENADOR MESH,OFFICE CHAIR,H101106B
01t4w00000Nuyb4AAB,SILLA ORDENADOR MESH,OFFICE CHAIR,H101107B
01t4w00000NuybAAAR,SET MESA + ESTANTERIA,TABLE SHELF SET,H105082B
01t4w00000NuybKAAR,SET MESA + ESTANTERIA,TABLE + SHELF SET,H105083B
01t4w00000NuybLAAR,SET MESA + ESTANTERIA,TABLE + SHELF SET,H105084B
01t4w00000NuybUAAR,(INACTIVO) SILLA ORDENADOR MESH + PLASTICO,OFFICE CHAIR,H101108B
01t4w00000NuybeAAB,SILLA ORDENADOR MESH,OFFICE CHAIR,H101109B
01t4w00000NuybfAAB,SILLA ORDENADOR MESH + PLASTICO,OFFICE CHAIR,H101110B
01t4w00000NuybjAAB,SET MESA + ESTANTERIA,TABLE + SHELF SET,H105085B
01t4w00000NuybkAAB,MESA ESCRITORIO,OFFICE DESK,H102147B
01t4w00000NuybnAAB,SILLA ORDENADOR PVC,PVC COMPUTER CHAIR,H101113B
01t4w00000NuybyAAB,SET MESA + ESTANTERIA,TABLE + SHELF SET,H105086B
01t4w00000Nuyc4AAB,SILLA ORDENADOR MESH + PLASTICO,OFFICE CHAIR,H101111B
01t4w00000Nuyc8AAB,MESA ESCRITORIO,OFFICE DESK,H102148B
01t4w00000Nuyc9AAB,MESA ESCRITORIO,OFFICE DESK,H102149B
01t4w00000NuycDAAR,SILLA ORDENADOR PP + MESH,OFFICE CHAIR,H101112B
01t4w00000NuycJAAR,SET MESA + SILLA,TABLE CHAIR SET,H105089B
01t4w00000NuycNAAR,SET MESA + SILLAS,TABLE CHAIR SET,H105087B
01t4w00000NuycXAAR,SET MESA + SILLAS,TABLE CHAIR SET,H105088B
01t4w00000Nv2nNAAR,SILLON PUFF,PUFF CHAIR,H312245B
01t4w00000Nv2nVAAR,SILLON PUFF INDIVIDUAL,PUFF CHAIR,H312249B
01t4w00000Nv2nXAAR,SILLON PUFF FÚTBOL,PUFF CHAIR,H312246B
01t4w00000Nv2nZAAR,SILLON PUFF,PUFF CHAIR,H312248B
01t4w00000Nv2ncAAB,SILLON PUFF INDIVIDUAL,PUFF CHAIR,H312247B
01t4w00000Nv2nhAAB,SILLON PUFF,PUFF CHAIR,H312250B
01t4w00000Nv2niAAB,SILLON PUFF INFANTIL,PUFF CHAIR,H312251B
01t4w00000Nv2nrAAB,BANQUETA PUFF,PUFF SEAT,H312252B
01t4w00000Nv2o1AAB,BANQUETA PUFF,PUFF SEAT,H312253B
01t4w00000Nv2vBAAR,SOFA CAMA,SOFA BED,H309100B
01t4w00000Nv2vLAAR,SOFA CAMA,SOFA BED,H309101B
01t4w00000Nv2vNAAR,SOFA CAMA,SOFA BED,H309105B
01t4w00000Nv2vOAAR,SOFA CAMA,SOFA BED,H309107B
01t4w00000Nv2vVAAR,SOFA CAMA,SOFA BED,H309102B
01t4w00000Nv2vaAAB,SOFA CAMA,SOFA BED,H309103B
01t4w00000Nv2vfAAB,SOFA CAMA,SOFA BED,H309104B
01t4w00000Nv2vqAAB,SOFA CAMA,SOFA BED,H309108B
01t4w00000Nv2vzAAB,SILLON TELA,LEISURE SOFA,H312254B
01t4w00000Nv2w9AAB,SILLON TELA,LEISURE SOFA,H312255B
01t4w00000Nv2wJAAR,SILLON TELA,LEISURE SOFA,H312256B
01t4w00000Nv2wOAAR,SILLON TELA + REPOSA PIES,LEISURE SOFA,H312257B
01t4w00000Nv2wTAAR,SILLON TELA,ARMCHAIR,H312258B
01t4w00000Nv2wYAAR,SOFA CAMA,SOFA BED,H309109B
01t4w00000Nv2wZAAR,SOFA CAMA,SOFA BED,H309112B
01t4w00000Nv2weAAB,SOFA CAMA,SOFA BED,H309110B
01t4w00000Nv2wiAAB,SOFA CAMA,SOFA BED,H309111B
01t4w00000Nv2wnAAB,SOFA CAMA,SOFA BED,H309113B
01t4w00000Nv2wsAAB,SOFA CAMA,SOFA BED,H309114B
01t4w00000Nv2x2AAB,SOFA CAMA,SOFA BED,H309115B
01t4w00000Nv33ZAAR,TABURETE APILABLE,STOOL,H206090B
01t4w00000Nv33fAAB,TABURETE APILABLE,STOOL,H206091B
01t4w00000Nv33oAAB,SILLA ORDENADOR,OFFICE CHAIR,H101114B
01t4w00000Nv33yAAB,(INACTIVO) SILLA ORDENADOR,OFFICE CHAIR,H101115B
01t4w00000Nv33zAAB,BANCO BAR CON RUEDAS,BAR CHAIR,H206092B
01t4w00000Nv345AAB,BANCO BAR,BAR STOOL,H206093B
01t4w00000Nv346AAB,BANCO BAR CON RUEDAS,BAR STOOL,H206094B
01t4w00000Nv34DAAR,BANCO BAR METAL,BAR STOOL,H206095B
01t4w00000Nv34IAAR,MESA COMEDOR RECTANGULAR PLEGABLE,FOLDABLE TABLE,H211011B
01t4w00000Nv34JAAR,MESA ESCRITORIO AJUSTABLE,ADJUSTABLE TABLE,H102150B
01t4w00000Nv34KAAR,MESA ESCRITORIO AJUSTABLE,ADJUSTABLE TABLE,H102151B
01t4w00000Nv37hAAB,SOFA 2 PLAZAS,RECLINER,H309116B
01t4w00000Nv37iAAB,SILLON TERCIOPELO,SOFA,H312259B
01t4w00000Nv39FAAR,SILLON TERCIOPELO,SOFA,H312260B
01t4w00000Nv3ElAAJ,SILLON TERCIOPELO,ARMCHAIR,H312261B
01t4w00000Nv3EvAAJ,SOFA CAMA,SOFA BED,H309117B
01t4w00000Nv3EwAAJ,SOFA CAMA,SOFA BED,H309118B
01t4w00000Nv3ExAAJ,OTOMÁN + ALMACENAMIENTO,OTTOMAN+STORAGE,H312263B
01t4w00000Nv3F5AAJ,OTOMÁN CON ALMACENAMIENTO,OTTOMAN+STORAGE,H312262B
01t4w00000Nv3taAAB,MESA COMEDOR CUADRADA PLEGABLE,FOLDABLE TABLE,H211012B
01t4w00000Nv6h8AAB,PIZARRA INFANTIL PLEGABLE,Childrens Fold Easel,H105090B
01t4w00000Nv6hIAAR,SET MESA + SILLA PLEGABLE MULTIFUNCIONAL,Multifunctional Fold Drawing Board Building Block Table And Chair Set,H105091B
01t4w00000Nv6lfAAB,PIZARRA INFANTIL LCD DOS CARAS + TABURETE,2 in 1 puzzle color LCD tablet,H105092B
01t4w00000Nv6lkAAB,PIZARRA INFANTIL DOS CARAS,TABLET,H105093B
01t4w00000Nv6llAAB,PIZARRA INFANTIL DOS CARAS,Double-sided Lifting Drawing Board (Pink),H105094B
01t4w00000Nv6m4AAB,PIZARRA INFANTIL DOS CARAS,DRAWING BOARD,H105095B
01t4w00000Nv6m9AAB,PIZARRA INFANTIL DOS CARAS,DRAWING BOARD,H105096B
01t4w00000Nv6mEAAR,PIZARRA INFANTIL & MESA + TABURETE,Kids Easel & Table and Stool,H105097B
01t4w00000Nv6mOAAR,PIZARRA INFANTIL,KIDS EASEL,H105098B
01t4w00000NvAE2AAN,SET BISTRO ROPE,ROPE SET BISTRO,G108184A
01t4w00000NvAECAA3,MESA REDONDA FIJA,ROUND TABLE,G101068A
01t4w00000NvAH7AAN,SILLA RESINA DOBLE,FOLDING CHAIR,G101027A
01t4w00000NvEhLAAV,SET JARDIN 4 PIEZAS,Sofa wicker set conversation,G108185A
01t4w00000NvEk1AAF,SET BISTRO PP + HIERRO,BISTRO SET,G108186A
01t4w00000NvEk6AAF,SET SOFA EN ESQUINA 4 PIEZAS + MESA,SOFA SET,G108187A
01t4w00000NvEk8AAF,SET SOFA 5 PIEZAS,SOFA SET,G108188A
01t4w00000NvEkGAAV,SET SOFA 5 PIEZAS + MESA,SOFA SET,G108189A
01t4w00000NvEkHAAV,SET SOFA 4 PIEZAS + MESA,SOFA SET,G108190A
01t4w00000NvEkNAAV,SET SOFA EN ESQUINA 3 PIEZAS + MESA,SOFA SET,G108191A
01t4w00000NvEkaAAF,MESA RESINA FIJA,8 FOOT TABLE,G101069A
01t4w00000NvEy9AAF,SET COMEDOR EUCALIPTO 7 PIEZAS CON COJIN,DINING SET,G108192A
01t4w00000NvF7PAAV,SET JARDIN 4 PIEZAS,Sofa wicker set conversation,G108185Q
01t4w00000NvF7UAAV,SET SOFA EN ESQUINA 4 PIEZAS + MESA,SOFA SET,G108187Q
01t4w00000NvF7ZAAV,SET SOFA 5 PIEZAS,SOFA SET,G108188Q
01t4w00000NvF7oAAF,SALA DE PATIO PP 4 PIEZAS,SALA DE JARDÍN 4 PIEZAS,G108038Q
01t4w00000NvF7tAAF,SET SOFA 4 PIEZAS + MESA,SOFA SET,G108190Q
01t4w00000NvF7yAAF,SET SOFA EN ESQUINA 3 PIEZAS + MESA,SOFA SET,G108191Q
01t4w00000NvF83AAF,SET COMEDOR EUCALIPTO 7 PIEZAS CON COJIN,DINING SET,G108192Q
01t4w00000NvGfZAAV,LITERA INFANTIL + ESCRITORIO + ESTANTERÍA,KIDS LOFT + STUDENT DESK + BOOKSHELF 98*193CM,H313070B
01t4w00000NvGfeAAF,SILLON MARIPOSA,BUTTERFLY CHAIR,H312264B
01t4w00000NvGftAAF,SET MESAS AUXILIARES 2 PIEZAS,COFFEE TABLE OF 2 SET,H312265B
01t4w00000NvGfuAAF,SILLON TELA MAICAO,1 SEATER,H312266B
01t4w00000NvGfyAAF,SET COMEDOR BAR BRASIL MDF + 4 SILLAS,BRASIL BAR DINNING SET BAR TABLE WITH DOUBLE DROP LEAF + 4 BAR CHAIRS,H210086B
01t4w00000NvGg3AAF,SET COMEDOR SEVILLA MDF + 6 SILLAS,SEVILLA DINNING SET TABLE + 6 CHAIRS,H210087B
01t4w00000NvGg8AAF,SET COMEDOR VIENA + 6 SILLAS,VIENA DINNING SET TABLE + 6 CHAIRS,H210088B
01t4w00000NvHFdAAN,CARPA PE,3*3M PE GAZEBO,G106188A
01t4w00000NvHFfAAN,CARPA POLIESTER,3*3 POLYESTER GAZEBO,G106189A
01t4w00000NvHFiAAN,GAZEBO RECTANGULAR,3*4 POLYESTER GAZEBO,G106190A
01t4w00000NvHFlAAN,GAZEBO CUADRADO CON MOSQUITERA,2.4*2.4-3*3M FOLDING GAZEBO,G106195A
01t4w00000NvHFsAAN,GAZEBO HEXAGONAL CON DOBLE TECHO,2*2*2M GAZEBO,G106191A
01t4w00000NvHFtAAN,GAZEBO CUADRADO CON MOSQUITERA,2.4*2.4/3*3M GAZEBO,G106192A
01t4w00000NvHFuAAN,GAZEBO HEXAGONAL CON MOSQUITERA,1.8*1.8*1.8M GAZEBO,G106194A
01t4w00000NvHG2AAN,GAZEBO RECTANGULAR CON MOSQUITERA,3*4M GAZEBO,G106193A
01t4w00000NvHG7AAN,CARPA PLEGABLE,3*3M FOLDING GAZEBO STEEL,G106196A
01t4w00000NvHGCAA3,CARPA PLEGABLE,3*6M FOLDING GAZEBO STEEL,G106197A
01t4w00000NvHLSAA3,CARPA PLEGABLE POLIESTER,3*3M FOLDING GAZEBO STEEL,G106198A
01t4w00000NvHLhAAN,GAZEBO RECTANGULAR CON PAREDES,3*6M POLYESTER GAZEBO,G106199A
01t4w00000NvHLrAAN,COLUMPIO BALANCIN INDIVIDUAL,1 SINGLE SWING,G111048A
01t4w00000NvHLtAAN,HAMACA METAL CON TELA,SINGLE HAMMOCK,G111051A
01t4w00000NvHLxAAN,HAMACA METAL CON TELA,HAMMOCK,G111050A
01t4w00000NvHM1AAN,COLUMPIO BALANCIN TRIPLE,3 SEATS SWING,G111049A
01t4w00000NvHMBAA3,TUMBONA PLAYA COLGANTE,TUMBONA,G111052A
01t4w00000NvHMGAA3,TUMBONA PLAYA COLGANTE,TUMBONA,G111053A
01t4w00000NvHaLAAV,SILLON RECLINABLE MANUAL NO GIRATORIO CON POSAVASOS,MANUAL RECLINER CHAIR,H311014S
01t4w00000NvHaQAAV,SILLON RECLINABLE MANUAL+ GIRATORIO+ BALANCIN,SWIVEL + ROCKER + MANUAL RECLINER CHAIR,H311011S
01t4w00000NvKVWAA3,SILLON RECLINABLE MANUAL,RECLINER CHAIR,H311003S
01t4w00000NvKv4AAF,SILLON RECLINABLE MANUAL NO GIRATORIO,MANUAL RECLINER CHAIR,H311017S
01t4w00000NvKvOAAV,MESA RESINA REDONDA FIJA 121 CM,ROUND FOLDING TABLE,G101070A
01t4w00000NvKyYAAV,SILLON RECLINABLE MANUAL,RECLINER CHAIR,H311003A
01t4w00000NvKydAAF,SILLON RECLINABLE MANUAL,RECLINER CHAIR,H311162B
01t4w00000NvKyiAAF,SILLON RECLINABLE MANUAL,RECLINER CHAIR,H311163B
01t4w00000NvKynAAF,SILLON RECLINABLE MANUAL,RECLINER CHAIR,H311164B
01t4w00000NvKysAAF,MESA REDONDA FIJA,ROUND TABLE,G101071A
01t4w00000NvKz2AAF,SET PICNIC RESINA INFANTIL,KIDS PICNIC SET,G101072A
01t4w00000NvKzCAAV,SET COMEDOR 6 PIEZAS,BISTRO SET,G108193A
01t4w00000NvKzEAAV,SET COMEDOR 3 PIEZAS AHORRAESPACIO,DINING SET,G108198A
01t4w00000NvKzHAAV,SET COMEDOR 8 PIEZAS,DINING SET,G108194A
01t4w00000NvKzSAAV,SET COMEDOR 5 PIEZAS,DINING SET,G108195A
01t4w00000NvKzWAAV,SET BISTRO RATAN 3 PIEZAS,RATTAN SET,G108196A
01t4w00000NvKzbAAF,SET BISTRO RATAN 3 PIEZAS,3PCS BISTRO SET,G108197A
01t4w00000NvKzlAAF,SET COMEDOR 3 PIEZAS AHORRAESPACIO,DINING SET,G108199A
01t4w00000NvKzqAAF,COLUMPIO COLGANTE ACOLCHADO,HAMMOCK,G111054A
01t4w00000NvKzvAAF,COLUMPIO COLGANTE CON COJIN DOBLE,HANGING SWING WITH DOUBLE CUSHION,G111055A
01t4w00000NvKzwAAF,SILLA PLAYA,BEACH CHAIR,G501035A
01t4w00000NvL01AAF,COLUMPIO COLGANTE CON COJIN,HANGING CHAIR,G111056A
01t4w00000NvL0UAAV,SILLA DOBLE PLAYA,DOUBLE BEACH CHAIR,G501033A
01t4w00000NvL0WAAV,SET BISTRO TEXTILENO,BISTRO SET,G108200A
01t4w00000NvL0ZAAV,SILLA DOBLE PLAYA,DOUBLE BEACH CHAIR,G501034A
01t4w00000NvL0cAAF,SET BISTRO RATAN 3 PIEZAS,BISTRO SET,G108201A
01t4w00000NvL0eAAF,SILLA PLAYA,BEACH CHAIR,G501036A
01t4w00000NvL0gAAF,SILLON ADIRONDACK ABETO,ADIRONDACK CHAIR,G110078A
01t4w00000NvLIGAA3,TUMBONA PLEGABLE,CHAISE LOUNGE,G111057A
01t4w00000NvLMyAAN,SET SOFA 5 PIEZAS + MESA,SOFA SET,G108189Q
01t4w00000NvLQhAAN,SILLA COMEDOR RATAN,DINNING CHAIR,G110079A
01t4w00000NvLTXAA3,SILLA PLEGABLE ECO PP,FOLDING PP CHAIR,H201022Y
01t4w00000NvLTcAAN,SILLA PLEGABLE ECO PP,FOLDING PP CHAIR,H201015Y
01t4w00000NvLTdAAN,SILLA PLEGABLE ECO PP,FOLDING PP CHAIR,
01t4w00000NvLU1AAN,SILLON ADIRONDACK POLIESTIRENO,Oversized Adirondack Chair fixed,G110080A
01t4w00000NvLU6AAN,ESPEJO DECORATIVO,DECOR MIRROR,H315110B
01t4w00000NvLUBAA3,SILLON ADIRONDACK POLIESTIRENO,Adirondack Chair,G110081A
01t4w00000NvLULAA3,SILLON ADIRONDACK MECEDORA POLIESTIRENO,Rocking chair,G110082A
01t4w00000NvLUMAA3,SILLON ADIRONDACK POLIESTIRENO PLEGABLE,Classic foldable Adirondack chair,G110085A
01t4w00000NvLURAA3,SILLON ADIRONDACK POLIESTIRENO,Adirondack chair,G110083A
01t4w00000NvLUVAA3,SILLON PLEGABLE +  REPOSAPIE OCULTO,Foldable Chair+Hidden Ottoman,G110084A
01t4w00000NvLUWAA3,SILLON ADIRONDACK POLIESTIRENO PLEGABLE PARA NIÑOS,KIDS foldable Adirondack Chair,G110086A
01t4w00000NvLUfAAN,SALA DE PATIO PP 4 PIEZAS CON COJIN,PATIO SET PP 4 PIECES WITH CUSHION,G108202A
01t4w00000NvLUgAAN,SALA DE PATIO PP 4 PIEZAS CON COJIN,PATIO SET PP 4 PIECES WITH CUSHION,G108203A
01t4w00000NvLUuAAN,SALA DE PATIO PP 4 PIEZAS CON COJIN,PATIO SET PP 4 PIECES WITH CUSHION,G108204A
01t4w00000NvLUzAAN,SET BISTRO PP 3 PIEZAS,BISTRO SET,G108205A
01t4w00000NvLVEAA3,MESA JARDIN CUADRADA PLEGABLE,SQUARE FOLDING GARDEN TABLE,G109032A
01t4w00000NvLVGAA3,SILLA PLEGABLE PP + METAL,FOLDING CHAIR,G110087A
01t4w00000NvLYKAA3,SILLA COMEDOR RATAN,DINNING CHAIR,G110088A
01t4w00000NvLYLAA3,SILLA COMEDOR RATAN,DINNING CHAIR,G108206A
01t4w00000NvLYZAA3,SILLA COMEDOR RATAN,DINNING CHAIR,G108207A
01t4w00000NvLYjAAN,SILLA COMEDOR RATAN,DINNING CHAIR,G110089A
01t4w00000NvLYpAAN,SILLA COMEDOR RATAN,DINNING CHAIR,G110090A
01t4w00000NvLYtAAN,SILLA COMEDOR RATAN,DINNING CHAIR,G110091A
01t4w00000NvLZSAA3,SILLA COMEDOR TELA,DINNING CHAIR,G110092A
01t4w00000NvLZcAAN,SILLA COMEDOR TELA,DINNING CHAIR,G110093A
01t4w00000NvLZdAAN,SILLA COMEDOR TELA,DINNING CHAIR,G110094A
01t4w00000NvLZhAAN,SILLA COMEDOR TELA,DINNING CHAIR,G110095A
01t4w00000NvLZrAAN,MESA JARDIN CUADRADA,SQUARE GARDEN TABLE,G109033A
01t4w00000NvLa1AAF,MESA JARDIN REDONDA,ROUND GARDEN TABLE,G109034A
01t4w00000NvLa6AAF,SET BISTRO WICKER CON COJINES,BISTRO SET 2S-SQUARE,G108208A
01t4w00000NvLaBAAV,SALA DE PATIO METALICA CON COJINES,NEW LOUNGE LILIANA SET,G108209A
01t4w00000NvLaLAAV,SALA DE PATIO METALICA CON COJINES,LOUNGE SET 2022-11,G108210A
01t4w00000NvLaMAAV,SALA DE PATIO METALICA 6 PIEZAS,PATIO COFFE SET 6 PCS,G108211A
01t4w00000NvLaOAAV,SALA DE PATIO METALICA 4 PIEZAS,COFFE SOFA SET,G108214A
01t4w00000NvLaVAAV,SALA DE PATIO METALICA 4 PIEZAS,SOFA SET 8 PIECES,G108212A
01t4w00000NvLafAAF,SALA DE PATIO METALICA 4 PIEZAS,COFFE SOFA SET,G108213A
01t4w00000NvLalAAF,SALA DE PATIO WICKER CON COJINES,PE ROPE CORNER SOFA,G108215A
01t4w00000NvLePAAV,LAMPARA SOLAR LINTERNA,SOLAR LAMP,G112094A
01t4w00000NvLeUAAV,LAMPARA SOLAR LINTERNA,SOLAR LAMP,G112093A
01t4w00000NvLedAAF,LAMPARA SOLAR LINTERNA,SOLAR LAMP,G112095A
01t4w00000NvLenAAF,MESA JARDIN RECTANGULAR,RECTANGULAR GARDEN TABLE,G109035A
01t4w00000NvLexAAF,BANCO BAR PE RATAN,PE RATAN BAR STOOL,G110096A
01t4w00000NvLfCAAV,SET COMEDOR 3 PIEZAS AHORRA ESPACIO,3 PIECES BISTRO SET,G108216A
01t4w00000NvLfWAAV,LAMPARA LINTERNA,LAMP,G112096A
01t4w00000NvLj0AAF,LAMPARA LINTERNA,LAMP,G112097A
01t4w00000NvLvaAAF,SET BISTRO TEXTILENO + METAL PLEGABLE,BISTRO SET,G108217A
01t4w00000NvLvkAAF,SET BISTRO WICKER,BISTRO SET,G108218A
01t4w00000NvLvlAAF,SALA DE PATIO RATAN 4 PIEZAS,4 PIECES PATIO SET,G108221A
01t4w00000NvLvuAAF,SET BAR WICKER,BAR SET,G108219A
01t4w00000NvLw4AAF,SET BISTRO RATAN,BISTRO SET,G108220A
01t4w00000NvLw9AAF,SET COMEDOR 6 PIEZAS,DINING SET,G108222A
01t4w00000NvLyGAAV,SILLON RECLINABLE MANUAL,RECLINER CHAIR,H311003I
01t4w00000NvM1BAAV,LAMPARA METAL,METAL LAMP,G112098A
01t4w00000NvM1GAAV,LAMPARA METAL,METAL LAMP,G112099A
01t4w00000NvM1HAAV,LAMPARA METAL + FLAX,METAL FLAX LAMP,G112102A
01t4w00000NvM1MAAV,LAMPARA METAL + PLASTICO,LAMP,G112100A
01t4w00000NvM1VAAV,LAMPARA METAL,METAL LAMP,G112101A
01t4w00000NvM1fAAF,LAMPARA SOLAR LINTERNA,SOLAR LAMP,G112103A
01t4w00000NvM1gAAF,LAMPARA RATAN,RATTAN LAMP,G112106A
01t4w00000NvM1kAAF,LAMPARA MÁRMOL,MARBLE LAMP,G112104A
01t4w00000NvM1lAAF,LAMPARA RATAN,RATTAN LAMP,G112105A
01t4w00000NvM1zAAF,LAMPARA METAL + PE,LAMP,G112107A
01t4w00000NvM20AAF,SALA DE PATIO RATAN 4 PIEZAS CON COJIN,RATTAN PATIO SET 4 PIECES WITH CUSHION,G108223A
01t4w00000NvM29AAF,LAMPARA METAL + PLASTICO,LAMP,G112108A
01t4w00000NvM62AAF,SET COMEDOR ALUMINIO 5 PIEZAS,ALUMINUM DINING SET 5 PIECES,G108224A
01t4w00000NvM63AAF,SET BISTRO METALICO PLEGABLE REDONDO,BISTRO SET,G108225A
01t4w00000NvM64AAF,SET BAR WICKER,3pcs bistro set,G108226A
01t4w00000NvM65AAF,SET BISTRO 3 PIEZAS,3 PIECE BISTRO SET,G108227A
01t4w00000NvM6IAAV,COLUMPIO COLGANTE CON COJIN,HANGING SWING WITH CUSHION,G111058A
01t4w00000NvM6MAAV,COLUMPIO COLGANTE ACOLCHADO,HAMMOCK,G111059A
01t4w00000NvM6NAAV,COLUMPIO COLGANTE ACOLCHADO,HAMMOCK,G111060A
01t4w00000NvM6XAAV,SILLA PLEGABLE CAMPING CON BOLSA,FOLDING CAMPING CHAIR,G602040A
01t4w00000NvM6bAAF,SILLA PLAYA,BEACH CHAIR,G501037A
01t4w00000NvM6dAAF,SILLA PLAYA,BEACH CHAIR,G501038A
01t4w00000NvM6gAAF,SILLA PLAYA,BEACH CHAIR,G501039A
01t4w00000NvM6qAAF,SILLA PLAYA RECLINABLE CON COJIN,BEACH CHAIR,G501040A
01t4w00000NvM6vAAF,SILLA PLAYA RECLINABLE CON COJIN,BEACH CHAIR,G501041A
01t4w00000NvM70AAF,SOFA SECCIONAL CHESLONG,SECTIONAL SOFA,H309119B
01t4w00000NvM76AAF,SOFA CAMA,SOFA BED,H309122B
01t4w00000NvM7AAAV,SOFA CAMA CHESLONG TRANSFORMER,SECTIONAL SOFA BED WITH PULL-OUT BED,H309120B
01t4w00000NvM7FAAV,SILLA PLAYA,BEACH CHAIR,G501042A
01t4w00000NvM7PAAV,SILLA DOBLE PLAYA,DOUBLE BEACH CHAIR,G501043A
01t4w00000NvM7SAAV,TUMBONA PLAYA,TUMBONA,G501046A
01t4w00000NvM7UAAV,SOFA CAMA,MULTIFUNCTIONAL SOFA,H309121B
01t4w00000NvM7eAAF,SILLA DOBLE PLAYA,DOUBLE BEACH CHAIR,G501044A
01t4w00000NvM7fAAF,TUMBONA PLAYA,TUMBONA,G501047A
01t4w00000NvM7jAAF,SILLA DOBLE PLAYA,DOUBLE BEACH CHAIR,G501045A
01t4w00000NvM7tAAF,COLUMPIO COLGANTE CON COJIN,HANGING SWING WITH CUSHION,G111061A
01t4w00000NvM7vAAF,COLUMPIO COLGANTE CON COJIN,HANGING SWING WITH CUSHION,G111062A
01t4w00000NvM7yAAF,SOFA CAMA,SOFA BED,H309123B
01t4w00000NvM9BAAV,SET BISTRO RESINA IMITACION MADERA,BALCONY SET,G103016Y
01t4w00000NvMAeAAN,SOFA CAMA,SOFA BED,H309124B
01t4w00000NvMAkAAN,SOFA SECCIONAL CHESLONG,Corner Sofa,H309126B
01t4w00000NvMAoAAN,BANCO JARDIN CON MESA ACACIA,BENCH WITH TABLE AT THE CENTER,G110097A
01t4w00000NvMAtAAN,SOFA CAMA,SOFA BED,H309125B
01t4w00000NvMAzAAN,BANCO JARDIN PLEGABLE ACACIA,FOLDING 2 SEATER BENCH,G110099A
01t4w00000NvMB0AAN,MESA AUXILIAR JARDIN ACACIA,COFFEE TABLE,G109037A
01t4w00000NvMB3AAN,BANCO JARDIN CURVO ACACIA,CURVE BENCH,G110098A
01t4w00000NvMB9AAN,SALA DE PATIO ACACIA 4 PIEZAS CON COJIN,SOFA SET IN 4 PCS WITH CUSHION,G108229A
01t4w00000NvMBDAA3,BANCO JARDIN CONVERTIBLE TUMBONA ACACIA,BENCH SUNBED,G110100A
01t4w00000NvMBFAA3,MESA BALCON PLEGABLE ACACIA,BALCONY TABLE,G109036A
01t4w00000NvMBIAA3,SALA DE PATIO ACACIA 4 PIEZAS CON COJIN,SOFA SET 4 PCS WITH CUSHION,G108228A
01t4w00000NvMBNAA3,COLUMPIO COLGANTE ALGODON + POLIESTER,COTTON + POLYESTER HANGING SWING,G111063A
01t4w00000NvMBTAA3,HAMACA COLGANTE ALGODON,COTTON HANGING HAMMOCK,G111067A
01t4w00000NvMBUAA3,HAMACA COLGANTE ALGODON,COTTON HANGING HAMMOCK,G111068A
01t4w00000NvMBVAA3,HAMACA COLGANTE ALGODON,COTTON HANGING HAMMOCK,G111069A
01t4w00000NvMBXAA3,HAMACA COLGANTE ALGODON,COTTON HANGING HAMMOCK,G111064A
01t4w00000NvMBhAAN,COLUMPIO JARDIN ACACIA 2 PLAZAS,2 SEATER SWING,G111065A
01t4w00000NvMBkAAN,SET BISTRO ACACIA BALCON CON COJIN,BISTRO SET 3 PCS,G108234A
01t4w00000NvMBmAAN,COLUMPIO JARDIN ACACIA PLEGABLE 3 PLAZAS CON COJIN,3 SEATER SWING WITH CUSHION,G111066A
01t4w00000NvMBwAAN,BAUL ALMACENAJE ACACIA,CUSHION BOX,G110101A
01t4w00000NvMByAAN,SET BISTRO ACACIA 1 PIEZA,BENCH WITH TEA TABLE,G108230A
01t4w00000NvMC6AAN,SET BISTRO PIEDRA,S/3 mosaic table set,G108231A
01t4w00000NvMCBAA3,SILLA APILABLE JARDIN RATAN,STACKABLE GARDEN RATTAN CHAIR,G110102A
01t4w00000NvMCCAA3,SILLA PLAYA,BEACH CHAIR,G501049A
01t4w00000NvMCEAA3,SILLA COMEDOR METAL TEXTILENO,DINNING CHAIR,G110107A
01t4w00000NvMCQAA3,SILLA APILABLE JARDIN RATAN,STACKABLE GARDEN RATTAN CHAIR,G110103A
01t4w00000NvMCVAA3,SET BISTRO CERAMICO,S/3 mosaic table set,G108232A
01t4w00000NvMCfAAN,SILLA PLAYA RECLINABLE,5 POSITION FOLDING CHAIR,G501048A
01t4w00000NvMCgAAN,SILLA COMEDOR AJUSTABLE METAL TEXTILENO,DINNING CHAIR,G110104A
01t4w00000NvMCkAAN,SET BISTRO ACACIA CON COJIN,BISTRO SET 3 PCS,G108233A
01t4w00000NvMCuAAN,SILLA COMEDOR PLEGABLE METAL TEXTILENO,DINNING CHAIR,G110105A
01t4w00000NvMD0AAN,SET COMEDOR ACACIA 9 PIEZAS CON COJIN,DINING SET 9 PCS,G108238A
01t4w00000NvMD1AAN,SALA DE PATIO ACACIA CON COJINES,SOFA SET 3 PCS,G108240A
01t4w00000NvMD4AAN,SET COMEDOR ACACIA 6 PIEZAS CON COJIN,DINING SET 6 PCS,G108235A
01t4w00000NvMD9AAN,SILLA COMEDOR METAL TEXTILENO,DINNING CHAIR,G110106A
01t4w00000NvMDEAA3,SET COMEDOR ACACIA 5 PIEZAS CON COJIN,DINING SET 5 PCS,G108236A
01t4w00000NvMDOAA3,SET BISTRO VIDRIO,BISTRO SET,G108237A
01t4w00000NvMDTAA3,SET BISTRO VIDRIO,BISTRO SET,G108239A
01t4w00000NvMDYAA3,SILLA COMEDOR APILABLE METAL TEXTILENO,DINNING CHAIR,G110108A
01t4w00000NvMDiAAN,SET BISTRO CERAMICO,S/3 mosaic table set,G108241A
01t4w00000NvMDnAAN,SALA DE PATIO ACACIA 5 PIEZAS CON COJIN,SOFA SET 5 PCS,G108242A
01t4w00000NvMDtAAN,SET COMEDOR ACACIA EXTENSIBLE 7 PIEZAS,LARGE SET 7 PCS,G108244A
01t4w00000NvMDxAAN,TUMBONA ACACIA PLEGABLE CON COJIN,CURVE SUNLOUNGER WITH CUSHION,G111070A
01t4w00000NvME2AAN,SILLA PLEGABLE PE + METAL,FOLDING CHAIR,G110109A
01t4w00000NvMEHAA3,SILLA PLAYA,BEACH CHAIR,G501050A
01t4w00000NvMEIAA3,CARRITO TRANSPORTADOR PLEGABLE,FOLDING TRANSPORTER CART,G402018A
01t4w00000NvMEMAA3,SET COMEDOR ACACIA 5 PIEZAS,DINING SET 5 PCS,G108243A
01t4w00000NvMERAA3,SILLON ADIRONDACK ACACIA PLEGABLE,ADIRONDACK CHAIR,G110110A
01t4w00000NvMEWAA3,SILLON ADIRONDACK ACACIA DOBLE,ADIRONDACK BENCH,G108245A
01t4w00000NvMEbAAN,HAMACA ACACIA PLEGABLE,VIP CHAIR,G111071A
01t4w00000NvMEgAAN,SILLA DIRECTOR ACACIA,DIRECTOR CHAIR,G110111A
01t4w00000NvMEmAAN,SET BISTRO ACACIA Y WICKER,BISTRO SET,G108249A
01t4w00000NvMEnAAN,SILLA ACACIA PLEGABLE,FOLDING CHAIR,G110112A
01t4w00000NvMEqAAN,CAMA DE DÍA PARA EXTERIOR BANCO DE ACACIA 2 EN 1,2 IN 1 ACACIA DAYBED AND BENCH,G108246A
01t4w00000NvMErAAN,SET BISTRO ACACIA Y ROPE,ROPE BISTRO SET,G108248A
01t4w00000NvMEwAAN,SET BISTRO ACACIA CON COJINES,BISTRO SET,G108247A
01t4w00000NvMF1AAN,COLUMPIO JARDIN EUCALIPTO 3 PLAZAS,3 SEATING SWING,G111072A
01t4w00000NvMHqAAN,PATIO DE SALA ACACIA + WICKER,SOFA SET,G108250A
01t4w00000NvMI0AAN,PATIO DE SALA WICKER RECLINABLE,SOFA SET,G108251A
01t4w00000NvMI5AAN,SET DE PICNIC,PICNIC SET,G108252A
01t4w00000NvMIAAA3,SET DE COMEDOR EUCALIPTO 7 PIEZAS,7 PCS DINING SET,G108253A
01t4w00000NvMIKAA3,SET SILLA Y MESA ACACIA PLEGABLE,SET WOODEN FOLDING CHAIR,G110113A
01t4w00000NvMIPAA3,PATIO DE SALA WICKER 3 PIEZAS,SOFA SET 3 PCS,G108254A
01t4w00000NvMPKAA3,ASADOR CARBON CERAMICO REDONDO,Stone Series 13inch,G301081A
01t4w00000NvMPLAA3,ASADOR CARBON CERAMICO REDONDO CON MESAS LATERALES,CLASSIC SERIES 16 INCH,G301082A
01t4w00000NvMPVAA3,ASADOR CARBON CERAMICO REDONDO CON MESAS LATERALES,ROUND CERAMIC CHARCOAL GRILL WITH SIDE TABLES,G301083A
01t4w00000NvMPZAA3,ASADOR CARBON CERAMICO REDONDO,ROUND CERAMIC CHARCOAL GRILL,G301084A
01t4w00000NvMPeAAN,ASADOR CARBON CERAMICO REDONDO CON CARRITO,"19"" KAMADO WITH TROLLEY",G301085A
01t4w00000NvMPjAAN,ASADOR CARBON Y GAS CERAMICO REDONDO CON MESAS LATERALES,"22"" Gas & Charcoal Hybrid Grill",G301086A
01t4w00000NvMPoAAN,ASADOR CARBON CERAMICO REDONDO,Classic Series 16 inch mini max,G301087A
01t4w00000NvMPpAAN,ASADOR CARBON CERAMICO REDONDO CON MESAS LATERALES,Classic Series 26 inch,G301089A
01t4w00000NvMPuAAN,ASADOR CARBON CERAMICO REDONDO CON MESAS LATERALES,Classic Series 21 inch,G301088A
01t4w00000NvMPyAAN,ASADOR CARBON REDONDO,ROUND HABACHI GRILL,G301090A
01t4w00000NvMQ3AAN,ASADOR CARBON RECTANGULAR,SQUARE HIBACHI GRILL,G301091A
01t4w00000NvMQ4AAN,HORNO DE PIZZA DE MESA,"21"" Tabletop Pizza Oven",G301092A
01t4w00000NvMQ9AAN,HORNO DE PIZZA CON CARRITO,"26"" Pizza Oven with Cart",G301093A
01t4w00000NvMQAAA3,ESTUFA COHETE 5 EN 1,5 IN 1 ROCKET STOVE,G301094A
01t4w00000NvMTSAA3,SALA DE PATIO PLASTICA CON COJINES,SOFA SET,G108255A
01t4w00000NvMTcAAN,SET BISTRO PP 3 PIEZAS,3PCS BELLA SET,G101073A
01t4w00000NvMTmAAN,ASADOR CARBON REDONDO,18'' DELUXE WEBER STYEL GRILL,G301095A
01t4w00000NvMTsAAN,ASADOR CARBON REDONDO,57CM DELUXE WEBER STYEL GRILL,G301096A
01t4w00000NvMTwAAN,MESA JARDIN CUADRADA PLEGABLE,PERSONAL TABLE,G109038A
01t4w00000NvMTxAAN,SET COMEDOR PP 5 PIEZAS,OUTDOOR FURNITURE,G108259A
01t4w00000NvMU6AAN,ASADOR CARBON REDONDO,57CM DELUXE WEBER STYEL GRILL 4 legs,G301097A
01t4w00000NvMU7AAN,ASADOR CARBON REDONDO,ROUND CHARCOAL GRILL,G301098A
01t4w00000NvMUBAA3,SILLA COMEDOR RATAN CON COJIN,ROMANO CHAIR,G110114A
01t4w00000NvMUQAA3,MESA PP RECTANGULAR PLEGABLE,INJECTION FOLDING TABLE (WOODEN DESIGN),G101074A
01t4w00000NvMURAA3,SET COMEDOR PP 5 PIEZAS,OUTDOOR FURNITURE,G108256A
01t4w00000NvMUWAA3,MESA PP CUADRADA PLEGABLE,SQUARE TABLE,G101075A
01t4w00000NvMUbAAN,SET COMEDOR PP 5 PIEZAS,OUTDOOR FURNITURE,G108257A
01t4w00000NvMUcAAN,SET COMEDOR PP 7 PIEZAS,OUTDOOR FURNITURE,G108258A
01t4w00000NvMUgAAN,SET MESA + 2 BANCOS PP PLEGABLE,OUTDOOR FURNITURE,G101076A
01t4w00000NvMUqAAN,SET BISTRO PLASTICO 3 PIEZAS CON COJINES,OUTDOOR SOFA FURNITURE,G108260A
01t4w00000NvMUvAAN,SALA DE PATIO ESQUINA PLASTICA CON COJINES,OUTDOOR SOFA FURNITURE,G108261A
01t4w00000NvMaFAAV,ASADOR CARBON RECTANGULAR,Charcoal grill,G301099A
01t4w00000NvMaGAAV,ASADOR CARBON RECTANGULAR CON MESA LATERAL,RECTANGULAR CHARCOAL GRILL WITH SIDE TABLE,G301102A
01t4w00000NvMaLAAV,ASADOR CARBON RECTANGULAR,RECTANGULAR CHARCOAL GRILL,G301100A
01t4w00000NvMaUAAV,ASADOR CARBON RECTANGULAR CON MESA LATERAL,RECTANGULAR CHARCOAL GRILL WITH SIDE TABLE,G301101A
01t4w00000NvMaZAAV,"ASADOR CARBON CUADRADO PLEGABLE 18""","FOLDING SQUARE CHARCOAL GRILL 18""",G301103A
01t4w00000NvMajAAF,ASADOR CARBON PORTATIL,PORTABLE CHARCOAL GRILL,G301104A
01t4w00000NvMamAAF,ASADOR CARBON REDONDO CON MESA,ROUND CHARCOAL GRILL WITH TABLE,G301120A
01t4w00000NvMaoAAF,ASADOR CARBON RECTANGULAR CON RUEDAS,RECTANGULAR CHARCOAL GRILL WITH WHEELS,G301105A
01t4w00000NvMayAAF,ASADOR CARBON RECTANGULAR CON RUEDAS,RECTANGULAR CHARCOAL GRILL WITH WHEELS,G301106A
01t4w00000NvMb3AAF,ASADOR CARBON RECTANGULAR CON MESA LATERAL,RECTANGULAR CHARCOAL GRILL WITH SIDE TABLE,G301107A
01t4w00000NvMbDAAV,ASADOR CARBON RECTANGULAR CON MESA LATERAL,Barrel grill,G301108A
01t4w00000NvMbEAAV,ASADOR CARBON RECTANGULAR CON MESA LATERAL,RECTANGULAR CHARCOAL GRILL WITH SIDE TABLE,G301110A
01t4w00000NvMbFAAV,ASADOR CARBON PORTATIL,PORTABLE CHARCOAL GRILL,G301112A
01t4w00000NvMbNAAV,ASADOR CARBON RECTANGULAR CON MESA DELANTERA,RECTANGULAR CHARCOAL GRILL WITH FRONT TABLE,G301109A
01t4w00000NvMbOAAV,ASADOR CARBON PORTATIL,PORTABLE CHARCOAL GRILL,G301114A
01t4w00000NvMbXAAV,ASADOR CARBON RECTANGULAR CON MESAS LATERALES Y RUEDAS,RECTANGULAR CHARCOAL GRILL WITH SIDE TABLES AND WHEELS,G301111A
01t4w00000NvMbhAAF,ASADOR CARBON RECTANGULAR CON MESAS LATERALES Y RUEDAS,RECTANGULAR CHARCOAL GRILL WITH SIDE TABLES AND WHEELS,G301113A
01t4w00000NvMbmAAF,ASADOR CARBON RECTANGULAR CON MESA LATERAL PLEGABLE Y PARRILLADAS 2 PIEZAS,RECTANGULAR CHARCOAL GRILL WITH FOLDING SIDE TABLE AND GRILLS 2 PIECES,G301115A
01t4w00000NvMbwAAF,ASADOR CARBON RECTANGULAR CON MESAS LATERALES Y PARRILLADAS 2 PIEZAS,RECTANGULAR CHARCOAL GRILL WITH SIDE TABLES,G301116A
01t4w00000NvMc1AAF,ASADOR CARBON PORTATIL,PORTABLE CHARCOAL GRILL,G301117A
01t4w00000NvMcBAAV,ASADOR CARBON AHUMADOR CILINDRICO,SMOKER,G301118A
01t4w00000NvMcGAAV,ASADOR CARBON PORTATIL,PORTABLE CHARCOAL GRILL,G301119A
01t4w00000NvMcQAAV,ASADOR CARBON AHUMADOR CILINDRICO CON PATA DESMONTABLE,SMOKE GRILL,G301121A
01t4w00000NvMcVAAV,ASADOR CARBON RECTANGULAR CON MESAS LATERALES Y RUEDAS,RECTANGULAR CHARCOAL GRILL WITH SIDE TABLES AND WHEELS,G301122A
01t4w00000NvMcaAAF,ASADOR CARBON PORTATIL,PORTABLE CHARCOAL GRILL,G301123A
01t4w00000NvMffAAF,ASADOR CARBON RECTANGULAR,RECTANGULAR CHARCOAL GRILL,G301124A
01t4w00000NvMfkAAF,ASADOR CARBON REDONDO,18'' DELUXE WEBER STYEL GRILL,G301125A
01t4w00000NvMfmAAF,ASADOR CARBON REDONDO,18'' DELUXE WEBER STYEL GRILL,G301126A
01t4w00000NvMfxAAF,ASADOR CARBON REDONDO,ROUND CHARCOAL GRILL,G301129A
01t4w00000NvMfyAAF,ASADOR CARBON REDONDO,ROUND CHARCOAL GRILL,G301135A
01t4w00000NvMg1AAF,ASADOR CARBON RECTANGULAR,RECTANGULAR CHARCOAL GRILL,G301127A
01t4w00000NvMgBAAV,ASADOR CARBON REDONDO,18'' DELUXE WEBER STYEL GRILL,G301128A
01t4w00000NvMgLAAV,ASADOR CARBON REDONDO,ROUND CHARCOAL GRILL,G301130A
01t4w00000NvMgNAAV,ASADOR CARBON CON MESA LATERAL,Simple grill,G301146A
01t4w00000NvMgPAAV,ASADOR CARBON REDONDO,46cm round grill,G301147A
01t4w00000NvMgQAAV,ASADOR CARBON PORTATIL PLEGABLE,FOLDABLE GRILL,G301131A
01t4w00000NvMgRAAV,ASADOR CARBON RECTANGULAR CON MESAS LATERALES Y RUEDAS,RECTANGULAR CHARCOAL GRILL WITH SIDE TABLES AND WHEELS,G301140A
01t4w00000NvMgWAAV,ASADOR CARBON REDONDO,ROUND CHARCOAL GRILL,G301132A
01t4w00000NvMgbAAF,ASADOR CARBON PORTATIL CON REFRIGERANTE,BBQ GRILL WITH COOLER BAG,G301134A
01t4w00000NvMgcAAF,ASADOR ELECTRICO RECTANGULAR,ELECTRIC GRILL,G301138A
01t4w00000NvMgfAAF,ASADOR CARBON REDONDO,56CM ROUND GRILL THREE LEGS,G301133A
01t4w00000NvMgpAAF,ASADOR CARBON REDONDO,ROUND CHARCOAL GRILL,G301136A
01t4w00000NvMguAAF,ASADOR GAS RECTANGULAR,GAS GRILL,G301137A
01t4w00000NvMh0AAF,ASADOR CARBON PORTATIL,PORTABLE CHARCOAL GRILL,G301139A
01t4w00000NvMh2AAF,ASADOR CARBON DOBLE CON MESAS LATERALES Y RUEDAS,DOUBLE CHARCOAL GRILL WITH SIDE TABLES AND WHEELS,G301145A
01t4w00000NvMh9AAF,POZO DE FUEGO,FIRE PIT,G301141A
01t4w00000NvMhEAAV,POZO DE FUEGO,OUTDOOR FIRE PITS,G301142A
01t4w00000NvMhJAAV,POZO DE FUEGO,Fire pit,G301143A
01t4w00000NvMhKAAV,ASADOR CARBON REDONDO,13inch simple grill,G301148A
01t4w00000NvMhOAAV,ASADOR COLGANTE,"20"" HANGING GRILL",G301144A
01t4w00000NvMhTAAV,PARRILLA CARBON PLANCHA CON MESAS LATERALES Y RUEDAS,ROADTED GRILL,G301149A
01t4w00000NvMhUAAV,ASADOR CARBON REDONDO,13INCH SIMPLE GRILL,G301151A
01t4w00000NvMhiAAF,PARRILLA CARBON MEDIO TAMBOR,HALF DRUM CHARCOAL GRILL,G301150A
01t4w00000NvMiCAAV,ENFRIADOR DE PATIO Y CARRITO DE BEBIDAS 80QT,80 QT COOLER CART,G113001A
01t4w00000NvMrWAAV,TENDAL SUELO CON ALAS + 1 BALDA,13M drying rack with mesh and shoe rack,H404080T
01t4w00000NvMrbAAF,TABLA DE PLANCHAR,Metal Mesh Ironing Board,H404097T
01t4w00000NvMrgAAF,PERCHERO ORGANIZADOR 2 NIVELES,3 TIERS GARMENT RACK,H406040T
01t4w00000NvMrlAAF,MESA ESCRITORIO,COMPUTER DESK,H102057T
01t4w00000NvMrqAAF,SILLA ORDENADOR MESH + FABRIC,OFFICE CHAIR,H101087T
01t4w00000NvMrvAAF,MESA CENTRO AJUSTABLE,ADJUSTABLE COFFE TABLE,H312234T
01t4w00000NvMs0AAF,SILLON RECLINABLE ELECTRICO CON REPOSACABEZAS,ELECTRIC RECLINER CHAIR,H311006T
01t4w00000NvMs5AAF,SOFA CAMA TRANSFORMER,SOFA BED,H309041T
01t4w00000NvMsAAAV,SOFA 2 PLAZAS,SOFA,H309096T
01t4w00000NvMsFAAV,MESA AUXILIAR,SIDE TABLE,H312222T
01t4w00000NvMsKAAV,MESA AUXILIAR,SIDE TABLE,H312224T
01t4w00000NvMsPAAV,MESA AUXILIAR CRISTAL,SQUARE COFFEE TABLE WITH GLASS,H305003T
01t4w00000NvMsUAAV,MESA AUXILIAR CRISTAL,ROUND COFFEE TABLE WITH GLASS,H305001T
01t4w00000NvMsZAAV,SET MESAS AUXILIARES 2 PIEZAS,set 2 coffee table,H312157T
01t4w00000NvMseAAF,SET MESAS AUXILIARES 3 PIEZAS,set 3 coffee table,H312160T
01t4w00000NvMsjAAF,ESTANTERIA 4 NIVELES CON 2 BINS,3 tier shelf with 2 baskets,H314030T
01t4w00000NvMsoAAF,ESTANTERIA 4 NIVELES,GLASS 5 SHELF UNIT,H312193T
01t4w00000NvMstAAF,ESTANTERIA METALICA 5 NIVELES,5 TIERS WIRE SHELF,H406047T
01t4w00000NvMsyAAF,ESTANTERIA 4 NIVELES ORGANIZADOR VASOS+VINO,SHELF,H212001T
01t4w00000NvMt3AAF,BANCO BAR TERCIOPELO,BAR STOOL,H206082T
01t4w00000NvMt8AAF,SILLA COMEDOR TELA,FABRIC DINING CHAIR,H201107T
01t4w00000NvMtDAAV,SET COMEDOR BAR BRASIL MDF + 4 SILLAS,BRASIL BAR DINNING SET BAR TABLE WITH DOUBLE DROP LEAF + 4 BAR CHAIRS,H210086T
01t4w00000NvMtIAAV,SET COMEDOR CRISTAL + 4 SILLAS,GLASS DINING SET + 4 CHAIRS,H210044T
01t4w00000NvMtNAAV,BANDEJA LAPTOP,LAPTOP TABLE,H104070T
01t4w00000NvMtSAAV,MESA ESCRITORIO AJUSTABLE,ADJUSTABLE TABLE,H102151T
01t4w00000NvMtXAAV,MESA ESCRITORIO + LIBRERO 2 NIVELES,COMPUTER DESK,H102033T
01t4w00000NvMtcAAF,MESA ESCRITORIO,Computer desk,H102103T
01t4w00000NvMthAAF,ESTENTERIA 3 NIVELES CON 2 PUERTAS,Bookshelf  with 2 doors,H314151T
01t4w00000NvMtmAAF,SOFA CAMA,SOFA BED,H309118T
01t4w00000NvMtrAAF,CARRITO ORGANIZADOR COCINA 3 NIVELES,Kitchen Trolley,H212006T
01t4w00000NvMtwAAF,SET COMEDOR MDF + 4 SILLAS PLEGABLES,DINING SET,H208002T
01t4w00000NvMu1AAF,SILLA PLEGABLE ACOLCHADA TELA,FABRIC FOLDING CHAIR,H201001T
01t4w00000NvMu2AAF,SILLA PLEGABLE ACOLCHADA TELA,FABRIC FOLDING CHAIR,
01t4w00000NvMu6AAF,BANCO BAR POLYWOOD,BAR STOOL,H206073T
01t4w00000NvMuBAAV,ESTANTERIA 5 NIVELES ORGANIZADOR CON RUEDAS,5 Tiers Folding Storage Rack,H212020T
01t4w00000NvMuVAAV,SOMBRILLA JARDIN 8 RIBS,10FT.Round  Market Umbrella,G106200A
01t4w00000NvMuXAAV,BASE SOMBRILLA GRANITO 20KG,Granite Base PROI,G106203A
01t4w00000NvMufAAF,SOMBRILLA JARDIN 8 RIBS,9FT.Round  Market Umbrella,G106201A
01t4w00000NvMugAAF,SOMBRILLA JARDIN LATERAL CON BASE EN CRUZ (BLOQUES NO INCLUIDOS),8FT. Square Cantilever  Umbrella,G106202A
01t4w00000NvMupAAF,BASE SOMBRILLA GRANITO 25KG,Granite Base PROI,G106204A
01t4w00000NvMuzAAF,BASE SOMBRILLA GRANITO REDONDO 25KG,Granite Base PROI,G106205A
01t4w00000NvMv0AAF,BASE SOMBRILLA CEMENTO DE IMITACION GRANITO 25KG,Expert base  PROI,G106212A
01t4w00000NvMv4AAF,BASE SOMBRILLA GRANITO 40KG CON RUEDAS Y ASA,Granite base PROI,G106206A
01t4w00000NvMv6AAF,BASE SOMBRILLA GRANITO REDONDO 35KG CON RUEDAS Y ASA,Granite base PROI,G106207A
01t4w00000NvMv9AAF,BASE SOMBRILLA GRANITO 40KG CON RUEDAS Y ASA EXTENDIBLE,Granite base PROI,G106208A
01t4w00000NvMvOAAV,BASE SOMBRILLA GRANITO REDONDO 40KG CON RUEDAS Y ASA EXTENSIBLE,Granite base PROI,G106209A
01t4w00000NvMvTAAV,BLOQUE CEMENTO DE IMITACION MADERA 20KG PARA BASE DE SOMBRILLA,Expert base PROI-4 in 1 slabs,G106210A
01t4w00000NvMvZAAV,BASE SOMBRILLA CEMENTO DE IMITACION MADERA 20KG,Expert base  PROI,G106211A
01t4w00000NvMviAAF,ENFRIADOR DE PATIO Y CARRITO DE BEBIDAS 60QT,60QT Rolling Cooler with wood Grain finish,G113002A
01t4w00000NvMvjAAF,ENFRIADOR DE PATIO Y CARRITO DE BEBIDAS 80QT,80QT Rolling Cooler with wood Grain finish,G113003A
01t4w00000NvMvsAAF,ENFRIADOR DE PATIO Y CARRITO DE BEBIDAS 80QT,80QT Rolling Cooler with wood Grain finish,G113004A
01t4w00000NvMw2AAF,ENFRIADOR DE PATIO Y CARRITO DE BEBIDAS 80QT,80QT PATIO COOLER & BEVERAGE CART IN WOOD GRAIN DESIGN,G113005A
01t4w00000NvMwCAAV,SALA DE PATIO ACACIA ESQUINA,CORNER SOFA SET,G108262A
01t4w00000NvMwMAAV,SALA DE PATIO ACACIA ESQUINA,CORNER SOFA BED,G108263A
01t4w00000NvN05AAF,ENFRIADOR DE PATIO Y CARRITO DE BEBIDAS 80QT,80QT COOLER CART,G113006A
01t4w00000NvN08AAF,TABURETE AUXILIAR HIELERA,COOLER TABLE,G113009A
01t4w00000NvN0AAAV,(INACTIVO) ENFRIADOR DE PATIO Y CARRITO DE BEBIDAS 80QT,80QT COOLER CART,G113007A
01t4w00000NvN0BAAV,(INACTIVO) ENFRIADOR DE PATIO Y CARRITO DE BEBIDAS 80QT,80QT COOLER CART,G113010A
01t4w00000NvN0CAAV,(INACTIVO) ENFRIADOR DE PATIO Y CARRITO DE BEBIDAS 82QT,82QT COOLER CART,G113011A
01t4w00000NvN0FAAV,(INACTIVO) ENFRIADOR DE PATIO Y CARRITO DE BEBIDAS 80QT CON MESAS LATERALES,80QT COOLER CART,G113008A
01t4w00000NvN0UAAV,BASE SOMBRILLA HDPE 23 KG,CENTER POLE UMBRELLA BASE,G106213A
01t4w00000NvN0aAAF,TUMBONA METALICA CON TEXTILENO,SUNBED,G111073A
01t4w00000NvN0eAAF,BASE SOMBRILLA HDPE 25 KG,STARIGHT POLE UMBRELLA BASE,G106214A
01t4w00000NvN0oAAF,BASE SOMBRILLA METALICA 18KG,STEEL UMBRELLA BASE,G106215A
01t4w00000NvN0tAAF,TUMBONA ALUMINIO CON TEXTILENO,SUNBED,G111074A
01t4w00000NvN3yAAF,SET COMEDOR ALUMINIO + 6 SILLAS,DINING SET,H210089B
01t4w00000NvN43AAF,SALA DE PATIO METALICA,METALLIC PATIO SET,G108264A
01t4w00000NvN68AAF,SET BISTRO ROPE Y ACACIA,ROPE SET BISTRO,G108265A
01t4w00000NvN9EAAV,SET COMEDOR ALUMINIO + 6 SILLAS,DINING SET,G108266A
01t4w00000NvN9TAAV,SET COMEDOR ALUMINIO + 6 SILLAS,DINING SET,G108267A
01t4w00000NvND2AAN,MESA JARDIN REDONDA MESH PLEGABLE,FOLDING OUTDOOR METAL MESH TABLE,G109039A
01t4w00000NvNDCAA3,MESA JARDIN REDONDA MESH,STEEL MESH TABLE,G109040A
01t4w00000NvNDHAA3,MESA JARDIN CUADRADA MESH,STEEL MESH TABLE,G109041A
01t4w00000NvNDIAA3,MESA JARDIN CUADRADA MESH,STEEL MESH TABLE,G109042A
01t4w00000NvNOgAAN,COLUMPIO BALANCIN DOBLE,STEEL HAMMOCK SWING CHAIR,G111075A
01t4w00000NvNOlAAN,GAZEBO PLAYA PROTECTOR SOLAR,CAMPING SUN SHELTER,G502021A
01t4w00000NvNOqAAN,MESA REDONDA FIJA,ROUND TABLE,G101071E
01t4w00000NvNOvAAN,MESA RESINA FIJA,8 FOOT TABLE,G101069E
01t4w00000NvNaWAAV,SET COMEDOR METALICO 5 PIEZAS,DINING SET,G108268A
01t4w00000NvQbBAAV,SILLA RESINA DOBLE IMITACION MADERA,BLOW MOLD FOLDING CHAIR WOOD DESIGN,G101077A
01t4w00000NvQbLAAV,SILLA RESINA DOBLE IMITACION RATAN,FOLDING CHAIR,G101078A
01t4w00000NvQbOAAV,MESA RESINA RECTANGULAR IMITACION RATAN PLEGABLE,6FT FOLDING TABLE,G101081A
01t4w00000NvQbQAAV,SILLA RESINA DOBLE IMITACION RATAN,FOLDING CHAIR,G101079A
01t4w00000NvQbSAAV,MESA RESINA PERSONAL REDONDA IMITACION RATAN,80CM ROUND FOLDING TABLE RATTAN DESIGN,G101085A
01t4w00000NvQbVAAV,SILLA RESINA DOBLE IMITACION RATAN,FOLDING CHAIR,G101080A
01t4w00000NvQbXAAV,MESA RESINA PERSONAL AJUSTABLE RECTANGULAR IMITACION RATAN,PERSONAL FOLDING TABLE,G101086A
01t4w00000NvQbaAAF,MESA RESINA RECTANGULAR IMITACION RATAN PLEGABLE,4FT FOLDING TABLE,G101082A
01t4w00000NvQbcAAF,MESA RESINA PERSONAL CUADRADA IMITACION RATAN,61CM SQUARE FOLDING TABLE,G101084A
01t4w00000NvQbfAAF,BANCA RESINA IMITACION RATAN PLEGABLE,6FT FOLDING BENCH,G101083A
01t4w00000NvQc9AAF,SET PODADERA METALICA 2 PIEZAS,ANVIL MINI RATCHET LOPPER + SCISSORS,G402019A
01t4w00000NvQcJAAV,BEMBO AJUSTABLE METALICO,9 PATTERNS METAL NOZZLE,G401114A
01t4w00000NvQcOAAV,SET VARILLA DE AGUA + BEMBO + ADAPTADOR ALUMINIO,WATER WAND + BEMBO + ALUMINUM ADAPTER SET,G401115A
01t4w00000PWtrOAAT,GAZEBO CUADRADO CON BARRAS BAR,GAZEBO,G106089T
01t4w00000PWtrTAAT,BANCO JARDIN CONVERTIBLE TUMBONA ACACIA,BENCH SUNBED,G110100T
01t4w00000PWtrdAAD,SALA DE PATIO METALICA 4 PIEZAS,SOFA SET 8 PIECES,G108212T
01t4w00000PWtriAAD,SALA DE PATIO WICKER 4 PIEZAS,Tilburg II Rattan sofa set of 4,G108095T
01t4w00000PWts6AAD,SET BISTRO WICKER 3 PIEZAS CON COJIN,Rocky steel rattan chat of 3,G108091T
01t4w00000PWtsUAAT,SET BISTRO WICKER 3 PIEZAS,Steel rattan set of 3,G108092T
01t4w00000PWtsqAAD,SET BISTRO ACACIA Y WICKER,BISTRO SET,G108249T
01t4w00000PWtt0AAD,SET COMEDOR ACACIA 5 PIEZAS,DINING SET 5 PCS,G108243T
01t4w00000PWttAAAT,MESA AUXILIAR JARDIN ACACIA,COFFEE TABLE,G109037T
01t4w00000PWttFAAT,CARRITO APOYO RECTANGULAR,TROLLEY,G109018T
01t4w00000PWttdAAD,CARRITO APOYO CUADRADO,Lund steel rattan square trolley,G109024T
01t4w00000PWy39AAD,SET COMEDOR VIENA + 6 SILLAS,VIENA DINNING SET TABLE + 6 CHAIRS,H210088M
01t4w00000PWy3EAAT,SILLON MARIPOSA,BUTTERFLY CHAIR,H312264M
01t4w00000PWy3JAAT,SET MESAS AUXILIARES 2 PIEZAS,COFFEE TABLE OF 2 SET,H312265M
01t4w00000PX0woAAD,CARRITO APOYO RECTANGULAR,TROLLEY,G109043T
01t4w00000PX0wyAAD,SALA DE PATIO METALICA,METALLIC PATIO SET,G108264H
01t4w00000PX0x3AAD,TABURETE AUXILIAR HIELERA,STOOL COOL BOX,G109026H
01t4w00000PX0x8AAD,TABURETE AUXILIAR HIELERA,STOOL COOL BOX,G109026I
01t4w00000PX0xDAAT,SALA DE PATIO METALICA,METALLIC PATIO SET,G108264I
01t4w00000PX1j8AAD,MESA RESINA PLEGABLE 124cm COLORES,4FT FOLD IN HALF TABLE,G101087A
01t4w00000PX1kqAAD,SILLA RESINA PLEGABLE IMITACION RATAN,FOLDING CHAIR RATTAN DESIGN,G101055A
01t4w00000PX1l0AAD,(INACTIVO) MESA RESINA PLEGABLE IMITACION RATAN,4FT FOLDING TABLE RATTAN DESIGN,G101052A
01t4w00000PX1m0AAD,BANCO RESINA PLEGABLE IMITACION RATAN,FOLDING BENCH RATTAN DESIGN,G101054A
01t4w00000PX1mAAAT,SILLA RESINA PLEGABLE IMITACION MADERA,FOLDING CHAIR WOOD DESIGN,G101088A
01t4w00000PX1mLAAT,BANCO RESINA PLEGABLE IMITACION MADERA,FOLDING BENCH WOOD DESIGN,G101089A
01t4w00000PX1mNAAT,ARCON MULTIUSOS 490L IMITACION MADERA,DECK BOX WOOD DESIGN,G113016A
01t4w00000PX1mUAAT,ARCON MULTIUSOS 105 L IMITACION RATAN,DECK BOX RATTAN DESIGN,G113012A
01t4w00000PX1mVAAT,ARCON MULTIUSOS 270 L IMITACION MADERA,"DECK BOX, WOOD DESIGN",G113013A
01t4w00000PX1mZAAT,ARCON MULTIUSOS 390L IMITACION MADERA,"DECK BOX, WOOD DESIGN",G113014A
01t4w00000PX1maAAD,MESA RESINA PLEGABLE NIÑOS 121 CM,4FT KIDS TABLE,G101090A
01t4w00000PX1meAAD,ARCON MULTIUSOS 450L IMITACION RATAN,"DECK BOX, RATTAN DESIGN",G113015A
01t4w00000PX1mgAAD,SET PICNIC RESINA PLEGABLE,BEER TABLE SET,G101094A
01t4w00000PX1mkAAD,COBERTIZO MULTIUSOS 2270L IMITACION MADERA,SHED WOOD DESIGN,G113017A
01t4w00000PX1mlAAD,TABURETE RESINA NIÑOS KD,KIDS STOOL,G101091A
01t4w00000PX1mmAAD,TABURETE RESINA PLEGABLE,FOLDING STOOL,G101093A
01t4w00000PX1mnAAD,FREGADERO RESINA PLEGABLE CON GRIFO,FILLET STATION,G113018A
01t4w00000PX1mtAAD,TABURETE RESINA PLEGABLE,FOLDING STOOL,G101092A
01t4w00000PX2DnAAL,MESA DE JUEGO RESINA PLEGABLE,GAME TABLE,G101095A
01t4w00000PX2DoAAL,SET PICNIC RESINA CUADRADO IMITACION MADERA,PICNIC TABLE WOOD DESIGN,G101096A
01t4w00000PX2GsAAL,SET PICNIC RESINA RECTANGULAR IMITACION  MADERA,"6FT PICNIC TABLE, WOOD DESIGN",G101097A
01t4w00000PX2H2AAL,SET PICNIC RESINA RECTANGULAR,6FT PICNIC TABLE,G101098A
01t4w00000PX2HCAA1,MESA RESINA PERSONAL AJUSTABLE IMITACION RATAN,PERSONAL FOLDING TABLE RATTAN DESIGN,G101099A
01t4w00000PX2HMAA1,MESA RESINA PERSONAL PLEGABLE REDONDA,60 CM ROUND TABLE,G101100A
01t4w00000PX2HRAA1,MESA RESINA CUADRADA PLEGABLE A LA MITAD,86 CMS SQUARE FOLD IN HALF TABLE,G101101A
01t4w00000PX2HgAAL,SILLA PLEGABLE PP,INJECTION FOLDING CHAIR,G101102A
01t4w00000PX2HqAAL,SILLA PLEGABLE PP,INJECTION FOLDING CHAIR,G101103A
01t4w00000PX2yjAAD,MESA RESINA PERSONAL,FOLDING HDPE PERSONAL TABLE ADJUSTABLE,G101018I
01t4w00000PX2ykAAD,MESA RESINA PERSONAL,FOLDING HDPE PERSONAL TABLE ADJUSTABLE,
01t4w00000PX2yoAAD,MESA RESINA PLEGABLE ? 4 cm,122 CM FOLDING TABLE,G101024I
01t4w00000PX2ytAAD,MESA RESINA PLEGABLE ? 4.5 cm,6FT FOLDING HDPE TABLE,G101007I
01t4w00000PX2yuAAD,MESA RESINA PLEGABLE,6FT FOLDING HDPE TABLE,
01t4w00000PX2yyAAD,SILLA PLEGABLE DOBLE,FOLDING HDPE CHAIR,G101003I
01t4w00000PX2yzAAD,SILLA RESINA DOBLE,FOLDING HDPE CHAIR DOUBLE REINFORCEMENT,
01t4w00000PX4QMAA1,SILLA RESINA DOBLE AZUL,FOLDING CHAIR,G101104A
01t4w00000PX4QRAA1,MESA RESINA PLEGABLE 124cm COLORES,4FT FOLD IN HALF TABLE,G101087Y
01t4w00000PX4uaAAD,ESTANTERIA 4 NIVELES EN ESQUINA,4 TIERS CORNER DISPLAY SHELF,H302053S
01t4w00000PX4ufAAD,ESTANTERIA 4 NIVELES,4 LEVEL SHELF,H314014S
01t4w00000PX4ukAAD,ESTANTERIA 3 NIVELES,3 TIER SHELF,H314028S
01t4w00000PX4upAAD,ESTANTERIA METALICA 5 NIVELES,METALIC SHELF,H405130S
01t4w00000PX4uuAAD,ORGANIZADOR ROPA,ORGANIZER BOX,H406024S
01t4w00000PX4uzAAD,CAJA ORGANIZADOR,ORGANIZER BOX,H406025S
01t4w00000PX4v4AAD,ORGANIZADOR ZAPATOS COLGANTE 6 NIVELES,ORGANIZER,H406028S
01t4w00000PX4v9AAD,ORGANIZADOR ZAPATOS COLGANTE 10 NIVELES,ORGANIZER,H406029S
01t4w00000PX4vEAAT,CAJA ORGANIZADOR,ORGANIZER BOX,H406032S
01t4w00000PX4vJAAT,PERCHERO ORGANIZADOR 2 NIVELES,3 TIERS GARMENT RACK,H406040S
01tVT000000KbeXYAS,SILLA PLAYA,BEACH CHAIR,G501051Y
01tVT000000Q2REYA0,SILLA PLAYA AJUSTABLE,BEACH CHAIR,G501054Y
01tVT000000Q3S5YAK,SILLA PLAYA,BEACH CHAIR,G501052Y
01tVT000000Q3rtYAC,SILLA PLAYA,BEACH CHAIR,G501053Y
01tVT000000Q4WDYA0,SILLA PLAYA,BEACH CHAIR,G501055Y
01tVT000000Q5AYYA0,TUMBONA PLEGABLE PLAYA,TUMBONA,G501056Y
01tVT000000Q5X8YAK,SOMBRILLA PLAYA,BEACH UMBRELLA,G502023Y
01tVT000000Q5YjYAK,SILLA PLAYA,BEACH CHAIR,G501057Y
01tVT000000Q63NYAS,SOMBRILLA PLAYA,BEACH UMBRELLA,G502022Y
01tVT000000UBxKYAW,SOMBRILLA PLAYA  6FT (180CM),BEACH PARASOL,G502027Y
01tVT000000UCerYAG,SOMBRILLA PLAYA,BEACH PARASOL,G502026Y
01tVT000000UCtOYAW,SOMBRILLA PLAYA,6.5FT(200CM)STEEL BEACH PARASOL+ANCHOR POLE,G502028Y
01tVT000000UD6IYAW,SOMBRILLA PLAYA,BEACH PARASOL,G502029Y
01tVT000000UDJCYA4,SOMBRILLA PLAYA,7FT(210CM)STEEL TABLE PARASOL,G502030Y
01tVT000000UES9YAO,SOMBRILLA PLAYA,8FT(240CM) OXFORD STEEL BEACH PARASOL,G502031Y
01tVT000000UEgfYAG,SOMBRILLA PLAYA,BEACH PARASOL,G502032Y
01tVT000000UFG9YAO,GAZEBO PLAYA PROTECTOR SOLAR,6FT*6FT (180CM X180CM) INSTANT CABANA,G502033Y
01tVT000000UFZVYA4,BASE SOMBRILLA HDPE,CENTER POLE UMBRELLA BASE,G106224Y
01tVT000000ULmzYAG,SOMBRILLA JARDIN 6 RIBS,8FT (240CM ) CRANKED OPEN GARDEN PARASOL,G106225Y
01tVT000000UMJFYA4,"SOMBRILLA DE JARDÍN DE ACERO DE 2,3 M",STEEL GARDEN PARASOL 2.3M,G106226Y
01tVT000000UMcbYAG,SOMBRILLA DE JARDÍN DE ACERO DE 2 M,STEEL GARDEN PARASOL 2M,G106227Y
01tVT000000UNFKYA4,SOMBRILLA JARDIN 8 RIBS,10FT (300CM ) CRANKED OPEN GARDEN PARASOL,G106230Y
01tVT000000UNNNYA4,"SOMBRILLA DE JARDÍN DE ACERO DE 2,7 M",STEEL GARDEN PARASOL 2.7M,G106228Y
01tVT000000UORVYA4,"SOMBRILLA DE JARDÍN DE ACERO DE 2,7 M",STEEL GARDEN PARASOL 2.7M,G106229Y
01tVT000000UQjSYAW,SILLA PLAYA,BEACH CHAIR,G501060Y
01tVT000000UR7dYAG,SILLA DOBLE PLAYA,DOUBLE BEACH CHAIR,G501058Y
01tVT000000URyrYAG,SILLA DOBLE PLAYA,DOUBLE BEACH CHAIR,G501059Y
01tVT000000USWjYAO,SILLA PLAYA,BEACH CHAIR,G501061Y
01tVT000000USmrYAG,SILLA PLAYA,BEACH CHAIR,G501062Y
01tVT000000USwXYAW,SILLA ALUMINIO,ALUMINUM CHAIR,G110115Y
01tVT000000UTJ7YAO,SILLA PLAYA,BEACH CHAIR,G501063Y
01tVT000000UTKjYAO,SET COMEDOR 7 PIEZAS,7 PIECES DINING SET,G108269Y
01tVT000000UTPZYA4,SILLA ALUMINIO,ALUMINUM CHAIR,G110116Y
01tVT000000UTfhYAG,SILLA PLAYA,BEACH CHAIR,G501064Y
01tVT000000UThJYAW,SILLA DOBLE PLAYA,DOUBLE BEACH CHAIR,G501065Y
01tVT000000UTkXYAW,SILLA ALUMINIO,ALUMINUM CHAIR,G110117Y
01tVT000000UTuDYAW,SILLA ALUMINIO,ALUMINUM CHAIR,G110118Y
01tVT000000UTvpYAG,SILLA PLAYA,BEACH CHAIR,G501066Y
01tVT000000UU3tYAG,SET BISTRO TEXTILENO,BISTRO SET,G108270Y
01tVT000000UU8jYAG,SILLA ALUMINIO,ALUMINUM CHAIR,G110119Y
01tVT000000UUFCYA4,TUMBONA METAL PLEGABLE,CHAISE LOUNGE,G111077Y
01tVT000000UUIQYA4,SILLA METAL,STEEL CHAIR,G110120Y
01tVT000000UUK1YAO,SILLA PLAYA,BEACH CHAIR,G501067Y
01tVT000000UUWvYAO,SET BISTRO PLEGABLE,FOLDING BISTRO SET,G108271Y
01tVT000000UUYXYA4,SILLA PLAYA,BEACH CHAIR,G501068Y
01tVT000000UVKvYAO,TUMBONA,CHAISE LOUNGE,G111076Y
01tVT000000UVpZYAW,HAMACA METAL CON TELA,HAMMOCK,G111078Y
01tVT000000VFahYAG,CARPA PLEGABLE,FOLDING TENT,G106232Y
01tVT000000VHvpYAG,CARPA PARA CARRO,CAR TENT,G106231Y
01tVT000000VJBFYA4,CARPA PLEGABLE,FOLDING TENT,G106233Y
01tVT000000VJsnYAG,CARPA PLEGABLE,FOLDING TENT,G106234Y
01tVT000000WniMYAS,BANCO BAR PU,BAR STOOL,H206096B
01tVT000000WqEoYAK,ASADOR CARBON PORTATIL,PORTABLE CHARCOAL GRILL,G301123Y
01tVT000000WqZmYAK,ASADOR CARBON REDONDO,18'' DELUXE WEBER STYEL GRILL,G301095Y
01tVT000000WsJrYAK,ASADOR CARBON REDONDO,18'' DELUXE WEBER STYEL GRILL,G301128Y
01tVT000000WsN5YAK,BANCO BAR LUGO,BAR STOOL,H206097B
01tVT000000WszlYAC,ASADOR CARBON RECTANGULAR CON MESAS LATERALES Y RUEDAS,CHARCOAL GRILL,G301152Y
01tVT000000WtkXYAS,ASADOR CARBON RECTANGULAR CON MESAS LATERALES Y RUEDAS,RECTANGULAR CHARCOAL GRILL WITH SIDE TABLES AND WHEELS,G301113Y
01tVT000000WuS7YAK,SILLA COMEDOR ACOLCHADA,DINING CHAIR,H201159B
01tVT000000WvcfYAC,SET MESAS AUXILIARES 2 PIEZAS,COFFEE TABLE SET,H312267B
01tVT000000Wvw1YAC,SET MESAS AUXILIARES 2 PIEZAS,COFFEE TABLE SET,H312268B
01tVT000000WwNRYA0,SET MESAS AUXILIARES 2 PIEZAS,COFFEE TABLE SET,H312269B
01tVT000000WxY1YAK,BANDEJA LAPTOP,BED TABLE,H104084B
01tVT000000WxeUYAS,BANCO BAR PU,BAR STOOL,H206099B
01tVT000000WxkyYAC,SILLA COMEDOR,DINING CHAIR,H201158B
01tVT000000Wxo9YAC,BANCO BAR PU,BAR STOOL,H206098B
01tVT000000WxxpYAC,MESA ESCRITORIO PLEGABLE,FOLDING DESK,H102152B
01tVT000000WydlYAC,SILLA COMEDOR,DINING CHAIR,H201157B
01tVT000000WzRlYAK,BANCO BAR PP,BAR STOOL,H206100B
01tVT000000dr7lYAA,SILLA COMEDOR METAL,METAL DINING CHAIR,H201160B
01tVT000000dzelYAA,SILLA COMEDOR,DINING CHAIR,H201161B
01tVT000000dzy7YAA,SILLA COMEDOR METAL,METAL DINING CHAIR,H201163B
01tVT000000e0qwYAA,SILLA COMEDOR METAL,METAL DINING CHAIR,H201164B
01tVT000000e1LZYAY,SILLA COMEDOR METAL,METAL DINING CHAIR,H201162B
01tVT000000e2G2YAI,SILLA COMEDOR METAL,METAL DINING CHAIR,H201165B
01tVT000000e3P0YAI,BANCO BAR PLEGABLE,Folding bar bench,H206101B
01tVT000000e3dVYAQ,SILLA COMEDOR METAL,METAL DINING CHAIR,H201166B
01tVT000000e6gEYAQ,BANDEJA LAPTOP,LAPTOP TRAY,H104085B
01tVT000000e79GYAQ,BANCO BAR VELVET,BAR BENCH,H206102B
01tVT000000e7xHYAQ,SET MESAS AUXILIARES 2 PIEZAS,QUESNEL COFFEE TABLE,H312270B
01tVT000000e83kYAA,MESA ESCRITORIO PLEGABLE,FOLDINS WIDE DESK,H102153B
01tVT000000eABzYAM,SET MESAS AUXILIARES 2 PIEZAS,SET OF AUXILIARY TABLES 2 PIECES,H312271B
01tVT000000eAyMYAU,BANDEJA LAPTOP,LAPTOP TRAY,H104086B
01tVT000000eBWEYA2,SILLA DE SALON,LOUNGE CHAIR,H311056B
01tVT000000eBchYAE,BANCO TERCIOPELO,Plessisville Stool,H311057B
01tVT000000eCnHYAU,SILLA DE SALON,LOUNGE CHAIR,H311058B
01tVT000000eD8GYAU,SET COMEDOR PVC + 4 TABURETES sin TORNILLOS,Mistassini Dining  Set,H210097B
01tVT000000eDEiYAM,MESA COMEDOR METAL,METAL TABLE,G109044A
01tVT000000eDHtYAM,BANCO TERCIOPELO CON ALMACENAMIENTO,Kincardine Stool with storage,H311059B
01tVT000000eDhiYAE,SILLON METAL,METAL STOOL,H311062B
01tVT000000eDkxYAE,SET MESAS AUXILIARES 2 PIEZAS sin TORNILLOS,Colwood Nesting Side Tables,H312272B
01tVT000000eDzRYAU,BANCO TERCIOPELO,Carbonear Stool,H311060B
01tVT000000eECNYA2,MESA AUXILIAR,Coaticook Side Table,H312274B
01tVT000000eEDxYAM,SILLON METAL,METAL STOOL,H311061B
01tVT000000eEfNYAU,SET COMEDOR BAR PVC + 4 TABURETES sin TORNILLOS,Olds Dining  Set(1+4),H210096B
01tVT000000eEp4YAE,SILLON TELA ROCKER,ROCKER CHAIR,H311063B
01tVT000000eF0NYAU,SET MESAS AUXILIARES 2 PIEZAS,Hampstead Tea Table,H312273B
01tVT000000eFBdYAM,BANCA TERCIOPELO,VELVET BENCH,H311064B
01tVT000000eFl7YAE,SILLA DE SALON,LOUNGE CHAIR,H311065B
01tVT000000eIvtYAE,SET MESAS DE CENTRO 3 PIEZAS,COFFEE NEST SET,H312275B
01tVT000000eJbrYAE,SILLA COMEDOR PLASTICO,PLASTIC CHAIR,H201169B
01tVT000000eJyPYAU,SILLA PLEGABLE ACOLCHADA PVC,PVC FOLDING CHAIR,H201167B
01tVT000000eKEXYA2,SILLA PLEGABLE PLASTICO,PLASTIC FOLDING CHAIR,H201168B
01tVT0000014xnKYAQ,MESA ESCRITORIO,FOLDING DESK RUSTIC WOOD EFFECT,H102154B
01tVT00000152exYAA,SET MESA ESCRITORIO + SILLA,BAR SET WITH SHELF,H102155B
01tVT00000153WAYAY,SET MESAS AUXILIARES 3 PIEZAS,COFFEE NESTING TABLE,H312276B
01tVT00000154DhYAI,ESTANTERIA 4 NIVELES,4 TIERS SHELF,H314159B
01tVT000001593iYAA,SET BISTRO ALUMINIO,ALUMINUM BISTRO SET,G108272A
01tVT0000015ARCYA2,MESA COMEDOR REDONDA MDF,Uchenna Dining Table,H211013B
01tVT0000015ASpYAM,ESTRUCTURA CAMA,DOUBLE BED,H313076B
01tVT0000015Ae6YAE,SILLON TELA,Valentina  Arm Chair,H311066B
01tVT0000015BAMYA2,SOFA 2 PLAZAS,Double Seat Sofa,H309127B
01tVT0000015BNGYA2,LITERA,BUNK BED,H313073B
01tVT0000015BbnYAE,MESA DE BAR,BAR TABLE,H211014B
01tVT0000015CBGYA2,CARRITO AUXILIAR METALICO 2 NIVELES,Venice Freja Drinks Trolley Black,H212027B
01tVT0000015D2UYAU,MESA AUXILIAR,STORAGE  COFFEE  NEST,H312277B
01tVT0000015DSHYA2,SILLON TELA + REPOSA PIES,WOODEN CHAIR WITH STOOL,H311067B
01tVT0000015DTtYAM,SILLON TELA,Ulani Chair in Fur,H311068B
01tVT0000015DiQYAU,SET COMEDOR MDF Y MADERA + 4 SILLAS,Udele Dining Set,H210098B
01tVT0000015DorYAE,SET BISTRO ALUMINIO,ALUMINUM BISTRO SET,G108273A
01tVT0000015DwxYAE,BANCO BAR PP APILABLE,Trail Bar chair,H206104B
01tVT0000015E6cYAE,ESTRUCTURA CAMA,DOUBLE BED,H313074B
01tVT0000015EBSYA2,SILLA ALUMINIO,ALUMINUM CHAIR,G110121A
01tVT0000015ETCYA2,MESA ESCRITORIO,Steinbach Study Desk,H102156B
01tVT0000015EhkYAE,TABURETE APILABLE,Selkirk Dining chair,H206103B
01tVT0000015EjJYAU,BANCO ALUMINIO,ALUMINUM BENCH,G110122A
01tVT0000015EjLYAU,SILLA COMEDOR MADERA ACOLCHADA,Lorraine chair,H201170B
01tVT0000015EmXYAU,ESTRUCTURA CAMA,SINGLE BED,H313075B
01tVT0000015F5tYAE,SET COMEDOR MADERA + 2 TABURETES,Tinsley Dining Set,H210099B
01tVT0000015FFZYA2,BANCO ALUMINIO,ALUMINUM BENCH,G110123A
01tVT0000015FXJYA2,SET COMEDOR MDF Y MADERA + 4 SILLAS,Summer Dining Set,H210100B
01tVT0000015FfNYAU,SILLON MECEDORA ALUMINIO,ALUMINUM ROCKING CHAIR,G110124A
01tVT0000015FfOYAU,SILLA COMEDOR PP APILABLE,Carleton  Dining chair,H201171B
01tVT0000015FttYAE,SILLA ORDENADOR,SOPHIE OFFICE CHAIR,H101116B
01tVT0000015GI6YAM,BANCO BAR PU,Perrot Bar stool,H206106B
01tVT0000015GJhYAM,SET COMEDOR + 2 BANCOS,Scarlett Dining Bench Set,H210101B
01tVT0000015GegYAE,SILLA COMEDOR ALUMINIO,ALUMINUM WOVEN ROPE CHAIR,G110127A
01tVT0000015GhtYAE,SET COMEDOR MDF + 2 BANCOS,Savannah Dining Set,H210102B
01tVT0000015GzfYAE,SET DE PATIO ALUMINIO 4 PIEZAS,ALUMINUM SET 4 PCS,G108274A
01tVT0000015HZ7YAM,SILLON ALUMINIO,WOVEN ROPE CHAIR,G110125A
01tVT0000015HfaYAE,SET COMEDOR MDF + 4 SILLAS,DINING SET WITH CUSHIN,H210103B
01tVT0000015Hm1YAE,SILLA ORDENADOR,Autumn  Office Chair Lilypad,H101117B
01tVT0000015HpFYAU,SILLA COMEDOR ALUMINIO,ALUMINUM WOVEN ROPE CHAIR,G110126A
01tVT0000015HviYAE,SET COMDEOR ALUMINIO EXTENSIBLE,ALUMINUM DINING SET,G108278A
01tVT0000015I5NYAU,LITERA ESCRITORIO,Study Bunk Bed,H313077B
01tVT0000015I5OYAU,SET MESAS AUXILIARES 2 PIEZAS,COFFEE TABLE,H312278B
01tVT0000015IQMYA2,SILLA COMEDOR PP APILABLE,Nelson Dining chair,H201172B
01tVT0000015ITZYA2,SILLON ALUMINIO,ALUMINUM ARM CHAIR,G110128A
01tVT0000015ImvYAE,MESA JARDIN REDONDA,ROUND STEEL TABLE,G109045A
01tVT0000015J33YAE,LITERA ESCRITORIO,Double Loft Bunk Bed,H313078B
01tVT0000015JEMYA2,BANCO ALUMINIO,ALUMINUM BENCH,G110132A
01tVT0000015JSrYAM,SILLA ALUMINIO,ALUMINUM ARM CHAIR,G110129A
01tVT0000015JayYAE,SET COMEDOR ALUMINIO 5 PIEZAS,ALUMINUM PLASTIC WOOD DINING SET 5 PCS,G108277A
01tVT0000015JkbYAE,BANCO ALUMINIO,ALUMINUM BENCH,G110130A
01tVT0000015JuIYAU,SET COMEDOR MDF + 4 SILLAS,DINING SET WITHOUT CUSHION,H210104B
01tVT0000015K8nYAE,BANCO ALUMINIO,ALUMINUM BENCH,G110131A
01tVT0000015KgfYAE,MESA JARDIN ALUMINIO,ALUMINUM TABLE,G110133A
01tVT0000015Kn7YAE,BANCO BAR TELA,High River Bar Stool,H206105B
01tVT0000015LMbYAM,SILLA COMDEOR ALUMINIO,ALUMINUM WOVEN ROPE CHAIR,G110134A
01tVT0000015Lb7YAE,BANCO BAR MADERA,Hinton Bar stool,H206107B
01tVT0000015LeLYAU,SILLA COMEDOR METAL,IRON PE RATTAN CHAIR,G110135A
01tVT0000015LrFYAU,BANCO BAR TELA,Estevan Bar Stool,H206108B
01tVT0000015LzJYAU,SET BISTRO RATAN,RATTAN BISTRO SET,G108275A
01tVT0000015LzKYAU,SET COMEDOR ALUMINIO 5 PIEZAS,ALUMINUM DINING SET 5 PCS,G108276A
01tVT0000015MDpYAM,BANCO BAR PU,Parksville Bar stool,H206109B
01tVT0000015MNXYA2,SILLA COMEDOR PU APILABLE,Amy Stackable Dining Chair,H201174B
01tVT0000015MYnYAM,SILLA COMEDOR PP APILABLE,Windsor  Stackable Chair,H201173B
01tVT0000015MvNYAU,BANCO BAR PU,Perth Canteliver Bar Stool Grey PU,H206110B
01tVT0000015NWTYA2,BANCO BAR TELA APILABLE,Joey  Stackable Bar Stool,H206111B
01tVT0000015NjNYAU,SET COMEDOR MDF Y MADERA + 2 SILLAS PLEGABLES,Hawkesbury Dining Set (1+2),H210105B
01tVT0000016Hs2YAE,BANCO BAR METAL,BAR CHAIR,H206112B
01tVT0000016KDBYA2,MESA DE BAR,BARTABLE WITH 3 LAYERS,H211015B
01tVT0000016KUwYAM,SILLA PLEGABLE,FOLDING CHAIR,H201175B
01tVT0000016UJ0YAM,SET COMEDOR ALUMINIO 3 PIEZAS,ALUMINUM DINING SET 3 PCS,G108280A
01tVT0000016ZQjYAM,SET COMEDOR ALUMINIO 3 PIEZAS,ALUMINUM DINING SET 3 PCS,G108279A
01tVT0000016kh7YAA,MESA ESCRITORIO + LIBRERO 3 NIVELES,DESK,H102157Y
01tVT0000016lGbYAI,MESA ESCRITORIO + LIBRERO 2 NIVELES,DESK,H102158Y
01tVT0000017zscYAA,SILLA ORDENADOR,CHAIR,H101119Y
01tVT000001808lYAA,SILLA ORDENADOR,COMPUTER CHAIR,H101118Y
01tVT00000180VKYAY,SILLA ORDENADOR PU,MANAGER CHAIR MID BACK,H101123Y
01tVT000001816QYAQ,MESA ESCRITORIO,DESK,H102159Y
01tVT00000183mXYAQ,SILLA ORDENADOR MESH,OFFICE CHAIR,H101120Y
01tVT000001845tYAA,SILLA ORDENADOR,CHAIR,H101121Y
01tVT00000184HBYAY,SILLA ORDENADOR PU + PLASTICO,CHAIR,H101122Y
01tVT0000018JjGYAU,SET COMEDOR MDF + 2 SILLAS,DINING SET MDF + 2 CHAIRS,H210107Y
01tVT0000018KaUYAU,SET COMEDOR MDF + 4 SILLAS,DINNIG SET MDF + 4 CHAIRS,H210106Y
01tVT0000018KgxYAE,SILLA ORDENADOR,OFFICE CHAIR,H101124Y
01tVT000001BBsQYAW,BANCO BAR,BAR STOOL,H206113B
01tVT000001BCyAYAW,MESA COMEDOR METAL,STEEL TABLE,H211016Y
01tVT000001BDnmYAG,SILLA ORDENADOR PU (1PC/1BOX),PU COMPUTER CHAIR (1PC/1BOX),H101125B
01tVT000001BE0fYAG,BANCO BAR,BAR STOOL,H206114B
01tVT000001BEbmYAG,SILLA ORDENADOR PU (1PC/1BOX),PU COMPUTER CHAIR (1PC/1BOX),H101127B
01tVT000001BFROYA4,SILLA COMEDOR METAL PLEGABLE,FOLDING CHAIR,H201176Y
01tVT000001BGLpYAO,SILLA ORDENADOR PU (1PC/1BOX),PU COMPUTER CHAIR (1PC/1BOX),H101126B
01tVT000001BH3NYAW,SILLA ORDENADOR PU (1PC/1BOX),PU COMPUTER CHAIR (1PC/1BOX),H101128B
01tVT000001Hc6kYAC,BANCO JARDIN ACACIA,PARK BENCH,G110136A
01tVT000001HfHVYA0,SALA DE PATIO METALICA 4 PIEZAS,COFFEE TABLE CHAIR SET,G108281Y
01tVT000001HgdNYAS,SET BISTRO WICKER 3 PIEZAS CON COJIN,COFFEE TABLE CHAIR SET,G108282Y
01tVT000001HjzRYAS,SALA DE PATIO METALICA 4 PIEZAS,SOFA SET,G108283A
01tVT000001Hl5DYAS,SET COMEDOR EUCALIPTO 6 PIEZAS,OHIO 06PC TIMBER BENCH & CHAIR DINING SETTING,G108288Y
01tVT000001HmVtYAK,SET COMEDOR 7 PIEZAS,DINING SET,G108284A
01tVT000001Hmm2YAC,SALA DE PATIO ACACIA 4 PIEZAS,OHIO 4PC ROPE IRON CONVERSATION SETTING,G108286Y
01tVT000001HnBpYAK,BANCO JARDIN CONVERTIBLE CAMA ACACIA,OHIO 3 SEATING PULL OUT DAY BED,G110137Y
01tVT000001HnLXYA0,SALA DE PATIO RATAN 6 PIEZAS CON COJIN,SOFA SET,G108287A
01tVT000001HnN7YAK,SALA DE PATIO PP 4 PIEZAS,BONDI SOFA SET,G108285Y
01tVT000001HqG9YAK,SET COMEDOR ACACIA 7 PIEZAS,OHIO 05PC ROPE DINING SETTING,G108290Y
01tVT000001HqfxYAC,SET COMEDOR ACACIA 5 PIEZAS,TDS 5PC ROUND DINING SETTING,G108291Y
01tVT000001HrVaYAK,SET COMEDOR EUCALIPTO 5 PIEZAS,5PCS ROUND DINING SET,G108292Y
01tVT000001HrXBYA0,BANCO JARDIN CONVERTIBLE CAMA EUCALIPTO,OHIO 03 SEATING PULL  OUT DAY BED,G110138Y
01tVT000001HsJaYAK,SET COMEDOR EUCALIPTO 7 PIEZAS,OHIO 07PC ROPE DINING SETTING,G108293Y
01tVT000001HtIsYAK,BANCO JARDIN EUCALYPTUS,PARK BENCH EUCALYPTUS,G110139A
01tVT000001JDH8YAO,CENTRO ENTRETENIMIENTO 2 CAJONES,TV STAND,H316022B
01tVT000001JEmgYAG,MESA AUXILIAR,END TABLE,H312280Y
01tVT000001JG26YAG,SET MESA + SILLAS,TABLE CHAIR SET,H105099B
01tVT000001JI2HYAW,MESA AUXILIAR,COFFEE TABLE,H312279Y
01tVT000001JILeYAO,SET COMEDOR MDF + 4 SILLAS,DINING SET 1 TABLE + 4 CHAIRS,H210108Y
01tVT000001JJKwYAO,ESTANTERIA PARA LIBROS CON PIZARRA,BOOKCASE WITH STORAGE AND BLACKBOARD,H105101B
01tVT000001JJWDYA4,ESTANTERIA PARA LIBROS CON PIZARRA,BOOKCASE WITH STORAGE AND BLACKBOARD,H105100B
01tVT000001JMkDYAW,SET COMEDOR ALUMINIO 5 PIEZAS,ALUMINIUM DINING SET 5 PCS,G108294A
01tVT000001KkuAYAS,ESTANTERIA GIRATORIA 3 NIVELES,rotating bookshelf,H314160Y
01tVT000001KkxNYAS,SILLON MARIPOSA,Butterfly chair For Adults,H312281Y
01tVT000001KlGjYAK,SILLON MARIPOSA INFANTIL,Butterfly chair For Kids,H312282Y
01tVT000001KlVFYA0,SILLON MARIPOSA INFANTIL,Butterfly chair For Kids,H312283Y
01tVT000001KmPhYAK,PERCHERO ORGANIZADOR INFANTIL 1 NIVEL,simple hanger,H406058Y
01tVT000001POJVYA4,SET MESA + SILLAS  INFANTIL,TABLE & 2 CHAIRS SET,H105102B
01tVT000001R1M3YAK,CAMA INDIVIDUAL,TEEPEE SINGLE BED,H313080B
01tVT000001R3CXYA0,CAMA INDIVIDUAL,TEEPEE SINGLE BED,H313079B
01tVT000001TULWYA4,SILLON RECLINABLE MANUAL,MANUAL RECLINER CHAIR,H309129B
01tVT000001TkQIYA0,MESA AUXILIAR,END TABLE,H312285Y
01tVT000001TkTVYA0,MESA AUXILIAR,COFFEE TABLE,H312284Y
01tVT000001TkgPYAS,SILLON RECLINABLE MANUAL,MANUAL RECLINER CHAIR,H309128B
01tVT000001bFE2YAM,MESA ESCRITORIO,DESK,H102161Y
01tVT000001bFYzYAM,MESA ESCRITORIO,GAMING DESK,H102160Y
01tVT000001bGJlYAM,MESA ESCRITORIO,GAMING DESK,H102162Y
01tVT000001bGlBYAU,MESA ESCRITORIO,GAMING DESK,H102163Y
01tVT000001bHAzYAM,SILLA ORDENADOR MESH,CHAIR,H101129Y
01tVT000001bZ9VYAU,SALA DE PATIO ACACIA 4 PIEZAS,OHIO 4PC ROPE IRON CONVERSATION SETTING,G108295Y
01tVT000001ceVLYAY,GAZEBO CUADRADO CON CORTINAS,GAZEBO,G106235Y
01tVT000001ckCXYAY,CARPA POLIESTER RECTANGULAR,RECTANGULAR POLYESTER TENT,G106236Y
01tVT000001ckhBYAQ,GAZEBO RECTANGULAR CON BARRAS BAR,RECTANGULAR GAZEBO WITH BARS,G106237Y
01tVT000001cxZZYAY,MESA AUXILIAR,Coffe table,H312286Y
01tVT000001cxw9YAA,MESA AUXILIAR,COFFEE TABLE,H312287Y
01tVT000001kiiEYAQ,CENTRO ENTRETENIMIENTO 2 CAJONES,TV STAND,H316022M
01tVT000001kjkjYAA,CAMA INDIVIDUAL,TEEPEE SINGLE BED,H313079M
01tVT000001kjnxYAA,SET MESA + SILLAS  INFANTIL,TABLE & 2 CHAIRS SET,H105102M
01tVT000001kjrBYAQ,ESTANTERIA PARA LIBROS CON PIZARRA,BOOKCASE WITH STORAGE AND BLACKBOARD,H105101M
01tVT000001kjw1YAA,SILLON MARIPOSA INFANTIL,Butterfly chair For Kids,H312282M
01tVT000001mfMsYAI,MESA RESINA PLEGABLE ? 4 cm,FOLDING TABLE 122CM,G101105Y
01tVT000001qX2YYAU,SALA DE PATIO METALICA 4 PIEZAS,COFFEE TABLE CHAIR SET,G108281Q
01tVT000001qYTFYA2,SALA DE PATIO METALICA 4 PIEZAS,SOFA SET,G108283Q
01tVT000001qYUsYAM,BANCO JARDIN EUCALYPTUS,PARK BENCH EUCALYPTUS,G110139Q
01tVT000001qYY5YAM,SALA DE PATIO PP 4 PIEZAS,BONDI SOFA SET,G108285Q
01tVT000001qYZhYAM,SALA DE PATIO RATAN 6 PIEZAS CON COJIN,SOFA SET,G108287Q
01tVT000001qYbJYAU,SET COMEDOR EUCALIPTO 5 PIEZAS,5PCS ROUND DINING SET,G108292Q
01tVT000001qYeXYAU,SET COMEDOR EUCALIPTO 6 PIEZAS,OHIO 06PC TIMBER BENCH & CHAIR DINING SETTING,G108288Q
01tVT000001qYg9YAE,SILLON ADIRONDACK PP,ROCA ADIRONDACK CHAIR,G110056Q
01tVT000001qr65YAA,BANCO JARDIN CONVERTIBLE CAMA EUCALIPTO,OHIO 03 SEATING PULL  OUT DAY BED,G110138Q
01tVT000001sRM1YAM,SALA DE PATIO ESQUINA ALUMINIO CON COJINES,GENOVA 3PCS ALUMINIUM CORNER SOFA SET,G108296A
01tVT000001sRViYAM,MESA JARDIN CUADRADA CON AGUJERO SOMBRILLA,SQUARE GARDEN TABLE WITH UMBRELLA HOLE,G109046A
01tVT000001sRYwYAM,SOFA CAMA WICKER CON COJINES,CYPRUS MOON BED,G108300A
01tVT000001sRgzYAE,SALA DE PATIO MULTIFUNCION WICKER CON COJINES,VERANDA 3PCS FUNCTIONAL SOFA,G108297A
01tVT000001sS5DYAU,SET COMEDOR 7 PIEZAS,DINING SET,G108299Q
01tVT000001sSOXYA2,SALA DE PATIO SOFA CAMA WICKER 4 PIEZAS CON COJINES,LOTUS 4PCS SOFA SET,G108298A
01tVT000001sTfaYAE,SALA DE PATIO ALUMINIO + ACACIA 5 PIEZAS CON COJINES,FIRENZA RELAX,G108301A
01tVT000001sUwcYAE,SET COMEDOR ALUMINIO 5 PIEZAS,DINING TABLE AND CHAIR,G108303Q
01tVT000001sVKnYAM,SALA DE PATIO METALICA 4 PIEZAS,SET SOFA 4PCS,G108302Q
01tVT000001sVr3YAE,SET COMEDOR ACACIA 5 PIEZAS,OHIO 05PC ROUND TABLE DINING SETTING,G108304A
01tVT000001svK6YAI,SILLA GAMING,RACING CHAIR,H101027I
01tVT000001t1kVYAQ,SET MESAS AUXILIARES 3 PIEZAS,set 3 coffee table,H312152S
01tVT000001t2VGYAY,MECEDORA RECLINABLE CON PUF,GLIDER WITH RECLINER,H301030S
01tVT000001t2YUYAY,MESA AUXILIAR,AUXILIARY TABLE,H312223S
01tVT000001t3EQYAY,BANDEJA LAPTOP,LAPTOP TABLE,H104070S
01tVT000001t3MUYAY,SOFA CAMA,SOFA BED,H309108S
01tVT000001t3W9YAI,COLUMPIO COLGANTE CON COJIN,HANGING SWING WITH CUSHION,G111058S
01tVT000001t3XlYAI,FREGADERO RESINA PLEGABLE CON GRIFO,FILLET STATION,G113018S
01tVT000001t3ZNYAY,CARRITO TRANSPORTADOR PLEGABLE,FOLDING TRANSPORTER CART,G402018Q
01tVT000001t3cbYAA,MESA ESCRITORIO + LIBRERO 4 NIVELES,DESK TABLE + 4 LEVEL BOOKCASE,H102038A
01tVT000001t3eDYAQ,MESA ESCRITORIO + LIBRERO 4 NIVELES,DESK TABLE + 4 LEVEL BOOKCASE,H102038Q
01tVT000001t3fpYAA,MESA ESCRITORIO + LIBRERO 2 NIVELES,DESK,H102158S
01tVT000001t3hRYAQ,MESA ESCRITORIO,DESK,H102159S
01tVT000001t3mHYAQ,SILLA INFANTIL PLASTICO,CHILDREN PLASTIC CHAIR,H105003S
01tVT000001t3mIYAQ,SILLA INFANTIL PLASTICO,CHILDREN PLASTIC CHAIR,
01tVT000001t3pVYAQ,SOFA CAMA,MULTIFUNCTIONAL SOFA,H309121S
01tVT000001t3r7YAA,SILLON RECLINABLE MANUAL,MANUAL RECLINER CHAIR,H309128S
01tVT000001t3vxYAA,CARRITO TRANSPORTADOR PLEGABLE,FOLDING TRANSPORTER CART,G402018S
01tVT000001t40nYAA,MESA ESCRITORIO + LIBRERO 4 NIVELES,DESK TABLE + 4 LEVEL BOOKCASE,H102038S
01tVT000001vPkHYAU,SALA DE PATIO ESQUINA ALUMINIO CON COJINES,GENOVA 3PCS ALUMINIUM CORNER SOFA SET,G108296Q
01tVT000001vPqjYAE,SALA DE PATIO MULTIFUNCION WICKER CON COJINES,VERANDA 3PCS FUNCTIONAL SOFA,G108297Q
01tVT000001vPtxYAE,SOFA CAMA WICKER CON COJINES,CYPRUS MOON BED,G108300Q
01tVT000001vUnBYAU,SILLON RECLINABLE MANUAL CON POSAVASOS,RECLINER CHAIR,H307002I
01tVT000001wGzuYAE,ESTANTERIA 4 NIVELES,4 TIERS SHELF,H314159T
01tVT000001wHxZYAU,BANDEJA LAPTOP,LAPTOP TRAY,H104085T
01tVT000001wov8YAA,CAJA ORGANIZADOR,Plastic storage box (S),H406064B
01tVT000001woyLYAQ,CAJA ORGANIZADOR,STORAGE BOX,H406059B
01tVT000001wpb3YAA,CAJA ORGANIZADOR,STORAGE BOX,H406060B
01tVT000001wpcgYAA,CAJA ORGANIZADOR,STORAGE BOX,H406074B
01tVT000001wpj7YAA,CAJA ORGANIZADOR,Plastic storage box,H406061B
01tVT000001wppaYAA,CAJA ORGANIZADOR,STORAGE BOX,H406065B
01tVT000001wpxdYAA,CAJA ORGANIZADOR,STORAGE BOX,H406062B
01tVT000001wpzFYAQ,CAJA ORGANIZADOR,STORAGE BOX,H406063B
01tVT000001wqX8YAI,CAJA ORGANIZADOR,STORAGE BOX,H406075B
01tVT000001wqgnYAA,CAJA ORGANIZADOR,Plastic hole storage box with lid(L),H406066B
01tVT000001wqs5YAA,CAJA ORGANIZADOR,Plastic hole storage box with lid(M),H406067B
01tVT000001wr09YAA,CAJA ORGANIZADOR,STORAGE BOX,H406068B
01tVT000001wr9pYAA,CAJA ORGANIZADOR,Plastic hole storage box with lid(S),H406069B
01tVT000001wrGHYAY,CAJA ORGANIZADOR,STORAGE BOX,H406070B
01tVT000001wrMjYAI,CAJA ORGANIZADOR,Plastic storage box with lid(L),H406071B
01tVT000001wrY1YAI,CAJA ORGANIZADOR,STORAGE BOX,H406072B
01tVT000001wrg5YAA,CAJA ORGANIZADOR,Plastic storage box with lid(S),H406073B
01tVT000001xHicYAE,CAJA ORGANIZADOR,STORAGE BOX,H406079B
01tVT000001xIGTYA2,CAJA ORGANIZADOR,STORAGE BOX,H406076B
01tVT000001xIUzYAM,CAJA ORGANIZADOR,STORAGE BOX,H406077B
01tVT000001xIjVYAU,CAJA ORGANIZADOR,STORAGE BOX,H406078B
01tVT000001xIwQYAU,CAJA ORGANIZADOR,STORAGE BOX,H406080B
01tVT000001xJHNYA2,CAJA ORGANIZADOR,STORAGE BOX,H406081B
01tVT000001xMYbYAM,CAJA ORGANIZADOR,STORAGE BOX,H406082B
01tVT000001xNT3YAM,SET COMEDOR 5 PIEZAS,DINING SET,G108305Q
01tVT000001xgKRYAY,MESA RESINA 180 CM FIJA,6 FT REGULAR FOLDING TABLE,G101106Y
01tVT000001xiUHYAY,MESA RESINA 122 CM FIJA (100%),4FT REGULAR TABLE,G101107Y
01tVT000001ynN3YAI,MESA RESINA 122 CM FIJA (100%),4FT REGULAR TABLE,G101108Y
01tVT00000258S1YAI,SALA DE PATIO ALUMINIO + ACACIA 5 PIEZAS CON COJINES,FIRENZA RELAX,G108301Q
01tVT0000028RzZYAU,SALA DE PATIO ACACIA 4 PIEZAS,OHIO 4PC ROPE IRON CONVERSATION SETTING,G108295Q
01tVT0000028S1BYAU,SET COMEDOR EUCALIPTO 7 PIEZAS,OHIO 07PC ROPE DINING SETTING,G108293Q
01tVT0000028S61YAE,SET COMEDOR 7 PIEZAS,DINING SET,G108284Q
01tVT0000028S7dYAE,SET BISTRO WICKER 3 PIEZAS CON COJIN,COFFEE TABLE CHAIR SET,G108282Q
01tVT000002Gmh3YAC,SILLA COMEDOR TELA,DINING CHAIR,H201177B
01tVT000002Gn3dYAC,SILLA COMEDOR TERCIOPELO,DINING CHAIR,H201178B
01tVT000002GnGYYA0,SOFA CAMA CHESLONG TRANSFORMER,SECTIONAL SOFA,H309131B
01tVT000002GnRpYAK,SILLA COMEDOR PU,DINING CHAIR,H201179B
01tVT000002Go1KYAS,SILLON CUERO SINTETICO,LEATHAIRE CHAIR,H311070B
01tVT000002Go2vYAC,BANCO BAR PU,BAR STOOL,H206115B
01tVT000002GoHRYA0,BANCO BAR PU,BAR STOOL,H206116B
01tVT000002GohFYAS,SOFA CAMA CHESLONG TRANSFORMER,SECTIONAL SOFA,H309130B
01tVT000002GovlYAC,SILLON TERCIOPELO,VELVET CHAIR,H311069B
01tVT000002Gpa5YAC,SILLON TELA,FABRIC CHAIR,H311071B
01tVT000002JLR0YAO,MESA ESCRITORIO,FOLDING DESK RUSTIC WOOD EFFECT,H102154T
01tVT000002JLu2YAG,SET COMEDOR + 2 BANCOS,Scarlett Dining Bench Set,H210101T
01tVT000002JMJpYAO,SET MESAS AUXILIARES 3 PIEZAS,COFFEE NESTING TABLE,H312276T
01tVT000002JMLRYA4,MESA DE BAR,BAR TABLE,H211014T
01tVT000002JMN3YAO,MESA DE BAR,BARTABLE WITH 3 LAYERS,H211015T
01tVT000002JMRtYAO,SET MESAS AUXILIARES 2 PIEZAS,COFFEE TABLE,H312278T
01tVT000002JMWjYAO,SET MESA ESCRITORIO + SILLA,BAR SET WITH SHELF,H102155T
01tVT000002JMbZYAW,BANCO BAR METAL,BAR CHAIR,H206112T
01tVT000002JMgPYAW,BANDEJA LAPTOP,LAPTOP TRAY,H104086T
01tVT000002JMi1YAG,SET COMEDOR MDF Y MADERA + 4 SILLAS,Summer Dining Set,H210100T
01tVT000002JMmrYAG,SILLA ORDENADOR,SOPHIE OFFICE CHAIR,H101116T
01tVT000002JMoTYAW,SILLON TELA,Valentina  Arm Chair,H311066T
01tVT000002JMq5YAG,MESA ESCRITORIO,Folding desk,H102090T
01tVT000002JMtJYAW,SILLA ORDENADOR MESH,OFFICE CHAIR,H101104T
01tVT000002JN6DYAW,SILLON TELA,SOFA,H311036T
01tVT000002JN7pYAG,SOFA CAMA,SOFA BED,H309103T
01tVT000002JN9RYAW,SOFA SECCIONAL CHESLONG,SECTIONAL CHESLONG SOFA,H309035T
01tVT000002JNZFYA4,SOFA CAMA CHESLONG TRANSFORMER,SECTIONAL SOFA,H309131T
01tVT000002RhxNYAS,SET COMEDOR MDF EXTENSIBLE + 5 SILLAS + 1 BANCO,LEAF TOP EXTENSION DINING SET,H210109B
01tVT000002RlGDYA0,SILLA ORDENADOR,COMPUTER CHAIR,H101130B
01tVT000002RlkrYAC,SET COMEDOR MDF CON 4 HOJAS EXTENSIBLES + 6 SILLAS,4 SIDE DROP LEAF EXTENSION DINING TABLE (ROUND TO SQUARE) WITH LAZY SUSAN,H210110B
01tVT000002Rm93YAC,SET COMEDOR MDF MARIPOSA EXTENSIBLE + 6 SILLAS,BUTTERFLY EXTENSION DINING SET,H210111B
01tVT000002RmKMYA0,SET COMEDOR MDF CON 4 HOJAS EXTENSIBLES + 5 SILLAS,4 SIDE DROP LEAF EXTENSION DINING SET (ROUND TO SQUARE) WITH LAZY SUSAN,H210113B
01tVT000002RmfJYAS,SET COMEDOR MDF FIJO + 4 SILLAS + 1 BANCO,FIXED TOP DINING SET,H210112B
01tVT000002RnWYYA0,SET COMEDOR MDF CON 4 HOJAS EXTENSIBLES + 6 SILLAS,4 SIDE DROP LEAF EXTENSION COUNTER HEIGHT SET (ROUND TO SQUARE) WITH LAZY SUSAN,H210114B
01tVT000002Ro1BYAS,SET COMEDOR MDF EXTENSIBLE + 6 SILLAS,LEAF TOP EXTENSION DINING SET,H210115B
01tVT000002RoPNYA0,SET COMEDOR MDF EXTENSIBLE + 4 SILLAS + 1 BANCO,LEAF TOP EXTENSION DINING SET,H210116B
01tVT000002RocHYAS,SET COMEDOR MDF FIJO + 4 SILLAS,FIXED TOP COUNTER HEIGHT SET,H210117B
01tVT000002Rp0TYAS,SET COMEDOR MDF CON 2 HOJAS EXTENSIBLES + 6 SILLAS,2 SIDE LEAF TOP EXTENSION DINING SET,H210118B
01tVT000002SvVFYA0,MESA PLEGABLE CAMPING,FOLDING CAMPING TABLE,G109047A
01tVT000002Svv3YAC,MESA PLEGABLE CAMPING,FOLDING CAMPING TABLE,G109048A
01tVT000002SwG1YAK,MESA PLEGABLE CAMPING,FOLDING CAMPING TABLE,G109049A
01tVT000002SwfpYAC,MESA PLEGABLE CAMPING,FOLDING CAMPING TABLE,G109050A
01tVT000002UMEsYAO,SOFA CAMA,SOFABED,H309144B
01tVT000002UNpHYAW,SOFA CAMA CON POSAVASOS,SOFABED,H309140B
01tVT000002UOtOYAW,SOFA CAMA,SOFABED,H309142B
01tVT000002UOv0YAG,SOFA CAMA,SOFABED,H309135B
01tVT000002UP4gYAG,SOFA CAMA,SOFABED,H309136B
01tVT000002UP9VYAW,SOFA CAMA,SOFABED,H309132B
01tVT000002UPMPYA4,SOFA CAMA,SOFABED,H309133B
01tVT000002UPSrYAO,SOFA CAMA,SOFABED,H309134B
01tVT000002UPsfYAG,SOFA CAMA,SOFABED,H309137B
01tVT000002UPz7YAG,SOFA CAMA,SOFABED,H309138B
01tVT000002UQ7BYAW,SOFA CAMA,SOFABED,H309139B
01tVT000002UQOvYAO,SOFA CAMA CON POSAVASOS,SOFABED,H309143B
01tVT000002V5v7YAC,MESA RESINA PLEGABLE,FOLDING TABLE,G101109A
01tVT000002V6O9YAK,MESA RESINA PLEGABLE,FOLDING TABLE,G101110A
01tVT000002V6rBYAS,MESA RESINA PLEGABLE ? 4.5 cm,FOLDING TABLE,G101111A
01tVT000002V78vYAC,MESA RESINA PLEGABLE,FOLDING TABLE,G101112A
01tVT000002WxyHYAS,SILLON RECLINABLE DOBLE CON ALMACENAMIENTO Y POSAVASOS,LOVESEAT RECLINER,H311072B
01tVT000002X20HYAS,ESTANTERIA PARA LIBROS CON PIZARRA,BOOKCASE WITH STORAGE AND BLACKBOARD,H105103B
01tVT000002X3xFYAS,SILLON RECLINABLE DOBLE,LOVE SEAT RECLINER,H311073B
01tVT000002X4EzYAK,SILLON RECLINABLE DOBLE CON ALMACENAMIENTO Y POSAVASOS,LOVESEAT RECLINER,H311074B
01tVT000002X4OfYAK,SILLON RECLINABLE DOBLE,LOAVESEAT RECLINER,H311075B
01tVT000002YNInYAO,SET MESA + SILLAS INFANTIL,TABLE & 2 CHAIRS SET,H105104B
01tVT000002Z2CHYA0,SET MESA + SILLAS INFANTIL,TABLE & 2 CHAIRS SET,H105104M
01tVT000002ZVfiYAG,ESTANTERIA PARA LIBROS CON PIZARRA,BOOKCASE WITH STORAGE AND BLACKBOARD,H105105B
01tVT000002exBVYAY,ESTANTERIA PARA LIBROS CON PIZARRA,BOOKCASE WITH STORAGE AND BLACKBOARD,H105103M
01tVT000002exGLYAY,ESTANTERIA PARA LIBROS CON PIZARRA,BOOKCASE WITH STORAGE AND BLACKBOARD,H105105M
01tVT000002nijeYAA,LAMPARA SOLAR JARDIN,SOLAR GARDEN LIGHT,G112111A
01tVT000002njVzYAI,LAMPARA SOLAR,SOLAR LIGHT,G112110A
01tVT000002njmAYAQ,LAMPARA SOLAR JARDIN,SOLAR GARDEN LIGHT,G112112A
01tVT000002nkyHYAQ,LAMPARA SOLAR,SOLAR STAKE LIGHTS,G112109A
01tVT000002oMQnYAM,LAMPARA SOLAR DIAMANTE,SOLAR DIAMOND LIGHT,G112113A
01tVT000002oMqbYAE,LAMPARA SOALR,SOLAR LIGHT,G112114A
01tVT000002oN0HYAU,LAMPARA SOLAR,SOLAR 6CM CRACK BALL LIGHT,G112115A
01tVT000002oN8LYAU,LAMPARA SOLAR,SOLAR LIGHT,G112116A
01tVT000002oNI1YAM,LAMPARA SOLAR,SOLAR LIGHT,G112117A
01tVT000002oNWXYA2,LAMPARA SOLAR,SOLAR LIGHT,G112118A
01tVT000002oNgDYAU,LAMPARA SOLAR JARDIN,SOLAR GARDEN LIGHT,G112119A
01tVT000002oO7dYAE,LAMPARA SOLAR,SOLAR LIGHT,G112120A
01tVT000002oOIvYAM,LAMPARA SOLAR,SOLAR ROTATE STAKE LIGHT,G112121A
01tVT000002oOXRYA2,LAMPARA SOLAR,SOLAR LIGHT,G112122A
01tVT000002oPRtYAM,LAMPARA SOLAR,SOLAR LIGHT,G112123A
01tVT000002oQ9RYAU,LAMPARA SOLAR,SOLAR LIGHT,G112124A
01tVT000002oQCgYAM,LAMPARA SOLAR,SOLAR LIGHT,G112125A
01tVT000002oQXdYAM,LAMPARA SOLAR,SOLAR LIGHT,G112126A
01tVT000002oQkXYAU,LAMPARA SOLAR,SOLAR LIGHT,G112127A
01tVT000002oQsbYAE,LAMPARA SOLAR,SOLAR LIGHT,G112128A
01tVT000002oR3tYAE,LAMPARA SOLAR,SOLAR SPOT LIGHT,G112129A
01tVT000002oRBxYAM,LAMPARA SOLAR,SOLAR MINI SPOT LIGHT,G112130A
01tVT000002oUL9YAM,LAMPARA SOLAR DE PISO,SOLAR STONELIKE DECK LIGHT,G112135A
01tVT000002oUeTYAU,LAMPARA SOLAR,SOLAR LIGHT,G112131A
01tVT000002oUplYAE,LAMPARA SOLAR,SOLAR LIGHT,G112132A
01tVT000002oUzRYAU,LAMPARA SOLAR,SOLAR LIGHT,G112133A
01tVT000002oVCLYA2,LAMPARA SOLAR DE PISO,SOLAR LIGHT,G112134A
01tVT000002oVc9YAE,LAMPARA SOLAR,SOLAR LIGHT,G112136A
01tVT000002oW0LYAU,LAMPARA SOLAR,SOLAR LIGHT,G112137A
01tVT000002oWDFYA2,LAMPARA SOLAR,SOLAR LANTERN,G112138A
01tVT000002oWDGYA2,SERIE DE LUZ SOLAR,10PK SOLAR STRING LIGHT,G112142A
01tVT000002oWQAYA2,SERIE DE LUZ SOLAR,8PK SOLAR BULB STRING LIGHT,G112141A
01tVT000002oWTNYA2,LAMPARA SOLAR BUDA CON LED,SMALL BUDDHARUPA SOLAR LIGHT,G112139A
01tVT000002oWefYAE,SERIE DE LUZ SOLAR,SOLAR ACRYLIC BUIB STRING LIGHTS,G112140A
01tVT000002oXPRYA2,LAMPARA SOLAR,10PK WHITE MUSHROOM STRING LIGHTS,G112143A
01tVT000002oXhBYAU,LAMPARA SOLAR,S/5 SOLAR OVAL BALL STRING LIGHTS,G112144A
01tVT000002oXqrYAE,LAMPARA SOLAR,SOLAR ANGEL & CROSS LIGHT,G112145A
01tVT000002oY0XYAU,LAMPARA SOLAR,SOLAR LIGHT,G112146A
01tVT000002vXXaYAM,LAMPARA SOLAR PARA JARDIN,Solar Garden Light,G112148A
01tVT000002vXvlYAE,LAMPARA SOLAR BOMBILLA,Solar light,G112147A
01tVT000002vYrpYAE,SILLA ORDENADOR MESH,OFFICE CHAIR,H101131B
01tVT000002w9GHYAY,CHIMENEA DE PARED ELECTRICA CALENTADOR CON FUEGO LED 120V,36'' Wall mounted Electric fireplace,B302098C
01tVT000002wAx8YAE,CHIMENEA ELECTRICA CALENTADOR CON FUEGO LED Y REPISA 120V,electric fireplace with mantel,B302104C
01tVT000002wBMvYAM,CHIMENEA DE PARED ELECTRICA CALENTADOR CON FUEGO LED 120V,42'' Wall mounted Electric fireplac,B302099C
01tVT000002wBZpYAM,CHIMENEA DE PARED ELECTRICA CALENTADOR CON FUEGO LED 120V,"37"" Wall Mounted Fireplace",B302100C
01tVT000002wBoLYAU,CHIMENEA DE PARED ELECTRICA CALENTADOR CON FUEGO LED 120V,"30"" built in/or Wall Mounted Electric Fireplace",B302101C
01tVT000002wBzdYAE,CHIMENEA DE PARED ELECTRICA CALENTADOR CON FUEGO LED 120V,"40"" built in or Wall Mounted Electric Fireplace",B302102C
01tVT000002wC1GYAU,CHIMENEA ELECTRICA CALENTADOR CON FUEGO LED Y REPISA 120V,"18""""electric fireplace with mantel",B302105C
01tVT000002wC7hYAE,CHIMENEA DE PARED ELECTRICA CALENTADOR CON FUEGO LED 120V,"50"" built in or Wall Mounted Electric Fireplace",B302103C
01tVT000002wCsTYAU,CHIMENEA ELECTRICA CALENTADOR CON FUEGO LED Y REPISA 120V,"18""""electric fireplace with mantel",B302106C
01tVT000002wDF3YAM,CHIMENEA ELECTRICA CALENTADOR CON FUEGO LED Y REPISA 120V,"23""""electric fireplace with mantel",B302107C
01tVT000002wDH1YAM,BASE SOMBRILLA RESINA 14KG,14KGS RESIN BASE FOR CENTER POLE GARDEN PARASOL,G106239A
01tVT000002wDTZYA2,CHIMENEA ELECTRICA CALENTADOR CON FUEGO LED Y REPISA 120V,"18"""" electric fireplace with mantel",B302108C
01tVT000002wDTbYAM,CONJUNTO DE SOFÁS,SOFA SET,G108307A
01tVT000002wDerYAE,CHIMENEA ELECTRICA CALENTADOR CON FUEGO LED Y REPISA 120V,electric fireplace with mantel,B302109C
01tVT000002wFf4YAE,SET BISTRO ACACIA 3 PIEZAS,LOLA Bistro set 3pcs,G108306A
01tVT000002wFvBYAU,SILLON MECEDORA CON COJIN,ROCKING CHAIR,G110140A
01tVT000002wGknYAE,SET COMEDOR 5 PIEZAS,JULIE Dining Set with Square 88 Table (5pcs),G108308A
01tVT000002wH5mYAE,SET COMEDOR 7 PIEZAS,DINING SET,G108309A
01tVT000002wHQjYAM,SALA DE PATIO METALICA 4 PIEZAS,4pcs conversation set,G108310A
01tVT000002wHqXYAU,SOMBRILLA DE JARDÍN DE ACERO DE DOBLE CARA,STEEL GARDEN PARASOL DOUBLE SIDE,G106238A
01tVT000002wI9tYAE,BASE SOMBRILLA HDPE 22L,22L SQUARE WATER BASE   WITH PLASTIC UMBRELLA HOLDER,G106240A
01tVT000002wIJZYA2,SET BISTRO WICKER 4 PIEZAS CON COJINES,4 PIECES SOFA SET WITH CUSHION,G108311A
01tVT000002wIWTYA2,BASE SOMBRILLA 17L HDPE,17L Round water base with steel umbrella holder,G106241A
01tVT000002wIhlYAE,GAZEBO CUADRADO PORTATIL POP UP,1.8M X1.8M PORTABLE POP UP GAZEBO,G106242A
01tVT000002wJ2jYAE,SALA DE PATIO RATAN 4 PIEZAS,STEEL ROUND PE RATTAN SOFA SET,G108312A
01tVT000002wJIrYAM,SET BISTRO 3 PIEZAS,BISTRO SET 3 PIECES,G108313A
01tVT000002wJigYAE,COLUMPIO COLGANTE ACOLCHADO,OUTDOOR HANGING CHAIRS,G111081A
01tVT000002wJsLYAU,SILLON DOBLE METALICA CON MESA AUXILIAR Y COJINES,LOVE SEAT SOFA KD,G110141A
01tVT000002wK6sYAE,COLUMPIO COLGANTE ACOLCHADO,OUTDOOR LEISURE CHAIR,G111080A
01tVT000002wMNBYA2,COLUMPIO COLGANTE ACOLCHADO,OUTDOOR LEISURE CHAIR,G111079A
01tVT000002y8uPYAQ,TUMBONA PLAYA AJUSTABLE CON COJIN,ADJUSTABLE BEACH LOUNGER WITH CUSHION,G501069A
01tVT000002yCZpYAM,SALA DE PATIO METALICA,FLOW SOFA,G108314A
01tVT000002yEBpYAM,SOFA REDONDO CON PUFS,DAYBED,G108315A
01tVT000002yG2LYAU,GAZEBO CUADRADO POP UP,POP UP CANOPY,G106243A
01tVT000002ymewYAA,JUEGO BISTRO DE 3 PIEZAS,WOODEN BISTRO SET 3 PIECES,G108319A
01tVT000002yn4jYAA,SALA DE PATIO ACACIA 4 PIEZAS,GARDEN SET 4 PIECES,G108316A
01tVT000002ynSvYAI,SET BISTRO ACACIA CON COJINES,BISTRO SET 3 PIECES WITH CUSHION,G108317A
01tVT000002ynkfYAA,SALA DE PATIO ACACIA 4 PIEZAS,GARDEN SET 4 PIECES,G108318A
01tVT000002ynmIYAQ,SOMBRILLA JARDIN PUSH UP 8 RIBS,2.4M PUSH UP TOP ROOF PARASOL,G106244A
01tVT000002yoIXYAY,SALA DE PATIO ACACIA 5 PIEZAS,GARDEN SET 5 PIECES,G108320A
01tVT000002yoLlYAI,"SOMBRILLA DE JARDÍN DE ACERO DE 3,5 M",STEEL GARDEN PARASOL 3.5M,G106245A
01tVT000002yof7YAA,SOMBRILLA JARDIN LATERAL CON BASE EN CRUZ (BLOQUES NO INCLUIDOS),SQUARE CANTILEVER PARASOL,G106246A
01tVT000002yotdYAA,ASADOR GAS RECTANGULAR CON MESAS LATERALES Y RUEDAS,CHARCOAL + GAS GRILL,G301153A
01tVT000002yp05YAA,SET BISTRO ACACIA CON COJINES,BISTRO SET,G108321A
01tVT000002yp9lYAA,ASADOR GAS RECTANGULAR CON MESA LATERAL Y RUEDAS,TROLLEY GAS GRILL,G301154A
01tVT000002ypOHYAY,SALA DE PATIO ACACIA 4 PIEZAS,GARDEN SET 4 PIECES,G108322A
01tVT000002ypZZYAY,SET BISTRO ACACIA,BISTRO SET,G108323A
01tVT000002zSSrYAM,CAMA FUNCIONAL CON COJINES,FUNCTIONAL DAY BED,G108324A
01tVT000002zaOoYAI,SALA DE PATIO METALICA 4 PIEZAS CON COJINES,4PCS IN 1 SET,G108326A
01tVT000002zcyTYAQ,SALA DE PATIO METALICA 4 PIEZAS CON COJINES,4 pcs in 1 set: 3 seats sofa+ 2 single sofa+coffee table,G108325A
01tVT000002zdePYAQ,SALA DE PATIO METALICA CON COJINES 4 PIEZAS,SOFA SET 4 PCS,G108327A
01tVT000002zdo5YAA,SALA DE PATIO CON COJINES 4 PIEZAS,SOFA SET 4 PCS,G108328A
01tVT000002ze0zYAA,SALA DE PATIO WICKER CON COJINES 4 PIEZAS,SOFA SET 4 PCS,G108329A
01tVT000002ze2bYAA,SET COMEDOR ALUMINUM 7 PIEZAS CON COJINES,7PCS IN 1 SET,G108330A
01tVT000002zeH7YAI,GAZEBO CUADRADO CON CORTINAS Y LUZ,GAZEBO,G106247A
01tVT000002zeSPYAY,SALA DE PATIO METALICA CON COJINES 6 PIEZAS,SOFA SET 6 PCS,G108331A
01tVT000002zeaTYAQ,GAZEBO CUADRADO TOLDO RETRACTIL,GAZEBO,G106248A
01tVT000002zegvYAA,GAZEBO RECTANGULAR CON MOSQUITERA Y CORTINAS,GAZEBO,G106249A
01tVT000002zex3YAA,"GAZEBO RECTANGULAR CON COLUMPIO, MOSQUITERA Y COJINES",GAZOBO SWING,G106250A
01tVT000002zf58YAA,COLUMPIO BALANCIN ACACIA,LEISURE SWING,G111083A
01tVT000002zfDBYAY,COLUMPIO BALANCIN TRIPLE CON COJINES,SWING,G111082A
01tVT000002zfWXYAY,GAZEBO CUADRADO POP UP CON CORTINAS,GAZEBO,G106251A
01tVT000002zfjRYAQ,GAZEBO CUADRADO POP UP CON 4 PAREDES,GAZEBO,G106252A
01tVT000002zfrVYAQ,GAZEBO RECTANGULAR POP UP CON 4 PAREDES Y VENTANAS,GAZEBO,G106253A
01tVT000002zt01YAA,SOFA CAMA,SOFA BED,H309118S
01tVT0000030C97YAE,SET BISTRO ALUMINIO 3 PIEZAS,BISTRO SET 3 PCS,G108332A
01tVT0000030CaXYAU,SET BISTRO WICKER CON CORJINES 3 PIEZAS,BISTRO SET 3 PCS,G108333A
01tVT0000030F0YYAU,SET JARDIN CON COJINES CONVERTIBLE TUMBONA ACACIA,MULTIPLE FUNCTION SET,G110142A
01tVT0000030JwzYAE,ASADOR GAS RECTANGULAR,RECTANGLE GAS GRILL,G301155A
01tVT0000030LIsYAM,SILLA GIRATORIO ALUMINIO,SWIVEL CHAIR,G110143A
01tVT0000030LdpYAE,SET BISTRO METALICO 3 PIEZAS,BISTRO SET 3 PCS,G108334A
01tVT0000030vhJYAQ,CHIMENEA DE PARED ELECTRICA CALENTADOR CON FUEGO LED 127V,WALL MOUNTED  ELECTRIC FIREPLACE HEATER: 127V/60HZ 1500W,B302110C
01tVT0000030w5VYAQ,CHIMENEA DE PARED ELECTRICA CALENTADOR CON FUEGO LED 127V,DESK TYPE ELECTRIC FIREPLACE HEATER: 127V/60HZ 1500W,B302111C
01tVT0000030wIQYAY,CHIMENEA DE PARED ELECTRICA CALENTADOR CON FUEGO LED 127V,DESK TYPE ELECTRIC FIREPLACE HEATER: 127V/60HZ 1500W,B302112C
01tVT0000030wlRYAQ,CALENTADOR FUEGO LED 127V,STAND STYLE ELECTRIC FIREPLACE HEATER: 127V/60HZ 1500W,B302113C
01tVT0000030xftYAA,CALENTADOR FUEGO LED 127V,"STAND STYLE ELECTRIC FIREPLACE HEATER: 127V/60HZ,1500W",B302114C
01tVT0000030y45YAA,CHIMENEA DE PARED ELECTRICA CALENTADOR CON FUEGO LED 127V,WALL-MOUNTD/INSETER FIREPLACE HEATER 127V/60HZ 1500W,B302115C
01tVT00000315NJYAY,SILLA COMEDOR PP,PP CHAIR OUTDOOR,G110144A
01tVT00000315OvYAI,SILLA METALICA,METAL CHAIR,G110145A
01tVT00000315jtYAA,SILLA METALICA,METAL CHAIR,G110146A
01tVT00000315yPYAQ,BANCO METALICO,METAL BENCH,G110147A
01tVT000003164rYAA,SILLA COMEDOR PP NEGRA,PP CHAIR,G110148A
01tVT00000316RRYAY,BANCO METALICO,METAL BENCH,G110149A
01tVT00000316UfYAI,SILLA COMEDOR PP,PP CHAIR,G110150A
01tVT00000316pdYAA,BANCO JARDIN PP,PP LOUNGE CHAIR,G110151A
01tVT00000317KHYAY,MESA JARDIN RECTANGULAR PP,PP TABLE,G109051A
01tVT00000335e9YAA,MESA JARDIN METALICO,METAL TABLE,G109052A
01tVT00000335sfYAA,SILLA METALICA,METAL CHAIR,G110152A
01tVT0000033dHdYAI,CALENTADOR FUEGO LED 127V/60HZ 1500W,STAND STYLE ELECTRIC FIREPLACE HEATER,B302116C
01tVT0000033dZNYAY,CALENTADOR FUEGO LED 127V/60HZ 1500W,STOVE FIREPLACE HEATER,B302117C
01tVT0000033dkfYAA,CALENTADOR FUEGO LED 127V/60HZ 1500W,STAND STYLE ELECTRIC FIREPLACE HEATER,B302118C
01tVT0000033e5dYAA,CALENTADOR FUEGO LED 127V/60HZ 1500W,TEXTURED BLACK FINISH 127V/60HZ 1500W,B302119C
01tVT0000033gtpYAA,JUEGO DE SOFÁS PARA EXTERIOR DE ACACIA DE 4 PIEZAS,ACACIA SOFA SET 4 PIECES,G108335A
01tVT0000033h57YAA,JUEGO DE SOFÁS PARA EXTERIOR DE ACACIA DE 4 PIEZAS,ACACIA SOFA SET 4 PIECES,G108336A
01tVT0000033iikYAA,SET COMEDOR ACACIA 5 PIEZAS,ELISA 5PCS DINING SET,G108338A
01tVT0000033iqoYAA,SALA DE PATIO ESQUINA ACACIA 6 PIEZAS CON COJINES,FLORIDA SOFA MODULAR,G108337A
01tVT0000033kB3YAI,JUEGO DE COMEDOR PARA EXTERIOR DE 5 PIEZAS DE MADERA DE ACACIA Y RATÁN PE,ACACIA AND PE RATTAN DINING SET 5 PIECES,G108339A
01tVT0000033kEHYAY,COLUMPIO COLGANTE ACOLCHADO,OUTDOOR LEISURE CHAIRS,G111084A
01tVT0000033kFuYAI,COLUMPIO COLGANTE ACOLCHADO,OUTDOOR HANGING CHAIRS,G111088A
01tVT0000033kcTYAQ,SET BISTRO ACACIA 3 PIEZAS,JULIE BISTRO SET,G108340A
01tVT0000033kuDYAQ,SET COMEDOR METALICO 6 PIEZAS,6PCS PATIO SET,G108341A
01tVT0000033kz3YAA,COLUMPIO COLGANTE ACOLCHADO,OUTDOOR HANGING CHAIRS,G111085A
01tVT0000033lBxYAI,SET COMEDOR METALICO 6 PIEZAS,6PCS PATIO SET,G108342A
01tVT0000033lQTYAY,SET COMEDOR METALICO 8 PIEZAS,8PCS PATIO SET,G108343A
01tVT0000033lezYAA,SET BISTRO METALICO 3 PIEZAS,3PCS BISTRO SET,G108344A
01tVT0000033ljqYAA,SET BISTRO METALICO 3 PIEZAS,3PCS BISTRO SET,G108345A
01tVT0000033lruYAA,SET BISTRO METALICO,BISTRO SET,G108350A
01tVT0000033lzxYAA,COLUMPIO COLGANTE ACOLCHADO,OUTDOOR HANGING CHAIRS,G111086A
01tVT0000033m9dYAA,SET INFANTIL 5 PIEZAS METALICO,5PCS KID´S SET,G108346A
01tVT0000033mSzYAI,COLUMPIO COLGANTE ACOLCHADO,OUTDOOR HANGING CHAIRS,G111087A
01tVT0000033mb3YAA,TUMBONA PLAYA METALICA,STEEL LOUNGER,G501070A
01tVT0000033mhVYAQ,TUMBONA PLAYA METALICA,KD STEEL LOUNGER,G501071A
01tVT0000033n2TYAQ,SALA DE PATIO METALICA 4 PIEZAS,4PCS CONVERSATION SET,G108347A
01tVT0000033nFNYAY,SET COMEDOR METALICO 6 PIEZAS,6PCS PATIO SET,G108348A
01tVT0000033nSHYAY,COLUMPIO COLGANTE ACOLCHADO,OUTDOOR HANGING CHAIRS,G111089A
01tVT0000033nYjYAI,SET BISTRO METALICO,BISTRO SET,G108349A
01tVT0000033o9pYAA,SET BISTRO METALICO,BISTRO SET,G108351A
01tVT0000033orNYAQ,SET BISTRO METALICO,BISTRO SET,G108352A
01tVT0000033plpYAA,BANCO METALICO,METAL BENCH,G110153A
01tVT0000034KzJYAU,SILLA HUEVO ROTA,STANDING CHAIR,G111090A
01tVT0000034MTFYA2,BANCO METALICO,METAL BENCH,G110154A
01tVT0000034Mg9YAE,BANCO METALICO,METAL BENCH,G110155A
01tVT0000034MjOYAU,COLUMPIO COLGANTE ACOLCHADO,OUTDOOR HANGING CHAIRS,G111091A
01tVT0000034MwHYAU,SET BISTRO METALICO,BISTRO SET,G108353A
01tVT0000034N7bYAE,ESTANTERIA DE PLANTADOR,PLANTER STAND,G112151A
01tVT0000034NNhYAM,SILLA HUEVO ROTA,STANDING CHAIR,G111092A
01tVT0000034NPJYA2,SET BISTRO METALICO,BISTRO SET,G108354A
01tVT0000034NacYAE,ESTANTERIA DE PLANTADOR,PLANTER STAND,G112150A
01tVT0000034NdpYAE,SILLA HUEVO ROTA,STANDING CHAIR,G111093A
01tVT0000034NkHYAU,ESTANTERIA DE PLANTADOR,PLANTER STAND,G112149A
01tVT0000034OA5YAM,COLUMPIO COLGANTE ACOLCHADO,OUTDOOR HANGING CHAIRS,G111094A
01tVT0000034OObYAM,SOMBRILLA PLAYA PORTATIL,1.2M.CLIP PARASOL,G502034A
01tVT0000034OYHYA2,COLUMPIO COLGANTE,OUTDOOR HANGING CHAIRS,G111095A
01tVT0000034OhxYAE,SOMBRILLA PLAYA,1.6M.CLASSIC BEACH PARASOL,G502035A
01tVT0000034PhFYAU,SOMBRILLA PLAYA,1.8M.DESIGNED BEACH PARASOL,G502036A
01tVT0000034PkTYAU,SET 3 PIEZAS ESTANTERIA DE PLANTADOR,SET 3 PCS PLANTER STAND,G112152A
01tVT0000034PsXYAU,COLUMPIO COLGANTE ACOLCHADO,OUTDOOR HANGING CHAIRS,G111096A
01tVT0000034PxNYAU,SET 3 PIEZAS ESTANTERIA DE PLANTADOR,SET 3 PCS PLANTER STAND,G112153A
01tVT0000034QDVYA2,ESTANTERIA DE PLANTADOR COLGADA,HANGING PLANTER HOLDER,G112154A
01tVT0000034QF7YAM,COLUMPIO COLGANTE ACOLCHADO,OUTDOOR HANGING CHAIRS,G111097A
01tVT0000034QdJYAU,COLUMPIO COLGANTE ACOLCHADO,DOUBLE SWING,G111098A
01tVT0000034QocYAE,SOMBRILLA PLAYA,1.8M.PREMIUM FRUIT SUN PARASOL,G502037A
01tVT0000034R7xYAE,SILLA GIRATORIA HUEVO,RADAR SWIVEL CHAIR,G111099A
01tVT0000034RJFYA2,SILLA GIRATORIA HUEVO,KD SWIVEL CHAIR,G111100A
01tVT0000034SNPYA2,PARAVIENTOS SOMBRILLA PLAYA,2.1M. PARASOL WITH SUNSHIELD,G502040A
01tVT0000034Uc5YAE,SOMBRILLA PLAYA PORTATIL,1.8M.PORTABLE TRAVEL PARASOL,G502038A
01tVT0000034UllYAE,ESTANTERIA METALICA ESQUINA 3 BALDAS,METAL CORNERSHELF,G112155A
01tVT0000034V57YAE,ESTANTERIA METALICA 4 BALDAS,METAL SHELF,G112156A
01tVT0000034V9xYAE,SOMBRILLA PLAYA,2.1M.FLOWER PARASOL PULS,G502039A
01tVT0000034VxxYAE,SOMBRILLA PLAYA,2.25M.TNT JUMBO PARASOL,G502041A
01tVT0000034W7dYAE,SOMBRILLA PLAYA,2.25M.OXFORD JUMBO PARASOL,G502042A
01tVT0000034WdtYAE,"SOMBRILLA DE JARDÍN DE ACERO 2,0 M",STEEL GARDEN PARASOL 2.0M,G106254A
01tVT0000034WqnYAE,SALA DE PATIO WICKER 4 PIEZAS CON COJIN,DINING SOFA SET 4PCS,G108355A
01tVT0000034X5JYAU,SOMBRILLA PLAYA,1.8M HAWAII BEACH PARASOL,G502043A
01tVT0000034XJpYAM,SALA DE PATIO WICKER 6 PIEZAS CON COJIN,SOFT SET 6 PCAS,G108356A
01tVT0000034XwXYAU,SOMBRILLA PLAYA IMITACION PLAYA,2M HAWAII BEACH PARASOL,G502044A
01tVT0000034Xy9YAE,SALA DE PATIO WICKER 4 PIEZAS CON COJIN,DINING SOFA SET 4PCS,G108357A
01tVT0000034Z0mYAE,CABANA PARASOL PLAYA,2.2M OXFORD SPORT CABANA WITH POLE SUPPORT,G502046A
01tVT0000034ed7YAA,CABANA PARASOL PLAYA,2IN1 PARASOL&CABANA,G502045A
01tVT0000035DVxYAM,SALA DE PATIO WICKER 4 PIEZAS CON COJINES,4PCS MEDIUM LOUNGER SET WITH CUSHION,G108358A
01tVT0000035DVzYAM,SOMBRILLA JARDIN 16 RIBS PUSH UP,2.2M 16RIBS GARDEN PARASOL,G106255A
01tVT0000035De2YAE,GAZEBO PLAYA PROTECTOR SOLAR,3M X 3M PORTABLE SUN SHELTER,G502049A
01tVT0000035DnhYAE,SALA DE PATIO WICKER 6 PIEZAS CON COJINES,SOFA SET 6 PCS,G108359A
01tVT0000035EQPYA2,SALA DE PATIO WICKER 3 PIEZAS,CORNER  SOFA WITH WOOD LEG,G108360A
01tVT0000035EVGYA2,SALA DE PATIO WICKER 4 PIEZAS CON COJINES,L CORNER SOFA,G108362A
01tVT0000035EmzYAE,SALA DE PATIO WICKER 3 PIEZAS CON COJINES,HIGH SOFA SET 3 PCS,G108361A
01tVT0000035EztYAE,GAZEBO PLAYA PROTECTOR SOLAR,SUN SHELTER,G502047A
01tVT0000035FCnYAM,GAZEBO PLAYA PROTECTOR SOLAR,2.1M x2.1M PORTABLE SUN SHELTER,G502048A
01tVT0000035FSwYAM,SOMBRILLA JARDIN FESTONEADO 8 RIBS CON TECHO DOBLE,2.7M TOP ROOF SCALLOPED PARASOL,G106259A
01tVT0000035FntYAE,SALA DE PATIO WICKER 5 PIEZAS CON COJINES,DINING SET 5 PCS,G108363A
01tVT0000035GLlYAM,MANTA PLAYA PORTATIL,6.5FT*7FT(200CM X 210CM) LIGHTWEIGHT PORTABLE BEACH BLANKET,G501072A
01tVT0000035GbtYAE,SALA DE PATIO WICKER 3 PIEZAS,CORNER BENCH 3 PCS,G108364A
01tVT0000035GnBYAU,GANCHO PLASTICO PARA SOMBRILLA PLAYA,PLASTIC HOOK ON BEACH PARASOL,G502050A
01tVT0000035Gs1YAE,SALA DE PATIO WICKER 3 PIEZAS CON COJINES,HIGH SOFA SET 3 PCS,G108365A
01tVT0000035GteYAE,SOMBRILLA JARDIN RECTANGULAR 4 RIBS PUSH UP,2MX1.5M BASIC SQUARE PARASOL,G106257A
01tVT0000035H1hYAE,ANCLA PLASTICA PARA SOMBRILLA PLAYA,PLASTIC ANCHOR FOR BEACH PARASOL,G502051A
01tVT0000035HBNYA2,ANCLA METALICA PARA SOMBRILLA PLAYA,STEEL ANCHOR FOR BEACH PARASOL,G502052A
01tVT0000035HHpYAM,SALA DE PATIO ACACIA 4 PIEZAS CON COJINES,CORNER SOFA 4 PCS,G108366A
01tVT0000035HePYAU,"SOMBRILLA DE JARDÍN DE ACERO DE 2,4 M",STEEL GARDEN PARASOL 2.4M,G106256A
01tVT0000035I4DYAU,SOMBRILLA JARDIN RECTANGULAR 10 RIBS PUSH UP,2MX1.3M RETANGLE PARASOL,G106258A
01tVT0000035IaTYAU,SOMBRILLA JARDIN FESTONEADO 6 RIBS,2.7M SCALLOPED GARDEN PARASOL,G106260A
01tVT0000035IgvYAE,"SOMBRILLA DE JARDÍN DE ACERO DE 2,7 M",STEEL GARDEN PARASOL 2.7M,G106261A
01tVT0000035KIvYAM,SALA DE PATIO WICKER 4 PIEZAS CON COJIN,SOFA SET 4 PCS,G108367A
01tVT0000035KPNYA2,SALA DE PATIO WICKER 4 PIEZAS CON COJIN,ASHVILLE WICKER PATIO SET 4 PCS,G108368A
01tVT0000035KafYAE,SOMBRILLA JARDIN RECTANGULAR 6 RIBS,RECTANGLE CRANKED GARDEN PARASOL,G106262A
01tVT0000035KkLYAU,SALA DE PATIO WICKER CON COJIN,LOVE SEAT NEW,G108369A
01tVT0000035L5JYAU,SALA DE PATIO WICKER 4 PIEZAS CON COJIN,4 PCS SOFA SET WITH CUSHION,G108370A
01tVT0000035OMXYA2,SOMBRILLA DE JARDÍN LED 2M x 3M,LED GARDEN PARASOL 2M x 3M,G106263A
01tVT0000035Qo9YAE,SALA DE PATIO WICKER 5 PIEZAS CON COJINES,SOFA SET KD 5 PCS,G108371A
01tVT0000035QubYAE,SOMBRILLA JARDIN TIOVIVO 16 RIBS,2.7M CAROUSEL PARASOL,G106264A
01tVT0000035RIoYAM,"SOMBRILLA PARA JARDÍN DE HIELO 2,7 M",LED GARDEN PARASOL 2.7M,G106266A
01tVT0000035RKPYA2,"SOMBRILLA DE JARDÍN DE ACERO DE 2,7 M",STEEL GARDEN PARASOL 2.7M,G106265A
01tVT0000035RdlYAE,"SOMBRILLA PARA JARDÍN DE HIELO 2,7 M",LED GARDEN PARASOL 2.7M,G106267A
01tVT0000035RnRYAU,"SOMBRILLA DE JARDÍN DE ACERO DE 3,0 M",STEEL GARDEN PARASOL 3.0M,G106268A
01tVT0000035S8PYAU,SOMBRILLA JARDIN LATERAL CON BASE EN CRUZ Y LUZ LED (BLOQUES NO INCLUIDOS),3M CANTILEVERL LED PARASOL,G106269A
01tVT0000035SJhYAM,MESH MOSQUITERA REDONDA PARA SOMBRILLA JARDIN,Round Outdoor Umbrella Mosquito Netting Screen Mesh,G106270A
01tVT0000035SmjYAE,MESH MOSQUITERA CUADRADA PARA SOMBRILLA JARDIN,Square Outdoor Umbrella gazebo Mosquito Netting Screen Mesh,G106271A
01tVT0000035StCYAU,BASE SOMBRILLA EN CRUZ METALICA,STEEL 4 FEET CROSS BASE,G106273A
01tVT0000035SwQYAU,BASE SOMBRILLA HDPE 15KG,15KGS RESIN BASE FOR HALF PARASOL,G106275A
01tVT0000035Sy2YAE,LUZ LED PARA COLUMNA DE SOMBRILLA JARDIN,LED LIGHT FOR CENTRE POLE PARASOL,G106279A
01tVT0000035T1FYAU,BASE SOMBRILLA EN CRUZ METALICA,STEEL 4 FEET CROSS BASE,G106272A
01tVT0000035TR3YAM,BASE SOMBRILLA HDPE 19KG,19KGS RESIN BASE FOR CENTER POLE GARDEN PARASOL,G106274A
01tVT0000035TxJYAU,BASE SOMBRILLA HDPE 15L,15L HEAVY SUPPORTS FOR CANTILEVER PARASOL,G106276A
01tVT0000035UF3YAM,BASE SOMBRILLA HDPE 13L,13L HEAVY SUPPORTS FOR CANTILEVER PARASOL,G106277A
01tVT0000035UQLYA2,BASE SOMBRILLA HDPE,4-in-1 HEAVY SUPPORTS FOR CANTILEVER PARASOL,G106278A
01tVT0000035Uq9YAE,LUZ LED 2-COLOR CONTROL REMOTO PARA SOMBRILLA JARDIN,REMOTE CONTROL TWO-COLOR PARASOL LAMP,G106280A
01tVT0000035V6HYAU,APOYADERO PARA SOMBRILLA JARDIN,UMBRELLA HOLDER CLAMP,G106281A
01tVT00000361ULYAY,GAZEBO CUADRADO CON MOSQUITERA,2.4MX2.4M NET WALLED GAZEBO,G106282A
01tVT00000361m5YAA,TIENDA DE PLAYA INFANTIL POP UP,POP UP BEACH TENT FOR KIDS,G502053A
01tVT00000361xNYAQ,TIENDA DE PLAYA INFANTIL POP UP CON PISCINA,POP UP BEACH TENT FOR KIDS WITH POOL,G502054A
01tVT00000362AHYAY,TIENDA DE PLAYA 1 BOTON,ONE BUTTON BEACH TENT,G502055A
01tVT00000362S1YAI,TIENDA DE PLAYA POP UP,POP UP BEACH TENT FOR 2-4 ADULTS,G502056A
01tVT00000362YUYAY,TIENDA DE CAMPAÑA DOBLE CAPAS,3-4 PERSON 2 LAYER CAMPING TENT,G601004A
01tVT00000362dKYAQ,TIENDA DE PLAYA INSTANTE,2-4PERSON INSTANT TENT,G502057A
01tVT00000363JFYAY,TIENDA DE CAMPAÑA DOMO,2 PERSON DOME TENT,G601001A
01tVT00000363azYAA,TIENDA DE CAMPAÑA INSTANTE,4 PERSON INSTANT CAMPING TENT,G601002A
01tVT00000363kfYAA,GAZEBO CUADRADO PORTATIL PROTECTOR SOLAR,SHADE SAIL 3MX3M,G106283A
01tVT00000363r7YAA,GAZEBO CUADRADO PORTATIL PROTECTOR SOLAR,SHADE SAIL 4.4MX4.4M,G106284A
01tVT00000363xZYAQ,TIENDA DE CAMPAÑA DOBLE CAPAS,1-2 PERSON 2 LAYER CAMPING TENT,G601003A
01tVT00000365eQYAQ,SET BISTRO WICKER,BISTRO SET,G108373A
01tVT00000365o6YAA,SET COMEDOR 3 PIEZAS AHORRA ESPACIO WICKER CON COJIN,CUBE 1+2,G108372A
01tVT00000369enYAA,SET BISTRO WICKER,BISTRO SET,G108374A
01tVT00000369oUYAQ,SET BISTRO WICKER,BISTRO SET,G108375A
01tVT0000036AarYAE,SET BISTRO ACACIA,ROPE BISTRO SET,G108376A
01tVT0000036FFdYAM,CONJUNTO DE SOFÁS MULTIFUNCIONAL,BALCONY SET 3 PCS SET,G108377A
01tVT0000036KwrYAE,SET COMEDOR EUCALIPTO 3 PIEZAS,DINING SET,G108379A
01tVT0000036OFeYAM,SET DE MESA PLEGABLE CAMPNG,CAMPNG FOLDING TABLE SET,G602041A
01tVT0000036PhxYAE,SET BISTRO 3 PIEZAS CON COJIN,RELAX SET,G108378A
01tVT0000036TDhYAM,SET COMEDOR EUCALIPTO 3 PIEZAS,3 PCS DINING SET,G108380A
01tVT0000038XrVYAU,BANCO JARDIN CONVERTIBLE TUMBONA PLEGABLE LATERAL,SIDE FOLDABLE BENCH,G108381A
01tVT0000038bTiYAI,SET BISTRO WICKER CON COJINES,MILES OUTDOOR DEEP SEATING WICKER BISTRO SET,G108382A
01tVT0000038chVYAQ,SET BISTRO WICKER CON COJINES,BALCONY SET 2,G108383A
01tVT0000038eRgYAI,SET BISTRO WICKER 5 PIEZAS CON COJINES,5 PIECES WICKER SET WITH CUSHION,G108384A
01tVT0000038gGTYAY,SET BISTRO WICKER 3 PIEZAS,BISTRO SET 2S - SQUARE,G108385A
01tVT0000038gy3YAA,SET BAR ACACIA 5 PIEZAS,5 PIECE BAR SET,G108388A
01tVT0000038gzdYAA,SET COMEDOR 5 PIEZAS,SQUARE 4S NEW SET,G108386A
01tVT0000038hZ7YAI,SET COMEDOR 3 PIEZAS,BALCONY CUBE 2-2,G108387A
01tVT0000038i71YAA,RADIADOR ACEITE 127V 1000W-2500W DISPLAY LCD CON PANTALLA TACTIL Y RUEDAS,OIL HEATER,B302122C
01tVT0000038iRxYAI,SET COMEDOR 5 PIEZAS,CHELTENHAM 4-SEAT SET,G108389A
01tVT0000038irlYAA,SET COMEDOR 5 PIEZAS,DINING TABLE SET(4 SEATER) WITH ACACIA TABLETOP WITH WOOD ARMREST,G108390A
01tVT0000038j6HYAQ,RADIADOR LIBRE ACEITE ALUMINIO 127V 2000W DISPLAY LCD CON PANTALLA TACTIL Y RUEDAS,ALUMINUM DIGITAL CONVENTOR HEATER,B302120C
01tVT0000038jXhYAI,CALENTADOR SOBREMESA PTC 127V 1000W/1800W,PTC CERAMIC FAN HEATER,B302121C
01tVT0000038jhOYAQ,RADIADOR ACEITE 127V 1500W CON RUEDAS,OIL HEATER,B302123C
01tVT0000038jr3YAA,SET COMEDOR 7 PIEZAS WICKER,DINING SET 4S,G108391A
01tVT0000038kNJYAY,RADIADOR ACEITE 127V 1500W CON RUEDAS,OIL HEATER,B302124C
01tVT0000038kf3YAA,RADIADOR ACEITE 127V 1500W CON RUEDAS,OIL HEATER,B302125C
01tVT0000038lPpYAI,CALENTADOR SOBREMESA 127V 1000W/2000W,TABLETOP HEATER 127V 1000W/2000W,B302126C
01tVT0000038lpdYAA,CALENTADOR SOBREMESA 127V 1000W/2000W,TABLETOP HEATER 127V 1000W/2000W,B302127C
01tVT0000039efdYAA,CALENTADOR PISO / PARED 127V 750W/1250W/2000W,PANEL HEATER,B302128C
01tVT0000039evlYAA,CALENTADOR PISO 127V 1000W/2000W DISPLAY LCD CON PANTALLA TACTIL Y CONTROL REMOTO,PANEL HEATER,B302129C
01tVT0000039gO6YAI,CALENTADOR PISO / PARED 127V 750W/1500W CON RUEDAS,conventor heater,B302131C
01tVT0000039iCzYAI,CALENTADOR PISO / PARED 127V 500W/1000W CON RUEDAS,PANEL HEATER,B302130C
01tVT0000039ijFYAQ,CALENTADOR PISO / PARED 127V 1000W/2000W CON RUEDAS,CONVENTOR HEATER,B302132C
01tVT0000039iphYAA,(INACTIVO) VENTILADOR TORRE 127V 45W,TOWER FAN,B301106C
01tVT0000039iw9YAA,CALENTADOR PISO / PARED 127V 1000W/2000W,CONVENTOR HEATER,B302133C
01tVT0000039j4DYAQ,(INACTIVO) VENTILADOR TORRE 127V 45W,TOWER FAN,B301107C
01tVT0000039jXFYAY,CALENTADOR PISO CON MANGO 127V 400W/800W/1200W,FLOOR HEATER WITH HANDLE 127V 400W/800W/1200W,B302134C
01tVT0000039l2oYAA,SOFA CAMA,SOFA BED,H309146B
01tVT0000039lXRYAY,SOFA CAMA,SOFA BED,H309145B
01tVT0000039lsPYAQ,SOFA CAMA,SOFA BED,H309147B
01tVT0000039m0TYAQ,SOFA CAMA,SOFA BED,H309148B
01tVT000003ECagYAG,TABURETE PLEGABLE CAMPING CON NEVERA,FOLDING CAMPING STOOL WITH FRIDGE,G602043A
01tVT000003EDQIYA4,TABURETE PLEGABLE CAMPING CON NEVERA,FOLDING CAMPING STOOL,G602044A
01tVT000003EF2HYAW,HIELERA CAMPING PLEGABLE PVC,FOLDING ICE BUCKET,G602042A
01tVT000003EFblYAG,SET BISTRO PLEGABLE CAMPING CON SOMBRILLA,BISTRO SET,G602045A
01tVT000003EI8DYAW,SILLA PLEGABLE CAMPING CON TECHO,FOLDING CAMPING CHAIR,G602046A
01tVT000003EIg6YAG,SILLA PLEGABLE PP,FOLDING CHAIR,G101113A
01tVT000003EIpmYAG,SILLA PLEGABLE CAMPING CON BOLSA,FOLDING CAMPING CHAIR,G602047A
01tVT000003EJ97YAG,SILLA PLEGABLE CAMPING CON BOLSA,FOLDING CAMPING CHAIR,G602048A
01tVT000003EKgHYAW,SILLA PLEGABLE CAMPING 2 PLAZAS CON BOLSA,FOLDING CAMPING CHAIR,G602049A
01tVT000003EKunYAG,TUMBONA PLEGABLE CAMPING CON BOLSA,TUMBONA,G602050A
01tVT000003EL2rYAG,SILLA PLEGABLE INFANTIL CAMPING CON BOLSA,FOLDING CAMPING CHAIR,G602051A
01tVT000003ELPRYA4,SET BISTRO PLEGABLE CAMPING CON BOLSAS,FOLDABLE CAMPING BISTRO SET WITH BAGS,G602052A
01tVT000003ENFxYAO,SILLA PLAYA,BEACH CHAIR,G501073A
01tVT000003EyVeYAK,SILLA PLAYA,BEACH CHAIR,G501074A
01tVT000003EyozYAC,SILLA PLAYA,BEACH CHAIR,G501075A
01tVT000003Ez0HYAS,SILLA PLAYA,BEACH CHAIR,G501076A
01tVT000003Ez1uYAC,ASADOR CARBON PORTATIL,PORTABLE CHARCOAL GRILL,G301156A
01tVT000003Ez58YAC,SILLA PLAYA,BEACH CHAIR,G501077A
01tVT000003EzDBYA0,SILLA PLAYA,BEACH CHAIR,G501078A
01tVT000003EzOTYA0,SILLA PLAYA,BEACH CHAIR,G501079A
01tVT000003F126YAC,SILLA PLEGABLE CAMPING CON MESA LATERAL,FOLDING CAMPING CHAIR WITH SIDE TABLE,G602054A
01tVT000003F1TVYA0,ASADOR CARBON PORTATIL,PORTABLE CHARCOAL GRILL,G301157A
01tVT000003F1i1YAC,CATRE CAMPING PLEGABLE AL AIRE LIBRE,OUTDOOR FOLDING CAMPING BED,G602053A
01tVT000003F1mrYAC,ASADOR CARBON PORTATIL,PORTABLE CHARCOAL GRILL,G301158A
01tVT000003F1tJYAS,SILLA PLAYA,BEACH CHAIR,G501080A
01tVT000003F21NYAS,ASADOR CARBON RECTANGULAR CON MESA LATERAL,RECTANGULAR CHARCOAL GRILL WITH SIDE TABLE,G301159A
01tVT000003F26DYAS,TUMBONA PLAYA METALICA,TUMBONA,G501081A
01tVT000003F5gnYAC,ASADOR CARBON RECTANGULAR,RECTANGULAR CHARCOAL GRILL,G301160A
01tVT000003F63NYAS,ASADOR CARBON PORTATIL,PORTABLE CHARCOAL GRILL,G301161A
01tVT000003F6JVYA0,ASADOR CARBON RECTANGULAR CON MESA LATERAL,RECTANGULAR CHARCOAL GRILL WITH SIDE TABLE,G301162A
01tVT000003F6TDYA0,POZO DE FUEGO,FIRE PIT,G301163A
01tVT000003F6oAYAS,SILLA PLEGABLE CAMPING TRIANGULO,TRIPLE CHAIR,G602056A
01tVT000003F75uYAC,SILLON LUNA PLEGABLE INFANTIL TERCIOPELO,KIDS MOON CHAIR,G110157A
01tVT000003F7AjYAK,SILLON LUNA PLEGABLE TERCIOPELO,ADULT MOON CHAIR,G110156A
01tVT000003F7PFYA0,POZO DE FUEGO,FIRE PIT,G301164A
01tVT000003F7XJYA0,POZO DE FUEGO,FIRE PIT,G301165A
01tVT000003F7c9YAC,SILLA PLEGABLE CAMPING,LOUNGE CHAIR,G602055A
01tVT000003F8bRYAS,POZO DE FUEGO,FIRE PIT,G301166A
01tVT000003F8oLYAS,SILLA PLAYA CON MALLA,BEACH CHAIR WITH MESH,G501082A
01tVT000003F8zdYAC,POZO DE FUEGO,FIRE PIT,G301167A
01tVT000003F92rYAC,SILLA PLAYA,LOUNGE CHAIR,G501083A
01tVT000003F9hBYAS,TUMBONA PLAYA METALICA,BEACH SEAT,G501084A
01tVT000003F9qrYAC,SILLA PLAYA,BEACH CHAIR,G501085A
01tVT000003FA5NYAW,SILLA PLAYA,KEMIT CHAIR,G501086A
01tVT000003FAJtYAO,SILLA PLAYA,KEMIT CHAIR L,G501087A
01tVT000003FAoXYAW,TABURETE PLEGABLE CAMPING TRIANGULO,TRIPLE CHAIR,G602057A
01tVT000003FAqBYAW,CARRITO TRANSPORTADOR PLEGABLE,CAMPING WAGON BEACH,G402022A
01tVT000003FAyDYAW,SILLA PLEGABLE CAMPING CON BOLSA,CAMPING STOOL,G602058A
01tVT000003FB6HYAW,SILLA ALUMINIO,HIGH BACKREST CHAIR - CORIDO,G110158A
01tVT000003FBB7YAO,CARRITO TRANSPORTADOR PLEGABLE,CAMPING WAGON M,G402020A
01tVT000003FBFxYAO,SILLA ALUMINIO,ADJUSTABLE HIGH BACKREST CHAIR - MILANO,G110159A
01tVT000003FBO2YAO,CARRITO TRANSPORTADOR PLEGABLE,CAMPING WAGON S,G402021A
01tVT000003FBizYAG,SILLON GIRATORIO CON COJIN,RELAX CHAIR (360 DEGREE ROTATE),G110160A
01tVT000003FBpRYAW,CATRE CAMPING PLEGABLE AL AIRE LIBRE,CAMPING STOOL DOUBLE,G602059A
01tVT000003FBxVYAW,CATRE CAMPING PLEGABLE AL AIRE LIBRE,CAMPING STOOL DOUBLE,G602060A
01tVT000003FCK5YAO,SILLA PLEGABLE CAMPING CON MESA LATERAL Y NEVERA,DIRECTOR CHAIR WITH COOLBAG,G602061A
01tVT000003G2k6YAC,FUENTE ABSTRACTA CON LED,ABSTRACT FOUNTAIN + LED,G112168A
01tVT000003G39vYAC,FUENTE YOGA ACABADO PLASTICO CON LED,YUGA FOUNTAIN + LED,G112162A
01tVT000003G3OPYA0,FUENTE ACABADO PLASTICO CON LED,POT FOUNTAIN + LED,G112157A
01tVT000003G3cvYAC,FUENTE ACABADO PLASTICO CON LED,BAMBOO FOUNTAIN + LED,G112158A
01tVT000003G3oDYAS,FUENTE ACABADO PLASTICO CON LED,POT FOUNTAIN + LED + BALL,G112159A
01tVT000003G3wHYAS,SILLA PLAYA TRANSFORMADOR CARRITO TRANSPORTADOR MULTIFUNCIONAL,BEACH DAY LOUNGER,G501088A
01tVT000003G42kYAC,FUENTE BUDA ACABADO PLASTICO CON LED,BUDDHA FOUNTAIN + LED,G112161A
01tVT000003G4U9YAK,FUENTE ACABADO PLASTICO CON LED,POT FOUNTAIN + LED + BALL,G112160A
01tVT000003G5V4YAK,FUENTE CON LED,POT FOUNTAIN + LED,G112166A
01tVT000003G5bVYAS,CARRITO TRANSPORTADOR PLEGABLE CAMPING 2 NIVELES,FOLDING CAMPING TRANSPORTER CART 2 LEVELS,G602062A
01tVT000003G5ejYAC,FUENTE PIEDRA ACABADO PLASTICO CON LED,STONE FOUNTAIN + LED,G112163A
01tVT000003G5hyYAC,FUENTE CON LED,POT FOUNTAIN + LED,G112169A
01tVT000003G5tGYAS,FUENTE ABSTRACTA CON LED,ABSTRACT FOUNTAIN + LED,G112165A
01tVT000003G5wTYAS,FUENTE BUDA ACABADO PLASTICO CON LED,BUDDHA FOUNTAIN + LED,G112164A
01tVT000003G5y7YAC,FUENTE ABSTRACTA CON LED,ABSTRACT FOUNTAIN + LED,G112167A
01tVT000003G6SkYAK,COLCHON INFLABLE,Inflatable mattress,G602067A
01tVT000003G6xNYAS,CARRITO TRANSPORTADOR PLEGABLE CAMPING CON MESA,FOLDING WAGON WITH BACK OPEN AND TABLE,G602063A
01tVT000003G7BtYAK,CARRITO TRANSPORTADOR PLEGABLE CAMPING CON NEVERA,FOLDING WAGON WITH COOLER,G602064A
01tVT000003G7OoYAK,FUENTE ABSTRACTA CON LED,ABSTRACT FOUNTAIN + LED,G112171A
01tVT000003G7VFYA0,CARRITO TRANSPORTADOR PLEGABLE CAMPING CON NEVERA Y TECHO,Folding Wagon With Coolor & Canopy,G602065A
01tVT000003G8sjYAC,FUENTE BUDA CON LED,BUDDHA  FOUNTAIN + LED,G112170A
01tVT000003G9DhYAK,FUENTE ABSTRACTA CON LED,ABSTRACT FOUNTAIN + LED,G112172A
01tVT000003G9IXYA0,COLCHON INFLABLE,Inflatable mattress,G602066A
01tVT000003GA3JYAW,COLCHON INFLABLE,Single Inflatable mattress,G602068A
01tVT000003GJo9YAG,COLCHON INFLABLE DOBLE,Double Inflatable mattress,G602069A
01tVT000003GKInYAO,SILLA PLAYA,FOLDING CHAIR,G501089A
01tVT000003GLTNYA4,TUMBONA PLAYA METALICA CON HUECO,LOUNGER CHAIR,G501090A
01tVT000003GLgHYAW,TUMBONA PLAYA METALICA CON HUECO,LOUNGER CHAIR,G501091A
01tVT000003GMhBYAW,TUMBONA PLAYA METALICA,TUMBONA,G501092A
01tVT000003GOcXYAW,TUMBONA PLAYA METALICA,TUMBONA,G501093A
01tVT000003HL37YAG,SILLA COMEDOR RATAN CON COJIN,ROYAL GARDEN CHAIR,G110161A
01tVT000003HLj3YAG,SILLA METALICA CON REPOSAPIES AJUSTABLE,GASLIFT ADJUSTABLE BARKREST & FOOTREST RELAX CHAIR,G110162A
01tVT000003HLpVYAW,SILLA DOBLE PLAYA,BEACH CHAIR,G501094A
01tVT000003HMNNYA4,SILLA DOBLE PLAYA,BEACH CHAIR,G501095A
01tVT000003HMNOYA4,SILLA WICKER CON RESPALDO AJUSTABLE,ADJUSTABLE HIGH BACKREST CHAIR (FOOTREST NOT ADJUSTABLE),G110163A
01tVT000003HMbtYAG,SILLA PLAYA,BEACH CHAIR,G501096A
01tVT000003HOdiYAG,POZO DE FUEGO,FIRE PIT,G301168A
01tVT000003HOdjYAG,POZO DE FUEGO,FIRE PIT,G301169A
01tVT000003HP57YAG,SILLA DOBLE PLAYA,BEACH CHAIR,G501097A
01tVT000003HP8LYAW,SILLA WICKER CON CASA PARA MASCOTAS,PATIO PET HOUSE,G110164A
01tVT000003HPMrYAO,SILLA PLAYA,BEACH CHAIR,G501098A
01tVT000003HPjRYAW,SILLA DOBLE PLAYA CON TOLDO,BEACH CHAIR,G501099A
01tVT000003HQ2nYAG,SET DE SILLA DOBLE PLAYA,DOUBLE BEACH CHAIR SET,G501100A
01tVT000003HQpBYAW,TUMBONA PLAYA CON RESPALDO AJUSTABLE GASLIFT,SINGLE SUN LOUNGER WITH GASLIFT ADJUSTABLE BACKREST,G110165A
01tVT000003HRDOYA4,TUMBONA PLAYA PLEGABLE CON COJIN,FOLDABLE SINGLE SUN LOUNGER,G501104A
01tVT000003HRLRYA4,TUMBONA PLAYA CON COJIN,SINGLE SUNLOUNGER 1,G501101A
01tVT000003HRgPYAW,TUMBONA PLAYA,NEW SUNLOUNGER,G501102A
01tVT000003HSe5YAG,TUMBONA PLAYA DOBLE CON GASLIFT 2 PIEZAS,GASLIFT BENCH SET,G501103A
01tVT000003HTFBYA4,TUMBONA PLAYA DOBLE CON COJIN,DOUBLE SUNLOUNGER (WITHOUT COVER),G501105A
01tVT000003HTQTYA4,TUMBONA PLAYA DOBLE CON COJIN,DOUBLE SUNLOUNGER ( WITH COVER),G501106A
01tVT000003IhnyYAC,SERIE DE LUZ ELECTRONICO,ELECTRONIC STRING LIGHT,G112174A
01tVT000003IiIbYAK,SERIE DE LUZ SOLAR,SOLAR STRING LIGHT,G112173A
01tVT000003LwQfYAK,"(INACTIVO) VENTILADOR PISO 16"" 50W 127V 3 VELOCIDADES OSCILANTE CON CONTROL REMOTO",16''Stand Fan,B301108C
01tVT000003M2sfYAC,"VENTILADOR DE ESCRITORIO DE 7"", BATERÍA DE IONES DE LITIO DE 1200 MAH","DESK FAN 7"", LI-ION 1200MAH",B301109C
01tVT000003M3f4YAC,"(INACTIVO) VENTILADOR TORRE 42"" 50W 127V 3 VELOCIDADES OSCILANTE CON CONTROL REMOTO","42"" TOWER FAN",B301118C
01tVT000003M3qLYAS,"VENTILADOR DE PIE DE 18"", 3 EN 1","STAND FAN 18"", 3 IN 1",B301110C
01tVT000003M4ZWYA0,"(INACTIVO) VENTILADOR TORRE 32"" 45W 127V 3 VELOCIDADES OSCILANTE CON CONTROL REMOTO","32"" TOWER FAN WITH REMOTE CONTROL",B301116C
01tVT000003M549YAC,"VENTILADOR DE CAJA DE 20"", 5 ASPAS","BOX FAN 20"", 5 BLADES",B301111C
01tVT000003M54AYAS,"VENTILADOR DE CAJA DE 20"", 5 ASPAS","BOX FAN 20"", 5 BLADES",B301113C
01tVT000003M5IhYAK,CENTRO DE JUEGOS GRANDE,KIDS PLAYHOUSE  & SLIDE,P101078W
01tVT000003M5NVYA0,"VENTILADOR SOBREMESA 20"" 80W 127V 3 VELOCIDADES CON CONTROL REMOTO","20"" BOX FAN",B301112C
01tVT000003M5tlYAC,"VENTILADOR TECHO 16"" 65W 127V 3 VELOCIDADES","16"" ORBIT FAN",B301114C
01tVT000003M6LBYA0,"VENTILADOR TORRE 30"" 45W 127V 3 VELOCIDADES OSCILANTE CON CONTROL REMOTO","30"" TOWER FAN WITH REMOTE CONTROL",B301115C
01tVT000003M72jYAC,"VENTILADOR TORRE 36"" 45W 127V 3 VELOCIDADES OSCILANTE CON CONTROL REMOTO","36"" TOWER FAN WITH REMOTE CONTROL",B301117C
01tVT000003M7sLYAS,"VENTILADOR PISO 20"" 120W 127V 3 VELOCIDADES","20"" FLOOR FAN",B301119C
01tVT000003MB38YAG,CASA DE MUNECAS,KIDS PLAYHOUSE,P101077W
01tVT000003MBeDYAW,TOBOGÁN GRANDE,KIDS SLIDE,P101075W
01tVT000003MC2QYAW,SET COMEDOR MDF + 4 SILLAS,DINING SET,H210120B
01tVT000003MCf7YAG,SET COMEDOR MDF + 4 SILLAS,5 PCS MDF DINING SET,H210119B
01tVT000003MCnBYAW,CENTRO DE JUEGOS GRANDE,3-IN-1 KIDS SLIDE & SWING & BASKETBALL HOOP,P101076W
01tVT000003MDT7YAO,SET COMEDOR MDF + 4 SILLAS,DINING SET,H210121B
01tVT000003MEAfYAO,TOBOGAN CHICO,KIDS PANDA FOLDING SLIDE,P101079W
01tVT000003MhCgYAK,ASADOR CARBON CERAMICO REDONDO CON MESAS LATERALES,ROUND CERAMIC CHARCOAL GRILL WITH SIDE TABLES,G301083Q
01tVT000003MkNRYA0,SET COMEDOR EUCALIPTO 3 PIEZAS,3 PCS DINING SET,G108380Q
01tVT000003MkYjYAK,ASADOR CARBON CERAMICO REDONDO CON MESAS LATERALES,ROUND CERAMIC CHARCOAL GRILL WITH SIDE TABLES,G301083M
01tVT000003MnQAYA0,SET COMEDOR EUCALIPTO 3 PIEZAS,3 PCS DINING SET,G108380M
01tVT000003MoioYAC,SALA DE PATIO METALICA 4 PIEZAS,COFFEE TABLE CHAIR SET,G108281M
01tVT000003MovhYAC,SET COMEDOR EUCALIPTO 5 PIEZAS,5PCS ROUND DINING SET,G108292M
01tVT000003Mp3lYAC,SOFA CAMA WICKER CON COJINES,CYPRUS MOON BED,G108300M
01tVT000003MxpJYAS,CENTRO DE JUEGOS GRANDE,KIDS SLIDE & CLIMBER,P101080W
01tVT000003My3pYAC,CENTRO DE JUEGOS GRANDE,KIDS BUS SLIDE,P101081W
01tVT000003MyyHYAS,(INACTIVO) OBSTACULO PARA NINOS,KIDS HURDLE,P101082W
01tVT000003Mz7yYAC,(INACTIVO) TUNEL INFANTIL PEQUENO,KIDS DRILLING CIRCLE,P101083W
01tVT000003N7WyYAK,ESCALADA,KIDS CLIMBING,P101086W
01tVT000003N8eHYAS,COLUMPIO DOBLE CON SOPORTE,KIDS PLAYGROUND SWING,P101084W
01tVT000003N8zFYAS,BALANCIN,KIDS SEESAW,P101085W
01tVT000003Qt7BYAS,SOFA CAMA,SOFA BED,H309149B
01tVT000003Utv1YAC,BANCO BAR PU + MADERA,BAR STOOL,H206122B
01tVT000003UuHZYA0,SILLA COMEDOR TERCIOPELO,DINING CHAIR,H201180B
01tVT000003UunpYAC,SILLA COMEDOR PU,DINING CHAIR,H201181B
01tVT000003UvOwYAK,BANCO BAR PU,BAR STOOL,H206118B
01tVT000003Uvf4YAC,BANCO BAR PU,BAR STOOL,H206117B
01tVT000003UwjBYAS,BANCO BAR PU,BAR STOOL,H206119B
01tVT000003Uwo2YAC,BANCO BAR MADERA,BAR STOOL,H206121B
01tVT000003UwzJYAS,BANCO BAR PU + MADERA,BAR STOOL,H206120B
01tVT000003UxddYAC,BANCO BAR PU,BAR STOOL,H206123B
01tVT000003Uy8HYAS,BANCO BAR TELA,BAR STOOL,H206124B
01tVT000003V2VGYA0,SILLA COMEDOR PP,CHAIR,H201182B
01tVT000003V3RJYA0,SILLA COMEDOR METALICA + PP,CHAIR,H201183B
01tVT000003V3cbYAC,SILLA COMEDOR PP,CHAIR,H201184B
01tVT000003V3mIYAS,ORGANIZADOR ZAPATOS 2 NIVELES,SHOE RACK,H406084B
01tVT000003V4DhYAK,SILLA COMEDOR PP + MADERA,CHAIR,H201185B
01tVT000003V4OzYAK,SILLA COMEDOR PP,CHAIR,H201186B
01tVT000003V4VRYA0,ORGANIZADOR ZAPATOS 4 NIVELES,SHOES RACK,H406083B
01tVT000003V5T7YAK,ORGANIZADOR ZAPATOS 3 NIVELES,SHOE RACK,H406085B
01tVT000003V6FWYA0,PERCHERO ZAPATERO,SHELF,H406087B
01tVT000003V6dhYAC,REPISA ORGANIZADOR,SHELF,H406086B
01tVT000003V7rVYAS,PERCHERO ZAPATERO,SHELF,H406088B
01tVT000003V8fVYAS,PERCHERO ZAPATERO,SHELF,H406089B
01tVT000003V95JYAS,PERCHERO ORGANIZADOR DE TELA,CLOTH WARDROBE,H406090B
01tVT000003V9RuYAK,PERCHERO ZAPATERO,CLOTH CABINET,H406091B
01tVT000003V9YMYA0,PERCHERO,SHELF,H406092B
01tVT000003V9gPYAS,SET COMEDOR MADERA 7 PIEZAS,DINING SET 1 TABLE + 6 CHAIRS,H210122B
01tVT000003VAHVYA4,CAJA ORGANIZADOR,STORAGE BOX,H406093B
01tVT000003VAUPYA4,CAJA ORGANIZADOR,STORAGE BOX,H406094B
01tVT000003VAivYAG,CAJA ORGANIZADOR,STORAGE BOX,H406095B
01tVT000003VB0fYAG,CAJA ORGANIZADOR,STORAGE BOX,H406096B
01tVT000003VBIPYA4,ORGANIZADOR DE JUGUETES 3 NIVELES,TOY CABINET,H406097B
01tVT000003VBgbYAG,ORGANIZADOR DE JUGUETES 3 NIVELES,TOY CABINET,H406098B
01tVT000003W4tCYAS,SET COMEDOR CAUCHO 7 PIEZAS,1 TABLE + 6 CHAIRS,H210125B
01tVT000003W6TaYAK,SET COMEDOR MDF 7 PIEZAS,1 TABLE + 6 CHAIRS,H210124B
01tVT000003W6q9YAC,SET COMEDOR MDF 6 PIEZAS,1 TABLE + 1 BENCH + 4 CHAIRS,H210123B
01tVT000003W7z7YAC,SET COMEDOR MDF 5 PIEZAS,1 TABLE + 4 CHAIRS,H210126B
01tVT000003W8TlYAK,SET COMEDOR MDF 5 PIEZAS,1 TABLE + 4 CHAIRS,H210127B
01tVT000003W8n7YAC,SET COMEDOR MDF 5 PIEZAS,1 TABLE + 4 CHAIRS,H210128B
01tVT000003W9BJYA0,SET COMEDOR MDF 6 PIEZAS,1 TABLE + 1 BENCH + 4 CHAIRS,H210129B
01tVT000003W9WIYA0,SET COMEDOR MDF 6 PIEZAS,1 TABLE + 1 BENCH + 4 CHAIRS,H210130B
01tVT000003WH2PYAW,SET COMEDOR MDF 5 PIEZAS,DINING SET 1 TABLE + 4 CHAIRS,H210131B
01tVT000003WIJRYA4,SET COMEDOR MDF 5 PIEZAS,DINING SET,H210132B
01tVT000003XGCLYA4,SET COMEDOR MDF 6 PIEZAS,QUINCY DINING SET,H210133B
01tVT000003XGnRYAW,SET COMEDOR MDF 7 PIEZAS,DINING SET,H210134B
01tVT000003XGnSYAW,SET COMEDOR MDF EXTENSIBLE 7 PIEZAS,DINING SET 1 TABLE + 6 CHAIRS,H210139B
01tVT000003XHErYAO,SET COMEDOR MDF EXTENSIBLE 7 PIEZAS,DINING SET 1 TABLE + 6 CHAIRS,H210135B
01tVT000003XHI6YAO,SET COMEDOR MDF 5 PIEZAS,DINING SET 1 TABLE + 4 CHAIRS,H210137B
01tVT000003XHTNYA4,SET COMEDOR MDF EXTENSIBLE 7 PIEZAS,DINING SET 1 TABLE + 6 CHAIRS,H210136B
01tVT000003XIXVYA4,SET COMEDOR MDF EXTENSIBLE 7 PIEZAS,DINING SET 1 TABLE + 6 CHAIRS,H210138B
01tVT000003XYQzYAO,ESTANTERIA 4 NIVELES,SHELF,H314161B
01tVT000003XYlxYAG,ESTANTERIA 5 NIVELES,SHELF,H314162B
01tVT000003XaNxYAK,MESA RESINA PLEGABLE ? 3.5 cm,FOLDING RESIN TABLE ? 3.5 cm,G101114S
01tVT000003XavpYAC,MESA RESINA PLEGABLE ? 3.5 cm,FOLDING RESIN TABLE ? 3.5 cm,G101115S
01tVT000003YO7pYAG,SILLON TERCIOPELO,ACCENT CHAIR,H311076B
01tVT000003YXavYAG,ESPEJO DE PISO RECTANGULAR CON MARCO POLIESTIRENO,PS FRAMED MIRROR,H315111B
01tVT000003YYrxYAG,ESPEJO DE PARED REDONDO CON MARCO ALUMINIO,ALUMINUM ALLOY FRAME,H315112B
01tVT000003YZ9hYAG,ESPEJO DE PARED RECTANGULAR CON MARCO ALUMINIO,ALUMINUM  ALLOY  FRAME,H315113B
01tVT000003YaYnYAK,SILLON PU,ACCENT CHAIR,H311077B
01tVT000003Yb53YAC,SILLON CUERO SINTETICO,ACCENT CHAIR,H311078B
01tVT000003YbbKYAS,ESPEJO DE PARED RECTANGULAR CON MARCO ALUMINIO,ALUMINUM  ALLOY  FRAME,H315117B
01tVT000003YfBuYAK,ESPEJO DE PISO RECTANGULAR CON MARCO ALUMINIO,ALUMINUM  ALLOY  FRAME,H315118B
01tVT000003Yfa5YAC,ESPEJO DE PISO RECTANGULAR CON MARCO ALUMINIO,ALUMINUM  ALLOY  FRAME,H315114B
01tVT000003Yg4jYAC,ESPEJO DE PARED CON MARCO ALUMINIO,ALUMINUM  ALLOY  FRAME,H315115B
01tVT000003YgHdYAK,ESPEJO DE PARED CON MARCO ALUMINIO,ALUMINUM  ALLOY  FRAME,H315116B
01tVT000003YhIXYA0,ESPEJO DE PISO RECTANGULAR CON MARCO MADERA,WOODEN FRAMED MIRROR,H315119B
01tVT000003YhYfYAK,ESPEJO DE PARED REDONDO CON MARCO MADERA,WOODEN FRAMED MIRROR,H315120B
01tVT000003YjLyYAK,SILLON MECEDORA TERCIOPELO,ROCKING CHAIR,H311079B
01tVT000003YmzlYAC,TV STAND MUEBLE CRISTAL SOPORTE,TV STAND,H316023B
01tVT000003YppZYAS,MESA RESINA CUADRADA FIJA,SQUARE TABLE,G101116A
01tVT000003bok5YAA,TV STAND MUEBLE CRISTAL SOPORTE,TV STAND,H316024B
01tVT000003bpJZYAY,TV STAND MUEBLE CRISTAL CON SOPORTE GIRATORIO,TV STAND,H316025B
01tVT000003bpcvYAA,TV STAND MUEBLE CRISTAL CON SOPORTE GIRATORIO,TV STAND,H316026B
01tVT000003bqfRYAQ,TV STAND MUEBLE CRISTAL CON SOPORTE GIRATORIO,TV STAND,H316027B
01tVT000003c4LqYAI,PERCHERO ORGANIZADOR ALMACENAMIENTO 2 NIVELES CON RUEDAS,2-TIER STORAGE ORGANIZER RACK WITH WHEELS,H406101B
01tVT000003c4gpYAA,CARRITO BAÑO 2 NIVELES,2 LEVEL BATHROOM CART,H404112B
01tVT000003c4thYAA,CARRITO BAÑO 3 NIVELES,3 LEVEL BATHROOM CART,H404109B
01tVT000003c51lYAA,CARRITO BAÑO 3 NIVELES,3 LEVEL BATHROOM CART,H404110B
01tVT000003c5JVYAY,CARRITO BAÑO 2 NIVELES,2 LEVEL BATHROOM CART,H404111B
01tVT000003c5Y1YAI,PERCHERO ORGANIZADOR ALMACENAMIENTO CON RUEDAS,STORAGE ORGANIZER RACK WITH WHEELS,H406099B
01tVT000003c5rNYAQ,PERCHERO ORGANIZADOR ALMACENAMIENTO CON RUEDAS,STORAGE ORGANIZER RACK WITH WHEELS,H406100B
01tVT000003c6InYAI,PERCHERO ORGANIZADOR CAJONERA 2 NIVELES CON RUEDAS,2 LEVEL DRAWER ORGANIZER COAT RACK WITH WHEELS,H406102B
01tVT000003c6ttYAA,CARRITO BAÑO 3 NIVELES,3 LEVEL BATHROOM CART,H404113B
01tVT000003cs2VYAQ,MESA AUXILIAR,END TABLE,H312289B
01tVT000003csX7YAI,MESA AUXILIAR,COFFEE TABLE,H312288B
01tVT000003eDuVYAU,MESA AUXILIAR,COFFEE TABLE,H312291B
01tVT000003eQi1YAE,MESA AUXILIAR,COFFEE TABLE,H312290B
01tVT000003eRHVYA2,MESA AUXILIAR 2 PIEZAS,COFFEE TABLE,H312292B
01tVT000003eRhJYAU,MESA AUXILIAR,COFFEE TABLE,H312293B
01tVT000003eWyjYAE,SILLA ORDENADOR PU,OFFICE CHAIR,H101132B
01tVT000003eXErYAM,SILLA ORDENADOR PU,OFFICE CHAIR,H101133B
01tVT000003eZLXYA2,SILLA ORDENADOR MESH,OFFICE CHAIR,H101134B
01tVT000003eZjhYAE,SILLA ORDENADOR MESH,OFFICE CHAIR,H101135B
01tVT000003eaEMYAY,CENTRO ENTRETENIMIENTO 4 CAJONES,TV STAND,H312294B
01tVT000003eaFxYAI,SILLA ORDENADOR,OFFICE CHAIR,H101136B
01tVT000003eaavYAA,SILLA ORDENADOR MESH + PVC,CHAIR,H101137B
01tVT000003efvaYAA,APARADOR 6 PUERTAS,CABINET,H312295B
01tVT000003eg6sYAA,SILLA ORDENADOR PU,MANAGER CHAIR,H101138B
01tVT000003egObYAI,APARADOR 2 CAJONES,CABINET,H313081B
01tVT000003eggLYAQ,APARADOR 2 CAJONES,CONSOLE TABLE,H312296B
01tVT000003ehXZYAY,MESA AUXILIAR 2 CAJONES,COFFEE TABLE,H312297B
01tVT000003elPtYAI,SILLA ORDENADOR PU + PVC,CHAIR,H101139B
01tVT000003elWMYAY,MESA ESCRITORIO GAMING,GAMING DESK,H102164B
01tVT000003emCHYAY,MESA ESCRITORIO GAMING,GAMING DESK,H102165B
01tVT000003emk9YAA,SILLA GAMING CON APOYAPIES,GAMING CHAIR,H101140B
01tVT000003emqbYAA,SILLA GAMING,GAMING CHAIR,H101141B
01tVT000003fKSTYA2,SOFA 3 PLAZAS CON 2 ALMOHADAS,SECTIONAL SOFA,H309150B
01tVT000003fL0LYAU,SOFA CAMA CHESLONG TRANSFORMER CON ALMACENAMIENTO,SECTIONAL SOFA,H309151B
01tVT000003fMsUYAU,SET COMEDOR MARMOL 7 PIEZAS,DINING SET,H210140B
01tVT000003fOB7YAM,PERCHERO ORGANIZADOR ALMACENAMIENTO 2 NIVELES INFANTIL,CLOTHING RACK,H406103B
01tVT000003fW8fYAE,SET COMEDOR MDF 5 PIEZAS,DINING SET 1 TABLE + 4 CHAIRS,H210141B
01tVT000003gHXNYA2,SET MESA CON CAJONES + SILLA,DESK WITH CHAIR,H105106B
01tVT000003gIBhYAM,BAÚL JUGUETES INFANTIL,TOY BOX,H105107B
01tVT000003gMbtYAE,BAÚL JUGUETES INFANTIL,TOYBOX WITH BACK,H105108B
01tVT000003gMonYAE,ESTANTERIA PARA LIBROS CON CAJON,BOOKCASE WITH STORAGE,H105109B
01tVT000003gOVdYAM,SILLA ORDENADOR PVC,OFFICE CHAIR,H101142B
01tVT000003gOnNYAU,SILLA ORDENADOR PU,OFFICE CHAIR,H101143B
01tVT000003gOvSYAU,SILLA ORDENADOR PU,OFFICE CHAIR,H101145B
01tVT000003gOyfYAE,SILLA ORDENADOR PU,OFFICE CHAIR,H101144B
01tVT000003gPI1YAM,SILLA ORDENADOR PU,OFFICE CHAIR,H101146B
01tVT000003gPMsYAM,SILLA ORDENADOR PVC,OFFICE CHAIR,H101150B
01tVT000003gPRhYAM,SILLA ORDENADOR PVC,OFFICE CHAIR,H101147B
01tVT000003gPjRYAU,SILLA ORDENADOR PVC,OFFICE CHAIR,H101148B
01tVT000003gPxxYAE,SILLA ORDENADOR PU,OFFICE CHAIR,H101149B
01tVT000003gQE5YAM,SILLA ORDENADOR PU,OFFICE CHAIR,H101151B
01tVT000003iGaQYAU,SET MESA + SILLAS INFANTIL CON ALMACENAJE,TABLE & 2 CHAIRS SET,H105111B
01tVT000003iICPYA2,JUGUETERO DE MDF INFANTIL,TOY ORGANIZER WITH 9 BINS,H105110B
01tVT000003iIvZYAU,SET MESA + SILLAS INFANTIL CON ALMACENAJE,TABLE & 2 CHAIRS SET,H105112B
01tVT000003iKSkYAM,JUGUETERO 9 CAJONES DE PLASTICO INFANTIL,TOY STORAGE WITH 9 BINS,H105118B
01tVT000003iKcPYAU,PIZARRA INFANTIL CON ALMACENAJE,KID EASEL,H105113B
01tVT000003iKu9YAE,ESTRUCTURA CAMA INFANTIL,BED WITH DRAWER,H313082B
01tVT000003iKxNYAU,MESA ESCRITORIO DE PIE ELETRICO PORTATIL,PORTABLE ELECTRIC STANDING DESK,H102166B
01tVT000003iLBtYAM,BAÚL JUGUETES INFANTIL,TOYBOX,H105114B
01tVT000003iLGjYAM,MESA ESCRITORIO DE PIE ELETRICO PORTATIL,ELECTRIC PORTABLE STANDING DESK,H102167B
01tVT000003iLWrYAM,MESA ESCRITORIO DE PIE ELETRICO CRISTAL,ELECTRIC STANDING DESK,H102168B
01tVT000003iLqDYAU,BAÚL JUGUETES INFANTIL CON ESTANTERIA,TOYBOX WITH BOOKS HOLDER,H105115B
01tVT000003iM7xYAE,MESA ESCRITORIO DE PIE ELETRICO CRISTAL,ELECTRIC STANDING DESK,H102169B
01tVT000003iMBBYA2,JUGUETERO 6 CAJONES DE PLASTICO INFANTIL,TOY STORAGE WITH 6 BINS,H105116B
01tVT000003iMKrYAM,MESA ESCRITORIO DE PIE ELETRICO,ELECTRIC STANDING DESK,H102170B
01tVT000003iMUXYA2,MESA ESCRITORIO DE PIE ELETRICO MADERA,ELECTRIC STANDING DESK,H102171B
01tVT000003iMhRYAU,MESA ESCRITORIO DE PIE ELETRICO MADERA,ELECTRIC STANDING DESK,H102172B
01tVT000003iMmHYAU,JUGUETERO 4 CAJONES DE PLASTICO INFANTIL,TOY STORAGE WITH 4 BINS,H105117B
01tVT000003iNGvYAM,SET MESA + SILLAS INFANTIL CON ALMACENAJE Y ESTANTERIA,TABLE WITH 2 CHAIRS,H105119B
01tVT000003iOePYAU,SET MESA + SILLA,ERGONOMIC DESK+CHAIR,H105120B
01tVT000003iTB4YAM,SET MESA + SILLA,STUDY DESK,H105121B
01tVT000003iTz3YAE,ESTANTERIA GIRATORIA INFANTIL 3 NIVELES,ROTATING BOOKCASE,H105122B
01tVT000003iUdNYAU,ESTRUCTURA CAMA INFANTIL CON TENT,TEEPEE SINGLE BED,H313083B
01tVT000003iVXpYAM,LITERA TIPO LOFT,TEEPEE SINGLE LOFT,H313084B
01tVT000003iVnxYAE,ESTRUCTURA CAMA INFANTIL,BEDSIDE BED,H313085B
01tVT000003j5EjYAI,LITERA INFANTIL,BUNK BED,H313086B
01tVT000003j5cvYAA,LITERA INFANTIL,BUNK BED,H313087B
01tVT000003j62jYAA,LITERA INFANTIL,BUNK BED,H313088B
01tVT000003j6CPYAY,LITERA INFANTIL,BUNK BED,H313089B
01tVT000003j7YHYAY,CHIMENEA ELECTRICA CALENTADOR CON FUEGO LED Y REPISA 120V,INDOOR ELECTRIC FIREPLACE,B302135C
01tVT000003j8ZCYAY,CHIMENEA ELECTRICA CALENTADOR CON FUEGO LED Y REPISA 120V,INDOOR ELECTRIC FIREPLACE,B302136B
01tVT000003j9tRYAQ,CHIMENEA ELECTRICA CALENTADOR CON FUEGO LED Y REPISA 120V,INDOOR ELECTRIC FIREPLACE,B302137C
01tVT000003jA9ZYAU,CHIMENEA ELECTRICA CALENTADOR CON FUEGO LED Y REPISA 120V,INDOOR ELECTRIC FIREPLACE,B302138C
01tVT000003jD5pYAE,SILLON RECLINABLE MANUAL CORNER 5 PLAZAS,SECTIONAL SOFA,H311080B
01tVT000003jDk9YAE,SILLON RECLINABLE ELECTRICO CORNER 5 PLAZAS,SECTIONAL SOFA,H311081B
01tVT000003jE0HYAU,SILLON RECLINABLE MANUAL CORNER 5 PLAZAS,SECTIONAL SOFA,H311082B
01tVT000003jEEnYAM,SILLON RECLINABLE ELECTRICO CORNER 5 PLAZAS,SECTIONAL SOFA,H311083B
01tVT000003jFkLYAU,SILLON RECLINABLE ELECTRICO,ELECTRIC RECLINER CHAIR,H311084B
01tVT000003jG0TYAU,SILLON RECLINABLE ELECTRICO,ELECTRIC RECLINER CHAIR,H311085B
01tVT000003jH9RYAU,SILLON RECLINABLE ELECTRICO,RECLINER WITH SINGLE MOTOR,H311086B
01tVT000003jHHVYA2,SILLON RECLINABLE ELECTRICO,RECLINER WITH DUAL MOTOR,H311087B
01tVT000003jtUrYAI,ESTANTERIA GIRATORIA 3 NIVELES,ROTATING BOOKCASE,H314163B
01tVT000003juE1YAI,SILLON RECLINABLE ELECTRICO,LUXE RECLINER,H311088B
01tVT000003judpYAA,SILLON RECLINABLE ELECTRICO,RECLINER,H311089B
01tVT000003jv5FYAQ,SILLON RECLINABLE ELECTRICO,PUSHBACK RECLINER,H311090B
01tVT000003jv8UYAQ,SILLON RECLINABLE ELECTRICO,LIFT RECLINER,H311092B
01tVT000003jvGXYAY,SILLON RECLINABLE ELECTRICO,PUSHBACK RECLINER,H311091B
01tVT000003jvurYAA,SILLON RECLINABLE ELECTRICO,RECLINER,H311093B
01tVT000003jwhFYAQ,SOFA SECCIONAL CON ALMACENAJE,SECTIONAL SOFA,H311094B
01tVT000003jx2DYAQ,SILLON RECLINABLE ELECTRICO 3 PLAZAS,SECTIONAL SOFA,H311095B
01tVT000003jxDVYAY,SILLON RECLINABLE ELECTRICO 2 PLAZAS,SECTIONAL SOFA,H311096B
01tVT000003jxLZYAY,SILLON RECLINABLE ELECTRICO 1 PLAZAS,SECTIONAL SOFA,H311097B
01tVT000003jzDhYAI,SILLA INFANTIL COMEDOR,LEARNING TOWER,H201187B
01tVT000003jzYfYAI,SILLA INFANTIL COMEDOR CON COJIN,LEARNING TOWER,H201188B
01tVT000003jzonYAA,SILLA INFANTIL COMEDOR CON COJIN Y TABLERO,LEARNING TOWER,H201189B
01tVT000003k0WLYAY,ESCALERA INFANTIL DOMESTICA 2 NIVELES,LEARNING TOWER,H403011B
01tVT000003k0heYAA,SILLON RECLINABLE MANUAL CORNER,SECTIONAL SOFA,H311099B
01tVT000003k1SRYAY,SILLON RECLINABLE ELECTRICO CORNER,SECTIONAL SOFA,H311098B
01tVT000003kAAjYAM,"VENTILADOR DE ESCRITORIO DE 12"", 5 ASPAS","DESK FAN 12"", 5 BLADES",B301120C
01tVT000003kAQrYAM,"VENTILADOR SOBREMESA 16"" 55W 3 VELOCIDADES","16"" 55W 3 SPEEDS DESKTOP FAN",B301121C
01tVT000003kAXLYA2,(INACTIVO) VENTILADOR TORRE AJUSTABLE Y OSCILANTE,TURBINE MOTOR TOWER FAN,B301130C
01tVT000003kAYvYAM,VENTILADOR PISO + HUMIDIFICADOR + MIST 3 EN 1 MULTIFUNCIONAL 80W 120V,"MIST FAN, TABLE FAN, HUMIDIFIER 3 IN 1",B301122C
01tVT000003kAttYAE,"VENTILADOR PISO 12"" 40W 3 VELOCIDADES","FLOOR FAN 12"" 40W 3 SPEEDS",B301123C
01tVT000003kBA1YAM,"ENFRIADOR DE AIRE EVAPORATIVO, DEPÓSITO DE 30 L","EVAPORATIVE AIR COOLER, TANK 30L",B301124C
01tVT000003kBDFYA2,"VENTILADOR PISO 16"" 55W 3 VELOCIDADES","FLOOR FAN 16"" 55W 3 SPEEDS",B301125C
01tVT000003kBOXYA2,VENTILADOR EVAPORADOR 95W 120V CON RUEDAS,Evaporative air cooler,B301126C
01tVT000003kBRlYAM,"VENTILADOR PISO 12"" 24W 16 VELOCIDADES","FLOOR FAN 12"" 24W 16 SPEEDS",B301127C
01tVT000003kBgHYAU,"ENFRIADOR DE AIRE EVAPORATIVO, DEPÓSITO DE 5 L","EVAPORATIVE AIR COOLER, TANK 5L",B301128C
01tVT000003kBhtYAE,"VENTILADOR PISO 14"" 24W 24 VELOCIDADES","FLOOR FAN 14"" 24W 24 SPEEDS",B301129C
01tVT000003kBrbYAE,VENTILADOR TORRE 60W 120V,TOWER FAN,B301138C
01tVT000003kC4TYAU,"VENTILADOR DE TORRE DE 40"", CONTROL REMOTO","TOWER FAN 40"", REMOTE CONTROL",B301131C
01tVT000003kC9JYAU,VENTILADOR EVAPORATIVOS DE TORRE 60W 120V,EVAPORATIVE TOWER FAN,B301132C
01tVT000003kCCXYA2,"VENTILADOR TORRE 35"" 60W 3 VELOCIDADES","TOWER FAN 35"" 60W 3 SPEEDS",B301133C
01tVT000003kCKbYAM,(INACTIVO) VENTILADOR 3 MULTIFUNCION USB,USB MULTI-PURPOSE FAN,B301134C
01tVT000003kCNpYAM,VENTILADOR TORRE 60W 120V,TOWER FAN,B301135C
01tVT000003kCZ7YAM,(INACTIVO) VENTILADOR PISO DC MOTOR,VERTICAL CIRCULATING FAN,B301136C
01tVT000003kCajYAE,VENTILADOR TORRE 120V 60W,TOWER FAN,B301137C
01tVT000003kCu5YAE,(INACTIVO) VENTILADOR TORRE 50W,TURBINE MOTOR TOWER FAN,B301139C
01tVT000003pJzlYAE,SILLON RECLINABLE ELECTRICO CORNER,SECTIONAL SOFA,H311100B
01tVT000003q0WrYAI,SOFA CAMA,SOFA BED,H309152B
01tVT000003q0gXYAQ,SOFA CAMA,SOFA BED,H309153B
01tVT000003sfsUYAQ,ACONDICIONADOR DE AIRE 127V 65W CON CAPACIDAD TANQUE DE AGUA 15L Y LED,AIR COOLER,B301141C
01tVT000003sjZXYAY,ACONDICIONADOR DE AIRE 127V 65W CON CAPACIDAD TANQUE DE AGUA 9L,AIR COOLER,B301144C
01tVT000003sjhZYAQ,"ACONDICIONADOR DE AIRE 127V 80W CON CAPACIDAD TANQUE DE AGUA 12L, CONTROL REMOTO Y RUEDAS",AIR COOLER,B301140C
01tVT000003skP7YAI,ACONDICIONADOR DE AIRE MULTIFUNCIONAL 127V 80W CON CAPACIDAD TANQUE DE AGUA 12L,AIR COOLER,B301142C
01tVT000003skfFYAQ,ACONDICIONADOR DE AIRE 127V 100W CON CAPACIDAD TANQUE DE AGUA 20L,AIR COOLER,B301143C
01tVT000003skwzYAA,ACONDICIONADOR DE AIRE MULTIFUNCIONAL 127V 65W CON CAPACIDAD TANQUE DE AGUA 10L,AIR COOLER,B301145C
01tVT000003uS4kYAE,SOFA CAMA,SOFA BED,H309145T
01tVT000003uS6LYAU,SET COMEDOR MDF + 4 SILLAS,5 PCS MDF DINING SET,H210119T
01tVT000003uS7xYAE,BANCO BAR PU,BAR STOOL,H206116T
01tVT000003uS9ZYAU,SILLA COMEDOR TELA,DINING CHAIR,H201177T
01tVT000003uvBZYAY,SOFA CAMA,MULTIFUNCTIONAL SOFA,H309154B
01tVT000003uvLFYAY,SOFA CAMA,MULTIFUNCTIONAL SOFA,H309155B
01tVT000003zTJVYA2,SILLA RESINA IMITACION RATAN,FOLDING PLASTIC CHAIR,G102012K
01tVT000003zTL7YAM,MESA RESINA IMITACION MADERA CUADRADA,SQUARE TABLE WITH SLAT WOODEN LOOK,G102020K
01tVT000003zTOLYA2,ESPEJO DE PARED CON MARCO ALUMINIO,ALUMINUM  ALLOY  FRAME,H315115K
01tVT000003zTPxYAM,ESPEJO DE PARED RECTANGULAR CON MARCO ALUMINIO,ALUMINUM  ALLOY  FRAME,H315113K
01tVT000003zTUnYAM,ESPEJO DE PISO RECTANGULAR CON MARCO POLIESTIRENO,PS FRAMED MIRROR,H315111K
01tVT000003zTWPYA2,SOFA CAMA,MULTIFUNCTIONAL SOFA,H309072K
01tVT000003zTY1YAM,SOFA CAMA,MULTIFUNCTIONAL SOFA,H309154K
01tVT000003zTg5YAE,MESA RESINA PERSONAL CUADRADA IMITACION RATAN,61CM SQUARE FOLDING TABLE,G101084K
01tVT000003zThhYAE,MESA RESINA PERSONAL REDONDA IMITACION RATAN,80CM ROUND FOLDING TABLE RATTAN DESIGN,G101085K
01tVT000003zTmXYAU,SILLA RESINA PLEGABLE IMITACION RATAN,FOLDING CHAIR RATTAN DESIGN,G101055K
01tVT000003zTo9YAE,FREGADERO RESINA PLEGABLE CON GRIFO,FILLET STATION,G113018K
01tVT000003zfAzYAI,SET COMEDOR MDF 9 PIEZAS,DINING SET 1 TABLE + 8 CHAIRS,H210142B
01tVT0000043CSAYA2,SILLA ORDENADOR,SOPHIE OFFICE CHAIR,H101152T
01tVT0000043zawYAA,SILLA ORDENADOR PU (2PC/1BOX),PU OFFICE CHAIR (2PC/1BOX),H101153B
01tVT00000440vBYAQ,SILLA ORDENADOR,SOPHIE OFFICE CHAIR,H101154T
01tVT0000044PjuYAE,PERCHERO ZAPATERO,SHELF,H406089S
01tVT0000044QmRYAU,ORGANIZADOR DE JUGUETES 3 NIVELES,TOY CABINET,H406097S
01tVT0000044RKIYA2,PERCHERO,SHELF,H406092S
01tVT0000044RwzYAE,CAJA ORGANIZADOR,STORAGE BOX,H406095S
01tVT0000044S0DYAU,CAJA ORGANIZADOR,STORAGE BOX,H406096S
01tVT0000044S1pYAE,CAJA ORGANIZADOR,STORAGE BOX,H406094S
01tVT0000044S3RYAU,CAJA ORGANIZADOR,STORAGE BOX,H406093S
01tVT0000044S53YAE,ORGANIZADOR ZAPATOS 4 NIVELES,SHOES RACK,H406083S
01tVT0000044S9tYAE,ORGANIZADOR ZAPATOS 8 NIVELES PARED,8 TIER OVER THE DOOR SHOE RACK,H404092S
01tVT0000044SBVYA2,PERCHERO ORGANIZADOR DE TELA,CLOTH WARDROBE,H406090S
01tVT0000044SD7YAM,PERCHERO ZAPATERO,SHELF,H406087S
01tVT0000044SHxYAM,SET REPISAS MAGICAS 3 PIEZAS EN U,FLOATING WALL SHELF,H314143S
01tVT0000048iJKYAY,OTTOMAN,OTTOMAN,H311101B
01tVT0000048jyXYAQ,SILLA PLAYA RATAN DE PISO,RATTAN FLOOR CHAIR,G501107A
01tVT000004Ap2AYAS,SILLA PLAYA,BEACH CHAIR,G501111A
01tVT000004AqSrYAK,SILLA PLAYA,LOUNGE CHAIR,G501108A
01tVT000004AqkbYAC,SILLA PLAYA,BEACH CHAIR,G501109A
01tVT000004Ar3xYAC,SILLA PLAYA,BENCH CHAIR,G501110A
01tVT000004ArVNYA0,SILLON PLEGABLE TERCIOPELO,FOLDING CHAIR,G501112A
01tVT000004ArdRYAS,TUMBONA PLEGABLE PLAYA,TUMBONA,G501113A
01tVT000004ArrxYAC,TUMBONA PLEGABLE PLAYA,BEACH MAT,G501114A
01tVT000004As3FYAS,SILLON PLEGABLE INFANTIL,CHILDREN'S FOLDING ARMCHAIR,G110166A
01tVT000004CaF7YAK,SILLA PLAYA,BEACH CHAIR,G501115A
01tVT000004EAzhYAG,SILLA GAMING INFANTIL,GAMING CHAIR,H101155B
01tVT000004FhAPYA0,COLUMPIO COLGANTE FIJO CON COJIN,Steel hanging chair fixed version,G111101A
01tVT000004FhQXYA0,COLUMPIO COLGANTE DOBLE CON COJIN (DESMONTABLE),STEEL LOVESEAT HANGING CHAIR KD,G111102A
01tVT000004FlPJYA0,TUMBONA DE TELA MULTIFUNCIONAL CON RELLENOS,BEAN BAG,G111103A
01tVT000004IxSMYA0,SALA DE PATIO ESQUINA WICKER 4 PIEZAS CON COJINES,CORNER SET (4PCS),G108392A
01tVT000004Iyg9YAC,SALA DE PATIO WICKER 4 PIEZAS CON COJINES,SOFA SET (4PCS),G108393A
01tVT000004IyufYAC,SALA DE PATIO WICKER 4 PIEZAS CON COJINES,SOFA SET (4PCS),G108394A
01tVT000004JdWPYA0,SALA DE PATIO EUCALYPTUS SOFA CAMA CON COJINES Y ALMOHADAS,MULTIFUNCTION SOFA,G108395A
01tVT000004KYUfYAO,MESA CUADRADA ALUMINIO,ALUMINIUM CHAIR,G109053A
01tVT000004MNDNYA4,SALA DPATIO ACACIA 4 PIEZAS CON COJIN,4 PCS SOFA SET,G108396A
01tVT000004MNq5YAG,SALA DE PATIO ACACIA CON COJINES,CORNER SOFA SET,G108397A
01tVT000004McAnYAK,TUMBONA PLAYA,Mentor steel textilene lounge,G501027T
01tVT000004McE1YAK,SALA DE PATIO METALICA 4 PIEZAS,COFFE SOFA SET,G108214T
01tVT000004McHFYA0,SET BISTRO ACACIA 3 PIEZAS,LOLA Bistro set 3pcs,G108306T
01tVT000004McIrYAK,SILLON DOBLE METALICA CON MESA AUXILIAR Y COJINES,LOVE SEAT SOFA KD,G110141T
01tVT000004McM5YAK,JUEGO DE SOFÁS PARA EXTERIOR DE ACACIA DE 4 PIEZAS,ACACIA SOFA SET 4 PIECES,G108335T
01tVT000004McNhYAK,SALA DE PATIO METALICA CON COJIN 4 PIEZAS,Seattle steel conversation set of 4,G108093T
01tVT000004McSXYA0,SALA DE PATIO METALICA CON COJINES,LOUNGE SET 2022-11,G108210T
01tVT000004McU9YAK,SILLA ALUMINIO,ALUMINUM CHAIR,G110116T
01tVT000004McYzYAK,COLUMPIO COLGANTE FIJO CON COJIN,Steel hanging chair fixed version,G111040T
01tVT000004McqjYAC,TABURETE AUXILIAR HIELERA,STOOL COOL BOX,G109026T
01tVT000004McsLYAS,FREGADERO RESINA PLEGABLE CON GRIFO,FILLET STATION,G113018T
01tVT000004MtuoYAC,MESA AUXILIAR REDONDA,70CM ROUND CARBON STEEL TABLE,G109054A
01tVT000004MvGfYAK,MESA AUXILIAR REDONDA,70x70CM IRON SLAT TABLE,G109055A
01tVT000004MvTZYA0,MESA AUXILIAR CUADRADA,75x75CM ALUMINUM SLAT TABLE,G109056A
01tVT000004N59aYAC,MESA AUXILIAR JARDIN ACACIA,HALF FOLDING SQUARE SIDE TABLE,G109057A
01tVT000004N7phYAC,MANGUERA CON ACCESORIOS 15 MT,GARDEN HOSE SET,G401116A
01tVT000004N7zNYAS,MANGUERA CON ACCESORIOS 30 MT,GARDEN HOSE SET,G401117A
01tVT000004NYQ6YAO,SALA DE PATIO ACACIA 4 PIEZAS CON COJINES,4 PCS SOFA SET,G108399A
01tVT000004NYgEYAW,SALA DE PATIO ACACIA 4 PIEZAS CON COJINES,4 PCS SOFA SET,G108398A
01tVT000004Nbe6YAC,SALA DE PATIO ACACIA CON COJINES,CORNER SOFA SET,G108400A
01tVT000004NdCrYAK,SALA DE PATIO ACACIA 4 PIEZAS CON COJINES,4 PCS SOFA SET,G108401A
01tVT000004NeC9YAK,SET COMEDOR ACACIA PIEZAS,9 PCS DINING SET,G108402A
01tVT000004NfL7YAK,SET COMEDOR EUCALIPTO PIEZAS,5 PCS DINING SET,G108403A
01tVT000004NixJYAS,SILLON ACACIA PEDAL Y EXTRAIBLE,CHAISE LONGUE,G111104A
01tVT000004NxMtYAK,MESA AUXILIAR JARDIN ACACIA,HALF FOLDING SQUARE SIDE TABLE,G109057T
01tVT000004NzdBYAS,TABURETE AUXILIAR HIELERA SONOMA,SONOMA COOL BOX,G110055T
01tVT000004RF0gYAG,MESA CENTRO 2 CAJONES,COFFEE TABLE,H312298B
01tVT000004RHaLYAW,MESA AUXILIAR 1 CAJON,END TABLE,H312299B
01tVT000004RHk1YAG,MESA CENTRO 2 CAJONES,COFFEE TABLE,H312300B
01tVT000004RHthYAG,MESA AUXILIAR 1 CAJON,END TABLE,H312301B
01tVT000004RdivYAC,SILLA DE PLAYA,BEACH CHAIR,G501116A
01tVT000004Re0fYAC,SILLA PLAYA,BEACH CHAIR,G501117A
01tVT000004ReLdYAK,SILLA PLAYA,BEACH CHAIR,G501118A
01tVT000004SlL3YAK,ENFRIADOR DE PATIO Y CARRITO DE BEBIDAS 80QT,80QT COOLER CART,G113006T
01tVT000004SlMfYAK,GAZEBO CUADRADO,SQUARE GAZEBO,G106168T
01tVT000004SlOHYA0,SILLA COMEDOR PP NEGRA,PP CHAIR,G110148T
01tVT000004SlzNYAS,TOLDO RETRACTIL,AWNING,G106131E
01tVT000004SscgYAC,SET COMEDOR ACACIA 5 PIEZAS,DINING SET 5 PIECES,G108404A
01tVT000004SvnSYAS,SET ACCESORIOS 13 PIEZAS,13 PCS BBQ TOOL SET,G302039A
01tVT000004SwMvYAK,MESA COMEDOR NEGRA,PLASTIC TABLE,G109058A
01tVT000004SwefYAC,MESA CENTRO REDONDA,COFFEE TABLE,H312302B
01tVT000004SwmjYAC,SET ACCESORIOS 7 PIEZAS,7PCS BBQ TOOL SET,G302040A
01tVT000004SwoLYAS,MESA AUXILIAR REDONDA,END TABLE,H312303B
01tVT000004SxE9YAK,SET ACCESORIOS 11 PIEZAS,11PCS BBQ TOOL SET,G302041A
01tVT000004TPNNYA4,SET COMEDOR ACACIA 5 PIEZAS,DINING SET 5 PIECES,G108404T
01tVT000004TQJOYA4,SET ACCESORIOS 6 PIEZAS,6PCS BBQ TOOL SET,G302044A
01tVT000004TR2YYAW,SET ACCESORIOS 3 PIEZAS,3PCS BARBECUE TOOL SET,G302042A
01tVT000004TRovYAG,SET ACCESORIOS 3 PIEZAS,3PCS BBQ TOOL SET,G302043A
01tVT000004TRs9YAG,MESA COMEDOR NEGRA,PLASTIC TABLE,G109058T
01tVT000004TRwzYAG,TUMBONA DE TELA MULTIFUNCIONAL CON RELLENOS,BEAN BAG,G111103T
01tVT000004XcdhYAC,"VENTILADOR TORRE 36"" 45W 127V 3 VELOCIDADES OSCILANTE CON CONTROL REMOTO","36"" TOWER FAN WITH REMOTE CONTROL",B301117V
01tVT000004XcyfYAC,"VENTILADOR DE TORRE DE 40"", CONTROL REMOTO","TOWER FAN 40"", REMOTE CONTROL",B301100V
01tVT000004Xd0HYAS,"VENTILADOR DE ESCRITORIO DE 7"", BATERÍA DE IONES DE LITIO DE 1200 MAH","DESK FAN 7"", LI-ION 1200MAH",B301109V
01tVT000004YnNOYA0,SALA DE PATIO ESQUINA CON COJINES,CORNER SET,G108406A
01tVT000004YnvFYAS,BANCO / MESA PICNIC 2 EN 1,FOLDING PICNIC,G108405A
01tVT000004Yp94YAC,SALA DE PATIO ESQUINA CON COJINES,CORNER SET,G108407A
01tVT000004aWjqYAE,SET ACCESORIOS 4 PIEZAS BBQ,4 PCS BBQ TOOL SET,G302045A
01tVT000004aWrvYAE,SET ACCESORIOS 4 PIEZAS BBQ,4 PCS BBQ TOOL SET,G302046A
01tVT000004fw7NYAQ,SILLON ADIRONDACK ACACIA,ADIRONDACK CHAIR,G110167A
01tVT000004fwYnYAI,SILLON ADIRONDACK ACACIA DOBLE,ADIRONDACK BENCH,G110168A
01tVT000004hFMTYA2,CENTRO ENTRETENIMIENTO 3 NIVELES CON 2 CAJONES,SIDE BOARD,H316028B
01tVT000004hKE5YAM,MESA BURO 1 CAJON,NIGHT STAND,H313090B
01tVT000004hLBlYAM,CENTRO ENTRETENIMIENTO 2 NIVELES CON 2 CAJONES,TV STAND,H316029B
01tVT000004hOzFYAU,MESA CENTRO CON ALMACENAMIENTO,COFFEE TABLE,H312304B
01tVT000004joklYAA,MESA DE SERVICIO,SERVICE TABLE,G301173A
01tVT000004jrsIYAQ,PARRILA GRILL BBQ,GRILL BBQ,G302051A
01tVT000004js8PYAQ,MESA DE SERVICIO,SERVICE TABLE,G301170A
01tVT000004jsErYAI,MESA DE SERVICIO,SERVICE TABLE,G301171A
01tVT000004jsRlYAI,MESA DE SERVICIO,SERVICE TABLE,G301172A
01tVT000004jsl7YAA,MESA DE SERVICIO,SERVICE TABLE,G301174A
01tVT000004jsmkYAA,CEPILLO LIMPIADOR BBQ,BBQ CLEANING BRUSH,G302048A
01tVT000004jstBYAQ,MESA DE SERVICIO,SERVICE TABLE,G301175A
01tVT000004jszdYAA,MESA DE SERVICIO,SERVICE TABLE,G301176A
01tVT000004jtPRYAY,CEPILLO LIMPIADOR BBQ,BBQ CLEANING BRUSH,G302047A
01tVT000004jtndYAA,SET ACCESORIOS 5 PIEZAS,5 PIECE ACCESSORIES SET,G302049A
01tVT000004jtxJYAQ,MANDIL CHEF BBQ,CHEF BBQ APRON,G302050A
01tVT000004ju8cYAA,MANOPLA SILICONA BBQ,BBQ SILICONE MITTEN,G302053A
01tVT000004juDRYAY,PINZA PARA ASAR,GRILLING TONG,G302052A
01tVT000004jugTYAQ,ASADOR GAS Y CARBON RECTANGULAR,RECTANGULAR GAS AND CHARCOAL GRILL,G301177A
01tVT000004juyDYAQ,"ASADOR GAS, CARBON Y FUMADOR RECTANGULAR","RECTANGULAR GAS, CHARCOAL AND SMOKER GRILL",G301178A
01tVT000004kzvqYAA,MESA DE SERVICIO,SERVICE TABLE,G301179A
01tVT000004rFReYAM,BANCO / MESA PICNIC 2 EN 1,FOLDING PICNIC,G108405T
01tVT000004rG5yYAE,"SOMBRILLA DE JARDÍN DE ACERO DE 2,7 M",STEEL GARDEN PARASOL 2.7M,G106261T
01tVT000004vCQMYA2,MESA COMEDOR VERDE,PLASTIC TABLE,G109060T
01tVT000004vDUTYA2,MESA COMEDOR CAQUI,PLASTIC TABLE,G109059T
01tVT000004vE0jYAE,SILLA COMEDOR PP CAQUI,PP CHAIR,G110169T
01tVT000004vE7BYAU,SILLA COMEDOR PP VERDE,PP CHAIR,G110170T
01tVT000004zVJ9YAM,MESA RESINA PLEGABLE ? 4.5 cm,8FT FOLDING HDPE TABLE,G101011M
01tVT000004zWlRYAU,MESA RESINA 180 CM FIJA,6 FT REGULAR FOLDING TABLE,G101117Y
01tVT000004zWtVYAU,MESA RESINA PLEGABLE ? 4.5 cm,8FT FOLDING HDPE TABLE,G101011Y
01tVT0000054eNNYAY,FREGADERO RESINA PLEGABLE CON GRIFO,FILLET STATION,G113018I
01tVT00000584y2YAA,"VENTILADOR PISO 18"" 75W","18"" STAND FAN",B301154C
01tVT00000586GgYAI,"VENTILADOR SOBREMESA 12"" 45W","12"" TABLE FAN",B301146C
01tVT00000586wcYAA,"VENTILADOR TORRE 42"" 50W","42"" TOWER FAN",B301160C
01tVT000005877tYAA,"VENTILADOR DE PIE DE 18"", 3 EN 1","STAND FAN 18"", 3 IN 1",B301147C
01tVT00000587hNYAQ,"VENTILADOR PISO 16"" 45W","16"" STAND FAN",B301148C
01tVT00000587pRYAQ,"VENTILADOR PISO 16"" 45W","16"" STAND FAN",B301149C
01tVT00000587uHYAQ,"VENTILADOR PISO 16"" 75W","16"" STAND FAN",B301150C
01tVT000005882LYAQ,"(INACTIVO) VENTILADOR PISO 18"" 85W","18"" STAND FAN",B301151C
01tVT00000588C1YAI,"VENTILADOR 3 IN 1 16"" 75W","16"" STAND FAN",B301152C
01tVT00000588QXYAY,"(INACTIVO) VENTILADOR INDUSTRIAL 18"" 80W","18"" 3 IN 1 INDUSTRIAL FAN",B301153C
01tVT00000588wnYAA,"VENTILADOR SOBREMESA 20"" 80W","20"" BOX FAN",B301155C
01tVT00000589ODYAY,"VENTILADOR TORRE 32"" 45W","32"" TOWER FAN",B301156C
01tVT00000589OEYAY,"VENTILADOR TORRE 36"" 50W","36"" TOWER FAN",B301159C
01tVT00000589XtYAI,"VENTILADOR TORRE 32"" 45W","32"" TOWER FAN",B301157C
01tVT00000589cjYAA,"VENTILADOR TORRE 32"" 45W","32"" TOWER FAN",B301158C
01tVT000005SSUkYAO,ASADOR CARBON RECTANGULAR CON MESAS LATERALES Y RUEDAS,CHARCOAL GRILL,G301183A
01tVT000005SUl3YAG,ASADOR CARBON RECTANGULAR CON MESA LATERAL Y RUEDAS,CHARCOAL GRILL,G301180A
01tVT000005SUxxYAG,ASADOR CARBON RECTANGULAR CON MESAS LATERALES Y RUEDAS,CHARCOAL GRILL,G301181A
01tVT000005SV61YAG,ASADOR CARBON RECTANGULAR CON MESAS LATERALES Y RUEDAS,CHARCOAL GRILL,G301182A
01tVT000005SWIDYA4,ASADOR CARBON MULTIFUNCIONAL DE TAMBOR DE ACEITE,Multi-function drum BBQ grill,G301184A
01tVT000005SWdBYAW,ASADOR CARBON DE TAMBOR DE ACEITE,BBQ GRILL,G301185A
01tVT000005SWtJYAW,ASADOR CARBON RECTANGULAR CON MESA LATERAL Y RUEDAS,BARREL GRILL WITH STACK,G301186A
01tVT000005SXCfYAO,ASADOR CARBON RECTANGULAR CON MESAS LATERALES Y RUEDAS,Full oil drum grill with ash receiver and front table,G301187A
01tVT000005XQTuYAO,SILLA GAMER,GAMER CHAIR,H101157B
01tVT000005XQthYAG,SILLA GAMER CON REPOSAPIES,GAMER CHAIR WITH FOOTREST,H101156B
01tVT000005aWL4YAM,SALA DE PATIO METALICA 4 PIEZAS CON COJIN,4 PIECES ALU SOFA SET WITH CUSHION,G108408A
01tVT000005aXnOYAU,SALA DE PATIO METALICA 5 PIEZAS CON COJIN,5 PIECES ALU SOFA SET WITH CUSHION,G108409A
01tVT000005aYl3YAE,SALA DE PATIO METALICA 4 PIEZAS CON COJIN,4 PIECES ALU SOFA SET WITH CUSHION,G108410A
01tVT000005aZQzYAM,SALA DE PATIO ACACIA CON COJINES,SOFA SET,G108411A
01tVT000005aZijYAE,SALA DE PATIO METALICA 5 PIEZAS CON COJIN,5 PIECES ALU SOFA SET WITH CUSHION,G108412A
01tVT000005aaIDYAY,SALA DE PATIO METALICA 4 PIEZAS CON COJIN,4 PIECES ALU SOFA SET WITH CUSHION,G108413A
01tVT000005acBxYAI,SALA DE PATIO ACACIA 5 PIEZAS CON COJINES,SOFA SET,G108414A
01tVT000005acS5YAI,SALA DE PATIO WICKER 6 PIEZAS CON COJINES,SOFA SET,G108415A
01tVT000005actVYAQ,SALA DE PATIO WICKER 5 PIEZAS CON COJINES,SOFA SET,G108416A
01tVT000005aczyYAA,SET BISTRO GIRATORIO WICKER 3 PIEZAS CON COJINES,RELAX LOUNGE,G108417A
01tVT000005adrBYAQ,TUMBONA DOBLE WICKER,COUPLE DAYBED,G111105A
01tVT000005ae0rYAA,SALA DE PATIO WICKER 4 PIEZAS CON COJINES,SOFA SET,G108418A
01tVT000005aeQfYAI,TUMBONA WICKER CON COJIN,DAYBED,G111106A
01tVT000005af3NYAQ,SET COMEDOR 7 PIEZAS CON COJIN,7 PIECES ALU DINING SET WITH CUSHION,G108419A
01tVT000005af8DYAQ,SALA DE PATIO WICKER 7 PIEZAS CON COJINES,CORNER SET,G108420A
01tVT000005afWPYAY,SALA DE PATIO ACACIA 4 PIEZAS CON MESAS LATERALES Y COJINES,SOFA SET,G108421A
01tVT000005afwDYAQ,SET COMEDOR 5 PIEZAS CON COJIN,5 PIECES ALU & ROPE SOFA SET WITH CUSHION,G108422A
01tVT000005agFZYAY,SALA DE PATIO METALICA 4 PIEZAS CON COJIN,4 PIECES ALU & ROPE SOFA SET WITH CUSHION,G108423A
01tVT000005ahpxYAA,SALA DE PATIO METALICA 4 PIEZAS CON COJIN,4 PIECES ALU & ROPE SOFA SET WITH CUSHION,G108424A
01tVT000005ai4UYAQ,SILLON ROPE CON COJINES + REPOSAPIES + MESA LATERAL,ARMCHAIR SET,G110171A
01tVT000005aiE9YAI,SALA DE PATIO WICKER 4 PIEZAS CON COJINES,SOFA SET,G108425A
01tVT000005aidxYAA,SET COMEDOR 7 PIEZAS CON COJIN,7 PIECES ALU DINING SET WITH CUSHION,G108426A
01tVT000005ak33YAA,SALA DE PATIO METALICA 4 PIEZAS CON CON COJIN,4 PIECES ALU & ROPE SOFA SET WITH CUSHION,G108427A
01tVT000005akSrYAI,SET COMEDOR 7 PIEZAS,7 PIECES ALU DINING SET,G108428A
01tVT000005akvtYAA,SET COMEDOR 7 PIEZAS CON COJIN,7 PIECES ALU DINING SET WITH CUSHION,G108429A
01tVT000005amMcYAI,SALA DE PATIO ESQUINA CON COJINES,4 PIECES ALU CORNER SOFA SET WITH CUSHION,G108431A
01tVT000005amcjYAA,SET COMEDOR 5 PIEZAS CON COJIN,5 PIECES STEEL DINING SET WITH CUSHION,G108430A
01tVT000005bDReYAM,SALA DE PATIO WICKER Y ACACIA CON MESA LATERAL Y COJINES,LOVESEAT CHAIR,G108432A
01tVT000005bEtyYAE,SILLON ROPE CON COJINES,CHAIR,G110172A
01tVT000005bFjZYAU,TUMBONA DOBLE WICKER,COUPLE DAYBED,G111107A
01tVT000005bFtFYAU,SALA DE PATIO WICKER 4 PIEZAS CON COJINES,SOFA SET,G108433A
01tVT000005bG2vYAE,SILLA HUEVO ROTA,EGG CHAIR,G111108A
01tVT000005bG9NYAU,SALA DE PATIO METALICA 3 PIEZAS CON COJIN,3 PIECES ALU SOFA SET WITH CUSHION,G108434A
01tVT000005bGCbYAM,SALA DE PATIO WICKER Y ACACIA 3 PIEZAS CON COJINES,SOFA SET,G108435A
01tVT000005bGSjYAM,SALA DE PATIO METALICA 4 PIEZAS CON COJIN,4 PIECES ALU SOFA SET WITH CUSHION,G108436A
01tVT000005bH3pYAE,CARRITO APOYO RECTANGULAR,ALU CART,G109061A
01tVT000005bJ41YAE,SET MESA DE COCINA ALUMINIO CON GRIFO 4 PIEZAS,4 PIECES ALU KITCHEN TABLE WITH TAP,G113019A
01tVT000005bOJpYAM,CALENTADOR PATIO TORRE DE GAS,HEATER,B302139C
01tVT000005bOYLYA2,CALENTADOR PATIO TORRE DE GAS,HEATER,B302140C
01tVT000005bOi2YAE,CALENTADOR PATIO TORRE DE GAS,HEATER,B302144C
01tVT000005bOjdYAE,CALENTADOR PATIO TORRE DE GAS,HEATER,B302141C
01tVT000005bOy9YAE,CALENTADOR PATIO TORRE DE GAS,HEATER,B302142C
01tVT000005bP7pYAE,CALENTADOR PATIO TORRE DE GAS,HEATER,B302143C
01tVT000005bT8DYAU,ASADOR CARBON CERAMICO REDONDO CON CARRITO,"23.5"" KAMADO WITH TROLLEY",G301188A
01tVT000005c9AfYAI,SET BISTRO GIRATORIO 3 PIEZAS CON COJINES,3 PIECES SOFA SET BISTRO WITH CUSHION,G108437A
01tVT000005c9iXYAQ,TUMBONA SET CON COJINES,2 PIECES CHAISE SET WITH CUSHION,G111109A
01tVT000005cAbNYAU,SALA DE PATIO METALICA CON COJIN 6 PIEZAS,6 PIECES SOFA SET WITH CUSHION,G108438A
01tVT000005cB1BYAU,SALA DE PATIO METALICA 4 PIEZAS CON COJINES,4 PIECES SOFA SET WITH CUSHION,G108439A
01tVT000005cBijYAE,SET COMEDOR 5 PIEZAS CON COJINES,5 PIECES DINING SET WITH CUSHION,G108440A
01tVT000005cC5JYAU,SET COMEDOR 9 PIEZAS CON COJINES,9 PIECES DINING SET WITH CUSHION,G108441A
01tVT000005cClFYAU,SET COMEDOR 5 PIEZAS CON COJIN,5 PIECES ALU SOFA SET WITH CUSHION,G108442A
01tVT000005cDZFYA2,SALA DE PATIO METALICA 4 PIEZAS CON COJIN,4 PIECES ALU & ROPE SOFA SET WITH CUSHION,G108443A
01tVT000005cOODYA2,SET ACCESORIOS 11 PIEZAS,11PCS BBQ TOOL SET,G302041H
01tVT000005cOPpYAM,SET ACCESORIOS 3 PIEZAS BBQ,3PCS BBQ TOOL SET,G302014H
01tVT000005cuSvYAI,SET COMEDOR 7 PIEZAS CON COJINES,7 PIECES DINING SET WITH CUSHION,G108444A
01tVT000005cvFJYAY,"ASADOR CARBON RECTANGULAR CON MESA LATERAL, AHUMADOR DESPLAZADO Y RUEDAS",30-INCH CHARCOAL GRILL WITH OFFSET SMOKER,G301189A
01tVT000005cvSDYAY,SALA DE PATIO METALICA 6 PIEZAS CON COJINES,6 PIECES SOFA SET WITH CUSHION,G108445A
01tVT000005cvdVYAQ,ASADOR CARBON RECTANGULAR CON MESAS LATERALES Y RUEDAS,30-INCH CHARCOAL GRILL WITH FRONT TABLE,G301190A
01tVT000005cvtdYAA,"ASADOR CARBON RECTANGULAR CON MESA LATERAL, AHUMADOR DESPLAZADO Y RUEDAS",BARREL CHARCOAL GRILL WITH OFFSET SMOKER,G301191A
01tVT000005cw3JYAQ,SALA DE PATIO METALICA 5 PIEZAS CON CON COJIN,5 PIECES SOFA SET WITH CUSHION,G108446A
01tVT000005cwT7YAI,SET COMEDOR 7 PIEZAS,7 PIECES ALU DINING SET,G108447A
01tVT000005cwZZYAY,ASADOR CARBON RECTANGULAR CON MESAS LATERALES Y RUEDAS,30-INCH CHARCOAL GRILL WITH FRONT BASKET,G301192A
01tVT000005cz2nYAA,SALA DE PATIO METALICA 4 PIEZAS CON CON COJIN,4 PIECES ALU SOFA SET WITH CUSHION,G108448A
01tVT000005czfVYAQ,SALA DE PATIO METALICA 4 PIEZAS CON CON COJIN,4 PIECES ALU SOFA SET WITH CUSHION,G108449A
01tVT000005d0TVYAY,SET COMEDOR 7 PIEZAS,7 PIECES ALU DINING SET,G108450A
01tVT000005d9IHYAY,FREGADERO RESINA PLEGABLE CON GRIFO,FILLET STATION,G113018H
01tVT000005dcDpYAI,SET BISTRO GIRATORIO 3 PIEZAS CON COJINES,3 PIECES SOFA SET BISTRO WITH CUSHION,G108451A
01tVT000005dfJlYAI,SET BISTRO MECEDORA 3 PIEZAS CON COJINES,3 PIECES ROCKING CHAIR SET WITH CUSHION,G108452A
01tVT000005gUEvYAM,POZO DE FUEGO,19.5 INCH ROUND SMOKELESS FIRE PIT,G301193A
01tVT000005gUrdYAE,POZO DE FUEGO,19.5 INCH ROUND SMOKELESS FIRE PIT,G301194A
01tVT000005hFAcYAM,SALA DE PATIO ACACIA CON COJIN,3 PIECES MINIZAN LOUNGER SET WITH CUSHION,G108455A
01tVT000005hGrRYAU,SALA DE PATIO ACACIA CON COJIN,4PIECES ALIER LOUNGE SET WITH CUSHION,G108453A
01tVT000005hI8TYAU,SET BISTRO ACACIA 3 PIEZAS CON COJIN,3 PIECES CHAT SET WITH CUSHION,G108454A
01tVT000005hn4EYAQ,TUMBONA PLAYA DOBLE ACACIA CON COJINES Y RUEDAS,DOUBLE SUNLOUNGER,G501119A
01tVT000005hpkMYAQ,MESA AUXILIAR REDONDA ACACIA Y ROPE,ROPE ROUND TABLE,G109062A
01tVT000005hqGbYAI,SILLON WICKER CON MESITA REDONDA DE ALMACENAMIENTO,WICKER  LOUNGE CHAIR WITH ROUND TABLE,G110173A
01tVT000005hqdBYAQ,SILLON ADIRONDACK ACACIA,ADIRONDACK CHAIR,G110174A
01tVT000005hr7pYAA,SILLON ADIRONDACK ACACIA,CHAIR,G110175A
01tVT000005hrFuYAI,SILLÓN DE EXTERIOR DE ACACIA,ACACIA LOUNGE CHAIR,G111110A
01tVT000005hrkXYAQ,SILLON ACACIA JARDÍN,LOUNGE CHAIR,G110176A
01tVT000005ht4nYAA,TUMBONA MECEDORA CURVA ACACIA,TEXTILENE CURVED SUNLOUNGER,G111111A
01tVT000005htKvYAI,TUMBONA PLAYA DOBLE EUCALIPTO CON RUEDAS,SUNBED WITHOUT CUSHION,G501120A
01tVT000005htUbYAI,TUMBONA PLAYA EUCALIPTO Y ROPE CON RUEDAS,SUNBED,G501121A
01tVT000005hxEsYAI,SALA DE PATIO ACACIA 4 PIEZAS CON COJIN,4 PIECES MODENA CONVERSTION SET WITH CUSHION,G108457A
01tVT000005hxuoYAA,SALA DE PATIO ACACIA 4 PIEZAS CON COJINES,04PC CONVERSATION SETTING,G108461A
01tVT000005hxy1YAA,TUMBONA PLAYA EUCALIPTO Y ROPE CON APOYABRAZOS,SUNBED WITH ARMS,G501122A
01tVT000005hy7hYAA,SILLON ACACIA Y ROPE JARDÍN,ROPE LOUNGE CHAIR,G110177A
01tVT000005hyMDYAY,SILLON WICKER Y ACACIA CON COJINES Y OTOMAN,WICKER ARMCHAIR WITH FOOTREST,G110178A
01tVT000005hyZ7YAI,SET BISTRO ACACIA Y ROPE 3 PIEZAS CON COJINES,3PCS ROPE HALF ROUND CHAT SET,G108456A
01tVT000005hyfaYAA,SET COMEDOR ACACIA 5 PIEZAS CON COJINES,05PC CURVED CHAIR & ROUNDTABLE DINNING SETTING,G108460A
01tVT000005hyndYAA,SILLON ACACIA JARDÍN,ACACIA AND ROPE CHAIR,G110179A
01tVT000005hz8bYAA,SET COMEDOR ACACIA 7 PIEZAS CON COJINES,7PC TIMBER DINNING SETTING,G108458A
01tVT000005hzOjYAI,SALA DE PATIO ACACIA CON COJIN,5 PIECES ANZIO LOUNGE SET WITH CUSHION,G108459A
01tVT000005i6A6YAI,BANCO ACACIA CON ROPE,2 SEATER BENCH,G108465A
01tVT000005i6lBYAQ,SALA DE PATIO ACACIA 5 PIEZAS CON COJIN,5 PIECES CONVERSATION SET WITH CUSHION,G108462A
01tVT000005i7HRYAY,SET COMEDOR ACACIA 6 PIEZAS,6PIECES DINING SET,G108463A
01tVT000005i7anYAA,SET COMEDOR EUCALIPTO 6 PIEZAS,6 PIECES EXTEND DINING SET,G108464A
01tVT000005i8YTYAY,TUMBONA ACACIA CON COJIN,SUNLOUNGER WITH CUSHION,G108466A
01tVT000005i8v3YAA,SALA DE PATIO ACACIA 4 PIEZAS CON COJINES,4PIECES ROUND TABLE CONVERSATION SET,G108467A
01tVT000005i9SvYAI,SALA DE PATIO ACACIA 4 PIEZAS CON ROPE Y COJINES,4 PIECES ROPE CONVERSATION SET,G108468A
01tVT000005i9uLYAQ,SALA DE PATIO ACACIA,CORNER SOFA SETTING,G108469A
01tVT000005iANNYA2,SET COMEDOR ACACIA 5 PIEZAS,5 PIECES LOUNGE DINING SET,G108470A
01tVT000005iYW9YAM,SALA DE PATIO ACACIA 4 PIEZAS CON COJINES,4 PIECES SOFA SET,G108471A
01tVT000005kVVlYAM,SALA DE PATIO WICKER 5 PIEZAS CON COJINES,5 PIECES ALU & WICKER SOFA SET,G108472A
01tVT000005kVabYAE,SET BISTRO MECEDORA ACACIA Y ROPE 3 PIEZAS CON COJINES,3PCS ROPE ROCKING CHAIRS & CEMENT ROUND TABLE,G108473A
01tVT000005kVigYAE,SILLA COMEDOR ALUMINIO ROPE CON COJIN,ALU & ROPE DINING CHARI WITH CUSHION,G110183A
01tVT000005kW5FYAU,SET COMEDOR 7 PIEZAS,7 PIECES ALU DINING SET,G108474A
01tVT000005kYBtYAM,SALA DE PATIO ALUMINUM 5 PIEZAS CON COJINES,5 PIECES ALU & ROPE SOFA SET,G108475A
01tVT000005kbo5YAA,SILLA COMEDOR ALUMINIO ROPE,ALU & ROPE DINING CHARI,G110180A
01tVT000005kcPBYAY,SILLA COMEDOR ALUMINIO ROPE,ALU & ROPE DINING CHARI,G110181A
01tVT000005kcdhYAA,SILLA COMEDOR ALUMINIO ROPE CON COJIN,ALU & ROPE DINING CHARI WITH CUSHION,G110182A
01tVT000005kfA9YAI,SALA DE PATIO ALUMINIO ROPE,4 PIECES ALU & ROPE SOFA SET,G108476A
01tVT000005kfQHYAY,SET COMEDOR 7 PIEZAS,7 PIECES ALU & ROPE DINING SET,G108477A
01tVT000005l3FhYAI,SALA DE PATIO ALUMINIO ROPE,4 PIECES ALU & ROPE SOFA SET,G108478A
01tVT000005lu8jYAA,MESA DE HOGUERA CUADRADA DE GAS PROPANO 28 PULGADAS,FIRE PIT,G109063A
01tVT000005lzI6YAI,MESA DE HOGUERA RECTANGULAR DE GAS PROPANO,FIRE PIT,G109065A
01tVT000005m07hYAA,MESA DE HOGUERA CUADRADA DE GAS PROPANO 28 PULGADAS,FIRE PIT,G109064A
01tVT000005m0VtYAI,SET COMEDOR 7 PIEZAS,7 PIECES ALU POLYWOOD DINING SET,G108479A
01tVT000005m0yvYAA,SET COMEDOR 5 PIEZAS,5 PIECES ALU POLYWOOD DINING SET,G108480A
01tVT000005m15NYAQ,SALA DE PATIO WICKER 5 PIEZAS CON COJINES,SOFA SET,G108481A
01tVT000005m1gTYAQ,SILLON ADIRONDACK POLYWOOD,POLYWOOD ADIRONDACK CHAIR,G110184A
01tVT000005m1zpYAA,SALA DE PATIO ESQUINA WICKER 7 PIEZAS CON COJINES,SOFA SET,G108482A
01tVT000005m2RFYAY,SALA DE PATIO ACACIA Y WICKER 4 PIEZAS CON COJINES Y MESA LATERAL,SOFA SET,G108483A
01tVT000005m2ZJYAY,SILLON PLEGABLE + REPOSAPIE OCULTO,FOLDING ADIRONDACK CHAIR WITH FOOTREST,G110185A
01tVT000005m2uHYAQ,SET BISTRO WICKER Y CEMENTO 3 PIEZAS CON COJINES,BISTRO SET,G108484A
01tVT000005m2vtYAA,SILLON PLEGABLE,FOLDING ADIRONDACK CHAIR,G110186A
01tVT000005m3OwYAI,SALA DE PATIO POLIMADERA 6 PIEZAS,6 PIECES SOFA SET,G108486A
01tVT000005m3iHYAQ,TUMBONA,POLYWOOD LOUNGE,G111112A
01tVT000005m4ZVYAY,SALA DE PATIO POLIMADERA 4 PIEZAS CON ALMOHADA Y COJIN,4 PIECES SOFA SET WITH CUSHION AND PILLOW,G108485A
01tVT000005mY9NYAU,SET COMEDOR 5 PIEZAS CON COJIN,5 PIECES POLYWOOD DINING SET,G108487A
01tVT000005mYVxYAM,SET COMEDOR 7 PIEZAS CON COJIN,7 PIECES POLYWOOD DINING SET,G108488A
01tVT000005mYu9YAE,SALA DE PATIO WICKER 5 PIEZAS CON COJINES,SOFA SET,G108489A
01tVT000005mZVFYA2,TUMBONA DOBLE WICKER,COUPLE DAYBED,G111113A
01tVT000005mZjlYAE,SALA DE PATIO WICKER 4 PIEZAS CON COJINES,SOFA SET,G108490A
01tVT000005maSvYAI,SALA DE PATIO ESQUINA WICKER 5 PIEZAS CON COJINES,CORNER SET,G108491A
01tVT000005mapVYAQ,SALA DE PATIO GIRATORIO WICKER 4 PIEZAS CON COJINES,SOFA SET,G108492A
01tVT000005mb2PYAQ,SALA DE PATIO ESQUINA ROPE 4 PIEZAS CON COJINES,CORNER SET,G108493A
01tVT000005mbFJYAY,SALA DE PATIO WICKER 4 PIEZAS CON COJINES,SOFA SET,G108494A
01tVT000005mbyUYAQ,SET COMEDOR 7 PIEZAS,7 PIECES PLASTIC WOOD DINING SET,G108504A
01tVT000005mc9lYAA,SET BISTRO ALUMINIO & POLYWOOD 3 PIEZAS,3 PIECE ALUMINUM & POLYWOOD BISTRO SET,G108495A
01tVT000005mcWLYAY,SOMBRILLA JARDIN LATERAL ALUMINIO CON LUZ LED Y BASE EN CRUZ,3X3 UMBRELLA W/ LED STRIPS,G106285A
01tVT000005mdH7YAI,SET COMEDOR 5 PIEZAS,5 PIECES POLYWOOD & ALUMINUM DINING SET,G108496A
01tVT000005meUvYAI,SOMBRILLA JARDIN LATERAL 8 RIBS CON LUZ LED Y BASE EN CRUZ,LED DOT LIGHT UMBRELLA,G106286A
01tVT000005meptYAA,SET COMEDOR POLYWOOD & ALUMINIO 6 PIEZAS,6 PIECES POLYWOOD & ALUMINUM DINING SET,G108497A
01tVT000005mfE5YAI,SOMBRILLA JARDIN BAMBÚ 8 RIBS,BAMBOO UMBRELLA,G106287A
01tVT000005mfcHYAQ,SET COMEDOR 7 PIEZAS,7 PIECES POLYWOOD DINING SET,G108498A
01tVT000005mg0YYAQ,SET BISTRO GIRATORIO WICKER 3 PIEZAS CON MESA DE HOGUERA Y COJINES,ROUND FIRE PIT TABLE W/ ROTATE CHAIR,G108501A
01tVT000005mhxRYAQ,SALA DE PATIO RESINA 5 PIEZAS CON MESA DE HOGUERA Y COJINES,5PCS HDPE OUTDOOR FIRE PIT SOFA SET,G108499A
01tVT000005mi2IYAQ,SALA DE PATIO ALUMINIO 4 PIEZAS CON MESA DE HOGUERA Y COJINES,RECTANGLE ALUMINUM TOP AND BASE FIRE PIT FURNITURE SET,G108500A
01tVT000005mj3BYAQ,SET BISTRO ALUMINUM 3 PIEZAS CON MESA DE HOGUERA,22*22*24in square Fire Pit (all aluminum),G108502A
01tVT000005mjsnYAA,CALENTADOR LAMPARA LINTERNA COLGANTE 800W,LAMP HEATER,B302145C
01tVT000005mk2TYAQ,CALENTADOR LAMPARA LINTERNA COLGANTE 600W/1200W,LAMP HEATER,B302146C
01tVT000005mkQfYAI,CALENTADOR PATIO TORRE 1500W CON CUBIERTA DE TELA,TOWER HEATER,B302147C
01tVT000005mkthYAA,CALENTADOR SOBREMESA 1500W CON CUBIERTA DE TELA,TABLE HEATER,B302148C
01tVT000005mlD3YAI,SET COMEDOR 5 PIEZAS,5 PIECES PLASTIC WOOD DINING SET,G108503A
01tVT000005mlrNYAQ,CALENTADOR PATIO TORRE 750/1500W CON CONTROL REMOTO,TOWER HEATER,B302149C
01tVT000005mm5tYAA,CALENTADOR TECHO COLGANTE CON LUZ LED Y CONTROL REMOTO,LAMP HEATER,B302150C
01tVT000005mmNdYAI,CALENTADOR SOBREMESA 750W/1500W CON CONTROL REMOTO,LAMP HEATER,B302151C
01tVT000005mmfNYAQ,CALENTADOR SOBREMESA 1500W,LAMP HEATER,B302152C
01tVT000005mmp3YAA,ASADOR GAS RECTANGULAR,GAS BBQ 6B WITH SIDE BURNER,G301195A
01tVT000005mmvVYAQ,CALENTADOR SOBREMESA 600W/1500W,LAMP HEATER,B302153C
01tVT000005mnrZYAQ,ASADOR GAS RECTANGULAR,GAS BBQ 6B WITH SIDE BURNER,G301196A
01tVT000005moqrYAA,ASADOR GAS RECTANGULAR,GAS BBQ 4B WITH SIDE BURNER,G301197A
01tVT000005mpADYAY,ASADOR GAS RECTANGULAR,GAS BBQ 3B WITH SIDE BURNER,G301198A
01tVT000005mpTZYAY,ASADOR GAS RECTANGULAR,COMBO GRILL,G301199A
01tVT000005mptNYAQ,ASADOR GAS RECTANGULAR,GAS GRILL,G301200A
01tVT000005mq6HYAQ,MESA DE SERVICIO,WORKING TABLE,G301201A
01tVT000005mqW5YAI,PARRILLA GAS PLANCHA CON MESAS LATERALES Y RUEDAS,OUTDOOR KITCHEN GROUP,G301202A
01tVT000005nV1NYAU,CALENTADOR PATIO TECHO COLGANTE 1500W CON LUZ LED Y CONTROL REMOTO,HEATER,B302154C
01tVT000005pfZKYAY,SOMBRILLA JARDIN 8 RIBS CON LUZ LED,MARKET UMBRELLA WITH LED STRIP LIGHT WITH CENTRAL LIGHT,G106288A
01tVT000005pfr3YAA,SOMBRILLA JARDIN 8 RIBS CON CAPAS TRIPLES,TRIPLE LAYER MARKET UMBRELLA,G106289A
01tVT000005pg5ZYAQ,SOMBRILLA JARDIN LATERAL HIERRO CON BOMBILLAS LED Y BASE EN CRUZ,LED BULB BANANA UMBRELLA,G106290A
01tVT000005s5flYAA,SET COMEDOR 4 PIEZAS,4 PIECES DINING SET,H210143B
01tVT000005sjenYAA,SET COMEDOR MDF + 6 SILLAS,DINING SET 1 TABLE + 6 CHAIRS,H210144B
01tVT000005sk6DYAQ,SET COMEDOR MDF + 6 SILLAS,DINING SET 1 TABLE + 6 CHAIRS,H210145B
01tVT000005svmPYAQ,MESA RESINA PLEGABLE 180 CM,6 FT FOLDING HDPE TABLE,G101118S
01tVT000005ukzlYAA,ASADOR CARBON RECTANGULAR CON MESA LATERAL Y RUEDAS,GRILL BBQ,G301203A
01tVT000005ulm9YAA,ASADOR CARBON RECTANGULAR CON MESAS LATERALES Y RUEDAS,CHARCOAL GRILL,G301204A
01tVT000005ulz3YAA,ASADOR CARBON RECTANGULAR CON MESA LATERAL Y RUEDAS,CHARCOAL GRILL,G301205A
01tVT000005umFBYAY,ASADOR CARBON RECTANGULAR DOBLE CON MESA LATERAL Y RUEDAS,CHARCOAL GRILL,G301206A
01tVT000005umdNYAQ,ASADOR CARBON RECTANGULAR DOBLE CON MESA LATERAL Y RUEDAS,CHARCOAL GRILL,G301207A
01tVT000005umv7YAA,ASADOR CARBON AHUMADOR CILINDRICO,CHARCOAL SMOKER,G301208A
01tVT000005un9dYAA,ASADOR CARBON PORTATIL,PORTABLE CHARCOAL GRILL,G301209A
01tVT000005unHhYAI,ASADOR CARBON / GAS PORTATIL,PORTABLE CHARCOAL GRILL,G301210A
01tVT000005unOAYAY,ASADOR CARBON PORTATIL CON RUEDAS,PORTABLE CHARCOAL GRILL,G301215A
01tVT000005unSzYAI,ASADOR CARBON PORTATIL,PORTABLE CHARCOAL GRILL,G301211A
01tVT000005unb3YAA,ASADOR CARBON PORTATIL,PORTABLE CHARCOAL GRILL,G301212A
01tVT000005unnxYAA,ASADOR CARBON PORTATIL,PORTABLE CHARCOAL GRILL,G301213A
01tVT000005uo2TYAQ,ASADOR CARBON PORTATIL,PORTABLE CHARCOAL GRILL,G301214A
01tVT000005upg5YAA,GAZEBO CUADRADO,ALUMINUM PERGOLA GAZEBO,G106291A
01tVT000005uqKPYAY,GAZEBO CON PARRILLA PARA BARBACOA,BBQ GRILL GAZEBO,G106292A
01tVT000005uqkDYAQ,GAZEBO CON CORTINAS,GAZEBO WITH CURTAINS,G106293A
01tVT000005urDFYAY,GAZEBO CON CORTINAS,GAZEBO WITH CURTAINS,G106294A
01tVT000005vPEvYAM,MESA RESINA PLEGABLE 180 CM,6 FT FOLDING HDPE TABLE,G101119S
01tVT000005wwojYAA,GAZEBO CON CORTINAS,DOUBLE ROOF METAL PANEL GAZEBO,G106295A
01tVT000005wxODYAY,GAZEBO RECTANGULAR CON MOSQUITERA,RECTANGULAR GAZEBO WITH MOSQUITO NET,G106296A
01tVT000005wxrFYAQ,GAZEBO RECTANGULAR CON CORTINAS Y MOSQUITERA,DOUBLE ROOF PC PANEL GAZEBO WITH CURTAIN AND MOSQUITO NET,G106297A
01tVT000005wyKHYAY,GAZEBO CUADRADO,SQUARE GAZEBO,G106298A
01tVT000005x75pYAA,MESA RESINA PERSONAL,PERSONAL TABLE,G101120A
01tVT000005x8I1YAI,GAZEBO CUADRADO,GAZEBO,G106299A
01tVT000005xet0YAA,GAZEBO RECTANGULAR ALUMINIO CON DOBLE TECHO,GAZEBO,G106304A
01tVT000005xf5uYAA,GAZEBO CUADRADO MADERA Y METÁLICO CON DOBLE TECHO,GAZEBO,G106301A
01tVT000005xgd3YAA,GAZEBO CUADRADO MADERA Y METÁLICO CON DOBLE TECHO,GAZEBO,G106300A
01tVT000005xh1FYAQ,GAZEBO RECTANGULAR MADERA Y METÁLICO,GAZEBO,G106302A
01tVT000005xhE9YAI,GAZEBO HEXAGONAL CON MOSQUITERA Y DOBLE TECHO,GAZEBO,G106303A
01tVT000005xr5SYAQ,MESA RESINA PERSONAL,PERSONAL TABLE,G101121A
01tVT000005xrF7YAI,SET MESAS AUXILIARES 2 EN 1,REVOLVING COFFEE TABLE,H312305B
01tVT000005xrevYAA,SILLA RESINA PLEGABLE,FOLDING RESIN CHAIR,G101122A
01tVT000005xrobYAA,MESA BURO 2 CAJONES CON LÁMPARA,NIGHT STAND CABINET,H313091B
01tVT000005xs9ZYAQ,MESA RESINA PERSONAL,PERSONAL TABLE,G101123A
01tVT000005zbB4YAI,MESA AUXILIAR,COFFEE TABLE,H312316B
01tVT000005zbXeYAI,MESA AUXILIAR,SIDE TABLE,H312307B
01tVT000005zbXfYAI,MESA AUXILIAR,SIDE TABLE,H312312B
01tVT000005zbsbYAA,MESA AUXILIAR,SIDE TABLE,H312306B
01tVT000005zcruYAA,MESA ESCRITORIO,DESK,H102173B
01tVT000005zdBFYAY,MESA AUXILIAR 2 NIVELES CON 1 CAJÓN,CABINET,H312308B
01tVT000005zdWEYAY,MESA ESCRITORIO,COMPUTER DESK,H102174B
01tVT000005zdj7YAA,MESA AUXILIAR DOBLE,SIDE TABLE,H312309B
01tVT000005ze7JYAQ,MESA ESCRITORIO 2 NIVELES,DESK,H102175B
01tVT000005zeDlYAI,MESA AUXILIAR,SIDE TABLE,H312310B
01tVT000005zeKDYAY,MESA ESCRITORIO,DESK,H102176B
01tVT000005zeQfYAI,MESA ESCRITORIO PLEGABLE,DESK,H102177B
01tVT000005zeVVYAY,MESA ESCRITORIO,COMPUTER DESK,H102178B
01tVT000005zebxYAA,MESA BURO 1 CAJÓN,NIGHT STAND,H313092B
01tVT000005zeorYAA,MESA ESCRITORIO,COMPUTER DESK,H102179B
01tVT000005zevJYAQ,MESA AUXILIAR,END TABLE,H312311B
01tVT000005zfD3YAI,ESTANTERIA PLANTA DECORATIVA 5 NIVELES,PLANT STAND,H314164B
01tVT000005zfEgYAI,ESTANTERIA 3 NIVELES CON REVISTERO,BOOKSHELF,H314166B
01tVT000005zfUnYAI,MESA AUXILIAR REDONDA CON 1 CAPA TELA,SIDE TABLE,H312313B
01tVT000005zfWQYAY,MESA BURO 1 CAJÓN,BED TABLE,H313093B
01tVT000005zfeTYAQ,MESA ESCRITORIO AUXILIAR 2 NIVELES CON RUEDAS,COMPUTER DESK,H102180B
01tVT000005zfkvYAA,ORGANIZADOR ZAPATOS 4 NIVELES,4 TIERS SHOE RACK,H406104B
01tVT000005zg13YAA,MESA AUXILIAR CON RUEDAS,CABINET,H312314B
01tVT000005zgHBYAY,MESA ESCRITORIO AUXILIAR 3 NIVELES CON REVISTERO,SIDE TABLE,H102181B
01tVT000005zgNdYAI,CENTRO ENTRETENIMIENTO 1 CAJON,TV STAND,H316030B
01tVT000005zgXJYAY,MESA AUXILIAR 2 NIVELES CON 1 CAJÓN,COFFEE TABLE SET,H312315B
01tVT000005zgsHYAQ,MESA ESCRITORIO,COMPUTER DESK,H102182B
01tVT000005zh1xYAA,SET MESAS AUXILIARES 2 PIEZAS,SIDE TABLE,H312317B
01tVT000005zh6nYAA,MESA AUXILIAR,SIDE TABLE,H312318B
01tVT000005zhA1YAI,MESA ESCRITORIO AJUSTABLE CON RUEDAS,LAPTOP TABLE,H102183B
01tVT000005zhJhYAI,CENTRO ENTRETENIMIENTO 1 CAJON,TV STAND,H316031B
01tVT000005zhLJYAY,MESA LATERAL AUXILIAR CON RUEDAS,SIDE TABLE,H312319B
01tVT000005zjOkYAI,MESA ESCRITORIO CON ESTANTERIA 3 NIVELES 2 EN 1,DESK + SHELF,H102186B
01tVT000005zk33YAA,MESA LATERAL AUXILIAR,SIDE TABLE,H312320B
01tVT000005zkJBYAY,ESTANTERIA 3 NIVELES,SHELF,H314165B
01tVT000005zkMQYAY,CARRITO PELUQUERIA 2 NIVELES,CABINET,H404114B
01tVT000005zkhNYAQ,MESA AUXILIAR 2 NIVELES,CONSOLE TABLE,H312321B
01tVT000005zkr3YAA,MESA BURO 2 CAJONES,NIGHT STAND,H313094B
01tVT000005zl2LYAQ,MESA BURO 2 CAJONES,NIGHT STAND,H313095B
01tVT000005zlC1YAI,MESA ESCRITORIO PLEGABLE,FOLDING DESK,H102184B
01tVT000005zlNJYAY,MESA ESCRITORIO CON 2 CAJONES,DESK,H102185B
01tVT000005zlvBYAQ,CENTRO ENTRETENIMIENTO EXTENSIBLE 3 CAJONES,TV STAND,H316032B
01tVT000005zm6TYAQ,BANCO ORGANIZADOR ZAPATOS CON ALMACENAMIENTO,SHOE RACK,H406105B
01tVT000005zmODYAY,MESA AUXILIAR,SIDE TABLE,H312322B
01tVT000005zmZVYAY,SILLA ORDENADOR TELA,CHAIR,H101158B
01tVT000005zmhZYAQ,SILLA ORDENADOR PVC,CHAIR,H101159B
01tVT0000062ITdYAM,CALENTADOR CON RUEDAS PANEL 6CM 1500W,HEATER 1500W,B302155C
01tVT0000062LcnYAE,SILLA ORDENADOR PU (1PC/1BOX),PU COMPUTER CHAIR (1PC/1BOX),H101160B
01tVT0000064pV8YAI,CALENTADOR PISO PTC 1200W CON FUEGO 3D Y CONTROL REMOTO,3D Fire PTC Heater,B302158C
01tVT0000064uOLYAY,CALENTADOR TECHO COLGANTE 2000W CON CONTROL REMOTO,Halogen heater,B302156C
01tVT0000064umXYAQ,CALENTADOR PISO 1500W CON CONTROL REMOTO,Infrared heater,B302157C
01tVT0000064wrZYAQ,CALENTADOR PISO PTC 1200W CON FUEGO 3D Y CONTROL REMOTO,3D Fire PTC Heater,B302159C
01tVT00000667PxYAI,ASADOR CARBON RECTANGULAR CON MESA LATERAL Y RUEDAS,GRILL BBQ,G301216A
01tVT0000066BLVYA2,ASADOR CARBON PORTATIL,PORTABLE CHARCOAL GRILL,G301217A
01tVT0000066fhlYAA,ASADOR CARBON / GAS PORTATIL,PORTABLE CHARCOAL GRILL,G301218A
01tVT0000066g17YAA,ASADOR CARBON PORTATIL,PORTABLE CHARCOAL GRILL,G301219A
01tVT0000066gKTYAY,ASADOR CARBON PORTATIL,PORTABLE CHARCOAL GRILL,G301220A
01tVT0000066gcDYAQ,ASADOR CARBON PORTATIL,PORTABLE CHARCOAL GRILL,G301221A
01tVT0000066gsLYAQ,ASADOR CARBON PORTATIL CON RUEDAS,PORTABLE CHARCOAL GRILL,G301222A
01tVT0000066h5FYAQ,ASADOR CARBON PORTATIL,PORTABLE CHARCOAL GRILL,G301223A
01tVT0000066hEvYAI,ASADOR CARBON AHUMADOR CILINDRICO,CHARCOAL SMOKER,G301224A
01tVT0000066hRpYAI,ASADOR CARBON RECTANGULAR CON MESA LATERAL Y RUEDAS,CHARCOAL GRILL,G301225A
01tVT0000066hgLYAQ,ASADOR CARBON RECTANGULAR CON MESAS LATERALES Y RUEDAS,CHARCOAL GRILL,G301226A
01tVT0000066hq1YAA,ASADOR CARBON RECTANGULAR DOBLE CON MESA LATERAL Y RUEDAS,CHARCOAL GRILL,G301227A
01tVT0000066i1JYAQ,ASADOR CARBON RECTANGULAR DOBLE CON MESA LATERAL Y RUEDAS,CHARCOAL GRILL,G301228A
01tVT00000698FqYAI,CALENTADOR TORRE CERAMICA ECO TERMOSTATO 1500W LED CONTROL REMOTO,ECO CERAMIC HEATER THERMOSTAT 1500W,B302173C
01tVT0000069EujYAE,CALENTADOR FUEGO LED 127V/60HZ 750W/1500W,STAND STYLE ELECTRIC FIREPLACE HEATER,B302160C
01tVT0000069FSbYAM,CALENTADOR FUEGO LED 127V/60HZ 750W/1500W,STOVE FIREPLACE HEATER,B302161C
01tVT0000069HNxYAM,CALENTADOR FUEGO LED 127V/60HZ 750W/1500W,STAND STYLE ELECTRIC FIREPLACE HEATER,B302162C
01tVT0000069IjpYAE,CALENTADOR SOBREMESA CERAMICA 950W/750W/5W,CERAMIC HEATER 950W/750W/5W,B302163C
01tVT0000069JG5YAM,CALENTADOR SOBREMESA CERAMICA ECO 1500W CON LED,ECO CERAMIC HEATER THERMOSTAT 1500W,B302164C
01tVT0000069NbRYAU,CALENTADOR TORRE OSCILANTE 1500W CERAMICA CON LED Y CONTROL REMOTO,DIGITAL TOWER CERAMIC FAN HEATER,B302165C
01tVT0000069NwPYAU,CALENTADOR SOBREMESA OSCILANTE 1500W CERAMICA CON LED Y CONTROL REMOTO,DIGITAL CERAMIC FAN HEATER,B302166C
01tVT0000069OHNYA2,CALENTADOR SOBREMESA OSCILANTE 1500W CERAMICA,CERAMIC FAN HEATER,B302167C
01tVT0000069ONpYAM,CALENTADOR SOBREMESA OSCILANTE 1500W CERAMICA CON LED Y CONTROL REMOTO,DIGITAL CERAMIC FAN HEATER,B302168C
01tVT0000069OcLYAU,RADIADOR ACEITE 127V 1500W CON RUEDAS,COVER OIL HEATER,B302169C
01tVT0000069Om1YAE,RADIADOR ACEITE 127V 1500W CON RUEDAS Y LED,OIL HEATER,B302170C
01tVT0000069OvhYAE,RADIADOR ACEITE 127V 1500W CON RUEDAS,OIL HEATER,B302171C
01tVT0000069QvtYAE,CALENTADOR TORRE CERAMICA ECO TERMOSTATO 1500W,ECO CERAMIC HEATER THERMOSTAT 1500W,B302172C
01tVT0000069SMbYAM,CALENTADOR TORRE CERAMICA 1500W CON LED CONTROL REMOTO,CERAMIC HEATER WITH LED AND REMOTE CONTROL 1500W,B302174C
01tVT0000069uadYAA,ESTANTERIA 6 NIVELES CON 2 CAJONES,BOOKSHELF,H314171B
01tVT0000069xbiYAA,APARADOR 3 PUERTAS + 3 HUECOS,BOOKSHELF,H312323B
01tVT0000069yazYAA,ESTANTERIA 3 NIVELES,BOOKSHELF,H314167B
01tVT0000069yuLYAQ,ESTANTERIA 3 NIVELES,BOOKSHELF,H314168B
01tVT0000069zNNYAY,ESTANTERIA 3 NIVELES,BOOKSHELF,H314169B
01tVT000006A0jFYAS,ESTANTERIA 6 NIVELES,BOOKSHELF,H314170B
01tVT000006BbTuYAK,SET PERCHERO ORGANIZADOR CON DOBLE CAJONERA 4 NIVELES Y ZAPATERO 2 NIVELES,COAT RACK,H406106B
01tVT000006Bf64YAC,SILLA RESINA DOBLE,FOLDING HDPE CHAIR DOUBLE REINFORCEMENT,G101125Y
01tVT000006Biv7YAC,MESA RESINA PERSONAL,PERSONAL TABLE,G101121Y
01tVT000006BiyLYAS,MESA RESINA PERSONAL,PERSONAL TABLE,G101124Y
01tVT000006BjKvYAK,BANCA RESINA PLEGABLE,FOLDING BENCH,G101126Y
01tVT000006DZnhYAG,ORGANIZADOR ZAPATOS 3 NIVELES,SHOE RACK,H406107B
01tVT000006DdPuYAK,SOFÁ DE ESQUINA,CORNER SOFA,H309156B
01tVT000006DhdBYAS,MESA AUXILIAR RECTANGULAR MADERA,COFFEE TABLE,H312324B
01tVT000006DiFtYAK,MESA AUXILIAR CUADRADA MADERA,END TABLE,H312325B
01tVT000006DiNxYAK,SOFA CAMA,SOFA BED,H309157B
01tVT000006DicTYAS,SOFA CAMA,SOFA CAMA,H309158B
01tVT000006DipNYAS,SOFA CAMA,SOFA BED,H309159B
01tVT000006DiqzYAC,SET COMEDOR MDF Y MADERA + 4 SILLAS,DINING SET,H210146B
01tVT000006DjgbYAC,SOFA CAMA,SOFA BED,H309160B
01tVT000006Djv7YAC,SOFA CAMA,SOFA BED,H309161B
01tVT000006EEqrYAG,SET COMEDOR MDF Y MADERA + 4 SILLAS,DINING SET,H210147B
01tVT000006EEu6YAG,SET COMEDOR MDF Y MADERA + 6 SILLAS,DINING SET,H210148B
01tVT000006EFRxYAO,SET COMEDOR MADERA + 8 SILLAS,DINING SET,H210149B
01tVT000006EFTaYAO,SET COMEDOR CENIZA + 6 SILLAS,DINING SET 1 TABLE + 6 CHAIRS,H210154B
01tVT000006EFdGYAW,CAJONERA 1 NIVEL + ESTANTE CON RUEDAS,SHELF WITH DRAWER AND CASTORS,H314172T
01tVT000006EFjhYAG,SET COMEDOR MDF CIRCULAR AHORRAESPACIO + 4 SILLAS,DINING SET,H210150B
01tVT000006EGSrYAO,SET COMEDOR CENIZA + 6 SILLAS,DINING SET 1 TABLE + 6 CHAIRS,H210151B
01tVT000006EGkbYAG,SET COMEDOR CENIZA + 6 SILLAS,DINING SET 1 TABLE + 6 CHAIRS,H210152B
01tVT000006EGvuYAG,PERCHERO ORGANIZADOR 4 NIVELES,SHELF,H314173T
01tVT000006EH2LYAW,SET COMEDOR + 6 SILLAS,DINING SET 1 TABLE + 6 CHAIRS,H210153B
01tVT000006EIEXYA4,SET COMEDOR + 6 SILLAS,DINING SET 1 TABLE + 6 CHAIRS,H210155B
01tVT000006EIzKYAW,SET COMEDOR + 6 SILLAS,DINING SET 1 TABLE + 6 CHAIRS,H210156B
01tVT000006EJAbYAO,CAJONERA 3 NIVELES + ESTANTE CON RUEDAS,SHELF WITH DRAWER AND CASTORS,H313096T
01tVT000006EJIfYAO,MESA AUXILIAR,COFFEE TABLE,H312326T
01tVT000006EJXBYA4,SET DE MESA AUXILIAR,COFFEE TABLE SET,H312327T
01tVT000006EJvNYAW,SET DESAYUNADOR 3 PIEZAS,DINING SET,H210157T
01tVT000006EK1pYAG,SET COMEDOR MADERA DE CAUCHO + 4 SILLAS,DINING SET 1 TABLE + 4 CHAIRS,H210158B
01tVT000006EKD7YAO,SET COMEDOR 5 PIEZAS,DINING SET,H210159T
01tVT000006EKJZYA4,SET COMEDOR MADERA DE CAUCHO + 6 SILLAS,DINING SET 1 TABLE + 6 CHAIRS,H210160B
01tVT000006EKY5YAO,SILLA ORDENADOR MESH,OFFICE CHAIR,H101161T
01tVT000006EKcvYAG,SET COMEDOR + 6 SILLAS,DINING SET 1 TABLE + 6 CHAIRS,H210161B
01tVT000006EL7ZYAW,PERCHERO ORGANIZADOR 1 NIVEL + 3 CAJONES,SHELF,H406108T
01tVT000006ELE1YAO,PERCHERO ORGANIZADOR 3 NIVELES + 2 CAJONES,SHELF,H406109T
01tVT000006ELdpYAG,SILLON TELA,ACCENT CHAIR,H311102T
01tVT000006EOTeYAO,SOFA CAMA,SOFA BED,H309162B
01tVT000006EOwfYAG,SOFA CAMA,SOFA BED,H309163B
01tVT000006EPRJYA4,SOFA SECCIONAL CHESLONG,SOFA,H309164B
01tVT000006EPcbYAG,SET COMEDOR MDF AHORRAESPACIO + 6 SILLAS,DINING SET,H210162B
01tVT000006EPkgYAG,SET ESTANTERIA CON PERCHERO Y RUEDAS,GARMENT RACK,H406110B
01tVT000006EQ2PYAW,SET COMEDOR MDF CUADRADO AHORRAESPACIO + 4 SILLAS,DINING SET,H210163B
01tVT000006EQDhYAO,SET COMEDOR MDF CUADRADO AHORRAESPACIO + 4 SILLAS,DINING SET,H210164B
01tVT000006EQOzYAO,SET COMEDOR MDF CUADRADO AHORRAESPACIO + 4 SILLAS,DINING SET,H210165B
01tVT000006EQVRYA4,PERCHERO ZAPATERO,SHOE RACK,H406111B
01tVT000006ERGDYA4,ESTANTERIA METALICA 3 NIVELES,CHROME WIRE SHELF RACK 3 TIERS,H406112B
01tVT000006ERcnYAG,ESTANTERIA METALICA 4 NIVELES,CHROME WIRE SHELF RACK 4 TIERS,H406113B
01tVT000006ERjFYAW,ESTANTERIA METALICA 5 NIVELES,CHROME WIRE SHELF RACK 5 TIERS,H406114B
01tVT000006ExxdYAC,SET COMEDOR MDF CIRCULAR AHORRAESPACIO + 4 SILLAS,DINING SET,H210166B
01tVT000006EzhhYAC,SOFA CAMA,SOFA BED,H309165B
01tVT000006F097YAC,SOFA SECCIONAL CHESLONG,SOFA,H309166B
01tVT000006F0KPYA0,SOFA SECCIONAL CHESLONG,COMPRESSED SOFA,H309167B
01tVT000006F2UHYA0,SET COMEDOR PIEDRA E HIERRO + 4 SILLAS,DINING SET,H210167B
01tVT000006F2yvYAC,SET COMEDOR MDF + 6 SILLAS,DINING SET,H210168B
01tVT000006F3N7YAK,SET COMEDOR MDF + 2 SILLAS COMEDOR + 2 SILLAS GIRATORIAS + 1 BANCO,DINING SET,H210169B
01tVT000006F3beYAC,SET COMEDOR CRISTAL + 4 SILLAS,DINING SET,H210170B
01tVT000006F7k5YAC,MESA CENTRO CRISTAL 2 NIVELES,COFFEE TABLE,H312328B
01tVT000006F7wzYAC,MESA CENTRO CRISTAL 2 NIVELES,COFFEE TABLE,H312329B
01tVT000006F8D7YAK,MESA AUXILIAR REDONDA CRISTAL,COFFEE TABLE,H312330B
01tVT000006F8WTYA0,MESA AUXILIAR REDONDA CRISTAL,COFFEE TABLE,H312331B
01tVT000006F8hlYAC,MESA AUXILIAR REDONDA CRISTAL,COFFEE TABLE,H312332B
01tVT000006FBfdYAG,BANDEJA LAPTOP CON PORTAVASOS,LAPTOP TRAY WITH CUP HOLDER,H102187T
01tVT000006FZwUYAW,MESA BURO 1 CAJON,NIGHT STAND,H313090M
01tVT000006FasXYAS,CENTRO ENTRETENIMIENTO 3 NIVELES CON 2 CAJONES,SIDE BOARD,H316028M
01tVT000006Fau9YAC,CENTRO ENTRETENIMIENTO 2 NIVELES CON 2 CAJONES,TV STAND,H316029M
01tVT000006FkofYAC,MESA AUXILIAR,COFFEE TABLE,H312333B
01tVT000006FlcfYAC,MESA AUXILIAR 2 PIEZAS,COFFEE TABLE SET,H312334B
01tVT000006FlnxYAC,MESA AUXILIAR,COFFEE TABLE,H312335B
01tVT000006FmX7YAK,MESA AUXILIAR 2 PIEZAS,COFFEE TABLE SET,H312336B
01tVT000006FmldYAC,MESA AUXILIAR,COFFEE TABLE,H312337B
01tVT000006FnBRYA0,SET COMEDOR CRISTAL + 4 SILLAS,5 PIECES DINING SET,H210171B
01tVT000006FrRxYAK,MESA AUXILIAR REDONDA MDF,COFFEE TABLE,H312338B
01tVT000006FruzYAC,MESA AUXILIAR REDONDA MDF,COFFEE TABLE,H312339B
01tVT000006FsELYA0,SET COMEDOR CRISTAL + 6 SILLAS,DINING SET,H210172B
01tVT000006FsRFYA0,SET COMEDOR PIEDRA E HIERRO + 4 SILLAS,DINING SET,H210173B
01tVT000006FssgYAC,SILLÓN OTTOMAN,OTTOMAN,H311103B
01tVT000006FtLiYAK,SILLÓN OTTOMAN PLEGABLE,OTTOMAN,H311104B
01tVT000006FwOPYA0,APARADOR COCINA,WOOD KITCHEN CART,H212028B
01tVT000006Fwg9YAC,CARRITO ISLA COCINA,WOODEN TROLLEY,H212029B
01tVT000006FwufYAC,CARRITO AUXILIAR 2 NIVELES,WOODEN TROLLEY,H212030B
01tVT000006FxPJYA0,CARRITO ISLA COCINA,WOODEN KITCHEN CART,H212031B
01tVT000006FxVlYAK,CARRITO ISLA COCINA,WOODEN KITCHEN CART,H212032B
01tVT000006Fxp7YAC,APARADOR COCINA,WOODEN WINE RACK,H212033B
01tVT000006FyTRYA0,CARRITO ORGANIZADOR COCINA 3 NIVELES,WOODEN TROLLEY,H212034B
01tVT000006FytFYAS,CARRITO ISLA COCINA,WOODEN TROLLEY,H212035B
01tVT000006Fz1JYAS,CARRITO ORGANIZADOR COCINA 2 NIVELES,BAMBOO TROLLEY,H212036B
01tVT000006FzAzYAK,CARRITO ISLA COCINA,WOODEN KITCHEN CART,H212037B
01tVT000006FzHRYA0,CARRITO ISLA COCINA,WOODEN KITCHEN CART,H212038B
01tVT000006FzULYA0,CARRITO ORGANIZADOR COCINA,BAMBOO CABINET,H212039B
01tVT000006GTx3YAG,MESA AUXILIAR,SIDE TABLE,H312340B
01tVT000006GUZlYAO,MESA AUXILIAR,SIDE TABLE,H312341B
01tVT000006GY3tYAG,CARRITO ISLA COCINA,KITCHEN ISLAND,H212040B
01tVT000006GabxYAC,SOFA 2 PLAZAS,LOVE SEAT SOFA,H309168B
01tVT000006GaosYAC,SOFA 2 PLAZAS,SOFA 2 SEATS,H309171B
01tVT000006Gas5YAC,SOFA CAMA,SOFA BED,H309169B
01tVT000006Gb09YAC,SOFA CAMA PLEGABLE,FOLDABLE SOFA BED,H309170B
01tVT000006Gb9pYAC,SILLON TELA,FABRIC CHAIR,H311105B
01tVT000006GbOLYA0,SILLION TELA,FABRIC CHAIR,H311106B
01tVT000006GbcrYAC,BANDEJA LAPTOP,LAPTOP TABLE,H104087B
01tVT000006GbmXYAS,MESA ESCRITORIO + LIBRERO 3 NIVELES,COMPUTER DESK,H102188B
01tVT000006Gc13YAC,MESA ESCRITORIO,COMPUTER DESK,H102189B
01tVT000006GcAjYAK,SILLA GAMING,GAMING CHAIR,H101162B
01tVT000006Ge2rYAC,MESA ESCRITORIO PLEGABLE,COMPUTER DESK,H102190B
01tVT000006GeAvYAK,MESA ESCRITORIO,COMPUTER DESK,H102191B
01tVT000006GeKbYAK,MESA ESCRITORIO + ESTANTE,DESK + SHELF,H102192B
01tVT000006GedxYAC,ESTANTERIA 3 NIVELES,SHELF 3 LEVELS,H314174B
01tVT000006GehBYAS,MESA AUXILIAR,SIDE TABLE,H312342B
01tVT000006GexJYAS,MESA ESCRITORIO,COMPUTER DESK,H102193B
01tVT000006Gf3lYAC,MESA AUXILIAR,SIDE TABLE,H312343B
01tVT000006Gf8bYAC,MESA ESCRITORIO,COMPUTER DESK,H102194B
01tVT000006GfIHYA0,MESA ESCRITORIO,COMPUTER DESK,H102195B
01tVT000006IfkPYAS,MESA AUXILIAR,COFFEE TABLE,H312344B
01tVT000006Ig0XYAS,MESA AUXILIAR,COFFEE TABLE,H312345B
01tVT000006IgBpYAK,MESA AUXILIAR,COFFEE TABLE,H312346B
01tVT000006IgOkYAK,MESA AUXILIAR,SIDE TABLE,H312350B
01tVT000006IgQLYA0,MESA AUXILIAR,COFFEE TABLE,H312347B
01tVT000006IgWoYAK,MESA AUXILIAR,SIDE TABLE,H312351B
01tVT000006Iga1YAC,MESA AUXILIAR,COFFEE TABLE,H312348B
01tVT000006IgmvYAC,MESA AUXILIAR,SIDE TABLE,H312349B
01tVT000006Ik7NYAS,TUMBONA PLAYA METALICA,STEEL KNOCKDOWN LOUNGE CHAIR,G501123A
01tVT000006IkqXYAS,SILLON RECLINABLE DOBLE,LOVE SEAT RECLINER,H309172B
01tVT000006Im9DYAS,SET BISTRO EUCALIPTO 3 PIEZAS CON COJIN,3 PIECES CHAT SET WITH CUSHION,G108506Q
01tVT000006InZtYAK,SET BANDEJAS 3 NIVELES ORGANIZADOR,SHELF,H212041B
01tVT000006InbVYAS,SILLON RECLINABLE DOBLE,LOVE SEAT RECLINER,H309173B
01tVT000006Iny6YAC,SILLON RECLINABLE ELECTRICO TRANSFORMER,POWER LIFT RECLINER CHAIR,H311110B
01tVT000006Io7lYAC,SILLON RECLINABLE MANUAL CORNER,CORNER RECLINER SOFA,H311107B
01tVT000006IoJ3YAK,CARRITO ISLA COCINA,KITCHEN ISLAND,H212042B
01tVT000006IoSjYAK,CARRITO ISLA COCINA,KITCHEN ISLAND,H212043B
01tVT000006IoanYAC,SILLON RECLINABLE DOBLE,LOVE SEAT RECLINER,H311108B
01tVT000006Iou9YAC,CARRITO AUXILIAR 3 NIVELES,TROLLEY,H212044B
01tVT000006Ip3pYAC,SILLON RECLINABLE ELECTRICO TRANSFORMER,POWER LIFT RECLINER CHAIR,H311109B
01tVT000006Ip8fYAC,SALA DE PATIO EUCALIPTO 5 PIEZAS CON COJIN,5 PIECES CONVERSATION SET WITH CUSHION,G108505Q
01tVT000006IpgXYAS,SET COMEDOR EUCALIPTO 5 PIEZAS,5 PIECES LOUNGE DINING SET,G108507Q
01tVT000006IqXlYAK,CARRITO AUXILIAR 2 NIVELES,TROLLEY,H212045B
01tVT000006IqkfYAC,CARRITO AUXILIAR 2 NIVELES,TROLLEY,H212046B
01tVT000006IrTpYAK,CARRITO ISLA COCINA,KITCHEN ISLAND,H212047B
01tVT000006IrYfYAK,CARRITO AUXILIAR 3 NIVELES,KITCHEN TROLLEY,H212048B
01tVT000006IrwrYAC,CARRITO AUXILIAR 3 NIVELES,TROLLEY,H212049B
01tVT000006Is6XYAS,CARRITO AUXILIAR 3 NIVELES,TROLLEY,H212050B
01tVT000006IskrYAC,CARRITO AUXILIAR 3 NIVELES,KITCHEN TROLLEY,H212051B
01tVT000006JOBFYA4,SOFA 3 PLAZAS,3 SEATER COMPRESSED SOFA,H309174B
01tVT000006JOPlYAO,SOFA SECCIONAL CHESLONG,COMPRESSED SOFA,H309175B
01tVT000006JOZRYA4,SOFA 1 PLAZA,COMPRESSED SOFA,H309176B
01tVT000006JOmLYAW,SOFA 2 PLAZAS,2 SEATER COMPRESSED SOFA,H309177B
01tVT000006JOzFYAW,SOFÁ COMPRIMIDO,COMPRESSED SOFA,H311111B
01tVT000006JRU5YAO,SILLON CAMA FUTÓN,COMPRESSED SOFA,H311112B
01tVT000006JSmjYAG,SOFA SECCIONAL CHESLONG ELECTRICA,SOFA,H309178B
01tVT000006JUIIYA4,SOFA SECCIONAL CHESLONG,STAINARY SOFA,H309183B
01tVT000006JUOkYAO,SILLA ORDENADOR MESH,OFFICE CHAIR,H101169B
01tVT000006JVe9YAG,SOFA CAMA ELECTRICA,SOFA,H309179B
01tVT000006JVsfYAG,SOFA 2 PLAZAS RECLINABLE ELECTRICA,SOFA,H309180B
01tVT000006JW7BYAW,SOFA 2 PLAZAS RECLINABLE ELECTRICA,SOFA,H309181B
01tVT000006JWLiYAO,SOFA 3 PLAZAS RECLINABLE ELECTRICA,SOFA,H309182B
01tVT000006JXG9YAO,SOFA 2 PLAZAS,STAINARY SOFA,H309184A
01tVT000006JXw5YAG,SOFA 2 PLAZAS,STAINARY SOFA,H309185B
01tVT000006JYKHYA4,SILLA ORDENADOR,HOME CHAIR,H101163B
01tVT000006JYaPYAW,SILLA ORDENADOR,HOME CHAIR,H101164B
01tVT000006JYtlYAG,SILLA ORDENADOR,HOME CHAIR,H101165B
01tVT000006JZ6fYAG,SILLA ORDENADOR,HOME CHAIR,H101166B
01tVT000006JZJZYA4,SILLA ORDENADOR,HOME CHAIR,H101167B
01tVT000006JZY5YAO,SILLA ORDENADOR MESH,OFFICE CHAIR,H101168B
01tVT000006JZt3YAG,SILLA ORDENADOR,HOME CHAIR,H101170B
01tVT000006K58BYAS,SILLON RECLINABLE PU + REPOSAPIÉS,LEISURE CHAIR,H311118B
01tVT000006K7OTYA0,SILLON RECLINABLE ELECTRICO TRANSFORMER,RECLINER CHAIR,H311113B
01tVT000006K7gDYAS,SILLON RECLINABLE ELECTRICO TRANSFORMER,RECLINER CHAIR,H311114B
01tVT000006K7oHYAS,SILLON RECLINABLE ELECTRICO TRANSFORMER,RECLINER CHAIR,H311115B
01tVT000006K8HJYA0,SILLON RECLINABLE ELECTRICO TRANSFORMER,RECLINER CHAIR,H311116B
01tVT000006K8UDYA0,SILLON RECLINABLE ELECTRICO TRANSFORMER,RECLINER CHAIR,H311117B
01tVT000006K8xGYAS,SILLON RECLINABLE PU + REPOSAPIÉS,LEISURE CHAIR,H311119B
01tVT000006K9A9YAK,SILLON RECLINABLE MANUAL TRANSFORMER,RECLINER CHAIR,H311120B
01tVT000006KLBJYA4,SET COMEDOR CENIZA + 6 SILLAS,DINING SET 1 TABLE + 6 CHAIRS,H210174B
01tVT000006KuPCYA0,MESA DE CONSOLA Y COMEDOR 2 EN 1 MDF EXTENSIBLE,DINING TABLE,H211021B
01tVT000006Kuc5YAC,MESA COMEDOR REDONDA MDF EXTENSIBLE,DINING TABLE,H211017B
01tVT000006Kv6jYAC,MESA MULTIFUNCIONAL MDF 3 EN 1,DINING TABLE,H211018B
01tVT000006KvTJYA0,MESA CAMA 2 EN 1 MULTIFUNCIONAL MDF,DINING TABLE,H211019B
01tVT000006KvoHYAS,MESA ESTANTERIA 2 EN 1 MULTIFUNCIONAL HIERRO,DINING TABLE,H211020B
01tVT000006L0xeYAC,MESA COMEDOR REDONDA PLEGABLE MDF,DINING TABLE,H211022B
01tVT000006L1qTYAS,MESA COMEDOR REDONDA PLEGABLE MDF,DINING TABLE,H211023B
01tVT000006L2RZYA0,MESA COMEDOR REDONDA PLEGABLE MDF,DINING TABLE,H211024B
01tVT000006L2szYAC,BANCO 6 PLAZAS EXTENSIBLE,EXPANDABLE BENCH,H311121B
01tVT000006L3PGYA0,MESA COMEDOR RECTANGULAR EXTENSIBLE Y AJUSTABLE,DINING TABLE,H211027B
01tVT000006L3YvYAK,MESA COMEDOR RECTANGULAR EXTENSIBLE CERAMICA Y VIDRIO,DINING TABLE,H211025B
01tVT000006L3kDYAS,MESA COMEDOR RECTANGULAR EXTENSIBLE MDF,DINING TABLE,H211026B
01tVT000006L4gIYAS,SOFA 2 PLAZAS RECLINABLE ELECTRICA,RECLINER CHAIR,H309186B
01tVT000006L5NpYAK,SOFA CAMA PLEGABLE,FOLDING SOFA BED,H309187B
01tVT000006L5pFYAS,SILLON RECLINABLE MANUAL TRANSFORMER,MANUAL RECLINER CHAIR,H311122B
01tVT000006L5u6YAC,SET SOFA RECLINABLE ESQUINA PU,RECLINER SOFA SET,H309192B
01tVT000006L65NYAS,SOFA 3 PLAZAS RECLINABLE MANUAL,MANUAL 3 SEATER RECLINER SOFA,H309188B
01tVT000006L6dFYAS,SOFA 2 PLAZAS,2 SEATER COMPRESSED SOFA,H309189B
01tVT000006L6yDYAS,SOFA 1 PLAZA,1 SEATER COMPRESSED SOFA,H309190B
01tVT000006L7ZJYA0,SET SOFA RECLINABLE ESQUINA PU,RECLINER SOFA SET,H309191B
01tVT000006L7z7YAC,SET SOFA RECLINABLE ELECTRICA ESQUINA PU,RECLINER SOFA SET,H309193B
01tVT000006LGfpYAG,SET COMEDOR + 4 SILLAS,DINING SET 1 TABLE + 4 CHAIRS,H210175B
01tVT000006LHC5YAO,SET COMEDOR + 6 SILLAS,DINING SET 1 TABLE + 6 CHAIRS,H210176B
01tVT000006LHonYAG,SET COMEDOR + 4 SILLAS,DINING SET 1 TABLE + 4 CHAIRS,H210177B
01tVT000006LIL3YAO,SET COMEDOR+ 6 SILLAS,DINING SET 1 TABLE + 6 CHAIRS,H210178B
01tVT000006LIjFYAW,SET COMEDOR+ 6 SILLAS,DINING SET 1 TABLE + 6 CHAIRS,H210179B
01tVT000006LJ93YAG,SET COMEDOR+ 6 SILLAS,DINING SET 1 TABLE + 6 CHAIRS,H210180B
01tVT000006LJdhYAG,SET COMEDOR+ 4 SILLAS,DINING SET 1 TABLE + 4 CHAIRS,H210181B
01tVT000006LK9xYAG,SET COMEDOR+ 6 SILLAS,DINING SET 1 TABLE + 6 CHAIRS,H210182B
01tVT000006LLlxYAG,MESA DE CENTRO,COFFEE TABLE,H312352B
01tVT000006LMJpYAO,MESA DE CÓCTEL,COCKTAIL TABLE,H312353B
01tVT000006LMdBYAW,MESA DE CÓCTEL,COCKTAIL TABLE,H312354B
01tVT000006LN6DYAW,MESA DE CENTRO,COFFEE TABLE,H312355B
01tVT000006LNUPYA4,MESA DE CENTRO,COFFEE TABLE,H312356B
01tVT000006LNnlYAG,MESA DE CENTRO,COFFEE TABLE,H312357B
01tVT000006Lj9xYAC,MESA COMEDOR RECTANGULAR MDF,DINING TABLE,H211028B
01tVT000006LjMrYAK,MESA COMEDOR ELIPTICA MDF,DINING TABLE,H211029B
01tVT000006LkKYYA0,MESA COMEDOR RECTANGULAR MDF,DINING TABLE,H211034B
01tVT000006LlBlYAK,MESA COMEDOR RECTANGULAR PIEDRA,DINING TABLE,H211030B
01tVT000006LlOfYAK,MESA COMEDOR RECTANGULAR PIEDRA,DINING TABLE,H211031B
01tVT000006LlZxYAK,MESA COMEDOR ELIPTICA PIEDRA,DINING TABLE,H211032B
01tVT000006LllFYAS,MESA COMEDOR REDONDA PIEDRA,DINING TABLE,H211033B
01tVT000006Lm4bYAC,MESA COMEDOR REDONDA MDF,DINING TABLE,H211035B
01tVT000006LmCfYAK,MESA COMEDOR RECTANGULAR MDF,DINING TABLE,H211036B
01tVT000006LmXdYAK,SILLA COMEDOR TERCIOPELO,DINNING CHAIR,H201190B
01tVT000006LmhLYAS,SILLA COMEDOR GIRATORIA TELA,DINNING CHAIR,H201194B
01tVT000006LmhMYAS,END TABLE WITH USB PORT,MESA ESTRECHA CON PUERTO USB,H312360B
01tVT000006LnWvYAK,SILLA COMEDOR LINO,DINNING CHAIR,H201191B
01tVT000006LngbYAC,SILLA COMEDOR TELA,DINING CHAIR,H201192B
01tVT000006Lnv7YAC,SILLA COMEDOR LINO,DINNING CHAIR,H201193B
01tVT000006Lob3YAC,SILLA COMEDOR GIRATORIA TELA,DINNING CHAIR,H201195B
01tVT000006Loj8YAC,SILLA COMEDOR PELO,DINNING CHAIR,H201197B
01tVT000006LonxYAC,SILLA COMEDOR TELA,DINNING CHAIR,H201196B
01tVT000006LpLpYAK,SILLA COMEDOR LINO,DINNING CHAIR,H201198B
01tVT000006LpQfYAK,SILLA COMEDOR LINO,DINNING CHAIR,H201199B
01tVT000006LpaLYAS,SILLA COMEDOR PU,DINNING CHAIR,H201200B
01tVT000006Lpk1YAC,SILLA COMEDOR TELA,DINNING CHAIR,H201201B
01tVT000006LribYAC,MESA DE SOFÁ,SOFA TABLE,H312358B
01tVT000006LrsHYAS,MESA ESTRECHA CON PUERTO USB,NARROW END TABLE WITH USB PORT,H312359B
01tVT000006PRzFYAW,SET MESAS AUXILIARES 2 PIEZAS,COFFEE TABLE SET,H312268T
01tVT000006PS2TYAW,MESA ESCRITORIO,Computer desk,H102113T
01tVT000006V4rtYAC,APARADOR 4 HUECOS + 2 PUERTAS + 3 CAJONES,SIDEBOARD,H312361B
01tVT000006V54nYAC,ESTANTERIA 5 NIVELES CON 2 HUECOS,SHELF,H314175B
01tVT000006V5KvYAK,MESA ESCRITORIO,DESK,H102196B
01tVT000006V5cfYAC,ESTANTERIA 5 NIVELES,SHELF,H314176B
01tVT000006V62TYAS,MESA ESCRITORIO,DESK,H102197B
01tVT000006V709YAC,CENTRO ENTRETENIMIENTO 2 PUERTAS,TV STAND,H316033B
01tVT000006V7D3YAK,APARADOR 4 HUECOS + 2 CAJONES,SIDEBOARD,H312362B
01tVT000006V7TBYA0,APARADOR 2 HUECOS + 2 PUERTAS + 4 CAJONES,SIDEBOARD,H312363B
01tVT000006VBBpYAO,MESA DE SOFÁ,SOFA TABLE,H312364B
01tVT000006VBerYAG,MESA AUXILIAR,END TABLE,H312365B
01tVT000006VBuzYAG,MESA AUXILIAR,CHAIR SIDE TABLE,H312366B
01tVT000006VCnpYAG,APARADOR 1 HUECO + CAJONES,SIDEBOARD,H312367B
01tVT000006VD0jYAG,MESA DE CONSOLA,CONSOLE TABLE,H312368B
01tVT000006VDAPYA4,MESA AUXILIAR,END TABLE,H312369B
01tVT000006VFAbYAO,CENTRO ENTRETENIMIENTO 2 CAJONES,TV STAND,H316034B
01tVT000006VFXBYA4,APARADOR 3 HUECOS,SIDEBOARD,H312370B
01tVT000006VFovYAG,CENTRO ENTRETENIMIENTO 1 NIVEL CON CAJONES,TV STAND,H316035B
01tVT000006VG53YAG,APARADOR 4 CAJONES,SIDEBOARD,H312371B
01tVT000006VGBVYA4,MESA AUXILIAR,END TABLE,H312372B
01tVT000006VGLBYA4,CENTRO ENTRETENIMIENTO 1 HUECO,TV STAND,H316036B
01tVT000006VGg9YAG,MESA AUXILIAR,END TABLE,H312373B
01tVT000006VHPJYA4,PERCHERO ORGANIZADOR INFANTIL 1 NIVEL,COAT HANGER,H105123B
01tVT000006VHifYAG,ESTANTERIA PARA LIBROS CON PUERTAS,BOOKCASE,H105124B
01tVT000006VIbVYAW,MESA ESCRITORIO INFANTIL,DESK,H105125B
01tVT000006VIy5YAG,MESA BURO 1 CAJON INFANTIL,BEDSIDE,H313097B
01tVT000006VJEDYA4,ESTRUCTURA CAMA INFANTIL,BED,H313098B
01tVT000006VJNtYAO,SOMBRILLA JARDIN 8 RIBS,GARDEN UMBRELLA 8 RIBS,G106305A
01tVT000006VL37YAG,ESTANTERIA PARA LIBROS CON RUEDAS,TREE BOOKCASE,H105126B
01tVT000006VL9ZYAW,MESA DE SOFÁ,SOFA TABLE,H312374B
01tVT000006VLO5YAO,ESTANTERIA PARA LIBROS 4 NIVELES,TREE BOOKCASE,H105127B
01tVT000006VLUXYA4,MESA AUXILIAR,END TABLE,H312375B
01tVT000006VLmHYAW,MESA AUXILIAR,CHAIR SIDE TABLE,H312376B
01tVT000006VM0nYAG,JUGUETERO 10 CAJONES DE PLASTICO INFANTIL,TOY ORGANIZER WITH 10 BINS,H105128B
01tVT000006VyZ7YAK,BAÚL JUGUETES INFANTIL,TOYBOX,H105129B
01tVT000006VysTYAS,SET MESA CON JUGUETERO + SILLAS INFANTILES,TABLE $ 2 CHAIRS SET,H105130B
01tVT000006VzGfYAK,TABURETE DE APRENDIZAJE INFANTIL CON 2 PASOS,LEARNING TOWER,H105131B
01tVT000006VzbdYAC,SET MESA + SILLAS CONEJO INFANTIL,TABLE & 2 RABBIT CHAIRS SET,H105132B
01tVT000006Vzq9YAC,SET MESA + SILLAS INFANTIL,TABLE & 2 CHAIRS SET,H105133B
01tVT000006W3QjYAK,BANCO JARDIN ACACIA CON COJINES,BENCH,G110187A
01tVT000006W3tlYAC,SILLON JARDIN ACACIA CON COJIN,ARMCHAIR,G110188A
01tVT000006W4HxYAK,MESA JARDIN RECTANGULAR ACACIA CONVERSACIÓN,TABLE,G109066A
01tVT000006W4ZhYAK,BANCO JARDIN ACACIA CON COJINES,BENCH,G110189A
01tVT000006W4mbYAC,SILLON JARDIN ACACIA CON COJIN,ARMCHAIR,G110190A
01tVT000006W4wHYAS,MESA JARDIN RECTANGULAR ACACIA CONVERSACIÓN,TABLE,G109067A
01tVT000006YkjJYAS,BANCO JARDIN 2 PLAZAS POLIMADERA CON COJINES,2-SEAT SOFA,G110191A
01tVT000006Yl2fYAC,SILLON JARDIN POLIMADERA CON COJIN,SINGLE SOFA,G110192A
01tVT000006YlAjYAK,MESA JARDIN RECTANGULAR POLIMADERA CONVERSACIÓN,TABLE,G109068A
01tVT000006YlNdYAK,MESA AUXILIAR CUADRADA POLIMADERA,SIDE TABLE,G109069A
01tVT000006YlaXYAS,SILLON JARDIN ALUMINIO CON COJIN,ARMCHAIR,G110193A
01tVT000006YllpYAC,SILLON JARDIN ALUMINIO CON COJIN,ARMCHAIR,G110194A
01tVT000006YlttYAC,BANCO JARDIN 2 PLAZAS ALUMINIO CON COJINES,LOVESEAT,G110195A
01tVT000006Ym3ZYAS,BANCO JARDIN 2 PLAZAS ALUMINIO CON COJINES,LOVESEAT,G110196A
01tVT000006YmDFYA0,MESA JARDIN RECTANGULAR POLIMADERA CONVERSACIÓN,COFFEE TABLE,G109070A
01tVT000006YmLJYA0,MESA JARDIN RECTANGULAR TEAK CONVERSACIÓN,COFFEE TABLE,G109071A
01tVT000006Yo0XYAS,SILLA INFANTIL CON ALMOHADÓN,CHILDREN CHAIR WITH CUSHION,H105134B
01tVT000006YoN8YAK,TOBOGAN CHICO,KIDS MULTIPURPOSE SLIDE,P101087W
01tVT000006Yp7tYAC,MESA INFANTIL,CHILDREN DESK,H105135B
01tVT000006YqYcYAK,SET MESA Y SILLA CON COJIN,DESK AND CHAIR SET,H105137B
01tVT000006YqjtYAC,MECEDORA INFANTIL,KIDS ROCKING CHAIR,H105136B
01tVT000006YrhZYAS,SILLA INFANTIL,KIDS CHAIR,H105138B
01tVT000006YtTFYA0,ESTANTERIA PARA LIBROS CON ARMARIO,SHELF FOR BOOKS WITH STORAGE,H105139B
01tVT000006YtmbYAC,LIBRERIA INFANTIL,KIDS BOOKRACK,H105140B
01tVT000006YwR7YAK,TABLA DE EQUILIBRIO,BALANCE BOARD,P101088W
01tVT000006YxNBYA0,TRIANGULO DE ESCALADA CON TABLA,CLIMBING TRIANGLE WITH RAMP,P101089W
01tVT000006YxdJYAS,TRIANGULO DE ESCALADA,CLIMBING TRIANGLE,P101090W
01tVT000006YxztYAC,PIZARRA DOBLE,DRAVING BOARL,P202041W
01tVT000006Yzs1YAC,MECEDORA INFANTIL CON HECES,ROCKING CHAIR WITH STOOL,H309194B
01tVT000006Z14DYAS,CAMBIO DE BEBE CON STORAGE,BABY CHANGING TABLE,H105141B
01tVT000006Z1fJYAS,CUNA MULTIFUNCIONAL,MULTIFUNCTION BABY BEDSIDE,H313099B
01tVT000006Z2rVYAS,SILLA INFANTIL COMEDOR,BABY DINING CHAIR,H201202B
01tVT000006ZWuPYAW,SET MESA + SILLAS INFANTIL,KIDS TABLE AND 2 CHAIRS,H105142B
01tVT000006ZeLiYAK,MESA AUXILIAR RECTANGULAR ALUMINIO,COFFEE TABLE & OTTOMANS,G109072A
01tVT000006ZgSMYA0,SILLA ACERO,STEEL CHAIR,G110197A
01tVT000006ZjZtYAK,SILLA ACERO,STEEL CHAIR,G110198A
01tVT000006ZjmnYAC,SILLA ACERO,STEEL CHAIR,G110199A
01tVT000006Zk69YAC,SILLA DE COMEDOR PARA EXTERIOR,STEEL DINING CHAIR,G110200A
01tVT000006ZkVxYAK,SILLA ACERO,STEEL CHAIR,G110201A
01tVT000006Zl2DYAS,BANCO RECTANGULAR ACERO,STEEL BENCH,G110202A
01tVT000006ZlGjYAK,MESA RECTANGULAR ACERO,STEEL COFFE TABLE,G109073A
01tVT000006ZldJYAS,MESA RECTANGULAR ACERO,STEEL COFFEE TABLE,G109074A
01tVT000006ZmazYAC,MESA AUXILIAR REDONDA,COFFE TABLE,G109075A
01tVT000006ZnATYA0,SET BISTRO ACERO 3 PIEZAS (MESA +2 SILLAS),STEEL BISTRO SET 3 PIECES (TABLE+2 CHAIRS),G108508A
01tVT000006aH3hYAE,MESA AUXILIAR REDONDA METALICA,SIDE TABLE,G109076A
01tVT000006aINxYAM,MESA AUXILIAR REDONDA METALICA,SIDE TABLE,G109077A
01tVT000006aIcTYAU,MESA JARDIN RECTANGULAR POLIMADERA,TABLE,G109078A
01tVT000006aIqzYAE,SILLA COMEDOR CUERDA ALUMINIO CON COJIN,CHAIR,G110203A
01tVT000006aJv7YAE,SALA DE PATIO EUCALIPTO 4 PIEZAS CON COJINES,CHIND WIN 04PC TIMBER CONVERSATION SETTING,G108509A
01tVT000006aM3NYAU,SALA DE PATIO EUCALIPTO 4 PIEZAS CON COJINES,OHIO 04PC CURVED CONVERSATION SETTING,G108510A
01tVT000006aM6cYAE,SET COMEDOR EUCALIPTO 5 PIEZAS,FANTAS  5PC WICKER ROUND SETTING,G108513A
01tVT000006aO5BYAU,SALA DE PATIO EUCALIPTO 4 PIEZAS CON COJINES,OHIO 4PC ROPE CONVERSATION SETTING,G108511A
01tVT000006aOMvYAM,SALA DE PATIO EUCALIPTO 4 PIEZAS CON COJINES,FANTAS 04PC WICKER CONVERSATOIN SET  (1pc x table + 2pc x chair +  + 1pc x bench),G108512A
01tVT000006aOy1YAE,BANCO JARDIN EUCALIPTO CON COJINES,BENCH,G110204A
01tVT000006aPFlYAM,BANCO JARDIN EUCALIPTO CON COJINES,BENCH,G110205B
01tVT000006aPMEYA2,SILLON JARDIN EUCALIPTO CON COJIN,ARMCHAIR,G110208A
01tVT000006aPVtYAM,BANCO JARDIN EUCALIPTO CON COJINES,BENCH,G110206A
01tVT000006aPfZYAU,BANCO JARDIN EUCALIPTO CON COJINES,BENCH,G110207A
01tVT000006aQIHYA2,SILLON JARDIN EUCALIPTO CON COJIN,ARMCHAIR,G110209A
01tVT000006aQRxYAM,SILLON JARDIN EUCALIPTO CON COJIN,ARMCHAIR,G110210A
01tVT000006aQdFYAU,SILLON JARDIN EUCALIPTO CON COJIN,ARMCHAIR,G110211A
01tVT000006aQq9YAE,MESA JARDIN RECTANGULAR EUCALIPTO CONVERSACIÓN,TABLE,G109079A
01tVT000006aR4fYAE,MESA JARDIN RECTANGULAR EUCALIPTO CONVERSACIÓN,TABLE,G109080A
01tVT000006aRXhYAM,MESA JARDIN RECTANGULAR EUCALIPTO CONVERSACIÓN,TABLE,G109081A
01tVT000006aRizYAE,MESA COMEDOR REDONDA EUCALIPTO,TABLE,G109082A
01tVT000006aRuHYAU,SILLA COMEDOR EUCALIPTO,CHAIR,G110212A
01tVT000006aTGAYA2,HIDROLIMPIADORA,PRESSURE WASHER,G401120A
01tVT000006aV8HYAU,HIDROLIMPIADORA,PRESSURE WASHER,G401118A
01tVT000006aVY5YAM,HIDROLIMPIADORA,PRESSURE WASHER,G401119A
01tVT000006b2KLYAY,MESA AUXILIAR ACERO,STEEL COFFEE TABLE,G109083A
01tVT000006b2KMYAY,MESA AUXILIAR REDONDA,COFFEE TABLE,G109084A
01tVT000006b2yfYAA,MESA AUXILIAR RECTANGULAR ACERO,STEEL COFFEE TABLE,G109085A
01tVT000006bCBdYAM,SET BISTRO ACERO 3 PIEZAS,3 PIECES STEEL BISTRO SET,G108514A
01tVT000006dHrxYAE,CALENTADOR SOBREMESA OSCILANTE 1500W CERAMICA CON LED Y CONTROL REMOTO,DIGITAL CERAMIC FAN HEATER,B302166V
01tVT000006dHtZYAU,CALENTADOR CON RUEDAS PANEL 6CM 1500W,HEATER 1500W,B302155V
01tVT000006djOPYAY,SILLON MECEDORA,ROCKING CHAIR,G110213A
01tVT000006djmbYAA,SET COMEDOR + 4 SILLAS,DINING SET + 4 CHAIRS,H210183B
01tVT000006doeDYAQ,"ASADOR CARBON CUADRADO PLEGABLE 21.5""","SQUARE CHACOAL GRILL FOLDABLE LEG 21.5""",G301229A
01tVT000006douLYAQ,ASADOR CARBON,CHARCOAL GRILL,G301230A
01tVT000006iEobYAE,SET COMEDOR + 2 BANCO,DINING SET 3 PIECES,H210184B
01tVT000006iGqPYAU,SET COMEDOR MDF + 2 BANCO,MDF DINING SET 3 PIECES,H210185B
01tVT000006iHHqYAM,SET COMEDOR MDF + 4 SILLAS,MDF DINING SET 5 PIECES,H210191B
01tVT000006iHL3YAM,SET COMEDOR MDF + 4 SILLAS,MDF DINING SET 5 PIECES,H210186B
01tVT000006iHcnYAE,SET COMEDOR MDF + 4 SILLAS,MDF DINING SET 5 PIECES,H210187B
01tVT000006iI5pYAE,SET COMEDOR MDF + 4 SILLAS,MDF DINING SET 5 PIECES,H210188B
01tVT000006iIIjYAM,SET COMEDOR MDF + 2 SILLAS,MDF DINING SET 3 PIECES,H210189B
01tVT000006iIVdYAM,SET COMEDOR MDF + 4 SILLAS,MDF DINING SET 5 PIECES,H210190B
01tVT000006iJ9xYAE,SET COMEDOR MDF + 4 SILLAS,MDF DINING SET 5 PIECES,H210192B
01tVT000006iJhpYAE,SET COMEDOR MDF + 4 SILLAS,MDF DINING SET 5 PIECES,H210193B
01tVT000006iJujYAE,SET COMEDOR MDF + 2 SILLAS + BANCO,MDF DINING SET 4 PIECES,H210194B
01tVT000006jq2DYAQ,SILLA PLEGABLE PP,INJECTION FOLDING CHAIR,G101127A
01tVT000006jqevYAA,MESA RESINA PLEGABLE ? 3.5 cm,6FT FOLDING HDPE TABLE,G101128A
01tVT000006lG98YAE,MESA COMEDOR RECTANGULAR,TABLE,H211037B
01tVT000006lGgzYAE,SILLA COMEDOR ACACIA Y WICKER,DINNING CHAIR,H201203B
01tVT000006lH8PYAU,BANCO BAR ACACIA Y WICKER,BAR CHAIR,H206125B
01tVT000006oBsrYAE,SILLA PLEGABLE PP,FOLDING HDPE CHAIR,G101129A
01tVT000006oFrdYAE,SILLON TELA,ACCENT CHAIR,H311123B
01tVT000006oPUPYA2,"ASADOR CARBON CUADRADO PLEGABLE 18.5""","FOLDING SQUARE CHARCOAL GRILL 18.5""",G301231A
01tVT000006opNFYAY,SILLON TELA,ACCENT CHAIR,H311124B
01tVT000006oqO9YAI,SILLON TELA,ACCENT CHAIR,H311125B
01tVT000006oqZRYAY,SILLON TELA,ACCENT CHAIR,H311126B
01tVT000006oqkjYAA,SILLON TELA,ACCENT CHAIR,H311127B
01tVT000006oquPYAQ,SILLON TELA,ACCENT CHAIR,H311128B
01tVT000006or7JYAQ,SILLON TELA,ACCENT CHAIR,H311129B
01tVT000006orSHYAY,SOFA 2 PLAZAS,SOFA,H309195B
01tVT000006oriPYAQ,SOFA 3 PLAZAS,SOFA,H309196B
01tVT000006ouGTYAY,SOFA 2 PLAZAS,SOFA,H309197B
01tVT000006ovHOYAY,SOFA 3 PLAZAS,SOFA,H309202B
01tVT000006ovm1YAA,SOFA 3 PLAZAS,SOFA,H309198B
01tVT000006ow29YAA,SOFA 2 PLAZAS,SOFA,H309199B
01tVT000006owF3YAI,SOFA 3 PLAZAS,SOFA,H309200B
01tVT000006owerYAA,SOFA 2 PLAZAS,SOFA,H309201B
01tVT000006ox7tYAA,SOFA 2 PLAZAS,SOFA,H309203B
01tVT000006oxHZYAY,SOFA 3 PLAZAS,SOFA,H309204B
01tVT000006oxmDYAQ,SOFA 2 PLAZAS,SOFA,H309205B
01tVT000006oy7BYAQ,SOFA 3 PLAZAS,SOFA,H309206B
01tVT000006oyITYAY,SOFA 2 PLAZAS,SOFA,H309207B
01tVT000006p08zYAA,SOFA 3 PLAZAS,SOFA,H309208B
01tVT000006p0aPYAQ,MESA ESCRITORIO GAMING,GAMING DESK,H102198B
01tVT000006p0lhYAA,MESA ESCRITORIO GAMING,GAMING DESK,H102199B
01tVT000006qI0bYAE,"ASADOR CARBON CUADRADO PLEGABLE 22""","FOLDING SQUARE CHARCOAL GRILL 22""",G301232A
01tVT000006qKbtYAE,GAZEBO CUADRADO CON BARRAS BAR Y SILLAS,GAZEBO WITH BAR AND 2 CHAIRS,G106306A
01tVT000006qLT7YAM,"ASADOR CARBON CUADRADO PLEGABLE 22""","FOLDING SQUARE CHARCOAL GRILL 22""",G301233A
01tVT000006qLmTYAU,"ASADOR CARBON CUADRADO PLEGABLE 18.5""","FOLDING SQUARE CHARCOAL GRILL 18.5""",G301234A
01tVT000006sOwLYAU,SET SOFAS 1+2+3 PLAZAS,SOFA,H309209B
01tVT000006sU5hYAE,SET SOFAS 1+2+3 PLAZAS,SOFA,H309210B
01tVT000006sUYjYAM,SET SOFAS 1+2+3 PLAZAS,SOFA,H309211B
01tVT000006sUvJYAU,SET SOFAS 1+2+3 PLAZAS,SOFA,H309212B
01tVT000006sV8DYAU,SET SOFAS 1+2+3 PLAZAS,SOFA,H309213B
01tVT000006sVMjYAM,SET SOFAS 1+2+3 PLAZAS,SOFA,H309214B
01tVT000006sVUnYAM,SET SOFAS 1+2+3 PLAZAS,SOFA,H309215B
01tVT0000077TR3YAM,SILLA PLEGABLE PP,INJECTION FOLDING CHAIR,G101103E
01tVT0000079xHlYAI,SILLON LUNA PLEGABLE TERCIOPELO,SAUCER CHAIR,G110214A
01tVT0000079xb7YAA,SILLON LUNA PLEGABLE TERCIOPELO,SAUCER CHAIR,G110215A
01tVT0000079xpdYAA,SILLON LUNA PLEGABLE TERCIOPELO,SAUCER CHAIR,G110216A
01tVT000007BdEvYAK,ESTANTERIA MULTIFUNCIONAL INFANTIL,ORGANIZER,H105143B
01tVT000007BdRpYAK,LIBRERIA INFANTIL,BOOKSHELF,H105144B
01tVT000007BdhxYAC,LIBRERIA INFANTIL,BOOKSHELF,H105145B
01tVT000007BdwTYAS,LIBRERIA INFANTIL,BOOKSELF,H105146B
01tVT000007FrMXYA0,"VENTILADOR DE TORRE TURBO DE 33""","TURBO TOWER FAN 33""",B301161C
01tVT000007FrxdYAC,"(INACTIVO) VENTILADOR TORRE 33"" 90W 4 VELOCIDADES OSCILANTE",TURBO TOWER FAN,B301162C
01tVT000007LU5VYAW,SILLA ORDENADOR PU,PU CHAIR,H101171B
01tVT000007LUK1YAO,SILLA ORDENADOR PVC,OFFICE CHAIR,H101172B
01tVT000007LUQTYA4,SILLA ORDENADOR PVC,OFFICE CHAIR,H101173B
01tVT000007LUa9YAG,SILLA ORDENADOR PU + PVC,OFFICE CHAIR,H101174B
01tVT000007LUjpYAG,SILLA ORDENADOR PU + PVC,OFFICE CHAIR,H101175B
01tVT000007LZtBYAW,SOFA 2 PLAZAS,SOFA,H309216B
01tVT000007La4TYAS,SOFA 2 PLAZAS,SOFA,H309217B
01tVT000007NKq1YAG,SOMBRILLA PLAYA,BEACH UMBRELLA,G502058A
01tVT000007Ny5uYAC,SILLON RECLINABLE,PUSHBACK RECLINER CHAIR,H311131B
01tVT000007Nz5DYAS,CALENTADOR PATIO TORRE DE GAS CON LED,STAND PATIO HEATER WITH LED LIGHT TABLE,B302177C
01tVT000007Nz8QYAS,CALENTADOR PATIO TORRE DE GAS,STAND PATIO HEATER,B302175C
01tVT000007O0u5YAC,CALENTADOR PATIO TORRE DE GAS,STAND PATIO HEATER,B302176C
01tVT000007O13lYAC,SILLON RECLINABLE,PUSHBACK RECLINER CHAIR,H311130B
01tVT000007O1GgYAK,CALENTADOR PATIO TORRE DE GAS CON LED,STAND PATIO HEATER WITH LED LIGHT TABLE,B302178C
01tVT000007O1beYAC,SILLON RECLINABLE,PUSHBACK RECLINER CHAIR,H311132B
01tVT000007O1erYAC,CALENTADOR PATIO TORRE DE GAS CON MESA,STAND PATIO HEATER,B302179C
01tVT000007O1q9YAC,CALENTADOR PATIO TORRE DE GAS CON MESA,STAND PATIO HEATER,B302180C
01tVT000007O2izYAC,SILLON RECLINABLE MANUAL,MANUAL RECLINER CHAIR,H311133B
01tVT000007O2r3YAC,SILLON RECLINABLE MANUAL,MANUAL RECLINER CHAIR,H311134B
01tVT000007O2z7YAC,SILLON RECLINABLE MANUAL,MANUAL RECLINER CHAIR,H311135B
01tVT000007O37BYAS,SILLON RECLINABLE MANUAL,MANUAL RECLINER CHAIR,H311136B
01tVT000007OrGrYAK,SILLA DOBLE PLAYA CON TOLDO,BEACH CHAIR,G501124A
01tVT000007OrTlYAK,SILLA DOBLE PLAYA CON TOLDO,BEACH CHAIR,G501125A
01tVT000007OryQYAS,SET COMEDOR 6 PIEZAS CON SOMBRILLA,DINING SET 6 PIECES,G108515A
01tVT000007OuOPYA0,SET COMEDOR 6 PIEZAS CON SOMBRILLA,DINING SET 6 PIECES,G108516A
01tVT000007OubJYAS,SET COMEDOR 6 PIEZAS CON SOMBRILLA,DINING SET 6 PIECES,G108517A
01tVT000007Ri8zYAC,SOFA CAMA,SOFA BED,H309218B
01tVT000007Ric1YAC,SOFA CAMA CHESLONG TRANSFORMER,SOFA BED WITH PULL OUT BED,H309219B
01tVT000007Ric2YAC,SILLON CAMA FUTÓN,COMPRESSED SOFA,H311138B
01tVT000007RrCHYA0,SILLON CAMA FUTÓN,COMPRESSED SOFA,H311137B
01tVT000007Rs9xYAC,SILLON CAMA FUTÓN,COMPRESSED SOFA,H311139B
01tVT000007SVHlYAO,SILLON CAMA FUTÓN,COMPRESSED SOFA,H311140B
01tVT000007SVRRYA4,OTTOMAN,FOOT PEDA,H311141B
01tVT000007SVckYAG,SILLON CAMA FUTÓN,SINGLE SEAT WITHOUT ARMREST,H311145B
01tVT000007SVrFYAW,SILLON CAMA FUTÓN,COMPRESSED SOFA,H311142B
01tVT000007SWAbYAO,SILLON CAMA FUTÓN CON APOYABRAZOS,COMPRESSED SOFA,H311143B
01tVT000007SWNVYA4,SOFÁ INDIVIDUAL COMPRIMIDO,COMPRESSED SINGLE-SEAT SOFA,H311144B
01tVT000007SWybYAG,SOFA CAMA PLEGABLE,FOLDED SOFA,H309220B
01tVT000007SaqwYAC,DESHUMIDIFICADOR 700ML 120V 23W,MINI DEHUMIDIFIER 700ML 120V 23W,B301163C
01tVT000007SbS2YAK,PURIFICADOR DE AIRE 40M2 120V 62W,AIR PURIFIER 40M2 120V 62W,B301173C
01tVT000007SfozYAC,SILLON CAMA FUTÓN,FUTON,H311146B
01tVT000007SfqbYAC,DESHUMIDIFICADOR 1000ML 120V 40W,MINI DEHUMIDIFIER 1000ML 40W,B301164C
01tVT000007SgDBYA0,SILLON CAMA FUTÓN CON APOYABRAZOS,SINGLE ARMREST SINGLE SEAT,H311147B
01tVT000007SgMrYAK,DESHUMIDIFICADOR 2000ML 120V 60W,SMALL DEHUMIDIFIER 2000ML 120V 60W,B301165C
01tVT000007SgxxYAC,DESHUMIDIFICADOR 2200ML 120V 65W,SMALL DEHUMIDIFIER 2200ML 120V 65W,B301166C
01tVT000007ShM9YAK,DESHUMIDIFICADOR 2400ML 120V 300W,DEHUMIDIFIER 2400ML 120V 300W,B301167C
01tVT000007Si0TYAS,DESHUMIDIFICADOR 2000ML 120V 115W,DEHUMIDIFIER 2000ML 120V 115W,B301168C
01tVT000007SiLRYA0,HUMIDIFICADOR 5L 120V 25W,HUMIDIFIER 5L 120V 25W,B301169C
01tVT000007SiYMYA0,PURIFICADOR DE AIRE 20M2 120V 34W,AIR PURIFIER 20M2 120V 34W,B301172C
01tVT000007SibZYAS,HUMIDIFICADOR 8L 120V 300W,HUMIDIFIER 8L 120V 300W,B301170C
01tVT000007SitJYAS,PURIFICADOR DE AIRE 120V 5W,AIR PURIFIER 120V 5W,B301171C
01tVT000007SitKYAS,PURIFICADOR DE AIRE CON VENTILADOR 30M2 120V 40W,AIR PURIFIER WITH 8 INCHES CIRCULATING FAN 30M2 120V 40W,B301174C
01tVT000007TKYoYAO,OTTOMAN,FOOT PEDA,H311149B
01tVT000007TLkzYAG,SILLON CAMA FUTÓN,SINGLE SEAT WITHOUT ARMREST,H311148B
01tVT000007TMIrYAO,OTTOMAN,FOOT PEDA,H311150B
01tVT000007TMQvYAO,SILLON CAMA FUTÓN,COMPRESSED SOFA,H311151B
01tVT000007TTqbYAG,"VENTILADOR SOBREMESA Y ABRAZADERA 6"" 15W","TABLE AND CLAMP FAN 6"" 15W",B301175C
01tVT000007TXB3YAO,VENTILADOR DE TORRE + HUMIDIFICADOR + ENFRIADOR DE AIRE 3 EN 1 70W,"TOWER FAN, HUMIDIFIER Y AIR COOLOER 3 IN 1 70W",B301176C
01tVT000007TXPZYA4,ENFRIADOR DE AIRE EVAPORATIVO 60W,EVAPORATIVE AIR COOLER 60W,B301177C
01tVT000007TY2HYAW,VENTILADOR CON PURIFICADOR DE AIRE 40W/1300W,COOL AND HOT BLADELESS FAN WITH AIR,B301178C
01tVT000007TYK1YAO,VENTILADOR EVAPORATIVOS DE TORRE 80W,EVAPORATIVE TOWER FAN,B301179C
01tVT000007WSA1YAO,HUMIDIFICADOR 6 LT 110W,HUMIDIFIER,B301180C
01tVT000007Y0zGYAS,SET DE 5 PIEZAS CON BOLSA TERMICA,COOLER BAG TOOLS SET 5 PIECES,G302054A
01tVT000007Y4d3YAC,SET DE 6 PIEZAS CON BOLSA TERMICA,COOLER BAG TOOLS SET 6 PIECES,G302055A
01tVT000007cl9yYAA,MESA RESINA PLEGABLE IMITACION RATAN,6FT FOLDING TABLE RATTAN DESIGN,G101032S
01tVT000007clUvYAI,MESA RESINA RECTANGULAR IMITACION RATAN PLEGABLE,4FT FOLDING TABLE,G101082S
01tVT000007dSMzYAM,SILLA PLEGABLE PP,FOLDING HDPE CHAIR,G101129S
01tVT000007dTe1YAE,MESA RESINA PLEGABLE ? 3.5 cm,6FT FOLDING HDPE TABLE,G101128S
01tVT000007eQJ8YAM,HUMIDIFICADOR 9000ML 25W,HUMIDIFIER,B301202C
01tVT000007eV2fYAE,DESHUMIDIFICADOR 500ML 22W,DEHUMIDIFIER,B301181C
01tVT000007eVFZYA2,VENTILADOR DE MANO 2000MAH,HANDHELD FAN 2000MAH,B301182C
01tVT000007eVKPYA2,DESHUMIDIFICADOR 500ML 22W,DEHUMIDIFIER,B301183C
01tVT000007eVVhYAM,DESHUMIDIFICADOR 500ML 22W,DEHUMIDIFIER,B301184C
01tVT000007eVXJYA2,VENTILADOR DE MANO CON BASE,HAND FAN WITH BASE,B301185C
01tVT000007eVdlYAE,VENTILADOR CON CLIP DE 1200 MAH,CLIP-ON FAN 1200MAH,B301186C
01tVT000007eVfNYAU,DESHUMIDIFICADOR 1200ML 25W,DEHUMIDIFIER,B301187C
01tVT000007eVsHYAU,VENTILADOR DE MANO CON BASE,HAND FAN WITH BASE,B301188C
01tVT000007eVx7YAE,VENTILADOR DE MANO PLEGABLE,FOLDING HAND FAN,B301189C
01tVT000007eW6nYAE,VENTILADOR DE MANO,HAND FAN,B301190C
01tVT000007eWGUYA2,DESHUMIDIFICADOR 2000ML 60W,DEHUMIDIFIER,B301191C
01tVT000007eWJhYAM,VENTILADOR DE MANO,HAND FAN,B301192C
01tVT000007eWWbYAM,VENTILADOR DE MANO,HAND FAN,B301193C
01tVT000007eWbRYAU,DESHUMIDIFICADOR 2500ML CON LED,DEHUMIDIFIER,B301194C
01tVT000007eWmjYAE,VENTILADOR DE MANO,HAND FAN,B301195C
01tVT000007eWtBYAU,HUMIDIFICADOR 2300ML 25W,HUMIDIFIER,B301196C
01tVT000007eXAvYAM,HUMIDIFICADOR CON LED 4000ML 26W,HUMIDIFIER,B301197C
01tVT000007eXE9YAM,VENTILADOR DE MANO CON BASE,HAND FAN WITH BASE,B301198C
01tVT000007eXR3YAM,VENTILADOR CON CLIP,CLIP-ON FAN,B301199C
01tVT000007eXhBYAU,HUMIDIFICADOR EVAPORATORIO 4500ML 127V,EVAPORATIVE HUMIDIFIER,B301200C
01tVT000007eXyvYAE,HUMIDIFICADOR 6000ML 127V,HUMIDIFIER,B301201C
01tVT000007fbkMYAQ,VENTILADOR SOBREMESA 10'40W 127V 3 VELOCIDADES,BOX FAN 10'40W 127V 3 SPEED,B301203C
01tVT000007fd9RYAQ,VENTILADOR SOBREMESA 12'40W 127V 3 VELOCIDADES,BOX FAN 12'40W 127V3 SPEED,B301204C
01tVT000007fdhJYAQ,"VENTILADOR PARED 16"", CONTROL MANUAL","WALL FAN 16"", MANUAL CONTROL",B301205C
01tVT000007fe5VYAQ,"VENTILADOR PARED 16"", CONTROL REMOTO","WALL FAN 16"", REMOTE CONTROL",B301206C
01tVT000007fhJVYAY,ASADOR CARBON RECTANGULAR CON RED Y RUEDAS -CAJA CHINA,CHARCOAL GRILL,G301235A
01tVT000007gTmLYAU,VENTILADOR DE MANO RECARGABLE TRANSPARENTE,PORTABLE FAN,B301207C
01tVT000007gU45YAE,VENTILADOR DE MANO RECARGABLE TRANSPARENTE,PORTABLE FAN,B301208C
01tVT000007gUFNYA2,VENTILADOR DE MANO RECARGABLE TRANSPARENTE,PORTABLE FAN,B301209C
01tVT000007gUYjYAM,VENTILADOR PORTATIL RECARGABLE,PORTABLE FAN,B301210C
01tVT000007gUaMYAU,VENTILADOR CUELLO PORTATIL RECARGABLE CON BASE,NECK PORTABLE FAN,B301225C
01tVT000007gVrOYAU,VENTILADOR PORTATIL RECARGABLE,PORTABLE FAN,B301220C
01tVT000007gW13YAE,VENTILADOR PORTATIL RECARGABLE,PORTABLE FAN,B301211C
01tVT000007gXunYAE,VENTILADOR PORTATIL RECARGABLE,PORTABLE FAN,B301212C
01tVT000007gYIzYAM,VENTILADOR PORTATIL RECARGABLE,PORTABLE FAN,B301213C
01tVT000007gYXVYA2,VENTILADOR DE BOLSILLO,POCKET FAN,B301214C
01tVT000007gYm1YAE,VENTILADOR DE BOLSILLO,POCKET FAN,B301215C
01tVT000007gYyvYAE,VENTILADOR DE BOLSILLO,POCKET FAN,B301216C
01tVT000007gZ2AYAU,VENTILADOR DE BOLSILLO,POCKET FAN,B301217C
01tVT000007gZerYAE,VENTILADOR PORTATIL RECARGABLE,PORTABLE FAN,B301218C
01tVT000007gZrlYAE,VENTILADOR PORTATIL RECARGABLE,PORTABLE FAN,B301219C
01tVT000007gZtOYAU,VENTILADOR PORTATIL RECARGABLE,PORTABLE FAN,B301222C
01tVT000007gaUTYAY,VENTILADOR PORTATIL RECARGABLE,PORTABLE FAN,B301221C
01tVT000007gb7BYAQ,VENTILADOR CUELLO PORTATIL RECARGABLE,NECK PORTABLE FAN,B301223C
01tVT000007gbFFYAY,VENTILADOR CUELLO PORTATIL RECARGABLE,NECK PORTABLE FAN,B301224C
01tVT000007gbtZYAQ,VENTILADOR CUELLO PORTATIL RECARGABLE,NECK PORTABLE FAN,B301226C
01tVT000007hbzZYAQ,VENTILADOR TECHO CON LUZ LED 127V 31W,CEILING FAN WITH LIGHT,B301227C
01tVT000007hcnZYAQ,"CEILING FAN 42"", TIMER FUNCTION","CEILING FAN 42"", TIMER FUNCTION",B301228C
01tVT000007hcsPYAQ,"VENTILADOR DE TECHO DE 30"", 6 VELOCIDADES","CEILING FAN 30"", 6 SPEEDS",B301229C
01tVT000007hd0TYAQ,"VENTILADOR DE TECHO DE 30"", 6 VELOCIDADES","CEILING FAN 30"", 6 SPEEDS",B301230C
01tVT000007hd5JYAQ,VENTILADOR TECHO CON LUZ LED Y CONTROL REMOTO 127V 33W,CEILING FAN WITH LIGHT,B301231C
01tVT000007hd5KYAQ,VENTILADOR TECHO CON LUZ LED 127V 35W,CEILING FAN WITH LIGHT,B301238C
01tVT000007hdLRYAY,"VENTILADOR DE TECHO DE 42"", FUNCIÓN DE TEMPORIZADOR","CEILING FAN 42"", TIMER FUNCTION",B301232C
01tVT000007hdbZYAQ,VENTILADOR TECHO CON LUZ LED 127V 33W,CEILING FAN WITH LIGHT,B301233C
01tVT000007hdlFYAQ,"VENTILADOR DE TECHO DE 42"", FUNCIÓN DE TEMPORIZADOR","CEILING FAN 42"", TIMER FUNCTION",B301234C
01tVT000007hdwXYAQ,"VENTILADOR DE TECHO DE 54"", FUNCIÓN DE TEMPORIZADOR","CEILING FAN 54"", TIMER FUNCTION",B301235C
01tVT000007hdy9YAA,VENTILADOR TECHO CON LUZ LED 127V 35W,CEILING FAN WITH LIGHT,B301236C
01tVT000007heFtYAI,VENTILADOR TECHO CON LUZ LED Y CONTROL REMOTO 127V 35W,CEILING FAN WITH LIGHT,B301237C
01tVT000007heRBYAY,"VENTILADOR DE TECHO DE 52"", FUNCIÓN DE TEMPORIZADOR","CEILING FAN 52"", TIMER FUNCTION",B301239C
01tVT000007hi9qYAA,"VENTILADOR DE CIRCULACIÓN, CONTROL REMOTO","CIRCULATION FAN, REMOTE CONTROL",B301243C
01tVT000007hlUIYAY,VENTILADOR SIN ASPAS 80W 127V 3 VELOCIDADES,BLADELESS FAN 80W 127V,B301244C
01tVT000007hoITYAY,"VENTILADOR PORTÁTIL DE 5,5 PULGADAS, CABEZAL AJUSTABLE","PORTABLE FAN 5.5"", ADJUSTABLE HEAD",B301240C
01tVT000007hoYbYAI,VENTILADOR SOBREMESA 8' 30W 127V 3 VELOCIDADES,TABLE FAN,B301241C
01tVT000007hotZYAQ,VENTILADOR SOBREMESA CON CLIP 2 IN 1 8' 9V,TABLE FAN AND CLAMP FAN 2 IN 1,B301242C
01tVT000007hpRRYAY,VENTILADOR SIN CUCULLAS CON PURIFICADOR DE AIRE 35W 127V 3 VELOCIDADES,BLADELESS FAN 35W 127V,B301245C
01tVT000007jkVhYAI,ASADOR CARBON CERAMICO REDONDO CON MESAS LATERALES,Classic Series 21 inch,G301088M
01tVT000007mrIwYAI,SET BISTRO WICKER 3 PIEZAS CON COJINES,WICKER SET WITH CUSHION 3 PIECES,G108518A
01tVT000007n8RpYAI,SET BISTRO WICKER 3 PIEZAS CON COJINES,WICKER SET WITH CUSHION 3 PIECES,G108519A
01tVT000007n8ejYAA,SET BISTRO WICKER 3 PIEZAS CON COJINES,WICKER SET WITH CUSHION 3 PIECES,G108520A
01tVT000007n9CbYAI,SET BISTRO WICKER 3 PIEZAS CON COJINES,WICKER SET WITH CUSHION 3 PIECES,G108521A
01tVT000007n9e1YAA,SET BISTRO WICKER 5 PIEZAS CON COJINES,WICKER SET WITH CUSHION 5 PIECES,G108522A
01tVT000007nwy5YAA,SET BISTRO ACERO MECEDORA 3 PIEZAS CON COJINES,STEEL ROCKING SET 3 PIECES,G108523A
01tVT000007nxAzYAI,SET BISTRO ALUMINIO 3 PIEZAS CON COJINES,STEEL BISTRO SET 3 PIECES (TABLE+2 CHAIRS),G108524A
01tVT000007nxm7YAA,SET BISTRO WICKER 5 PIEZAS CON COJINES,WICKER SET WITH CUSHION 5 PIECES,G108525A
01tVT000007nzcbYAA,SALA DE PATIO WICKER 4 PIEZAS CON COJINES,PE RATTAN SOFA SET 4 PIECES,G108526A
01tVT000007nzntYAA,SALA DE PATIO ACERO 4 PIEZAS,STEEL SOFA SET 4 PIECES,G108527A
01tVT000007o0C5YAI,SALA DE PATIO ACERO 4 PIEZAS,STEEL SOFA SET 4 PIECES,G108528A
01tVT000007o0NNYAY,SALA DE PATIO ACERO 4 PIEZAS,4PCS SOFA SET,G108529A
01tVT000007o4kLYAQ,SALA DE PATIO WICKER 4 PIEZAS CON COJINES,WICKER SOFA SET WITH CUSHION 4 PIECES,G108530A
01tVT000007ocqtYAA,SALA DE PATIO WICKER 4 PIEZAS CON COJINES,WICKER SOFA SET WITH CUSHION 4 PIECES,G108535A
01tVT000007oe4fYAA,SALA DE PATIO WICKER 4 PIEZAS CON COJINES,WICKER SOFA SET WITH CUSHION 4 PIECES,G108531A
01tVT000007oeW5YAI,SALA DE PATIO RATAN 4 PIEZAS CON COJINES,PATIO SET WITH CUSHION 4 PIECES,G108532A
01tVT000007of3xYAA,SALA DE PATIO WICKER 4 PIEZAS CON COJINES,WICKER SOFA SET WITH CUSHION 4 PIECES,G108533A
01tVT000007ofNJYAY,SALA DE PATIO WICKER 4 PIEZAS CON COJINES,WICKER SOFA SET WITH CUSHION 4 PIECES,G108534A
01tVT000007ogPpYAI,SALA DE PATIO ACERO 4 PIEZAS,STEEL SOFA SET 4 PIECES,G108536A
01tVT000007ojM5YAI,SALA DE PATIO ESQUINA CON COJINES,SOFA SET WITH CUSHION 6 PIECES,G108537A
01tVT000007ojSYYAY,SET COMEDOR RATTAN 7 PIEZAS CON COJINES,DINING SET WITH CUSHION 7 PIECES,G108540A
01tVT000007ojxBYAQ,JUEGO DE COMEDOR PARA EXTERIOR DE RATÁN PE DE 5 PIEZAS,PE RATTAN DINING SET 5 PIECES,G108538A
01tVT000007okJlYAI,JUEGO DE COMEDOR PARA EXTERIOR DE RATÁN PE DE 5 PIEZAS,PE RATTAN DINING SET 5 PIECES,G108539A
01tVT000007okurYAA,SALA DE PATIO ACERO 4 PIEZAS,PADDED 4PCS SOFA SET,G108541A
01tVT000007olXZYAY,SET COMEDOR 5 PIEZAS AHORRAESPACIO RATTAN CON COJINES,DINING SET WITH CUSHION 5 PIECES,G108542A
01tVT000007olapYAA,SALA DE PATIO ACERO 5 PIEZAS CON COJINES,STEEL SOFA SET 5 PIECES,G108546A
01tVT000007opmTYAQ,SALA DE PATIO ACERO 4 PIEZAS CON COJINES,STEEL SOFA SET 4 PIECES,G108543A
01tVT000007oq93YAA,SALA DE PATIO ACERO 4 PIEZAS CON COJINES,STEEL SOFA SET 4 PIECES,G108544A
01tVT000007or57YAA,SALA DE PATIO ACERO 5 PIEZAS CON COJINES,5PCS SOFA SET,G108545A
01tVT000007orYAYAY,SALA DE PATIO ACERO 4 PIEZAS CON COJINES,STEEL SOFA SET 4 PIECES,G108548A
01tVT000007oroHYAQ,SET COMEDOR WICKER 11 PIEZAS CON COJINES,DINING SET WITH CUSHION 11 PIECES,G108547A
01tVT000007ort8YAA,SALA DE PATIO ACERO 4 PIEZAS CON COJINES,STEEL SOFA SET 4 PIECES,G108552A
01tVT000007os7dYAA,SET BISTRO RATTAN 3 PIEZAS,3PCS BISTRO SET,G108549A
01tVT000007osKXYAY,SALA DE PATIO ACERO 4 PIEZAS CON COJINES,STEEL SOFA SET 4 PIECES,G108550A
01tVT000007osafYAA,SALA DE PATIO ACERO 4 PIEZAS CON COJINES,STEEL SOFA SET 4 PIECES,G108551A
01tVT000007osagYAA,SOFA AJUSTABLE 2 PIEZAS CON COJINES,WICKER SOFA GASLIFT WITH CUSHION,G108553A
01tVT000007ot5JYAQ,SALA DE PATIO ACERO 5 PIEZAS,LEED 5PCS SOFA SET,G108554A
01tVT000007otdBYAQ,SET COMEDOR ACERO 5 PIEZAS,RIGA 4PCS SOFA SET,G108555A
01tVT000007otzlYAA,CARRITO AUXILIAR VINO ACERO 2 NIVELES,LEEDS WINE TROLLEY,G113020A
01tVT000007pVycYAE,SET BISTRO DE TUMBONAS PLEGABLES 3 PIEZAS CON MESA,STEEL BISTRO FOLDING SET 3 PIECES,G111114A
01tVT000007pXVlYAM,TUMBONA PLAYA METALICA,TEXTILENE LOUNGE,G501126A
01tVT000007pYEvYAM,SET BISTRO METALICO PLEGABLE 3 PIEZAS,3PCS BISTRO SET,G108556A
01tVT000007pYQDYA2,SET BISTRO METALICO PLEGABLE 3 PIEZAS,STEEL BISTRO SET 3 PIECES (TABLE+2 CHAIRS),G108557A
01tVT000007pcgkYAA,SET DE BANCO AJUSTABLE 2 PIEZAS CON COJINES,GASLIFT BENCH SET WITH CUSHION,G108558A
01tVT000007pdBNYAY,SET BISTRO METALICO PLEGABLE 3 PIEZAS,STEEL BISTRO SET 3 PIECES (TABLE+2 CHAIRS),G108559A
01tVT000007pdOHYAY,SET BISTRO DE MECEDORA METALICA 3 PIEZAS CON COJINES,STEEL ROCKING SET 3 PIECES,G108560A
01tVT000007pdWLYAY,SET COMEDOR METALICO PLEGABLE 5 PIEZAS,5PCS DINING SET,G108561A
01tVT000007pdhdYAA,SET COMEDOR METALICO 5 PIEZAS,5PCS DINING SET,G108562A
01tVT000007pdw9YAA,SET COMEDOR ALUMINIO 5 PIEZAS,5PCS DINING SET,G108563A
01tVT000007pgNlYAI,SET COMEDOR ALUMINIO 5 PIEZAS,5PCS DINING SET,G108564A
01tVT000007phenYAA,SALA DE PATIO WICKER 4 PIEZAS CON COJINES,SOFA SET WITH CUSHION 4 PIECES,G108565A
01tVT000007pi4bYAA,SET DE SOFÁS MULTIFUNCIONAL CON COJINES 5PCS,WICKER BALCONY SET WITH CUSHION 5 PIECES,G108566A
01tVT000007piKjYAI,SALA DE PATIO WICKER 5 PIEZAS CON COJINES,WICKER SOFA SET WITH CUSHION 5 PIECES,G108567A
01tVT000007pie5YAA,SALA DE PATIO WICKER 4 PIEZAS CON COJINES Y PILLOW,SOFA SET WITH CUSHION AND PILLOW 4 PIECES,G108568A
01tVT000007pj3tYAA,SALA DE PATIO WICKER 7 PIEZAS CON COJINES Y PILLOW,SOFA SET WITH CUSHION AND PILLOW 7 PIECES,G108569A
01tVT000007pjQUYAY,SALA DE PATIO WICKER 4 PIEZAS CON COJINES Y PILLOW,ROUND SOFA SET WITH CUSHION AND PILLOW 4 PIECES,G108570A
01tVT000007pjyLYAQ,MESA DE BALCÓN,BALCONY TABLE,G109086A
01tVT000007qNHRYA2,NEVERA PORTATIL (8L-12 LATAS),8L HARD COOLER (12 CANS),G603032A
01tVT000007qPXlYAM,NEVERA PORTATIL (22L-30LATAS),22L HARD COOLER (30 CANS),G603033A
01tVT000007qPpVYAU,NEVERA PORTATIL (44L-62 LATAS),44L HARD COOLER (62 CANS),G603034A
01tVT000007qQ7FYAU,NEVERA CON RUEDAS (26L-33 LATAS),(26L) HARD COOLER WITH WHEELS (33 CANS),G603035A
01tVT000007qQonYAE,NEVERA CON RUEDAS (36L-40 LATAS),36L HARD COOLER WITH WHEELS (40 CANS),G603036A
01tVT000007qR1hYAE,NEVERA CON RUEDAS (41L-50 LATAS),41L HARD COOLER WITH WHEELS (50 CANS),G603037A
01tVT000007qRbBYAU,NEVERA PORTATIL (32L-42 LATAS),32L HARD COOLER (42 CANS),G603038A
01tVT000007sqSEYAY,NEVERA PORTATIL (16L-24 LATAS),16L HARD COOLER (24 CANS),G603047A
01tVT000007sr3JYAQ,NEVERA PORTATIL CON RUEDAS (50L-86 LATAS),50L HARD COOLER WITH WHEELS (86 CANS),G603039A
01tVT000007srGDYAY,NEVERA CON RUEDAS (75L-120 LATAS),75L HARD COOLER WITH WHEELS (120 CANS,G603040A
01tVT000007srT8YAI,NEVERA PORTATIL (12L-18 LATAS),12L HARD COOLER (18 CANS),G603046A
01tVT000007srWLYAY,NEVERA PORTATIL (45L-64 LATAS),45L HARD COOLER (64 CANS),G603041A
01tVT000007srjFYAQ,NEVERA CON RUEDAS (47L-54 LATAS),47L HARD COOLER WITH WHEELS (54 CANS),G603042A
01tVT000007srw9YAA,NEVERA CON RUEDAS (80L-120 LATAS),80L HARD COOLER WITH WHEELS (120 CANS),G603043A
01tVT000007ss5pYAA,NEVERA CON RUEDAS (98L-130 LATAS),98L HARD COOLER WITH WHEELS (130 CANS),G603044A
01tVT000007ssLxYAI,NEVERA PORTATIL (5L-7 LATAS),5L HARD COOLER (7 CANS),G603045A
01tVT000007stY9YAI,NEVERA PORTATIL (22L-36 LATAS),22L HARD COOLER (36 CANS),G603048A
01tVT000007stebYAA,NEVERA CON RUEDAS (120L-160 LATAS),120L HARD COOLER WITH WHEELS (160 CANS),G603049A
01tVT000007stoHYAQ,NEVERA PORTATIL (16L-16 LATAS),16L HARD COOLER (16 CANS),G603050A
01tVT000007suHKYAY,NEVERA PORTATIL (36L-33 LATAS),36L HARD COOLER (33 CANS),G603052A
01tVT000007suQzYAI,NEVERA PORTATIL (26L-33 LATAS),26L HARD COOLER (33 CANS),G603051A
01tVT000007suyrYAA,JARRA (7.6L) CON DISPENSADOR PORTATIL,7.6L COOLER JUG,G603053A
01tVT000007svWjYAI,JARRA (13L) CON DISPENSADOR PORTATIL,13L COOLER JUG,G603054A
01tVT000007sw2zYAA,COLUMPIO 3 PLAZAS CON COJINE,SWING SOFA 3 SEATER WITH CUSHION,G111115A
01tVT000007swKjYAI,JARRA (18L) CON DISPENSADOR PORTATIL,18L COOLER JUG,G603055A
01tVT000007swSnYAI,JARRA (23L) CON DISPENSADOR PORTATIL,23L COOLER JUG,G603056A
01tVT000007swhJYAQ,SET BISTRO 3 PIEZAS CON COJIN,COLE 3PCS SET,G108571A
01tVT000007swnlYAA,JARRA (0.7L) CON ASA,0.7L COOLER JUG,G603057A
01tVT000007sx77YAA,JARRA (2.3L) CON ASA,2.3L COOLER JUG,G603058A
01tVT000007sySzYAI,TUMBONA PLAYA CON COJIN,SINGLE SUN LOUNGER,G501127A
01tVT000007sykjYAA,TUMBONA PLAYA CON COJIN,MOVEABLE SUNLOUNGER,G501128A
01tVT000007szX7YAI,TUMBONA PLAYA 3 PIEZAS,DOUBLE SUNLOUNGER WITH TABLE,G501129A
01tVT000007szqTYAQ,TUMBONA PLAYA CON COJIN,SUNLOUNGER WITH CUSHION,G501130A
01tVT000007t3UHYAY,TUMBONA PLAYA DOBLE CON COJIN,DOUBLE SUNBED (WITH ROOT COVER),G501131A
01tVT000007t4dFYAQ,SOFA CAMA WICKER CON COJINES,SOFA BED,G108572A
01tVT000007t5SrYAI,SET BISTRO WICKER CON COJINES,WICKER SET WITH CUSHION 3 PIECES,G108573A
01tVT000007t65ZYAQ,SALA DE PATIO WICKER 4 PIEZAS CON COJIN,WICKER SET WITH CUSHION 4 PIECES,G108574A
01tVT000007teATYAY,SALA DE PATIO WICKER 4 PIEZAS CON COJIN,WICKER SET WITH CUSHION 4 PIECES,G108575A
01tVT000007tf05YAA,SILLON DOBLE WICKER CON MESA AUXILIAR Y COJINES,WICKER DOBLE SEAT WITH TABLE,G108576A
01tVT000007tfOHYAY,SET BISTRO WICKER 3 PIEZAS CON COJINES,WICKER BISTRO SET WITH CUSHION 3 PIECES,G108577A
01tVT000007tgKLYAY,SILLA PLEGABLE CAMPING METALICA CON BOLSA,SMART CAMP CHAIR,G602070A
01tVT000007tgdhYAA,MESA PLEGABLE CAMPING METALICA CON BOLSA Y 2 REPOSAVASOS,EASY FOLDING TABLE,G602071A
01tVT000007tgsDYAQ,SILLA PLEGABLE CAMPING METALICA,CAMPING CHAIR,G602072A
01tVT000007th8LYAQ,SET BISTRO WICKER 3 PIEZAS CON COJINES,ROCKING CHAIR SET WITH CUSHION 3 PIECES,G108578A
01tVT000007thI1YAI,SILLA PLEGABLE CAMPING METALICA,CAMPING CHAIR,G602073A
01tVT000007ti2nYAA,SILLA PLEGABLE CAMPING METALICA CON REPOSAVASOS,CAMPING CHAIR,G602074A
01tVT000007tiHJYAY,SILLA PLEGABLE CAMPING METALICA CON REPOSAVASOS,CAMPING CHAIR,G602075A
01tVT000007tiVpYAI,SILLA PLEGABLE DIRECTOR CON MESA LATERAL,COMPACT DIRECT CHAIR,G602076A
01tVT000007tksbYAA,SILLA PLAYA AJUSTABLE,FOLDING CHAIR,G501132A
01tVT000007tl8jYAA,SILLA MECEDORA PLEGABLE CAMPING,PADD ROCKING CAMP CHAIR,G602077A
01tVT000007tlS5YAI,CATRE CAMPING PLEGABLE CON TIRADOR,COMPACT CAMPING COT,G602078A
01tVT000007tllSYAQ,SILLA PLAYA,FUNCATION BEACH CHAIR,G501138A
01tVT000007tnnGYAQ,SILLA PLAYA CON BOLSA,FUNCATION BEACH CHAIR,G501137A
01tVT000007toRZYAY,MESA PLEGABLE CAMPING,MDF TABLE - SMALL SIZE,G602079A
01tVT000007tp5tYAA,MESA PLEGABLE CAMPING,EASY FOLDING TABLE,G602080A
01tVT000007tpU5YAI,SILLA PLAYA,SMART BEACH CHAIR,G501133A
01tVT000007tqQ9YAI,SET ACCESORIOS 4 PIEZAS BBQ,BBQ ACCESSORIES SET 4 PIECES,G302056A
01tVT000007tqgHYAQ,SET ACCESORIOS 5 PIEZAS,5PCS BBQ TOOL SET,G302057A
01tVT000007tqpxYAA,SILLA PLAYA,SMART BEACH CHAIR,G501134A
01tVT000007tr2rYAA,SET ACCESORIOS 2 PIEZAS BBQ,BBQ ACCESSORIES SET 2 PIECES,G302058A
01tVT000007trUHYAY,TUMBONA PLEGABLE DE PLAYA AJUSTABLE,BEACH MET,G501135A
01tVT000007trm1YAA,SET ACCESORIOS 4 PIEZAS BBQ,BBQ ACCESSORIES SET 4 PIECES,G302059A
01tVT000007tsa1YAA,SILLA PLAYA AJUSTABLE,DECK CHAIR 3 POSITIONS,G501136A
01tVT000007tv1dYAA,PINCHO GRILL BBQ CON SOPORTE,BBQ SKEWER SET WITH HOLDER,G302060A
01tVT000007tvRRYAY,PINCHO GRILL BBQ 6 PIEZAS,BBQ SKEWER SET 6 PIECES,G302061A
01tVT000007tvfxYAA,CAJA AHUMADORA BBQ,SMOKER BOX,G302062A
01tVT000007tvpdYAA,BANDEJA GRILL BBQ,GRILL GRID,G302063A
01tVT000007tyQvYAI,BANDEJA GRILL BBQ 2 PIEZAS,GRILL BASKET 2 PCS SET,G302064A
01tVT000007u15RYAQ,CEPILLO LIMPIADOR BBQ,BBQ CLEANING BRUSH,G302065A
01tVT000007uYW1YAM,PARRILLA GRILL BBQ,NON-STICK GRILL NET,G302066A
01tVT000007uYm9YAE,MANOPLA SILICONA BBQ,PROTECTIVE GLOVE,G302067A
01tVT000007uYz3YAE,MANOPLA SILICONA BBQ,10.5' BBQ GLOVE,G302068A
01tVT000007uZlRYAU,SET ACCESORIOS 3 PIEZAS BBQ,BBQ TOOL SET 3 PIECES,G302069A
01tVT000007ua9dYAA,SET ACCESORIOS 2 PIEZAS BBQ,GRILL TOOL SET 2 PIECES,G302070A
01tVT000007uaRNYAY,SET ACCESORIOS 4 PIEZAS BBQ,BBQ ACCESSORIES SET 4 PIECES,G302071A
01tVT000007ubTtYAI,BANDEJA GRILL BBQ,GRILL BASKET,G302072A
01tVT000007uc6bYAA,SET ACCESORIOS 8 PIEZAS BBQ,GRIDDLE TOOLS SET 8 PIECES,G302073A
01tVT000007uh6HYAQ,TUMBONA PLAYA CON COJIN,SUNLOUNGER WITH CUSHION,G501139A
01tVT000007ui8nYAA,SET BISTRO WICKER 3 PIEZAS CON COJINES,STEEL ROCKING BISTRO SET 3 PIECES (TABLE+2 CHAIRS),G108579A
01tVT000007uiS9YAI,SET BISTRO WICKER 3 PIEZAS CON COJINES,STEEL BISTRO SET 3 PIECES (TABLE+2 CHAIRS),G108580A
01tVT000007uknJYAQ,SILLON DOBLE CON MESA AUXILIAR Y COJINES,STEEL DOUBLE SOFA SET,G108581A
01tVT000007ul6fYAA,SILLA PLAYA,BEACH CHAIR,G501140A
01tVT000007ulJZYAY,SILLA PLAYA,BELTS CHAIR,G501141A
01tVT000007ulg9YAA,SILLA PLEGABLE CAMPING METALICA,BASIC GLAMPING CHAIR,G602081A
01tVT000007um17YAA,SILLA PLEGABLE CAMPING METALICA,FOLDING CHAIR WITH ARMREST,G602082A
01tVT000007umHFYAY,SILLA MARIPOSA PLEGABLE METALICA,BUTTERFLY CHAIR,G602083A
01tVT000007umVlYAI,SILLA MARIPOSA PLEGABLE METALICA CON APOYABRAZOS,BUTTERFLY CHAIR WITH ARMREST,G602084A
01tVT000007umltYAA,SET DE SOFÁS MULTIFUNCIONAL 2 PIEZAS CON COJINES,LOUNGE SET 2 PIECES,G108582A
01tVT000007uoJ3YAI,MESA PLEGABLE CAMPING METALICA AJUSTABLE,FREE-POSITION ADJUSTMENT TABLE,G602085A
01tVT000007uocPYAQ,MESA PLEGABLE CAMPING METALICA AJUSTABLE,FREE POSITION ADJUSTMENT TABLE,G602086A
01tVT000007uoxNYAQ,MESA PLEGABLE CAMPING METALICA ROLL UP,ROLL UP GLAMPING TABLE,G602087A
01tVT000007up3pYAA,SALA DE PATIO METALICA CON COJINES,SOFA SET WITH CUSHION 4 PIECES,G108583A
01tVT000007upF7YAI,MESA PLEGABLE CAMPING METALICA ROLL UP,ROLL UP GLAMPING TABLE,G602088A
01tVT000007upTdYAI,SALA DE PATIO METALICA CON COJINES,CONER SOFA SET 3 PIECES,G108584A
01tVT000007urbtYAA,MESA PLEGABLE CAMPING METALICA ROLL UP,ROLL UP GLAMPING TABLE,G602089A
01tVT000007urnBYAQ,MESA PLEGABLE CAMPING METALICA ROLL UP,ROLL UP GLAMPING TABLE,G602090A
01tVT000007vP7JYAU,MESA DE SERVICIO CON RUEDAS,TEA TROLLEY,G109087A
01tVT000007vPP3YAM,MESA DE SERVICIO CON RUEDAS,TEA TROLLEY,G109088A
01tVT000007vPP4YAM,BANCO DE ALMACENAMIENTO DE RATÁN,RATTAN STORAGE BENCH,G110217A
01tVT000007vPaLYAU,ENFRIADOR DE PATIO,COOLER BOX,G113021A
01tVT000007vT65YAE,BANCO DE ALMACENAMIENTO DE RATÁN,RATTAN STORAGE BENCH,G113022A
01tVT000007vTKbYAM,CAJA DE ALMACENAMIENTO DE COJÍN,CUSHION BOX,G113023A
01tVT000007vTdxYAE,CAJA DE ALMACENAMIENTO DE COJÍN,CUSHION BOX,G113024A
01tVT000007vTpFYAU,CAJA DE ALMACENAMIENTO DE COJÍN,CUSHION BOX,G113025A
01tVT000007vUGfYAM,BANCO LATERAL PLEGABLE 2 PLAZA,SIDE FOLDABLE BENCH WITH CUSHION,G108585A
01tVT000007vUa1YAE,SILLON HUEVO CON COJÍN,EGG CHAIR SET,G111116A
01tVT000007vUwbYAE,SOFA DE RATÁN 2 PLAZAS CON COJINE,RATTAN 2 SEATER WITH CUSHION,G108586A
01tVT000007vVELYA2,SILLON METAL CON TABURETE,RELAX SET WITH CUSHION,G108587A
01tVT000007vW2LYAU,MESA PLEGABLE CAMPING METALICA,CAMPING TABLE,G602091A
01tVT000007vYLtYAM,MESA PLEGABLE CAMPING BAMBÚ,BAMBOO TABLE,G602092A
01tVT000007vYddYAE,ESTANTERIA CAMPING PORTÁTIL ALUMINIO,ALUMINUM SHELF,G602093A
01tVT000007wOXOYA2,GAZEBO RECTANGULAR METALICO,STEEL GAZEBO,G106308A
01tVT000007wPoPYAU,GAZEBO CUADRADO METALICO,STEEL GAZEBO,G106307A
01tVT000007wQ9NYAU,GAZEBO CUADRADO METALICO,STEEL GAZEBO,G106309A
01tVT000007wQPVYA2,GAZEBO CUADRADO METALICO,STEEL WOVEN RATTAN GAZEBO,G106310A
01tVT000007wUsvYAE,GAZEBO CUADRADO EXTENSIBLE METALICO,STEEL EXTENSIVO GAZEBO,G106311A
01tVT000007zHkfYAE,GAZEBO CUADRADO METALICO,STEEL PERGOLA,G106312A
01tVT000007zHvxYAE,GAZEBO RECTANGULAR METALICO,STEEL PERGOLA,G106313A
01tVT000007zI8rYAE,GAZEBO CUADRADO ALUMINIO,STEEL PERGOLA,G106314A
01tVT000007zITpYAM,GAZEBO CUADRADO METALICO CON PARED KD VERSION,STEEL PERGOLA,G106315A
01tVT000007zIqPYAU,GAZEBO RECTANGULAR METALICO CON BARRAS BAR,STEEL BBQ GAZEBO,G106316A
01tVT000007zJ6XYAU,GAZEBO RECTANGULAR METALICO CON TECHO Y BARRAS BAR,STEEL BBQ GAZEBO KD VERSION,G106317A
01tVT000007zJcnYAE,GAZEBO RECTANGULAR METALICO CON TECHO Y BARRAS BAR,STEEL BBQ GAZEBO KD VERSION,G106318A
01tVT000007zO9RYAU,GAZEBO CUADRADO METALICO PLEGABLE,STEEL FOLDABLE GAZEBO,G106319A
01tVT0000080Au1YAE,GAZEBO RECTANGULAR METALICO CON TECHO Y CORTINAS,DOUBLE-ROOF STEEL GAZEBO,G106320A
01tVT0000080EUbYAM,GAZEBO RECTANGULAR METALICO CON TECHO Y CORTINAS,DOUBLE-ROOF STEEL GAZEBO,G106321A
01tVT0000080HXJYA2,"GAZEBO CUADRADO METALICO CON TECHO, CORTINAS Y MOSQUITERA",DOUBLE-ROOF STEEL GAZEBO,G106322A
01tVT0000080ITNYA2,"GAZEBO CUADRADO METALICO CON TECHO, CORTINAS Y MOSQUITERA",DOUBLE-ROOF STEEL GAZEBO,G106323A
01tVT0000080IunYAE,GAZEBO CUADRADO METALICO CON CORTINAS Y LED,STEEL GAZEBO WITH LIGHT,G106324A
01tVT0000080JXVYA2,GAZEBO CUADRADO ALUMINIO CON TECHO Y CORTINAS,DOUBLE ROOF GAZEBO,G106325A
01tVT0000080tPiYAI,SET COMEDOR + 4 SILLAS,DINING SET 5 PIECES,H210196B
01tVT0000080tuLYAQ,SET COMEDOR + 2 BANCO,DINING SET 3 PIECES,H210195B
01tVT0000080uKAYAY,MESA COMEDOR CRISTAL,DINING TABLE,H211038B
01tVT0000080unBYAQ,SET COMEDOR MDF + 4 SILLAS,DINING SET 5 PIECES,H210197B
01tVT0000080v89YAA,SET COMEDOR MDF + 4 SILLAS,DINING SET 5 PIECES,H210198B
01tVT0000080vUjYAI,SET DESAYUNADOR MDF + 2 TABURETES + ALMACENAJE 1 NIVELES,DINING SET 3 PIECES,H210199B
01tVT0000080w4DYAQ,SOFA CAMA,SOFA BED,H309221B
01tVT0000080wKLYAY,SOFA CAMA,SOFA BED,H309222B
01tVT0000080wc5YAA,SOFA CAMA,SOFA BED,H309223B
01tVT0000080wtpYAA,SOFA CAMA,SOFA BED,H309224B
01tVT0000080xGPYAY,SOFA CAMA,SOFA BED,H309225B
01tVT0000080yHJYAY,MESA COMEDOR RECTANGULAR CRISTAL,RECTANGLE DINING TABLE,H211039B
01tVT00000815SUYAY,MESA AUXILIAR CUADRADA PLASTICA,SQUARE PLASTIC SIDE TABLE,G109091A
01tVT00000818N7YAI,MESA AUXILIAR CUADRADA PLASTICA,SQUARE PLASTIC SIDE TABLE,G109089A
01tVT00000818i5YAA,MESA AUXILIAR REDONDA PLASTICA,ROUND PLASTIC SIDE TABLE,G109090A
01tVT0000081A5ZYAU,SILLA PLASTICA,PP CHAIR,G110218A
01tVT0000081AFFYA2,SILLA PLASTICA,PP CHAIR,G110219A
01tVT0000081AjtYAE,SILLA PLASTICA,PP CHAIR,G110220A
01tVT0000081AvBYAU,SILLA PLASTICA,PP CHAIR,G110221A
01tVT0000081B85YAE,SILLA PLASTICA,PP CHAIR,G110222A
01tVT0000081BKzYAM,SILLA PLASTICA,PP CHAIR,G110223A
01tVT0000081BZVYA2,SILLA PLASTICA,PP CHAIR,G110224A
01tVT0000081pQVYAY,COBERTIZO DE ALMACENAMIENTO,GARDEN STORAGE SHED,G402024A
01tVT0000081qJJYAY,SILLA PLEGABLE CAMPING METALICA,FOLDING CHAIR WITH ARMREST,G602094A
01tVT0000081rorYAA,GAZEBO RECTANGULAR METALICO CON TECHO Y CORTINAS,DOUBLE ROOF STEEL GAZEBO (HAND-PAINTING),G106326A
01tVT0000081s09YAA,GAZEBO CUADRADO METALICO CON CORTINAS,PC ROOF GAZEBO,G106327A
01tVT0000081sEfYAI,GAZEBO RECTANGULAR METALICO CON PARED Y BARRA BAR,PERGOLA WITH HAND-PAINTING,G106328A
01tVT0000081subYAA,COBERTIZO DE ALMACENAMIENTO,GARDEN STORAGE SHED,G402023A
01tVT00000821g9YAA,BOLSA MOCHILA NEVERA CAMPING,COOLER BACKPACK,G603059A
01tVT0000083uHCYAY,BOLSA MOCHILA NEVERA CAMPING,COOLER BACKPACK,G603060A
01tVT0000083wviYAA,BOLSA NEVERA ISOTÉRMICA CAMPING,ISOTHERMAL BAG,G603070A
01tVT0000083yeAYAQ,BOLSA MOCHILA NEVERA CAMPING,COOLER BACKPACK,G603061A
01tVT0000083zVNYAY,BOLSA MOCHILA NEVERA CAMPING,COOLER BACKPACK,G603062A
01tVT0000083zjtYAA,BOLSA MOCHILA NEVERA CAMPING,COOLER BACKPACK,G603063A
01tVT000008404rYAA,BOLSA MOCHILA NEVERA CAMPING,COOLER BACKPACK,G603064A
01tVT00000841KIYAY,BOLSA MOCHILA NEVERA CAMPING,COOLER BACKPACK,G603065A
01tVT00000841XBYAY,BOLSA MOCHILA NEVERA CAMPING,COOLER BACKPACK,G603066A
01tVT00000841tlYAA,BOLSA MOCHILA NEVERA CAMPING,COOLER BACKPACK,G603067A
01tVT00000842ppYAA,BOLSA NEVERA ISOTÉRMICA CAMPING,ISOTHERMAL BAG,G603068A
01tVT00000843XNYAY,BOLSA NEVERA ISOTÉRMICA CAMPING,ISOTHERMAL BAG,G603069A
01tVT000008440PYAQ,BOLSA NEVERA ISOTÉRMICA CAMPING,ISOTHERMAL BAG,G603071A
01tVT00000845CbYAI,BOLSA NEVERA ISOTÉRMICA CAMPING 30 L,30L ISOTHERMAL BAG,G603072A
01tVT00000845XZYAY,BOLSA NEVERA ISOTÉRMICA CAMPING 19L,19L ISOTHERMAL BAG,G603073A
01tVT0000084lJtYAI,SET BISTRO ALUMINIO & POLYWOOD 5 PIEZAS,5 PIECE ALUMINUM & POLYWOOD BISTRO SET,G108588Q
01tVT0000084ldFYAQ,SET BISTRO ALUMINIO & POLYWOOD 5 PIEZAS,5 PIECE ALUMINUM & POLYWOOD BISTRO SET,G108589Q
01tVT0000084loXYAQ,SET BISTRO ALUMINIO & POLYWOOD 5 PIEZAS,5 PIECE ALUMINUM & POLYWOOD BISTRO SET,G108590Q
01tVT0000085061YAA,BOLSA NEVERA ISOTÉRMICA CAMPING 40L,40L ISOTHERMAL BAG,G603074A
01tVT00000850KXYAY,BOLSA NEVERA ISOTÉRMICA CAMPING,ISOTHERMAL BAG,G603075A
01tVT00000850QzYAI,BOLSA NEVERA ISOTÉRMICA CAMPING,ISOTHERMAL BAG,G603076A
01tVT00000850afYAA,BOLSA NEVERA ISOTÉRMICA CAMPING,ISOTHERMAL BAG,G603077A
01tVT00000850xFYAQ,BOLSA NEVERA ISOTÉRMICA CAMPING,ISOTHERMAL BAG,G603078A
01tVT00000853WwYAI,BOLSA NEVERA CAMPING,CAMPING COOLER BAG,G603079A
01tVT00000854hVYAQ,BOLSA NEVERA CAMPING,CAMPING COOLER BAG,G603080A
01tVT00000854mLYAQ,BOLSA NEVERA CAMPING CON RUEDAS,CAMPING COOLER BAG WITH WHEELS,G603081A
01tVT00000855AXYAY,BOLSA NEVERA CAMPING CON RUEDAS,CAMPING COOLER BAG WITH WHEELS,G603082A
01tVT00000855SHYAY,BOLSA NEVERA CAMPING CON RUEDAS,CAMPING COOLER BAG WITH WHEELS,G603083A
01tVT0000085Ja5YAE,SET BISTRO ALUMINIO & POLYWOOD 3 PIEZAS,3 PIECE ALUMINUM & POLYWOOD BISTRO SET,G108495M
01tVT0000086efiYAA,TUMBONA PLAYA,WOOD ARM FOLDING CHAISE LOUNGE,G501145A
01tVT0000086fOsYAI,SILLA PLAYA DE PISO,STADIUM SEAT WITHOUT ARMREST,G501143A
01tVT0000086g4nYAA,SET DE MESA PLEGABLE CAMPNG,CAMPING TABLE SET 3 PIECES,G602095A
01tVT0000086gHhYAI,MESA PLEGABLE CAMPING,CAMPING TABLE,G602096A
01tVT0000086gUbYAI,CARRITO TRANSPORTADOR PLEGABLE CAMPING,CAMPING TROLLEY,G602097A
01tVT0000086ghVYAQ,CARRITO TRANSPORTADOR PLEGABLE CAMPING,CAMPING TROLLEY,G602098A
01tVT0000086gpZYAQ,CARRITO TRANSPORTADOR PLEGABLE CAMPING,CAMPING TROLLEY,G602099A
01tVT0000086h2TYAQ,SILLA PLAYA DE PISO,STADIUM SEAT,G501142A
01tVT0000086hSHYAY,TUMBONA PLAYA,BEACH MAT WITH PADDED,G501144A
01tVT0000086hiPYAQ,SILLA PLAYA,BEACH CHAIR WITH WHEEL,G501146A
01tVT0000086hvJYAQ,TUMBONA PLAYA,STEEL BEACH BED,G501147A
01tVT0000086i6bYAA,TUMBONA PLAYA,ALUMINUM BEACH LOUNGER,G501148A
01tVT0000086iJVYAY,CENTRO ENTRETENIMIENTO 2 NIVELES CON 2 CAJONES Y 2 PUERTAS,WOOD TV STAND,H316037B
01tVT0000086iWPYAY,CENTRO ENTRETENIMIENTO 2 NIVELES CON 2 CAJONES,WOOD TV STAND,H316038B
01tVT0000086iszYAA,CENTRO ENTRETENIMIENTO 2 NIVELES CON 2 CAJONES Y 2 PUERTAS,WOOD TV STAND,H316039B
01tVT0000086iwFYAQ,CENTRO ENTRETENIMIENTO 2 NIVELES,TV STAND,H316043B
01tVT0000086jHBYAY,CENTRO ENTRETENIMIENTO 2 NIVELES CON 2 CAJONES Y 2 PUERTAS,WOOD TV STAND,H316040B
01tVT0000086jU5YAI,CENTRO ENTRETENIMIENTO 2 NIVELES,TV STAND,H316041B
01tVT0000086jlpYAA,CENTRO ENTRETENIMIENTO 2 NIVELES,TV STAND,H316042B
01tVT0000086k5BYAQ,CENTRO ENTRETENIMIENTO 1 NIVEL CON 1 CAJÓN,TV STAND,H316044B
01tVT0000086mQLYAY,CENTRO ENTRETENIMIENTO,WOOD TV STAND,H316045B
01tVT0000086mdFYAQ,CENTRO ENTRETENIMIENTO,WOOD TV STAND,H316046B
01tVT0000086mwbYAA,CENTRO ENTRETENIMIENTO,WOOD TV STAND,H316047B
01tVT0000086n6HYAQ,CENTRO ENTRETENIMIENTO,WOOD TV STAND,H316048B
01tVT0000086nFxYAI,CENTRO ENTRETENIMIENTO,WOOD TV STAND,H316049B
01tVT0000087MzTYAU,TIENDA CON VENTANA,TENT,G601006A
01tVT0000087PRiYAM,TIENDA CON PUERTA,TENT,G601005A
01tVT0000087TFBYA2,TIENDA CON PUERTA,TENT,G601007A
01tVT0000087TdNYAU,TIENDA CON PUERTA,TENT,G601008A
01tVT0000087UUbYAM,TIENDA,TENT,G601009A
01tVT0000087UmLYAU,TIENDA DE DUCHA,SHOWER TENT,G601010A
01tVT0000087ZE9YAM,HAMACA COLGANTE INFANTIL NILÓN PORTÁTIL,CHILDREN´S HAMMOCK,G111117A
01tVT0000089VG6YAM,HAMACA COLGANTE POLIESTER ALGODON,HAMMOCK,G111123A
01tVT0000089b0YYAQ,SOPORTE METALICO PARA HAMACA COLGANTE,HAMMOCK STAND,G111125A
01tVT0000089bGgYAI,HAMACA COLGANTE NILÓN PORTÁTIL,HAMMOCK,G111121A
01tVT0000089cizYAA,HAMACA COLGANTE NILÓN PORTÁTIL,ADULT´S HAMMOCK,G111118A
01tVT0000089d0jYAA,HAMACA COLGANTE NILÓN PORTÁTIL CON MOSQUITERA,Mosquito net hammock,G111119A
01tVT0000089dDdYAI,HAMACA COLGANTE NILÓN PORTÁTIL CON MOSQUITERA,Mosquito net hammock with pole,G111120A
01tVT0000089dqLYAQ,HAMACA COLGANTE POLIESTER ALGODON,HAMMOCK,G111122A
01tVT0000089e6TYAQ,HAMACA COLGANTE NILÓN PORTÁTIL CON PALO METÁLICO,HAMMOCK,G111124A
01tVT0000089fs9YAA,TIENDA DE CAMPAÑA DOMO,TENT,G601011A
01tVT0000089g0DYAQ,TIENDA DE CAMPAÑA DOMO,TENT,G601012A
01tVT0000089gQ1YAI,SACO DE DORMIR,SLEEPING BAG,G602100A
01tVT0000089gcvYAA,SACO DE DORMIR,SLEEPING BAG,G602101A
01tVT0000089gkzYAA,COLCHÓN INFLABLE,SLEEPING PAD,G602102A
01tVT0000089gwHYAQ,ALMOHADA INFLABLE,INFLATABLE PILLOW,G602103A
01tVT0000089hCPYAY,TIENDA DE CAMPAÑA CARPA,TENT,G601013A
01tVT0000089i5FYAQ,CORREAS PARA HAMACA COLGANTE,HAMMOCK STRAPS,G603084A
01tVT0000089iDJYAY,CORREAS PARA HAMACA COLGANTE,HAMMOCK STRAPS,G603085A
01tVT0000089pmfYAA,VENTILADOR DE MANO,HAND FAN,B301246C
01tVT000008BPXyYAO,HAMACA COLGANTE DOBLE POLIESTER ALGODON CON 2 ALMOHADAS,HAMMOCK,G111127A
01tVT000008BQVdYAO,HAMACA COLGANTE POLIESTER ALGODON,HAMMOCK,G111126A
01tVT000008BRczYAG,COLUMPIO COLGANTE CON COJIN,SWING CHAIR,G111128A
01tVT000008BRptYAG,COLUMPIO COLGANTE CON COJINES,SWING CHAIR,G111129A
01tVT000008CFGPYA4,BOLSA NEVERA CAMPING CON ACCESORIOS DE BARBACOA,CAMPING COOLER BAG WITH BBQ ACCESSORIES,G603086A
01tVT000008CL5hYAG,TIENDA DE CAMPAÑA,CAMPING TENT,G601014A
01tVT000008CLKFYA4,SOMBRILLA PLAYA,2.4M JUMBO PARASOL,G502063A
01tVT000008CLqTYAW,BAÑO DE CAMPING,CAMPING TOILET,G602104A
01tVT000008CMGHYA4,CENTRO ENTRETENIMIENTO,WOOD TV STAND,H316050B
01tVT000008CNHBYA4,SOMBRILLA PLAYA,1.72M PARASOL,G502059A
01tVT000008CNVhYAO,SOMBRILLA PLAYA,1.75M PARASOL,G502060A
01tVT000008CNqfYAG,SOMBRILLA PLAYA,1.95M PARASOL,G502061A
01tVT000008COZpYAO,SET ACCESORIOS 4 PIEZAS,4PCS BBQ TOOL SET,G302074A
01tVT000008COoLYAW,SET ACCESORIOS 4 PIEZAS,4PCS BBQ TOOL SET,G302075A
01tVT000008CP1FYAW,SET ACCESORIOS 4 PIEZAS,4PCS BBQ TOOL SET,G302076A
01tVT000008CQADYA4,SOMBRILLA PLAYA,1.95M PARASOL,G502062A
01tVT000008CQerYAG,GAZEBO PLAYA,CABANA WITH PRIVACY SUNWALL,G502064A
01tVT000008DDPSYA4,TENEDOR BBQ,FORK,G302079A
01tVT000008DEwbYAG,BANDEJA GRILL BBQ,GRILL BASKET,G302077A
01tVT000008DF9VYAW,ESPÁTULA BBQ,SPATULA,G302078A
01tVT000008DFO1YAO,TENAZAS,TONGS,G302080A
01tVT000008DFXhYAO,CEPILLO PARA PARRILLA BBQ,GRILL BRUSH,G302081A
01tVT000008GRVtYAO,ASADOR CARBON RECTANGULAR CON MESAS LATERALES Y PARRILLADAS 2 PIEZAS,RECTANGULAR CHARCOAL GRILL WITH SIDE TABLES,G301236A
01tVT000008H6fVYAS,SET ACCESORIOS 3 PIEZAS BBQ,3PCS BBQ SET,G302082A
01tVT000008H78XYAS,SET ACCESORIOS 3 PIEZAS BBQ,3PCS BBQ SET,G302083A
01tVT000008H81NYAS,SET ACCESORIOS 3 PIEZAS BBQ,3PCS BBQ SET,G302084A
01tVT000008H8FtYAK,SET ACCESORIOS 3 PIEZAS BBQ,3PCS BBQ SET,G302085A
01tVT000008H8SnYAK,SET ACCESORIOS 3 PIEZAS BBQ,3PCS BBQ SET,G302086A
01tVT000008H8e5YAC,SET ACCESORIOS 3 PIEZAS BBQ,3PCS BBQ SET,G302087A
01tVT000008H9FBYA0,"CEPILLO LIMPIADOR BBQ 12""","12"" GRILL BRUSH",G302088A
01tVT000008H9ThYAK,SET ACCESORIOS 4 PIEZAS BBQ,4PCS BBQ SET,G302089A
01tVT000008H9ezYAC,SET ACCESORIOS 4 PIEZAS BBQ,4PCS BBQ SET,G302090A
01tVT000008H9qHYAS,SET ACCESORIOS 2 PIEZAS BBQ,2PCS GRILL TOOLS SET,G302091A
01tVT000008IDi9YAG,GAZEBO RECTANGULAR METALICO,1.5X2.4*2.2M HAND PAINTING PERGOLA,G106329A
01tVT000008IEJFYA4,SET ACCESORIOS 4 PIEZAS BBQ,4PCS BBQ TOOLS SET,G302092A
01tVT000008IGcnYAG,SILLA METALICA,METAL CHAIR,G110225A
01tVT000008IGjFYAW,SILLA METALICA,METAL CHAIR,G110226A
01tVT000008IsOjYAK,SET ACCESORIOS 20 PIEZAS,20PCS BBQ TOOL SET,G302093A
01tVT000008IstNYAS,SET ACCESORIOS 5 PIEZAS,6PCS BBQ TOOL SET,G302094A
01tVT000008LGQ9YAO,SET ACCESORIOS 5 PIEZAS BBQ,5PCS BBQ TOOLS SET,G302095A
01tVT000008LGZpYAO,SET ACCESORIOS 7 PIEZAS BBQ,7PCS BBQ SET,G302096A
01tVT000008LGpxYAG,SET ACCESORIOS 7 PIEZAS BBQ,7PCS BBQ SET,G302097A
01tVT000008LI29YAG,ASADOR CARBON CON MESAS LATERALES Y RUEDAS,CHARCOAL GRILL WITH SIDE TABLES AND WHEELS,G301237A
01tVT000008LwUEYA0,ASADOR CARBON CON MESAS LATERALES Y RUEDAS,CHARCOAL GRILL WITH SIDE TABLES AND WHEELS,G301239A
01tVT000008M4htYAC,MESA COMEDOR CUADRADA METALICA,DINING TABLE,G109092A
01tVT000008M4wPYAS,MESA COMEDOR CUADRADA METALICA,DINING TABLE,G109093A
01tVT000008M6GfYAK,ASADOR CARBON RECTANGULAR CON MESAS LATERALES Y RUEDAS,RECTANGULAR CHARCOAL GRILL WITH SIDE TABLES AND WHEELS,G301238A
01tVT000008M7ELYA0,MESA DE SERVICIO,WORKING TABLE,G301240A
01tVT000008M87BYAS,MESA DE SERVICIO,WORKING TABLE,G301241A
01tVT000008M9hZYAS,ASADOR GAS BARBACOA CON QUEMADOR LATERAL Y RUEDAS,GAS BBQ 4B WITH SIDE BURNER,G301242A
01tVT000008M9zJYAS,ASADOR GAS BARBACOA CON MESA LATERAL PLEGABLE Y RUEDAS,GAS BBQ 3B,G301243A
01tVT000008MAFRYA4,ASADOR GAS BARBACOA CON QUEMADOR LATERAL Y RUEDAS,GAS BBQ 4B WITH SIDE BURNER,G301244A
01tVT000008MAVZYA4,ASADOR GAS BARBACOA CON QUEMADOR LATERAL Y RUEDAS,4B WITH SIDE BURNER,G301245A
01tVT000008NczJYAS,ASADOR GAS BARBACOA CON MESA LATERAL Y RUEDAS,GAS GRILL,G301248A
01tVT000008O45vYAC,BANCO BAR POLIMADERA,PLASTIC WOOD BAR STOOL,H206126B
01tVT000008O8PdYAK,MESA BAR POLIMADERA,POLYWOOD BAR TABLE,H211040B
01tVT000008O8XhYAK,MESA BAR POLIMADERA,POLYWOOD BAR TABLE,H211041B
01tVT000008OI5dYAG,ASADOR GAS BARBACOA CON MESA LATERAL Y RUEDAS,GAS GRILL,G301246A
01tVT000008OIgjYAG,ASADOR GAS BARBACOA CON MESA LATERAL Y RUEDAS,GAS GRILL,G301247A
01tVT000008OJRVYA4,ASADOR CARBON CON MESA LATERAL Y RUEDAS,BBQ GRILL,G301249A
01tVT000008OJcnYAG,ASADOR CARBON CON MESA LATERAL Y RUEDAS,BBQ GRILL,G301250A
01tVT000008OJsvYAG,ASADOR CARBON CON MESA LATERAL Y RUEDAS,BBQ GRILL,G301251A
01tVT000008PQHFYA4,COLUMPIO COLGANTE CON COJINES,OUTDOOR HANGING CHAIR,G111130A
01tVT000008PQXNYA4,COLUMPIO COLGANTE CON COJINES,OUTDOOR HANGING CHAIR,G111131A
01tVT000008PhMvYAK,GAZEBO RECTANGULAR METALICO,1.5X2.4*2.2M hand painting pergola,G106329T
01tVT000008QWfZYAW,SET COMEDOR PLÁSTICO 5 PIEZAS,PLASTIC OUTDOOR SET,G108591A
01tVT000008QWhBYAW,BASE SOMBRILLA CON RUEDAS 2 EN I HDPE 130L,130L HDPE BASE WITH WHEELS 2 IN I,G106330A
01tVT000008QWxJYAW,SET COMEDOR PLÁSTICO 5 PIEZAS,PLASTIC OUTDOOR SET,G108592A
01tVT000008QXN7YAO,SET BISTRO PLÁSTICO Y METÁLICO 3 PIEZAS,PLASTIC OUTDOOR SET,G108593A
01tVT000008QXdFYAW,SET BISTRO PLÁSTICO Y METÁLICO 3 PIEZAS,PLASTIC OUTDOOR SET,G108594A
01tVT000008QXuzYAG,SET COMEDOR PLÁSTICO 5 PIEZAS,PLASTIC OUTDOOR SET,G108595A
01tVT000008QY9VYAW,SET BISTRO PLÁSTICO 3 PIEZAS,PLASTIC OUTDOOR SET,G108596A
01tVT000008QYZJYA4,SET BAR ACACIA 3 PIEZAS,ACACIA BAR SET 3 PIECES,G108597A
01tVT000008QYcYYAW,SET COMEDOR ACACIA Y ROPE 5 PIEZAS CON COJINES,DINING SET,G108601A
01tVT000008QYmDYAW,SET BISTRO ACACIA Y ROPE 3 PIEZAS,ACACIA BISTRO SET 3 PIECES,G108598A
01tVT000008QZ2LYAW,SALA DE PATIO ACACIA 5 PIEZAS,ACACIA BALCONY SET IN 5PCS,G108599A
01tVT000008QZAQYA4,JUEGO DE COMEDOR PARA EXTERIOR DE ACACIA DE 5 PIEZAS,ACACIA DINING SET 5 PIECES,G108600A
01tVT000008QZwnYAG,SET CAFÉ ACACIA PLEGABLE 5 PIEZAS,ACACIA COFFEE SET 5PCS,G108602A
01tVT000008Qc6fYAC,TUMBONA Y BANCA 2 EN 1 ACACIA CON COJINES,SUNLOUNGER + BENCH,G111132A
01tVT000008QcJZYA0,CARRITO ORGANIZADOR COCINA 3 NIVELES,TABLE/TROLLEY,H212052B
01tVT000008Qcg9YAC,SET COMEDOR ACERO 5 PIEZAS,4PCS TABLE AND CHAIRS SET,G108603A
01tVT000008Qd7ZYAS,SET BISTRO ACERO 3 PIEZAS,STEEL BISTRO SET 3 PIECES (TABLE+2 CHAIRS),G108604A
01tVT000008QdPJYA0,SET BISTRO ACERO 3 PIEZAS,3PCS TABLE AND CHAIRS SET,G108605A
01tVT000008QdVlYAK,SET BISTRO ACERO 3 PIEZAS,STEEL BISTRO SET 3 PIECES (TABLE+2 CHAIRS),G108606A
01tVT000008Qdp7YAC,SET COMEDOR ACERO 8 PIEZAS CON SOMBRILLA,8PCS TABLE AND CHAIRS SET,G108607A
01tVT000008Qe3dYAC,SET COMEDOR ACERO 6 PIEZAS CON SOMBRILLA,6PCS TABLE AND CHAIRS SET,G108608A
01tVT000008QeEvYAK,SET COMEDOR ACERO 7 PIEZAS CON COJINES,7PCS TABLE AND CHAIR SET,G108609A
01tVT000008Qg3pYAC,SET BISTRO ACERO 3 PIEZAS (MESA + 2 SILLAS),STEEL BISTRO SET 3 PIECES (TABLE+2 CHAIRS),G108610A
01tVT000008QggXYAS,SET BISTRO ACERO 3 PIEZAS,STEEL BISTRO SET 3 PIECES,G108611A
01tVT000008QggYYAS,FUENTE PORCELANA CON LED,PORCELAIN FOUNTAIN,G112175A
01tVT000008QgztYAC,SET BISTRO ACERO 3 PIEZAS,STEEL BISTRO SET 3 PIECES,G108612A
01tVT000008QhMTYA0,SALA DE PATIO ACERO 4PCS,STEEL SOFA SET 4 PIECES,G108613A
01tVT000008Qhj4YAC,FUENTE BUDA POLIRESINA CON LED,BUDDHA FOUNTAIN,G112181A
01tVT000008Qi7FYAS,FUENTE PIEDRA CON LED,STONE FOUNTAIN,G112176A
01tVT000008QiDhYAK,SOMBRILLA JARDIN 8 RIBS,GARDEN UMBRELLA,G106331A
01tVT000008QibtYAC,"SOMBRILLA DE JARDÍN DE ACERO DE 2,4 M",STEEL GARDEN PARASOL 2.4M,G106332A
01tVT000008QilZYAS,"SOMBRILLA DE JARDÍN DE ACERO DE 2,7 M",STEEL GARDEN PARASOL 2.7M,G106333A
01tVT000008Qj4vYAC,FUENTE BOL POLIRESINA,MONDER FOUNTAIN,G112177A
01tVT000008Qj89YAC,SOMBRILLA JARDIN 8 RIBS,GARDEN UMBRELLA,G106334A
01tVT000008QjHpYAK,FUENTE OLLA POLIRESINA CON LED,MONDER FOUNTAIN,G112178A
01tVT000008QjUjYAK,FUENTE BOL POLIRESINA CON LED,MONDER FOUNTAIN,G112179A
01tVT000008QjZaYAK,FUENTE RANA POLIRESINA CON LED,FROG FOUNTAIN,G112180A
01tVT000008QjuXYAS,FUENTE BUDA POLIRESINA CON LED,BUDDHA FOUNTAIN,G112182A
01tVT000008SWBeYAO,MESA AUXILIAR ACERO,STEEL COFFEE TABLE,G109094A
01tVT000008Sb1dYAC,SET BISTRO ACERO 3PCS,STEEL BISTRO SET 3 PIECES,G108614A
01tVT000008SbG9YAK,SET BAR BISTRO ACERO 3PCS,STEEL BARLCONY BISTRO SET 3PCS,G108615A
01tVT000008ScybYAC,MESA AUXILIAR REDONDA PLASTICA,PP ROUND TABLE,G109095A
01tVT000008Sd8HYAS,MESA AUXILIAR CUADRADA PLASTICA,PP SQUARE TABLE,G109096A
01tVT000008SdOPYA0,MESA AUXILIAR CUADRADA PLASTICA,PP SQUARE TABLE,G109097A
01tVT000008SdY5YAK,MESA AUXILIAR CUADRADA PLASTICA NEGRA,PP SQUARE TABLE,G109098A
01tVT000008TWXlYAO,MESA AUXILIAR CUADRADA PLASTICA,PP SQUARE TABLE,G109099A
01tVT000008TXiMYAW,SOMBRILLA JARDIN LATERAL 8 RIBS  BASE DE SOMBRILLA CON RUEDAS,8-RIB SIDE GARDEN UMBRELLA,G106335A
01tVT000008TYhdYAG,SALA DE PATIO ESQUINA ROPE 3 PIEZAS CON COJINES,3PCS CORNER ROPE PATIO SET WITH CUSHIONS,G108616A
01tVT000008UeGLYA0,SOMBRILLA JARDIN LATERAL 8 RIBS  BASE DE SOMBRILLA CON RUEDAS,8-RIB SIDE GARDEN UMBRELLA,G106335M
01tVT000008UeeXYAS,SILLA METALICA,METAL CHAIR,G110226Y
01tVT000008VCMrYAO,SET SOFA RECLINABLE MANUAL 1+2+3 PLAZA,3PCS MANUAL RECLINING SOFA SET,H309226B
01tVT000008VDpBYAW,SALA DE PATIO WICKER 7 PIEZAS CON COJINES,7PCS GARDEN SOFA SET,G108617A
01tVT000008VE8XYAW,SALA DE PATIO WICKER 7 PIEZAS CON COJINES,7PCS GARDEN SOFA SET WITH PLASTIC WOOD TABLE,G108618A
01tVT000008VEV7YAO,SALA DE PATIO ESQUINA WICKER 7 PIEZAS CON COJINES,7PCS GARDEN SOFA SET,G108619A
01tVT000008W76bYAC,MESA AUXILIAR CUADRADA PLASTICA VERDE,PP SQUARE TABLE,G109100T
01tVT000008W7WPYA0,MESA AUXILIAR CUADRADA PLASTICA CAQUI,PP SQUARE TABLE,G109101T
01tVT000008WFowYAG,SALA DE PATIO ACERO 4 PIEZAS,STEEL SOFA SET 4 PIECES,G108527T
01tVT000008WH5yYAG,SET BAR BISTRO ACERO 3PCS,STEEL BARLCONY BISTRO SET 3PCS,G108615T
01tVT000008WHU9YAO,MESA AUXILIAR CUADRADA PLASTICA NEGRA,PP SQUARE TABLE,G109098T
01tVT000008WHqjYAG,MESA AUXILIAR ACERO,STEEL COFFEE TABLE,G109094T
01tVT000008WHxBYAW,SET BISTRO ACACIA CON COJIN,BISTRO SET 3 PCS,G108233T
01tVT000008WHynYAG,SET BISTRO ACERO 3PCS,STEEL BISTRO SET 3 PIECES,G108614T
01tVT000008Z3HlYAK,SET COMEDOR 5 PIEZAS,DINING SET WITH CUSHION 5 PIECES,G108620A
01tVT000008Z40vYAC,SET COMEDOR 5 PIEZAS,DINING SET WITH CUSHION 5 PIECES,G108621A
01tVT000008Z4IfYAK,SET COMEDOR 5 PIEZAS,DINING SET WITH ALUMINIUM TABLE TOP AND CUSHION 5 PIECES,G108622A
01tVT000008Z4XBYA0,SET COMEDOR 9 PIEZAS,DINING TABLE AND CHAIR SET WITH CUSHION 9 PIECES,G108623A
01tVT000008Z5cvYAC,SET BISTRO 5 PIEZAS,PATIO DINING TABLE SET WITH CUSHION 5 PIECES,G108624A
01tVT000008Z5prYAC,ESPEJO DE SUELO LED,LED FLOOR MIRROR,H315123B
01tVT000008Z7GXYA0,ESPEJO DE SUELO LED,LED FLOOR MIRROR,H315121B
01tVT000008Z7WfYAK,ESPEJO DE SUELO LED,LED FLOOR MIRROR,H315122B
01tVT000008ZnCXYA0,SET COMEDOR ALUMINIO 5PCS,5PCS ALUMINIUM DINING SET,G108625A
01tVT000008Zu5yYAC,ASADOR CARBON ELECTRONICA,ELECTRIC CHARCOAL GRILL,G301252A
01tVT000008Zy1VYAS,ASADOR CARBON PLEGABLE EN MALETIN CON ACCESORIOS,FOLDING CHARCOAL GRILL IN CASE WITH ACCESSORIES,G301253A
01tVT000008apfJYAQ,ASADOR CARBON,CHARCOAL GRILL,G301254A
01tVT000008apyfYAA,ASADOR CARBON,CHARCOAL GRILL,G301255A
01tVT000008bttmYAA,ASADOR CARBON CERAMICO REDONDO CON MESAS LATERALES,Classic Series 16 inch,G301082Y
01tVT000008gAftYAE,ASADOR GAS BARBACOA CON QUEMADOR LATERAL Y RUEDAS,GAS BBQ 4B WITH SIDE BURNER,G301256A
01tVT000008gP2DYAU,SILLA RESINA DOBLE PLEGABLE,FOLDING CHAIR,G101130A
01tVT000008gcx7YAA,NEVERA PORTATIL CON RUEDAS (50L-86 LATAS),50L HARD COOLER WITH WHEELS (86 CANS),G603039M
01tVT000008gcyjYAA,MESA RESINA IMITACION MADERA PLEGABLE,PLASTIC FOLDING TABLE WITH WOODEN LOOK,G102022M
01tVT000008gd0LYAQ,BANCO RESINA PLEGABLE IMITACION MADERA,FOLDING BENCH WOOD DESIGN,G101089M
01tVT000008gd1xYAA,SET PICNIC RESINA RECTANGULAR IMITACION  MADERA,"6FT PICNIC TABLE, WOOD DESIGN",G101097M
01tVT000008gd3ZYAQ,GAZEBO CUADRADO METALICO CON PARED KD VERSION,STEEL PERGOLA,G106315M
01tVT000008gd8PYAQ,JUEGO DE COMEDOR PARA EXTERIOR DE ACACIA DE 5 PIEZAS,ACACIA DINING SET 5 PIECES,G108600M
01tVT000008gdBdYAI,SET COMEDOR ACACIA Y ROPE 5 PIEZAS CON COJINES,DINING SET,G108601M
01tVT000008gdErYAI,TUMBONA Y BANCA 2 EN 1 ACACIA CON COJINES,SUNLOUNGER + BENCH,G111132M
01tVT000008gdI5YAI,SALA DE PATIO ACACIA 4 PIEZAS CON ROPE Y COJINES,4 PIECES ROPE CONVERSATION SET,G108468M
01tVT000008gdLJYAY,SILLON DOBLE METALICA CON MESA AUXILIAR Y COJINES,LOVE SEAT SOFA KD,G110141M
01tVT000008gdQ9YAI,SET COMEDOR 7 PIEZAS,7 PIECES ALU DINING SET,G108450M
01tVT000008gdRlYAI,SILLA GIRATORIA HUEVO,KD SWIVEL CHAIR,G111100M
01tVT000008h0o9YAA,SILLA RESINA DOBLE PLEGABLE,FOLDING CHAIR,G101131A
01tVT000008hRUzYAM,SALA DE PATIO ACERO 4 PIEZAS CON COJINES,STEEL SOFA SET 4 PIECES,G108626A
01tVT000008k54wYAA,ESTANTERIA REDONDA 5 NIVELES ORGANIZADOR CON RUEDAS,5-layer kitchen round storage rack,H212023M
01tVT000008k6IjYAI,CARRITO ORGANIZADOR COCINA 2 NIVELES,BAMBOO TROLLEY,H212036M
01tVT000008k6PBYAY,CARRITO ISLA COCINA,WOODEN KITCHEN CART,H212031M
01tVT000008k6QnYAI,PERCHERO ORGANIZADOR 2 NIVELES,3 TIERS GARMENT RACK,H406040M
01tVT000008k6SPYAY,ESTANTERIA 4 NIVELES ORGANIZADOR CON RUEDAS,Folding Storage Rack 4 TIERS,H212021M
01tVT000008k6U1YAI,ESTANTERIA METALICA 5 NIVELES,5 TIERS WIRE SHELF,H406047M
01tVT000008k6XFYAY,CARRO LAVANDERIA CON RUEDAS,LAUNDRY CART WITH WHEELS,H405148M
01tVT000008k6c5YAA,MANGUERA EXPANDIBLE 22 MT C/PISTOLA 8 FUNCIONES,EXPANDABLE HOSE 22 MT WITH 8 FUNCTION GUN,G401077M
01tVT000008k6gvYAA,"MANGUERA 50 MTS - 5/8 """,GARDEN HOSE,G401063M
01tVT000008k6iXYAQ,PORTAMANGUERA AUTOENRROLLABLE CON MANGUERA PARED 20 MT,AUTO REWIND HOSE REEL 20 M,G206041M
01tVT000008k6ozYAA,FUENTE CON LED,POT FOUNTAIN + LED,G112166M
01tVT000008k6qbYAA,CENTRO DE JUEGOS GRANDE,3-IN-1 KIDS SLIDE & SWING & BASKETBALL HOOP,P101076M
01tVT000008k6vRYAQ,CENTRO DE JUEGOS GRANDE,KIDS BUS SLIDE,P101081M
01tVT000008k6x3YAA,CASA DE MUNECAS,KIDS PLAYHOUSE,P101077M
01tVT000008k6yfYAA,CENTRO DE JUEGOS GRANDE,KIDS SLIDE & CLIMBER,P101080M
01tVT000008k73VYAQ,FUENTE ABSTRACTA CON LED,ABSTRACT FOUNTAIN + LED,G112167M
01tVT000008l2GHYAY,PRUEBA 2,SAMPLE 2,B301247V
01tVT000008lCabYAE,SALA DE PATIO ACACIA 4 PIEZAS CON COJINES,4PIECES ROUND TABLE CONVERSATION SET,G108467B
01tVT000008lCdpYAE,SALA DE PATIO ACACIA 4 PIEZAS CON COJINES,4PIECES ROUND TABLE CONVERSATION SET,G108467M
01tVT000008pKZZYA2,ESPEJO DE PARED REDONDO CON MARCO MADERA,WOODEN FRAMED MIRROR,H315124B
01tVT000008pxPdYAI,SET BISTRO ACACIA 3 PIEZAS CON COJIN,3 PIECES CHAT SET WITH CUSHION,G108454E
01tVT000008qV9aYAE,SALA DE PATIO ACERO 4 PIEZAS CON COJINES,STEEL SOFA SET 4 PIECES,G108626T
01tVT000008qVxZYAU,MESA AUXILIAR CUADRADA PLEGABLE,FOLDING SIDE TABLE,G109017T
01tVT000008qW0nYAE,SALA DE PATIO ACERO 4PCS,STEEL SOFA SET 4 PIECES,G108613T
01tVT000008qW8rYAE,SET BISTRO WICKER 3 PIEZAS CON COJINES,3 PIECES ROCKING CHAIR SET WITH CUSHION,G108578T
01tVT000008qWIXYA2,SET COMEDOR METALICO 5 PIEZAS,5PCS DINING SET,G108562T
01tVT000008qWOzYAM,SILLA PLAYA,BEACH CHAIR,G501098T
01tVT000008qWSDYA2,TUMBONA METALICA CON TEXTILENO,SUNBED,G111073T
01tVT000008qda9YAA,MESA AUXILIAR CUADRADA PLEGABLE,FOLDING SIDE TABLE,G109102T
01tVT000008qdwjYAA,NEVERA PORTATIL CON RUEDAS (50L-86 LATAS),50L HARD COOLER WITH WHEELS (86 CANS),G603087A
01tVT000008sjpxYAA,PARRILLA PORTÁTIL DE CARBÓN,PORTABLE CHARCOAL GRILL SET,G301257A
01tVT000008vkkfYAA,SET COMEDOR WICKER 9 PIEZAS CON COJINES,DINING SET,G108627A
01tVT000008vl2PYAQ,SET COMEDOR WICKER 9 PIEZAS CON COJINES,DINING SET,G108628A
01tVT000008vlX3YAI,SALA DE PATIO WICKER 5 PIEZAS CON COJINES,SOFA SET,G108629A
01tVT000008welFYAQ,SET COMEDOR ACERO 6 PIEZAS CON SOMBRILLA,6Pcs Steel Textilene chair & table set,G108630A
01tVT000008wey9YAA,SET COMEDOR ACERO 6 PIEZAS CON SOMBRILLA,6Pcs Steel Textilene chair & table set,G108631A
01tVT000008xiJmYAI,MESA RESINA PLEGABLE ? 4.5 cm,6FT FOLDING HDPE TABLE,G101007HL
01tVT000008xiJnYAI,MESA RESINA PLEGABLE ? 4.5 cm,6FT FOLDING HDPE TABLE,
01tVT000008xiYHYAY,SILLA PLEGABLE DOBLE,FOLDING HDPE CHAIR,G101003HL
01tVT000008xiZtYAI,MESA RESINA PLEGABLE ? 4 cm,122 CM FOLDING TABLE,G101024HL
01tVT000008xigLYAQ,MESA RESINA PLEGABLE ? 4 cm,FOLDING TABLE 122CM,G101105HL
01tVT000008xilBYAQ,MESA RESINA PLEGABLE 180 CM,6 FT FOLDING HDPE TABLE,G101008HL
01tVT000008xj1JYAQ,SOFA SECCIONAL CHESLONG,COMPRESSED SOFA,H309175M
01tVT0000090kyZYAQ,MESA RESINA PLEGABLE ? 4.5 cm,6FT FOLDING HDPE TABLE,G101134HL
01tVT0000090mgzYAA,MESA RESINA PLEGABLE ? 4.5 cm,6FT FOLDING HDPE TABLE,G101132HE
01tVT0000090mibYAA,MESA RESINA PLEGABLE ? 4.5 cm,6FT FOLDING HDPE TABLE,G101133HL
01tVT0000090zEPYAY,SILLON CAMA FUTÓN,COMPRESSED SOFA,H311112M
01tVT00000918G5YAI,SILLA COMEDOR RATAN,RATTAN CHAIR,G110227A
01tVT00000918rBYAQ,SILLA COMEDOR DE ALUMINIO CON CUERDA,ALUMINUM WOVEN ROPE BAR CHAIR,G110228A
01tVT0000091LurYAE,SILLON JARDIN ACERO CON COJINES,STEEL CENTER SOFA WITHOUT ARM,G110229A
01tVT0000091MMHYA2,SILLON JARDIN ACERO CON COJINES,KD STEEL SINGLE SOFA ARMLESS,G110230A
01tVT0000091cCXYAY,"VENTILADOR DE CIRCULACIÓN, CONTROL REMOTO","CIRCULATION FAN, REMOTE CONTROL",B301243VI
01tVT0000091cIzYAI,VENTILADOR TORRE 120V 60W,TOWER FAN,B301137VI
01tVT0000091cNpYAI,"VENTILADOR TORRE 32"" 45W","32"" TOWER FAN",B301158VI
01tVT00000926AbYAI,SILLA COMEDOR WICKER CON COJIN,WICKER CHAIR WITH CUSHION,G110231A
01tVT00000926nJYAQ,CARRITO AUXILIAR ACACIA PLEGABLE 2 NIVELES CON RUEDAS,FOLDABLE TEA TROLLEY WITH WHEELS,G109103A
01tVT00000927t3YAA,CARRITO AUXILIAR 2 NIVELES CON RUEDAS,BARBECUE TEA TROLLEY WITH WHEELS,G109104A
01tVT0000092DOzYAM,SET BAR ACACIA 5 PIEZAS,TIMER BAR SET 5 PIECES,G108632A
01tVT0000092DjxYAE,SET BAR ACACIA 5 PIEZAS,ACACIA BAR SET 5 PIECES,G108633A
01tVT0000093iAbYAI,MESA RESINA PLEGABLE ? 3.8 cm,6 SOLID FOLDING TABLE,G101135A
01tVT0000093iddYAA,MESA RESINA PLEGABLE ? 4.5 cm,8' SOLID FOLDING TABLE,G101136A
01tVT00000955BZYAY,MESA RESINA PLEGABLE ? 4.5 cm,6FT FOLDING HDPE TABLE,G101137VI
01tVT00000955BaYAI,MESA RESINA PLEGABLE ? 4.5 cm,6FT FOLDING HDPE TABLE,
01tVT0000097mxBYAQ,SILLON CAMA FUTÓN,COMPRESSED SOFA,H311152B
01tVT000009JavRYAS,CESTA PARRILLA BARBACOA CON 2 OREJAS,GRILL BASKET,G302098A
01tVT000009NW0PYAW,BANDEJA GRILL BBQ 3 PIEZAS,BBQ TOOLS 3 PIECES,G302099A
01tVT000009NWzhYAG,BANDEJA GRILL BBQ 3 PIEZAS,BBQ TOOLS 3 PIECES,G302100A
01tVT000009PtwzYAC,SET BISTRO ALUMINIO & POLYWOOD 3 PIEZAS,3 PIECE ALUMINUM & POLYWOOD BISTRO SET,G108495Q
01tVT000009SDJhYAO,BANDEJA GRILL BBQ 3 PIEZAS,BBQ TOOLS 3 PIECES,G302101A
01tVT000009SO73YAG,SET COMEDOR 5 PIEZAS,DINING SET,H210159B
01tVT000009SO8fYAG,SILLA ORDENADOR MESH,OFFICE CHAIR,H101161B
01tVT000009U0YUYA0,MESA PVC,PVC TABLE,H211042B
01tVT000009VcILYA0,ESTANTERIA EN ESQUINA 6 NIVELES CON LED,CORNEW SHELF WITH LED LIGHT 6 TIERS,H314177B
01tVT000009VcgXYAS,ESTANTE ESQUINERO PIRAMIDAL DE 5 NIVELES,PYRAMID CORNER SHELF 5 TIERS,H314178B
01tVT000009VcwfYAC,ESTANTE ESQUINERO 6 NIVELES,CORNER SHELF 6 TIERS,H314179B
01tVT000009WW9FYAW,ESTANTERIA PESADA 5 NIVELES,HEAVY DUTE SHELVE 5 TIERS,H406115B
01tVT000009WWXRYA4,ESTANTERIA PLASTICO LISO 4 NIVELES,PLASTIC SHELVES 4 LAYERS,H406116B
01tVT000009WWijYAG,ESTANTERIA PLASTICO RUGOSO 5 NIVELES,PLASTIC SHELVES 5 LAYERS,H406117B
01tVT000009WXjdYAG,CARRITO PLEGABLE CON ASIENTO,SOFA SET FOLDING WAGON,G602105A
01tVT000009XlfiYAC,ESTANTERIA PLASTICO RUGOSO 4 NIVELES,PLASTIC SHELVE 4 LAYERS,H406119B
01tVT000009Xn3BYAS,CARRITO PLEGABLE CON ASIENTO,2 IN 1 SOFA SETA FOLDING WAGON,G602106A
01tVT000009Xnj7YAC,ESTANTERIA PLASTICO LISO 3 NIVELES,PLASTIC SHELVES 3 LAYERS,H406118B
01tVT000009XoTtYAK,ESTANTERIA PLASTICO RUGOSO 3 NIVELES,PLASTIC SHELVES 3 LAYERS,H406120B
01tVT000009XowvYAC,ESTANTERIA PLASTICO LISO 5 NIVELES,PLASTIC SHELVES 5 LAYERS,H406121B
01tVT000009Xy6fYAC,FUENTE ABSTRACTA CON LED,ABSTRACT FOUNTAIN + LED,G112183A
01tVT000009YyhJYAS,SOFA CAMA,SOFA BED,H309227B
01tVT000009YzLdYAK,SOFA CAMA,SOFA BED,H309228B
01tVT000009YzYXYA0,SOFA CAMA,SOFA BED,H309229B
01tVT000009ZDtFYAW,CENTRO ENTRETENIMIENTO 2 NIVELES,TV STAND,H316041S
01tVT000009ZDurYAG,CENTRO ENTRETENIMIENTO 2 NIVELES,TV STAND,H316043S
01tVT000009ZDzhYAG,CENTRO ENTRETENIMIENTO 1 NIVEL CON 1 CAJÓN,TV STAND,H316044S
01tVT000009arWrYAI,SOMBRILLA JARDIN LATERAL 8 RIBS  BASE DE SOMBRILLA CON RUEDAS,8-RIB SIDE GARDEN UMBRELLA,G106335Q
01tVT000009kuoQYAQ,SILLA PLEGABLE CAMPING CON BOLSA,FOLDING CAMPING CHAIR,G602047AR
01tVT000009r0cdYAA,GUANTES PARA BARBACOA,BBQ GLOVES,G302103A
01tVT000009r2phYAA,DELANTAL DE BARBACOA,BBQ APRON,G302102A
01tVT000009riSMYAY,CALENTADOR PATIO TORRE DE GAS,TOWER HEATER,B302181C
01tVT000009rlgMYAQ,SILLA ORDENADOR MESH,OFFICE CHAIR,H101176B
01tVT000009rrnNYAQ,POZO DE FUEGO,FIRE PIT,G301258A
01tVT000009rs9xYAA,CALENTADOR PATIO TORRE DE GAS,TOWER HEATER,B302182C
01tVT000009txlSYAQ,ESPEJO DE SUELO CON MARCO ALUMINIO Y COLGADOR,MIRROR,H315125B
01tVT000009u26nYAA,ESPEJO DE SUELO CON MARCO ALUMINIO Y COLGADOR,MIRROR,H315126B
01tVT000009u4YPYAY,ESPEJO DE SUELO CON MARCO ALUMINIO Y COLGADOR,MIRROR,H315127B
01tVT000009u4rlYAA,ESPEJO DE PARED REDONDO CON MARCO DE MADERA Y COLGADOR,MIRROR,H315128B
01tVT000009u54fYAA,ESPEJO DE PARED REDONDO CON MARCO DE MADERA Y COLGADOR,MIRROR,H315129B
01tVT000009u5JBYAY,ESPEJO DE PARED RECTANGULAR CON MARCO DE MADERA Y COLGADOR,MIRROR,H315130B
01tVT000009u7EXYAY,SILLA DOBLE PLAYA CON TOLDO,FOLDING CHAIR WITH SUNSHADE,G501149A
01tVT000009u8P8YAI,COLUMPIO BALANCIN DOBLE,2-SEATER TEXTILENE SWING CHAIR,G111133A
01tVT000009u9EjYAI,TUMBONA PLAYA METALICA,PATIO LOUNGER,G501150A
01tVT000009uASXYA2,SET BISTRO METALICO PLEGABLE 3 PIEZAS,STEEL FOLDING BISTRO SET 3 PIECES,G108634A
01tVT000009uDQPYA2,SILLA ORDENADOR,COMPUTER CHAIR,H101177B
01tVT000009uDi9YAE,MESA ESCRITORIO,COMPUTER DESK,H102200B
01tVT000009uEUXYA2,SET COMEDOR VIDRIO + 4 SILLAS,DINING SET 5 PIECES,H210200B
01tVT000009uF41YAE,SET COMEDOR + 4 SILLAS,DINING SET 5 PIECES,H210201B
01tVT000009uFLlYAM,SET COMEDOR VIDRIO + 4 SILLAS,DINING SET 5 PIECES,H210202B
01tVT000009uFbtYAE,SET DESAYUNADOR MDF + 2 TABURETES + ALMACENAJE 1 NIVELES,DINING SET 3 PIECES,H210203B
01tVT000009uG89YAE,SOFA CAMA,SOFA BED,H309230B
01tVT000009uGePYAU,SILLON CAMA,HALF-COMPRESSED SOFA BED,H309231B
01tVT000009uH4DYAU,CABECERA DE CAMA,BED HEAD,H313100B
01tVT000009uHozYAE,ASADOR CARBON CUADRADO,SQUARE CHARCOAL GRILL,G301259A
01tVT000009uorNYAQ,SILLON LUNA PLEGABLE TERCIOPELO,SAUCER CHAIR,G110232A
01tVT000009upgzYAA,SILLON MARIPOSA PLEGABLE,BUTTERFLY CHAIR,G110233A
01tVT000009v54DYAQ,SILLA PP PLEGABLE,PP FOLDING CHAIR,G101138A
01tVT000009vxZGYAY,ASADOR CARBON REDONDO,ROUND CHARCOAL GRILL,G301260A
01tVT000009w0fCYAQ,ASADOR CARBON CUADRADO,SQUARE CHARCOAL GRILL,G301262A
01tVT000009w0iQYAQ,ASADOR CARBON REDONDO,ROUND CHARCOAL GRILL,G301261A
01tVT000009w25tYAA,ASADOR CARBON CUADRADO,SQUARE CHARCOAL GRILL,G301263A
01tVT000009w3wPYAQ,SOFA CAMA,SOFA BED,H309232B
01tVT000009w4ajYAA,AIRE ACONDICIONADO PORTATIL MULTIFUNCIONAL,SMART PORTABLE AIR CONDITIONER,B301248C
01tVT000009w4ndYAA,SET ACCESORIOS 6 PIEZAS BBQ TELA MIGAO,6PCS BBQ TOOL SET,G302104HE
01tVT000009w4pFYAQ,AIRE ACONDICIONADO PORTATIL MULTIFUNCIONAL,SMART PORTABLE AIR CONDITIONER,B301249C
01tVT000009w55NYAQ,SET ACCESORIOS 6 PIEZAS BBQ TELA DENIM,6PCS BBQ TOOL SET,G302105HE
01tVT000009w5BpYAI,DESHUMIDIFICADOR PORTATIL,PORTABLE DEHUMIDIFIER,B301250C
01tVT000009w5VBYAY,ENFRIADOR DE AIRE PORTATIL 80W,COOLER,B301251C
01tVT000009w5dFYAQ,ENFRIADOR DE AIRE PORTATIL 120W,COOLER,B301252C
01tVT000009w5rlYAA,ENFRIADOR DE AIRE PORTATIL 120W,COOLER,B301253C
01tVT000009w61RYAQ,ENFRIADOR DE AIRE PORTATIL 200W,COOLER,B301254C
01tVT000009w6HZYAY,DESHUMIDIFICADOR 2L 240W,DEHUMIDIFIER,B301255C
01tVT000009whQnYAI,ESTANTERIA 4 NIVELES EN ESQUINA,4 TIERS CORNER DISPLAY SHELF,H302053B
01tVT000009xMDpYAM,MESA RESINA PLEGABLE 180 CM,6 FT FOLDING HDPE TABLE,G101118A
01tVT00000A0b1pYAB,SERIE DE LUZ SOLAR COLGANTE DIAMANTE NEGRO,10CT BLACK DIAMOND SOLAR STRING LIGHT,G112184A
01tVT00000A0bHxYAJ,SERIE DE LUZ SOLAR COLGANTE ESPIRAL NEGRO,10CT BLACK SPIRAL SOLAR STRING LIGHT,G112185A
01tVT00000A1EHiYAN,SERIE DE LUZ SOLAR COLGANTE BOMBILLAS,10CT BULBS SOLAR STRING LIGHT,G112188A
01tVT00000A1GkvYAF,SERIE DE LUZ SOLAR COLGANTE PIÑA,10CT PINEAPPLES SOLAR STRING LIGHT,G112186A
01tVT00000A1GwDYAV,SERIE DE LUZ SOLAR COLGANTE BOLITAS,50CT MINI BALLS SOLAR STRING LIGHT,G112187A
01tVT00000A1I1xYAF,"MANGUERA PVC 15MTS 1/2"" CON ACCESORIOS",PVC GARDEN HOSE,G401121A
01tVT00000A2BknYAF,MANGUERA EXPANDIBLE 15 MT C/PISTOLA 7 FUNCIONES,EXPANDABLE HOSE,G401122A
01tVT00000A2F8UYAV,CORTE PASTO SINTETICO 40MM,40MM SYNTHETIC MEAL COURT,G403028A
01tVT00000A2FwTYAV,MANGUERA EXUDANTE 15 MTS,15M SOAKER HOSE,G401123A
01tVT00000A2GkTYAV,SET MANGUERA PVC 10 MTS 8 FUNCIONES CON SOPORTE,HOSE HOLDER SET,G401124A
01tVT00000A2HBtYAN,ASADOR CARBON RECTANGULAR DE MEDIO BIDON,SMALL BASED HALF OIL DRUM GRILL,G301264A
01tVT00000A2HYTYA3,MURO VERDE EXPANDIBLE FOLLAJE HOJA ARTIFICIAL,EXPANDABLE GREEN WALL ARTIFICIAL LEAF FOLIAGE,G403027A
01tVT00000A2I1VYAV,CEPILLO LIMPIADOR BBQ,BBQ CLEANING BRUSH,G302106A
01tVT00000A2IJFYA3,CEPILLO LIMPIADOR BBQ,BBQ CLEANING BRUSH,G302107A
01tVT00000A2IKsYAN,PRENSA PARA HAMBURGUESAS,BURGER PRESS,G302109A
01tVT00000A2IfpYAF,ASADOR CARBON RECTANGULAR DE MEDIO BIDON CON MESA LATERAL,HALF OIL DRUM GRILL WITH SIDE TABLE AND THE COOKING HEIGHT ADJUSTOR,G301265A
01tVT00000A2IhRYAV,SET ACCESORIOS 2 PIEZAS BBQ,OIL BOWL SET,G302108A
01tVT00000A2IsjYAF,ASADOR CARBON RECTANGULAR DE MEDIO BIDON CON MESA LATERAL,CHARCOAL GRILL,G301266A
01tVT00000A2JAUYA3,ASADOR CARBON RECTANGULAR CON MESAS LATERALES,32INCH CHARCOAL GRILL,G301267A
01tVT00000A2JQbYAN,SET ACCESORIOS 4 PIEZAS BBQ,GRIDDLE TOOLS SET 4 PIECES,G302110A
01tVT00000A2JvFYAV,SET ACCESORIOS 5 PIEZAS BBQ,BBQ SET 5 PIECES,G302111A
01tVT00000A2KCzYAN,GARRA PARA CARNE,MEAT CLAW,G302112A
01tVT00000A2KRVYA3,PINCHO GRILL BBQ 6 PIEZAS,BBQ GRILL SKEWER 6 PIECES,G302113A
01tVT00000A2KrJYAV,AFILADOR DE CUCHILLOS,KNIFE SHARPENER,G302114A
01tVT00000A2yiIYAR,SILLA PLEGABLE CAMPING,FOLDING CAMPING CHAIR,G602107A
01tVT00000A2zpdYAB,MESA PLEGABLE CAMPING,FOLDING CAMPING TABLE,G602108A
01tVT00000A30qXYAR,CALEFACTOR ELECTRICO DE RADIACION DE CARBONO 900W,ELECTRIC RADIANT HEATER - CARBON 900W,B302183C
01tVT00000A32IsYAJ,CALEFACTOR ELECTRICO DE RADIACION HALOGENO 1200W,ELECTRIC RADIANT HEATER - HALOGEN 1200W,B302185C
01tVT00000A33zhYAB,CALEFACTOR ELECTRICO DE RADIACION HALOGENO 1200W,ELECTRIC RADIANT HEATER - HALOGEN 1200W,B302184C
01tVT00000A34u9YAB,CALEFACTOR CERAMICO CON VENTILADOR (PTC) 1500W,PTC FAN HEATER 1500W,B302186C
01tVT00000A5A2cYAF,CONVECTOR ELECTRICO 2000W,ELECTRIC CONVECTOR 2000W,B302189C
01tVT00000A5BhpYAF,CALEFACTOR CERAMICO CON VENTILADOR (PTC) 2000W,PTC FAN HEATER 2000W,B302187C
01tVT00000A5CQzYAN,CONVECTOR ELECTRICO 2000W,ELECTRIC CONVECTOR 2000W,B302188C
01tVT00000A5FqHYAV,CALEFACTOR MURAL CERAMICO CON VENTILADOR (PTC) 2000W,WALL-MOUNTED PTC FAN HEATER 2000W,B302190C
01tVT00000A5GeHYAV,CALEFACTOR MURAL CERAMICO CON VENTILADOR (PTC) 2000W,WALL-MOUNTED PTC FAN HEATER 2000W,B302191C
01tVT00000A5GuPYAV,CALEFACTOR MURAL CERAMICO CON VENTILADOR (PTC) 2000W,WALL-MOUNTED PTC FAN HEATER 2000W,B302192C
01tVT00000A5H7JYAV,CALEFACTOR MURAL CERAMICO CON VENTILADOR (PTC) 2000W,WALL-MOUNTED PTC FAN HEATER 2000W,B302193C
01tVT00000A5xo6YAB,CALEFACTOR ELECTRICO TERMOVENTILADOR OSCILANTE 1500W,OSCILLATING FAN HEATER WITH THERMOSTAT 1500W,B302199C
01tVT00000A5yNZYAZ,CALEFACTOR ELECTRICO TERMOVENTILADOR 1500W,FAN HEATER WITH THERMOSTAT 1500W,B302194C
01tVT00000A5yfJYAR,CALEFACTOR ELECTRICO TERMOVENTILADOR 1500W,FAN HEATER WITH THERMOSTAT 1500W,B302195C
01tVT00000A5yvRYAR,CALEFACTOR ELECTRICO TERMOVENTILADOR 1500W,FAN HEATER WITH THERMOSTAT 1500W,B302196C
01tVT00000A5zEnYAJ,CALEFACTOR ELECTRICO TERMOVENTILADOR 1500W,FAN HEATER WITH THERMOSTAT 1500W,B302197C
01tVT00000A5zTJYAZ,CALEFACTOR ELECTRICO TERMOVENTILADOR 1500W,FAN HEATER WITH THERMOSTAT 1500W,B302198C
01tVT00000A60CTYAZ,CALEFACTOR CERAMICO TORRE CON VENTILADOR (PTC) 2000W,TOWER PTC HEATER 2000W,B302200C
01tVT00000A60afYAB,CALEFACTOR CERAMICO CON VENTILADOR (PTC) 1500W,TOWER CERAMIC PTC HEATER 1500W,B302201C
01tVT00000A60sPYAR,CALEFACTOR CERAMICO CON VENTILADOR (PTC) 1500W,TOWER CERAMIC PTC HEATER 1500W,B302202C
01tVT00000A61YLYAZ,CALEFACTOR CERAMICO SOBREMESA CON VENTILADOR (PTC) 1500W,TABLE PTC HEATER 1500W,B302203C
01tVT00000A61dCYAR,CALEFACTOR CERAMICO SOBREMESA CON VENTILADOR (PTC) 1200W,TABLE PTC HEATER 1200W,B302206C
01tVT00000A61q5YAB,CALEFACTOR CERAMICO SOBREMESA CON VENTILADOR (PTC) 1500W,TABLE PTC HEATER 1500W,B302204C
01tVT00000A627pYAB,CALEFACTOR CERAMICO SOBREMESA CON VENTILADOR (PTC) 1500W,TABLE PTC HEATER 1500W,B302205C
01tVT00000A62xRYAR,CALEFACTOR CERAMICO SOBREMESA CON VENTILADOR (PTC) 1500W,TABLE PTC HEATER 1500W,B302207C
01tVT00000A63QTYAZ,CALEFACTOR CERAMICO SOBREMESA CON VENTILADOR (PTC) 1500W,VINTAGE TABLE COLORFUL PTC HEATER 1500W,B302208C
01tVT00000A6pN3YAJ,CALEFACTOR +VENTILADOR+ HUMIDIFICADOR ELECTRICO (3 EN 1) 1500W,HEATER + FAN + HUMIDIFER (3 IN 1) 1500W,B302209C
01tVT00000A6r8jYAB,CALEFACTOR CERAMICO CON VENTILADOR (PTC) 2000W,PTC FAN HEATER 2000W,B302210C
01tVT00000A6rgbYAB,CONVECTOR ELECTRICO 2000W,ELECTRIC CONVECTOR 2000W,B302211C
01tVT00000A6seHYAR,CALEFACTOR DE ACEITE WIFI - DIGITAL PANEL CRISTAL 2000W,DIGITAL OIL HEATER WITH GLASS PANEL 2000W,B302212C
01tVT00000A6ssoYAB,CALEFACTOR DE CONVECCION WIFI - DIGITAL PANEL CRISTAL 2000W,DIGITAL CONVECTOR HEATER WITH GLASS PANEL 2000W,B302215C
01tVT00000A6tYjYAJ,CALEFACTOR DE ACEITE MANUAL - DIGITAL PANEL CRISTAL 2000W,DIGITAL OIL HEATER WITH GLASS PANEL 2000W,B302213C
01tVT00000A6tldYAB,CALEFACTOR DE CONVECCION - DIGITAL PANEL CRISTAL 2000W,DIGITAL CONVECTOR HEATER WITH GLASS PANEL 2000W,B302214C
01tVT00000A7LQAYA3,SOFA CAMA,SOFA BED,H309125ST
01tVT00000A7MSfYAN,SILLA ORDENADOR MESH,OFFICE CHAIR,H101176ST
01tVT00000A7MajYAF,ESTANTERIA 4 NIVELES EN ESQUINA,4 TIERS CORNER DISPLAY SHELF,H302053ST
01tVT00000A7MfZYAV,SILLA RESINA DOBLE PLEGABLE,FOLDING CHAIR,G101131ST
01tVT00000A7MhBYAV,MESA RESINA PLEGABLE 180 CM,6 FT FOLDING HDPE TABLE,G101118ST
01tVT00000A7b3ZYAR,CALEFACTOR CERÁMICO DIGITAL DE TORRE DE 17 PULGADAS CON VENTILADOR Y OSCILACIÓN,17 Digital Ceramic Tower Heater  w/ Fan & Oscillation,B302227C
01tVT00000A7fYXYAZ,CHIMENEA PORTÁTIL 1500W,Curved Screen Portable Fireplace  Heater W/ Water Transfer Finish,B302216C
01tVT00000A7fv7YAB,CHIMENEA PORTÁTIL 1500W,Portable Fireplace Heater With Top Control,B302217C
01tVT00000A7g1ZYAR,CALEFACTOR CERAMICO DE MANO (PTC) 350W,PTC FAN HEATER 350W,B302218C
01tVT00000A7gMXYAZ,CALEFACTOR CERAMICO SOBREMESA CON VENTILADOR (PTC) 350W,PTC FAN HEATER 350W,B302219C
01tVT00000A7gPlYAJ,CALEFACTOR CERAMICO 360 GRADOS 1500W,CERAMIC HEATER 360 DEGREES,B302220C
01tVT00000A7gw1YAB,CALEFACTOR CERAMICO SOBREMESA CON VENTILADOR (PTC) 1000W/1500W,PTC FAN HEATER 1000W/1500W,B302221C
01tVT00000A7gzFYAR,CALEFACTOR CERÁMICO DIGITAL DE TORRE DE 30 PULGADAS CON VENTILADOR Y OSCILACIÓN,30 Digital Ceramic Tower Heater  w/ Fan & Oscillation,B302222C
01tVT00000A7h7JYAR,CALEFACTOR CERAMICO SOBREMESA CON VENTILADOR (PTC) 1000W/1500W,PTC FAN HEATER 1000W/1500W,B302223C
01tVT00000A7hGzYAJ,CALEFACTOR CERAMICO SOBREMESA CON VENTILADOR (PTC) 1000W/1500W,PTC FAN HEATER 1000W/1500W,B302224C
01tVT00000A7hNRYAZ,CALEFACTOR DE TORRE CERÁMICO ULTRADELGADO CON VENTILADOR Y OSCILACIÓN,26 Ultra Slim Ceramic Tower Heater w/ Fan & Oscillation,B302225C
01tVT00000A7horYAB,CALEFACTOR CERÁMICO DIGITAL DE TORRE DE 23 PULGADAS CON VENTILADOR Y OSCILACIÓN,23 Digital Ceramic Tower Heater  w/ Fan & Oscillation,B302226C
01tVT00000A7iBRYAZ,CALEFACTOR CERAMICO CON VENTILADOR 750W/1500W,CERAMIC FAN HEATER 750W/1500W,B302228C
01tVT00000A7iL7YAJ,CALEFACTOR CERÁMICO DE TORRE DE 17 PULGADAS CON VENTILADOR Y OSCILACIÓN,17 Ceramic Tower Heater  w/ Fan & Oscillation,B302229C
01tVT00000A7ieTYAR,CALEFACTORES INFRARROJO DE 4 ELEMENTOS 750W/1500W,4-ELEMENT INFRARED HEATERS 750W/1500W,B302230C
01tVT00000A7ikvYAB,CALENTADOR DE TORRE DE LEÑA INFRARROJO CON 3 ELEMENTOS Y OSCILACIÓN,23'' tall 3-element infrared wood tower heater with oscillation,B302231C
01tVT00000A7iszYAB,CALEFACTORES INFRARROJO DE 6 ELEMENTOS 750W/1500W,6-ELEMENT INFRARED HEATERS 750W/1500W,B302232C
01tVT00000A7j97YAB,CALENTADOR DE TORRE DE LEÑA INFRARROJO CON 3 ELEMENTOS Y OSCILACIÓN,23'' tall 3-element infrared wood tower heater with oscillation,B302233C
01tVT00000A7mVCYAZ,CALEFACTOR ELECTRICO DE RADIACION TECHO 1500W,INFRARED CEILING ELECTRIC HEATER 1500W,B302240C
01tVT00000A7o8oYAB,CALEFACTOR CERAMICO TORRE CON EFECTO LLAMA Y ASA (PTC) 2000W,PTC HEATER WITH FLAME EFFECT 2000W,B302247C
01tVT00000A7oVNYAZ,CALEFACTOR CERAMICO DE MANO 350W,CERAMIC HANDY HEATER 350W,B302234C
01tVT00000A7ovBYAR,CALEFACTOR CERAMICO SOBREMESA CON VENTILADOR (PTC) 1000W,DESKTOP HEATER PTC 1000W,B302235C
01tVT00000A7pBJYAZ,CALEFACTOR CERAMICO SOBREMESA CON VENTILADOR (PTC) 1500W,DESKTOP HEATER PTC 1500W,B302236C
01tVT00000A7pODYAZ,CALEFACTOR CERAMICO SOBREMESA CON VENTILADOR (PTC) 1500W,DESKTOP HEATER PTC 1500W,B302237C
01tVT00000A7pWHYAZ,CALEFACTOR CERAMICO SOBREMESA CON VENTILADOR (PTC) 1500W,CERAMIC DESK HEATER PTC 1500W,B302238C
01tVT00000A7pknYAB,CALEFACTOR CERAMICO SOBREMESA OSCILANTE PTC 2000W,CERAMIC DESK HEATER OSCILLATION 2000W,B302239C
01tVT00000A7sHFYAZ,CALEFACTOR ELECTRICO CHIMENEA 1500W,FIREPLACE HEATER 1500W,B302241C
01tVT00000A7sSXYAZ,CALEFACTOR ELECTRICO CHIMENEA (PTC)1500W,FIREPLACE HEATER PTC 1500W,B302242C
01tVT00000A7scDYAR,CALEFACTOR ELECTRICO CHIMENEA 1500W,FIREPLACE HEATER 1500W,B302243C
01tVT00000A7skHYAR,CALEFACTOR ELECTRICO CHIMENEA 2000W,FIREPLACE HEATER 2000W,B302244C
01tVT00000A7t0PYAR,CALEFACTOR CERAMICO TORRE CON EFECTO LLAMA (PTC) 2000W,HEATER WITH FLAME EFFECT PTC 2000W,B302245C
01tVT00000A7t8TYAR,CALEFACTOR CERAMICO TORRE CON EFECTO LLAMA (PTC) 2000W,PTC HEATER WITH FLAME EFFECT 2000W,B302246C
01tVT00000A7tWfYAJ,CALEFACTOR CERAMICO TORRE CON EFECTO LLAMA (PTC) 2000W,PTC HEATER WITH FLAME EFFECT 2000W,B302248C
01tVT00000A7tlBYAR,CALEFACTOR CERAMICO TORRE CON LED 2000W,CERAMIC TOWER HEATER WITH LED 2000W,B302249C
01tVT00000A7u4XYAR,CALEFACTOR CERAMICO MESA (PTC) 2000W,DESK TABLE PTC HEATER 2000W,B302250C
01tVT00000A7uKfYAJ,CALEFACTOR ELECTRICO DE RADIACION CARBON CON ASA 600W,CARBON HEATER 600W,B302251C
01tVT00000A7uULYAZ,CALEFACTOR ELECTRICO DE RADIACION CARBON CON ASA 600W,CARBON HEATER 600W,B302252C
01tVT00000A8Vk1YAF,CALENTADOR DE CUARZO 800W,QUARTZ HEATER 800W,B302253C
01tVT00000A8VyXYAV,CALENTADOR DE CUARZO 800W,QUARTZ HEATER 800W,B302254C
01tVT00000A8WBRYA3,CALENTADOR DE CUARZO 1200W,QUARTZ HEATER 1200W,B302255C
01tVT00000A8WRZYA3,CALENTADOR DE CUARZO 1200W,QUARTZ HEATER 1200W,B302256C
01tVT00000A8WY1YAN,CALENTADOR DE CUARZO 1200W,QUARTZ HEATER 1200W,B302257C
01tVT00000AAZy2YAH,CARPA PLEGABLE,FOLDING TENT,G106336A
01tVT00000AAbjhYAD,CARPA PLEGABLE,FOLDING TENT,G106337A
01tVT00000ABCWMYA5,CALEFACTOR ELECTRICO DE ACEITE 2000W - 9 ELEMENTOS,OIL HEATER 2000W - 9 FINS,B302263C
01tVT00000ABCheYAH,CALEFACTOR ELECTRICO DE ACEITE 1500W - 7 ELEMENTOS,OIL HEATER 1500W - 7 FINS,B302260C
01tVT00000ABDCHYA5,CALEFACTOR ELECTRICO DE ACEITE 1000W - 9 ELEMENTOS,OIL HEATER 1000W - 9 FINS,B302258C
01tVT00000ABDPBYA5,CALEFACTOR ELECTRICO DE ACEITE 1000W - 9 ELEMENTOS,OIL HEATER 1000W - 9 FINS,B302259C
01tVT00000ABDnNYAX,CALEFACTOR ELECTRICO DE ACEITE 2000W - 9 ELEMENTOS,OIL HEATER 2000W - 9 FINS,B302261C
01tVT00000ABE0HYAX,CALEFACTOR ELECTRICO DE ACEITE 2000W - 9 ELEMENTOS,OIL HEATER 2000W - 9 FINS,B302262C
01tVT00000ABERhYAP,CALEFACTOR ELECTRICO DE ACEITE 1500W - 7 ELEMENTOS,OIL HEATER 1500W - 7 FINS,B302264C
01tVT00000ABExxYAH,CALEFACTOR ELECTRICO DE ACEITE 2500W - 11 ELEMENTOS,OIL HEATER 2500W - 11 FINS,B302265C
01tVT00000ABFFhYAP,CALEFACTOR ELECTRICO DE ACEITE 1500W - 9 ELEMENTOS,OIL HEATER 1500W - 9 FINS,B302266C
01tVT00000ABFUDYA5,CALEFACTOR ELECTRICO DE ACEITE 2000W - 9 ELEMENTOS,OIL HEATER 2000W - 9 FINS,B302267C
01tVT00000ABFkLYAX,CALEFACTOR ELECTRICO DE ACEITE 1500W - 7 ELEMENTOS,OIL HEATER 1500W - 7 FINS,B302268C
01tVT00000ABFyrYAH,CALEFACTOR ELECTRICO DE ACEITE 2500W - 11 ELEMENTOS,OIL HEATER 2500W - 11 FINS,B302269C
01tVT00000ABGA9YAP,CALEFACTOR ELECTRICO DE ACEITE 2000W - 11 ELEMENTOS,OIL HEATER 2000W -11 FINS,B302270C
01tVT00000ABnxJYAT,SILLA PLEGABLE PP,INJECTION FOLDING CHAIR,G101103ST
01tVT00000AC3CTYA1,CALEFACTOR ELECTRICO CHIMENEA 1800W,FIREPLACE HEATER 1800W,B302271C
01tVT00000AC3dtYAD,CALEFACTOR + VENTILADOR TORRE GIRATORIA (2 EN 1) 1800W,ROTATING FAN + HEATER ( 2 IN 1) 1800W,B302272C
01tVT00000AC4V7YAL,CALEFACTOR + VENTILADOR TORRE CIRCULAR (2 EN 1) 2100W,ROTATING FAN + HEATER ( 2 IN 1) 2100W,B302273C
01tVT00000ACHCDYA5,CALEFACTOR + VENTILADOR TORRE CIRCULAR (2 EN 1) 2100W,ROTATING FAN + HEATER ( 2 IN 1) 2100W,B302274C
01tVT00000ACtNxYAL,ASADOR PORTATIL MINI,MINI PORTABLE GRILL,G301268A
01tVT00000ADGHJYA5,SOFA CAMA PLEGABLE,FOLDING SOFA BED,H309187M
01tVT00000ADGM9YAP,SOFA 2 PLAZAS,SOFA,H309053M
01tVT00000ADGNlYAP,SET COMEDOR + 4 SILLAS,DINING SET 1 TABLE + 4 CHAIRS,H210177M
01tVT00000ADhMMYA1,CALENTADOR DE GAS MINI,MINI GAS HEATER,B302277C
01tVT00000ADm5uYAD,CALEFACTOR ELECTRICO DE RADIACION 350W/1050W/1400W,ELECTRIC RADIATION HEATER 350W/1050W/1400W,B302280C
01tVT00000ADmkDYAT,CALENTADOR DE GAS PLEGABLE,FOLDABLE GAS HEATER,B302275C
01tVT00000ADnMwYAL,CALEFACTOR ELECTRICO DE RADIACION 800W/1600W,ELECTRIC RADIATION HEATER 800W/1600W,B302278C
01tVT00000ADnQ9YAL,CALENTADOR DE GAS,GAS HEATER,B302276C
01tVT00000ADoSfYAL,CALENTADOR DE GAS MINI 1500W,MINI GAS HEATER 1500W,B302279C
01tVT00000ADokPYAT,CALEFACTOR ELECTRICO DE RADIACION 400W/800W1200W/1600W/2000W,ELECTRIC RADIATION HEATER 400W/800W1200W/1600W/2000W,B302281C
01tVT00000ADoqrYAD,CALENTADOR DE GAS Y ELECTRICO 1500W,GAS AND ELECTRIC HEATER 1500W,B302282C
01tVT00000ADp5NYAT,CALEFACTOR ELECTRICO DE RADIACION POTENCIA MAXIMA 1800W,ELECTRIC RADIATION HEATER MAXIMUM POWER 1800W,B302283C
01tVT00000ADqr3YAD,SET DE NEVERA CON RUEDAS 2PCS (3.6L + 16L),HARD COOLER WITH WHEELS 2PCS (3.6L + 16L),G603088A
01tVT00000AFqyDYAT,NEVERA CON RUEDAS 16L,HARD COOLER WITH WHEELS 16L,G603089A
01tVT00000AFrB7YAL,NEVERA 3.6L,HARD COOLER 3.6L,G603090A
01tVT00000ANmB3YAL,BOTE DE BASURA 50L,50L pedal bin?Embossing?,H404115B
01tVT00000ANmCfYAL,BOTE DE BASURA 10L,RECYCLE PEDAL BIN 10L,H404116B
01tVT00000ANmZFYA1,BOTE DE BASURA 30L,30L pedal bin?Embossing?,H404117B
01tVT00000ANmfhYAD,BOTE DE BASURA 5L,PEDAL BIN 5L,H404118B
01tVT00000ANmivYAD,BOTE DE BASURA 20L,20L pedal bin?Embossing?,H404119B
01tVT00000ANmiwYAD,BOTE DE BASURA 12L,12L PEDAL BIN,H404120B
01tVT00000ANmxRYAT,BOTE DE BASURA 12L,12L pedal bin?Embossing?,H404121B
01tVT00000ANn5VYAT,BOTE DE BASURA 10L,PEDAL BIN 10L,H404122B
01tVT00000ANnBxYAL,BOTE DE BASURA 5L,5L pedal bin,H404123B
01tVT00000ANoUcYAL,BOTE DE BASURA 12L,PEDAL BIN EMBOSSING 12L,H404127B
01tVT00000ANpAXYA1,BOTE DE BASURA 5L,PEDAL BIN EMBOSSING 5L,H404124B
01tVT00000ANpP3YAL,BOTE DE BASURA 5L,PEDAL BIN EMBOSSING 5L,H404125B
01tVT00000ANpqTYAT,BOTE DE BASURA 50L,50L pedal bin?Embossing?,H404126B
01tVT00000ANq8DYAT,BOTE DE BASURA 12L,PEDAL BIN EMBOSSING 12L,H404128B
01tVT00000ANqGHYA1,BOTE DE BASURA 30L,30L pedal bin?Embossing?,H404129B
01tVT00000ANqZdYAL,BOTE DE BASURA 20L,PEDAL BIN EMBOSSING 20L,H404130B
01tVT00000ARMZlYAP,MESA RESINA PLEGABLE ? 4.5 cm,6FT FOLDING HDPE TABLE,G101007KE
01tVT00000ARMZmYAP,MESA RESINA PLEGABLE,6FT FOLDING HDPE TABLE,
01tVT00000ARMbNYAX,SILLA PLEGABLE DOBLE,FOLDING HDPE CHAIR,G101003KE
01tVT00000ARgv3YAD,SET DE NEVERA CON RUEDAS 3PCS (1.4L + 2.5L+ 16L),HARD COOLER WITH WHEELS 3PCS (1.4L + 2.5L+ 16L),G603088OS
01tVT00000AWVxNYAX,SOFA SECCIONAL CHESLONG,SECTIONAL SOFA,H140002
01tVT00000AWWa5YAH,SOFA SECCIONAL CHESLONG,SECTIONAL SOFA,H140003
01tVT00000AWWrpYAH,SOFA SECCIONAL CHESLONG,SECTIONAL SOFA,H140001
01tVT00000AaUUrYAN,NEVERA PORTATIL 5L,5L HARD COOLER,G430001A
01tVT00000AanZ7YAJ,TIENDA DE CAMPAÑA DOMO,TENT,G41001A
01tVT00000Akju1YAB,NEVERA PORTATIL 5L,5L HARD COOLER,G430001OS
01tVT00000AlWzZYAV,SET DE NEVERA 2PCS (5L + 22L),HARD COOLER 2PCS (5L + 22L),G403029OS
01tVT00000AmHbtYAF,MESA ESCRITORIO + LIBRERO 2 NIVELES,DESK TABLE + 2 LEVEL BOOKCASE,H302054T
01tVT00000AmHonYAF,CARRITO AUXILIAR 2 NIVELES CON ASA,trolley cart 2 TIERS,H205010B
01tVT00000AmIEbYAN,MESA AUXILIAR,SIDE TABLE,H102201B
01tVT00000AmIePYAV,BANDEJA LAPTOP BAMBÚ,LAPTOP DESK,H304044B
01tVT00000AmIkrYAF,ESTANTERIA 4 NIVELES,4 TIERS SHELF,H405149T
01tVT00000AmJDtYAN,SET DESAYUNADOR + 2 BANCOS + ALMACENAJE,DINING SET,H203007T
01tVT00000AmJKLYA3,SILLÓN CAMA FUTÓN COMPRIMIBLE,COMPRESSION SOFA,H106078B
01tVT00000AmJsDYAV,MESA CENTRO MDF,COFFEE TABLE,H102202B
01tVT00000AmK0HYAV,MESA LATERAL AUXILIAR,SIDE TABLE,H102203T
01tVT00000AmKWXYA3,MESA AUXILIAR,COFFEE TABLE,H102204T
01tVT00000AmMGbYAN,MESA CENTRO MDF 2 NIVELES,COFFEE TABLE,H102205B
01tVT00000AmMdBYAV,MESA CENTRO MDF 2 NIVELES,COFFEE TABLE,H102206B
01tVT00000AmMq6YAF,MESA CENTRO MDF 2 NIVELES,COFFEE TABLE,H102205T
01tVT00000AmNxRYAV,SILLA ORDENADOR MESH,OFFICE CHAIR,H301047T
01tVT00000AmOVKYA3,CARRITO AUXILIAR 2 NIVELES CON ASA,2 tier trolley cart,H205010T
01tVT00000AmOdNYAV,OTTOMAN CON ALMACENAMIENTO,STORAGE OTTOMAN,H107001B
01tVT00000AmOiEYAV,MESA CENTRO MDF 2 NIVELES,COFFEE TABLE,H102206T
01tVT00000AmPHhYAN,OTTOMAN CON ALMACENAMIENTO,STORAGE OTTOMAN,H107001T
01tVT00000AmPJJYA3,MESA AUXILIAR,SIDE TABLE,H102201T
01tVT00000AmPO9YAN,MESA COMEDOR REDONDA PLEGABLE,ROUND FOLDING DINING TABLE,H202035T
01tVT00000AmPPlYAN,BANDEJA LAPTOP BAMBÚ,LAPTOP DESK,H304044T
01tVT00000AmPRNYA3,SILLÓN CAMA FUTÓN COMPRIMIBLE,COMPRESSION SOFA,H106078T
01tVT00000AmPUbYAN,MESA CENTRO MDF,COFFEE TABLE,H102202T
01tVT00000AqwdFYAR,SILLON RECLINABLE,RECLINER CHAIR,H108001B
01tVT00000AqwzpYAB,SILLON RECLINABLE MANUAL CON POSAVASOS,RECLINER CHAIR,H108002B
01tVT00000AqxPdYAJ,SILLON RECLINABLE ELECTRICO,SINGLE MOTOR LIFT CHAIR,H108003B
01tVT00000Aqxe9YAB,SILLON RECLINABLE,RECLINER CHAIR,H108004B
01tVT00000ArfNRYAZ,MESA ESCRITORIO + LIBRERO 2 NIVELES,DESK TABLE + 2 LEVEL BOOKCASE,H304045T
01tVT00000ArfX7YAJ,MESA ESCRITORIO + LIBRERO 3 NIVELES,DESK TABLE + 3 LEVEL BOOKCASE,H304046T
01tVT00000Arfs5YAB,MESA ESCRITORIO,OFFICE DESK,H304047T
01tVT00000Arg1lYAB,KIT DE MOSQUETONES,CARABINER,G405001A
01tVT00000ArgPxYAJ,BASTONES DE SENDERISMO,TREKKING POLE,G405002A
01tVT00000ArghhYAB,MULTIHERRAMIENTAS 9 EN 1,MULTIFUNCTIONAL PLIERS,G405003A
01tVT00000AtYsxYAF,SET MESAS AUXILIARES 2 PIEZAS,SET OF 2 SIDE TABLE,H102208B
01tVT00000AtZkAYAV,SILLA ORDENADOR,CHAIR,H301048ST
01tVT00000AtcWjYAJ,SET BANDEJAS 3 NIVELES ORGANIZADOR,SHELF UNIT 3 TIERS,H206127B
01tVT00000AtcwXYAR,MESA LATERAL AUXILIAR,METAL SIDE TABLE,H102207B
01tVT00000Atdr2YAB,CESTO LAVANDERIA PLEGABLE,FOLDABLE BASKET STORAGE,H404131B
01tVT00000AtdxRYAR,MESA LATERAL AUXILIAR,METAL SIDE TABLE,H102209B
01tVT00000Atev8YAB,CENTRO ENTRETENIMIENTO,TV STAND,H110001S
01tVT00000AtfBFYAZ,MESA LATERAL AUXILIAR,MDF SIDE TABLE,H102210B
01tVT00000AtfKvYAJ,CENTRO ENTRETENIMIENTO 2 CAJONES,TV STAND,H110002S
01tVT00000Atg45YAB,SILLA ORDENADOR,CHAIR,H301049ST
01tVT00000AtgNRYAZ,CAJA ORGANIZADOR PLEGABLE,FOLDABLE STORAGE,H404132B
01tVT00000AthGHYAZ,MESA ESCRITORIO,COMPUTER DESK,H304048ST
01tVT00000AthTBYAZ,MESA ESCRITORIO,COMPUTER DESK,H304049ST
01tVT00000AtheTYAR,MESA ESCRITORIO,COMPUTER DESK,H304050ST
01tVT00000AthszYAB,MESA ESCRITORIO,COMPUTER DESK,H304051ST
01tVT00000AtiCLYAZ,MESA ESCRITORIO,COMPUTER DESK,H304052ST
01tVT00000AtiVhYAJ,MESA ESCRITORIO,COMPUTER DESK,H304053ST
01tVT00000AuNNaYAN,MESA AUXILIAR,2 TIER SIDE TABLE,H102212B
01tVT00000AuPVpYAN,MESA AUXILIAR,SIDE TABLE,H102211B
01tVT00000AuPlxYAF,APARADOR 2 CAJONES + 3 NIVELES,SHELF,H109001B
01tVT00000AuQ6vYAF,ESTANTERIA 5 NIVELES CON 2 CAJONES,SHELF,H111001B
01tVT00000AuQA9YAN,MESA AUXILIAR,SIDE TABLE,H102213B
01tVT00000AuQJpYAN,MESA AUXILIAR,SIDE TABLE,H102214B
01tVT00000AuQOfYAN,ESTANTERIA 5 NIVELES CON 2 CAJONES,SHELF,H111002B
01tVT00000AuQWjYAN,MESA AUXILIAR,SET OF 2 COFFEE TABLES,H102215B
01tVT00000AuQi1YAF,MESA AUXILIAR,SET OF 3 COFFEE TABLES,H102216B
01tVT00000AuQzlYAF,MESA AUXILIAR,2 TIER SIDE TABLE,H102217B
01tVT00000AuRUPYA3,MESA BURO 1 CAJON,BESIDE TABLE WITH ONE DRAWER WITHOUT RAILS,H111003B
01tVT00000AuRhJYAV,MESA BURO 1 CAJON,BESIDE TABLE WITH ONE DRAWER WITHOUT RAILS,H111004B
01tVT00000AuRvpYAF,MESA BURO 1 CAJON,BESIDE TABLE WITH ONE DRAWER WITHOUT RAILS,H111005B
01tVT00000AuS5VYAV,MESA BURO 1 CAJON,BESIDE TABLE WITH ONE DRAWER WITHOUT RAILS,H111006B
01tVT00000AuSv8YAF,OTTOMAN TERCIOPELO,OTTOMAN,H107003B
01tVT00000AuU7KYAV,OTTOMAN,OTTOMAN,H107002B
01tVT00000AzAb0YAF,CENTRO ENTRETENIMIENTO,WOOD TV STAND,H110003S
01tVT00000AzB8rYAF,ARCHIVADOR DE METAL LEGAL 2 GAVETAS,2 DRAWER FILE CABINET,H304054B
01tVT00000AzBQbYAN,ARCHIVADOR DE METAL LEGAL 5 GAVETAS,5 DRAWER FILE CABINET,H304055B
01tVT00000AzBTqYAN,OTTOMAN,OTTOMAN,H107005B
01tVT00000AzC06YAF,CENTRO ENTRETENIMIENTO,WOOD TV STAND,H110007S
01tVT00000AzC3JYAV,OTTOMAN TERCIOPELO,OTTOMAN,H107004B
01tVT00000AzDFVYA3,CENTRO ENTRETENIMIENTO,WOOD TV STAND,H110004S
01tVT00000AzDPBYA3,CENTRO ENTRETENIMIENTO,WOOD TV STAND,H110005S
01tVT00000AzDc5YAF,CENTRO ENTRETENIMIENTO,WOOD TV STAND,H110006S
01tVT00000AzukIYAR,OTTOMAN,OTTOMAN,H107007B
01tVT00000AzvgLYAR,OTTOMAN TERCIOPELO,OTTOMAN,H107006B
01tVT00000AzwJ3YAJ,OTTOMAN,OTTOMAN,H107008B
01tVT00000Azwm5YAB,OTTOMAN,OTTOMAN,H107009B
01tVT00000Azx0bYAB,OTTOMAN,OTTOMAN,H107010B
01tVT00000AzxJxYAJ,SET BANCA 3 PIEZAS CON ALMACENAMIENTO,STORAGE BINS,H107011B
01tVT00000Azxa5YAB,SET BANCA 3 PIEZAS CON ALMACENAMIENTO,STORAGE BINS,H107012B
01tVT00000AzxobYAB,OTTOMAN,OTTOMAN,H107013B
01tVT00000AzxwgYAB,SILLA COMEDOR MADERA CON COJIN,DINNING CHAIR,H201205B
01tVT00000Azy7xYAB,SET BANCA 3 PIEZAS CON ALMACENAMIENTO,STORAGE BINS,H107014B
01tVT00000AzyKrYAJ,OTTOMAN,OTTOMAN,H107015B
01tVT00000AzyuLYAR,SILLA COMEDOR MADERA CON COJIN,DINNING CHAIR,H201204B
01tVT00000B0005YAB,SILLA COMEDOR MADERA K/D CON COJIN,DINNING CHAIR K/D STRUCTION,H201206B
01tVT00000B00MfYAJ,SILLA COMEDOR MADERA K/D,DINNING CHAIR K/D STRUCTION,H201207B
01tVT00000B01H8YAJ,SILLA COMEDOR MADERA K/D,DINNING CHAIR,H201208B
01tVT00000B031CYAR,SILLA COMEDOR MADERA CON COJIN,DINNING CHAIR,H201214B
01tVT00000B03FiYAJ,SILLA COMEDOR MADERA INFANTIL,DINNING CHAIR,H201211B
01tVT00000B03kLYAR,MESA COMEDOR RECTANGULAR,RECTANGLE DINING TABLE,H202036T
01tVT00000B04IDYAZ,MESA COMEDOR RECTANGULAR,RECTANGLE DINING TABLE,H202037T
01tVT00000B04YLYAZ,SILLA COMEDOR K/D,DINNING CHAIR,H201209T
01tVT00000B04enYAB,SILLA COMEDOR MADERA CON COJIN,DINNING CHAIR,H201210B
01tVT00000B05m9YAB,SILLA COMEDOR MADERA,DINNING CHAIR,H201212B
01tVT00000B05sbYAB,SILLA COMEDOR MADERA CON COJIN,DINNING CHAIR,H201213B
01tVT00000B06IPYAZ,BANCO DE BAR MADERA CON COJIN,BAR STOOL,H204002B
01tVT00000B0jlBYAR,MESA COMEDOR RECTANGULAR MADERA,DINNING TABLE,H202038B
01tVT00000B0kCbYAJ,MESA AUXILIAR CUADRADA MADERA,SIDE TABLE,H102219B
01tVT00000B0kMHYAZ,SET MESAS AUXILIARES 2 PIEZAS,SIDE TABLE SET,H102220B
01tVT00000B0kkTYAR,MESA COMEDOR RECTANGULAR EXTENSIBLE MADERA,DINNING TABLE,H202039B
01tVT00000B0lS1YAJ,MESA COMEDOR RECTANGULAR EXTENSIBLE MADERA,DINING TABLE,H202040B
01tVT00000B0lgXYAR,MESA COMEDOR RECTANGULAR EXTENSIBLE MADERA,DINING TABLE,H202041B
01tVT00000B0mCnYAJ,SILLA ORDENADOR MESH,OFFICE CHAIR,H301050B
01tVT00000B0mHdYAJ,SILLA ORDENADOR MESH,OFFICE CHAIR,H301051B
01tVT00000B0mW9YAJ,SILLA ORDENADOR MESH,OFFICE CHAIR,H301052B
01tVT00000B0mfpYAB,SILLA ORDENADOR MESH,OFFICE CHAIR,H301053B
01tVT00000B0mr7YAB,SILLA ORDENADOR PU + PVC,OFFICE CHAIR,H301054B
01tVT00000B0n0nYAB,SILLA ORDENADOR PU + PVC,OFFICE CHAIR,H301055B
01tVT00000B0o6XYAR,SILLA COMEDOR K/D,DINNING CHAIR,H201215T
01tVT00000B0oGEYAZ,SILLA COMEDOR K/D,DINNING CHAIR,H201219T
01tVT00000B0oXxYAJ,SILLA COMEDOR K/D,DINNING CHAIR,H201216T
01tVT00000B0ow9YAB,SILLA COMEDOR K/D,DINNING CHAIR,H201217T
01tVT00000B0p7RYAR,BANCO DE BAR K/D,BAR STOOL,H201218T
01tVT00000B0pU1YAJ,SILLA COMEDOR K/D,DINNING CHAIR,H201220T
01tVT00000B0pdhYAB,SILLA COMEDOR K/D,DINNING CHAIR,H201221T
01tVT00000B0ptpYAB,SILLA COMEDOR,DINNING CHAIR,H201222T
01tVT00000B0uByYAJ,BANCO DE BAR,BAR STOOL,H201226T
01tVT00000B0vSzYAJ,SILLA COMEDOR K/D,DINNING CHAIR,H201223T
01tVT00000B0vcfYAB,SILLA COMEDOR K/D,DINNING CHAIR,H201224T
01tVT00000B0vw1YAB,SILLA COMEDOR,DINNING CHAIR,H201225T
01tVT00000B0wbxYAB,SILLA COMEDOR K/D,DINNING CHAIR,H201227T
01tVT00000B0xo9YAB,SILLA COMEDOR K/D,DINNING CHAIR,H201228T
01tVT00000B0xzRYAR,BANCO DE BAR K/D,BAR STOOL,H201229T
01tVT00000B2iWTYAZ,MESA RESINA PLEGABLE ? 4.5 cm,6FT FOLDING HDPE TABLE,G101007ST
01tVT00000B4rIjYAJ,ASADOR CARBON RECTANGULAR PLEGABLE,GRILL BBQ,G301269A
01tVT00000B4rSPYAZ,ASADOR CARBON RECTANGULAR PLEGABLE CON MESAS LATERALES,GRILL,G301270A
01tVT00000B4rfJYAR,ASADOR CARBON RECTANGULAR PLEGABLE CON MESAS LATERALES,GRILL BBQ,G301271A
01tVT00000B4uF0YAJ,ESTANTERIA 4 NIVELES CON PUERTAS,SHELF,H111007B
01tVT00000B5myXYAR,ASADOR CARBON RECTANGULAR PLEGABLE CON MESAS LATERALES Y ALTURA AJUSTABLE,FOLDABLE RECTANGULAR CHARCOAL GRILL WITH SIDE TABLES AND ADJUSTABLE HEIGHT,G301272A
01tVT00000BBLScYAP,SET DE PATIO 5 PIEZAS,5 PIECE GARDEN SET,G102026A
01tVT00000BBPO9YAP,CAJA PLASTICA 64L (17 GALONES),PLASTIC BOX 64L (17 GALLON),H404133B
01tVT00000BBPeHYAX,CAJA PLASTICA  45L (12 GALONES),PLASTIC BOX 45L (12 GALLON),H404134B
01tVT00000BIjbRYAT,MESA RESINA PLEGABLE 180 CM,6 FT FOLDING HDPE TABLE,G101119A
01tVT00000BO8R7YAL,MESA RESINA PLEGABLE 180 CM,6 FT FOLDING HDPE TABLE,G101008KE
01tVT00000BO973YAD,MESA RESINA REDONDA PLEGABLE,5FT FOLDING IN HALF ROUND TABLE,G104155HL
01tVT00000BO9JxYAL,SILLA PLEGABLE DOBLE,FOLDING CHAIR,G501008KE
01tVT00000BO9TdYAL,MESA RESINA PLEGABLE ? 4.5 cm,6FT FOLDING HDPE TABLE,G104156HL
01tVT00000BO9i9YAD,SILLON WICKER CON COJIN,BALCONY CHAIR,G103017HL
01tVT00000BOWA5YAP,MESA RESINA PERSONAL,FOLDING HDPE PERSONAL TABLE ADJUSTABLE,G101018HL
01tVT00000BOX4XYAX,MESA RESINA PLEGABLE 180 CM,6 FT FOLDING HDPE TABLE,G101119HL
01tVT00000BOXJ3YAP,MESA PLEGABLE PLASTICO,FOLD IN HALF TABLE,G501008HL
01tVT00000BS8NmYAL,SILLA ORDENADOR,OFFICE CHAIR,H301056B
01tVT00000BUDhRYAX,SILLA ORDENADOR,OFFICE CHAIR,H301056ST
01tVT00000BUqXVYA1,TERMOS 2.5L,JUGS,G403030A
01tVT00000BUqhBYAT,TERMOS 1.4L,JUGS,G403031A
01tVT00000BVVkMYAX,SALA DE PATIO METALICO PLEGABLE 4PCS,STEEL FOLDING DINING SET 5 PIECES,G102027A
01tVT00000BXfqrYAD,SILLA ORDENADOR,OFFICE CHAIR,H301057B
01tVT00000BXriLYAT,CALENTADOR PATIO TORRE DE GAS,GAS HEATER,B301256A
01tVT00000BY9SLYA1,SILLA ORDENADOR,OFFICE CHAIR,H301057ST
01tVT00000BYk25YAD,CALENTADOR PATIO TORRE DE GAS,GAS HEATER,B301257C
01tVT00000BYlW1YAL,ESTANTERIA 5 NIVELES,SHELF,H405150B
01tVT00000BYlivYAD,ESTANTERIA 4 NIVELES,SHELF,H405151B
01tVT00000BYmVJYA1,ESTANTERIA 3 NIVELES,SHELF,H405152B
01tVT00000BYmn3YAD,ESTANTERIA 3 NIVELES,SHELF,H405153B
01tVT00000BYnRNYA1,TV STAND MUEBLE,TV STAND,H110008B
01tVT00000BYneHYAT,MESA AUXILIAR 3 NIVELES,END TABLE,H102221B
01tVT00000BZg7hYAD,MESA PLEGABLE PLASTICO,FOLD IN HALF TABLE,G501008A
01tVT00000BaN1NYAV,SILLON WICKER CON COJIN,BALCONY CHAIR,G103017A
01tVT00000BaTBeYAN,GAZEBO CUADRADO ALUMINIO,PERGOLA,G202013A
01tVT00000BaVIHYA3,SILLON DE CAPE COD,CAPE COD CHAIR,G103018A
01tVT00000BaVdFYAV,SET JARDIN PLASCTICO CON COJIN 3 PIEZAS,GARDEN SET 3PCS,G102028A
01tVT00000BaZCDYA3,TUMBONA METALICA CON TEXTILENO,SUNBED,G106338A
01tVT00000BbCiEYAV,SOFA JARDIN CON COJINES,SOFA,G102031A
01tVT00000BbETtYAN,SILLON WICKER CON COJIN,SOFA,G102029A
01tVT00000BbEgnYAF,SILLON ROPE CON COJIN,SOFA,G102030A
01tVT00000BbF3NYAV,SILLON JARDIN ACERO CON COJIN,SOFA,G102032A
01tVT00000BeAQXYA3,MESA COMEDOR RECTANGULO EXTENSIBLE,DINING TABLE,H202042B
01tVT00000BeAgfYAF,SET COMEDOR MDF + 4 SILLAS,DINING SET 5PCS,H203008B
01tVT00000BeB9hYAF,MESA COMEDOR REDONDA,DINING TABLE,H202043B
01tVT00000BeBJXYA3,MESA COMEDOR,DINING TABLE,H202044B
01tVT00000BeBUgYAN,SILLON TELA,RELAXING CHAIR,H101182B
01tVT00000BeBfyYAF,SILLON TELA,RELAXING CHAIR,H101179B
01tVT00000BeDGLYA3,SET COMEDOR MELAMINA + MDF 5 PIEZAS,DINNING CHAIR,H203009B
01tVT00000BeDUrYAN,SILLON TELA,RELAXING CHAIR,H101178B
01tVT00000BeEKTYA3,SET COMEDOR MDF 5 PIEZAS,DINING SET,H203010B
01tVT00000BeEYzYAN,SILLON TELA,RELAXING CHAIR,H101180B
01tVT00000BeFI9YAN,SILLON TELA,RELAXING CHAIR,H101181B
01tVT00000BeFhxYAF,SILLON TELA,RELAXING CHAIR,H101183B
01tVT00000BeFrdYAF,SILLON TELA,RELAXING CHAIR,H101184B
01tVT00000BeFwTYAV,SET COMEDOR MDF + CHAPA 5 PIEZAS,DINING SET,H203011B
01tVT00000BeG7lYAF,TABURETE DE BAR GIRATORIO,SWIVEL BAR STOOL,H204003B
01tVT00000BeGe1YAF,SET COMEDOR MDF + CHAPA 5 PIEZAS,DINNING SET,H203012B
01tVT00000BeGsXYAV,SET COMEDOR MDF + CHAPA 5 PIEZAS,DINING SET,H203013B
01tVT00000BeKbBYAV,TABURETE DE BAR,BAR STOOL,H204004B
01tVT00000BeKo5YAF,TABURETE DE BAR,BAR STOOL,H204005B
01tVT00000BeL2bYAF,TABURETE DE BAR,BAR STOOL,H204006B
01tVT00000BeLFVYA3,TABURETE DE BAR,BAR STOOL,H204007B
01tVT00000BeLQnYAN,TABURETE DE BAR,BAR STOOL,H204008B
01tVT00000BeMbOYAV,MESA EXTENSIBLE COMEDOR RECTANGULO,EXTENDABLE DINING TABLE,H202046B
01tVT00000BeNIvYAN,MESA COMEDOR RECTANGULO,DINING TABLE,H202045B
01tVT00000Bf6CnYAJ,SET COMEDOR MDF 5 PIEZAS,DINING SET,H203014B
01tVT00000Bf6ntYAB,SET COMEDOR MDF + MADERA 7 PIEZAS,DINING SET,H203015B
01tVT00000Bf7LlYAJ,SET COMEDOR MDF + MADERA 5 PIEZAS,DINING SET,H203016B
01tVT00000Bf7VRYAZ,5 PIEZAS SET PLEGABLE,5PCS FOLDING SET,G504001A
01tVT00000Bf7qPYAR,SET COMEDOR 3 PIEZAS,DINING SET,H203017B
01tVT00000BfA1tYAF,SILLON RECLINABLE ELECTRICO TERCIOPELO,ELECTRIC RECLINER + SWIVEL / ROCKER,H108005B
01tVT00000BfA8MYAV,SILLON RECLINABLE ELECTRICO,SOFA,H108008B
01tVT00000BfCmrYAF,SILLON RECLINABLE MANUAL TERCIOPELO,MANUAL RECLINER,H108006B
01tVT00000BfD6DYAV,SOFA RECLINABLE MANUAL 3 PLAZAS,MANUAL RECLINING SOFA 3RR,H103014B
01tVT00000BfDUPYA3,SOFA RECLINABLE MANUAL 3 PLAZAS,MANUAL RECLINING SOFA 3RR,H103015B
01tVT00000BfDvpYAF,SOFÁ COMPRIMIDO,COMPRESSED SOFA,H103016B
01tVT00000BfE2HYAV,SET SOFA RECLINABLE MANUAL 3 PLAZAS + 2 PLAZAS,MANUAL RECLINING SOFA SET,H103017B
01tVT00000BfEALYA3,SOFÁ COMPRIMIDO,COMPRESSED SOFA,H103018B
01tVT00000BfEQTYA3,SOFÁ COMPRIMIDO,COMPRESSED SOFA,H103019B
01tVT00000BfEqHYAV,SILLON RECLINABLE ELECTRICO,ELECTRIC RECLINER CHAIR WITH ROCKING AND SWIVEL,H108007B
01tVT00000BfHTBYA3,SILLON RECLINABLE ELECTRICO,SOFA,H108009B
01tVT00000BfI4HYAV,SET SOFA RECLINABLE MULTIFUNCIONAL,SOFA SET,H103020B
01tVT00000BfscQYAR,SOFÁ COMPRIMIDO,COMPRESSED SOFA,H103021B
01tVT00000BftzuYAB,SOFÁ COMPRIMIDO,COMPRESSED SOFA,H103023B
01tVT00000BfueEYAR,SOFÁ COMPRIMIDO,COMPRESSED SOFA,H103024B
01tVT00000BfwPtYAJ,SOFÁ COMPRIMIDO,COMPRESSED SOFA,H103022B
01tVT00000BfxPBYAZ,SET SOFA RECLINABLE ELECTRICO 3 PIEZAS,SOFA SET,H103025B
01tVT00000BfxqbYAB,SET SOFA RECLINABLE ESQUINA 5 PIEZAS,SOFA SET,H103026B
01tVT00000Bfz61YAB,SET SOFA RECLINABLE ESQUINA 5 PIEZAS,SOFA SET,H103027B
01tVT00000Bg06vYAB,SET SOFA RECLINABLE MANUAL 3 PIEZAS,SOFA SET,H103028B
01tVT00000Bg0enYAB,SILLON ELEVADOR INDIVIDUAL ELECTRICO CON MOTOR,SINGLE MOTOR POWER LIFT CHAIR,H108010B
01tVT00000Bg2VKYAZ,SILLON ELEVADOR INDIVIDUAL ELECTRICO CON MOTOR,SINGLE MOTOR POWER LIFT CHAIR,H108011B
01tVT00000Bg2YYYAZ,SILLON,ARMCHAIR,H108012B
01tVT00000Bg4DlYAJ,SILLON,ARMCHAIR,H108013B
01tVT00000Bg509YAB,SILLON GIRATORIO,SWIVEL CHAIR,H108014B
01tVT00000Bg5bFYAR,SILLON,LOUNGE CHAIR,H108015B
01tVT00000Bg70LYAR,SILLON CON REPOSAPIES,ARMCHAIR WITH FOOTTOOL,H108016B
01tVT00000Bg7OXYAZ,SILLON CON REPOSAPIES,SOFA CHAIR WITH FOOTTOOL,H108017B
01tVT00000Bg7mjYAB,SILLON,ARMCHAIR,H108018B
01tVT00000Bg81FYAR,SILLON,CHAIR,H108019B
01tVT00000Bg8HNYAZ,SILLON,ARMCHAIR,H108020B
01tVT00000Bg9F3YAJ,SILLON,ARMCHAIR,H108021B
01tVT00000BgAELYA3,SILLON,LEISURE SOFA,H108022B
01tVT00000BgAUTYA3,SILLON TELA GIRATORIO,LEISURE ARMCHAIR,H108023B
01tVT00000BgAcXYAV,SILLON PLEGABLE,FOLDING CHAIR,H108024B
01tVT00000BgAr3YAF,SILLON MULTIFUNCTIONAL,LEISURE SOFA,H108025B
01tVT00000BgI5RYAV,SOFA RECLINER MANUAL,MANUAL RECLINER CHAIR,H108026B
01tVT00000BgImzYAF,SOFA RECLINER MANUAL,MANUAL RECLINER CHAIR,H108027B
01tVT00000BgJHdYAN,SOFA RECLINER MANUAL,MANUAL RECLINER CHAIR,H108028B
01tVT00000Bgsk2YAB,SOFA RECLINER MANUAL,MANUAL RECLINER CHAIR,H108029B
01tVT00000BguibYAB,SOFA RECLINER MANUAL,MANUAL RECLINER CHAIR,H108030B
01tVT00000BgulpYAB,MESA COMEDOR RECTANGULAR EXTENSIBLE MDF,DINING TABLE,H202047B
01tVT00000Bgv0LYAR,SOFA RECLINER ELECTRICO Y MASAJE,ELECTRIC SOFA CHAIR,H108031B
01tVT00000BgvA1YAJ,MESA COMEDOR REDONDA EXTENSIBLE MDF K/D,DINING TABLE,H202048B
01tVT00000BgvZpYAJ,MESA MULTIFUNCIONAL MDF 2 EN 1,DINING TABLE,H202049B
01tVT00000BgvtBYAR,MESA MULTIFUNCIONAL MDF 2 EN 1,DINING TABLE,H202050B
01tVT00000Bgwu5YAB,SOFA RECLINER MANUAL,MANUAL RECLINER CHAIR,H108032B
01tVT00000Biy5OYAR,SET DE NEVERA 3PCS (28L+8L+3L),COOLER SET 3PCS (28L+8L+3L),G403034A
01tVT00000Bj1jBYAR,SET DE NEVERA 3PCS (36L+8L+2.5L),COOLER SET 3PCS (36L+8L+2.5L),G403032A
01tVT00000Bj25lYAB,SET DE NEVERA 3PCS (36L+8L+3L),COOLER SET 3PCS (36L+8L+3L),G403033A
01tVT00000Bj5ekYAB,JOYERO PISO CON ESPEJO,FREE STANDING MIRROR JEWELRY CABINET,H404135B
01tVT00000Bj7ILYAZ,ESPEJO JOYERO GIRATORIO CON LED,360 ROTATING FREE STANDING MIRROR JEWELRY CABINET WITH LED,H404136B
01tVT00000Bj7OnYAJ,ESPEJO JOYERO GIRATORIO CON LED,360 ROTATING FREE STANDING MIRROR JEWELRY CABINET WITH LED,H404137B
01tVT00000Bj7mzYAB,OCADOR CON LED + ESPEJO + 3 CAJONES + 1 SILLA,DRESSING TABLE WITH LED,H404138B
01tVT00000Bj7ztYAB,TOCADOR CON ESPEJO + 3 CAJONES + 1 SILLA,DRESSING TABLE WITH CHAIR,H404139B
01tVT00000BjoITYAZ,SET MESAS AUXILIARES 2 PIEZAS,COFFEE TABLE SET,H102222B
01tVT00000BjrWTYAZ,SET MESAS AUXILIARES 2 PIEZAS,COFFEE TABLE SET,H102223B
01tVT00000BjttFYAR,SET MESAS AUXILIARES 2 PIEZAS,COFFEE TABLE SET,H102224B
01tVT00000Bjv5SYAR,SET MESAS AUXILIARES 2 PIEZAS,COFFEE TABLE SET,H102225B
01tVT00000BjzdhYAB,SET MESAS AUXILIARES 2 PIEZAS,COFFEE TABLE SET,H102226B
01tVT00000Bjzx3YAB,SET MESAS AUXILIARES 2 PIEZAS,COFFEE TABLE SET,H102227B
01tVT00000Bk0oHYAR,MESA DE CENTRO MDF,COFFEE TABLE,H102228B
01tVT00000Bk1HJYAZ,MESA LATERAL AUXILIAR,END TABLE,H102229B
01tVT00000BkZ9JYAV,CENTRO DE ENTRETENIMIENTO,WOOD TV STAND,H110009B
01tVT00000BkZNpYAN,MESA DE CENTRO,COFFEE TABLE,H110010B
01tVT00000BkamvYAB,SET SOFA RECLINABLE MANUAL 3+2+1 PLAZA,MANUAL RECLINING SOFA SET 3+2+1 SEAT,H108033B
01tVT00000BkbpRYAR,BOTE DE BASURA 3L,PEDAL BIN 3L,H404140B
01tVT00000BkeLtYAJ,SILLA PLEGABLE CAMPING CON BOLSA,FOLDING CAMPING CHAIR,G402025A
01tVT00000BkeTxYAJ,SET MESA CENTRO CON TABURETES,SET TABLE + STOOLS,H102230B
01tVT00000BkgAnYAJ,SET DE 2 OTTOMAN + MESA,SET OF 2 PCS STORAGE OTTOMAN,H107016B
01tVT00000BkgdpYAB,SILLO GIRATORIO,SWIVEL CHAIR,H108034B
01tVT00000Bkim6YAB,MESA LATERAL AUXILIAR,END TABLE,H102234B
01tVT00000Bkk37YAB,MESA CONSOLA MDF,CONSOLE TABLE,H109002B
01tVT00000BkkRJYAZ,MESA DE CENTRO CRISTAL,COFFEE TABLE,H102231B
01tVT00000BkkmHYAR,MESA LATERAL AUXILIAR,END TABLE,H102232B
01tVT00000Bkkr8YAB,MESA DE CENTRO MDF,COFFEE TABLE,H102236B
01tVT00000Bkl8rYAB,MESA CONSOLA MADERA,CONSOLE TABLE,H109003B
01tVT00000BklAUYAZ,MESA DE CENTRO CRISTAL,COFFEE TABLE,H102237B
01tVT00000BklTpYAJ,MESA DE CENTRO MDF,COFFEE TABLE,H102233B
01tVT00000Bkm1hYAB,SET MESAS AUXILIARES 2 PIEZAS,COFFEE TABLE SET,H102235B
01tVT00000BkmRVYAZ,SILLON,ACCENT CHAIR,H108035B
01tVT00000BkmphYAB,SILLON,ACCENT CHAIR,H108036B
01tVT00000BknAfYAJ,BANCO,BENCH,H107017B
01tVT00000BknKLYAZ,BANCO,BENCH,H107018B
01tVT00000Bm1bNYAR,NEVERA PORTATIL (32L-42 LATAS),32L HARD COOLER (42 CANS),G603038OS
01tVT00000BmMcbYAF,MESA RESINA REDONDA PLEGABLE,5FT FOLDING IN HALF ROUND TABLE,G104155A
01tVT00000Boh8HYAR,SILLA GIRATORIA,SWIVEL CHAIR,H108037B
01tVT00000Boi9BYAR,SOFA CAMA,SOFA BED,H106079B
01tVT00000BoiM5YAJ,SOFA CAMA,SOFA BED,H106080B
01tVT00000Boj0PYAR,SOFA CAMA,SOFA BED,H106081B
01tVT00000BpzXlYAJ,BOLSA MOCHILA NEVERA CAMPING,COOLER BACKPACK,G603059AR
01tVT00000BpzcbYAB,BOLSA NEVERA CAMPING,CAMPING COOLER BAG,G603080AR
01tVT00000BpzeDYAR,COLCHÓN INFLABLE,SLEEPING PAD,G602102AR
01tVT00000Bpzj3YAB,NEVERA PORTATIL (32L-42 LATAS),32L HARD COOLER (42 CANS),G603038AR
01tVT00000BpzkfYAB,SILLA PLAYA,BEACH CHAIR,G501140AR
01tVT00000BpzmHYAR,BOLSA NEVERA CAMPING,CAMPING COOLER BAG,G603079AR
01tVT00000Bpzr7YAB,BOLSA NEVERA ISOTÉRMICA CAMPING 19L,19L ISOTHERMAL BAG,G603073AR
01tVT00000BpzsjYAB,CARRITO PLEGABLE CON ASIENTO,2 IN 1 SOFA SETA FOLDING WAGON,G602106AR
01tVT00000BpzuLYAR,SILLA PLAYA AJUSTABLE,DECK CHAIR 3 POSITIONS,G501136AR
01tVT00000BpzvxYAB,SILLA PLAYA,FUNCATION BEACH CHAIR,G501138AR
01tVT00000BrAfdYAF,BOTE DE BASURA 3L,PEDAL BIN 3L,H404141B
01tVT00000BrAsXYAV,BOTE DE BASURA 3L,PEDAL BIN 3L,H404142B
01tVT00000BrAu9YAF,SALA DE PATIO ACERO 5 PIEZAS CON COJINES,5PCS STEEL SOFA SET,G102033A
01tVT00000BrBGjYAN,ASADOR CARBON CON RUEDAS,CHARCOAL GRILL,G301273A
01tVT00000BrBTdYAN,MESA RESINA PLEGABLE 180 CM,6 FT FOLDING HDPE TABLE,G101008A
01tVT00000BrBgXYAV,SET DE ACCESORIOS 5 PIEZAS DE BARBACOA,BBQ TOOL SET 5PCS,G303001A
01tVT00000BrBtRYAV,SET DE ACCESORIOS 2 PIEZAS DE BARBACOA,BBQ TOOL SET 2PCS,G303002A
01tVT00000BrC1VYAV,SET DE ACCESORIOS 2 PIEZAS DE BARBACOA,BBQ TOOL SET 2PCS,G303003A
01tVT00000BrCSvYAN,SALA DE PATIO ALUMINIO 4 PIEZAS CON COJINES,4PCS ALU SOFA SET,G102034A
01tVT00000BrD42YAF,ESTANTE DE ALMACENAMIENTO,WALL MOUNTED STORAGE RACK,H405154B
01tVT00000BrDf7YAF,SALA DE PATIO ALUMINIO Y WICKER 4 PIEZAS CON COJINES,4PCS ALU&WICKER SOFA SET,G102035A
01tVT00000BrEZZYA3,SALA DE PATIO ALUMINIO 5 PIEZAS CON COJINES,5PCS ALUMINIUM SOFA SET,G102036A
01tVT00000BrF0zYAF,SALA DE PATIO ALUMINIO 5 PIEZAS CON COJINES,5PCS ALUMINIUM SOFA SET,G102037A
01tVT00000BrH4PYAV,SALA DE PATIO ACACIA 5 PIEZAS CON COJINES,7 SEATER WOODLODGE ROPE SOFA SET,G102038A
01tVT00000BrHPNYA3,SALA DE PATIO ACACIA 4 PIEZAS CON COJINES,4PCS SOFA SET,G102039A
01tVT00000BrHijYAF,SALA DE PATIO ACACIA 4 PIEZAS CON COJINES,4PCS SOFA SET,G102040A
01tVT00000BrI8XYAV,MESA RESINA PLEGABLE 180 CM,6 FT FOLDING HDPE TABLE,G101008A
01tVT00000BrsrzYAB,SILLA DE PLAYA CON REPOSAPIÉS,DECK CHAIR WITH FOOTREST,G404137A
01tVT00000BruaSYAR,BANCO CON ALMACENAMIENTO,STORAGE BENCH,G107014A
01tVT00000BrwE1YAJ,MESA RESINA PLEGABLE 180 CM,6 FT FOLDING HDPE TABLE,G101008A
01tVT00000BrwqjYAB,SET BISTRO ACACIA 3 PIEZAS CON COJIN,3PCS CHAT SET,G102041A
01tVT00000BrxzhYAB,SET BISTRO ACACIA 3 PIEZAS CON COJIN,3PCS BAR SET,G102042A
01tVT00000Bry7nYAB,BANCO DOBLE TUMBONA,DOUBLE LOUNGER BENCH,G107012A
01tVT00000Bs5E5YAJ,BANCO DOBLE TUMBONA,DOUBLE LOUNGER BENCH,G107013A
01tVT00000Bs5SbYAJ,SILLON DE CAPE COD,CAPE COD CHAIR,G103018A
01tVT00000Bs5kLYAR,CAJA DE 2 PLAZAS CON COJIN,2-SEATER CUSHION BOX,G105019A
01tVT00000Bs6oTYAR,SALA DE PATIO RATAN 4 PIEZAS CON COJINES,Gent 4pc Seating Group,G102043A
01tVT00000BumDLYAZ,SALA DE PATIO ESQUINA ACACIA 4 PIEZAS CON COJINES,SOFA SET,G102049A
01tVT00000BunCcYAJ,CASETA DE ALMACENAMIENTO 1170L,STORAGE SHED 1170L,G105023A
01tVT00000Bunz0YAB,SALA DE PATIO RATAN 4 PIEZAS CON COJINES,GARDEN SET,G102044A
01tVT00000BuqIXYAZ,SET BISTRO ACERO 3 PIEZAS,BISTRO SET,G102045A
01tVT00000Buqs1YAB,BAUL DE ALMACENAMIENTO 490L,STORAGE BOX 490L,G105020A
01tVT00000Bur3JYAR,BAUL DE ALMACENAMIENTO 680L,STORAGE BOX 680L,G105021A
01tVT00000Bur89YAB,CASETA DE ALMACENAMIENTO 775L,STORAGE SHED 775L,G105022A
01tVT00000BurWLYAZ,CASETA DE ALMACENAMIENTO,STORAGE SHED,G105024A
01tVT00000BurbBYAR,SALA DE PATIO ACERO 4 PIEZAS CON COJINES,4PCS Patio Conversation Set,G102046A
01tVT00000BurrJYAR,BAUL DE ALMACENAMIENTO 374L,STORAGE BOX 374L,G105025A
01tVT00000Bus0zYAB,SILLA COMEDOR ACERO CON COJIN,KD OUTDOOR SINGLE CHAIR,G103019A
01tVT00000BusQnYAJ,CAJA DE 2 PLAZAS,OUTDOOR STORAGE BOX,G105026A
01tVT00000BuuUDYAZ,SALA DE PATIO ACACIA 5 PIEZAS CON COJINES,SOFA SET,G102047A
01tVT00000Buuh7YAB,SALA DE PATIO ACACIA 4 PIEZAS CON COJINES,SOFA SET,G102048A
01tVT00000Buv5PYAR,BAUL DE ALMACENAMIENTO,STORAGE BOX,G105027A
01tVT00000BuvN3YAJ,CASETA DE ALMACENAMIENTO,STORAGE SHED,G105028A
01tVT00000Buvq5YAB,ENROLLADOR CON MANGUERA,HOSE REEL,G603091A
01tVT00000Buwm9YAB,SET COMEDOR ACACIA 5 PIEZAS,DINING SET,G101139A
01tVT00000Bux2HYAR,SET BISTRO ACACIA 3 PIEZAS,BISTRO SET,G101140A
01tVT00000Bvbm5YAB,SET COMEDOR ACACIA 5 PIEZAS CON COJINES,5PCS TABLE SET WITH CUSHION,G101141A
01tVT00000Bvc5RYAR,SET COMEDOR ACACIA 5 PIEZAS,5PCS ROUND TABLE DINING SET,G101142A
01tVT00000BvcS1YAJ,SET COMEDOR ACACIA 7 PIEZAS,7PCS DINING SET,G101143A
01tVT00000Bvci9YAB,SET BAR ACACIA 5 PIEZAS,5PCS ROUND BAR SET,G101144A
01tVT00000BvdG1YAJ,SET BAR RESINA 5 PIEZAS,BAR SET,G101145A
01tVT00000BvdpVYAR,SET BISTRO ALUMINIO 4 PIEZAS CON OTTOMAN,4PCS ALUM WOVEN BISTRO SET,G102050A
01tVT00000BveFJYAZ,SET BISTRO RESINA 3 PIEZAS,HDPE BAR SET,G101146A
01tVT00000BvedVYAR,DAYBED CON COJINES,DAYBED,G106339A
01tVT00000BvfJRYAZ,TUMBONA PLAYA RESINA,CHAISE LOUNGE,G404138A
01tVT00000BvhptYAB,ORGANIZADOR ZAPATOS 4 NIVELES,4 TIERS SHOE RACK,H402001B
01tVT00000Bvi2nYAB,ORGANIZADOR ZAPATOS 4 NIVELES,4 TIERS SHOE RACK,H402002B
01tVT00000BviCTYAZ,CARRITO AUXILIAR 4 NIVELES,4 TIER UTILITY CART,H403012B
01tVT00000BviFhYAJ,SILLA DE COMEDOR PARA EXTERIOR,STEEL ARMCHAIR,G103020A
01tVT00000BviIvYAJ,CARRITO AUXILIAR 5 NIVELES,5 TIER UTILITY CART,H403013B
01tVT00000BviUDYAZ,MESA TELESCOPICA PARA PORTATIL,TELESCOPIC LAPTOP TABLE,H302107B
01tVT00000BviafYAB,SILLA COMEDOR ACERO ROPE,STEEL ARMCHAIR,G103021A
01tVT00000BvinZYAR,ESTANTERIA DE BAMBU DE 4 NIVELES,4 TIER BAMBOO SHELF,H205011B
01tVT00000BvivdYAB,ESTANTERIA DE BAMBU DE 5 NIVELES,5 TIER BAMBOO SHELF,H205012B
01tVT00000BvjOfYAJ,SET BISTRO ACERO 3 PIEZAS,DINING SET,G101147A
01tVT00000BvpKPYAZ,MESA RESINA REDONDA PLEGABLE,5FT FOLDING IN HALF ROUND TABLE,G501151A
01tVT00000BvpYvYAJ,SET BAR ACERO 3 PIEZAS,BAR SET,G101148A
01tVT00000Bvq0LYAR,SET BISTRO ACERO 3 PIEZAS,BISTRO SET,G101149A
01tVT00000BvqhtYAB,SET BISTRO ACERO AHORRAESPACIO 3 PIEZAS,BISTRO SET,G101150A
01tVT00000BvqjVYAR,MESA PLEGABLE PLASTICO,FOLD IN HALF TABLE,G501152A
01tVT00000BwjWHYAZ,SALA DE PATIO METALICA 4 PIEZAS CON CON COJIN,4 PIECES ALU SOFA SET WITH CUSHION,G102051A
01tVT00000BwkSLYAZ,ASADOR CARBON CUADRADO,SQUARE CHARCOAL GRILL,G301274A
01tVT00000BwkovYAB,PURIFICADOR DE AIRE 11-12?,AIR PURIFIER 11-12?,B401001C
01tVT00000BxLdCYAV,SOMBRILLA DOBLE,DOUBLE UMBRELLA,G201021A
01tVT00000BxOeHYAV,SET COMEDOR ACERO 5 PIEZAS,DINING SET,G101151A
01tVT00000BxPGzYAN,GAZEBO DE ALUMINIO CON TECHO CORREDIZO,ALUMINUM PERGOLA WITH SLIDING ROOF,G202014A
01tVT00000BxPfBYAV,SOMBRILLA BANANA CON ROTACIÓN DE 360°,Banana Umbrella with 360 roating,G201020A
01tVT00000C1rwDYAR,SILLA PLEGABLE DOBLE,FOLDING CHAIR,G502065A
01tVT00000C60G9YAJ,SET COMEDOR ACACIA 7 PIEZAS,7 PCS DINING SET,G101152A
01tVT00000C63VlYAJ,HIELERA PLEGABLE 6 LT,6LT FOLDING COOLER BAG,G403035A
01tVT00000C6r5yYAB,ASIENTO CON ALMACENAJE,2 SEATER CUSHION BOX,G107017A
01tVT00000C6rQwYAJ,BANCO DOBLE ACACIA,DOUBLE LOUNGER BENCH,G102053A
01tVT00000C6tpJYAR,SET BISTRO ACACIA Y ROPE 3 PZ,ACACIA BISTRO SET 3 PIECES (TABLE+2 CHAIRS),G102052A
01tVT00000C6ubhYAB,BANCO DOBLE ACACIA,3 SEATER BENCH,G107015A
01tVT00000C6uobYAB,BANCO DOBLE CON ALMACENAJE ACACIA,3 SEATER STORAGE BENCH,G107016A
01tVT00000C6vJFYAZ,SET BAR 5 PCS,5PCS BAR DINING SET,G101153A
01tVT00000C6vSvYAJ,SET BAR 3 PCS,3PC BAR SET,G101154A
01tVT00000C6vhRYAR,MECEDORA,ROCKING CHAIR,G103022A
01tVT00000C6vntYAB,SET COMEDOR 5 PIEZAS,5PC DINING SET,G101155A
01tVT00000C6w5dYAB,SET BISTRO 3 PZAS,STEEL BISTRO SET 3 PIECES,G102054A
01tVT00000C6wVRYAZ,SET COMEDOR 5 PIEZAS,5PC DINING SET,G101156A
01tVT00000C73a9YAB,SALA DE PATIO ACACIA CON COJINES,SOFA SET,G102055A
01tVT00000C74eHYAR,SET COMEDOR 7 PCS ALUMINIO,7 PC DINING SET,G101157A
01tVT00000C74snYAB,SET COMEDOR 7 PCS ALUMINIO,7PC DINING SET ALUM,G101158A
01tVT00000C75C9YAJ,SET COMEDOR 5 PCS ALUMINIO,5 PC DINING SET,G101159A
01tVT00000C75QfYAJ,SET COMEDOR 7 PCS ALUMINIO,7 PCS DINING SET,G101160A
01tVT00000C7nujYAB,SILLA OFICINA,OFFICE CHAIR,H301058B
01tVT00000C7qm9YAB,ESCRITORIO,DESK,H302108B
01tVT00000C7sHiYAJ,SILLA RATAN,RATTAN CHAIR,G103023A
01tVT00000C7vPGYAZ,SILLA PP IMITACION RATAN,RATTAN LOOK PP CHAIR,G103024A
01tVT00000C7xNpYAJ,MESA TERRAZA CON CRISTAL,TERRACE TABLE WITH GLASS TOP,G104157A
01tVT00000C7xajYAB,MESA TERRAZA CON CRISTAL Y RATAN,TERRACE TABLE WITH GLASS TOP AND RATTABN,G104158A
01tVT00000C7zxVYAR,SET BISTRO PP 3 PIEZAS (MESA+2 SILLAS),PP BISTRO SET 3 PIECE (TABLE +2 CHAIRS),G102056A
01tVT00000C80aDYAR,SET BISTRO PP 3 PIEZAS (MESA+2 SILLAS),PP BISTRO SET 3 PIECE (TABLE +2 CHAIRS),G102057A
01tVT00000C8EmrYAF,CALEFACTOR CERAMICO DE MANO 350W,CERAMIC HANDY HEATER 350W,B302234VI
01tVT00000C8Eq5YAF,CALEFACTOR CERAMICO SOBREMESA CON VENTILADOR (PTC) 1500W,VINTAGE TABLE COLORFUL PTC HEATER 1500W,B302208VI
01tVT00000C8ErhYAF,CHIMENEA PORTÁTIL 1500W,Portable Fireplace Heater With Top Control,B302217VI
01tVT00000C8Z0WYAV,MESA REDONDA PLEGABLE TIPO BISTRO,ROUND FOLDING BISTRO TABLE,G104159A
01tVT00000C8cnZYAR,SET BISTRO METAL 3 PIEZAS (MESA + 2 SILLAS),STEEL BISTRO SET 3 PIECE (TABLE +2 CHAIRS),G102058A
01tVT00000C8dGbYAJ,SILLA TERRAZA ALUMINIO,ALUMINIUM TERRACE CHAIR,G103025A
01tVT00000C8eNxYAJ,SILLA COMEDOR APILABLE TEXTILENO,TEXTILENE STACKABLE DINING CHAIR,G103026A
01tVT00000C8em9YAB,MESA TERRAZA CON CRISTAL,TERRACE TABLE WITH GLASS TOP,G104160A
01tVT00000CHYUbYAP,CAMA PARA CAMPING,CAMPING COT,G402026A
01tVT00000CHYmLYAX,SET MESA COMEDOR + 4 TABURETES,CAMPING SET 1 TABLE + 4 STOOL,G402027A
01tVT00000CJOR7YAP,VENTILADOR CON CLIP DE 800 MAH,CLIP ON FAN 800MAH,B103001C
01tVT00000CJQ4jYAH,STEEL SOFA SET 5 PIECES,STEEL SOFA SET 5 PIECES,G102059A
01tVT00000CJQXlYAP,SET BISTRO METALICO PLEGABLE 3 PIEZAS,STEEL BISTRO SET 3 PIECES (TABLE+2 CHAIRS),G102060A
01tVT00000CJQcbYAH,MINIVENTILADOR DE VIENTO CON BATERÍA DE IONES DE LICIO DE 4900 MAH,MINI WIND FAN LI-ION 4900MAH,B103002C
01tVT00000CJR0nYAH,SET BISTRO METALICO PLEGABLE 3 PIEZAS,STEEL BISTRO SET 3 PIECES (TABLE+2 CHAIRS),G102061A
01tVT00000CKqMvYAL,VENTILADOR DE CINTURA CON BATERÍA DE IONES DE LITIO DE 10.000 MAH,"WAIST FAN LI-ION 10,000MAH",B103003C
01tVT00000CKswcYAD,VENTILADOR PORTÁTIL 2000 MAH,HANDHELD FAN 2000MAH,B103006C
01tVT00000CKt4gYAD,VENTILADOR DE MANO DE 3000 MAH CON FUNCIÓN DE REFRIGERACIÓN,"HANDHELD FAN 3000MAH, WITH COOLING",B103007C
01tVT00000CKubpYAD,VENTILADOR DE MANO 1200MAH,HANDHELD FAN 1200MAH,B103004C
01tVT00000CKv01YAD,VENTILADOR DE MANO 1200MAH,HANDHELD FAN 1200MAH,B103005C
01tVT00000CKvuUYAT,VENTILADOR DE MANO 1200MAH,HANDHELD FAN 1200MAH,B103011C
01tVT00000CKwAbYAL,VENTILADOR PORTÁTIL 1200 MAH,HANDHELD FAN 1200MAH,B103008C
01tVT00000CKwP7YAL,VENTILADOR DE MANO 1800MAH,HANDHELD FAN 1800MAH,B103009C
01tVT00000CKwnJYAT,VENTILADOR DE MANO 2000MAH,HANDHELD FAN 2000MAH,B103010C
01tVT00000CKxJZYA1,VENTILADOR DE MANO 800MAH,HANDHELD FAN 800MAH,B103012C
01tVT00000CKxZhYAL,VENTILADOR DE CUELLO 1000MAH,NECK FAN 1000MAH,B103013C
01tVT00000CL1gXYAT,SET DE SOFAS 4 PIEZAS,WICKER SOFA SET WITH CUSHIONS 4 PIECES,G102062A
01tVT00000CL2RJYA1,VENTILADOR DE MANO 500MAH,HANDHELD FAN 500MAH,B103014C
01tVT00000CL35dYAD,VENTILADOR PORTÁTIL 800MAH,PORTABLE FAN 800MAH,B103015C
01tVT00000CL5CHYA1,"VENTILADOR DE PIE DE 10"", PLEGABLE","STAND FAN 10"", FOLDABLE",B101043C
01tVT00000CL657YAD,VENTILADOR DE CAMPING CON BATERÍA DE IONES DE LITIO DE 7800 MAH,"CAMPING FAN LI-ION  7,800MAH",B103016C
01tVT00000CN3eDYAT,"VENTILADOR DE TECHO DE 32"", LED 40W","CEILING FAN 32"", LED 40W",B104001C
01tVT00000CN7LFYA1,COLCHON INFLABLE,SLEEPING PAD,G405004A
01tVT00000CN8ArYAL,VENTILADOR SIN ASPAS 3 EN 1,BLADELESS FAN 3 IN 1,B101044C
01tVT00000CN9GbYAL,VENTILADOR SIN ASPAS DE 3 VELOCIDADES,BLADELESS FAN 3 SPEEDS,B101045C
01tVT00000CN9oTYAT,VENTILADOR SIN ASPAS DE 24 VELOCIDADES,BLADELESS FAN 24 SPEEDS,B101046C
01tVT00000CNAHVYA5,VENTILADOR SIN ASPAS DE 12 VELOCIDADES,BLADELESS FAN 12 SPEEDS,B101047C
01tVT00000CNBdNYAX,VENTILADOR SIN ASPAS DE 3 VELOCIDADES,BLADELESS FAN 3 SPEEDS,B101048C
01tVT00000CND0rYAH,"VENTILADOR DE PARED DE 18"", CONTROL REMOTO","WALL  FAN 18"", REMOTE CONTROL",B105001C
01tVT00000CNDGzYAP,"VENTILADOR DE PARED DE 10"", CONTROL MANUAL","WALL FAN 10"", MANUAL CONTROL",B105002C
01tVT00000CNGwPYAX,"VENTILADOR DE TECHO DE 42"", LED DE 18 W","CEILING FAN 42"", LED 18W",B104002C
01tVT00000CNHNpYAP,"VENTILADOR DE TECHO DE 42"", LED DE 18 W","CEILING FAN 42"", LED 18W",B104003C
01tVT00000CNI3lYAH,"VENTILADOR DE TECHO DE 20"", LED 36W","CEILING FAN 20"", LED 36W",B104004C
01tVT00000CNIwbYAH,"VENTILADOR DE TECHO DE 20"", LED 36W","CEILING FAN 20"", LED 36W",B104005C
01tVT00000CNJPdYAP,"VENTILADOR DE TECHO DE 42"", LED DE 36 W","CEILING FAN 42"", LED 36W",B104006C
01tVT00000CNJkbYAH,"VENTILADOR DE TECHO DE 42"", LED DE 36 W","CEILING FAN 42"", LED 36W",B104007C
01tVT00000CNTf7YAH,COLCHON INFLABLE,SLEEPING PAD,G405004AR
01tVT00000CNrRJYA1,"VENTILADOR DE TECHO DE 42"", LED DE 36 W","CEILING FAN 42"", LED 36W",B104008C
01tVT00000CNrzBYAT,"VENTILADOR DE TECHO DE 42"", LED DE 36 W","CEILING FAN 42"", LED 36W",B104009C
01tVT00000CNtGEYA1,"VENTILADOR DE PIE, TELESCÓPICA Y PLEGABLE","STANDING FAN, TELESCOPIC AND FOLDABLE",B101049C
01tVT00000CNtRWYA1,"VENTILADOR DE PARED 16"", CONTROL REMOTO","WALL FAN 16"", REMOTE CONTROL",B105004C
01tVT00000CNuPBYA1,"VENTILADOR DE PIE DE 16"", DOBLE CABEZAL","STAND FAN 16"", DOUBLE HEAD",B101050C
01tVT00000CNw1BYAT,"VENTILADOR DE PIE ELÉCTRICO, CA 110V/60Hz, 45W, PERILLA MECÁNICA","STANDING FAN ELECTRIC, AC110V/60Hz, 45W, MECHANICAL KNOB",B101051C
01tVT00000CNxDNYA1,"VENTILADOR DE PARED 16"", CONTROL MANUAL","WALL FAN 16"", MANUAL CONTROL",B105003C
01tVT00000CNxIDYA1,"VENTILADOR DE PIE DE 16"", BASE EN CRUZ","STAND FAN 16"", CROSS BASE",B101052C
01tVT00000CNxYMYA1,"VENTILADOR DE PIE ELÉCTRICO DE 9"", CONTROL REMOTO.","STAND FAN ELECTRIC 9"", REMOTE CONTROL",B101055C
01tVT00000CNxenYAD,"VENTILADOR DE PIE DE 16"", BASE EN CRUZ","STAND FAN 16"", CROSS BASE",B101053C
01tVT00000CNxq5YAD,"VENTILADOR DE PIE DE 9"", CONTROL REMOTO Y PANTALLA TÁCTIL","STAND FAN 9"", REMOTE CONTROL & TOUCH SCREEN",B101054C
01tVT00000CNyCgYAL,"VENTILADOR DE PARED 17.5"", CONTROL MANUAL","WALL FAN 17.5"", MANUAL CONTROL",B105005C
01tVT00000CNyW1YAL,"VENTILADOR DE PIE DE 16"", ALTURA AJUSTABLE.","STAND FAN 16"", HEIGHT ADJUSTABLE",B101056C
01tVT00000CNyZGYA1,VENTILADOR SIN ASPAS DE 3 VELOCIDADES,BLADELESS FAN 3 SPEEDS,B101058C
01tVT00000CNyfhYAD,"VENTILADOR DE PARED 17.5"", CONTROL REMOTO","WALL FAN 17.5"", REMOTE CONTROL",B105006C
01tVT00000CNynlYAD,"VENTILADOR DE PIE DE 14"", ALTURA AJUSTABLE.","STAND FAN 14"", HEIGHT ADJUSTABLE",B101057C
01tVT00000CNz2HYAT,"VENTILADOR DE PARED 20"", CONTROL MANUAL","WALL FAN 20"", MANUAL CONTROL",B105007C
01tVT00000CO1FNYA1,17 ENFRIADOR DE AIRE 3 EN 1,AIR COOLER 3 IN 1,B502001C
01tVT00000CO1iPYAT,ENFRIADOR DE AIRE 3 EN 1,AIR COOLER 3 IN 1,B502002C
01tVT00000CO29pYAD,ENFRIADOR DE AIRE 3 EN 1,AIR COOLER 3 IN 1,B502003C
01tVT00000CO2MjYAL,ENFRIADOR DE AIRE 3 EN 1,AIR COOLER 3 IN 1,B502004C
01tVT00000CO3QrYAL,"ENFRIADOR DE AIRE PORTÁTIL, DEPÓSITO DE 35 L","PORTABLE AIR COOLER, TANK 35L",B502005C
01tVT00000CO3gzYAD,"ENFRIADOR DE AIRE PORTÁTIL, DEPÓSITO DE 45 L","PORTABLE AIR COOLER, TANK 45L",B502006C
01tVT00000CO4ErYAL,ENFRIADOR DE AIRE PORTÁTIL,PORTABLE AIR COOLER,B502007C
01tVT00000CO4WcYAL,"VENTILADOR DE ESCRITORIO DE 12"", BAMBÚ","DESK FAN 12"", BAMBOO",B102001C
01tVT00000CO4rZYAT,"VENTILADOR DE CIRCULACIÓN, CONTROL REMOTO","CIRCULATION FAN, REMOTE CONTROL",B101059C
01tVT00000CO5IzYAL,VENTILADOR SIN ASPAS 12 VELOCIDADES,BLADELESS FAN 12 SPEEDS,B101060C
01tVT00000CO5hBYAT,"VENTILADOR DE PIE DE 16"", VENTILADOR METÁLICO","STAND FAN 16"", METAL FAN",B101061C
01tVT00000CO6erYAD,VENTILADOR PORTÁTIL CON LUZ,"PORTABLE FAN, WITH LIGHT",B103017C
01tVT00000CO901YAD,"VENTILADOR DE PIE CON NEBULIZADOR DE 16"", CONTROL REMOTO.","STAND MIST FAN 16"" , REMOTE CONTROL",B101062C
01tVT00000COhphYAD,"VENTILADOR DE CAJA DE 20"", 3 VELOCIDADES","BOX FAN 20"", 3 SPEEDS",B102002C
01tVT00000COiVdYAL,"VENTILADOR DE CAJA DE 12"", 5 ASPAS","BOX FAN 12"", 5 BLADES",B102003C
01tVT00000CPuuXYAT,MESA ESCRITORIO,COMPUTER DESK,H302109B
01tVT00000CQWGfYAP,LIBRERIA DE MADERA,WOODEN BOOKCASE,H111008B
01tVT00000CQWlJYAX,LIBRERIA DE MADERA,WOODEN BOOKCASE,H111009B
01tVT00000CQXSrYAP,ESTANTERIA DE MADERA,WOODEN SHELF,H111010B
01tVT00000CQXpRYAX,ESTANTE DE MADERA,WOODEN SHELF,H111011B
01tVT00000CQY5ZYAX,MUEBLE DE TV METAL Y MADERA,METAL + WOODEN TV STAND,H110011B
01tVT00000CQYLhYAP,MUEBLE AUXILIAR METAL Y MADERA,METAL + WOODEN CABINET,H111012B
01tVT00000CQYTlYAP,BLADELESS FAN 10 SPEEDS,VENTILADOR SIN ASPAS DE 10 VELOCIDADES,B101063C
01tVT00000CQYf3YAH,MESA DE CENTRO METAL Y MADERA,METAL + WOODEN COFFE TABLE,H102238B
01tVT00000CQZ85YAH,MESA DE CENTRO METAL Y MADERA,METAL + WOODEN COFFE TABLE,H102239B
01tVT00000CQZHlYAP,MESA DE CENTRO METAL Y MADERA,METAL + WOODEN COFFE TABLE,H102240B
01tVT00000CQZXtYAP,SET DE MESAS DE CENTRO MADERA Y METAL,METAL + WOODEN COFFE TABLE SET,H102241B
01tVT00000CQZknYAH,MESA DE CENTRO METAL Y MADERA,METAL + WOODEN COFFE TABLE,H102242B
01tVT00000CQZmPYAX,"VENTILADOR DE TECHO DE 48"", CON BOMBILLAS","VENTILADOR DE TECHO DE 48"", CON BOMBILLAS",B104010C
01tVT00000CQa2XYAT,MUEBLE DE TV MADERA,WOODEN TV,H110012B
01tVT00000CQaFRYA1,MUEBLE DE TV METAL Y MADERA,METAL + WOODEN TV STAND,H110013A
01tVT00000CQaybYAD,MUEBLE DE TV MADERA,WOODEN TV STAND,H110014B
01tVT00000CQbD7YAL,"VENTILADOR DE TECHO DE 52 PULGADAS, CON BOMBILLAS","CEILING FAN 52"", WITH LIGHT BULBS",B104011C
01tVT00000CQdlBYAT,"VENTILADOR DE TECHO DE 52 PULGADAS, CON BOMBILLAS","CEILING FAN 52"", WITH LIGHT BULBS",B104012C
01tVT00000CQdq1YAD,MUEBLE DE TV MADERA,WOODEN TV STAND,H110015B
01tVT00000CQfAHYA1,MUEBLE DE TV MADERA,WOOD TV STAND,H110016B
01tVT00000CQfGjYAL,"VENTILADOR DE TECHO DE 52 PULGADAS, CON BOMBILLAS","CEILING FAN 52"", WITH LIGHT BULBS",B104013C
01tVT00000CQgkfYAD,"VENTILADOR DE TECHO DE 52 PULGADAS, CON BOMBILLAS","CEILING FAN 52"", WITH LIGHT BULBS",B104014C
01tVT00000CSqhVYAT,CALEFACTOR ELECTRICO CHIMENEA 750W/1500W,FIREPLACE HEATER 750W/1500W,B204001C
01tVT00000CSr7JYAT,CALEFACTOR ELECTRICO CHIMENEA 750W/1500W,FIREPLACE HEATER 750W/1500W,B204002C
01tVT00000CSrTtYAL,CALEFACTOR ELECTRICO CHIMENEA 750W/1500W,FIREPLACE HEATER 750W/1500W,B204003C
01tVT00000CUadRYAT,BOLSA DE MANO NEVERA,COOLER TOTE BAG,G403036A
01tVT00000CUoOfYAL,MESA AUXILIAR,SET OF 3 COFFEE TABLES,H102216S
01tVT00000CUoTVYA1,MUEBLE DE TV MADERA,WOODEN TV STAND,H110014S
01tVT00000CYQsPYAX,"VENTILADOR DE ESCRITORIO DE 12"", 6 ASPAS","DESK FAN 12"", 6 BLADES",B102004C
01tVT00000CYRA9YAP,"VENTILADOR DE PIE DE 10"", BASE DE 5 ORIFICIOS","STAND FAN 10"", 5 HOLES BASE",B101064C
01tVT00000CYRjdYAH,"VENTILADOR DE PIE DE 12"", 360 GRADOS","STAND FAN 12"", 360 DEGREE",B101065C
01tVT00000CYSEHYA5,"VENTILADOR DE PIE DE 18"", CONTROL REMOTO","STAND FAN 18"", REMOTE CONTROL",B101066C
01tVT00000CYSNxYAP,"VENTILADOR DE PIE DE 16"", 3 EN 1","STAND FAN 16"", 3 IN 1",B101067C
01tVT00000CYSarYAH,"VENTILADOR DE PIE DE 14"", 3 EN 1","STAND FAN 14"", 3 IN 1",B101068C
01tVT00000CYSm9YAH,"VENTILADOR DE PIE DE 16"", 5 ASPAS","STAND FAN 16"", 5 BLADES",B101069C
01tVT00000CYSxRYAX,"VENTILADOR DE PIE DE 16"", 3 ASPAS","STAND FAN 16"", 3 BLADES",B101070C
01tVT00000CYTDZYA5,"VENTILADOR DE ESCRITORIO DE 12"", 3 ASPAS","DESK FAN 12"", 3 BLADES",B102005C
01tVT00000CYTVJYA5,"VENTILADOR DE PIE DE 18"", 3 EN 1","STAND FAN 18"", 3 IN 1",B101071C
01tVT00000CYwgzYAD,"VENTILADOR DE CIRCULACIÓN, 3 VELOCIDADES","CIRCULATION FAN, 3 SPEEDS",B101072C
01tVT00000CYx0LYAT,"VENTILADOR DE CIRCULACIÓN, 4 EN 1","CIRCULATION FAN, 4 IN 1",B101073C
01tVT00000CYxOXYA1,"VENTILADOR DE CIRCULACIÓN, 3 EN 1","CIRCULATION FAN, 3 IN 1",B101074C
01tVT00000CZ8evYAD,SOFA SET METALICO 4 PIEZAS,STEEL SOFA SET 4 PIECES,G102063A
01tVT00000CZ9mHYAT,SOFA SET METALICO 4 PIEZAS,STEEL SOFA SET 4 PIECES,G102064A
01tVT00000CZAwrYAH,JUEGO DE SOFÁS PARA EXTERIOR DE RATÁN PE DE 4 PIEZAS,PE RATTAN SOFA SET 4 PIECES,G102065A
01tVT00000CagufYAB,JUEGO DE SOFÁS PARA EXTERIOR DE PLÁSTICO DE 4 PIEZAS,PLASTIC SOFA SET 4 PIECES,G102066A
01tVT00000Cah9CYAR,BAÚL DE ALMACENAMIENTO DE PLÁSTICO,PLASTIC STORAGE BOX,G105029A
01tVT00000CajJ3YAJ,MESA DE CENTRO DE PLÁSTICO,PLASTIC COFFEE TABLE,G104161A
01tVT00000CakBtYAJ,SILLA DE PLÁSTICO 2 EN 1,PLASTIC CHAIR 2 IN 1,G103027A
01tVT00000Cakv3YAB,JUEGO BISTRO DE PLÁSTICO DE 3 PIEZAS,PLASTIC BISTRO SET 3 PIECES,G102067A
01tVT00000CamnCYAR,TUMBONA DE PLÁSTICO,PLASTIC SUNBED,G103030A
01tVT00000CanRVYAZ,TUMBONA DE PLÁSTICO,PLASTIC SUNBED,G103028A
01tVT00000CapI1YAJ,TUMBONA DE PLÁSTICO,PLASTIC SUNBED,G103029A
01tVT00000CaprVYAR,MESA CENTRO CAFE,COFFEE TABLE,H102243B
01tVT00000CaqNlYAJ,CONJUNTO DE BISTRÓ PP DE 3 PIEZAS (MESA + 2 SILLAS),PP BISTRO SET 3 PIECE (TABLE +2 CHAIRS),G102068A
01tVT00000CaqvdYAB,JUEGO BISTRO ACACIA DE 3 PIEZAS,ACACIA BISTRO SET 3 PIECES,G102069A
01tVT00000Car0TYAR,SILLA DE OFICINA,OFFICE CHAIR,H301059B
01tVT00000CatyLYAR,SET TABURETE BAR 2 PIECES,BAR STOOL SET 2 PIECES,H204009B
01tVT00000Cau9dYAB,JUEGO BISTRO ACACIA DE 3 PIEZAS,ACACIA BISTRO SET 3 PIECES,G102070C
01tVT00000CbW8TYAV,JUEGO BISTRO ACACIA DE 3 PIEZAS,ACACIA BISTRO SET 3 PIECES,G102071A
01tVT00000CbWq1YAF,BANCO DE ACACIA DE 3 PLAZAS,ACACIA BENCH 3 SEATERS,G107018A
01tVT00000CbXNtYAN,MESA AUXILIAR DE ACACIA,ACACIA SIDE TABLE,G104162A
01tVT00000CbXpJYAV,MESA AUXILIAR DE ACACIA,ACACIA SIDE TABLE,G104163A
01tVT00000CbYjlYAF,JUEGO DE SOFÁS PARA EXTERIOR DE ACERO INOXIDABLE DE 4 PIEZAS,STEEL SOFA SET 4 PIECES,G102072A
01tVT00000CbZ7xYAF,JUEGO DE SOFÁS PARA EXTERIOR DE ACACIA DE 3 PIEZAS,ACACIA SOFA SET 3 PIECES,G102073A
01tVT00000CbZPhYAN,JUEGO DE SOFÁS PARA EXTERIOR DE ACACIA Y RATÁN DE 4 PIEZAS,ACACIA & RATTAN SOFA SET 4 PIECES,G102074A
01tVT00000CbZmHYAV,BANCO DE ACACIA DE 2 PLAZAS,ACACIA BENCH 2 SEATERS,G107019A
01tVT00000CbaFJYAZ,"JUEGO DE COMEDOR PARA EXTERIOR DE BARRA DE ACACIA Y ACERO, 5 PIEZAS",ACACIA & STEEL BAR DINING SET 5 PIECES,G101161A
01tVT00000CbaX4YAJ,"JUEGO DE COMEDOR PARA EXTERIOR DE ACACIA Y CUERDA, 5 PIEZAS",ACACIA AND ROPE DINING SET 5 PIECES,G101162A
01tVT00000Cbb05YAB,"JUEGO DE COMEDOR PARA EXTERIOR DE MADERA DE ACACIA, 7 PIEZAS",ACACIA DINING SET 7 PIECES,G101163A
01tVT00000CbbL3YAJ,CONJUNTO DE COMEDOR 5 PIEZAS,5PC DINING SET,G102075A
01tVT00000CbbL4YAJ,JUEGO CON SOFÁ DE 2 PLAZAS DE ACACIA,ACACIA LOVESEAT SET,G102082A
01tVT00000CbbMfYAJ,JUEGO DE COMEDOR PARA EXTERIOR DE 3 PIEZAS CON BANCOS DE MADERA DE ACACIA,ACACIA BENCH DINING SET 3 PIECES,G101164A
01tVT00000CbcVdYAJ,JUEGO DE COMEDOR PARA EXTERIOR DE ACACIA DE 5 PIEZAS,ACACIA DINING SET 5 PIECES,G101165A
01tVT00000CbcyfYAB,JUEGO DE COMEDOR PARA EXTERIOR DE ACACIA DE 5 PIEZAS,ACACIA DINING SET 5 PIECES,G101166A
01tVT00000Cbd1tYAB,CONJUNTO DE BISTRÓ DE PLÁSTICO 3 PIEZAS,PLASTIC BISTRO SET 3 PIECES,G102076A
01tVT00000CbdgDYAR,CONJUNTO DE BISTRÓ DE PLÁSTICO 3 PIEZAS,PLASTIC BISTRO SET 3 PIECES,G102077A
01tVT00000Cbdl3YAB,JUEGO DE SOFÁS PARA EXTERIOR DE ACACIA DE 4 PIEZAS,ACACIA SOFA SET 4 PIECES,G102078A
01tVT00000Cbe61YAB,JUEGO DE SOFÁS PARA EXTERIOR DE ACACIA DE 4 PIEZAS,ACACIA SOFA SET 4 PIECES,G102079A
01tVT00000CbeSbYAJ,CONJUNTO DE BISTRÓ DE PLÁSTICO 4 PIEZAS,PLASTIC BISTRO SET 4 PIECES,G102080A
01tVT00000CbepCYAR,CONJUNTO DE COMEDOR 5 PIEZAS,5PC DINING SET,G101167A
01tVT00000Cbf0TYAR,CONJUNTO DE BISTRÓ DE PLÁSTICO 3 PIEZAS,PLASTIC BISTRO SET 3 PIECES,G102081A
01tVT00000CbfgPYAR,CONJUNTO DE BISTRÓ DE PLÁSTICO 3 PIEZAS,PLASTIC BISTRO SET 3 PIECES,G102083A
01tVT00000CbhyLYAR,CONJUNTO DE COMEDOR 7 PIEZAS,7PC DINING SET,G101168A
01tVT00000CbihVYAR,JUEGO DE SOFÁS PARA EXTERIOR DE RATÁN PE DE 3 PIEZAS,PE RATTAN SOFA SET 3 PIECES,G102084A
01tVT00000CbjC9YAJ,JUEGO DE SOFÁS PARA EXTERIOR DE RATÁN PE DE 4 PIEZAS,PE RATTAN SOFA SET 4 PIECES,G102085A
01tVT00000CbjbxYAB,JUEGO DE SOFÁS PARA EXTERIOR DE RATÁN PE DE 4 PIEZAS,PE RATTAN SOFA SET 4 PIECES,G102086A
01tVT00000CbkHtYAJ,JUEGO DE SOFÁS PARA EXTERIOR DE RATÁN PE DE 3 PIEZAS,PE RATTAN SOFA SET 3 PIECES,G102087A
01tVT00000CblFZYAZ,JUEGO DE COMEDOR PARA EXTERIOR DE RATÁN PE DE 7 PIEZAS,PE RATTAN DINING SET 7 PIECES,G101169A
01tVT00000Cbm5BYAR,JUEGO DE COMEDOR PARA EXTERIOR DE RATÁN PE DE 5 PIEZAS,PE RATTAN DINING SET 5 PIECES,G101170A
01tVT00000CbmgHYAR,JUEGO BISTRO DE 3 PIEZAS DE RATÁN PE,PE RATTAN BISTRO SET 3 PIECES,G102088A
01tVT00000CbnCXYAZ,SOFÁ DE 2 PLAZAS DE RATÁN PE,PE RATTAN LOVESEAT,G102089A
01tVT00000CbnXVYAZ,JUEGO BISTRO DE 3 PIEZAS DE RATÁN PE,PE RATTAN BISTRO SET 3 PIECES,G102090A
01tVT00000Cbnm1YAB,JUEGO BISTRO DE 3 PIEZAS DE RATÁN PE,PE RATTAN BISTRO SET 3 PIECES,G102091A
01tVT00000CboADYAZ,JUEGO BISTRO DE 3 PIEZAS DE RATÁN PE,PE RATTAN BISTRO SET 3 PIECES,G102092A
01tVT00000CboTZYAZ,JUEGO BISTRO DE RATÁN PE DE 5 PIEZAS,PE RATTAN BISTRO SET 5 PIECES,G102093A
01tVT00000CbrpeYAB,SILLA DE COMEDOR DE ACERO CON CUERD,ROPE STEEL DINING CHAIR,G103031A
01tVT00000CbsP7YAJ,SILLA DE COMEDOR PARA EXTERIOR,STEEL STACKABLE CHAIR,G103032A
01tVT00000CbsnJYAR,BANCO DE ACERO,STEEL BENCH,G103033A
01tVT00000CbtcvYAB,CONJUNTO DE COMEDOR 3 PIEZAS,3PC DINING SET,G103034A
01tVT00000CbtzVYAR,CONJUNTO DE COMEDOR 4 PIEZAS,4PC DINING SET,G101171A
01tVT00000CbuIrYAJ,BANCO DE ACERO,STEEL BENCH,G103035A
01tVT00000CbvEvYAJ,CONJUNTO DE COMEDOR 6 PIEZAS,6PC DINING SET,G101172A
01tVT00000CbvMzYAJ,CONJUNTO DE COMEDOR 5 PIEZAS,5PC DINING SET,G101173A
01tVT00000CdhkXYAR,SILLA DE COMEDOR PARA EXTERIOR,PLASTIC STACKABLE DINING CHAIR,G102094A
01tVT00000CdhxRYAR,JUEGO DE COMEDOR PARA EXTERIOR DE RATÁN PE DE 5 PIEZAS,PE RATTAN DINING SET 5 PIECES,G101174A
01tVT00000Cdi5VYAR,SILLA DE COMEDOR PARA EXTERIOR,PLASTIC STACKABLE DINING CHAIR,G103036A
01tVT00000CdiBxYAJ,JUEGO DE COMEDOR PARA EXTERIOR DE RATÁN PE DE 5 PIEZAS,PE RATTAN DINING SET 5 PIECES,G101175A
01tVT00000CdiezYAB,JUEGO DE COMEDOR PARA EXTERIOR DE RATÁN PE DE 5 PIEZAS,PE RATTAN DINING SET 5 PIECES,G101176A
01tVT00000CditVYAR,JUEGO DE COMEDOR PARA EXTERIOR DE RATÁN PE DE 5 PIEZAS,PE RATTAN DINING SET 5 PIECES,G101177A
01tVT00000Cdj81YAB,CONJUNTO DE SOFÁ DE PLÁSTICO PARA 4 PERSONAS,PLASTIC 4-SEATER SOFA SET,G102095A
01tVT00000Cdj9dYAB,JUEGO DE COMEDOR PARA EXTERIOR DE RATÁN PE DE 6 PIEZAS,PE RATTAN DINING SET 6 PIECES,G101178A
01tVT00000CdjcfYAB,CONJUNTO DE SOFÁ DE PLÁSTICO PARA 4 PERSONAS,PLASTIC SOFA SET 4 SEATER,G102096A
01tVT00000CdjkjYAB,JUEGO DE SOFÁS PARA EXTERIOR DE RATÁN PE DE 4 PIEZAS,PE RATTAN SOFA SET 4 PIECES,G102097A
01tVT00000Cdjw1YAB,CONJUNTO DE SOFÁ DE PLÁSTICO PARA 4 PERSONAS,PLASTIC SOFA SET 4 SEATER,G102098A
01tVT00000CdkDlYAJ,JUEGO DE SOFÁS PARA EXTERIOR DE RATÁN PE DE 4 PIEZAS,PE RATTAN SOFA SET 4 PIECES,G102099A
01tVT00000CdkLpYAJ,BANCO DE ACERO,STEEL BENCH,G107020A
01tVT00000CdkbxYAB,JUEGO DE SOFÁS PARA EXTERIOR DE RATÁN PE DE 4 PIEZAS,PE RATTAN SOFA SET 4 PIECES,G102100A
01tVT00000Cdl09YAB,TUMBONA DE ACERO CON TEXTILENE,TEXTILENE STEEL LOUNGE,G103037A
01tVT00000CdlGHYAZ,CONJUNTO DE BISTRÓ DE ACERO 3 PIEZAS,STEEL BISTRO SET 3 PIECES,G102101A
01tVT00000CdlWPYAZ,CAMA DE DÍA PARA EXTERIOR BANCO DE RATÁN SINTÉTICO 2 EN 1,2 IN 1 PE RATTAN SUNBED AND BENCH,G103038A
01tVT00000Cdlg5YAB,SILLA MECEDORA,ROCKING CHAIR,G103039A
01tVT00000CdlubYAB,BANCO DE RATÁN DE PE,PE RATTAN BENCH,G107021A
01tVT00000Cdm7VYAR,BANCO DE 2 PLAZAS DE RATÁN PE,PE RATTAN BENCH 2 SEATERS,G107022A
01tVT00000CdmPFYAZ,BANCO DE 2 PLAZAS DE RATÁN PE,PE RATTAN BENCH 2 SEATERS,G107023A
01tVT00000CdmXJYAZ,BAÚL PARA COJINES DE RATÁN DE PE,PE RATTAN CUSHION BOX 2 SEATERS,G107024A
01tVT00000CdmaYYAR,BAÚL PARA COJINES DE RATÁN DE PE,PE RATTAN CUSHION BOX 3 SEATERS,G107025A
01tVT00000CdmfNYAR,CONJUNTO DE COMEDOR 5 PIEZAS,5PC DINING SET,G102102A
01tVT00000CdmsHYAR,CONJUNTO DE SOFÁ DE ACERO 4 PIEZAS,STEEL SOFA SET 4 PIECES,G102103A
01tVT00000CdnErYAJ,CONJUNTO DE SOFÁ DE ACERO 4 PIEZAS,STEEL SOFA SET 4 PIECES,G102104A
01tVT00000CdnJhYAJ,TUMBONA DE RATÁN PE,PE RATTAN SUNBED,G103040A
01tVT00000CdnOXYAZ,CONJUNTO DE SOFÁ DE ACERO 4 PIEZAS,STEEL SOFA SET 4 PIECES,G102105A
01tVT00000CdnYDYAZ,TUMBONA DE RATÁN PE,PE RATTAN SUNBED,G103041A
01tVT00000CdngHYAR,CONJUNTO DE SOFÁ DE ACERO 4 PIEZAS,STEEL SOFA SET 4 PIECES,G102106A
01tVT00000CdnoLYAR,TUMBONA DE RATÁN PE,PE RATTAN SUNBED,G103042A
01tVT00000Cdo1FYAR,CONJUNTO DE BISTRÓ DE ACERO 3 PIEZAS,STEEL BISTRO SET 3 PIECES,G102107A
01tVT00000Cdo65YAB,TUMBONA DE RATÁN PE,PE RATTAN SUNBED,G103043A
01tVT00000CdoKbYAJ,CONJUNTO DE BISTRÓ DE ACERO 3 PIEZAS,STEEL BISTRO SET 3 PIECES,G102108A
01tVT00000CdoSfYAJ,TUMBONA DE RATÁN PE,PE RATTAN SUN LOUNGER,G103044A
01tVT00000CdoinYAB,CONJUNTO DE PATIO DE ACERO 6 PIEZAS,STEEL PATIO SET 6PCS,G102109A
01tVT00000CdpN8YAJ,JUEGO BISTRO DE 3 PIEZAS DE RATÁN PE,PE RATTAN BISTRO SET 3 PIECES,G102120A
01tVT00000CdplKYAR,JUEGO BISTRO DE ACACIA Y RATÁN DE 3 PIEZAS,ACACIA AND RATTAN BISTRO SET 3 PIECES,G102113A
01tVT00000CdprmYAB,SILLA DE COMEDOR PARA EXTERIOR,TEXTILENE FOLDABLE CHAIR,G103051A
01tVT00000Cdq1RYAR,JUEGO BISTRO ACACIA DE 3 PIEZAS,ACACIA BISTRO SET 3 PIECES,G102110A
01tVT00000CdqHZYAZ,JUEGO BISTRO ACACIA DE 3 PIEZAS,ACACIA BISTRO SET 3 PIECES,G102111A
01tVT00000CdqHaYAJ,JUEGO BISTRO ACACIA DE 3 PIEZAS,ACACIA BISTRO SET 3 PIECES,G102112A
01tVT00000CdqZJYAZ,TABURETE DE BAR DE PLÁSTICO,PLASTIC BAR CHAIR,G103045A
01tVT00000CdqmDYAR,SILLA DE COMEDOR PARA EXTERIOR,PLASTIC DINING CHAIR,G103046A
01tVT00000Cdr2LYAR,SILLA DE COMEDOR PARA EXTERIOR,PLASTIC DINING CHAIR,G103047A
01tVT00000CdrNJYAZ,CONJUNTO DE BISTRÓ DE PLÁSTICO 5 PIEZAS,PLASTIC BISTRO SET 5 PIECES,G102114A
01tVT00000CdrTlYAJ,TUMBONA DE SOL ACACIA,ACACIA SUNBED,G103048A
01tVT00000Cds01YAB,CONJUNTO DE BISTRÓ DE PLÁSTICO 3 PIEZAS,PLASTIC BISTRO SET 3 PIECES,G102115A
01tVT00000CdsT3YAJ,CONJUNTO DE BISTRÓ DE PLÁSTICO 3 PIEZAS,PLASTIC BISTRO SET 3 PIECES,G102116A
01tVT00000Cdsw5YAB,JUEGO DE SOFÁS PARA EXTERIOR DE RATÁN PE DE 3 PIEZAS,PE RATTAN SOFA SET 3 PIECES,G102117A
01tVT00000CdtAcYAJ,SILLA DE COMEDOR PARA EXTERIOR,TEXTILENE STEEL CHAIR,G103049A
01tVT00000CdtXBYAZ,JUEGO DE SOFÁS PARA EXTERIOR DE ACACIA DE 4 PIEZAS,ACACIA SOFA SET 4 PIECES,G102118A
01tVT00000Cdu53YAB,SILLA DE COMEDOR PARA EXTERIOR,TEXTILENE FOLDABLE CHAIR,G103050A
01tVT00000CducvYAB,CONJUNTO DE COMEDOR 7 PIEZAS,7PC DINING SET,G102119A
01tVT00000Cdv17YAB,CONJUNTO DE COMEDOR 5 PIEZAS,5PC DINING SET,G101180A
01tVT00000CdvM5YAJ,CONJUNTO DE COMEDOR 5 PIEZAS,5PC DINING SET,G101181A
01tVT00000CdvdpYAB,CONJUNTO DE BISTRÓ DE ACERO 3 PIEZAS,STEEL BISTRO SET 3 PIECES,G102121A
01tVT00000CdvqjYAB,CONJUNTO DE PATIO DE ACERO 6 PIEZAS,STEEL PATIO SET 6PCS,G102122A
01tVT00000Cdw5FYAR,CONJUNTO DE BISTRÓ DE ACERO 3 PIEZAS,STEEL BISTRO SET 3 PIECES,G102123A
01tVT00000CdwLNYAZ,CONJUNTO DE BISTRÓ DE ACERO 3 PIEZAS,STEEL BISTRO SET 3 PIECES,G102124A
01tVT00000CdwV3YAJ,CONJUNTO DE BISTRÓ DE ACERO 3 PIEZAS,STEEL BISTRO SET 3 PIECES,G102125A
01tVT00000CdwejYAB,CONJUNTO DE BISTRÓ DE ACERO 3 PIEZAS,STEEL BISTRO SET 3 PIECES,G102126A
01tVT00000CdxanYAB,JUEGO DE COMEDOR PARA EXTERIOR DE RATÁN PE DE 9 PIEZAS,PE RATTAN DINING SET 9 PIECES,G101182A
01tVT00000CdzhRYAR,SILLA COMEDOR PLASTICO,PLASTIC DINING CHAIR,H201230B
01tVT00000CdznuYAB,SOFA CAMA,SOFA BED,H106084B
01tVT00000CdzsjYAB,SOFA CAMA,SOFA BED,H106082B
01tVT00000CdzuLYAR,BANCO DE MADERA DE ACACIA CON LONGITUD AJUSTABLE,ACACIA BENCH LENGTH ADJUSTABLE,G107026A
01tVT00000CdzzBYAR,SOFA CAMA,SOFA BED,H106083B
01tVT00000Ce0DhYAJ,BANCO DE MADERA DE ACACIA CON LONGITUD AJUSTABLE,ACACIA BENCH LENGTH ADJUSTABLE,G107027A
01tVT00000Ce0dVYAR,TUMBONA DE MADERA DE ACACIA CON MESA AUXILIAR,ACACIA SUNBED WITH SIDE TABLE,G103052A
01tVT00000Ce0jxYAB,SOFA CAMA,SOFA BED,H106085B
01tVT00000CeD7hYAF,SOFA CAMA CON CHAISE LONGUE,SOFA BED WITH CHAISE LONGUE,H106086B
01tVT00000CebmjYAB,JUEGO DE COMEDOR DE ACACIA DE 5 PIEZAS,ACACIA DINING SET 5 PIECES,G101183A
01tVT00000CermfYAB,JUEGO DE SOFÁS PARA EXTERIOR ACACIA DE 4 PIEZAS,ACACIA SOFA SET 4 PIECES,G102127A
01tVT00000CfVDqYAN,BANCO,BENCH,G107029A
01tVT00000CfVH4YAN,JUEGO BISTRO ACACIA 3 PIEZAS,ACACIA BISTRO SET 3 PIECES,G101187A
01tVT00000CfVx0YAF,"JUEGO DE COMEDOR PARA EXTERIOR DE ACERO Y MADERA DE ACACIA, 7 PIEZAS",STEEL AND ACACIA DINING SET 7 PIECES,G101188A
01tVT00000CfWwIYAV,JUEGO DE SOFÁS PARA EXTERIOR DE 4 PIEZAS DE MADERA DE ACACIA Y CUERDA,ACACIA AND ROPE SOFA SET 4 PIECES,G102128A
01tVT00000CfXE2YAN,BANCO DE ACERO,STEEL BENCH,G107031A
01tVT00000CfXnVYAV,BANCO,BENCH,G107028A
01tVT00000CfY8TYAV,JUEGO DE COMEDOR PARA EXTERIOR DE ACACIA DE 5 PIEZAS,ACACIA DINING SET 5 PIECES,G101184A
01tVT00000CfYYHYA3,CONJUNTO DE MESA DE PICNIC DE MADERA CON BANCOS,WOODEN PICNIC TABLE SET WITH BENCHES,G107030A
01tVT00000CfZ9NYAV,"JUEGO BISTRO DE ACERO Y CUERDA, 3 PIEZAS",STEEL AND ROPE BISTRO SET 3 PIECES,G101185A
01tVT00000CfZJ3YAN,BANCO DE ACERO,STEEL BENCH,G107032A
01tVT00000CfZVxYAN,JUEGO BISTRO DE 3 PIEZAS DE ACACIA Y CUERDA,ACACIA AND ROPE BISTRO SET 3 PIECES,G101186A
01tVT00000CfZanYAF,BANCO DE ACERO,STEEL BENCH,G107033A
01tVT00000CfaLZYAZ,BANCO DE MALLA DE ACERO,STEEL MESH BENCH,G107034A
01tVT00000Cfaa5YAB,JUEGO BISTRO DE 3 PIEZAS DE RATÁN PE,PE RATTAN BISTRO SET 3 PIECES,G101189A
01tVT00000CfabhYAB,TUMBONA DE MALLA DE ACERO,STEEL MESH LOUNGE,G107035A
01tVT00000CfbXlYAJ,BANCO DE RATÁN DE DESCANSAPIÉS,PE RATTAN BENCH WITH FOOTSTOOLS,G107036A
01tVT00000CfiarYAB,"SOMBRILLA DE JARDÍN DE ACERO DE 2,7 M",STEEL GARDEN PARASOL 2.7M,G106229A
01tVT00000CfkPlYAJ,BASE SOMBRILLA HDPE,CENTER POLE UMBRELLA BASE,G106224A
01tVT00000CgN2vYAF,SOMBRILLA DE JARDÍN DE ACERO DE 2 M,STEEL GARDEN PARASOL 2M,G106227A
01tVT00000CgPRJYA3,"SOMBRILLA DE JARDÍN DE ACERO DE 2,3 M",STEEL GARDEN PARASOL 2.3M,G106226A
01tVT00000CgPeDYAV,"SOMBRILLA DE JARDÍN DE ACERO DE 2,7 M",STEEL GARDEN PARASOL 2.7M,G106228A
01tVT00000CgRcnYAF,"SOMBRILLA DE JARDÍN DE ACERO DE 2,5 M",STEEL GARDEN PARASOL 2.5M,G201022A
01tVT00000CgRkrYAF,JUEGO BISTRO,STEEL BISTRO SET,G101190A
01tVT00000CgT6jYAF,COLUMPIO,2-SEATER SWING,G106340A
01tVT00000CgTUvYAN,JUEGO DE BISTRÓ DE ACERO DE 3 PIEZAS,STEEL BISTRO SET 3 PIECES,G101191A
01tVT00000CgUNlYAN,COLUMPIO,3-SEATER SWING,G106341A
01tVT00000CgUafYAF,COLUMPIO,3-SEATER SWING,G106342A
01tVT00000CgUlxYAF,COLUMPIO,2-SEATER SWING,G106343A
01tVT00000CgUu1YAF,COLUMPIO,2-SEATER SWING,G106344A
01tVT00000CgUyrYAF,JUEGO DE BISTRÓ DE ACERO DE 3 PIEZAS,STEEL BISTRO SET 3 PIECES,G101192A
01tVT00000CgV5JYAV,COLUMPIO,3-SEATER SWING,G106345A
01tVT00000CgVN3YAN,JUEGO DE BISTRÓ DE ACERO DE 3 PIEZAS,STEEL BISTRO SET 3 PIECES,G101193A
01tVT00000CgVgPYAV,COLUMPIO,3-SEATER SWING,G106346A
01tVT00000CgVy9YAF,JUEGO DE BISTRÓ DE ACERO DE 3 PIEZAS,STEEL BISTRO SET 3 PIECES,G101194A
01tVT00000Cgao9YAB,BANCO DE ACERO,STEEL BENCH,G107037A
01tVT00000CgbQrYAJ,BANCO DE ACERO,STEEL BENCH,G107038A
01tVT00000CgbXKYAZ,CAMA DE DÍA PARA EXTERIOR BANCO DE 2 PLAZAS DE MADERA DE ACACIA,ACACIA DAYBED AND BENCH 2  SEATERS,G103054A
01tVT00000Cgc0LYAR,CAMA DE DÍA PARA EXTERIOR BANCO DE 3 PLAZAS DE MADERA DE ACACIA,ACACIA DAYBED AND BENCH 3 SEATERS,G103053A
01tVT00000Cge0XYAR,GAZEBO,GAZEBO,G201023A
01tVT00000CgeTZYAZ,GAZEBO,DOUBLE ROOF GAZEBO WITH LED LIGHTS,G202015A
01tVT00000Cgei5YAB,GAZEBO,GAZEBO,G202016A
01tVT00000CgetNYAR,GAZEBO,DOUBLE ROOF GAZEBO,G202017A
01tVT00000Cgf33YAB,GAZEBO,GAZEBO,G202018A
01tVT00000Ch9M8YAJ,CONJUNTO DE COMEDOR DE ACERO 5 PIEZAS,STEEL DINING SET 5 PIECES,G101202A
01tVT00000Ch9h4YAB,GAZEBO,GAZEBO,G202020A
01tVT00000ChAZvYAN,CARRITO AUXILIAR METALICO,STEEL TRAY,H111014B
01tVT00000ChD7xYAF,GAZEBO,GAZEBO,G202019A
01tVT00000ChDUXYA3,SILLA DE COMEDOR PARA EXTERIOR,STEEL CHAIR,G103055A
01tVT00000ChDcbYAF,GAZEBO,GAZEBO,G202021A
01tVT00000ChDj3YAF,GAZEBO,GAZEBO,G202022A
01tVT00000ChDpVYAV,JUEGO DE COMEDOR DE ACERO DE 5 PIEZAS,STEEL DINING SET 5PCS,G101195A
01tVT00000ChDvxYAF,GAZEBO,DOUBLE ROOF GAZEBO,G202023A
01tVT00000ChE5dYAF,GAZEBO,DOUBLE ROOF LED LIGHT GAZEBO,G202024A
01tVT00000ChEATYA3,JUEGO DE COMEDOR DE ACERO DE 5 PIEZAS,STEEL DINING SET 5PCS,G101196A
01tVT00000ChEK9YAN,GAZEBO,GAZEBO,G202025A
01tVT00000ChEOzYAN,CONJUNTO BISTRÓ DE ACERO 3 PIEZAS,STEEL BISTRO SET 3PCS,G101197A
01tVT00000ChEYfYAN,GAZEBO,BBQ GAZEBO,G202026A
01tVT00000ChElZYAV,GAZEBO,GAZEBO,G202027A
01tVT00000ChFL6YAN,MESA DE BAR PARA EXTERIOR,STEEL BAR TABLE,G101207A
01tVT00000ChH6jYAF,SILLA DE COMEDOR PARA EXTERIOR,STEEL DINING CHAIR,G101198A
01tVT00000ChMXrYAN,SILLA DE COMEDOR PARA EXTERIOR,STEEL STACKABLE CHAIR,G101203A
01tVT00000ChNKEYA3,SILLA COLGANTE,HANGING CHAIR,G106348A
01tVT00000ChNSIYA3,CONJUNTO BISTRÓ DE ACERO 3 PIEZAS,STEEL BISTRO SET 3PCS,G101199A
01tVT00000ChNwxYAF,SILLA DE COMEDOR PARA EXTERIOR,STEEL DINING CHAIR,G101201A
01tVT00000ChOTDYA3,CONJUNTO BISTRÓ DE ACERO 3 PIEZAS,STEEL BISTRO SET 3PCS,G101200A
01tVT00000ChQegYAF,BANCO DE ACERO,STEEL BENCH,G107039A
01tVT00000ChRdyYAF,SILLA COLGANTE,HANGING CHAIR,G106350A
01tVT00000ChSwcYAF,SILLA COLGANTE PLEGABLE KD,KD FOLDING HANGING CHAIR,G103059A
01tVT00000ChT1RYAV,SILLA COLGANTE PLEGABLE KD,KD FOLDING HANGING CHAIR,G103056A
01tVT00000ChT7tYAF,SILLA MECEDORA DE ACERO,STEEL ROCKING CHAIR,G103057A
01tVT00000ChTKnYAN,SILLA COLGANTE PLEGABLE KD,KD FOLDING HANGING CHAIR,G103058A
01tVT00000ChTO1YAN,SILLA COLGANTE,HANGING CHAIR,G106347A
01tVT00000ChTZJYA3,SILLA DE COMEDOR PARA EXTERIOR,STEEL FOLDING DINING CHAIR,G101204A
01tVT00000ChTavYAF,SILLA COLGANTE,HANGING CHAIR,G106349A
01tVT00000ChTuHYAV,SILLA DE COMEDOR PARA EXTERIOR,STEEL FOLDING DINING CHAIR,G101205A
01tVT00000ChTz7YAF,SILLAS COLGANTES DE 2 PLAZAS,2-SEATER HANGING CHAIRS,G106351A
01tVT00000ChU5ZYAV,SILLAS COLGANTES DE 2 PLAZAS,2-SEATER HANGING CHAIRS,G103060A
01tVT00000ChVsrYAF,BANCO DE BAR PARA EXTERIOR,STEEL BAR STOOL,G103061A
01tVT00000CiY5VYAV,JUEGO DE COMEDOR PARA EXTERIOR,STEEL DINING SET 5PCS,G101206A
01tVT00000CialdYAB,CENTRO ENTRETENIMIENTO METALICO,STEEL TV STAND,H110017B
01tVT00000CiathYAB,ESTANTERIA METALICA,STELL SHELF,H111013B
01tVT00000Cib9pYAB,ESTANTERIA EXTERIOR PARA PLANTAS,STEEL PLANT SHELVING,G105030A
01tVT00000CibUnYAJ,MESA AUXILIAR DE PLÁSTICO,PLASTIC SIDE TABLE,G104164A
01tVT00000CibrNYAR,MESA AUXILIAR JARDIN METAL,STEEL TRAY,G104165A
01tVT00000Cie7hYAB,JUEGO BISTRO,STEEL BISTRO SET 3PCS,G101208A
01tVT00000Cig6HYAR,SET DE COMEDOR METALICO,STEEL DINING SET,G101209A
01tVT00000Cih2MYAR,SILLA DE COMEDOR PARA EXTERIOR,PLASTIC DINING CHAIR,G101210A
01tVT00000CihjtYAB,VENTILADOR DE MANO 1200MAH,HANDHELD FAN 1200MAH,B103018C
01tVT00000CiizJYAR,GAZEBO PLAYA PROTECTOR SOLAR,6FT*6FT (180CM X180CM) INSTANT CABANA,G502033A
01tVT00000CijP7YAJ,BAUL ALMACENAJE PLASTICO,PLASTIC STORAGE,G105031A
01tVT00000CikmbYAB,BANCO DE PLÁSTICO,PLASTIC BENCH,G107040A
01tVT00000CkcbGYAR,BANCO,STEEL BENCH,G101211A
01tVT00000Cke0LYAR,CONJUNTO DE BISTRÓ DE ACERO DE 3 PIEZAS,STEEL BISTRO SET 3PCS,G101212A
01tVT00000CkeGTYAZ,CONJUNTO DE BISTRÓ DE ACERO DE 3 PIEZAS,STEEL BISTRO SET 3PCS,G101213A
01tVT00000Ckfu5YAB,GAZEBO,GAZEBO,G202028A
01tVT00000CkjEXYAZ,SOFA CAMA,SOFA BED,H106087B
01tVT00000CknjZYAR,BANCO DE ALMACENAMIENTO DE POLYWOOD,POLYWOOD STORAGE BENCH,G107041A
01tVT00000CkoxNYAR,JUEGOS DE BAR DE POLYWOOD 3 PIEZAS,POLYWOOD BISTRO SET 3PCS,G101214A
01tVT00000CkpNBYAZ,JUEGOS DE BAR DE POLYWOOD 3 PIEZAS,POLYWOOD BAR SETS 3PCS,G101215A
01tVT00000CkpdJYAR,JUEGO DE SALÓN DE POLYWOOD 3 PIEZAS,POLYWOOD LOUGE SET 3 PCS,G103062A
01tVT00000CkprqYAB,SILLA ADIRONDACK,PLYWOOD ADIRONDACK CHAIR,G103064A
01tVT00000CksPuYAJ,BANCO DESLIZANTE,GLIDER BENCH,G107042A
01tVT00000CktqbYAB,NEVERA DE PLÁSTICO,PLASTIC COOLER,G105032A
01tVT00000CktsDYAR,SILLA ADIRONDACK,POLYWOOD ADIRONDACK CHAIR,G103063A
01tVT00000CkuDBYAZ,POLYWOOD DINING SET 5PCS,POLYWOOD DINING SET 5PCS,G101216A
01tVT00000CkuGPYAZ,NEVERA DE PLÁSTICO,PLASTIC COOLER,G105033A
01tVT00000CkuQ5YAJ,NEVERA DE PLÁSTICO,PLASTIC COOLER,G105034A
01tVT00000CkuWXYAZ,SILLA MECEDORA SILLA MECEDORA,PLYWOOD ADIRONDACK CHAIR,G103065A
01tVT00000CkuebYAB,NEVERA DE PLÁSTICO,PLASTIC COOLER,G105035A
01tVT00000CkujRYAR,NEVERA DE PLÁSTICO,PLASTIC COOLER,G105036A
01tVT00000CkuujYAB,NEVERA DE PLÁSTICO,PLASTIC COOLER,G105037A
01tVT00000CkuwLYAR,SILLÓN DE EXTERIOR,POLYWOOD LOUNGE CHAIR,G103066A
01tVT00000CkvE5YAJ,NEVERA DE PLÁSTICO,PLASTIC COOLER,G105038A
01tVT00000CkvIvYAJ,MESA DE COMEDOR PARA EXTERIOR,POLYWOOD FOLDABLE DINING CHAIR,G103067A
01tVT00000CkvZ3YAJ,NEVERA DE PLÁSTICO,PLASTIC COOLER,G105039A
01tVT00000CkvdtYAB,MESA AUXILIAR,POLYWOOD SIDE TABLE,G104166A
01tVT00000ClXBJYA3,SOMBRILLA DE MADERA PARA JARDÍN 2.7 M,WOODEN GARDEN PARASOL 2.7M,G201024A
01tVT00000ClXUfYAN,SOMBRILLA DE MADERA PARA JARDÍN 3.0 M,WOODEN GARDEN PARASOL 3.0M,G201025A
01tVT00000ClXhZYAV,SOMBRILLA DE MADERA PARA JARDÍN 2 × 2 M,WOODEN GARDEN PARASOL 2*2M,G201026A
01tVT00000ClXsrYAF,SOMBRILLA DE MADERA PARA JARDÍN 2.5 × 2.5 M,WOODEN GARDEN PARASOL 2.5*2.5M,G201027A
01tVT00000ClY49YAF,SOMBRILLA DE MADERA PARA JARDÍN 3 × 3 M,WOODEN GARDEN PARASOL 3*3M,G201028A
01tVT00000CldevYAB,"BASE SOMBRILLA DE 15 KG, RELLENA DE CEMENTO",15KG PE UMBRELLA BASE CEMENT FILLED,G204001A
01tVT00000CldtRYAR,"BASE SOMBRILLA DE 27 KG, RELLENA DE CEMENTO",27KG PE UMBRELLA BASE CEMENT FILLED,G204002A
01tVT00000Cle9ZYAR,"BASE SOMBRILLA DE 10 KG, RELLENA DE CEMENTO",10KG PE UMBRELLA BASE CEMENT FILLED,G204003A
01tVT00000ClentYAB,BASE DE SOMBRILLA DE GRANITO DE 20 KG,20KG GRANITE UMBRELLA BASE,G204004A
01tVT00000ClfVRYAZ,BASE DE SOMBRILLA CUADRADA DE GRANITO DE 21 KG,21KG GRANITE SQUARE UMBRELLA BASE,G204005A
01tVT00000ClfjxYAB,BASE DE SOMBRILLA DE AGUA DE 15L,15L UMBRELLA WATER BASE,G204006A
01tVT00000Clg05YAB,BASE DE SOMBRILLA DE AGUA DE 60L,60L UMBRELLA WATER BASE,G204007A
01tVT00000ClgGDYAZ,BASE DE SOMBRILLA DE 12 KG,12KGS UMBRELLA BASE,G204008A
01tVT00000CliujYAB,BASE DE SOMBRILLA DE 12 KG,12KGS UMBRELLA BASE,G204009A
01tVT00000CljIvYAJ,BASE DE SOMBRILLA DE 12 KG,12KGS UMBRELLA BASE,G204010A
01tVT00000CljUDYAZ,BASE DE SOMBRILLA DE 25 KG,25KGS UMBRELLA BASE,G204011A
01tVT00000ClkA9YAJ,BASE DE SOMBRILLA CON RECUBRIMIENTO DE PE,PE COATING UMBRELLA BASE,G204012A
01tVT00000ClnMXYAZ,"BASE SOMBRILLA DE 11,5 KG, RELLENA DE CEMENTO","11,5KG PE UMBRELLA BASE CEMENT FILLED",G204013A
01tVT00000ClnWDYAZ,"BASE SOMBRILLA DE 20 KG, RELLENA DE CEMENTO",20KG PE UMBRELLA BASE CEMENT FILLED,G204014A
01tVT00000CmVkAYAV,NEVERA DE PLÁSTICO BLUETOOTH,PLASTIC COOLER WITH BLUETOOTH SPEAKER,G105040A
01tVT00000CmWwMYAV,LUZ SOLAR PARA JARDÍN,SOLAR GARDEN LIGHT,G604004A
01tVT00000CmZnlYAF,NEVERA DE PLÁSTICO BLUETOOTH,PLASTIC COOLER WITH BLUETOOTH SPEAKER,G105041A
01tVT00000CmZuDYAV,NEVERA DE PLÁSTICO BLUETOOTH,PLASTIC COOLER WITH BLUETOOTH SPEAKER,G105042A
01tVT00000CmbUbYAJ,SILLA PLEGABLE DE MADERA,WOODEN FOLDING CHAIR,H201231B
01tVT00000CmcC9YAJ,ASADOR GAS CON MESAS LATERALES Y RUEDAS,GAS GRILL WITH SIDE TABLES AND WHEELSNEVERA DE PLÁSTICO,G301275A
01tVT00000CmcfBYAR,DUAL ASADOR CARBON Y GAS CON MESAS LATERALES Y RUEDAS,DUAL CHARCOAL & GAS GRILL WITH SIDE TABLES AND WHEELS,G301276A
01tVT00000Cmcs5YAB,ASADOR GAS CON MESAS LATERALES Y RUEDAS,GAS GRILL WITH SIDE TABLES AND WHEELS,G301277A
01tVT00000Cmd3NYAR,ASADOR GAS CON MESAS LATERALES Y RUEDAS,GAS GRILL WITH SIDE TABLES AND WHEELS,G301278A
01tVT00000Cmd9pYAB,ASADOR GAS CON MESAS LATERALES Y RUEDAS,GAS GRILL WITH SIDE TABLES AND WHEELS,G301279A
01tVT00000CmdTBYAZ,ASADOR CARBON CON MESAS LATERALES Y RUEDAS,CHARCOAL GRILL WITH SIDE TABLES AND WHEELS,G301280A
01tVT00000CmdcrYAB,ASADOR CARBON CON MESAS LATERALES Y RUEDAS,CHARCOAL GRILL WITH SIDE TABLES AND WHEELS,G301281A
01tVT00000CmdjJYAR,ASADOR CARBON CON MESAS LATERALES Y RUEDAS,CHARCOAL GRILL WITH SIDE TABLES AND WHEELS,G301282A
01tVT00000CmdszYAB,ASADOR CARBON CON MESAS LATERALES Y RUEDAS,CHARCOAL GRILL WITH SIDE TABLES AND WHEELS,G301283A
01tVT00000CmgAvYAJ,LUZ SOLAR PARA JARDÍN,Solar 15PK Bulb String Light,G604001A
01tVT00000CmgPRYAZ,LUZ SOLAR PARA JARDÍN,SOLAR GARDEN STRING LIGHT,G604003A
01tVT00000Cmgm1YAB,LUZ SOLAR PARA JARDÍN,SOLAR GARDEN STRING LIGHT,G604005A
01tVT00000Cmh29YAB,LUZ SOLAR PARA JARDÍN,SOLAR GARDEN TABLE LIGHT,G604007A
01tVT00000CnGntYAF,SILLA PLEGABLE DE MADERA,WOODEN FOLDING CHAIR,H201232B
01tVT00000CnH8rYAF,LUZ SOLAR PARA JARDÍN,SOLAR GARDEN TABLE LIGHT,G604008A
01tVT00000CnHLlYAN,LUZ SOLAR PARA JARDÍN,SOLAR GARDEN LIGHT,G604009A
01tVT00000CnHQbYAN,LUZ SOLAR PARA JARDÍN,SOLAR GARDEN LATERN LIGHT,G604010A
01tVT00000CnHX3YAN,LUZ SOLAR PARA JARDÍN,SOLAR GARDEN LIGHT,G604011A
01tVT00000CnHdVYAV,LUZ SOLAR PARA JARDÍN,"SOLAR GARDEN LATERN LIGHT,",G604012A
01tVT00000CnHonYAF,LUZ SOLAR PARA JARDÍN,"SOLAR GARDEN CANDLE  LIGHT,",G604014A
01tVT00000CnIBNYA3,LUZ SOLAR PARA JARDÍN,"SOLAR GARDEN TABLE LIGHT,",G604017A
01tVT00000CnIJRYA3,LUZ SOLAR PARA JARDÍN,SOLAR GARDEN LIGHT,G604018A
01tVT00000CnIUjYAN,LUZ SOLAR PARA JARDÍN,SOLAR GARDEN LIGHT,G604019A
01tVT00000CnIZZYA3,LUZ SOLAR PARA JARDÍN,SOLAR GARDEN LIGHT,G604020A
01tVT00000CnJ0zYAF,LUZ SOLAR PARA JARDÍN,SOLAR GARDEN LIGHT,G604023A
01tVT00000CnJH7YAN,LUZ SOLAR PARA JARDÍN,"SOLAR GARDEN WALL  LIGHT,",G604025A
01tVT00000CnJozYAF,LUZ SOLAR PARA JARDÍN,SOLAR GARDEN LIGHT,G604026A
01tVT00000CnJx3YAF,LUZ SOLAR PARA JARDÍN,SOLAR GARDEN LIGHT,G604027A
01tVT00000CnK6jYAF,LUZ SOLAR PARA JARDÍN,SOLAR GARDEN LIGHT,G604028A
01tVT00000CnKDBYA3,LUZ SOLAR PARA JARDÍN,SOLAR GARDEN LIGHT,G604029A
01tVT00000CnMy9YAF,LUZ SOLAR PARA JARDÍN,SOLAR GARDEN LIGHT,G604033A
01tVT00000CoBPaYAN,CALEFACTOR CONVECTOR 1000W,CONVECTOR HEATER 1000W,B204006C
01tVT00000CoE0rYAF,CALEFACTOR CONVECTOR 1000W,CONVECTOR HEATER 1000W,B204004C
01tVT00000CoE5hYAF,SILLA DE OFICINA EJECUTIVA,EXECUTIVE OFFICE CHAIR,H301060B
01tVT00000CoEX7YAN,CALEFACTOR CONVECTOR 1500W,CONVECTOR HEATER 1500W,B204005C
01tVT00000CoF3NYAV,5L NEVERA DE PLÁSTICO,5L PLASTIC COOLER BOX,G105043A
01tVT00000CoFEfYAN,CALEFACTOR CONVECTOR 1500W,CONVECTOR HEATER 1500W,B204007C
01tVT00000CoFOLYA3,7L NEVERA DE PLÁSTICO,7L PLASTIC COOLER BOX,G105044A
01tVT00000CoFY1YAN,11L NEVERA DE PLÁSTICO,11L PLASTIC COOLER BOX,G105045A
01tVT00000CoFg5YAF,20L NEVERA DE PLÁSTICO,20L PLASTIC COOLER BOX,G105046A
01tVT00000CoFmXYAV,50L NEVERA DE PLÁSTICO,50L PLASTIC COOLER BOX,G105047A
01tVT00000CqHp4YAF,GABINETE INFANTIL,KID CABINET,P103054A
01tVT00000CqJneYAF,GABINETE INFANTIL,KID CABINET,P103060W
01tVT00000CqKbdYAF,ORGANIZADOR INFANTIL,KID ORGANIZER,P103047A
01tVT00000CqKuzYAF,LIBRERO INFANTIL,KID BOOKSHELF,P103048A
01tVT00000CqL7tYAF,MESA Y SILLAS INFANTILES,KID TABLE & CHAIRS,P101091A
01tVT00000CqLFyYAN,LIBRERO INFANTIL,KID BOOKSHELF,P103050A
01tVT00000CqLHZYA3,LIBRERO INFANTIL,KID BOOKSHELF,P103049A
01tVT00000CqLZJYA3,GABINETE INFANTIL,KID CABINET,P103051W
01tVT00000CqLfmYAF,GABINETE INFANTIL,KID CABINET,P103052W
01tVT00000CqLz7YAF,GABINETE INFANTIL,KID CABINET,P103053W
01tVT00000CqMDdYAN,MESA Y SILLAS INFANTILES,KID TABLE & CHAIRS,P101092W
01tVT00000CqMDeYAN,MESA Y SILLAS INFANTILES,KID TABLE & CHAIRS,P101102W
01tVT00000CqMNJYA3,MESA Y SILLAS INFANTILES,KID TABLE & CHAIRS,P101093W
01tVT00000CqMWzYAN,MESA Y SILLAS INFANTILES,KID TABLE & CHAIRS,P101094W
01tVT00000CqMf3YAF,MESA Y SILLAS INFANTILES,KID TABLE & CHAIRS,P101095W
01tVT00000CqMjtYAF,CABALLETE INFANTIL,KID EASEL,P103055W
01tVT00000CqMrxYAF,GABINETE INFANTIL,KID CABINET,P103056W
01tVT00000CqMwnYAF,TOCADOR INFANTIL,KID VANITY SET,P101096W
01tVT00000CqN1dYAF,PERCHERO INFANTIL,KID COAT STAND,P103057W
01tVT00000CqN3FYAV,MESA Y SILLAS INFANTILES,KID TABLE & CHAIRS,P101097A
01tVT00000CqNBJYA3,SILLA ESCRITORIO INFANTIL,KID CHAIR DESK,P101098W
01tVT00000CqNJNYA3,MESA Y SILLAS INFANTILES,KID TABLE & CHAIRS,P101099W
01tVT00000CqNPpYAN,CABALLETE INFANTIL,KID EASEL,P103058W
01tVT00000CqNZVYA3,ORGANIZADOR INFANTIL,KID ORGANIZER,P103059W
01tVT00000CqNb7YAF,MESA Y SILLAS INFANTILES,KID TABLE & CHAIRS,P101100A
01tVT00000CqNo1YAF,GABINETE INFANTIL,KID CABINET,P103061W
01tVT00000CqNpdYAF,SILLA ESCRITORIO INFANTIL,KID CHAIR DESK,P101101A
01tVT00000CqO49YAF,CABALLETE INFANTIL,KID EASEL,P101103W
01tVT00000CqS2wYAF,CUNA DE BEBÉ DE MADERA,WOODEN BABY CRIB,P102017W
01tVT00000CqScQYAV,CAMBIADOR DE BEBÉ DE MADERA,WOODEN BABY CHANGING TABLE,P102020W
01tVT00000CqTjlYAF,CUNA DE BEBÉ DE MADERA,WOODEN BABY CRIB,P102016W
01tVT00000CqUcbYAF,CUNA DE BEBÉ DE MADERA,WOODEN BABY CRIB,P102018W
01tVT00000CqV0nYAF,CAMBIADOR DE BEBÉ DE MADERA,WOODEN BABY CHANGING TABLE,P102019W
01tVT00000CqVKAYA3,CAMBIADOR PORTÁTIL,PORTABLE CHANGING TABLE,P102023W
01tVT00000CqVX3YAN,CUNA DE BEBÉ DE MADERA,WOODEN BABY CRIB,P102021W
01tVT00000CqVjxYAF,CUNA DE BEBÉ DE MADERA,WOODEN BABY CRIB,P102022W
01tVT00000CqW1hYAF,CUNA DE BEBÉ DE MADERA,WOODEN BABY CRIB,P102024W
01tVT00000CqWHpYAN,CUNA DE BEBÉ DE MADERA,WOODEN BABY CRIB,P102025W
01tVT00000CqWT7YAN,ORGANIZADOR INFANTIL DE JUGUETES CON 6 CONTENEDORES,KID TOY ORGANIZER WITH 6 BINS,P103062W
01tVT00000CqWkrYAF,MESA Y SILLAS INFANTILES,KID TABLE AND CHAIRS,P101104W
01tVT00000CqX4DYAV,ORGANIZADOR DE JUGUETES CON 9 CONTENEDORES DE PLÁSTICO,TOY ORGANIZER WITH 9 PLASTIC BINS,P103063W
01tVT00000CqXCHYA3,CUNA DE BEBÉ DE MADERA,WOODEN BABY CRIB,P102026W
01tVT00000CqXk9YAF,CUNA DE BEBÉ DE MADERA,WOODEN BABY CRIB,P102027W
01tVT00000CqXtpYAF,CUNA DE BEBÉ DE MADERA,WOODEN BABY CRIB,P102028W
01tVT00000CqY9xYAF,LIBRERO INFANTIL,KID BOOKSHELF,P103064W
01tVT00000CqYMrYAN,CAMBIADOR DE BEBÉ DE MADERA,WOODEN BABY CHANGING TABLE,P103065W
01tVT00000CqYQ5YAN,MESA Y SILLAS INFANTILES,KID TABLE AND CHAIRS,P101105W
01tVT00000CqYoHYAV,MESA Y SILLAS INFANTILES,KID TABLE AND CHAIRS,P101106W
01tVT00000CqYujYAF,CAMBIADOR DE BEBÉ DE MADERA,WOODEN BABY CHANGING TABLE,P101107W
01tVT00000CqZArYAN,MESA Y SILLAS INFANTILES,KID TABLE AND CHAIRS,P101108W
01tVT00000CqZKXYA3,CAMBIADOR DE BEBÉ DE MADERA,WOODEN BABY CHANGING TABLE,P101109W
01tVT00000CqZQzYAN,TABURETE DE APRENDIZAJE INFANTIL CON 2 PASOS,LEARNING TOWER,P101110W
01tVT00000CqZafYAF,CAMBIADOR DE BEBÉ DE MADERA,WOODEN BABY CHANGING TABLE,P101111W
01tVT00000CqZdtYAF,TABURETE DE APRENDIZAJE INFANTIL CON 2 PASOS,LEARNING TOWER,P103066W
01tVT00000CqZqnYAF,CAMBIADOR DE BEBÉ DE MADERA,WOODEN BABY CHANGING TABLE,P101112W
01tVT00000Cqa0TYAR,CAMBIADOR DE BEBÉ DE MADERA,WOODEN BABY CHANGING TABLE,P101113W
01tVT00000Cqa6vYAB,LIBRERO INFANTIL,KID BOOKSHELF,P103067W
01tVT00000CqagPYAR,PUERTAS DE SEGURIDAD,KIDS SAFETY GATE,P103068W
01tVT00000CqarhYAB,CAMBIADOR DE BEBÉ DE MADERA,WOODEN BABY CHANGING TABLE,P101114A
01tVT00000CqbNxYAJ,PUERTAS DE SEGURIDAD,KIDS SAFETY GATE,P103069W
01tVT00000Cr8beYAB,MECEDORA PARA LACTANCIA,NURSERY ROCKING CHAIR,P101119W
01tVT00000CrC5lYAF,MECEDORA PARA LACTANCIA,NURSERY GLIDER CHAIR,P101115W
01tVT00000CrCDpYAN,PUERTAS DE SEGURIDAD,KIDS SAFETY GATE,P103070W
01tVT00000CrCYnYAN,MECEDORA PARA LACTANCIA,NURSERY GLIDER CHAIR,P101116W
01tVT00000CrCk5YAF,SILLAS ALTAS DE MADERA,FEEDING CHAIR,P101117W
01tVT00000CrCovYAF,PUERTAS DE SEGURIDAD,KIDS SAFETY GATE,P103071W
01tVT00000CrCybYAF,SILLAS ALTAS DE MADERA,FEEDING CHAIR,P101118W
01tVT00000CrD9tYAF,MECEDORA PARA LACTANCIA,NURSERY ROCKING CHAIR,P101120W
01tVT00000CrDEjYAN,PUERTAS DE SEGURIDAD,KIDS SAFETY GATE,P103072W
01tVT00000CrDJZYA3,CUNA DE BEBÉ DE MADERA,WOODEN BABY CRIB,P102029W
01tVT00000CrDWUYA3,MECEDORA PARA LACTANCIA,NURSERY ROCKING CHAIR,P101123W
01tVT00000CrDeXYAV,MECEDORA PARA LACTANCIA,NURSERY ROCKING CHAIR,P101121W
01tVT00000CrDmbYAF,MECEDORA PARA LACTANCIA,NURSERY ROCKING CHAIR,P101122W
01tVT00000CrE5xYAF,MECEDORA PARA LACTANCIA,NURSERY ROCKING CHAIR,P101124W
01tVT00000CrEFdYAN,MECEDORA PARA LACTANCIA,NURSERY ROCKING CHAIR,P101125W
01tVT00000CrLIkYAN,SILLA DE OFICINA,OFFICE CHAIR,H301064B
01tVT00000CrN7dYAF,CUNA DE BEBÉ DE MADERA,WOODEN BABY CRIB,P102030W
01tVT00000CrNCTYA3,SILLAS ALTAS DE MADERA,FEEDING CHAIR,P101126W
01tVT00000CrNHKYA3,SILLA DE OFICINA,OFFICE CHAIR,H301066B
01tVT00000CrNNlYAN,CUNA DE BEBÉ DE MADERA,WOODEN BABY CRIB,P102031W
01tVT00000CrNSbYAN,SILLAS ALTAS DE MADERA,FEEDING CHAIR,P101127W
01tVT00000CrNcHYAV,SILLAS ALTAS DE MADERA,FEEDING CHAIR,P101128W
01tVT00000CrNh7YAF,SILLAS ALTAS DE MADERA,FEEDING CHAIR,P101129W
01tVT00000CrNpBYAV,SILLAS ALTAS DE MADERA,FEEDING CHAIR,P101130W
01tVT00000CrNxFYAV,SILLAS ALTAS DE MADERA,FEEDING CHAIR,P101131W
01tVT00000CrO6vYAF,SILLA DE OFICINA,OFFICE CHAIR,H301061B
01tVT00000CrOLRYA3,SILLA DE OFICINA,OFFICE CHAIR,H301062B
01tVT00000CrOmrYAF,SILLA DE OFICINA,OFFICE CHAIR,H301063B
01tVT00000CrOuvYAF,SILLA DE OFICINA,OFFICE CHAIR,H301065B
01tVT00000CrPCfYAN,SILLA DE OFICINA,OFFICE CHAIR,H301067B
01tVT00000CrPJ7YAN,SILLA DE OFICINA,OFFICE CHAIR,H301068B
01tVT00000CrPSnYAN,SILLA DE OFICINA,OFFICE CHAIR,H301069B
01tVT00000CrPXdYAN,SILLA DE OFICINA,OFFICE CHAIR,H301070B
01tVT00000CrPcTYAV,SILLA DE OFICINA,OFFICE CHAIR,H301071B
01tVT00000CrPpNYAV,SILLA DE OFICINA,OFFICE CHAIR,H301072B
01tVT00000CrPqzYAF,SILLA DE OFICINA,OFFICE CHAIR,H301073B
01tVT00000CymfZYAR,BAÚL JUGUETES INFANTIL,TOYBOX,P103073W
01tVT00000CyoPdYAJ,MESA,TABLE,G104167A
01tVT00000CyocXYAR,BANCO,BENCH,G107043A
01tVT00000CyokbYAB,SILLA,CHAIR,G103068A
01tVT00000CyqL0YAJ,BANCO,BENCH,G107044A
01tVT00000CyvEDYAZ,MESA,TABLE,G104168A
01tVT00000CyvZBYAZ,SILLA,CHAIR,G103069A
01tVT00000D08yzYAB,GABINETE INFANTIL,KID CABINET,P103060T
01tVT00000D0973YAB,MESA Y SILLAS INFANTILES,KID TABLE & CHAIRS,P101093T
01tVT00000D09F7YAJ,JUGUETERO 6 CAJONES DE PLASTICO INFANTIL,TOY STORAGE WITH 6 BINS,H105116T
01tVT00000D09JxYAJ,ESTANTERIA MULTIFUNCIONAL INFANTIL,ORGANIZER,H105143T
01tVT00000D09OnYAJ,BAÚL JUGUETES INFANTIL,TOYBOX,P103073T
01tVT00000D1zOXYAZ,SALA DE PATIO ACERO 4 PIEZAS CON COJINES,4-Piece Steel Patio Set with Cushions,G102129A
01tVT00000D24EXYAZ,SOFA CAMA,SOFA BED,H106088B
01tVT00000D2EozYAF,CARRITO AUXILIAR METALICO,STEEL TRAY,H111014T
01tVT00000D2Gu2YAF,SALA DE PATIO METALICO PLEGABLE 4PCS,STEEL FOLDING DINING SET 5 PIECES,G102027T
01tVT00000D2Hi1YAF,CONJUNTO DE BISTRÓ DE ACERO 3 PIEZAS,STEEL BISTRO SET 3 PIECES,G102124T
01tVT00000D2HlFYAV,ESTANTERIA EXTERIOR PARA PLANTAS,STEEL PLANT SHELVING,G105030T
01tVT00000D2Hq5YAF,CONJUNTO DE SOFÁ DE ACERO 4 PIEZAS,STEEL SOFA SET 4 PIECES,G102103T
01tVT00000D2HtJYAV,JUEGO DE SOFÁS PARA EXTERIOR DE PLÁSTICO DE 4 PIEZAS,PLASTIC SOFA SET 4 PIECES,G102066T
01tVT00000D2I4dYAF,"SOMBRILLA DE JARDÍN DE ACERO 2,0 M",STEEL GARDEN PARASOL 2.0M,G106254T
01tVT00000D2IW1YAN,SET BISTRO PP 3 PIEZAS (MESA+2 SILLAS),PP BISTRO SET 3 PIECE (TABLE +2 CHAIRS),G102057T
01tVT00000D2IarYAF,SET BISTRO METALICO PLEGABLE 3 PIEZAS,STEEL BISTRO SET 3 PIECES (TABLE+2 CHAIRS),G102060T
01tVT00000D2Kw2YAF,"SOMBRILLA DE JARDÍN DE ACERO DE 2,5 M",STEEL GARDEN PARASOL 2.5M,G201022T
01tVT00000D2LbxYAF,CONJUNTO DE BISTRÓ DE ACERO 3 PIEZAS,STEEL BISTRO SET 3 PIECES,G102107T
01tVT00000D2LdZYAV,CONJUNTO DE COMEDOR 3 PIEZAS,3PC DINING SET,G103034T
01tVT00000D2LfBYAV,JUEGO BISTRO DE 3 PIEZAS DE ACACIA Y CUERDA,ACACIA AND ROPE BISTRO SET 3 PIECES,G101186T
01tVT00000D2LgnYAF,NEVERA DE PLÁSTICO,PLASTIC COOLER,G105036T
01tVT00000D2LldYAF,NEVERA DE PLÁSTICO,PLASTIC COOLER,G105039T
01tVT00000D2LqTYAV,GAZEBO,GAZEBO,G202025T
01tVT00000D2LthYAF,SILLA COLGANTE,HANGING CHAIR,G106348T
01tVT00000D2M1lYAF,"SOMBRILLA DE JARDÍN DE ACERO DE 2,5 M",STEEL GARDEN PARASOL 2.5M,G201022AR
01tVT00000D2M4zYAF,STEEL SOFA SET 5 PIECES,STEEL SOFA SET 5 PIECES,G102059T
01tVT00000D2MBRYA3,TUMBONA PLAYA METALICA,STEEL KNOCKDOWN LOUNGE CHAIR,G501123T
01tVT00000D2YJ3YAN,CABALLETE INFANTIL,KID EASEL,P101103T
01tVT00000D2dXFYAZ,SOFA CAMA,SOFA BED,H106089B
01tVT00000D2dvRYAR,SOFÁ RECLINABLE MANUAL,MANUAL RECLINER SOFA,H106090B
01tVT00000D2eGPYAZ,SOFÁ RECLINABLE MANUAL,MANUAL RECLINER SOFA,H103029B
01tVT00000D2ebNYAR,SOFA CAMA,SOFA BED,H106091B
01tVT00000D2fqnYAB,SOFA CAMA,SOFA BED,H106092B
01tVT00000D2gOfYAJ,SOFA CAMA,SOFA BED,H106093B
01tVT00000D2gZxYAJ,SOFA CAMA,SOFA BED,H106094B
01tVT00000D2grhYAB,SOFA CAMA,SOFA BED,H106095B
01tVT00000D2hB3YAJ,SOFA CAMA,SOFA BED,H106096B
01tVT00000D2hNxYAJ,SOFA CAMA,SOFA BED,H106097B
01tVT00000D2hcTYAR,SOFA CAMA,SOFA BED,H106098B
01tVT00000D3XuQYAV,ESTANTERÍA,SHELF,H111015B
01tVT00000D3Y2VYAV,JUEGO DE COMEDOR INTERIOR DE 4 PIEZAS,INDOOR DINING SET 4 PIECES,H203020B
01tVT00000D3ZhhYAF,MESA DE CENTRO,COFFEE TABLE,H102244B
01tVT00000D3a2gYAB,JUEGO DE COMEDOR INTERIOR DE 4 PIEZAS,INDOOR DINING SET 4 PIECES,H203019B
01tVT00000D3a4HYAR,ESTANTERÍA,SHELF,H111016B
01tVT00000D3aInYAJ,ESTANTE,SHELF,H111017B
01tVT00000D3aU5YAJ,ESTANTERÍA,SHELF,H111018B
01tVT00000D3adlYAB,ESTANTERÍA,SHELF,H111019B
01tVT00000D3akDYAR,ESTANTERÍA,SHELF,H111020B
01tVT00000D3b0LYAR,JUEGO DE COMEDOR INTERIOR DE 3 PIEZAS,INDOOR DINING SET 3 PIECES,H203018B
01tVT00000D3bMvYAJ,JUEGO DE COMEDOR INTERIOR DE 3 PIEZAS,INDOOR DINING SET 3 PIECES,H203021B
01tVT00000D3bZpYAJ,JUEGO DE COMEDOR INTERIOR DE 5 PIEZAS,INDOOR DINING SET 5 PIECES,H203022B
01tVT00000D3bgHYAR,JUEGO DE COMEDOR INTERIOR DE 5 PIEZAS,INDOOR DINING SET 5 PIECES,H203023B
01tVT00000D3bl7YAB,JUEGO DE COMEDOR INTERIOR DE 3 PIEZAS,INDOOR DINING SET 3 PIECES,H203024B
01tVT00000D3bunYAB,JUEGO DE COMEDOR INTERIOR DE 5 PIEZAS,INDOOR DINING SET 5 PIECES,H203025B
01tVT00000D3bzeYAB,ESTANTERÍA DE LIBROS,BOOK SHELF,H110021B
01tVT00000D3c2rYAB,JUEGO DE COMEDOR INTERIOR DE 5 PIEZAS,INDOOR DINING SET 5 PIECES,H203026B
01tVT00000D3cCXYAZ,JUEGO DE COMEDOR INTERIOR DE 7 PIEZAS,INDOOR DINING SET 7 PIECES,H203027B
01tVT00000D3cIzYAJ,JUEGO DE COMEDOR INTERIOR DE 5 PIEZAS,INDOOR DINING SET 5 PIECES,H203028B
01tVT00000D3cSfYAJ,JUEGO DE COMEDOR INTERIOR DE 7 PIEZAS,INDOOR DINING SET 7 PIECES,H203029B
01tVT00000D3cXVYAZ,JUEGO DE COMEDOR INTERIOR DE 5 PIEZAS,INDOOR DINING SET 5 PIECES,H203030B
01tVT00000D3cinYAB,JUEGO DE COMEDOR INTERIOR DE 3 PIEZAS,INDOOR DINING SET 3 PIECES,H203031B
01tVT00000D3cpFYAR,JUEGO DE COMEDOR INTERIOR DE 4 PIEZAS,INDOOR DINING SET 4 PIECES,H203032B
01tVT00000D3cxKYAR,CENTRO ENTRETENIMIENTO,TV STAND,H110019B
01tVT00000D3d6zYAB,JUEGO DE COMEDOR INTERIOR DE 3 PIEZAS,INDOOR DINING SET 3 PIECES,H203033B
01tVT00000D3dJuYAJ,ESTANTE DE EXHIBICIÓN,DISPLAY SHELF,H110020B
01tVT00000D3doYYAR,MESA LATERAL,SIDE TABLE,H102256B
01tVT00000D3e9VYAR,MESA LATERAL,SIDE TABLE,H102245B
01tVT00000D3eCjYAJ,MESA LATERAL,SIDE TABLE,H102246B
01tVT00000D3eO1YAJ,MESA DE CENTRO,COFFEE TABLE,H102247B
01tVT00000D3eUTYAZ,ESTANTERÍA,SHELF,H102248B
01tVT00000D3eflYAB,ESTANTERÍA,SHELF,H111021B
01tVT00000D3epRYAR,MESA LATERAL,SIDE TABLE,H102249B
01tVT00000D3f2LYAR,MESA DE CENTRO,COFFEE TABLE,H102250B
01tVT00000D3f8nYAB,ESTANTE DE NIVELES,TIER SHELF,H111022B
01tVT00000D3fGrYAJ,ESTANTE DE NIVELES,TIER SHELF,H111023B
01tVT00000D3fLhYAJ,MESA LATERAL,SIDE TABLE,H102251B
01tVT00000D3fS9YAJ,CENTRO ENTRETENIMIENTO,TV STAND,H110018B
01tVT00000D3fn7YAB,ESTANTERÍA DE HAINGING,HANGING SHELF,H111024B
01tVT00000D3fqMYAR,MESA LATERAL,SIDE TABLE,H102255B
01tVT00000D3fvBYAR,MESA DE CENTRO,COFFEE TABLE,H102252B
01tVT00000D3g01YAB,MESA LATERAL,SIDE TABLE,H102253B
01tVT00000D3g9hYAB,ESTANTERÍA DE PARED,WALL SHELF,H111025B
01tVT00000D3gG9YAJ,ESTANTERÍA DE PARED,WALL SHELF,H405155B
01tVT00000D3gMbYAJ,ESTANTERÍA DE PARED,WALL SHELF,H405156B
01tVT00000D3gRRYAZ,ESTANTERÍA DE PARED,WALL SHELF,H405157B
01tVT00000D3gZVYAZ,ESTANTERÍA DE HAINGING,HANGING SHELF,H405158B
01tVT00000D3gfxYAB,PONTE DE PIE CON LA ESTANTERÍA,STAND WITH SHELF,H110022B
01tVT00000D3gmPYAR,ESTANTERÍA DE COCINA,KITCHEN SHELF,H405159B
01tVT00000D3grFYAR,CARRO DELGADO,SLIM CART,H205013B
01tVT00000D3gxhYAB,CARRO DE COCINA,KITCHEN CART,H205014B
01tVT00000D3h49YAB,CARRO DE COCINA,KITCHEN TROLLEY,H205015B
01tVT00000D3h7NYAR,BAR CART,BAR CART,H205016B
01tVT00000D3hDpYAJ,MESA LATERAL,SIDE TABLE,H102254B
01tVT00000D3hTxYAJ,MESA DE CENTRO,COFFEE TABLE,H102257B
01tVT00000D3hYnYAJ,CENTRO ENTRETENIMIENTO,TV STAND,H110023B
01tVT00000D3i1pYAB,ESTANTERÍA,SHELF,H405160B
01tVT00000D3kbVYAR,ESTANTERÍA DE COCINA,KITCHEN SHELF,H205017B
01tVT00000D3kjZYAR,ESTANTERÍA DE COCINA,KITCHEN SHELF,H205018B
01tVT00000D3ktFYAR,ESTANTERÍA DE COCINA,KITCHEN SHELF,H205019B
01tVT00000D3kzhYAB,ESTANTERÍA DE COCINA,KITCHEN SHELF,H205020B
01tVT00000D3l69YAB,ESTANTERÍA DE COCINA,KITCHEN SHELF,H205021B
01tVT00000D3l6AYAR,MESA LATERAL,SIDE TABLE,H102258B
01tVT00000D3lFpYAJ,MESA LATERAL,SIDE TABLE,H102259B
01tVT00000D3lMHYAZ,MESA LATERAL,SIDE TABLE,H102260B
01tVT00000D3lSjYAJ,MESA LATERAL,SIDE TABLE,H102261B
01tVT00000D3lZBYAZ,CENTRO ENTRETENIMIENTO,TV STAND,H110024B
01tVT00000D3nCnYAJ,BANCO BAR PU,BAR STOOL,H204010B
01tVT00000D3nj3YAB,BANCO BAR TAPIZADO EN TELA,BAR STOOL,H204011B
01tVT00000D3o5dYAB,BANCO BAR PU,BAR STOOL,H204012B
01tVT00000D3p3KYAR,TV STAND MUEBLE CRISTAL SOPORTE,TV STAND,H110025B
01tVT00000D3qqbYAB,TV STAND MUEBLE CRISTAL SOPORTE,TV STAND,H110026B
01tVT00000D3rI1YAJ,TV STAND MUEBLE CRISTAL SOPORTE,TV STAND,H110027B
01tVT00000D4NxqYAF,SILLA PLEGABLE DE COMEDOR,DINING FOLDING CHAIR,H201235B
01tVT00000D4RLWYA3,SILLA PLEGABLE DE COMEDOR,DINING FOLDING CHAIR,H201237B
01tVT00000D4RjiYAF,SILLA PLEGABLE DE COMEDOR,DINING FOLDING CHAIR,H201238B
01tVT00000D4SmDYAV,JUEGO DE COMEDOR INTERIOR,INDOOR DINING SET,H203034B
01tVT00000D4T3xYAF,JUEGO DE COMEDOR INTERIOR,INDOOR DINING SET,H203035B
01tVT00000D4TiHYAV,JUEGO DE COMEDOR INTERIOR,INDOOR DINING SET,H203036B
01tVT00000D4U6TYAV,MESA DE CENTRO,COFFEE TABLE,H102262B
01tVT00000D4UG9YAN,MESA LATERAL,SIDE TABLE,H102263B
01tVT00000D4UUfYAN,MESA DE CENTRO,COFFEE TABLE,H102264B
01tVT00000D4UpdYAF,JUEGO DE MESA DE CENTRO DE 2 PIEZAS,COFFEE TABLE SET 2 PIECES,H102265B
01tVT00000D4UxhYAF,MESA DE CENTRO,COFFEE TABLE,H102266B
01tVT00000D4VCDYA3,MESA LATERAL,SIDE TABLE,H102267B
01tVT00000D4VKHYA3,MESA LATERAL,SIDE TABLE,H102268B
01tVT00000D4VgrYAF,ESTANTE,SHELF,H109004B
01tVT00000D4VwzYAF,ESTANTE,SHELF,H111026B
01tVT00000D4WJZYA3,SILLA PLEGABLE DE COMEDOR,DINING FOLDING CHAIR,H201233B
01tVT00000D4WTFYA3,SILLA PLEGABLE DE COMEDOR,DINING FOLDING CHAIR,H201234B
01tVT00000D4X17YAF,SILLA PLEGABLE DE COMEDOR,DINING FOLDING CHAIR,H201236B
01tVT00000D4XQvYAN,JUEGO DE COMEDOR INTERIOR DE 3 PIEZAS,INDOOR DINING SET 3 PIECES,H203037B
01tVT00000D4Xh3YAF,JUEGO DE COMEDOR INTERIOR DE 7 PIEZAS,INDOOR DINING SET 7 PIECES,H203038B
01tVT00000D4XqjYAF,JUEGO DE COMEDOR INTERIOR DE 3 PIEZAS,INDOOR DINING SET 3 PIECES,H203039B
01tVT00000D4YreYAF,JUEGO DE COMEDOR INTERIOR DE 5 PIEZAS,INDOOR DINING SET 5 PIECES,H203047B
01tVT00000D4ZXaYAN,JUEGO DE COMEDOR INTERIOR DE 5 PIEZAS,INDOOR DINING SET 5 PIECES,H203040B
01tVT00000D4a3pYAB,JUEGO DE COMEDOR INTERIOR DE 7 PIEZAS,INDOOR DINING SET 7 PIECES,H203041B
01tVT00000D4aGjYAJ,JUEGO DE COMEDOR INTERIOR DE 5 PIEZAS,INDOOR DINING SET 5 PIECES,H203042B
01tVT00000D4aTdYAJ,JUEGO DE COMEDOR INTERIOR DE 3 PIEZAS,INDOOR DINING SET 3 PIECES,H203043B
01tVT00000D4aYUYAZ,JUEGO DE COMEDOR INTERIOR DE 5 PIEZAS,INDOOR DINING SET 5 PIECES,H203049B
01tVT00000D4agXYAR,JUEGO DE COMEDOR INTERIOR DE 5 PIEZAS,INDOOR DINING SET 5 PIECES,H203044B
01tVT00000D4atRYAR,JUEGO DE COMEDOR INTERIOR DE 5 PIEZAS,INDOOR DINING SET 5 PIECES,H203045B
01tVT00000D4cOzYAJ,JUEGO DE COMEDOR INTERIOR 4 PIEZAS,INDOOR DINING SET 4 PIECES,H203046B
01tVT00000D4cs1YAB,JUEGO DE COMEDOR INTERIOR DE 5 PIEZAS,INDOOR DINING SET 5 PIECES,H203048B
01tVT00000D4dRVYAZ,JUEGO DE COMEDOR INTERIOR DE 5 PIEZAS,INDOOR DINING SET 5 PIECES,H203050B
01tVT00000D4dg1YAB,JUEGO DE COMEDOR INTERIOR DE 5 PIEZAS,INDOOR DINING SET 5 PIECES,H203051B
01tVT00000D4dphYAB,JUEGO DE COMEDOR INTERIOR DE 5 PIEZAS,INDOOR DINING SET 5 PIECES,H203052B
01tVT00000D4gVqYAJ,ESTANTES FLOTANTES,FLOATING SHELVES,H111033B
01tVT00000D4gZ3YAJ,KD JUEGO DE SOFÁS 1+2+3 PLAZAS,KD SOFA SET,H104088B
01tVT00000D4i1NYAR,ESTANTES FLOTANTES,FLOATING SHELVES,H111027B
01tVT00000D4iEHYAZ,ESTANTES FLOTANTES,FLOATING SHELVES,H111028B
01tVT00000D4iPZYAZ,ESTANTES FLOTANTES,FLOATING SHELVES,H111029B
01tVT00000D4ie5YAB,ESTANTES FLOTANTES,FLOATING SHELVES,H111030B
01tVT00000D4ipOYAR,SOFÁ DE 2 PLAZAS,KD SOFA 3 SEATS,H103030B
01tVT00000D4iqzYAB,ESTANTES FLOTANTES,FLOATING SHELVES,H111031B
01tVT00000D4j3tYAB,ESTANTES FLOTANTES,FLOATING SHELVES,H111032B
01tVT00000D4jezYAB,ESTANTES FLOTANTES,FLOATING SHELVES,H111034B
01tVT00000D4krBYAR,JUEGO DE SOFÁS 1+2+3 PLAZAS,SOFA SET,H104089B
01tVT00000D4l7JYAR,JUEGO DE SOFÁS 1+2+3 PLAZAS,SOFA SET,H104090B
01tVT00000D4lTuYAJ,SOFA CAMA,SOFA BED,H106099B
01tVT00000D4lldYAB,SOFÁ DE 3 PLAZAS,SECTIONAL SOFA,H103031B
01tVT00000D4mD3YAJ,SOFÁ CAMA DE SUELO,FLOOR SOFA BED,H106100B
01tVT00000D4mMjYAJ,SOFÁ COMPRIMIDO,COMPRESSED SOFA,H103032B
01tVT00000D4meTYAR,SOFÁ COMPRIMIDO,COMPRESSED SOFA,H103033B
01tVT00000D4mrNYAR,SOFÁ COMPRIMIDO,COMPRESSED SOFA,H103034B
01tVT00000D4n2fYAB,SOFÁ COMPRIMIDO,COMPRESSED SOFA,H103035B
01tVT00000D5DzdYAF,TABURETE DE APRENDIZAJE INFANTIL CON 2 PASOS,LEARNING TOWER,H105131T
01tVT00000D5KWTYA3,SOFÁ COMPRIMIDO,COMPRESSED SOFA,H103036B
01tVT00000D5KoDYAV,SOFÁ COMPRIMIDO,COMPRESSED SOFA,H103037B
01tVT00000D5KzVYAV,SOFÁ COMPRIMIDO,COMPRESSED SOFA,H103038B
01tVT00000D5LPJYA3,SOFÁ COMPRIMIDO,COMPRESSED SOFA,H103039B
01tVT00000D5LSXYA3,JUEGO DE COMEDOR INTERIOR DE 5 PIEZAS,INDOOR DINING SET 5 PIECES,H203053B
01tVT00000D5LifYAF,JUEGO DE COMEDOR INTERIOR DE 5 PIEZAS,INDOOR DINING SET 5 PIECES,H203054B
01tVT00000D5LxBYAV,JUEGO DE COMEDOR INTERIOR DE 5 PIEZAS,INDOOR DINING SET 5 PIECES,H203055B
01tVT00000D5M8TYAV,JUEGO DE COMEDOR INTERIOR DE 5 PIEZAS,INDOOR DINING SET 5 PIECES,H203056B
01tVT00000D5MI9YAN,JUEGO DE COMEDOR INTERIOR DE 7 PIEZAS,INDOOR DINING SET 7 PIECES,H203057B
01tVT00000D5MObYAN,SOFÁ CURVO COMPRIMIDO PARA ENVÍO,CURVED COMPRESSED SOFA,H103040B
01tVT00000D5MWfYAN,JUEGO DE COMEDOR INTERIOR DE 7 PIEZAS,INDOOR DINING SET 7 PIECES,H203058B
01tVT00000D5Md7YAF,SOFÁ COMPRIMIDO,COMPRESSED SOFA,H103041B
01tVT00000D5On0YAF,SILLA COMEDOR,DINNING CHAIR,H201241B
01tVT00000D5OwfYAF,JUEGO DE COMEDOR INTERIOR DE 5 PIEZAS,INDOOR DINING SET 5 PIECES,H203059B
01tVT00000D5P9ZYAV,JUEGO DE COMEDOR INTERIOR DE 5 PIEZAS,INDOOR DINING SET 5 PIECES,H203060B
01tVT00000D5RJSYA3,SILLA COMEDOR,DINNING CHAIR,H201240B
01tVT00000D5SgvYAF,SILLA COMEDOR,DINNING CHAIR,H201239B
01tVT00000D5TWXYA3,SILLA COMEDOR,DINNING CHAIR,H201242B
01tVT00000D5XjpYAF,SOFÁ COMPRIMIDO,COMPRESSED SOFA,H103042B
01tVT00000D5Y1ZYAV,SOFÁ COMPRIMIDO,SPRING COMPRESSED SOFA,H103043B
01tVT00000D5Yj7YAF,JUEGO DE SOFÁS 1+2+3 PLAZAS,SOFA SET,H103045B
01tVT00000D5ZorYAF,PERCHERO DE ROPA,GARMENT RACK,H405161B
01tVT00000D5a4zYAB,PERCHERO DE ROPA,GARMENT RACK,H405162B
01tVT00000D5aEfYAJ,ARMARIO DE ZAPATOS,SHOE CABINET,H402003B
01tVT00000D5aRZYAZ,ARMARIO DE ZAPATOS,SHOE CABINET,H402004B
01tVT00000D5abFYAR,ARMARIO DE ZAPATOS,SHOE CABINET,H402005B
01tVT00000D5aubYAB,MESA DE COMEDOR EXTENSIBLE INTERIOR,INDOOR EXTENDABLE DINING TABLE,H202051B
01tVT00000D5awDYAR,SOFA RECLINABLE MANUAL  PLAZAS,MANUAL RECLINING SOFA RR,H103046B
01tVT00000D5bAjYAJ,MESA DE COMEDOR EXTENSIBLE INTERIOR,INDOOR EXTENDABLE DINING TABLE,H202052B
01tVT00000D5bU5YAJ,JUEGO DE COMEDOR INTERIOR DE 7 PIEZAS,INDOOR DINING SET 7 PIECES,H203061B
01tVT00000D5bkDYAR,JUEGO DE COMEDOR INTERIOR DE 5 PIEZAS,INDOOR DINING SET 5 PIECES,H203062B
01tVT00000D5c8PYAR,JUEGO DE COMEDOR INTERIOR DE 7 PIEZAS,INDOOR DINING SET 7 PIECES,H203063B
01tVT00000D5cOXYAZ,MESA DE COMEDOR EXTENSIBLE INTERIOR,INDOOR EXTENDABLE DINING TABLE,H202053B
01tVT00000D5myzYAB,SILLA DE PLAYA CON REPOSAPIÉS,DECK CHAIR WITH FOOTREST,G404137M
01tVT00000D5rPBYAZ,TABURETE DE BAR,BAR STOOL,H204007M
01tVT00000D5rQnYAJ,SILLON,ARMCHAIR,H108020M
01tVT00000D5rVdYAJ,SILLA COMEDOR MADERA CON COJIN,DINNING CHAIR,H201213M
01tVT00000D5rXFYAZ,SILLON TELA GIRATORIO,LEISURE ARMCHAIR,H108023M
01tVT00000D5rYrYAJ,SILLON,ACCENT CHAIR,H108036M
01tVT00000D5raTYAR,SILLON,LEISURE SOFA,H108022M
01tVT00000D99B3YAJ,MESA DE COMEDOR INTERIOR,INDOOR DINING TABLE,H202054B
01tVT00000D99RBYAZ,MESA DE COMEDOR EXTENSIBLE INTERIOR,INDOOR EXTENDABLE DINING TABLE,H202055B
01tVT00000D99hJYAR,JUEGO DE COMEDOR INTERIOR DE 3 PIEZAS,INDOOR DINING SET 3 PIECES,H203064B
01tVT00000D9AThYAN,JUEGO DE COMEDOR INTERIOR DE 5 PIEZAS,INDOOR DINING SET 5 PIECES,H203066B
01tVT00000D9AiEYAV,ARMARIO DE MADERA,WOODEN CABINET,H111035B
01tVT00000D9BftYAF,ARMARIO DE MADERA,WOODEN CABINET,H111036B
01tVT00000D9BxdYAF,ARMARIO DE MADERA CON LUZ LED,WOODEN CABINET WITH LED LIGHT,H111037B
01tVT00000D9CAXYA3,CENTRO ENTRETENIMIENTO,TV STAND WITH LED LIGHT,H110028B
01tVT00000D9CVVYA3,CENTRO ENTRETENIMIENTO,TV STAND WITH LED LIGHT,H110029B
01tVT00000D9CorYAF,CENTRO ENTRETENIMIENTO,TV STAND WITH LED LIGHT,H110030B
01tVT00000D9CwvYAF,CENTRO ENTRETENIMIENTO,TV STAND,H110031B
01tVT00000D9FLJYA3,CENTRO ENTRETENIMIENTO,TV STAND,H110032B
01tVT00000D9FYDYA3,CENTRO ENTRETENIMIENTO,TV STAND,H110033B
01tVT00000D9FpyYAF,MESA DE CENTRO CON LUZ LED,COFFEE TABLE WITH LED LIGHT,H102270B
01tVT00000D9FrZYAV,CENTRO ENTRETENIMIENTO,TV STAND WITH FIREPLACE,H110034B
01tVT00000D9GXVYA3,MESA DE CENTRO,COFFEE TABLE,H102269B
01tVT00000D9GvhYAF,ARMARIO DE ZAPATOS,SHOE CABINET,H402006B
01tVT00000D9H8bYAF,ARMARIO DE ZAPATOS,SHOE CABINET,H402007B
01tVT00000D9HDRYA3,CABINA CONSOLA,CONSOLE CABINET,H109005B
01tVT00000D9K6UYAV,ASADOR CARBON RECTANGULAR DOBLE CON MESA LATERAL Y RUEDAS,CHARCOAL GRILL,G306001A
01tVT00000D9LAbYAN,ESCRITORIO DE COMPUTADORA PLEGABLE MULTIFUNCIONAL,MULTIFUNCTIONAL FOLDABLE COMPUTER DESK,H302110B
01tVT00000D9LTxYAN,ESCRITORIO DE COMPUTADORA EXTENSIBLE,EXTENDABLE COMPUTER DESK,H302111B
01tVT00000D9LnJYAV,ESTANTE,SHELF,H111038B
01tVT00000D9M0DYAV,ESTANTE CON LUZ LED,SHELF WITH LED LIGHT,H111039B
01tVT00000D9MLBYA3,ESTANTE DE COCINA,KITCHEN SHELF,H206128B
01tVT00000D9MbJYAV,CABINA CONSOLA,CONSOLE CABINET,H109006B
01tVT00000D9OI9YAN,ASADOR CARBON RECTANGULAR DOBLE CON MESA LATERAL Y RUEDAS,CHARCOAL GRILL,G301284A
01tVT00000D9OjZYAV,MESA DE CENTRO,COFFEE TABLE,H102271B
01tVT00000D9T05YAF,SOFÁ COMPRIMIDO,FOAM COMPRESSED SOFA,H103047B
01tVT00000DA2HBYA1,SALA DE PATIO ACERO 4 PIEZAS CON COJINES,4-Piece Steel Patio Set with Cushions,G102129KE
01tVT00000DA8BJYA1,SOFÁ COMPRIMIDO,COMPRESSED SOFA,H103048B
01tVT00000DA9DpYAL,SOFÁ COMPRIMIDO,COMPRESSED SOFA,H103049B
01tVT00000DA9TxYAL,SOFÁ COMPRIMIDO,COMPRESSED SOFA,H103050B
01tVT00000DA9fFYAT,SOFÁ COMPRIMIDO,COMPRESSED SOFA,H103051B
01tVT00000DAGIXYA5,ESCRITORIO PARA COMPUTADORA,COMPUTER DESK,H302112B
01tVT00000DAGTpYAP,ESCRITORIO PARA COMPUTADORA,COMPUTER DESK,H302113B
01tVT00000DAGgjYAH,ESCRITORIO PARA COMPUTADORA,COMPUTER DESK,H302114B
01tVT00000DAGyTYAX,ESCRITORIO DE COMPUTADORA PLEGABLE MULTIFUNCIONAL,MULTIFUNCTIONAL FOLDABLE COMPUTER DESK,H302115B
01tVT00000DAHCzYAP,ESCRITORIO DE COMPUTADORA PLEGABLE MULTIFUNCIONAL,MULTIFUNCTIONAL FOLDABLE COMPUTER DESK,H302116B
01tVT00000DAHUjYAP,ESCRITORIO PARA COMPUTADORA,COMPUTER DESK,H302117B
01tVT00000DDC5VYAX,SACO DE DORMIR,SLEEPING BAG,G405005A
01tVT00000DDEDmYAP,TOLDO PLEGABLE,FOLDING GAZEBO,G202029A
01tVT00000DDFUnYAP,TIENDA DE CAMPAÑA,CAMPING TENT,G401125A
01tVT00000DDQLNYA5,MESA RESINA PLEGABLE 180 CM,6 FT FOLDING HDPE TABLE,G501153A
01tVT00000DDocDYAT,MESA PLEGABLE DE MADERA DE PINO,FOLDABLE PINE WOOD TABLE,H102272B
01tVT00000DDr5RYAT,"VENTILADOR DE ESCRITORIO DE 5"" CON CONEXIÓN USB","DESK FAN 5"" WITH USB CONNECTION",B102006C
01tVT00000DDukrYAD,SOFÁ COMPRIMIDO,COMPRESSED SOFA,H104091B
01tVT00000DDvc5YAD,SOFÁ COMPRIMIDO,COMPRESSED SOFA,H104092B
01tVT00000DDvllYAD,SOFÁ COMPRIMIDO,COMPRESSED SOFA,H103052B
01tVT00000DDw1tYAD,SOFÁ COMPRIMIDO,COMPRESSED SOFA,H103053B
01tVT00000DDw9xYAD,SOFÁ COMPRIMIDO,COMPRESSED SOFA,H103054B
01tVT00000DDwLFYA1,SOFÁ COMPRIMIDO,COMPRESSED SOFA,H103055B
01tVT00000DDwukYAD,HUMIDIFICADOR 6L,HUMIDIFIER 6L,B402006C
01tVT00000DDyrhYAD,"HUMIDIFICADOR 3,3L","HUMIDIFIER 3,3L",B402001C
01tVT00000DDz4bYAD,CAPACIDAD DEL DESHUMIDIFICADOR 10L,DEHUMIDIFIER CAPACITY 10L,B402002C
01tVT00000DDzFtYAL,CAPACIDAD DEL DESHUMIDIFICADOR 10L,DEHUMIDIFIER CAPACITY 10L,B402003C
01tVT00000DDzqzYAD,"HUMIDIFICADOR 2,3L","HUMIDIFIER 2,3L",B402004C
01tVT00000DDzz3YAD,HUMIDIFICADOR 5L,HUMIDIFIER 5L,B402005C
01tVT00000DE3csYAD,SILLA PLEGABLE DE COMEDOR,DINING FOLDING CHAIR,H201244B
01tVT00000DE4kDYAT,SILLA PLEGABLE DE COMEDOR,DINING FOLDING CHAIR,H201243B
01tVT00000DE5DFYA1,SILLA PLEGABLE DE COMEDOR,DINING FOLDING CHAIR,H201245B
01tVT00000DEsfNYAT,SET COMEDOR + 6 SILLAS,DINING SET 7 PCS,H203067B
01tVT00000DEt6nYAD,MESA PLEGABLE DE MADERA DE PINO,FOLDABLE PINE WOOD TABLE,H102273B
01tVT00000DEtLJYA1,SET COMEDOR + 6 SILLAS,DINING SET 7 PCS,H203068B
01tVT00000DFjJuYAL,JUEGO DE SOMBRILLA DE PLAYA Y DOS SILLAS,BEACH UMBRELLA AND TWO-CHAIR SET,G402028A
01tVT00000DFlYbYAL,JUEGO DE SOMBRILLA DE PLAYA Y DOS SILLAS,BEACH UMBRELLA AND TWO-CHAIR SET,G402029A
01tVT00000DFmEXYA1,JUEGO DE SOMBRILLA DE PLAYA Y DOS SILLAS,BEACH UMBRELLA AND TWO-CHAIR SET,G404139A
01tVT00000DGNXSYA5,SILLA PLAYA,BEACH CHAIR,G404140T
01tVT00000DPIiDYAX,SET COMEDOR + 6 SILLAS,DINING SET 7 PCS,G203069B
01tVT00000DPLEgYAP,JUEGO DE CUBIERTOS DE 20 PIEZAS,20PCS CUTLERY SET,G405006A
01tVT00000DPNEsYAP,LÁMPARA DE CAMPING TELESCÓPICA,TELESCOPIC CAMPING LIGHT,G405008A
01tVT00000DPOfZYAX,SILLA PLEGABLE PARA CAMPING,FOLDABLE CAMPING CHAIR,G402030A
01tVT00000DPOsTYAX,SILLA GIRATORIA DE CAMPING DE 360°,360° SWIVEL CAMPING CHAIR,G402031A
01tVT00000DPP8bYAH,SILLA MECEDORA PLEGABLE PARA CAMPING,FOLDABLE ROCKING CAMPING CHAIR,G402032A
01tVT00000DPPWnYAP,LUZ MAGNÉTICA PLEGABLE RECARGABLE,RECHARGEABLE FOLDABLE MAGNETIC LIGHT,G405007A
01tVT00000DPQ1RYAX,LUZ MAGNÉTICA PLEGABLE RECARGABLE,RECHARGEABLE FOLDABLE MAGNETIC LIGHT,G405009A
01tVT00000DPR7BYAX,LÁMPARA DE CAMPING TELESCÓPICA,TELESCOPIC CAMPING LIGHT,G405011A
01tVT00000DPROvYAP,TUMBONA DE PLÁSTICO,PLASTIC SUNBED,G103070A
01tVT00000DQ5KkYAL,CAJA DE ALMACENAMIENTO CON RUEDAS 22L,STORAGE BOX WITH WHEELS 22L,H404152B
01tVT00000DQ5arYAD,CAJA DE ALMACENAMIENTO PORTÁTIL 12L,PORTABLE STORAGE BOX 12L,H404143B
01tVT00000DQ677YAD,CAJA DE ALMACENAMIENTO PORTÁTIL 6L,PORTABLE STORAGE BOX 6L,H404144B
01tVT00000DQ6IPYA1,CAJA DE ALMACENAMIENTO CON RUEDAS 14L,STORAGE BOX WITH WHEELS 14L,H404145B
01tVT00000DQ7XqYAL,CAJA DE ALMACENAMIENTO CON RUEDAS 20L,STORAGE BOX WITH WHEELS 20L,H404146B
01tVT00000DQ7j7YAD,CAJA DE ALMACENAMIENTO CON RUEDAS 28L,STORAGE BOX WITH WHEELS 28L,H404147B
01tVT00000DQ7pZYAT,CAJA DE ALMACENAMIENTO CON RUEDAS 48L,STORAGE BOX WITH WHEELS 48L,H404148B
01tVT00000DQ7uQYAT,CAJA DE ALMACENAMIENTO CON RUEDAS 85L,STORAGE BOX WITH WHEELS 85L,H404150B
01tVT00000DQ7xdYAD,CAJA DE ALMACENAMIENTO CON RUEDAS 65L,STORAGE BOX WITH WHEELS 65L,H404149B
01tVT00000DQ9GHYA1,CAJA DE ALMACENAMIENTO CON RUEDAS 13L,STORAGE BOX WITH WHEELS 13L,H404151B
01tVT00000DQ9crYAD,CAJA DE ALMACENAMIENTO CON RUEDAS 28L,STORAGE BOX WITH WHEELS 28L,H404153B
01tVT00000DQ9jJYAT,CAJA DE ALMACENAMIENTO CON RUEDAS 46L,STORAGE BOX WITH WHEELS 46L,H404154B
01tVT00000DQ9szYAD,CAJA DE ALMACENAMIENTO CON RUEDAS 52L,STORAGE BOX WITH WHEELS 52L,H404155B
01tVT00000DQBErYAP,CAJA DE ALMACENAMIENTO CON RUEDAS 70L,STORAGE BOX WITH WHEELS 70L,H404156B
01tVT00000DQBMvYAP,CAJA DE ALMACENAMIENTO CON RUEDAS 90L,STORAGE BOX WITH WHEELS 90L,H404157B
01tVT00000DQBbRYAX,CAJA DE ALMACENAMIENTO CON RUEDAS 13L,STORAGE BOX WITH WHEELS 13L,H404158B
01tVT00000DQCqrYAH,CAJA DE ALMACENAMIENTO CON RUEDAS 22L,STORAGE BOX WITH WHEELS 22L,H404159B
01tVT00000DQD0XYAX,CAJA DE ALMACENAMIENTO CON RUEDAS 28L,STORAGE BOX WITH WHEELS 28L,H404160B
01tVT00000DQD8bYAH,CAJA DE ALMACENAMIENTO CON RUEDAS 46L,STORAGE BOX WITH WHEELS 46L,H404161B
01tVT00000DQDIHYA5,CAJA DE ALMACENAMIENTO CON RUEDAS 70L,STORAGE BOX WITH WHEELS 70L,H404162B
01tVT00000DQDOjYAP,CAJA DE ALMACENAMIENTO CON RUEDAS 90L,STORAGE BOX WITH WHEELS 90L,H404163B
01tVT00000DQHqXYAX,LUZ MAGNÉTICA PLEGABLE RECARGABLE,RECHARGEABLE FOLDABLE MAGNETIC LIGHT,G405012A
01tVT00000DQfrFYAT,CALEFACTOR ELECTRICO CHIMENEA 750W/1500W,FIREPLACE HEATER 750W/1500W,B204002BO
01tVT00000DR8mpYAD,SILLA PLEGABLE PARA CAMPING,FOLDABLE CAMPING CHAIR,G402034A
01tVT00000DR8tHYAT,CAJA DE ALMACENAMIENTO PARA MASCOTAS 6L,PET STORAGE BOX 6L,H404165B
01tVT00000DRA0bYAH,SILLA PLEGABLE PARA CAMPING,FOLDABLE CAMPING CHAIR,G402033A
01tVT00000DRATdYAP,SILLA PLEGABLE PARA CAMPING,FOLDABLE CAMPING CHAIR,G402035A
01tVT00000DRAyHYAX,SILLA PLEGABLE PARA CAMPING,FOLDABLE CAMPING CHAIR,G402036A
01tVT00000DRB6LYAX,SILLA PLEGABLE PARA CAMPING,FOLDABLE CAMPING CHAIR,G402037A
01tVT00000DRBJFYA5,SILLA PLEGABLE PARA CAMPING,FOLDABLE CAMPING CHAIR,G402038A
01tVT00000DRBW9YAP,SILLA GIRATORIA DE CAMPING DE 360°,360° SWIVEL CAMPING CHAIR,G402039A
01tVT00000DRBfpYAH,SILLA DE CAMPING GIRATORIA DE 360°,360° SWIVEL CAMPING CHAIR,G402040A
01tVT00000DRBpVYAX,SILLA PLEGABLE PARA CAMPING,FOLDABLE CAMPING CHAIR,G402041A
01tVT00000DRBzBYAX,SILLA PLEGABLE PARA CAMPING,FOLDABLE CAMPING CHAIR,G402042A
01tVT00000DRDJRYA5,DISCO GIRATORIO PET,PET ROTATING DISK,H404164B
01tVT00000DRDsvYAH,CAJA DE ALMACENAMIENTO PARA MASCOTAS 12L,PET STORAGE BOX 12L,H404166B
01tVT00000DRE93YAH,CAJA DE ALMACENAMIENTO COMBINADA PARA MASCOTAS,PET COMBINATION STORAGE BOX,H404167B
01tVT00000DREiXYAX,CAJA DE ALMACENAMIENTO PARA MASCOTAS,PET STORAGE BOX,H404168B
01tVT00000DREvRYAX,CAJA DE ALMACENAMIENTO PARA MASCOTAS,PET STORAGE BOX,H404169B
01tVT00000DRFBZYA5,CAJA DE ALMACENAMIENTO,STORAGE BOX,H404170B
01tVT00000DRFRhYAP,CAJA DE ALMACENAMIENTO,STORAGE BOX,H404171B
01tVT00000DRFczYAH,CAJA DE ALMACENAMIENTO,STORAGE BOX,H404172B
01tVT00000DRFrVYAX,CAJA DE ALMACENAMIENTO,STORAGE BOX,H404173B
01tVT00000DRFxxYAH,CUBO DE LA COLADA,LAUNDRY BUCKET,H404174B
01tVT00000DRHwYYAX,JUEGO DE CUBIERTOS DE 28 PIEZAS,28PCS CUTLERY SET,G405016A
01tVT00000DRJNFYA5,JUEGO DE CUBIERTOS DE 10 PIEZAS,10PCS CUTLERY SET,G405013A
01tVT00000DRJn3YAH,JUEGO DE CUBIERTOS DE 14 PIEZAS,14PCS CUTLERY SET,G405014A
01tVT00000DRJwjYAH,JUEGO DE CUBIERTOS DE 23 PIEZAS,23PCS CUTLERY SET,G405015A
01tVT00000DRK6QYAX,JUEGO DE CUBIERTOS DE 20 PIEZAS,20PCS CUTLERY SET,G405017A
01tVT00000DRKMYYA5,SILLA PLEGABLE PARA CAMPING,FOLDABLE CAMPING CHAIR,G402043A
01tVT00000DRKj7YAH,SILLA PLEGABLE PARA CAMPING,FOLDABLE CAMPING CHAIR,G405018A
01tVT00000DRLGzYAP,SILLA PLEGABLE PARA CAMPING,FOLDABLE CAMPING CHAIR,G402044A
01tVT00000DRLQfYAP,SILLA PLEGABLE PARA CAMPING,FOLDABLE CAMPING CHAIR,G402045A
01tVT00000DRLgnYAH,SILLA PLEGABLE PARA CAMPING,FOLDABLE CAMPING CHAIR,G402046A
01tVT00000DRLqTYAX,SILLA PLEGABLE PARA CAMPING,FOLDABLE CAMPING CHAIR,G402047A
01tVT00000DRMGHYA5,LÁMPARA DE CAMPING TELESCÓPICA,TELESCOPIC CAMPING LIGHT,G405019A
01tVT00000DROTNYA5,LUZ LED RECARGABLE PARA CAMPING,RECHARGEABLE LED CAMPING LIGHT,G405020A
01tVT00000DROpxYAH,LUZ LED RECARGABLE PARA CAMPING,RECHARGEABLE LED CAMPING LIGHT,G405021A
01tVT00000DRP7iYAH,LUZ RECARGABLE PARA CAMPING,RECHARGEABLE CAMPING LIGHT,G405023A
01tVT00000DRP9JYAX,LUZ LED RECARGABLE PARA CAMPING,RECHARGEABLE LED CAMPING LIGHT,G405022A
01tVT00000DRQN8YAP,LUZ RECARGABLE PARA CAMPING,RECHARGEABLE CAMPING LIGHT,G405029A
01tVT00000DRQOjYAP,LUZ RECARGABLE PARA CAMPING,RECHARGEABLE CAMPING LIGHT,G402048A
01tVT00000DRQjhYAH,LUZ RECARGABLE PARA CAMPING,RECHARGEABLE CAMPING LIGHT,G402049A
01tVT00000DRR6HYAX,LUZ RECARGABLE PARA CAMPING,RECHARGEABLE CAMPING LIGHT,G405024A
01tVT00000DRRFxYAP,LUZ RECARGABLE PARA CAMPING,RECHARGEABLE CAMPING LIGHT,G405025A
01tVT00000DRS7BYAX,LUZ RECARGABLE PARA CAMPING,RECHARGEABLE CAMPING LIGHT,G405026A
01tVT00000DRSVNYA5,LUZ RECARGABLE PARA CAMPING,RECHARGEABLE CAMPING LIGHT,G405027A
01tVT00000DRT01YAH,LÁMPARA DE CAMPING TELESCÓPICA,TELESCOPIC CAMPING LAMP,G405028A
01tVT00000DRUybYAH,LUZ RECARGABLE PARA CAMPING,RECHARGEABLE CAMPING LIGHT,G405030A
01tVT00000DRVTFYA5,SALA DE PATIO ACERO 4 PIEZAS CON COJINES,4-Piece Steel Patio Set with Cushions,G102129OS
01tVT00000DRVbJYAX,LUZ DE CAMPING Y ALTAVOZ BLUETOOTH 2 EN 1,2-IN-1 BLUETOOTH CAMPING LIGHT AND SPEAKER,G405031A
01tVT00000DRW7ZYAX,LUZ DE CAMPING Y ALTAVOZ BLUETOOTH 2 EN 1,2-IN-1 BLUETOOTH CAMPING LIGHT AND SPEAKER,G405032A
01tVT00000DRWM5YAP,LUZ DE CAMPING Y ALTAVOZ BLUETOOTH 2 EN 1,2-IN-1 BLUETOOTH CAMPING LIGHT AND SPEAKER,G405033A
01tVT00000DRWdpYAH,LÁMPARA DE CAMPING TELESCÓPICA,TELESCOPIC CAMPING LAMP,G405034A
01tVT00000DRX3dYAH,LÁMPARA DE CAMPING TELESCÓPICA,TELESCOPIC CAMPING LAMP,G405035A
01tVT00000DRXYHYA5,LÁMPARA DE CAMPING TELESCÓPICA,TELESCOPIC CAMPING LAMP,G405036A
01tVT00000DRnjVYAT,SET COMEDOR + 6 SILLAS,DINING SET 7 PCS,H203069OS
01tVT00000DS78jYAD,SET DE NEVERA CON RUEDAS 3PCS (36L + 5L+ 5.68L),HARD COOLER WITH WHEELS 3PCS (36L + 5L+ 5.68L),G403037A
01tVT00000DS7YXYA1,"JUEGO DE 3 HIELERAS RÍGIDAS (34 L + 5 L + 1,4 L)",HARD COOLER SET 3 PIECES (34L + 5L + 1.4L),G403038A
01tVT00000DUV25YAH,SET COMEDOR + 6 SILLAS,DINING SET 7 PCS,G203069OS
01tVT00000DV0nSYAT,50L NEVERA DE EPS PLÁSTICO,50L PLASTIC COOLER BOX,G105048A
01tVT00000DV0nTYAT,50L NEVERA DE PU PLÁSTICO,50L PLASTIC COOLER BOX,G105049A
01tVT00000DV6G9YAL,"VENTILADOR DE ESCRITORIO DE 4"" CON CONEXIÓN USB","DESK FAN 4"" WITH USB CONNECTION",B103019C
01tVT00000DV77NYAT,50L NEVERA DE MIX PLÁSTICO,50L PLASTIC COOLER BOX,G105050A
01tVT00000DVq1FYAT,COMPARTIMENTO DE PEDALES DE 50L,50L PEDAL BIN,H404175B
01tVT00000DVqKbYAL,CAJA DE PEDALES DE 5L,5L PEDAL BIN,H404176B
01tVT00000DVqdxYAD,COMPARTIMENTO DE PEDALES DE 12L,12L PEDAL BIN,H404177B
01tVT00000DVqpFYAT,COMPARTIMENTO DE PEDALES DE 20L,20L PEDAL BIN,H404178B
01tVT00000DVr0XYAT,CAJA DE PEDALES DE 30L,30L PEDAL BIN,H404179B
01tVT00000DVr8bYAD,COMPARTIMENTO DE PEDALES DE 50L,50L PEDAL BIN,H404180B
01tVT00000DVra1YAD,COMPARTIMENTO DE SENSORES DE 9L,9L SENSOR BIN,H404181B
01tVT00000DVrrlYAD,COMPARTIMENTO DE SENSORES DE 15L,15L SENSOR BIN,H404182B
01tVT00000DVrwcYAD,CAJA DE PEDALES DE 5L,5L PEDAL BIN,H404187B
01tVT00000DVsHZYA1,COMPARTIMENTO DE SENSORES DE 9L,9L SENSOR BIN,H404183B
01tVT00000DVsUTYA1,COMPARTIMENTO DE SENSORES DE 9L,9L SENSOR BIN,H404184B
01tVT00000DVsflYAD,PEDAL DE RECICLAJE 60L DUSTIN,60L  RECYCLING PEDAL DUSTIN,H404185B
01tVT00000DVssfYAD,COMPARTIMENTO DE SENSORES DE 35L,35L SENSOR BIN,H404186B
01tVT00000DVtDdYAL,COMPARTIMENTO DE PEDALES DE 12L,12L PEDAL BIN,H404188B
01tVT00000DVtWzYAL,CAJA DE PEDALES DE 5L,5L PEDAL BIN,H404189B
01tVT00000DVwY5YAL,COMPARTIMENTO DE PEDALES DE 12L,12L PEDAL BIN,H404190B
01tVT00000DVwkzYAD,COMPOSTERA DE 7L,7L COMPOST BIN,H404191B
01tVT00000DVwufYAD,COMPOSTERA DE 9L,9L COMPOST BIN,H404192B
01tVT00000DVyd7YAD,CAJA DE ALMACENAMIENTO PLEGABLE DE TELA,FABRIC FOLDABLE STORAGE BOX,H404193B
01tVT00000DVyoPYAT,CAJA DE ALMACENAMIENTO PLEGABLE DE TELA,FABRIC FOLDABLE STORAGE BOX,H404194B
01tVT00000DVz69YAD,CAJA DE ALMACENAMIENTO PLEGABLE DE TELA,FABRIC FOLDABLE STORAGE BOX,H404195B
01tVT00000DVzEDYA1,CAJA DE ALMACENAMIENTO PLEGABLE DE TELA,FABRIC FOLDABLE STORAGE BOX,H404196B
01tVT00000DVzSjYAL,CUBO DE ALMACENAMIENTO DE TELA,FABRIC STORAGE CUBE,H404197B
01tVT00000DVzfdYAD,CAJA DE ALMACENAMIENTO DE TELA CON TAPA,FABRIC STORAGE BOX WITH LID,H404198B
01tVT00000DVzvlYAD,CAJA DE ALMACENAMIENTO DE TELA CON TAPA,FABRIC STORAGE BOX WITH LID,H404199B
01tVT00000DW02DYAT,CAJA DE ALMACENAMIENTO DE TELA CON TAPA/ASA METÁLICA,FABRIC STORAGE BOX WITH LID/METAL HANDLE,H404200B
01tVT00000DW0BtYAL,CAJA DE ALMACENAMIENTO DE TELA CON TAPA/ASA METÁLICA,FABRIC STORAGE BOX WITH LID/METAL HANDLE,H404201B
01tVT00000DW0TdYAL,CAJA DE CALZONCILLOS DE TELA 17 REJILLAS,FABRIC 17GRID UNDERWEAR STOAGE BOX,H404202B
01tVT00000DW0dJYAT,CAJA DE ROPA INTERIOR DE TELA 13 REJILLA,FABRIC 13GRID UNDERWEAR STOAGE BOX,H404203B
01tVT00000DW0iAYAT,CUBO DE ALMACENAMIENTO DE TELA,FABRIC STORAGE CUBE,H404205B
01tVT00000DW0mzYAD,CAJA DE ALMACENAMIENTO DE RED FABRIC 7,FABRIC 7 GRID STORAGE BOX,H404204B
01tVT00000DW0yIYAT,CESTA DE LA ROPA SUCIA CON TAPA,LAUNDRY HAMPER WITH LID,H408033B
01tVT00000DW14jYAD,BOLSA DE ALMACENAMIENTO PLEGABLE DE TELA,FABRIC FOLDABLE STORAGE BAG,H404206B
01tVT00000DW1G1YAL,BOLSA DE ALMACENAMIENTO PLEGABLE DE TELA,FABRIC FOLDABLE STORAGE BAG,H404207B
01tVT00000DW2VRYA1,CESTA DE LA ROPA SUCIA CON TAPA,LAUNDRY HAMPER WITH LID,H408034B
01tVT00000DW2dVYAT,CESTA DE LA COLADA,LAUNDRY HAMPER,H408035B
01tVT00000DW2iMYAT,CESTA DE LA COLADA,LAUNDRY HAMPER,H408036B
01tVT00000DW2yTYAT,CESTA DE LA COLADA,LAUNDRY HAMPER,H408037B
01tVT00000DW389YAD,CESTA DE LA COLADA,LAUNDRY HAMPER,H408038B
01tVT00000DWlE1YAL,CARRO DE ALMACENAMIENTO DE COCINA,KITCHEN STORAGE CART,H403014B
01tVT00000DWlE2YAL,CARRO DE ALMACENAMIENTO DE COCINA,KITCHEN STORAGE CART,H403015B
01tVT00000DWltxYAD,ESTANTE PARA ALMACENAR ESPECIAS,SPICE STORAGE RACK,H406122B
01tVT00000DWltyYAD,ESTANTE PARA ALMACENAR ESPECIAS,SPICE STORAGE RACK,H406123B
01tVT00000DWltzYAD,ESTANTE PARA ALMACENAR ESPECIAS,SPICE STORAGE RACK,H406124B
01tVT00000DWp4jYAD,ARMARIO DE ROPA PARA PRENDAS,GARMENT CLOTHES CABINET,H401001B
01tVT00000DWp4kYAD,ARMARIO DE ROPA PARA PRENDAS,GARMENT CLOTHES CABINET,H401002B
01tVT00000DWp4lYAD,PERCHERO PARA ROPA,GARMENT CLOTHES RACK,H401003B
01tVT00000DWp4mYAD,PERCHERO PARA ROPA,GARMENT CLOTHES RACK,H401004B
01tVT00000DWp4nYAD,PERCHERO PARA ROPA,GARMENT CLOTHES RACK,H401005B
01tVT00000DWp4oYAD,PERCHERO PARA ROPA,GARMENT CLOTHES RACK,H401006B
01tVT00000DWp4pYAD,PERCHERO PARA ROPA,GARMENT CLOTHES RACK,H401007B
01tVT00000DWp4qYAD,PERCHERO PARA ROPA,GARMENT CLOTHES RACK,H401008B
01tVT00000DWp4rYAD,PERCHERO PARA ROPA,GARMENT CLOTHES RACK,H401009B
01tVT00000DWp4sYAD,PERCHERO PARA ROPA,GARMENT CLOTHES RACK,H401010B
01tVT00000DWp4tYAD,PERCHERO PARA ROPA,GARMENT CLOTHES RACK,H401011B
01tVT00000DWp4uYAD,PERCHERO PARA ROPA,GARMENT CLOTHES RACK,H401012B
01tVT00000DWp4vYAD,ARMARIO DE ALMACENAMIENTO DE TELAS,FABRIC STORAGE CABINET,H401013B
01tVT00000DWp4wYAD,ARMARIO DE ALMACENAMIENTO DE TELAS,FABRIC STORAGE CABINET,H401014B
01tVT00000DWp4xYAD,ARMARIO DE ALMACENAMIENTO DE TELAS,FABRIC STORAGE CABINET,H401015B
01tVT00000DWp4yYAD,ARMARIO DE ALMACENAMIENTO DE TELAS,FABRIC STORAGE CABINET,H401016B
01tVT00000DWp4zYAD,ARMARIO DE ALMACENAMIENTO DE TELAS,FABRIC STORAGE CABINET,H401017B
01tVT00000DWp50YAD,ARMARIO DE ALMACENAMIENTO DE TELAS,FABRIC STORAGE CABINET,H401018B
01tVT00000DWp51YAD,ARMARIO DE ALMACENAMIENTO DE TELAS,FABRIC STORAGE CABINET,H401019B
01tVT00000DWp52YAD,ARMARIO DE ALMACENAMIENTO DE TELAS,FABRIC STORAGE CABINET,H401020B
01tVT00000DWp53YAD,ARMARIO DE ALMACENAMIENTO DE TELAS,FABRIC STORAGE CABINET,H401021B
01tVT00000DWp54YAD,ARMARIO DE ZAPATOS 1 CAPA,SHOES CABINET 1 LAYER,H402008B
01tVT00000DWp55YAD,ARMARIO DE ZAPATOS DE 2 CAPAS,SHOES CABINET 2 LAYER,H402009B
01tVT00000DWp56YAD,GABINETE DE ZAPATOS DE 3 CAPAS,SHOES CABINET 3 LAYER,H402010B
01tVT00000DWp57YAD,JUEGO DE COMEDOR DE 7 PIEZAS,DINING SET 7 PIECES,H402011B
01tVT00000DWp58YAD,ORGANIZADOR ZAPATOS 4 NIVELES,WIRE SHOE RACK 4 TIERS,H402012B
01tVT00000DWp59YAD,ZAPATERO 5 CAPAS,SHOE RACK 5 LAYERS,H402013B
01tVT00000DWp5AYAT,ZAPATERO,SHOE RACK,H402014B
01tVT00000DWp5BYAT,ARMARIO PARA ALMACENAMIENTO DE ZAPATOS,SHOE STORAGE CABINET,H402015B
01tVT00000DWp5CYAT,CARRO DE ALMACENAMIENTO DE COCINA,KITCHEN STORAGE CART,H403016B
01tVT00000DWp5DYAT,ESTANTE DE ALMACENAMIENTO DE COCINA,KITCHEN STORAGE RACK,H403017B
01tVT00000DWp5EYAT,RACK DE ALMACENAMIENTO DE 5 CAPAS,STORAGE RACK 5 LAYERS,H403018B
01tVT00000DWp5FYAT,CARRO DE ALMACENAMIENTO DE COCINA,KITCHEN STORAGE CART,H403019B
01tVT00000DWp5GYAT,CARRO DE ALMACENAMIENTO DE COCINA,KITCHEN STORAGE CART,H403020B
01tVT00000DWp5HYAT,REJILLA DE MICROONDAS DE ALAMBRE DE COCINA,KITCHEN WIRE MICROWAVE RACK,H403021B
01tVT00000DWp5IYAT,ESTANTE DE ALMACENAMIENTO DE ALAMBRES DE COCINA 5 NIVELES,KITCHEN WIRE STORAGE RACK 5 TIERS,H403022B
01tVT00000DWp5JYAT,RACK DE ALMACENAMIENTO EN ESQUINA DE ALAMBRE DE COCINA 4 NIVELES,KITCHEN WIRE CORNER STORAGE RACK 4 TIERS,H403023B
01tVT00000DWp5KYAT,ESTANTE DE ALMACENAMIENTO DE ALAMBRE DE COCINA 4 NIVELES,KITCHEN WIRE STORAGE RACK  4 TIERS,H403024B
01tVT00000DWp5LYAT,REJILLA DE MICROONDAS DE ALAMBRE DE COCINA,KITCHEN WIRE MICROWAVE RACK,H403025B
01tVT00000DWp5MYAT,CARRO DE ALMACENAMIENTO DE ALAMBRE DE COCINA,KITCHEN WIRE STORAGE CART,H403026B
01tVT00000DWp5NYAT,REJILLA DE MICROONDAS DE ALAMBRE DE COCINA,KITCHEN WIRE MICROWAVE RACK,H403027B
01tVT00000DWp5OYAT,REJILLA DE MICROONDAS DE ALAMBRE DE COCINA,KITCHEN WIRE MICROWAVE RACK,H403028B
01tVT00000DWp5PYAT,RACK DE ALMACENAMIENTO DE ALAMBRE 3 NIVELES,WIRE STORAGE RACK 3 TIERS,H403029B
01tVT00000DWp5QYAT,CARRO DE ALMACENAMIENTO,STORAGE CART,H403030B
01tVT00000DWp5RYAT,CARRO DE ALMACENAMIENTO,STORAGE CART,H403031B
01tVT00000DWp5SYAT,PERCHERO DE BAÑO,BATHROOM RACK,H405163B
01tVT00000DWp5TYAT,PERCHERO DE BAÑO,BATHROOM RACK,H405164B
01tVT00000DWp5UYAT,ZAPATERO DE PARED DEL BAÑO,BATHROOM WALL SHOE RACK,H405165B
01tVT00000DWp5VYAT,ESTANTE DE ALMACENAMIENTO DE COCINA,KITCHEN STORAGE RACK,H405166B
01tVT00000DWp5WYAT,ESTANTE DE ALMACENAMIENTO DE COCINA,KITCHEN STORAGE RACK,H405167B
01tVT00000DWp5XYAT,PERCHERO DE BAÑO,BATHROOM RACK,H405168B
01tVT00000DWp5YYAT,PERCHERO DE BAÑO,BATHROOM RACK,H405169B
01tVT00000DWp5ZYAT,PERCHERO DE BAÑO,BATHROOM RACK,H405170B
01tVT00000DWp5aYAD,PERCHERO DE PAÑUELOS DE BAÑO,BATHROOM TISSUE RACK,H405171B
01tVT00000DWp5bYAD,TOALLERO DE BAÑO,BATHROOM TOWEL RACK,H405172B
01tVT00000DWp5cYAD,PERCHERO PARA BOTELLAS DE AGUA,WATER BOTTLE  RACK,H405173B
01tVT00000DWp5dYAD,ESTANTERÍAS DE ALMACENAMIENTO,STORAGE SHELVES,H405174B
01tVT00000DWp5eYAD,ESTANTERÍAS DE ALMACENAMIENTO,STORAGE SHELVES,H405175B
01tVT00000DWp5fYAD,ESTANTERÍAS DE ALMACENAMIENTO,STORAGE SHELVES,H405176B
01tVT00000DWp5gYAD,ESTANTERÍAS DE ALMACENAMIENTO,STORAGE SHELVES,H405177B
01tVT00000DWp5hYAD,ARMARIO PLEGABLE DE PLÁSTICO,PLASTIC FOLDABLE CABINET,H405178B
01tVT00000DWp5iYAD,ESTANTERÍA PLEGABLE,FOLDABLE SHELF,H405179B
01tVT00000DWp5jYAD,ESTANTERÍA PARA EL BAÑO,BATHROOM STORAGE SHELF,H405180B
01tVT00000DWp5kYAD,PERCHERO DE PAÑUELOS DE BAÑO,BATHROOM TISSUE RACK,H405181B
01tVT00000DWp5lYAD,ESTANTERÍA PARA EL BAÑO,BATHROOM STORAGE SHELF,H405182B
01tVT00000DWp5mYAD,ESTANTERÍA DE ALMACENAMIENTO EN LA ESQUINA DEL BAÑO,BATHROOM CORNER STORAGE SHELF,H405183B
01tVT00000DWp5nYAD,ESTANTERÍAS DE ALMACENAMIENTO EN ESQUINA DEL BAÑO 3 CAPAS,BATHROOM CORNER STORAGE SHELVES 3 LAYERS,H405184B
01tVT00000DWp5oYAD,ESTANTERÍAS DE ALMACENAMIENTO EN ESQUINA DEL BAÑO 3 CAPAS,BATHROOM CORNER STORAGE SHELVES 3 LAYERS,H405185B
01tVT00000DWp5pYAD,"""MADERA SOBRE EL VÁTER ALMACENAMIENTO""",WOODEN OVER THE TOILET STORAGE,H405186B
01tVT00000DWp5qYAD,ESTACIÓN DE LAVANDERÍA DE MADERA,WOODEN LAUNDRY STATION,H405187B
01tVT00000DWp5rYAD,ESTANTE DE ALMACENAMIENTO DE ALAMBRES DE COCINA 5 NIVELES,KITCHEN WIRE STORAGE RACK 5 TIERS,H405188B
01tVT00000DWp5sYAD,ESTANTE DE ALMACENAMIENTO DE ALAMBRE,WIRE STORAGE RACK,H405189B
01tVT00000DWp5tYAD,RACK DE ALMACENAMIENTO DE ALAMBRE 3 NIVELES,WIRE STORAGE RACK 3 TIERS,H405190B
01tVT00000DWp5uYAD,RACK DE ALMACENAMIENTO DE ALAMBRE 5 NIVELES,WIRE STORAGE RACK 5 TIERS,H405191B
01tVT00000DWp5vYAD,RACK DE ALMACENAMIENTO DE ALAMBRE 6 NIVELES,WIRE STORAGE RACK 6 TIERS,H405192B
01tVT00000DWp5wYAD,ESTANTE DE ALMACENAMIENTO DE ALAMBRE EN ESQUINA 5 NIVELES,CORNER WIRE STORAGE RACK 5 TIERS,H405193B
01tVT00000DWp5xYAD,PERCHERO PARA BOTELLAS DE AGUA,WATER BOTTLE RACK,H405194B
01tVT00000DWp5yYAD,PERCHERO PARA BOTELLAS DE AGUA,WATER BOTTLE RACK,H405195B
01tVT00000DWp5zYAD,JUEGO DE COMEDOR DE 5 PIEZAS,DINING SET 5 PIECES,H405196B
01tVT00000DWp60YAD,ESTANTERÍA DE ALMACENAMIENTO DE ALAMBRE 6 NIVELES,WIRE STORAGE SHELF 6 TIERS,H405197B
01tVT00000DWp61YAD,PERCHERO DE BAÑO,BATHROOM RACK,H405198B
01tVT00000DWp62YAD,CAJÓN PLÁSTICO 4 CAPAS,PLASTIC DRAWER 4 LAYERS,H405199B
01tVT00000DWp63YAD,CAJÓN DE PLÁSTICO 5 CAPAS,PLASTIC DRAWER 5 LAYERS,H405200B
01tVT00000DWp64YAD,CAJÓN DE PLÁSTICO 5 CAPAS,PLASTIC DRAWER 5 LAYERS,H405201B
01tVT00000DWp65YAD,GABINETE DE PLÁSTICO 3 CAPAS,PLASTIC CABINET 3 LAYERS,H405202B
01tVT00000DWp66YAD,ARMARIO DE PLÁSTICO 4 CAPAS,PLASTIC CABINET 4 LAYERS,H405203B
01tVT00000DWp67YAD,RACK METÁLICO AJUSTABLE PERFORADO EN 4 NIVELES,METAL RACK ADJUSTABLE PERFORATED 4 TIERS,H405204B
01tVT00000DWp68YAD,ESTANTE DE ALAMBRE 4 NIVELES,WIRE SHELF 4 TIERS,H405205B
01tVT00000DWp69YAD,RACK METÁLICO AJUSTABLE PERFORADO EN 5 NIVELES,METAL RACK ADJUSTABLE PERFORATED 5 TIERS,H405206B
01tVT00000DWp6AYAT,ESTANTE METÁLICO PERFORADO EN 5 NIVELES,METAL RACK  PERFORATED 5 TIERS,H405207B
01tVT00000DWp6BYAT,ESTANTERÍA DE ALMACENAMIENTO DE 5 NIVELES,STORAGE SHELF 5 TIERS,H405208B
01tVT00000DWp6CYAT,ESTANTE DE ALMACENAMIENTO DE COCINA,KITCHEN STORAGE RACK,H406125B
01tVT00000DWp6DYAT,ESTANTE PARA ALMACENAMIENTO DE OLLAS Y SARTENES,POTS & PANS STORAGE RACK,H406126B
01tVT00000DWp6EYAT,ESTANTE PARA ALMACENAMIENTO DE OLLAS Y SARTENES,POTS & PANS STORAGE RACK,H406127B
01tVT00000DWp6FYAT,ORGANIZADOR DE SPICE,SPICE ORGANIZER,H406128B
01tVT00000DWp6GYAT,ESCURRIDOR DE PLATOS,DISH DRAINER,H406129B
01tVT00000DWp6HYAT,ESCURRIDOR DE PLATOS,DISH DRAINER,H406130B
01tVT00000DWp6IYAT,ESCURRIDOR DE PLATOS,DISH DRAINER,H406131B
01tVT00000DWp6JYAT,ESCURRIDOR DE PLATOS,DISH DRAINER,H406132B
01tVT00000DWp6KYAT,ESCURRIDOR DE PLATOS,DISH DRAINER,H406133B
01tVT00000DWp6LYAT,DRENADOR DE PLATOS DEL FREGADERO SUPERIOR,ABOVE SINK DISH DRAINER,H406134B
01tVT00000DWp6MYAT,ESTANTE EXTRAÍBLE BAJO EL FREGADERO,UNDER SINK PULL OUT RACK,H406135B
01tVT00000DWp6NYAT,ESTANTE EXTRAÍBLE BAJO EL FREGADERO,UNDER SINK PULL OUT RACK,H406136B
01tVT00000DWp6OYAT,ESTANTE EXTRAÍBLE BAJO EL FREGADERO,UNDER SINK PULL OUT RACK,H406137B
01tVT00000DWp6PYAT,RACK BAJO EL FREGADERO,UNDER SINK RACK,H406138B
01tVT00000DWp6QYAT,ESTANTE DE ALMACENAMIENTO,STORAGE RACK,H406139B
01tVT00000DWp6RYAT,ESTANTE DE ALMACENAMIENTO,STORAGE RACK,H406140B
01tVT00000DWp6SYAT,CAJA DE FREGADERO,SINK CADDY,H406141B
01tVT00000DWp6TYAT,CAJA DE FREGADERO,SINK CADDY,H406142B
01tVT00000DWp6UYAT,CAJA DE FREGADERO,SINK CADDY,H406143B
01tVT00000DWp6VYAT,CAJA DE FREGADERO,SINK CADDY,H406144B
01tVT00000DWp6WYAT,PORTAUTENSILIOS DE MADERA,WOODEN UTENSIL HOLDER,H406145B
01tVT00000DWp6XYAT,ORGANIZADOR DE UTENSILIOS DE MADERA EXTENSIBLE,WOODEN EXPANDABLE UTENSIL ORGANIZER,H406146B
01tVT00000DWp6YYAT,ORGANIZADOR DE UTENSILIOS DE MADERA EXTENSIBLE,WOODEN EXPANDABLE UTENSIL ORGANIZER,H406147B
01tVT00000DWp6ZYAT,ORGANIZADOR DE UTENSILIOS DE MADERA EXTENSIBLE,WOODEN EXPANDABLE UTENSIL ORGANIZER,H406148B
01tVT00000DWp6aYAD,PORTAUTENSILIOS DE MADERA,WOODEN UTENSIL HOLDER,H406149B
01tVT00000DWp6bYAD,PORTAPLATOS DE MADERA,WOODEN  DISHES HOLDER,H406150B
01tVT00000DWp6cYAD,ORGANIZADOR DE ESPECIAS DE MADERA,WOODEN  SPICE ORGANIZER,H406151B
01tVT00000DWp6dYAD,ORGANIZADOR DE ESPECIAS DE MADERA,WOODEN  SPICE ORGANIZER,H406152B
01tVT00000DWp6eYAD,ORGANIZADOR DE ESPECIAS DE MADERA,WOODEN  SPICE ORGANIZER,H406153B
01tVT00000DWp6fYAD,ESTANTE DE ESQUINA DE MADERA DE 3 NIVELES,WOODEN 3 TIER CORNER SHELF,H406154B
01tVT00000DWp6gYAD,RACK DE DISCOS AJUSTABLE PARA ALAMBRE DE COCINA,KITCHEN WIRE ADJUSTABLE DISK RACK,H406155B
01tVT00000DWp6hYAD,CARRO DE PAPELERÍA,STATIONERY CART,H407009B
01tVT00000DWp6iYAD,CARRO DE PAPELERÍA,STATIONERY CART,H407010B
01tVT00000DWp6jYAD,ESTANTE DE PAPELERÍA,STATIONERY RACK,H407011B
01tVT00000DWp6kYAD,ESTANTE DE PAPELERÍA,STATIONERY RACK,H407012B
01tVT00000DWp6lYAD,ORGANIZADOR DE ESCRITORIO DE MADERA,WOODEN  DESK ORGANIZER,H407013B
01tVT00000DWp6mYAD,"""ORGANIZADOR DE ARCHIVOS APILABLES DE MADERA """,WOODEN STACKABLE FILE ORGANIZER,H407014B
01tVT00000DWp6nYAD,"""ESCRITORIO DE MADERA DE 4 NIVELES ORGANIZADOR""",WOODEN 4-TIER DESK ORGANIZER,H407015B
01tVT00000DWp6oYAD,ESTANTE ORGANIZADOR DE PAPELERÍA DE MADERA,WOODEN STATIONERY ORGANISER LETTER RACK,H407016B
01tVT00000DWp6pYAD,CARRO DE ALMACENAMIENTO DE LA LAVANDERÍA,LAUNDRY STORAGE CART,H408039B
01tVT00000DWp6qYAD,CARRO DE ALMACENAMIENTO DE LA LAVANDERÍA,LAUNDRY STORAGE CART,H408040B
01tVT00000DWp6rYAD,CARRO DE ALMACENAMIENTO DE LA LAVANDERÍA,LAUNDRY STORAGE CART,H408041B
01tVT00000DWp6sYAD,ESTENDADOR,DRYING RACK,H408042B
01tVT00000DWp6tYAD,PERCHERO PARA ROPA,GARMENT CLOTHES RACK,H408043B
01tVT00000DWp6uYAD,ARMARIO DE PLÁSTICO,PLASTIC CABINET,H408044B
01tVT00000DWp6vYAD,ARMARIO DE PLÁSTICO,PLASTIC CABINET,H408045B
01tVT00000DWp6wYAD,ARMARIO DE PLÁSTICO,PLASTIC CABINET,H408046B
01tVT00000DWp6xYAD,ARMARIO DE PLÁSTICO,PLASTIC CABINET,H408047B
01tVT00000DWp6yYAD,PERCHERO CON GANCHOS,COAT RACK WITH HOOKS,H409032B
01tVT00000DWp6zYAD,PERCHERO,COAT RACK,H409033B
01tVT00000DWp70YAD,PERCHERO CON 2 CAPAS,COAT RACK WITH 2 LAYERS,H409034B
01tVT00000DWp71YAD,PERCHERO CON 5 CAPAS,COAT RACK WITH 5 LAYERS,H409035B
01tVT00000DWp72YAD,PORTAPANTALONES,TROUSERS RACK,H409036B
01tVT00000DWp73YAD,JUEGO DE TERCIOPELO DE PERCHA DE 20 PIEZAS,HANGER VELVET SET 20 PIECES,H409037B
01tVT00000DWp74YAD,ESTENDADOR,DRYING RACK,H409038B
01tVT00000DWp75YAD,ESTENDADOR,DRYING RACK,H409039B
01tVT00000DWp76YAD,ESTENDADOR,DRYING RACK,H409040B
01tVT00000DWp77YAD,ESCURRIDERO MONTADO EN LA PARED,DRYING RACK WALL-MOUNTED,H409041B
01tVT00000DWp78YAD,ESCURRIDERO MONTADO EN LA PARED,DRYING RACK WALL-MOUNTED,H409042B
01tVT00000DWp79YAD,METAL DE HANGAR,HANGER METAL,H409043B
01tVT00000DWp7AYAT,JUEGO DE METAL PARA PERCHA: 10 PIEZAS,HANGER  METAL SET 10 PIECES,H409044B
01tVT00000DWp7BYAT,METAL DE HANGAR,HANGER METAL,H409045B
01tVT00000DWp7CYAT,METAL DE HANGAR,HANGER METAL,H409046B
01tVT00000DWp7DYAT,JUEGO DE MADERA CON PERCHA: 10 PIEZAS,HANGER WOODEN SET 10 PIECES,H409047B
01tVT00000DWp7EYAT,JUEGO DE PLÁSTICO PARA PERCHA DE 10 PIEZAS,HANGER PLASTIC SET 10 PIECES,H409048B
01tVT00000DWp7FYAT,JUEGO DE PLÁSTICO PARA PERCHA DE 10 PIEZAS,HANGER PLASTIC SET 10 PIECES,H409049B
01tVT00000DWp7GYAT,METAL DE HANGAR,HANGER METAL,H409050B
01tVT00000DWp7HYAT,ESTENDADOR,DRYING RACK,H409051B
01tVT00000DWp7IYAT,ESTENDADOR,DRYING RACK,H409052B
01tVT00000DWp7JYAT,ESTENDADOR,DRYING RACK,H409053B
01tVT00000DWp7KYAT,ESCURRIDERO INDEPENDIENTE,FREE STANDING DRYING RACK,H409054B
01tVT00000DWp7LYAT,SOBRE EL GANCHO DE LA PUERTA,OVER DOOR HOOK,H409055B
01tVT00000DWp7MYAT,"""ABRIGO DE MONTAJE EN LA PARED HOOK""",WALL MOUNT COAT HOOK,H409056B
01tVT00000DWp7NYAT,CESTA DE LA PUERTA,OVER DOOR BASKET,H409057B
01tVT00000DWp7OYAT,ABRIGO DE MONTAJE EN LA PARED HOOK,WALL MOUNT COAT HOOK,H409058B
01tVT00000DWp7PYAT,TOALLERO,TOWEL RACK,H409059B
01tVT00000DWp7QYAT,SOPORTE PARA PAPEL DE COCINA,PAPER TOWEL HOLDER,H409060B
01tVT00000DWp7RYAT,SOPORTE PARA PAPEL DE COCINA,PAPER TOWEL HOLDER,H409061B
01tVT00000DWp7SYAT,SOPORTE PARA CEPILLOS DE INODORO,TOILET BRUSH STAND,H409062B
01tVT00000DWp7TYAT,TOALLERO,BATHROOM TOWEL RACK,H409063B
01tVT00000DWp7UYAT,CAJÓN DE DUCHA,SHOWER CADDY,H409064B
01tVT00000DWp7VYAT,CAJÓN DE DUCHA,SHOWER CADDY,H409065B
01tVT00000DWp7WYAT,TOALLERO,TOWEL RACK,H409066B
01tVT00000DWp7XYAT,TOALLERO,TOWEL RACK,H409067B
01tVT00000DWp7YYAT,TOALLERO,TOWEL RACK,H409068B
01tVT00000DbxpdYAB,SOFÁ DESARMABLE DE 2 PLAZAS,KD 2-SEATER SOFA,H103056B
01tVT00000Dc122YAB,SILLA DESMONTABLE,KD CHAIR,H108040B
01tVT00000Dc15GYAR,SILLON TELA,CHAIR,H108041B
01tVT00000Dc4eDYAR,SOFÁ DE UNA PLAZA,SINGLE-SEATER SOFA,H103057B
01tVT00000Dc4vxYAB,SILLA MECEDORA KD,KD ROCKING CHAIR,H108038B
01tVT00000Dc5GvYAJ,SILLON TELA,ARMCHAIR,H103058B
01tVT00000Dc5TpYAJ,SILLA MECEDORA,ROCKING CHAIR,H108039B
01tVT00000Dc6BNYAZ,SILLON TELA,CHAIR,H108042B
01tVT00000Dcl3FYAR,SILLA PLASTICO TIPO TIFFANY,PP CHAIR TIFFANY STYLE (NON-KD),H202001B
01tVT00000Dcr4eYAB,BANCO BAR,BAR STOOL,H204013B
01tVT00000Dcr4fYAB,BANCO BAR,BAR STOOL,H204014B
01tVT00000Dcr4gYAB,BANCO BAR,BAR STOOL,H204015B
01tVT00000Dcr4hYAB,BANCO BAR,BAR STOOL,H204016B
01tVT00000Dcr4iYAB,BANCO BAR,BAR STOOL,H204017B
01tVT00000Dcr4jYAB,BANCO BAR,BAR STOOL,H204018B
01tVT00000Dcr4kYAB,BANCO BAR,BAR STOOL,H204019B
01tVT00000Dcr4lYAB,BANCO BAR,BAR STOOL,H204020B
01tVT00000Dcr4mYAB,BANCO BAR,BAR STOOL,H204021B
01tVT00000Dcr4nYAB,BANCO BAR,BAR STOOL,H204022B
01tVT00000Dcr4oYAB,BANCO BAR,BAR STOOL,H204023B
01tVT00000Dcr4pYAB,BANCO BAR,BAR STOOL,H204024B
01tVT00000Dcr4qYAB,BANCO BAR,BAR STOOL,H204025B
01tVT00000Dcr4rYAB,BANCO BAR,BAR STOOL,H204026B
01tVT00000Dcr4sYAB,BANCO BAR,BAR STOOL,H204027B
01tVT00000Dcr4tYAB,BANCO BAR,BAR STOOL,H204028B
01tVT00000Dcr4uYAB,BANCO BAR,BAR STOOL,H204029B
01tVT00000Dcr4vYAB,BANCO BAR,BAR STOOL,H204030B
01tVT00000Dcr4wYAB,MESA ESCRITORIO,DESK,H302118B
01tVT00000Dcr4xYAB,MESA ESCRITORIO,DESK,H302119B
01tVT00000Dcr4yYAB,MESA ESCRITORIO,DESK,H302120B
01tVT00000Dcr4zYAB,MESA ESCRITORIO,DESK,H302121B
01tVT00000Dcr50YAB,ESTANTERIA,BOOKSHELF,H111040B
01tVT00000Dcr51YAB,MUEBLE DE SALA,LIVING ROOM CABINET,H111041B
01tVT00000Dcr52YAB,MUEBLE DE SALA,LIVING ROOM CABINET,H111042B
01tVT00000Dcr53YAB,MESA ESCRITORIO + SILLA,DESK + CHAIR,H302122B
01tVT00000Dcr54YAB,MESA ESCRITORIO + SILLA,DESK + CHAIR,H302123B
01tVT00000Dcr55YAB,MESA ESCRITORIO + ESTANTE,DESK + SHELF,H302124B
01tVT00000Dcr56YAB,ESCRITORIO PARA COMPUTADORA,COMPUTER DESK,H302125B
01tVT00000Dcr57YAB,MESA ESCRITORIO,DESK,H302126B
01tVT00000Dcr58YAB,SILLA PLEGABLE DE COMEDOR,FOLDING CHAIR,H201246B
01tVT00000Dcr59YAB,SILLA PLEGABLE DE COMEDOR,FOLDING CHAIR,H201247B
01tVT00000Dcr5AYAR,SILLA PLEGABLE DE COMEDOR,FOLDING CHAIR,H201248B
01tVT00000Dcr5BYAR,SILLA PLEGABLE DE COMEDOR,FOLDING CHAIR,H201249B
01tVT00000Dcr5CYAR,SILLA PLEGABLE DE COMEDOR,FOLDING CHAIR,H201250B
01tVT00000Dcr5DYAR,SILLA DE PLÁSTICO,PLASTIC CHAIR,H201251B
01tVT00000Dcr5EYAR,SILLA DE PLÁSTICO,PLASTIC CHAIR,H201252B
01tVT00000Dcr5FYAR,SILLA DE PLÁSTICO,PLASTIC CHAIR,H201253B
01tVT00000Dcr5GYAR,SILLA DE PLÁSTICO,PLASTIC CHAIR,H201254B
01tVT00000Dcr5HYAR,SILLA DE PLÁSTICO,PLASTIC CHAIR,H201255B
01tVT00000Dcr5IYAR,CARRITO ISLA COCINA,KITCHEN CART,H205022B
01tVT00000Dcr5JYAR,CARRITO ISLA COCINA,KITCHEN CART,H205023B
01tVT00000Dcr5KYAR,CARRITO ISLA COCINA,KITCHEN CART,H205024B
01tVT00000Dcr5LYAR,CARRITO ISLA COCINA,KITCHEN CART,H205025B
01tVT00000Dcr5MYAR,SILLA DE PLÁSTICO,PLASTIC CHAIR,H201256B
01tVT00000Dcr5NYAR,SILLA DE PLÁSTICO,PLASTIC CHAIR,H201257B
01tVT00000Dcr5OYAR,SILLA DE PLÁSTICO,PLASTIC CHAIR,H201258B
01tVT00000Dcr5PYAR,SILLA DE PLÁSTICO,PLASTIC CHAIR,H201259B
01tVT00000Dcr5QYAR,SILLA DE PLÁSTICO,PLASTIC CHAIR,H201260B
01tVT00000Dcr5RYAR,SILLA DE PLÁSTICO,PLASTIC CHAIR,H201261B
01tVT00000Dcr5SYAR,SILLA DE PLÁSTICO,PLASTIC CHAIR,H201262B
01tVT00000Dcs9ZYAR,ESTANTE,SHELF,H111043B
01tVT00000Dcs9aYAB,MESA LATERAL,SIDE TABLE,H102274B
01tVT00000Dcs9bYAB,MESA LATERAL,SIDE TABLE,H102275B
01tVT00000Dcs9cYAB,MESA DE CENTRO,COFFEE TABLE,H102276B
01tVT00000Dcs9dYAB,MUEBLE DE TV MADERA,TV STAND,H110035B
01tVT00000Dcs9eYAB,MUEBLE DE TV MADERA,TV STAND,H110036B
01tVT00000Dcs9fYAB,MESA DE CENTRO,COFFEE TABLE,H110037B
01tVT00000Dcs9gYAB,MESA DE CENTRO,COFFEE TABLE,H102277B
01tVT00000Dcs9hYAB,MESA DE CENTRO,COFFEE TABLE,H102278B
01tVT00000Dcs9iYAB,MESA DE CENTRO,COFFEE TABLE,H102279B
01tVT00000Dcs9jYAB,MESA ESCRITORIO PLEGABLE,FOLDING LIFTED TABLE,H102280B
01tVT00000Dcs9kYAB,MESA DE CENTRO,FOLDING LIFTED TABLE,H102281B
01tVT00000DcvU1YAJ,MUEBLE DE TV MADERA,TV STAND,H110038B
01tVT00000DcvU2YAJ,ESTANTE,SHELF,H111044B
01tVT00000DcvU3YAJ,ESCRITORIO PARA COMPUTADORA,COMPUTER DESK,H302127B
01tVT00000DcvU4YAJ,ESTANTE,SHELF,H111045B
01tVT00000DcvU5YAJ,ESTANTE,SHELF,H111046B
01tVT00000DcvU6YAJ,MESA AUXILIAR,CONSOLE TABLE,H109007B
01tVT00000DcvU7YAJ,ZAPATERO,SHOE RACK,H402016B
01tVT00000DcvU8YAJ,ZAPATERO,SHOE RACK,H402017B
01tVT00000DcvU9YAJ,ZAPATERO,SHOE RACK,H402018B
01tVT00000Dcwd0YAB,PARRILLAS PORTÁTILES DE CARBÓN,PORTABLE CHARCOAL GRILLS,G301285A
01tVT00000Dcwd1YAB,"""PARRILLA DE CARBÓN GIRATORIA A 360° """,360° ROTATING CHARCOAL GRILL,G301286A
01tVT00000Dcwd2YAB,"""PARRILLA DE CARBÓN GIRATORIA A 360° """,360° ROTATING CHARCOAL GRILL,G301287A
01tVT00000Dcwd3YAB,PARRILLA DE TETERA DE 22 PULGADAS,22-INCH KETTLE GRILL,G301288A
01tVT00000Dcwd4YAB,PARRILLA DE TETERA DE 22 PULGADAS,22-INCH KETTLE GRILL,G301289A
01tVT00000Dcwd5YAB,PARRILLAS PORTÁTILES DE CARBÓN,PORTABLE CHARCOAL GRILLS,G301290A
01tVT00000Dcwd6YAB,BARBACOA DE GAS DE MESA DE 2 QUEMADORES,2 BURNERS TABLETOP GAS GRILL,G302115A
01tVT00000Dcwd7YAB,BARBACOA DE MESA DE 3 QUEMADORES DE GAS,3 BURNERS TABLETOP GAS GRILL,G302116A
01tVT00000Dcwd8YAB,BARBACOA DE GAS DE 4 QUEMADORES CON MESAS AUXILIARES PLEGABLES,4 BURNERS GAS BBQ WITH FOLDABLE SIDE TABLES,G302117A
01tVT00000Dcwd9YAB,BARBACOA DE GAS DE 3 QUEMADORES CON MESAS AUXILIARES PLEGABLES,3 BURNERS GAS BBQ WITH FOLDABLE SIDE TABLES,G302118A
01tVT00000DcwdAYAR,BARBACOA DE GAS DE 4 QUEMADORES CON COMEDINAS LATERALES,4 BURNERS GAS BBQ WITH  SIDE BURNERS,G302119A
01tVT00000DcwdBYAR,BARBACOA DE GAS DE 4 QUEMADORES CON COMEDINAS LATERALES,4 BURNERS GAS BBQ WITH  SIDE BURNERS,G302120A
01tVT00000DcwdCYAR,PARRILLAS DE CARBÓN KAMADO DE 21'',21'' KAMADO CHARCOAL GRILLS,G301291A
01tVT00000DcwdDYAR,BARBACOA DE GAS DE 3 QUEMADORES CON PARRILLA DE CARBÓN,3 BURNERS GAS BBQ WITH CHARCOAL GRILL,G301292A
01tVT00000DcwdEYAR,FOGONES DE EXTERIOR CON PARRILLA DE COCCIÓN,FIRE PITS WITH COOKING GRATE,G301293A
01tVT00000DcwdFYAR,CL-15 Square,TABLETOP GRILLS,
01tVT00000DcwdGYAR,PARRILLAS DE CARBÓN KAMADO DE 21'',21'' KAMADO CHARCOAL GRILLS,G301295A
01tVT00000DcwdHYAR,PARRILLAS DE CARBÓN KAMADO DE 18'',18'' KAMADO CHARCOAL GRILLS,G301296A
01tVT00000DcwdIYAR,PARRILLAS DE CARBÓN KAMADO DE 18'',18'' KAMADO CHARCOAL GRILLS,G301297A
01tVT00000DcwdJYAR,PARRILLAS DE CARBÓN KAMADO DE 18'',18'' KAMADO CHARCOAL GRILLS,G301298A
01tVT00000DcwdKYAR,PARRILLAS DE CARBÓN KAMADO DE 16'',16'' KAMADO CHARCOAL GRILLS,G301299A
01tVT00000DcwdLYAR,PARRILLAS DE CARBÓN KAMADO DE 18'',18'' KAMADO CHARCOAL GRILLS,G301300A
01tVT00000DcwdMYAR,PARRILLAS DE CARBÓN KAMADO DE 16'',16'' KAMADO CHARCOAL GRILLS,G301301A
01tVT00000DcwdNYAR,PARRILLAS PORTÁTILES DE CARBÓN,PORTABLE & CAMPING GRILLS,G301302A
01tVT00000DcwdOYAR,PARRILLAS PORTÁTILES DE CARBÓN,PORTABLE & CAMPING GRILLS,G301303A
01tVT00000DcwdPYAR,BARBACOA DE GAS DE 4 QUEMADORES CON COMEDINAS LATERALES,FAMILY GAS GRILLS,G302121A
01tVT00000DcwdQYAR,BARBACOA DE GAS MULTIFUNCIONAL (3 EN 1),MULTI-FUNCTIONAL GAS BBQ (3 IN 1),G302122A
01tVT00000DcwdRYAR,BARBACOA DE GAS DE 2 QUEMADORES + PARRILLA DE CARBÓN CON COMEDIANTE LATERAL,2-BURNER GAS GRILL + CHARCOAL GRILL WITH SIDE BURNER,G302123A
01tVT00000DcwdSYAR,PARRILLAS DE GAS+ REJILLAS,GAS GRILLS+ GRIDDELS,G302124A
01tVT00000DcwdTYAR,FUEGO de 34'',34'' FIREPIT,G304001A
01tVT00000DcwdUYAR,FUEGO de 20'',20'' FIREPIT,G304002A
01tVT00000DcwdVYAR,BARBACOA ELÉCTRICA PORTÁTIL DE 2 QUEMADORES,PORTABLE 2-BURNER ELECTRIC BBQ,G305001A
01tVT00000DcwdWYAR,BARBACOA ELÉCTRICA PORTÁTIL DE 2 QUEMADORES,PORTABLE 2-BURNER ELECTRIC BBQ,G305002A
01tVT00000DcwdXYAR,BARBACOA ELÉCTRICA DE MESA,TABLE TOP ELECTRIC  BBQ,G305003A
01tVT00000DcwdYYAR,PARRILLAS PORTÁTILES DE CARBÓN,PORTABLE CHARCOAL GRILLS,G301304A
01tVT00000DcwdZYAR,BARBACOA DE GAS DE 3 QUEMADORES CON COMEDIENTES LATERALES,3 BURNERS GAS BBQ  WITH  SIDE BURNERS,G302125A
01tVT00000DcwdaYAB,BARBACOA DE GAS DE 4 QUEMADORES CON COMEDINAS LATERALES,4 BURNERS GAS BBQ WITH  SIDE BURNERS,G302126A
01tVT00000DcwdbYAB,BARBACOA DE GAS DE 3 QUEMADORES,3-BURNER GAS BBQ,G302127A
01tVT00000DcwdcYAB,BARBACOA DE GAS DE 4 QUEMADORES,4-BURNER GAS BBQ,G302128A
01tVT00000DcwddYAB,PLANCHA DE GAS DE 4 QUEMADORES,4-BURNER GAS GRIDDLE,G302129A
01tVT00000DcwdeYAB,PLANCHA DE GAS PLEGABLE DE 2 QUEMADORES,FOLDABLE 2-BURNER GAS GRIDDLE,G302130A
01tVT00000DcwdfYAB,PLANCHA DE GAS DE 3 QUEMADORES,3-BURNER TABLETOP GAS GRIDDLE,G302131A
01tVT00000DcwdgYAB,PLANCHA DE GAS DE MESA DE 2 QUEMADORES,2-BURNER TABLE TOP GAS GRIDDLE,G302132A
01tVT00000DcwdhYAB,PARRILLA PLEGABLE DE CARBÓN,FOLDABLE CHARCOAL GRILL,G301305A
01tVT00000DcwdiYAB,PARRILLA DE CARBÓN GIRATORIA A 360°,360° ROTATING CHARCOAL GRILL,G301306A
01tVT00000DcwdjYAB,HOGUERA DE 33'' CON REJILLA DE COCINA,33'' FIREPIT WITH COOKING GRATE,G304003A
01tVT00000DcwdkYAB,PARRILLAS DE CARBÓN VEGETAL PARA TRANVÍAS,TROLLEY CHARCOAL GRILLS,G301307A
01tVT00000DcwdlYAB,PARRILLA DE TETERA DE 22 PULGADAS,22-INCH KETTLE GRILL,G301308A
01tVT00000DcwdmYAB,PARRILLAS PORTÁTILES,PORTABLE GRILLS,G301309A
01tVT00000DcwdnYAB,PARRILLA PORTÁTIL DE CARBÓN,PORTABLE CHARCOAL GRILL,G301310A
01tVT00000DcwdoYAB,PARRILLA PORTÁTIL DE CARBÓN,PORTABLE CHARCOAL GRILL,G301311A
01tVT00000DcwdpYAB,HOGUERA DE 40'' CON REJILLA DE COCINA,40'' FIREPIT WITH COOKING GRATE,G304004A
01tVT00000DcwdqYAB,"HOGUERA DE 21,5'' CON REJILLA DE COCINA",21.5'' FIREPIT WITH COOKING GRATE,G304005A
01tVT00000DcwdrYAB,FOGATA PORTÁTIL DE 33''CON REJILLA DE COCINA Y MESITA AUXILIAR,33''PORTABLE FIREPIT WITH COOKING GRATE AND SIDE TABLE,G304006A
01tVT00000DcwdsYAB,"HOGUERA LOWSMORK DE 18,5'' CON ESTUFA DE FUEGO DE ATIZADOR",18.5'' LOWSMORK FIREPIT WITH POKER FIRE STOVE,G304007A
01tVT00000DcwdtYAB,26003BARBACOA ELÉCTRICA PLEGABLE,FOLDABLE ELECTRIC BBQ,G305004A
01tVT00000DcwduYAB,BARBACOA ELÉCTRICA,ELECTRIC GRILL,G305005A
01tVT00000DcwdvYAB,PLANCHA ELÉCTRICA,ELECTRIC GRIDDLE,G305006A
01tVT00000DcwdwYAB,PLANCHA ELÉCTRICA SIN HUMO,ELECTRIC SMOKELESS GRIDDLE,G305007A
01tVT00000DcwdxYAB,SARTÉN ELÉCTRICA PLEGABLE,ELECTRIC FOLDED FRYING PAN,G305008A
01tVT00000DcwdyYAB,SARTÉN ELÉCTRICA MULTIFUNCIÓN,MULTI-FUNCTION ELECTRIC FRYING PAN,G305009A
01tVT00000DcwdzYAB,BARBACOA ELÉCTRICA,ELECTRIC GRILL,G305010A
01tVT00000Dcwe0YAB,BARBACOA ELÉCTRICA PORTÁTIL,PORTABLE ELECTRIC GRILL,G305011A
01tVT00000Dcwe1YAB,PLANCHA ELÉCTRICA,ELECTRIC GRIDLE,G305012A
01tVT00000Dcwe2YAB,PLANCHA ELÉCTRICA,ELECTRIC GRIDDLE,G305013A
01tVT00000Dcwe3YAB,SARTÉN ELÉCTRICA MULTIFUNCIÓN,MULTI-FUNCTION ELECTRIC FRYING PAN,G305014A
01tVT00000Dcwe4YAB,SARTÉN ELÉCTRICA MULTIFUNCIÓN,MULTI-FUNCTION ELECTRIC FRYING PAN,G305015A
01tVT00000Dcwe5YAB,SARTÉN ELÉCTRICA MULTIFUNCIÓN,MULTI-FUNCTION ELECTRIC FRYING PAN,G305016A
01tVT00000Dcwe6YAB,JUEGO DE FONDUE ELÉCTRICA MULTIFUNCIÓN CON TENEDORES.,MULTI-FUNCTION ELECTRIC FONDUE SET WITH FORKS.,G305017A
01tVT00000DczkXYAR,CARRITO DE BARBACOA,BBQ CART,G303004A
01tVT00000DczkYYAR,CARRITO DE BARBACOA,BBQ CART,G303005A
01tVT00000DczkZYAR,CARRITO DE BARBACOA,BBQ CART,G303006A
01tVT00000DczkaYAB,FUNDA PARA PARRILLA,GRILL COVER,G303007A
01tVT00000DczkbYAB,FUNDA PARA PARRILLA,GRILL COVER,G303008A
01tVT00000DczkcYAB,FUNDA PARA PARRILLA,GRILL COVER,G303009A
01tVT00000DczkdYAB,JJ03028ENCENDEDOR DE CHIMENEA DE CARBÓN,CHARCOAL CHIMNEY STARTER,G303010A
01tVT00000DczkeYAB,CUCHARA DE CENIZAS PARA LA PARRILLA,GRILL ASH SCOOP,G303011A
01tVT00000DczkfYAB,SOPLADOR DE VENTILADORES DE BARBACOA,BBQ FAN BLOWER,G303012A
01tVT00000DczkgYAB,SET DE BARBACOA,BBQ SET,G303013A
01tVT00000DczkhYAB,SET DE BARBACOA,BBQ SET,G303014A
01tVT00000DczkiYAB,TERMÓMETRO DIGITAL PARA BARBACOA,DIGITAL BBQ THERMOMETER,G303015A
01tVT00000DczkjYAB,TERMÓMETRO DE BARBACOA PLEGABLE,FOLDABLE BBQ THERMOMETER,G303016A
01tVT00000DczkkYAB,PINZAS DE BARBACOA,BBQ TONGS,G303017A
01tVT00000DczklYAB,FUNDA PARA PARRILLA,GRILL COVER,G303018A
01tVT00000DczkmYAB,FUNDA PARA PARRILLA,GRILL COVER,G303019A
01tVT00000DczknYAB,FUNDA PARA PARRILLA,GRILL COVER,G303020A
01tVT00000DczkoYAB,FUNDA PARA PARRILLA,GRILL COVER,G303021A
01tVT00000DczkpYAB,FUNDA PARA PARRILLA,GRILL COVER,G303022A
01tVT00000DczkqYAB,SET DE BARBACOA,BBQ SET,G303023A
01tVT00000DczkrYAB,SET DE BARBACOA DE 3 PIEZAS,3 PCS BBQ SET,G303024A
01tVT00000DczksYAB,SET DE BARBACOA DE 7 PIEZAS,7 PCS BBQ SET,G303025A
01tVT00000DczktYAB,SET DE BARBACOA DE 19 PIEZAS,19 PCS BBQ SET,G303026A
01tVT00000Dd1XpYAJ,MESA ESCRITORIO + LIBRERO 2 NIVELES,DESK TABLE + 2 LEVEL BOOKCASE,H302054B
01tVT00000Dd1eHYAR,MESA ESCRITORIO,DESK,H102161B
01tVT00000DdaddYAB,MESA DE CENTRO,COFFEE TABLE,H102282B
01tVT00000DdawzYAB,MESA LATERAL,SIDE TABLE,H102283B
01tVT00000DddYIYAZ,SOFÁ CAMA,SOFA BED,H106103B
01tVT00000Dddy5YAB,SOFÁ MODULAR,MODULAR SOFA,H104093B
01tVT00000DdeMHYAZ,SOFÁ MODULAR,MODULAR SOFA,H104094B
01tVT00000DdeZBYAZ,SOFÁ CAMA,SOFA BED,H106101B
01tVT00000DdenhYAB,SOFÁ CAMA,SOFA BED,H106102B
01tVT00000DdhTpYAJ,BANCO BAR,BAR STOOL,H204031B
01tVT00000DdixmYAB,SILLA DE PLAYA RECLINABLE CON REPOSAPIÉS Y ORIFICIO FACIAL,RECLINING BEACH CHAIR WITH FOOTREST AND FACE HOLE,G402052A
01tVT00000Ddj7SYAR,CUNA PORTÁTIL PARA BEBÉ PARA LA PLAYA,PORTABLE BEACH BABY COT,G402050A
01tVT00000DdjAgYAJ,CARRO DE CAMPING PLEGABLE 3 EN 1,3 IN 1 FOLDABLE CAMPING HANDCART,G402055A
01tVT00000DdjNaYAJ,ESCRITORIO PARA COMPUTADORA,COMPUTER DESK,H302128B
01tVT00000DdnNxYAJ,SILLA DOBLE CON NEVERA Y PARASOL,DOUBLE CHAIR WITH COOLER AND SUNSHADE,G402051A
01tVT00000DdoblYAB,SILLA DE PICNIC PLEGABLE CON PORTAVASOS Y NEVERA,FOLDING PICNIC CHAIR WITH CUP HOLDER AND COOLER,G402053A
01tVT00000DdpBFYAZ,SILLA DE PICNIC PLEGABLE,FOLDING PICNIC CHAIR,G402054A
01tVT00000DdprBYAR,SET COMEDOR 3 PIEZAS,DINING SET 3 PIECES,H203070B
01tVT00000DftgzYAB,BARBACOA DE GAS DE 5 QUEMADORES CON QUEMADORES LATERALES,5 BURNERS GAS BBQ  WITH  SIDE BURNERS,G302133A
01tVT00000DfwlJYAR,BARBACOA DE GAS DE 6 QUEMADORES CON QUEMADORES LATERALES,6 BURNERS GAS BBQ  WITH  SIDE BURNERS,G302134A
01tVT00000DhZFxYAN,SILLA PLEGABLE DE COMEDOR,PLASTIC FOLDING CHAIR,H201263A
01tVT00000DhZcXYAV,SILLA PLASTICO TIPO TIFFANY,PLASTIC TIFFANY CHAIR,H201264A
01tVT00000DhZuHYAV,SILLA PLASTICO TIPO TIFFANY,PLASTIC TIFFANY CHAIR,H201265A
01tVT00000Dha2MYAR,SILLA PLEGABLE DE COMEDOR,STEEL FOLDING CHAIR,H201266A
01tVT00000Dhd8HYAR,CARRITO PLEGABLE DE LA COMPRA CON 4 RUEDAS,FOLDING SHOPPING CART WITH 4 WHEELS,H403032B
01tVT00000Dhd8IYAR,CAJA PLEGABLE,FOLDABLE BOX,H404208B
01tVT00000Dhd8JYAR,CAJA PLEGABLE DE PLÁSTICO,PLASTIC FOLDING BOX,H404209B
01tVT00000Dhd8KYAR,CESTA PLEGABLE CON TAPA DE MESA,FOLDABLE BASKET WITH TABLE LID,H404210B
01tVT00000Dhd8LYAR,CUBO PLEGABLE DE PLÁSTICO - TAMAÑO PEQUEÑO,FOLDING PLASTIC BUCKET - SMALL SIZE,H404211B
01tVT00000Dhd8MYAR,CUBO PLEGABLE DE PLÁSTICO - TAMAÑO MEDIO,FOLDING PLASTIC BUCKET - MEDIUM SIZE,H404212B
01tVT00000Dhd8NYAR,CESTA PLEGABLE DE PLÁSTICO,FOLDABLE PLASTIC BASKET,H404213B
01tVT00000Dhd8OYAR,CESTA PLEGABLE DE PLÁSTICO,FOLDABLE PLASTIC BASKET,H404214B
01tVT00000Dhd8PYAR,CESTA NATURAL,NATURAL BASKET,H404215B
01tVT00000Dhd8QYAR,CESTA NATURAL,NATURAL BASKET,H404216B
01tVT00000Dhd8RYAR,CESTA NATURAL,NATURAL BASKET,H404217B
01tVT00000Dhd8SYAR,CESTA NATURAL,NATURAL BASKET,H404218B
01tVT00000Dhd8TYAR,CESTA NATURAL,NATURAL BASKET,H404219B
01tVT00000Dhd8UYAR,CESTA NATURAL,NATURAL BASKET,H404220B
01tVT00000Dhd8VYAR,CESTA DE LA ROPA SUCIA CON 2 COMPARTIMENTOS,LAUNDRY HAMPER WITH 2 COMPARTMENTS,H404221B
01tVT00000Dhd8WYAR,BOLSA DE LA COLADA,LAUNDRY BAG,H404222B
01tVT00000Dhd8XYAR,CESTA DE LA COLADA,LAUNDRY HAMPER,H404223B
01tVT00000Dhd8YYAR,CESTA DE LA COLADA PLEGABLE,LAUNDRY HAMPER FOLDABLE,H404224B
01tVT00000Dhd8ZYAR,CESTA DE SEPARACIÓN DE LA ROPA SUCIA,LAUNDRY SEPARATION HAMPER,H404225B
01tVT00000Dhd8aYAB,CESTA DE LA COLADA,LAUNDRY HAMPER,H404226B
01tVT00000Dhd8bYAB,CESTA DE LA COLADA,LAUNDRY HAMPER,H404227B
01tVT00000Dhd8cYAB,ORGANIZADOR COLGANTE 6-ESTANTE,HANGING ORGANIZER 6-SHELF,H404228B
01tVT00000Dhd8dYAB,ORGANIZADOR COLGANTE 10-SHELF,HANGING ORGANIZER 10-SHELF,H404229B
01tVT00000Dhd9tYAB,"FOGÓN DE PIEDRA FUNDIDA DE 35""",35 CAST STONE FIRE PIT,G304008A
01tVT00000DhfbVYAR,"FOGÓN DE GAS TIPO COLUMNA DE 15""",15 COLUMN GAS FIRE PIT,G304009A
01tVT00000Dhg69YAB,"OUTDOOR STEEL FIREPLACE 28"" PORTABLE FIREPLACE",OUTDOOR STEEL FIRE PIT,G304010A
01tVT00000DhgJ3YAJ,FOGÓN PORTÁTIL DE 28 PULGADAS,"28"" PORTABLE FIREP PIT",G304011A
01tVT00000DhixZYAR,"FOGÓN DE GAS REDONDO DE 35""",35 ROUND GAS FIRE PIT,G304012A
01tVT00000DhjLlYAJ,"MESA FOGÓN DE GAS RECTANGULAR DE 45""",45 RECTANGULAR GAS FIRE PIT TABLE,G304013A
01tVT00000DhjYfYAJ,"FOGÓN DE GAS RECTANGULAR DE 42""",42 RECTANGULAR GAS FIRE PIT,G304014A
01tVT00000DjJevYAF,JUEGO DE COMEDOR DE 5 PIEZAS,DINING SET 5 PIECES,H203071B
01tVT00000DjJtRYAV,JUEGO DE COMEDOR DE 5 PIEZAS,DINING SET 5 PIECES,H203072B
01tVT00000DjODBYA3,PERCHERO PARA ROPA,GARMENT CLOTHES RACK,H401022B
01tVT00000DjOTJYA3,PERCHERO PARA ROPA,GARMENT CLOTHES RACK,H401023B
01tVT00000DjOTKYA3,PERCHERO PARA ROPA,GARMENT CLOTHES RACK,H401024B
01tVT00000DjOTLYA3,PERCHERO PARA ROPA,GARMENT CLOTHES RACK,H401025B
01tVT00000DjOTMYA3,PERCHERO PARA ROPA,GARMENT CLOTHES RACK,H401026B
01tVT00000DjOTNYA3,PERCHERO PARA ROPA,GARMENT CLOTHES RACK,H401027B
01tVT00000DjVEfYAN,G102125A - CHAIR,G102125A - CHAIR,G102130A
01tVT00000DjVEgYAN,G102125A - TABLE,G102125A - TABLE,G102131A
01tVT00000DjVEhYAN,G102126A - CHAIR,G102126A - CHAIR,G102132A
01tVT00000DjVEiYAN,G102126A - TABLE,G102126A - TABLE,G102133A
01tVT00000DjVEjYAN,G102111A - CHAIR,G102111A - CHAIR,G102134A
01tVT00000DjVEkYAN,G102111A - TABLE,G102111A - TABLE,G102135A
01tVT00000DjVElYAN,G102112A - CHAIR,G102112A - CHAIR,G102136A
01tVT00000DjVEmYAN,G102112A - TABLE,G102112A - TABLE,G102137A
01tVT00000DlYrZYAV,G102078A - Table,G102078A - Table,G102138A
01tVT00000DlYraYAF,G102078A - Chair,G102078A - Chair,G102139A
01tVT00000DlYrbYAF,G102078A - Bench,G102078A - Bench,G102140A
01tVT00000DlYrcYAF,G102108A - Table,G102108A - Table,G101217A
01tVT00000DlYrdYAF,G102108A - Chair,G102108A - Chair,G101218A
01tVT00000DlfcvYAB,MESA PLEGABLE PLASTICO,SQUARE FOLD IN HALF TABLE,G501154A
01tVT00000Dm6rdYAB,MESA PLEGABLE PLASTICO,SQUARE FOLD IN HALF TABLE,G501154KE
01tVT00000DmXVFYA3,ORGANIZADOR PARA DEBAJO DEL FREGADERO,UNDER SINK STORAGE RACK,H406156B
01tVT00000DnPqbYAF,MESA PLEGABLE DE MADERA,WOODEN FOLDING TABLE,G104169A
01tVT00000DnQhpYAF,WOODEN FOLDING CHAIR,SILLA PLEGABLE DE MADERA,G103071A
01tVT00000DnRPNYA3,TINA INFLABLE PARA BEBÉ,INFLATABLE BABY BATHTUB,P201039A
01tVT00000DnRPOYA3,ALBERCA INFLABLE PARA NIÑOS CON RESPALDO,INFLATABLE KIDS' POOL WITH BACKREST,P201040A
01tVT00000Do7ZtYAJ,TINA INFLABLE PARA BEBÉ CON BASE AFELPADA,INFLATABLE BABY BATHTUB WITH FLOCKED BASE,P201041W
01tVT00000Do7ZuYAJ,TINA INFANTIL AUTOINFLABLE DE INFLADO RÁPIDO,ONE-TOUCH SELF-INFLATING KIDS' BATHTUB,P201042W
01tVT00000Do7ZvYAJ,CAMA DE VIAJE INFLABLE PARA NIÑOS PARA EL ASIENTO TRASERO DEL AUTO,INFLATABLE KIDS' CAR-REAR TRAVEL BED,P201043W
01tVT00000Do7ZwYAJ,CAMA DE VIAJE INFLABLE COMPACTA PARA NIÑOS,COMPACT INFLATABLE KIDS' TRAVEL BED,P102032W
01tVT00000Do7ZxYAJ,CAMA INFLABLE DE SEGURIDAD PARA NIÑOS CON COLCHÓN AFELPADO,INFLATABLE KIDS' SAFETY BED WITH FLOCKED MATTRESS,P102033W
01tVT00000Do7ZyYAJ,CAMA INFLABLE PARA NIÑOS CON COLCHÓN AFELPADO DESMONTABLE,INFLATABLE KIDS' BED WITH REMOVABLE FLOCKED MATTRESS,P102034W
01tVT00000Do7ZzYAJ,CAMA INFLABLE INFANTIL TIPO AUTO PARA JUGAR Y DESCANSAR,CAR-SHAPED INFLATABLE KIDS' PLAY & NAP BED,P102035W
01tVT00000Do7a0YAB,CAMA TIENDA INFLABLE INFANTIL CON FORMA DE AUTO Y LUCES,LIGHT-UP CAR-SHAPED INFLATABLE KIDS' TENT BED,P102036W
01tVT00000Do7a1YAB,CAMA TIENDA INFLABLE INFANTIL CON FORMA DE AUTO Y LUCES,LIGHT-UP CAR-SHAPED INFLATABLE KIDS TENT BED,P102037W
01tVT00000Do7a2YAB,TINA INFLABLE TRANSPARENTE REDONDA PARA ADULTOS COLOR GRIS HUMO,SMOKE GREY ROUND TRANSPARENT ADULT INFLATABLE TUB,G405037A
01tVT00000Do7a3YAB,TINA INFLABLE TRANSPARENTE OVALADA PARA ADULTOS COLOR VERDE AGUA,SEA-GLASS OVAL TRANSPARENT ADULT INFLATABLE TUB,G405038A
01tVT00000Do7a4YAB,TINA INFLABLE TRANSPARENTE HEXAGONAL PARA ADULTOS COLOR ÁMBAR,AMBER HEXAGONAL TRANSPARENT ADULT INFLATABLE TUB,G405039A
01tVT00000Do7a5YAB,TINA TRANSPARENTE RECTANGULAR COMPACTA PARA ADULTOS COLOR ROSA,ROSE COMPACT RECTANGULAR TRANSPARENT ADULT TUB,G405040A
01tVT00000Do7a6YAB,TINA TRANSPARENTE CUADRADA CONFORT PARA ADULTOS COLOR AZUL HIELO,ICE-BLUE COMFORT SQUARE TRANSPARENT ADULT TUB,G405041A
01tVT00000Do7a7YAB,BAÑERA PORTÁTIL (Ø80 CM × ALTO 70 CM),PORTABLE BATH TUB-(?80CM×H70CM),G405042A
01tVT00000Do7a8YAB,BAÑERA PORTÁTIL (Ø80 CM × ALTO 80 CM),PORTABLE BATH TUB-(?80CM×H80CM),G405043A
01tVT00000Do7a9YAB,BAÑERA PROFESIONAL REDONDA PARA BAÑO DE HIELO (Ø90 CM × ALTO 80 CM),PRO ROUND ICE BATH TUB-(?90CM×H80CM),G405044A
01tVT00000Do7aAYAR,BAÑERA PROFESIONAL OVALADA PARA BAÑO DE HIELO (1.5 M × 80 CM × 75 CM),PRO OVAL ICE BATH TUB-(1.5M×80CM×75CM),G405045A
01tVT00000Do7aBYAR,BAÑERA INFLABLE PARA BAÑO DE HIELO,INFLATABLE ICE BATH TUB,G405046A
01tVT00000Do7aCYAR,BAÑERA INFLABLE PARA BAÑO DE HIELO,INFLATABLE ICE BATH TUB,G405047A
01tVT00000Do7aDYAR,CAMA DE CARRO INFANTIL DE PIEL,LEATHER KIDS CAR BED,P102038W
01tVT00000Do7aEYAR,CAMA DE CARRO INFANTIL DE PIEL,LEATHER KIDS CAR BED,P102039W
01tVT00000Do7aFYAR,CAMA DE CARRO INFANTIL DE PIEL,LEATHER KIDS CAR BED,P102040W
01tVT00000Do7aGYAR,CAMA DE CARRO INFANTIL DE PIEL,LEATHER KIDS CAR BED,P102041W
01tVT00000Do7aHYAR,CAMA INFANTIL DE MADERA MACIZA,WOODEN KIDS BED,P102042W
01tVT00000Do7aIYAR,CAMA INFANTIL DE MADERA MACIZA,WOODEN KIDS BED,P102043W
01tVT00000Do7aKYAR,SILLÓN INFANTIL,KIDS ARMCHAIR,P101133W
01tVT00000Do7aLYAR,SILLÓN INFANTIL,KIDS ARMCHAIR,P101134W
01tVT00000Do7aMYAR,SILLA INFANTIL DE ESPUMA CON BASE DE MADERA,KIDS FOAM CHAIR WITH WOODEN BASE,P101135W
01tVT00000Do7aNYAR,SOFÁ INFANTIL COMPRIMIDO,COMPRESSED KIDS SOFA,P101136W
01tVT00000Do7aOYAR,SOFÁ INFANTIL COMPRIMIDO,COMPRESSED KIDS SOFA,P101137W
01tVT00000Do7aPYAR,SOFÁ INFANTIL COMPRIMIDO,COMPRESSED KIDS SOFA,P101138W
01tVT00000Do7aQYAR,SOFÁ INFANTIL COMPRIMIDO,COMPRESSED KIDS SOFA,P101139W
01tVT00000Do7aRYAR,SOFÁ INFANTIL COMPRIMIDO,COMPRESSED KIDS SOFA,P101140W
01tVT00000Do7aSYAR,SILLA INFANTIL DE ESPUMA CON BASE DE MADERA,KIDS FOAM CHAIR WITH WOODEN BASE,P101141W
01tVT00000Do7aTYAR,SOFÁ INFANTIL COMPRIMIDO,COMPRESSED KIDS SOFA,P101142W
01tVT00000Do7aUYAR,SILLÓN INFANTIL,KIDS ARMCHAIR,P101143W
01tVT00000Do7aVYAR,SOFÁ INFANTIL CON FORMA DE OSO,BEAR SHAPED KIDS SOFA,P101144W
01tVT00000Do7aWYAR,SOFÁ INFANTIL,KIDS SOFA,P101145W
01tVT00000Do7aXYAR,SILLA MECEDORA INFANTIL,KIDS ROCKING CHAIR,P101146W
01tVT00000Do7aYYAR,SILLA MECEDORA INFANTIL,KIDS ROCKING CHAIR,P101147W
01tVT00000Do7aZYAR,SILLÓN TIPO TINA INFANTIL CON OTOMANA DE ALMACENAMIENTO,KIDS TUB CHAIR WITH STORAGE OTTOMAN,P101148W
01tVT00000Do7aaYAB,SILLÓN TIPO TINA INFANTIL CON OTOMANA,KIDS TUB CHAIR WITH OTTOMAN,P101149W
01tVT00000Do7abYAB,SOFÁ DE ESPUMA CON BASE DE MADERA,FOAM SOFA WITH WOODEN BASE,P101150W
01tVT00000Do7acYAB,CAMA INFANTIL COMPRIMIDA,COMPRESSED KIDS BED,P102044W
01tVT00000Do7adYAB,CAMA INFANTIL COMPRIMIDA,COMPRESSED KIDS BED,P102045W
01tVT00000Do7aeYAB,CAMA INFANTIL COMPRIMIDA,COMPRESSED KIDS BED,P102046W
01tVT00000Do7afYAB,CAMA INFLABLE INFANTIL,INFLATABLE KIDS AIR BED,P102047W
01tVT00000Do7agYAB,BAÑERA INFLABLE INFANTIL,KIDS INFLATABLE BATHTUB,P201044W
01tVT00000Do7ahYAB,CAMA INFLABLE INFANTIL,KIDS INFLATABLE BED,P102048W
01tVT00000Do7aiYAB,CAMA INFLABLE INFANTIL CON ALMOHADA,KIDS INFLATABLE BED WITH PILLOW,P102049W
01tVT00000Do7wTYAR,SILLA MECEDORA RECREATIVA,LEISURE ROCKING CHAIR,H101185B
01tVT00000Do7wUYAR,SILLA MECEDORA RECREATIVA,LEISURE ROCKING CHAIR,H101186B
01tVT00000Do9dJYAR,CAMA INFANTIL TIPO AUTO COMPRIMIDA,COMPRESSED KIDS CAR BED,P102050W
01tVT00000Do9dKYAR,CAMA INFANTIL TIPO AUTO COMPRIMIDA,COMPRESSED KIDS CAR BED,P102051W
01tVT00000DoBQbYAN,TIENDA DE CAMPAÑA,CAMPING TENT,G401126A
01tVT00000Dp5PZYAZ,PARRILLA DE CARBÓN CON AHUMADOR OFFSET,OFFSET SMOKER CHARCOAL GRILL,G301312A
01tVT00000Dp9RZYAZ,SILLA PLASTICO TIPO TIFFANY,PP CHAIR TIFFANY STYLE (NON-KD),G103072A
01tVT00000Dp9mXYAR,SILLA PLASTICO TIPO TIFFANY,PP CHAIR TIFFANY STYLE (NON-KD),G103073A
01tVT00000DpL2vYAF,SILLA MECEDORA RECREATIVA,LEISURE ROCKING CHAIR,H101187B
01tVT00000DsCEPYA3,MESA RESINA PLEGABLE 180 CM (3.5 cm),6 FT FOLDING HDPE TABLE (3.5 cm),G501155HL
01tVT00000DsiHWYAZ,SILLA DE OFICINA,OFFICE CHAIR,H301061ST
01tVT00000Du5qLYAR,"ENFRIADOR DE AIRE PORTÁTIL, DEPÓSITO DE 45 L","PORTABLE AIR COOLER, TANK 45L",B502008C
01tVT00000Du8kzYAB,ESTUFA DE GAS,GAS ROOM HEATER,B202001C
01tVT00000Du8wHYAR,CALEFACTOR DE HABITACIÓN DE GAS Y ELECTRICIDAD 2 EN 1,2 IN 1 GAS & ELECTRIC ROOM HEATER,B202002C
01tVT00000Du9ltYAB,"CONTROL MANUAL DEL VENTILADOR DE TORRE DE 29""","TOWER FAN 29"" MANUAL CONTROL",B101075C
01tVT00000Du9xBYAR,"VENTILADOR DE TORRE DE 29"" CON MANDO A DISTANCIA","TOWER FAN 29"" WITH REMOTE CONTROL",B101076C
01tVT00000DuAEvYAN,"VENTILADOR DE TORRE DE 46"" CON MANDO A DISTANCIA","TOWER FAN 46"" WITH REMOTE CONTROL",B101077C
01tVT00000DuBkTYAV,GAZEBO PLAYA,GAZEBO BEACH IN POLYESTER,G201017A
01tVT00000DuBxNYAV,GAZEBO PLAYA,GAZEBO BEACH IN PE FABRIC,G404141A
