Id,Name,ProductName__c,ProductCode
01t4w00000NO0PvAAL,SET COMEDOR MÁRMOL URUGUAY + 6 SILLAS,,
01t4w00000NO0PxAAL,SET COMEDOR MDF SERENA + 6 SILLAS,,
01t4w00000NO0PzAAL,SET COMEDOR MDF LIMA + 6 SILLAS,,
01t4w00000NO0Q9AAL,SET COMEDOR VIDRIO PANAMA + 6 CHAIRS,,
01t4w00000NO0QFAA1,SET COMEDOR MDF NAPLES BAR + 4 SILLAS,,
01t4w00000NO0QJAA1,SET COMEDOR MDF TUNJA + 2 SILLAS + 1 BANCA,,
01t4w00000NO0QYAA1,ESTANTERIA 5 NIVELES,,
01t4w00000NO0QZAA1,LITERA INFANTIL,,
01t4w00000NO0QeAAL,SILLA COMEDOR LVL,,
01t4w00000NO0QnAAL,ESTANTERIA GIRATORIA 3 NIVELES,,
01t4w00000NO0QxAAL,LITERA INFANTIL,,
01t4w00000NO0UVAA1,AIRE ACONDICIONADO,,
01t4w00000NhOlhAAF,GAZEBO CUADRADO PORTÁTIL POP UP,,
01t4w00000NhOlnAAF,GAZEBO CUADRADO,,
01t4w00000NhOloAAF,GAZEBO CUADRADO AJUSTABLE POP UP,,
01t4w00000NhOlqAAF,GAZEBO CUADRADO POP UP CON 4 PAREDES,,
01t4w00000NhOlsAAF,GAZEBO CUADRADO POP UP,,
01t4w00000NhOlxAAF,GAZEBO CUADRADO POP UP,,
01t4w00000NhOm6AAF,GAZEBO CUADRADO POP UP CON MOSQUITERA,,
01t4w00000NhOmGAAV,GAZEBO CUADRADO POP UP AJUSTABLE  CON 4 PAREDES,,
01t4w00000NulZfAAJ,Mesa de comedor,,
01t4w00000NulZgAAJ,SET SOFA 3 PIEZAS,,
01t4w00000NulZhAAJ,SET ACACIA 5 PIEZAS,,
01t4w00000NulZiAAJ,SET ACACIA 5 PIEZAS PLEGABLE,,
01t4w00000NulZjAAJ,SET ACACIA 5 PIEZAS PLEGABLE,,
01t4w00000NulZkAAJ,SET BISTRO ACACIA PLEGABLE,,
01t4w00000NulZlAAJ,SET BISTRO ACACIA PLEGABLE JARDINERA,,
01t4w00000NulZmAAJ,SET SOFÁ WICKER 4 PZAS,,
01t4w00000NulZnAAJ,SET BISTRO WICKER,,
01t4w00000NulZoAAJ,SET BISTRO ACACIA,,
01t4w00000NulZpAAJ,SET BISTRO WICKER HUEVO,,
01t4w00000NulZqAAJ,SET BISTRO WICKER HUEVO,,
01t4w00000NulZrAAJ,SET BISTRO CON CUERDAS,,
01t4w00000NulZsAAJ,SILLA DE CUERDAS,,
01t4w00000NulZtAAJ,SET BISTRO CERÁMICO 3 PZS,,
01t4w00000NulZuAAJ,SET COMEDOR CERÁMICO 5 PZS,,
01t4w00000NulZvAAJ,SOFÁ ACACIA TRANSFORMER,,
01t4w00000NulZwAAJ,SET SOFA 4 PZS,,
01t4w00000NulZxAAJ,SET BISTRO ACACIA BICOLOR,,
01t4w00000NulZyAAJ,MESA ESCRITORIO,,
01t4w00000NulZzAAJ,MESA CENTRO,,
01t4w00000Nula0AAB,MESA AUXILIAR REDONDA,,
01t4w00000Nula1AAB,MESA CENTRO,,
01t4w00000Nula2AAB,CAJONERA 5 NIVELES,,
01t4w00000Nula3AAB,TV STAND MADERA,,
01t4w00000Nula4AAB,APARADOR MADERA,,
01t4w00000Nula5AAB,MESA AUXILIAR,,
01t4w00000Nula6AAB,ESTANTERÍA 6 NIVELES,,
01t4w00000Nula7AAB,SET COMEDOR 5 PZAS,,
01t4w00000Nula8AAB,SET COMEDOR RECTANGULAR 5 PZAS,,
01t4w00000Nula9AAB,SET COMEDOR 5 PZAS,,
01t4w00000NulaAAAR,SET COMEDOR BAR 5 PZAS,,
01t4w00000NulaBAAR,SILLA PU COSIDA,,
01t4w00000NulaCAAR,SILLA PU CAPITONE,,
01t4w00000NulaDAAR,SET COMEDOR BAR 5 PZAS,,
01t4w00000NulaEAAR,ESTANTERÍA 5 NIVELES,,
01t4w00000NulaFAAR,ESCRITORIO + ESTANTERÍA 5 PZAS,,
01t4w00000NulaGAAR,MESA REDONDA EXTERIOR,,
01t4w00000NulaHAAR,ESTANTERÍA CAJONERA 12 CUBOS,,
01t4w00000NulaIAAR,ESTANTERÍA CAJONERA 10 CUBOS,,
01t4w00000NulaJAAR,SILLA EAMS,,
01t4w00000NulaKAAR,SILLA GRAVITY,,
01t4w00000NulaLAAR,SILLA CON REPOSAPIÉS GIRATORIA,,
01t4w00000NulaMAAR,SOFÁ CAMA TRANSFORMER,,
01t4w00000NulaNAAR,ESTANTERÍA 5 NIVELES,,
01t4w00000NulaOAAR,ESTANTERÍA 3 NIVELES,,
01t4w00000NulaPAAR,ESTANTERÍA 4 NIVELES TRANSFORMER,,
01t4w00000NulaQAAR,TOCADOR TRANSFORMER,,
01t4w00000NulaRAAR,ESTANTERÍA 4 NIVELES,,
01t4w00000NulaSAAR,ESCRITORIO MADERA,,
01t4w00000NulaTAAR,ZAPATERO 3 NIVELES,,
01t4w00000NulaUAAR,ESCRITORIO MADERA,,
01t4w00000NulaVAAR,MESA CENTRO MADERA,,
01t4w00000NulaWAAR,SET COMEDOR BAR 5 PZAS,,
01t4w00000NulaXAAR,MESA COMEDOR,,
01t4w00000NulaYAAR,SET COMEDOR MESA + 2 SILLAS + BANCA,,
01t4w00000NulaZAAR,SET COMEDOR MESA + 2 SILLAS + BANCA,,
01t4w00000NulaaAAB,SET COMEDOR MESA + 4 SILLAS + BANCA,,
01t4w00000NulabAAB,SET 3 SOFAS 123,,
01t4w00000NulacAAB,MESA CENTRO,,
01t4w00000NuladAAB,SET MESAS CAFE 2 PZAS,,
01t4w00000NulaeAAB,MESA LATERAL,,
01t4w00000NulafAAB,SET 3 MESAS CENTRO,,
01t4w00000NulagAAB,MESA AUXILIAR,,
01t4w00000NulahAAB,MESA CENTRO CON RUEDAS,,
01t4w00000NulaiAAB,SET MESA AUXILIAR 2 PZAS,,
01t4w00000NulajAAB,SET MESA AUXILIAR 2 PZAS,,
01t4w00000NulakAAB,LITERA MADERA,,
01t4w00000NulalAAB,LITERA MADERA,,
01t4w00000NulamAAB,SET COMEDOR 5 PZAS,,
01t4w00000NulanAAB,SET DE MESA,,
01t4w00000NulaoAAB,SET DE SALA 3 PIEZAS,,
01t4w00000NulapAAB,SET COMEDOR 5 PZS,,
01t4w00000NulaqAAB,SET COMEDOR 5 PZAS,,
01t4w00000NularAAB,BASE MADERA ALTAVOZ,,
01t4w00000NulasAAB,BASE MADERA ALTAVOZ LATERAL,,
01t4w00000NulatAAB,MACETERO MADERA SUCULENTA,,
01t4w00000NulauAAB,MESA CENTRO TRIPLE,,
01t4w00000NulavAAB,MESA CENTRO DOBLE,,
01t4w00000NulawAAB,SET INFANTIL 3 PZAS,,
01t4w00000NulaxAAB,ESCRITORIO INFANTIL MESA+SILLON,,
01t4w00000NulayAAB,ORGANIZADOR PRODUCTOS MESA,,
01t4w00000NulazAAB,ORGANIZADOR PC,,
01t4w00000Nulb0AAB,BASE PARA LAPTOP CON COJÍN,,
01t4w00000Nulb1AAB,TABURETE CON RESPALDO,,
01t4w00000Nulb2AAB,SET MESAS AUXILIARES 2 PZAS,,
01t4w00000Nulb3AAB,SET MESAS AUXILIARES 3 PZAS,,
01t4w00000Nulb4AAB,MUEBLE BOTELLERO,,
01t4w00000Nulb6AAB,JOYERO NECESER,,
01t4w00000Nulb7AAB,MANGUERA EXPANDIBLE 7.5 MT C/PISTOLA 7 FUNCIONES,,
01t4w00000Nulb8AAB,MANGUERA EXPANDIBLE 15 MT,,
01t4w00000Nulb9AAB,COLUMPIO RATTAN,,
01t4w00000NulbAAAR,COLUMPIO ALUMINIO,,
01t4w00000NulbBAAR,Hamaca plegable,,
01t4w00000NulbCAAR,Banco aluminio,,
01t4w00000NulbDAAR,SET 5 PIEZAS PLASTICO,,
01t4w00000NulbEAAR,SET SOFA CON MESA BAÚL PLASTICO,,
01t4w00000NulbFAAR,MESA EXPANDIBLE + 6 SILLAS,,
01t4w00000NulbGAAR,SET BISTRO PLASTICO 3 PZAS,,
01t4w00000NulbHAAR,HAMACA PLASTICA,,
01t4w00000NulbIAAR,SET BISTRO 5 PZAS,,
01t4w00000NulbJAAR,SET BAR 3 PZAS,,
01t4w00000NulbKAAR,SET SOFAS 7 PZAS,,
01t4w00000NulbLAAR,SET BISTRO GIRATORIO,,
01t4w00000NulbMAAR,Silla giratoria jardin,,
01t4w00000NulbNAAR,SET SOFA 4 PZAS,,
01t4w00000NulbOAAR,SET SOFA RATTAN,,
01t4w00000NulbPAAR,SET BISTRO RATTAN,,
01t4w00000NulbQAAR,SET SOFA HUEVO 3 PZAS,,
01t4w00000NulbRAAR,SET SOFA CUERDAS 4 PZAS,,
01t4w00000NulbSAAR,SET BISTRO 3 PIEZAS,,
01t4w00000NulbTAAR,SET SOFA CUERDAS 5 PIEZAS,,
01t4w00000NulbUAAR,SET COMEDOR POLLYWOOD 5 PZAS,,
01t4w00000NulbVAAR,SET BISTRO POLLYWOOD,,
01t4w00000NulbWAAR,SOFÁ TRANSFORMER,,
01t4w00000NulbXAAR,SET SOFA 4 PZAS ALUMINIO,,
01t4w00000NulbYAAR,SOFÁ RECLINABLE + REPOSAPIES,,
01t4w00000NulbZAAR,SILLA ORDENADOR MESH,,
01t4w00000NulbaAAB,SILLA BÁSICA ORDENADOR,,
01t4w00000NulbbAAB,SILLA DE ESPERA,,
01t4w00000NulbcAAB,SOFA RECLINABLE,,
01t4w00000NulbdAAB,SOFA RECLINABLE CON POSAVASOS,,
01t4w00000NulbeAAB,SOFA RECLINABLE ECONOMICO,,
01t4w00000NulbfAAB,SOFA RECLINABLE CON USB Y MASAJE,,
01t4w00000NulbgAAB,SILLÓN PATAS MADERA,,
01t4w00000NulbhAAB,SILLÓN INDIVIDUAL,,
01t4w00000NulbiAAB,SILLÓN INDIVIDUAL,,
01t4w00000NulbjAAB,SET COMEDOR 5 PIEZAS,,
01t4w00000NulbkAAB,MESA REGULABLE ALTURA,,
01t4w00000NulblAAB,SILLA PLASTICO APOYABRAZOS,,
01t4w00000NulbmAAB,SILLA PLÁSTICO DOS COLORES,,
01t4w00000NulbnAAB,SILLA PLASTICO,,
01t4w00000NulboAAB,SILLA PLÁSTICO,,
01t4w00000NulbpAAB,CAJONERA TELA 4 CAJONES,,
01t4w00000NulbqAAB,CAJONERA 6 CAJONES,,
01t4w00000NulbrAAB,CAJONERA 3 CAJONES CON MADERA,,
01t4w00000NulbtAAB,LAMPARA SOLAR IMITACION FUEGO,,
01t4w00000NulbvAAB,MECEDORA RECLINABLE CON PUF,,
01t4w00000NulbzAAB,HAMACA COLGANTE CON COJIN,,
01t4w00000Nulc1AAB,COLUMPIO COLGANTE CON COJIN,,
01t4w00000Nulc4AAB,HAMACA COLGANTE CON COJIN,,
01t4w00000Nulc5AAB,HAMACA COLGANTE CON COJIN,,
01t4w00000Nulc6AAB,MESA RESINA 183 CM BLANCA ? 4.5 cm,,G101021S
01t4w00000Nulc7AAB,MESA RESINA 183 CM,,G101023S
01t4w00000NulcAAAR,MESA RESINA PLEGABLE ? 4.5 cm,,
01t4w00000NulcBAAR,MESA RESINA 183 CM BLANCA ? 4.5 cm,,
01t4w00000NulcCAAR,MESA RESINA 183 CM,,
01t4w00000NulcDAAR,MESA RESINA PERSONAL,,
01t4w00000NulcEAAR,SILLA RESINA DOBLE BLANCA,,
01t4w00000NulcFAAR,SILLA PLEGABLE DOBLE,,
01t4w00000NulcHAAR,MESA RESINA PLEGABLE ? 4 cm,,
01t4w00000NulcIAAR,MESA RESINA PLEGABLE,,
01t4w00000NulcLAAR,SET SILLAS INFANTIL CON SOMBRILLA,,
01t4w00000NulcNAAR,SILLA INFANTIL CON SOMBRILLA,,
01t4w00000NulcPAAR,TUMBONA DE ALUMINIO,,
01t4w00000NulcRAAR,SET BISTRO METALICO PLEGABLE REDONDO,,
01t4w00000NulcSAAR,HAMACA MADERA CON TELA,,
01t4w00000NulcVAAR,SET BISTRO METALICO Y TEXTILENO,,
01t4w00000NulcXAAR,SOMBRILLA PLAYA,,
01t4w00000NulcaAAB,SOMBRILLA PLAYA,,
01t4w00000NulccAAB,HAMACA COLGANTE HILO DE ALGODON,,
01t4w00000NulceAAB,GAZEBO PLAYA INCLINADO,,
01t4w00000NulcgAAB,CORTAVIENTOS PLAYA,,
01t4w00000NulciAAB,GAZEBO PLAYA,,
01t4w00000NulcjAAB,COLUMPIO SILLA COLGANTE,,
01t4w00000NulclAAB,"(INACTIVO) VENTILADOR PISO 16""",,
01t4w00000NulcnAAB,MESA RESINA PLEGABLE ? 4 cm,,
01t4w00000NulcpAAB,SILLON RECLINABLE MANUAL CON POSAVASOS,,
01t4w00000NulcrAAB,CENTRO ENTRETENIMIENTO 2 NIVELES,,
01t4w00000NulctAAB,"TV STAND MUEBLE CRISTAL SOPORTE 32-55""",,
01t4w00000NulcuAAB,COSTO EXTRA,,22222222
01t4w00000NulcwAAB,TV STAND MUEBLE CRISTAL,,
01t4w00000Nuld0AAB,BANCO INFANTIL,,
01t4w00000Nuld4AAB,ESTANTERIA METALICA 5 NIVELES,,
01t4w00000Nuld6AAB,"TV STAND SOBREMESA SOPORTE 27-55""",,
01t4w00000Nuld9AAB,LIBRERIA INFANTIL,,
01t4w00000NuldBAAR,BANCO INFANTIL,,
01t4w00000NuldDAAR,BANCO INFANTIL,,
01t4w00000NuldFAAR,BANCO INFANTIL,,
01t4w00000NuldHAAR,SET PIZARRA/MESA + BANCO INFANTIL,,
01t4w00000NuldJAAR,MESA ESCRITORIO CON RUEDAS,,
01t4w00000NuldKAAR,MESA ESCRITORIO CON RUEDAS,,
01t4w00000NuldNAAR,SILLA ORDENADOR MESH,,
01t4w00000NuldPAAR,SILLA ORDENADOR,,
01t4w00000NuldRAAR,SILLA PLASTICO EAMS,,
01t4w00000NuldTAAR,SILLA COMEDOR TELA,,
01t4w00000NuldVAAR,ZAPATERA 3 NIVELES CON ESPEJOS,,
01t4w00000NuldYAAR,BANCA ZAPATERA 2 NIVELES CAJONERAS,,
01t4w00000NuldZAAR,BANCA ZAPATERA 1 NIVEL,,
01t4w00000NuldbAAB,BANCA ZAPATERA 1 NIVEL,,
01t4w00000NulddAAB,APARADOR 4 PUERTAS,,
01t4w00000NuldfAAB,CARRITO ORGANIZADOR COCINA 3 NIVELES + BOTELLERO,,
01t4w00000NuldhAAB,CARRITO ORGANIZADOR COCINA 3 NIVELES,,
01t4w00000NuldiAAB,CARRITO ORGANIZADOR COCINA 2 NIVELES,,
01t4w00000NuldlAAB,CARRITO ORGANIZADOR COCINA 3 NIVELES,,
01t4w00000NuldnAAB,SET MESAS AUXILIARES 2 PIEZAS,,
01t4w00000NuldpAAB,SET MESAS AUXILIARES 3 PIEZAS,,
01t4w00000NuldrAAB,SET MESAS AUXILIARES 3 PIEZAS,,
01t4w00000NuldtAAB,SOFA CAMA,,
01t4w00000NuldvAAB,SOFA CAMA PATAS MADERA,,
01t4w00000NuldxAAB,SILLON ARINDOAK POLIESTIRENO,,
01t4w00000NuldzAAB,HAMACA COLGANTE CON COJIN,,
01t4w00000Nule1AAB,HAMACA COLGANTE CON COJIN,,
01t4w00000Nule2AAB,BANCO BAR BASIC,,
01t4w00000Nule5AAB,ASADOR CARBON PORTATIL CON BOLSA NEVERA,,
01t4w00000Nule7AAB,PLATO HIERRO BBQ,,
01t4w00000Nule8AAB,ASADOR CARBON REDONDO,,
01t4w00000NuleAAAR,PLATO HIERRO REJILLA BBQ,,
01t4w00000NuleCAAR,SET ACCESORIOS 4 PIEZAS BBQ,,
01t4w00000NuleEAAR,BANCO TEKA CON ALMACENAJE,,
01t4w00000NuleGAAR,COLUMPIO BALANCIN DOBLE TEKA,,
01t4w00000NuleHAAR,SET COMEDOR TEKA 5 PIEZAS AHORRAESPACIO,,
01t4w00000NuleKAAR,TUMBONA ACACIA CON BANDEJA Y COJIN,,
01t4w00000NuleOAAR,SET BISTRO ACACIA PLEGABLE CON CAJON ZINC,,
01t4w00000NuleQAAR,ESTRUCTURA CAMA,,
01t4w00000NuleSAAR,MESA BURO 1 CAJON,,
01t4w00000NuleUAAR,ARMARIO ROPERO + CAJON,,
01t4w00000NuleWAAR,APARADOR 5 CAJONES,,
01t4w00000NuleYAAR,APARADOR 6 CAJONES,,
01t4w00000NuleZAAR,MESA RESINA 183 CM BLANCA ? 4.5 cm,,G101021T
01t4w00000NuleaAAB,MESA RESINA 183 CM BLANCA,,
01t4w00000NulebAAB,MESA RESINA 183 CM NEGRA ? 4.5 cm,,G101022T
01t4w00000NulecAAB,MESA RESINA 183 CM NEGRA ? 4.5 cm,,
01t4w00000NuledAAB,MESA RESINA 183 CM,,G101023T
01t4w00000NuleeAAB,MESA RESINA 183 CM,,
01t4w00000NulegAAB,MESA PLEGABLE 122cm BLANCA,,
01t4w00000NulekAAB,SILLA RESINA DOBLE BLANCA,,
01t4w00000NulemAAB,SILLA RESINA DOBLE,,
01t4w00000NuleoAAB,SILLA RESINA DOBLE,,
01t4w00000NulepAAB,SET BISTRO ACACIA PLEGABLE,,
01t4w00000NuleqAAB,SET BAR ACACIA 3 PIEZAS,,
01t4w00000NulesAAB,"TV STAND SOBREMESA SOPORTE 27-55""",,
01t4w00000NuleyAAB,GAZEBO CUADRADO CON BARRAS BAR+VISERAS,,
01t4w00000Nulf0AAB,GAZEBO CUADRADO CON BANCOS,,
01t4w00000Nulf2AAB,FUENTE BUDA CON LED,,
01t4w00000Nulf4AAB,SUCULENTA BUDA,,
01t4w00000Nulf6AAB,JARDÍN ZEN BUDA CON ARENA Y ARBOL,,
01t4w00000Nulf8AAB,JARDÍN ZEN BUDA CON ARENA,,
01t4w00000NulfAAAR,SET SILLAS INFANTIL CON SOMBRILLA,,
01t4w00000NulfCAAR,SET SOFAS TEKA 4 PIEZAS CON COJINES,,
01t4w00000NulfEAAR,SET COMEDOR TEKA 5 PIEZAS AHORRAESPACIO,,
01t4w00000NulfGAAR,SET BISTRO ACACIA PLEGABLE CON CAJON ZINC,,
01t4w00000NulfIAAR,SET BISTRO TEKA CON COJINES,,
01t4w00000NulfKAAR,SET BISTRO TEKA CON COJINES,,
01t4w00000NulfMAAR,SALA DE PATIO WICKER,,
01t4w00000NulfOAAR,BARBACOA PORTATIL CON BOLSA NEVERA,,
01t4w00000NulfQAAR,GAZEBO CUADRADO CON BARRAS BAR Y TECHO CON ALAS,,
01t4w00000NulfSAAR,SET SOFAS WICKER 4 PIEZAS,,
01t4w00000NulfUAAR,COLUMPIO BALANCIN DOBLE,,
01t4w00000NulfWAAR,COLUMPIO COLGANTE CON COJIN,,
01t4w00000NulfYAAR,SET 3 MESAS SOPORTE MACETAS REDONDO,,
01t4w00000NulfaAAB,SOPORTE 2 MACETAS REDONDO BICICLETA,,
01t4w00000NulfcAAB,SET BISTRO CERAMICO,,
01t4w00000NulfeAAB,SILLA COMEDOR WICKER,,
01t4w00000NulfgAAB,HAMACA MADERA CON TELA POLIESTER,,
01t4w00000NulfiAAB,GAZEBO CUADRADO CON CORTINAS,,
01t4w00000NulfjAAB,MANOPLA SILICONA BBQ,,
01t4w00000NulfmAAB,SET ACCESORIOS 5 PIEZAS BBQ CON BOLSA,,
01t4w00000NulfoAAB,ASADOR CARBON AHUMADOR CILINDRICO,,
01t4w00000NulfqAAB,GAZEBO PLAYA,,
01t4w00000NulfsAAB,CORTAVIENTOS PLAYA,,
01t4w00000NulfuAAB,GAZEBO PLAYA INCLINADO,,
01t4w00000NulfwAAB,MESA REDONDA AUXILIAR,,
01t4w00000NulfyAAB,MESA CUADRADA AUXILIAR,,
01t4w00000Nulg0AAB,SOMBRILLA JARDIN 8 RIBS,,
01t4w00000Nulg2AAB,SOMBRILLA PLAYA CON BOLSA,,
01t4w00000Nulg4AAB,SOMBRILLA PLAYA,,
01t4w00000Nulg6AAB,SET PICNIC PLEGABLE,,
01t4w00000Nulg8AAB,SET BISTRO METALICO,,
01t4w00000NulgAAAR,SET BISTRO METALICO PLEGABLE CUADRADO,,
01t4w00000NulgCAAR,SALA DE PATIO WICKER 7 PIEZAS CON COJINES,,
01t4w00000NulgEAAR,SILLA INFANTIL CON SOMBRILLA Y BOLSA,,
01t4w00000NulgGAAR,BANCA RESINA PLEGABLE ? 4.5 cm,,
01t4w00000NulgIAAR,MANGUERA EXPANDIBLE 15 MT + 15 MT,,
01t4w00000NulgKAAR,SILLA POLLYWOOD,,
01t4w00000NulgMAAR,DISPLAY PLANTAS 96 PIEZAS,,
01t4w00000NulgOAAR,DISPLAY LAMPARAS 24 PIEZAS,,
01t4w00000NulgQAAR,SET SOFAS WICKER 3 PIEZAS CON COJINES,,
01t4w00000NulgSAAR,SET JARDIN 5 PIEZAS,,
01t4w00000NulgUAAR,SOMBRILLA PLAYA CON BOLSA,,
01t4w00000NulgWAAR,SET BISTRO AHORRA ESPACIO,,
01t4w00000NulgYAAR,MESA JARDIN RECTANGULAR,,
01t4w00000NulgaAAB,(INACTIVO) MESA JARDIN REDONDA BISTRO,,
01t4w00000NulgcAAB,(INACTIVO) CARPA POP UP,,
01t4w00000NulgeAAB,SOMBRILLA PLAYA,,
01t4w00000NulggAAB,SOMBRILLA PLAYA,,
01t4w00000NulgiAAB,CARPA INFANTIL CON MOSQUITERA,,
01t4w00000NulgkAAB,BANCO INFANTIL,,
01t4w00000NulgmAAB,BANCO INFANTIL,,
01t4w00000NulgoAAB,PORTAMANGUERA AUTOENRROLLABLE CON MANGUERA PARED 20 MT,,
01t4w00000NulgqAAB,TUMBONA EUCALIPTO CON COJIN,,
01t4w00000NulgsAAB,SET BISTRO ACACIA PLEGABLE,,
01t4w00000NulguAAB,SOPORTE MANGUERA PARED,,
01t4w00000NulgwAAB,GUIA MANGUERA,,
01t4w00000NulgyAAB,MACETERO DECORATIVO CASITA 2 MACETAS,,
01t4w00000Nulh0AAB,MACETERO DECORATIVO PAJAROS 2 MACETAS,,
01t4w00000Nulh2AAB,MACETERO DECORATIVO CASITA 2 MACETAS,,
01t4w00000Nulh4AAB,GUIA MANGUERA,,
01t4w00000Nulh6AAB,GUIA MANGUERA Y CABLE,,
01t4w00000Nulh8AAB,DUCHA TELESCOPICA CON TRIPODE,,
01t4w00000NulhBAAR,FUMIGADOR 1 LITRO A BATERIA,,
01t4w00000NulhDAAR,REGADERA PLASTICO 1.8 LT,,
01t4w00000NulhEAAR,AIREADOR BBQ,,
01t4w00000NulhFAAR,CAJA AHUMADORA BBQ,,
01t4w00000NulhGAAR,MANOPLA SILICONA BBQ,,
01t4w00000NulhHAAR,PARRILLA GRILL HAMBURGUESA BBQ,,
01t4w00000NulhJAAR,SET MESA + CUATRO SILLAS JARDIN,,
01t4w00000NulhLAAR,GAZEBO POP UP,,
01t4w00000NulhNAAR,SOMBRILLA DE PLAYA,,
01t4w00000NulhPAAR,SOMBRILLA DE PLAYA CON BOLSA,,
01t4w00000NulhRAAR,MESA JARDIN RECTANGULAR,,
01t4w00000NulhTAAR,(INACTIVO) MESA JARDIN REDONDA BISTRO,,
01t4w00000NulhVAAR,SET BALCON AHORRA ESPACIO,,
01t4w00000NulhXAAR,PLATO DE HIERRO BARBACOA,,
01t4w00000NulhZAAR,PLATO DE HIERRO REJILLA BARBACOA,,
01t4w00000NulhbAAB,SET DE ACCESORIOS BBQ,,
01t4w00000NulhdAAB,GAZEBO HEXAGONAL POLIESTER,,
01t4w00000NulhfAAB,GAZEBO INFANTIL,,
01t4w00000NulhhAAB,HAMACA COLGANTE CON COJIN,,
01t4w00000NulhjAAB,COLGADOR DE VIENTO PIÑA,,
01t4w00000NulhmAAB,COLGADOR DE VIENTO MARIPOSA,,
01t4w00000NulhnAAB,COLGADOR DE VIENTO SOL,,
01t4w00000NulhpAAB,COLGADOR DE VIENTO ESPIRAL PAJARO,,
01t4w00000NulhqAAB,COLGADOR DE VIENTO ESPIRAL MARIPOSA,,
01t4w00000NulhtAAB,COLGADOR DE VIENTO PERRO,,
01t4w00000NulhvAAB,COLGADOR DE VIENTO GATO,,
01t4w00000NulhxAAB,MESA RESINA IMITACION MADERA PLEGABLE,,
01t4w00000NulhzAAB,SILLA RESINA IMITACION RATAN,,
01t4w00000Nuli1AAB,MESA PLEGABLE 122cm BLANCA,,
01t4w00000NuliCAAR,BUTACO TALLER PLEGABLE CON RESPALDO,,
01t4w00000NuliDAAR,BUTACO TALLER PLEGABLE,,
01t4w00000NuliEAAR,BUTACO TALLER PLEGABLE,,
01t4w00000NuliFAAR,BUTACO TALLER PLEGABLE,,
01t4w00000NuliGAAR,BUTACO TALLER PLEGABLE,,
01t4w00000NuliHAAR,BUTACO TALLER PLEGABLE,,
01t4w00000NuliIAAR,BUTACO TALLER PLEGABLE,,
01t4w00000NuliJAAR,BUTACO TALLER PLEGABLE,,
01t4w00000NuliKAAR,BUTACO TALLER PLEGABLE,,
01t4w00000NuliLAAR,BUTACO TALLER PLEGABLE,,
01t4w00000NuliNAAR,SILLA RESINA PLEGABLE BASICA,,
01t4w00000NuliPAAR,ESCALERA DOMESTICA 2 NIVELES,,
01t4w00000NuliRAAR,BOTA DIELE.18 VOLT. SBP,,
01t4w00000NuliTAAR,ESCALERA DOMESTICA 2 NIVELES,,
01t4w00000NuliVAAR,ESCALERA DOMESTICA 2 NIVELES,,
01t4w00000NuliXAAR,ESCALERA DOMESTICA 3 NIVELES,,
01t4w00000NuliZAAR,ESCALERA DOMESTICA 3 NIVELES,,
01t4w00000NulibAAB,ESCALERA DOMESTICA 3 NIVELES,,
01t4w00000NulidAAB,ESCALERA DOMESTICA 4 NIVELES,,
01t4w00000NulifAAB,ESCALERA DOMESTICA 4 NIVELES,,
01t4w00000NulihAAB,ESCALERA DOMESTICA 4 NIVELES,,
01t4w00000NulijAAB,GAZEBO CUADRADO CON BARRAS BAR,,
01t4w00000NulilAAB,TUMBONA RELAX,,
01t4w00000NulinAAB,CARPA PISCINA INFANTIL,,
01t4w00000NulipAAB,MESA RESINA IMITACION MADERA PLEGABLE,,
01t4w00000NulirAAB,SET BISTRO RESINA IMITACION MADERA,,
01t4w00000NulitAAB,SOFA CAMA,,
01t4w00000NulivAAB,SILLA COMEDOR PLASTICO APILABLE,,
01t4w00000NulixAAB,MESA LATERAL AUXILIAR,,
01t4w00000NuliyAAB,SET DESAYUNADOR MDF + 2 TABURETES + ALMACENAJE 3 NIVELES,,
01t4w00000Nulj0AAB,MESA AUXILIAR,,
01t4w00000Nulj2AAB,MESA AUXILIAR,,
01t4w00000Nulj4AAB,BANCO BAR BASIC,,
01t4w00000Nulj6AAB,MOCHILA TROLLEY CAPITONE,,
01t4w00000Nulj8AAB,MOCHILA TROLLEY CAPITONE,,
01t4w00000NuljAAAR,MOCHILA TROLLEY CAPITONE,,
01t4w00000NulmBAAR,ESTANTERIA 4 NIVELES,,
01t4w00000NulmFAAR,SILLON RECLINABLE MANUAL TRANSFORMER CON BOCINAS,,
01t4w00000NulmJAAR,SILLA PLEGABLE ECO PP,,
01t4w00000NulmvAAB,MACETERO CERAMICA PANEL,,G209091H
01t4w00000Nuln3AAB,JOYERO SOBREMESA CON ESPEJO + CAJON,,
01t4w00000Nuln5AAB,JOYERO PARED CON ESPEJO Y 5 FOTOS,,
01t4w00000Nuln7AAB,JOYERO PISO CON ESPEJO Y 5 FOTOS,,
01t4w00000NulnBAAR,SET MESAS AUXILIARES 3 PIEZAS,,
01t4w00000NulnEAAR,TV STAND MUEBLE CRISTAL,,
01t4w00000NulnGAAR,TV STAND MUEBLE CRISTAL,,
01t4w00000NulnMAAR,JOYERO SOBREMESA BOLA BLANCO,,
01t4w00000NulnOAAR,JOYERO SOBREMESA CON ESPEJO,,
01t4w00000NulnQAAR,JOYERO PISO CON ESPEJO,,
01t4w00000NulnVAAR,BANCO BAR LUGO,,
01t4w00000NulnWAAR,BANCO BAR LUGO,,
01t4w00000NulnXAAR,BANCO BAR SEVILLA,,
01t4w00000NulnYAAR,SILLA EAMS,,
01t4w00000NulnZAAR,SILLA EAMS,,
01t4w00000NulnaAAB,BANCO BAR ABS,,
01t4w00000NulnbAAB,BANCO BAR ABS,,
01t4w00000NulncAAB,BANCO BAR ABS,,
01t4w00000NulneAAB,BANCO BAR REDONDO NEGRO,,
01t4w00000NulngAAB,BANCO BAR REDONDO,,
01t4w00000NulniAAB,CARRITO ORGANIZADOR COCINA 3 NIVELES,,
01t4w00000NulnkAAB,CARRITO ORGANIZADOR COCINA 3 NIVELES,,
01t4w00000NulnmAAB,MANGUERA EXPANDIBLE 15 MT C/PISTOLA 7 FUNCIONES,,
01t4w00000NulnnAAB,HIDROLIMPIADORA,,G207001C
01t4w00000NulnoAAB,HIDROLIMPIADORA,,
01t4w00000NulnqAAB,CAJONERA 1 NIVEL + ESTANTE,,
01t4w00000NulnsAAB,CAJONERA 4 NIVELES,,
01t4w00000NulntAAB,TRICICLO 2 SOPORTES MACETA,,
01t4w00000NulnuAAB,SET 3 MESAS SOPORTE MACETAS CUADRADO,,
01t4w00000NulnvAAB,BARBACOA REDONDA CON RUEDAS,,
01t4w00000NulnwAAB,ASADOR CARBON PORTATIL,,
01t4w00000NulnxAAB,ASADOR CARBON PORTATIL DESECHABLE 500 GR.,,
01t4w00000NulnyAAB,MANOPLA ALGODON BBQ,,
01t4w00000NulnzAAB,PARRILLA GRILL HAMBURGUESA BBQ,,
01t4w00000Nulo0AAB,PARRILLA GRILL CARNE,,
01t4w00000Nulo1AAB,COLGADOR ACCESORIOS BBQ,,
01t4w00000Nulo2AAB,CAJA AHUMADORA BBQ,,
01t4w00000Nulo3AAB,AIREADOR BBQ,,
01t4w00000Nulo4AAB,PLATO HIERRO BBQ,,
01t4w00000Nulo5AAB,SILLA INFANTIL CON SOMBRILLA Y BOLSA,,
01t4w00000Nulo6AAB,SILLA COMEDOR PLASTICO,,
01t4w00000Nulo7AAB,SILLA COMEDOR PLASTICO,,
01t4w00000Nulo8AAB,SILLON ARINDORAK PLASTICO INFANTIL,,
01t4w00000Nulo9AAB,GAZEBO RECTANGULAR TOLDO AJUSTABLE,,
01t4w00000NuloAAAR,CARPA POLIESTER TIPO JAIMA,,
01t4w00000NuloBAAR,SET INFANTIL 5 PIEZAS PLASTICO,,
01t4w00000NuloCAAR,SET BISTRO WICKER CON COJINES,,
01t4w00000NuloDAAR,SET SOFAS WICKER 4 PIEZAS CON COJIN,,
01t4w00000NuloEAAR,SET DE SOFA MODULAR EXTERIOR,,
01t4w00000NuloFAAR,SET BISTRO CERAMICO,,
01t4w00000NuloGAAR,SET DE SOFA TEKA CON COJINES,,
01t4w00000NuloHAAR,SET COMEDOR TEKA 5 PIEZAS CON COJINES,,
01t4w00000NuloIAAR,MACETERO DECORATIVO CASITA 1 MACETA CON CHIMENEA,,
01t4w00000NuloJAAR,MACETERO DECORATIVO CASITA 3 MACETAS,,
01t4w00000NuloKAAR,FUMIGADOR 5 LITROS CON LANZA,,
01t4w00000NuloLAAR,FUMIGADOR 2 LITROS ERGO,,
01t4w00000NuloMAAR,FUENTE BUDA CON LED,,
01t4w00000NuloOAAR,APARADOR 1 CAJÓN,,
01t4w00000NuloQAAR,SET COMEDOR 5 PIEZAS AHORRAESPACIO WICKER CON COJINES,,
01t4w00000NuloSAAR,SET MESA BAR + 2 TABURETES WICKER CON COJINES,,
01t4w00000NuloUAAR,SET COMEDOR 7 PIEZAS TEKA EXTENSIBLE,,
01t4w00000NuloWAAR,SET BISTRO TEKA CON COJINES,,
01t4w00000NuloYAAR,SET SOFAS TEKA 4 PIEZAS CON COJINES,,
01t4w00000NuloaAAB,SET BISTRO CERAMICO,,
01t4w00000NulocAAB,CARRITO BAÑO 2 NIVELES CON RUEDAS,,
01t4w00000NuloeAAB,TOCADOR CON ESPEJO + TABURETE,,
01t4w00000NulofAAB,MESA RESINA PLEGABLE ? 4 cm,,
01t4w00000NulohAAB,MESA RESINA IMITACION MADERA PLEGABLE,,
01t4w00000NulojAAB,SILLA RESINA IMITACION RATAN,,
01t4w00000NulonAAB,MESA RESINA 183 CM BLANCA ? 4.5 cm,,G101021H
01t4w00000NulooAAB,MESA RESINA 183 CM NEGRA ? 4.5 cm,,G101022H
01t4w00000NulopAAB,MESA RESINA 183 CM,,G101023H
01t4w00000NulotAAB,BANCA RESINA PLEGABLE,,G101026H
01t4w00000NulovAAB,MESA RESINA 183 CM BLANCA,,
01t4w00000NulowAAB,MESA RESINA 183 CM NEGRA ? 4.5 cm,,
01t4w00000NuloxAAB,MESA RESINA 183 CM GRIS,,
01t4w00000NuloyAAB,MESA RESINA PLEGABLE ? 4 cm,,
01t4w00000NulozAAB,MESA RESINA PERSONAL,,
01t4w00000Nulp0AAB,MESA RESINA PERSONAL,,
01t4w00000Nulp1AAB,BANCA RESINA PLEGABLE,,
01t4w00000Nulp2AAB,SILLA RESINA DOBLE,,
01t4w00000Nulp3AAB,SILLA RESINA DOBLE,,
01t4w00000Nulp5AAB,MOCHILA TROLLEY UNICORNIO 2018,,
01t4w00000Nulp6AAB,MOCHILA TROLLEY DINOSARIO 2018,,
01t4w00000NulpBAAR,SILLA RESINA DOBLE BLANCA,,
01t4w00000NulpCAAR,MESA RESINA PERSONAL,,
01t4w00000NulpDAAR,BANCA RESINA PLEGABLE,,
01t4w00000NulpGAAR,TABURETE PLEGABLE BLANCO,,
01t4w00000NulpHAAR,TABURETE PLEGABLE VERDE,,
01t4w00000NulpJAAR,BANCO BAR NEGRO,,
01t4w00000NulpKAAR,SET DE SOFA TEKA CON COJINES,,
01t4w00000NulpLAAR,MESA RESINA 180 CM MADERA,,
01t4w00000NulpQAAR,SET DE 3 MESAS SALON,,
01t4w00000NulpRAAR,GAZEBO CUADRADO CON BANCOS,,
01t4w00000NulpSAAR,GAZEBO CUADRADO CON MOSQUITERA,,
01t4w00000NulpTAAR,COLUMPIO BALANCIN DOBLE CON TOLDO,,
01t4w00000NulpVAAR,(INACTIVO) SOMBRILLA JARDIN 6 RIBS CON LUZ LED INCLINABLE,,
01t4w00000NulpXAAR,SET SILLA DOBLE WICKER CON COJINES,,
01t4w00000NulpZAAR,TUMBONA WICKER,,
01t4w00000NulpbAAB,SET BISTRO WICKER CON COJINES,,
01t4w00000NulpdAAB,SOMBRILLA JARDIN 6 RIBS,,
01t4w00000NulpfAAB,SET BISTRO WICKER CUADRADO CON COJINES,,
01t4w00000NulqQAAR,MESA RESINA PLEGABLE,,
01t4w00000NulqRAAR,SILLA RESINA DOBLE BLANCA,,
01t4w00000NulqSAAR,MANGUERA EXPANDIBLE 15 METROS,,
01t4w00000NulqTAAR,MANGUERA EXPANDIBLE 15 MT C/PISTOLA 7 FUNCIONES,,
01t4w00000NulqUAAR,"MANGUERA EXPANDIBLE 7,5 MT",,
01t4w00000NulqVAAR,MANGUERA EXPANDIBLE 7.5 MT C/PISTOLA 7 FUNCIONES,,
01t4w00000NulqWAAR,BANCO BAR RONDA,,
01t4w00000NulqXAAR,BANCO BAR TOLEDO,,
01t4w00000NulqYAAR,BANCO BAR TOLEDO,,
01t4w00000NulqZAAR,BANCO BAR VIGO,,
01t4w00000NulqaAAB,SILLA PVC NEGRA,,
01t4w00000NulqbAAB,BANCO BAR BURGOS,,
01t4w00000NulqcAAB,BANCO BAR BURGOS,,
01t4w00000NulqdAAB,BANCO BAR ALMERIA,,
01t4w00000NulqeAAB,BANCO BAR BARCELONA,,
01t4w00000NulqfAAB,BANCO BAR ORENSE,,
01t4w00000NulqgAAB,BANCO BAR MALAGA,,
01t4w00000NulqhAAB,BANCO BAR GIJON,,
01t4w00000NulqiAAB,BANCO BAR CADIZ,,
01t4w00000NulqjAAB,BANCO BAR GERONA,,
01t4w00000NulqkAAB,BANCO BAR IBIZA,,
01t4w00000NulqlAAB,BANCO BAR MADRID,,
01t4w00000NulqmAAB,BANCO BAR MARBELLA,,
01t4w00000NulqnAAB,BANCO BAR TRUJILLO,,
01t4w00000NulqoAAB,BANCO BAR VALENCIA,,
01t4w00000NulqpAAB,SILLA PLASTICO EAMS,,
01t4w00000NulqqAAB,SILLA PLASTICO EAMS,,
01t4w00000NulqrAAB,SILLA COMEDOR VINTAGE,,
01t4w00000NulqsAAB,REPISA MAGICA,,
01t4w00000NulqtAAB,REPISA MAGICA,,
01t4w00000NulquAAB,REPISA MAGICA,,
01t4w00000NulqvAAB,REPISA MAGICA,,
01t4w00000NulqwAAB,REPISA MAGICA,,
01t4w00000NulqxAAB,REPISA MAGICA,,
01t4w00000NulqyAAB,REPISA MAGICA,,
01t4w00000NulqzAAB,REPISA MAGICA,,
01t4w00000Nulr0AAB,REPISA MAGICA,,
01t4w00000Nulr1AAB,REPISA MAGICA,,
01t4w00000Nulr2AAB,REPISA MAGICA,,
01t4w00000Nulr3AAB,REPISA MAGICA,,
01t4w00000Nulr4AAB,REPISA MAGICA,,
01t4w00000Nulr5AAB,REPISA MAGICA,,
01t4w00000Nulr6AAB,REPISA MAGICA,,
01t4w00000Nulr7AAB,SET REPISAS MAGICAS 3 PIEZAS CUBOS,,
01t4w00000Nulr8AAB,SET REPISAS MAGICAS 3 PIEZAS HEXAGONALES,,
01t4w00000Nulr9AAB,REPISA MAGICA,,
01t4w00000NulrAAAR,BANCO BAR ORENSE,,
01t4w00000NulrEAAR,SET MESA ESCRITORIO + SILLA,,H103009B
01t4w00000NulrFAAR,SET MESA ESCRITORIO + SILLA,,H103010B
01t4w00000NulrHAAR,PERCHERO METALICO,,H304034B
01t4w00000NulrIAAR,SET MESA ESCRITORIO + SILLA,,
01t4w00000NulrJAAR,SET MESA ESCRITORIO + SILLA,,
01t4w00000NulrKAAR,BANDEJA LAPTOP,,
01t4w00000NulrLAAR,BANDEJA LAPTOP,,
01t4w00000NulrMAAR,TABURETE CON RESPALDO,,
01t4w00000NulrNAAR,PERCHERO METALICO,,
01t4w00000NulrOAAR,MANGUERA EXPANDIBLE 15 METROS,,
01t4w00000NulrPAAR,CAJA FUERTE DIGITAL,,
01t4w00000NulrRAAR,MACETA AUTORIEGO REDONDA,,
01t4w00000NulrSAAR,SILLA RESINA PLEGABLE BASICA,,
01t4w00000NulrUAAR,MESA RESINA IMITACION MADERA CUADRADA,,
01t4w00000NulrXAAR,CARPA POLIESTER,,
01t4w00000NulrZAAR,CARPA POLIESTER,,
01t4w00000NulrbAAB,CARPA POLIESTER,,
01t4w00000NulrdAAB,CARPA POLIESTER,,
01t4w00000NulriAAB,SOMBRILLA PLAYA,,
01t4w00000NulrkAAB,COLGADOR DE VIENTO GEOMETRICO,,
01t4w00000NulroAAB,SET MACETEROS CERAMICOS 2 PIEZAS,,
01t4w00000NulrpAAB,MACETERO CERAMICA FLORES,,
01t4w00000NulrqAAB,MACETERO CERAMICA RAYAS,,
01t4w00000NulrrAAB,BASE MADERA PLANTA REDONDA,,
01t4w00000NulrsAAB,BASE MADERA PLANTA CUADRADA,,
01t4w00000NulrtAAB,BASE MADERA PLANTA REDONDA,,
01t4w00000NulruAAB,BASE MADERA PLANTA CUADRADA,,
01t4w00000NulrwAAB,MACETA AUTORIEGO REDONDA,,
01t4w00000NulrxAAB,CARRO JARDIN PLEGABLE,,
01t4w00000NulryAAB,BANCA INFANTIL TRANSFORMER,,
01t4w00000NulrzAAB,SILLA RESINA IMITACION MADERA,,
01t4w00000Nuls0AAB,MESA RESINA IMITACION MADERA PLEGABLE,,
01t4w00000Nuls1AAB,COLGADOR DE VIENTO PETALOS,,
01t4w00000Nuls2AAB,COLGADOR DE VIENTO ESTRELLA,,
01t4w00000Nuls3AAB,COLGADOR DE VIENTO MEDIA LUNA,,
01t4w00000Nuls4AAB,SUCULENTA PLANTA GRANDE,,
01t4w00000Nuls5AAB,SUCULENTA PLANTA PEQUEÑA,,
01t4w00000Nuls6AAB,GAZEBO CIRCULAR CON CORTINAS,,
01t4w00000Nuls7AAB,COLUMPIO HAMACA CAMA CON MOSQUITERA,,
01t4w00000Nuls8AAB,ASADOR CARBON REDONDO,,
01t4w00000Nuls9AAB,ASADOR CARBON REDONDO CON MESA LATERAL,,
01t4w00000NulsBAAR,MACETERO DECORATIVO CASITA 2 MACETAS,,
01t4w00000NulsPAAR,BOTA DIELE.18 VOLT. SBP,,
01t4w00000NulsQAAR,BOTA DIELE.18 VOLT. SBP,,
01t4w00000NulsRAAR,BOTA DIELE.18 VOLT. SBP,,
01t4w00000NulsSAAR,BOTA DIELE.18 VOLT. SBP,,
01t4w00000NulsTAAR,BOTA DIELE.18 VOLT. SBP,,
01t4w00000NulsUAAR,BOTA DIELE.18 VOLT. SBP,,
01t4w00000NulsVAAR,BOTA DIELE.18 VOLT. SBP,,
01t4w00000NulsWAAR,BOTA DIELE.18 VOLT. SBP,,
01t4w00000NulsXAAR,BOTA BUFALO S3 NAKE,,
01t4w00000NulsYAAR,BOTA BUFALO S3 NAKE,,
01t4w00000NulsZAAR,BOTA BUFALO S3 NAKE,,
01t4w00000NulsaAAB,BOTA BUFALO S3 NAKE,,
01t4w00000NulsbAAB,BOTA BUFALO S3 NAKE,,
01t4w00000NulscAAB,HIDROLIMPIADORA 1600W,,G207010J
01t4w00000NulsdAAB,HIDROLIMPIADORA 1600W,,
01t4w00000NulseAAB,MESA RESINA 183 CM BLANCA ? 4.5 cm,,G101021A
01t4w00000NulsfAAB,MESA RESINA 183 CM BLANCA ? 4.5 cm,,
01t4w00000NulshAAB,SET COMEDOR VIDRIO + 4 SILLAS,,
01t4w00000NulsjAAB,SET COMEDOR MDF + 4 TABURETES,,
01t4w00000NulslAAB,ESTANTERIA 4 NIVELES EN ESQUINA,,
01t4w00000NulsnAAB,ESTANTERIA 2 NIVELES,,
01t4w00000NulspAAB,(INACTIVO) ESTANTERIA 3 NIVELES,,
01t4w00000NulsrAAB,ESTANTERIA 4 NIVELES,,
01t4w00000NulstAAB,CARRITO ORGANIZADOR COCINA 2 NIVELES,,
01t4w00000NulsvAAB,CARRITO AUXILIAR 3 NIVELES,,
01t4w00000NulsxAAB,ESTACIÓN CARGA BAMBÚ,,
01t4w00000NulszAAB,SILLA ORDENADOR MESH,,
01t4w00000Nult1AAB,MESA ESCRITORIO,,
01t4w00000Nult3AAB,SET MESA ESCRITORIO + SILLA + ESTANTERIA 4 NIVELES,,
01t4w00000Nult5AAB,JOYERO NECESER,,
01t4w00000Nult7AAB,ORGANIZADOR ZAPATOS 3 NIVELES,,
01t4w00000Nult9AAB,CARRITO BAÑO 3 NIVELES CON RUEDAS,,
01t4w00000NultBAAR,CAJONERA 2 NIVELES + ESTANTE,,
01t4w00000NultDAAR,MESA AUXILIAR,,
01t4w00000NultFAAR,SOFA CAMA,,
01t4w00000NultHAAR,SOPORTE TV,,
01t4w00000NultJAAR,TV STAND MUEBLE,,
01t4w00000NultLAAR,JOYERO CAJA,,
01t4w00000NultNAAR,SET MESA TIPO LEGO + SILLA INFANTIL,,
01t4w00000NultPAAR,BAÚL JUGUETES INFANTIL,,
01t4w00000NultRAAR,ESTANTERIA ZAPATOS INFANTIL,,
01t4w00000NultTAAR,PUF INFANTIL HIPOPÓTAMO,,
01t4w00000NultVAAR,PUF INFANTIL CONEJO,,
01t4w00000NultXAAR,SET MESAS AUXILIARES 2 PIEZAS,,
01t4w00000NultZAAR,ORGANIZADOR ESCRITORIO BAMBÚ,,
01t4w00000NultbAAB,ORGANIZADOR ESCRITORIO BAMBÚ,,
01t4w00000NulteAAB,SOFA CAMA,,
01t4w00000NultgAAB,GAZEBO HEXAGONAL POLIESTER,,
01t4w00000NultiAAB,SET COMEDOR PVC + 4 SILLAS ACOLCHADAS,,
01t4w00000NultkAAB,SOFA CAMA,,
01t4w00000NultmAAB,SOFA CAMA,,
01t4w00000NultqAAB,SET MESA TIPO LEGO + SILLA INFANTIL,,
01t4w00000NultrAAB,BAÚL JUGUETES INFANTIL,,
01t4w00000NultsAAB,ESPEJO CIRCULAR PIE + 2 BANDEJAS,,
01t4w00000NulttAAB,ESTANTERIA ZAPATOS INFANTIL,,
01t4w00000NultvAAB,MOCHILA TROLLEY DINOSARIO 2019,,
01t4w00000NultxAAB,MOCHILA TROLLEY SIRENA 2019,,
01t4w00000NultzAAB,MOCHILA TROLLEY UNICORNIO 2018,,
01t4w00000Nulu0AAB,SILLA RESINA PLEGABLE BASICA,,
01t4w00000Nulu1AAB,SILLA PVC,,
01t4w00000Nulu3AAB,TABURETE CON RESPALDO,,
01t4w00000Nulu4AAB,TABURETE CON RESPALDO,,
01t4w00000Nulu6AAB,TABURETE CON RESPALDO,,
01t4w00000Nulu8AAB,TABURETE PLEGABLE BLANCO,,
01t4w00000NuluAAAR,TABURETE PLEGABLE,,
01t4w00000NuluCAAR,TABURETE APILABLE,,
01t4w00000NuluEAAR,TABURETE APILABLE,,
01t4w00000NuluGAAR,TABURETE APILABLE,,
01t4w00000NuluIAAR,SILLA COMEDOR TELA,,
01t4w00000NuluJAAR,SET COMEDOR MDF + 4 SILLAS,,
01t4w00000NuluKAAR,SOMBRILLA JARDIN 8 RIBS,,
01t4w00000NuluLAAR,SOMBRILLA JARDIN LATERAL CON BASE EN CRUZ+LUZ LED,,
01t4w00000NuluMAAR,SOMBRILLA JARDIN LATERAL CON BASE EN CRUZ+LAMPARA CENTRAL LED,,
01t4w00000NuluNAAR,SOMBRILLA JARDÍN LATERAL CON BASE EN CRUZ,,
01t4w00000NuluOAAR,SOMBRILLA JARDIN LATERAL CON LUZ LED+PANEL SOLAR,,
01t4w00000NuluPAAR,SOMBRILLA JARDIN LATERAL CON BASE EN CRUZ,,
01t4w00000NuluQAAR,(INACTIVO) SOMBRILLA JARDIN 8 RIBS,,
01t4w00000NuluRAAR,SOMBRILLA JARDIN 8 RIBS INCLINABLES,,
01t4w00000NuluSAAR,SET COMEDOR MDF + 2 SILLAS + BANCO,,
01t4w00000NuluTAAR,SOMBRILLA JARDIN 8 RIBS CON LUZ LED+PANEL SOLAR,,
01t4w00000NuluUAAR,FUENTE ACABADO PIEDRA,,
01t4w00000NuluVAAR,SET COMEDOR MDF + 4 SILLAS,,
01t4w00000NuluWAAR,SOMBRILLA JARDIN 24 RIBS,,
01t4w00000NuluXAAR,FUENTE ACABADO PIEDRA,,
01t4w00000NuluYAAR,SET COMEDOR MDF + 4 SILLAS,,
01t4w00000NuluZAAR,SOMBRILLA JARDIN LATERAL CON LUZ LED+PANEL SOLAR,,
01t4w00000NuluaAAB,SET COMEDOR MDF + 4 SILLAS,,
01t4w00000NulubAAB,FUENTE ACABADO PIEDRA,,
01t4w00000NulucAAB,FUENTE ACABADO PIEDRA,,
01t4w00000NuludAAB,FUENTE ACABADO PIEDRA,,
01t4w00000NulueAAB,FUENTE CON ACABADO DE PIEDRA,,
01t4w00000NulufAAB,FUENTE ACABADO PIEDRA,,
01t4w00000NulugAAB,FUENTE ACABADO PIEDRA,,
01t4w00000NuluhAAB,SET COMEDOR MDF + 4 SILLAS,,
01t4w00000NuluiAAB,SET COMEDOR BAR MDF + 4 TABURETES,,
01t4w00000NulujAAB,FUENTE ACABADO PIEDRA,,
01t4w00000NulukAAB,FUENTE ACABADO PIEDRA,,
01t4w00000NululAAB,SET COMEDOR MDF + 4 SILLAS,,
01t4w00000NulumAAB,SET COMEDOR MDF + 6 SILLAS,,
01t4w00000NulunAAB,SET COMEDOR MDF + 4 SILLAS,,
01t4w00000NuluoAAB,FUENTE ACABADO PIEDRA,,
01t4w00000NulupAAB,SET COMEDOR MDF + 4 SILLAS,,
01t4w00000NuluqAAB,SET COMEDOR CRISTAL + 4 SILLAS,,
01t4w00000NulurAAB,SET COMEDOR BAR MDF + 4 TABURETES,,
01t4w00000NulusAAB,SET COMEDOR CRISTAL + 4 TABURETES AHORRAESPACIO,,
01t4w00000NulutAAB,FUENTE ACABADO PIEDRA,,
01t4w00000NuluuAAB,SET COMEDOR CRISTAL + 6 SILLAS,,
01t4w00000NuluvAAB,SET COMEDOR MDF + 6 SILLAS,,
01t4w00000NuluwAAB,SET COMEDOR CRISTAL + 4 SILLAS,,
01t4w00000NuluxAAB,SET COMEDOR MDF + 4 SILLAS,,
01t4w00000NuluyAAB,SET COMEDOR MDF + 4 TABURETES,,
01t4w00000NuluzAAB,SET COMEDOR CRISTAL + 4 SILLAS,,
01t4w00000Nulv0AAB,SET COMEDOR MDF + 4 TABURETES,,
01t4w00000Nulv1AAB,SET COMEDOR MDF + 2 SILLAS + BANCO,,
01t4w00000Nulv2AAB,SET COMEDOR MDF + 4 SILLAS,,
01t4w00000Nulv3AAB,SET COMEDOR BAR MDF + 2 SILLAS,,
01t4w00000Nulv4AAB,SET MESA MDF + 2 SILLAS,,
01t4w00000Nulv5AAB,MESA AUXILIAR,,
01t4w00000Nulv6AAB,SET DESAYUNADOR MDF + 2 BANCOS,,
01t4w00000Nulv7AAB,SET COMEDOR MDF + 2 SILLAS AHORRAESPACIO,,
01t4w00000Nulv8AAB,SET MESA MDF + 2 TABURETES,,
01t4w00000Nulv9AAB,CENTRO ENTRETENIMIENTO 2 CAJONES,,
01t4w00000NulvAAAR,MESA ESCRITORIO + LIBRERO 3 NIVELES,,
01t4w00000NulvBAAR,SET DESAYUNADOR MDF + 2 BANCOS + ALMACENAJE,,
01t4w00000NulvCAAR,MESA AUXILIAR,,
01t4w00000NulvDAAR,SET MESA MDF + 2 SILLAS,,
01t4w00000NulvEAAR,SET MESA MDF + 2 TABURETES,,
01t4w00000NulvFAAR,SILLA COMEDOR TELA,,
01t4w00000NulvGAAR,LITERA SOFA,,
01t4w00000NulvHAAR,LITERA INFANTIL,,
01t4w00000NulvIAAR,SILLA COMEDOR TELA,,
01t4w00000NulvJAAR,SILLA COMEDOR TELA,,
01t4w00000NulvKAAR,SILLA COMEDOR TELA,,
01t4w00000NulvLAAR,LITERA ESCRITORIO,,
01t4w00000NulvMAAR,MASCARILLA AUTOFILTRANTE FFP2/KN95,,
01t4w00000NulvPAAR,MASCARILLA DESECHABLE 3 CAPAS,,
01t4w00000NulvQAAR,SUCULENTA BUHO,,
01t4w00000NulvSAAR,SUCULENTA TORTUGA,,
01t4w00000NulvUAAR,SUCULENTA DISEÑO,,
01t4w00000NulvWAAR,SUCULENTA LOVE,,
01t4w00000NulvYAAR,SUCULENTA GATO,,
01t4w00000NulvZAAR,SUCULENTA HOME,,
01t4w00000NulvcAAB,MESA RESINA PERSONAL,,
01t4w00000NulveAAB,SET BISTRO TEKA CON TEXTILENO,,
01t4w00000NulvgAAB,SET BISTRO CERAMICO,,
01t4w00000NulviAAB,SET SOFAS RATAN CON COJINES,,
01t4w00000NulvlAAB,SET SOFAS TIPO CUERDA,,
01t4w00000NulvmAAB,SET BISTRO TIPO CUERDA,,
01t4w00000NulvnAAB,SET SOFAS RATAN CON COJINES,,
01t4w00000NulvqAAB,SET MESA COMEDOR RECTANGULAR + 6 SILLAS TIPO CUERDA,,
01t4w00000NulvrAAB,SET SOFA EN ESQUINA CON COJIN,,
01t4w00000NulvsAAB,SET SOFA EN ESQUINA CON COJIN,,G104146R
01t4w00000NulvuAAB,SET BISTRO ALUMINIO+WICKER CON COJINES,,
01t4w00000NulvvAAB,SET JARDIN 5 PIEZAS,,
01t4w00000NulvwAAB,SET JARDIN 5 PIEZAS,,
01t4w00000Nulw0AAB,COLUMPIO BALANCIN INDIVDUAL,,
01t4w00000Nulw3AAB,COLUMPIO BALANCIN DOBLE,,
01t4w00000Nulw4AAB,SET SOFA EN ESQUINA + MESA,,
01t4w00000Nulw7AAB,SET 2 BUTACAS CON 2 PUFF Y MESA,,
01t4w00000Nulw8AAB,SET JARDIN 5 PIEZAS CON COJINES,,
01t4w00000Nulw9AAB,SET BISTRO TEXTILENO CON COJINES,,
01t4w00000NulwCAAR,SET BISTRO ALUMINIO+WICKER CON COJINES,,
01t4w00000NulwEAAR,MESA COMEDOR RECTANGULAR CRISTAL,,
01t4w00000NulwFAAR,SILLA COMEDOR PU,,
01t4w00000NulwHAAR,MESA COMEDOR RECTANGULAR CRISTAL,,
01t4w00000NulwJAAR,SILLA TELA COMEDOR,,
01t4w00000NulwLAAR,ESTANTERIA 5 NIVELES,,
01t4w00000NulwNAAR,MESA ESCRITORIO,,
01t4w00000NulwOAAR,SET COMEDOR MDF + 4 SILLAS,,
01t4w00000NulwRAAR,SET COMEDOR MDF + 4 SILLAS,,
01t4w00000NulwTAAR,SET COMEDOR MDF + 4 TABURETES,,
01t4w00000NulwVAAR,SET COMEDOR MDF + 2 SILLAS AHORRAESPACIO,,
01t4w00000NulwXAAR,CARRITO AUXILIAR 3 NIVELES,,
01t4w00000NulwYAAR,CARRITO AUXILIAR 3 NIVELES,,
01t4w00000NulwZAAR,CARRITO ORGANIZADOR COCINA 3 NIVELES CON ALAS,,
01t4w00000NulwbAAB,APARADOR 2 PUERTAS,,
01t4w00000NulwdAAB,APARADOR COCINA,,
01t4w00000NulwfAAB,CARRITO ISLA COCINA,,
01t4w00000NulwiAAB,JOYERO PISO CON ESPEJO,,
01t4w00000NulwjAAB,SET MESAS AUXILIARES 2 PIEZAS,,
01t4w00000NulwnAAB,MESA COMEDOR CUADRADA PATAS MADERA,,
01t4w00000NulwpAAB,MESA COMEDOR REDONDA PATAS MADERA,,
01t4w00000NulwsAAB,CESTO LAVANDERIA,,
01t4w00000NulwuAAB,CAJONERA 4 NIVELES,,
01t4w00000NulwvAAB,ESTANTERIA LAVANDERIA 4 NIVELES,,
01t4w00000NulwxAAB,CARRITO ORGANIZADOR COCINA Y BOTELLERO,,
01t4w00000NulwyAAB,BANDEJA LAPTOP,,
01t4w00000NulwzAAB,MESA PLEGABLE MADERA,,
01t4w00000Nulx1AAB,ORGANIZADOR ZAPATOS 3 NIVELES,,
01t4w00000Nulx3AAB,BANDEJA LAPTOP BAMBÚ,,
01t4w00000Nulx7AAB,ESPEJO BAMBU RECTANGULAR CON 2 BANDEJAS,,
01t4w00000Nulx8AAB,HAMACA COLGANTE CON COJIN,,
01t4w00000Nulx9AAB,HAMACA COLGANTE CON COJIN,,
01t4w00000NulxBAAR,SET COMEDOR MDF + 4 SILLAS PLEGABLES,,
01t4w00000NulxDAAR,SILLA EAMS BLANCO,,
01t4w00000NulxEAAR,SILLA EAMS BLANCO,,
01t4w00000NulxGAAR,SILLA PLASTICO EAMS,,
01t4w00000NulxIAAR,SILLA EAMS GRIS,,
01t4w00000NulxJAAR,SILLA EAMS GRIS,,
01t4w00000NulxLAAR,SET COMEDOR MDF + 4 SILLAS,,
01t4w00000NulxNAAR,SET COMEDOR MDF + 2 SILLAS AHORRAESPACIO,,
01t4w00000NulxPAAR,MESA AUXILIAR,,
01t4w00000NulxRAAR,MESA AUXILIAR,,
01t4w00000NulxTAAR,SOFA CAMA,,
01t4w00000NulxVAAR,SILLA ORDENADOR,,
01t4w00000NulxWAAR,SILLA ORDENADOR MESH,,
01t4w00000NulxZAAR,MESA ESCRITORIO + LIBRERO 4 NIVELES,,
01t4w00000NulxbAAB,ESTANTERIA BAÑO 4 NIVELES,,
01t4w00000NulxeAAB,ESTANTERIA BAÑO 3 NIVELES,,
01t4w00000NulxfAAB,ESTANTERIA BAÑO 3 NIVELES,,
01t4w00000NulxhAAB,CARRITO ORGANIZADOR COCINA 3 NIVELES,,
01t4w00000NulxjAAB,CARRITO ORGANIZADOR COCINA 3 NIVELES,,
01t4w00000NulxlAAB,BANCA ZAPATERA 1 NIVEL,,
01t4w00000NulxnAAB,CARRITO ORGANIZADOR COCINA 3 NIVELES CON ALAS,,
01t4w00000NulxoAAB,BANCA ZAPATERA 2 NIVELES,,
01t4w00000NulxrAAB,ESTANTERIA BAÑO ESQUINERA 3 NIVELES,,
01t4w00000NulxtAAB,BANDEJA LAPTOP,,
01t4w00000NulxvAAB,PELDAÑO INFANTIL,,
01t4w00000NulxxAAB,PELDAÑO INFANTIL,,
01t4w00000NulxzAAB,SET MESA + SILLAS CRAYON INFANTIL,,
01t4w00000Nuly1AAB,SET MESA + SILLAS CRAYON INFANTIL,,
01t4w00000Nuly4AAB,ESTANTERIA CRAYON INFANTIL,,
01t4w00000Nuly6AAB,ESTANTERIA CRAYON INFANTIL,,
01t4w00000Nuly7AAB,PIZARRA INFANTIL,,
01t4w00000Nuly9AAB,PIZARRA INFANTIL,,
01t4w00000NulyBAAR,MESA BURO 2 CAJONES,,
01t4w00000NulyDAAR,APARADOR 4 CAJONES,,
01t4w00000NulyEAAR,ESTANTERIA BAÑO WC 1 NIVEL+ARMARIO,,
01t4w00000NulyGAAR,CAJONERA 3 NIVELES,,
01t4w00000NulyJAAR,CENTRO ENTRETENIMIENTO 2 CAJONES,,
01t4w00000NulyMAAR,CARRITO ISLA COCINA,,
01t4w00000NulyOAAR,MUEBLE DE TELEVISION 3 CESTOS,,H304040T
01t4w00000NulyPAAR,CENTRO ENTRETENIMIENTO 3 CAJONES,,
01t4w00000NulyQAAR,APARADOR 5 CAJONES,,
01t4w00000NulyTAAR,BANCA ZAPATERA INDIVIDUAL,,
01t4w00000NulyVAAR,CARRO LAVANDERIA 2 NIVELES CON RUEDAS,,
01t4w00000NulyWAAR,TOALLERO BAÑO 3 BRAZOS,,
01t4w00000NulyXAAR,CARRITO BAÑO 4 NIVELES CON RUEDAS,,
01t4w00000NulyYAAR,CENTRO ENTRETENIMIENTO 2 CAJONES,,
01t4w00000NulybAAB,MESA AUXILIAR,,
01t4w00000NulyeAAB,CENTRO ENTRETENIMIENTO 2 CAJONES,,
01t4w00000NulygAAB,APARADOR 2 PUERTAS + 1 CAJON,,
01t4w00000NulyiAAB,REGADERA 1.8 LITROS,,
01t4w00000NulykAAB,ORGANIZADOR ESCRITORIO 1 CAJON BAMBÚ,,
01t4w00000NulymAAB,ORGANIZADOR ESCRITORIO EXTENSIBLE BAMBÚ,,
01t4w00000NulyoAAB,SILLA EAMS BLANCO,,
01t4w00000NulyqAAB,SILLA EAMS GRIS,,
01t4w00000NulysAAB,MESA RESINA PLEGABLE - ? 4 cm,,
01t4w00000NulyuAAB,PELUCHE BEBÉ SENSORIAL,,
01t4w00000NulyvAAB,MUÑECO BEBÉ SENSORIAL,,
01t4w00000NulyxAAB,MUÑECO BEBÉ SENSORIAL,,
01t4w00000Nulz1AAB,PELUCHE BEBÉ SENSORIAL,,
01t4w00000Nulz2AAB,PELUCHE BEBÉ SENSORIAL LÁMPARA,,
01t4w00000Nulz3AAB,SONAJERO SENSORIAL,,
01t4w00000Nulz5AAB,SONAJERO SENSORIAL,,
01t4w00000Nulz6AAB,PELUCHE BEBÉ SENSORIAL,,
01t4w00000Nulz7AAB,MUÑECO BEBÉ SENSORIAL,,
01t4w00000NulzAAAR,SONAJERO SENSORIAL,,
01t4w00000NulzEAAR,PELUCHE BEBÉ SENSORIAL,,
01t4w00000NulzFAAR,PELUCHE BEBÉ SENSORIAL PROYECTOR,,
01t4w00000NulzIAAR,MUÑECO BEBÉ SENSORIAL RISA,,
01t4w00000NulzJAAR,PELUCHE BEBÉ SENSORIAL PROYECTOR,,
01t4w00000NulzLAAR,PELUCHE BEBÉ SENSORIAL,,
01t4w00000NulzOAAR,PELUCHE BEBÉ SENSORIAL PROYECTOR,,
01t4w00000NulzRAAR,BOLSA ORGANO SENSORIAL,,
01t4w00000NulzSAAR,CORREPASILLOS CAMIÓN MADERA,,
01t4w00000NulzTAAR,APILABLE ARCOIRIS,,
01t4w00000NulzXAAR,JUEGO DE BANCO CON MARTILLO,,
01t4w00000NulzZAAR,ANDADOR ACTIVIDADES,,
01t4w00000NulzcAAB,SET INSTRUMENTOS MUSICALES,,
01t4w00000NulzdAAB,CENTRO DE MUSICA,,
01t4w00000NulzeAAB,ARRASTE ALPACA,,
01t4w00000NulzgAAB,VAIVEN ALPACA,,
01t4w00000NulziAAB,ORUGA DIDÁCTICA,,
01t4w00000NulzjAAB,PERRO CON HUESO DIDÁCTICO,,
01t4w00000NulzlAAB,HIPO PIANO DIDÁCTICO,,
01t4w00000NulzmAAB,VASO ANIMAL GIRATORIO,,
01t4w00000NulzpAAB,PULPO DIDÁCTICO,,
01t4w00000NulzrAAB,ARDILLA DIDÁCTICA,,
01t4w00000NulztAAB,CERDITO DIDÁCTICO,,
01t4w00000NulzwAAB,DINOSAURIO DIDÁCTICO,,
01t4w00000NulzyAAB,MOVIL CUNA MUSICAL,,
01t4w00000Num1CAAR,MOVIL CUNA MUSICAL,,
01t4w00000Num1DAAR,MUÑECO SENSORIAL CUNA,,
01t4w00000Num1EAAR,MUÑECO SENSORIAL CUNA,,
01t4w00000Num1FAAR,GIMNASIO SENSORIAL,,
01t4w00000Num1GAAR,MUÑECO SENSORIAL,,
01t4w00000Num1HAAR,MUÑECO SENSORIAL MORDEDOR,,
01t4w00000Num1IAAR,SOFA BEBÉ,,
01t4w00000Num1JAAR,MUÑECO SENSORIAL CUNA,,
01t4w00000Num1KAAR,MUÑECO SENSORIAL MORDEDOR,,
01t4w00000Num1LAAR,MUÑECO SENSORIAL,,
01t4w00000Num1MAAR,MUÑECO SENSORIAL CUNA,,
01t4w00000Num1NAAR,MUÑECO SENSORIAL CUNA,,
01t4w00000Num1OAAR,MUÑECO SENSORIAL CUNA,,
01t4w00000Num1PAAR,MUÑECO SENSORIAL ESPEJO,,
01t4w00000Num1QAAR,MUÑECO SENSORIAL ESPEJO,,
01t4w00000Num1RAAR,MUÑECO SENSORIAL ESPIRAL,,
01t4w00000Num1SAAR,CASITA SENSORIAL 4 ANIMALES,,
01t4w00000Num2lAAB,SET JARDIN 5 PIEZAS,,
01t4w00000Num35AAB,MOVIL CUNA,,
01t4w00000Num36AAB,MUÑECO SENSORIAL MORDEDOR,,
01t4w00000Num37AAB,JUEGO SENSORIAL 4 PIEZAS,,
01t4w00000Num38AAB,MUÑECO SENSORIAL MORDEDOR,,
01t4w00000Num39AAB,SONAJA,,
01t4w00000Num3AAAR,LIBRO SENSORIAL,,
01t4w00000Num3BAAR,MUÑECO SENSORIAL CUNA,,
01t4w00000Num3CAAR,MUÑECO SENSORIAL CUNA,,
01t4w00000Num3DAAR,MUÑECO SENSORIAL CUNA,,
01t4w00000Num3EAAR,JUEGO SENSORIAL,,
01t4w00000Num3FAAR,MUÑECO MUSICAL,,
01t4w00000Num3GAAR,PELUCHE DOU SENSORIAL,,
01t4w00000Num3HAAR,MUÑECO SENSORIAL,,
01t4w00000Num3IAAR,PELUCHE DOU DOU MORDEDOR,,
01t4w00000Num3JAAR,MUÑECO SENSORIAL CUNA,,
01t4w00000Num3KAAR,MUÑECO SENSORIAL,,
01t4w00000Num3LAAR,PELOTA SENSORIAL,,
01t4w00000Num3MAAR,PROTECTOR CUNA SENSORIAL,,
01t4w00000Num3NAAR,MUÑECO SENSORIAL CUNA,,
01t4w00000Num3OAAR,MUÑECO SENSORIAL CUNA,,
01t4w00000Num3PAAR,JUEGO SENSORIAL,,
01t4w00000Num3QAAR,PELUCHE SENSORIAL,,
01t4w00000Num3RAAR,MOVIL SILLA PASEO,,
01t4w00000Num3SAAR,JUEGO SENSORIAL,,
01t4w00000Num3TAAR,PELUCHE SENSORIAL,,
01t4w00000Num3UAAR,JUEGO SENSORIAL,,
01t4w00000Num3VAAR,PUZZLE SENSORIAL,,
01t4w00000Num3WAAR,PELUCHE SENSORIAL,,
01t4w00000Num3XAAR,TAMBOR DINÁMICO,,
01t4w00000Num3YAAR,ALFOMBRA JUEGO SENSORIAL,,
01t4w00000Num3ZAAR,COLUMPIO ACTIVIDADES,,
01t4w00000Num3aAAB,MESA ACTIVIDADES LIBRO,,
01t4w00000Num3bAAB,JUEGO SENSORIAL,,
01t4w00000Num3cAAB,GIMNASIO SENSORIAL,,
01t4w00000Num3dAAB,GIMNASIO SENSORIAL,,
01t4w00000Num3eAAB,CASA MASCOTA,,
01t4w00000Num3fAAB,GIMANSIO PIANO,,
01t4w00000Num3gAAB,XILÓFONO ELECTRÓNICO,,
01t4w00000Num3hAAB,SET SONAJEROS,,
01t4w00000Num3iAAB,GIMNASIO SENSORIAL,,
01t4w00000Num3jAAB,MOVIL MUSICAL,,
01t4w00000Num3kAAB,MORDEDOR PATO,,
01t4w00000Num3lAAB,GIMNASIO PIANO,,
01t4w00000Num3mAAB,MESA ACTIVIDADES,,
01t4w00000Num3nAAB,SET BLOQUES SENSORIALES,,
01t4w00000Num3oAAB,SET BOLAS SENSORIALES,,
01t4w00000Num3pAAB,GIMANSIO PIANO,,
01t4w00000Num3qAAB,ANDADOR ACTIVIDADES CARRO,,
01t4w00000Num3rAAB,CUBO ACTIVIDADES TAPETE,,
01t4w00000Num3sAAB,CUBO ACTIVIDADES BÁSICO,,
01t4w00000Num3tAAB,MORDEDOR MONO,,
01t4w00000Num3uAAB,SET CUBOS APILABLES,,
01t4w00000Num3vAAB,JUGUETE CUNA,,
01t4w00000Num3wAAB,PIZARRA MÁGICA,,
01t4w00000Num3xAAB,SET SONAJERO,,
01t4w00000Num3yAAB,SONAJA,,
01t4w00000Num3zAAB,PIANO ACTIVIDADES,,
01t4w00000Num40AAB,SET MORDEDOR SENSORIAL,,
01t4w00000Num41AAB,COCHE MORDEDOR,,
01t4w00000Num42AAB,SONAJERO,,
01t4w00000Num43AAB,PIANO ARCOIRIS,,
01t4w00000Num44AAB,GUSANO,,
01t4w00000Num45AAB,PIZARRA MÁGICA ANIMALITOS,,
01t4w00000Num46AAB,VEHÍCULO CONSTRUCCIÓN MUSICAL,,
01t4w00000Num47AAB,RATÓN XILÓFONO,,
01t4w00000Num48AAB,TAMBOR,,
01t4w00000Num49AAB,TAMBOR LUZ,,
01t4w00000Num4AAAR,SET RAQUETAS RANA,,
01t4w00000Num4BAAR,COCHE,,
01t4w00000Num4CAAR,SET BLOQUES,,
01t4w00000Num4DAAR,SET  4 COCHES,,
01t4w00000Num4EAAR,CUBO ACTIVIDADES ANIMALITOS,,
01t4w00000Num4FAAR,ANIMALITO COCHE DE ACTIVIDADES,,
01t4w00000Num4GAAR,XILÓFONO,,
01t4w00000Num5cAAB,APARADOR 2 CAJONES,,
01t4w00000Num5fAAB,CENTRO ENTRETENIMIENTO 2 CAJONES,,
01t4w00000Num64AAB,SILLA GAMING,,
01t4w00000Num66AAB,MESA ESCRITORIO GAMING,,
01t4w00000Num69AAB,SILLA GAMING,,
01t4w00000Num6AAAR,SILLA ORDENADOR GAMING,,
01t4w00000Num6BAAR,SILLA ORDENADOR,,
01t4w00000Num6CAAR,SILLA ORDENADOR,,
01t4w00000Num6DAAR,SILLA ORDENADOR,,
01t4w00000Num6EAAR,SILLA ORDENADOR MESH,,
01t4w00000Num6FAAR,SILLA ORDENADOR MESH,,
01t4w00000Num6GAAR,MESA ESCRITORIO,,
01t4w00000Num6HAAR,SILLA ORDENADOR MESH,,
01t4w00000Num6IAAR,SILLA ORDENADOR,,
01t4w00000Num6JAAR,SILLA ORDENADOR MESH,,
01t4w00000Num6KAAR,MESA ESCRITORIO,,
01t4w00000Num6LAAR,MESA ESCRITORIO,,
01t4w00000Num6MAAR,SILLA ORDENADOR,,
01t4w00000Num6NAAR,SILLA ORDENADOR MESH,,
01t4w00000Num6OAAR,MESA ESCRITORIO,,
01t4w00000Num6PAAR,SILLA ORDENADOR MESH,,
01t4w00000Num6UAAR,MESA ESCRITORIO,,
01t4w00000Num6hAAB,MESA ESCRITORIO,,
01t4w00000Num6iAAB,MESA ESCRITORIO + LIBRERO 2 NIVELES,,
01t4w00000Num6jAAB,MESA ESCRITORIO + LIBRERO 3 NIVELES,,
01t4w00000Num6kAAB,MESA ESCRITORIO,,
01t4w00000Num6lAAB,MESA ESCRITORIO,,
01t4w00000Num6mAAB,MESA ESCRITORIO,,
01t4w00000Num6nAAB,MESA ESCRITORIO,,
01t4w00000Num6oAAB,MESA ESCRITORIO,,
01t4w00000Num6pAAB,MESA ESCRITORIO + LIBRERO 3 NIVELES,,
01t4w00000Num6qAAB,MESA ESCRITORIO,,
01t4w00000Num6rAAB,MESA ESCRITORIO + LIBRERO 2 NIVELES,,
01t4w00000Num6sAAB,MESA ESCRITORIO + LIBRERO 4 NIVELES,,
01t4w00000Num6uAAB,MESA ESCRITORIO,,
01t4w00000Num7oAAB,APILABLE ARCOIRIS,,P605033W
01t4w00000Num8SAAR,TUMBONA DOBLE,,
01t4w00000Num8TAAR,SET BOMBERO HERRAMIENTAS MEDIANO,,
01t4w00000Num8UAAR,SET BOMBERO HERRAMIENTAS GRANDE,,
01t4w00000Num8VAAR,SET CAMUFLAJE HERRAMIENTAS MEDIANO,,
01t4w00000Num8WAAR,MESA ESCRITORIO PLEGABLE,,
01t4w00000Num8XAAR,SILLA ORDENADOR MESH,,
01t4w00000Num8YAAR,ESTANTERIA 2 NIVELES DOBLE CON RUEDAS,,
01t4w00000Num8ZAAR,ESTANTERIA 4 NIVELES DOBLE,,
01t4w00000Num8aAAB,ESTANTERIA 4 NIVELES TRANSFORMER,,
01t4w00000Num8dAAB,ESTANTERIA 3 NIVELES,,
01t4w00000Num8eAAB,ESTANTERIA 5 NIVELES,,
01t4w00000Num8fAAB,ESTANTERIA 3 NIVELES,,
01t4w00000Num8gAAB,ESTANTERIA 5 NIVELES,,
01t4w00000Num8hAAB,ESTANTERIA 4 NIVELES,,
01t4w00000Num8iAAB,ESTANTERIA 3 NIVELES,,
01t4w00000Num8jAAB,ESTANTERIA 4 NIVELES DOBLE,,
01t4w00000Num8mAAB,ESTANTERIA 3 NIVELES,,
01t4w00000Num8nAAB,ESTANTERIA 3 NIVELES DISEÑO,,
01t4w00000Num8oAAB,SET BISTRO ALUMINIO CON COJINES,,
01t4w00000Num8pAAB,COLUMPIO BALANCIN DOBLE,,
01t4w00000Num8qAAB,ESTANTERIA 5 NIVELES,,
01t4w00000Num8rAAB,COLUMPIO COLGANTE CON COJIN,,
01t4w00000Num8sAAB,SET JARDIN 6 PIEZAS ACERO,,
01t4w00000Num8tAAB,COLUMPIO COLGANTE CON COJIN,,
01t4w00000Num8uAAB,SET COMEDOR 7 PIEZAS ACERO,,
01t4w00000Num8vAAB,SET JARDIN 4 PIEZAS,,
01t4w00000Num8wAAB,SET COMEDOR 7 PIEZAS ALUMINIO,,
01t4w00000Num8xAAB,SET COMEDOR 7 PIEZAS ALUMINIO CON COJINES,,
01t4w00000Num9DAAR,SET CONSTRUCCIÓN  HERRAMIENTAS GRANDE,,
01t4w00000Num9FAAR,SILLON RECLINABLE MANUAL,,
01t4w00000Num9GAAR,SILLON RECLINABLE MANUAL GIRATORIO,,
01t4w00000Num9HAAR,SILLON RECLINABLE ELECTRICO TRANSFORMER,,
01t4w00000Num9KAAR,SET CONSTRUCCIÓN  HERRAMIENTAS MEDIANO,,
01t4w00000Num9LAAR,CAMIÓN CONSTRUCCIÓN  HERRAMIENTAS,,
01t4w00000Num9MAAR,SET POLICIA HERRAMIENTAS MEDIANO,,
01t4w00000Num9PAAR,SET CONSTRUCCIÓN  HERRAMIENTAS BÁSICO,,
01t4w00000Num9QAAR,SILLON RECLINABLE ELECTRICO TRANSFORMER,,
01t4w00000Num9RAAR,SILLON RECLINABLE ELECTRICO CON REPOSACABEZAS,,
01t4w00000Num9SAAR,SILLON RECLINABLE MANUAL,,
01t4w00000Num9TAAR,SET POLICIA HERRAMIENTAS BÁSICO,,
01t4w00000Num9UAAR,SET BLOQUES 045 PIEZAS TREN NÚMEROS,,
01t4w00000Num9VAAR,SET BLOQUES 066 PZAS,,
01t4w00000Num9XAAR,SONAJA,,
01t4w00000Num9YAAR,MOVIL CUNA,,
01t4w00000Num9ZAAR,SET POLICIA HERRAMIENTAS GRANDE,,
01t4w00000Num9aAAB,SET BOMBERO HERRAMIENTAS BÁSICO,,
01t4w00000Num9bAAB,SET VEHÍCULOS CONSTRUCCIÓN 2 PACK,,
01t4w00000Num9cAAB,SILLON RECLINABLE MANUAL,,
01t4w00000Num9dAAB,SILLON RECLINABLE MANUAL,,
01t4w00000Num9eAAB,SONAJA,,
01t4w00000Num9fAAB,APILABLE MOVIMIENTO,,
01t4w00000Num9iAAB,SILLON RECLINABLE MANUAL,,
01t4w00000Num9jAAB,SILLON RECLINABLE MANUAL GIRATORIO,,
01t4w00000Num9kAAB,MOVIL CUNA,,
01t4w00000Num9lAAB,SET CAMUFLAJE HERRAMIENTAS GRANDE,,
01t4w00000Num9mAAB,SET BLOQUES 048 PIEZAS TREN,,
01t4w00000Num9nAAB,SET BLOQUES 063 PZAS,,
01t4w00000Num9oAAB,SET BLOQUES 268 PIEZAS ANIMALES,,
01t4w00000Num9pAAB,SILLON RECLINABLE MANUAL NO GIRATORIO CON POSAVASOS,,
01t4w00000Num9qAAB,SILLON RECLINABLE MANUAL NO GIRATORIO,,
01t4w00000Num9rAAB,SILLON RECLINABLE MANUAL CORNER,,
01t4w00000Num9sAAB,SILLON RECLINABLE MANUAL,,
01t4w00000Num9tAAB,SILLON RECLINABLE MANUAL+ GIRATORIO+ BALANCIN,,
01t4w00000Num9uAAB,PORTAMANGUERA AUTOENROLLABLE CON MANGUERA PARED 10 MTS,,
01t4w00000Num9vAAB,PORTAMANGUERA ENROLLABLE PARA MANGUERA DE 20 MTS,,
01t4w00000Num9wAAB,PORTAMANGUERA ENROLLABLE PARA MANGUERA DE 40 MTS SUELO PARED,,
01t4w00000Num9xAAB,LAMPARA DIDÁCTICA,,
01t4w00000Num9yAAB,SONAJA LLAVES,,
01t4w00000Num9zAAB,SET BLOQUES 010 PIEZAS COCHE,,
01t4w00000NumA0AAJ,SET CAMUFLAJE HERRAMIENTAS BÁSICO,,
01t4w00000NumA1AAJ,SET SONAJAS,,
01t4w00000NumA2AAJ,MUÑECA VASO,,
01t4w00000NumA3AAJ,ANDADOR ACTIVIDADES VOLANTE,,
01t4w00000NumA4AAJ,SET SONAJAS,,
01t4w00000NumA5AAJ,JUGUETE VENTOSA,,
01t4w00000NumA6AAJ,TECLADO ANIMALES,,
01t4w00000NumA7AAJ,SILLA ACTIVIDADES Y FORMAS,,
01t4w00000NumA8AAJ,CAMION BEBÉ,,
01t4w00000NumA9AAJ,SET VEHÍCULOS CONSTRUCCIÓN 3 PACK,,
01t4w00000NumAAAAZ,VEHÍCULOS CONSTRUCCIÓN PALA,,
01t4w00000NumABAAZ,VEHÍCULOS CONSTRUCCIÓN VOLTEO,,
01t4w00000NumACAAZ,PELOTA ACTIVIDADES,,
01t4w00000NumADAAZ,JUGUETE VENTOSA,,
01t4w00000NumAEAAZ,SET BLOQUES 053 PIEZAS BUS ESCOLAR,,
01t4w00000NumAFAAZ,SET BLOQUES 051 PIEZAS GRANJA,,
01t4w00000NumAGAAZ,SET BLOQUES 150 PZAS,,
01t4w00000NumAHAAZ,JUGUETE VENTOSA,,
01t4w00000NumAIAAZ,TECLADO ELEFANTE,,
01t4w00000NumAJAAZ,JUGUETE LUCES,,
01t4w00000NumAKAAZ,SET BLOQUES 123 PZAS,,
01t4w00000NumALAAZ,SET BLOQUES 096 PIEZAS CIUDAD,,
01t4w00000NumAMAAZ,SILLON RECLINABLE MANUAL DOBLE,,
01t4w00000NumANAAZ,SILLON RECLINABLE MANUAL,,
01t4w00000NumAOAAZ,PORTAMANGUERA AUTOENROLLABLE CON MANGUERA PARED 15 MTS,,
01t4w00000NumAPAAZ,PORTAMANGUERA ENROLLABLE CON MANGUERA 15 MTS,,
01t4w00000NumAQAAZ,SET BLOQUES 053 PIEZAS ESPACIO,,
01t4w00000NumARAAZ,SET BLOQUES 098 PZAS,,
01t4w00000NumASAAZ,SET BLOQUES 098 PZAS,,
01t4w00000NumATAAZ,SET BLOQUES 062 PZAS,,
01t4w00000NumAUAAZ,SET BLOQUES 065 PIEZAS CASA,,
01t4w00000NumAVAAZ,SILLON RECLINABLE MANUAL,,
01t4w00000NumAWAAZ,SET BLOQUES 030 PZAS,,
01t4w00000NumAXAAZ,SET BLOQUES 033 PIEZAS DINOSAURIOS,,
01t4w00000NumAYAAZ,TABLET DIDÁCTICA,,
01t4w00000NumAZAAZ,ARRASTRE,,
01t4w00000NumAaAAJ,PELOTA ACTIVIDADES,,
01t4w00000NumAbAAJ,SET BLOQUES 088 PZAS,,
01t4w00000NumAcAAJ,SET BLOQUES 049 PIEZAS PARQUE,,
01t4w00000NumAdAAJ,SILLON RECLINABLE MANUAL,,
01t4w00000NumAeAAJ,SILLON RECLINABLE MANUAL,,
01t4w00000NumAfAAJ,MANDO CONTROL DIDÁCTICO,,
01t4w00000NumAhAAJ,MUÑECOS PARA BAÑERA,,
01t4w00000NumAiAAJ,ARDILLA LUCES,,
01t4w00000NumAjAAJ,SET BLOQUES 092 PIEZAS HELADO,,
01t4w00000NumAkAAJ,SET BLOQUES 083 PIEZAS ZOO,,
01t4w00000NumAlAAJ,SET BLOQUES 092 PIEZAS HERRAMIENTAS,,
01t4w00000NumAmAAJ,SET BLOQUES 106 PIEZAS ZOO,,
01t4w00000NumAnAAJ,SET BLOQUES 026 PIEZAS ZOO,,
01t4w00000NumAoAAJ,TAMBOR ACTIVIDADES,,
01t4w00000NumApAAJ,DINOSAURIO MINIATURA,,
01t4w00000NumAqAAJ,VEHICULO BEBÉ,,
01t4w00000NumArAAJ,SET BLOQUE COCINA,,
01t4w00000NumAsAAJ,PRIMER SMARTPHONE,,
01t4w00000NumAtAAJ,DINOSAURIO ACTIVIDADES,,
01t4w00000NumAuAAJ,PIRAMIDE ACTIVIDADES,,
01t4w00000NumAvAAJ,VEHÍCULO BEBÉ,,
01t4w00000NumAwAAJ,DINOSAURIO MINIATURA,,
01t4w00000NumAxAAJ,VEHICULO BEBÉ,,
01t4w00000NumAyAAJ,VEHÍCULOS ANIMALITOS BEBÉ,,
01t4w00000NumAzAAJ,CENTRO MUSICAL BEBÉ,,
01t4w00000NumB0AAJ,CASITA ACTIVIDADES,,
01t4w00000NumB1AAJ,TREN ACTIVIDADES,,
01t4w00000NumB2AAJ,VOLANTE ACTIVIDADES,,
01t4w00000NumB3AAJ,TALLER ACTIVIDADES,,
01t4w00000NumB4AAJ,TAMBOR ACTIVIDADES,,
01t4w00000NumB5AAJ,BUS ACTIVIDADES,,
01t4w00000NumB6AAJ,KARAOKE,,
01t4w00000NumB7AAJ,PIZARRA MÁGICA CABALLO,,
01t4w00000NumB8AAJ,MESA ACTIVIDADES PISTA,,
01t4w00000NumB9AAJ,TREN ACTIVIDADES,,
01t4w00000NumBAAAZ,MALETA VIAJE BEBÉ COCINA,,
01t4w00000NumBBAAZ,MALETÍN MAQUILLAJE BEBÉ,,
01t4w00000NumBCAAZ,BATERIA MUSICAL BEBÉ,,
01t4w00000NumBDAAZ,PORTAMANGUERA AUTOENROLLABLE CON MANGUERA PARED 35 MTS,,
01t4w00000NumBEAAZ,CAJA REGISTRADORA BEBÉ,,
01t4w00000NumBGAAZ,PIANO BEBÉ,,
01t4w00000NumBHAAZ,PORTAMANGUERA AUTOENROLLABLE CON MANGUERA PARED 25 MTS,,
01t4w00000NumBIAAZ,PORTAMANGUERA AUTOENROLLABLE CON MANGUERA PIE 30 MTS,,
01t4w00000NumBJAAZ,PORTAMANGUERA ENROLLABLE CON MANGUERA 10 MTS,,
01t4w00000NumBKAAZ,PORTAMANGUERA ENROLLABLE CARRITO PARA MANGUERA 60 MTS,,
01t4w00000NumBLAAZ,PORTAMANGUERA ENROLLABLE  CARRITO CON MANGUERA 30 MTS,,
01t4w00000NumDEAAZ,CABALLO MECEDOR,,
01t4w00000NumDFAAZ,2 EN 1 SILLA - MECEDOR,,
01t4w00000NumDGAAZ,PORTAMANGUERA ENROLLABLE CON MANGUERA 10 MTS,,
01t4w00000NumDHAAZ,PORTAMANGUERA ENROLLABLE CON MANGUERA DE 15 MTS SUELO PARED,,
01t4w00000NumDIAAZ,CANASTA BÁSQUETBOL,,
01t4w00000NumDJAAZ,CORREPASILLOS MOTO BÁSICA,,
01t4w00000NumDKAAZ,2 EN 1 BALANCÍN Y TOBOGÁN,,
01t4w00000NumDLAAZ,CORRAL 5 PZAS,,
01t4w00000NumDMAAZ,PORTAMANGUERA ENROLLABLE CARRITO PARA MANGUERA 60 MTS,,
01t4w00000NumDNAAZ,PORTAMANGUERA ENROLLABLE CON MANGUERA 15 MTS,,
01t4w00000NumDOAAZ,CENTRO DE JUEGOS GRANDE,,
01t4w00000NumDPAAZ,CABALLO MECEDORA,,
01t4w00000NumDQAAZ,CORRAL GRANDE,,
01t4w00000NumDRAAZ,CENTRO DE JUEGOS,,
01t4w00000NumDSAAZ,TOBOGAN CON MONTABLE,,
01t4w00000NumDTAAZ,CORRAL VARIAS PZAS,,
01t4w00000NumDUAAZ,CASA DEL ÁRBOL,,
01t4w00000NumDVAAZ,MESA CON PIZARRA Y BANCO NIÑA,,
01t4w00000NumDWAAZ,PIZARRA DOBLE PARA NIÑA,,
01t4w00000NumDXAAZ,MESA CON SILLAS Y BLOQUES,,
01t4w00000NumDYAAZ,CANASTA BÁSQUETBOL,,
01t4w00000NumDZAAZ,CORRAL CON TOBOGÁN,,
01t4w00000NumDaAAJ,CORREPASILLOS BÁSICO,,
01t4w00000NumDbAAJ,CORRAL 8 PZAS,,
01t4w00000NumDcAAJ,CORRAL 6 PZAS,,
01t4w00000NumDdAAJ,TUNEL INFANTIL GRANDE,,
01t4w00000NumDeAAJ,TUNEL INFANTIL MEDIANO,,
01t4w00000NumDfAAJ,ASPERSOR RIEGO OSCILANTE,,
01t4w00000NumDgAAJ,ASPERSOR RIEGO,,
01t4w00000NumDhAAJ,ALARGADOR RIEGO TELESCOPICO 100-145 CM,,
01t4w00000NumDiAAJ,"MANGUERA TEJIDA 15 MTS - 1/2 """,,
01t4w00000NumDjAAJ,ASPERSOR RIEGO OSCILANTE,,
01t4w00000NumDkAAJ,PROGRAMADOR RIEGO 2 HORAS,,
01t4w00000NumDlAAJ,PISTOLA RIEGO 6 FUNCIONES,,
01t4w00000NumDmAAJ,ASPERSOR RIEGO,,
01t4w00000NumDnAAJ,SET ADAPTAD0RES RIEGO,,
01t4w00000NumDoAAJ,ASPERSOR RIEGO,,
01t4w00000NumDpAAJ,PROGRAMADOR RIEGO MULTIFUCION DIGITAL,,
01t4w00000NumDqAAJ,PROGRAMADOR RIEGO MULTIFUCION,,
01t4w00000NumDrAAJ,PISTOLA RIEGO   7 FUNCIONES,,
01t4w00000NumDsAAJ,ALARGADOR RIEGO 90 CM,,
01t4w00000NumDtAAJ,"MANGUERA 20 MTS -  1/2 """,,
01t4w00000NumDuAAJ,ADAPTADOR RIEGO,,
01t4w00000NumDvAAJ,MANGUERA EXTENSIBLE 15 MTS CON PISTOLA,,
01t4w00000NumDwAAJ,SET ACTIVIDADES BEBÉ,,
01t4w00000NumDxAAJ,MESA ACTIVIDADES FORMAS,,
01t4w00000NumDyAAJ,CORREPASILLOS MOTO,,
01t4w00000NumDzAAJ,MANGUERA EXTENSIBLE 10 MTS CON PISTOLA,,
01t4w00000NumE0AAJ,"MANGUERA TEJIDA 30 MTS- 1/2 """,,
01t4w00000NumE1AAJ,SET ACTIVIDADES BEBÉ,,
01t4w00000NumE2AAJ,CORREPASILLOS MUSICAL,,
01t4w00000NumE3AAJ,CORREPASILLOS ANIMALITOS,,
01t4w00000NumE4AAJ,ANDADOR ACTIVIDADES FORMAS,,
01t4w00000NumE5AAJ,ANDADOR ACTIVIDADES,,
01t4w00000NumE6AAJ,COCHE ACTIVIDADES,,
01t4w00000NumE7AAJ,ADAPTADOR RIEGO,,
01t4w00000NumE8AAJ,PORTAMANGUERA ENROLLABLE CARRITO MANGUERA HASTA 50 MTS,,
01t4w00000NumE9AAJ,SET ADAPTADORES RIEGO,,
01t4w00000NumEAAAZ,SET ADAPTAD0RES RIEGO,,
01t4w00000NumEBAAZ,SET ACTIVIDADES BEBÉ,,
01t4w00000NumECAAZ,SET ADAPTAD0RES RIEGO,,
01t4w00000NumEDAAZ,SET ADAPTAD0RES RIEGO,,
01t4w00000NumEEAAZ,SET ADAPTAD0RES RIEGO,,
01t4w00000NumEFAAZ,SOMBRILLA PLAYA,,
01t4w00000NumEGAAZ,SOMBRILLA PLAYA,,
01t4w00000NumEHAAZ,SOMBRILLA JARDIN 6 RIBS,,
01t4w00000NumEIAAZ,SOMBRILLA DE PLAYA,,
01t4w00000NumEJAAZ,SOMBRILLA PLAYA,,
01t4w00000NumEKAAZ,SOMBRILLA PLAYA,,
01t4w00000NumELAAZ,SOMBRILLA PLAYA 155CM,,
01t4w00000NumEMAAZ,CENTRO ENTRETENIMIENTO,,
01t4w00000NumENAAZ,PARAVIENTOS SOMBRILLA PLAYA,,
01t4w00000NumEOAAZ,PARAVIENTOS CON VENTANA,,
01t4w00000NumEPAAZ,SOMBRILLA PLAYA,,
01t4w00000NumEQAAZ,SOMBRILLA PLAYA,,
01t4w00000NumERAAZ,SOMBRILLA JARDIN 8 RIBS,,
01t4w00000NumESAAZ,SOMBRILLA JARDIN 6 RIBS,,
01t4w00000NumETAAZ,SOMBRILLA JARDIN 6 RIBS,,
01t4w00000NumEUAAZ,"TV STAND MUEBLE CRISTAL SOPORTE 32-65""",,
01t4w00000NumEVAAZ,"TV STAND MUEBLE CRISTAL SOPORTE 32-65""",,
01t4w00000NumEWAAZ,"TV STAND MUEBLE CRISTAL SOPORTE 32-65""",,
01t4w00000NumEXAAZ,"TV STAND MUEBLE CRISTAL PANTALLA 32-60""",,
01t4w00000NumEYAAZ,"TV STAND SOBREMESA SOPORTE 26-47""",,
01t4w00000NumEZAAZ,"TV STAND MUEBLE CRISTAL SOPORTE 32-65""",,
01t4w00000NumEaAAJ,"TV STAND MUEBLE CRISTAL PANTALLAS 26-50""",,
01t4w00000NumEbAAJ,"TV STAND MUEBLE CRISTAL SOPORTE 32-65""",,
01t4w00000NumEcAAJ,"TV STAND MUEBLE CRISTAL SOPORTE 32-65""",,
01t4w00000NumEdAAJ,"TV STAND MUEBLE CRISTAL SOPORTE 32-65""",,
01t4w00000NumEeAAJ,"TV STAND MUEBLE CRISTAL SOPORTE 32-65""",,
01t4w00000NumEfAAJ,"TV STAND SOBREMESA SOPORTE 32-65""",,
01t4w00000NumEgAAJ,"TV STAND SOBREMESA SOPORTE 26-65""",,
01t4w00000NumEhAAJ,"TV STAND MUEBLE CRISTAL SOPORTE 32-65""",,
01t4w00000NumEiAAJ,"TV STAND MUEBLE CRISTAL SOPORTE 32-65""",,
01t4w00000NumEjAAJ,"TV STAND MUEBLE CRISTAL SOPORTE 32-65""",,
01t4w00000NumEkAAJ,"TV STAND MUEBLE CRISTAL SOPORTE 32-70""",,
01t4w00000NumElAAJ,"TV STAND MUEBLE CRISTAL SOPORTE 32-65""",,
01t4w00000NumEmAAJ,BOLSA PLAYA,,
01t4w00000NumEnAAJ,BOLSA PLAYA IMPERMEABLE,,
01t4w00000NumEoAAJ,"TV STAND MUEBLE CRISTAL SOPORTE 32-65""",,
01t4w00000NumEpAAJ,"TV STAND MUEBLE CRISTAL SOPORTE 32-55""",,
01t4w00000NumEqAAJ,"TV STAND MUEBLE CRISTAL SOPORTE 32-65""",,
01t4w00000NumErAAJ,"TV STAND MUEBLE CRISTAL PANTALLA 32-80""",,
01t4w00000NumEsAAJ,SOMBRILLA PLAYA,,
01t4w00000NumEtAAJ,PARAVIENTOS CON PISCINA INFANTIL,,
01t4w00000NumEuAAJ,SILLA PP PLEGABLE,,
01t4w00000NumEvAAJ,SILLA COMEDOR PLASTICO,,
01t4w00000NumEwAAJ,SILLA COMEDOR PLASTICO,,
01t4w00000NumExAAJ,SILLA COMEDOR PLASTICO,,
01t4w00000NumEyAAJ,SILLA COMEDOR PLASTICO ACOLCHADA,,
01t4w00000NumEzAAJ,SILLA COMEDOR PLASTICO,,
01t4w00000NumF0AAJ,SILLA COMEDOR PLASTICO,,
01t4w00000NumF1AAJ,SILLA COMEDOR PLASTICO,,
01t4w00000NumF2AAJ,SILLA COMEDOR PLASTICO,,
01t4w00000NumF3AAJ,SILLA COMEDOR PLASTICO,,
01t4w00000NumF4AAJ,SILLA COMEDOR PLASTICO,,
01t4w00000NumF5AAJ,SILLA COMEDOR PLASTICO ACOLCHADA,,
01t4w00000NumF6AAJ,SILLA PLASTICO EAMS,,
01t4w00000NumF7AAJ,SOFA CAMA,,
01t4w00000NumF8AAJ,SOFA CAMA,,
01t4w00000NumF9AAJ,SOFA CAMA,,
01t4w00000NumFAAAZ,SOFA CAMA CHESLONG,,
01t4w00000NumFBAAZ,SOFA SECCIONAL CHESLONG,,
01t4w00000NumFCAAZ,SOFA CAMA,,
01t4w00000NumFDAAZ,SILLA COMEDOR PLASTICO,,
01t4w00000NumFEAAZ,SOFA CAMA CHESLONG,,
01t4w00000NumFFAAZ,SOFA CAMA,,
01t4w00000NumFGAAZ,SOFA CAMA,,
01t4w00000NumFHAAZ,SOFA SECCIONAL CHESLONG,,
01t4w00000NumFIAAZ,SOFA CAMA,,
01t4w00000NumFJAAZ,SOFA CAMA,,
01t4w00000NumFKAAZ,SOFA CAMA CHESLONG TRANSFORMER,,
01t4w00000NumFLAAZ,SOFA CON ALMACENAJE,,
01t4w00000NumFMAAZ,SOFA CAMA,,
01t4w00000NumFNAAZ,SOFA CAMA,,
01t4w00000NumFOAAZ,SOFA CAMA CHESLONG TRANSFORMER,,
01t4w00000NumFPAAZ,SOFA CAMA,,
01t4w00000NumFQAAZ,SOFA CAMA INDIVIDUAL,,
01t4w00000NumFRAAZ,SOFA CAMA TRANSFORMER,,
01t4w00000NumHDAAZ,CÓMODA 5 CAJONES MAJESTIC,,
01t4w00000NumHFAAZ,POZO DE FUEGO,,
01t4w00000NumHGAAZ,PELUCHE 28 CM ANIMALES,,
01t4w00000NumHHAAZ,PELUCHE 42 CM JIRAFA,,
01t4w00000NumHIAAZ,PELUCHE 25 CM LLAMA,,
01t4w00000NumHJAAZ,PELUCHE 24 CM ANIMALES,,
01t4w00000NumHKAAZ,PELUCHE 20 CM OSO,,
01t4w00000NumHLAAZ,PELUCHE 80 CM ANIMALES,,
01t4w00000NumHNAAZ,POZO DE FUEGO,,
01t4w00000NumHPAAZ,POZO DE FUEGO,,
01t4w00000NumHQAAZ,PELUCHE 45 CM CISNE,,
01t4w00000NumHRAAZ,PELUCHE 45 CM CISNE,,
01t4w00000NumHTAAZ,POZO DE FUEGO,,
01t4w00000NumHVAAZ,POZO DE FUEGO,,
01t4w00000NumHWAAZ,PELUCHE 100 CM ANIMALES,,
01t4w00000NumHXAAZ,PELUCHE 45 CM CANGURO CON BEBE,,
01t4w00000NumHYAAZ,POZO DE FUEGO,,
01t4w00000NumHaAAJ,POZO DE FUEGO,,
01t4w00000NumHbAAJ,PELUCHE 25 CM ANIMAL,,
01t4w00000NumHdAAJ,PELUCHE 33 CM CONEJO,,
01t4w00000NumHeAAJ,PELUCHE 36 CM DR. OSO,,
01t4w00000NumHfAAJ,PELUCHE 65 CM COCODRILO,,
01t4w00000NumHgAAJ,PELUCHE 30 CM ANIMALES,,
01t4w00000NumHhAAJ,PELUCHE 30 CM UNICORNIO,,
01t4w00000NumHiAAJ,PELUCHE 40 CM UNICORNIO,,
01t4w00000NumHjAAJ,PELUCHE 30 CM UNICORNIO,,
01t4w00000NumHkAAJ,PELUCHE 130 CM OSO,,
01t4w00000NumHlAAJ,PELUCHE 35 CM OSO,,
01t4w00000NumHmAAJ,PELUCHE 45 CM PATO,,
01t4w00000NumHnAAJ,PELUCHE 60 CM MONO,,
01t4w00000NumHoAAJ,PELUCHE 30 CM COCODRILO,,
01t4w00000NumHpAAJ,PELUCHE 120 CM NUBE,,
01t4w00000NumHqAAJ,PELUCHE 39 CM MONO CON BEBE,,
01t4w00000NumHrAAJ,PELUCHE 62 CM TIBURON,,
01t4w00000NumHsAAJ,PELUCHE 30 CM CONEJO,,
01t4w00000NumHtAAJ,PELUCHE 35 CM SURICATA,,
01t4w00000NumHuAAJ,PELUCHE 38 CM DINOSARIO,,
01t4w00000NumHvAAJ,PELUCHE 70 CM COCODRILO,,
01t4w00000NumHwAAJ,PELUCHE 38 CM ANIMALES,,
01t4w00000NumHxAAJ,PELUCHE 55 CM TIBURON,,
01t4w00000NumHyAAJ,PELUCHE 80 CM ANIMALES CON BEBE,,
01t4w00000NumHzAAJ,PELUCHE 120 CM OSO,,
01t4w00000NumI0AAJ,PELUCHE 30 CM DINOSARIO,,
01t4w00000NumI2AAJ,PISCINA INFLABLE 477L,,
01t4w00000NumI4AAJ,PISCINA DESMONTABLE 580L,,
01t4w00000NumI5AAJ,"PISCINA INFLABLE 2,100L",,
01t4w00000NumIAAAZ,"PISCINA DESMONTABLE 1,200L",,
01t4w00000NumIBAAZ,"PISCINA DESMONTABLE 2,300L",,
01t4w00000NumIEAAZ,"PISCINA DESMONTABLE 3,300L",,
01t4w00000NumIFAAZ,"PISCINA DESMONTABLE 5,700L",,
01t4w00000NumIGAAZ,"PISCINA DESMONTABLE 3,300L",,
01t4w00000NumIHAAZ,BOMBA DE FILTRO PISCINA,,
01t4w00000NumIKAAZ,LAMPARA EXTERIOR LEDS 110V-130V,,
01t4w00000NumIMAAZ,SILLA PLEGABLE ACOLCHADA PU,,
01t4w00000NumIOAAZ,"VENTILADOR DE ESCRITORIO DE 7""",,
01t4w00000NumIQAAZ,"VENTILADOR TORRE 31"" 40W TOUCH 3 VELOCIDADES OSCILANTE",,
01t4w00000NumISAAZ,"(INACTIVO) VENTILADOR TORRE 36"" 50W TOUCH 3 VELOCIDADES OSCILANTE",,
01t4w00000NumIUAAZ,"(INACTIVO) VENTILADOR TORRE 49"" 50W TOUCH 3 VELOCIDADES OSCILANTE",,
01t4w00000NumIWAAZ,COLUMPIO BALANCIN INDIVDUAL,,
01t4w00000NumIYAAZ,GAZEBO RECTANGULAR CON MOSQUITERA,,
01t4w00000NumIaAAJ,GAZEBO CUADRADO,,
01t4w00000NumIcAAJ,MESA RESINA PLEGABLE,,
01t4w00000NumIeAAJ,MESA RESINA PLEGABLE,,
01t4w00000NumIgAAJ,MESA RESINA PLEGABLE,,
01t4w00000NumIiAAJ,MESA RESINA IMITACION MADERA CUADRADA,,
01t4w00000NumIkAAJ,MESA RESINA PERSONAL,,
01t4w00000NumImAAJ,SET COMEDOR 5 PIEZAS,,
01t4w00000NumIoAAJ,TUMBONA DOBLE,,
01t4w00000NumIqAAJ,TUMBONA EUCALIPTO CON COJIN,,
01t4w00000NumJEAAZ,MESA RESINA IMITACION MADERA CUADRADA,,
01t4w00000NumJrAAJ,JUEGO DE MESA LA OCA,,
01t4w00000NumJsAAJ,JUEGO DE MESA AJEDREZ,,
01t4w00000NumJtAAJ,JUEGO DE MESA 2 EN 1,,
01t4w00000NumJuAAJ,JUEGO DE MESA 4 EN LINEA,,
01t4w00000NumJvAAJ,JUEGO DE MESA 8 EN 1,,
01t4w00000NumJwAAJ,JUEGO DE MESA 12 EN 1,,
01t4w00000NumJxAAJ,JUEGO DE MESA 6 EN 1,,
01t4w00000NumJyAAJ,JUEGO DE MESA DAMAS CHINAS,,
01t4w00000NumJzAAJ,JUEGO DE MESA 4 EN LÍNEA,,
01t4w00000NumK0AAJ,JUEGO DE MESA 9 HOMBRES,,
01t4w00000NumK1AAJ,JUEGO DE MESA 3 EN RAYA,,
01t4w00000NumK2AAJ,JUEGO DE MESA 13 EN 1,,
01t4w00000NumK3AAJ,JUEGO DE MESA 2 EN 1,,
01t4w00000NumK4AAJ,JUEGO DE MESA DAMAS CHINAS,,
01t4w00000NumK5AAJ,JUEGO DE MESA DAMAS CHINAS,,
01t4w00000NumK6AAJ,JUEGO DE MESA 6 EN 1,,
01t4w00000NumK7AAJ,JUEGO DE MESA 2 EN 1,,
01t4w00000NumK8AAJ,JUEGO DE MESA 100 EN 1,,
01t4w00000NumK9AAJ,JUEGO DE MESA PARCHIS,,
01t4w00000NumKAAAZ,JUEGO DE MESA TRAGABOLAS,,
01t4w00000NumKBAAZ,JUEGO DE MESA ESCALERA,,
01t4w00000NumKCAAZ,JUEGO DE MESA DAMAS CHINAS,,
01t4w00000NumKDAAZ,JUEGO DE MESA CONECTA 4,,
01t4w00000NumKEAAZ,JUEGO DE MESA ESCALERA,,
01t4w00000NumKFAAZ,JUEGO DE MESA 4 EN 1,,
01t4w00000NumKGAAZ,JUEGO DE MESA 12 EN 1,,
01t4w00000NumKHAAZ,JUEGO DE MESA 8 EN 1,,
01t4w00000NumKIAAZ,JUEGO DE MESA 3 EN RAYA,,
01t4w00000NumKJAAZ,JUEGO DE MESA 2 EN 1,,
01t4w00000NumKKAAZ,JUEGO DE MESA 6 EN 1,,
01t4w00000NumKLAAZ,JUEGO DE MESA 2 EN 1,,
01t4w00000NumKMAAZ,JUEGO DE MESA 2 EN 1,,
01t4w00000NumKNAAZ,JUEGO DE MESA 2 EN 1,,
01t4w00000NumKOAAZ,JUEGO DE MESA 3 EN 1,,
01t4w00000NumKPAAZ,JUEGO DE MESA 2 EN 1,,
01t4w00000NumKQAAZ,JUEGO DE MESA 3 EN 1,,
01t4w00000NumKRAAZ,JUEGO DE MESA AJEDREZ,,
01t4w00000NumKSAAZ,JEUGO DE MESA LA OCA,,
01t4w00000NumKTAAZ,JUEGO DE MESA 5 EN 1,,
01t4w00000NumKUAAZ,JUEGO DE MESA,,
01t4w00000NumKVAAZ,JUEGO DE MESA PARCHIS,,
01t4w00000NumKWAAZ,JUEGO DE MESA SERPIENTES Y ESCALERAS,,
01t4w00000NumKXAAZ,JUEGO DE MESA PARCHIS,,
01t4w00000NumKYAAZ,JUEGO DE MESA 2 EN 1,,
01t4w00000NumKZAAZ,JUEGO DE MESA 2 EN 1,,
01t4w00000NumKaAAJ,JUEGO DE MESA MAGNETICO 6 EN 1,,
01t4w00000NumKbAAJ,JUEGO DE MESA MAGNETICO 8 EN 1,,
01t4w00000NumKcAAJ,JUEGO DE MESA AJEDREZ,,
01t4w00000NumKdAAJ,JUEGO DE MESA AJEDREZ,,
01t4w00000NumKeAAJ,JUEGO DE MESA MAGNETICO 5 EN 1,,
01t4w00000NumKfAAJ,JUEGO DE MESA,,
01t4w00000NumKgAAJ,JUEGO DE MESA MAGNETICO 7 EN 1,,
01t4w00000NumKhAAJ,JUEGO DE MESA,,
01t4w00000NumKiAAJ,JUEGO DE MESA,,
01t4w00000NumKjAAJ,JUEGO DE MESA,,
01t4w00000NumKkAAJ,JUEGO DE MESA,,
01t4w00000NumKlAAJ,JUEGO DE MESA,,
01t4w00000NumKmAAJ,JUEGO DE MESA,,
01t4w00000NumKnAAJ,JUEGO DE MESA,,
01t4w00000NumKoAAJ,JUEGO DE MESA,,
01t4w00000NumKpAAJ,JUEGO DE CARTAS,,
01t4w00000NumLCAAZ,MESA RESINA PERSONAL,,
01t4w00000NumLDAAZ,MESA RESINA PLEGABLE,,
01t4w00000NumLEAAZ,MESA RESINA PLEGABLE,,
01t4w00000NumLFAAZ,MESA RESINA PLEGABLE,,
01t4w00000NumLMAAZ,SET DE MESA CON SILLA INFANTIL,,
01t4w00000NumLOAAZ,SET DE MESA CON SILLA INFANTIL,,
01t4w00000NumLPAAZ,SET DE MESA CON SILLA INFANTIL,,
01t4w00000NumLQAAZ,SET DE MESA CON SILLA INFANTIL,,
01t4w00000NumLUAAZ,SET DE MESA CON SILLA INFANTIL,,
01t4w00000NumLjAAJ,RANITA HAMBRIENTA,,
01t4w00000NumLkAAJ,DOMINÓ,,
01t4w00000NumLlAAJ,JUEGO DE TARJETAS,,
01t4w00000NumLmAAJ,PILA DE VELOCIDAD,,
01t4w00000NumLnAAJ,4 EN LÍNEA,,
01t4w00000NumLoAAJ,DOMINÓ,,
01t4w00000NumLpAAJ,JENGA DE PINGÜINO,,
01t4w00000NumLqAAJ,4 EN LÍNEA,,
01t4w00000NumLrAAJ,4 EN LÍNEA,,
01t4w00000NumLsAAJ,DOMINÓ GRANJA,,
01t4w00000NumLtAAJ,DOMINÓ,,
01t4w00000NumLuAAJ,DOMINÓ,,
01t4w00000NumLvAAJ,DOMINÓ,,
01t4w00000NumLwAAJ,DOMINÓ CAMIÓN,,
01t4w00000NumLxAAJ,DOMINÓ APILABLE 80 PIEZAS,,
01t4w00000NumLyAAJ,DOMINÓ APILABLE 120 PIEZAS,,
01t4w00000NumLzAAJ,DOMINÓ,,
01t4w00000NumM0AAJ,DOMINÓ R/C CAMIÓN,,
01t4w00000NumM1AAJ,DOMINÓ APILABLE 45 PIEZAS,,
01t4w00000NumM2AAJ,DOMINÓ,,
01t4w00000NumM3AAJ,DOMINÓ CAMIÓN,,
01t4w00000NumM4AAJ,DOMINÓ DE MADERA,,
01t4w00000NumM5AAJ,DOMINÓ,,
01t4w00000NumM6AAJ,LUDO EN SUELO,,
01t4w00000NumM7AAJ,JUEGO DE GANSO EN SUELO,,
01t4w00000NumM8AAJ,DOMINÓ,,
01t4w00000NumM9AAJ,DOMINÓ,,
01t4w00000NumMAAAZ,DOMINÓ ANIMALES DE MADERA,,
01t4w00000NumMBAAZ,JUEGO DE ESCALERA EN SUELO,,
01t4w00000NumMCAAZ,DOMINÓ,,
01t4w00000NumMDAAZ,DOMINÓ,,
01t4w00000NumMEAAZ,JUEGO DE TARJETAS,,
01t4w00000NumMFAAZ,DOMINÓ,,
01t4w00000NumMGAAZ,JUEGO DE DAMAS EN SUELO,,
01t4w00000NumMHAAZ,DOMINÓ DE NÚMERO,,
01t4w00000NumMIAAZ,JUEGO DE TARJETAS,,
01t4w00000NumMJAAZ,JUEGO DE TARJETAS,,
01t4w00000NumMKAAZ,CARTA DE JUEGO,,
01t4w00000NumMLAAZ,CARTA DE JUEGO,,
01t4w00000NumMMAAZ,CARTA DE JUEGO 2 EN 1,,
01t4w00000NumMNAAZ,CARTA DE JUEGO 12 PDQ,,
01t4w00000NumMOAAZ,SET DE MESA CON SILLA INFANTIL,,
01t4w00000NumMPAAZ,SET DE MESA CON SILLA INFANTIL,,
01t4w00000NumMQAAZ,SET DE MESA CON SILLA INFANTIL,,
01t4w00000NumMRAAZ,SET DE MESA CON SILLA INFANTIL,,
01t4w00000NumMSAAZ,SET DE MESA CON SILLA INFANTIL,,
01t4w00000NumNNAAZ,SET BLOQUES 050 PIEZAS  TREN NUMEROS,,
01t4w00000NumNOAAZ,SET BLOQUES 045 PIEZAS CONSTRUCCION,,
01t4w00000NumNPAAZ,SET BLOQUES 075 PIEZAS TREN NUMEROS,,
01t4w00000NumNQAAZ,SET BLOQUES 065 PIEZAS ZOO,,
01t4w00000NumNRAAZ,SET BLOQUES 090 PIEZAS GRANJA,,
01t4w00000NumNSAAZ,SET BLOQUES 040 PIEZAS DINOSAURIOS,,
01t4w00000NumNTAAZ,SET BLOQUES 051 PIEZAS TUBERIA,,
01t4w00000NumNUAAZ,SET BLOQUES 035 PIEZAS ESTACION BOMBEROS,,
01t4w00000NumNVAAZ,SET BLOQUES 036 PIEZAS PASTEL,,
01t4w00000NumNWAAZ,SET BLOQUES 038 PIEZAS GASOLINERA,,
01t4w00000NumNXAAZ,SET BLOQUES 090 PIEZAS ESTACION BOMBEROS,,
01t4w00000NumNYAAZ,SET BLOQUES 090 PIEZAS POLICIA,,
01t4w00000NumNZAAZ,SET BLOQUES 036 PIEZAS POLICIA,,
01t4w00000NumNaAAJ,SET BLOQUES 076 PIEZAS HOSPITAL,,
01t4w00000NumNbAAJ,SET BLOQUES 065 PIEZAS GRANJA,,
01t4w00000NumNcAAJ,SET BLOQUES 156 PIEZAS GRANJA,,
01t4w00000NumNdAAJ,SET BLOQUES 066 PIEZAS CONSTRUCCION,,
01t4w00000NumNeAAJ,SET BLOQUES 060 PIEZAS COCHES,,
01t4w00000NumNfAAJ,SET BLOQUES 068 PIEZAS TREN,,
01t4w00000NumNgAAJ,SET BLOQUES 146 PIEZAS PRINCESA,,
01t4w00000NumNhAAJ,SET BLOQUES 060 PIEZAS ESTACION BOMBEROS,,
01t4w00000NumNiAAJ,SET BLOQUES 066 PIEZAS POLICIA,,
01t4w00000NumNjAAJ,SET BLOQUES 138 PIEZAS PARQUE,,
01t4w00000NumNkAAJ,SET BLOQUES 100 PIEZAS SUEÑOS,,
01t4w00000NumNlAAJ,SET BLOQUES 040 PIEZAS DINOSAURIOS CON CARRO,,
01t4w00000NumNmAAJ,SET BLOQUES 100 PIEZAS GRANJA,,
01t4w00000NumNnAAJ,SET BLOQUES 046 PIEZAS TIENDA,,
01t4w00000NumNoAAJ,SET BLOQUES 086 PIEZAS CASTILLO SUEÑOS,,
01t4w00000NumNpAAJ,SET BLOQUES 100 PIEZAS,,
01t4w00000NumNqAAJ,SET BLOQUES 090 PIEZAS POLICIA,,
01t4w00000NumNrAAJ,SET BLOQUES 090 PIEZAS BOMBEROS,,
01t4w00000NumNsAAJ,SET BLOQUES 061 PIEZAS ANIMALES,,
01t4w00000NumNtAAJ,SET BLOQUES 036 PIEZAS CASAS,,
01t4w00000NumNuAAJ,SET BLOQUES 052 PIEZAS DIVERSION,,
01t4w00000NumNvAAJ,SET BLOQUES 058 PIEZAS,,
01t4w00000NumNwAAJ,SET BLOQUES 009 PIEZAS COCHE,,
01t4w00000NumNxAAJ,SET BLOQUES 087 PIEZAS CASTILLO SUEÑOS,,
01t4w00000NumNyAAJ,SET BLOQUES 067 PIEZAS ESTACION BOMBEROS,,
01t4w00000NumNzAAJ,SET BLOQUES 030 PIEZAS COMIDA,,
01t4w00000NumO0AAJ,SET BLOQUES 036 PIEZAS PASTELERIA,,
01t4w00000NumO1AAJ,SET BLOQUES 053 PIEZAS DIVERSION,,
01t4w00000NumO2AAJ,SET BLOQUES 067 PIEZAS TREN,,
01t4w00000NumO3AAJ,SET BLOQUES 060 PIEZAS GRANJA,,
01t4w00000NumO4AAJ,SET BLOQUES 067 PIEZAS VILLA,,
01t4w00000NumO5AAJ,SET BLOQUES 075 PIEZAS,,
01t4w00000NumO6AAJ,SET BLOQUES 067 PIEZAS POLICIA,,
01t4w00000NumO7AAJ,SET BLOQUES + SILLA + MESA,,
01t4w00000NumO8AAJ,SET BLOQUES 022 PIEZAS COCHE,,
01t4w00000NumO9AAJ,SET BLOQUES 060 PIEZAS,,
01t4w00000NumOAAAZ,SET BLOQUES 055 PIEZAS,,
01t4w00000NumOBAAZ,SET BLOQUES + 2 SILLAS + MESA,,
01t4w00000NumOCAAZ,SET BLOQUES 058 PIEZAS,,
01t4w00000NumODAAZ,SET BLOQUES 058 PIEZAS PARQUE,,
01t4w00000NumOEAAZ,SET BLOQUES + SILLA + MESA,,
01t4w00000NumOFAAZ,SET BLOQUES + 2 SILLAS + MESA,,
01t4w00000NumOGAAZ,SET BLOQUES 060 PIEZAS,,
01t4w00000NumOpAAJ,SILLA PLEGABLE ACOLCHADA PU,,
01t4w00000NumP8AAJ,SET BLOQUES 051 PIEZAS TREN,,
01t4w00000NumP9AAJ,SET BLOQUES 060 PIEZAS GASOLINERA,,
01t4w00000NumPAAAZ,SET BLOQUES 046 PIEZAS VETERINARIO,,
01t4w00000NumPBAAZ,SET BLOQUES 061 PIEZAS CAFETERIA,,
01t4w00000NumPCAAZ,SET BLOQUES 019 PIEZAS RAIL DINO,,
01t4w00000NumPDAAZ,SET BLOQUES 060 PIEZAS DOCTOR,,
01t4w00000NumPEAAZ,SET BLOQUES 106 PIEZAS COCINA,,
01t4w00000NumPFAAZ,SET BLOQUES 081 PIEZAS COCINA,,
01t4w00000NumPGAAZ,SET BLOQUES 061 PIEZAS CAFETERIA,,
01t4w00000NumPHAAZ,SET BLOQUES 045 PIEZAS CONSTRUCCION,,
01t4w00000NumPIAAZ,SET BLOQUES 166 PIEZAS RAMPAS,,
01t4w00000NumPJAAZ,SET BLOQUES 258 PIEZAS KARTING,,
01t4w00000NumPKAAZ,SET BLOQUES 162 PIEZAS RAMPAS,,
01t4w00000NumPLAAZ,SET BLOQUES 078 PIEZAS COCINA,,
01t4w00000NumPMAAZ,SET BLOQUES 080 PIEZAS DOCTOR,,
01t4w00000NumPNAAZ,SET BLOQUES 130 PIEZAS,,
01t4w00000NumPOAAZ,SET BLOQUES 248 PIEZAS,,
01t4w00000NumPPAAZ,SET BLOQUES 030 PIEZAS,,
01t4w00000NumPQAAZ,SET BLOQUES 200 PIEZAS,,
01t4w00000NumPRAAZ,SET BLOQUES 030 PIEZAS,,
01t4w00000NumPSAAZ,SET BLOQUES 180 PIEZAS,,
01t4w00000NumPTAAZ,SET BLOQUES 042 PIEZAS,,
01t4w00000NumPUAAZ,SET BLOQUES 030 PIEZAS,,
01t4w00000NumPVAAZ,SET BLOQUES 042 PIEZAS,,
01t4w00000NumPWAAZ,SET BLOQUES 030 PIEZAS,,
01t4w00000NumPXAAZ,SET BLOQUES 030 PIEZAS,,
01t4w00000NumPYAAZ,SET BLOQUES 056 PIEZAS,,
01t4w00000NumPZAAZ,SET BLOQUES 030 PIEZAS,,
01t4w00000NumPaAAJ,SET BLOQUES ELEFANTE 062 PIEZAS,,
01t4w00000NumPbAAJ,SET BLOQUES 080 PIEZAS,,
01t4w00000NumPcAAJ,CAMIÓN DE BOMBEROS 012 PIEZAS,,
01t4w00000NumPdAAJ,SET BLOQUES 072 PIEZAS,,
01t4w00000NumPeAAJ,SET BLOQUES 080 PIEZAS,,
01t4w00000NumPfAAJ,CAMIÓN BLOQUES 015 PIEZAS,,
01t4w00000NumPgAAJ,COCHE GRANJERO 015 PIEZAS,,
01t4w00000NumPhAAJ,SET BLOQUES 068 PIEZAS,,
01t4w00000NumPiAAJ,SET BLOQUES 038 PIEZAS,,
01t4w00000NumPjAAJ,SET BLOQUES DE TIENDA 072 PIEZAS,,
01t4w00000NumPkAAJ,SET BLOQUES ELEFANTE 062 PIEZAS,,
01t4w00000NumPlAAJ,SET BLOQUES DE BOMBEROS 072 PIEZAS,,
01t4w00000NumPmAAJ,SET BLOQUES DE POLICÍA 072 PIEZAS,,
01t4w00000NumPnAAJ,SET BLOQUES DE CONSTRUCCIÓN 072 PIEZAS,,
01t4w00000NumPoAAJ,SET BLOQUES 045 PIEZAS,,
01t4w00000NumPqAAJ,BANCO BAR EAMS ACOLCHADO,,
01t4w00000NumPsAAJ,SILLA PLASTICO EAMS,,
01t4w00000NumPuAAJ,CENTRO ENTRETENIMIENTO,,
01t4w00000NumPwAAJ,SET COMEDOR MDF + 4 SILLAS,,
01t4w00000NumPyAAJ,SET COMEDOR MDF + 4 SILLAS,,
01t4w00000NumQ0AAJ,SET COMEDOR VIDRIO + 4 SILLAS,,
01t4w00000NumQ2AAJ,SET MESA + SILLAS CRAYON INFANTIL,,
01t4w00000NumQ4AAJ,SET MESA + SILLAS CRAYON INFANTIL,,
01t4w00000NumQ6AAJ,SET DE MESA CON SILLA INFANTIL,,
01t4w00000NumQ7AAJ,SET BLOQUES 056 PIEZAS,,
01t4w00000NumQ8AAJ,SET BLOQUES 048 PIEZAS,,
01t4w00000NumQ9AAJ,SET BLOQUES 045 PIEZAS,,
01t4w00000NumQAAAZ,SET BLOQUES 068 PIEZAS,,
01t4w00000NumQBAAZ,SET BLOQUES DE ANIMALES 032 PIEZAS,,
01t4w00000NumQCAAZ,SET BLOQUES DE ANIMALES 048 PIEZAS,,
01t4w00000NumQDAAZ,ESTACIÓN DE TREN 093 PIEZAS,,
01t4w00000NumQEAAZ,SET BLOQUES TORTUGA 055 PIEZAS,,
01t4w00000NumQGAAZ,JUEGO DE PESCA,,
01t4w00000NumQIAAZ,MECEDORA CON PUFF,,
01t4w00000NumQKAAZ,MECEDORA CON PUFF,,
01t4w00000NumQMAAZ,SILLON GIRATORIO 360*,,
01t4w00000NumQOAAZ,PERCHERO PARED MADERA,,
01t4w00000NumQRAAZ,PERCHERO PIE MADERA,,
01t4w00000NumQSAAZ,PERCHERO PARED MADERA,,
01t4w00000NumQUAAZ,PERCHERO PARED MADERA,,
01t4w00000NumQVAAZ,PERCHERO PARED MADERA,,
01t4w00000NumQXAAZ,PERCHERO PIE MADERA,,
01t4w00000NumQaAAJ,PERCHERO PIE MADERA,,
01t4w00000NumQbAAJ,PERCHERO PIE MADERA,,
01t4w00000NumQdAAJ,PERCHERO PIE MADERA,,
01t4w00000NumQjAAJ,BANCA RESINA PLEGABLE,,
01t4w00000NumQlAAJ,MESA RESINA PERSONAL,,
01t4w00000NumQnAAJ,MESA RESINA PLEGABLE ? 4 cm,,
01t4w00000NumQpAAJ,MESA RESINA PLEGABLE ? 4.5 cm,,
01t4w00000NumQrAAJ,MESA RESINA PLEGABLE ? 4.5 cm,,
01t4w00000NumR2AAJ,JUGUETERO 6 CAJONES DE TELA INFANTIL,,
01t4w00000NumR4AAJ,JUGUETERO 6 CAJONES DE TELA INFANTIL,,
01t4w00000NumR6AAJ,JUGUETERO 6 CAJONES DE TELA INFANTIL,,
01t4w00000NumR8AAJ,SILLA COMEDOR TELA,,
01t4w00000NumRYAAZ,PISTOLA DE BURBUJAS ESPACIO,,
01t4w00000NumRZAAZ,PISTOLA DE BURBUJAS CERDO,,
01t4w00000NumRaAAJ,PISTOLA DE BURBUJAS CICLON,,
01t4w00000NumRbAAJ,PISTOLA DE BURBUJAS UNICORNIO,,
01t4w00000NumRcAAJ,PISTOLA DE BURBUJAS CAMARA RANA,,
01t4w00000NumRdAAJ,PISTOLA DE BURBUJAS CAMARA OSO,,
01t4w00000NumReAAJ,PISTOLA DE BURBUJAS CAMARA ALAS,,
01t4w00000NumRfAAJ,PISTOLA DE BURBUJAS CAMARA,,
01t4w00000NumRgAAJ,PISTOLA DE BURBUJAS CAMARA,,
01t4w00000NumRhAAJ,PISTOLA DE BURBUJAS MARIPOSA,,
01t4w00000NumRiAAJ,PISTOLA DE BURBUJAS CAMARA,,
01t4w00000NumRjAAJ,PISTOLA DE BURBUJAS CAMARA,,
01t4w00000NumRkAAJ,PISTOLA DE BURBUJAS CAMARA CONEJO,,
01t4w00000NumRlAAJ,PISTOLA DE BURBUJAS CAMARA PRINCESA,,
01t4w00000NumRmAAJ,PISTOLA DE BURBUJAS CON LUZ Y MUSICA,,
01t4w00000NumRnAAJ,PISTOLA DE BURBUJAS PULPO,,
01t4w00000NumRoAAJ,PISTOLA DE BURBUJAS TAMBOR,,
01t4w00000NumRpAAJ,PISTOLA DE BURBUJAS DINO,,
01t4w00000NumRqAAJ,PISTOLA DE BURBUJAS ARDILLA,,
01t4w00000NumRrAAJ,PISTOLA DE BURBUJAS UNICORNIO SONIDO,,
01t4w00000NumRsAAJ,PISTOLA DE BUBUJAS CORTACESPED,,
01t4w00000NumRtAAJ,PISTOLA DE BURBUJAS UNICORNIO SONIDO Y LUZ,,
01t4w00000NumRuAAJ,PISTOLA DE BURBUJAS ASPAS,,
01t4w00000NumRvAAJ,PISTOLA DE BUBUJAS CORTACESPED,,
01t4w00000NumRwAAJ,PISTOLA DE BURBUJAS SOPLADOR,,
01t4w00000NumRxAAJ,PISTOLA DE BURBUJAS RANA,,
01t4w00000NumRyAAJ,PISTOLA DE BURBUJAS AUTOBUS,,
01t4w00000NumRzAAJ,PISTOLA DE BURBUJAS SOPLADOR,,
01t4w00000NumS0AAJ,PISTOLA DE BURBUJAS ASPAS,,
01t4w00000NumS1AAJ,PISTOLA DE BURBUJAS ASPAS,,
01t4w00000NumS2AAJ,PISTOLA DE BUBUJAS UNICORNIO,,
01t4w00000NumS3AAJ,RECAMBIO JABON,,
01t4w00000NumS4AAJ,RECAMBIO JABON,,
01t4w00000NumS5AAJ,DISPARADOR DE BURBUJAS,,
01t4w00000NumS6AAJ,RECAMBIO JABON,,
01t4w00000NumS7AAJ,DISPARADOR DE BURBUJAS HELADO,,
01t4w00000NumS8AAJ,DISPARADOR DE BURBUJAS HELADO,,
01t4w00000NumS9AAJ,RECAMBIO JABON,,
01t4w00000NumSBAAZ,MESA ESCRITORIO,,
01t4w00000NumSFAAZ,MESA ESCRITORIO,,
01t4w00000NumSHAAZ,SOFA,,
01t4w00000NumSKAAZ,SOFA,,
01t4w00000NumSLAAZ,SOFA CAMA,,
01t4w00000NumSNAAZ,SOFA CAMA,,
01t4w00000NumSPAAZ,MESA ESCRITORIO,,
01t4w00000NumSRAAZ,MESA ESCRITORIO,,
01t4w00000NumSTAAZ,MESA ESCRITORIO,,
01t4w00000NumSVAAZ,SET MESA + SILLAS,,
01t4w00000NumScAAJ,SOPORTE TV DE PARED ARTICULADO,,
01t4w00000NumSdAAJ,SOPORTE TV DE PARED CON INCLINACION,,
01t4w00000NumSeAAJ,SOPORTE TV DE PARED CON INCLINACION,,
01t4w00000NumSfAAJ,SOPORTE TV DE PARED CON INCLINACION,,
01t4w00000NumSgAAJ,SOPORTE TV DE PARED ARTICULADO,,
01t4w00000NumShAAJ,SOPORTE DE PARED ARTICULADO,,
01t4w00000NumSlAAJ,MESA RESINA PLEGABLE,,
01t4w00000NumSnAAJ,SET COMEDOR 5 PIEZAS,,
01t4w00000NumSpAAJ,MECEDORA CON PUFF,,
01t4w00000NumSrAAJ,SET COMEDOR 5 PIEZAS,,
01t4w00000NumStAAJ,SILLA PLAYA RECLINABLE CON COJIN (UNE EN-581),,
01t4w00000NumSwAAJ,SET COMEDOR PP 7 PIEZAS,,
01t4w00000NumSyAAJ,SET COMEDOR PP 7 PIEZAS,,
01t4w00000NumT0AAJ,SILLA PLEGABLE,,
01t4w00000NumT2AAJ,SILLA PLEGABLE,,
01t4w00000NumT3AAJ,MESA RESINA PLEGABLE ? 3.5 cm,,
01t4w00000NumT6AAJ,PISCINA DESMONTABLE RECTANGULAR SIN BOMBA,,
01t4w00000NumT7AAJ,PISCINA DESMONTABLE REDONDA CON BOMBA,,
01t4w00000NumT9AAJ,SET BISTRO METALICO PLEGABLE REDONDO,,
01t4w00000NumTBAAZ,SET PICNIC PLEGABLE,,
01t4w00000NumTEAAZ,MESA JARDIN RECTANGULAR,,
01t4w00000NumTFAAZ,SILLA COMEDOR PLASTICO,,
01t4w00000NumTHAAZ,SILLA COMEDOR PLASTICO,,
01t4w00000NumTJAAZ,SET MESA BAR + 2 TABURETES,,
01t4w00000NumTMAAZ,VENTILADOR TECHO CON LUZ 25W-35W,,
01t4w00000NumTNAAZ,VENTILADOR TECHO DE MADERA CON LED 35W-65W,,
01t4w00000NumTPAAZ,SET COMEDOR 5 PIEZAS,,
01t4w00000NumTQAAZ,ESCALERA DE SEGURIDAD PISCINA 2 PELDAÑOS,,
01t4w00000NumTSAAZ,SET MESA + SILLAS CRAYON INFANTIL,,
01t4w00000NumTUAAZ,SET MESA + SILLAS CRAYON INFANTIL,,
01t4w00000NumTWAAZ,ESTANTERIA CRAYON INFANTIL,,
01t4w00000NumTYAAZ,ESTANTERIA CRAYON INFANTIL,,
01t4w00000NumTaAAJ,CARRITO TRANSPORTADOR PLANTAS,,
01t4w00000NumTcAAJ,CARRITO TRANSPORTADOR PLEGABLE,,
01t4w00000NumTdAAJ,CARRITO TRANSPORTADOR PLEGABLE,,
01t4w00000NumTfAAJ,CARRITO TRANSPORTADOR PLEGABLE,,
01t4w00000NumTiAAJ,CARRITO TRANSPORTADOR PLEGABLE,,
01t4w00000NumTkAAJ,CARRITO TRANSPORTADOR PLEGABLE,,
01t4w00000NumTmAAJ,CARRITO TRANSPORTADOR PLEGABLE,,
01t4w00000NumToAAJ,CARRITO TRANSPORTADOR PLEGABLE,,
01t4w00000NumTqAAJ,CARRITO TRANSPORTADOR PLEGABLE,,
01t4w00000NumTsAAJ,CARRITO TRANSPORTADOR PLEGABLE,,
01t4w00000NumTuAAJ,GATO HIDRAULICO,,
01t4w00000NumTwAAJ,LAMPARA SEÑALIZADODRA,,
01t4w00000NumTyAAJ,SET 2 BUTACO TALLER PLEGABLE,,
01t4w00000NumU0AAJ,CARRO PLEGABLE 2 EN 1 ESCALERA,,
01t4w00000NumU2AAJ,CARRO PLEGABLE 2 EN 1 ESCALERA,,
01t4w00000NumU4AAJ,ESCALERA EXTENSIBLE PROFESIONAL,,
01t4w00000NumU5AAJ,ESCALERA EXTENSIBLE PROFESIONAL,,
01t4w00000NumU7AAJ,ESCALERA EXTENSIBLE PROFESIONAL,,
01t4w00000NumUBAAZ,ESCALERA DOMESTICA 3 NIVELES,,
01t4w00000NumUDAAZ,ESCALERA EXTENSIBLE PROFESIONAL,,
01t4w00000NumUEAAZ,ESCALERA EXTENSIBLE PROFESIONAL,,
01t4w00000NumUGAAZ,ESCALERA EXTENSIBLE PROFESIONAL,,
01t4w00000NumUIAAZ,TABURETE ANTIDESLIZANTE PLEGABLE,,
01t4w00000NumUKAAZ,ESCALERA EXTENSIBLE PROFESIONAL,,
01t4w00000NumUMAAZ,MESA RESINA PLEGABLE - ? 4 cm (100%),,
01t4w00000NumUPAAZ,PERCHERO ZAPATERO,,
01t4w00000NumUQAAZ,MESA ESCRITORIO + LIBRERO 2 NIVELES,,
01t4w00000NumUSAAZ,ESTANTERIA 4 NIVELES,,
01t4w00000NumUWAAZ,SILLA GAMING,,
01t4w00000NumUYAAZ,SILLA GAMING,,
01t4w00000NumUaAAJ,SILLA GAMING,,
01t4w00000NumUdAAJ,SILLON TELA + REPOSA PIES,,
01t4w00000NumUeAAJ,SILLA GAMING,,
01t4w00000NumUhAAJ,SILLON TELA,,
01t4w00000NumUiAAJ,BANCO BAR PU,,
01t4w00000NumUkAAJ,SILLA COMEDOR TELA,,
01t4w00000NumUmAAJ,SILLA COMEDOR TELA,,
01t4w00000NumUoAAJ,SILLA COMEDOR TELA,,
01t4w00000NumUpAAJ,SILLA DE COMEDOR TELA,,
01t4w00000NumUqAAJ,SILLA DE COMEDOR TELA,,
01t4w00000NumUtAAJ,SILLA DE COMEDOR TELA,,
01t4w00000NumUuAAJ,SILLA DE COMEDOR TELA,,
01t4w00000NumUwAAJ,SILLA DE COMEDOR TELA,,
01t4w00000NumUxAAJ,SILLA DE COMEDOR TELA,,
01t4w00000NumUyAAJ,SILLA DE COMEDOR TELA,,
01t4w00000NumV2AAJ,BANCO BAR BASIC,,
01t4w00000NumV4AAJ,BANCO BAR BASIC,,
01t4w00000NumV6AAJ,BANCO BAR MADRID,,
01t4w00000NumV8AAJ,BANCO BAR MADRID,,
01t4w00000NumVAAAZ,BANCO BAR BURGOS,,
01t4w00000NumVCAAZ,BANCO BAR BURGOS,,
01t4w00000NumVEAAZ,BANCO BAR ABS,,
01t4w00000NumVGAAZ,BANCO BAR ABS,,
01t4w00000NumVIAAZ,BANCO BAR BASIC,,
01t4w00000NumVKAAZ,BANCO BAR BASIC,,
01t4w00000NumVMAAZ,BANCO BAR BASIC,,
01t4w00000NumVNAAZ,BANCO BAR BASIC,,
01t4w00000NumVOAAZ,BANCO BAR BASIC,,
01t4w00000NumVPAAZ,BANCO BAR MADRID,,
01t4w00000NumVQAAZ,BANCO BAR BURGOS,,
01t4w00000NumVRAAZ,BANCO BAR BASIC,,
01t4w00000NumVSAAZ,BANCO BAR BURGOS,,
01t4w00000NumVTAAZ,BANCO BAR MADRID,,
01t4w00000NumVUAAZ,BANCO BAR MADRID,,
01t4w00000NumVVAAZ,BANCO BAR BURGOS,,
01t4w00000NumVWAAZ,BANCO BAR ABS,,
01t4w00000NumVXAAZ,BANCO BAR ABS,,
01t4w00000NumVYAAZ,BANCO BAR ABS,,
01t4w00000NumVaAAJ,BANCA RESINA PLEGABLE,,
01t4w00000NumVcAAJ,* MESA RESINA PLEGABLE ? 4 cm,,
01t4w00000NumVgAAJ,MESA RESINA PLEGABLE 152 CM,,
01t4w00000NumViAAJ,SET MESA + 2 BANCOS RESINA PLEGABLE,,
01t4w00000NumVkAAJ,MESA RESINA PLEGABLE - ? 4 cm,,
01t4w00000NumVmAAJ,SET MESA + 2 BANCOS RESINA PLEGABLE,,
01t4w00000NumVoAAJ,SILLA RESINA DOBLE,,
01t4w00000NumVqAAJ,MESA RESINA PERSONAL,,
01t4w00000NumVsAAJ,BANCO BAR BASIC,,
01t4w00000NumVuAAJ,BANCO BAR BASIC,,
01t4w00000NumVwAAJ,BANCO BAR BASIC,,
01t4w00000NumVyAAJ,BANCO BAR MADRID,,
01t4w00000NumW0AAJ,BANCO BAR MADRID,,
01t4w00000NumW2AAJ,BANCO BAR MADRID,,
01t4w00000NumW4AAJ,BANCO BAR BURGOS,,
01t4w00000NumW6AAJ,BANCO BAR BURGOS,,
01t4w00000NumW8AAJ,BANCO BAR BURGOS,,
01t4w00000NumWAAAZ,BANCO BAR ABS,,
01t4w00000NumWCAAZ,BANCO BAR ABS,,
01t4w00000NumWEAAZ,BANCO BAR ABS,,
01t4w00000NumWGAAZ,SET MESA ESCRITORIO + SILLA,,
01t4w00000NumWKAAZ,MESA RESINA IMITACION MADERA PLEGABLE,,
01t4w00000NumWMAAZ,SILLA RESINA IMITACION MADERA,,
01t4w00000NumWOAAZ,CALENTADOR PISO CERAMICA 950W,,
01t4w00000NumWQAAZ,CALENTADOR PISO CERAMICA 1800W,,
01t4w00000NumWTAAZ,CALENTADOR CERAMICA 600W,,
01t4w00000NumWUAAZ,CALENTADOR CERAMICA 950W,,
01t4w00000NumWWAAZ,CALENTADOR CERAMICA 500W,,
01t4w00000NumWYAAZ,CALENTADOR CERAMICA 950W,,
01t4w00000NumWbAAJ,CALENTADOR CERAMICA 1500W,,
01t4w00000NumWdAAJ,CALENTADOR CERAMICA WIFI 1500W,,
01t4w00000NumWeAAJ,CALENTADOR CERAMICA ECO TERMOSTATO 2000W,,
01t4w00000NumWgAAJ,CALENTADOR CERAMICA ECO TERMOSTATO 2000W,,
01t4w00000NumWiAAJ,CALENTADOR CERAMICA  2000W,,
01t4w00000NumWkAAJ,MESA ESCRITORIO,,
01t4w00000NumWmAAJ,SOFA CAMA,,
01t4w00000NumWoAAJ,CUNA MULTIFUNCION,,
01t4w00000NumWqAAJ,SET MESA ESCRITORIO + SILLA,,
01t4w00000NumWsAAJ,SET MESA ESCRITORIO + SILLA,,
01t4w00000NumWuAAJ,SET MESA ESCRITORIO + SILLA,,
01t4w00000NumWwAAJ,SET MESA ESCRITORIO + SILLA,,
01t4w00000NumWyAAJ,SET MESA ESCRITORIO + SILLA,,
01t4w00000NumWzAAJ,SILLA ORDENADOR,,H101058B
01t4w00000NumX0AAJ,SILLA ORDENADOR,,
01t4w00000NumX2AAJ,SILLA ORDENADOR,,
01t4w00000NumX3AAJ,SILLA ORDENADOR,,
01t4w00000NumX6AAJ,SILLA ORDENADOR,,
01t4w00000NumX8AAJ,MESA RESINA PLEGABLE ? 3.5 cm,,
01t4w00000NumXAAAZ,MESA RESINA PLEGABLE REDONDA ? 4 cm,,
01t4w00000NumXCAAZ,MESA RESINA PLEGABLE ? 3.5 cm,,
01t4w00000NumXEAAZ,MESA RESINA PLEGABLE REDONDA ? 4 cm,,
01t4w00000NumXGAAZ,MESA RESINA PLEGABLE ? 3.5 cm,,
01t4w00000NumXIAAZ,SILLA PLEGABLE PP,,
01t4w00000NumXKAAZ,SILLA PLEGABLE PP,,
01t4w00000NumXuAAJ,CALENTADOR PARED PANEL VIDRIO 450W,,
01t4w00000NumXvAAJ,CALENTADOR PARED PANEL METAL 450W,,
01t4w00000NumXwAAJ,CALENTADOR PISO 750/1250/2000W,,
01t4w00000NumXxAAJ,CALENTADOR CON RUEDAS PANEL VIDRIO LED 1000W CONTROL REMOTO,,
01t4w00000NumXyAAJ,CALENTADOR PISO 1500/2000W,,
01t4w00000NumXzAAJ,CALENTADOR CON RUEDAS PANEL 6CM,,
01t4w00000NumY0AAJ,CALENTADOR PISO 750/1250/2000W,,
01t4w00000NumY1AAJ,CALENTADOR PISO 500W,,
01t4w00000NumY2AAJ,CALENTADOR FUEGO LED 750/1200W,,
01t4w00000NumY3AAJ,CALENTADOR FUEGO LED 600/1200W,,
01t4w00000NumY4AAJ,SET EQUIPAJE 3 PZAS,,
01t4w00000NumY5AAJ,NECESER ORGANIZADOR ALUMINIO,,
01t4w00000NumY6AAJ,CALENTADOR PISO 1800W CONTROL REMOTO,,
01t4w00000NumY7AAJ,CALENTADOR CON RUEDAS 1000W 3 SALIDAS POTENCIA,,
01t4w00000NumY8AAJ,CLIMATIZADOR 900/1800W HEAT/COOL/FAN,,
01t4w00000NumY9AAJ,CLIMATIZADOR 750/1500W HEAT/COLD/FAN OSCILANTE,,
01t4w00000NumYAAAZ,CALENTADOR PISO 1000/2000W OSCILANTE,,
01t4w00000NumYBAAZ,SPLIT 1000/2000W HEAT/COLD/FAN CONTROL REMOTO,,
01t4w00000NumYCAAZ,CALENTADOR PISO 600W 2 SALIDAS POTENCIA,,
01t4w00000NumYDAAZ,CALENTADOR FUEGO LED 900/1800W,,
01t4w00000NumYEAAZ,CALENTADOR FUEGO LED 900/1800W,,
01t4w00000NumYFAAZ,CALENTADOR FUEGO LED 1000/2000W,,
01t4w00000NumYGAAZ,CALENTADOR CUARZO 1500W,,
01t4w00000NumYHAAZ,CALENTADOR FUEGO LED 850/1500W,,
01t4w00000NumYIAAZ,CALENTADOR FUEGO LED 850/1500W,,
01t4w00000NumYJAAZ,CLIMATIZADOR 1000/2000W HEAT/COOL/FAN,,
01t4w00000NumYKAAZ,CALENTADOR CUARZO 400/800/1200W 3 TUBOS,,
01t4w00000NumYLAAZ,CALENTADOR CUARZO CON RUEDAS 800/1600/1200/2400W 4 TUBOS TURBO FAN,,
01t4w00000NumYMAAZ,CALENTADOR FUEGO LED 900/1800W,,
01t4w00000NumYNAAZ,CLIMATIZADOR 1300/1500W HEAT/COOL/FAN,,
01t4w00000NumYOAAZ,CALENTADOR PISO 1000/2000W ECO OSCILANTE,,
01t4w00000NumYPAAZ,CALENTADOR FUEGO LED 900/1800W,,
01t4w00000NumYQAAZ,MALETA ABS,,
01t4w00000NumYRAAZ,SET EQUIPAJE 3 PZAS,,
01t4w00000NumYSAAZ,NECESER ORGANIZADOR ALUMINIO,,
01t4w00000NumYTAAZ,NECESER ORGANIZADOR ALUMINIO,,
01t4w00000NumYUAAZ,CALENTADOR FUEGO LED 600/1200W,,
01t4w00000NumYVAAZ,CLIMATIZADOR 1000/2000W HEAT/FAN,,
01t4w00000NumYWAAZ,CLIMATIZADOR 1000/2000W HEAT/COOL/FAN,,
01t4w00000NumYXAAZ,CLIMATIZADOR 1000/2000W FAN,,
01t4w00000NumYYAAZ,CALENTADOR PISO 750/1500W LED,,
01t4w00000NumYZAAZ,CALENTADOR FUEGO LED 900/1800W,,
01t4w00000NumYaAAJ,CALENTADOR FUEGO LED 750/1200W,,
01t4w00000NumYbAAJ,CALENTADOR BASE SOMBRILLA 1500W,,
01t4w00000NumYcAAJ,CLIMATIZADOR 1000/2000W HEAT/COOL/FAN,,
01t4w00000NumYdAAJ,CLIMATIZADOR 1000/2000W HEAT/FAN,,
01t4w00000NumYeAAJ,SET SOFAS PLASTICO 4 PIEZAS,,
01t4w00000NumYfAAJ,CALENTADOR PISO 1000/2000W OSCILANTE,,
01t4w00000NumYgAAJ,CALENTADOR CUARZO CON RUEDAS 1800W 3 TUBOS,,
01t4w00000NumYhAAJ,SET COMEDOR 9 PIEZAS PLASTICO,,
01t4w00000NumYiAAJ,SALA DE PATIO PP 4 PIEZAS,,
01t4w00000NumYjAAJ,CALENTADOR SOBREMESA 450W,,
01t4w00000NumYkAAJ,CLIMATIZADOR 750/1500W HEAT/COOL/FAN OSCILANTE,,
01t4w00000NumYlAAJ,CALENTADOR PISO 1200/2000W LED CONTROL REMOTO OSCILANTE,,
01t4w00000NumYmAAJ,CALENTADOR CUARZO PARED 600/1200W 2 TUBOS,,
01t4w00000NumYnAAJ,SET BISTRO PLASTICO 3 PIEZAS,,
01t4w00000NumYoAAJ,CLIMATIZADOR 750/1500W HEAT/COOL/FAN OSCILANTE,,
01t4w00000NumYpAAJ,CLIMATIZADOR 750/1500W HEAT/COLD/FAN OSCILANTE,,
01t4w00000NumYqAAJ,CALENTADOR PISO 600W/1200W HEAT/COLD/FAN OSCILANTE,,
01t4w00000NumYrAAJ,CLIMATIZADOR 1200/2000W HEAT/COLD/FAN CONTROL REMOTO,,
01t4w00000NumYtAAJ,CALENTADOR PISO 750/1500W CERAMICO LED OSCILANTE,,
01t4w00000NumYuAAJ,CALENTADOR PISO 1000/2000W CONTROL REMOTO OSCILANTE,,
01t4w00000NumYvAAJ,SPLIT 1000/2000W HEAT/COLD/FAN CONTROL REMOTO,,
01t4w00000NumYwAAJ,SALA DE PATIO PP 4 PIEZAS,,
01t4w00000NumYxAAJ,SPLIT 1000/2000W HEAT/COLD/FAN CONTROL REMOTO,,
01t4w00000NumYyAAJ,SET BISTRO PLASTICO WICKER 3 PIEZAS,,
01t4w00000NumZBAAZ,SILLON MECEDORA ARINDORAK PLASTICO WICKER,,
01t4w00000NumZCAAZ,SILLA COMEDOR PLASTICO,,
01t4w00000NumZDAAZ,SILLON ARINDORAK PLASTICO WICKER,,
01t4w00000NumZEAAZ,SALA DE PATIO PP 4 PIEZAS,,
01t4w00000NumZFAAZ,SET EQUIPAJE ABS 3 PZAS,,
01t4w00000NumZGAAZ,SILLON PLASTICO WICKER,,
01t4w00000NumZHAAZ,SET COMEDOR 5 PIEZAS AHORRAESPACIO PLASTICO,,
01t4w00000NumZIAAZ,SET JARDIN 5 PIEZAS PLASTICO,,
01t4w00000NumZJAAZ,SET EQUIPAJE ABS 3 PZAS,,
01t4w00000NumZKAAZ,SET EQUIPAJE PC 2 PZAS,,
01t4w00000NumZLAAZ,SET COMEDOR 5 PIEZAS PLASTICO,,
01t4w00000NumZMAAZ,SET COMEDOR 7 PIEZAS PLASTICO,,
01t4w00000NumZNAAZ,(INACTIVO) SALA DE PATIO PP 4 PIEZAS,,
01t4w00000NumZRAAZ,SALA DE PATIO PP 4 PIEZAS,,
01t4w00000NumZSAAZ,SET EQUIPAJE 3 PZAS ABS ALUMINIUM,,
01t4w00000NumZTAAZ,SET EQUIPAJE 3 PZAS PC ALUMINIUM,,
01t4w00000NumZUAAZ,SET EQUIPAJE ABS 3 PZAS,,
01t4w00000NumZVAAZ,SET EQUIPAJE PC 3 PZAS,,
01t4w00000NumZWAAZ,SET EQUIPAJE 3 PZAS PC ALUMINIUM,,
01t4w00000NumZXAAZ,SET EQUIPAJE ABS 3 PZAS,,
01t4w00000NumZaAAJ,SET EQUIPAJE PC 3 PZAS,,
01t4w00000NumZbAAJ,SET EQUIPAJE PC 3 PZAS,,
01t4w00000NumZeAAJ,SET EQUIPAJE 2 PZAS PC ALUMINIUM,,
01t4w00000NumZfAAJ,SET EQUIPAJE ABS 2 PZAS,,
01t4w00000NumZgAAJ,SET EQUIPAJE PC 2 PZAS,,
01t4w00000NumZhAAJ,SET EQUIPAJE ABS 2 PZAS,,
01t4w00000NumZiAAJ,SET EQUIPAJE PC 2 PZAS,,
01t4w00000NumZjAAJ,MALETA ABS,,
01t4w00000NumZkAAJ,SET EQUIPAJE ABS 2 PZAS,,
01t4w00000NumZlAAJ,SET EQUIPAJE ABS 2 PZAS,,
01t4w00000NumZmAAJ,SET EQUIPAJE 3 PZAS,,
01t4w00000NumZnAAJ,NECESER ORGANIZADOR ALUMINIO,,
01t4w00000NumZoAAJ,SET EQUIPAJE ABS 2 PZAS,,
01t4w00000NumZpAAJ,MALETA ABS,,
01t4w00000NumZqAAJ,MALETA PC,,
01t4w00000NumZsAAJ,MALETA PC,,
01t4w00000NumZtAAJ,SET MALETA CON NECESER,,
01t4w00000NumZuAAJ,SET EQUIPAJE 3 PZAS,,
01t4w00000NumZvAAJ,SET EQUIPAJE 3 PZAS,,
01t4w00000NumZwAAJ,NECESER ORGANIZADOR ALUMINIO,,
01t4w00000NumZxAAJ,NECESER ORGANIZADOR ACRILICO+ALUMINIO,,
01t4w00000NumZyAAJ,NECESER ORGANIZADOR ACRILICO+ALUMINIO,,
01t4w00000NumZzAAJ,JOYERO NECESER,,
01t4w00000Numa0AAB,JOYERO NECESER,,
01t4w00000Numa1AAB,JOYERO NECESER,,
01t4w00000Numa2AAB,NECESER ORGANIZADOR NYLON,,
01t4w00000Numa3AAB,JOYERO NECESER,,
01t4w00000Numa4AAB,NECESER ORGANIZADOR CON ESPEJO,,
01t4w00000Numa5AAB,JOYERO NECESER,,
01t4w00000Numa6AAB,ORGANIZADOR RELOJES,,
01t4w00000Numa7AAB,ORGANIZADOR RELOJES,,
01t4w00000Numa8AAB,ORGANIZADOR RELOJES,,
01t4w00000Numa9AAB,ORGANIZADOR RELOJES,,
01t4w00000NumaAAAR,ORGANIZADOR RELOJES PORTATIL,,
01t4w00000NumaBAAR,ORGANIZADOR RELOJES,,
01t4w00000NumaCAAR,ORGANIZADOR RELOJES,,
01t4w00000NumaDAAR,ORGANIZADOR RELOJES,,
01t4w00000NumaEAAR,NECESER ORGANIZADOR ALUMINIO,,
01t4w00000NumbeAAB,SILLA GIRATORIA HUEVO,,
01t4w00000NumbfAAB,MESA AUXILIAR CUADRADA,,
01t4w00000NumbgAAB,SILLA GIRATORIA HUEVO,,
01t4w00000NumbhAAB,MESA AUXILIAR REDONDA DOBLE,,
01t4w00000NumbiAAB,SET JARDIN 5 PIEZAS CON COJINES,,
01t4w00000NumbjAAB,SET COMEDOR 5 PIEZAS WICKER,,
01t4w00000NumblAAB,MESA AUXILIAR REDONDA,,
01t4w00000NumbmAAB,SET BISTRO WICKER,,
01t4w00000NumbnAAB,SET COMEDOR 5 PIEZAS,,
01t4w00000NumbpAAB,SILLA COMEDOR ACERO CON COJIN,,
01t4w00000NumbqAAB,SET JARDIN 4 PIEZAS,,
01t4w00000NumbtAAB,SET BISTRO WICKER MECEDORA CON COJINES,,
01t4w00000NumbuAAB,SET BISTRO WICKER CON COJINES,,
01t4w00000NumbvAAB,SET SOFA EN ESQUINA + MESA POLLYWOOD,,
01t4w00000NumbwAAB,SILLON MECEDORA RATTAN CON COJIN,,
01t4w00000NumbzAAB,SET JARDIN 4 PIEZAS CON COJINES,,
01t4w00000Numc3AAB,SET BISTRO WICKER GIRATORIO CON COJINES,,
01t4w00000Numc4AAB,SILLON RATTAN CON COJINES + REPOSAPIES,,
01t4w00000NumcQAAR,BANCO BAR METAL,,
01t4w00000NumcRAAR,SILLA PLASTICO EAMS,,
01t4w00000NumcSAAR,SILLA COMEDOR PLASTICO,,
01t4w00000NumcTAAR,SILLA PLASTICO EAMS,,
01t4w00000NumcUAAR,SILLA COMEDOR TELA,,
01t4w00000NumcVAAR,SILLA PLASTICO EAMS ACOLCHADA,,
01t4w00000NumcWAAR,SILLA COMEDOR PLASTICO,,
01t4w00000NumcXAAR,SILLA PLASTICO EAMS,,
01t4w00000NumcYAAR,SILLA PLASTICO EAMS,,
01t4w00000NumcZAAR,SILLA PLASTICO EAMS,,
01t4w00000NumcbAAB,SILLA COMEDOR PLASTICO,,
01t4w00000NumccAAB,SILLA COMEDOR TELA ACOLCHADA,,
01t4w00000NumcdAAB,SILLA COMEDOR TELA,,
01t4w00000NumceAAB,SILLA PLASTICO EAMS,,
01t4w00000NumcfAAB,BANCO BAR EAMS ACOLCHADO,,
01t4w00000NumcgAAB,TUMBONA DOBLE,,
01t4w00000NumchAAB,TUMBONA,,
01t4w00000NumciAAB,TUMBONA PP,,
01t4w00000NumcjAAB,SILLA COMEDOR TELA,,
01t4w00000NumckAAB,SILLA PLASTICO EAMS ACOLCHADA,,
01t4w00000NumclAAB,SILLA COMEDOR PLASTICO APILABLE,,
01t4w00000NumcmAAB,SILLA PLASTICO EAMS ACOLCHADA,,
01t4w00000NumcnAAB,SILLA PLASTICO EAMS,,
01t4w00000NumcoAAB,ESTANTERIA BAÑO WC 1 NIVEL+ARMARIO,,
01t4w00000NumcpAAB,APARADOR 2 CAJONES,,
01t4w00000NumcqAAB,GABINETE PARED CON PUERTAS,,
01t4w00000NumcrAAB,SILLA PLASTICO EAMS ACOLCHADA,,
01t4w00000NumcsAAB,SILLA COMEDOR TELA ACOLCHADO,,
01t4w00000NumctAAB,APARADOR 3 CAJONES,,
01t4w00000NumcuAAB,MESA BURO 2 CAJONES,,
01t4w00000NumcvAAB,SILLA ORDENADOR,,
01t4w00000NumcwAAB,SILLA COMEDOR PLASTICO APILABLE,,
01t4w00000NumcxAAB,SILLA COMEDOR PLASTICO,,
01t4w00000NumcyAAB,SILLA PLASTICO EAMS,,
01t4w00000NumczAAB,SILLA COMEDOR TELA,,
01t4w00000Numd0AAB,SILLA COMEDOR PLASTICO APILABLE,,
01t4w00000Numd1AAB,SILLA COMEDOR PLASTICO APILABLE,,
01t4w00000Numd2AAB,MESA BURO 1 CAJON,,
01t4w00000Numd3AAB,SILLA COMEDOR PLASTICO,,
01t4w00000Numd4AAB,MESA COMEDOR REDONDA,,
01t4w00000Numd5AAB,MESA BURO 2 CAJONES,,
01t4w00000Numd6AAB,MESA BURO 3 CAJONES,,
01t4w00000Numd7AAB,SILLA COMEDOR PLASTICO,,
01t4w00000Numd8AAB,TABURETE TELA,,
01t4w00000Numd9AAB,MESA COMEDOR RECTANGULAR,,
01t4w00000NumdAAAR,MESA COMEDOR CUADRADA,,
01t4w00000NumdBAAR,"(INACTIVO) VENTILADOR SOBREMESA 6"" 15W",,
01t4w00000NumdCAAR,MESA BURO 3 CAJONES,,
01t4w00000NumdDAAR,MESA BURO 2 CAJONES,,
01t4w00000NumdEAAR,"VENTILADOR SOBREMESA 12"" 40W",,
01t4w00000NumdFAAR,MESA BURO 1 CAJON,,
01t4w00000NumdGAAR,SILLA COMEDOR PLASTICO APILABLE,,
01t4w00000NumdHAAR,MESA BURO 2 CAJONES,,
01t4w00000NumdIAAR,SILLON TELA + REPOSA PIES,,
01t4w00000NumdLAAR,"(INACTIVO) VENTILADOR CLIP 6"" 15W",,
01t4w00000NumdMAAR,"(INACTIVO) VENTILADOR SOBREMESA 6"" 50W OSCILANTE",,
01t4w00000NumdNAAR,"VENTILADOR DE ESCRITORIO DE 8"", BASE DE 4""",,
01t4w00000NumdOAAR,"VENTILADOR DE ESCRITORIO DE 7""",,
01t4w00000NumdPAAR,"VENTILADOR SOBREMESA 9"" 35W",,
01t4w00000NumdRAAR,"(INACTIVO) VENTILADOR SOBREMESA 7"" 30W",,
01t4w00000NumdSAAR,"?INACTIVO) VENTILADOR SOBREMESA 9"" 30W",,
01t4w00000NumdVAAR,"(INACTIVO) VENTILADOR PISO 12"" 40W 3 VELOCIDADES OSCILANTE",,
01t4w00000NumdWAAR,"(INACTIVO) VENTILADOR PISO 12"" 2000W",,
01t4w00000NumdXAAR,"VENTILADOR DE ESCRITORIO DE 12"", 3 ASPAS",,
01t4w00000NumdaAAB,"(INACTIVO) VENTILADOR SOBREMESA 12"" 35W",,
01t4w00000NumdbAAB,"(INACTIVO) VENTILADOR PARED 16"" 40W",,
01t4w00000NumdcAAB,"VENTILADOR PISO 16"" 55W",,
01t4w00000NumddAAB,"VENTILADOR PISO 16"" 55W 3 VELOCIDADES OSCILANTE",,
01t4w00000NumdeAAB,"(INACTIVO) VENTILADOR PISO 16"" 50W",,
01t4w00000NumdgAAB,"VENTILADOR PISO 16"" 55W",,
01t4w00000NumdhAAB,"(INACTIVO) VENTILADOR SOBREMESA 12"" 55W 3 VELOCIDADES",,
01t4w00000NumdiAAB,"VENTILADOR PISO 16"" 55W",,
01t4w00000NumdjAAB,"VENTILADOR PISO 16"" 55W",,
01t4w00000NumdkAAB,"VENTILADOR PISO 16"" 55W",,
01t4w00000NumdlAAB,"VENTILADOR PISO 16"" 45W 3 VELOCIDADES",,
01t4w00000NumdnAAB,"VENTILADOR PISO 16"" 45W 3 VELOCIDADES",,
01t4w00000NumdpAAB,"VENTILADOR SOBREMESA 16"" 55W 3 VELOCIDADES",,
01t4w00000NumdqAAB,"VENTILADOR PISO 16"" 55W 3 VELOCIDADES+3 TIPOS VIENTOS",,
01t4w00000NumdrAAB,"VENTILADOR PISO 16"" 60W",,
01t4w00000NumdsAAB,"VENTILADOR SOBREMESA 9"" 25W",,
01t4w00000NumdtAAB,"VENTILADOR PISO 16"" 55W 3 VELOCIDADES LED DISPLAY OSCILANTE",,
01t4w00000NumduAAB,"VENTILADOR DE PIE DE 18"", 3 EN 1",,
01t4w00000NumdvAAB,"VENTILADOR PISO 16"" 60W",,
01t4w00000NumdwAAB,"VENTILADOR PISO 16"" 60W",,
01t4w00000NumdxAAB,"VENTILADOR SOBREMESA AJUSTABLE 4"" 15W",,
01t4w00000NumdzAAB,"VENTILADOR PISO 12"" 20W 3 TIPOS VIENTOS OSCILANTE",,
01t4w00000Nume0AAB,"VENTILADOR PISO 14"" 20W 3 TIPOS VIENTO OSCILANTE",,
01t4w00000Nume1AAB,"VENTILADOR TORRE 12"" 15W LED 2 VELOCIDADES OSCILANTE",,
01t4w00000Nume2AAB,"VENTILADOR PISO 16"" 60W",,
01t4w00000Nume3AAB,"VENTILADOR INDUSTRIAL 16"" 90W",,
01t4w00000Nume4AAB,"VENTILADOR SOBREMESA 10"" 40W",,
01t4w00000Nume8AAB,"VENTILADOR INDUSTRIAL 14"" 45W",,
01t4w00000NumeBAAR,"VENTILADOR INDUSTRIAL 20"" 120W CON RUEDAS",,
01t4w00000NumeCAAR,"VENTILADOR NEBULIZADOR 16"" 100W",,
01t4w00000NumeEAAR,"VENTILADOR TORRE 31"" 60W LED 3 VELOCIDADES OSCILANTE",,
01t4w00000NumeFAAR,"VENTILADOR TORRE 31"" 60W LED 3 VELOCIDADES OSCILANTE",,
01t4w00000NumebAAB,VENTILADOR DE TORRE DE 43 PULGADAS CON CONTROL REMOTO.,,
01t4w00000NumeeAAB,CARRITO AUXILIAR ACERO 3 NIVELES,,
01t4w00000NumefAAB,ESTANTERIA BAÑO 3 NIVELES,,
01t4w00000NumegAAB,ESTANTERIA BAÑO WC 2 NIVELES,,
01t4w00000NumehAAB,CARRITO AUXILIAR METALICO 3 NIVELES PLEGABLE,,
01t4w00000NumeiAAB,CARRITO AUXILIAR METALICO 3 NIVELES,,
01t4w00000NumejAAB,ESTANTERIA BAÑO WC 4 NIVELES,,
01t4w00000NumekAAB,CARRO LAVANDERIA CON RUEDAS,,
01t4w00000NumelAAB,CARRO LAVANDERIA+PERCHERO CON RUEDAS,,
01t4w00000NumemAAB,CARRO LAVANDERIA CON RUEDAS,,
01t4w00000NumenAAB,CARRITO ORGANIZADOR COCINA 2 NIVELES,,
01t4w00000NumeoAAB,PERCHERO METAL+MADERA,,
01t4w00000NumepAAB,ESTANTERIA 4 NIVELES CON BARRA COCINA+GANCHOS,,
01t4w00000NumeqAAB,PERCHERO METAL+MADERA,,
01t4w00000NumerAAB,ESTANTERIA LAVANDERIA 3 NIVELES,,
01t4w00000NumesAAB,PERCHERO METAL+MADERA,,
01t4w00000NumetAAB,ESTANTERIA BAÑO WC 3 NIVELES,,
01t4w00000NumeuAAB,ESTANTERIA BAÑO 4 NIVELES,,
01t4w00000NumevAAB,CARRITO AUXILIAR METALICO 3 NIVELES,,
01t4w00000NumewAAB,CARRO LAVANDERIA,,
01t4w00000NumexAAB,ESTANTERIA BAÑO WC 2 NIVELES EXTENSIBLE+PERCHERO,,
01t4w00000NumeyAAB,CARRITO AUXILIAR METALICO 3 NIVELES PLEGABLE,,
01t4w00000NumezAAB,SILLA PLAYA,,
01t4w00000Numf0AAB,SILLA PLAYA,,
01t4w00000Numf2AAB,SILLA PLEGABLE CAMPING CON NEVERA,,
01t4w00000Numf3AAB,SILLA PLAYA,,
01t4w00000Numf4AAB,SILLA PLAYA,,
01t4w00000Numf5AAB,SILLA PLAYA,,
01t4w00000Numf6AAB,SILLA PLAYA CON REPOSAPIES,,
01t4w00000Numf7AAB,SILLA PLEGABLE CAMPING,,
01t4w00000Numf8AAB,SILLA PLAYA,,
01t4w00000Numf9AAB,SILLA PLAYA,,
01t4w00000NumfAAAR,SILLA PLAYA CON BOLSA NEVERA,,
01t4w00000NumfBAAR,SILLA PLEGABLE CAMPING,,
01t4w00000NumfCAAR,SILLA PLEGABLE CAMPING,,
01t4w00000NumfDAAR,GAZEBO RECTANGULAR,,
01t4w00000NumfEAAR,CARPA POLIESTER TRIPLE CON VENTANAS,,
01t4w00000NumfFAAR,GAZEBO RECTANGULAR,,
01t4w00000NumfHAAR,NEVERA PORTATIL PLAYA,,
01t4w00000NumfIAAR,SILLA PLAYA CON COJIN,,
01t4w00000NumfJAAR,SILLA PLAYA,,
01t4w00000NumfKAAR,MESA JARDIN REDONDA,,
01t4w00000NumfLAAR,SILLA PLEGABLE CAMPING CON RESPALDO+NEVERA,,
01t4w00000NumfMAAR,SILLA COMEDOR ALUMINIO TEXTILENO,,
01t4w00000NumfNAAR,SILLA INFANTIL PLAYA,,
01t4w00000NumfOAAR,SILLA PLAYA RECLINABLE,,
01t4w00000NumfPAAR,SILLA PLAYA,,
01t4w00000NumfQAAR,SILLA PLAYA,,
01t4w00000NumfSAAR,SILLA PLAYA,,
01t4w00000NumfTAAR,GAZEBO RECTANGULAR TOLDO RETRACTIL,,
01t4w00000NumfUAAR,SILLA PLAYA RECLINABLE CON COJIN,,
01t4w00000NumfVAAR,COLUMPIO BALANCIN DOBLE INFANTIL,,
01t4w00000NumfZAAR,SILLA PLAYA ACOLCHADA,,
01t4w00000NumfaAAB,TUMBONA PLAYA,,
01t4w00000NumfbAAB,TUMBONA PLAYA CON COJIN,,
01t4w00000NumfcAAB,SILLA INFANTIL PLAYA,,
01t4w00000NumfdAAB,SILLA PLAYA RECLINABLE CON COJIN,,
01t4w00000NumfeAAB,SILLA INFANTIL PLAYA,,
01t4w00000NumfgAAB,COLUMPIO BALANCIN TRIPLE,,
01t4w00000NumfhAAB,TUMBONA INFANTIL PLEGABLE PLAYA,,
01t4w00000NumfiAAB,SET INFANTIL 5 PIEZAS TEXTILENO CON SOMBRILLA,,
01t4w00000NumfjAAB,GAZEBO CUADRADO CON MOSQUITERA,,
01t4w00000NumflAAB,TUMBONA INFANTIL PLEGABLE PLAYA,,
01t4w00000NumfsAAB,GAZEBO CUADRADO TOLDO RETRACTIL,,
01t4w00000NumftAAB,GAZEBO CUADRADO CON CORTINAS,,
01t4w00000NumfuAAB,GAZEBO CIRCULAR CON CORTINAS,,
01t4w00000NumfvAAB,GAZEBO RECTANGULAR CON BANCOS,,
01t4w00000NumgaAAB,MUÑECA BÁSICA CON ACCESORIOS,,
01t4w00000NumgbAAB,MUÑECA CON ACCESORIOS MÉDICO,,
01t4w00000NumgcAAB,MUÑECA CON ACCESORIOS,,
01t4w00000NumgdAAB,MUÑECA CON ACCESORIOS,,
01t4w00000NumgeAAB,SET DE COCINA 3 EN 1,,
01t4w00000NumgfAAB,SET MASCOTA MOCHILA,,
01t4w00000NumggAAB,MUÑECA CON ACCESORIOS Y VESTIDOS,,
01t4w00000NumghAAB,MUÑECA CON ACCESORIOS COCINA,,
01t4w00000NumgiAAB,SET DE HERRAMIENTAS 3 EN 1,,
01t4w00000NumgjAAB,SET DE COCINA BÁSICO EN MALETA,,
01t4w00000NumgkAAB,SET BÁSICO DE HERRAMIENTAS EN MALETÍN,,
01t4w00000NumglAAB,TOCADOR DE BELLEZA MUSICAL,,
01t4w00000NumgmAAB,SET GRANDE SUPERMERCADO CON CANASTA,,
01t4w00000NumgnAAB,SET DE COCINA MOCHILA,,
01t4w00000NumgoAAB,MUÑECA CON ACCESORIOS HELADOS,,
01t4w00000NumgpAAB,SET DE HERRAMIENTAS MOCHILA,,
01t4w00000NumgqAAB,TOCADOR DE BELLEZA EN MALETÍN,,
01t4w00000NumgrAAB,SET CHICO DE DOCTOR 3 EN 1,,
01t4w00000NumgsAAB,BOLICHE GRANDE 12 PZAS,,
01t4w00000NumgtAAB,BOLICHE 7 PZAS,,
01t4w00000NumguAAB,COCINA FAST FOOD,,
01t4w00000NumgvAAB,TOCADOR DE BELLEZA CORAZÓN MUSICAL,,
01t4w00000NumgwAAB,"COCINA CON HORNO, LUZ Y SONIDO",,
01t4w00000NumgxAAB,CARRITO SUPERMERCADO 3 EN 1 CON ACCESORIOS,,
01t4w00000NumgyAAB,SET DE COCINA EN MALETÍN,,
01t4w00000NumgzAAB,SET DE BELLEZA CON JOYAS,,
01t4w00000Numh0AAB,SET DE COCINA GRANDE,,
01t4w00000Numh1AAB,BOLICHE MEDIANO 7 PZAS,,
01t4w00000Numh3AAB,SET DE HERRAMIENTAS CHICO,,
01t4w00000Numh4AAB,SET DE DIBUJO BÁSICO,,
01t4w00000Numh5AAB,PIZARRA LIBRO,,
01t4w00000Numh6AAB,TOCADOR DE BELLEZA CON BANCO,,
01t4w00000Numh7AAB,SET DE DIBUJO NIÑA,,
01t4w00000Numh8AAB,PIZARRA MÁGICA SELVA,,
01t4w00000Numh9AAB,BOLICHE GRANDE 7 PZAS,,
01t4w00000NumhAAAR,BOLICHE CHICO  7 PZAS,,
01t4w00000NumhBAAR,BOLICHE GRANDE 12 PZAS,,
01t4w00000NumhCAAR,SET DE DIBUJO NIÑO,,
01t4w00000NumhDAAR,PIZARRA MÁGICA BÁSICA,,
01t4w00000NumhEAAR,MESA DOBLE DE DIBUJO,,
01t4w00000NumhFAAR,JUEGO DE TIRO CON AROS,,
01t4w00000NumhGAAR,SET DE HERRAMIENTAS EN MALETÍN,,
01t4w00000NumhHAAR,SET DE HERRAMIENTAS ROJO,,
01t4w00000NumhIAAR,MESA DE DIBUJO BÁSICA,,
01t4w00000NumhJAAR,MESA CON PIZARRA,,
01t4w00000NumhKAAR,SET DE BELEZA PORTABLE EN MALETA,,
01t4w00000NumhLAAR,SET MÉDICO CON MALETÍN,,
01t4w00000NumhMAAR,SET DE COCINA MEDIANO,,
01t4w00000NumhNAAR,SET DE HERRAMIENTAS MEDIANO,,
01t4w00000NumhOAAR,ARCO CON FLECHAS Y DIANA,,
01t4w00000NumhPAAR,"PATINES PREESCOLARES 7"" A 8""",,
01t4w00000NumhQAAR,CANASTA DE BÁSQUETBOL CHICA,,
01t4w00000NumhRAAR,CANASTA DE BÁSQUETBOL CON BALÓN,,
01t4w00000NumhSAAR,COLUMPIO SILLA,,
01t4w00000NumhTAAR,COLUMPIO BÁSICO,,
01t4w00000NumhUAAR,ARCO Y FLECHAS CON BASE,,
01t4w00000NumhVAAR,"PATINES 6"" A 8.5""",,
01t4w00000NumhWAAR,PERCHERO ORGANIZADOR 3 NIVELES,,
01t4w00000NumhXAAR,ESTANTERIA 4 NIVELES,,
01t4w00000NumhYAAR,ESTANTERIA 4 NIVELES,,
01t4w00000NumhZAAR,GAZEBO HEXAGONAL CON CORTINAS,,
01t4w00000NumhaAAB,GAZEBO RECTANGULAR,,
01t4w00000NumhbAAB,ARCO CON FLECHAS,,
01t4w00000NumhcAAB,COLUMPIO DOBLE,,
01t4w00000NumhdAAB,"PATINES 7"" A 8.5""",,
01t4w00000NumheAAB,COLUMPIO LLANTA,,
01t4w00000NumhfAAB,GAZEBO CUADRADO,,
01t4w00000NumhgAAB,GAZEBO RECTANGULAR CON MOSQUITERA,,
01t4w00000NumhhAAB,ESTANTERIA 4 NIVELES,,
01t4w00000NumhiAAB,"PATINES 7"" A 8.5""",,
01t4w00000NumhjAAB,PATINES PREESCOLARES,,
01t4w00000NumhkAAB,MESA ESCRITORIO + LIBRERO 4 NIVELES,,
01t4w00000NumhlAAB,MESA LATERAL AUXILIAR,,
01t4w00000NumhmAAB,ESTANTERIA 4 NIVELES,,
01t4w00000NumhnAAB,MESA ESCRITORIO + LIBRERO 1 NIVEL,,
01t4w00000NumhoAAB,ESTANTERIA 3 NIVELES,,
01t4w00000NumhpAAB,PERCHERO ORGANIZADOR 2 NIVELES,,
01t4w00000NumhqAAB,ORGANIZADOR ZAPATOS 4 NIVELES DOBLE,,
01t4w00000NumhrAAB,"PATINES 7"" A 8.5""",,
01t4w00000NumhsAAB,GAZEBO RECTANGULAR CON MOSQUITERA,,
01t4w00000NumhtAAB,PORTERÍA,,
01t4w00000NumhuAAB,BANCO BAR ACERO,,
01t4w00000NumhvAAB,SET MESAS AUXILIARES 3 PIEZAS,,
01t4w00000NumhwAAB,ESTANTERIA 3 NIVELES,,
01t4w00000NumhxAAB,ESTANTERIA 4 NIVELES,,
01t4w00000NumhyAAB,GAZEBO RECTANGULAR TOLDO RETRACTIL+PARED,,
01t4w00000NumhzAAB,SET DE BALONES,,
01t4w00000Numi0AAB,SET FUTBOL,,
01t4w00000Numi1AAB,JUEGO DE TIRO CON CANASTAS,,
01t4w00000Numi3AAB,JUEGO DE TIRO CON DISCOS,,
01t4w00000Numi4AAB,PIZARRA CHICA,,
01t4w00000Numi5AAB,GAZEBO HEXAGONAL CON MOSQUITERA,,
01t4w00000Numi7AAB,BANDEJA LAPTOP,,
01t4w00000Numi8AAB,ESTANTERIA 5 NIVELES ORGANIZADOR VASOS,,
01t4w00000Numi9AAB,CAJONERA 2 NIVELES + 2 ESTANTES,,
01t4w00000NumiAAAR,CAJA ORGANIZADOR,,
01t4w00000NumiBAAR,ORGANIZADOR ZAPATOS COLGANTE 6 NIVELES,,
01t4w00000NumiCAAR,APARADOR 1 CAJON,,
01t4w00000NumiDAAR,PERCHERO ORGANIZADOR DOBLE,,
01t4w00000NumiEAAR,CESTO LAVANDERIA,,
01t4w00000NumiFAAR,CAJA ORGANIZADOR,,
01t4w00000NumiGAAR,ESTANTERIA 4 NIVELES ORGANIZADOR VASOS+VINO,,
01t4w00000NumiHAAR,ESTANTERIA 6 NIVELES ORGANIZADOR VINO,,
01t4w00000NumiIAAR,ORGANIZADOR ZAPATOS 4 NIVELES,,
01t4w00000NumiJAAR,ORGANIZADOR ZAPATOS COLGANTE 10 NIVELES,,
01t4w00000NumiKAAR,MISIL SPORT,,
01t4w00000NumiLAAR,PIZARRA MÁGICA PEZ,,
01t4w00000NumiMAAR,PIZARRA EN MALETÍN,,
01t4w00000NumiNAAR,CAJONERA 4 NIVELES,,
01t4w00000NumiOAAR,CAJONERA 5 NIVELES,,
01t4w00000NumiRAAR,MESA APRENDIZAJE CON PIZARRA ROJA,,
01t4w00000NumiSAAR,ORGANIZADOR ZAPATOS 2 NIVELES,,
01t4w00000NumiTAAR,ORGANIZADOR ZAPATOS 3 NIVELES,,
01t4w00000NumiUAAR,PIZARRA GRANDE,,
01t4w00000NumiVAAR,BLOQUES BÁSICOS PLASTICO,,
01t4w00000NumiWAAR,ORGANIZADOR ROPA,,
01t4w00000NumiXAAR,MESA CON PIZARRA ROSA,,
01t4w00000NumiYAAR,GAZEBO CUADRADO CON VISERA+PARED,,
01t4w00000NumibAAB,CAJA ORGANIZADOR,,
01t4w00000NumicAAB,CAJA ORGANIZADOR,,
01t4w00000NumidAAB,GAZEBO RECTANGULAR CON CORTINAS,,
01t4w00000NumieAAB,GAZEBO RECTANGULAR CON VISERA,,
01t4w00000NumifAAB,MESA CON PIZARRA Y BANCO NIÑO,,
01t4w00000NumigAAB,MESA DE BILLAR,,
01t4w00000NumihAAB,MESA DE HOCKEY,,
01t4w00000NumijAAB,GAZEBO CUADRADO CON MOSQUITERA,,
01t4w00000NumimAAB,GAZEBO RECTANGULAR TOLDO RETRACTIL,,
01t4w00000NuminAAB,GAZEBO CUADRADO,,
01t4w00000NumioAAB,CARPA POLIESTER HEXAGONAL CON BARRA,,
01t4w00000NumipAAB,GAZEBO CUADRADO,,
01t4w00000NumiqAAB,GAZEBO PENTAGONAL,,
01t4w00000NumirAAB,GAZEBO CUADRADO CON BARRAS BAR+MOSQUITERA,,
01t4w00000NumisAAB,GAZEBO RECTANGULAR CON BANCOS+MOSQUITERA,,
01t4w00000NumitAAB,CARPA POLIESTER DOBLE,,
01t4w00000NumiuAAB,CARPA INFANTIL CASITA,,
01t4w00000NumivAAB,CARPA INFANTIL CON CORTINA,,
01t4w00000NumiwAAB,CARPA INFANTIL,,
01t4w00000NumixAAB,CARPA POLIESTER SOMBRILLA,,
01t4w00000NumiyAAB,COLUMPIO HAMACA CAMA CON MOSQUITERA,,
01t4w00000NumizAAB,CAJA ORGANIZADOR,,
01t4w00000Numj0AAB,COLUMPIO COLGANTE ACOLCHADO,,
01t4w00000Numj1AAB,COLUMPIO HAMACA CAMA,,
01t4w00000Numj2AAB,COLUMPIO BALANCIN DOBLE TIPO GAZEBO,,
01t4w00000Numj3AAB,COLUMPIO BALANCIN DOBLE,,
01t4w00000Numj4AAB,COLUMPIO BALANCIN TRIPLE,,
01t4w00000Numj5AAB,SILLA COMEDOR ALUMINIO RATTAN,,
01t4w00000Numj6AAB,BANCO RATTAN,,
01t4w00000Numj7AAB,SILLA COMEDOR RATAN,,
01t4w00000Numj8AAB,SILLA COMEDOR RATAN,,
01t4w00000Numj9AAB,SILLA COMEDOR,,
01t4w00000NumjAAAR,SILLA COMEDOR TELA,,
01t4w00000NumjBAAR,SILLA COMEDOR RATAN,,
01t4w00000NumjCAAR,SILLA COMEDOR RATTAN CON COJIN,,
01t4w00000NumjDAAR,SILLA COMEDOR TELA,,
01t4w00000NumjEAAR,SILLA COMEDOR CUERDA CON COJIN,,
01t4w00000NumjFAAR,SILLA COMEDOR RATTAN,,
01t4w00000NumjGAAR,SILLA COMEDOR RATTAN,,
01t4w00000NumjHAAR,SILLA COMEDOR RATTAN,,
01t4w00000NumjIAAR,BANCO RATTAN,,
01t4w00000NumkYAAR,CALENTADOR PISO 400/800/1200/1600W OSCILANTE,,
01t4w00000NumkZAAR,CALENTADOR PISO 400/800/1200/1600W OSCILANTE CONTROL REMOTO,,
01t4w00000NumkaAAB,CALENTADOR PISO 400/800/1200W OSCILANTE,,
01t4w00000NumkbAAB,CALENTADOR CARBONO 500/1000W OSCILANTE,,
01t4w00000NumkcAAB,CALENTADOR PISO 400/800/1200/1600W OSCILANTE,,
01t4w00000NumkdAAB,CALENTADOR PISO 400/800/1200W OSCILANTE,,
01t4w00000NumkeAAB,CALENTADOR PATIO 900/1500W PISO/SETA,,
01t4w00000NumkfAAB,CALENTADOR PISO 400/800/1200W OSCILANTE,,
01t4w00000NumkgAAB,CALENTADOR PISO 400/800/1200W OSCILANTE,,
01t4w00000NumkhAAB,CALENTADOR BAÑO PARED 1000/2000W,,
01t4w00000NumkiAAB,BANCO INFANTIL ANIMAL,,
01t4w00000NumkjAAB,BANCO INFANTIL ANIMAL CON ALMACENAJE,,
01t4w00000NumkkAAB,BANCO INFANTIL ANIMAL,,
01t4w00000NumklAAB,CALENTADOR CARBONO 1500W PORTATIL CONTROL REMOTO,,
01t4w00000NumkmAAB,RADIADOR ACEITE 2000W CON RUEDAS,,
01t4w00000NumknAAB,RADIADOR ACEITE 2000W PANTALLA LCD CON RUEDAS,,
01t4w00000NumkoAAB,RADIADOR ACEITE 1000W,,
01t4w00000NumkpAAB,RADIADOR ACEITE 600W,,
01t4w00000NumkqAAB,BANCO INFANTIL ANIMAL CON ALMACENAJE,,
01t4w00000NumkrAAB,BANCO INFANTIL ANIMAL,,
01t4w00000NumksAAB,RADIADOR ACEITE 2000W CON RUEDAS,,
01t4w00000NumkvAAB,CALENTADOR BAÑO PARED/SOBREMESA 2000W,,
01t4w00000NumkxAAB,CALENTADOR PATIO 650/1350/2000W PISO/LATERAL,,
01t4w00000NumkyAAB,BANCO INFANTIL ANIMAL,,
01t4w00000NumkzAAB,CALENTADOR PATIO 650/1350/2000W PARED/LATERAL,,
01t4w00000Numl0AAB,RADIADOR LIBRE ACEITE 1500W CON RUEDAS,,
01t4w00000Numl1AAB,RADIADOR LIBRE ACEITE 600W,,
01t4w00000Numl2AAB,CALENTADOR PATIO 900/1500W COLGANTE,,
01t4w00000Numl3AAB,BANCO INFANTIL ANIMAL,,
01t4w00000Numl4AAB,BANCO INFANTIL ANIMAL CON ALMACENAJE,,
01t4w00000Numl7AAB,BANCO INFANTIL ANIMAL CON ALMACENAJE,,
01t4w00000Numl8AAB,RADIADOR LIBRE ACEITE 1500W DISPLAY LCD CON RUEDAS,,
01t4w00000NumlMAAR,ESTRUCTURA CAMA,,
01t4w00000NumlNAAR,MESA BURO 1 CAJON,,
01t4w00000NumlOAAR,CLOSET MAJESTIC,,
01t4w00000NumlPAAR,CÓMODA 6 CAJONES MAJESTIC,,
01t4w00000NumlSAAR,ESPEJO MAJESTIC,,
01t4w00000NumlUAAR,CENTRO ENTRETENIMIENTO 1 CAJON,,
01t4w00000NumlVAAR,CENTRO ENTRETENIMIENTO 2 CAJONES,,
01t4w00000NumlWAAR,MESA AUXILIAR 2 CAJONES,,
01t4w00000NumlXAAR,MESA AUXILIAR 1 CAJON,,
01t4w00000NumlYAAR,MESA AUXILIAR 2 CAJONES,,
01t4w00000NumlZAAR,MESA AUXILIAR 1 CAJON,,
01t4w00000NumlaAAB,APARADOR 4 PUERTAS,,
01t4w00000NumlbAAB,APARADOR 2 PUERTAS,,
01t4w00000NumlcAAB,CENTRO ENTRETENIMIENTO 2 CAJONES,,
01t4w00000NumldAAB,MESA BURO 2 CAJONES,,
01t4w00000NumleAAB,APARADOR 2 PUERTAS,,
01t4w00000NumlfAAB,CENTRO ENTRETENIMIENTO 3 CAJONES,,
01t4w00000NumlgAAB,MESA BURO 2 CAJONES,,
01t4w00000NumlhAAB,CENTRO ENTRETENIMIENTO 3 CAJONES,,
01t4w00000NummKAAR,MUÑECAS EN MINIATURA COLECCIONABLES FASHION,,
01t4w00000NummLAAR,MUÑECAS EN MINIATURA COLECCIONABLES,,
01t4w00000NummMAAR,MUÑECAS EN MINIATURA COLECCIONABLES ANIMALITOS,,
01t4w00000NummNAAR,MUÑECAS COLECCIONABLES,,
01t4w00000NummOAAR,MUÑECAS EN MINIATURA COLECCIONABLES FRUTAS,,
01t4w00000NummPAAR,MUÑECAS COLECCIONABLES CON SOMBRILLA,,
01t4w00000NummQAAR,MUÑECAS COLECCIONABLES,,
01t4w00000NummRAAR,MUÑECAS COLECCIONABLES,,
01t4w00000NummSAAR,MUÑECAS COLECCIONABLES,,
01t4w00000NummTAAR,MUÑECAS COLECCIONABLES BRUJITA,,
01t4w00000NummUAAR,MUÑECAS COLECCIONABLES,,
01t4w00000NummVAAR,MUÑECAS COLECCIONABLES,,
01t4w00000NummWAAR,MUÑECAS COLECCIONABLES TRENSAS,,
01t4w00000NummXAAR,MUÑECAS COLECCIONABLES SHARK,,
01t4w00000NummYAAR,MUÑECAS COLECCIONABLES ARTE,,
01t4w00000NummZAAR,MUÑECAS COLECCIONABLES CHEF,,
01t4w00000NummaAAB,MUÑECAS COLECCIONABLES ENFERMERA,,
01t4w00000NummbAAB,"MUÑECAS COLECCIONABLES ""SAILOR""",,
01t4w00000NummcAAB,MUÑECAS COLECCIONABLES DISFRAZ,,
01t4w00000NummdAAB,MUÑECAS COLECCIONABLES MÉDICO,,
01t4w00000NummeAAB,MUÑECAS COLECCIONABLES,,
01t4w00000NummfAAB,MUÑECAS COLECCIONABLES,,
01t4w00000NumoDAAR,MUÑECAS COLECCIONABLES PASTORCITA,,
01t4w00000NumoEAAR,MUÑECAS COLECCIONABLES CANASTA,,
01t4w00000NumoFAAR,MUÑECAS COLECCIONABLES FRUTA,,
01t4w00000NumoHAAR,MUÑECAS COLECCIONABLES CAMPO,,
01t4w00000NumoIAAR,MUÑECAS COLECCIONABLES BUENAS NOCHES,,
01t4w00000NumoJAAR,MUÑECAS COLECCIONABLES,,
01t4w00000NumoKAAR,MUÑECAS COLECCIONABLES,,
01t4w00000NumoLAAR,MUÑECAS COLECCIONABLES,,
01t4w00000NumoNAAR,MUÑECAS COLECCIONABLES,,
01t4w00000NumoOAAR,MUÑECAS COLECCIONABLES BANANA,,
01t4w00000NumoPAAR,MUÑECAS COLECCIONABLES PRINCESA ROSA,,
01t4w00000NumoRAAR,MUÑECAS COLECCIONABLES,,
01t4w00000NumoSAAR,MUÑECAS COLECCIONABLES PRINCESA,,
01t4w00000NumoTAAR,MUÑECAS COLECCIONABLES DE VIAJE,,
01t4w00000NumoUAAR,MUÑECAS COLECCIONABLES LLUVIA,,
01t4w00000NumoVAAR,MUÑECAS COLECCIONABLES SPORT,,
01t4w00000NumoWAAR,MUÑECAS COLECCIONABLES INVIERNO,,
01t4w00000NumoXAAR,MUÑECAS COLECCIONABLES OSITO,,
01t4w00000NumoYAAR,MUÑECAS COLECCIONABLES CORAZONES,,
01t4w00000NumodAAB,APARADOR 3 CAJONES,,
01t4w00000NumoeAAB,APARADOR 3 PUERTAS,,
01t4w00000NumogAAB,MESA AUXILIAR,,
01t4w00000NumohAAB,MESA AUXILIAR,,
01t4w00000NumoiAAB,MESA AUXILIAR,,
01t4w00000NumojAAB,CENTRO ENTRETENIMIENTO 3 CAJONES,,
01t4w00000NumokAAB,PISTA DINOSAURIO AUTOS,,
01t4w00000NumolAAB,PISTA DRAGÓN - ARAÑA,,
01t4w00000NumomAAB,CENTRO ENTRETENIMIENTO 2 CAJONES,,
01t4w00000NumonAAB,APARADOR 2 PUERTAS,,
01t4w00000NumooAAB,APARADOR 2 PUERTAS + 3 CAJONES,,
01t4w00000NumopAAB,APARADOR 2 PUERTAS,,
01t4w00000NumoqAAB,APARADOR 3 CAJONES,,
01t4w00000NumorAAB,ORGANIZADOR ESCRITORIO 2 CAJONES BAMBÚ,,
01t4w00000NumosAAB,PISTA RACING,,
01t4w00000NumotAAB,MESA AUXILIAR 1 CAJON,,
01t4w00000NumouAAB,APARADOR 3 CAJONES,,
01t4w00000NumovAAB,MESA ESCRITORIO,,
01t4w00000NumowAAB,GARAGE BÁSICO,,
01t4w00000NumoxAAB,PISTA PTERODÁCTILO,,
01t4w00000NumozAAB,PISTA ESQUELETO DINOSAURIO,,
01t4w00000Nump0AAB,VEHÍCULOS CON OBSTÁCULOS,,
01t4w00000Nump1AAB,PISTA RACING LOOP RETO,,
01t4w00000Nump2AAB,PISTA DINOSAURIO,,
01t4w00000Nump3AAB,PISTA LEÓN,,
01t4w00000Nump4AAB,CENTRO ENTRETENIMIENTO 3 CAJONES,,
01t4w00000Nump5AAB,SET MESAS AUXILIARES 3 PIEZAS,,
01t4w00000Nump6AAB,SET MESAS AUXILIARES 2 PIEZAS,,
01t4w00000Nump7AAB,PISTA CONSTRUCCIÓN,,
01t4w00000Nump8AAB,PISTA CON LANZADOR Y LOOP,,
01t4w00000Nump9AAB,PISTA BÁSICA CON LANZADOR Y ACCESORIOS,,
01t4w00000NumpAAAR,APARADOR 2 PUERTAS + 3 CAJONES,,
01t4w00000NumpBAAR,APARADOR 2 CAJONES,,
01t4w00000NumpCAAR,MESA COMEDOR RECTANGULAR,,
01t4w00000NumpDAAR,MESA COMEDOR RECTANGULAR,,
01t4w00000NumpEAAR,APARADOR 5 NIVELES,,
01t4w00000NumpFAAR,MESA COMEDOR REDONDA CRISTAL,,
01t4w00000NumpGAAR,PISTA DINOSAURIO T-REX,,
01t4w00000NumpHAAR,ESTACIÓN DE BOMBEROS CON ACCESORIOS,,
01t4w00000NumpIAAR,PISTA DINOSAURIO,,
01t4w00000NumpJAAR,ESTACIÓN DE BOMBEROS CON ACCESORIOS GRANDE,,
01t4w00000NumpKAAR,PISTA GORILA,,
01t4w00000NumpLAAR,PISTA RACIN LOOP HOP,,
01t4w00000NumpNAAR,MESA COMEDOR RECTANGULAR CRISTAL,,
01t4w00000NumpOAAR,SET MESAS AUXILIARES 3 PIEZAS,,
01t4w00000NumpPAAR,PISTA LAUNCH LOOP SCORE,,
01t4w00000NumpQAAR,SET MESAS AUXILIARES 3 PIEZAS,,
01t4w00000NumpRAAR,PISTA ARAÑA DISPARO,,
01t4w00000NumpXAAR,MESA COMEDOR RECTANGULAR,,
01t4w00000NumpYAAR,PISTA BÁSICA,,
01t4w00000NumpcAAB,TOBOGÁN GRANDE,,
01t4w00000NumpeAAB,TOBOGÁN CHICO,,
01t4w00000NumpgAAB,PISTA DINOSAURIO LANZADOR,,
01t4w00000NumphAAB,CASITA CON TOBOGÁN,,
01t4w00000NumpjAAB,APARADOR 2 PUERTAS,,
01t4w00000NumpkAAB,CENTRO ENTRETENIMIENTO 3 CAJONES,,
01t4w00000NumplAAB,APARADOR 3 PUERTAS,,
01t4w00000NumpnAAB,PISTA DINOSAURIO T-REX GRANDE,,
01t4w00000NumpoAAB,GARAGE CON OBSTÁCULOS,,
01t4w00000NumpqAAB,CENTRO DE JUEGOS CON TOBOGÁN,,
01t4w00000NumprAAB,SET DE PISTAS,,
01t4w00000NumptAAB,PISTA DE CONSTRUCCIÓN CON ACCESORIOS,,
01t4w00000NumpuAAB,SET MESAS AUXILIARES 2 PIEZAS,,
01t4w00000NumpwAAB,ESTACIÓN DE POLICÍA,,
01t4w00000NumpxAAB,SET DE CONSTRUCCIÓN BÁSICO,,
01t4w00000NumpyAAB,PISTA DE CONSTRUCCIÓN GRUA,,
01t4w00000Numq2AAB,GARAGE CON ACCESORIOS,,
01t4w00000Numq9AAB,ESTANTERIA 4 NIVELES + CAJON,,
01t4w00000NumqAAAR,ESTANTE,,
01t4w00000NumqBAAR,ORGANIZADOR,,
01t4w00000NumqDAAR,ORGANIZADOR,,
01t4w00000NumqGAAR,ORGANIZADOR,,
01t4w00000NumqHAAR,ORGANIZADOR,,
01t4w00000NumqIAAR,ORGANIZADOR,,
01t4w00000NumqJAAR,2 EN 1 CABALLO MECEDORA ESCALERA,,
01t4w00000NumqNAAR,CASITA BÁSICA,,
01t4w00000NumqQAAR,CASITA CON CHIMENEA,,
01t4w00000NumqRAAR,MUÑECA EMILY CON MASCOTA,,
01t4w00000NumqSAAR,MUÑECA EMILY FASHION,,
01t4w00000NumqTAAR,MUÑECA MULISHA OBEJA,,
01t4w00000NumqUAAR,CREA TUS PEINADOS CON TRENZADOR,,
01t4w00000NumqWAAR,MUÑECA EMILY SIRENA,,
01t4w00000NumqXAAR,CASITA HONGO,,
01t4w00000NumqYAAR,TIRANOSAURIO REX 62,,
01t4w00000NumqZAAR,CAMOTAURUS,,
01t4w00000NumqaAAB,MUÑECA EMILY SIRENA CON MASCOTA,,
01t4w00000NumqbAAB,DISEÑA TUS UÑAS SPA,,
01t4w00000NumqdAAB,VELOCIRAPTOR 62,,
01t4w00000NumqeAAB,TIRANOSAURIO REX DOLL BATTLE,,
01t4w00000NumqiAAB,MUÑECA EMILY SIRENA LENTEJUELAS,,
01t4w00000NumqjAAB,TIRANOSAURIO REX 42,,
01t4w00000NumqkAAB,SET DE COCINA,,
01t4w00000NumqlAAB,CARRITO SUPERMERCADO BÁSICO METÁLICO,,
01t4w00000NumqmAAB,SET DE DINOSAURIOS,,
01t4w00000NumqnAAB,TRICERATOPS 36 WB,,
01t4w00000NumqoAAB,ALLOSAURUS,,
01t4w00000NumqpAAB,MUÑECA EMILY CON ACCESORIOS NIÑA,,
01t4w00000NumqqAAB,SET DE DINOSAURIOS MEDIANO,,
01t4w00000NumqrAAB,MUÑECA MULISHA CONEJO,,
01t4w00000NumqsAAB,BEBÉ CON ACCESORIOS,,
01t4w00000NumqtAAB,BEBÉ INTERACTIVO,,
01t4w00000NumquAAB,TIRANOSAURIO REX 37 WB,,
01t4w00000NumqvAAB,SPINOSAURUS,,
01t4w00000NumqwAAB,BEBÉ CON ACCESORIOS GIMNASIO,,
01t4w00000NumqzAAB,DRAGÓN CON SONIDO,,
01t4w00000Numr0AAB,SET DE COCINA CON CANASTA,,
01t4w00000Numr1AAB,SET DE COCINA CON SERVILLETAS,,
01t4w00000Numr2AAB,SET DE COCINA CON VERDURAS,,
01t4w00000Numr3AAB,CREA TUS PEINADOS CON JOYAS,,
01t4w00000Numr4AAB,CREA TUS PEINADOS MEDIANO,,
01t4w00000Numr5AAB,CREA TUS PEINADOS BÁSICO,,
01t4w00000Numr6AAB,CREA TUS TEJIDOS GRANDE,,
01t4w00000Numr7AAB,CREA TUS TEJIDOS BÁSICO,,
01t4w00000Numr8AAB,DISEÑA TUS UÑAS MEDIANO,,
01t4w00000Numr9AAB,PELUCHE 28 CM OSO CON ROPA DE DORMIR,,
01t4w00000NumrAAAR,COCINA BÁSICA DE MADERA CON ACCESORIOS,,
01t4w00000NumrBAAR,JUEGO DE TÉ BÁSICO ROSA,,
01t4w00000NumrCAAR,SET DE COCINA CON MALETÍN,,
01t4w00000NumrDAAR,JUEGO DE TÉ CON CUCHARAS,,
01t4w00000NumrEAAR,JUEGO DE TÉ BÁSICO COLORES,,
01t4w00000NumrFAAR,CREA TUS PEINADOS GRANDE,,
01t4w00000NumrGAAR,CREA TUS TEJIDOS MEDIANO,,
01t4w00000NumrHAAR,CREA TUS PULSERAS,,
01t4w00000NumrIAAR,JUEGO DE TÉ BÁSICO AZUL,,
01t4w00000NumrJAAR,DISEÑA TUS UÑAS GRANDE,,
01t4w00000NumrKAAR,PELUCHE 22 CM BURRO,,
01t4w00000NumrLAAR,POLLO,,
01t4w00000NumrMAAR,JUEGO DE TÉ CON PARRILLA PORTABLE,,
01t4w00000NumrNAAR,ESTACION CARGA BAMBÚ,,
01t4w00000NumrOAAR,PELUCHE 20 CM CONEJO (EL Y ELLA),,
01t4w00000NumrPAAR,PELUCHE 28 CM OSO CON GORRO Y ALMOHADA,,
01t4w00000NumrQAAR,PELUCHE 28 CM OSO CON PANTALÓN Y CAMISA,,
01t4w00000NumrRAAR,RATON CON MOÑO,,
01t4w00000NumrSAAR,VACA CON FLORES,,
01t4w00000NumrTAAR,PELUCHE 28 CM OSO CON VESTIDO Y MOÑO,,
01t4w00000NumrUAAR,PELUCHE 28 CM OVEJA,,
01t4w00000NumrVAAR,RATÓN,,
01t4w00000NumrWAAR,PERRO,,
01t4w00000NumrXAAR,PELUCHE 25 CM CONEJO CON ZANAHORIA,,
01t4w00000NumrYAAR,PELUCHE 18 CM CONEJO,,
01t4w00000NumrZAAR,PERRO,,
01t4w00000NumraAAB,VACA CON PARCHES,,
01t4w00000NumrbAAB,RATÓN,,
01t4w00000NumrcAAB,VACA CON MANCHAS,,
01t4w00000NumrdAAB,PELUCHE 20 CM CABALLO,,
01t4w00000NumreAAB,PELUCHE 25 CM BURRO,,
01t4w00000NumrfAAB,PELUCHE 25 CM CONEJO CON ROPA,,
01t4w00000NumrgAAB,PELUCHE 28 CM MONO,,
01t4w00000NumrhAAB,UNICORNIO,,
01t4w00000NumriAAB,PELUCHE 28 CM GATO,,
01t4w00000NumrjAAB,PELUCHE 22 CM ELEFANTE,,
01t4w00000NumrkAAB,PERRO,,
01t4w00000NumrlAAB,PELUCHE 25 CM PATO,,
01t4w00000NumrmAAB,PELUCHE 18 CM OSO CON PORTARETRATO,,
01t4w00000NumrnAAB,PELUCHE 21 CM GATO,,
01t4w00000NumroAAB,"VENTILADOR TORRE 31"" 40W TOUCH 3 VELOCIDADES OSCILANTE",,
01t4w00000NumrpAAB,"(INACTIVO) VENTILADOR TORRE 31"" 40W TOUCH 3 VELOCIDADES OSCILANTE",,
01t4w00000NumrqAAB,"(INACTIVO) VENTILADOR TORRE 36"" 50W TOUCH 3 VELOCIDADES OSCILANTE",,
01t4w00000NumrrAAB,"(INACTIVO) VENTILADOR TORRE 49"" 50W TOUCH 3 VELOCIDADES OSCILANTE",,
01t4w00000NumrsAAB,HUMIDIFICADOR 2.2 LT 25W,,
01t4w00000NumrtAAB,HUMIDIFICADOR 3.2 LT 25W,,
01t4w00000NumruAAB,"VENTILADOR NEBULIZADOR 16"" 90W TANQUE 3.1 LT",,
01t4w00000NumrvAAB,"VENTILADOR NEBULIZADOR 16"" 90W TANQUE 3 LT",,
01t4w00000NumrwAAB,"VENTILADOR NEBULIZADOR 16"" 90W TANQUE 2.8 LT",,
01t4w00000NumrxAAB,HUMIDIFICADOR 1.2 LT 25W,,
01t4w00000NumryAAB,"(INACTIVO) VENTILADOR PISO 14"" 70W 3 VELOCIDADES OSCILANTE",,
01t4w00000NumrzAAB,"VENTILADOR SOBREMESA 12"" 35W 3 VELOCIDADES OSCILANTE",,
01t4w00000Nums0AAB,"(INACTIVO) VENTILADOR PISO 10"" 45W 3 VELOCIDADES OSCILANTE",,
01t4w00000Nums1AAB,SILLÓN GIRATORIO INFANTIL,,
01t4w00000Nums2AAB,SILLON + OTTOMAN INFANTIL,,
01t4w00000Nums3AAB,SET DE COCINA MEDIANO PORTABLE,,
01t4w00000NumuuAAB,MALETÍN DE MAQUILLAJE GRANDE,,
01t4w00000NumuvAAB,ESTUCHE DE MAQUILLAJE PRINCESA,,
01t4w00000NumuxAAB,FUMIGADOR 2 LITROS CON BOTON SEGURIDAD,,
01t4w00000NumuyAAB,MALETÍN DE MAQUILLAJE BÁSICO,,
01t4w00000NumuzAAB,ESTUCHE DE MAQUILLAJE CON UÑAS,,
01t4w00000Numv0AAB,ESTUCHE DE MAQUILLAJE CON LUZ,,
01t4w00000Numv1AAB,DISEÑA TUS UÑAS CHICO,,
01t4w00000Numv2AAB,DISEÑA TUS UÑAS BÁSICO,,
01t4w00000Numv3AAB,ESTUCHE DE MAQUILLAJE SIRENA,,
01t4w00000Numv4AAB,ESTUCHE DE MAQUILLAJE CASTILLO,,
01t4w00000Numv5AAB,ESTUCHE DE MAQUILLAJE 3D GRANDE,,
01t4w00000Numv6AAB,ESTUCHE DE MAQUILLAJE 3D BÁSICO,,
01t4w00000Numv7AAB,"FUMIGADOR 1,5 LITROS",,
01t4w00000Numv8AAB,FUMIGADOR 8 LITROS,,
01t4w00000Numv9AAB,FUMIGADOR MOCHILA 6 LITROS,,
01t4w00000NumvCAAR,FUMIGADOR 2 LITROS,,
01t4w00000NumvDAAR,FUMIGADOR 3 LITROS,,
01t4w00000NumvEAAR,ESTUCHE DE MAQUILLAJE CORAZÓN,,
01t4w00000NumvFAAR,FUMIGADOR CARRO 12 LITROS,,
01t4w00000NumvGAAR,FUMIGADOR  MOCHILA 8 LITROS,,
01t4w00000NumvIAAR,FUMIGADOR MOCHILA 12 LITROS,,
01t4w00000NumvJAAR,ESTUCHE DE MAQUILLAJE MARIPOSA,,
01t4w00000NumvKAAR,ESTUCHE DE MAQUILLAJE PARA DIBUJAR,,
01t4w00000NumvLAAR,FUMIGADOR MOCHILA 16 LITROS,,
01t4w00000NumvMAAR,ESTUCHE DE MAQUILLAJE OSO,,
01t4w00000NumvNAAR,ESTUCHE DE MAQUILLAJE BÁSICO,,
01t4w00000NumvOAAR,ESTUCHE DE MAQUILLAJE MALETÍN,,
01t4w00000NumvYAAR,ESTUCHE DE MAQUILLAJE 3D MEDIANO,,
01t4w00000NumvaAAB,BANCO BAR SEVILLA,,
01t4w00000NumvfAAB,TOLDO RETRACTIL,,
01t4w00000NumvlAAB,TOLDO RETRACTIL,,
01t4w00000NumvmAAB,SILLA COMEDOR MADERA,,
01t4w00000NumvnAAB,MESA AUXILIAR LIBRERO,,
01t4w00000NumvoAAB,APARADOR 3 PUERTAS,,
01t4w00000NumvpAAB,SILLA COMEDOR MADERA ACOLCHADA,,
01t4w00000NumvsAAB,SILLA COMEDOR TELA,,
01t4w00000NumvtAAB,MESA AUXILIAR LIBRERO,,
01t4w00000NumvuAAB,APARADOR 5 CAJONES,,
01t4w00000NumvvAAB,SILLA DE COMEDOR,,
01t4w00000NumvwAAB,MESA AUXILIAR,,
01t4w00000NumvxAAB,MESA AUXILIAR,,
01t4w00000NumvyAAB,MESA AUXILIAR,,
01t4w00000Numw1AAB,MESA AUXILIAR LIBRERO,,
01t4w00000Numw2AAB,MESA BURO 2 CAJONES,,
01t4w00000Numw3AAB,MESA BURO 2 CAJONES,,
01t4w00000Numw4AAB,MESA ESCRITORIO,,
01t4w00000Numw5AAB,MESA AUXILIAR,,
01t4w00000Numw6AAB,SILLON INFANTIL,,
01t4w00000Numw8AAB,BANCO INFANTIL,,
01t4w00000Numw9AAB,SILLON INFANTIL,,
01t4w00000NumwAAAR,MESA BURO 1 CAJON,,
01t4w00000NumwBAAR,MESA BURO 2 CAJONES,,
01t4w00000NumwCAAR,(INACTIVO) VENTILADOR PURIFICADOR,,
01t4w00000NumwDAAR,VENTILADOR AC 50W GIRATORIO,,
01t4w00000NumwEAAR,MESA ESCRITORIO,,
01t4w00000NumwFAAR,MESA AUXILIAR,,
01t4w00000NumwHAAR,SILLON INFANTIL NIÑA,,
01t4w00000NumwIAAR,SILLON INFANTIL NIÑO,,
01t4w00000NumwJAAR,SILLON INFANTIL+SOFA TRANSFORMER,,
01t4w00000NumwKAAR,SILLON INFANTIL+MESA TRANSFORMER,,
01t4w00000NumwLAAR,SILLA COMEDOR MADERA,,
01t4w00000NumwMAAR,MESA AUXILIAR,,
01t4w00000NumwNAAR,MESA AUXILIAR,,
01t4w00000NumwOAAR,MESA AUXILIAR,,
01t4w00000NumwUAAR,MESA COMEDOR REDONDA CRISTAL,,
01t4w00000NumwVAAR,SET MESAS AUXILIARES 2 PIEZAS,,
01t4w00000NumwWAAR,MESA AUXILIAR,,
01t4w00000NumwXAAR,SET MESAS AUXILIARES 2 PIEZAS,,
01t4w00000NumwYAAR,MESA AUXILIAR,,
01t4w00000NumwZAAR,"(INACTIVO) VENTILADOR PURIFICADOR 35"" 50W 3 VELOCIDADES OSCILANTE",,
01t4w00000NumwaAAB,(INACTIVO) VENTILADOR PURIFICANTE,,
01t4w00000NumweAAB,MESA AUXILIAR,,
01t4w00000NumwfAAB,CARRITO ORGANIZADOR COCINA 3 NIVELES,,
01t4w00000NumwgAAB,MESA AUXILIAR,,
01t4w00000NumwhAAB,SET MESAS AUXILIARES 2 PIEZAS,,
01t4w00000NumwiAAB,MESA AUXILIAR CON REVISTERO,,
01t4w00000NumwjAAB,CARRITO ORGANIZADOR COCINA 2 NIVELES,,
01t4w00000NumwlAAB,MESA AUXILIAR,,
01t4w00000NumwmAAB,SET MESAS AUXILIARES 2 PIEZAS,,
01t4w00000NumwnAAB,MESA AUXILIAR,,
01t4w00000NumwoAAB,CARRITO ORGANIZADOR COCINA 3 NIVELES,,
01t4w00000NumwpAAB,ESPEJO RECAMARA REGULABLE ALTURA,,
01t4w00000NumwqAAB,ESPEJO BAÑO+ESTANTERIA 3 NIVELES,,
01t4w00000NumwrAAB,MESA AUXILIAR,,
01t4w00000NumwsAAB,MESA AUXILIAR,,
01t4w00000NumwtAAB,MESA AUXILIAR,,
01t4w00000NumwvAAB,MESA AUXILIAR,,
01t4w00000NumwwAAB,MESA LATERAL AUXILIAR,,
01t4w00000NumwxAAB,MESA AUXILIAR,,
01t4w00000NumwzAAB,SET MESAS AUXILIARES 2 PIEZAS,,
01t4w00000Numx0AAB,SET MESAS AUXILIARES 2 PIEZAS,,
01t4w00000Numx1AAB,MESA AUXILIAR,,
01t4w00000Numx2AAB,ORGANIZADOR ESCRITORIO 2 CAJONES BAMBÚ,,
01t4w00000Numx3AAB,MESA AUXILIAR,,
01t4w00000Numx5AAB,ORGANIZADOR ESCRITORIO 3 CAJONES BAMBÚ,,
01t4w00000Numx6AAB,SET MESAS AUXILIARES 2 PIEZAS,,
01t4w00000Numx7AAB,ARCHIVADOR ESCRITORIO EXTENSIBLE SIN AGENDA BAMBÚ,,
01t4w00000Numx8AAB,SET MESAS AUXILIARES 2 PIEZAS,,
01t4w00000Numx9AAB,ORGANIZADOR ESCRITORIO BAMBU,,
01t4w00000NumxAAAR,SET MESAS AUXILIARES 2 PIEZAS,,
01t4w00000NumxBAAR,MESA AUXILIAR,,
01t4w00000NumxCAAR,SET MESAS AUXILIARES 2 PIEZAS,,
01t4w00000NumxDAAR,MESA AUXILIAR DOBLE,,
01t4w00000NumxEAAR,SET MESAS AUXILIARES 2 PIEZAS,,
01t4w00000NumxFAAR,MESA AUXILIAR DOBLE,,
01t4w00000NumxGAAR,SET MESAS AUXILIARES 3 PIEZAS,,
01t4w00000NumxHAAR,MESA AUXILIAR,,
01t4w00000NumxIAAR,MESA AUXILIAR DOBLE,,
01t4w00000NumxJAAR,SET MESAS AUXILIARES 2 PIEZAS,,
01t4w00000NumxKAAR,MESA AUXILIAR,,
01t4w00000NumxLAAR,SET MESAS AUXILIARES 2 PIEZAS,,
01t4w00000NumxNAAR,TOLDO RETRACTIL,,
01t4w00000NumxOAAR,MESA LATERAL AUXILIAR,,
01t4w00000NumxPAAR,ATRIL LIBROS BAMBÚ,,
01t4w00000NumxQAAR,BANDEJA AUXILIAR BAMBÚ,,
01t4w00000NumxRAAR,ORGANIZADOR ESCRITORIO 1 CAJON BAMBÚ,,
01t4w00000NumxSAAR,BANDEJA LAPTOP BAMBÚ,,
01t4w00000NumxTAAR,ORGANIZADOR ESCRITORIO BAMBÚ,,
01t4w00000NumxUAAR,ORGANIZADOR ESCRITORIO 4 PIEZAS BAMBOO,,
01t4w00000NumxVAAR,SET MESAS AUXILIARES 2 PIEZAS,,
01t4w00000NumxWAAR,ORGANIZADOR ESCRITORIO BAMBÚ,,
01t4w00000NumxsAAB,REGADERA PARA PLANTAS 10L,,G401056A
01t4w00000NumzTAAR,MOLDES PARA ARENA,,P201014W
01t4w00000Nun0CAAR,REPISA MAGICA HEXAGONAL,,
01t4w00000Nun0DAAR,HORNILLO A GAS BDP 3.5 KW,,
01t4w00000Nun0EAAR,HORNILLO A GAS BUTANO 2.5 KW DOBLE CON GRILL + SET UTENSILIOS,,
01t4w00000Nun0FAAR,HORNILLO A GAS BUTANO 3.3 KW,,
01t4w00000Nun0GAAR,HORNILLO A GAS BUTANO 2.5 KW REDONDO,,
01t4w00000Nun0HAAR,HORNILLO A GAS BUTANO/LPG 2.5 KW,,
01t4w00000Nun0IAAR,HORNILLO A GAS BUTANO 2.1 KW,,
01t4w00000Nun0JAAR,HORNILLO A GAS BUTANO 2.3 KW,,
01t4w00000Nun0KAAR,HORNILLO A GAS BUTANO 2.5 KW,,
01t4w00000Nun0LAAR,HORNILLO A GAS BUTANO 2.5 KW DOBLE,,
01t4w00000Nun0MAAR,HORNILLO A GAS BUTANO 3.8 KW,,
01t4w00000Nun0NAAR,REPISA MAGICA HEXAGONALES,,
01t4w00000Nun0PAAR,REGADERA 3 LITROS,,
01t4w00000Nun0QAAR,REGADERAS 7 LITROS,,
01t4w00000Nun0SAAR,REGADERA 5 LITROS,,
01t4w00000Nun0TAAR,REGADERA 13 LITROS,,
01t4w00000Nun0UAAR,REGADERA 3 LITROS CON TAPA,,
01t4w00000Nun0VAAR,PISTA DINOSAURIOS 115 PZAS,,
01t4w00000Nun0WAAR,PISTA DINOSAURIO ESPIRAL,,
01t4w00000Nun0YAAR,PISTA TIBURÓN,,
01t4w00000Nun0ZAAR,PISTA DINOSAURIO TRACK CAR,,
01t4w00000Nun0aAAB,PISTA DINOSAURIO TREN,,
01t4w00000Nun0bAAB,VEHÍCULO RADIO CONTROL,,
01t4w00000Nun0cAAB,PISTA DINOSAURIO ONE LOOP,,
01t4w00000Nun0dAAB,PISTA BÁSICA CON LOOP,,
01t4w00000Nun0eAAB,PISTA STEGOSAURUS,,
01t4w00000Nun0fAAB,PISTA SERPIENTE,,
01t4w00000Nun0gAAB,MOTOCICLETA RC,,
01t4w00000Nun0hAAB,REGADERA 5 LITROS CON TAPA,,
01t4w00000Nun0iAAB,REGADERA 9 LITROS CON TAPA,,
01t4w00000Nun0jAAB,PISTA ARAÑA,,
01t4w00000Nun0kAAB,VEHÍCULO RADIO CONTROL,,
01t4w00000Nun0mAAB,PISTA ROBOT,,
01t4w00000Nun0nAAB,PISTA DINOSAURIO,,
01t4w00000Nun0oAAB,GARAGE CON ESTACIÓN DE GASOLINA,,
01t4w00000Nun0rAAB,GARAGE PLUS,,
01t4w00000Nun0sAAB,DANCING ROBOT INTELIGENTE,,
01t4w00000Nun0tAAB,SET DE VAQUEROS CARRETAS,,
01t4w00000Nun0uAAB,SET DE VAQUEROS CABALLOS,,
01t4w00000Nun0vAAB,PISTA TRACK RACING,,
01t4w00000Nun0wAAB,TRAILER CON VEHÍCULOS,,
01t4w00000Nun0xAAB,ROBOT INTELIGENTE STRIKE FORCE,,
01t4w00000Nun0yAAB,SÚPER ROBOT Z,,
01t4w00000Nun0zAAB,SET DE DINOSAURIOS BÁSICO,,
01t4w00000Nun11AAB,TRAILER CON MOTOS,,
01t4w00000Nun12AAB,GARAGE CON ELEVADOR,,
01t4w00000Nun13AAB,ESTACIÓN DE GASOLINA,,
01t4w00000Nun14AAB,VEHÍCULO RADIO CONTROL 5 RUEDAS,,
01t4w00000Nun15AAB,PISTA MINIATURA 6 NIVELES,,
01t4w00000Nun18AAB,VEHÍCULO RADIO CONTROL MALABARES,,
01t4w00000Nun19AAB,CUATRIMOTO RADIO CONTROL,,
01t4w00000Nun1AAAR,VEHÍCULO FRICCIÓN,,
01t4w00000Nun1BAAR,ROBOT INTELIGENTE RC SMART VACCLIM,,
01t4w00000Nun1FAAR,AUTOBÚS,,
01t4w00000Nun1GAAR,ROBOT INTELIGENTE RC COMBINE MARS,,
01t4w00000Nun1HAAR,LEZO ROBOT INTELIGENTE RC,,
01t4w00000Nun1IAAR,TRICERATOPS CON SONIDO 27 WB,,
01t4w00000Nun1JAAR,TIRANOSAURIO REX 32,,
01t4w00000Nun1KAAR,TRAILER CON VEHÍCULOS PORTABLE,,
01t4w00000Nun1LAAR,SET DE VAQUEROS SALOON,,
01t4w00000Nun1PAAR,ROBOT INTELIGENTE RC,,
01t4w00000Nun1QAAR,TRICERATOPS 30,,
01t4w00000Nun1RAAR,SET DE DINOSAURIOS CON CRIAS,,
01t4w00000Nun1SAAR,SET DE DINOSAURIOS,,
01t4w00000Nun1TAAR,ROBOT INTELIGENTE RC KIDS' BUDDY,,
01t4w00000Nun1UAAR,ROBOT SOLAR,,
01t4w00000Nun1VAAR,LEZO ROBOT INTELIGENTE RC,,
01t4w00000Nun1XAAR,DINOSAURIO CON LUZ Y SONIDO,,
01t4w00000Nun1aAAB,DINOSAURIO CON LUZ Y SONIDO Y ALAS,,
01t4w00000Nun1bAAB,SET DE DINOSAURIOS GRANDE,,
01t4w00000Nun1zAAB,SET REPISAS MAGICAS 2 PIEZAS GEMELAS,,
01t4w00000Nun20AAB,REPISA MAGICA CUBO DIVISIONES,,
01t4w00000Nun22AAB,REPISA 1 NIVEL CUADRADO,,
01t4w00000Nun2IAAR,REPISA 3 NIVELES ESCALERA,,
01t4w00000Nun2JAAR,REPISA MAGICA CON BOCINAS BLUETOOTH,,
01t4w00000Nun2KAAR,REPISA 2 NIVELES CIRCULO,,
01t4w00000Nun2MAAR,REPISA 2 NIVELES CASA,,
01t4w00000Nun2NAAR,RESPISA 3 NIVELES HEXAGONAL,,
01t4w00000Nun2OAAR,REPISA 5 NIVELES ESQUINA DECORATIVA,,
01t4w00000Nun2PAAR,REPISA MAGICA CON RELOJ,,
01t4w00000Nun2RAAR,REPISA MAGICA CON LUZ,,
01t4w00000Nun2SAAR,REPISA MAGICA,,
01t4w00000Nun2TAAR,REPISA MAGICA CUBO,,
01t4w00000Nun2UAAR,REPISA MAGICA,,
01t4w00000Nun2VAAR,REPISA MAGICA,,
01t4w00000Nun2WAAR,REPISA MAGICA,,
01t4w00000Nun2YAAR,REPISA MAGICA ESQUINA,,
01t4w00000Nun2ZAAR,REPISA MAGICA ESQUINA,,
01t4w00000Nun2aAAB,REPISA MAGICA ESQUINA,,
01t4w00000Nun2bAAB,REPISA MAGICA ORGANIZADOR BAÑO,,
01t4w00000Nun2cAAB,REPISA MAGICA DOBLE AJUSTABLE,,
01t4w00000Nun2dAAB,REPISA MAGICA,,
01t4w00000Nun2eAAB,SET REPISAS MAGICAS 3 PIEZAS CUBOS,,
01t4w00000Nun2fAAB,REPISA MAGICA CON 1 CAJON,,
01t4w00000Nun2gAAB,REPISA MAGICA PERCHERO,,
01t4w00000Nun2hAAB,SET REPISAS MAGICAS 3 PIEZAS CUBOS,,
01t4w00000Nun2iAAB,SET REPISAS MAGICAS 2 PIEZAS CUBOS,,
01t4w00000Nun2jAAB,REPISA MAGICA ZIC ZAC,,
01t4w00000Nun2kAAB,REPISA MAGICA PERCHERO,,
01t4w00000Nun2lAAB,SET REPISAS MAGICAS 3 PIEZAS CUBOS,,
01t4w00000Nun2mAAB,SET REPISAS MAGICAS 3 PIEZAS EN U,,
01t4w00000Nun2nAAB,SET REPISAS MAGICAS 3 PIEZAS RECTANGULARES,,
01t4w00000Nun2oAAB,REPISA MAGICA 2 NIVELES,,
01t4w00000Nun2pAAB,REPISA MAGICA EN L,,
01t4w00000Nun2qAAB,REPISA MAGICA EN CRUZ,,
01t4w00000Nun2rAAB,REPISA MAGICA CON CORREA DE CUERO,,
01t4w00000Nun2sAAB,REPISA MAGICA 2 NIVELES,,
01t4w00000Nun2tAAB,REPISA MAGICA,,
01t4w00000Nun2uAAB,REPISA MAGICA,,
01t4w00000Nun2vAAB,REPISA MAGICA,,
01t4w00000Nun2wAAB,REPISA MAGICA PERCHERO,,
01t4w00000Nun2xAAB,PERCHERO PARED MDF,,
01t4w00000Nun2yAAB,REPISA MAGICA,,
01t4w00000Nun2zAAB,ORGANIZADOR ESTACIONARIO,,
01t4w00000Nun37AAB,REPISA MAGICA INFANTIL,,
01t4w00000Nun38AAB,REPISA MAGICA INFANTIL,,
01t4w00000Nun39AAB,REPISA MAGICA INFANTIL,,
01t4w00000Nun3BAAR,CAJA FUERTE DIGITAL,,
01t4w00000Nun3CAAR,CAJA FUERTE DIGITAL + HUELLA,,
01t4w00000Nun3DAAR,CAJA FUERTE DIGITAL,,
01t4w00000Nun3FAAR,REPISA MAGICA INFANTIL,,
01t4w00000Nun3IAAR,TABLA QUESOS CIRCULAR ACACIA,,
01t4w00000Nun3KAAR,CAJA FUERTE DIGITAL,,
01t4w00000Nun3LAAR,TABLA PICAR CIRCULAR ACACIA,,
01t4w00000Nun3NAAR,CAJA FUERTE DIGITAL,,
01t4w00000Nun3OAAR,CAJA FUERTE DIGITAL,,
01t4w00000Nun3PAAR,CAJA FUERTE DIGITAL + HUELLA,,
01t4w00000Nun3SAAR,CAJA FUERTE DIGITAL,,
01t4w00000Nun3cAAB,TABLA QUESOS RECTANGULAR ACACIA,,
01t4w00000Nun3dAAB,TABLA PICAR RECTANGULAR ACACIA,,
01t4w00000Nun3eAAB,TABLA QUESOS CIRCULAR BAMBU,,
01t4w00000Nun3iAAB,TABLA PICAR RECTANGULAR ACACIA,,
01t4w00000Nun3jAAB,MESA JARDIN RECTANGULAR,,
01t4w00000Nun3kAAB,TABLA QUESOS RECTANGULAR CORCHO + SET 2 CUCHILLOS,,
01t4w00000Nun3lAAB,MESA JARDIN REDONDA BISTRO PLEGABLE,,
01t4w00000Nun3mAAB,TABLA QUESOS CIRCULAR CORCHO + SET 2 CUCHILLOS,,
01t4w00000Nun3nAAB,TABLA QUESOS TRIANGULAR BAMBU,,
01t4w00000Nun3pAAB,TABLA QUESOS CIRCULAR ACACIA,,
01t4w00000Nun3qAAB,TABLA QUESOS RECTANGULAR BAMBU,,
01t4w00000Nun3rAAB,TABLA QUESOS CIRCULAR BAMBU,,
01t4w00000Nun3sAAB,TABLA QUESOS RECTANGULAR ACACIA,,
01t4w00000Nun3tAAB,TABLA PICAR RECTANGULAR CORCHO,,
01t4w00000Nun3uAAB,MESA JARDIN RECTANGULAR,,
01t4w00000Nun3xAAB,TABLA PICAR RECTANGULAR CORCHO,,
01t4w00000Nun3yAAB,TABLA QUESOS CIRCULAR BAMBU,,
01t4w00000Nun43AAB,TABLA QUESOS RECTANGULAR BAMBU,,
01t4w00000Nun44AAB,BANDEJA BAMBU,,
01t4w00000Nun45AAB,TABLA QUESOS TRIANGULAR BAMBU,,
01t4w00000Nun46AAB,ESPEJO BAMBU CUADRADO CON 2 CAJONES,,
01t4w00000Nun47AAB,ESPEJO BAMBU CIRCULAR CON CAJON,,
01t4w00000Nun48AAB,TABLA QUESOS CIRCULAR BAMBU,,
01t4w00000Nun4CAAR,ESPEJO BAMBU CON 2 BANDEJAS,,
01t4w00000Nun4FAAR,ESPEJO BAMBU CON BANDEJA,,
01t4w00000Nun4GAAR,SET 5 POSAVASOS ACACIA,,
01t4w00000Nun4HAAR,BLOQUE CUCHILLOS ACACIA,,
01t4w00000Nun4IAAR,PORTA UTENSILIOS ACACIA,,
01t4w00000Nun4JAAR,PORTA MAQUILLAJE ACACIA,,
01t4w00000Nun4LAAR,ESTANTERIA 4 NIVELES,,
01t4w00000Nun4MAAR,ESTANTERIA 4 NIVELES,,
01t4w00000Nun4NAAR,MESA ESCRITORIO,,
01t4w00000Nun4SAAR,ESTANTERIA 6 NIVELES,,
01t4w00000Nun4TAAR,ESTANTERIA 5 NIVELES,,
01t4w00000Nun4UAAR,SET MESAS AUXILIARES 2 PIEZAS,,
01t4w00000Nun4VAAR,MESA AUXILIAR,,
01t4w00000Nun4WAAR,ESTANTERIA 5 NIVELES,,
01t4w00000Nun4XAAR,ESTANTERIA 4 NIVELES,,
01t4w00000Nun4YAAR,CENTRO ENTRETENIMIENTO 3 CAJONES,,
01t4w00000Nun4ZAAR,MESA ESCRITORIO,,
01t4w00000Nun4aAAB,MESA ESCRITORIO,,
01t4w00000Nun4bAAB,ESTANTERIA 4 NIVELES CON 2 BINS,,
01t4w00000Nun4cAAB,APARADOR 2 CAJONES,,
01t4w00000Nun4dAAB,MESA AUXILIAR,,
01t4w00000Nun4eAAB,ESTANTERIA 5 NIVELES CON 2 CAJONES,,
01t4w00000Nun4fAAB,SET MESAS AUXILIARES 2 PIEZAS,,
01t4w00000Nun4gAAB,ESTANTERIA 5 NIVELES,,
01t4w00000Nun4hAAB,ESTANTERIA 4 NIVELES,,
01t4w00000Nun4iAAB,SET MESAS AUXILIARES 2 PIEZAS,,
01t4w00000Nun4jAAB,MESA AUXILIAR,,
01t4w00000Nun4kAAB,ESTANTERIA 3 NIVELES,,
01t4w00000Nun4lAAB,MESA AUXILIAR 1 NIVEL,,
01t4w00000Nun4mAAB,BANCA ZAPATERA 1 NIVEL CON PERCHERO,,
01t4w00000Nun4nAAB,PERCHERO CON BIN DE MADERA,,
01t4w00000Nun4oAAB,MESA AUXILIAR,,
01t4w00000Nun4pAAB,ESTANTERIA 4 NIVELES,,
01t4w00000Nun4qAAB,SET MESAS AUXILIARES 3 PIEZAS,,
01t4w00000Nun4rAAB,SET MESAS AUXILIARES 3 PIEZAS,,
01t4w00000Nun4sAAB,ESTANTERIA 4 NIVELES,,
01t4w00000Nun4tAAB,SET MESAS AUXILIARES 3 PIEZAS,,
01t4w00000Nun4uAAB,MESA AUXILIAR,,
01t4w00000Nun4vAAB,SET MESAS AUXILIARES 2 PIEZAS,,
01t4w00000Nun4wAAB,SET MESAS AUXILIARES 2 PIEZAS,,
01t4w00000Nun4xAAB,ESTANTERIA 3 NIVELES,,
01t4w00000Nun4yAAB,MESA BURO 1 CAJON,,
01t4w00000Nun4zAAB,APARADOR 1 PUERTA,,
01t4w00000Nun53AAB,MESA AUXILIAR,,
01t4w00000Nun54AAB,ESTANTERIA 3 NIVELES,,
01t4w00000Nun55AAB,ESTANTERIA 2 NIVELES,,
01t4w00000Nun56AAB,MESA BURO 1 CAJON,,
01t4w00000Nun57AAB,MESA AUXILIAR,,
01t4w00000Nun58AAB,MESA BURO 1 CAJON,,
01t4w00000Nun59AAB,APARADOR 2 PUERTAS,,
01t4w00000Nun5CAAR,ESTANTERIA 3 NIVELES,,
01t4w00000Nun5DAAR,MESA BURO 1 CAJON,,
01t4w00000Nun5EAAR,SET MESAS AUXILIARES 2 PIEZAS,,
01t4w00000Nun5FAAR,SET MESAS AUXILIARES 2 PIEZAS,,
01t4w00000Nun5GAAR,MESA AUXILIAR,,
01t4w00000Nun5HAAR,ESTANTERIA 2 NIVELES,,
01t4w00000Nun5IAAR,MESA BURO 1 CAJON,,
01t4w00000Nun5LAAR,MESA BURO 3 CAJONES,,
01t4w00000Nun5NAAR,MESA BURO 2 CAJONES,,
01t4w00000Nun5OAAR,MESA BURO 1 CAJON + 1 ESTANTE,,
01t4w00000Nun5PAAR,SET MESAS AUXILIARES 2 PIEZAS,,
01t4w00000Nun5QAAR,MESA AUXILIAR,,
01t4w00000Nun5VAAR,APARADOR 3 CAJONES,,
01t4w00000Nun5WAAR,SET MESAS AUXILIARES 3 PIEZAS,,
01t4w00000Nun5XAAR,MESA AUXILIAR  2 PIEZAS,,
01t4w00000Nun5aAAB,SET MESAS AUXILIARES 2 PIEZAS,,
01t4w00000Nun5bAAB,SET MESAS AUXILIARES 3 PIEZAS,,
01t4w00000Nun5cAAB,SET MESAS AUXILIARES 3 PIEZAS,,
01t4w00000Nun5dAAB,SET MESAS AUXILIARES 3 PIEZAS,,
01t4w00000Nun5eAAB,MESA AUXILIAR,,
01t4w00000Nun5fAAB,SET MESAS AUXILIARES 3 MESAS,,
01t4w00000Nun5hAAB,SET MESAS AUXILIARES 2 PIEZAS,,
01t4w00000Nun5iAAB,MESA AUXILIAR 1 CAJÓN,,
01t4w00000Nun5jAAB,MESA ESCRITORIO,,
01t4w00000Nun5kAAB,MESA ESCRITORIO,,
01t4w00000Nun5mAAB,SET MESAS AUXILIARES 3 PIEZAS,,
01t4w00000Nun5nAAB,MESA AUXILIAR,,
01t4w00000Nun5oAAB,APARADOR 3 CAJONES,,
01t4w00000Nun5pAAB,CARRITO ORGANIZADOR COCINA 3 NIVELES,,
01t4w00000Nun5qAAB,CARRITO ISLA COCINA,,
01t4w00000Nun5rAAB,SET MESAS AUXILIARES 3 PIEZAS,,
01t4w00000Nun5sAAB,APARADOR 8 CAJONES,,
01t4w00000Nun5tAAB,CARRITO BAÑO 3 NIVELES,,
01t4w00000Nun5yAAB,MESA ESCRITORIO,,
01t4w00000Nun5zAAB,CARRITO BAÑO 3 NIVELES,,
01t4w00000Nun60AAB,CARRITO ORGANIZADOR COCINA 3 NIVELES,,
01t4w00000Nun63AAB,CARRITO ORGANIZADOR COCINA 2 NIVELES,,
01t4w00000Nun64AAB,CARRITO BAÑO 3 NIVELES,,
01t4w00000Nun65AAB,PERCHERO METAL+MDF,,
01t4w00000Nun66AAB,PERCHERO METAL+BAMBU DOBLE,,
01t4w00000Nun67AAB,PERCHERO METAL+BAMBU,,
01t4w00000Nun68AAB,PERCHERO METAL+BAMBU,,
01t4w00000Nun6GAAR,MESA PLEGABLE,,H211007B
01t4w00000Nun6wAAB,ASADOR CARBON REDONDO CON MESA LATERAL,,
01t4w00000Nun70AAB,ASADOR CARBON REDONDO,,
01t4w00000Nun71AAB,ASADOR CARBON AHUMADOR CILINDRICO,,
01t4w00000Nun73AAB,ASADOR CARBON CUADRADO,,
01t4w00000Nun74AAB,ASADOR CARBON AHUMADOR PIZZA,,
01t4w00000Nun75AAB,ASADOR CARBON CUADRADO PLEGABLE CON MESA,,
01t4w00000Nun76AAB,ASADOR CARBON CUADRADO CON MESAS LATERALES,,
01t4w00000Nun77AAB,ASADOR CARBON AHUMADOR CILINDRICO,,
01t4w00000Nun7HAAR,ASADOR CARBON REDONDO,,
01t4w00000Nun7KAAR,ASADOR CARBON RECTANGULAR CON MESA LATERAL,,
01t4w00000Nun7LAAR,ASADOR CARBON RECTANGULAR CON MESA LATERAL+FRONTAL,,
01t4w00000Nun7MAAR,ASADOR MIXTO CARBON-GAS,,
01t4w00000Nun7NAAR,ASADOR GAS CON MESAS LATERALES,,
01t4w00000Nun7OAAR,ASADOR FIRE PIT HEXAGONAL,,
01t4w00000Nun7PAAR,ASADOR CARBON RECTANGULAR CON MESAS LATERALES,,
01t4w00000Nun7QAAR,PINCHO GRILL BBQ,,
01t4w00000Nun7RAAR,AGUJAS ELOTE-MAIZ BBQ,,
01t4w00000Nun7SAAR,ASADOR FIRE PIT REDONDO,,
01t4w00000Nun7TAAR,ASADOR FIRE PIT REDONDO CON RUEDAS,,
01t4w00000Nun7UAAR,ASADOR FIRE PIT HIERRO FUNDIDO,,
01t4w00000Nun7VAAR,ASADOR FIRE PIT CUADRADO,,
01t4w00000Nun7WAAR,ASADOR FIRE PIT LEÑA,,
01t4w00000Nun7XAAR,CONTENEDOR CARBON BBQ,,
01t4w00000Nun7YAAR,PLATO PIEDRA PIZZA BBQ,,
01t4w00000Nun7ZAAR,BANDEJA GRILL BBQ,,
01t4w00000Nun7bAAB,BANDEJA GRILL BBQ,,
01t4w00000Nun7cAAB,ENCENDEDOR MANUAL BBQ,,
01t4w00000Nun7eAAB,PLATO ASAR POLLO BBQ,,
01t4w00000Nun7fAAB,MESA JARDIN REDONDA,,
01t4w00000Nun7lAAB,MANOPLA BBQ,,
01t4w00000Nun7mAAB,PARRILA GRILL PESCADO BBQ,,
01t4w00000Nun7sAAB,MANDIL CHEF BBQ,,
01t4w00000Nun7tAAB,SET ACCESORIOS 4 PIEZAS BBQ,,
01t4w00000Nun7uAAB,PARRILA GRILL VERDURAS BBQ,,
01t4w00000Nun7vAAB,SET ACCESORIOS 4 PIEZAS BBQ,,
01t4w00000Nun7wAAB,PARRILA HAMBURGUESAS,,
01t4w00000Nun7zAAB,SET ACCESORIOS 4 PIEZAS BBQ,,
01t4w00000Nun80AAB,SET ACCESORIOS 3 PIEZAS BBQ,,
01t4w00000Nun81AAB,SET ACCESORIOS 3 PIEZAS BBQ,,
01t4w00000Nun83AAB,PARRILA GRILL SALCHICHAS BBQ,,
01t4w00000Nun84AAB,PARRILA GRILL BBQ,,
01t4w00000Nun85AAB,SILLA PLEGABLE DOBLE,,
01t4w00000Nun86AAB,SILLA RESINA DOBLE,,
01t4w00000Nun87AAB,SILLA RESINA DOBLE,,
01t4w00000Nun88AAB,SILLA RESINA DOBLE,,
01t4w00000Nun89AAB,SILLA RESINA DOBLE,,
01t4w00000Nun8AAAR,SILLA RESINA DOBLE,,
01t4w00000Nun8CAAR,SILLA RESINA DOBLE,,
01t4w00000Nun8RAAR,SILLA RESINA DOBLE,,
01t4w00000Nun8SAAR,SILLA RESINA DOBLE,,
01t4w00000Nun8TAAR,SILLA RESINA DOBLE,,
01t4w00000Nun8UAAR,SILLA RESINA DOBLE,,
01t4w00000Nun8VAAR,SILLA RESINA DOBLE,,
01t4w00000Nun8WAAR,SILLA RESINA DOBLE,,
01t4w00000Nun8XAAR,SILLA RESINA DOBLE,,
01t4w00000Nun8YAAR,SILLA RESINA DOBLE,,
01t4w00000Nun8ZAAR,SILLA RESINA DOBLE,,
01t4w00000Nun8aAAB,SILLA RESINA DOBLE,,
01t4w00000Nun8bAAB,SILLA RESINA DOBLE,,
01t4w00000Nun8cAAB,SILLA RESINA DOBLE,,
01t4w00000Nun8dAAB,MESA RESINA PLEGABLE,,
01t4w00000Nun8eAAB,SILLA RESINA DOBLE,,
01t4w00000Nun8gAAB,MESA RESINA PLEGABLE ? 4.5 cm,,
01t4w00000Nun8iAAB,MESA RESINA PLEGABLE ? 4 cm,,
01t4w00000Nun8jAAB,MESA RESINA PLEGABLE,,
01t4w00000Nun8lAAB,MESA RESINA PLEGABLE - ? 4 cm,,
01t4w00000Nun8mAAB,MESA RESINA PLEGABLE 180 CM,,
01t4w00000Nun8pAAB,BANCA RESINA PLEGABLE,,
01t4w00000Nun8qAAB,MESA RESINA PLEGABLE,,
01t4w00000Nun8rAAB,BANCA RESINA PLEGABLE,,
01t4w00000Nun8sAAB,BANCA RESINA PLEGABLE,,
01t4w00000Nun8tAAB,MESA RESINA PLEGABLE,,
01t4w00000Nun8uAAB,MESA RESINA PLEGABLE,,
01t4w00000Nun8vAAB,MESA RESINA PLEGABLE REDONDA,,
01t4w00000Nun8wAAB,MESA RESINA PERSONAL,,
01t4w00000Nun8xAAB,MESA RESINA PERSONAL,,
01t4w00000Nun8yAAB,MESA RESINA PERSONAL,,
01t4w00000Nun8zAAB,MESA RESINA PERSONAL,,
01t4w00000Nun90AAB,MESA RESINA PERSONAL,,
01t4w00000Nun91AAB,MESA RESINA PERSONAL,,
01t4w00000Nun92AAB,MESA RESINA PERSONAL,,
01t4w00000Nun93AAB,MESA RESINA PERSONAL,,
01t4w00000Nun94AAB,MESA RESINA PERSONAL,,
01t4w00000Nun95AAB,MESA RESINA PERSONAL,,
01t4w00000Nun96AAB,MESA RESINA PERSONAL,,
01t4w00000Nun97AAB,MESA RESINA PERSONAL,,
01t4w00000Nun98AAB,MESA RESINA PERSONAL,,
01t4w00000Nun99AAB,MESA RESINA PERSONAL,,
01t4w00000Nun9AAAR,MESA RESINA PERSONAL,,
01t4w00000Nun9BAAR,MESA RESINA PERSONAL,,
01t4w00000Nun9CAAR,MESA RESINA PLEGABLE ? 4 cm,,
01t4w00000Nun9DAAR,MESA RESINA PLEGABLE,,
01t4w00000Nun9EAAR,MESA RESINA PLEGABLE,,
01t4w00000Nun9FAAR,MESA RESINA PLEGABLE ? 4 cm,,
01t4w00000Nun9GAAR,MESA RESINA PERSONAL,,
01t4w00000Nun9HAAR,MESA RESINA PERSONAL,,
01t4w00000Nun9IAAR,SILLA RESINA DOBLE,,
01t4w00000Nun9JAAR,MESA RESINA PLEGABLE ? 4 cm,,
01t4w00000Nun9KAAR,MESA RESINA PERSONAL,,
01t4w00000Nun9LAAR,MESA RESINA PERSONAL,,
01t4w00000Nun9MAAR,MESA RESINA PERSONAL,,
01t4w00000Nun9NAAR,MESA RESINA PERSONAL,,
01t4w00000Nun9OAAR,SILLA RESINA DOBLE,,
01t4w00000Nun9PAAR,SILLA RESINA DOBLE,,
01t4w00000Nun9QAAR,SILLA RESINA DOBLE,,
01t4w00000Nun9RAAR,SILLA RESINA DOBLE,,
01t4w00000Nun9SAAR,SILLA RESINA DOBLE,,
01t4w00000Nun9TAAR,MESA RESINA PLEGABLE,,
01t4w00000Nun9VAAR,SILLA PLEGABLE ECO PP,,
01t4w00000Nun9XAAR,CARRITO ISLA COCINA,,
01t4w00000Nun9ZAAR,MANDIL CON ACCESORIOS,,
01t4w00000Nun9bAAB,SET ACCESORIOS 6 PIEZAS,,
01t4w00000Nun9dAAB,MESA AUXILIAR REDONDA,,
01t4w00000Nun9fAAB,SOMBRILLA JARDIN LATERAL CON BASE EN CRUZ+LAMPARA CENTRAL LED,,
01t4w00000Nun9hAAB,(INACTIVO) SOMBRILLA JARDIN 8 RIBS,,
01t4w00000Nun9jAAB,SOMBRILLA JARDIN 8 RIBS,,
01t4w00000Nun9lAAB,SET COMEDOR BAR MDF + 2 SILLAS,,
01t4w00000Nun9nAAB,SOMBRILLA JARDIN 8 RIBS INCLINABLES,,
01t4w00000Nun9pAAB,MESA ESCRITORIO,,
01t4w00000Nun9rAAB,SOMBRILLA JARDIN 8 RIBS + LUZ LED,,
01t4w00000Nun9tAAB,LAMPARA BOMBILLA SOLAR SUCULENTA,,
01t4w00000Nun9vAAB,LAMPARA BOMBILLA SOLAR SUCULENTA,,
01t4w00000Nun9xAAB,FUENTE ACABADO PIEDRA,,
01t4w00000Nun9zAAB,FUENTE ACABADO PIEDRA,,
01t4w00000NunA1AAJ,MESA AUXILIAR,,
01t4w00000NunA3AAJ,FUENTE ACABADO PIEDRA,,
01t4w00000NunA7AAJ,CUADRO PARED DECORATIVO,,
01t4w00000NunA8AAJ,CUADRO PARED DECORATIVO,,
01t4w00000NunA9AAJ,CUADRO PARED DECORATIVO,,
01t4w00000NunAAAAZ,CUADRO PARED DECORATIVO,,
01t4w00000NunABAAZ,CUADRO PARED DECORATIVO,,
01t4w00000NunACAAZ,CUADRO PARED DECORATIVO,,
01t4w00000NunADAAZ,CUADRO PARED DECORATIVO,,
01t4w00000NunAEAAZ,CUADRO PARED DECORATIVO,,
01t4w00000NunAFAAZ,CUADRO PARED DECORATIVO,,
01t4w00000NunAGAAZ,CUADRO PARED DECORATIVO,,
01t4w00000NunAHAAZ,CUADRO PARED DECORATIVO,,
01t4w00000NunAIAAZ,CUADRO PARED DECORATIVO,,
01t4w00000NunAJAAZ,CUADRO PARED DECORATIVO,,
01t4w00000NunAKAAZ,CUADRO PARED DECORATIVO,,
01t4w00000NunALAAZ,CUADRO PARED DECORATIVO,,
01t4w00000NunAMAAZ,CUADRO PARED DECORATIVO,,
01t4w00000NunANAAZ,CUADRO PARED DECORATIVO,,
01t4w00000NunAOAAZ,CUADRO PARED DECORATIVO,,
01t4w00000NunAPAAZ,CUADRO PARED DECORATIVO,,
01t4w00000NunAQAAZ,CUADRO PARED DECORATIVO,,
01t4w00000NunARAAZ,CUADRO PARED DECORATIVO,,
01t4w00000NunASAAZ,CUADRO PARED DECORATIVO,,
01t4w00000NunATAAZ,CUADRO PARED DECORATIVO,,
01t4w00000NunAVAAZ,CUADRO PARED DECORATIVO,,
01t4w00000NunAXAAZ,CUADRO PARED DECORATIVO,,
01t4w00000NunAZAAZ,CUADRO PARED DECORATIVO,,
01t4w00000NunAbAAJ,CUADRO PARED DECORATIVO,,
01t4w00000NunAdAAJ,CUADRO PARED DECORATIVO,,
01t4w00000NunAeAAJ,CUADRO PARED DECORATIVO,,
01t4w00000NunAhAAJ,CUADRO PARED DECORATIVO,,
01t4w00000NunAiAAJ,CUADRO PARED DECORATIVO,,
01t4w00000NunAkAAJ,CUADRO PARED DECORATIVO,,
01t4w00000NunAlAAJ,CUADRO PARED DECORATIVO,,
01t4w00000NunAnAAJ,CUADRO PARED DECORATIVO,,
01t4w00000NunApAAJ,CUADRO PARED DECORATIVO,,
01t4w00000NunAqAAJ,CUADRO PARED DECORATIVO,,
01t4w00000NunArAAJ,CUADRO PARED DECORATIVO,,
01t4w00000NunAvAAJ,CUADRO PARED DECORATIVO,,
01t4w00000NunAyAAJ,CUADRO PARED DECORATIVO,,
01t4w00000NunB1AAJ,CUADRO PARED DECORATIVO,,
01t4w00000NunB7AAJ,MESA RESINA PLEGABLE,,
01t4w00000NunB9AAJ,MESA RESINA PLEGABLE ? 4 cm,,
01t4w00000NunBBAAZ,MESA RESINA PERSONAL,,
01t4w00000NunBDAAZ,MESA RESINA PLEGABLE,,
01t4w00000NunBFAAZ,MESA RESINA PLEGABLE,,
01t4w00000NunBHAAZ,CUADRO PARED DECORATIVO,,
01t4w00000NunBJAAZ,CUADRO PARED DECORATIVO,,
01t4w00000NunBMAAZ,CUADRO PARED DECORATIVO,,
01t4w00000NunBNAAZ,CUADRO PARED DECORATIVO,,
01t4w00000NunBQAAZ,CUADRO PARED DECORATIVO,,
01t4w00000NunBRAAZ,CUADRO PARED DECORATIVO,,
01t4w00000NunBTAAZ,CUADRO PARED DECORATIVO,,
01t4w00000NunBWAAZ,CUADRO PARED DECORATIVO,,
01t4w00000NunBYAAZ,CUADRO PARED DECORATIVO,,
01t4w00000NunBaAAJ,CUADRO PARED DECORATIVO,,
01t4w00000NunBdAAJ,CUADRO PARED DECORATIVO,,
01t4w00000NunBfAAJ,CUADRO PARED DECORATIVO,,
01t4w00000NunBhAAJ,CUADRO PARED DECORATIVO,,
01t4w00000NunBiAAJ,CUADRO PARED DECORATIVO,,
01t4w00000NunBkAAJ,CUADRO PARED DECORATIVO,,
01t4w00000NunBmAAJ,CUADRO PARED DECORATIVO,,
01t4w00000NunBoAAJ,CUADRO PARED DECORATIVO,,
01t4w00000NunBqAAJ,CUADRO PARED DECORATIVO,,
01t4w00000NunBrAAJ,CUADRO PARED DECORATIVO,,
01t4w00000NunBtAAJ,CUADRO PARED DECORATIVO,,
01t4w00000NunBwAAJ,CUADRO PARED DECORATIVO,,
01t4w00000NunC8AAJ,SILLA GAMING CON LUZ LED,,
01t4w00000NunCQAAZ,MOCHILA ESPALDA INFANTIL,,
01t4w00000NunCRAAZ,MOCHILA ESPALDA INFANTIL,,
01t4w00000NunCSAAZ,MOCHILA ESPALDA INFANTIL,,
01t4w00000NunCTAAZ,MOCHILA ESPALDA INFANTIL,,
01t4w00000NunCUAAZ,MOCHILA ESPALDA INFANTIL,,
01t4w00000NunCVAAZ,MOCHILA ESPALDA INFANTIL,,
01t4w00000NunCWAAZ,MOCHILA ESPALDA INFANTIL,,
01t4w00000NunCXAAZ,MOCHILA ESPALDA INFANTIL,,
01t4w00000NunCYAAZ,MOCHILA ESPALDA INFANTIL,,
01t4w00000NunCZAAZ,MOCHILA ESPALDA INFANTIL,,
01t4w00000NunCaAAJ,MOCHILA ESPALDA INFANTIL,,
01t4w00000NunCbAAJ,MOCHILA ESPALDA INFANTIL,,
01t4w00000NunCcAAJ,MOCHILA ESPALDA INFANTIL,,
01t4w00000NunCdAAJ,MOCHILA ESPALDA INFANTIL,,
01t4w00000NunCeAAJ,MOCHILA ESPALDA INFANTIL,,
01t4w00000NunCfAAJ,MOCHILA ESPALDA INFANTIL,,
01t4w00000NunCgAAJ,MOCHILA ESPALDA INFANTIL,,
01t4w00000NunCkAAJ,CAJA ESTERILIZADORA UV,,
01t4w00000NunClAAJ,ESTERILIZADOR UV MOVIL,,
01t4w00000NunCmAAJ,VARITA ESTERILIZADORA UV PORTATIL,,
01t4w00000NunCqAAJ,"VENTILADOR DE PIE DE 18"", 3 EN 1",,
01t4w00000NunCsAAJ,MOCHILA CARRO INFANTIL,,
01t4w00000NunCuAAJ,MOCHILA ESPALDA INFANTIL,,
01t4w00000NunCxAAJ,MOCHILA ESPALDA INFANTIL,,
01t4w00000NunCyAAJ,MOCHILA ESPALDA INFANTIL,,
01t4w00000NunD0AAJ,MOCHILA ESPALDA INFANTIL,,
01t4w00000NunD2AAJ,BOLSA VIAJE INFANTIL,,
01t4w00000NunD4AAJ,BOLSA VIAJE INFANTIL,,
01t4w00000NunD8AAJ,BOLSA LAPICERA INFANTIL,,
01t4w00000NunD9AAJ,MOCHILA CARRO INFANTIL,,
01t4w00000NunDAAAZ,MOCHILA ESPALDA INFANTIL,,
01t4w00000NunDDAAZ,BOLSA COMIDA INFANTIL,,
01t4w00000NunDEAAZ,MOCHILA ESPALDA INFANTIL,,
01t4w00000NunDFAAZ,MOCHILA ESPALDA INFANTIL,,
01t4w00000NunDIAAZ,MOCHILA ESPALDA INFANTIL,,
01t4w00000NunDKAAZ,MOCHILA ESPALDA INFANTIL,,
01t4w00000NunDNAAZ,BOLSA COMIDA INFANTIL,,
01t4w00000NunDQAAZ,BOLSA LAPICERA INFANTIL,,
01t4w00000NunDRAAZ,BOLSA VIAJE INFANTIL,,
01t4w00000NunDUAAZ,MOCHILA CARRO INFANTIL,,
01t4w00000NunDWAAZ,MOCHILA ESPALDA INFANTIL,,
01t4w00000NunDYAAZ,MOCHILA ESPALDA INFANTIL,,
01t4w00000NunDaAAJ,MOCHILA ESPALDA INFANTIL,,
01t4w00000NunDbAAJ,MOCHILA ESPALDA INFANTIL,,
01t4w00000NunDdAAJ,MOCHILA ESPALDA INFANTIL,,
01t4w00000NunDfAAJ,MOCHILA ESPALDA INFANTIL,,
01t4w00000NunDiAAJ,BOLSA BANDOLERA INFANTIL,,
01t4w00000NunDjAAJ,BOLSA LAPICERA INFANTIL,,
01t4w00000NunDkAAJ,BOLSA COMIDA INFANTIL,,
01t4w00000NunDnAAJ,MOCHILA CINTURA INFANTIL,,
01t4w00000NunDpAAJ,BOLSA LAPICERA INFANTIL,,
01t4w00000NunDwAAJ,FUMIGADOR 5 LITROS,,
01t4w00000NunDyAAJ,MESA RESINA PLEGABLE,,
01t4w00000NunE0AAJ,MESA RESINA PLEGABLE,,
01t4w00000NunE2AAJ,MESA RESINA PLEGABLE,,
01t4w00000NunEOAAZ,LAMPARA DE MESA LED,,
01t4w00000NunEQAAZ,BANCA RESINA PLEGABLE ? 4 cm,,
01t4w00000NunESAAZ,MESA RESINA PLEGABLE ? 4 cm,,
01t4w00000NunF4AAJ,TENDAL SUELO,,
01t4w00000NunF7AAJ,TENDAL PARED 4 NIVELES,,
01t4w00000NunF8AAJ,TENDAL PARED 4 NIVELES,,
01t4w00000NunF9AAJ,ORGANIZADOR CEPILLOS DE DIENTES,,
01t4w00000NunFAAAZ,TENDAL SUELO EXTENSIBLE,,
01t4w00000NunFBAAZ,CARRITO BAÑO 3 NIVELES PLEGABLE,,
01t4w00000NunFCAAZ,TENDAL SUELO,,
01t4w00000NunFDAAZ,CARRITO BAÑO 4 NIVELES PLEGABLE,,
01t4w00000NunFEAAZ,TABLA DE PLANCHAR,,
01t4w00000NunFFAAZ,TABLA DE PLANCHAR,,
01t4w00000NunFGAAZ,TENDAL SUELO CON ALAS,,
01t4w00000NunFHAAZ,ORGANIZADOR JABONERA,,
01t4w00000NunFIAAZ,TENDAL SUELO CON ALAS,,
01t4w00000NunFJAAZ,ORGANIZADOR BAÑO,,
01t4w00000NunFKAAZ,TABLA DE PLANCHAR,,
01t4w00000NunFLAAZ,TABLA DE PLANCHAR,,
01t4w00000NunFMAAZ,CARRITO BAÑO 3 NIVELES,,
01t4w00000NunFNAAZ,TABLA DE PLANCHAR,,
01t4w00000NunFOAAZ,TABLA DE PLANCHAR,,
01t4w00000NunFPAAZ,TABLA DE PLANCHAR,,
01t4w00000NunFQAAZ,TABLA DE PLANCHAR,,
01t4w00000NunFRAAZ,TABLA DE PLANCHAR,,
01t4w00000NunFSAAZ,TABLA DE PLANCHAR,,
01t4w00000NunFTAAZ,TABLA DE PLANCHAR,,
01t4w00000NunFUAAZ,TABLA DE PLANCHAR,,
01t4w00000NunFVAAZ,TABLA DE PLANCHAR,,
01t4w00000NunFWAAZ,TABLA DE PLANCHAR,,
01t4w00000NunFXAAZ,TABLA DE PLANCHAR,,
01t4w00000NunFYAAZ,TABLA DE PLANCHAR,,
01t4w00000NunFZAAZ,TABLA DE PLANCHAR,,
01t4w00000NunFaAAJ,TABLA DE PLANCHAR,,
01t4w00000NunFbAAJ,TENDAL SUELO CON ALAS + 1 BALDA,,
01t4w00000NunFcAAJ,CARRO LAVANDERIA,,
01t4w00000NunFdAAJ,TABLA DE PLANCHAR SOBREMESA,,
01t4w00000NunFeAAJ,TABLA DE PLANCHAR,,
01t4w00000NunFfAAJ,TABLA DE PLANCHAR,,
01t4w00000NunFgAAJ,TABLA DE PLANCHAR SOBREMESA,,
01t4w00000NunFhAAJ,TABLA DE PLANCHAR MANGAS,,
01t4w00000NunFiAAJ,TABLA DE PLANCHAR SOBREMESA,,
01t4w00000NunFjAAJ,TENDAL PUERTA,,
01t4w00000NunFkAAJ,ORGANIZADOR BAÑO,,
01t4w00000NunFlAAJ,ORGANIZADOR BAÑO,,
01t4w00000NunFmAAJ,ESTANTERIA 2 CESTOS + 1 BALDA,,
01t4w00000NunFnAAJ,(INACTIVO) ORGANIZADOR BAÑO,,
01t4w00000NunFoAAJ,CARRO LAVANDERIA DOBLE,,
01t4w00000NunFpAAJ,TENDAL SUELO CON ALAS + 2 BALDAS,,
01t4w00000NunFqAAJ,ORGANIZADOR BAÑO,,
01t4w00000NunFrAAJ,CARRO LAVANDERIA 2 NIVELES,,
01t4w00000NunFsAAJ,TENDAL SUELO CON ALAS + 1 BALDA,,
01t4w00000NunFtAAJ,CARRO LAVANDERIA TRIPLE + PERCHA,,
01t4w00000NunFuAAJ,TENDAL SUELO PLEGABLE,,
01t4w00000NunFvAAJ,TENDAL SUELO CON ALAS,,
01t4w00000NunFwAAJ,CARRO LAVANDERIA 2 NIVELES,,
01t4w00000NunFxAAJ,TENDAL SUELO CON ALAS 2 NIVELES,,
01t4w00000NunFyAAJ,TENDAL SUELO CON RUEDAS,,
01t4w00000NunFzAAJ,TENDAL PUERTA,,
01t4w00000NunG0AAJ,CARRO LAVANDERIA TRIPLE,,
01t4w00000NunG1AAJ,ORGANIZADOR ZAPATOS 2 NIVELES,,
01t4w00000NunG2AAJ,ORGANIZADOR ZAPATOS 2 NIVELES,,
01t4w00000NunG3AAJ,ORGANIZADOR ZAPATOS 10 NIVELES,,
01t4w00000NunG4AAJ,ORGANIZADOR ZAPATOS 8 NIVELES PARED,,
01t4w00000NunG5AAJ,ORGANIZADOR ZAPATOS 5 NIVELES,,
01t4w00000NunG6AAJ,CARRITO BAÑO 3 NIVELES PLEGABLE,,
01t4w00000NunG7AAJ,TENDAL PARED EXTENSIBLE,,
01t4w00000NunG8AAJ,MOCHILA CARRO INFANTIL,,
01t4w00000NunGBAAZ,MOCHILA ESPALDA INFANTIL,,
01t4w00000NunGDAAZ,BOLSA BANDOLERA INFANTIL,,
01t4w00000NunGFAAZ,BOLSA LAPICERA INFANTIL,,
01t4w00000NunGIAAZ,MOCHILA ESPALDA INFANTIL,,
01t4w00000NunGKAAZ,MOCHILA CARRO INFANTIL,,
01t4w00000NunGMAAZ,BOLSA VIAJE INFANTIL,,
01t4w00000NunGOAAZ,BOLSA LAPICERA INFANTIL,,
01t4w00000NunGQAAZ,BOLSA LAPICERA INFANTIL,,
01t4w00000NunGSAAZ,PURIFICADOR DE AIRE COCHE,,
01t4w00000NunGTAAZ,PURIFICADOR DE AIRE COCHE,,
01t4w00000NunGVAAZ,PURIFICADOR DE AIRE COCHE,,
01t4w00000NunGYAAZ,BASE REDONDA PARA COLUMPIO,,
01t4w00000NunGaAAJ,BASE REDONDA PARA COLUMPIO,,
01t4w00000NunGcAAJ,CESTO COLUMPIO,,
01t4w00000NunGeAAJ,CESTO COLUMPIO,,
01t4w00000NunGgAAJ,CESTO COLUMPIO,,
01t4w00000NunGjAAJ,PURIFICADOR DE AIRE 18-31 m2,,
01t4w00000NunGkAAJ,CESTO COLUMPIO,,
01t4w00000NunGmAAJ,PURIFICADOR DE AIRE 15 m2,,
01t4w00000NunGoAAJ,PURIFICADOR DE AIRE 15 m2,,
01t4w00000NunGqAAJ,PURIFICADOR DE AIRE 12-20 m2,,
01t4w00000NunGsAAJ,PURIFICADOR DE AIRE 12 m2,,
01t4w00000NunGuAAJ,PURIFICADOR DE AIRE 12 m2,,
01t4w00000NunGwAAJ,PURIFICADOR DE AIRE 30-40 m2,,
01t4w00000NunGyAAJ,PURIFICADOR DE AIRE 30-40 m2,,
01t4w00000NunH0AAJ,PURIFICADOR DE AIRE 10 m2,,
01t4w00000NunH2AAJ,GAZEBO CUADRADO CON CORTINAS,,
01t4w00000NunH4AAJ,SET BISTRO ACACIA PLEGABLE,,
01t4w00000NunH6AAJ,SET BISTRO ACACIA PLEGABLE CON CAJON ZINC,,
01t4w00000NunH8AAJ,SET BISTRO TEKA CON COJINES,,
01t4w00000NunHAAAZ,SET COMEDOR 5 PIEZAS TEKA CON COJINES,,
01t4w00000NunHCAAZ,COLUMPIO BALANCIN DOBLE TEKA,,
01t4w00000NunHEAAZ,COLUMPIO COLGANTE CON COJIN,,
01t4w00000NunHGAAZ,HAMACA MADERA CON TELA POLIESTER,,
01t4w00000NunHIAAZ,TUMBONA EUCALIPTO CON COJIN,,
01t4w00000NunHKAAZ,MANGUERA EXPANDIBLE 15 MT + 15 MT,,
01t4w00000NunHtAAJ,SILLA PLEGABLE CAMPING,,
01t4w00000NunHuAAJ,SILLA PLEGABLE CAMPING CON BOLSA,,
01t4w00000NunHvAAJ,SILLA PLEGABLE CAMPING CON BOLSA,,
01t4w00000NunHwAAJ,SILLA PLEGABLE CAMPING CON BOLSA,,
01t4w00000NunHxAAJ,SILLA PLEGABLE CAMPING CON SOMBRILLA,,
01t4w00000NunHyAAJ,SILLA PLEGABLE CAMPING,,
01t4w00000NunHzAAJ,HIELERA CON BOLSA,,
01t4w00000NunI0AAJ,SILLA PLEGABLE CAMPING CON BOLSA,,
01t4w00000NunI1AAJ,SILLA PLEGABLE CAMPING CON BOLSA,,
01t4w00000NunI2AAJ,SILLA PLEGABLE CAMPING CON REPOSAPIES,,
01t4w00000NunI3AAJ,SILLA PLEGABLE CAMPING 6 PLAZAS,,
01t4w00000NunI4AAJ,SILLA PLEGABLE CAMPING CON BOLSA,,
01t4w00000NunI5AAJ,SILLA PLEGABLE CAMPING CON SOMBRILLA,,
01t4w00000NunI6AAJ,SILLA PLEGABLE CAMPING CON MESA,,
01t4w00000NunI7AAJ,SILLA PLEGABLE CAMPING 3 PLAZAS,,
01t4w00000NunI8AAJ,SILLA PLEGABLE CAMPING 2 PLAZAS,,
01t4w00000NunIAAAZ,MECEDORA CON PUFF,,
01t4w00000NunICAAZ,MECEDORA CON PUFF,,
01t4w00000NunIEAAZ,MESA AUXILIAR,,
01t4w00000NunIGAAZ,SOFA CAMA,,
01t4w00000NunIIAAZ,"TV STAND MUEBLE CRISTAL PANTALLA 32-80""",,
01t4w00000NunIKAAZ,"TV STAND MUEBLE CRISTAL SOPORTE 32-70""",,
01t4w00000NunIMAAZ,LAMPARA DE PIE CON REPISAS,,
01t4w00000NunIOAAZ,MESA RESINA IMITACION MADERA PLEGABLE,,
01t4w00000NunIQAAZ,SILLA RESINA IMITACION MADERA,,
01t4w00000NunISAAZ,MESA RESINA IMITACION MADERA CUADRADA,,
01t4w00000NunIUAAZ,SILLA GAMING,,
01t4w00000NunIWAAZ,SILLA ORDENADOR,,
01t4w00000NunIXAAZ,SILLA ORDENADOR,,
01t4w00000NunIZAAZ,SILLA PLEGABLE CAMPING 2 PLAZAS SOMBRILLA,,
01t4w00000NunIaAAJ,SET BISTRO CAMPING CON BOLSA,,
01t4w00000NunIbAAJ,MESA PLEGABLE CAMPING,,
01t4w00000NunIcAAJ,MESA PLEGABLE CAMPING,,
01t4w00000NunIdAAJ,MESA PLEGABLE CAMPING,,
01t4w00000NunIeAAJ,MESA PLEGABLE CAMPING,,
01t4w00000NunIfAAJ,MESA PLEGABLE CAMPING,,
01t4w00000NunIgAAJ,MESA PLEGABLE CAMPING,,
01t4w00000NunIhAAJ,MESA PLEGABLE CAMPING,,
01t4w00000NunIiAAJ,MESA PLEGABLE CAMPING,,
01t4w00000NunIjAAJ,SET PICNIC PLEGABLE,,
01t4w00000NunIkAAJ,MESA PLEGABLE CAMPING,,
01t4w00000NunIlAAJ,MESA PLEGABLE CAMPING,,
01t4w00000NunImAAJ,SET PICNIC PLEGABLE,,
01t4w00000NunInAAJ,SET PICNIC PLEGABLE,,
01t4w00000NunIoAAJ,SET MESAS PLEGABLE CAMPING,,
01t4w00000NunIpAAJ,SET MESAS PLEGABLE CAMPING,,
01t4w00000NunIqAAJ,HAMACA PLEGABLE CAMPING,,
01t4w00000NunIsAAJ,MESA RESINA IMITACION MADERA CUADRADA,,
01t4w00000NunIuAAJ,SILLA RESINA IMITACIÓN RATTAN,,
01t4w00000NunIwAAJ,MESA RESINA PLEGABLE IMITACION RATAN,,
01t4w00000NunIyAAJ,MESA RESINA IMITACION RATTAN PLEGABLE,,
01t4w00000NunJ0AAJ,MESA RESINA PLEGABLE REDONDA,,
01t4w00000NunJ2AAJ,MESA RESINA PLEGABLE REDONDA,,
01t4w00000NunJ4AAJ,PERCHERO PARA BOTELLAS DE AGUA,,
01t4w00000NunJ6AAJ,SET ESTANTERIA CON PERCHERO,,
01t4w00000NunJ8AAJ,PERCHERO ORGANIZADOR 2 NIVELES,,
01t4w00000NunJAAAZ,SET ESTANTERIA CON PERCHERO,,
01t4w00000NunJCAAZ,SET ESTANTERIA CON PERCHERO,,
01t4w00000NunJEAAZ,ORGANIZADOR ZAPATOS 5 NIVELES,,
01t4w00000NunJGAAZ,ORGANIZADOR ZAPATOS 4 NIVELES,,
01t4w00000NunJIAAZ,ESTANTERIA METALICA 5 NIVELES CON RUEDAS,,
01t4w00000NunJKAAZ,ESTANTERIA METALICA 6 NIVELES CON RUEDAS,,
01t4w00000NunJMAAZ,ESTANTERIA METALICA 5 NIVELES,,
01t4w00000NunJOAAZ,CARRITO DE APOYO CON 1 NIVEL,,
01t4w00000NunJQAAZ,CARRITO DE APOYO CON 3 NIVELES,,
01t4w00000NunJSAAZ,ESTANTERIA METALICA 5 NIVELES BOTELLERO,,
01t4w00000NunJUAAZ,ESTANTERIA METALICA 4 NIVELES BOTELLERO,,
01t4w00000NunJWAAZ,ESTANTERIA METALICA 4 NIVELES,,
01t4w00000NunJYAAZ,"MANGUERA 25 MTS - 5/8 """,,
01t4w00000NunJaAAJ,"MANGUERA 25 MTS - 1/2 """,,
01t4w00000NunJbAAJ,"MANGUERA 50 MTS - 5/8 """,,
01t4w00000NunJgAAJ,"MANGUERA 25 MTS - 3/4 """,,
01t4w00000NunJhAAJ,"MANGUERA 50 MTS - 1 """,,
01t4w00000NunJiAAJ,"MANGUERA 50 MTS - 3/4 """,,
01t4w00000NunJjAAJ,"MANGUERA 25 MTS - 1""",,
01t4w00000NunJmAAJ,"MANGUERA 25 MTS - 5/8 """,,
01t4w00000NunJoAAJ,"MANGUERA 25 MTS - 1/2 """,,
01t4w00000NunJqAAJ,"MANGUERA 50 MTS - 5/8 """,,
01t4w00000NunJsAAJ,"MANGUERA 25 MTS - 3/4 """,,
01t4w00000NunJtAAJ,"MANGUERA 50 MTS - 3/4 """,,
01t4w00000NunJvAAJ,"MANGUERA 50 MTS - 1 """,,
01t4w00000NunK0AAJ,"MANGUERA 25 MTS - 1 """,,
01t4w00000NunK5AAJ,ESTANTERIA METALICA 4 NIVELES,,
01t4w00000NunKWAAZ,INFLABLE MOTO DE AGUA,,
01t4w00000NunKXAAZ,MANGUITOS INFLABLES,,
01t4w00000NunKbAAJ,CHALECO INFLABLE,,
01t4w00000NunKcAAJ,FLOTADOR CISNE 55 CM,,
01t4w00000NunKdAAJ,FLOTADOR ASIENTO BEBE,,
01t4w00000NunKeAAJ,PELOTA INFLABLE 50 CM,,
01t4w00000NunKfAAJ,PELOTA INFLABLE 5O CM,,
01t4w00000NunKgAAJ,PELOTA INFLABLE 50 CM,,
01t4w00000NunKhAAJ,FLOTADOR HINCHABLE,,
01t4w00000NunKlAAJ,PELOTA INFLABLE 40 CM,,
01t4w00000NunKmAAJ,FLOTADOR ALPACA 55 CM,,
01t4w00000NunKnAAJ,FLOTADOR ALPACA GRANDE,,
01t4w00000NunKoAAJ,FLOTADOR ANILLO INFLABLE,,
01t4w00000NunKpAAJ,FLOTADOR UNICORNIO 55 CM,,
01t4w00000NunKqAAJ,FLOTADOR INFLABLE CONCHA,,
01t4w00000NunKrAAJ,PISCINA INFLABLE INFANTIL DIA. 120 CM,,
01t4w00000NunKsAAJ,PISCINA INFLABLE INFANTIL DIA. 150 CM,,
01t4w00000NunKtAAJ,MANGUITOS INFLABLES,,
01t4w00000NunKuAAJ,FLOTADOR UNICORNIO 55 CM,,
01t4w00000NunL1AAJ,FLOTADOR FLAMINGO 55 CM,,
01t4w00000NunL2AAJ,FLOTADOR FLAMINGO GRANDE,,
01t4w00000NunL3AAJ,FLOTADOR UNICORNIO GRANDE,,
01t4w00000NunL4AAJ,PISCINA INFLABLE INFANTIL DIA. 76 CM,,
01t4w00000NunL5AAJ,PISCINA INFLABLE INFANTIL DIA. 150 CM,,
01t4w00000NunL8AAJ,VOLLEYBALL INFLABLE,,
01t4w00000NunLAAAZ,PISCINA INFLABLE INFANTIL DIA. 100 CM,,
01t4w00000NunLBAAZ,PISCINA INFLABLE INFANTIL DIA. 150 CM,,
01t4w00000NunLCAAZ,FLOTADOR INFLABLE,,
01t4w00000NunLDAAZ,PISCINA INFLABLE JUEGOS,,
01t4w00000NunLEAAZ,FLOTADOR INFLABLE CONCHA,,
01t4w00000NunLFAAZ,FLOTADOR INFLABLE CORAZON,,
01t4w00000NunLRAAZ,FLOTADOR INFLABLE ALA DE ANGEL,,
01t4w00000NunM8AAJ,FLOTADOR INFLABLE COLA DE PEZ,,
01t4w00000NunM9AAJ,COLCHONETA INFLABLE CALAVERA,,
01t4w00000NunMAAAZ,FLOTADOR INFLABLE SIRENA,,
01t4w00000NunMBAAZ,FLOTADOR INFLABLE,,
01t4w00000NunMCAAZ,COLCHONETA INFLABLE REFRESCO,,
01t4w00000NunMDAAZ,COLCHONETA INFLABLE CARAMELO,,
01t4w00000NunMEAAZ,COLCHONETA INFLABLE ARCO IRIS,,
01t4w00000NunMFAAZ,COLCHONETA INFLABLE ALA DE ANGEL,,
01t4w00000NunMGAAZ,COLCHONETA INFLABLE OLA,,
01t4w00000NunMHAAZ,FLOTADOR ALPACA 50 CM,,
01t4w00000NunMIAAZ,MANGUITOS INFLABLES,,
01t4w00000NunMJAAZ,COLCHONETA INFLABLE HELADO,,
01t4w00000NunMKAAZ,COLCHONETA INFLABLE SIRENA,,
01t4w00000NunMLAAZ,COLCHONETA INFLABLE HELADO,,
01t4w00000NunMMAAZ,PISCINA INFLABLE INFANTIL DIA. 100 CM,,
01t4w00000NunMNAAZ,FLOTADOR ABEJA 50 CM,,
01t4w00000NunMOAAZ,FLOTADOR BALLENA,,
01t4w00000NunMPAAZ,SACO DE BOXEO INFLABLE,,
01t4w00000NunMQAAZ,FLOTADOR TORTUGA,,
01t4w00000NunMRAAZ,TABLA DE SURF INFLABLE,,
01t4w00000NunMTAAZ,FLOTADOR PAVO REAL,,
01t4w00000NunMUAAZ,PISCINA INFLABLE INFANTIL,,
01t4w00000NunMVAAZ,FLOTADOR COCODRILO,,
01t4w00000NunMXAAZ,FLOTADOR UNICORNIO GRANDE,,
01t4w00000NunMYAAZ,PISCINA RECTANGULAR DESMONTABLE,,
01t4w00000NunMZAAZ,ESCALERA DE SEGURIDAD PISCINA 3 PELDAÑOS,,
01t4w00000NunMaAAJ,ESCALERA DE SEGURIDAD PISCINA 2 PELDAÑOS,,
01t4w00000NunMhAAJ,COLCHONETA INFLABLE OLA,,
01t4w00000NunMjAAJ,MESA DE BILLAR GRANDE,,
01t4w00000NunMkAAJ,MESA DE BILLAR,,
01t4w00000NunMlAAJ,MESA DE BILLAR MEDIANA,,
01t4w00000NunMmAAJ,MESA DE FUTBOLITO,,
01t4w00000NunMnAAJ,MINI GOLF,,
01t4w00000NunMoAAJ,MESA DE BILLAR CHICA,,
01t4w00000NunMpAAJ,PORTERIA Y CANASTA DE BÁSQUETBOL,,
01t4w00000NunMqAAJ,CANASTA DE BÁSQUETBOL METÁLICA,,
01t4w00000NunMrAAJ,CANASTA DE BASQUET,,
01t4w00000NunMsAAJ,ARCO CON FLECHAS NIÑO,,
01t4w00000NunMtAAJ,LANZADOR TIPO ARCO NIÑA,,
01t4w00000NunMuAAJ,AERODISCO,,
01t4w00000NunMvAAJ,ARCO CON FLECHAS PARA NIÑA,,
01t4w00000NunMwAAJ,BOLICHE PEQUEÑO,,
01t4w00000NunMxAAJ,BOLICHE MEDIANO,,
01t4w00000NunMyAAJ,LANZADOR CON LUZ,,
01t4w00000NunMzAAJ,COMETA,,
01t4w00000NunNHAAZ,BANCO TALLER,,
01t4w00000NunNJAAZ,COCINITA,,
01t4w00000NunNKAAZ,CUNA,,
01t4w00000NunNLAAZ,TRONA,,
01t4w00000NunNMAAZ,CUNA,,
01t4w00000NunOOAAZ,PELUCHE 34 CM OSO,,
01t4w00000NunOYAAZ,PELUCHE 26 CM ANIMALES,,
01t4w00000NunOZAAZ,PELUCHE 39 CM LLAMA,,
01t4w00000NunOaAAJ,PELUCHE 32 CM OSO,,
01t4w00000NunObAAJ,PELUCHE 26 CM OSO CON CORAZON,,
01t4w00000NunOcAAJ,PELUCHE 28 CM OSO CON CORAZON,,
01t4w00000NunOdAAJ,PELUCHE 46 CM ASIENTO ANIMALES,,
01t4w00000NunOeAAJ,PELUCHE 19 CM ANIMALES,,
01t4w00000NunOfAAJ,PELUCHE 38 CM CONEJO,,
01t4w00000NunOgAAJ,PELUCHE 24 CM ANIMALES,,
01t4w00000NunOhAAJ,PELUCHE 27 CM ANIMALES,,
01t4w00000NunOiAAJ,PELUCHE 19 CM ANIMALES,,
01t4w00000NunOjAAJ,PELUCHE  014 CM ANIMALES,,
01t4w00000NunOkAAJ,PELUCHE 25 OSO,,
01t4w00000NunOmAAJ,PELUCHE 43 CM PERRO,,
01t4w00000NunOnAAJ,PELUCHE 38 CM PERROS,,
01t4w00000NunOpAAJ,PELUCHE 18 CM ANIMALES,,
01t4w00000NunOtAAJ,PELUCHE 24 CM ANIMALES,,
01t4w00000NunOuAAJ,PELUCHE 40 CM OSO CON CORAZON,,
01t4w00000NunOvAAJ,PELUCHE 39 CM ANIMALES,,
01t4w00000NunOwAAJ,PELUCHE 27 CM OSO CON CORAZON,,
01t4w00000NunOxAAJ,PELUCHE 016 CM ANIMALES,,
01t4w00000NunOyAAJ,PELUCHE 18 CM ANIMALES,,
01t4w00000NunP1AAJ,PELUCHE 42 CM OSO,,
01t4w00000NunP2AAJ,PELUCHE 40 CM ANIMALES,,
01t4w00000NunP3AAJ,PELUCHE 38 CM ANIMALES,,
01t4w00000NunP4AAJ,PELUCHE 19 CM OSO,,
01t4w00000NunP5AAJ,PELUCHE 23 CM ANIMALES,,
01t4w00000NunP6AAJ,PELUCHE 23 CM ANIMALES,,
01t4w00000NunP7AAJ,PELUCHE 39 CM OSO,,
01t4w00000NunP8AAJ,PELUCHE 25 CM ANIMALES,,
01t4w00000NunP9AAJ,PELUCHE 38 CM ANIMALES,,
01t4w00000NunPAAAZ,PELUCHE 37 CM ANIMALES,,
01t4w00000NunPBAAZ,PELUCHE 18 CM ANIMALES,,
01t4w00000NunPCAAZ,PELUCHE 24 CM ANIMALES,,
01t4w00000NunPDAAZ,PELUCHE 37 CM ANIMALES,,
01t4w00000NunPEAAZ,PELUCHE 37 CM ANIMALES,,
01t4w00000NunPFAAZ,PELUCHE 017 CM FLAMINGO,,
01t4w00000NunPGAAZ,HIELERA CON BOLSA,,
01t4w00000NunPHAAZ,PELUCHE 25 CM 0SO CON CORAZON,,
01t4w00000NunPJAAZ,PELUCHE 19 CM PERRO,,
01t4w00000NunPKAAZ,PELUCHE 18 CM ANIMALES,,
01t4w00000NunPLAAZ,PELUCHE 28 CM ANIMALES,,
01t4w00000NunPMAAZ,PELUCHE 18 CM LLAMA,,
01t4w00000NunPOAAZ,PELUCHE 24 CM OSO CON CORAZON,,
01t4w00000NunPPAAZ,PELUCHE 21 CM UNICORNIO,,
01t4w00000NunPQAAZ,PELUCHE 18 CM OSO,,
01t4w00000NunPRAAZ,PELUCHE 21 CM UNICORNIO,,
01t4w00000NunPSAAZ,PELUCHE 28 CM ANIMALES,,
01t4w00000NunPWAAZ,PELUCHE 34 CM UNICORNIO,,
01t4w00000NunPXAAZ,PELUCHE 25 CM UNICORNIO,,
01t4w00000NunPbAAJ,PELUCHE 26 CM UNICORNIO,,
01t4w00000NunPcAAJ,COLUMPIO BALACIN DOBLE,,
01t4w00000NunPdAAJ,PELUCHE 26 CM UNICORNIO,,
01t4w00000NunPeAAJ,PELUCHE 37 CM MONO,,
01t4w00000NunPfAAJ,PELUCHE 28 CM UNICORNIO,,
01t4w00000NunPgAAJ,PELUCHE 28 CM UNICORNIO,,
01t4w00000NunQ5AAJ,PELUCHE 130 CM OSO CLASICO,,
01t4w00000NunQ6AAJ,PELUCHE 130 CM OSO CLASICO,,
01t4w00000NunQ7AAJ,PELUCHE 130 CM OSO CLASICO,,
01t4w00000NunQ8AAJ,PELUCHE 130 CM OSO CLASICO,,
01t4w00000NunQ9AAJ,PELUCHE 130 CM OSO CLASICO,,
01t4w00000NunQAAAZ,PELUCHE 105 CM CONEJO,,
01t4w00000NunQBAAZ,PELUCHE 105 CM CONEJO,,
01t4w00000NunQCAAZ,PELUCHE 100 CM PATO,,
01t4w00000NunQDAAZ,PELUCHE 72 CM LLAMA,,
01t4w00000NunQEAAZ,PELUCHE 92 CM UNICORNIO,,
01t4w00000NunQFAAZ,PELUCHE 64 CM DINOSAURIO,,
01t4w00000NunQGAAZ,PELUCHE 65 CM UNICORNIO,,
01t4w00000NunQHAAZ,PELUCHE 65 CM PANDA,,
01t4w00000NunQIAAZ,PELUCHE 110 CM BALLENA,,
01t4w00000NunQJAAZ,PELUCHE 64 CM TORO,,
01t4w00000NunQKAAZ,PELUCHE 66 CM FLAMINGO,,
01t4w00000NunQLAAZ,PELUCHE 64 CM HUSKY,,
01t4w00000NunQMAAZ,PELUCHE 76 CM JIRAFA,,
01t4w00000NunQNAAZ,PELUCHE 116 CM TIBURON,,
01t4w00000NunQOAAZ,PELUCHE 20 CM CONEJO,,
01t4w00000NunQPAAZ,PELUCHE 20 CM ANIMALES PARED,,
01t4w00000NunQQAAZ,PELUCHE 100 CM ANIMALES,,
01t4w00000NunQRAAZ,PELUCHE 21 CM PERRO,,
01t4w00000NunQSAAZ,PELUCHE 100 CM OSO,,
01t4w00000NunQTAAZ,PELUCHE 30 CM PERRO,,
01t4w00000NunQUAAZ,PELUCHE 58 CM ANIMALES CON BEBE,,
01t4w00000NunQVAAZ,PELUCHE 100 CM ANIMALES,,
01t4w00000NunQWAAZ,PELUCHE 60 CM ANIMALES,,
01t4w00000NunQXAAZ,PELUCHE 60 CM ANIMALES,,
01t4w00000NunQYAAZ,PELUCHE 80 CM ANIMALES,,
01t4w00000NunQZAAZ,PELUCHE 68 CM CABRA,,
01t4w00000NunQaAAJ,PELUCHE 100 CM ANIMALES,,
01t4w00000NunQbAAJ,PELUCHE 80 CM ANIMALES,,
01t4w00000NunQcAAJ,PELUCHE 52 CM PANDA,,
01t4w00000NunQdAAJ,PELUCHE 60 CM ANIMALES,,
01t4w00000NunQeAAJ,PELUCHE 35 CM ANIMALES,,
01t4w00000NunQfAAJ,PELUCHE 25 CM PERRO,,
01t4w00000NunQgAAJ,PELUCHE 35 CM PERRO,,
01t4w00000NunQhAAJ,PELUCHE 29 CM ANIMALES,,
01t4w00000NunQiAAJ,PELUCHE 39 CM ANIMALES,,
01t4w00000NunQjAAJ,PELUCHE 36 CM GATO,,
01t4w00000NunQkAAJ,PELUCHE 39 CM ANIMALES,,
01t4w00000NunQlAAJ,PELUCHE 32 CM CONEJO,,
01t4w00000NunQmAAJ,PELUCHE 24 CM OSO,,
01t4w00000NunQnAAJ,PELUCHE 32 CM NUBE,,
01t4w00000NunQoAAJ,PELUCHE 35 CM OSO,,
01t4w00000NunQpAAJ,PELUCHE 25 CM ANIMALES,,
01t4w00000NunQqAAJ,PELUCHE 21 CM MAPACHE,,
01t4w00000NunQrAAJ,PELUCHE 31 CM OSO,,
01t4w00000NunQsAAJ,PELUCHE FRUTAS,,
01t4w00000NunQtAAJ,PELUCHE ALIMENTOS,,
01t4w00000NunQuAAJ,PELUCHE 21 CM OSO HORMIGUERO,,
01t4w00000NunQvAAJ,23cm rhinoceros & hippo,,
01t4w00000NunQwAAJ,PELUCHE 55 CM LLAMA,,
01t4w00000NunQxAAJ,PELUCHE 35 CM ANIMALES,,
01t4w00000NunQyAAJ,PELUCHE 59 CM JIRAFA,,
01t4w00000NunQzAAJ,PELUCHE 50 CM DINOSAURIO,,
01t4w00000NunR0AAJ,PELUCHE 100 CM OSO,,
01t4w00000NunR1AAJ,PELUCHE 65 CM ANIMALES,,
01t4w00000NunR2AAJ,PELUCHE 200 CM ORUGA,,
01t4w00000NunR3AAJ,PELUCHE 100 CM ANIMALES,,
01t4w00000NunR4AAJ,PELUCHE 40 CM OSO HORMIGUERO,,
01t4w00000NunR5AAJ,PELUCHE 84 CM PINGÜINO,,
01t4w00000NunR6AAJ,PELUCHE 36 CM ANIMALES,,
01t4w00000NunR7AAJ,PELUCHE 130 CM OSO CLASICO,,
01t4w00000NunR8AAJ,PELUCHE 135 CM PANDA,,
01t4w00000NunR9AAJ,PELUCHE 130 CM ANIMALES CON BEBE,,
01t4w00000NunRBAAZ,PELUCHE 100 CM ANIMALES,,
01t4w00000NunRCAAZ,PELUCHE 85 CM UNICORNIO,,
01t4w00000NunRDAAZ,PELUCHE 90 CM OSO,,
01t4w00000NunREAAZ,PELUCHE 80 CM ANIMALES,,
01t4w00000NunRFAAZ,PELUCHE 60 CM ANIMALES,,
01t4w00000NunRGAAZ,PELUCHE 70 CM UNICORNIO,,
01t4w00000NunRHAAZ,PELUCHE 120 CM UNICORNIO,,
01t4w00000NunRJAAZ,PELUCHE 78 CM OSO,,
01t4w00000NunRKAAZ,PELUCHE 64 CM ANIMALES,,
01t4w00000NunRLAAZ,POZO DE FUEGO,,
01t4w00000NunRMAAZ,POZO DE FUEGO,,
01t4w00000NunRNAAZ,PELUCHE 60 CM PINGÜINO,,
01t4w00000NunROAAZ,PELUCHE 90 CM JIRAFA,,
01t4w00000NunRPAAZ,PELUCHE 60 CM ANIMALES,,
01t4w00000NunRQAAZ,PELUCHE 39 CM ESTRELLA,,
01t4w00000NunRRAAZ,PELUCHE 37 CM FLAMINGO,,
01t4w00000NunRSAAZ,PELUCHE 35 CM ANIMALES,,
01t4w00000NunRTAAZ,PELUCHE 37 CM ANIMALES,,
01t4w00000NunRUAAZ,PELUCHE 30 CM ANIMALES,,
01t4w00000NunRVAAZ,PELUCHE 29 CM LLAMA,,
01t4w00000NunRWAAZ,CUNA MULTIFUNCION,,
01t4w00000NunRXAAZ,CUNA MULTIFUNCION,,
01t4w00000NunRZAAZ,MESA RESINA PLEGABLE - ? 4 cm (70%),,
01t4w00000NunRbAAJ,ESTANTERIA 4 NIVELES,,
01t4w00000NunRdAAJ,ESTANTERIA 4 NIVELES,,
01t4w00000NunReAAJ,MESA RESINA IMITACION MADERA PLEGABLE,,
01t4w00000NunRfAAJ,SILLA RESINA IMITACION MADERA,,
01t4w00000NunRhAAJ,ESTANTERIA 4 NIVELES,,
01t4w00000NunRjAAJ,PERCHERO ZAPATERO,,
01t4w00000NunRlAAJ,ESTANTERIA 4 NIVELES,,
01t4w00000NunRnAAJ,SILLA DE COMEDOR TELA,,
01t4w00000NunRpAAJ,SILLA DE COMEDOR TELA,,
01t4w00000NunRrAAJ,SILLA DE COMEDOR TELA,,
01t4w00000NunRtAAJ,SILLA DE COMEDOR TELA,,
01t4w00000NunRvAAJ,SILLA DE COMEDOR TELA,,
01t4w00000NunRxAAJ,SILLA DE COMEDOR TELA,,
01t4w00000NunRzAAJ,SILLA DE COMEDOR TELA,,
01t4w00000NunS1AAJ,BANCO BAR PU,,
01t4w00000NunS3AAJ,SILLA GAMING,,
01t4w00000NunS5AAJ,SILLA GAMING,,
01t4w00000NunS7AAJ,SILLON TELA,,
01t4w00000NunS9AAJ,SILLA COMEDOR TELA,,
01t4w00000NunSBAAZ,SILLA COMEDOR TELA,,
01t4w00000NunSDAAZ,SILLA COMEDOR TELA,,
01t4w00000NunSFAAZ,SILLON TELA + REPOSA PIES,,
01t4w00000NunSJAAZ,LAMPARA LED SELFIES SOBREMESA,,
01t4w00000NunSKAAZ,LAMPARA LED SELFIES TRÍPODE PARA MOVIL,,
01t4w00000NunSLAAZ,LAMPARA LED SELFIES TRÍPODE PARA MOVIL,,
01t4w00000NunSNAAZ,PELUCHE 80 CM PERRO,,
01t4w00000NunSPAAZ,PELUCHE 130 CM ELEFANTE,,
01t4w00000NunSRAAZ,PELUCHE 37 CM PERRO,,
01t4w00000NunSTAAZ,PELUCHE 200 CM MONO,,
01t4w00000NunSVAAZ,PELUCHE 80 CM UNICORNIO,,
01t4w00000NunSXAAZ,PELUCHE 110 CM UNICORNIO,,
01t4w00000NunSZAAZ,PELUCHE 30 CM CIERVO,,
01t4w00000NunSbAAJ,PELUCHE 100 CM KOALA,,
01t4w00000NunSgAAJ,(DESACTIVADO) CALENTADOR SOBREMESA PTC 800W,,
01t4w00000NunShAAJ,CALENTADOR SOBREMESA PTC 2000W,,
01t4w00000NunSiAAJ,CALENTADOR SOBREMESA PTC 1200W,,
01t4w00000NunSjAAJ,(DESACTIVADO) CALENTADOR SOBREMESA PTC 800W,,
01t4w00000NunSlAAJ,COLUMPIO COLGANTE CON COJIN DOBLE (DESMONTABLE),,
01t4w00000NunSnAAJ,COLUMPIO COLGANTE CON COJIN DOBLE  (FIJO),,
01t4w00000NunSpAAJ,COLUMPIO COLGANTE CON COJIN (DESMONTABLE),,
01t4w00000NunSrAAJ,COLUMPIO COLGANTE CON COJIN (DESMONTABLE),,
01t4w00000NunSsAAJ,BOLICHE GRANDE 12 PZAS,,
01t4w00000NunStAAJ,DOMINÓ,,
01t4w00000NunSuAAJ,DOMINÓ,,
01t4w00000NunSvAAJ,DOMINÓ,,
01t4w00000NunSwAAJ,JUEGO DE MESA SERPIENTES Y ESCALERAS,,
01t4w00000NunSxAAJ,JUEGO DE GANSO EN SUELO,,
01t4w00000NunSyAAJ,JUEGO DE MESA MAGNETICO 5 EN 1,,
01t4w00000NunSzAAJ,JUEGO DE MESA MAGNETICO 8 EN 1,,
01t4w00000NunT0AAJ,JUEGO DE MESA TRAGABOLAS,,
01t4w00000NunT1AAJ,JUEGO DE MESA 12 EN 1,,
01t4w00000NunT2AAJ,SILLA RESINA IMITACION RATAN,,
01t4w00000NunT4AAJ,CLIMATIZADOR 1000/2000W HEAT/COOL/FAN,,
01t4w00000NunT6AAJ,CALENTADOR PISO 750/1250/2000W,,
01t4w00000NunT8AAJ,MESA ESCRITORIO,,
01t4w00000NunTAAAZ,MESA ESCRITORIO,,
01t4w00000NunTCAAZ,SOFA CAMA,,
01t4w00000NunTEAAZ,SOFA CAMA,,
01t4w00000NunTGAAZ,SILLON INFANTIL PUFF FUTBOL,,
01t4w00000NunTIAAZ,MESA AUXILIAR,,
01t4w00000NunTKAAZ,CLIMATIZADOR 1000/2000W HEAT/COOL/FAN,,
01t4w00000NunTMAAZ,CLIMATIZADOR 1000/2000W HEAT/COOL/FAN,,
01t4w00000NunTOAAZ,CALENTADOR PISO 750/1250/2000W,,
01t4w00000NunTQAAZ,CENTRO DE ENTRETENIMIENTO 2 CAJONES,,
01t4w00000NunTSAAZ,SET COMEDOR MDF + 4 SILLAS,,
01t4w00000NunTTAAZ,SILLA PLEGABLE ACOLCHADA TELA,,
01t4w00000NunTVAAZ,COLUMPIO COLGANTE CON COJIN DOBLE (DESMONTABLE),,
01t4w00000NunTWAAZ,SILLA RESINA DOBLE BLANCA,,
01t4w00000NunTYAAZ,BANCA RESINA PLEGABLE,,
01t4w00000NunTaAAJ,MESA RESINA PLEGABLE ? 4 cm,,
01t4w00000NunTbAAJ,MESA RESINA PLEGABLE ? 4 cm,,
01t4w00000NunTcAAJ,MESA RESINA PLEGABLE REDONDA ? 4.5 cm,,
01t4w00000NunTeAAJ,MESA RESINA IMITACION MADERA PLEGABLE,,
01t4w00000NunTgAAJ,SILLA RESINA IMITACION MADERA,,
01t4w00000NunTiAAJ,"TV STAND MUEBLE CRISTAL SOPORTE 32-65""",,
01t4w00000NunTkAAJ,"TV STAND MUEBLE CRISTAL SOPORTE 32-65""",,
01t4w00000NunTmAAJ,SET MESA DOBLE CARA PIZARRON + 2 SILLAS CON CAJONES INFANTIL,,
01t4w00000NunToAAJ,SET MESA + SILLAS,,
01t4w00000NunTpAAJ,CALENTADOR PISO 750/1250/2000W,,
01t4w00000NunTqAAJ,CLIMATIZADOR 1000/2000W HEAT/COOL/FAN,,
01t4w00000NunTsAAJ,MESA RESINA PERSONAL,,
01t4w00000NunTtAAJ,MESA RESINA PERSONAL,,
01t4w00000NunTxAAJ,SILLA COMEDOR TELA,,
01t4w00000NunTzAAJ,SILLA COMEDOR TELA,,
01t4w00000NunU1AAJ,SILLA COMEDOR TELA,,
01t4w00000NunU7AAJ,SET COMEDOR MDF + 4 SILLAS,,
01t4w00000NunU8AAJ,SET COMEDOR MDF + 4 SILLAS,,
01t4w00000NunU9AAJ,SET COMEDOR MDF + 4 SILLAS + BANCO,,
01t4w00000NunUAAAZ,SET COMEDOR MDF + 4 SILLAS,,
01t4w00000NunUBAAZ,SET COMEDOR MDF + 4 SILLAS,,
01t4w00000NunUDAAZ,SET JARDIN 6 PIEZAS,,
01t4w00000NunUFAAZ,SET COMEDOR 6 PIEZAS,,
01t4w00000NunULAAZ,SOFA CAMA,,
01t4w00000NunUNAAZ,SILLON RECLINABLE MANUAL GIRATORIO,,
01t4w00000NunUPAAZ,ESTANTERIA 4 NIVELES TRANSFORMER,,
01t4w00000NunURAAZ,APARADOR 2 PUERTAS,,
01t4w00000NunUTAAZ,CENTRO ENTRETENIMIENTO 2 CAJONES,,
01t4w00000NunUVAAZ,MESA AUXILIAR,,
01t4w00000NunUXAAZ,MESA AUXILIAR,,
01t4w00000NunUZAAZ,SET MESAS AUXILIARES 2 PIEZAS,,
01t4w00000NunUbAAJ,SET MESAS AUXILIARES 2 PIEZAS,,
01t4w00000NunUdAAJ,MESA COMEDOR RECTANGULAR,,
01t4w00000NunUfAAJ,MESA COMEDOR RECTANGULAR,,
01t4w00000NunUhAAJ,SET COMEDOR MDF + 2 SILLAS AHORRAESPACIO,,
01t4w00000NunUjAAJ,SET COMEDOR MDF + 4 SILLAS,,
01t4w00000NunUlAAJ,SET COMEDOR MDF + 4 SILLAS,,
01t4w00000NunUnAAJ,SET COMEDOR MDF + 4 SILLAS,,
01t4w00000NunUpAAJ,CARRITO ISLA COCINA,,
01t4w00000NunUrAAJ,CARRITO ORGANIZADOR COCINA 3 NIVELES,,
01t4w00000NunUtAAJ,CARRITO ORGANIZADOR COCINA 2 NIVELES,,
01t4w00000NunUvAAJ,"MANGUERA EXPANDIBLE 7,5 MT C/PISTOLA 8 FUNCIONES",,
01t4w00000NunUxAAJ,MANGUERA EXPANDIBLE 15 MT C/PISTOLA 7 FUNCIONES,,
01t4w00000NunV0AAJ,MANGUERA EXPANDIBLE 22 MT C/PISTOLA 8 FUNCIONES,,
01t4w00000NunV1AAJ,MANGUERA EXPANDIBLE 30 MT C/PISTOLA 8 FUNCIONES,,
01t4w00000NunV3AAJ,"MANGUERA EXPANDIBLE 7,5 MT C/PISTOLA 8 FUNCIONES",,
01t4w00000NunV5AAJ,MANGUERA EXPANDIBLE 15 MT C/PISTOLA 8 FUNCIONES,,
01t4w00000NunV7AAJ,MANGUERA EXPANDIBLE 22 MT C/PISTOLA 8 FUNCIONES,,
01t4w00000NunV9AAJ,MANGUERA EXPANDIBLE 30 MT C/PISTOLA 8 FUNCIONES,,
01t4w00000NunVBAAZ,"MANGUERA EXPANDIBLE 7,5 MT C/PISTOLA 8 FUNCIONES",,
01t4w00000NunVDAAZ,MANGUERA EXPANDIBLE 15 MT C/PISTOLA 8 FUNCIONES,,
01t4w00000NunVFAAZ,MANGUERA EXPANDIBLE 22 MT C/PISTOLA 8 FUNCIONES,,
01t4w00000NunVHAAZ,MANGUERA EXPANDIBLE 30 MT C/PISTOLA 8 FUNCIONES,,
01t4w00000NunVJAAZ,"MANGUERA EXPANDIBLE 7,5 MT C/PISTOLA 8 FUNCIONES",,
01t4w00000NunVLAAZ,MANGUERA EXPANDIBLE 15 MT C/PISTOLA 8 FUNCIONES,,
01t4w00000NunVMAAZ,"MANGUERA EXPANDIBLE 7,5 MT C/PISTOLA 8 FUNCIONES",,G401089A
01t4w00000NunVNAAZ,"MANGUERA EXPANDIBLE 7,5 MT C/PISTOLA 8 FUNCIONES",,
01t4w00000NunVPAAZ,"MANGUERA EXPANDIBLE 7,5 MT C/PISTOLA 8 FUNCIONES",,
01t4w00000NunVRAAZ,MANGUERA EXPANDIBLE 15 MT C/PISTOLA 8 FUNCIONES,,
01t4w00000NunVTAAZ,MANGUERA EXPANDIBLE 22 MT C/PISTOLA 7 FUNCIONES,,
01t4w00000NunVVAAZ,MANGUERA EXPANDIBLE 30 MT C/PISTOLA 8 FUNCIONES,,
01t4w00000NunVXAAZ,"MANGUERA EXPANDIBLE 7,5 MT C/PISTOLA 8 FUNCIONES",,
01t4w00000NunVZAAZ,MANGUERA EXPANDIBLE 15 MT C/PISTOLA 7 FUNCIONES,,
01t4w00000NunVbAAJ,MANGUERA EXPANDIBLE 22 MT C/PISTOLA 7 FUNCIONES,,
01t4w00000NunVdAAJ,MANGUERA EXPANDIBLE 30 MT C/PISTOLA 8 FUNCIONES,,
01t4w00000NunVfAAJ,"MANGUERA EXPANDIBLE 7,5 MT C/PISTOLA 8 FUNCIONES",,
01t4w00000NunVhAAJ,MANGUERA EXPANDIBLE 15 MT C/PISTOLA 8 FUNCIONES,,
01t4w00000NunVjAAJ,MANGUERA EXPANDIBLE 22 MT C/PISTOLA 8 FUNCIONES,,
01t4w00000NunVlAAJ,MANGUERA EXPANDIBLE 30 MT C/PISTOLA 8 FUNCIONES,,
01t4w00000NunVnAAJ,"MANGUERA EXPANDIBLE 7,5 MT C/PISTOLA 8 FUNCIONES",,
01t4w00000NunVpAAJ,MANGUERA EXPANDIBLE 15 MT C/PISTOLA 8 FUNCIONES,,
01t4w00000NunVrAAJ,"MESA RESINA PLEGABLE - ? 4,5 cm",,
01t4w00000NunVtAAJ,SOMBRILLA JARDIN LATERAL CON BASE EN CRUZ,,
01t4w00000NunVvAAJ,SOFA CAMA,,
01t4w00000NunVxAAJ,SOFA CAMA,,
01t4w00000NunVzAAJ,ASADOR CARBON CERAMICO REDONDO CON MESAS LATERALES,,
01t4w00000NunW1AAJ,ESTANTERIA PARA LIBROS CON CAJONES,,
01t4w00000NunW3AAJ,ESTANTERIA PARA LIBROS CON CAJONES,,
01t4w00000NunW5AAJ,ESTANTERIA PARA LIBROS,,
01t4w00000NunW7AAJ,ESTANTERIA PARA LIBROS,,
01t4w00000NunW9AAJ,"MESA RESINA PLEGABLE - ? 3,6 cm",,
01t4w00000NunWAAAZ,MESA RESINA PLEGABLE ? 4 cm,,
01t4w00000NunWBAAZ,MESA RESINA IMITACION MADERA PLEGABLE,,
01t4w00000NunWFAAZ,BANCA RESINA PLEGABLE,,
01t4w00000NunWGAAZ,BANCA RESINA PLEGABLE,,
01t4w00000NunWIAAZ,SET MESA + 2 BANCOS RESINA PLEGABLE,,
01t4w00000NunWKAAZ,SOMBRILLA JARDIN 6 RIBS,,
01t4w00000NunWOAAZ,MESA JARDIN RECTANGULAR,,
01t4w00000NunWQAAZ,MESA JARDIN CUADRADO,,
01t4w00000NunWRAAZ,MESA JARDIN REDONDA,,
01t4w00000NunWSAAZ,MESA RESINA PLEGABLE,,
01t4w00000NunWUAAZ,GAZEBO PLAYA,,
01t4w00000NunWWAAZ,SILLA DE TERRAZA,,
01t4w00000NunWYAAZ,MESA JARDIN REDONDA,,
01t4w00000NunWaAAJ,COLUMPIO BALACIN DOBLE,,
01t4w00000NunWcAAJ,COLUMPIO COLGANTE CON COJIN,,
01t4w00000NunWeAAJ,COLUMPIO COLGANTE CON COJIN,,
01t4w00000NunWgAAJ,COLUMPIO COLGANTE CON COJIN (DESMONTABLE),,
01t4w00000NunWiAAJ,COLUMPIO COLGANTE CON COJIN (DESMONTABLE),,
01t4w00000NunWkAAJ,HORNO DE PIZZA ELECTRICO,,
01t4w00000NunWnAAJ,SET SOFAS WICKER 4 PIEZAS CON COJIN,,
01t4w00000NunWpAAJ,SET SOFAS WICKER 4 PIEZAS CON COJIN,,
01t4w00000NunWrAAJ,SET SOFAS WICKER 4 PIEZAS CON COJIN,,
01t4w00000NunWtAAJ,SET SOFAS WICKER 4 PIEZAS CON COJIN,,
01t4w00000NunWvAAJ,SET SOFAS WICKER 4 PIEZAS CON COJIN,,
01t4w00000NunWyAAJ,SET SOFAS WICKER 4 PIEZAS CON COJIN,,
01t4w00000NunX0AAJ,SALA DE PATIO WICKER 3 PIEZAS,,
01t4w00000NunX4AAJ,LAMPARA SOLAR LINTERNA,,
01t4w00000NunX6AAJ,LAMPARA SOLAR LINTERNA,,
01t4w00000NunX8AAJ,LAMPARA SOLAR LINTERNA,,
01t4w00000NunXAAAZ,SET BISTRO ROPE 3PIEZAS,,
01t4w00000NunXCAAZ,SILLA COMEDOR ACERO TEXTILENO,,
01t4w00000NunXDAAZ,SILLA PLEGABLE ACERO,,
01t4w00000NunXEAAZ,SET BISTRO METALICO 3 PIEZAS,,
01t4w00000NunXFAAZ,TUMBONA PLAYA,,
01t4w00000NunXGAAZ,LAMPARA SOLAR HOJAS,,
01t4w00000NunXHAAZ,SET BISTRO METALICO 3 PIEZAS,,
01t4w00000NunXJAAZ,LAMPARA SOLAR RAMAS,,
01t4w00000NunXLAAZ,LAMPARA SOLAR LINTERNA,,
01t4w00000NunXNAAZ,SET COMEDOR WICKER CON COJIN,,
01t4w00000NunXOAAZ,SET BISTRO WICKER 3 PIEZAS CON COJIN,,
01t4w00000NunXQAAZ,LAMPARA SOLAR COLGANTE,,
01t4w00000NunXSAAZ,SET BISTRO WICKER 3 PIEZAS,,
01t4w00000NunXUAAZ,SET COMEDOR WICKER CON COJIN 4 PIEZAS,,
01t4w00000NunXWAAZ,LAMPARA SOLAR LINTERNA,,
01t4w00000NunXaAAJ,LAMPARA SOLAR LUNA,,
01t4w00000NunXcAAJ,LAMPARA SOLAR COLGANTE,,
01t4w00000NunXeAAJ,LAMPARA SOLAR FLOR,,
01t4w00000NunXfAAJ,TUMBONA PLAYA,,
01t4w00000NunXhAAJ,SERIE DE LUZ SOLAR DECORATIVA,,
01t4w00000NunXjAAJ,SERIE DE LUZ SOLAR DECORATIVA,,
01t4w00000NunXlAAJ,SALA DE PATIO METALICA CON COJIN 4 PIEZAS,,
01t4w00000NunXnAAJ,SET COMEDOR 3 PIEZAS AHORRA ESPACIO WICKER CON COJIN,,
01t4w00000NunXpAAJ,CARRITO APOYO CUADRADO,,
01t4w00000NunXqAAJ,SALA DE PATIO WICKER 4 PIEZAS,,
01t4w00000NunXtAAJ,CARRITO APOYO REDONDO,,
01t4w00000NunXvAAJ,SET BISTRO WICKER 3 PIEZAS CON COJIN,,
01t4w00000NunXxAAJ,SALA DE PATIO METALICA 4 PIEZAS CON COJINES,,
01t4w00000NunXzAAJ,SILLA HUEVO ROTA,,
01t4w00000NunY1AAJ,SILLA HUEVO ROTA,,
01t4w00000NunY3AAJ,SILLA INFANTIL PLASTICO,,
01t4w00000NunY5AAJ,SILLA INFANTIL PLASTICO,,
01t4w00000NunY7AAJ,SILLA INFANTIL PLASTICO,,
01t4w00000NunY9AAJ,TABURETE AUXILIAR HIELERA,,
01t4w00000NunYCAAZ,MESA AUXILIAR HIELERA,,
01t4w00000NunYEAAZ,MESA AUXILIAR HIELERA,,
01t4w00000NunYGAAZ,TABURETE AUXILIAR HIELERA,,
01t4w00000NunYKAAZ,SET COMEDOR MDF + 2 SILLAS AHORRAESPACIO,,
01t4w00000NunYNAAZ,SET COMEDOR MDF + 2 SILLAS AHORRAESPACIO,,
01t4w00000NunYQAAZ,SET BISTRO 3 PIEZAS,,
01t4w00000NunYRAAZ,SALA DE PATIO RATAN 3 PIEZAS,,
01t4w00000NunYSAAZ,SALA DE PATIO WICKER 5 PIEZAS,,
01t4w00000NunYTAAZ,SET SOFA EN ESQUINA 7 PIEZAS,,
01t4w00000NunYUAAZ,SET COMEDOR 5 PIEZAS,,
01t4w00000NunYVAAZ,SALA DE PATIO WICKER 4 PIEZAS,,
01t4w00000NunYXAAZ,TUMBONA PLEGABLE,,
01t4w00000NunYaAAJ,SET COMEDOR PLEGABLE 6 PIEZAS,,
01t4w00000NunYbAAJ,SET COMEDOR CON SOMBRILLA 8 PIEZAS,,
01t4w00000NunYdAAJ,SET BISTRO WICKER PLEGABLE,,
01t4w00000NunYfAAJ,SET COMEDOR 6 PIEZAS,,
01t4w00000NunYhAAJ,SET COMEDOR 5 PIEZAS,,
01t4w00000NunYjAAJ,SILLA DOBLE PLAYA,,
01t4w00000NunYlAAJ,SET DE SILLA DOBLE PLAYA,,
01t4w00000NunYmAAJ,SILLA GAMING,,
01t4w00000NunYnAAJ,SILLA GAMING,,
01t4w00000NunYoAAJ,SILLA GAMING,,
01t4w00000NunYpAAJ,SILLA GAMING CON LUZ LED,,
01t4w00000NunYqAAJ,SILLA GAMING,,
01t4w00000NunYsAAJ,SET COMEDOR 8 PIEZAS,,
01t4w00000NunYuAAJ,MESA - SET JARDIN 8 PIEZAS (G108109A),,
01t4w00000NunYwAAJ,SILLA - SET JARDIN 8 PIEZAS (G108109A),,
01t4w00000NunYyAAJ,SOMBRILLA - SET JARDIN 8 PIEZAS (G108109A),,
01t4w00000NunZ0AAJ,SET COMEDOR 7 PIEZAS,,
01t4w00000NunZ2AAJ,MESA - SET JARDIN 8 PIEZAS (G108114A),,
01t4w00000NunZ4AAJ,SET COMEDOR 5 PIEZAS,,
01t4w00000NunZ5AAJ,SET COMEDOR  8 PIEZAS,,
01t4w00000NunZ7AAJ,SILLA - SET JARDIN 8 PIEZAS(G108114A),,
01t4w00000NunZ9AAJ,SOMBRILLA - SET JARDIN 8 PIEZAS (G108114A),,
01t4w00000NunZCAAZ,MESA - SET JARDIN 5 PIEZAS (G108118A),,
01t4w00000NunZEAAZ,SILLA - SET JARDIN 5 PIEZAS (G108118A),,
01t4w00000NunZGAAZ,SET COMEDOR 6 PIEZAS CON SOMBRILLA,,
01t4w00000NunZIAAZ,MESA - SET JARDIN 6 PIEZAS (G108121A),,
01t4w00000NunZKAAZ,SILLA - SET JARDIN 6 PIEZAS (G108121A),,
01t4w00000NunZMAAZ,SET COMEDOR 6 PIEZAS,,
01t4w00000NunZOAAZ,MESA - SET JARDIN 6 PIEZAS (G108124A),,
01t4w00000NunZQAAZ,SILLA - SET JARDIN 6 PIEZAS (G108124A),,
01t4w00000NunZSAAZ,SOMBRILLA - SET JARDIN 6 PIEZAS (G108124A),,
01t4w00000NunZUAAZ,SET COMEDOR 5 PIEZAS,,
01t4w00000NunZWAAZ,MESA - SET JARDIN 5 PIEZAS (G108128A),,
01t4w00000NunZYAAZ,SILLA - SET JARDIN 5 PIEZAS (G108128A),,
01t4w00000NunZZAAZ,BANCO BAR TELA,,
01t4w00000NunZbAAJ,MESA - SET COMEDOR 5 PIEZAS (G108108A),,
01t4w00000NunZdAAJ,SILLA - SET COMEDOR 5 PIEZAS (G108108A),,
01t4w00000NunZfAAJ,MESA - SET JARDIN PLEGABLE 8 PIEZAS (G108105A),,
01t4w00000NunZhAAJ,SILLA - SET JARDIN PLEGABLE 8 PIEZAS (G108105A),,
01t4w00000NunZjAAJ,SOMBRILLA - SET JARDIN PLEGABLE 8 PIEZAS (G108105A),,
01t4w00000NunZlAAJ,"(INACTIVO) VENTILADOR TORRE 31"" 40W",,
01t4w00000NunZnAAJ,"VENTILADOR TORRE 36"" 40W",,
01t4w00000NunZpAAJ,"(INACTIVO) VENTILADOR TORRE 31"" 40W",,
01t4w00000NunZrAAJ,"VENTILADOR TORRE 36"" 50W",,
01t4w00000NunZtAAJ,"VENTILADOR TORRE 49"" 50W",,
01t4w00000NunZvAAJ,"VENTILADOR TORRE 40"" 60W",,
01t4w00000NunZxAAJ,"VENTILADOR TORRE TURBO 33"" 90W",,
01t4w00000NunZyAAJ,SILLA PLASTICO EAMS,,
01t4w00000Nuna0AAB,"(INACTIVO) VENTILADOR MIST 16"" 90W",,
01t4w00000Nuna1AAB,MESA COMEDOR REDONDA PATAS MADERA,,
01t4w00000Nuna3AAB,"VENTILADOR MIST 16"" 90W",,
01t4w00000Nuna4AAB,SILLA GAMING,,
01t4w00000Nuna6AAB,SILLA PLEGABLE CAMPING 2 PLAZAS,,
01t4w00000Nuna8AAB,SILLA PLEGABLE CAMPING CON SOMBRILLA,,
01t4w00000NunaAAAR,SOMBRILLA JARDIN 6 RIBS,,
01t4w00000NunaCAAR,CARPA POLIESTER,,
01t4w00000NunaEAAR,SOMBRILLA JARDIN LATERAL CON BASE EN CRUZ + LUZ LED,,
01t4w00000NunaGAAR,SET BISTRO TEKA CON COJINES,,
01t4w00000NunaIAAR,TUMBONA PLEGABLE,,
01t4w00000NunaKAAR,GAZEBO CUADRADO CON MOSQUITERA,,
01t4w00000NunaMAAR,GAZEBO CUADRADO CON MOSQUITERA,,
01t4w00000NunaOAAR,SET COMEDOR 5 PIEZAS AHORRAESPACIO PLASTICO,,
01t4w00000NunaQAAR,SET JARDIN 5 PIEZAS CON COJINES,,
01t4w00000NunaSAAR,MESA RESINA PLEGABLE 152 CM,,
01t4w00000NunaTAAR,MESA RESINA PLEGABLE 152 CM,,
01t4w00000NunaVAAR,GAZEBO CUADRADO CON BARRAS BAR,,
01t4w00000NunaWAAR,GAZEBO CUADRADO,,
01t4w00000NunaZAAR,GAZEBO CUADRADO CON BARRAS BAR,,
01t4w00000NunaaAAB,GAZEBO CUADRADO CON BARRAS BAR,,
01t4w00000NunadAAB,GAZEBO CUADRADO,,
01t4w00000NunafAAB,GAZEBO CUADRADO CON BARRAS BAR,,
01t4w00000NunagAAB,GAZEBO CUADRADO CON CORTINAS,,
01t4w00000NunakAAB,GAZEBO CUADRADO,,
01t4w00000NunalAAB,GAZEBO CUADRADO CON CORTINAS,,
01t4w00000NunanAAB,GAZEBO CUADRADO CON CORTINAS,,
01t4w00000NunapAAB,SET SOFAS CON COJIN 4 PIEZAS,,
01t4w00000NunarAAB,SET SOFAS CON COJIN 4 PIEZAS,,
01t4w00000NunatAAB,SET BISTRO WICKER MARIPOSA 3 PIEZAS,,
01t4w00000NuncsAAB,SILLA GAMING,,
01t4w00000NunctAAB,SILLA GAMING,,
01t4w00000NuncuAAB,SILLA GAMING,,
01t4w00000NuncvAAB,SILLA GAMING,,
01t4w00000NuncwAAB,SILLA GAMING,,
01t4w00000NuncxAAB,SILLA ORDENADOR,,
01t4w00000NuncyAAB,SILLA ORDENADOR,,
01t4w00000NunczAAB,SILLA GAMING,,
01t4w00000Nund0AAB,SILLA GAMING,,
01t4w00000Nund1AAB,SILLA GAMING,,
01t4w00000Nund2AAB,SILLA GAMING,,
01t4w00000Nund3AAB,SILLA ORDENADOR,,
01t4w00000Nund4AAB,SILLA ORDENADOR,,
01t4w00000Nund5AAB,SILLA ORDENADOR,,
01t4w00000Nund6AAB,SILLA GAMING,,
01t4w00000Nund7AAB,SILLA ORDENADOR,,
01t4w00000Nund8AAB,SILLA ORDENADOR,,
01t4w00000Nund9AAB,SILLA GAMING,,
01t4w00000NundAAAR,SILLA ORDENADOR,,
01t4w00000NundBAAR,SILLA ORDENADOR,,
01t4w00000NundCAAR,SILLA ORDENADOR,,
01t4w00000NundDAAR,SILLA ORDENADOR,,
01t4w00000NundEAAR,SILLA ORDENADOR,,
01t4w00000NundFAAR,SILLA ORDENADOR,,
01t4w00000NundGAAR,SILLA ORDENADOR MESH,,
01t4w00000NundHAAR,SILLA ORDENADOR MESH,,
01t4w00000NundIAAR,SILLA GAMING  CON BLUETOOTH,,
01t4w00000NundJAAR,SILLA ORDENADOR,,
01t4w00000NundKAAR,CENTRO ENTRETENIMIENTO 4 CAJONES,,
01t4w00000NundLAAR,APARADOR 1 PUERTA + 1 CAJON,,
01t4w00000NundMAAR,APARADOR 1 NIVEL,,
01t4w00000NundNAAR,MESA AUXILIAR 1 NIVEL,,
01t4w00000NundOAAR,APARADOR 1 CAJON,,
01t4w00000NundPAAR,MESA AUXILIAR,,
01t4w00000NundQAAR,MESA AUXILIAR,,
01t4w00000NundRAAR,CENTRO ENTRETENIMIENTO 2 CAJONES,,
01t4w00000NundSAAR,APARADOR 2 PUERTAS,,
01t4w00000NundTAAR,TOALLERO 3 NIVELES,,
01t4w00000NundUAAR,APARADOR 2 NIVELES,,
01t4w00000NundVAAR,MESA AUXILIAR,,
01t4w00000NundWAAR,TOALLERO 2 NIVELES,,
01t4w00000NundXAAR,APARADOR 2 NIVELES,,
01t4w00000NundYAAR,APARADOR 2 PUERTAS,,
01t4w00000NundZAAR,APARADOR 2 PUERTAS,,
01t4w00000NundaAAB,MESA AUXILIAR 2 CAJONES,,
01t4w00000NundbAAB,PORTA CEPILLO PARA BAÑO,,
01t4w00000NundcAAB,PORTA CEPILLO PARA BAÑO,,
01t4w00000NunddAAB,TOALLERO 3 NIVELES,,
01t4w00000NundeAAB,MESA DE BAÑO 4 NIVELES,,
01t4w00000NundfAAB,CARRITO BAÑO 3 NIVELES,,
01t4w00000NundgAAB,PORTA PAPEL HIGIENICO,,
01t4w00000NundhAAB,BOLSA MOCHILA NEVERA CAMPING,,
01t4w00000NundiAAB,BOLSA NEVERA CAMPING,,
01t4w00000NundjAAB,MESA DE BAÑO 3 NIVELES,,
01t4w00000NundkAAB,CARRITO BAÑO 3 NIVELES,,
01t4w00000NundlAAB,CARRITO BAÑO 3 NIVELES,,
01t4w00000NundmAAB,BOLSA NEVERA CAMPING,,
01t4w00000NundnAAB,CARRITO BAÑO 3 NIVELES,,
01t4w00000NundoAAB,BOLSA MOCHILA NEVERA CAMPING,,
01t4w00000NundpAAB,MESA DE BAÑO 3 NIVELES,,
01t4w00000NundqAAB,CARRITO BAÑO 3 NIVELES,,
01t4w00000NundrAAB,CARRITO BAÑO 3 NIVELES,,
01t4w00000NundsAAB,BOLSA LONCHERA NEVERA CAMPING,,
01t4w00000NundtAAB,BOLSA NEVERA CAMPING,,
01t4w00000NunduAAB,BOLSA NEVERA CAMPING,,
01t4w00000NundvAAB,BOLSA LONCHERA NEVERA CAMPING,,
01t4w00000NundwAAB,BOLSA LONCHERA NEVERA CAMPING,,
01t4w00000NuneZAAR,SILLÓN RELAX EUCALIPTO CON REPOSA CABEZAS,,G110029A
01t4w00000NuneoAAB,CARRITO ISLA COCINA,,
01t4w00000NunepAAB,CARRITO ISLA COCINA,,
01t4w00000NuneqAAB,CARRITO ISLA COCINA,,
01t4w00000NunerAAB,APARADOR COCINA,,
01t4w00000NunesAAB,CARRITO ISLA COCINA,,
01t4w00000NunetAAB,REPISA METALICA MONTAÑA,,
01t4w00000NuneuAAB,SILLON INFANTIL,,
01t4w00000NunevAAB,SILLON INFANTIL,,
01t4w00000NunewAAB,SILLON INFANTIL PUFF BEISBOL,,
01t4w00000NunexAAB,SILLON INFANTIL PUFF FUTBOL,,
01t4w00000NuneyAAB,SILLON INFANTIL BALON CON REPOSAPIES,,
01t4w00000NunezAAB,SILLON INFANTIL MECEDORA,,
01t4w00000Nunf0AAB,REPISA METALICA TRIANGULO,,
01t4w00000NunfGAAR,REPISA METALICA MONTAÑA,,
01t4w00000NunfHAAR,REPISA METALICA OSITO,,
01t4w00000NunfIAAR,REPISA METALICA NUBE,,
01t4w00000NunfJAAR,REPISA METALICA NUBE,,
01t4w00000NunfKAAR,REPISA METALICA GATO,,
01t4w00000NunfLAAR,REPISA METALICA GRAFICA 2 NIVELES,,
01t4w00000NunfMAAR,REPISA METALICA HEXAGONO,,
01t4w00000NunfNAAR,REPISA METALICA CORAZON,,
01t4w00000NunfOAAR,REPISA METALICA ROMBO,,
01t4w00000NunfPAAR,REPISA METALICA CASA,,
01t4w00000NunfQAAR,REPISA METALICA CASA,,
01t4w00000NunfRAAR,REPISA METALICA CIRCULO,,
01t4w00000NunfSAAR,REPISA METALICA CON MADERA,,
01t4w00000NunfTAAR,REPISA METALICA CIRCULOS,,
01t4w00000NunfUAAR,REPISA METALICA BICICLETA,,
01t4w00000NunfVAAR,REPISA METALICA CORAZON,,
01t4w00000NunfWAAR,REPISA METALICA CASA,,
01t4w00000NunfXAAR,REPISA METALICA HOJA,,
01t4w00000NunfYAAR,REPISA METALICA MARIPOSA,,
01t4w00000NunfZAAR,REPISA 4 NIVELES ESCALERA,,
01t4w00000NunfaAAB,PERCHERO INFANTIL,,
01t4w00000NunfbAAB,SET MESA DOBLE CARA PIZARRON + 2 BANCOS,,
01t4w00000NunfcAAB,SET MESA DOBLE CARA TIPO LEGO + SILLA INFANTIL,,
01t4w00000NunfdAAB,REPISA 3 NIVELES HEXAGONAL,,
01t4w00000NunffAAB,REPISA METALICA CON MADERA,,
01t4w00000NunfgAAB,BANCO INFANTIL,,
01t4w00000NunfhAAB,MESA APRENDIZAJE CON PIZARRA ROSA,,
01t4w00000NunfiAAB,BANCO INFANTIL,,
01t4w00000NunfjAAB,SET MESA DE DIBUJO CON SILLA INFANTIL,,
01t4w00000NunfkAAB,JUGUETERO 6 CAJONES DE TELA INFANTIL,,
01t4w00000NunfmAAB,MESA DE APRENDIZAJE CON PROYECTOR,,
01t4w00000NunfnAAB,PIZARRA DOBLE HIPOPÓTAMO,,
01t4w00000NunfoAAB,PIZARRA DOBLE BÁSICA,,
01t4w00000NunfqAAB,BAÚL JUGUETES INFANTIL,,
01t4w00000NunfrAAB,CAJONERA 2 CUBOS INFANTIL,,
01t4w00000NunfsAAB,JUGUETERO 9 CAJONES DE PLASTICO INFANTIL,,
01t4w00000NunftAAB,SET MESA DOBLE CARA PIZARRON + 2 SILLAS INFANTIL,,
01t4w00000NunfuAAB,SET MESA DOBLE CARA PIZARRON + 2 SILLAS CON CAJONES INFANTIL,,
01t4w00000NunfxAAB,PIZARRA BÁSICA,,
01t4w00000NunfyAAB,CENTRO DE JUEGOS ROSA,,
01t4w00000NunfzAAB,LIBRERO INFANTIL,,
01t4w00000Nung0AAB,SET ESCRITORIO/BANCA CON ALMACENAJE INFANTIL,,
01t4w00000Nung2AAB,PIZARRA 3 EN 1,,
01t4w00000Nung3AAB,CAJONERA 4 CUBOS INFANTIL,,
01t4w00000Nung4AAB,PELDAÑO INFANTIL,,
01t4w00000Nung5AAB,JUGUETERO 6 CAJONES DE TELA INFANTIL,,
01t4w00000Nung7AAB,BAÚL JUGUETES INFANTIL,,
01t4w00000Nung8AAB,TOBOGAN PLEGABLE CON CANASTA Y PORTERIA,,
01t4w00000NungBAAR,CENTRO DE JUEGOS AZUL,,
01t4w00000NungSAAR,ROMPECABEZAS 24 PZAS,,
01t4w00000NungTAAR,ROMPECABEZAS 24 PZAS HELICÓPTERO,,
01t4w00000NungUAAR,ROMPECABEZAS 24 PZAS BARCO,,
01t4w00000NunhRAAR,LAMPARA DE MESA,,
01t4w00000NunhSAAR,LAMPARA DE MESA,,
01t4w00000NunhTAAR,LAMPARA DE MESA CON 3 PUERTOS USB,,
01t4w00000NunhUAAR,MESA ESCRITORIO,,
01t4w00000NunhVAAR,LAMPARA DE MESA,,
01t4w00000NunhWAAR,LAMPARA DE MESA,,
01t4w00000NunhXAAR,MESA ESCRITORIO,,
01t4w00000NunhYAAR,LAMPARA DE MESA,,
01t4w00000NunhZAAR,LAMPARA DE MESA CON PUERTO USB,,
01t4w00000NunhaAAB,LAMPARA DE PIE,,
01t4w00000NunhcAAB,LAMPARA DE MESA,,
01t4w00000NunhdAAB,LAMPARA DE MESA CON PUERTO USB,,
01t4w00000NunhgAAB,LAMPARA DE MESA CON PUERTO USB,,
01t4w00000NunhhAAB,LAMPARA DE PIE CON PUERTO USB,,
01t4w00000NunhiAAB,MESA ESCRITORIO,,
01t4w00000NunhkAAB,LAMPARA DE MESA CON PUERTO USB,,
01t4w00000NunhlAAB,LAMPARA DE MESA CON PUERTO USB Y CARGADOR WIRELESS,,
01t4w00000NunhmAAB,LAMPARA DE PIE CON REPISAS,,
01t4w00000NunhnAAB,LAMPARA DE PIE,,
01t4w00000NunhoAAB,MESA ESCRITORIO,,
01t4w00000NunhpAAB,BANCO ZAPATERA 1 NIVEL + 2 CAJONES,,
01t4w00000NunhqAAB,MESA ESCRITORIO,,
01t4w00000NunhrAAB,MESA ESCRITORIO,,
01t4w00000NunhsAAB,MESA ESCRITORIO,,
01t4w00000NunhtAAB,MESA ESCRITORIO,,
01t4w00000NunhuAAB,MESA ESCRITORIO + LIBRERO 2 NIVELES,,
01t4w00000NunhvAAB,CARRITO BAÑO 2 NIVELES,,
01t4w00000NunhwAAB,MESA ESCRITORIO,,
01t4w00000NunhxAAB,MESA AUXILIAR 2 PIEZAS,,
01t4w00000NunhyAAB,APARADOR 1 CAJON,,
01t4w00000NunhzAAB,CARRITO BAÑO 2 NIVELES,,
01t4w00000Nuni2AAB,CARRITO BAÑO 3 NIVELES,,
01t4w00000NuniLAAR,MANTA CAMPING ENROLLABLE CON ASA,,
01t4w00000NuniMAAR,MOCHILA ESPALDA CON 2 PORTABOTELLAS,,
01t4w00000NuniNAAR,SILLA PLEGABLE CAMPING + BOLSA NEVERA,,
01t4w00000NuniPAAR,MANTA CAMPING ENROLLABLE CON ASA,,
01t4w00000NuniQAAR,MOCHILA CINTURA,,
01t4w00000NuniRAAR,MOCHILA ESPALDA CON 2 PORTABOTELLAS,,
01t4w00000NuniSAAR,MALETA,,
01t4w00000NuniVAAR,MOCHILA ESPALDA CON 2 PORTABOTELLAS,,
01t4w00000NuniWAAR,MOCHILA CARRO CON RUEDAS,,
01t4w00000NuniXAAR,MOCHILA CRUZADA,,
01t4w00000NuniYAAR,BOLSA NEVERA TROLLEY CAMPING,,
01t4w00000NuniZAAR,SILLA PLEGABLE CAMPING CON RESPALDO + NEVERA,,
01t4w00000NuniaAAB,MALETA + RUEDAS,,
01t4w00000NunibAAB,BOLSA NEVERA CAMPING,,
01t4w00000NunidAAB,BOLSA NEVERA CAMPING,,
01t4w00000NunijAAB,LAMPARA SOLAR PARA JARDIN,,
01t4w00000NunikAAB,LAMPARA SOLAR PARA JARDIN,,
01t4w00000NunilAAB,LAMPARA SOLAR PARA JARDÍN,,
01t4w00000NunimAAB,LAMPARA SOLAR PARA JARDÍN,,
01t4w00000NuninAAB,LAMPARA SOLAR PARA JARDIN ESFERA,,
01t4w00000NunipAAB,LAMPARA SOLAR PARA JARDIN,,
01t4w00000NuniqAAB,LAMPARA SOLAR PARA JARDIN VELA,,
01t4w00000NunirAAB,LAMPARA SOLAR PARA JARDÍN,,
01t4w00000NunisAAB,LAMPARA SOLAR BOMBILLA,,
01t4w00000NuniuAAB,LAMPARA SOLAR PARA JARDÍN,,
01t4w00000NuniwAAB,LAMPARA SOLAR PARA JARDIN,,
01t4w00000NunixAAB,LAMPARA SOLAR BOTELLA,,
01t4w00000NuniyAAB,LAMPARA BOMBILLA SOLAR SUCULENTA,,
01t4w00000NunizAAB,LAMPARA BOMBILLA SOLAR SUCULENTA,,
01t4w00000Nunj0AAB,LAMPARA SOLAR CON VELA,,
01t4w00000Nunj1AAB,LAMPARA SOLAR CON VELA,,
01t4w00000Nunj2AAB,LAMPARA BUDA BOLA DE CRISTAL LED,,
01t4w00000Nunj3AAB,LAMPARA SOLAR CISNE,,
01t4w00000Nunj4AAB,LAMPARA SOLAR FRASCO,,
01t4w00000Nunj5AAB,LAMPARA SOLAR PIÑA,,
01t4w00000Nunj6AAB,LAMPARA SOLAR FRASCO,,
01t4w00000Nunj7AAB,LAMPARA SOLAR DE RATAN,,
01t4w00000Nunj8AAB,SERIE DE LUZ SOLAR PIÑA,,
01t4w00000Nunj9AAB,LAMPARA SOLAR DE RATAN,,
01t4w00000NunjAAAR,LAMPARA SOLAR DE RATAN,,
01t4w00000NunjBAAR,LAMPARA SOLAR DE PISO,,
01t4w00000NunjCAAR,SERIE DE LUZ SOLAR,,
01t4w00000NunjDAAR,SOMBRILLA JARDIN 8 RIBS,,
01t4w00000NunjEAAR,SOMBRILLA JARDIN 8 RIBS + LUZ LED,,
01t4w00000NunjFAAR,SOMBRILLA JARDIN 6 RIBS,,
01t4w00000NunjGAAR,SOMBRILLA JARDIN 8 RIBS,,
01t4w00000NunjHAAR,SOMBRILLA JARDIN LATERAL CON BASE EN CRUZ,,
01t4w00000NunjIAAR,SOMBRILLA JARDIN LATERAL CON BASE EN CRUZ,,
01t4w00000NunjJAAR,SOMBRILLA JARDIN 8 RIBS,,
01t4w00000NunjKAAR,SOMBRILLA JARDIN LATERAL CON BASE EN CRUZ + LUZ LED,,
01t4w00000NunjLAAR,SOMBRILLA JARDIN LATERAL CON BASE EN CRUZ (BLOQUES NO INCLUIDOS),,
01t4w00000NunjMAAR,SOMBRILLA JARDIN 6 RIBS + LUZ LED,,
01t4w00000NunjNAAR,SOMBRILLA JARDIN LATERAL CON BASE EN CRUZ,,
01t4w00000NunjOAAR,BASE RESINA 8 KG DE SOMBRILLA,,
01t4w00000NunjPAAR,SOMBRILLA JARDIN LATERAL CON BASE EN CRUZ (BLOQUES NO INCLUIDOS),,
01t4w00000NunjQAAR,BLOQUE CEMENTO 14KG PARA BASE DE SOMBRILLA,,
01t4w00000NunjRAAR,BASE RESINA 12 KG DE SOMBRILLA,,
01t4w00000NunjSAAR,BLOQUE RESINA 20KG PARA BASE DE SOMBRILLA,,
01t4w00000NunjTAAR,BLOQUE RESINA 14KG PARA BASE DE SOMBRILLA,,
01t4w00000NunjUAAR,MESA AUXILIAR,,
01t4w00000NunjVAAR,MESA AUXILIAR,,
01t4w00000NunjWAAR,MESA AUXILIAR,,
01t4w00000NunjXAAR,MESA AUXILIAR,,
01t4w00000NunjYAAR,MESA AUXILIAR,,
01t4w00000NunjZAAR,MESA AUXILIAR,,
01t4w00000NunjbAAB,SOFA CAMA,,
01t4w00000NunjcAAB,ROMPECABEZAS 100 PZAS,,
01t4w00000NunjdAAB,ROMPECABEZAS 63 PZAS MUNDO,,
01t4w00000NunjeAAB,ROMPECABEZAS 25 PZAS,,
01t4w00000NunjfAAB,ROMPECABEZAS 24 PZAS CAMIÓN DE BOMBEROS,,
01t4w00000NunjgAAB,ROMPECABEZAS 19 PZAS CONTINENTES,,
01t4w00000NunjhAAB,ROMPECABEZAS 9 PZAS ANIMALES,,
01t4w00000NunjiAAB,ROMPECABEZAS 26 PZAS ABCDARIO,,
01t4w00000NunjjAAB,ROMPECABEZAS 4 PZAS ANIMALES,,
01t4w00000NunjkAAB,ROMPECABEZAS 18 PZAS ANIMALES,,
01t4w00000NunjlAAB,ROMPECABEZAS 9 PZAS NÚMEROS,,
01t4w00000NunjmAAB,ROMPECABEZAS 7 PZAS ANIMALES,,
01t4w00000NunjnAAB,ROMPECABEZAS 9 PZAS ANIMALES,,
01t4w00000NunjoAAB,ROMPECABEZAS 5 PZAS ANIMALES,,
01t4w00000NunjpAAB,ROMPECABEZAS 31 PZAS ARCA,,
01t4w00000NunjqAAB,ROMPECABEZAS 17 PZAS NÚMEROS,,
01t4w00000NunjrAAB,ROMPECABEZAS 26 PZAS ABCDARIO Y CARTAS,,
01t4w00000NunjsAAB,ROMPECABEZAS 3 PZAS VARIOS,,
01t4w00000NunjtAAB,ROMPECABEZAS 9 PZAS ANIMALES,,
01t4w00000NunjuAAB,ROMPECABEZAS 4 PZAS NÚMEROS,,
01t4w00000NunjvAAB,ROMPECABEZAS 9 PZAS ANIMALES,,
01t4w00000NunjwAAB,ROMPECABEZAS 20 PZAS  ANIMALES Y NÚMEROS,,
01t4w00000NunjxAAB,ROMPECABEZAS 9 PZAS ÁRBOL,,
01t4w00000NunjyAAB,ROMPECABEZAS 25 PZAS ANIMALES,,
01t4w00000NunjzAAB,ROMPECABEZAS 31 PZAS ARCA,,
01t4w00000Nunk0AAB,ROMPECABEZAS 12 PZAS ANIMALES,,
01t4w00000Nunk1AAB,ROMPECABEZAS 10 PZAS,,
01t4w00000Nunk2AAB,ROMPECABEZAS 10 PZAS NÚMEROS,,
01t4w00000Nunk3AAB,ROMPECABEZAS 4 PZAS VARIOS,,
01t4w00000Nunk4AAB,ROMPECABEZAS 5 PZAS CAMION BOMBERO,,
01t4w00000Nunk5AAB,ROMPECABEZAS 12 PZAS RELOJ ELEFANTE,,
01t4w00000Nunk6AAB,ROMPECABEZAS 20 PZAS ANIMALES Y NÚMEROS,,
01t4w00000Nunk7AAB,ROMPECABEZAS 20 PZAS ANIMALES Y FRUTAS,,
01t4w00000Nunk8AAB,ROMPECABEZAS 8 PZAS ANIMALES,,
01t4w00000Nunk9AAB,ROMPECABEZAS 10 PZAS NÚMEROS,,
01t4w00000NunkAAAR,ROMPECABEZAS 22 PZAS NÚMEROS Y MANOS,,
01t4w00000NunkBAAR,ROMPECABEZAS 4 PZAS ANIMALES,,
01t4w00000NunkCAAR,ROMPECABEZAS 5 PZAS ANIMALES,,
01t4w00000NunkDAAR,ROMPECABEZAS 10 PZAS ANIMALES,,
01t4w00000NunkEAAR,ROMPECABEZAS 26 PZAS ABCDARIO,,
01t4w00000NunkFAAR,ROMPECABEZAS 27 PZAS NÚMEROS,,
01t4w00000NunkGAAR,ROMPECABEZAS 18 PZAS NÚMEROS,,
01t4w00000NunkHAAR,ROMPECABEZAS 38 PZAS LETRAS Y NÚMEROS,,
01t4w00000NunkIAAR,ROMPECABEZAS 12 PZAS MANOS,,
01t4w00000NunkJAAR,ROMPECABEZAS 5 PZAS ANIMALES,,
01t4w00000NunkKAAR,ROMPECABEZAS 26 PZAS ABCDARIO,,
01t4w00000NunkLAAR,ROMPECABEZAS 10 PZAS NÚMEROS,,
01t4w00000NunkMAAR,ROMPECABEZAS 6 PZAS LETRAS,,
01t4w00000NunkNAAR,PERRITO DIDÁCTICO DESTREZA,,
01t4w00000NunkOAAR,ROMPECABEZAS 12 PZAS OFICIOS,,
01t4w00000NunkPAAR,ROMPECABEZAS 3 PZS ANIMALES,,
01t4w00000NunkQAAR,ROMPECABEZAS 12 PZAS RELOJ,,
01t4w00000NunkRAAR,ROMPECABEZAS 12 PZAS PIES,,
01t4w00000NunkSAAR,ROMPECABEZAS 5 PZAS ANIMALES,,
01t4w00000NunkTAAR,ROMPECABEZAS 3 PZAS ANIMALES,,
01t4w00000NunkUAAR,ROMPECABEZAS 16 PZAS NÚMEROS,,
01t4w00000NunkVAAR,ROMPECABEZAS 9 PZAS ANIMALES,,
01t4w00000NunkWAAR,ROMPECABEZAS 6 PZAS ANIMALES,,
01t4w00000NunkXAAR,ROMPECABEZAS 7 PZAS RELOJ Y ANIMALES,,
01t4w00000NunkYAAR,ROMPECABEZAS 7 PZAS RELOJ ANIMALES,,
01t4w00000NunkZAAR,ROMPECABEZAS 12 PZAS RELOJ,,
01t4w00000NunkaAAB,ROMPECABEZAS 12 PZAS RELOJ ANIMALES,,
01t4w00000NunkbAAB,ROMPECABEZAS 6 PZAS MÚSICA,,
01t4w00000NunkcAAB,TABLA DIDÁCTICA DESTREZA AUTOS,,
01t4w00000NunkdAAB,ROMPECABEZAS 8 PZAS ANIMALES,,
01t4w00000NunkeAAB,ROMPECABEZAS 8 PZAS ANIMALES,,
01t4w00000NunkfAAB,ROMPECABEZAS 22 PZAS 3 EN 1,,
01t4w00000NunkgAAB,ROMPECABEZAS 10 PZAS ANIMALES,,
01t4w00000NunkhAAB,ROMPECABEZAS 9 PZAS CUBOS 6 EN 1,,
01t4w00000NunkiAAB,ZAPATOS DIDÁCTICOS CON ROMPECABEZAS,,
01t4w00000NunkjAAB,MUÑECA DIDACTICA APRENDE A VESTIR,,
01t4w00000NunkkAAB,ZAPATOS DIDÁCTICOS,,
01t4w00000NunklAAB,ROMPECABEZAS 9 PZAS CUBOS 6 EN 1,,
01t4w00000NunkmAAB,ROMPECABEZAS 30 PZAS NÚMEROS,,
01t4w00000NunknAAB,PISTA MINIATURA BÁSICA,,
01t4w00000NunkoAAB,PISTA MINIATURA 7 NIVELES,,
01t4w00000NunkpAAB,CUBO DIDÁCTICO ELEFANTE,,
01t4w00000NunkqAAB,NÚMEROS Y FIGURAS,,
01t4w00000NunkrAAB,ROMPECABEZAS 30 PZAS NÚMEROS,,
01t4w00000NunksAAB,MEMORIA,,
01t4w00000NunktAAB,ROMPECABEZAS 18 PZAS 6 EN 1,,
01t4w00000NunkuAAB,ÁRBOL DIDÁCTICO,,
01t4w00000NunkvAAB,LETRAS CON IMÁN,,
01t4w00000NunkwAAB,ROMPECABEZAS 17 PZAS MAGNÉTICO,,
01t4w00000NunkxAAB,PISTA MINIATURA 4 NIVELES,,
01t4w00000NunkyAAB,ROMPECABEZAS  15 PZAS 5 EN 1,,
01t4w00000NunkzAAB,BUS DIDÁCTICO,,
01t4w00000Nunl0AAB,DOMINÓ,,
01t4w00000Nunl1AAB,GARAGE PREESCOLAR,,
01t4w00000Nunl2AAB,AVIÓN DIDÁCTICO,,
01t4w00000Nunl3AAB,ARCA DIDÁCTICA,,
01t4w00000Nunl4AAB,PISTA PREESCOLAR,,
01t4w00000Nunl5AAB,BLOQUES MADERA MEDIANO,,
01t4w00000Nunl6AAB,CUBO DIDÁCTICO,,
01t4w00000Nunl7AAB,XILÓFONO PERRITO,,
01t4w00000Nunl8AAB,PISTA PREESCOLAR ANIMALITOS,,
01t4w00000Nunl9AAB,BLOQUES MADERA GRANDE,,
01t4w00000NunlAAAR,ROMPECABEZAS 63 PZAS MUNDO,,
01t4w00000NunlBAAR,ROMPECABEZAS 12 PZAS CORREO,,
01t4w00000NunlCAAR,ROMPECABEZAS 6 PZAS DINOSAURIOS EN HUEVO,,
01t4w00000NunlDAAR,RELOJ DIDÁCTICO,,
01t4w00000NunlEAAR,ENGRANES DIDÁCTICO,,
01t4w00000NunlFAAR,COCINA DE MADERA CON UTENSILIOS,,
01t4w00000NunlsAAB,ESTANTERIA METALICA 4 BALDAS,,
01t4w00000NunluAAB,ESTANTERIA METALICA ESQUINA 4 BALDAS,,
01t4w00000NunlvAAB,ESTANTERIA METALICA ESQUINA 3 BALDAS,,
01t4w00000NunlwAAB,SOFA 2 PLAZAS,,
01t4w00000NunlxAAB,SOFA CAMA,,
01t4w00000NunlzAAB,ESTANTERIA METALICA 3 BALDAS,,
01t4w00000Nunm1AAB,SET 3 MESAS  SOPORTE MACETAS REDONDA,,
01t4w00000Nunm3AAB,SET 3 MESAS SOPORTE MACETAS  CUADRADO,,
01t4w00000Nunm5AAB,SET 3 MESAS  SOPORTE MACETAS REDONDA,,
01t4w00000Nunm7AAB,SET 3 MESAS SOPORTE MACETAS  CUADRADO,,
01t4w00000NunmBAAR,SOPORTE 3 MACETAS CUADRADO,,
01t4w00000NunmCAAR,SOPORTE 3 MACETAS REDONDO,,
01t4w00000NunmDAAR,SOPORTE 2 MACETAS REDONDO,,
01t4w00000NunmEAAR,SOFA CAMA,,
01t4w00000NunmGAAR,SET 3 MESAS  SOPORTE MACETAS REDONDA,,
01t4w00000NunmIAAR,SET 3 MESAS SOPORTE MACETAS  CUADRADO,,
01t4w00000NunmJAAR,SET 3 MESAS SOPORTE MACETAS  CUADRADO,,
01t4w00000NunmLAAR,SET 3 MESAS  SOPORTE MACETAS REDONDA,,
01t4w00000NunmMAAR,SILLON TELA,,
01t4w00000NunmNAAR,SOFA CAMA,,
01t4w00000NunmOAAR,SOFA CAMA,,
01t4w00000NunmPAAR,SOFA CAMA,,
01t4w00000NunmRAAR,SOFA CAMA,,
01t4w00000NunmSAAR,SOFA CAMA,,
01t4w00000NunmTAAR,SOFA CAMA,,
01t4w00000NunmUAAR,SOFA CAMA INDIVIDUAL,,
01t4w00000NunmVAAR,SILLON TELA,,
01t4w00000NunmWAAR,SILLON TELA,,
01t4w00000NunmYAAR,SILLON TELA,,
01t4w00000NunmZAAR,SET 3 MESAS SOPORTE MACETAS  CUADRADO,,
01t4w00000NunmbAAB,SILLON TELA,,
01t4w00000NunmcAAB,SILLON TELA,,
01t4w00000NunmdAAB,SET 3 MESAS  SOPORTE MACETAS REDONDA,,
01t4w00000NunmfAAB,SOPORTE 3 MACETAS REDONDO,,
01t4w00000NunmgAAB,SET 3 MESAS  SOPORTE MACETAS REDONDA,,
01t4w00000NunmiAAB,SET 3 MESAS SOPORTE MACETAS  CUADRADO,,
01t4w00000NunmlAAB,SET 3 MESAS SOPORTE MACETAS  CUADRADO,,
01t4w00000NunmnAAB,SET 3 MESAS SOPORTE MACETAS  CUADRADO,,
01t4w00000NunmsAAB,SILLA PLEGABLE METALICA,,
01t4w00000NunmuAAB,MESA JARDIN RECTANGULAR PLEGABLE,,
01t4w00000NunmwAAB,SET COMEDOR 5 PIEZAS METALICO,,
01t4w00000NunmyAAB,SILLA INFANTIL COMEDOR,,
01t4w00000Nunn1AAB,SILLA PLEGABLE METALICA,,
01t4w00000Nunn4AAB,SET COMEDOR 5 PIEZAS METALICO,,
01t4w00000NunnDAAR,SET BISTRO METALICO PLEGABLE CUADRADO,,
01t4w00000NunnIAAR,SET BISTRO METALICO PLEGABLE CUADRADO,,
01t4w00000NunnLAAR,SET INFANTIL 3 PIEZAS,,
01t4w00000NunnQAAR,SILLA APILABLE JARDIN,,
01t4w00000NunnTAAR,MESA JARDIN RECTANGULAR PLEGABLE,,
01t4w00000NunnVAAR,SET BISTRO METALICO,,
01t4w00000NunnXAAR,HAMACA MADERA INFANTIL CON TELA,,
01t4w00000NunnYAAR,BANCA INFANTIL,,
01t4w00000NunnZAAR,BANCA INFANTIL,,
01t4w00000NunncAAB,SET INFANTIL 3 PIEZAS,,
01t4w00000NunndAAB,SET INFANTIL 3 PIEZAS,,
01t4w00000NunneAAB,SET BISTRO METALICO PLEGABLE CUADRADO,,
01t4w00000NunnhAAB,SET BISTRO METALICO PLEGABLE REDONDO,,
01t4w00000NunnkAAB,SET BISTRO METALICO PLEGABLE CUADRADO,,
01t4w00000NunnlAAB,SET BISTRO METALICO,,
01t4w00000NunnqAAB,SILLA PLEGABLE METALICA,,
01t4w00000NunntAAB,SILLA METALICA,,
01t4w00000NunnvAAB,SILLA METALICA,,
01t4w00000NunnxAAB,MESA JARDIN REDONDA,,
01t4w00000NunnzAAB,MESA AUXILIAR RECTANGULAR PLEGABLE,,
01t4w00000Nuno2AAB,SILLON RECLINABLE MANUAL CON POSAVASOS,,
01t4w00000Nuno6AAB,PROTECTORES PREESCOLARES,,
01t4w00000Nuno7AAB,PROTECTORES INFANTILES,,
01t4w00000Nuno8AAB,SET BISTRO METALICO PLEGABLE REDONDO,,
01t4w00000Nuno9AAB,PROTECTORES MEDIANOS,,
01t4w00000NunoAAAR,SCOOTER SPRAY,,
01t4w00000NunoDAAR,MESA AUXILIAR REDONDA,,
01t4w00000NunoEAAR,MESA JARDIN REDONDA,,
01t4w00000NunoFAAR,PROTECTORES INFANTILES AJUSTABLE,,
01t4w00000NunoGAAR,SCOOTER CHICO,,
01t4w00000NunoHAAR,BANCO METALICO,,
01t4w00000NunoKAAR,MESA AUXILIAR CUADRADA PLEGABLE,,
01t4w00000NunoLAAR,SCOOTER BLUETOOTH,,
01t4w00000NunoMAAR,SCOOTER BOLA,,
01t4w00000NunoNAAR,SCOOTER CHICO NIÑO-NIÑA,,
01t4w00000NunoOAAR,SCOOTER MEDIANO,,
01t4w00000NunoPAAR,SCOOTER 3 EN 1,,
01t4w00000NunoQAAR,CARRIOLA PARA MUÑECA 0021,,
01t4w00000NunoSAAR,CARRITO APOYO RECTANGULAR,,
01t4w00000NunoTAAR,MESA AUXILIAR CUADRADA,,
01t4w00000NunoVAAR,MESA JARDIN RECTANGULAR PLEGABLE,,
01t4w00000NunoWAAR,SCOOTER CON VIBRACIÓN,,
01t4w00000NunoXAAR,BEBÉ BÁSICO,,
01t4w00000NunoYAAR,SCOOTER BÁSICO,,
01t4w00000NunoZAAR,PLAY SET BEBÉ CON ACCESORIOS GYM,,
01t4w00000NunoaAAB,PLAY SET BEBÉ CON ACCESORIOS CARRIOLA,,
01t4w00000NunobAAB,VEHÍCULO BÁSICO DIECAST,,
01t4w00000NunocAAB,PLAY SET BEBÉ CON ACCESORIOS CUNA,,
01t4w00000NunodAAB,VEHÍCULO BÁSICO DIECAST 2 PACK,,
01t4w00000NunoeAAB,"PLAY SET BEBÉS CON ACCESORIOS 14""",,
01t4w00000NunofAAB,VEHÍCULO BÁSICO DIECAST,,
01t4w00000NunohAAB,SILLA METALICA,,
01t4w00000NunoiAAB,BEBÉ CON SONIDOS Y ACCESORIOS,,
01t4w00000NunojAAB,"BEBÉ CON SONIDOS 15""",,
01t4w00000NunokAAB,CARRIOLA PARA MUÑECA  0045,,
01t4w00000NunolAAB,"BEBÉS BÁSICOS 2 PACK 12""",,
01t4w00000NunonAAB,CARRIOLA PARA MUÑECA 0017,,
01t4w00000NunooAAB,"BEBÉ CON ACCESORIOS 13""",,
01t4w00000NunopAAB,BEBÉ CON PAÑALERA,,
01t4w00000NunoqAAB,"BEBÉ BÁSICO 10.5""",,
01t4w00000NunorAAB,"BEBÉ BÁSICO 13""",,
01t4w00000NunosAAB,BEBÉ CON GORRA DE BAÑO Y ACCESORIOS,,
01t4w00000NunotAAB,"BEBÉ CON ACCESORIOS 13""",,
01t4w00000NunouAAB,"BEBÉ CON ACCESORIOS 13"" TOILET",,
01t4w00000NunovAAB,BEBÉ CON BAÑERA,,
01t4w00000NunowAAB,BEBÉ CON CHUPETE Y ACCESORIOS,,
01t4w00000NunoyAAB,ASADOR CARBON REDONDO CON MESAS LATERALES,,
01t4w00000Nunp0AAB,ASADOR CARBON RECTANGULAR  CON MESA LATERAL,,
01t4w00000Nunp4AAB,ASADOR CARBON PORTATIL,,
01t4w00000Nunp5AAB,ASADOR CARBON CUADRADO CON MESAS LATERALES,,
01t4w00000Nunp6AAB,ASADOR CARBON CUADRADO,,
01t4w00000Nunp8AAB,ASADOR CARBON PORTATIL,,
01t4w00000NunpAAAR,ASADOR CARBON PORTATIL,,
01t4w00000NunpDAAR,ASADOR CARBON PORTATIL,,
01t4w00000NunpFAAR,ASADOR CARBON PORTATIL BOLA FUTBOL AMERICANO,,
01t4w00000NunpHAAR,ASADOR CARBON PORTATIL BOLA BALONCESTO,,
01t4w00000NunpLAAR,ASADOR CARBON RECTANGULAR,,
01t4w00000NunpMAAR,ASADOR CARBON PORTATIL,,
01t4w00000NunpNAAR,ASADOR CARBON PORTATIL BOLA FUTBOL,,
01t4w00000NunpOAAR,ASADOR CARBON PORTATIL BOLA GOLF,,
01t4w00000NunpPAAR,ASADOR CARBON RECTANGULAR  CON MESA LATERAL,,
01t4w00000NunpRAAR,ASADOR CARBON REDONDO,,
01t4w00000NunpUAAR,ASADOR CARBON PORTATIL,,
01t4w00000NunpWAAR,ASADOR CARBON PORTATIL MALETIN,,
01t4w00000NunpYAAR,ASADOR CARBON REDONDO,,
01t4w00000NunpaAAB,ASADOR FIRE PIT REDONDO,,
01t4w00000NunpcAAB,ASADOR CARBON CERAMICO REDONDO CON MESAS LATERALES,,
01t4w00000NunpfAAB,SET ACCESORIOS 5 PIEZAS,,
01t4w00000NunpgAAB,ASADOR CARBON CERAMICO REDONDO CON MESAS LATERALES,,
01t4w00000NunpiAAB,ASADOR FIRE PIT REDONDO ESTRELLAS,,
01t4w00000NunpjAAB,ASADOR CARBON CERAMICO REDONDO,,
01t4w00000NunpnAAB,ASADOR FIRE PIT REDONDO,,
01t4w00000NunpoAAB,ASADOR FIRE PIT CUADRADO,,
01t4w00000NunpqAAB,ASADOR FIRE PIT CUADRADO,,
01t4w00000NunpsAAB,SET ACCESORIOS 6 PIEZAS,,
01t4w00000NunpuAAB,SET ACCESORIOS 5 PIEZAS,,
01t4w00000NunpvAAB,CAJONERA (7 CAJONES),,
01t4w00000NunpxAAB,SET ACCESORIOS 3 PIEZAS,,
01t4w00000NunpzAAB,SET ACCESORIOS 5 PIEZAS,,
01t4w00000Nunq0AAB,MANDIL CON ACCESORIOS,,G301053A
01t4w00000Nunq2AAB,SET ACCESORIOS 3 PIEZAS,,
01t4w00000Nunq3AAB,MANDIL CON ACCESORIOS,,
01t4w00000Nunq7AAB,CEPILLO LIMPIADOR BBQ,,
01t4w00000Nunq8AAB,CEPILLO LIMPIADOR BBQ,,
01t4w00000Nunq9AAB,CAJONERA (5 CAJONES),,
01t4w00000NunqAAAR,CAJONERA CON PERCHERO,,
01t4w00000NunqBAAR,SET ESTANTERÍA CON PERCHERO Y CAJONERA,,
01t4w00000NunqCAAR,MESA AUXILIAR 2 CAJONES,,
01t4w00000NunqDAAR,MESA AUXILIAR,,
01t4w00000NunqEAAR,MESA AUXILIAR 2 CAJONES,,
01t4w00000NunqFAAR,MESA AUXILIAR 2 CAJONES,,
01t4w00000NunqHAAR,CEPILLO LIMPIADOR BBQ,,
01t4w00000NunqJAAR,PARRILLA GRILL BBQ,,
01t4w00000NunqLAAR,PARRILLA GRILL BBQ,,
01t4w00000NunqNAAR,PARRILLA GRILL PESCADO BBQ,,
01t4w00000NunqOAAR,PARRILLA GRILL PESCADO BBQ,,
01t4w00000NunqRAAR,PARRILLA GRILL SALCHICHAS BBQ,,
01t4w00000NunqUAAR,CONTENEDOR CARGON BBQ,,
01t4w00000NunqWAAR,PRENSADOR DE CARNE PORTATIL,,
01t4w00000NunqXAAR,PLANCHA BBQ,,
01t4w00000NunqYAAR,SET COMEDOR VIDRIO + 4 SILLAS,,
01t4w00000NunqZAAR,MESA AUXILIAR,,
01t4w00000NunqaAAB,ESTANTERIA 4 NIVELES,,
01t4w00000NunqbAAB,CENTRO ENTRETENIMIENTO,,
01t4w00000NunqcAAB,MESA AUXILIAR,,
01t4w00000NunqdAAB,MESA AUXILIAR,,
01t4w00000NunqeAAB,MESA AUXILIAR,,
01t4w00000NunqfAAB,MESA AUXILIAR,,
01t4w00000NunqgAAB,APARADOR 2 NIVELES,,
01t4w00000NunqhAAB,MESA AUXILIAR TRANSFORMER,,
01t4w00000NunqiAAB,MESA AUXILIAR,,
01t4w00000NunqjAAB,SET COMEDOR 5 PIEZAS,,
01t4w00000NunqkAAB,MESA AUXILIAR,,
01t4w00000NunqlAAB,MESA COMEDOR RECTANGULAR CRISTAL,,
01t4w00000NunqmAAB,MESA AUXILIAR,,
01t4w00000NunqnAAB,APARADOR 1 CAJON,,
01t4w00000NunqoAAB,SET COMEDOR VIDRIO + 4 SILLAS,,
01t4w00000NunqpAAB,SET COMEDOR VIDRIO + 4 SILLAS,,
01t4w00000NunqqAAB,SOFA CAMA,,
01t4w00000NunqsAAB,SOFA CAMA,,
01t4w00000NunquAAB,CESTO DE ROPA,,
01t4w00000NunqxAAB,SOFA RECLINER 2 PLAZAS CON POSAVASOS,,
01t4w00000NunqyAAB,GAZEBO POP UP,,
01t4w00000NunqzAAB,SET COMEDOR VIDRIO + 4 SILLAS,,
01t4w00000Nunr0AAB,SET COMEDOR MDF + 4 TABURETES,,
01t4w00000Nunr1AAB,MESA AUXILIAR + 4 TABURETES,,
01t4w00000Nunr2AAB,SET COMEDOR MDF + 4 SILLAS,,
01t4w00000Nunr3AAB,SET COMEDOR MDF + 4 SILLAS,,
01t4w00000Nunr4AAB,SET COMEDOR MDF + 6 SILLAS,,
01t4w00000Nunr5AAB,MESA AUXILIAR + 3 TABURETES AHORRAESPACIO,,
01t4w00000Nunr6AAB,SET COMEDOR MDF EXTENSIBLE + 4 SILLAS,,
01t4w00000Nunr7AAB,SET COMEDOR MDF + 4 SILLAS,,
01t4w00000Nunr8AAB,SET COMEDOR VIDRIO + 6 SILLAS,,
01t4w00000Nunr9AAB,SET COMEDOR BAR 7 PIEZAS,,
01t4w00000NunrAAAR,SET COMEDOR VIDRIO + 6 SILLAS,,
01t4w00000NunrBAAR,SILLA COMEDOR PU,,
01t4w00000NunrCAAR,SILLON PU,,
01t4w00000NunrDAAR,SILLON PU,,
01t4w00000NunrEAAR,SILLON PU,,
01t4w00000NunrFAAR,SILLON MECEDORA PU,,
01t4w00000NunrGAAR,SILLA COMEDOR TELA,,
01t4w00000NunrHAAR,BANCO BAR TELA,,
01t4w00000NunrIAAR,SILLA COMEDOR TELA,,
01t4w00000NunrVAAR,MESA ESCRITORIO,,
01t4w00000NunrWAAR,MESA ESCRITORIO,,
01t4w00000NunrXAAR,MESA ESCRITORIO,,
01t4w00000NunrYAAR,MESA ESCRITORIO,,
01t4w00000NunrZAAR,MESA ESCRITORIO,,
01t4w00000NunraAAB,MESA ESCRITORIO,,
01t4w00000NunrbAAB,MESA ESCRITORIO CON RUEDAS,,
01t4w00000NunrcAAB,MESA ESCRITORIO CON RUEDAS,,
01t4w00000NunrdAAB,MESA ESCRITORIO CON RUEDAS,,
01t4w00000NunreAAB,ESTANTERIA 5 NIVELES PLEGABLE,,
01t4w00000NunrfAAB,ESTANTERIA 3 NIVELES PLEGABLE,,
01t4w00000NunrgAAB,ESTANTERIA 4 NIVELES PLEGABLE,,
01t4w00000NunriAAB,ESTANTERIA 6 NIVELES,,
01t4w00000NunrkAAB,ESTANTERIA 6 NIVELES,,
01t4w00000NunroAAB,APARADOR 2 PUERTAS + 4 CAJONES,,
01t4w00000NunrpAAB,MESA ESCRITORIO + LIBRERO 4 NIVELES,,
01t4w00000NunrqAAB,CENTRO ENTRETENIMIENTO 3 CAJONES,,
01t4w00000NunrsAAB,CENTRO ENTRETENIMIENTO,,
01t4w00000NunruAAB,MESA AUXILIAR,,
01t4w00000NunrwAAB,MESA ESCRITORIO,,
01t4w00000NunrxAAB,ESTANTERIA 4 NIVELES,,
01t4w00000Nuns0AAB,ESTANTERIA 5 NIVELES,,
01t4w00000Nuns2AAB,MESA AUXILIAR,,
01t4w00000Nuns5AAB,MESA AUXILIAR 1 CAJON,,
01t4w00000Nuns6AAB,CENTRO DE ENTRETENIMIENTO 2 CAJONES,,
01t4w00000Nuns8AAB,SILLA ORDENADOR,,
01t4w00000NunsAAAR,SILLA PLASTICO EAMS ACOLCHADA,,
01t4w00000NunsCAAR,SILLA PLASTICO EAMS ACOLCHADA,,
01t4w00000NunsEAAR,SILLA PLASTICO EAMS ACOLCHADA,,
01t4w00000NunsGAAR,SILLA PLASTICO EAMS,,
01t4w00000NunsIAAR,MECEDORA RECLINABLE CON PUF,,
01t4w00000NunsKAAR,SILLA PLASTICO EAMS,,
01t4w00000NunsMAAR,CARRITO ISLA COCINA,,
01t4w00000NunsOAAR,SILLA PLASTICO EAMS,,
01t4w00000NunsQAAR,SILLA PLASTICO EAMS,,
01t4w00000NunsSAAR,SET COMEDOR MDF + 2 SILLAS + BANCO,,
01t4w00000NunsUAAR,SILLA PLASTICO EAMS,,
01t4w00000NunsWAAR,SILLA COMEDOR TELA ACOLCHADO,,
01t4w00000NunsYAAR,SILLA COMEDOR TELA ACOLCHADA,,
01t4w00000NunsaAAB,SET MESAS AUXILIARES 2 PIEZAS,,
01t4w00000NunscAAB,SILLA COMEDOR TELA,,
01t4w00000NunseAAB,SILLA COMEDOR TELA,,
01t4w00000NunsgAAB,BAÚL JUGUETES INFANTIL,,
01t4w00000NunsiAAB,BAÚL JUGUETES INFANTIL,,
01t4w00000NunskAAB,PUF INFANTIL HIPOPÓTAMO,,
01t4w00000NunsmAAB,BANCO INFANTIL ANIMAL,,
01t4w00000NunsoAAB,BANCO INFANTIL ANIMAL,,
01t4w00000NunsqAAB,BANCO INFANTIL ANIMAL,,
01t4w00000NunssAAB,SILLON INFANTIL,,
01t4w00000NunsuAAB,MESA AUXILIAR,,
01t4w00000NunswAAB,MESA LATERAL AUXILIAR,,
01t4w00000NunsyAAB,MESA PLEGABLE MADERA,,
01t4w00000Nunt0AAB,BANCO BAR BURGOS,,
01t4w00000Nunt2AAB,SET BISTRO WICKER CON COJINES,,
01t4w00000Nunt4AAB,SET BISTRO WICKER MECEDORA CON COJINES,,
01t4w00000Nunt6AAB,TUMBONA,,
01t4w00000Nunt8AAB,SET COMEDOR 5 PIEZAS,,
01t4w00000NuntAAAR,SET COMEDOR 7 PIEZAS ACERO,,
01t4w00000NuntCAAR,SET JARDIN 5 PIEZAS,,
01t4w00000NuntEAAR,SET COMEDOR 7 PIEZAS ALUMINIO CON COJINES,,
01t4w00000NuntGAAR,SET INFANTIL 5 PIEZAS TEXTILENO CON SOMBRILLA,,
01t4w00000NuntIAAR,SET JARDIN 4 PIEZAS CON COJINES,,
01t4w00000NuntKAAR,SET JARDIN 5 PIEZAS CON COJINES,,
01t4w00000NuntMAAR,SERIE DE LUZ SOLAR PIÑA,,
01t4w00000NuntOAAR,MESA AUXILIAR,,
01t4w00000NuntQAAR,SET JARDIN 5 PIEZAS CON COJINES,,
01t4w00000NuntSAAR,SILLA GIRATORIA HUEVO,,
01t4w00000NuntUAAR,SILLA COMEDOR PLASTICO,,
01t4w00000NuntWAAR,SET JARDIN 6 PIEZAS ACERO,,
01t4w00000NuntYAAR,SET SILLA DOBLE TEKA CON TEXTILENO,,
01t4w00000NuntaAAB,SUCULENTA LOVE,,
01t4w00000NuntcAAB,SET SOFA EN ESQUINA + MESA POLLYWOOD,,
01t4w00000NunteAAB,SET SOFA EN ESQUINA POLYWOOD 7 PIEZAS CON COJINES,,
01t4w00000NuntgAAB,SOMBRILLA JARDIN 8 RIBS,,
01t4w00000NuntiAAB,MESA AUXILIAR CUADRADA,,
01t4w00000NuntkAAB,MESA AUXILIAR REDONDA DOBLE,,
01t4w00000NuntmAAB,MESA AUXILIAR REDONDA,,
01t4w00000NuntoAAB,COLUMPIO BALANCIN DOBLE,,
01t4w00000NuntqAAB,BANCO RATTAN,,
01t4w00000NuntsAAB,CARPA POLIESTER,,
01t4w00000NuntuAAB,SOMBRILLA JARDIN LATERAL CON BASE EN CRUZ,,
01t4w00000NuntwAAB,SOMBRILLA JARDIN 6 RIBS,,
01t4w00000NuntyAAB,SILLA ORDENADOR,,
01t4w00000Nunu0AAB,BANCO RATTAN,,
01t4w00000Nunu2AAB,BANDEJA LAPTOP BAMBÚ,,
01t4w00000Nunu4AAB,SILLA COMEDOR ALUMINIO TEXTILENO,,
01t4w00000Nunu6AAB,SILLA COMEDOR ALUMINIO RATTAN,,
01t4w00000Nunu8AAB,SILLA COMEDOR CUERDA CON COJIN,,
01t4w00000NunuAAAR,SILLA ORDENADOR,,
01t4w00000NunuCAAR,SILLA COMEDOR PLASTICO APILABLE,,
01t4w00000NunuEAAR,SILLA COMEDOR RATTAN,,
01t4w00000NunuGAAR,COLUMPIO HAMACA CAMA CON MOSQUITERA,,
01t4w00000NunuIAAR,SILLA COMEDOR TELA,,
01t4w00000NunuKAAR,COLUMPIO BALANCIN DOBLE,,
01t4w00000NunuMAAR,SILLA COMEDOR RATTAN CON COJIN,,
01t4w00000NunuOAAR,MESA ESCRITORIO,,
01t4w00000NunuQAAR,SILLA COMEDOR TELA,,
01t4w00000NunuSAAR,SOMBRILLA JARDIN 6 RIBS,,
01t4w00000NunuUAAR,SILLA COMEDOR RATTAN,,
01t4w00000NunuWAAR,SILLON MECEDORA RATTAN CON COJIN,,
01t4w00000NunuYAAR,COLUMPIO BALANCIN DOBLE TEKA,,
01t4w00000NunuaAAB,COLUMPIO BALANCIN TRIPLE,,
01t4w00000NunucAAB,COLUMPIO COLGANTE CON COJIN,,
01t4w00000NunueAAB,SILLA GAMING,,
01t4w00000NunugAAB,CAJONERA 4 NIVELES,,
01t4w00000NunuiAAB,COLUMPIO COLGANTE CON COJIN,,
01t4w00000NunukAAB,TUMBONA EUCALIPTO CON COJIN,,
01t4w00000NunumAAB,GAZEBO CUADRADO CON MOSQUITERA,,
01t4w00000NunuoAAB,CARPA POLIESTER,,
01t4w00000NunuqAAB,GAZEBO HEXAGONAL CON MOSQUITERA,,
01t4w00000NunusAAB,CARPA POLIESTER DOBLE,,
01t4w00000NunuuAAB,SET DESAYUNADOR MDF + 2 BANCOS + ALMACENAJE,,
01t4w00000NunuwAAB,SOFA CAMA,,
01t4w00000NunuyAAB,CARPA POLIESTER TRIPLE CON VENTANAS,,
01t4w00000Nunv0AAB,GAZEBO CIRCULAR CON CORTINAS,,
01t4w00000Nunv2AAB,GAZEBO CUADRADO CON BARRAS BAR+MOSQUITERA,,
01t4w00000Nunv4AAB,SILLA COMEDOR PLASTICO,,
01t4w00000Nunv6AAB,SET MESAS AUXILIARES 2 PIEZAS,,
01t4w00000Nunv8AAB,BANCO INFANTIL ANIMAL CON ALMACENAJE,,
01t4w00000NunvAAAR,NECESER ORGANIZADOR ALUMINIO,,
01t4w00000NunvCAAR,GAZEBO RECTANGULAR CON BANCOS,,
01t4w00000NunvEAAR,GAZEBO RECTANGULAR CON CORTINAS,,
01t4w00000NunvGAAR,GAZEBO RECTANGULAR TOLDO RETRACTIL,,
01t4w00000NunvIAAR,GAZEBO RECTANGULAR TOLDO RETRACTIL+PARED,,
01t4w00000NunvKAAR,SOMBRILLA JARDIN LATERAL CON BASE EN CRUZ,,
01t4w00000NunvMAAR,SOMBRILLA JARDIN LATERAL CON BASE EN CRUZ,,
01t4w00000NunvOAAR,SOMBRILLA JARDIN LATERAL CON BASE EN CRUZ + LUZ LED,,
01t4w00000NunvQAAR,SILLA ORDENADOR,,
01t4w00000NunvSAAR,CARRITO ORGANIZADOR COCINA 3 NIVELES,,
01t4w00000NunvUAAR,APARADOR 1 PUERTA,,
01t4w00000NunvVAAR,ESTANTERIA 3 NIVELES,,
01t4w00000NunvXAAR,MESA AUXILIAR,,
01t4w00000NunvZAAR,APARADOR 2 PUERTAS,,
01t4w00000NunvbAAB,MESA ESCRITORIO,,
01t4w00000NunveAAB,ESTANTERIA 4 NIVELES,,
01t4w00000NunvgAAB,ESTANTERIA 5 NIVELES,,
01t4w00000NunvhAAB,MESA AUXILIAR,,
01t4w00000NunvkAAB,MESA ESCRITORIO GAMING,,
01t4w00000NunvmAAB,MESA ESCRITORIO GAMING,,
01t4w00000NunvoAAB,MESA AUXILIAR,,
01t4w00000NunvqAAB,MESA AUXILIAR,,
01t4w00000NunvsAAB,MESA ESCRITORIO + LIBRERO,,
01t4w00000NunvuAAB,SILLA COMEDOR TELA,,
01t4w00000NunvvAAB,MESA ESCRITORIO,,
01t4w00000NunvxAAB,MESA ESCRITORIO CON RUEDAS,,
01t4w00000Nunw0AAB,ESTANTERIA 2 NIVELES,,
01t4w00000Nunw2AAB,SOMBRILLA JARDIN 6 RIBS + LUZ LED,,
01t4w00000Nunw4AAB,SILLA COMEDOR PLASTICO APILABLE,,
01t4w00000Nunw6AAB,SILLA COMEDOR PLASTICO,,
01t4w00000Nunw8AAB,SOMBRILLA JARDIN 6 RIBS,,
01t4w00000NunwAAAR,SOMBRILLA JARDIN LATERAL CON BASE EN CRUZ+LUZ LED,,
01t4w00000NunwCAAR,LAMPARA SOLAR BOMBILLA,,
01t4w00000NunwEAAR,LAMPARA SOLAR PIÑA,,
01t4w00000NunwGAAR,SUCULENTA BUHO,,
01t4w00000NunwIAAR,SUCULENTA GATO,,
01t4w00000NunwKAAR,ESTANTERIA 3 NIVELES DISEÑO,,
01t4w00000NunwMAAR,SUCULENTA HOME,,
01t4w00000NunwOAAR,MESA ESCRITORIO,,
01t4w00000NunwQAAR,BANCO BAR BASIC,,
01t4w00000NunwSAAR,SUCULENTA TORTUGA,,
01t4w00000NunwUAAR,BANCO BAR ABS,,
01t4w00000NunwWAAR,SILLA ORDENADOR,,
01t4w00000NunwYAAR,MESA ESCRITORIO,,
01t4w00000NunwaAAB,SILLA GAMING,,
01t4w00000NunwcAAB,SILLA ORDENADOR,,
01t4w00000NunweAAB,SILLA GAMING,,
01t4w00000NunwgAAB,SILLA GAMING,,
01t4w00000NunwiAAB,SILLA COMEDOR MADERA ACOLCHADA,,
01t4w00000NunwkAAB,SILLA GAMING,,
01t4w00000NunwmAAB,SILLA ORDENADOR,,
01t4w00000NunwoAAB,SILLA ORDENADOR,,
01t4w00000NunwqAAB,SILLA ORDENADOR,,
01t4w00000NunwsAAB,SILLA ORDENADOR MESH,,
01t4w00000NunwuAAB,SILLA ORDENADOR,,
01t4w00000NunwwAAB,SILLA ORDENADOR,,
01t4w00000NunwyAAB,SILLA ORDENADOR,,
01t4w00000Nunx0AAB,SILLA ORDENADOR MESH,,
01t4w00000Nunx2AAB,SILLA COMEDOR TELA,,
01t4w00000Nunx4AAB,MESA COMEDOR RECTANGULAR,,
01t4w00000Nunx6AAB,SILLA ORDENADOR,,
01t4w00000Nunx8AAB,SILLA ORDENADOR MESH,,
01t4w00000NunxAAAR,SILLA ORDENADOR MESH,,
01t4w00000NunxCAAR,SILLA ORDENADOR MESH,,
01t4w00000NunxEAAR,SILLA ORDENADOR MESH,,
01t4w00000NunxGAAR,SILLA ORDENADOR MESH,,
01t4w00000NunxIAAR,MESA ESCRITORIO,,
01t4w00000NunxKAAR,MESA ESCRITORIO,,
01t4w00000NunxMAAR,BANCO INFANTIL ANIMAL,,
01t4w00000NunxOAAR,BANCO INFANTIL ANIMAL,,
01t4w00000NunxQAAR,MESA AUXILIAR  2 PIEZAS,,
01t4w00000NunxSAAR,"TV STAND MUEBLE CRISTAL SOPORTE 32-55""",,
01t4w00000NunxUAAR,MESA ESCRITORIO,,
01t4w00000NunxWAAR,MESA ESCRITORIO,,
01t4w00000NunxYAAR,MESA ESCRITORIO,,
01t4w00000NunxaAAB,BANCO BAR ABS,,
01t4w00000NunxcAAB,SOFA CAMA,,
01t4w00000NunxeAAB,MESA ESCRITORIO,,
01t4w00000NunxgAAB,CARRITO ORGANIZADOR COCINA 2 NIVELES,,
01t4w00000NunxiAAB,MESA ESCRITORIO,,
01t4w00000NunxkAAB,MESA ESCRITORIO,,
01t4w00000NunxmAAB,BANCO BAR IBIZA,,
01t4w00000NunxoAAB,MESA ESCRITORIO,,
01t4w00000NunxqAAB,MESA ESCRITORIO,,
01t4w00000NunxsAAB,BANCO INFANTIL,,
01t4w00000NunxuAAB,MESA ESCRITORIO,,
01t4w00000NunxwAAB,MESA ESCRITORIO + LIBRERO 1 NIVEL,,
01t4w00000NunxyAAB,MESA ESCRITORIO + LIBRERO 3 NIVELES,,
01t4w00000Nuny0AAB,MESA ESCRITORIO + LIBRERO 4 NIVELES,,
01t4w00000Nuny2AAB,ATRIL LIBROS BAMBÚ,,
01t4w00000Nuny4AAB,BANDEJA AUXILIAR BAMBÚ,,
01t4w00000Nuny6AAB,BANDEJA LAPTOP,,
01t4w00000Nuny8AAB,ORGANIZADOR ESCRITORIO BAMBÚ,,
01t4w00000NunyAAAR,BANCO BAR METAL,,
01t4w00000NunyCAAR,ORGANIZADOR ESCRITORIO 1 CAJON BAMBÚ,,
01t4w00000NunyEAAR,ORGANIZADOR ESCRITORIO 2 CAJONES BAMBÚ,,
01t4w00000NunyGAAR,ORGANIZADOR ESCRITORIO 4 PIEZAS BAMBOO,,
01t4w00000NunyIAAR,SILLA COMEDOR TELA,,
01t4w00000NunyKAAR,SOFA CAMA,,
01t4w00000NunyMAAR,NECESER ORGANIZADOR CON ESPEJO,,
01t4w00000NunyOAAR,SILLA COMEDOR PLASTICO,,
01t4w00000NunyQAAR,MESA BURO 2 CAJONES,,
01t4w00000NunySAAR,SILLA COMEDOR PLASTICO,,
01t4w00000NunyUAAR,SILLA COMEDOR TELA,,
01t4w00000NunyWAAR,SILLA COMEDOR PLASTICO,,
01t4w00000NunyYAAR,BANCO BAR REDONDO,,
01t4w00000NunyaAAB,SILLA COMEDOR PLASTICO,,
01t4w00000NunycAAB,SILLA COMEDOR PLASTICO,,
01t4w00000NunyeAAB,SILLA COMEDOR PLASTICO,,
01t4w00000NunygAAB,SILLA COMEDOR TELA,,
01t4w00000NunyjAAB,SILLA COMEDOR PLASTICO,,
01t4w00000NunylAAB,SILLA COMEDOR PLASTICO,,
01t4w00000NunynAAB,SILLA COMEDOR PLASTICO,,
01t4w00000NunypAAB,SILLA COMEDOR PLASTICO,,
01t4w00000NunyqAAB,SILLA COMEDOR TELA,,
01t4w00000NunysAAB,SOFA CAMA CHESLONG,,
01t4w00000NunyuAAB,SET MESAS AUXILIARES 2 PIEZAS,,
01t4w00000NunywAAB,MESA COMEDOR CUADRADA PATAS MADERA,,
01t4w00000NunyyAAB,SOFA CON ALMACENAJE,,
01t4w00000Nunz0AAB,MESA COMEDOR RECTANGULAR,,
01t4w00000Nunz2AAB,BANCO BAR ABS,,
01t4w00000Nunz4AAB,BANCO BAR BURGOS,,
01t4w00000Nunz6AAB,BANCO BAR GERONA,,
01t4w00000Nunz8AAB,REPISA MAGICA CON 1 CAJON,,
01t4w00000NunzAAAR,SOFA SECCIONAL CHESLONG,,
01t4w00000NunzCAAR,BANCO BAR EAMS ACOLCHADO,,
01t4w00000NunzEAAR,BANCO BAR LUGO,,
01t4w00000NunzGAAR,SOFA CAMA CHESLONG TRANSFORMER,,
01t4w00000NunzIAAR,BANCO BAR MADRID,,
01t4w00000NunzKAAR,BANCO BAR MALAGA,,
01t4w00000NunzMAAR,SET MESAS AUXILIARES 2 PIEZAS,,
01t4w00000NunzOAAR,BANCO BAR LUGO,,
01t4w00000NunzQAAR,BANCO BAR TOLEDO,,
01t4w00000NunzSAAR,BANCO BAR VIGO,,
01t4w00000NunzUAAR,SET COMEDOR CRISTAL + 4 SILLAS,,
01t4w00000NunzXAAR,BANCO BAR TRUJILLO,,
01t4w00000NunzZAAR,BANCO BAR VALENCIA,,
01t4w00000NunzbAAB,TABURETE TELA,,
01t4w00000NunzdAAB,SET MESAS AUXILIARES 2 PIEZAS,,
01t4w00000NunzeAAB,SET MESAS AUXILIARES 2 PIEZAS,,
01t4w00000NunzgAAB,SET COMEDOR CRISTAL + 4 TABURETES AHORRAESPACIO,,
01t4w00000NunziAAB,BANCO INFANTIL ANIMAL,,
01t4w00000NunzkAAB,SET COMEDOR MDF + 2 SILLAS + BANCO,,
01t4w00000NunzmAAB,SET COMEDOR MDF + 4 SILLAS,,
01t4w00000NunzoAAB,SET COMEDOR MDF + 4 SILLAS,,
01t4w00000NunzqAAB,CARRITO AUXILIAR 3 NIVELES,,
01t4w00000NunzsAAB,CARRITO ISLA COCINA,,
01t4w00000NunzuAAB,CARRITO AUXILIAR 3 NIVELES,,
01t4w00000NunzwAAB,CARRITO ISLA COCINA,,
01t4w00000NunzyAAB,CARRITO ISLA COCINA,,
01t4w00000Nuo00AAB,APARADOR 8 CAJONES,,
01t4w00000Nuo02AAB,MESA AUXILIAR,,
01t4w00000Nuo04AAB,CARRITO ORGANIZADOR COCINA 3 NIVELES,,
01t4w00000Nuo06AAB,CARRITO ORGANIZADOR COCINA 3 NIVELES CON ALAS,,
01t4w00000Nuo08AAB,SOFA CAMA,,
01t4w00000Nuo0AAAR,MESA AUXILIAR,,
01t4w00000Nuo0CAAR,SOFA CAMA,,
01t4w00000Nuo0EAAR,SOFA CAMA,,
01t4w00000Nuo0GAAR,SOFA CAMA,,
01t4w00000Nuo0IAAR,SOFA SECCIONAL CHESLONG,,
01t4w00000Nuo0KAAR,BANCO INFANTIL,,
01t4w00000Nuo0MAAR,ESPEJO BAMBU CUADRADO CON 2 CAJONES,,
01t4w00000Nuo0OAAR,BANCO INFANTIL ANIMAL CON ALMACENAJE,,
01t4w00000Nuo0QAAR,BANCO INFANTIL,,
01t4w00000Nuo0SAAR,BANCO INFANTIL ANIMAL,,
01t4w00000Nuo0UAAR,BANCO INFANTIL ANIMAL CON ALMACENAJE,,
01t4w00000Nuo0WAAR,SILLON MECEDORA INFANTIL,,
01t4w00000Nuo0YAAR,SILLON INFANTIL,,
01t4w00000Nuo0aAAB,CAJONERA 4 NIVELES,,
01t4w00000Nuo0cAAB,REPISA MAGICA INFANTIL,,
01t4w00000Nuo0eAAB,SILLON TELA + REPOSA PIES,,
01t4w00000Nuo0gAAB,APARADOR 3 CAJONES,,
01t4w00000Nuo0iAAB,APARADOR 5 CAJONES,,
01t4w00000Nuo0kAAB,BANCA ZAPATERA 1 NIVEL,,
01t4w00000Nuo0mAAB,BANCO ZAPATERA 1 NIVEL + 2 CAJONES,,
01t4w00000Nuo0oAAB,SET REPISAS MAGICAS 3 PIEZAS HEXAGONALES,,
01t4w00000Nuo0qAAB,BANCA ZAPATERA 2 NIVELES CAJONERAS,,
01t4w00000Nuo0sAAB,CAJONERA 2 NIVELES + 2 ESTANTES,,
01t4w00000Nuo0uAAB,SET MESAS AUXILIARES 2 PIEZAS,,
01t4w00000Nuo0wAAB,CAJONERA 1 NIVEL + ESTANTE,,
01t4w00000Nuo0yAAB,CAJONERA 5 NIVELES,,
01t4w00000Nuo10AAB,MESA BURO 1 CAJON + 1 ESTANTE,,
01t4w00000Nuo12AAB,MESA BURO 2 CAJONES,,
01t4w00000Nuo14AAB,MESA BURO 2 CAJONES,,
01t4w00000Nuo16AAB,MESA BURO 2 CAJONES,,
01t4w00000Nuo18AAB,MESA BURO 2 CAJONES,,
01t4w00000Nuo1AAAR,CENTRO ENTRETENIMIENTO 4 CAJONES,,
01t4w00000Nuo1CAAR,MESA BURO 2 CAJONES,,
01t4w00000Nuo1EAAR,APARADOR 2 PUERTAS,,
01t4w00000Nuo1GAAR,SET REPISAS MAGICAS 2 PIEZAS CUBOS,,
01t4w00000Nuo1IAAR,APARADOR 2 PUERTAS,,
01t4w00000Nuo1KAAR,APARADOR 2 PUERTAS,,
01t4w00000Nuo1MAAR,APARADOR 2 PUERTAS + 3 CAJONES,,
01t4w00000Nuo1OAAR,APARADOR 3 CAJONES,,
01t4w00000Nuo1QAAR,APARADOR 3 PUERTAS,,
01t4w00000Nuo1SAAR,MESA AUXILIAR,,
01t4w00000Nuo1UAAR,MESA AUXILIAR,,
01t4w00000Nuo1WAAR,MESA AUXILIAR,,
01t4w00000Nuo1YAAR,MESA AUXILIAR,,
01t4w00000Nuo1aAAB,MESA AUXILIAR,,
01t4w00000Nuo1cAAB,MESA AUXILIAR,,
01t4w00000Nuo1eAAB,MESA AUXILIAR,,
01t4w00000Nuo1gAAB,SET MESAS AUXILIARES 2 PIEZAS,,
01t4w00000Nuo1iAAB,REPISA MAGICA ZIC ZAC,,
01t4w00000Nuo1kAAB,SET MESAS AUXILIARES 2 PIEZAS,,
01t4w00000Nuo1mAAB,SET MESAS AUXILIARES 2 PIEZAS,,
01t4w00000Nuo1oAAB,SET MESAS AUXILIARES 2 PIEZAS,,
01t4w00000Nuo1qAAB,CARRITO BAÑO 4 NIVELES CON RUEDAS,,
01t4w00000Nuo1sAAB,SET MESAS AUXILIARES 3 PIEZAS,,
01t4w00000Nuo1uAAB,SET MESAS AUXILIARES 3 PIEZAS,,
01t4w00000Nuo1wAAB,CENTRO ENTRETENIMIENTO 2 CAJONES,,
01t4w00000Nuo1yAAB,TV STAND MUEBLE CRISTAL,,
01t4w00000Nuo20AAB,ORGANIZADOR RELOJES,,
01t4w00000Nuo22AAB,ORGANIZADOR RELOJES,,
01t4w00000Nuo24AAB,"TV STAND MUEBLE CRISTAL PANTALLA 32-60""",,
01t4w00000Nuo26AAB,"TV STAND MUEBLE CRISTAL SOPORTE 32-65""",,
01t4w00000Nuo28AAB,"TV STAND MUEBLE CRISTAL SOPORTE 32-65""",,
01t4w00000Nuo2AAAR,SET REPISAS MAGICAS 2 PIEZAS GEMELAS,,
01t4w00000Nuo2CAAR,"TV STAND MUEBLE CRISTAL SOPORTE 32-65""",,
01t4w00000Nuo2EAAR,ORGANIZADOR RELOJES,,
01t4w00000Nuo2GAAR,"TV STAND MUEBLE CRISTAL SOPORTE 32-70""",,
01t4w00000Nuo2IAAR,REPISA MAGICA PERCHERO,,
01t4w00000Nuo2KAAR,ESTANTERIA 4 NIVELES,,
01t4w00000Nuo2MAAR,ESTANTERIA 4 NIVELES + CAJON,,
01t4w00000Nuo2OAAR,SOMBRILLA PLAYA,,
01t4w00000Nuo2QAAR,REPISA MAGICA CON LUZ,,
01t4w00000Nuo2SAAR,REPISA MAGICA CON RELOJ,,
01t4w00000Nuo2UAAR,REPISA MAGICA DOBLE AJUSTABLE,,
01t4w00000Nuo2WAAR,REPISA MAGICA HEXAGONAL,,
01t4w00000Nuo2YAAR,REPISA MAGICA HEXAGONAL 3 PIEZAS,,
01t4w00000Nuo2aAAB,REPISA MAGICA INFANTIL,,
01t4w00000Nuo2cAAB,REPISA MAGICA INFANTIL,,
01t4w00000Nuo2eAAB,CARRITO BAÑO 3 NIVELES,,
01t4w00000Nuo2gAAB,REPISA MAGICA ORGANIZADOR BAÑO,,
01t4w00000Nuo2iAAB,ORGANIZADOR RELOJES PORTATIL,,
01t4w00000Nuo2kAAB,PERCHERO METAL+MADERA,,
01t4w00000Nuo2mAAB,PERCHERO METAL+MADERA,,
01t4w00000Nuo2oAAB,PERCHERO METAL+BAMBU,,
01t4w00000Nuo2qAAB,PERCHERO METAL+MADERA,,
01t4w00000Nuo2sAAB,PERCHERO PARED MDF,,
01t4w00000Nuo2uAAB,CARRITO BAÑO 3 NIVELES,,
01t4w00000Nuo2wAAB,CARRITO BAÑO 3 NIVELES,,
01t4w00000Nuo2yAAB,CARRITO BAÑO 3 NIVELES,,
01t4w00000Nuo30AAB,CARRITO BAÑO 3 NIVELES,,
01t4w00000Nuo32AAB,ESTANTERIA BAÑO 3 NIVELES,,
01t4w00000Nuo34AAB,ESTANTERIA BAÑO 4 NIVELES,,
01t4w00000Nuo36AAB,TOALLERO 3 NIVELES,,
01t4w00000Nuo38AAB,JOYERO NECESER,,
01t4w00000Nuo3AAAR,SET BISTRO METALICO PLEGABLE REDONDO,,
01t4w00000Nuo3CAAR,JOYERO NECESER,,
01t4w00000Nuo3EAAR,JOYERO PARED CON ESPEJO Y 5 FOTOS,,
01t4w00000Nuo3GAAR,JOYERO PISO CON ESPEJO Y 5 FOTOS,,
01t4w00000Nuo3IAAR,NECESER ORGANIZADOR ACRILICO+ALUMINIO,,
01t4w00000Nuo3KAAR,ORGANIZADOR RELOJES,,
01t4w00000Nuo3MAAR,ORGANIZADOR RELOJES,,
01t4w00000Nuo3OAAR,SOMBRILLA PLAYA,,
01t4w00000Nuo3QAAR,ORGANIZADOR RELOJES,,
01t4w00000Nuo3SAAR,ASADOR CARBON RECTANGULAR CON MESAS LATERALES,,
01t4w00000Nuo3UAAR,ASADOR CARBON REDONDO,,
01t4w00000Nuo3WAAR,MANGUERA EXTENSIBLE 15 MTS CON PISTOLA,,
01t4w00000Nuo3YAAR,MANGUERA EXTENSIBLE 10 MTS CON PISTOLA,,
01t4w00000Nuo3aAAB,SOMBRILLA PLAYA,,
01t4w00000Nuo3cAAB,REGADERA 3 LITROS CON TAPA,,
01t4w00000Nuo3eAAB,REGADERA 13 LITROS,,
01t4w00000Nuo3gAAB,PROGRAMADOR RIEGO 2 HORAS,,
01t4w00000Nuo3iAAB,PROGRAMADOR RIEGO MULTIFUCION,,
01t4w00000Nuo3kAAB,PROGRAMADOR RIEGO MULTIFUCION DIGITAL,,
01t4w00000Nuo3mAAB,SET ADAPTAD0RES RIEGO,,
01t4w00000Nuo3oAAB,SOMBRILLA DE PLAYA,,
01t4w00000Nuo3qAAB,SOMBRILLA PLAYA,,
01t4w00000Nuo3sAAB,TUMBONA INFANTIL PLEGABLE PLAYA,,
01t4w00000Nuo3uAAB,TUMBONA INFANTIL PLEGABLE PLAYA,,
01t4w00000Nuo3wAAB,ASADOR CARBON CERAMICO REDONDO CON MESAS LATERALES,,
01t4w00000Nuo3yAAB,MANDIL CHEF BBQ,,
01t4w00000Nuo40AAB,CARRITO APOYO RECTANGULO,,
01t4w00000Nuo42AAB,COLUMPIO COLGANTE CON COJIN,,
01t4w00000Nuo44AAB,COLUMPIO COLGANTE CON COJIN,,
01t4w00000Nuo46AAB,COLUMPIO COLGANTE CON COJIN,,
01t4w00000Nuo47AAB,SILLA HUEVO ROTA,,
01t4w00000Nuo4AAAR,SET COMEDOR 5 PIEZAS,,
01t4w00000Nuo4CAAR,SET COMEDOR 5 PIEZAS,,
01t4w00000Nuo4FAAR,"VENTILADOR PISO 16"" 50W",,
01t4w00000Nuo4GAAR,CARRO JARDIN PLEGABLE,,
01t4w00000Nuo4IAAR,"VENTILADOR TORRE 31"" 50W 3 VELOCIDADES OSCILANTE",,
01t4w00000Nuo4KAAR,"VENTILADOR PISO 16"" 45W",,
01t4w00000Nuo4MAAR,BASE CEMENTO 15KG DE SOMBRILLA,,
01t4w00000Nuo4OAAR,BASE RESINA 9KG DE SOMBRILLA,,
01t4w00000Nuo4QAAR,BASE RESINA 25KG DE SOMBRILLA,,
01t4w00000Nuo4RAAR,SOMBRILLA JARDIN LATERAL CON BASE EN CRUZ + LUZ LED,,
01t4w00000Nuo4TAAR,SET COMEDOR 5 PIEZAS AHORRAESPACIO TEKA,,
01t4w00000Nuo4VAAR,SET DESAYUNADOR MDF + 2 TABURETES + ALMACENAJE 3 NIVELES,,
01t4w00000Nuo4WAAR,TUMBONA PLEGABLE,,
01t4w00000Nuo4YAAR,MESA ESCRITORIO,,
01t4w00000Nuo4aAAB,MESA ESCRITORIO,,
01t4w00000Nuo4cAAB,ESTANTERIA 4 NIVELES,,
01t4w00000Nuo4eAAB,MESA ESCRITORIO,,
01t4w00000Nuo4gAAB,ESTANTERIA 3 NIVELES,,
01t4w00000Nuo4iAAB,MESA ESCRITORIO,,
01t4w00000Nuo4kAAB,MESA BURO 1 CAJON + 1 ESTANTE,,
01t4w00000Nuo4mAAB,MESA ESCRITORIO,,
01t4w00000Nuo4nAAB,ESTANTERIA 3 NIVELES,,
01t4w00000Nuo4rAAB,MESA ESCRITORIO,,
01t4w00000Nuo4tAAB,ESTANTERIA 3 NIVELES,,
01t4w00000Nuo4uAAB,MESA ESCRITORIO,,
01t4w00000Nuo4wAAB,ESTANTERIA 3 NIVELES,,
01t4w00000Nuo4yAAB,MESA ESCRITORIO + LIBRERO 3 NIVELES,,
01t4w00000Nuo4zAAB,MESA ESCRITORIO,,
01t4w00000Nuo52AAB,ESTANTERIA 3 NIVELES,,
01t4w00000Nuo54AAB,MESA ESCRITORIO,,
01t4w00000Nuo55AAB,MESA ESCRITORIO,,
01t4w00000Nuo58AAB,MESA ESCRITORIO,,
01t4w00000Nuo5AAAR,MESA ESCRITORIO,,
01t4w00000Nuo5CAAR,MESA ESCRITORIO,,
01t4w00000Nuo5EAAR,MESA ESCRITORIO,,
01t4w00000Nuo5GAAR,MESA ESCRITORIO,,
01t4w00000Nuo5IAAR,MESA ESCRITORIO,,
01t4w00000Nuo5KAAR,MESA ESCRITORIO,,
01t4w00000Nuo5MAAR,MESA ESCRITORIO,,
01t4w00000Nuo5OAAR,MESA ESCRITORIO,,
01t4w00000Nuo5QAAR,MESA ESCRITORIO + LIBRERO 2 NIVELES,,
01t4w00000Nuo5SAAR,MESA ESCRITORIO,,
01t4w00000Nuo5TAAR,MESA ESCRITORIO + LIBRERO 3 NIVELES,,
01t4w00000Nuo5VAAR,MESA ESCRITORIO + LIBRERO 3 NIVELES,,
01t4w00000Nuo5XAAR,MESA ESCRITORIO + LIBRERO 1 NIVEL,,
01t4w00000Nuo5aAAB,MESA ESCRITORIO,,
01t4w00000Nuo5cAAB,MESA ESCRITORIO,,
01t4w00000Nuo5eAAB,MESA ESCRITORIO ESQUINA,,
01t4w00000Nuo5fAAB,MESA ESCRITORIO ESQUINA,,
01t4w00000Nuo5iAAB,SET COMEDOR 7 PIEZAS,,
01t4w00000Nuo5kAAB,SET COMEDOR 7 PIEZAS,,
01t4w00000Nuo5mAAB,SET SOFA CON COJINES 4 PIEZAS,,
01t4w00000Nuo5oAAB,SET SOFA EN ESQUINA 4 PIEZAS CON COJIN,,
01t4w00000Nuo5qAAB,SET SOFA EN ESQUINA 3 PIEZAS CON COJIN,,
01t4w00000Nuo5sAAB,SILLA COMEDOR PLASTICO,,
01t4w00000Nuo5vAAB,SILLA COMEDOR PLASTICO,,
01t4w00000Nuo5wAAB,SILLA COMEDOR PLASTICO CON COJIN,,
01t4w00000Nuo5yAAB,SILLA COMEDOR PLASTICO,,
01t4w00000Nuo60AAB,SILLA COMEDOR PLASTICO,,
01t4w00000Nuo61AAB,SILLA COMEDOR PLASTICO,,
01t4w00000Nuo62AAB,SILLA COMEDOR PLASTICO,,
01t4w00000Nuo66AAB,SILLA COMEDOR PLASTICO,,
01t4w00000Nuo68AAB,SILLA COMEDOR TELA,,
01t4w00000Nuo6AAAR,SILLA COMEDOR PLASTICO,,
01t4w00000Nuo6CAAR,SILLA COMEDOR TELA,,
01t4w00000Nuo6EAAR,SILLA COMEDOR TELA,,
01t4w00000Nuo6GAAR,SILLA COMEDOR TELA,,
01t4w00000Nuo6IAAR,SILLA COMEDOR PLASTICO,,
01t4w00000Nuo6KAAR,MESA AUXILIAR,,
01t4w00000Nuo6MAAR,MESA AUXILIAR,,
01t4w00000Nuo6NAAR,MESA AUXILIAR,,
01t4w00000Nuo6QAAR,MESA AUXILIAR,,
01t4w00000Nuo6SAAR,MESA AUXILIAR,,
01t4w00000Nuo6VAAR,CUBETA DE HIELO,,
01t4w00000Nuo6XAAR,CUBETA DE HIELO,,
01t4w00000Nuo6ZAAR,CUBETA DE HIELO,,
01t4w00000Nuo6aAAB,CUBETA DE HIELO,,
01t4w00000Nuo6cAAB,MACETERO DECORATIVO HUECO,,
01t4w00000Nuo6eAAB,MACETERO DECORATIVO HUECO,,
01t4w00000Nuo6gAAB,MACETERO DECORATIVO HUECO,,
01t4w00000Nuo6hAAB,MACETERO DECORATIVO TERRACOTA,,
01t4w00000Nuo6jAAB,MACETERO DECORATIVO TERRACOTA,,
01t4w00000Nuo6lAAB,MACETERO DECORATIVO TERRACOTA,,
01t4w00000Nuo6oAAB,MACETERO DECORATIVO TERRACOTA,,
01t4w00000Nuo6qAAB,MACETERO DECORATIVO,,
01t4w00000Nuo6sAAB,MACETERO DECORATIVO,,
01t4w00000Nuo6uAAB,MACETERO DECORATIVO,,
01t4w00000Nuo6yAAB,MACETERO DECORATIVO,,
01t4w00000Nuo6zAAB,MACETERO DECORATIVO,,
01t4w00000Nuo70AAB,MACETERO DECORATIVO,,
01t4w00000Nuo72AAB,MACETERO DECORATIVO HUECO,,
01t4w00000Nuo74AAB,MACETERO DECORATIVO,,
01t4w00000Nuo76AAB,MACETERO DECORATIVO,,
01t4w00000Nuo77AAB,MACETERO DECORATIVO,,
01t4w00000Nuo7AAAR,SET COMEDOR ALUMINIO 7 PIEZAS,,
01t4w00000Nuo7BAAR,SET SOFAS WICKER 7 PIEZAS CON COJIN,,
01t4w00000Nuo7FAAR,(INACTIVO) VENTILADOR TECHO CON LED ASPAS 80W,,
01t4w00000Nuo7GAAR,COLUMPIO COLGANTE CON COJIN,,
01t4w00000Nuo7IAAR,SUCULENTA DISEÑO,,
01t4w00000Nuo7KAAR,SET JARDIN 6 PIEZAS,,
01t4w00000Nuo7MAAR,SET COMEDOR 6 PIEZAS,,
01t4w00000Nuo7OAAR,COLUMPIO COLGANTE FIJO CON COJIN,,
01t4w00000Nuo7QAAR,COLUMPIO COLGANTE CON COJIN,,
01t4w00000Nuo7SAAR,COLUMPIO COLGANTE CON COJIN,,
01t4w00000Nuo7UAAR,GAZEBO CUADRADO,,
01t4w00000Nuo7WAAR,SILLA PLAYA RECLINABLE,,
01t4w00000Nuo7YAAR,SILLA DOBLE PLAYA,,
01t4w00000Nuo7bAAB,TUMBONA PLAYA,,
01t4w00000Nuo7cAAB,SET COMEDOR 5 PIEZAS AHORRAESPACIO RATTAN CON COJINES,,
01t4w00000Nuo7eAAB,SET COMEDOR 7 PIEZAS STEEL,,
01t4w00000Nuo7gAAB,SET BISTRO WICKER MECEDORA CON COJINES,,
01t4w00000Nuo7iAAB,SUCULENTA DISEÑO,,
01t4w00000Nuo7kAAB,SUCULENTA HELLO,,
01t4w00000Nuo7mAAB,SUCULENTA CARACOL,,
01t4w00000Nuo7oAAB,SUCULENTA RANA,,
01t4w00000Nuo7qAAB,SUCULENTA MANZANA,,
01t4w00000Nuo7sAAB,BANCO BAR PU,,
01t4w00000Nuo7uAAB,BANCO BAR PU,,
01t4w00000Nuo7wAAB,BANCO BAR PU,,
01t4w00000Nuo7yAAB,BANCO BAR PU,,
01t4w00000Nuo80AAB,BANCO BAR TELA,,
01t4w00000Nuo82AAB,BANCO BAR TELA,,
01t4w00000Nuo84AAB,BANCO BAR TELA,,
01t4w00000Nuo86AAB,BANCO BAR PU,,
01t4w00000Nuo88AAB,BANCO BAR PU,,
01t4w00000Nuo89AAB,BANCO BAR POLYWOOD,,
01t4w00000Nuo8CAAR,BANCO BAR PP,,
01t4w00000Nuo8EAAR,BANCO BAR PU,,
01t4w00000Nuo8GAAR,BANCO BAR PU,,
01t4w00000Nuo8IAAR,BANCO BAR PU,,
01t4w00000Nuo8KAAR,BANCO BAR PU,,
01t4w00000Nuo8MAAR,BANCO BAR TELA,,
01t4w00000Nuo8OAAR,SOMBRILLA JARDIN 8 RIBS + LUZ LED,,
01t4w00000Nuo8QAAR,BLOQUE CEMENTO 26KG PARA BASE DE SOMBRILLA,,
01t4w00000Nuo8SAAR,BANCO BAR PU,,
01t4w00000Nuo8UAAR,SILLA ORDENADOR,,
01t4w00000Nuo8WAAR,SILLA COMEDOR PLASTICO,,
01t4w00000Nuo8YAAR,SILLA COMEDOR TELA,,
01t4w00000Nuo8bAAB,SILLA COMEDOR PLASTICO,,
01t4w00000Nuo8cAAB,SILLA COMEDOR TELA,,
01t4w00000Nuo8eAAB,SILLA COMEDOR PLASTICO,,
01t4w00000Nuo8gAAB,BANCO BAR TERCIOPELO,,
01t4w00000Nuo8iAAB,BANCO BAR TERCIOPELO,,
01t4w00000Nuo8kAAB,BANCO BAR TERCIOPELO,,
01t4w00000Nuo8mAAB,BANCO BAR TERCIOPELO,,
01t4w00000Nuo8oAAB,BANCO BAR TERCIOPELO,,
01t4w00000Nuo8qAAB,GAZEBO CUADRADO CON BARRAS BAR,,
01t4w00000Nuo8sAAB,SET PICNIC PLEGABLE,,
01t4w00000Nuo8uAAB,SET BISTRO METALICO PLEGABLE REDONDO,,
01t4w00000Nuo8wAAB,SET JARDIN 6 PIEZAS,,
01t4w00000Nuo8yAAB,"REGADERA 3,5L",,
01t4w00000Nuo90AAB,REGADERA 9L OVAL,,
01t4w00000Nuo92AAB,REGADERA 9L,,
01t4w00000Nuo93AAB,COLUMPIO COLGANTE CON COJIN,,
01t4w00000Nuo95AAB,RECIPIENTE DE COMPOST 4 LITROS,,
01t4w00000Nuo98AAB,RECIPIENTE DE COMPOST 3 LITROS,,
01t4w00000Nuo9AAAR,RECIPIENTE DE COMPOST 3 LITROS,,
01t4w00000Nuo9BAAR,"RECIPIENTE DE COMPOST 1,5 LITROS",,
01t4w00000Nuo9EAAR,"RECIPIENTE DE COMPOST 1,5 LITROS",,
01t4w00000Nuo9FAAR,RECIPIENTE DE COMPOST 6 LITROS,,
01t4w00000Nuo9GAAR,SET BISTRO METALICO PLEGABLE REDONDO,,
01t4w00000Nuo9HAAR,SET SILLAS INFANTIL CON SOMBRILLA,,
01t4w00000Nuo9IAAR,SET JARDIN 6 PIEZAS,,
01t4w00000Nuo9JAAR,SET PICNIC PLEGABLE,,
01t4w00000Nuo9MAAR,SET BISTRO WICKER 3 PIEZAS CON COJINES,,
01t4w00000Nuo9NAAR,SET SOFA 3 PIEZAS CON COJINES,,
01t4w00000Nuo9PAAR,SET BISTRO RATTAN + STEEL CON COJINES,,
01t4w00000Nuo9RAAR,SET COMEDOR 5 PIEZAS AHORRAESPACIO CON COJINES,,
01t4w00000Nuo9TAAR,SALA DE PATIO WICKER EN ESQUINA 3 PIEZAS,,
01t4w00000Nuo9VAAR,SOPORTE MANGUERA,,
01t4w00000Nuo9XAAR,SET BISTRO 4 PIEZAS CON COJINES,,
01t4w00000Nuo9ZAAR,INVERNADEROS,,
01t4w00000Nuo9bAAB,SET BISTRO WICKER CON COJINES,,
01t4w00000Nuo9dAAB,SET BAR RATAN 3 PIEZAS CON COJINES,,
01t4w00000Nuo9fAAB,INVERNADEROS 2 CAPAS,,
01t4w00000Nuo9iAAB,INVERNADEROS 4 CAPAS,,
01t4w00000Nuo9jAAB,INVERNADEROS 3 CAPAS,,
01t4w00000Nuo9lAAB,SET BISTRO RATTAN 3 PIEZAS CON COJINES,,
01t4w00000Nuo9nAAB,TUMBONA CON RUEDAS,,
01t4w00000Nuo9pAAB,ORGANIZADOR DE HERRAMIENTAS,,
01t4w00000Nuo9rAAB,ORGANIZADOR DE HERRAMIENTAS,,
01t4w00000Nuo9tAAB,TUMBONA PLAYA,,
01t4w00000Nuo9vAAB,MACETERO DECORATIVO,,
01t4w00000Nuo9zAAB,MESA RESINA PERSONAL,,
01t4w00000NuoA1AAJ,MESA RESINA PLEGABLE ? 4 cm,,
01t4w00000NuoA3AAJ,SILLA RESINA DOBLE,,
01t4w00000NuoA5AAJ,"(INACTIVO) VENTILADOR SOBREMESA 7"" 25W",,
01t4w00000NuoA7AAJ,"(INACTIVO) VENTILADOR SOBREMESA 7"" 25W",,
01t4w00000NuoA9AAJ,PARRILLA CARBON KETTLE ROJA,,
01t4w00000NuoABAAZ,PARRILLA CARBON KETTLE NEGRA XL,,
01t4w00000NuoACAAZ,PARRILLA CARBON MEDIO TAMBOR BM400,,
01t4w00000NuoAEAAZ,PARRILLA CARBON BARREL SMALL,,
01t4w00000NuoAFAAZ,PARRILLA CARBON MEDIO TAMBOR CON TAPA,,
01t4w00000NuoAHAAZ,PARRILLA CARBON MEDIO TAMBOR BM300,,
01t4w00000NuoALAAZ,PARRILLA CARBON CUADRADA,,
01t4w00000NuoANAAZ,SILLA PLASTICO INFANTIL,,
01t4w00000NuoAPAAZ,SILLA PLASTICO INFANTIL,,
01t4w00000NuoARAAZ,MESA RESINA IMITACION MADERA CUADRADA,,
01t4w00000NuoATAAZ,MESA RESINA IMITACION MADERA PLEGABLE MADERA,,
01t4w00000NuoAUAAZ,MESA RESINA IMITACION MADERA CUADRADA,,
01t4w00000NuoAWAAZ,BANCA IMITACION MADERA RESINA PLEGABLE,,
01t4w00000NuoAaAAJ,MESA RESINA IMITACION RATTAN PLEGABLE,,G101053Z
01t4w00000NuoAfAAJ,COBERTIZO DE ALMACENAMIENTO,,
01t4w00000NuoAhAAJ,COBERTIZO DE ALMACENAMIENTO,,
01t4w00000NuoAjAAJ,COBERTIZO DE ALMACENAMIENTO,,
01t4w00000NuoAlAAJ,COBERTIZO DE ALMACENAMIENTO,,
01t4w00000NuoAnAAJ,COBERTIZO DE ALMACENAMIENTO,,
01t4w00000NuoApAAJ,MECEDORA CON PUF,,
01t4w00000NuoArAAJ,GUANTES DE SOLDADURA CUERO DE YAK BLANCO,,
01t4w00000NuoAtAAJ,GUANTES DE JARDINERÍA DE PIEL,,
01t4w00000NuoAvAAJ,GUANTES DE SOLDADURA DE PIEL,,
01t4w00000NuoAxAAJ,GUANTES DE JARDINERÍA TELA FLORAL LARGA,,
01t4w00000NuoAzAAJ,GUANTES DE JARDINERÍA TELA FLORAL CORTA,,
01t4w00000NuoB1AAJ,GUANTES DE PIEL,,
01t4w00000NuoB3AAJ,GUANTES DE PIEL,,
01t4w00000NuoB5AAJ,GUANTES DE PIEL,,
01t4w00000NuoB7AAJ,MESA ESCRITORIO,,
01t4w00000NuoB9AAJ,MESA ESCRITORIO,,
01t4w00000NuoBBAAZ,MESA ESCRITORIO,,
01t4w00000NuoBDAAZ,MESA ESCRITORIO + LIBRERO 2 NIVELES,,
01t4w00000NuoBFAAZ,MESA ESCRITORIO,,
01t4w00000NuoBHAAZ,MESA ESCRITORIO,,
01t4w00000NuoBIAAZ,MESA ESCRITORIO,,
01t4w00000NuoBLAAZ,MESA ESCRITORIO,,
01t4w00000NuoBNAAZ,MESA ESCRITORIO,,
01t4w00000NuoBPAAZ,MESA ESCRITORIO,,
01t4w00000NuoBRAAZ,SET SOFA 4 PIEZAS CON COJIN,,
01t4w00000NuoBTAAZ,SET SOFA 4 PIEZAS CON COJIN,,
01t4w00000NuoBVAAZ,MESA BURO 3 CAJONES CON RUEDA,,
01t4w00000NuoBXAAZ,MESA ESCRITORIO,,
01t4w00000NuoBYAAZ,SILLA ORDENADOR,,
01t4w00000NuoBbAAJ,SILLA ORDENADOR,,
01t4w00000NuoBeAAJ,ESTANTERIA 4 NIVELES,,
01t4w00000NuoBfAAJ,MESA ESCRITORIO,,
01t4w00000NuoBhAAJ,MESA ESCRITORIO,,
01t4w00000NuoBkAAJ,MESA ESCRITORIO,,
01t4w00000NuoBlAAJ,MESA ESCRITORIO,,
01t4w00000NuoBnAAJ,MESA ESCRITORIO,,
01t4w00000NuoBpAAJ,MESA ESCRITORIO,,
01t4w00000NuoBrAAJ,MESA ESCRITORIO,,
01t4w00000NuoBtAAJ,MESA ESCRITORIO PLEGABLE,,
01t4w00000NuoBvAAJ,MESA ESCRITORIO PLEGABLE,,
01t4w00000NuoByAAJ,MESA ESCRITORIO + LIBRERO 2 NIVELES,,
01t4w00000NuoBzAAJ,MESA ESCRITORIO,,
01t4w00000NuoC1AAJ,MESA ESCRITORIO,,
01t4w00000NuoC3AAJ,MESA ESCRITORIO,,
01t4w00000NuoC5AAJ,MESA ESCRITORIO,,
01t4w00000NuoC6AAJ,MESA ESCRITORIO CON PIZARRA,,
01t4w00000NuoC9AAJ,REPISA MAGICA,,
01t4w00000NuoCBAAZ,REPISA MAGICA,,
01t4w00000NuoCDAAZ,REPISA MAGICA,,
01t4w00000NuoCFAAZ,REPISA MAGICA,,
01t4w00000NuoCIAAZ,REPISA MAGICA,,
01t4w00000NuoCKAAZ,REPISA MAGICA,,
01t4w00000NuoCLAAZ,REPISA MAGICA,,
01t4w00000NuoCNAAZ,REPISA MAGICA,,
01t4w00000NuoCPAAZ,REPISA MAGICA,,
01t4w00000NuoCRAAZ,REPISA MAGICA,,
01t4w00000NuoCTAAZ,REPISA MAGICA CON ORILLA FRONTAL,,
01t4w00000NuoCVAAZ,REPISA MAGICA CON ORILLA FRONTAL,,
01t4w00000NuoCXAAZ,REPISA MAGICA CON ORILLA FRONTAL,,
01t4w00000NuoCZAAZ,REPISA MAGICA CON 1 CAJON,,
01t4w00000NuoCbAAJ,REPISA MAGICA CON 1 CAJON,,
01t4w00000NuoCdAAJ,REPISA MAGICA CON 2 CAJONES,,
01t4w00000NuoCfAAJ,REPISA MAGICA ESQUINA,,
01t4w00000NuoChAAJ,REPISA MAGICA ESQUINA,,
01t4w00000NuoCjAAJ,REPISA MAGICA 1 NIVEL,,
01t4w00000NuoCmAAJ,REPISA MAGICA PERCHERO CON ESPEJO,,
01t4w00000NuoCnAAJ,REPISA MAGICA PERCHERO CON ESPEJO,,
01t4w00000NuoCpAAJ,REPISA MAGICA 1 NIVEL,,
01t4w00000NuoCrAAJ,REPISA MAGICA 2 NIVELES,,
01t4w00000NuoCtAAJ,SET REPISAS MAGICAS 3 PIEZAS HEXAGONALES,,
01t4w00000NuoCvAAJ,SET REPISAS MAGICAS 3 PIEZAS CUBOS,,
01t4w00000NuoCxAAJ,SET REPISAS MAGICAS 3 PIEZAS CUBOS,,
01t4w00000NuoCyAAJ,SET REPISAS MAGICAS CASA CON PERCHAS,,
01t4w00000NuoD2AAJ,SET REPISAS MAGICAS 3 PIEZAS CIRCULOS,,
01t4w00000NuoD4AAJ,SET REPISAS MAGICAS 2 PIEZAS HEXAGONALES CON PERCHA,,
01t4w00000NuoD6AAJ,REPISA MAGICA CON BARRA,,
01t4w00000NuoD7AAJ,SET REPISAS MAGICAS 3 PIEZAS EN U,,
01t4w00000NuoD9AAJ,REPISA MAGICA CRUZ,,
01t4w00000NuoDBAAZ,REPISA MAGICA CUADRADOS,,
01t4w00000NuoDDAAZ,REPISA MAGICA 5 NIVELES,,
01t4w00000NuoDEAAZ,REPISA MAGICA 2 NIVELES,,
01t4w00000NuoDGAAZ,REPISA MAGICA 3 NIVELES,,
01t4w00000NuoDIAAZ,REPISA MAGICA 4 NIVELES,,
01t4w00000NuoDLAAZ,SOFA CAMA,,
01t4w00000NuoDNAAZ,SOFA CAMA,,
01t4w00000NuoDPAAZ,SOFA CAMA,,
01t4w00000NuoDRAAZ,SOFA CAMA,,
01t4w00000NuoDSAAZ,SOFA CAMA,,
01t4w00000NuoDVAAZ,SOFA 1 PLAZA,,
01t4w00000NuoDXAAZ,SOFA 3 PLAZAS,,
01t4w00000NuoDYAAZ,SOFA 2 PLAZAS,,
01t4w00000NuoDbAAJ,SOFA 1 PLAZA,,
01t4w00000NuoDdAAJ,SOFA 2 PLAZAS,,
01t4w00000NuoDfAAJ,SOFA 3 PLAZAS,,
01t4w00000NuoDhAAJ,SOFA TELA,,
01t4w00000NuoDjAAJ,SOFA 2 PLAZAS,,
01t4w00000NuoDlAAJ,SOFA 2 PLAZAS CON 1 COJIN,,
01t4w00000NuoDmAAJ,SOFA 3 PLAZAS,,
01t4w00000NuoDpAAJ,SOFA 2 PLAZAS,,
01t4w00000NuoDqAAJ,SOFA 2 PLAZAS CON 1 COJIN,,
01t4w00000NuoDtAAJ,SOFA 1 PLAZA,,
01t4w00000NuoDvAAJ,SOFA 2 PLAZAS CON 1 COJIN,,
01t4w00000NuoDwAAJ,SOFA 3 PLAZAS CON 2 COJINES,,
01t4w00000NuoDyAAJ,SOFA 2 PLAZAS CON 2 ALMOHADAS PALILLOS,,
01t4w00000NuoE0AAJ,SOFA 2 PLAZAS CON 2 ALMOHADAS PALILLOS,,
01t4w00000NuoE3AAJ,SOFA PLASTICO,,
01t4w00000NuoE5AAJ,SOFA 1 PLAZA,,
01t4w00000NuoE8AAJ,SOFA 2 PLAZAS,,
01t4w00000NuoEAAAZ,SOFA RECLINABLE CON ALMACENAJE,,
01t4w00000NuoEBAAZ,SOFA SECCIONAL CON ALMACENAJE,,
01t4w00000NuoEDAAZ,SOFA INDIVIDUAL CON ALMACENAJE,,
01t4w00000NuoEEAAZ,SILLON RECLINABLE MANUAL,,
01t4w00000NuoEFAAZ,MESA RESINA PLEGABLE IMITACION RATAN,,
01t4w00000NuoEHAAZ,TUMBONA,,
01t4w00000NuoEJAAZ,SET INFANTIL 3 PIEZAS,,
01t4w00000NuoELAAZ,SILLON ARINDORAK PLASTICO WICKER,,
01t4w00000NuoENAAZ,SET MESA + 2 BANCOS RESINA PLEGABLE,,
01t4w00000NuoEPAAZ,BANCA RESINA PLEGABLE ? 4.5 cm,,
01t4w00000NuoERAAZ,SILLA PLEGABLE DOBLE,,
01t4w00000NuoETAAZ,MESA RESINA PERSONAL,,
01t4w00000NuoEVAAZ,MESA RESINA IMITACION MADERA PLEGABLE,,
01t4w00000NuoEXAAZ,MESA RESINA PLEGABLE 180 CM,,
01t4w00000NuoEZAAZ,SILLA RESINA DOBLE,,
01t4w00000NuoEbAAJ,SILLA RESINA IMITACION MADERA,,
01t4w00000NuoEdAAJ,MESA RESINA PERSONAL,,
01t4w00000NuoEeAAJ,SILLA RESINA DOBLE,,
01t4w00000NuoEgAAJ,BANDEJA LAPTOP,,
01t4w00000NuoEiAAJ,REPISA MAGICA CUBO DIVISIONES,,
01t4w00000NuoEkAAJ,ESTANTERIA ZAPATOS INFANTIL,,
01t4w00000NuoEmAAJ,ESTANTERIA ZAPATOS INFANTIL,,
01t4w00000NuoEoAAJ,ORGANIZADOR ESCRITORIO 2 CAJONES BAMBÚ,,
01t4w00000NuoEqAAJ,MESA ESCRITORIO PLEGABLE,,
01t4w00000NuoEsAAJ,SILLA COMEDOR PLASTICO,,
01t4w00000NuoEuAAJ,CARRITO ORGANIZADOR COCINA 3 NIVELES,,
01t4w00000NuoEwAAJ,ESTANTERIA METALICA 5 NIVELES,,
01t4w00000NuoEyAAJ,ESTANTERIA METALICA 3 NIVELES PARA BOTELLA,,
01t4w00000NuoF0AAJ,ESTANTERIA METALICA 3 NIVELES PARA BOTELLA,,
01t4w00000NuoF2AAJ,SILLA COMEDOR TELA ACOLCHADA,,
01t4w00000NuoF4AAJ,BANCO BAR GERONA,,
01t4w00000NuoF6AAJ,BAÚL JUGUETES INFANTIL,,
01t4w00000NuoF8AAJ,BAÚL JUGUETES INFANTIL,,
01t4w00000NuoFAAAZ,SILLA COMEDOR PLASTICO,,
01t4w00000NuoFCAAZ,SILLA COMEDOR TELA,,
01t4w00000NuoFEAAZ,BANCO BAR TELA,,
01t4w00000NuoFGAAZ,SILLA GAMING,,
01t4w00000NuoFIAAZ,BANCO BAR TELA,,
01t4w00000NuoFKAAZ,MESA ESCRITORIO,,
01t4w00000NuoFMAAZ,MESA ESCRITORIO + LIBRERO 2 NIVELES,,
01t4w00000NuoFOAAZ,SILLA COMEDOR TELA,,
01t4w00000NuoFQAAZ,SILLA ORDENADOR,,
01t4w00000NuoFSAAZ,SILLON TELA,,
01t4w00000NuoFUAAZ,SET COMEDOR MDF + 4 SILLAS,,
01t4w00000NuoFWAAZ,SILLON TELA,,
01t4w00000NuoFYAAZ,SOFA CAMA,,
01t4w00000NuoFaAAJ,SOFA SECCIONAL CHESLONG,,
01t4w00000NuoFcAAJ,RADIADOR ACEITE 2000W CON RUEDAS,,
01t4w00000NuoFdAAJ,SILLA COMEDOR TELA,,
01t4w00000NuoFfAAJ,CARRITO AUXILIAR METALICO PLEGABLE 3 NIVELES,,
01t4w00000NuoFhAAJ,CARRITO AUXILIAR METALICO PLEGABLE 3 NIVELES,,
01t4w00000NuoFjAAJ,CARRITO AUXILIAR METALICO 3 NIVELES,,
01t4w00000NuoFlAAJ,CARRITO AUXILIAR METALICO 3 NIVELES,,
01t4w00000NuoFnAAJ,SILLA ORDENADOR,,
01t4w00000NuoFpAAJ,SILLA GAMING,,
01t4w00000NuoFqAAJ,SILLA GAMING,,
01t4w00000NuoFsAAJ,ORGANIZADOR ZAPATOS 3 NIVELES,,
01t4w00000NuoFuAAJ,ORGANIZADOR ZAPATOS 2 NIVELES,,
01t4w00000NuoFwAAJ,ESTANTERIA 4 NIVELES,,
01t4w00000NuoFyAAJ,"MESA RESINA PLEGABLE ? 4,5 cm",,
01t4w00000NuoG0AAJ,APARADOR 3 CAJONES,,
01t4w00000NuoG2AAJ,APARADOR 3 CAJONES,,
01t4w00000NuoG4AAJ,APARADOR 3 CAJONES,,
01t4w00000NuoG5AAJ,APARADOR 3 CAJONES,,
01t4w00000NuoG6AAJ,APARADOR 4 CAJONES + 3 HUECOS,,
01t4w00000NuoG8AAJ,APARADOR 5 CAJONES,,
01t4w00000NuoGAAAZ,APARADOR 4 CAJONES,,
01t4w00000NuoGDAAZ,APARADOR 5 CAJONES,,
01t4w00000NuoGGAAZ,SILLA COMEDOR PLASTICO,,
01t4w00000NuoGIAAZ,SET INFANTIL PLEGABLE 4 PIEZAS,,
01t4w00000NuoGJAAZ,MESA RESINA PLEGABLE 152 CM,,
01t4w00000NuoGKAAZ,CARRITO ORGANIZADOR COCINA 3 NIVELES,,
01t4w00000NuoGLAAZ,CARRITO ORGANIZADOR COCINA 2 NIVELES,,
01t4w00000NuoGMAAZ,SILLON TELA,,
01t4w00000NuoGNAAZ,SILLON TELA,,
01t4w00000NuoGPAAZ,SET MESA DE DIBUJO CON SILLA INFANTIL,,
01t4w00000NuoGRAAZ,MINIBAR TERMOELECTRICO 40L,,
01t4w00000NuoGTAAZ,MINIBAR ABSORCION 32L,,
01t4w00000NuoGVAAZ,MINIBAR ABSORCION 32L PUERTA CRISTAL,,
01t4w00000NuoGXAAZ,ASADOR CARBON CUADRADO,,
01t4w00000NuoGZAAZ,ASADOR CARBON CUADRADO,,
01t4w00000NuoGaAAJ,CARRITO ORGANIZADOR COCINA 2 NIVELES,,
01t4w00000NuoGbAAJ,CARRITO ORGANIZADOR COCINA 3 NIVELES,,
01t4w00000NuoGcAAJ,MESA ESCRITORIO PLEGABLE,,
01t4w00000NuoGdAAJ,MESA AUXILIAR,,
01t4w00000NuoGeAAJ,REPISA MAGICA CUBO DIVISIONES,,
01t4w00000NuoGfAAJ,ESTANTERIA METALICA 3 NIVELES PARA BOTELLA,,
01t4w00000NuoGgAAJ,BANDEJA LAPTOP,,
01t4w00000NuoGhAAJ,SET REPISAS MAGICAS 2 PIEZAS CUBO,,
01t4w00000NuoGiAAJ,SET REPISAS MAGICAS 2 PIEZAS CUBOS,,
01t4w00000NuoGjAAJ,ORGANIZADOR ESCRITORIO 2 CAJONES BAMBÚ,,
01t4w00000NuoGkAAJ,ESTANTERIA METALICA 5 NIVELES,,
01t4w00000NuoGmAAJ,SOMBRILLA PLAYA,,
01t4w00000NuoGoAAJ,TABURETE AUXILIAR DE ALMACENAMIENTO NAPA,,
01t4w00000NuoGqAAJ,TABURETE AUXILIAR DE ALMACENAMIENTO PORTOLA,,
01t4w00000NuoGsAAJ,TABURETE AUXILIAR DE ALMACENAMIENTO TAHAMA,,
01t4w00000NuoGuAAJ,TABURETE AUXILIAR DE ALMACENAMIENTO MELODIA,,
01t4w00000NuoGwAAJ,BAUL ALMACENAJE PP,,
01t4w00000NuoGyAAJ,TABURETE AUXILIAR HIELERA SONOMA,,
01t4w00000NuoH0AAJ,CARRITO APOYO HIELERA JULMA,,
01t4w00000NuoH2AAJ,SILLON ADIRONDACK PP,,
01t4w00000NuoH4AAJ,SILLON ADIRONDACK PP,,
01t4w00000NuoH8AAJ,ESTANTERIA CRAYON INFANTIL,,
01t4w00000NuoHAAAZ,ESTANTERIA CRAYON INFANTIL,,
01t4w00000NuoHCAAZ,PIZARRA INFANTIL,,
01t4w00000NuoHGAAZ,SOFA CAMA,,
01t4w00000NuoHIAAZ,GAZEBO RECTANGULAR TOLDO RETRACTIL,,
01t4w00000NuoHKAAZ,GAZEBO RECTANGULAR TOLDO RETRACTIL,,
01t4w00000NuoHMAAZ,SET BISTRO GIRATORIO WICKER CON COJINES,,
01t4w00000NuoHOAAZ,SET BISTRO METALICO 3PIEZAS,,
01t4w00000NuoHQAAZ,SET BISTRO TEXTILENO CON COJINES,,
01t4w00000NuoHSAAZ,SET BISTRO WICKER MECEDORA CON COJINES,,
01t4w00000NuoHUAAZ,SET COMEDOR WICKER CON COJIN 3 PIEZAS,,
01t4w00000NuoHWAAZ,SET MESA BAR + 2 TABURETES,,
01t4w00000NuoHYAAZ,SET COMEDOR WICKER CON COJIN,,
01t4w00000NuoHaAAJ,SET COMEDOR 7 PIEZAS,,
01t4w00000NuoHcAAJ,SILLA COMEDOR RATTAN,,
01t4w00000NuoHeAAJ,SILLA COMEDOR RATTAN,,
01t4w00000NuoHgAAJ,SILLA COMEDOR RATTAN CON COJIN,,
01t4w00000NuoHiAAJ,SILLA DE TERRAZA,,
01t4w00000NuoHkAAJ,HAMACA MADERA CON TELA POLIESTER,,
01t4w00000NuoHmAAJ,HAMACA MADERA INFANTIL CON TELA,,
01t4w00000NuoHoAAJ,TUMBONA PLAYA,,
01t4w00000NuoHqAAJ,CARRITO APOYO REDONDO,,
01t4w00000NuoHsAAJ,LAMPARA SOLAR DE RATAN,,
01t4w00000NuoHuAAJ,FUENTE ACABADO PIEDRA,,
01t4w00000NuoHwAAJ,SILLA COMEDOR RATTAN,,
01t4w00000NuoHxAAJ,MESA RESINA IMITACION MADERA PLEGABLE,,
01t4w00000NuoHzAAJ,SET SILLAS INFANTIL CON SOMBRILLA,,
01t4w00000NuoI1AAJ,SET SILLAS INFANTIL CON SOMBRILLA,,
01t4w00000NuoI3AAJ,ASADOR CARBON PORTATIL,,
01t4w00000NuoI7AAJ,MANGUERA EXPANDIBLE 15 MT C/PISTOLA 7 FUNCIONES,,
01t4w00000NuoI9AAJ,CARRO JARDIN PLEGABLE,,
01t4w00000NuoIBAAZ,MACETERO DECORATIVO CASITA 2 MACETAS,,
01t4w00000NuoIDAAZ,MACETERO DECORATIVO CASITA 1 MACETA CON CHIMENEA,,
01t4w00000NuoIFAAZ,PUF INFANTIL CONEJO,,
01t4w00000NuoIVAAZ,PELDAÑO INFANTIL,,
01t4w00000NuoIXAAZ,PELDAÑO INFANTIL,,
01t4w00000NuoIZAAZ,BANDEJA LAPTOP,,
01t4w00000NuoIcAAJ,MESA ESCRITORIO + LIBRERO 3 NIVELES,,
01t4w00000NuoIeAAJ,MESA ESCRITORIO,,
01t4w00000NuoIgAAJ,REPISA METALICA CON MADERA,,
01t4w00000NuoIiAAJ,SET BISTRO PLASTICO 3 PIEZAS CON ALMACENAMIENTO,,
01t4w00000NuoIkAAJ,BAUL ALMACENAJE PP,,
01t4w00000NuoImAAJ,SILLA COMEDOR PLASTICO,,
01t4w00000NuoIoAAJ,SILLA COMEDOR PLASTICO,,
01t4w00000NuoIqAAJ,SILLA ORDENADOR,,
01t4w00000NuoIsAAJ,SET BISTRO PLASTICO 3 PIEZAS CON ALMACENAMIENTO,,
01t4w00000NuoIuAAJ,SET BISTRO PLASTICO 3 PIEZAS CON ALMACENAMIENTO,,
01t4w00000NuoIwAAJ,SET BISTRO 4 PIEZAS CON COJINES,,
01t4w00000NuoIyAAJ,SALA DE PATIO PP 4 PIEZAS,,
01t4w00000NuoJ0AAJ,SALA DE PATIO PP 4 PIEZAS,,
01t4w00000NuoJ1AAJ,BAUL ALMACENAJE PP CON RUEDAS,,
01t4w00000NuoJ2AAJ,SALA DE PATIO PP 4 PIEZAS,,
01t4w00000NuoJ5AAJ,BAUL ALMACENAJE PP,,
01t4w00000NuoJ8AAJ,SET BISTRO RATTAN 4 PIEZAS,,
01t4w00000NuoJAAAZ,SET SOFA EN ESQUINA POLYWOOD 7 PIEZAS CON COJINES,,
01t4w00000NuoJCAAZ,SET BISTRO ACACIA PLEGABLE,,
01t4w00000NuoJEAAZ,PLATO HIERRO BBQ,,
01t4w00000NuoJGAAZ,BANCO BAR TELA,,
01t4w00000NuoJJAAZ,"HORNILLO A GAS 2,1 KW CON HOJA DE CALOR",,
01t4w00000NuoJLAAZ,"HORNILLO A GAS 2,1 KW",,
01t4w00000NuoJRAAZ,ASADOR CARBON CUADRADO PLEGABLE PDQ,,
01t4w00000NuoJTAAZ,CUNA,,
01t4w00000NuoJXAAZ,CUNA,,
01t4w00000NuoJYAAZ,CUNA,,
01t4w00000NuoJaAAJ,CUNA CAMA,,
01t4w00000NuoJbAAJ,CUNA,,
01t4w00000NuoJeAAJ,CUNA CAMA,,
01t4w00000NuoJgAAJ,CUNA CON ESTANTERIA,,
01t4w00000NuoJhAAJ,CUNA CON APARADOR,,
01t4w00000NuoJjAAJ,CUNA CON APARADOR,,
01t4w00000NuoJlAAJ,CUNA CON APARADOR,,
01t4w00000NuoJnAAJ,CUBO DE BASURA GALA,,
01t4w00000NuoJpAAJ,CUBO DE BASURA DOBLE GALA,,
01t4w00000NuoJrAAJ,TABLA DE PLANCHAR SOBREMESA,,
01t4w00000NuoJsAAJ,TABLA DE PLANCHAR SOBREMESA,,
01t4w00000NuoJuAAJ,TABLA DE PLANCHAR SOBREMESA,,
01t4w00000NuoJwAAJ,SET SOFAS ROPE 4 PIEZAS CON COJINES,,
01t4w00000NuoJyAAJ,TABLA DE PLANCHAR,,
01t4w00000NuoK0AAJ,SET SOFAS PE RATTAN 4 PIEZAS CON COJINES,,
01t4w00000NuoK1AAJ,SET SOFAS ROPE 4 PIEZAS CON COJINES,,
01t4w00000NuoK2AAJ,SET SOFAS ROPE 4 PIEZAS CON COJINES,,
01t4w00000NuoK5AAJ,TABLA DE PLANCHAR,,
01t4w00000NuoK6AAJ,TABLA DE PLANCHAR,,
01t4w00000NuoKBAAZ,TABLA DE PLANCHAR,,
01t4w00000NuoKDAAZ,SET JARDIN 7 PIEZAS,,
01t4w00000NuoKGAAZ,TABLA DE PLANCHAR,,
01t4w00000NuoKHAAZ,TABLA DE PLANCHAR,,
01t4w00000NuoKJAAZ,SET COMEDOR 7 PIEZAS,,
01t4w00000NuoKMAAZ,SILLA COMEDOR PE RATTAN,,
01t4w00000NuoKNAAZ,SILLA COMEDOR MADERA PLASTICA,,
01t4w00000NuoKOAAZ,SET COMEDOR 5 PIEZAS,,
01t4w00000NuoKRAAZ,SET JARDIN 5 PIEZAS,,
01t4w00000NuoKTAAZ,SET BISTRO PE RATTAN 3 PIEZAS,,
01t4w00000NuoKVAAZ,SILLA COMEDOR PE RATTAN,,
01t4w00000NuoKYAAZ,SILLA COMEDOR PE RATTAN,,
01t4w00000NuoKZAAZ,SILLA COMEDOR PE RATTAN,,
01t4w00000NuoKbAAJ,SILLA COMEDOR PE RATTAN,,
01t4w00000NuoKdAAJ,SILLA COMEDOR PE RATTAN,,
01t4w00000NuoKfAAJ,BANCO BAR PE RATAN,,
01t4w00000NuoKhAAJ,(INACTIVO) SILLA COMEDOR ROPE,,
01t4w00000NuoKjAAJ,SALA DE PATIO ROPE 7 PIEZAS CON COJINES,,
01t4w00000NuoKlAAJ,SET SOFAS 4 PIEZAS CON COJINES,,
01t4w00000NuoKnAAJ,SET BISTRO PE RATTAN 2 PIEZAS,,
01t4w00000NuoKpAAJ,TABLA DE PLANCHAR,,
01t4w00000NuoKrAAJ,TABLA DE PLANCHAR,,
01t4w00000NuoKtAAJ,TABLA DE PLANCHAR,,
01t4w00000NuoKvAAJ,SET BISTRO 3 PIEZAS CON ALMACENAMIENTO,,
01t4w00000NuoKxAAJ,COBERTIZO DE ALMACENAMIENTO,,
01t4w00000NuoKzAAJ,COBERTIZO DE ALMACENAMIENTO,,
01t4w00000NuoL1AAJ,BAUL ALMACENAJE PP,,
01t4w00000NuoL2AAJ,COBERTIZO DE ALMACENAMIENTO,,
01t4w00000NuoL4AAJ,(INACTIVO) VENTILADOR SOBREMESA,,
01t4w00000NuoL6AAJ,(INACTIVO) VENTILADOR CLIP,,
01t4w00000NuoL8AAJ,(INACTIVO) VENTILADOR PISO & SOBREMESA,,
01t4w00000NuoLAAAZ,(INACTIVO) VENTILADOR SOBREMESA AJUSTABLE,,
01t4w00000NuoLCAAZ,VENTILADOR TORRE,,
01t4w00000NuoLEAAZ,"(INACTIVO) VENTILADOR TORRE 41"" 60W",,
01t4w00000NuoLGAAZ,MESA RESINA PLEGABLE ? 3.5 cm,,
01t4w00000NuoLIAAZ,MESA RESINA PLEGABLE ? 3.5 cm,,
01t4w00000NuoLKAAZ,MESA RESINA PLEGABLE ? 3.5 cm,,
01t4w00000NuoLMAAZ,MESA RESINA PLEGABLE ? 3.5 cm,,
01t4w00000NuoLOAAZ,"VENTILADOR DE TORRE DE 40"", CONTROL REMOTO",,
01t4w00000NuoLQAAZ,"VENTILADOR TORRE 31"" 50W",,
01t4w00000NuoLSAAZ,"VENTILADOR TORRE 31"" 50W",,
01t4w00000NuoLTAAZ,VENTILADOR SOBREMESA 100W,,
01t4w00000NuoLWAAZ,"VENTILADOR DE ESCRITORIO DE 8"", CON ASA",,
01t4w00000NuoLYAAZ,SET BISTRO RATTAN 4 PIEZAS,,
01t4w00000NuoLaAAJ,GAZEBO CUADRADO,,
01t4w00000NuoLcAAJ,SILLA COMEDOR PE RATTAN,,
01t4w00000NuoLeAAJ,SILLA COMEDOR CUERDA CON COJIN,,
01t4w00000NuoLgAAJ,SILLA COMEDOR ACERO CON COJIN,,
01t4w00000NuoLiAAJ,SET BISTRO TEXTILENO CON COJINES,,
01t4w00000NuoLkAAJ,SET SOFAS ROPE 4 PIEZAS CON COJINES,,
01t4w00000NuoLmAAJ,SET SOFA EN ESQUINA 3 PIEZAS,,
01t4w00000NuoLoAAJ,SET COMEDOR 5 PIEZAS,,
01t4w00000NuoLqAAJ,SET COMEDOR 7 PIEZAS ALUMINIO CON COJINES,,
01t4w00000NuoLsAAJ,SET JARDIN 6 PIEZAS,,
01t4w00000NuoLuAAJ,"MESA RESINA PLEGABLE ? 4,5 cm",,
01t4w00000NuoLwAAJ,MESA RESINA IMITACION MADERA PLEGABLE,,
01t4w00000NuoLxAAJ,SILLA COMEDOR CUERDA CON COJIN,,
01t4w00000NuoLzAAJ,COLUMPIO BALACIN DOBLE,,
01t4w00000NuoM1AAJ,MESA JARDIN CUADRADO,,
01t4w00000NuoM3AAJ,MESA JARDIN REDONDA BISTRO PLEGABLE,,
01t4w00000NuoM5AAJ,MESA RESINA PLEGABLE,,
01t4w00000NuoM7AAJ,SILLA COMEDOR TELA CON ESTRUCTURA DE ALUMINIO,,
01t4w00000NuoM9AAJ,SILLA COMEDOR TELA CON ESTRUCTURA DE ACERO,,
01t4w00000NuoMBAAZ,SILLA COMEDOR PE RATÁN,,
01t4w00000NuoMDAAZ,SILLA COMEDOR PE RATÁN,,
01t4w00000NuoMEAAZ,SILLA PLAYA,,
01t4w00000NuoMHAAZ,GAZEBO CUADRADO,,
01t4w00000NuoMIAAZ,GAZEBO CUADRADO,,
01t4w00000NuoMKAAZ,GAZEBO CUADRADO CON CORTINAS,,
01t4w00000NuoMMAAZ,GAZEBO HEXAGONAL CON MOSQUITERA,,
01t4w00000NuoMOAAZ,GAZEBO RECTANGULAR CON DOBLE TECHO,,
01t4w00000NuoMQAAZ,GAZEBO CUADRADO,,
01t4w00000NuoMRAAZ,GAZEBO CUADRADO CON DOBLE TECHO,,
01t4w00000NuoMUAAZ,(*) MESA RESINA PLEGABLE (3.5 cm tablero),,
01t4w00000NuoMXAAZ,(*) MESA RESINA FIJA  (4 cm tablero),,
01t4w00000NuoMYAAZ,(*) MESA RESINA PLEGABLE  (3.5 cm tablero),,
01t4w00000NuoMaAAJ,"(*) MESA RESINA FIJA  (4,5 cm tablero)",,
01t4w00000NuoMcAAJ,(*) SILLA RESINA DOBLE (4 cm grosor),,
01t4w00000NuoMgAAJ,SILLA PLEGABLE ECO PP,,
01t4w00000NuoMiAAJ,SOMBRILLA JARDIN 8 RIBS CON LUZ LED,,
01t4w00000NuoMkAAJ,SOMBRILLA PLAYA,,
01t4w00000NuoMmAAJ,SOMBRILLA JARDIN LATERAL CON BASE EN CRUZ,,
01t4w00000NuoMoAAJ,TUMBONA,,
01t4w00000NuoMqAAJ,SOMBRILLA DE PLAYA,,
01t4w00000NuoMsAAJ,SOMBRILLA PLAYA,,
01t4w00000NuoMuAAJ,SOMBRILLA PLAYA,,
01t4w00000NuoMwAAJ,SOMBRILLA PLAYA,,
01t4w00000NuoMyAAJ,SOMBRILLA PLAYA,,
01t4w00000NuoN0AAJ,SET JARDIN 5 PIEZAS PLASTICO,,
01t4w00000NuoN2AAJ,SOMBRILLA JARDIN 6 RIBS + LUZ LED,,
01t4w00000NuoN4AAJ,TUMBONA PLAYA,,
01t4w00000NuoN6AAJ,HORNO PIZZA GAS,,
01t4w00000NuoN7AAJ,TUMBONA PLAYA,,
01t4w00000NuoN9AAJ,(INACTIVO) CARPA PLEGABLE,,
01t4w00000NuoNBAAZ,CARPA POLIESTER,,
01t4w00000NuoNDAAZ,ASADOR CARBON PORTATIL,,
01t4w00000NuoNEAAZ,SOMBRILLA DE PLAYA,,
01t4w00000NuoNFAAZ,SOMBRILLA PLAYA,,
01t4w00000NuoNGAAZ,SOMBRILLA PLAYA,,
01t4w00000NuoNHAAZ,SOMBRILLA JARDIN 6 RIBS + LUZ LED,,
01t4w00000NuoNIAAZ,SOMBRILLA JARDIN LATERAL CON BASE EN CRUZ,,
01t4w00000NuoNKAAZ,CAJA FUERTE DIGITAL,,
01t4w00000NuoNNAAZ,SILLA COMEDOR PP PARA NIÑOS,,
01t4w00000NuoNOAAZ,SILLA COMEDOR PP,,
01t4w00000NuoNPAAZ,SILLA COMEDOR PP,,
01t4w00000NuoNQAAZ,SILLA COMEDOR PP,,
01t4w00000NuoNTAAZ,SILLA COMEDOR PP,,
01t4w00000NuoNWAAZ,SILLA COMEDOR,,
01t4w00000NuoNYAAZ,SILLA COMEDOR PP PARA NIÑOS,,
01t4w00000NuoNaAAJ,SILLA COMEDOR PP,,
01t4w00000NuoNcAAJ,SILLA COMEDOR PP,,
01t4w00000NuoNeAAJ,SILLA COMEDOR PP,,
01t4w00000NuoNfAAJ,SILLA COMEDOR,,
01t4w00000NuoNhAAJ,SILLA COMEDOR PP,,
01t4w00000NuoNiAAJ,SILLA COMEDOR PP,,
01t4w00000NuoNjAAJ,SILLA COMEDOR,,
01t4w00000NuoNoAAJ,SILLA COMEDOR PP,,
01t4w00000NuoNqAAJ,SILLA COMEDOR PP,,
01t4w00000NuoNsAAJ,SALA DE PATIO ACACIA 3 PIEZAS,,
01t4w00000NuoNuAAJ,SET SOFA ACACIA 3 PIEZAS,,
01t4w00000NuoNwAAJ,SET BISTRO ACACIA PLEGABLE,,
01t4w00000NurWKAAZ,SET MESA DE DIBUJO + 2 SILLAS INFANTIL,,
01t4w00000NurWUAAZ,SET MESA DE DIBUJO + 2 SILLAS INFANTIL,,
01t4w00000NurWeAAJ,JUGUETERO DE MDF INFANTIL,,
01t4w00000NurWkAAJ,PIZARRA INFANTIL CON ALMACENAJE,,
01t4w00000NurWoAAJ,BAÚL JUGUETES INFANTIL,,
01t4w00000NurWqAAJ,BAÚL JUGUETES INFANTIL,,
01t4w00000NurWuAAJ,PIZARRA INFANTIL CON ALMACENAJE,,
01t4w00000NurWwAAJ,ESTRUCTURA CAMA INFANTIL,,
01t4w00000NurWyAAJ,ESTRUCTURA CAMA INFANTIL,,
01t4w00000NurX8AAJ,SET MESA CON CAJONES + SILLA,,
01t4w00000Nura8AAB,MESA ESCRITORIO EXTENSIBLE,,
01t4w00000Nus5gAAB,ESTRUCTURA CAMA INFANTIL,,
01t4w00000Nus5kAAB,SET MESA CON CAJONES + SILLA,,
01t4w00000Nus5mAAB,ESTRUCTURA CAMA INFANTIL,,
01t4w00000Nus5zAAB,MESA BURO 1 CAJON INFANTIL,,
01t4w00000Nus60AAB,MESA BURO 1 CAJON INFANTIL,,
01t4w00000Nus67AAB,SET MESA DOBLE CARA PIZARRON CON LIBRERIA + SILLA INFANTIL,,
01t4w00000Nus69AAB,ESTANTERIA PARA LIBROS CON CAJONES,,
01t4w00000Nus6CAAR,SET MESA DOBLE CARA PIZARRON CON LIBRERIA + SILLA INFANTIL,,
01t4w00000Nus6EAAR,LIBRERIA INFANTIL,,
01t4w00000Nus6FAAR,BAÚL JUGUETES CRAYON INFANTIL,,
01t4w00000Nus6JAAR,LIBRERIA INFANTIL,,
01t4w00000Nus9PAAR,SILLON PUFF,,
01t4w00000NutVuAAJ,PRUEBA ALEX 3,,G101067A
01t4w00000NutVyAAJ,PRUEBA ALEX,,G101065A
01t4w00000NutWEAAZ,PRUEBA RUBEN *2,,H404107B
01t4w00000NutWIAAZ,PRUEBA ALEX 2,,G101066A
01t4w00000NutWJAAZ,PRUEBA RUBEN *3,,H404108B
01t4w00000NutWNAAZ,PRUEBA RUBEN *,,H404106B
01t4w00000Nuu4FAAR,CAMASTRO,,
01t4w00000Nuu4LAAR,CAMASTRO,,
01t4w00000NuuB4AAJ,PRUEBA COD2,,H201149B
01t4w00000NuuLTAAZ,PRUEBA COD3,,H211010B
01t4w00000NuuVCAAZ,SILLA BANQUETE,,
01t4w00000NuuVSAAZ,SILLA GIRATORIA OFICINA CON PUPITRE,,
01t4w00000NuuVTAAZ,SILLA GIRATORIA OFICINA,,
01t4w00000NuuVUAAZ,SILLA OFICINA CON ALMACENAJE,,
01t4w00000NuuVXAAZ,SILLA GIRATORIA OFICINA,,
01t4w00000NuuVYAAZ,SILLA GIRATORIA OFICINA CON PUPITRE,,
01t4w00000NuuVbAAJ,PUFF OFICINA CON ALMACENAJE,,
01t4w00000NuuVlAAJ,SILLA CON ALMACENAJE Y PUPITRE,,
01t4w00000NuvOmAAJ,PRUEBA COD6,,H201151B
01t4w00000NuxdzAAB,SILLA ORDENADOR MESH,,
01t4w00000NuxeeAAB,SILLA ORDENADOR PU + MESH,,
01t4w00000NuxeyAAB,SILLA ORDENADOR PU + MESH,,
01t4w00000Nuxg6AAB,SILLA ORDENADOR PU + MESH,,
01t4w00000NuxgWAAR,SILLA ORDENADOR PU + PVC,,
01t4w00000NuxgaAAB,SILLA ORDENADOR PU + MESH,,
01t4w00000NuxgpAAB,SILLA ORDENADOR PU,,
01t4w00000NuxguAAB,SILLA ORDENADOR PU + MESH,,
01t4w00000NuxgvAAB,SILLA ORDENADOR MESH + FABRIC,,
01t4w00000Nuxh4AAB,SILLA ORDENADOR MESH,,
01t4w00000NuxhAAAR,SILLA ORDENADOR MESH,,
01t4w00000NuxhFAAR,SILLA ORDENADOR MESH + FABRIC,,
01t4w00000NuxhGAAR,SILLA ORDENADOR MESH,,
01t4w00000NuxhJAAR,SILLA ORDENADOR PU + MESH,,
01t4w00000NuxhKAAR,SILLA ORDENADOR MESH + FABRIC,,
01t4w00000NuxhPAAR,SILLA ORDENADOR MESH,,
01t4w00000NuxhZAAR,SILLA ORDENADOR MESH + FABRIC,,
01t4w00000NuxhfAAB,SILLA ORDENADOR MESH + FABRIC,,
01t4w00000NuxhiAAB,SILLA ORDENADOR PU + MESH,,
01t4w00000NuxhnAAB,SILLA ORDENADOR MESH + FABRIC,,
01t4w00000NuxhsAAB,SILLA ORDENADOR MESH + FABRIC,,
01t4w00000NuxhxAAB,SILLA ORDENADOR MESH,,
01t4w00000Nuxi4AAB,MESA CENTRO AJUSTABLE,,
01t4w00000Nuxi7AAB,MESA CENTRO AJUSTABLE,,
01t4w00000Nuxi8AAB,MESA CENTRO AJUSTABLE,,
01t4w00000NuxiEAAR,SILLA DE COMEDOR,,
01t4w00000NuxiHAAR,TABURETE CON ALMACENAJE,,
01t4w00000NuxiMAAR,TABURETE CON ALMACENAJE,,
01t4w00000NuxiWAAR,SILLA DE COMEDOR,,
01t4w00000NuxiXAAR,SILLA DE COMEDOR,,
01t4w00000NuySvAAJ,SILLA ORDENADOR MESH,,
01t4w00000NuyT0AAJ,SILLA ORDENADOR MESH,,
01t4w00000NuyT1AAJ,SILLA ORDENADOR PU,,
01t4w00000NuyTAAAZ,SILLA ORDENADOR PU,,
01t4w00000NuyTBAAZ,SILLA ORDENADOR,,
01t4w00000NuyTGAAZ,SILLA ORDENADOR,,
01t4w00000NuyTPAAZ,SILLA ORDENADOR MESH,,
01t4w00000NuyTZAAZ,SILLA ORDENADOR MESH,,
01t4w00000NuyTjAAJ,SILLA ORDENADOR MESH,,
01t4w00000NuyU3AAJ,MESA CENTRO AJUSTABLE,,
01t4w00000NuyUIAAZ,MESA CENTRO AJUSTABLE,,
01t4w00000NuyUSAAZ,SILLON TELA,,
01t4w00000NuyUcAAJ,SILLON TELA,,
01t4w00000NuyUeAAJ,ESTANTERIA 4 NIVELES ORGANIZADOR CON RUEDAS,,
01t4w00000NuyUhAAJ,ESTANTERIA 5 NIVELES ORGANIZADOR CON RUEDAS,,
01t4w00000NuyUnAAJ,ESTANTERIA REDONDA 5 NIVELES ORGANIZADOR CON RUEDAS,,
01t4w00000NuyUrAAJ,ESTANTERIA 3 NIVELES ORGANIZADOR CON CARRITOS,,
01t4w00000NuyUxAAJ,CARRITO AUXILIAR METAL PLEGABLE 3 NIVELES,,
01t4w00000NuyV6AAJ,MESA CENTRO AJUSTABLE,,
01t4w00000NuyVCAAZ,CARRITO AUXILIAR METAL PLEGABLE 3 NIVELES,,
01t4w00000NuyVHAAZ,MESA CENTRO AJUSTABLE,,
01t4w00000NuyVVAAZ,BANCO BAR TELA,,
01t4w00000NuyVbAAJ,CARRITO AUXILIAR METAL PLEGABLE 3 NIVELES,,
01t4w00000NuyVhAAJ,SILLA COMEDOR,,
01t4w00000NuyVkAAJ,MESA ESCRITORIO,,
01t4w00000NuyVlAAJ,BANCO BAR PP,,
01t4w00000NuyVuAAJ,SILLA PLEGABLE ACOLCHADA TELA,,
01t4w00000NuyVzAAJ,MESA ESCRITORIO,,
01t4w00000NuyW9AAJ,TABURETE PLEGABLE,,
01t4w00000NuyWJAAZ,ESTENTERIA 3 NIVELES CON 2 PUERTAS,,
01t4w00000NuyWTAAZ,ESTENTERIA 6 NIVELES,,
01t4w00000NuyWYAAZ,BANCO BAR PP,,
01t4w00000NuyWnAAJ,BANCO BAR TERCIOPELO,,
01t4w00000NuyWtAAJ,BANCO BAR TERCIOPELO,,
01t4w00000NuyWxAAJ,ESTANTERIA 3 NIVELES,,
01t4w00000NuyX3AAJ,ESTANTERIA 3 NIVELES,,
01t4w00000NuyX7AAJ,ESTANTERIA 3 NIVELES,,
01t4w00000NuyX8AAJ,ESTANTERIA 4 NIVELES,,
01t4w00000Nuyb1AAB,SET MESA + ESTANTERIA,,
01t4w00000Nuyb3AAB,SET MESA + ESTANTERIA,,
01t4w00000Nuyb5AAB,SILLA ORDENADOR MESH,,
01t4w00000NuybFAAR,SILLA ORDENADOR MESH,,
01t4w00000NuybPAAR,SET MESA + ESTANTERIA,,
01t4w00000NuybQAAR,(INACTIVO) SILLA ORDENADOR MESH + PLASTICO,,
01t4w00000NuybZAAR,SET MESA + ESTANTERIA,,
01t4w00000NuybaAAB,SILLA ORDENADOR MESH,,
01t4w00000NuyblAAB,MESA ESCRITORIO,,
01t4w00000NuybmAAB,SILLA ORDENADOR MESH + PLASTICO,,
01t4w00000NuyboAAB,SET MESA + ESTANTERIA,,
01t4w00000NuybtAAB,SILLA ORDENADOR MESH + PLASTICO,,
01t4w00000Nuyc3AAB,SET MESA + ESTANTERIA,,
01t4w00000Nuyc5AAB,MESA ESCRITORIO,,
01t4w00000Nuyc6AAB,MESA ESCRITORIO,,
01t4w00000NuycAAAR,SILLA ORDENADOR PP + MESH,,
01t4w00000NuycIAAR,SILLA ORDENADOR PVC,,
01t4w00000NuycSAAR,SET MESA + SILLAS,,
01t4w00000NuycTAAR,SET MESA + SILLA,,
01t4w00000NuycYAAR,SET MESA + SILLAS,,
01t4w00000Nv2nSAAR,SILLON PUFF,,
01t4w00000Nv2nTAAR,SILLON PUFF INDIVIDUAL,,
01t4w00000Nv2nUAAR,SILLON PUFF,,
01t4w00000Nv2nWAAR,SILLON PUFF INDIVIDUAL,,
01t4w00000Nv2nYAAR,SILLON PUFF FÚTBOL,,
01t4w00000Nv2ndAAB,SILLON PUFF,,
01t4w00000Nv2nmAAB,SILLON PUFF INFANTIL,,
01t4w00000Nv2nwAAB,BANQUETA PUFF,,
01t4w00000Nv2o6AAB,BANQUETA PUFF,,
01t4w00000Nv2vGAAR,SOFA CAMA,,
01t4w00000Nv2vMAAR,SOFA CAMA,,
01t4w00000Nv2vQAAR,SOFA CAMA,,
01t4w00000Nv2vWAAR,SOFA CAMA,,
01t4w00000Nv2vbAAB,SOFA CAMA,,
01t4w00000Nv2vgAAB,SOFA CAMA,,
01t4w00000Nv2vkAAB,SOFA CAMA,,H309106B
01t4w00000Nv2vpAAB,SOFA CAMA,,
01t4w00000Nv2vrAAB,SOFA CAMA,,
01t4w00000Nv2w4AAB,SILLON TELA,,
01t4w00000Nv2w5AAB,SILLON TELA + REPOSA PIES,,
01t4w00000Nv2wAAAR,SILLON TELA,,
01t4w00000Nv2wEAAR,SILLON TELA,,
01t4w00000Nv2wFAAR,SOFA CAMA,,
01t4w00000Nv2wGAAR,SOFA CAMA,,
01t4w00000Nv2wPAAR,SILLON TELA,,
01t4w00000Nv2waAAB,SOFA CAMA,,
01t4w00000Nv2wdAAB,SOFA CAMA,,
01t4w00000Nv2woAAB,SOFA CAMA,,
01t4w00000Nv2wtAAB,SOFA CAMA,,
01t4w00000Nv2wxAAB,SOFA CAMA,,
01t4w00000Nv33eAAB,TABURETE APILABLE,,
01t4w00000Nv33jAAB,TABURETE APILABLE,,
01t4w00000Nv33tAAB,SILLA ORDENADOR,,
01t4w00000Nv340AAB,BANCO BAR METAL,,
01t4w00000Nv343AAB,(INACTIVO) SILLA ORDENADOR,,
01t4w00000Nv344AAB,BANCO BAR CON RUEDAS,,
01t4w00000Nv348AAB,BANCO BAR,,
01t4w00000Nv349AAB,BANCO BAR CON RUEDAS,,
01t4w00000Nv34EAAR,MESA ESCRITORIO AJUSTABLE,,
01t4w00000Nv34NAAR,MESA COMEDOR RECTANGULAR PLEGABLE,,
01t4w00000Nv35lAAB,MESA ESCRITORIO AJUSTABLE,,
01t4w00000Nv37jAAB,SILLON TERCIOPELO,,
01t4w00000Nv37mAAB,SOFA 2 PLAZAS,,
01t4w00000Nv38BAAR,SILLON TERCIOPELO,,
01t4w00000Nv3EmAAJ,OTOMÁN CON ALMACENAMIENTO,,
01t4w00000Nv3EnAAJ,OTOMÁN + ALMACENAMIENTO,,
01t4w00000Nv3EqAAJ,SILLON TERCIOPELO,,
01t4w00000Nv3ErAAJ,SOFA CAMA,,
01t4w00000Nv3F0AAJ,SOFA CAMA,,
01t4w00000Nv3tfAAB,MESA COMEDOR CUADRADA PLEGABLE,,
01t4w00000Nv6hDAAR,PIZARRA INFANTIL PLEGABLE,,
01t4w00000Nv6hJAAR,SET MESA + SILLA PLEGABLE MULTIFUNCIONAL,,
01t4w00000Nv6lgAAB,PIZARRA INFANTIL LCD DOS CARAS + TABURETE,,
01t4w00000Nv6lpAAB,PIZARRA INFANTIL DOS CARAS,,
01t4w00000Nv6lzAAB,PIZARRA INFANTIL DOS CARAS,,
01t4w00000Nv6m5AAB,PIZARRA INFANTIL DOS CARAS,,
01t4w00000Nv6mAAAR,PIZARRA INFANTIL DOS CARAS,,
01t4w00000Nv6mJAAR,PIZARRA INFANTIL & MESA + TABURETE,,
01t4w00000Nv6mKAAR,PIZARRA INFANTIL,,
01t4w00000Nv74TAAR,SET MESA + SILLA INFANTIL,,
01t4w00000Nv74YAAR,SET MESA + SILLAS,,
01t4w00000Nv74ZAAR,ESTANTERIA PARA LIBROS CON CAJON,,
01t4w00000Nv74dAAB,SET MESA + SILLAS CONEJO INFANTIL,,
01t4w00000Nv74iAAB,SET MESA DOBLE CARA PIZARRON + 2 SILLAS CON CAJONES INFANTIL,,
01t4w00000Nv74jAAB,SET MESA DOBLE CARA PIZARRON CON ESTANTE + SILLA INFANTIL,,
01t4w00000Nv74nAAB,SET MESA TIPO LEGO + SILLAS CON CAJON INFANTIL,,
01t4w00000Nv74sAAB,SET MESA CON CAJONES + SILLA,,
01t4w00000Nv74xAAB,ESTANTERIA CON CAJONERA INFANTIL,,
01t4w00000NvAE7AAN,SET BISTRO ROPE,,
01t4w00000NvAEHAA3,MESA REDONDA FIJA,,
01t4w00000NvAH8AAN,SILLA RESINA DOBLE,,
01t4w00000NvEhQAAV,SET JARDIN 4 PIEZAS,,
01t4w00000NvEk2AAF,SET BISTRO PP + HIERRO,,
01t4w00000NvEk7AAF,SET SOFA EN ESQUINA 4 PIEZAS + MESA,,
01t4w00000NvEkBAAV,SET SOFA 5 PIEZAS,,
01t4w00000NvEkLAAV,SET SOFA 5 PIEZAS + MESA,,
01t4w00000NvEkMAAV,SET SOFA 4 PIEZAS + MESA,,
01t4w00000NvEkOAAV,SET SOFA EN ESQUINA 3 PIEZAS + MESA,,
01t4w00000NvEkfAAF,MESA RESINA FIJA,,
01t4w00000NvEyAAAV,SET COMEDOR EUCALIPTO 7 PIEZAS CON COJIN,,
01t4w00000NvF7QAAV,SET JARDIN 4 PIEZAS,,
01t4w00000NvF7VAAV,SET SOFA EN ESQUINA 4 PIEZAS + MESA,,
01t4w00000NvF7aAAF,SET SOFA 5 PIEZAS,,
01t4w00000NvF7pAAF,SET SOFAS PLASTICO 4 PIEZAS,,
01t4w00000NvF7uAAF,SET SOFA 4 PIEZAS + MESA,,
01t4w00000NvF7zAAF,SET SOFA EN ESQUINA 3 PIEZAS + MESA,,
01t4w00000NvF84AAF,SET JARDIN PLEGABLE CON COJIN 7 PIEZAS,,
01t4w00000NvGfjAAF,SILLON MARIPOSA,,
01t4w00000NvHFOAA3,SET BISTRO RESINA IMITACION MADERA,,
01t4w00000NvHFTAA3,SET COMEDOR VIENA + 6 SILLAS,,
01t4w00000NvHFYAA3,LITERA INFANTIL + ESCRITORIO + ESTANTERÍA,,
01t4w00000NvHFeAAN,CARPA PE,,
01t4w00000NvHFgAAN,CARPA POLIESTER,,
01t4w00000NvHFjAAN,GAZEBO RECTANGULAR CON MOSQUITERA,,
01t4w00000NvHFkAAN,GAZEBO HEXAGONAL CON MOSQUITERA,,
01t4w00000NvHFnAAN,GAZEBO RECTANGULAR,,
01t4w00000NvHFxAAN,GAZEBO HEXAGONAL CON DOBLE TECHO,,
01t4w00000NvHFyAAN,GAZEBO CUADRADO CON MOSQUITERA,,
01t4w00000NvHG3AAN,GAZEBO CUADRADO CON MOSQUITERA,,
01t4w00000NvHG8AAN,CARPA PLEGABLE,,
01t4w00000NvHGDAA3,CARPA PLEGABLE,,
01t4w00000NvHGHAA3,SET MESAS AUXILIARES 2 PIEZAS,,
01t4w00000NvHGIAA3,SILLON TELA MAICAO,,
01t4w00000NvHGMAA3,SET COMEDOR BAR BRASIL MDF + 4 SILLAS,,
01t4w00000NvHGRAA3,SET COMEDOR SEVILLA MDF + 6 SILLAS,,
01t4w00000NvHLXAA3,CARPA PLEGABLE POLIESTER,,
01t4w00000NvHLmAAN,GAZEBO RECTANGULAR CON PAREDES,,
01t4w00000NvHLsAAN,COLUMPIO BALANCIN TRIPLE,,
01t4w00000NvHLwAAN,COLUMPIO BALANCIN INDIVIDUAL,,
01t4w00000NvHLyAAN,HAMACA METAL CON TELA,,
01t4w00000NvHM6AAN,HAMACA METAL CON TELA,,
01t4w00000NvHRHAA3,TUMBONA PLAYA COLGANTE,,
01t4w00000NvHRMAA3,TUMBONA PLAYA COLGANTE,,
01t4w00000NvHaMAAV,SILLON RECLINABLE MANUAL NO GIRATORIO CON POSAVASOS,,
01t4w00000NvHaRAAV,SILLON RECLINABLE MANUAL+ GIRATORIO+ BALANCIN,,
01t4w00000NvKVbAAN,SILLON RECLINABLE PUSHBACK NO GIRATORIO,,
01t4w00000NvKv5AAF,SILLON RECLINABLE MANUAL NO GIRATORIO,,
01t4w00000NvKyZAAV,SILLON RECLINABLE MANUAL,,
01t4w00000NvKyeAAF,SILLON RECLINABLE MANUAL,,
01t4w00000NvKyjAAF,SILLON RECLINABLE MANUAL,,
01t4w00000NvKyoAAF,SILLON RECLINABLE MANUAL,,
01t4w00000NvKyxAAF,MESA REDONDA FIJA,,
01t4w00000NvKz7AAF,SET PICNIC RESINA INFANTIL,,
01t4w00000NvKzDAAV,SET COMEDOR 5 PIEZAS,,
01t4w00000NvKzMAAV,SET COMEDOR 6 PIEZAS,,
01t4w00000NvKzNAAV,COLUMPIO COLGANTE ACOLCHADO,,
01t4w00000NvKzRAAV,SET COMEDOR 8 PIEZAS,,
01t4w00000NvKzXAAV,SET BISTRO RATAN 3 PIEZAS,,
01t4w00000NvKzYAAV,SET COMEDOR 3 PIEZAS AHORRAESPACIO,,
01t4w00000NvKzgAAF,SET BISTRO RATAN 3 PIEZAS,,
01t4w00000NvKzhAAF,SET COMEDOR 3 PIEZAS AHORRAESPACIO,,
01t4w00000NvKzxAAF,SET BISTRO TEXTILENO,,
01t4w00000NvL00AAF,COLUMPIO COLGANTE CON COJIN DOBLE,,
01t4w00000NvL05AAF,COLUMPIO COLGANTE CON COJIN,,
01t4w00000NvL0VAAV,SILLA DOBLE PLAYA,,
01t4w00000NvL0aAAF,SILLA DOBLE PLAYA,,
01t4w00000NvL0bAAF,SILLA PLAYA,,
01t4w00000NvL0dAAF,SET BISTRO RATAN 3 PIEZAS,,
01t4w00000NvL0fAAF,SILLA PLAYA,,
01t4w00000NvL0hAAF,SILLON ADIRONDACK ABETO,,
01t4w00000NvLILAA3,TUMBONA PLEGABLE,,
01t4w00000NvLMzAAN,SET SOFA 5 PIEZAS + MESA,,
01t4w00000NvLQiAAN,SILLA COMEDOR RATAN,,
01t4w00000NvLTYAA3,SILLA PLEGABLE ECO PP,,
01t4w00000NvLU2AAN,SILLON ADIRONDACK POLIESTIRENO,,
01t4w00000NvLUGAA3,SILLON ADIRONDACK POLIESTIRENO,,
01t4w00000NvLUNAA3,SILLON ADIRONDACK POLIESTIRENO PLEGABLE,,
01t4w00000NvLUQAA3,SILLON ADIRONDACK MECEDORA POLIESTIRENO,,
01t4w00000NvLUSAA3,SILLON ADIRONDACK POLIESTIRENO,,
01t4w00000NvLUXAA3,SILLON ADIRONDACK POLIESTIRENO PLEGABLE PARA NIÑOS,,
01t4w00000NvLUaAAN,SILLON PLEGABLE +  REPOSAPIE OCULTO,,
01t4w00000NvLUkAAN,SALA DE PATIO PP 4 PIEZAS CON COJIN,,
01t4w00000NvLUpAAN,SALA DE PATIO PP 4 PIEZAS CON COJIN,,
01t4w00000NvLUvAAN,SALA DE PATIO PP 4 PIEZAS CON COJIN,,
01t4w00000NvLV0AAN,SET BISTRO PP 3 PIEZAS,,
01t4w00000NvLV4AAN,MESA JARDIN RECTANGULAR PLEGABLE,,G109031A
01t4w00000NvLV9AAN,MESA JARDIN RECTANGULAR PLEGABLE,,
01t4w00000NvLVFAA3,MESA JARDIN CUADRADA PLEGABLE,,
01t4w00000NvLVHAA3,SILLA PLEGABLE PP + METAL,,
01t4w00000NvLVJAA3,ESPEJO DECORATIVO,,
01t4w00000NvLYPAA3,SILLA COMEDOR RATAN,,
01t4w00000NvLYUAA3,SILLA COMEDOR RATAN,,
01t4w00000NvLYeAAN,SILLA COMEDOR RATAN,,
01t4w00000NvLYoAAN,SILLA COMEDOR RATAN,,
01t4w00000NvLYqAAN,SILLA COMEDOR RATAN,,
01t4w00000NvLYuAAN,SILLA COMEDOR RATAN,,
01t4w00000NvLZTAA3,SILLA COMEDOR TELA,,
01t4w00000NvLZXAA3,SILLA COMEDOR TELA,,
01t4w00000NvLZeAAN,SILLA COMEDOR TELA,,
01t4w00000NvLZmAAN,SILLA COMEDOR TELA,,
01t4w00000NvLZnAAN,MESA JARDIN REDONDA,,
01t4w00000NvLZwAAN,MESA JARDIN CUADRADA,,
01t4w00000NvLa7AAF,SET BISTRO WICKER CON COJINES,,
01t4w00000NvLaGAAV,SALA DE PATIO METALICA CON COJINES,,
01t4w00000NvLaNAAV,SALA DE PATIO METALICA 6 PIEZAS,,
01t4w00000NvLaQAAV,SALA DE PATIO METALICA CON COJINES,,
01t4w00000NvLaaAAF,SALA DE PATIO METALICA 4 PIEZAS,,
01t4w00000NvLakAAF,SALA DE PATIO METALICA 4 PIEZAS,,
01t4w00000NvLapAAF,SALA DE PATIO METALICA 4 PIEZAS,,
01t4w00000NvLaqAAF,SALA DE PATIO WICKER CON COJINES,,
01t4w00000NvLeQAAV,LAMPARA SOLAR LINTERNA,,
01t4w00000NvLeRAAV,LAMPARA SOLAR LINTERNA,,
01t4w00000NvLeYAAV,LAMPARA SOLAR LINTERNA,,
01t4w00000NvLesAAF,MESA JARDIN RECTANGULAR,,
01t4w00000NvLf2AAF,BANCO BAR PE RATAN,,
01t4w00000NvLfIAAV,SET COMEDOR 3 PIEZAS AHORRA ESPACIO,,
01t4w00000NvLfMAAV,SET BISTRO WICKER MECEDORA CON COJINES,,
01t4w00000NvLfNAAV,SET BISTRO WICKER 3 PIEZAS CON COJINES,,
01t4w00000NvLfRAAV,SET BAR RATAN 3 PIEZAS CON COJINES,,
01t4w00000NvLfbAAF,LAMPARA LINTERNA,,
01t4w00000NvLfgAAF,SET COMEDOR 5 PIEZAS,,
01t4w00000NvLj5AAF,LAMPARA LINTERNA,,
01t4w00000NvLkTAAV,SALA DE PATIO WICKER 7 PIEZAS CON COJINES,,
01t4w00000NvLvfAAF,SET BISTRO TEXTILENO + METAL PLEGABLE,,
01t4w00000NvLvmAAF,SALA DE PATIO RATAN 4 PIEZAS,,
01t4w00000NvLvpAAF,SET BISTRO WICKER,,
01t4w00000NvLvzAAF,SET BAR WICKER,,
01t4w00000NvLw5AAF,SET BISTRO RATAN,,
01t4w00000NvLwAAAV,SET COMEDOR 6 PIEZAS,,
01t4w00000NvLyHAAV,SILLON RECLINABLE MANUAL,,
01t4w00000NvM1CAAV,LAMPARA METAL,,
01t4w00000NvM1DAAV,LAMPARA SOLAR LINTERNA,,
01t4w00000NvM1IAAV,LAMPARA METAL + FLAX,,
01t4w00000NvM1LAAV,LAMPARA METAL,,
01t4w00000NvM1QAAV,LAMPARA METAL + PLASTICO,,
01t4w00000NvM1WAAV,LAMPARA MÁRMOL,,
01t4w00000NvM1aAAF,LAMPARA METAL,,
01t4w00000NvM1pAAF,LAMPARA RATAN,,
01t4w00000NvM1uAAF,LAMPARA RATAN,,
01t4w00000NvM21AAF,SALA DE PATIO RATAN 4 PIEZAS CON COJIN,,
01t4w00000NvM24AAF,LAMPARA METAL + PE,,
01t4w00000NvM2AAAV,LAMPARA METAL + PLASTICO,,
01t4w00000NvM66AAF,SET BISTRO 3 PIEZAS,,
01t4w00000NvM67AAF,SET COMEDOR ALUMINIO 5 PIEZAS,,
01t4w00000NvM6CAAV,SET BISTRO METALICO PLEGABLE REDONDO,,
01t4w00000NvM6HAAV,SET BAR WICKER,,
01t4w00000NvM6JAAV,COLUMPIO COLGANTE CON COJIN,,
01t4w00000NvM6RAAV,COLUMPIO COLGANTE ACOLCHADO,,
01t4w00000NvM6WAAV,COLUMPIO COLGANTE ACOLCHADO,,
01t4w00000NvM6YAAV,SILLA PLEGABLE CAMPING CON BOLSA,,
01t4w00000NvM6cAAF,SILLA PLAYA,,
01t4w00000NvM6eAAF,SILLA PLAYA,,
01t4w00000NvM6lAAF,SILLA PLAYA,,
01t4w00000NvM6rAAF,SILLA PLAYA RECLINABLE CON COJIN,,
01t4w00000NvM6wAAF,SILLA PLAYA RECLINABLE CON COJIN,,
01t4w00000NvM71AAF,SOFA CAMA CHESLONG TRANSFORMER,,
01t4w00000NvM75AAF,SOFA SECCIONAL CHESLONG,,
01t4w00000NvM7KAAV,SILLA PLAYA,,
01t4w00000NvM7QAAV,SILLA DOBLE PLAYA,,
01t4w00000NvM7RAAV,SILLA DOBLE PLAYA,,
01t4w00000NvM7ZAAV,SOFA CAMA,,
01t4w00000NvM7aAAF,SOFA CAMA,,
01t4w00000NvM7gAAF,COLUMPIO COLGANTE CON COJIN,,
01t4w00000NvM7oAAF,SILLA DOBLE PLAYA,,
01t4w00000NvM7pAAF,TUMBONA PLAYA,,
01t4w00000NvM7qAAF,TUMBONA PLAYA,,
01t4w00000NvM7uAAF,COLUMPIO COLGANTE CON COJIN,,
01t4w00000NvM83AAF,SOFA CAMA,,
01t4w00000NvM9CAAV,SET BISTRO RESINA IMITACION MADERA,,
01t4w00000NvMAjAAN,SOFA CAMA,,
01t4w00000NvMApAAN,BANCO JARDIN CURVO ACACIA,,
01t4w00000NvMAuAAN,SOFA CAMA,,
01t4w00000NvMAvAAN,SOFA SECCIONAL CHESLONG,,
01t4w00000NvMAyAAN,BANCO JARDIN CON MESA ACACIA,,
01t4w00000NvMB1AAN,MESA AUXILIAR JARDIN ACACIA,,
01t4w00000NvMB8AAN,BANCO JARDIN PLEGABLE ACACIA,,
01t4w00000NvMBEAA3,BANCO JARDIN CONVERTIBLE TUMBONA ACACIA,,
01t4w00000NvMBGAA3,MESA BALCON PLEGABLE ACACIA,,
01t4w00000NvMBHAA3,COLUMPIO JARDIN ACACIA PLEGABLE 3 PLAZAS CON COJIN,,
01t4w00000NvMBJAA3,SALA DE PATIO ACACIA 4 PIEZAS CON COJIN,,
01t4w00000NvMBSAA3,COLUMPIO COLGANTE ALGODON + POLIESTER,,
01t4w00000NvMBWAA3,HAMACA COLGANTE ALGODON,,
01t4w00000NvMBYAA3,HAMACA COLGANTE ALGODON,,
01t4w00000NvMBZAA3,SILLA PLAYA RECLINABLE,,
01t4w00000NvMBcAAN,SALA DE PATIO ACACIA 4 PIEZAS CON COJIN,,
01t4w00000NvMBiAAN,COLUMPIO JARDIN ACACIA 2 PLAZAS,,
01t4w00000NvMBjAAN,SET BISTRO ACACIA CON COJIN,,
01t4w00000NvMBrAAN,HAMACA COLGANTE ALGODON,,
01t4w00000NvMBsAAN,HAMACA COLGANTE ALGODON,,
01t4w00000NvMBxAAN,BAUL ALMACENAJE ACACIA,,
01t4w00000NvMC1AAN,SET BISTRO ACACIA 1 PIEZA,,
01t4w00000NvMCDAA3,SILLA PLAYA,,
01t4w00000NvMCFAA3,SILLA COMEDOR METAL TEXTILENO,,
01t4w00000NvMCGAA3,SET BISTRO PIEDRA,,
01t4w00000NvMCLAA3,SILLA APILABLE JARDIN RATAN,,
01t4w00000NvMCMAA3,SILLA APILABLE JARDIN RATAN,,
01t4w00000NvMCaAAN,SET BISTRO CERAMICO,,
01t4w00000NvMCbAAN,SET BISTRO VIDRIO,,
01t4w00000NvMCpAAN,SILLA COMEDOR AJUSTABLE METAL TEXTILENO,,
01t4w00000NvMCqAAN,SILLA COMEDOR PLEGABLE METAL TEXTILENO,,
01t4w00000NvMCzAAN,SET BISTRO ACACIA BALCON CON COJIN,,
01t4w00000NvMD5AAN,SET COMEDOR ACACIA 6 PIEZAS CON COJIN,,
01t4w00000NvMDAAA3,SILLA COMEDOR METAL TEXTILENO,,
01t4w00000NvMDJAA3,SET COMEDOR ACACIA 5 PIEZAS CON COJIN,,
01t4w00000NvMDKAA3,SET COMEDOR ACACIA 9 PIEZAS CON COJIN,,
01t4w00000NvMDPAA3,SET BISTRO VIDRIO,,
01t4w00000NvMDUAA3,SET BISTRO CERAMICO,,
01t4w00000NvMDZAA3,SILLA COMEDOR APILABLE METAL TEXTILENO,,
01t4w00000NvMDaAAN,SILLA PLAYA,,
01t4w00000NvMDdAAN,SALA DE PATIO ACACIA CON COJINES,,
01t4w00000NvMDoAAN,SET COMEDOR ACACIA 5 PIEZAS,,
01t4w00000NvMDsAAN,SALA DE PATIO ACACIA 5 PIEZAS CON COJIN,,
01t4w00000NvME7AAN,SILLA PLEGABLE PE + METAL,,
01t4w00000NvMECAA3,TUMBONA ACACIA PLEGABLE CON COJIN,,
01t4w00000NvMEDAA3,TUMBONA ACACIA CON BANDEJA Y COJIN,,
01t4w00000NvMEEAA3,SILLON ADIRONDACK ACACIA DOBLE,,
01t4w00000NvMEJAA3,CARRITO TRANSPORTADOR PLEGABLE,,
01t4w00000NvMENAA3,SET COMEDOR ACACIA EXTENSIBLE 7 PIEZAS,,
01t4w00000NvMEOAA3,SET BISTRO ACACIA CON COJINES,,
01t4w00000NvMEPAA3,COLUMPIO JARDIN EUCALIPTO 3 PLAZAS,,
01t4w00000NvMESAA3,SILLON ADIRONDACK ACACIA PLEGABLE,,
01t4w00000NvMEcAAN,HAMACA ACACIA PLEGABLE,,
01t4w00000NvMElAAN,SILLA DIRECTOR ACACIA,,
01t4w00000NvMEoAAN,SILLA ACACIA PLEGABLE,,
01t4w00000NvMEsAAN,SET BISTRO ACACIA Y ROPE,,
01t4w00000NvMEvAAN,CAMA DE DÍA PARA EXTERIOR BANCO DE ACACIA 2 EN 1,,
01t4w00000NvMF0AAN,SET BISTRO ACACIA Y WICKER,,
01t4w00000NvMHvAAN,PATIO DE SALA ACACIA + WICKER,,
01t4w00000NvMI1AAN,PATIO DE SALA WICKER RECLINABLE,,
01t4w00000NvMI6AAN,SET DE PICNIC,,
01t4w00000NvMIFAA3,SET DE COMEDOR EUCALIPTO 7 PIEZAS,,
01t4w00000NvMIQAA3,PATIO DE SALA WICKER 3 PIEZAS,,
01t4w00000NvMIUAA3,SET SILLA Y MESA ACACIA PLEGABLE,,
01t4w00000NvMPMAA3,ASADOR CARBON CERAMICO REDONDO CON MESAS LATERALES,,
01t4w00000NvMPNAA3,ASADOR CARBON CERAMICO REDONDO,,
01t4w00000NvMPPAA3,ASADOR CARBON CERAMICO REDONDO,,
01t4w00000NvMPUAA3,ASADOR CARBON CERAMICO REDONDO CON MESAS LATERALES,,
01t4w00000NvMPaAAN,ASADOR CARBON Y GAS CERAMICO REDONDO CON MESAS LATERALES,,
01t4w00000NvMPfAAN,ASADOR CARBON CERAMICO REDONDO CON CARRITO,,
01t4w00000NvMPqAAN,ASADOR CARBON REDONDO,,
01t4w00000NvMPrAAN,ASADOR CARBON RECTANGULAR,,
01t4w00000NvMPtAAN,ASADOR CARBON CERAMICO REDONDO,,
01t4w00000NvMPvAAN,ASADOR CARBON CERAMICO REDONDO CON MESAS LATERALES,,
01t4w00000NvMPwAAN,ASADOR CARBON CERAMICO REDONDO CON MESAS LATERALES,,
01t4w00000NvMPzAAN,HORNO DE PIZZA CON CARRITO,,
01t4w00000NvMQ8AAN,HORNO DE PIZZA DE MESA,,
01t4w00000NvMQBAA3,ESTUFA COHETE 5 EN 1,,
01t4w00000NvMTXAA3,SALA DE PATIO PLASTICA CON COJINES,,
01t4w00000NvMThAAN,SET BISTRO PP 3 PIEZAS,,
01t4w00000NvMTrAAN,ASADOR CARBON REDONDO,,
01t4w00000NvMTtAAN,ASADOR CARBON REDONDO,,
01t4w00000NvMTuAAN,ASADOR CARBON REDONDO,,
01t4w00000NvMU1AAN,MESA JARDIN CUADRADA PLEGABLE,,
01t4w00000NvMU2AAN,SET MESA + 2 BANCOS PP PLEGABLE,,
01t4w00000NvMU3AAN,SET COMEDOR PP 7 PIEZAS,,
01t4w00000NvMUGAA3,SILLA COMEDOR RATAN CON COJIN,,
01t4w00000NvMULAA3,ASADOR CARBON REDONDO,,
01t4w00000NvMUVAA3,MESA PP RECTANGULAR PLEGABLE,,
01t4w00000NvMUaAAN,SET COMEDOR PP 5 PIEZAS,,
01t4w00000NvMUfAAN,MESA PP CUADRADA PLEGABLE,,
01t4w00000NvMUkAAN,SET COMEDOR PP 5 PIEZAS,,
01t4w00000NvMUpAAN,SET COMEDOR PP 5 PIEZAS,,
01t4w00000NvMUrAAN,SALA DE PATIO ESQUINA PLASTICA CON COJINES,,
01t4w00000NvMUuAAN,SET BISTRO PLASTICO 3 PIEZAS CON COJINES,,
01t4w00000NvMaKAAV,ASADOR CARBON RECTANGULAR,,
01t4w00000NvMaMAAV,ASADOR CARBON RECTANGULAR CON MESA LATERAL,,
01t4w00000NvMaPAAV,ASADOR CARBON RECTANGULAR,,
01t4w00000NvMaQAAV,ASADOR CARBON RECTANGULAR CON MESA LATERAL,,
01t4w00000NvMaVAAV,"ASADOR CARBON CUADRADO PLEGABLE 18""",,
01t4w00000NvMakAAF,ASADOR CARBON PORTATIL,,
01t4w00000NvMalAAF,ASADOR CARBON PORTATIL,,
01t4w00000NvMatAAF,ASADOR CARBON RECTANGULAR CON RUEDAS,,
01t4w00000NvMazAAF,ASADOR CARBON RECTANGULAR CON RUEDAS,,
01t4w00000NvMb0AAF,ASADOR CARBON RECTANGULAR CON MESAS LATERALES Y RUEDAS,,
01t4w00000NvMb4AAF,ASADOR CARBON RECTANGULAR CON MESA DELANTERA,,
01t4w00000NvMb8AAF,ASADOR CARBON RECTANGULAR CON MESA LATERAL,,
01t4w00000NvMbIAAV,ASADOR CARBON RECTANGULAR CON MESA LATERAL,,
01t4w00000NvMbSAAV,ASADOR CARBON RECTANGULAR CON MESA LATERAL,,
01t4w00000NvMbTAAV,ASADOR CARBON PORTATIL,,
01t4w00000NvMbUAAV,ASADOR CARBON PORTATIL,,
01t4w00000NvMbcAAF,ASADOR CARBON RECTANGULAR CON MESAS LATERALES Y RUEDAS,,
01t4w00000NvMbnAAF,ASADOR CARBON RECTANGULAR CON MESAS LATERALES Y PARRILLADAS 2 PIEZAS,,
01t4w00000NvMbrAAF,ASADOR CARBON RECTANGULAR CON MESA LATERAL PLEGABLE Y PARRILLADAS 2 PIEZAS,,
01t4w00000NvMbsAAF,ASADOR CARBON AHUMADOR CILINDRICO,,
01t4w00000NvMbtAAF,ASADOR CARBON RECTANGULAR CON MESAS LATERALES Y RUEDAS,,
01t4w00000NvMc6AAF,ASADOR CARBON PORTATIL,,
01t4w00000NvMcLAAV,ASADOR CARBON REDONDO CON MESA,,
01t4w00000NvMcRAAV,ASADOR CARBON AHUMADOR CILINDRICO CON PATA DESMONTABLE,,
01t4w00000NvMcbAAF,ASADOR CARBON PORTATIL,,
01t4w00000NvMfgAAF,ASADOR CARBON RECTANGULAR,,
01t4w00000NvMflAAF,ASADOR CARBON REDONDO,,
01t4w00000NvMfnAAF,ASADOR CARBON REDONDO,,
01t4w00000NvMfwAAF,ASADOR CARBON REDONDO,,
01t4w00000NvMfzAAF,ASADOR CARBON REDONDO,,
01t4w00000NvMg0AAF,POZO DE FUEGO,,
01t4w00000NvMg6AAF,ASADOR CARBON RECTANGULAR,,
01t4w00000NvMg7AAF,ASADOR GAS RECTANGULAR,,
01t4w00000NvMg8AAF,ASADOR CARBON DOBLE CON MESAS LATERALES Y RUEDAS,,
01t4w00000NvMgCAAV,ASADOR CARBON REDONDO,,
01t4w00000NvMgGAAV,ASADOR CARBON REDONDO,,
01t4w00000NvMgMAAV,POZO DE FUEGO,,
01t4w00000NvMgOAAV,ASADOR CARBON CON MESA LATERAL,,
01t4w00000NvMgVAAV,ASADOR CARBON REDONDO,,
01t4w00000NvMgXAAV,ASADOR CARBON REDONDO,,
01t4w00000NvMgaAAF,ASADOR CARBON PORTATIL PLEGABLE,,
01t4w00000NvMgkAAF,ASADOR CARBON PORTATIL CON REFRIGERANTE,,
01t4w00000NvMgqAAF,ASADOR CARBON REDONDO,,
01t4w00000NvMgzAAF,ASADOR ELECTRICO RECTANGULAR,,
01t4w00000NvMh1AAF,ASADOR CARBON PORTATIL,,
01t4w00000NvMh4AAF,ASADOR CARBON RECTANGULAR CON MESAS LATERALES Y RUEDAS,,
01t4w00000NvMhAAAV,POZO DE FUEGO,,
01t4w00000NvMhPAAV,ASADOR COLGANTE,,
01t4w00000NvMhQAAV,ASADOR CARBON REDONDO,,
01t4w00000NvMhVAAV,ASADOR CARBON REDONDO,,
01t4w00000NvMhYAAV,ASADOR CARBON REDONDO,,
01t4w00000NvMhdAAF,PARRILLA CARBON PLANCHA CON MESAS LATERALES Y RUEDAS,,
01t4w00000NvMheAAF,PARRILLA CARBON MEDIO TAMBOR,,
01t4w00000NvMi2AAF,SET COMEDOR MDF + 2 SILLAS AHORRAESPACIO,,
01t4w00000NvMrXAAV,TENDAL SUELO CON ALAS + 1 BALDA,,
01t4w00000NvMrcAAF,TABLA DE PLANCHAR,,
01t4w00000NvMrhAAF,PERCHERO ORGANIZADOR 2 NIVELES,,
01t4w00000NvMrmAAF,MESA ESCRITORIO,,
01t4w00000NvMrrAAF,SILLA ORDENADOR MESH + FABRIC,,
01t4w00000NvMrwAAF,MESA CENTRO AJUSTABLE,,
01t4w00000NvMs1AAF,SILLON RECLINABLE ELECTRICO,,
01t4w00000NvMs6AAF,SOFA CAMA TRANSFORMER,,
01t4w00000NvMsBAAV,SOFA 2 PLAZAS,,
01t4w00000NvMsGAAV,MESA AUXILIAR,,
01t4w00000NvMsLAAV,MESA AUXILIAR,,
01t4w00000NvMsaAAF,SET MESAS AUXILIARES 2 PIEZAS,,
01t4w00000NvMsfAAF,SET MESAS AUXILIARES 3 PIEZAS,,
01t4w00000NvMskAAF,ESTANTERIA 4 NIVELES CON 2 BINS,,
01t4w00000NvMspAAF,ESTANTERIA 4 NIVELES,,
01t4w00000NvMsuAAF,ESTANTERIA METALICA 5 NIVELES,,
01t4w00000NvMszAAF,ESTANTERIA 4 NIVELES ORGANIZADOR VASOS+VINO,,
01t4w00000NvMt4AAF,BANCO BAR TERCIOPELO,,
01t4w00000NvMt9AAF,SILLA COMEDOR TELA,,
01t4w00000NvMtEAAV,SET COMEDOR BAR BRASIL MDF + 4 SILLAS,,
01t4w00000NvMtJAAV,SET COMEDOR CRISTAL + 4 SILLAS,,
01t4w00000NvMtOAAV,BANDEJA LAPTOP,,
01t4w00000NvMtTAAV,MESA ESCRITORIO AJUSTABLE,,
01t4w00000NvMtYAAV,MESA ESCRITORIO + LIBRERO 2 NIVELES,,
01t4w00000NvMtdAAF,MESA ESCRITORIO,,
01t4w00000NvMtiAAF,ESTENTERIA 3 NIVELES CON 2 PUERTAS,,
01t4w00000NvMtnAAF,SOFA CAMA,,
01t4w00000NvMtsAAF,CARRITO ORGANIZADOR COCINA 3 NIVELES,,
01t4w00000NvMtxAAF,SET COMEDOR MDF + 4 SILLAS PLEGABLES,,
01t4w00000NvMu7AAF,BANCO BAR POLYWOOD,,
01t4w00000NvMuCAAV,ESTANTERIA 5 NIVELES ORGANIZADOR CON RUEDAS,,
01t4w00000NvMuGAAV,MESA AUXILIAR CRISTAL,,
01t4w00000NvMuLAAV,MESA AUXILIAR CRISTAL,,
01t4w00000NvMuWAAV,SOMBRILLA JARDIN 8 RIBS,,
01t4w00000NvMuaAAF,SOMBRILLA JARDIN 8 RIBS,,
01t4w00000NvMuhAAF,SOMBRILLA JARDIN LATERAL CON BASE EN CRUZ (BLOQUES NO INCLUIDOS),,
01t4w00000NvMukAAF,BASE SOMBRILLA GRANITO 20KG,,
01t4w00000NvMuuAAF,BASE SOMBRILLA GRANITO 25KG,,
01t4w00000NvMuvAAF,BASE SOMBRILLA GRANITO REDONDO 25KG,,
01t4w00000NvMv5AAF,BASE SOMBRILLA GRANITO 40KG CON RUEDAS Y ASA,,
01t4w00000NvMv7AAF,BASE SOMBRILLA GRANITO REDONDO 35KG CON RUEDAS Y ASA,,
01t4w00000NvMvEAAV,BASE SOMBRILLA GRANITO 40KG CON RUEDAS Y ASA EXTENDIBLE,,
01t4w00000NvMvKAAV,BASE SOMBRILLA GRANITO REDONDO 40KG CON RUEDAS Y ASA EXTENSIBLE,,
01t4w00000NvMvYAAV,BLOQUE CEMENTO DE IMITACION MADERA 20KG PARA BASE DE SOMBRILLA,,
01t4w00000NvMvaAAF,BASE SOMBRILLA CEMENTO DE IMITACION MADERA 20KG,,
01t4w00000NvMvdAAF,BASE SOMBRILLA CEMENTO DE IMITACION GRANITO 25KG,,
01t4w00000NvMvkAAF,ENFRIADOR DE PATIO Y CARRITO DE BEBIDAS 80QT,,
01t4w00000NvMvnAAF,ENFRIADOR DE PATIO Y CARRITO DE BEBIDAS 60QT,,
01t4w00000NvMvtAAF,ENFRIADOR DE PATIO Y CARRITO DE BEBIDAS 80QT,,
01t4w00000NvMvxAAF,ENFRIADOR DE PATIO Y CARRITO DE BEBIDAS 80QT,,
01t4w00000NvMw7AAF,ENFRIADOR DE PATIO Y CARRITO DE BEBIDAS 80QT,,
01t4w00000NvMwHAAV,SALA DE PATIO ACACIA ESQUINA,,
01t4w00000NvMwRAAV,SALA DE PATIO ACACIA ESQUINA,,
01t4w00000NvN06AAF,ENFRIADOR DE PATIO Y CARRITO DE BEBIDAS 80QT,,
01t4w00000NvN07AAF,(INACTIVO) ENFRIADOR DE PATIO Y CARRITO DE BEBIDAS 80QT,,
01t4w00000NvN0DAAV,(INACTIVO) ENFRIADOR DE PATIO Y CARRITO DE BEBIDAS 82QT,,
01t4w00000NvN0GAAV,(INACTIVO) ENFRIADOR DE PATIO Y CARRITO DE BEBIDAS 80QT CON MESAS LATERALES,,
01t4w00000NvN0KAAV,TABURETE AUXILIAR HIELERA,,
01t4w00000NvN0PAAV,(INACTIVO) ENFRIADOR DE PATIO Y CARRITO DE BEBIDAS 80QT,,
01t4w00000NvN0ZAAV,BASE SOMBRILLA HDPE 23 KG,,
01t4w00000NvN0bAAF,TUMBONA METALICA CON TEXTILENO,,
01t4w00000NvN0jAAF,BASE SOMBRILLA HDPE 25 KG,,
01t4w00000NvN0pAAF,BASE SOMBRILLA METALICA 18KG,,
01t4w00000NvN0yAAF,TUMBONA ALUMINIO CON TEXTILENO,,
01t4w00000NvN3zAAF,SET COMEDOR ALUMINIO + 6 SILLAS,,
01t4w00000NvN48AAF,SALA DE PATIO METALICA,,
01t4w00000NvN4cAAF,SILLA ORDENADOR MESH + FABRIC,,
01t4w00000NvN4hAAF,BANCO BAR POLYWOOD,,
01t4w00000NvN4iAAF,CARRITO ORGANIZADOR COCINA 3 NIVELES,,
01t4w00000NvN4jAAF,BANCA ZAPATERA 1 NIVEL,,
01t4w00000NvN4mAAF,SET MESAS AUXILIARES 2 PIEZAS,,
01t4w00000NvN4rAAF,SET MESAS AUXILIARES 2 PIEZAS,,
01t4w00000NvN4sAAF,BANCO BAR POLYWOOD,,
01t4w00000NvN4wAAF,SILLA ORDENADOR MESH + FABRIC,,
01t4w00000NvN51AAF,MESA AUXILIAR,,
01t4w00000NvN52AAF,SET COMEDOR CRISTAL + 4 SILLAS,,
01t4w00000NvN53AAF,BANDEJA LAPTOP,,
01t4w00000NvN54AAF,SET COMEDOR MDF + 4 SILLAS PLEGABLES,,
01t4w00000NvN56AAF,MESA AUXILIAR,,
01t4w00000NvN57AAF,SET MESAS AUXILIARES 3 PIEZAS,,
01t4w00000NvN58AAF,BANCO BAR TERCIOPELO,,
01t4w00000NvN5BAAV,SILLA COMEDOR TELA,,
01t4w00000NvN5CAAV,SILLA PLEGABLE ACOLCHADA TELA,,
01t4w00000NvN5DAAV,ESTANTERIA 4 NIVELES,,
01t4w00000NvN5EAAV,CENTRO ENTRETENIMIENTO 2 CAJONES,,
01t4w00000NvN5GAAV,SILLA COMEDOR TELA,,
01t4w00000NvN5RAAV,ESTANTERIA 4 NIVELES ORGANIZADOR VASOS+VINO,,
01t4w00000NvN5WAAV,ESTANTERIA 4 NIVELES CON 2 BINS,,
01t4w00000NvN5XAAV,SOFA CAMA TRANSFORMER,,
01t4w00000NvN5bAAF,SOFA 2 PLAZAS,,
01t4w00000NvN5gAAF,PERCHERO ORGANIZADOR 2 NIVELES,,
01t4w00000NvN5lAAF,ESTANTERIA METALICA 5 NIVELES,,
01t4w00000NvN69AAF,SET BISTRO ROPE Y ACACIA,,
01t4w00000NvN9JAAV,SET COMEDOR ALUMINIO + 6 SILLAS,,
01t4w00000NvN9OAAV,MESA RESINA IMITACION MADERA PLEGABLE,,
01t4w00000NvN9YAAV,SET COMEDOR ALUMINIO + 6 SILLAS,,
01t4w00000NvNCYAA3,SILLON TELA + REPOSA PIES,,
01t4w00000NvNCdAAN,TENDAL SUELO CON ALAS + 1 BALDA,,
01t4w00000NvNCiAAN,SILLA RESINA IMITACION MADERA,,
01t4w00000NvNCnAAN,MESA RESINA IMITACION MADERA CUADRADA,,
01t4w00000NvNCxAAN,TABLA DE PLANCHAR,,
01t4w00000NvND7AAN,MESA JARDIN REDONDA MESH PLEGABLE,,
01t4w00000NvND8AAN,MESA JARDIN REDONDA MESH,,
01t4w00000NvNDDAA3,MESA JARDIN CUADRADA MESH,,
01t4w00000NvNDMAA3,MESA JARDIN CUADRADA MESH,,
01t4w00000NvNOhAAN,COLUMPIO BALANCIN DOBLE,,
01t4w00000NvNOrAAN,MESA REDONDA FIJA,,
01t4w00000NvNOwAAN,MESA RESINA FIJA,,
01t4w00000NvNTIAA3,GAZEBO PLAYA PROTECTOR SOLAR,,
01t4w00000NvNXRAA3,SET COMEDOR 5 PIEZAS,,
01t4w00000NvNXWAA3,MESA JARDIN RECTANGULAR,,
01t4w00000NvNabAAF,SET COMEDOR METALICO 5 PIEZAS,,
01t4w00000NvQ57AAF,SILLON RECLINABLE MANUAL CON POSAVASOS,,
01t4w00000NvQb6AAF,TOLDO RETRACTIL,,
01t4w00000NvQbCAAV,SILLA RESINA DOBLE IMITACION MADERA,,
01t4w00000NvQbGAAV,SILLON RECLINABLE MANUAL,,
01t4w00000NvQbMAAV,SILLA RESINA DOBLE IMITACION RATAN,,
01t4w00000NvQbNAAV,SILLA RESINA DOBLE IMITACION RATAN,,
01t4w00000NvQbPAAV,MESA RESINA RECTANGULAR IMITACION RATAN PLEGABLE,,
01t4w00000NvQbRAAV,MESA RESINA RECTANGULAR IMITACION RATAN PLEGABLE,,
01t4w00000NvQbWAAV,SILLA RESINA DOBLE IMITACION RATAN,,
01t4w00000NvQbYAAV,MESA RESINA PERSONAL AJUSTABLE RECTANGULAR IMITACION RATAN,,
01t4w00000NvQbbAAF,BANCA RESINA IMITACION RATAN PLEGABLE,,
01t4w00000NvQbdAAF,MESA RESINA PERSONAL CUADRADA IMITACION RATAN,,
01t4w00000NvQbeAAF,MESA RESINA PERSONAL REDONDA IMITACION RATAN,,
01t4w00000NvQcEAAV,SET PODADERA METALICA 2 PIEZAS,,
01t4w00000NvQcKAAV,BEMBO AJUSTABLE METALICO,,
01t4w00000NvQcTAAV,SET VARILLA DE AGUA + BEMBO + ADAPTADOR ALUMINIO,,
01t4w00000PWtrPAAT,GAZEBO CUADRADO CON BARRAS BAR,,
01t4w00000PWtrUAAT,BANCO JARDIN CONVERTIBLE TUMBONA ACACIA,,
01t4w00000PWtreAAD,SALA DE PATIO METALICA 4 PIEZAS,,
01t4w00000PWtrjAAD,SALA DE PATIO WICKER 4 PIEZAS,,
01t4w00000PWts7AAD,SET BISTRO WICKER 3 PIEZAS CON COJIN,,
01t4w00000PWtsVAAT,SET BISTRO WICKER 3 PIEZAS,,
01t4w00000PWtsrAAD,SET BISTRO ACACIA Y WICKER,,
01t4w00000PWtt1AAD,SET COMEDOR ACACIA 5 PIEZAS,,
01t4w00000PWttBAAT,MESA AUXILIAR JARDIN ACACIA,,
01t4w00000PWttGAAT,CARRITO APOYO RECTANGULAR,,
01t4w00000PWtteAAD,CARRITO APOYO CUADRADO,,
01t4w00000PWy3AAAT,SET COMEDOR VIENA + 6 SILLAS,,
01t4w00000PWy3FAAT,SILLON MARIPOSA,,
01t4w00000PWy3KAAT,SET MESAS AUXILIARES 2 PIEZAS,,
01t4w00000PX0wtAAD,CARRITO APOYO RECTANGULAR,,
01t4w00000PX0wzAAD,SALA DE PATIO METALICA,,
01t4w00000PX0x4AAD,TABURETE AUXILIAR HIELERA,,
01t4w00000PX0x9AAD,TABURETE AUXILIAR HIELERA,,
01t4w00000PX0xEAAT,SALA DE PATIO METALICA,,
01t4w00000PX1jDAAT,MESA RESINA PLEGABLE 124cm COLORES,,
01t4w00000PX1jIAAT,MESA RESINA REDONDA FIJA 121 CM,,
01t4w00000PX1kgAAD,MESA RESINA PLEGABLE IMITACION RATAN,,
01t4w00000PX1kvAAD,SILLA RESINA PLEGABLE IMITACION RATAN,,
01t4w00000PX1l1AAD,(INACTIVO) MESA RESINA PLEGABLE IMITACION RATAN,,
01t4w00000PX1m5AAD,BANCO RESINA PLEGABLE IMITACION RATAN,,
01t4w00000PX1mKAAT,SILLA RESINA PLEGABLE IMITACION MADERA,,
01t4w00000PX1mMAAT,ARCON MULTIUSOS 105 L IMITACION RATAN,,
01t4w00000PX1mOAAT,COBERTIZO MULTIUSOS 2270L IMITACION MADERA,,
01t4w00000PX1mPAAT,BANCO RESINA PLEGABLE IMITACION MADERA,,
01t4w00000PX1mWAAT,ARCON MULTIUSOS 270 L IMITACION MADERA,,
01t4w00000PX1mXAAT,ARCON MULTIUSOS 390L IMITACION MADERA,,
01t4w00000PX1mYAAT,ARCON MULTIUSOS 450L IMITACION RATAN,,
01t4w00000PX1mfAAD,MESA RESINA PLEGABLE NIÑOS 121 CM,,
01t4w00000PX1mjAAD,ARCON MULTIUSOS 490L IMITACION MADERA,,
01t4w00000PX1moAAD,TABURETE RESINA NIÑOS KD,,
01t4w00000PX1mpAAD,FREGADERO RESINA PLEGABLE CON GRIFO,,
01t4w00000PX1mqAAD,SET PICNIC RESINA PLEGABLE,,
01t4w00000PX1muAAD,TABURETE RESINA PLEGABLE,,
01t4w00000PX1myAAD,TABURETE RESINA PLEGABLE,,
01t4w00000PX2EGAA1,MESA DE JUEGO RESINA PLEGABLE,,
01t4w00000PX2GnAAL,SET PICNIC RESINA CUADRADO IMITACION MADERA,,
01t4w00000PX2GxAAL,SET PICNIC RESINA RECTANGULAR IMITACION  MADERA,,
01t4w00000PX2H3AAL,SET PICNIC RESINA RECTANGULAR,,
01t4w00000PX2HDAA1,MESA RESINA PERSONAL PLEGABLE REDONDA,,
01t4w00000PX2HHAA1,MESA RESINA PERSONAL AJUSTABLE IMITACION RATAN,,
01t4w00000PX2HWAA1,MESA RESINA CUADRADA PLEGABLE A LA MITAD,,
01t4w00000PX2HbAAL,MESA RESINA PLEGABLE REDONDA,,
01t4w00000PX2HlAAL,SILLA PLEGABLE PP,,
01t4w00000PX2HmAAL,SILLA PLEGABLE PP,,
01t4w00000PX2ypAAD,MESA RESINA PLEGABLE ? 4 cm,,
01t4w00000PX4QHAA1,SILLA ORDENADOR MESH,,
01t4w00000PX4QIAA1,SILLA ORDENADOR MESH,,
01t4w00000PX4QNAA1,SILLA RESINA DOBLE AZUL,,
01t4w00000PX4QSAA1,MESA RESINA PLEGABLE 124cm COLORES,,
01t4w00000PX4ubAAD,ESTANTERIA 4 NIVELES EN ESQUINA,,
01t4w00000PX4ugAAD,ESTANTERIA 4 NIVELES,,
01t4w00000PX4ulAAD,ESTANTERIA 3 NIVELES,,
01t4w00000PX4uqAAD,ESTANTERIA METALICA 5 NIVELES,,
01t4w00000PX4uvAAD,ORGANIZADOR ROPA,,
01t4w00000PX4v0AAD,CAJA ORGANIZADOR,,
01t4w00000PX4v5AAD,ORGANIZADOR ZAPATOS COLGANTE 6 NIVELES,,
01t4w00000PX4vAAAT,ORGANIZADOR ZAPATOS COLGANTE 10 NIVELES,,
01t4w00000PX4vFAAT,CAJA ORGANIZADOR,,
01t4w00000PX4vKAAT,PERCHERO ORGANIZADOR 2 NIVELES,,
01t4w00000PX5PmAAL,MESA RESINA PLEGABLE ? 4 cm,,
01t4w00000PX5PnAAL,BANCA RESINA PLEGABLE ? 4 cm,,
01t4w00000PX5PrAAL,MESA RESINA PLEGABLE ? 4.5 cm,,
01t4w00000PX5PwAAL,MESA RESINA PERSONAL,,
01t4w00000PX5PxAAL,MESA RESINA PLEGABLE 152 CM,,
01t4w00000PX5Q1AAL,MESA RESINA PLEGABLE ? 4.5,,
01t4w00000PX5Q2AAL,SILLA PLEGABLE PP,,
01t4w00000PX5rDAAT,ESTANTERIA METALICA 5 NIVELES,,
01t4w00000PX5rEAAT,ESTANTERIA 4 NIVELES EN ESQUINA,,
01t4w00000PX5rGAAT,ESTANTERIA 3 NIVELES,,
01t4w00000PX5rLAAT,ESTANTERIA METALICA 5 NIVELES,,
01tVT000000Kc5xYAC,SILLA PLAYA,,
01tVT000000Pz1xYAC,SILLA PLAYA AJUSTABLE,,
01tVT000000Q3GoYAK,SILLA PLAYA,,
01tVT000000Q3VLYA0,SILLA PLAYA,,
01tVT000000Q3v7YAC,SILLA PLAYA,,
01tVT000000Q5LpYAK,TUMBONA PLEGABLE PLAYA,,
01tVT000000Q5NTYA0,SOMBRILLA PLAYA,,
01tVT000000Q5aLYAS,SILLA PLAYA,,
01tVT000000Q6MjYAK,SOMBRILLA PLAYA,,
01tVT000000UBXWYA4,SOMBRILLA PLAYA,,
01tVT000000UCq9YAG,SOMBRILLA PLAYA,,
01tVT000000UDuHYAW,SOMBRILLA PLAYA  6FT (180CM),,
01tVT000000UE8nYAG,SOMBRILLA PLAYA,,
01tVT000000UEITYA4,SOMBRILLA PLAYA,,
01tVT000000UETlYAO,SOMBRILLA PLAYA,,
01tVT000000UErxYAG,SOMBRILLA PLAYA,,
01tVT000000UFJNYA4,GAZEBO PLAYA PROTECTOR SOLAR,,
01tVT000000UFhZYAW,BASE SOMBRILLA HDPE,,
01tVT000000UKUMYA4,"SOMBRILLA DE JARDÍN DE ACERO DE 2,7 M",,
01tVT000000ULLaYAO,SOMBRILLA JARDIN 6 RIBS,,
01tVT000000UM4kYAG,SOMBRILLA DE JARDÍN DE ACERO DE 2 M,,
01tVT000000UMO5YAO,"SOMBRILLA DE JARDÍN DE ACERO DE 2,3 M",,
01tVT000000UNP1YAO,"SOMBRILLA DE JARDÍN DE ACERO DE 2,7 M",,
01tVT000000UQ1tYAG,SOMBRILLA JARDIN 8 RIBS,,
01tVT000000UQzbYAG,SILLA PLAYA,,
01tVT000000URE6YAO,SILLA PLAYA,,
01tVT000000URnZYAW,SILLA DOBLE PLAYA,,
01tVT000000US25YAG,SILLA DOBLE PLAYA,,
01tVT000000USDNYA4,SILLA PLAYA,,
01tVT000000USF0YAO,SILLA ALUMINIO,,
01tVT000000USYLYA4,SILLA PLAYA,,
01tVT000000USZyYAO,SET BISTRO PLEGABLE,,
01tVT000000USoTYAW,SILLA PLAYA,,
01tVT000000UTB3YAO,SILLA ALUMINIO,,
01tVT000000UTMLYA4,SILLA PLAYA,,
01tVT000000UTW1YAO,SET COMEDOR 7 PIEZAS,,
01tVT000000UTZFYA4,SILLA ALUMINIO,,
01tVT000000UTiyYAG,SILLA ALUMINIO,,
01tVT000000UTnlYAG,SILLA ALUMINIO,,
01tVT000000UU77YAG,SET BISTRO TEXTILENO,,
01tVT000000UUIPYA4,SILLA DOBLE PLAYA,,
01tVT000000UULdYAO,SILLA PLAYA,,
01tVT000000UUdNYAW,SILLA PLAYA,,
01tVT000000UUjpYAG,SILLA METAL,,
01tVT000000UUruYAG,TUMBONA,,
01tVT000000UVZRYA4,TUMBONA METAL PLEGABLE,,
01tVT000000UVrBYAW,HAMACA METAL CON TELA,,
01tVT000000VILeYAO,CARPA PARA CARRO,,
01tVT000000VIdOYAW,CARPA PLEGABLE,,
01tVT000000VJHhYAO,CARPA PLEGABLE,,
01tVT000000VK0rYAG,CARPA PLEGABLE,,
01tVT000000WqEpYAK,ASADOR CARBON PORTATIL,,
01tVT000000WqZnYAK,ASADOR CARBON REDONDO,,
01tVT000000WsJsYAK,ASADOR CARBON REDONDO,,
01tVT000000WsZzYAK,MESA ESCRITORIO PLEGABLE,,
01tVT000000WtCfYAK,ASADOR CARBON RECTANGULAR CON MESAS LATERALES Y RUEDAS,,
01tVT000000WthLYAS,SET MESAS AUXILIARES 2 PIEZAS,,
01tVT000000WtkYYAS,ASADOR CARBON RECTANGULAR CON MESAS LATERALES Y RUEDAS,,
01tVT000000WvZSYA0,SET MESAS AUXILIARES 2 PIEZAS,,
01tVT000000WvrBYAS,BANCO BAR PU,,
01tVT000000WwKEYA0,SILLA COMEDOR,,
01tVT000000WwTtYAK,SET MESAS AUXILIARES 2 PIEZAS,,
01tVT000000WwnFYAS,BANCO BAR LUGO,,
01tVT000000WxD5YAK,SILLA COMEDOR,,
01tVT000000WxZdYAK,BANDEJA LAPTOP,,
01tVT000000WxwDYAS,BANCO BAR PU,,
01tVT000000XArqYAG,SILLA PLAYA,,
01tVT000000XEkAYAW,SOMBRILLA PLAYA,,
01tVT000000Ye1RYAS,BANCO BAR PU,,
01tVT000000Ye9VYAS,BANCO BAR PP,,
01tVT000000dw4AYAQ,SILLA GAMING,,
01tVT000000dwPAYAY,SILLA GAMING,,
01tVT000000dxppYAA,SILLA GAMING CON LUZ LED,,
01tVT000000dy7ZYAQ,SILLA GAMING,,
01tVT000000dyKUYAY,SILLA COMEDOR,,
01tVT000000dySaYAI,SILLA COMEDOR METAL,,
01tVT000000dzI9YAI,SILLA COMEDOR METAL,,
01tVT000000e1VFYAY,SILLA COMEDOR METAL,,
01tVT000000e2MTYAY,SILLA COMEDOR METAL,,
01tVT000000e2mHYAQ,SILLA COMEDOR METAL,,
01tVT000000e3jxYAA,SILLA COMEDOR METAL,,
01tVT000000e5H8YAI,BANCO BAR PLEGABLE,,
01tVT000000e5sFYAQ,BANCO TERCIOPELO CON ALMACENAMIENTO,,
01tVT000000e8GbYAI,BANCO BAR VELVET,,
01tVT000000e9qzYAA,BANDEJA LAPTOP,,
01tVT000000e9scYAA,SET MESAS AUXILIARES 2 PIEZAS,,
01tVT000000eA77YAE,MESA ESCRITORIO PLEGABLE,,
01tVT000000eAGqYAM,SILLON METAL,,
01tVT000000eBUcYAM,SET COMEDOR BAR PVC + 4 TABURETES sin TORNILLOS,,
01tVT000000eBZRYA2,BANDEJA LAPTOP,,
01tVT000000eCP5YAM,SILLA DE SALON,,
01tVT000000eCiRYAU,BANCO TERCIOPELO,,
01tVT000000eCs5YAE,SILLA DE SALON,,
01tVT000000eDufYAE,SILLA PLEGABLE PLASTICO,,
01tVT000000eE4HYAU,BANCO TERCIOPELO,,
01tVT000000eESTYA2,SET MESAS AUXILIARES 2 PIEZAS,,
01tVT000000eEdlYAE,SILLON METAL,,
01tVT000000eEttYAE,SILLON TELA ROCKER,,
01tVT000000eF0OYAU,SET MESAS AUXILIARES 2 PIEZAS,,
01tVT000000eF0PYAU,MESA AUXILIAR,,
01tVT000000eF1xYAE,SET MESAS AUXILIARES 2 PIEZAS sin TORNILLOS,,
01tVT000000eFGTYA2,SET COMEDOR PVC + 4 TABURETES sin TORNILLOS,,
01tVT000000eFLJYA2,BANCA TERCIOPELO,,
01tVT000000eFRmYAM,SILLA DE SALON,,
01tVT000000eFegYAE,SILLA PLEGABLE ACOLCHADA PVC,,
01tVT000000eGhCYAU,TABURETE APILABLE,,
01tVT000000eIXiYAM,SET MESAS DE CENTRO 3 PIEZAS,,
01tVT000000eJQZYA2,MESA COMEDOR METAL,,
01tVT000000eJiHYAU,SILLA PLEGABLE,,
01tVT000000eKWHYA2,SILLA COMEDOR PLASTICO,,
01tVT00000151J3YAI,MESA ESCRITORIO,,
01tVT00000153PhYAI,SET MESA ESCRITORIO + SILLA,,
01tVT00000154QbYAI,ESTANTERIA 4 NIVELES,,
01tVT00000155zNYAQ,SET MESAS AUXILIARES 3 PIEZAS,,
01tVT0000015ANyYAM,BANCO ALUMINIO,,
01tVT0000015Ar2YAE,CARRITO AUXILIAR METALICO 2 NIVELES,,
01tVT0000015BDaYAM,SILLON TELA,,
01tVT0000015BVJYA2,LITERA,,
01tVT0000015Bn4YAE,SET COMEDOR MADERA + 2 TABURETES,,
01tVT0000015C3BYAU,SOFA 2 PLAZAS,,
01tVT0000015CKvYAM,SET BISTRO ALUMINIO,,
01tVT0000015CPmYAM,SILLON TELA,,
01tVT0000015DX7YAM,SILLON TELA + REPOSA PIES,,
01tVT0000015DgoYAE,SET BISTRO ALUMINIO,,
01tVT0000015DnGYAU,BANCO ALUMINIO,,
01tVT0000015DosYAE,SET COMEDOR + 2 BANCOS,,
01tVT0000015E3NYAU,SET COMEDOR MDF Y MADERA + 4 SILLAS,,
01tVT0000015EBTYA2,SILLA ORDENADOR,,
01tVT0000015EOLYA2,ESTRUCTURA CAMA,,
01tVT0000015EOMYA2,SET COMEDOR MDF Y MADERA + 4 SILLAS,,
01tVT0000015ETBYA2,SILLA ALUMINIO,,
01tVT0000015EWPYA2,MESA COMEDOR REDONDA MDF,,
01tVT0000015EjMYAU,BANCO ALUMINIO,,
01tVT0000015EszYAE,ESTRUCTURA CAMA,,
01tVT0000015F5uYAE,SILLON MECEDORA ALUMINIO,,
01tVT0000015FHBYA2,BANCO ALUMINIO,,
01tVT0000015FSTYA2,ESTRUCTURA CAMA,,
01tVT0000015FvVYAU,SILLA ORDENADOR,,
01tVT0000015FvXYAU,SILLA ALUMINIO,,
01tVT0000015G5CYAU,TABURETE APILABLE,,
01tVT0000015Gl7YAE,SET COMEDOR MDF + 2 BANCOS,,
01tVT0000015GuoYAE,SET COMEDOR MDF + 4 SILLAS,,
01tVT0000015Gy2YAE,SET BISTRO RATAN,,
01tVT0000015H2rYAE,MESA ESCRITORIO,,
01tVT0000015H4TYAU,MESA AUXILIAR,,
01tVT0000015HNqYAM,SILLA COMEDOR MADERA ACOLCHADA,,
01tVT0000015HSiYAM,MESA JARDIN REDONDA,,
01tVT0000015HdxYAE,SILLON ALUMINIO,,
01tVT0000015HhBYAU,MESA DE BAR,,
01tVT0000015HqrYAE,SILLA COMEDOR ALUMINIO,,
01tVT0000015I8bYAE,SILLA COMEDOR ALUMINIO,,
01tVT0000015IDRYA2,LITERA ESCRITORIO,,
01tVT0000015IGfYAM,SET MESAS AUXILIARES 2 PIEZAS,,
01tVT0000015IWnYAM,SILLON ALUMINIO,,
01tVT0000015ImwYAE,BANCO ALUMINIO,,
01tVT0000015J7uYAE,SET COMEDOR MDF + 4 SILLAS,,
01tVT0000015JB7YAM,LITERA ESCRITORIO,,
01tVT0000015Jj0YAE,SILLA COMEDOR PP APILABLE,,
01tVT0000015JmEYAU,BANCO BAR PP APILABLE,,
01tVT0000015KYbYAM,SILLA COMEDOR PP APILABLE,,
01tVT0000015KdSYAU,BANCO BAR PU,,
01tVT0000015KjtYAE,MESA JARDIN ALUMINIO,,
01tVT0000015KrxYAE,BANCO BAR TELA,,
01tVT0000015L1dYAE,SET DE PATIO ALUMINIO 4 PIEZAS,,
01tVT0000015LODYA2,SILLA COMDEOR ALUMINIO,,
01tVT0000015LT4YAM,SILLA COMEDOR METAL,,
01tVT0000015LfxYAE,BANCO BAR MADERA,,
01tVT0000015LuTYAU,BANCO BAR TELA,,
01tVT0000015MH3YAM,BANCO BAR PU,,
01tVT0000015MaQYAU,SET COMEDOR ALUMINIO 5 PIEZAS,,
01tVT0000015MfFYAU,SILLA COMEDOR PP APILABLE,,
01tVT0000015MgrYAE,SET COMEDOR ALUMINIO 5 PIEZAS,,
01tVT0000015N0DYAU,BANCO BAR PU,,
01tVT0000015NEjYAM,SILLA COMEDOR PU APILABLE,,
01tVT0000015NbJYAU,BANCO BAR TELA APILABLE,,
01tVT0000015NkzYAE,SET COMEDOR MDF Y MADERA + 2 SILLAS PLEGABLES,,
01tVT0000015O2jYAE,SET COMDEOR ALUMINIO EXTENSIBLE,,
01tVT0000016GskYAE,MESA DE BAR,,
01tVT0000016KMsYAM,SILLA PLEGABLE,,
01tVT0000016Kt7YAE,BANCO BAR METAL,,
01tVT0000016Y1eYAE,SET COMEDOR ALUMINIO 3 PIEZAS,,
01tVT0000016ZTxYAM,SET COMEDOR ALUMINIO 3 PIEZAS,,
01tVT0000016eeyYAA,MESA ESCRITORIO + LIBRERO 3 NIVELES,,
01tVT0000016k7eYAA,MESA ESCRITORIO + LIBRERO 2 NIVELES,,
01tVT00000181ftYAA,SILLA GAMING,,
01tVT00000181paYAA,SILLA ORDENADOR,,
01tVT00000182QgYAI,SILLA ORDENADOR,,
01tVT00000183BSYAY,MESA ESCRITORIO,,
01tVT00000183plYAA,SILLA ORDENADOR MESH,,
01tVT000001842gYAA,SILLA ORDENADOR PU,,
01tVT000001847VYAQ,SILLA ORDENADOR,,
01tVT00000184KPYAY,SILLA ORDENADOR PU + PLASTICO,,
01tVT0000018LgDYAU,SET COMEDOR MDF + 4 SILLAS,,
01tVT0000018M9FYAU,SET COMEDOR MDF + 2 SILLAS,,
01tVT0000018MHKYA2,SILLA ORDENADOR,,
01tVT000001B8xnYAC,SILLA ORDENADOR PU (1PC/1BOX),,
01tVT000001B9fKYAS,BANCO BAR,,
01tVT000001BA3XYAW,BANCO BAR,,
01tVT000001BALJYA4,SILLA ORDENADOR PU (1PC/1BOX),,
01tVT000001BG5iYAG,SILLA ORDENADOR PU (1PC/1BOX),,
01tVT000001BGNRYA4,SILLA COMEDOR METAL PLEGABLE,,
01tVT000001BH8DYAW,SILLA ORDENADOR PU (1PC/1BOX),,
01tVT000001BI7VYAW,MESA COMEDOR METAL,,
01tVT000001HcrWYAS,BANCO JARDIN ACACIA,,
01tVT000001HfW1YAK,SALA DE PATIO METALICA 4 PIEZAS,,
01tVT000001HgjpYAC,SET BISTRO WICKER 3 PIEZAS CON COJIN,,
01tVT000001HkHBYA0,SALA DE PATIO METALICA 4 PIEZAS,,
01tVT000001HmMFYA0,SET COMEDOR 7 PIEZAS,,
01tVT000001HnF3YAK,BANCO JARDIN CONVERTIBLE CAMA ACACIA,,
01tVT000001HnRxYAK,SALA DE PATIO PP 4 PIEZAS,,
01tVT000001HoB7YAK,SALA DE PATIO ACACIA 4 PIEZAS,,
01tVT000001HoXhYAK,SALA DE PATIO RATAN 6 PIEZAS CON COJIN,,
01tVT000001HoxWYAS,BANCO JARDIN CONVERTIBLE CAMA EUCALIPTO,,
01tVT000001HpK5YAK,SET COMEDOR EUCALIPTO 6 PIEZAS,,
01tVT000001HqKzYAK,SET COMEDOR ACACIA 7 PIEZAS,,
01tVT000001HqmPYAS,SET COMEDOR ACACIA 5 PIEZAS,,
01tVT000001HrwzYAC,SET COMEDOR EUCALIPTO 5 PIEZAS,,
01tVT000001HsUrYAK,SET COMEDOR EUCALIPTO 7 PIEZAS,,
01tVT000001HswJYAS,BANCO JARDIN EUCALYPTUS,,
01tVT000001JFu1YAG,CENTRO ENTRETENIMIENTO 2 CAJONES,,
01tVT000001JGQKYA4,SET MESA + SILLAS,,
01tVT000001JI8jYAG,MESA AUXILIAR,,
01tVT000001JINFYA4,MESA AUXILIAR,,
01tVT000001JJ1ZYAW,SET COMEDOR MDF + 4 SILLAS,,
01tVT000001JJb3YAG,ESTANTERIA PARA LIBROS CON PIZARRA,,
01tVT000001JJpZYAW,ESTANTERIA PARA LIBROS CON PIZARRA,,
01tVT000001JMx7YAG,SET COMEDOR ALUMINIO 5 PIEZAS,,
01tVT000001KicEYAS,ESTANTERIA GIRATORIA 3 NIVELES,,
01tVT000001KjBjYAK,SILLON MARIPOSA INFANTIL,,
01tVT000001Kl2DYAS,SILLON MARIPOSA,,
01tVT000001Kla5YAC,SILLON MARIPOSA INFANTIL,,
01tVT000001KmJGYA0,PERCHERO ORGANIZADOR INFANTIL 1 NIVEL,,
01tVT000001POOLYA4,SET MESA + SILLAS  INFANTIL,,
01tVT000001QxOsYAK,CAMA INDIVIDUAL,,
01tVT000001R4a1YAC,CAMA INDIVIDUAL,,
01tVT000001TkN4YAK,SILLON RECLINABLE MANUAL,,
01tVT000001TkYLYA0,MESA AUXILIAR,,
01tVT000001TkrhYAC,MESA AUXILIAR,,
01tVT000001TlMLYA0,SILLON RECLINABLE MANUAL,,
01tVT000001bF4LYAU,SILLA ORDENADOR MESH,,
01tVT000001bFcDYAU,MESA ESCRITORIO,,
01tVT000001bG0PYAU,MESA ESCRITORIO,,
01tVT000001bG0QYAU,SILLA ORDENADOR MESH,,
01tVT000001bGLNYA2,MESA ESCRITORIO,,
01tVT000001bGd8YAE,MESA ESCRITORIO,,
01tVT000001bZELYA2,SALA DE PATIO ACACIA 4 PIEZAS,,
01tVT000001ciYxYAI,GAZEBO RECTANGULAR CON BARRAS BAR,,
01tVT000001cjQ9YAI,GAZEBO CUADRADO CON CORTINAS,,
01tVT000001cjzgYAA,CARPA PLEGABLE POLIESTER,,
01tVT000001ckFlYAI,CARPA POLIESTER RECTANGULAR,,
01tVT000001cl0ZYAQ,CARPA POLIESTER TRIPLE CON VENTANAS,,
01tVT000001cxg1YAA,MESA AUXILIAR,,
01tVT000001cxzNYAQ,MESA AUXILIAR,,
01tVT000001kiiFYAQ,CENTRO ENTRETENIMIENTO 2 CAJONES,,
01tVT000001kjkkYAA,CAMA INDIVIDUAL,,
01tVT000001kjnyYAA,SET MESA + SILLAS  INFANTIL,,
01tVT000001kjrCYAQ,ESTANTERIA PARA LIBROS CON PIZARRA,,
01tVT000001kjw2YAA,SILLON MARIPOSA INFANTIL,,
01tVT000001meQpYAI,MESA RESINA PLEGABLE ? 4 cm,,
01tVT000001qX2ZYAU,SALA DE PATIO METALICA 4 PIEZAS,,
01tVT000001qYTGYA2,SALA DE PATIO METALICA 4 PIEZAS,,
01tVT000001qYUtYAM,BANCO JARDIN EUCALYPTUS,,
01tVT000001qYY6YAM,SALA DE PATIO PP 4 PIEZAS,,
01tVT000001qYZiYAM,SALA DE PATIO RATAN 6 PIEZAS CON COJIN,,
01tVT000001qYbKYAU,SET COMEDOR EUCALIPTO 5 PIEZAS,,
01tVT000001qYeYYAU,SET COMEDOR EUCALIPTO 6 PIEZAS,,
01tVT000001qYgAYAU,SILLON ADIRONDACK PP,,
01tVT000001qr66YAA,BANCO JARDIN CONVERTIBLE CAMA EUCALIPTO,,
01tVT000001sRQrYAM,SALA DE PATIO ESQUINA ALUMINIO CON COJINES,,
01tVT000001sRibYAE,SALA DE PATIO MULTIFUNCION WICKER CON COJINES,,
01tVT000001sRqgYAE,SOFA CAMA WICKER CON COJINES,,
01tVT000001sSTOYA2,MESA JARDIN CUADRADA CON AGUJERO SOMBRILLA,,
01tVT000001sSWbYAM,SALA DE PATIO SOFA CAMA WICKER 4 PIEZAS CON COJINES,,
01tVT000001sT7hYAE,SET COMEDOR 7 PIEZAS,,
01tVT000001sUADYA2,SALA DE PATIO ALUMINIO + ACACIA 5 PIEZAS CON COJINES,,
01tVT000001sUVCYA2,SET COMEDOR ACACIA 5 PIEZAS,,
01tVT000001sUwdYAE,SET COMEDOR ALUMINIO 5 PIEZAS,,
01tVT000001sVMPYA2,SALA DE PATIO METALICA 4 PIEZAS,,
01tVT000001svK7YAI,SILLA GAMING,,
01tVT000001t1kWYAQ,SET MESAS AUXILIARES 3 PIEZAS,,
01tVT000001t2VHYAY,MECEDORA RECLINABLE CON PUF,,
01tVT000001t2YVYAY,MESA AUXILIAR,,
01tVT000001t3ERYAY,BANDEJA LAPTOP,,
01tVT000001t3MVYAY,SOFA CAMA,,
01tVT000001t3WAYAY,COLUMPIO COLGANTE CON COJIN,,
01tVT000001t3XmYAI,FREGADERO RESINA PLEGABLE CON GRIFO,,
01tVT000001t3ZOYAY,CARRITO TRANSPORTADOR PLEGABLE,,
01tVT000001t3ccYAA,MESA ESCRITORIO + LIBRERO 4 NIVELES,,
01tVT000001t3eEYAQ,MESA ESCRITORIO + LIBRERO 4 NIVELES,,
01tVT000001t3fqYAA,MESA ESCRITORIO + LIBRERO 2 NIVELES,,
01tVT000001t3hSYAQ,MESA ESCRITORIO,,
01tVT000001t3pWYAQ,SOFA CAMA,,
01tVT000001t3r8YAA,SILLON RECLINABLE MANUAL,,
01tVT000001t3vyYAA,CARRITO TRANSPORTADOR PLEGABLE,,
01tVT000001t40oYAA,MESA ESCRITORIO + LIBRERO 4 NIVELES,,
01tVT000001vPkIYAU,SALA DE PATIO ESQUINA ALUMINIO CON COJINES,,
01tVT000001vPqkYAE,SALA DE PATIO MULTIFUNCION WICKER CON COJINES,,
01tVT000001vPtyYAE,SOFA CAMA WICKER CON COJINES,,
01tVT000001vUnCYAU,SILLON RECLINABLE MANUAL CON POSAVASOS,,
01tVT000001wGzvYAE,ESTANTERIA 4 NIVELES,,
01tVT000001wHxaYAE,BANDEJA LAPTOP,,
01tVT000001wnXeYAI,CAJA ORGANIZADOR,,
01tVT000001wp3BYAQ,CAJA ORGANIZADOR,,
01tVT000001wpMZYAY,CAJA ORGANIZADOR,,
01tVT000001wpkjYAA,CAJA ORGANIZADOR,,
01tVT000001wpmLYAQ,CAJA ORGANIZADOR,,
01tVT000001wq45YAA,CAJA ORGANIZADOR,,
01tVT000001wq5hYAA,CAJA ORGANIZADOR,,
01tVT000001wqVVYAY,CAJA ORGANIZADOR,,
01tVT000001wqiPYAQ,CAJA ORGANIZADOR,,
01tVT000001wqyXYAQ,CAJA ORGANIZADOR,,
01tVT000001wrBRYAY,CAJA ORGANIZADOR,,
01tVT000001wrL7YAI,CAJA ORGANIZADOR,,
01tVT000001wrPxYAI,CAJA ORGANIZADOR,,
01tVT000001wrZdYAI,CAJA ORGANIZADOR,,
01tVT000001wrZeYAI,CAJA ORGANIZADOR,,
01tVT000001wrhhYAA,CAJA ORGANIZADOR,,
01tVT000001wrrNYAQ,CAJA ORGANIZADOR,,
01tVT000001xII5YAM,CAJA ORGANIZADOR,,
01tVT000001xIWbYAM,CAJA ORGANIZADOR,,
01tVT000001xIl7YAE,CAJA ORGANIZADOR,,
01tVT000001xIy1YAE,CAJA ORGANIZADOR,,
01tVT000001xJ9JYAU,CAJA ORGANIZADOR,,
01tVT000001xJIzYAM,CAJA ORGANIZADOR,,
01tVT000001xMLiYAM,CAJA ORGANIZADOR,,
01tVT000001xNXtYAM,SET COMEDOR 5 PIEZAS,,
01tVT000001xaDNYAY,SILLA PLEGABLE PP,,
01tVT000001xeNSYAY,MESA RESINA 122 CM FIJA (100%),,
01tVT000001xeQfYAI,MESA ESCRITORIO + LIBRERO 4 NIVELES,,
01tVT000001xhbRYAQ,MESA RESINA 180 CM FIJA,,
01tVT000001yVhtYAE,SOFA CAMA,,
01tVT000001yVmjYAE,SOFA CAMA,,
01tVT000001ykfKYAQ,CARRITO TRANSPORTADOR PLEGABLE,,
01tVT000001ymZ3YAI,COLUMPIO COLGANTE CON COJIN,,
01tVT000001ynRtYAI,MESA RESINA 122 CM FIJA (100%),,
01tVT0000020NebYAE,SILLA PLEGABLE PP,,
01tVT00000258S2YAI,SALA DE PATIO ALUMINIO + ACACIA 5 PIEZAS CON COJINES,,
01tVT0000028RzaYAE,SALA DE PATIO ACACIA 4 PIEZAS,,
01tVT0000028S1CYAU,SET COMEDOR EUCALIPTO 7 PIEZAS,,
01tVT0000028S62YAE,SET COMEDOR 7 PIEZAS,,
01tVT0000028S7eYAE,SET BISTRO WICKER 3 PIEZAS CON COJIN,,
01tVT000002GmltYAC,SILLA COMEDOR TELA,,
01tVT000002Gn5FYAS,SILLA COMEDOR TERCIOPELO,,
01tVT000002GnTRYA0,SILLA COMEDOR PU,,
01tVT000002Go4XYAS,BANCO BAR PU,,
01tVT000002GoJ3YAK,BANCO BAR PU,,
01tVT000002Gom5YAC,SOFA CAMA CHESLONG TRANSFORMER,,
01tVT000002Gp0bYAC,SILLON TERCIOPELO,,
01tVT000002GpF7YAK,SOFA CAMA CHESLONG TRANSFORMER,,
01tVT000002GpNBYA0,SILLON CUERO SINTETICO,,
01tVT000002GpbhYAC,SILLON TELA,,
01tVT000002IHFlYAO,SOFA 2 PLAZAS,,
01tVT000002JLR1YAO,MESA ESCRITORIO,,
01tVT000002JLu3YAG,SET COMEDOR + 2 BANCOS,,
01tVT000002JMJqYAO,SET MESAS AUXILIARES 3 PIEZAS,,
01tVT000002JMLSYA4,MESA DE BAR,,
01tVT000002JMN4YAO,MESA DE BAR,,
01tVT000002JMRuYAO,SET MESAS AUXILIARES 2 PIEZAS,,
01tVT000002JMWkYAO,SET MESA ESCRITORIO + SILLA,,
01tVT000002JMbaYAG,BANCO BAR METAL,,
01tVT000002JMgQYAW,BANDEJA LAPTOP,,
01tVT000002JMi2YAG,SET COMEDOR MDF Y MADERA + 4 SILLAS,,
01tVT000002JMmsYAG,SILLA ORDENADOR,,
01tVT000002JMoUYAW,SILLON TELA,,
01tVT000002JMq6YAG,MESA ESCRITORIO,,
01tVT000002JMtKYAW,SILLA ORDENADOR MESH,,
01tVT000002JN6EYAW,SILLON TELA,,
01tVT000002JN7qYAG,SOFA CAMA,,
01tVT000002JN9SYAW,SOFA SECCIONAL CHESLONG,,
01tVT000002JNZGYA4,SOFA CAMA CHESLONG TRANSFORMER,,
01tVT000002Rl89YAC,SET COMEDOR MDF EXTENSIBLE + 5 SILLAS + 1 BANCO,,
01tVT000002RlL3YAK,SILLA ORDENADOR,,
01tVT000002RlphYAC,SET COMEDOR MDF CON 4 HOJAS EXTENSIBLES + 6 SILLAS,,
01tVT000002RmDtYAK,SET COMEDOR MDF MARIPOSA EXTENSIBLE + 6 SILLAS,,
01tVT000002Rmk9YAC,SET COMEDOR MDF FIJO + 4 SILLAS + 1 BANCO,,
01tVT000002RnBZYA0,SET COMEDOR MDF CON 4 HOJAS EXTENSIBLES + 5 SILLAS,,
01tVT000002RnhpYAC,SET COMEDOR MDF CON 4 HOJAS EXTENSIBLES + 6 SILLAS,,
01tVT000002RnwMYAS,SET COMEDOR MDF EXTENSIBLE + 4 SILLAS + 1 BANCO,,
01tVT000002Ro1CYAS,SET COMEDOR MDF CON 2 HOJAS EXTENSIBLES + 6 SILLAS,,
01tVT000002Ro4PYAS,SET COMEDOR MDF EXTENSIBLE + 6 SILLAS,,
01tVT000002RodtYAC,SET COMEDOR MDF FIJO + 4 SILLAS,,
01tVT000002SvdJYAS,MESA PLEGABLE CAMPING,,
01tVT000002Svn0YAC,MESA PLEGABLE CAMPING,,
01tVT000002Sw37YAC,MESA PLEGABLE CAMPING,,
01tVT000002SwXmYAK,MESA PLEGABLE CAMPING,,
01tVT000002UNneYAG,SOFA CAMA,,
01tVT000002UNpGYAW,SOFA CAMA,,
01tVT000002UOOkYAO,SOFA CAMA,,
01tVT000002UOlKYAW,SOFA CAMA,,
01tVT000002UPEMYA4,SOFA CAMA,,
01tVT000002UPPdYAO,SOFA CAMA,,
01tVT000002UPuHYAW,SOFA CAMA,,
01tVT000002UQ3xYAG,SOFA CAMA,,
01tVT000002UQDdYAO,SOFA CAMA CON POSAVASOS,,
01tVT000002UQITYA4,SOFA CAMA,,
01tVT000002UQQXYA4,SOFA CAMA CON POSAVASOS,,
01tVT000002UQYbYAO,SOFA CAMA,,
01tVT000002V4mBYAS,MESA RESINA PLEGABLE,,
01tVT000002V6SzYAK,MESA RESINA PLEGABLE,,
01tVT000002V6XqYAK,MESA RESINA PLEGABLE ? 4.5 cm,,
01tVT000002V7AXYA0,MESA RESINA PLEGABLE,,
01tVT000002Wy1VYAS,SILLON RECLINABLE DOBLE CON ALMACENAMIENTO Y POSAVASOS,,
01tVT000002X21tYAC,ESTANTERIA PARA LIBROS CON PIZARRA,,
01tVT000002X2mgYAC,SILLON RECLINABLE DOBLE CON ALMACENAMIENTO Y POSAVASOS,,
01tVT000002X425YAC,SILLON RECLINABLE DOBLE,,
01tVT000002X4LSYA0,SILLON RECLINABLE DOBLE,,
01tVT000002YNKPYA4,SET MESA + SILLAS INFANTIL,,
01tVT000002Z2CIYA0,SET MESA + SILLAS INFANTIL,,
01tVT000002ZXeHYAW,ESTANTERIA PARA LIBROS CON PIZARRA,,
01tVT000002exBWYAY,ESTANTERIA PARA LIBROS CON PIZARRA,,
01tVT000002exGMYAY,ESTANTERIA PARA LIBROS CON PIZARRA,,
01tVT000002nklTYAQ,LAMPARA SOLAR,,
01tVT000002nnzLYAQ,LAMPARA SOLAR,,
01tVT000002npcwYAA,LAMPARA SOLAR JARDIN,,
01tVT000002nq4LYAQ,LAMPARA SOLAR JARDIN,,
01tVT000002oKwsYAE,LAMPARA SOLAR,,
01tVT000002oMLyYAM,LAMPARA SOLAR,,
01tVT000002oMVdYAM,LAMPARA SOLAR DIAMANTE,,
01tVT000002oMfKYAU,LAMPARA SOLAR,,
01tVT000002oMsDYAU,LAMPARA SOALR,,
01tVT000002oNDBYA2,LAMPARA SOLAR,,
01tVT000002oNLFYA2,LAMPARA SOLAR,,
01tVT000002oNl3YAE,LAMPARA SOLAR JARDIN,,
01tVT000002oNulYAE,LAMPARA SOLAR,,
01tVT000002oO9FYAU,LAMPARA SOLAR,,
01tVT000002oOZ3YAM,LAMPARA SOLAR,,
01tVT000002oPenYAE,LAMPARA SOLAR,,
01tVT000002oQEHYA2,LAMPARA SOLAR,,
01tVT000002oQcTYAU,LAMPARA SOLAR,,
01tVT000002oQm9YAE,LAMPARA SOLAR,,
01tVT000002oQxRYAU,LAMPARA SOLAR,,
01tVT000002oR5VYAU,LAMPARA SOLAR,,
01tVT000002oRGnYAM,LAMPARA SOLAR,,
01tVT000002oUJWYA2,LAMPARA SOLAR,,
01tVT000002oUg5YAE,LAMPARA SOLAR,,
01tVT000002oUpmYAE,SERIE DE LUZ SOLAR,,
01tVT000002oUrNYAU,LAMPARA SOLAR,,
01tVT000002oV13YAE,LAMPARA SOLAR,,
01tVT000002oVDxYAM,LAMPARA SOLAR DE PISO,,
01tVT000002oVInYAM,LAMPARA SOLAR DE PISO,,
01tVT000002oVXJYA2,LAMPARA SOLAR DE PISO,,
01tVT000002oVfNYAU,LAMPARA SOLAR,,
01tVT000002oVgzYAE,LAMPARA SOLAR,,
01tVT000002oW5BYAU,LAMPARA SOLAR,,
01tVT000002oWErYAM,LAMPARA SOLAR,,
01tVT000002oWUzYAM,LAMPARA SOLAR BUDA CON LED,,
01tVT000002oWgHYAU,SERIE DE LUZ SOLAR,,
01tVT000002oX1FYAU,SERIE DE LUZ SOLAR,,
01tVT000002oXUHYA2,LAMPARA SOLAR,,
01tVT000002oXinYAE,LAMPARA SOLAR,,
01tVT000002oXu5YAE,LAMPARA SOLAR,,
01tVT000002pEuEYAU,MESA CENTRO AJUSTABLE,,
01tVT000002pGO9YAM,CARRITO ORGANIZADOR COCINA 3 NIVELES,,
01tVT000002vY0bYAE,LAMPARA SOLAR BOMBILLA,,
01tVT000002vYDVYA2,LAMPARA SOLAR PARA JARDIN,,
01tVT000002vYtRYAU,SILLA ORDENADOR MESH,,
01tVT000002w8NSYAY,CHIMENEA ELECTRICA CALENTADOR CON FUEGO LED Y REPISA 120V,,
01tVT000002w9L7YAI,CHIMENEA DE PARED ELECTRICA CALENTADOR CON FUEGO LED 120V,,
01tVT000002wBOXYA2,CHIMENEA DE PARED ELECTRICA CALENTADOR CON FUEGO LED 120V,,
01tVT000002wBbRYAU,CHIMENEA DE PARED ELECTRICA CALENTADOR CON FUEGO LED 120V,,
01tVT000002wBpxYAE,CHIMENEA DE PARED ELECTRICA CALENTADOR CON FUEGO LED 120V,,
01tVT000002wC4TYAU,CHIMENEA DE PARED ELECTRICA CALENTADOR CON FUEGO LED 120V,,
01tVT000002wCCXYA2,CHIMENEA DE PARED ELECTRICA CALENTADOR CON FUEGO LED 120V,,
01tVT000002wCIzYAM,CHIMENEA ELECTRICA CALENTADOR CON FUEGO LED Y REPISA 120V,,
01tVT000002wCinYAE,CHIMENEA ELECTRICA CALENTADOR CON FUEGO LED Y REPISA 120V,,
01tVT000002wDLVYA2,CHIMENEA ELECTRICA CALENTADOR CON FUEGO LED Y REPISA 120V,,
01tVT000002wDWoYAM,SILLON MECEDORA CON COJIN,,
01tVT000002wDYPYA2,CHIMENEA ELECTRICA CALENTADOR CON FUEGO LED Y REPISA 120V,,
01tVT000002wDgTYAU,CHIMENEA ELECTRICA CALENTADOR CON FUEGO LED Y REPISA 120V,,
01tVT000002wDgVYAU,SOMBRILLA DE JARDÍN DE ACERO DE DOBLE CARA,,
01tVT000002wESsYAM,CONJUNTO DE SOFÁS,,
01tVT000002wFQYYA2,SET COMEDOR 5 PIEZAS,,
01tVT000002wGT3YAM,SET BISTRO ACACIA 3 PIEZAS,,
01tVT000002wH7NYAU,SET COMEDOR 7 PIEZAS,,
01tVT000002wHVZYA2,SALA DE PATIO METALICA 4 PIEZAS,,
01tVT000002wI0DYAU,BASE SOMBRILLA RESINA 14KG,,
01tVT000002wIEjYAM,BASE SOMBRILLA HDPE 22L,,
01tVT000002wIOPYA2,SET BISTRO WICKER 4 PIEZAS CON COJINES,,
01tVT000002wIY5YAM,BASE SOMBRILLA 17L HDPE,,
01tVT000002wIoDYAU,GAZEBO CUADRADO PORTATIL POP UP,,
01tVT000002wJ4LYAU,SALA DE PATIO RATAN 4 PIEZAS,,
01tVT000002wJKTYA2,SET BISTRO 3 PIEZAS,,
01tVT000002wJtxYAE,SILLON DOBLE METALICA CON MESA AUXILIAR Y COJINES,,
01tVT000002wMOnYAM,COLUMPIO COLGANTE ACOLCHADO,,
01tVT000002wMVGYA2,COLUMPIO COLGANTE ACOLCHADO,,
01tVT000002wMv3YAE,COLUMPIO COLGANTE ACOLCHADO,,
01tVT000002y7jqYAA,TUMBONA PLAYA AJUSTABLE CON COJIN,,
01tVT000002yCefYAE,SALA DE PATIO METALICA,,
01tVT000002yEDRYA2,SOFA REDONDO CON PUFS,,
01tVT000002ymVGYAY,SET BISTRO ACACIA CON COJINES,,
01tVT000002yn7xYAA,SALA DE PATIO ACACIA 4 PIEZAS,,
01tVT000002ynmHYAQ,SALA DE PATIO ACACIA 4 PIEZAS,,
01tVT000002yo8rYAA,JUEGO BISTRO DE 3 PIEZAS,,
01tVT000002yoC5YAI,SOMBRILLA JARDIN PUSH UP 8 RIBS,,
01tVT000002yoK9YAI,SALA DE PATIO ACACIA 5 PIEZAS,,
01tVT000002yoQbYAI,"SOMBRILLA DE JARDÍN DE ACERO DE 3,5 M",,
01tVT000002yoiLYAQ,SOMBRILLA JARDIN LATERAL CON BASE EN CRUZ (BLOQUES NO INCLUIDOS),,
01tVT000002yoyTYAQ,ASADOR GAS RECTANGULAR CON MESAS LATERALES Y RUEDAS,,
01tVT000002yp1hYAA,SET BISTRO ACACIA CON COJINES,,
01tVT000002ypBNYAY,ASADOR GAS RECTANGULAR CON MESA LATERAL Y RUEDAS,,
01tVT000002ypPtYAI,SALA DE PATIO ACACIA 4 PIEZAS,,
01tVT000002ypcnYAA,SET BISTRO ACACIA,,
01tVT000002yxC9YAI,SOFA CAMA,,
01tVT000002zSW5YAM,CAMA FUNCIONAL CON COJINES,,
01tVT000002zav5YAA,SALA DE PATIO METALICA 4 PIEZAS CON COJINES,,
01tVT000002zd06YAA,SALA DE PATIO WICKER CON COJINES 4 PIEZAS,,
01tVT000002zdJRYAY,SALA DE PATIO METALICA 4 PIEZAS CON COJINES,,
01tVT000002zdg1YAA,SALA DE PATIO METALICA CON COJINES 4 PIEZAS,,
01tVT000002zdksYAA,GAZEBO CUADRADO CON CORTINAS Y LUZ,,
01tVT000002zdrJYAQ,SALA DE PATIO CON COJINES 4 PIEZAS,,
01tVT000002ze5pYAA,SET COMEDOR ALUMINUM 7 PIEZAS CON COJINES,,
01tVT000002zeXFYAY,SALA DE PATIO METALICA CON COJINES 6 PIEZAS,,
01tVT000002zec5YAA,GAZEBO CUADRADO TOLDO RETRACTIL,,
01tVT000002zec6YAA,"GAZEBO RECTANGULAR CON COLUMPIO, MOSQUITERA Y COJINES",,
01tVT000002zellYAA,GAZEBO RECTANGULAR CON MOSQUITERA Y CORTINAS,,
01tVT000002zenOYAQ,GAZEBO CUADRADO POP UP CON CORTINAS,,
01tVT000002zfEnYAI,COLUMPIO BALANCIN TRIPLE CON COJINES,,
01tVT000002zfl3YAA,GAZEBO CUADRADO POP UP CON 4 PAREDES,,
01tVT000002zhV7YAI,COLUMPIO BALANCIN ACACIA,,
01tVT000002zt02YAA,SOFA CAMA,,
01tVT0000030CAjYAM,SET BISTRO ALUMINIO 3 PIEZAS,,
01tVT0000030CfNYAU,SET BISTRO WICKER CON CORJINES 3 PIEZAS,,
01tVT0000030DA2YAM,SET JARDIN CON COJINES CONVERTIBLE TUMBONA ACACIA,,
01tVT0000030JybYAE,ASADOR GAS RECTANGULAR,,
01tVT0000030LYzYAM,GAZEBO CUADRADO POP UP,,
01tVT0000030LfRYAU,SET BISTRO METALICO 3 PIEZAS,,
01tVT0000030LvZYAU,SILLA GIRATORIO ALUMINIO,,
01tVT0000030vpNYAQ,CHIMENEA DE PARED ELECTRICA CALENTADOR CON FUEGO LED 127V,,
01tVT0000030wALYAY,CHIMENEA DE PARED ELECTRICA CALENTADOR CON FUEGO LED 127V,,
01tVT0000030wQTYAY,CHIMENEA DE PARED ELECTRICA CALENTADOR CON FUEGO LED 127V,,
01tVT0000030wn3YAA,CALENTADOR FUEGO LED 127V,,
01tVT0000030xkjYAA,CALENTADOR FUEGO LED 127V,,
01tVT0000030y7JYAQ,CHIMENEA DE PARED ELECTRICA CALENTADOR CON FUEGO LED 127V,,
01tVT00000314r4YAA,SILLA COMEDOR PP NEGRA,,
01tVT00000315QXYAY,SILLA METALICA,,
01tVT00000315lVYAQ,SILLA METALICA,,
01tVT00000315qLYAQ,SILLA COMEDOR PP,,
01tVT0000031601YAA,BANCO METALICO,,
01tVT00000316T3YAI,BANCO METALICO,,
01tVT00000316WHYAY,SILLA COMEDOR PP,,
01tVT00000316rFYAQ,BANCO JARDIN PP,,
01tVT000003174AYAQ,MESA JARDIN RECTANGULAR PP,,
01tVT000003334UYAQ,SILLA METALICA,,
01tVT00000335izYAA,MESA JARDIN METALICO,,
01tVT0000033dMTYAY,CALENTADOR FUEGO LED 127V/60HZ 1500W,,
01tVT0000033dazYAA,CALENTADOR FUEGO LED 127V/60HZ 1500W,,
01tVT0000033dntYAA,CALENTADOR FUEGO LED 127V/60HZ 1500W,,
01tVT0000033eATYAY,CALENTADOR FUEGO LED 127V/60HZ 1500W,,
01tVT0000033ewsYAA,JUEGO DE SOFÁS PARA EXTERIOR DE ACACIA DE 4 PIEZAS,,
01tVT0000033fwAYAQ,SET BISTRO ACACIA 3 PIEZAS,,
01tVT0000033h6jYAA,JUEGO DE SOFÁS PARA EXTERIOR DE ACACIA DE 4 PIEZAS,,
01tVT0000033hgEYAQ,SALA DE PATIO ESQUINA ACACIA 6 PIEZAS CON COJINES,,
01tVT0000033iNmYAI,SET BISTRO METALICO 3 PIEZAS,,
01tVT0000033jy9YAA,SET COMEDOR ACACIA 5 PIEZAS,,
01tVT0000033kCfYAI,JUEGO DE COMEDOR PARA EXTERIOR DE 5 PIEZAS DE MADERA DE ACACIA Y RATÁN PE,,
01tVT0000033kJ7YAI,COLUMPIO COLGANTE ACOLCHADO,,
01tVT0000033kvpYAA,SET COMEDOR METALICO 6 PIEZAS,,
01tVT0000033l0fYAA,COLUMPIO COLGANTE ACOLCHADO,,
01tVT0000033lDZYAY,SET COMEDOR METALICO 6 PIEZAS,,
01tVT0000033lS5YAI,SET COMEDOR METALICO 8 PIEZAS,,
01tVT0000033lWwYAI,TUMBONA PLAYA METALICA,,
01tVT0000033ljpYAA,SET BISTRO METALICO 3 PIEZAS,,
01tVT0000033m4nYAA,COLUMPIO COLGANTE ACOLCHADO,,
01tVT0000033mBFYAY,SET INFANTIL 5 PIEZAS METALICO,,
01tVT0000033mXpYAI,COLUMPIO COLGANTE ACOLCHADO,,
01tVT0000033mj7YAA,TUMBONA PLAYA METALICA,,
01tVT0000033n2UYAQ,SET BISTRO METALICO,,
01tVT0000033n45YAA,SALA DE PATIO METALICA 4 PIEZAS,,
01tVT0000033nDlYAI,COLUMPIO COLGANTE ACOLCHADO,,
01tVT0000033nIbYAI,SET COMEDOR METALICO 6 PIEZAS,,
01tVT0000033nVVYAY,COLUMPIO COLGANTE ACOLCHADO,,
01tVT0000033nvJYAQ,SET BISTRO METALICO,,
01tVT0000033oBRYAY,SET BISTRO METALICO,,
01tVT0000033oszYAA,SET BISTRO METALICO,,
01tVT0000033pAkYAI,BANCO METALICO,,
01tVT0000034JjxYAE,ESTANTERIA DE PLANTADOR COLGADA,,
01tVT0000034KL0YAM,SILLA HUEVO ROTA,,
01tVT0000034MWTYA2,BANCO METALICO,,
01tVT0000034McwYAE,ESTANTERIA DE PLANTADOR,,
01tVT0000034MhlYAE,BANCO METALICO,,
01tVT0000034Ml0YAE,ESTANTERIA DE PLANTADOR,,
01tVT0000034MxtYAE,SET BISTRO METALICO,,
01tVT0000034N9BYAU,COLUMPIO COLGANTE ACOLCHADO,,
01tVT0000034NQvYAM,SILLA HUEVO ROTA,,
01tVT0000034NSXYA2,SET BISTRO METALICO,,
01tVT0000034NaeYAE,SOMBRILLA PLAYA,,
01tVT0000034Nh3YAE,SILLA HUEVO ROTA,,
01tVT0000034NtyYAE,SET 3 PIEZAS ESTANTERIA DE PLANTADOR,,
01tVT0000034OEvYAM,COLUMPIO COLGANTE ACOLCHADO,,
01tVT0000034OQDYA2,SOMBRILLA PLAYA PORTATIL,,
01tVT0000034OZtYAM,ESTANTERIA DE PLANTADOR,,
01tVT0000034ObVYAU,COLUMPIO COLGANTE,,
01tVT0000034OwUYAU,SOMBRILLA PLAYA,,
01tVT0000034P2wYAE,COLUMPIO COLGANTE ACOLCHADO,,
01tVT0000034Pu9YAE,COLUMPIO COLGANTE ACOLCHADO,,
01tVT0000034PyzYAE,SET 3 PIEZAS ESTANTERIA DE PLANTADOR,,
01tVT0000034QevYAE,COLUMPIO COLGANTE ACOLCHADO,,
01tVT0000034RBBYA2,SILLA GIRATORIA HUEVO,,
01tVT0000034RMTYA2,SILLA GIRATORIA HUEVO,,
01tVT0000034UQnYAM,SOMBRILLA PLAYA,,
01tVT0000034UgvYAE,SOMBRILLA PLAYA PORTATIL,,
01tVT0000034UnNYAU,ESTANTERIA METALICA ESQUINA 3 BALDAS,,
01tVT0000034V0IYAU,ESTANTERIA METALICA 4 BALDAS,,
01tVT0000034VEnYAM,SOMBRILLA PLAYA,,
01tVT0000034VTJYA2,PARAVIENTOS SOMBRILLA PLAYA,,
01tVT0000034VzZYAU,SOMBRILLA PLAYA,,
01tVT0000034W9FYAU,SOMBRILLA PLAYA,,
01tVT0000034Wh7YAE,"SOMBRILLA DE JARDÍN DE ACERO 2,0 M",,
01tVT0000034WyrYAE,SALA DE PATIO WICKER 4 PIEZAS CON COJIN,,
01tVT0000034X5KYAU,SOMBRILLA PLAYA IMITACION PLAYA,,
01tVT0000034X6vYAE,SOMBRILLA PLAYA,,
01tVT0000034XOfYAM,SALA DE PATIO WICKER 6 PIEZAS CON COJIN,,
01tVT0000034Y2zYAE,SALA DE PATIO WICKER 4 PIEZAS CON COJIN,,
01tVT0000034bXHYAY,CABANA PARASOL PLAYA,,
01tVT0000034f4XYAQ,CABANA PARASOL PLAYA,,
01tVT0000035DanYAE,SALA DE PATIO WICKER 4 PIEZAS CON COJINES,,
01tVT0000035DsXYAU,SALA DE PATIO WICKER 6 PIEZAS CON COJINES,,
01tVT0000035E5SYAU,SALA DE PATIO WICKER 3 PIEZAS CON COJINES,,
01tVT0000035EIMYA2,SALA DE PATIO WICKER 3 PIEZAS,,
01tVT0000035EOoYAM,GAZEBO PLAYA PROTECTOR SOLAR,,
01tVT0000035ES1YAM,SALA DE PATIO WICKER 3 PIEZAS,,
01tVT0000035F37YAE,GAZEBO PLAYA PROTECTOR SOLAR,,
01tVT0000035F4jYAE,SALA DE PATIO WICKER 4 PIEZAS CON COJINES,,
01tVT0000035FKrYAM,GAZEBO PLAYA PROTECTOR SOLAR,,
01tVT0000035FpWYAU,ANCLA METALICA PARA SOMBRILLA PLAYA,,
01tVT0000035FsjYAE,SALA DE PATIO WICKER 5 PIEZAS CON COJINES,,
01tVT0000035GQbYAM,MANTA PLAYA PORTATIL,,
01tVT0000035GqPYAU,GANCHO PLASTICO PARA SOMBRILLA PLAYA,,
01tVT0000035GtdYAE,SALA DE PATIO WICKER 3 PIEZAS CON COJINES,,
01tVT0000035H3JYAU,ANCLA PLASTICA PARA SOMBRILLA PLAYA,,
01tVT0000035HJRYA2,SALA DE PATIO ACACIA 4 PIEZAS CON COJINES,,
01tVT0000035HUjYAM,SOMBRILLA JARDIN 16 RIBS PUSH UP,,
01tVT0000035HjFYAU,"SOMBRILLA DE JARDÍN DE ACERO DE 2,4 M",,
01tVT0000035Hw9YAE,SOMBRILLA JARDIN RECTANGULAR 4 RIBS PUSH UP,,
01tVT0000035HxoYAE,SALA DE PATIO WICKER 4 PIEZAS CON COJIN,,
01tVT0000035I93YAE,SOMBRILLA JARDIN RECTANGULAR 10 RIBS PUSH UP,,
01tVT0000035IPBYA2,SOMBRILLA JARDIN FESTONEADO 8 RIBS CON TECHO DOBLE,,
01tVT0000035Ic5YAE,SOMBRILLA JARDIN FESTONEADO 6 RIBS,,
01tVT0000035IiXYAU,"SOMBRILLA DE JARDÍN DE ACERO DE 2,7 M",,
01tVT0000035J8MYAU,SALA DE PATIO WICKER 4 PIEZAS CON COJIN,,
01tVT0000035KcHYAU,SOMBRILLA JARDIN RECTANGULAR 6 RIBS,,
01tVT0000035KpBYAU,SALA DE PATIO WICKER CON COJIN,,
01tVT0000035LA9YAM,SALA DE PATIO WICKER 4 PIEZAS CON COJIN,,
01tVT0000035OO9YAM,SOMBRILLA DE JARDÍN LED 2M x 3M,,
01tVT0000035OnyYAE,SOMBRILLA JARDIN LATERAL CON BASE EN CRUZ Y LUZ LED (BLOQUES NO INCLUIDOS),,
01tVT0000035OuQYAU,"SOMBRILLA PARA JARDÍN DE HIELO 2,7 M",,
01tVT0000035QplYAE,SALA DE PATIO WICKER 5 PIEZAS CON COJINES,,
01tVT0000035QzRYAU,SOMBRILLA JARDIN TIOVIVO 16 RIBS,,
01tVT0000035RM1YAM,"SOMBRILLA DE JARDÍN DE ACERO DE 2,7 M",,
01tVT0000035RfNYAU,"SOMBRILLA PARA JARDÍN DE HIELO 2,7 M",,
01tVT0000035Rp3YAE,"SOMBRILLA DE JARDÍN DE ACERO DE 3,0 M",,
01tVT0000035SOXYA2,MESH MOSQUITERA REDONDA PARA SOMBRILLA JARDIN,,
01tVT0000035SoLYAU,MESH MOSQUITERA CUADRADA PARA SOMBRILLA JARDIN,,
01tVT0000035T65YAE,BASE SOMBRILLA EN CRUZ METALICA,,
01tVT0000035TFlYAM,BASE SOMBRILLA EN CRUZ METALICA,,
01tVT0000035TFnYAM,BASE SOMBRILLA HDPE,,
01tVT0000035TSfYAM,BASE SOMBRILLA HDPE 19KG,,
01tVT0000035TZ8YAM,LUZ LED PARA COLUMNA DE SOMBRILLA JARDIN,,
01tVT0000035Tm1YAE,BASE SOMBRILLA HDPE 15KG,,
01tVT0000035U0XYAU,BASE SOMBRILLA HDPE 15L,,
01tVT0000035UGfYAM,BASE SOMBRILLA HDPE 13L,,
01tVT0000035UrlYAE,LUZ LED 2-COLOR CONTROL REMOTO PARA SOMBRILLA JARDIN,,
01tVT0000035V7tYAE,APOYADERO PARA SOMBRILLA JARDIN,,
01tVT00000360N1YAI,TIENDA DE PLAYA INFANTIL POP UP CON PISCINA,,
01tVT00000361VxYAI,GAZEBO CUADRADO CON MOSQUITERA,,
01tVT00000361m6YAA,TIENDA DE PLAYA 1 BOTON,,
01tVT00000361qvYAA,TIENDA DE PLAYA INFANTIL POP UP,,
01tVT0000036274YAA,GAZEBO CUADRADO PORTATIL PROTECTOR SOLAR,,
01tVT00000362DWYAY,TIENDA DE PLAYA INSTANTE,,
01tVT00000362a5YAA,TIENDA DE PLAYA POP UP,,
01tVT00000363KrYAI,TIENDA DE CAMPAÑA DOMO,,
01tVT00000363eDYAQ,TIENDA DE CAMPAÑA INSTANTE,,
01tVT00000363sjYAA,GAZEBO CUADRADO PORTATIL PROTECTOR SOLAR,,
01tVT000003642PYAQ,TIENDA DE CAMPAÑA DOBLE CAPAS,,
01tVT000003648rYAA,TIENDA DE CAMPAÑA DOBLE CAPAS,,
01tVT00000364qPYAQ,GAZEBO RECTANGULAR POP UP CON 4 PAREDES Y VENTANAS,,
01tVT00000366AfYAI,SET COMEDOR 3 PIEZAS AHORRA ESPACIO WICKER CON COJIN,,
01tVT00000366sDYAQ,SET BISTRO WICKER,,
01tVT00000367JfYAI,SET BISTRO ACACIA,,
01tVT00000369mrYAA,SET BISTRO WICKER,,
01tVT0000036ANxYAM,SET BISTRO WICKER,,
01tVT0000036BX0YAM,SET COMEDOR EUCALIPTO 3 PIEZAS,,
01tVT0000036CHjYAM,CONJUNTO DE SOFÁS MULTIFUNCIONAL,,
01tVT0000036FU8YAM,SET DE MESA PLEGABLE CAMPNG,,
01tVT0000036LJPYA2,SET BISTRO 3 PIEZAS CON COJIN,,
01tVT0000036SKsYAM,SET COMEDOR EUCALIPTO 3 PIEZAS,,
01tVT0000038Xt7YAE,BANCO JARDIN CONVERTIBLE TUMBONA PLEGABLE LATERAL,,
01tVT0000038aW2YAI,SET BISTRO WICKER CON COJINES,,
01tVT0000038cj7YAA,SET BISTRO WICKER CON COJINES,,
01tVT0000038dNSYAY,SET BISTRO WICKER 5 PIEZAS CON COJINES,,
01tVT0000038fdmYAA,RADIADOR LIBRE ACEITE ALUMINIO 127V 2000W DISPLAY LCD CON PANTALLA TACTIL Y RUEDAS,,
01tVT0000038g6oYAA,SET BAR ACACIA 5 PIEZAS,,
01tVT0000038gLJYAY,SET BISTRO WICKER 3 PIEZAS,,
01tVT0000038h1FYAQ,SET COMEDOR 5 PIEZAS,,
01tVT0000038hR4YAI,SET COMEDOR 3 PIEZAS,,
01tVT0000038iTZYAY,SET COMEDOR 5 PIEZAS,,
01tVT0000038itNYAQ,SET COMEDOR 5 PIEZAS,,
01tVT0000038itPYAQ,RADIADOR ACEITE 127V 1500W CON RUEDAS,,
01tVT0000038jZJYAY,CALENTADOR SOBREMESA PTC 127V 1000W/1800W,,
01tVT0000038jsfYAA,SET COMEDOR 7 PIEZAS WICKER,,
01tVT0000038k7BYAQ,RADIADOR ACEITE 127V 1000W-2500W DISPLAY LCD CON PANTALLA TACTIL Y RUEDAS,,
01tVT0000038kS9YAI,RADIADOR ACEITE 127V 1500W CON RUEDAS,,
01tVT0000038kgfYAA,RADIADOR ACEITE 127V 1500W CON RUEDAS,,
01tVT0000038lZVYAY,CALENTADOR SOBREMESA 127V 1000W/2000W,,
01tVT0000038lsrYAA,CALENTADOR SOBREMESA 127V 1000W/2000W,,
01tVT0000039cE3YAI,CALENTADOR PISO 127V 1000W/2000W DISPLAY LCD CON PANTALLA TACTIL Y CONTROL REMOTO,,
01tVT0000039eirYAA,CALENTADOR PISO / PARED 127V 750W/1250W/2000W,,
01tVT0000039fBvYAI,(INACTIVO) VENTILADOR TORRE 127V 45W,,
01tVT0000039iEbYAI,CALENTADOR PISO / PARED 127V 500W/1000W CON RUEDAS,,
01tVT0000039iZZYAY,CALENTADOR PISO / PARED 127V 750W/1500W CON RUEDAS,,
01tVT0000039io5YAA,CALENTADOR PISO / PARED 127V 1000W/2000W CON RUEDAS,,
01tVT0000039ixlYAA,CALENTADOR PISO / PARED 127V 1000W/2000W,,
01tVT0000039j5pYAA,(INACTIVO) VENTILADOR TORRE 127V 45W,,
01tVT0000039jYrYAI,CALENTADOR PISO CON MANGO 127V 400W/800W/1200W,,
01tVT0000039lZ3YAI,SOFA CAMA,,
01tVT0000039lkLYAQ,SOFA CAMA,,
01tVT0000039lu1YAA,SOFA CAMA,,
01tVT0000039m25YAA,SOFA CAMA,,
01tVT000003EF77YAG,HIELERA CAMPING PLEGABLE PVC,,
01tVT000003EFGnYAO,TABURETE PLEGABLE CAMPING CON NEVERA,,
01tVT000003EFNFYA4,TABURETE PLEGABLE CAMPING CON NEVERA,,
01tVT000003EFgbYAG,SET BISTRO PLEGABLE CAMPING CON SOMBRILLA,,
01tVT000003EI9pYAG,SILLA PLEGABLE CAMPING CON TECHO,,
01tVT000003EJ2fYAG,SILLA PLEGABLE CAMPING CON BOLSA,,
01tVT000003EJNeYAO,SILLA PLEGABLE PP,,
01tVT000003EJsHYAW,SILLA PLEGABLE CAMPING CON BOLSA,,
01tVT000003EKl7YAG,SILLA PLEGABLE CAMPING 2 PLAZAS CON BOLSA,,
01tVT000003EKwPYAW,TUMBONA PLEGABLE CAMPING CON BOLSA,,
01tVT000003ELAvYAO,SILLA PLEGABLE INFANTIL CAMPING CON BOLSA,,
01tVT000003ELR3YAO,SET BISTRO PLEGABLE CAMPING CON BOLSAS,,
01tVT000003ENSrYAO,SILLA PLAYA,,
01tVT000003ExPuYAK,ASADOR CARBON RECTANGULAR CON MESA LATERAL,,
01tVT000003EygvYAC,SILLA PLAYA,,
01tVT000003EyqbYAC,SILLA PLAYA,,
01tVT000003Ez1tYAC,SILLA PLAYA,,
01tVT000003Ez3WYAS,SILLA PLAYA,,
01tVT000003EzBZYA0,SILLA PLAYA,,
01tVT000003EzEnYAK,SILLA PLAYA,,
01tVT000003EzukYAC,TUMBONA PLAYA METALICA,,
01tVT000003F18YYAS,ASADOR CARBON PORTATIL,,
01tVT000003F1YLYA0,ASADOR CARBON PORTATIL,,
01tVT000003F1jdYAC,CATRE CAMPING PLEGABLE AL AIRE LIBRE,,
01tVT000003F1oTYAS,ASADOR CARBON PORTATIL,,
01tVT000003F1y9YAC,SILLA PLAYA,,
01tVT000003F2HVYA0,SILLA PLEGABLE CAMPING CON MESA LATERAL,,
01tVT000003F5ldYAC,ASADOR CARBON RECTANGULAR,,
01tVT000003F64zYAC,ASADOR CARBON PORTATIL,,
01tVT000003F6OLYA0,ASADOR CARBON RECTANGULAR CON MESA LATERAL,,
01tVT000003F6q3YAC,SILLA PLEGABLE CAMPING TRIANGULO,,
01tVT000003F799YAC,POZO DE FUEGO,,
01tVT000003F7DxYAK,SILLON LUNA PLEGABLE TERCIOPELO,,
01tVT000003F7HBYA0,POZO DE FUEGO,,
01tVT000003F7STYA0,POZO DE FUEGO,,
01tVT000003F7dlYAC,SILLA PLEGABLE CAMPING,,
01tVT000003F7tuYAC,SILLON LUNA PLEGABLE INFANTIL TERCIOPELO,,
01tVT000003F8d3YAC,POZO DE FUEGO,,
01tVT000003F8pxYAC,SILLA PLAYA CON MALLA,,
01tVT000003F91FYAS,POZO DE FUEGO,,
01tVT000003F97hYAC,SILLA PLAYA,,
01tVT000003F9inYAC,TUMBONA PLAYA METALICA,,
01tVT000003F9sTYAS,SILLA PLAYA,,
01tVT000003FAADYA4,SILLA PLAYA,,
01tVT000003FAAEYA4,SILLA ALUMINIO,,
01tVT000003FALVYA4,SILLA PLAYA,,
01tVT000003FAq9YAG,TABURETE PLEGABLE CAMPING TRIANGULO,,
01tVT000003FAzpYAG,SILLA PLEGABLE CAMPING CON BOLSA,,
01tVT000003FBEMYA4,CARRITO TRANSPORTADOR PLEGABLE,,
01tVT000003FBHZYA4,SILLA ALUMINIO,,
01tVT000003FBcXYAW,CARRITO TRANSPORTADOR PLEGABLE,,
01tVT000003FBmDYAW,SILLON GIRATORIO CON COJIN,,
01tVT000003FBr3YAG,CATRE CAMPING PLEGABLE AL AIRE LIBRE,,
01tVT000003FBz7YAG,CATRE CAMPING PLEGABLE AL AIRE LIBRE,,
01tVT000003FCAPYA4,CARRITO TRANSPORTADOR PLEGABLE,,
01tVT000003FCLhYAO,SILLA PLEGABLE CAMPING CON MESA LATERAL Y NEVERA,,
01tVT000003G1HnYAK,FUENTE PIEDRA ACABADO PLASTICO CON LED,,
01tVT000003G290YAC,FUENTE ACABADO PLASTICO CON LED,,
01tVT000003G3GNYA0,FUENTE BUDA ACABADO PLASTICO CON LED,,
01tVT000003G3eXYAS,FUENTE ACABADO PLASTICO CON LED,,
01tVT000003G3gAYAS,FUENTE ACABADO PLASTICO CON LED,,
01tVT000003G3ppYAC,FUENTE ACABADO PLASTICO CON LED,,
01tVT000003G4YzYAK,SILLA PLAYA TRANSFORMADOR CARRITO TRANSPORTADOR MULTIFUNCIONAL,,
01tVT000003G4ltYAC,FUENTE BUDA ACABADO PLASTICO CON LED,,
01tVT000003G521YAC,FUENTE YOGA ACABADO PLASTICO CON LED,,
01tVT000003G5N0YAK,FUENTE ABSTRACTA CON LED,,
01tVT000003G5gLYAS,CARRITO TRANSPORTADOR PLEGABLE CAMPING 2 NIVELES,,
01tVT000003G6aoYAC,COLCHON INFLABLE,,
01tVT000003G6cQYAS,FUENTE CON LED,,
01tVT000003G6kTYAS,FUENTE ABSTRACTA CON LED,,
01tVT000003G70bYAC,CARRITO TRANSPORTADOR PLEGABLE CAMPING CON MESA,,
01tVT000003G773YAC,FUENTE ABSTRACTA CON LED,,
01tVT000003G7F7YAK,CARRITO TRANSPORTADOR PLEGABLE CAMPING CON NEVERA,,
01tVT000003G7TdYAK,FUENTE ABSTRACTA CON LED,,
01tVT000003G7WrYAK,CARRITO TRANSPORTADOR PLEGABLE CAMPING CON NEVERA Y TECHO,,
01tVT000003G7dKYAS,FUENTE CON LED,,
01tVT000003G8vxYAC,FUENTE BUDA CON LED,,
01tVT000003G9GvYAK,FUENTE ABSTRACTA CON LED,,
01tVT000003G9jxYAC,COLCHON INFLABLE,,
01tVT000003GA4vYAG,COLCHON INFLABLE,,
01tVT000003GICAYA4,TUMBONA PLAYA METALICA,,
01tVT000003GJplYAG,COLCHON INFLABLE DOBLE,,
01tVT000003GKKPYA4,SILLA PLAYA,,
01tVT000003GLUzYAO,TUMBONA PLAYA METALICA CON HUECO,,
01tVT000003GLl7YAG,TUMBONA PLAYA METALICA CON HUECO,,
01tVT000003GMkPYAW,TUMBONA PLAYA METALICA,,
01tVT000003HGhmYAG,SILLA DOBLE PLAYA,,
01tVT000003HH5zYAG,SILLA COMEDOR RATAN CON COJIN,,
01tVT000003HLkfYAG,SILLA METALICA CON REPOSAPIES AJUSTABLE,,
01tVT000003HMOzYAO,SILLA DOBLE PLAYA,,
01tVT000003HMYfYAO,SILLA WICKER CON RESPALDO AJUSTABLE,,
01tVT000003HMdVYAW,SILLA PLAYA,,
01tVT000003HP6jYAG,SILLA DOBLE PLAYA,,
01tVT000003HPUvYAO,SILLA PLAYA,,
01tVT000003HPd0YAG,TUMBONA PLAYA CON RESPALDO AJUSTABLE GASLIFT,,
01tVT000003HPl3YAG,SILLA DOBLE PLAYA CON TOLDO,,
01tVT000003HQ4PYAW,SET DE SILLA DOBLE PLAYA,,
01tVT000003HQijYAG,POZO DE FUEGO,,
01tVT000003HQvdYAG,POZO DE FUEGO,,
01tVT000003HRN3YAO,TUMBONA PLAYA CON COJIN,,
01tVT000003HRZyYAO,TUMBONA PLAYA PLEGABLE CON COJIN,,
01tVT000003HRi1YAG,TUMBONA PLAYA,,
01tVT000003HRlGYAW,TUMBONA PLAYA DOBLE CON COJIN,,
01tVT000003HRriYAG,TUMBONA PLAYA DOBLE CON GASLIFT 2 PIEZAS,,
01tVT000003HTWvYAO,TUMBONA PLAYA DOBLE CON COJIN,,
01tVT000003Ieq6YAC,SERIE DE LUZ ELECTRONICO,,
01tVT000003IiKDYA0,SERIE DE LUZ SOLAR,,
01tVT000003LwX7YAK,"(INACTIVO) VENTILADOR PISO 16"" 50W 127V 3 VELOCIDADES OSCILANTE CON CONTROL REMOTO",,
01tVT000003M32LYAS,"VENTILADOR DE ESCRITORIO DE 7"", BATERÍA DE IONES DE LITIO DE 1200 MAH",,
01tVT000003M3wnYAC,"VENTILADOR DE PIE DE 18"", 3 EN 1",,
01tVT000003M5CDYA0,"VENTILADOR DE CAJA DE 20"", 5 ASPAS",,
01tVT000003M5P7YAK,"VENTILADOR SOBREMESA 20"" 80W 127V 3 VELOCIDADES CON CONTROL REMOTO",,
01tVT000003M5fFYAS,"VENTILADOR DE CAJA DE 20"", 5 ASPAS",,
01tVT000003M5vNYAS,"VENTILADOR TECHO 16"" 65W 127V 3 VELOCIDADES",,
01tVT000003M6Q1YAK,"VENTILADOR TORRE 30"" 45W 127V 3 VELOCIDADES OSCILANTE CON CONTROL REMOTO",,
01tVT000003M6mbYAC,"(INACTIVO) VENTILADOR TORRE 32"" 45W 127V 3 VELOCIDADES OSCILANTE CON CONTROL REMOTO",,
01tVT000003M74LYAS,"VENTILADOR TORRE 36"" 45W 127V 3 VELOCIDADES OSCILANTE CON CONTROL REMOTO",,
01tVT000003M7VlYAK,"(INACTIVO) VENTILADOR TORRE 42"" 50W 127V 3 VELOCIDADES OSCILANTE CON CONTROL REMOTO",,
01tVT000003M7txYAC,"VENTILADOR PISO 20"" 120W 127V 3 VELOCIDADES",,
01tVT000003M96BYAS,SET COMEDOR MDF + 4 SILLAS,,
01tVT000003MBmHYAW,TOBOGÁN GRANDE,,
01tVT000003MCNOYA4,CENTRO DE JUEGOS GRANDE,,
01tVT000003MCgjYAG,SET COMEDOR MDF + 4 SILLAS,,
01tVT000003MConYAG,CENTRO DE JUEGOS GRANDE,,
01tVT000003MDBNYA4,CASA DE MUNECAS,,
01tVT000003MDCzYAO,SET COMEDOR MDF + 4 SILLAS,,
01tVT000003MECHYA4,TOBOGAN CHICO,,
01tVT000003MhChYAK,ASADOR CARBON CERAMICO REDONDO CON MESAS LATERALES,,
01tVT000003MkNSYA0,SET COMEDOR EUCALIPTO 3 PIEZAS,,
01tVT000003MkYkYAK,ASADOR CARBON CERAMICO REDONDO CON MESAS LATERALES,,
01tVT000003MnQBYA0,SET COMEDOR EUCALIPTO 3 PIEZAS,,
01tVT000003MoipYAC,SALA DE PATIO METALICA 4 PIEZAS,,
01tVT000003MoviYAC,SET COMEDOR EUCALIPTO 5 PIEZAS,,
01tVT000003Mp3mYAC,SOFA CAMA WICKER CON COJINES,,
01tVT000003MvXPYA0,(INACTIVO) TUNEL INFANTIL PEQUENO,,
01tVT000003MxqvYAC,CENTRO DE JUEGOS GRANDE,,
01tVT000003My8fYAC,CENTRO DE JUEGOS GRANDE,,
01tVT000003Mz37YAC,(INACTIVO) OBSTACULO PARA NINOS,,
01tVT000003N7iEYAS,COLUMPIO DOBLE CON SOPORTE,,
01tVT000003N945YAC,BALANCIN,,
01tVT000003N9yXYAS,ESCALADA,,
01tVT000003QtS9YAK,SOFA CAMA,,
01tVT000003UtbfYAC,SILLA COMEDOR PU,,
01tVT000003UuJBYA0,SILLA COMEDOR TERCIOPELO,,
01tVT000003UvYcYAK,BANCO BAR PU,,
01tVT000003UwcjYAC,BANCO BAR PU,,
01tVT000003UwknYAC,BANCO BAR PU,,
01tVT000003Ux0vYAC,BANCO BAR PU + MADERA,,
01tVT000003UxAbYAK,BANCO BAR MADERA,,
01tVT000003UxNVYA0,BANCO BAR PU + MADERA,,
01tVT000003UxfFYAS,BANCO BAR PU,,
01tVT000003Uy9tYAC,BANCO BAR TELA,,
01tVT000003V1NuYAK,SILLA COMEDOR METALICA + PP,,
01tVT000003V3G1YAK,SILLA COMEDOR PP,,
01tVT000003V3PiYAK,SILLA COMEDOR PP + MADERA,,
01tVT000003V3XmYAK,SILLA COMEDOR PP,,
01tVT000003V3XnYAK,ORGANIZADOR ZAPATOS 3 NIVELES,,
01tVT000003V4QbYAK,SILLA COMEDOR PP,,
01tVT000003V4YgYAK,ORGANIZADOR ZAPATOS 4 NIVELES,,
01tVT000003V5CzYAK,ORGANIZADOR ZAPATOS 2 NIVELES,,
01tVT000003V6iXYAS,REPISA ORGANIZADOR,,
01tVT000003V6qbYAC,PERCHERO ZAPATERO,,
01tVT000003V7JeYAK,PERCHERO ZAPATERO,,
01tVT000003V8h7YAC,PERCHERO ZAPATERO,,
01tVT000003V9BlYAK,PERCHERO ORGANIZADOR DE TELA,,
01tVT000003V9TWYA0,ORGANIZADOR DE JUGUETES 3 NIVELES,,
01tVT000003V9dBYAS,PERCHERO ZAPATERO,,
01tVT000003V9mrYAC,SET COMEDOR MADERA 7 PIEZAS,,
01tVT000003V9rhYAC,PERCHERO,,
01tVT000003VAJ7YAO,CAJA ORGANIZADOR,,
01tVT000003VAarYAG,CAJA ORGANIZADOR,,
01tVT000003VAnlYAG,CAJA ORGANIZADOR,,
01tVT000003VB2HYAW,CAJA ORGANIZADOR,,
01tVT000003VBQTYA4,ORGANIZADOR DE JUGUETES 3 NIVELES,,
01tVT000003W3sIYAS,SET COMEDOR MDF 6 PIEZAS,,
01tVT000003W7PdYAK,SET COMEDOR MDF 7 PIEZAS,,
01tVT000003W7npYAC,SET COMEDOR CAUCHO 7 PIEZAS,,
01tVT000003W85ZYAS,SET COMEDOR MDF 5 PIEZAS,,
01tVT000003W8VNYA0,SET COMEDOR MDF 5 PIEZAS,,
01tVT000003W8tZYAS,SET COMEDOR MDF 5 PIEZAS,,
01tVT000003W9CvYAK,SET COMEDOR MDF 6 PIEZAS,,
01tVT000003W9uTYAS,SET COMEDOR MDF 6 PIEZAS,,
01tVT000003WHATYA4,SET COMEDOR MDF 5 PIEZAS,,
01tVT000003WIRVYA4,SET COMEDOR MDF 5 PIEZAS,,
01tVT000003XGDxYAO,SET COMEDOR MDF 6 PIEZAS,,
01tVT000003XGvVYAW,SET COMEDOR MDF 7 PIEZAS,,
01tVT000003XH3aYAG,SET COMEDOR MDF EXTENSIBLE 7 PIEZAS,,
01tVT000003XHYDYA4,SET COMEDOR MDF EXTENSIBLE 7 PIEZAS,,
01tVT000003XI7iYAG,SET COMEDOR MDF EXTENSIBLE 7 PIEZAS,,
01tVT000003XIEAYA4,SET COMEDOR MDF 5 PIEZAS,,
01tVT000003XIndYAG,SET COMEDOR MDF EXTENSIBLE 7 PIEZAS,,
01tVT000003XW7SYAW,ESTANTERIA 5 NIVELES,,
01tVT000003XYSbYAO,ESTANTERIA 4 NIVELES,,
01tVT000003XaPZYA0,MESA RESINA PLEGABLE ? 3.5 cm,,
01tVT000003XaxRYAS,MESA RESINA PLEGABLE ? 3.5 cm,,
01tVT000003YLI2YAO,SILLON TERCIOPELO,,
01tVT000003YV66YAG,ESPEJO DE PISO RECTANGULAR CON MARCO POLIESTIRENO,,
01tVT000003YVCZYA4,ESPEJO DE PARED RECTANGULAR CON MARCO ALUMINIO,,
01tVT000003YWgUYAW,ESPEJO DE PARED REDONDO CON MARCO ALUMINIO,,
01tVT000003YagrYAC,SILLON PU,,
01tVT000003Yd8UYAS,ESPEJO DE PARED CON MARCO ALUMINIO,,
01tVT000003YevnYAC,SILLON CUERO SINTETICO,,
01tVT000003YfevYAC,ESPEJO DE PISO RECTANGULAR CON MARCO ALUMINIO,,
01tVT000003YgKrYAK,ESPEJO DE PARED CON MARCO ALUMINIO,,
01tVT000003YgZNYA0,ESPEJO DE PARED RECTANGULAR CON MARCO ALUMINIO,,
01tVT000003Ygv6YAC,ESPEJO DE PARED REDONDO CON MARCO MADERA,,
01tVT000003YgxZYAS,ESPEJO DE PISO RECTANGULAR CON MARCO ALUMINIO,,
01tVT000003YhLlYAK,ESPEJO DE PISO RECTANGULAR CON MARCO MADERA,,
01tVT000003YkOTYA0,SILLON MECEDORA TERCIOPELO,,
01tVT000003Ykt8YAC,TV STAND MUEBLE CRISTAL SOPORTE,,
01tVT000003YpsoYAC,MESA RESINA CUADRADA FIJA,,
01tVT000003boKIYAY,TV STAND MUEBLE CRISTAL CON SOPORTE GIRATORIO,,
01tVT000003bonJYAQ,TV STAND MUEBLE CRISTAL SOPORTE,,
01tVT000003bpeXYAQ,TV STAND MUEBLE CRISTAL CON SOPORTE GIRATORIO,,
01tVT000003bqkHYAQ,TV STAND MUEBLE CRISTAL CON SOPORTE GIRATORIO,,
01tVT000003c1uHYAQ,CARRITO BAÑO 3 NIVELES,,
01tVT000003c47LYAQ,CARRITO BAÑO 2 NIVELES,,
01tVT000003c48wYAA,CARRITO BAÑO 2 NIVELES,,
01tVT000003c4wvYAA,CARRITO BAÑO 3 NIVELES,,
01tVT000003c5bGYAQ,PERCHERO ORGANIZADOR ALMACENAMIENTO 2 NIVELES CON RUEDAS,,
01tVT000003c5crYAA,PERCHERO ORGANIZADOR ALMACENAMIENTO CON RUEDAS,,
01tVT000003c5wDYAQ,PERCHERO ORGANIZADOR ALMACENAMIENTO CON RUEDAS,,
01tVT000003c6KPYAY,PERCHERO ORGANIZADOR CAJONERA 2 NIVELES CON RUEDAS,,
01tVT000003c6yjYAA,CARRITO BAÑO 3 NIVELES,,
01tVT000003cpscYAA,MESA AUXILIAR,,
01tVT000003csdZYAQ,MESA AUXILIAR,,
01tVT000003eNAiYAM,MESA AUXILIAR 2 PIEZAS,,
01tVT000003eQmrYAE,MESA AUXILIAR,,
01tVT000003eR6DYAU,MESA AUXILIAR,,
01tVT000003eRm9YAE,MESA AUXILIAR,,
01tVT000003eTuQYAU,SILLA ORDENADOR PU,,
01tVT000003eV9uYAE,CENTRO ENTRETENIMIENTO 4 CAJONES,,
01tVT000003eX1xYAE,SILLA ORDENADOR PU,,
01tVT000003eYPSYA2,SILLA ORDENADOR MESH,,
01tVT000003eZoXYAU,SILLA ORDENADOR MESH,,
01tVT000003eaJBYAY,SILLA ORDENADOR,,
01tVT000003eaj0YAA,SILLA ORDENADOR MESH + PVC,,
01tVT000003efyoYAA,SILLA ORDENADOR PU,,
01tVT000003egWfYAI,APARADOR 6 PUERTAS,,
01tVT000003eghxYAA,APARADOR 2 CAJONES,,
01tVT000003ehZBYAY,MESA AUXILIAR 2 CAJONES,,
01tVT000003elWLYAY,SILLA ORDENADOR PU + PVC,,
01tVT000003eluXYAQ,MESA ESCRITORIO GAMING,,
01tVT000003emDtYAI,MESA ESCRITORIO GAMING,,
01tVT000003emnNYAQ,SILLA GAMING CON APOYAPIES,,
01tVT000003emvRYAQ,SILLA GAMING,,
01tVT000003fKXJYA2,SOFA 3 PLAZAS CON 2 ALMOHADAS,,
01tVT000003fL5BYAU,SOFA CAMA CHESLONG TRANSFORMER CON ALMACENAMIENTO,,
01tVT000003fNmvYAE,SET COMEDOR MARMOL 7 PIEZAS,,
01tVT000003fOFxYAM,PERCHERO ORGANIZADOR ALMACENAMIENTO 2 NIVELES INFANTIL,,
01tVT000003fWAHYA2,SET COMEDOR MDF 5 PIEZAS,,
01tVT000003gFiUYAU,SET MESA CON CAJONES + SILLA,,
01tVT000003gIDJYA2,BAÚL JUGUETES INFANTIL,,
01tVT000003gMdVYAU,BAÚL JUGUETES INFANTIL,,
01tVT000003gMqPYAU,ESTANTERIA PARA LIBROS CON CAJON,,
01tVT000003gOaTYAU,SILLA ORDENADOR PVC,,
01tVT000003gOozYAE,SILLA ORDENADOR PU,,
01tVT000003gOx4YAE,SILLA ORDENADOR PVC,,
01tVT000003gP0HYAU,SILLA ORDENADOR PU,,
01tVT000003gP9xYAE,SILLA ORDENADOR PU,,
01tVT000003gPJdYAM,SILLA ORDENADOR PU,,
01tVT000003gPUvYAM,SILLA ORDENADOR PVC,,
01tVT000003gPoIYAU,SILLA ORDENADOR PU,,
01tVT000003gQ7dYAE,SILLA ORDENADOR PVC,,
01tVT000003gQFhYAM,SILLA ORDENADOR PU,,
01tVT000003hqjCYAQ,SET MESA + SILLAS INFANTIL CON ALMACENAJE,,
01tVT000003iIHFYA2,JUGUETERO DE MDF INFANTIL,,
01tVT000003iIM6YAM,SET MESA + SILLAS INFANTIL CON ALMACENAJE,,
01tVT000003iKKgYAM,MESA ESCRITORIO DE PIE ELETRICO CRISTAL,,
01tVT000003iKPWYA2,JUGUETERO 6 CAJONES DE PLASTICO INFANTIL,,
01tVT000003iKe1YAE,PIZARRA INFANTIL CON ALMACENAJE,,
01tVT000003iKvlYAE,ESTRUCTURA CAMA INFANTIL,,
01tVT000003iL2DYAU,MESA ESCRITORIO DE PIE ELETRICO PORTATIL,,
01tVT000003iLDVYA2,BAÚL JUGUETES INFANTIL,,
01tVT000003iLILYA2,MESA ESCRITORIO DE PIE ELETRICO PORTATIL,,
01tVT000003iLYTYA2,MESA ESCRITORIO DE PIE ELETRICO CRISTAL,,
01tVT000003iLocYAE,MESA ESCRITORIO DE PIE ELETRICO MADERA,,
01tVT000003iLv3YAE,BAÚL JUGUETES INFANTIL CON ESTANTERIA,,
01tVT000003iMMTYA2,MESA ESCRITORIO DE PIE ELETRICO,,
01tVT000003iMW9YAM,MESA ESCRITORIO DE PIE ELETRICO MADERA,,
01tVT000003iMntYAE,JUGUETERO 4 CAJONES DE PLASTICO INFANTIL,,
01tVT000003iMzBYAU,JUGUETERO 9 CAJONES DE PLASTICO INFANTIL,,
01tVT000003iNK9YAM,SET MESA + SILLAS INFANTIL CON ALMACENAJE Y ESTANTERIA,,
01tVT000003iOjFYAU,SET MESA + SILLA,,
01tVT000003iT1OYAU,LITERA TIPO LOFT,,
01tVT000003iThJYAU,SET MESA + SILLA,,
01tVT000003iU2HYAU,ESTANTERIA GIRATORIA INFANTIL 3 NIVELES,,
01tVT000003iUezYAE,ESTRUCTURA CAMA INFANTIL CON TENT,,
01tVT000003iVpZYAU,ESTRUCTURA CAMA INFANTIL,,
01tVT000003j3McYAI,LITERA INFANTIL,,
01tVT000003j4P8YAI,LITERA INFANTIL,,
01tVT000003j5eXYAQ,LITERA INFANTIL,,
01tVT000003j6E1YAI,LITERA INFANTIL,,
01tVT000003j7zhYAA,CHIMENEA ELECTRICA CALENTADOR CON FUEGO LED Y REPISA 120V,,
01tVT000003j9evYAA,CHIMENEA ELECTRICA CALENTADOR CON FUEGO LED Y REPISA 120V,,
01tVT000003j9yHYAQ,CHIMENEA ELECTRICA CALENTADOR CON FUEGO LED Y REPISA 120V,,
01tVT000003jAEPYA2,CHIMENEA ELECTRICA CALENTADOR CON FUEGO LED Y REPISA 120V,,
01tVT000003jD2cYAE,SILLON RECLINABLE ELECTRICO CORNER 5 PLAZAS,,
01tVT000003jD93YAE,SILLON RECLINABLE MANUAL CORNER 5 PLAZAS,,
01tVT000003jE1tYAE,SILLON RECLINABLE MANUAL CORNER 5 PLAZAS,,
01tVT000003jEI1YAM,SILLON RECLINABLE ELECTRICO CORNER 5 PLAZAS,,
01tVT000003jFpBYAU,SILLON RECLINABLE ELECTRICO,,
01tVT000003jG5JYAU,SILLON RECLINABLE ELECTRICO,,
01tVT000003jHB3YAM,SILLON RECLINABLE ELECTRICO,,
01tVT000003jHJ7YAM,SILLON RECLINABLE ELECTRICO,,
01tVT000003jtUsYAI,ESTANTERIA GIRATORIA 3 NIVELES,,
01tVT000003juHGYAY,SILLON RECLINABLE ELECTRICO,,
01tVT000003juU9YAI,SILLON RECLINABLE ELECTRICO,,
01tVT000003judrYAA,SILLON RECLINABLE ELECTRICO,,
01tVT000003jufRYAQ,SILLON RECLINABLE ELECTRICO,,
01tVT000003jvI9YAI,SILLON RECLINABLE ELECTRICO,,
01tVT000003jvy5YAA,SILLON RECLINABLE ELECTRICO,,
01tVT000003jwm5YAA,SOFA SECCIONAL CON ALMACENAJE,,
01tVT000003jx73YAA,SILLON RECLINABLE ELECTRICO 3 PLAZAS,,
01tVT000003jxF7YAI,SILLON RECLINABLE ELECTRICO 2 PLAZAS,,
01tVT000003jxOnYAI,SILLON RECLINABLE ELECTRICO 1 PLAZAS,,
01tVT000003jzGvYAI,SILLA INFANTIL COMEDOR,,
01tVT000003jzdVYAQ,SILLA INFANTIL COMEDOR CON COJIN,,
01tVT000003jzqPYAQ,SILLA INFANTIL COMEDOR CON COJIN Y TABLERO,,
01tVT000003k0bBYAQ,ESCALERA INFANTIL DOMESTICA 2 NIVELES,,
01tVT000003k2TJYAY,SILLON RECLINABLE ELECTRICO CORNER,,
01tVT000003k2bOYAQ,SILLON RECLINABLE MANUAL CORNER,,
01tVT000003k9oAYAQ,VENTILADOR EVAPORATIVOS DE TORRE 60W 120V,,
01tVT000003kA7WYAU,"ENFRIADOR DE AIRE EVAPORATIVO, DEPÓSITO DE 5 L",,
01tVT000003kACLYA2,"VENTILADOR DE ESCRITORIO DE 12"", 5 ASPAS",,
01tVT000003kAXJYA2,"VENTILADOR SOBREMESA 16"" 55W 3 VELOCIDADES",,
01tVT000003kAc9YAE,VENTILADOR PISO + HUMIDIFICADOR + MIST 3 EN 1 MULTIFUNCIONAL 80W 120V,,
01tVT000003kAvVYAU,"VENTILADOR PISO 12"" 40W 3 VELOCIDADES",,
01tVT000003kBBdYAM,"ENFRIADOR DE AIRE EVAPORATIVO, DEPÓSITO DE 30 L",,
01tVT000003kBErYAM,"VENTILADOR PISO 16"" 55W 3 VELOCIDADES",,
01tVT000003kBQ9YAM,VENTILADOR EVAPORADOR 95W 120V CON RUEDAS,,
01tVT000003kBYDYA2,"VENTILADOR PISO 12"" 24W 16 VELOCIDADES",,
01tVT000003kBjVYAU,"VENTILADOR PISO 14"" 24W 24 VELOCIDADES",,
01tVT000003kBwPYAU,(INACTIVO) VENTILADOR TORRE AJUSTABLE Y OSCILANTE,,
01tVT000003kC4UYAU,"VENTILADOR DE TORRE DE 40"", CONTROL REMOTO",,
01tVT000003kCHNYA2,"VENTILADOR TORRE 35"" 60W 3 VELOCIDADES",,
01tVT000003kCR3YAM,VENTILADOR TORRE 60W 120V,,
01tVT000003kCSfYAM,(INACTIVO) VENTILADOR 3 MULTIFUNCION USB,,
01tVT000003kCfZYAU,VENTILADOR TORRE 60W 120V,,
01tVT000003kChBYAU,(INACTIVO) VENTILADOR PISO DC MOTOR,,
01tVT000003kCinYAE,VENTILADOR TORRE 120V 60W,,
01tVT000003kCvhYAE,(INACTIVO) VENTILADOR TORRE 50W,,
01tVT000003pK7pYAE,SILLON RECLINABLE ELECTRICO CORNER,,
01tVT000003q0YTYAY,SOFA CAMA,,
01tVT000003q0i9YAA,SOFA CAMA,,
01tVT000003sjT4YAI,ACONDICIONADOR DE AIRE 127V 100W CON CAPACIDAD TANQUE DE AGUA 20L,,
01tVT000003sjknYAA,"ACONDICIONADOR DE AIRE 127V 80W CON CAPACIDAD TANQUE DE AGUA 12L, CONTROL REMOTO Y RUEDAS",,
01tVT000003sk8zYAA,ACONDICIONADOR DE AIRE 127V 65W CON CAPACIDAD TANQUE DE AGUA 15L Y LED,,
01tVT000003skSLYAY,ACONDICIONADOR DE AIRE MULTIFUNCIONAL 127V 80W CON CAPACIDAD TANQUE DE AGUA 12L,,
01tVT000003skqXYAQ,ACONDICIONADOR DE AIRE 127V 65W CON CAPACIDAD TANQUE DE AGUA 9L,,
01tVT000003sl1pYAA,ACONDICIONADOR DE AIRE MULTIFUNCIONAL 127V 65W CON CAPACIDAD TANQUE DE AGUA 10L,,
01tVT000003uS4lYAE,SOFA CAMA,,
01tVT000003uS6MYAU,SET COMEDOR MDF + 4 SILLAS,,
01tVT000003uS7yYAE,BANCO BAR PU,,
01tVT000003uS9aYAE,SILLA COMEDOR TELA,,
01tVT000003uv1uYAA,SOFA CAMA,,
01tVT000003uvDBYAY,SOFA CAMA,,
01tVT000003xjc5YAA,SOFA CAMA,,
01tVT000003yqV4YAI,SILLA ORDENADOR,,
01tVT000003yrpJYAQ,SILLON TELA,,
01tVT000003ysBtYAI,SILLON TELA,,
01tVT000003ysGjYAI,BANCO BAR GERONA,,
01tVT000003zTJWYA2,SILLA RESINA IMITACION RATAN,,
01tVT000003zTL8YAM,MESA RESINA IMITACION MADERA CUADRADA,,
01tVT000003zTOMYA2,ESPEJO DE PARED CON MARCO ALUMINIO,,
01tVT000003zTPyYAM,ESPEJO DE PARED RECTANGULAR CON MARCO ALUMINIO,,
01tVT000003zTUoYAM,ESPEJO DE PISO RECTANGULAR CON MARCO POLIESTIRENO,,
01tVT000003zTWQYA2,SOFA CAMA,,
01tVT000003zTY2YAM,SOFA CAMA,,
01tVT000003zTg6YAE,MESA RESINA PERSONAL CUADRADA IMITACION RATAN,,
01tVT000003zThiYAE,MESA RESINA PERSONAL REDONDA IMITACION RATAN,,
01tVT000003zTmYYAU,SILLA RESINA PLEGABLE IMITACION RATAN,,
01tVT000003zToAYAU,FREGADERO RESINA PLEGABLE CON GRIFO,,
01tVT000003zeTRYAY,SILLA COMEDOR TELA,,
01tVT000003zeejYAA,SILLA PLEGABLE ACOLCHADA TELA,,
01tVT000003zfFpYAI,SET COMEDOR MDF 9 PIEZAS,,
01tVT0000043D1dYAE,SILLA ORDENADOR,,
01tVT0000043zizYAA,SILLA ORDENADOR PU (2PC/1BOX),,
01tVT00000440yPYAQ,SILLA ORDENADOR,,
01tVT0000044PjvYAE,PERCHERO ZAPATERO,,
01tVT0000044QmSYAU,ORGANIZADOR DE JUGUETES 3 NIVELES,,
01tVT0000044RKJYA2,PERCHERO,,
01tVT0000044Rx0YAE,CAJA ORGANIZADOR,,
01tVT0000044S0EYAU,CAJA ORGANIZADOR,,
01tVT0000044S1qYAE,CAJA ORGANIZADOR,,
01tVT0000044S3SYAU,CAJA ORGANIZADOR,,
01tVT0000044S54YAE,ORGANIZADOR ZAPATOS 4 NIVELES,,
01tVT0000044S9uYAE,ORGANIZADOR ZAPATOS 8 NIVELES PARED,,
01tVT0000044SBWYA2,PERCHERO ORGANIZADOR DE TELA,,
01tVT0000044SD8YAM,PERCHERO ZAPATERO,,
01tVT0000044SHyYAM,SET REPISAS MAGICAS 3 PIEZAS EN U,,
01tVT0000048j46YAA,OTTOMAN,,
01tVT0000048k4zYAA,SILLA PLAYA RATAN DE PISO,,
01tVT000004AqUTYA0,SILLA PLAYA,,
01tVT000004AqpRYAS,SILLA PLAYA,,
01tVT000004Ar7BYAS,SILLA PLAYA,,
01tVT000004ArITYA0,SILLA PLAYA,,
01tVT000004ArWzYAK,SILLON PLEGABLE TERCIOPELO,,
01tVT000004ArgfYAC,TUMBONA PLEGABLE PLAYA,,
01tVT000004ArwnYAC,TUMBONA PLEGABLE PLAYA,,
01tVT000004As4rYAC,SILLON PLEGABLE INFANTIL,,
01tVT000004CaGjYAK,SILLA PLAYA,,
01tVT000004EB4XYAW,SILLA GAMING INFANTIL,,
01tVT000004FfN8YAK,COLUMPIO COLGANTE FIJO CON COJIN,,
01tVT000004FhTlYAK,COLUMPIO COLGANTE DOBLE CON COJIN (DESMONTABLE),,
01tVT000004FlQvYAK,TUMBONA DE TELA MULTIFUNCIONAL CON RELLENOS,,
01tVT000004IxnKYAS,MESA RESINA PLEGABLE REDONDA,,
01tVT000004IyJZYA0,SALA DE PATIO ESQUINA WICKER 4 PIEZAS CON COJINES,,
01tVT000004IyhlYAC,SALA DE PATIO WICKER 4 PIEZAS CON COJINES,,
01tVT000004IyzVYAS,SALA DE PATIO WICKER 4 PIEZAS CON COJINES,,
01tVT000004JdY1YAK,SALA DE PATIO EUCALYPTUS SOFA CAMA CON COJINES Y ALMOHADAS,,
01tVT000004KYWHYA4,MESA CUADRADA ALUMINIO,,
01tVT000004MNLRYA4,SALA DPATIO ACACIA 4 PIEZAS CON COJIN,,
01tVT000004MNrhYAG,SALA DE PATIO ACACIA CON COJINES,,
01tVT000004McAoYAK,TUMBONA PLAYA,,
01tVT000004McE2YAK,SALA DE PATIO METALICA 4 PIEZAS,,
01tVT000004McHGYA0,SET BISTRO ACACIA 3 PIEZAS,,
01tVT000004McIsYAK,SILLON DOBLE METALICA CON MESA AUXILIAR Y COJINES,,
01tVT000004McM6YAK,SALA DE PATIO ACACIA 4 PIEZAS CON COJINES,,
01tVT000004McNiYAK,SALA DE PATIO METALICA CON COJIN 4 PIEZAS,,
01tVT000004McSYYA0,SALA DE PATIO METALICA CON COJINES,,
01tVT000004McUAYA0,SILLA ALUMINIO,,
01tVT000004McZ0YAK,COLUMPIO COLGANTE FIJO CON COJIN,,
01tVT000004McqkYAC,TABURETE AUXILIAR HIELERA,,
01tVT000004McsMYAS,FREGADERO RESINA PLEGABLE CON GRIFO,,
01tVT000004Mv5NYAS,MESA AUXILIAR REDONDA,,
01tVT000004MvIHYA0,MESA AUXILIAR REDONDA,,
01tVT000004MvWnYAK,MESA AUXILIAR CUADRADA,,
01tVT000004N5kfYAC,MESA AUXILIAR JARDIN ACACIA,,
01tVT000004N7svYAC,MANGUERA CON ACCESORIOS 15 MT,,
01tVT000004N80zYAC,MANGUERA CON ACCESORIOS 30 MT,,
01tVT000004NZFiYAO,SALA DE PATIO ACACIA 4 PIEZAS CON COJINES,,
01tVT000004NaWjYAK,SALA DE PATIO ACACIA 4 PIEZAS CON COJINES,,
01tVT000004NcezYAC,SALA DE PATIO ACACIA CON COJINES,,
01tVT000004NdETYA0,SALA DE PATIO ACACIA 4 PIEZAS CON COJINES,,
01tVT000004NeDlYAK,SET COMEDOR ACACIA PIEZAS,,
01tVT000004NeqUYAS,SILLON ACACIA PEDAL Y EXTRAIBLE,,
01tVT000004NfPxYAK,SET COMEDOR EUCALIPTO PIEZAS,,
01tVT000004NxMuYAK,MESA AUXILIAR JARDIN ACACIA,,
01tVT000004Of4XYAS,TABURETE AUXILIAR HIELERA SONOMA,,
01tVT000004RAU2YAO,MESA CENTRO 2 CAJONES,,
01tVT000004RHbxYAG,MESA AUXILIAR 1 CAJON,,
01tVT000004RHorYAG,MESA CENTRO 2 CAJONES,,
01tVT000004RHwvYAG,MESA AUXILIAR 1 CAJON,,
01tVT000004RZ10YAG,SILLA PLAYA,,
01tVT000004RcJpYAK,SILLA PLAYA,,
01tVT000004RcbZYAS,SILLA PLAYA AJUSTABLE,,
01tVT000004RdJ7YAK,SET DE SILLA DOBLE PLAYA,,
01tVT000004RdkXYAS,SILLA DE PLAYA,,
01tVT000004Re8jYAC,SILLA PLAYA,,
01tVT000004ReQTYA0,SILLA PLAYA,,
01tVT000004SlL4YAK,ENFRIADOR DE PATIO Y CARRITO DE BEBIDAS 80QT,,
01tVT000004SlMgYAK,GAZEBO CUADRADO,,
01tVT000004SlOIYA0,SILLA COMEDOR PP NEGRA,,
01tVT000004SlzOYAS,TOLDO RETRACTIL,,
01tVT000004SvXJYA0,SET COMEDOR ACACIA 5 PIEZAS,,
01tVT000004SwErYAK,SET ACCESORIOS 13 PIEZAS,,
01tVT000004SwOXYA0,MESA COMEDOR NEGRA,,
01tVT000004SwgHYAS,MESA CENTRO REDONDA,,
01tVT000004SwoMYAS,SET ACCESORIOS 7 PIEZAS,,
01tVT000004SwpxYAC,MESA AUXILIAR REDONDA,,
01tVT000004SxFlYAK,SET ACCESORIOS 11 PIEZAS,,
01tVT000004TPNOYA4,SET COMEDOR ACACIA 5 PIEZAS,,
01tVT000004TRTxYAO,SET ACCESORIOS 3 PIEZAS,,
01tVT000004TRqXYAW,SET ACCESORIOS 3 PIEZAS,,
01tVT000004TRsAYAW,MESA COMEDOR NEGRA,,
01tVT000004TRx0YAG,TUMBONA DE TELA MULTIFUNCIONAL CON RELLENOS,,
01tVT000004TSJZYA4,SET ACCESORIOS 6 PIEZAS,,
01tVT000004XKYjYAO,TUMBONA PLAYA,,
01tVT000004XcdiYAC,"VENTILADOR TORRE 36"" 45W 127V 3 VELOCIDADES OSCILANTE CON CONTROL REMOTO",,
01tVT000004XcygYAC,"VENTILADOR TORRE 40"" 60W",,
01tVT000004Xd0IYAS,"VENTILADOR SOBREMESA 7"" 5V 3 VELOCIDADES OSCILANTE",,
01tVT000004Ynf8YAC,BANCO / MESA PICNIC 2 EN 1,,
01tVT000004YpDtYAK,SALA DE PATIO ESQUINA CON COJINES,,
01tVT000004YpfJYAS,SALA DE PATIO ESQUINA CON COJINES,,
01tVT000004aYiPYAU,SET ACCESORIOS 4 PIEZAS BBQ,,
01tVT000004aZ1lYAE,SET ACCESORIOS 4 PIEZAS BBQ,,
01tVT000004fw8zYAA,SILLON ADIRONDACK ACACIA,,
01tVT000004fwddYAA,SILLON ADIRONDACK ACACIA DOBLE,,
01tVT000004hFO5YAM,CENTRO ENTRETENIMIENTO 3 NIVELES CON 2 CAJONES,,
01tVT000004hKIvYAM,MESA BURO 1 CAJON,,
01tVT000004hLDNYA2,CENTRO ENTRETENIMIENTO 2 NIVELES CON 2 CAJONES,,
01tVT000004hP45YAE,MESA CENTRO CON ALMACENAMIENTO,,
01tVT000004jpnGYAQ,CEPILLO LIMPIADOR BBQ,,
01tVT000004jrHDYAY,CEPILLO LIMPIADOR BBQ,,
01tVT000004jrh0YAA,ASADOR GAS Y CARBON RECTANGULAR,,
01tVT000004js0MYAQ,MESA DE SERVICIO,,
01tVT000004jsA1YAI,MESA DE SERVICIO,,
01tVT000004jsGTYAY,MESA DE SERVICIO,,
01tVT000004jsYDYAY,MESA DE SERVICIO,,
01tVT000004jsmjYAA,MESA DE SERVICIO,,
01tVT000004jsoMYAQ,MESA DE SERVICIO,,
01tVT000004jsy2YAA,PARRILA GRILL BBQ,,
01tVT000004jt2rYAA,MESA DE SERVICIO,,
01tVT000004jtAxYAI,"ASADOR GAS, CARBON Y FUMADOR RECTANGULAR",,
01tVT000004jtFmYAI,MANOPLA SILICONA BBQ,,
01tVT000004jtqrYAA,SET ACCESORIOS 5 PIEZAS,,
01tVT000004jtyvYAA,MANDIL CHEF BBQ,,
01tVT000004juF3YAI,PINZA PARA ASAR,,
01tVT000004l077YAA,MESA DE SERVICIO,,
01tVT000004rFRfYAM,BANCO / MESA PICNIC 2 EN 1,,
01tVT000004rG5zYAE,SOMBRILLA JARDIN IMITACION MADERA 6 RIBS,,
01tVT000004vDcXYAU,MESA COMEDOR CAQUI,,
01tVT000004vDkbYAE,MESA COMEDOR VERDE,,
01tVT000004vE5ZYAU,SILLA COMEDOR PP CAQUI,,
01tVT000004vEC1YAM,SILLA COMEDOR PP VERDE,,
01tVT000004zVCgYAM,MESA RESINA 180 CM FIJA,,
01tVT000004zVJAYA2,MESA RESINA PLEGABLE,,
01tVT000004zWtWYAU,MESA RESINA PLEGABLE ? 4.5 cm,,
01tVT00000526WHYAY,MESA BURO 1 CAJON,,
01tVT00000526fxYAA,CENTRO ENTRETENIMIENTO 3 NIVELES CON 2 CAJONES,,
01tVT00000526o1YAA,CENTRO ENTRETENIMIENTO 2 NIVELES CON 2 CAJONES,,
01tVT0000054eNOYAY,FREGADERO RESINA PLEGABLE CON GRIFO,,
01tVT00000586zpYAA,"VENTILADOR SOBREMESA 12"" 45W",,
01tVT000005879VYAQ,"VENTILADOR DE PIE DE 18"", 3 EN 1",,
01tVT00000587j0YAA,"VENTILADOR PISO 16"" 75W",,
01tVT00000587kbYAA,"VENTILADOR PISO 16"" 45W",,
01tVT00000587r3YAA,"VENTILADOR PISO 16"" 45W",,
01tVT000005887BYAQ,"(INACTIVO) VENTILADOR PISO 18"" 85W",,
01tVT00000588FFYAY,"VENTILADOR 3 IN 1 16"" 75W",,
01tVT00000588S9YAI,"(INACTIVO) VENTILADOR INDUSTRIAL 18"" 80W",,
01tVT00000588ojYAA,"VENTILADOR PISO 18"" 75W",,
01tVT00000588yPYAQ,"VENTILADOR SOBREMESA 20"" 80W",,
01tVT00000589GAYAY,"VENTILADOR TORRE 32"" 45W",,
01tVT00000589PpYAI,"VENTILADOR TORRE 32"" 45W",,
01tVT00000589eLYAQ,"VENTILADOR TORRE 32"" 45W",,
01tVT00000589jBYAQ,"VENTILADOR TORRE 36"" 50W",,
01tVT00000589rFYAQ,"VENTILADOR TORRE 42"" 50W",,
01tVT000005SQb0YAG,ASADOR CARBON RECTANGULAR CON MESAS LATERALES Y RUEDAS,,
01tVT000005SUmfYAG,ASADOR CARBON RECTANGULAR CON MESA LATERAL Y RUEDAS,,
01tVT000005SVArYAO,ASADOR CARBON RECTANGULAR CON MESAS LATERALES Y RUEDAS,,
01tVT000005SVdtYAG,ASADOR CARBON RECTANGULAR CON MESAS LATERALES Y RUEDAS,,
01tVT000005SWOfYAO,ASADOR CARBON MULTIFUNCIONAL DE TAMBOR DE ACEITE,,
01tVT000005SWenYAG,ASADOR CARBON DE TAMBOR DE ACEITE,,
01tVT000005SWuvYAG,ASADOR CARBON RECTANGULAR CON MESA LATERAL Y RUEDAS,,
01tVT000005SXEHYA4,ASADOR CARBON RECTANGULAR CON MESAS LATERALES Y RUEDAS,,
01tVT000005XR8DYAW,SILLA GAMER CON REPOSAPIES,,
01tVT000005XRJVYA4,SILLA GAMER,,
01tVT000005aXyfYAE,SALA DE PATIO METALICA 4 PIEZAS CON COJIN,,
01tVT000005aY58YAE,SALA DE PATIO WICKER 5 PIEZAS CON COJINES,,
01tVT000005aYWXYA2,SALA DE PATIO METALICA 5 PIEZAS CON COJIN,,
01tVT000005aYmfYAE,SALA DE PATIO METALICA 4 PIEZAS CON COJIN,,
01tVT000005aZSbYAM,SALA DE PATIO ACACIA CON COJINES,,
01tVT000005aZkLYAU,SALA DE PATIO METALICA 5 PIEZAS CON COJIN,,
01tVT000005aZysYAE,SALA DE PATIO WICKER 6 PIEZAS CON COJINES,,
01tVT000005aa0VYAQ,SALA DE PATIO ACACIA 5 PIEZAS CON COJINES,,
01tVT000005aaJpYAI,SALA DE PATIO METALICA 4 PIEZAS CON COJIN,,
01tVT000005aaoUYAQ,TUMBONA WICKER CON COJIN,,
01tVT000005acFCYAY,SET COMEDOR 7 PIEZAS CON COJIN,,
01tVT000005adhVYAQ,SET BISTRO GIRATORIO WICKER 3 PIEZAS CON COJINES,,
01tVT000005adsnYAA,TUMBONA DOBLE WICKER,,
01tVT000005ae5hYAA,SALA DE PATIO WICKER 4 PIEZAS CON COJINES,,
01tVT000005af9pYAA,SALA DE PATIO WICKER 7 PIEZAS CON COJINES,,
01tVT000005afY1YAI,SALA DE PATIO ACACIA 4 PIEZAS CON MESAS LATERALES Y COJINES,,
01tVT000005afxpYAA,SET COMEDOR 5 PIEZAS CON COJIN,,
01tVT000005agHBYAY,SALA DE PATIO METALICA 4 PIEZAS CON COJIN,,
01tVT000005ahy1YAA,SALA DE PATIO METALICA 4 PIEZAS CON COJIN,,
01tVT000005aiHNYAY,SALA DE PATIO WICKER 4 PIEZAS CON COJINES,,
01tVT000005aiVtYAI,SILLON ROPE CON COJINES + REPOSAPIES + MESA LATERAL,,
01tVT000005aifZYAQ,SET COMEDOR 7 PIEZAS CON COJIN,,
01tVT000005ak4fYAA,SALA DE PATIO METALICA 4 PIEZAS CON CON COJIN,,
01tVT000005akUTYAY,SET COMEDOR 7 PIEZAS,,
01tVT000005akxVYAQ,SET COMEDOR 7 PIEZAS CON COJIN,,
01tVT000005ameLYAQ,SET COMEDOR 5 PIEZAS CON COJIN,,
01tVT000005amsrYAA,SALA DE PATIO ESQUINA CON COJINES,,
01tVT000005bE5yYAE,SALA DE PATIO METALICA 4 PIEZAS CON COJIN,,
01tVT000005bEKUYA2,SALA DE PATIO WICKER Y ACACIA CON MESA LATERAL Y COJINES,,
01tVT000005bEacYAE,SILLA HUEVO ROTA,,
01tVT000005bFTRYA2,SILLON ROPE CON COJINES,,
01tVT000005bFoPYAU,TUMBONA DOBLE WICKER,,
01tVT000005bFy5YAE,SALA DE PATIO WICKER 4 PIEZAS CON COJINES,,
01tVT000005bGAzYAM,SALA DE PATIO METALICA 3 PIEZAS CON COJIN,,
01tVT000005bGHRYA2,SALA DE PATIO WICKER Y ACACIA 3 PIEZAS CON COJINES,,
01tVT000005bH8fYAE,CARRITO APOYO RECTANGULAR,,
01tVT000005bJ5dYAE,SET MESA DE COCINA ALUMINIO CON GRIFO 4 PIEZAS,,
01tVT000005bOLRYA2,CALENTADOR PATIO TORRE DE GAS,,
01tVT000005bObZYAU,CALENTADOR PATIO TORRE DE GAS,,
01tVT000005bOlFYAU,CALENTADOR PATIO TORRE DE GAS,,
01tVT000005bOzlYAE,CALENTADOR PATIO TORRE DE GAS,,
01tVT000005bPCfYAM,CALENTADOR PATIO TORRE DE GAS,,
01tVT000005bPJ7YAM,CALENTADOR PATIO TORRE DE GAS,,
01tVT000005bTD3YAM,ASADOR CARBON CERAMICO REDONDO CON CARRITO,,
01tVT000005c9DtYAI,SET BISTRO GIRATORIO 3 PIEZAS CON COJINES,,
01tVT000005c9k9YAA,TUMBONA SET CON COJINES,,
01tVT000005cAhpYAE,SALA DE PATIO METALICA CON COJIN 6 PIEZAS,,
01tVT000005cB2oYAE,SALA DE PATIO METALICA 4 PIEZAS CON COJINES,,
01tVT000005cBkLYAU,SET COMEDOR 5 PIEZAS CON COJINES,,
01tVT000005cCA9YAM,SET COMEDOR 9 PIEZAS CON COJINES,,
01tVT000005cCmrYAE,SET COMEDOR 5 PIEZAS CON COJIN,,
01tVT000005cDivYAE,SALA DE PATIO METALICA 4 PIEZAS CON COJIN,,
01tVT000005cOOEYA2,SET ACCESORIOS 11 PIEZAS,,
01tVT000005cOPqYAM,SET ACCESORIOS 3 PIEZAS BBQ,,
01tVT000005ckF3YAI,BANCO BAR SEVILLA,,
01tVT000005cqIrYAI,BANCO BAR SEVILLA,,
01tVT000005cuXlYAI,SET COMEDOR 7 PIEZAS CON COJINES,,
01tVT000005cvK9YAI,"ASADOR CARBON RECTANGULAR CON MESA LATERAL, AHUMADOR DESPLAZADO Y RUEDAS",,
01tVT000005cvTpYAI,SALA DE PATIO METALICA 6 PIEZAS CON COJINES,,
01tVT000005cviLYAQ,ASADOR CARBON RECTANGULAR CON MESAS LATERALES Y RUEDAS,,
01tVT000005cw4vYAA,"ASADOR CARBON RECTANGULAR CON MESA LATERAL, AHUMADOR DESPLAZADO Y RUEDAS",,
01tVT000005cw89YAA,SALA DE PATIO METALICA 5 PIEZAS CON CON COJIN,,
01tVT000005cwUjYAI,SET COMEDOR 7 PIEZAS,,
01tVT000005cwbBYAQ,ASADOR CARBON RECTANGULAR CON MESAS LATERALES Y RUEDAS,,
01tVT000005cz4PYAQ,SALA DE PATIO METALICA 4 PIEZAS CON CON COJIN,,
01tVT000005czlxYAA,SALA DE PATIO METALICA 4 PIEZAS CON CON COJIN,,
01tVT000005d0WjYAI,SET COMEDOR 7 PIEZAS,,
01tVT000005d9IIYAY,FREGADERO RESINA PLEGABLE CON GRIFO,,
01tVT000005dcFRYAY,SET BISTRO GIRATORIO 3 PIEZAS CON COJINES,,
01tVT000005dfLNYAY,SET BISTRO MECEDORA 3 PIEZAS CON COJINES,,
01tVT000005gUMzYAM,POZO DE FUEGO,,
01tVT000005gUwTYAU,POZO DE FUEGO,,
01tVT000005hGxtYAE,SALA DE PATIO ACACIA CON COJIN,,
01tVT000005hIA5YAM,SET BISTRO ACACIA 3 PIEZAS CON COJIN,,
01tVT000005hL37YAE,SALA DE PATIO ACACIA CON COJIN,,
01tVT000005hj2EYAQ,SALA DE PATIO ACACIA,,
01tVT000005hmrKYAQ,SILLON ACACIA JARDÍN,,
01tVT000005hqLRYAY,SILLON WICKER CON MESITA REDONDA DE ALMACENAMIENTO,,
01tVT000005hqgPYAQ,SILLON ADIRONDACK ACACIA,,
01tVT000005hqwXYAQ,MESA AUXILIAR REDONDA ACACIA Y ROPE,,
01tVT000005hr9RYAQ,SILLON ADIRONDACK ACACIA,,
01tVT000005hrRBYAY,SILLÓN DE EXTERIOR DE ACACIA,,
01tVT000005hrvpYAA,TUMBONA PLAYA DOBLE ACACIA CON COJINES Y RUEDAS,,
01tVT000005ht6PYAQ,TUMBONA MECEDORA CURVA ACACIA,,
01tVT000005htHiYAI,TUMBONA PLAYA EUCALIPTO Y ROPE CON RUEDAS,,
01tVT000005htPlYAI,TUMBONA PLAYA DOBLE EUCALIPTO CON RUEDAS,,
01tVT000005hwNeYAI,SET BISTRO ACACIA Y ROPE 3 PIEZAS CON COJINES,,
01tVT000005hxzdYAA,TUMBONA PLAYA EUCALIPTO Y ROPE CON APOYABRAZOS,,
01tVT000005hyCXYAY,SILLON ACACIA Y ROPE JARDÍN,,
01tVT000005hyPRYAY,SILLON WICKER Y ACACIA CON COJINES Y OTOMAN,,
01tVT000005hypFYAQ,SILLON ACACIA JARDÍN,,
01tVT000005hz3lYAA,SALA DE PATIO ACACIA 4 PIEZAS CON COJIN,,
01tVT000005hzADYAY,SET COMEDOR ACACIA 7 PIEZAS CON COJINES,,
01tVT000005hzTZYAY,SALA DE PATIO ACACIA CON COJIN,,
01tVT000005i0JBYAY,SET COMEDOR ACACIA 5 PIEZAS CON COJINES,,
01tVT000005i0UTYAY,SALA DE PATIO ACACIA 4 PIEZAS CON COJINES,,
01tVT000005i4zWYAQ,TUMBONA ACACIA CON COJIN,,
01tVT000005i6q1YAA,SALA DE PATIO ACACIA 5 PIEZAS CON COJIN,,
01tVT000005i7cPYAQ,SET COMEDOR EUCALIPTO 6 PIEZAS,,
01tVT000005i8AHYAY,BANCO ACACIA CON ROPE,,
01tVT000005i8wfYAA,SALA DE PATIO ACACIA 4 PIEZAS CON COJINES,,
01tVT000005i9XlYAI,SALA DE PATIO ACACIA 4 PIEZAS CON ROPE Y COJINES,,
01tVT000005iAOzYAM,SET COMEDOR ACACIA 5 PIEZAS,,
01tVT000005iYXlYAM,SALA DE PATIO ACACIA 4 PIEZAS CON COJINES,,
01tVT000005kVcDYAU,SET BISTRO MECEDORA ACACIA Y ROPE 3 PIEZAS CON COJINES,,
01tVT000005kVh3YAE,SALA DE PATIO WICKER 5 PIEZAS CON COJINES,,
01tVT000005kWA5YAM,SET COMEDOR 7 PIEZAS,,
01tVT000005kWWgYAM,SET COMEDOR MDF + 4 SILLAS,,
01tVT000005kYGjYAM,SALA DE PATIO ALUMINUM 5 PIEZAS CON COJINES,,
01tVT000005kbbDYAQ,SET COMEDOR 7 PIEZAS,,
01tVT000005kbuXYAQ,SILLA COMEDOR ALUMINIO ROPE,,
01tVT000005kcQnYAI,SILLA COMEDOR ALUMINIO ROPE,,
01tVT000005kcfJYAQ,SILLA COMEDOR ALUMINIO ROPE CON COJIN,,
01tVT000005kd6jYAA,SILLA COMEDOR ALUMINIO ROPE CON COJIN,,
01tVT000005kfDNYAY,SALA DE PATIO ALUMINIO ROPE,,
01tVT000005l3IvYAI,SALA DE PATIO ALUMINIO ROPE,,
01tVT000005luDZYAY,MESA DE HOGUERA CUADRADA DE GAS PROPANO 28 PULGADAS,,
01tVT000005m09JYAQ,MESA DE HOGUERA CUADRADA DE GAS PROPANO 28 PULGADAS,,
01tVT000005m0ajYAA,SET COMEDOR 7 PIEZAS,,
01tVT000005m0fZYAQ,MESA DE HOGUERA RECTANGULAR DE GAS PROPANO,,
01tVT000005m10XYAQ,SET COMEDOR 5 PIEZAS,,
01tVT000005m18bYAA,SALA DE PATIO WICKER 5 PIEZAS CON COJINES,,
01tVT000005m1i5YAA,SILLON ADIRONDACK POLYWOOD,,
01tVT000005m24fYAA,SALA DE PATIO ESQUINA WICKER 7 PIEZAS CON COJINES,,
01tVT000005m2XhYAI,SALA DE PATIO ACACIA Y WICKER 4 PIEZAS CON COJINES Y MESA LATERAL,,
01tVT000005m2avYAA,SILLON PLEGABLE + REPOSAPIE OCULTO,,
01tVT000005m2xVYAQ,SET BISTRO WICKER Y CEMENTO 3 PIEZAS CON COJINES,,
01tVT000005m2z7YAA,SILLON PLEGABLE,,
01tVT000005m3jtYAA,TUMBONA,,
01tVT000005m4ckYAA,SALA DE PATIO POLIMADERA 4 PIEZAS CON ALMOHADA Y COJIN,,
01tVT000005m57NYAQ,SALA DE PATIO POLIMADERA 6 PIEZAS,,
01tVT000005mYCbYAM,SET COMEDOR 5 PIEZAS CON COJIN,,
01tVT000005mYanYAE,SET COMEDOR 7 PIEZAS CON COJIN,,
01tVT000005mYvlYAE,SALA DE PATIO WICKER 5 PIEZAS CON COJINES,,
01tVT000005mZF8YAM,TUMBONA DOBLE WICKER,,
01tVT000005mZlNYAU,SALA DE PATIO WICKER 4 PIEZAS CON COJINES,,
01tVT000005maUXYAY,SALA DE PATIO ESQUINA WICKER 5 PIEZAS CON COJINES,,
01tVT000005mar7YAA,SALA DE PATIO GIRATORIO WICKER 4 PIEZAS CON COJINES,,
01tVT000005mb7FYAQ,SALA DE PATIO ESQUINA ROPE 4 PIEZAS CON COJINES,,
01tVT000005mbGvYAI,SALA DE PATIO WICKER 4 PIEZAS CON COJINES,,
01tVT000005mcL3YAI,SET BISTRO ALUMINIO & POLYWOOD 3 PIEZAS,,
01tVT000005mcZZYAY,SOMBRILLA JARDIN LATERAL ALUMINIO CON LUZ LED Y BASE EN CRUZ,,
01tVT000005mdLxYAI,SET COMEDOR 5 PIEZAS,,
01tVT000005meEoYAI,SALA DE PATIO ALUMINIO 4 PIEZAS CON MESA DE HOGUERA Y COJINES,,
01tVT000005meWXYAY,SOMBRILLA JARDIN LATERAL 8 RIBS CON LUZ LED Y BASE EN CRUZ,,
01tVT000005meujYAA,SET COMEDOR POLYWOOD & ALUMINIO 6 PIEZAS,,
01tVT000005mfFhYAI,SOMBRILLA JARDIN BAMBÚ 8 RIBS,,
01tVT000005mfh7YAA,SET COMEDOR 7 PIEZAS,,
01tVT000005mgRuYAI,SET BISTRO ALUMINUM 3 PIEZAS CON MESA DE HOGUERA,,
01tVT000005miLdYAI,SALA DE PATIO RESINA 5 PIEZAS CON MESA DE HOGUERA Y COJINES,,
01tVT000005mirtYAA,SET BISTRO GIRATORIO WICKER 3 PIEZAS CON MESA DE HOGUERA Y COJINES,,
01tVT000005mjw1YAA,CALENTADOR LAMPARA LINTERNA COLGANTE 800W,,
01tVT000005mk7JYAQ,CALENTADOR LAMPARA LINTERNA COLGANTE 600W/1200W,,
01tVT000005mkVVYAY,CALENTADOR PATIO TORRE 1500W CON CUBIERTA DE TELA,,
01tVT000005mkvJYAQ,CALENTADOR SOBREMESA 1500W CON CUBIERTA DE TELA,,
01tVT000005mlEfYAI,SET COMEDOR 5 PIEZAS,,
01tVT000005mlszYAA,CALENTADOR PATIO TORRE 750/1500W CON CONTROL REMOTO,,
01tVT000005mlxpYAA,SET COMEDOR 7 PIEZAS,,
01tVT000005mm7VYAQ,CALENTADOR TECHO COLGANTE CON LUZ LED Y CONTROL REMOTO,,
01tVT000005mmPFYAY,CALENTADOR SOBREMESA 750W/1500W CON CONTROL REMOTO,,
01tVT000005mmgzYAA,CALENTADOR SOBREMESA 1500W,,
01tVT000005mmx7YAA,CALENTADOR SOBREMESA 600W/1500W,,
01tVT000005mn1xYAA,ASADOR GAS RECTANGULAR,,
01tVT000005mn3aYAA,ASADOR GAS RECTANGULAR,,
01tVT000005mnwPYAQ,ASADOR GAS RECTANGULAR,,
01tVT000005mosTYAQ,ASADOR GAS RECTANGULAR,,
01tVT000005mpVBYAY,ASADOR GAS RECTANGULAR,,
01tVT000005mpuzYAA,ASADOR GAS RECTANGULAR,,
01tVT000005mqB7YAI,MESA DE SERVICIO,,
01tVT000005mqavYAA,PARRILLA GAS PLANCHA CON MESAS LATERALES Y RUEDAS,,
01tVT000005nV7pYAE,CALENTADOR PATIO TECHO COLGANTE 1500W CON LUZ LED Y CONTROL REMOTO,,
01tVT000005pfflYAA,SOMBRILLA JARDIN 8 RIBS CON LUZ LED,,
01tVT000005pfsfYAA,SOMBRILLA JARDIN 8 RIBS CON CAPAS TRIPLES,,
01tVT000005pg7BYAQ,SOMBRILLA JARDIN LATERAL HIERRO CON BOMBILLAS LED Y BASE EN CRUZ,,
01tVT000005s5ZKYAY,SET COMEDOR 4 PIEZAS,,
01tVT000005sgkBYAQ,SET COMEDOR MDF + 6 SILLAS,,
01tVT000005sjBmYAI,SET COMEDOR MDF + 6 SILLAS,,
01tVT000005svrFYAQ,MESA RESINA PLEGABLE 180 CM,,
01tVT000005ul1NYAQ,ASADOR CARBON RECTANGULAR CON MESA LATERAL Y RUEDAS,,
01tVT000005ulnlYAA,ASADOR CARBON RECTANGULAR CON MESAS LATERALES Y RUEDAS,,
01tVT000005um0fYAA,ASADOR CARBON RECTANGULAR CON MESA LATERAL Y RUEDAS,,
01tVT000005umWvYAI,ASADOR CARBON RECTANGULAR DOBLE CON MESA LATERAL Y RUEDAS,,
01tVT000005umezYAA,ASADOR CARBON RECTANGULAR DOBLE CON MESA LATERAL Y RUEDAS,,
01tVT000005umjqYAA,ASADOR CARBON PORTATIL,,
01tVT000005umyLYAQ,ASADOR CARBON AHUMADOR CILINDRICO,,
01tVT000005unKvYAI,ASADOR CARBON / GAS PORTATIL,,
01tVT000005unUbYAI,ASADOR CARBON PORTATIL,,
01tVT000005uneHYAQ,ASADOR CARBON PORTATIL,,
01tVT000005unsnYAA,ASADOR CARBON PORTATIL,,
01tVT000005uo45YAA,ASADOR CARBON PORTATIL,,
01tVT000005uoC9YAI,ASADOR CARBON PORTATIL CON RUEDAS,,
01tVT000005uphhYAA,GAZEBO CUADRADO,,
01tVT000005uqM1YAI,GAZEBO CON PARRILLA PARA BARBACOA,,
01tVT000005uqp3YAA,GAZEBO CON CORTINAS,,
01tVT000005urGTYAY,GAZEBO CON CORTINAS,,
01tVT000005vPGXYA2,MESA RESINA PLEGABLE 180 CM,,
01tVT000005wwqLYAQ,GAZEBO CON CORTINAS,,
01tVT000005wxUgYAI,GAZEBO CUADRADO,,
01tVT000005wxsrYAA,GAZEBO RECTANGULAR CON CORTINAS Y MOSQUITERA,,
01tVT000005x7CHYAY,MESA RESINA PERSONAL,,
01tVT000005x7c6YAA,GAZEBO CUADRADO,,
01tVT000005xfU6YAI,GAZEBO HEXAGONAL CON MOSQUITERA Y DOBLE TECHO,,
01tVT000005xgefYAA,GAZEBO CUADRADO MADERA Y METÁLICO CON DOBLE TECHO,,
01tVT000005xgpxYAA,GAZEBO CUADRADO MADERA Y METÁLICO CON DOBLE TECHO,,
01tVT000005xh2rYAA,GAZEBO RECTANGULAR MADERA Y METÁLICO,,
01tVT000005xhKbYAI,GAZEBO RECTANGULAR ALUMINIO CON DOBLE TECHO,,
01tVT000005xrLZYAY,SET MESAS AUXILIARES 2 EN 1,,
01tVT000005xrNBYAY,MESA RESINA PERSONAL,,
01tVT000005xrjlYAA,SILLA RESINA PLEGABLE,,
01tVT000005xrqDYAQ,MESA BURO 2 CAJONES CON LÁMPARA,,
01tVT000005xsEPYAY,MESA RESINA PERSONAL,,
01tVT000005zHYwYAM,MESA AUXILIAR,,
01tVT000005zc0fYAA,MESA AUXILIAR,,
01tVT000005zcK2YAI,MESA AUXILIAR,,
01tVT000005zdG5YAI,MESA AUXILIAR 2 NIVELES CON 1 CAJÓN,,
01tVT000005zdkjYAA,MESA AUXILIAR DOBLE,,
01tVT000005zdxdYAA,MESA ESCRITORIO,,
01tVT000005zdzFYAQ,MESA ESCRITORIO,,
01tVT000005zeAXYAY,MESA ESCRITORIO 2 NIVELES,,
01tVT000005zeIbYAI,MESA AUXILIAR,,
01tVT000005zeLpYAI,MESA ESCRITORIO,,
01tVT000005zeX7YAI,MESA ESCRITORIO PLEGABLE,,
01tVT000005zeYjYAI,MESA ESCRITORIO,,
01tVT000005zegnYAA,MESA BURO 1 CAJÓN,,
01tVT000005zeqTYAQ,MESA ESCRITORIO,,
01tVT000005zewvYAA,MESA AUXILIAR,,
01tVT000005zf8DYAQ,MESA AUXILIAR,,
01tVT000005zfGHYAY,ESTANTERIA PLANTA DECORATIVA 5 NIVELES,,
01tVT000005zfWPYAY,MESA AUXILIAR REDONDA CON 1 CAPA TELA,,
01tVT000005zfjJYAQ,MESA ESCRITORIO AUXILIAR 2 NIVELES CON RUEDAS,,
01tVT000005zfmXYAQ,ORGANIZADOR ZAPATOS 4 NIVELES,,
01tVT000005zfszYAA,MESA BURO 1 CAJÓN,,
01tVT000005zg5tYAA,MESA AUXILIAR CON RUEDAS,,
01tVT000005zgM1YAI,MESA ESCRITORIO AUXILIAR 3 NIVELES CON REVISTERO,,
01tVT000005zgSTYAY,CENTRO ENTRETENIMIENTO 1 CAJON,,
01tVT000005zgYvYAI,MESA AUXILIAR 2 NIVELES CON 1 CAJÓN,,
01tVT000005zgicYAA,CENTRO ENTRETENIMIENTO 1 CAJON,,
01tVT000005zgnRYAQ,MESA AUXILIAR,,
01tVT000005zgvVYAQ,MESA ESCRITORIO,,
01tVT000005zh3nYAA,MESA AUXILIAR,,
01tVT000005zh3oYAA,MESA LATERAL AUXILIAR CON RUEDAS,,
01tVT000005zh5BYAQ,SET MESAS AUXILIARES 2 PIEZAS,,
01tVT000005zhBdYAI,MESA ESCRITORIO AJUSTABLE CON RUEDAS,,
01tVT000005ziPSYAY,MESA ESCRITORIO CON ESTANTERIA 3 NIVELES 2 EN 1,,
01tVT000005ziZ8YAI,MESA ESCRITORIO CON 2 CAJONES,,
01tVT000005zk7tYAA,MESA LATERAL AUXILIAR,,
01tVT000005zkO1YAI,ESTANTERIA 3 NIVELES,,
01tVT000005zkeAYAQ,CARRITO PELUQUERIA 2 NIVELES,,
01tVT000005zkizYAA,MESA AUXILIAR 2 NIVELES,,
01tVT000005zksfYAA,MESA BURO 2 CAJONES,,
01tVT000005zl3xYAA,MESA BURO 2 CAJONES,,
01tVT000005zlAQYAY,SILLA ORDENADOR TELA,,
01tVT000005zlDdYAI,MESA ESCRITORIO PLEGABLE,,
01tVT000005zlFGYAY,ESTANTERIA 3 NIVELES CON REVISTERO,,
01tVT000005zlNKYAY,CENTRO ENTRETENIMIENTO EXTENSIBLE 3 CAJONES,,
01tVT000005zmBJYAY,BANCO ORGANIZADOR ZAPATOS CON ALMACENAMIENTO,,
01tVT000005zmo1YAA,SILLA ORDENADOR PVC,,
01tVT0000062IVFYA2,CALENTADOR CON RUEDAS PANEL 6CM 1500W,,
01tVT0000062LhdYAE,SILLA ORDENADOR PU (1PC/1BOX),,
01tVT00000647FZYAY,SILLA ORDENADOR,,
01tVT00000647U5YAI,SILLA ORDENADOR,,
01tVT0000064ia6YAA,SET MESA + ESTANTERIA,,
01tVT0000064kdVYAQ,SILLA ORDENADOR PVC,,
01tVT0000064kyTYAQ,SILLA ORDENADOR MESH,,
01tVT0000064uTBYAY,CALENTADOR TECHO COLGANTE 2000W CON CONTROL REMOTO,,
01tVT0000064uo9YAA,CALENTADOR PISO 1500W CON CONTROL REMOTO,,
01tVT0000064wl7YAA,CALENTADOR PISO PTC 1200W CON FUEGO 3D Y CONTROL REMOTO,,
01tVT0000064wunYAA,CALENTADOR PISO PTC 1200W CON FUEGO 3D Y CONTROL REMOTO,,
01tVT00000667RZYAY,ASADOR CARBON RECTANGULAR CON MESA LATERAL Y RUEDAS,,
01tVT0000066BQLYA2,ASADOR CARBON PORTATIL,,
01tVT0000066bKpYAI,ASADOR CARBON PORTATIL CON RUEDAS,,
01tVT0000066fmbYAA,ASADOR CARBON / GAS PORTATIL,,
01tVT0000066g5xYAA,ASADOR CARBON PORTATIL,,
01tVT0000066gAnYAI,SILLA DE COMEDOR TELA,,
01tVT0000066gCQYAY,ASADOR CARBON RECTANGULAR DOBLE CON MESA LATERAL Y RUEDAS,,
01tVT0000066gFdYAI,SILLA DE COMEDOR TELA,,
01tVT0000066gM5YAI,ASADOR CARBON PORTATIL,,
01tVT0000066gh3YAA,ASADOR CARBON PORTATIL,,
01tVT0000066h6rYAA,ASADOR CARBON PORTATIL,,
01tVT0000066hJlYAI,ASADOR CARBON AHUMADOR CILINDRICO,,
01tVT0000066hWfYAI,ASADOR CARBON RECTANGULAR CON MESA LATERAL Y RUEDAS,,
01tVT0000066hjZYAQ,ASADOR CARBON RECTANGULAR CON MESAS LATERALES Y RUEDAS,,
01tVT0000066i2vYAA,ASADOR CARBON RECTANGULAR DOBLE CON MESA LATERAL Y RUEDAS,,
01tVT0000068SDPYA2,BANCO BAR PP,,
01tVT0000068VKwYAM,SILLA COMEDOR TELA,,
01tVT0000068WldYAE,BANCO BAR TERCIOPELO,,
01tVT0000068WqTYAU,SILLA COMEDOR,,
01tVT0000068WwvYAE,SILLA COMEDOR TELA,,
01tVT0000068XD3YAM,SILLA COMEDOR VINTAGE,,
01tVT0000068XEfYAM,SILLA DE COMEDOR,,
01tVT0000068XHtYAM,SILLA DE COMEDOR,,
01tVT0000069FHJYA2,CALENTADOR FUEGO LED 127V/60HZ 750W/1500W,,
01tVT0000069FUDYA2,CALENTADOR FUEGO LED 127V/60HZ 750W/1500W,,
01tVT0000069HPZYA2,CALENTADOR FUEGO LED 127V/60HZ 750W/1500W,,
01tVT0000069HURYA2,CALENTADOR SOBREMESA CERAMICA 950W/750W/5W,,
01tVT0000069JJJYA2,CALENTADOR SOBREMESA CERAMICA ECO 1500W CON LED,,
01tVT0000069NEsYAM,CALENTADOR SOBREMESA OSCILANTE 1500W CERAMICA CON LED Y CONTROL REMOTO,,
01tVT0000069Nl8YAE,CALENTADOR SOBREMESA OSCILANTE 1500W CERAMICA CON LED Y CONTROL REMOTO,,
01tVT0000069NmjYAE,CALENTADOR TORRE OSCILANTE 1500W CERAMICA CON LED Y CONTROL REMOTO,,
01tVT0000069OIzYAM,CALENTADOR SOBREMESA OSCILANTE 1500W CERAMICA,,
01tVT0000069OdxYAE,RADIADOR ACEITE 127V 1500W CON RUEDAS,,
01tVT0000069OndYAE,RADIADOR ACEITE 127V 1500W CON RUEDAS Y LED,,
01tVT0000069P0XYAU,RADIADOR ACEITE 127V 1500W CON RUEDAS,,
01tVT0000069QxVYAU,CALENTADOR TORRE CERAMICA ECO TERMOSTATO 1500W,,
01tVT0000069RrxYAE,CALENTADOR TORRE CERAMICA ECO TERMOSTATO 1500W LED CONTROL REMOTO,,
01tVT0000069SODYA2,CALENTADOR TORRE CERAMICA 1500W CON LED CONTROL REMOTO,,
01tVT0000069yJFYAY,APARADOR 3 PUERTAS + 3 HUECOS,,
01tVT0000069yRJYAY,ESTANTERIA 3 NIVELES,,
01tVT0000069ycbYAA,ESTANTERIA 3 NIVELES,,
01tVT0000069yj3YAA,ESTANTERIA 3 NIVELES,,
01tVT0000069yvxYAA,ESTANTERIA 3 NIVELES,,
01tVT0000069zOzYAI,ESTANTERIA 3 NIVELES,,
01tVT000006A0JSYA0,ESTANTERIA 6 NIVELES,,
01tVT000006A0uXYAS,ESTANTERIA 6 NIVELES CON 2 CAJONES,,
01tVT000006Apc6YAC,CENTRO ENTRETENIMIENTO 2 CAJONES,,
01tVT000006ApqcYAC,APARADOR 2 PUERTAS + 1 CAJON,,
01tVT000006Aq6kYAC,ESTANTERIA 4 NIVELES,,
01tVT000006Ar1BYAS,APARADOR 2 CAJONES,,
01tVT000006ArM9YAK,APARADOR 2 PUERTAS,,
01tVT000006ArSbYAK,APARADOR 2 PUERTAS,,
01tVT000006As25YAC,APARADOR 2 PUERTAS,,
01tVT000006AsV7YAK,CENTRO ENTRETENIMIENTO 4 CAJONES,,
01tVT000006AsenYAC,ESTANTERIA 5 NIVELES,,
01tVT000006BcJRYA0,ESTANTERIA BAÑO WC 4 NIVELES,,
01tVT000006BcmTYAS,SET PERCHERO ORGANIZADOR CON DOBLE CAJONERA 4 NIVELES Y ZAPATERO 2 NIVELES,,
01tVT000006BhRCYA0,SILLA RESINA DOBLE,,
01tVT000006Biv8YAC,MESA RESINA PERSONAL,,
01tVT000006BizxYAC,MESA RESINA PERSONAL,,
01tVT000006BjMXYA0,BANCA RESINA PLEGABLE,,
01tVT000006DXh3YAG,SOMBRILLA JARDIN 8 RIBS,,
01tVT000006DZpJYAW,ORGANIZADOR ZAPATOS 3 NIVELES,,
01tVT000006DdxmYAC,SOFA CAMA,,
01tVT000006Dhi1YAC,MESA AUXILIAR RECTANGULAR MADERA,,
01tVT000006DhlFYAS,SOFÁ DE ESQUINA,,
01tVT000006Di4cYAC,SET COMEDOR MDF Y MADERA + 4 SILLAS,,
01tVT000006DiHVYA0,MESA AUXILIAR CUADRADA MADERA,,
01tVT000006DiPZYA0,SOFA CAMA,,
01tVT000006DiuDYAS,SOFA CAMA,,
01tVT000006DjlRYAS,SOFA CAMA,,
01tVT000006DjzxYAC,SOFA CAMA,,
01tVT000006EEu5YAG,SET COMEDOR MDF Y MADERA + 4 SILLAS,,
01tVT000006EFDRYA4,SET COMEDOR MDF Y MADERA + 6 SILLAS,,
01tVT000006EFTZYA4,SET COMEDOR MADERA + 8 SILLAS,,
01tVT000006EFoXYAW,SET COMEDOR MDF CIRCULAR AHORRAESPACIO + 4 SILLAS,,
01tVT000006EFqAYAW,SET DE MESA AUXILIAR,,
01tVT000006EGW5YAO,SET COMEDOR CENIZA + 6 SILLAS,,
01tVT000006EGmDYAW,SET COMEDOR CENIZA + 6 SILLAS,,
01tVT000006EH3xYAG,SET COMEDOR + 6 SILLAS,,
01tVT000006EH8oYAG,SET COMEDOR MADERA DE CAUCHO + 6 SILLAS,,
01tVT000006EHdRYAW,SET COMEDOR CENIZA + 6 SILLAS,,
01tVT000006EIG9YAO,SET COMEDOR + 6 SILLAS,,
01tVT000006EIGAYA4,SET COMEDOR MADERA DE CAUCHO + 4 SILLAS,,
01tVT000006EIhZYAW,CAJONERA 1 NIVEL + ESTANTE CON RUEDAS,,
01tVT000006EJCDYA4,CAJONERA 3 NIVELES + ESTANTE CON RUEDAS,,
01tVT000006EJLtYAO,MESA AUXILIAR,,
01tVT000006EJddYAG,SET COMEDOR + 6 SILLAS,,
01tVT000006EK0DYAW,SET DESAYUNADOR 3 PIEZAS,,
01tVT000006EKHxYAO,SET COMEDOR 5 PIEZAS,,
01tVT000006EKTGYA4,ESTANTERIA METALICA 4 NIVELES,,
01tVT000006EKbJYAW,SILLA ORDENADOR MESH,,
01tVT000006EKeXYAW,SET COMEDOR + 6 SILLAS,,
01tVT000006EKufYAG,PERCHERO ORGANIZADOR 4 NIVELES,,
01tVT000006EL9BYAW,PERCHERO ORGANIZADOR 1 NIVEL + 3 CAJONES,,
01tVT000006ELIrYAO,PERCHERO ORGANIZADOR 3 NIVELES + 2 CAJONES,,
01tVT000006ELifYAG,SILLON TELA,,
01tVT000006EM6sYAG,SET COMEDOR MDF CUADRADO AHORRAESPACIO + 4 SILLAS,,
01tVT000006EMlCYAW,SOFA SECCIONAL CHESLONG,,
01tVT000006EOi9YAG,SOFA CAMA,,
01tVT000006EOyHYAW,SOFA CAMA,,
01tVT000006EPhRYAW,SET COMEDOR MDF AHORRAESPACIO + 6 SILLAS,,
01tVT000006EQ41YAG,SET COMEDOR MDF CUADRADO AHORRAESPACIO + 4 SILLAS,,
01tVT000006EQFJYA4,SET COMEDOR MDF CUADRADO AHORRAESPACIO + 4 SILLAS,,
01tVT000006EQK9YAO,SET ESTANTERIA CON PERCHERO Y RUEDAS,,
01tVT000006EQX3YAO,PERCHERO ZAPATERO,,
01tVT000006ERHpYAO,ESTANTERIA METALICA 3 NIVELES,,
01tVT000006ERkrYAG,ESTANTERIA METALICA 5 NIVELES,,
01tVT000006Ey0rYAC,SET COMEDOR MDF CIRCULAR AHORRAESPACIO + 4 SILLAS,,
01tVT000006EzubYAC,SOFA CAMA,,
01tVT000006F0AjYAK,SOFA SECCIONAL CHESLONG,,
01tVT000006F0M1YAK,SOFA SECCIONAL CHESLONG,,
01tVT000006F2VtYAK,SET COMEDOR PIEDRA E HIERRO + 4 SILLAS,,
01tVT000006F329YAC,SET COMEDOR MDF + 6 SILLAS,,
01tVT000006F3RxYAK,SET COMEDOR MDF + 2 SILLAS COMEDOR + 2 SILLAS GIRATORIAS + 1 BANCO,,
01tVT000006F3lJYAS,SET COMEDOR CRISTAL + 4 SILLAS,,
01tVT000006F7nJYAS,MESA CENTRO CRISTAL 2 NIVELES,,
01tVT000006F81pYAC,MESA CENTRO CRISTAL 2 NIVELES,,
01tVT000006F8HxYAK,MESA AUXILIAR REDONDA CRISTAL,,
01tVT000006F8bJYAS,MESA AUXILIAR REDONDA CRISTAL,,
01tVT000006F8jNYAS,MESA AUXILIAR REDONDA CRISTAL,,
01tVT000006FBhFYAW,BANDEJA LAPTOP CON PORTAVASOS,,
01tVT000006FCF7YAO,ESTENTERIA 3 NIVELES CON 2 PUERTAS,,
01tVT000006FZwVYAW,MESA BURO 1 CAJON,,
01tVT000006FasYYAS,CENTRO ENTRETENIMIENTO 3 NIVELES CON 2 CAJONES,,
01tVT000006FauAYAS,CENTRO ENTRETENIMIENTO 2 NIVELES CON 2 CAJONES,,
01tVT000006FkrtYAC,MESA AUXILIAR,,
01tVT000006FleHYAS,MESA AUXILIAR 2 PIEZAS,,
01tVT000006FlsnYAC,MESA AUXILIAR,,
01tVT000006FmYjYAK,MESA AUXILIAR 2 PIEZAS,,
01tVT000006FmnFYAS,MESA AUXILIAR,,
01tVT000006FnGHYA0,SET COMEDOR CRISTAL + 4 SILLAS,,
01tVT000006FrTZYA0,MESA AUXILIAR REDONDA MDF,,
01tVT000006FryDYAS,MESA AUXILIAR REDONDA MDF,,
01tVT000006FsFxYAK,SET COMEDOR CRISTAL + 6 SILLAS,,
01tVT000006FsW5YAK,SET COMEDOR PIEDRA E HIERRO + 4 SILLAS,,
01tVT000006FsW6YAK,SILLON TELA,,
01tVT000006FtSAYA0,APARADOR COCINA,,
01tVT000006FtSBYA0,CARRITO ISLA COCINA,,
01tVT000006Fw0DYAS,SILLÓN OTTOMAN,,
01tVT000006FwQ1YAK,SILLÓN OTTOMAN PLEGABLE,,
01tVT000006FwUrYAK,APARADOR COCINA,,
01tVT000006FwhlYAC,CARRITO ISLA COCINA,,
01tVT000006FwmbYAC,SILLON TELA,,
01tVT000006FwoDYAS,SILLON TELA + REPOSA PIES,,
01tVT000006FwppYAC,TABURETE CON ALMACENAJE,,
01tVT000006FwrRYAS,TABURETE CON ALMACENAJE,,
01tVT000006FwwHYAS,CARRITO AUXILIAR 2 NIVELES,,
01tVT000006Fx4MYAS,CARRITO ISLA COCINA,,
01tVT000006FxXNYA0,CARRITO ISLA COCINA,,
01tVT000006FymnYAC,CARRITO ORGANIZADOR COCINA 3 NIVELES,,
01tVT000006Fz2vYAC,CARRITO ORGANIZADOR COCINA 2 NIVELES,,
01tVT000006FzEDYA0,CARRITO ISLA COCINA,,
01tVT000006FzHSYA0,CARRITO ORGANIZADOR COCINA,,
01tVT000006FzJ3YAK,CARRITO ISLA COCINA,,
01tVT000006GU8LYAW,MESA AUXILIAR,,
01tVT000006GUoHYAW,MESA AUXILIAR,,
01tVT000006GY8jYAG,CARRITO ISLA COCINA,,
01tVT000006GaKEYA0,MESA ESCRITORIO + LIBRERO 3 NIVELES,,
01tVT000006GadZYAS,SOFA 2 PLAZAS,,
01tVT000006GathYAC,SOFA CAMA,,
01tVT000006Gb3NYAS,SOFA CAMA PLEGABLE,,
01tVT000006GbBRYA0,SILLON TELA,,
01tVT000006GbJVYA0,SOFA 2 PLAZAS,,
01tVT000006GbRZYA0,SILLION TELA,,
01tVT000006GbeTYAS,BANDEJA LAPTOP,,
01tVT000006Gc2fYAC,MESA ESCRITORIO,,
01tVT000006GcCLYA0,SILLA GAMING,,
01tVT000006Ge4UYAS,MESA ESCRITORIO,,
01tVT000006Ge7hYAC,MESA ESCRITORIO PLEGABLE,,
01tVT000006GeCXYA0,MESA ESCRITORIO,,
01tVT000006GeMDYA0,MESA ESCRITORIO + ESTANTE,,
01tVT000006GefZYAS,ESTANTERIA 3 NIVELES,,
01tVT000006Gem1YAC,MESA AUXILIAR,,
01tVT000006GeyvYAC,MESA ESCRITORIO,,
01tVT000006GfADYA0,MESA AUXILIAR,,
01tVT000006GfBpYAK,MESA ESCRITORIO,,
01tVT000006IfdyYAC,MESA AUXILIAR,,
01tVT000006IfpFYAS,MESA AUXILIAR,,
01tVT000006IgDRYA0,MESA AUXILIAR,,
01tVT000006IgRxYAK,MESA AUXILIAR,,
01tVT000006IgbdYAC,MESA AUXILIAR,,
01tVT000006IgoXYAS,MESA AUXILIAR,,
01tVT000006IgwbYAC,MESA AUXILIAR,,
01tVT000006Ih6HYAS,MESA AUXILIAR,,
01tVT000006IkDpYAK,TUMBONA PLAYA METALICA,,
01tVT000006IkvNYAS,SILLON RECLINABLE DOBLE,,
01tVT000006Imh4YAC,SILLON RECLINABLE DOBLE,,
01tVT000006Imh5YAC,SILLON RECLINABLE ELECTRICO TRANSFORMER,,
01tVT000006ImnWYAS,CARRITO ISLA COCINA,,
01tVT000006Ind7YAC,SET BANDEJAS 3 NIVELES ORGANIZADOR,,
01tVT000006IoCbYAK,SILLON RECLINABLE MANUAL CORNER,,
01tVT000006IoULYA0,CARRITO ISLA COCINA,,
01tVT000006IocPYAS,SILLON RECLINABLE DOBLE,,
01tVT000006IoyzYAC,CARRITO AUXILIAR 3 NIVELES,,
01tVT000006IpDVYA0,SALA DE PATIO EUCALIPTO 5 PIEZAS CON COJIN,,
01tVT000006IpS1YAK,SILLON RECLINABLE ELECTRICO TRANSFORMER,,
01tVT000006IpWrYAK,SET BISTRO EUCALIPTO 3 PIEZAS CON COJIN,,
01tVT000006IpWsYAK,CARRITO ISLA COCINA,,
01tVT000006IplNYAS,SET COMEDOR EUCALIPTO 5 PIEZAS,,
01tVT000006IqcbYAC,CARRITO AUXILIAR 2 NIVELES,,
01tVT000006IqpVYAS,CARRITO AUXILIAR 2 NIVELES,,
01tVT000006IrdVYAS,CARRITO AUXILIAR 3 NIVELES,,
01tVT000006Is05YAC,CARRITO AUXILIAR 3 NIVELES,,
01tVT000006IsBNYA0,CARRITO AUXILIAR 3 NIVELES,,
01tVT000006IsmTYAS,CARRITO AUXILIAR 3 NIVELES,,
01tVT000006ItiXYAS,SET COMEDOR 5 PIEZAS CON COJIN,,
01tVT000006ItozYAC,SET COMEDOR 7 PIEZAS CON COJIN,,
01tVT000006Iu3VYAS,TUMBONA,,
01tVT000006JNjqYAG,SOFA SECCIONAL CHESLONG,,
01tVT000006JOCrYAO,SOFA 3 PLAZAS,,
01tVT000006JOb3YAG,SOFA 1 PLAZA,,
01tVT000006JOpZYAW,SOFA 2 PLAZAS,,
01tVT000006JP2TYAW,SOFÁ COMPRIMIDO,,
01tVT000006JRVhYAO,SILLON CAMA FUTÓN,,
01tVT000006JSoLYAW,SOFA SECCIONAL CHESLONG ELECTRICA,,
01tVT000006JThCYAW,SILLA ORDENADOR MESH,,
01tVT000006JUerYAG,SILLA PLEGABLE ACOLCHADA TELA,,
01tVT000006JUzsYAG,SILLA ORDENADOR,,
01tVT000006JVflYAG,SOFA CAMA ELECTRICA,,
01tVT000006JVuHYAW,SOFA 2 PLAZAS RECLINABLE ELECTRICA,,
01tVT000006JWC1YAO,SOFA 2 PLAZAS RECLINABLE ELECTRICA,,
01tVT000006JWYbYAO,SOFA 3 PLAZAS RECLINABLE ELECTRICA,,
01tVT000006JWyPYAW,SOFA SECCIONAL CHESLONG,,
01tVT000006JXHlYAO,SOFA 2 PLAZAS,,
01tVT000006JXxhYAG,SOFA 2 PLAZAS,,
01tVT000006JYNVYA4,SILLA ORDENADOR,,
01tVT000006JYfFYAW,SILLA ORDENADOR,,
01tVT000006JYvNYAW,SILLA ORDENADOR,,
01tVT000006JZ9tYAG,SILLA ORDENADOR,,
01tVT000006JZQ1YAO,SILLA ORDENADOR,,
01tVT000006JZZhYAO,SILLA ORDENADOR MESH,,
01tVT000006K7Q5YAK,SILLON RECLINABLE ELECTRICO TRANSFORMER,,
01tVT000006K7hpYAC,SILLON RECLINABLE ELECTRICO TRANSFORMER,,
01tVT000006K7rVYAS,SILLON RECLINABLE ELECTRICO TRANSFORMER,,
01tVT000006K8IvYAK,SILLON RECLINABLE ELECTRICO TRANSFORMER,,
01tVT000006K8VpYAK,SILLON RECLINABLE ELECTRICO TRANSFORMER,,
01tVT000006K8qnYAC,SILLON RECLINABLE PU + REPOSAPIÉS,,
01tVT000006K93hYAC,SILLON RECLINABLE PU + REPOSAPIÉS,,
01tVT000006K9BlYAK,SILLON RECLINABLE MANUAL TRANSFORMER,,
01tVT000006KLG9YAO,SET COMEDOR CENIZA + 6 SILLAS,,
01tVT000006KpB0YAK,MESA ESTANTERIA 2 EN 1 MULTIFUNCIONAL HIERRO,,
01tVT000006KudhYAC,MESA COMEDOR REDONDA MDF EXTENSIBLE,,
01tVT000006KvEnYAK,MESA MULTIFUNCIONAL MDF 3 EN 1,,
01tVT000006KvUvYAK,MESA CAMA 2 EN 1 MULTIFUNCIONAL MDF,,
01tVT000006KyUPYA0,MESA DE CONSOLA Y COMEDOR 2 EN 1 MDF EXTENSIBLE,,
01tVT000006L1NRYA0,MESA COMEDOR REDONDA PLEGABLE MDF,,
01tVT000006L1vJYAS,MESA COMEDOR REDONDA PLEGABLE MDF,,
01tVT000006L2TBYA0,MESA COMEDOR REDONDA PLEGABLE MDF,,
01tVT000006L2ZeYAK,BANCO 6 PLAZAS EXTENSIBLE,,
01tVT000006L2mYYAS,MESA COMEDOR RECTANGULAR EXTENSIBLE CERAMICA Y VIDRIO,,
01tVT000006L3lpYAC,MESA COMEDOR RECTANGULAR EXTENSIBLE MDF,,
01tVT000006L4A1YAK,MESA COMEDOR RECTANGULAR EXTENSIBLE Y AJUSTABLE,,
01tVT000006L51GYAS,SOFA 3 PLAZAS RECLINABLE MANUAL,,
01tVT000006L5CXYA0,SOFA 2 PLAZAS RECLINABLE ELECTRICA,,
01tVT000006L5FmYAK,SOFA CAMA PLEGABLE,,
01tVT000006L5u5YAC,SILLON RECLINABLE MANUAL TRANSFORMER,,
01tVT000006L6erYAC,SOFA 2 PLAZAS,,
01tVT000006L6zpYAC,SOFA 1 PLAZA,,
01tVT000006L7cXYAS,SET SOFA RECLINABLE ESQUINA PU,,
01tVT000006L7npYAC,SET SOFA RECLINABLE ESQUINA PU,,
01tVT000006L7sgYAC,SET SOFA RECLINABLE ELECTRICA ESQUINA PU,,
01tVT000006LGmHYAW,SET COMEDOR + 4 SILLAS,,
01tVT000006LHGvYAO,SET COMEDOR + 6 SILLAS,,
01tVT000006LHtdYAG,SET COMEDOR + 4 SILLAS,,
01tVT000006LIPtYAO,SET COMEDOR+ 6 SILLAS,,
01tVT000006LIo5YAG,SET COMEDOR+ 6 SILLAS,,
01tVT000006LJDtYAO,SET COMEDOR+ 6 SILLAS,,
01tVT000006LJgvYAG,SET COMEDOR+ 4 SILLAS,,
01tVT000006LKBZYA4,SET COMEDOR+ 6 SILLAS,,
01tVT000006LLsPYAW,MESA DE CENTRO,,
01tVT000006LMOfYAO,MESA DE CÓCTEL,,
01tVT000006LMlFYAW,MESA DE CÓCTEL,,
01tVT000006LNB3YAO,MESA DE CENTRO,,
01tVT000006LNarYAG,MESA DE CENTRO,,
01tVT000006LNsbYAG,MESA DE CENTRO,,
01tVT000006LjBZYA0,MESA COMEDOR RECTANGULAR MDF,,
01tVT000006LjQ5YAK,MESA COMEDOR ELIPTICA MDF,,
01tVT000006LlDNYA0,MESA COMEDOR RECTANGULAR PIEDRA,,
01tVT000006LlF1YAK,MESA COMEDOR REDONDA MDF,,
01tVT000006LlQHYA0,MESA COMEDOR RECTANGULAR PIEDRA,,
01tVT000006LlenYAC,MESA COMEDOR ELIPTICA PIEDRA,,
01tVT000006LloTYAS,MESA COMEDOR REDONDA PIEDRA,,
01tVT000006Lly9YAC,MESA COMEDOR RECTANGULAR MDF,,
01tVT000006LmHVYA0,MESA COMEDOR RECTANGULAR MDF,,
01tVT000006LmZFYA0,SILLA COMEDOR TERCIOPELO,,
01tVT000006Ln8kYAC,SILLA COMEDOR PU,,
01tVT000006LnblYAC,SILLA COMEDOR LINO,,
01tVT000006LnjpYAC,SILLA COMEDOR TELA,,
01tVT000006LnwjYAC,SILLA COMEDOR LINO,,
01tVT000006Lo81YAC,SILLA COMEDOR GIRATORIA TELA,,
01tVT000006LoWEYA0,SILLA COMEDOR LINO,,
01tVT000006LoftYAC,SILLA COMEDOR GIRATORIA TELA,,
01tVT000006LopZYAS,SILLA COMEDOR TELA,,
01tVT000006Lp0sYAC,SILLA COMEDOR LINO,,
01tVT000006Lp8vYAC,SILLA COMEDOR PELO,,
01tVT000006LpnFYAS,SILLA COMEDOR TELA,,
01tVT000006LrkDYAS,MESA DE SOFÁ,,
01tVT000006LrttYAC,MESA ESTRECHA CON PUERTO USB,,
01tVT000006Ls1xYAC,END TABLE WITH USB PORT,,
01tVT000006PRzGYAW,SET MESAS AUXILIARES 2 PIEZAS,,
01tVT000006PS2UYAW,MESA ESCRITORIO,,
01tVT000006V4S6YAK,APARADOR 4 HUECOS + 2 PUERTAS + 3 CAJONES,,
01tVT000006V56PYAS,ESTANTERIA 5 NIVELES CON 2 HUECOS,,
01tVT000006V5PlYAK,MESA ESCRITORIO,,
01tVT000006V5eHYAS,ESTANTERIA 5 NIVELES,,
01tVT000006V645YAC,MESA ESCRITORIO,,
01tVT000006V71lYAC,CENTRO ENTRETENIMIENTO 2 PUERTAS,,
01tVT000006V7HtYAK,APARADOR 4 HUECOS + 2 CAJONES,,
01tVT000006V7UnYAK,APARADOR 2 HUECOS + 2 PUERTAS + 4 CAJONES,,
01tVT000006VBDRYA4,MESA DE SOFÁ,,
01tVT000006VBgTYAW,MESA AUXILIAR,,
01tVT000006VByDYAW,MESA AUXILIAR,,
01tVT000006VCpRYAW,APARADOR 1 HUECO + CAJONES,,
01tVT000006VD3xYAG,MESA DE CONSOLA,,
01tVT000006VDC1YAO,MESA AUXILIAR,,
01tVT000006VFFRYA4,CENTRO ENTRETENIMIENTO 2 CAJONES,,
01tVT000006VFYnYAO,APARADOR 3 HUECOS,,
01tVT000006VFvNYAW,CENTRO ENTRETENIMIENTO 1 NIVEL CON CAJONES,,
01tVT000006VG6fYAG,APARADOR 4 CAJONES,,
01tVT000006VGGLYA4,MESA AUXILIAR,,
01tVT000006VGQ1YAO,CENTRO ENTRETENIMIENTO 1 HUECO,,
01tVT000006VGhlYAG,MESA AUXILIAR,,
01tVT000006VHU9YAO,PERCHERO ORGANIZADOR INFANTIL 1 NIVEL,,
01tVT000006VHnVYAW,ESTANTERIA PARA LIBROS CON PUERTAS,,
01tVT000006VIhxYAG,MESA ESCRITORIO INFANTIL,,
01tVT000006VJ2vYAG,MESA BURO 1 CAJON INFANTIL,,
01tVT000006VJJ3YAO,ESTRUCTURA CAMA INFANTIL,,
01tVT000006VJSjYAO,SOMBRILLA JARDIN 8 RIBS,,
01tVT000006VL4jYAG,ESTANTERIA PARA LIBROS CON RUEDAS,,
01tVT000006VLEPYA4,MESA DE SOFÁ,,
01tVT000006VLPhYAO,ESTANTERIA PARA LIBROS 4 NIVELES,,
01tVT000006VLW9YAO,MESA AUXILIAR,,
01tVT000006VLntYAG,MESA AUXILIAR,,
01tVT000006VM5dYAG,JUGUETERO 10 CAJONES DE PLASTICO INFANTIL,,
01tVT000006VyajYAC,BAÚL JUGUETES INFANTIL,,
01tVT000006VyxJYAS,SET MESA CON JUGUETERO + SILLAS INFANTILES,,
01tVT000006VzIHYA0,TABURETE DE APRENDIZAJE INFANTIL CON 2 PASOS,,
01tVT000006VzVCYA0,SET MESA + SILLAS CONEJO INFANTIL,,
01tVT000006VzrlYAC,SET MESA + SILLAS INFANTIL,,
01tVT000006W3TxYAK,BANCO JARDIN ACACIA CON COJINES,,
01tVT000006W3vNYAS,SILLON JARDIN ACACIA CON COJIN,,
01tVT000006W4LBYA0,MESA JARDIN RECTANGULAR ACACIA CONVERSACIÓN,,
01tVT000006W4bJYAS,BANCO JARDIN ACACIA CON COJINES,,
01tVT000006W4oDYAS,SILLON JARDIN ACACIA CON COJIN,,
01tVT000006W4zVYAS,MESA JARDIN RECTANGULAR ACACIA CONVERSACIÓN,,
01tVT000006YkhiYAC,SILLON JARDIN POLIMADERA CON COJIN,,
01tVT000006Yko9YAC,BANCO JARDIN 2 PLAZAS POLIMADERA CON COJINES,,
01tVT000006YlCLYA0,MESA JARDIN RECTANGULAR POLIMADERA CONVERSACIÓN,,
01tVT000006YlPFYA0,MESA AUXILIAR CUADRADA POLIMADERA,,
01tVT000006YlfNYAS,SILLON JARDIN ALUMINIO CON COJIN,,
01tVT000006YlnRYAS,SILLON JARDIN ALUMINIO CON COJIN,,
01tVT000006YlvVYAS,BANCO JARDIN 2 PLAZAS ALUMINIO CON COJINES,,
01tVT000006Ym5BYAS,BANCO JARDIN 2 PLAZAS ALUMINIO CON COJINES,,
01tVT000006YmErYAK,MESA JARDIN RECTANGULAR POLIMADERA CONVERSACIÓN,,
01tVT000006YmOXYA0,MESA JARDIN RECTANGULAR TEAK CONVERSACIÓN,,
01tVT000006Yo3lYAC,SILLA INFANTIL CON ALMOHADÓN,,
01tVT000006YpJBYA0,MESA INFANTIL,,
01tVT000006YqlVYAS,MECEDORA INFANTIL,,
01tVT000006YrODYA0,SET MESA Y SILLA CON COJIN,,
01tVT000006YrjBYAS,SILLA INFANTIL,,
01tVT000006YtUrYAK,ESTANTERIA PARA LIBROS CON ARMARIO,,
01tVT000006YtppYAC,LIBRERIA INFANTIL,,
01tVT000006YvTRYA0,TOBOGAN CHICO,,
01tVT000006YwSjYAK,TABLA DE EQUILIBRIO,,
01tVT000006YxS1YAK,TRIANGULO DE ESCALADA CON TABLA,,
01tVT000006YxevYAC,TRIANGULO DE ESCALADA,,
01tVT000006Yy1VYAS,PIZARRA DOBLE,,
01tVT000006YztdYAC,MECEDORA INFANTIL CON HECES,,
01tVT000006Z15pYAC,CAMBIO DE BEBE CON STORAGE,,
01tVT000006Z1iXYAS,CUNA MULTIFUNCIONAL,,
01tVT000006Z2t7YAC,SILLA INFANTIL COMEDOR,,
01tVT000006ZWw1YAG,SET MESA + SILLAS INFANTIL,,
01tVT000006ZixBYAS,MESA AUXILIAR RECTANGULAR ALUMINIO,,
01tVT000006ZiynYAC,SILLA ACERO,,
01tVT000006ZjrdYAC,SILLA ACERO,,
01tVT000006ZkAzYAK,SILLA DE COMEDOR PARA EXTERIOR,,
01tVT000006ZkPVYA0,SILLA ACERO,,
01tVT000006Zkm5YAC,SILLA ACERO,,
01tVT000006Zl5RYAS,BANCO RECTANGULAR ACERO,,
01tVT000006ZlLZYA0,MESA RECTANGULAR ACERO,,
01tVT000006ZmfpYAC,MESA AUXILIAR REDONDA,,
01tVT000006ZnC5YAK,SET BISTRO ACERO 3 PIEZAS (MESA +2 SILLAS),,
01tVT000006aGqoYAE,MESA AUXILIAR REDONDA METALICA,,
01tVT000006aH5JYAU,MESA AUXILIAR REDONDA METALICA,,
01tVT000006aIe6YAE,SILLA COMEDOR CUERDA ALUMINIO CON COJIN,,
01tVT000006aIhJYAU,MESA JARDIN RECTANGULAR POLIMADERA,,
01tVT000006aJwjYAE,SALA DE PATIO EUCALIPTO 4 PIEZAS CON COJINES,,
01tVT000006aM4zYAE,SALA DE PATIO EUCALIPTO 4 PIEZAS CON COJINES,,
01tVT000006aO8PYAU,SALA DE PATIO EUCALIPTO 4 PIEZAS CON COJINES,,
01tVT000006aOOXYA2,SALA DE PATIO EUCALIPTO 4 PIEZAS CON COJINES,,
01tVT000006aOd6YAE,SILLON JARDIN EUCALIPTO CON COJIN,,
01tVT000006aOl7YAE,SET COMEDOR EUCALIPTO 5 PIEZAS,,
01tVT000006aP1FYAU,BANCO JARDIN EUCALIPTO CON COJINES,,
01tVT000006aPHNYA2,BANCO JARDIN EUCALIPTO CON COJINES,,
01tVT000006aPZ7YAM,BANCO JARDIN EUCALIPTO CON COJINES,,
01tVT000006aPhBYAU,BANCO JARDIN EUCALIPTO CON COJINES,,
01tVT000006aQLVYA2,SILLON JARDIN EUCALIPTO CON COJIN,,
01tVT000006aQWnYAM,SILLON JARDIN EUCALIPTO CON COJIN,,
01tVT000006aQerYAE,SILLON JARDIN EUCALIPTO CON COJIN,,
01tVT000006aQrlYAE,MESA JARDIN RECTANGULAR EUCALIPTO CONVERSACIÓN,,
01tVT000006aR6HYAU,MESA JARDIN RECTANGULAR EUCALIPTO CONVERSACIÓN,,
01tVT000006aRavYAE,MESA JARDIN RECTANGULAR EUCALIPTO CONVERSACIÓN,,
01tVT000006aRkbYAE,MESA COMEDOR REDONDA EUCALIPTO,,
01tVT000006aRz7YAE,SILLA COMEDOR EUCALIPTO,,
01tVT000006aVD7YAM,HIDROLIMPIADORA,,
01tVT000006aVbJYAU,HIDROLIMPIADORA,,
01tVT000006aVwHYAU,HIDROLIMPIADORA,,
01tVT000006ay0dYAA,MESA AUXILIAR REDONDA,,
01tVT000006b1T8YAI,MESA AUXILIAR RECTANGULAR ACERO,,
01tVT000006b2LxYAI,MESA AUXILIAR ACERO,,
01tVT000006bCErYAM,SET BISTRO ACERO 3 PIEZAS,,
01tVT000006dAiPYAU,SILLA PLEGABLE ACOLCHADA TELA,,
01tVT000006dHryYAE,CALENTADOR SOBREMESA OSCILANTE 1500W CERAMICA CON LED Y CONTROL REMOTO,,
01tVT000006dHtaYAE,CALENTADOR CON RUEDAS PANEL 6CM 1500W,,
01tVT000006djTFYAY,SILLON MECEDORA,,
01tVT000006djrRYAQ,SET COMEDOR + 4 SILLAS,,
01tVT000006dofpYAA,"ASADOR CARBON CUADRADO PLEGABLE 21.5""",,
01tVT000006doxZYAQ,ASADOR CARBON,,
01tVT000006iEtRYAU,SET COMEDOR + 2 BANCO,,
01tVT000006iH3JYAU,SET COMEDOR MDF + 2 BANCO,,
01tVT000006iHMfYAM,SET COMEDOR MDF + 4 SILLAS,,
01tVT000006iHhdYAE,SET COMEDOR MDF + 4 SILLAS,,
01tVT000006iI7RYAU,SET COMEDOR MDF + 4 SILLAS,,
01tVT000006iIKLYA2,SET COMEDOR MDF + 2 SILLAS,,
01tVT000006iIXFYA2,SET COMEDOR MDF + 4 SILLAS,,
01tVT000006iIozYAE,SET COMEDOR MDF + 4 SILLAS,,
01tVT000006iIqcYAE,SET COMEDOR MDF + 4 SILLAS,,
01tVT000006iJl3YAE,SET COMEDOR MDF + 4 SILLAS,,
01tVT000006iJwLYAU,SET COMEDOR MDF + 2 SILLAS + BANCO,,
01tVT000006j3BBYAY,SOFA CAMA,,
01tVT000006j3G1YAI,SOFA CAMA,,
01tVT000006j3fpYAA,SOFA CAMA,,
01tVT000006j3j3YAA,SOFA CAMA,,
01tVT000006j3mHYAQ,SOFA CAMA,,
01tVT000006j3ntYAA,SOFA CAMA,,
01tVT000006jq73YAA,SILLA PLEGABLE PP,,
01tVT000006jqjlYAA,MESA RESINA PLEGABLE ? 3.5 cm,,
01tVT000006lGibYAE,SILLA COMEDOR ACACIA Y WICKER,,
01tVT000006lH0LYAU,MESA COMEDOR RECTANGULAR,,
01tVT000006lHA1YAM,BANCO BAR ACACIA Y WICKER,,
01tVT000006oBxhYAE,SILLA PLEGABLE PP,,
01tVT000006oFtFYAU,SILLON TELA,,
01tVT000006oPW1YAM,"ASADOR CARBON CUADRADO PLEGABLE 18.5""",,
01tVT000006onRuYAI,SOFA 3 PLAZAS,,
01tVT000006oqETYAY,SILLON TELA,,
01tVT000006oqPlYAI,SILLON TELA,,
01tVT000006oqXqYAI,SILLON TELA,,
01tVT000006oqmLYAQ,SILLON TELA,,
01tVT000006oqzFYAQ,SILLON TELA,,
01tVT000006or8vYAA,SILLON TELA,,
01tVT000006orTtYAI,SOFA 2 PLAZAS,,
01tVT000006ouLJYAY,SOFA 2 PLAZAS,,
01tVT000006ouwQYAQ,SOFA 2 PLAZAS,,
01tVT000006ovpFYAQ,SOFA 3 PLAZAS,,
01tVT000006ovviYAA,SOFA 2 PLAZAS,,
01tVT000006owJtYAI,SOFA 3 PLAZAS,,
01tVT000006owq9YAA,SOFA 3 PLAZAS,,
01tVT000006oxCjYAI,SOFA 2 PLAZAS,,
01tVT000006oxJBYAY,SOFA 3 PLAZAS,,
01tVT000006oxnpYAA,SOFA 2 PLAZAS,,
01tVT000006oy8nYAA,SOFA 3 PLAZAS,,
01tVT000006oyK5YAI,SOFA 2 PLAZAS,,
01tVT000006ozG9YAI,SILLA ORDENADOR,,
01tVT000006p0DpYAI,SOFA 3 PLAZAS,,
01tVT000006p0c1YAA,MESA ESCRITORIO GAMING,,
01tVT000006p0nJYAQ,MESA ESCRITORIO GAMING,,
01tVT000006qI5RYAU,"ASADOR CARBON CUADRADO PLEGABLE 22""",,
01tVT000006qKgjYAE,GAZEBO CUADRADO CON BARRAS BAR Y SILLAS,,
01tVT000006qLUjYAM,"ASADOR CARBON CUADRADO PLEGABLE 22""",,
01tVT000006qLo5YAE,"ASADOR CARBON CUADRADO PLEGABLE 18.5""",,
01tVT000006sML3YAM,SET COMEDOR MDF Y MADERA + 4 SILLAS,,
01tVT000006sOxxYAE,SET SOFAS 1+2+3 PLAZAS,,
01tVT000006sTfuYAE,SET SOFAS 1+2+3 PLAZAS,,
01tVT000006sU7JYAU,SET SOFAS 1+2+3 PLAZAS,,
01tVT000006sUaLYAU,SET SOFAS 1+2+3 PLAZAS,,
01tVT000006sUwvYAE,SET SOFAS 1+2+3 PLAZAS,,
01tVT000006sVD3YAM,SET SOFAS 1+2+3 PLAZAS,,
01tVT000006sVGIYA2,SET SOFAS 1+2+3 PLAZAS,,
01tVT0000077TR4YAM,SILLA PLEGABLE PP,,
01tVT0000079wYbYAI,SET COMEDOR ALUMINIO 5 PIEZAS,,
01tVT0000079xKzYAI,SILLON LUNA PLEGABLE TERCIOPELO,,
01tVT0000079xfxYAA,SILLON LUNA PLEGABLE TERCIOPELO,,
01tVT0000079xsrYAA,SILLON LUNA PLEGABLE TERCIOPELO,,
01tVT000007Bc5zYAC,LIBRERIA INFANTIL,,
01tVT000007BcXOYA0,ESTANTERIA MULTIFUNCIONAL INFANTIL,,
01tVT000007BdGYYA0,LIBRERIA INFANTIL,,
01tVT000007BdLOYA0,LIBRERIA INFANTIL,,
01tVT000007FrRNYA0,"VENTILADOR DE TORRE TURBO DE 33""",,
01tVT000007FrzFYAS,"(INACTIVO) VENTILADOR TORRE 33"" 90W 4 VELOCIDADES OSCILANTE",,
01tVT000007GnwnYAC,TABURETE PLEGABLE,,
01tVT000007HZJtYAO,SOMBRILLA PLAYA 155CM,,
01tVT000007LRcJYAW,SILLA ORDENADOR PVC,,
01tVT000007LUALYA4,SILLA ORDENADOR PU,,
01tVT000007LUS5YAO,SILLA ORDENADOR PVC,,
01tVT000007LUblYAG,SILLA ORDENADOR PU + PVC,,
01tVT000007LUn3YAG,SILLA ORDENADOR PU + PVC,,
01tVT000007LZunYAG,SOFA 2 PLAZAS,,
01tVT000007La65YAC,SOFA 2 PLAZAS,,
01tVT000007NKrdYAG,SOMBRILLA PLAYA,,
01tVT000007Nz6oYAC,CALENTADOR PATIO TORRE DE GAS CON MESA,,
01tVT000007NzGVYA0,SILLON RECLINABLE,,
01tVT000007NzJiYAK,CALENTADOR PATIO TORRE DE GAS CON LED,,
01tVT000007NzgIYAS,SILLON RECLINABLE MANUAL,,
01tVT000007O0CYYA0,CALENTADOR PATIO TORRE DE GAS,,
01tVT000007O0yvYAC,CALENTADOR PATIO TORRE DE GAS,,
01tVT000007O16zYAC,SILLON RECLINABLE,,
01tVT000007O1VBYA0,CALENTADOR PATIO TORRE DE GAS CON LED,,
01tVT000007O1jhYAC,CALENTADOR PATIO TORRE DE GAS CON MESA,,
01tVT000007O2e9YAC,SILLON RECLINABLE,,
01tVT000007O2kbYAC,SILLON RECLINABLE MANUAL,,
01tVT000007O2sfYAC,SILLON RECLINABLE MANUAL,,
01tVT000007OrK6YAK,SILLA DOBLE PLAYA CON TOLDO,,
01tVT000007OrLhYAK,SILLA DOBLE PLAYA CON TOLDO,,
01tVT000007Ou6fYAC,SET COMEDOR 6 PIEZAS CON SOMBRILLA,,
01tVT000007OuQ1YAK,SET COMEDOR 6 PIEZAS CON SOMBRILLA,,
01tVT000007OucvYAC,SET COMEDOR 6 PIEZAS CON SOMBRILLA,,
01tVT000007RiH3YAK,SOFA CAMA,,
01tVT000007RigrYAC,SOFA CAMA CHESLONG TRANSFORMER,,
01tVT000007RoWAYA0,SILLON CAMA FUTÓN,,
01tVT000007RpgkYAC,SILLON CAMA FUTÓN,,
01tVT000007RraTYAS,SILLON CAMA FUTÓN,,
01tVT000007SSRyYAO,SILLON CAMA FUTÓN,,
01tVT000007STKpYAO,SOFÁ INDIVIDUAL COMPRIMIDO,,
01tVT000007SVT3YAO,OTTOMAN,,
01tVT000007SVw5YAG,SILLON CAMA FUTÓN,,
01tVT000007SWCDYA4,SILLON CAMA FUTÓN CON APOYABRAZOS,,
01tVT000007SWiTYAW,SILLON CAMA FUTÓN,,
01tVT000007SX3RYAW,SOFA CAMA PLEGABLE,,
01tVT000007SfPCYA0,SILLON CAMA FUTÓN,,
01tVT000007SfQnYAK,DESHUMIDIFICADOR 700ML 120V 23W,,
01tVT000007SfvRYAS,DESHUMIDIFICADOR 1000ML 120V 40W,,
01tVT000007SgEnYAK,SILLON CAMA FUTÓN CON APOYABRAZOS,,
01tVT000007SgOTYA0,DESHUMIDIFICADOR 2000ML 120V 60W,,
01tVT000007Sh2nYAC,DESHUMIDIFICADOR 2200ML 120V 65W,,
01tVT000007ShMAYA0,DESHUMIDIFICADOR 2000ML 120V 115W,,
01tVT000007ShVpYAK,DESHUMIDIFICADOR 2400ML 120V 300W,,
01tVT000007SiLTYA0,PURIFICADOR DE AIRE 120V 5W,,
01tVT000007SiN3YAK,HUMIDIFICADOR 5L 120V 25W,,
01tVT000007SidBYAS,HUMIDIFICADOR 8L 120V 300W,,
01tVT000007SjB4YAK,PURIFICADOR DE AIRE 40M2 120V 62W,,
01tVT000007SjFtYAK,PURIFICADOR DE AIRE 20M2 120V 34W,,
01tVT000007SjivYAC,PURIFICADOR DE AIRE CON VENTILADOR 30M2 120V 40W,,
01tVT000007TLmbYAG,SILLON CAMA FUTÓN,,
01tVT000007TMAnYAO,OTTOMAN,,
01tVT000007TMKTYA4,OTTOMAN,,
01tVT000007TMU9YAO,SILLON CAMA FUTÓN,,
01tVT000007TTsDYAW,"VENTILADOR SOBREMESA Y ABRAZADERA 6"" 15W",,
01tVT000007TXEHYA4,VENTILADOR DE TORRE + HUMIDIFICADOR + ENFRIADOR DE AIRE 3 EN 1 70W,,
01tVT000007TXSnYAO,ENFRIADOR DE AIRE EVAPORATIVO 60W,,
01tVT000007TXhJYAW,VENTILADOR AC 50W GIRATORIO,,
01tVT000007TY77YAG,VENTILADOR CON PURIFICADOR DE AIRE 40W/1300W,,
01tVT000007TYLdYAO,VENTILADOR EVAPORATIVOS DE TORRE 80W,,
01tVT000007WSBdYAO,HUMIDIFICADOR 6 LT 110W,,
01tVT000007Y4BdYAK,SET DE 5 PIEZAS CON BOLSA TERMICA,,
01tVT000007Y4efYAC,SET DE 6 PIEZAS CON BOLSA TERMICA,,
01tVT000007cl9zYAA,MESA RESINA PLEGABLE IMITACION RATAN,,
01tVT000007clUwYAI,MESA RESINA RECTANGULAR IMITACION RATAN PLEGABLE,,
01tVT000007clgDYAQ,MESA RESINA IMITACION MADERA PLEGABLE,,
01tVT000007dSN0YAM,SILLA PLEGABLE PP,,
01tVT000007dTe2YAE,MESA RESINA PLEGABLE ? 3.5 cm,,
01tVT000007eK7HYAU,VENTILADOR DE MANO CON BASE,,
01tVT000007eS4oYAE,VENTILADOR CON CLIP DE 1200 MAH,,
01tVT000007eTCBYA2,VENTILADOR DE MANO 2000MAH,,
01tVT000007eTnGYAU,VENTILADOR DE MANO,,
01tVT000007eV7VYAU,DESHUMIDIFICADOR 500ML 22W,,
01tVT000007eVM1YAM,DESHUMIDIFICADOR 500ML 22W,,
01tVT000007eVYvYAM,DESHUMIDIFICADOR 500ML 22W,,
01tVT000007eVibYAE,DESHUMIDIFICADOR 1200ML 25W,,
01tVT000007eVttYAE,VENTILADOR DE MANO CON BASE,,
01tVT000007eW0LYAU,VENTILADOR DE MANO PLEGABLE,,
01tVT000007eWGVYA2,HUMIDIFICADOR 6000ML 127V,,
01tVT000007eWI5YAM,DESHUMIDIFICADOR 2000ML 60W,,
01tVT000007eWOXYA2,VENTILADOR DE MANO,,
01tVT000007eWefYAE,VENTILADOR DE MANO,,
01tVT000007eWgHYAU,DESHUMIDIFICADOR 2500ML CON LED,,
01tVT000007eWoLYAU,VENTILADOR DE MANO,,
01tVT000007eWy1YAE,HUMIDIFICADOR 2300ML 25W,,
01tVT000007eXCXYA2,HUMIDIFICADOR CON LED 4000ML 26W,,
01tVT000007eXFlYAM,VENTILADOR DE MANO CON BASE,,
01tVT000007eXSfYAM,VENTILADOR CON CLIP,,
01tVT000007eXinYAE,HUMIDIFICADOR EVAPORATORIO 4500ML 127V,,
01tVT000007eY5NYAU,HUMIDIFICADOR 9000ML 25W,,
01tVT000007fcwXYAQ,VENTILADOR SOBREMESA 10'40W 127V 3 VELOCIDADES,,
01tVT000007fdB3YAI,VENTILADOR SOBREMESA 12'40W 127V 3 VELOCIDADES,,
01tVT000007fdivYAA,"VENTILADOR PARED 16"", CONTROL MANUAL",,
01tVT000007feDZYAY,"VENTILADOR PARED 16"", CONTROL REMOTO",,
01tVT000007ffxeYAA,ASADOR CARBON RECTANGULAR CON RED Y RUEDAS -CAJA CHINA,,
01tVT000007gQLSYA2,VENTILADOR DE MANO RECARGABLE TRANSPARENTE,,
01tVT000007gTw1YAE,VENTILADOR DE MANO RECARGABLE TRANSPARENTE,,
01tVT000007gU7JYAU,VENTILADOR DE MANO RECARGABLE TRANSPARENTE,,
01tVT000007gUs6YAE,VENTILADOR PORTATIL RECARGABLE,,
01tVT000007gW4HYAU,VENTILADOR PORTATIL RECARGABLE,,
01tVT000007gXuoYAE,VENTILADOR CUELLO PORTATIL RECARGABLE,,
01tVT000007gXy1YAE,VENTILADOR PORTATIL RECARGABLE,,
01tVT000007gYNpYAM,VENTILADOR PORTATIL RECARGABLE,,
01tVT000007gYdxYAE,VENTILADOR DE BOLSILLO,,
01tVT000007gYqrYAE,VENTILADOR DE BOLSILLO,,
01tVT000007gZ0XYAU,VENTILADOR DE BOLSILLO,,
01tVT000007gZ6zYAE,VENTILADOR DE BOLSILLO,,
01tVT000007gZgUYAU,VENTILADOR CUELLO PORTATIL RECARGABLE,,
01tVT000007gZmvYAE,VENTILADOR PORTATIL RECARGABLE,,
01tVT000007gZtNYAU,VENTILADOR PORTATIL RECARGABLE,,
01tVT000007gaELYAY,VENTILADOR PORTATIL RECARGABLE,,
01tVT000007gaZJYAY,VENTILADOR PORTATIL RECARGABLE,,
01tVT000007gae9YAA,VENTILADOR PORTATIL RECARGABLE,,
01tVT000007gbK6YAI,VENTILADOR CUELLO PORTATIL RECARGABLE,,
01tVT000007gblVYAQ,VENTILADOR CUELLO PORTATIL RECARGABLE CON BASE,,
01tVT000007hZwAYAU,"VENTILADOR DE TECHO DE 52"", FUNCIÓN DE TEMPORIZADOR",,
01tVT000007hc2nYAA,VENTILADOR TECHO CON LUZ LED 127V 31W,,
01tVT000007hcpBYAQ,"CEILING FAN 42"", TIMER FUNCTION",,
01tVT000007hcu1YAA,"VENTILADOR DE TECHO DE 30"", 6 VELOCIDADES",,
01tVT000007hd6vYAA,"VENTILADOR DE TECHO DE 30"", 6 VELOCIDADES",,
01tVT000007hd8XYAQ,VENTILADOR TECHO CON LUZ LED Y CONTROL REMOTO 127V 33W,,
01tVT000007hdTVYAY,"VENTILADOR DE TECHO DE 42"", FUNCIÓN DE TEMPORIZADOR",,
01tVT000007hddBYAQ,VENTILADOR TECHO CON LUZ LED 127V 33W,,
01tVT000007hdq5YAA,"VENTILADOR DE TECHO DE 42"", FUNCIÓN DE TEMPORIZADOR",,
01tVT000007hdzlYAA,"VENTILADOR DE TECHO DE 54"", FUNCIÓN DE TEMPORIZADOR",,
01tVT000007he2zYAA,VENTILADOR TECHO CON LUZ LED 127V 35W,,
01tVT000007heHVYAY,VENTILADOR TECHO CON LUZ LED Y CONTROL REMOTO 127V 35W,,
01tVT000007heMLYAY,VENTILADOR TECHO CON LUZ LED 127V 35W,,
01tVT000007hoK5YAI,"VENTILADOR PORTÁTIL DE 5,5 PULGADAS, CABEZAL AJUSTABLE",,
01tVT000007hoaDYAQ,VENTILADOR SOBREMESA 8' 30W 127V 3 VELOCIDADES,,
01tVT000007hownYAA,VENTILADOR SOBREMESA CON CLIP 2 IN 1 8' 9V,,
01tVT000007hp85YAA,"VENTILADOR DE CIRCULACIÓN, CONTROL REMOTO",,
01tVT000007hpMbYAI,VENTILADOR SIN ASPAS 80W 127V 3 VELOCIDADES,,
01tVT000007hpT3YAI,VENTILADOR SIN CUCULLAS CON PURIFICADOR DE AIRE 35W 127V 3 VELOCIDADES,,
01tVT000007jkViYAI,ASADOR CARBON CERAMICO REDONDO CON MESAS LATERALES,,
01tVT000007mv9eYAA,SET BISTRO WICKER 3 PIEZAS CON COJINES,,
01tVT000007n8TRYAY,SET BISTRO WICKER 3 PIEZAS CON COJINES,,
01tVT000007n8gLYAQ,SET BISTRO WICKER 3 PIEZAS CON COJINES,,
01tVT000007n9EDYAY,SET BISTRO WICKER 3 PIEZAS CON COJINES,,
01tVT000007n9fdYAA,SET BISTRO WICKER 5 PIEZAS CON COJINES,,
01tVT000007nx2vYAA,SET BISTRO ACERO MECEDORA 3 PIEZAS CON COJINES,,
01tVT000007nxEDYAY,SET BISTRO ALUMINIO 3 PIEZAS CON COJINES,,
01tVT000007nyqDYAQ,SET BISTRO WICKER 5 PIEZAS CON COJINES,,
01tVT000007nzhRYAQ,SALA DE PATIO WICKER 4 PIEZAS CON COJINES,,
01tVT000007nzr7YAA,SALA DE PATIO ACERO 4 PIEZAS,,
01tVT000007o0DhYAI,SALA DE PATIO ACERO 4 PIEZAS,,
01tVT000007o0OzYAI,SALA DE PATIO ACERO 4 PIEZAS,,
01tVT000007o4lxYAA,SALA DE PATIO WICKER 4 PIEZAS CON COJINES,,
01tVT000007oe6HYAQ,SALA DE PATIO WICKER 4 PIEZAS CON COJINES,,
01tVT000007oeXhYAI,SALA DE PATIO RATAN 4 PIEZAS CON COJINES,,
01tVT000007of5ZYAQ,SALA DE PATIO WICKER 4 PIEZAS CON COJINES,,
01tVT000007ofS9YAI,SALA DE PATIO WICKER 4 PIEZAS CON COJINES,,
01tVT000007ofgfYAA,SALA DE PATIO WICKER 4 PIEZAS CON COJINES,,
01tVT000007ogRRYAY,SALA DE PATIO ACERO 4 PIEZAS,,
01tVT000007ojNhYAI,SALA DE PATIO ESQUINA CON COJINES,,
01tVT000007ok0PYAQ,JUEGO DE COMEDOR PARA EXTERIOR DE RATÁN PE DE 5 PIEZAS,,
01tVT000007okLNYAY,JUEGO DE COMEDOR PARA EXTERIOR DE RATÁN PE DE 5 PIEZAS,,
01tVT000007okgLYAQ,SET COMEDOR RATTAN 7 PIEZAS CON COJINES,,
01tVT000007okwTYAQ,SALA DE PATIO ACERO 4 PIEZAS,,
01tVT000007olcPYAQ,SET COMEDOR 5 PIEZAS AHORRAESPACIO RATTAN CON COJINES,,
01tVT000007opsvYAA,SALA DE PATIO ACERO 4 PIEZAS CON COJINES,,
01tVT000007oqAfYAI,SALA DE PATIO ACERO 4 PIEZAS CON COJINES,,
01tVT000007or6jYAA,SALA DE PATIO ACERO 5 PIEZAS CON COJINES,,
01tVT000007orGPYAY,SALA DE PATIO ACERO 5 PIEZAS CON COJINES,,
01tVT000007orptYAA,SET COMEDOR WICKER 11 PIEZAS CON COJINES,,
01tVT000007os61YAA,SALA DE PATIO ACERO 4 PIEZAS CON COJINES,,
01tVT000007osArYAI,SET BISTRO RATTAN 3 PIEZAS,,
01tVT000007osM9YAI,SALA DE PATIO ACERO 4 PIEZAS CON COJINES,,
01tVT000007osdtYAA,SALA DE PATIO ACERO 4 PIEZAS CON COJINES,,
01tVT000007oslxYAA,SALA DE PATIO ACERO 4 PIEZAS CON COJINES,,
01tVT000007ospBYAQ,SOFA AJUSTABLE 2 PIEZAS CON COJINES,,
01tVT000007ot6vYAA,SALA DE PATIO ACERO 5 PIEZAS,,
01tVT000007ot8YYAQ,CARRITO AUXILIAR VINO ACERO 2 NIVELES,,
01tVT000007oti1YAA,SET COMEDOR ACERO 5 PIEZAS,,
01tVT000007pVqYYAU,SET BISTRO DE TUMBONAS PLEGABLES 3 PIEZAS CON MESA,,
01tVT000007pX7aYAE,TUMBONA PLAYA METALICA,,
01tVT000007pYJlYAM,SET BISTRO METALICO PLEGABLE 3 PIEZAS,,
01tVT000007pYV3YAM,SET BISTRO METALICO PLEGABLE 3 PIEZAS,,
01tVT000007paVHYAY,SET COMEDOR METALICO 5 PIEZAS,,
01tVT000007pd05YAA,SET DE BANCO AJUSTABLE 2 PIEZAS CON COJINES,,
01tVT000007pdEbYAI,SET BISTRO METALICO PLEGABLE 3 PIEZAS,,
01tVT000007pdPtYAI,SET BISTRO DE MECEDORA METALICA 3 PIEZAS CON COJINES,,
01tVT000007pdXxYAI,SET COMEDOR METALICO PLEGABLE 5 PIEZAS,,
01tVT000007pdxlYAA,SET COMEDOR ALUMINIO 5 PIEZAS,,
01tVT000007pgPNYAY,SET COMEDOR ALUMINIO 5 PIEZAS,,
01tVT000007phJqYAI,SALA DE PATIO WICKER 5 PIEZAS CON COJINES,,
01tVT000007phgPYAQ,SALA DE PATIO WICKER 4 PIEZAS CON COJINES,,
01tVT000007phlGYAQ,SALA DE PATIO WICKER 4 PIEZAS CON COJINES Y PILLOW,,
01tVT000007pi9RYAQ,SET DE SOFÁS MULTIFUNCIONAL CON COJINES 5PCS,,
01tVT000007pihJYAQ,SALA DE PATIO WICKER 4 PIEZAS CON COJINES Y PILLOW,,
01tVT000007pj5VYAQ,SALA DE PATIO WICKER 7 PIEZAS CON COJINES Y PILLOW,,
01tVT000007pjzxYAA,MESA DE BALCÓN,,
01tVT000007qKprYAE,NEVERA PORTATIL (44L-62 LATAS),,
01tVT000007qPPiYAM,NEVERA PORTATIL (8L-12 LATAS),,
01tVT000007qPazYAE,NEVERA PORTATIL (22L-30LATAS),,
01tVT000007qQC5YAM,NEVERA CON RUEDAS (26L-33 LATAS),,
01tVT000007qQtdYAE,NEVERA CON RUEDAS (36L-40 LATAS),,
01tVT000007qR6XYAU,NEVERA CON RUEDAS (41L-50 LATAS),,
01tVT000007qRHqYAM,NEVERA PORTATIL (32L-42 LATAS),,
01tVT000007sqdWYAQ,NEVERA PORTATIL CON RUEDAS (50L-86 LATAS),,
01tVT000007srMfYAI,NEVERA CON RUEDAS (75L-120 LATAS),,
01tVT000007srXxYAI,NEVERA PORTATIL (45L-64 LATAS),,
01tVT000007sro5YAA,NEVERA CON RUEDAS (47L-54 LATAS),,
01tVT000007srxlYAA,NEVERA CON RUEDAS (80L-120 LATAS),,
01tVT000007ss7RYAQ,NEVERA CON RUEDAS (98L-130 LATAS),,
01tVT000007ssQnYAI,NEVERA PORTATIL (5L-7 LATAS),,
01tVT000007ssaTYAQ,NEVERA PORTATIL (12L-18 LATAS),,
01tVT000007st0HYAQ,NEVERA PORTATIL (16L-24 LATAS),,
01tVT000007stZlYAI,NEVERA PORTATIL (22L-36 LATAS),,
01tVT000007stgDYAQ,NEVERA CON RUEDAS (120L-160 LATAS),,
01tVT000007stt7YAA,NEVERA PORTATIL (16L-16 LATAS),,
01tVT000007suVpYAI,NEVERA PORTATIL (26L-33 LATAS),,
01tVT000007sunZYAQ,NEVERA PORTATIL (36L-33 LATAS),,
01tVT000007sv5JYAQ,JARRA (7.6L) CON DISPENSADOR PORTATIL,,
01tVT000007svgPYAQ,JARRA (13L) CON DISPENSADOR PORTATIL,,
01tVT000007sw7pYAA,COLUMPIO 3 PLAZAS CON COJINE,,
01tVT000007swJ8YAI,JARRA (18L) CON DISPENSADOR PORTATIL,,
01tVT000007swXdYAI,JARRA (23L) CON DISPENSADOR PORTATIL,,
01tVT000007swivYAA,SET BISTRO 3 PIEZAS CON COJIN,,
01tVT000007swz3YAA,JARRA (0.7L) CON ASA,,
01tVT000007sxALYAY,JARRA (2.3L) CON ASA,,
01tVT000007syUbYAI,TUMBONA PLAYA CON COJIN,,
01tVT000007symLYAQ,TUMBONA PLAYA CON COJIN,,
01tVT000007szaLYAQ,TUMBONA PLAYA 3 PIEZAS,,
01tVT000007szvJYAQ,TUMBONA PLAYA CON COJIN,,
01tVT000007t3VtYAI,TUMBONA PLAYA DOBLE CON COJIN,,
01tVT000007t4i5YAA,SOFA CAMA WICKER CON COJINES,,
01tVT000007t5XhYAI,SET BISTRO WICKER CON COJINES,,
01tVT000007t67BYAQ,SALA DE PATIO WICKER 4 PIEZAS CON COJIN,,
01tVT000007teC5YAI,SALA DE PATIO WICKER 4 PIEZAS CON COJIN,,
01tVT000007teNOYAY,SILLA PLEGABLE CAMPING METALICA CON REPOSAVASOS,,
01tVT000007tf1hYAA,SILLON DOBLE WICKER CON MESA AUXILIAR Y COJINES,,
01tVT000007tfT7YAI,SET BISTRO WICKER 3 PIEZAS CON COJINES,,
01tVT000007tgLxYAI,SILLA PLEGABLE CAMPING METALICA CON BOLSA,,
01tVT000007tgfJYAQ,MESA PLEGABLE CAMPING METALICA CON BOLSA Y 2 REPOSAVASOS,,
01tVT000007tgtpYAA,SILLA PLEGABLE CAMPING METALICA,,
01tVT000007th9xYAA,SET BISTRO WICKER 3 PIEZAS CON COJINES,,
01tVT000007thMrYAI,SILLA PLEGABLE CAMPING METALICA,,
01tVT000007tiIvYAI,SILLA PLEGABLE CAMPING METALICA CON REPOSAVASOS,,
01tVT000007tiafYAA,SILLA PLEGABLE DIRECTOR CON MESA LATERAL,,
01tVT000007tkuDYAQ,SILLA PLAYA AJUSTABLE,,
01tVT000007tlDZYAY,SILLA MECEDORA PLEGABLE CAMPING,,
01tVT000007tlWvYAI,CATRE CAMPING PLEGABLE CON TIRADOR,,
01tVT000007toWPYAY,MESA PLEGABLE CAMPING,,
01tVT000007tp97YAA,MESA PLEGABLE CAMPING,,
01tVT000007tpVhYAI,SILLA PLAYA,,
01tVT000007tqRlYAI,SET ACCESORIOS 4 PIEZAS BBQ,,
01tVT000007tqegYAA,SILLA PLAYA,,
01tVT000007tql7YAA,SET ACCESORIOS 5 PIEZAS,,
01tVT000007tr4TYAQ,SET ACCESORIOS 2 PIEZAS BBQ,,
01tVT000007trVtYAI,TUMBONA PLEGABLE DE PLAYA AJUSTABLE,,
01tVT000007tsJtYAI,SET ACCESORIOS 4 PIEZAS BBQ,,
01tVT000007tsbdYAA,SILLA PLAYA AJUSTABLE,,
01tVT000007tsbeYAA,PINCHO GRILL BBQ 6 PIEZAS,,
01tVT000007tsuzYAA,SILLA PLAYA CON BOLSA,,
01tVT000007ttUTYAY,SILLA PLAYA,,
01tVT000007tv4rYAA,PINCHO GRILL BBQ CON SOPORTE,,
01tVT000007tvhZYAQ,CAJA AHUMADORA BBQ,,
01tVT000007tvxhYAA,BANDEJA GRILL BBQ,,
01tVT000007tySXYAY,BANDEJA GRILL BBQ 2 PIEZAS,,
01tVT000007u0ZCYAY,CEPILLO LIMPIADOR BBQ,,
01tVT000007uYXdYAM,PARRILLA GRILL BBQ,,
01tVT000007uYiwYAE,BANDEJA GRILL BBQ,,
01tVT000007uYqzYAE,MANOPLA SILICONA BBQ,,
01tVT000007uZ0fYAE,MANOPLA SILICONA BBQ,,
01tVT000007uZn3YAE,SET ACCESORIOS 3 PIEZAS BBQ,,
01tVT000007uaBFYAY,SET ACCESORIOS 2 PIEZAS BBQ,,
01tVT000007uaSzYAI,SET ACCESORIOS 4 PIEZAS BBQ,,
01tVT000007uc8DYAQ,SET ACCESORIOS 8 PIEZAS BBQ,,
01tVT000007uh7tYAA,TUMBONA PLAYA CON COJIN,,
01tVT000007uiAPYAY,SET BISTRO WICKER 3 PIEZAS CON COJINES,,
01tVT000007uiWzYAI,SET BISTRO WICKER 3 PIEZAS CON COJINES,,
01tVT000007ukAcYAI,SILLA MARIPOSA PLEGABLE METALICA,,
01tVT000007uks9YAA,SILLON DOBLE CON MESA AUXILIAR Y COJINES,,
01tVT000007ul8HYAQ,SILLA PLAYA,,
01tVT000007ulLBYAY,SILLA PLAYA,,
01tVT000007ulkzYAA,SILLA PLEGABLE CAMPING METALICA,,
01tVT000007um2jYAA,SILLA PLEGABLE CAMPING METALICA,,
01tVT000007umXNYAY,SILLA MARIPOSA PLEGABLE METALICA CON APOYABRAZOS,,
01tVT000007umqjYAA,SET DE SOFÁS MULTIFUNCIONAL 2 PIEZAS CON COJINES,,
01tVT000007uoKfYAI,MESA PLEGABLE CAMPING METALICA AJUSTABLE,,
01tVT000007uohFYAQ,MESA PLEGABLE CAMPING METALICA AJUSTABLE,,
01tVT000007uopKYAQ,SALA DE PATIO METALICA CON COJINES,,
01tVT000007uoyzYAA,MESA PLEGABLE CAMPING METALICA ROLL UP,,
01tVT000007up8fYAA,SALA DE PATIO METALICA CON COJINES,,
01tVT000007upILYAY,MESA PLEGABLE CAMPING METALICA ROLL UP,,
01tVT000007uqskYAA,MESA PLEGABLE CAMPING METALICA ROLL UP,,
01tVT000007urdVYAQ,MESA PLEGABLE CAMPING METALICA ROLL UP,,
01tVT000007vMkYYAU,MESA DE SERVICIO CON RUEDAS,,
01tVT000007vPQfYAM,MESA DE SERVICIO CON RUEDAS,,
01tVT000007vPbxYAE,ENFRIADOR DE PATIO,,
01tVT000007vPthYAE,BANCO DE ALMACENAMIENTO DE RATÁN,,
01tVT000007vT7hYAE,BANCO DE ALMACENAMIENTO DE RATÁN,,
01tVT000007vTPRYA2,CAJA DE ALMACENAMIENTO DE COJÍN,,
01tVT000007vTfZYAU,CAJA DE ALMACENAMIENTO DE COJÍN,,
01tVT000007vTqrYAE,CAJA DE ALMACENAMIENTO DE COJÍN,,
01tVT000007vUJtYAM,BANCO LATERAL PLEGABLE 2 PLAZA,,
01tVT000007vUbdYAE,SILLON HUEVO CON COJÍN,,
01tVT000007vUyDYAU,SOFA DE RATÁN 2 PLAZAS CON COJINE,,
01tVT000007vVFxYAM,SILLON METAL CON TABURETE,,
01tVT000007vW3xYAE,MESA PLEGABLE CAMPING METALICA,,
01tVT000007vYQjYAM,MESA PLEGABLE CAMPING BAMBÚ,,
01tVT000007vYdeYAE,ESTANTERIA CAMPING PORTÁTIL ALUMINIO,,
01tVT000007wPq1YAE,GAZEBO CUADRADO METALICO,,
01tVT000007wQ1JYAU,GAZEBO RECTANGULAR METALICO,,
01tVT000007wQCbYAM,GAZEBO CUADRADO METALICO,,
01tVT000007wQR7YAM,GAZEBO CUADRADO METALICO,,
01tVT000007wUuXYAU,GAZEBO CUADRADO EXTENSIBLE METALICO,,
01tVT000007zGLaYAM,GAZEBO CUADRADO METALICO,,
01tVT000007zI0nYAE,GAZEBO RECTANGULAR METALICO,,
01tVT000007zI8sYAE,GAZEBO RECTANGULAR METALICO CON TECHO Y BARRAS BAR,,
01tVT000007zIATYA2,GAZEBO CUADRADO ALUMINIO,,
01tVT000007zIX3YAM,GAZEBO CUADRADO METALICO CON PARED KD VERSION,,
01tVT000007zIs1YAE,GAZEBO RECTANGULAR METALICO CON BARRAS BAR,,
01tVT000007zJ89YAE,GAZEBO RECTANGULAR METALICO CON TECHO Y BARRAS BAR,,
01tVT000007zOB3YAM,GAZEBO CUADRADO METALICO PLEGABLE,,
01tVT0000080BmrYAE,GAZEBO RECTANGULAR METALICO CON TECHO Y CORTINAS,,
01tVT0000080EXpYAM,GAZEBO RECTANGULAR METALICO CON TECHO Y CORTINAS,,
01tVT0000080HvVYAU,"GAZEBO CUADRADO METALICO CON TECHO, CORTINAS Y MOSQUITERA",,
01tVT0000080IUzYAM,"GAZEBO CUADRADO METALICO CON TECHO, CORTINAS Y MOSQUITERA",,
01tVT0000080Iy1YAE,GAZEBO CUADRADO METALICO CON CORTINAS Y LED,,
01tVT0000080JcLYAU,GAZEBO CUADRADO ALUMINIO CON TECHO Y CORTINAS,,
01tVT0000080tkgYAA,SET COMEDOR MDF + 4 SILLAS,,
01tVT0000080tzBYAQ,SET COMEDOR + 2 BANCO,,
01tVT0000080uC5YAI,SET COMEDOR + 4 SILLAS,,
01tVT0000080v9lYAA,SET COMEDOR MDF + 4 SILLAS,,
01tVT0000080vZZYAY,SET DESAYUNADOR MDF + 2 TABURETES + ALMACENAJE 1 NIVELES,,
01tVT0000080wCHYAY,SOFA CAMA,,
01tVT0000080wNZYAY,SOFA CAMA,,
01tVT0000080wfJYAQ,SOFA CAMA,,
01tVT0000080wvRYAQ,SOFA CAMA,,
01tVT0000080xJdYAI,SOFA CAMA,,
01tVT0000080xwLYAQ,MESA COMEDOR CRISTAL,,
01tVT0000080yIvYAI,MESA COMEDOR RECTANGULAR CRISTAL,,
01tVT00000815ViYAI,SILLA PLASTICA,,
01tVT000008188cYAA,SILLA PLASTICA,,
01tVT00000818OjYAI,MESA AUXILIAR CUADRADA PLASTICA,,
01tVT00000818mvYAA,MESA AUXILIAR REDONDA PLASTICA,,
01tVT0000081933YAA,MESA AUXILIAR CUADRADA PLASTICA,,
01tVT0000081A7BYAU,SILLA PLASTICA,,
01tVT0000081AGrYAM,SILLA PLASTICA,,
01tVT0000081AwnYAE,SILLA PLASTICA,,
01tVT0000081B9hYAE,SILLA PLASTICA,,
01tVT0000081BPpYAM,SILLA PLASTICA,,
01tVT0000081qMXYAY,SILLA PLEGABLE CAMPING METALICA,,
01tVT0000081rqTYAQ,GAZEBO RECTANGULAR METALICO CON TECHO Y CORTINAS,,
01tVT0000081s1lYAA,GAZEBO CUADRADO METALICO CON CORTINAS,,
01tVT0000081sGHYAY,GAZEBO RECTANGULAR METALICO CON PARED Y BARRA BAR,,
01tVT0000081sxpYAA,COBERTIZO DE ALMACENAMIENTO,,
01tVT0000081tAjYAI,COBERTIZO DE ALMACENAMIENTO,,
01tVT00000821hlYAA,BOLSA MOCHILA NEVERA CAMPING,,
01tVT0000083ufOYAQ,BOLSA MOCHILA NEVERA CAMPING,,
01tVT0000083vd4YAA,BOLSA MOCHILA NEVERA CAMPING,,
01tVT0000083zWzYAI,BOLSA MOCHILA NEVERA CAMPING,,
01tVT0000083zlVYAQ,BOLSA MOCHILA NEVERA CAMPING,,
01tVT0000084085YAA,BOLSA MOCHILA NEVERA CAMPING,,
01tVT00000841LtYAI,BOLSA MOCHILA NEVERA CAMPING,,
01tVT00000841VaYAI,BOLSA MOCHILA NEVERA CAMPING,,
01tVT00000841vNYAQ,BOLSA MOCHILA NEVERA CAMPING,,
01tVT00000842Q2YAI,BOLSA NEVERA ISOTÉRMICA CAMPING,,
01tVT00000842rRYAQ,BOLSA NEVERA ISOTÉRMICA CAMPING,,
01tVT00000843vZYAQ,BOLSA NEVERA ISOTÉRMICA CAMPING,,
01tVT000008445FYAQ,BOLSA NEVERA ISOTÉRMICA CAMPING,,
01tVT00000845EDYAY,BOLSA NEVERA ISOTÉRMICA CAMPING 30 L,,
01tVT00000845cPYAQ,BOLSA NEVERA ISOTÉRMICA CAMPING 19L,,
01tVT0000084lOjYAI,SET BISTRO ALUMINIO & POLYWOOD 5 PIEZAS,,
01tVT0000084lerYAA,SET BISTRO ALUMINIO & POLYWOOD 5 PIEZAS,,
01tVT0000084lrlYAA,SET BISTRO ALUMINIO & POLYWOOD 5 PIEZAS,,
01tVT00000850CTYAY,BOLSA NEVERA ISOTÉRMICA CAMPING 40L,,
01tVT00000850M9YAI,BOLSA NEVERA ISOTÉRMICA CAMPING,,
01tVT00000850VpYAI,BOLSA NEVERA ISOTÉRMICA CAMPING,,
01tVT00000850fVYAQ,BOLSA NEVERA ISOTÉRMICA CAMPING,,
01tVT00000850yrYAA,BOLSA NEVERA ISOTÉRMICA CAMPING,,
01tVT00000851AAYAY,BOLSA NEVERA CAMPING,,
01tVT00000854ZRYAY,BOLSA NEVERA CAMPING,,
01tVT00000854rBYAQ,BOLSA NEVERA CAMPING CON RUEDAS,,
01tVT00000855C9YAI,BOLSA NEVERA CAMPING CON RUEDAS,,
01tVT00000855QgYAI,BOLSA NEVERA CAMPING CON RUEDAS,,
01tVT0000085Ja6YAE,SET BISTRO ALUMINIO & POLYWOOD 3 PIEZAS,,
01tVT0000086cnaYAA,CENTRO ENTRETENIMIENTO,,
01tVT0000086fTiYAI,CENTRO ENTRETENIMIENTO 2 NIVELES CON 2 CAJONES Y 2 PUERTAS,,
01tVT0000086g6PYAQ,SET DE MESA PLEGABLE CAMPNG,,
01tVT0000086gJJYAY,MESA PLEGABLE CAMPING,,
01tVT0000086gMYYAY,TUMBONA PLAYA,,
01tVT0000086gWDYAY,CARRITO TRANSPORTADOR PLEGABLE CAMPING,,
01tVT0000086gj7YAA,CARRITO TRANSPORTADOR PLEGABLE CAMPING,,
01tVT0000086guPYAQ,CARRITO TRANSPORTADOR PLEGABLE CAMPING,,
01tVT0000086h45YAA,SILLA PLAYA DE PISO,,
01tVT0000086hDlYAI,SILLA PLAYA DE PISO,,
01tVT0000086haLYAQ,TUMBONA PLAYA,,
01tVT0000086hk1YAA,SILLA PLAYA,,
01tVT0000086hwvYAA,TUMBONA PLAYA,,
01tVT0000086iL7YAI,CENTRO ENTRETENIMIENTO 2 NIVELES CON 2 CAJONES Y 2 PUERTAS,,
01tVT0000086ibFYAQ,CENTRO ENTRETENIMIENTO 2 NIVELES CON 2 CAJONES,,
01tVT0000086jInYAI,CENTRO ENTRETENIMIENTO 2 NIVELES CON 2 CAJONES Y 2 PUERTAS,,
01tVT0000086jYvYAI,CENTRO ENTRETENIMIENTO 2 NIVELES,,
01tVT0000086jqfYAA,CENTRO ENTRETENIMIENTO 2 NIVELES,,
01tVT0000086jvVYAQ,CENTRO ENTRETENIMIENTO 2 NIVELES,,
01tVT0000086k6nYAA,CENTRO ENTRETENIMIENTO 1 NIVEL CON 1 CAJÓN,,
01tVT0000086k8QYAQ,CENTRO ENTRETENIMIENTO,,
01tVT0000086mgTYAQ,CENTRO ENTRETENIMIENTO,,
01tVT0000086myDYAQ,CENTRO ENTRETENIMIENTO,,
01tVT0000086nHZYAY,CENTRO ENTRETENIMIENTO,,
01tVT0000087OIkYAM,TIENDA CON PUERTA,,
01tVT0000087SnlYAE,TIENDA CON PUERTA,,
01tVT0000087T0fYAE,TIENDA CON VENTANA,,
01tVT0000087TGnYAM,TIENDA CON PUERTA,,
01tVT0000087UWDYA2,TIENDA,,
01tVT0000087UpZYAU,TIENDA DE DUCHA,,
01tVT0000087ZPRYA2,HAMACA COLGANTE INFANTIL NILÓN PORTÁTIL,,
01tVT0000087aDRYAY,TUMBONA PLAYA,,
01tVT0000089cnpYAA,HAMACA COLGANTE NILÓN PORTÁTIL,,
01tVT0000089cvuYAA,TIENDA DE CAMPAÑA DOMO,,
01tVT0000089d2LYAQ,HAMACA COLGANTE NILÓN PORTÁTIL CON MOSQUITERA,,
01tVT0000089dFFYAY,HAMACA COLGANTE NILÓN PORTÁTIL CON MOSQUITERA,,
01tVT0000089dQXYAY,HAMACA COLGANTE NILÓN PORTÁTIL,,
01tVT0000089drxYAA,HAMACA COLGANTE POLIESTER ALGODON,,
01tVT0000089dwnYAA,HAMACA COLGANTE POLIESTER ALGODON,,
01tVT0000089e85YAA,HAMACA COLGANTE NILÓN PORTÁTIL CON PALO METÁLICO,,
01tVT0000089eY0YAI,TIENDA DE CAMPAÑA DOMO,,
01tVT0000089fAbYAI,SOPORTE METALICO PARA HAMACA COLGANTE,,
01tVT0000089gUrYAI,SACO DE DORMIR,,
01tVT0000089gUsYAI,CORREAS PARA HAMACA COLGANTE,,
01tVT0000089geXYAQ,SACO DE DORMIR,,
01tVT0000089gmbYAA,COLCHÓN INFLABLE,,
01tVT0000089h17YAA,ALMOHADA INFLABLE,,
01tVT0000089hE1YAI,TIENDA DE CAMPAÑA CARPA,,
01tVT0000089iEvYAI,CORREAS PARA HAMACA COLGANTE,,
01tVT0000089pt7YAA,VENTILADOR DE MANO,,
01tVT000008BQaTYAW,HAMACA COLGANTE POLIESTER ALGODON,,
01tVT000008BQsDYAW,HAMACA COLGANTE DOBLE POLIESTER ALGODON CON 2 ALMOHADAS,,
01tVT000008BRhpYAG,COLUMPIO COLGANTE CON COJIN,,
01tVT000008BRt7YAG,COLUMPIO COLGANTE CON COJINES,,
01tVT000008CFLFYA4,BOLSA NEVERA CAMPING CON ACCESORIOS DE BARBACOA,,
01tVT000008CLAXYA4,TIENDA DE CAMPAÑA,,
01tVT000008CLvJYAW,BAÑO DE CAMPING,,
01tVT000008CMeTYAW,CENTRO ENTRETENIMIENTO,,
01tVT000008CNInYAO,SOMBRILLA PLAYA,,
01tVT000008CNXJYA4,SOMBRILLA PLAYA,,
01tVT000008CNsHYAW,SOMBRILLA PLAYA,,
01tVT000008CObRYAW,SET ACCESORIOS 4 PIEZAS,,
01tVT000008COrZYAW,SET ACCESORIOS 4 PIEZAS,,
01tVT000008CPAvYAO,SET ACCESORIOS 4 PIEZAS,,
01tVT000008CQDRYA4,SOMBRILLA PLAYA,,
01tVT000008CQQLYA4,SOMBRILLA PLAYA,,
01tVT000008CQjhYAG,GAZEBO PLAYA,,
01tVT000008DEyDYAW,BANDEJA GRILL BBQ,,
01tVT000008DFB7YAO,ESPÁTULA BBQ,,
01tVT000008DFKnYAO,TENEDOR BBQ,,
01tVT000008DFRFYA4,TENAZAS,,
01tVT000008DFZJYA4,CEPILLO PARA PARRILLA BBQ,,
01tVT000008GRZ7YAO,ASADOR CARBON RECTANGULAR CON MESAS LATERALES Y PARRILLADAS 2 PIEZAS,,
01tVT000008H6HKYA0,SET ACCESORIOS 4 PIEZAS BBQ,,
01tVT000008H6h7YAC,SET ACCESORIOS 3 PIEZAS BBQ,,
01tVT000008H7DNYA0,SET ACCESORIOS 3 PIEZAS BBQ,,
01tVT000008H7QIYA0,SET ACCESORIOS 3 PIEZAS BBQ,,
01tVT000008H82zYAC,SET ACCESORIOS 3 PIEZAS BBQ,,
01tVT000008H8KjYAK,SET ACCESORIOS 3 PIEZAS BBQ,,
01tVT000008H8ivYAC,SET ACCESORIOS 3 PIEZAS BBQ,,
01tVT000008H9GnYAK,"CEPILLO LIMPIADOR BBQ 12""",,
01tVT000008H9VJYA0,SET ACCESORIOS 4 PIEZAS BBQ,,
01tVT000008H9tVYAS,SET ACCESORIOS 2 PIEZAS BBQ,,
01tVT000008IDobYAG,GAZEBO RECTANGULAR METALICO,,
01tVT000008IE4kYAG,SILLA METALICA,,
01tVT000008IEKrYAO,SET ACCESORIOS 4 PIEZAS BBQ,,
01tVT000008IGkrYAG,SILLA METALICA,,
01tVT000008IsTZYA0,SET ACCESORIOS 20 PIEZAS,,
01tVT000008IsuzYAC,SET ACCESORIOS 5 PIEZAS,,
01tVT000008LFp4YAG,SET ACCESORIOS 5 PIEZAS BBQ,,
01tVT000008LGGUYA4,SET ACCESORIOS 7 PIEZAS BBQ,,
01tVT000008LGwPYAW,SET ACCESORIOS 7 PIEZAS BBQ,,
01tVT000008LI3lYAG,ASADOR CARBON CON MESAS LATERALES Y RUEDAS,,
01tVT000008LtD0YAK,ASADOR GAS BARBACOA CON QUEMADOR LATERAL Y RUEDAS,,
01tVT000008M21mYAC,ASADOR CARBON CON MESAS LATERALES Y RUEDAS,,
01tVT000008M4jVYAS,MESA COMEDOR CUADRADA METALICA,,
01tVT000008M4zdYAC,MESA COMEDOR CUADRADA METALICA,,
01tVT000008M6IHYA0,ASADOR CARBON RECTANGULAR CON MESAS LATERALES Y RUEDAS,,
01tVT000008M7XhYAK,MESA DE SERVICIO,,
01tVT000008M88nYAC,MESA DE SERVICIO,,
01tVT000008MA0vYAG,ASADOR GAS BARBACOA CON MESA LATERAL PLEGABLE Y RUEDAS,,
01tVT000008MAKHYA4,ASADOR GAS BARBACOA CON QUEMADOR LATERAL Y RUEDAS,,
01tVT000008MAaPYAW,ASADOR GAS BARBACOA CON QUEMADOR LATERAL Y RUEDAS,,
01tVT000008NhXaYAK,BANCO BAR POLIMADERA,,
01tVT000008NtFKYA0,MESA BAR POLIMADERA,,
01tVT000008O67iYAC,MESA BAR POLIMADERA,,
01tVT000008OGoeYAG,ASADOR GAS BARBACOA CON MESA LATERAL Y RUEDAS,,
01tVT000008OI7FYAW,ASADOR GAS BARBACOA CON MESA LATERAL Y RUEDAS,,
01tVT000008OJ3JYAW,ASADOR GAS BARBACOA CON MESA LATERAL Y RUEDAS,,
01tVT000008OJT7YAO,ASADOR CARBON CON MESA LATERAL Y RUEDAS,,
01tVT000008OJjFYAW,ASADOR CARBON CON MESA LATERAL Y RUEDAS,,
01tVT000008OJuXYAW,ASADOR CARBON CON MESA LATERAL Y RUEDAS,,
01tVT000008PQKTYA4,COLUMPIO COLGANTE CON COJINES,,
01tVT000008PQYzYAO,COLUMPIO COLGANTE CON COJINES,,
01tVT000008PhMwYAK,GAZEBO RECTANGULAR METALICO,,
01tVT000008QWinYAG,SET COMEDOR PLÁSTICO 5 PIEZAS,,
01tVT000008QWndYAG,BASE SOMBRILLA CON RUEDAS 2 EN I HDPE 130L,,
01tVT000008QWyvYAG,SET COMEDOR PLÁSTICO 5 PIEZAS,,
01tVT000008QXRxYAO,SET BISTRO PLÁSTICO Y METÁLICO 3 PIEZAS,,
01tVT000008QXi5YAG,SET BISTRO PLÁSTICO Y METÁLICO 3 PIEZAS,,
01tVT000008QXwbYAG,SET COMEDOR PLÁSTICO 5 PIEZAS,,
01tVT000008QYB7YAO,SET BISTRO PLÁSTICO 3 PIEZAS,,
01tVT000008QYavYAG,SET BAR ACACIA 3 PIEZAS,,
01tVT000008QYkcYAG,SET BISTRO ACERO 3 PIEZAS,,
01tVT000008QYnpYAG,SET BISTRO ACACIA Y ROPE 3 PIEZAS,,
01tVT000008QZ3xYAG,SALA DE PATIO ACACIA 5 PIEZAS,,
01tVT000008QZITYA4,JUEGO DE COMEDOR PARA EXTERIOR DE ACACIA DE 5 PIEZAS,,
01tVT000008QZWzYAO,SET COMEDOR ACACIA Y ROPE 5 PIEZAS CON COJINES,,
01tVT000008Qa3FYAS,SET CAFÉ ACACIA PLEGABLE 5 PIEZAS,,
01tVT000008QaBKYA0,SET BISTRO ACERO 3 PIEZAS,,
01tVT000008Qc1qYAC,SET BISTRO ACERO 3 PIEZAS,,
01tVT000008Qc8HYAS,TUMBONA Y BANCA 2 EN 1 ACACIA CON COJINES,,
01tVT000008QcLBYA0,CARRITO ORGANIZADOR COCINA 3 NIVELES,,
01tVT000008QchlYAC,SET COMEDOR ACERO 5 PIEZAS,,
01tVT000008QdqjYAC,SET COMEDOR ACERO 8 PIEZAS CON SOMBRILLA,,
01tVT000008Qe6rYAC,SET COMEDOR ACERO 6 PIEZAS CON SOMBRILLA,,
01tVT000008QeJlYAK,SET COMEDOR ACERO 7 PIEZAS CON COJINES,,
01tVT000008Qg8fYAC,SET BISTRO ACERO 3 PIEZAS (MESA + 2 SILLAS),,
01tVT000008QgF8YAK,FUENTE PIEDRA CON LED,,
01tVT000008QgmzYAC,SET BISTRO ACERO 3 PIEZAS,,
01tVT000008Qh1VYAS,SET BISTRO ACERO 3 PIEZAS,,
01tVT000008QhO5YAK,SALA DE PATIO ACERO 4PCS,,
01tVT000008QhvxYAC,FUENTE PORCELANA CON LED,,
01tVT000008Qi8rYAC,GAZEBO RECTANGULAR METALICO,,
01tVT000008QiIXYA0,SOMBRILLA JARDIN 8 RIBS,,
01tVT000008QidVYAS,"SOMBRILLA DE JARDÍN DE ACERO DE 2,4 M",,
01tVT000008QinBYAS,"SOMBRILLA DE JARDÍN DE ACERO DE 2,7 M",,
01tVT000008Qj6XYAS,FUENTE BOL POLIRESINA,,
01tVT000008Qj9lYAC,SOMBRILLA JARDIN 8 RIBS,,
01tVT000008QjMfYAK,FUENTE OLLA POLIRESINA CON LED,,
01tVT000008QjWLYA0,FUENTE BOL POLIRESINA CON LED,,
01tVT000008QjePYAS,FUENTE RANA POLIRESINA CON LED,,
01tVT000008QjmTYAS,FUENTE BUDA POLIRESINA CON LED,,
01tVT000008Qjw9YAC,FUENTE BUDA POLIRESINA CON LED,,
01tVT000008Sb6TYAS,SET BISTRO ACERO 3PCS,,
01tVT000008SbKzYAK,SET BAR BISTRO ACERO 3PCS,,
01tVT000008SbT3YAK,MESA AUXILIAR ACERO,,
01tVT000008Sd1pYAC,MESA AUXILIAR REDONDA PLASTICA,,
01tVT000008Sd9tYAC,MESA AUXILIAR CUADRADA PLASTICA,,
01tVT000008SdTFYA0,MESA AUXILIAR CUADRADA PLASTICA,,
01tVT000008SdcvYAC,MESA AUXILIAR CUADRADA PLASTICA NEGRA,,
01tVT000008TWazYAG,MESA AUXILIAR CUADRADA PLASTICA,,
01tVT000008TY4vYAG,SOMBRILLA JARDIN LATERAL 8 RIBS  BASE DE SOMBRILLA CON RUEDAS,,
01tVT000008TYkrYAG,SALA DE PATIO ESQUINA ROPE 3 PIEZAS CON COJINES,,
01tVT000008UeGMYA0,SOMBRILLA JARDIN LATERAL 8 RIBS CON LUZ LED Y BASE DE SOMBRILLA CON RUEDAS,,
01tVT000008UeeYYAS,SILLA METALICA,,
01tVT000008VCRhYAO,SET SOFA RECLINABLE MANUAL 1+2+3 PLAZA,,
01tVT000008VDqnYAG,SALA DE PATIO WICKER 7 PIEZAS CON COJINES,,
01tVT000008VEA9YAO,SALA DE PATIO WICKER 7 PIEZAS CON COJINES,,
01tVT000008VEYLYA4,SALA DE PATIO ESQUINA WICKER 7 PIEZAS CON COJINES,,
01tVT000008W71mYAC,MESA AUXILIAR CUADRADA PLASTICA CAQUI,,
01tVT000008W7BRYA0,MESA AUXILIAR CUADRADA PLASTICA VERDE,,
01tVT000008W7szYAC,SILLA COMEDOR PP CAQUI,,
01tVT000008W84HYAS,SILLA COMEDOR PP NEGRA,,
01tVT000008W85tYAC,SILLA COMEDOR PP VERDE,,
01tVT000008WFoxYAG,SALA DE PATIO ACERO 4 PIEZAS,,
01tVT000008WH5zYAG,SET BAR BISTRO ACERO 3PCS,,
01tVT000008WHUAYA4,MESA AUXILIAR CUADRADA PLASTICA NEGRA,,
01tVT000008WHqkYAG,MESA AUXILIAR ACERO,,
01tVT000008WHxCYAW,SET BISTRO ACACIA CON COJIN,,
01tVT000008WHyoYAG,SET BISTRO ACERO 3PCS,,
01tVT000008Z1ZLYA0,SET COMEDOR 5 PIEZAS,,
01tVT000008Z3KzYAK,SET COMEDOR 5 PIEZAS,,
01tVT000008Z4NVYA0,SET COMEDOR 5 PIEZAS,,
01tVT000008Z4fFYAS,SET COMEDOR 9 PIEZAS,,
01tVT000008Z4vOYAS,ESPEJO DE SUELO LED,,
01tVT000008Z5g9YAC,SET BISTRO 5 PIEZAS,,
01tVT000008Z7JlYAK,ESPEJO DE SUELO LED,,
01tVT000008Z7wTYAS,ESPEJO DE SUELO LED,,
01tVT000008ZnE9YAK,SET COMEDOR ALUMINIO 5PCS,,
01tVT000008ZvObYAK,ASADOR CARBON ELECTRONICA,,
01tVT000008Zy6LYAS,ASADOR CARBON PLEGABLE EN MALETIN CON ACCESORIOS,,
01tVT000008apiXYAQ,ASADOR CARBON,,
01tVT000008aq1uYAA,ASADOR CARBON,,
01tVT000008bttnYAA,ASADOR CARBON CERAMICO REDONDO CON MESAS LATERALES,,
01tVT000008dlGzYAI,ASADOR CARBON PLEGABLE EN MALETIN CON ACCESORIOS,,
01tVT000008dlKDYAY,ASADOR CARBON,,
01tVT000008dlSHYAY,ASADOR CARBON,,
01tVT000008gAj7YAE,ASADOR GAS BARBACOA CON QUEMADOR LATERAL Y RUEDAS,,
01tVT000008gP5RYAU,SILLA RESINA DOBLE PLEGABLE,,
01tVT000008gcx8YAA,NEVERA PORTATIL CON RUEDAS (50L-86 LATAS),,
01tVT000008gcykYAA,MESA RESINA IMITACION MADERA PLEGABLE,,
01tVT000008gd0MYAQ,BANCO RESINA PLEGABLE IMITACION MADERA,,
01tVT000008gd1yYAA,SET PICNIC RESINA RECTANGULAR IMITACION  MADERA,,
01tVT000008gd3aYAA,GAZEBO CUADRADO METALICO CON PARED KD VERSION,,
01tVT000008gd8QYAQ,SET COMEDOR ACACIA PLEGABLE 5 PIEZAS,,
01tVT000008gdBeYAI,SET COMEDOR ACACIA Y ROPE 5 PIEZAS CON COJINES,,
01tVT000008gdEsYAI,TUMBONA Y BANCA 2 EN 1 ACACIA CON COJINES,,
01tVT000008gdI6YAI,SALA DE PATIO ACACIA 4 PIEZAS CON ROPE Y COJINES,,
01tVT000008gdLKYAY,SILLON DOBLE METALICA CON MESA AUXILIAR Y COJINES,,
01tVT000008gdQAYAY,SET COMEDOR 7 PIEZAS,,
01tVT000008gdRmYAI,SILLA GIRATORIA HUEVO,,
01tVT000008h0plYAA,SILLA RESINA DOBLE PLEGABLE,,
01tVT000008hRWbYAM,SALA DE PATIO ACERO 4 PIEZAS CON COJINES,,
01tVT000008k54xYAA,ESTANTERIA REDONDA 5 NIVELES ORGANIZADOR CON RUEDAS,,
01tVT000008k6IkYAI,CARRITO ORGANIZADOR COCINA 2 NIVELES,,
01tVT000008k6PCYAY,CARRITO ISLA COCINA,,
01tVT000008k6QoYAI,PERCHERO ORGANIZADOR 2 NIVELES,,
01tVT000008k6SQYAY,ESTANTERIA 4 NIVELES ORGANIZADOR CON RUEDAS,,
01tVT000008k6U2YAI,ESTANTERIA METALICA 5 NIVELES,,
01tVT000008k6XGYAY,CARRO LAVANDERIA CON RUEDAS,,
01tVT000008k6c6YAA,MANGUERA EXPANDIBLE 22 MT C/PISTOLA 8 FUNCIONES,,
01tVT000008k6gwYAA,"MANGUERA 50 MTS - 5/8 """,,
01tVT000008k6iYYAQ,PORTAMANGUERA AUTOENRROLLABLE CON MANGUERA PARED 20 MT,,
01tVT000008k6p0YAA,FUENTE CON LED,,
01tVT000008k6qcYAA,CENTRO DE JUEGOS GRANDE,,
01tVT000008k6vSYAQ,CENTRO DE JUEGOS GRANDE,,
01tVT000008k6x4YAA,CASA DE MUNECAS,,
01tVT000008k6ygYAA,CENTRO DE JUEGOS GRANDE,,
01tVT000008k73WYAQ,FUENTE ABSTRACTA CON LED,,
01tVT000008lCacYAE,SALA DE PATIO ACACIA 4 PIEZAS CON COJINES,,
01tVT000008lCdqYAE,SALA DE PATIO ACACIA 4 PIEZAS CON COJINES,,
01tVT000008pKbBYAU,ESPEJO DE PARED REDONDO CON MARCO MADERA,,
01tVT000008pxPeYAI,SET BISTRO ACACIA 3 PIEZAS CON COJIN,,
01tVT000008qFxdYAE,ESTANTERIA 4 NIVELES ORGANIZADOR CON RUEDAS,,
01tVT000008qIU5YAM,ESTANTERIA REDONDA 5 NIVELES ORGANIZADOR CON RUEDAS,,
01tVT000008qV9bYAE,SALA DE PATIO WICKER 4 PIEZAS CON COJINES,,
01tVT000008qVxaYAE,MESA AUXILIAR CUADRADA PLEGABLE,,
01tVT000008qW0oYAE,SALA DE PATIO ACERO 4PCS,,
01tVT000008qW8sYAE,SET BISTRO WICKER 3 PIEZAS CON COJINES,,
01tVT000008qWIYYA2,SET COMEDOR METALICO 5 PIEZAS,,
01tVT000008qWP0YAM,SILLA PLAYA,,
01tVT000008qWSEYA2,TUMBONA METALICA CON TEXTILENO,,
01tVT000008qdgbYAA,MESA AUXILIAR CUADRADA PLEGABLE,,
01tVT000008qdiDYAQ,MESA AUXILIAR CUADRADA PLEGABLE,,
01tVT000008qe6PYAQ,NEVERA PORTATIL CON RUEDAS (50L-86 LATAS),,
01tVT000008r0q5YAA,SET COMEDOR METALICO 5 PIEZAS,,
01tVT000008r6InYAI,SILLA ORDENADOR MESH + FABRIC,,
01tVT000008r6KPYAY,SILLA ORDENADOR,,
01tVT000008r6PFYAY,SILLA ORDENADOR,,
01tVT000008sjwPYAQ,PARRILLA PORTÁTIL DE CARBÓN,,
01tVT000008skm1YAA,ASADOR CARBON PLEGABLE EN MALETIN CON ACCESORIOS,,
01tVT000008vkpVYAQ,SET COMEDOR WICKER 9 PIEZAS CON COJINES,,
01tVT000008vl7FYAQ,SET COMEDOR WICKER 9 PIEZAS CON COJINES,,
01tVT000008vlYfYAI,SALA DE PATIO WICKER 5 PIEZAS CON COJINES,,
01tVT000008weq5YAA,SET COMEDOR ACERO 6 PIEZAS CON SOMBRILLA,,
01tVT000008wf1NYAQ,SET COMEDOR ACERO 6 PIEZAS CON SOMBRILLA,,
01tVT000008xiYIYAY,SILLA PLEGABLE DOBLE,,
01tVT000008xiZuYAI,MESA RESINA PLEGABLE,,
01tVT000008xigMYAQ,MESA RESINA PLEGABLE ? 4 cm,,
01tVT000008xilCYAQ,MESA RESINA PLEGABLE,,
01tVT000008xj1KYAQ,SOFA SECCIONAL CHESLONG,,
01tVT0000090zEQYAY,SILLON CAMA FUTÓN,,
01tVT00000914lyYAA,SILLA COMEDOR DE ALUMINIO CON CUERDA,,
01tVT00000918KvYAI,SILLA COMEDOR RATAN,,
01tVT0000091LzhYAE,SILLON JARDIN ACERO CON COJINES,,
01tVT0000091MNtYAM,SILLON JARDIN ACERO CON COJINES,,
01tVT0000091cCYYAY,VENTILADOR DE TORRE 70W 127V 3 VELOCIDADES,,
01tVT0000091cJ0YAI,VENTILADOR TORRE 120V 60W,,
01tVT0000091cNqYAI,"VENTILADOR TORRE 32"" 45W",,
01tVT0000092334YAA,CARRITO AUXILIAR ACACIA PLEGABLE 2 NIVELES CON RUEDAS,,
01tVT00000926CDYAY,SILLA COMEDOR WICKER CON COJIN,,
01tVT00000927xtYAA,CARRITO AUXILIAR 2 NIVELES CON RUEDAS,,
01tVT0000092DQbYAM,SET BAR ACACIA 5 PIEZAS,,
01tVT0000092DlZYAU,SET BAR ACACIA 5 PIEZAS,,
01tVT0000093iDpYAI,MESA RESINA PLEGABLE ? 3.8 cm,,
01tVT0000093igrYAA,MESA RESINA PLEGABLE ? 4.5 cm,,
01tVT0000097n5FYAQ,SILLON CAMA FUTÓN,,
01tVT000009EvKbYAK,SILLA PLAYA,,
01tVT000009JboHYAS,CESTA PARRILLA BARBACOA CON 2 OREJAS,,
01tVT000009JpT4YAK,BANDEJA GRILL BBQ,,
01tVT000009NW5FYAW,BANDEJA GRILL BBQ 3 PIEZAS,,
01tVT000009NX4XYAW,BANDEJA GRILL BBQ 3 PIEZAS,,
01tVT000009OBYDYA4,SET COMEDOR + 4 SILLAS,,
01tVT000009Ptx0YAC,SET BISTRO ALUMINIO & POLYWOOD 3 PIEZAS,,
01tVT000009RyhFYAS,TUMBONA METALICA CON TEXTILENO,,
01tVT000009SDMvYAO,BANDEJA GRILL BBQ 3 PIEZAS,,
01tVT000009SO74YAG,SET COMEDOR 5 PIEZAS,,
01tVT000009SO8gYAG,SILLA ORDENADOR MESH,,
01tVT000009U1ZNYA0,MESA PVC,,
01tVT000009VcNBYA0,ESTANTERIA EN ESQUINA 6 NIVELES CON LED,,
01tVT000009VclNYAS,ESTANTE ESQUINERO PIRAMIDAL DE 5 NIVELES,,
01tVT000009Vd1VYAS,ESTANTE ESQUINERO 6 NIVELES,,
01tVT000009WVwLYAW,BANDEJA LAPTOP,,
01tVT000009WWCTYA4,ESTANTERIA PESADA 5 NIVELES,,
01tVT000009WWdtYAG,ESTANTERIA PLASTICO LISO 4 NIVELES,,
01tVT000009WWqnYAG,ESTANTERIA PLASTICO RUGOSO 5 NIVELES,,
01tVT000009WXuvYAG,CARRITO PLEGABLE CON ASIENTO,,
01tVT000009Xn81YAC,CARRITO PLEGABLE CON ASIENTO,,
01tVT000009XnpZYAS,ESTANTERIA PLASTICO LISO 3 NIVELES,,
01tVT000009XoP3YAK,ESTANTERIA PLASTICO RUGOSO 4 NIVELES,,
01tVT000009XognYAC,ESTANTERIA PLASTICO RUGOSO 3 NIVELES,,
01tVT000009Xp09YAC,ESTANTERIA PLASTICO LISO 5 NIVELES,,
01tVT000009Xy8HYAS,FUENTE ABSTRACTA CON LED,,
01tVT000009YzBxYAK,SOFA CAMA,,
01tVT000009YzNFYA0,SOFA CAMA,,
01tVT000009YzblYAC,SOFA CAMA,,
01tVT000009ZDtGYAW,CENTRO ENTRETENIMIENTO 2 NIVELES,,
01tVT000009ZDusYAG,CENTRO ENTRETENIMIENTO 2 NIVELES,,
01tVT000009ZDziYAG,CENTRO ENTRETENIMIENTO 1 NIVEL CON 1 CAJÓN,,
01tVT000009arWsYAI,SOMBRILLA JARDIN LATERAL 8 RIBS  BASE DE SOMBRILLA CON RUEDAS,,
01tVT000009gsgLYAQ,SET DESAYUNADOR MDF + 2 TABURETES + ALMACENAJE 3 NIVELES,,
01tVT000009gslBYAQ,SET DESAYUNADOR MDF + 2 BANCOS,,
01tVT000009kuoRYAQ,SILLA PLEGABLE CAMPING CON BOLSA,,
01tVT000009r2rJYAQ,DELANTAL DE BARBACOA,,
01tVT000009r30zYAA,GUANTES PARA BARBACOA,,
01tVT000009rjTFYAY,CALENTADOR PATIO TORRE DE GAS,,
01tVT000009rnJxYAI,SILLA ORDENADOR MESH,,
01tVT000009rrozYAA,POZO DE FUEGO,,
01tVT000009rsBZYAY,CALENTADOR PATIO TORRE DE GAS,,
01tVT000009u1p3YAA,ESPEJO DE SUELO CON MARCO ALUMINIO Y COLGADOR,,
01tVT000009u28PYAQ,ESPEJO DE SUELO CON MARCO ALUMINIO Y COLGADOR,,
01tVT000009u4a1YAA,ESPEJO DE SUELO CON MARCO ALUMINIO Y COLGADOR,,
01tVT000009u4tNYAQ,ESPEJO DE PARED REDONDO CON MARCO DE MADERA Y COLGADOR,,
01tVT000009u56HYAQ,ESPEJO DE PARED REDONDO CON MARCO DE MADERA Y COLGADOR,,
01tVT000009u5MPYAY,ESPEJO DE PARED RECTANGULAR CON MARCO DE MADERA Y COLGADOR,,
01tVT000009u7JNYAY,SILLA DOBLE PLAYA CON TOLDO,,
01tVT000009u9JZYAY,TUMBONA PLAYA METALICA,,
01tVT000009u9eXYAQ,COLUMPIO BALANCIN DOBLE,,
01tVT000009u9jOYAQ,SET BISTRO METALICO PLEGABLE 3 PIEZAS,,
01tVT000009uDS1YAM,SILLA ORDENADOR,,
01tVT000009uDjlYAE,MESA ESCRITORIO,,
01tVT000009uESwYAM,SET COMEDOR VIDRIO + 4 SILLAS,,
01tVT000009uEW9YAM,SET COMEDOR VIDRIO + 4 SILLAS,,
01tVT000009uF7FYAU,SET COMEDOR + 4 SILLAS,,
01tVT000009uFdVYAU,SET DESAYUNADOR MDF + 2 TABURETES + ALMACENAJE 1 NIVELES,,
01tVT000009uGGDYA2,SOFA CAMA,,
01tVT000009uGjFYAU,SILLON CAMA,,
01tVT000009uH93YAE,CABECERA DE CAMA,,
01tVT000009uHtpYAE,ASADOR CARBON CUADRADO,,
01tVT000009uoubYAA,SILLON LUNA PLEGABLE TERCIOPELO,,
01tVT000009upibYAA,SILLON MARIPOSA PLEGABLE,,
01tVT000009v5CHYAY,SILLA PP PLEGABLE,,
01tVT000009vzw2YAA,ASADOR CARBON CUADRADO,,
01tVT000009w11lYAA,ASADOR CARBON REDONDO,,
01tVT000009w1eTYAQ,ASADOR CARBON REDONDO,,
01tVT000009w1plYAA,ASADOR CARBON CUADRADO,,
01tVT000009w2M3YAI,DESHUMIDIFICADOR PORTATIL,,
01tVT000009w3zdYAA,SOFA CAMA,,
01tVT000009w4cLYAQ,AIRE ACONDICIONADO PORTATIL MULTIFUNCIONAL,,
01tVT000009w4sTYAQ,AIRE ACONDICIONADO PORTATIL MULTIFUNCIONAL,,
01tVT000009w4xJYAQ,SET ACCESORIOS 6 PIEZAS BBQ TELA MIGAO,,
01tVT000009w56zYAA,SET ACCESORIOS 6 PIEZAS BBQ TELA DENIM,,
01tVT000009w5YPYAY,ENFRIADOR DE AIRE PORTATIL 80W,,
01tVT000009w5i5YAA,ENFRIADOR DE AIRE PORTATIL 120W,,
01tVT000009w5tNYAQ,ENFRIADOR DE AIRE PORTATIL 120W,,
01tVT000009w633YAA,ENFRIADOR DE AIRE PORTATIL 200W,,
01tVT000009w6JBYAY,DESHUMIDIFICADOR 2L 240W,,
01tVT000009whQoYAI,ESTANTERIA 4 NIVELES EN ESQUINA,,
01tVT000009xMDqYAM,MESA RESINA PLEGABLE 180 CM,,
01tVT00000A0XfnYAF,SERIE DE LUZ SOLAR COLGANTE DIAMANTE NEGRO,,
01tVT00000A0bMnYAJ,SERIE DE LUZ SOLAR COLGANTE ESPIRAL NEGRO,,
01tVT00000A1FLqYAN,"MANGUERA PVC 15MTS 1/2"" CON ACCESORIOS",,
01tVT00000A1FtiYAF,SERIE DE LUZ SOLAR COLGANTE PIÑA,,
01tVT00000A1GxpYAF,SERIE DE LUZ SOLAR COLGANTE BOLITAS,,
01tVT00000A1HKPYA3,SERIE DE LUZ SOLAR COLGANTE BOMBILLAS,,
01tVT00000A2BmPYAV,MANGUERA EXPANDIBLE 15 MT C/PISTOLA 7 FUNCIONES,,
01tVT00000A2Dt4YAF,SET ACCESORIOS 4 PIEZAS BBQ,,
01tVT00000A2Fy5YAF,MANGUERA EXUDANTE 15 MTS,,
01tVT00000A2GcQYAV,MURO VERDE EXPANDIBLE FOLLAJE HOJA ARTIFICIAL,,
01tVT00000A2Gm5YAF,SET MANGUERA PVC 10 MTS 8 FUNCIONES CON SOPORTE,,
01tVT00000A2HGjYAN,ASADOR CARBON RECTANGULAR DE MEDIO BIDON,,
01tVT00000A2Hv5YAF,CEPILLO LIMPIADOR BBQ,,
01tVT00000A2IPhYAN,CORTE PASTO SINTETICO 40MM,,
01tVT00000A2IUXYA3,CEPILLO LIMPIADOR BBQ,,
01tVT00000A2Ij3YAF,ASADOR CARBON RECTANGULAR DE MEDIO BIDON CON MESA LATERAL,,
01tVT00000A2IkfYAF,SET ACCESORIOS 2 PIEZAS BBQ,,
01tVT00000A2IxZYAV,ASADOR CARBON RECTANGULAR DE MEDIO BIDON CON MESA LATERAL,,
01tVT00000A2JC5YAN,PRENSA PARA HAMBURGUESAS,,
01tVT00000A2JFJYA3,ASADOR CARBON RECTANGULAR CON MESAS LATERALES,,
01tVT00000A2JwrYAF,SET ACCESORIOS 5 PIEZAS BBQ,,
01tVT00000A2KEbYAN,GARRA PARA CARNE,,
01tVT00000A2KT7YAN,PINCHO GRILL BBQ 6 PIEZAS,,
01tVT00000A2KsvYAF,AFILADOR DE CUCHILLOS,,
01tVT00000A2xELYAZ,SOFA CAMA,,
01tVT00000A2xFxYAJ,SOFA CAMA,,
01tVT00000A2yn7YAB,SILLA PLEGABLE CAMPING,,
01tVT00000A2zrFYAR,MESA PLEGABLE CAMPING,,
01tVT00000A30s9YAB,CALEFACTOR ELECTRICO DE RADIACION DE CARBONO 900W,,
01tVT00000A344XYAR,CALEFACTOR ELECTRICO DE RADIACION HALOGENO 1200W,,
01tVT00000A34m5YAB,CALEFACTOR ELECTRICO DE RADIACION HALOGENO 1200W,,
01tVT00000A59uXYAR,CALEFACTOR CERAMICO CON VENTILADOR (PTC) 1500W,,
01tVT00000A5BoIYAV,CONVECTOR ELECTRICO 2000W,,
01tVT00000A5BzZYAV,CALEFACTOR CERAMICO CON VENTILADOR (PTC) 2000W,,
01tVT00000A5CVpYAN,CONVECTOR ELECTRICO 2000W,,
01tVT00000A5FwjYAF,CALEFACTOR MURAL CERAMICO CON VENTILADOR (PTC) 2000W,,
01tVT00000A5GftYAF,CALEFACTOR MURAL CERAMICO CON VENTILADOR (PTC) 2000W,,
01tVT00000A5GzFYAV,CALEFACTOR MURAL CERAMICO CON VENTILADOR (PTC) 2000W,,
01tVT00000A5H8vYAF,CALEFACTOR MURAL CERAMICO CON VENTILADOR (PTC) 2000W,,
01tVT00000A5ySPYAZ,CALEFACTOR ELECTRICO TERMOVENTILADOR 1500W,,
01tVT00000A5yiXYAR,CALEFACTOR ELECTRICO TERMOVENTILADOR 1500W,,
01tVT00000A5yyfYAB,CALEFACTOR ELECTRICO TERMOVENTILADOR 1500W,,
01tVT00000A5z3WYAR,CALEFACTOR ELECTRICO TERMOVENTILADOR 1500W,,
01tVT00000A5zI1YAJ,CALEFACTOR ELECTRICO TERMOVENTILADOR 1500W,,
01tVT00000A5zczYAB,CALEFACTOR ELECTRICO TERMOVENTILADOR OSCILANTE 1500W,,
01tVT00000A60HJYAZ,CALEFACTOR CERAMICO TORRE CON VENTILADOR (PTC) 2000W,,
01tVT00000A60cHYAR,CALEFACTOR CERAMICO CON VENTILADOR (PTC) 1500W,,
01tVT00000A60h8YAB,CALEFACTOR CERAMICO SOBREMESA CON VENTILADOR (PTC) 1200W,,
01tVT00000A60vdYAB,CALEFACTOR CERAMICO CON VENTILADOR (PTC) 1500W,,
01tVT00000A61ZxYAJ,CALEFACTOR CERAMICO SOBREMESA CON VENTILADOR (PTC) 1500W,,
01tVT00000A61rhYAB,CALEFACTOR CERAMICO SOBREMESA CON VENTILADOR (PTC) 1500W,,
01tVT00000A62CfYAJ,CALEFACTOR CERAMICO SOBREMESA CON VENTILADOR (PTC) 1500W,,
01tVT00000A630fYAB,CALEFACTOR CERAMICO SOBREMESA CON VENTILADOR (PTC) 1500W,,
01tVT00000A63YXYAZ,CALEFACTOR CERAMICO SOBREMESA CON VENTILADOR (PTC) 1500W,,
01tVT00000A6pOfYAJ,CALEFACTOR +VENTILADOR+ HUMIDIFICADOR ELECTRICO (3 EN 1) 1500W,,
01tVT00000A6rDZYAZ,CALEFACTOR CERAMICO CON VENTILADOR (PTC) 2000W,,
01tVT00000A6rofYAB,CONVECTOR ELECTRICO 2000W,,
01tVT00000A6smLYAR,CALEFACTOR DE ACEITE WIFI - DIGITAL PANEL CRISTAL 2000W,,
01tVT00000A6tCAYAZ,CALEFACTOR DE CONVECCION - DIGITAL PANEL CRISTAL 2000W,,
01tVT00000A6tbxYAB,CALEFACTOR DE ACEITE MANUAL - DIGITAL PANEL CRISTAL 2000W,,
01tVT00000A6tqTYAR,CALEFACTOR DE CONVECCION WIFI - DIGITAL PANEL CRISTAL 2000W,,
01tVT00000A7LQBYA3,SOFA CAMA,,
01tVT00000A7MSgYAN,SILLA ORDENADOR MESH,,
01tVT00000A7MakYAF,ESTANTERIA 4 NIVELES EN ESQUINA,,
01tVT00000A7MfaYAF,SILLA RESINA DOBLE PLEGABLE,,
01tVT00000A7MhCYAV,MESA RESINA PLEGABLE 180 CM,,
01tVT00000A7depYAB,CALEFACTOR CERAMICO 360 GRADOS 1500W,,
01tVT00000A7fAMYAZ,CALEFACTOR CERAMICO DE MANO (PTC) 350W,,
01tVT00000A7fdNYAR,CHIMENEA PORTÁTIL 1500W,,
01tVT00000A7fwjYAB,CHIMENEA PORTÁTIL 1500W,,
01tVT00000A7gO9YAJ,CALEFACTOR CERAMICO SOBREMESA CON VENTILADOR (PTC) 350W,,
01tVT00000A7gfuYAB,CALEFACTOR CERAMICO CON VENTILADOR 750W/1500W,,
01tVT00000A7grCYAR,CALEFACTOR CERAMICO SOBREMESA CON VENTILADOR (PTC) 1000W/1500W,,
01tVT00000A7gxeYAB,CALEFACTOR CERÁMICO DIGITAL DE TORRE DE 30 PULGADAS CON VENTILADOR Y OSCILACIÓN,,
01tVT00000A7h8vYAB,CALEFACTOR CERAMICO SOBREMESA CON VENTILADOR (PTC) 1000W/1500W,,
01tVT00000A7hLpYAJ,CALEFACTOR CERAMICO SOBREMESA CON VENTILADOR (PTC) 1000W/1500W,,
01tVT00000A7hSHYAZ,CALEFACTOR DE TORRE CERÁMICO ULTRADELGADO CON VENTILADOR Y OSCILACIÓN,,
01tVT00000A7hSIYAZ,CALEFACTOR CERÁMICO DIGITAL DE TORRE DE 23 PULGADAS CON VENTILADOR Y OSCILACIÓN,,
01tVT00000A7iEfYAJ,CALEFACTOR CERÁMICO DIGITAL DE TORRE DE 17 PULGADAS CON VENTILADOR Y OSCILACIÓN,,
01tVT00000A7iMjYAJ,CALEFACTOR CERÁMICO DE TORRE DE 17 PULGADAS CON VENTILADOR Y OSCILACIÓN,,
01tVT00000A7ijJYAR,CALEFACTORES INFRARROJO DE 4 ELEMENTOS 750W/1500W,,
01tVT00000A7imXYAR,CALENTADOR DE TORRE DE LEÑA INFRARROJO CON 3 ELEMENTOS Y OSCILACIÓN,,
01tVT00000A7irOYAR,CALEFACTORES INFRARROJO DE 6 ELEMENTOS 750W/1500W,,
01tVT00000A7jCLYAZ,CALENTADOR DE TORRE DE LEÑA INFRARROJO CON 3 ELEMENTOS Y OSCILACIÓN,,
01tVT00000A7oiHYAR,CALEFACTOR CERAMICO DE MANO 350W,,
01tVT00000A7p3FYAR,CALEFACTOR CERAMICO SOBREMESA CON VENTILADOR (PTC) 1000W,,
01tVT00000A7pG9YAJ,CALEFACTOR CERAMICO SOBREMESA CON VENTILADOR (PTC) 1500W,,
01tVT00000A7pPpYAJ,CALEFACTOR CERAMICO SOBREMESA CON VENTILADOR (PTC) 1500W,,
01tVT00000A7pb7YAB,CALEFACTOR CERAMICO SOBREMESA CON VENTILADOR (PTC) 1500W,,
01tVT00000A7r6fYAB,CALEFACTOR CERAMICO SOBREMESA OSCILANTE PTC 2000W,,
01tVT00000A7rRdYAJ,CALEFACTOR ELECTRICO DE RADIACION TECHO 1500W,,
01tVT00000A7sM5YAJ,CALEFACTOR ELECTRICO CHIMENEA 1500W,,
01tVT00000A7sXNYAZ,CALEFACTOR ELECTRICO CHIMENEA (PTC)1500W,,
01tVT00000A7sh3YAB,CALEFACTOR ELECTRICO CHIMENEA 1500W,,
01tVT00000A7sqjYAB,CALEFACTOR ELECTRICO CHIMENEA 2000W,,
01tVT00000A7t3dYAB,CALEFACTOR CERAMICO TORRE CON EFECTO LLAMA (PTC) 2000W,,
01tVT00000A7tBhYAJ,CALEFACTOR CERAMICO TORRE CON EFECTO LLAMA (PTC) 2000W,,
01tVT00000A7tObYAJ,CALEFACTOR CERAMICO TORRE CON EFECTO LLAMA Y ASA (PTC) 2000W,,
01tVT00000A7tbVYAR,CALEFACTOR CERAMICO TORRE CON EFECTO LLAMA (PTC) 2000W,,
01tVT00000A7tq1YAB,CALEFACTOR CERAMICO TORRE CON LED 2000W,,
01tVT00000A7uCbYAJ,CALEFACTOR CERAMICO MESA (PTC) 2000W,,
01tVT00000A7uPVYAZ,CALEFACTOR ELECTRICO DE RADIACION CARBON CON ASA 600W,,
01tVT00000A7uZBYAZ,CALEFACTOR ELECTRICO DE RADIACION CARBON CON ASA 600W,,
01tVT00000A8TaAYAV,CALENTADOR DE CUARZO 1200W,,
01tVT00000A8VorYAF,CALENTADOR DE CUARZO 800W,,
01tVT00000A8W09YAF,CALENTADOR DE CUARZO 800W,,
01tVT00000A8WD3YAN,CALENTADOR DE CUARZO 1200W,,
01tVT00000A8WTBYA3,CALENTADOR DE CUARZO 1200W,,
01tVT00000AAbbdYAD,CARPA PLEGABLE,,
01tVT00000AAblJYAT,CARPA PLEGABLE,,
01tVT00000ABDKLYA5,CALEFACTOR ELECTRICO DE ACEITE 1000W - 9 ELEMENTOS,,
01tVT00000ABDU1YAP,CALEFACTOR ELECTRICO DE ACEITE 1000W - 9 ELEMENTOS,,
01tVT00000ABDaTYAX,CALEFACTOR ELECTRICO DE ACEITE 1500W - 7 ELEMENTOS,,
01tVT00000ABDozYAH,CALEFACTOR ELECTRICO DE ACEITE 2000W - 9 ELEMENTOS,,
01tVT00000ABEI1YAP,CALEFACTOR ELECTRICO DE ACEITE 2000W - 9 ELEMENTOS,,
01tVT00000ABEZlYAP,CALEFACTOR ELECTRICO DE ACEITE 1500W - 7 ELEMENTOS,,
01tVT00000ABF2nYAH,CALEFACTOR ELECTRICO DE ACEITE 2500W - 11 ELEMENTOS,,
01tVT00000ABFIvYAP,CALEFACTOR ELECTRICO DE ACEITE 1500W - 9 ELEMENTOS,,
01tVT00000ABFagYAH,CALEFACTOR ELECTRICO DE ACEITE 2000W - 9 ELEMENTOS,,
01tVT00000ABFlxYAH,CALEFACTOR ELECTRICO DE ACEITE 1500W - 7 ELEMENTOS,,
01tVT00000ABG5JYAX,CALEFACTOR ELECTRICO DE ACEITE 2500W - 11 ELEMENTOS,,
01tVT00000ABGEzYAP,CALEFACTOR ELECTRICO DE ACEITE 2000W - 11 ELEMENTOS,,
01tVT00000ABnxKYAT,SILLA PLEGABLE PP,,
01tVT00000AC3FhYAL,CALEFACTOR ELECTRICO CHIMENEA 1800W,,
01tVT00000AC3NmYAL,CALEFACTOR + VENTILADOR TORRE GIRATORIA (2 EN 1) 1800W,,
01tVT00000AC4ZxYAL,CALEFACTOR + VENTILADOR TORRE CIRCULAR (2 EN 1) 2100W,,
01tVT00000ACHH3YAP,CALEFACTOR + VENTILADOR TORRE CIRCULAR (2 EN 1) 2100W,,
01tVT00000ACtSnYAL,ASADOR PORTATIL MINI,,
01tVT00000ADGHKYA5,SOFA CAMA PLEGABLE,,
01tVT00000ADGMAYA5,SOFA 2 PLAZAS,,
01tVT00000ADGNmYAP,SET COMEDOR + 4 SILLAS,,
01tVT00000ADmp3YAD,CALENTADOR DE GAS PLEGABLE,,
01tVT00000ADnRlYAL,CALENTADOR DE GAS,,
01tVT00000ADnpxYAD,CALENTADOR DE GAS MINI,,
01tVT00000ADnuoYAD,CALENTADOR DE GAS MINI 1500W,,
01tVT00000ADoFlYAL,CALEFACTOR ELECTRICO DE RADIACION 800W/1600W,,
01tVT00000ADoVtYAL,CALEFACTOR ELECTRICO DE RADIACION 350W/1050W/1400W,,
01tVT00000ADom1YAD,CALEFACTOR ELECTRICO DE RADIACION 400W/800W1200W/1600W/2000W,,
01tVT00000ADom2YAD,CALENTADOR DE GAS Y ELECTRICO 1500W,,
01tVT00000ADpADYA1,CALEFACTOR ELECTRICO DE RADIACION POTENCIA MAXIMA 1800W,,
01tVT00000ADqsfYAD,SET DE NEVERA CON RUEDAS 2PCS (3.6L + 16L),,
01tVT00000ADr8nYAD,ASADOR PORTATIL MINI,,
01tVT00000AFoMwYAL,NEVERA 3.6L,,
01tVT00000AFr1RYAT,NEVERA CON RUEDAS 16L,,
01tVT00000ANmEHYA1,BOTE DE BASURA 50L,,
01tVT00000ANmJ7YAL,BOTE DE BASURA 10L,,
01tVT00000ANmcTYAT,BOTE DE BASURA 30L,,
01tVT00000ANmhJYAT,BOTE DE BASURA 5L,,
01tVT00000ANmkXYAT,BOTE DE BASURA 20L,,
01tVT00000ANmqzYAD,BOTE DE BASURA 12L,,
01tVT00000ANn0fYAD,BOTE DE BASURA 12L,,
01tVT00000ANn8jYAD,BOTE DE BASURA 10L,,
01tVT00000ANnDZYA1,BOTE DE BASURA 5L,,
01tVT00000ANpDlYAL,BOTE DE BASURA 5L,,
01tVT00000ANpQfYAL,BOTE DE BASURA 5L,,
01tVT00000ANpthYAD,BOTE DE BASURA 50L,,
01tVT00000ANpwvYAD,BOTE DE BASURA 12L,,
01tVT00000ANqEfYAL,BOTE DE BASURA 12L,,
01tVT00000ANqHtYAL,BOTE DE BASURA 30L,,
01tVT00000ANqhhYAD,BOTE DE BASURA 20L,,
01tVT00000ANstBYAT,SILLA GIRATORIA HUEVO,,
01tVT00000APlFhYAL,SILLA PLEGABLE DOBLE,,
01tVT00000ARMbOYAX,SILLA PLEGABLE DOBLE,,
01tVT00000ARgv4YAD,SET DE NEVERA CON RUEDAS 3PCS (1.4L + 2.5L+ 16L),,
01tVT00000AWW2DYAX,SOFA SECCIONAL CHESLONG,,
01tVT00000AWWbhYAH,SOFA SECCIONAL CHESLONG,,
01tVT00000AWWtRYAX,SOFA SECCIONAL CHESLONG,,
01tVT00000AakubYAB,NEVERA PORTATIL 5L,,
01tVT00000AanajYAB,TIENDA DE CAMPAÑA DOMO,,
01tVT00000AkbgLYAR,SILLA PLAYA RECLINABLE,,
01tVT00000Akju2YAB,NEVERA PORTATIL 5L,,
01tVT00000AlX2nYAF,SET DE NEVERA 2PCS (5L + 22L),,
01tVT00000AmHgjYAF,MESA ESCRITORIO + LIBRERO 2 NIVELES,,
01tVT00000AmHvFYAV,CARRITO AUXILIAR 2 NIVELES CON ASA,,
01tVT00000AmIEcYAN,MESA AUXILIAR,,
01tVT00000AmIg1YAF,BANDEJA LAPTOP BAMBÚ,,
01tVT00000AmIphYAF,ESTANTERIA 4 NIVELES,,
01tVT00000AmJ95YAF,OTTOMAN CON ALMACENAMIENTO,,
01tVT00000AmJFVYA3,SET DESAYUNADOR + 2 BANCOS + ALMACENAJE,,
01tVT00000AmJFWYA3,MESA CENTRO MDF 2 NIVELES,,
01tVT00000AmJPBYA3,SILLÓN CAMA FUTÓN COMPRIMIBLE,,
01tVT00000AmK57YAF,MESA LATERAL AUXILIAR,,
01tVT00000AmKbNYAV,MESA AUXILIAR,,
01tVT00000AmLvdYAF,MESA CENTRO MDF,,
01tVT00000AmMgPYAV,MESA CENTRO MDF 2 NIVELES,,
01tVT00000AmMq7YAF,MESA CENTRO MDF 2 NIVELES,,
01tVT00000AmO2HYAV,SILLA ORDENADOR MESH,,
01tVT00000AmOVLYA3,CARRITO AUXILIAR 2 NIVELES CON ASA,,
01tVT00000AmOiFYAV,MESA CENTRO MDF 2 NIVELES,,
01tVT00000AmPHiYAN,OTTOMAN CON ALMACENAMIENTO,,
01tVT00000AmPJKYA3,MESA AUXILIAR,,
01tVT00000AmPPmYAN,BANDEJA LAPTOP BAMBÚ,,
01tVT00000AmPROYA3,SILLÓN CAMA FUTÓN COMPRIMIBLE,,
01tVT00000AmPSzYAN,MESA COMEDOR REDONDA PLEGABLE,,
01tVT00000AmPUcYAN,MESA CENTRO MDF,,
01tVT00000ApJyvYAF,SILLA RESINA DOBLE PLEGABLE,,
01tVT00000Aq65BYAR,MESA AUXILIAR DOBLE,,
01tVT00000Aq66nYAB,SET MESAS AUXILIARES 2 PIEZAS,,
01tVT00000Aq6BdYAJ,SET MESAS AUXILIARES 2 PIEZAS,,
01tVT00000Aqv1HYAR,SILLON RECLINABLE,,
01tVT00000AqvxKYAR,SILLON RECLINABLE MANUAL CON POSAVASOS,,
01tVT00000AqxRFYAZ,SILLON RECLINABLE ELECTRICO,,
01tVT00000AqxhNYAR,SILLON RECLINABLE,,
01tVT00000ArfQfYAJ,MESA ESCRITORIO + LIBRERO 2 NIVELES,,
01tVT00000ArfYjYAJ,MESA ESCRITORIO + LIBRERO 3 NIVELES,,
01tVT00000ArfthYAB,MESA ESCRITORIO,,
01tVT00000Arg3NYAR,KIT DE MOSQUETONES,,
01tVT00000ArgUnYAJ,BASTONES DE SENDERISMO,,
01tVT00000ArgjJYAR,MULTIHERRAMIENTAS 9 EN 1,,
01tVT00000AtX8rYAF,SOFA CAMA,,
01tVT00000AtZ94YAF,MESA LATERAL AUXILIAR,,
01tVT00000AtcYLYAZ,SET BANDEJAS 3 NIVELES ORGANIZADOR,,
01tVT00000Atd1NYAR,MESA LATERAL AUXILIAR,,
01tVT00000AtdXdYAJ,SET MESAS AUXILIARES 2 PIEZAS,,
01tVT00000AtdxSYAR,CESTO LAVANDERIA PLEGABLE,,
01tVT00000Atf9dYAB,CENTRO ENTRETENIMIENTO,,
01tVT00000AtfCrYAJ,MESA LATERAL AUXILIAR,,
01tVT00000AtfPlYAJ,CENTRO ENTRETENIMIENTO 2 CAJONES,,
01tVT00000Atfw1YAB,SILLA ORDENADOR,,
01tVT00000Atg8vYAB,SILLA ORDENADOR,,
01tVT00000AtgQfYAJ,CAJA ORGANIZADOR PLEGABLE,,
01tVT00000Ath6cYAB,MESA ESCRITORIO,,
01tVT00000AthHtYAJ,MESA ESCRITORIO,,
01tVT00000AthUnYAJ,MESA ESCRITORIO,,
01tVT00000AthxpYAB,MESA ESCRITORIO,,
01tVT00000AtiHBYAZ,MESA ESCRITORIO,,
01tVT00000Atic9YAB,MESA ESCRITORIO,,
01tVT00000AuLf9YAF,ESTANTERIA 5 NIVELES CON 2 CAJONES,,
01tVT00000AuOQ6YAN,ESTANTERIA 5 NIVELES CON 2 CAJONES,,
01tVT00000AuPXRYA3,MESA AUXILIAR,,
01tVT00000AuPnZYAV,APARADOR 2 CAJONES + 3 NIVELES,,
01tVT00000AuPsPYAV,MESA AUXILIAR,,
01tVT00000AuQBlYAN,MESA AUXILIAR,,
01tVT00000AuQN3YAN,MESA AUXILIAR,,
01tVT00000AuQjdYAF,MESA AUXILIAR,,
01tVT00000AuR4bYAF,MESA AUXILIAR,,
01tVT00000AuRB4YAN,MESA BURO 1 CAJON,,
01tVT00000AuRW1YAN,MESA BURO 1 CAJON,,
01tVT00000AuRm9YAF,MESA BURO 1 CAJON,,
01tVT00000AuS77YAF,MESA BURO 1 CAJON,,
01tVT00000AuTZTYA3,OTTOMAN,,
01tVT00000AuUfBYAV,OTTOMAN TERCIOPELO,,
01tVT00000AxVWfYAN,SILLA PLASTICO TIPO TIFFANY,,
01tVT00000AyupaYAB,CENTRO ENTRETENIMIENTO,,
01tVT00000AzBDhYAN,ARCHIVADOR DE METAL LEGAL 2 GAVETAS,,
01tVT00000AzBVRYA3,ARCHIVADOR DE METAL LEGAL 5 GAVETAS,,
01tVT00000AzC1hYAF,ARCHIVADOR DE METAL LEGAL 5 GAVETAS,,
01tVT00000AzC89YAF,ARCHIVADOR DE METAL LEGAL 2 GAVETAS,,
01tVT00000AzC9lYAF,OTTOMAN TERCIOPELO,,
01tVT00000AzCZZYA3,OTTOMAN,,
01tVT00000AzCuXYAV,CENTRO ENTRETENIMIENTO,,
01tVT00000AzDH7YAN,CENTRO ENTRETENIMIENTO,,
01tVT00000AzDQnYAN,CENTRO ENTRETENIMIENTO,,
01tVT00000AzDtpYAF,CENTRO ENTRETENIMIENTO,,
01tVT00000AzvhxYAB,OTTOMAN TERCIOPELO,,
01tVT00000Azw4XYAR,OTTOMAN,,
01tVT00000AzwNtYAJ,OTTOMAN,,
01tVT00000AzwnhYAB,OTTOMAN,,
01tVT00000Azx5RYAR,OTTOMAN,,
01tVT00000AzxNBYAZ,SET BANCA 3 PIEZAS CON ALMACENAMIENTO,,
01tVT00000AzxbhYAB,SET BANCA 3 PIEZAS CON ALMACENAMIENTO,,
01tVT00000AzxtRYAR,OTTOMAN,,
01tVT00000AzyBBYAZ,SET BANCA 3 PIEZAS CON ALMACENAMIENTO,,
01tVT00000AzyPhYAJ,OTTOMAN,,
01tVT00000AzyvxYAB,SILLA COMEDOR MADERA CON COJIN,,
01tVT00000AzznBYAR,SILLA COMEDOR MADERA CON COJIN,,
01tVT00000B001hYAB,SILLA COMEDOR MADERA K/D CON COJIN,,
01tVT00000B00PtYAJ,SILLA COMEDOR MADERA K/D,,
01tVT00000B02xyYAB,SILLA COMEDOR MADERA,,
01tVT00000B040TYAR,MESA COMEDOR RECTANGULAR,,
01tVT00000B04GbYAJ,SILLA COMEDOR MADERA K/D,,
01tVT00000B04N3YAJ,MESA COMEDOR RECTANGULAR,,
01tVT00000B04ZxYAJ,SILLA COMEDOR K/D,,
01tVT00000B04baYAB,SILLA COMEDOR MADERA CON COJIN,,
01tVT00000B04gPYAR,SILLA COMEDOR MADERA CON COJIN,,
01tVT00000B05e5YAB,SILLA COMEDOR MADERA INFANTIL,,
01tVT00000B05uDYAR,SILLA COMEDOR MADERA CON COJIN,,
01tVT00000B06K1YAJ,BANCO DE BAR MADERA CON COJIN,,
01tVT00000B0jLPYAZ,SET MESAS AUXILIARES 2 PIEZAS,,
01tVT00000B0jq1YAB,MESA COMEDOR RECTANGULAR MADERA,,
01tVT00000B0kFpYAJ,MESA AUXILIAR CUADRADA MADERA,,
01tVT00000B0ke2YAB,SILLA COMEDOR K/D,,
01tVT00000B0kffYAB,SILLA ORDENADOR MESH,,
01tVT00000B0km5YAB,MESA COMEDOR RECTANGULAR EXTENSIBLE MADERA,,
01tVT00000B0kxOYAR,MESA COMEDOR RECTANGULAR EXTENSIBLE MADERA,,
01tVT00000B0lTdYAJ,MESA COMEDOR RECTANGULAR EXTENSIBLE MADERA,,
01tVT00000B0mMTYAZ,SILLA ORDENADOR MESH,,
01tVT00000B0mZNYAZ,SILLA ORDENADOR MESH,,
01tVT00000B0mhRYAR,SILLA ORDENADOR MESH,,
01tVT00000B0msjYAB,SILLA ORDENADOR PU + PVC,,
01tVT00000B0n2PYAR,SILLA ORDENADOR PU + PVC,,
01tVT00000B0o89YAB,SILLA COMEDOR K/D,,
01tVT00000B0oZZYAZ,SILLA COMEDOR K/D,,
01tVT00000B0pAfYAJ,BANCO DE BAR K/D,,
01tVT00000B0pIjYAJ,SILLA COMEDOR K/D,,
01tVT00000B0pVdYAJ,SILLA COMEDOR K/D,,
01tVT00000B0piXYAR,SILLA COMEDOR K/D,,
01tVT00000B0pyfYAB,SILLA COMEDOR,,
01tVT00000B0thKYAR,SILLA COMEDOR K/D,,
01tVT00000B0vUbYAJ,SILLA COMEDOR K/D,,
01tVT00000B0veHYAR,SILLA COMEDOR K/D,,
01tVT00000B0vxdYAB,SILLA COMEDOR,,
01tVT00000B0wKDYAZ,BANCO DE BAR,,
01tVT00000B0xplYAB,SILLA COMEDOR K/D,,
01tVT00000B0y13YAB,BANCO DE BAR K/D,,
01tVT00000B2iWUYAZ,MESA RESINA PLEGABLE ? 4 cm,,
01tVT00000B4rKLYAZ,ASADOR CARBON RECTANGULAR PLEGABLE,,
01tVT00000B4rXFYAZ,ASADOR CARBON RECTANGULAR PLEGABLE CON MESAS LATERALES,,
01tVT00000B4rgvYAB,ASADOR CARBON RECTANGULAR PLEGABLE CON MESAS LATERALES,,
01tVT00000B4uOfYAJ,ESTANTERIA 4 NIVELES CON PUERTAS,,
01tVT00000B5n09YAB,ASADOR CARBON RECTANGULAR PLEGABLE CON MESAS LATERALES Y ALTURA AJUSTABLE,,
01tVT00000BBMjdYAH,SET DE PATIO 5 PIEZAS,,
01tVT00000BBNUQYA5,CAJA PLASTICA 64L (17 GALONES),,
01tVT00000BBOqIYAX,CAJA PLASTICA  45L (12 GALONES),,
01tVT00000BG8RWYA1,MESA RESINA IMITACION MADERA PLEGABLE,,
01tVT00000BG9VdYAL,MESA RESINA PLEGABLE 180 CM,,
01tVT00000BIjMvYAL,MESA RESINA PLEGABLE 180 CM,,
01tVT00000BIjbSYAT,MESA RESINA PLEGABLE 180 CM,,
01tVT00000BIjgHYAT,MESA RESINA PLEGABLE 180 CM,,
01tVT00000BIjzdYAD,SILLA RESINA DOBLE PLEGABLE,,
01tVT00000BO2iIYAT,MESA RESINA REDONDA PLEGABLE,,
01tVT00000BO5JaYAL,SILLON WICKER CON COJIN,,
01tVT00000BO8R8YAL,MESA RESINA PLEGABLE,,G101008KE
01tVT00000BO9OnYAL,SILLA PLEGABLE DOBLE,,
01tVT00000BO9WrYAL,MESA RESINA PLEGABLE ? 4.5 cm,,
01tVT00000BOWA6YAP,MESA RESINA PERSONAL,,
01tVT00000BOWwTYAX,SILLA RESINA PLEGABLE BASICA,,
01tVT00000BOX4YYAX,MESA RESINA PLEGABLE 180 CM,,
01tVT00000BOXNtYAP,MESA RESINA PLEGABLE 122 CM,,
01tVT00000BS8dpYAD,SILLA ORDENADOR,,
01tVT00000BUDhSYAX,SILLA ORDENADOR,,
01tVT00000BUkiFYAT,TERMOS 2.5L,,
01tVT00000BUqinYAD,TERMOS 1.4L,,
01tVT00000BVVyrYAH,SALA DE PATIO METALICO PLEGABLE 4PCS,,
01tVT00000BXfsTYAT,SILLA ORDENADOR,,
01tVT00000BXrjxYAD,CALENTADOR PATIO TORRE DE GAS,,
01tVT00000BY9SMYA1,SILLA ORDENADOR,,
01tVT00000BYjIwYAL,MESA AUXILIAR 3 NIVELES,,
01tVT00000BYk3hYAD,CALENTADOR PATIO TORRE DE GAS,,
01tVT00000BYlarYAD,ESTANTERIA 5 NIVELES,,
01tVT00000BYlkXYAT,ESTANTERIA 4 NIVELES,,
01tVT00000BYmWvYAL,ESTANTERIA 3 NIVELES,,
01tVT00000BYmofYAD,ESTANTERIA 3 NIVELES,,
01tVT00000BYnSzYAL,TV STAND MUEBLE,,
01tVT00000BZgE9YAL,MESA PLEGABLE PLASTICO,,
01tVT00000BaM5JYAV,SILLON ADIRONDACK POLYWOOD,,
01tVT00000BaN6DYAV,SILLON WICKER CON COJIN,,
01tVT00000BaUFmYAN,TUMBONA METALICA CON TEXTILENO,,
01tVT00000BaVJtYAN,SILLON DE CAPE COD,,
01tVT00000BaVgTYAV,SET JARDIN PLASCTICO CON COJIN 3 PIEZAS,,
01tVT00000BaWXhYAN,GAZEBO CUADRADO ALUMINIO,,
01tVT00000BbEVVYA3,SILLON WICKER CON COJIN,,
01tVT00000BbEiPYAV,SILLON ROPE CON COJIN,,
01tVT00000BbEs5YAF,SOFA JARDIN CON COJINES,,
01tVT00000BbF8DYAV,SILLON JARDIN ACERO CON COJIN,,
01tVT00000BeAYbYAN,MESA COMEDOR RECTANGULO EXTENSIBLE,,
01tVT00000BeAiHYAV,SET COMEDOR MDF + 4 SILLAS,,
01tVT00000BeBCvYAN,MESA COMEDOR REDONDA,,
01tVT00000BeBo1YAF,MESA COMEDOR,,
01tVT00000BeDJZYA3,SET COMEDOR MELAMINA + MDF 5 PIEZAS,,
01tVT00000BeDZhYAN,SILLON TELA,,
01tVT00000BeDkzYAF,SILLON TELA,,
01tVT00000BeEPJYA3,SET COMEDOR MDF 5 PIEZAS,,
01tVT00000BeEcDYAV,SILLON TELA,,
01tVT00000BeFJlYAN,SILLON TELA,,
01tVT00000BeFRpYAN,SILLON TELA,,
01tVT00000BeFmnYAF,SILLON TELA,,
01tVT00000BeFtFYAV,SILLON TELA,,
01tVT00000BeFy5YAF,SET COMEDOR MDF + CHAPA 5 PIEZAS,,
01tVT00000BeG9NYAV,TABURETE DE BAR GIRATORIO,,
01tVT00000BeGirYAF,SET COMEDOR MDF + CHAPA 5 PIEZAS,,
01tVT00000BeGu9YAF,SET COMEDOR MDF + CHAPA 5 PIEZAS,,
01tVT00000BeKg1YAF,TABURETE DE BAR,,
01tVT00000BeKsvYAF,TABURETE DE BAR,,
01tVT00000BeL7RYAV,TABURETE DE BAR,,
01tVT00000BeLH7YAN,TABURETE DE BAR,,
01tVT00000BeLU1YAN,TABURETE DE BAR,,
01tVT00000BeNNlYAN,MESA COMEDOR RECTANGULO,,
01tVT00000BeNkLYAV,MESA EXTENSIBLE COMEDOR RECTANGULO,,
01tVT00000Bf6EPYAZ,SET COMEDOR MDF 5 PIEZAS,,
01tVT00000Bf6pVYAR,SET COMEDOR MDF + MADERA 7 PIEZAS,,
01tVT00000Bf7IYYAZ,SET COMEDOR 3 PIEZAS,,
01tVT00000Bf7NNYAZ,SET COMEDOR MDF + MADERA 5 PIEZAS,,
01tVT00000Bf7gjYAB,5 PIEZAS SET PLEGABLE,,
01tVT00000BfA3VYAV,SILLON RECLINABLE ELECTRICO TERCIOPELO,,
01tVT00000BfCq5YAF,SILLON RECLINABLE MANUAL TERCIOPELO,,
01tVT00000BfD7pYAF,SOFA RECLINABLE MANUAL 3 PLAZAS,,
01tVT00000BfDXdYAN,SOFA RECLINABLE MANUAL 3 PLAZAS,,
01tVT00000BfDxRYAV,SOFÁ COMPRIMIDO,,
01tVT00000BfE3tYAF,SET SOFA RECLINABLE MANUAL 3 PLAZAS + 2 PLAZAS,,
01tVT00000BfEBxYAN,SOFÁ COMPRIMIDO,,
01tVT00000BfEThYAN,SOFÁ COMPRIMIDO,,
01tVT00000BfErtYAF,SILLON RECLINABLE ELECTRICO,,
01tVT00000BfFHhYAN,SILLON RECLINABLE ELECTRICO,,
01tVT00000BfHUnYAN,SILLON RECLINABLE ELECTRICO,,
01tVT00000BfI5tYAF,SET SOFA RECLINABLE MULTIFUNCIONAL,,
01tVT00000BfwJRYAZ,SOFÁ COMPRIMIDO,,
01tVT00000BfwRVYAZ,SOFÁ COMPRIMIDO,,
01tVT00000BfwXxYAJ,SOFÁ COMPRIMIDO,,
01tVT00000BfwcnYAB,SOFÁ COMPRIMIDO,,
01tVT00000BfxU1YAJ,SET SOFA RECLINABLE ELECTRICO 3 PIEZAS,,
01tVT00000BfxsDYAR,SET SOFA RECLINABLE ESQUINA 5 PIEZAS,,
01tVT00000Bfz7dYAB,SET SOFA RECLINABLE ESQUINA 5 PIEZAS,,
01tVT00000Bg0A9YAJ,SET SOFA RECLINABLE MANUAL 3 PIEZAS,,
01tVT00000Bg0gPYAR,SILLON ELEVADOR INDIVIDUAL ELECTRICO CON MOTOR,,
01tVT00000Bg3G5YAJ,SILLON ELEVADOR INDIVIDUAL ELECTRICO CON MOTOR,,
01tVT00000Bg3w1YAB,SILLON,,
01tVT00000Bg4FNYAZ,SILLON,,
01tVT00000Bg53NYAR,SILLON GIRATORIO,,
01tVT00000Bg5g5YAB,SILLON,,
01tVT00000Bg5pmYAB,SILLON CON REPOSAPIES,,
01tVT00000Bg7UzYAJ,SILLON CON REPOSAPIES,,
01tVT00000Bg7rZYAR,SILLON,,
01tVT00000Bg84TYAR,SILLON,,
01tVT00000Bg8IzYAJ,SILLON,,
01tVT00000Bg9GfYAJ,SILLON,,
01tVT00000BgA7uYAF,SILLON TELA GIRATORIO,,
01tVT00000BgAJBYA3,SILLON,,
01tVT00000BgAflYAF,SILLON PLEGABLE,,
01tVT00000BgAsfYAF,SILLON MULTIFUNCTIONAL,,
01tVT00000BgITdYAN,SOFA RECLINER MANUAL,,
01tVT00000BgIrpYAF,SOFA RECLINER MANUAL,,
01tVT00000BgJMTYA3,SOFA RECLINER MANUAL,,
01tVT00000BgtWPYAZ,SOFA RECLINER MANUAL,,
01tVT00000BgunRYAR,SOFA RECLINER MANUAL,,
01tVT00000Bgup3YAB,MESA COMEDOR RECTANGULAR EXTENSIBLE MDF,,
01tVT00000Bgv5BYAR,SOFA RECLINER ELECTRICO Y MASAJE,,
01tVT00000BgvDFYAZ,MESA COMEDOR REDONDA EXTENSIBLE MDF K/D,,
01tVT00000BgvbRYAR,MESA MULTIFUNCIONAL MDF 2 EN 1,,
01tVT00000BgvunYAB,MESA MULTIFUNCIONAL MDF 2 EN 1,,
01tVT00000BgwyvYAB,SOFA RECLINER MANUAL,,
01tVT00000Bj1o1YAB,SET DE NEVERA 3PCS (36L+8L+2.5L),,
01tVT00000Bj2AbYAJ,SET DE NEVERA 3PCS (36L+8L+3L),,
01tVT00000Bj2nJYAR,SET DE NEVERA 3PCS (28L+8L+3L),,
01tVT00000Bj6xNYAR,JOYERO PISO CON ESPEJO,,
01tVT00000Bj7JxYAJ,ESPEJO JOYERO GIRATORIO CON LED,,
01tVT00000Bj7TdYAJ,ESPEJO JOYERO GIRATORIO CON LED,,
01tVT00000Bj7rpYAB,OCADOR CON LED + ESPEJO + 3 CAJONES + 1 SILLA,,
01tVT00000Bj837YAB,TOCADOR CON ESPEJO + 3 CAJONES + 1 SILLA,,
01tVT00000BjoLhYAJ,SET MESAS AUXILIARES 2 PIEZAS,,
01tVT00000BjrY5YAJ,SET MESAS AUXILIARES 2 PIEZAS,,
01tVT00000BjtzhYAB,SET MESAS AUXILIARES 2 PIEZAS,,
01tVT00000BjvNBYAZ,SET MESAS AUXILIARES 2 PIEZAS,,
01tVT00000BjyheYAB,SET MESAS AUXILIARES 2 PIEZAS,,
01tVT00000BjzyfYAB,SET MESAS AUXILIARES 2 PIEZAS,,
01tVT00000Bk0t7YAB,MESA DE CENTRO MDF,,
01tVT00000Bk1KXYAZ,MESA LATERAL AUXILIAR,,
01tVT00000BkZE9YAN,CENTRO DE ENTRETENIMIENTO,,
01tVT00000BkZPRYA3,MESA DE CENTRO,,
01tVT00000BkaoXYAR,SET SOFA RECLINABLE MANUAL 3+2+1 PLAZA,,
01tVT00000BkbUUYAZ,BOTE DE BASURA 3L,,
01tVT00000BkdZWYAZ,SILLA PLEGABLE CAMPING CON BOLSA,,
01tVT00000BkdssYAB,SILLO GIRATORIO,,
01tVT00000Bkek5YAB,SET MESA CENTRO CON TABURETES,,
01tVT00000BkgCPYAZ,SET DE 2 OTTOMAN + MESA,,
01tVT00000BkiMIYAZ,MESA LATERAL AUXILIAR,,
01tVT00000BkiXaYAJ,BANCO,,
01tVT00000Bkk9ZYAR,MESA CONSOLA MDF,,
01tVT00000BkkUXYAZ,MESA DE CENTRO CRISTAL,,
01tVT00000BkkntYAB,MESA LATERAL AUXILIAR,,
01tVT00000BklC5YAJ,MESA CONSOLA MADERA,,
01tVT00000BklFKYAZ,SET MESAS AUXILIARES 2 PIEZAS,,
01tVT00000BklVRYAZ,MESA DE CENTRO MDF,,
01tVT00000BkmT7YAJ,SILLON,,
01tVT00000BkmXxYAJ,MESA DE CENTRO MDF,,
01tVT00000BkmrJYAR,SILLON,,
01tVT00000BkmxlYAB,MESA DE CENTRO CRISTAL,,
01tVT00000BknDtYAJ,BANCO,,
01tVT00000Bm1bOYAR,NEVERA PORTATIL (32L-42 LATAS),,
01tVT00000BmMhRYAV,MESA RESINA REDONDA PLEGABLE,,
01tVT00000BmOrKYAV,SILLA PLEGABLE CAMPING CON BOLSA,,
01tVT00000BohxtYAB,SILLA GIRATORIA,,
01tVT00000BoiE1YAJ,SOFA CAMA,,
01tVT00000BoiQvYAJ,SOFA CAMA,,
01tVT00000Boj5FYAR,SOFA CAMA,,
01tVT00000BpzXmYAJ,BOLSA MOCHILA NEVERA CAMPING,,
01tVT00000BpzccYAB,BOLSA NEVERA CAMPING,,
01tVT00000BpzeEYAR,COLCHÓN INFLABLE,,
01tVT00000Bpzj4YAB,NEVERA PORTATIL (32L-42 LATAS),,
01tVT00000BpzkgYAB,SILLA PLAYA,,
01tVT00000BpzmIYAR,BOLSA NEVERA CAMPING,,
01tVT00000Bpzr8YAB,BOLSA NEVERA ISOTÉRMICA CAMPING 19L,,
01tVT00000BpzskYAB,CARRITO PLEGABLE CON ASIENTO,,
01tVT00000BpzuMYAR,SILLA PLAYA AJUSTABLE,,
01tVT00000BpzvyYAB,SILLA PLAYA,,
01tVT00000Br62YYAR,SET DE ACCESORIOS 5 PIEZAS DE BARBACOA,,
01tVT00000BrAhFYAV,BOTE DE BASURA 3L,,
01tVT00000BrAyzYAF,SALA DE PATIO ACERO 5 PIEZAS CON COJINES,,
01tVT00000BrBOnYAN,ASADOR CARBON CON RUEDAS,,
01tVT00000BrBVFYA3,SALA DE PATIO ACERO 5 PIEZAS CON COJINES,,
01tVT00000BrBv3YAF,SET DE ACCESORIOS 2 PIEZAS DE BARBACOA,,
01tVT00000BrC37YAF,SET DE ACCESORIOS 2 PIEZAS DE BARBACOA,,
01tVT00000BrCXlYAN,SALA DE PATIO ALUMINIO 4 PIEZAS CON COJINES,,
01tVT00000BrCZOYA3,ESTANTE DE ALMACENAMIENTO,,
01tVT00000BrDgjYAF,SALA DE PATIO ALUMINIO Y WICKER 4 PIEZAS CON COJINES,,
01tVT00000BrEbBYAV,SALA DE PATIO ALUMINIO 5 PIEZAS CON COJINES,,
01tVT00000BrF2bYAF,SALA DE PATIO ALUMINIO 5 PIEZAS CON COJINES,,
01tVT00000BrH9FYAV,SALA DE PATIO ACACIA 5 PIEZAS CON COJINES,,
01tVT00000BrHUDYA3,SALA DE PATIO ACACIA 4 PIEZAS CON COJINES,,
01tVT00000BrHnZYAV,SALA DE PATIO ACACIA 4 PIEZAS CON COJINES,,
01tVT00000BrvoEYAR,SET BISTRO ACACIA 3 PIEZAS CON COJIN,,
01tVT00000Brwp8YAB,SILLA DE PLAYA CON REPOSAPIÉS,,
01tVT00000Bry4XYAR,SET BISTRO ACACIA 3 PIEZAS CON COJIN,,
01tVT00000Bs2D2YAJ,BANCO DOBLE TUMBONA,,
01tVT00000Bs3gwYAB,BANCO DOBLE TUMBONA,,
01tVT00000Bs5VpYAJ,SILLON DE CAPE COD,,
01tVT00000Bs5fbYAB,CAJA DE 2 PLAZAS CON COJIN,,
01tVT00000Bs6DNYAZ,BANCO CON ALMACENAMIENTO,,
01tVT00000Bs6tJYAR,SALA DE PATIO RATAN 4 PIEZAS CON COJINES,,
01tVT00000BunVyYAJ,SALA DE PATIO RATAN 4 PIEZAS CON COJINES,,
01tVT00000BunuBYAR,SILLA COMEDOR ACERO CON COJIN,,
01tVT00000BuqK9YAJ,SET BISTRO ACERO 3 PIEZAS,,
01tVT00000BuqteYAB,SALA DE PATIO ACACIA 5 PIEZAS CON COJINES,,
01tVT00000BuqvFYAR,BAUL DE ALMACENAMIENTO 490L,,
01tVT00000Bur4vYAB,BAUL DE ALMACENAMIENTO 680L,,
01tVT00000BurCzYAJ,CASETA DE ALMACENAMIENTO 775L,,
01tVT00000BurL3YAJ,CASETA DE ALMACENAMIENTO 1170L,,
01tVT00000BurWMYAZ,ENROLLADOR CON MANGUERA,,
01tVT00000BurZZYAZ,CASETA DE ALMACENAMIENTO,,
01tVT00000Burg1YAB,SALA DE PATIO ACERO 4 PIEZAS CON COJINES,,
01tVT00000BursvYAB,BAUL DE ALMACENAMIENTO 374L,,
01tVT00000BusU1YAJ,CAJA DE 2 PLAZAS,,
01tVT00000ButTNYAZ,CASETA DE ALMACENAMIENTO,,
01tVT00000BuuilYAB,SALA DE PATIO ESQUINA ACACIA 4 PIEZAS CON COJINES,,
01tVT00000BuulxYAB,SALA DE PATIO ACACIA 4 PIEZAS CON COJINES,,
01tVT00000BuvDNYAZ,BAUL DE ALMACENAMIENTO,,
01tVT00000BuwnlYAB,SET COMEDOR ACACIA 5 PIEZAS,,
01tVT00000Bux77YAB,SET BISTRO ACACIA 3 PIEZAS,,
01tVT00000BvZacYAF,ASADOR CARBON PORTATIL PLEGABLE,,
01tVT00000BvbnhYAB,SET COMEDOR ACACIA 5 PIEZAS CON COJINES,,
01tVT00000BvcAHYAZ,SET COMEDOR ACACIA 5 PIEZAS,,
01tVT00000BvcTdYAJ,SET COMEDOR ACACIA 7 PIEZAS,,
01tVT00000BvclNYAR,SET BAR ACACIA 5 PIEZAS,,
01tVT00000BvclOYAR,ESTANTERIA DE BAMBU DE 4 NIVELES,,
01tVT00000BvdHdYAJ,SET BAR RESINA 5 PIEZAS,,
01tVT00000Bvdr7YAB,SET BISTRO ALUMINIO 4 PIEZAS CON OTTOMAN,,
01tVT00000BveGvYAJ,SET BISTRO RESINA 3 PIEZAS,,
01tVT00000Bvef7YAB,DAYBED CON COJINES,,
01tVT00000BvfOHYAZ,TUMBONA PLAYA RESINA,,
01tVT00000BvhrVYAR,ORGANIZADOR ZAPATOS 4 NIVELES,,
01tVT00000Bvi4PYAR,ORGANIZADOR ZAPATOS 4 NIVELES,,
01tVT00000BviE5YAJ,CARRITO AUXILIAR 4 NIVELES,,
01tVT00000BviHJYAZ,SILLA DE COMEDOR PARA EXTERIOR,,
01tVT00000BviKXYAZ,CARRITO AUXILIAR 5 NIVELES,,
01tVT00000BviVpYAJ,MESA TELESCOPICA PARA PORTATIL,,
01tVT00000BvifVYAR,SILLA COMEDOR ACERO ROPE,,
01tVT00000BviyrYAB,ESTANTERIA DE BAMBU DE 5 NIVELES,,
01tVT00000BvjRtYAJ,SET BISTRO ACERO 3 PIEZAS,,
01tVT00000BvpQrYAJ,MESA RESINA REDONDA PLEGABLE,,
01tVT00000BvpdlYAB,SET BAR ACERO 3 PIEZAS,,
01tVT00000Bvq1xYAB,SET BISTRO ACERO 3 PIEZAS,,
01tVT00000BvqoLYAR,MESA PLEGABLE PLASTICO,,
01tVT00000BvqpxYAB,SET BISTRO ACERO AHORRAESPACIO 3 PIEZAS,,
01tVT00000BvqrZYAR,MESA PLEGABLE PLASTICO,,
01tVT00000BvqtBYAR,MESA PLEGABLE PLASTICO,,
01tVT00000BwjcjYAB,SALA DE PATIO METALICA 4 PIEZAS CON CON COJIN,,
01tVT00000BwkTxYAJ,ASADOR CARBON CUADRADO,,
01tVT00000BwkqXYAR,PURIFICADOR DE AIRE 11-12?,,
01tVT00000BxOj7YAF,SET COMEDOR ACERO 5 PIEZAS,,
01tVT00000BxP0sYAF,SOMBRILLA DOBLE,,
01tVT00000BxPKDYA3,GAZEBO DE ALUMINIO CON TECHO CORREDIZO,,
01tVT00000BxPgnYAF,SOMBRILLA BANANA CON ROTACIÓN DE 360°,,
01tVT00000C1o77YAB,MESA PLEGABLE PLASTICO,,
01tVT00000C1s2fYAB,SILLA PLEGABLE DOBLE,,
01tVT00000C5xrnYAB,SET COMEDOR ACACIA 7 PIEZAS,,
01tVT00000C63ifYAB,HIELERA PLEGABLE 6 LT,,
01tVT00000C6uDVYAZ,SET BISTRO ACACIA Y ROPE 3 PZ,,
01tVT00000C6uTdYAJ,BANCO DOBLE ACACIA,,
01tVT00000C6ujlYAB,BANCO DOBLE ACACIA,,
01tVT00000C6utRYAR,BANCO DOBLE CON ALMACENAJE ACACIA,,
01tVT00000C6v6LYAR,ASIENTO CON ALMACENAJE,,
01tVT00000C6vHfYAJ,SALA DE PATIO ACACIA CON COJINES,,
01tVT00000C6vKrYAJ,SET BAR 5 PCS,,
01tVT00000C6vUXYAZ,SET BAR 3 PCS,,
01tVT00000C6vj3YAB,MECEDORA,,
01tVT00000C6vvxYAB,SET COMEDOR 5 PIEZAS,,
01tVT00000C6wATYAZ,SET BISTRO 3 PZAS,,
01tVT00000C6waHYAR,SET COMEDOR 5 PIEZAS,,
01tVT00000C6yvSYAR,SET COMEDOR 5 PCS ALUMINIO,,
01tVT00000C74j7YAB,SET COMEDOR 7 PCS ALUMINIO,,
01tVT00000C7545YAB,SET COMEDOR 7 PCS ALUMINIO,,
01tVT00000C7qe5YAB,SILLA OFICINA,,
01tVT00000C7qpNYAR,ESCRITORIO,,
01tVT00000C7wzdYAB,SILLA RATAN,,
01tVT00000C7x66YAB,MESA TERRAZA CON CRISTAL Y RATAN,,
01tVT00000C7xE9YAJ,SILLA PP IMITACION RATAN,,
01tVT00000C7xXVYAZ,MESA TERRAZA CON CRISTAL,,
01tVT00000C805ZYAR,SET BISTRO PP 3 PIEZAS (MESA+2 SILLAS),,
01tVT00000C80gfYAB,SET BISTRO PP 3 PIEZAS (MESA+2 SILLAS),,
01tVT00000C8EmsYAF,CALEFACTOR CERAMICO DE MANO 350W,,
01tVT00000C8Eq6YAF,CALEFACTOR CERAMICO SOBREMESA CON VENTILADOR (PTC) 1500W,,
01tVT00000C8EriYAF,CHIMENEA PORTÁTIL 1500W,,
01tVT00000C8ccHYAR,MESA REDONDA PLEGABLE TIPO BISTRO,,
01tVT00000C8csPYAR,SET BISTRO METAL 3 PIEZAS (MESA + 2 SILLAS),,
01tVT00000C8dIDYAZ,SILLA TERRAZA ALUMINIO,,
01tVT00000C8ee5YAB,SILLA COMEDOR APILABLE TEXTILENO,,
01tVT00000C8eqzYAB,MESA TERRAZA CON CRISTAL,,
01tVT00000CHYftYAH,CAMA PARA CAMPING,,
01tVT00000CHYrBYAX,SET MESA COMEDOR + 4 TABURETES,,
01tVT00000CJOZBYA5,VENTILADOR CON CLIP DE 800 MAH,,
01tVT00000CJQCnYAP,STEEL SOFA SET 5 PIECES,,
01tVT00000CJQeDYAX,SET BISTRO METALICO PLEGABLE 3 PIEZAS,,
01tVT00000CJR5dYAH,SET BISTRO METALICO PLEGABLE 3 PIEZAS,,
01tVT00000CJRATYA5,MINIVENTILADOR DE VIENTO CON BATERÍA DE IONES DE LICIO DE 4900 MAH,,
01tVT00000CKulVYAT,VENTILADOR DE MANO 1200MAH,,
01tVT00000CKv4sYAD,VENTILADOR DE MANO DE 3000 MAH CON FUNCIÓN DE REFRIGERACIÓN,,
01tVT00000CKvJNYA1,VENTILADOR DE MANO 1200MAH,,
01tVT00000CKvcjYAD,VENTILADOR PORTÁTIL 2000 MAH,,
01tVT00000CKwFRYA1,VENTILADOR PORTÁTIL 1200 MAH,,
01tVT00000CKwXBYA1,VENTILADOR DE MANO 1800MAH,,
01tVT00000CKwwzYAD,VENTILADOR DE MANO 2000MAH,,
01tVT00000CKxD7YAL,VENTILADOR DE MANO 1200MAH,,
01tVT00000CKxOPYA1,VENTILADOR DE MANO 800MAH,,
01tVT00000CKxeXYAT,VENTILADOR DE CUELLO 1000MAH,,
01tVT00000CKyCRYA1,VENTILADOR PORTÁTIL 800MAH,,
01tVT00000CKzN0YAL,VENTILADOR DE MANO 500MAH,,
01tVT00000CKzOcYAL,SET DE SOFAS 4 PIEZAS,,
01tVT00000CL0vlYAD,VENTILADOR DE CINTURA CON BATERÍA DE IONES DE LITIO DE 10.000 MAH,,
01tVT00000CL3wsYAD,VENTILADOR DE CAMPING CON BATERÍA DE IONES DE LITIO DE 7800 MAH,,
01tVT00000CL5sDYAT,"VENTILADOR DE PIE DE 10"", PLEGABLE",,
01tVT00000CN22EYAT,"VENTILADOR DE TECHO DE 32"", LED 40W",,
01tVT00000CN7Q5YAL,COLCHON INFLABLE,,
01tVT00000CN8M9YAL,VENTILADOR SIN ASPAS 3 EN 1,,
01tVT00000CN9ZxYAL,VENTILADOR SIN ASPAS DE 3 VELOCIDADES,,
01tVT00000CN9eoYAD,VENTILADOR SIN ASPAS DE 3 VELOCIDADES,,
01tVT00000CN9y9YAD,VENTILADOR SIN ASPAS DE 24 VELOCIDADES,,
01tVT00000CNASnYAP,VENTILADOR SIN ASPAS DE 12 VELOCIDADES,,
01tVT00000CNAasYAH,"VENTILADOR DE PARED DE 18"", CONTROL REMOTO",,
01tVT00000CNDYjYAP,"VENTILADOR DE PARED DE 10"", CONTROL MANUAL",,
01tVT00000CNG1yYAH,"VENTILADOR DE TECHO DE 20"", LED 36W",,
01tVT00000CNH4TYAX,"VENTILADOR DE TECHO DE 42"", LED DE 18 W",,
01tVT00000CNHinYAH,"VENTILADOR DE TECHO DE 42"", LED DE 18 W",,
01tVT00000CNJ33YAH,"VENTILADOR DE TECHO DE 20"", LED 36W",,
01tVT00000CNJW5YAP,"VENTILADOR DE TECHO DE 42"", LED DE 36 W",,
01tVT00000CNJpRYAX,"VENTILADOR DE TECHO DE 42"", LED DE 36 W",,
01tVT00000CNTf8YAH,COLCHON INFLABLE,,
01tVT00000CNrZNYA1,"VENTILADOR DE TECHO DE 42"", LED DE 36 W",,
01tVT00000CNsIXYA1,"VENTILADOR DE TECHO DE 42"", LED DE 36 W",,
01tVT00000CNuSQYA1,"VENTILADOR DE PARED 20"", CONTROL MANUAL",,
01tVT00000CNuU1YAL,"VENTILADOR DE PIE DE 16"", DOBLE CABEZAL",,
01tVT00000CNuXFYA1,"VENTILADOR DE PIE, TELESCÓPICA Y PLEGABLE",,
01tVT00000CNw9FYAT,"VENTILADOR DE PIE ELÉCTRICO, CA 110V/60Hz, 45W, PERILLA MECÁNICA",,
01tVT00000CNwikYAD,"VENTILADOR DE PIE DE 16"", BASE EN CRUZ",,
01tVT00000CNxN3YAL,"VENTILADOR DE PARED 16"", CONTROL MANUAL",,
01tVT00000CNxjdYAD,"VENTILADOR DE PIE DE 16"", BASE EN CRUZ",,
01tVT00000CNxtJYAT,"VENTILADOR DE PIE DE 9"", CONTROL REMOTO Y PANTALLA TÁCTIL",,
01tVT00000CNy9RYAT,"VENTILADOR DE PIE ELÉCTRICO DE 9"", CONTROL REMOTO.",,
01tVT00000CNyKjYAL,"VENTILADOR DE PARED 16"", CONTROL REMOTO",,
01tVT00000CNyZFYA1,"VENTILADOR DE PARED 17.5"", CONTROL MANUAL",,
01tVT00000CNye5YAD,"VENTILADOR DE PIE DE 16"", ALTURA AJUSTABLE.",,
01tVT00000CNyivYAD,"VENTILADOR DE PARED 17.5"", CONTROL REMOTO",,
01tVT00000CNyxRYAT,"VENTILADOR DE PIE DE 14"", ALTURA AJUSTABLE.",,
01tVT00000CNzByYAL,ENFRIADOR DE AIRE 3 EN 1,,
01tVT00000CO0JJYA1,VENTILADOR SIN ASPAS DE 3 VELOCIDADES,,
01tVT00000CO1SHYA1,17 ENFRIADOR DE AIRE 3 EN 1,,
01tVT00000CO1X8YAL,"VENTILADOR DE PIE CON NEBULIZADOR DE 16"", CONTROL REMOTO.",,
01tVT00000CO1s5YAD,ENFRIADOR DE AIRE 3 EN 1,,
01tVT00000CO2HtYAL,ENFRIADOR DE AIRE 3 EN 1,,
01tVT00000CO3VhYAL,"ENFRIADOR DE AIRE PORTÁTIL, DEPÓSITO DE 35 L",,
01tVT00000CO3ibYAD,"ENFRIADOR DE AIRE PORTÁTIL, DEPÓSITO DE 45 L",,
01tVT00000CO4OXYA1,ENFRIADOR DE AIRE PORTÁTIL,,
01tVT00000CO4zdYAD,"VENTILADOR DE CIRCULACIÓN, CONTROL REMOTO",,
01tVT00000CO6i5YAD,VENTILADOR PORTÁTIL CON LUZ,,
01tVT00000CO9RRYA1,"VENTILADOR DE ESCRITORIO DE 12"", BAMBÚ",,
01tVT00000COgFKYA1,"VENTILADOR DE CAJA DE 12"", 5 ASPAS",,
01tVT00000COiIjYAL,"VENTILADOR DE CAJA DE 20"", 3 VELOCIDADES",,
01tVT00000CP0IrYAL,VENTILADOR SIN ASPAS 12 VELOCIDADES,,
01tVT00000CP0NhYAL,"VENTILADOR DE PIE DE 16"", VENTILADOR METÁLICO",,
01tVT00000CPv0zYAD,MESA ESCRITORIO,,
01tVT00000CQWJuYAP,LIBRERIA DE MADERA,,
01tVT00000CQWq9YAH,LIBRERIA DE MADERA,,
01tVT00000CQXizYAH,ESTANTERIA DE MADERA,,
01tVT00000CQXuHYAX,ESTANTE DE MADERA,,
01tVT00000CQYAPYA5,MUEBLE DE TV METAL Y MADERA,,
01tVT00000CQYS9YAP,MUEBLE AUXILIAR METAL Y MADERA,,
01tVT00000CQYdRYAX,BLADELESS FAN 10 SPEEDS,,
01tVT00000CQYjtYAH,MESA DE CENTRO METAL Y MADERA,,
01tVT00000CQZBJYA5,MESA DE CENTRO METAL Y MADERA,,
01tVT00000CQZMbYAP,MESA DE CENTRO METAL Y MADERA,,
01tVT00000CQZZVYA5,SET DE MESAS DE CENTRO MADERA Y METAL,,
01tVT00000CQZrFYAX,MESA DE CENTRO METAL Y MADERA,,
01tVT00000CQZsrYAH,"VENTILADOR DE TECHO DE 48"", CON BOMBILLAS",,
01tVT00000CQa7NYAT,MUEBLE DE TV MADERA,,
01tVT00000CQaH3YAL,MUEBLE DE TV METAL Y MADERA,,
01tVT00000CQb8HYAT,MUEBLE DE TV MADERA,,
01tVT00000CQdV3YAL,"VENTILADOR DE TECHO DE 52 PULGADAS, CON BOMBILLAS",,
01tVT00000CQdurYAD,"VENTILADOR DE TECHO DE 52 PULGADAS, CON BOMBILLAS",,
01tVT00000CQdwTYAT,MUEBLE DE TV MADERA,,
01tVT00000CQfF7YAL,MUEBLE DE TV MADERA,,
01tVT00000CQfLZYA1,"VENTILADOR DE TECHO DE 52 PULGADAS, CON BOMBILLAS",,
01tVT00000CQhIXYA1,"VENTILADOR DE TECHO DE 52 PULGADAS, CON BOMBILLAS",,
01tVT00000CSqmLYAT,CALEFACTOR ELECTRICO CHIMENEA 750W/1500W,,
01tVT00000CSrFNYA1,CALEFACTOR ELECTRICO CHIMENEA 750W/1500W,,
01tVT00000CSrfBYAT,CALEFACTOR ELECTRICO CHIMENEA 750W/1500W,,
01tVT00000CSxXiYAL,SILLA PP PLEGABLE,,
01tVT00000CSxnpYAD,5 PIEZAS SET PLEGABLE,,
01tVT00000CSxr3YAD,MESA PLEGABLE PLASTICO,,
01tVT00000CUf0PYAT,BOLSA DE MANO NEVERA,,
01tVT00000CUoOgYAL,MESA AUXILIAR,,
01tVT00000CUoTWYA1,MUEBLE DE TV MADERA,,
01tVT00000CYR25YAH,"VENTILADOR DE ESCRITORIO DE 12"", 6 ASPAS",,
01tVT00000CYREzYAP,"VENTILADOR DE PIE DE 10"", BASE DE 5 ORIFICIOS",,
01tVT00000CYRoTYAX,"VENTILADOR DE PIE DE 12"", 360 GRADOS",,
01tVT00000CYSHWYA5,"VENTILADOR DE PIE DE 18"", CONTROL REMOTO",,
01tVT00000CYSW1YAP,"VENTILADOR DE PIE DE 16"", 3 EN 1",,
01tVT00000CYSe5YAH,"VENTILADOR DE PIE DE 14"", 3 EN 1",,
01tVT00000CYSpNYAX,"VENTILADOR DE PIE DE 16"", 5 ASPAS",,
01tVT00000CYT3tYAH,"VENTILADOR DE PIE DE 16"", 3 ASPAS",,
01tVT00000CYTIPYA5,"VENTILADOR DE ESCRITORIO DE 12"", 3 ASPAS",,
01tVT00000CYTa9YAH,"VENTILADOR DE PIE DE 18"", 3 EN 1",,
01tVT00000CYwlpYAD,"VENTILADOR DE CIRCULACIÓN, 3 VELOCIDADES",,
01tVT00000CYx6nYAD,"VENTILADOR DE CIRCULACIÓN, 4 EN 1",,
01tVT00000CYxTNYA1,"VENTILADOR DE CIRCULACIÓN, 3 EN 1",,
01tVT00000CZ7CcYAL,SOFA SET METALICO 4 PIEZAS,,
01tVT00000CZ9sjYAD,SOFA SET METALICO 4 PIEZAS,,
01tVT00000CZB05YAH,JUEGO DE SOFÁS PARA EXTERIOR DE RATÁN PE DE 4 PIEZAS,,
01tVT00000Cah17YAB,JUEGO DE SOFÁS PARA EXTERIOR DE PLÁSTICO DE 4 PIEZAS,,
01tVT00000CahabYAB,BAÚL DE ALMACENAMIENTO DE PLÁSTICO,,
01tVT00000CajMHYAZ,MESA DE CENTRO DE PLÁSTICO,,
01tVT00000CajNuYAJ,TUMBONA DE PLÁSTICO,,
01tVT00000CakLZYAZ,SILLA DE PLÁSTICO 2 EN 1,,
01tVT00000Cal1VYAR,JUEGO BISTRO DE PLÁSTICO DE 3 PIEZAS,,
01tVT00000CanmTYAR,TUMBONA DE PLÁSTICO,,
01tVT00000CaoLxYAJ,SILLA PLEGABLE ACOLCHADA PVC,,
01tVT00000CapptYAB,TUMBONA DE PLÁSTICO,,
01tVT00000Capt7YAB,MESA CENTRO CAFE,,
01tVT00000CaqSbYAJ,CONJUNTO DE BISTRÓ PP DE 3 PIEZAS (MESA + 2 SILLAS),,
01tVT00000Car25YAB,SILLA DE OFICINA,,
01tVT00000Catv7YAB,JUEGO BISTRO ACACIA DE 3 PIEZAS,,
01tVT00000Cau4nYAB,SET TABURETE BAR 2 PIECES,,
01tVT00000CauKvYAJ,JUEGO BISTRO ACACIA DE 3 PIEZAS,,
01tVT00000CbUeYYAV,MESA AUXILIAR DE ACACIA,,
01tVT00000CbWGXYA3,JUEGO BISTRO ACACIA DE 3 PIEZAS,,
01tVT00000CbX4XYAV,BANCO DE ACACIA DE 3 PLAZAS,,
01tVT00000CbXu9YAF,MESA AUXILIAR DE ACACIA,,
01tVT00000CbYobYAF,JUEGO DE SOFÁS PARA EXTERIOR DE ACERO INOXIDABLE DE 4 PIEZAS,,
01tVT00000CbZEPYA3,JUEGO DE SOFÁS PARA EXTERIOR DE ACACIA DE 3 PIEZAS,,
01tVT00000CbZRJYA3,JUEGO DE SOFÁS PARA EXTERIOR DE ACACIA Y RATÁN DE 4 PIEZAS,,
01tVT00000CbZr7YAF,BANCO DE ACACIA DE 2 PLAZAS,,
01tVT00000CbaQbYAJ,"JUEGO DE COMEDOR PARA EXTERIOR DE BARRA DE ACACIA Y ACERO, 5 PIEZAS",,
01tVT00000CbajxYAB,"JUEGO DE COMEDOR PARA EXTERIOR DE ACACIA Y CUERDA, 5 PIEZAS",,
01tVT00000Cbb4vYAB,"JUEGO DE COMEDOR PARA EXTERIOR DE MADERA DE ACACIA, 7 PIEZAS",,
01tVT00000CbbUjYAJ,JUEGO DE COMEDOR PARA EXTERIOR DE 3 PIEZAS CON BANCOS DE MADERA DE ACACIA,,
01tVT00000CbbZZYAZ,CONJUNTO DE COMEDOR 5 PIEZAS,,
01tVT00000CbcdhYAB,JUEGO DE COMEDOR PARA EXTERIOR DE ACACIA DE 5 PIEZAS,,
01tVT00000Cbd57YAB,JUEGO DE COMEDOR PARA EXTERIOR DE ACACIA DE 5 PIEZAS,,
01tVT00000CbdJdYAJ,CONJUNTO DE BISTRÓ DE PLÁSTICO 3 PIEZAS,,
01tVT00000CbeNlYAJ,JUEGO DE SOFÁS PARA EXTERIOR DE ACACIA DE 4 PIEZAS,,
01tVT00000CbeUDYAZ,CONJUNTO DE BISTRÓ DE PLÁSTICO 4 PIEZAS,,
01tVT00000Cbf5JYAR,CONJUNTO DE BISTRÓ DE PLÁSTICO 3 PIEZAS,,
01tVT00000CbfEzYAJ,JUEGO CON SOFÁ DE 2 PLAZAS DE ACACIA,,
01tVT00000CbfrhYAB,CONJUNTO DE BISTRÓ DE PLÁSTICO 3 PIEZAS,,
01tVT00000CbgSnYAJ,CONJUNTO DE COMEDOR 5 PIEZAS,,
01tVT00000CbhzxYAB,CONJUNTO DE COMEDOR 7 PIEZAS,,
01tVT00000Cbi81YAB,SALA DE PATIO WICKER 4 PIEZAS CON COJINES,,
01tVT00000CbisnYAB,JUEGO DE SOFÁS PARA EXTERIOR DE RATÁN PE DE 3 PIEZAS,,
01tVT00000CbjgnYAB,JUEGO DE SOFÁS PARA EXTERIOR DE RATÁN PE DE 4 PIEZAS,,
01tVT00000CbkTBYAZ,JUEGO DE SOFÁS PARA EXTERIOR DE RATÁN PE DE 3 PIEZAS,,
01tVT00000CbmA1YAJ,JUEGO DE COMEDOR PARA EXTERIOR DE RATÁN PE DE 5 PIEZAS,,
01tVT00000CbmMwYAJ,SET BISTRO WICKER 3 PIEZAS CON COJINES,,
01tVT00000CbmrZYAR,JUEGO BISTRO DE 3 PIEZAS DE RATÁN PE,,
01tVT00000CbnIzYAJ,SOFÁ DE 2 PLAZAS DE RATÁN PE,,
01tVT00000CbnfZYAR,JUEGO BISTRO DE 3 PIEZAS DE RATÁN PE,,
01tVT00000CbnxJYAR,JUEGO BISTRO DE 3 PIEZAS DE RATÁN PE,,
01tVT00000CboGfYAJ,JUEGO BISTRO DE 3 PIEZAS DE RATÁN PE,,
01tVT00000Cboa1YAB,JUEGO BISTRO DE RATÁN PE DE 5 PIEZAS,,
01tVT00000CbrxhYAB,SILLA DE COMEDOR DE ACERO CON CUERD,,
01tVT00000CbsIgYAJ,BANCO DE ACERO,,
01tVT00000CbsTxYAJ,SILLA DE COMEDOR PARA EXTERIOR,,
01tVT00000CbthlYAB,CONJUNTO DE COMEDOR 3 PIEZAS,,
01tVT00000CbtxuYAB,BANCO DE ACERO,,
01tVT00000Cbu4LYAR,CONJUNTO DE COMEDOR 4 PIEZAS,,
01tVT00000CbvI9YAJ,CONJUNTO DE COMEDOR 6 PIEZAS,,
01tVT00000CbvV3YAJ,CONJUNTO DE COMEDOR 5 PIEZAS,,
01tVT00000CdebOYAR,CONJUNTO DE BISTRÓ DE ACERO 3 PIEZAS,,
01tVT00000Cdel4YAB,BANCO DE ACERO,,
01tVT00000CdemgYAB,JUEGO DE SOFÁS PARA EXTERIOR DE RATÁN PE DE 4 PIEZAS,,
01tVT00000CdhSoYAJ,CAMA DE DÍA PARA EXTERIOR BANCO DE RATÁN SINTÉTICO 2 EN 1,,
01tVT00000CdhpNYAR,SILLA DE COMEDOR PARA EXTERIOR,,
01tVT00000CdhpOYAR,CONJUNTO DE SOFÁ DE PLÁSTICO PARA 4 PERSONAS,,
01tVT00000Cdi3tYAB,JUEGO DE COMEDOR PARA EXTERIOR DE RATÁN PE DE 5 PIEZAS,,
01tVT00000CdiDZYAZ,SILLA DE COMEDOR PARA EXTERIOR,,
01tVT00000CdiGnYAJ,JUEGO DE COMEDOR PARA EXTERIOR DE RATÁN PE DE 5 PIEZAS,,
01tVT00000CdilRYAR,JUEGO DE COMEDOR PARA EXTERIOR DE RATÁN PE DE 5 PIEZAS,,
01tVT00000CdiyLYAR,JUEGO DE COMEDOR PARA EXTERIOR DE RATÁN PE DE 5 PIEZAS,,
01tVT00000CdiyMYAR,CONJUNTO DE SOFÁ DE ACERO 4 PIEZAS,,
01tVT00000CdjETYAZ,CONJUNTO DE SOFÁ DE PLÁSTICO PARA 4 PERSONAS,,
01tVT00000CdjJJYAZ,JUEGO DE COMEDOR PARA EXTERIOR DE RATÁN PE DE 6 PIEZAS,,
01tVT00000Cdk2TYAR,CONJUNTO DE SOFÁ DE PLÁSTICO PARA 4 PERSONAS,,
01tVT00000CdkQfYAJ,JUEGO DE SOFÁS PARA EXTERIOR DE RATÁN PE DE 4 PIEZAS,,
01tVT00000CdkgnYAB,JUEGO DE SOFÁS PARA EXTERIOR DE RATÁN PE DE 4 PIEZAS,,
01tVT00000Cdl1lYAB,TUMBONA DE ACERO CON TEXTILENE,,
01tVT00000CdlkvYAB,SILLA MECEDORA,,
01tVT00000Cdm13YAB,BANCO DE RATÁN DE PE,,
01tVT00000CdmDxYAJ,BANCO DE 2 PLAZAS DE RATÁN PE,,
01tVT00000CdmU5YAJ,BANCO DE 2 PLAZAS DE RATÁN PE,,
01tVT00000CdmdlYAB,BAÚL PARA COJINES DE RATÁN DE PE,,
01tVT00000CdmdmYAB,CONJUNTO DE SOFÁ DE ACERO 4 PIEZAS,,
01tVT00000CdmkDYAR,CONJUNTO DE COMEDOR 5 PIEZAS,,
01tVT00000Cdmx7YAB,CONJUNTO DE SOFÁ DE ACERO 4 PIEZAS,,
01tVT00000Cdn6nYAB,BAÚL PARA COJINES DE RATÁN DE PE,,
01tVT00000Cdn8QYAR,TUMBONA DE RATÁN PE,,
01tVT00000CdnTNYAZ,CONJUNTO DE SOFÁ DE ACERO 4 PIEZAS,,
01tVT00000Cdnd3YAB,TUMBONA DE RATÁN PE,,
01tVT00000CdnwPYAR,TUMBONA DE RATÁN PE,,
01tVT00000Cdo7hYAB,CONJUNTO DE BISTRÓ DE ACERO 3 PIEZAS,,
01tVT00000CdoCXYAZ,TUMBONA DE RATÁN PE,,
01tVT00000CdoMDYAZ,CONJUNTO DE BISTRÓ DE ACERO 3 PIEZAS,,
01tVT00000CdoXVYAZ,TUMBONA DE RATÁN PE,,
01tVT00000CdokPYAR,CONJUNTO DE PATIO DE ACERO 6 PIEZAS,,
01tVT00000CdpdGYAR,SILLA DE COMEDOR PARA EXTERIOR,,
01tVT00000Cdq6HYAR,JUEGO BISTRO ACACIA DE 3 PIEZAS,,
01tVT00000CdqO1YAJ,JUEGO BISTRO ACACIA DE 3 PIEZAS,,
01tVT00000CdqZLYAZ,JUEGO DE SOFÁS PARA EXTERIOR DE ACACIA DE 4 PIEZAS,,
01tVT00000CdqavYAB,JUEGO BISTRO ACACIA DE 3 PIEZAS,,
01tVT00000Cdqe9YAB,TABURETE DE BAR DE PLÁSTICO,,
01tVT00000Cdr3xYAB,SILLA DE COMEDOR PARA EXTERIOR,,
01tVT00000Cdr3zYAB,CONJUNTO DE BISTRÓ DE ACERO 3 PIEZAS,,
01tVT00000CdrC1YAJ,JUEGO BISTRO DE ACACIA Y RATÁN DE 3 PIEZAS,,
01tVT00000CdrQXYAZ,CONJUNTO DE BISTRÓ DE PLÁSTICO 5 PIEZAS,,
01tVT00000CdrgfYAB,TUMBONA DE SOL ACACIA,,
01tVT00000Cds1dYAB,CONJUNTO DE BISTRÓ DE PLÁSTICO 3 PIEZAS,,
01tVT00000CdsXtYAJ,CONJUNTO DE BISTRÓ DE PLÁSTICO 3 PIEZAS,,
01tVT00000Cdt0vYAB,JUEGO DE SOFÁS PARA EXTERIOR DE RATÁN PE DE 3 PIEZAS,,
01tVT00000Cdts9YAB,SILLA DE COMEDOR PARA EXTERIOR,,
01tVT00000Cdu6fYAB,SILLA DE COMEDOR PARA EXTERIOR,,
01tVT00000CduMnYAJ,SILLA DE COMEDOR PARA EXTERIOR,,
01tVT00000CdueXYAR,CONJUNTO DE COMEDOR 7 PIEZAS,,
01tVT00000Cdv9BYAR,CONJUNTO DE COMEDOR 5 PIEZAS,,
01tVT00000CdvHFYAZ,JUEGO BISTRO DE 3 PIEZAS DE RATÁN PE,,
01tVT00000CdvNhYAJ,CONJUNTO DE COMEDOR 5 PIEZAS,,
01tVT00000CdvfRYAR,CONJUNTO DE BISTRÓ DE ACERO 3 PIEZAS,,
01tVT00000CdvsLYAR,CONJUNTO DE PATIO DE ACERO 6 PIEZAS,,
01tVT00000Cdw6rYAB,CONJUNTO DE BISTRÓ DE ACERO 3 PIEZAS,,
01tVT00000CdwMzYAJ,CONJUNTO DE BISTRÓ DE ACERO 3 PIEZAS,,
01tVT00000CdwZtYAJ,CONJUNTO DE BISTRÓ DE ACERO 3 PIEZAS,,
01tVT00000CdwjZYAR,CONJUNTO DE BISTRÓ DE ACERO 3 PIEZAS,,
01tVT00000CdxirYAB,JUEGO DE COMEDOR PARA EXTERIOR DE RATÁN PE DE 9 PIEZAS,,
01tVT00000CdybiYAB,JUEGO DE SOFÁS PARA EXTERIOR DE ACACIA DE 4 PIEZAS,,
01tVT00000CdzmIYAR,SOFA CAMA,,
01tVT00000CdzuMYAR,TUMBONA DE MADERA DE ACACIA CON MESA AUXILIAR,,
01tVT00000Ce041YAB,BANCO DE MADERA DE ACACIA CON LONGITUD AJUSTABLE,,
01tVT00000Ce05dYAB,SOFA CAMA,,
01tVT00000Ce0NNYAZ,BANCO DE MADERA DE ACACIA CON LONGITUD AJUSTABLE,,
01tVT00000Ce0OzYAJ,SOFA CAMA,,
01tVT00000Ce0lZYAR,SOFA CAMA,,
01tVT00000CeDZ7YAN,SOFA CAMA CON CHAISE LONGUE,,
01tVT00000CebtBYAR,JUEGO DE COMEDOR DE ACACIA DE 5 PIEZAS,,
01tVT00000CerrVYAR,JUEGO DE SOFÁS PARA EXTERIOR ACACIA DE 4 PIEZAS,,
01tVT00000CfXqjYAF,BANCO,,
01tVT00000CfY3dYAF,BANCO,,
01tVT00000CfYMzYAN,JUEGO DE COMEDOR PARA EXTERIOR DE ACACIA DE 5 PIEZAS,,
01tVT00000CfYd7YAF,CONJUNTO DE MESA DE PICNIC DE MADERA CON BANCOS,,
01tVT00000CfYtFYAV,BANCO DE ACERO,,
01tVT00000CfZEDYA3,"JUEGO BISTRO DE ACERO Y CUERDA, 3 PIEZAS",,
01tVT00000CfZNtYAN,BANCO DE ACERO,,
01tVT00000CfZfdYAF,BANCO DE ACERO,,
01tVT00000CfZhFYAV,JUEGO BISTRO DE 3 PIEZAS DE ACACIA Y CUERDA,,
01tVT00000Cfa2DYAR,JUEGO BISTRO ACACIA 3 PIEZAS,,
01tVT00000CfaGjYAJ,"JUEGO DE COMEDOR PARA EXTERIOR DE ACERO Y MADERA DE ACACIA, 7 PIEZAS",,
01tVT00000CfaNBYAZ,BANCO DE MALLA DE ACERO,,
01tVT00000CfaevYAB,TUMBONA DE MALLA DE ACERO,,
01tVT00000Cfai9YAB,JUEGO BISTRO DE 3 PIEZAS DE RATÁN PE,,
01tVT00000CfbcbYAB,BANCO DE RATÁN DE DESCANSAPIÉS,,
01tVT00000CfcLlYAJ,JUEGO DE SOFÁS PARA EXTERIOR DE 4 PIEZAS DE MADERA DE ACACIA Y CUERDA,,
01tVT00000CfkWDYAZ,BASE SOMBRILLA HDPE,,
01tVT00000CgN7lYAF,SOMBRILLA DE JARDÍN DE ACERO DE 2 M,,
01tVT00000CgPW9YAN,"SOMBRILLA DE JARDÍN DE ACERO DE 2,3 M",,
01tVT00000CgPcbYAF,"SOMBRILLA DE JARDÍN DE ACERO DE 2,7 M",,
01tVT00000CgPfpYAF,"SOMBRILLA DE JARDÍN DE ACERO DE 2,7 M",,
01tVT00000CgRhdYAF,"SOMBRILLA DE JARDÍN DE ACERO DE 2,5 M",,
01tVT00000CgRrJYAV,JUEGO BISTRO,,
01tVT00000CgTDBYA3,COLUMPIO,,
01tVT00000CgTZlYAN,JUEGO DE BISTRÓ DE ACERO DE 3 PIEZAS,,
01tVT00000CgUSbYAN,COLUMPIO,,
01tVT00000CgUfVYAV,COLUMPIO,,
01tVT00000CgUpBYAV,COLUMPIO,,
01tVT00000CgV3hYAF,JUEGO DE BISTRÓ DE ACERO DE 3 PIEZAS,,
01tVT00000CgV6vYAF,COLUMPIO,,
01tVT00000CgVTVYA3,JUEGO DE BISTRÓ DE ACERO DE 3 PIEZAS,,
01tVT00000CgVlFYAV,COLUMPIO,,
01tVT00000CgVzlYAF,JUEGO DE BISTRÓ DE ACERO DE 3 PIEZAS,,
01tVT00000CgaxpYAB,BANCO DE ACERO,,
01tVT00000CgbVhYAJ,BANCO DE ACERO,,
01tVT00000CgcErYAJ,CAMA DE DÍA PARA EXTERIOR BANCO DE 3 PLAZAS DE MADERA DE ACACIA,,
01tVT00000CgctBYAR,CAMA DE DÍA PARA EXTERIOR BANCO DE 2 PLAZAS DE MADERA DE ACACIA,,
01tVT00000CgdR4YAJ,GAZEBO,,
01tVT00000CgeWnYAJ,GAZEBO,,
01tVT00000CgelJYAR,GAZEBO,,
01tVT00000CgeuzYAB,GAZEBO,,
01tVT00000ChBitYAF,GAZEBO,,
01tVT00000ChBm7YAF,GAZEBO,,
01tVT00000ChDEPYA3,GAZEBO,,
01tVT00000ChDW9YAN,GAZEBO,,
01tVT00000ChDhRYAV,SILLA DE COMEDOR PARA EXTERIOR,,
01tVT00000ChDkfYAF,GAZEBO,,
01tVT00000ChDuLYAV,JUEGO DE COMEDOR DE ACERO DE 5 PIEZAS,,
01tVT00000ChDxZYAV,GAZEBO,,
01tVT00000ChE7FYAV,GAZEBO,,
01tVT00000ChEFJYA3,JUEGO DE COMEDOR DE ACERO DE 5 PIEZAS,,
01tVT00000ChEGwYAN,GAZEBO,,
01tVT00000ChEVRYA3,CONJUNTO BISTRÓ DE ACERO 3 PIEZAS,,
01tVT00000ChJOkYAN,SILLA COLGANTE PLEGABLE KD,,
01tVT00000ChKr0YAF,SILLA DE COMEDOR PARA EXTERIOR,,
01tVT00000ChLK4YAN,SILLA COLGANTE PLEGABLE KD,,
01tVT00000ChLYYYA3,CONJUNTO DE COMEDOR DE ACERO 5 PIEZAS,,
01tVT00000ChMOAYA3,SILLA DE COMEDOR PARA EXTERIOR,,
01tVT00000ChMnyYAF,CONJUNTO BISTRÓ DE ACERO 3 PIEZAS,,
01tVT00000ChNAZYA3,SILLA DE COMEDOR PARA EXTERIOR,,
01tVT00000ChPCNYA3,BANCO DE BAR PARA EXTERIOR,,
01tVT00000ChPdmYAF,SILLA COLGANTE,,
01tVT00000ChRHOYA3,CONJUNTO BISTRÓ DE ACERO 3 PIEZAS,,
01tVT00000ChSmvYAF,SILLA DE COMEDOR PARA EXTERIOR,,
01tVT00000ChTCjYAN,SILLA MECEDORA DE ACERO,,
01tVT00000ChTUTYA3,SILLA COLGANTE,,
01tVT00000ChTXhYAN,SILLA COLGANTE PLEGABLE KD,,
01tVT00000ChTe9YAF,SILLA COLGANTE,,
01tVT00000ChTflYAF,SILLA DE COMEDOR PARA EXTERIOR,,
01tVT00000ChTvtYAF,SILLA COLGANTE,,
01tVT00000ChU3xYAF,SILLAS COLGANTES DE 2 PLAZAS,,
01tVT00000ChUVNYA3,SILLAS COLGANTES DE 2 PLAZAS,,
01tVT00000CiXr0YAF,MESA AUXILIAR JARDIN METAL,,
01tVT00000CiY8jYAF,JUEGO DE COMEDOR PARA EXTERIOR,,
01tVT00000CiYLdYAN,BANCO DE ACERO,,
01tVT00000CiYThYAN,MESA DE BAR PARA EXTERIOR,,
01tVT00000CiaorYAB,CENTRO ENTRETENIMIENTO METALICO,,
01tVT00000Cib1lYAB,ESTANTERIA METALICA,,
01tVT00000CibBRYAZ,ESTANTERIA EXTERIOR PARA PLANTAS,,
01tVT00000CibL7YAJ,CARRITO AUXILIAR METALICO,,
01tVT00000CibZdYAJ,MESA AUXILIAR DE PLÁSTICO,,
01tVT00000CieAvYAJ,JUEGO BISTRO,,
01tVT00000CigB7YAJ,SET DE COMEDOR METALICO,,
01tVT00000CihojYAB,VENTILADOR DE MANO 1200MAH,,
01tVT00000CiizKYAR,GAZEBO PLAYA PROTECTOR SOLAR,,
01tVT00000CijTxYAJ,BAUL ALMACENAJE PLASTICO,,
01tVT00000CikTFYAZ,SILLA DE COMEDOR PARA EXTERIOR,,
01tVT00000CikoDYAR,BANCO DE PLÁSTICO,,
01tVT00000CkVJgYAN,BANCO,,
01tVT00000Cke1xYAB,CONJUNTO DE BISTRÓ DE ACERO DE 3 PIEZAS,,
01tVT00000CkeI5YAJ,CONJUNTO DE BISTRÓ DE ACERO DE 3 PIEZAS,,
01tVT00000CkfxJYAR,GAZEBO,,
01tVT00000CkgJtYAJ,GAZEBO CUADRADO CON DOBLE TECHO,,
01tVT00000CkgmvYAB,GAZEBO,,
01tVT00000Ckj1dYAB,SOFA CAMA,,
01tVT00000CkjfxYAB,SOFA CAMA,,
01tVT00000CknoPYAR,BANCO DE ALMACENAMIENTO DE POLYWOOD,,
01tVT00000Ckp0bYAB,JUEGOS DE BAR DE POLYWOOD 3 PIEZAS,,
01tVT00000CkpS1YAJ,JUEGOS DE BAR DE POLYWOOD 3 PIEZAS,,
01tVT00000CkpgXYAR,JUEGO DE SALÓN DE POLYWOOD 3 PIEZAS,,
01tVT00000CkttpYAB,NEVERA DE PLÁSTICO,,
01tVT00000CktyfYAB,SILLA ADIRONDACK,,
01tVT00000CkuBZYAZ,SILLA ADIRONDACK,,
01tVT00000CkuEnYAJ,POLYWOOD DINING SET 5PCS,,
01tVT00000CkuLFYAZ,NEVERA DE PLÁSTICO,,
01tVT00000CkuMsYAJ,NEVERA DE PLÁSTICO,,
01tVT00000CkuZmYAJ,SILLON ADIRONDACK MECEDORA POLIESTIRENO,,
01tVT00000CkuczYAB,SILLA MECEDORA SILLA MECEDORA,,
01tVT00000Ckul3YAB,NEVERA DE PLÁSTICO,,
01tVT00000CkumfYAB,NEVERA DE PLÁSTICO,,
01tVT00000Ckv1BYAR,NEVERA DE PLÁSTICO,,
01tVT00000Ckv61YAB,SILLÓN DE EXTERIOR,,
01tVT00000CkvHJYAZ,SILLON PLEGABLE +  REPOSAPIE OCULTO,,
01tVT00000CkvKXYAZ,MESA DE COMEDOR PARA EXTERIOR,,
01tVT00000CkvPNYAZ,NEVERA DE PLÁSTICO,,
01tVT00000CkvcHYAR,NEVERA DE PLÁSTICO,,
01tVT00000CkvfVYAR,MESA AUXILIAR,,
01tVT00000CkvnZYAR,BANCO DESLIZANTE,,
01tVT00000ClXG9YAN,SOMBRILLA DE MADERA PARA JARDÍN 2.7 M,,
01tVT00000ClXZVYA3,SOMBRILLA DE MADERA PARA JARDÍN 3.0 M,,
01tVT00000ClXmPYAV,SOMBRILLA DE MADERA PARA JARDÍN 2 × 2 M,,
01tVT00000ClXxhYAF,SOMBRILLA DE MADERA PARA JARDÍN 2.5 × 2.5 M,,
01tVT00000ClY8zYAF,SOMBRILLA DE MADERA PARA JARDÍN 3 × 3 M,,
01tVT00000CldjlYAB,"BASE SOMBRILLA DE 15 KG, RELLENA DE CEMENTO",,
01tVT00000CldyHYAR,"BASE SOMBRILLA DE 27 KG, RELLENA DE CEMENTO",,
01tVT00000CleEPYAZ,"BASE SOMBRILLA DE 10 KG, RELLENA DE CEMENTO",,
01tVT00000CleeEYAR,"BASE SOMBRILLA DE 20 KG, RELLENA DE CEMENTO",,
01tVT00000ClezBYAR,BASE DE SOMBRILLA DE GRANITO DE 20 KG,,
01tVT00000ClfX3YAJ,BASE DE SOMBRILLA CUADRADA DE GRANITO DE 21 KG,,
01tVT00000ClfonYAB,BASE DE SOMBRILLA DE AGUA DE 15L,,
01tVT00000Clg4vYAB,BASE DE SOMBRILLA DE AGUA DE 60L,,
01tVT00000ClgJRYAZ,BASE DE SOMBRILLA DE 12 KG,,
01tVT00000ClizZYAR,BASE DE SOMBRILLA DE 12 KG,,
01tVT00000CljVpYAJ,BASE DE SOMBRILLA DE 25 KG,,
01tVT00000ClkEzYAJ,BASE DE SOMBRILLA CON RECUBRIMIENTO DE PE,,
01tVT00000ClnRNYAZ,"BASE SOMBRILLA DE 11,5 KG, RELLENA DE CEMENTO",,
01tVT00000CmZcTYAV,NEVERA DE PLÁSTICO BLUETOOTH,,
01tVT00000CmZpNYAV,NEVERA DE PLÁSTICO BLUETOOTH,,
01tVT00000CmZz3YAF,NEVERA DE PLÁSTICO BLUETOOTH,,
01tVT00000CmbftYAB,SILLA PLEGABLE DE MADERA,,
01tVT00000CmcNRYAZ,ASADOR GAS CON MESAS LATERALES Y RUEDAS,,
01tVT00000Cmck1YAB,DUAL ASADOR CARBON Y GAS CON MESAS LATERALES Y RUEDAS,,
01tVT00000CmcvJYAR,ASADOR GAS CON MESAS LATERALES Y RUEDAS,,
01tVT00000Cmd4zYAB,ASADOR GAS CON MESAS LATERALES Y RUEDAS,,
01tVT00000CmdBRYAZ,ASADOR GAS CON MESAS LATERALES Y RUEDAS,,
01tVT00000CmdY1YAJ,ASADOR CARBON CON MESAS LATERALES Y RUEDAS,,
01tVT00000CmdeTYAR,ASADOR CARBON CON MESAS LATERALES Y RUEDAS,,
01tVT00000Cmdo9YAB,ASADOR CARBON CON MESAS LATERALES Y RUEDAS,,
01tVT00000CmdubYAB,ASADOR CARBON CON MESAS LATERALES Y RUEDAS,,
01tVT00000CmgCXYAZ,LUZ SOLAR PARA JARDÍN,,
01tVT00000CmgUHYAZ,LUZ SOLAR PARA JARDÍN,,
01tVT00000CmgndYAB,LUZ SOLAR PARA JARDÍN,,
01tVT00000CmgpFYAR,LUZ SOLAR PARA JARDÍN,,
01tVT00000Cmh3lYAB,LUZ SOLAR PARA JARDÍN,,
01tVT00000CnDoQYAV,LUZ SOLAR PARA JARDÍN,,
01tVT00000CnGsjYAF,SILLA PLEGABLE DE MADERA,,
01tVT00000CnHDhYAN,LUZ SOLAR PARA JARDÍN,,
01tVT00000CnHSDYA3,LUZ SOLAR PARA JARDÍN,,
01tVT00000CnHaHYAV,LUZ SOLAR PARA JARDÍN,,
01tVT00000CnHf7YAF,LUZ SOLAR PARA JARDÍN,,
01tVT00000CnHs1YAF,LUZ SOLAR PARA JARDÍN,,
01tVT00000CnIEbYAN,LUZ SOLAR PARA JARDÍN,,
01tVT00000CnIMfYAN,LUZ SOLAR PARA JARDÍN,,
01tVT00000CnIWLYA3,LUZ SOLAR PARA JARDÍN,,
01tVT00000CnIbBYAV,LUZ SOLAR PARA JARDÍN,,
01tVT00000CnJ5pYAF,LUZ SOLAR PARA JARDÍN,,
01tVT00000CnJKLYA3,LUZ SOLAR PARA JARDÍN,,
01tVT00000CnJsDYAV,LUZ SOLAR PARA JARDÍN,,
01tVT00000CnK1tYAF,LUZ SOLAR PARA JARDÍN,,
01tVT00000CnK8LYAV,LUZ SOLAR PARA JARDÍN,,
01tVT00000CnKEnYAN,LUZ SOLAR PARA JARDÍN,,
01tVT00000CnN6DYAV,LUZ SOLAR PARA JARDÍN,,
01tVT00000CoE8wYAF,SILLA DE OFICINA EJECUTIVA,,
01tVT00000CoEDlYAN,CALEFACTOR CONVECTOR 1000W,,
01tVT00000CoEbxYAF,CALEFACTOR CONVECTOR 1500W,,
01tVT00000CoF4zYAF,CALEFACTOR CONVECTOR 1000W,,
01tVT00000CoF9pYAF,5L NEVERA DE PLÁSTICO,,
01tVT00000CoFJVYA3,CALEFACTOR CONVECTOR 1500W,,
01tVT00000CoFPxYAN,7L NEVERA DE PLÁSTICO,,
01tVT00000CoFZdYAN,11L NEVERA DE PLÁSTICO,,
01tVT00000CoFhhYAF,20L NEVERA DE PLÁSTICO,,
01tVT00000CoFrNYAV,50L NEVERA DE PLÁSTICO,,
01tVT00000CqKDSYA3,GABINETE INFANTIL,,
01tVT00000CqKyDYAV,LIBRERO INFANTIL,,
01tVT00000CqKzpYAF,ORGANIZADOR INFANTIL,,
01tVT00000CqKzqYAF,LIBRERO INFANTIL,,
01tVT00000CqKzrYAF,SILLA ESCRITORIO INFANTIL,,
01tVT00000CqL9VYAV,MESA Y SILLAS INFANTILES,,
01tVT00000CqLJDYA3,CABALLETE INFANTIL,,
01tVT00000CqLO2YAN,GABINETE INFANTIL,,
01tVT00000CqLPdYAN,LIBRERO INFANTIL,,
01tVT00000CqLavYAF,GABINETE INFANTIL,,
01tVT00000CqLuHYAV,GABINETE INFANTIL,,
01tVT00000CqM3xYAF,GABINETE INFANTIL,,
01tVT00000CqMFFYA3,MESA Y SILLAS INFANTILES,,
01tVT00000CqMLjYAN,GABINETE INFANTIL,,
01tVT00000CqMS9YAN,MESA Y SILLAS INFANTILES,,
01tVT00000CqMYbYAN,MESA Y SILLAS INFANTILES,,
01tVT00000CqMdRYAV,GABINETE INFANTIL,,
01tVT00000CqMiHYAV,MESA Y SILLAS INFANTILES,,
01tVT00000CqMyPYAV,TOCADOR INFANTIL,,
01tVT00000CqN4rYAF,PERCHERO INFANTIL,,
01tVT00000CqN9hYAF,MESA Y SILLAS INFANTILES,,
01tVT00000CqNKzYAN,MESA Y SILLAS INFANTILES,,
01tVT00000CqNT3YAN,CABALLETE INFANTIL,,
01tVT00000CqNcjYAF,ORGANIZADOR INFANTIL,,
01tVT00000CqNeLYAV,MESA Y SILLAS INFANTILES,,
01tVT00000CqNuTYAV,SILLA ESCRITORIO INFANTIL,,
01tVT00000CqO5lYAF,CABALLETE INFANTIL,,
01tVT00000CqQigYAF,CUNA DE BEBÉ DE MADERA,,
01tVT00000CqRtGYAV,CUNA DE BEBÉ DE MADERA,,
01tVT00000CqRtHYAV,MESA Y SILLAS INFANTILES,,
01tVT00000CqSR9YAN,CUNA DE BEBÉ DE MADERA,,
01tVT00000CqTobYAF,CUNA DE BEBÉ DE MADERA,,
01tVT00000CqUMTYA3,CUNA DE BEBÉ DE MADERA,,
01tVT00000CqV5dYAF,CAMBIADOR DE BEBÉ DE MADERA,,
01tVT00000CqVLlYAN,CAMBIADOR DE BEBÉ DE MADERA,,
01tVT00000CqVonYAF,CUNA DE BEBÉ DE MADERA,,
01tVT00000CqVwrYAF,CAMBIADOR PORTÁTIL,,
01tVT00000CqW3JYAV,CUNA DE BEBÉ DE MADERA,,
01tVT00000CqWWLYA3,ORGANIZADOR INFANTIL DE JUGUETES CON 6 CONTENEDORES,,
01tVT00000CqWkuYAF,CAMBIADOR DE BEBÉ DE MADERA,,
01tVT00000CqWphYAF,CUNA DE BEBÉ DE MADERA,,
01tVT00000CqWrJYAV,MESA Y SILLAS INFANTILES,,
01tVT00000CqX7RYAV,ORGANIZADOR DE JUGUETES CON 9 CONTENEDORES DE PLÁSTICO,,
01tVT00000CqXDtYAN,CUNA DE BEBÉ DE MADERA,,
01tVT00000CqXyfYAF,CUNA DE BEBÉ DE MADERA,,
01tVT00000CqYEnYAN,LIBRERO INFANTIL,,
01tVT00000CqYt7YAF,MESA Y SILLAS INFANTILES,,
01tVT00000CqZ1BYAV,CAMBIADOR DE BEBÉ DE MADERA,,
01tVT00000CqZ61YAF,CAMBIADOR DE BEBÉ DE MADERA,,
01tVT00000CqZCTYA3,MESA Y SILLAS INFANTILES,,
01tVT00000CqZUDYA3,TABURETE DE APRENDIZAJE INFANTIL CON 2 PASOS,,
01tVT00000CqZcHYAV,CAMBIADOR DE BEBÉ DE MADERA,,
01tVT00000CqZijYAF,TABURETE DE APRENDIZAJE INFANTIL CON 2 PASOS,,
01tVT00000CqZsPYAV,CAMBIADOR DE BEBÉ DE MADERA,,
01tVT00000Cqa5JYAR,CAMBIADOR DE BEBÉ DE MADERA,,
01tVT00000CqaEzYAJ,LIBRERO INFANTIL,,
01tVT00000CqatJYAR,PUERTAS DE SEGURIDAD,,
01tVT00000Cqay9YAB,CAMBIADOR DE BEBÉ DE MADERA,,
01tVT00000CqbXdYAJ,PUERTAS DE SEGURIDAD,,
01tVT00000Cr8zrYAB,MECEDORA PARA LACTANCIA,,
01tVT00000CrASAYA3,PUERTAS DE SEGURIDAD,,
01tVT00000CrC7NYAV,MECEDORA PARA LACTANCIA,,
01tVT00000CrCIfYAN,PUERTAS DE SEGURIDAD,,
01tVT00000CrCddYAF,MECEDORA PARA LACTANCIA,,
01tVT00000CrCqXYAV,PUERTAS DE SEGURIDAD,,
01tVT00000CrCwzYAF,SILLAS ALTAS DE MADERA,,
01tVT00000CrD0DYAV,SILLAS ALTAS DE MADERA,,
01tVT00000CrD6fYAF,MECEDORA PARA LACTANCIA,,
01tVT00000CrDLBYA3,CUNA DE BEBÉ DE MADERA,,
01tVT00000CrDg9YAF,MECEDORA PARA LACTANCIA,,
01tVT00000CrDrRYAV,MECEDORA PARA LACTANCIA,,
01tVT00000CrDzVYAV,MECEDORA PARA LACTANCIA,,
01tVT00000CrE7ZYAV,MECEDORA PARA LACTANCIA,,
01tVT00000CrEHFYA3,MECEDORA PARA LACTANCIA,,
01tVT00000CrK1iYAF,CUNA DE BEBÉ DE MADERA,,
01tVT00000CrL94YAF,SILLA DE OFICINA,,
01tVT00000CrLAgYAN,SILLAS ALTAS DE MADERA,,
01tVT00000CrLk9YAF,MESA Y SILLAS INFANTILES,,
01tVT00000CrNArYAN,CUNA DE BEBÉ DE MADERA,,
01tVT00000CrNHJYA3,SILLAS ALTAS DE MADERA,,
01tVT00000CrNdtYAF,SILLAS ALTAS DE MADERA,,
01tVT00000CrNlxYAF,SILLAS ALTAS DE MADERA,,
01tVT00000CrNqnYAF,SILLAS ALTAS DE MADERA,,
01tVT00000CrNyrYAF,SILLAS ALTAS DE MADERA,,
01tVT00000CrON3YAN,SILLA DE OFICINA,,
01tVT00000CrOtJYAV,SILLA DE OFICINA,,
01tVT00000CrOzlYAF,SILLA DE OFICINA,,
01tVT00000CrP1NYAV,SILLA DE OFICINA,,
01tVT00000CrPEHYA3,SILLA DE OFICINA,,
01tVT00000CrPHVYA3,SILLA DE OFICINA,,
01tVT00000CrPKjYAN,SILLA DE OFICINA,,
01tVT00000CrPZFYA3,SILLA DE OFICINA,,
01tVT00000CrParYAF,SILLA DE OFICINA,,
01tVT00000CrPhJYAV,SILLA DE OFICINA,,
01tVT00000CrPuDYAV,SILLA DE OFICINA,,
01tVT00000CrPvpYAF,SILLA DE OFICINA,,
01tVT00000CylJiYAJ,BAÚL JUGUETES INFANTIL,,
01tVT00000CyvNtYAJ,MESA,,
01tVT00000CyvSjYAJ,ESTANTERIA MULTIFUNCIONAL INFANTIL,,
01tVT00000CyvULYAZ,JUGUETERO 6 CAJONES DE PLASTICO INFANTIL,,
01tVT00000CyvirYAB,BANCO,,
01tVT00000D08z0YAB,GABINETE INFANTIL,,
01tVT00000D0974YAB,MESA Y SILLAS INFANTILES,,
01tVT00000D09F8YAJ,JUGUETERO 6 CAJONES DE PLASTICO INFANTIL,,
01tVT00000D09JyYAJ,ESTANTERIA MULTIFUNCIONAL INFANTIL,,
01tVT00000D09OoYAJ,BAÚL JUGUETES INFANTIL,,
01tVT00000D1uVLYAZ,SALA DE PATIO ACERO 4 PIEZAS CON COJINES,,
01tVT00000D1wDmYAJ,BANCO,,
01tVT00000D1wfBYAR,MESA,,
01tVT00000D1wgnYAB,SILLA,,
01tVT00000D1xZdYAJ,SILLA,,
01tVT00000D24JNYAZ,SOFA CAMA,,
01tVT00000D2Ep0YAF,CARRITO AUXILIAR METALICO,,
01tVT00000D2Gu3YAF,SALA DE PATIO METALICO PLEGABLE 4PCS,,
01tVT00000D2Hi2YAF,CONJUNTO DE BISTRÓ DE ACERO 3 PIEZAS,,
01tVT00000D2HlGYAV,ESTANTERIA EXTERIOR PARA PLANTAS,,
01tVT00000D2Hq6YAF,CONJUNTO DE SOFÁ DE ACERO 4 PIEZAS,,
01tVT00000D2HtKYAV,JUEGO DE SOFÁS PARA EXTERIOR DE PLÁSTICO DE 4 PIEZAS,,
01tVT00000D2I4eYAF,"SOMBRILLA DE JARDÍN DE ACERO 2,0 M",,
01tVT00000D2IW2YAN,SET BISTRO PP 3 PIEZAS (MESA+2 SILLAS),,
01tVT00000D2IasYAF,SET BISTRO METALICO PLEGABLE 3 PIEZAS,,
01tVT00000D2Kw3YAF,"SOMBRILLA DE JARDÍN DE ACERO DE 2,5 M",,
01tVT00000D2LbyYAF,CONJUNTO DE BISTRÓ DE ACERO 3 PIEZAS,,
01tVT00000D2LdaYAF,CONJUNTO DE COMEDOR 3 PIEZAS,,
01tVT00000D2LfCYAV,JUEGO BISTRO DE 3 PIEZAS DE ACACIA Y CUERDA,,
01tVT00000D2LgoYAF,NEVERA DE PLÁSTICO,,
01tVT00000D2LleYAF,NEVERA DE PLÁSTICO,,
01tVT00000D2LqUYAV,GAZEBO,,
01tVT00000D2LtiYAF,SILLA COLGANTE,,
01tVT00000D2M1mYAF,"SOMBRILLA DE JARDÍN DE ACERO DE 2,5 M",,
01tVT00000D2M50YAF,STEEL SOFA SET 5 PIECES,,
01tVT00000D2MBSYA3,TUMBONA PLAYA METALICA,,
01tVT00000D2YJ4YAN,CABALLETE INFANTIL,,
01tVT00000D2dYrYAJ,SOFA CAMA,,
01tVT00000D2e0HYAR,SOFÁ RECLINABLE MANUAL,,
01tVT00000D2eI1YAJ,SOFÁ RECLINABLE MANUAL,,
01tVT00000D2fZ3YAJ,SOFA CAMA,,
01tVT00000D2g5JYAR,SOFA CAMA,,
01tVT00000D2gV7YAJ,SOFA CAMA,,
01tVT00000D2gi1YAB,SOFA CAMA,,
01tVT00000D2gwXYAR,SOFA CAMA,,
01tVT00000D2hCfYAJ,SOFA CAMA,,
01tVT00000D2hPZYAZ,SOFA CAMA,,
01tVT00000D2he5YAB,SOFA CAMA,,
01tVT00000D3YCAYA3,ESTANTERÍA,,
01tVT00000D3ZmXYAV,MESA DE CENTRO,,
01tVT00000D3a5tYAB,ESTANTERÍA,,
01tVT00000D3aKPYAZ,ESTANTE,,
01tVT00000D3aVhYAJ,ESTANTERÍA,,
01tVT00000D3afNYAR,ESTANTERÍA,,
01tVT00000D3ap3YAB,ESTANTERÍA,,
01tVT00000D3b5BYAR,JUEGO DE COMEDOR INTERIOR DE 3 PIEZAS,,
01tVT00000D3bDFYAZ,JUEGO DE COMEDOR INTERIOR DE 4 PIEZAS,,
01tVT00000D3bI5YAJ,JUEGO DE COMEDOR INTERIOR DE 4 PIEZAS,,
01tVT00000D3bOXYAZ,JUEGO DE COMEDOR INTERIOR DE 3 PIEZAS,,
01tVT00000D3bbRYAR,JUEGO DE COMEDOR INTERIOR DE 5 PIEZAS,,
01tVT00000D3bhtYAB,JUEGO DE COMEDOR INTERIOR DE 5 PIEZAS,,
01tVT00000D3bpxYAB,JUEGO DE COMEDOR INTERIOR DE 3 PIEZAS,,
01tVT00000D3bwPYAR,JUEGO DE COMEDOR INTERIOR DE 5 PIEZAS,,
01tVT00000D3c7hYAB,JUEGO DE COMEDOR INTERIOR DE 5 PIEZAS,,
01tVT00000D3cE9YAJ,JUEGO DE COMEDOR INTERIOR DE 7 PIEZAS,,
01tVT00000D3cNpYAJ,JUEGO DE COMEDOR INTERIOR DE 5 PIEZAS,,
01tVT00000D3cUHYAZ,JUEGO DE COMEDOR INTERIOR DE 7 PIEZAS,,
01tVT00000D3cXXYAZ,ESTANTE DE NIVELES,,
01tVT00000D3cdxYAB,JUEGO DE COMEDOR INTERIOR DE 5 PIEZAS,,
01tVT00000D3ckPYAR,JUEGO DE COMEDOR INTERIOR DE 3 PIEZAS,,
01tVT00000D3cu5YAB,JUEGO DE COMEDOR INTERIOR DE 4 PIEZAS,,
01tVT00000D3d5OYAR,ESTANTERÍA DE PARED,,
01tVT00000D3d8bYAB,JUEGO DE COMEDOR INTERIOR DE 3 PIEZAS,,
01tVT00000D3dVCYAZ,ESTANTERÍA DE PARED,,
01tVT00000D3eB7YAJ,MESA LATERAL,,
01tVT00000D3eHZYAZ,MESA LATERAL,,
01tVT00000D3eKoYAJ,MESA LATERAL,,
01tVT00000D3ePdYAJ,MESA DE CENTRO,,
01tVT00000D3eZJYAZ,ESTANTERÍA,,
01tVT00000D3eizYAB,ESTANTERÍA,,
01tVT00000D3euIYAR,ESTANTERÍA DE PARED,,
01tVT00000D3exVYAR,MESA LATERAL,,
01tVT00000D3f7BYAR,MESA DE CENTRO,,
01tVT00000D3fFFYAZ,ESTANTE DE NIVELES,,
01tVT00000D3fOwYAJ,ESTANTERÍA DE COCINA,,
01tVT00000D3fVNYAZ,CENTRO ENTRETENIMIENTO,,
01tVT00000D3faDYAR,CENTRO ENTRETENIMIENTO,,
01tVT00000D3ff3YAB,ESTANTE DE EXHIBICIÓN,,
01tVT00000D3fiIYAR,MESA DE CENTRO,,
01tVT00000D3fjtYAB,ESTANTERÍA DE LIBROS,,
01tVT00000D3fojYAB,ESTANTERÍA DE HAINGING,,
01tVT00000D3fwnYAB,MESA DE CENTRO,,
01tVT00000D3g1eYAB,ESTANTERÍA DE COCINA,,
01tVT00000D3g4rYAB,MESA LATERAL,,
01tVT00000D3gGBYAZ,CARRO DE COCINA,,
01tVT00000D3gHlYAJ,ESTANTERÍA DE PARED,,
01tVT00000D3gb7YAB,ESTANTERÍA DE HAINGING,,
01tVT00000D3ghZYAR,PONTE DE PIE CON LA ESTANTERÍA,,
01tVT00000D3gsrYAB,CARRO DELGADO,,
01tVT00000D3gzJYAR,CARRO DE COCINA,,
01tVT00000D3hCDYAZ,BAR CART,,
01tVT00000D3hFRYAZ,MESA LATERAL,,
01tVT00000D3hIfYAJ,MESA LATERAL,,
01tVT00000D3hP7YAJ,MESA LATERAL,,
01tVT00000D3hddYAB,CENTRO ENTRETENIMIENTO,,
01tVT00000D3i3RYAR,ESTANTERÍA,,
01tVT00000D3jCQYAZ,ESTANTERÍA DE COCINA,,
01tVT00000D3jIsYAJ,MESA LATERAL,,
01tVT00000D3kejYAB,ESTANTERÍA DE COCINA,,
01tVT00000D3klBYAR,ESTANTERÍA DE COCINA,,
01tVT00000D3kurYAB,ESTANTERÍA DE COCINA,,
01tVT00000D3l1JYAR,ESTANTERÍA DE COCINA,,
01tVT00000D3lJ3YAJ,MESA LATERAL,,
01tVT00000D3lNtYAJ,MESA LATERAL,,
01tVT00000D3lVxYAJ,MESA LATERAL,,
01tVT00000D3lanYAB,CENTRO ENTRETENIMIENTO,,
01tVT00000D3nRJYAZ,BANCO BAR PU,,
01tVT00000D3nntYAB,BANCO BAR TAPIZADO EN TELA,,
01tVT00000D3o7FYAR,BANCO BAR PU,,
01tVT00000D3qaTYAR,TV STAND MUEBLE CRISTAL SOPORTE,,
01tVT00000D3qvRYAR,TV STAND MUEBLE CRISTAL SOPORTE,,
01tVT00000D3rQ5YAJ,TV STAND MUEBLE CRISTAL SOPORTE,,
01tVT00000D4S1SYAV,MESA LATERAL,,
01tVT00000D4SvtYAF,JUEGO DE COMEDOR INTERIOR,,
01tVT00000D4T8nYAF,JUEGO DE COMEDOR INTERIOR,,
01tVT00000D4Tn7YAF,JUEGO DE COMEDOR INTERIOR,,
01tVT00000D4UBJYA3,MESA DE CENTRO,,
01tVT00000D4UfxYAF,MESA DE CENTRO,,
01tVT00000D4UrFYAV,JUEGO DE MESA DE CENTRO DE 2 PIEZAS,,
01tVT00000D4V2XYAV,MESA DE CENTRO,,
01tVT00000D4VDpYAN,MESA LATERAL,,
01tVT00000D4VLtYAN,MESA LATERAL,,
01tVT00000D4VQkYAN,SILLA PLEGABLE DE COMEDOR,,
01tVT00000D4VYoYAN,JUEGO DE COMEDOR INTERIOR DE 5 PIEZAS,,
01tVT00000D4VlhYAF,ESTANTE,,
01tVT00000D4W1pYAF,ESTANTE,,
01tVT00000D4WOPYA3,SILLA PLEGABLE DE COMEDOR,,
01tVT00000D4WeYYAV,SILLA PLEGABLE DE COMEDOR,,
01tVT00000D4WrRYAV,SILLA PLEGABLE DE COMEDOR,,
01tVT00000D4X7aYAF,SILLA PLEGABLE DE COMEDOR,,
01tVT00000D4XAnYAN,SILLA PLEGABLE DE COMEDOR,,
01tVT00000D4XXNYA3,JUEGO DE COMEDOR INTERIOR DE 3 PIEZAS,,
01tVT00000D4XifYAF,JUEGO DE COMEDOR INTERIOR DE 7 PIEZAS,,
01tVT00000D4XvZYAV,JUEGO DE COMEDOR INTERIOR DE 3 PIEZAS,,
01tVT00000D4ZNuYAN,JUEGO DE COMEDOR INTERIOR DE 5 PIEZAS,,
01tVT00000D4ZNvYAN,JUEGO DE COMEDOR INTERIOR DE 5 PIEZAS,,
01tVT00000D4Zu9YAF,JUEGO DE COMEDOR INTERIOR DE 5 PIEZAS,,
01tVT00000D4a5RYAR,JUEGO DE COMEDOR INTERIOR DE 7 PIEZAS,,
01tVT00000D4a8fYAB,SILLON,,
01tVT00000D4aILYAZ,JUEGO DE COMEDOR INTERIOR DE 5 PIEZAS,,
01tVT00000D4aYTYAZ,JUEGO DE COMEDOR INTERIOR DE 3 PIEZAS,,
01tVT00000D4aobYAB,JUEGO DE COMEDOR INTERIOR DE 5 PIEZAS,,
01tVT00000D4awfYAB,JUEGO DE COMEDOR INTERIOR DE 5 PIEZAS,,
01tVT00000D4cFKYAZ,JUEGO DE COMEDOR INTERIOR 4 PIEZAS,,
01tVT00000D4cbtYAB,JUEGO DE COMEDOR INTERIOR DE 5 PIEZAS,,
01tVT00000D4cwrYAB,JUEGO DE COMEDOR INTERIOR DE 5 PIEZAS,,
01tVT00000D4dUjYAJ,JUEGO DE COMEDOR INTERIOR DE 5 PIEZAS,,
01tVT00000D4gfWYAR,ESTANTES FLOTANTES,,
01tVT00000D4gijYAB,KD JUEGO DE SOFÁS 1+2+3 PLAZAS,,
01tVT00000D4i6DYAR,ESTANTES FLOTANTES,,
01tVT00000D4iHVYAZ,ESTANTES FLOTANTES,,
01tVT00000D4iUPYAZ,ESTANTES FLOTANTES,,
01tVT00000D4iivYAB,ESTANTES FLOTANTES,,
01tVT00000D4isbYAB,ESTANTES FLOTANTES,,
01tVT00000D4j5VYAR,ESTANTES FLOTANTES,,
01tVT00000D4jlRYAR,ESTANTES FLOTANTES,,
01tVT00000D4ksnYAB,JUEGO DE SOFÁS 1+2+3 PLAZAS,,
01tVT00000D4l8vYAB,JUEGO DE SOFÁS 1+2+3 PLAZAS,,
01tVT00000D4lTtYAJ,SOFÁ DE 2 PLAZAS,,
01tVT00000D4lnFYAR,SOFÁ DE 3 PLAZAS,,
01tVT00000D4m1lYAB,SOFA CAMA,,
01tVT00000D4mGHYAZ,SOFÁ CAMA DE SUELO,,
01tVT00000D4mRZYAZ,SOFÁ COMPRIMIDO,,
01tVT00000D4mhhYAB,SOFÁ COMPRIMIDO,,
01tVT00000D4mszYAB,SOFÁ COMPRIMIDO,,
01tVT00000D4n4HYAR,SOFÁ COMPRIMIDO,,
01tVT00000D5DzeYAF,TABURETE DE APRENDIZAJE INFANTIL CON 2 PASOS,,
01tVT00000D5H2NYAV,SOFÁ COMPRIMIDO,,
01tVT00000D5KbJYAV,SOFÁ COMPRIMIDO,,
01tVT00000D5Kt3YAF,SOFÁ COMPRIMIDO,,
01tVT00000D5LVlYAN,JUEGO DE COMEDOR INTERIOR DE 5 PIEZAS,,
01tVT00000D5Lh3YAF,SOFÁ COMPRIMIDO,,
01tVT00000D5Lp7YAF,JUEGO DE COMEDOR INTERIOR DE 5 PIEZAS,,
01tVT00000D5M21YAF,JUEGO DE COMEDOR INTERIOR DE 5 PIEZAS,,
01tVT00000D5MDJYA3,JUEGO DE COMEDOR INTERIOR DE 5 PIEZAS,,
01tVT00000D5MMzYAN,JUEGO DE COMEDOR INTERIOR DE 7 PIEZAS,,
01tVT00000D5MTRYA3,SOFÁ CURVO COMPRIMIDO PARA ENVÍO,,
01tVT00000D5MYHYA3,JUEGO DE COMEDOR INTERIOR DE 7 PIEZAS,,
01tVT00000D5MhxYAF,SOFÁ COMPRIMIDO,,
01tVT00000D5P1VYAV,JUEGO DE COMEDOR INTERIOR DE 5 PIEZAS,,
01tVT00000D5PEPYA3,JUEGO DE COMEDOR INTERIOR DE 5 PIEZAS,,
01tVT00000D5SozYAF,SILLA COMEDOR,,
01tVT00000D5T1tYAF,SILLA COMEDOR,,
01tVT00000D5TLFYA3,SILLA COMEDOR,,
01tVT00000D5TY9YAN,SILLA COMEDOR,,
01tVT00000D5XqHYAV,SOFÁ COMPRIMIDO,,
01tVT00000D5Y3BYAV,SOFÁ COMPRIMIDO,,
01tVT00000D5YkjYAF,JUEGO DE SOFÁS 1+2+3 PLAZAS,,
01tVT00000D5ZqUYAV,ARMARIO DE ZAPATOS,,
01tVT00000D5ZyXYAV,PERCHERO DE ROPA,,
01tVT00000D5a9pYAB,PERCHERO DE ROPA,,
01tVT00000D5aWPYAZ,ARMARIO DE ZAPATOS,,
01tVT00000D5ajJYAR,ARMARIO DE ZAPATOS,,
01tVT00000D5b13YAB,SOFA RECLINABLE MANUAL  PLAZAS,,
01tVT00000D5b2fYAB,MESA DE COMEDOR EXTENSIBLE INTERIOR,,
01tVT00000D5bFZYAZ,MESA DE COMEDOR EXTENSIBLE INTERIOR,,
01tVT00000D5bXJYAZ,JUEGO DE COMEDOR INTERIOR DE 7 PIEZAS,,
01tVT00000D5bttYAB,JUEGO DE COMEDOR INTERIOR DE 5 PIEZAS,,
01tVT00000D5cGTYAZ,JUEGO DE COMEDOR INTERIOR DE 7 PIEZAS,,
01tVT00000D5cTNYAZ,MESA DE COMEDOR EXTENSIBLE INTERIOR,,
01tVT00000D5mz0YAB,SILLA DE PLAYA CON REPOSAPIÉS,,
01tVT00000D5rPCYAZ,TABURETE DE BAR,,
01tVT00000D5rQoYAJ,SILLON,,
01tVT00000D5rVeYAJ,SILLA COMEDOR MADERA CON COJIN,,
01tVT00000D5rXGYAZ,SILLON TELA GIRATORIO,,
01tVT00000D5rYsYAJ,SILLON,,
01tVT00000D5raUYAR,SILLON,,
01tVT00000D99J7YAJ,MESA DE COMEDOR INTERIOR,,
01tVT00000D99W1YAJ,MESA DE COMEDOR EXTENSIBLE INTERIOR,,
01tVT00000D9A5VYAV,JUEGO DE COMEDOR INTERIOR DE 3 PIEZAS,,
01tVT00000D9AYXYA3,JUEGO DE COMEDOR INTERIOR DE 5 PIEZAS,,
01tVT00000D9BO9YAN,ARMARIO DE MADERA,,
01tVT00000D9BnxYAF,ARMARIO DE MADERA,,
01tVT00000D9C45YAF,ARMARIO DE MADERA CON LUZ LED,,
01tVT00000D9CLpYAN,CENTRO ENTRETENIMIENTO,,
01tVT00000D9CaLYAV,CENTRO ENTRETENIMIENTO,,
01tVT00000D9CqTYAV,CENTRO ENTRETENIMIENTO,,
01tVT00000D9D8DYAV,CENTRO ENTRETENIMIENTO,,
01tVT00000D9FQ9YAN,CENTRO ENTRETENIMIENTO,,
01tVT00000D9FZpYAN,CENTRO ENTRETENIMIENTO,,
01tVT00000D9GHNYA3,CENTRO ENTRETENIMIENTO,,
01tVT00000D9GZ7YAN,MESA DE CENTRO,,
01tVT00000D9Gm1YAF,MESA DE CENTRO CON LUZ LED,,
01tVT00000D9H0XYAV,ARMARIO DE ZAPATOS,,
01tVT00000D9HADYA3,ARMARIO DE ZAPATOS,,
01tVT00000D9HIHYA3,CABINA CONSOLA,,
01tVT00000D9I4fYAF,SOFÁ COMPRIMIDO,,
01tVT00000D9LFRYA3,ESCRITORIO DE COMPUTADORA PLEGABLE MULTIFUNCIONAL,,
01tVT00000D9LaPYAV,ESCRITORIO DE COMPUTADORA EXTENSIBLE,,
01tVT00000D9Ls9YAF,ESTANTE,,
01tVT00000D9M53YAF,ESTANTE CON LUZ LED,,
01tVT00000D9MQ1YAN,ESTANTE DE COCINA,,
01tVT00000D9MeXYAV,CABINA CONSOLA,,
01tVT00000D9NnVYAV,ASADOR CARBON RECTANGULAR DOBLE CON MESA LATERAL Y RUEDAS,,
01tVT00000D9NvaYAF,ASADOR CARBON RECTANGULAR DOBLE CON MESA LATERAL Y RUEDAS,,
01tVT00000D9Oq1YAF,MESA DE CENTRO,,
01tVT00000D9SaHYAV,SOFÁ COMPRIMIDO,,
01tVT00000D9SteYAF,SOFÁ COMPRIMIDO,,
01tVT00000DA2HCYA1,SALA DE PATIO ACERO 4 PIEZAS CON COJINES,,
01tVT00000DA6cYYAT,SOFÁ COMPRIMIDO,,
01tVT00000DA9IfYAL,SOFÁ COMPRIMIDO,,
01tVT00000DA9VZYA1,SOFÁ COMPRIMIDO,,
01tVT00000DA9grYAD,SOFÁ COMPRIMIDO,,
01tVT00000DAGLlYAP,ESCRITORIO PARA COMPUTADORA,,
01tVT00000DAGX3YAP,ESCRITORIO PARA COMPUTADORA,,
01tVT00000DAGnBYAX,ESCRITORIO PARA COMPUTADORA,,
01tVT00000DAH3JYAX,ESCRITORIO DE COMPUTADORA PLEGABLE MULTIFUNCIONAL,,
01tVT00000DAHJRYA5,ESCRITORIO DE COMPUTADORA PLEGABLE MULTIFUNCIONAL,,
01tVT00000DAHePYAX,ESCRITORIO PARA COMPUTADORA,,
01tVT00000DD2aoYAD,JUEGO DE COMEDOR INTERIOR DE 3 PIEZAS,,
01tVT00000DDAeoYAH,"VENTILADOR SOBREMESA AJUSTABLE 4"" 15W",,
01tVT00000DDC8jYAH,SACO DE DORMIR,,
01tVT00000DDEqTYAX,TOLDO PLEGABLE,,
01tVT00000DDFZdYAP,TIENDA DE CAMPAÑA,,
01tVT00000DDQbVYAX,MESA RESINA PLEGABLE 180 CM,,
01tVT00000DDquAYAT,SOFÁ COMPRIMIDO,,
01tVT00000DDr73YAD,"VENTILADOR DE ESCRITORIO DE 5"" CON CONEXIÓN USB",,
01tVT00000DDvSPYA1,SOFÁ COMPRIMIDO,,
01tVT00000DDvsDYAT,SOFÁ COMPRIMIDO,,
01tVT00000DDw57YAD,SOFÁ COMPRIMIDO,,
01tVT00000DDwDBYA1,SOFÁ COMPRIMIDO,,
01tVT00000DDwMrYAL,SOFÁ COMPRIMIDO,,
01tVT00000DDyy9YAD,"HUMIDIFICADOR 3,3L",,
01tVT00000DDzB3YAL,CAPACIDAD DEL DESHUMIDIFICADOR 10L,,
01tVT00000DDzMLYA1,CAPACIDAD DEL DESHUMIDIFICADOR 10L,,
01tVT00000DDzuDYAT,"HUMIDIFICADOR 2,3L",,
01tVT00000DE03tYAD,HUMIDIFICADOR 5L,,
01tVT00000DE0DZYA1,HUMIDIFICADOR 6L,,
01tVT00000DE4lpYAD,SILLA PLEGABLE DE COMEDOR,,
01tVT00000DE4x7YAD,SILLA PLEGABLE DE COMEDOR,,
01tVT00000DE5GTYA1,SILLA PLEGABLE DE COMEDOR,,
01tVT00000DEl4PYAT,MESA PLEGABLE DE MADERA DE PINO,,
01tVT00000DEoyLYAT,GAZEBO,,
01tVT00000DEsibYAD,SET COMEDOR + 6 SILLAS,,
01tVT00000DEtBdYAL,MESA PLEGABLE DE MADERA DE PINO,,
01tVT00000DEtQ9YAL,SET COMEDOR + 6 SILLAS,,
01tVT00000DEtjVYAT,SET COMEDOR + 6 SILLAS,,
01tVT00000DFlGrYAL,JUEGO DE SOMBRILLA DE PLAYA Y DOS SILLAS,,
01tVT00000DFldRYAT,JUEGO DE SOMBRILLA DE PLAYA Y DOS SILLAS,,
01tVT00000DFmJNYA1,JUEGO DE SOMBRILLA DE PLAYA Y DOS SILLAS,,
01tVT00000DGRMXYA5,SILLA PLAYA,,
01tVT00000DPIn3YAH,SET COMEDOR + 6 SILLAS,,
01tVT00000DPNZpYAP,JUEGO DE CUBIERTOS DE 20 PIEZAS,,
01tVT00000DPOndYAH,SILLA PLEGABLE PARA CAMPING,,
01tVT00000DPOu5YAH,SILLA GIRATORIA DE CAMPING DE 360°,,
01tVT00000DPPADYA5,SILLA MECEDORA PLEGABLE PARA CAMPING,,
01tVT00000DPPYPYA5,LUZ MAGNÉTICA PLEGABLE RECARGABLE,,
01tVT00000DPPq9YAH,LÁMPARA DE CAMPING TELESCÓPICA,,
01tVT00000DPQKnYAP,LUZ MAGNÉTICA PLEGABLE RECARGABLE,,
01tVT00000DPRC1YAP,LÁMPARA DE CAMPING TELESCÓPICA,,
01tVT00000DPRQXYA5,TUMBONA DE PLÁSTICO,,
01tVT00000DQ5ivYAD,CAJA DE ALMACENAMIENTO PORTÁTIL 12L,,
01tVT00000DQ6BxYAL,CAJA DE ALMACENAMIENTO PORTÁTIL 6L,,
01tVT00000DQ7UbYAL,CAJA DE ALMACENAMIENTO CON RUEDAS 14L,,
01tVT00000DQ7cfYAD,CAJA DE ALMACENAMIENTO CON RUEDAS 20L,,
01tVT00000DQ7kjYAD,CAJA DE ALMACENAMIENTO CON RUEDAS 28L,,
01tVT00000DQ7rBYAT,CAJA DE ALMACENAMIENTO CON RUEDAS 48L,,
01tVT00000DQ82TYAT,CAJA DE ALMACENAMIENTO CON RUEDAS 65L,,
01tVT00000DQ9BRYA1,CAJA DE ALMACENAMIENTO CON RUEDAS 85L,,
01tVT00000DQ9L7YAL,CAJA DE ALMACENAMIENTO CON RUEDAS 13L,,
01tVT00000DQ9PxYAL,CAJA DE ALMACENAMIENTO CON RUEDAS 22L,,
01tVT00000DQ9eTYAT,CAJA DE ALMACENAMIENTO CON RUEDAS 28L,,
01tVT00000DQ9o9YAD,CAJA DE ALMACENAMIENTO CON RUEDAS 46L,,
01tVT00000DQ9ubYAD,CAJA DE ALMACENAMIENTO CON RUEDAS 52L,,
01tVT00000DQBI5YAP,CAJA DE ALMACENAMIENTO CON RUEDAS 70L,,
01tVT00000DQBOXYA5,CAJA DE ALMACENAMIENTO CON RUEDAS 90L,,
01tVT00000DQCinYAH,CAJA DE ALMACENAMIENTO CON RUEDAS 13L,,
01tVT00000DQCvhYAH,CAJA DE ALMACENAMIENTO CON RUEDAS 22L,,
01tVT00000DQD5NYAX,CAJA DE ALMACENAMIENTO CON RUEDAS 28L,,
01tVT00000DQDDRYA5,CAJA DE ALMACENAMIENTO CON RUEDAS 46L,,
01tVT00000DQDN7YAP,CAJA DE ALMACENAMIENTO CON RUEDAS 70L,,
01tVT00000DQDTZYA5,CAJA DE ALMACENAMIENTO CON RUEDAS 90L,,
01tVT00000DQIBVYA5,LUZ MAGNÉTICA PLEGABLE RECARGABLE,,
01tVT00000DQfrGYAT,CALEFACTOR ELECTRICO CHIMENEA 750W/1500W,,
01tVT00000DRA2DYAX,SILLA PLEGABLE PARA CAMPING,,
01tVT00000DRAJyYAP,SILLA PLEGABLE PARA CAMPING,,
01tVT00000DRALZYA5,SILLA PLEGABLE PARA CAMPING,,
01tVT00000DRAgYYAX,SILLA GIRATORIA DE CAMPING DE 360°,,
01tVT00000DRAqDYAX,SILLA PLEGABLE PARA CAMPING,,
01tVT00000DRB1VYAX,SILLA PLEGABLE PARA CAMPING,,
01tVT00000DRBEPYA5,SILLA PLEGABLE PARA CAMPING,,
01tVT00000DRBkfYAH,SILLA DE CAMPING GIRATORIA DE 360°,,
01tVT00000DRBuLYAX,SILLA PLEGABLE PARA CAMPING,,
01tVT00000DRCC5YAP,SILLA PLEGABLE PARA CAMPING,,
01tVT00000DRDRVYA5,DISCO GIRATORIO PET,,
01tVT00000DRDhdYAH,CAJA DE ALMACENAMIENTO PARA MASCOTAS 6L,,
01tVT00000DRDxlYAH,CAJA DE ALMACENAMIENTO PARA MASCOTAS 12L,,
01tVT00000DREH7YAP,CAJA DE ALMACENAMIENTO COMBINADA PARA MASCOTAS,,
01tVT00000DREgwYAH,CUBO DE LA COLADA,,
01tVT00000DREk9YAH,CAJA DE ALMACENAMIENTO PARA MASCOTAS,,
01tVT00000DRF0HYAX,CAJA DE ALMACENAMIENTO PARA MASCOTAS,,
01tVT00000DRFDBYA5,CAJA DE ALMACENAMIENTO,,
01tVT00000DRFY9YAP,CAJA DE ALMACENAMIENTO,,
01tVT00000DRFjRYAX,CAJA DE ALMACENAMIENTO,,
01tVT00000DRFt7YAH,CAJA DE ALMACENAMIENTO,,
01tVT00000DRIfhYAH,JUEGO DE CUBIERTOS DE 20 PIEZAS,,
01tVT00000DRJOrYAP,JUEGO DE CUBIERTOS DE 10 PIEZAS,,
01tVT00000DRJofYAH,JUEGO DE CUBIERTOS DE 14 PIEZAS,,
01tVT00000DRJyLYAX,JUEGO DE CUBIERTOS DE 23 PIEZAS,,
01tVT00000DRK81YAH,JUEGO DE CUBIERTOS DE 28 PIEZAS,,
01tVT00000DRKBFYA5,JUEGO DE CUBIERTOS DE 20 PIEZAS,,
01tVT00000DRKWDYA5,SILLA PLEGABLE PARA CAMPING,,
01tVT00000DRKkjYAH,SILLA PLEGABLE PARA CAMPING,,
01tVT00000DRLIbYAP,SILLA PLEGABLE PARA CAMPING,,
01tVT00000DRLVVYA5,SILLA PLEGABLE PARA CAMPING,,
01tVT00000DRLiPYAX,SILLA PLEGABLE PARA CAMPING,,
01tVT00000DRLs5YAH,SILLA PLEGABLE PARA CAMPING,,
01tVT00000DRML7YAP,LÁMPARA DE CAMPING TELESCÓPICA,,
01tVT00000DROWbYAP,LUZ LED RECARGABLE PARA CAMPING,,
01tVT00000DROunYAH,LUZ LED RECARGABLE PARA CAMPING,,
01tVT00000DRPCXYA5,LUZ LED RECARGABLE PARA CAMPING,,
01tVT00000DRQ6zYAH,LUZ RECARGABLE PARA CAMPING,,
01tVT00000DRQQLYA5,LUZ RECARGABLE PARA CAMPING,,
01tVT00000DRQlJYAX,LUZ RECARGABLE PARA CAMPING,,
01tVT00000DRR9VYAX,LUZ RECARGABLE PARA CAMPING,,
01tVT00000DRRpSYAX,LUZ RECARGABLE PARA CAMPING,,
01tVT00000DRSDdYAP,LUZ RECARGABLE PARA CAMPING,,
01tVT00000DRSIVYA5,LUZ RECARGABLE PARA CAMPING,,
01tVT00000DRT3FYAX,LÁMPARA DE CAMPING TELESCÓPICA,,
01tVT00000DRUaPYAX,LUZ RECARGABLE PARA CAMPING,,
01tVT00000DRVTGYA5,SALA DE PATIO ACERO 4 PIEZAS CON COJINES,,
01tVT00000DRVg9YAH,LUZ DE CAMPING Y ALTAVOZ BLUETOOTH 2 EN 1,,
01tVT00000DRW9BYAX,LUZ DE CAMPING Y ALTAVOZ BLUETOOTH 2 EN 1,,
01tVT00000DRWNhYAP,LUZ DE CAMPING Y ALTAVOZ BLUETOOTH 2 EN 1,,
01tVT00000DRWkHYAX,LÁMPARA DE CAMPING TELESCÓPICA,,
01tVT00000DRX5FYAX,LÁMPARA DE CAMPING TELESCÓPICA,,
01tVT00000DRXbVYAX,LÁMPARA DE CAMPING TELESCÓPICA,,
01tVT00000DRnjWYAT,SET COMEDOR + 6 SILLAS,,
01tVT00000DS7DZYA1,SET DE NEVERA CON RUEDAS 3PCS (36L + 5L+ 5.68L),,
01tVT00000DS7dNYAT,"JUEGO DE 3 HIELERAS RÍGIDAS (34 L + 5 L + 1,4 L)",,
01tVT00000DUCAjYAP,LUZ RECARGABLE PARA CAMPING,,
01tVT00000DUV26YAH,SET COMEDOR + 6 SILLAS,,
01tVT00000DV5f3YAD,50L NEVERA DE EPS PLÁSTICO,,
01tVT00000DV5n7YAD,50L NEVERA DE PU PLÁSTICO,,
01tVT00000DV6WHYA1,"VENTILADOR DE ESCRITORIO DE 4"" CON CONEXIÓN USB",,
01tVT00000DV7FRYA1,50L NEVERA DE MIX PLÁSTICO,,
01tVT00000DVqCXYA1,COMPARTIMENTO DE PEDALES DE 50L,,
01tVT00000DVqVtYAL,CAJA DE PEDALES DE 5L,,
01tVT00000DVqinYAD,COMPARTIMENTO DE PEDALES DE 12L,,
01tVT00000DVqvhYAD,COMPARTIMENTO DE PEDALES DE 20L,,
01tVT00000DVrADYA1,COMPARTIMENTO DE PEDALES DE 50L,,
01tVT00000DVrF3YAL,CAJA DE PEDALES DE 30L,,
01tVT00000DVrgTYAT,COMPARTIMENTO DE SENSORES DE 9L,,
01tVT00000DVrtNYAT,COMPARTIMENTO DE SENSORES DE 15L,,
01tVT00000DVsB8YAL,PEDAL DE RECICLAJE 60L DUSTIN,,
01tVT00000DVsMPYA1,COMPARTIMENTO DE SENSORES DE 9L,,
01tVT00000DVsnqYAD,CAJA DE PEDALES DE 5L,,
01tVT00000DVsxVYAT,COMPARTIMENTO DE SENSORES DE 35L,,
01tVT00000DVt8nYAD,CAJA DE PEDALES DE 5L,,
01tVT00000DVtFFYA1,COMPARTIMENTO DE PEDALES DE 12L,,
01tVT00000DVweXYAT,COMPARTIMENTO DE PEDALES DE 12L,,
01tVT00000DVwppYAD,COMPOSTERA DE 7L,,
01tVT00000DVwwHYAT,COMPOSTERA DE 9L,,
01tVT00000DVyjZYAT,CAJA DE ALMACENAMIENTO PLEGABLE DE TELA,,
01tVT00000DVywUYAT,CAJA DE ALMACENAMIENTO PLEGABLE DE TELA,,
01tVT00000DVz7lYAD,CAJA DE ALMACENAMIENTO PLEGABLE DE TELA,,
01tVT00000DVzFpYAL,CAJA DE ALMACENAMIENTO PLEGABLE DE TELA,,
01tVT00000DVzXZYA1,CUBO DE ALMACENAMIENTO DE TELA,,
01tVT00000DVznhYAD,CAJA DE ALMACENAMIENTO DE TELA CON TAPA,,
01tVT00000DW073YAD,CAJA DE ALMACENAMIENTO DE TELA CON TAPA/ASA METÁLICA,,
01tVT00000DW0F7YAL,CAJA DE ALMACENAMIENTO DE TELA CON TAPA/ASA METÁLICA,,
01tVT00000DW0YTYA1,CAJA DE CALZONCILLOS DE TELA 17 REJILLAS,,
01tVT00000DW0jlYAD,CAJA DE ROPA INTERIOR DE TELA 13 REJILLA,,
01tVT00000DW0rpYAD,CAJA DE ALMACENAMIENTO DE RED FABRIC 7,,
01tVT00000DW0ztYAD,CUBO DE ALMACENAMIENTO DE TELA,,
01tVT00000DW19ZYAT,BOLSA DE ALMACENAMIENTO PLEGABLE DE TELA,,
01tVT00000DW1HdYAL,BOLSA DE ALMACENAMIENTO PLEGABLE DE TELA,,
01tVT00000DW2FJYA1,CESTA DE LA ROPA SUCIA CON TAPA,,
01tVT00000DW2aHYAT,CESTA DE LA ROPA SUCIA CON TAPA,,
01tVT00000DW2f7YAD,CESTA DE LA COLADA,,
01tVT00000DW2s1YAD,CESTA DE LA COLADA,,
01tVT00000DW305YAD,CESTA DE LA COLADA,,
01tVT00000DW3BNYA1,CESTA DE LA COLADA,,
01tVT00000DWoBtYAL,CARRO DE ALMACENAMIENTO DE COCINA,,
01tVT00000DWoJzYAL,CARRO DE ALMACENAMIENTO DE COCINA,,
01tVT00000DWp9aYAD,ESTANTE PARA ALMACENAMIENTO DE OLLAS Y SARTENES,,
01tVT00000DWpO5YAL,ESTANTE PARA ALMACENAR ESPECIAS,,
01tVT00000DWpazYAD,ESTANTE PARA ALMACENAR ESPECIAS,,
01tVT00000DWpfpYAD,ESTANTE PARA ALMACENAR ESPECIAS,,
01tVT00000DWpmHYAT,CARRO DE ALMACENAMIENTO DE COCINA,,
01tVT00000DWqf7YAD,PERCHERO CON GANCHOS,,
01tVT00000DWqnCYAT,TOALLERO DE BAÑO,,
01tVT00000DWqonYAD,PERCHERO,,
01tVT00000DWqyTYAT,PERCHERO CON 2 CAPAS,,
01tVT00000DWr3JYAT,PERCHERO CON 5 CAPAS,,
01tVT00000DWrCzYAL,PERCHERO DE BAÑO,,
01tVT00000DWrL3YAL,PERCHERO DE BAÑO,,
01tVT00000DWrPtYAL,ZAPATERO DE PARED DEL BAÑO,,
01tVT00000DWrWLYA1,ARMARIO DE ROPA PARA PRENDAS,,
01tVT00000DWrhdYAD,ARMARIO DE ROPA PARA PRENDAS,,
01tVT00000DWrsvYAD,ESTANTE DE ALMACENAMIENTO DE COCINA,,
01tVT00000DWs4DYAT,ESTANTE DE ALMACENAMIENTO DE COCINA,,
01tVT00000DWsDuYAL,PERCHERO DE BAÑO,,
01tVT00000DWsdhYAD,ESTANTE PARA ALMACENAMIENTO DE OLLAS Y SARTENES,,
01tVT00000DWsgvYAD,ESTANTE DE ALMACENAMIENTO DE COCINA,,
01tVT00000DWsvRYAT,PERCHERO DE BAÑO,,
01tVT00000DWt57YAD,PERCHERO DE BAÑO,,
01tVT00000DWt59YAD,ESTANTERÍAS DE ALMACENAMIENTO,,
01tVT00000DWt8LYAT,PERCHERO DE PAÑUELOS DE BAÑO,,
01tVT00000DWtEnYAL,PORTAPANTALONES,,
01tVT00000DWtOTYA1,CARRO DE ALMACENAMIENTO DE LA LAVANDERÍA,,
01tVT00000DWtWXYA1,CARRO DE ALMACENAMIENTO DE LA LAVANDERÍA,,
01tVT00000DWtebYAD,CARRO DE ALMACENAMIENTO DE LA LAVANDERÍA,,
01tVT00000DWu2nYAD,PERCHERO PARA BOTELLAS DE AGUA,,
01tVT00000DWu7dYAD,CARRO DE PAPELERÍA,,
01tVT00000DWuCTYA1,CARRO DE PAPELERÍA,,
01tVT00000DWuPNYA1,ESTANTE DE PAPELERÍA,,
01tVT00000DWuZ3YAL,ESTANTE DE PAPELERÍA,,
01tVT00000DWufVYAT,ESTANTERÍAS DE ALMACENAMIENTO,,
01tVT00000DWvOfYAL,ESTANTERÍAS DE ALMACENAMIENTO,,
01tVT00000DWvy9YAD,ESTANTERÍAS DE ALMACENAMIENTO,,
01tVT00000DWwMLYA1,ARMARIO DE ZAPATOS 1 CAPA,,
01tVT00000DXVjuYAH,ESCURRIDOR DE PLATOS,,
01tVT00000DXWhaYAH,ESCURRIDOR DE PLATOS,,
01tVT00000DXX0vYAH,ARMARIO DE ZAPATOS DE 2 CAPAS,,
01tVT00000DXXH4YAP,ESTENDADOR,,
01tVT00000DXXLtYAP,ARMARIO PLEGABLE DE PLÁSTICO,,
01tVT00000DXXYnYAP,ESTANTERÍA PLEGABLE,,
01tVT00000DXXiUYAX,ESTANTE EXTRAÍBLE BAJO EL FREGADERO,,
01tVT00000DXXovYAH,RACK DE ALMACENAMIENTO DE 5 CAPAS,,
01tVT00000DXY8HYAX,ORGANIZADOR DE SPICE,,
01tVT00000DXYD7YAP,CARRO DE ALMACENAMIENTO DE COCINA,,
01tVT00000DXYJZYA5,CARRO DE ALMACENAMIENTO DE COCINA,,
01tVT00000DXYQ1YAP,ESCURRIDOR DE PLATOS,,
01tVT00000DXYTGYA5,METAL DE HANGAR,,
01tVT00000DXYTHYA5,METAL DE HANGAR,,
01tVT00000DXYZhYAP,JUEGO DE TERCIOPELO DE PERCHA DE 20 PIEZAS,,
01tVT00000DXYg9YAH,ESTENDADOR,,
01tVT00000DXYppYAH,ESTENDADOR,,
01tVT00000DXYufYAH,ESCURRIDERO MONTADO EN LA PARED,,
01tVT00000DXYxuYAH,ESTANTE EXTRAÍBLE BAJO EL FREGADERO,,
01tVT00000DXYzVYAX,ESCURRIDERO MONTADO EN LA PARED,,
01tVT00000DXZ4LYAX,METAL DE HANGAR,,
01tVT00000DXZAnYAP,JUEGO DE METAL PARA PERCHA: 10 PIEZAS,,
01tVT00000DXZSXYA5,JUEGO DE MADERA CON PERCHA: 10 PIEZAS,,
01tVT00000DXZXNYA5,JUEGO DE PLÁSTICO PARA PERCHA DE 10 PIEZAS,,
01tVT00000DXZcDYAX,JUEGO DE PLÁSTICO PARA PERCHA DE 10 PIEZAS,,
01tVT00000DXZh3YAH,METAL DE HANGAR,,
01tVT00000DXZp7YAH,ESCURRIDOR DE PLATOS,,
01tVT00000DXZtxYAH,ESCURRIDOR DE PLATOS,,
01tVT00000DXa0PYAT,DRENADOR DE PLATOS DEL FREGADERO SUPERIOR,,
01tVT00000DXa8TYAT,ESTANTE EXTRAÍBLE BAJO EL FREGADERO,,
01tVT00000DXaDJYA1,RACK BAJO EL FREGADERO,,
01tVT00000DXaGXYA1,ESTENDADOR,,
01tVT00000DXaI9YAL,ESTENDADOR,,
01tVT00000DXaObYAL,ESTANTE DE ALMACENAMIENTO,,
01tVT00000DXabVYAT,ESTANTE DE ALMACENAMIENTO,,
01tVT00000DXb1JYAT,CAJA DE FREGADERO,,
01tVT00000DXb7lYAD,ORGANIZADOR DE UTENSILIOS DE MADERA EXTENSIBLE,,
01tVT00000DXbFpYAL,ORGANIZADOR DE UTENSILIOS DE MADERA EXTENSIBLE,,
01tVT00000DXbJ3YAL,ORGANIZADOR DE UTENSILIOS DE MADERA EXTENSIBLE,,
01tVT00000DXbNtYAL,PORTAUTENSILIOS DE MADERA,,
01tVT00000DXbR7YAL,PORTAPLATOS DE MADERA,,
01tVT00000DXbULYA1,ORGANIZADOR DE ESPECIAS DE MADERA,,
01tVT00000DXbZBYA1,ORGANIZADOR DE ESPECIAS DE MADERA,,
01tVT00000DXbe1YAD,ORGANIZADOR DE ESPECIAS DE MADERA,,
01tVT00000DXbm5YAD,ESTANTE DE ESQUINA DE MADERA DE 3 NIVELES,,
01tVT00000DXbqvYAD,ORGANIZADOR DE ESCRITORIO DE MADERA,,
01tVT00000DXbu9YAD,"""ORGANIZADOR DE ARCHIVOS APILABLES DE MADERA """,,
01tVT00000DXbyzYAD,"""ESCRITORIO DE MADERA DE 4 NIVELES ORGANIZADOR""",,
01tVT00000DXc2DYAT,ESTANTE ORGANIZADOR DE PAPELERÍA DE MADERA,,
01tVT00000DXc73YAD,"""MADERA SOBRE EL VÁTER ALMACENAMIENTO""",,
01tVT00000DXcBtYAL,ESTACIÓN DE LAVANDERÍA DE MADERA,,
01tVT00000DXcYTYA1,RACK DE DISCOS AJUSTABLE PARA ALAMBRE DE COCINA,,
01tVT00000DXcgYYAT,REJILLA DE MICROONDAS DE ALAMBRE DE COCINA,,
01tVT00000DXclNYAT,REJILLA DE MICROONDAS DE ALAMBRE DE COCINA,,
01tVT00000DXcyHYAT,ESTANTE DE ALMACENAMIENTO DE ALAMBRES DE COCINA 5 NIVELES,,
01tVT00000DXd37YAD,RACK DE ALMACENAMIENTO EN ESQUINA DE ALAMBRE DE COCINA 4 NIVELES,,
01tVT00000DXdJFYA1,ESTANTE DE ALMACENAMIENTO DE ALAMBRE DE COCINA 4 NIVELES,,
01tVT00000DXdSvYAL,REJILLA DE MICROONDAS DE ALAMBRE DE COCINA,,
01tVT00000DXdfpYAD,CARRO DE ALMACENAMIENTO DE ALAMBRE DE COCINA,,
01tVT00000DXdmHYAT,REJILLA DE MICROONDAS DE ALAMBRE DE COCINA,,
01tVT00000DXduLYAT,ESTANTE DE ALMACENAMIENTO DE ALAMBRES DE COCINA 5 NIVELES,,
01tVT00000DXe2PYAT,RACK DE ALMACENAMIENTO DE ALAMBRE 3 NIVELES,,
01tVT00000DXe7FYAT,ESTANTE DE ALMACENAMIENTO DE ALAMBRE,,
01tVT00000DXeC5YAL,RACK DE ALMACENAMIENTO DE ALAMBRE 3 NIVELES,,
01tVT00000DXeLlYAL,RACK DE ALMACENAMIENTO DE ALAMBRE 5 NIVELES,,
01tVT00000DXeQbYAL,RACK DE ALMACENAMIENTO DE ALAMBRE 6 NIVELES,,
01tVT00000DXf3JYAT,ESTANTE DE ALMACENAMIENTO DE ALAMBRE EN ESQUINA 5 NIVELES,,
01tVT00000DXf89YAD,PERCHERO PARA BOTELLAS DE AGUA,,
01tVT00000DXfCzYAL,PERCHERO PARA BOTELLAS DE AGUA,,
01tVT00000DXfPtYAL,PERCHERO PARA ROPA,,
01tVT00000DXfZZYA1,PERCHERO PARA ROPA,,
01tVT00000DXfhdYAD,PERCHERO PARA ROPA,,
01tVT00000DXfmTYAT,PERCHERO PARA ROPA,,
01tVT00000DXfrJYAT,PERCHERO PARA ROPA,,
01tVT00000DXgPBYA1,ORGANIZADOR ZAPATOS 4 NIVELES,,
01tVT00000DXgYrYAL,ESTANTERÍA DE ALMACENAMIENTO DE ALAMBRE 6 NIVELES,,
01tVT00000DXgfJYAT,ZAPATERO 5 CAPAS,,
01tVT00000DXgvRYAT,ZAPATERO,,
01tVT00000DY30oYAD,PERCHERO PARA ROPA,,
01tVT00000DY3SDYA1,ARMARIO PARA ALMACENAMIENTO DE ZAPATOS,,
01tVT00000DY3aHYAT,PERCHERO PARA ROPA,,
01tVT00000DY3f7YAD,ESTENDADOR,,
01tVT00000DY3lZYAT,PERCHERO PARA ROPA,,
01tVT00000DY43JYAT,ESTENDADOR,,
01tVT00000DY489YAD,ESCURRIDERO INDEPENDIENTE,,
01tVT00000DY4CzYAL,PERCHERO PARA ROPA,,
01tVT00000DY4L3YAL,PERCHERO PARA ROPA,,
01tVT00000DY4PtYAL,PERCHERO PARA ROPA,,
01tVT00000DY60HYAT,PERCHERO DE BAÑO,,
01tVT00000DY657YAD,CAJÓN PLÁSTICO 4 CAPAS,,
01tVT00000DY69xYAD,CAJÓN DE PLÁSTICO 5 CAPAS,,
01tVT00000DY6EnYAL,CAJÓN DE PLÁSTICO 5 CAPAS,,
01tVT00000DY6JdYAL,GABINETE DE PLÁSTICO 3 CAPAS,,
01tVT00000DY6UvYAL,ARMARIO DE PLÁSTICO 4 CAPAS,,
01tVT00000DY6czYAD,SOBRE EL GANCHO DE LA PUERTA,,
01tVT00000DY6gEYAT,PERCHERO DE PAÑUELOS DE BAÑO,,
01tVT00000DY6jRYAT,"""ABRIGO DE MONTAJE EN LA PARED HOOK""",,
01tVT00000DY6rWYAT,ARMARIO DE PLÁSTICO,,
01tVT00000DY71BYAT,CESTA DE LA PUERTA,,
01tVT00000DY77dYAD,ABRIGO DE MONTAJE EN LA PARED HOOK,,
01tVT00000DY7CTYA1,TOALLERO,,
01tVT00000DY7HJYA1,SOPORTE PARA PAPEL DE COCINA,,
01tVT00000DY7M9YAL,SOPORTE PARA PAPEL DE COCINA,,
01tVT00000DY7PNYA1,SOPORTE PARA CEPILLOS DE INODORO,,
01tVT00000DY7Z4YAL,RACK METÁLICO AJUSTABLE PERFORADO EN 5 NIVELES,,
01tVT00000DY7ijYAD,TOALLERO,,
01tVT00000DY7nZYAT,CAJÓN DE DUCHA,,
01tVT00000DY7sPYAT,CAJÓN DE DUCHA,,
01tVT00000DY7xFYAT,TOALLERO,,
01tVT00000DY83hYAD,TOALLERO,,
01tVT00000DY86wYAD,ARMARIO DE PLÁSTICO,,
01tVT00000DY88XYAT,TOALLERO,,
01tVT00000DY8GbYAL,CARRO DE ALMACENAMIENTO,,
01tVT00000DY8N3YAL,CARRO DE ALMACENAMIENTO,,
01tVT00000DY8TVYA1,ARMARIO DE ALMACENAMIENTO DE TELAS,,
01tVT00000DY8ZxYAL,ARMARIO DE ALMACENAMIENTO DE TELAS,,
01tVT00000DY8enYAD,ARMARIO DE ALMACENAMIENTO DE TELAS,,
01tVT00000DY8lFYAT,ARMARIO DE ALMACENAMIENTO DE TELAS,,
01tVT00000DY8mrYAD,ARMARIO DE ALMACENAMIENTO DE TELAS,,
01tVT00000DY8rhYAD,ARMARIO DE ALMACENAMIENTO DE TELAS,,
01tVT00000DY8wXYAT,ARMARIO DE ALMACENAMIENTO DE TELAS,,
01tVT00000DY94bYAD,ARMARIO DE ALMACENAMIENTO DE TELAS,,
01tVT00000DY99RYAT,ARMARIO DE ALMACENAMIENTO DE TELAS,,
01tVT00000DY9EHYA1,ARMARIO DE PLÁSTICO,,
01tVT00000DY9XdYAL,ARMARIO DE PLÁSTICO,,
01tVT00000DY9arYAD,RACK METÁLICO AJUSTABLE PERFORADO EN 4 NIVELES,,
01tVT00000DY9hJYAT,ESTANTE DE ALAMBRE 4 NIVELES,,
01tVT00000DY9sbYAD,ESTANTE METÁLICO PERFORADO EN 5 NIVELES,,
01tVT00000DY9z3YAD,ESTANTERÍA DE ALMACENAMIENTO DE 5 NIVELES,,
01tVT00000DYAblYAH,CAJA DE FREGADERO,,
01tVT00000DYAezYAH,CAJA DE FREGADERO,,
01tVT00000DYAlRYAX,CAJA DE FREGADERO,,
01tVT00000DYAtVYAX,ESTANTERÍA PARA EL BAÑO,,
01tVT00000DYAzxYAH,ESTANTERÍA PARA EL BAÑO,,
01tVT00000DYB4nYAH,ESTANTERÍA DE ALMACENAMIENTO EN LA ESQUINA DEL BAÑO,,
01tVT00000DYB9dYAH,ESTANTERÍAS DE ALMACENAMIENTO EN ESQUINA DEL BAÑO 3 CAPAS,,
01tVT00000DYBHhYAP,ESTANTERÍAS DE ALMACENAMIENTO EN ESQUINA DEL BAÑO 3 CAPAS,,
01tVT00000DbxrFYAR,SOFÁ DESARMABLE DE 2 PLAZAS,,
01tVT00000Dc4j3YAB,SOFÁ DE UNA PLAZA,,
01tVT00000Dc52PYAR,SILLA MECEDORA KD,,
01tVT00000Dc5LlYAJ,SILLON TELA,,
01tVT00000Dc5VRYAZ,SILLA MECEDORA,,
01tVT00000Dc5gjYAB,SILLA DESMONTABLE,,
01tVT00000Dc5nBYAR,SILLON TELA,,
01tVT00000Dc6CzYAJ,SILLON TELA,,
01tVT00000Dcl9hYAB,SILLA PLASTICO TIPO TIFFANY,,
01tVT00000DdaiTYAR,MESA DE CENTRO,,
01tVT00000Ddb3RYAR,MESA LATERAL,,
01tVT00000Dde2vYAB,SOFÁ MODULAR,,
01tVT00000DdeNtYAJ,SOFÁ MODULAR,,
01tVT00000Ddee1YAB,SOFÁ CAMA,,
01tVT00000DdepJYAR,SOFÁ CAMA,,
01tVT00000DdeyzYAB,SOFÁ CAMA,,
01tVT00000DdhbtYAB,BANCO BAR,,
01tVT00000DdjKNYAZ,ESCRITORIO PARA COMPUTADORA,,
01tVT00000DdmlFYAR,CUNA PORTÁTIL PARA BEBÉ PARA LA PLAYA,,
01tVT00000DdnPZYAZ,SILLA DOBLE CON NEVERA Y PARASOL,,
01tVT00000Ddne5YAB,SILLA DE PLAYA RECLINABLE CON REPOSAPIÉS Y ORIFICIO FACIAL,,
01tVT00000DdortYAB,SILLA DE PICNIC PLEGABLE CON PORTAVASOS Y NEVERA,,
01tVT00000DdozyYAB,SILLA DE PICNIC PLEGABLE,,
01tVT00000DdpeHYAR,CARRO DE CAMPING PLEGABLE 3 EN 1,,
01tVT00000DdqC9YAJ,PARRILLAS PORTÁTILES DE CARBÓN,,
01tVT00000DdqQfYAJ,PARRILLAS PORTÁTILES DE CARBÓN,,
01tVT00000DdqvJYAR,BARBACOA DE GAS DE 4 QUEMADORES CON COMEDINAS LATERALES,,
01tVT00000Ddr9pYAB,FUEGO de 34'',,
01tVT00000DdrMjYAJ,FUEGO de 20'',,
01tVT00000DfloIYAR,BANCO BAR,,
01tVT00000Dfn3jYAB,BANCO BAR,,
01tVT00000DfnYNYAZ,MUEBLE DE TV MADERA,,
01tVT00000DfokYYAR,MESA ESCRITORIO,,
01tVT00000Dfoz3YAB,BANCO BAR,,
01tVT00000Dfp3tYAB,BANCO BAR,,
01tVT00000Dfp77YAB,BANCO BAR,,
01tVT00000DfpFBYAZ,BANCO BAR,,
01tVT00000DfpGnYAJ,BANCO BAR,,
01tVT00000DfpK2YAJ,MESA LATERAL,,
01tVT00000DfpLdYAJ,BANCO BAR,,
01tVT00000DfpQTYAZ,BANCO BAR,,
01tVT00000DfpThYAJ,BANCO BAR,,
01tVT00000DfpWvYAJ,BANCO BAR,,
01tVT00000DfpblYAB,BANCO BAR,,
01tVT00000DfpgbYAB,BANCO BAR,,
01tVT00000DfpiDYAR,BANCO BAR,,
01tVT00000DfpqHYAR,BANCO BAR,,
01tVT00000Dfpv8YAB,MUEBLE DE SALA,,
01tVT00000DfpzxYAB,BANCO BAR,,
01tVT00000Dfq4nYAB,BANCO BAR,,
01tVT00000DfqHhYAJ,MESA ESCRITORIO,,
01tVT00000DfqPlYAJ,MESA ESCRITORIO,,
01tVT00000DfqUbYAJ,ESTANTE,,
01tVT00000DfqkjYAB,MESA LATERAL,,
01tVT00000DfqmLYAR,MESA DE CENTRO,,
01tVT00000Dfqw1YAB,MESA ESCRITORIO,,
01tVT00000Dfr0rYAB,ESTANTERIA,,
01tVT00000Dfr5hYAB,MUEBLE DE SALA,,
01tVT00000DfrDlYAJ,MUEBLE DE TV MADERA,,
01tVT00000DfrKDYAZ,MESA ESCRITORIO + SILLA,,
01tVT00000DfrP3YAJ,MESA ESCRITORIO + SILLA,,
01tVT00000DfrbxYAB,MESA ESCRITORIO + ESTANTE,,
01tVT00000DfrldYAB,MESA DE CENTRO,,
01tVT00000DfrorYAB,MESA DE CENTRO,,
01tVT00000DfrqTYAR,MESA DE CENTRO,,
01tVT00000DfsPyYAJ,SILLA DE PLÁSTICO,,
01tVT00000DfsY3YAJ,SILLA PLEGABLE DE COMEDOR,,
01tVT00000DftXKYAZ,MESA DE CENTRO,,
01tVT00000Dfuy1YAB,MESA DE CENTRO,,
01tVT00000Dfv65YAB,ESCRITORIO PARA COMPUTADORA,,
01tVT00000DfvE9YAJ,MESA ESCRITORIO PLEGABLE,,
01tVT00000DfvPRYAZ,MESA ESCRITORIO,,
01tVT00000DfvUHYAZ,SILLA PLEGABLE DE COMEDOR,,
01tVT00000DfvajYAB,SILLA PLEGABLE DE COMEDOR,,
01tVT00000DfvkPYAR,SILLA PLEGABLE DE COMEDOR,,
01tVT00000DfvsTYAR,SILLA PLEGABLE DE COMEDOR,,
01tVT00000Dfw29YAB,SILLA DE PLÁSTICO,,
01tVT00000Dfw6zYAB,SILLA DE PLÁSTICO,,
01tVT00000DfwLVYAZ,SILLA DE PLÁSTICO,,
01tVT00000DfwN7YAJ,BARBACOA DE GAS DE 5 QUEMADORES CON QUEMADORES LATERALES,,
01tVT00000DfwVBYAZ,SILLA DE PLÁSTICO,,
01tVT00000DfwgTYAR,CARRITO ISLA COCINA,,
01tVT00000DfwmvYAB,CARRITO ISLA COCINA,,
01tVT00000DfwuzYAB,CARRITO ISLA COCINA,,
01tVT00000DfwwbYAB,BARBACOA DE GAS DE 6 QUEMADORES CON QUEMADORES LATERALES,,
01tVT00000Dfx1RYAR,CARRITO ISLA COCINA,,
01tVT00000DfzRSYAZ,MUEBLE DE TV MADERA,,
01tVT00000Dg153YAB,PARRILLAS DE CARBÓN KAMADO DE 18'',,
01tVT00000Dg1cvYAB,PARRILLAS DE CARBÓN KAMADO DE 21'',,
01tVT00000Dg1t3YAB,PARRILLAS DE CARBÓN KAMADO DE 21'',,
01tVT00000Dg22jYAB,PARRILLAS DE CARBÓN KAMADO DE 18'',,
01tVT00000Dg2PJYAZ,PARRILLAS DE CARBÓN KAMADO DE 18'',,
01tVT00000Dg2SXYAZ,PARRILLAS DE CARBÓN KAMADO DE 18'',,
01tVT00000Dg2XNYAZ,PARRILLAS DE CARBÓN KAMADO DE 16'',,
01tVT00000Dg3DJYAZ,PARRILLAS DE CARBÓN KAMADO DE 16'',,
01tVT00000Dg3YIYAZ,PLANCHA DE GAS DE 4 QUEMADORES,,
01tVT00000Dg3bVYAR,BARBACOA DE GAS DE 3 QUEMADORES CON COMEDIENTES LATERALES,,
01tVT00000Dg3q1YAB,SILLA DE PLÁSTICO,,
01tVT00000Dg3wTYAR,PARRILLAS PORTÁTILES DE CARBÓN,,
01tVT00000Dg41JYAR,BARBACOA DE GAS DE 4 QUEMADORES CON COMEDINAS LATERALES,,
01tVT00000Dg469YAB,BARBACOA DE GAS DE 3 QUEMADORES,,
01tVT00000Dg4EDYAZ,BARBACOA DE GAS DE 4 QUEMADORES,,
01tVT00000Dg4SjYAJ,SILLA DE PLÁSTICO,,
01tVT00000Dg4e1YAB,SILLA DE PLÁSTICO,,
01tVT00000Dg4hFYAR,SILLA DE PLÁSTICO,,
01tVT00000Dg4m5YAB,SILLA DE PLÁSTICO,,
01tVT00000Dg4qvYAB,SILLA DE PLÁSTICO,,
01tVT00000Dg4xNYAR,SILLA DE PLÁSTICO,,
01tVT00000Dg58fYAB,ESTANTE,,
01tVT00000Dg5AHYAZ,PLANCHA DE GAS PLEGABLE DE 2 QUEMADORES,,
01tVT00000Dg5F7YAJ,ESCRITORIO PARA COMPUTADORA,,
01tVT00000Dg5YTYAZ,ESTANTE,,
01tVT00000Dg5a5YAB,PLANCHA DE GAS DE 3 QUEMADORES,,
01tVT00000Dg5evYAB,ESTANTE,,
01tVT00000DgdWwYAJ,PARRILLA DE CARBÓN GIRATORIA A 360°,,
01tVT00000DggeTYAR,PLANCHA DE GAS DE MESA DE 2 QUEMADORES,,
01tVT00000DggjJYAR,PARRILLA PLEGABLE DE CARBÓN,,
01tVT00000DggpmYAB,PARRILLAS DE CARBÓN VEGETAL PARA TRANVÍAS,,
01tVT00000DggszYAB,CARRITO DE BARBACOA,,
01tVT00000DggxpYAB,HOGUERA DE 33'' CON REJILLA DE COCINA,,
01tVT00000DghlpYAB,HOGUERA DE 40'' CON REJILLA DE COCINA,,
01tVT00000DghsHYAR,"HOGUERA DE 21,5'' CON REJILLA DE COCINA",,
01tVT00000Dgi6nYAB,"HOGUERA LOWSMORK DE 18,5'' CON ESTUFA DE FUEGO DE ATIZADOR",,
01tVT00000DgiGTYAZ,FOGATA PORTÁTIL DE 33''CON REJILLA DE COCINA Y MESITA AUXILIAR,,
01tVT00000DgiunYAB,SET DE BARBACOA DE 3 PIEZAS,,
01tVT00000DgizdYAB,SET DE BARBACOA DE 7 PIEZAS,,
01tVT00000Dgj7hYAB,SET DE BARBACOA DE 19 PIEZAS,,
01tVT00000DgjVtYAJ,MESA AUXILIAR,,
01tVT00000DgjZ7YAJ,ZAPATERO,,
01tVT00000DgjcLYAR,BARBACOA DE GAS DE MESA DE 2 QUEMADORES,,
01tVT00000DgjdxYAB,ZAPATERO,,
01tVT00000DgjhBYAR,BARBACOA DE MESA DE 3 QUEMADORES DE GAS,,
01tVT00000DgjxJYAR,BARBACOA DE GAS DE 4 QUEMADORES CON MESAS AUXILIARES PLEGABLES,,
01tVT00000DgkLWYAZ,26003BARBACOA ELÉCTRICA PLEGABLE,,
01tVT00000DgkWpYAJ,PLANCHA ELÉCTRICA,,
01tVT00000DglMQYAZ,PARRILLA DE TETERA DE 22 PULGADAS,,
01tVT00000DglflYAB,ESTANTE DE ALMACENAMIENTO DE COCINA,,
01tVT00000Dglr3YAB,BARBACOA DE GAS DE 3 QUEMADORES CON MESAS AUXILIARES PLEGABLES,,
01tVT00000DglvtYAB,BARBACOA DE GAS DE 4 QUEMADORES CON COMEDINAS LATERALES,,
01tVT00000Dgm3xYAB,BARBACOA DE GAS DE 4 QUEMADORES CON COMEDINAS LATERALES,,
01tVT00000Dgm8nYAB,BARBACOA DE GAS MULTIFUNCIONAL (3 EN 1),,
01tVT00000DgmC1YAJ,BARBACOA DE GAS DE 2 QUEMADORES + PARRILLA DE CARBÓN CON COMEDIANTE LATERAL,,
01tVT00000DgmGrYAJ,PARRILLAS DE GAS+ REJILLAS,,
01tVT00000DgmNJYAZ,BARBACOA ELÉCTRICA PORTÁTIL DE 2 QUEMADORES,,
01tVT00000DgmWzYAJ,BARBACOA ELÉCTRICA PORTÁTIL DE 2 QUEMADORES,,
01tVT00000DgmjtYAB,BARBACOA ELÉCTRICA DE MESA,,
01tVT00000DgmtZYAR,JJ03028ENCENDEDOR DE CHIMENEA DE CARBÓN,,
01tVT00000DgmvBYAR,CUCHARA DE CENIZAS PARA LA PARRILLA,,
01tVT00000DgmyPYAR,SOPLADOR DE VENTILADORES DE BARBACOA,,
01tVT00000Dgn3FYAR,SET DE BARBACOA,,
01tVT00000DgnCvYAJ,SET DE BARBACOA,,
01tVT00000DgnHlYAJ,TERMÓMETRO DIGITAL PARA BARBACOA,,
01tVT00000DgnWHYAZ,TERMÓMETRO DE BARBACOA PLEGABLE,,
01tVT00000DgnXtYAJ,PINZAS DE BARBACOA,,
01tVT00000DgncjYAB,PARRILLAS PORTÁTILES DE CARBÓN,,
01tVT00000DgnknYAB,"""PARRILLA DE CARBÓN GIRATORIA A 360° """,,
01tVT00000DgnpdYAB,"""PARRILLA DE CARBÓN GIRATORIA A 360° """,,
01tVT00000DgnzJYAR,PARRILLA DE TETERA DE 22 PULGADAS,,
01tVT00000Dgo2XYAR,PARRILLA DE TETERA DE 22 PULGADAS,,
01tVT00000Dgo49YAB,PARRILLAS PORTÁTILES DE CARBÓN,,
01tVT00000DgoAbYAJ,CARRITO DE BARBACOA,,
01tVT00000DgoDpYAJ,CARRITO DE BARBACOA,,
01tVT00000DgoH3YAJ,PARRILLA PORTÁTIL DE CARBÓN,,
01tVT00000DgoP7YAJ,PARRILLA PORTÁTIL DE CARBÓN,,
01tVT00000DgoXBYAZ,BARBACOA ELÉCTRICA,,
01tVT00000DgoybYAB,PLANCHA ELÉCTRICA SIN HUMO,,
01tVT00000Dgp3RYAR,SARTÉN ELÉCTRICA PLEGABLE,,
01tVT00000DgpEjYAJ,SARTÉN ELÉCTRICA MULTIFUNCIÓN,,
01tVT00000DgpHxYAJ,BARBACOA ELÉCTRICA,,
01tVT00000DgpOPYAZ,BARBACOA ELÉCTRICA PORTÁTIL,,
01tVT00000DgpUsYAJ,FUNDA PARA PARRILLA,,
01tVT00000DgpbJYAR,PLANCHA ELÉCTRICA,,
01tVT00000DgpoDYAR,PLANCHA ELÉCTRICA,,
01tVT00000Dgpt3YAB,SARTÉN ELÉCTRICA MULTIFUNCIÓN,,
01tVT00000DgpzVYAR,SARTÉN ELÉCTRICA MULTIFUNCIÓN,,
01tVT00000Dgq4LYAR,SARTÉN ELÉCTRICA MULTIFUNCIÓN,,
01tVT00000Dgq5xYAB,JUEGO DE FONDUE ELÉCTRICA MULTIFUNCIÓN CON TENEDORES.,,
01tVT00000DgqM5YAJ,FUNDA PARA PARRILLA,,
01tVT00000DgqQvYAJ,FUNDA PARA PARRILLA,,
01tVT00000DgqU9YAJ,FUNDA PARA PARRILLA,,
01tVT00000DgqdpYAB,PARRILLAS PORTÁTILES,,
01tVT00000DgrWfYAJ,FUNDA PARA PARRILLA,,
01tVT00000Dgrd7YAB,FUNDA PARA PARRILLA,,
01tVT00000DgrlBYAR,FUNDA PARA PARRILLA,,
01tVT00000Dgrq1YAB,FUNDA PARA PARRILLA,,
01tVT00000DgssXYAR,BARBACOA DE GAS DE 3 QUEMADORES CON PARRILLA DE CARBÓN,,
01tVT00000DgtobYAB,MESA DE SERVICIO,,
01tVT00000DguJFYAZ,MESA DE SERVICIO,,
01tVT00000DgumHYAR,FOGONES DE EXTERIOR CON PARRILLA DE COCCIÓN,,
01tVT00000Dgwg1YAB,ASADOR CARBON CON MESA LATERAL Y RUEDAS,,
01tVT00000DgxFVYAZ,SET COMEDOR 3 PIEZAS,,
01tVT00000DhZMPYA3,SILLA PLEGABLE DE COMEDOR,,
01tVT00000DhZUUYA3,SILLA PLASTICO TIPO TIFFANY,,
01tVT00000Dha7BYAR,SILLA PLASTICO TIPO TIFFANY,,
01tVT00000DhaFFYAZ,SILLA PLEGABLE DE COMEDOR,,
01tVT00000DhawnYAB,SET BISTRO ALUMINIO & POLYWOOD 3 PIEZAS,,
01tVT00000Dhe9CYAR,"MESA FOGÓN DE GAS RECTANGULAR DE 45""",,
01tVT00000DhfgLYAR,"FOGÓN DE GAS TIPO COLUMNA DE 15""",,
01tVT00000DhfwTYAR,"FOGÓN DE PIEDRA FUNDIDA DE 35""",,
01tVT00000Dhg9NYAR,"OUTDOOR STEEL FIREPLACE 28"" PORTABLE FIREPLACE",,
01tVT00000DhgKfYAJ,FOGÓN PORTÁTIL DE 28 PULGADAS,,
01tVT00000DhgqvYAB,CARRITO PLEGABLE DE LA COMPRA CON 4 RUEDAS,,
01tVT00000DhgqwYAB,CAJA PLEGABLE,,
01tVT00000DhgqxYAB,CAJA PLEGABLE DE PLÁSTICO,,
01tVT00000DhgqyYAB,CESTA PLEGABLE CON TAPA DE MESA,,
01tVT00000DhgqzYAB,CUBO PLEGABLE DE PLÁSTICO - TAMAÑO PEQUEÑO,,
01tVT00000Dhgr0YAB,CUBO PLEGABLE DE PLÁSTICO - TAMAÑO MEDIO,,
01tVT00000Dhgr1YAB,CESTA PLEGABLE DE PLÁSTICO,,
01tVT00000Dhgr2YAB,CESTA PLEGABLE DE PLÁSTICO,,
01tVT00000Dhgr3YAB,CESTA NATURAL,,
01tVT00000Dhgr4YAB,CESTA NATURAL,,
01tVT00000Dhgr5YAB,CESTA NATURAL,,
01tVT00000Dhgr6YAB,CESTA NATURAL,,
01tVT00000Dhgr7YAB,CESTA NATURAL,,
01tVT00000Dhgr8YAB,CESTA NATURAL,,
01tVT00000Dhgr9YAB,CESTA DE LA ROPA SUCIA CON 2 COMPARTIMENTOS,,
01tVT00000DhgrAYAR,BOLSA DE LA COLADA,,
01tVT00000DhgrBYAR,CESTA DE LA COLADA,,
01tVT00000DhgrCYAR,CESTA DE LA COLADA PLEGABLE,,
01tVT00000DhgrDYAR,CESTA DE SEPARACIÓN DE LA ROPA SUCIA,,
01tVT00000DhgrEYAR,CESTA DE LA COLADA,,
01tVT00000DhgrFYAR,CESTA DE LA COLADA,,
01tVT00000DhgrGYAR,ORGANIZADOR COLGANTE 6-ESTANTE,,
01tVT00000DhgrHYAR,ORGANIZADOR COLGANTE 10-SHELF,,
01tVT00000DhikgYAB,"FOGÓN DE GAS RECTANGULAR DE 42""",,
01tVT00000Dhj2PYAR,"FOGÓN DE GAS REDONDO DE 35""",,
01tVT00000DjIkUYAV,JUEGO DE COMEDOR DE 5 PIEZAS,,
01tVT00000DjJAHYA3,JUEGO DE COMEDOR DE 5 PIEZAS,,
01tVT00000DjJVFYA3,JUEGO DE COMEDOR DE 7 PIEZAS,,
01tVT00000DjJv3YAF,JUEGO DE COMEDOR DE 5 PIEZAS,,
01tVT00000DjOgDYAV,PERCHERO PARA ROPA,,
01tVT00000DjOgEYAV,PERCHERO PARA ROPA,,
01tVT00000DjOgFYAV,PERCHERO PARA ROPA,,
01tVT00000DjOgGYAV,PERCHERO PARA ROPA,,
01tVT00000DjOgHYAV,PERCHERO PARA ROPA,,
01tVT00000DjOgIYAV,PERCHERO PARA ROPA,,
01tVT00000DjSofYAF,SILLA PLASTICO TIPO TIFFANY,,
01tVT00000DjSv7YAF,SILLA PLASTICO TIPO TIFFANY,,
01tVT00000DjSzxYAF,SILLA PLEGABLE DE COMEDOR,,
01tVT00000DjT1ZYAV,SILLA PLEGABLE DE COMEDOR,,
01tVT00000DjVPxYAN,G102125A - CHAIR,,
01tVT00000DjVPyYAN,G102125A - TABLE,,
01tVT00000DjVPzYAN,G102126A - CHAIR,,
01tVT00000DjVQ0YAN,G102126A - TABLE,,
01tVT00000DjVQ1YAN,G102111A - CHAIR,,
01tVT00000DjVQ2YAN,G102111A - TABLE,,
01tVT00000DjVQ3YAN,G102112A - CHAIR,,
01tVT00000DjVQ4YAN,G102112A - TABLE,,
01tVT00000DlYl8YAF,G102078A - Table,,
01tVT00000DlYl9YAF,G102078A - Chair,,
01tVT00000DlYlAYAV,G102078A - Bench,,
01tVT00000DlYlBYAV,G102108A - Table,,
01tVT00000DlYlCYAV,G102108A - Chair,,
01tVT00000DlfhlYAB,MESA PLEGABLE PLASTICO,,
01tVT00000DlfjNYAR,MESA PLEGABLE PLASTICO,,
01tVT00000Dm6reYAB,MESA PLEGABLE PLASTICO,,
01tVT00000DmXevYAF,ORGANIZADOR PARA DEBAJO DEL FREGADERO,,
01tVT00000DnLGkYAN,WOODEN FOLDING CHAIR,,
01tVT00000DnOCzYAN,JUEGO BISTRO DE 3 PIEZAS,,
01tVT00000DnPvRYAV,MESA PLEGABLE DE MADERA,,
01tVT00000DnRUDYA3,TINA INFLABLE PARA BEBÉ,,
01tVT00000DnRUEYA3,ALBERCA INFLABLE PARA NIÑOS CON RESPALDO,,
01tVT00000Do1z8YAB,SILLA MECEDORA RECREATIVA,,
01tVT00000Do1z9YAB,SILLA MECEDORA RECREATIVA,,
01tVT00000Do7hxYAB,TINA INFLABLE PARA BEBÉ CON BASE AFELPADA,,
01tVT00000Do7hyYAB,TINA INFANTIL AUTOINFLABLE DE INFLADO RÁPIDO,,
01tVT00000Do7hzYAB,CAMA DE VIAJE INFLABLE PARA NIÑOS PARA EL ASIENTO TRASERO DEL AUTO,,
01tVT00000Do7i0YAB,CAMA DE VIAJE INFLABLE COMPACTA PARA NIÑOS,,
01tVT00000Do7i1YAB,CAMA INFLABLE DE SEGURIDAD PARA NIÑOS CON COLCHÓN AFELPADO,,
01tVT00000Do7i2YAB,CAMA INFLABLE PARA NIÑOS CON COLCHÓN AFELPADO DESMONTABLE,,
01tVT00000Do7i3YAB,CAMA INFLABLE INFANTIL TIPO AUTO PARA JUGAR Y DESCANSAR,,
01tVT00000Do7i4YAB,CAMA TIENDA INFLABLE INFANTIL CON FORMA DE AUTO Y LUCES,,
01tVT00000Do7i5YAB,CAMA TIENDA INFLABLE INFANTIL CON FORMA DE AUTO Y LUCES,,
01tVT00000Do7i6YAB,TINA INFLABLE TRANSPARENTE REDONDA PARA ADULTOS COLOR GRIS HUMO,,
01tVT00000Do7i7YAB,TINA INFLABLE TRANSPARENTE OVALADA PARA ADULTOS COLOR VERDE AGUA,,
01tVT00000Do7i8YAB,TINA INFLABLE TRANSPARENTE HEXAGONAL PARA ADULTOS COLOR ÁMBAR,,
01tVT00000Do7i9YAB,TINA TRANSPARENTE RECTANGULAR COMPACTA PARA ADULTOS COLOR ROSA,,
01tVT00000Do7iAYAR,TINA TRANSPARENTE CUADRADA CONFORT PARA ADULTOS COLOR AZUL HIELO,,
01tVT00000Do7iBYAR,BAÑERA PORTÁTIL (Ø80 CM × ALTO 70 CM),,
01tVT00000Do7iCYAR,BAÑERA PORTÁTIL (Ø80 CM × ALTO 80 CM),,
01tVT00000Do7iDYAR,BAÑERA PROFESIONAL REDONDA PARA BAÑO DE HIELO (Ø90 CM × ALTO 80 CM),,
01tVT00000Do7iEYAR,BAÑERA PROFESIONAL OVALADA PARA BAÑO DE HIELO (1.5 M × 80 CM × 75 CM),,
01tVT00000Do7iFYAR,BAÑERA INFLABLE PARA BAÑO DE HIELO,,
01tVT00000Do7iGYAR,BAÑERA INFLABLE PARA BAÑO DE HIELO,,
01tVT00000Do7iHYAR,CAMA DE CARRO INFANTIL DE PIEL,,
01tVT00000Do7iIYAR,CAMA DE CARRO INFANTIL DE PIEL,,
01tVT00000Do7iJYAR,CAMA DE CARRO INFANTIL DE PIEL,,
01tVT00000Do7iKYAR,CAMA DE CARRO INFANTIL DE PIEL,,
01tVT00000Do7iLYAR,CAMA INFANTIL DE MADERA MACIZA,,
01tVT00000Do7iMYAR,CAMA INFANTIL DE MADERA MACIZA,,
01tVT00000Do7iOYAR,SILLÓN INFANTIL,,
01tVT00000Do7iPYAR,SILLÓN INFANTIL,,
01tVT00000Do7iQYAR,SILLA INFANTIL DE ESPUMA CON BASE DE MADERA,,
01tVT00000Do7iRYAR,SOFÁ INFANTIL COMPRIMIDO,,
01tVT00000Do7iSYAR,SOFÁ INFANTIL COMPRIMIDO,,
01tVT00000Do7iTYAR,SOFÁ INFANTIL COMPRIMIDO,,
01tVT00000Do7iUYAR,SOFÁ INFANTIL COMPRIMIDO,,
01tVT00000Do7iVYAR,SOFÁ INFANTIL COMPRIMIDO,,
01tVT00000Do7iWYAR,SILLA INFANTIL DE ESPUMA CON BASE DE MADERA,,
01tVT00000Do7iXYAR,SOFÁ INFANTIL COMPRIMIDO,,
01tVT00000Do7iYYAR,SILLÓN INFANTIL,,
01tVT00000Do7iZYAR,SOFÁ INFANTIL CON FORMA DE OSO,,
01tVT00000Do7iaYAB,SOFÁ INFANTIL,,
01tVT00000Do7ibYAB,SILLA MECEDORA INFANTIL,,
01tVT00000Do7icYAB,SILLA MECEDORA INFANTIL,,
01tVT00000Do7idYAB,SILLÓN TIPO TINA INFANTIL CON OTOMANA DE ALMACENAMIENTO,,
01tVT00000Do7ieYAB,SILLÓN TIPO TINA INFANTIL CON OTOMANA,,
01tVT00000Do7ifYAB,SOFÁ DE ESPUMA CON BASE DE MADERA,,
01tVT00000Do7igYAB,CAMA INFANTIL COMPRIMIDA,,
01tVT00000Do7ihYAB,CAMA INFANTIL COMPRIMIDA,,
01tVT00000Do7iiYAB,CAMA INFANTIL COMPRIMIDA,,
01tVT00000Do7ijYAB,CAMA INFLABLE INFANTIL,,
01tVT00000Do7ikYAB,BAÑERA INFLABLE INFANTIL,,
01tVT00000Do7ilYAB,CAMA INFLABLE INFANTIL,,
01tVT00000Do7imYAB,CAMA INFLABLE INFANTIL CON ALMOHADA,,
01tVT00000Do9i9YAB,CAMA INFANTIL TIPO AUTO COMPRIMIDA,,
01tVT00000Do9iAYAR,CAMA INFANTIL TIPO AUTO COMPRIMIDA,,
01tVT00000DoBVRYA3,TIENDA DE CAMPAÑA,,
01tVT00000DoBgjYAF,TIENDA DE CAMPAÑA,,
01tVT00000DoMM1YAN,SILLA PLASTICO TIPO TIFFANY,,
01tVT00000Dp5UPYAZ,PARRILLA DE CARBÓN CON AHUMADOR OFFSET,,
01tVT00000Dp9ZdYAJ,SILLA PLASTICO TIPO TIFFANY,,
01tVT00000Dp9ubYAB,SILLA PLASTICO TIPO TIFFANY,,
01tVT00000DpKd7YAF,SILLA MECEDORA RECREATIVA,,
01tVT00000DpMgXYAV,SILLA MECEDORA RECREATIVA,,
01tVT00000DsCW9YAN,MESA RESINA PLEGABLE 180 CM (3.5 cm),,
01tVT00000DsiHXYAZ,SILLA DE OFICINA,,
01tVT00000Du5vBYAR,"ENFRIADOR DE AIRE PORTÁTIL, DEPÓSITO DE 45 L",,B502008C
01tVT00000Du8ppYAB,ESTUFA DE GAS,,B202001C
01tVT00000Du917YAB,CALEFACTOR DE HABITACIÓN DE GAS Y ELECTRICIDAD 2 EN 1,,B202002C
01tVT00000DuBAzYAN,"CONTROL MANUAL DEL VENTILADOR DE TORRE DE 29""",,B101075C
01tVT00000DuBCbYAN,"VENTILADOR DE TORRE DE 29"" CON MANDO A DISTANCIA",,B101076C
01tVT00000DuBNtYAN,"VENTILADOR DE TORRE DE 46"" CON MANDO A DISTANCIA",,B101077C
01tVT00000DuBqvYAF,GAZEBO PLAYA,,G201017A
01tVT00000DuByzYAF,GAZEBO PLAYA,,G404141A
